t,toolFx,toolFy,toolFz,toolX,toolY,toolZ,toolVx,toolVy,toolVz,work,toolKE,nBroken,nFrag,detachedVol,specificEnergy,grpZ,grpVz,grpFx,grpFy,grpFz,grpSzz,eEl,eJnt,eGc,eFric,eCund,eLys
0,0,0,0,1e+09,1e+09,1e+09,0,0,0,0,0,0,2,5.45658e-06,0,0.131053,-8,0,0,0,0,0,0,0,0,0,0
5.86106e-08,0,0,0,1e+09,1e+09,1e+09,0,0,0,0,0,0,2,5.45658e-06,0,0.131052,-8,0,0,0,0.000279436,1.69993e-23,-1.37346e-24,0,0,-3.35468e-13,-1.21519e-25
1.17221e-07,0,0,0,1e+09,1e+09,1e+09,0,0,0,0,0,0,2,5.45658e-06,0,0.131052,-8,0,0,0,-0.000580194,4.9615e-23,-9.82325e-22,0,0,-7.46029e-12,-7.52527e-25
1.75832e-07,0,0,0,1e+09,1e+09,1e+09,0,0,0,0,0,0,2,5.45658e-06,0,0.131051,-8,0,0,0,-0.000230047,1.05525e-22,-4.03189e-21,0,0,-2.38672e-11,-2.08173e-24
2.34442e-07,0,0,0,1e+09,1e+09,1e+09,0,0,0,0,0,0,2,5.45658e-06,0,0.131051,-8,0,0,0,-9.426e-05,1.62031e-22,-8.62528e-21,0,0,-4.56635e-11,-4.15935e-24
2.93053e-07,0,0,0,1e+09,1e+09,1e+09,0,0,0,0,0,0,2,5.45658e-06,0,0.131051,-8,0,0,0,0.000189916,2.1671e-22,-1.37569e-20,0,0,-6.97802e-11,-7.15375e-24
3.51664e-07,0,0,0,1e+09,1e+09,1e+09,0,0,0,0,0,0,2,5.45658e-06,0,0.13105,-8,0,0,0,6.34332e-05,2.63699e-22,-1.99491e-20,0,0,-9.60643e-11,-1.13037e-23
4.10274e-07,0,0,0,1e+09,1e+09,1e+09,0,0,0,0,0,0,2,5.45658e-06,0,0.13105,-8,0,0,0,0.000216437,3.00293e-22,-2.66223e-20,0,0,-1.24335e-10,-1.67465e-23
4.68885e-07,0,0,0,1e+09,1e+09,1e+09,0,0,0,0,0,0,2,5.45658e-06,0,0.131049,-8,0,0,0,0.0005082,3.08737e-22,-3.42836e-20,0,0,-1.5483e-10,-2.37118e-23
5.27495e-07,0,0,0,1e+09,1e+09,1e+09,0,0,0,0,0,0,2,5.45658e-06,0,0.131049,-8,0,0,0,0.000657977,2.73969e-22,-4.26528e-20,0,0,-1.8691e-10,-3.20409e-23
5.86106e-07,0,0,0,1e+09,1e+09,1e+09,0,0,0,0,0,0,2,5.45658e-06,0,0.131048,-8,0,0,0,0.000786843,1.97681e-22,-5.13327e-20,0,0,-2.19862e-10,-4.15909e-23
6.44716e-07,0,0,0,1e+09,1e+09,1e+09,0,0,0,0,0,0,2,5.45658e-06,0,0.131048,-8,0,0,0,0.00138693,8.58961e-23,-6.04941e-20,0,0,-2.54171e-10,-5.17796e-23
7.03327e-07,0,0,0,1e+09,1e+09,1e+09,0,0,0,0,0,0,2,5.45658e-06,0,0.131047,-8,0,0,0,0.00146818,-5.59014e-23,-7.05594e-20,0,0,-2.89047e-10,-6.25759e-23
7.61938e-07,0,0,0,1e+09,1e+09,1e+09,0,0,0,0,0,0,2,5.45658e-06,0,0.131047,-8,0,0,0,0.00192125,-2.26522e-22,-8.08379e-20,0,0,-3.24814e-10,-7.39276e-23
8.20548e-07,0,0,0,1e+09,1e+09,1e+09,0,0,0,0,0,0,2,5.45658e-06,0,0.131046,-8,0,0,0,0.00254296,-4.19125e-22,-9.15873e-20,0,0,-3.61171e-10,-8.56714e-23
8.79159e-07,0,0,0,1e+09,1e+09,1e+09,0,0,0,0,0,0,2,5.45658e-06,0,0.131046,-8,0,0,0,0.00276012,-6.40146e-22,-1.02033e-19,0,0,-3.98487e-10,-9.78135e-23
9.37769e-07,0,0,0,1e+09,1e+09,1e+09,0,0,0,0,0,0,2,5.45658e-06,0,0.131045,-8,0,0,0,0.00318321,-8.81549e-22,-1.13732e-19,0,0,-4.36144e-10,-1.10372e-22
9.9638e-07,0,0,0,1e+09,1e+09,1e+09,0,0,0,0,0,0,2,5.45658e-06,0,0.131045,-8,0,0,0,0.00375228,-1.13429e-21,-1.253e-19,0,0,-4.73758e-10,-1.2322e-22
1.05499e-06,0,0,0,1e+09,1e+09,1e+09,0,0,0,0,0,0,2,5.45658e-06,0,0.131044,-8,0,0,0,0.00407375,-1.39893e-21,-1.36609e-19,0,0,-5.11655e-10,-1.36043e-22
1.1136e-06,0,0,0,1e+09,1e+09,1e+09,0,0,0,0,0,0,2,5.45658e-06,0,0.131044,-8,0,0,0,0.0044146,-1.65184e-21,-1.47953e-19,0,0,-5.50083e-10,-1.48666e-22
1.17221e-06,0,0,0,1e+09,1e+09,1e+09,0,0,0,0,0,0,2,5.45658e-06,0,0.131044,-8,0,0,0,0.00491179,-1.91722e-21,-1.59272e-19,0,0,-5.8855e-10,-1.61359e-22
1.23082e-06,0,0,0,1e+09,1e+09,1e+09,0,0,0,0,0,0,2,5.45658e-06,0,0.131043,-8,0,0,0,0.00538946,-2.14549e-21,-1.70909e-19,0,0,-6.27319e-10,-1.73933e-22
1.28943e-06,0,0,0,1e+09,1e+09,1e+09,0,0,0,0,0,0,2,5.45658e-06,0,0.131043,-8,0,0,0,0.00589668,-2.38797e-21,-1.82629e-19,0,0,-6.66609e-10,-1.86447e-22
1.34804e-06,0,0,0,1e+09,1e+09,1e+09,0,0,0,0,0,0,2,5.45658e-06,0,0.131042,-8,0,0,0,0.00640183,-2.60604e-21,-1.94363e-19,0,0,-7.06152e-10,-1.98703e-22
1.40665e-06,0,0,0,1e+09,1e+09,1e+09,0,0,0,0,0,0,2,5.45658e-06,0,0.131042,-8,0,0,0,0.00673683,-2.78736e-21,-2.06298e-19,0,0,-7.46028e-10,-2.10981e-22
1.46526e-06,0,0,0,1e+09,1e+09,1e+09,0,0,0,0,0,0,2,5.45658e-06,0,0.131041,-8,0,0,0,0.0070415,-2.96796e-21,-2.18133e-19,0,0,-7.85546e-10,-2.23033e-22
1.52388e-06,0,0,0,1e+09,1e+09,1e+09,0,0,0,0,0,0,2,5.45658e-06,0,0.131041,-8,0,0,0,0.00758448,-3.1514e-21,-2.30515e-19,0,0,-8.25321e-10,-2.34895e-22
1.58249e-06,0,0,0,1e+09,1e+09,1e+09,0,0,0,0,0,0,2,5.45658e-06,0,0.13104,-8,0,0,0,0.00792723,-3.32159e-21,-2.42797e-19,0,0,-8.65354e-10,-2.46546e-22
1.6411e-06,0,0,0,1e+09,1e+09,1e+09,0,0,0,0,0,0,2,5.45658e-06,0,0.13104,-8,0,0,0,0.00840947,-3.44472e-21,-2.54769e-19,0,0,-9.05802e-10,-2.58071e-22
1.69971e-06,0,0,0,1e+09,1e+09,1e+09,0,0,0,0,0,0,2,5.45658e-06,0,0.131039,-8,0,0,0,0.00872985,-3.56541e-21,-2.67295e-19,0,0,-9.47002e-10,-2.69422e-22
1.75832e-06,0,0,0,1e+09,1e+09,1e+09,0,0,0,0,0,0,2,5.45658e-06,0,0.131039,-8,0,0,0,0.00930667,-3.6826e-21,-2.79668e-19,0,0,-9.88281e-10,-2.80579e-22
1.81693e-06,0,0,0,1e+09,1e+09,1e+09,0,0,0,0,0,0,2,5.45658e-06,0,0.131038,-8,0,0,0,0.00951535,-3.77033e-21,-2.9274e-19,0,0,-1.02992e-09,-2.91644e-22
1.87554e-06,0,0,0,1e+09,1e+09,1e+09,0,0,0,0,0,0,2,5.45658e-06,0,0.131038,-8,0,0,0,0.00980766,-3.84769e-21,-3.05524e-19,0,0,-1.07229e-09,-3.02523e-22
1.93415e-06,0,0,0,1e+09,1e+09,1e+09,0,0,0,0,0,0,2,5.45658e-06,0,0.131037,-8,0,0,0,0.0102811,-3.92688e-21,-3.18467e-19,0,0,-1.11495e-09,-3.13346e-22
1.99276e-06,0,0,0,1e+09,1e+09,1e+09,0,0,0,0,0,0,2,5.45658e-06,0,0.131037,-8,0,0,0,0.0110195,-3.98478e-21,-3.31111e-19,0,0,-1.15732e-09,-3.24097e-22
2.05137e-06,0,0,0,1e+09,1e+09,1e+09,0,0,0,0,0,0,2,5.45658e-06,0,0.131036,-8,0,0,0,0.0109716,-3.99494e-21,-3.44288e-19,0,0,-1.19982e-09,-3.34977e-22
2.10998e-06,0,0,0,1e+09,1e+09,1e+09,0,0,0,0,0,0,2,5.45658e-06,0,0.131036,-8,0,0,0,0.0115465,-4.01495e-21,-3.57196e-19,0,0,-1.24172e-09,-3.45786e-22
2.16859e-06,0,0,0,1e+09,1e+09,1e+09,0,0,0,0,0,0,2,5.45658e-06,0,0.131036,-8,0,0,0,0.0118232,-4.02026e-21,-3.69601e-19,0,0,-1.28353e-09,-3.56392e-22
2.2272e-06,0,0,0,1e+09,1e+09,1e+09,0,0,0,0,0,0,2,5.45658e-06,0,0.131035,-8,0,0,0,0.0121315,-4.07187e-21,-3.82407e-19,0,0,-1.32483e-09,-3.67089e-22
2.28581e-06,0,0,0,1e+09,1e+09,1e+09,0,0,0,0,0,0,2,5.45658e-06,0,0.131035,-8,0,0,0,0.0127395,-4.10205e-21,-3.95169e-19,0,0,-1.36613e-09,-3.7768e-22
2.34442e-06,0,0,0,1e+09,1e+09,1e+09,0,0,0,0,0,0,2,5.45658e-06,0,0.131034,-8,0,0,0,0.012869,-4.10939e-21,-4.07637e-19,0,0,-1.40742e-09,-3.88261e-22
2.40303e-06,0,0,0,1e+09,1e+09,1e+09,0,0,0,0,0,0,2,5.45658e-06,0,0.131034,-8,0,0,0,0.0132049,-4.1256e-21,-4.19867e-19,0,0,-1.44867e-09,-3.98874e-22
2.46164e-06,0,0,0,1e+09,1e+09,1e+09,0,0,0,0,0,0,2,5.45658e-06,0,0.131033,-8,0,0,0,0.0135198,-4.15502e-21,-4.3226e-19,0,0,-1.48965e-09,-4.09362e-22
2.52026e-06,0,0,0,1e+09,1e+09,1e+09,0,0,0,0,0,0,2,5.45658e-06,0,0.131033,-8,0,0,0,0.0137761,-4.16921e-21,-4.4427e-19,0,0,-1.53085e-09,-4.1992e-22
2.57887e-06,0,0,0,1e+09,1e+09,1e+09,0,0,0,0,0,0,2,5.45658e-06,0,0.131032,-8,0,0,0,0.0139208,-4.15741e-21,-4.56777e-19,0,0,-1.57301e-09,-4.30401e-22
2.63748e-06,0,0,0,1e+09,1e+09,1e+09,0,0,0,0,0,0,2,5.45658e-06,0,0.131032,-8,0,0,0,0.0144421,-4.18074e-21,-4.69542e-19,0,0,-1.61557e-09,-4.4081e-22
2.69609e-06,0,0,0,1e+09,1e+09,1e+09,0,0,0,0,0,0,2,5.45658e-06,0,0.131031,-8,0,0,0,0.0145067,-4.2016e-21,-4.81774e-19,0,0,-1.65838e-09,-4.51212e-22
2.7547e-06,0,0,0,1e+09,1e+09,1e+09,0,0,0,0,0,0,2,5.45658e-06,0,0.131031,-8,0,0,0,0.0147135,-4.23247e-21,-4.94655e-19,0,0,-1.70208e-09,-4.615e-22
2.81331e-06,0,0,0,1e+09,1e+09,1e+09,0,0,0,0,0,0,2,5.45658e-06,0,0.13103,-8,0,0,0,0.0146991,-4.24907e-21,-5.07388e-19,0,0,-1.74635e-09,-4.71749e-22
2.87192e-06,0,0,0,1e+09,1e+09,1e+09,0,0,0,0,0,0,2,5.45658e-06,0,0.13103,-8,0,0,0,0.0147144,-4.25445e-21,-5.20647e-19,0,0,-1.79165e-09,-4.82042e-22
2.93053e-06,0,0,0,1e+09,1e+09,1e+09,0,0,0,0,0,0,2,5.45658e-06,0,0.131029,-8,0,0,0,0.0149992,-4.3103e-21,-5.33531e-19,0,0,-1.83766e-09,-4.92296e-22
2.98914e-06,0,0,0,1e+09,1e+09,1e+09,0,0,0,0,0,0,2,5.45658e-06,0,0.131029,-8,0,0,0,0.0151799,-4.36032e-21,-5.4765e-19,0,0,-1.88455e-09,-5.02687e-22
3.04775e-06,0,0,0,1e+09,1e+09,1e+09,0,0,0,0,0,0,2,5.45658e-06,0,0.131029,-8,0,0,0,0.0153488,-4.40658e-21,-5.60811e-19,0,0,-1.93231e-09,-5.13096e-22
3.10636e-06,0,0,0,1e+09,1e+09,1e+09,0,0,0,0,0,0,2,5.45658e-06,0,0.131028,-8,0,0,0,0.0155334,-4.45825e-21,-5.74488e-19,0,0,-1.98124e-09,-5.23472e-22
3.16497e-06,0,0,0,1e+09,1e+09,1e+09,0,0,0,0,0,0,2,5.45658e-06,0,0.131028,-8,0,0,0,0.0152047,-4.51391e-21,-5.88712e-19,0,0,-2.0315e-09,-5.33789e-22
3.22358e-06,0,0,0,1e+09,1e+09,1e+09,0,0,0,0,0,0,2,5.45658e-06,0,0.131027,-8,0,0,0,0.0154235,-4.5659e-21,-6.03047e-19,0,0,-2.08216e-09,-5.44125e-22
3.28219e-06,0,0,0,1e+09,1e+09,1e+09,0,0,0,0,0,0,2,5.45658e-06,0,0.131027,-8,0,0,0,0.0152759,-4.60079e-21,-6.16897e-19,0,0,-2.13351e-09,-5.54483e-22
3.3408e-06,0,0,0,1e+09,1e+09,1e+09,0,0,0,0,0,0,2,5.45658e-06,0,0.131026,-8,0,0,0,0.0152913,-4.62984e-21,-6.31105e-19,0,0,-2.18433e-09,-5.64765e-22
3.39941e-06,0,0,0,1e+09,1e+09,1e+09,0,0,0,0,0,0,2,5.45658e-06,0,0.131026,-8,0,0,0,0.0150064,-4.64995e-21,-6.45143e-19,0,0,-2.23513e-09,-5.75187e-22
3.45802e-06,0,0,0,1e+09,1e+09,1e+09,0,0,0,0,0,0,2,5.45658e-06,0,0.131025,-8,0,0,0,0.0150006,-4.64637e-21,-6.59288e-19,0,0,-2.28518e-09,-5.85616e-22
3.51664e-06,0,0,0,1e+09,1e+09,1e+09,0,0,0,0,0,0,2,5.45658e-06,0,0.131025,-8,0,0,0,0.0143905,-4.64524e-21,-6.73178e-19,0,0,-2.33422e-09,-5.96057e-22
3.57525e-06,0,0,0,1e+09,1e+09,1e+09,0,0,0,0,0,0,2,5.45658e-06,0,0.131024,-8,0,0,0,0.0142142,-4.63556e-21,-6.86563e-19,0,0,-2.38202e-09,-6.06514e-22
3.63386e-06,0,0,0,1e+09,1e+09,1e+09,0,0,0,0,0,0,2,5.45658e-06,0,0.131024,-8,0,0,0,0.0137513,-4.58382e-21,-6.9997e-19,0,0,-2.42968e-09,-6.16956e-22
3.69247e-06,0,0,0,1e+09,1e+09,1e+09,0,0,0,0,0,0,2,5.45658e-06,0,0.131023,-8,0,0,0,0.0132211,-4.54272e-21,-7.12956e-19,0,0,-2.47649e-09,-6.27339e-22
3.75108e-06,0,0,0,1e+09,1e+09,1e+09,0,0,0,0,0,0,2,5.45658e-06,0,0.131023,-8,0,0,0,0.0125774,-4.51822e-21,-7.25359e-19,0,0,-2.52394e-09,-6.37803e-22
3.80969e-06,0,0,0,1e+09,1e+09,1e+09,0,0,0,0,0,0,2,5.45658e-06,0,0.131022,-8,0,0,0,0.0119796,-4.51888e-21,-7.3839e-19,0,0,-2.57163e-09,-6.48282e-22
3.8683e-06,0,0,0,1e+09,1e+09,1e+09,0,0,0,0,0,0,2,5.45658e-06,0,0.131022,-8,0,0,0,0.0113364,-4.508e-21,-7.51189e-19,0,0,-2.62014e-09,-6.58772e-22
3.92691e-06,0,0,0,1e+09,1e+09,1e+09,0,0,0,0,0,0,2,5.45658e-06,0,0.131021,-8,0,0,0,0.0105489,-4.50099e-21,-7.64665e-19,0,0,-2.66918e-09,-6.69133e-22
3.98552e-06,0,0,0,1e+09,1e+09,1e+09,0,0,0,0,0,0,2,5.45658e-06,0,0.131021,-8,0,0,0,0.00971308,-4.50764e-21,-7.77572e-19,0,0,-2.71921e-09,-6.79557e-22
4.04413e-06,0,0,0,1e+09,1e+09,1e+09,0,0,0,0,0,0,2,5.45658e-06,0,0.131021,-8,0,0,0,0.0090495,-4.54444e-21,-7.91159e-19,0,0,-2.77039e-09,-6.89925e-22
4.10274e-06,0,0,0,1e+09,1e+09,1e+09,0,0,0,0,0,0,2,5.45658e-06,0,0.13102,-8,0,0,0,0.00827072,-4.60812e-21,-8.04719e-19,0,0,-2.82193e-09,-7.00305e-22
4.16135e-06,0,0,0,1e+09,1e+09,1e+09,0,0,0,0,0,0,2,5.45658e-06,0,0.13102,-8,0,0,0,0.0073793,-4.69523e-21,-8.1836e-19,0,0,-2.87358e-09,-7.10623e-22
4.21996e-06,0,0,0,1e+09,1e+09,1e+09,0,0,0,0,0,0,2,5.45658e-06,0,0.131019,-8,0,0,0,0.00655854,-4.77363e-21,-8.32425e-19,0,0,-2.92517e-09,-7.20985e-22
4.27857e-06,0,0,0,1e+09,1e+09,1e+09,0,0,0,0,0,0,2,5.45658e-06,0,0.131019,-8,0,0,0,0.00610704,-4.86408e-21,-8.459e-19,0,0,-2.97749e-09,-7.31375e-22
4.33718e-06,0,0,0,1e+09,1e+09,1e+09,0,0,0,0,0,0,2,5.45658e-06,0,0.131018,-8,0,0,0,0.00514398,-4.95685e-21,-8.6016e-19,0,0,-3.0299e-09,-7.41809e-22
4.39579e-06,0,0,0,1e+09,1e+09,1e+09,0,0,0,0,0,0,2,5.45658e-06,0,0.131018,-8,0,0,0,0.00458564,-5.0633e-21,-8.74355e-19,0,0,-3.08186e-09,-7.52239e-22
4.4544e-06,0,0,0,1e+09,1e+09,1e+09,0,0,0,0,0,0,2,5.45658e-06,0,0.131017,-8,0,0,0,0.00373373,-5.08963e-21,-8.88622e-19,0,0,-3.13351e-09,-7.62683e-22
4.51301e-06,0,0,0,1e+09,1e+09,1e+09,0,0,0,0,0,0,2,5.45658e-06,0,0.131017,-8,0,0,0,0.00317886,-5.15953e-21,-9.03081e-19,0,0,-3.18463e-09,-7.73237e-22
4.57163e-06,0,0,0,1e+09,1e+09,1e+09,0,0,0,0,0,0,2,5.45658e-06,0,0.131016,-8,0,0,0,0.00271761,-5.20147e-21,-9.16968e-19,0,0,-3.23514e-09,-7.83772e-22
4.63024e-06,0,0,0,1e+09,1e+09,1e+09,0,0,0,0,0,0,2,5.45658e-06,0,0.131016,-8,0,0,0,0.00206636,-5.22721e-21,-9.30548e-19,0,0,-3.28503e-09,-7.94266e-22
4.68885e-06,0,0,0,1e+09,1e+09,1e+09,0,0,0,0,0,0,2,5.45658e-06,0,0.131015,-8,0,0,0,0.00177692,-5.26818e-21,-9.44257e-19,0,0,-3.33405e-09,-8.04718e-22
4.74746e-06,0,0,0,1e+09,1e+09,1e+09,0,0,0,0,0,0,2,5.45658e-06,0,0.131015,-8,0,0,0,0.00149223,-5.30144e-21,-9.57753e-19,0,0,-3.38212e-09,-8.15065e-22
4.80607e-06,0,0,0,1e+09,1e+09,1e+09,0,0,0,0,0,0,2,5.45658e-06,0,0.131014,-8,0,0,0,0.000758864,-5.31942e-21,-9.71085e-19,0,0,-3.42921e-09,-8.25508e-22
4.86468e-06,0,0,0,1e+09,1e+09,1e+09,0,0,0,0,0,0,2,5.45658e-06,0,0.131014,-8,0,0,0,0.000640804,-5.33094e-21,-9.84396e-19,0,0,-3.47566e-09,-8.35951e-22
4.92329e-06,0,0,0,1e+09,1e+09,1e+09,0,0,0,0,0,0,2,5.45658e-06,0,0.131014,-8,0,0,0,0.000418532,-5.32904e-21,-9.96969e-19,0,0,-3.52063e-09,-8.46446e-22
4.9819e-06,0,0,0,1e+09,1e+09,1e+09,0,0,0,0,0,0,2,5.45658e-06,0,0.131013,-8,0,0,0,0.000136005,-5.34842e-21,-1.00946e-18,0,0,-3.56558e-09,-8.56921e-22
5.04051e-06,0,0,0,1e+09,1e+09,1e+09,0,0,0,0,0,0,2,5.45658e-06,0,0.131013,-8,0,0,0,0.000156115,-5.33838e-21,-1.02182e-18,0,0,-3.61033e-09,-8.67338e-22
5.09912e-06,0,0,0,1e+09,1e+09,1e+09,0,0,0,0,0,0,2,5.45658e-06,0,0.131012,-8,0,0,0,0.000121777,-5.32301e-21,-1.03426e-18,0,0,-3.65516e-09,-8.77836e-22
5.15773e-06,0,0,0,1e+09,1e+09,1e+09,0,0,0,0,0,0,2,5.45658e-06,0,0.131012,-8,0,0,0,-6.85107e-05,-5.3382e-21,-1.04641e-18,0,0,-3.7001e-09,-8.88361e-22
5.21634e-06,0,0,0,1e+09,1e+09,1e+09,0,0,0,0,0,0,2,5.45658e-06,0,0.131011,-8,0,0,0,-0.000187744,-5.33212e-21,-1.05891e-18,0,0,-3.74484e-09,-8.98858e-22
5.27495e-06,0,0,0,1e+09,1e+09,1e+09,0,0,0,0,0,0,2,5.45658e-06,0,0.131011,-8,0,0,0,-0.000115665,-5.32472e-21,-1.07151e-18,0,0,-3.79003e-09,-9.09271e-22
5.33356e-06,0,0,0,1e+09,1e+09,1e+09,0,0,0,0,0,0,2,5.45658e-06,0,0.13101,-8,0,0,0,-0.000101892,-5.34643e-21,-1.08407e-18,0,0,-3.83486e-09,-9.19762e-22
5.39217e-06,0,0,0,1e+09,1e+09,1e+09,0,0,0,0,0,0,2,5.45658e-06,0,0.13101,-8,0,0,0,-5.79201e-05,-5.35879e-21,-1.09655e-18,0,0,-3.87937e-09,-9.3027e-22
5.45078e-06,0,0,0,1e+09,1e+09,1e+09,0,0,0,0,0,0,2,5.45658e-06,0,0.131009,-8,0,0,0,9.22429e-05,-5.37479e-21,-1.10897e-18,0,0,-3.92376e-09,-9.4094e-22
5.50939e-06,0,0,0,1e+09,1e+09,1e+09,0,0,0,0,0,0,2,5.45658e-06,0,0.131009,-8,0,0,0,-7.43659e-05,-5.37877e-21,-1.12097e-18,0,0,-3.96732e-09,-9.51505e-22
5.56801e-06,0,0,0,1e+09,1e+09,1e+09,0,0,0,0,0,0,2,5.45658e-06,0,0.131008,-8,0,0,0,0.000123663,-5.41048e-21,-1.13344e-18,0,0,-4.01047e-09,-9.62002e-22
5.62662e-06,0,0,0,1e+09,1e+09,1e+09,0,0,0,0,0,0,2,5.45658e-06,0,0.131008,-8,0,0,0,0.000343855,-5.44978e-21,-1.14554e-18,0,0,-4.05357e-09,-9.72531e-22
5.68523e-06,0,0,0,1e+09,1e+09,1e+09,0,0,0,0,0,0,2,5.45658e-06,0,0.131007,-8,0,0,0,0.00072483,-5.5029e-21,-1.15815e-18,0,0,-4.09624e-09,-9.83144e-22
5.74384e-06,0,0,0,1e+09,1e+09,1e+09,0,0,0,0,0,0,2,5.45658e-06,0,0.131007,-8,0,0,0,0.000691439,-5.53484e-21,-1.16977e-18,0,0,-4.13856e-09,-9.93698e-22
5.80245e-06,0,0,0,1e+09,1e+09,1e+09,0,0,0,0,0,0,2,5.45658e-06,0,0.131006,-8,0,0,0,0.000890318,-5.56311e-21,-1.18168e-18,0,0,-4.18122e-09,-1.0043e-21
5.86106e-06,0,0,0,1e+09,1e+09,1e+09,0,0,0,0,0,0,2,5.45658e-06,0,0.131006,-8,0,0,0,0.00123801,-5.60591e-21,-1.19432e-18,0,0,-4.22407e-09,-1.01487e-21
5.91967e-06,0,0,0,1e+09,1e+09,1e+09,0,0,0,0,0,0,2,5.45658e-06,0,0.131006,-8,0,0,0,0.00136289,-5.66616e-21,-1.20665e-18,0,0,-4.26724e-09,-1.02536e-21
5.97828e-06,0,0,0,1e+09,1e+09,1e+09,0,0,0,0,0,0,2,5.45658e-06,0,0.131005,-8,0,0,0,0.00176463,-5.73294e-21,-1.21907e-18,0,0,-4.31059e-09,-1.03582e-21
6.03689e-06,0,0,0,1e+09,1e+09,1e+09,0,0,0,0,0,0,2,5.45658e-06,0,0.131005,-8,0,0,0,0.00194167,-5.81625e-21,-1.23169e-18,0,0,-4.35427e-09,-1.0464e-21
6.0955e-06,0,0,0,1e+09,1e+09,1e+09,0,0,0,0,0,0,2,5.45658e-06,0,0.131004,-8,0,0,0,0.00246452,-5.91568e-21,-1.2448e-18,0,0,-4.39895e-09,-1.05695e-21
6.15411e-06,0,0,0,1e+09,1e+09,1e+09,0,0,0,0,0,0,2,5.45658e-06,0,0.131004,-8,0,0,0,0.00293689,-6.06271e-21,-1.25861e-18,0,0,-4.44409e-09,-1.06748e-21
6.21272e-06,0,0,0,1e+09,1e+09,1e+09,0,0,0,0,0,0,2,5.45658e-06,0,0.131003,-8,0,0,0,0.00338648,-6.2245e-21,-1.2727e-18,0,0,-4.48958e-09,-1.07801e-21
6.27133e-06,0,0,0,1e+09,1e+09,1e+09,0,0,0,0,0,0,2,5.45658e-06,0,0.131003,-8,-2.61577e-06,1.06397e-05,8.7303e-05,0.00379541,-6.39023e-21,-1.28626e-18,-3.22783e-12,-2.53719e-19,-4.53704e-09,-1.08844e-21
6.32994e-06,0,0,0,1e+09,1e+09,1e+09,0,0,0,0,0,0,2,5.45658e-06,0,0.131002,-8,3.02665e-06,2.05755e-05,0.00832277,-0.00333345,-1.64442e-18,-1.21036e-16,-1.36784e-09,-5.42426e-19,-4.65389e-09,-1.09898e-21
6.38855e-06,0,0,0,1e+09,1e+09,1e+09,0,0,0,0,0,0,2,5.45658e-06,0,0.131002,-8,-8.01514e-06,-1.98533e-06,0.0454701,-0.213542,-3.56824e-16,-1.33536e-14,-1.28386e-08,-4.66809e-19,-5.28131e-09,-1.10937e-21
6.44716e-06,0,0,0,1e+09,1e+09,1e+09,0,0,0,0,0,0,2,5.45658e-06,0,0.131001,-8,-5.87871e-05,-7.61237e-05,0.133491,-1.50787,-1.13891e-14,-2.51534e-13,-5.33652e-08,-3.26787e-18,-7.38348e-09,-1.11981e-21
6.50577e-06,0,0,0,1e+09,1e+09,1e+09,0,0,0,0,0,0,2,5.45658e-06,0,0.131001,-8,-0.000177504,-0.000252096,0.294343,-5.9292,-1.44134e-13,-1.96817e-12,-1.52191e-07,-2.90414e-17,-1.24686e-08,-1.13032e-21
6.56439e-06,0,0,0,1e+09,1e+09,1e+09,0,0,0,0,0,0,2,5.45658e-06,0,0.131,-8,-0.000349212,-0.000580345,0.549972,-17.1784,-1.05775e-12,-9.20868e-12,-3.48846e-07,-1.41661e-16,-2.25968e-08,-1.14086e-21
6.623e-06,0,0,0,1e+09,1e+09,1e+09,0,0,0,0,0,0,2,5.45658e-06,0,0.131,-8,-0.000540241,-0.00123379,0.922307,-41.0388,-5.41123e-12,-3.14889e-11,-6.93127e-07,-5.74737e-16,-4.03799e-08,-1.15142e-21
6.68161e-06,0,0,0,1e+09,1e+09,1e+09,0,0,0,0,0,0,2,5.45658e-06,0,0.130999,-8,-0.000757305,-0.00258979,1.43325,-85.7774,-2.13995e-11,-8.75868e-11,-1.24508e-06,-2.31309e-15,-6.89559e-08,-1.162e-21
6.74022e-06,0,0,0,1e+09,1e+09,1e+09,0,0,0,0,0,0,2,5.45658e-06,0,0.130999,-8,-0.00102493,-0.00522673,2.10465,-162.412,-6.97193e-11,-2.10105e-10,-2.07494e-06,-8.87969e-15,-1.11989e-07,-1.1726e-21
6.79883e-06,0,0,0,1e+09,1e+09,1e+09,0,0,0,0,0,0,2,5.45658e-06,0,0.130998,-7.99999,-0.00129976,-0.0098483,2.95834,-284.888,-1.95248e-10,-4.49505e-10,-3.26313e-06,-3.03488e-14,-1.737e-07,-1.18321e-21
6.85744e-06,0,0,0,1e+09,1e+09,1e+09,0,0,0,0,0,0,2,5.45658e-06,0,0.130998,-7.99999,-0.001447,-0.0172907,4.01604,-470.109,-4.84279e-10,-8.76954e-10,-4.90014e-06,-9.12213e-14,-2.58822e-07,-1.1938e-21
6.91605e-06,0,0,0,1e+09,1e+09,1e+09,0,0,0,0,0,0,2,5.45658e-06,0,0.130998,-7.99999,-0.00127474,-0.0284813,5.29941,-737.826,-1.08747e-09,-1.58684e-09,-7.08647e-06,-2.43437e-13,-3.72434e-07,-1.20444e-21
6.97466e-06,0,0,0,1e+09,1e+09,1e+09,0,0,0,0,0,0,2,5.45658e-06,0,0.130997,-7.99998,-0.000537911,-0.0443779,6.83002,-1110.39,-2.24796e-09,-2.70202e-09,-9.93256e-06,-5.84696e-13,-5.20017e-07,-1.21502e-21
7.03327e-06,0,0,0,1e+09,1e+09,1e+09,0,0,0,0,0,0,2,5.45658e-06,0,0.130997,-7.99998,0.00105398,-0.0658286,8.6293,-1612.36,-4.33366e-09,-4.38503e-09,-1.35586e-05,-1.27821e-12,-7.08e-07,-1.22559e-21
7.09188e-06,0,0,0,1e+09,1e+09,1e+09,0,0,0,0,0,0,2,5.45658e-06,0,0.130996,-7.99997,0.00383345,-0.0933834,10.7186,-2270.17,-7.87291e-09,-6.85508e-09,-1.80945e-05,-2.56363e-12,-9.43451e-07,-1.23618e-21
7.15049e-06,0,0,0,1e+09,1e+09,1e+09,0,0,0,0,0,0,2,5.45658e-06,0,0.130996,-7.99996,0.0081128,-0.1271,13.1189,-3111.63,-1.3593e-08,-1.04037e-08,-2.36796e-05,-4.74518e-12,-1.23355e-06,-1.24679e-21
7.2091e-06,0,0,0,1e+09,1e+09,1e+09,0,0,0,0,0,0,2,5.45658e-06,0,0.130995,-7.99995,0.0141747,-0.166452,15.8514,-4165.56,-2.24616e-08,-1.53996e-08,-3.04626e-05,-8.14965e-12,-1.58577e-06,-1.25744e-21
7.26771e-06,0,0,0,1e+09,1e+09,1e+09,0,0,0,0,0,0,2,5.45658e-06,0,0.130995,-7.99994,0.0221883,-0.210294,18.9367,-5461.48,-3.57336e-08,-2.22856e-08,-3.86013e-05,-1.30525e-11,-2.0079e-06,-1.26812e-21
7.32632e-06,0,0,0,1e+09,1e+09,1e+09,0,0,0,0,0,0,2,5.45658e-06,0,0.130994,-7.99992,0.032143,-0.256931,22.3954,-7029.54,-5.5004e-08,-3.15814e-08,-4.82625e-05,-1.95886e-11,-2.50825e-06,-1.27874e-21
7.38493e-06,0,0,0,1e+09,1e+09,1e+09,0,0,0,0,0,0,2,5.45658e-06,0,0.130994,-7.9999,0.0438606,-0.304226,26.2478,-8900.54,-8.22711e-08,-4.38973e-08,-5.96218e-05,-2.76685e-11,-3.09716e-06,-1.28939e-21
7.44354e-06,0,0,0,1e+09,1e+09,1e+09,0,0,0,0,0,0,2,5.45658e-06,0,0.130993,-7.99988,0.0571382,-0.349704,30.5141,-11106.1,-1.20012e-07,-5.99492e-08,-7.28631e-05,-3.69234e-11,-3.7848e-06,-1.3e-21
7.50215e-06,0,0,0,1e+09,1e+09,1e+09,0,0,0,0,0,0,2,5.45658e-06,0,0.130993,-7.99985,0.0718042,-0.390739,35.2139,-13679.1,-1.71272e-07,-8.057e-08,-8.81784e-05,-4.67114e-11,-4.5808e-06,-1.31063e-21
7.56077e-06,0,0,0,1e+09,1e+09,1e+09,0,0,0,0,0,0,2,5.45658e-06,0,0.130992,-7.99982,0.0877278,-0.424849,40.3667,-16653.6,-2.39768e-07,-1.06722e-07,-0.000105768,-5.62179e-11,-5.49522e-06,-1.32123e-21
7.61938e-06,0,0,0,1e+09,1e+09,1e+09,0,0,0,0,0,0,2,5.45658e-06,0,0.130992,-7.99979,0.1048,-0.449955,45.9916,-20065.6,-3.30015e-07,-1.39524e-07,-0.000125838,-6.46173e-11,-6.53893e-06,-1.33186e-21
7.67799e-06,0,0,0,1e+09,1e+09,1e+09,0,0,0,0,0,0,2,5.45658e-06,0,0.130991,-7.99975,0.123057,-0.464402,52.1074,-23953.2,-4.47458e-07,-1.80285e-07,-0.000148604,-7.12165e-11,-7.72298e-06,-1.3425e-21
7.7366e-06,0,0,0,1e+09,1e+09,1e+09,0,0,0,0,0,0,2,5.45658e-06,0,0.130991,-7.99971,0.142742,-0.466934,58.7322,-28357.1,-5.98626e-07,-2.30535e-07,-0.000174286,-7.55817e-11,-9.05863e-06,-1.35315e-21
7.79521e-06,0,0,0,1e+09,1e+09,1e+09,0,0,0,0,0,0,2,5.45658e-06,0,0.130991,-7.99966,0.164301,-0.456698,65.884,-33320,-7.91295e-07,-2.9202e-07,-0.000203113,-7.76507e-11,-1.05565e-05,-1.36378e-21
7.85382e-06,0,0,0,1e+09,1e+09,1e+09,0,0,0,0,0,0,2,5.45658e-06,0,0.13099,-7.99961,0.18831,-0.433289,73.5801,-38887.2,-1.03466e-06,-3.6668e-07,-0.000235315,-7.78133e-11,-1.22274e-05,-1.37457e-21
7.91243e-06,0,0,0,1e+09,1e+09,1e+09,0,0,0,0,0,0,2,5.45658e-06,0,0.13099,-7.99954,0.2154,-0.396691,81.8374,-45106,-1.33954e-06,-4.56625e-07,-0.000271133,-7.69285e-11,-1.40827e-05,-1.38522e-21
7.97104e-06,0,0,0,1e+09,1e+09,1e+09,0,0,0,0,0,0,2,5.45658e-06,0,0.130989,-7.99948,0.246168,-0.34712,90.6724,-52025.8,-1.71854e-06,-5.64158e-07,-0.000310809,-7.62721e-11,-1.61347e-05,-1.39568e-21
8.02965e-06,0,0,0,1e+09,1e+09,1e+09,0,0,0,0,0,0,2,5.45658e-06,0,0.130989,-7.9994,0.281098,-0.284782,100.101,-59697.6,-2.18626e-06,-6.91826e-07,-0.00035459,-7.74657e-11,-1.83997e-05,-1.40624e-21
8.08826e-06,0,0,0,1e+09,1e+09,1e+09,0,0,0,0,0,0,2,5.45658e-06,0,0.130988,-7.99932,0.320432,-0.209788,110.138,-68173.7,-2.75955e-06,-8.425e-07,-0.000402728,-8.24307e-11,-2.08955e-05,-1.41686e-21
8.14687e-06,0,0,0,1e+09,1e+09,1e+09,0,0,0,0,0,0,2,5.45658e-06,0,0.130988,-7.99923,0.364068,-0.122144,120.799,-77507.4,-3.45763e-06,-1.0194e-06,-0.000455476,-9.33628e-11,-2.36368e-05,-1.42747e-21
8.20548e-06,0,0,0,1e+09,1e+09,1e+09,0,0,0,0,0,0,2,5.45658e-06,0,0.130987,-7.99913,0.411473,-0.0216646,132.097,-87752.9,-4.30241e-06,-1.22604e-06,-0.000513094,-1.12698e-10,-2.66382e-05,-1.43811e-21
8.26409e-06,0,0,0,1e+09,1e+09,1e+09,0,0,0,0,0,0,2,5.45658e-06,0,0.130987,-7.99902,0.461708,0.0921803,144.046,-98965.1,-5.31859e-06,-1.46625e-06,-0.000575838,-1.43119e-10,-2.99147e-05,-1.44878e-21
8.3227e-06,0,0,0,1e+09,1e+09,1e+09,0,0,0,0,0,0,2,5.45658e-06,0,0.130986,-7.99891,0.513564,0.220196,156.659,-111199,-6.53395e-06,-1.7442e-06,-0.000643972,-1.87656e-10,-3.34837e-05,-1.45939e-21
8.38131e-06,0,0,0,1e+09,1e+09,1e+09,0,0,0,0,0,0,2,5.45658e-06,0,0.130986,-7.99878,0.565858,0.3633,169.948,-124512,-7.97953e-06,-2.06445e-06,-0.000717757,-2.49847e-10,-3.73621e-05,-1.47002e-21
8.43992e-06,0,0,0,1e+09,1e+09,1e+09,0,0,0,0,0,0,2,5.45658e-06,0,0.130985,-7.99864,0.617704,0.522457,183.925,-138960,-9.68979e-06,-2.43197e-06,-0.000797457,-3.33923e-10,-4.15665e-05,-1.48069e-21
8.49853e-06,0,0,0,1e+09,1e+09,1e+09,0,0,0,0,0,0,2,5.45658e-06,0,0.130985,-7.99849,0.668692,0.698537,198.6,-154600,-1.17029e-05,-2.85197e-06,-0.000883334,-4.44964e-10,-4.61141e-05,-1.4914e-21
8.55715e-06,0,0,0,1e+09,1e+09,1e+09,0,0,0,0,0,0,2,5.45658e-06,0,0.130984,-7.99833,0.719027,0.892027,213.984,-171491,-1.40607e-05,-3.32991e-06,-0.000975652,-5.88919e-10,-5.10224e-05,-1.50214e-21
8.61576e-06,0,0,0,1e+09,1e+09,1e+09,0,0,0,0,0,0,2,5.45658e-06,0,0.130984,-7.99816,0.769598,1.10282,230.087,-189692,-1.68094e-05,-3.87164e-06,-0.00107467,-7.7246e-10,-5.63091e-05,-1.51288e-21
8.67437e-06,0,0,0,1e+09,1e+09,1e+09,0,0,0,0,0,0,2,5.45658e-06,0,0.130983,-7.99797,0.821883,1.33033,246.918,-209264,-1.9999e-05,-4.48353e-06,-0.00118066,-1.00282e-09,-6.19924e-05,-1.52343e-21
8.73298e-06,0,0,0,1e+09,1e+09,1e+09,0,0,0,0,0,0,2,5.45658e-06,0,0.130983,-7.99778,0.877781,1.57388,264.484,-230267,-2.36842e-05,-5.17252e-06,-0.00129387,-1.28774e-09,-6.80906e-05,-1.53403e-21
8.79159e-06,0,0,0,1e+09,1e+09,1e+09,0,0,0,0,0,0,2,5.45658e-06,0,0.130983,-7.99756,0.939352,1.8328,282.794,-252762,-2.79241e-05,-5.94596e-06,-0.00141456,-1.63548e-09,-7.46218e-05,-1.54473e-21
8.8502e-06,0,0,0,1e+09,1e+09,1e+09,0,0,0,0,0,0,2,5.45658e-06,0,0.130982,-7.99733,1.00849,2.1065,301.854,-276813,-3.27827e-05,-6.81152e-06,-0.00154299,-2.05475e-09,-8.16047e-05,-1.55541e-21
8.90881e-06,0,0,0,1e+09,1e+09,1e+09,0,0,0,0,0,0,2,5.45658e-06,0,0.130982,-7.99709,1.08662,2.39459,321.671,-302480,-3.83286e-05,-7.77724e-06,-0.0016794,-2.55468e-09,-8.90581e-05,-1.56604e-21
8.96742e-06,0,0,0,1e+09,1e+09,1e+09,0,0,0,0,0,0,2,5.45658e-06,0,0.130981,-7.99683,1.17459,2.69706,342.251,-329826,-4.46357e-05,-8.85163e-06,-0.00182405,-3.14513e-09,-9.70007e-05,-1.57667e-21
9.02603e-06,0,0,0,1e+09,1e+09,1e+09,0,0,0,0,0,0,2,5.45658e-06,0,0.130981,-7.99656,1.27284,3.01432,363.598,-358910,-5.17828e-05,-1.00437e-05,-0.00197718,-3.83709e-09,-0.000105452,-1.58725e-21
9.08464e-06,0,0,0,1e+09,1e+09,1e+09,0,0,0,0,0,0,2,5.45658e-06,0,0.13098,-7.99627,1.38137,3.34703,385.717,-389792,-5.98539e-05,-1.13628e-05,-0.00213902,-4.64271e-09,-0.000114431,-1.59806e-21
9.14325e-06,0,0,0,1e+09,1e+09,1e+09,0,0,0,0,0,0,2,5.45658e-06,0,0.13098,-7.99596,1.49957,3.69616,408.612,-422531,-6.89385e-05,-1.28189e-05,-0.00230982,-5.57523e-09,-0.000123956,-1.60883e-21
9.20186e-06,0,0,0,1e+09,1e+09,1e+09,0,0,0,0,0,0,2,5.45658e-06,0,0.130979,-7.99563,1.62656,4.06276,432.286,-457181,-7.91311e-05,-1.44222e-05,-0.00248981,-6.64916e-09,-0.000134048,-1.61952e-21
9.26047e-06,0,0,0,1e+09,1e+09,1e+09,0,0,0,0,0,0,2,5.45658e-06,0,0.130979,-7.99528,1.76141,4.44781,456.741,-493795,-9.05319e-05,-1.61831e-05,-0.00267921,-7.87991e-09,-0.000144726,-1.63018e-21
9.31908e-06,0,0,0,1e+09,1e+09,1e+09,0,0,0,0,0,0,2,5.45658e-06,0,0.130978,-7.99492,1.90333,4.8521,481.98,-532423,-0.000103246,-1.81129e-05,-0.00287823,-9.28374e-09,-0.00015601,-1.64087e-21
9.37769e-06,0,0,0,1e+09,1e+09,1e+09,0,0,0,0,0,0,2,5.45658e-06,0,0.130978,-7.99453,2.05221,5.2761,508.003,-573111,-0.000117384,-2.02233e-05,-0.00308711,-1.08779e-08,-0.000167919,-1.65151e-21
9.4363e-06,0,0,0,1e+09,1e+09,1e+09,0,0,0,0,0,0,2,5.45658e-06,0,0.130977,-7.99413,2.20904,5.71962,534.812,-615903,-0.000133063,-2.25265e-05,-0.00330603,-1.26799e-08,-0.000180474,-1.6622e-21
9.49491e-06,0,0,0,1e+09,1e+09,1e+09,0,0,0,0,0,0,2,5.45658e-06,0,0.130977,-7.9937,2.37429,6.18145,562.407,-660838,-0.000150402,-2.50347e-05,-0.00353522,-1.47039e-08,-0.000193693,-1.67289e-21
9.55353e-06,0,0,0,1e+09,1e+09,1e+09,0,0,0,0,0,0,2,5.45658e-06,0,0.130976,-7.99325,2.54308,6.6523,590.787,-707951,-0.000169527,-2.77699e-05,-0.00377485,-1.69258e-08,-0.000207597,-1.68369e-21
9.61214e-06,0,0,0,1e+09,1e+09,1e+09,0,0,0,0,0,0,2,5.45658e-06,0,0.130976,-7.99278,2.64593,7.01568,619.929,-757274,-0.000190573,-3.0924e-05,-0.00402492,-1.87898e-08,-0.000222206,-1.69456e-21
9.67075e-06,0,0,0,1e+09,1e+09,1e+09,0,0,0,0,0,0,2,5.45658e-06,0,0.130976,-7.99228,2.6429,7.12173,649.796,-808834,-0.000213676,-3.47836e-05,-0.00428529,-1.95572e-08,-0.000237544,-1.7053e-21
9.72936e-06,0,0,0,1e+09,1e+09,1e+09,0,0,0,0,0,0,2,5.45658e-06,0,0.130975,-7.99177,2.73685,6.59874,680.323,-862653,-0.00023898,-3.98494e-05,-0.00455554,-1.8071e-08,-0.000253628,-1.71605e-21
9.78797e-06,0,0,0,1e+09,1e+09,1e+09,0,0,0,0,0,0,2,5.45658e-06,0,0.130975,-7.99123,3.06902,5.13558,711.425,-918747,-0.000266646,-4.67654e-05,-0.00483502,-1.42277e-08,-0.000270478,-1.72672e-21
9.84658e-06,0,0,0,1e+09,1e+09,1e+09,0,0,0,0,0,0,2,5.45658e-06,0,0.130974,-7.99066,3.63017,2.49813,743.023,-977123,-0.000296861,-5.61177e-05,-0.00512312,-1.01388e-08,-0.000288111,-1.73734e-21
9.90519e-06,0,0,0,1e+09,1e+09,1e+09,0,0,0,0,0,0,2,5.45658e-06,0,0.130974,-7.99007,4.45208,-1.49125,775.044,-1.03778e+06,-0.000329827,-6.84192e-05,-0.00541923,-1.14849e-08,-0.000306546,-1.74792e-21
9.9638e-06,0,0,0,1e+09,1e+09,1e+09,0,0,0,0,0,0,2,5.45658e-06,0,0.130973,-7.98945,5.56774,-6.88634,807.425,-1.1007e+06,-0.000365753,-8.41288e-05,-0.0057228,-2.80363e-08,-0.000325797,-1.75863e-21
1.00224e-05,0,0,0,1e+09,1e+09,1e+09,0,0,0,0,0,0,2,5.45658e-06,0,0.130973,-7.98881,6.94237,-13.7319,840.103,-1.16587e+06,-0.000404854,-0.000103743,-0.00603326,-7.33484e-08,-0.000345867,-1.76935e-21
1.0081e-05,0,0,0,1e+09,1e+09,1e+09,0,0,0,0,0,0,2,5.45658e-06,0,0.130972,-7.98814,8.46661,-21.9651,873.021,-1.23324e+06,-0.000447358,-0.000127744,-0.00635006,-1.6345e-07,-0.000366766,-1.78009e-21
1.01396e-05,0,0,0,1e+09,1e+09,1e+09,0,0,0,0,0,0,2,5.45658e-06,0,0.130972,-7.98745,10.0578,-31.3066,906.152,-1.30278e+06,-0.000493491,-0.000156362,-0.00667295,-3.12533e-07,-0.000388493,-1.79075e-21
1.01982e-05,0,0,0,1e+09,1e+09,1e+09,0,0,0,0,0,0,2,5.45658e-06,0,0.130971,-7.98673,11.6623,-41.408,939.506,-1.37443e+06,-0.000543469,-0.000189574,-0.00700199,-5.29696e-07,-0.000411044,-1.80145e-21
1.02569e-05,0,0,0,1e+09,1e+09,1e+09,0,0,0,0,0,0,2,5.45658e-06,0,0.130971,-7.98599,13.2376,-51.9248,973.113,-1.44811e+06,-0.000597501,-0.00022716,-0.00733748,-8.17549e-07,-0.000434416,-1.81221e-21
1.03155e-05,0,0,0,1e+09,1e+09,1e+09,0,0,0,0,0,0,2,5.45658e-06,0,0.13097,-7.98522,14.7563,-62.5035,1007.01,-1.52376e+06,-0.000655785,-0.000268795,-0.0076798,-1.17075e-06,-0.000458609,-1.82289e-21
1.03741e-05,0,0,0,1e+09,1e+09,1e+09,0,0,0,0,0,0,2,5.45658e-06,0,0.13097,-7.98442,16.2383,-72.7871,1041.24,-1.60129e+06,-0.000718497,-0.000314164,-0.00802932,-1.57591e-06,-0.000483627,-1.83372e-21
1.04327e-05,0,0,0,1e+09,1e+09,1e+09,0,0,0,0,0,0,2,5.45658e-06,0,0.130969,-7.9836,17.7418,-82.4969,1075.81,-1.68063e+06,-0.000785778,-0.000363091,-0.00838625,-2.01565e-06,-0.000509475,-1.84459e-21
1.04913e-05,0,0,0,1e+09,1e+09,1e+09,0,0,0,0,0,0,2,5.45658e-06,0,0.130969,-7.98275,19.1986,-91.4134,1110.76,-1.7617e+06,-0.000857772,-0.000415341,-0.00875085,-2.46878e-06,-0.00053616,-1.85541e-21
1.05499e-05,0,0,0,1e+09,1e+09,1e+09,0,0,0,0,0,0,2,5.45658e-06,0,0.130969,-7.98187,20.4268,-99.4156,1146.11,-1.84443e+06,-0.000934634,-0.000470555,-0.00912354,-2.91455e-06,-0.000563691,-1.86617e-21
1.06085e-05,0,0,0,1e+09,1e+09,1e+09,0,0,0,0,0,0,2,5.45658e-06,0,0.130968,-7.98096,21.2672,-106.457,1181.91,-1.92874e+06,-0.00101654,-0.000528328,-0.00950473,-3.3356e-06,-0.000592076,-1.8769e-21
1.06671e-05,0,0,0,1e+09,1e+09,1e+09,0,0,0,0,0,0,2,5.45658e-06,0,0.130968,-7.98003,21.6603,-112.575,1218.17,-2.01458e+06,-0.00110367,-0.000588321,-0.00989475,-3.72173e-06,-0.000621334,-1.88762e-21
1.07257e-05,0,0,0,1e+09,1e+09,1e+09,0,0,0,0,0,0,2,5.45658e-06,0,0.130967,-7.97906,21.5076,-117.89,1254.9,-2.10188e+06,-0.00119622,-0.000650383,-0.0102937,-4.06985e-06,-0.000651509,-1.89843e-21
1.07843e-05,0,0,0,1e+09,1e+09,1e+09,0,0,0,0,0,0,2,5.45658e-06,0,0.130967,-7.97807,20.6345,-122.552,1292.06,-2.19061e+06,-0.00129435,-0.000714833,-0.010701,-4.38108e-06,-0.000682627,-1.90903e-21
1.0843e-05,0,0,0,1e+09,1e+09,1e+09,0,0,0,0,0,0,2,5.45658e-06,0,0.130966,-7.97705,19.0409,-126.768,1329.59,-2.28074e+06,-0.0013982,-0.000782302,-0.0111164,-4.66595e-06,-0.000714675,-1.9197e-21
1.09016e-05,0,0,0,1e+09,1e+09,1e+09,0,0,0,0,0,0,2,5.45658e-06,0,0.130966,-7.976,17.0719,-130.817,1367.49,-2.37223e+06,-0.00150785,-0.00085298,-0.0115397,-4.94711e-06,-0.00074768,-1.9304e-21
1.09602e-05,0,0,0,1e+09,1e+09,1e+09,0,0,0,0,0,0,2,5.45658e-06,0,0.130965,-7.97492,15.4038,-134.75,1405.79,-2.46506e+06,-0.00162332,-0.000926437,-0.0119714,-5.23448e-06,-0.000781647,-1.94105e-21
1.10188e-05,0,0,0,1e+09,1e+09,1e+09,0,0,0,0,0,0,2,5.45658e-06,0,0.130965,-7.97381,14.688,-138.253,1444.48,-2.55921e+06,-0.00174464,-0.00100251,-0.0124115,-5.50783e-06,-0.000816594,-1.95178e-21
1.10774e-05,0,0,0,1e+09,1e+09,1e+09,0,0,0,0,0,0,2,5.45658e-06,0,0.130964,-7.97268,15.2111,-141.111,1483.47,-2.65464e+06,-0.00187185,-0.00108228,-0.0128589,-5.74941e-06,-0.000852471,-1.96255e-21
1.1136e-05,0,0,0,1e+09,1e+09,1e+09,0,0,0,0,0,0,2,5.45658e-06,0,0.130964,-7.97151,16.6588,-143.588,1522.68,-2.75134e+06,-0.00200496,-0.00116702,-0.0133126,-5.97557e-06,-0.000889287,-1.97343e-21
1.11946e-05,0,0,0,1e+09,1e+09,1e+09,0,0,0,0,0,0,2,5.45658e-06,0,0.130963,-7.9703,18.1708,-146.206,1562.11,-2.84927e+06,-0.00214395,-0.00125681,-0.0137728,-6.22008e-06,-0.000927115,-1.98418e-21
1.12532e-05,0,0,0,1e+09,1e+09,1e+09,0,0,0,0,0,0,2,5.45658e-06,0,0.130963,-7.96907,18.904,-149.278,1601.84,-2.94838e+06,-0.00228894,-0.00135083,-0.0142403,-6.50052e-06,-0.000965917,-1.99494e-21
1.13118e-05,0,0,0,1e+09,1e+09,1e+09,0,0,0,0,0,0,2,5.45658e-06,0,0.130962,-7.96781,18.3155,-152.901,1641.87,-3.04859e+06,-0.00244022,-0.00144878,-0.0147154,-6.82042e-06,-0.00100567,-2.00575e-21
1.13705e-05,0,0,0,1e+09,1e+09,1e+09,0,0,0,0,0,0,2,5.45658e-06,0,0.130962,-7.96652,15.9504,-157.219,1682.15,-3.14984e+06,-0.00259813,-0.00155107,-0.0151972,-7.19288e-06,-0.00104637,-2.01658e-21
1.14291e-05,0,0,0,1e+09,1e+09,1e+09,0,0,0,0,0,0,2,5.45658e-06,0,0.130961,-7.96519,11.6615,-162.406,1722.61,-3.25202e+06,-0.00276301,-0.00165802,-0.0156851,-7.64463e-06,-0.00108808,-2.02732e-21
1.14877e-05,0,0,0,1e+09,1e+09,1e+09,0,0,0,0,0,0,2,5.45658e-06,0,0.130961,-7.96384,5.99014,-168.43,1763.19,-3.35504e+06,-0.0029351,-0.00176952,-0.0161785,-8.19606e-06,-0.001131,-2.03805e-21
1.15463e-05,0,0,0,1e+09,1e+09,1e+09,0,0,0,0,0,0,2,5.45658e-06,0,0.130961,-7.96245,0.0132801,-175.127,1803.79,-3.45878e+06,-0.00311473,-0.00188551,-0.0166758,-8.8536e-06,-0.00117514,-2.04875e-21
1.16049e-05,0,0,0,1e+09,1e+09,1e+09,0,0,0,0,0,0,2,5.45658e-06,0,0.13096,-7.96103,-5.25253,-182.59,1844.05,-3.56312e+06,-0.00330262,-0.00200797,-0.0171727,-9.63536e-06,-0.00122063,-2.05936e-21
1.16635e-05,0,0,0,1e+09,1e+09,1e+09,0,0,0,0,0,0,2,5.45658e-06,0,0.13096,-7.95958,-9.92826,-191.068,1883.41,-3.66792e+06,-0.00349956,-0.00214052,-0.017662,-1.05727e-05,-0.00126783,-2.06991e-21
1.17221e-05,0,0,0,1e+09,1e+09,1e+09,0,0,0,0,0,0,2,5.45658e-06,0,0.130959,-7.9581,-15.4047,-199.94,1921.3,-3.77304e+06,-0.00370652,-0.00228736,-0.0181359,-1.16161e-05,-0.00131681,-2.08055e-21
1.17807e-05,0,0,0,1e+09,1e+09,1e+09,0,0,0,0,0,0,2,5.45658e-06,0,0.130959,-7.95659,-22.7482,-207.29,1957.21,-3.87826e+06,-0.00392484,-0.0024537,-0.0185877,-1.25685e-05,-0.00136736,-2.09123e-21
1.18393e-05,0,0,0,1e+09,1e+09,1e+09,0,0,0,0,0,0,2,5.45658e-06,0,0.130958,-7.95505,-31.4908,-211.867,1990.82,-3.98334e+06,-0.00415539,-0.00264509,-0.0190124,-1.32783e-05,-0.00141922,-2.10199e-21
1.18979e-05,0,0,0,1e+09,1e+09,1e+09,0,0,0,0,0,0,2,5.45658e-06,0,0.130958,-7.95349,-39.9935,-214.833,2022.03,-4.08798e+06,-0.00439909,-0.00286391,-0.0194085,-1.3849e-05,-0.00147233,-2.11271e-21
1.19566e-05,0,0,0,1e+09,1e+09,1e+09,0,0,0,0,0,0,2,5.45658e-06,0,0.130957,-7.9519,-47.1247,-218.553,2050.93,-4.19183e+06,-0.00465721,-0.00310981,-0.0197768,-1.45279e-05,-0.00152648,-2.12342e-21
1.20152e-05,0,0,0,1e+09,1e+09,1e+09,0,0,0,0,0,0,2,5.45658e-06,0,0.130957,-7.95029,-53.2357,-224.232,2077.71,-4.29451e+06,-0.00493121,-0.00338132,-0.0201196,-1.54648e-05,-0.00158135,-2.13415e-21
1.20738e-05,0,0,0,1e+09,1e+09,1e+09,0,0,0,0,0,0,2,5.45658e-06,0,0.130956,-7.94866,-58.5468,-231.759,2102.92,-4.39562e+06,-0.00522241,-0.00367228,-0.0204437,-1.66621e-05,-0.0016368,-2.14489e-21
1.21324e-05,0,0,0,1e+09,1e+09,1e+09,0,0,0,0,0,0,2,5.45658e-06,0,0.130956,-7.94701,-63.4053,-240.527,2127.28,-4.49478e+06,-0.00553122,-0.00397306,-0.0207579,-1.80672e-05,-0.00169286,-2.15556e-21
1.2191e-05,0,0,0,1e+09,1e+09,1e+09,0,0,0,0,0,0,2,5.45658e-06,0,0.130955,-7.94534,-68.7583,-249.462,2151.24,-4.59167e+06,-0.00585689,-0.00427769,-0.0210682,-1.95787e-05,-0.00174952,-2.16634e-21
1.22496e-05,0,0,0,1e+09,1e+09,1e+09,0,0,0,0,0,0,2,5.45658e-06,0,0.130955,-7.94365,-75.3337,-257.403,2174.86,-4.68601e+06,-0.00619756,-0.00458755,-0.0213748,-2.10639e-05,-0.00180679,-2.17708e-21
1.23082e-05,0,0,0,1e+09,1e+09,1e+09,0,0,0,0,0,0,2,5.45658e-06,0,0.130955,-7.94194,-82.8341,-264.278,2198.08,-4.77766e+06,-0.00655036,-0.0049071,-0.0216774,-2.2497e-05,-0.00186481,-2.18776e-21
1.23668e-05,0,0,0,1e+09,1e+09,1e+09,0,0,0,0,0,0,2,5.45658e-06,0,0.130954,-7.94022,-90.8741,-270.64,2221.24,-4.86656e+06,-0.00691234,-0.00523548,-0.0219802,-2.39395e-05,-0.00192387,-2.19847e-21
1.24254e-05,0,0,0,1e+09,1e+09,1e+09,0,0,0,0,0,0,2,5.45658e-06,0,0.130954,-7.93847,-99.512,-276.001,2244.97,-4.95272e+06,-0.00728096,-0.00556707,-0.0222916,-2.53198e-05,-0.00198415,-2.20923e-21
1.24841e-05,0,0,0,1e+09,1e+09,1e+09,0,0,0,0,0,0,2,5.45658e-06,0,0.130953,-7.93671,-107.945,-279.36,2269.71,-5.03626e+06,-0.0076533,-0.00589854,-0.0226173,-2.64344e-05,-0.00204584,-2.22002e-21
1.25427e-05,0,0,0,1e+09,1e+09,1e+09,0,0,0,0,0,0,2,5.45658e-06,0,0.130953,-7.93493,-115.148,-280.545,2295.88,-5.11741e+06,-0.00802621,-0.00622642,-0.0229631,-2.71783e-05,-0.00210859,-2.23082e-21
1.26013e-05,0,0,0,1e+09,1e+09,1e+09,0,0,0,0,0,0,2,5.45658e-06,0,0.130952,-7.93312,-120.711,-280.498,2323.93,-5.19644e+06,-0.00839673,-0.00654566,-0.023335,-2.76519e-05,-0.00217244,-2.24161e-21
1.26599e-05,0,0,0,1e+09,1e+09,1e+09,0,0,0,0,0,0,2,5.45658e-06,0,0.130952,-7.93129,-126.006,-280.171,2353.94,-5.27366e+06,-0.00876272,-0.00685371,-0.0237348,-2.80791e-05,-0.00223731,-2.25238e-21
1.27185e-05,0,0,0,1e+09,1e+09,1e+09,0,0,0,0,0,0,2,5.45658e-06,0,0.130951,-7.92944,-132.828,-279.386,2385.61,-5.34943e+06,-0.0091235,-0.00715299,-0.024159,-2.85533e-05,-0.00230295,-2.26316e-21
1.27771e-05,0,0,0,1e+09,1e+09,1e+09,0,0,0,0,0,0,2,5.45658e-06,0,0.130951,-7.92756,-141.069,-277.364,2418.63,-5.42406e+06,-0.00947989,-0.00744698,-0.0246033,-2.89594e-05,-0.00236916,-2.27383e-21
1.28357e-05,0,0,0,1e+09,1e+09,1e+09,0,0,0,0,0,0,2,5.45658e-06,0,0.13095,-7.92565,-148.99,-274.016,2452.91,-5.49781e+06,-0.00983332,-0.00773741,-0.0250668,-2.91657e-05,-0.00243552,-2.28456e-21
1.28943e-05,0,0,0,1e+09,1e+09,1e+09,0,0,0,0,0,0,2,5.45658e-06,0,0.13095,-7.92372,-155.362,-269.909,2488.51,-5.57083e+06,-0.010185,-0.00802568,-0.0255503,-2.91586e-05,-0.00250203,-2.29548e-21
1.29529e-05,0,0,0,1e+09,1e+09,1e+09,0,0,0,0,0,0,2,5.45658e-06,0,0.130949,-7.92177,-160.243,-265.787,2525.42,-5.64325e+06,-0.0105361,-0.00831278,-0.0260539,-2.90461e-05,-0.00256858,-2.30647e-21
1.30115e-05,0,0,0,1e+09,1e+09,1e+09,0,0,0,0,0,0,2,5.45658e-06,0,0.130949,-7.91978,-163.859,-262.642,2563.57,-5.71512e+06,-0.0108883,-0.00859674,-0.0265773,-2.8985e-05,-0.00263545,-2.31755e-21
1.30702e-05,0,0,0,1e+09,1e+09,1e+09,0,0,0,0,0,0,2,5.45658e-06,0,0.130948,-7.91776,-165.659,-261.258,2603.05,-5.78646e+06,-0.0112446,-0.0088716,-0.0271217,-2.90296e-05,-0.0027032,-2.32884e-21
1.31288e-05,0,0,0,1e+09,1e+09,1e+09,0,0,0,0,0,0,2,5.45658e-06,0,0.130948,-7.91572,-164.43,-261.749,2643.9,-5.85724e+06,-0.0116077,-0.00913278,-0.0276879,-2.90807e-05,-0.00277144,-2.3407e-21
1.31874e-05,0,0,0,1e+09,1e+09,1e+09,0,0,0,0,0,0,2,5.45658e-06,0,0.130948,-7.91364,-159.436,-263.406,2685.86,-5.9274e+06,-0.0119797,-0.00938219,-0.0282724,-2.89804e-05,-0.00283995,-2.35334e-21
1.3246e-05,0,0,0,1e+09,1e+09,1e+09,0,0,0,0,0,0,2,5.45658e-06,0,0.130947,-7.91153,-151.266,-265.417,2728.39,-5.99686e+06,-0.0123616,-0.00962706,-0.0288677,-2.86916e-05,-0.00290873,-2.36643e-21
1.33046e-05,0,0,0,1e+09,1e+09,1e+09,0,0,0,0,0,0,2,5.45658e-06,0,0.130947,-7.90939,-141.812,-267.434,2770.96,-6.06555e+06,-0.0127546,-0.0098746,-0.0294664,-2.83483e-05,-0.00297781,-2.3813e-21
1.33632e-05,0,0,0,1e+09,1e+09,1e+09,0,0,0,0,0,0,2,5.45658e-06,0,0.130946,-7.90721,-133.044,-269.22,2813.25,-6.13335e+06,-0.0131594,-0.0101286,-0.0300644,-2.80733e-05,-0.00304755,-2.39964e-21
1.34218e-05,0,0,0,1e+09,1e+09,1e+09,0,0,0,0,0,0,2,5.45658e-06,0,0.130946,-7.905,-126.184,-270.534,2855.14,-6.20015e+06,-0.0135767,-0.0103902,-0.0306597,-2.79026e-05,-0.00311801,-2.42139e-21
1.34804e-05,0,0,0,1e+09,1e+09,1e+09,0,0,0,0,0,0,2,5.45658e-06,0,0.130945,-7.90276,-122.006,-272.251,2896.47,-6.26582e+06,-0.014006,-0.010662,-0.0312503,-2.79945e-05,-0.0031895,-2.44819e-21
1.3539e-05,0,0,0,1e+09,1e+09,1e+09,0,0,0,0,0,0,2,5.45658e-06,0,0.130945,-7.90049,-120.372,-275.835,2937,-6.33022e+06,-0.0144472,-0.0109473,-0.0318325,-2.85446e-05,-0.00326214,-2.48368e-21
1.35977e-05,0,0,0,1e+09,1e+09,1e+09,0,0,0,0,0,0,2,5.45658e-06,0,0.130944,-7.89819,-120.204,-281.744,2976.39,-6.39323e+06,-0.0149007,-0.0112498,-0.0324012,-2.95605e-05,-0.00333585,-2.53204e-21
1.36563e-05,0,0,0,1e+09,1e+09,1e+09,0,0,0,0,0,0,2,5.45658e-06,0,0.130944,-7.89586,-120.573,-289.549,3014.36,-6.45474e+06,-0.0153676,-0.0115726,-0.0329519,-3.09356e-05,-0.00341057,-2.6005e-21
1.37149e-05,0,0,0,1e+09,1e+09,1e+09,0,0,0,0,0,0,2,5.45658e-06,0,0.130943,-7.8935,-121.309,-298.643,3050.85,-6.51464e+06,-0.0158494,-0.0119154,-0.0334832,-3.25817e-05,-0.00348621,-2.69804e-21
1.37735e-05,0,0,0,1e+09,1e+09,1e+09,0,0,0,0,0,0,2,5.45658e-06,0,0.130943,-7.89111,-122.531,-308.159,3085.95,-6.57289e+06,-0.0163474,-0.0122769,-0.0339963,-3.43761e-05,-0.00356248,-2.84453e-21
1.38321e-05,0,0,0,1e+09,1e+09,1e+09,0,0,0,0,0,0,2,5.45658e-06,0,0.130942,-7.88869,-124.244,-316.951,3119.83,-6.62945e+06,-0.0168624,-0.0126552,-0.0344929,-3.61234e-05,-0.00363938,-3.06147e-21
1.38907e-05,0,0,0,1e+09,1e+09,1e+09,0,0,0,0,0,0,2,5.45658e-06,0,0.130942,-7.88625,-126.984,-324.359,3152.64,-6.68429e+06,-0.0173945,-0.0130478,-0.034975,-3.77304e-05,-0.00371691,-3.38081e-21
1.39493e-05,0,0,0,1e+09,1e+09,1e+09,0,0,0,0,0,0,2,5.45658e-06,0,0.130942,-7.88378,-131.315,-330.834,3184.44,-6.73743e+06,-0.0179443,-0.0134525,-0.0354437,-3.9304e-05,-0.00379508,-3.86597e-21
1.40079e-05,0,0,0,1e+09,1e+09,1e+09,0,0,0,0,0,0,2,5.45658e-06,0,0.130941,-7.88129,-137.565,-337.4,3215.21,-6.78887e+06,-0.0185117,-0.0138695,-0.0358987,-4.1059e-05,-0.00387418,-4.59375e-21
1.40665e-05,0,0,0,1e+09,1e+09,1e+09,0,0,0,0,0,0,2,5.45658e-06,0,0.130941,-7.87878,-145.605,-344.457,3245,-6.83858e+06,-0.0190952,-0.0143001,-0.0363407,-4.30841e-05,-0.00395401,-5.67729e-21
1.41252e-05,0,0,0,1e+09,1e+09,1e+09,0,0,0,0,0,0,2,5.45658e-06,0,0.13094,-7.87624,-154.702,-351.381,3274.19,-6.88655e+06,-0.0196924,-0.0147425,-0.0367748,-4.52277e-05,-0.00403428,-7.2979e-21
1.41838e-05,0,0,0,1e+09,1e+09,1e+09,0,0,0,0,0,0,2,5.45658e-06,0,0.13094,-7.87368,-163.789,-357.26,3303.4,-6.93279e+06,-0.020301,-0.0151906,-0.0372101,-4.72334e-05,-0.00411527,-9.72664e-21
1.42424e-05,0,0,0,1e+09,1e+09,1e+09,0,0,0,0,0,0,2,5.45658e-06,0,0.130939,-7.87109,-171.873,-361.71,3333.22,-6.9773e+06,-0.0209197,-0.0156357,-0.0376554,-4.89248e-05,-0.00419707,-1.33457e-20
1.4301e-05,0,0,0,1e+09,1e+09,1e+09,0,0,0,0,0,0,2,5.45658e-06,0,0.130939,-7.86848,-178.258,-364.929,3363.94,-7.02019e+06,-0.021548,-0.0160731,-0.038115,-5.02556e-05,-0.00427972,-1.87135e-20
1.43596e-05,0,0,0,1e+09,1e+09,1e+09,0,0,0,0,0,0,2,5.45658e-06,0,0.130938,-7.86585,-182.566,-367.343,3395.54,-7.0616e+06,-0.0221834,-0.0165034,-0.0385888,-5.12578e-05,-0.00436318,-2.66356e-20
1.44182e-05,0,0,0,1e+09,1e+09,1e+09,0,0,0,0,0,0,2,5.45658e-06,0,0.130938,-7.86319,-184.743,-369.614,3427.85,-7.10177e+06,-0.0228247,-0.0169299,-0.0390741,-5.20519e-05,-0.00444757,-3.82986e-20
1.44768e-05,0,0,0,1e+09,1e+09,1e+09,0,0,0,0,0,0,2,5.45658e-06,0,0.130937,-7.86051,-185.331,-372.627,3460.86,-7.14102e+06,-0.0234709,-0.0173547,-0.0395714,-5.28719e-05,-0.0045329,-5.53799e-20
1.45354e-05,0,0,0,1e+09,1e+09,1e+09,0,0,0,0,0,0,2,5.45658e-06,0,0.130937,-7.8578,-185.146,-376.92,3494.69,-7.17971e+06,-0.0241206,-0.0177777,-0.0400827,-5.39133e-05,-0.0046193,-8.02996e-20
1.4594e-05,0,0,0,1e+09,1e+09,1e+09,0,0,0,0,0,0,2,5.45658e-06,0,0.130936,-7.85507,-184.844,-382.146,3529.49,-7.21828e+06,-0.0247721,-0.0181976,-0.0406106,-5.51777e-05,-0.00470674,-1.16556e-19
1.46526e-05,0,0,0,1e+09,1e+09,1e+09,0,0,0,0,0,0,2,5.45658e-06,0,0.130936,-7.85231,-184.855,-387.675,3565.39,-7.25715e+06,-0.0254249,-0.0186119,-0.0411568,-5.65816e-05,-0.00479508,-1.69006e-19
1.47113e-05,0,0,0,1e+09,1e+09,1e+09,0,0,0,0,0,0,2,5.45658e-06,0,0.130936,-7.84951,-185.167,-393.529,3602.48,-7.29675e+06,-0.0260791,-0.019017,-0.0417231,-5.81291e-05,-0.00488422,-2.44604e-19
1.47699e-05,0,0,0,1e+09,1e+09,1e+09,0,0,0,0,0,0,2,5.45658e-06,0,0.130935,-7.84669,-185.418,-400.025,3640.67,-7.3375e+06,-0.0267353,-0.0194133,-0.0423081,-5.9857e-05,-0.00497401,-3.53208e-19
1.48285e-05,0,0,0,1e+09,1e+09,1e+09,0,0,0,0,0,0,2,5.45658e-06,0,0.130935,-7.84384,-185.113,-406.898,3679.58,-7.37974e+06,-0.0273939,-0.0198063,-0.0429061,-6.16658e-05,-0.00506432,-5.08494e-19
1.48871e-05,0,0,0,1e+09,1e+09,1e+09,0,0,0,0,0,0,2,5.45658e-06,0,0.130934,-7.84096,-183.458,-413.407,3718.84,-7.42376e+06,-0.0280555,-0.0202033,-0.0435109,-6.33208e-05,-0.00515497,-7.29766e-19
1.49457e-05,0,0,0,1e+09,1e+09,1e+09,0,0,0,0,0,0,2,5.45658e-06,0,0.130934,-7.83806,-179.938,-419.061,3758.36,-7.46975e+06,-0.0287216,-0.0206059,-0.0441208,-6.46638e-05,-0.00524617,-1.04394e-18
1.50043e-05,0,0,0,1e+09,1e+09,1e+09,0,0,0,0,0,0,2,5.45658e-06,0,0.130933,-7.83512,-174.63,-423.701,3798.22,-7.51783e+06,-0.0293949,-0.0210107,-0.0447374,-6.56697e-05,-0.00533804,-1.48835e-18
1.50629e-05,0,0,0,1e+09,1e+09,1e+09,0,0,0,0,0,0,2,5.45658e-06,0,0.130933,-7.83214,-169.203,-427.453,3838.3,-7.56804e+06,-0.0300785,-0.0214162,-0.0453589,-6.65215e-05,-0.00543087,-2.11467e-18
1.51215e-05,0,0,0,1e+09,1e+09,1e+09,0,0,0,0,0,0,2,5.45658e-06,0,0.130932,-7.82914,-166.498,-430.767,3878.13,-7.62035e+06,-0.0307755,-0.021826,-0.0459785,-6.7559e-05,-0.00552464,-2.99435e-18
1.51801e-05,0,0,0,1e+09,1e+09,1e+09,0,0,0,0,0,0,2,5.45658e-06,0,0.130932,-7.82611,-167.16,-434.594,3917.47,-7.67467e+06,-0.0314876,-0.022243,-0.0465927,-6.90522e-05,-0.00561931,-4.22571e-18
1.52388e-05,0,0,0,1e+09,1e+09,1e+09,0,0,0,0,0,0,2,5.45658e-06,0,0.130931,-7.82304,-168.43,-440.369,3956.56,-7.73084e+06,-0.0322147,-0.0226601,-0.0472053,-7.11238e-05,-0.00571527,-5.94366e-18
1.52974e-05,0,0,0,1e+09,1e+09,1e+09,0,0,0,0,0,0,2,5.45658e-06,0,0.130931,-7.81995,-169.513,-447.159,3995.03,-7.7887e+06,-0.0329587,-0.0230778,-0.0478098,-7.34936e-05,-0.00581246,-8.33222e-18
1.5356e-05,0,0,0,1e+09,1e+09,1e+09,0,0,0,0,0,0,2,5.45658e-06,0,0.13093,-7.81682,-172.603,-452.642,4031.96,-7.84802e+06,-0.0337225,-0.023511,-0.0483909,-7.57735e-05,-0.00591087,-1.16418e-17
1.54146e-05,0,0,0,1e+09,1e+09,1e+09,0,0,0,0,0,0,2,5.45658e-06,0,0.13093,-7.81367,-177.767,-457.248,4067.37,-7.90853e+06,-0.0345053,-0.0239656,-0.0489489,-7.80753e-05,-0.00600981,-1.6214e-17
1.54732e-05,0,0,0,1e+09,1e+09,1e+09,0,0,0,0,0,0,2,5.45658e-06,0,0.13093,-7.81049,-182.933,-462.576,4101.99,-7.96993e+06,-0.0353052,-0.024429,-0.0494954,-8.06268e-05,-0.00610954,-2.25103e-17
1.55318e-05,0,0,0,1e+09,1e+09,1e+09,0,0,0,0,0,0,2,5.45658e-06,0,0.130929,-7.80729,-188.012,-468.028,4135.85,-8.0319e+06,-0.0361244,-0.0248935,-0.0500308,-8.32712e-05,-0.00621046,-3.11519e-17
1.55904e-05,0,0,0,1e+09,1e+09,1e+09,0,0,0,0,0,0,2,5.45658e-06,0,0.130929,-7.80405,-194.222,-473.175,4168.4,-8.09415e+06,-0.0369652,-0.0253662,-0.0505456,-8.60217e-05,-0.00631249,-4.29777e-17
1.5649e-05,0,0,0,1e+09,1e+09,1e+09,0,0,0,0,0,0,2,5.45658e-06,0,0.130928,-7.8008,-201.307,-479.889,4199.3,-8.15639e+06,-0.0378272,-0.0258567,-0.0510352,-8.93668e-05,-0.00641508,-5.91126e-17
1.57076e-05,0,0,0,1e+09,1e+09,1e+09,0,0,0,0,0,0,2,5.45658e-06,0,0.130928,-7.79752,-208.496,-489.9,4228.49,-8.21836e+06,-0.0387091,-0.0263657,-0.0514982,-9.37228e-05,-0.00651834,-8.10577e-17
1.57662e-05,0,0,0,1e+09,1e+09,1e+09,0,0,0,0,0,0,2,5.45658e-06,0,0.130927,-7.79421,-216.554,-501.861,4255.73,-8.27981e+06,-0.0396124,-0.0268926,-0.0519307,-9.8855e-05,-0.00662217,-1.10817e-16
1.58249e-05,0,0,0,1e+09,1e+09,1e+09,0,0,0,0,0,0,2,5.45658e-06,0,0.130927,-7.79089,-226.906,-512.921,4280.99,-8.34054e+06,-0.0405395,-0.0274388,-0.0523313,-0.000104164,-0.00672642,-1.51055e-16
1.58835e-05,0,0,0,1e+09,1e+09,1e+09,0,0,0,0,0,0,2,5.45658e-06,0,0.130926,-7.78755,-239.63,-521.937,4304.71,-8.40038e+06,-0.0414902,-0.0280019,-0.0527069,-0.000109343,-0.00683087,-2.05305e-16
1.59421e-05,0,0,0,1e+09,1e+09,1e+09,0,0,0,0,0,0,2,5.45658e-06,0,0.130926,-7.78419,-253.66,-529.817,4327.47,-8.45923e+06,-0.0424623,-0.0285758,-0.0530672,-0.000114544,-0.00693538,-2.78235e-16
1.60007e-05,0,0,0,1e+09,1e+09,1e+09,0,0,0,0,0,0,2,5.45658e-06,0,0.130925,-7.78082,-268.016,-537.953,4349.53,-8.51704e+06,-0.043453,-0.0291605,-0.0534163,-0.000120063,-0.00703998,-3.76e-16
1.60593e-05,0,0,0,1e+09,1e+09,1e+09,0,0,0,0,0,0,2,5.45658e-06,0,0.130925,-7.77742,-281.431,-547.707,4371.09,-8.57382e+06,-0.0444581,-0.0297539,-0.0537581,-0.000126146,-0.00714496,-5.06689e-16
1.61179e-05,0,0,0,1e+09,1e+09,1e+09,0,0,0,0,0,0,2,5.45658e-06,0,0.130925,-7.77401,-293.474,-558.981,4392.18,-8.62958e+06,-0.0454731,-0.0303539,-0.0540929,-0.0001327,-0.00725102,-6.80906e-16
1.61765e-05,0,0,0,1e+09,1e+09,1e+09,0,0,0,0,0,0,2,5.45658e-06,0,0.130924,-7.77058,-305.782,-569.815,4412.49,-8.68438e+06,-0.0464949,-0.0309686,-0.0544153,-0.000139358,-0.0073583,-9.12509e-16
1.62351e-05,0,0,0,1e+09,1e+09,1e+09,0,0,0,0,0,0,2,5.45658e-06,0,0.130924,-7.76714,-319.255,-579.438,4432.24,-8.73822e+06,-0.0475197,-0.0316046,-0.0547287,-0.000146013,-0.00746588,-1.21957e-15
1.62937e-05,0,0,0,1e+09,1e+09,1e+09,0,0,0,0,0,0,2,5.45658e-06,0,0.130923,-7.76368,-332.841,-588.878,4452.42,-8.79109e+06,-0.0485436,-0.0322506,-0.0550497,-0.000152822,-0.00757426,-1.62559e-15
1.63524e-05,0,0,0,1e+09,1e+09,1e+09,0,0,0,0,0,0,2,5.45658e-06,0,0.130923,-7.7602,-346.529,-597.487,4473.59,-8.84299e+06,-0.0495651,-0.0328943,-0.0553872,-0.000159562,-0.00768283,-2.16101e-15
1.6411e-05,0,0,0,1e+09,1e+09,1e+09,0,0,0,0,0,0,2,5.45658e-06,0,0.130922,-7.75671,-361.48,-603.451,4495.51,-8.89393e+06,-0.0505848,-0.0335392,-0.0557371,-0.000165825,-0.00779207,-2.86524e-15
1.64696e-05,0,0,0,1e+09,1e+09,1e+09,0,0,0,0,0,0,2,5.45658e-06,0,0.130922,-7.7532,-376.667,-607.771,4518.29,-8.94397e+06,-0.0516009,-0.034188,-0.0561014,-0.000171748,-0.00790219,-3.78909e-15
1.65282e-05,0,0,0,1e+09,1e+09,1e+09,0,0,0,0,0,0,2,5.45658e-06,0,0.130921,-7.74967,-389.217,-613.511,4542.41,-8.99324e+06,-0.052611,-0.0348329,-0.0564884,-0.00017779,-0.00801302,-4.99793e-15
1.65868e-05,0,0,0,1e+09,1e+09,1e+09,0,0,0,0,0,0,2,5.45658e-06,0,0.130921,-7.74612,-398.285,-621.58,4567.92,-9.04188e+06,-0.0536136,-0.0354692,-0.0568988,-0.000184064,-0.00812413,-6.57564e-15
1.66454e-05,0,0,0,1e+09,1e+09,1e+09,0,0,0,0,0,0,2,5.45658e-06,0,0.13092,-7.74256,-405.33,-629.919,4594.39,-9.09017e+06,-0.0546079,-0.0361049,-0.0573251,-0.000190143,-0.00823536,-8.6296e-15
1.6704e-05,0,0,0,1e+09,1e+09,1e+09,0,0,0,0,0,0,2,5.45658e-06,0,0.13092,-7.73897,-411.752,-636.223,4621.63,-9.13842e+06,-0.055592,-0.0367491,-0.0577641,-0.000195486,-0.0083467,-1.12969e-14
1.67626e-05,0,0,0,1e+09,1e+09,1e+09,0,0,0,0,0,0,2,5.45658e-06,0,0.13092,-7.73536,-418.318,-639.639,4649.92,-9.18701e+06,-0.0565637,-0.0374029,-0.0582203,-0.000199928,-0.00845849,-1.47521e-14
1.68212e-05,0,0,0,1e+09,1e+09,1e+09,0,0,0,0,0,0,2,5.45658e-06,0,0.130919,-7.73173,-425.379,-640.615,4679.7,-9.23636e+06,-0.0575213,-0.0380602,-0.0587018,-0.000203691,-0.00857104,-1.92171e-14
1.68798e-05,0,0,0,1e+09,1e+09,1e+09,0,0,0,0,0,0,2,5.45658e-06,0,0.130919,-7.72808,-432.63,-640.08,4711.26,-9.28692e+06,-0.0584641,-0.0387129,-0.0592137,-0.000207031,-0.0086841,-2.49728e-14
1.69385e-05,0,0,0,1e+09,1e+09,1e+09,0,0,0,0,0,0,2,5.45658e-06,0,0.130918,-7.7244,-439.274,-638.445,4744.24,-9.33912e+06,-0.0593914,-0.0393643,-0.0597503,-0.000209927,-0.00879771,-3.23747e-14
1.69971e-05,0,0,0,1e+09,1e+09,1e+09,0,0,0,0,0,0,2,5.45658e-06,0,0.130918,-7.7207,-444.598,-635.452,4777.58,-9.39341e+06,-0.0602999,-0.0400352,-0.0602933,-0.000212151,-0.00891234,-4.1871e-14
1.70557e-05,0,0,0,1e+09,1e+09,1e+09,0,0,0,0,0,0,2,5.45658e-06,0,0.130917,-7.71696,-448.285,-631.483,4810.15,-9.45011e+06,-0.0611862,-0.0407492,-0.0608241,-0.000213792,-0.0090281,-5.40255e-14
1.71143e-05,0,0,0,1e+09,1e+09,1e+09,0,0,0,0,0,0,2,5.45658e-06,0,0.130917,-7.71321,-450.973,-627.941,4841.4,-9.50938e+06,-0.0620535,-0.0415125,-0.0613343,-0.000215499,-0.00914464,-6.9546e-14
1.71729e-05,0,0,0,1e+09,1e+09,1e+09,0,0,0,0,0,0,2,5.45658e-06,0,0.130916,-7.70943,-454.589,-625.632,4871.25,-9.57124e+06,-0.0629132,-0.0423131,-0.0618233,-0.000217989,-0.00926152,-8.93188e-14
1.72315e-05,0,0,0,1e+09,1e+09,1e+09,0,0,0,0,0,0,2,5.45658e-06,0,0.130916,-7.70562,-460.36,-623.267,4899.89,-9.63552e+06,-0.0637783,-0.0431426,-0.0622944,-0.000221504,-0.00937917,-1.14451e-13
1.72901e-05,0,0,0,1e+09,1e+09,1e+09,0,0,0,0,0,0,2,5.45658e-06,0,0.130915,-7.7018,-467.518,-622.615,4928.23,-9.70192e+06,-0.0646607,-0.0439683,-0.0627631,-0.000226665,-0.00949765,-1.46324e-13
1.73487e-05,0,0,0,1e+09,1e+09,1e+09,0,0,0,0,0,0,2,5.45658e-06,0,0.130915,-7.69795,-473.385,-628.171,4957.33,-9.77006e+06,-0.0655687,-0.0447551,-0.0632469,-0.000234131,-0.00961676,-1.86652e-13
1.74073e-05,0,0,0,1e+09,1e+09,1e+09,0,0,0,0,0,0,2,5.45658e-06,0,0.130915,-7.69408,-475.952,-635.392,4985.52,-9.83949e+06,-0.0664909,-0.0455456,-0.0637158,-0.000241507,-0.00973632,-2.37567e-13
1.7466e-05,0,0,0,1e+09,1e+09,1e+09,0,0,0,0,0,0,2,5.45658e-06,0,0.130914,-7.69019,-477.485,-636.556,5009.98,-9.90974e+06,-0.0674082,-0.0464088,-0.0641201,-0.000246316,-0.00985686,-3.01705e-13
1.75246e-05,0,0,0,1e+09,1e+09,1e+09,0,0,0,0,0,0,2,5.45658e-06,0,0.130914,-7.68629,-481.566,-632.878,5030.54,-9.9803e+06,-0.0683223,-0.0473483,-0.0644589,-0.000250136,-0.00997769,-3.82323e-13
1.75832e-05,0,0,0,1e+09,1e+09,1e+09,0,0,0,0,0,0,2,5.45658e-06,0,0.130913,-7.68237,-487.498,-631.517,5049.47,-1.00506e+07,-0.0692521,-0.0483125,-0.0647723,-0.000255727,-0.0100995,-4.83434e-13
1.76418e-05,0,0,0,1e+09,1e+09,1e+09,0,0,0,0,0,0,2,5.45658e-06,0,0.130913,-7.67843,-491.67,-636.181,5068.42,-1.01203e+07,-0.0702108,-0.0492538,-0.0650874,-0.000263492,-0.0102218,-6.09975e-13
1.77004e-05,0,0,0,1e+09,1e+09,1e+09,0,0,0,0,0,0,2,5.45658e-06,0,0.130912,-7.67448,-492.669,-643.217,5086.69,-1.01887e+07,-0.0711902,-0.0501921,-0.0653905,-0.000271519,-0.0103442,-7.68003e-13
1.7759e-05,0,0,0,1e+09,1e+09,1e+09,0,0,0,0,0,0,2,5.45658e-06,0,0.130912,-7.67051,-493.214,-646.334,5102.57,-1.02558e+07,-0.0721699,-0.0511812,-0.0656523,-0.000278001,-0.0104676,-9.64935e-13
1.78176e-05,0,0,0,1e+09,1e+09,1e+09,0,0,0,0,0,0,2,5.45658e-06,0,0.130911,-7.66653,-496.577,-643.784,5115.8,-1.03211e+07,-0.0731387,-0.0522417,-0.0658687,-0.000283156,-0.0105915,-1.20983e-12
1.78762e-05,0,0,0,1e+09,1e+09,1e+09,0,0,0,0,0,0,2,5.45658e-06,0,0.130911,-7.66254,-502.713,-641.551,5128.13,-1.03845e+07,-0.0741074,-0.0533333,-0.0660721,-0.000289534,-0.0107148,-1.51374e-12
1.79348e-05,0,0,0,1e+09,1e+09,1e+09,0,0,0,0,0,0,2,5.45658e-06,0,0.130911,-7.65855,-508.098,-647.336,5141.56,-1.04458e+07,-0.0750967,-0.054391,-0.0662972,-0.000299303,-0.0108394,-1.8901e-12
1.79934e-05,0,0,0,1e+09,1e+09,1e+09,0,0,0,0,0,1,2,5.45658e-06,0,0.13091,-7.65454,-508.938,-658,5155.7,-1.05048e+07,-0.0761152,-0.0554035,-0.0665339,-0.000309933,-0.0109639,-2.35524e-12
1.80521e-05,0,0,0,1e+09,1e+09,1e+09,0,0,0,0,0,1,2,5.45658e-06,0,0.13091,-7.65052,-507.466,-666.747,5168.7,-1.05616e+07,-0.0771519,-0.0564231,-0.0667495,-0.000319255,-0.0110881,-2.9289e-12
1.81107e-05,0,0,0,1e+09,1e+09,1e+09,0,0,0,0,0,1,2,5.45658e-06,0,0.130909,-7.64649,-508.903,-673.201,5180.16,-1.06162e+07,-0.0781906,-0.0574763,-0.0669399,-0.000328762,-0.0112126,-3.63501e-12
1.81693e-05,0,0,0,1e+09,1e+09,1e+09,0,0,0,0,0,1,2,5.45658e-06,0,0.130909,-7.64246,-513.554,-680.438,5191.41,-1.06686e+07,-0.0792298,-0.058543,-0.0671286,-0.000339844,-0.0113365,-4.50238e-12
1.82279e-05,0,0,0,1e+09,1e+09,1e+09,0,0,0,0,0,1,2,5.45658e-06,0,0.130908,-7.63841,-517.265,-689.501,5203.61,-1.07189e+07,-0.0802778,-0.0595948,-0.0673337,-0.000351558,-0.0114608,-5.56573e-12
1.82865e-05,0,0,0,1e+09,1e+09,1e+09,0,0,0,0,0,1,2,5.45658e-06,0,0.130908,-7.63436,-517.217,-697.149,5216.4,-1.07672e+07,-0.081334,-0.0606388,-0.0675464,-0.000361484,-0.0115852,-6.86676e-12
1.83451e-05,0,0,0,1e+09,1e+09,1e+09,0,0,0,0,0,1,2,5.45658e-06,0,0.130907,-7.63029,-515.237,-699.879,5229.16,-1.08137e+07,-0.0823873,-0.0616995,-0.0677552,-0.000368535,-0.0117097,-8.4555e-12
1.84037e-05,0,0,0,1e+09,1e+09,1e+09,0,0,0,0,0,1,2,5.45658e-06,0,0.130907,-7.62622,-515.566,-698.608,5242.38,-1.08585e+07,-0.0834296,-0.062773,-0.0679714,-0.000374444,-0.0118349,-1.03918e-11
1.84623e-05,0,0,0,1e+09,1e+09,1e+09,0,0,0,0,0,1,2,5.45658e-06,0,0.130906,-7.62213,-520.037,-697.536,5257.21,-1.09019e+07,-0.0844647,-0.0638307,-0.068217,-0.000381763,-0.0119606,-1.27471e-11
1.85209e-05,0,0,0,1e+09,1e+09,1e+09,0,0,0,0,0,1,2,5.45658e-06,0,0.130906,-7.61803,-525.901,-699.533,5273.85,-1.09444e+07,-0.0855032,-0.0648572,-0.0684954,-0.000390966,-0.0120865,-1.56067e-11
1.85796e-05,0,0,0,1e+09,1e+09,1e+09,0,0,0,0,0,1,2,5.45658e-06,0,0.130906,-7.61392,-529.037,-704.015,5291.41,-1.09862e+07,-0.0865502,-0.0658679,-0.0687892,-0.000400481,-0.0122125,-1.90718e-11
1.86382e-05,0,0,0,1e+09,1e+09,1e+09,0,0,0,0,0,1,2,5.45658e-06,0,0.130905,-7.6098,-528.164,-709.347,5309.21,-1.10279e+07,-0.0876016,-0.0668838,-0.0690852,-0.000409163,-0.0123387,-2.32629e-11
1.86968e-05,0,0,0,1e+09,1e+09,1e+09,0,0,0,0,0,1,2,5.45658e-06,0,0.130905,-7.60566,-525.799,-715.005,5327.59,-1.10698e+07,-0.0886521,-0.0679029,-0.0693905,-0.000417593,-0.0124648,-2.83224e-11
1.87554e-05,0,0,0,1e+09,1e+09,1e+09,0,0,0,0,0,1,2,5.45658e-06,0,0.130904,-7.60151,-525.568,-721.384,5347.74,-1.11125e+07,-0.0897037,-0.0688977,-0.0697275,-0.000427033,-0.0125914,-3.4419e-11
1.8814e-05,0,0,0,1e+09,1e+09,1e+09,0,0,0,0,0,1,2,5.45658e-06,0,0.130904,-7.59733,-528.374,-728.431,5370.71,-1.11563e+07,-0.0907631,-0.0698417,-0.070115,-0.000437633,-0.0127189,-4.17517e-11
1.88726e-05,0,0,0,1e+09,1e+09,1e+09,0,0,0,0,0,1,2,5.45658e-06,0,0.130903,-7.59314,-530.787,-734.017,5396.6,-1.12017e+07,-0.0918301,-0.0707507,-0.0705519,-0.000447169,-0.0128474,-5.0555e-11
1.89312e-05,0,0,0,1e+09,1e+09,1e+09,0,0,0,0,0,1,2,5.45658e-06,0,0.130903,-7.58893,-522.766,-725.829,5426.11,-1.1249e+07,-0.0928858,-0.0716589,-0.0710398,-0.000446194,-0.0129784,-6.11046e-11
1.89898e-05,0,0,0,1e+09,1e+09,1e+09,0,0,0,0,0,1,2,5.45658e-06,0,0.130902,-7.5847,-503.548,-703.852,5459.56,-1.12986e+07,-0.0939064,-0.0725439,-0.0715866,-0.000436439,-0.0131095,-7.37239e-11
1.90484e-05,0,0,0,1e+09,1e+09,1e+09,0,0,0,0,0,1,2,5.45658e-06,0,0.130902,-7.58044,-486.079,-686.665,5496.12,-1.13506e+07,-0.0948876,-0.0734009,-0.0721922,-0.000429383,-0.0132401,-8.8792e-11
1.91071e-05,0,0,0,1e+09,1e+09,1e+09,0,0,0,0,0,1,2,5.45658e-06,0,0.130902,-7.57614,-476.562,-677.295,5534.84,-1.14051e+07,-0.0958488,-0.0742346,-0.0728433,-0.000427347,-0.0133704,-1.06752e-10
1.91657e-05,0,0,0,1e+09,1e+09,1e+09,0,0,0,0,0,1,2,5.45658e-06,0,0.130901,-7.57182,-474.421,-667.694,5574.74,-1.14622e+07,-0.0968103,-0.0750525,-0.073519,-0.000426871,-0.0135018,-1.28121e-10
1.92243e-05,0,0,0,1e+09,1e+09,1e+09,0,0,0,0,0,1,2,5.45658e-06,0,0.130901,-7.56747,-478.891,-659.15,5614.97,-1.15216e+07,-0.097775,-0.0758689,-0.0742042,-0.000428309,-0.0136339,-1.53501e-10
1.92829e-05,0,0,0,1e+09,1e+09,1e+09,0,0,0,0,0,1,2,5.45658e-06,0,0.1309,-7.56308,-487.982,-658.354,5655.14,-1.15831e+07,-0.0987369,-0.0766956,-0.0748943,-0.000433783,-0.0137669,-1.83593e-10
1.93415e-05,0,0,0,1e+09,1e+09,1e+09,0,0,0,0,0,1,2,5.45658e-06,0,0.1309,-7.55867,-497.655,-665.113,5695.5,-1.16462e+07,-0.099699,-0.0775271,-0.0755923,-0.000442216,-0.0139004,-2.19209e-10
1.94001e-05,0,0,0,1e+09,1e+09,1e+09,0,0,0,0,0,1,2,5.45658e-06,0,0.130899,-7.55422,-505.662,-675.837,5736.16,-1.17105e+07,-0.100671,-0.0783469,-0.0762976,-0.000451721,-0.014035,-2.61291e-10
1.94587e-05,0,0,0,1e+09,1e+09,1e+09,0,0,0,0,0,1,2,5.45658e-06,0,0.130899,-7.54974,-512.096,-690.904,5776.4,-1.17757e+07,-0.101657,-0.0791611,-0.0769974,-0.000462601,-0.0141704,-3.10927e-10
1.95173e-05,0,0,0,1e+09,1e+09,1e+09,0,0,0,0,0,1,2,5.45658e-06,0,0.130898,-7.54523,-516.973,-710.704,5814.82,-1.18413e+07,-0.102649,-0.0800042,-0.0776673,-0.000475157,-0.0143073,-3.69374e-10
1.95759e-05,0,0,0,1e+09,1e+09,1e+09,0,0,0,0,0,1,2,5.45658e-06,0,0.130898,-7.54069,-519.401,-728.304,5850.34,-1.19069e+07,-0.103647,-0.0809005,-0.0782866,-0.000488496,-0.014445,-4.38078e-10
1.96345e-05,0,0,0,1e+09,1e+09,1e+09,0,0,0,0,0,1,2,5.45658e-06,0,0.130898,-7.53613,-524.849,-744.792,5882.97,-1.19721e+07,-0.104659,-0.0818397,-0.0788571,-0.000502965,-0.0145839,-5.18706e-10
1.96932e-05,0,0,0,1e+09,1e+09,1e+09,0,0,0,0,0,1,2,5.45658e-06,0,0.130897,-7.53154,-536.052,-763.521,5913.76,-1.20364e+07,-0.105695,-0.0827902,-0.0793999,-0.00052083,-0.0147244,-6.13166e-10
1.97518e-05,0,0,0,1e+09,1e+09,1e+09,0,0,0,0,0,1,2,5.45658e-06,0,0.130897,-7.52692,-550.876,-786.476,5943.44,-1.20991e+07,-0.106757,-0.0837414,-0.0799282,-0.00054276,-0.0148658,-7.2365e-10
1.98104e-05,0,0,0,1e+09,1e+09,1e+09,0,0,0,0,0,1,2,5.45658e-06,0,0.130896,-7.52228,-566.34,-812.194,5971.21,-1.21597e+07,-0.107842,-0.0847088,-0.0804254,-0.000567215,-0.0150081,-8.52662e-10
1.9869e-05,0,0,0,1e+09,1e+09,1e+09,0,0,0,0,0,2,2,5.45658e-06,0,0.130896,-7.51762,-580.999,-837.429,5995.74,-1.22174e+07,-0.108947,-0.0857269,-0.0808655,-0.000591951,-0.0151514,-1.00306e-09
1.99276e-05,0,0,0,1e+09,1e+09,1e+09,0,0,0,0,0,2,2,5.45658e-06,0,0.130895,-7.51294,-591.803,-857.607,6017.56,-1.22717e+07,-0.110069,-0.0868017,-0.0812526,-0.000612825,-0.0152951,-1.17811e-09
1.99862e-05,0,0,0,1e+09,1e+09,1e+09,0,0,0,0,0,2,2,5.45658e-06,0,0.130895,-7.50825,-598.016,-873.392,6038.28,-1.2322e+07,-0.111205,-0.0878953,-0.0816157,-0.000629622,-0.0154397,-1.38151e-09
2.00448e-05,0,0,0,1e+09,1e+09,1e+09,0,0,0,0,0,2,2,5.45658e-06,0,0.130895,-7.50354,-602.2,-887.825,6058.54,-1.2368e+07,-0.112359,-0.0889817,-0.081969,-0.000645239,-0.0155852,-1.61748e-09
2.01034e-05,0,0,0,1e+09,1e+09,1e+09,0,0,0,0,0,2,2,5.45658e-06,0,0.130894,-7.49881,-606.214,-900.202,6077.59,-1.24095e+07,-0.113539,-0.0900711,-0.0822997,-0.00065982,-0.015731,-1.89079e-09
2.0162e-05,0,0,0,1e+09,1e+09,1e+09,0,0,0,0,0,2,2,5.45658e-06,0,0.130894,-7.49407,-609.961,-908.02,6094.81,-1.24465e+07,-0.114747,-0.0911807,-0.0825948,-0.000671702,-0.0158764,-2.20685e-09
2.02207e-05,0,0,0,1e+09,1e+09,1e+09,0,0,0,0,0,2,2,5.45658e-06,0,0.130893,-7.48931,-613.585,-911.878,6110.5,-1.24794e+07,-0.115979,-0.0923044,-0.0828605,-0.000681316,-0.0160215,-2.57176e-09
2.02793e-05,0,0,0,1e+09,1e+09,1e+09,0,0,0,0,0,2,2,5.45658e-06,0,0.130893,-7.48455,-618.496,-914.285,6125.31,-1.25084e+07,-0.11723,-0.0934296,-0.0831106,-0.000690685,-0.0161669,-2.99242e-09
2.03379e-05,0,0,0,1e+09,1e+09,1e+09,0,0,0,0,0,2,2,5.45658e-06,0,0.130892,-7.47977,-625.488,-916.553,6139.51,-1.25341e+07,-0.118495,-0.0945599,-0.0833509,-0.000700996,-0.0163133,-3.47658e-09
2.03965e-05,0,0,0,1e+09,1e+09,1e+09,0,0,0,0,0,2,2,5.45658e-06,0,0.130892,-7.47498,-632.834,-918.861,6153.17,-1.25571e+07,-0.119765,-0.0957064,-0.0835819,-0.000711638,-0.0164608,-4.03295e-09
2.04551e-05,0,0,0,1e+09,1e+09,1e+09,0,0,0,0,0,2,2,5.45658e-06,0,0.130891,-7.47018,-637.625,-921.313,6166.72,-1.2578e+07,-0.121038,-0.0968668,-0.0838093,-0.000721486,-0.0166097,-4.67131e-09
2.05137e-05,0,0,0,1e+09,1e+09,1e+09,0,0,0,0,0,2,2,5.45658e-06,0,0.130891,-7.46536,-639.409,-923.397,6180.63,-1.25974e+07,-0.122311,-0.0980275,-0.0840411,-0.000729909,-0.0167592,-5.40263e-09
2.05723e-05,0,0,0,1e+09,1e+09,1e+09,0,0,0,0,0,2,2,5.45658e-06,0,0.130891,-7.46054,-641.141,-923.737,6194.94,-1.26159e+07,-0.123586,-0.0991804,-0.0842792,-0.000737229,-0.0169077,-6.23914e-09
2.06309e-05,0,0,0,1e+09,1e+09,1e+09,0,0,0,0,0,2,2,5.45658e-06,0,0.13089,-7.45571,-645.813,-921.951,6209.4,-1.26338e+07,-0.124861,-0.100328,-0.0845201,-0.000744524,-0.0170557,-7.19452e-09
2.06895e-05,0,0,0,1e+09,1e+09,1e+09,0,0,0,0,0,2,2,5.45658e-06,0,0.13089,-7.45086,-653.369,-919.51,6223.84,-1.26515e+07,-0.126135,-0.101482,-0.0847621,-0.000752702,-0.0172038,-8.28401e-09
2.07481e-05,0,0,0,1e+09,1e+09,1e+09,0,0,0,0,0,2,2,5.45658e-06,0,0.130889,-7.44601,-660.694,-917.733,6238.42,-1.26694e+07,-0.127407,-0.102648,-0.085007,-0.000761513,-0.0173523,-9.52456e-09
2.08068e-05,0,0,0,1e+09,1e+09,1e+09,0,0,0,0,0,2,2,5.45658e-06,0,0.130889,-7.44114,-664.781,-916.12,6253.52,-1.2688e+07,-0.128682,-0.103812,-0.0852596,-0.000769334,-0.0175014,-1.0935e-08
2.08654e-05,0,0,0,1e+09,1e+09,1e+09,0,0,0,0,0,2,2,5.45658e-06,0,0.130888,-7.43626,-665.434,-913.659,6269.51,-1.27076e+07,-0.129968,-0.10496,-0.0855256,-0.000775333,-0.0176507,-1.25361e-08
2.0924e-05,0,0,0,1e+09,1e+09,1e+09,0,0,0,0,0,2,2,5.45658e-06,0,0.130888,-7.43137,-664.218,-910.648,6286.66,-1.27288e+07,-0.131261,-0.106083,-0.0858109,-0.000780382,-0.0177999,-1.43511e-08
2.09826e-05,0,0,0,1e+09,1e+09,1e+09,0,0,0,0,0,2,2,5.45658e-06,0,0.130888,-7.42646,-661.966,-907.828,6305.18,-1.27518e+07,-0.132557,-0.107184,-0.0861208,-0.000785253,-0.0179488,-1.64055e-08
2.10412e-05,0,0,0,1e+09,1e+09,1e+09,0,0,0,0,0,2,2,5.45658e-06,0,0.130887,-7.42155,-658.957,-904.575,6324.92,-1.27772e+07,-0.133853,-0.108268,-0.086452,-0.000789674,-0.0180974,-1.87273e-08
2.10998e-05,0,0,0,1e+09,1e+09,1e+09,0,0,0,0,0,2,2,5.45658e-06,0,0.130887,-7.41661,-656.204,-899.336,6345.23,-1.28052e+07,-0.135144,-0.10935,-0.0867928,-0.000793068,-0.0182456,-2.13476e-08
2.11584e-05,0,0,0,1e+09,1e+09,1e+09,0,0,0,0,0,2,2,5.45658e-06,0,0.130886,-7.41167,-654.591,-891.336,6365.5,-1.28361e+07,-0.13643,-0.110444,-0.0871328,-0.000795483,-0.0183938,-2.43005e-08
2.1217e-05,0,0,0,1e+09,1e+09,1e+09,0,0,0,0,0,2,2,5.45658e-06,0,0.130886,-7.4067,-653.699,-880.962,6385.59,-1.28697e+07,-0.13771,-0.111556,-0.0874692,-0.000797004,-0.0185422,-2.76232e-08
2.12756e-05,0,0,0,1e+09,1e+09,1e+09,0,0,0,0,0,2,2,5.45658e-06,0,0.130885,-7.40172,-652.576,-869.236,6405.6,-1.29058e+07,-0.138989,-0.112678,-0.0878038,-0.000797811,-0.0186912,-3.13568e-08
2.13343e-05,0,0,0,1e+09,1e+09,1e+09,0,0,0,0,0,2,2,5.45658e-06,0,0.130885,-7.39673,-651.09,-857.341,6425.45,-1.2944e+07,-0.140275,-0.113798,-0.0881359,-0.000798685,-0.018841,-3.5546e-08
2.13929e-05,0,0,0,1e+09,1e+09,1e+09,0,0,0,0,0,2,2,5.45658e-06,0,0.130884,-7.39172,-649.399,-845.969,6444.82,-1.29834e+07,-0.141578,-0.114912,-0.0884597,-0.000800122,-0.0189914,-4.02397e-08
2.14515e-05,0,0,0,1e+09,1e+09,1e+09,0,0,0,0,0,2,2,5.45658e-06,0,0.130884,-7.3867,-647.043,-835.207,6463.28,-1.30235e+07,-0.142903,-0.116024,-0.0887672,-0.000802036,-0.019142,-4.54912e-08
2.15101e-05,0,0,0,1e+09,1e+09,1e+09,0,0,0,0,0,2,2,5.45658e-06,0,0.130884,-7.38166,-643.694,-825.207,6480.42,-1.30631e+07,-0.144248,-0.117144,-0.0890509,-0.000804427,-0.0192932,-5.13583e-08
2.15687e-05,0,0,0,1e+09,1e+09,1e+09,0,0,0,0,0,2,2,5.45658e-06,0,0.130883,-7.37661,-640.298,-816.654,6495.94,-1.31016e+07,-0.145609,-0.118278,-0.0893064,-0.00080806,-0.0194451,-5.79041e-08
2.16273e-05,0,0,0,1e+09,1e+09,1e+09,0,0,0,0,0,2,2,5.45658e-06,0,0.130883,-7.37154,-638.684,-810.056,6509.64,-1.3138e+07,-0.146983,-0.119431,-0.0895312,-0.000813927,-0.0195975,-6.51968e-08
2.16859e-05,0,0,0,1e+09,1e+09,1e+09,0,0,0,0,0,2,2,5.45658e-06,0,0.130882,-7.36647,-640.138,-804.958,6521.42,-1.31717e+07,-0.148372,-0.120606,-0.0897241,-0.000822149,-0.0197496,-7.33103e-08
2.17445e-05,0,0,0,1e+09,1e+09,1e+09,0,0,0,0,0,2,2,5.45658e-06,0,0.130882,-7.36139,-644.014,-800.911,6531.45,-1.3202e+07,-0.149774,-0.121808,-0.0898877,-0.000832241,-0.0199012,-8.23242e-08
2.18031e-05,0,0,0,1e+09,1e+09,1e+09,0,0,0,0,0,2,2,5.45658e-06,0,0.130881,-7.3563,-648.258,-798.407,6540.26,-1.32284e+07,-0.151188,-0.12303,-0.0900309,-0.000843601,-0.0200524,-9.23249e-08
2.18617e-05,0,0,0,1e+09,1e+09,1e+09,0,0,0,0,0,2,2,5.45658e-06,0,0.130881,-7.35121,-651.611,-798.347,6548.53,-1.32506e+07,-0.152611,-0.124258,-0.0901653,-0.000856077,-0.0202039,-1.03405e-07
2.19204e-05,0,0,0,1e+09,1e+09,1e+09,0,0,0,0,0,2,2,5.45658e-06,0,0.130881,-7.3461,-654.59,-800.865,6556.63,-1.32684e+07,-0.154043,-0.125483,-0.0902984,-0.000869952,-0.0203561,-1.15664e-07
2.1979e-05,0,0,0,1e+09,1e+09,1e+09,0,0,0,0,0,2,2,5.45658e-06,0,0.13088,-7.34099,-658.21,-804.914,6564.63,-1.32819e+07,-0.155482,-0.126705,-0.090431,-0.000885009,-0.0205085,-1.29208e-07
2.20376e-05,0,0,0,1e+09,1e+09,1e+09,0,0,0,0,0,2,2,5.45658e-06,0,0.13088,-7.33588,-662.965,-808.892,6572.28,-1.32911e+07,-0.156925,-0.12793,-0.0905583,-0.000900564,-0.0206609,-1.44153e-07
2.20962e-05,0,0,0,1e+09,1e+09,1e+09,0,0,0,0,0,2,2,5.45658e-06,0,0.130879,-7.33076,-668.904,-811.599,6579.24,-1.32962e+07,-0.158373,-0.129167,-0.0906738,-0.000915996,-0.0208128,-1.60621e-07
2.21548e-05,0,0,0,1e+09,1e+09,1e+09,0,0,0,0,0,2,2,5.45658e-06,0,0.130879,-7.32563,-675.414,-812.682,6585.54,-1.32976e+07,-0.159827,-0.130418,-0.090777,-0.000931062,-0.0209637,-1.78742e-07
2.22134e-05,0,0,0,1e+09,1e+09,1e+09,0,0,0,0,0,2,2,5.45658e-06,0,0.130878,-7.3205,-680.222,-810.214,6591.85,-1.32956e+07,-0.16129,-0.131671,-0.0908795,-0.000945642,-0.0211141,-1.98656e-07
2.2272e-05,0,0,0,1e+09,1e+09,1e+09,0,0,0,0,0,2,2,5.45658e-06,0,0.130878,-7.31537,-682.239,-808.62,6599.2,-1.32908e+07,-0.162764,-0.132908,-0.0909997,-0.000959426,-0.0212647,-2.2051e-07
2.23306e-05,0,0,0,1e+09,1e+09,1e+09,0,0,0,0,0,2,2,5.45658e-06,0,0.130878,-7.31023,-680.702,-808.011,6608.28,-1.32839e+07,-0.164248,-0.134113,-0.0911491,-0.000971988,-0.0214156,-2.44462e-07
2.23892e-05,0,0,0,1e+09,1e+09,1e+09,0,0,0,0,0,2,2,5.45658e-06,0,0.130877,-7.30509,-676.7,-807.661,6619.06,-1.32755e+07,-0.165741,-0.135284,-0.0913276,-0.000983338,-0.0215666,-2.70678e-07
2.24479e-05,0,0,0,1e+09,1e+09,1e+09,0,0,0,0,0,2,2,5.45658e-06,0,0.130877,-7.29993,-672.279,-806.737,6631.18,-1.32666e+07,-0.167236,-0.136433,-0.0915296,-0.000993839,-0.0217177,-2.99334e-07
2.25065e-05,0,0,0,1e+09,1e+09,1e+09,0,0,0,0,0,2,2,5.45658e-06,0,0.130876,-7.29476,-669.016,-804.92,6644.52,-1.3258e+07,-0.168727,-0.13757,-0.0917538,-0.00100401,-0.021869,-3.30616e-07
2.25651e-05,0,0,0,1e+09,1e+09,1e+09,0,0,0,0,0,2,2,5.45658e-06,0,0.130876,-7.28959,-667.368,-802.697,6659.38,-1.32506e+07,-0.170208,-0.138693,-0.0920067,-0.00101435,-0.0220206,-3.64721e-07
2.26237e-05,0,0,0,1e+09,1e+09,1e+09,0,0,0,0,0,2,2,5.45658e-06,0,0.130875,-7.2844,-666.892,-800.58,6676.19,-1.32451e+07,-0.171678,-0.139796,-0.092296,-0.00102507,-0.0221725,-4.01854e-07
2.26823e-05,0,0,0,1e+09,1e+09,1e+09,0,0,0,0,0,2,2,5.45658e-06,0,0.130875,-7.2792,-666.859,-798.251,6695.01,-1.32424e+07,-0.17314,-0.140876,-0.0926225,-0.0010355,-0.0223245,-4.42231e-07
2.27409e-05,0,0,0,1e+09,1e+09,1e+09,0,0,0,0,0,2,2,5.45658e-06,0,0.130875,-7.27398,-666.691,-794.958,6715.66,-1.32431e+07,-0.174597,-0.141934,-0.0929816,-0.00104481,-0.0224768,-4.86079e-07
2.27995e-05,0,0,0,1e+09,1e+09,1e+09,0,0,0,0,0,2,2,5.45658e-06,0,0.130874,-7.26874,-665.937,-790.625,6738.06,-1.32479e+07,-0.176051,-0.142968,-0.0933718,-0.00105284,-0.0226298,-5.33635e-07
2.28581e-05,0,0,0,1e+09,1e+09,1e+09,0,0,0,0,0,2,2,5.45658e-06,0,0.130874,-7.26349,-663.916,-785.576,6762.45,-1.32572e+07,-0.177502,-0.143979,-0.0937971,-0.00105961,-0.0227837,-5.85147e-07
2.29167e-05,0,0,0,1e+09,1e+09,1e+09,0,0,0,0,0,2,2,5.45658e-06,0,0.130873,-7.25822,-659.779,-779.727,6789.05,-1.32714e+07,-0.178943,-0.144969,-0.0942613,-0.00106496,-0.0229383,-6.40873e-07
2.29753e-05,0,0,0,1e+09,1e+09,1e+09,0,0,0,0,0,2,2,5.45658e-06,0,0.130873,-7.25292,-653.192,-772.989,6817.81,-1.32908e+07,-0.180364,-0.14595,-0.0947633,-0.00106872,-0.0230934,-7.01079e-07
2.3034e-05,0,0,0,1e+09,1e+09,1e+09,0,0,0,0,0,2,2,5.45658e-06,0,0.130872,-7.2476,-644.402,-765.107,6848.43,-1.33156e+07,-0.181764,-0.146927,-0.0952982,-0.00107118,-0.023249,-7.66045e-07
2.30926e-05,0,0,0,1e+09,1e+09,1e+09,0,0,0,0,0,3,2,5.45658e-06,0,0.130872,-7.24226,-634.662,-756.343,6880.6,-1.33458e+07,-0.183151,-0.147894,-0.0958616,-0.00107296,-0.0234054,-8.36058e-07
2.31512e-05,0,0,0,1e+09,1e+09,1e+09,0,0,0,0,0,3,2,5.45658e-06,0,0.130872,-7.23689,-625.852,-747.365,6914.12,-1.33816e+07,-0.184537,-0.148842,-0.0964512,-0.00107487,-0.0235624,-9.11416e-07
2.32098e-05,0,0,0,1e+09,1e+09,1e+09,0,0,0,0,0,3,2,5.45658e-06,0,0.130871,-7.23149,-619.963,-739.134,6948.67,-1.34229e+07,-0.185928,-0.14977,-0.0970629,-0.00107785,-0.0237198,-9.92425e-07
2.32684e-05,0,0,0,1e+09,1e+09,1e+09,0,0,0,0,0,3,2,5.45658e-06,0,0.130871,-7.22607,-617.585,-732.145,6983.75,-1.34694e+07,-0.187328,-0.150682,-0.0976877,-0.0010822,-0.0238774,-1.0794e-06
2.3327e-05,0,0,0,1e+09,1e+09,1e+09,0,0,0,0,0,3,2,5.45658e-06,0,0.13087,-7.22062,-617.43,-726.317,7018.74,-1.3521e+07,-0.18874,-0.151588,-0.0983133,-0.00108759,-0.0240349,-1.17267e-06
2.33856e-05,0,0,0,1e+09,1e+09,1e+09,0,0,0,0,0,3,2,5.45658e-06,0,0.13087,-7.21514,-618.135,-722.051,7053.03,-1.35774e+07,-0.190166,-0.152497,-0.098928,-0.00109391,-0.0241925,-1.27256e-06
2.34442e-05,0,0,0,1e+09,1e+09,1e+09,0,0,0,0,0,3,2,5.45658e-06,0,0.130869,-7.20964,-619.411,-720.223,7086.08,-1.36384e+07,-0.191604,-0.153421,-0.0995216,-0.00110145,-0.0243507,-1.37942e-06
2.35028e-05,0,0,0,1e+09,1e+09,1e+09,0,0,0,0,0,3,2,5.45658e-06,0,0.130869,-7.20411,-621.026,-720.424,7117.52,-1.37036e+07,-0.193055,-0.154368,-0.100087,-0.00111025,-0.0245095,-1.49359e-06
2.35615e-05,0,0,0,1e+09,1e+09,1e+09,0,0,0,0,0,3,2,5.45658e-06,0,0.130869,-7.19856,-622.401,-720.904,7147.32,-1.37725e+07,-0.194519,-0.155339,-0.100623,-0.00111995,-0.0246688,-1.61542e-06
2.36201e-05,0,0,0,1e+09,1e+09,1e+09,0,0,0,0,0,3,2,5.45658e-06,0,0.130868,-7.19299,-624.531,-722.061,7175.58,-1.38449e+07,-0.195996,-0.15633,-0.101132,-0.00113041,-0.0248289,-1.74527e-06
2.36787e-05,0,0,0,1e+09,1e+09,1e+09,0,0,0,0,0,3,2,5.45658e-06,0,0.130868,-7.1874,-627.55,-723.782,7202.36,-1.392e+07,-0.197491,-0.15734,-0.101613,-0.0011416,-0.0249899,-1.88351e-06
2.37373e-05,0,0,0,1e+09,1e+09,1e+09,0,0,0,0,0,3,2,5.45658e-06,0,0.130867,-7.18178,-631.365,-726.14,7227.68,-1.39973e+07,-0.199002,-0.158366,-0.102068,-0.00115353,-0.0251518,-2.0305e-06
2.37959e-05,0,0,0,1e+09,1e+09,1e+09,0,0,0,0,0,3,2,5.45658e-06,0,0.130867,-7.17615,-636.06,-729.483,7251.7,-1.40761e+07,-0.200535,-0.159401,-0.102501,-0.00116642,-0.0253145,-2.18662e-06
2.38545e-05,0,0,0,1e+09,1e+09,1e+09,0,0,0,0,0,3,2,5.45658e-06,0,0.130867,-7.17049,-642.144,-734.292,7274.69,-1.41556e+07,-0.202091,-0.160435,-0.102915,-0.00118061,-0.0254783,-2.35223e-06
2.39131e-05,0,0,0,1e+09,1e+09,1e+09,0,0,0,0,0,3,2,5.45658e-06,0,0.130866,-7.16482,-649.982,-740.778,7296.64,-1.42349e+07,-0.203673,-0.161466,-0.103312,-0.00119637,-0.0256426,-2.52772e-06
2.39717e-05,0,0,0,1e+09,1e+09,1e+09,0,0,0,0,0,3,2,5.45658e-06,0,0.130866,-7.15913,-659.203,-748.694,7317.38,-1.43132e+07,-0.205273,-0.162506,-0.103687,-0.0012136,-0.0258072,-2.71346e-06
2.40303e-05,0,0,0,1e+09,1e+09,1e+09,0,0,0,0,0,3,2,5.45658e-06,0,0.130865,-7.15343,-668.397,-755.327,7336.99,-1.43897e+07,-0.206883,-0.163564,-0.104042,-0.0012319,-0.0259718,-2.90982e-06
2.4089e-05,0,0,0,1e+09,1e+09,1e+09,0,0,0,0,0,3,2,5.45658e-06,0,0.130865,-7.14771,-676.859,-761.854,7355.89,-1.44637e+07,-0.208498,-0.164639,-0.104384,-0.00125123,-0.0261365,-3.11719e-06
2.41476e-05,0,0,0,1e+09,1e+09,1e+09,0,0,0,0,0,3,2,5.45658e-06,0,0.130864,-7.14197,-684.409,-770.035,7374.47,-1.4535e+07,-0.210113,-0.165727,-0.104719,-0.00127156,-0.0263013,-3.33593e-06
2.42062e-05,0,0,0,1e+09,1e+09,1e+09,0,0,0,0,0,3,2,5.45658e-06,0,0.130864,-7.13622,-691.19,-779.344,7392.91,-1.46032e+07,-0.211726,-0.166826,-0.105052,-0.00129255,-0.0264663,-3.56641e-06
2.42648e-05,0,0,0,1e+09,1e+09,1e+09,0,0,0,0,0,3,2,5.45658e-06,0,0.130864,-7.13046,-697.791,-788.928,7411.25,-1.46685e+07,-0.213339,-0.167934,-0.105382,-0.00131397,-0.0266316,-3.809e-06
2.43234e-05,0,0,0,1e+09,1e+09,1e+09,0,0,0,0,0,3,2,5.45658e-06,0,0.130863,-7.12469,-704.605,-798.53,7429.55,-1.47314e+07,-0.214955,-0.169047,-0.105711,-0.00133583,-0.026797,-4.06407e-06
2.4382e-05,0,0,0,1e+09,1e+09,1e+09,0,0,0,0,0,3,2,5.45658e-06,0,0.130863,-7.1189,-711.502,-808.371,7447.85,-1.47924e+07,-0.216575,-0.170162,-0.106039,-0.00135821,-0.0269625,-4.33197e-06
2.44406e-05,0,0,0,1e+09,1e+09,1e+09,0,0,0,0,0,3,2,5.45658e-06,0,0.130862,-7.11309,-718.204,-818.653,7466.27,-1.48524e+07,-0.2182,-0.171278,-0.106369,-0.0013811,-0.0271283,-4.61305e-06
2.44992e-05,0,0,0,1e+09,1e+09,1e+09,0,0,0,0,0,3,2,5.45658e-06,0,0.130862,-7.10727,-724.666,-829.454,7485.12,-1.49123e+07,-0.219828,-0.172388,-0.106707,-0.00140464,-0.0272942,-4.90766e-06
2.45578e-05,0,0,0,1e+09,1e+09,1e+09,0,0,0,0,0,3,2,5.45658e-06,0,0.130862,-7.10144,-731.079,-840.83,7504.6,-1.49729e+07,-0.221458,-0.173492,-0.107056,-0.0014289,-0.0274606,-5.21614e-06
2.46164e-05,0,0,0,1e+09,1e+09,1e+09,0,0,0,0,0,3,2,5.45658e-06,0,0.130861,-7.09559,-737.579,-852.478,7524.71,-1.50351e+07,-0.223085,-0.174591,-0.107417,-0.00145368,-0.0276271,-5.53881e-06
2.46751e-05,0,0,0,1e+09,1e+09,1e+09,0,0,0,0,0,3,2,5.45658e-06,0,0.130861,-7.08973,-744.087,-863.726,7545.43,-1.50994e+07,-0.22471,-0.175689,-0.107788,-0.00147851,-0.0277934,-5.87599e-06
2.47337e-05,0,0,0,1e+09,1e+09,1e+09,0,0,0,0,0,3,2,5.45658e-06,0,0.13086,-7.08385,-750.458,-874.033,7566.95,-1.51662e+07,-0.22633,-0.176785,-0.108173,-0.00150279,-0.0279594,-6.22801e-06
2.47923e-05,0,0,0,1e+09,1e+09,1e+09,0,0,0,0,0,3,2,5.45658e-06,0,0.13086,-7.07795,-756.523,-883.203,7589.52,-1.52356e+07,-0.227942,-0.177879,-0.108576,-0.00152612,-0.0281251,-6.59517e-06
2.48509e-05,0,0,0,1e+09,1e+09,1e+09,0,0,0,0,0,3,2,5.45658e-06,0,0.130859,-7.07204,-761.97,-891.072,7613.1,-1.53075e+07,-0.22954,-0.178975,-0.108997,-0.00154822,-0.0282913,-6.97776e-06
2.49095e-05,0,0,0,1e+09,1e+09,1e+09,0,0,0,0,0,3,2,5.45658e-06,0,0.130859,-7.0661,-766.502,-897.344,7637.34,-1.53817e+07,-0.231124,-0.180078,-0.109427,-0.00156878,-0.0284584,-7.37607e-06
2.49681e-05,0,0,0,1e+09,1e+09,1e+09,0,0,0,0,0,3,2,5.45658e-06,0,0.130859,-7.06015,-770.035,-901.89,7661.9,-1.5458e+07,-0.2327,-0.181191,-0.109861,-0.00158765,-0.0286266,-7.79039e-06
2.50267e-05,0,0,0,1e+09,1e+09,1e+09,0,0,0,0,0,3,2,5.45658e-06,0,0.130858,-7.05417,-772.643,-904.786,7686.55,-1.55362e+07,-0.234271,-0.182314,-0.110294,-0.00160489,-0.0287956,-8.22097e-06
2.50853e-05,0,0,0,1e+09,1e+09,1e+09,0,0,0,0,0,3,2,5.45658e-06,0,0.130858,-7.04818,-774.541,-905.881,7711.13,-1.5616e+07,-0.235838,-0.18345,-0.110724,-0.00162054,-0.0289651,-8.66809e-06
2.51439e-05,0,0,0,1e+09,1e+09,1e+09,0,0,0,0,0,3,2,5.45658e-06,0,0.130857,-7.04217,-775.996,-904.872,7735.44,-1.56972e+07,-0.2374,-0.184604,-0.111147,-0.00163442,-0.0291348,-9.132e-06
2.52026e-05,0,0,0,1e+09,1e+09,1e+09,0,0,0,0,0,3,2,5.45658e-06,0,0.130857,-7.03614,-777.152,-901.82,7759.26,-1.57797e+07,-0.238959,-0.185777,-0.111558,-0.00164668,-0.0293043,-9.61295e-06
2.52612e-05,0,0,0,1e+09,1e+09,1e+09,0,0,0,0,0,3,2,5.45658e-06,0,0.130857,-7.03009,-777.949,-897.229,7782.39,-1.58631e+07,-0.24052,-0.186969,-0.111955,-0.00165782,-0.0294737,-1.01112e-05
2.53198e-05,0,0,0,1e+09,1e+09,1e+09,0,0,0,0,0,3,2,5.45658e-06,0,0.130856,-7.02403,-778.268,-891.599,7804.65,-1.59474e+07,-0.242089,-0.188176,-0.112334,-0.00166818,-0.0296433,-1.06269e-05
2.53784e-05,0,0,0,1e+09,1e+09,1e+09,0,0,0,0,0,3,2,5.45658e-06,0,0.130856,-7.01794,-778.179,-885.033,7825.98,-1.60321e+07,-0.243668,-0.189396,-0.112694,-0.00167798,-0.0298131,-1.11605e-05
2.5437e-05,0,0,0,1e+09,1e+09,1e+09,0,0,0,0,0,3,2,5.45658e-06,0,0.130855,-7.01185,-778.108,-877.351,7846.32,-1.61166e+07,-0.245256,-0.190632,-0.113035,-0.00168744,-0.0299833,-1.1712e-05
2.54956e-05,0,0,0,1e+09,1e+09,1e+09,0,0,0,0,0,3,2,5.45658e-06,0,0.130855,-7.00573,-778.527,-868.333,7865.55,-1.62004e+07,-0.246848,-0.191889,-0.113355,-0.00169667,-0.0301536,-1.22817e-05
2.55542e-05,0,0,0,1e+09,1e+09,1e+09,0,0,0,0,0,3,2,5.45658e-06,0,0.130854,-6.99961,-779.408,-857.765,7883.47,-1.62825e+07,-0.24844,-0.193176,-0.11365,-0.00170553,-0.0303245,-1.28699e-05
2.56128e-05,0,0,0,1e+09,1e+09,1e+09,0,0,0,0,0,3,2,5.45658e-06,0,0.130854,-6.99346,-780.286,-845.869,7900.09,-1.63619e+07,-0.250031,-0.194495,-0.11392,-0.00171402,-0.0304963,-1.34768e-05
2.56714e-05,0,0,0,1e+09,1e+09,1e+09,0,0,0,0,0,3,2,5.45658e-06,0,0.130854,-6.98731,-780.915,-833.402,7915.56,-1.64376e+07,-0.25162,-0.19584,-0.114169,-0.0017225,-0.0306687,-1.41026e-05
2.573e-05,0,0,0,1e+09,1e+09,1e+09,0,0,0,0,0,3,2,5.45658e-06,0,0.130853,-6.98114,-781.633,-821.326,7930.05,-1.65084e+07,-0.253208,-0.197206,-0.1144,-0.00173162,-0.0308418,-1.47476e-05
2.57887e-05,0,0,0,1e+09,1e+09,1e+09,0,0,0,0,0,3,2,5.45658e-06,0,0.130853,-6.97496,-783.009,-810.316,7943.61,-1.65734e+07,-0.254796,-0.198589,-0.114615,-0.00174203,-0.0310156,-1.5412e-05
2.58473e-05,0,0,0,1e+09,1e+09,1e+09,0,0,0,0,0,3,2,5.45658e-06,0,0.130852,-6.96877,-785.225,-800.74,7956.2,-1.66317e+07,-0.256384,-0.199991,-0.114813,-0.00175401,-0.0311897,-1.60961e-05
2.59059e-05,0,0,0,1e+09,1e+09,1e+09,0,0,0,0,0,3,2,5.45658e-06,0,0.130852,-6.96257,-787.79,-793.26,7967.91,-1.66826e+07,-0.257972,-0.201409,-0.114997,-0.00176767,-0.0313639,-1.68e-05
2.59645e-05,0,0,0,1e+09,1e+09,1e+09,0,0,0,0,0,3,2,5.45658e-06,0,0.130852,-6.95636,-789.883,-788.711,7978.99,-1.67258e+07,-0.25956,-0.202842,-0.115171,-0.00178304,-0.0315378,-1.75242e-05
2.60231e-05,0,0,0,1e+09,1e+09,1e+09,0,0,0,0,0,3,2,5.45658e-06,0,0.130851,-6.95015,-790.954,-787.141,7989.8,-1.6761e+07,-0.261146,-0.204287,-0.11534,-0.00179986,-0.0317118,-1.82688e-05
2.60817e-05,0,0,0,1e+09,1e+09,1e+09,0,0,0,0,0,3,2,5.45658e-06,0,0.130851,-6.94392,-790.527,-785.383,8000.77,-1.67882e+07,-0.262729,-0.205739,-0.115513,-0.0018174,-0.0318863,-1.90341e-05
2.61403e-05,0,0,0,1e+09,1e+09,1e+09,0,0,0,0,0,3,2,5.45658e-06,0,0.13085,-6.93769,-789.286,-783.859,8012.37,-1.68079e+07,-0.26431,-0.207187,-0.115697,-0.00183497,-0.0320614,-1.98205e-05
2.61989e-05,0,0,0,1e+09,1e+09,1e+09,0,0,0,0,0,3,2,5.45658e-06,0,0.13085,-6.93144,-787.448,-782.244,8025,-1.68203e+07,-0.265891,-0.208623,-0.1159,-0.00185205,-0.0322366,-2.06282e-05
2.62575e-05,0,0,0,1e+09,1e+09,1e+09,0,0,0,0,0,3,2,5.45658e-06,0,0.13085,-6.92519,-784.92,-780.185,8038.71,-1.68262e+07,-0.267473,-0.210041,-0.116122,-0.00186829,-0.0324116,-2.14575e-05
2.63162e-05,0,0,0,1e+09,1e+09,1e+09,0,0,0,0,0,3,2,5.45658e-06,0,0.130849,-6.91893,-781.477,-777.621,8053.28,-1.68262e+07,-0.269058,-0.211445,-0.116359,-0.00188369,-0.0325861,-2.23088e-05
2.63748e-05,0,0,0,1e+09,1e+09,1e+09,0,0,0,0,0,3,2,5.45658e-06,0,0.130849,-6.91265,-776.809,-774.777,8068.45,-1.68213e+07,-0.270642,-0.212844,-0.116606,-0.00189845,-0.0327602,-2.31824e-05
2.64334e-05,0,0,0,1e+09,1e+09,1e+09,0,0,0,0,0,3,2,5.45658e-06,0,0.130848,-6.90637,-770.73,-771.758,8084.08,-1.68122e+07,-0.272227,-0.21424,-0.116859,-0.0019126,-0.0329342,-2.40787e-05
2.6492e-05,0,0,0,1e+09,1e+09,1e+09,0,0,0,0,0,3,2,5.45658e-06,0,0.130848,-6.90007,-763.505,-768.327,8100.13,-1.68001e+07,-0.273814,-0.215636,-0.117118,-0.00192616,-0.0331082,-2.4998e-05
2.65506e-05,0,0,0,1e+09,1e+09,1e+09,0,0,0,0,0,3,2,5.45658e-06,0,0.130848,-6.89376,-755.979,-763.973,8116.67,-1.67858e+07,-0.275405,-0.217027,-0.117385,-0.00193918,-0.0332826,-2.59408e-05
2.66092e-05,0,0,0,1e+09,1e+09,1e+09,0,0,0,0,0,3,2,5.45658e-06,0,0.130847,-6.88744,-749.294,-758.122,8133.92,-1.67704e+07,-0.277003,-0.218404,-0.117663,-0.0019516,-0.0334574,-2.69073e-05
2.66678e-05,0,0,0,1e+09,1e+09,1e+09,0,0,0,0,0,3,2,5.45658e-06,0,0.130847,-6.8811,-744.438,-750.372,8152.18,-1.67551e+07,-0.278614,-0.219757,-0.117961,-0.00196345,-0.0336325,-2.78981e-05
2.67264e-05,0,0,0,1e+09,1e+09,1e+09,0,0,0,0,0,3,2,5.45658e-06,0,0.130846,-6.87475,-741.844,-740.475,8171.59,-1.67408e+07,-0.280236,-0.221078,-0.118279,-0.00197494,-0.0338078,-2.89136e-05
2.6785e-05,0,0,0,1e+09,1e+09,1e+09,0,0,0,0,0,3,2,5.45658e-06,0,0.130846,-6.86838,-741.288,-729.155,8191.83,-1.67284e+07,-0.281869,-0.222374,-0.118614,-0.00198645,-0.0339831,-2.99542e-05
2.68436e-05,0,0,0,1e+09,1e+09,1e+09,0,0,0,0,0,3,2,5.45658e-06,0,0.130846,-6.862,-741.814,-717.829,8212.3,-1.67187e+07,-0.283509,-0.223658,-0.118952,-0.00199842,-0.0341582,-3.10203e-05
2.69023e-05,0,0,0,1e+09,1e+09,1e+09,0,0,0,0,0,3,2,5.45658e-06,0,0.130845,-6.8556,-742.201,-707.853,8232.44,-1.67123e+07,-0.285158,-0.224942,-0.119284,-0.00201121,-0.0343333,-3.21125e-05
2.69609e-05,0,0,0,1e+09,1e+09,1e+09,0,0,0,0,0,3,2,5.45658e-06,0,0.130845,-6.84919,-741.678,-699.784,8252,-1.67096e+07,-0.286812,-0.226234,-0.119603,-0.00202487,-0.0345087,-3.32312e-05
2.70195e-05,0,0,0,1e+09,1e+09,1e+09,0,0,0,0,0,3,2,5.45658e-06,0,0.130844,-6.84276,-740.087,-692.96,8271.13,-1.67108e+07,-0.28847,-0.227536,-0.119912,-0.0020391,-0.0346846,-3.4377e-05
2.70781e-05,0,0,0,1e+09,1e+09,1e+09,0,0,0,0,0,3,2,5.45658e-06,0,0.130844,-6.83632,-737.767,-686.049,8290.11,-1.67159e+07,-0.290134,-0.228841,-0.120216,-0.00205361,-0.0348611,-3.55502e-05
2.71367e-05,0,0,0,1e+09,1e+09,1e+09,0,0,0,0,0,3,2,5.45658e-06,0,0.130844,-6.82986,-735.398,-679.228,8309.17,-1.67247e+07,-0.291805,-0.230144,-0.120519,-0.00206826,-0.035038,-3.67516e-05
2.71953e-05,0,0,0,1e+09,1e+09,1e+09,0,0,0,0,0,3,2,5.45658e-06,0,0.130843,-6.82339,-732.921,-672.538,8328.42,-1.67369e+07,-0.293486,-0.23144,-0.120824,-0.00208292,-0.0352153,-3.79815e-05
2.72539e-05,0,0,0,1e+09,1e+09,1e+09,0,0,0,0,0,3,2,5.45658e-06,0,0.130843,-6.8169,-729.813,-666.319,8347.92,-1.67522e+07,-0.295172,-0.232734,-0.121131,-0.00209759,-0.0353929,-3.92406e-05
2.73125e-05,0,0,0,1e+09,1e+09,1e+09,0,0,0,0,0,3,2,5.45658e-06,0,0.130842,-6.81039,-725.846,-660.735,8367.59,-1.677e+07,-0.296855,-0.234033,-0.12144,-0.00211237,-0.0355707,-4.05294e-05
2.73711e-05,0,0,0,1e+09,1e+09,1e+09,0,0,0,0,0,3,2,5.45658e-06,0,0.130842,-6.80387,-721.524,-655.641,8387.26,-1.67901e+07,-0.298532,-0.235345,-0.121746,-0.00212744,-0.0357484,-4.18486e-05
2.74298e-05,0,0,0,1e+09,1e+09,1e+09,0,0,0,0,0,3,2,5.45658e-06,0,0.130842,-6.79734,-717.688,-650.797,8406.72,-1.68121e+07,-0.300202,-0.236673,-0.122046,-0.00214301,-0.0359259,-4.31986e-05
2.74884e-05,0,0,0,1e+09,1e+09,1e+09,0,0,0,0,0,3,2,5.45658e-06,0,0.130841,-6.79079,-714.908,-646.05,8425.86,-1.68356e+07,-0.301866,-0.238018,-0.122339,-0.00215933,-0.0361033,-4.45802e-05
2.7547e-05,0,0,0,1e+09,1e+09,1e+09,0,0,0,0,0,3,2,5.45658e-06,0,0.130841,-6.78423,-713.348,-641.336,8444.68,-1.68604e+07,-0.303526,-0.239379,-0.122625,-0.00217648,-0.0362805,-4.59939e-05
2.76056e-05,0,0,0,1e+09,1e+09,1e+09,0,0,0,0,0,3,2,5.45658e-06,0,0.13084,-6.77765,-713.044,-636.553,8463.22,-1.68863e+07,-0.305183,-0.240756,-0.122905,-0.00219435,-0.0364577,-4.74403e-05
2.76642e-05,0,0,0,1e+09,1e+09,1e+09,0,0,0,0,0,3,2,5.45658e-06,0,0.13084,-6.77106,-714.27,-631.437,8481.5,-1.69131e+07,-0.306837,-0.242145,-0.123179,-0.0022129,-0.0366347,-4.89202e-05
2.77228e-05,0,0,0,1e+09,1e+09,1e+09,0,0,0,0,0,3,2,5.45658e-06,0,0.13084,-6.76445,-717.388,-625.724,8499.43,-1.69405e+07,-0.308493,-0.243543,-0.123445,-0.00223213,-0.0368118,-5.04342e-05
2.77814e-05,0,0,0,1e+09,1e+09,1e+09,0,0,0,0,0,3,2,5.45658e-06,0,0.130839,-6.75784,-721.991,-619.655,8516.87,-1.69682e+07,-0.310157,-0.244949,-0.123701,-0.00225199,-0.036989,-5.19829e-05
2.784e-05,0,0,0,1e+09,1e+09,1e+09,0,0,0,0,0,3,2,5.45658e-06,0,0.130839,-6.7512,-726.564,-614.154,8533.8,-1.6996e+07,-0.311826,-0.246366,-0.123946,-0.00227247,-0.0371667,-5.3567e-05
2.78986e-05,0,0,0,1e+09,1e+09,1e+09,0,0,0,0,0,3,2,5.45658e-06,0,0.130838,-6.74456,-729.509,-610.245,8550.39,-1.70234e+07,-0.3135,-0.247794,-0.124182,-0.00229356,-0.0373447,-5.51873e-05
2.79572e-05,0,0,0,1e+09,1e+09,1e+09,0,0,0,0,0,3,2,5.45658e-06,0,0.130838,-6.7379,-730.472,-608.22,8566.82,-1.705e+07,-0.315176,-0.249231,-0.124411,-0.00231525,-0.0375228,-5.68445e-05
2.80159e-05,0,0,0,1e+09,1e+09,1e+09,0,0,0,0,0,3,2,5.45658e-06,0,0.130838,-6.73123,-730.704,-607.358,8583.2,-1.70756e+07,-0.316855,-0.250671,-0.124638,-0.00233749,-0.0377009,-5.85393e-05
2.80745e-05,0,0,0,1e+09,1e+09,1e+09,0,0,0,0,0,3,2,5.45658e-06,0,0.130837,-6.72455,-732.085,-606.477,8599.57,-1.70997e+07,-0.31854,-0.252109,-0.124863,-0.00236028,-0.0378795,-6.02725e-05
2.81331e-05,0,0,0,1e+09,1e+09,1e+09,0,0,0,0,0,4,2,5.45658e-06,0,0.130837,-6.71785,-735.681,-604.906,8615.97,-1.71223e+07,-0.320229,-0.253545,-0.125088,-0.0023836,-0.0380585,-6.20448e-05
2.81917e-05,0,0,0,1e+09,1e+09,1e+09,0,0,0,0,0,4,2,5.45658e-06,0,0.130836,-6.71114,-740.474,-603.26,8632.17,-1.71434e+07,-0.321919,-0.254989,-0.125308,-0.00240735,-0.0382378,-6.38571e-05
2.82503e-05,0,0,0,1e+09,1e+09,1e+09,0,0,0,0,0,4,2,5.45658e-06,0,0.130836,-6.70442,-743.96,-603.265,8648.13,-1.71632e+07,-0.323607,-0.256446,-0.125522,-0.00243157,-0.0384175,-6.57101e-05
2.83089e-05,0,0,0,1e+09,1e+09,1e+09,0,0,0,0,0,4,2,5.45658e-06,0,0.130836,-6.69768,-744.143,-606.687,8664.6,-1.71823e+07,-0.325294,-0.257904,-0.125743,-0.00245651,-0.0385977,-6.76048e-05
2.83675e-05,0,0,0,1e+09,1e+09,1e+09,0,0,0,0,0,4,2,5.45658e-06,0,0.130835,-6.69094,-740.297,-614.202,8682.36,-1.72012e+07,-0.326984,-0.259341,-0.125986,-0.00248226,-0.0387782,-6.95419e-05
2.84261e-05,0,0,0,1e+09,1e+09,1e+09,0,0,0,0,0,4,2,5.45658e-06,0,0.130835,-6.68417,-732.628,-624.75,8701.57,-1.72207e+07,-0.328677,-0.260754,-0.126254,-0.00250838,-0.038959,-7.15223e-05
2.84847e-05,0,0,0,1e+09,1e+09,1e+09,0,0,0,0,0,4,2,5.45658e-06,0,0.130834,-6.6774,-722.221,-636.149,8722.32,-1.72419e+07,-0.330372,-0.262144,-0.126549,-0.00253412,-0.0391398,-7.3547e-05
2.85434e-05,0,0,0,1e+09,1e+09,1e+09,0,0,0,0,0,4,2,5.45658e-06,0,0.130834,-6.6706,-710.891,-646.746,8745.08,-1.72657e+07,-0.332064,-0.263504,-0.126882,-0.00255915,-0.0393207,-7.56169e-05
2.8602e-05,0,0,0,1e+09,1e+09,1e+09,0,0,0,0,0,4,2,5.45658e-06,0,0.130834,-6.66379,-700.639,-655.511,8769.8,-1.72931e+07,-0.333749,-0.264837,-0.127252,-0.00258342,-0.0395019,-7.77329e-05
2.86606e-05,0,0,0,1e+09,1e+09,1e+09,0,0,0,0,0,4,2,5.45658e-06,0,0.130833,-6.65696,-692.652,-661.213,8795.68,-1.73249e+07,-0.335422,-0.266165,-0.127647,-0.00260665,-0.0396837,-7.98961e-05
2.87192e-05,0,0,0,1e+09,1e+09,1e+09,0,0,0,0,0,4,2,5.45658e-06,0,0.130833,-6.6501,-686.008,-663.404,8822.34,-1.73618e+07,-0.337076,-0.2675,-0.128057,-0.00262829,-0.0398664,-8.21074e-05
2.87778e-05,0,0,0,1e+09,1e+09,1e+09,0,0,0,0,0,4,2,5.45658e-06,0,0.130832,-6.64323,-678.672,-663.125,8849.94,-1.74042e+07,-0.338712,-0.268839,-0.128485,-0.00264815,-0.0400499,-8.43678e-05
2.88364e-05,0,0,0,1e+09,1e+09,1e+09,0,0,0,0,0,4,2,5.45658e-06,0,0.130832,-6.63633,-669.506,-661.592,8878.31,-1.7452e+07,-0.340333,-0.270183,-0.128927,-0.00266655,-0.0402337,-8.66786e-05
2.8895e-05,0,0,0,1e+09,1e+09,1e+09,0,0,0,0,0,4,2,5.45658e-06,0,0.130832,-6.62942,-658.575,-658.967,8906.84,-1.75051e+07,-0.341944,-0.271538,-0.129373,-0.00268381,-0.0404176,-8.90406e-05
2.89536e-05,0,0,0,1e+09,1e+09,1e+09,0,0,0,0,0,4,2,5.45658e-06,0,0.130831,-6.62248,-646.633,-654.945,8935.52,-1.7563e+07,-0.343556,-0.272891,-0.129823,-0.00270028,-0.0406016,-9.14551e-05
2.90122e-05,0,0,0,1e+09,1e+09,1e+09,0,0,0,0,0,4,2,5.45658e-06,0,0.130831,-6.61551,-635.327,-649.648,8964.71,-1.7625e+07,-0.345185,-0.274217,-0.130285,-0.00271669,-0.0407861,-9.39232e-05
2.90708e-05,0,0,0,1e+09,1e+09,1e+09,0,0,0,0,0,4,2,5.45658e-06,0,0.130831,-6.60853,-626.158,-644.082,8994.22,-1.76903e+07,-0.346837,-0.275513,-0.130758,-0.00273393,-0.040971,-9.64461e-05
2.91295e-05,0,0,0,1e+09,1e+09,1e+09,0,0,0,0,0,4,2,5.45658e-06,0,0.13083,-6.60152,-618.743,-638.973,9023.38,-1.77581e+07,-0.348509,-0.276796,-0.131228,-0.0027523,-0.0411563,-9.9025e-05
2.91881e-05,0,0,0,1e+09,1e+09,1e+09,0,0,0,0,0,4,2,5.45658e-06,0,0.13083,-6.59449,-611.918,-634.534,9051.63,-1.78277e+07,-0.350188,-0.278093,-0.131682,-0.00277141,-0.0413421,-0.000101661
2.92467e-05,0,0,0,1e+09,1e+09,1e+09,0,0,0,0,0,4,2,5.45658e-06,0,0.130829,-6.58743,-603.914,-630.608,9078.51,-1.78981e+07,-0.351863,-0.279426,-0.132108,-0.00279058,-0.0415287,-0.000104356
2.93053e-05,0,0,0,1e+09,1e+09,1e+09,0,0,0,0,0,4,2,5.45658e-06,0,0.130829,-6.58036,-592.824,-627.54,9103.88,-1.79688e+07,-0.353529,-0.280804,-0.132504,-0.00280974,-0.0417159,-0.00010711
2.93639e-05,0,0,0,1e+09,1e+09,1e+09,0,0,0,0,0,4,2,5.45658e-06,0,0.130829,-6.57326,-578.612,-627.025,9128.46,-1.80393e+07,-0.355187,-0.282208,-0.132887,-0.00282992,-0.0419038,-0.000109926
2.94225e-05,0,0,0,1e+09,1e+09,1e+09,0,0,0,0,0,4,2,5.45658e-06,0,0.130828,-6.56615,-563.365,-629.234,9153.14,-1.81091e+07,-0.356842,-0.283614,-0.133277,-0.00285217,-0.0420922,-0.000112803
2.94811e-05,0,0,0,1e+09,1e+09,1e+09,0,0,0,0,0,4,2,5.45658e-06,0,0.130828,-6.55902,-548.954,-631.315,9177.64,-1.81779e+07,-0.35849,-0.285031,-0.133667,-0.0028756,-0.0422811,-0.000115745
2.95397e-05,0,0,0,1e+09,1e+09,1e+09,0,0,0,0,0,4,2,5.45658e-06,0,0.130827,-6.55187,-536.46,-630.63,9201.07,-1.82455e+07,-0.360124,-0.286488,-0.13404,-0.00289826,-0.0424705,-0.000118752
2.95983e-05,0,0,0,1e+09,1e+09,1e+09,0,0,0,0,0,4,2,5.45658e-06,0,0.130827,-6.5447,-527.036,-626.808,9223.2,-1.83117e+07,-0.361742,-0.287984,-0.134392,-0.00291995,-0.0426598,-0.000121825
2.9657e-05,0,0,0,1e+09,1e+09,1e+09,0,0,0,0,0,4,2,5.45658e-06,0,0.130827,-6.53751,-520.768,-622.756,9244.5,-1.8376e+07,-0.363359,-0.289497,-0.134731,-0.00294256,-0.0428486,-0.000124966
2.97156e-05,0,0,0,1e+09,1e+09,1e+09,0,0,0,0,0,4,2,5.45658e-06,0,0.130826,-6.53031,-515.13,-621.089,9265.42,-1.84381e+07,-0.364988,-0.291004,-0.135066,-0.00296724,-0.0430375,-0.000128176
2.97742e-05,0,0,0,1e+09,1e+09,1e+09,0,0,0,0,0,4,2,5.45658e-06,0,0.130826,-6.52309,-507.431,-622.198,9286.13,-1.84975e+07,-0.366634,-0.292501,-0.1354,-0.00299357,-0.0432268,-0.000131457
2.98328e-05,0,0,0,1e+09,1e+09,1e+09,0,0,0,0,0,4,2,5.45658e-06,0,0.130826,-6.51586,-497.99,-624.995,9306.44,-1.85538e+07,-0.368294,-0.293995,-0.135728,-0.00302098,-0.0434164,-0.00013481
2.98914e-05,0,0,0,1e+09,1e+09,1e+09,0,0,0,0,0,4,2,5.45658e-06,0,0.130825,-6.50861,-488.608,-627.76,9325.78,-1.86065e+07,-0.369962,-0.295502,-0.136039,-0.00304921,-0.0436064,-0.000138237
2.995e-05,0,0,0,1e+09,1e+09,1e+09,0,0,0,0,0,4,2,5.45658e-06,0,0.130825,-6.50135,-479.838,-629.185,9343.62,-1.86553e+07,-0.371635,-0.297035,-0.136324,-0.00307785,-0.0437965,-0.000141738
3.00086e-05,0,0,0,1e+09,1e+09,1e+09,0,0,0,0,0,4,2,5.45658e-06,0,0.130824,-6.49407,-472.071,-629.528,9360.01,-1.86999e+07,-0.373321,-0.298583,-0.136582,-0.00310699,-0.0439866,-0.000145316
3.00672e-05,0,0,0,1e+09,1e+09,1e+09,0,0,0,0,0,4,2,5.45658e-06,0,0.130824,-6.48678,-465.828,-630.387,9375.36,-1.87403e+07,-0.375036,-0.300125,-0.136821,-0.00313736,-0.0441771,-0.000148972
3.01258e-05,0,0,0,1e+09,1e+09,1e+09,0,0,0,0,0,4,2,5.45658e-06,0,0.130824,-6.47948,-460.507,-632.343,9389.63,-1.87764e+07,-0.37678,-0.301658,-0.137041,-0.00316915,-0.0443674,-0.000152707
3.01845e-05,0,0,0,1e+09,1e+09,1e+09,0,0,0,0,0,4,2,5.45658e-06,0,0.130823,-6.47217,-455.526,-634.571,9402.17,-1.88086e+07,-0.378544,-0.303207,-0.137228,-0.0032018,-0.0445576,-0.000156522
3.02431e-05,0,0,0,1e+09,1e+09,1e+09,0,0,0,0,0,4,2,5.45658e-06,0,0.130823,-6.46485,-451.385,-637.074,9412.98,-1.88372e+07,-0.380323,-0.304779,-0.137382,-0.00323543,-0.0447477,-0.00016042
3.03017e-05,0,0,0,1e+09,1e+09,1e+09,0,0,0,0,0,4,2,5.45658e-06,0,0.130823,-6.45752,-448.127,-641.481,9423.3,-1.88627e+07,-0.382117,-0.30635,-0.137529,-0.00327091,-0.0449377,-0.000164401
3.03603e-05,0,0,0,1e+09,1e+09,1e+09,0,0,0,0,0,4,2,5.45658e-06,0,0.130822,-6.45018,-444.219,-648.771,9434.56,-1.88857e+07,-0.383925,-0.307895,-0.137696,-0.00330839,-0.0451279,-0.000168466
3.04189e-05,0,0,0,1e+09,1e+09,1e+09,0,0,0,0,0,4,2,5.45658e-06,0,0.130822,-6.44284,-438.042,-657.718,9447.25,-1.89071e+07,-0.385739,-0.309414,-0.13789,-0.00334677,-0.0453182,-0.000172618
3.04775e-05,0,0,0,1e+09,1e+09,1e+09,0,0,0,0,0,4,2,5.45658e-06,0,0.130821,-6.43548,-429.791,-666.572,9461.45,-1.89274e+07,-0.387554,-0.310908,-0.138112,-0.00338504,-0.0455086,-0.000176857
3.05361e-05,0,0,0,1e+09,1e+09,1e+09,0,0,0,0,0,4,2,5.45658e-06,0,0.130821,-6.42811,-421.673,-674.605,9477.21,-1.89474e+07,-0.389374,-0.312372,-0.138364,-0.00342301,-0.0456987,-0.000181184
3.05947e-05,0,0,0,1e+09,1e+09,1e+09,0,0,0,0,0,4,2,5.45658e-06,0,0.130821,-6.42073,-415.707,-681.81,9494.03,-1.89677e+07,-0.391201,-0.313808,-0.138635,-0.00346094,-0.0458882,-0.000185602
3.06533e-05,0,0,0,1e+09,1e+09,1e+09,0,0,0,0,0,4,2,5.45658e-06,0,0.13082,-6.41334,-411.971,-688.592,9511.19,-1.89889e+07,-0.393036,-0.315233,-0.138914,-0.00349926,-0.0460772,-0.00019011
3.07119e-05,0,0,0,1e+09,1e+09,1e+09,0,0,0,0,0,4,2,5.45658e-06,0,0.13082,-6.40593,-410.268,-696.362,9528.89,-1.90116e+07,-0.394878,-0.316657,-0.139199,-0.0035381,-0.0462667,-0.00019471
3.07706e-05,0,0,0,1e+09,1e+09,1e+09,0,0,0,0,0,4,2,5.45658e-06,0,0.130819,-6.39851,-409.459,-706.365,9547.92,-1.90362e+07,-0.396729,-0.318059,-0.139503,-0.00357733,-0.0464566,-0.000199404
3.08292e-05,0,0,0,1e+09,1e+09,1e+09,0,0,0,0,0,4,2,5.45658e-06,0,0.130819,-6.39108,-406.219,-718.321,9568.44,-1.90632e+07,-0.398588,-0.31943,-0.139832,-0.00361742,-0.0466466,-0.000204191
3.08878e-05,0,0,0,1e+09,1e+09,1e+09,0,0,0,0,0,4,2,5.45658e-06,0,0.130819,-6.38362,-398.652,-731.181,9590.36,-1.90931e+07,-0.400453,-0.320769,-0.140187,-0.00365843,-0.0468368,-0.000209074
3.09464e-05,0,0,0,1e+09,1e+09,1e+09,0,0,0,0,0,4,2,5.45658e-06,0,0.130818,-6.37615,-388.048,-743.42,9613.78,-1.91262e+07,-0.402326,-0.322078,-0.140571,-0.00369936,-0.0470271,-0.000214053
3.1005e-05,0,0,0,1e+09,1e+09,1e+09,0,0,0,0,0,4,2,5.45658e-06,0,0.130818,-6.36866,-376.867,-753.44,9638.36,-1.9163e+07,-0.40421,-0.323355,-0.140977,-0.00373932,-0.0472175,-0.000219129
3.10636e-05,0,0,0,1e+09,1e+09,1e+09,0,0,0,0,0,4,2,5.45658e-06,0,0.130818,-6.36116,-366.606,-760.898,9662.95,-1.92037e+07,-0.406107,-0.324621,-0.141384,-0.00377842,-0.0474083,-0.000224302
3.11222e-05,0,0,0,1e+09,1e+09,1e+09,0,0,0,0,0,4,2,5.45658e-06,0,0.130817,-6.35363,-358.305,-766.837,9686.64,-1.92485e+07,-0.408019,-0.325895,-0.141773,-0.00381704,-0.0475998,-0.000229574
3.11808e-05,0,0,0,1e+09,1e+09,1e+09,0,0,0,0,0,4,2,5.45658e-06,0,0.130817,-6.34609,-353.022,-772.413,9709.64,-1.92974e+07,-0.409946,-0.327176,-0.142145,-0.00385522,-0.0477916,-0.000234945
3.12394e-05,0,0,0,1e+09,1e+09,1e+09,0,0,0,0,0,4,2,5.45658e-06,0,0.130817,-6.33852,-350.486,-778.313,9732.58,-1.93501e+07,-0.41189,-0.328447,-0.142512,-0.00389326,-0.0479832,-0.000240415
3.12981e-05,0,0,0,1e+09,1e+09,1e+09,0,0,0,0,0,4,2,5.45658e-06,0,0.130816,-6.33094,-348.434,-784.724,9755.69,-1.94062e+07,-0.41385,-0.329704,-0.142881,-0.00393199,-0.0481751,-0.000245986
3.13567e-05,0,0,0,1e+09,1e+09,1e+09,0,0,0,0,0,4,2,5.45658e-06,0,0.130816,-6.32334,-344.315,-790.709,9779.01,-1.9465e+07,-0.415818,-0.33095,-0.143255,-0.00397124,-0.0483677,-0.000251657
3.14153e-05,0,0,0,1e+09,1e+09,1e+09,0,0,0,0,0,4,2,5.45658e-06,0,0.130815,-6.31573,-337.865,-794.426,9803.04,-1.95258e+07,-0.417786,-0.332184,-0.143644,-0.00400958,-0.048561,-0.000257429
3.14739e-05,0,0,0,1e+09,1e+09,1e+09,0,0,0,0,0,4,2,5.45658e-06,0,0.130815,-6.30809,-331.176,-794.724,9828,-1.95878e+07,-0.419744,-0.333411,-0.144052,-0.00404594,-0.0487546,-0.000263301
3.15325e-05,0,0,0,1e+09,1e+09,1e+09,0,0,0,0,0,4,2,5.45658e-06,0,0.130815,-6.30043,-326.622,-792.311,9853.16,-1.96502e+07,-0.421694,-0.334644,-0.144465,-0.00408074,-0.0489486,-0.000269275
3.15911e-05,0,0,0,1e+09,1e+09,1e+09,0,0,0,0,0,4,2,5.45658e-06,0,0.130814,-6.29276,-324.957,-788.898,9877.51,-1.97124e+07,-0.423636,-0.335902,-0.144863,-0.00411536,-0.0491429,-0.00027535
3.16497e-05,0,0,0,1e+09,1e+09,1e+09,0,0,0,0,0,4,2,5.45658e-06,0,0.130814,-6.28506,-325.309,-785.774,9900.83,-1.97739e+07,-0.425571,-0.337193,-0.14524,-0.00415075,-0.0493374,-0.000281526
3.17083e-05,0,0,0,1e+09,1e+09,1e+09,0,0,0,0,0,4,2,5.45658e-06,0,0.130814,-6.27735,-326.2,-783.408,9923.8,-1.98343e+07,-0.427506,-0.338502,-0.145608,-0.00418683,-0.0495319,-0.000287802
3.17669e-05,0,0,0,1e+09,1e+09,1e+09,0,0,0,0,0,4,2,5.45658e-06,0,0.130813,-6.26962,-326.374,-781.541,9947.06,-1.98936e+07,-0.429448,-0.339805,-0.145979,-0.00422315,-0.0497267,-0.00029418
3.18255e-05,0,0,0,1e+09,1e+09,1e+09,0,0,0,0,0,4,2,5.45658e-06,0,0.130813,-6.26188,-325.244,-779.277,9970.77,-1.99519e+07,-0.431401,-0.341091,-0.146359,-0.00425949,-0.0499217,-0.000300657
3.18842e-05,0,0,0,1e+09,1e+09,1e+09,0,0,0,0,0,4,2,5.45658e-06,0,0.130812,-6.25411,-323.073,-776.022,9994.67,-2.00094e+07,-0.433362,-0.342369,-0.146745,-0.00429586,-0.0501169,-0.000307234
3.19428e-05,0,0,0,1e+09,1e+09,1e+09,0,0,0,0,0,4,2,5.45658e-06,0,0.130812,-6.24632,-320.693,-772.307,10018.1,-2.00667e+07,-0.435323,-0.343656,-0.147123,-0.00433275,-0.0503122,-0.000313911
3.20014e-05,0,0,0,1e+09,1e+09,1e+09,0,0,0,0,0,4,2,5.45658e-06,0,0.130812,-6.23852,-318.687,-769.306,10040.3,-2.01241e+07,-0.437281,-0.34497,-0.147478,-0.00437108,-0.0505076,-0.000320686
3.206e-05,0,0,0,1e+09,1e+09,1e+09,0,0,0,0,0,4,2,5.45658e-06,0,0.130811,-6.2307,-317.109,-767.851,10060.9,-2.0182e+07,-0.439233,-0.346319,-0.147804,-0.00441147,-0.0507033,-0.000327559
3.21186e-05,0,0,0,1e+09,1e+09,1e+09,0,0,0,0,0,4,2,5.45658e-06,0,0.130811,-6.22287,-316.027,-767.971,10080.3,-2.02408e+07,-0.441182,-0.3477,-0.148104,-0.00445368,-0.050899,-0.000334529
3.21772e-05,0,0,0,1e+09,1e+09,1e+09,0,0,0,0,0,4,2,5.45658e-06,0,0.130811,-6.21502,-315.473,-769.051,10099,-2.03004e+07,-0.443127,-0.3491,-0.148392,-0.00449689,-0.0510946,-0.000341595
3.22358e-05,0,0,0,1e+09,1e+09,1e+09,0,0,0,0,0,4,2,5.45658e-06,0,0.13081,-6.20716,-314.773,-770.246,10117.9,-2.0361e+07,-0.445067,-0.350507,-0.148681,-0.00454047,-0.05129,-0.000348756
3.22944e-05,0,0,0,1e+09,1e+09,1e+09,0,0,0,0,0,4,2,5.45658e-06,0,0.13081,-6.19928,-313.184,-771.078,10137.5,-2.04223e+07,-0.446999,-0.35191,-0.148986,-0.00458433,-0.0514851,-0.000356012
3.2353e-05,0,0,0,1e+09,1e+09,1e+09,0,0,0,0,0,4,2,5.45658e-06,0,0.13081,-6.19138,-311.074,-771.427,10158.2,-2.04843e+07,-0.448921,-0.353303,-0.149316,-0.00462849,-0.0516801,-0.000363361
3.24117e-05,0,0,0,1e+09,1e+09,1e+09,0,0,0,0,0,4,2,5.45658e-06,0,0.130809,-6.18347,-309.535,-770.917,10179.9,-2.05468e+07,-0.450828,-0.354692,-0.149667,-0.00467254,-0.0518752,-0.000370802
3.24703e-05,0,0,0,1e+09,1e+09,1e+09,0,0,0,0,0,4,2,5.45658e-06,0,0.130809,-6.17555,-309.096,-769.03,10202.2,-2.06098e+07,-0.452713,-0.356095,-0.150028,-0.00471591,-0.0520706,-0.000378334
3.25289e-05,0,0,0,1e+09,1e+09,1e+09,0,0,0,0,0,4,2,5.45658e-06,0,0.130808,-6.1676,-309.369,-766.087,10224.9,-2.06734e+07,-0.454576,-0.357514,-0.150394,-0.00475873,-0.0522659,-0.000385955
3.25875e-05,0,0,0,1e+09,1e+09,1e+09,0,0,0,0,0,4,2,5.45658e-06,0,0.130808,-6.15964,-309.497,-763.347,10248.1,-2.07376e+07,-0.456427,-0.358935,-0.15077,-0.00480198,-0.0524612,-0.000393665
3.26461e-05,0,0,0,1e+09,1e+09,1e+09,0,0,0,0,0,4,2,5.45658e-06,0,0.130808,-6.15166,-308.914,-761.715,10272,-2.08028e+07,-0.458276,-0.360346,-0.151161,-0.00484636,-0.0526565,-0.000401462
3.27047e-05,0,0,0,1e+09,1e+09,1e+09,0,0,0,0,0,4,2,5.45658e-06,0,0.130807,-6.14366,-307.702,-760.739,10296.5,-2.08695e+07,-0.460125,-0.361749,-0.151561,-0.00489158,-0.0528521,-0.000409345
3.27633e-05,0,0,0,1e+09,1e+09,1e+09,0,0,0,0,0,4,2,5.45658e-06,0,0.130807,-6.13564,-306.202,-759.499,10321.1,-2.09378e+07,-0.461971,-0.363154,-0.151966,-0.00493703,-0.0530478,-0.000417313
3.28219e-05,0,0,0,1e+09,1e+09,1e+09,0,0,0,0,0,4,2,5.45658e-06,0,0.130807,-6.1276,-304.421,-757.741,10345.7,-2.10083e+07,-0.463812,-0.364567,-0.15237,-0.00498252,-0.0532438,-0.000425364
3.28805e-05,0,0,0,1e+09,1e+09,1e+09,0,0,0,0,0,4,2,5.45658e-06,0,0.130806,-6.11954,-301.953,-755.78,10370.1,-2.10809e+07,-0.465646,-0.365996,-0.152768,-0.00502817,-0.0534403,-0.000433497
3.29391e-05,0,0,0,1e+09,1e+09,1e+09,0,0,0,0,0,4,2,5.45658e-06,0,0.130806,-6.11147,-298.295,-754.107,10393.9,-2.11557e+07,-0.467471,-0.367447,-0.153156,-0.00507434,-0.0536373,-0.000441711
3.29978e-05,0,0,0,1e+09,1e+09,1e+09,0,0,0,0,0,4,2,5.45658e-06,0,0.130806,-6.10337,-293.324,-753.154,10417.1,-2.12324e+07,-0.469291,-0.368919,-0.15353,-0.00512153,-0.0538347,-0.000450004
3.30564e-05,0,0,0,1e+09,1e+09,1e+09,0,0,0,0,0,4,2,5.45658e-06,0,0.130805,-6.09526,-287.933,-752.831,10439.5,-2.13105e+07,-0.471105,-0.370415,-0.153888,-0.00516981,-0.0540325,-0.000458376
3.3115e-05,0,0,0,1e+09,1e+09,1e+09,0,0,0,0,0,4,2,5.45658e-06,0,0.130805,-6.08713,-283.909,-752.11,10460.7,-2.13893e+07,-0.472915,-0.371936,-0.154226,-0.00521836,-0.0542306,-0.000466824
3.31736e-05,0,0,0,1e+09,1e+09,1e+09,0,0,0,0,0,4,2,5.45658e-06,0,0.130805,-6.07898,-282.625,-749.82,10481,-2.14679e+07,-0.474721,-0.373481,-0.154546,-0.00526605,-0.0544289,-0.000475349
3.32322e-05,0,0,0,1e+09,1e+09,1e+09,0,0,0,0,0,4,2,5.45658e-06,0,0.130804,-6.07082,-283.812,-745.785,10500.8,-2.15453e+07,-0.476528,-0.37504,-0.154854,-0.00531251,-0.0546271,-0.000483949
3.32908e-05,0,0,0,1e+09,1e+09,1e+09,0,0,0,0,0,4,2,5.45658e-06,0,0.130804,-6.06264,-285.694,-740.966,10520.3,-2.16206e+07,-0.478339,-0.376603,-0.155159,-0.00535833,-0.0548258,-0.000492622
3.33494e-05,0,0,0,1e+09,1e+09,1e+09,0,0,0,0,0,4,2,5.45658e-06,0,0.130803,-6.05445,-286.411,-736.549,10539.9,-2.16929e+07,-0.480151,-0.378163,-0.155467,-0.00540446,-0.0550247,-0.000501369
3.3408e-05,0,0,0,1e+09,1e+09,1e+09,0,0,0,0,0,4,2,5.45658e-06,0,0.130803,-6.04625,-285.249,-732.94,10559.8,-2.17617e+07,-0.481961,-0.379722,-0.15578,-0.00545121,-0.0552236,-0.000510188
3.34666e-05,0,0,0,1e+09,1e+09,1e+09,0,0,0,0,0,4,2,5.45658e-06,0,0.130803,-6.03802,-282.896,-729.636,10579.8,-2.18263e+07,-0.483764,-0.381283,-0.156098,-0.00549816,-0.0554221,-0.000519078
3.35253e-05,0,0,0,1e+09,1e+09,1e+09,0,0,0,0,0,4,2,5.45658e-06,0,0.130802,-6.02978,-280.673,-725.858,10599.8,-2.18865e+07,-0.485562,-0.382849,-0.156417,-0.0055447,-0.0556207,-0.000528039
3.35839e-05,0,0,0,1e+09,1e+09,1e+09,0,0,0,0,0,4,2,5.45658e-06,0,0.130802,-6.02153,-279.329,-721.041,10619.5,-2.1942e+07,-0.487357,-0.384425,-0.15673,-0.00559046,-0.0558198,-0.000537071
3.36425e-05,0,0,0,1e+09,1e+09,1e+09,0,0,0,0,0,4,2,5.45658e-06,0,0.130802,-6.01326,-278.568,-715.027,10638.6,-2.19929e+07,-0.489156,-0.386017,-0.157034,-0.00563528,-0.0560203,-0.000546172
3.37011e-05,0,0,0,1e+09,1e+09,1e+09,0,0,0,0,0,4,2,5.45658e-06,0,0.130801,-6.00498,-277.238,-708.35,10657.6,-2.2039e+07,-0.490965,-0.387612,-0.15733,-0.00568022,-0.0562213,-0.000555343
3.37597e-05,0,0,0,1e+09,1e+09,1e+09,0,0,0,0,0,4,2,5.45658e-06,0,0.130801,-5.99668,-273.728,-703.111,10678.2,-2.20804e+07,-0.492768,-0.3892,-0.157654,-0.00572722,-0.056423,-0.000564582
3.38183e-05,0,0,0,1e+09,1e+09,1e+09,0,0,0,0,0,4,2,5.45658e-06,0,0.130801,-5.98836,-267.102,-701.092,10702.4,-2.21169e+07,-0.494557,-0.390737,-0.158044,-0.00577505,-0.0566256,-0.000573891
3.38769e-05,0,0,0,1e+09,1e+09,1e+09,0,0,0,0,0,4,2,5.45658e-06,0,0.1308,-5.98003,-258.439,-699.186,10729.3,-2.21486e+07,-0.49635,-0.392212,-0.158482,-0.00582017,-0.0568276,-0.000583269
3.39355e-05,0,0,0,1e+09,1e+09,1e+09,0,0,0,0,0,4,2,5.45658e-06,0,0.1308,-5.97167,-253.27,-693.878,10755.1,-2.21754e+07,-0.498159,-0.393682,-0.158898,-0.00586393,-0.0570296,-0.000592716
3.39941e-05,0,0,0,1e+09,1e+09,1e+09,0,0,0,0,0,4,2,5.45658e-06,0,0.1308,-5.96329,-257.11,-688.845,10778.3,-2.21974e+07,-0.49997,-0.395185,-0.159275,-0.00591156,-0.0572322,-0.000602232
3.40527e-05,0,0,0,1e+09,1e+09,1e+09,0,0,0,0,0,4,2,5.45658e-06,0,0.130799,-5.9549,-268.356,-687.574,10800.3,-2.22143e+07,-0.501785,-0.39671,-0.159637,-0.00596277,-0.0574341,-0.000611818
3.41114e-05,0,0,0,1e+09,1e+09,1e+09,0,0,0,0,0,4,2,5.45658e-06,0,0.130799,-5.94649,-277.781,-685.711,10821,-2.22262e+07,-0.50363,-0.398243,-0.159972,-0.00601168,-0.0576367,-0.000621475
3.417e-05,0,0,0,1e+09,1e+09,1e+09,0,0,0,0,0,4,2,5.45658e-06,0,0.130799,-5.93806,-279.181,-679.493,10840.2,-2.22332e+07,-0.505524,-0.399771,-0.16027,-0.0060568,-0.0578394,-0.000631201
3.42286e-05,0,0,0,1e+09,1e+09,1e+09,0,0,0,0,0,4,2,5.45658e-06,0,0.130798,-5.92962,-275.39,-673.699,10859.9,-2.22355e+07,-0.507448,-0.401276,-0.160572,-0.00610296,-0.0580424,-0.000641
3.42872e-05,0,0,0,1e+09,1e+09,1e+09,0,0,0,0,0,4,2,5.45658e-06,0,0.130798,-5.92116,-267.622,-672.4,10881.6,-2.22337e+07,-0.509374,-0.402738,-0.160921,-0.00615279,-0.0582465,-0.00065087
3.43458e-05,0,0,0,1e+09,1e+09,1e+09,0,0,0,0,0,4,2,5.45658e-06,0,0.130797,-5.91269,-253.288,-673.492,10904.8,-2.22284e+07,-0.511293,-0.404169,-0.161304,-0.00620407,-0.0584497,-0.000660814
3.44044e-05,0,0,0,1e+09,1e+09,1e+09,0,0,0,0,0,4,2,5.45658e-06,0,0.130797,-5.90419,-236.989,-673.595,10927,-2.22204e+07,-0.513215,-0.405601,-0.161672,-0.0062539,-0.0586529,-0.000670832
3.4463e-05,0,0,0,1e+09,1e+09,1e+09,0,0,0,0,0,4,2,5.45658e-06,0,0.130797,-5.89568,-226.813,-672.166,10946.5,-2.22104e+07,-0.51515,-0.407067,-0.161989,-0.00630222,-0.0588556,-0.000680925
3.45216e-05,0,0,0,1e+09,1e+09,1e+09,0,0,0,0,0,4,2,5.45658e-06,0,0.130796,-5.88716,-223.731,-670.076,10963.5,-2.21991e+07,-0.517101,-0.408564,-0.162263,-0.00635031,-0.0590585,-0.000691096
3.45802e-05,0,0,0,1e+09,1e+09,1e+09,0,0,0,0,0,4,2,5.45658e-06,0,0.130796,-5.87862,-224.897,-668.598,10978.7,-2.2187e+07,-0.519073,-0.410069,-0.162507,-0.00639895,-0.0592611,-0.000701344
3.46389e-05,0,0,0,1e+09,1e+09,1e+09,0,0,0,0,0,4,2,5.45658e-06,0,0.130796,-5.87008,-226.957,-668.322,10992.2,-2.21747e+07,-0.521069,-0.411586,-0.162719,-0.00644846,-0.0594635,-0.000711672
3.46975e-05,0,0,0,1e+09,1e+09,1e+09,0,0,0,0,0,4,2,5.45658e-06,0,0.130795,-5.86152,-225.565,-668.908,11003.8,-2.21623e+07,-0.523084,-0.413122,-0.162896,-0.00649902,-0.0596664,-0.000722082
3.47561e-05,0,0,0,1e+09,1e+09,1e+09,0,0,0,0,0,4,2,5.45658e-06,0,0.130795,-5.85295,-219.434,-670.726,11014.9,-2.215e+07,-0.525117,-0.414661,-0.163059,-0.00655053,-0.059869,-0.000732574
3.48147e-05,0,0,0,1e+09,1e+09,1e+09,0,0,0,0,0,4,2,5.45658e-06,0,0.130795,-5.84438,-210.666,-674.249,11026.7,-2.21378e+07,-0.527162,-0.416175,-0.163235,-0.0066028,-0.0600724,-0.000743152
3.48733e-05,0,0,0,1e+09,1e+09,1e+09,0,0,0,0,0,4,2,5.45658e-06,0,0.130794,-5.8358,-200.908,-678.501,11039,-2.21258e+07,-0.529201,-0.417683,-0.16342,-0.00665578,-0.0602748,-0.000753817
3.49319e-05,0,0,0,1e+09,1e+09,1e+09,0,0,0,0,0,4,2,5.45658e-06,0,0.130794,-5.8272,-192.193,-682.156,11050.4,-2.21138e+07,-0.531224,-0.419223,-0.163586,-0.00670923,-0.0604774,-0.000764571
3.49905e-05,0,0,0,1e+09,1e+09,1e+09,0,0,0,0,0,4,2,5.45658e-06,0,0.130794,-5.8186,-187.746,-685.269,11060.8,-2.2102e+07,-0.533235,-0.420798,-0.163729,-0.00676238,-0.0606794,-0.000775417
3.50491e-05,0,0,0,1e+09,1e+09,1e+09,0,0,0,0,0,4,2,5.45658e-06,0,0.130793,-5.80999,-187.97,-688.676,11071.1,-2.20904e+07,-0.535248,-0.422378,-0.163867,-0.00681501,-0.0608813,-0.000786357
3.51077e-05,0,0,0,1e+09,1e+09,1e+09,0,0,0,0,0,4,2,5.45658e-06,0,0.130793,-5.80138,-189.588,-692.802,11082.4,-2.20789e+07,-0.537269,-0.423933,-0.164024,-0.00686781,-0.061083,-0.000797393
3.51664e-05,0,0,0,1e+09,1e+09,1e+09,0,0,0,0,0,4,2,5.45658e-06,0,0.130793,-5.79275,-191.234,-697.516,11095.3,-2.20679e+07,-0.539291,-0.42546,-0.164212,-0.0069213,-0.0612844,-0.000808529
3.5225e-05,0,0,0,1e+09,1e+09,1e+09,0,0,0,0,0,4,2,5.45658e-06,0,0.130792,-5.78411,-193.396,-701.854,11109.6,-2.20575e+07,-0.541306,-0.426971,-0.164427,-0.00697471,-0.0614856,-0.000819766
3.52836e-05,0,0,0,1e+09,1e+09,1e+09,0,0,0,0,0,4,2,5.45658e-06,0,0.130792,-5.77547,-194.482,-704.597,11125.5,-2.20481e+07,-0.543315,-0.428467,-0.164669,-0.00702658,-0.0616872,-0.000831108
3.53422e-05,0,0,0,1e+09,1e+09,1e+09,0,0,0,0,0,4,2,5.45658e-06,0,0.130792,-5.7668,-192.78,-706.029,11143.6,-2.20401e+07,-0.545319,-0.429927,-0.164951,-0.0070768,-0.0618889,-0.000842558
3.54008e-05,0,0,0,1e+09,1e+09,1e+09,0,0,0,0,0,4,2,5.45658e-06,0,0.130791,-5.75813,-189.459,-707.963,11164.5,-2.20337e+07,-0.547324,-0.431334,-0.165285,-0.0071272,-0.0620902,-0.000854118
3.54594e-05,0,0,0,1e+09,1e+09,1e+09,0,0,0,0,0,4,2,5.45658e-06,0,0.130791,-5.74944,-185.867,-711.512,11187.5,-2.20295e+07,-0.549328,-0.432696,-0.165659,-0.00717949,-0.0622915,-0.000865792
3.5518e-05,0,0,0,1e+09,1e+09,1e+09,0,0,0,0,0,4,2,5.45658e-06,0,0.130791,-5.74072,-181.936,-715.95,11211.2,-2.20278e+07,-0.551335,-0.43404,-0.166046,-0.00723312,-0.0624926,-0.000877583
3.55766e-05,0,0,0,1e+09,1e+09,1e+09,0,0,0,0,0,4,2,5.45658e-06,0,0.13079,-5.73199,-178.743,-719.387,11234.3,-2.20288e+07,-0.55335,-0.435393,-0.166415,-0.00728573,-0.0626941,-0.000889495
3.56352e-05,0,0,0,1e+09,1e+09,1e+09,0,0,0,0,0,4,2,5.45658e-06,0,0.13079,-5.72325,-178.197,-720.487,11255.7,-2.20328e+07,-0.555377,-0.436771,-0.166745,-0.00733627,-0.0628955,-0.000901531
3.56938e-05,0,0,0,1e+09,1e+09,1e+09,0,0,0,0,0,4,2,5.45658e-06,0,0.13079,-5.71448,-180.352,-720.146,11275.7,-2.20401e+07,-0.557417,-0.438165,-0.167048,-0.00738667,-0.063097,-0.000913694
3.57525e-05,0,0,0,1e+09,1e+09,1e+09,0,0,0,0,0,4,2,5.45658e-06,0,0.130789,-5.70571,-183.612,-720.35,11295.9,-2.20507e+07,-0.559465,-0.439552,-0.167353,-0.00743915,-0.0632986,-0.000925988
3.58111e-05,0,0,0,1e+09,1e+09,1e+09,0,0,0,0,0,4,2,5.45658e-06,0,0.130789,-5.69691,-186.279,-721.448,11317.2,-2.20646e+07,-0.56152,-0.440915,-0.167679,-0.00749323,-0.0635001,-0.000938417
3.58697e-05,0,0,0,1e+09,1e+09,1e+09,0,0,0,0,0,4,2,5.45658e-06,0,0.130789,-5.6881,-186.641,-722.024,11339.6,-2.20821e+07,-0.563575,-0.442266,-0.16802,-0.0075468,-0.0637018,-0.000950984
3.59283e-05,0,0,0,1e+09,1e+09,1e+09,0,0,0,0,0,4,2,5.45658e-06,0,0.130788,-5.67927,-184.148,-721.799,11362.7,-2.21032e+07,-0.565614,-0.443623,-0.168369,-0.00759992,-0.0639032,-0.000963693
3.59869e-05,0,0,0,1e+09,1e+09,1e+09,0,0,0,0,0,4,2,5.45658e-06,0,0.130788,-5.67042,-180.434,-722.76,11386.4,-2.2128e+07,-0.567623,-0.444996,-0.168727,-0.00765525,-0.0641045,-0.000976547
3.60455e-05,0,0,0,1e+09,1e+09,1e+09,0,0,0,0,0,4,2,5.45658e-06,0,0.130788,-5.66155,-177.686,-726.279,11410.3,-2.21567e+07,-0.569604,-0.446384,-0.169095,-0.00771438,-0.0643062,-0.000989551
3.61041e-05,0,0,0,1e+09,1e+09,1e+09,0,0,0,0,0,4,2,5.45658e-06,0,0.130787,-5.65267,-176.587,-730.906,11433.9,-2.21892e+07,-0.571572,-0.44779,-0.169459,-0.00777558,-0.0645081,-0.00100271
3.61627e-05,0,0,0,1e+09,1e+09,1e+09,0,0,0,0,0,4,2,5.45658e-06,0,0.130787,-5.64377,-176.603,-733.75,11456.8,-2.22257e+07,-0.573537,-0.449216,-0.169808,-0.00783575,-0.06471,-0.00101602
3.62213e-05,0,0,0,1e+09,1e+09,1e+09,0,0,0,0,0,4,2,5.45658e-06,0,0.130787,-5.63485,-177.117,-733.667,11479.3,-2.2266e+07,-0.575504,-0.450652,-0.170148,-0.00789404,-0.064912,-0.0010295
3.628e-05,0,0,0,1e+09,1e+09,1e+09,0,0,0,0,0,4,2,5.45658e-06,0,0.130786,-5.62591,-177.571,-732.042,11502.3,-2.231e+07,-0.57747,-0.452083,-0.170495,-0.00795217,-0.0651139,-0.00104314
3.63386e-05,0,0,0,1e+09,1e+09,1e+09,0,0,0,0,0,4,2,5.45658e-06,0,0.130786,-5.61695,-177.461,-730.26,11525.8,-2.23577e+07,-0.579438,-0.4535,-0.170854,-0.00801152,-0.0653159,-0.00105694
3.63972e-05,0,0,0,1e+09,1e+09,1e+09,0,0,0,0,0,4,2,5.45658e-06,0,0.130786,-5.60797,-176.55,-727.848,11549.3,-2.2409e+07,-0.581411,-0.454914,-0.171212,-0.00807142,-0.0655183,-0.00107092
3.64558e-05,0,0,0,1e+09,1e+09,1e+09,0,0,0,0,0,4,2,5.45658e-06,0,0.130785,-5.59898,-175.222,-723.803,11571.8,-2.24637e+07,-0.583393,-0.456343,-0.171547,-0.00813065,-0.0657208,-0.00108508
3.65144e-05,0,0,0,1e+09,1e+09,1e+09,0,0,0,0,0,4,2,5.45658e-06,0,0.130785,-5.58997,-174.203,-718.613,11592.8,-2.25218e+07,-0.585379,-0.457797,-0.171851,-0.00818971,-0.0659231,-0.00109941
3.6573e-05,0,0,0,1e+09,1e+09,1e+09,0,0,0,0,0,4,2,5.45658e-06,0,0.130785,-5.58094,-174.139,-713.784,11612.1,-2.2583e+07,-0.587365,-0.459278,-0.172127,-0.00825036,-0.0661254,-0.00111392
3.66316e-05,0,0,0,1e+09,1e+09,1e+09,0,0,0,0,0,4,2,5.45658e-06,0,0.130784,-5.5719,-175.511,-709.991,11630,-2.26473e+07,-0.589359,-0.460777,-0.172378,-0.00831328,-0.0663276,-0.00112862
3.66902e-05,0,0,0,1e+09,1e+09,1e+09,0,0,0,0,0,4,2,5.45658e-06,0,0.130784,-5.56285,-178.14,-706.737,11646.4,-2.27144e+07,-0.59137,-0.462287,-0.172603,-0.00837747,-0.0665297,-0.00114351
3.67488e-05,0,0,0,1e+09,1e+09,1e+09,0,0,0,0,0,4,2,5.45658e-06,0,0.130784,-5.55378,-180.589,-703.4,11661.8,-2.2784e+07,-0.593401,-0.463799,-0.172811,-0.00844183,-0.0667316,-0.0011586
3.68074e-05,0,0,0,1e+09,1e+09,1e+09,0,0,0,0,0,4,2,5.45658e-06,0,0.130783,-5.54471,-181.132,-700.214,11677.2,-2.28562e+07,-0.595446,-0.465299,-0.173019,-0.0085065,-0.0669332,-0.00117387
3.68661e-05,0,0,0,1e+09,1e+09,1e+09,0,0,0,0,0,4,2,5.45658e-06,0,0.130783,-5.53562,-179.101,-698.138,11693.2,-2.29305e+07,-0.597496,-0.466779,-0.173241,-0.00857248,-0.0671346,-0.00118935
3.69247e-05,0,0,0,1e+09,1e+09,1e+09,0,0,0,0,0,4,2,5.45658e-06,0,0.130783,-5.52652,-176.428,-698.212,11709.5,-2.30069e+07,-0.599545,-0.468249,-0.173475,-0.00864024,-0.0673358,-0.00120503
3.69833e-05,0,0,0,1e+09,1e+09,1e+09,0,0,0,0,0,4,2,5.45658e-06,0,0.130782,-5.5174,-175.02,-699.811,11725.5,-2.30851e+07,-0.601583,-0.469729,-0.17371,-0.00870908,-0.067537,-0.00122091
3.70419e-05,0,0,0,1e+09,1e+09,1e+09,0,0,0,0,0,4,2,5.45658e-06,0,0.130782,-5.50827,-175.782,-701.333,11741.1,-2.31648e+07,-0.603601,-0.471231,-0.173941,-0.00877767,-0.0677382,-0.001237
3.71005e-05,0,0,0,1e+09,1e+09,1e+09,0,0,0,0,0,4,2,5.45658e-06,0,0.130782,-5.49913,-179.047,-701.723,11756.6,-2.32459e+07,-0.605597,-0.472753,-0.174173,-0.0088451,-0.0679394,-0.00125329
3.71591e-05,0,0,0,1e+09,1e+09,1e+09,0,0,0,0,0,4,2,5.45658e-06,0,0.130781,-5.48998,-184.225,-700.632,11772.6,-2.33281e+07,-0.607573,-0.474283,-0.174416,-0.00891142,-0.0681407,-0.0012698
3.72177e-05,0,0,0,1e+09,1e+09,1e+09,0,0,0,0,0,4,2,5.45658e-06,0,0.130781,-5.48082,-189.802,-698.203,11789.6,-2.34112e+07,-0.609533,-0.475812,-0.174678,-0.00897717,-0.0683423,-0.00128653
3.72763e-05,0,0,0,1e+09,1e+09,1e+09,0,0,0,0,0,4,2,5.45658e-06,0,0.130781,-5.47164,-193.773,-694.843,11807.9,-2.3495e+07,-0.61148,-0.477332,-0.174965,-0.00904283,-0.0685442,-0.00130346
3.73349e-05,0,0,0,1e+09,1e+09,1e+09,0,0,0,0,0,4,2,5.45658e-06,0,0.13078,-5.46245,-194.264,-691.075,11827.4,-2.35793e+07,-0.613413,-0.478845,-0.175274,-0.00910875,-0.0687466,-0.00132062
3.73936e-05,0,0,0,1e+09,1e+09,1e+09,0,0,0,0,0,5,2,5.45658e-06,0,0.13078,-5.45324,-190.43,-687.266,11847.7,-2.36641e+07,-0.615338,-0.480354,-0.175597,-0.00917525,-0.0689491,-0.001338
3.74522e-05,0,0,0,1e+09,1e+09,1e+09,0,0,0,0,0,5,2,5.45658e-06,0,0.13078,-5.44401,-182.985,-683.645,11868.7,-2.37494e+07,-0.617261,-0.481851,-0.175932,-0.0092426,-0.0691515,-0.0013556
3.75108e-05,0,0,0,1e+09,1e+09,1e+09,0,0,0,0,0,5,2,5.45658e-06,0,0.13078,-5.43477,-174.102,-680.323,11890.4,-2.38353e+07,-0.619192,-0.483324,-0.176281,-0.00931069,-0.0693538,-0.00137342
3.75694e-05,0,0,0,1e+09,1e+09,1e+09,0,0,0,0,0,5,2,5.45658e-06,0,0.130779,-5.42552,-166.599,-677.066,11912.5,-2.39218e+07,-0.621133,-0.484771,-0.176645,-0.0093788,-0.0695564,-0.00139146
3.7628e-05,0,0,0,1e+09,1e+09,1e+09,0,0,0,0,0,5,2,5.45658e-06,0,0.130779,-5.41624,-162.496,-673.474,11934.5,-2.4009e+07,-0.623079,-0.486207,-0.177011,-0.00944582,-0.0697591,-0.00140974
3.76866e-05,0,0,0,1e+09,1e+09,1e+09,0,0,0,0,0,5,2,5.45658e-06,0,0.130779,-5.40695,-162.355,-669.438,11955.8,-2.40969e+07,-0.625022,-0.487652,-0.17737,-0.00951123,-0.0699619,-0.00142823
3.77452e-05,0,0,0,1e+09,1e+09,1e+09,0,0,0,0,0,5,2,5.45658e-06,0,0.130778,-5.39764,-165.479,-665.727,11976.1,-2.41855e+07,-0.626954,-0.489119,-0.177718,-0.00957574,-0.0701647,-0.00144696
3.78038e-05,0,0,0,1e+09,1e+09,1e+09,0,0,0,0,0,5,2,5.45658e-06,0,0.130778,-5.38831,-170.373,-663.34,11995.2,-2.42745e+07,-0.628863,-0.490617,-0.178054,-0.00964066,-0.0703675,-0.00146591
3.78624e-05,0,0,0,1e+09,1e+09,1e+09,0,0,0,0,0,5,2,5.45658e-06,0,0.130778,-5.37898,-175.483,-662.624,12013.6,-2.43635e+07,-0.630747,-0.492149,-0.178385,-0.00970633,-0.0705702,-0.00148509
3.7921e-05,0,0,0,1e+09,1e+09,1e+09,0,0,0,0,0,5,2,5.45658e-06,0,0.130777,-5.36962,-180.004,-662.699,12031.7,-2.44518e+07,-0.632604,-0.493708,-0.178718,-0.0097718,-0.0707729,-0.00150449
3.79797e-05,0,0,0,1e+09,1e+09,1e+09,0,0,0,0,0,5,2,5.45658e-06,0,0.130777,-5.36026,-182.44,-662.223,12050.3,-2.45388e+07,-0.634438,-0.495279,-0.179062,-0.00983576,-0.0709757,-0.00152413
3.80383e-05,0,0,0,1e+09,1e+09,1e+09,0,0,0,0,0,5,2,5.45658e-06,0,0.130777,-5.35088,-182.509,-660.23,12070.1,-2.46236e+07,-0.636251,-0.496849,-0.179424,-0.00989764,-0.071179,-0.00154399
3.80969e-05,0,0,0,1e+09,1e+09,1e+09,0,0,0,0,0,5,2,5.45658e-06,0,0.130776,-5.34148,-183.44,-656.932,12090.7,-2.47056e+07,-0.638045,-0.498416,-0.179806,-0.00995779,-0.0713824,-0.00156408
3.81555e-05,0,0,0,1e+09,1e+09,1e+09,0,0,0,0,0,5,2,5.45658e-06,0,0.130776,-5.33206,-185.412,-653.163,12111.7,-2.47839e+07,-0.639823,-0.499987,-0.180198,-0.0100168,-0.0715857,-0.00158439
3.82141e-05,0,0,0,1e+09,1e+09,1e+09,0,0,0,0,0,5,2,5.45658e-06,0,0.130776,-5.32263,-187.548,-649.761,12132.4,-2.48577e+07,-0.641584,-0.501579,-0.180585,-0.0100754,-0.071789,-0.00160493
3.82727e-05,0,0,0,1e+09,1e+09,1e+09,0,0,0,0,0,5,2,5.45658e-06,0,0.130775,-5.31318,-188.475,-647.376,12152.4,-2.49265e+07,-0.64332,-0.503207,-0.18096,-0.0101344,-0.071992,-0.0016257
3.83313e-05,0,0,0,1e+09,1e+09,1e+09,0,0,0,0,0,5,2,5.45658e-06,0,0.130775,-5.30371,-187.483,-646.315,12172.2,-2.49897e+07,-0.645024,-0.504872,-0.181329,-0.0101941,-0.0721946,-0.00164668
3.83899e-05,0,0,0,1e+09,1e+09,1e+09,0,0,0,0,0,5,2,5.45658e-06,0,0.130775,-5.29424,-184.813,-646.058,12192.2,-2.50472e+07,-0.646704,-0.506559,-0.181703,-0.0102537,-0.0723968,-0.00166789
3.84485e-05,0,0,0,1e+09,1e+09,1e+09,0,0,0,0,0,5,2,5.45658e-06,0,0.130774,-5.28474,-180.815,-645.995,12212.9,-2.50989e+07,-0.648374,-0.508246,-0.182089,-0.0103124,-0.0725987,-0.00168932
3.85072e-05,0,0,0,1e+09,1e+09,1e+09,0,0,0,0,0,5,2,5.45658e-06,0,0.130774,-5.27523,-175.995,-646.047,12234.5,-2.51452e+07,-0.650043,-0.509917,-0.182491,-0.0103698,-0.0728007,-0.00171097
3.85658e-05,0,0,0,1e+09,1e+09,1e+09,0,0,0,0,0,5,2,5.45658e-06,0,0.130774,-5.2657,-171.009,-646.727,12256.8,-2.51864e+07,-0.651711,-0.511574,-0.182908,-0.0104267,-0.0730029,-0.00173283
3.86244e-05,0,0,0,1e+09,1e+09,1e+09,0,0,0,0,0,5,2,5.45658e-06,0,0.130774,-5.25616,-166.38,-648.364,12279.3,-2.52232e+07,-0.653372,-0.513228,-0.183332,-0.0104833,-0.0732051,-0.00175491
3.8683e-05,0,0,0,1e+09,1e+09,1e+09,0,0,0,0,0,5,2,5.45658e-06,0,0.130773,-5.2466,-162.81,-651.104,12301.2,-2.52561e+07,-0.655028,-0.514895,-0.183749,-0.0105398,-0.0734072,-0.00177719
3.87416e-05,0,0,0,1e+09,1e+09,1e+09,0,0,0,0,0,5,2,5.45658e-06,0,0.130773,-5.23702,-161.272,-654.947,12321.9,-2.52858e+07,-0.656682,-0.516582,-0.184144,-0.0105964,-0.0736091,-0.00179969
3.88002e-05,0,0,0,1e+09,1e+09,1e+09,0,0,0,0,0,5,2,5.45658e-06,0,0.130773,-5.22743,-162.346,-659.562,12341.1,-2.53126e+07,-0.658339,-0.518288,-0.184517,-0.0106531,-0.0738107,-0.00182239
3.88588e-05,0,0,0,1e+09,1e+09,1e+09,0,0,0,0,0,5,2,5.45658e-06,0,0.130772,-5.21782,-165.393,-664.233,12359.4,-2.53367e+07,-0.660003,-0.519999,-0.184878,-0.0107098,-0.0740121,-0.00184529
3.89174e-05,0,0,0,1e+09,1e+09,1e+09,0,0,0,0,0,5,2,5.45658e-06,0,0.130772,-5.2082,-168.121,-668.212,12378,-2.53581e+07,-0.661678,-0.521697,-0.18524,-0.0107658,-0.0742135,-0.0018684
3.8976e-05,0,0,0,1e+09,1e+09,1e+09,0,0,0,0,0,5,2,5.45658e-06,0,0.130772,-5.19856,-171.015,-670.381,12397,-2.53768e+07,-0.663367,-0.52337,-0.18561,-0.0108203,-0.0744148,-0.0018917
3.90346e-05,0,0,0,1e+09,1e+09,1e+09,0,0,0,0,0,5,2,5.45658e-06,0,0.130771,-5.18891,-174.543,-671.056,12416.3,-2.53929e+07,-0.665067,-0.525027,-0.185983,-0.0108734,-0.0746159,-0.00191519
3.90933e-05,0,0,0,1e+09,1e+09,1e+09,0,0,0,0,0,5,2,5.45658e-06,0,0.130771,-5.17925,-177.738,-671.016,12435.2,-2.54063e+07,-0.66677,-0.526685,-0.186348,-0.0109261,-0.0748171,-0.00193887
3.91519e-05,0,0,0,1e+09,1e+09,1e+09,0,0,0,0,0,5,2,5.45658e-06,0,0.130771,-5.16957,-179.883,-671.164,12453.7,-2.54168e+07,-0.668469,-0.528358,-0.186701,-0.0109798,-0.0750183,-0.00196274
3.92105e-05,0,0,0,1e+09,1e+09,1e+09,0,0,0,0,0,5,2,5.45658e-06,0,0.13077,-5.15987,-181.108,-671.924,12471.8,-2.54248e+07,-0.670159,-0.530044,-0.187047,-0.0110349,-0.0752196,-0.00198679
3.92691e-05,0,0,0,1e+09,1e+09,1e+09,0,0,0,0,0,6,2,5.45658e-06,0,0.13077,-5.15016,-181.641,-672.784,12489.9,-2.54304e+07,-0.67185,-0.531728,-0.187392,-0.0110907,-0.0754207,-0.00201102
3.93277e-05,0,0,0,1e+09,1e+09,1e+09,0,0,0,0,0,6,2,5.45658e-06,0,0.13077,-5.14044,-181.097,-673.03,12508.6,-2.54343e+07,-0.673549,-0.533394,-0.187746,-0.0111461,-0.0756219,-0.00203542
3.93863e-05,0,0,0,1e+09,1e+09,1e+09,0,0,0,0,0,6,2,5.45658e-06,0,0.13077,-5.1307,-178.933,-672.743,12528.1,-2.5437e+07,-0.675257,-0.535031,-0.188116,-0.0112015,-0.0758229,-0.00205999
3.94449e-05,0,0,0,1e+09,1e+09,1e+09,0,0,0,0,0,6,2,5.45658e-06,0,0.130769,-5.12095,-175.006,-672.485,12548.6,-2.54392e+07,-0.676968,-0.536648,-0.188503,-0.0112578,-0.0760235,-0.00208473
3.95035e-05,0,0,0,1e+09,1e+09,1e+09,0,0,0,0,0,6,2,5.45658e-06,0,0.130769,-5.11118,-169.346,-672.264,12569.3,-2.54416e+07,-0.678678,-0.538261,-0.188892,-0.0113155,-0.0762237,-0.00210963
3.95621e-05,0,0,0,1e+09,1e+09,1e+09,0,0,0,0,0,6,2,5.45658e-06,0,0.130769,-5.10139,-162.66,-671.542,12589.6,-2.5445e+07,-0.680387,-0.539881,-0.189271,-0.011374,-0.0764237,-0.00213468
3.96208e-05,0,0,0,1e+09,1e+09,1e+09,0,0,0,0,0,6,2,5.45658e-06,0,0.130768,-5.09159,-156.82,-669.894,12609,-2.54498e+07,-0.682101,-0.541512,-0.189632,-0.0114327,-0.0766237,-0.00215989
3.96794e-05,0,0,0,1e+09,1e+09,1e+09,0,0,0,0,0,6,2,5.45658e-06,0,0.130768,-5.08178,-153.658,-667.203,12627.4,-2.54566e+07,-0.683829,-0.543146,-0.189972,-0.0114914,-0.0768238,-0.00218524
3.9738e-05,0,0,0,1e+09,1e+09,1e+09,0,0,0,0,0,6,2,5.45658e-06,0,0.130768,-5.07195,-153.121,-663.607,12644.8,-2.54656e+07,-0.68558,-0.544774,-0.190293,-0.0115506,-0.0770236,-0.00221074
3.97966e-05,0,0,0,1e+09,1e+09,1e+09,0,0,0,0,0,6,2,5.45658e-06,0,0.130768,-5.0621,-153.887,-659.787,12661,-2.54768e+07,-0.687359,-0.546395,-0.19059,-0.0116114,-0.0772231,-0.00223638
3.98552e-05,0,0,0,1e+09,1e+09,1e+09,0,0,0,0,0,6,2,5.45658e-06,0,0.130767,-5.05225,-155.086,-656.551,12675.7,-2.54902e+07,-0.689163,-0.548018,-0.190858,-0.0116742,-0.0774223,-0.00226214
3.99138e-05,0,0,0,1e+09,1e+09,1e+09,0,0,0,0,0,6,2,5.45658e-06,0,0.130767,-5.04238,-156.292,-654.054,12688.7,-2.55055e+07,-0.69099,-0.549652,-0.191093,-0.0117393,-0.0776214,-0.00228804
3.99724e-05,0,0,0,1e+09,1e+09,1e+09,0,0,0,0,0,6,2,5.45658e-06,0,0.130767,-5.03251,-156.847,-651.789,12700.5,-2.55225e+07,-0.692837,-0.551288,-0.191302,-0.011806,-0.0778203,-0.00231406
4.0031e-05,0,0,0,1e+09,1e+09,1e+09,0,0,0,0,0,6,2,5.45658e-06,0,0.130766,-5.02263,-156.732,-649.461,12711.8,-2.55409e+07,-0.694704,-0.552913,-0.191501,-0.0118739,-0.0780189,-0.0023402
4.00896e-05,0,0,0,1e+09,1e+09,1e+09,0,0,0,0,0,6,2,5.45658e-06,0,0.130766,-5.01273,-157.067,-647.009,12723.5,-2.55604e+07,-0.69658,-0.554519,-0.191707,-0.0119425,-0.0782173,-0.00236646
4.01483e-05,0,0,0,1e+09,1e+09,1e+09,0,0,0,0,0,6,2,5.45658e-06,0,0.130766,-5.00283,-158.535,-644.23,12735.6,-2.55808e+07,-0.69846,-0.556112,-0.191919,-0.0120112,-0.0784154,-0.00239282
4.02069e-05,0,0,0,1e+09,1e+09,1e+09,0,0,0,0,0,6,2,5.45658e-06,0,0.130765,-4.99292,-160.606,-640.806,12748.1,-2.56018e+07,-0.700334,-0.557702,-0.192136,-0.0120791,-0.0786133,-0.00241929
4.02655e-05,0,0,0,1e+09,1e+09,1e+09,0,0,0,0,0,6,2,5.45658e-06,0,0.130765,-4.983,-162.577,-636.926,12760.9,-2.56233e+07,-0.702197,-0.559301,-0.192355,-0.0121466,-0.0788109,-0.00244586
4.03241e-05,0,0,0,1e+09,1e+09,1e+09,0,0,0,0,0,6,2,5.45658e-06,0,0.130765,-4.97307,-163.875,-633.042,12774,-2.56449e+07,-0.704046,-0.560905,-0.19258,-0.0122143,-0.0790082,-0.00247253
4.03827e-05,0,0,0,1e+09,1e+09,1e+09,0,0,0,0,0,6,2,5.45658e-06,0,0.130765,-4.96313,-163.258,-629.416,12787.8,-2.56662e+07,-0.705887,-0.562507,-0.192815,-0.0122826,-0.0792053,-0.00249928
4.04413e-05,0,0,0,1e+09,1e+09,1e+09,0,0,0,0,0,6,2,5.45658e-06,0,0.130764,-4.95317,-159.713,-625.951,12802.4,-2.56871e+07,-0.707724,-0.564098,-0.193064,-0.0123511,-0.0794022,-0.00252613
4.04999e-05,0,0,0,1e+09,1e+09,1e+09,0,0,0,0,0,6,2,5.45658e-06,0,0.130764,-4.94321,-154.01,-622.378,12817.8,-2.57072e+07,-0.709563,-0.565674,-0.193324,-0.0124195,-0.0795991,-0.00255305
4.05585e-05,0,0,0,1e+09,1e+09,1e+09,0,0,0,0,0,6,2,5.45658e-06,0,0.130764,-4.93323,-147.869,-618.261,12833.7,-2.57263e+07,-0.711407,-0.567232,-0.193593,-0.0124874,-0.0797956,-0.00258006
4.06171e-05,0,0,0,1e+09,1e+09,1e+09,0,0,0,0,0,6,2,5.45658e-06,0,0.130763,-4.92324,-142.413,-613.474,12850,-2.57444e+07,-0.713264,-0.568769,-0.193865,-0.0125549,-0.0799919,-0.00260713
4.06757e-05,0,0,0,1e+09,1e+09,1e+09,0,0,0,0,0,6,2,5.45658e-06,0,0.130763,-4.91324,-138.481,-608.569,12865.9,-2.57614e+07,-0.715134,-0.570297,-0.194131,-0.0126224,-0.0801881,-0.00263428
4.07344e-05,0,0,0,1e+09,1e+09,1e+09,0,0,0,0,0,6,2,5.45658e-06,0,0.130763,-4.90323,-136.616,-604.35,12880.5,-2.57774e+07,-0.717011,-0.571839,-0.194373,-0.0126908,-0.0803843,-0.00266149
4.0793e-05,0,0,0,1e+09,1e+09,1e+09,0,0,0,0,0,6,2,5.45658e-06,0,0.130763,-4.8932,-136.533,-601.217,12893.3,-2.57928e+07,-0.718886,-0.573415,-0.19458,-0.0127603,-0.0805803,-0.00268877
4.08516e-05,0,0,0,1e+09,1e+09,1e+09,0,0,0,0,0,6,2,5.45658e-06,0,0.130762,-4.88317,-137.776,-599.108,12904.3,-2.5808e+07,-0.720754,-0.575028,-0.194754,-0.012831,-0.0807761,-0.0027161
4.09102e-05,0,0,0,1e+09,1e+09,1e+09,0,0,0,0,0,6,2,5.45658e-06,0,0.130762,-4.87313,-140.543,-597.69,12914.3,-2.58232e+07,-0.722613,-0.576667,-0.194909,-0.0129025,-0.0809717,-0.00274348
4.09688e-05,0,0,0,1e+09,1e+09,1e+09,0,0,0,0,0,7,2,5.45658e-06,0,0.130762,-4.86308,-144.837,-596.494,12923.8,-2.5839e+07,-0.724467,-0.578312,-0.195058,-0.0129742,-0.0811672,-0.00277092
4.10274e-05,0,0,0,1e+09,1e+09,1e+09,0,0,0,0,0,7,2,5.45658e-06,0,0.130761,-4.85302,-149.789,-595.174,12933.6,-2.58559e+07,-0.726323,-0.579948,-0.195212,-0.0130456,-0.0813625,-0.0027984
4.1086e-05,0,0,0,1e+09,1e+09,1e+09,0,0,0,0,0,7,2,5.45658e-06,0,0.130761,-4.84296,-154.482,-593.567,12943.6,-2.58743e+07,-0.728178,-0.581575,-0.195372,-0.0131164,-0.0815577,-0.00282592
4.11446e-05,0,0,0,1e+09,1e+09,1e+09,0,0,0,0,0,7,2,5.45658e-06,0,0.130761,-4.83289,-158.218,-591.875,12954,-2.58944e+07,-0.730022,-0.583203,-0.195535,-0.0131869,-0.0817527,-0.00285348
4.12032e-05,0,0,0,1e+09,1e+09,1e+09,0,0,0,0,0,7,2,5.45658e-06,0,0.130761,-4.82281,-158.481,-590.926,12964.5,-2.59166e+07,-0.731848,-0.584844,-0.1957,-0.0132575,-0.0819477,-0.00288108
4.12619e-05,0,0,0,1e+09,1e+09,1e+09,0,0,0,0,0,7,2,5.45658e-06,0,0.13076,-4.81272,-154.588,-590.892,12975.4,-2.59408e+07,-0.733652,-0.586501,-0.195865,-0.0133283,-0.0821425,-0.00290871
4.13205e-05,0,0,0,1e+09,1e+09,1e+09,0,0,0,0,0,7,2,5.45658e-06,0,0.13076,-4.80262,-147.925,-591.133,12986.6,-2.59671e+07,-0.735435,-0.588173,-0.196032,-0.0133986,-0.0823371,-0.00293637
4.13791e-05,0,0,0,1e+09,1e+09,1e+09,0,0,0,0,0,7,2,5.45658e-06,0,0.13076,-4.79252,-140.254,-590.72,12998.2,-2.59952e+07,-0.737199,-0.589855,-0.196206,-0.0134674,-0.0825316,-0.00296406
4.14377e-05,0,0,0,1e+09,1e+09,1e+09,0,0,0,0,0,7,2,5.45658e-06,0,0.130759,-4.7824,-132.909,-588.898,13010.8,-2.60249e+07,-0.738944,-0.591531,-0.1964,-0.0135344,-0.082726,-0.00299177
4.14963e-05,0,0,0,1e+09,1e+09,1e+09,0,0,0,0,0,7,2,5.45658e-06,0,0.130759,-4.77227,-126.917,-585.678,13024.7,-2.6056e+07,-0.740679,-0.593185,-0.196622,-0.0136001,-0.0829201,-0.0030195
4.15549e-05,0,0,0,1e+09,1e+09,1e+09,0,0,0,0,0,7,2,5.45658e-06,0,0.130759,-4.76214,-122.842,-581.698,13039.3,-2.60883e+07,-0.742409,-0.594819,-0.196865,-0.0136654,-0.0831141,-0.00304725
4.16135e-05,0,0,0,1e+09,1e+09,1e+09,0,0,0,0,0,7,2,5.45658e-06,0,0.130759,-4.75199,-120.434,-577.856,13053.5,-2.61215e+07,-0.744133,-0.596455,-0.197105,-0.0137313,-0.0833079,-0.00307502
4.16721e-05,0,0,0,1e+09,1e+09,1e+09,0,0,0,0,0,7,2,5.45658e-06,0,0.130758,-4.74183,-119.294,-574.881,13066.6,-2.61554e+07,-0.745842,-0.598117,-0.197329,-0.0137985,-0.0835016,-0.0031028
4.17307e-05,0,0,0,1e+09,1e+09,1e+09,0,0,0,0,0,7,2,5.45658e-06,0,0.130758,-4.73166,-119.622,-573.096,13078.6,-2.61901e+07,-0.747527,-0.599815,-0.197538,-0.0138674,-0.083695,-0.00313059
4.17893e-05,0,0,0,1e+09,1e+09,1e+09,0,0,0,0,0,7,2,5.45658e-06,0,0.130758,-4.72148,-121.545,-572.239,13090.3,-2.62253e+07,-0.749189,-0.601534,-0.197745,-0.0139376,-0.083888,-0.00315839
4.1848e-05,0,0,0,1e+09,1e+09,1e+09,0,0,0,0,0,7,2,5.45658e-06,0,0.130757,-4.7113,-124.268,-571.918,13102.5,-2.6261e+07,-0.750828,-0.60326,-0.197965,-0.0140082,-0.0840809,-0.00318621
4.19066e-05,0,0,0,1e+09,1e+09,1e+09,0,0,0,0,0,7,2,5.45658e-06,0,0.130757,-4.7011,-126.471,-571.968,13115.7,-2.6297e+07,-0.752444,-0.604988,-0.198202,-0.0140788,-0.0842736,-0.00321402
4.19652e-05,0,0,0,1e+09,1e+09,1e+09,0,0,0,0,0,7,2,5.45658e-06,0,0.130757,-4.69089,-126.927,-572.528,13129.6,-2.63331e+07,-0.754031,-0.606725,-0.198453,-0.0141493,-0.0844662,-0.00324184
4.20238e-05,0,0,0,1e+09,1e+09,1e+09,0,0,0,0,0,7,2,5.45658e-06,0,0.130757,-4.68068,-124.754,-573.552,13144.1,-2.63691e+07,-0.75559,-0.608479,-0.19871,-0.0142196,-0.0846585,-0.00326967
4.20824e-05,0,0,0,1e+09,1e+09,1e+09,0,0,0,0,0,8,2,5.45658e-06,0,0.130756,-4.67045,-120.036,-574.644,13158.9,-2.64046e+07,-0.757123,-0.610251,-0.198971,-0.0142896,-0.0848508,-0.00329749
4.2141e-05,0,0,0,1e+09,1e+09,1e+09,0,0,0,0,0,8,2,5.45658e-06,0,0.130756,-4.6602,-114.236,-575.131,13174,-2.64394e+07,-0.758633,-0.612038,-0.199236,-0.0143592,-0.0850427,-0.00332532
4.21996e-05,0,0,0,1e+09,1e+09,1e+09,0,0,0,0,0,8,2,5.45658e-06,0,0.130756,-4.64995,-109.11,-574.482,13189.3,-2.64728e+07,-0.76012,-0.613839,-0.199506,-0.0144277,-0.0852343,-0.00335315
4.22582e-05,0,0,0,1e+09,1e+09,1e+09,0,0,0,0,0,8,2,5.45658e-06,0,0.130756,-4.63969,-105.67,-572.422,13204.9,-2.65044e+07,-0.761584,-0.615653,-0.199782,-0.0144947,-0.0854258,-0.00338097
4.23168e-05,0,0,0,1e+09,1e+09,1e+09,0,0,0,0,0,8,2,5.45658e-06,0,0.130755,-4.62941,-104.279,-569.168,13220.9,-2.65337e+07,-0.763024,-0.617477,-0.200068,-0.0145601,-0.0856173,-0.00340879
4.23755e-05,0,0,0,1e+09,1e+09,1e+09,0,0,0,0,0,8,2,5.45658e-06,0,0.130755,-4.61912,-104.935,-565.326,13237.2,-2.65603e+07,-0.76444,-0.619314,-0.200362,-0.0146245,-0.0858086,-0.00343661
4.24341e-05,0,0,0,1e+09,1e+09,1e+09,0,0,0,0,0,8,2,5.45658e-06,0,0.130755,-4.60881,-106.968,-561.282,13253.4,-2.65839e+07,-0.765833,-0.62117,-0.200656,-0.0146888,-0.0859996,-0.00346443
4.24927e-05,0,0,0,1e+09,1e+09,1e+09,0,0,0,0,0,8,2,5.45658e-06,0,0.130754,-4.5985,-109.519,-557.063,13268.8,-2.66043e+07,-0.767205,-0.62305,-0.200942,-0.0147537,-0.0861903,-0.00349224
4.25513e-05,0,0,0,1e+09,1e+09,1e+09,0,0,0,0,0,8,2,5.45658e-06,0,0.130754,-4.58817,-112.23,-552.692,13283.2,-2.66214e+07,-0.76856,-0.624952,-0.201215,-0.0148194,-0.0863807,-0.00352004
4.26099e-05,0,0,0,1e+09,1e+09,1e+09,0,0,0,0,0,8,2,5.45658e-06,0,0.130754,-4.57783,-115.084,-548.505,13296.6,-2.66352e+07,-0.769905,-0.626874,-0.201474,-0.0148862,-0.0865707,-0.00354785
4.26685e-05,0,0,0,1e+09,1e+09,1e+09,0,0,0,0,0,8,2,5.45658e-06,0,0.130754,-4.56748,-113.089,-546.056,13309.9,-2.66458e+07,-0.771246,-0.628807,-0.201722,-0.0149539,-0.0867605,-0.00357564
4.27271e-05,0,0,0,1e+09,1e+09,1e+09,0,0,0,0,0,8,2,5.45658e-06,0,0.130753,-4.55713,-109.317,-545.361,13323.1,-2.66534e+07,-0.772581,-0.630751,-0.201958,-0.0150225,-0.0869501,-0.00360344
4.27857e-05,0,0,0,1e+09,1e+09,1e+09,0,0,0,0,0,8,2,5.45658e-06,0,0.130753,-4.54676,-106.407,-546.09,13335.8,-2.66582e+07,-0.773904,-0.632713,-0.202186,-0.0150922,-0.0871396,-0.00363122
4.28443e-05,0,0,0,1e+09,1e+09,1e+09,0,0,0,0,0,8,2,5.45658e-06,0,0.130753,-4.53638,-103.895,-547.281,13348.1,-2.66602e+07,-0.775205,-0.634698,-0.202409,-0.0151632,-0.087329,-0.00365901
4.29029e-05,0,0,0,1e+09,1e+09,1e+09,0,0,0,0,0,8,2,5.45658e-06,0,0.130753,-4.52599,-101.394,-548.45,13360.2,-2.66597e+07,-0.776483,-0.6367,-0.202636,-0.0152354,-0.0875182,-0.00368679
4.29616e-05,0,0,0,1e+09,1e+09,1e+09,0,0,0,0,0,8,2,5.45658e-06,0,0.130752,-4.5156,-99.9058,-549.888,13373.1,-2.66569e+07,-0.777747,-0.638697,-0.202877,-0.015308,-0.0877074,-0.00371456
4.30202e-05,0,0,0,1e+09,1e+09,1e+09,0,0,0,0,0,8,2,5.45658e-06,0,0.130752,-4.50519,-100.881,-551.347,13387.2,-2.66519e+07,-0.779007,-0.640677,-0.203136,-0.01538,-0.0878965,-0.00374233
4.30788e-05,0,0,0,1e+09,1e+09,1e+09,0,0,0,0,0,8,2,5.45658e-06,0,0.130752,-4.49477,-103.779,-552.282,13402.1,-2.66452e+07,-0.780267,-0.642639,-0.203406,-0.0154515,-0.0880857,-0.0037701
4.31374e-05,0,0,0,1e+09,1e+09,1e+09,0,0,0,0,0,8,2,5.45658e-06,0,0.130752,-4.48434,-106.356,-552.584,13417.4,-2.66374e+07,-0.781532,-0.644589,-0.20368,-0.0155228,-0.0882746,-0.00379786
4.3196e-05,0,0,0,1e+09,1e+09,1e+09,0,0,0,0,0,8,2,5.45658e-06,0,0.130751,-4.47389,-106.964,-552.593,13432.6,-2.66293e+07,-0.782808,-0.646522,-0.203954,-0.0155949,-0.0884633,-0.00382562
4.32546e-05,0,0,0,1e+09,1e+09,1e+09,0,0,0,0,0,8,2,5.45658e-06,0,0.130751,-4.46344,-105.834,-552.76,13447.8,-2.66218e+07,-0.784104,-0.648431,-0.204226,-0.015668,-0.0886516,-0.00385338
4.33132e-05,0,0,0,1e+09,1e+09,1e+09,0,0,0,0,0,8,2,5.45658e-06,0,0.130751,-4.45297,-104.207,-553.206,13462.8,-2.6616e+07,-0.78542,-0.650318,-0.204494,-0.0157417,-0.0888396,-0.00388114
4.33718e-05,0,0,0,1e+09,1e+09,1e+09,0,0,0,0,0,8,2,5.45658e-06,0,0.130751,-4.44249,-102.644,-553.878,13477.6,-2.66129e+07,-0.786755,-0.652187,-0.204756,-0.0158159,-0.0890271,-0.0039089
4.34304e-05,0,0,0,1e+09,1e+09,1e+09,0,0,0,0,0,8,2,5.45658e-06,0,0.13075,-4.432,-100.359,-554.956,13492,-2.66138e+07,-0.78811,-0.654043,-0.205007,-0.0158906,-0.0892143,-0.00393666
4.34891e-05,0,0,0,1e+09,1e+09,1e+09,0,0,0,0,0,8,2,5.45658e-06,0,0.13075,-4.4215,-96.4869,-556.559,13505.8,-2.66195e+07,-0.789489,-0.655878,-0.205249,-0.0159661,-0.0894013,-0.00396442
4.35477e-05,0,0,0,1e+09,1e+09,1e+09,0,0,0,0,0,8,2,5.45658e-06,0,0.13075,-4.41099,-91.2982,-558.883,13519.2,-2.66306e+07,-0.790898,-0.657687,-0.205482,-0.0160429,-0.089588,-0.00399218
4.36063e-05,0,0,0,1e+09,1e+09,1e+09,0,0,0,0,0,8,2,5.45658e-06,0,0.130749,-4.40047,-86.1613,-562.087,13532,-2.66474e+07,-0.792339,-0.659468,-0.205703,-0.0161212,-0.0897743,-0.00401995
4.36649e-05,0,0,0,1e+09,1e+09,1e+09,0,0,0,0,0,8,2,5.45658e-06,0,0.130749,-4.38994,-82.0127,-566.234,13544.1,-2.66698e+07,-0.793807,-0.661233,-0.205908,-0.0162015,-0.0899602,-0.00404772
4.37235e-05,0,0,0,1e+09,1e+09,1e+09,0,0,0,0,0,8,2,5.45658e-06,0,0.130749,-4.3794,-78.7072,-571.207,13555.2,-2.66973e+07,-0.795293,-0.662994,-0.206093,-0.0162839,-0.0901457,-0.00407549
4.37821e-05,0,0,0,1e+09,1e+09,1e+09,0,0,0,0,0,8,2,5.45658e-06,0,0.130749,-4.36886,-75.6998,-576.438,13565.4,-2.67292e+07,-0.796791,-0.664757,-0.206262,-0.0163682,-0.0903308,-0.00410327
4.38407e-05,0,0,0,1e+09,1e+09,1e+09,0,0,0,0,0,8,2,5.45658e-06,0,0.130748,-4.3583,-73.2017,-580.953,13575.3,-2.67645e+07,-0.798291,-0.666516,-0.206428,-0.0164534,-0.0905157,-0.00413105
4.38993e-05,0,0,0,1e+09,1e+09,1e+09,0,0,0,0,0,8,2,5.45658e-06,0,0.130748,-4.34774,-72.2936,-583.816,13585.8,-2.6802e+07,-0.799791,-0.66826,-0.206605,-0.0165379,-0.0907006,-0.00415884
4.39579e-05,0,0,0,1e+09,1e+09,1e+09,0,0,0,0,0,8,2,5.45658e-06,0,0.130748,-4.33716,-73.5952,-584.601,13597,-2.6841e+07,-0.801289,-0.669985,-0.206796,-0.0166209,-0.0908851,-0.00418664
4.40165e-05,0,0,0,1e+09,1e+09,1e+09,0,0,0,0,0,8,2,5.45658e-06,0,0.130748,-4.32658,-76.3316,-583.63,13608.8,-2.68805e+07,-0.802789,-0.671696,-0.206994,-0.0167028,-0.0910693,-0.00421445
4.40752e-05,0,0,0,1e+09,1e+09,1e+09,0,0,0,0,0,9,2,5.45658e-06,0,0.130747,-4.31599,-78.8153,-581.689,13620.6,-2.69201e+07,-0.804293,-0.673397,-0.207193,-0.0167848,-0.0912531,-0.00424226
4.41338e-05,0,0,0,1e+09,1e+09,1e+09,0,0,0,0,0,9,2,5.45658e-06,0,0.130747,-4.30539,-79.7828,-579.462,13632,-2.69595e+07,-0.805805,-0.675092,-0.207385,-0.0168676,-0.0914364,-0.00427009
4.41924e-05,0,0,0,1e+09,1e+09,1e+09,0,0,0,0,0,9,2,5.45658e-06,0,0.130747,-4.29479,-79.3076,-577.358,13642.8,-2.69988e+07,-0.807336,-0.676775,-0.207566,-0.0169515,-0.0916193,-0.00429792
4.4251e-05,0,0,0,1e+09,1e+09,1e+09,0,0,0,0,0,9,2,5.45658e-06,0,0.130747,-4.28417,-78.4336,-575.456,13653.2,-2.70382e+07,-0.808899,-0.678431,-0.207737,-0.0170365,-0.0918019,-0.00432577
4.43096e-05,0,0,0,1e+09,1e+09,1e+09,0,0,0,0,0,9,2,5.45658e-06,0,0.130746,-4.27355,-77.8238,-573.641,13663.3,-2.7078e+07,-0.8105,-0.680051,-0.207901,-0.0171221,-0.0919843,-0.00435363
4.43682e-05,0,0,0,1e+09,1e+09,1e+09,0,0,0,0,0,9,2,5.45658e-06,0,0.130746,-4.26291,-77.0752,-571.743,13673.2,-2.71188e+07,-0.812134,-0.681635,-0.208061,-0.0172083,-0.0921662,-0.00438149
4.44268e-05,0,0,0,1e+09,1e+09,1e+09,0,0,0,0,0,9,2,5.45658e-06,0,0.130746,-4.25228,-75.3932,-569.703,13683,-2.71608e+07,-0.813795,-0.68319,-0.208217,-0.0172948,-0.0923476,-0.00440937
4.44854e-05,0,0,0,1e+09,1e+09,1e+09,0,0,0,0,0,9,2,5.45658e-06,0,0.130746,-4.24163,-72.4971,-567.521,13692.4,-2.72043e+07,-0.815476,-0.684726,-0.208366,-0.0173815,-0.0925287,-0.00443727
4.4544e-05,0,0,0,1e+09,1e+09,1e+09,0,0,0,0,0,10,2,5.45658e-06,0,0.130745,-4.23097,-68.7724,-565.256,13701.3,-2.72494e+07,-0.81717,-0.686257,-0.208501,-0.0174685,-0.0927093,-0.00446517
4.46027e-05,0,0,0,1e+09,1e+09,1e+09,0,0,0,0,0,10,2,5.45658e-06,0,0.130745,-4.22031,-64.7793,-562.95,13709.4,-2.72958e+07,-0.81887,-0.687792,-0.20862,-0.0175562,-0.0928896,-0.00449308
4.46613e-05,0,0,0,1e+09,1e+09,1e+09,0,0,0,0,0,10,2,5.45658e-06,0,0.130745,-4.20965,-60.8284,-560.671,13716.9,-2.73434e+07,-0.820571,-0.689335,-0.208729,-0.0176448,-0.0930697,-0.00452101
4.47199e-05,0,0,0,1e+09,1e+09,1e+09,0,0,0,0,0,10,2,5.45658e-06,0,0.130745,-4.19898,-57.1942,-558.335,13724.4,-2.73917e+07,-0.822267,-0.690877,-0.208837,-0.0177335,-0.0932495,-0.00454895
4.47785e-05,0,0,0,1e+09,1e+09,1e+09,0,0,0,0,0,10,2,5.45658e-06,0,0.130744,-4.1883,-54.6076,-555.612,13732.5,-2.74402e+07,-0.823964,-0.692403,-0.208955,-0.0178216,-0.0934289,-0.0045769
4.48371e-05,0,0,0,1e+09,1e+09,1e+09,0,0,0,0,0,10,2,5.45658e-06,0,0.130744,-4.17761,-54.3463,-552.005,13741.2,-2.74884e+07,-0.825667,-0.693901,-0.209087,-0.0179083,-0.093608,-0.00460487
4.48957e-05,0,0,0,1e+09,1e+09,1e+09,0,0,0,0,0,10,2,5.45658e-06,0,0.130744,-4.16692,-57.346,-547.433,13750.7,-2.75361e+07,-0.827382,-0.695367,-0.209232,-0.0179934,-0.0937867,-0.00463284
4.49543e-05,0,0,0,1e+09,1e+09,1e+09,0,0,0,0,0,10,2,5.45658e-06,0,0.130744,-4.15622,-63.3851,-542.435,13760.5,-2.7583e+07,-0.829106,-0.696812,-0.209382,-0.018077,-0.0939651,-0.00466083
4.50129e-05,0,0,0,1e+09,1e+09,1e+09,0,0,0,0,0,10,2,5.45658e-06,0,0.130743,-4.14551,-71.1832,-537.786,13770.3,-2.7629e+07,-0.830824,-0.698259,-0.209528,-0.0181593,-0.0941433,-0.00468882
4.50715e-05,0,0,0,1e+09,1e+09,1e+09,0,0,0,0,0,11,2,5.45658e-06,0,0.130743,-4.1348,-78.9448,-533.443,13779.8,-2.76744e+07,-0.832519,-0.699727,-0.209667,-0.0182399,-0.0943212,-0.00471683
4.51301e-05,0,0,0,1e+09,1e+09,1e+09,0,0,0,0,0,11,2,5.45658e-06,0,0.130743,-4.12408,-85.2404,-529.103,13789.2,-2.77194e+07,-0.834183,-0.701223,-0.209806,-0.0183187,-0.094499,-0.00474484
4.51888e-05,0,0,0,1e+09,1e+09,1e+09,0,0,0,0,0,11,2,5.45658e-06,0,0.130743,-4.11335,-89.7325,-524.9,13798.9,-2.77643e+07,-0.835818,-0.702731,-0.209955,-0.0183956,-0.0946766,-0.00477287
4.52474e-05,0,0,0,1e+09,1e+09,1e+09,0,0,0,0,0,11,2,5.45658e-06,0,0.130742,-4.10261,-92.6179,-521.394,13809.7,-2.78096e+07,-0.837433,-0.704235,-0.210123,-0.0184703,-0.0948541,-0.0048009
4.5306e-05,0,0,0,1e+09,1e+09,1e+09,0,0,0,0,0,11,2,5.45658e-06,0,0.130742,-4.09186,-93.8028,-518.859,13821.7,-2.78558e+07,-0.839038,-0.705719,-0.210314,-0.0185427,-0.0950313,-0.00482894
4.53646e-05,0,0,0,1e+09,1e+09,1e+09,0,0,0,0,0,11,2,5.45658e-06,0,0.130742,-4.08111,-92.9977,-516.73,13834.4,-2.79036e+07,-0.840639,-0.707185,-0.21052,-0.0186124,-0.0952081,-0.00485698
4.54232e-05,0,0,0,1e+09,1e+09,1e+09,0,0,0,0,0,11,2,5.45658e-06,0,0.130742,-4.07034,-90.2999,-514.11,13846.8,-2.79532e+07,-0.842234,-0.708648,-0.210727,-0.0186794,-0.0953845,-0.00488502
4.54818e-05,0,0,0,1e+09,1e+09,1e+09,0,0,0,0,0,11,2,5.45658e-06,0,0.130742,-4.05957,-86.6782,-510.555,13858.6,-2.80052e+07,-0.843812,-0.710128,-0.210927,-0.0187442,-0.0955605,-0.00491307
4.55404e-05,0,0,0,1e+09,1e+09,1e+09,0,0,0,0,0,11,2,5.45658e-06,0,0.130741,-4.04878,-83.67,-506.259,13869.6,-2.80596e+07,-0.845361,-0.711643,-0.211115,-0.0188072,-0.0957362,-0.00494113
4.5599e-05,0,0,0,1e+09,1e+09,1e+09,0,0,0,0,0,11,2,5.45658e-06,0,0.130741,-4.03799,-82.4487,-501.287,13879.8,-2.81166e+07,-0.846876,-0.713198,-0.211292,-0.0188678,-0.0959116,-0.00496918
4.56576e-05,0,0,0,1e+09,1e+09,1e+09,0,0,0,0,0,11,2,5.45658e-06,0,0.130741,-4.02719,-83.1485,-495.245,13889.4,-2.81759e+07,-0.848365,-0.714785,-0.211461,-0.0189252,-0.0960866,-0.00499723
4.57163e-05,0,0,0,1e+09,1e+09,1e+09,0,0,0,0,0,11,2,5.45658e-06,0,0.130741,-4.01638,-85.0721,-487.84,13898.8,-2.82371e+07,-0.849839,-0.716382,-0.211628,-0.0189791,-0.0962614,-0.00502528
4.57749e-05,0,0,0,1e+09,1e+09,1e+09,0,0,0,0,0,11,2,5.45658e-06,0,0.13074,-4.00557,-87.7531,-479.74,13907.9,-2.82998e+07,-0.851308,-0.717975,-0.211798,-0.0190306,-0.0964357,-0.00505333
4.58335e-05,0,0,0,1e+09,1e+09,1e+09,0,0,0,0,0,11,2,5.45658e-06,0,0.13074,-3.99475,-91.1555,-472.321,13916.6,-2.8363e+07,-0.852771,-0.719571,-0.211964,-0.0190816,-0.0966097,-0.00508137
4.58921e-05,0,0,0,1e+09,1e+09,1e+09,0,0,0,0,0,11,2,5.45658e-06,0,0.13074,-3.98392,-94.6127,-466.763,13924.2,-2.8426e+07,-0.854223,-0.721189,-0.212113,-0.0191338,-0.0967833,-0.0051094
4.59507e-05,0,0,0,1e+09,1e+09,1e+09,0,0,0,0,0,11,2,5.45658e-06,0,0.13074,-3.97309,-96.3764,-463.259,13930.6,-2.84877e+07,-0.855657,-0.722839,-0.212241,-0.0191878,-0.0969564,-0.00513743
4.60093e-05,0,0,0,1e+09,1e+09,1e+09,0,0,0,0,0,11,2,5.45658e-06,0,0.130739,-3.96225,-95.2002,-460.872,13936.6,-2.85472e+07,-0.857067,-0.724517,-0.212362,-0.0192429,-0.0971291,-0.00516545
4.60679e-05,0,0,0,1e+09,1e+09,1e+09,0,0,0,0,0,11,2,5.45658e-06,0,0.130739,-3.95141,-91.895,-457.769,13943.2,-2.86033e+07,-0.858446,-0.726206,-0.212497,-0.0192971,-0.0973018,-0.00519346
4.61265e-05,0,0,0,1e+09,1e+09,1e+09,0,0,0,0,0,11,2,5.45658e-06,0,0.130739,-3.94056,-88.5587,-452.467,13951.3,-2.86549e+07,-0.859794,-0.727896,-0.212659,-0.0193484,-0.0974743,-0.00522145
4.61851e-05,0,0,0,1e+09,1e+09,1e+09,0,0,0,0,0,11,2,5.45658e-06,0,0.130739,-3.9297,-86.638,-445.546,13960.9,-2.87014e+07,-0.861119,-0.729578,-0.212848,-0.0193966,-0.0976465,-0.00524943
4.62438e-05,0,0,0,1e+09,1e+09,1e+09,0,0,0,0,0,11,2,5.45658e-06,0,0.130738,-3.91884,-86.3459,-438.045,13971.6,-2.8742e+07,-0.862438,-0.731241,-0.213057,-0.0194431,-0.0978184,-0.0052774
4.63024e-05,0,0,0,1e+09,1e+09,1e+09,0,0,0,0,0,11,2,5.45658e-06,0,0.130738,-3.90797,-86.5263,-431.802,13982.8,-2.87761e+07,-0.863765,-0.732878,-0.213276,-0.0194906,-0.0979899,-0.00530535
4.6361e-05,0,0,0,1e+09,1e+09,1e+09,0,0,0,0,0,12,2,5.45658e-06,0,0.130738,-3.89709,-85.391,-428.157,13994.2,-2.88034e+07,-0.865106,-0.734491,-0.213498,-0.0195408,-0.0981611,-0.00533328
4.64196e-05,0,0,0,1e+09,1e+09,1e+09,0,0,0,0,0,12,2,5.45658e-06,0,0.130738,-3.8862,-81.7794,-426.946,14005.3,-2.88237e+07,-0.866451,-0.736098,-0.213715,-0.0195943,-0.0983321,-0.00536119
4.64782e-05,0,0,0,1e+09,1e+09,1e+09,0,0,0,0,0,12,2,5.45658e-06,0,0.130738,-3.8753,-76.2024,-426.553,14015.7,-2.8837e+07,-0.867802,-0.737712,-0.213919,-0.0196506,-0.0985036,-0.00538908
4.65368e-05,0,0,0,1e+09,1e+09,1e+09,0,0,0,0,0,12,2,5.45658e-06,0,0.130737,-3.86439,-73.4288,-423.701,14027.7,-2.88433e+07,-0.869197,-0.739258,-0.214144,-0.0197084,-0.0986757,-0.00541695
4.65954e-05,0,0,0,1e+09,1e+09,1e+09,0,0,0,0,0,12,2,5.45658e-06,0,0.130737,-3.85347,-80.4642,-413.451,14045.4,-2.8843e+07,-0.870644,-0.740652,-0.214458,-0.0197657,-0.0988477,-0.00544479
4.6654e-05,0,0,0,1e+09,1e+09,1e+09,0,0,0,0,0,12,2,5.45658e-06,0,0.130737,-3.84254,-93.0032,-397.196,14064.4,-2.88367e+07,-0.87211,-0.742008,-0.214781,-0.0198218,-0.0990187,-0.00547261
4.67126e-05,0,0,0,1e+09,1e+09,1e+09,0,0,0,0,0,12,2,5.45658e-06,0,0.130737,-3.83159,-101.851,-381.514,14078.3,-2.8825e+07,-0.873559,-0.743475,-0.215007,-0.019878,-0.0991896,-0.0055004
4.67712e-05,0,0,0,1e+09,1e+09,1e+09,0,0,0,0,0,12,2,5.45658e-06,0,0.130736,-3.82064,-105.601,-368.718,14091.1,-2.88086e+07,-0.874968,-0.744984,-0.215222,-0.0199342,-0.0993611,-0.00552817
4.68299e-05,0,0,0,1e+09,1e+09,1e+09,0,0,0,0,0,12,2,5.45658e-06,0,0.130736,-3.80967,-103.735,-359.653,14108,-2.87881e+07,-0.876364,-0.746413,-0.215524,-0.0199905,-0.0995318,-0.0055559
4.68885e-05,0,0,0,1e+09,1e+09,1e+09,0,0,0,0,0,12,2,5.45658e-06,0,0.130736,-3.79869,-94.1222,-356.989,14125.9,-2.87642e+07,-0.877795,-0.747778,-0.21585,-0.0200513,-0.0997025,-0.00558361
4.69471e-05,0,0,0,1e+09,1e+09,1e+09,0,0,0,0,0,12,2,5.45658e-06,0,0.130736,-3.7877,-81.8848,-360.129,14143.8,-2.87378e+07,-0.879278,-0.749095,-0.216169,-0.0201211,-0.099873,-0.00561128
4.70057e-05,0,0,0,1e+09,1e+09,1e+09,0,0,0,0,0,12,2,5.45658e-06,0,0.130736,-3.77669,-74.2964,-362.943,14163.4,-2.87096e+07,-0.880779,-0.750371,-0.216499,-0.0201981,-0.100043,-0.00563893
4.70643e-05,0,0,0,1e+09,1e+09,1e+09,0,0,0,0,0,12,2,5.45658e-06,0,0.130735,-3.76566,-70.4227,-361.039,14182.5,-2.86804e+07,-0.882258,-0.751685,-0.216801,-0.020279,-0.100213,-0.00566654
4.71229e-05,0,0,0,1e+09,1e+09,1e+09,0,0,0,0,0,12,2,5.45658e-06,0,0.130735,-3.75462,-68.8428,-356.104,14199.9,-2.86512e+07,-0.883703,-0.753063,-0.217069,-0.0203641,-0.100382,-0.00569412
4.71815e-05,0,0,0,1e+09,1e+09,1e+09,0,0,0,0,0,12,2,5.45658e-06,0,0.130735,-3.74357,-70.9172,-352.581,14217.7,-2.86229e+07,-0.885148,-0.75443,-0.217349,-0.0204533,-0.100551,-0.00572167
4.72401e-05,0,0,0,1e+09,1e+09,1e+09,0,0,0,0,0,12,2,5.45658e-06,0,0.130735,-3.73251,-73.6897,-350.197,14234.5,-2.85962e+07,-0.886615,-0.755772,-0.217626,-0.0205431,-0.10072,-0.00574918
4.72987e-05,0,0,0,1e+09,1e+09,1e+09,0,0,0,0,0,12,2,5.45658e-06,0,0.130734,-3.72143,-74.2948,-346.462,14249.4,-2.85719e+07,-0.88809,-0.757124,-0.217881,-0.0206298,-0.100888,-0.00577666
4.73574e-05,0,0,0,1e+09,1e+09,1e+09,0,0,0,0,0,12,2,5.45658e-06,0,0.130734,-3.71034,-71.234,-340.707,14265.3,-2.85505e+07,-0.889536,-0.758465,-0.21817,-0.0207168,-0.101056,-0.0058041
4.7416e-05,0,0,0,1e+09,1e+09,1e+09,0,0,0,0,0,12,2,5.45658e-06,0,0.130734,-3.69923,-65.2062,-334.912,14284.1,-2.85322e+07,-0.890944,-0.759785,-0.218514,-0.0208079,-0.101224,-0.00583151
4.74746e-05,0,0,0,1e+09,1e+09,1e+09,0,0,0,0,0,12,2,5.45658e-06,0,0.130734,-3.68812,-59.4245,-329.512,14303.2,-2.85175e+07,-0.892341,-0.761117,-0.218847,-0.0209028,-0.101391,-0.00585888
4.75332e-05,0,0,0,1e+09,1e+09,1e+09,0,0,0,0,0,12,2,5.45658e-06,0,0.130734,-3.67698,-59.2501,-323.343,14321.3,-2.85064e+07,-0.893765,-0.762446,-0.219145,-0.0209993,-0.101557,-0.00588622
4.75918e-05,0,0,0,1e+09,1e+09,1e+09,0,0,0,0,0,12,2,5.45658e-06,0,0.130733,-3.66584,-66.2671,-315.361,14340.4,-2.84989e+07,-0.895234,-0.763702,-0.21946,-0.0210966,-0.101723,-0.00591352
4.76504e-05,0,0,0,1e+09,1e+09,1e+09,0,0,0,0,0,12,2,5.45658e-06,0,0.130733,-3.65467,-76.7103,-308.317,14359.1,-2.84948e+07,-0.896721,-0.764927,-0.219783,-0.0211963,-0.101889,-0.00594078
4.7709e-05,0,0,0,1e+09,1e+09,1e+09,0,0,0,0,0,12,2,5.45658e-06,0,0.130733,-3.6435,-84.1766,-304.303,14374.2,-2.84936e+07,-0.898188,-0.76623,-0.220048,-0.0212994,-0.102054,-0.00596801
4.77676e-05,0,0,0,1e+09,1e+09,1e+09,0,0,0,0,0,12,2,5.45658e-06,0,0.130733,-3.63231,-83.0913,-302.557,14386.5,-2.84947e+07,-0.899634,-0.767606,-0.220267,-0.0214041,-0.102219,-0.0059952
4.78262e-05,0,0,0,1e+09,1e+09,1e+09,0,0,0,0,0,13,2,5.45658e-06,0,0.130733,-3.62112,-73.4842,-299.616,14399.7,-2.84973e+07,-0.901097,-0.768946,-0.2205,-0.021507,-0.102383,-0.00602235
4.78848e-05,0,0,0,1e+09,1e+09,1e+09,0,0,0,0,0,13,2,5.45658e-06,0,0.130732,-3.60991,-59.8162,-293.06,14416.4,-2.85008e+07,-0.902605,-0.770165,-0.220799,-0.0216062,-0.102548,-0.00604947
4.79435e-05,0,0,0,1e+09,1e+09,1e+09,0,0,0,0,0,13,2,5.45658e-06,0,0.130732,-3.59869,-46.4333,-280.447,14437.6,-2.85046e+07,-0.904141,-0.771264,-0.22118,-0.021701,-0.102713,-0.00607656
4.80021e-05,0,0,0,1e+09,1e+09,1e+09,0,0,0,0,0,13,2,5.45658e-06,0,0.130732,-3.58745,-37.6939,-263.767,14460.7,-2.85082e+07,-0.905673,-0.772328,-0.221588,-0.021792,-0.102877,-0.00610361
4.80607e-05,0,0,0,1e+09,1e+09,1e+09,0,0,0,0,0,13,2,5.45658e-06,0,0.130732,-3.57619,-35.8326,-249.36,14481.7,-2.85117e+07,-0.907189,-0.773438,-0.221955,-0.0218814,-0.10304,-0.00613062
4.81193e-05,0,0,0,1e+09,1e+09,1e+09,0,0,0,0,0,13,2,5.45658e-06,0,0.130731,-3.56492,-42.2046,-240.479,14499.1,-2.8515e+07,-0.908702,-0.774608,-0.222258,-0.0219699,-0.103204,-0.00615761
4.81779e-05,0,0,0,1e+09,1e+09,1e+09,0,0,0,0,0,13,2,5.45658e-06,0,0.130731,-3.55364,-55.0218,-236.899,14513.5,-2.8518e+07,-0.910236,-0.775802,-0.222511,-0.0220564,-0.103367,-0.00618455
4.82365e-05,0,0,0,1e+09,1e+09,1e+09,0,0,0,0,0,13,2,5.45658e-06,0,0.130731,-3.54235,-65.2739,-236.17,14525.9,-2.85209e+07,-0.911811,-0.776989,-0.222729,-0.0221421,-0.103529,-0.00621147
4.82951e-05,0,0,0,1e+09,1e+09,1e+09,0,0,0,0,0,13,2,5.45658e-06,0,0.130731,-3.53104,-67.4253,-238.017,14537.4,-2.85239e+07,-0.913416,-0.778163,-0.222926,-0.0222294,-0.103691,-0.00623836
4.83537e-05,0,0,0,1e+09,1e+09,1e+09,0,0,0,0,0,13,2,5.45658e-06,0,0.130731,-3.51973,-63.3375,-240.758,14549,-2.85271e+07,-0.915029,-0.779324,-0.223121,-0.0223189,-0.103853,-0.00626521
4.84123e-05,0,0,0,1e+09,1e+09,1e+09,0,0,0,0,0,13,2,5.45658e-06,0,0.13073,-3.50841,-57.4424,-244.49,14561.3,-2.85308e+07,-0.916641,-0.780467,-0.223329,-0.0224086,-0.104014,-0.00629203
4.8471e-05,0,0,0,1e+09,1e+09,1e+09,0,0,0,0,0,13,2,5.45658e-06,0,0.13073,-3.49708,-53.6323,-247.737,14574.6,-2.85355e+07,-0.91826,-0.781576,-0.223552,-0.0224954,-0.104175,-0.00631883
4.85296e-05,0,0,0,1e+09,1e+09,1e+09,0,0,0,0,0,13,2,5.45658e-06,0,0.13073,-3.48573,-55.5526,-250.081,14587.8,-2.85413e+07,-0.91989,-0.782666,-0.223775,-0.0225784,-0.104336,-0.00634559
4.85882e-05,0,0,0,1e+09,1e+09,1e+09,0,0,0,0,0,13,2,5.45658e-06,0,0.13073,-3.47438,-63.6855,-253.336,14598.6,-2.85486e+07,-0.921512,-0.783795,-0.22396,-0.0226608,-0.104497,-0.00637233
4.86468e-05,0,0,0,1e+09,1e+09,1e+09,0,0,0,0,0,13,2,5.45658e-06,0,0.13073,-3.46302,-74.9777,-259.06,14605.7,-2.85575e+07,-0.923114,-0.784994,-0.224088,-0.0227467,-0.104657,-0.00639905
4.87054e-05,0,0,0,1e+09,1e+09,1e+09,0,0,0,0,0,13,2,5.45658e-06,0,0.130729,-3.45166,-84.9221,-266.187,14610.8,-2.85682e+07,-0.924706,-0.786226,-0.224191,-0.0228374,-0.104816,-0.00642574
4.8764e-05,0,0,0,1e+09,1e+09,1e+09,0,0,0,0,0,13,2,5.45658e-06,0,0.130729,-3.44029,-90.1043,-271.882,14616.3,-2.85808e+07,-0.926301,-0.78744,-0.224304,-0.022931,-0.104976,-0.0064524
4.88226e-05,0,0,0,1e+09,1e+09,1e+09,0,0,0,0,0,13,2,5.45658e-06,0,0.130729,-3.42892,-90.3464,-274.081,14622.6,-2.85956e+07,-0.927903,-0.788629,-0.224429,-0.0230251,-0.105135,-0.00647904
4.88812e-05,0,0,0,1e+09,1e+09,1e+09,0,0,0,0,0,13,2,5.45658e-06,0,0.130729,-3.41754,-87.2956,-272.836,14630.4,-2.8613e+07,-0.92951,-0.789774,-0.224583,-0.0231189,-0.105294,-0.00650566
4.89398e-05,0,0,0,1e+09,1e+09,1e+09,0,0,0,0,0,13,2,5.45658e-06,0,0.130729,-3.40616,-83.7982,-268.848,14640.6,-2.86335e+07,-0.931121,-0.790852,-0.224789,-0.0232124,-0.105452,-0.00653227
4.89984e-05,0,0,0,1e+09,1e+09,1e+09,0,0,0,0,0,13,2,5.45658e-06,0,0.130728,-3.39477,-81.9905,-261.922,14652.2,-2.86578e+07,-0.932726,-0.79189,-0.225032,-0.0233054,-0.10561,-0.00655885
4.90571e-05,0,0,0,1e+09,1e+09,1e+09,0,0,0,0,0,13,2,5.45658e-06,0,0.130728,-3.38337,-82.0319,-252.43,14663,-2.86865e+07,-0.934306,-0.792951,-0.225272,-0.0233979,-0.105767,-0.00658541
4.91157e-05,0,0,0,1e+09,1e+09,1e+09,0,0,0,0,0,13,2,5.45658e-06,0,0.130728,-3.37196,-82.4177,-242.835,14672.3,-2.87204e+07,-0.935869,-0.794044,-0.225492,-0.0234917,-0.105924,-0.00661196
4.91743e-05,0,0,0,1e+09,1e+09,1e+09,0,0,0,0,0,13,2,5.45658e-06,0,0.130728,-3.36054,-80.5754,-235.927,14681,-2.87598e+07,-0.937443,-0.795126,-0.225706,-0.0235885,-0.10608,-0.00663849
4.92329e-05,0,0,0,1e+09,1e+09,1e+09,0,0,0,0,0,13,2,5.45658e-06,0,0.130728,-3.34912,-75.5182,-231.751,14690.3,-2.88051e+07,-0.939044,-0.796166,-0.225929,-0.0236877,-0.106236,-0.00666501
4.92915e-05,0,0,0,1e+09,1e+09,1e+09,0,0,0,0,0,13,2,5.45658e-06,0,0.130727,-3.33769,-67.7585,-228.802,14700.9,-2.88565e+07,-0.940647,-0.797171,-0.226174,-0.0237872,-0.106392,-0.00669152
4.93501e-05,0,0,0,1e+09,1e+09,1e+09,0,0,0,0,0,13,2,5.45658e-06,0,0.130727,-3.32625,-58.4257,-226.332,14713,-2.89138e+07,-0.942219,-0.798174,-0.226444,-0.0238863,-0.106547,-0.00671802
4.94087e-05,0,0,0,1e+09,1e+09,1e+09,0,0,0,0,0,14,2,5.45658e-06,0,0.130727,-3.3148,-49.3048,-224.559,14726,-2.89769e+07,-0.943758,-0.79918,-0.226734,-0.023986,-0.106702,-0.0067445
4.94673e-05,0,0,0,1e+09,1e+09,1e+09,0,0,0,0,0,14,2,5.45658e-06,0,0.130727,-3.30334,-42.8324,-222.56,14739.3,-2.90453e+07,-0.945283,-0.80018,-0.227031,-0.0240862,-0.106857,-0.00677098
4.95259e-05,0,0,0,1e+09,1e+09,1e+09,0,0,0,0,0,14,2,5.45658e-06,0,0.130727,-3.29187,-39.444,-220.468,14752.4,-2.91185e+07,-0.946804,-0.801181,-0.227324,-0.0241848,-0.107011,-0.00679745
4.95846e-05,0,0,0,1e+09,1e+09,1e+09,0,0,0,0,0,14,2,5.45658e-06,0,0.130726,-3.28039,-37.8581,-217.354,14764.8,-2.91956e+07,-0.948317,-0.802204,-0.2276,-0.0242808,-0.107166,-0.00682391
4.96432e-05,0,0,0,1e+09,1e+09,1e+09,0,0,0,0,0,14,2,5.45658e-06,0,0.130726,-3.2689,-35.8438,-213.191,14776.3,-2.9276e+07,-0.949822,-0.803245,-0.227858,-0.0243759,-0.10732,-0.00685037
4.97018e-05,0,0,0,1e+09,1e+09,1e+09,0,0,0,0,0,14,2,5.45658e-06,0,0.130726,-3.2574,-30.4668,-209.687,14788,-2.93587e+07,-0.951329,-0.804274,-0.228118,-0.0244736,-0.107473,-0.00687683
4.97604e-05,0,0,0,1e+09,1e+09,1e+09,0,0,0,0,0,15,2,5.45658e-06,0,0.130726,-3.2459,-20.6126,-208.308,14800.7,-2.94429e+07,-0.952839,-0.80527,-0.228401,-0.0245747,-0.107626,-0.00690328
4.9819e-05,0,0,0,1e+09,1e+09,1e+09,0,0,0,0,0,15,2,5.45658e-06,0,0.130726,-3.23438,-9.09129,-208.981,14815.6,-2.95279e+07,-0.954353,-0.806362,-0.228712,-0.024673,-0.107788,-0.00692973
4.98776e-05,0,0,0,1e+09,1e+09,1e+09,0,0,0,0,0,15,2,5.45658e-06,0,0.130726,-3.22285,-6.48036,-206.206,14834.1,-2.96129e+07,-0.955927,-0.807241,-0.229044,-0.0247474,-0.107949,-0.00695618
4.99362e-05,0,0,0,1e+09,1e+09,1e+09,0,0,0,0,0,15,2,5.45658e-06,0,0.130725,-3.2113,-32.3201,-188.345,14849.2,-2.96971e+07,-0.957603,-0.808086,-0.229277,-0.0247863,-0.108108,-0.00698263
4.99948e-05,0,0,0,1e+09,1e+09,1e+09,0,0,0,0,0,15,2,5.45658e-06,0,0.130725,-3.19975,-78.8826,-156.133,14855.7,-2.97799e+07,-0.959348,-0.809012,-0.229346,-0.0248092,-0.108265,-0.00700909
5.00534e-05,0,0,0,1e+09,1e+09,1e+09,0,0,0,0,0,15,2,5.45658e-06,0,0.130725,-3.18819,-104.558,-142.196,14856.6,-2.98602e+07,-0.961044,-0.810088,-0.229312,-0.0248558,-0.108423,-0.00703555
5.0112e-05,0,0,0,1e+09,1e+09,1e+09,0,0,0,0,0,15,2,5.45658e-06,0,0.130725,-3.17664,-88.775,-162.722,14852.9,-2.99369e+07,-0.962559,-0.81139,-0.2292,-0.024949,-0.108583,-0.00706201
5.01707e-05,0,0,0,1e+09,1e+09,1e+09,0,0,0,0,0,15,2,5.45658e-06,0,0.130725,-3.16508,-44.9027,-197.362,14847.3,-3.00089e+07,-0.963863,-0.812889,-0.229065,-0.0250723,-0.108743,-0.00708848
5.02293e-05,0,0,0,1e+09,1e+09,1e+09,0,0,0,0,0,15,2,5.45658e-06,0,0.130724,-3.15354,0.698545,-219.778,14841.6,-3.0075e+07,-0.965058,-0.814556,-0.228934,-0.0251938,-0.108899,-0.00711496
5.02879e-05,0,0,0,1e+09,1e+09,1e+09,0,0,0,0,0,15,2,5.45658e-06,0,0.130724,-3.14199,31.6235,-220.14,14837.1,-3.01343e+07,-0.966264,-0.816302,-0.228821,-0.025298,-0.109058,-0.00714145
5.03465e-05,0,0,0,1e+09,1e+09,1e+09,0,0,0,0,0,15,2,5.45658e-06,0,0.130724,-3.13045,44.9451,-203.092,14843.1,-3.01862e+07,-0.967513,-0.817751,-0.228915,-0.0253876,-0.109219,-0.00716795
5.04051e-05,0,0,0,1e+09,1e+09,1e+09,0,0,0,0,0,15,2,5.45658e-06,0,0.130724,-3.11889,40.3062,-164.713,14876.3,-3.02303e+07,-0.968801,-0.818539,-0.229538,-0.0254588,-0.109378,-0.00719446
5.04637e-05,0,0,0,1e+09,1e+09,1e+09,0,0,0,0,0,15,2,5.45658e-06,0,0.130724,-3.10729,17.9629,-99.7258,14940.5,-3.02675e+07,-0.970108,-0.818693,-0.23076,-0.0255061,-0.109533,-0.00722098
5.05223e-05,0,0,0,1e+09,1e+09,1e+09,0,0,0,0,0,15,2,5.45658e-06,0,0.130723,-3.09564,-11.0326,-29.9041,15011.8,-3.02995e+07,-0.971366,-0.818779,-0.232117,-0.0255493,-0.109689,-0.00724752
5.05809e-05,0,0,0,1e+09,1e+09,1e+09,0,0,0,0,0,15,2,5.45658e-06,0,0.130723,-3.08394,-21.6478,1.44781,15056,-3.03282e+07,-0.972485,-0.819472,-0.232957,-0.0256262,-0.109846,-0.00727407
5.06395e-05,0,0,0,1e+09,1e+09,1e+09,0,0,0,0,0,15,2,5.45658e-06,0,0.130723,-3.07223,0.904862,-29.5719,15060.1,-3.03554e+07,-0.97345,-0.820996,-0.233036,-0.0257571,-0.110006,-0.00730065
5.06982e-05,0,0,0,1e+09,1e+09,1e+09,0,0,0,0,0,15,2,5.45658e-06,0,0.130723,-3.06052,41.2807,-98.9962,15044.6,-3.03817e+07,-0.974351,-0.823056,-0.23275,-0.0259231,-0.110158,-0.00732723
5.07568e-05,0,0,0,1e+09,1e+09,1e+09,0,0,0,0,0,15,2,5.45658e-06,0,0.130723,-3.04882,69.3167,-145.61,15044.7,-3.04071e+07,-0.975352,-0.824855,-0.232763,-0.0260693,-0.110317,-0.00735384
5.08154e-05,0,0,0,1e+09,1e+09,1e+09,0,0,0,0,0,15,2,5.45658e-06,0,0.130723,-3.03711,62.1924,-140.809,15078,-3.04321e+07,-0.976595,-0.825638,-0.233396,-0.0261443,-0.110473,-0.00738047
5.0874e-05,0,0,0,1e+09,1e+09,1e+09,0,0,0,0,0,15,2,5.45658e-06,0,0.130722,-3.02536,26.7097,-85.3129,15131.2,-3.04576e+07,-0.97811,-0.825692,-0.2344,-0.0261569,-0.110629,-0.00740713
5.09326e-05,0,0,0,1e+09,1e+09,1e+09,0,0,0,0,0,15,2,5.45658e-06,0,0.130722,-3.01357,-9.03289,-21.6901,15177.9,-3.04848e+07,-0.979758,-0.825764,-0.235293,-0.0261654,-0.110782,-0.00743381
5.09912e-05,0,0,0,1e+09,1e+09,1e+09,0,0,0,0,0,15,2,5.45658e-06,0,0.130722,-3.00175,-12.5544,-8.90943,15200.1,-3.05143e+07,-0.981303,-0.826445,-0.235733,-0.0262195,-0.110938,-0.00746051
5.10498e-05,0,0,0,1e+09,1e+09,1e+09,0,0,0,0,0,15,2,5.45658e-06,0,0.130722,-2.98993,20.3414,-63.9468,15195.5,-3.05459e+07,-0.982592,-0.827763,-0.235669,-0.0263313,-0.111101,-0.00748724
5.11084e-05,0,0,0,1e+09,1e+09,1e+09,0,0,0,0,0,15,2,5.45658e-06,0,0.130722,-2.97812,67.4026,-146.21,15170.5,-3.05783e+07,-0.983662,-0.829556,-0.235221,-0.0264831,-0.111262,-0.007514
5.1167e-05,0,0,0,1e+09,1e+09,1e+09,0,0,0,0,0,15,2,5.45658e-06,0,0.130722,-2.96632,112.516,-190.173,15134,-3.06102e+07,-0.984715,-0.831832,-0.234548,-0.0266369,-0.111417,-0.00754079
5.12257e-05,0,0,0,1e+09,1e+09,1e+09,0,0,0,0,0,15,2,5.45658e-06,0,0.130721,-2.95455,129.636,-197.706,15100.1,-3.06401e+07,-0.985946,-0.833966,-0.233929,-0.0267606,-0.11158,-0.00756761
5.12843e-05,0,0,0,1e+09,1e+09,1e+09,0,0,0,0,0,15,2,5.45658e-06,0,0.130721,-2.9428,113.953,-167.259,15091.7,-3.06669e+07,-0.987357,-0.835261,-0.233803,-0.0268376,-0.111744,-0.00759446
5.13429e-05,0,0,0,1e+09,1e+09,1e+09,0,0,0,0,0,15,2,5.45658e-06,0,0.130721,-2.93103,77.0544,-96.7536,15120.8,-3.06902e+07,-0.98888,-0.83566,-0.234394,-0.0268708,-0.1119,-0.00762135
5.14015e-05,0,0,0,1e+09,1e+09,1e+09,0,0,0,0,0,15,2,5.45658e-06,0,0.130721,-2.91924,29.1822,-13.0591,15170.3,-3.07108e+07,-0.990385,-0.83577,-0.235394,-0.0268899,-0.112054,-0.00764827
5.14601e-05,0,0,0,1e+09,1e+09,1e+09,0,0,0,0,0,15,2,5.45658e-06,0,0.130721,-2.90741,-2.93945,36.9169,15206.7,-3.073e+07,-0.991708,-0.836288,-0.236159,-0.0269388,-0.112211,-0.00767523
5.15187e-05,0,0,0,1e+09,1e+09,1e+09,0,0,0,0,0,15,2,5.45658e-06,0,0.13072,-2.89557,7.5666,22.782,15205.8,-3.07496e+07,-0.992784,-0.837579,-0.236205,-0.0270467,-0.11237,-0.00770223
5.15773e-05,0,0,0,1e+09,1e+09,1e+09,0,0,0,0,0,15,2,5.45658e-06,0,0.13072,-2.88375,54.2261,-48.1176,15168.3,-3.07703e+07,-0.993686,-0.839762,-0.235534,-0.027211,-0.112528,-0.00772927
5.16359e-05,0,0,0,1e+09,1e+09,1e+09,0,0,0,0,0,15,2,5.45658e-06,0,0.13072,-2.87196,105.585,-106.895,15121,-3.07919e+07,-0.994563,-0.842376,-0.234668,-0.0273924,-0.11268,-0.00775634
5.16945e-05,0,0,0,1e+09,1e+09,1e+09,0,0,0,0,0,15,2,5.45658e-06,0,0.13072,-2.86019,128.127,-122.729,15096.9,-3.08141e+07,-0.995584,-0.844545,-0.234239,-0.0275364,-0.112843,-0.00778347
5.17531e-05,0,0,0,1e+09,1e+09,1e+09,0,0,0,0,0,15,2,5.45658e-06,0,0.13072,-2.84843,131.713,-104.272,15109.6,-3.08372e+07,-0.99689,-0.845616,-0.234435,-0.0276092,-0.113004,-0.00781063
5.18118e-05,0,0,0,1e+09,1e+09,1e+09,0,0,0,0,0,15,2,5.45658e-06,0,0.13072,-2.83665,146.234,-51.0808,15142.3,-3.08612e+07,-0.99852,-0.846016,-0.234878,-0.0276308,-0.113163,-0.00783784
5.18704e-05,0,0,0,1e+09,1e+09,1e+09,0,0,0,0,0,15,2,5.45658e-06,0,0.130719,-2.82485,146.383,3.22587,15169,-3.08861e+07,-1.00029,-0.846387,-0.235234,-0.0276518,-0.113316,-0.00786509
5.1929e-05,0,0,0,1e+09,1e+09,1e+09,0,0,0,0,0,15,2,5.45658e-06,0,0.130719,-2.81304,147.439,38.8684,15183.7,-3.0912e+07,-1.00186,-0.847121,-0.235445,-0.027694,-0.113471,-0.0078924
5.19876e-05,0,0,0,1e+09,1e+09,1e+09,0,0,0,0,0,15,2,5.45658e-06,0,0.130719,-2.80122,157.847,59.0693,15177.5,-3.09376e+07,-1.00305,-0.848425,-0.235323,-0.0277594,-0.113629,-0.00791975
5.20462e-05,0,0,0,1e+09,1e+09,1e+09,0,0,0,0,0,15,2,5.45658e-06,0,0.130719,-2.78942,162.615,42.3464,15149.1,-3.09609e+07,-1.00394,-0.850397,-0.234873,-0.0278649,-0.113782,-0.00794715
5.21048e-05,0,0,0,1e+09,1e+09,1e+09,0,0,0,0,0,15,2,5.45658e-06,0,0.130719,-2.77765,146.443,7.19539,15107.7,-3.09801e+07,-1.00475,-0.852759,-0.234244,-0.0280029,-0.113934,-0.0079746
5.21634e-05,0,0,0,1e+09,1e+09,1e+09,0,0,0,0,0,15,2,5.45658e-06,0,0.130719,-2.7659,124.647,-26.9367,15073.9,-3.0993e+07,-1.00573,-0.854919,-0.233679,-0.0281238,-0.114088,-0.0080021
5.2222e-05,0,0,0,1e+09,1e+09,1e+09,0,0,0,0,0,15,2,5.45658e-06,0,0.130718,-2.75417,125.274,-33.0364,15080.8,-3.09977e+07,-1.00701,-0.856124,-0.233697,-0.0281772,-0.11424,-0.00802966
5.22806e-05,0,0,0,1e+09,1e+09,1e+09,0,0,0,0,0,15,2,5.45658e-06,0,0.130718,-2.74241,135.503,10.1955,15144.9,-3.09939e+07,-1.00851,-0.856049,-0.234681,-0.0281746,-0.114387,-0.00805727
5.23393e-05,0,0,0,1e+09,1e+09,1e+09,0,0,0,0,0,15,2,5.45658e-06,0,0.130718,-2.7306,126.183,68.6664,15221.6,-3.09831e+07,-1.01,-0.855716,-0.235956,-0.0281705,-0.114532,-0.00808493
5.23979e-05,0,0,0,1e+09,1e+09,1e+09,0,0,0,0,0,15,2,5.45658e-06,0,0.130718,-2.71874,106.483,93.8294,15257.8,-3.09674e+07,-1.01125,-0.856277,-0.236569,-0.0282034,-0.114678,-0.00811265
5.24565e-05,0,0,0,1e+09,1e+09,1e+09,0,0,0,0,0,15,2,5.45658e-06,0,0.130718,-2.70687,106.575,80.0612,15255.8,-3.09482e+07,-1.01221,-0.85773,-0.236538,-0.028285,-0.114825,-0.00814043
5.25151e-05,0,0,0,1e+09,1e+09,1e+09,0,0,0,0,0,15,2,5.45658e-06,0,0.130718,-2.695,147.613,41.056,15249.6,-3.09266e+07,-1.01306,-0.859292,-0.236452,-0.0284058,-0.114974,-0.00816826
5.25737e-05,0,0,0,1e+09,1e+09,1e+09,0,0,0,0,0,15,2,5.45658e-06,0,0.130718,-2.68314,195.417,-14.9273,15245.7,-3.09033e+07,-1.01398,-0.860766,-0.23641,-0.0285394,-0.115119,-0.00819615
5.26323e-05,0,0,0,1e+09,1e+09,1e+09,0,0,0,0,0,15,2,5.45658e-06,0,0.130717,-2.67128,202.835,-43.1738,15237.2,-3.08789e+07,-1.01508,-0.862251,-0.236268,-0.0286548,-0.115264,-0.0082241
5.26909e-05,0,0,0,1e+09,1e+09,1e+09,0,0,0,0,0,15,2,5.45658e-06,0,0.130717,-2.65943,192.52,-31.0306,15232.4,-3.0854e+07,-1.01624,-0.863623,-0.236147,-0.0287327,-0.115413,-0.0082521
5.27495e-05,0,0,0,1e+09,1e+09,1e+09,0,0,0,0,0,15,2,5.45658e-06,0,0.130717,-2.64758,178.719,25.1112,15241.9,-3.08291e+07,-1.01741,-0.864693,-0.236251,-0.0287547,-0.115556,-0.00828017
5.28081e-05,0,0,0,1e+09,1e+09,1e+09,0,0,0,0,0,15,2,5.45658e-06,0,0.130717,-2.63571,147.59,125.831,15270.8,-3.08047e+07,-1.01871,-0.865235,-0.23675,-0.0287318,-0.115696,-0.00830829
5.28667e-05,0,0,0,1e+09,1e+09,1e+09,0,0,0,0,0,15,2,5.45658e-06,0,0.130717,-2.62382,120.381,221.3,15315.3,-3.07815e+07,-1.02013,-0.865369,-0.237598,-0.0287192,-0.115838,-0.00833648
5.29254e-05,0,0,0,1e+09,1e+09,1e+09,0,0,0,0,0,15,2,5.45658e-06,0,0.130717,-2.61189,149.869,250.659,15352.3,-3.07607e+07,-1.02151,-0.865655,-0.238295,-0.0287705,-0.115977,-0.00836472
5.2984e-05,0,0,0,1e+09,1e+09,1e+09,0,0,0,0,0,15,2,5.45658e-06,0,0.130716,-2.59994,223.379,196.048,15353.5,-3.07434e+07,-1.02263,-0.866741,-0.238289,-0.0288907,-0.116121,-0.00839302
5.30426e-05,0,0,0,1e+09,1e+09,1e+09,0,0,0,0,0,15,2,5.45658e-06,0,0.130716,-2.58801,292.326,98.7368,15322.1,-3.07295e+07,-1.02346,-0.868736,-0.237679,-0.0290422,-0.116261,-0.00842138
5.31012e-05,0,0,0,1e+09,1e+09,1e+09,0,0,0,0,0,15,2,5.45658e-06,0,0.130716,-2.5761,320.581,48.8206,15288.7,-3.07185e+07,-1.0242,-0.871026,-0.237037,-0.0291623,-0.116401,-0.0084498
5.31598e-05,0,0,0,1e+09,1e+09,1e+09,0,0,0,0,0,15,2,5.45658e-06,0,0.130716,-2.56422,299.129,38.4336,15271.7,-3.07097e+07,-1.02516,-0.872788,-0.236691,-0.0292075,-0.116543,-0.00847828
5.32184e-05,0,0,0,1e+09,1e+09,1e+09,0,0,0,0,0,15,2,5.45658e-06,0,0.130716,-2.55233,242.458,65.0628,15278,-3.07031e+07,-1.02639,-0.873716,-0.236794,-0.0291961,-0.116682,-0.00850682
5.3277e-05,0,0,0,1e+09,1e+09,1e+09,0,0,0,0,0,15,2,5.45658e-06,0,0.130716,-2.54043,204.488,130.738,15314.7,-3.0699e+07,-1.02779,-0.873903,-0.237461,-0.0291794,-0.116821,-0.00853541
5.33356e-05,0,0,0,1e+09,1e+09,1e+09,0,0,0,0,0,15,2,5.45658e-06,0,0.130716,-2.5285,192.434,198.966,15361.5,-3.0698e+07,-1.02917,-0.874002,-0.238317,-0.0291908,-0.116957,-0.00856407
5.33942e-05,0,0,0,1e+09,1e+09,1e+09,0,0,0,0,0,15,2,5.45658e-06,0,0.130715,-2.51654,204.271,231.612,15386.7,-3.07012e+07,-1.03038,-0.874635,-0.238768,-0.0292402,-0.117098,-0.00859277
5.34529e-05,0,0,0,1e+09,1e+09,1e+09,0,0,0,0,0,15,2,5.45658e-06,0,0.130715,-2.50457,253.436,218.847,15388.6,-3.07088e+07,-1.03133,-0.875802,-0.238765,-0.0293239,-0.117239,-0.00862153
5.35115e-05,0,0,0,1e+09,1e+09,1e+09,0,0,0,0,0,15,2,5.45658e-06,0,0.130715,-2.4926,315.076,174.327,15379.3,-3.07202e+07,-1.0321,-0.877406,-0.238559,-0.0294296,-0.117375,-0.00865035
5.35701e-05,0,0,0,1e+09,1e+09,1e+09,0,0,0,0,0,15,2,5.45658e-06,0,0.130715,-2.48065,343.776,117.646,15359.6,-3.07341e+07,-1.03286,-0.879364,-0.238219,-0.0295339,-0.117512,-0.00867922
5.36287e-05,0,0,0,1e+09,1e+09,1e+09,0,0,0,0,0,15,2,5.45658e-06,0,0.130715,-2.46871,337.273,93.7293,15350,-3.07493e+07,-1.03379,-0.880903,-0.238076,-0.0295989,-0.117652,-0.00870814
5.36873e-05,0,0,0,1e+09,1e+09,1e+09,0,0,0,0,0,15,2,5.45658e-06,0,0.130715,-2.45676,315.218,127.723,15376.5,-3.07642e+07,-1.03499,-0.881434,-0.238522,-0.0295943,-0.117788,-0.00873711
5.37459e-05,0,0,0,1e+09,1e+09,1e+09,0,0,0,0,0,15,2,5.45658e-06,0,0.130715,-2.44478,270.259,227.486,15426.6,-3.07783e+07,-1.03642,-0.88132,-0.239354,-0.0295445,-0.117921,-0.00876613
5.38045e-05,0,0,0,1e+09,1e+09,1e+09,0,0,0,0,0,15,2,5.45658e-06,0,0.130714,-2.43276,229.645,306.873,15471.2,-3.0792e+07,-1.03795,-0.881287,-0.240133,-0.0295247,-0.118054,-0.00879519
5.38631e-05,0,0,0,1e+09,1e+09,1e+09,0,0,0,0,0,15,2,5.45658e-06,0,0.130714,-2.42071,257.709,301.604,15497.9,-3.08053e+07,-1.03933,-0.881663,-0.240605,-0.0295826,-0.118193,-0.0088243
5.39217e-05,0,0,0,1e+09,1e+09,1e+09,0,0,0,0,0,15,2,5.45658e-06,0,0.130714,-2.40866,336.746,219.524,15498.1,-3.08179e+07,-1.0404,-0.882665,-0.240575,-0.0296982,-0.118334,-0.00885345
5.39803e-05,0,0,0,1e+09,1e+09,1e+09,0,0,0,0,0,15,2,5.45658e-06,0,0.130714,-2.39661,402.32,120.994,15474.4,-3.08293e+07,-1.0412,-0.884386,-0.240108,-0.0298186,-0.118469,-0.00888265
5.4039e-05,0,0,0,1e+09,1e+09,1e+09,0,0,0,0,0,15,2,5.45658e-06,0,0.130714,-2.38458,412.943,72.6683,15449.1,-3.08383e+07,-1.04197,-0.886378,-0.239649,-0.0299122,-0.118604,-0.00891188
5.40976e-05,0,0,0,1e+09,1e+09,1e+09,0,0,0,0,0,15,2,5.45658e-06,0,0.130714,-2.37257,384.989,48.1562,15443.4,-3.0844e+07,-1.04298,-0.887679,-0.239577,-0.0299761,-0.118745,-0.00894116
5.41562e-05,0,0,0,1e+09,1e+09,1e+09,0,0,0,0,0,15,2,5.45658e-06,0,0.130714,-2.36055,338.242,61.3792,15461.6,-3.08457e+07,-1.04427,-0.888126,-0.239906,-0.0299934,-0.118883,-0.00897046
5.42148e-05,0,0,0,1e+09,1e+09,1e+09,0,0,0,0,0,15,2,5.45658e-06,0,0.130713,-2.34851,274.779,153.186,15500.9,-3.08435e+07,-1.04578,-0.888019,-0.240566,-0.0299639,-0.119014,-0.0089998
5.42734e-05,0,0,0,1e+09,1e+09,1e+09,0,0,0,0,0,15,2,5.45658e-06,0,0.130713,-2.33643,229.168,267.785,15546,-3.08379e+07,-1.04732,-0.887892,-0.241333,-0.0299457,-0.119143,-0.00902918
5.4332e-05,0,0,0,1e+09,1e+09,1e+09,0,0,0,0,0,15,2,5.45658e-06,0,0.130713,-2.32432,241.097,314.828,15567.2,-3.08296e+07,-1.0487,-0.888306,-0.241708,-0.0299951,-0.119279,-0.00905858
5.43906e-05,0,0,0,1e+09,1e+09,1e+09,0,0,0,0,0,15,2,5.45658e-06,0,0.130713,-2.31222,301.653,275.307,15554,-3.0819e+07,-1.04977,-0.889396,-0.241484,-0.0301148,-0.119417,-0.00908801
5.44492e-05,0,0,0,1e+09,1e+09,1e+09,0,0,0,0,0,15,2,5.45658e-06,0,0.130713,-2.30013,375.932,193.47,15530.9,-3.08058e+07,-1.05054,-0.891019,-0.241074,-0.030266,-0.119547,-0.00911746
5.45078e-05,0,0,0,1e+09,1e+09,1e+09,0,0,0,0,0,15,2,5.45658e-06,0,0.130713,-2.28805,413.253,158.333,15514.9,-3.07896e+07,-1.05128,-0.89279,-0.240801,-0.0303948,-0.119678,-0.00914694
5.45665e-05,0,0,0,1e+09,1e+09,1e+09,0,0,0,0,0,15,2,5.45658e-06,0,0.130713,-2.27598,410.02,149.841,15509.8,-3.07707e+07,-1.05228,-0.894003,-0.240753,-0.0304656,-0.119816,-0.00917644
5.46251e-05,0,0,0,1e+09,1e+09,1e+09,0,0,0,0,0,15,2,5.45658e-06,0,0.130712,-2.26391,380.308,177.061,15523.3,-3.075e+07,-1.05355,-0.89443,-0.241018,-0.0304723,-0.119949,-0.00920596
5.46837e-05,0,0,0,1e+09,1e+09,1e+09,0,0,0,0,0,15,2,5.45658e-06,0,0.130712,-2.25182,326.535,241.906,15557.9,-3.07284e+07,-1.05502,-0.894388,-0.241603,-0.0304451,-0.120076,-0.00923549
5.47423e-05,0,0,0,1e+09,1e+09,1e+09,0,0,0,0,0,15,2,5.45658e-06,0,0.130712,-2.23971,283.905,311.449,15595.4,-3.07081e+07,-1.05654,-0.894387,-0.242219,-0.030438,-0.120202,-0.00926504
5.48009e-05,0,0,0,1e+09,1e+09,1e+09,0,0,0,0,0,15,2,5.45658e-06,0,0.130712,-2.22757,293.404,332.918,15616.5,-3.06914e+07,-1.05788,-0.894789,-0.242566,-0.0304939,-0.120333,-0.00929461
5.48595e-05,0,0,0,1e+09,1e+09,1e+09,0,0,0,0,0,15,2,5.45658e-06,0,0.130712,-2.21542,346.358,291.962,15614.2,-3.06801e+07,-1.05889,-0.895671,-0.242521,-0.0306183,-0.120466,-0.00932418
5.49181e-05,0,0,0,1e+09,1e+09,1e+09,0,0,0,0,0,15,2,5.45658e-06,0,0.130712,-2.20328,405.918,233.648,15592.5,-3.06751e+07,-1.0596,-0.897229,-0.242139,-0.0307784,-0.120591,-0.00935377
5.49767e-05,0,0,0,1e+09,1e+09,1e+09,0,0,0,0,0,15,2,5.45658e-06,0,0.130712,-2.19116,424.519,212.656,15565.5,-3.0677e+07,-1.06028,-0.899182,-0.2417,-0.0309285,-0.120719,-0.00938336
5.50353e-05,0,0,0,1e+09,1e+09,1e+09,0,0,0,0,0,15,2,5.45658e-06,0,0.130712,-2.17906,424.928,207.107,15560,-3.06857e+07,-1.06117,-0.900437,-0.241642,-0.0310281,-0.120852,-0.00941296
5.50939e-05,0,0,0,1e+09,1e+09,1e+09,0,0,0,0,0,15,2,5.45658e-06,0,0.130711,-2.16695,404.961,225.594,15584.5,-3.07006e+07,-1.06238,-0.900726,-0.242064,-0.0310449,-0.120977,-0.00944256
5.51526e-05,0,0,0,1e+09,1e+09,1e+09,0,0,0,0,0,15,2,5.45658e-06,0,0.130711,-2.15481,340.76,292.042,15621.9,-3.07217e+07,-1.06385,-0.900591,-0.242671,-0.0310026,-0.121097,-0.00947217
5.52112e-05,0,0,0,1e+09,1e+09,1e+09,0,0,0,0,0,15,2,5.45658e-06,0,0.130711,-2.14264,274.578,360.489,15654.7,-3.07485e+07,-1.06541,-0.90057,-0.243205,-0.0309797,-0.121217,-0.00950177
5.52698e-05,0,0,0,1e+09,1e+09,1e+09,0,0,0,0,0,15,2,5.45658e-06,0,0.130711,-2.13046,277.441,368.069,15671.9,-3.07804e+07,-1.06679,-0.900919,-0.243484,-0.0310331,-0.121339,-0.00953138
5.53284e-05,0,0,0,1e+09,1e+09,1e+09,0,0,0,0,0,15,2,5.45658e-06,0,0.130711,-2.11827,341.027,306.876,15667.3,-3.08158e+07,-1.06781,-0.901814,-0.243399,-0.0311567,-0.121465,-0.00956099
5.5387e-05,0,0,0,1e+09,1e+09,1e+09,0,0,0,0,0,15,2,5.45658e-06,0,0.130711,-2.10609,420.626,228.095,15652.5,-3.08527e+07,-1.06851,-0.903171,-0.243126,-0.0312967,-0.121586,-0.00959059
5.54456e-05,0,0,0,1e+09,1e+09,1e+09,0,0,0,0,0,15,2,5.45658e-06,0,0.130711,-2.09392,462.59,190.984,15637.3,-3.08893e+07,-1.0692,-0.904818,-0.242859,-0.0314012,-0.121707,-0.0096202
5.55042e-05,0,0,0,1e+09,1e+09,1e+09,0,0,0,0,0,15,2,5.45658e-06,0,0.130711,-2.08176,465.121,185.588,15626,-3.09241e+07,-1.07012,-0.906083,-0.242685,-0.0314686,-0.121832,-0.00964979
5.55628e-05,0,0,0,1e+09,1e+09,1e+09,0,0,0,0,0,15,2,5.45658e-06,0,0.13071,-2.0696,456.821,196.012,15630.5,-3.09555e+07,-1.07131,-0.906662,-0.24277,-0.0315084,-0.121952,-0.00967939
5.56214e-05,0,0,0,1e+09,1e+09,1e+09,0,0,0,0,0,15,2,5.45658e-06,0,0.13071,-2.05743,400.147,246.145,15657.4,-3.09834e+07,-1.0727,-0.906694,-0.243242,-0.0315087,-0.122067,-0.00970898
5.56801e-05,0,0,0,1e+09,1e+09,1e+09,0,0,0,0,0,15,2,5.45658e-06,0,0.13071,-2.04524,322.185,328.929,15694.2,-3.10086e+07,-1.0742,-0.906499,-0.243891,-0.0314882,-0.122181,-0.00973856
5.57387e-05,0,0,0,1e+09,1e+09,1e+09,0,0,0,0,0,15,2,5.45658e-06,0,0.13071,-2.03302,292.491,390.436,15719.9,-3.10322e+07,-1.07561,-0.906561,-0.244347,-0.0314979,-0.122295,-0.00976813
5.57973e-05,0,0,0,1e+09,1e+09,1e+09,0,0,0,0,0,15,2,5.45658e-06,0,0.13071,-2.02079,316.866,390.059,15724.6,-3.10553e+07,-1.07671,-0.907178,-0.244446,-0.0315654,-0.122409,-0.0097977
5.58559e-05,0,0,0,1e+09,1e+09,1e+09,0,0,0,0,0,15,2,5.45658e-06,0,0.13071,-2.00856,362.502,336.867,15713.5,-3.10786e+07,-1.07748,-0.90834,-0.244257,-0.0316631,-0.122524,-0.00982726
5.59145e-05,0,0,0,1e+09,1e+09,1e+09,0,0,0,0,0,15,2,5.45658e-06,0,0.13071,-1.99635,400.766,277.684,15696.6,-3.11022e+07,-1.07816,-0.909808,-0.24394,-0.0317463,-0.122636,-0.00985681
5.59731e-05,0,0,0,1e+09,1e+09,1e+09,0,0,0,0,0,15,2,5.45658e-06,0,0.13071,-1.98414,427.175,249.165,15687.5,-3.11256e+07,-1.07902,-0.911053,-0.243756,-0.0318006,-0.122751,-0.00988635
5.60317e-05,0,0,0,1e+09,1e+09,1e+09,0,0,0,0,0,15,2,5.45658e-06,0,0.130709,-1.97194,427.021,247.753,15688.7,-3.11481e+07,-1.08007,-0.911789,-0.243788,-0.0318367,-0.122864,-0.00991589
5.60903e-05,0,0,0,1e+09,1e+09,1e+09,0,0,0,0,0,15,2,5.45658e-06,0,0.130709,-1.95973,385.982,265.437,15692.8,-3.11689e+07,-1.08123,-0.912374,-0.243882,-0.0318607,-0.122975,-0.00994542
5.61489e-05,0,0,0,1e+09,1e+09,1e+09,0,0,0,0,0,15,2,5.45658e-06,0,0.130709,-1.94752,333.749,311.289,15703.1,-3.11876e+07,-1.08247,-0.912764,-0.244073,-0.031876,-0.123081,-0.00997494
5.62076e-05,0,0,0,1e+09,1e+09,1e+09,0,0,0,0,0,15,2,5.45658e-06,0,0.130709,-1.9353,310.984,368.532,15722.7,-3.12037e+07,-1.08372,-0.912977,-0.244428,-0.0318958,-0.123188,-0.0100045
5.62662e-05,0,0,0,1e+09,1e+09,1e+09,0,0,0,0,0,15,2,5.45658e-06,0,0.130709,-1.92306,317.197,417.112,15740,-3.1217e+07,-1.08485,-0.91331,-0.244751,-0.0319293,-0.123293,-0.010034
5.63248e-05,0,0,0,1e+09,1e+09,1e+09,0,0,0,0,0,15,2,5.45658e-06,0,0.130709,-1.91081,332.059,443.412,15748.1,-3.12281e+07,-1.08578,-0.913938,-0.244925,-0.031977,-0.123399,-0.0100635
5.63834e-05,0,0,0,1e+09,1e+09,1e+09,0,0,0,0,0,15,2,5.45658e-06,0,0.130709,-1.89855,358.877,434.315,15752.2,-3.12377e+07,-1.08656,-0.914781,-0.245016,-0.0320375,-0.123504,-0.0100929
5.6442e-05,0,0,0,1e+09,1e+09,1e+09,0,0,0,0,0,15,2,5.45658e-06,0,0.130709,-1.8863,397.463,392.973,15754.2,-3.12468e+07,-1.08731,-0.915773,-0.245051,-0.0321041,-0.123609,-0.0101224
5.65006e-05,0,0,0,1e+09,1e+09,1e+09,0,0,0,0,0,15,2,5.45658e-06,0,0.130709,-1.87404,431.165,343.18,15754.8,-3.12563e+07,-1.08808,-0.916758,-0.245047,-0.0321603,-0.123713,-0.0101519
5.65592e-05,0,0,0,1e+09,1e+09,1e+09,0,0,0,0,0,15,2,5.45658e-06,0,0.130708,-1.86179,435.529,312.141,15754.1,-3.12679e+07,-1.08891,-0.917689,-0.245018,-0.0321927,-0.123816,-0.0101814
5.66178e-05,0,0,0,1e+09,1e+09,1e+09,0,0,0,0,0,15,2,5.45658e-06,0,0.130708,-1.84953,421.67,312.995,15754.5,-3.1283e+07,-1.08988,-0.918493,-0.245002,-0.0322082,-0.123919,-0.0102109
5.66764e-05,0,0,0,1e+09,1e+09,1e+09,0,0,0,0,0,15,2,5.45658e-06,0,0.130708,-1.83727,422.407,337.229,15761.6,-3.13027e+07,-1.09095,-0.919053,-0.245098,-0.0322316,-0.12402,-0.0102403
5.6735e-05,0,0,0,1e+09,1e+09,1e+09,0,0,0,0,0,15,2,5.45658e-06,0,0.130708,-1.82501,434.411,376.534,15778.2,-3.13283e+07,-1.09199,-0.919427,-0.245385,-0.0322709,-0.12412,-0.0102698
5.67937e-05,0,0,0,1e+09,1e+09,1e+09,0,0,0,0,0,15,2,5.45658e-06,0,0.130708,-1.81272,435.148,427.513,15803.2,-3.13602e+07,-1.09295,-0.919697,-0.245845,-0.0323049,-0.124219,-0.0102993
5.68523e-05,0,0,0,1e+09,1e+09,1e+09,0,0,0,0,0,15,2,5.45658e-06,0,0.130708,-1.80042,426.032,475.912,15829.8,-3.13988e+07,-1.09381,-0.919994,-0.246339,-0.0323208,-0.124318,-0.0103287
5.69109e-05,0,0,0,1e+09,1e+09,1e+09,0,0,0,0,0,15,2,5.45658e-06,0,0.130708,-1.7881,423.768,492.331,15849.2,-3.14438e+07,-1.09453,-0.920551,-0.246706,-0.0323405,-0.124418,-0.0103582
5.69695e-05,0,0,0,1e+09,1e+09,1e+09,0,0,0,0,0,15,2,5.45658e-06,0,0.130708,-1.77577,440.099,456.325,15856.9,-3.14941e+07,-1.09513,-0.921486,-0.246845,-0.0323867,-0.124518,-0.0103876
5.70281e-05,0,0,0,1e+09,1e+09,1e+09,0,0,0,0,0,15,2,5.45658e-06,0,0.130708,-1.76343,456.014,391.898,15853.5,-3.15481e+07,-1.09573,-0.922614,-0.246752,-0.0324447,-0.124615,-0.0104171
5.70867e-05,0,0,0,1e+09,1e+09,1e+09,0,0,0,0,0,15,2,5.45658e-06,0,0.130708,-1.7511,448.521,354.381,15847.3,-3.16038e+07,-1.09651,-0.923626,-0.246604,-0.0324836,-0.124714,-0.0104466
5.71453e-05,0,0,0,1e+09,1e+09,1e+09,0,0,0,0,0,15,2,5.45658e-06,0,0.130707,-1.73877,436.698,362.847,15850.4,-3.16595e+07,-1.09752,-0.924244,-0.246629,-0.0325034,-0.124811,-0.010476
5.72039e-05,0,0,0,1e+09,1e+09,1e+09,0,0,0,0,0,15,2,5.45658e-06,0,0.130707,-1.72644,443.413,389.435,15863.9,-3.17141e+07,-1.0986,-0.924566,-0.246843,-0.0325255,-0.124907,-0.0105055
5.72625e-05,0,0,0,1e+09,1e+09,1e+09,0,0,0,0,0,15,2,5.45658e-06,0,0.130707,-1.71409,461.349,419.989,15882.2,-3.17674e+07,-1.09962,-0.924836,-0.247161,-0.0325536,-0.125002,-0.010535
5.73212e-05,0,0,0,1e+09,1e+09,1e+09,0,0,0,0,0,15,2,5.45658e-06,0,0.130707,-1.70173,476.962,454.555,15905.3,-3.18198e+07,-1.10048,-0.925134,-0.24759,-0.0325783,-0.125098,-0.0105645
5.73798e-05,0,0,0,1e+09,1e+09,1e+09,0,0,0,0,0,15,2,5.45658e-06,0,0.130707,-1.68934,481.31,477.202,15924,-3.18722e+07,-1.10118,-0.925593,-0.247965,-0.0326029,-0.125194,-0.0105939
5.74384e-05,0,0,0,1e+09,1e+09,1e+09,0,0,0,0,0,15,2,5.45658e-06,0,0.130707,-1.67696,479.435,471.587,15924.5,-3.19255e+07,-1.10179,-0.926524,-0.248018,-0.0326428,-0.12529,-0.0106234
5.7497e-05,0,0,0,1e+09,1e+09,1e+09,0,0,0,0,0,15,2,5.45658e-06,0,0.130707,-1.66457,486.537,437.993,15911.4,-3.19805e+07,-1.10239,-0.927711,-0.247795,-0.0327003,-0.125384,-0.0106529
5.75556e-05,0,0,0,1e+09,1e+09,1e+09,0,0,0,0,0,15,2,5.45658e-06,0,0.130707,-1.6522,485.674,410.645,15901.4,-3.20371e+07,-1.1031,-0.928765,-0.2476,-0.0327507,-0.125478,-0.0106824
5.76142e-05,0,0,0,1e+09,1e+09,1e+09,0,0,0,0,0,15,2,5.45658e-06,0,0.130707,-1.63983,466.828,428.126,15903.5,-3.20948e+07,-1.10397,-0.929434,-0.247622,-0.0327741,-0.125571,-0.0107119
5.76728e-05,0,0,0,1e+09,1e+09,1e+09,0,0,0,0,0,15,2,5.45658e-06,0,0.130707,-1.62745,453.966,475.39,15914.9,-3.21533e+07,-1.10493,-0.929809,-0.247831,-0.0327878,-0.125662,-0.0107414
5.77314e-05,0,0,0,1e+09,1e+09,1e+09,0,0,0,0,0,15,2,5.45658e-06,0,0.130706,-1.61507,462.85,513.188,15931.1,-3.2212e+07,-1.10587,-0.930071,-0.248148,-0.0328172,-0.125751,-0.0107709
5.779e-05,0,0,0,1e+09,1e+09,1e+09,0,0,0,0,0,15,2,5.45658e-06,0,0.130706,-1.60267,480.45,532.332,15951.3,-3.22699e+07,-1.10668,-0.930373,-0.24855,-0.0328617,-0.12584,-0.0108004
5.78486e-05,0,0,0,1e+09,1e+09,1e+09,0,0,0,0,0,15,2,5.45658e-06,0,0.130706,-1.59025,490.348,539.221,15972.3,-3.23262e+07,-1.10736,-0.930752,-0.248966,-0.0329102,-0.125931,-0.0108299
5.79073e-05,0,0,0,1e+09,1e+09,1e+09,0,0,0,0,0,15,2,5.45658e-06,0,0.130706,-1.57782,490.503,530.971,15980.6,-3.238e+07,-1.10792,-0.931473,-0.249153,-0.0329636,-0.126021,-0.0108594
5.79659e-05,0,0,0,1e+09,1e+09,1e+09,0,0,0,0,0,15,2,5.45658e-06,0,0.130706,-1.56539,485.106,500.235,15966.4,-3.24301e+07,-1.10847,-0.932665,-0.248921,-0.0330289,-0.126112,-0.010889
5.80245e-05,0,0,0,1e+09,1e+09,1e+09,0,0,0,0,0,15,2,5.45658e-06,0,0.130706,-1.55298,483.314,458.721,15944,-3.24753e+07,-1.1091,-0.933929,-0.248491,-0.0330941,-0.1262,-0.0109185
5.80831e-05,0,0,0,1e+09,1e+09,1e+09,0,0,0,0,0,15,2,5.45658e-06,0,0.130706,-1.54057,475.901,451.564,15942.2,-3.25146e+07,-1.10993,-0.934696,-0.248373,-0.0331221,-0.126288,-0.010948
5.81417e-05,0,0,0,1e+09,1e+09,1e+09,0,0,0,0,0,15,2,5.45658e-06,0,0.130706,-1.52816,450.915,495.973,15960,-3.25478e+07,-1.11092,-0.93488,-0.248651,-0.0331227,-0.126374,-0.0109775
5.82003e-05,0,0,0,1e+09,1e+09,1e+09,0,0,0,0,0,15,2,5.45658e-06,0,0.130706,-1.51574,439.24,564.095,15978.1,-3.25758e+07,-1.11192,-0.934958,-0.24902,-0.0331404,-0.12646,-0.011007
5.82589e-05,0,0,0,1e+09,1e+09,1e+09,0,0,0,0,0,15,2,5.45658e-06,0,0.130706,-1.50331,449.62,604.066,15990.4,-3.25992e+07,-1.1128,-0.935218,-0.24931,-0.0331862,-0.126544,-0.0110365
5.83175e-05,0,0,0,1e+09,1e+09,1e+09,0,0,0,0,0,15,2,5.45658e-06,0,0.130706,-1.49086,464.94,601.113,16003.5,-3.26192e+07,-1.11351,-0.93566,-0.249552,-0.0332374,-0.126629,-0.011066
5.83761e-05,0,0,0,1e+09,1e+09,1e+09,0,0,0,0,0,15,2,5.45658e-06,0,0.130705,-1.47841,472.926,571.743,16012.5,-3.26367e+07,-1.11412,-0.936298,-0.24967,-0.0332816,-0.126713,-0.0110955
5.84348e-05,0,0,0,1e+09,1e+09,1e+09,0,0,0,0,0,15,2,5.45658e-06,0,0.130705,-1.46596,478.295,537.892,16005.6,-3.26521e+07,-1.11473,-0.93723,-0.249529,-0.0333312,-0.126798,-0.011125
5.84934e-05,0,0,0,1e+09,1e+09,1e+09,0,0,0,0,0,15,2,5.45658e-06,0,0.130705,-1.45351,488.433,513.485,15985.8,-3.26655e+07,-1.11545,-0.938232,-0.249184,-0.0333899,-0.12688,-0.0111545
5.8552e-05,0,0,0,1e+09,1e+09,1e+09,0,0,0,0,0,15,2,5.45658e-06,0,0.130705,-1.44108,491.488,508.105,15972.3,-3.26762e+07,-1.11632,-0.938996,-0.248933,-0.0334356,-0.126963,-0.011184
5.86106e-05,0,0,0,1e+09,1e+09,1e+09,0,0,0,0,0,15,2,5.45658e-06,0,0.130705,-1.42866,476.555,535.104,15977.1,-3.26841e+07,-1.11731,-0.939279,-0.249002,-0.0334559,-0.127044,-0.0112135
5.86692e-05,0,0,0,1e+09,1e+09,1e+09,0,0,0,0,0,15,2,5.45658e-06,0,0.130705,-1.41622,461.529,585.204,15991.6,-3.26895e+07,-1.11834,-0.939337,-0.249277,-0.033476,-0.127123,-0.0112429
5.87278e-05,0,0,0,1e+09,1e+09,1e+09,0,0,0,0,0,15,2,5.45658e-06,0,0.130705,-1.40378,462.495,631.936,16004.8,-3.26923e+07,-1.11925,-0.939449,-0.249586,-0.0335142,-0.127201,-0.0112724
5.87864e-05,0,0,0,1e+09,1e+09,1e+09,0,0,0,0,0,15,2,5.45658e-06,0,0.130705,-1.39133,481.151,654.938,16014.5,-3.26932e+07,-1.11997,-0.939795,-0.249831,-0.0335646,-0.127279,-0.0113018
5.8845e-05,0,0,0,1e+09,1e+09,1e+09,0,0,0,0,0,15,2,5.45658e-06,0,0.130705,-1.37887,507.926,647.978,16022.5,-3.26928e+07,-1.12055,-0.940346,-0.249992,-0.0336148,-0.127358,-0.0113312
5.89036e-05,0,0,0,1e+09,1e+09,1e+09,0,0,0,0,0,15,2,5.45658e-06,0,0.130705,-1.3664,525.962,616.244,16024.4,-3.26915e+07,-1.12112,-0.941057,-0.250011,-0.0336625,-0.127435,-0.0113606
5.89622e-05,0,0,0,1e+09,1e+09,1e+09,0,0,0,0,0,15,2,5.45658e-06,0,0.130705,-1.35394,533.017,586.433,16017.7,-3.26898e+07,-1.1218,-0.941798,-0.249889,-0.0337114,-0.127511,-0.01139
5.90209e-05,0,0,0,1e+09,1e+09,1e+09,0,0,0,0,0,15,2,5.45658e-06,0,0.130705,-1.34148,526.115,583.645,16011.9,-3.26878e+07,-1.12259,-0.942388,-0.249807,-0.0337554,-0.127587,-0.0114194
5.90795e-05,0,0,0,1e+09,1e+09,1e+09,0,0,0,0,0,15,2,5.45658e-06,0,0.130704,-1.32903,506.111,611.607,16017.7,-3.26859e+07,-1.12346,-0.94266,-0.249933,-0.0337858,-0.127662,-0.0114487
5.91381e-05,0,0,0,1e+09,1e+09,1e+09,0,0,0,0,0,15,2,5.45658e-06,0,0.130704,-1.31656,488.349,655.817,16030.7,-3.26843e+07,-1.12434,-0.942765,-0.250187,-0.0338074,-0.127736,-0.011478
5.91967e-05,0,0,0,1e+09,1e+09,1e+09,0,0,0,0,0,15,2,5.45658e-06,0,0.130704,-1.30409,485.6,700.815,16041.5,-3.26832e+07,-1.12516,-0.942963,-0.250424,-0.0338334,-0.127808,-0.0115073
5.92553e-05,0,0,0,1e+09,1e+09,1e+09,0,0,0,0,0,15,2,5.45658e-06,0,0.130704,-1.29161,497.119,738.297,16050.6,-3.26828e+07,-1.12583,-0.943277,-0.250657,-0.0338671,-0.127881,-0.0115365
5.93139e-05,0,0,0,1e+09,1e+09,1e+09,0,0,0,0,0,15,2,5.45658e-06,0,0.130704,-1.27912,515.405,746.94,16059.3,-3.26827e+07,-1.12643,-0.943707,-0.250861,-0.0339051,-0.127954,-0.0115657
5.93725e-05,0,0,0,1e+09,1e+09,1e+09,0,0,0,0,0,15,2,5.45658e-06,0,0.130704,-1.26662,534.462,713.758,16065.2,-3.26822e+07,-1.12706,-0.944196,-0.250945,-0.0339446,-0.128025,-0.0115949
5.94311e-05,0,0,0,1e+09,1e+09,1e+09,0,0,0,0,0,15,2,5.45658e-06,0,0.130704,-1.25413,542.195,662.942,16067.6,-3.26805e+07,-1.12776,-0.944728,-0.250918,-0.0339827,-0.128095,-0.0116241
5.94897e-05,0,0,0,1e+09,1e+09,1e+09,0,0,0,0,0,15,2,5.45658e-06,0,0.130704,-1.24163,523.183,634.463,16066.9,-3.26766e+07,-1.12848,-0.94527,-0.25086,-0.0340133,-0.128165,-0.0116532
5.95484e-05,0,0,0,1e+09,1e+09,1e+09,0,0,0,0,0,15,2,5.45658e-06,0,0.130704,-1.22913,490.101,640.688,16064.9,-3.26694e+07,-1.12921,-0.945773,-0.250814,-0.0340345,-0.128233,-0.0116823
5.9607e-05,0,0,0,1e+09,1e+09,1e+09,0,0,0,0,0,15,2,5.45658e-06,0,0.130704,-1.21663,470.605,662.934,16067.2,-3.26581e+07,-1.12994,-0.946155,-0.250862,-0.0340531,-0.128301,-0.0117113
5.96656e-05,0,0,0,1e+09,1e+09,1e+09,0,0,0,0,0,15,2,5.45658e-06,0,0.130704,-1.20413,473.918,691.909,16079,-3.26421e+07,-1.13063,-0.946401,-0.251092,-0.034071,-0.128368,-0.0117403
5.97242e-05,0,0,0,1e+09,1e+09,1e+09,0,0,0,0,0,15,2,5.45658e-06,0,0.130704,-1.19162,490.294,725.84,16097.6,-3.2621e+07,-1.13123,-0.946584,-0.251465,-0.0340894,-0.128435,-0.0117693
5.97828e-05,0,0,0,1e+09,1e+09,1e+09,0,0,0,0,0,15,2,5.45658e-06,0,0.130704,-1.17909,512.859,749.87,16115.2,-3.25954e+07,-1.13174,-0.946841,-0.251821,-0.0341151,-0.128502,-0.0117982
5.98414e-05,0,0,0,1e+09,1e+09,1e+09,0,0,0,0,0,15,2,5.45658e-06,0,0.130704,-1.16654,540.477,748.88,16128.4,-3.25655e+07,-1.13225,-0.947207,-0.252073,-0.0341482,-0.128568,-0.0118271
5.99e-05,0,0,0,1e+09,1e+09,1e+09,0,0,0,0,0,15,2,5.45658e-06,0,0.130703,-1.15399,560.458,733.271,16137.7,-3.25314e+07,-1.13283,-0.947576,-0.252243,-0.0341807,-0.128633,-0.0118559
5.99586e-05,0,0,0,1e+09,1e+09,1e+09,0,0,0,0,0,15,2,5.45658e-06,0,0.130703,-1.14144,559.738,733.315,16146.3,-3.24931e+07,-1.13347,-0.947862,-0.252409,-0.0342042,-0.128698,-0.0118847
6.00172e-05,0,0,0,1e+09,1e+09,1e+09,0,0,0,0,0,15,3,5.4687e-06,0,0.130703,-1.12888,543.934,748.162,16151.5,-3.24511e+07,-1.13411,-0.948193,-0.252513,-0.0342211,-0.128762,-0.0119135
6.00758e-05,0,0,0,1e+09,1e+09,1e+09,0,0,0,0,0,15,3,5.4687e-06,0,0.130703,-1.11631,530.937,755.748,16152.2,-3.2405e+07,-1.13472,-0.948658,-0.25252,-0.0342391,-0.128825,-0.0119422
6.01345e-05,0,0,0,1e+09,1e+09,1e+09,0,0,0,0,0,15,3,5.4687e-06,0,0.130703,-1.10375,534.042,745.871,16155.9,-3.2355e+07,-1.13529,-0.949113,-0.252565,-0.0342583,-0.128888,-0.0119708
6.01931e-05,0,0,0,1e+09,1e+09,1e+09,0,0,0,0,0,15,3,5.4687e-06,0,0.130703,-1.09117,550.548,720.948,16165.9,-3.23011e+07,-1.13582,-0.949494,-0.252706,-0.0342771,-0.12895,-0.0119994
6.02517e-05,0,0,0,1e+09,1e+09,1e+09,0,0,0,0,0,15,3,5.4687e-06,0,0.130703,-1.07859,568.925,688.875,16175.2,-3.2244e+07,-1.13633,-0.949902,-0.25283,-0.0342992,-0.129011,-0.012028
6.03103e-05,0,0,0,1e+09,1e+09,1e+09,0,0,0,0,0,15,3,5.4687e-06,0,0.130703,-1.06601,581.879,663.657,16179.9,-3.21843e+07,-1.13685,-0.95034,-0.252895,-0.0343291,-0.129072,-0.0120565
6.03689e-05,0,0,0,1e+09,1e+09,1e+09,0,0,0,0,0,15,3,5.4687e-06,0,0.130703,-1.05342,587.43,658.341,16182.5,-3.21228e+07,-1.13742,-0.95074,-0.252952,-0.0343635,-0.129132,-0.0120849
6.04275e-05,0,0,0,1e+09,1e+09,1e+09,0,0,0,0,0,15,3,5.4687e-06,0,0.130703,-1.04083,582.776,679.144,16185.2,-3.20607e+07,-1.13801,-0.951077,-0.253023,-0.0343909,-0.129191,-0.0121133
6.04861e-05,0,0,0,1e+09,1e+09,1e+09,0,0,0,0,0,15,3,5.4687e-06,0,0.130703,-1.02824,571.902,719.948,16189.6,-3.1999e+07,-1.13861,-0.951359,-0.253134,-0.0344052,-0.129249,-0.0121417
6.05447e-05,0,0,0,1e+09,1e+09,1e+09,0,0,0,0,0,15,3,5.4687e-06,0,0.130703,-1.01565,561.176,764.938,16194.7,-3.19395e+07,-1.13918,-0.95164,-0.253266,-0.0344146,-0.129307,-0.0121699
6.06033e-05,0,0,0,1e+09,1e+09,1e+09,0,0,0,0,0,15,3,5.4687e-06,0,0.130703,-1.00305,552.78,795.916,16199.2,-3.18835e+07,-1.1397,-0.951973,-0.253382,-0.0344266,-0.129364,-0.0121982
6.0662e-05,0,0,0,1e+09,1e+09,1e+09,0,0,0,0,0,15,3,5.4687e-06,0,0.130703,-0.990445,550.419,804.414,16203.8,-3.18326e+07,-1.14018,-0.952354,-0.25347,-0.0344414,-0.129421,-0.0122264
6.07206e-05,0,0,0,1e+09,1e+09,1e+09,0,0,0,0,0,15,3,5.4687e-06,0,0.130703,-0.977839,556.541,796.577,16208,-3.17877e+07,-1.14068,-0.952742,-0.253537,-0.0344622,-0.129476,-0.0122545
6.07792e-05,0,0,0,1e+09,1e+09,1e+09,0,0,0,0,0,15,3,5.4687e-06,0,0.130703,-0.96523,568.135,786.519,16211.3,-3.17497e+07,-1.14119,-0.9531,-0.253598,-0.0344903,-0.12953,-0.0122826
6.08378e-05,0,0,0,1e+09,1e+09,1e+09,0,0,0,0,0,15,3,5.4687e-06,0,0.130702,-0.952619,579.886,787.564,16214.6,-3.1719e+07,-1.14173,-0.953412,-0.253674,-0.0345198,-0.129584,-0.0123106
6.08964e-05,0,0,0,1e+09,1e+09,1e+09,0,0,0,0,0,15,3,5.4687e-06,0,0.130702,-0.940005,589.245,802.037,16220.1,-3.16956e+07,-1.14225,-0.953679,-0.25379,-0.0345461,-0.129638,-0.0123385
6.0955e-05,0,0,0,1e+09,1e+09,1e+09,0,0,0,0,0,15,3,5.4687e-06,0,0.130702,-0.927386,596.205,816.22,16226.3,-3.16793e+07,-1.14275,-0.953966,-0.253914,-0.0345735,-0.129691,-0.0123665
6.10136e-05,0,0,0,1e+09,1e+09,1e+09,0,0,0,0,0,15,3,5.4687e-06,0,0.130702,-0.914763,597.516,816.488,16228.4,-3.16694e+07,-1.14319,-0.954372,-0.253954,-0.0346047,-0.129743,-0.0123943
6.10722e-05,0,0,0,1e+09,1e+09,1e+09,0,0,0,0,0,15,3,5.4687e-06,0,0.130702,-0.90214,593.309,808.386,16226.5,-3.16652e+07,-1.1436,-0.954882,-0.25391,-0.0346348,-0.129794,-0.0124221
6.11308e-05,0,0,0,1e+09,1e+09,1e+09,0,0,0,0,0,15,3,5.4687e-06,0,0.130702,-0.889518,584.976,808.509,16226.1,-3.16657e+07,-1.14402,-0.955351,-0.253888,-0.0346581,-0.129846,-0.0124499
6.11894e-05,0,0,0,1e+09,1e+09,1e+09,0,0,0,0,0,15,3,5.4687e-06,0,0.130702,-0.876895,573.288,822.202,16228.8,-3.16702e+07,-1.14449,-0.955698,-0.253935,-0.0346764,-0.129897,-0.0124775
6.12481e-05,0,0,0,1e+09,1e+09,1e+09,0,0,0,0,0,15,3,5.4687e-06,0,0.130702,-0.864269,561.346,844.261,16232.7,-3.16777e+07,-1.14498,-0.955966,-0.254017,-0.0346945,-0.129946,-0.0125052
6.13067e-05,0,0,0,1e+09,1e+09,1e+09,0,0,0,0,0,15,3,5.4687e-06,0,0.130702,-0.851639,551.607,866.688,16237.8,-3.16881e+07,-1.14546,-0.956214,-0.254129,-0.0347135,-0.129996,-0.0125328
6.13653e-05,0,0,0,1e+09,1e+09,1e+09,0,0,0,0,0,15,3,5.4687e-06,0,0.130702,-0.839005,544.134,880.884,16244.6,-3.17012e+07,-1.14588,-0.956479,-0.254263,-0.0347317,-0.130045,-0.0125603
6.14239e-05,0,0,0,1e+09,1e+09,1e+09,0,0,0,0,0,15,3,5.4687e-06,0,0.130702,-0.826367,542.286,882.31,16251,-3.17171e+07,-1.14627,-0.956783,-0.254376,-0.0347507,-0.130093,-0.0125878
6.14825e-05,0,0,0,1e+09,1e+09,1e+09,0,0,0,0,0,15,3,5.4687e-06,0,0.130702,-0.813724,549.52,877.589,16255.6,-3.1736e+07,-1.14667,-0.957099,-0.254456,-0.0347735,-0.13014,-0.0126152
6.15411e-05,0,0,0,1e+09,1e+09,1e+09,0,0,0,0,0,15,3,5.4687e-06,0,0.130702,-0.801078,561.901,879.173,16259.1,-3.17582e+07,-1.1471,-0.957389,-0.254527,-0.0347988,-0.130187,-0.0126426
6.15997e-05,0,0,0,1e+09,1e+09,1e+09,0,0,0,0,0,15,3,5.4687e-06,0,0.130702,-0.788429,574.388,891.279,16262.2,-3.17838e+07,-1.14753,-0.95765,-0.254599,-0.0348233,-0.130233,-0.0126699
6.16583e-05,0,0,0,1e+09,1e+09,1e+09,0,0,0,0,0,15,3,5.4687e-06,0,0.130702,-0.775778,585.707,905.779,16264.8,-3.18128e+07,-1.14798,-0.957907,-0.254659,-0.0348468,-0.130278,-0.0126972
6.17169e-05,0,0,0,1e+09,1e+09,1e+09,0,0,0,0,0,15,3,5.4687e-06,0,0.130702,-0.763126,592.021,913.068,16267,-3.18449e+07,-1.14842,-0.958177,-0.2547,-0.0348691,-0.130323,-0.0127244
6.17756e-05,0,0,0,1e+09,1e+09,1e+09,0,0,0,0,0,15,3,5.4687e-06,0,0.130702,-0.750472,589.738,910.379,16268.3,-3.18795e+07,-1.14884,-0.958474,-0.254716,-0.0348885,-0.130367,-0.0127516
6.18342e-05,0,0,0,1e+09,1e+09,1e+09,0,0,0,0,0,15,3,5.4687e-06,0,0.130702,-0.737818,581.154,902.052,16267.8,-3.19156e+07,-1.14924,-0.958815,-0.254696,-0.0349062,-0.13041,-0.0127787
6.18928e-05,0,0,0,1e+09,1e+09,1e+09,0,0,0,0,0,15,3,5.4687e-06,0,0.130702,-0.725164,570.475,895.963,16264.7,-3.19523e+07,-1.14964,-0.95919,-0.254634,-0.0349249,-0.130453,-0.0128058
6.19514e-05,0,0,0,1e+09,1e+09,1e+09,0,0,0,0,0,15,3,5.4687e-06,0,0.130702,-0.712514,562.163,900.371,16259.8,-3.19881e+07,-1.15006,-0.95955,-0.25455,-0.0349456,-0.130495,-0.0128328
6.201e-05,0,0,0,1e+09,1e+09,1e+09,0,0,0,0,0,15,3,5.4687e-06,0,0.130701,-0.699868,560.858,917.487,16256.4,-3.20219e+07,-1.1505,-0.959842,-0.254502,-0.0349681,-0.130537,-0.0128597
6.20686e-05,0,0,0,1e+09,1e+09,1e+09,0,0,0,0,0,15,3,5.4687e-06,0,0.130701,-0.687222,566.945,939.394,16257.2,-3.20529e+07,-1.15093,-0.960049,-0.254534,-0.0349926,-0.130577,-0.0128867
6.21272e-05,0,0,0,1e+09,1e+09,1e+09,0,0,0,0,0,15,3,5.4687e-06,0,0.130701,-0.674574,574.674,954.81,16261.5,-3.20808e+07,-1.15133,-0.960222,-0.254627,-0.035018,-0.130617,-0.0129135
6.21858e-05,0,0,0,1e+09,1e+09,1e+09,0,0,0,0,0,15,3,5.4687e-06,0,0.130701,-0.661923,579.633,960.542,16266.5,-3.21055e+07,-1.15167,-0.96043,-0.254726,-0.0350426,-0.130657,-0.0129404
6.22444e-05,0,0,0,1e+09,1e+09,1e+09,0,0,0,0,0,15,3,5.4687e-06,0,0.130701,-0.649268,582.566,962.818,16271.2,-3.21277e+07,-1.15196,-0.960683,-0.254816,-0.0350659,-0.130696,-0.0129672
6.23031e-05,0,0,0,1e+09,1e+09,1e+09,0,0,0,0,0,15,3,5.4687e-06,0,0.130701,-0.636611,583.389,967.361,16275.4,-3.21485e+07,-1.15224,-0.960948,-0.254896,-0.035088,-0.130734,-0.0129939
6.23617e-05,0,0,0,1e+09,1e+09,1e+09,0,0,0,0,0,15,3,5.4687e-06,0,0.130701,-0.62395,581.661,974.649,16278.6,-3.21692e+07,-1.15254,-0.9612,-0.254959,-0.0351091,-0.130771,-0.0130206
6.24203e-05,0,0,0,1e+09,1e+09,1e+09,0,0,0,0,0,15,3,5.4687e-06,0,0.130701,-0.611287,579.317,981.179,16280.4,-3.2191e+07,-1.15286,-0.961436,-0.254994,-0.0351304,-0.130808,-0.0130472
6.24789e-05,0,0,0,1e+09,1e+09,1e+09,0,0,0,0,0,15,3,5.4687e-06,0,0.130701,-0.598622,578.964,981.877,16280.7,-3.22155e+07,-1.1532,-0.961681,-0.255,-0.035154,-0.130844,-0.0130738
6.25375e-05,0,0,0,1e+09,1e+09,1e+09,0,0,0,0,0,15,3,5.4687e-06,0,0.130701,-0.585958,581.446,976.142,16279.8,-3.22439e+07,-1.15353,-0.961948,-0.254984,-0.0351802,-0.13088,-0.0131004
6.25961e-05,0,0,0,1e+09,1e+09,1e+09,0,0,0,0,0,15,3,5.4687e-06,0,0.130701,-0.573296,587.104,971.494,16278.7,-3.22768e+07,-1.15384,-0.962211,-0.25497,-0.0352058,-0.130915,-0.0131269
6.26547e-05,0,0,0,1e+09,1e+09,1e+09,0,0,0,0,0,15,3,5.4687e-06,0,0.130701,-0.560634,596.356,976.289,16279.3,-3.23147e+07,-1.15417,-0.962411,-0.254995,-0.0352277,-0.130949,-0.0131534
6.27133e-05,0,0,0,1e+09,1e+09,1e+09,0,0,0,0,0,15,3,5.4687e-06,0,0.130701,-0.54797,607.119,990.26,16281.9,-3.23575e+07,-1.15451,-0.96254,-0.255068,-0.0352464,-0.130983,-0.0131798
6.27719e-05,0,0,0,1e+09,1e+09,1e+09,0,0,0,0,0,15,3,5.4687e-06,0,0.130701,-0.535305,614.985,1006.46,16284.7,-3.24048e+07,-1.15484,-0.962659,-0.255146,-0.0352643,-0.131016,-0.0132062
6.28305e-05,0,0,0,1e+09,1e+09,1e+09,0,0,0,0,0,15,3,5.4687e-06,0,0.130701,-0.522637,616.803,1018.89,16286.4,-3.24561e+07,-1.15516,-0.962807,-0.255195,-0.0352816,-0.131048,-0.0132326
6.28892e-05,0,0,0,1e+09,1e+09,1e+09,0,0,0,0,0,15,3,5.4687e-06,0,0.130701,-0.509968,613.082,1025.7,16287.2,-3.25106e+07,-1.15547,-0.962977,-0.255219,-0.0352967,-0.131079,-0.0132589
6.29478e-05,0,0,0,1e+09,1e+09,1e+09,0,0,0,0,0,15,3,5.4687e-06,0,0.130701,-0.497298,607.551,1028.98,16287.6,-3.2567e+07,-1.15578,-0.963154,-0.255232,-0.0353096,-0.13111,-0.0132852
6.30064e-05,0,0,0,1e+09,1e+09,1e+09,0,0,0,0,0,15,3,5.4687e-06,0,0.130701,-0.484628,604.01,1033,16288.4,-3.26245e+07,-1.15607,-0.963322,-0.25525,-0.0353206,-0.13114,-0.0133114
6.3065e-05,0,0,0,1e+09,1e+09,1e+09,0,0,0,0,0,15,3,5.4687e-06,0,0.130701,-0.471957,602.929,1039.17,16290.3,-3.26822e+07,-1.15635,-0.963473,-0.255288,-0.0353308,-0.13117,-0.0133377
6.31236e-05,0,0,0,1e+09,1e+09,1e+09,0,0,0,0,0,15,3,5.4687e-06,0,0.130701,-0.459285,604.146,1044.73,16293.2,-3.27394e+07,-1.15661,-0.963612,-0.255352,-0.0353432,-0.131199,-0.0133638
6.31822e-05,0,0,0,1e+09,1e+09,1e+09,0,0,0,0,0,15,3,5.4687e-06,0,0.130701,-0.446609,607.439,1046.53,16296.8,-3.27955e+07,-1.15684,-0.963745,-0.255432,-0.0353583,-0.131227,-0.01339
6.32408e-05,0,0,0,1e+09,1e+09,1e+09,0,0,0,0,0,15,3,5.4687e-06,0,0.130701,-0.433931,610.47,1044.98,16301,-3.28503e+07,-1.15705,-0.963874,-0.255521,-0.0353725,-0.131255,-0.0134161
6.32994e-05,0,0,0,1e+09,1e+09,1e+09,0,0,0,0,0,15,3,5.4687e-06,0,0.130701,-0.42125,610.43,1042.67,16305.1,-3.29034e+07,-1.15726,-0.964006,-0.255599,-0.0353834,-0.131282,-0.0134422
6.3358e-05,0,0,0,1e+09,1e+09,1e+09,0,0,0,0,0,15,3,5.4687e-06,0,0.130701,-0.408566,608.528,1042.92,16307.6,-3.29543e+07,-1.15747,-0.964159,-0.255647,-0.0353935,-0.131308,-0.0134683
6.34167e-05,0,0,0,1e+09,1e+09,1e+09,0,0,0,0,0,15,3,5.4687e-06,0,0.130701,-0.39588,607.322,1046.7,16308.7,-3.30029e+07,-1.15767,-0.964321,-0.255675,-0.0354053,-0.131333,-0.0134943
6.34753e-05,0,0,0,1e+09,1e+09,1e+09,0,0,0,0,0,15,3,5.4687e-06,0,0.130701,-0.383194,606.927,1051.39,16309.4,-3.30486e+07,-1.15787,-0.964476,-0.255699,-0.035417,-0.131358,-0.0135203
6.35339e-05,0,0,0,1e+09,1e+09,1e+09,0,0,0,0,0,15,3,5.4687e-06,0,0.130701,-0.370507,605.896,1054.33,16310,-3.30908e+07,-1.15808,-0.964623,-0.255719,-0.0354261,-0.131383,-0.0135463
6.35925e-05,0,0,0,1e+09,1e+09,1e+09,0,0,0,0,0,15,3,5.4687e-06,0,0.130701,-0.357821,603.554,1054.84,16310.9,-3.31289e+07,-1.15827,-0.964759,-0.255743,-0.0354327,-0.131406,-0.0135722
6.36511e-05,0,0,0,1e+09,1e+09,1e+09,0,0,0,0,0,15,3,5.4687e-06,0,0.130701,-0.345133,600.08,1053.21,16312.3,-3.31624e+07,-1.15846,-0.964888,-0.255775,-0.0354378,-0.131429,-0.0135981
6.37097e-05,0,0,0,1e+09,1e+09,1e+09,0,0,0,0,0,15,3,5.4687e-06,0,0.130701,-0.332444,595.63,1051.2,16313,-3.31907e+07,-1.15864,-0.965025,-0.255791,-0.0354431,-0.131452,-0.0136241
6.37683e-05,0,0,0,1e+09,1e+09,1e+09,0,0,0,0,0,15,3,5.4687e-06,0,0.130701,-0.319755,591.659,1051.98,16312.7,-3.32138e+07,-1.15881,-0.965169,-0.255791,-0.0354499,-0.131473,-0.0136499
6.38269e-05,0,0,0,1e+09,1e+09,1e+09,0,0,0,0,0,15,3,5.4687e-06,0,0.130701,-0.307065,589.94,1056.46,16312.7,-3.32317e+07,-1.15899,-0.965291,-0.2558,-0.0354581,-0.131494,-0.0136758
6.38855e-05,0,0,0,1e+09,1e+09,1e+09,0,0,0,0,0,15,3,5.4687e-06,0,0.130701,-0.294374,589.207,1061.9,16313.9,-3.32445e+07,-1.15916,-0.965381,-0.255834,-0.0354664,-0.131515,-0.0137016
6.39441e-05,0,0,0,1e+09,1e+09,1e+09,0,0,0,0,0,15,3,5.4687e-06,0,0.130701,-0.281682,586.712,1064.33,16315.8,-3.32527e+07,-1.15932,-0.96546,-0.255881,-0.0354731,-0.131534,-0.0137275
6.40028e-05,0,0,0,1e+09,1e+09,1e+09,0,0,0,0,0,15,3,5.4687e-06,0,0.130701,-0.26899,581.631,1061.97,16317.1,-3.32567e+07,-1.15945,-0.965567,-0.255912,-0.0354775,-0.131554,-0.0137533
6.40614e-05,0,0,0,1e+09,1e+09,1e+09,0,0,0,0,0,15,3,5.4687e-06,0,0.1307,-0.256297,574.782,1057.18,16316,-3.32572e+07,-1.15956,-0.965729,-0.2559,-0.0354796,-0.131572,-0.0137791
6.412e-05,0,0,0,1e+09,1e+09,1e+09,0,0,0,0,0,15,3,5.4687e-06,0,0.1307,-0.243606,568.18,1054.11,16312.6,-3.32544e+07,-1.15965,-0.96593,-0.255849,-0.0354805,-0.13159,-0.0138048
6.41786e-05,0,0,0,1e+09,1e+09,1e+09,0,0,0,0,0,15,3,5.4687e-06,0,0.1307,-0.23092,564.438,1054.56,16309,-3.32487e+07,-1.15976,-0.966112,-0.255796,-0.0354818,-0.131607,-0.0138306
6.42372e-05,0,0,0,1e+09,1e+09,1e+09,0,0,0,0,0,15,3,5.4687e-06,0,0.1307,-0.218236,564.48,1057.65,16306.2,-3.32402e+07,-1.15988,-0.966254,-0.255757,-0.0354855,-0.131624,-0.0138564
6.42958e-05,0,0,0,1e+09,1e+09,1e+09,0,0,0,0,0,15,3,5.4687e-06,0,0.1307,-0.205555,567.619,1062.04,16303.4,-3.32288e+07,-1.16,-0.966382,-0.255715,-0.0354918,-0.13164,-0.0138821
6.43544e-05,0,0,0,1e+09,1e+09,1e+09,0,0,0,0,0,15,3,5.4687e-06,0,0.1307,-0.19288,572.976,1066.59,16300.4,-3.32146e+07,-1.16011,-0.966517,-0.255667,-0.0354994,-0.131655,-0.0139078
6.4413e-05,0,0,0,1e+09,1e+09,1e+09,0,0,0,0,0,15,3,5.4687e-06,0,0.1307,-0.180216,578.49,1070.32,16297.5,-3.31975e+07,-1.1602,-0.966655,-0.25562,-0.0355068,-0.13167,-0.0139335
6.44716e-05,0,0,0,1e+09,1e+09,1e+09,0,0,0,0,0,15,3,5.4687e-06,0,0.1307,-0.167558,582.844,1073.32,16294.6,-3.31775e+07,-1.16029,-0.966787,-0.255573,-0.0355149,-0.131684,-0.0139592
6.45303e-05,0,0,0,1e+09,1e+09,1e+09,0,0,0,0,0,15,3,5.4687e-06,0,0.1307,-0.154915,586.636,1076.51,16291.8,-3.31547e+07,-1.16038,-0.966905,-0.255531,-0.035524,-0.131698,-0.0139849
6.45889e-05,0,0,0,1e+09,1e+09,1e+09,0,0,0,0,0,15,3,5.4687e-06,0,0.1307,-0.142308,589.401,1079.82,16289.7,-3.31296e+07,-1.16045,-0.967015,-0.255497,-0.0355327,-0.131711,-0.0140106
6.46475e-05,0,0,0,1e+09,1e+09,1e+09,0,0,0,0,0,15,3,5.4687e-06,0,0.1307,-0.129727,590.431,1082.03,16287.8,-3.31025e+07,-1.1605,-0.967134,-0.255461,-0.0355407,-0.131723,-0.0140363
6.47061e-05,0,0,0,1e+09,1e+09,1e+09,0,0,0,0,0,15,3,5.4687e-06,0,0.1307,-0.117164,589.914,1082.51,16286.2,-3.30745e+07,-1.16053,-0.96726,-0.255432,-0.0355497,-0.131735,-0.0140619
6.47647e-05,0,0,0,1e+09,1e+09,1e+09,0,0,0,0,0,15,3,5.4687e-06,0,0.1307,-0.10462,589.275,1084.79,16286.1,-3.30466e+07,-1.16053,-0.967367,-0.255433,-0.0355601,-0.131746,-0.0140876
6.48233e-05,0,0,0,1e+09,1e+09,1e+09,0,0,0,0,0,15,3,5.4687e-06,0,0.1307,-0.0921051,588.24,1091.21,16288,-3.30197e+07,-1.16051,-0.967442,-0.255478,-0.0355709,-0.131757,-0.0141132
6.48819e-05,0,0,0,1e+09,1e+09,1e+09,0,0,0,0,0,15,3,5.4687e-06,0,0.1307,-0.0796248,587.713,1101.75,16291.7,-3.29946e+07,-1.16047,-0.967484,-0.25556,-0.0355817,-0.131767,-0.0141389
6.49405e-05,0,0,0,1e+09,1e+09,1e+09,0,0,0,0,0,15,3,5.4687e-06,0,0.1307,-0.0671898,588.301,1114.66,16296.2,-3.29725e+07,-1.16042,-0.96751,-0.255659,-0.0355931,-0.131777,-0.0141645
6.49991e-05,0,0,0,1e+09,1e+09,1e+09,0,0,0,0,0,15,3,5.4687e-06,0,0.1307,-0.0547826,588.806,1127.31,16300,-3.29536e+07,-1.16036,-0.967547,-0.255747,-0.0356055,-0.131786,-0.0141901
6.50577e-05,0,0,0,1e+09,1e+09,1e+09,0,0,0,0,0,15,3,5.4687e-06,0,0.1307,-0.0424245,588.571,1138.3,16302.7,-3.2938e+07,-1.16029,-0.967601,-0.255814,-0.0356187,-0.131795,-0.0142158
6.51164e-05,0,0,0,1e+09,1e+09,1e+09,0,0,0,0,0,15,3,5.4687e-06,0,0.1307,-0.0301443,588.003,1147.88,16304.6,-3.29252e+07,-1.16022,-0.967656,-0.255864,-0.0356309,-0.131804,-0.0142414
6.5175e-05,0,0,0,1e+09,1e+09,1e+09,0,0,0,0,0,15,3,5.4687e-06,0,0.1307,-0.0179237,587.373,1156.69,16305.2,-3.29146e+07,-1.16016,-0.967714,-0.25589,-0.035641,-0.131812,-0.014267
6.52336e-05,0,0,0,1e+09,1e+09,1e+09,0,0,0,0,0,15,3,5.4687e-06,0,0.1307,-0.00575186,587.075,1165.26,16304.4,-3.2905e+07,-1.1601,-0.967784,-0.255885,-0.0356497,-0.13182,-0.0142926
6.52922e-05,0,0,0,1e+09,1e+09,1e+09,0,0,0,0,0,15,3,5.4687e-06,0,0.1307,0.00636037,587.61,1173.11,16302.9,-3.28952e+07,-1.16005,-0.967853,-0.255865,-0.0356585,-0.131829,-0.0143182
6.53508e-05,0,0,0,1e+09,1e+09,1e+09,0,0,0,0,0,15,3,5.4687e-06,0,0.1307,0.0184099,588.645,1178.31,16301.7,-3.28846e+07,-1.16001,-0.967904,-0.255845,-0.0356683,-0.131837,-0.0143437
6.54094e-05,0,0,0,1e+09,1e+09,1e+09,0,0,0,0,0,15,3,5.4687e-06,0,0.1307,0.0303863,589.666,1179.81,16300.6,-3.28724e+07,-1.15997,-0.967939,-0.255825,-0.0356799,-0.131845,-0.0143693
6.5468e-05,0,0,0,1e+09,1e+09,1e+09,0,0,0,0,0,15,3,5.4687e-06,0,0.1307,0.0422902,590.691,1179.46,16298.9,-3.28582e+07,-1.15993,-0.967973,-0.255798,-0.0356931,-0.131853,-0.0143949
6.55266e-05,0,0,0,1e+09,1e+09,1e+09,0,0,0,0,0,15,3,5.4687e-06,0,0.1307,0.0541211,591.809,1180.2,16296.5,-3.28418e+07,-1.15987,-0.968019,-0.255758,-0.0357061,-0.131861,-0.0144204
6.55852e-05,0,0,0,1e+09,1e+09,1e+09,0,0,0,0,0,15,3,5.4687e-06,0,0.1307,0.0658549,592.518,1182.79,16293.4,-3.28236e+07,-1.1598,-0.968082,-0.255705,-0.0357184,-0.131869,-0.014446
6.56439e-05,0,0,0,1e+09,1e+09,1e+09,0,0,0,0,0,15,3,5.4687e-06,0,0.1307,0.0775385,592.565,1185.98,16290.2,-3.28039e+07,-1.15971,-0.968157,-0.25565,-0.0357316,-0.131877,-0.0144715
6.57025e-05,0,0,0,1e+09,1e+09,1e+09,0,0,0,0,0,15,3,5.4687e-06,0,0.1307,0.0891603,591.974,1188.97,16287.4,-3.27833e+07,-1.1596,-0.968229,-0.255609,-0.0357463,-0.131886,-0.014497
6.57611e-05,0,0,0,1e+09,1e+09,1e+09,0,0,0,0,0,15,3,5.4687e-06,0,0.1307,0.100703,590.207,1192.33,16285.3,-3.27622e+07,-1.15947,-0.968292,-0.255582,-0.0357615,-0.131896,-0.0145226
6.58197e-05,0,0,0,1e+09,1e+09,1e+09,0,0,0,0,0,15,3,5.4687e-06,0,0.1307,0.112207,587.478,1197.55,16283.5,-3.2741e+07,-1.15933,-0.968349,-0.255563,-0.0357764,-0.131905,-0.014548
6.58783e-05,0,0,0,1e+09,1e+09,1e+09,0,0,0,0,0,15,3,5.4687e-06,0,0.1307,0.123686,584.655,1206.09,16281.9,-3.27202e+07,-1.15918,-0.968401,-0.255547,-0.0357907,-0.131915,-0.0145735
6.59369e-05,0,0,0,1e+09,1e+09,1e+09,0,0,0,0,0,15,3,5.4687e-06,0,0.1307,0.135146,582.042,1217.64,16280,-3.26997e+07,-1.15902,-0.968452,-0.255526,-0.0358047,-0.131926,-0.014599
6.59955e-05,0,0,0,1e+09,1e+09,1e+09,0,0,0,0,0,15,3,5.4687e-06,0,0.1307,0.146603,579.979,1229.39,16277.3,-3.26792e+07,-1.15886,-0.968505,-0.255494,-0.0358201,-0.131937,-0.0146245
6.60541e-05,0,0,0,1e+09,1e+09,1e+09,0,0,0,0,0,15,3,5.4687e-06,0,0.1307,0.158057,578.883,1238.42,16273.8,-3.26581e+07,-1.15871,-0.968558,-0.255448,-0.0358375,-0.131949,-0.0146499
6.61127e-05,0,0,0,1e+09,1e+09,1e+09,0,0,0,0,0,15,3,5.4687e-06,0,0.1307,0.169508,578.623,1244.02,16269.7,-3.26363e+07,-1.15856,-0.968609,-0.255391,-0.0358557,-0.131961,-0.0146753
6.61713e-05,0,0,0,1e+09,1e+09,1e+09,0,0,0,0,0,15,3,5.4687e-06,0,0.1307,0.180955,579.368,1247.22,16264.7,-3.26132e+07,-1.15841,-0.968663,-0.255314,-0.0358732,-0.131974,-0.0147007
6.623e-05,0,0,0,1e+09,1e+09,1e+09,0,0,0,0,0,15,3,5.4687e-06,0,0.1307,0.192398,581.266,1249.05,16258.6,-3.25881e+07,-1.15827,-0.968725,-0.255213,-0.0358895,-0.131988,-0.0147261
6.62886e-05,0,0,0,1e+09,1e+09,1e+09,0,0,0,0,0,15,3,5.4687e-06,0,0.1307,0.203837,583.322,1249.47,16251.7,-3.25607e+07,-1.15813,-0.968788,-0.255094,-0.0359039,-0.132002,-0.0147514
6.63472e-05,0,0,0,1e+09,1e+09,1e+09,0,0,0,0,0,15,3,5.4687e-06,0,0.1307,0.21527,584.709,1247.76,16244.3,-3.2531e+07,-1.158,-0.968843,-0.254963,-0.0359167,-0.132016,-0.0147768
6.64058e-05,0,0,0,1e+09,1e+09,1e+09,0,0,0,0,0,15,3,5.4687e-06,0,0.1307,0.226697,586.005,1244.28,16236.7,-3.24992e+07,-1.15788,-0.968888,-0.25483,-0.0359286,-0.132031,-0.0148021
6.64644e-05,0,0,0,1e+09,1e+09,1e+09,0,0,0,0,0,15,3,5.4687e-06,0,0.1307,0.238119,586.981,1240.27,16229.1,-3.24657e+07,-1.15774,-0.968929,-0.254699,-0.0359393,-0.132047,-0.0148274
6.6523e-05,0,0,0,1e+09,1e+09,1e+09,0,0,0,0,0,15,3,5.4687e-06,0,0.130701,0.249537,586.825,1236.88,16221.5,-3.24313e+07,-1.15758,-0.968974,-0.254572,-0.0359479,-0.132063,-0.0148526
6.65816e-05,0,0,0,1e+09,1e+09,1e+09,0,0,0,0,0,15,3,5.4687e-06,0,0.130701,0.260949,585.584,1234.29,16214.2,-3.23965e+07,-1.15741,-0.969019,-0.254453,-0.0359555,-0.132079,-0.0148778
6.66402e-05,0,0,0,1e+09,1e+09,1e+09,0,0,0,0,0,15,3,5.4687e-06,0,0.130701,0.272356,583.697,1232.65,16207.8,-3.23623e+07,-1.15722,-0.969054,-0.254354,-0.0359628,-0.132096,-0.014903
6.66988e-05,0,0,0,1e+09,1e+09,1e+09,0,0,0,0,0,15,3,5.4687e-06,0,0.130701,0.283759,581.297,1232.54,16202.4,-3.23293e+07,-1.157,-0.969078,-0.254277,-0.0359693,-0.132113,-0.0149282
6.67575e-05,0,0,0,1e+09,1e+09,1e+09,0,0,0,0,0,15,3,5.4687e-06,0,0.130701,0.295159,578.866,1234.16,16197.8,-3.22981e+07,-1.15676,-0.9691,-0.254217,-0.0359743,-0.132131,-0.0149533
6.68161e-05,0,0,0,1e+09,1e+09,1e+09,0,0,0,0,0,15,3,5.4687e-06,0,0.130701,0.306557,576.771,1236.6,16193.9,-3.22689e+07,-1.15649,-0.969123,-0.254169,-0.0359778,-0.13215,-0.0149784
6.68747e-05,0,0,0,1e+09,1e+09,1e+09,0,0,0,0,0,15,3,5.4687e-06,0,0.130701,0.317951,574.506,1238.19,16190.5,-3.22417e+07,-1.1562,-0.969147,-0.254127,-0.0359804,-0.132169,-0.0150034
6.69333e-05,0,0,0,1e+09,1e+09,1e+09,0,0,0,0,0,15,3,5.4687e-06,0,0.130701,0.329343,571.787,1238.15,16187,-3.22166e+07,-1.15591,-0.96917,-0.25408,-0.0359825,-0.132188,-0.0150284
6.69919e-05,0,0,0,1e+09,1e+09,1e+09,0,0,0,0,0,15,3,5.4687e-06,0,0.130701,0.340733,569.472,1237.66,16183.1,-3.21929e+07,-1.15563,-0.969184,-0.254027,-0.0359847,-0.132208,-0.0150534
6.70505e-05,0,0,0,1e+09,1e+09,1e+09,0,0,0,0,0,15,3,5.4687e-06,0,0.130701,0.352119,567.89,1238.18,16179,-3.21703e+07,-1.15534,-0.969187,-0.253967,-0.0359862,-0.132229,-0.0150783
6.71091e-05,0,0,0,1e+09,1e+09,1e+09,0,0,0,0,0,15,3,5.4687e-06,0,0.130701,0.363502,566.371,1239.53,16174.1,-3.21485e+07,-1.15507,-0.969188,-0.253893,-0.0359867,-0.13225,-0.0151032
6.71677e-05,0,0,0,1e+09,1e+09,1e+09,0,0,0,0,0,15,3,5.4687e-06,0,0.130701,0.37488,564.827,1240.6,16167.7,-3.21268e+07,-1.1548,-0.969205,-0.253789,-0.0359865,-0.132272,-0.0151281
6.72263e-05,0,0,0,1e+09,1e+09,1e+09,0,0,0,0,0,15,3,5.4687e-06,0,0.130701,0.386254,563.261,1240.99,16160,-3.21049e+07,-1.15452,-0.969235,-0.253661,-0.0359864,-0.132294,-0.0151528
6.7285e-05,0,0,0,1e+09,1e+09,1e+09,0,0,0,0,0,15,3,5.4687e-06,0,0.130701,0.397621,561.007,1241.26,16151.6,-3.20827e+07,-1.15425,-0.969263,-0.253521,-0.0359864,-0.132316,-0.0151776
6.73436e-05,0,0,0,1e+09,1e+09,1e+09,0,0,0,0,0,15,3,5.4687e-06,0,0.130701,0.408984,558.032,1242.04,16142.8,-3.20602e+07,-1.15399,-0.969279,-0.253378,-0.0359863,-0.13234,-0.0152023
6.74022e-05,0,0,0,1e+09,1e+09,1e+09,0,0,0,0,0,15,3,5.4687e-06,0,0.130701,0.420341,554.85,1243.4,16133.8,-3.20374e+07,-1.15372,-0.969288,-0.253234,-0.0359854,-0.132363,-0.0152269
6.74608e-05,0,0,0,1e+09,1e+09,1e+09,0,0,0,0,0,15,3,5.4687e-06,0,0.130701,0.431691,551.059,1244.58,16124.8,-3.20143e+07,-1.15344,-0.969296,-0.253088,-0.0359822,-0.132387,-0.0152515
6.75194e-05,0,0,0,1e+09,1e+09,1e+09,0,0,0,0,0,15,3,5.4687e-06,0,0.130701,0.443035,546.283,1244.58,16115.8,-3.19912e+07,-1.15315,-0.969309,-0.252943,-0.0359771,-0.132412,-0.0152761
6.7578e-05,0,0,0,1e+09,1e+09,1e+09,0,0,0,0,0,15,3,5.4687e-06,0,0.130701,0.454372,541.072,1242.83,16107,-3.19682e+07,-1.15283,-0.969325,-0.252803,-0.035972,-0.132437,-0.0153006
6.76366e-05,0,0,0,1e+09,1e+09,1e+09,0,0,0,0,0,15,3,5.4687e-06,0,0.130701,0.465703,535.373,1238.85,16098.5,-3.1945e+07,-1.1525,-0.969343,-0.252667,-0.0359668,-0.132463,-0.015325
6.76952e-05,0,0,0,1e+09,1e+09,1e+09,0,0,0,0,0,15,3,5.4687e-06,0,0.130701,0.477028,528.873,1233.05,16090.1,-3.19216e+07,-1.15216,-0.969364,-0.252531,-0.035961,-0.132489,-0.0153494
6.77538e-05,0,0,0,1e+09,1e+09,1e+09,0,0,0,0,0,15,3,5.4687e-06,0,0.130701,0.488348,522.498,1227,16081.7,-3.18979e+07,-1.15181,-0.969385,-0.252396,-0.0359549,-0.132515,-0.0153737
6.78124e-05,0,0,0,1e+09,1e+09,1e+09,0,0,0,0,0,15,3,5.4687e-06,0,0.130701,0.499662,517.614,1222.2,16073.6,-3.18735e+07,-1.15144,-0.969402,-0.252265,-0.0359499,-0.132542,-0.0153979
6.78711e-05,0,0,0,1e+09,1e+09,1e+09,0,0,0,0,0,15,3,5.4687e-06,0,0.130701,0.51097,515.38,1219.24,16065.6,-3.18481e+07,-1.15106,-0.969415,-0.252137,-0.035946,-0.13257,-0.0154221
6.79297e-05,0,0,0,1e+09,1e+09,1e+09,0,0,0,0,0,15,3,5.4687e-06,0,0.130701,0.522273,516.419,1217.96,16057.7,-3.18217e+07,-1.15068,-0.969425,-0.252009,-0.0359433,-0.132598,-0.0154463
6.79883e-05,0,0,0,1e+09,1e+09,1e+09,0,0,0,0,0,15,3,5.4687e-06,0,0.130701,0.53357,520.222,1218.36,16049.8,-3.17941e+07,-1.1503,-0.96943,-0.251882,-0.0359418,-0.132627,-0.0154704
6.80469e-05,0,0,0,1e+09,1e+09,1e+09,0,0,0,0,0,15,3,5.4687e-06,0,0.130701,0.544861,525.229,1220.91,16041.5,-3.17651e+07,-1.14991,-0.969431,-0.251747,-0.0359414,-0.132656,-0.0154944
6.81055e-05,0,0,0,1e+09,1e+09,1e+09,0,0,0,0,0,15,3,5.4687e-06,0,0.130701,0.556145,530.175,1225.75,16032.1,-3.17351e+07,-1.14952,-0.969437,-0.251594,-0.0359415,-0.132686,-0.0155183
6.81641e-05,0,0,0,1e+09,1e+09,1e+09,0,0,0,0,0,15,3,5.4687e-06,0,0.130701,0.567423,534.639,1231.69,16021.9,-3.17043e+07,-1.14914,-0.969447,-0.251427,-0.0359421,-0.132716,-0.0155422
6.82227e-05,0,0,0,1e+09,1e+09,1e+09,0,0,0,0,0,15,3,5.4687e-06,0,0.130701,0.578693,538.524,1237.21,16011.4,-3.16731e+07,-1.14875,-0.969457,-0.251254,-0.0359422,-0.132747,-0.015566
6.82813e-05,0,0,0,1e+09,1e+09,1e+09,0,0,0,0,0,15,3,5.4687e-06,0,0.130701,0.589957,541.986,1241.89,16000.7,-3.1642e+07,-1.14835,-0.969468,-0.251077,-0.0359416,-0.132778,-0.0155898
6.83399e-05,0,0,0,1e+09,1e+09,1e+09,0,0,0,0,0,15,3,5.4687e-06,0,0.130701,0.601212,545.158,1246.1,15990.1,-3.16116e+07,-1.14794,-0.969481,-0.250902,-0.035941,-0.13281,-0.0156135
6.83986e-05,0,0,0,1e+09,1e+09,1e+09,0,0,0,0,0,15,3,5.4687e-06,0,0.130701,0.61246,547.794,1250.26,15980.2,-3.15819e+07,-1.14751,-0.969489,-0.250739,-0.0359411,-0.132842,-0.0156371
6.84572e-05,0,0,0,1e+09,1e+09,1e+09,0,0,0,0,0,15,3,5.4687e-06,0,0.130701,0.6237,549.733,1254.38,15971.3,-3.15534e+07,-1.14706,-0.969493,-0.250591,-0.0359418,-0.132875,-0.0156607
6.85158e-05,0,0,0,1e+09,1e+09,1e+09,0,0,0,0,0,15,3,5.4687e-06,0,0.130701,0.634934,550.478,1256.85,15962.8,-3.1526e+07,-1.14658,-0.969499,-0.250454,-0.0359427,-0.132908,-0.0156842
6.85744e-05,0,0,0,1e+09,1e+09,1e+09,0,0,0,0,0,15,3,5.4687e-06,0,0.130701,0.646162,548.868,1256.81,15954.6,-3.14995e+07,-1.14608,-0.969517,-0.25032,-0.0359433,-0.132942,-0.0157076
6.8633e-05,0,0,0,1e+09,1e+09,1e+09,0,0,0,0,0,15,3,5.4687e-06,0,0.130701,0.657386,545.302,1255.73,15946.6,-3.14739e+07,-1.14556,-0.969544,-0.250188,-0.0359434,-0.132976,-0.015731
6.86916e-05,0,0,0,1e+09,1e+09,1e+09,0,0,0,0,0,15,3,5.4687e-06,0,0.130702,0.668605,540.828,1254.45,15939.2,-3.14491e+07,-1.14501,-0.969573,-0.250063,-0.0359432,-0.133011,-0.0157542
6.87502e-05,0,0,0,1e+09,1e+09,1e+09,0,0,0,0,0,15,3,5.4687e-06,0,0.130702,0.679818,536.489,1253.24,15932.2,-3.14249e+07,-1.14445,-0.9696,-0.249945,-0.0359435,-0.133046,-0.0157775
6.88088e-05,0,0,0,1e+09,1e+09,1e+09,0,0,0,0,0,15,3,5.4687e-06,0,0.130702,0.691027,532.13,1252.69,15925.4,-3.14013e+07,-1.14388,-0.969627,-0.249828,-0.0359442,-0.133082,-0.0158006
6.88674e-05,0,0,0,1e+09,1e+09,1e+09,0,0,0,0,0,15,3,5.4687e-06,0,0.130702,0.702229,526.638,1253.06,15918.4,-3.13785e+07,-1.1433,-0.969658,-0.249709,-0.0359448,-0.133118,-0.0158237
6.8926e-05,0,0,0,1e+09,1e+09,1e+09,0,0,0,0,0,15,3,5.4687e-06,0,0.130702,0.713428,519.509,1253.77,15911,-3.13568e+07,-1.14271,-0.96969,-0.249583,-0.0359454,-0.133155,-0.0158467
6.89847e-05,0,0,0,1e+09,1e+09,1e+09,0,0,0,0,0,15,3,5.4687e-06,0,0.130702,0.724621,511.289,1254.04,15903,-3.13369e+07,-1.14213,-0.969722,-0.249447,-0.035946,-0.133193,-0.0158697
6.90433e-05,0,0,0,1e+09,1e+09,1e+09,0,0,0,0,0,15,3,5.4687e-06,0,0.130702,0.735809,502.76,1253.39,15894.1,-3.13193e+07,-1.14154,-0.969753,-0.249298,-0.0359462,-0.133231,-0.0158925
6.91019e-05,0,0,0,1e+09,1e+09,1e+09,0,0,0,0,0,15,3,5.4687e-06,0,0.130702,0.746991,494.819,1251.97,15884.5,-3.13049e+07,-1.14096,-0.969782,-0.249137,-0.0359463,-0.133269,-0.0159153
6.91605e-05,0,0,0,1e+09,1e+09,1e+09,0,0,0,0,0,15,3,5.4687e-06,0,0.130702,0.758165,488.437,1250.56,15874.6,-3.12941e+07,-1.14038,-0.969804,-0.248972,-0.0359469,-0.133308,-0.0159381
6.92191e-05,0,0,0,1e+09,1e+09,1e+09,0,0,0,0,0,15,3,5.4687e-06,0,0.130702,0.769333,484.306,1249.85,15864.5,-3.12874e+07,-1.1398,-0.969819,-0.248804,-0.0359485,-0.133347,-0.0159607
6.92777e-05,0,0,0,1e+09,1e+09,1e+09,0,0,0,0,0,15,3,5.4687e-06,0,0.130702,0.780493,482.593,1249.33,15854.2,-3.1285e+07,-1.13922,-0.96983,-0.248636,-0.0359505,-0.133387,-0.0159833
6.93363e-05,0,0,0,1e+09,1e+09,1e+09,0,0,0,0,0,15,3,5.4687e-06,0,0.130702,0.791645,482.738,1247.18,15843.7,-3.1287e+07,-1.13863,-0.969837,-0.248467,-0.0359529,-0.133427,-0.0160059
6.93949e-05,0,0,0,1e+09,1e+09,1e+09,0,0,0,0,0,15,3,5.4687e-06,0,0.130702,0.802791,484.114,1243.79,15833.1,-3.12929e+07,-1.13803,-0.969843,-0.248296,-0.0359553,-0.133468,-0.0160283
6.94535e-05,0,0,0,1e+09,1e+09,1e+09,0,0,0,0,0,15,3,5.4687e-06,0,0.130702,0.813928,486.25,1239.68,15822.3,-3.13025e+07,-1.13742,-0.969851,-0.248123,-0.0359573,-0.13351,-0.0160507
6.95122e-05,0,0,0,1e+09,1e+09,1e+09,0,0,0,0,0,15,3,5.4687e-06,0,0.130702,0.825059,488.706,1235.62,15811.3,-3.13149e+07,-1.1368,-0.96986,-0.247946,-0.0359594,-0.133551,-0.0160731
6.95708e-05,0,0,0,1e+09,1e+09,1e+09,0,0,0,0,0,15,3,5.4687e-06,0,0.130702,0.836181,490.694,1231.93,15799.7,-3.13295e+07,-1.13618,-0.96987,-0.247761,-0.035962,-0.133594,-0.0160953
6.96294e-05,0,0,0,1e+09,1e+09,1e+09,0,0,0,0,0,15,3,5.4687e-06,0,0.130702,0.847294,491.754,1228.8,15787.3,-3.13455e+07,-1.13556,-0.969883,-0.247565,-0.0359647,-0.133636,-0.0161175
6.9688e-05,0,0,0,1e+09,1e+09,1e+09,0,0,0,0,0,15,3,5.4687e-06,0,0.130702,0.858399,492.08,1226.37,15774.1,-3.13623e+07,-1.13494,-0.969901,-0.247355,-0.0359672,-0.13368,-0.0161396
6.97466e-05,0,0,0,1e+09,1e+09,1e+09,0,0,0,0,0,15,3,5.4687e-06,0,0.130702,0.869493,491.645,1224.32,15760,-3.13795e+07,-1.13432,-0.969924,-0.24713,-0.0359696,-0.133723,-0.0161617
6.98052e-05,0,0,0,1e+09,1e+09,1e+09,0,0,0,0,0,15,3,5.4687e-06,0,0.130702,0.880578,490.125,1222.32,15745.2,-3.13969e+07,-1.1337,-0.96995,-0.246891,-0.0359716,-0.133767,-0.0161837
6.98638e-05,0,0,0,1e+09,1e+09,1e+09,0,0,0,0,0,15,3,5.4687e-06,0,0.130702,0.891652,487.679,1220.36,15729.5,-3.14146e+07,-1.13308,-0.969982,-0.246634,-0.0359729,-0.133812,-0.0162056
6.99224e-05,0,0,0,1e+09,1e+09,1e+09,0,0,0,0,0,15,3,5.4687e-06,0,0.130702,0.902714,484.878,1218.34,15712.8,-3.14325e+07,-1.13246,-0.970022,-0.246359,-0.0359739,-0.133857,-0.0162275
6.9981e-05,0,0,0,1e+09,1e+09,1e+09,0,0,0,0,0,15,3,5.4687e-06,0,0.130703,0.913764,482.103,1216.08,15695.3,-3.1451e+07,-1.13184,-0.97007,-0.246069,-0.0359753,-0.133903,-0.0162493
7.00396e-05,0,0,0,1e+09,1e+09,1e+09,0,0,0,0,0,15,3,5.4687e-06,0,0.130703,0.924802,479.597,1213.6,15677.4,-3.14703e+07,-1.13121,-0.970124,-0.245771,-0.0359771,-0.133949,-0.0162711
7.00983e-05,0,0,0,1e+09,1e+09,1e+09,0,0,0,0,0,15,3,5.4687e-06,0,0.130703,0.935828,477.68,1211.01,15659.5,-3.14904e+07,-1.13058,-0.970177,-0.245473,-0.0359793,-0.133995,-0.0162927
7.01569e-05,0,0,0,1e+09,1e+09,1e+09,0,0,0,0,0,15,3,5.4687e-06,0,0.130703,0.946841,476.494,1208.47,15641.9,-3.15114e+07,-1.12993,-0.97023,-0.245178,-0.0359813,-0.134042,-0.0163144
7.02155e-05,0,0,0,1e+09,1e+09,1e+09,0,0,0,0,0,15,3,5.4687e-06,0,0.130703,0.957843,475.763,1206.2,15624.6,-3.15328e+07,-1.12926,-0.970287,-0.244886,-0.0359827,-0.13409,-0.0163359
7.02741e-05,0,0,0,1e+09,1e+09,1e+09,0,0,0,0,0,15,3,5.4687e-06,0,0.130703,0.968832,474.794,1204.04,15607.7,-3.15541e+07,-1.12858,-0.970347,-0.244598,-0.0359837,-0.134137,-0.0163574
7.03327e-05,0,0,0,1e+09,1e+09,1e+09,0,0,0,0,0,15,3,5.4687e-06,0,0.130703,0.979809,472.792,1201.61,15591,-3.15747e+07,-1.12788,-0.970409,-0.244315,-0.0359849,-0.134186,-0.0163789
7.03913e-05,0,0,0,1e+09,1e+09,1e+09,0,0,0,0,0,15,3,5.4687e-06,0,0.130703,0.990774,469.487,1199.17,15574.5,-3.15936e+07,-1.12717,-0.97047,-0.244035,-0.0359865,-0.134234,-0.0164003
7.04499e-05,0,0,0,1e+09,1e+09,1e+09,0,0,0,0,0,15,3,5.4687e-06,0,0.130703,1.00173,465.127,1197.24,15558.1,-3.16101e+07,-1.12644,-0.97053,-0.243757,-0.0359883,-0.134284,-0.0164216
7.05085e-05,0,0,0,1e+09,1e+09,1e+09,0,0,0,0,0,15,3,5.4687e-06,0,0.130703,1.01267,460.068,1196.04,15541.7,-3.16234e+07,-1.12571,-0.97059,-0.243481,-0.0359903,-0.134333,-0.0164429
7.05671e-05,0,0,0,1e+09,1e+09,1e+09,0,0,0,0,0,15,3,5.4687e-06,0,0.130703,1.0236,454.974,1195.68,15525.4,-3.16328e+07,-1.12497,-0.970649,-0.243205,-0.0359925,-0.134384,-0.0164642
7.06258e-05,0,0,0,1e+09,1e+09,1e+09,0,0,0,0,0,15,3,5.4687e-06,0,0.130703,1.03452,450.729,1196.51,15509.1,-3.16381e+07,-1.12421,-0.970708,-0.242932,-0.0359944,-0.134434,-0.0164853
7.06844e-05,0,0,0,1e+09,1e+09,1e+09,0,0,0,0,0,15,3,5.4687e-06,0,0.130703,1.04542,447.629,1198.59,15492.9,-3.16392e+07,-1.12345,-0.970766,-0.24266,-0.035996,-0.134485,-0.0165065
7.0743e-05,0,0,0,1e+09,1e+09,1e+09,0,0,0,0,0,15,3,5.4687e-06,0,0.130703,1.05632,445.318,1201.34,15476.4,-3.16363e+07,-1.12268,-0.970826,-0.242386,-0.0359977,-0.134537,-0.0165276
7.08016e-05,0,0,0,1e+09,1e+09,1e+09,0,0,0,0,0,15,3,5.4687e-06,0,0.130703,1.0672,443.614,1204.17,15459.5,-3.16298e+07,-1.1219,-0.970888,-0.242107,-0.0359998,-0.134588,-0.0165486
7.08602e-05,0,0,0,1e+09,1e+09,1e+09,0,0,0,0,0,15,3,5.4687e-06,0,0.130703,1.07808,442.809,1206.93,15442.5,-3.162e+07,-1.12111,-0.970949,-0.241826,-0.036002,-0.134641,-0.0165696
7.09188e-05,0,0,0,1e+09,1e+09,1e+09,0,0,0,0,0,15,3,5.4687e-06,0,0.130703,1.08894,443.016,1209.79,15425.5,-3.16075e+07,-1.12032,-0.971004,-0.241545,-0.0360039,-0.134693,-0.0165906
7.09774e-05,0,0,0,1e+09,1e+09,1e+09,0,0,0,0,0,15,3,5.4687e-06,0,0.130704,1.09978,443.912,1212.81,15408.8,-3.15928e+07,-1.11953,-0.97105,-0.241269,-0.0360051,-0.134747,-0.0166115
7.1036e-05,0,0,0,1e+09,1e+09,1e+09,0,0,0,0,0,15,3,5.4687e-06,0,0.130704,1.11062,444.786,1215.71,15392.3,-3.1576e+07,-1.11873,-0.971089,-0.240999,-0.0360052,-0.1348,-0.0166324
7.10946e-05,0,0,0,1e+09,1e+09,1e+09,0,0,0,0,0,15,3,5.4687e-06,0,0.130704,1.12145,445.095,1218.18,15376.1,-3.15575e+07,-1.11792,-0.971123,-0.240733,-0.0360044,-0.134855,-0.0166532
7.11532e-05,0,0,0,1e+09,1e+09,1e+09,0,0,0,0,0,15,3,5.4687e-06,0,0.130704,1.13226,444.606,1219.96,15360.1,-3.1537e+07,-1.1171,-0.971156,-0.24047,-0.0360032,-0.134909,-0.016674
7.12119e-05,0,0,0,1e+09,1e+09,1e+09,0,0,0,0,0,15,3,5.4687e-06,0,0.130704,1.14306,442.919,1220.95,15344.2,-3.15146e+07,-1.11627,-0.971183,-0.240211,-0.0360015,-0.134964,-0.0166948
7.12705e-05,0,0,0,1e+09,1e+09,1e+09,0,0,0,0,0,15,3,5.4687e-06,0,0.130704,1.15386,439.381,1220.84,15328.7,-3.14899e+07,-1.11543,-0.971204,-0.239959,-0.0359987,-0.13502,-0.0167156
7.13291e-05,0,0,0,1e+09,1e+09,1e+09,0,0,0,0,0,15,3,5.4687e-06,0,0.130704,1.16464,433.869,1219.2,15313.4,-3.14626e+07,-1.11459,-0.971223,-0.23971,-0.0359946,-0.135076,-0.0167363
7.13877e-05,0,0,0,1e+09,1e+09,1e+09,0,0,0,0,0,15,3,5.4687e-06,0,0.130704,1.17541,427.252,1216.44,15298.4,-3.14324e+07,-1.11372,-0.971243,-0.239465,-0.0359894,-0.135132,-0.0167569
7.14463e-05,0,0,0,1e+09,1e+09,1e+09,0,0,0,0,0,15,3,5.4687e-06,0,0.130704,1.18617,420.434,1213.16,15283.6,-3.13991e+07,-1.11285,-0.97126,-0.239224,-0.0359835,-0.135189,-0.0167776
7.15049e-05,0,0,0,1e+09,1e+09,1e+09,0,0,0,0,0,15,3,5.4687e-06,0,0.130704,1.19692,413.859,1209.36,15269.2,-3.13626e+07,-1.11197,-0.971271,-0.238991,-0.0359773,-0.135246,-0.0167982
7.15635e-05,0,0,0,1e+09,1e+09,1e+09,0,0,0,0,0,15,3,5.4687e-06,0,0.130704,1.20766,408.043,1205.01,15255.2,-3.13229e+07,-1.11107,-0.971277,-0.238765,-0.0359714,-0.135304,-0.0168188
7.16221e-05,0,0,0,1e+09,1e+09,1e+09,0,0,0,0,0,15,3,5.4687e-06,0,0.130704,1.21839,403.441,1200.11,15241.4,-3.12801e+07,-1.11016,-0.971283,-0.238542,-0.0359658,-0.135362,-0.0168394
7.16807e-05,0,0,0,1e+09,1e+09,1e+09,0,0,0,0,0,15,3,5.4687e-06,0,0.130704,1.22911,400.154,1194.56,15227.5,-3.12343e+07,-1.10924,-0.971296,-0.238318,-0.0359603,-0.135421,-0.0168599
7.17394e-05,0,0,0,1e+09,1e+09,1e+09,0,0,0,0,0,15,3,5.4687e-06,0,0.130704,1.23982,398.144,1188.31,15213.3,-3.11857e+07,-1.10831,-0.971318,-0.23809,-0.035955,-0.135479,-0.0168805
7.1798e-05,0,0,0,1e+09,1e+09,1e+09,0,0,0,0,0,15,3,5.4687e-06,0,0.130704,1.25052,397.372,1181.42,15199,-3.11343e+07,-1.10736,-0.971344,-0.237858,-0.0359496,-0.135539,-0.016901
7.18566e-05,0,0,0,1e+09,1e+09,1e+09,0,0,0,0,0,15,3,5.4687e-06,0,0.130705,1.26121,397.718,1174.12,15184.6,-3.108e+07,-1.10641,-0.971372,-0.237627,-0.0359442,-0.135599,-0.0169214
7.19152e-05,0,0,0,1e+09,1e+09,1e+09,0,0,0,0,0,15,3,5.4687e-06,0,0.130705,1.27189,398.788,1166.66,15170.2,-3.10228e+07,-1.10544,-0.971404,-0.237396,-0.0359392,-0.135659,-0.0169419
7.19738e-05,0,0,0,1e+09,1e+09,1e+09,0,0,0,0,0,15,3,5.4687e-06,0,0.130705,1.28256,399.88,1159.18,15155.7,-3.09624e+07,-1.10446,-0.971442,-0.237163,-0.0359346,-0.13572,-0.0169624
7.20324e-05,0,0,0,1e+09,1e+09,1e+09,0,0,0,0,0,15,3,5.4687e-06,0,0.130705,1.29322,400.283,1151.77,15141.1,-3.08987e+07,-1.10347,-0.971483,-0.23693,-0.0359303,-0.135781,-0.0169828
7.2091e-05,0,0,0,1e+09,1e+09,1e+09,0,0,0,0,0,15,3,5.4687e-06,0,0.130705,1.30387,399.37,1144.42,15126.4,-3.08315e+07,-1.10246,-0.971527,-0.236695,-0.0359257,-0.135843,-0.0170033
7.21496e-05,0,0,0,1e+09,1e+09,1e+09,0,0,0,0,0,15,3,5.4687e-06,0,0.130705,1.31451,396.547,1136.82,15111.5,-3.07607e+07,-1.10145,-0.971575,-0.236457,-0.0359207,-0.135905,-0.0170237
7.22082e-05,0,0,0,1e+09,1e+09,1e+09,0,0,0,0,0,15,3,5.4687e-06,0,0.130705,1.32513,391.448,1128.79,15096.2,-3.06864e+07,-1.10043,-0.971631,-0.236211,-0.0359153,-0.135968,-0.0170441
7.22669e-05,0,0,0,1e+09,1e+09,1e+09,0,0,0,0,0,15,3,5.4687e-06,0,0.130705,1.33575,384.381,1120.61,15080.6,-3.06088e+07,-1.0994,-0.971696,-0.235957,-0.0359099,-0.136031,-0.0170645
7.23255e-05,0,0,0,1e+09,1e+09,1e+09,0,0,0,0,0,15,3,5.4687e-06,0,0.130705,1.34636,376.056,1112.68,15064.6,-3.05282e+07,-1.09837,-0.971767,-0.235698,-0.0359051,-0.136094,-0.0170849
7.23841e-05,0,0,0,1e+09,1e+09,1e+09,0,0,0,0,0,15,3,5.4687e-06,0,0.130705,1.35695,367.005,1105.05,15048.3,-3.0445e+07,-1.09732,-0.971843,-0.235434,-0.0359009,-0.136158,-0.0171053
7.24427e-05,0,0,0,1e+09,1e+09,1e+09,0,0,0,0,0,15,3,5.4687e-06,0,0.130705,1.36754,357.412,1097.51,15031.5,-3.03599e+07,-1.09627,-0.971926,-0.235159,-0.0358969,-0.136222,-0.0171256
7.25013e-05,0,0,0,1e+09,1e+09,1e+09,0,0,0,0,0,15,3,5.4687e-06,0,0.130705,1.37811,347.501,1090,15013.9,-3.02731e+07,-1.09521,-0.97202,-0.23487,-0.0358931,-0.136287,-0.017146
7.25599e-05,0,0,0,1e+09,1e+09,1e+09,0,0,0,0,0,15,3,5.4687e-06,0,0.130705,1.38867,337.716,1082.69,14995.5,-3.0185e+07,-1.09416,-0.972123,-0.234565,-0.0358897,-0.136352,-0.0171664
7.26185e-05,0,0,0,1e+09,1e+09,1e+09,0,0,0,0,0,15,3,5.4687e-06,0,0.130706,1.39921,328.577,1075.7,14976.2,-3.0096e+07,-1.0931,-0.972233,-0.234245,-0.0358871,-0.136417,-0.0171867
7.26771e-05,0,0,0,1e+09,1e+09,1e+09,0,0,0,0,0,15,3,5.4687e-06,0,0.130706,1.40974,320.471,1069.03,14956,-3.00063e+07,-1.09205,-0.972344,-0.233912,-0.0358856,-0.136483,-0.0172071
7.27357e-05,0,0,0,1e+09,1e+09,1e+09,0,0,0,0,0,15,3,5.4687e-06,0,0.130706,1.42026,313.477,1062.88,14935.2,-2.99159e+07,-1.091,-0.972454,-0.233568,-0.0358855,-0.136549,-0.0172274
7.27943e-05,0,0,0,1e+09,1e+09,1e+09,0,0,0,0,0,15,3,5.4687e-06,0,0.130706,1.43076,307.465,1057.87,14913.6,-2.98247e+07,-1.08996,-0.972561,-0.233214,-0.0358864,-0.136616,-0.0172478
7.2853e-05,0,0,0,1e+09,1e+09,1e+09,0,0,0,0,0,15,3,5.4687e-06,0,0.130706,1.44125,302.731,1054.51,14891.6,-2.97328e+07,-1.08892,-0.972666,-0.232853,-0.0358879,-0.136683,-0.0172681
7.29116e-05,0,0,0,1e+09,1e+09,1e+09,0,0,0,0,0,15,3,5.4687e-06,0,0.130706,1.45172,299.192,1052.37,14869.3,-2.96401e+07,-1.08788,-0.972765,-0.232488,-0.0358899,-0.13675,-0.0172884
7.29702e-05,0,0,0,1e+09,1e+09,1e+09,0,0,0,0,0,15,3,5.4687e-06,0,0.130706,1.46218,295.546,1050.23,14846.9,-2.95467e+07,-1.08685,-0.972855,-0.232125,-0.0358922,-0.136818,-0.0173088
7.30288e-05,0,0,0,1e+09,1e+09,1e+09,0,0,0,0,0,15,3,5.4687e-06,0,0.130706,1.47262,291.135,1047.5,14824.4,-2.94526e+07,-1.08581,-0.972937,-0.231763,-0.035895,-0.136886,-0.0173291
7.30874e-05,0,0,0,1e+09,1e+09,1e+09,0,0,0,0,0,15,3,5.4687e-06,0,0.130706,1.48304,286.981,1044.87,14801.9,-2.93583e+07,-1.08477,-0.973013,-0.231401,-0.0358981,-0.136954,-0.0173494
7.3146e-05,0,0,0,1e+09,1e+09,1e+09,0,0,0,0,0,15,3,5.4687e-06,0,0.130706,1.49345,284.124,1043.1,14779.4,-2.92642e+07,-1.08372,-0.973086,-0.231037,-0.0359018,-0.137023,-0.0173697
7.32046e-05,0,0,0,1e+09,1e+09,1e+09,0,0,0,0,0,15,3,5.4687e-06,0,0.130706,1.50384,282.438,1042.35,14756.8,-2.9171e+07,-1.08268,-0.973156,-0.23067,-0.0359057,-0.137092,-0.0173901
7.32632e-05,0,0,0,1e+09,1e+09,1e+09,0,0,0,0,0,15,3,5.4687e-06,0,0.130707,1.51422,281.029,1042.18,14734.1,-2.90796e+07,-1.08163,-0.973224,-0.230301,-0.0359094,-0.137162,-0.0174104
7.33218e-05,0,0,0,1e+09,1e+09,1e+09,0,0,0,0,0,15,3,5.4687e-06,0,0.130707,1.52458,279.551,1041.93,14711.2,-2.89907e+07,-1.08058,-0.973289,-0.229929,-0.0359128,-0.137232,-0.0174307
7.33805e-05,0,0,0,1e+09,1e+09,1e+09,0,0,0,0,0,15,3,5.4687e-06,0,0.130707,1.53492,278.27,1041.21,14688.1,-2.8905e+07,-1.07953,-0.973352,-0.229552,-0.0359158,-0.137302,-0.017451
7.34391e-05,0,0,0,1e+09,1e+09,1e+09,0,0,0,0,0,15,3,5.4687e-06,0,0.130707,1.54525,277.351,1039.85,14664.6,-2.88233e+07,-1.07848,-0.973416,-0.229168,-0.0359189,-0.137373,-0.0174713
7.34977e-05,0,0,0,1e+09,1e+09,1e+09,0,0,0,0,0,15,3,5.4687e-06,0,0.130707,1.55556,276.783,1037.78,14640.8,-2.87459e+07,-1.07742,-0.973483,-0.228777,-0.035922,-0.137444,-0.0174916
7.35563e-05,0,0,0,1e+09,1e+09,1e+09,0,0,0,0,0,15,3,5.4687e-06,0,0.130707,1.56585,276.455,1035.16,14616.7,-2.86733e+07,-1.07637,-0.973552,-0.228378,-0.035925,-0.137515,-0.0175119
7.36149e-05,0,0,0,1e+09,1e+09,1e+09,0,0,0,0,0,15,3,5.4687e-06,0,0.130707,1.57613,275.899,1032.19,14592.4,-2.86055e+07,-1.07531,-0.973618,-0.227974,-0.0359274,-0.137587,-0.0175321
7.36735e-05,0,0,0,1e+09,1e+09,1e+09,0,0,0,0,0,15,3,5.4687e-06,0,0.130707,1.58639,274.532,1030.41,14568.1,-2.85425e+07,-1.07425,-0.97368,-0.22757,-0.035929,-0.137659,-0.0175524
7.37321e-05,0,0,0,1e+09,1e+09,1e+09,0,0,0,0,0,15,3,5.4687e-06,0,0.130707,1.59663,272.152,1029.18,14543.9,-2.8484e+07,-1.07319,-0.97374,-0.227167,-0.0359303,-0.137732,-0.0175727
7.37907e-05,0,0,0,1e+09,1e+09,1e+09,0,0,0,0,0,15,3,5.4687e-06,0,0.130707,1.60686,269.311,1027.1,14519.6,-2.84297e+07,-1.07211,-0.973802,-0.226764,-0.0359315,-0.137805,-0.0175929
7.38493e-05,0,0,0,1e+09,1e+09,1e+09,0,0,0,0,0,15,3,5.4687e-06,0,0.130707,1.61707,266.957,1024.08,14495.3,-2.83792e+07,-1.07103,-0.973867,-0.226363,-0.0359328,-0.137878,-0.0176132
7.39079e-05,0,0,0,1e+09,1e+09,1e+09,0,0,0,0,0,15,3,5.4687e-06,0,0.130708,1.62726,265.976,1020.8,14471.4,-2.83321e+07,-1.06993,-0.973932,-0.225966,-0.0359341,-0.137951,-0.0176334
7.39666e-05,0,0,0,1e+09,1e+09,1e+09,0,0,0,0,0,15,3,5.4687e-06,0,0.130708,1.63743,267.221,1018.37,14448.1,-2.82882e+07,-1.06883,-0.973995,-0.225577,-0.0359356,-0.138025,-0.0176536
7.40252e-05,0,0,0,1e+09,1e+09,1e+09,0,0,0,0,0,15,3,5.4687e-06,0,0.130708,1.64759,268.781,1016.4,14425.2,-2.8247e+07,-1.0677,-0.974059,-0.225194,-0.0359371,-0.138099,-0.0176739
7.40838e-05,0,0,0,1e+09,1e+09,1e+09,0,0,0,0,0,15,3,5.4687e-06,0,0.130708,1.65773,270.008,1014.51,14402.5,-2.82084e+07,-1.06657,-0.974125,-0.224816,-0.0359386,-0.138174,-0.0176941
7.41424e-05,0,0,0,1e+09,1e+09,1e+09,0,0,0,0,0,15,3,5.4687e-06,0,0.130708,1.66786,270.654,1012.46,14380,-2.81721e+07,-1.06542,-0.97419,-0.224444,-0.0359401,-0.138249,-0.0177143
7.4201e-05,0,0,0,1e+09,1e+09,1e+09,0,0,0,0,0,15,3,5.4687e-06,0,0.130708,1.67797,270.761,1010.54,14357.7,-2.8138e+07,-1.06427,-0.974253,-0.224078,-0.0359414,-0.138324,-0.0177345
7.42596e-05,0,0,0,1e+09,1e+09,1e+09,0,0,0,0,0,15,3,5.4687e-06,0,0.130708,1.68807,270.541,1009.23,14335.7,-2.81059e+07,-1.0631,-0.974317,-0.223715,-0.0359424,-0.1384,-0.0177546
7.43182e-05,0,0,0,1e+09,1e+09,1e+09,0,0,0,0,0,15,3,5.4687e-06,0,0.130708,1.69814,270.477,1008.39,14313.8,-2.80757e+07,-1.06192,-0.974383,-0.223355,-0.035943,-0.138476,-0.0177748
7.43768e-05,0,0,0,1e+09,1e+09,1e+09,0,0,0,0,0,15,3,5.4687e-06,0,0.130708,1.70821,269.713,1007.66,14292.1,-2.80472e+07,-1.06073,-0.974451,-0.222998,-0.0359428,-0.138552,-0.0177949
7.44354e-05,0,0,0,1e+09,1e+09,1e+09,0,0,0,0,0,15,3,5.4687e-06,0,0.130708,1.71826,266.993,1006.65,14270.6,-2.80204e+07,-1.05953,-0.974519,-0.222644,-0.0359415,-0.138629,-0.0178151
7.44941e-05,0,0,0,1e+09,1e+09,1e+09,0,0,0,0,0,15,3,5.4687e-06,0,0.130709,1.72829,262.765,1004.5,14248.9,-2.79951e+07,-1.05832,-0.97459,-0.222289,-0.0359392,-0.138706,-0.0178352
7.45527e-05,0,0,0,1e+09,1e+09,1e+09,0,0,0,0,0,15,3,5.4687e-06,0,0.130709,1.73831,257.484,1000.67,14226.8,-2.79711e+07,-1.0571,-0.974668,-0.221929,-0.0359364,-0.138783,-0.0178553
7.46113e-05,0,0,0,1e+09,1e+09,1e+09,0,0,0,0,0,15,3,5.4687e-06,0,0.130709,1.74831,251.254,995.404,14204.2,-2.79484e+07,-1.05588,-0.974751,-0.221562,-0.0359331,-0.138861,-0.0178754
7.46699e-05,0,0,0,1e+09,1e+09,1e+09,0,0,0,0,0,15,3,5.4687e-06,0,0.130709,1.7583,244.412,989.472,14181.5,-2.79269e+07,-1.05466,-0.974834,-0.221192,-0.0359293,-0.138939,-0.0178955
7.47285e-05,0,0,0,1e+09,1e+09,1e+09,0,0,0,0,0,15,3,5.4687e-06,0,0.130709,1.76827,237.445,983.201,14158.7,-2.79064e+07,-1.05342,-0.974917,-0.220821,-0.0359249,-0.139017,-0.0179156
7.47871e-05,0,0,0,1e+09,1e+09,1e+09,0,0,0,0,0,15,3,5.4687e-06,0,0.130709,1.77823,230.625,976.289,14135.9,-2.78867e+07,-1.05219,-0.975002,-0.220449,-0.0359199,-0.139096,-0.0179356
7.48457e-05,0,0,0,1e+09,1e+09,1e+09,0,0,0,0,0,15,3,5.4687e-06,0,0.130709,1.78817,223.753,968.419,14113,-2.78677e+07,-1.05094,-0.975087,-0.220079,-0.0359146,-0.139175,-0.0179557
7.49043e-05,0,0,0,1e+09,1e+09,1e+09,0,0,0,0,0,15,3,5.4687e-06,0,0.130709,1.79809,216.888,959.68,14090.1,-2.78491e+07,-1.04968,-0.975172,-0.219712,-0.0359097,-0.139254,-0.0179757
7.49629e-05,0,0,0,1e+09,1e+09,1e+09,0,0,0,0,0,15,3,5.4687e-06,0,0.130709,1.80799,210.435,950.549,14067.3,-2.78304e+07,-1.04842,-0.975255,-0.219349,-0.0359054,-0.139334,-0.0179957
7.50215e-05,0,0,0,1e+09,1e+09,1e+09,0,0,0,0,0,15,3,5.4687e-06,0,0.130709,1.81789,205.117,943.541,14044.7,-2.78113e+07,-1.04715,-0.975338,-0.21899,-0.0359018,-0.139414,-0.0180157
7.50802e-05,0,0,0,1e+09,1e+09,1e+09,0,0,0,0,0,15,3,5.4687e-06,0,0.13071,1.82776,200.259,937.118,14022,-2.77915e+07,-1.04586,-0.975423,-0.218633,-0.0358988,-0.139494,-0.0180357
7.51388e-05,0,0,0,1e+09,1e+09,1e+09,0,0,0,0,0,15,3,5.4687e-06,0,0.13071,1.83762,195.724,931.154,13999.4,-2.77705e+07,-1.04457,-0.975511,-0.218279,-0.035896,-0.139575,-0.0180557
7.51974e-05,0,0,0,1e+09,1e+09,1e+09,0,0,0,0,0,15,3,5.4687e-06,0,0.13071,1.84746,191.776,924.876,13977.1,-2.77479e+07,-1.04326,-0.975597,-0.217929,-0.0358934,-0.139656,-0.0180757
7.5256e-05,0,0,0,1e+09,1e+09,1e+09,0,0,0,0,0,15,3,5.4687e-06,0,0.13071,1.85729,187.502,917.116,13955.2,-2.77237e+07,-1.04195,-0.975681,-0.217583,-0.0358912,-0.139737,-0.0180956
7.53146e-05,0,0,0,1e+09,1e+09,1e+09,0,0,0,0,0,15,3,5.4687e-06,0,0.13071,1.8671,183.253,909.296,13933.4,-2.76976e+07,-1.04063,-0.975768,-0.217239,-0.0358897,-0.139818,-0.0181156
7.53732e-05,0,0,0,1e+09,1e+09,1e+09,0,0,0,0,0,15,3,5.4687e-06,0,0.13071,1.8769,179.311,901.586,13911.2,-2.76699e+07,-1.0393,-0.975862,-0.21689,-0.0358885,-0.1399,-0.0181355
7.54318e-05,0,0,0,1e+09,1e+09,1e+09,0,0,0,0,0,15,3,5.4687e-06,0,0.13071,1.88668,175.993,894.106,13888.6,-2.76408e+07,-1.03796,-0.97597,-0.216533,-0.0358876,-0.139983,-0.0181554
7.54904e-05,0,0,0,1e+09,1e+09,1e+09,0,0,0,0,0,15,3,5.4687e-06,0,0.13071,1.89644,173.344,886.662,13865.5,-2.7611e+07,-1.03661,-0.97609,-0.216168,-0.0358871,-0.140065,-0.0181753
7.5549e-05,0,0,0,1e+09,1e+09,1e+09,0,0,0,0,0,15,3,5.4687e-06,0,0.13071,1.90619,171.249,879.066,13841.8,-2.7581e+07,-1.03525,-0.976215,-0.215794,-0.0358869,-0.140148,-0.0181952
7.56077e-05,0,0,0,1e+09,1e+09,1e+09,0,0,0,0,0,15,3,5.4687e-06,0,0.130711,1.91592,169.617,871.43,13817.6,-2.75517e+07,-1.0339,-0.976345,-0.215411,-0.0358867,-0.140231,-0.0182151
7.56663e-05,0,0,0,1e+09,1e+09,1e+09,0,0,0,0,0,15,3,5.4687e-06,0,0.130711,1.92564,168.284,864.031,13792.7,-2.75239e+07,-1.03255,-0.976483,-0.215018,-0.0358865,-0.140315,-0.0182349
7.57249e-05,0,0,0,1e+09,1e+09,1e+09,0,0,0,0,0,15,3,5.4687e-06,0,0.130711,1.93533,167.01,856.73,13767.2,-2.74982e+07,-1.03119,-0.976632,-0.214614,-0.0358863,-0.140398,-0.0182548
7.57835e-05,0,0,0,1e+09,1e+09,1e+09,0,0,0,0,0,15,3,5.4687e-06,0,0.130711,1.94501,165.74,849.172,13741,-2.74749e+07,-1.02982,-0.97679,-0.214198,-0.0358858,-0.140482,-0.0182746
7.58421e-05,0,0,0,1e+09,1e+09,1e+09,0,0,0,0,0,15,3,5.4687e-06,0,0.130711,1.95467,164.363,841.207,13713.9,-2.74543e+07,-1.02846,-0.976954,-0.213769,-0.0358849,-0.140566,-0.0182944
7.59007e-05,0,0,0,1e+09,1e+09,1e+09,0,0,0,0,0,15,3,5.4687e-06,0,0.130711,1.96431,162.584,832.974,13686,-2.7436e+07,-1.02711,-0.977125,-0.213326,-0.0358837,-0.140651,-0.0183143
7.59593e-05,0,0,0,1e+09,1e+09,1e+09,0,0,0,0,0,15,3,5.4687e-06,0,0.130711,1.97393,160.12,824.667,13657.4,-2.74193e+07,-1.02575,-0.977302,-0.212871,-0.0358824,-0.140735,-0.0183341
7.60179e-05,0,0,0,1e+09,1e+09,1e+09,0,0,0,0,0,15,3,5.4687e-06,0,0.130711,1.98353,157.092,816.538,13628.3,-2.74035e+07,-1.02439,-0.977484,-0.212408,-0.0358809,-0.14082,-0.0183538
7.60765e-05,0,0,0,1e+09,1e+09,1e+09,0,0,0,0,0,15,3,5.4687e-06,0,0.130711,1.99311,153.778,808.787,13598.8,-2.73873e+07,-1.02303,-0.977673,-0.211939,-0.035879,-0.140905,-0.0183736
7.61351e-05,0,0,0,1e+09,1e+09,1e+09,0,0,0,0,0,15,3,5.4687e-06,0,0.130712,2.00267,150.249,801.483,13569.1,-2.73697e+07,-1.02166,-0.977868,-0.211467,-0.035877,-0.140991,-0.0183934
7.61938e-05,0,0,0,1e+09,1e+09,1e+09,0,0,0,0,0,15,3,5.4687e-06,0,0.130712,2.0122,146.416,794.637,13539.2,-2.73495e+07,-1.02029,-0.978068,-0.210992,-0.0358752,-0.141077,-0.0184131
7.62524e-05,0,0,0,1e+09,1e+09,1e+09,0,0,0,0,0,15,3,5.4687e-06,0,0.130712,2.02172,142.262,788.29,13509,-2.73259e+07,-1.01891,-0.978272,-0.210512,-0.0358739,-0.141163,-0.0184329
7.6311e-05,0,0,0,1e+09,1e+09,1e+09,0,0,0,0,0,15,3,5.4687e-06,0,0.130712,2.03121,137.892,782.493,13478.5,-2.72981e+07,-1.01753,-0.978478,-0.21003,-0.0358732,-0.141249,-0.0184526
7.63696e-05,0,0,0,1e+09,1e+09,1e+09,0,0,0,0,0,15,3,5.4687e-06,0,0.130712,2.04069,133.44,777.26,13448.2,-2.72659e+07,-1.01614,-0.978683,-0.20955,-0.0358731,-0.141335,-0.0184723
7.64282e-05,0,0,0,1e+09,1e+09,1e+09,0,0,0,0,0,15,3,5.4687e-06,0,0.130712,2.05014,128.949,772.55,13418.2,-2.72293e+07,-1.01475,-0.978884,-0.209078,-0.0358733,-0.141422,-0.018492
7.64868e-05,0,0,0,1e+09,1e+09,1e+09,0,0,0,0,0,15,3,5.4687e-06,0,0.130712,2.05957,124.355,768.29,13388.5,-2.71885e+07,-1.01334,-0.979083,-0.208612,-0.0358735,-0.141508,-0.0185117
7.65454e-05,0,0,0,1e+09,1e+09,1e+09,0,0,0,0,0,15,3,5.4687e-06,0,0.130712,2.06898,119.51,764.387,13358.9,-2.71438e+07,-1.01193,-0.979283,-0.208148,-0.0358739,-0.141595,-0.0185314
7.6604e-05,0,0,0,1e+09,1e+09,1e+09,0,0,0,0,0,15,3,5.4687e-06,0,0.130713,2.07837,114.311,760.62,13329.5,-2.70959e+07,-1.01051,-0.979485,-0.207685,-0.0358744,-0.141682,-0.0185511
7.66626e-05,0,0,0,1e+09,1e+09,1e+09,0,0,0,0,0,15,3,5.4687e-06,0,0.130713,2.08774,108.749,756.594,13300.1,-2.70452e+07,-1.00909,-0.979686,-0.207226,-0.0358753,-0.141769,-0.0185707
7.67213e-05,0,0,0,1e+09,1e+09,1e+09,0,0,0,0,0,15,3,5.4687e-06,0,0.130713,2.09709,102.849,752.005,13271.2,-2.69919e+07,-1.00767,-0.979879,-0.206773,-0.0358766,-0.141856,-0.0185904
7.67799e-05,0,0,0,1e+09,1e+09,1e+09,0,0,0,0,0,15,3,5.4687e-06,0,0.130713,2.10642,96.6345,746.844,13242.6,-2.69365e+07,-1.00624,-0.980061,-0.206329,-0.035878,-0.141944,-0.01861
7.68385e-05,0,0,0,1e+09,1e+09,1e+09,0,0,0,0,0,15,3,5.4687e-06,0,0.130713,2.11573,90.0651,741.322,13214.5,-2.6879e+07,-1.00481,-0.980235,-0.205891,-0.0358794,-0.142031,-0.0186296
7.68971e-05,0,0,0,1e+09,1e+09,1e+09,0,0,0,0,0,15,3,5.4687e-06,0,0.130713,2.12501,83.0501,735.685,13186.5,-2.68196e+07,-1.00338,-0.980405,-0.205454,-0.0358807,-0.142119,-0.0186492
7.69557e-05,0,0,0,1e+09,1e+09,1e+09,0,0,0,0,0,15,3,5.4687e-06,0,0.130713,2.13428,75.4108,730.172,13158.3,-2.6758e+07,-1.00196,-0.980573,-0.205015,-0.0358818,-0.142207,-0.0186688
7.70143e-05,0,0,0,1e+09,1e+09,1e+09,0,0,0,0,0,15,3,5.4687e-06,0,0.130713,2.14353,67.1266,724.99,13130,-2.66944e+07,-1.00053,-0.980741,-0.204573,-0.0358829,-0.142296,-0.0186883
7.70729e-05,0,0,0,1e+09,1e+09,1e+09,0,0,0,0,0,15,3,5.4687e-06,0,0.130714,2.15276,58.4709,720.275,13101.6,-2.66287e+07,-0.999102,-0.980902,-0.204131,-0.0358841,-0.142384,-0.0187079
7.71315e-05,0,0,0,1e+09,1e+09,1e+09,0,0,0,0,0,15,3,5.4687e-06,0,0.130714,2.16197,49.8104,716.108,13073.3,-2.6561e+07,-0.997681,-0.981052,-0.203691,-0.0358852,-0.142473,-0.0187274
7.71901e-05,0,0,0,1e+09,1e+09,1e+09,0,0,0,0,0,15,3,5.4687e-06,0,0.130714,2.17116,44.0447,711.646,13045.4,-2.64917e+07,-0.996266,-0.981193,-0.203253,-0.0358862,-0.142562,-0.0187469
7.72487e-05,0,0,0,1e+09,1e+09,1e+09,0,0,0,0,0,15,3,5.4687e-06,0,0.130714,2.18033,41.0892,706.986,13017.7,-2.64211e+07,-0.994857,-0.981328,-0.202812,-0.0358867,-0.14265,-0.0187664
7.73074e-05,0,0,0,1e+09,1e+09,1e+09,0,0,0,0,0,15,3,5.4687e-06,0,0.130714,2.18948,38.0974,703.019,12989.9,-2.63498e+07,-0.99345,-0.981457,-0.202369,-0.035887,-0.14274,-0.0187858
7.7366e-05,0,0,0,1e+09,1e+09,1e+09,0,0,0,0,0,15,3,5.4687e-06,0,0.130714,2.19861,35.146,699.425,12962.1,-2.62784e+07,-0.992046,-0.98158,-0.201927,-0.0358868,-0.142829,-0.0188053
7.74246e-05,0,0,0,1e+09,1e+09,1e+09,0,0,0,0,0,15,3,5.4687e-06,0,0.130714,2.20772,32.221,695.587,12934.3,-2.62076e+07,-0.990645,-0.981698,-0.201486,-0.035886,-0.142918,-0.0188247
7.74832e-05,0,0,0,1e+09,1e+09,1e+09,0,0,0,0,0,15,3,5.4687e-06,0,0.130714,2.21681,29.1651,691.225,12906.3,-2.6138e+07,-0.989249,-0.981809,-0.201042,-0.0358847,-0.143008,-0.0188441
7.75418e-05,0,0,0,1e+09,1e+09,1e+09,0,0,0,0,0,15,3,5.4687e-06,0,0.130715,2.22588,25.9972,686.582,12878.1,-2.60699e+07,-0.987858,-0.981916,-0.200595,-0.0358826,-0.143098,-0.0188634
7.76004e-05,0,0,0,1e+09,1e+09,1e+09,0,0,0,0,0,15,3,5.4687e-06,0,0.130715,2.23493,22.9779,681.907,12849.9,-2.60039e+07,-0.986468,-0.98202,-0.200147,-0.0358801,-0.143188,-0.0188828
7.7659e-05,0,0,0,1e+09,1e+09,1e+09,0,0,0,0,0,15,3,5.4687e-06,0,0.130715,2.24396,20.5865,677.086,12821.6,-2.59402e+07,-0.985075,-0.982126,-0.199699,-0.0358776,-0.143278,-0.0189021
7.77176e-05,0,0,0,1e+09,1e+09,1e+09,0,0,0,0,0,15,3,5.4687e-06,0,0.130715,2.25297,19.2409,671.923,12793.4,-2.58789e+07,-0.983669,-0.982244,-0.199252,-0.0358753,-0.143369,-0.0189214
7.77762e-05,0,0,0,1e+09,1e+09,1e+09,0,0,0,0,0,15,3,5.4687e-06,0,0.130715,2.26196,19.1346,666.329,12765.2,-2.58199e+07,-0.982277,-0.982341,-0.198805,-0.0358728,-0.14346,-0.0189406
7.78349e-05,0,0,0,1e+09,1e+09,1e+09,0,0,0,0,0,15,3,5.4687e-06,0,0.130715,2.27093,20.0754,660.122,12736.8,-2.57633e+07,-0.980931,-0.98239,-0.198355,-0.0358698,-0.143551,-0.0189598
7.78935e-05,0,0,0,1e+09,1e+09,1e+09,0,0,0,0,0,15,3,5.4687e-06,0,0.130715,2.27988,21.3053,653.164,12708.1,-2.5709e+07,-0.979598,-0.982429,-0.197902,-0.0358666,-0.143642,-0.018979
7.79521e-05,0,0,0,1e+09,1e+09,1e+09,0,0,0,0,0,15,3,5.4687e-06,0,0.130715,2.28882,22.1689,645.626,12679.4,-2.56566e+07,-0.978235,-0.982494,-0.197446,-0.035863,-0.143734,-0.0189982
7.80107e-05,0,0,0,1e+09,1e+09,1e+09,0,0,0,0,0,15,3,5.4687e-06,0,0.130716,2.29773,22.7852,637.799,12650.7,-2.5606e+07,-0.976859,-0.982569,-0.19699,-0.0358591,-0.143825,-0.0190173
7.80693e-05,0,0,0,1e+09,1e+09,1e+09,0,0,0,0,0,15,3,5.4687e-06,0,0.130716,2.30662,23.4324,629.709,12622.5,-2.55568e+07,-0.975499,-0.98262,-0.196539,-0.035855,-0.143917,-0.0190364
7.81279e-05,0,0,0,1e+09,1e+09,1e+09,0,0,0,0,0,15,3,5.4687e-06,0,0.130716,2.31549,24.0233,621.229,12594.7,-2.55085e+07,-0.974144,-0.982657,-0.196095,-0.0358511,-0.144009,-0.0190554
7.81865e-05,0,0,0,1e+09,1e+09,1e+09,0,0,0,0,0,15,3,5.4687e-06,0,0.130716,2.32434,24.3487,613.007,12567,-2.54607e+07,-0.972763,-0.982713,-0.195654,-0.0358475,-0.144101,-0.0190745
7.82451e-05,0,0,0,1e+09,1e+09,1e+09,0,0,0,0,0,15,3,5.4687e-06,0,0.130716,2.33317,24.0436,606.011,12539.4,-2.54126e+07,-0.971353,-0.982791,-0.195216,-0.0358441,-0.144193,-0.0190934
7.83037e-05,0,0,0,1e+09,1e+09,1e+09,0,0,0,0,0,15,3,5.4687e-06,0,0.130716,2.34199,22.3978,600.045,12512.1,-2.53637e+07,-0.969924,-0.982882,-0.194781,-0.03584,-0.144285,-0.0191124
7.83624e-05,0,0,0,1e+09,1e+09,1e+09,0,0,0,0,0,15,3,5.4687e-06,0,0.130716,2.35078,19.2068,594.537,12485.1,-2.53131e+07,-0.968485,-0.982974,-0.194352,-0.0358344,-0.144378,-0.0191313
7.8421e-05,0,0,0,1e+09,1e+09,1e+09,0,0,0,0,0,15,3,5.4687e-06,0,0.130717,2.35955,15.4729,589.31,12458.1,-2.52602e+07,-0.967055,-0.983056,-0.193922,-0.0358275,-0.14447,-0.0191501
7.84796e-05,0,0,0,1e+09,1e+09,1e+09,0,0,0,0,0,15,3,5.4687e-06,0,0.130717,2.36831,12.7692,583.993,12430.8,-2.52043e+07,-0.96564,-0.983126,-0.193486,-0.0358211,-0.144563,-0.0191689
7.85382e-05,0,0,0,1e+09,1e+09,1e+09,0,0,0,0,0,15,3,5.4687e-06,0,0.130717,2.37705,11.8186,577.487,12402.8,-2.51448e+07,-0.96423,-0.983197,-0.193042,-0.035817,-0.144656,-0.0191877
7.85968e-05,0,0,0,1e+09,1e+09,1e+09,0,0,0,0,0,15,3,5.4687e-06,0,0.130717,2.38576,11.352,568.877,12374.4,-2.50813e+07,-0.962821,-0.983268,-0.192593,-0.0358146,-0.144748,-0.0192064
7.86554e-05,0,0,0,1e+09,1e+09,1e+09,0,0,0,0,0,15,3,5.4687e-06,0,0.130717,2.39446,10.1086,558.238,12345.8,-2.50137e+07,-0.961424,-0.983329,-0.192141,-0.0358122,-0.144841,-0.0192251
7.8714e-05,0,0,0,1e+09,1e+09,1e+09,0,0,0,0,0,15,3,5.4687e-06,0,0.130717,2.40314,8.66499,547.64,12317.4,-2.4942e+07,-0.960037,-0.983373,-0.191694,-0.0358097,-0.144934,-0.0192438
7.87726e-05,0,0,0,1e+09,1e+09,1e+09,0,0,0,0,0,15,3,5.4687e-06,0,0.130717,2.4118,6.64288,537.55,12289.3,-2.48666e+07,-0.95865,-0.98341,-0.191252,-0.0358073,-0.145027,-0.0192623
7.88312e-05,0,0,0,1e+09,1e+09,1e+09,0,0,0,0,0,15,3,5.4687e-06,0,0.130718,2.42043,2.54352,527.254,12260.9,-2.47882e+07,-0.957263,-0.983448,-0.190806,-0.0358041,-0.14512,-0.0192809
7.88898e-05,0,0,0,1e+09,1e+09,1e+09,0,0,0,0,0,15,3,5.4687e-06,0,0.130718,2.42905,-2.95521,516.786,12232,-2.47075e+07,-0.955875,-0.983493,-0.190353,-0.0358002,-0.145214,-0.0192994
7.89485e-05,0,0,0,1e+09,1e+09,1e+09,0,0,0,0,0,15,3,5.4687e-06,0,0.130718,2.43764,-7.96401,507.167,12202.8,-2.46254e+07,-0.95448,-0.983545,-0.189896,-0.0357966,-0.145307,-0.0193178
7.90071e-05,0,0,0,1e+09,1e+09,1e+09,0,0,0,0,0,15,3,5.4687e-06,0,0.130718,2.44622,-11.8383,499.082,12173.8,-2.45429e+07,-0.953075,-0.983605,-0.189441,-0.0357932,-0.145401,-0.0193362
7.90657e-05,0,0,0,1e+09,1e+09,1e+09,0,0,0,0,0,15,3,5.4687e-06,0,0.130718,2.45477,-15.0977,492.866,12144.7,-2.44608e+07,-0.951662,-0.983671,-0.188986,-0.0357883,-0.145494,-0.0193546
7.91243e-05,0,0,0,1e+09,1e+09,1e+09,0,0,0,0,0,15,3,5.4687e-06,0,0.130718,2.46331,-18.5763,489.625,12115.6,-2.43796e+07,-0.950248,-0.983739,-0.188528,-0.0357823,-0.145588,-0.0193729
7.91829e-05,0,0,0,1e+09,1e+09,1e+09,0,0,0,0,0,15,3,5.4687e-06,0,0.130718,2.47182,-22.3988,489.447,12086.6,-2.42998e+07,-0.948832,-0.983806,-0.188071,-0.0357767,-0.145682,-0.0193911
7.92415e-05,0,0,0,1e+09,1e+09,1e+09,0,0,0,0,0,15,3,5.4687e-06,0,0.130719,2.48032,-25.4406,490.003,12057.3,-2.42215e+07,-0.947413,-0.98388,-0.187609,-0.0357723,-0.145776,-0.0194093
7.93001e-05,0,0,0,1e+09,1e+09,1e+09,0,0,0,0,0,15,3,5.4687e-06,0,0.130719,2.48879,-27.8413,490.43,12027.4,-2.41448e+07,-0.945988,-0.983968,-0.187137,-0.0357683,-0.14587,-0.0194275
7.93587e-05,0,0,0,1e+09,1e+09,1e+09,0,0,0,0,0,15,3,5.4687e-06,0,0.130719,2.49724,-30.0852,490.675,11997.1,-2.40692e+07,-0.944555,-0.984065,-0.186662,-0.0357637,-0.145964,-0.0194456
7.94173e-05,0,0,0,1e+09,1e+09,1e+09,0,0,0,0,0,15,3,5.4687e-06,0,0.130719,2.50567,-32.7969,490.892,11967,-2.39945e+07,-0.943116,-0.984164,-0.186189,-0.0357582,-0.146059,-0.0194636
7.9476e-05,0,0,0,1e+09,1e+09,1e+09,0,0,0,0,0,15,3,5.4687e-06,0,0.130719,2.51408,-36.3746,490.602,11937,-2.39198e+07,-0.941672,-0.984265,-0.185718,-0.0357522,-0.146154,-0.0194816
7.95346e-05,0,0,0,1e+09,1e+09,1e+09,0,0,0,0,0,15,3,5.4687e-06,0,0.130719,2.52247,-40.6694,488.802,11906.6,-2.38448e+07,-0.940223,-0.984374,-0.185242,-0.0357464,-0.146249,-0.0194996
7.95932e-05,0,0,0,1e+09,1e+09,1e+09,0,0,0,0,0,15,3,5.4687e-06,0,0.130719,2.53083,-45.2797,485.48,11875.7,-2.37688e+07,-0.938774,-0.98449,-0.184758,-0.0357404,-0.146344,-0.0195175
7.96518e-05,0,0,0,1e+09,1e+09,1e+09,0,0,0,0,0,15,3,5.4687e-06,0,0.13072,2.53918,-49.3746,481.205,11844.6,-2.36916e+07,-0.937327,-0.984606,-0.184269,-0.035734,-0.146439,-0.0195353
7.97104e-05,0,0,0,1e+09,1e+09,1e+09,0,0,0,0,0,15,3,5.4687e-06,0,0.13072,2.5475,-52.1835,476.068,11813.8,-2.36131e+07,-0.935887,-0.98471,-0.183784,-0.0357273,-0.146534,-0.0195531
7.9769e-05,0,0,0,1e+09,1e+09,1e+09,0,0,0,0,0,15,3,5.4687e-06,0,0.13072,2.5558,-53.7773,470.244,11783.7,-2.35335e+07,-0.934452,-0.984798,-0.183309,-0.0357209,-0.146629,-0.0195708
7.98276e-05,0,0,0,1e+09,1e+09,1e+09,0,0,0,0,0,15,3,5.4687e-06,0,0.13072,2.56408,-54.6674,463.962,11754.1,-2.34531e+07,-0.933017,-0.984876,-0.182842,-0.0357147,-0.146724,-0.0195885
7.98862e-05,0,0,0,1e+09,1e+09,1e+09,0,0,0,0,0,15,3,5.4687e-06,0,0.13072,2.57234,-55.1408,457.657,11724.7,-2.33724e+07,-0.931573,-0.984959,-0.182377,-0.0357082,-0.146819,-0.0196062
7.99448e-05,0,0,0,1e+09,1e+09,1e+09,0,0,0,0,0,15,3,5.4687e-06,0,0.13072,2.58058,-55.242,451.876,11694.8,-2.32921e+07,-0.930115,-0.985063,-0.181906,-0.0357012,-0.146915,-0.0196238
8.00034e-05,0,0,0,1e+09,1e+09,1e+09,0,0,0,0,0,15,3,5.4687e-06,0,0.13072,2.5888,-54.9671,446.551,11664.3,-2.32128e+07,-0.928644,-0.985192,-0.18142,-0.0356933,-0.14701,-0.0196413
8.00621e-05,0,0,0,1e+09,1e+09,1e+09,0,0,0,0,0,15,3,5.4687e-06,0,0.130721,2.59699,-54.305,441.042,11633.1,-2.3135e+07,-0.927165,-0.985339,-0.180924,-0.0356841,-0.147105,-0.0196588
8.01207e-05,0,0,0,1e+09,1e+09,1e+09,0,0,0,0,0,15,3,5.4687e-06,0,0.130721,2.60517,-53.0424,435.011,11602.1,-2.30588e+07,-0.925683,-0.985486,-0.180429,-0.0356733,-0.147201,-0.0196763
8.01793e-05,0,0,0,1e+09,1e+09,1e+09,0,0,0,0,0,15,3,5.4687e-06,0,0.130721,2.61332,-51.2764,427.975,11571.7,-2.29844e+07,-0.924202,-0.985624,-0.179941,-0.0356612,-0.147296,-0.0196937
8.02379e-05,0,0,0,1e+09,1e+09,1e+09,0,0,0,0,0,15,3,5.4687e-06,0,0.130721,2.62145,-49.5049,419.723,11541.7,-2.29115e+07,-0.922724,-0.985755,-0.179458,-0.0356482,-0.147392,-0.019711
8.02965e-05,0,0,0,1e+09,1e+09,1e+09,0,0,0,0,0,15,3,5.4687e-06,0,0.130721,2.62956,-48.1284,410.368,11511.5,-2.28397e+07,-0.921247,-0.985885,-0.178972,-0.0356351,-0.147487,-0.0197283
8.03551e-05,0,0,0,1e+09,1e+09,1e+09,0,0,0,0,0,15,3,5.4687e-06,0,0.130721,2.63765,-47.2472,400.213,11481.3,-2.27681e+07,-0.919768,-0.98602,-0.178483,-0.0356222,-0.147583,-0.0197456
8.04137e-05,0,0,0,1e+09,1e+09,1e+09,0,0,0,0,0,15,3,5.4687e-06,0,0.130722,2.64572,-47.0721,389.342,11451.3,-2.26959e+07,-0.918282,-0.98616,-0.177996,-0.0356091,-0.147679,-0.0197628
8.04723e-05,0,0,0,1e+09,1e+09,1e+09,0,0,0,0,0,15,3,5.4687e-06,0,0.130722,2.65377,-47.5745,377.317,11422,-2.26225e+07,-0.91679,-0.986299,-0.177515,-0.0355959,-0.147774,-0.0197799
8.05309e-05,0,0,0,1e+09,1e+09,1e+09,0,0,0,0,0,15,3,5.4687e-06,0,0.130722,2.66179,-47.9586,364.108,11393.3,-2.25471e+07,-0.915296,-0.986429,-0.177045,-0.0355837,-0.14787,-0.0197971
8.05896e-05,0,0,0,1e+09,1e+09,1e+09,0,0,0,0,0,15,3,5.4687e-06,0,0.130722,2.6698,-47.2043,350.518,11364.9,-2.24692e+07,-0.913804,-0.986549,-0.176583,-0.0355735,-0.147966,-0.0198141
8.06482e-05,0,0,0,1e+09,1e+09,1e+09,0,0,0,0,0,15,3,5.4687e-06,0,0.130722,2.67779,-45.0472,337.608,11336.3,-2.23886e+07,-0.912316,-0.986665,-0.176123,-0.0355647,-0.148062,-0.0198311
8.07068e-05,0,0,0,1e+09,1e+09,1e+09,0,0,0,0,0,15,3,5.4687e-06,0,0.130722,2.68575,-42.4462,325.792,11307.1,-2.23054e+07,-0.91083,-0.986786,-0.175654,-0.0355562,-0.148158,-0.0198481
8.07654e-05,0,0,0,1e+09,1e+09,1e+09,0,0,0,0,0,15,3,5.4687e-06,0,0.130723,2.6937,-40.8752,315.148,11277.1,-2.22199e+07,-0.909348,-0.986915,-0.175173,-0.0355478,-0.148254,-0.019865
8.0824e-05,0,0,0,1e+09,1e+09,1e+09,0,0,0,0,0,15,3,5.4687e-06,0,0.130723,2.70162,-41.4738,305.841,11246.5,-2.21327e+07,-0.90787,-0.987049,-0.174684,-0.0355393,-0.14835,-0.0198819
8.08826e-05,0,0,0,1e+09,1e+09,1e+09,0,0,0,0,0,15,3,5.4687e-06,0,0.130723,2.70952,-44.4845,298.096,11215.3,-2.20444e+07,-0.906396,-0.987186,-0.174188,-0.0355306,-0.148446,-0.0198987
8.09412e-05,0,0,0,1e+09,1e+09,1e+09,0,0,0,0,0,15,3,5.4687e-06,0,0.130723,2.7174,-49.0441,292.234,11183.7,-2.19559e+07,-0.904926,-0.987321,-0.173689,-0.0355216,-0.148542,-0.0199155
8.09998e-05,0,0,0,1e+09,1e+09,1e+09,0,0,0,0,0,15,3,5.4687e-06,0,0.130723,2.72526,-53.4518,288.197,11152,-2.18678e+07,-0.903459,-0.987453,-0.173191,-0.0355127,-0.148638,-0.0199323
8.10584e-05,0,0,0,1e+09,1e+09,1e+09,0,0,0,0,0,15,3,5.4687e-06,0,0.130723,2.7331,-56.2813,284.837,11120.4,-2.17808e+07,-0.901994,-0.987578,-0.172696,-0.0355042,-0.148734,-0.019949
8.1117e-05,0,0,0,1e+09,1e+09,1e+09,0,0,0,0,0,15,3,5.4687e-06,0,0.130723,2.74091,-57.3774,280.72,11089.1,-2.16954e+07,-0.900536,-0.987697,-0.172203,-0.0354962,-0.148831,-0.0199656
8.11757e-05,0,0,0,1e+09,1e+09,1e+09,0,0,0,0,0,15,3,5.4687e-06,0,0.130724,2.7487,-57.8798,275.591,11057.8,-2.16119e+07,-0.899083,-0.987808,-0.171712,-0.0354884,-0.148927,-0.0199822
8.12343e-05,0,0,0,1e+09,1e+09,1e+09,0,0,0,0,0,15,3,5.4687e-06,0,0.130724,2.75647,-59.2417,270.24,11026.8,-2.15303e+07,-0.897632,-0.987912,-0.171226,-0.0354808,-0.149024,-0.0199987
8.12929e-05,0,0,0,1e+09,1e+09,1e+09,0,0,0,0,0,15,3,5.4687e-06,0,0.130724,2.76422,-62.6022,265.153,10996,-2.14509e+07,-0.896182,-0.98801,-0.170744,-0.0354735,-0.149121,-0.0200153
8.13515e-05,0,0,0,1e+09,1e+09,1e+09,0,0,0,0,0,15,3,5.4687e-06,0,0.130724,2.77195,-68.1188,260.044,10965.5,-2.13734e+07,-0.894733,-0.988105,-0.170263,-0.0354667,-0.149217,-0.0200317
8.14101e-05,0,0,0,1e+09,1e+09,1e+09,0,0,0,0,0,15,3,5.4687e-06,0,0.130724,2.77965,-74.6253,254.425,10934.8,-2.12979e+07,-0.893289,-0.988199,-0.169777,-0.0354602,-0.149314,-0.0200481
8.14687e-05,0,0,0,1e+09,1e+09,1e+09,0,0,0,0,0,15,3,5.4687e-06,0,0.130724,2.78733,-80.0111,248.069,10903.7,-2.12243e+07,-0.891852,-0.988296,-0.169282,-0.0354538,-0.149411,-0.0200645
8.15273e-05,0,0,0,1e+09,1e+09,1e+09,0,0,0,0,0,15,3,5.4687e-06,0,0.130725,2.79499,-82.4431,240.889,10871.9,-2.11528e+07,-0.890424,-0.988393,-0.168776,-0.0354473,-0.149508,-0.0200808
8.15859e-05,0,0,0,1e+09,1e+09,1e+09,0,0,0,0,0,15,3,5.4687e-06,0,0.130725,2.80263,-81.7425,232.958,10839.7,-2.10838e+07,-0.88901,-0.988484,-0.168262,-0.035441,-0.149605,-0.020097
8.16445e-05,0,0,0,1e+09,1e+09,1e+09,0,0,0,0,0,15,3,5.4687e-06,0,0.130725,2.81024,-79.8057,224.787,10807.4,-2.10178e+07,-0.887609,-0.988562,-0.16775,-0.0354348,-0.149703,-0.0201132
8.17032e-05,0,0,0,1e+09,1e+09,1e+09,0,0,0,0,0,15,3,5.4687e-06,0,0.130725,2.81784,-79.6705,217.646,10775.5,-2.09555e+07,-0.886213,-0.988631,-0.167241,-0.0354286,-0.1498,-0.0201294
8.17618e-05,0,0,0,1e+09,1e+09,1e+09,0,0,0,0,0,15,3,5.4687e-06,0,0.130725,2.82541,-83.642,213.516,10743.2,-2.08975e+07,-0.88481,-0.988714,-0.166729,-0.0354225,-0.149898,-0.0201455
8.18204e-05,0,0,0,1e+09,1e+09,1e+09,0,0,0,0,0,15,3,5.4687e-06,0,0.130725,2.83295,-91.2992,213.302,10710.4,-2.08447e+07,-0.883393,-0.988834,-0.166211,-0.0354168,-0.149996,-0.0201616
8.1879e-05,0,0,0,1e+09,1e+09,1e+09,0,0,0,0,0,15,3,5.4687e-06,0,0.130726,2.84048,-99.1774,215.158,10677.6,-2.07974e+07,-0.881966,-0.988956,-0.165695,-0.0354113,-0.150094,-0.0201776
8.19376e-05,0,0,0,1e+09,1e+09,1e+09,0,0,0,0,0,15,3,5.4687e-06,0,0.130726,2.84798,-103.473,215.436,10645.6,-2.07561e+07,-0.880538,-0.989064,-0.165187,-0.0354054,-0.150192,-0.0201935
8.19962e-05,0,0,0,1e+09,1e+09,1e+09,0,0,0,0,0,15,3,5.4687e-06,0,0.130726,2.85546,-103.1,211.408,10614.2,-2.07207e+07,-0.879111,-0.989162,-0.164683,-0.0353991,-0.150289,-0.0202094
8.20548e-05,0,0,0,1e+09,1e+09,1e+09,0,0,0,0,0,15,3,5.4687e-06,0,0.130726,2.86292,-99.6127,203.557,10583.1,-2.06911e+07,-0.877682,-0.98926,-0.164183,-0.0353931,-0.150387,-0.0202253
8.21134e-05,0,0,0,1e+09,1e+09,1e+09,0,0,0,0,0,15,3,5.4687e-06,0,0.130726,2.87035,-95.6661,194.542,10552.5,-2.06666e+07,-0.876241,-0.989358,-0.163692,-0.0353881,-0.150486,-0.0202411
8.2172e-05,0,0,0,1e+09,1e+09,1e+09,0,0,0,0,0,15,3,5.4687e-06,0,0.130726,2.87776,-93.4643,186.185,10522.7,-2.06465e+07,-0.87477,-0.989467,-0.163217,-0.0353839,-0.150584,-0.0202568
8.22306e-05,0,0,0,1e+09,1e+09,1e+09,0,0,0,0,0,15,3,5.4687e-06,0,0.130727,2.88516,-94.444,177.965,10492.9,-2.06297e+07,-0.873256,-0.989611,-0.162743,-0.0353796,-0.150683,-0.0202725
8.22893e-05,0,0,0,1e+09,1e+09,1e+09,0,0,0,0,0,15,3,5.4687e-06,0,0.130727,2.89253,-99.2438,168.941,10461.9,-2.06151e+07,-0.871715,-0.989805,-0.162243,-0.0353745,-0.150782,-0.0202881
8.23479e-05,0,0,0,1e+09,1e+09,1e+09,0,0,0,0,0,15,3,5.4687e-06,0,0.130727,2.89988,-106.664,160.246,10429.2,-2.06016e+07,-0.870173,-0.990027,-0.161719,-0.0353687,-0.150881,-0.0203037
8.24065e-05,0,0,0,1e+09,1e+09,1e+09,0,0,0,0,0,15,3,5.4687e-06,0,0.130727,2.9072,-114.011,153.585,10395.7,-2.05879e+07,-0.868654,-0.990237,-0.161189,-0.0353622,-0.15098,-0.0203192
8.24651e-05,0,0,0,1e+09,1e+09,1e+09,0,0,0,0,0,15,3,5.4687e-06,0,0.130727,2.9145,-118.717,148.463,10362.2,-2.0573e+07,-0.867167,-0.990413,-0.160666,-0.0353556,-0.151079,-0.0203346
8.25237e-05,0,0,0,1e+09,1e+09,1e+09,0,0,0,0,0,15,3,5.4687e-06,0,0.130727,2.92178,-119.733,142.197,10329.4,-2.05563e+07,-0.865703,-0.990549,-0.160159,-0.0353491,-0.151178,-0.02035
8.25823e-05,0,0,0,1e+09,1e+09,1e+09,0,0,0,0,0,15,3,5.4687e-06,0,0.130728,2.92903,-117.35,133.064,10298.3,-2.05374e+07,-0.864237,-0.990657,-0.15968,-0.0353427,-0.151277,-0.0203653
8.26409e-05,0,0,0,1e+09,1e+09,1e+09,0,0,0,0,0,15,3,5.4687e-06,0,0.130728,2.93627,-113.106,122.379,10268.6,-2.0516e+07,-0.862749,-0.990768,-0.159222,-0.0353359,-0.151375,-0.0203806
8.26995e-05,0,0,0,1e+09,1e+09,1e+09,0,0,0,0,0,15,3,5.4687e-06,0,0.130728,2.94348,-110.014,112.763,10238.7,-2.04924e+07,-0.86123,-0.990916,-0.158758,-0.0353286,-0.151474,-0.0203958
8.27581e-05,0,0,0,1e+09,1e+09,1e+09,0,0,0,0,0,15,3,5.4687e-06,0,0.130728,2.95067,-110.237,106.505,10207.5,-2.04667e+07,-0.859676,-0.99112,-0.158275,-0.0353218,-0.151572,-0.0204109
8.28168e-05,0,0,0,1e+09,1e+09,1e+09,0,0,0,0,0,15,3,5.4687e-06,0,0.130728,2.95784,-112.632,103.639,10175.4,-2.04391e+07,-0.858082,-0.991373,-0.157787,-0.0353158,-0.151671,-0.020426
8.28754e-05,0,0,0,1e+09,1e+09,1e+09,0,0,0,0,0,15,3,5.4687e-06,0,0.130728,2.96499,-114.311,101.992,10143.4,-2.04099e+07,-0.856461,-0.991649,-0.157306,-0.0353096,-0.151769,-0.020441
8.2934e-05,0,0,0,1e+09,1e+09,1e+09,0,0,0,0,0,15,3,5.4687e-06,0,0.130729,2.97212,-113.164,99.0216,10111.7,-2.03793e+07,-0.854833,-0.991932,-0.156828,-0.0353019,-0.151867,-0.020456
8.29926e-05,0,0,0,1e+09,1e+09,1e+09,0,0,0,0,0,15,3,5.4687e-06,0,0.130729,2.97922,-109.287,93.484,10080.7,-2.03475e+07,-0.85321,-0.992205,-0.156354,-0.0352933,-0.151965,-0.0204708
8.30512e-05,0,0,0,1e+09,1e+09,1e+09,0,0,0,0,0,15,3,5.4687e-06,0,0.130729,2.9863,-105.035,86.6132,10051,-2.03146e+07,-0.851598,-0.992446,-0.155903,-0.0352856,-0.152063,-0.0204856
8.31098e-05,0,0,0,1e+09,1e+09,1e+09,0,0,0,0,0,15,3,5.4687e-06,0,0.130729,2.99336,-103.311,80.6087,10022.2,-2.02808e+07,-0.849996,-0.992653,-0.155475,-0.0352792,-0.152161,-0.0205004
8.31684e-05,0,0,0,1e+09,1e+09,1e+09,0,0,0,0,0,15,3,5.4687e-06,0,0.130729,3.00041,-105.746,74.516,9992.98,-2.02461e+07,-0.848408,-0.992861,-0.155036,-0.0352719,-0.152259,-0.0205151
8.3227e-05,0,0,0,1e+09,1e+09,1e+09,0,0,0,0,0,15,3,5.4687e-06,0,0.13073,3.00743,-111.577,65.9803,9962.78,-2.02109e+07,-0.846831,-0.993088,-0.154571,-0.0352633,-0.152357,-0.0205297
8.32856e-05,0,0,0,1e+09,1e+09,1e+09,0,0,0,0,0,15,3,5.4687e-06,0,0.13073,3.01442,-118.817,55.8699,9932.56,-2.01753e+07,-0.845259,-0.993317,-0.154102,-0.0352548,-0.152455,-0.0205442
8.33443e-05,0,0,0,1e+09,1e+09,1e+09,0,0,0,0,0,15,3,5.4687e-06,0,0.13073,3.0214,-124.984,48.5579,9902.72,-2.01395e+07,-0.843696,-0.993532,-0.153645,-0.035247,-0.152553,-0.0205587
8.34029e-05,0,0,0,1e+09,1e+09,1e+09,0,0,0,0,0,15,3,5.4687e-06,0,0.13073,3.02836,-128.118,46.4219,9872.49,-2.01038e+07,-0.842148,-0.99374,-0.153187,-0.0352387,-0.152652,-0.0205731
8.34615e-05,0,0,0,1e+09,1e+09,1e+09,0,0,0,0,0,15,3,5.4687e-06,0,0.13073,3.03529,-127.844,46.1424,9842.21,-2.00683e+07,-0.840607,-0.993948,-0.152725,-0.0352292,-0.15275,-0.0205874
8.35201e-05,0,0,0,1e+09,1e+09,1e+09,0,0,0,0,0,15,3,5.4687e-06,0,0.13073,3.0422,-124.473,43.3908,9813.34,-2.00331e+07,-0.839055,-0.99415,-0.152284,-0.0352195,-0.152849,-0.0206017
8.35787e-05,0,0,0,1e+09,1e+09,1e+09,0,0,0,0,0,15,3,5.4687e-06,0,0.130731,3.0491,-120.206,38.1778,9785.88,-1.99983e+07,-0.837478,-0.99435,-0.151868,-0.035211,-0.152947,-0.0206158
8.36373e-05,0,0,0,1e+09,1e+09,1e+09,0,0,0,0,0,15,3,5.4687e-06,0,0.130731,3.05597,-119.404,32.706,9758.19,-1.99637e+07,-0.835888,-0.994565,-0.151447,-0.0352031,-0.153044,-0.02063
8.36959e-05,0,0,0,1e+09,1e+09,1e+09,0,0,0,0,0,15,3,5.4687e-06,0,0.130731,3.06282,-123.709,26.9458,9729.57,-1.99292e+07,-0.834303,-0.994794,-0.151006,-0.0351948,-0.153142,-0.020644
8.37545e-05,0,0,0,1e+09,1e+09,1e+09,0,0,0,0,0,15,3,5.4687e-06,0,0.130731,3.06965,-129.061,19.7312,9700.88,-1.98945e+07,-0.832732,-0.995013,-0.150562,-0.0351864,-0.15324,-0.020658
8.38131e-05,0,0,0,1e+09,1e+09,1e+09,0,0,0,0,0,15,3,5.4687e-06,0,0.130731,3.07647,-131.5,11.4534,9672.14,-1.98593e+07,-0.831164,-0.995224,-0.150122,-0.0351787,-0.153338,-0.0206719
8.38717e-05,0,0,0,1e+09,1e+09,1e+09,0,0,0,0,0,15,3,5.4687e-06,0,0.130731,3.08326,-131.074,4.03353,9642.57,-1.98233e+07,-0.829594,-0.995446,-0.149674,-0.0351716,-0.153437,-0.0206857
8.39304e-05,0,0,0,1e+09,1e+09,1e+09,0,0,0,0,0,15,3,5.4687e-06,0,0.130732,3.09003,-129.746,-1.51456,9612.65,-1.97862e+07,-0.828031,-0.995665,-0.14922,-0.0351639,-0.153534,-0.0206995
8.3989e-05,0,0,0,1e+09,1e+09,1e+09,0,0,0,0,0,15,3,5.4687e-06,0,0.130732,3.09678,-126.942,-5.88614,9584.06,-1.9748e+07,-0.826482,-0.995857,-0.148784,-0.035155,-0.153632,-0.0207132
8.40476e-05,0,0,0,1e+09,1e+09,1e+09,0,0,0,0,0,15,3,5.4687e-06,0,0.130732,3.10351,-121.698,-10.802,9557.13,-1.97087e+07,-0.82493,-0.996027,-0.148376,-0.0351461,-0.153729,-0.0207268
8.41062e-05,0,0,0,1e+09,1e+09,1e+09,0,0,0,0,0,15,3,5.4687e-06,0,0.130732,3.11022,-116.613,-16.8937,9530.68,-1.96682e+07,-0.823354,-0.996211,-0.147979,-0.0351387,-0.153826,-0.0207404
8.41648e-05,0,0,0,1e+09,1e+09,1e+09,0,0,0,0,0,15,3,5.4687e-06,0,0.130732,3.11692,-115.607,-22.927,9504.21,-1.96268e+07,-0.821747,-0.996426,-0.147582,-0.0351319,-0.153923,-0.0207539
8.42234e-05,0,0,0,1e+09,1e+09,1e+09,0,0,0,0,0,15,3,5.4687e-06,0,0.130733,3.1236,-117.6,-26.7672,9478.08,-1.95844e+07,-0.820122,-0.996661,-0.147184,-0.0351242,-0.154019,-0.0207673
8.4282e-05,0,0,0,1e+09,1e+09,1e+09,0,0,0,0,0,15,3,5.4687e-06,0,0.130733,3.13025,-116.71,-27.0044,9451.49,-1.9541e+07,-0.818495,-0.99691,-0.146779,-0.0351155,-0.154116,-0.0207807
8.43406e-05,0,0,0,1e+09,1e+09,1e+09,0,0,0,0,0,15,3,5.4687e-06,0,0.130733,3.13689,-110.163,-25.0458,9422.74,-1.9496e+07,-0.81689,-0.997178,-0.146342,-0.0351068,-0.154213,-0.020794
8.43992e-05,0,0,0,1e+09,1e+09,1e+09,0,0,0,0,0,15,3,5.4687e-06,0,0.130733,3.14351,-101.457,-24.6391,9391.93,-1.94491e+07,-0.815317,-0.997443,-0.145878,-0.0350991,-0.15431,-0.0208072
8.44579e-05,0,0,0,1e+09,1e+09,1e+09,0,0,0,0,0,15,3,5.4687e-06,0,0.130733,3.1501,-93.8516,-28.3787,9360.76,-1.93992e+07,-0.813774,-0.997679,-0.14541,-0.0350924,-0.154407,-0.0208203
8.45165e-05,0,0,0,1e+09,1e+09,1e+09,0,0,0,0,0,15,3,5.4687e-06,0,0.130734,3.15667,-87.2205,-36.9029,9329.75,-1.93454e+07,-0.812264,-0.997886,-0.144941,-0.0350861,-0.154504,-0.0208334
8.45751e-05,0,0,0,1e+09,1e+09,1e+09,0,0,0,0,0,15,3,5.4687e-06,0,0.130734,3.16322,-81.0984,-48.7047,9298.37,-1.92867e+07,-0.810779,-0.99808,-0.144464,-0.0350799,-0.154601,-0.0208465
8.46337e-05,0,0,0,1e+09,1e+09,1e+09,0,0,0,0,0,15,3,5.4687e-06,0,0.130734,3.16975,-78.0022,-62.2658,9266.53,-1.92221e+07,-0.809305,-0.998275,-0.143978,-0.0350738,-0.154698,-0.0208594
8.46923e-05,0,0,0,1e+09,1e+09,1e+09,0,0,0,0,0,15,3,5.4687e-06,0,0.130734,3.17625,-79.8787,-75.5127,9234.36,-1.91508e+07,-0.807827,-0.99848,-0.143487,-0.0350685,-0.154794,-0.0208723
8.47509e-05,0,0,0,1e+09,1e+09,1e+09,0,0,0,0,0,15,3,5.4687e-06,0,0.130734,3.18273,-84.7017,-86.049,9201.71,-1.90724e+07,-0.806335,-0.998701,-0.142993,-0.035064,-0.154891,-0.0208852
8.48095e-05,0,0,0,1e+09,1e+09,1e+09,0,0,0,0,0,15,3,5.4687e-06,0,0.130734,3.18919,-89.5831,-95.2652,9168.55,-1.89868e+07,-0.804827,-0.998942,-0.142496,-0.0350596,-0.154988,-0.020898
8.48681e-05,0,0,0,1e+09,1e+09,1e+09,0,0,0,0,0,15,3,5.4687e-06,0,0.130735,3.19563,-92.2836,-103.638,9135.38,-1.88943e+07,-0.803309,-0.999194,-0.142003,-0.0350546,-0.155084,-0.0209107
8.49267e-05,0,0,0,1e+09,1e+09,1e+09,0,0,0,0,0,15,3,5.4687e-06,0,0.130735,3.20204,-93.0356,-111.723,9102.68,-1.87956e+07,-0.801792,-0.99944,-0.141517,-0.0350495,-0.15518,-0.0209233
8.49853e-05,0,0,0,1e+09,1e+09,1e+09,0,0,0,0,0,15,3,5.4687e-06,0,0.130735,3.20843,-92.43,-120.148,9069.94,-1.86917e+07,-0.800278,-0.999685,-0.141029,-0.0350456,-0.155276,-0.0209359
8.5044e-05,0,0,0,1e+09,1e+09,1e+09,0,0,0,0,0,15,3,5.4687e-06,0,0.130735,3.2148,-92.6841,-130.023,9035.96,-1.85836e+07,-0.798757,-0.999955,-0.140527,-0.0350433,-0.155372,-0.0209485
8.51026e-05,0,0,0,1e+09,1e+09,1e+09,0,0,0,0,0,15,3,5.4687e-06,0,0.130735,3.22114,-96.4271,-140.149,9000.71,-1.84724e+07,-0.797219,-1.00026,-0.140013,-0.0350421,-0.155467,-0.020961
8.51612e-05,0,0,0,1e+09,1e+09,1e+09,0,0,0,0,0,15,3,5.4687e-06,0,0.130736,3.22746,-105.25,-148.301,8965.35,-1.83592e+07,-0.795682,-1.00056,-0.139498,-0.0350406,-0.155563,-0.0209734
8.52198e-05,0,0,0,1e+09,1e+09,1e+09,0,0,0,0,0,15,3,5.4687e-06,0,0.130736,3.23375,-117.038,-153.98,8930.29,-1.82449e+07,-0.794176,-1.00084,-0.138985,-0.0350382,-0.155658,-0.0209858
8.52784e-05,0,0,0,1e+09,1e+09,1e+09,0,0,0,0,0,15,3,5.4687e-06,0,0.130736,3.24002,-127.25,-159.851,8894.77,-1.81303e+07,-0.792711,-1.00109,-0.138461,-0.0350359,-0.155752,-0.0209981
8.5337e-05,0,0,0,1e+09,1e+09,1e+09,0,0,0,0,0,15,3,5.4687e-06,0,0.130736,3.24627,-133.064,-167.684,8858.31,-1.80158e+07,-0.791268,-1.00133,-0.137928,-0.0350352,-0.155847,-0.0210103
8.53956e-05,0,0,0,1e+09,1e+09,1e+09,0,0,0,0,0,15,3,5.4687e-06,0,0.130736,3.25248,-135.538,-176.876,8821.75,-1.7902e+07,-0.789824,-1.00156,-0.137397,-0.0350357,-0.155942,-0.0210225
8.54542e-05,0,0,0,1e+09,1e+09,1e+09,0,0,0,0,0,15,3,5.4687e-06,0,0.130737,3.25868,-137.095,-184.613,8786.07,-1.77891e+07,-0.788364,-1.00181,-0.136881,-0.0350354,-0.156036,-0.0210347
8.55128e-05,0,0,0,1e+09,1e+09,1e+09,0,0,0,0,0,15,3,5.4687e-06,0,0.130737,3.26484,-139.65,-189.686,8751.71,-1.76773e+07,-0.786884,-1.00206,-0.136382,-0.0350329,-0.156131,-0.0210468
8.55715e-05,0,0,0,1e+09,1e+09,1e+09,0,0,0,0,0,15,3,5.4687e-06,0,0.130737,3.27099,-144.041,-193.597,8718.52,-1.75669e+07,-0.78538,-1.00231,-0.135902,-0.0350295,-0.156225,-0.0210588
8.56301e-05,0,0,0,1e+09,1e+09,1e+09,0,0,0,0,0,15,3,5.4687e-06,0,0.130737,3.27711,-149.669,-198.051,8685.93,-1.74581e+07,-0.783853,-1.00259,-0.135433,-0.0350274,-0.156319,-0.0210708
8.56887e-05,0,0,0,1e+09,1e+09,1e+09,0,0,0,0,0,15,3,5.4687e-06,0,0.130737,3.2832,-155.466,-202.325,8653.32,-1.73511e+07,-0.782312,-1.00288,-0.134965,-0.0350265,-0.156413,-0.0210827
8.57473e-05,0,0,0,1e+09,1e+09,1e+09,0,0,0,0,0,15,3,5.4687e-06,0,0.130737,3.28928,-160.878,-204.723,8620.62,-1.72462e+07,-0.780782,-1.00317,-0.134493,-0.0350253,-0.156507,-0.0210946
8.58059e-05,0,0,0,1e+09,1e+09,1e+09,0,0,0,0,0,15,3,5.4687e-06,0,0.130738,3.29533,-165.289,-206.162,8588.12,-1.71437e+07,-0.779284,-1.00343,-0.134025,-0.0350227,-0.156601,-0.0211064
8.58645e-05,0,0,0,1e+09,1e+09,1e+09,0,0,0,0,0,15,3,5.4687e-06,0,0.130738,3.30135,-167.6,-209.543,8555.74,-1.70437e+07,-0.777823,-1.00365,-0.133559,-0.0350196,-0.156694,-0.0211182
8.59231e-05,0,0,0,1e+09,1e+09,1e+09,0,0,0,0,0,15,3,5.4687e-06,0,0.130738,3.30736,-167.261,-215.822,8522.91,-1.69463e+07,-0.776384,-1.00386,-0.133087,-0.0350171,-0.156788,-0.0211299
8.59817e-05,0,0,0,1e+09,1e+09,1e+09,0,0,0,0,0,15,3,5.4687e-06,0,0.130738,3.31334,-165.335,-222.468,8489.88,-1.68514e+07,-0.774938,-1.00409,-0.132612,-0.035015,-0.156881,-0.0211416
8.60403e-05,0,0,0,1e+09,1e+09,1e+09,0,0,0,0,0,15,3,5.4687e-06,0,0.130738,3.3193,-164.172,-225.677,8458.11,-1.6759e+07,-0.773469,-1.00432,-0.132159,-0.0350117,-0.156975,-0.0211532
8.60989e-05,0,0,0,1e+09,1e+09,1e+09,0,0,0,0,0,15,3,5.4687e-06,0,0.130739,3.32523,-165.678,-223.604,8428.66,-1.6669e+07,-0.771982,-1.00454,-0.131741,-0.0350061,-0.157068,-0.0211648
8.61576e-05,0,0,0,1e+09,1e+09,1e+09,0,0,0,0,0,15,3,5.4687e-06,0,0.130739,3.33115,-168.39,-218.408,8400.93,-1.6581e+07,-0.770495,-1.00474,-0.131344,-0.0349995,-0.157162,-0.0211763
8.62162e-05,0,0,0,1e+09,1e+09,1e+09,0,0,0,0,0,15,3,5.4687e-06,0,0.130739,3.33705,-169.842,-213.819,8373.74,-1.64949e+07,-0.769012,-1.00493,-0.130949,-0.0349939,-0.157256,-0.0211877
8.62748e-05,0,0,0,1e+09,1e+09,1e+09,0,0,0,0,0,15,3,5.4687e-06,0,0.130739,3.34293,-169.143,-211.354,8346.67,-1.64105e+07,-0.767523,-1.00514,-0.130554,-0.03499,-0.157349,-0.0211991
8.63334e-05,0,0,0,1e+09,1e+09,1e+09,0,0,0,0,0,15,3,5.4687e-06,0,0.130739,3.34879,-166.745,-209.581,8320.33,-1.63277e+07,-0.766018,-1.00534,-0.130172,-0.0349871,-0.157443,-0.0212105
8.6392e-05,0,0,0,1e+09,1e+09,1e+09,0,0,0,0,0,15,3,5.4687e-06,0,0.13074,3.35463,-164.997,-207.377,8295.09,-1.62465e+07,-0.7645,-1.00555,-0.12981,-0.0349843,-0.157535,-0.0212218
8.64506e-05,0,0,0,1e+09,1e+09,1e+09,0,0,0,0,0,15,3,5.4687e-06,0,0.13074,3.36045,-166.851,-207.288,8270.04,-1.61668e+07,-0.762977,-1.00577,-0.129447,-0.0349813,-0.157629,-0.0212331
8.65092e-05,0,0,0,1e+09,1e+09,1e+09,0,0,0,0,0,15,3,5.4687e-06,0,0.13074,3.36626,-171.355,-211.01,8244.01,-1.60889e+07,-0.761457,-1.006,-0.129065,-0.034979,-0.157722,-0.0212443
8.65678e-05,0,0,0,1e+09,1e+09,1e+09,0,0,0,0,0,15,3,5.4687e-06,0,0.13074,3.37205,-175.162,-216.629,8216.7,-1.60125e+07,-0.759944,-1.00624,-0.128665,-0.0349772,-0.157815,-0.0212554
8.66264e-05,0,0,0,1e+09,1e+09,1e+09,0,0,0,0,0,15,3,5.4687e-06,0,0.13074,3.37781,-176.077,-222.103,8188.2,-1.59378e+07,-0.758444,-1.00649,-0.128253,-0.0349756,-0.157908,-0.0212665
8.66851e-05,0,0,0,1e+09,1e+09,1e+09,0,0,0,0,0,15,3,5.4687e-06,0,0.130741,3.38356,-175.606,-226.796,8158.81,-1.58646e+07,-0.756955,-1.00673,-0.127834,-0.0349739,-0.158002,-0.0212776
8.67437e-05,0,0,0,1e+09,1e+09,1e+09,0,0,0,0,0,15,3,5.4687e-06,0,0.130741,3.38929,-178.066,-230.631,8129.33,-1.57927e+07,-0.755465,-1.00697,-0.127413,-0.0349722,-0.158094,-0.0212886
8.68023e-05,0,0,0,1e+09,1e+09,1e+09,0,0,0,0,0,15,3,5.4687e-06,0,0.130741,3.39499,-184.946,-233.394,8100.75,-1.57218e+07,-0.753953,-1.00723,-0.127001,-0.0349707,-0.158187,-0.0212995
8.68609e-05,0,0,0,1e+09,1e+09,1e+09,0,0,0,0,0,15,3,5.4687e-06,0,0.130741,3.40067,-193.204,-234.042,8073.1,-1.56514e+07,-0.752406,-1.00751,-0.126604,-0.0349693,-0.15828,-0.0213104
8.69195e-05,0,0,0,1e+09,1e+09,1e+09,0,0,0,0,0,15,3,5.4687e-06,0,0.130741,3.40634,-198.809,-231.436,8045.36,-1.55814e+07,-0.750832,-1.00782,-0.126209,-0.0349679,-0.158373,-0.0213212
8.69781e-05,0,0,0,1e+09,1e+09,1e+09,0,0,0,0,0,15,3,5.4687e-06,0,0.130742,3.41199,-201.113,-226.826,8017.2,-1.55114e+07,-0.749237,-1.00815,-0.125815,-0.0349669,-0.158465,-0.021332
8.70367e-05,0,0,0,1e+09,1e+09,1e+09,0,0,0,0,0,15,3,5.4687e-06,0,0.130742,3.41762,-203.11,-225.504,7989.73,-1.54412e+07,-0.747624,-1.0085,-0.125427,-0.034966,-0.158557,-0.0213427
8.70953e-05,0,0,0,1e+09,1e+09,1e+09,0,0,0,0,0,15,3,5.4687e-06,0,0.130742,3.42323,-205.973,-228.84,7962.89,-1.53709e+07,-0.746003,-1.00885,-0.125046,-0.034965,-0.158648,-0.0213534
8.71539e-05,0,0,0,1e+09,1e+09,1e+09,0,0,0,0,0,15,3,5.4687e-06,0,0.130742,3.42882,-207.926,-236.056,7936.07,-1.53004e+07,-0.744386,-1.0092,-0.124662,-0.0349644,-0.15874,-0.021364
8.72125e-05,0,0,0,1e+09,1e+09,1e+09,0,0,0,0,0,15,3,5.4687e-06,0,0.130742,3.43439,-207.032,-245.713,7908.76,-1.523e+07,-0.742774,-1.00955,-0.12427,-0.0349653,-0.158831,-0.0213746
8.72712e-05,0,0,0,1e+09,1e+09,1e+09,0,0,0,0,0,15,3,5.4687e-06,0,0.130743,3.43994,-204.668,-255.877,7880.87,-1.51602e+07,-0.741153,-1.00992,-0.123872,-0.0349675,-0.158923,-0.0213851
8.73298e-05,0,0,0,1e+09,1e+09,1e+09,0,0,0,0,0,15,3,5.4687e-06,0,0.130743,3.44547,-205.247,-262.79,7852.83,-1.50918e+07,-0.739511,-1.01032,-0.123474,-0.0349698,-0.159015,-0.0213956
8.73884e-05,0,0,0,1e+09,1e+09,1e+09,0,0,0,0,0,15,3,5.4687e-06,0,0.130743,3.45098,-208.482,-267.289,7825.65,-1.50254e+07,-0.737846,-1.01072,-0.123091,-0.0349715,-0.159106,-0.021406
8.7447e-05,0,0,0,1e+09,1e+09,1e+09,0,0,0,0,0,15,3,5.4687e-06,0,0.130743,3.45648,-211.6,-270.18,7799.71,-1.49621e+07,-0.736172,-1.01112,-0.122726,-0.034973,-0.159198,-0.0214164
8.75056e-05,0,0,0,1e+09,1e+09,1e+09,0,0,0,0,0,15,3,5.4687e-06,0,0.130743,3.46195,-211.46,-273.205,7774.38,-1.49028e+07,-0.734507,-1.01151,-0.122366,-0.0349743,-0.15929,-0.0214267
8.75642e-05,0,0,0,1e+09,1e+09,1e+09,0,0,0,0,0,15,3,5.4687e-06,0,0.130744,3.46741,-208.62,-277.487,7749.53,-1.48484e+07,-0.73285,-1.01188,-0.122011,-0.034975,-0.159382,-0.021437
8.76228e-05,0,0,0,1e+09,1e+09,1e+09,0,0,0,0,0,15,3,5.4687e-06,0,0.130744,3.47285,-206.723,-283.015,7725.62,-1.47997e+07,-0.73118,-1.01225,-0.121671,-0.034975,-0.159475,-0.0214472
8.76814e-05,0,0,0,1e+09,1e+09,1e+09,0,0,0,0,0,15,3,5.4687e-06,0,0.130744,3.47827,-207.978,-289.188,7703.01,-1.47573e+07,-0.729475,-1.01264,-0.121351,-0.034975,-0.159567,-0.0214573
8.774e-05,0,0,0,1e+09,1e+09,1e+09,0,0,0,0,0,15,3,5.4687e-06,0,0.130744,3.48368,-209.929,-295.803,7681.14,-1.47214e+07,-0.727732,-1.01306,-0.121045,-0.0349761,-0.159659,-0.0214674
8.77987e-05,0,0,0,1e+09,1e+09,1e+09,0,0,0,0,0,15,3,5.4687e-06,0,0.130744,3.48907,-209.361,-303.355,7658.98,-1.46922e+07,-0.725976,-1.0135,-0.120732,-0.0349779,-0.159751,-0.0214775
8.78573e-05,0,0,0,1e+09,1e+09,1e+09,0,0,0,0,0,15,3,5.4687e-06,0,0.130745,3.49445,-206.282,-311.689,7636.18,-1.46692e+07,-0.724235,-1.01393,-0.120404,-0.0349793,-0.159843,-0.0214875
8.79159e-05,0,0,0,1e+09,1e+09,1e+09,0,0,0,0,0,15,3,5.4687e-06,0,0.130745,3.49981,-202.285,-320.155,7613.42,-1.46518e+07,-0.722512,-1.01436,-0.120073,-0.0349803,-0.159935,-0.0214974
8.79745e-05,0,0,0,1e+09,1e+09,1e+09,0,0,0,0,0,15,3,5.4687e-06,0,0.130745,3.50516,-198.138,-328.497,7591.33,-1.46389e+07,-0.720786,-1.01477,-0.119754,-0.0349818,-0.160027,-0.0215073
8.80331e-05,0,0,0,1e+09,1e+09,1e+09,0,0,0,0,0,15,3,5.4687e-06,0,0.130745,3.51049,-194.698,-337.021,7570.13,-1.46294e+07,-0.719045,-1.01519,-0.119451,-0.034984,-0.160118,-0.0215172
8.80917e-05,0,0,0,1e+09,1e+09,1e+09,0,0,0,0,0,15,3,5.4687e-06,0,0.130745,3.51581,-194.745,-345.912,7550.09,-1.46221e+07,-0.71729,-1.01561,-0.119164,-0.0349857,-0.160209,-0.021527
8.81503e-05,0,0,0,1e+09,1e+09,1e+09,0,0,0,0,0,15,3,5.4687e-06,0,0.130746,3.52111,-199.726,-354.49,7531.27,-1.46159e+07,-0.715524,-1.01603,-0.118893,-0.0349862,-0.160301,-0.0215367
8.82089e-05,0,0,0,1e+09,1e+09,1e+09,0,0,0,0,0,15,3,5.4687e-06,0,0.130746,3.52639,-206.754,-361.523,7513.4,-1.46099e+07,-0.713741,-1.01646,-0.118635,-0.0349856,-0.160392,-0.0215464
8.82675e-05,0,0,0,1e+09,1e+09,1e+09,0,0,0,0,0,15,3,5.4687e-06,0,0.130746,3.53167,-211.88,-367.223,7496.5,-1.46032e+07,-0.711939,-1.01689,-0.118394,-0.0349846,-0.160484,-0.0215561
8.83262e-05,0,0,0,1e+09,1e+09,1e+09,0,0,0,0,0,15,3,5.4687e-06,0,0.130746,3.53694,-214.693,-373.011,7480.61,-1.45955e+07,-0.710126,-1.01733,-0.118169,-0.0349836,-0.160575,-0.0215657
8.83848e-05,0,0,0,1e+09,1e+09,1e+09,0,0,0,0,0,15,3,5.4687e-06,0,0.130746,3.54219,-216.32,-380.341,7465.31,-1.45861e+07,-0.708314,-1.01776,-0.117952,-0.0349827,-0.160666,-0.0215753
8.84434e-05,0,0,0,1e+09,1e+09,1e+09,0,0,0,0,0,15,3,5.4687e-06,0,0.130747,3.54743,-215.452,-389.416,7449.67,-1.45752e+07,-0.706508,-1.0182,-0.117728,-0.0349821,-0.160757,-0.0215848
8.8502e-05,0,0,0,1e+09,1e+09,1e+09,0,0,0,0,0,15,3,5.4687e-06,0,0.130747,3.55267,-210.032,-398.595,7432.71,-1.45625e+07,-0.704705,-1.01866,-0.117487,-0.0349825,-0.160848,-0.0215943
8.85606e-05,0,0,0,1e+09,1e+09,1e+09,0,0,0,0,0,15,3,5.4687e-06,0,0.130747,3.55789,-202.827,-406.567,7414.19,-1.4548e+07,-0.702901,-1.01914,-0.11723,-0.0349844,-0.160939,-0.0216037
8.86192e-05,0,0,0,1e+09,1e+09,1e+09,0,0,0,0,0,15,3,5.4687e-06,0,0.130747,3.56309,-198.316,-413.307,7394.57,-1.45316e+07,-0.701095,-1.01963,-0.116963,-0.0349869,-0.161031,-0.0216131
8.86778e-05,0,0,0,1e+09,1e+09,1e+09,0,0,0,0,0,15,3,5.4687e-06,0,0.130748,3.56828,-196.973,-419.508,7374.22,-1.45134e+07,-0.699288,-1.02013,-0.116685,-0.0349885,-0.161123,-0.0216224
8.87364e-05,0,0,0,1e+09,1e+09,1e+09,0,0,0,0,0,15,3,5.4687e-06,0,0.130748,3.57346,-196.513,-425.317,7352.98,-1.44933e+07,-0.697491,-1.02063,-0.116395,-0.0349888,-0.161214,-0.0216317
8.8795e-05,0,0,0,1e+09,1e+09,1e+09,0,0,0,0,0,15,3,5.4687e-06,0,0.130748,3.57862,-196.473,-430.042,7331.18,-1.44712e+07,-0.69571,-1.02113,-0.116098,-0.0349885,-0.161306,-0.021641
8.88536e-05,0,0,0,1e+09,1e+09,1e+09,0,0,0,0,0,15,3,5.4687e-06,0,0.130748,3.58376,-198.56,-432.383,7309.93,-1.44473e+07,-0.693938,-1.02161,-0.115812,-0.0349877,-0.161398,-0.0216502
8.89123e-05,0,0,0,1e+09,1e+09,1e+09,0,0,0,0,0,15,3,5.4687e-06,0,0.130748,3.58889,-203.07,-431.461,7289.73,-1.44215e+07,-0.692161,-1.02208,-0.115543,-0.0349858,-0.161489,-0.0216594
8.89709e-05,0,0,0,1e+09,1e+09,1e+09,0,0,0,0,0,15,3,5.4687e-06,0,0.130749,3.59401,-208.145,-428.021,7270.2,-1.4394e+07,-0.690369,-1.02255,-0.115285,-0.034983,-0.16158,-0.0216686
8.90295e-05,0,0,0,1e+09,1e+09,1e+09,0,0,0,0,0,15,3,5.4687e-06,0,0.130749,3.59911,-212.359,-424.34,7251.27,-1.43652e+07,-0.688557,-1.02303,-0.115035,-0.0349801,-0.16167,-0.0216777
8.90881e-05,0,0,0,1e+09,1e+09,1e+09,0,0,0,0,0,15,3,5.4687e-06,0,0.130749,3.60421,-215.696,-421.667,7233.05,-1.43354e+07,-0.68672,-1.02353,-0.114796,-0.034978,-0.161761,-0.0216867
8.91467e-05,0,0,0,1e+09,1e+09,1e+09,0,0,0,0,0,15,3,5.4687e-06,0,0.130749,3.60928,-216.88,-421.163,7215,-1.43051e+07,-0.684866,-1.02405,-0.114557,-0.0349768,-0.161851,-0.0216958
8.92053e-05,0,0,0,1e+09,1e+09,1e+09,0,0,0,0,0,15,3,5.4687e-06,0,0.130749,3.61435,-215.792,-423.821,7196.11,-1.42748e+07,-0.683009,-1.02458,-0.114306,-0.0349765,-0.161941,-0.0217048
8.92639e-05,0,0,0,1e+09,1e+09,1e+09,0,0,0,0,0,15,3,5.4687e-06,0,0.13075,3.6194,-213.023,-432.587,7175.99,-1.42451e+07,-0.681154,-1.02513,-0.114039,-0.0349772,-0.16203,-0.0217137
8.93225e-05,0,0,0,1e+09,1e+09,1e+09,0,0,0,0,0,15,3,5.4687e-06,0,0.13075,3.62444,-209.954,-447.314,7154.81,-1.42163e+07,-0.679309,-1.02568,-0.113761,-0.0349785,-0.16212,-0.0217226
8.93811e-05,0,0,0,1e+09,1e+09,1e+09,0,0,0,0,0,15,3,5.4687e-06,0,0.13075,3.62946,-208.329,-463.585,7133.19,-1.41887e+07,-0.677476,-1.02623,-0.113478,-0.0349795,-0.162209,-0.0217315
8.94398e-05,0,0,0,1e+09,1e+09,1e+09,0,0,0,0,0,15,3,5.4687e-06,0,0.13075,3.63447,-207.65,-476.976,7112.26,-1.41625e+07,-0.675655,-1.02677,-0.113203,-0.0349793,-0.162299,-0.0217404
8.94984e-05,0,0,0,1e+09,1e+09,1e+09,0,0,0,0,0,15,3,5.4687e-06,0,0.13075,3.63946,-209.398,-484.998,7093.05,-1.41378e+07,-0.673835,-1.02729,-0.112946,-0.0349776,-0.162388,-0.0217492
8.9557e-05,0,0,0,1e+09,1e+09,1e+09,0,0,0,0,0,15,3,5.4687e-06,0,0.130751,3.64444,-213.215,-484.756,7075.57,-1.41144e+07,-0.672007,-1.02779,-0.112716,-0.0349746,-0.162478,-0.021758
8.96156e-05,0,0,0,1e+09,1e+09,1e+09,0,0,0,0,0,15,3,5.4687e-06,0,0.130751,3.64941,-217.574,-477.752,7059.98,-1.40924e+07,-0.67017,-1.02828,-0.112512,-0.0349705,-0.162568,-0.0217668
8.96742e-05,0,0,0,1e+09,1e+09,1e+09,0,0,0,0,0,15,3,5.4687e-06,0,0.130751,3.65437,-220.177,-467.271,7046.03,-1.40719e+07,-0.668326,-1.02876,-0.112329,-0.0349659,-0.162659,-0.0217756
8.97328e-05,0,0,0,1e+09,1e+09,1e+09,0,0,0,0,0,15,3,5.4687e-06,0,0.130751,3.65931,-220.582,-458.358,7033.25,-1.40529e+07,-0.666471,-1.02924,-0.112161,-0.0349617,-0.162749,-0.0217843
8.97914e-05,0,0,0,1e+09,1e+09,1e+09,0,0,0,0,0,15,3,5.4687e-06,0,0.130752,3.66425,-220.309,-455.853,7021.2,-1.40356e+07,-0.664596,-1.02973,-0.112004,-0.034959,-0.162839,-0.0217929
8.985e-05,0,0,0,1e+09,1e+09,1e+09,0,0,0,0,0,15,3,5.4687e-06,0,0.130752,3.66918,-219.576,-461.202,7009.08,-1.40201e+07,-0.662708,-1.03023,-0.111848,-0.034958,-0.162929,-0.0218016
8.99086e-05,0,0,0,1e+09,1e+09,1e+09,0,0,0,0,0,15,3,5.4687e-06,0,0.130752,3.6741,-217.551,-473.013,6995.81,-1.40065e+07,-0.660817,-1.03076,-0.111673,-0.0349581,-0.16302,-0.0218102
8.99672e-05,0,0,0,1e+09,1e+09,1e+09,0,0,0,0,0,15,3,5.4687e-06,0,0.130752,3.67901,-215.599,-488.181,6980.87,-1.39948e+07,-0.658931,-1.03131,-0.111475,-0.034959,-0.16311,-0.0218188
9.00259e-05,0,0,0,1e+09,1e+09,1e+09,0,0,0,0,0,15,3,5.4687e-06,0,0.130752,3.68391,-214.026,-503.113,6964.62,-1.39848e+07,-0.657059,-1.03186,-0.111258,-0.0349606,-0.1632,-0.0218274
9.00845e-05,0,0,0,1e+09,1e+09,1e+09,0,0,0,0,0,15,3,5.4687e-06,0,0.130753,3.6888,-210.615,-516.293,6947.73,-1.39763e+07,-0.655206,-1.0324,-0.111031,-0.034962,-0.16329,-0.021836
9.01431e-05,0,0,0,1e+09,1e+09,1e+09,0,0,0,0,0,15,3,5.4687e-06,0,0.130753,3.69368,-206.507,-525.588,6930.55,-1.39689e+07,-0.653372,-1.03293,-0.110799,-0.0349626,-0.16338,-0.0218445
9.02017e-05,0,0,0,1e+09,1e+09,1e+09,0,0,0,0,0,15,3,5.4687e-06,0,0.130753,3.69854,-204.109,-529.89,6913.29,-1.39622e+07,-0.651545,-1.03345,-0.110568,-0.0349624,-0.163471,-0.021853
9.02603e-05,0,0,0,1e+09,1e+09,1e+09,0,0,0,0,0,15,3,5.4687e-06,0,0.130753,3.70339,-203.348,-529.734,6895.91,-1.39556e+07,-0.649713,-1.03398,-0.110336,-0.0349614,-0.163561,-0.0218615
9.03189e-05,0,0,0,1e+09,1e+09,1e+09,0,0,0,0,0,15,3,5.4687e-06,0,0.130754,3.70823,-202.919,-527.195,6878.4,-1.39489e+07,-0.647863,-1.03453,-0.110101,-0.0349601,-0.163652,-0.0218699
9.03775e-05,0,0,0,1e+09,1e+09,1e+09,0,0,0,0,0,15,3,5.4687e-06,0,0.130754,3.71305,-201.756,-524.923,6861.39,-1.39415e+07,-0.645983,-1.03511,-0.109868,-0.0349591,-0.163744,-0.0218784
9.04361e-05,0,0,0,1e+09,1e+09,1e+09,0,0,0,0,0,15,3,5.4687e-06,0,0.130754,3.71786,-199.432,-522.792,6845.85,-1.39331e+07,-0.644074,-1.03571,-0.109652,-0.0349579,-0.163835,-0.0218868
9.04947e-05,0,0,0,1e+09,1e+09,1e+09,0,0,0,0,0,15,3,5.4687e-06,0,0.130754,3.72266,-197.572,-520.07,6831.95,-1.39235e+07,-0.642145,-1.03631,-0.109459,-0.0349563,-0.163926,-0.0218952
9.05534e-05,0,0,0,1e+09,1e+09,1e+09,0,0,0,0,0,15,3,5.4687e-06,0,0.130754,3.72745,-198.167,-519.784,6818.74,-1.39127e+07,-0.64019,-1.03692,-0.109275,-0.0349552,-0.164017,-0.0219035
9.0612e-05,0,0,0,1e+09,1e+09,1e+09,0,0,0,0,0,15,3,5.4687e-06,0,0.130755,3.73224,-200.632,-527.205,6805.1,-1.39005e+07,-0.638201,-1.03757,-0.109083,-0.0349562,-0.164108,-0.0219119
9.06706e-05,0,0,0,1e+09,1e+09,1e+09,0,0,0,0,0,15,3,5.4687e-06,0,0.130755,3.73701,-206.061,-540.788,6790.51,-1.38872e+07,-0.636182,-1.03827,-0.108873,-0.0349596,-0.164199,-0.0219202
9.07292e-05,0,0,0,1e+09,1e+09,1e+09,0,0,0,0,0,15,3,5.4687e-06,0,0.130755,3.74177,-214.672,-555.719,6775.31,-1.38726e+07,-0.634155,-1.03899,-0.108652,-0.0349638,-0.164289,-0.0219285
9.07878e-05,0,0,0,1e+09,1e+09,1e+09,0,0,0,0,0,16,3,5.4687e-06,0,0.130755,3.74653,-226.223,-563.325,6759.86,-1.38569e+07,-0.632144,-1.0397,-0.10843,-0.0349661,-0.164379,-0.0219368
9.08464e-05,0,0,0,1e+09,1e+09,1e+09,0,0,0,0,0,16,3,5.4687e-06,0,0.130755,3.75127,-238.807,-560.144,6744.01,-1.38398e+07,-0.630153,-1.04039,-0.108209,-0.0349658,-0.16447,-0.021945
9.0905e-05,0,0,0,1e+09,1e+09,1e+09,0,0,0,0,0,16,3,5.4687e-06,0,0.130756,3.756,-250.52,-552.572,6727.14,-1.38211e+07,-0.628183,-1.04107,-0.107979,-0.0349644,-0.164561,-0.0219533
9.09636e-05,0,0,0,1e+09,1e+09,1e+09,0,0,0,0,0,16,3,5.4687e-06,0,0.130756,3.76072,-258.601,-547.315,6708.96,-1.38007e+07,-0.626231,-1.04176,-0.107729,-0.0349635,-0.164652,-0.0219615
9.10222e-05,0,0,0,1e+09,1e+09,1e+09,0,0,0,0,0,16,3,5.4687e-06,0,0.130756,3.76542,-262.428,-545.212,6689.6,-1.37783e+07,-0.624286,-1.04245,-0.107458,-0.0349631,-0.164743,-0.0219697
9.10808e-05,0,0,0,1e+09,1e+09,1e+09,0,0,0,0,0,16,3,5.4687e-06,0,0.130756,3.77011,-263.573,-544.901,6669.25,-1.37537e+07,-0.622335,-1.04317,-0.10717,-0.0349629,-0.164834,-0.0219779
9.11395e-05,0,0,0,1e+09,1e+09,1e+09,0,0,0,0,0,16,3,5.4687e-06,0,0.130757,3.77479,-263.768,-546.455,6648.01,-1.37267e+07,-0.620364,-1.04393,-0.106871,-0.0349634,-0.164924,-0.021986
9.11981e-05,0,0,0,1e+09,1e+09,1e+09,0,0,0,0,0,16,3,5.4687e-06,0,0.130757,3.77946,-263.821,-548.904,6626.29,-1.36972e+07,-0.618363,-1.04472,-0.106573,-0.0349646,-0.165013,-0.0219941
9.12567e-05,0,0,0,1e+09,1e+09,1e+09,0,0,0,0,0,16,3,5.4687e-06,0,0.130757,3.7841,-263.748,-553.765,6605.04,-1.36656e+07,-0.616335,-1.04553,-0.106285,-0.0349665,-0.165103,-0.0220022
9.13153e-05,0,0,0,1e+09,1e+09,1e+09,0,0,0,0,0,16,3,5.4687e-06,0,0.130757,3.78874,-263.814,-560.846,6584.92,-1.3632e+07,-0.614296,-1.04635,-0.106011,-0.0349688,-0.165192,-0.0220103
9.13739e-05,0,0,0,1e+09,1e+09,1e+09,0,0,0,0,0,16,3,5.4687e-06,0,0.130757,3.79335,-264.014,-567.881,6565.71,-1.3597e+07,-0.612267,-1.04715,-0.105745,-0.0349702,-0.165281,-0.0220184
9.14325e-05,0,0,0,1e+09,1e+09,1e+09,0,0,0,0,0,16,3,5.4687e-06,0,0.130758,3.79796,-256.99,-570.064,6547.48,-1.35611e+07,-0.61026,-1.04795,-0.105477,-0.0349697,-0.165371,-0.0220264
9.14911e-05,0,0,0,1e+09,1e+09,1e+09,0,0,0,0,0,16,3,5.4687e-06,0,0.130758,3.80255,-243.676,-566.243,6529.74,-1.35249e+07,-0.608276,-1.04872,-0.105203,-0.0349675,-0.165461,-0.0220345
9.15497e-05,0,0,0,1e+09,1e+09,1e+09,0,0,0,0,0,16,3,5.4687e-06,0,0.130758,3.80713,-233.041,-561.015,6511.77,-1.34891e+07,-0.606302,-1.04949,-0.104929,-0.034965,-0.16555,-0.0220425
9.16083e-05,0,0,0,1e+09,1e+09,1e+09,0,0,0,0,0,16,3,5.4687e-06,0,0.130758,3.8117,-226.189,-561.533,6493.39,-1.34541e+07,-0.604313,-1.05027,-0.104659,-0.0349638,-0.16564,-0.0220505
9.1667e-05,0,0,0,1e+09,1e+09,1e+09,0,0,0,0,0,16,3,5.4687e-06,0,0.130759,3.81625,-217.504,-568.595,6474.89,-1.34202e+07,-0.602285,-1.0511,-0.104394,-0.0349645,-0.165729,-0.0220584
9.17256e-05,0,0,0,1e+09,1e+09,1e+09,0,0,0,0,0,16,3,5.4687e-06,0,0.130759,3.82079,-207.831,-574.749,6456.81,-1.33877e+07,-0.600231,-1.05195,-0.104138,-0.034966,-0.165819,-0.0220663
9.17842e-05,0,0,0,1e+09,1e+09,1e+09,0,0,0,0,0,16,3,5.4687e-06,0,0.130759,3.82532,-206.159,-577.045,6438.91,-1.33564e+07,-0.59818,-1.05278,-0.103898,-0.034966,-0.165907,-0.0220743
9.18428e-05,0,0,0,1e+09,1e+09,1e+09,0,0,0,0,0,16,3,5.4687e-06,0,0.130759,3.82984,-207.535,-571.529,6421.49,-1.33263e+07,-0.596156,-1.05358,-0.103669,-0.034964,-0.165996,-0.0220821
9.19014e-05,0,0,0,1e+09,1e+09,1e+09,0,0,0,0,0,16,3,5.4687e-06,0,0.130759,3.83434,-206.686,-564.531,6404.05,-1.3297e+07,-0.594165,-1.05434,-0.103441,-0.0349618,-0.166085,-0.02209
9.196e-05,0,0,0,1e+09,1e+09,1e+09,0,0,0,0,0,16,3,5.4687e-06,0,0.13076,3.83883,-202.016,-560.939,6386.16,-1.32684e+07,-0.592206,-1.05508,-0.103205,-0.034961,-0.166174,-0.0220979
9.20186e-05,0,0,0,1e+09,1e+09,1e+09,0,0,0,0,0,16,3,5.4687e-06,0,0.13076,3.84331,-198.116,-559.69,6367.46,-1.324e+07,-0.590279,-1.05581,-0.102957,-0.0349608,-0.166262,-0.0221057
9.20772e-05,0,0,0,1e+09,1e+09,1e+09,0,0,0,0,0,16,3,5.4687e-06,0,0.13076,3.84778,-200.167,-558.241,6347.83,-1.32116e+07,-0.588374,-1.05654,-0.102697,-0.0349601,-0.16635,-0.0221135
9.21358e-05,0,0,0,1e+09,1e+09,1e+09,0,0,0,0,0,16,3,5.4687e-06,0,0.13076,3.85223,-208.443,-557.132,6327.8,-1.31826e+07,-0.586469,-1.05727,-0.102438,-0.034959,-0.166438,-0.0221213
9.21944e-05,0,0,0,1e+09,1e+09,1e+09,0,0,0,0,0,16,3,5.4687e-06,0,0.130761,3.85667,-217.536,-557.941,6308.62,-1.31526e+07,-0.584557,-1.05799,-0.102196,-0.0349582,-0.166526,-0.022129
9.22531e-05,0,0,0,1e+09,1e+09,1e+09,0,0,0,0,0,16,3,5.4687e-06,0,0.130761,3.86109,-225.865,-559.496,6290.76,-1.31211e+07,-0.582648,-1.0587,-0.101974,-0.0349578,-0.166614,-0.0221367
9.23117e-05,0,0,0,1e+09,1e+09,1e+09,0,0,0,0,0,16,3,5.4687e-06,0,0.130761,3.8655,-231.231,-558.597,6273.65,-1.30875e+07,-0.58076,-1.05938,-0.10176,-0.0349572,-0.166702,-0.0221444
9.23703e-05,0,0,0,1e+09,1e+09,1e+09,0,0,0,0,0,17,3,5.4687e-06,0,0.130761,3.8699,-230.296,-554.68,6256.42,-1.30511e+07,-0.578896,-1.06004,-0.101539,-0.0349564,-0.16679,-0.0221521
9.24289e-05,0,0,0,1e+09,1e+09,1e+09,0,0,0,0,0,17,3,5.4687e-06,0,0.130762,3.87429,-222.338,-549.072,6239.1,-1.30115e+07,-0.577045,-1.06069,-0.101311,-0.0349557,-0.166879,-0.0221598
9.24875e-05,0,0,0,1e+09,1e+09,1e+09,0,0,0,0,0,17,3,5.4687e-06,0,0.130762,3.87867,-211.859,-543.85,6222.25,-1.2968e+07,-0.575198,-1.06134,-0.101088,-0.0349551,-0.166968,-0.0221674
9.25461e-05,0,0,0,1e+09,1e+09,1e+09,0,0,0,0,0,17,3,5.4687e-06,0,0.130762,3.88303,-203.654,-541.423,6206.1,-1.29199e+07,-0.573346,-1.06198,-0.100876,-0.0349548,-0.167057,-0.022175
9.26047e-05,0,0,0,1e+09,1e+09,1e+09,0,0,0,0,0,17,3,5.4687e-06,0,0.130762,3.88738,-198.767,-543.505,6190.17,-1.28668e+07,-0.571486,-1.06262,-0.10067,-0.0349546,-0.167146,-0.0221826
9.26633e-05,0,0,0,1e+09,1e+09,1e+09,0,0,0,0,0,17,3,5.4687e-06,0,0.130762,3.89172,-196.216,-549.916,6173.59,-1.28086e+07,-0.569612,-1.06328,-0.100457,-0.0349549,-0.167236,-0.0221902
9.27219e-05,0,0,0,1e+09,1e+09,1e+09,0,0,0,0,0,17,3,5.4687e-06,0,0.130763,3.89604,-194.836,-558.096,6155.98,-1.2745e+07,-0.567727,-1.06398,-0.100229,-0.0349555,-0.167325,-0.0221977
9.27806e-05,0,0,0,1e+09,1e+09,1e+09,0,0,0,0,0,17,3,5.4687e-06,0,0.130763,3.90036,-193.913,-564.982,6137.59,-1.26764e+07,-0.565847,-1.06468,-0.0999916,-0.034956,-0.167415,-0.0222052
9.28392e-05,0,0,0,1e+09,1e+09,1e+09,0,0,0,0,0,17,3,5.4687e-06,0,0.130763,3.90466,-192.992,-570.314,6118.67,-1.2603e+07,-0.563993,-1.06537,-0.0997508,-0.0349562,-0.167503,-0.0222127
9.28978e-05,0,0,0,1e+09,1e+09,1e+09,0,0,0,0,0,17,3,5.4687e-06,0,0.130763,3.90895,-190.491,-575.014,6099.1,-1.25256e+07,-0.562167,-1.06605,-0.099504,-0.0349565,-0.167592,-0.0222202
9.29564e-05,0,0,0,1e+09,1e+09,1e+09,0,0,0,0,0,17,3,5.4687e-06,0,0.130764,3.91322,-184.839,-578.142,6078.73,-1.24448e+07,-0.560356,-1.06673,-0.0992444,-0.0349572,-0.16768,-0.0222276
9.3015e-05,0,0,0,1e+09,1e+09,1e+09,0,0,0,0,0,17,3,5.4687e-06,0,0.130764,3.91748,-179.384,-579.979,6057.94,-1.23616e+07,-0.558545,-1.06742,-0.0989752,-0.0349584,-0.167769,-0.022235
9.30736e-05,0,0,0,1e+09,1e+09,1e+09,0,0,0,0,0,17,3,5.4687e-06,0,0.130764,3.92172,-182.356,-581.491,6037,-1.22768e+07,-0.556714,-1.06811,-0.0987076,-0.0349606,-0.167859,-0.0222424
9.31322e-05,0,0,0,1e+09,1e+09,1e+09,0,0,0,0,0,17,3,5.4687e-06,0,0.130764,3.92595,-190.863,-581.312,6016.33,-1.21911e+07,-0.554841,-1.06884,-0.0984503,-0.0349635,-0.167948,-0.0222498
9.31908e-05,0,0,0,1e+09,1e+09,1e+09,0,0,0,0,0,17,3,5.4687e-06,0,0.130764,3.93016,-196.939,-577.747,5996.27,-1.21052e+07,-0.552924,-1.0696,-0.098206,-0.0349668,-0.168037,-0.0222571
9.32494e-05,0,0,0,1e+09,1e+09,1e+09,0,0,0,0,0,17,3,5.4687e-06,0,0.130765,3.93436,-200.002,-573.675,5976.49,-1.20194e+07,-0.550989,-1.07037,-0.0979673,-0.0349707,-0.168126,-0.0222644
9.3308e-05,0,0,0,1e+09,1e+09,1e+09,0,0,0,0,0,17,3,5.4687e-06,0,0.130765,3.93855,-199.612,-570.394,5955.97,-1.19341e+07,-0.549065,-1.07115,-0.0977138,-0.0349742,-0.168215,-0.0222717
9.33667e-05,0,0,0,1e+09,1e+09,1e+09,0,0,0,0,0,17,3,5.4687e-06,0,0.130765,3.94272,-197.086,-568.364,5933.79,-1.18494e+07,-0.547158,-1.07193,-0.0974311,-0.0349767,-0.168305,-0.022279
9.34253e-05,0,0,0,1e+09,1e+09,1e+09,0,0,0,0,0,17,3,5.4687e-06,0,0.130765,3.94688,-194.808,-567.383,5910.27,-1.17654e+07,-0.545249,-1.07274,-0.0971271,-0.0349785,-0.168396,-0.0222862
9.34839e-05,0,0,0,1e+09,1e+09,1e+09,0,0,0,0,0,17,3,5.4687e-06,0,0.130766,3.95102,-194.812,-567.778,5886.17,-1.16817e+07,-0.543323,-1.07356,-0.0968166,-0.0349804,-0.168485,-0.0222934
9.35425e-05,0,0,0,1e+09,1e+09,1e+09,0,0,0,0,0,17,3,5.4687e-06,0,0.130766,3.95514,-197.225,-569.247,5861.96,-1.15983e+07,-0.541372,-1.07441,-0.0965079,-0.0349829,-0.168576,-0.0223006
9.36011e-05,0,0,0,1e+09,1e+09,1e+09,0,0,0,0,0,17,3,5.4687e-06,0,0.130766,3.95924,-201.227,-571.135,5837.87,-1.15151e+07,-0.539397,-1.07528,-0.0962044,-0.0349859,-0.168669,-0.0223078
9.36597e-05,0,0,0,1e+09,1e+09,1e+09,0,0,0,0,0,17,3,5.4687e-06,0,0.130766,3.96332,-205.057,-572.826,5813.86,-1.14319e+07,-0.537396,-1.07617,-0.095905,-0.0349896,-0.168761,-0.0223149
9.37183e-05,0,0,0,1e+09,1e+09,1e+09,0,0,0,0,0,17,3,5.4687e-06,0,0.130767,3.96738,-206.281,-574.14,5789.44,-1.13489e+07,-0.53537,-1.07708,-0.0956014,-0.0349932,-0.168854,-0.0223221
9.37769e-05,0,0,0,1e+09,1e+09,1e+09,0,0,0,0,0,17,3,5.4687e-06,0,0.130767,3.97143,-203.501,-575.405,5764.11,-1.12663e+07,-0.533321,-1.07802,-0.0952855,-0.0349963,-0.168947,-0.0223292
9.38355e-05,0,0,0,1e+09,1e+09,1e+09,0,0,0,0,0,17,3,5.4687e-06,0,0.130767,3.97546,-196.722,-576.58,5738.04,-1.11845e+07,-0.531253,-1.07898,-0.0949596,-0.0349989,-0.169041,-0.0223362
9.38942e-05,0,0,0,1e+09,1e+09,1e+09,0,0,0,0,0,17,3,5.4687e-06,0,0.130767,3.97947,-188.504,-577.948,5712.03,-1.11039e+07,-0.529156,-1.07995,-0.0946359,-0.0350015,-0.169133,-0.0223433
9.39528e-05,0,0,0,1e+09,1e+09,1e+09,0,0,0,0,0,17,3,5.4687e-06,0,0.130767,3.98347,-183.026,-580.279,5686.67,-1.10251e+07,-0.527011,-1.08095,-0.0943216,-0.0350043,-0.169226,-0.0223503
9.40114e-05,0,0,0,1e+09,1e+09,1e+09,0,0,0,0,0,17,3,5.4687e-06,0,0.130768,3.98745,-182.398,-583.344,5661.84,-1.09485e+07,-0.524795,-1.08199,-0.0940134,-0.0350074,-0.169318,-0.0223573
9.407e-05,0,0,0,1e+09,1e+09,1e+09,0,0,0,0,0,17,3,5.4687e-06,0,0.130768,3.99142,-185.433,-585.649,5637.33,-1.08748e+07,-0.522492,-1.08311,-0.0937093,-0.0350105,-0.16941,-0.0223643
9.41286e-05,0,0,0,1e+09,1e+09,1e+09,0,0,0,0,0,17,3,5.4687e-06,0,0.130768,3.99537,-190.333,-586.641,5613.32,-1.08044e+07,-0.520097,-1.08431,-0.0934136,-0.0350136,-0.169503,-0.0223713
9.41872e-05,0,0,0,1e+09,1e+09,1e+09,0,0,0,0,0,17,3,5.4687e-06,0,0.130768,3.9993,-195.791,-586.838,5589.81,-1.07375e+07,-0.517617,-1.08559,-0.0931255,-0.0350168,-0.169595,-0.0223782
9.42458e-05,0,0,0,1e+09,1e+09,1e+09,0,0,0,0,0,17,3,5.4687e-06,0,0.130769,4.00321,-199.871,-585.926,5566.37,-1.06745e+07,-0.515066,-1.08695,-0.0928373,-0.0350195,-0.169688,-0.0223851
9.43044e-05,0,0,0,1e+09,1e+09,1e+09,0,0,0,0,0,17,3,5.4687e-06,0,0.130769,4.0071,-200,-581.937,5542.34,-1.06152e+07,-0.512457,-1.08838,-0.0925401,-0.0350212,-0.169781,-0.022392
9.4363e-05,0,0,0,1e+09,1e+09,1e+09,0,0,0,0,0,17,3,5.4687e-06,0,0.130769,4.01098,-197.7,-574.188,5517.47,-1.05595e+07,-0.509808,-1.08988,-0.0922308,-0.0350221,-0.169874,-0.0223988
9.44217e-05,0,0,0,1e+09,1e+09,1e+09,0,0,0,0,0,17,3,5.4687e-06,0,0.130769,4.01484,-197.406,-564.105,5492.3,-1.0507e+07,-0.507147,-1.09143,-0.0919144,-0.0350226,-0.169968,-0.0224057
9.44803e-05,0,0,0,1e+09,1e+09,1e+09,0,0,0,0,0,17,3,5.4687e-06,0,0.13077,4.01868,-201.933,-553.822,5468.01,-1.04571e+07,-0.504503,-1.09296,-0.0916062,-0.0350233,-0.170063,-0.0224125
9.45389e-05,0,0,0,1e+09,1e+09,1e+09,0,0,0,0,0,17,3,5.4687e-06,0,0.13077,4.02251,-212.068,-545.655,5445.51,-1.04093e+07,-0.501862,-1.09445,-0.0913214,-0.0350247,-0.170156,-0.0224193
9.45975e-05,0,0,0,1e+09,1e+09,1e+09,0,0,0,0,0,17,3,5.4687e-06,0,0.13077,4.02632,-226.819,-540.908,5424.84,-1.0363e+07,-0.499191,-1.09593,-0.0910624,-0.035027,-0.17025,-0.022426
9.46561e-05,0,0,0,1e+09,1e+09,1e+09,0,0,0,0,0,17,3,5.4687e-06,0,0.13077,4.03011,-242.562,-538.038,5405.37,-1.03176e+07,-0.496484,-1.09744,-0.0908187,-0.0350299,-0.170344,-0.0224328
9.47147e-05,0,0,0,1e+09,1e+09,1e+09,0,0,0,0,0,17,3,5.4687e-06,0,0.130771,4.0339,-254.375,-534.209,5386.42,-1.02727e+07,-0.493757,-1.09895,-0.0905799,-0.0350328,-0.170439,-0.0224395
9.47733e-05,0,0,0,1e+09,1e+09,1e+09,0,0,0,0,0,17,3,5.4687e-06,0,0.130771,4.03766,-259.499,-528.453,5368.15,-1.0228e+07,-0.491024,-1.10048,-0.0903474,-0.0350349,-0.170533,-0.0224462
9.48319e-05,0,0,0,1e+09,1e+09,1e+09,0,0,0,0,0,17,3,5.4687e-06,0,0.130771,4.04142,-258.163,-521.569,5351.54,-1.01835e+07,-0.488272,-1.102,-0.0901352,-0.035036,-0.170627,-0.0224529
9.48905e-05,0,0,0,1e+09,1e+09,1e+09,0,0,0,0,0,17,3,5.4687e-06,0,0.130771,4.04516,-254.924,-514.148,5337.11,-1.01392e+07,-0.485476,-1.10354,-0.0899526,-0.0350367,-0.170721,-0.0224595
9.49491e-05,0,0,0,1e+09,1e+09,1e+09,0,0,0,0,0,17,3,5.4687e-06,0,0.130771,4.0489,-253.895,-505.378,5324.3,-1.00958e+07,-0.482633,-1.10512,-0.0897919,-0.0350378,-0.170816,-0.0224661
9.50078e-05,0,0,0,1e+09,1e+09,1e+09,0,0,0,0,0,17,3,5.4687e-06,0,0.130772,4.05263,-254.944,-494.783,5312.4,-1.00536e+07,-0.479758,-1.10671,-0.0896412,-0.0350389,-0.170908,-0.0224727
9.50664e-05,0,0,0,1e+09,1e+09,1e+09,0,0,0,0,0,17,3,5.4687e-06,0,0.130772,4.05635,-256.806,-485.241,5301.68,-1.00131e+07,-0.476865,-1.10832,-0.0895035,-0.0350398,-0.171001,-0.0224793
9.5125e-05,0,0,0,1e+09,1e+09,1e+09,0,0,0,0,0,17,3,5.4687e-06,0,0.130772,4.06007,-259.951,-480.982,5292.9,-9.97496e+06,-0.473946,-1.10993,-0.0893901,-0.035041,-0.171094,-0.0224858
9.51836e-05,0,0,0,1e+09,1e+09,1e+09,0,0,0,0,0,17,3,5.4687e-06,0,0.130772,4.06378,-264.25,-482.305,5286.21,-9.93957e+06,-0.470993,-1.11156,-0.0893044,-0.0350428,-0.171188,-0.0224923
9.52422e-05,0,0,0,1e+09,1e+09,1e+09,0,0,0,0,0,17,3,5.4687e-06,0,0.130773,4.06748,-268.894,-485.603,5281.18,-9.90731e+06,-0.468007,-1.1132,-0.089242,-0.0350448,-0.17128,-0.0224988
9.53008e-05,0,0,0,1e+09,1e+09,1e+09,0,0,0,0,0,17,3,5.4687e-06,0,0.130773,4.07119,-273.709,-486.574,5277.22,-9.87849e+06,-0.464995,-1.11484,-0.0891953,-0.0350458,-0.171373,-0.0225053
9.53594e-05,0,0,0,1e+09,1e+09,1e+09,0,0,0,0,0,17,3,5.4687e-06,0,0.130773,4.07488,-278.583,-483.564,5274.16,-9.85335e+06,-0.461959,-1.11649,-0.0891597,-0.0350452,-0.171466,-0.0225117
9.5418e-05,0,0,0,1e+09,1e+09,1e+09,0,0,0,0,0,17,3,5.4687e-06,0,0.130773,4.07858,-282.626,-478.1,5272.32,-9.8321e+06,-0.458907,-1.11814,-0.0891377,-0.0350435,-0.171561,-0.0225181
9.54766e-05,0,0,0,1e+09,1e+09,1e+09,0,0,0,0,0,17,3,5.4687e-06,0,0.130774,4.08227,-285.646,-472.096,5271.78,-9.81497e+06,-0.45585,-1.11978,-0.0891311,-0.0350415,-0.171656,-0.0225245
9.55353e-05,0,0,0,1e+09,1e+09,1e+09,0,0,0,0,0,17,3,5.4687e-06,0,0.130774,4.08597,-289.545,-465.326,5271.83,-9.80224e+06,-0.452794,-1.12143,-0.0891332,-0.0350396,-0.171749,-0.0225308
9.55939e-05,0,0,0,1e+09,1e+09,1e+09,0,0,0,0,0,17,3,5.4687e-06,0,0.130774,4.08966,-296.311,-456.945,5271.8,-9.7941e+06,-0.449751,-1.12308,-0.0891356,-0.0350375,-0.171842,-0.0225371
9.56525e-05,0,0,0,1e+09,1e+09,1e+09,0,0,0,0,0,17,3,5.4687e-06,0,0.130774,4.09335,-307.826,-445.994,5271.36,-9.79069e+06,-0.446738,-1.12488,-0.0891333,-0.0350354,-0.171944,-0.0225434
9.57111e-05,0,0,0,1e+09,1e+09,1e+09,0,0,0,0,0,17,3,5.4687e-06,0,0.130775,4.09705,-325.52,-431.097,5270.25,-9.79208e+06,-0.443776,-1.12668,-0.0891251,-0.0350343,-0.172054,-0.0225497
9.57697e-05,0,0,0,1e+09,1e+09,1e+09,0,0,0,0,0,17,3,5.4687e-06,0,0.130775,4.10074,-348.164,-411.711,5268.63,-9.7982e+06,-0.440881,-1.12847,-0.089116,-0.0350353,-0.172163,-0.0225559
9.58283e-05,0,0,0,1e+09,1e+09,1e+09,0,0,0,0,0,17,3,5.4687e-06,0,0.130775,4.10443,-369.71,-387.893,5267.3,-9.80888e+06,-0.438084,-1.13022,-0.0891151,-0.0350381,-0.172272,-0.0225621
9.58869e-05,0,0,0,1e+09,1e+09,1e+09,0,0,0,0,0,17,3,5.4687e-06,0,0.130775,4.10812,-388.172,-361.79,5266.6,-9.82379e+06,-0.435452,-1.13175,-0.0891241,-0.0350412,-0.172376,-0.0225682
9.59455e-05,0,0,0,1e+09,1e+09,1e+09,0,0,0,0,0,17,3,5.4687e-06,0,0.130776,4.11182,-402.21,-335.41,5266.38,-9.8425e+06,-0.433039,-1.13296,-0.0891396,-0.0350442,-0.172474,-0.0225744
9.60041e-05,0,0,0,1e+09,1e+09,1e+09,0,0,0,0,0,17,3,5.4687e-06,0,0.130776,4.11551,-414.501,-313.037,5266.31,-9.86454e+06,-0.430816,-1.1339,-0.0891603,-0.0350484,-0.172569,-0.0225805
9.60627e-05,0,0,0,1e+09,1e+09,1e+09,0,0,0,0,0,17,3,5.4687e-06,0,0.130776,4.1192,-429.706,-298.283,5265.93,-9.8894e+06,-0.428683,-1.13477,-0.0891833,-0.0350551,-0.172661,-0.0225866
9.61214e-05,0,0,0,1e+09,1e+09,1e+09,0,0,0,0,0,17,3,5.4687e-06,0,0.130776,4.1229,-449.245,-289.724,5264.62,-9.91661e+06,-0.426547,-1.13568,-0.0891997,-0.0350641,-0.172755,-0.0225926
9.618e-05,0,0,0,1e+09,1e+09,1e+09,0,0,0,0,0,17,3,5.4687e-06,0,0.130777,4.12659,-468.277,-284.214,5261.93,-9.94566e+06,-0.424382,-1.13665,-0.0891989,-0.0350736,-0.172851,-0.0225986
9.62386e-05,0,0,0,1e+09,1e+09,1e+09,0,0,0,0,0,17,3,5.4687e-06,0,0.130777,4.13028,-486.412,-282.446,5257.69,-9.97612e+06,-0.422192,-1.13766,-0.0891778,-0.0350822,-0.172949,-0.0226046
9.62972e-05,0,0,0,1e+09,1e+09,1e+09,0,0,0,0,0,17,3,5.4687e-06,0,0.130777,4.13396,-501.706,-286.289,5252,-1.00077e+07,-0.419944,-1.13873,-0.0891365,-0.0350893,-0.173051,-0.0226106
9.63558e-05,0,0,0,1e+09,1e+09,1e+09,0,0,0,0,0,17,3,5.4687e-06,0,0.130777,4.13764,-509.826,-292.1,5244.45,-1.004e+07,-0.417594,-1.1399,-0.0890651,-0.0350949,-0.173154,-0.0226165
9.64144e-05,0,0,0,1e+09,1e+09,1e+09,0,0,0,0,0,17,3,5.4687e-06,0,0.130777,4.14131,-516.45,-293.152,5233.69,-1.00728e+07,-0.415137,-1.14122,-0.0889479,-0.0351002,-0.173258,-0.0226224
9.6473e-05,0,0,0,1e+09,1e+09,1e+09,0,0,0,0,0,17,3,5.4687e-06,0,0.130778,4.14498,-523.374,-284.084,5219.53,-1.01056e+07,-0.412619,-1.14265,-0.088781,-0.0351058,-0.173364,-0.0226282
9.65316e-05,0,0,0,1e+09,1e+09,1e+09,0,0,0,0,0,17,3,5.4687e-06,0,0.130778,4.14862,-530.634,-267.36,5202.97,-1.01381e+07,-0.410113,-1.14415,-0.0885785,-0.0351117,-0.173472,-0.022634
9.65902e-05,0,0,0,1e+09,1e+09,1e+09,0,0,0,0,0,17,3,5.4687e-06,0,0.130778,4.15226,-536.282,-250.711,5185.4,-1.01698e+07,-0.407664,-1.14566,-0.0883603,-0.0351168,-0.173579,-0.0226398
9.66489e-05,0,0,0,1e+09,1e+09,1e+09,0,0,0,0,0,17,3,5.4687e-06,0,0.130778,4.15588,-537.83,-240.235,5167.37,-1.02e+07,-0.40526,-1.14717,-0.0881352,-0.0351201,-0.173688,-0.0226456
9.67075e-05,0,0,0,1e+09,1e+09,1e+09,0,0,0,0,0,17,3,5.4687e-06,0,0.130779,4.15949,-534.814,-236.801,5148.04,-1.02284e+07,-0.40288,-1.14863,-0.0878924,-0.0351213,-0.173796,-0.0226513
9.67661e-05,0,0,0,1e+09,1e+09,1e+09,0,0,0,0,0,17,3,5.4687e-06,0,0.130779,4.16309,-528.623,-237.88,5126.33,-1.02542e+07,-0.400551,-1.15008,-0.0876179,-0.0351216,-0.173905,-0.022657
9.68247e-05,0,0,0,1e+09,1e+09,1e+09,0,0,0,0,0,17,3,5.4687e-06,0,0.130779,4.16667,-520.529,-240.912,5101.88,-1.02771e+07,-0.398305,-1.15147,-0.0873083,-0.0351219,-0.174014,-0.0226627
9.68833e-05,0,0,0,1e+09,1e+09,1e+09,0,0,0,0,0,17,3,5.4687e-06,0,0.130779,4.17024,-511.736,-243.325,5074.98,-1.02967e+07,-0.396127,-1.15279,-0.0869653,-0.035122,-0.174123,-0.0226683
9.69419e-05,0,0,0,1e+09,1e+09,1e+09,0,0,0,0,0,17,3,5.4687e-06,0,0.13078,4.17378,-502.641,-241.835,5046.58,-1.03128e+07,-0.393982,-1.1541,-0.0865963,-0.0351212,-0.17423,-0.0226739
9.70005e-05,0,0,0,1e+09,1e+09,1e+09,0,0,0,0,0,17,3,5.4687e-06,0,0.13078,4.1773,-492.674,-235.805,5017.57,-1.03255e+07,-0.391866,-1.15538,-0.0862124,-0.035119,-0.174335,-0.0226795
9.70591e-05,0,0,0,1e+09,1e+09,1e+09,0,0,0,0,0,17,3,5.4687e-06,0,0.13078,4.1808,-481.017,-228.966,4987.83,-1.0335e+07,-0.389809,-1.15658,-0.0858171,-0.0351163,-0.174438,-0.022685
9.71177e-05,0,0,0,1e+09,1e+09,1e+09,0,0,0,0,0,17,3,5.4687e-06,0,0.13078,4.18429,-464.346,-226.4,4956.68,-1.03418e+07,-0.38783,-1.15769,-0.0854028,-0.0351132,-0.174541,-0.0226905
9.71763e-05,0,0,0,1e+09,1e+09,1e+09,0,0,0,0,0,17,3,5.4687e-06,0,0.130781,4.18775,-441.48,-231.563,4923.88,-1.03464e+07,-0.385897,-1.15877,-0.0849648,-0.0351094,-0.174639,-0.022696
9.7235e-05,0,0,0,1e+09,1e+09,1e+09,0,0,0,0,0,17,3,5.4687e-06,0,0.130781,4.19118,-415.863,-243.469,4890.19,-1.03494e+07,-0.383935,-1.1599,-0.0845129,-0.0351051,-0.174735,-0.0227015
9.72936e-05,0,0,0,1e+09,1e+09,1e+09,0,0,0,0,0,17,3,5.4687e-06,0,0.130781,4.19459,-391.143,-260.034,4855.81,-1.03512e+07,-0.381893,-1.16108,-0.0840518,-0.0351009,-0.174833,-0.0227069
9.73522e-05,0,0,0,1e+09,1e+09,1e+09,0,0,0,0,0,17,3,5.4687e-06,0,0.130781,4.19798,-368.279,-284.723,4819.35,-1.03517e+07,-0.379776,-1.16231,-0.083566,-0.0350974,-0.174933,-0.0227123
9.74108e-05,0,0,0,1e+09,1e+09,1e+09,0,0,0,0,0,17,3,5.4687e-06,0,0.130782,4.20133,-346.245,-320.228,4780.09,-1.03509e+07,-0.377602,-1.1636,-0.0830439,-0.0350945,-0.175035,-0.0227176
9.74694e-05,0,0,0,1e+09,1e+09,1e+09,0,0,0,0,0,17,3,5.4687e-06,0,0.130782,4.20466,-324.485,-363.333,4738.96,-1.03482e+07,-0.375388,-1.16499,-0.0824937,-0.0350919,-0.175135,-0.0227229
9.7528e-05,0,0,0,1e+09,1e+09,1e+09,0,0,0,0,0,17,3,5.4687e-06,0,0.130782,4.20796,-301.766,-408.033,4696.93,-1.03426e+07,-0.373165,-1.16646,-0.0819261,-0.0350891,-0.175236,-0.0227282
9.75866e-05,0,0,0,1e+09,1e+09,1e+09,0,0,0,0,0,17,3,5.4687e-06,0,0.130782,4.21122,-278.254,-451.808,4654.26,-1.03334e+07,-0.370986,-1.16794,-0.0813463,-0.035086,-0.175336,-0.0227335
9.76452e-05,0,0,0,1e+09,1e+09,1e+09,0,0,0,0,0,17,3,5.4687e-06,0,0.130783,4.21446,-254.77,-494.597,4611.16,-1.03196e+07,-0.368881,-1.16937,-0.0807594,-0.0350832,-0.175435,-0.0227387
9.77038e-05,0,0,0,1e+09,1e+09,1e+09,0,0,0,0,0,18,3,5.4687e-06,0,0.130783,4.21766,-230.4,-530.902,4567.96,-1.03005e+07,-0.366805,-1.17075,-0.0801703,-0.0350812,-0.175533,-0.0227439
9.77625e-05,0,0,0,1e+09,1e+09,1e+09,0,0,0,0,0,18,3,5.4687e-06,0,0.130783,4.22083,-210.875,-560.318,4524.85,-1.02753e+07,-0.364706,-1.17215,-0.0795822,-0.0350798,-0.175631,-0.022749
9.78211e-05,0,0,0,1e+09,1e+09,1e+09,0,0,0,0,0,18,3,5.4687e-06,0,0.130783,4.22397,-196.134,-579.835,4482.2,-1.02441e+07,-0.362577,-1.17365,-0.0789959,-0.0350782,-0.175729,-0.0227542
9.78797e-05,0,0,0,1e+09,1e+09,1e+09,0,0,0,0,0,18,3,5.4687e-06,0,0.130784,4.22707,-189.548,-594.808,4439.28,-1.02069e+07,-0.360446,-1.17522,-0.0784066,-0.0350765,-0.175833,-0.0227593
9.79383e-05,0,0,0,1e+09,1e+09,1e+09,0,0,0,0,0,18,3,5.4687e-06,0,0.130784,4.23014,-189.138,-611.984,4394.73,-1.0164e+07,-0.358312,-1.1768,-0.0778041,-0.0350754,-0.175939,-0.0227643
9.79969e-05,0,0,0,1e+09,1e+09,1e+09,0,0,0,0,0,18,3,5.4687e-06,0,0.130784,4.23318,-185.312,-625.287,4348.63,-1.0116e+07,-0.356121,-1.17838,-0.0771834,-0.0350749,-0.176044,-0.0227694
9.80555e-05,0,0,0,1e+09,1e+09,1e+09,0,0,0,0,0,18,3,5.4687e-06,0,0.130784,4.23619,-183.537,-634.401,4301.58,-1.00633e+07,-0.353819,-1.18003,-0.076551,-0.0350742,-0.176148,-0.0227744
9.81141e-05,0,0,0,1e+09,1e+09,1e+09,0,0,0,0,0,18,3,5.4687e-06,0,0.130785,4.23916,-183.774,-636.511,4254.65,-1.00063e+07,-0.351395,-1.18179,-0.0759203,-0.0350726,-0.176254,-0.0227793
9.81727e-05,0,0,0,1e+09,1e+09,1e+09,0,0,0,0,0,18,3,5.4687e-06,0,0.130785,4.24209,-183.975,-628.429,4208.59,-9.94496e+06,-0.348863,-1.18369,-0.0753027,-0.0350708,-0.17636,-0.0227843
9.82313e-05,0,0,0,1e+09,1e+09,1e+09,0,0,0,0,0,18,3,5.4687e-06,0,0.130785,4.24499,-182.629,-622.052,4163.42,-9.87922e+06,-0.346254,-1.18572,-0.0747014,-0.0350697,-0.176464,-0.0227892
9.82899e-05,0,0,0,1e+09,1e+09,1e+09,0,0,0,0,0,18,3,5.4687e-06,0,0.130785,4.24786,-178.851,-618.863,4118.98,-9.8087e+06,-0.343613,-1.1878,-0.0741154,-0.0350703,-0.17657,-0.0227941
9.83486e-05,0,0,0,1e+09,1e+09,1e+09,0,0,0,0,0,18,3,5.4687e-06,0,0.130786,4.2507,-172.946,-618.554,4075.2,-9.73275e+06,-0.340946,-1.18986,-0.0735434,-0.0350724,-0.176676,-0.022799
9.84072e-05,0,0,0,1e+09,1e+09,1e+09,0,0,0,0,0,18,3,5.4687e-06,0,0.130786,4.2535,-166.741,-620.139,4031.95,-9.65067e+06,-0.338219,-1.19193,-0.0729844,-0.0350765,-0.176785,-0.0228038
9.84658e-05,0,0,0,1e+09,1e+09,1e+09,0,0,0,0,0,18,3,5.4687e-06,0,0.130786,4.25627,-161.508,-622.525,3988.9,-9.56178e+06,-0.335394,-1.19406,-0.0724351,-0.0350819,-0.176894,-0.0228086
9.85244e-05,0,0,0,1e+09,1e+09,1e+09,0,0,0,0,0,18,3,5.4687e-06,0,0.130786,4.25902,-155.641,-625.49,3946.29,-9.46556e+06,-0.332445,-1.1963,-0.0718981,-0.0350882,-0.177005,-0.0228134
9.8583e-05,0,0,0,1e+09,1e+09,1e+09,0,0,0,0,0,18,3,5.4687e-06,0,0.130787,4.26173,-147.318,-629.583,3905.08,-9.36171e+06,-0.32937,-1.19866,-0.0713851,-0.0350955,-0.177115,-0.0228181
9.86416e-05,0,0,0,1e+09,1e+09,1e+09,0,0,0,0,0,18,3,5.4687e-06,0,0.130787,4.26441,-137.113,-634.88,3865.95,-9.25038e+06,-0.326192,-1.20113,-0.0709038,-0.0351037,-0.177224,-0.0228229
9.87002e-05,0,0,0,1e+09,1e+09,1e+09,0,0,0,0,0,18,3,5.4687e-06,0,0.130787,4.26707,-129.844,-640.519,3828.6,-9.13207e+06,-0.322942,-1.20363,-0.0704503,-0.0351128,-0.177332,-0.0228275
9.87588e-05,0,0,0,1e+09,1e+09,1e+09,0,0,0,0,0,18,3,5.4687e-06,0,0.130787,4.2697,-129.095,-645.809,3792.86,-9.00753e+06,-0.319617,-1.20617,-0.0700221,-0.0351229,-0.177438,-0.0228322
9.88174e-05,0,0,0,1e+09,1e+09,1e+09,0,0,0,0,0,18,3,5.4687e-06,0,0.130788,4.27231,-132.373,-650.853,3759.29,-8.87785e+06,-0.31621,-1.20874,-0.0696257,-0.0351343,-0.177546,-0.0228369
9.88761e-05,0,0,0,1e+09,1e+09,1e+09,0,0,0,0,0,18,3,5.4687e-06,0,0.130788,4.27489,-134.24,-656.578,3727.78,-8.74428e+06,-0.31273,-1.21134,-0.0692615,-0.0351471,-0.177656,-0.0228415
9.89347e-05,0,0,0,1e+09,1e+09,1e+09,0,0,0,0,0,18,3,5.4687e-06,0,0.130788,4.27745,-131.296,-664.093,3697.66,-8.6081e+06,-0.30918,-1.21395,-0.0689226,-0.0351607,-0.177766,-0.0228461
9.89933e-05,0,0,0,1e+09,1e+09,1e+09,0,0,0,0,0,18,3,5.4687e-06,0,0.130788,4.27999,-125.809,-673.317,3669.07,-8.47041e+06,-0.305565,-1.21664,-0.068607,-0.0351749,-0.177878,-0.0228506
9.90519e-05,0,0,0,1e+09,1e+09,1e+09,0,0,0,0,0,18,3,5.4687e-06,0,0.130789,4.28252,-120.112,-682.819,3642.83,-8.33205e+06,-0.301898,-1.21942,-0.068319,-0.0351893,-0.17799,-0.0228552
9.91105e-05,0,0,0,1e+09,1e+09,1e+09,0,0,0,0,0,18,3,5.4687e-06,0,0.130789,4.28502,-112.919,-689.669,3619.06,-8.19347e+06,-0.298199,-1.22222,-0.0680561,-0.0352035,-0.178104,-0.0228597
9.91691e-05,0,0,0,1e+09,1e+09,1e+09,0,0,0,0,0,18,3,5.4687e-06,0,0.130789,4.28751,-99.2131,-697.338,3595.9,-8.05467e+06,-0.294485,-1.22496,-0.0678091,-0.0352188,-0.17822,-0.0228642
9.92277e-05,0,0,0,1e+09,1e+09,1e+09,0,0,0,0,0,18,3,5.4687e-06,0,0.130789,4.28998,-79.3121,-716.088,3570.38,-7.91536e+06,-0.290748,-1.22768,-0.0675637,-0.0352387,-0.178335,-0.0228686
9.92863e-05,0,0,0,1e+09,1e+09,1e+09,0,0,0,0,0,18,3,5.4687e-06,0,0.13079,4.29244,-64.4973,-743.036,3541.88,-7.77486e+06,-0.286978,-1.23041,-0.0672957,-0.035265,-0.178456,-0.0228731
9.93449e-05,0,0,0,1e+09,1e+09,1e+09,0,0,0,0,0,18,3,5.4687e-06,0,0.13079,4.29487,-52.7749,-768.688,3513.07,-7.63235e+06,-0.283181,-1.2332,-0.0670105,-0.0352963,-0.178572,-0.0228775
9.94036e-05,0,0,0,1e+09,1e+09,1e+09,0,0,0,0,0,18,3,5.4687e-06,0,0.13079,4.29728,-35.5671,-788.111,3489.73,-7.48716e+06,-0.279339,-1.23598,-0.0667749,-0.0353286,-0.178693,-0.0228819
9.94622e-05,0,0,0,1e+09,1e+09,1e+09,0,0,0,0,0,18,3,5.4687e-06,0,0.13079,4.29968,-17.7746,-804.775,3472.66,-7.33906e+06,-0.275415,-1.23878,-0.0666255,-0.0353611,-0.17881,-0.0228862
9.95208e-05,0,0,0,1e+09,1e+09,1e+09,0,0,0,0,0,18,3,5.4687e-06,0,0.130791,4.30206,-9.1132,-822.231,3455.64,-7.18823e+06,-0.271404,-1.24167,-0.0665078,-0.0353956,-0.178927,-0.0228906
9.95794e-05,0,0,0,1e+09,1e+09,1e+09,0,0,0,0,0,18,3,5.4687e-06,0,0.130791,4.30443,-8.10502,-835.872,3435.74,-7.0352e+06,-0.267371,-1.24465,-0.0663675,-0.0354335,-0.179039,-0.0228949
9.9638e-05,0,0,0,1e+09,1e+09,1e+09,0,0,0,0,0,18,3,5.4687e-06,0,0.130791,4.30679,1.7918,-849.322,3418.03,-6.88088e+06,-0.263382,-1.24763,-0.0662394,-0.0354769,-0.179156,-0.0228992
9.96966e-05,0,0,0,1e+09,1e+09,1e+09,0,0,0,0,0,18,3,5.4687e-06,0,0.130791,4.30914,28.6609,-872.306,3403.28,-6.72655e+06,-0.259453,-1.2505,-0.0661384,-0.0355303,-0.179271,-0.0229035
9.97552e-05,0,0,0,1e+09,1e+09,1e+09,0,0,0,0,0,18,3,5.4687e-06,0,0.130792,4.31147,58.0728,-900.667,3385.6,-6.57379e+06,-0.255551,-1.25335,-0.0660165,-0.0355939,-0.179388,-0.0229077
9.98138e-05,0,0,0,1e+09,1e+09,1e+09,0,0,0,0,0,18,3,5.4687e-06,0,0.130792,4.31379,72.8816,-925.338,3365.75,-6.42415e+06,-0.251631,-1.25622,-0.0658877,-0.0356633,-0.179506,-0.022912
9.98724e-05,0,0,0,1e+09,1e+09,1e+09,0,0,0,0,0,18,3,5.4687e-06,0,0.130792,4.3161,78.8196,-949.353,3349.21,-6.27901e+06,-0.247687,-1.25911,-0.0658133,-0.035738,-0.179626,-0.0229162
9.9931e-05,0,0,0,1e+09,1e+09,1e+09,0,0,0,0,0,18,3,5.4687e-06,0,0.130792,4.3184,89.7314,-976.336,3337.28,-6.13951e+06,-0.243756,-1.262,-0.0658028,-0.0358198,-0.179743,-0.0229204
9.99897e-05,0,0,0,1e+09,1e+09,1e+09,0,0,0,0,0,18,3,5.4687e-06,0,0.130793,4.32069,103.04,-999.206,3327.65,-6.00652e+06,-0.239853,-1.26487,-0.0658164,-0.0359084,-0.179863,-0.0229245
0.000100048,0,0,0,1e+09,1e+09,1e+09,0,0,0,0,0,18,4,5.48051e-06,0,0.130793,4.32297,91.4658,-1008.33,3318.63,-5.88063e+06,-0.235974,-1.26769,-0.0658151,-0.0360063,-0.179983,-0.0229287
0.000100107,0,0,0,1e+09,1e+09,1e+09,0,0,0,0,0,18,4,5.48051e-06,0,0.130793,4.32525,73.2083,-1017.56,3306.79,-5.76199e+06,-0.232123,-1.27052,-0.0657936,-0.0361162,-0.180104,-0.0229328
0.000100165,0,0,0,1e+09,1e+09,1e+09,0,0,0,0,0,18,4,5.48051e-06,0,0.130793,4.32752,51.8929,-1026.87,3294.59,-5.65042e+06,-0.228309,-1.27334,-0.0657781,-0.0362357,-0.180226,-0.0229369
0.000100224,0,0,0,1e+09,1e+09,1e+09,0,0,0,0,0,18,4,5.48051e-06,0,0.130794,4.32978,32.8903,-1042.7,3283.21,-5.54554e+06,-0.224532,-1.27618,-0.0657833,-0.0363636,-0.180351,-0.022941
0.000100283,0,0,0,1e+09,1e+09,1e+09,0,0,0,0,0,19,4,5.48051e-06,0,0.130794,4.33204,22.5116,-1074.72,3271.85,-5.44689e+06,-0.220827,-1.27926,-0.0658037,-0.0365031,-0.180497,-0.0229451
0.000100341,0,0,0,1e+09,1e+09,1e+09,0,0,0,0,0,19,4,5.48051e-06,0,0.130794,4.33429,21.2039,-1112.9,3262.83,-5.354e+06,-0.217243,-1.28217,-0.0658539,-0.0366512,-0.180644,-0.0229492
0.0001004,0,0,0,1e+09,1e+09,1e+09,0,0,0,0,0,19,4,5.48051e-06,0,0.130794,4.33652,18.6291,-1141.48,3258.44,-5.26637e+06,-0.21377,-1.28495,-0.0659498,-0.0367991,-0.180781,-0.0229532
0.000100459,0,0,0,1e+09,1e+09,1e+09,0,0,0,0,0,19,4,5.48051e-06,0,0.130795,4.33876,2.7117,-1165.06,3255.33,-5.18401e+06,-0.210368,-1.28759,-0.0660675,-0.0369431,-0.180917,-0.0229572
0.000100517,0,0,0,1e+09,1e+09,1e+09,0,0,0,0,0,19,4,5.48051e-06,0,0.130795,4.34099,-26.2717,-1191.34,3250.5,-5.10688e+06,-0.207013,-1.29012,-0.0661822,-0.0370862,-0.18105,-0.0229613
0.000100576,0,0,0,1e+09,1e+09,1e+09,0,0,0,0,0,19,4,5.48051e-06,0,0.130795,4.34321,-56.8045,-1210.84,3246.83,-5.03493e+06,-0.203707,-1.29256,-0.0663051,-0.0372293,-0.181185,-0.0229653
0.000100634,0,0,0,1e+09,1e+09,1e+09,0,0,0,0,0,19,4,5.48051e-06,0,0.130795,4.34543,-79.281,-1222.79,3246.51,-4.96837e+06,-0.200468,-1.29487,-0.0664517,-0.0373745,-0.18132,-0.0229692
0.000100693,0,0,0,1e+09,1e+09,1e+09,0,0,0,0,0,19,4,5.48051e-06,0,0.130796,4.34765,-87.8946,-1229.14,3247.79,-4.90727e+06,-0.197341,-1.29744,-0.0666224,-0.0375307,-0.181467,-0.0229732
0.000100752,0,0,0,1e+09,1e+09,1e+09,0,0,0,0,0,19,4,5.48051e-06,0,0.130796,4.34988,-81.9541,-1226.27,3248.97,-4.85175e+06,-0.194462,-1.29943,-0.0667989,-0.0376992,-0.181653,-0.0229772
0.00010081,0,0,0,1e+09,1e+09,1e+09,0,0,0,0,0,19,4,5.48051e-06,0,0.130796,4.35211,-72.4688,-1222.01,3245.71,-4.80181e+06,-0.191756,-1.30102,-0.0669054,-0.037865,-0.181816,-0.0229811
0.000100869,0,0,0,1e+09,1e+09,1e+09,0,0,0,0,0,19,4,5.48051e-06,0,0.130796,4.35433,-61.629,-1212.38,3235.65,-4.75703e+06,-0.189059,-1.30291,-0.0669107,-0.0380174,-0.181956,-0.022985
0.000100927,0,0,0,1e+09,1e+09,1e+09,0,0,0,0,0,19,4,5.48051e-06,0,0.130797,4.35654,-50.9382,-1210.46,3225.72,-4.71697e+06,-0.186432,-1.30484,-0.0669399,-0.0381831,-0.182087,-0.022989
0.000100986,0,0,0,1e+09,1e+09,1e+09,0,0,0,0,0,19,4,5.48051e-06,0,0.130797,4.35875,-47.1706,-1215.49,3227.06,-4.68113e+06,-0.183965,-1.30647,-0.0671482,-0.0383876,-0.182223,-0.0229929
0.000101045,0,0,0,1e+09,1e+09,1e+09,0,0,0,0,0,19,4,5.48051e-06,0,0.130797,4.36097,-55.828,-1214.59,3242.61,-4.64915e+06,-0.181666,-1.3077,-0.0675481,-0.0386201,-0.182359,-0.0229968
0.000101103,0,0,0,1e+09,1e+09,1e+09,0,0,0,0,0,19,4,5.48051e-06,0,0.130797,4.3632,-67.8794,-1212.53,3261.44,-4.62119e+06,-0.179489,-1.30878,-0.0679942,-0.0388604,-0.182496,-0.0230007
0.000101162,0,0,0,1e+09,1e+09,1e+09,0,0,0,0,0,19,4,5.48051e-06,0,0.130798,4.36544,-62.6924,-1220.58,3271.24,-4.59781e+06,-0.177378,-1.3099,-0.0683308,-0.0390979,-0.182643,-0.0230045
0.00010122,0,0,0,1e+09,1e+09,1e+09,0,0,0,0,0,19,4,5.48051e-06,0,0.130798,4.36768,-31.0077,-1232.04,3272.71,-4.57963e+06,-0.175305,-1.31118,-0.0685483,-0.0393312,-0.182782,-0.0230084
0.000101279,0,0,0,1e+09,1e+09,1e+09,0,0,0,0,0,19,4,5.48051e-06,0,0.130798,4.36992,12.6768,-1240.06,3273.52,-4.56729e+06,-0.1733,-1.3126,-0.0687495,-0.0395684,-0.182919,-0.0230123
0.000101338,0,0,0,1e+09,1e+09,1e+09,0,0,0,0,0,19,4,5.48051e-06,0,0.130799,4.37217,44.9688,-1254.77,3276.81,-4.56165e+06,-0.171429,-1.31382,-0.0690162,-0.0398219,-0.183067,-0.0230162
0.000101396,0,0,0,1e+09,1e+09,1e+09,0,0,0,0,0,19,4,5.48051e-06,0,0.130799,4.37443,55.5355,-1276.69,3284.3,-4.5638e+06,-0.169701,-1.31484,-0.0693642,-0.0400823,-0.183203,-0.02302
0.000101455,0,0,0,1e+09,1e+09,1e+09,0,0,0,0,0,19,4,5.48051e-06,0,0.130799,4.3767,49.1125,-1284.26,3295.53,-4.57471e+06,-0.16809,-1.31578,-0.0697298,-0.0403185,-0.183349,-0.0230239
0.000101514,0,0,0,1e+09,1e+09,1e+09,0,0,0,0,0,19,4,5.48051e-06,0,0.130799,4.37897,24.0762,-1271.13,3303.02,-4.59544e+06,-0.166596,-1.31659,-0.0700066,-0.0405183,-0.183487,-0.0230277
0.000101572,0,0,0,1e+09,1e+09,1e+09,0,0,0,0,0,19,4,5.48051e-06,0,0.1308,4.38124,-17.0923,-1252.95,3301.75,-4.62657e+06,-0.165225,-1.31735,-0.0701727,-0.0407042,-0.183616,-0.0230316
0.000101631,0,0,0,1e+09,1e+09,1e+09,0,0,0,0,0,19,4,5.48051e-06,0,0.1308,4.38352,-58.2139,-1232.3,3297.76,-4.66806e+06,-0.163967,-1.318,-0.0703128,-0.0408979,-0.183753,-0.0230354
0.000101689,0,0,0,1e+09,1e+09,1e+09,0,0,0,0,0,19,4,5.48051e-06,0,0.1308,4.38579,-90.5612,-1207.76,3294.5,-4.71924e+06,-0.162825,-1.31857,-0.0704498,-0.0410992,-0.183882,-0.0230393
0.000101748,0,0,0,1e+09,1e+09,1e+09,0,0,0,0,0,19,4,5.48051e-06,0,0.1308,4.38805,-107.62,-1201.52,3282.37,-4.77911e+06,-0.161816,-1.31911,-0.0704748,-0.0413048,-0.184011,-0.0230431
0.000101807,0,0,0,1e+09,1e+09,1e+09,0,0,0,0,0,19,4,5.48051e-06,0,0.130801,4.39029,-98.8618,-1230.85,3257.25,-4.84592e+06,-0.160933,-1.31958,-0.0703703,-0.0415124,-0.184139,-0.023047
0.000101865,0,0,0,1e+09,1e+09,1e+09,0,0,0,0,0,19,4,5.48051e-06,0,0.130801,4.39252,-72.5595,-1254.03,3233.98,-4.91716e+06,-0.160112,-1.32003,-0.0702916,-0.041704,-0.184259,-0.0230508
0.000101924,0,0,0,1e+09,1e+09,1e+09,0,0,0,0,0,19,4,5.48051e-06,0,0.130801,4.39473,-82.0274,-1238.02,3218.2,-4.99049e+06,-0.159317,-1.32038,-0.0702776,-0.0418682,-0.184382,-0.0230547
0.000101982,0,0,0,1e+09,1e+09,1e+09,0,0,0,0,0,19,4,5.48051e-06,0,0.130801,4.39692,-133.962,-1218.01,3193.85,-5.06397e+06,-0.158564,-1.32069,-0.0701901,-0.0420186,-0.184501,-0.0230586
0.000102041,0,0,0,1e+09,1e+09,1e+09,0,0,0,0,0,19,4,5.48051e-06,0,0.130802,4.39909,-189.764,-1203.38,3156.07,-5.13575e+06,-0.157847,-1.32111,-0.0699549,-0.0421565,-0.184613,-0.0230624
0.0001021,0,0,0,1e+09,1e+09,1e+09,0,0,0,0,0,19,4,5.48051e-06,0,0.130802,4.40122,-230.961,-1161.15,3112.92,-5.20397e+06,-0.157173,-1.32159,-0.0695897,-0.0422609,-0.184723,-0.0230663
0.000102158,0,0,0,1e+09,1e+09,1e+09,0,0,0,0,0,19,4,5.48051e-06,0,0.130802,4.40332,-244.029,-1117.27,3062.72,-5.26755e+06,-0.156595,-1.3223,-0.0691069,-0.0423455,-0.184841,-0.0230702
0.000102217,0,0,0,1e+09,1e+09,1e+09,0,0,0,0,0,19,4,5.48051e-06,0,0.130802,4.40538,-221.088,-1119.72,3005.35,-5.32583e+06,-0.156112,-1.32291,-0.0685692,-0.0424429,-0.184963,-0.023074
0.000102275,0,0,0,1e+09,1e+09,1e+09,0,0,0,0,0,19,4,5.48051e-06,0,0.130803,4.40739,-179.888,-1130.09,2953.91,-5.37854e+06,-0.15568,-1.32323,-0.0681012,-0.0425492,-0.185076,-0.0230779
0.000102334,0,0,0,1e+09,1e+09,1e+09,0,0,0,0,0,19,4,5.48051e-06,0,0.130803,4.40937,-160.047,-1107.67,2909.73,-5.42597e+06,-0.155269,-1.32335,-0.0676893,-0.0426405,-0.185181,-0.0230818
0.000102393,0,0,0,1e+09,1e+09,1e+09,0,0,0,0,0,19,4,5.48051e-06,0,0.130803,4.41131,-177.765,-1070.41,2860.17,-5.46909e+06,-0.154851,-1.32355,-0.0672012,-0.0426979,-0.185287,-0.0230857
0.000102451,0,0,0,1e+09,1e+09,1e+09,0,0,0,0,0,19,4,5.48051e-06,0,0.130803,4.4132,-213.432,-1027.33,2803.78,-5.50846e+06,-0.154377,-1.32387,-0.0666151,-0.042715,-0.18539,-0.0230896
0.00010251,0,0,0,1e+09,1e+09,1e+09,0,0,0,0,0,19,4,5.48051e-06,0,0.130804,4.41506,-243.432,-963.743,2748.67,-5.54462e+06,-0.153869,-1.32424,-0.0660149,-0.0427108,-0.185493,-0.0230935
0.000102569,0,0,0,1e+09,1e+09,1e+09,0,0,0,0,0,19,4,5.48051e-06,0,0.130804,4.41688,-265.518,-920.513,2694.32,-5.57806e+06,-0.153402,-1.32453,-0.0654414,-0.0427215,-0.185598,-0.0230974
0.000102627,0,0,0,1e+09,1e+09,1e+09,0,0,0,0,0,19,4,5.48051e-06,0,0.130804,4.41866,-267.654,-908.144,2637.6,-5.60907e+06,-0.152995,-1.32478,-0.0648771,-0.042753,-0.185705,-0.0231014
0.000102686,0,0,0,1e+09,1e+09,1e+09,0,0,0,0,0,20,4,5.48051e-06,0,0.130804,4.42039,-273.437,-897.619,2578.01,-5.63758e+06,-0.152583,-1.32503,-0.0642828,-0.042776,-0.185811,-0.0231053
0.000102744,0,0,0,1e+09,1e+09,1e+09,0,0,0,0,0,20,4,5.48051e-06,0,0.130805,4.42208,-294.939,-860.753,2516.69,-5.66325e+06,-0.152115,-1.3254,-0.0636438,-0.0427777,-0.185917,-0.0231093
0.000102803,0,0,0,1e+09,1e+09,1e+09,0,0,0,0,0,20,4,5.48051e-06,0,0.130805,4.42371,-313.566,-832.685,2451.99,-5.68572e+06,-0.151583,-1.32586,-0.0629777,-0.0427763,-0.186023,-0.0231132
0.000102862,0,0,0,1e+09,1e+09,1e+09,0,0,0,0,0,20,4,5.48051e-06,0,0.130805,4.4253,-310.941,-826.019,2391.06,-5.70421e+06,-0.151011,-1.32634,-0.0623495,-0.0427733,-0.186134,-0.0231172
0.00010292,0,0,0,1e+09,1e+09,1e+09,0,0,0,0,0,20,4,5.48051e-06,0,0.130805,4.42685,-260.255,-811.673,2341.73,-5.71806e+06,-0.150439,-1.32682,-0.0618074,-0.0427567,-0.186252,-0.0231212
0.000102979,0,0,0,1e+09,1e+09,1e+09,0,0,0,0,0,20,4,5.48051e-06,0,0.130806,4.42835,-182.517,-792.835,2298.27,-5.7267e+06,-0.149899,-1.32727,-0.0613117,-0.0427367,-0.186368,-0.0231251
0.000103037,0,0,0,1e+09,1e+09,1e+09,0,0,0,0,0,20,4,5.48051e-06,0,0.130806,4.42983,-129.482,-769.31,2252.62,-5.72992e+06,-0.149364,-1.32773,-0.060812,-0.0427277,-0.186485,-0.0231291
0.000103096,0,0,0,1e+09,1e+09,1e+09,0,0,0,0,0,20,4,5.48051e-06,0,0.130806,4.43127,-121.619,-699.991,2205.68,-5.72726e+06,-0.148776,-1.32824,-0.0603101,-0.0427161,-0.186599,-0.0231331
0.000103155,0,0,0,1e+09,1e+09,1e+09,0,0,0,0,0,20,4,5.48051e-06,0,0.130807,4.43267,-137.784,-596.012,2159.48,-5.71854e+06,-0.148144,-1.32881,-0.0598204,-0.0426991,-0.186708,-0.0231371
0.000103213,0,0,0,1e+09,1e+09,1e+09,0,0,0,0,0,20,4,5.48051e-06,0,0.130807,4.43405,-154.5,-521.932,2113.5,-5.70361e+06,-0.147518,-1.32936,-0.0593462,-0.0426886,-0.18682,-0.0231412
0.000103272,0,0,0,1e+09,1e+09,1e+09,0,0,0,0,0,20,4,5.48051e-06,0,0.130807,4.4354,-141.725,-524.597,2068.75,-5.68232e+06,-0.146906,-1.3298,-0.0588995,-0.0426862,-0.186932,-0.0231452
0.00010333,0,0,0,1e+09,1e+09,1e+09,0,0,0,0,0,20,4,5.48051e-06,0,0.130807,4.43671,-88.7716,-565.96,2029.36,-5.65433e+06,-0.146238,-1.33028,-0.0585108,-0.0426874,-0.187044,-0.0231492
0.000103389,0,0,0,1e+09,1e+09,1e+09,0,0,0,0,0,20,4,5.48051e-06,0,0.130808,4.43801,-16.9095,-585.925,1996.93,-5.61956e+06,-0.145451,-1.33079,-0.0581801,-0.0426866,-0.187152,-0.0231533
0.000103448,0,0,0,1e+09,1e+09,1e+09,0,0,0,0,0,20,4,5.48051e-06,0,0.130808,4.43928,35.3756,-598.179,1965.22,-5.57831e+06,-0.144561,-1.33144,-0.0578646,-0.0426899,-0.187259,-0.0231573
0.000103506,0,0,0,1e+09,1e+09,1e+09,0,0,0,0,0,20,4,5.48051e-06,0,0.130808,4.44053,49.828,-616.9,1932.74,-5.53082e+06,-0.143615,-1.33216,-0.0575549,-0.0426988,-0.187367,-0.0231614
0.000103565,0,0,0,1e+09,1e+09,1e+09,0,0,0,0,0,20,4,5.48051e-06,0,0.130808,4.44176,26.8284,-613.79,1903.98,-5.47714e+06,-0.142642,-1.33292,-0.0572877,-0.0427043,-0.187474,-0.0231654
0.000103624,0,0,0,1e+09,1e+09,1e+09,0,0,0,0,0,20,4,5.48051e-06,0,0.130809,4.44297,-9.79906,-585.773,1880.08,-5.41773e+06,-0.141654,-1.33365,-0.0570652,-0.0427063,-0.187581,-0.0231695
0.000103682,0,0,0,1e+09,1e+09,1e+09,0,0,0,0,0,20,4,5.48051e-06,0,0.130809,4.44416,-20.9968,-582.584,1855.3,-5.35303e+06,-0.140668,-1.33436,-0.05684,-0.042712,-0.187687,-0.0231736
0.000103741,0,0,0,1e+09,1e+09,1e+09,0,0,0,0,0,20,4,5.48051e-06,0,0.130809,4.44534,7.01989,-623.699,1829.39,-5.28358e+06,-0.139703,-1.33502,-0.0566078,-0.0427247,-0.18779,-0.0231777
0.000103799,0,0,0,1e+09,1e+09,1e+09,0,0,0,0,0,20,4,5.48051e-06,0,0.130809,4.4465,47.481,-679.933,1807.17,-5.20983e+06,-0.138736,-1.3357,-0.0564102,-0.0427432,-0.187892,-0.0231818
0.000103858,0,0,0,1e+09,1e+09,1e+09,0,0,0,0,0,20,4,5.48051e-06,0,0.13081,4.44765,62.2939,-698.725,1790.27,-5.1322e+06,-0.137728,-1.33635,-0.056263,-0.0427581,-0.187994,-0.0231859
0.000103917,0,0,0,1e+09,1e+09,1e+09,0,0,0,0,0,20,4,5.48051e-06,0,0.13081,4.44878,33.2682,-684.879,1772.91,-5.05126e+06,-0.136666,-1.33699,-0.0561174,-0.042764,-0.1881,-0.02319
0.000103975,0,0,0,1e+09,1e+09,1e+09,0,0,0,0,0,20,4,5.48051e-06,0,0.13081,4.4499,-22.7261,-650.397,1752.2,-4.96767e+06,-0.135553,-1.33768,-0.0559489,-0.0427633,-0.188206,-0.0231941
0.000104034,0,0,0,1e+09,1e+09,1e+09,0,0,0,0,0,20,4,5.48051e-06,0,0.13081,4.451,-75.6782,-604.531,1733.96,-4.88204e+06,-0.134407,-1.33844,-0.0557928,-0.0427604,-0.188312,-0.0231982
0.000104092,0,0,0,1e+09,1e+09,1e+09,0,0,0,0,0,20,4,5.48051e-06,0,0.130811,4.45209,-104.038,-585.07,1720.42,-4.79501e+06,-0.133268,-1.33918,-0.0556611,-0.0427611,-0.188418,-0.0232024
0.000104151,0,0,0,1e+09,1e+09,1e+09,0,0,0,0,0,20,4,5.48051e-06,0,0.130811,4.45318,-77.3977,-622.176,1706.69,-4.70697e+06,-0.13217,-1.33985,-0.0555432,-0.0427728,-0.188525,-0.0232065
0.00010421,0,0,0,1e+09,1e+09,1e+09,0,0,0,0,0,20,4,5.48051e-06,0,0.130811,4.45426,-20.0767,-679.276,1690.89,-4.61844e+06,-0.131089,-1.34046,-0.0554588,-0.0427956,-0.188631,-0.0232107
0.000104268,0,0,0,1e+09,1e+09,1e+09,0,0,0,0,0,20,4,5.48051e-06,0,0.130811,4.45533,-10.2914,-692.116,1683.27,-4.52962e+06,-0.129976,-1.34106,-0.0554305,-0.0428134,-0.188745,-0.0232148
0.000104327,0,0,0,1e+09,1e+09,1e+09,0,0,0,0,0,20,4,5.48051e-06,0,0.130812,4.45639,-42.9871,-662.754,1679.63,-4.44062e+06,-0.12883,-1.34163,-0.0554188,-0.0428154,-0.188847,-0.023219
0.000104385,0,0,0,1e+09,1e+09,1e+09,0,0,0,0,0,20,4,5.48051e-06,0,0.130812,4.45745,-103.913,-621.543,1674.81,-4.35182e+06,-0.127672,-1.34224,-0.0553801,-0.0428163,-0.188956,-0.0232232
0.000104444,0,0,0,1e+09,1e+09,1e+09,0,0,0,0,0,20,4,5.48051e-06,0,0.130812,4.4585,-146.016,-615.886,1666.78,-4.26365e+06,-0.126536,-1.34285,-0.0553189,-0.04283,-0.189063,-0.0232273
0.000104503,0,0,0,1e+09,1e+09,1e+09,0,0,0,0,0,20,4,5.48051e-06,0,0.130813,4.45953,-158.169,-627.01,1659.79,-4.17607e+06,-0.125411,-1.34347,-0.0552821,-0.0428495,-0.189171,-0.0232315
0.000104561,0,0,0,1e+09,1e+09,1e+09,0,0,0,0,0,20,4,5.48051e-06,0,0.130813,4.46057,-146.852,-648.763,1655.73,-4.08933e+06,-0.124269,-1.34404,-0.0553051,-0.0428648,-0.189281,-0.0232357
0.00010462,0,0,0,1e+09,1e+09,1e+09,0,0,0,0,0,20,4,5.48051e-06,0,0.130813,4.4616,-113.264,-668.078,1653.19,-4.00343e+06,-0.123112,-1.34461,-0.0553792,-0.0428788,-0.189386,-0.02324
0.000104679,0,0,0,1e+09,1e+09,1e+09,0,0,0,0,0,20,4,5.48051e-06,0,0.130813,4.46263,-121.018,-647.644,1657.4,-3.91899e+06,-0.121959,-1.34525,-0.0554731,-0.0428902,-0.189495,-0.0232442
0.000104737,0,0,0,1e+09,1e+09,1e+09,0,0,0,0,0,20,4,5.48051e-06,0,0.130814,4.46367,-129.871,-619.727,1664.76,-3.83634e+06,-0.120825,-1.34581,-0.0555634,-0.042899,-0.189597,-0.0232484
0.000104796,0,0,0,1e+09,1e+09,1e+09,0,0,0,0,0,20,4,5.48051e-06,0,0.130814,4.46471,-140.443,-615.018,1671.33,-3.7558e+06,-0.119731,-1.34633,-0.0556468,-0.0429146,-0.189704,-0.0232527
0.000104854,0,0,0,1e+09,1e+09,1e+09,0,0,0,0,0,20,4,5.48051e-06,0,0.130814,4.46575,-151.391,-618.697,1676.34,-3.67809e+06,-0.118689,-1.34678,-0.0557283,-0.0429355,-0.189811,-0.023257
0.000104913,0,0,0,1e+09,1e+09,1e+09,0,0,0,0,0,20,4,5.48051e-06,0,0.130814,4.4668,-154.249,-622.763,1680.46,-3.603e+06,-0.117691,-1.34713,-0.0558036,-0.0429561,-0.189918,-0.0232613
0.000104972,0,0,0,1e+09,1e+09,1e+09,0,0,0,0,0,20,4,5.48051e-06,0,0.130815,4.46784,-146.914,-632.658,1681.93,-3.53099e+06,-0.116717,-1.34751,-0.0558735,-0.0429755,-0.190028,-0.0232656
0.00010503,0,0,0,1e+09,1e+09,1e+09,0,0,0,0,0,20,4,5.48051e-06,0,0.130815,4.46889,-129.581,-657.634,1680.87,-3.46222e+06,-0.115731,-1.34805,-0.055971,-0.0429952,-0.19015,-0.0232699
0.000105089,0,0,0,1e+09,1e+09,1e+09,0,0,0,0,0,20,4,5.48051e-06,0,0.130815,4.46993,-158.657,-639.109,1690.12,-3.39658e+06,-0.114739,-1.34866,-0.0561149,-0.0430116,-0.190275,-0.0232742
0.000105147,0,0,0,1e+09,1e+09,1e+09,0,0,0,0,0,20,4,5.48051e-06,0,0.130815,4.47098,-172.252,-618.758,1704.32,-3.33447e+06,-0.113775,-1.34913,-0.0562728,-0.0430275,-0.19039,-0.0232786
0.000105206,0,0,0,1e+09,1e+09,1e+09,0,0,0,0,0,20,4,5.48051e-06,0,0.130816,4.47203,-158.666,-623.989,1717.23,-3.27591e+06,-0.112844,-1.34953,-0.0564227,-0.0430505,-0.190505,-0.0232829
0.000105265,0,0,0,1e+09,1e+09,1e+09,0,0,0,0,0,20,4,5.48051e-06,0,0.130816,4.4731,-137.358,-633.038,1728.3,-3.22148e+06,-0.111922,-1.34988,-0.0565619,-0.0430763,-0.190618,-0.0232873
0.000105323,0,0,0,1e+09,1e+09,1e+09,0,0,0,0,0,20,4,5.48051e-06,0,0.130816,4.47416,-126.303,-639.556,1737.44,-3.17069e+06,-0.110976,-1.3502,-0.0566857,-0.0430942,-0.190729,-0.0232917
0.000105382,0,0,0,1e+09,1e+09,1e+09,0,0,0,0,0,20,4,5.48051e-06,0,0.130816,4.47524,-134.935,-640.179,1742.93,-3.12342e+06,-0.109996,-1.3506,-0.056784,-0.0431001,-0.190842,-0.0232962
0.00010544,0,0,0,1e+09,1e+09,1e+09,0,0,0,0,0,20,4,5.48051e-06,0,0.130817,4.47631,-147.24,-654.665,1739.6,-3.07982e+06,-0.10901,-1.35103,-0.0568554,-0.0431048,-0.190953,-0.0233006
0.000105499,0,0,0,1e+09,1e+09,1e+09,0,0,0,0,0,20,4,5.48051e-06,0,0.130817,4.47739,-189.932,-668.543,1734.51,-3.03898e+06,-0.108058,-1.35173,-0.0569151,-0.0431216,-0.191075,-0.0233051
0.000105558,0,0,0,1e+09,1e+09,1e+09,0,0,0,0,0,20,4,5.48051e-06,0,0.130817,4.47846,-216.591,-660.72,1735.3,-3.0008e+06,-0.107171,-1.35233,-0.0569719,-0.0431395,-0.191207,-0.0233096
0.000105616,0,0,0,1e+09,1e+09,1e+09,0,0,0,0,0,20,4,5.48051e-06,0,0.130817,4.47955,-210.089,-652,1739.74,-2.96499e+06,-0.10636,-1.35273,-0.0570064,-0.0431532,-0.191322,-0.0233141
0.000105675,0,0,0,1e+09,1e+09,1e+09,0,0,0,0,0,20,4,5.48051e-06,0,0.130818,4.48063,-180.209,-656.031,1740.66,-2.93184e+06,-0.105615,-1.35311,-0.057,-0.0431646,-0.191431,-0.0233186
0.000105733,0,0,0,1e+09,1e+09,1e+09,0,0,0,0,0,20,4,5.48051e-06,0,0.130818,4.48172,-160.711,-649.648,1738.46,-2.90134e+06,-0.104909,-1.35344,-0.0569557,-0.0431677,-0.191537,-0.0233231
0.000105792,0,0,0,1e+09,1e+09,1e+09,0,0,0,0,0,20,4,5.48051e-06,0,0.130818,4.48282,-159.441,-625.977,1733.02,-2.87371e+06,-0.104238,-1.35374,-0.0568765,-0.0431613,-0.191638,-0.0233277
0.000105851,0,0,0,1e+09,1e+09,1e+09,0,0,0,0,0,20,4,5.48051e-06,0,0.130819,4.48391,-181.282,-604.618,1722.22,-2.84928e+06,-0.103616,-1.35407,-0.0567599,-0.0431556,-0.191739,-0.0233323
0.000105909,0,0,0,1e+09,1e+09,1e+09,0,0,0,0,0,20,4,5.48051e-06,0,0.130819,4.48498,-211.391,-614.225,1703.09,-2.82745e+06,-0.103045,-1.35439,-0.0566021,-0.0431598,-0.191842,-0.0233369
0.000105968,0,0,0,1e+09,1e+09,1e+09,0,0,0,0,0,20,4,5.48051e-06,0,0.130819,4.48604,-206.889,-643.237,1676.32,-2.80818e+06,-0.102528,-1.3546,-0.0564075,-0.0431715,-0.191941,-0.0233415
0.000106027,0,0,0,1e+09,1e+09,1e+09,0,0,0,0,0,20,4,5.48051e-06,0,0.130819,4.48709,-186.73,-662.408,1648.63,-2.79071e+06,-0.10203,-1.35492,-0.0562027,-0.0431788,-0.192042,-0.0233461
0.000106085,0,0,0,1e+09,1e+09,1e+09,0,0,0,0,0,20,4,5.48051e-06,0,0.13082,4.48811,-182.223,-626.341,1628.41,-2.7741e+06,-0.101552,-1.35533,-0.0560168,-0.0431717,-0.192151,-0.0233508
0.000106144,0,0,0,1e+09,1e+09,1e+09,0,0,0,0,0,20,4,5.48051e-06,0,0.13082,4.48913,-201.934,-555.14,1613.63,-2.75808e+06,-0.101164,-1.35549,-0.0558203,-0.0431626,-0.192254,-0.0233555
0.000106202,0,0,0,1e+09,1e+09,1e+09,0,0,0,0,0,20,4,5.48051e-06,0,0.13082,4.49014,-201.248,-509.349,1595.95,-2.74242e+06,-0.100839,-1.35578,-0.0555961,-0.0431622,-0.192353,-0.0233602
0.000106261,0,0,0,1e+09,1e+09,1e+09,0,0,0,0,0,20,4,5.48051e-06,0,0.13082,4.49113,-190.835,-503.329,1573.87,-2.72652e+06,-0.100537,-1.35606,-0.0553537,-0.0431696,-0.19245,-0.0233649
0.00010632,0,0,0,1e+09,1e+09,1e+09,0,0,0,0,0,20,4,5.48051e-06,0,0.130821,4.49211,-184.812,-507.902,1548.46,-2.70969e+06,-0.100245,-1.35628,-0.0550983,-0.04318,-0.192548,-0.0233697
0.000106378,0,0,0,1e+09,1e+09,1e+09,0,0,0,0,0,20,4,5.48051e-06,0,0.130821,4.49307,-192.506,-506.431,1520.09,-2.69135e+06,-0.0999351,-1.35647,-0.0548287,-0.043191,-0.192645,-0.0233745
0.000106437,0,0,0,1e+09,1e+09,1e+09,0,0,0,0,0,20,4,5.48051e-06,0,0.130821,4.494,-195.657,-487.098,1491.14,-2.67062e+06,-0.0995657,-1.35669,-0.0545665,-0.0431956,-0.192742,-0.0233793
0.000106495,0,0,0,1e+09,1e+09,1e+09,0,0,0,0,0,20,4,5.48051e-06,0,0.130821,4.49492,-199.5,-449.674,1465.58,-2.64596e+06,-0.0991356,-1.35702,-0.0543474,-0.0431917,-0.192847,-0.0233841
0.000106554,0,0,0,1e+09,1e+09,1e+09,0,0,0,0,0,20,4,5.48051e-06,0,0.130822,4.49581,-213.041,-406.796,1444.74,-2.61654e+06,-0.0987207,-1.35724,-0.054162,-0.0431933,-0.192947,-0.0233889
0.000106613,0,0,0,1e+09,1e+09,1e+09,0,0,0,0,0,20,4,5.48051e-06,0,0.130822,4.49669,-213.266,-389.072,1424.04,-2.58129e+06,-0.0983242,-1.35746,-0.0539675,-0.0432051,-0.193044,-0.0233938
0.000106671,0,0,0,1e+09,1e+09,1e+09,0,0,0,0,0,20,4,5.48051e-06,0,0.130822,4.49755,-198.637,-390.049,1401.42,-2.53939e+06,-0.0978839,-1.35769,-0.0537563,-0.0432213,-0.193142,-0.0233987
0.00010673,0,0,0,1e+09,1e+09,1e+09,0,0,0,0,0,20,4,5.48051e-06,0,0.130822,4.4984,-194.294,-382.174,1378.18,-2.49025e+06,-0.0973745,-1.35793,-0.0535443,-0.0432349,-0.193241,-0.0234036
0.000106788,0,0,0,1e+09,1e+09,1e+09,0,0,0,0,0,20,4,5.48051e-06,0,0.130823,4.49922,-213.105,-355.647,1356.35,-2.43322e+06,-0.0968113,-1.35818,-0.0533499,-0.0432466,-0.193338,-0.0234086
0.000106847,0,0,0,1e+09,1e+09,1e+09,0,0,0,0,0,20,4,5.48051e-06,0,0.130823,4.50003,-239.337,-334.581,1336.97,-2.36824e+06,-0.0962285,-1.35843,-0.0531829,-0.0432656,-0.193437,-0.0234135
0.000106906,0,0,0,1e+09,1e+09,1e+09,0,0,0,0,0,20,4,5.48051e-06,0,0.130823,4.50082,-248.164,-343.064,1318.94,-2.29561e+06,-0.0956487,-1.35867,-0.0530313,-0.0432939,-0.193538,-0.0234185
0.000106964,0,0,0,1e+09,1e+09,1e+09,0,0,0,0,0,20,4,5.48051e-06,0,0.130824,4.5016,-236.069,-367.157,1301.54,-2.21622e+06,-0.0950652,-1.35891,-0.0528847,-0.0433248,-0.193637,-0.0234236
0.000107023,0,0,0,1e+09,1e+09,1e+09,0,0,0,0,0,20,4,5.48051e-06,0,0.130824,4.50235,-217.08,-379.124,1284.9,-2.13092e+06,-0.0944537,-1.3592,-0.0527412,-0.0433512,-0.193741,-0.0234286
0.000107082,0,0,0,1e+09,1e+09,1e+09,0,0,0,0,0,20,4,5.48051e-06,0,0.130824,4.5031,-202.116,-376.176,1269.77,-2.04087e+06,-0.0937889,-1.3595,-0.052608,-0.043371,-0.193851,-0.0234337
0.00010714,0,0,0,1e+09,1e+09,1e+09,0,0,0,0,0,20,4,5.48051e-06,0,0.130824,4.50383,-202.055,-354.079,1257.75,-1.94794e+06,-0.0930593,-1.35974,-0.0525014,-0.0433842,-0.193961,-0.0234388
0.000107199,0,0,0,1e+09,1e+09,1e+09,0,0,0,0,0,20,4,5.48051e-06,0,0.130825,4.50456,-220.032,-307.913,1248.43,-1.85352e+06,-0.0922869,-1.36006,-0.0524205,-0.0433949,-0.194067,-0.023444
0.000107257,0,0,0,1e+09,1e+09,1e+09,0,0,0,0,0,20,4,5.48051e-06,0,0.130825,4.50527,-237.653,-246.894,1240.27,-1.75893e+06,-0.0915012,-1.36046,-0.0523471,-0.0434037,-0.194175,-0.0234492
0.000107316,0,0,0,1e+09,1e+09,1e+09,0,0,0,0,0,20,4,5.48051e-06,0,0.130825,4.50598,-238.951,-188.539,1232.88,-1.66583e+06,-0.0907285,-1.36086,-0.0522764,-0.0434108,-0.194288,-0.0234544
0.000107375,0,0,0,1e+09,1e+09,1e+09,0,0,0,0,0,20,4,5.48051e-06,0,0.130825,4.50668,-221.884,-154.797,1226.89,-1.57528e+06,-0.0899945,-1.36119,-0.052219,-0.0434197,-0.194401,-0.0234596
0.000107433,0,0,0,1e+09,1e+09,1e+09,0,0,0,0,0,20,4,5.48051e-06,0,0.130826,4.50738,-192.411,-148.898,1223.02,-1.48813e+06,-0.0892932,-1.3615,-0.0521851,-0.0434317,-0.194509,-0.0234649
0.000107492,0,0,0,1e+09,1e+09,1e+09,0,0,0,0,0,20,4,5.48051e-06,0,0.130826,4.50807,-170.267,-153.758,1220.91,-1.40486e+06,-0.088594,-1.36176,-0.0521726,-0.0434459,-0.194624,-0.0234703
0.00010755,0,0,0,1e+09,1e+09,1e+09,0,0,0,0,0,20,4,5.48051e-06,0,0.130826,4.50876,-167.909,-155.796,1219.58,-1.32592e+06,-0.0878778,-1.36201,-0.0521702,-0.0434614,-0.194733,-0.0234757
0.000107609,0,0,0,1e+09,1e+09,1e+09,0,0,0,0,0,20,4,5.48051e-06,0,0.130826,4.50945,-173.949,-163.412,1217.69,-1.25169e+06,-0.0871459,-1.36232,-0.0521681,-0.0434768,-0.194841,-0.0234811
0.000107668,0,0,0,1e+09,1e+09,1e+09,0,0,0,0,0,20,4,5.48051e-06,0,0.130827,4.51014,-175.363,-183.078,1215.85,-1.18246e+06,-0.0864167,-1.36271,-0.05217,-0.0434916,-0.194947,-0.0234865
0.000107726,0,0,0,1e+09,1e+09,1e+09,0,0,0,0,0,20,4,5.48051e-06,0,0.130827,4.51083,-169.642,-197.035,1215.53,-1.1185e+06,-0.0857045,-1.36313,-0.0521863,-0.0435058,-0.195055,-0.023492
0.000107785,0,0,0,1e+09,1e+09,1e+09,0,0,0,0,0,20,4,5.48051e-06,0,0.130827,4.51153,-172.563,-198.636,1217.75,-1.06018e+06,-0.0849977,-1.36351,-0.0522263,-0.0435191,-0.195164,-0.0234976
0.000107843,0,0,0,1e+09,1e+09,1e+09,0,0,0,0,0,20,4,5.48051e-06,0,0.130828,4.51223,-186.688,-183.261,1222.66,-1.00801e+06,-0.0842806,-1.36406,-0.0522922,-0.0435308,-0.195282,-0.0235032
0.000107902,0,0,0,1e+09,1e+09,1e+09,0,0,0,0,0,20,4,5.48051e-06,0,0.130828,4.51294,-204.129,-151.626,1229.12,-962733,-0.0835438,-1.36438,-0.0523761,-0.0435403,-0.195394,-0.0235088
0.000107961,0,0,0,1e+09,1e+09,1e+09,0,0,0,0,0,20,4,5.48051e-06,0,0.130828,4.51366,-217.805,-115.666,1235.48,-924791,-0.0827795,-1.36477,-0.0524657,-0.0435477,-0.195504,-0.0235145
0.000108019,0,0,0,1e+09,1e+09,1e+09,0,0,0,0,0,20,4,5.48051e-06,0,0.130828,4.51437,-224.276,-86.1957,1241.74,-894010,-0.0819804,-1.3651,-0.0525581,-0.0435539,-0.195606,-0.0235203
0.000108078,0,0,0,1e+09,1e+09,1e+09,0,0,0,0,0,20,4,5.48051e-06,0,0.130829,4.5151,-226.612,-62.3787,1249.29,-870371,-0.0811554,-1.36546,-0.0526612,-0.043559,-0.195707,-0.0235261
0.000108137,0,0,0,1e+09,1e+09,1e+09,0,0,0,0,0,20,4,5.48051e-06,0,0.130829,4.51584,-228.918,-36.2143,1259.13,-853916,-0.0803029,-1.36573,-0.0527839,-0.0435636,-0.195807,-0.0235319
0.000108195,0,0,0,1e+09,1e+09,1e+09,0,0,0,0,0,20,4,5.48051e-06,0,0.130829,4.51659,-232.346,-3.61241,1270.38,-844049,-0.0794197,-1.36596,-0.0529238,-0.0435678,-0.195905,-0.0235378
0.000108254,0,0,0,1e+09,1e+09,1e+09,0,0,0,0,0,20,4,5.48051e-06,0,0.130829,4.51735,-232.132,26.3073,1280.94,-840391,-0.0785087,-1.3662,-0.0530705,-0.0435719,-0.195999,-0.0235437
0.000108312,0,0,0,1e+09,1e+09,1e+09,0,0,0,0,0,20,4,5.48051e-06,0,0.13083,4.51812,-229.678,41.6587,1290.07,-842834,-0.077582,-1.36649,-0.0532162,-0.043576,-0.19609,-0.0235497
0.000108371,0,0,0,1e+09,1e+09,1e+09,0,0,0,0,0,20,4,5.48051e-06,0,0.13083,4.5189,-221.624,45.7289,1298.21,-851382,-0.0766518,-1.36682,-0.0533559,-0.0435798,-0.196181,-0.0235558
0.00010843,0,0,0,1e+09,1e+09,1e+09,0,0,0,0,0,20,4,5.48051e-06,0,0.13083,4.51968,-208.222,43.0828,1305.63,-866100,-0.0757326,-1.36721,-0.0534914,-0.043584,-0.196277,-0.0235619
0.000108488,0,0,0,1e+09,1e+09,1e+09,0,0,0,0,0,20,4,5.48051e-06,0,0.13083,4.52047,-193.291,49.0907,1312.62,-887262,-0.0748366,-1.36743,-0.0536221,-0.0435895,-0.196374,-0.0235681
0.000108547,0,0,0,1e+09,1e+09,1e+09,0,0,0,0,0,20,4,5.48051e-06,0,0.130831,4.52126,-176.251,71.4854,1317.8,-915501,-0.0739525,-1.3676,-0.0537399,-0.0435976,-0.19647,-0.0235743
0.000108605,0,0,0,1e+09,1e+09,1e+09,0,0,0,0,0,20,4,5.48051e-06,0,0.130831,4.52205,-161.452,102.541,1320.22,-951408,-0.073064,-1.3679,-0.0538374,-0.0436096,-0.196564,-0.0235806
0.000108664,0,0,0,1e+09,1e+09,1e+09,0,0,0,0,0,20,4,5.48051e-06,0,0.130831,4.52284,-169.278,128.399,1320.93,-995397,-0.0721761,-1.3683,-0.0539166,-0.0436252,-0.19666,-0.0235869
0.000108723,0,0,0,1e+09,1e+09,1e+09,0,0,0,0,0,20,4,5.48051e-06,0,0.130831,4.52364,-193.655,144.797,1320.51,-1.048e+06,-0.0712936,-1.36871,-0.0539843,-0.0436431,-0.196757,-0.0235933
0.000108781,0,0,0,1e+09,1e+09,1e+09,0,0,0,0,0,20,4,5.48051e-06,0,0.130832,4.52444,-227.56,154.322,1319.71,-1.10932e+06,-0.0704124,-1.36905,-0.0540423,-0.0436607,-0.196851,-0.0235998
0.00010884,0,0,0,1e+09,1e+09,1e+09,0,0,0,0,0,20,4,5.48051e-06,0,0.130832,4.52523,-259.084,157.505,1318.04,-1.17921e+06,-0.0695273,-1.36936,-0.0540879,-0.0436766,-0.196946,-0.0236063
0.000108898,0,0,0,1e+09,1e+09,1e+09,0,0,0,0,0,20,4,5.48051e-06,0,0.130832,4.52601,-280.647,157.217,1315.15,-1.25735e+06,-0.0686362,-1.36971,-0.054118,-0.0436906,-0.197041,-0.0236129
0.000108957,0,0,0,1e+09,1e+09,1e+09,0,0,0,0,0,20,4,5.48051e-06,0,0.130833,4.52679,-287.611,153.894,1311.2,-1.34307e+06,-0.0677459,-1.37014,-0.0541313,-0.043702,-0.197138,-0.0236195
0.000109016,0,0,0,1e+09,1e+09,1e+09,0,0,0,0,0,20,4,5.48051e-06,0,0.130833,4.52756,-284.605,144.934,1306.48,-1.43547e+06,-0.0668658,-1.37055,-0.0541316,-0.0437107,-0.19724,-0.0236262
0.000109074,0,0,0,1e+09,1e+09,1e+09,0,0,0,0,0,20,4,5.48051e-06,0,0.130833,4.52832,-277.104,132.973,1301.75,-1.53419e+06,-0.0659927,-1.37094,-0.054129,-0.0437179,-0.197341,-0.0236329
0.000109133,0,0,0,1e+09,1e+09,1e+09,0,0,0,0,0,20,4,5.48051e-06,0,0.130833,4.52908,-266.266,125.921,1297.58,-1.63906e+06,-0.0651162,-1.37137,-0.0541303,-0.0437257,-0.197442,-0.0236397
0.000109192,0,0,0,1e+09,1e+09,1e+09,0,0,0,0,0,20,4,5.48051e-06,0,0.130834,4.52983,-255.515,125.219,1293.74,-1.74991e+06,-0.0642385,-1.37182,-0.0541339,-0.0437343,-0.197543,-0.0236466
0.00010925,0,0,0,1e+09,1e+09,1e+09,0,0,0,0,0,20,4,5.48051e-06,0,0.130834,4.53058,-248.509,124.169,1289.42,-1.86706e+06,-0.0633618,-1.37227,-0.0541326,-0.0437437,-0.197645,-0.0236535
0.000109309,0,0,0,1e+09,1e+09,1e+09,0,0,0,0,0,20,4,5.48051e-06,0,0.130834,4.53133,-247.321,116.514,1284.24,-1.99113e+06,-0.0624778,-1.37273,-0.0541239,-0.0437537,-0.197748,-0.0236604
0.000109367,0,0,0,1e+09,1e+09,1e+09,0,0,0,0,0,20,4,5.48051e-06,0,0.130834,4.53207,-252.787,103.385,1278.71,-2.12269e+06,-0.0615797,-1.37326,-0.0541132,-0.0437647,-0.197852,-0.0236674
0.000109426,0,0,0,1e+09,1e+09,1e+09,0,0,0,0,0,20,4,5.48051e-06,0,0.130835,4.5328,-266.602,88.2296,1273.97,-2.26193e+06,-0.0606789,-1.37386,-0.0541077,-0.0437765,-0.197958,-0.0236745
0.000109485,0,0,0,1e+09,1e+09,1e+09,0,0,0,0,0,20,4,5.48051e-06,0,0.130835,4.53353,-287.312,69.6215,1271.61,-2.40901e+06,-0.0597979,-1.37443,-0.0541172,-0.0437872,-0.198068,-0.0236816
0.000109543,0,0,0,1e+09,1e+09,1e+09,0,0,0,0,0,20,4,5.48051e-06,0,0.130835,4.53426,-286.975,52.737,1271.4,-2.56374e+06,-0.0589397,-1.37496,-0.0541503,-0.0437961,-0.198175,-0.0236888
0.000109602,0,0,0,1e+09,1e+09,1e+09,0,0,0,0,0,20,4,5.48051e-06,0,0.130835,4.53499,-276.468,50.8438,1272.34,-2.7256e+06,-0.0580818,-1.37545,-0.0541988,-0.0438043,-0.198279,-0.023696
0.00010966,0,0,0,1e+09,1e+09,1e+09,0,0,0,0,0,20,4,5.48051e-06,0,0.130836,4.53574,-273.36,61.2947,1272.84,-2.89378e+06,-0.0572017,-1.3759,-0.0542445,-0.0438142,-0.198381,-0.0237033
0.000109719,0,0,0,1e+09,1e+09,1e+09,0,0,0,0,0,20,4,5.48051e-06,0,0.130836,4.53649,-274.775,73.6087,1272.16,-3.0671e+06,-0.0563013,-1.37634,-0.0542779,-0.0438252,-0.198479,-0.0237106
0.000109778,0,0,0,1e+09,1e+09,1e+09,0,0,0,0,0,20,4,5.48051e-06,0,0.130836,4.53724,-274.84,77.5804,1271.07,-3.24379e+06,-0.0553958,-1.37689,-0.0543033,-0.0438355,-0.198572,-0.0237179
0.000109836,0,0,0,1e+09,1e+09,1e+09,0,0,0,0,0,20,4,5.48051e-06,0,0.130837,4.538,-259.483,61.0193,1272.39,-3.42216e+06,-0.0545069,-1.37752,-0.0543467,-0.0438415,-0.198666,-0.0237253
0.000109895,0,0,0,1e+09,1e+09,1e+09,0,0,0,0,0,20,4,5.48051e-06,0,0.130837,4.53877,-235.549,31.0051,1276.68,-3.60071e+06,-0.0536366,-1.37806,-0.0544186,-0.0438461,-0.198755,-0.0237328
0.000109953,0,0,0,1e+09,1e+09,1e+09,0,0,0,0,0,20,4,5.48051e-06,0,0.130837,4.53954,-225.316,12.8623,1281.56,-3.77774e+06,-0.0527726,-1.37853,-0.0545017,-0.0438535,-0.198844,-0.0237403
0.000110012,0,0,0,1e+09,1e+09,1e+09,0,0,0,0,0,20,4,5.48051e-06,0,0.130837,4.54031,-228.866,10.2601,1285.33,-3.95164e+06,-0.0519083,-1.37899,-0.0545767,-0.0438636,-0.198935,-0.0237478
0.000110071,0,0,0,1e+09,1e+09,1e+09,0,0,0,0,0,20,4,5.48051e-06,0,0.130838,4.54109,-232.618,7.60499,1287.56,-4.12152e+06,-0.0510532,-1.37953,-0.0546336,-0.0438737,-0.199028,-0.0237554
0.000110129,0,0,0,1e+09,1e+09,1e+09,0,0,0,0,0,20,4,5.48051e-06,0,0.130838,4.54185,-221.693,-7.43188,1289.44,-4.28618e+06,-0.0502194,-1.38009,-0.0546804,-0.0438815,-0.199121,-0.023763
0.000110188,0,0,0,1e+09,1e+09,1e+09,0,0,0,0,0,20,4,5.48051e-06,0,0.130838,4.54262,-207.943,-20.1714,1291.23,-4.4444e+06,-0.0493962,-1.38061,-0.0547249,-0.0438888,-0.199215,-0.0237707
0.000110247,0,0,0,1e+09,1e+09,1e+09,0,0,0,0,0,20,4,5.48051e-06,0,0.130838,4.54338,-211.508,-11.2874,1292.25,-4.59516e+06,-0.0485702,-1.38109,-0.054765,-0.0438981,-0.199311,-0.0237784
0.000110305,0,0,0,1e+09,1e+09,1e+09,0,0,0,0,0,20,4,5.48051e-06,0,0.130839,4.54415,-232.333,8.17396,1291.92,-4.73751e+06,-0.0477385,-1.38158,-0.0547947,-0.0439101,-0.199409,-0.0237862
0.000110364,0,0,0,1e+09,1e+09,1e+09,0,0,0,0,0,20,4,5.48051e-06,0,0.130839,4.54491,-250.396,24.4573,1290.36,-4.87015e+06,-0.0469083,-1.38212,-0.0548104,-0.0439225,-0.199509,-0.0237939
0.000110422,0,0,0,1e+09,1e+09,1e+09,0,0,0,0,0,20,4,5.48051e-06,0,0.130839,4.54566,-251.693,30.0073,1288.31,-4.99146e+06,-0.0460841,-1.38269,-0.0548152,-0.0439321,-0.199606,-0.0238017
0.000110481,0,0,0,1e+09,1e+09,1e+09,0,0,0,0,0,20,4,5.48051e-06,0,0.130839,4.54642,-244.27,35.2643,1286.25,-5.10006e+06,-0.0452608,-1.38324,-0.0548163,-0.0439396,-0.1997,-0.0238096
0.00011054,0,0,0,1e+09,1e+09,1e+09,0,0,0,0,0,21,4,5.48051e-06,0,0.13084,4.54718,-243.532,53.5011,1283.99,-5.1944e+06,-0.0444369,-1.38374,-0.0548164,-0.0439483,-0.199795,-0.0238175
0.000110598,0,0,0,1e+09,1e+09,1e+09,0,0,0,0,0,21,4,5.48051e-06,0,0.13084,4.54793,-250.906,82.8484,1280.9,-5.27271e+06,-0.0436172,-1.38424,-0.0548105,-0.0439595,-0.199891,-0.0238254
0.000110657,0,0,0,1e+09,1e+09,1e+09,0,0,0,0,0,21,4,5.48051e-06,0,0.13084,4.54868,-255.671,109.039,1276.67,-5.33377e+06,-0.0428044,-1.38476,-0.0547922,-0.0439713,-0.199987,-0.0238334
0.000110715,0,0,0,1e+09,1e+09,1e+09,0,0,0,0,0,21,4,5.48051e-06,0,0.130841,4.54942,-252.097,124.739,1271.52,-5.37659e+06,-0.0419914,-1.38529,-0.0547612,-0.0439815,-0.200083,-0.0238413
0.000110774,0,0,0,1e+09,1e+09,1e+09,0,0,0,0,0,21,4,5.48051e-06,0,0.130841,4.55016,-246.38,136.683,1265.95,-5.40043e+06,-0.0411711,-1.38581,-0.0547245,-0.0439911,-0.200177,-0.0238493
0.000110833,0,0,0,1e+09,1e+09,1e+09,0,0,0,0,0,21,4,5.48051e-06,0,0.130841,4.5509,-247.294,153.028,1260.13,-5.40535e+06,-0.0403492,-1.38632,-0.0546874,-0.0440028,-0.200271,-0.0238574
0.000110891,0,0,0,1e+09,1e+09,1e+09,0,0,0,0,0,21,4,5.48051e-06,0,0.130841,4.55163,-256.386,173.803,1253.79,-5.39169e+06,-0.0395372,-1.38681,-0.054648,-0.0440174,-0.200366,-0.0238655
0.00011095,0,0,0,1e+09,1e+09,1e+09,0,0,0,0,0,21,4,5.48051e-06,0,0.130842,4.55235,-268.148,193.237,1246.6,-5.3601e+06,-0.0387393,-1.38732,-0.0546009,-0.0440335,-0.200463,-0.0238736
0.000111008,0,0,0,1e+09,1e+09,1e+09,0,0,0,0,0,21,4,5.48051e-06,0,0.130842,4.55305,-278.139,206.742,1238.53,-5.31128e+06,-0.0379507,-1.38787,-0.0545432,-0.0440491,-0.200563,-0.0238817
0.000111067,0,0,0,1e+09,1e+09,1e+09,0,0,0,0,0,21,4,5.48051e-06,0,0.130842,4.55374,-287.246,214.377,1229.92,-5.24634e+06,-0.0371731,-1.38842,-0.0544782,-0.0440638,-0.200665,-0.0238899
0.000111126,0,0,0,1e+09,1e+09,1e+09,0,0,0,0,0,21,4,5.48051e-06,0,0.130842,4.55441,-296.939,218.416,1221.22,-5.16635e+06,-0.036412,-1.38898,-0.0544116,-0.0440782,-0.20077,-0.0238981
0.000111184,0,0,0,1e+09,1e+09,1e+09,0,0,0,0,0,21,4,5.48051e-06,0,0.130843,4.55508,-305.439,220.402,1212.65,-5.07211e+06,-0.0356629,-1.38952,-0.0543453,-0.0440921,-0.200878,-0.0239063
0.000111243,0,0,0,1e+09,1e+09,1e+09,0,0,0,0,0,21,4,5.48051e-06,0,0.130843,4.55573,-310.307,220.28,1204.01,-4.96472e+06,-0.0349198,-1.39007,-0.0542762,-0.0441043,-0.200988,-0.0239145
0.000111301,0,0,0,1e+09,1e+09,1e+09,0,0,0,0,0,21,4,5.48051e-06,0,0.130843,4.55638,-310.658,218.003,1195.23,-4.84519e+06,-0.0341816,-1.39065,-0.0542029,-0.0441145,-0.2011,-0.0239228
0.00011136,0,0,0,1e+09,1e+09,1e+09,0,0,0,0,0,21,4,5.48051e-06,0,0.130843,4.55701,-307.76,214.571,1186.59,-4.7141e+06,-0.0334485,-1.39124,-0.0541292,-0.0441232,-0.201214,-0.023931
0.000111419,0,0,0,1e+09,1e+09,1e+09,0,0,0,0,0,21,4,5.48051e-06,0,0.130844,4.55764,-303.939,211.166,1178.43,-4.57229e+06,-0.0327192,-1.39182,-0.0540595,-0.0441311,-0.201331,-0.0239394
0.000111477,0,0,0,1e+09,1e+09,1e+09,0,0,0,0,0,21,4,5.48051e-06,0,0.130844,4.55826,-300.522,207.912,1170.69,-4.42045e+06,-0.0319901,-1.39238,-0.0539936,-0.0441387,-0.201449,-0.0239477
0.000111536,0,0,0,1e+09,1e+09,1e+09,0,0,0,0,0,21,4,5.48051e-06,0,0.130844,4.55888,-296.651,204.537,1162.99,-4.25946e+06,-0.0312578,-1.39294,-0.0539273,-0.0441457,-0.201568,-0.023956
0.000111595,0,0,0,1e+09,1e+09,1e+09,0,0,0,0,0,21,4,5.48051e-06,0,0.130845,4.55949,-291.767,201.628,1154.99,-4.09018e+06,-0.0305202,-1.3935,-0.0538569,-0.0441523,-0.201686,-0.0239644
0.000111653,0,0,0,1e+09,1e+09,1e+09,0,0,0,0,0,21,4,5.48051e-06,0,0.130845,4.56011,-286.825,201.084,1146.66,-3.91362e+06,-0.0297781,-1.39407,-0.0537827,-0.0441589,-0.201804,-0.0239728
0.000111712,0,0,0,1e+09,1e+09,1e+09,0,0,0,0,0,21,4,5.48051e-06,0,0.130845,4.56072,-282.598,204.902,1137.99,-3.73099e+06,-0.029035,-1.39463,-0.0537055,-0.0441662,-0.20192,-0.0239812
0.00011177,0,0,0,1e+09,1e+09,1e+09,0,0,0,0,0,21,4,5.48051e-06,0,0.130845,4.56133,-278.573,213.09,1128.7,-3.54354e+06,-0.0282916,-1.39517,-0.0536222,-0.0441745,-0.202035,-0.0239897
0.000111829,0,0,0,1e+09,1e+09,1e+09,0,0,0,0,0,21,4,5.48051e-06,0,0.130846,4.56194,-273.584,223.534,1118.24,-3.35275e+06,-0.0275448,-1.3957,-0.0535265,-0.044183,-0.202148,-0.0239981
0.000111888,0,0,0,1e+09,1e+09,1e+09,0,0,0,0,0,21,4,5.48051e-06,0,0.130846,4.56255,-267.419,234.084,1106.22,-3.15982e+06,-0.0267956,-1.39623,-0.0534138,-0.0441913,-0.202261,-0.0240066
0.000111946,0,0,0,1e+09,1e+09,1e+09,0,0,0,0,0,21,4,5.48051e-06,0,0.130846,4.56315,-261.871,244.078,1092.64,-2.96543e+06,-0.0260456,-1.39675,-0.0532847,-0.0441997,-0.202372,-0.0240151
0.000112005,0,0,0,1e+09,1e+09,1e+09,0,0,0,0,0,21,4,5.48051e-06,0,0.130846,4.56375,-259.95,253.675,1077.69,-2.77033e+06,-0.0252905,-1.39727,-0.0531422,-0.044209,-0.20248,-0.0240236
0.000112063,0,0,0,1e+09,1e+09,1e+09,0,0,0,0,0,21,4,5.48051e-06,0,0.130847,4.56435,-263.1,263.271,1061.38,-2.57485e+06,-0.0245249,-1.39776,-0.052987,-0.04422,-0.202585,-0.0240321
0.000112122,0,0,0,1e+09,1e+09,1e+09,0,0,0,0,0,21,4,5.48051e-06,0,0.130847,4.56495,-269.681,270.81,1043.39,-2.37871e+06,-0.0237432,-1.39824,-0.0528156,-0.044232,-0.202687,-0.0240407
0.000112181,0,0,0,1e+09,1e+09,1e+09,0,0,0,0,0,21,4,5.48051e-06,0,0.130847,4.56554,-277.731,274.476,1023.39,-2.18152e+06,-0.0229406,-1.39871,-0.0526239,-0.0442439,-0.202786,-0.0240492
0.000112239,0,0,0,1e+09,1e+09,1e+09,0,0,0,0,0,21,4,5.48051e-06,0,0.130847,4.56612,-286.754,274.444,1001.42,-1.98297e+06,-0.0221133,-1.39919,-0.0524127,-0.0442558,-0.202885,-0.0240578
0.000112298,0,0,0,1e+09,1e+09,1e+09,0,0,0,0,0,21,4,5.48051e-06,0,0.130848,4.56668,-297.126,272.486,977.783,-1.7829e+06,-0.0212784,-1.39967,-0.0521867,-0.0442688,-0.202984,-0.0240664
0.000112356,0,0,0,1e+09,1e+09,1e+09,0,0,0,0,0,21,4,5.48051e-06,0,0.130848,4.56722,-308.991,269.439,952.518,-1.58142e+06,-0.0204963,-1.40012,-0.0519478,-0.0442838,-0.203082,-0.024075
0.000112415,0,0,0,1e+09,1e+09,1e+09,0,0,0,0,0,21,4,5.48051e-06,0,0.130848,4.56774,-321.315,264.279,925.494,-1.37907e+06,-0.0197841,-1.40055,-0.0516947,-0.0443004,-0.203179,-0.0240836
0.000112474,0,0,0,1e+09,1e+09,1e+09,0,0,0,0,0,21,4,5.48051e-06,0,0.130849,4.56823,-332.5,255.077,896.59,-1.17698e+06,-0.0191473,-1.40098,-0.051425,-0.0443165,-0.203273,-0.0240922
0.000112532,0,0,0,1e+09,1e+09,1e+09,0,0,0,0,0,21,4,5.48051e-06,0,0.130849,4.5687,-343.999,236.095,865.923,-976508,-0.0185844,-1.40149,-0.0511379,-0.0443299,-0.20337,-0.0241009
0.000112591,0,0,0,1e+09,1e+09,1e+09,0,0,0,0,0,21,4,5.48051e-06,0,0.130849,4.56914,-360.387,194.795,834.035,-779185,-0.0181169,-1.40306,-0.0508379,-0.0443393,-0.203532,-0.0241095
0.00011265,0,0,0,1e+09,1e+09,1e+09,0,0,0,0,0,21,4,5.48051e-06,0,0.130849,4.56955,-375.386,123.706,801.522,-586739,-0.0177795,-1.40422,-0.0505341,-0.0443474,-0.203695,-0.0241182
0.000112708,0,0,0,1e+09,1e+09,1e+09,0,0,0,0,0,21,4,5.48051e-06,0,0.13085,4.56993,-376.33,40.4516,768.928,-400471,-0.0175544,-1.40499,-0.0502376,-0.0443595,-0.203834,-0.0241268
0.000112767,0,0,0,1e+09,1e+09,1e+09,0,0,0,0,0,21,4,5.48051e-06,0,0.13085,4.57028,-361.47,-25.077,736.582,-221638,-0.0174117,-1.40541,-0.0499535,-0.0443767,-0.203963,-0.0241355
0.000112825,0,0,0,1e+09,1e+09,1e+09,0,0,0,0,0,21,4,5.48051e-06,0,0.13085,4.5706,-342.17,-60.1609,704.627,-51207.5,-0.0173367,-1.40557,-0.0496806,-0.0443963,-0.204089,-0.0241441
0.000112884,0,0,0,1e+09,1e+09,1e+09,0,0,0,0,0,21,4,5.48051e-06,0,0.13085,4.5709,-325.392,-70.4299,673.251,110615,-0.0173112,-1.40586,-0.0494173,-0.0444154,-0.204209,-0.0241528
0.000112943,0,0,0,1e+09,1e+09,1e+09,0,0,0,0,0,21,4,5.48051e-06,0,0.130851,4.57117,-311.988,-64.8395,642.93,263842,-0.0173074,-1.40612,-0.0491667,-0.0444332,-0.204324,-0.0241615
0.000113001,0,0,0,1e+09,1e+09,1e+09,0,0,0,0,0,21,4,5.48051e-06,0,0.130851,4.57142,-300.518,-52.1516,614.314,408650,-0.0173082,-1.40632,-0.0489351,-0.044451,-0.204435,-0.0241702
0.00011306,0,0,0,1e+09,1e+09,1e+09,0,0,0,0,0,21,4,5.48051e-06,0,0.130851,4.57165,-289.296,-42.945,587.861,545636,-0.0173023,-1.40644,-0.0487283,-0.0444715,-0.204544,-0.0241789
0.000113118,0,0,0,1e+09,1e+09,1e+09,0,0,0,0,0,21,4,5.48051e-06,0,0.130851,4.57187,-277.13,-46.3883,563.634,675169,-0.0172704,-1.40657,-0.0485478,-0.0444963,-0.204652,-0.0241876
0.000113177,0,0,0,1e+09,1e+09,1e+09,0,0,0,0,0,21,4,5.48051e-06,0,0.130852,4.57206,-258.393,-77.6341,541.111,797280,-0.0171976,-1.40676,-0.0483875,-0.0445248,-0.204762,-0.0241962
0.000113236,0,0,0,1e+09,1e+09,1e+09,0,0,0,0,0,21,4,5.48051e-06,0,0.130852,4.57224,-243.678,-89.3699,520.153,911609,-0.0170966,-1.40689,-0.0482452,-0.0445554,-0.204871,-0.0242049
0.000113294,0,0,0,1e+09,1e+09,1e+09,0,0,0,0,0,21,4,5.48051e-06,0,0.130852,4.5724,-246.112,-45.447,500.768,1.01724e+06,-0.0169784,-1.40699,-0.0481205,-0.0445879,-0.204977,-0.0242136
0.000113353,0,0,0,1e+09,1e+09,1e+09,0,0,0,0,0,21,4,5.48051e-06,0,0.130853,4.57254,-240.76,13.1877,482.369,1.11284e+06,-0.0168385,-1.40713,-0.0480094,-0.0446238,-0.205082,-0.0242223
0.000113411,0,0,0,1e+09,1e+09,1e+09,0,0,0,0,0,21,4,5.48051e-06,0,0.130853,4.57268,-227.596,47.6365,464.587,1.1964e+06,-0.0166864,-1.40726,-0.0479065,-0.0446616,-0.205184,-0.0242309
0.00011347,0,0,0,1e+09,1e+09,1e+09,0,0,0,0,0,21,4,5.48051e-06,0,0.130853,4.57281,-216.253,59.6859,447.77,1.26579e+06,-0.0165363,-1.40738,-0.0478122,-0.0446988,-0.205283,-0.0242396
0.000113529,0,0,0,1e+09,1e+09,1e+09,0,0,0,0,0,21,4,5.48051e-06,0,0.130853,4.57292,-207.641,62.3926,432.59,1.3192e+06,-0.0163913,-1.40749,-0.047731,-0.044735,-0.205384,-0.0242483
0.000113587,0,0,0,1e+09,1e+09,1e+09,0,0,0,0,0,21,4,5.48051e-06,0,0.130854,4.57303,-200.465,63.0444,419.228,1.3551e+06,-0.0162419,-1.40758,-0.0476643,-0.0447706,-0.205484,-0.0242569
0.000113646,0,0,0,1e+09,1e+09,1e+09,0,0,0,0,0,21,4,5.48051e-06,0,0.130854,4.57312,-194.449,62.2578,407.281,1.37269e+06,-0.0160828,-1.40772,-0.0476084,-0.0448052,-0.205586,-0.0242656
0.000113705,0,0,0,1e+09,1e+09,1e+09,0,0,0,0,0,21,4,5.48051e-06,0,0.130854,4.57321,-189.901,58.0946,396.15,1.37198e+06,-0.0159165,-1.40786,-0.0475574,-0.0448378,-0.205689,-0.0242742
0.000113763,0,0,0,1e+09,1e+09,1e+09,0,0,0,0,0,21,4,5.48051e-06,0,0.130854,4.57329,-186.072,52.2016,385.546,1.35333e+06,-0.0157423,-1.40799,-0.0475083,-0.0448674,-0.205791,-0.0242828
0.000113822,0,0,0,1e+09,1e+09,1e+09,0,0,0,0,0,21,4,5.48051e-06,0,0.130855,4.57336,-181.613,49.6689,375.64,1.31784e+06,-0.0155564,-1.40815,-0.0474623,-0.0448942,-0.205892,-0.0242914
0.00011388,0,0,0,1e+09,1e+09,1e+09,0,0,0,0,0,21,4,5.48051e-06,0,0.130855,4.57343,-176.133,52.4124,366.645,1.26733e+06,-0.0153564,-1.40829,-0.0474215,-0.0449188,-0.205992,-0.0243
0.000113939,0,0,0,1e+09,1e+09,1e+09,0,0,0,0,0,21,4,5.48051e-06,0,0.130855,4.5735,-169.489,59.4739,358.416,1.20377e+06,-0.0151388,-1.40844,-0.0473846,-0.0449413,-0.206088,-0.0243086
0.000113998,0,0,0,1e+09,1e+09,1e+09,0,0,0,0,0,21,4,5.48051e-06,0,0.130855,4.57357,-162.21,67.2977,350.528,1.12911e+06,-0.014896,-1.4086,-0.0473478,-0.0449608,-0.206182,-0.0243172
0.000114056,0,0,0,1e+09,1e+09,1e+09,0,0,0,0,0,21,4,5.48051e-06,0,0.130856,4.57363,-156.219,71.1195,342.73,1.04548e+06,-0.0146272,-1.40874,-0.0473085,-0.0449768,-0.206277,-0.0243258
0.000114115,0,0,0,1e+09,1e+09,1e+09,0,0,0,0,0,21,4,5.48051e-06,0,0.130856,4.57369,-153.371,68.1809,335.194,954874,-0.0143425,-1.4089,-0.0472685,-0.0449897,-0.20637,-0.0243344
0.000114173,0,0,0,1e+09,1e+09,1e+09,0,0,0,0,0,21,4,5.48051e-06,0,0.130856,4.57373,-152.422,61.427,328.282,858920,-0.0140505,-1.40906,-0.0472312,-0.0450006,-0.206464,-0.0243429
0.000114232,0,0,0,1e+09,1e+09,1e+09,0,0,0,0,0,21,4,5.48051e-06,0,0.130857,4.57378,-151.175,55.8779,322.17,758992,-0.0137513,-1.4092,-0.0471984,-0.04501,-0.206561,-0.0243515
0.000114291,0,0,0,1e+09,1e+09,1e+09,0,0,0,0,0,21,4,5.48051e-06,0,0.130857,4.57381,-149.044,53.1521,316.623,656498,-0.0134402,-1.40932,-0.0471684,-0.0450181,-0.206657,-0.02436
0.000114349,0,0,0,1e+09,1e+09,1e+09,0,0,0,0,0,21,4,5.48051e-06,0,0.130857,4.57383,-146.549,51.5849,311.299,552682,-0.0131187,-1.40946,-0.0471387,-0.0450245,-0.206754,-0.0243686
0.000114408,0,0,0,1e+09,1e+09,1e+09,0,0,0,0,0,21,4,5.48051e-06,0,0.130857,4.57385,-144.389,49.1587,306.144,448737,-0.012798,-1.40962,-0.0471089,-0.0450296,-0.206853,-0.0243771
0.000114466,0,0,0,1e+09,1e+09,1e+09,0,0,0,0,0,21,4,5.48051e-06,0,0.130858,4.57386,-142.645,46.2194,301.442,346126,-0.0124925,-1.40979,-0.0470815,-0.0450339,-0.206952,-0.0243856
0.000114525,0,0,0,1e+09,1e+09,1e+09,0,0,0,0,0,21,4,5.48051e-06,0,0.130858,4.57387,-140.903,44.7981,297.504,246421,-0.0122109,-1.40996,-0.0470593,-0.0450379,-0.20705,-0.0243941
0.000114584,0,0,0,1e+09,1e+09,1e+09,0,0,0,0,0,21,4,5.48051e-06,0,0.130858,4.57388,-138.927,45.6186,294.346,151075,-0.011956,-1.41012,-0.0470425,-0.045042,-0.207151,-0.0244026
0.000114642,0,0,0,1e+09,1e+09,1e+09,0,0,0,0,0,21,4,5.48051e-06,0,0.130858,4.57388,-137.248,46.6138,291.72,61656.9,-0.0117278,-1.41025,-0.0470291,-0.045046,-0.207252,-0.0244111
0.000114701,0,0,0,1e+09,1e+09,1e+09,0,0,0,0,0,21,4,5.48051e-06,0,0.130859,4.57388,-136.827,44.9272,289.447,-20627.4,-0.0115253,-1.41037,-0.0470178,-0.0450496,-0.20735,-0.0244196
0.00011476,0,0,0,1e+09,1e+09,1e+09,0,0,0,0,0,21,4,5.48051e-06,0,0.130859,4.57388,-137.709,40.1122,287.659,-95141.2,-0.0113465,-1.41048,-0.0470096,-0.0450531,-0.207449,-0.0244281
0.000114818,0,0,0,1e+09,1e+09,1e+09,0,0,0,0,0,21,4,5.48051e-06,0,0.130859,4.57388,-139.608,31.8952,286.645,-161394,-0.0111879,-1.41056,-0.0470067,-0.0450569,-0.207548,-0.0244366
0.000114877,0,0,0,1e+09,1e+09,1e+09,0,0,0,0,0,21,4,5.48051e-06,0,0.13086,4.57388,-142.226,15.7653,286.268,-219569,-0.0110456,-1.41065,-0.0470091,-0.0450618,-0.207643,-0.024445
0.000114935,0,0,0,1e+09,1e+09,1e+09,0,0,0,0,0,21,4,5.48051e-06,0,0.13086,4.57388,-142.221,-8.87199,285.635,-270452,-0.0109207,-1.41075,-0.0470127,-0.0450699,-0.20774,-0.0244535
0.000114994,0,0,0,1e+09,1e+09,1e+09,0,0,0,0,0,21,4,5.48051e-06,0,0.13086,4.57388,-138.52,-29.4114,284.102,-315032,-0.0108126,-1.41083,-0.0470141,-0.0450816,-0.207836,-0.024462
0.000115053,0,0,0,1e+09,1e+09,1e+09,0,0,0,0,0,21,4,5.48051e-06,0,0.13086,4.57388,-133.422,-43.8814,281.841,-354331,-0.0107147,-1.41091,-0.0470136,-0.0450961,-0.20793,-0.0244705
0.000115111,0,0,0,1e+09,1e+09,1e+09,0,0,0,0,0,21,4,5.48051e-06,0,0.130861,4.57389,-128.284,-53.904,279.299,-389395,-0.0106227,-1.411,-0.0470135,-0.045113,-0.208022,-0.024479
0.00011517,0,0,0,1e+09,1e+09,1e+09,0,0,0,0,0,21,4,5.48051e-06,0,0.130861,4.5739,-127.811,-51.6289,276.688,-421409,-0.0105347,-1.41109,-0.047015,-0.0451316,-0.208115,-0.0244874
0.000115228,0,0,0,1e+09,1e+09,1e+09,0,0,0,0,0,21,4,5.48051e-06,0,0.130861,4.5739,-131.833,-35.0513,273.74,-451336,-0.0104478,-1.41118,-0.0470159,-0.0451516,-0.208207,-0.0244959
0.000115287,0,0,0,1e+09,1e+09,1e+09,0,0,0,0,0,21,4,5.48051e-06,0,0.130861,4.57391,-133.508,-17.4389,269.95,-479697,-0.0103615,-1.41127,-0.0470126,-0.0451729,-0.208298,-0.0245044
0.000115346,0,0,0,1e+09,1e+09,1e+09,0,0,0,0,0,21,4,5.48051e-06,0,0.130862,4.57391,-131.72,-12.145,265.091,-506734,-0.0102756,-1.41137,-0.0470034,-0.0451955,-0.208391,-0.0245129
0.000115404,0,0,0,1e+09,1e+09,1e+09,0,0,0,0,0,21,4,5.48051e-06,0,0.130862,4.57389,-128.471,-15.7578,259.436,-532210,-0.0101892,-1.41145,-0.0469896,-0.0452185,-0.208487,-0.0245214
0.000115463,0,0,0,1e+09,1e+09,1e+09,0,0,0,0,0,21,4,5.48051e-06,0,0.130862,4.57386,-125.085,-17.9952,253.322,-555365,-0.0101025,-1.41151,-0.0469732,-0.0452416,-0.208586,-0.0245299
0.000115521,0,0,0,1e+09,1e+09,1e+09,0,0,0,0,0,21,4,5.48051e-06,0,0.130862,4.57382,-122.509,-12.4588,246.763,-575690,-0.0100135,-1.41157,-0.0469543,-0.0452648,-0.208687,-0.0245384
0.00011558,0,0,0,1e+09,1e+09,1e+09,0,0,0,0,0,21,4,5.48051e-06,0,0.130863,4.57376,-119.564,-2.57866,239.507,-592569,-0.00991809,-1.41163,-0.0469315,-0.0452879,-0.20879,-0.0245469
0.000115639,0,0,0,1e+09,1e+09,1e+09,0,0,0,0,0,21,4,5.48051e-06,0,0.130863,4.57371,-115.516,4.91229,231.417,-605479,-0.00981218,-1.41169,-0.0469037,-0.0453109,-0.208893,-0.0245554
0.000115697,0,0,0,1e+09,1e+09,1e+09,0,0,0,0,0,21,4,5.48051e-06,0,0.130863,4.57364,-111.023,7.76983,222.683,-614599,-0.00969841,-1.41175,-0.0468718,-0.0453333,-0.208995,-0.0245639
0.000115756,0,0,0,1e+09,1e+09,1e+09,0,0,0,0,0,21,4,5.48051e-06,0,0.130864,4.57359,-106.389,9.54093,213.655,-620275,-0.00958226,-1.41184,-0.0468378,-0.0453546,-0.209094,-0.0245725
0.000115815,0,0,0,1e+09,1e+09,1e+09,0,0,0,0,0,21,4,5.48051e-06,0,0.130864,4.57353,-101.265,14.0248,204.378,-622974,-0.00946634,-1.41189,-0.0468021,-0.045375,-0.20919,-0.024581
0.000115873,0,0,0,1e+09,1e+09,1e+09,0,0,0,0,0,21,4,5.48051e-06,0,0.130864,4.57347,-95.5395,19.3462,194.756,-623248,-0.00935132,-1.41194,-0.0467642,-0.0453943,-0.20928,-0.0245895
0.000115932,0,0,0,1e+09,1e+09,1e+09,0,0,0,0,0,21,4,5.48051e-06,0,0.130864,4.57341,-89.5372,23.4861,184.835,-621823,-0.0092364,-1.412,-0.0467243,-0.0454124,-0.20937,-0.024598
0.00011599,0,0,0,1e+09,1e+09,1e+09,0,0,0,0,0,21,4,5.48051e-06,0,0.130865,4.57334,-83.5228,26.4955,174.875,-619491,-0.0091233,-1.41208,-0.0466841,-0.0454295,-0.20946,-0.0246066
0.000116049,0,0,0,1e+09,1e+09,1e+09,0,0,0,0,0,21,4,5.48051e-06,0,0.130865,4.57327,-77.8196,28.2273,165.13,-616641,-0.00901638,-1.4122,-0.0466452,-0.0454454,-0.209552,-0.0246151
0.000116108,0,0,0,1e+09,1e+09,1e+09,0,0,0,0,0,21,4,5.48051e-06,0,0.130865,4.57319,-72.4205,29.1299,155.644,-613586,-0.00891979,-1.41225,-0.0466076,-0.0454603,-0.209642,-0.0246236
0.000116166,0,0,0,1e+09,1e+09,1e+09,0,0,0,0,0,21,4,5.48051e-06,0,0.130865,4.5731,-67.2169,29.8066,146.552,-610680,-0.00883694,-1.41246,-0.0465715,-0.0454735,-0.209739,-0.0246321
0.000116225,0,0,0,1e+09,1e+09,1e+09,0,0,0,0,0,21,4,5.48051e-06,0,0.130866,4.573,-63.2634,30.1555,139.657,-607539,-0.00875628,-1.41258,-0.0465426,-0.0454812,-0.209842,-0.0246407
0.000116283,0,0,0,1e+09,1e+09,1e+09,0,0,0,0,0,21,4,5.48051e-06,0,0.130866,4.57289,-60.5158,29.995,134.605,-603720,-0.00867351,-1.41258,-0.0465194,-0.0454846,-0.209937,-0.0246492
0.000116342,0,0,0,1e+09,1e+09,1e+09,0,0,0,0,0,21,4,5.48051e-06,0,0.130866,4.57277,-57.8164,29.755,129.609,-598848,-0.00859796,-1.41264,-0.0464959,-0.0454869,-0.210029,-0.0246577
0.000116401,0,0,0,1e+09,1e+09,1e+09,0,0,0,0,0,21,4,5.48051e-06,0,0.130866,4.57264,-55.1586,29.3631,124.584,-592278,-0.00853097,-1.41269,-0.0464721,-0.0454888,-0.210124,-0.0246662
0.000116459,0,0,0,1e+09,1e+09,1e+09,0,0,0,0,0,21,4,5.48051e-06,0,0.130867,4.5725,-52.6412,28.8435,119.688,-583565,-0.00847134,-1.41274,-0.0464492,-0.0454906,-0.210221,-0.0246747
0.000116518,0,0,0,1e+09,1e+09,1e+09,0,0,0,0,0,21,4,5.48051e-06,0,0.130867,4.57236,-51.4306,26.202,115.085,-572529,-0.00841589,-1.4128,-0.0464281,-0.0454924,-0.210319,-0.0246831
0.000116576,0,0,0,1e+09,1e+09,1e+09,0,0,0,0,0,21,4,5.48051e-06,0,0.130867,4.57221,-51.4767,20.7962,110.738,-559119,-0.00836224,-1.41285,-0.0464085,-0.0454942,-0.210417,-0.0246916
0.000116635,0,0,0,1e+09,1e+09,1e+09,0,0,0,0,0,21,4,5.48051e-06,0,0.130868,4.57206,-51.6748,13.2091,106.506,-543519,-0.00830885,-1.4129,-0.0463895,-0.0454958,-0.210516,-0.0247
0.000116694,0,0,0,1e+09,1e+09,1e+09,0,0,0,0,0,21,4,5.48051e-06,0,0.130868,4.5719,-50.93,5.12074,102.377,-526268,-0.00825385,-1.41295,-0.046371,-0.0454971,-0.210615,-0.0247084
0.000116752,0,0,0,1e+09,1e+09,1e+09,0,0,0,0,0,21,4,5.48051e-06,0,0.130868,4.57174,-49.0846,-2.61357,98.441,-508283,-0.00819553,-1.413,-0.0463536,-0.0454984,-0.210713,-0.0247168
0.000116811,0,0,0,1e+09,1e+09,1e+09,0,0,0,0,0,21,4,5.48051e-06,0,0.130868,4.57159,-46.6536,-8.03094,94.8174,-490417,-0.00813271,-1.41306,-0.046338,-0.0454997,-0.210809,-0.0247252
0.00011687,0,0,0,1e+09,1e+09,1e+09,0,0,0,0,0,21,4,5.48051e-06,0,0.130869,4.57144,-44.4547,-10.7629,91.5581,-473585,-0.00806308,-1.41318,-0.0463244,-0.0455011,-0.210906,-0.0247335
0.000116928,0,0,0,1e+09,1e+09,1e+09,0,0,0,0,0,21,4,5.48051e-06,0,0.130869,4.57129,-42.4888,-12.4149,88.5819,-458903,-0.00798669,-1.41321,-0.0463123,-0.0455025,-0.211,-0.0247419
0.000116987,0,0,0,1e+09,1e+09,1e+09,0,0,0,0,0,21,4,5.48051e-06,0,0.130869,4.57116,-40.8058,-13.1545,85.7866,-447047,-0.00791276,-1.41326,-0.0463012,-0.045504,-0.211086,-0.0247501
0.000117045,0,0,0,1e+09,1e+09,1e+09,0,0,0,0,0,21,4,5.48051e-06,0,0.130869,4.57103,-39.3707,-13.2624,83.1259,-438226,-0.00784399,-1.41332,-0.0462907,-0.0455053,-0.211169,-0.0247584
0.000117104,0,0,0,1e+09,1e+09,1e+09,0,0,0,0,0,21,4,5.48051e-06,0,0.13087,4.57091,-38.204,-12.7826,80.5994,-432587,-0.00778245,-1.41338,-0.0462811,-0.0455067,-0.211249,-0.0247666
0.000117163,0,0,0,1e+09,1e+09,1e+09,0,0,0,0,0,21,4,5.48051e-06,0,0.13087,4.5708,-37.377,-11.4204,78.1835,-429907,-0.00772682,-1.41345,-0.0462722,-0.0455084,-0.211329,-0.0247748
0.000117221,0,0,0,1e+09,1e+09,1e+09,0,0,0,0,0,21,4,5.48051e-06,0,0.13087,4.57067,-36.6357,-9.73196,75.8229,-429644,-0.00767443,-1.4135,-0.0462639,-0.0455103,-0.211407,-0.024783
0.00011728,0,0,0,1e+09,1e+09,1e+09,0,0,0,0,0,21,4,5.48051e-06,0,0.130871,4.57055,-35.6591,-8.80159,73.4683,-431500,-0.00762317,-1.41356,-0.0462558,-0.0455122,-0.211487,-0.0247911
0.000117338,0,0,0,1e+09,1e+09,1e+09,0,0,0,0,0,21,4,5.48051e-06,0,0.130871,4.57041,-34.4621,-8.68664,71.0975,-435140,-0.00757227,-1.41362,-0.0462477,-0.0455141,-0.211569,-0.0247991
0.000117397,0,0,0,1e+09,1e+09,1e+09,0,0,0,0,0,21,4,5.48051e-06,0,0.130871,4.57026,-33.2143,-8.69201,68.6918,-440510,-0.00752457,-1.41368,-0.0462394,-0.0455158,-0.211655,-0.0248072
0.000117456,0,0,0,1e+09,1e+09,1e+09,0,0,0,0,0,21,4,5.48051e-06,0,0.130871,4.5701,-31.8696,-8.97282,66.2539,-448014,-0.00748252,-1.41373,-0.0462311,-0.0455175,-0.211744,-0.0248152
0.000117514,0,0,0,1e+09,1e+09,1e+09,0,0,0,0,0,21,4,5.48051e-06,0,0.130872,4.56993,-30.4264,-9.47297,63.7817,-458316,-0.00744746,-1.41378,-0.0462228,-0.0455192,-0.211837,-0.0248231
0.000117573,0,0,0,1e+09,1e+09,1e+09,0,0,0,0,0,21,4,5.48051e-06,0,0.130872,4.56975,-28.8598,-10.1673,61.257,-472482,-0.0074196,-1.41383,-0.0462144,-0.0455209,-0.211933,-0.024831
0.000117631,0,0,0,1e+09,1e+09,1e+09,0,0,0,0,0,21,4,5.48051e-06,0,0.130872,4.56955,-27.113,-11.1161,58.681,-491689,-0.00739634,-1.41387,-0.0462057,-0.0455225,-0.212033,-0.0248389
0.00011769,0,0,0,1e+09,1e+09,1e+09,0,0,0,0,0,21,4,5.48051e-06,0,0.130872,4.56935,-25.2905,-11.9811,56.0569,-517303,-0.00737409,-1.41391,-0.0461968,-0.0455238,-0.212135,-0.0248467
0.000117749,0,0,0,1e+09,1e+09,1e+09,0,0,0,0,0,21,4,5.48051e-06,0,0.130873,4.56914,-15.3336,-21.6778,53.4804,-550383,-0.0073494,-1.41398,-0.0461879,-0.0455249,-0.21224,-0.0248544
0.000117807,0,0,0,1e+09,1e+09,1e+09,0,0,0,0,0,21,4,5.48051e-06,0,0.130873,4.56893,-0.163992,-25.3669,51.0086,-591249,-0.00731907,-1.414,-0.0461798,-0.0455261,-0.212345,-0.0248621
0.000117866,0,0,0,1e+09,1e+09,1e+09,0,0,0,0,0,21,4,5.48051e-06,0,0.130873,4.56872,0.598169,-24.1529,48.5381,-639839,-0.0072827,-1.41403,-0.046172,-0.0455275,-0.212446,-0.0248698
0.000117924,0,0,0,1e+09,1e+09,1e+09,0,0,0,0,0,21,4,5.48051e-06,0,0.130873,4.56851,-0.622406,-22.9048,46.0352,-695421,-0.0072413,-1.41407,-0.0461641,-0.0455287,-0.212545,-0.0248774
0.000117983,0,0,0,1e+09,1e+09,1e+09,0,0,0,0,0,21,4,5.48051e-06,0,0.130874,4.56831,-1.60658,-21.6021,43.5188,-756285,-0.00719783,-1.41411,-0.0461562,-0.0455299,-0.212642,-0.024885
0.000118042,0,0,0,1e+09,1e+09,1e+09,0,0,0,0,0,21,4,5.48051e-06,0,0.130874,4.56812,-2.27778,-20.2855,41.0071,-820262,-0.00715534,-1.41414,-0.0461484,-0.0455309,-0.212735,-0.0248925
