$MeshFormat
2.2 0 8
$EndMeshFormat
$Nodes
6986
1 4.05 4 0
2 0 0 0
3 8 0 0
4 0 8 0
5 8 8 0
6 4.048652243528991 4.011530793537122 0
7 4.044681632016171 4.022439959010023 0
8 4.038302222155949 4.032139380484327 0
9 4.029857929585139 4.040106159637753 0
10 4.019803988301958 4.045910805344014 0
11 4.008682408883347 4.04924038765061 0
12 3.997092758554476 4.049915407913564 0
13 3.985659838364446 4.047899475615774 0
14 3.975 4.043301270189222 0
15 3.965687918106564 4.036368682078653 0
16 3.958225609429353 4.027475448903541 0
17 3.953015368960705 4.017101007166284 0
18 3.950338082112903 4.005804645706262 0
19 3.950338082112903 3.994195354293739 0
20 3.953015368960704 3.982898992833717 0
21 3.958225609429353 3.97252455109646 0
22 3.965687918106563 3.963631317921348 0
23 3.975 3.956698729810778 0
24 3.985659838364445 3.952100524384226 0
25 3.997092758554476 3.950084592086437 0
26 4.008682408883346 3.95075961234939 0
27 4.019803988301957 3.954089194655986 0
28 4.029857929585139 3.959893840362247 0
29 4.038302222155949 3.967860619515673 0
30 4.044681632016171 3.977560040989977 0
31 4.048652243528991 3.988469206462878 0
32 0.2962962962962958 0 0
33 0.5925925925925918 0 0
34 0.8888888888888874 0 0
35 1.185185185185183 0 0
36 1.481481481481479 0 0
37 1.777777777777775 0 0
38 2.074074074074072 0 0
39 2.370370370370368 0 0
40 2.666666666666663 0 0
41 2.962962962962958 0 0
42 3.259259259259253 0 0
43 3.555555555555548 0 0
44 3.851851851851843 0 0
45 4.148148148148138 0 0
46 4.444444444444433 0 0
47 4.740740740740728 0 0
48 5.037037037037025 0 0
49 5.333333333333322 0 0
50 5.629629629629621 0 0
51 5.925925925925918 0 0
52 6.222222222222215 0 0
53 6.518518518518513 0 0
54 6.81481481481481 0 0
55 7.111111111111107 0 0
56 7.407407407407406 0 0
57 7.703703703703703 0 0
58 0 7.703703703703704 0
59 0 7.407407407407408 0
60 0 7.111111111111112 0
61 0 6.814814814814817 0
62 0 6.518518518518521 0
63 0 6.222222222222225 0
64 0 5.925925925925928 0
65 0 5.629629629629632 0
66 0 5.333333333333337 0
67 0 5.037037037037042 0
68 0 4.740740740740747 0
69 0 4.444444444444452 0
70 0 4.148148148148157 0
71 0 3.851851851851862 0
72 0 3.555555555555567 0
73 0 3.259259259259272 0
74 0 2.962962962962975 0
75 0 2.666666666666678 0
76 0 2.370370370370379 0
77 0 2.074074074074082 0
78 0 1.777777777777785 0
79 0 1.481481481481487 0
80 0 1.18518518518519 0
81 0 0.8888888888888928 0
82 0 0.5925925925925943 0
83 0 0.2962962962962967 0
84 8 0.2962962962962958 0
85 8 0.5925925925925918 0
86 8 0.8888888888888874 0
87 8 1.185185185185183 0
88 8 1.481481481481479 0
89 8 1.777777777777775 0
90 8 2.074074074074072 0
91 8 2.370370370370368 0
92 8 2.666666666666663 0
93 8 2.962962962962958 0
94 8 3.259259259259253 0
95 8 3.555555555555548 0
96 8 3.851851851851843 0
97 8 4.148148148148138 0
98 8 4.444444444444433 0
99 8 4.740740740740728 0
100 8 5.037037037037025 0
101 8 5.333333333333322 0
102 8 5.629629629629621 0
103 8 5.925925925925918 0
104 8 6.222222222222215 0
105 8 6.518518518518513 0
106 8 6.81481481481481 0
107 8 7.111111111111107 0
108 8 7.407407407407406 0
109 8 7.703703703703703 0
110 7.703703703703704 8 0
111 7.407407407407408 8 0
112 7.111111111111112 8 0
113 6.814814814814817 8 0
114 6.518518518518521 8 0
115 6.222222222222225 8 0
116 5.925925925925928 8 0
117 5.629629629629632 8 0
118 5.333333333333337 8 0
119 5.037037037037042 8 0
120 4.740740740740747 8 0
121 4.444444444444452 8 0
122 4.148148148148157 8 0
123 3.851851851851862 8 0
124 3.555555555555567 8 0
125 3.259259259259272 8 0
126 2.962962962962975 8 0
127 2.666666666666678 8 0
128 2.370370370370379 8 0
129 2.074074074074082 8 0
130 1.777777777777785 8 0
131 1.481481481481487 8 0
132 1.18518518518519 8 0
133 0.8888888888888928 8 0
134 0.5925925925925943 8 0
135 0.2962962962962967 8 0
136 5.592379543469471 5.679214343868111 0
137 5.602445995670847 2.296714438270322 0
138 2.244670271751918 5.4455564758394 0
139 2.289545621278529 2.501736067755816 0
140 4.075826541700854 5.583831408468479 0
141 5.562399249451024 3.817381718615654 0
142 4.09146388310627 2.429625774069115 0
143 2.458829013992997 4.000000000000015 0
144 4.734125590248388 4.778127665947711 0
145 3.374434791588678 4.862874365183989 0
146 3.317272904697117 3.168360400747599 0
147 4.715157718684334 3.257662658353912 0
148 3.145698304231075 4.01132202504543 0
149 4.835361975189446 4.066835460866387 0
150 4.017402414280566 4.72186981128253 0
151 4.093621611517589 3.281994221466665 0
152 4.361827511127761 3.61404349499604 0
153 4.383250450359669 3.955536715136451 0
154 4.279799949515496 4.296570620260105 0
155 4.0189904139139 4.312890389929884 0
156 3.731861699902297 4.223679118745205 0
157 3.636060658268567 3.913744791500922 0
158 3.843959079938517 3.636269847733567 0
159 4.088314375655909 3.708926994171186 0
160 4.23684897141021 4.095514819452712 0
161 4.439062734405466 4.157663664201892 0
162 4.209034346853168 3.865869379377126 0
163 3.81694223133552 3.832799234852832 0
164 3.65110244803094 3.711516259612746 0
165 3.769152282600155 4.039796546163585 0
166 3.585162136149056 4.100609632171843 0
167 3.899725544709835 4.19141056361077 0
168 3.84542419021516 4.364428251188159 0
169 4.102525114661303 4.18024401767252 0
170 3.964598583183468 3.802228869492945 0
171 4.14885646331694 4.301981077615209 0
172 4.083672939092303 3.846189112550376 0
173 3.964656647165778 3.673346076485139 0
174 4.172329335648882 3.987006435349686 0
175 3.840658170751936 3.9482059428624 0
176 3.702062475759123 3.816766367395992 0
177 3.578324560254018 3.803664432939777 0
178 3.415701472544272 3.949271703824498 0
179 3.772254006686097 3.727382794809718 0
180 3.729708502308106 3.618014690338029 0
181 4.213136006286698 4.206074748053364 0
182 3.867196344443437 4.088000481632094 0
183 4.284140481614006 3.995403331215925 0
184 3.69348304408162 4.121189989320893 0
185 3.620148424040875 4.210879628689749 0
186 3.64755712998215 4.404976556712008 0
187 3.656536880220365 4.019554990943165 0
188 3.535044811600399 3.988594625969835 0
189 4.000340757469711 4.156894582397964 0
190 3.879129919571461 3.739074238834417 0
191 3.741089661330518 3.914765760542793 0
192 4.130030742261338 4.079660003227579 0
193 3.828034491456493 4.264688247420202 0
194 4.160585100539979 3.774480881821384 0
195 4.304336739196894 3.898352832140258 0
196 4.298438101703768 3.75693900004748 0
197 4.21233290287983 3.650722043211688 0
198 4.066057997742055 3.514085713530432 0
199 4.415796214324315 3.82145754854183 0
200 3.921648894864892 4.300682568301137 0
201 3.956611033596104 4.416523526140344 0
202 4.090936798288852 4.423367911382662 0
203 4.217826835289446 4.409965115636891 0
204 3.91292551255139 3.883038665355838 0
205 3.787353836946526 4.142085735342045 0
206 3.773661978461165 4.614083955042626 0
207 4.113541675894771 3.924055113439501 0
208 4.322534951987569 4.173850293180761 0
209 4.32979866071878 4.078920525084332 0
210 4.393248185825643 4.267404412023154 0
211 3.976449739146165 4.237688103599365 0
212 4.008613350836172 3.870691994979328 0
213 4.080360368116414 4.256762854255511 0
214 4.372686225341446 4.424378088689236 0
215 4.040947512226059 3.776986762907309 0
216 4.224131604493708 3.731147310788111 0
217 4.431545390809243 4.050741730422524 0
218 4.570775852887671 3.927537677981296 0
219 4.08590452781799 4.349281812404909 0
220 4.0605550804976 4.110595208194167 0
221 4.282406428920555 3.682047585775587 0
222 4.233358640318251 3.939117770135088 0
223 3.940926833621033 4.110942137189956 0
224 3.877526108366481 4.013235025840984 0
225 4.178016121371727 4.141177562357838 0
226 4.274198389764511 3.828867636641266 0
227 3.88850960068166 3.812662969250555 0
228 4.025164800476666 4.390526371252475 0
229 4.01912719720699 4.486025312036297 0
230 3.722535611966599 3.986664537424038 0
231 4.159543695536723 3.699497088416814 0
232 4.279322727936265 4.225660984127746 0
233 4.148015439719229 4.233832720745951 0
234 4.212950531660859 4.27598703056622 0
235 4.369239131193095 4.020060693665143 0
236 3.830593285113914 4.196098447685007 0
237 3.936545179266957 3.537812960943218 0
238 3.797523771093939 3.491254725995087 0
239 4.374824591331056 3.883680465155411 0
240 4.475690116240158 3.904789896866185 0
241 4.114533604260449 4.013387058383539 0
242 4.343178786344991 3.812532622537365 0
243 4.403220039404655 3.727299847816254 0
244 4.022842215945435 3.712626236650728 0
245 4.226161819218805 4.029024780940459 0
246 3.96401592797153 4.350524279653254 0
247 3.896631900021335 3.674500203253741 0
248 3.763503843222265 3.792738652476713 0
249 3.946315994650107 3.738035308546382 0
250 3.709728005308644 3.750245349861198 0
251 4.258409751787922 4.157460481592671 0
252 3.679635205826113 4.185498866563709 0
253 3.672209878556589 4.252670755083872 0
254 3.744545576146955 4.332211170913018 0
255 3.648204491486317 3.777529443297186 0
256 4.035741205815527 4.211238705184797 0
257 4.143505804819365 3.869716397739175 0
258 3.802542438187407 3.89527845953549 0
259 3.629543939187729 4.146447127512625 0
260 3.556416003026454 4.168920835984916 0
261 3.444736184582057 4.108771951116556 0
262 3.707141584890222 4.05786660246016 0
263 3.821872643399614 3.770643616614375 0
264 3.7846461198562 3.979165033746214 0
265 3.829825249635721 3.700620133893218 0
266 4.220816947166792 3.79463618133097 0
267 3.688914978391518 3.879297499171222 0
268 3.908601088172325 4.376618363388916 0
269 3.863424591401565 4.505537425324452 0
270 3.903231156949526 3.943588410921167 0
271 3.645002722757613 4.081234420458729 0
272 3.755606242348915 3.854986745487344 0
273 3.542065267697831 3.895914530036091 0
274 4.175447424101414 3.922138385525566 0
275 3.597599278956652 4.038187181880709 0
276 3.607530359360255 3.974461894542549 0
277 3.7663147396901 4.275469884887255 0
278 4.056456036088646 3.905703165053164 0
279 3.645209586911789 3.838536208483865 0
280 3.803751256257329 4.322856726324596 0
281 3.783964885520799 4.382975251885127 0
282 4.3264458240351 3.954955046153242 0
283 3.884518699824627 4.251470711831502 0
284 4.100821283247392 3.767052142017723 0
285 3.807656647330231 4.087345858043043 0
286 3.859179398476832 4.14736122322722 0
287 3.669620841823964 3.961732499390783 0
288 3.751085648744667 4.096758704233051 0
289 3.864927651800935 4.311543770386201 0
290 3.736338762336906 4.162963107923569 0
291 3.856360827212686 3.874564429703018 0
292 3.324072631710822 4.445492361057015 0
293 3.115978798371551 6.605573446241632 0
294 3.130378279261488 1.394259858714478 0
295 4.279347417421971 4.053185939722601 0
296 4.186328911704573 4.069621786422856 0
297 1.417069513987192 6.600784669148819 0
298 1.401171104718031 1.43747526333105 0
299 6.608045472557906 4.736175614409091 0
300 6.634589481543625 1.378467026692761 0
301 6.61693160002655 6.618492205115231 0
302 3.820941571722098 4.02241767032726 0
303 3.915199078636681 4.061236288657228 0
304 4.005998284125494 4.102986561149382 0
305 3.954913084364393 4.185059669138567 0
306 3.962652664833753 3.903733946006956 0
307 3.532108452334224 4.057336872776616 0
308 4.419332123802574 3.997457509900354 0
309 4.382900932154339 4.075205000499809 0
310 4.360895265133275 4.127876792767106 0
311 4.150873479056419 4.38243843486597 0
312 4.202364204435832 4.34042557787668 0
313 4.160716447728045 4.4557598983518 0
314 3.592937721151043 3.738202172021441 0
315 3.54476410461747 3.550519586076815 0
316 3.714301584440065 4.287130749002744 0
317 3.906928209070376 3.603976587406502 0
318 3.981183762234791 3.601899875003725 0
319 4.049832300536979 3.640122619578414 0
320 4.13297084933223 3.619860479637721 0
321 4.23023448979075 3.496909763884366 0
322 4.296130300801409 4.124812239996063 0
323 6.683384119639677 3.111111111111105 0
324 4.085024447767633 4.054009908386972 0
325 3.786235047629259 4.223009370282305 0
326 4.762067763291673 6.668331076914457 0
327 4.727649873641933 1.274573166699089 0
328 3.492199728485611 4.332162869828906 0
329 1.28975700558024 3.407407407407419 0
330 4.124409112898059 4.131378039530167 0
331 3.9701733985657 4.290561404192392 0
332 4.055939784242059 4.163792989071426 0
333 3.993306332791468 3.758553135798516 0
334 4.098861439552515 3.659653556307096 0
335 4.034628142169383 3.829326349883612 0
336 4.128400532869728 3.819168321025717 0
337 4.022592046184799 4.260066286083423 0
338 3.953397678592562 3.850231164005054 0
339 4.252377275849755 3.892166119180013 0
340 1.252703170776712 4.717316869127606 0
341 4.179299899081495 3.825040317146905 0
342 4.267797234943659 4.364889421517645 0
343 4.153022502576378 4.183873644560695 0
344 4.094125016577999 3.96757288298685 0
345 4.324031073458757 4.029280033550572 0
346 4.100541957296666 4.30132657590651 0
347 4.334964298373794 3.860518494461252 0
348 3.928239887057674 4.231545768477984 0
349 4.002353028895367 3.645126146876057 0
350 4.158723341383063 4.030871232197358 0
351 3.909895288847265 4.146671862498725 0
352 3.924455957425681 3.779469720905718 0
353 4.27819373716017 3.940555825055598 0
354 3.944611983718425 3.632272033574558 0
355 4.165016235010714 3.653872480940806 0
356 4.186194088185464 3.600953371271785 0
357 4.221196826417643 3.982994201042327 0
358 3.693541819899858 3.926827248286409 0
359 4.085990073079151 3.614508236210679 0
360 4.039293913328616 3.581097519036592 0
361 4.237996613614655 3.688730943067585 0
362 4.268115874508958 3.724662055950004 0
363 3.720495939129448 3.686038153192266 0
364 3.777961447221216 3.668527839237993 0
365 4.2370831323666 4.312507418234985 0
366 3.779681116453032 3.931283267109315 0
367 4.13975250018589 3.738298578622393 0
368 4.381803812413584 4.183605254374264 0
369 4.041825531995346 4.348884330517354 0
370 4.129787677765036 4.341627645022221 0
371 4.13761476056545 3.96381469191874 0
372 4.264405220770739 3.787343716819602 0
373 4.219957096176868 4.136925666855694 0
374 3.772321113571216 4.183724033557511 0
375 3.667196239262798 3.646533077724273 0
376 4.181863242513655 3.741427467621456 0
377 4.344852167169309 3.913662181529348 0
378 4.310344677405572 3.716528052127737 0
379 4.254572537363641 3.648393672807241 0
380 4.229773433475167 3.612381441332218 0
381 4.104519881460837 4.224604715070495 0
382 4.072176330640982 4.389688676159094 0
383 3.868432997602234 3.915923629501832 0
384 4.052840791662251 3.683033944035004 0
385 4.076282778975319 3.80255335519906 0
386 4.103658946927239 3.883587286075431 0
387 4.238603137532512 4.240457678892698 0
388 4.055669294813047 4.292877976218247 0
389 3.908360801328137 3.98622647936579 0
390 3.897010047585624 4.336472134419735 0
391 3.788673717462639 3.604862674926306 0
392 3.849269993504183 3.560575892641232 0
393 3.825271701338911 4.124877000433614 0
394 4.3049740547425 3.799257015636395 0
395 3.994514586840633 4.196742290047677 0
396 4.121720918619852 4.264461341557393 0
397 3.847272773568137 3.803829037049097 0
398 1.006730869149218 2.372275732700993 0
399 4.055342079105194 3.736865649865723 0
400 4.173021661367954 4.266575742259626 0
401 3.852456639886073 4.049807502700083 0
402 4.052084278884051 4.423999049733088 0
403 4.002434840610203 4.43281549346137 0
404 4.006602883199777 3.799080864949024 0
405 3.97967631840605 3.711839718301533 0
406 3.984397335333922 4.386777187747591 0
407 4.356512481019442 3.983175207018266 0
408 3.911864011751379 3.715971651689121 0
409 4.015601986532226 3.909979658407567 0
410 3.960330086011438 4.14716372988444 0
411 4.108079494362723 4.38214092131849 0
412 3.697530535687096 4.018758340331632 0
413 4.335820275605971 3.773802119681343 0
414 4.388042448349543 3.782826028810422 0
415 4.233806753387244 3.833375882166466 0
416 1.006258820830253 5.659340995140011 0
417 7.006086331302281 5.686936944863718 0
418 4.049080601959821 3.865713902834902 0
419 3.844287753674342 3.988694327999423 0
420 3.993486102698087 3.549870319438309 0
421 3.983692956810266 3.404234392426104 0
422 3.928296470101979 3.820558653960679 0
423 3.849474805629648 4.231870016863625 0
424 4.199867361423778 3.700891539938644 0
425 3.883656945129678 3.636459907410541 0
426 3.968054039855075 4.084076129519858 0
427 3.989568033652631 3.835006470081585 0
428 4.285549451811194 4.187131332502926 0
429 4.317657878595748 4.212273314988496 0
430 4.314560999319782 4.261532158859855 0
431 4.349889037049929 4.331342640304234 0
432 5.704488918412882 0.9950416828872548 0
433 5.712609738899098 7.016310221045883 0
434 4.210013695405549 3.906059488623765 0
435 3.376574381629444 3.744466066561246 0
436 4.618657980553913 3.720597658486442 0
437 4.163934627247021 4.101301386205008 0
438 3.745792596907576 3.954039018839992 0
439 4.427903494396052 4.105173389744246 0
440 3.939041556998673 3.934171730392474 0
441 4.378395793955943 3.83843518213282 0
442 3.595131184822916 3.871781657380982 0
443 3.887403937878223 3.852595826031086 0
444 4.13005340393994 4.415136398136536 0
445 4.044905038683781 4.075585582267578 0
446 4.275959907506728 4.09184003610848 0
447 3.649732845640225 3.876950509616588 0
448 3.859831084008607 3.671618098443167 0
449 3.72511362614169 3.786261573163626 0
450 3.694793537996013 3.714390054795482 0
451 3.693765745508357 4.221499918878505 0
452 3.755378105460002 4.004726379754422 0
453 4.00218691561135 4.34696250735057 0
454 4.098860029089219 4.103029474476322 0
455 4.084476774849921 4.137598873630215 0
456 3.71692704586646 3.852431485197432 0
457 3.901017543886264 4.108737503805955 0
458 4.121027923856253 3.689891838691931 0
459 4.187930259133418 4.303462972409126 0
460 2.257759862012343 7.042017196274797 0
461 2.231859455838415 0.9615050836323116 0
462 3.809818200542566 3.733381284808352 0
463 3.734136365824992 3.72115569965911 0
464 3.686822940220664 3.78185060667249 0
465 4.066478734766907 3.942656641524426 0
466 4.257090039862723 3.969202544895542 0
467 4.073377931726024 4.19930868624437 0
468 7.087434092802396 2.207107276931047 0
469 3.805289411443523 3.639673083524913 0
470 4.201566301695477 4.16967813019614 0
471 3.873984425936383 3.775302242357646 0
472 4.282353863010301 3.866644012621078 0
473 3.939162557150637 4.267647599974377 0
474 3.657454258397216 4.218018985157962 0
475 3.629446837582453 4.251538092250229 0
476 3.548620763233009 4.248735755761753 0
477 3.944245511566146 3.596088262404224 0
478 3.655118495378039 4.116274928901487 0
479 4.028283821678987 4.135393709752588 0
480 4.195667184223679 3.954655743150884 0
481 3.916358345693387 4.024415499950358 0
482 3.671005642122565 3.745981536943345 0
483 4.452402283750314 3.765663565456075 0
484 4.409530244302449 3.863322329977471 0
485 4.417468332888413 3.915937034757606 0
486 4.432221090292072 3.955688300284232 0
487 4.512735300708668 4.003978176821774 0
488 4.544475749474802 4.116161075270394 0
489 4.654659237988966 4.372173933343374 0
490 4.251715270194457 4.202635716528559 0
491 3.749667570641925 3.757586713762125 0
492 3.729945304205528 4.128966631122283 0
493 4.187668058957991 4.233760970268087 0
494 3.620510446062179 4.008732352769416 0
495 3.581952253347883 4.002483987420059 0
496 3.739362628043104 3.822031092686625 0
497 5.646146126639597 4.724606075603523 0
498 3.800598667226573 3.798855928220258 0
499 3.643882494945649 4.181645065283065 0
500 3.907091148045554 7.07220729006902 0
501 3.907091148045471 0.9277927099309209 0
502 4.202384355293199 4.103974703507595 0
503 3.681097789401257 4.085065946974119 0
504 4.178061111444985 3.886399966636826 0
505 3.944009615011825 4.380878537574413 0
506 7.081559484710953 3.943849298654444 0
507 3.63365976302354 3.742812822598241 0
508 3.787146998343704 3.7621265258299 0
509 3.819791752237524 4.161244528356156 0
510 3.875228554145906 3.969740137014724 0
511 3.792683408625551 3.861003857251082 0
512 4.166122025442284 4.349895473743524 0
513 4.268909394794751 4.261812042712181 0
514 3.607400032892813 4.175561904551283 0
515 3.590343879244478 4.139611044245705 0
516 4.320976012378384 3.992170478899161 0
517 3.997556394916991 3.683206893267838 0
518 4.022050544138104 3.614747319818183 0
519 3.777599689825314 4.347540568773393 0
520 3.744725113273897 4.371514429943835 0
521 3.735109986965634 4.483583316703413 0
522 3.864239373665924 4.182878273063246 0
523 4.139201112500432 3.548077867600596 0
524 3.670513653929391 4.14967525067598 0
525 3.767099458766592 3.889462261003647 0
526 4.144158774880837 3.906411160556658 0
527 4.391549296035047 4.110689157730183 0
528 4.3916800494291 4.147267443925021 0
529 3.619294844538669 4.111750520484246 0
530 3.58482892150142 3.926497677636345 0
531 3.632916702831961 3.951605415917436 0
532 3.73335409610609 4.033267730539796 0
533 4.192100047940069 4.018075385178585 0
534 3.853583767724904 3.838286129765943 0
535 3.834943641698184 3.912862680724738 0
536 4.380833262151695 3.92015601180214 0
537 3.609647892376249 4.074343975442238 0
538 3.633824451105433 4.047090321950117 0
539 3.931773405767222 4.333803721636793 0
540 3.735546435208555 4.259942139320857 0
541 4.244843696171729 4.060725557930351 0
542 3.679793056260514 3.845412382898838 0
543 3.672702992567101 4.051143709302662 0
544 3.09434679225095 2.328292271063682 0
545 3.098284260509972 5.705341942731133 0
546 3.878385317348767 3.703539275927322 0
547 3.808872585522342 4.360663418470343 0
548 3.820683362928738 4.4010482872992 0
549 3.870650327368174 4.407665177053727 0
550 3.911793501087621 4.423003752387275 0
551 3.937900408161838 4.501006729814838 0
552 3.776935796347441 3.826120953966054 0
553 3.794356701048125 3.697886387199214 0
554 4.397826664730522 4.042433193824273 0
555 4.354130874626225 4.052980409021981 0
556 3.715960944347222 4.093715517378745 0
557 3.798916846449945 4.287954716757529 0
558 4.347814086622483 4.195159999212767 0
559 4.35225703903052 4.239175318754021 0
560 4.260648379729053 4.022382264097341 0
561 3.664794932710828 3.810095310617632 0
562 4.259131349090806 4.122700087997749 0
563 4.309997521014346 3.833667489967252 0
564 4.237492400638895 3.763359938953167 0
565 3.802701498663362 4.051873933507599 0
566 3.860396550921566 4.275097984823291 0
567 3.575650679549531 4.066324123705585 0
568 3.771284917136187 4.309681106974691 0
569 4.193150329100884 3.772582291945036 0
570 3.932543851660385 3.664746163720288 0
571 3.94691714740348 3.705351268025579 0
572 3.843568461545156 3.740511573647956 0
573 3.754671126975007 3.693008872854564 0
574 3.629492176431104 3.806749977336183 0
575 3.608280118821234 3.835212819033771 0
576 4.081337259034473 4.021532819115643 0
577 4.126509886672981 4.047055169617352 0
578 4.355289768469452 4.161574131192237 0
579 3.714842704333242 4.192764319176788 0
580 3.836606098608005 4.332609010138936 0
581 3.744882162838409 3.659907117279342 0
582 3.768580978318214 3.634032420118705 0
583 3.911648658693493 3.748142068887864 0
584 3.72236281848221 3.884896391033103 0
585 4.050537864985007 4.240790425260344 0
586 3.787564540528244 4.013628355571517 0
587 3.642355565762807 3.983301437621042 0
588 3.776270341623128 4.074591375953666 0
589 3.782767884716666 4.108581744531538 0
590 3.960839893715325 3.768556914513132 0
591 3.701511258848707 3.958804446931897 0
592 3.823760486774928 3.60948470581944 0
593 4.02484932788778 4.178399662672809 0
594 3.832465776925051 4.298851464532058 0
595 4.237317581246019 4.345628053777998 0
596 4.267644427749231 4.328835882942829 0
597 3.980781638180328 4.321762228344992 0
598 3.807449166286226 3.954939420406733 0
599 3.666276042097757 3.905352623231312 0
600 3.56586640703295 4.03452931289388 0
601 3.975584823163314 4.120920539267278 0
602 3.825925295421419 3.665169325967992 0
603 4.142741505513009 3.99573218674185 0
604 4.130760307387315 3.653020554834597 0
605 4.330339592820618 4.111366860302399 0
606 0.83867026487694 7.189870723531645 0
607 0.8389529397221729 0.8085540986530062 0
608 4.127318279076668 3.786964215491383 0
609 4.008845019761957 4.230223246109357 0
610 4.116625957702806 3.851040500340688 0
611 3.88554101076762 4.046112931557476 0
612 3.96655996459836 3.572314028649981 0
613 3.704532019878613 4.152479839720975 0
614 4.023362425845697 3.745395150868273 0
615 4.180736554604986 4.199701952455443 0
616 3.878861589748236 4.366050982675571 0
617 3.740168006973233 4.065852209130658 0
618 4.290718936912093 4.154884859642288 0
619 3.82373297278172 3.87095278913774 0
620 4.376676765558728 4.214535901771283 0
621 4.427981732918489 4.210989545940283 0
622 3.879989097896654 4.219101684998325 0
623 3.678155545175734 3.993317735921098 0
624 5.89369330640432 3.053007772292543 0
625 7.206832396832553 0.8203966099850275 0
626 7.170061832230477 7.19259928070995 0
627 3.892534871986473 4.283994574644862 0
628 3.946945231125571 4.062686209672541 0
629 4.388595544021896 3.986697608274013 0
630 4.05553693744666 3.608344030614416 0
631 4.078441883932196 3.573328392880185 0
632 4.113630408090867 3.586842755448173 0
633 4.150913986289504 3.587592429537172 0
634 4.00483974476783 3.580108374991126 0
635 4.360166461137464 4.094966288595781 0
636 3.605531760282952 3.90073061520993 0
637 3.921626611398332 3.852048516415007 0
638 4.8136357719072 5.897644195759172 0
639 4.815967169961639 2.118654407685836 0
640 3.867338383606976 3.600992950473804 0
641 3.889968881950227 3.564859433827297 0
642 3.818621941917691 4.233301829193001 0
643 4.232617860635044 4.177207653862312 0
644 0.7896669991843619 4.029879447472858 0
645 4.296323408427512 3.965098839808759 0
646 2.063342601883049 4.695548274343448 0
647 4.356939162062504 3.94310855044957 0
648 4.10499537502435 3.735400677301917 0
649 3.91474869705584 3.914867460885365 0
650 2.39215120158453 6.265141885639509 0
651 2.415331356069281 1.740061489256305 0
652 2.076841634106563 3.291926193623353 0
653 3.925101903357636 4.174484952388005 0
654 3.991731939767836 4.265396642482053 0
655 4.063405643167771 4.32575473934471 0
656 4.245478719598889 4.281377196191 0
657 4.326297732871482 3.742747418380699 0
658 4.251786806129122 3.858558098042911 0
659 3.930941458880241 3.963223097484663 0
660 3.838391890480429 4.077050994962547 0
661 4.297447891779274 4.549260905677627 0
662 3.704350355068727 4.251670398903318 0
663 4.027930690507572 3.663644826754323 0
664 3.976702902355988 3.873314565876584 0
665 3.794282600525972 4.25565684635651 0
666 4.413908077485392 4.076787624277135 0
667 4.129595369517618 4.161674530970527 0
668 4.156223211167364 4.063198798574008 0
669 4.172893327344795 3.854049584489935 0
670 3.846233718213244 1.723317552899903 0
671 3.831863133475804 6.291279071292933 0
672 4.070577568249703 3.764160068338898 0
673 6.303889511436813 4.015961854014392 0
674 4.187027831350758 3.552321347601934 0
675 3.918451145984246 3.574228382758675 0
676 3.571158776094187 3.842778237263706 0
677 4.445085082930866 4.076607434813044 0
678 4.475812586014697 4.137517748241712 0
679 3.813342337025579 3.99252609579202 0
680 4.087140526353144 3.909485765940143 0
681 3.76137120583277 4.14501215069242 0
682 3.856052416366991 4.115746467393147 0
683 3.569865619514212 3.962888165426801 0
684 4.162465605721843 3.623398955541024 0
685 3.913684062422283 3.639757520445701 0
686 4.126326793462984 4.1995154262549 0
687 4.329564451183552 4.142210061436414 0
688 4.267254175835979 3.75607016692877 0
689 3.763006879080055 4.242878579892134 0
690 3.741485657772496 4.301014943489985 0
691 3.71409429983381 4.320163164947978 0
692 3.647577026778901 4.317402466280909 0
693 3.71512232442643 4.356670184617321 0
694 3.985843345889334 3.921673525510673 0
695 4.312979608921555 3.928684284276045 0
696 4.038956502605694 3.93068261614169 0
697 3.810562831516358 3.574203970225454 0
698 3.738922976520391 3.533718344874702 0
699 4.166071546878557 3.952553795024736 0
700 3.970805036898182 3.647060584270085 0
701 3.884101441109058 3.888551020864669 0
702 3.744143446980357 4.195952157318903 0
703 4.311199645287724 4.056649887863061 0
704 3.940781693346086 3.881222517017167 0
705 4.21448078425925 4.057437263454344 0
706 6.317439233952324 2.045225129797272 0
707 4.073869927275991 4.083184913943459 0
708 1.699957975142402 4.029181612779686 0
709 3.800947796766818 4.198708501422561 0
710 4.290698697739954 4.025344915198554 0
711 4.089775672459214 4.493695140586064 0
712 4.276973702845899 3.909971262979323 0
713 4.37693513387067 3.812169521913785 0
714 4.471431335181983 3.843736561643903 0
715 6.281435097666083 5.395155890147167 0
716 4.07396532200384 3.881992854896021 0
717 3.624973516063222 3.860597541023552 0
718 4.189603656566398 4.381001469304496 0
719 3.658870858277024 3.933243185035188 0
720 3.526119578246762 4.117498641403717 0
721 0.7285867419830998 1.710505323821652 0
722 3.9552126959471 4.217072019177356 0
723 3.948160089585967 4.308525021043376 0
724 4.186763147924569 3.671056230963484 0
725 4.098521790951644 3.818646013102329 0
726 0.7529270360004645 6.330357753193739 0
727 4.155637813514367 3.807708037480516 0
728 3.888103731997496 4.163973352664079 0
729 4.021949217432033 3.554582920973898 0
730 4.053238006213394 3.551342829076056 0
731 3.724052716738078 3.935903371460945 0
732 4.192321440849261 3.63127783357034 0
733 7.264719843898467 5.016296011400271 0
734 4.247544523384535 3.995986102166474 0
735 4.142285822190679 3.934356929978267 0
736 4.304960815488513 4.094364593442986 0
737 7.331489560359978 6.364356218256136 0
738 4.208749023661144 3.820213304522129 0
739 6.358134488931899 0.6797587215263752 0
740 6.351192080815373 7.298137889881035 0
741 6.049796554204857 6.353803832747689 0
742 3.810389470516746 3.92587606188208 0
743 1.653806056043382 5.936048155458913 0
744 4.332203074807198 3.889431373143674 0
745 1.671711905785644 2.077691364284713 0
746 1.569009313234695 7.318276596536128 0
747 1.556515443390616 0.707695530494119 0
748 2.930955404141343 7.285008665590414 0
749 2.930955404141264 0.7149913344095555 0
750 4.211021223839274 4.245795455505807 0
751 4.08070745321476 3.68103528395092 0
752 4.018921675380967 3.495464118623217 0
753 4.078101198500739 3.993997809877104 0
754 4.342827080582452 4.010612879402744 0
755 3.520416093981024 3.941134686963101 0
756 3.603909932695516 3.944540105161995 0
757 3.913580250633033 4.256561971034918 0
758 4.245151384179733 3.807162161209606 0
759 4.017657672709961 4.076062712255838 0
760 0.7079081339833584 3.019074203319766 0
761 2.806655786429381 3.46195396662669 0
762 3.930348950971375 4.203020959740257 0
763 3.895064006479871 4.08109250614123 0
764 5.424440001200701 1.600348902629946 0
765 7.303234848064104 1.564630066154117 0
766 4.148624646599401 3.840199196316617 0
767 3.864073999743047 4.338791620266585 0
768 4.030396753498252 3.886653487811598 0
769 4.117200686857521 3.985584960233423 0
770 3.924162780492315 4.089032200434111 0
771 4.215342723475727 4.368591755450016 0
772 4.035879336592842 4.102553495775367 0
773 3.848490290735151 4.021358071742061 0
774 4.029955555592695 4.286182217133016 0
775 5.080304423493255 0.6923539944841379 0
776 5.106081812371625 7.289684135331963 0
777 3.885698533342933 4.131497031137089 0
778 3.980785949818905 4.175497233563327 0
779 4.182421857412256 3.797223377145428 0
780 3.850790458178411 3.715405684727372 0
781 4.079181789045614 4.229805868496718 0
782 4.411847408194531 4.12818647521241 0
783 4.056239794823481 4.05244755223518 0
784 4.10660056146503 4.327993670184298 0
785 4.14634753423415 3.676058812287221 0
786 4.108134979251643 3.632307425279853 0
787 4.07643017251789 3.641131842823942 0
788 0.6836320546968206 5.028631675343638 0
789 1.605970508096857 2.793851994868265 0
790 7.282656627531225 2.875489102431092 0
791 4.421833131192408 4.028189101829798 0
792 4.063930977710639 3.827213387055841 0
793 4.04847992335769 3.802777788444367 0
794 3.997259387259664 4.292848908299487 0
795 3.690291280350536 4.274807489057171 0
796 3.690510173012425 4.304225888951569 0
797 3.681954409820726 4.340056219052568 0
798 4.402342952450812 3.889184332582634 0
799 4.436705230099933 3.887032693903539 0
800 4.135956362672633 4.106294699495476 0
801 4.393467402895207 4.012234594761495 0
802 4.360138885288866 3.786453276137099 0
803 4.366031791459522 3.752593812023838 0
804 4.000020385419256 3.735580252581597 0
805 3.865805069701161 3.943232256065675 0
806 4.102690139382803 4.075788108647573 0
807 4.050334543242212 4.267860680226773 0
808 3.971690738768275 3.739448617169191 0
809 4.407810044112731 3.939881974224138 0
810 3.994904012895107 3.896158791437615 0
811 4.353758616058009 4.282484100680505 0
812 4.317688206483058 4.301001862073865 0
813 4.298346069846009 4.321216795284673 0
814 4.326026376815732 4.366076821490057 0
815 4.280918806252821 4.426532788905853 0
816 3.889785103882773 4.310296764417986 0
817 2.693697265268498 4.965250419860922 0
818 4.239836891187128 4.37317005627685 0
819 3.576433653436275 4.20381376991318 0
820 4.047450593639089 3.711364723707689 0
821 3.763299875707701 4.218384567876864 0
822 4.409511750016204 3.972516198029222 0
823 4.149029861276619 4.143230640276776 0
824 3.927956420517255 4.36034523705155 0
825 1.575201408137476 5.258390548966111 0
826 4.293082731946082 4.350041946760484 0
827 4.306003170831803 4.237130923415886 0
828 3.985528451986028 4.412296964197867 0
829 3.973616258190314 4.44290576757144 0
830 3.931931578430008 4.448588657058598 0
831 4.014277357736353 3.844941740969537 0
832 4.002383001808311 4.128090565257732 0
833 4.351119533497172 3.839055648602628 0
834 4.310470931062161 3.869787363108436 0
835 3.760515910125029 3.977151631698893 0
836 4.14631590537984 4.272529436023778 0
837 4.132346901999315 3.711784544970115 0
838 4.174975343387542 4.166065285808212 0
839 4.168095287273297 4.323804164776922 0
840 4.024042497916695 4.417591893530283 0
841 4.030678798355991 4.449273864106436 0
842 4.070767489169257 4.463128131816959 0
843 4.182849596811803 4.042886608513083 0
844 3.936910087539139 4.135621396362215 0
845 4.249848238752339 3.920345469696741 0
846 3.931565554144046 4.404383499442956 0
847 4.228753698031173 3.887109202052547 0
848 3.849871733119547 3.76842653472726 0
849 4.076665506311306 4.176352124224035 0
850 4.050096737707809 4.188813882441616 0
851 3.847209124361882 4.392265025559913 0
852 3.842398923476322 4.424322097228725 0
853 3.877876842228515 4.453177135700223 0
854 3.895992394536296 4.401368325880306 0
855 3.924280833426772 3.688861717505325 0
856 3.984087486632085 3.783493168483594 0
857 4.015429133259068 3.772861831609618 0
858 4.102758970616541 3.794371089853716 0
859 3.581051110564128 3.654424057448888 0
860 4.210792387714653 4.315062764585362 0
861 3.966338893451674 4.263989882910268 0
862 4.112847656277074 3.951527103387138 0
863 4.123826065664928 4.291060635112876 0
864 5.31105964535204 6.340132082135511 0
865 4.262275216839983 3.698707827303862 0
866 3.95400211951808 3.825845570738482 0
867 4.208826253052371 3.931999631823026 0
868 3.8988350518356 3.788214316551834 0
869 3.846393414280546 4.165112150429481 0
870 4.059440632008048 4.1370685449465 0
871 4.102572379593418 4.036730838377958 0
872 4.048444333275979 4.375246627463955 0
873 3.905487064037672 4.219377796876747 0
874 4.006589526963677 4.372731151399082 0
875 4.081518747551001 4.283557327969963 0
876 5.253589986882558 2.853029565199825 0
877 3.935720892320555 4.039798730023182 0
878 4.291562419619444 4.273477814841262 0
879 4.217224861518564 3.67785615071005 0
880 4.214546824921094 4.082464593271896 0
881 3.793826948158187 4.167091423214093 0
882 4.212939666477171 3.755217806574468 0
883 5.048879815138692 5.360349967315206 0
884 3.90489751593096 3.832334221886819 0
885 4.158539782499308 3.72553172095756 0
886 3.722082613770536 4.011278189750564 0
887 4.066779194594349 3.966588554114572 0
888 4.358478764635884 3.863976706730876 0
889 3.625884976405326 3.88613754264901 0
890 4.24741851272996 3.742855527436715 0
891 3.826791286969054 4.046772554809197 0
892 3.801508612053478 3.675623934727084 0
893 4.196832764277231 3.844083885928253 0
894 3.853447775320197 4.206198406393484 0
895 4.15832457125884 3.754214878859572 0
896 3.938386185661268 3.90537635631305 0
897 4.092189631739731 4.399321058427012 0
898 4.239812103517954 3.710358914798715 0
899 4.28647666363192 3.708653883378271 0
900 4.257705220936461 3.673814755363757 0
901 4.293454767499481 3.732818913584937 0
902 4.156809029711479 4.208250567657503 0
903 3.887741718851496 4.423085281232993 0
904 4.076561274411262 3.740982407262893 0
905 4.030272847516197 3.687247417090869 0
906 3.943311256201242 3.571275565633393 0
907 3.781238260925226 3.908156077286528 0
908 4.121281930366646 4.240154758111364 0
909 4.452364479217884 7.366669780639075 0
910 4.435117037819992 0.6383164022324079 0
911 4.23242439412509 3.638059602111624 0
912 4.255201173496847 3.620674059152692 0
913 4.063749894132137 3.661059115351815 0
914 4.129007434488488 4.317338352322059 0
915 3.998353477055779 3.619181932790604 0
916 3.940282654131293 3.798546938070735 0
917 3.745278400512102 3.877136414609919 0
918 4.234868139298902 3.663870915224091 0
919 4.09163216534056 3.939034637741937 0
920 4.200217829812193 3.994286342145787 0
921 4.199297252865893 3.72387249794692 0
922 3.836211633031901 4.102646000300672 0
923 4.281165833945633 3.803088925358971 0
924 4.287915271155376 3.782371314319128 0
925 3.71640214348393 3.910946988392674 0
926 2.786961345856395 2.843124301411482 0
927 3.591117208944697 4.233519697602149 0
928 3.587377644890796 4.299493802970495 0
929 4.109728648765116 4.356266221442278 0
930 3.829637756339081 3.972515477134099 0
931 4.431460927267722 3.978978299732991 0
932 4.454606735063848 4.013988299407708 0
933 4.486261554688101 4.048909084762684 0
934 4.126181946498453 3.763068960101239 0
935 3.965886045128147 3.935542912439153 0
936 4.526203480015187 3.641765366635669 0
937 4.475566499612931 3.313934760011813 0
938 3.823678048637725 3.792803289450403 0
939 4.42987489375141 3.931957122481442 0
940 3.951154905430045 4.241415309297374 0
941 4.30494063810892 3.691721271772903 0
942 4.351355990558318 3.691826824196018 0
943 4.275805068666192 3.659394100546757 0
944 4.304438675227379 3.663665435495824 0
945 4.305409803752361 3.607159173732169 0
946 4.268964634480528 3.572337425259942 0
947 4.220831166219535 3.959365453006207 0
948 5.995644462704922 1.537882621523605 0
949 3.7741944298724 3.958026157005567 0
950 4.10816292840621 4.157367712533402 0
951 4.038114117148121 4.324764012177575 0
952 3.76205139403993 4.118386581678505 0
953 4.048798877382746 4.400996490091366 0
954 4.070494619536641 4.411688000877475 0
955 4.258766657929971 3.946470719572154 0
956 4.131166426878811 4.366077386500321 0
957 5.236228705931882 4.384076243214645 0
958 3.709076051959185 3.650894029787024 0
959 4.064806968752796 4.357375685248251 0
960 3.991849939209974 4.073374390456668 0
961 3.95895061117203 3.611719474193056 0
962 3.929419617682294 3.612608619530586 0
963 3.846177607298211 3.610861541848657 0
964 6.50681389532429 6.049038028040013 0
965 3.924810871490021 4.000185700476431 0
966 4.087657623466039 4.371698641645272 0
967 4.19668678792663 4.129677402632985 0
968 4.341293171788284 4.262614518353824 0
969 3.697737451119163 3.982273045048222 0
970 4.005626887268247 4.398860245617956 0
971 4.128473754519391 3.888300922312546 0
972 3.800369991705889 4.123293665999002 0
973 3.946129129715477 4.087167075826933 0
974 3.637369640196264 4.228110929458581 0
975 3.887694661789585 3.589950033032429 0
976 3.453641494275615 4.215979223403889 0
977 3.758405205886848 3.930732793763607 0
978 3.884272033593843 3.991761238888696 0
979 4.328855396151189 4.233572291574697 0
980 4.100440067844562 4.246405717803417 0
981 4.387753004249475 3.859174759337288 0
982 4.290811388915079 4.072794593601639 0
983 3.938148055231652 3.761196540076307 0
984 4.501221210442594 4.197130130393225 0
985 3.870216025310403 4.064775333368297 0
986 7.412761173242071 3.446897031260294 0
987 4.139628743281199 4.017217760531051 0
988 4.162653283034738 4.006378103946224 0
989 3.851498487279394 3.899601996386258 0
990 4.328613995308917 3.79547031207359 0
991 4.31257255582953 3.776553520418991 0
992 4.025813367149755 3.639516236861196 0
993 3.985963550694878 4.362757896420349 0
994 4.263603252738522 4.182008270153965 0
995 4.218851041085489 4.006261235946423 0
996 3.863470036355121 3.649559762889751 0
997 6.311190925218701 2.677415729868632 0
998 3.891155307180801 3.759117418986611 0
999 7.484013156493405 4.503718145247354 0
1000 4.012758960967311 3.821562671877419 0
1001 4.111408847485222 3.710975092988074 0
1002 3.894086068764975 3.924048502419206 0
1003 4.363947994112949 4.260642389695162 0
1004 4.376541358151307 4.238895350805977 0
1005 3.849295421994329 4.254929522454606 0
1006 3.833518642393959 3.847923332828727 0
1007 3.583807008586882 3.981047066377759 0
1008 4.3987671205524 3.803770496428835 0
1009 3.757089604540624 4.164678147238659 0
1010 3.988623987958655 3.810263764638215 0
1011 4.329986624412056 4.047893211194807 0
1012 4.243897138016592 4.138729033450938 0
1013 4.178105773412497 3.71364097843368 0
1014 5.128765683696459 3.598430584201009 0
1015 4.076992079484352 4.307798183189513 0
1016 3.824685163670384 4.377727553081313 0
1017 4.264308811962453 4.071998464015468 0
1018 3.615418657007668 3.923287039375407 0
1019 3.700469110730842 4.175894159480649 0
1020 4.234228225202071 4.217176235195409 0
1021 4.255963333825028 4.224340539492025 0
1022 4.070917150474279 4.43500171273222 0
1023 4.296249243237839 4.209824001217126 0
1024 4.190143812200534 4.282154133954986 0
1025 3.865762373620595 3.818183312202231 0
1026 3.649629239858047 4.158450316151859 0
1027 4.168663181110135 4.28718400752413 0
1028 4.352708162667906 3.89282080249548 0
1029 3.696204337750284 3.902826630347065 0
1030 4.096354436464383 4.201314623940855 0
1031 4.277889217512027 4.133199710401994 0
1032 4.022154223945885 4.155282049504907 0
1033 3.681113137417596 3.943792088859883 0
1034 4.308634339861822 4.191280985261916 0
1035 4.627814813670137 2.651327129460681 0
1036 3.730712404009132 3.744698484625343 0
1037 3.87744530573837 4.110175334824964 0
1038 3.722265877472061 3.961389993068777 0
1039 3.980016276900026 4.213626652152847 0
1040 3.984718772182059 3.664895045611412 0
1041 4.221489961800369 4.112376175220144 0
1042 4.400268521185228 3.844113518739683 0
1043 4.128620627579621 4.392528122224529 0
1044 3.884516661698899 3.611931143365995 0
1045 3.943838949963287 4.165097386791889 0
1046 3.65108473175595 4.242901671703603 0
1047 3.651948724615977 4.276217680213929 0
1048 3.671176900967269 4.290037476399791 0
1049 3.71216735215218 3.727582267696564 0
1050 3.598435732676526 4.01648666722778 0
1051 3.963290190294419 4.394977823192914 0
1052 3.839242960910512 4.144608194456338 0
1053 4.108914866857702 3.610725535983599 0
1054 3.914736930245753 4.277877665098176 0
1055 3.668757823511759 3.86713784301943 0
1056 4.375998278952545 4.046399636473853 0
1057 4.232268449764948 4.262501477606525 0
1058 4.221586878480791 3.702107768382715 0
1059 3.852579669172038 3.96872405899954 0
1060 4.057802520699298 4.218652708816184 0
1061 3.873212895219799 3.483037658555049 0
1062 4.257850778757637 4.301244809951979 0
1063 4.060788847088574 3.586711047236649 0
1064 3.869458573663242 4.381851019053744 0
1065 4.093499660117295 3.593326810555737 0
1066 4.18592748127945 4.359221536222593 0
1067 4.206320974174022 3.613736842076207 0
1068 3.660940466319754 4.195596959556672 0
1069 3.691121123419591 3.736457765575573 0
1070 3.48460645120907 7.436515046206829 0
1071 3.51377983680426 0.5122427603655044 0
1072 3.981556532817936 4.142197644961349 0
1073 4.231825204822235 3.854537449809253 0
1074 4.104099938917255 4.279643255783079 0
1075 3.661000268803059 4.095335354890117 0
1076 3.959718827700627 4.328676153329212 0
1077 3.677512875528355 4.029414102521702 0
1078 4.22350449294821 4.294054966325118 0
1079 3.784481548090093 3.784771755609588 0
1080 4.167160751956569 4.244052936359042 0
1081 4.334889214259868 3.974519174927877 0
1082 3.74578349660018 4.280800612915902 0
1083 4.401931650430376 6.280676784832464 0
1084 4.426148588349958 1.752934598952594 0
1085 4.101781295661059 4.125621943574099 0
1086 3.837714706901298 3.824315862697154 0
1087 4.344934646897404 4.217482788474836 0
1088 4.242324076590899 3.786083368289105 0
1089 3.863327858430403 3.62689930086316 0
1090 3.897504485015722 3.965759804678306 0
1091 4.343669434098762 4.03345442472417 0
1092 3.980002297885657 3.692724613496559 0
1093 3.998980906693931 3.704635428863921 0
1094 3.711534930402087 4.03636721457701 0
1095 3.552912840332639 5.341720030094612 0
1096 3.550065763580581 2.629747087835518 0
1097 3.850976349348567 3.928615572740745 0
1098 4.062467503241374 3.784333718466812 0
1099 3.94951679451806 3.652561792014579 0
1100 3.830057059933552 3.721312744828077 0
1101 4.30458033581639 4.008886749249093 0
1102 3.909543972249718 3.808539591298461 0
1103 4.288453585691793 4.24988967068425 0
1104 3.612102578404324 4.132842749774396 0
1105 4.285997497932121 3.888494626443931 0
1106 3.707277083016561 3.772944002239548 0
1107 3.704522158546338 3.795066062960755 0
1108 3.898245892054176 4.009076284378955 0
1109 3.652338609695631 4.060019438132993 0
1110 4.172383207463913 4.417188365285761 0
1111 4.151736698810888 4.405468507562716 0
1112 4.150462208768533 4.431759821781123 0
1113 4.119522760278604 4.453702520430303 0
1114 4.171542061979015 4.393188145654721 0
1115 4.193095788183606 4.405759058039363 0
1116 4.213691418420138 4.43466646764278 0
1117 4.441034667125122 4.031346817843589 0
1118 4.327702721830898 4.279620583820989 0
1119 4.198898172983416 3.88807459408986 0
1120 4.188572798730488 3.904539752026608 0
1121 4.15461492761986 3.97682144998267 0
1122 4.410637682820165 4.171111239039465 0
1123 3.79525723658896 3.838549175742015 0
1124 4.166197741444604 3.682209849079797 0
1125 3.913733594160374 4.321756671530412 0
1126 4.08235340938352 4.116802405850363 0
1127 3.965029599515459 4.373316863432054 0
1128 4.33190043053323 3.930483372040017 0
1129 4.322484285314317 3.909817320451833 0
1130 4.290609862991653 3.843343572216703 0
1131 3.64408072322578 3.362255725392518 0
1132 6.282428477104917 3.436987746554707 0
1133 4.330899646964745 3.829763497182474 0
1134 3.674149686766124 4.230531289656303 0
1135 3.751652784052668 3.735332785503412 0
1136 4.2046312687442 4.036259635497309 0
1137 4.027079113460184 3.792318674792292 0
1138 4.050889754000173 4.445649419954471 0
1139 4.113352251663137 3.903561101966651 0
1140 4.140701478315451 4.253461982705919 0
1141 4.160755720615842 4.124327280417801 0
1142 3.805442298078502 4.387241146107412 0
1143 3.787660961016267 4.425191991862331 0
1144 3.752285975269138 4.414165756457835 0
1145 3.710714792581818 4.41290460944915 0
1146 4.066836879320335 3.698526185728124 0
1147 4.27234051038179 4.205822533789138 0
1148 3.989910537496792 3.856296059084134 0
1149 4.371108379402526 3.999858404049661 0
1150 3.746096111809663 3.779393574626943 0
1151 3.824723417497647 3.893055284078688 0
1152 3.689060983563671 3.759867191258698 0
1153 3.668931487107574 3.768702391704326 0
1154 0.4908476875850059 3.486113964194268 0
1155 4.090026023631083 3.866438498827544 0
1156 4.474501600186109 3.94158201084565 0
1157 4.47242181873371 3.978684408231362 0
1158 3.601738525231858 3.995450761401999 0
1159 4.437118760163953 3.909149350915351 0
1160 0.5442590703220982 4.52178906812688 0
1161 4.182750233675959 4.091783155624966 0
1162 4.307419228405934 4.143306510232821 0
1163 3.768543260392507 4.367600869263689 0
1164 3.673222439241116 3.722831461127832 0
1165 3.674529208531564 3.698083388959418 0
1166 3.692316196635451 3.676531931732951 0
1167 3.819065023558588 4.067474742103529 0
1168 3.756357874346641 3.605131008765389 0
1169 4.247534374762091 4.037167044765338 0
1170 3.719463226201239 3.830738729140127 0
1171 3.737549851973712 3.843262480569232 0
1172 4.365694616828207 3.962406539034179 0
1173 3.625032852548516 4.088921900918105 0
1174 3.890878846357253 3.720390908201381 0
1175 3.898271189074541 3.696877707173007 0
1176 3.849889533128339 3.693591429581635 0
1177 3.833944460123741 4.218460594426065 0
1178 4.189579718701385 4.253101665865778 0
1179 3.920155528335255 4.119570508311184 0
1180 0.5182448548559346 2.21009149538212 0
1181 1.950037626483314 1.413002814545349 0
1182 1.960026731477335 6.580192111438125 0
1183 3.714161009181982 3.705675674867548 0
1184 4.218661933981675 4.157886760459593 0
1185 3.772812610142273 3.704827827649337 0
1186 3.714477368928838 4.232208308481168 0
1187 4.002916616392074 4.178026923830815 0
1188 4.015636710104168 4.198048736605601 0
1189 4.031379205836034 4.230941492490526 0
1190 4.411301489999394 4.151038693704585 0
1191 3.695683226768668 3.859602725077141 0
1192 4.17068983196561 4.371887459723964 0
1193 4.16540408881007 3.903752088592024 0
1194 4.131861682050599 3.597828834793666 0
1195 3.635321289328449 4.02640211438619 0
1196 4.099334328543548 3.997166231767002 0
1197 4.132575460375565 3.575974044740311 0
1198 3.906536238207226 4.356117694240161 0
1199 3.883071253005989 3.658451672925393 0
1200 3.682143058138079 3.824329840553701 0
1201 3.651234164937063 3.755598877835327 0
1202 4.151402287594714 4.083967942838103 0
1203 4.233196069027631 3.906407970136382 0
1204 3.865783136547753 4.427869751015082 0
1205 3.841167336682123 4.45523368416186 0
1206 3.779396165890807 4.20538400959855 0
1207 4.147038734548525 3.637300659834974 0
1208 3.653446050632716 3.73327614506836 0
1209 4.062717592405988 3.84876048896973 0
1210 4.027307332502396 3.863334939797101 0
1211 4.043079967921971 3.752039400012436 0
1212 4.027645270278374 4.363698038547333 0
1213 3.813265792455018 4.181858073042211 0
1214 3.955398320367792 4.12507065809698 0
1215 3.945062930137319 3.681765497683888 0
1216 4.509354618131901 5.316420715202732 0
1217 4.084802761496226 3.781546372818972 0
1218 4.275828928155417 3.959488588286008 0
1219 3.790231088631772 3.739899840590574 0
1220 3.807282486910012 3.754765898332073 0
1221 4.277389148449906 3.629098672675564 0
1222 3.937586724432335 4.289261137981105 0
1223 3.959310786224942 3.721822531981395 0
1224 4.27990672466964 4.112950572274337 0
1225 3.606622857786665 4.153909216900565 0
1226 3.932190362511958 3.721082577953247 0
1227 3.722179622164734 3.80837116770965 0
1228 3.679370524091631 4.206909476854173 0
1229 3.576337937858808 3.89437534203448 0
1230 4.255864704161314 3.837146571619993 0
1231 4.349999341176358 4.074089667398193 0
1232 3.978168998507396 3.623209276755057 0
1233 3.640799703286296 4.204613505420705 0
1234 3.631935595542284 3.764393414941357 0
1235 3.603275478713617 3.782006981825846 0
1236 4.019238235432476 4.340212900288195 0
1237 4.005878582648605 3.93015236199429 0
1238 4.001825937263653 4.326348058280081 0
1239 4.101663487605355 3.67741421902168 0
1240 3.641207601246443 4.004468167859588 0
1241 3.769468715645425 3.748458722974976 0
1242 3.968542424121598 4.063568566587127 0
1243 3.867341383141362 3.856517130824799 0
1244 3.816473635366099 4.338961848322787 0
1245 3.629010883326782 3.78606107073083 0
1246 3.762099539312468 4.059895653680949 0
1247 3.772826238614432 3.868755008184137 0
1248 4.380885082525396 4.129171637635639 0
1249 3.753315509127561 4.026117471693897 0
1250 4.37682841719806 4.162741959752558 0
1251 3.766591515567911 3.770910636076716 0
1252 3.756829921093744 3.834374696089793 0
1253 3.754555079861484 4.349945717216765 0
1254 3.597258573240969 4.118362353454356 0
1255 3.562220605788534 4.123701486246825 0
1256 3.545852689353821 4.090787779934827 0
1257 2.771585701026715 4.434293855470057 0
1258 3.789430639752815 4.036281725436385 0
1259 3.785482017468725 3.649514402157774 0
1260 3.868966829069869 4.034425314009092 0
1261 3.743130112797994 3.800414375853458 0
1262 3.729834811260148 3.765855150339002 0
1263 3.913238029207523 3.54568641703883 0
1264 3.673230504628819 4.128915231645496 0
1265 4.181367190140588 4.113522865804191 0
1266 3.960226549768393 4.103341983734181 0
1267 4.10948593805308 4.41090073608772 0
1268 4.107392664236878 3.553764251751481 0
1269 3.864674528904215 3.99675722572266 0
1270 4.146935319378998 4.328864581545261 0
1271 3.571184876719951 3.871375749637634 0
1272 3.868169390124222 3.75677155240279 0
1273 4.034805801170016 3.729732809626611 0
1274 3.634352685920767 4.124672116408115 0
1275 3.58637094596611 3.948592349054 0
1276 3.559157628740421 3.936650505617099 0
1277 3.565492877394029 3.914994644375819 0
1278 4.206501913565382 4.226015035112363 0
1279 7.51037184404025 5.497329721237636 0
1280 3.874187017692452 3.797868499056493 0
1281 4.352791977635741 3.72440433257245 0
1282 4.329623079803468 3.721537686913913 0
1283 4.32745444117202 3.699606877434357 0
1284 4.324737584046082 3.671271175843503 0
1285 3.87633787689592 3.68179851454634 0
1286 4.345432166863313 3.753307610294158 0
1287 3.624072816291231 4.189201794264498 0
1288 3.627110793722867 4.167574957824079 0
1289 4.392710442210551 3.824769489830409 0
1290 3.553377847730025 4.010450891225966 0
1291 3.508975996835333 4.0210618397239 0
1292 5.834262948856136 4.255164704223303 0
1293 4.007297081318309 3.600068419882147 0
1294 0.5231644548509045 5.851394465854376 0
1295 3.811118536655236 3.711387459819927 0
1296 4.256562633438972 4.101390427197322 0
1297 3.783629077719408 4.326563522135589 0
1298 3.788171555101326 3.626390620546866 0
1299 3.815606131089856 4.106916796540979 0
1300 4.068411168192809 3.721543430993433 0
1301 3.948139557765996 3.952461466396117 0
1302 3.910003768389766 4.465976171585321 0
1303 3.713215244243833 4.114691404746787 0
1304 4.062073110472969 4.031845118911233 0
1305 4.194816346691034 4.149106597195804 0
1306 3.873654591727118 4.291629553696394 0
1307 4.131440467705953 4.219917398480081 0
1308 3.734632677723246 4.106842132480423 0
1309 3.684628855143056 3.802838077791828 0
1310 3.532500525068669 3.860758507425035 0
1311 3.534879139458512 3.811227018436036 0
1312 3.701370274882493 4.079323594000908 0
1313 3.77512421216338 3.847362231422584 0
1314 3.88285742650385 3.831404876013592 0
1315 3.814519257172437 4.141249086758327 0
1316 4.18601366794722 4.324642356778747 0
1317 4.072404762743259 3.92259361045251 0
1318 4.04736156740078 3.94864839122722 0
1319 3.87808854610067 4.198498813599483 0
1320 4.407487777425238 4.096888815680317 0
1321 0.505975400917368 1.188946503542195 0
1322 4.085147290263487 4.326649890717342 0
1323 3.753790612793184 3.714374603687085 0
1324 3.734316868066345 3.701479200253767 0
1325 3.812480729234023 3.853938038091824 0
1326 3.896629136657 3.873415858947772 0
1327 3.908087957153876 4.04146402588718 0
1328 4.165292407535418 3.60291435793081 0
1329 4.172365421535788 3.577432091983231 0
1330 3.604657758493207 4.196192126246862 0
1331 3.780283372499231 3.805480415787619 0
1332 3.649130079085057 3.89794139557726 0
1333 3.871279760214086 4.237426572778951 0
1334 4.199201122579541 4.19015440313953 0
1335 3.692305412699426 4.044245447022092 0
1336 3.985015989544634 4.099222971770731 0
1337 3.699758996951692 3.838519999741723 0
1338 3.804366714173039 3.779057938061475 0
1339 3.696428214889652 4.100508236137627 0
1340 4.439335435651202 4.130949314047441 0
1341 4.455431794564915 4.106667947133789 0
1342 3.629267469201191 4.067201787568758 0
1343 4.188394395159893 3.867676611803303 0
1344 3.662854635577172 4.173488527046137 0
1345 3.626767475954885 3.826696778520113 0
1346 3.610103914225148 3.814874537776502 0
1347 3.774736343216619 3.997512057327528 0
1348 3.937737105140799 3.839009573804609 0
1349 3.760991716008028 3.908748381918204 0
1350 4.306639217194886 3.948238609270231 0
1351 4.42338839925727 3.844152234318143 0
1352 4.434765073967435 3.864031719754109 0
1353 4.513933490886684 4.286469743820794 0
1354 5.889188074342099 0.5164724197953663 0
1355 5.890313008584335 7.48576512879339 0
1356 3.900883028974006 3.900040787429822 0
1357 3.911330569030256 3.659181595762383 0
1358 4.293431415142865 3.820618467441883 0
1359 3.633582384363216 3.717445622340409 0
1360 3.901528942729273 4.238508896148059 0
1361 3.641626806014532 4.101653727386178 0
1362 3.841516189100136 4.279641046298805 0
1363 3.789355952594641 4.36300946106286 0
1364 3.836262636972676 3.587337164698879 0
1365 4.1848934074084 3.651420004599238 0
1366 3.982881280061035 4.342274160452147 0
1367 3.932644574983653 3.982681963784746 0
1368 3.970033562718929 3.839553579882004 0
1369 3.653928627569516 4.138413859514979 0
1370 4.265680335016321 3.987900779825548 0
1371 4.118931245164355 4.096373344178128 0
1372 4.035618705694012 3.908749254698533 0
1373 4.22183426572211 3.774344650902349 0
1374 3.621634358402211 3.989174069221701 0
1375 3.82143502998769 3.631249656108789 0
1376 3.830676895543633 4.00439086088051 0
1377 3.60524821593036 4.096805172708116 0
1378 4.266651864406079 4.282197220746954 0
1379 4.191464884294768 3.97471417086991 0
1380 3.779522315308796 4.290896633252427 0
1381 3.906294282307705 4.172808855503973 0
1382 4.073165531611991 4.156327342822631 0
1383 3.99500934589105 4.245338229898947 0
1384 3.742579115637857 3.990925620642606 0
1385 4.050667860466182 3.88640342554701 0
1386 3.72414960916851 4.147722048619086 0
1387 4.01177650113833 4.277148066275127 0
1388 4.20147078778391 3.801143001132951 0
1389 3.815352155196274 3.813413376092314 0
1390 2.499831462163875 7.565060404793993 0
1391 2.479448745226583 0.4891529480794734 0
1392 4.109697921197045 4.056300868956949 0
1393 3.652784406942681 4.039594577956564 0
1394 4.041895837728034 3.846248672949705 0
1395 3.460615844258634 4.644198532271706 0
1396 4.153252094665561 4.163050454497449 0
1397 4.231283985668167 4.196626191640441 0
1398 3.973498925720777 4.195616831594553 0
1399 3.789270276156798 3.880767273548404 0
1400 3.760059355003318 3.813760277092743 0
1401 3.792039879179323 3.720043179427911 0
1402 6.762967750844425 5.214108062902534 0
1403 4.177260530060824 3.760689786508455 0
1404 1.193463833343179 6.134879056074932 0
1405 4.240132823255731 3.957702140010817 0
1406 3.829259766404964 3.932608000449823 0
1407 3.590325335228731 4.080412919703564 0
1408 3.594932152923579 4.060313368332005 0
1409 3.614391478409566 4.053083432347014 0
1410 0.476194431511225 6.819254545344124 0
1411 3.963520510530852 3.591411464193956 0
1412 4.302279197474665 4.171570676775629 0
1413 1.205805052232432 1.900596574157523 0
1414 3.844193862085549 3.65709435251873 0
1415 4.412826045865803 4.056210196517485 0
1416 3.652073899709729 3.856827572568458 0
1417 4.255523121442235 4.343996995858453 0
1418 3.716916288457258 4.267556475435384 0
1419 3.967795053585509 3.541784062843881 0
1420 3.962569675774434 3.485523797031393 0
1421 7.516543087349877 6.850077460242369 0
1422 3.341765093960713 6.138441862702562 0
1423 3.347282365703486 1.921919039628099 0
1424 4.241992746204145 4.015775513068516 0
1425 4.156842486037635 3.885664741801205 0
1426 4.118393700052022 3.669787669841573 0
1427 3.933929270029415 4.426514519485421 0
1428 3.615714296905932 4.029651456303628 0
1429 3.627032004407272 3.969872674543886 0
1430 4.299111668083939 4.291414515127723 0
1431 4.370714160512696 4.11118220498478 0
1432 4.227096243040602 3.814339791880796 0
1433 3.919720194174595 3.934445296295323 0
1434 4.384013672369447 3.899330430216177 0
1435 3.811110714393227 4.303310681493692 0
1436 4.146439239105382 4.351470107064943 0
1437 3.764323281292408 3.653499135931973 0
1438 3.748881522513136 3.640031241358928 0
1439 3.667403702786807 3.789438892500643 0
1440 3.645812123628184 3.818328953773181 0
1441 3.646996920571496 3.797368983372895 0
1442 3.734924023773101 4.086386439495326 0
1443 4.319348448463016 3.813310625965401 0
1444 4.040130742652945 4.304311216541839 0
1445 3.805568356301024 4.218778733138882 0
1446 4.342027310940519 4.176913534457044 0
1447 4.361880908367429 4.179901634050099 0
1448 4.327944209748847 4.193956436673584 0
1449 6.164830991655194 4.947407427587234 0
1450 3.697968431617705 3.694459754608427 0
1451 3.688134643714112 4.06389152017481 0
1452 3.647568756694878 3.965081540033288 0
1453 3.68478401410632 4.16510221879011 0
1454 3.924633620145494 4.387939982527293 0
1455 2.602204396827245 6.678545537350441 0
1456 2.596274901073748 1.321850320948014 0
1457 3.664559702553433 4.075255140858101 0
1458 3.676959588645736 4.109129713154546 0
1459 3.947855788729314 4.362299402472269 0
1460 6.168661539217092 6.779132380600573 0
1461 3.661670628078277 3.980164206933136 0
1462 5.215016094444846 6.797838418443227 0
1463 2.610856506542016 2.189446275130102 0
1464 2.581828418505305 5.81751020278839 0
1465 3.667506335198963 3.885953262832942 0
1466 3.57120068379564 4.085830589017209 0
1467 4.266844287286722 4.241595250160207 0
1468 3.796691936112876 4.070597435205063 0
1469 3.985026117114707 3.583008105497528 0
1470 7.512252211057361 2.029568811900239 0
1471 4.032646038702934 4.059976614614222 0
1472 4.301870628528061 3.986369612477751 0
1473 4.212274494329677 3.632773356062428 0
1474 3.819327061937275 4.283715181695895 0
1475 3.739965142439134 3.6798456397702 0
1476 3.759860521429299 3.673495289461224 0
1477 4.270492421981241 3.850345937679271 0
1478 3.776358333858028 4.158263929011856 0
1479 3.795831677488536 3.818518170976664 0
1480 3.668690130562561 3.556268224659695 0
1481 4.265354303457931 3.875902895431101 0
1482 3.791503521440138 4.306625218674714 0
1483 4.167880939031765 4.22476239394453 0
1484 3.796553464215563 4.342817524737063 0
1485 3.783154102555227 4.055253846838826 0
1486 3.704806964489107 4.000722844659717 0
1487 3.887751660212859 4.383534558075153 0
1488 4.226253102531214 4.329005634079499 0
1489 3.760044672682974 4.294273618247011 0
1490 3.927987878644939 4.15506942807647 0
1491 3.857395412961579 3.788069468298742 0
1492 3.805169612769987 3.97482150221643 0
1493 3.7643964794605 4.330519779887957 0
1494 4.338334941729524 4.297044495393389 0
1495 4.187436457133064 3.93714426178394 0
1496 6.86335013132639 0.4789362810266438 0
1497 6.815638005894289 7.507791333479993 0
1498 4.056262449115559 4.091310525905381 0
1499 4.218058687062405 3.574930308009651 0
1500 4.073042383158985 3.600859841390979 0
1501 4.041242806289704 3.622180715172345 0
1502 4.038456801366207 3.601449904629438 0
1503 3.88017154599501 4.326103642481931 0
1504 3.742609346170792 4.241724435069817 0
1505 0.4520041944741706 7.494939710932826 0
1506 0.4338861983554123 0.4794358805130612 0
1507 4.291527364574237 1.28227227890617 0
1508 4.265226662813231 6.733982643137621 0
1509 4.369558830175125 4.144830606378343 0
1510 6.728955074755217 3.600884523190039 0
1511 3.696705845799435 4.196978031380299 0
1512 3.82997336931556 4.353890076223817 0
1513 3.788869358086258 4.089460745752349 0
1514 3.6635399863195 3.833318839707427 0
1515 4.008698970447896 3.664033812593069 0
1516 3.923735879104299 3.594749269533278 0
1517 3.726015675418297 3.665814188391197 0
1518 5.228676629974229 1.180783369360483 0
1519 3.676323778355596 3.923724017971382 0
1520 3.72597197192583 4.051632740154494 0
1521 4.069429908645246 3.622172733010462 0
1522 6.806736806915561 2.672886421806315 0
1523 3.952714746148037 3.918447851709277 0
1524 3.844032831043195 4.313581569132237 0
1525 4.24138066646702 4.114524918574521 0
1526 5.750698390145022 5.262045820270426 0
1527 3.825065765911109 3.745936320279097 0
1528 3.909388246981964 3.767821203643313 0
1529 4.315102626631157 3.852179690253499 0
1530 4.138699523121357 3.695099753860155 0
1531 4.369847613298674 3.771687390826164 0
1532 4.393312296454629 3.757879659475343 0
1533 4.414182384020916 3.770573016913439 0
1534 4.010867519511394 3.889895842693802 0
1535 4.144200620555902 3.76644686978163 0
1536 3.944308999939762 3.778391245891955 0
1537 4.123186686734436 4.180356425586133 0
1538 4.118010622798447 3.8040421688455 0
1539 3.414023972654644 6.976537143029322 0
1540 3.469851872266115 0.9956966233373552 0
1541 6.770740722071798 1.823994257638167 0
1542 3.885286526469216 3.952591489105548 0
1543 4.27967855766662 4.169879425546912 0
1544 4.361316243973351 3.925589904228019 0
1545 4.374990675785239 3.938866157405334 0
1546 3.580238394383549 4.046198909632868 0
1547 3.688540809793338 4.140851532205984 0
1548 4.399505698404203 3.924219560130913 0
1549 4.043752604717305 4.119452410492824 0
1550 4.380206343003223 4.093450141587212 0
1551 4.216551086782538 3.840466698549569 0
1552 3.776486868400466 4.258898150953986 0
1553 1.253407002136116 4.202638941179287 0
1554 4.018948566506731 4.115031565148198 0
1555 4.2394560532733 3.977513077954101 0
1556 3.996439810056777 7.536310236293689 0
1557 3.996439810056746 0.463689763706288 0
1558 7.507526970688725 0.4411933020208068 0
1559 7.553948059705406 7.502570146461027 0
1560 3.870501104639657 3.721141139385003 0
1561 4.29544000853857 3.914970581446919 0
1562 1.183914414446531 7.513348929576213 0
1563 1.18144341528527 0.4945394787167103 0
1564 3.73925350438902 3.895513558034401 0
1565 3.779107512637916 3.686892103031807 0
1566 4.117235422547121 3.87009966725215 0
1567 6.718671606963238 4.26833465377612 0
1568 3.904605383307135 3.622492543477298 0
1569 3.713611453338658 4.212573108613707 0
1570 3.878697329744946 4.269794071627079 0
1571 4.232915352690076 4.076655458215797 0
1572 3.770390339896653 4.094253115705881 0
1573 4.297716953638676 3.640789505180718 0
1574 4.324118086943263 3.643440155376782 0
1575 4.346024803052252 3.960139586187622 0
1576 4.160534947463888 3.826066109321069 0
1577 4.155607606777309 3.919608412337211 0
1578 3.932588558699459 4.249953820416965 0
1579 4.043361016497296 4.14630173612588 0
1580 3.823729243205594 4.318971412022302 0
1581 4.250231368944875 4.255731356768337 0
1582 3.730677676195638 3.64720017101569 0
1583 3.720371360794754 4.072842184709488 0
1584 4.309748597877046 4.07636803855097 0
1585 3.896058125162092 4.061963555691677 0
1586 4.315403795929647 3.972378877031878 0
1587 3.954310389433707 4.279038592663357 0
1588 4.339896850073093 4.093960149606517 0
1589 3.71056569138207 3.871507470367204 0
1590 1.997157902034875 7.530564598373108 0
1591 2.011710111937179 0.4951808773856028 0
1592 3.967252491604677 4.308250059332338 0
1593 3.747468380431798 4.04613780196177 0
1594 4.146868939663514 4.046250732212371 0
1595 3.709371672027136 4.134292913017434 0
1596 7.523666463697351 1.157923584001146 0
1597 3.934286170489915 4.019419304117037 0
1598 4.238942183569868 4.15834680520722 0
1599 6.085857450067964 5.854653352647048 0
1600 4.204172583469118 4.296470743986909 0
1601 4.319313639091047 4.126224211454059 0
1602 3.811614735875136 3.691961659619758 0
1603 3.963379814368541 3.701627346983451 0
1604 5.447886077554024 3.279027452702577 0
1605 3.937708321468788 3.862120216299346 0
1606 3.890097616458838 4.02706935722424 0
1607 4.066998120274717 4.010101692017671 0
1608 4.102538128854448 3.838635486389045 0
1609 3.869079925316512 3.575363265728609 0
1610 3.867260830436161 3.547978269457922 0
1611 4.145656663774559 3.791631464073127 0
1612 3.854629016871005 4.293693224337109 0
1613 7.540959334130014 3.983360395555704 0
1614 3.807155541875864 4.010276298782905 0
1615 4.254967939191692 3.769096985979963 0
1616 3.846033863016425 4.186665463985983 0
1617 4.122932237053146 3.728035683762387 0
1618 3.640728616048881 3.932397080087734 0
1619 3.086409170580508 5.192025032054168 0
1620 4.36103249560328 3.823003195798076 0
1621 3.79180831446092 5.07625168868964 0
1622 3.954685066739267 4.437890784687832 0
1623 3.959010323374302 4.468463474390112 0
1624 3.753469332910232 4.259275623956581 0
1625 3.68069629147564 2.160144872874926 0
1626 3.676872092482936 5.832007048880575 0
1627 4.349910523457886 4.111524360180386 0
1628 3.606962291389002 3.854507967941619 0
1629 3.580676573563449 4.022926947613223 0
1630 3.854494899083874 3.587246221970213 0
1631 4.267658430432033 3.926458757678918 0
1632 3.588081126038874 3.907968809803033 0
1633 4.06177119545644 4.070251818209116 0
1634 4.136498101844093 4.062765386135808 0
1635 3.734078669156649 3.862034407176403 0
1636 3.647037663922246 3.676094649998194 0
1637 3.930722990765073 4.072127937616301 0
1638 4.131744726061845 3.920887831053502 0
1639 5.232238746977059 4.880010774359746 0
1640 4.366192253860745 3.905936047913277 0
1641 4.081371857526196 3.955041305947182 0
1642 1.139733722811958 5.212951220971084 0
1643 3.89780047957483 4.265502727693982 0
1644 4.349133659106594 4.14389398374234 0
1645 3.787154401653009 4.273190989786155 0
1646 3.834372409226336 4.243158923711606 0
1647 3.668947521694266 4.27205669674745 0
1648 4.082694816416457 3.825763235804137 0
1649 3.931783787892295 3.646128382912707 0
1650 3.840704344365017 3.677542029691467 0
1651 4.263207638472321 3.810941844166138 0
1652 3.867349548481059 4.165379981845243 0
1653 4.230270771822025 4.048110697819194 0
1654 3.753897326088398 4.314914025912146 0
1655 4.141672569007691 4.12432584643219 0
1656 4.180498002013745 3.695147928345081 0
1657 3.77209494674694 3.615647345092031 0
1658 3.755890446347606 4.079691985156813 0
1659 1.178610090600076 2.875337714259845 0
1660 3.769963760246668 4.016842118283903 0
1661 3.731335370534179 4.183657216648852 0
1662 4.364107458512787 4.932356097109818 0
1663 4.169673879609193 4.077955677170182 0
1664 4.304623351634208 4.038070417485059 0
1665 3.562877840894464 4.052896184610212 0
1666 2.868486708043844 6.216718097647377 0
1667 2.873065593043493 1.795496814051539 0
1668 3.804365539745532 3.615819426298525 0
1669 4.273057265394144 4.034577026040546 0
1670 4.277040454033944 4.013126977800584 0
1671 4.324084892550438 4.009906207571684 0
1672 3.794337498209744 3.996031941114348 0
1673 4.15930259871929 3.422641421996163 0
1674 3.659927454713414 4.002204345467906 0
1675 4.368154251577019 4.198122604361158 0
1676 4.199591544090826 3.742371242782544 0
1677 4.192082858079343 4.214265081239846 0
1678 3.568347730427552 4.102153503275184 0
1679 4.259697818215781 4.051295310709725 0
1680 3.685849305207875 3.968044625812081 0
1681 4.339829989398372 3.991216763602889 0
1682 3.813767899703961 4.252571369008804 0
1683 3.914192094121293 4.402399288241352 0
1684 3.809439907136011 3.657983517486976 0
1685 3.81572804166067 3.90922649573903 0
1686 4.147470110943118 3.608735487473135 0
1687 3.90359083093218 4.127722510245999 0
1688 4.318088534751016 3.758965808213424 0
1689 3.848288203846955 4.346773541640803 0
1690 4.344271401224051 3.875124286020847 0
1691 3.955979521156831 3.869415922387804 0
1692 4.308341302447111 3.740346159267841 0
1693 4.172443678307995 3.968052885361937 0
1694 3.930902827202294 4.315026327628239 0
1695 3.778088664911479 4.126355302770298 0
1696 6.230882596301504 1.136793198121485 0
1697 0.9833169386665217 6.721663145891667 0
1698 3.838873178655338 3.882372154403911 0
1699 3.790357523120586 3.951370631261949 0
1700 3.563333135921777 3.990441261263392 0
1701 3.74000367558505 3.972427751597812 0
1702 3.731011544878861 4.20328421855421 0
1703 4.247063919366952 2.862660506396739 0
1704 4.243259969869736 3.874790938074373 0
1705 3.964723915364715 4.164056330399976 0
1706 7.550659819828048 5.949155171754263 0
1707 4.282680190996548 3.977490017315987 0
1708 3.59258966952885 3.889243795894086 0
1709 3.915052310340151 4.340043010560523 0
1710 4.431522610658381 4.013432897055355 0
1711 3.725555175898594 4.336009337528441 0
1712 4.09101389615773 4.163352234853996 0
1713 4.418614008760131 3.88052588021715 0
1714 3.739832130559972 4.014420443482346 0
1715 4.224583715106975 3.922779247020872 0
1716 7.578048065701491 2.476411037128321 0
1717 3.971574052789724 3.820920280114027 0
1718 1.713344548627213 3.576790748582291 0
1719 3.866978957211965 4.255883705772849 0
1720 4.393138797933811 4.061211432188109 0
1721 4.250638921399813 4.085049768201158 0
1722 3.998382927076989 4.216317509555677 0
1723 4.046262078123548 3.66614652263125 0
1724 3.800252696949263 4.238100667180468 0
1725 3.838748534855338 3.783674200575264 0
1726 0.9504455124822009 1.272206787869223 0
1727 3.724083141237932 4.303466576669035 0
1728 4.180749751080022 4.003713129933095 0
1729 4.174395677635955 4.023272795549222 0
1730 3.880996413251498 4.34463842537326 0
1731 3.807723894874001 4.033917977412717 0
1732 3.653698197293742 3.916792450566671 0
1733 3.927855874645572 3.739518004760465 0
1734 3.592473792284168 3.964633192463167 0
1735 4.170497650488785 4.18469392006734 0
1736 4.249845119916005 4.326520328235662 0
1737 3.896984197823401 3.738072794490473 0
1738 4.136130208785454 3.853900647348822 0
1739 4.119210016959013 4.114827479018668 0
1740 4.020552598748115 3.589121769569228 0
1741 3.807857730559943 3.875474405909692 0
1742 3.876899461487242 3.87185994654841 0
1743 4.395141666635523 4.308194568424422 0
1744 6.729819510219211 0.9637677495359798 0
1745 6.771881008570602 7.072641956596357 0
1746 5.178228807359829 2.417350551016458 0
1747 4.279928654448093 4.314257112527083 0
1748 3.853924942126048 4.067357445135957 0
1749 5.437345865997051 0.4364444133291627 0
1750 5.437345865997126 7.563555586670866 0
1751 6.239725535485303 4.504017648699476 0
1752 4.367600746659484 4.065195541524295 0
1753 3.679150414618124 4.01127934665521 0
1754 3.945582663817909 4.34481375269886 0
1755 3.807053636389459 4.270150062718925 0
1756 3.568646950425398 3.767927981111562 0
1757 3.492915784218708 3.672291146358567 0
1758 4.177372110464503 3.778639937822209 0
1759 4.216664511622634 4.185803849099242 0
1760 4.385451613120512 4.029390375655796 0
1761 3.71760541248995 4.166607967794764 0
1762 4.067182688197819 4.245037050402406 0
1763 3.869001158705207 4.129463180615621 0
1764 3.704827608874469 3.941293571517392 0
1765 1.669310711531176 4.480315551262811 0
1766 4.072006818612607 3.864113950384026 0
1767 3.849970876288091 4.090748457656089 0
1768 3.692263386270624 4.238804610872259 0
1769 4.095721437955311 3.750066875347838 0
1770 3.848016428066079 3.858817154490549 0
1771 4.336648790324971 4.158813198085592 0
1772 4.125373420382148 3.939134376714784 0
1773 4.262049525562378 4.140359284393809 0
1774 4.100805746530248 3.697388266919958 0
1775 3.982725677226596 4.303592945780564 0
1776 3.919554522933448 3.899502438505468 0
1777 3.734142486746367 4.318478028822426 0
1778 4.022181938312769 3.937500934839241 0
1779 3.956798403177994 3.752594260357972 0
1780 3.97593747203547 3.758185293059738 0
1781 3.828471602101548 3.647698873994826 0
1782 3.969435002967376 3.856678544827719 0
1783 2.355351176087799 2.954561646551834 0
1784 4.340061671291799 4.12697820392639 0
1785 3.915868584111622 4.192796125144777 0
1786 4.125817940464616 3.636460684115313 0
1787 4.11358415148068 3.649392684888365 0
1788 4.134404131433961 3.980663679550938 0
1789 4.039824296970299 4.253696322002024 0
1790 3.814804137454664 4.432310210818638 0
1791 2.09299077860912 4.262553295176192 0
1792 3.860801278539686 3.738495554657244 0
1793 3.898838261466693 3.647255938476136 0
1794 4.195681351620378 4.054158917225092 0
1795 4.119078764803424 3.745709881264389 0
1796 0.4442164256616712 2.65248283587631 0
1797 4.068890700046133 4.271907528877543 0
1798 4.028005201569083 3.811341918327574 0
1799 2.104349402201614 5.958622633214685 0
1800 3.644888895430649 4.261151759140296 0
1801 3.629985281722868 4.282279351744781 0
1802 4.036983556622924 4.165517863961378 0
1803 3.736823411052737 4.352891123514267 0
1804 3.72445870461437 4.374542347410191 0
1805 3.885558408089508 4.181732401259224 0
1806 4.081590271098993 3.662531283771073 0
1807 7.0674742055526 6.711811258946295 0
1808 3.739995453737268 3.933810485574297 0
1809 4.223055093249633 4.232119315097755 0
1810 2.10540523775361 2.04079536368342 0
1811 3.903717959234245 4.295448837176138 0
1812 4.119832567310726 3.968574788048587 0
1813 4.229923547005886 3.746384403567915 0
1814 3.830418725644189 4.175706231405713 0
1815 3.764399472279469 4.198588093983425 0
1816 3.986690885707578 3.567020707950322 0
1817 4.17212323692414 3.63865655403107 0
1818 4.037049968416442 3.564097133699191 0
1819 4.038889006307125 3.544609882561202 0
1820 4.011852381658888 3.527321388046882 0
1821 4.165225320773601 4.047168498525013 0
1822 3.884320415752454 3.905731837130019 0
1823 4.005581843212656 3.562678875666443 0
1824 3.704750712550462 3.887648254939169 0
1825 5.863561027710982 1.930875272992647 0
1826 4.218011943361332 4.348261637937039 0
1827 3.902309868824681 3.579642677145634 0
1828 4.406333551613686 4.226892858764406 0
1829 4.393859236340275 4.20380370412792 0
1830 4.399477143540747 4.185635953910173 0
1831 4.434635044348552 4.252790682993089 0
1832 4.402812973183077 3.956112711640208 0
1833 4.12815871704813 3.837727876481265 0
1834 4.071106797862698 3.899566038951335 0
1835 4.088384095152433 3.8916947586143 0
1836 3.861364020471784 4.358288641899994 0
1837 4.07930687249041 4.038884394805938 0
1838 3.428380005565377 3.843863050189349 0
1839 3.74847653349804 2.962357070309816 0
1840 3.905021083642176 3.857345616526716 0
1841 4.310690954055131 4.27952214908383 0
1842 4.096360120162357 4.263135826812677 0
1843 4.126416960767694 4.000481777861252 0
1844 4.923319760620847 1.682096269184024 0
1845 4.393021884346523 3.971108529424088 0
1846 4.283554327709325 3.748118762667071 0
1847 4.090391267123479 3.72599795580037 0
1848 4.122231897406879 4.02845436945816 0
1849 4.018965567827285 4.216018805363596 0
1850 3.792160108922446 4.184809495430367 0
1851 4.207809623566073 3.970561010893289 0
1852 2.095713438479005 3.765401973611626 0
1853 7.033774882293969 4.656106423833069 0
1854 3.966812019908811 3.784821606545921 0
1855 4.013831646283029 4.14028657496596 0
1856 4.273878181284116 3.771259006826428 0
1857 4.147422582907089 3.658476494920153 0
1858 3.952281447957414 4.046303997368705 0
1859 4.033680115836147 4.1931594645857 0
1860 3.722375033726408 4.247404217677439 0
1861 3.709732093708835 3.671621011745411 0
1862 4.016635215597482 3.729475779597804 0
1863 4.098541295464313 4.01992901009671 0
1864 4.070879550351369 4.34072611460134 0
1865 4.034644311912526 4.431132988392675 0
1866 4.353626243341761 3.766908949420596 0
1867 4.321835570575527 4.096398410607063 0
1868 4.421687186787305 3.897510866954399 0
1869 3.492791997428065 3.971623147151138 0
1870 4.009569245363128 3.756163839826445 0
1871 3.9850532416957 3.521816167478041 0
1872 6.923348163692696 6.104202108963237 0
1873 4.394950718393103 4.163981063156771 0
1874 4.374088113589942 3.978811703779296 0
1875 3.893061640334265 4.148305453219045 0
1876 5.864690766297868 2.643055847150764 0
1877 3.824519466317381 4.088455427610637 0
1878 4.261916995370831 4.005319147541346 0
1879 4.397338062464325 4.082872162456268 0
1880 4.074922082670847 4.101171082221843 0
1881 3.229192149585854 3.446756684353887 0
1882 4.178299346155113 3.619486781522053 0
1883 4.002330903190688 4.465113756482163 0
1884 4.197520610505215 4.083910451715509 0
1885 2.002496492255849 5.119799483486683 0
1886 4.429058194453721 4.068856754035161 0
1887 4.427317878717191 4.087968108845598 0
1888 4.402024540733987 3.99740098958834 0
1889 3.961834236095704 3.632906387600043 0
1890 4.205248849149761 3.785200432383063 0
1891 4.142833258326244 4.19937355468758 0
1892 3.936124022035765 4.186895870065326 0
1893 3.614361200880659 3.872878279079826 0
1894 3.97744385349009 3.890301438877952 0
1895 2.714166059927903 5.393390516842281 0
1896 3.86372349457302 4.220198856621986 0
1897 4.24472798281817 4.186806075196575 0
1898 4.311032898556838 4.110254829626689 0
1899 3.746992949219011 4.129539222281791 0
1900 4.148184221526654 3.951143934388909 0
1901 3.841474069226549 4.036770612569811 0
1902 4.181710365603382 4.340433005883478 0
1903 4.439381013080549 3.996808410016268 0
1904 4.447597451868005 4.061965683931279 0
1905 3.622965022444838 3.902892738732298 0
1906 5.831082187383497 3.48795979969487 0
1907 3.994058754312793 3.880414926289508 0
1908 3.780169126145256 4.241777649265063 0
1909 3.82380995042825 3.948422562369715 0
1910 3.797835763177423 3.91360340204842 0
1911 4.111813095682171 3.780011150083827 0
1912 4.195468365618156 3.921033144397244 0
1913 3.99943309985529 3.779251983765225 0
1914 4.014524802998912 4.245367911642787 0
1915 4.185552054412947 4.178529632350044 0
1916 3.83816402095529 4.060101718294327 0
1917 3.815021512562228 4.204326000724995 0
1918 4.020491100381164 4.093577927563424 0
1919 3.985723062841442 4.430250050439403 0
1920 3.628671911995377 3.844100005250882 0
1921 3.921213468340099 3.868576541208993 0
1922 4.091257339196142 4.086922183264503 0
1923 3.970174095621686 3.918231557626036 0
1924 4.155910518199327 3.856015823453183 0
1925 4.168377882587785 3.871696504741516 0
1926 5.224830420707044 5.907249959466499 0
1927 4.274223977154784 4.152076387582702 0
1928 3.982685364922863 4.159015246981982 0
1929 4.086018429085319 4.214342746791325 0
1930 4.027782877695251 3.762683338712993 0
1931 4.016343837907105 4.294404261777917 0
1932 3.849509548992648 4.004707279188527 0
1933 4.092432243419012 4.453366210714748 0
1934 1.226307499950762 7.072464873442687 0
1935 4.116779344330705 4.305768632537311 0
1936 4.002664782383358 4.307656395155425 0
1937 3.889152452886373 4.096362230367375 0
1938 3.553678086676489 4.071703776974051 0
1939 3.985405804743861 4.281245747201882 0
1940 3.988944708755816 3.636821446275584 0
1941 4.223463546080207 4.38677115337361 0
1942 4.246707842876122 4.402869455020092 0
1943 4.205266769300579 4.391365857936989 0
1944 4.091333966777079 3.630442400328788 0
1945 3.993734071767318 4.114103456776247 0
1946 4.00280011684302 4.086685754090729 0
1947 4.16243846674239 3.93609032017075 0
1948 3.91288587498276 3.7285813595541 0
1949 3.590312853739665 3.843702336162389 0
1950 4.361376129117351 4.224568001438618 0
1951 0.4275176459066339 5.376423105364722 0
1952 3.938265977154403 4.21759223017016 0
1953 3.689318245971803 4.258594416832175 0
1954 3.61464939234167 3.798270193065738 0
1955 3.799859678076644 4.103515057617662 0
1956 4.427640064228203 5.803987079058022 0
1957 4.424592200843553 2.209545724855065 0
1958 3.923879475294419 3.800727766939219 0
1959 3.93061942037252 3.920213316510929 0
1960 3.867268414422032 3.886196987221155 0
1961 4.134383710593435 3.8037401509125 0
1962 3.91457075001889 3.957348959320656 0
1963 3.7404764182841 4.149705998069462 0
1964 4.059163383651527 3.569118890893899 0
1965 4.074472335539459 3.551313813420918 0
1966 3.893946061307836 4.367085811197027 0
1967 4.096399032442728 3.923022935344533 0
1968 3.842187142667467 4.124265435274061 0
1969 4.098712971091295 3.573283121230607 0
1970 4.116227197028601 3.568216468666664 0
1971 3.892626514171921 4.208193251685577 0
1972 4.157039900493267 4.25881891020126 0
1973 3.998397330784997 3.911637021646057 0
1974 5.643267375873824 6.592363421786224 0
1975 3.621086227589283 3.939434957102808 0
1976 7.092775943690275 1.204646261532508 0
1977 3.835630737819311 3.758834053262966 0
1978 1.234126071994216 0.949022771441272 0
1979 4.324137438583649 4.248739748565996 0
1980 4.011215843776853 3.631391592458704 0
1981 3.947305752962829 4.201942082546764 0
1982 3.95810609471724 3.886301526648849 0
1983 4.123017463871641 4.147521467019947 0
1984 4.900559416092496 6.266930883233471 0
1985 0.9703931244732118 3.655300230463395 0
1986 4.055243135467966 4.312163728727559 0
1987 4.05320166258324 3.922143209211903 0
1988 4.007163899797237 4.416948653206195 0
1989 3.710575189201398 3.970668309765073 0
1990 4.208970687619163 4.0203856955803 0
1991 3.706041012243208 4.303395875139543 0
1992 4.11361053978731 3.827258848721413 0
1993 4.064188029345019 3.984201899211999 0
1994 5.081930198724561 3.993085929296163 0
1995 4.16515980803787 3.79415070868051 0
1996 3.948586060968719 4.402593695334089 0
1997 1.447536397016933 2.427200241646701 0
1998 4.392690144242445 3.939505809665841 0
1999 3.853028614362631 4.407748047340824 0
2000 3.928725827257685 3.705078740290788 0
2001 4.35986530197142 3.804303368079316 0
2002 4.191074746388134 3.813869041802653 0
2003 0.4169723673685022 4.007681231436041 0
2004 3.979655460214826 4.252825867361152 0
2005 4.298599490196358 3.859302621101217 0
2006 3.823165812136422 3.681162334224619 0
2007 3.913198112688853 3.677641816826756 0
2008 4.012720342809128 3.694648225576995 0
2009 3.922888282336468 3.834937370452552 0
2010 3.906076875355394 4.09331103313004 0
2011 3.730903478181621 4.288616875263785 0
2012 7.090496680285545 3.169578583128707 0
2013 3.800487412320523 4.152026581785693 0
2014 3.883396596919322 3.935516454414517 0
2015 3.541565694665417 4.029682598978471 0
2016 4.113276112177894 4.208058153396088 0
2017 4.203772094399954 4.262023579376499 0
2018 3.650044865447432 3.947249095415181 0
2019 4.020962704177192 3.572511379761547 0
2020 3.928303093647414 3.629824649712327 0
2021 3.746227434602067 4.210924246517376 0
2022 4.318257503653272 4.157018569116174 0
2023 4.034857740203755 4.27138787596405 0
2024 4.344649576803225 3.794087983681499 0
2025 4.019686665500377 4.434914836671243 0
2026 3.930489314644451 4.055332001412644 0
2027 3.612663583551892 3.774427779663762 0
2028 3.612434232722348 3.748291889768733 0
2029 3.599470721723053 3.765178977180723 0
2030 4.247867145419717 4.35886737438648 0
2031 3.770012833687342 3.924520528087943 0
2032 3.793143698903375 3.660142917897083 0
2033 4.169535448357983 3.841315924213791 0
2034 4.401790250358792 3.905646181993228 0
2035 4.172828904197443 3.810800219902656 0
2036 4.374298811854998 3.793960262564559 0
2037 4.369492771690825 3.854160013802739 0
2038 1.695131017951045 1.127561182696671 0
2039 1.853976213521138 6.983525515411963 0
2040 4.78977691724808 7.596271717969421 0
2041 4.773076829565384 0.4037352845055913 0
2042 3.863124277811036 3.978715667128594 0
2043 4.115087112528098 4.399436229518967 0
2044 3.831860566396877 3.809111574715201 0
2045 6.231597168749781 3.043717572686223 0
2046 3.235575814248319 2.765132846017583 0
2047 4.34163260096128 3.737337665745955 0
2048 5.231119916504234 2.002586280088013 0
2049 4.085341407485388 4.071791822432709 0
2050 3.74897489277135 4.180730592546035 0
2051 3.759913512131504 1.305839552406415 0
2052 3.527786198765555 6.584275011264375 0
2053 4.269151779542511 3.895427845284641 0
2054 3.584879704923444 4.165529930366531 0
2055 3.588319200397706 4.184629366948999 0
2056 3.910910290535187 4.076659282260087 0
2057 4.337977557363432 4.064630857501859 0
2058 1.406538895744156 5.623939485827584 0
2059 3.885724845999899 4.234281215255556 0
2060 4.245911563460913 3.823509344583601 0
2061 3.970064410785929 4.425903586264882 0
2062 3.943574221939966 4.152111722634894 0
2063 1.347677357254961 3.804874780684191 0
2064 4.171491833881316 4.306164397316525 0
2065 3.697314565367069 4.289538064952804 0
2066 4.101133111588922 3.855022641380023 0
2067 4.145218476052918 3.820089008340692 0
2068 4.090023749907054 4.187176737876555 0
2069 3.929077911256657 3.948251916658095 0
2070 4.340566336842965 3.944128179852717 0
2071 4.231390608246568 3.995504726588824 0
2072 4.315153835747119 3.888027509475265 0
2073 3.599320736115997 3.919308546933531 0
2074 4.325486799793882 3.873134178196973 0
2075 3.828421275892383 3.98585313561472 0
2076 4.276651345133129 4.345460577708818 0
2077 4.399430365016042 3.873657034929679 0
2078 7.619931181935128 3.117772960930577 0
2079 4.293188042215115 3.952433867580565 0
2080 4.137021792666052 4.177232598699886 0
2081 3.979307063404583 3.936694148207426 0
2082 4.173144306497933 4.060482655258118 0
2083 4.062462173954748 3.81057302679837 0
2084 3.923328141728824 4.106574557267717 0
2085 4.161506997495857 3.994164198348349 0
2086 3.585343324446844 3.859604257990452 0
2087 4.411715749567186 4.110043599830489 0
2088 3.852040585311825 4.32814522803019 0
2089 5.655672447712842 6.115105088753832 0
2090 4.051425810481861 4.334973068523579 0
2091 4.163325458585422 4.150054201601527 0
2092 7.62142314700402 4.76483386640976 0
2093 3.981275016306463 3.906458272515668 0
2094 4.091968038576987 3.806650742125628 0
2095 4.004479601297495 4.064864542277462 0
2096 0.9282039935502029 4.460665538486569 0
2097 3.941936606561353 3.9706987476903 0
2098 4.058979369449683 3.751642483155261 0
2099 4.289346701967894 4.100215515981675 0
2100 4.283948740759191 4.330181845131045 0
2101 1.852562799172968 5.571318122202984 0
2102 3.58839179791539 3.822164018851276 0
2103 4.21517731146728 4.099115189001916 0
2104 0.3868741297547995 0.8732630854160526 0
2105 3.921840922749662 4.216050008186421 0
2106 3.934527880782591 3.580842563958509 0
2107 3.988109133461693 3.747066608006664 0
2108 4.748711112833484 7.05004658652758 0
2109 4.729655089336284 0.9806083382600503 0
2110 4.40356159862203 4.027647781458715 0
2111 2.819399585258108 3.8753131981724 0
2112 3.958657439120293 4.074620915324591 0
2113 4.263907944991554 3.740524069861101 0
2114 3.943144866632964 3.813579598872997 0
2115 3.614595806406288 3.957343271242405 0
2116 4.239116293357674 4.297470129228728 0
2117 4.228340883740192 4.280938510957498 0
2118 4.11827361714575 4.069295379957825 0
2119 4.428531253010492 4.120087687364875 0
2120 4.361314089103887 4.035866811988695 0
2121 4.368615111104255 4.082248274232633 0
2122 3.680430531319031 3.89524023885337 0
2123 4.199125852965466 3.682412362701847 0
2124 4.203730448912025 3.665721522617576 0
2125 3.54788206577019 3.973757320795284 0
2126 3.553230244509096 3.953900694562198 0
2127 3.760820098790204 3.948231842778727 0
2128 4.009149466340026 3.547537025677976 0
2129 1.69990007476658 3.179802415372448 0
2130 3.836533297619767 4.409048699200207 0
2131 1.855081274051287 2.444158060657616 0
2132 4.291810800998319 4.049302284181262 0
2133 3.156235998051384 0.3057349815578658 0
2134 3.156235998051415 7.694265018442128 0
2135 4.060244814954978 4.173735771235696 0
2136 3.796230726742177 3.936398582628078 0
2137 4.041605974257851 3.69523059479941 0
2138 4.412228109240778 4.013004323830072 0
2139 4.047576593198696 4.284809489827905 0
2140 4.006147274872545 4.260136533612374 0
2141 4.055602372887124 4.203230106561048 0
2142 4.2306839899808 4.362921455038605 0
2143 1.683182386350256 4.86751484104027 0
2144 4.036215145937144 3.650627737791513 0
2145 4.413572901674877 4.040787754242317 0
2146 4.396534576381307 4.132200081206639 0
2147 6.643792688606286 2.282485694424064 0
2148 4.055061416744101 3.767761585863915 0
2149 4.069201476345614 4.372395075459684 0
2150 4.475481754028458 4.678975249404712 0
2151 4.354615337928947 4.001623312617979 0
2152 4.297010131466739 3.881168307040491 0
2153 4.319674574576449 4.063404746317842 0
2154 4.210306269885346 3.718335425260467 0
2155 3.91707661567806 3.972808793262362 0
2156 6.314083517492697 1.655082628051665 0
2157 3.957316801025804 4.292352542507766 0
2158 4.356854471732032 3.73963886270987 0
2159 4.180924010936167 3.949131621841207 0
2160 3.919571870120666 3.75921728662923 0
2161 4.295692247512598 4.137989165159974 0
2162 3.797543374299942 4.485795477799474 0
2163 3.880784934112068 4.077375446155456 0
2164 4.415100015377447 3.657363330455264 0
2165 4.038732840943871 4.411107107541528 0
2166 3.727617657651254 3.92319893643992 0
2167 3.711921304861419 3.927342642667085 0
2168 3.633729366920563 3.872642649249788 0
2169 5.939855241578447 3.850359937160151 0
2170 4.235743015033882 4.127506175048053 0
2171 4.085709314273773 3.762909892153437 0
2172 3.969506755902434 4.131745110959664 0
2173 4.307196074759563 4.306081988387767 0
2174 4.323094450732144 4.330739537563083 0
2175 4.307704647775238 4.339383056284256 0
2176 4.384851689228663 4.002982601386397 0
2177 6.56865890622664 5.695928813305917 0
2178 4.09750686315849 3.956211616974375 0
2179 4.080810838611809 3.978741716179979 0
2180 4.192579021487223 3.756360969618275 0
2181 0.3431089982257762 1.67015668273951 0
2182 4.107447249987778 4.136555383943309 0
2183 4.294881225404621 3.933489248822492 0
2184 4.150251183038802 4.110835885829918 0
2185 3.887107552776261 3.772099508631519 0
2186 4.015925314773787 3.67769447062588 0
2187 4.101324507161362 4.343134530384387 0
2188 4.047508447695104 3.819214384491537 0
2189 0.3813251889314957 6.1107736842461 0
2190 3.877435114159346 4.150805457032924 0
2191 4.248092065218571 4.170551935802481 0
2192 2.435503873905612 4.639655074047149 0
2193 4.307041731439424 4.023820624227193 0
2194 4.085652756695444 4.006806018683371 0
2195 3.834367798445443 3.287164393319884 0
2196 3.771492248908717 4.138360444798122 0
2197 4.30409641423898 4.220903868908869 0
2198 4.053168687944886 3.963903024341138 0
2199 4.252385793290653 4.269007405384112 0
2200 3.781520652073151 3.893503048678795 0
2201 3.945497746148525 4.323527517743105 0
2202 3.962512559395663 4.230798677895375 0
2203 4.203184217960148 4.068872321467184 0
2204 4.238789977297739 3.84458509096177 0
2205 4.143213755481749 3.888751181126736 0
2206 7.613931776064717 7.17823090160614 0
2207 3.866657118530791 3.691201223054161 0
2208 3.86480430703002 4.103672599588159 0
2209 4.336498090986222 3.844226675379908 0
2210 3.870187457137873 4.048449125056004 0
2211 0.3939190201989375 7.173894800773748 0
2212 3.580412854045185 4.115061557644577 0
2213 3.915598690714588 6.686729728130511 0
2214 1.984180805073862 2.863529259153927 0
2215 4.155048848464575 4.366043515953952 0
2216 3.956049139859213 3.579653495203154 0
2217 3.910267955043077 4.004290930035315 0
2218 3.98923794995314 4.232802362264699 0
2219 2.408853502426959 3.524727544552756 0
2220 3.703179843758237 4.31535163418602 0
2221 1.677369493539543 6.351607188928933 0
2222 4.066611511690629 3.675880314756031 0
2223 3.965441711480692 3.659492605774739 0
2224 4.151316154619602 3.716212542400129 0
2225 4.112128119791402 4.188185892943023 0
2226 4.347716380824884 3.93144971506265 0
2227 4.020219192221504 4.352283860854332 0
2228 4.222407567922872 3.870131207493633 0
2229 3.984488702932359 3.728274465523877 0
2230 4.066296610209521 5.987528231314261 0
2231 4.049489879131594 1.992131011081543 0
2232 4.317182728312778 3.728820728346353 0
2233 4.142113654492168 4.287999725784053 0
2234 3.950350847102113 4.256836850828365 0
2235 4.175616800495902 3.666876983938309 0
2236 4.144352412317844 3.625085440419787 0
2237 4.20085893971415 4.370541049229933 0
2238 3.944169074513409 3.609424479672793 0
2239 3.566387551433413 4.14667083737318 0
2240 4.219280799318719 3.940809979096474 0
2241 1.669495360381267 1.67647815238827 0
2242 4.255634763536553 3.723282003960273 0
2243 4.116470148066768 4.167381830657543 0
2244 4.100128432980286 3.983632708805552 0
2245 3.930865030292776 3.885555215182296 0
2246 4.096924184207148 4.315238735092363 0
2247 3.854070468894105 4.378511505143449 0
2248 4.07464511037137 4.130723247742006 0
2249 3.962122470970978 3.950755999566888 0
2250 4.378319206257729 4.05942276151353 0
2251 4.447823723391156 4.049916859053329 0
2252 4.13076799561733 4.276700377479515 0
2253 3.744860159463701 4.112194418158587 0
2254 4.094761073194071 4.232340512247992 0
2255 4.02514950179629 3.922412296753967 0
2256 4.454664102920059 3.922727995504372 0
2257 4.452172198466721 3.941787124509701 0
2258 4.451851161684349 3.969558058371553 0
2259 4.45288529993405 3.981875717767981 0
2260 4.24479225006986 3.931393961234097 0
2261 3.702937178800185 4.335911265119512 0
2262 0.4412280626834701 3.159302494414391 0
2263 0.4140921927991172 4.866478008831906 0
2264 3.918658207371264 4.23809548522414 0
2265 3.565660507966351 4.011953349218328 0
2266 4.043509579229724 4.04502807623763 0
2267 3.857745157702173 3.951056804837431 0
2268 4.248443662141222 3.754537276681261 0
2269 2.986161262462974 4.723539565258577 0
2270 4.361937097168149 3.876202952816583 0
2271 4.225062018172478 4.249528761180436 0
2272 4.105047730068813 5.189553455153611 0
2273 3.922178458274892 4.266899514108748 0
2274 3.88288580981978 4.393926998419719 0
2275 4.002930618088437 3.716697178100943 0
2276 4.134245745131795 3.67610506984154 0
2277 3.920016513273884 4.133048408378809 0
2278 3.730947960808695 3.950843410226392 0
2279 3.74965779303914 4.226643296233991 0
2280 3.911126095443194 4.159840333540533 0
2281 4.011088178470264 4.387369492059933 0
2282 4.01790536589216 3.649846946355583 0
2283 3.998996837214341 3.820410671889055 0
2284 4.011393264222182 4.164491081358331 0
2285 4.028210734981978 4.081466431357803 0
2286 7.19346532205053 0.384640410619165 0
2287 7.171837101919704 7.643563242149062 0
2288 4.302733983014007 4.252885340214479 0
2289 7.683671640341008 5.200176285493064 0
2290 3.757466619216574 3.964242168668349 0
2291 4.227163614552917 4.062775250735478 0
2292 6.343417087418036 6.38154487328271 0
2293 3.668399640977684 3.948679875665922 0
2294 4.050487168283355 3.834898990824604 0
2295 4.197377392037461 3.64457748594946 0
2296 3.792771860608907 3.967871618634873 0
2297 3.854994314661525 3.913148933182589 0
2298 4.230135101962833 3.650347807917101 0
2299 4.318292316605381 3.939765714181987 0
2300 3.574100890742648 3.936693068893635 0
2301 3.662226482365066 3.847269049610936 0
2302 4.133536453660811 4.303619056154796 0
2303 3.767223316534527 4.230794564756285 0
2304 4.06504863040278 3.64697236111519 0
2305 4.139188307056388 4.093037113117853 0
2306 4.120029942720442 4.331012789764345 0
2307 3.99142433374537 3.796640854103931 0
2308 4.357299345135101 4.019775690715833 0
2309 4.128257447354723 3.901578724284423 0
2310 5.660304799387591 1.368241923732355 0
2311 7.658082782239383 6.370370370370365 0
2312 3.969688636040025 4.40598406637485 0
2313 3.909872469849512 4.203555624334932 0
2314 3.69043242092247 3.999529636073085 0
2315 4.057654600173277 4.252157875469365 0
2316 4.208242282807412 4.116283045432186 0
2317 3.906843136491887 3.930937969370709 0
2318 3.685380452708833 3.687515340057935 0
2319 3.921080960880964 4.037701680170159 0
2320 4.09336709957546 4.385624911939919 0
2321 4.115867686424402 3.513919372504325 0
2322 4.171552530993888 3.504248156202422 0
2323 4.160841259777435 4.278753052047103 0
2324 4.02231222597104 4.058571489640932 0
2325 3.958766216058288 3.688593179532112 0
2326 3.950923817236272 3.669809504292238 0
2327 1.669900281704133 7.657238110780926 0
2328 1.620014719616044 0.254803677750667 0
2329 4.164043750069169 3.740207735527342 0
2330 3.806706970979119 3.595216854066949 0
2331 3.787252751559161 3.576221023115759 0
2332 3.819398268921925 3.595834802702551 0
2333 4.257523798953364 4.314868223245526 0
2334 4.373720179845186 3.823983063407162 0
2335 3.953833610165999 3.79223760284081 0
2336 3.729415614702702 4.268956625699018 0
2337 3.617130822198602 3.728873252051726 0
2338 3.867972239979641 3.842927833967101 0
2339 4.137847531646411 4.033367801503597 0
2340 4.333787421282864 4.02554582946189 0
2341 4.06079513307777 3.874965970047589 0
2342 3.608315336456204 3.888540929361213 0
2343 3.702050331345349 4.266402607902905 0
2344 4.333911479274063 4.211138223193336 0
2345 4.000427127301063 3.843829705201954 0
2346 4.65828121050539 3.4998326628264 0
2347 3.681831388023354 3.912878179793309 0
2348 3.837043121748832 3.899914957947561 0
2349 4.217457837573792 3.888988771930153 0
2350 3.900159231995977 4.416930379435385 0
2351 4.259104819681499 3.798436663261533 0
2352 4.11582718602903 4.250849256284987 0
2353 6.084649377262227 2.273595959694234 0
2354 4.209460825497603 4.146451823171865 0
2355 3.803280494657878 4.373997478384501 0
2356 4.35516186859578 4.210820390933729 0
2357 4.016961174977881 4.40351283455932 0
2358 4.480674143109459 4.083126740265329 0
2359 4.235482007969603 3.72826308021339 0
2360 4.294326964118627 3.720186403182499 0
2361 4.24706873711736 3.697454284148884 0
2362 4.273991880748932 3.69210071829484 0
2363 4.273725683817741 3.71351678496887 0
2364 4.163348806804495 4.336564430612665 0
2365 3.675867938249542 3.979037436909931 0
2366 2.923081864434725 6.917303149982876 0
2367 2.70124637239022 0.9091653126132444 0
2368 4.420347317479616 3.985617072790789 0
2369 4.425345745115854 3.966335034159183 0
2370 3.75891251846974 3.868688008271951 0
2371 4.341245528819457 3.899270413357201 0
2372 3.729560060725473 3.99808663203794 0
2373 3.660660217120765 4.233046783376525 0
2374 4.096722962863893 3.643856677840597 0
2375 4.424348625230895 3.945904182481377 0
2376 4.418546110740825 3.926416858517942 0
2377 0.8335924922573703 2.072342780388151 0
2378 3.714409901477048 3.949622165039475 0
2379 4.147113814422375 4.009051329851773 0
2380 4.228084663799122 4.145324811657103 0
2381 4.139982087486582 3.727606486682767 0
2382 3.996305248709835 3.598058848237248 0
2383 7.723697813337609 1.625191789594628 0
2384 2.970886128252535 3.129706139136354 0
2385 4.04494617808795 4.227407651877293 0
2386 6.368901419764399 0.323849789204611 0
2387 6.366499454594614 7.684042975057951 0
2388 3.83309629486013 4.156800370401367 0
2389 3.964884200126967 4.246893914593676 0
2390 3.97262961904714 4.27305012629707 0
2391 3.8127833509543 3.943577162864627 0
2392 3.754460931728291 3.895921339506138 0
2393 0.8189154774118337 5.918191183634589 0
2394 4.186460842432793 4.160098925208221 0
2395 3.838769694315876 3.624657190078806 0
2396 4.106479503987 3.939480215765318 0
2397 3.58474924862053 3.878427119385897 0
2398 3.852480085398588 3.753528883574981 0
2399 4.084043570865405 4.245572944995519 0
2400 3.887933579842559 3.977169866178792 0
2401 3.926334322456701 3.558734530550448 0
2402 4.026556280401998 4.248057737473269 0
2403 3.852435882836854 3.82443893455322 0
2404 3.899049170727444 4.321581732475561 0
2405 3.659525036325938 4.259595377690395 0
2406 3.772798698152862 3.974299732120201 0
2407 3.79522010203407 4.215613987841946 0
2408 4.348476053506988 3.855149541677815 0
2409 4.30524949765175 4.156599599071948 0
2410 4.037465085189313 3.678558348801732 0
2411 3.8614002978854 4.014790156386577 0
2412 4.178731304905455 4.213598993527643 0
2413 4.099075929756437 4.366641684144607 0
2414 3.958024129173439 3.556354136056802 0
2415 3.843403099416515 3.727420734484251 0
2416 4.053686895498319 4.386240196936548 0
2417 5.093823586202504 3.126520895375453 0
2418 3.887766120120875 4.118814434667186 0
2419 4.289223798278979 4.235331535641015 0
2420 4.034347927420317 3.943856435682574 0
2421 4.176458156386961 3.726654726952428 0
2422 4.090243421067638 3.556823028499778 0
2423 4.090806821002086 3.537981235941387 0
2424 3.910665089128635 3.589860673047205 0
2425 4.080511696184209 3.696138143473081 0
2426 4.775276156442442 3.877279105141066 0
2427 4.150474699084377 4.315982426039334 0
2428 4.159677559408482 3.667900336302898 0
2429 4.058474263794891 3.626833397554833 0
2430 4.218936054188593 3.665725468269479 0
2431 3.720841598697218 4.026987469661147 0
2432 0.8328664708782307 7.674525749022501 0
2433 0.832092407578656 0.3250911081305401 0
2434 4.228715895543097 3.679464334317601 0
2435 4.248677241680674 3.662981649773377 0
2436 4.211907421744278 3.693208242364564 0
2437 4.331903529314256 3.759366755844989 0
2438 4.021078868019388 3.875963117062271 0
2439 4.038769883817203 3.871061505265298 0
2440 3.833845811918193 4.390827012499484 0
2441 0.9094855187467044 3.255481545883947 0
2442 3.921151413052627 4.373260416426982 0
2443 4.06790951863869 4.190311930737029 0
2444 3.98240467714665 4.062298815473595 0
2445 4.070637724129926 4.219937095875198 0
2446 3.837715559908111 3.866812710724754 0
2447 4.145549095569866 4.218092144783951 0
2448 3.98919156261311 4.399917646607419 0
2449 2.366699718310328 5.133336815351946 0
2450 3.835020751026114 4.017668085043333 0
2451 3.960538779295217 4.203895681495607 0
2452 4.123182226220202 3.703920171064263 0
2453 4.097938525417731 3.602955008092814 0
2454 3.599028598794237 3.93514309221705 0
2455 4.100803862296891 3.620972762810929 0
2456 6.017146193854762 7.173445666337942 0
2457 5.432339988558907 5.135650555574122 0
2458 4.117330960185476 4.368681897719264 0
2459 4.024681879365281 4.32269001765159 0
2460 4.234840583831854 3.798530921272677 0
2461 4.191465481463619 3.786807457442837 0
2462 3.871381099660828 3.615500668810184 0
2463 4.19527886927886 3.831742417066698 0
2464 2.61591269135771 7.103795735156641 0
2465 2.959589226142294 1.0773035495943 0
2466 0.7637329778837518 2.671448925116621 0
2467 4.10786686988539 3.755132044525068 0
2468 3.881774142025633 4.411569934401959 0
2469 3.887089552979804 3.799164131345708 0
2470 3.580266990489353 4.131914689188332 0
2471 4.069868614890318 4.058138907613173 0
2472 4.186549987098425 3.85370517472307 0
2473 7.095418609869304 5.33434980973664 0
2474 3.985365468945552 4.126818693372255 0
2475 4.262373235313865 3.908264263124854 0
2476 4.199344757593961 4.240948180721771 0
2477 4.040566657421468 4.387070154923515 0
2478 4.244351160361351 3.675780653748937 0
2479 4.078223779644333 3.933512547334947 0
2480 4.244733062471174 3.901251799169851 0
2481 4.278079819800037 3.791241742813945 0
2482 7.68150653672723 0.820564927345067 0
2483 4.041623543499571 3.896731887338506 0
2484 4.289947607885921 3.900905836453398 0
2485 3.718422920786195 4.180720407307794 0
2486 4.279893141374637 4.282076040238259 0
2487 3.835008221395718 3.60510039590608 0
2488 4.221235804398988 3.827208096725751 0
2489 4.27900689107928 3.921168013277614 0
2490 4.133713771293483 4.141901271910243 0
2491 3.866549053022587 3.662710666429189 0
2492 4.315426745543911 4.045491894417069 0
2493 4.028550153525842 3.840173164830361 0
2494 3.789019782727399 3.922793042764993 0
2495 4.454727036162328 3.814080564106084 0
2496 4.511973350323075 3.798450885527426 0
2497 4.097051663545131 3.90198116360291 0
2498 3.912133694793168 3.699541959644603 0
2499 4.150977538737542 3.738980685250403 0
2500 4.276271387045531 3.734496464816549 0
2501 3.942042738498718 4.41842416677507 0
2502 3.990607892648375 4.183645354827637 0
2503 3.689751244233286 3.617892888500537 0
2504 3.799774487012059 4.022377448232819 0
2505 3.599917583970961 4.216871607725169 0
2506 3.615660059977631 4.23068785471469 0
2507 4.105577362406745 4.089503320542422 0
2508 3.974697124186291 3.772548804094144 0
2509 4.049413256738285 4.360220999607389 0
2510 4.214388696154104 3.807537157124316 0
2511 3.392508441166931 1.51935530506534 0
2512 4.024845232110128 3.901936677567497 0
2513 4.120199639061625 3.620107614910363 0
2514 4.226626058264568 3.971166070855022 0
2515 4.281288044153081 3.7192237747567 0
2516 4.266940654055671 3.680706070242867 0
2517 4.253685796866015 3.687149453515664 0
2518 4.300247114852294 3.705346146130337 0
2519 4.288984197482079 3.694830929125752 0
2520 4.053690146634066 3.936533791727961 0
2521 4.10948821584005 4.431166747711177 0
2522 4.287202212545973 3.668520795973039 0
2523 4.296338986108295 3.679930297134778 0
2524 3.674421130224746 4.063973887061974 0
2525 4.400688301761944 3.98592307145281 0
2526 4.276137223656792 4.077378751391201 0
2527 4.040329491733564 4.178973121448784 0
2528 4.260480905520793 4.038202041272918 0
2529 4.043057409387339 4.093009196685221 0
2530 4.048243053076964 4.103215681263555 0
2531 4.821026702356178 5.570051286450774 0
2532 3.85997224930118 3.707598164425191 0
2533 3.992611332162748 4.374505346255473 0
2534 3.998960148766397 4.361179447048759 0
2535 3.871818546792342 3.902761867057489 0
2536 1.991227424598461 0.7772804240814883 0
2537 4.155817858530259 3.962536695803522 0
2538 3.967101809670765 4.177204908515803 0
2539 3.762190559403488 3.993209373208602 0
2540 3.866921876099573 4.207516807178675 0
2541 3.85462269980416 4.135355133035969 0
2542 3.682057284055303 4.320800721284396 0
2543 3.670729195699063 4.308858533684254 0
2544 6.027933089153482 0.8378752074901921 0
2545 6.946454177152527 1.536029625188739 0
2546 7.105827120262058 1.864148097571102 0
2547 4.24026395942663 3.648869336826477 0
2548 3.986779245132461 3.676435528193776 0
2549 4.009415013344783 3.742171822851827 0
2550 4.049641187615964 3.788872293780371 0
2551 3.73027365237143 4.236954873157508 0
2552 4.095743661760211 4.063737189053877 0
2553 4.161673861522401 3.561030122793217 0
2554 4.077938036229786 4.400940184037115 0
2555 4.085084970789832 4.411784146308216 0
2556 4.06444398477761 4.401132407844424 0
2557 4.214467583617402 4.170717704326157 0
2558 4.054442938454059 3.720518997526077 0
2559 3.761004407824593 4.183054854773948 0
2560 4.035768363317591 3.70678676945465 0
2561 4.20259711712756 4.326127621333093 0
2562 3.83812488125181 3.709930315735887 0
2563 4.186372036980828 4.270641797661293 0
2564 3.537242772920183 3.921014901135821 0
2565 3.498984087059349 3.902989607633198 0
2566 4.146705070833342 3.752144911771113 0
2567 3.960439240406287 3.735290228658019 0
2568 4.291319834799483 3.794622753012507 0
2569 3.857286890860195 4.243188817208652 0
2570 4.263503934109915 4.385916458243453 0
2571 0.7392670243533956 5.38593547535964 0
2572 7.085161309043151 3.587406359164008 0
2573 7.00094859308278 4.303490214774952 0
2574 4.192692717653104 3.711084226732144 0
2575 4.117011673885138 4.347023264394803 0
2576 3.901393110484372 3.818026139158506 0
2577 3.898926788683934 3.88558623710247 0
2578 4.110619679536248 4.291284354624246 0
2579 4.2826701884977 3.76320192041108 0
2580 4.155418829829745 3.686776987227323 0
2581 4.364444324783425 3.844038905328455 0
2582 3.637589072828672 3.854837765883865 0
2583 3.730160705206006 3.905099531818057 0
2584 4.253812503494739 4.237743740592328 0
2585 4.220715804214578 4.261001571213069 0
2586 4.254479888949257 3.710935025923397 0
2587 4.351312124203083 4.253436372304793 0
2588 4.903916953902303 2.853831909129307 0
2589 3.886543214069619 4.296005546627378 0
2590 3.876491916550714 4.306316763995541 0
2591 4.206781591537451 4.35090182649937 0
2592 2.007399339327844 1.755494414344955 0
2593 4.37866239680119 4.195450431558145 0
2594 3.865021430849263 3.929418022600189 0
2595 4.429416699622769 4.037378832792594 0
2596 4.028011104035185 3.779440549605433 0
2597 4.014953573351218 3.787490425388429 0
2598 3.900030242123691 4.429978282999306 0
2599 4.077897107661385 4.358558598766711 0
2600 3.570690502352792 3.977589366811094 0
2601 3.86749606819432 4.32551895814075 0
2602 3.683307913313 3.85823133349923 0
2603 3.776506251987206 4.029434254764658 0
2604 4.174446647201031 4.123665079963242 0
2605 4.074534542367509 4.294271683826746 0
2606 4.087186625422179 4.296556927722167 0
2607 4.261744793245159 3.660098648419142 0
2608 4.230659239002505 3.71952945767864 0
2609 3.895916502319004 3.660800987402983 0
2610 3.837022337663127 4.378724608587475 0
2611 4.219015918666054 4.218541186558515 0
2612 4.066501340058277 4.231745505233585 0
2613 2.008091137150297 6.24341624063899 0
2614 3.894735371902648 4.355422694422518 0
2615 4.126099569736514 3.95140527212851 0
2616 0.9330235514904968 4.770620216709635 0
2617 3.592516226135895 4.153035437908696 0
2618 4.271822027351712 4.193051801886378 0
2619 4.37492077669953 4.280556594980961 0
2620 3.639986909391037 3.887197714336249 0
2621 4.191430180036893 4.031288805720605 0
2622 4.364081856735264 4.246879594958274 0
2623 4.378088783773474 4.256285805337095 0
2624 4.04214465714676 3.740937798282967 0
2625 3.994283931444373 4.142878449026854 0
2626 4.048961484360226 3.57449856034262 0
2627 4.111339174024065 4.234335702612221 0
2628 3.731218837736774 3.875859168554766 0
2629 3.873445208379572 3.58885651925801 0
2630 4.28711809836494 4.373910207763021 0
2631 5.433094379991781 0.7544021802744871 0
2632 5.443808392652276 7.254805862424744 0
2633 3.915701236188591 3.615112033790475 0
2634 3.86829227261792 3.956726066142309 0
2635 4.297726411544937 3.774070507186481 0
2636 4.212756920700193 3.740672492957309 0
2637 3.941708288249534 4.123546541672041 0
2638 4.048146578526475 4.063210760724731 0
2639 4.141563061107435 4.154255294806295 0
2640 4.160575969985923 4.194684003310637 0
2641 4.103150609966251 3.870838635035777 0
2642 3.666584703319652 4.03842745966231 0
2643 4.420175111027714 3.956429023290819 0
2644 4.307022219108117 3.910453830906521 0
2645 4.201094187197815 4.00768267353832 0
2646 4.07192068296028 3.838391059117873 0
2647 3.808272288653755 4.168352471038542 0
2648 3.944405098581445 4.028947142013763 0
2649 3.859627150034945 4.396224454266092 0
2650 4.164058229112253 3.713745624647792 0
2651 4.135254046774818 4.37961013397813 0
2652 1.073610474767529 1.565853301377675 0
2653 2.79101744907658 2.475436446715764 0
2654 3.841763834872391 3.975393968603073 0
2655 4.207185740636491 3.765195832865766 0
2656 4.227853716332387 0.9239043474409563 0
2657 4.233268499637975 7.085682612423565 0
2658 4.074045734560911 3.584014567949549 0
2659 3.950354543011992 3.898082266383489 0
2660 4.212661532349547 3.994100951923474 0
2661 3.717054228195288 3.761804044971878 0
2662 3.763518624937257 4.10449270847022 0
2663 4.303133548566918 3.812838859304549 0
2664 5.531781418072431 4.174990393800909 0
2665 4.325539066698053 3.781817885328181 0
2666 3.880277528731619 3.599752729915273 0
2667 3.910087599873489 3.788469382668648 0
2668 4.106988794357787 3.965449917578227 0
2669 3.946674717644432 4.228158663182823 0
2670 4.339412692922783 4.240622693821887 0
2671 4.320511983229781 3.839126229638638 0
2672 4.344155375703901 3.825749769135058 0
2673 3.777524767758814 4.172402562321933 0
2674 4.01193132453309 4.453128368101792 0
2675 3.935064149541353 4.093798689954861 0
2676 4.021688180688233 4.377147905111682 0
2677 4.389574202028877 3.883478844694941 0
2678 4.380790657406262 3.967301526790456 0
2679 3.849914442248577 4.153145080497039 0
2680 4.047071748905074 4.132576022276051 0
2681 4.223672715881501 4.309155789687266 0
2682 3.83981357230991 4.268378507377292 0
2683 4.047374402645699 3.591797771697554 0
2684 3.897208851603617 4.160250230260628 0
2685 4.27554857463467 3.671855336509755 0
2686 3.991741343687533 4.172021189884218 0
2687 3.787805903052621 3.677015192865028 0
2688 3.933535383782054 4.347552008855701 0
2689 4.370671247135276 3.870335929734416 0
2690 4.389012869095884 3.796239329533767 0
2691 4.403317856001173 3.790398935147607 0
2692 3.826572476716319 4.138897428677843 0
2693 3.775279437477474 4.218717085928477 0
2694 7.109694395061243 2.559289705792987 0
2695 3.984184737482735 4.086296065321744 0
2696 4.293522423058627 4.086708136894669 0
2697 3.969913550057929 4.339028195064482 0
2698 4.347176372374314 3.783203280161255 0
2699 4.165605491844987 3.762354952551421 0
2700 3.625993145154508 4.237531540397076 0
2701 3.670900830736182 4.218023956726855 0
2702 4.223062378578506 3.626964883033644 0
2703 3.998797879926682 4.27738333658716 0
2704 3.899198124870217 3.996644077230709 0
2705 4.138479560433828 3.779482510909646 0
2706 3.927948487363463 4.279927290801373 0
2707 4.381937829386028 4.016521552354267 0
2708 3.905831718973328 4.391675421677309 0
2709 4.155268775640497 4.243659875652254 0
2710 4.127056081445333 4.353593118048471 0
2711 3.977163214219983 3.796025909415555 0
2712 4.352276874349837 4.267883501165022 0
2713 4.144070837496219 4.393649741209658 0
2714 3.99506762662856 3.936548295008226 0
2715 4.24158199221693 3.89035642324933 0
2716 4.290852385267246 4.011553847240069 0
2717 3.801537154809339 3.766255280527825 0
2718 4.131783253536412 4.435303942754075 0
2719 4.239982760746679 3.922022862281952 0
2720 4.208982699693142 4.375577557163845 0
2721 4.006439222198757 3.832635780653825 0
2722 4.008148011401834 3.856487732157976 0
2723 3.891346651393811 3.839117318397351 0
2724 4.252162846759491 4.369356445672175 0
2725 3.831745386352888 3.834851592465129 0
2726 4.130170475771694 3.873271219459357 0
2727 2.639829093643771 3.1451934495399 0
2728 3.849548660622205 4.104608622909435 0
2729 3.931456817432005 3.678106611079086 0
2730 4.153854431444861 4.289861257637362 0
2731 4.272290759788781 3.325042687150919 0
2732 4.117589601330189 4.279197300116858 0
2733 3.933619820033189 3.692508801792285 0
2734 3.947526140781638 4.134424939064847 0
2735 4.28931278040602 4.305505911468885 0
2736 3.567687030187814 3.82429448523221 0
2737 3.852681059546635 3.599125631539267 0
2738 3.861037041501924 3.805184692651187 0
2739 3.839478583828686 4.207137491393139 0
2740 4.140607544637956 3.666665676158707 0
2741 3.71749823965539 3.740174875261417 0
2742 3.702777232347982 3.911477759994487 0
2743 4.317247851376513 4.226081804204269 0
2744 4.205643368722737 3.944561618676403 0
2745 2.277295624420216 1.302758147651325 0
2746 2.295356059043647 6.5896170950585 0
2747 7.691124971908324 3.710319692024733 0
2748 3.69778994550044 3.661470507695234 0
2749 4.393810313100256 4.096056797846292 0
2750 3.846530074658799 4.218308162096887 0
2751 3.989045915034716 3.716108024047137 0
2752 3.629244629023668 3.92525176913138 0
2753 3.688606310749019 3.953917392544397 0
2754 3.970770914818109 3.726870368503104 0
2755 3.639896559455773 4.138130547858245 0
2756 4.186431863994089 4.39339019939953 0
2757 2.72187407985523 0.3424749438475065 0
2758 2.725563111184974 7.666643823709624 0
2759 4.268490806432419 3.646257502764223 0
2760 4.301536209553766 3.786127834180648 0
2761 4.208428689994244 3.851774907284507 0
2762 4.42467804263315 3.799862525247296 0
2763 3.568237721870092 3.949156815266083 0
2764 4.053011041481287 3.653892052463018 0
2765 4.298821850847427 7.668713890705995 0
2766 4.304370442573183 0.3241710035205889 0
2767 4.216986585637708 4.03905924042585 0
2768 4.088603769099951 3.65185833973307 0
2769 6.634482212945546 3.945449468288011 0
2770 3.981879677566167 3.845607091419056 0
2771 4.425266787974665 4.137730752896559 0
2772 3.819544930715039 4.221844564666753 0
2773 4.186286166426719 3.835683202357489 0
2774 3.917739767757343 4.443032078853807 0
2775 4.282093265470963 4.263522297380485 0
2776 3.712957207868296 3.89740768952265 0
2777 4.314436918820649 3.95954141577842 0
2778 5.571496524979899 2.632748185441927 0
2779 0.3478154569403809 6.525291116516969 0
2780 3.817717963531985 3.782228583753181 0
2781 4.00554830564035 4.118010409478268 0
2782 4.057883817281225 4.412883519566218 0
2783 4.064559687574258 4.423707210129862 0
2784 4.077880850329779 4.423522767309579 0
2785 4.096937982572312 3.778951496603475 0
2786 4.253141362953036 3.982339019070869 0
2787 4.614807635342051 4.029581272948676 0
2788 4.403331580594259 4.120679364711438 0
2789 4.06239517855239 4.148891047456814 0
2790 4.08650866902979 4.271249301432507 0
2791 6.434921863612225 5.074119329157685 0
2792 4.270819968897242 3.948319130737015 0
2793 3.79822679642455 4.136159314932794 0
2794 3.632978927616887 4.112395191161699 0
2795 4.261659421587036 4.212319682983657 0
2796 3.914545358875131 3.821741102299043 0
2797 3.990064153776387 3.651589881612805 0
2798 3.922477808032402 4.418224733172734 0
2799 4.269584282785941 3.974784854997075 0
2800 3.690907457791109 4.031671517524331 0
2801 5.527122732945601 1.959144996411039 0
2802 3.558064247487556 4.023298114965026 0
2803 4.243734720965528 4.227100589983956 0
2804 3.906882029989449 3.687213833941335 0
2805 3.89318636222287 4.222652547050894 0
2806 4.332740012005729 4.036626978228036 0
2807 4.265918297491094 4.11025686631181 0
2808 3.934808447475798 4.370699931709213 0
2809 4.33091261519829 3.808791319248794 0
2810 3.862984550985713 3.76975244430337 0
2811 4.049543907006131 4.479238242828997 0
2812 3.68247309233631 3.710721871425371 0
2813 3.90382759610366 4.028611401305697 0
2814 4.174236392793063 4.152583502124084 0
2815 3.883202371080256 3.577027631485524 0
2816 3.622642271114298 4.042161052431737 0
2817 4.198497706071137 4.313311250347489 0
2818 3.991493484437238 3.773325679043607 0
2819 4.09750694995718 4.049632599408405 0
2820 5.179468086028533 7.719011984812306 0
2821 5.179468086028477 0.2809880151877078 0
2822 4.278202426296147 4.356216400735505 0
2823 3.595040379526464 3.7979778913964 0
2824 3.720645963644967 3.716481396029625 0
2825 4.007873793308116 4.209275160952655 0
2826 4.194496077552721 3.618734709607717 0
2827 3.576725047960763 3.99071586942277 0
2828 4.303345646096157 3.846894984200559 0
2829 3.643967337668075 4.217478911813505 0
2830 4.146589225077167 4.070826544240127 0
2831 3.908284243921513 4.312597814717858 0
2832 4.110597428182752 4.001722756750528 0
2833 3.901219117495586 4.251079285516402 0
2834 4.161991584205476 4.173646488278417 0
2835 3.956647370096363 3.813084700558128 0
2836 3.811139614286567 3.626976415710288 0
2837 4.157947324180006 4.39353389299642 0
2838 3.72607044680951 0.3006273161392041 0
2839 3.721902820295937 7.692052370513967 0
2840 4.29670282876765 4.195918343249897 0
2841 3.91016797027385 3.844803916236767 0
2842 3.835013319411634 4.117655592986194 0
2843 3.839008758272275 3.961722901721765 0
2844 3.934744498261282 4.303042181861904 0
2845 3.620136408034432 4.155898567694821 0
2846 3.978391342307135 4.374328731179096 0
2847 4.389338373564236 3.8472298851231 0
2848 4.399183406755145 3.854824380128787 0
2849 3.815636607176196 4.053552159644966 0
2850 5.321836029026212 5.619726339273622 0
2851 3.662969844226875 4.160667998341475 0
2852 4.181983412522347 4.290783160741232 0
2853 4.339990629569826 4.27403950762543 0
2854 7.700221179908587 2.789508948617086 0
2855 3.81831435363794 3.978066948306794 0
2856 4.270548149139533 4.306326000257874 0
2857 4.118407797576533 4.083301727528198 0
2858 4.315084730672082 3.790040656649639 0
2859 4.178317994018669 4.27877195530335 0
2860 3.943858696103773 3.725154350023036 0
2861 3.962827214868936 4.052255429142128 0
2862 1.523898209878553 6.913359456634479 0
2863 4.853575847416024 5.087770459015131 0
2864 3.693014629687809 4.152287136260553 0
2865 4.105044276698858 3.807729569323727 0
2866 3.804239676049612 3.862826991663459 0
2867 3.853927710222575 4.033360653647887 0
2868 4.137015704177966 4.240664332343526 0
2869 4.056647163255597 4.122846305520319 0
2870 4.05489465360673 4.34769205618943 0
2871 4.328620137960384 4.265652389292689 0
2872 3.667034680766922 4.012567855447169 0
2873 4.097904141870381 4.35230808710958 0
2874 3.606948575814104 4.109461197359934 0
2875 3.638368361082584 3.90159036208493 0
2876 4.186632082449797 3.728979601076019 0
2877 3.690579536895509 4.370875589857014 0
2878 4.333544355643577 4.310337256767773 0
2879 6.470213744112062 6.954841048362488 0
2880 3.951506701731106 3.939079157486696 0
2881 3.908972499916133 3.870126048355138 0
2882 4.307571818867003 4.203469115168612 0
2883 3.937274740028863 4.394466747926732 0
2884 3.560917701196756 4.001746629570237 0
2885 3.867544332898238 4.369981949988535 0
2886 3.586283792258391 4.035826287539869 0
2887 0.3150713096313247 1.961431650984591 0
2888 1.430532019365104 3.076387202638749 0
2889 3.828482267468143 4.033354630760881 0
2890 4.126541055212364 4.253436039561355 0
2891 4.132809839458236 4.188468180652952 0
2892 3.856562765204917 4.172308519390501 0
2893 3.598318592742317 4.166130396608385 0
2894 3.708442824382721 3.682896855588495 0
2895 7.233373309588838 5.91660119689147 0
2896 3.991084948636102 3.609643540895958 0
2897 4.11906406836277 4.225326808100108 0
2898 4.373643811658984 3.951893220169473 0
2899 3.949259972563705 3.83820775546812 0
2900 3.764242357889665 3.685849878351167 0
2901 3.750656678941084 3.621397337450313 0
2902 3.678483688402351 3.734888038858749 0
2903 3.901747803718365 3.911804085565957 0
2904 4.170809193165613 4.03602754445482 0
2905 4.200291448552944 4.202996112794676 0
2906 4.301502628285661 4.264503338977539 0
2907 3.971816951552952 4.151815526828055 0
2908 3.976031625835701 4.396518156917056 0
2909 4.060160130665255 4.280730017650201 0
2910 4.214363843180705 4.331724430759725 0
2911 3.85126943897598 3.625309018911009 0
2912 4.24674541784194 4.126485180416076 0
2913 4.233358839913281 3.699539347247384 0
2914 4.121688959824611 4.379991887618654 0
2915 3.832074454368328 3.734539343517464 0
2916 3.997233204268115 4.387885490942487 0
2917 4.035910991172871 4.39661964310788 0
2918 4.261740526522403 3.825989994633284 0
2919 3.597950534222831 4.261754978572646 0
2920 4.427624251211614 3.91854226436878 0
2921 3.92096387974994 3.989986338098093 0
2922 4.023678617678504 3.602099898480434 0
2923 4.165209941600122 4.405087031519652 0
2924 4.17908544146078 4.405092616428314 0
2925 4.090280470961379 4.030813701111965 0
2926 4.060822751644263 3.797700260285464 0
2927 4.26591804488461 4.084484475570886 0
2928 4.005943339736321 4.19101901358359 0
2929 3.803405469397361 3.828619366498044 0
2930 3.639171112204691 4.240576066206084 0
2931 3.684894392890212 4.292292283056821 0
2932 3.86165194952348 4.076310819851781 0
2933 4.085382070288754 3.796690760562592 0
2934 3.638515748394537 4.167685521073066 0
2935 4.389054004642107 3.810674518507104 0
2936 3.793674470118413 4.405164829268362 0
2937 3.806860597048777 4.403181886854641 0
2938 3.994436818366345 4.421836092493431 0
2939 4.063347572784274 3.955317760782796 0
2940 4.228956916667588 4.015482408340508 0
2941 3.710701310910294 4.018566664547438 0
2942 4.057562341405514 4.018844972166271 0
2943 4.313889055263067 3.702635673174722 0
2944 5.999876553589083 5.530688274302967 0
2945 3.742993336698103 4.077178169331704 0
2946 4.081964317039018 4.381362439493908 0
2947 4.064708692871116 3.996691104211739 0
2948 3.856930001015602 3.637161614719779 0
2949 3.870538786819196 3.638302324992497 0
2950 7.701286074257091 4.258291941656414 0
2951 4.068154906991939 3.734080148408764 0
2952 4.935612267703655 4.533981671274115 0
2953 4.247356336340151 4.214969368493797 0
2954 3.752986219982788 3.919867718347212 0
2955 3.972943980851853 4.105593397584135 0
2956 3.886993260469403 4.004855385515382 0
2957 4.088585507602004 3.673092970656443 0
2958 6.898539362306916 6.43527996239003 0
2959 4.125026954814775 3.608757502711549 0
2960 4.026169269981781 4.302395095956853 0
2961 3.885984247604072 4.058992503005274 0
2962 4.114105585227181 4.043301056759 0
2963 4.23866882811152 4.333698786828688 0
2964 3.936058131210812 3.747807831635597 0
2965 4.317257451140016 4.238862341842544 0
2966 4.180600583747994 4.245310260916608 0
2967 4.439927477104558 4.113245782177112 0
2968 4.212458154222491 3.919209346758228 0
2969 4.118347294014513 4.421342975446553 0
2970 3.593899386499477 4.004747234735468 0
2971 4.470492852177729 4.027129962561088 0
2972 3.85563292816721 4.193377423540632 0
2973 4.227720536830173 4.374544100785087 0
2974 3.877362389397702 3.562063048007456 0
2975 4.200399216434038 4.577597077533228 0
2976 4.092758048157024 4.150825113430558 0
2977 3.889054878536407 3.706236252893031 0
2978 4.11479739728423 3.890092951349664 0
2979 4.01736254935003 3.809115524536443 0
2980 3.885560682658789 3.692707727054918 0
2981 3.73734506666985 4.054686567284802 0
2982 4.342990153904952 4.045338351239877 0
2983 3.714362913653309 3.818753898741472 0
2984 3.879250474344409 3.751755465956994 0
2985 4.234208999242845 3.775394211222661 0
2986 4.368675836066895 3.894369876874527 0
2987 4.17594759012658 3.936033230425598 0
2988 4.287302834199558 4.03815483419968 0
2989 4.222793893071025 3.761495021170679 0
2990 4.29248051589202 3.807975607640028 0
2991 4.431652303714651 4.184227542127715 0
2992 1.426675218606864 5.01990861270915 0
2993 3.77457111938222 3.760108482684094 0
2994 3.62187701658215 4.124175818632955 0
2995 2.409200751674098 4.303018666817279 0
2996 3.69659037985008 3.748700331664808 0
2997 3.973103809399254 4.361120273082673 0
2998 3.704361281066046 3.73815596742081 0
2999 3.699062586010395 3.7257752144653 0
3000 3.989724499896432 4.33128538231573 0
3001 3.971958216261251 3.612107455215106 0
3002 3.606639823877698 4.007055118597985 0
3003 4.151175776298512 4.098748342827452 0
3004 4.224864568389775 3.68976531249077 0
3005 3.76431667120758 4.155730694129271 0
3006 3.789316928846304 4.120003763363981 0
3007 4.245404706025171 3.635476958506112 0
3008 4.084050276308381 4.435306822289712 0
3009 4.098019728647563 4.434935012323844 0
3010 3.82257415257163 3.919800757547709 0
3011 4.322977494373609 3.923236475967037 0
3012 4.072807106441608 3.816047864737564 0
3013 4.110201733739096 4.026015926772943 0
3014 4.090040516431626 4.127209664893003 0
3015 3.824693866324863 3.822485248326159 0
3016 4.330477848746875 4.182310075320284 0
3017 3.658673063607567 3.820828245074714 0
3018 4.009918020159894 3.614186926492584 0
3019 4.272297214655037 4.123204978147429 0
3020 3.7442755885234 3.745724848989527 0
3021 4.06341341505377 3.889824386031124 0
3022 4.177563151726623 3.89832985134525 0
3023 3.937360668124018 3.994786560607253 0
3024 4.342281168175839 4.230634126814854 0
3025 1.024681256877467 6.41334919895502 0
3026 4.213135040042768 3.87704255432033 0
3027 3.98607014461177 3.70360363522096 0
3028 4.251876842692098 4.070290405804625 0
3029 3.636246939736947 4.191908190202439 0
3030 4.035801322692612 4.337225550828634 0
3031 4.160037306693082 4.137552940704571 0
3032 4.177680959870556 4.381980954088521 0
3033 4.08811941730477 3.987510490795302 0
3034 5.938817234062851 4.551641136154625 0
3035 4.286420567395009 3.831601349836341 0
3036 3.649519085205924 3.995511851834922 0
3037 4.009331854752925 4.335451848377882 0
3038 4.0704749198855 3.753009495730934 0
3039 4.092455230367659 3.687658495149857 0
3040 4.303969531958926 3.729252275146316 0
3041 4.297784136357822 4.110398518704508 0
3042 4.115492681028908 4.318212440306573 0
3043 3.596859948255644 3.811173541294056 0
3044 4.213226395934519 4.06934226813306 0
3045 3.816228412856327 3.646799759142122 0
3046 3.595699262057447 4.366942023295237 0
3047 4.291324471668451 4.222312142609145 0
3048 3.596785371592259 3.982341540302035 0
3049 4.362880649170848 4.00814332451364 0
3050 4.050800459233438 4.035446891364585 0
3051 3.957586027401414 4.383213596203584 0
3052 3.818368995509278 4.389162992990942 0
3053 4.185711043175633 4.415377608887576 0
3054 3.892784101658419 3.601353011236315 0
3055 3.931379937499441 3.806854458648091 0
3056 3.108852098089437 3.687211305986473 0
3057 4.071698094680984 4.141297900502743 0
3058 4.290373268116305 4.176007993720084 0
3059 3.736823517675693 4.341383753282697 0
3060 3.835142717510184 4.366855269032602 0
3061 3.815491768075869 3.673016759738254 0
3062 4.238110862961991 3.624456882750016 0
3063 3.634477734131221 3.993785081396165 0
3064 4.106278331823768 3.914513902880036 0
3065 4.060855050118755 4.368103782397323 0
3066 4.115701826571662 6.463713407338597 0
3067 4.123987886002176 1.559651432187769 0
3068 3.769615565807773 3.835901045155169 0
3069 3.843788178243494 4.301898938990059 0
3070 3.89669382790641 3.634192813516977 0
3071 3.730100852151399 3.798210587057287 0
3072 3.738686508026804 3.733323677726047 0
3073 0.2780887930013094 4.278256496392637 0
3074 4.404446464874718 3.827229553546586 0
3075 3.647673424990323 4.233704220728893 0
3076 4.043322574553306 4.200573277127517 0
3077 4.174527564081175 4.358879798204572 0
3078 3.641443867766538 4.0698500229022 0
3079 4.574294151454149 2.973733547220606 0
3080 3.666749273969662 3.710187111589631 0
3081 3.657460312495006 3.696219945493771 0
3082 3.66869902134227 3.686529802469055 0
3083 4.058377957927648 4.434779105494099 0
3084 5.559056520028074 2.973376451399023 0
3085 4.411296283367047 3.850251794923305 0
3086 3.687317936322286 3.836133179143669 0
3087 3.67331069022623 4.097136911125283 0
3088 3.686526077900963 3.724177401041385 0
3089 4.007339986074158 4.606063795502364 0
3090 4.402702187511165 4.071015462216161 0
3091 3.530553593532204 3.963007318955056 0
3092 3.934238635347516 3.786645763562501 0
3093 3.712125711223661 3.784712982667325 0
3094 4.181719070194013 3.682520349563016 0
3095 4.284118911625171 4.200559812621981 0
3096 4.092185514700541 3.879709825302017 0
3097 4.226357032832682 4.087863280069268 0
3098 6.998180389916449 2.883212491563178 0
3099 4.281083021623662 3.817418503763864 0
3100 3.978080162440081 4.074099011392847 0
3101 3.992476689547582 4.448959334742865 0
3102 3.979974011166243 4.459424041921989 0
3103 4.262449190932814 3.957151436683516 0
3104 4.195494171664161 4.116594401345357 0
3105 4.143082154418446 4.340294031137787 0
3106 3.700158274209831 4.209494817102632 0
3107 4.054526102519956 3.696108082252017 0
3108 4.187654155639112 3.987084557853477 0
3109 4.168433331561975 4.114034542449737 0
3110 3.946705117284364 4.100366130033036 0
3111 3.957033699934956 4.092408225744491 0
3112 4.038837033770521 3.635659793229104 0
3113 3.939620235286034 3.892775750154397 0
3114 3.813572059775447 4.120292469740986 0
3115 4.137533786771646 4.404653876257886 0
3116 4.003608862248465 3.767608537339258 0
3117 3.579462139395274 3.914465111693172 0
3118 4.134536982399864 4.267208963731822 0
3119 3.798182393556615 4.354909091111647 0
3120 4.170552202621381 4.089625212872083 0
3121 4.402196517495852 3.815940877876482 0
3122 4.094331574412134 4.114855916018601 0
3123 3.885496994343707 3.671669077484076 0
3124 3.701762031228411 4.2814914804185 0
3125 3.878452815333172 2.68538135027458 0
3126 3.76704218035537 4.355311857561535 0
3127 4.098629026688199 3.716511915180491 0
3128 3.421399062397871 5.667474117076011 0
3129 3.419805284977721 2.324949232230033 0
3130 4.110097519858159 4.268477774725337 0
3131 4.347685231849153 3.972792926499462 0
3132 3.875319362118733 3.982821670022162 0
3133 4.034930848490235 4.375495290830335 0
3134 3.858519535324668 3.616988616873619 0
3135 4.245023449743178 3.945071496437527 0
3136 4.188635404078657 3.892510233568603 0
3137 4.067688446055043 4.043810672397885 0
3138 4.199143385983549 3.899838686677599 0
3139 3.815502243702414 3.965587804955412 0
3140 4.15249141394186 3.897543363931157 0
3141 4.131544247058124 4.117109346168499 0
3142 4.322695175989328 3.711751839053613 0
3143 4.335598543167022 3.709824683318129 0
3144 3.955093121149837 3.600191339080994 0
3145 4.366570871364202 4.055201146999467 0
3146 4.158388861886034 4.417867428257332 0
3147 4.145391212935253 4.417619636630352 0
3148 4.236160137623837 4.386805652259059 0
3149 3.772280373119946 3.945313048968194 0
3150 3.260936006249457 7.192043950774829 0
3151 3.245170095481821 0.7853277092135769 0
3152 4.188563982328833 4.13763864859591 0
3153 4.074726346464741 4.320153777481082 0
3154 3.998934402187029 3.808131243411212 0
3155 4.181728155983414 4.370766500195671 0
3156 3.878531624420136 3.763778780693875 0
3157 3.915758548233454 4.608707671563626 0
3158 4.012807943068053 4.128421173884984 0
3159 3.760363012315018 4.391923404950922 0
3160 3.777243594537593 4.398867188026677 0
3161 3.55999381851966 3.883360737108005 0
3162 3.560434366230408 3.899313817323779 0
3163 4.124410987854419 4.057959391022863 0
3164 4.10861838139855 3.667237595046443 0
3165 4.084965669177023 3.920306170263324 0
3166 4.28388873899424 4.12372760103718 0
3167 3.997060482238825 3.669478121971814 0
3168 3.915866209449812 4.225731751592576 0
3169 3.70943446296407 3.988038076087178 0
3170 3.758407472854736 4.130911905288222 0
3171 3.830228949313071 4.23171567008526 0
3172 3.646372700374609 3.743939474076757 0
3173 4.072322245197436 3.776473766467855 0
3174 4.264403310349802 3.861647176238998 0
3175 4.031986961164887 4.313638500463174 0
3176 3.797539086473359 3.685720710148039 0
3177 4.241124568958574 3.864961552246744 0
3178 3.664961048559189 4.106722203382788 0
3179 3.746029892901821 3.864303704866889 0
3180 3.82623183576096 3.858116852342618 0
3181 3.992093473613968 3.694497799735556 0
3182 4.280176232266322 4.065166697458768 0
3183 3.812975374359584 3.800670200054072 0
3184 3.69424417149701 3.771605343993305 0
3185 3.702325808571876 3.760861043998239 0
3186 3.699601323712812 3.783290978982286 0
3187 3.676242690340884 3.758137723251873 0
3188 3.836264255032082 3.79664274251051 0
3189 4.265170119327072 4.170335587809435 0
3190 3.88077024805309 3.623417669297095 0
3191 3.804474200205256 3.721695702173287 0
3192 3.732048495827242 3.832128474062394 0
3193 3.633200504020193 4.078928255634183 0
3194 3.696901843575746 4.132038707738296 0
3195 4.186046660574065 3.963109625985193 0
3196 4.275102109544505 4.251143728288743 0
3197 3.632205540270759 4.215212374500172 0
3198 6.965130738739979 5.00928168097937 0
3199 3.712067747700651 3.841163892544042 0
3200 3.837679315915727 3.924787022048812 0
3201 3.747273056511122 3.812000913644531 0
3202 3.825965784495569 4.253498290353584 0
3203 3.58915126553652 3.992797743276681 0
3204 4.134213790299035 4.330166171799399 0
3205 3.69246787168844 3.937501093164428 0
3206 4.277683312155504 3.877481795212822 0
3207 4.322105580657491 3.89696261555352 0
3208 3.746324645772164 4.160130005766964 0
3209 4.13865813848029 3.831946162907639 0
3210 3.530635292490599 4.201534389639365 0
3211 3.885352783470008 3.787016766212764 0
3212 3.771680854996502 3.902171012854126 0
3213 3.64045714770209 3.787066985643228 0
3214 4.851868139897123 2.424356580683127 0
3215 4.32313544936786 3.769747636952905 0
3216 4.072767675585513 3.7918544590926 0
3217 4.123452870456836 3.774819349761741 0
3218 3.61509824980364 3.846510602593076 0
3219 3.875948190861825 3.81052868541237 0
3220 5.499444277277862 4.474893855134089 0
3221 3.970787686781342 4.38485539311205 0
3222 3.764419680912393 3.736942283099924 0
3223 4.02461307881954 3.827154648103314 0
3224 3.776543072932498 3.880928455692891 0
3225 4.392442499298379 3.91460753999777 0
3226 3.705903238009038 4.18623646714998 0
3227 4.135768044473374 3.63169488985765 0
3228 4.353947300272501 3.904795958925011 0
3229 3.673329910758675 4.195717530291663 0
3230 3.720869654865397 3.774814539132351 0
3231 4.1690349273211 4.204244982755165 0
3232 4.135774956831896 4.207517264655286 0
3233 4.030953846651469 4.145678662138532 0
3234 4.140649937855026 4.310954937877806 0
3235 3.65953812079588 4.049458718822587 0
3236 4.164467746829861 4.383123103363456 0
3237 2.924776495582037 4.194407694877706 0
3238 3.933726506446241 3.77342845339848 0
3239 4.385847427590745 4.227552900834973 0
3240 4.395782391883901 4.244970335126449 0
3241 4.392350193543738 4.21490873212642 0
3242 3.907160480912833 3.561480103635329 0
3243 4.229044701289373 3.950489132168955 0
3244 4.070344265799621 3.438669765817673 0
3245 3.774310862600316 4.063323392826819 0
3246 3.773358610543639 4.32210413237879 0
3247 4.210386380176886 3.706919408253874 0
3248 3.795001303679931 3.751427346396252 0
3249 4.388508430114435 4.050198362187069 0
3250 3.800017746068104 3.850706406371317 0
3251 3.98293836202293 4.202475608720158 0
3252 3.653121458736837 4.206224441861909 0
3253 0.2730726902002329 3.735612329385955 0
3254 3.748114298733197 3.702863583609949 0
3255 3.750384703412939 3.942295259055006 0
3256 3.85060213535991 3.886286092306741 0
3257 3.938156125730024 4.238121246847105 0
3258 3.953957268660331 3.640185680370001 0
3259 3.87402590776363 4.174947477442978 0
3260 4.319882627255407 3.825862505422855 0
3261 3.941073832552383 3.827278529106966 0
3262 3.838430257534929 3.690009218081062 0
3263 3.82387119453782 3.71076090631755 0
3264 3.709563227981074 3.806642145494528 0
3265 3.790030961473403 4.15475218907488 0
3266 4.248296513247724 4.025785501506688 0
3267 3.952117821139991 3.761841970831992 0
3268 3.680178190057171 4.266035180861098 0
3269 3.721012774076391 4.222183432756674 0
3270 4.113310552802973 3.767164175221258 0
3271 3.954828729389512 3.522102798219576 0
3272 3.728739728948459 3.973746127785835 0
3273 3.942930617738757 4.074553184447 0
3274 4.030146859196359 4.352640483878884 0
3275 3.602805354894102 4.14183939523065 0
3276 3.656152885444055 3.767161721710588 0
3277 3.663738762462591 3.756700115386339 0
3278 4.174505282884224 4.333532067060547 0
3279 4.178065095919863 4.3166251711687 0
3280 4.183601681753391 4.056431397419478 0
3281 3.842360747331522 3.840224368496045 0
3282 3.281248414818044 4.169278100701072 0
3283 3.65579662082945 4.184250134191736 0
3284 3.900345866077009 3.747863097429539 0
3285 3.681748775556704 3.770069247072692 0
3286 3.786872911733759 3.708108472901409 0
3287 3.782419067246737 3.749991582113511 0
3288 3.659755615219984 3.722246009344864 0
3289 3.855173980749825 3.659322890134247 0
3290 3.676480430730881 3.877060010244195 0
3291 3.771550546178555 3.783004064881731 0
3292 4.175937855291801 4.102120022294085 0
3293 4.371562165738935 4.226136927251225 0
3294 3.613299156924483 4.086393582375579 0
3295 3.937845850687196 4.00730257325351 0
3296 3.788431029925722 3.795793149091397 0
3297 3.998759207119714 3.633083678512471 0
3298 4.004506252838929 3.902468892511048 0
3299 4.298504598562618 4.058473894996598 0
3300 4.12624586204346 3.586886780492115 0
3301 4.138333684326475 3.586831874263151 0
3302 3.697905144740192 3.870205921858344 0
3303 3.756882800794308 3.882070943227629 0
3304 5.049460617542403 6.590293631091281 0
3305 3.766464598369745 3.716045390161863 0
3306 3.756921390184278 3.747001335506594 0
3307 3.819433334131725 3.757125609598592 0
3308 4.150765717998153 4.021697637961385 0
3309 4.14470944106044 3.57098341396983 0
3310 3.742865748487361 4.003467965139102 0
3311 4.295678246414899 3.744716602739943 0
3312 3.879733334604253 3.923694683810736 0
3313 3.81440333317448 4.371719835752664 0
3314 4.171059244626087 3.703105479975023 0
3315 3.985734386600633 3.822731254239972 0
3316 2.508142265186327 2.696837610681122 0
3317 4.144248529237913 3.917342816378131 0
3318 3.855174226739773 3.939124690230415 0
3319 3.707265386820592 3.715727456664578 0
3320 3.565836452688477 3.927121700092999 0
3321 3.878307939387009 4.376402152531338 0
3322 4.208128833351996 3.981890316409917 0
3323 4.120434820999901 3.91510414685654 0
3324 3.787660742112304 4.195998173213585 0
3325 3.96364998740168 4.115443194067006 0
3326 4.225873046613293 4.207261165636574 0
3327 3.996774474991431 3.571247481224999 0
3328 4.022763413897454 3.69998377591568 0
3329 3.744447232721774 3.833248289911687 0
3330 3.779545064138234 3.77275409899439 0
3331 4.028285911922278 3.626831663212704 0
3332 3.916963218688557 3.946316802536601 0
3333 3.654903219549388 3.78787655952212 0
3334 3.724803149078697 3.841928440219179 0
3335 3.717267533034816 3.796544086508862 0
3336 3.919892607243318 3.650529519991537 0
3337 4.074624770299744 3.654530751507222 0
3338 3.725641138885578 3.730569400166351 0
3339 3.734782920474451 3.810340670607938 0
3340 3.821535740131607 3.844893868916949 0
3341 3.808277064447757 4.073889692995491 0
3342 4.127144799086634 4.012735376075842 0
3343 3.817109208549025 4.003762772607788 0
3344 4.125699770348309 4.404078192080371 0
3345 3.68375075128319 3.747338764592175 0
3346 3.680719800150507 4.041285843859982 0
3347 3.678111362831054 4.280263276187564 0
3348 3.918774232264065 4.350764724493993 0
3349 3.782174212825454 3.837441645608258 0
3350 4.208184035646758 3.958717599054985 0
3351 4.292594343324178 3.868770263102413 0
3352 3.750072710562603 3.844013451758857 0
3353 3.686930472605237 3.699203964213938 0
3354 4.051240547713542 4.322771191962554 0
3355 3.758604634881797 3.781267398274136 0
3356 3.754142503155242 3.769216903524754 0
3357 4.200565977483301 4.273338619921421 0
3358 3.689596851214343 3.814608990212873 0
3359 3.877626785950688 4.122256669760342 0
3360 4.372981277348357 4.175692818650877 0
3361 3.94948545778608 3.620749489341339 0
3362 4.117973681355947 3.59838492052573 0
3363 3.632853079884597 4.013511152913639 0
3364 3.644221277655384 4.01664109075517 0
3365 4.194631600271627 3.658444670311856 0
3366 3.793165171754331 3.903185348340163 0
3367 3.934176102990634 3.601912244429945 0
3368 3.780238661664036 4.371316972074768 0
3369 3.756466167621428 4.363575277193673 0
3370 4.401873287743041 4.142175887865767 0
3371 3.647538728875563 4.127969394131993 0
3372 3.817598815364413 3.722316635234859 0
3373 3.70410224719038 4.23917547809525 0
3374 4.327488437005336 3.967203628743218 0
3375 3.643713314277989 3.765753092547639 0
3376 3.638738747188576 3.75423053782759 0
3377 3.875024141058232 4.420707465991687 0
3378 3.876058424038248 4.434738935538173 0
3379 3.888713518507831 4.436733003625029 0
3380 3.880872163966394 4.281824807977247 0
3381 4.259789816357135 4.193533507949907 0
3382 4.405597561221089 4.15978370486185 0
3383 4.419250052215649 4.160925209516074 0
3384 3.64065340331849 4.036636867379525 0
3385 3.738524450092703 4.136457085017927 0
3386 3.733732338248014 3.777227872442085 0
3387 3.681655254153159 4.242031280105997 0
3388 4.271507136350054 3.604987697517191 0
3389 4.245382159564051 3.598871642631013 0
3390 4.267946486792928 4.22286557307234 0
3391 4.063793855689759 4.447715473883836 0
3392 4.076392203012138 4.446903670287495 0
3393 3.827491063429038 4.34193369713873 0
3394 3.913721598812444 4.290958431318153 0
3395 3.836560158078183 3.770643078405753 0
3396 4.059154965819649 3.708432906511373 0
3397 4.198117091977863 3.859492107241265 0
3398 4.130439233520112 3.750277614224337 0
3399 3.864801742318451 3.829867113031698 0
3400 2.246375195425111 7.715504996757847 0
3401 2.229150417109268 0.2985715085928029 0
3402 4.256447603049434 4.288958654468724 0
3403 4.200716806929779 3.874770795894239 0
3404 3.913226784351833 4.108995170663517 0
3405 3.772303015208637 3.985625006097442 0
3406 3.947138610946579 4.428425417109488 0
3407 3.72146567921963 3.864530800936884 0
3408 3.93309062995725 4.165544855242313 0
3409 3.8980390482551 3.80541548800474 0
3410 4.115104303388554 3.791277792005348 0
3411 4.38989813356728 3.836089568516406 0
3412 4.242381964858861 4.269749265191781 0
3413 7.349437234217415 3.751413165092028 0
3414 4.07105245079922 3.687996158434684 0
3415 4.102745326019893 4.167345558978376 0
3416 4.160061159669125 3.635635424102376 0
3417 3.658602956292058 3.744787958100573 0
3418 3.649017907241967 4.092755039986457 0
3419 3.700680593273691 4.111840973093721 0
3420 3.945835589213768 4.178131774213579 0
3421 4.20493941925332 3.593249706137489 0
3422 4.218357816149472 3.601805534112424 0
3423 4.190317088757961 3.585860767738421 0
3424 3.637442851237002 4.156035904315549 0
3425 3.617383775637403 4.143906408349419 0
3426 4.208119627738218 4.717026608039215 0
3427 3.780504385367633 3.635868229743413 0
3428 3.677174567086834 3.812791975795351 0
3429 3.892411022456911 3.825769764740816 0
3430 3.723051873797219 3.697012385468935 0
3431 3.691783642368455 4.18456954463761 0
3432 4.074098964380314 3.708578371082637 0
3433 4.438791959012812 3.967461962711623 0
3434 4.20743723296341 4.134728275792025 0
3435 4.159217517060261 3.844987061230556 0
3436 5.927423476970166 1.210651123434172 0
3437 3.972320604628017 3.55503646924033 0
3438 3.622170749690092 3.816384124691897 0
3439 4.47257008022253 4.004257734925868 0
3440 3.877656192582166 4.097002164243798 0
3441 3.857427826448506 4.263256805791056 0
3442 1.087430059821675 3.922717132394477 0
3443 3.994338719573016 4.316872471960854 0
3444 4.137498002983453 3.944201796469453 0
3445 4.188628977473327 4.10349855749122 0
3446 3.612965501723213 3.910004718685348 0
3447 4.097277914850646 4.289383379192748 0
3448 4.161714874456285 4.299955154062018 0
3449 4.319923592402288 3.688324987427796 0
3450 4.278270458268018 3.840831684187154 0
3451 3.603912754321181 4.027942565643096 0
3452 3.661172674391528 4.246963556536473 0
3453 3.704439026425253 4.091267934522936 0
3454 4.311768896814262 4.178828604664284 0
3455 4.213056492049085 4.303333247621513 0
3456 4.281994210015741 4.213780454466881 0
3457 3.772638082919414 4.114925545155519 0
3458 3.99120354675793 4.351171077810892 0
3459 3.631544002092506 4.179160573673405 0
3460 3.581587405115547 3.967993194747532 0
3461 3.704460579833849 4.046507065087635 0
3462 3.682372033510516 4.220506605620752 0
3463 4.452593694428693 3.997507827607408 0
3464 3.902971095527512 3.722453497750105 0
3465 3.798667889884451 3.650825511413466 0
3466 4.271580468374649 3.997663660133386 0
3467 4.331753731225053 4.001253386825452 0
3468 4.323735708165091 3.5429486581546 0
3469 4.173808761397248 4.254699137664494 0
3470 3.626455510450099 3.752249458752457 0
3471 3.691964817539929 3.848274622262258 0
3472 3.838616039127153 4.089540590916428 0
3473 4.238398370569548 4.206483707058183 0
3474 3.65337653590442 4.296744859512042 0
3475 4.333609487880698 3.918791495156668 0
3476 6.545575203806607 2.875508463822456 0
3477 3.636604789082523 3.776086526877874 0
3478 3.759802637253232 3.704429216064784 0
3479 6.188255144759128 6.115106490260538 0
3480 4.086632518222166 4.105031825536257 0
3481 4.071220823682151 4.119143993819192 0
3482 4.39222170864829 4.176697742700425 0
3483 3.918713943958147 4.011561246923129 0
3484 3.686008661251769 3.986022122143482 0
3485 3.895325657654829 3.935518129731509 0
3486 3.802291847800325 3.987603190419002 0
3487 4.066279271161013 3.634184042626096 0
3488 4.025346408962048 4.0686842172605 0
3489 4.334828367083263 4.222440824986031 0
3490 3.780432033636901 3.858986568848908 0
3491 4.038736647442388 4.442415328033704 0
3492 3.657261377705652 3.867085385103011 0
3493 4.207063028451879 4.159010443836967 0
3494 4.101598643530409 3.584383418368981 0
3495 3.699198947072322 4.164201621091467 0
3496 4.206783396774489 4.090081750358046 0
3497 3.675434684513119 4.17419606149048 0
3498 4.092221132849875 3.738148851494351 0
3499 4.084478486668505 4.198163579702292 0
3500 6.436709615588967 3.707211080336261 0
3501 4.242116907374514 3.614096006466485 0
3502 4.018956997874611 4.236458799063432 0
3503 3.96882528353647 4.319278982264557 0
3504 3.813051686713542 3.889242492159411 0
3505 6.045357183528544 0.2752885414206179 0
3506 6.045144345040642 7.726399844054614 0
3507 3.749383618976505 4.292311972549832 0
3508 3.7571979764218 4.283524365161214 0
3509 3.690794097612275 4.075946396557717 0
3510 4.095642905067882 4.213669803614516 0
3511 4.299217997140983 4.18345632269579 0
3512 4.432309109051365 4.02402127367918 0
3513 4.380809567717873 4.140929176697756 0
3514 3.596449572776391 3.953729428630131 0
3515 4.213377476184752 4.288294005939421 0
3516 3.746682317253421 3.723900875676386 0
3517 3.665852908173382 4.206748558408206 0
3518 4.051116414987277 3.854222559326031 0
3519 4.155404673306617 3.867835225222359 0
3520 4.424253527682275 3.856071464254301 0
3521 4.422762203955 3.868992550271414 0
3522 3.707219917862802 3.828863511441227 0
3523 3.77282437192905 3.645216366396963 0
3524 3.609766840640872 3.986197014329162 0
3525 3.880329043348643 4.034802752985549 0
3526 3.74705636633593 0.6557430320321607 0
3527 3.768793366605509 7.350561522829097 0
3528 2.647296113125738 6.398018487272696 0
3529 2.631756955353454 1.61432222492091 0
3530 4.040794928080205 3.811201906559083 0
3531 4.651923567728323 1.583018995354128 0
3532 7.71527805145802 2.236516532487932 0
3533 3.818345683027078 4.193513565185722 0
3534 3.72703330106068 3.820394005491368 0
3535 3.723273870319768 4.039998170712153 0
3536 4.088202465203039 3.581051613097114 0
3537 4.295035879194728 3.998865356719781 0
3538 4.30885946405088 3.995468136000309 0
3539 4.329743714841858 4.131200698743275 0
3540 4.269079747670735 4.059788287060613 0
3541 3.80299243840826 3.742736296091621 0
3542 4.318605168941608 4.286496612790367 0
3543 3.697790818470293 3.971284529171052 0
3544 4.079852961468046 3.858764994978261 0
3545 3.79294659413837 3.638564679853785 0
3546 3.628463317993359 4.201700893094325 0
3547 4.318681177681865 4.084914302263323 0
3548 3.91937007656833 4.051084735676931 0
3549 4.367063141537608 4.156764474161927 0
3550 3.934453153691485 3.851371151782328 0
3551 4.340343595391973 4.082461716280891 0
3552 4.188992188035907 3.880683639555501 0
3553 3.720702202766579 4.105328133111785 0
3554 4.509069219134923 3.953590191244859 0
3555 3.862241063524125 4.416007075211812 0
3556 4.011997847937889 4.15182387948946 0
3557 3.648461460148648 4.194343099801465 0
3558 3.767912048692448 3.857282012064436 0
3559 3.90929927832305 4.267128854519133 0
3560 3.900883198107307 4.275700188370392 0
3561 4.177199278688998 3.910472194257011 0
3562 4.068285678248931 4.167934187315366 0
3563 3.645976306402387 4.04878243324845 0
3564 4.110510343554502 3.724525303133194 0
3565 3.697164907736096 3.804914753202711 0
3566 4.3433439646249 3.886632773732694 0
3567 4.254092536690989 3.780203525748647 0
3568 3.662458430040094 4.281679892793477 0
3569 3.951605434657694 4.113584002283154 0
3570 3.876769719157799 3.647762685835592 0
3571 4.206313621753387 3.832388145567752 0
3572 3.67005008439312 3.935426701384905 0
3573 4.17550621131257 3.59425387770282 0
3574 4.163137231798311 3.589618642629126 0
3575 3.765212985361919 4.173925642127684 0
3576 4.161306622090446 4.234122866467237 0
3577 4.225141136420135 3.898490645783368 0
3578 6.366871554341694 2.342334109829227 0
3579 3.716783919761796 3.998829898375327 0
3580 3.975836670251863 3.59173502720831 0
3581 3.777588318181681 3.738447384330616 0
3582 3.967300605160665 4.220257997796467 0
3583 3.807778362923123 3.841064555100407 0
3584 3.755482490639062 3.802299219934929 0
3585 4.164464644410946 4.430544322502419 0
3586 3.725638924616706 4.116676595259878 0
3587 3.616835295788591 4.099418207168506 0
3588 3.665752731985132 3.73400185824062 0
3589 4.104394442221442 4.393269892663552 0
3590 3.679717539107445 3.791724270663117 0
3591 3.593455373933396 4.092577398544786 0
3592 3.399959725851832 7.724108708816049 0
3593 3.409240707006975 0.2787534106747307 0
3594 3.799030200028044 3.710042124915708 0
3595 4.117644405223147 3.816899429837537 0
3596 4.385319588237797 3.871166944515093 0
3597 3.975877551012912 3.809442971061395 0
3598 5.742983108253846 1.682054715620081 0
3599 4.355906534052295 3.66664845692433 0
3600 4.278652894766218 4.239302958188555 0
3601 3.637325110021139 4.090739374014355 0
3602 3.61486774998806 3.825386086002254 0
3603 4.049441966394342 4.17323199095253 0
3604 4.063219192195669 4.302206810704698 0
3605 3.870423442796124 4.348486900333125 0
3606 3.738037254996322 3.756259582159662 0
3607 4.233760655835325 4.106945521882124 0
3608 4.202086619077653 3.626207219603534 0
3609 4.247564937533473 4.15112734047433 0
3610 3.780647926201828 4.043121697513637 0
3611 4.060113022228434 3.598444918070365 0
3612 3.744136949924776 4.253292468761119 0
3613 3.612136010311937 4.187004005724407 0
3614 3.616301985414803 4.198715812043809 0
3615 3.619006238712482 4.177177977242153 0
3616 3.888363359835346 5.399305854257355 0
3617 4.267683244428273 4.294098032790992 0
3618 3.875967426489565 4.138850412069567 0
3619 3.661102410946129 4.128141437427803 0
3620 3.666513703354985 4.13904391837921 0
3621 3.741918431685219 3.767589966142428 0
3622 4.124744277876588 3.860077272263451 0
3623 1.976926980473923 1.078216018951804 0
3624 4.361583017962388 2.456414720903545 0
3625 3.737344987183885 4.118329823505088 0
3626 4.086129749674545 3.604145561477932 0
3627 3.95737441312321 4.316362976649494 0
3628 4.460509305798539 3.871886386837208 0
3629 4.512496127240666 3.872011718521558 0
3630 3.800215539733241 4.299387922282313 0
3631 4.02295579100165 3.541879531485214 0
3632 4.035673153520465 3.526108140336889 0
3633 3.600419201436228 4.130049014245673 0
3634 3.75072035360501 3.790763338256474 0
3635 4.170826824821943 3.998323350528213 0
3636 4.163165984560417 4.019392197792834 0
3637 4.166893014972156 3.977139589370911 0
3638 5.143077954550948 1.452695828475078 0
3639 3.861698353425962 4.057238611912733 0
3640 4.039370780129129 4.241402708302954 0
3641 4.143534646348986 4.36948714234778 0
3642 7.678853476280256 5.691948621876195 0
3643 4.10683231144867 4.112009192150821 0
3644 3.878080012126495 3.860261622300812 0
3645 3.896460636481753 4.049938353941615 0
3646 4.206069089022435 4.180532907298607 0
3647 3.606333426072993 4.062530576203731 0
3648 4.123130469621676 4.211158419576714 0
3649 3.89484542436396 4.037974665230562 0
3650 3.832874436902909 4.310778198329172 0
3651 3.778426911932745 4.359585826136046 0
3652 3.720826719604104 3.750693844679327 0
3653 4.201508969496334 4.417719801759032 0
3654 3.7518097468795 4.303311727340995 0
3655 4.217431382671101 4.1243554485151 0
3656 3.643876437698722 3.866902500413565 0
3657 4.09381383363209 3.830186732121222 0
3658 4.438854057670985 3.922870556860306 0
3659 4.040300438753738 3.858706930232041 0
3660 3.663532281084947 3.923449190348767 0
3661 3.81451112292679 4.326989748196425 0
3662 3.826371680957747 4.076328068023749 0
3663 4.476063051729524 6.554944583713032 0
3664 3.739047972280976 4.096834946232726 0
3665 4.416530628762552 4.088534347259713 0
3666 3.938152765981615 3.6544546854975 0
3667 4.510268707610187 1.116627299845134 0
3668 4.50524032200697 6.875160894152748 0
3669 3.759322255442695 3.725738077162491 0
3670 3.898072325659104 3.612351932497482 0
3671 4.032093787205312 4.114489628151125 0
3672 3.638750193328788 3.827464936008771 0
3673 3.692230456085803 3.793362529897367 0
3674 3.879807523708048 3.726978016027456 0
3675 3.782201374871766 4.314532800786958 0
3676 4.023215603640299 4.27207607511211 0
3677 4.069276043760159 4.258400794600021 0
3678 3.790914050149191 4.245376981872186 0
3679 2.036747323819345 7.203339850919228 0
3680 3.655417548293906 3.887035814167842 0
3681 3.988755013634895 3.870090854563027 0
3682 4.221941732446629 3.90979215506928 0
3683 4.167091934764762 3.891655039075023 0
3684 3.936545502220977 3.623266723295838 0
3685 3.551429884328045 4.044878600404942 0
3686 3.880170431388767 3.714955929744625 0
3687 4.383274842557604 5.572610812270058 0
3688 4.259998698397836 3.848467424714072 0
3689 4.039452897879918 4.365931040052228 0
3690 3.858453544112535 3.726410548093333 0
3691 3.768325685873624 3.804025168951792 0
3692 4.282619165272362 3.853265005788171 0
3693 4.31817394531087 3.801374401394231 0
3694 4.318580864662963 4.136868434792933 0
3695 4.097355136434753 4.410953385018976 0
3696 3.849718543189894 4.078991893428365 0
3697 4.076258498108656 3.612052696989283 0
3698 3.7618938024295 3.758880465754876 0
3699 3.325743639485323 5.135623262986989 0
3700 3.742369185154014 4.267842453512264 0
3701 3.764438285023388 3.824830500955523 0
3702 4.380875777649109 4.116926600770209 0
3703 4.371093788249992 4.122656887615947 0
3704 3.867087837310645 4.1950038079662 0
3705 3.755189874880035 4.337343708505579 0
3706 4.227839555092593 3.843350074005845 0
3707 4.325567811191593 3.980423016516603 0
3708 3.728858007567986 4.06311838181556 0
3709 4.238986427314531 4.252497429278661 0
3710 4.250014590006309 4.00567613644468 0
3711 3.905641735238453 3.779005778684764 0
3712 3.743167112648899 3.691350263741031 0
3713 3.787614808318058 3.849008314207361 0
3714 3.977352581059593 3.672081950967969 0
3715 3.829754582480921 4.276088999392805 0
3716 4.136687988608803 4.005895815679563 0
3717 3.886430302337146 3.964093940022375 0
3718 3.931768569139046 3.872358187788655 0
3719 3.792411390901948 3.775541277892866 0
3720 4.170156287281959 3.748768607357552 0
3721 5.378256113743848 3.560216152599444 0
3722 4.15415424803455 3.599011049635444 0
3723 3.622981055658537 3.949545559900393 0
3724 3.638698154658685 3.97252806144568 0
3725 3.90124629360115 3.70891151762343 0
3726 3.688998664346518 4.110388003703495 0
3727 3.895040191824371 3.954022740306085 0
3728 4.143781467031742 3.984282190483582 0
3729 4.114085946541683 3.680182519001613 0
3730 3.969469016752153 3.68584372986769 0
3731 4.370339461625934 4.099930046595214 0
3732 3.999023123741051 3.747597630057506 0
3733 6.564324550670333 3.387496366154364 0
3734 4.249466710172291 4.309794568874445 0
3735 3.667740722584155 4.185117421385275 0
3736 3.765489010829817 4.263155509846999 0
3737 3.794587336353528 4.330663373479471 0
3738 6.665867997938565 6.281451424692721 0
3739 3.842129617948035 3.937363695251523 0
3740 3.804014263259937 4.189027377870745 0
3741 0.256016782359664 2.862769751278758 0
3742 2.229431391998526 0.6399825895382669 0
3743 3.738148899125628 3.788711886899979 0
3744 4.081820621683677 3.623553685885752 0
3745 4.05449677864047 3.535433038392097 0
3746 4.40931527817517 3.897531524948199 0
3747 3.658866133868352 4.149024070245555 0
3748 3.630434729253198 3.981111681734885 0
3749 4.026281590723491 3.675926306703742 0
3750 3.821053853966927 4.295493361692076 0
3751 3.712463035932851 4.082355166351961 0
3752 4.074988698737458 3.911007464282715 0
3753 4.05638822859024 3.976522150722106 0
3754 4.061478101502157 3.862250746988345 0
3755 3.803591893244638 3.809779160999729 0
3756 3.776414993334645 3.794163332926835 0
3757 3.920983103988188 3.721639869199943 0
3758 4.104153940691852 4.009385055667008 0
3759 3.676601146287283 3.954033962089352 0
3760 4.370620151014256 3.725312493497914 0
3761 3.84168204296676 4.048574181559128 0
3762 3.60833358535821 4.207316424243015 0
3763 4.111099488878514 3.69965424410614 0
3764 4.074191706363171 4.071018432883395 0
3765 3.821566437707096 4.149570027579349 0
3766 3.916778937946829 3.628602435965269 0
3767 3.900853514838661 3.976783615405897 0
3768 4.158588497613034 4.073746830527655 0
3769 4.204753415713324 4.214287736732368 0
3770 3.867536054933759 4.116721528494807 0
3771 5.713475650672443 0.280024448402199 0
3772 5.713542129954877 7.720261698395488 0
3773 3.768757129262127 3.934709212135971 0
3774 4.258053586221286 3.637311113400968 0
3775 3.959704332361837 4.362115879641319 0
3776 3.609975962723969 4.121089349829358 0
3777 3.736191882815899 3.960404855606666 0
3778 3.817246044701232 4.041398481971589 0
3779 4.954187009970353 4.246666153852814 0
3780 3.612256786081029 4.165103090506221 0
3781 3.752635390380755 3.651069001526036 0
3782 4.207380243607057 4.048418265966379 0
3783 6.078914674296451 5.202952746372931 0
3784 3.681554789545059 4.119624594105035 0
3785 3.571713626765793 3.904153180881214 0
3786 3.59812692305501 4.071695060915965 0
3787 3.60252280432389 4.050420461317557 0
3788 3.62591233983248 4.055303511931929 0
3789 3.611670797804067 3.934871856106056 0
3790 3.651020403012162 4.171704536876113 0
3791 4.191707301474865 4.34780099436587 0
3792 4.103938851879802 4.422111127995155 0
3793 3.628848972754722 4.100813153522181 0
3794 6.462158912486054 0.9542529794701902 0
3795 3.865919370146402 3.86824514843858 0
3796 3.811178919781145 3.605928734281119 0
3797 3.650639536715625 3.975759279602319 0
3798 5.535566948825847 5.419426089141949 0
3799 3.979394943121471 4.262149091474656 0
3800 0.2921191328074095 2.401721631881713 0
3801 3.869413612161607 3.787113254388678 0
3802 3.954701675305121 4.157172343510188 0
3803 4.273031725018878 4.272543966685778 0
3804 4.247525021498896 3.796456790902 0
3805 4.158111912491852 3.61092607082596 0
3806 3.977199363024122 3.655911335902224 0
3807 6.026320070493711 2.801050667548298 0
3808 3.595697087203289 4.105750751601765 0
3809 4.245261974463196 4.104235106514145 0
3810 4.253010222300409 4.112632298434357 0
3811 4.219675375031199 3.642496899313149 0
3812 4.219741071933837 3.858962917326109 0
3813 4.227708086877588 4.16663454847684 0
3814 4.244943155625077 3.773028469842725 0
3815 3.978551423989096 4.225710310781956 0
3816 7.757429292233608 1.322081599242306 0
3817 4.345995893817972 4.205699401297899 0
3818 4.211484814001278 3.728349214227912 0
3819 3.968812271234979 3.713989040790471 0
3820 3.956285063349775 3.709842477663905 0
3821 4.36009101170823 4.106345535992904 0
3822 4.367537155710981 3.988020407568194 0
3823 3.92900399159885 3.570640149906687 0
3824 4.095592436913457 4.332857903202111 0
3825 4.079022282446684 3.728659298957714 0
3826 4.384109971012296 3.931710606587334 0
3827 3.957291659763559 4.34114449850918 0
3828 3.926159423744448 4.291311191716188 0
3829 3.875974707353196 4.001364430388871 0
3830 3.698818053353548 4.067271740795225 0
3831 3.911419425097263 4.366597480899727 0
3832 3.703761929815692 3.850330288502566 0
3833 4.266705645908534 3.838069098454426 0
3834 3.925314424531844 3.909731384670023 0
3835 3.692098286944259 3.891062600814877 0
3836 3.984270523167205 4.292103879639047 0
3837 4.468657420649576 4.376045774920962 0
3838 3.848076188558726 3.668659956364674 0
3839 4.025295917919042 4.166664415110293 0
3840 3.818594071408848 4.350853502973464 0
3841 4.016491186378093 4.104108567824096 0
3842 3.61415905539607 3.997690020075026 0
3843 4.359171522779944 3.953643180909148 0
3844 3.812505945324846 3.764739880922956 0
3845 3.785306100271667 4.338693351857173 0
3846 4.114606946070287 3.838912246388627 0
3847 4.121892383960832 3.716572921580191 0
3848 7.74868031003651 3.374822816030782 0
3849 1.390190165905569 5.904523998607979 0
3850 3.611438774981171 4.018420126019513 0
3851 3.695860938914759 4.055432533777786 0
3852 3.6843053589974 4.052812827126796 0
3853 4.430231609892672 3.991428820023932 0
3854 3.706436664083867 4.224052344275152 0
3855 4.010914910439129 3.705823184481032 0
3856 4.014586087671781 4.184044530114906 0
3857 4.284848125886873 4.145115678494941 0
3858 4.01540045640856 4.364774886166797 0
3859 4.412160552642315 3.836029602080576 0
3860 4.106210484538876 3.595908657581535 0
3861 4.269902916642878 4.046154243596408 0
3862 3.675242863497726 3.833823279895947 0
3863 4.269823152781928 3.800198343154441 0
3864 4.618473988322953 6.131921446588931 0
3865 7.378056351125453 2.309571088550032 0
3866 3.783938824895864 3.816500639674978 0
3867 3.792112577546761 3.807487910791774 0
3868 4.372966644566628 4.033085291261592 0
3869 0.5639873300461629 4.223016223893282 0
3870 3.759998552173817 4.04853253046735 0
3871 4.046627797838933 4.212722928112576 0
3872 3.65679811081082 3.955877503422635 0
3873 4.10103550673638 4.190841165631475 0
3874 3.625859425864691 4.135029128089292 0
3875 3.760853526864169 3.642599212987246 0
3876 4.165588529182128 3.915030191798415 0
3877 3.756550249016347 4.037356912672898 0
3878 4.260043577956367 4.250895271127124 0
3879 4.229183456000378 3.786453199769056 0
3880 4.033730780447542 3.612853018815368 0
3881 3.513093074918081 4.161363760374911 0
3882 7.319496519917516 4.729547295534332 0
3883 3.987712226759327 3.618336683669213 0
3884 4.056185874699353 4.079412208342249 0
3885 3.647982801740307 4.027881295241738 0
3886 4.297572374143454 3.942874512540508 0
3887 1.34349075673941 0.2567470560329261 0
3888 1.350302227316381 7.740507684367827 0
3889 4.217805512997214 3.615535878819601 0
3890 3.66658789356063 4.025014708445805 0
3891 3.756213943787155 3.662243796684612 0
3892 4.091782415060111 4.173912890677159 0
3893 3.842253517453671 3.814004620284939 0
3894 4.307746557877866 4.131695733464356 0
3895 4.318261392819058 3.863902873228252 0
3896 3.640333365644278 3.807337168584054 0
3897 4.237116636935419 4.031685291025121 0
3898 3.806650676845209 4.062633977277422 0
3899 3.940813802128404 4.051122624767359 0
3900 3.567356485166661 4.074805856831345 0
3901 3.956503474400157 3.781078021387812 0
3902 3.784715048957512 3.870412930302241 0
3903 3.825254588437583 4.207824849745267 0
3904 3.653265772940731 4.104277749050214 0
3905 3.728095234738743 4.095801790781842 0
3906 4.186175469841678 4.125192767892421 0
3907 4.238638601967129 4.004609506837329 0
3908 1.270200782072477 2.199809127105185 0
3909 4.195563758184675 3.607797691092566 0
3910 4.381130694176969 3.741970693920138 0
3911 4.082812635438836 4.338624117838945 0
3912 3.863923381420629 3.564190925114908 0
3913 0.7471561193668848 1.416451652285238 0
3914 3.77236928305781 3.81514648912616 0
3915 4.424418360759078 4.058643135896852 0
3916 4.024637236767509 3.850756793309851 0
3917 4.143282325270381 3.971226770672764 0
3918 4.245872167561652 3.968118821426511 0
3919 3.791914516538589 4.047999852465826 0
3920 3.775421397409594 3.657034813109898 0
3921 3.869672025672025 3.744891085871456 0
3922 3.88885386318941 4.072450840705356 0
3923 4.154981560470554 4.345301842972786 0
3924 3.705388634816735 4.123301658021035 0
3925 4.658108950793467 4.195271754967941 0
3926 3.601683816241372 4.083704684948374 0
3927 3.653619935573047 4.07240694251312 0
3928 4.353138590284884 4.172945110363634 0
3929 4.438030704228578 3.943969811246919 0
3930 3.752821990212287 4.068397398657689 0
3931 3.983975536074861 3.543243824883472 0
3932 4.176604377629348 3.607453277647723 0
3933 3.851637908125976 3.979915203672554 0
3934 3.934185534329004 4.082656298710642 0
3935 3.373442463168538 3.571850061773308 0
3936 3.940907461674546 4.277900243478888 0
3937 4.173471803858847 4.234951715927426 0
3938 4.347146787046668 4.15478022374645 0
3939 4.443830581889351 3.932326291383096 0
3940 4.317448244955479 4.198758520111762 0
3941 3.802009235999551 4.311009640917142 0
3942 4.356026136395505 4.300106785274694 0
3943 4.11436962664471 4.125796718462122 0
3944 3.703849377694781 4.028504524475649 0
3945 3.770498322375857 4.298069703750905 0
3946 3.768664260048734 4.286885441622194 0
3947 3.956370602372562 4.26661091050569 0
3948 4.373333510243409 3.782929164335458 0
3949 3.577509151955384 4.155814518369838 0
3950 3.74202229547829 4.024204287128487 0
3951 3.826956265196329 4.058339441826289 0
3952 3.924684122490375 4.322864752261068 0
3953 3.896741565111869 3.685015259264304 0
3954 3.795390966493882 4.383654955724984 0
3955 3.825876518795265 3.904847641102137 0
3956 3.907500759645666 4.3315338584137 0
3957 6.666666666666669 7.753647208994144 0
3958 6.675498225261865 0.250517901755158 0
3959 4.012979597947507 4.323467873878479 0
3960 3.910789589825446 3.894216790872873 0
3961 3.949282470908147 3.862757366453353 0
3962 3.941601125932704 3.916510625043593 0
3963 4.157502170603776 4.222260750677098 0
3964 4.081040441512945 3.967460486241315 0
3965 3.92947871917834 4.028900181808604 0
3966 4.16614666353387 3.692409122730255 0
3967 3.586887620967223 4.068965466264202 0
3968 3.582289622111982 4.088921112272928 0
3969 3.579094851980551 4.077539419688968 0
3970 3.825109805951561 4.112280564716225 0
3971 3.621348999898824 4.076386822382445 0
3972 3.797560564931335 4.082164156146467 0
3973 3.951768295106225 4.373193581727492 0
3974 3.929187537899522 4.127544236914016 0
3975 4.147577358197776 4.262347700851175 0
3976 3.748863722786748 3.906863966893943 0
3977 3.661632244355001 3.778326881553696 0
3978 3.994211497484543 4.060526913801325 0
3979 3.919768073300858 4.311886051475823 0
3980 4.242299673446803 4.049415859930427 0
3981 7.754428476190293 6.666666666666663 0
3982 3.685208579091134 4.195519695631568 0
3983 3.74279964488003 4.390846492986458 0
3984 3.096126421240546 2.004878280650216 0
3985 3.097471364665598 6.005603829687798 0
3986 3.796536685183787 3.787259156470889 0
3987 3.596011611121554 3.834038971262101 0
3988 3.582543987548225 3.834857843518326 0
3989 3.672365329548652 3.800779633697304 0
3990 4.181317933389898 4.079749019592718 0
3991 0.2678388796396556 1.34489389080818 0
3992 3.623705861453432 4.021398010259289 0
3993 3.975079074711425 3.945705530986933 0
3994 3.917244487284561 3.564067161965681 0
3995 3.851440677226474 3.681819779683992 0
3996 4.187648718743253 4.190441161365973 0
3997 2.573053056998617 3.670755840576709 0
3998 4.442422252797115 4.019551106790401 0
3999 4.313483567086973 4.166481285851113 0
4000 4.253005602915502 3.869449893967916 0
4001 3.676403253228673 3.672445884946274 0
4002 3.668503364885522 4.085438087604234 0
4003 4.19504396183279 4.043201823794279 0
4004 3.733233359521381 4.249881020581994 0
4005 4.367114387989872 3.832811300853313 0
4006 3.65270858214024 3.845621137000924 0
4007 4.037802451232813 3.788982552116511 0
4008 3.856578839843508 3.851344364319754 0
4009 3.693222249035673 4.088592973025737 0
4010 5.930307041480676 6.61763546990255 0
4011 3.748192855152268 3.671030979233623 0
4012 4.27387973084481 4.180204183627228 0
4013 3.792961737795456 4.318664353748943 0
4014 3.643261056790103 4.118100057875276 0
4015 4.337696464195303 4.28547820829154 0
4016 3.674376114855699 3.780018715027827 0
4017 3.652709016607388 3.808104594768014 0
4018 3.76872201777445 4.207572705246232 0
4019 3.708571037657705 4.102892033165267 0
4020 3.828531104663776 3.881599296462186 0
4021 3.785232022268235 4.067017318391041 0
4022 4.186323645467898 3.926020270754024 0
4023 3.612359315899181 4.219601924087731 0
4024 3.618967686308395 3.978212493872277 0
4025 4.40199032839781 4.106934751763684 0
4026 4.677991179638355 1.873778852493448 0
4027 4.989780146501615 6.885519089942181 0
4028 4.150830037235755 4.131203849211468 0
4029 3.821945206766966 4.363618275922367 0
4030 4.138949680481779 4.358399857998007 0
4031 4.370491935747943 4.187268437665244 0
4032 4.350492155536763 4.184319046074885 0
4033 4.011417118312337 3.939718740643444 0
4034 4.091680180718588 4.252553513143607 0
4035 0.2314920487029521 4.623432941237586 0
4036 3.731769720558086 4.07518016007913 0
4037 3.844859897629859 3.908681550581499 0
4038 4.355413071319562 3.757494923932405 0
4039 3.91626660519726 4.180287111225814 0
4040 4.083764171898727 3.751719638875398 0
4041 4.029086483356522 4.219596668808349 0
4042 4.118552397905809 3.658287768966825 0
4043 4.089196059637546 4.307508678969035 0
4044 3.816025087414155 4.094950640460955 0
4045 4.39685783393259 3.773500082142113 0
4046 3.7315621650365 3.689124813053644 0
4047 3.818424657287406 4.272966153452259 0
4048 4.297904509777902 3.834191163064318 0
4049 4.235783796026351 3.822393835241124 0
4050 4.335131468723063 3.960329575299536 0
4051 4.441881527315244 4.099630329546805 0
4052 3.904371577812365 4.34490147768842 0
4053 3.779327482166869 3.717610315274342 0
4054 4.214244731564433 4.029175121546626 0
4055 4.372043374266166 3.92786705039027 0
4056 3.703456380443851 3.705051954150805 0
4057 4.154005666534239 3.909349661087425 0
4058 3.59554144488785 3.854680033254508 0
4059 4.035996232888016 3.800652477141289 0
4060 3.794390792163917 4.059229393947629 0
4061 3.61781693429855 4.064808350979352 0
4062 3.897016507167453 4.181657105305782 0
4063 3.864214418069061 3.967829004149055 0
4064 4.378921465139089 3.990445968732287 0
4065 3.919470040061219 3.506027803407656 0
4066 4.319893504269226 4.186820067409398 0
4067 4.03945872307972 3.763188109887534 0
4068 3.720871164686105 4.137095725744608 0
4069 4.15180147836187 3.939757823854577 0
4070 3.609463814005253 4.04024102498729 0
4071 4.046501844988654 4.294733780937928 0
4072 3.778644750383529 4.086074068392579 0
4073 3.868897049290856 4.02078788957513 0
4074 3.660084283686861 3.798674511715757 0
4075 3.75705465388367 4.207012345301164 0
4076 3.753736325887409 4.236081806597815 0
4077 3.87455475517291 3.824079572000079 0
4078 3.63812717400061 4.058041252622408 0
4079 1.677199509055632 6.672137207701449 0
4080 3.787631030551379 4.351561948936935 0
4081 4.37987838644176 4.151689109065186 0
4082 0.5941371417126198 3.760635590657191 0
4083 4.341823153426239 3.719223940141935 0
4084 3.633887680779555 3.817160323152367 0
4085 3.809030063523816 3.789693927690613 0
4086 4.209633660775989 4.194806416280877 0
4087 0.2412913250660309 5.152830229180176 0
4088 4.180726610251421 3.630475259334458 0
4089 3.89796224504004 4.138819614454454 0
4090 3.838484813761955 4.255940275261527 0
4091 3.921098416326436 3.605480044540395 0
4092 3.785033277076098 3.729266172126186 0
4093 4.109723890445262 3.859619852140493 0
4094 3.797810763608251 3.73146844276136 0
4095 3.920444196081657 3.81036192004869 0
4096 3.634130453919887 3.796258337647036 0
4097 4.433576348112982 3.897886996280358 0
4098 3.757509559624775 4.377612351352515 0
4099 3.694683206041387 3.826536981414864 0
4100 4.092583878140468 4.28020422394601 0
4101 4.198257904598268 3.966134825197583 0
4102 3.974623698106659 4.349419009371411 0
4103 4.29392388305695 3.976515016986107 0
4104 4.087828672389911 3.817493091516672 0
4105 4.274861517751695 4.102900803341831 0
4106 3.967757148600104 3.601510772482524 0
4107 4.096336824543114 4.137317535720012 0
4108 4.064125557585624 3.929533068970006 0
4109 3.760060256114772 4.015585314533362 0
4110 3.95277157814828 3.963765710715811 0
4111 3.807050705669599 4.346398433818357 0
4112 3.777651638074499 4.008840138488023 0
4113 3.76685888414385 4.005880178967458 0
4114 4.069460483290224 4.021276164472958 0
4115 3.662245340895876 4.065400471306821 0
4116 4.281946492999648 3.646130232660138 0
4117 4.33575851666013 3.819462363415917 0
4118 1.952513661598493 4.029471462782996 0
4119 3.996291247197076 4.093753068075827 0
4120 4.015280980484397 3.920809947195127 0
4121 4.268163937431082 3.93808559430185 0
4122 4.080036084811279 3.872407564680319 0
4123 3.808492271171981 4.230059353455561 0
4124 4.285763453378101 3.967400595649137 0
4125 3.751162422363282 3.682181432008661 0
4126 3.737007246507442 3.668536597057718 0
4127 3.729104110153175 3.677142846421324 0
4128 3.862892631132532 4.286699304951926 0
4129 3.864487168889225 4.299380327916457 0
4130 3.99839395816329 4.4097091588816 0
4131 3.722652805149304 4.279761625080088 0
4132 4.334217386760706 3.908211671396391 0
4133 3.660833621161657 3.896410377891463 0
4134 4.277215568679249 3.987320110912697 0
4135 1.369402951779461 1.69734246106058 0
4136 0.7485112230548054 2.365469303754021 0
4137 5.90469621578139 4.921135574910294 0
4138 3.716814287762396 3.636279075937971 0
4139 4.142599825056237 3.706153319525589 0
4140 3.765357077131803 4.027231319202484 0
4141 3.805487920131485 4.334781275813116 0
4142 3.730676723007931 3.711310816740151 0
4143 4.222696037763957 4.271603604882014 0
4144 4.381249225321044 4.104705824918982 0
4145 4.272519377496987 4.023714676987088 0
4146 3.796247198510016 3.872276474756519 0
4147 4.141846309595612 3.649732130996724 0
4148 4.154595057418543 3.648404099366004 0
4149 3.783924296906914 3.99123333333803 0
4150 4.339302722428716 4.188670914586489 0
4151 4.182328760577334 3.807244117811333 0
4152 3.819463520793299 4.172452195272538 0
4153 3.907540838914234 4.016372601313127 0
4154 4.444579137322476 3.956506086693179 0
4155 4.4584240686121 3.955741584089801 0
4156 3.879525155139267 3.841772267848917 0
4157 3.752068413066075 3.823374295063484 0
4158 4.327618731247657 3.851974029264903 0
4159 3.714742518117159 4.330863589969816 0
4160 4.336395649874767 3.788128229306612 0
4161 4.3509556776542 4.086438125861662 0
4162 3.970167277779092 3.881453223304511 0
4163 4.013410448153291 4.425511176776138 0
4164 3.767358896038111 3.665028305286811 0
4165 7.328653588476029 4.165956833275112 0
4166 3.825740881550875 4.330197188755136 0
4167 3.762526783444811 3.845653363663031 0
4168 4.196377871923256 4.223832950899571 0
4169 3.783458026468573 3.615763546968538 0
4170 4.238247070809593 3.750427324413656 0
4171 3.664665353470919 3.991298772617376 0
4172 3.849245768104238 3.70416017681571 0
4173 4.312952021340477 3.983806242767373 0
4174 3.65048489598228 3.828470218979599 0
4175 4.192137152836086 3.690221837292839 0
4176 3.2590458719687 5.421856048712071 0
4177 3.85004516533513 3.647285271114985 0
4178 4.047683262201814 3.729199466223073 0
4179 6.892552721740021 3.332527100772412 0
4180 3.936196978738858 3.731853276577525 0
4181 3.645971720139621 3.909453310391403 0
4182 4.210810659293453 4.23515399004985 0
4183 4.98670960933583 1.163947210580651 0
4184 3.941426352774951 3.714441205017736 0
4185 4.358940811197924 3.971693093899419 0
4186 4.363679695540313 4.234779551587811 0
4187 3.436891678407672 2.944358394385077 0
4188 4.000218340338042 3.656558769690413 0
4189 4.314529947942546 4.014107872136925 0
4190 3.735541131149642 4.194040854947881 0
4191 4.052815752331625 3.776720712004228 0
4192 4.348059303072794 4.063914463963979 0
4193 3.799836739023891 3.604380963003115 0
4194 6.306633467609631 5.66006873273508 0
4195 3.831432219727762 4.287433762373585 0
4196 4.224744290283786 4.340325174279791 0
4197 4.03218428287792 3.591453345018851 0
4198 3.712325291038356 4.144932184482416 0
4199 3.868793617226753 3.672960495851775 0
4200 4.125529671588588 4.106600068312229 0
4201 4.415741685411964 4.19751644759945 0
4202 4.411669735151547 4.183718626970069 0
4203 4.422566596519642 4.172555180767233 0
4204 3.591373892746532 4.048809707405468 0
4205 3.84547965834861 4.243242497954588 0
4206 4.310061764364864 3.678795764665565 0
4207 4.289002920412708 4.290013573787745 0
4208 3.955185837313675 4.171120402095 0
4209 4.042775736256275 3.920793631596237 0
4210 2.618608523747764 6.102938663108963 0
4211 2.61864320931521 1.907322991985894 0
4212 3.995311024045421 3.923002646436478 0
4213 4.063727883740332 4.09976886948539 0
4214 3.852228285119863 4.28294584882271 0
4215 4.004048468222809 3.88093000583748 0
4216 2.800258765894205 5.637480107130409 0
4217 4.37987467108466 3.909010672261288 0
4218 3.875796620023163 4.187159895722613 0
4219 3.743399043454527 4.311335628116462 0
4220 4.178459131540806 3.875351730411336 0
4221 3.604032706916189 3.96370953024654 0
4222 4.128099637355863 4.090629670868146 0
4223 4.027448432898304 4.202419180586605 0
4224 4.023926811055841 4.189823694457358 0
4225 4.316102642666632 4.313730336827057 0
4226 3.61251260971311 1.930848559474273 0
4227 3.621479809111409 6.101976464190782 0
4228 3.92113040702666 4.145895304157652 0
4229 4.262141221046796 3.888324212377733 0
4230 4.191889882955898 4.334071572753421 0
4231 3.727490978788569 4.171896982952146 0
4232 3.789966335009164 4.294739912802167 0
4233 3.888857455796306 3.745385687781003 0
4234 3.754606447052178 4.325585540653762 0
4235 3.94032935866018 3.671565145066929 0
4236 3.564165366474547 4.063564551894426 0
4237 3.552851926141554 4.058075997332049 0
4238 3.780829464356985 4.302424229373644 0
4239 5.742241413677794 0.7205340160378104 0
4240 5.744075988095853 7.286289657772048 0
4241 4.137945041413627 4.22856943352271 0
4242 3.624643380691451 3.913983314962647 0
4243 3.843290859440111 4.195941688542435 0
4244 3.776458669777264 4.269414611577332 0
4245 5.999134707310442 3.317849329343396 0
4246 3.81638703721371 4.130420892060441 0
4247 3.888494005420751 4.015927583373713 0
4248 3.64737254707389 4.147500731515946 0
4249 3.80559496858944 4.111513157671251 0
4250 4.11088570311462 3.977490630095358 0
4251 3.974835065346823 4.054411124818788 0
4252 3.749983589295575 4.057250360197203 0
4253 3.946701705240258 3.693921912217272 0
4254 3.583715071460925 4.057540058378584 0
4255 3.999016398618826 3.863544470989376 0
4256 6.436917377436441 4.261578054519608 0
4257 4.136248858483324 3.609078428353279 0
4258 3.874780649717239 4.248662859243299 0
4259 0.3142322214680324 5.618269022864693 0
4260 3.71776923008002 4.125814194334978 0
4261 4.031494947946713 3.718438462685427 0
4262 3.602419190054505 3.82380832903666 0
4263 6.084957999635932 1.806728643558573 0
4264 5.044082325250998 5.71865313974498 0
4265 0.2717595366835752 7.721832030179955 0
4266 0.2773526243294615 0.2773526243294637 0
4267 3.912608279619338 4.411952277998074 0
4268 3.788910160337283 4.130600226516226 0
4269 4.031661395252717 3.572737517115311 0
4270 3.774388083605908 4.195357988542019 0
4271 3.921169637894935 4.43053800400445 0
4272 4.056829922957219 3.669872549314159 0
4273 4.227808769977335 4.396765107345292 0
4274 3.780587266495533 4.097052730575409 0
4275 3.950538842551484 3.802433911516176 0
4276 3.652673473106947 4.360050571039547 0
4277 3.907493543917613 4.118182259442493 0
4278 3.741286197613178 3.712514129937742 0
4279 4.107088801029699 4.31035844343842 0
4280 3.549894511898091 3.998113043603971 0
4281 4.448721651841109 3.895510248605391 0
4282 3.689218584604566 4.212371108503604 0
4283 1.394408178059219 4.457074669986398 0
4284 3.711794360191215 3.959632600544868 0
4285 3.668821139617162 4.118134684769526 0
4286 4.016401010312503 3.864287513826749 0
4287 1.235753232915365 2.572341330706028 0
4288 4.078758292259657 3.944783442130044 0
4289 3.578413456366123 3.955212090838912 0
4290 4.133763543856626 3.76881199794565 0
4291 4.00781012866065 3.590056683369585 0
4292 3.789590536257269 3.827624992077669 0
4293 4.182233162372379 3.770587543805801 0
4294 3.747214753808492 3.980464066426456 0
4295 0.6905097907953026 6.579457228545481 0
4296 3.840921206107521 4.355601188015017 0
4297 4.025402606624052 3.734986174201038 0
4298 4.330029097075587 3.942732284770222 0
4299 3.874172467126871 4.317226896244474 0
4300 4.07385205137669 3.849320462490072 0
4301 6.117306517182271 4.277896567334563 0
4302 4.349983346391683 4.099743735475282 0
4303 3.942273642934499 3.643706177200515 0
4304 3.782800837813126 3.697226001349472 0
4305 3.892313602605336 3.623548822545792 0
4306 3.674159474606018 4.16114100298161 0
4307 4.359848904449333 4.139089388507758 0
4308 3.78721149556756 4.078317516640194 0
4309 4.156061061017184 4.356268572169789 0
4310 0.6664719966109565 3.282144294799668 0
4311 3.920449872669843 3.66633999577126 0
4312 3.601847899587727 3.844897040182946 0
4313 6.780080283070735 5.865636575726318 0
4314 3.714255429328445 4.256748339402656 0
4315 3.886688991993951 4.262222753223016 0
4316 3.733939746109326 3.657837049276282 0
4317 7.249166778564801 6.919203004323339 0
4318 3.960075519630257 3.650182572808463 0
4319 3.725680808603262 4.159399970341845 0
4320 3.707720637942829 4.200543555308348 0
4321 3.766098335555275 4.342837538158714 0
4322 3.621412420995149 3.835723640549819 0
4323 3.715376485367267 4.048099620918659 0
4324 5.928673903335923 6.114445896929336 0
4325 3.765008311079909 4.071257714649799 0
4326 3.899166546557055 3.590824128949021 0
4327 3.770372785088991 3.675368957295168 0
4328 4.303357972952254 3.824133397740145 0
4329 4.045207811001831 4.159651825007409 0
4330 4.183299758252866 3.751900848780874 0
4331 3.619428404536229 3.892872433389593 0
4332 6.376498407810958 1.390653214331675 0
4333 3.963696482815112 3.623458861284358 0
4334 0.6608086075065085 4.764833900773534 0
4335 3.616448134209677 3.786809649097449 0
4336 4.146390414323326 4.057532742712581 0
4337 4.327608374066062 4.293943877547798 0
4338 0.7748153707704102 1.098883357895383 0
4339 4.386882562690591 4.084738532299393 0
4340 3.674440902305691 4.07621960908001 0
4341 4.410656854243735 3.991604250050443 0
4342 2.344531772640784 5.73309136494397 0
4343 4.1443976904442 3.802663432184448 0
4344 4.148085766486097 4.034846376380222 0
4345 4.330269821101815 3.73429809578197 0
4346 4.180339858269854 3.976902449398889 0
4347 4.004687611916149 4.07636767173653 0
4348 7.755824975846084 1.923260903793744 0
4349 3.659401948566451 3.96914371998204 0
4350 4.272677195987879 3.74459654407412 0
4351 3.816621591812087 3.701855955041683 0
4352 3.685234122622001 4.130266266706671 0
4353 3.785639133156853 4.262345361235374 0
4354 3.121092208637148 6.32079021624261 0
4355 3.171543912490173 1.682480495978548 0
4356 3.650665375206296 3.927292464318647 0
4357 3.799373709647111 3.626805363762302 0
4358 4.41423349072121 4.139005318148727 0
4359 2.229384512314106 4.921302590005872 0
4360 3.950752881993883 4.392570332386994 0
4361 3.886312846377461 3.878051993969554 0
4362 3.946016413469898 4.297744136402671 0
4363 3.635455212769674 3.962429701484497 0
4364 3.812903019524055 4.31488259249897 0
4365 4.148915337631165 3.878665305596983 0
4366 3.625881941083116 4.031614151679921 0
4367 3.72021354658213 4.202565221943464 0
4368 4.240284823462454 4.085616706475107 0
4369 1.434083718760524 1.160839709996063 0
4370 4.359104851161391 3.775348992198882 0
4371 3.822341994212639 4.306793492983745 0
4372 3.705448766404398 4.326042579896861 0
4373 3.693371647113421 4.326253774476642 0
4374 4.364530350534299 4.168270021361889 0
4375 3.947029621504288 3.750675340156756 0
4376 3.837464020923899 3.666151421187925 0
4377 3.974849833113136 3.703265098623964 0
4378 4.12737238866367 3.989453564807627 0
4379 3.966085459455196 3.829673846623718 0
4380 3.633900547349341 4.805585915071485 0
4381 4.420300504667552 4.046812268252264 0
4382 2.346303476973143 2.268862523996649 0
4383 3.923482258049833 3.748443596202449 0
4384 3.804956286337166 3.700774898090804 0
4385 4.08170296863363 4.092456840347944 0
4386 4.251555721547678 3.957286193171011 0
4387 3.780184635599692 3.966849233050113 0
4388 3.995188040673842 1.222761265357889 0
4389 0.5600523915087758 1.933325675509572 0
4390 1.676023059797213 1.381097523243449 0
4391 2.101130266011643 6.844211251411709 0
4392 4.390519471131181 4.124676351820024 0
4393 0.2261314861269272 6.915229197952804 0
4394 3.956457193712424 4.063094051952366 0
4395 3.80971020735765 4.292139381818787 0
4396 4.199729241756979 3.912867617043658 0
4397 4.301559106140132 4.280254807683947 0
4398 4.256839934485305 4.061707655104253 0
4399 4.032510207023176 3.751554631581181 0
4400 4.148494408277826 4.17452808324994 0
4401 3.847607214230466 3.792394571682468 0
4402 3.711262743092155 3.695189129646079 0
4403 0.7637942219363398 6.899865260986667 0
4404 3.857606006026806 4.160533710664004 0
4405 7.354323841623471 3.154220846505976 0
4406 3.971614752306937 3.635137995659593 0
4407 3.930211752449895 4.114428531084636 0
4408 3.788527288286113 4.025278185938443 0
4409 1.353096255072738 6.355456862672625 0
4410 4.430223893290037 3.877266481235706 0
4411 4.442357222014476 3.877989195742486 0
4412 4.382684312543008 3.771601576560844 0
4413 4.376224336521967 3.759765544462248 0
4414 3.548445882927542 4.113507819051036 0
4415 3.548788966302283 4.138005071562278 0
4416 6.33289893192042 4.728246673668962 0
4417 3.620450147509957 3.762061837535965 0
4418 3.677693744107424 4.13897754522432 0
4419 3.924418074845509 4.398336531784419 0
4420 3.805125617798023 3.999465761974 0
4421 3.612150281760335 4.243342746784762 0
4422 3.57358128375928 3.88437615536974 0
4423 4.19348415171622 4.294191404989914 0
4424 3.906401736200118 4.066748657209822 0
4425 7.270923484440393 5.614667431730824 0
4426 3.814084934042387 3.745473467415831 0
4427 3.828489176658856 3.780044837503032 0
4428 4.575306492946617 7.759699756275085 0
4429 4.575306492946573 0.2403002437249113 0
4430 3.929762158791421 4.437576894987064 0
4431 3.959259893380969 4.135542641959028 0
4432 3.670261411893422 3.822531248607462 0
4433 3.741440065156325 3.64885339501844 0
4434 3.735324199521929 3.636541522245945 0
4435 3.744489304007141 3.629546380796817 0
4436 3.826267831276392 3.959166122975091 0
4437 4.003603794579601 4.444645285807571 0
4438 3.978182487420121 3.832615293524606 0
4439 4.304811655467118 3.975119350487891 0
4440 4.13244858042416 3.930977517035223 0
4441 4.370944769063698 4.133874761964567 0
4442 3.824798640168846 4.100397039059827 0
4443 3.888822957642077 4.191874353704211 0
4444 3.855349050332522 4.319656504619234 0
4445 3.907353545405168 4.054294550264189 0
4446 4.369245313804473 3.917350524150663 0
4447 4.401387961485807 4.053103491154381 0
4448 3.560960055774823 3.971259788901394 0
4449 4.105424346887396 4.255711213606188 0
4450 3.775064715562634 4.334709815531936 0
4451 3.840841479931304 3.999266021933326 0
4452 4.278980232262172 3.899497180544587 0
4453 3.949800861713723 4.335133664774157 0
4454 3.685002866090844 4.098470297353468 0
4455 3.799706449567237 3.945520615023771 0
4456 3.793043117776474 3.891181503993418 0
4457 3.687942742134345 3.868381945289502 0
4458 3.85679999302856 3.99036873442555 0
4459 4.343748071269508 3.764063603401556 0
4460 3.944597240624436 3.583561243317492 0
4461 3.797660206405146 4.276989346556261 0
4462 4.425961250200465 3.907466212580105 0
4463 3.975921124793298 3.926291563940328 0
4464 3.731683146823467 4.019743887703167 0
4465 4.22056152541106 4.196533611339618 0
4466 3.74267423938779 3.853220818378811 0
4467 4.344588535121975 4.165878247667111 0
4468 7.726752681868238 0.2620650783108358 0
4469 7.732034933161106 7.724863409274282 0
4470 4.16422603159072 4.160601948452856 0
4471 4.258150351453608 4.333390904339991 0
4472 4.059937061157297 3.837095455228407 0
4473 3.585931383603741 3.897241445841436 0
4474 3.690723881700168 6.846121287143476 0
4475 3.65695065030244 4.08373749771846 0
4476 3.834574559082603 4.321578265255442 0
4477 3.835808569247057 4.185784248028006 0
4478 3.832015124100653 3.636271338189616 0
4479 3.601071505644517 4.185710926710121 0
4480 4.042531413442948 3.958081662805686 0
4481 4.401327449919226 3.944971100722549 0
4482 4.184466952275908 3.640089972268701 0
4483 3.997608127160679 4.256877640412366 0
4484 3.820490649261058 3.734890238300824 0
4485 2.501761361162203 7.789441845052293 0
4486 2.493502055845622 0.226039880103956 0
4487 3.723930720024126 4.084380209799416 0
4488 4.235037459168288 3.738631099878078 0
4489 6.781593390453914 4.541842989249806 0
4490 3.853585182614964 4.424254246488617 0
4491 2.348415664510338 3.266405541792747 0
4492 4.226693807684573 4.186977240514576 0
4493 3.921867906569585 3.770511633219477 0
4494 4.141263794838838 4.081050102985942 0
4495 4.136551581013471 4.051923247511899 0
4496 3.747067528248997 3.887899169792598 0
4497 2.676758309506791 4.161406683067491 0
4498 3.964563512488077 3.848697752836776 0
4499 3.569907530653392 4.044253691350887 0
4500 3.91620565746181 4.097437421882312 0
4501 4.298596339070525 4.147939428239464 0
4502 3.942745941120371 4.248839278261855 0
4503 6.144968183248606 0.5263348831073094 0
4504 6.142222587129949 7.47381314311586 0
4505 3.624609079041083 3.998726639038882 0
4506 3.810933613941046 4.021164070285611 0
4507 3.629913970792398 3.938789512703552 0
4508 3.868576129893559 4.266625584798467 0
4509 4.081370548078275 4.16797281774819 0
4510 3.861015758648474 4.231176988972688 0
4511 3.871286647725096 4.225251253301793 0
4512 0.2288872603745857 3.384492452320096 0
4513 7.761911816519445 5.453385145352859 0
4514 4.044137890239129 4.31414685815965 0
4515 3.721282321616268 3.654737866606542 0
4516 3.733479366979514 3.886552708783873 0
4517 4.044683842835821 3.609285113433752 0
4518 3.048896831013668 4.462195521692774 0
4519 3.759898939911256 4.090367563376851 0
4520 3.591494377870895 4.025463215700484 0
4521 3.919109838865094 4.070147814241526 0
4522 3.800149275402405 4.17736064643507 0
4523 3.894754579834826 3.860955323053517 0
4524 3.777839643427568 4.280208547232962 0
4525 7.761344475550903 4.542405827699738 0
4526 4.306135344433039 3.764637529116413 0
4527 4.336259543934676 3.685890575582729 0
4528 4.145480960123782 3.859680073469602 0
4529 3.842135902547415 3.597563205696468 0
4530 4.339685611410226 4.116362240724937 0
4531 4.005805726584143 4.298225170281407 0
4532 6.642157210022305 7.298571804066913 0
4533 6.65398941367558 0.7130438545906812 0
4534 4.244901322528357 3.833741263043811 0
4535 3.860168794214012 4.04374850882356 0
4536 3.855551915358659 4.368605625148708 0
4537 4.181883294283601 4.014370518818857 0
4538 4.194451578488722 4.092999457065378 0
4539 3.69739197236466 4.007869321063933 0
4540 5.055290748409621 2.631914745874188 0
4541 3.685476962399634 4.0204577534569 0
4542 3.874890220595594 4.336530823389174 0
4543 3.886034134797947 4.336093506071748 0
4544 4.189226280506333 4.002732339833448 0
4545 3.890276649973419 3.897095992308743 0
4546 3.751360184807953 3.995435561912836 0
4547 3.586944831978919 3.937360861678913 0
4548 3.763516139110393 3.622375954162145 0
4549 4.188213882657383 0.6139201043350218 0
4550 4.191636609252951 7.387571503057481 0
4551 4.39085210919874 4.1929118768898 0
4552 4.174004101406579 3.648945691935967 0
4553 3.974146486695635 4.300052557728302 0
4554 3.771560544240635 4.051653944581861 0
4555 4.199713637811809 4.252133351138359 0
4556 3.850907827891612 3.778896676154325 0
4557 3.574648104872248 4.096191063429846 0
4558 4.071165594598554 4.282606559799771 0
4559 6.93301384378961 0.227972489368554 0
4560 6.943180355334825 7.732049685999183 0
4561 4.357768523774689 3.851990802589441 0
4562 3.824914146361875 4.417004604752011 0
4563 3.813646889340839 4.414133370571151 0
4564 3.970349018894392 3.582373043259209 0
4565 3.574157143791585 3.858142184095914 0
4566 3.603737658014651 3.86459957909645 0
4567 3.953130778496233 4.353041262545437 0
4568 3.938652016057441 3.944728699554441 0
4569 3.936042086070554 3.954924306343266 0
4570 7.30197241695563 6.647885182066497 0
4571 4.21638710964934 3.785458506125261 0
4572 3.89917615530329 3.84786209008006 0
4573 4.241926378466953 4.19579479862573 0
4574 3.587212879246043 4.014087067176005 0
4575 3.819333916014056 3.62129017374757 0
4576 3.975842953684877 4.094180699085734 0
4577 3.95453658108626 3.908448658673655 0
4578 3.758901542693993 2.420366858980802 0
4579 4.006345042890276 4.2870576796813 0
4580 4.333279963665357 4.170243288157708 0
4581 3.910172749947465 4.433694860380739 0
4582 3.810171113124624 4.154060978346473 0
4583 3.983453788904747 4.109825701312654 0
4584 4.364319766826648 3.935427571688856 0
4585 3.958192536625334 4.405680409802973 0
4586 3.940158552007506 4.358069320835205 0
4587 3.999147026736213 4.336770791919629 0
4588 3.808641446186727 4.281085151355615 0
4589 4.151140486804691 3.829398104000833 0
4590 1.359560839398639 5.362807363490685 0
4591 2.200369327351372 1.572261996302053 0
4592 4.1834667879971 3.661155989087181 0
4593 4.314802226378498 4.250738196521898 0
4594 3.9770566281527 4.185726567269238 0
4595 3.798657545340113 4.09367545145812 0
4596 3.683279132472568 3.931706069557077 0
4597 3.802764318632389 4.249019739150619 0
4598 4.210022705182047 3.79455613724362 0
4599 2.333712107169842 7.359042408633062 0
4600 3.651305882105208 4.00827186640289 0
4601 4.407462510536103 3.881041863488642 0
4602 3.805479735412261 4.259286411374839 0
4603 3.97111329424438 4.208051012490403 0
4604 3.746766074096864 4.358856148297185 0
4605 3.978768001417564 4.33267477069091 0
4606 3.910762368496692 3.905141420933554 0
4607 3.796517273327603 4.006594273127938 0
4608 4.316883019519683 3.747722903019954 0
4609 5.480730955297547 6.861740319048167 0
4610 3.915250745651722 3.860737571602081 0
4611 6.938301882295636 0.7320862059763336 0
4612 6.91897676680181 7.252535788036437 0
4613 4.257110987088197 4.355103449227783 0
4614 4.308836582308603 4.324742202920049 0
4615 4.329740933803186 4.089223722731928 0
4616 4.136976579477309 4.424740705320051 0
4617 3.909099781891387 3.648690613825932 0
4618 4.239398424326267 3.989282377995315 0
4619 3.821764999140506 3.656310117557775 0
4620 4.177741374443932 3.863954222091912 0
4621 0.2669873894909855 5.902468173967733 0
4622 3.190291387628257 6.900838861752817 0
4623 4.320141997544072 4.11599968017631 0
4624 1.225873623386997 6.803451510411207 0
4625 3.697206780759121 3.947925085244136 0
4626 4.258313045850947 3.995814140863717 0
4627 3.876706793064381 4.259109947749368 0
4628 3.549783890354616 4.463918968912138 0
4629 4.384938570954235 3.976837844422618 0
4630 7.76005742486787 1.043651254258583 0
4631 3.772149287920473 3.694192254224195 0
4632 4.335805218011624 3.746327670241388 0
4633 1.056890479553061 7.765186426212229 0
4634 1.056890479553042 0.2348135737877639 0
4635 3.858444172691659 4.347945952084952 0
4636 7.768924942685038 6.929064115757242 0
4637 4.137774498252691 3.843589230987425 0
4638 3.880585818881779 4.209439782487862 0
4639 3.733373879261884 3.984285650055575 0
4640 4.007570526459188 4.21988727477689 0
4641 4.159343945133177 4.091451778707329 0
4642 4.178920525785403 4.225790787841626 0
4643 4.143182798576898 3.597762433321078 0
4644 4.106856303963285 3.688698263815197 0
4645 3.715120411388057 4.342602613747715 0
4646 3.701142772266182 4.349223174478825 0
4647 3.925997174620203 4.184649644842321 0
4648 3.88957950589565 4.273173187256097 0
4649 4.155603345004705 4.051474918080321 0
4650 3.899500358101198 3.769179143392545 0
4651 4.237839658540987 4.322852007151061 0
4652 3.944522039270133 3.553135127822276 0
4653 3.95234302613711 3.54223781717715 0
4654 4.162774563147122 3.815476297661826 0
4655 5.751233844219701 4.000996397617001 0
4656 4.2251788358383 3.93250056936721 0
4657 4.018328386228651 3.668242272996393 0
4658 3.70969429264813 4.069777492477524 0
4659 0.7374700761178303 5.67000413648505 0
4660 3.955489778909606 3.92922410039439 0
4661 3.570544787205392 4.023040643136495 0
4662 2.715076754080143 4.729666844379176 0
4663 3.914341145268418 4.386039612352858 0
4664 7.753072072544267 6.120963574509558 0
4665 3.850058649954155 4.272185150356106 0
4666 4.033645291373211 2.972718075805846 0
4667 3.72958310578049 3.85290140541299 0
4668 4.081617006842099 4.14916980891882 0
4669 4.252349116113023 3.817164379399132 0
4670 3.983893228708029 3.765476301978221 0
4671 3.943737519563344 3.847000841513021 0
4672 3.5934057362097 4.195127417415542 0
4673 3.596548777660278 4.204271877151552 0
4674 5.434193351785543 1.097860347937577 0
4675 4.090652444439907 3.770880390523143 0
4676 6.798117583866854 5.501942270581978 0
4677 3.840311780854811 4.227026606452664 0
4678 3.944197001864687 3.983348963209314 0
4679 4.061325161997994 3.915167667935032 0
4680 3.734970224313555 4.32920870357983 0
4681 3.725290360157458 4.258414803019558 0
4682 4.02782997512868 3.652248629071103 0
4683 2.874951290474735 2.147630994959028 0
4684 3.893245325689397 4.171960308039984 0
4685 4.256297282231399 3.92639656962329 0
4686 0.2626585507876129 0.6358805714157021 0
4687 4.26623896292687 4.096981146772946 0
4688 3.797764605863351 4.226852443504466 0
4689 3.766466823460699 3.877513735256113 0
4690 3.978812543987871 3.5741925619334 0
4691 4.154914232927449 3.797347061533531 0
4692 3.927396976776208 3.973001158825459 0
4693 3.771310495675788 4.38171600625895 0
4694 4.109042198788984 3.577194328425017 0
4695 3.719504386713103 3.875502824518333 0
4696 3.446285397595979 4.027772079998774 0
4697 3.773980439793104 4.103861168887713 0
4698 3.724506922155947 4.324891816648586 0
4699 3.81327491757638 3.822991228267571 0
4700 3.854535649530062 4.30662572256355 0
4701 4.018297275329911 3.797659850001782 0
4702 3.966182078297239 4.435709527819812 0
4703 4.165451897499872 4.214503810463412 0
4704 4.420693900694197 4.099663654189116 0
4705 4.041655618368631 3.719189053179333 0
4706 3.87944809309129 4.024217623112684 0
4707 4.081592034769763 3.71835508299353 0
4708 3.984510600723977 4.244464660395214 0
4709 3.663738037256386 3.876242786164375 0
4710 4.201971539492519 4.284975279869292 0
4711 3.888427744688375 4.320625269070788 0
4712 4.154282846903603 3.762983339790926 0
4713 3.982805367206364 3.881396289472517 0
4714 4.126492406119922 3.797589466228751 0
4715 4.264133376788108 3.775653667835754 0
4716 4.149612788757179 3.777034120407317 0
4717 4.258741703117032 3.748840026573206 0
4718 4.179672296034479 3.844719646376441 0
4719 4.442956059747527 3.846292188984044 0
4720 4.504194340888256 1.357472254046543 0
4721 3.802627577029414 3.964121908778726 0
4722 3.692301260249995 3.915142412164896 0
4723 5.157624226128556 6.159969836236545 0
4724 3.889894356239588 4.10687554752344 0
4725 4.353264611130052 3.709516336088882 0
4726 4.374911223589503 3.696327881496444 0
4727 3.886447933364666 4.085985540010581 0
4728 3.835469870922958 3.748189894347372 0
4729 3.999750716945499 4.23579963507497 0
4730 4.094961701293328 3.844908389975402 0
4731 3.952701104746097 3.590181160839964 0
4732 4.04699455381928 3.876145220655371 0
4733 3.99451336762535 3.560502943005225 0
4734 4.359320982732156 4.190833388592751 0
4735 3.724075400854796 3.895628797919078 0
4736 4.242182326355636 3.912546897524672 0
4737 4.12977003076936 3.696206236196644 0
4738 3.672243165426244 3.855375717152342 0
4739 3.833630281568503 3.614566936873316 0
4740 7.370124482388823 5.268166554302955 0
4741 3.658828740252086 4.270088186132851 0
4742 4.293920506926159 4.165014245210783 0
4743 3.563989614604369 4.093811649189256 0
4744 3.560333221047951 4.083364097850245 0
4745 3.888509929063081 3.649771480704303 0
4746 4.340137999464212 4.105456303729934 0
4747 3.930650854200953 3.831193099985863 0
4748 4.180831659310084 4.031218203659019 0
4749 4.353608857813117 4.041397929087886 0
4750 4.597835893489553 3.839175409131558 0
4751 4.344856106629844 3.864148783121243 0
4752 4.290242809690376 3.987495617899349 0
4753 4.24535827089574 4.342026197589463 0
4754 5.337798175549202 6.557690086535537 0
4755 3.831772309427329 3.942877775034175 0
4756 1.939228173088142 4.473579830916885 0
4757 3.854312032527475 3.813478332943085 0
4758 4.463196579546115 3.703777377612873 0
4759 3.891878813423746 4.243731086376526 0
4760 3.929088552324866 3.929518032542349 0
4761 3.92005220625187 3.923403047909741 0
4762 4.263507494251693 4.231748336709253 0
4763 3.717902283865698 4.060556170422648 0
4764 6.547710885065635 5.39410204466952 0
4765 4.174340522353636 3.958316006673285 0
4766 3.691668623252534 4.173433490611982 0
4767 4.020318676698711 4.28400601701276 0
4768 1.932988379142631 7.782579771654964 0
4769 1.916637359210094 0.2514058371749925 0
4770 3.906392190140033 3.668545910501979 0
4771 4.255197517495636 4.133857412991109 0
4772 3.870152538509943 3.732480186394747 0
4773 4.073031881085478 4.330569657243535 0
4774 4.120167342315035 3.879641604216598 0
4775 3.733313664628352 4.307677955692433 0
4776 3.817109633297694 3.932668734830291 0
4777 3.151480012690482 4.916744901579111 0
4778 4.062086435485256 4.337106944127266 0
4779 4.202205079591119 3.752935809380285 0
4780 3.97658856591359 4.31089958766302 0
4781 4.308204440705532 3.860631963314066 0
4782 4.23236446631788 3.874707364435989 0
4783 4.420961585842688 4.008399081480951 0
4784 3.844745376716888 3.578854548053688 0
4785 4.129148097051633 4.068704898263446 0
4786 3.875211834606625 3.882066285911425 0
4787 3.904912867063943 3.797704724438967 0
4788 6.824197808235896 1.202709135523433 0
4789 4.200269132695309 4.025400096843866 0
4790 4.070343104891396 3.565927681015784 0
4791 4.345506047074813 3.983123396806779 0
4792 4.181358936529255 4.42956178587525 0
4793 3.843190680414564 4.290763611293572 0
4794 3.775904738815756 3.625380871300601 0
4795 4.406508862840907 3.914419782260941 0
4796 4.305252111934352 3.936028710329724 0
4797 4.303796756435644 3.95837204925869 0
4798 4.408956238054797 3.930593906999454 0
4799 3.845820020732724 4.335620749677004 0
4800 4.055223895540183 4.231257160565597 0
4801 3.754434383392665 4.271734492722268 0
4802 4.047789075986482 3.909847244955929 0
4803 2.692407631839942 0.6330314521609988 0
4804 3.244414506616963 2.526488296831638 0
4805 4.440283077553725 3.542302425807458 0
4806 4.357992864302398 3.915198931635929 0
4807 4.374003535676232 4.009513315193822 0
4808 2.37441072075026 5.994584830070929 0
4809 0.2321376820623646 1.096235510768102 0
4810 3.934998044857985 4.175800747257239 0
4811 4.191978104146475 3.80157413187319 0
4812 2.844156340227782 5.914265473849012 0
4813 4.109306102501693 4.101374535478237 0
4814 4.225796322620002 3.803901688304216 0
4815 3.624558266673112 4.224498259024168 0
4816 3.587695804410734 7.145664373342095 0
4817 3.661586345705291 0.8881859209070253 0
4818 3.824438559752742 4.184337055694511 0
4819 4.350563138278766 4.122180182768608 0
4820 2.375789019778849 2.007729817018212 0
4821 3.805644165465227 4.208111428141168 0
4822 3.824112022388866 3.995438759277441 0
4823 4.317716802479754 4.002341492405281 0
4824 3.75046819857817 3.971085069733814 0
4825 3.767961806733671 4.082403259420291 0
4826 4.201881122422998 3.81132836230979 0
4827 3.681451054371716 4.151339114356426 0
4828 4.350260775071296 4.133055277934644 0
4829 4.065837785721335 3.609197068524787 0
4830 4.294617729556642 4.332242973090223 0
4831 3.903455653560041 4.286064748580259 0
4832 3.70021347615616 4.142896117936846 0
4833 4.318234786295979 4.273698083348457 0
4834 3.693622423723706 4.248942714534022 0
4835 4.03150798544263 4.09305637501395 0
4836 1.922990281321951 3.118994754058363 0
4837 3.960172359369455 3.85914996368232 0
4838 3.964658545890112 4.190759713830413 0
4839 3.823895751309775 3.582220730133977 0
4840 3.83299798901825 3.569715364601204 0
4841 3.833942610470757 3.531989693437738 0
4842 4.130888602952673 4.151703777153529 0
4843 4.36057762428584 4.075974146725979 0
4844 3.624055727526368 3.877384714701157 0
4845 4.377589429458872 3.893948627623251 0
4846 4.360544647890141 4.116960994051622 0
4847 3.698151974432959 3.992219296161365 0
4848 3.958583240675646 4.426192655414029 0
4849 4.35800684846413 4.150155467954843 0
4850 4.114661392394297 3.73610880222958 0
4851 4.126700434950636 3.738390483566701 0
4852 3.869920904581718 4.395232425878471 0
4853 4.065348718499862 4.315075712283305 0
4854 3.921000058393953 4.204901760453791 0
4855 4.162657869351185 3.535571349597161 0
4856 4.415773402923607 4.066477520132685 0
4857 3.572759147236068 4.055129586595427 0
4858 3.990157943138122 4.15154478566886 0
4859 4.268814013212077 4.318729926074489 0
4860 1.321992810732635 7.306974539074726 0
4861 1.075208573573333 7.260492809257787 0
4862 4.339686059970247 4.137514851251825 0
4863 4.183684254623318 3.70566825837698 0
4864 0.2400008438954333 7.393781855339579 0
4865 3.639112048479779 4.576964381403345 0
4866 4.219210341609931 4.321073127110128 0
4867 3.779086935188166 4.147659648668608 0
4868 3.844932964775746 3.874682031191986 0
4869 4.052493029814722 3.897196770057203 0
4870 3.902848359076308 4.228352720623715 0
4871 3.964862800793837 3.758914783782855 0
4872 3.953603567258413 4.036763207797887 0
4873 4.197698846442415 3.93272704862784 0
4874 4.208525338834675 3.6425234345685 0
4875 4.090137431541982 4.223780098596286 0
4876 4.06418275266849 4.084503801915658 0
4877 4.365958480858728 3.813454298355006 0
4878 3.816889158428603 4.081042979880781 0
4879 3.968078694633929 3.867718845371425 0
4880 3.735237179681048 4.043674802866886 0
4881 3.771133836004404 3.913291453032838 0
4882 4.308190455780145 4.292580361640136 0
4883 3.978281918721216 3.747773251247965 0
4884 4.077245187783818 3.671459670992222 0
4885 4.307260758211586 3.752221333734176 0
4886 5.348643013719435 2.217319783404815 0
4887 4.225947773502294 4.098286560592266 0
4888 4.22905926672796 4.119134246516602 0
4889 6.368241443771569 6.64109227111662 0
4890 3.896900102368623 4.377579019028758 0
4891 4.281697307758705 4.159201294673813 0
4892 4.194884469348761 3.944016105176631 0
4893 3.843746124720548 4.176538655088686 0
4894 4.306413216816555 4.067101086598463 0
4895 3.785536360668272 4.001690551408541 0
4896 4.051104788836978 3.745940020445573 0
4897 4.033346423322416 4.156124538550579 0
4898 3.955119434703765 3.568084177275388 0
4899 4.031742277161694 4.050791603826233 0
4900 4.043198271073896 3.939526582224421 0
4901 4.038625178476439 3.884296117439798 0
4902 2.85490050601199 6.577174196760609 0
4903 2.851290971830383 1.424645685078191 0
4904 4.088271416375692 3.639995818048438 0
4905 3.575756472701282 4.034079532525478 0
4906 4.364339311199002 3.762860133967157 0
4907 3.824618742428524 4.01364917819166 0
4908 4.139771730336733 4.167152604576211 0
4909 4.514486734837721 3.726050970743697 0
4910 3.228629727570259 1.069184301064545 0
4911 3.590343388213099 3.784380213988807 0
4912 3.827923484544807 4.166629259782679 0
4913 3.975071876489354 4.165927439489008 0
4914 4.384743768302291 4.169822523673872 0
4915 4.212413138106678 4.108307715284883 0
4916 3.65000379373216 3.937725710513319 0
4917 3.798808415849008 3.926254070558976 0
4918 4.119996934147283 4.156235934762511 0
4919 3.994849317894603 3.584153037342213 0
4920 4.395154118745617 3.896020946393647 0
4921 3.595665203637803 3.900869891674649 0
4922 4.13179872445673 3.722901844232702 0
4923 4.0191339668526 4.225521047768692 0
4924 3.893363739607879 4.39175764183567 0
4925 3.714965206243613 4.309176467031097 0
4926 4.153510787237646 4.152970937920877 0
4927 3.815661937666577 3.86512541131416 0
4928 1.458605718506304 0.4919557786310751 0
4929 3.894519760995308 3.986362578783871 0
4930 4.616114890380693 2.325996893419019 0
4931 6.567938813989542 2.549593831753049 0
4932 4.153245704081393 4.000979372482537 0
4933 1.473373355090622 1.933341009234832 0
4934 3.863527410220927 3.681390667036033 0
4935 3.671178839995393 4.002013654679048 0
4936 4.107918214523515 4.067568387696626 0
4937 3.905912398834184 3.757887287914145 0
4938 3.852051510192921 3.735355111436672 0
4939 4.757148059569197 0.6766803993936636 0
4940 4.78305939867639 7.329675503032187 0
4941 3.822674482869929 3.804326192709758 0
4942 4.423715046974584 4.077766884172728 0
4943 1.074880582598147 0.7495296673265801 0
4944 3.98937871444474 3.627826883563074 0
4945 4.235515417683015 3.809625627770999 0
4946 3.890699917746316 3.525161663954353 0
4947 3.771367447881788 4.249809154963939 0
4948 3.947227558007258 4.287259330606758 0
4949 3.936512026835258 4.063247889087928 0
4950 4.040226903176735 3.836337413732999 0
4951 4.045804751641582 4.433506297037971 0
4952 3.877664977532922 4.386189430791685 0
4953 4.146487764730847 4.207580001365566 0
4954 3.863961355587715 3.584399897383518 0
4955 7.762743749951696 7.397618629533065 0
4956 4.091800098990051 3.699314741835396 0
4957 4.02546687430887 3.913006593904895 0
4958 3.726540053523243 4.346326559651311 0
4959 4.335178089949537 3.869561164680731 0
4960 3.744472734780978 4.035469159830911 0
4961 4.014146207720852 3.641855081037092 0
4962 3.907258437951623 4.1861360563393 0
4963 5.713762163465942 3.262984164613163 0
4964 4.167799934491378 3.782439422012816 0
4965 3.73259808191271 4.00886348012909 0
4966 4.119966632454602 3.578698791361958 0
4967 2.209371248353923 4.482909461214725 0
4968 3.954852402649414 3.678378564498344 0
4969 4.617968142773415 5.713905902767783 0
4970 2.676879639846216 7.384573287737775 0
4971 3.833340962264582 4.430591516388803 0
4972 3.846285768248794 4.435810379032985 0
4973 3.848588923452138 4.058597360699447 0
4974 3.599091813161638 3.881682081960517 0
4975 4.075983900910267 4.003667272807196 0
4976 0.6625373435306616 7.403495446675029 0
4977 0.7047848242709733 0.5885326047840267 0
4978 6.00234174791701 3.603667423062484 0
4979 1.523770962818364 4.228100481660094 0
4980 2.429754454649378 6.860242876306453 0
4981 4.301225691580012 4.077977969029209 0
4982 3.861800497788024 3.905549042134148 0
4983 4.131189792373926 3.970764231489984 0
4984 3.897641189790332 4.019411445519147 0
4985 4.060256121684047 3.617496034542631 0
4986 3.851515585919886 4.356980708510391 0
4987 4.116081294005258 3.639716157613216 0
4988 4.076698277633304 4.048840875689151 0
4989 3.705857202309648 3.903599346174439 0
4990 4.1340885949912 3.642400425451418 0
4991 4.057278978243167 3.947262251951907 0
4992 3.88999479805164 3.944382205188102 0
4993 4.232444789398667 4.227915977237479 0
4994 3.921277216607389 4.248286917650774 0
4995 7.276399001928715 1.054863631839447 0
4996 7.321109705411517 1.308163146355767 0
4997 3.817868399359965 3.879161288301087 0
4998 4.057584279616067 4.00743371238656 0
4999 6.815446809818952 6.805363042092361 0
5000 1.083256896452707 5.917668097798419 0
5001 4.196114315490624 4.389117038479855 0
5002 4.126468156994626 3.809923790454222 0
5003 5.363920472880203 4.669904384537414 0
5004 3.811413277378416 4.240911212078079 0
5005 0.997041516090619 4.208049642250481 0
5006 4.219759309082185 4.147866241121 0
5007 3.712283804654994 4.008189110292524 0
5008 3.839959109639697 4.026916101911667 0
5009 3.747306727959285 4.087869634637745 0
5010 3.934000502591904 4.382429869200525 0
5011 4.272762298674007 3.868100802441838 0
5012 3.66251254974369 3.858739113490835 0
5013 3.814691131910512 3.899729084151119 0
5014 4.30934306679324 4.120973839150284 0
5015 3.932173732775851 4.260841967935046 0
5016 3.788509958042271 4.283996691064583 0
5017 3.82346548884281 4.242471406958781 0
5018 3.944301986444156 3.769326121360695 0
5019 3.88631352643716 3.866901392667712 0
5020 4.238992613785647 4.168785044532481 0
5021 4.066709257905716 3.576032095040375 0
5022 4.395221265680117 4.032513055808207 0
5023 4.059764830343201 4.192954158740439 0
5024 4.163279301874232 4.31319347813484 0
5025 4.943030362621002 3.369649185570426 0
5026 4.104460954093697 3.745039318192688 0
5027 3.756163024959023 3.631663757812359 0
5028 4.062713393703858 4.380362896246369 0
5029 0.9606123764558241 2.968117910903554 0
5030 4.066606004956451 4.208583156184209 0
5031 1.557582172154954 3.37632971013452 0
5032 3.713912430098543 3.663005881881388 0
5033 3.737740632883011 4.175625009132266 0
5034 3.923929427046287 4.340717628331141 0
5035 3.908358766213939 3.967320232452661 0
5036 3.707718119632119 3.861434781989928 0
5037 3.933689785480239 4.146419366610488 0
5038 3.845666052677499 4.114446286875144 0
5039 2.835391390786728 5.189581969940837 0
5040 4.060990989555995 3.560275654252404 0
5041 3.643391126875695 3.955184726664151 0
5042 3.641767672698767 4.252094083080149 0
5043 3.597167159970552 4.175865452563275 0
5044 3.57819842294521 4.142639506806464 0
5045 3.697336220393572 3.683895715922957 0
5046 4.281965223009395 3.950578146879039 0
5047 3.716033176598389 4.154995341070682 0
5048 3.968333516384262 4.074091155706105 0
5049 3.823367308041334 3.690033142397394 0
5050 3.788353425943467 3.547785462711452 0
5051 3.817471541755414 4.031384414763507 0
5052 3.656190041259669 3.906730090995916 0
5053 4.123147447705813 3.646546379311622 0
5054 4.126340100955993 3.847541295635046 0
5055 3.753045992803627 4.152979611746694 0
5056 4.088741228977221 4.042691895344902 0
5057 4.383610322057888 3.944450748074782 0
5058 4.078026528395151 4.187265048359564 0
5059 4.265098939912661 3.765543167066819 0
5060 4.292299515686275 4.260844642660764 0
5061 4.138855825644673 3.879741005246959 0
5062 4.156878764696993 4.041098619746467 0
5063 3.978271610772618 3.859676910660057 0
5064 1.518603178390833 4.686557685300825 0
5065 3.790056238377729 4.393236701930629 0
5066 4.265991683733749 4.014765977610226 0
5067 4.135522439056407 3.863927212564488 0
5068 4.296299254335253 3.89334422023248 0
5069 4.021299118776155 3.889849733268546 0
5070 4.027998768938021 4.407759042958411 0
5071 6.576593724517132 2.035932780939397 0
5072 6.845758265985244 2.085260016688169 0
5073 3.937814800241306 4.197120173238209 0
5074 4.391274436075226 4.073473496879966 0
5075 5.283140690203577 3.872944952778112 0
5076 3.922215577004144 4.163226240224204 0
5077 3.927422956444475 3.860618668654151 0
5078 4.269126592383487 3.915392015845744 0
5079 6.704774342572911 4.972303267684065 0
5080 3.808152536347936 3.916066928618236 0
5081 4.1648604836167 3.861246521386549 0
5082 4.164552896635015 3.925157816600687 0
5083 4.250839899423797 3.882002447920231 0
5084 4.105223430050101 3.893765630370839 0
5085 4.157261014221332 4.325882490846507 0
5086 3.796527606876832 4.266308008338855 0
5087 3.810605512081119 3.683086779464633 0
5088 3.877655366078914 3.946680283758547 0
5089 3.72418428680767 4.313975668301926 0
5090 4.287198388779315 3.878827738014066 0
5091 3.873270765771511 3.992167412232116 0
5092 3.435625437990546 3.372615982098657 0
5093 6.619575363162889 1.625972613315937 0
5094 4.08076363087309 3.592770942851599 0
5095 4.271616496406964 4.141998757730414 0
5096 1.959764742816984 3.541493403298995 0
5097 3.568840067775194 4.134372120501357 0
5098 3.93404728480919 3.591181963767352 0
5099 3.957217732406852 4.304208179353313 0
5100 4.133669658419623 4.130277152951335 0
5101 0.9627150917282803 1.834136617950844 0
5102 4.135558123804367 3.79294939891779 0
5103 5.529853749930441 6.354804338575439 0
5104 4.23990377983764 4.068279252050123 0
5105 4.002452068742882 7.784058801804649 0
5106 4.003840099919914 0.2138789954638805 0
5107 4.536820607165219 4.053882541723024 0
5108 4.317206251236167 3.949750863257024 0
5109 4.108577811718024 3.990480946647831 0
5110 3.795390930280617 3.979410716199115 0
5111 4.218141688023242 4.018673352077399 0
5112 4.199393035081502 4.139520549477718 0
5113 3.551394036842606 3.910384183155237 0
5114 3.554768374187312 3.922476262254256 0
5115 3.606675342232714 3.804427349871297 0
5116 4.035614876617759 4.12742155619787 0
5117 3.983626092938031 4.441852515645121 0
5118 3.862374841898756 3.795106115318997 0
5119 3.815041386681334 3.6367054984458 0
5120 3.923129087994471 3.58316129523287 0
5121 7.407719480259063 0.234140455993459 0
5122 7.407485972654364 7.750474822427469 0
5123 4.17603713605902 4.176399119397948 0
5124 4.425709143405588 3.887917623337296 0
5125 3.642001106348358 3.921986800044925 0
5126 3.870848232897686 4.278611884645734 0
5127 4.189500540545789 4.204808846852401 0
5128 3.559245566865377 3.980202172283884 0
5129 5.200178480061227 7.049416325396217 0
5130 4.287617164215411 4.057738000565152 0
5131 3.647770292196601 3.723510046361731 0
5132 4.017922753752317 3.763025135193685 0
5133 4.158559988441289 3.577331340182515 0
5134 3.842817751916345 4.010099314933525 0
5135 4.038686199415604 3.658382495546271 0
5136 4.142911303692628 3.686224779327953 0
5137 3.640964962736148 3.733066195442277 0
5138 4.062422007582803 3.77166115911167 0
5139 4.230629829151897 3.960871323575798 0
5140 3.964824105597003 4.281516333905524 0
5141 4.100526705637022 3.726298563654499 0
5142 4.247968450110461 4.093803516657966 0
5143 4.158448789028406 4.269087166066045 0
5144 3.843833288967198 5.624275406879063 0
5145 4.095300628735774 3.913384494672488 0
5146 3.91134917542039 3.938671008904979 0
5147 3.817692380462335 4.26191701267321 0
5148 4.436069106103761 4.060827565842199 0
5149 4.171098664551703 4.193530356021708 0
5150 4.444915294419528 3.976571391521784 0
5151 2.02659554254042 5.400427825465237 0
5152 3.906925888762945 3.632931965650155 0
5153 4.321227458385646 4.054577207087835 0
5154 3.83495877830013 4.131239649776743 0
5155 4.132462230138471 3.909351206984784 0
5156 4.215714811674932 3.974389013973187 0
5157 3.633081748860415 3.616955414068067 0
5158 4.00043959532385 4.166366574696101 0
5159 3.9888070720011 3.913094913741495 0
5160 3.857712478840102 4.085524823803987 0
5161 7.457123311154866 1.783671776693485 0
5162 7.416244409982947 0.6487408610608956 0
5163 3.846725017410349 3.918431393880238 0
5164 4.16992974954294 3.8288538682379 0
5165 4.151399570130392 3.928658949321529 0
5166 4.330644554059912 3.989453083516441 0
5167 3.909348140132241 3.571398250885236 0
5168 3.744553628929638 4.348991176241457 0
5169 4.319294071727541 4.073770476713847 0
5170 4.077087646000106 3.891102906668311 0
5171 4.266037411592806 4.132042212119313 0
5172 4.217867441813709 3.817324587563248 0
5173 4.04142622342214 4.422569083411513 0
5174 3.942260081209316 4.438383239371375 0
5175 4.128835238896697 4.171806311647395 0
5176 6.865181323099481 3.813569273535337 0
5177 3.831497440372048 4.067623502546327 0
5178 4.009569052261775 4.0935372264718 0
5179 4.441458342225031 4.007323877578756 0
5180 6.998834566923207 6.992359055117456 0
5181 0.5911347226475141 7.748545213274317 0
5182 0.5911347226475101 0.2514547867256733 0
5183 4.104323857072697 3.829022866977986 0
5184 4.365812987822664 3.944587736124476 0
5185 4.375019869776232 4.204065049400551 0
5186 4.052962656576504 4.143600739353196 0
5187 3.917403725189502 3.739435534453518 0
5188 3.907169988705802 3.738899845196034 0
5189 3.675152565374733 4.019746753305357 0
5190 4.184418737123489 4.148121047096371 0
5191 4.111942667047245 4.176809884603443 0
5192 5.948950110772174 6.889717921243742 0
5193 4.128024691586482 3.563480911474648 0
5194 0.9245170389282298 6.151617146731832 0
5195 4.074449112202025 4.348896511614403 0
5196 4.402195179483146 3.966535691005827 0
5197 6.876049687737366 2.395970989332773 0
5198 4.341071162210031 4.055806909198121 0
5199 4.354020714162615 3.816192035410048 0
5200 4.123860537988537 3.978387098208901 0
5201 3.857579155271633 3.575105125148695 0
5202 4.01644189012464 3.623868547410722 0
5203 1.128163461259723 4.973225972910988 0
5204 4.123075006486671 3.926866375682189 0
5205 3.675824417265108 3.968970022030708 0
5206 4.31313088982346 3.899715120047275 0
5207 4.036321869305837 4.293652539498823 0
5208 7.786674076059086 3.990394405847367 0
5209 4.313006397244378 4.100789904444126 0
5210 3.582637904674242 3.888732771705128 0
5211 3.69682592875024 4.231041491000826 0
5212 4.082591931692994 3.900377777218077 0
5213 4.137647291214015 3.812881644610823 0
5214 7.34463259237975 7.398067201641332 0
5215 3.993266376347402 4.303394360520592 0
5216 4.438440965058406 4.069343330495957 0
5217 4.433693716865699 4.078029233097366 0
5218 0.9875406131598985 6.993683703826928 0
5219 4.392373751112962 3.960760994027423 0
5220 4.274741962080268 3.780350662376319 0
5221 4.085266956260712 4.316791580370714 0
5222 4.119364615671226 4.410733679201681 0
5223 3.597894981602765 3.971615450987487 0
5224 3.815140955681794 3.586869089282232 0
5225 7.799749398196919 2.518518518518515 0
5226 2.49934228624109 1.062727615896282 0
5227 3.965311590812367 3.893327225261088 0
5228 4.006941118634088 3.674101418097157 0
5229 1.825766135230862 3.801575126332532 0
5230 3.969593880847623 4.140803079079499 0
5231 4.039905018141365 6.872485186539001 0
5232 5.191879063138545 0.9470339552283593 0
5233 3.894511762111091 4.126796957640253 0
5234 4.283993830478463 4.085439798027427 0
5235 3.910993838070548 4.24447759251648 0
5236 4.298919853640024 4.230740593842304 0
5237 6.511935853179323 4.508643626489839 0
5238 3.663630086313827 4.300251715267755 0
5239 4.235882907235333 4.287547511193138 0
5240 4.175153307244751 4.049898006725154 0
5241 3.838946265170642 3.646760518687435 0
5242 4.168447717212908 3.881721698857143 0
5243 3.71957849238823 3.673497687062917 0
5244 4.217281529743463 4.492349480460963 0
5245 4.168538506249107 3.615600253898895 0
5246 4.187556242089322 4.31455388728289 0
5247 4.12224165726759 4.190597901378352 0
5248 3.54284379942705 3.942036517448989 0
5249 2.427557080835041 1.506338039355663 0
5250 4.165862413872253 3.962583040118914 0
5251 3.852825905634139 3.744555254614625 0
5252 3.629370501807079 3.732780828455102 0
5253 5.462831724721319 4.891219085414703 0
5254 3.778341217747662 4.231404334272984 0
5255 3.843548560392489 4.068448074002177 0
5256 4.202509996401002 3.71222061962641 0
5257 4.996625209173396 4.834808359462536 0
5258 3.979300736248667 4.422572235366961 0
5259 3.838412971010317 4.343740287385284 0
5260 3.831208693056274 3.674383444635576 0
5261 4.227968675383713 4.002861407978218 0
5262 3.587569771576189 4.12437052315155 0
5263 3.927817762840082 4.241038919176903 0
5264 4.148358371327611 3.696519945404615 0
5265 3.951346535489268 3.878960205287745 0
5266 3.922916096800732 3.710703864725724 0
5267 4.384224035731329 4.039159863610227 0
5268 3.935371972105322 3.636393509438146 0
5269 3.581833631752005 3.85075127083882 0
5270 4.328008099922941 4.152566645448296 0
5271 4.064249015748501 3.743567584274099 0
5272 3.788946124080664 4.234420241062912 0
5273 4.191568373854815 3.738456804696761 0
5274 4.222841844186258 4.0758201700851 0
5275 3.731632276640864 3.940653228311956 0
5276 3.803342528686605 3.664886693470006 0
5277 4.346593560952439 4.29078784037157 0
5278 4.037057062070117 4.137474337298184 0
5279 4.230876937679757 3.983487113473362 0
5280 4.115169107582747 3.934307045707795 0
5281 3.5678815305269 4.112377379359589 0
5282 4.072694635298215 3.958933899825731 0
5283 3.965943504019925 3.747858917336233 0
5284 3.924497716469596 3.639054487629754 0
5285 4.268028399301278 3.964923624385946 0
5286 3.740589630754109 4.230981856534068 0
5287 3.992544776016501 4.208079129359801 0
5288 4.107422007247699 3.84727447163611 0
5289 3.763693644960597 4.316158075426446 0
5290 3.725798634226309 4.212628045446031 0
5291 4.092990112676251 4.077196717270447 0
5292 3.460902113362211 2.088417213342145 0
5293 3.463773465574468 5.917614521697127 0
5294 3.776314805472962 3.607357126119375 0
5295 3.757745357782341 4.226351016969724 0
5296 3.749803081514491 4.140767662182752 0
5297 3.988872667450871 4.220187668803859 0
5298 3.623810166040334 3.741001650325252 0
5299 4.089675895314315 3.950171107397831 0
5300 4.108476947757951 3.657109014023572 0
5301 4.050632904064681 4.112922478478657 0
5302 3.840040702137349 3.699837217959802 0
5303 3.224276895620876 4.675840874507196 0
5304 3.686112410470013 4.231009919997587 0
5305 3.670942153856426 3.915067248645698 0
5306 3.858873040559748 4.023466328101805 0
5307 4.128303968739972 4.230554118946452 0
5308 4.050620327255848 3.618122979366164 0
5309 4.196158814914742 4.161733308184094 0
5310 3.845403451384928 3.849031425674863 0
5311 4.089097231841688 3.569805449775698 0
5312 3.740455954293937 4.20316857792943 0
5313 3.866758535596381 3.877783505601247 0
5314 4.345047947212204 4.020508946030144 0
5315 4.000703832814285 3.890204389592532 0
5316 3.670945607236819 3.895418585365506 0
5317 4.302367753287132 3.923472831844677 0
5318 4.265067348905653 4.149730996380129 0
5319 0.9906324646761058 0.999522698602394 0
5320 3.793979881241512 3.615670432584275 0
5321 4.351935694255669 4.0098844561581 0
5322 3.744733211626878 4.322072935459937 0
5323 6.86303966730053 4.061954276521747 0
5324 3.685661940737567 3.922315494731998 0
5325 3.868215361889588 4.155177008180733 0
5326 3.877780239533137 4.162539016439755 0
5327 4.20572785489453 4.404032013108731 0
5328 3.932489498698282 2.199735273259128 0
5329 4.259221054209517 3.899822499061352 0
5330 3.590224857731255 3.917554916130886 0
5331 4.008388358699131 4.355807977324057 0
5332 4.228024746876697 4.351733727532022 0
5333 3.888801436825906 3.91404786456792 0
5334 7.014574129782309 0.9760209124834573 0
5335 4.089486391276917 4.015872813250568 0
5336 3.71496151112022 4.298410343708005 0
5337 4.088493115809183 3.997755081866099 0
5338 4.172180365927907 4.011984518008368 0
5339 3.88807888858565 3.733601365839505 0
5340 4.038646084574287 4.928960121192508 0
5341 4.013358118192894 4.26630304315423 0
5342 3.761024540576497 4.253355726910578 0
5343 5.376921577153837 1.358318751606209 0
5344 7.753510516798844 0.5821708917527264 0
5345 3.892399623923485 3.574464178514035 0
5346 3.86035763538747 4.440267258820185 0
5347 5.219868890177895 3.349049533947555 0
5348 3.800109001340872 4.395256149159382 0
5349 4.171809388295675 3.771532087420348 0
5350 3.988613129128534 4.54583100935073 0
5351 4.035478864690943 4.528147291802926 0
5352 4.101290168503372 4.593525638485832 0
5353 4.114032055465096 4.216776091589843 0
5354 4.402538596191878 4.007952548148918 0
5355 3.944317224047394 3.789505449765207 0
5356 3.943329966326502 4.015668429622941 0
5357 4.143060241803076 4.188604411619435 0
5358 4.176785763601443 4.068910547506706 0
5359 4.298976730445705 4.24168830759476 0
5360 3.94407127970561 3.870939777145057 0
5361 4.136258083052887 3.760150070764794 0
5362 3.954405123802876 3.699879777570628 0
5363 3.577548375545182 4.106644547152866 0
5364 4.187947697144999 3.915291922373739 0
5365 3.800375050436455 4.041540562048398 0
5366 4.289999362739811 3.655325898109326 0
5367 4.236912661610233 4.040995491949084 0
5368 4.414188513352518 3.88895201525472 0
5369 4.247265440933982 4.246864310199462 0
5370 4.440268607438995 4.043231405694546 0
5371 4.198425406079807 4.303159447466451 0
5372 4.048745217641267 3.563903619685858 0
5373 4.157288088088069 3.786180609754781 0
5374 3.945843787737962 3.925937823173923 0
5375 4.407301243125869 4.0844084032977 0
5376 5.803090786868482 5.824118195537468 0
5377 3.615101005225135 3.860681350858933 0
5378 4.597983284668967 5.099579546787062 0
5379 4.281779516683373 4.02178525523307 0
5380 3.725276130451656 4.192467789769985 0
5381 4.232643046761147 4.137655980893652 0
5382 3.834430116653832 3.889588982698448 0
5383 3.849477031569659 4.143286018274723 0
5384 4.037267449752449 4.069165205893077 0
5385 4.195154140292697 4.180018113138939 0
5386 3.928564577089491 3.656439749578658 0
5387 3.712933500946251 4.244622881284007 0
5388 3.869987119933838 3.710571327254302 0
5389 4.37004765572043 3.803063655721594 0
5390 4.248424135397772 4.161388022921066 0
5391 3.948041820370124 3.887468453098329 0
5392 4.218570128734624 4.377145505607377 0
5393 4.34818798125243 3.949186058684778 0
5394 3.858807151904988 3.86143257972945 0
5395 3.741565684170163 4.186866099923749 0
5396 1.801222668655963 4.257718030870787 0
5397 2.965592586611336 5.423279269568483 0
5398 3.998776634607941 4.225869616097575 0
5399 4.277769027584725 3.755372790189963 0
5400 4.01577860584739 3.562560763751608 0
5401 4.009550229582445 3.571686422541457 0
5402 4.014529580670009 3.581336704102817 0
5403 4.287156746601812 3.91070215224255 0
5404 3.993315397612969 4.436506706876702 0
5405 4.515923980284151 7.134836895853013 0
5406 4.532008522133609 0.8672273574344427 0
5407 4.103388612957936 3.929381306663638 0
5408 4.211376954069273 3.622979248481852 0
5409 4.348453799437352 3.743961199441106 0
5410 3.791325580515277 4.373304283907321 0
5411 1.199280526432503 3.636203609931244 0
5412 4.411200139140662 3.949918806724385 0
5413 4.273861347254232 3.887081951510619 0
5414 4.230577290640226 4.302264997382759 0
5415 2.995374772271803 2.652088740182911 0
5416 3.861940895233124 3.71622537277704 0
5417 4.164711172529891 3.644820458343969 0
5418 4.10767693306005 4.200258181668188 0
5419 4.119098675227268 3.755937186737545 0
5420 3.691748100580114 4.313890316319563 0
5421 4.125457464291911 3.827861734381302 0
5422 4.275264869692082 4.334763551487491 0
5423 3.981835355672295 3.644152704325073 0
5424 3.859488736801926 4.126256192607344 0
5425 4.025415779237357 4.427497016883425 0
5426 1.869679441136394 5.822519314171174 0
5427 4.35296173961571 3.881668029543419 0
5428 4.158206311106275 3.676621585016558 0
5429 4.02691739000255 3.581690141522348 0
5430 3.71154169240004 3.881499423959798 0
5431 4.057916150433837 4.042202064646116 0
5432 4.374352604057779 4.072328166554894 0
5433 4.061865309023532 3.688335201962341 0
5434 3.767998262212981 4.164630992311778 0
5435 4.20526088839149 4.078000078825633 0
5436 3.896400270464785 4.090159960075071 0
5437 3.633181011550215 3.836306249636922 0
5438 5.063192682118409 2.182086649025411 0
5439 4.088014996848465 4.361317868400314 0
5440 3.61330453044425 3.695875662622755 0
5441 3.640497467851132 3.699430428013575 0
5442 3.912338714957972 4.033048151828348 0
5443 3.997360325615393 3.537117044032656 0
5444 3.93497291602911 4.324192759690217 0
5445 4.302923602042052 4.048140957413657 0
5446 7.477164795635497 6.181318472762059 0
5447 4.144852771143815 3.960589923771679 0
5448 3.858922530176362 4.094721814083972 0
5449 4.326546586978368 4.16283723118192 0
5450 4.080307868559883 3.769104494993551 0
5451 2.472289313922463 0.7825941669867631 0
5452 3.605565160943364 3.793169514122544 0
5453 3.598556101849136 3.7893836503334 0
5454 4.248689459314282 4.296217897061039 0
5455 3.779602861389406 3.919279305600526 0
5456 4.271172022504013 4.16069992213686 0
5457 3.948140074120345 4.451980871707644 0
5458 3.963601301981285 4.449395744683138 0
5459 4.354705937879263 3.829409785894001 0
5460 4.380000755388345 3.801906906051052 0
5461 3.844491820926778 3.831400903920554 0
5462 4.284151118854483 3.772231151437212 0
5463 4.047460673395975 4.24947542658337 0
5464 3.599923557306527 3.910529514136058 0
5465 3.844862906673704 4.40168814781716 0
5466 4.01683548977913 3.833671049767819 0
5467 3.927692845192557 3.842065514574728 0
5468 3.680655433601752 3.886179759158084 0
5469 3.641166512621421 3.943825256883562 0
5470 4.041842825591702 4.264425705784779 0
5471 4.032282641804655 4.261288558698895 0
5472 4.223630370087449 4.177468199255825 0
5473 1.808251254041217 7.329266686725662 0
5474 4.351357722007434 4.226161246329256 0
5475 1.654663654396564 2.554831732629536 0
5476 3.794676459442089 4.11105103569742 0
5477 4.024722319294229 4.125833512314834 0
5478 4.231652494235672 3.916061029888214 0
5479 4.164288399508672 3.804024141846557 0
5480 4.339668699424101 3.837142227498023 0
5481 2.520910329016041 5.476361315210649 0
5482 4.356550073570031 5.17946324649367 0
5483 4.345351521259196 4.000881739817421 0
5484 4.31228154928211 3.843061974867329 0
5485 1.752960215830112 0.5522157980888038 0
5486 4.058405378836314 4.266734310227711 0
5487 4.032711537135326 3.696381383280771 0
5488 3.80033540798403 3.884036768317155 0
5489 4.150906060095997 4.120335198213006 0
5490 4.142274009806935 4.114175744758128 0
5491 4.298823937032754 4.030056141834524 0
5492 4.263385155974076 4.20219324817367 0
5493 3.93737802027854 3.561318065033574 0
5494 3.973381367758381 3.899984543967449 0
5495 3.786855840882445 3.941996599274069 0
5496 3.744352786083785 3.923941943323559 0
5497 5.478935728180837 7.806122950033167 0
5498 5.47893572818077 0.1938770499668676 0
5499 3.732364531693475 4.29804205500851 0
5500 4.05323081491239 3.844245233459695 0
5501 3.923246223614242 3.955651206124972 0
5502 3.9399853241145 4.314759242823784 0
5503 4.251260716208894 4.04702320242114 0
5504 4.101409407803197 3.706200769371005 0
5505 3.801412318284654 4.160782218051286 0
5506 4.091334756410522 3.856062254910997 0
5507 4.298077796147228 3.905470559953217 0
5508 3.749737762463876 4.121036726241066 0
5509 4.077101817693155 4.013300475547023 0
5510 3.984806470065553 4.193182951884869 0
5511 4.194611040698208 4.063828922931121 0
5512 4.117849356617098 4.138561318984439 0
5513 1.512400747574934 6.135816556804801 0
5514 4.297879754239125 4.018843492397079 0
5515 3.938496710348351 4.207318612012884 0
5516 4.314890262069148 4.032790481401904 0
5517 4.003715198744238 4.137628388878831 0
5518 4.041565877482382 4.110115022589275 0
5519 3.882220239228515 4.354393589847474 0
5520 4.258753451081819 4.26172095605644 0
5521 4.365216644455965 4.044769031274747 0
5522 3.87857860432982 3.957966383208701 0
5523 4.065091444198027 3.906015045285252 0
5524 3.934430301854742 3.552022188997668 0
5525 1.882516299253107 2.178421972930194 0
5526 3.555941921920546 4.034103912841945 0
5527 4.334079296113424 3.879401723835662 0
5528 0.9255615858979946 5.147180483694459 0
5529 1.005735586972968 5.394942287722851 0
5530 2.082826939368186 2.337230492839277 0
5531 3.83279434080726 3.656530768319114 0
5532 3.910733151044521 4.136634919885865 0
5533 3.912397913500691 4.12703172125287 0
5534 3.625029840286468 3.775185315321911 0
5535 4.178672702638132 4.349647025055422 0
5536 3.853925937966662 4.182131076777722 0
5537 3.688650834859728 3.977332351816953 0
5538 4.307083947891406 4.085475364794676 0
5539 3.749194394605573 4.01375483987144 0
5540 2.073731538240683 5.655255955972908 0
5541 4.206636994671674 3.842296842958882 0
5542 3.928255290267619 4.011746059310445 0
5543 3.807849718898621 4.100168066188115 0
5544 4.288610321737456 4.319838729750018 0
5545 4.276137192326613 3.931237973111359 0
5546 3.739026169486539 3.906007047850886 0
5547 3.557959288897836 3.859395296347633 0
5548 4.27118518232359 3.819253839511919 0
5549 4.333533020827206 4.013378267329839 0
5550 4.324190861386272 4.019061992645081 0
5551 4.100661849109688 3.948905605950028 0
5552 4.220461420282384 4.049847486435646 0
5553 3.881036194802435 3.89697164046263 0
5554 6.580602398935532 0.4835755611600843 0
5555 6.56843068359865 7.508438242296007 0
5556 3.594540776442235 3.943873167348418 0
5557 4.1102295433756 3.799355155007073 0
5558 0.6415290453497993 6.113554614779376 0
5559 3.616244741349507 3.882049649453003 0
5560 3.690973581678476 3.641197854166339 0
5561 4.357045081477425 4.20127529332426 0
5562 4.069451839505043 4.092236178279709 0
5563 4.090921851912516 3.929051519469676 0
5564 4.236896307166223 4.057861323693115 0
5565 4.331168845088322 3.899573924197273 0
5566 3.754176064584715 4.193115357237421 0
5567 7.772955439313233 4.95690354372834 0
5568 4.137626723246306 3.898120584397212 0
5569 3.714727535836066 3.93709693921559 0
5570 3.703458717931631 3.931167032161531 0
5571 4.060021576747433 4.238908656284154 0
5572 3.84971753079684 3.956078935266766 0
5573 7.428934735152555 2.655688507187712 0
5574 3.498455245796414 1.27278507073577 0
5575 3.640923626563126 4.272919993373971 0
5576 3.633985715850572 4.262737721985134 0
5577 5.490942882831684 5.905226732175899 0
5578 4.089035527592077 3.959678168753593 0
5579 4.111332720277908 3.878163809335453 0
5580 3.780986369258434 4.137012271619059 0
5581 2.222263893817336 4.048254079166469 0
5582 5.82878007058512 2.177904462867667 0
5583 3.57615910376647 3.169507554149644 0
5584 4.247135596266369 3.763939725365274 0
5585 4.282421331533989 4.004769093908569 0
5586 4.150515397846464 4.510279744654493 0
5587 4.985649932704618 1.934677611032753 0
5588 4.082689248541753 3.809146597348523 0
5589 4.057487400359765 4.061978035032074 0
5590 4.461884696427132 4.072214439682148 0
5591 4.460841940009116 4.049496903515975 0
5592 4.278961749059379 4.043003608308303 0
5593 3.761871438353919 4.306068042942033 0
5594 4.42267241112725 4.129394737441553 0
5595 4.429836223699255 4.002526420843401 0
5596 3.875621908413827 3.693855215814366 0
5597 4.282747038852269 3.121680633008765 0
5598 4.038023726667001 4.220062564784941 0
5599 4.399465239062978 4.152954250085031 0
5600 4.028110948598131 4.438563064605428 0
5601 4.383338859148477 3.819669622509984 0
5602 3.915029145420808 3.59836392298898 0
5603 4.164846430766904 4.362825403411187 0
5604 3.705704608087054 4.293071678051568 0
5605 3.885578649266466 4.142367065092784 0
5606 3.873866798198172 3.935563216605676 0
5607 3.809116763386568 4.198580759072329 0
5608 4.266493926071426 4.351052382550197 0
5609 3.946884728523905 4.212228550671098 0
5610 4.101517062171274 4.146094234848889 0
5611 4.257486654307493 3.734754998795559 0
5612 4.325148683613916 4.218922680973622 0
5613 4.193751385185208 4.261770214250302 0
5614 3.657817383093173 4.030353671533931 0
5615 4.002920653669764 3.941740408330654 0
5616 3.735978817798482 4.362689186304643 0
5617 3.966039738439329 3.813045808283385 0
5618 4.002517858786269 3.787969284184239 0
5619 4.321581091509085 4.105912863758041 0
5620 0.2100282749157065 6.718621638629447 0
5621 6.172084733218446 6.554641765530029 0
5622 3.605395422516157 4.22733722087953 0
5623 3.781518494062509 3.951521551178818 0
5624 5.186881774447822 1.760042662643175 0
5625 5.317482174653779 3.086766960581159 0
5626 3.861862981226622 4.792576527140403 0
5627 4.21498494890773 3.950818091122822 0
5628 3.845221533723828 3.759553184570782 0
5629 3.782855055076122 4.251795673523876 0
5630 4.18036510612562 3.995241050889991 0
5631 4.25361251602394 4.016115241545385 0
5632 4.227790161668044 4.238294440844049 0
5633 4.083875432518051 3.835636780508247 0
5634 4.403188831849204 4.176949253995763 0
5635 4.104092225626579 4.403288339766029 0
5636 3.902160908344602 4.210325577326207 0
5637 4.015906609398004 3.899139202955086 0
5638 5.769547403373347 2.84192118757876 0
5639 4.09781095580772 6.191010920643907 0
5640 4.166960696762907 1.785338973814372 0
5641 4.44264453040397 3.987056903107797 0
5642 4.168895230548559 3.942941900713189 0
5643 4.253738284662957 4.180076474236365 0
5644 3.617010254454679 3.968160872370317 0
5645 3.890942363323789 4.344652185109578 0
5646 4.049580409435433 3.630324108523672 0
5647 4.222284298354743 3.750083931842716 0
5648 4.631819173973405 6.38056095505647 0
5649 3.92836854820448 4.045970102477296 0
5650 3.830351969112141 4.147463161606235 0
5651 1.824095900883255 4.677499220476414 0
5652 4.164108012378393 4.056768022693264 0
5653 3.954549087354929 4.194461106223668 0
5654 4.338364641259163 4.148296493951819 0
5655 3.547680551699827 6.339601848522932 0
5656 4.177641661003225 3.788200071182088 0
5657 1.648880770247613 5.697385644699356 0
5658 4.202517057025745 3.635471865950852 0
5659 3.978718423685483 3.915773815961566 0
5660 3.966668551872464 4.09625683457056 0
5661 4.254230910307932 3.790055688494288 0
5662 4.364210797453758 4.216850919671776 0
5663 4.036125855225846 3.669482548809896 0
5664 3.752997229091627 4.247768106864674 0
5665 4.330901858244321 4.099938199182691 0
5666 6.079969454987372 2.530171754445292 0
5667 3.862937165987379 3.779826817100552 0
5668 3.921988407588195 4.07946161533846 0
5669 4.049233001304565 3.601864347689105 0
5670 4.005829359555762 3.916341754698428 0
5671 3.782211900384265 4.184595196570451 0
5672 4.090907854049175 4.096478294163405 0
5673 5.147663415903887 5.107486572380621 0
5674 4.050603648437081 3.582708750277131 0
5675 1.928168803530347 4.892650526977467 0
5676 3.919445603241679 4.331786607122273 0
5677 4.365171225037554 3.739790054929848 0
5678 4.326632595826899 3.819767362123923 0
5679 0.2172140531640276 2.183855638742957 0
5680 4.887287237147716 0.1983176035895067 0
5681 4.888011765455505 7.801682700210787 0
5682 4.094266568390053 3.759650853708657 0
5683 4.238952413259412 4.355526284861866 0
5684 4.19719777704239 3.98270863091418 0
5685 3.790903032026217 4.100556127605416 0
5686 3.913853800888867 4.086688061246812 0
5687 4.234173739715898 4.274815240520266 0
5688 4.289570238584067 4.115259665081069 0
5689 4.073591678844418 3.828627636152482 0
5690 3.836428893967725 4.418668543289365 0
5691 4.354545448485123 3.795381426680284 0
5692 4.037688455931195 4.28012533901723 0
5693 3.638227265618393 3.845186059482217 0
5694 3.805601706630806 3.906336623325376 0
5695 4.076244905838593 4.248761219267509 0
5696 4.076533626791712 4.239326027374058 0
5697 3.668526002843903 4.262595514781513 0
5698 4.001196496447034 4.380260498181699 0
5699 4.199909215235059 3.7932678399688 0
5700 3.619132537793668 3.806384750785395 0
5701 3.930168434769849 3.897931829501081 0
5702 3.797166272072289 4.031879179813752 0
5703 3.633547763379303 3.863805600908183 0
5704 4.072990701046538 4.031767130807898 0
5705 4.013181465073184 3.881466138768285 0
5706 1.149808985318892 3.180698747406612 0
5707 4.083527083044996 4.39138745401141 0
5708 4.024540852723629 3.770057565428607 0
5709 4.020454302039295 4.446308291536622 0
5710 3.858176710191954 3.922125356771896 0
5711 6.180428915336776 3.806720667432121 0
5712 4.083692262278261 4.081158371284735 0
5713 4.069976105796931 4.109294232381612 0
5714 1.202548066678826 1.251579175380529 0
5715 3.924585986676139 3.730351770416466 0
5716 4.438178274961738 4.087993376268668 0
5717 4.453855919884893 4.087706711284964 0
5718 4.12546850919788 4.308488188517685 0
5719 4.200865967118416 3.733355500350932 0
5720 3.936169501618403 4.227387135361004 0
5721 3.976418773216937 4.433198947184604 0
5722 4.015808242818572 4.17432532261743 0
5723 4.209939968306348 4.003199418876834 0
5724 3.924569523026966 4.062752194529426 0
5725 3.965221382059734 4.299084948622822 0
5726 3.925418493917482 4.019208458421915 0
5727 4.222668767713451 3.993087807943589 0
5728 4.023023380369114 3.817905678470548 0
5729 3.879142145795029 3.914161660477602 0
5730 3.653770033846711 3.985207109721759 0
5731 4.185323132750062 3.718636572042422 0
5732 4.21227400311389 4.385366669720713 0
5733 4.2151452542206 4.396545193982843 0
5734 3.80183124375768 4.41671173002039 0
5735 3.709623298984459 4.172506931352082 0
5736 4.016034751411291 4.412589180340292 0
5737 4.108992831803433 4.337566357395001 0
5738 3.768535572726855 4.125787955938133 0
5739 4.150464794522325 4.197061030533569 0
5740 3.985029216512063 3.897425323029725 0
5741 4.014597561059764 3.606291735870049 0
5742 4.050817016726235 4.30340672854832 0
5743 4.02135588769618 4.144371876217975 0
5744 4.204376332872686 4.058963494932139 0
5745 4.074962138283654 3.630937626552321 0
5746 3.738818644835666 3.870223110021783 0
5747 2.220701225239322 2.767715474073042 0
5748 4.024198889500194 3.945827196473753 0
5749 4.11538593635333 4.033928481122153 0
5750 4.342562358441707 3.432154337141547 0
5751 4.329446223678924 4.121224049793468 0
5752 4.272975584021342 3.810137166506455 0
5753 5.639342489169247 4.986931422354614 0
5754 4.391965928122879 3.995744027545409 0
5755 3.857909070712739 4.003793275837777 0
5756 4.376642921144476 3.860968366154578 0
5757 3.85857486280532 4.386511090356364 0
5758 3.858623809553411 3.760451594864691 0
5759 4.029094207323539 3.930822933525495 0
5760 4.307919671190238 3.879228347414533 0
5761 4.35065590248326 3.992723061509477 0
5762 3.920899371468315 3.889758674209046 0
5763 3.985355376830898 3.556445523802242 0
5764 4.348805740037582 3.803814205217053 0
5765 3.817277076993511 3.955431275424147 0
5766 4.02731639035913 3.563763145000877 0
5767 3.966106060722577 4.417682959487147 0
5768 4.35782312686415 4.064559229272316 0
5769 3.780042695824546 4.018804610609309 0
5770 3.700159211882428 4.037901522428463 0
5771 3.861496119230191 3.593578183571732 0
5772 3.92110740861796 3.878235555349994 0
5773 4.402866926729531 4.195842217165406 0
5774 3.923059009496379 4.408411469605989 0
5775 3.995304810061438 4.08310700635364 0
5776 4.189512687662424 2.209279789726599 0
5777 4.198242478166553 5.803315244029287 0
5778 4.11621588230179 4.388548133964136 0
5779 1.438390944964014 7.521725340785038 0
5780 7.52356933980804 1.440413181219285 0
5781 4.329872085937288 4.059383213656817 0
5782 4.406259200990366 4.209223044060946 0
5783 3.698296418896429 4.298912964953475 0
5784 4.117496949144825 3.959168561819712 0
5785 3.556581246579572 3.963281578922161 0
5786 3.544830974207114 3.960454849558265 0
5787 1.767848644796446 5.098509435882053 0
5788 3.709398571004747 4.162158340205994 0
5789 4.031825832594895 3.740982147427879 0
5790 3.936436293197136 4.15684855187121 0
5791 1.384892276710538 2.766884170623902 0
5792 4.069865295358857 3.872256825277566 0
5793 4.281645137870981 4.272905029786446 0
5794 4.105905171949038 3.567042564500766 0
5795 4.098211779333042 3.563463341573736 0
5796 3.930360052236283 4.212007675710817 0
5797 4.185516793052527 3.779032122779499 0
5798 4.219615813742392 4.240541843757378 0
5799 3.922341113743296 3.698290884445602 0
5800 3.924210031362952 3.621353302405517 0
5801 4.050770582029875 3.758573738057764 0
5802 4.053699217545162 4.070087680915149 0
5803 4.052919456245824 3.811070764299871 0
5804 4.237309311827882 4.148005632574168 0
5805 3.689932848865798 4.284084495396671 0
5806 3.588077294381901 4.174025557572848 0
5807 3.57714874349701 4.175126782928861 0
5808 4.324979233766894 4.205531643055845 0
5809 4.106323684982819 4.04740079252843 0
5810 3.970747753556612 3.695159082164183 0
5811 3.875579236971118 3.850987557363841 0
5812 3.887350043017873 4.37312996863087 0
5813 4.205595592258232 3.675697161016142 0
5814 4.011973524331008 4.345682140496046 0
5815 3.789216586334899 4.175278926357291 0
5816 3.763469142697244 3.898777366077945 0
5817 4.236375494140559 4.186880093587343 0
5818 4.377677821842216 4.082693414042947 0
5819 2.33012334358471 3.764110215386795 0
5820 5.298465736125732 2.592445703666976 0
5821 4.014459249999569 4.254925360119106 0
5822 3.910807983745885 4.302645795225494 0
5823 3.878822086009214 4.067310245394332 0
5824 3.532938222048563 4.01322918896903 0
5825 4.393874466604609 4.022842119545225 0
5826 3.904890766426293 4.403661479725298 0
5827 4.193837928551382 4.075532957807137 0
5828 3.681555286809131 4.002820584570631 0
5829 3.987394340708077 3.942775597483025 0
5830 3.823085497498487 3.640192999576185 0
5831 4.170434400022206 3.628845963588646 0
5832 3.960002706190246 3.838294338006084 0
5833 4.065118292231494 4.128590807507112 0
5834 4.161551955053643 4.082644513777418 0
5835 3.980860444970895 3.737262234942175 0
5836 4.002863819603654 3.695407635849051 0
5837 4.421794051155017 4.018261899414462 0
5838 4.352501021854728 3.872224151646593 0
5839 4.063368195185906 4.159554791692385 0
5840 3.881629666986004 1.4675889542409 0
5841 3.872501387035225 4.216301676917729 0
5842 3.705949982030112 3.951455573855553 0
5843 4.313566272200946 3.919132948689223 0
5844 4.412163308837789 3.873238967644618 0
5845 3.907236401133916 3.920464810896959 0
5846 2.509173063811319 2.426463784855891 0
5847 4.246027863768814 4.317826385091687 0
5848 3.98539566630095 4.118987540871516 0
5849 4.07381396242172 3.985317219688788 0
5850 4.202526480738026 3.775848670002184 0
5851 4.045486246731955 3.675547053434612 0
5852 4.053022580504077 4.026458842467313 0
5853 4.019133898599663 3.753744641459161 0
5854 7.287367127570191 2.038607598176634 0
5855 4.142401753713863 3.615847144248701 0
5856 4.337689296881509 3.800430133568743 0
5857 4.325442651396721 3.751514556695384 0
5858 3.813016316947194 4.380992545177692 0
5859 3.987945398147574 4.496203339353842 0
5860 3.858952453855224 4.252873727967838 0
5861 3.582700340942251 3.867793226714912 0
5862 4.188943895026879 3.824025161590677 0
5863 4.405165679144039 4.061603620441764 0
5864 4.159830465971528 3.835136710553461 0
5865 3.886150130639463 4.154713635865957 0
5866 4.34171181259357 3.925721853566652 0
5867 4.336657937609829 4.20002610300332 0
5868 3.779450929835833 3.677559683341204 0
5869 4.140149249745856 4.321256451112736 0
5870 4.024705471244205 3.724848055190902 0
5871 3.962358213276741 3.91381197264901 0
5872 3.840593874695072 3.718517369943897 0
5873 4.426054011182772 4.150833963530943 0
5874 4.017205111093292 4.395093527659216 0
5875 4.227509263491017 4.038907968163 0
5876 5.781105805775459 3.704927602535407 0
5877 6.265416322373667 0.9028232467830999 0
5878 4.197320827930249 4.360474814577564 0
5879 3.629169539297427 3.895952422388653 0
5880 4.174955190478686 4.297934285816652 0
5881 4.33573747761664 4.252098527119949 0
5882 4.319530361535268 3.719772896296275 0
5883 4.31657333685362 3.876835580387135 0
5884 4.077841176399912 4.266038013439063 0
5885 0.7894156839012942 3.529737572953779 0
5886 3.57478584134042 3.924365662800822 0
5887 4.340296323674067 3.728340830077495 0
5888 4.43204473188426 4.09748984483891 0
5889 1.804910132542216 6.091160937978871 0
5890 4.014271130617904 3.719444038654341 0
5891 4.006050433207401 3.728179777185346 0
5892 4.219264243208682 4.357821655483343 0
5893 4.178595129810116 4.187216023609743 0
5894 3.954816381747341 3.744295147030162 0
5895 3.698885500215265 3.880390934267688 0
5896 3.899613096900997 4.073419373095999 0
5897 4.324063911568308 3.882901132401047 0
5898 4.277154920215733 3.969522489051069 0
5899 3.799014720594958 4.364321102252727 0
5900 3.62331180651794 3.795234906162063 0
5901 3.78832200820503 3.688948078918712 0
5902 4.009094039390899 3.685232644607444 0
5903 4.399130383412341 2.694274030394349 0
5904 4.200719975145154 4.38065677506653 0
5905 4.002412757052425 4.267493528803496 0
5906 1.665636043894852 2.302214975087102 0
5907 2.033522067636205 2.599885625800584 0
5908 3.844472969785852 4.414288296894149 0
5909 3.682585169919953 4.252658537480525 0
5910 4.241002949570448 4.177868601684421 0
5911 3.929367054736318 3.756385743094635 0
5912 3.807406405330078 3.648820467891869 0
5913 3.897881560802103 4.099981636365337 0
5914 4.197255742174994 3.76416045573004 0
5915 4.169965888834549 4.133569383008363 0
5916 4.00399079576078 4.200108140771656 0
5917 4.264342636595607 3.715714374990181 0
5918 4.018958803704254 4.330785664990288 0
5919 4.191166238676052 4.169948529903954 0
5920 3.900756148159102 4.44376525552407 0
5921 4.318918882521305 3.738670839784039 0
5922 3.876493743607339 3.666727577032698 0
5923 3.896532927552492 3.729164556528435 0
5924 3.718444048577298 3.976702310131316 0
5925 3.962894721980417 4.272841169256382 0
5926 3.664357622423918 4.224524080181623 0
5927 4.277461065293655 4.323533339168629 0
5928 3.926568488819073 4.194640740353488 0
5929 4.38999589589323 3.923913301142908 0
5930 4.400822973351418 3.935397383097024 0
5931 4.179433621915564 4.132248688363555 0
5932 5.619081932895632 3.518749481793519 0
5933 4.41296906570381 3.96333384127518 0
5934 3.912927618589104 4.213090842714239 0
5935 5.3949972287771 6.130414672890621 0
5936 4.186308157508392 3.613057360971771 0
5937 4.459447047047311 4.177040085193413 0
5938 3.559999611574772 3.713903107554811 0
5939 3.746280821903673 3.963135384143346 0
5940 3.977621775931983 3.68133912253059 0
5941 3.883582482382274 4.171529279991253 0
5942 4.311994325774927 3.819343131483273 0
5943 4.158072823927562 4.375709732851142 0
5944 4.157307349969301 3.947433042777054 0
5945 7.517431944646812 6.575087006158915 0
5946 3.90365305677085 4.08355503599154 0
5947 3.991247378413911 3.844465037062066 0
5948 4.015091230948132 3.597405247451664 0
5949 3.932904964794007 4.41484743275797 0
5950 4.126638314085313 3.62755871036075 0
5951 3.19289159483887 7.473601854260868 0
5952 3.234537783556385 0.552046977085844 0
5953 7.463633315372838 5.73362718756465 0
5954 3.807351980144107 4.131262340044664 0
5955 3.971426630247085 3.909665684787781 0
5956 4.007337892000531 3.812335087311097 0
5957 4.248120060746301 4.383746200551324 0
5958 3.963772568868342 3.924560965109883 0
5959 4.306954507016114 3.966102106473127 0
5960 3.918353435877488 4.361430986631261 0
5961 4.361586339786453 4.026989417555857 0
5962 4.171695935085667 3.819775187062544 0
5963 3.858797062201388 3.697625406728268 0
5964 3.899046719793643 4.304426469359178 0
5965 1.16684786269756 4.462561253384352 0
5966 2.604200810320767 5.170883620823197 0
5967 5.744476066735412 5.518193159722006 0
5968 4.11708463136429 4.199598133838145 0
5969 4.166420611811227 4.066843755288322 0
5970 4.077184977525078 4.27507174630377 0
5971 3.95952115464072 4.254421051704246 0
5972 3.838177183502808 3.856140295212302 0
5973 4.110285346324575 3.623190257613589 0
5974 4.19106470621864 3.679924056744717 0
5975 3.901602300159952 4.150748130824224 0
5976 4.141783179446635 4.134187752156402 0
5977 4.412618199504019 4.022918301717639 0
5978 3.855342421241622 4.215535710138369 0
5979 6.168906492256049 1.38621255709252 0
5980 4.394969631434523 4.003262952286112 0
5981 1.463150528702035 0.9045264000086402 0
5982 2.195008245757266 6.381752654242224 0
5983 4.112998499200214 4.147056008682083 0
5984 4.416672200507856 4.120171806524975 0
5985 4.422150980243838 4.112316307141082 0
5986 3.946090389362165 4.190601779237686 0
5987 0.5193039013673988 2.872032607521724 0
5988 3.556007292369544 4.101487539240044 0
5989 3.651687802120566 4.252541289630183 0
5990 3.624998506088069 3.959826249243156 0
5991 4.262712408816962 4.271147100219244 0
5992 3.955922647468186 3.661407627517898 0
5993 3.937397230495252 4.467203180911302 0
5994 3.975296794538067 4.247355370074806 0
5995 6.854210726220241 4.783715045825565 0
5996 4.043064730840753 3.686515204428353 0
5997 4.019129263292535 3.6869001346856 0
5998 1.805086133715366 1.883196782313437 0
5999 4.393693140602069 3.97916982169151 0
6000 3.785782762533862 4.213310054118683 0
6001 4.005079828838837 4.248180488268561 0
6002 4.16187025797404 4.185652335706552 0
6003 3.994300824611723 4.105045632339758 0
6004 3.755367904399726 4.174482788364526 0
6005 3.983677944326771 3.802666843512952 0
6006 4.305427716286677 4.315540890999826 0
6007 4.082696518755455 3.883347719057138 0
6008 3.329084379835519 6.457757028618552 0
6009 4.127396061700452 4.425047820974485 0
6010 3.551080018411167 3.986221684783273 0
6011 4.174171413874093 3.686882435014871 0
6012 3.483585350452152 4.056714022286374 0
6013 4.007377275280367 3.623029869307176 0
6014 4.130123217417895 2.667958680307622 0
6015 6.035877541829317 2.046865893782078 0
6016 4.329623799765777 4.068904585552929 0
6017 4.349750299533735 3.734059700164625 0
6018 4.090474527733999 3.663330555431577 0
6019 3.606594095178763 3.953524879073667 0
6020 4.093800128176823 3.788728054194356 0
6021 7.139472875433686 6.196521603759656 0
6022 4.152294456701455 4.336118318792967 0
6023 3.864472730831531 4.137388025779279 0
6024 0.5500556610070291 2.455738683051836 0
6025 4.090426412112168 3.976936991668027 0
6026 3.19127631751107 2.978212421479733 0
6027 3.677287777794611 4.300779964924928 0
6028 3.916200892661988 4.170129498576506 0
6029 3.940651172947433 4.336533674176448 0
6030 4.136345549917182 3.989352595667305 0
6031 4.014116877317947 4.085341654094101 0
6032 3.998462539298326 3.853639697112893 0
6033 3.797650596662213 3.956248021399821 0
6034 4.12665125946296 4.036425943619137 0
6035 4.131328873585393 4.025359052192218 0
6036 3.876871585047729 4.084355240487378 0
6037 4.274276657182746 3.859426323648394 0
6038 3.929510800505484 4.221517768126946 0
6039 4.082033967653344 4.063739252074026 0
6040 4.379016026569379 3.849500305260855 0
6041 4.405427906281014 4.037245307020434 0
6042 4.257181449009438 3.935637022684347 0
6043 3.921363482012999 3.981305886518202 0
6044 3.032583313006836 3.370939586201755 0
6045 3.8623633296757 3.89355452940613 0
6046 3.940939416905186 4.25881037724168 0
6047 3.600500638918607 3.89258506791138 0
6048 3.978305533804432 4.406082797452951 0
6049 3.919954522191719 3.964725834196469 0
6050 4.340650662925746 4.07301468017387 0
6051 3.822445467401886 3.939734256080039 0
6052 4.217810309117266 3.929096369981142 0
6053 3.994192680274605 4.123370077678715 0
6054 4.212088855625077 4.342043871867319 0
6055 0.6270230564108208 7.097276155462243 0
6056 3.963689245357986 3.792468251890878 0
6057 4.361226065305081 4.272891646630413 0
6058 4.387924429804548 4.158076058276406 0
6059 4.061380977323611 3.761134755043074 0
6060 4.256680119683029 4.278841370924291 0
6061 4.412939680187837 4.032047293985634 0
6062 4.32341494349792 4.038416519758478 0
6063 3.912406860167322 3.579934772340912 0
6064 4.182504845733972 4.259382271538465 0
6065 4.383909240366259 3.828740272003222 0
6066 3.904363484452114 3.878041702440304 0
6067 5.238620862546705 0.5268427790396033 0
6068 5.238620862546792 7.473157220960422 0
6069 3.720626572348187 4.238512190509633 0
6070 4.430961303995216 4.111066675373269 0
6071 3.929304582025799 3.764973079409922 0
6072 1.328120293412765 0.7162116044364004 0
6073 3.860862055554488 3.749917321154077 0
6074 4.117193851593097 3.943170802740709 0
6075 4.001448079882463 3.554467013598738 0
6076 3.718708613544101 3.920732548659641 0
6077 4.065129212396818 4.347060399061888 0
6078 3.709445314141623 3.455804092914087 0
6079 4.150746496616001 3.667381614235257 0
6080 4.157230843852774 3.65980572278235 0
6081 3.810963827633139 4.394536919338661 0
6082 3.623414369175938 3.851584694858209 0
6083 3.845748050016755 3.589217174562412 0
6084 3.71201814795842 4.027519216432396 0
6085 4.024906491720081 4.463166915202618 0
6086 3.767534086208943 3.965751205841898 0
6087 3.907221693185924 4.102019987162831 0
6088 4.017336578339634 3.930426455410998 0
6089 3.753733766181812 3.986824596247845 0
6090 4.257393863080071 4.078999941412367 0
6091 4.409937923964134 3.806702529150043 0
6092 3.65902789227304 3.943033678572859 0
6093 4.025348074519445 3.802217688959876 0
6094 4.148911224929894 3.728974140876872 0
6095 3.670363182799461 4.240631718653452 0
6096 1.468133040777386 3.605818455921385 0
6097 3.987985069479973 4.254508688670732 0
6098 3.762369851132682 3.91863077025073 0
6099 4.280300160782968 4.305639641872509 0
6100 4.223833283593025 5.384443179277151 0
6101 4.309309694819337 4.271902107590726 0
6102 3.739558458692663 3.946993036070969 0
6103 4.106434679930414 3.642095189940328 0
6104 3.854851938307062 4.33847596524581 0
6105 4.119061729157337 4.435091034907307 0
6106 3.834757156156938 3.875283796384116 0
6107 4.10155541586347 3.973854990115981 0
6108 4.261374005154505 3.978556799697258 0
6109 4.403048062176421 4.017766611577011 0
6110 3.771472518368491 4.239460166510766 0
6111 4.053872440342665 4.153632188117852 0
6112 3.858791654744164 3.960403985767448 0
6113 3.865544398778883 4.173878562935492 0
6114 4.159971315332008 4.110635102818173 0
6115 4.032252809641831 4.173954605967117 0
6116 0.5489356733045314 5.563848163001076 0
6117 3.963657362718283 3.641094644141637 0
6118 4.302073008977912 4.10179749356856 0
6119 4.034782051178165 3.820549049155372 0
6120 4.002368544312526 3.609079751996178 0
6121 3.891025181603141 3.54791707307408 0
6122 4.220675840376966 3.849346363089591 0
6123 4.043696234251485 3.827901185173844 0
6124 3.831332079611487 4.400303447040796 0
6125 4.136919504189364 4.07275909994085 0
6126 4.178260844448074 4.326038143480935 0
6127 4.317679179071098 4.14676993114179 0
6128 4.200140652266809 4.231942225410329 0
6129 3.731253696573321 4.152115105012406 0
6130 3.654900030678891 3.837542873089283 0
6131 4.173669323970095 3.800039156483093 0
6132 6.331243772797531 5.874959083397719 0
6133 1.22008788614125 5.732071196717647 0
6134 6.786851648580997 2.924441002056656 0
6135 3.944334315656529 3.662660107399435 0
6136 3.88780600690688 3.681001120544491 0
6137 3.750053424413083 6.518357407972792 0
6138 4.215555393768456 4.226960455595057 0
6139 3.921618234752763 3.680570278972113 0
6140 4.042323901179371 4.055156477482846 0
6141 4.242686066399727 3.815979854972581 0
6142 2.189425776002577 3.500570051950334 0
6143 3.860772604224406 4.200524111269748 0
6144 4.098534977645719 4.375682260523488 0
6145 4.141834492262528 4.02661299493126 0
6146 3.831716745049473 3.788550534648881 0
6147 3.692522185982253 3.962419875656052 0
6148 4.058752663652356 3.818994414867971 0
6149 3.670730910692336 3.842227714948748 0
6150 3.628721483326511 4.158621983780288 0
6151 3.899702956118493 3.568345256181866 0
6152 3.897030740967491 3.558226893083662 0
6153 3.735241689120136 4.280208245212333 0
6154 4.162529172965911 3.96969990636106 0
6155 4.242926611266153 4.261290602221099 0
6156 4.042253997186521 3.554858293780311 0
6157 3.68221130807757 4.070787469400767 0
6158 4.348050621131217 3.939747919452436 0
6159 3.843883605457695 4.09749953750556 0
6160 3.492372079810517 3.770414700351165 0
6161 4.121159893374842 4.019608784564422 0
6162 3.696460758992315 4.258430868456256 0
6163 3.692487702150621 4.265928281555309 0
6164 4.300305473477215 3.736792032451551 0
6165 4.41078264875413 4.00235862743745 0
6166 3.682622952753968 4.30936960282385 0
6167 4.026032365306317 4.104744030777837 0
6168 3.701579400742766 3.675773726786904 0
6169 4.093155260635569 4.24151321490432 0
6170 4.16521052071994 4.259821701158863 0
6171 4.297096905181379 4.040744927022836 0
6172 3.975147925307274 3.78583456609871 0
6173 3.604446408206711 3.925988006651616 0
6174 4.340786625992417 3.699333059324023 0
6175 4.070363677387447 3.976520651204895 0
6176 3.665133411924855 1.513402614091908 0
6177 4.347145694074339 3.772875492278931 0
6178 0.2231669906959972 6.298746741718299 0
6179 0.5185332280265569 1.466190810639354 0
6180 3.742939292921913 4.220297032932873 0
6181 3.752820734656139 4.218268750971998 0
6182 3.91480782550543 3.799347006116232 0
6183 3.837091276120026 3.983159329895496 0
6184 3.872340444398238 3.655567449219361 0
6185 3.613946252526478 3.946307452299711 0
6186 3.678066413334073 3.866113133592317 0
6187 4.008511120631165 3.779533075516646 0
6188 3.794311846030027 3.668454139797451 0
6189 3.950102463160043 3.717100837197922 0
6190 3.972923180002788 3.849468386654646 0
6191 4.124405796667898 3.57145272739409 0
6192 4.377398804566566 4.024764478234199 0
6193 4.117352243169864 4.297595237980517 0
6194 5.812398401703266 2.422529009383498 0
6195 3.766506399798958 4.190058314144216 0
6196 4.007547011318073 4.315051044816388 0
6197 4.097930025221606 4.272542076539922 0
6198 3.668477154796668 3.97180957704932 0
6199 4.357301171127602 3.74827531839392 0
6200 3.964636108021341 4.12445475313084 0
6201 4.396243321712181 3.864429089777664 0
6202 4.046364463830634 3.929935966180442 0
6203 4.339995779833576 3.935710554124116 0
6204 4.020200323604096 4.134861369427268 0
6205 4.894160126102721 1.442053166453269 0
6206 4.0325511227875 3.770987181512071 0
6207 7.123638828497612 0.6129600737336132 0
6208 3.965403606516468 3.563409435670185 0
6209 4.19592990736067 3.598067126681804 0
6210 4.204794418308914 3.603217534237438 0
6211 3.985957947152619 3.591912195749203 0
6212 3.954248221107482 3.629670359346603 0
6213 4.098480540794181 4.158145433130456 0
6214 3.978913834912743 4.133032781516211 0
6215 4.110476405072636 4.301266648897401 0
6216 4.014233319986405 4.067073775735772 0
6217 0.2086207523423456 2.602570738978033 0
6218 3.811829805140843 3.773249042709091 0
6219 4.389940513601971 4.138391268866033 0
6220 4.228410914856386 4.154010799915987 0
6221 4.097300730075089 3.890147732793099 0
6222 4.118490660787483 3.995164478366709 0
6223 4.057533353537099 3.989532329999315 0
6224 3.584641920070242 4.147775126832676 0
6225 2.578322754108378 2.926743452943202 0
6226 3.966455575101965 3.776806351597986 0
6227 2.167735267251306 3.080659705302316 0
6228 4.148230505228206 3.850035717700222 0
6229 3.645348035668068 3.84880264389763 0
6230 4.033632561527696 3.85166000121921 0
6231 3.881636553835919 4.243114489097167 0
6232 4.36177757065037 4.086139661742414 0
6233 0.1768747642812238 3.118583699343763 0
6234 5.235795973417749 4.142454210516283 0
6235 3.789389463291333 3.931796647543315 0
6236 4.284573679656285 3.739059815282608 0
6237 4.265126899997936 4.029678929092543 0
6238 3.871601164738207 4.359179442507429 0
6239 4.094276971413542 4.007819035221793 0
6240 3.890711662433138 4.328370835930845 0
6241 4.011996660093251 4.057037819638408 0
6242 1.029827796959228 2.648379879655949 0
6243 3.74697274045063 4.169768275162003 0
6244 3.933770892003126 4.103650857071775 0
6245 3.558713547101124 3.946620549118076 0
6246 4.229277084989284 3.708896568885252 0
6247 4.186825949535865 4.221976151258611 0
6248 3.9909220044503 3.73691513040623 0
6249 7.505398512143844 4.989320592811453 0
6250 4.057310258294644 3.577607617760436 0
6251 4.224615589662796 3.741041714969532 0
6252 4.154075465509219 3.819134411088092 0
6253 7.378867213317925 7.107635569704626 0
6254 4.011307744039076 4.439127843250859 0
6255 4.215828674041799 3.765861496813478 0
6256 3.962869748059738 3.820514041263548 0
6257 3.805597173667473 3.819170049453343 0
6258 6.524461710659557 1.180336195547512 0
6259 4.257192941719723 3.759294791745994 0
6260 3.992308894568016 4.342000742941909 0
6261 3.991487235563965 4.133430942955992 0
6262 4.128376722398206 3.9616160568189 0
6263 4.018703815353003 3.738007231879735 0
6264 4.039970944650133 3.572647952802391 0
6265 5.322320888159243 5.346329318556986 0
6266 4.11766894429968 4.051581078666498 0
6267 4.166862533304506 4.027683480193978 0
6268 4.440660855922232 4.053336648988775 0
6269 3.865855742371742 4.247607136594318 0
6270 4.211381727325413 3.660086011060203 0
6271 4.040892522260366 4.188697226843063 0
6272 4.032655179735921 4.183834629329138 0
6273 4.413788526875175 3.906418600582413 0
6274 3.909899163410098 4.234833206450592 0
6275 4.260395542256857 4.324469052967699 0
6276 4.13335901770748 3.703110593156004 0
6277 4.297804647336833 4.311489081463792 0
6278 3.578025317024422 3.94556595032187 0
6279 3.962893157058557 4.155051982655665 0
6280 4.202202731263428 3.690137628386188 0
6281 4.102335737097308 4.237280708052062 0
6282 4.23653605999854 3.967309734975391 0
6283 4.069395356616043 3.856486094408429 0
6284 3.81373070860643 4.213102873886439 0
6285 4.19858363489713 4.397556706023213 0
6286 4.175308764486264 3.675811766133732 0
6287 4.099285762052352 3.634650637296223 0
6288 4.123743368966752 3.678132600361693 0
6289 4.077978740391675 3.75943415229137 0
6290 3.902345507006903 4.365431467457356 0
6291 4.061712144603573 3.899661081075616 0
6292 4.230393926817716 3.756591870891265 0
6293 1.505691696772105 2.188051343471707 0
6294 4.078492041482279 4.209592060898011 0
6295 3.335038502541686 4.042329055769235 0
6296 4.41019704858583 3.922317428533372 0
6297 4.345150012176628 6.017977246907371 0
6298 4.364222747476872 1.988384535407068 0
6299 4.060180445918529 3.728935462402715 0
6300 3.833592481328787 3.993210070912764 0
6301 2.935309213011063 7.537086235208561 0
6302 2.948484696367005 0.4606758881357655 0
6303 3.72321117530377 4.292571370788695 0
6304 4.241476197677958 3.657776541831828 0
6305 3.959915370285247 4.239403724478016 0
6306 7.21248737823999 4.483292478179667 0
6307 3.571517121088744 4.000504341797315 0
6308 4.323163601453405 4.257344733291418 0
6309 3.977149665361201 4.281798168629766 0
6310 4.137104341392349 3.955461945916032 0
6311 4.189594582718779 4.084781612742225 0
6312 4.289691914968269 3.754675610084765 0
6313 3.380988644439425 6.736903735062528 0
6314 4.043841906607127 4.272990995934768 0
6315 7.175089559464759 3.353440343169752 0
6316 4.235325303393889 4.022444149989445 0
6317 3.842048601368164 4.157472163186844 0
6318 3.813210097270429 3.615220076642121 0
6319 3.862826989560595 6.049330152454488 0
6320 3.824284399446374 2.001235453917954 0
6321 3.844463863185038 4.323332213154873 0
6322 3.986474087578212 3.931164296097693 0
6323 4.211971172767018 4.256198930066732 0
6324 3.736581958168599 4.21208819679478 0
6325 0.763641750794517 4.574223762706906 0
6326 3.852775260336117 4.013118921264916 0
6327 4.130016915770524 4.098715897987151 0
6328 3.076316165613446 7.073798657025234 0
6329 3.842629508729206 3.891395803563244 0
6330 4.104017494212351 4.319234936925696 0
6331 3.988291125134898 3.57552669090376 0
6332 3.849647602121803 4.041771208154044 0
6333 4.395801880179255 4.364127790580584 0
6334 6.212026355672567 7.012479355183008 0
6335 4.12016245411962 3.89773984009007 0
6336 3.959962339158762 4.043131914915364 0
6337 3.910575629591527 3.977102304428489 0
6338 3.845218901051335 4.133779524751104 0
6339 4.072639057728392 3.664674895553548 0
6340 4.36058707837975 3.898317214941172 0
6341 0.4917181753481108 5.158428255704123 0
6342 4.272425503889075 4.068583049981513 0
6343 4.239360005171903 3.881793275146494 0
6344 3.638516565825399 4.147085247030224 0
6345 3.892962897778715 4.409951571707384 0
6346 3.991462871747472 4.161504443024655 0
6347 3.294515845810992 3.890440495632451 0
6348 3.970794192964236 4.230401593936094 0
6349 3.631482059815454 4.004044022274671 0
6350 3.895033464690419 4.23350529309095 0
6351 3.88413242637366 3.820979242179607 0
6352 3.949495463564657 4.411742650240121 0
6353 3.940311586999835 4.407743032079489 0
6354 3.621303683084452 3.931319111919047 0
6355 4.241309460660792 4.364124299933248 0
6356 3.589329439513784 3.973147931053864 0
6357 3.7642623759347 3.956482664285877 0
6358 3.810231942938837 3.407024768752472 0
6359 4.51324426471912 3.917140573417644 0
6360 3.788965610291463 3.9136766050559 0
6361 4.224858299915341 3.836100187861907 0
6362 3.729841156035769 3.914748586142311 0
6363 3.985594541046295 4.272311520542682 0
6364 3.815525667088878 4.013018210878411 0
6365 1.572515330363351 3.806088960831054 0
6366 4.080236479984901 4.220170803892137 0
6367 4.153659890890734 3.627709018611336 0
6368 3.561204716965879 4.042132340420373 0
6369 4.211542258164013 4.266710861986222 0
6370 4.308693152741763 4.213215298442729 0
6371 4.37030907836014 3.970012173537296 0
6372 4.365374026936692 3.79429144021583 0
6373 3.72712078595454 4.35564188235774 0
6374 4.018079880557599 3.658373689711083 0
6375 4.147465953207405 3.811991917668435 0
6376 3.862738570324024 4.066842012234098 0
6377 4.25105817413237 4.054637628043623 0
6378 4.131994422397143 4.285649080947862 0
6379 4.002577109998115 4.147482667576064 0
6380 7.147789684121763 6.471170845083723 0
6381 4.191831450840362 3.747450244386127 0
6382 3.945364961649246 4.040587140394179 0
6383 4.250520332922632 4.192175631116758 0
6384 3.793160895845597 3.592569361396147 0
6385 3.777279276531199 3.594244368823825 0
6386 3.759218725934633 3.572750220273028 0
6387 3.785424565090344 4.164093284516358 0
6388 3.915382501695722 3.779010277653145 0
6389 4.739516404555064 5.32285547055436 0
6390 3.53643611036206 5.014846308451784 0
6391 3.995576343188744 3.726959137974188 0
6392 4.091130907506709 3.620422035183082 0
6393 3.943720139666134 4.369028154863718 0
6394 4.359037624990663 3.732641088774941 0
6395 4.374548134472202 3.900613963376372 0
6396 4.260152635816689 3.918032153549934 0
6397 4.200571804570699 3.975201790856976 0
6398 4.025332561911382 4.292828375518782 0
6399 4.019893155562873 4.207151958129288 0
6400 3.981635387285298 3.612261105348124 0
6401 3.662221245329826 3.913291282336382 0
6402 3.660865838458309 4.291129279554998 0
6403 3.649926406217466 4.283495176198866 0
6404 3.651223004637555 4.267994599310288 0
6405 1.750946633111359 2.96297397847881 0
6406 4.355534077610663 3.963633622155412 0
6407 3.920430676532912 4.285051330999149 0
6408 4.323046664937046 3.932179308614421 0
6409 3.730351643975369 3.93061229077263 0
6410 3.784923410418062 3.662000197648255 0
6411 3.849166586373522 3.867261781167951 0
6412 4.211222650079046 4.323976555550495 0
6413 4.285134309350112 3.931788249262977 0
6414 3.706548485224686 3.978776353414056 0
6415 3.99379125269125 3.784136193916119 0
6416 3.68624993871708 3.902639987636854 0
6417 3.676411664478534 3.904171964613647 0
6418 4.293439312035992 3.76484037220716 0
6419 3.728198048791319 3.756197362900394 0
6420 3.562717054679438 3.956513083419728 0
6421 4.163625027342625 3.852590605155092 0
6422 5.030081331717632 3.79540429678346 0
6423 4.310965195514526 3.80724615266963 0
6424 4.229850410907305 3.864599358907929 0
6425 1.460221813007058 7.13922203641553 0
6426 4.203651399798145 3.923828722979839 0
6427 4.289948014225047 3.859740135830743 0
6428 3.891586365465306 3.641388897753367 0
6429 3.720891236209631 3.928417589684344 0
6430 4.159929166413594 3.876876644185819 0
6431 3.754748389580022 3.954864238160912 0
6432 3.876916234499142 4.043547352580378 0
6433 4.080519595454475 3.563439673118473 0
6434 3.70237354948459 3.89650890435964 0
6435 3.952710428689643 3.72804318924229 0
6436 4.417698457420455 3.937027426818269 0
6437 4.092689996122282 4.342669024226558 0
6438 3.828743778208008 3.754584478565406 0
6439 4.314982971095361 3.767476123675433 0
6440 3.770425723408768 4.149130661525565 0
6441 0.50621225145224 6.326363523166661 0
6442 4.049915824722159 4.259329801882163 0
6443 4.13968681266272 4.278991141965184 0
6444 0.6170421343465069 0.8988137168579637 0
6445 4.152696550882462 3.989233038502482 0
6446 4.25782567384459 4.090557098907396 0
6447 4.088361931831183 4.206992066876968 0
6448 4.040836746596718 4.455463638488975 0
6449 3.993830701500774 4.284994137496455 0
6450 4.087349263967929 4.261904202250371 0
6451 1.821737242299041 3.347556204178328 0
6452 1.601287244158474 5.48050129048883 0
6453 4.107741465212934 4.442317990048841 0
6454 3.72377490898427 3.583962562901897 0
6455 3.942376519277555 3.961140684745289 0
6456 4.097640668778484 3.668145779292648 0
6457 3.970848574348954 4.254605863019801 0
6458 4.028562451023078 4.332105684755296 0
6459 3.79602952447086 4.145168599137941 0
6460 4.138611430526374 3.657489381021943 0
6461 3.992979328851304 3.904508306301354 0
6462 4.205502682011007 4.307482917258148 0
6463 4.01336658600871 4.304522970140777 0
6464 4.281275153044629 4.030955849763495 0
6465 4.16682238478289 3.672036638566713 0
6466 4.405332846307786 4.133462813627878 0
6467 3.989452995795379 3.888695067010452 0
6468 4.211501853322922 3.775318264848683 0
6469 4.182838322993671 4.170208298533676 0
6470 3.983905617143575 3.755410918018221 0
6471 3.786250823676582 3.959357616974221 0
6472 4.306077640262965 3.889802448868107 0
6473 4.345375279852931 3.84669222847391 0
6474 4.419067626505744 3.975098836348432 0
6475 0.1845865052006301 4.003078579602096 0
6476 3.656455569672799 4.468469566636011 0
6477 3.905536565259002 3.9539147801727 0
6478 4.410759289582884 3.98116573474394 0
6479 3.748748944656222 3.930990268857959 0
6480 3.855217310950312 4.223417946938711 0
6481 4.12412938090865 4.123532119051658 0
6482 4.401247561214753 4.09069467127329 0
6483 4.119140718367149 4.005492332703436 0
6484 4.052737643963211 3.95464261822175 0
6485 3.973177588529691 3.664443811515249 0
6486 3.950029232992875 3.97464739310912 0
6487 3.849084940787751 3.946366013689707 0
6488 4.016857488802723 3.85495978513707 0
6489 4.009431473283963 4.239206016031821 0
6490 4.131732982589691 3.686943379713319 0
6491 4.144891994527969 4.105177975693785 0
6492 4.290664489043588 3.922598512816205 0
6493 4.205286798243859 4.125197085141526 0
6494 4.298117684643412 4.300299759536784 0
6495 4.949139248974623 0.8921247795893725 0
6496 4.198706879755234 3.822261072143283 0
6497 7.165893668579606 1.403367274807783 0
6498 3.780815983836643 4.11734673265432 0
6499 0.9323517139179849 7.457832926550771 0
6500 2.568364786873694 3.400490963592325 0
6501 4.365071109923076 3.978499740353344 0
6502 4.100398969939552 4.028372369089894 0
6503 4.274801121701461 4.289290891060319 0
6504 1.739318601824365 0.8579158923869215 0
6505 4.2329167513175 3.928429721428737 0
6506 3.887422140413631 4.201330798454189 0
6507 3.620703730227812 4.26033057826751 0
6508 3.723006044828802 3.945918184553856 0
6509 4.047691374918862 4.415977109939059 0
6510 3.904881229080312 4.259498319599975 0
6511 4.961527762076491 7.121673054204113 0
6512 4.081578494671254 4.030355627404095 0
6513 4.129273499229718 3.665641245860983 0
6514 3.739193745390736 4.290165784073391 0
6515 4.071748451121137 3.950815074695465 0
6516 3.873747487700685 3.60659726631201 0
6517 4.197015479054183 3.672492128495173 0
6518 3.644011333528357 5.587008478949785 0
6519 3.631894311896445 4.037846891981858 0
6520 3.810772736561715 3.983788004543945 0
6521 4.156312558386619 4.012787398046175 0
6522 3.651016284112117 4.22486949586898 0
6523 4.419901657864399 4.036600898056058 0
6524 4.266621340256952 4.339583382481297 0
6525 3.955696299058515 4.226832285547946 0
6526 3.873942263822824 3.834010332572277 0
6527 3.829644441177689 4.024138849281345 0
6528 3.896119118461156 4.292806366508388 0
6529 4.13955355022685 3.925976637311238 0
6530 4.067293618255217 3.803682979847448 0
6531 4.156081334682958 4.30777803396285 0
6532 4.05454469300617 3.827080922954941 0
6533 3.886933135626299 4.362642766753671 0
6534 7.070577512795585 7.445244866111794 0
6535 4.859722663969796 2.640357591286826 0
6536 4.141015923151342 4.297984750673296 0
6537 3.906326788556302 3.613483274292939 0
6538 4.227172188884092 3.669889920586465 0
6539 4.335287523196912 3.983747087074118 0
6540 4.067431542639501 4.076836148920686 0
6541 2.695452906731704 6.864567308160495 0
6542 2.721548751535547 1.159138496826007 0
6543 3.844099038539535 3.750863219909149 0
6544 3.805838007821194 3.935049204631304 0
6545 4.133050767013412 3.731686985735966 0
6546 3.998797324981765 7.283534892015637 0
6547 3.990423456862105 0.7186046413325222 0
6548 3.665425203602796 4.056991039163259 0
6549 2.21441550556714 1.844289418272678 0
6550 4.38419344626759 4.067605377268059 0
6551 3.697955109698082 4.307155335910034 0
6552 4.284713083417425 4.338538178835612 0
6553 4.340490513461717 3.967750348037783 0
6554 3.576818951518026 4.012414350359015 0
6555 4.037600316855663 4.357420096480657 0
6556 5.409532186264179 2.430135657629352 0
6557 3.881984958705364 4.315571613547323 0
6558 3.745133987804112 4.104067927562676 0
6559 1.200807517598184 6.578941077415868 0
6560 3.997580938053626 3.830276567991929 0
6561 3.792870614360004 4.20407907984903 0
6562 4.104941345535783 3.785475220092672 0
6563 4.104631124310307 3.774961764145946 0
6564 3.998602755246839 4.186918314938576 0
6565 6.116193781781032 4.730489692204118 0
6566 4.351721929572663 3.92421592256092 0
6567 3.840226586458672 4.235802857666708 0
6568 3.915572954891224 3.834076800760469 0
6569 3.922318427927574 3.828018380688265 0
6570 3.732996983966035 1.092469721325212 0
6571 4.172041477947636 4.341651341912495 0
6572 3.872978878338021 3.628866258394662 0
6573 4.242864676106134 3.85364828600178 0
6574 3.507662602132203 4.085139929121442 0
6575 3.688941235804677 4.01074233796747 0
6576 6.897755574512846 3.080706725995791 0
6577 4.228811790186047 4.318918795252588 0
6578 4.157953443842861 3.745663470249636 0
6579 3.854917765557373 3.797420372927324 0
6580 3.970815595870044 4.328831305712652 0
6581 2.906845246209267 4.939681844444475 0
6582 4.308750133850639 4.229205284838699 0
6583 4.186691297343035 3.623918334688783 0
6584 3.832303404031236 3.952079060992629 0
6585 4.133045207978165 4.294347307407636 0
6586 3.904597135212743 3.678454875700815 0
6587 1.647879895165708 7.12195996064329 0
6588 4.112218058273368 4.075626081508373 0
6589 1.189652625316538 5.49767542497831 0
6590 2.211078016191483 6.15266470354432 0
6591 4.268035253830545 3.735024280690765 0
6592 4.175428983885 3.65798205562302 0
6593 3.80460782563191 4.144065337429891 0
6594 4.001604510839389 4.110244522447607 0
6595 4.26988512009766 3.904286710825934 0
6596 4.078547797232424 4.369854946907674 0
6597 4.052218595862801 4.27523320566331 0
6598 4.255014440637376 4.144895278475554 0
6599 4.220590006801523 3.713108559306896 0
6600 3.815192899692082 3.663473282844201 0
6601 3.924231009660951 4.257043031098418 0
6602 4.171202094274791 3.719891500073903 0
6603 4.00181779057884 3.759044085317462 0
6604 4.190363587435349 4.245030039319479 0
6605 3.983152607181614 3.774794613765794 0
6606 4.431617740182858 3.830086391974564 0
6607 0.7644667766646602 4.33627061382283 0
6608 3.860871159271807 3.606322417631651 0
6609 3.59413239238809 3.926975516874724 0
6610 4.029638636867581 4.343828774964384 0
6611 3.948680678050615 3.561710802882477 0
6612 4.245462552179639 3.68418376673586 0
6613 3.8872862015398 4.215221947877765 0
6614 4.253377128437504 3.909626740223025 0
6615 4.115444436242381 4.259012416260184 0
6616 3.862525770241495 4.404529427122704 0
6617 4.107034039627924 4.017871986470858 0
6618 3.897653966618324 4.117626485888101 0
6619 3.753714189749968 4.110182054410454 0
6620 3.792090854771125 3.987263011119103 0
6621 3.894139062368328 3.5827872296468 0
6622 3.95186497795855 4.055092462580619 0
6623 4.38457009520315 4.204279282645687 0
6624 3.87227252073631 4.073412570394962 0
6625 3.922142223927857 3.78988389043986 0
6626 4.082690682014018 3.633173356631989 0
6627 4.241732086665862 4.304854321496452 0
6628 4.109441407041501 4.24412289274504 0
6629 3.690276353792713 4.20385793928262 0
6630 4.151005405989129 4.252332265355643 0
6631 3.877073476122098 4.130516823395655 0
6632 6.471659723835391 3.163838342561974 0
6633 3.931700524764794 4.270880776127594 0
6634 3.808736619170249 4.044456622917053 0
6635 4.245502263860359 4.077481922026529 0
6636 4.392677515145878 3.950223013211209 0
6637 1.804332021843606 5.321491117748649 0
6638 4.308525991217625 4.24415178177063 0
6639 5.651607005339859 0.5144386866171367 0
6640 5.653721075503812 7.490973080539683 0
6641 3.711536608124077 4.276468587567924 0
6642 6.021162829768357 4.034516687963589 0
6643 3.831375283026795 3.682626033806024 0
6644 3.68954171625262 3.945691442823113 0
6645 4.009534278832076 3.652516191363543 0
6646 4.401644924298795 3.976069841057899 0
6647 3.723016322313159 4.230448165728007 0
6648 3.907164923632136 4.195099706390677 0
6649 3.551581144624656 3.837413017346685 0
6650 4.365823405519142 4.207015975547255 0
6651 3.024512071719934 2.876467586064596 0
6652 3.723740124269773 3.706065196488638 0
6653 3.593643676604737 3.863183767622069 0
6654 4.058475724964655 3.639025146241172 0
6655 3.739612002139939 4.126902001458808 0
6656 0.1966082384881394 5.422097064074512 0
6657 4.133912878694072 3.99618318815152 0
6658 4.202819797487266 4.01665094425023 0
6659 3.605611314063915 3.875118637231993 0
6660 3.898249014015149 4.200881824201586 0
6661 3.944007721438061 4.000373059617994 0
6662 4.025457927380651 4.398954270049995 0
6663 4.243926871992951 3.721680793213976 0
6664 4.223109786106624 4.367305553673209 0
6665 4.283005119496994 3.728407904595549 0
6666 4.192078787489248 4.197388859108914 0
6667 3.870325957133312 3.765070618156612 0
6668 4.13504839608656 4.196908902267403 0
6669 3.975857163711532 3.564736454541077 0
6670 4.18412817184132 4.023645141785257 0
6671 4.3299577019698 4.24232188069161 0
6672 3.630577231467932 3.90656397726182 0
6673 4.160961898334 3.984160725493716 0
6674 4.350412505426249 1.542389202616326 0
6675 4.316434500115398 4.023338356514405 0
6676 4.161289518705034 4.251667920538607 0
6677 4.215333340396827 3.966102021120052 0
6678 4.1027683684522 3.650973464909133 0
6679 7.790545928699088 5.884672693634217 0
6680 4.008836134323589 4.408324014521073 0
6681 4.068210067089578 4.180028809196142 0
6682 4.033740237856573 3.556626741737565 0
6683 3.881433590553935 3.805056071266282 0
6684 7.126332936133295 4.843973137742041 0
6685 4.191939442137294 4.37162778362988 0
6686 0.9397709694151364 0.5384085133632377 0
6687 4.374707745327206 3.961171755882607 0
6688 6.719027585006572 6.075082034355573 0
6689 3.850750483351486 4.124196593756228 0
6690 3.919364398981006 3.842228409779363 0
6691 3.548503143818742 3.930544546614041 0
6692 3.930887152986573 3.796241921161073 0
6693 4.209969561619887 4.012142220044918 0
6694 4.26422338712765 3.689666017339309 0
6695 3.640409477368216 3.877487156469582 0
6696 4.287689726141429 4.13296887901803 0
6697 4.384918286106175 3.891394078796249 0
6698 4.606278159618622 5.502960848555253 0
6699 4.337010017800901 3.951822496744056 0
6700 4.245831044950808 3.731577917249665 0
6701 4.019358673090724 3.632787278190055 0
6702 3.833804027227447 4.041230785776092 0
6703 4.434543706939066 4.105321204336069 0
6704 3.705587298902702 3.920519518903818 0
6705 3.832101708437192 3.817231818289016 0
6706 3.873633293568032 3.891683721820583 0
6707 4.141384630249016 3.718528349737144 0
6708 7.000580298036922 5.910468797899824 0
6709 4.094670618516743 3.798192690299523 0
6710 3.828157422126951 3.622920000136256 0
6711 1.077804364039297 2.080288697365884 0
6712 2.50368799653282 4.909739168455522 0
6713 4.18247600876776 4.331743429191426 0
6714 3.993281733568758 3.643174094134602 0
6715 4.073259372491258 4.379170192225366 0
6716 2.954897280757826 0.2157756397528203 0
6717 2.954897280757863 7.784224360247187 0
6718 4.047688404256519 3.702527274692756 0
6719 7.836270008045981 3.108444065726117 0
6720 4.169116233655568 4.142987517959277 0
6721 4.002687197203194 4.42415036542973 0
6722 3.473824500459423 0.7445141824781722 0
6723 4.27486313551417 3.702495107179268 0
6724 1.814060823727689 2.703205108598123 0
6725 3.860162264810473 3.88370314511544 0
6726 4.046650126382113 3.9693177292057 0
6727 4.500757918659454 4.494575972129177 0
6728 4.869927360508375 3.639490777977404 0
6729 4.330105301687189 3.838386093501478 0
6730 3.849350026199679 3.996735055064019 0
6731 4.029318200083825 4.278433941949643 0
6732 4.168772184996698 4.275691611597821 0
6733 3.858062360261584 3.689125701216818 0
6734 5.028146432017259 5.990089602888133 0
6735 5.133752509937231 4.659602603910498 0
6736 4.339185394682406 3.853198925929417 0
6737 4.359346046037433 3.836328910169599 0
6738 4.451909573733277 4.025772315541622 0
6739 4.452061893979232 4.037815710701691 0
6740 4.098428209565489 3.8622768992098 0
6741 3.587431984531834 3.95764254718433 0
6742 4.151708705286637 4.280012226227074 0
6743 5.7842008162226 6.375083734245656 0
6744 4.98735638267281 0.472417020010607 0
6745 4.994213462667467 7.519979551172093 0
6746 4.04374389573841 3.647288418771997 0
6747 3.684117504558645 4.176861058274033 0
6748 4.00305710836452 4.056388129377813 0
6749 5.722217591312903 4.45102134599771 0
6750 3.763424110119623 3.695717042427079 0
6751 3.830205731122648 3.596253833993305 0
6752 4.135661120576832 3.822597911697144 0
6753 3.950834975944013 4.145017307347191 0
6754 4.344679833443257 4.246333228000163 0
6755 4.234304944770063 3.897015452101368 0
6756 4.302466501324201 3.869814810846859 0
6757 3.951938324991925 3.771768416145396 0
6758 3.623225345495151 3.868004668311132 0
6759 4.355408232814345 4.219176669369643 0
6760 3.932572359335141 3.711204188177187 0
6761 3.94709611948136 4.268720065941507 0
6762 3.937882997605329 3.703232732274562 0
6763 1.059148405644719 3.4466138745106 0
6764 4.094802796335763 4.323736900951346 0
6765 4.108052886374573 4.347535971380098 0
6766 4.081574536359175 4.125494619158336 0
6767 3.918708258960287 4.154196063071814 0
6768 3.795646846944624 4.192758152785601 0
6769 4.24953792388044 3.845902965221437 0
6770 0.8238242818129309 3.806305307108396 0
6771 4.219716649031705 4.281281425866111 0
6772 4.361295880799502 3.887198892883306 0
6773 4.026575238832516 4.211701784509276 0
6774 4.086302125345726 4.235389777769149 0
6775 3.859641211007363 4.330747436857664 0
6776 3.913140771642337 3.994516326423973 0
6777 3.86805834770304 4.008684743030215 0
6778 7.463558016211659 0.9098054225069907 0
6779 4.137156727280598 4.348635186080103 0
6780 4.12124056880697 4.360650852515382 0
6781 4.255962325451979 4.166916286173864 0
6782 3.98095705321514 4.15093906581151 0
6783 4.40131930058637 4.169704600750855 0
6784 3.903707927276733 3.655169396502351 0
6785 4.166632134572628 3.663079036359016 0
6786 2.180336042931751 5.241233053364343 0
6787 4.29508819503897 3.851314293756364 0
6788 3.984054563125425 4.167130904890428 0
6789 4.381751478744461 3.7905443342479 0
6790 3.832094227083757 4.083627948821728 0
6791 4.055166350492407 4.458238981394647 0
6792 4.367133970603151 3.86188312079699 0
6793 4.586976049347898 7.544772990100491 0
6794 4.580426385771677 0.4557421909402928 0
6795 3.998898397125099 3.873134450531744 0
6796 3.606775184513043 3.917665146687431 0
6797 4.030722753204897 3.876786733183382 0
6798 3.669293015901169 4.168165768150883 0
6799 4.078213253219539 4.109345788836 0
6800 4.393486835121855 3.930836045049991 0
6801 4.032793375206577 4.418509210524894 0
6802 4.125001304000392 4.30014650961847 0
6803 4.361548468515395 3.996052887368703 0
6804 4.18929414800459 4.049169686737983 0
6805 4.236057833812405 3.672392421305227 0
6806 1.380212925147282 4.018293040686239 0
6807 3.830972002845725 4.094444613295555 0
6808 3.892885330965759 4.255587785118074 0
6809 3.893486512896111 3.905304425859351 0
6810 4.125149621681947 4.372263226987151 0
6811 4.115961869532464 4.106236923827617 0
6812 4.208401090573632 3.894572948980609 0
6813 3.825336555845027 3.81331364202649 0
6814 4.059963136934946 4.391653336439253 0
6815 4.216546862707948 3.899537357274135 0
6816 3.819233426257441 3.986881988747021 0
6817 3.974832304931276 4.41508710152411 0
6818 3.981384614503753 3.632946052800031 0
6819 3.825055244731838 3.728264740470306 0
6820 3.73554139313566 3.923513000465918 0
6821 4.370466301720373 4.090133467244465 0
6822 3.96093137360285 3.877125438451355 0
6823 4.355010684065211 3.933256597240408 0
6824 4.117859585532171 3.629890141648847 0
6825 4.872596274749038 3.101325686577988 0
6826 3.632813291522302 3.880169955481157 0
6827 3.846251793973967 4.383494863330943 0
6828 4.042979948773621 3.795321277870634 0
6829 3.748592117759674 4.202329631328213 0
6830 4.186522625018561 3.762284965535672 0
6831 3.574531970033559 4.123632959348705 0
6832 3.916737163834554 4.393553886744312 0
6833 4.217987760370193 4.09074219886571 0
6834 4.187335303459213 3.844547977346313 0
6835 4.089641791491073 4.287425464707722 0
6836 3.581462312283521 3.84302242194581 0
6837 3.704642533365544 4.01154274119396 0
6838 4.24762324332101 4.350056801237349 0
6839 4.03206808867576 3.894702859687413 0
6840 4.032843587997447 3.921077887770136 0
6841 3.613841205088687 3.899008287075676 0
6842 4.390655042371378 3.904923154172422 0
6843 3.580525161843772 3.903903925984553 0
6844 4.083985006169423 4.157529463554839 0
6845 4.181834572486333 3.816968449732563 0
6846 4.327868581262174 3.864116877850458 0
6847 4.068617276311332 3.592969115721152 0
6848 3.905048364489944 3.64056577038298 0
6849 4.265305271835068 3.707955731481944 0
6850 0.1615730514080274 4.88714504869815 0
6851 3.87539428622885 4.055675457483376 0
6852 4.10907316175668 4.371567478794463 0
6853 4.106477690085222 3.956623039488838 0
6854 3.588268255259077 4.112863996584263 0
6855 4.034221754301501 3.643671641914295 0
6856 7.490847307046518 2.920057526697993 0
6857 4.17983143048933 4.308148889568448 0
6858 0.4902422996902542 0.6921568986255937 0
6859 4.252496930409986 3.828101329835831 0
6860 3.954285561792785 4.082545021653086 0
6861 4.148006695083581 4.360333839106894 0
6862 4.715964933115686 4.567909109414878 0
6863 3.978441428163968 3.720300342506845 0
6864 4.313113581776338 4.092388515110435 0
6865 4.272693322285024 4.214949982092411 0
6866 3.993393363078622 3.661736162055007 0
6867 4.409283320468343 4.047579581818424 0
6868 3.142327293554571 4.267257898164634 0
6869 3.730870107168378 4.142010432264295 0
6870 4.044298004275211 4.340395807618092 0
6871 3.897257551541666 3.428835468915426 0
6872 4.249927910370275 4.335508266788016 0
6873 3.93714191880628 3.925762023322931 0
6874 4.222617381594073 3.879278296462262 0
6875 4.151549261370771 3.705643139740706 0
6876 3.36194200727801 4.284983521702518 0
6877 3.985614373388087 4.311634728474964 0
6878 3.895287496284304 3.779103102694685 0
6879 3.951507033860213 4.071235632827878 0
6880 4.098128738415485 4.082352582431236 0
6881 3.56841220662679 3.893115846543444 0
6882 3.887399150999777 4.402475329139251 0
6883 4.398600082826688 3.881836782144071 0
6884 4.226966761474192 4.12911550356582 0
6885 3.934781303377142 5.81955173631065 0
6886 3.267259207055822 5.862284682378858 0
6887 3.283692595506983 2.133691207382835 0
6888 4.219974330104715 3.722313631717554 0
6889 4.207211291949993 3.683862309035758 0
6890 4.119816030138923 3.782788943442926 0
6891 4.227230348942992 3.660030233692341 0
6892 3.09108611333391 0.9117017235704945 0
6893 5.15130041613294 6.383003303846469 0
6894 3.926506324245486 4.098098745322155 0
6895 4.194137879843976 4.321851384585185 0
6896 3.903308816918393 3.73143441070383 0
6897 4.247263145559731 3.643965814499976 0
6898 4.207069860062543 4.363075636835458 0
6899 3.49393331550932 3.838243135503993 0
6900 4.211673489643116 3.670163314219426 0
6901 4.256540976267472 4.030112664175711 0
6902 0.1742959138236952 6.092027349616057 0
6903 4.064981357124196 4.199433520237823 0
6904 3.963541343661841 4.212319177739958 0
6905 4.070470603738139 4.364723540949211 0
6906 3.833695299606662 4.052314371371435 0
6907 4.145968826139972 4.244977142924644 0
6908 3.655443678468115 4.164707657510814 0
6909 4.35375433552492 4.029665536683765 0
6910 4.204086440408539 3.653227010373053 0
6911 4.266490730067956 3.668896728074775 0
6912 4.273334102623036 3.762289410284612 0
6913 4.059277989188099 4.183179423883909 0
6914 4.138418539484758 4.042514902674995 0
6915 3.942507042336999 4.142718946403927 0
6916 4.219948585055143 3.654901410577327 0
6917 3.982603068072848 4.353856719079351 0
6918 4.043466983879869 4.332037119884628 0
6919 4.095706013696744 3.612633090679263 0
6920 4.25434802255364 3.806732899757943 0
6921 3.928186866243889 4.137705742484636 0
6922 3.94656156696862 3.909266603391865 0
6923 3.943751217125808 3.855121409294726 0
6924 4.282370252109732 4.178305733849287 0
6925 4.122151710518009 3.906007740199493 0
6926 3.83701313837273 4.166924554206327 0
6927 5.743173044464664 6.795553470605313 0
6928 3.878526066959016 4.402173972978625 0
6929 4.173373478177842 3.736058566307555 0
6930 4.165711962239396 3.731269792904413 0
6931 3.868430173312621 3.700595708006947 0
6932 3.916050790371602 3.68943397250262 0
6933 4.271745087250274 4.23222375181669 0
6934 4.032122287036703 4.384645654155067 0
6935 4.285611884653203 3.95863962212161 0
6936 4.123376176540256 4.272597561570497 0
6937 4.296611309042012 4.095024467745476 0
6938 3.761914409495781 3.93978352959851 0
6939 4.190132600660761 3.699576837117909 0
6940 3.928625814708974 3.990251464041465 0
6941 4.064921499384557 4.29011627682304 0
6942 4.579777637660222 2.103272082772087 0
6943 4.047668977318775 4.391956412339455 0
6944 4.010663034660544 4.109929213997298 0
6945 3.82811918225494 3.762836515339002 0
6946 4.038868115740377 4.082904376920427 0
6947 3.510155315184882 1.716808488661966 0
6948 3.645772449010688 4.109878287396497 0
6949 4.208027813702405 3.884811824754927 0
6950 4.084150115572942 4.179038683295123 0
6951 4.108044196375663 3.82137273997224 0
6952 4.089826412489812 3.717494218971309 0
6953 3.713912059574592 3.888984717848785 0
6954 3.987070669045787 3.686370134393479 0
6955 4.229677901990734 3.767907134155386 0
6956 3.895800529933087 3.796504522923632 0
6957 3.8455772372692 4.373436687071889 0
6958 4.576310950792935 5.917176844978675 0
6959 7.293641078888307 3.956408598327961 0
6960 4.007334622709442 4.363623365484673 0
6961 3.926766073407332 4.307659282316775 0
6962 3.869054006369372 4.145916425257945 0
6963 3.693994848481516 3.705116093939267 0
6964 0.1676200691486636 0.4531435442486726 0
6965 3.880293342811721 4.227742654677104 0
6966 4.288492642575171 3.942583412355575 0
6967 3.839233769965691 3.805410243969948 0
6968 4.399119723667652 3.834268302123397 0
6969 4.151410281013209 3.61861701951999 0
6970 3.86630437350537 3.98814475771546 0
6971 4.2716958237436 4.007013423186097 0
6972 3.658930564364554 4.011056583597406 0
6973 6.520200848377257 1.830675224040549 0
6974 3.681730608394686 3.961180323653156 0
6975 3.927752891652424 3.93901160411157 0
6976 4.176944711888723 3.835122591666505 0
6977 3.862143429473829 4.377629036402316 0
6978 3.950351704937908 4.420533426922351 0
6979 4.047414069042795 3.768726547963339 0
6980 3.627125868664618 4.118248411671754 0
6981 3.847016056893771 4.262938052248117 0
6982 4.047855777525283 4.084444378024171 0
6983 3.746761420517327 4.341582377613159 0
6984 4.016614759374195 3.946146252783101 0
6985 4.105707075222247 4.212137416834604 0
6986 3.803814464362981 3.69188608690449 0
$EndNodes
$Elements
13977
1 15 2 0 5 1
2 15 2 0 6 2
3 15 2 0 7 3
4 15 2 0 8 4
5 15 2 0 9 5
6 1 2 0 5 1 6
7 1 2 0 5 6 7
8 1 2 0 5 7 8
9 1 2 0 5 8 9
10 1 2 0 5 9 10
11 1 2 0 5 10 11
12 1 2 0 5 11 12
13 1 2 0 5 12 13
14 1 2 0 5 13 14
15 1 2 0 5 14 15
16 1 2 0 5 15 16
17 1 2 0 5 16 17
18 1 2 0 5 17 18
19 1 2 0 5 18 19
20 1 2 0 5 19 20
21 1 2 0 5 20 21
22 1 2 0 5 21 22
23 1 2 0 5 22 23
24 1 2 0 5 23 24
25 1 2 0 5 24 25
26 1 2 0 5 25 26
27 1 2 0 5 26 27
28 1 2 0 5 27 28
29 1 2 0 5 28 29
30 1 2 0 5 29 30
31 1 2 0 5 30 31
32 1 2 0 5 31 1
33 1 2 0 6 2 32
34 1 2 0 6 32 33
35 1 2 0 6 33 34
36 1 2 0 6 34 35
37 1 2 0 6 35 36
38 1 2 0 6 36 37
39 1 2 0 6 37 38
40 1 2 0 6 38 39
41 1 2 0 6 39 40
42 1 2 0 6 40 41
43 1 2 0 6 41 42
44 1 2 0 6 42 43
45 1 2 0 6 43 44
46 1 2 0 6 44 45
47 1 2 0 6 45 46
48 1 2 0 6 46 47
49 1 2 0 6 47 48
50 1 2 0 6 48 49
51 1 2 0 6 49 50
52 1 2 0 6 50 51
53 1 2 0 6 51 52
54 1 2 0 6 52 53
55 1 2 0 6 53 54
56 1 2 0 6 54 55
57 1 2 0 6 55 56
58 1 2 0 6 56 57
59 1 2 0 6 57 3
60 1 2 0 7 4 58
61 1 2 0 7 58 59
62 1 2 0 7 59 60
63 1 2 0 7 60 61
64 1 2 0 7 61 62
65 1 2 0 7 62 63
66 1 2 0 7 63 64
67 1 2 0 7 64 65
68 1 2 0 7 65 66
69 1 2 0 7 66 67
70 1 2 0 7 67 68
71 1 2 0 7 68 69
72 1 2 0 7 69 70
73 1 2 0 7 70 71
74 1 2 0 7 71 72
75 1 2 0 7 72 73
76 1 2 0 7 73 74
77 1 2 0 7 74 75
78 1 2 0 7 75 76
79 1 2 0 7 76 77
80 1 2 0 7 77 78
81 1 2 0 7 78 79
82 1 2 0 7 79 80
83 1 2 0 7 80 81
84 1 2 0 7 81 82
85 1 2 0 7 82 83
86 1 2 0 7 83 2
87 1 2 0 8 3 84
88 1 2 0 8 84 85
89 1 2 0 8 85 86
90 1 2 0 8 86 87
91 1 2 0 8 87 88
92 1 2 0 8 88 89
93 1 2 0 8 89 90
94 1 2 0 8 90 91
95 1 2 0 8 91 92
96 1 2 0 8 92 93
97 1 2 0 8 93 94
98 1 2 0 8 94 95
99 1 2 0 8 95 96
100 1 2 0 8 96 97
101 1 2 0 8 97 98
102 1 2 0 8 98 99
103 1 2 0 8 99 100
104 1 2 0 8 100 101
105 1 2 0 8 101 102
106 1 2 0 8 102 103
107 1 2 0 8 103 104
108 1 2 0 8 104 105
109 1 2 0 8 105 106
110 1 2 0 8 106 107
111 1 2 0 8 107 108
112 1 2 0 8 108 109
113 1 2 0 8 109 5
114 1 2 0 9 5 110
115 1 2 0 9 110 111
116 1 2 0 9 111 112
117 1 2 0 9 112 113
118 1 2 0 9 113 114
119 1 2 0 9 114 115
120 1 2 0 9 115 116
121 1 2 0 9 116 117
122 1 2 0 9 117 118
123 1 2 0 9 118 119
124 1 2 0 9 119 120
125 1 2 0 9 120 121
126 1 2 0 9 121 122
127 1 2 0 9 122 123
128 1 2 0 9 123 124
129 1 2 0 9 124 125
130 1 2 0 9 125 126
131 1 2 0 9 126 127
132 1 2 0 9 127 128
133 1 2 0 9 128 129
134 1 2 0 9 129 130
135 1 2 0 9 130 131
136 1 2 0 9 131 132
137 1 2 0 9 132 133
138 1 2 0 9 133 134
139 1 2 0 9 134 135
140 1 2 0 9 135 4
141 2 2 0 1 332 3562 2135
142 2 2 0 1 3988 6836 676
143 2 2 0 1 874 2676 2281
144 2 2 0 1 2211 4976 1505
145 2 2 0 1 1036 3338 3072
146 2 2 0 1 1280 3211 2469
147 2 2 0 1 1991 4925 2220
148 2 2 0 1 2220 4925 691
149 2 2 0 1 1756 4911 177
150 2 2 0 1 521 1144 1143
151 2 2 0 1 823 2639 2490
152 2 2 0 1 1802 4329 3603
153 2 2 0 1 4306 4827 1453
154 2 2 0 1 2985 3879 1373
155 2 2 0 1 3076 4223 1859
156 2 2 0 1 256 4223 3076
157 2 2 0 1 2332 6751 592
158 2 2 0 1 1268 5193 1970
159 2 2 0 1 1983 5512 2490
160 2 2 0 1 2490 5512 330
161 2 2 0 1 2674 6085 1883
162 2 2 0 1 2027 4335 1235
163 2 2 0 1 2044 4941 3188
164 2 2 0 1 913 4272 2764
165 2 2 0 1 2764 4272 1723
166 2 2 0 1 548 6124 4562
167 2 2 0 1 4562 6124 2130
168 2 2 0 1 2031 5455 366
169 2 2 0 1 3170 5296 1899
170 2 2 0 1 4234 5289 1493
171 2 2 0 1 1959 3834 896
172 2 2 0 1 5618 6187 2597
173 2 2 0 1 730 3745 1965
174 2 2 0 1 5283 5894 2567
175 2 2 0 1 2659 5227 306
176 2 2 0 1 1982 5227 2659
177 2 2 0 1 1123 4292 2929
178 2 2 0 1 802 4370 3948
179 2 2 0 1 2508 4871 1780
180 2 2 0 1 590 4871 2508
181 2 2 0 1 1027 2730 2323
182 2 2 0 1 792 6148 3012
183 2 2 0 1 2192 2995 1257
184 2 2 0 1 79 2181 78
185 2 2 0 1 185 4815 4023
186 2 2 0 1 1804 5616 520
187 2 2 0 1 2250 5432 1752
188 2 2 0 1 3879 4571 1373
189 2 2 0 1 826 2175 814
190 2 2 0 1 619 3180 2446
191 2 2 0 1 2746 3528 1455
192 2 2 0 1 650 3528 2746
193 2 2 0 1 1684 5276 3465
194 2 2 0 1 748 2464 2366
195 2 2 0 1 749 2465 2367
196 2 2 0 1 2221 2613 1182
197 2 2 0 1 4490 5908 1999
198 2 2 0 1 2651 2713 1043
199 2 2 0 1 311 2713 2651
200 2 2 0 1 1963 3208 290
201 2 2 0 1 4927 4997 1741
202 2 2 0 1 1181 2592 2241
203 2 2 0 1 1301 2880 2249
204 2 2 0 1 592 6751 2487
205 2 2 0 1 2181 2887 78
206 2 2 0 1 486 2643 2375
207 2 2 0 1 2791 4416 299
208 2 2 0 1 1392 3163 2118
209 2 2 0 1 2271 6323 750
210 2 2 0 1 2276 2740 785
211 2 2 0 1 1590 4599 3400
212 2 2 0 1 2224 2650 885
213 2 2 0 1 101 2289 100
214 2 2 0 1 480 3195 2159
215 2 2 0 1 1215 2733 2729
216 2 2 0 1 2729 2733 855
217 2 2 0 1 2451 5609 1981
218 2 2 0 1 722 5609 2451
219 2 2 0 1 3188 4941 938
220 2 2 0 1 2673 5815 5671
221 2 2 0 1 2178 2668 344
222 2 2 0 1 2522 2685 943
223 2 2 0 1 221 2685 2522
224 2 2 0 1 2185 3156 998
225 2 2 0 1 471 3156 2185
226 2 2 0 1 997 3476 2045
227 2 2 0 1 3878 5369 2584
228 2 2 0 1 893 3397 2472
229 2 2 0 1 836 6443 3118
230 2 2 0 1 1280 3801 3211
231 2 2 0 1 4594 4838 2538
232 2 2 0 1 3289 4177 996
233 2 2 0 1 2673 5671 374
234 2 2 0 1 446 5234 2099
235 2 2 0 1 1254 3776 3633
236 2 2 0 1 2632 5129 4609
237 2 2 0 1 2370 3558 1247
238 2 2 0 1 272 3558 2370
239 2 2 0 1 2381 6094 367
240 2 2 0 1 3036 5730 4171
241 2 2 0 1 3036 4171 1674
242 2 2 0 1 1306 3380 2589
243 2 2 0 1 2589 3380 627
244 2 2 0 1 2435 6805 918
245 2 2 0 1 2478 6805 2435
246 2 2 0 1 236 3903 3533
247 2 2 0 1 3533 3903 1917
248 2 2 0 1 295 5592 2132
249 2 2 0 1 543 3852 2524
250 2 2 0 1 2524 3852 1451
251 2 2 0 1 2533 2534 874
252 2 2 0 1 993 2534 2533
253 2 2 0 1 801 2707 2176
254 2 2 0 1 2099 4105 446
255 2 2 0 1 1224 4105 2099
256 2 2 0 1 59 4864 58
257 2 2 0 1 1057 2585 2271
258 2 2 0 1 2549 3732 804
259 2 2 0 1 2522 2523 221
260 2 2 0 1 2481 2568 923
261 2 2 0 1 1108 2704 2217
262 2 2 0 1 2300 2763 1276
263 2 2 0 1 3732 6248 804
264 2 2 0 1 1948 3464 408
265 2 2 0 1 2365 4171 1461
266 2 2 0 1 623 4171 2365
267 2 2 0 1 911 2547 2298
268 2 2 0 1 2473 3198 733
269 2 2 0 1 1402 3198 2473
270 2 2 0 1 2928 3856 1188
271 2 2 0 1 2075 2855 930
272 2 2 0 1 1102 2796 2576
273 2 2 0 1 2502 2686 1187
274 2 2 0 1 778 2686 2502
275 2 2 0 1 2114 3261 422
276 2 2 0 1 294 5574 2511
277 2 2 0 1 367 6094 2499
278 2 2 0 1 2519 2523 941
279 2 2 0 1 221 2523 2519
280 2 2 0 1 954 2782 2556
281 2 2 0 1 954 2783 2782
282 2 2 0 1 2204 3706 415
283 2 2 0 1 275 4520 3451
284 2 2 0 1 842 1933 711
285 2 2 0 1 875 2606 2605
286 2 2 0 1 2605 2606 1015
287 2 2 0 1 721 4389 2181
288 2 2 0 1 2464 4970 4599
289 2 2 0 1 1999 5465 2649
290 2 2 0 1 2416 2477 872
291 2 2 0 1 342 2822 2630
292 2 2 0 1 1038 6508 2278
293 2 2 0 1 930 6183 2075
294 2 2 0 1 944 2523 2522
295 2 2 0 1 1779 5894 5283
296 2 2 0 1 608 3217 2705
297 2 2 0 1 301 4999 2879
298 2 2 0 1 362 6665 2500
299 2 2 0 1 2515 6665 362
300 2 2 0 1 2362 2516 221
301 2 2 0 1 2360 2515 899
302 2 2 0 1 2519 6723 2362
303 2 2 0 1 899 2518 2360
304 2 2 0 1 221 2519 2362
305 2 2 0 1 2361 2517 865
306 2 2 0 1 2360 2518 378
307 2 2 0 1 899 2515 2363
308 2 2 0 1 899 2519 2518
309 2 2 0 1 2363 2515 362
310 2 2 0 1 2518 2519 941
311 2 2 0 1 2516 2517 900
312 2 2 0 1 2362 6723 865
313 2 2 0 1 899 6723 2519
314 2 2 0 1 2363 6723 899
315 2 2 0 1 379 2607 2435
316 2 2 0 1 2666 3054 1044
317 2 2 0 1 2868 2890 908
318 2 2 0 1 879 3004 2436
319 2 2 0 1 2434 3004 879
320 2 2 0 1 58 4864 4265
321 2 2 0 1 2080 2891 1537
322 2 2 0 1 404 5618 2597
323 2 2 0 1 3465 5276 2032
324 2 2 0 1 290 6129 1963
325 2 2 0 1 349 3297 1980
326 2 2 0 1 1066 5535 3791
327 2 2 0 1 2012 3098 790
328 2 2 0 1 900 2478 2435
329 2 2 0 1 4910 5574 294
330 2 2 0 1 2050 5566 5395
331 2 2 0 1 1989 3543 591
332 2 2 0 1 3407 5036 456
333 2 2 0 1 6723 6849 865
334 2 2 0 1 2886 4520 275
335 2 2 0 1 408 3757 1948
336 2 2 0 1 1326 4523 2881
337 2 2 0 1 2881 4523 1840
338 2 2 0 1 761 3056 2111
339 2 2 0 1 1543 4891 4742
340 2 2 0 1 2810 4556 848
341 2 2 0 1 2649 5465 851
342 2 2 0 1 431 6333 814
343 2 2 0 1 2609 3123 1199
344 2 2 0 1 247 3123 2609
345 2 2 0 1 1290 5824 4280
346 2 2 0 1 682 2728 2208
347 2 2 0 1 2114 2835 866
348 2 2 0 1 872 5028 2416
349 2 2 0 1 2585 6323 2271
350 2 2 0 1 3437 6208 2414
351 2 2 0 1 2029 4417 2027
352 2 2 0 1 2420 5759 696
353 2 2 0 1 370 2575 2306
354 2 2 0 1 1621 3616 1095
355 2 2 0 1 1263 5524 2401
356 2 2 0 1 805 2634 2267
357 2 2 0 1 2499 2566 367
358 2 2 0 1 1543 4742 3058
359 2 2 0 1 765 2546 2545
360 2 2 0 1 2545 2546 1541
361 2 2 0 1 900 6612 2478
362 2 2 0 1 2094 2865 725
363 2 2 0 1 1984 3304 326
364 2 2 0 1 2554 2556 382
365 2 2 0 1 954 2556 2554
366 2 2 0 1 884 4572 2723
367 2 2 0 1 3598 4263 1825
368 2 2 0 1 1453 4827 2864
369 2 2 0 1 4333 6212 3361
370 2 2 0 1 2517 6612 900
371 2 2 0 1 2906 6101 4397
372 2 2 0 1 897 2555 2554
373 2 2 0 1 2554 2555 954
374 2 2 0 1 2841 4610 1840
375 2 2 0 1 637 4610 2841
376 2 2 0 1 896 3962 1959
377 2 2 0 1 2406 3405 835
378 2 2 0 1 2382 4919 4291
379 2 2 0 1 1493 5289 3246
380 2 2 0 1 1038 5924 1989
381 2 2 0 1 1298 5320 4357
382 2 2 0 1 1936 6463 6196
383 2 2 0 1 426 6860 2112
384 2 2 0 1 6196 6463 155
385 2 2 0 1 343 5739 5357
386 2 2 0 1 2744 4892 4873
387 2 2 0 1 2343 3124 795
388 2 2 0 1 1103 3600 2419
389 2 2 0 1 2516 6694 2517
390 2 2 0 1 2744 4873 867
391 2 2 0 1 944 4206 2523
392 2 2 0 1 2345 2721 831
393 2 2 0 1 2378 6508 1038
394 2 2 0 1 1980 4961 349
395 2 2 0 1 192 2857 2118
396 2 2 0 1 3856 4224 1188
397 2 2 0 1 2810 5667 4556
398 2 2 0 1 2354 3493 1305
399 2 2 0 1 2361 2586 898
400 2 2 0 1 1168 5294 1657
401 2 2 0 1 3322 5156 357
402 2 2 0 1 2382 4291 1293
403 2 2 0 1 611 3645 2961
404 2 2 0 1 2961 3645 1585
405 2 2 0 1 149 2426 1994
406 2 2 0 1 1058 3004 2913
407 2 2 0 1 3315 3597 1010
408 2 2 0 1 1717 3597 3315
409 2 2 0 1 660 3696 3472
410 2 2 0 1 3428 4432 561
411 2 2 0 1 944 1574 1284
412 2 2 0 1 2160 4937 583
413 2 2 0 1 1528 4937 2160
414 2 2 0 1 905 5996 5487
415 2 2 0 1 4567 4586 1754
416 2 2 0 1 5049 6643 3262
417 2 2 0 1 1432 4049 2488
418 2 2 0 1 1841 4882 4397
419 2 2 0 1 2841 4572 884
420 2 2 0 1 3124 5805 795
421 2 2 0 1 383 3312 2594
422 2 2 0 1 2713 3115 1043
423 2 2 0 1 3347 3568 1647
424 2 2 0 1 336 5421 3595
425 2 2 0 1 1202 3003 2305
426 2 2 0 1 265 5049 3262
427 2 2 0 1 3555 4490 1999
428 2 2 0 1 559 5474 4186
429 2 2 0 1 3118 6443 2252
430 2 2 0 1 1537 5175 2080
431 2 2 0 1 2153 4894 703
432 2 2 0 1 2702 3811 1473
433 2 2 0 1 911 3811 2702
434 2 2 0 1 2402 5821 1914
435 2 2 0 1 3603 4329 332
436 2 2 0 1 3472 3696 1767
437 2 2 0 1 911 3007 2547
438 2 2 0 1 2275 2751 1093
439 2 2 0 1 1756 5938 314
440 2 2 0 1 2039 4079 1182
441 2 2 0 1 2533 2916 406
442 2 2 0 1 2157 5140 331
443 2 2 0 1 1587 5140 2157
444 2 2 0 1 3164 4042 1426
445 2 2 0 1 3164 5300 4042
446 2 2 0 1 3791 5535 1902
447 2 2 0 1 2232 3040 378
448 2 2 0 1 716 3021 2341
449 2 2 0 1 2341 3021 1385
450 2 2 0 1 591 4284 1989
451 2 2 0 1 3087 3178 1075
452 2 2 0 1 1458 3178 3087
453 2 2 0 1 2389 6305 211
454 2 2 0 1 2906 4397 878
455 2 2 0 1 2695 4119 1336
456 2 2 0 1 216 2608 2359
457 2 2 0 1 1271 4422 3161
458 2 2 0 1 487 3554 218
459 2 2 0 1 888 2689 2270
460 2 2 0 1 2103 4887 1041
461 2 2 0 1 3482 4551 368
462 2 2 0 1 146 6044 2384
463 2 2 0 1 2630 2822 826
464 2 2 0 1 1196 3033 2244
465 2 2 0 1 638 6734 1984
466 2 2 0 1 2141 3076 850
467 2 2 0 1 5487 5996 2137
468 2 2 0 1 2043 5222 1267
469 2 2 0 1 2350 2598 903
470 2 2 0 1 550 2598 2350
471 2 2 0 1 2034 6273 4795
472 2 2 0 1 2894 5243 363
473 2 2 0 1 4186 5474 1950
474 2 2 0 1 6305 6348 211
475 2 2 0 1 2112 4394 1242
476 2 2 0 1 2196 5738 1695
477 2 2 0 1 865 2586 2361
478 2 2 0 1 232 3047 2419
479 2 2 0 1 948 5979 2156
480 2 2 0 1 2270 2689 239
481 2 2 0 1 1250 6058 4914
482 2 2 0 1 6076 6704 925
483 2 2 0 1 2741 3338 1036
484 2 2 0 1 510 3132 2042
485 2 2 0 1 778 4594 2538
486 2 2 0 1 631 3536 2658
487 2 2 0 1 2176 5980 801
488 2 2 0 1 961 4333 3361
489 2 2 0 1 3239 3293 620
490 2 2 0 1 1004 3293 3239
491 2 2 0 1 1987 4679 4108
492 2 2 0 1 977 6098 2031
493 2 2 0 1 22 2249 23
494 2 2 0 1 2281 2676 228
495 2 2 0 1 2866 4927 1741
496 2 2 0 1 1646 4205 4090
497 2 2 0 1 2715 5083 339
498 2 2 0 1 2761 3397 893
499 2 2 0 1 4795 6273 485
500 2 2 0 1 1467 3878 2584
501 2 2 0 1 2273 2706 1054
502 2 2 0 1 904 3825 3498
503 2 2 0 1 3498 3825 1847
504 2 2 0 1 322 3894 2161
505 2 2 0 1 2161 3894 1162
506 2 2 0 1 2114 3055 916
507 2 2 0 1 422 3055 2114
508 2 2 0 1 680 5212 2497
509 2 2 0 1 2497 5212 1835
510 2 2 0 1 723 5502 2844
511 2 2 0 1 735 4069 3444
512 2 2 0 1 3444 4069 1900
513 2 2 0 1 2990 3099 923
514 2 2 0 1 2260 2719 845
515 2 2 0 1 1293 6120 2382
516 2 2 0 1 878 4207 2486
517 2 2 0 1 2250 6550 5432
518 2 2 0 1 1381 2684 2280
519 2 2 0 1 2449 5966 5481
520 2 2 0 1 2240 2744 867
521 2 2 0 1 2014 3312 1002
522 2 2 0 1 2220 6551 1991
523 2 2 0 1 1048 3568 3347
524 2 2 0 1 4537 4544 533
525 2 2 0 1 2892 5536 4893
526 2 2 0 1 2563 3357 1024
527 2 2 0 1 2097 4692 659
528 2 2 0 1 1367 4692 2097
529 2 2 0 1 3197 3546 1233
530 2 2 0 1 2097 4678 1367
531 2 2 0 1 4469 4955 109
532 2 2 0 1 601 6214 2172
533 2 2 0 1 701 4361 2577
534 2 2 0 1 2139 2909 388
535 2 2 0 1 4894 4981 982
536 2 2 0 1 326 5648 1984
537 2 2 0 1 2261 4373 4372
538 2 2 0 1 835 3405 2539
539 2 2 0 1 4519 5009 1658
540 2 2 0 1 2774 5920 4581
541 2 2 0 1 1498 2530 2529
542 2 2 0 1 2529 2530 772
543 2 2 0 1 808 5283 2567
544 2 2 0 1 1984 3864 638
545 2 2 0 1 2627 2897 908
546 2 2 0 1 1096 3125 1839
547 2 2 0 1 525 3224 2200
548 2 2 0 1 2200 3224 1399
549 2 2 0 1 1104 3874 3425
550 2 2 0 1 3596 6201 2077
551 2 2 0 1 2513 2959 320
552 2 2 0 1 1053 2959 2513
553 2 2 0 1 2488 4049 415
554 2 2 0 1 1174 3725 3464
555 2 2 0 1 1881 6044 146
556 2 2 0 1 4357 5320 1668
557 2 2 0 1 2156 5979 4332
558 2 2 0 1 2449 5481 138
559 2 2 0 1 669 6421 2033
560 2 2 0 1 1358 3099 2990
561 2 2 0 1 2049 6039 2552
562 2 2 0 1 3299 4894 982
563 2 2 0 1 109 4955 108
564 2 2 0 1 948 4263 3598
565 2 2 0 1 1899 5508 3170
566 2 2 0 1 729 5400 2128
567 2 2 0 1 2128 5400 1823
568 2 2 0 1 378 5882 2232
569 2 2 0 1 2589 2590 1306
570 2 2 0 1 816 2590 2589
571 2 2 0 1 883 4264 2531
572 2 2 0 1 305 4208 2538
573 2 2 0 1 821 2693 2303
574 2 2 0 1 1989 4284 1038
575 2 2 0 1 1140 2890 2868
576 2 2 0 1 2552 2819 1392
577 2 2 0 1 296 5358 3280
578 2 2 0 1 2280 5975 351
579 2 2 0 1 2159 4892 480
580 2 2 0 1 1495 4892 2159
581 2 2 0 1 2715 6343 5083
582 2 2 0 1 1559 5214 2206
583 2 2 0 1 1184 3813 2557
584 2 2 0 1 925 6704 2742
585 2 2 0 1 2677 3596 2077
586 2 2 0 1 1558 5162 2286
587 2 2 0 1 455 3057 2248
588 2 2 0 1 851 5465 2440
589 2 2 0 1 742 5080 3010
590 2 2 0 1 321 1499 674
591 2 2 0 1 2417 2588 876
592 2 2 0 1 1085 3943 2182
593 2 2 0 1 2476 4182 750
594 2 2 0 1 3065 5028 872
595 2 2 0 1 2584 2803 1021
596 2 2 0 1 387 2803 2584
597 2 2 0 1 4090 4205 1005
598 2 2 0 1 2258 4155 1157
599 2 2 0 1 447 4709 3680
600 2 2 0 1 194 4712 2699
601 2 2 0 1 2062 3802 1045
602 2 2 0 1 182 3440 2208
603 2 2 0 1 2208 3440 1037
604 2 2 0 1 4108 4679 1317
605 2 2 0 1 194 4716 4712
606 2 2 0 1 2748 4001 375
607 2 2 0 1 2397 4974 1708
608 2 2 0 1 442 4974 2397
609 2 2 0 1 2111 4497 143
610 2 2 0 1 2729 4311 570
611 2 2 0 1 794 5215 3836
612 2 2 0 1 823 3031 2091
613 2 2 0 1 1994 3779 149
614 2 2 0 1 1000 2721 2283
615 2 2 0 1 1427 5174 4430
616 2 2 0 1 8 2266 9
617 2 2 0 1 924 2568 2481
618 2 2 0 1 2117 5239 1078
619 2 2 0 1 1861 5243 2894
620 2 2 0 1 2640 5739 343
621 2 2 0 1 318 4106 3580
622 2 2 0 1 2382 6120 2896
623 2 2 0 1 2211 6055 4976
624 2 2 0 1 2369 2643 486
625 2 2 0 1 1235 2029 2027
626 2 2 0 1 351 5975 4089
627 2 2 0 1 723 3627 2201
628 2 2 0 1 2201 3627 1076
629 2 2 0 1 3365 6517 724
630 2 2 0 1 631 5021 4790
631 2 2 0 1 2987 5082 274
632 2 2 0 1 1337 3832 3471
633 2 2 0 1 3010 3200 1406
634 2 2 0 1 535 3200 3010
635 2 2 0 1 3280 5358 2082
636 2 2 0 1 4614 4830 813
637 2 2 0 1 2738 3219 1025
638 2 2 0 1 1280 3219 2738
639 2 2 0 1 380 3062 2702
640 2 2 0 1 812 4225 2173
641 2 2 0 1 337 5821 2402
642 2 2 0 1 1821 5062 2904
643 2 2 0 1 1002 3485 2014
644 2 2 0 1 2307 2711 856
645 2 2 0 1 689 4076 2303
646 2 2 0 1 3536 5094 2658
647 2 2 0 1 2334 4877 713
648 2 2 0 1 1620 4877 2334
649 2 2 0 1 893 2773 2463
650 2 2 0 1 3449 4527 1283
651 2 2 0 1 414 2691 2690
652 2 2 0 1 2690 2691 1008
653 2 2 0 1 2641 3096 1155
654 2 2 0 1 386 3096 2641
655 2 2 0 1 2435 2607 900
656 2 2 0 1 1785 4854 2313
657 2 2 0 1 2111 3997 761
658 2 2 0 1 2708 4924 4890
659 2 2 0 1 781 2612 2445
660 2 2 0 1 681 5296 3170
661 2 2 0 1 903 6345 2350
662 2 2 0 1 1667 4903 4355
663 2 2 0 1 4354 4902 1666
664 2 2 0 1 3115 3344 1043
665 2 2 0 1 2170 2912 1012
666 2 2 0 1 1525 2912 2170
667 2 2 0 1 13 3978 2444
668 2 2 0 1 1016 2610 2440
669 2 2 0 1 818 2973 2142
670 2 2 0 1 2617 3275 1225
671 2 2 0 1 515 3275 2617
672 2 2 0 1 2884 4280 1700
673 2 2 0 1 2033 4718 669
674 2 2 0 1 937 3079 147
675 2 2 0 1 2708 4890 268
676 2 2 0 1 2165 2917 953
677 2 2 0 1 3615 3780 1288
678 2 2 0 1 2011 6303 4131
679 2 2 0 1 4790 5021 1964
680 2 2 0 1 2445 2612 1060
681 2 2 0 1 2547 6304 2298
682 2 2 0 1 1108 2956 2704
683 2 2 0 1 2704 2956 978
684 2 2 0 1 1020 4993 2611
685 2 2 0 1 2611 4993 1809
686 2 2 0 1 734 4618 2786
687 2 2 0 1 2596 2597 857
688 2 2 0 1 1137 2597 2596
689 2 2 0 1 938 4085 2780
690 2 2 0 1 2964 4180 249
691 2 2 0 1 1733 4180 2964
692 2 2 0 1 4914 6058 1873
693 2 2 0 1 824 3348 2688
694 2 2 0 1 1073 3706 2204
695 2 2 0 1 342 2630 2570
696 2 2 0 1 2729 6139 4311
697 2 2 0 1 2654 2843 1059
698 2 2 0 1 612 4564 2216
699 2 2 0 1 2216 4564 1411
700 2 2 0 1 6304 6891 2298
701 2 2 0 1 2550 2926 793
702 2 2 0 1 1098 2926 2550
703 2 2 0 1 4089 5532 351
704 2 2 0 1 999 4525 2092
705 2 2 0 1 2332 3796 2330
706 2 2 0 1 592 3796 2332
707 2 2 0 1 4294 4639 1701
708 2 2 0 1 2436 3004 1058
709 2 2 0 1 2552 6039 324
710 2 2 0 1 790 4405 2012
711 2 2 0 1 2153 5169 4894
712 2 2 0 1 2077 6201 484
713 2 2 0 1 2904 5062 350
714 2 2 0 1 2577 4545 701
715 2 2 0 1 222 6505 2260
716 2 2 0 1 898 2913 2361
717 2 2 0 1 2473 4740 4425
718 2 2 0 1 1281 4725 3760
719 2 2 0 1 1259 3465 2032
720 2 2 0 1 620 3241 3239
721 2 2 0 1 2647 4582 509
722 2 2 0 1 2045 4245 624
723 2 2 0 1 1043 3344 2043
724 2 2 0 1 3358 4099 1200
725 2 2 0 1 1024 2859 2563
726 2 2 0 1 2563 2859 400
727 2 2 0 1 2142 6355 818
728 2 2 0 1 2434 6805 361
729 2 2 0 1 1947 5082 2987
730 2 2 0 1 2695 5775 4119
731 2 2 0 1 885 6094 2224
732 2 2 0 1 913 2764 2304
733 2 2 0 1 1830 4551 3482
734 2 2 0 1 4131 6303 316
735 2 2 0 1 2317 4761 1433
736 2 2 0 1 475 4421 2700
737 2 2 0 1 2265 2802 1290
738 2 2 0 1 2575 6780 929
739 2 2 0 1 2786 3918 466
740 2 2 0 1 1555 3918 2786
741 2 2 0 1 2710 6780 2575
742 2 2 0 1 2405 3452 253
743 2 2 0 1 361 6805 2478
744 2 2 0 1 2504 4607 1614
745 2 2 0 1 586 4607 2504
746 2 2 0 1 2440 6827 851
747 2 2 0 1 2119 6070 2967
748 2 2 0 1 2468 6345 903
749 2 2 0 1 2363 6849 6723
750 2 2 0 1 382 5707 2554
751 2 2 0 1 362 5611 2242
752 2 2 0 1 2971 6738 932
753 2 2 0 1 2499 6930 2329
754 2 2 0 1 885 6930 2499
755 2 2 0 1 1051 4585 4360
756 2 2 0 1 2629 2815 975
757 2 2 0 1 1609 2815 2629
758 2 2 0 1 2038 3623 1181
759 2 2 0 1 3558 4167 1313
760 2 2 0 1 3012 6148 2083
761 2 2 0 1 2588 3079 1035
762 2 2 0 1 2842 3970 922
763 2 2 0 1 1762 3677 2315
764 2 2 0 1 2608 6663 2359
765 2 2 0 1 898 6663 2608
766 2 2 0 1 1531 4412 3948
767 2 2 0 1 3948 4412 414
768 2 2 0 1 2307 3154 1010
769 2 2 0 1 404 3154 2307
770 2 2 0 1 1132 4245 2045
771 2 2 0 1 3948 6372 802
772 2 2 0 1 2871 6308 5881
773 2 2 0 1 3190 4305 425
774 2 2 0 1 81 4686 2104
775 2 2 0 1 831 2722 2345
776 2 2 0 1 409 5670 3298
777 2 2 0 1 953 6509 2165
778 2 2 0 1 2159 2987 1495
779 2 2 0 1 2392 3976 1564
780 2 2 0 1 5465 6124 2440
781 2 2 0 1 3406 5174 1427
782 2 2 0 1 2351 3863 1651
783 2 2 0 1 564 4170 2268
784 2 2 0 1 2213 3066 1508
785 2 2 0 1 3035 3099 1358
786 2 2 0 1 226 3099 3035
787 2 2 0 1 696 4900 2420
788 2 2 0 1 2319 3548 1327
789 2 2 0 1 1023 3456 3095
790 2 2 0 1 2285 6031 759
791 2 2 0 1 1918 6031 2285
792 2 2 0 1 154 4207 2735
793 2 2 0 1 2568 2760 394
794 2 2 0 1 559 2622 2587
795 2 2 0 1 2587 2622 1003
796 2 2 0 1 761 2727 2384
797 2 2 0 1 2384 2727 926
798 2 2 0 1 2610 6827 2440
799 2 2 0 1 2871 5881 968
800 2 2 0 1 2152 6756 5760
801 2 2 0 1 2768 6678 334
802 2 2 0 1 906 4460 2106
803 2 2 0 1 2929 4292 1479
804 2 2 0 1 929 6852 2413
805 2 2 0 1 878 4397 4207
806 2 2 0 1 2772 6284 3903
807 2 2 0 1 2065 5805 3124
808 2 2 0 1 2947 5849 753
809 2 2 0 1 366 3773 2031
810 2 2 0 1 4835 6167 1918
811 2 2 0 1 848 4556 3395
812 2 2 0 1 2374 6678 2768
813 2 2 0 1 2842 5154 393
814 2 2 0 1 1968 5154 2842
815 2 2 0 1 3252 3517 474
816 2 2 0 1 378 3040 2360
817 2 2 0 1 2106 3823 906
818 2 2 0 1 2099 5688 1224
819 2 2 0 1 1573 4116 1221
820 2 2 0 1 2600 2827 1700
821 2 2 0 1 1007 2827 2600
822 2 2 0 1 1091 2806 2340
823 2 2 0 1 1063 3611 2683
824 2 2 0 1 5207 5692 2139
825 2 2 0 1 3111 6860 426
826 2 2 0 1 173 5992 2223
827 2 2 0 1 4880 4960 1593
828 2 2 0 1 2458 6852 929
829 2 2 0 1 1909 5765 2391
830 2 2 0 1 2391 5765 598
831 2 2 0 1 2844 4362 723
832 2 2 0 1 2850 4264 883
833 2 2 0 1 5395 5566 702
834 2 2 0 1 2045 6632 1132
835 2 2 0 1 2466 6242 5029
836 2 2 0 1 2264 3168 348
837 2 2 0 1 1673 3244 151
838 2 2 0 1 1218 3103 2792
839 2 2 0 1 2425 3432 1146
840 2 2 0 1 159 3432 2425
841 2 2 0 1 2507 5672 1922
842 2 2 0 1 3115 3147 444
843 2 2 0 1 780 3690 2415
844 2 2 0 1 3643 3943 1085
845 2 2 0 1 2555 3695 202
846 2 2 0 1 990 2858 2665
847 2 2 0 1 661 815 214
848 2 2 0 1 1236 6610 2227
849 2 2 0 1 2629 2666 640
850 2 2 0 1 975 2666 2629
851 2 2 0 1 2751 3027 1093
852 2 2 0 1 1425 3140 2205
853 2 2 0 1 4425 4740 1279
854 2 2 0 1 2031 3773 977
855 2 2 0 1 3834 4606 1776
856 2 2 0 1 321 3468 946
857 2 2 0 1 644 3869 2003
858 2 2 0 1 2946 5707 382
859 2 2 0 1 2981 4880 1593
860 2 2 0 1 2409 6127 2022
861 2 2 0 1 1498 4213 2530
862 2 2 0 1 2530 4213 220
863 2 2 0 1 1181 4390 2038
864 2 2 0 1 1182 4391 2039
865 2 2 0 1 1350 4797 2079
866 2 2 0 1 2079 4797 645
867 2 2 0 1 2343 4314 1418
868 2 2 0 1 662 4314 2343
869 2 2 0 1 1062 2856 2333
870 2 2 0 1 895 3720 2699
871 2 2 0 1 2699 3720 1403
872 2 2 0 1 1095 6390 1621
873 2 2 0 1 1795 5026 4850
874 2 2 0 1 3396 3432 1300
875 2 2 0 1 4360 4585 1996
876 2 2 0 1 1194 3362 3300
877 2 2 0 1 2992 5787 825
878 2 2 0 1 511 3250 2866
879 2 2 0 1 2866 3250 1325
880 2 2 0 1 454 5672 2507
881 2 2 0 1 3420 4208 305
882 2 2 0 1 2032 6410 1259
883 2 2 0 1 105 2311 104
884 2 2 0 1 3226 5735 2485
885 2 2 0 1 3542 4833 1118
886 2 2 0 1 4367 5290 1569
887 2 2 0 1 1053 6919 2453
888 2 2 0 1 2455 6919 1053
889 2 2 0 1 2451 6904 722
890 2 2 0 1 816 5964 2404
891 2 2 0 1 2003 4082 644
892 2 2 0 1 1214 2734 2637
893 2 2 0 1 2637 2734 844
894 2 2 0 1 3918 4386 466
895 2 2 0 1 1874 4629 4064
896 2 2 0 1 2684 5975 2280
897 2 2 0 1 1242 5048 2112
898 2 2 0 1 2716 5585 3537
899 2 2 0 1 474 3517 2701
900 2 2 0 1 1913 6187 5618
901 2 2 0 1 3351 6756 2152
902 2 2 0 1 1162 6127 2409
903 2 2 0 1 1060 3871 2141
904 2 2 0 1 5239 5414 1078
905 2 2 0 1 2410 5996 905
906 2 2 0 1 3813 5472 2557
907 2 2 0 1 1320 4704 2087
908 2 2 0 1 2043 5778 1043
909 2 2 0 1 2430 6538 879
910 2 2 0 1 3298 5670 1973
911 2 2 0 1 2238 3144 961
912 2 2 0 1 477 3144 2238
913 2 2 0 1 927 2919 476
914 2 2 0 1 879 6538 2434
915 2 2 0 1 964 6132 2177
916 2 2 0 1 2042 3933 1059
917 2 2 0 1 3183 4085 938
918 2 2 0 1 379 2759 2607
919 2 2 0 1 2199 6155 1581
920 2 2 0 1 1065 3860 2453
921 2 2 0 1 2466 5029 760
922 2 2 0 1 908 2890 2352
923 2 2 0 1 2994 3874 1104
924 2 2 0 1 1509 4081 3549
925 2 2 0 1 317 4326 2424
926 2 2 0 1 4730 5633 3657
927 2 2 0 1 2091 4926 823
928 2 2 0 1 2090 3354 655
929 2 2 0 1 2397 5861 442
930 2 2 0 1 2559 5566 2050
931 2 2 0 1 260 4415 2239
932 2 2 0 1 4414 5281 1255
933 2 2 0 1 1096 4187 2046
934 2 2 0 1 2076 6552 826
935 2 2 0 1 148 3237 2111
936 2 2 0 1 1964 5372 5040
937 2 2 0 1 624 3807 2045
938 2 2 0 1 925 6362 6076
939 2 2 0 1 2463 3571 893
940 2 2 0 1 2046 4804 1096
941 2 2 0 1 2543 6166 2542
942 2 2 0 1 3595 5421 1992
943 2 2 0 1 1377 3808 3591
944 2 2 0 1 3896 4096 1441
945 2 2 0 1 1267 5635 2043
946 2 2 0 1 1692 3040 2232
947 2 2 0 1 3467 5483 754
948 2 2 0 1 2250 3249 1720
949 2 2 0 1 812 4337 2878
950 2 2 0 1 447 3680 2620
951 2 2 0 1 2620 3680 1332
952 2 2 0 1 3604 5742 388
953 2 2 0 1 2567 2754 808
954 2 2 0 1 1223 2754 2567
955 2 2 0 1 1290 2884 2265
956 2 2 0 1 2660 3322 357
957 2 2 0 1 1049 3319 2824
958 2 2 0 1 2096 5965 2616
959 2 2 0 1 2616 5965 340
960 2 2 0 1 2291 5564 5104
961 2 2 0 1 2647 5505 4582
962 2 2 0 1 1325 3583 3340
963 2 2 0 1 937 5597 3079
964 2 2 0 1 925 4735 2583
965 2 2 0 1 446 2927 2526
966 2 2 0 1 2526 2927 1017
967 2 2 0 1 2042 4063 510
968 2 2 0 1 1059 4063 2042
969 2 2 0 1 131 2327 130
970 2 2 0 1 37 2328 36
971 2 2 0 1 572 2915 2415
972 2 2 0 1 866 3261 2114
973 2 2 0 1 2527 3603 850
974 2 2 0 1 768 5069 2438
975 2 2 0 1 2045 3807 997
976 2 2 0 1 697 5224 2330
977 2 2 0 1 3196 3600 1103
978 2 2 0 1 1030 3499 2068
979 2 2 0 1 2468 3377 549
980 2 2 0 1 1139 3064 2497
981 2 2 0 1 481 3965 2319
982 2 2 0 1 2198 2939 887
983 2 2 0 1 2340 2806 345
984 2 2 0 1 1358 4048 3035
985 2 2 0 1 3197 4815 185
986 2 2 0 1 1355 4240 2456
987 2 2 0 1 1179 3404 2084
988 2 2 0 1 2705 4716 1611
989 2 2 0 1 4599 4970 1390
990 2 2 0 1 3272 3777 1701
991 2 2 0 1 1038 3777 3272
992 2 2 0 1 1051 2908 2312
993 2 2 0 1 1358 4328 4048
994 2 2 0 1 4207 6494 2735
995 2 2 0 1 1041 4915 2103
996 2 2 0 1 2238 3684 962
997 2 2 0 1 2200 3212 525
998 2 2 0 1 2829 3197 1233
999 2 2 0 1 2143 5787 2992
1000 2 2 0 1 332 5839 3562
1001 2 2 0 1 1695 5580 2196
1002 2 2 0 1 945 3388 946
1003 2 2 0 1 2385 3640 1189
1004 2 2 0 1 585 3640 2385
1005 2 2 0 1 1696 3436 2544
1006 2 2 0 1 2544 3436 432
1007 2 2 0 1 579 3226 2485
1008 2 2 0 1 754 5549 3467
1009 2 2 0 1 2516 2685 221
1010 2 2 0 1 1121 3917 2537
1011 2 2 0 1 508 3719 3330
1012 2 2 0 1 2632 4609 433
1013 2 2 0 1 2717 3719 508
1014 2 2 0 1 2480 2715 339
1015 2 2 0 1 2950 4165 1613
1016 2 2 0 1 22 4110 2249
1017 2 2 0 1 3275 3425 1225
1018 2 2 0 1 1118 2871 2853
1019 2 2 0 1 2853 2871 968
1020 2 2 0 1 3533 3740 1213
1021 2 2 0 1 2236 3227 320
1022 2 2 0 1 403 5404 2938
1023 2 2 0 1 4008 5310 534
1024 2 2 0 1 1443 3693 2809
1025 2 2 0 1 2809 3693 990
1026 2 2 0 1 2664 5075 141
1027 2 2 0 1 2474 6214 601
1028 2 2 0 1 2879 4999 1745
1029 2 2 0 1 3799 6097 654
1030 2 2 0 1 2291 5104 1571
1031 2 2 0 1 645 6935 2079
1032 2 2 0 1 1971 5636 2805
1033 2 2 0 1 3135 3243 222
1034 2 2 0 1 2498 5266 408
1035 2 2 0 1 2892 4893 869
1036 2 2 0 1 2395 2911 158
1037 2 2 0 1 963 2911 2395
1038 2 2 0 1 3034 4137 497
1039 2 2 0 1 521 1145 1144
1040 2 2 0 1 2438 6797 768
1041 2 2 0 1 2439 6797 1210
1042 2 2 0 1 1210 6797 2438
1043 2 2 0 1 2249 4110 1301
1044 2 2 0 1 1901 5008 2867
1045 2 2 0 1 2867 5008 773
1046 2 2 0 1 379 3774 2759
1047 2 2 0 1 2081 3993 935
1048 2 2 0 1 277 4801 3736
1049 2 2 0 1 936 4805 2346
1050 2 2 0 1 3685 4237 307
1051 2 2 0 1 2193 5516 1664
1052 2 2 0 1 361 6612 2361
1053 2 2 0 1 3493 5309 1305
1054 2 2 0 1 549 6928 2468
1055 2 2 0 1 2197 3047 1023
1056 2 2 0 1 5066 5631 1878
1057 2 2 0 1 3373 3854 1186
1058 2 2 0 1 2416 6943 2477
1059 2 2 0 1 1172 3843 2898
1060 2 2 0 1 1839 4187 1096
1061 2 2 0 1 2464 4599 460
1062 2 2 0 1 3870 4554 1246
1063 2 2 0 1 508 3248 2717
1064 2 2 0 1 2717 3248 1220
1065 2 2 0 1 1549 2869 2680
1066 2 2 0 1 484 5844 2077
1067 2 2 0 1 1922 6880 2507
1068 2 2 0 1 2487 4529 963
1069 2 2 0 1 1012 5381 2170
1070 2 2 0 1 3102 5458 829
1071 2 2 0 1 2039 4391 3679
1072 2 2 0 1 3679 4391 460
1073 2 2 0 1 3400 4599 1390
1074 2 2 0 1 1091 2982 2806
1075 2 2 0 1 344 5578 2178
1076 2 2 0 1 2440 3052 1016
1077 2 2 0 1 548 3052 2440
1078 2 2 0 1 2435 6304 379
1079 2 2 0 1 3533 5607 3740
1080 2 2 0 1 411 3589 2320
1081 2 2 0 1 3498 4040 904
1082 2 2 0 1 1333 6965 2059
1083 2 2 0 1 655 4778 2090
1084 2 2 0 1 2779 4295 1410
1085 2 2 0 1 2583 6362 925
1086 2 2 0 1 2977 3725 1174
1087 2 2 0 1 406 2846 2533
1088 2 2 0 1 2533 2846 993
1089 2 2 0 1 2878 4337 1494
1090 2 2 0 1 916 4275 2114
1091 2 2 0 1 2899 3261 866
1092 2 2 0 1 1348 3261 2899
1093 2 2 0 1 970 2916 2281
1094 2 2 0 1 2132 5592 2988
1095 2 2 0 1 3007 6897 2547
1096 2 2 0 1 749 6892 2465
1097 2 2 0 1 4609 5129 1462
1098 2 2 0 1 1282 4345 2232
1099 2 2 0 1 561 4432 3017
1100 2 2 0 1 107 4955 2206
1101 2 2 0 1 2326 5992 173
1102 2 2 0 1 405 3027 2751
1103 2 2 0 1 4397 4882 1430
1104 2 2 0 1 347 6736 4751
1105 2 2 0 1 1851 5156 3322
1106 2 2 0 1 3695 3792 202
1107 2 2 0 1 2211 4864 60
1108 2 2 0 1 400 6732 5143
1109 2 2 0 1 4198 4832 1595
1110 2 2 0 1 2216 4898 612
1111 2 2 0 1 2260 6505 2719
1112 2 2 0 1 3638 6205 4183
1113 2 2 0 1 2385 3871 1060
1114 2 2 0 1 2392 3303 525
1115 2 2 0 1 2078 3848 986
1116 2 2 0 1 2228 3026 162
1117 2 2 0 1 2533 5698 2916
1118 2 2 0 1 1405 3243 3135
1119 2 2 0 1 1384 3310 2372
1120 2 2 0 1 2085 6673 174
1121 2 2 0 1 988 4932 2085
1122 2 2 0 1 1078 6771 2117
1123 2 2 0 1 2118 4936 1392
1124 2 2 0 1 2272 5340 1662
1125 2 2 0 1 783 3137 2471
1126 2 2 0 1 2368 6474 931
1127 2 2 0 1 931 6474 2369
1128 2 2 0 1 430 2906 2288
1129 2 2 0 1 364 6410 2687
1130 2 2 0 1 3217 4290 2705
1131 2 2 0 1 886 3579 2372
1132 2 2 0 1 2442 5010 1454
1133 2 2 0 1 802 5691 2698
1134 2 2 0 1 2698 5691 2024
1135 2 2 0 1 870 5833 3057
1136 2 2 0 1 3016 4066 208
1137 2 2 0 1 2538 4913 778
1138 2 2 0 1 1705 4913 2538
1139 2 2 0 1 838 2814 2394
1140 2 2 0 1 2687 6410 6188
1141 2 2 0 1 3057 5833 2248
1142 2 2 0 1 868 6956 3211
1143 2 2 0 1 3249 4447 1720
1144 2 2 0 1 3009 3792 2521
1145 2 2 0 1 202 3792 3009
1146 2 2 0 1 174 3635 2085
1147 2 2 0 1 2085 3635 988
1148 2 2 0 1 3034 6565 4137
1149 2 2 0 1 2059 6231 1333
1150 2 2 0 1 2272 3616 1621
1151 2 2 0 1 1164 3288 3080
1152 2 2 0 1 2306 3042 914
1153 2 2 0 1 1045 5790 2062
1154 2 2 0 1 486 3433 2369
1155 2 2 0 1 3515 4710 234
1156 2 2 0 1 2249 2880 935
1157 2 2 0 1 2586 6663 898
1158 2 2 0 1 2217 6776 965
1159 2 2 0 1 3970 4442 922
1160 2 2 0 1 2760 2858 394
1161 2 2 0 1 901 6665 2360
1162 2 2 0 1 1149 4064 2176
1163 2 2 0 1 998 4937 4650
1164 2 2 0 1 5199 5459 2672
1165 2 2 0 1 2068 3873 1030
1166 2 2 0 1 169 3873 2068
1167 2 2 0 1 3170 5738 2196
1168 2 2 0 1 2776 4735 925
1169 2 2 0 1 1739 3943 3643
1170 2 2 0 1 1008 3121 2935
1171 2 2 0 1 2935 3121 1289
1172 2 2 0 1 6094 6707 2224
1173 2 2 0 1 2404 5964 2831
1174 2 2 0 1 5162 6207 2286
1175 2 2 0 1 1664 5491 2193
1176 2 2 0 1 2476 6128 4182
1177 2 2 0 1 2772 3903 1177
1178 2 2 0 1 2655 4779 882
1179 2 2 0 1 370 2710 2575
1180 2 2 0 1 502 3496 2103
1181 2 2 0 1 902 3963 2447
1182 2 2 0 1 2283 3315 1010
1183 2 2 0 1 1292 4301 3034
1184 2 2 0 1 3034 4301 1751
1185 2 2 0 1 3373 5211 3854
1186 2 2 0 1 3211 6956 2469
1187 2 2 0 1 2618 3095 1147
1188 2 2 0 1 428 3095 2618
1189 2 2 0 1 1058 3247 2436
1190 2 2 0 1 2436 3247 424
1191 2 2 0 1 2173 4882 812
1192 2 2 0 1 5287 5916 2825
1193 2 2 0 1 674 3423 1329
1194 2 2 0 1 1986 5742 3604
1195 2 2 0 1 2369 3433 931
1196 2 2 0 1 943 6911 2607
1197 2 2 0 1 379 6304 2547
1198 2 2 0 1 1290 4280 2884
1199 2 2 0 1 49 5498 2821
1200 2 2 0 1 2820 5497 118
1201 2 2 0 1 550 4267 2798
1202 2 2 0 1 1841 4833 3542
1203 2 2 0 1 3054 3670 1044
1204 2 2 0 1 2004 6097 3799
1205 2 2 0 1 2654 6183 930
1206 2 2 0 1 2587 2712 968
1207 2 2 0 1 1003 2712 2587
1208 2 2 0 1 2682 3715 193
1209 2 2 0 1 1362 3715 2682
1210 2 2 0 1 940 5971 2234
1211 2 2 0 1 5430 5895 1589
1212 2 2 0 1 1210 3659 2439
1213 2 2 0 1 2439 3659 418
1214 2 2 0 1 49 2821 48
1215 2 2 0 1 119 2820 118
1216 2 2 0 1 2242 6663 2586
1217 2 2 0 1 2801 5624 764
1218 2 2 0 1 2048 5624 2801
1219 2 2 0 1 253 5909 3268
1220 2 2 0 1 2111 3056 148
1221 2 2 0 1 850 5023 2141
1222 2 2 0 1 861 3799 2390
1223 2 2 0 1 724 4592 3365
1224 2 2 0 1 1225 2893 2617
1225 2 2 0 1 2068 3892 169
1226 2 2 0 1 1098 3216 2926
1227 2 2 0 1 2260 3135 222
1228 2 2 0 1 2685 6911 943
1229 2 2 0 1 1074 2732 2578
1230 2 2 0 1 2578 2732 863
1231 2 2 0 1 4468 5121 57
1232 2 2 0 1 110 5122 4469
1233 2 2 0 1 1608 4730 3657
1234 2 2 0 1 2027 5534 4335
1235 2 2 0 1 153 5219 2678
1236 2 2 0 1 2678 5219 1845
1237 2 2 0 1 89 2383 88
1238 2 2 0 1 2273 3559 757
1239 2 2 0 1 1054 3559 2273
1240 2 2 0 1 2402 5471 337
1241 2 2 0 1 1789 5471 2402
1242 2 2 0 1 2201 5502 723
1243 2 2 0 1 3505 3771 51
1244 2 2 0 1 116 3772 3506
1245 2 2 0 1 2361 6612 2517
1246 2 2 0 1 2181 4389 2887
1247 2 2 0 1 2664 6234 5075
1248 2 2 0 1 2791 3783 1449
1249 2 2 0 1 715 3783 2791
1250 2 2 0 1 1074 3130 2732
1251 2 2 0 1 935 4463 2081
1252 2 2 0 1 258 5488 3504
1253 2 2 0 1 425 4305 3070
1254 2 2 0 1 1769 4040 3498
1255 2 2 0 1 865 6694 2362
1256 2 2 0 1 2957 3039 751
1257 2 2 0 1 1239 3039 2957
1258 2 2 0 1 1028 3228 2371
1259 2 2 0 1 2371 3228 377
1260 2 2 0 1 2099 5234 2696
1261 2 2 0 1 3294 3971 1173
1262 2 2 0 1 53 2386 52
1263 2 2 0 1 115 2387 114
1264 2 2 0 1 2749 4144 1550
1265 2 2 0 1 527 4144 2749
1266 2 2 0 1 4751 6736 2408
1267 2 2 0 1 415 4534 2204
1268 2 2 0 1 824 2808 2442
1269 2 2 0 1 999 4165 2950
1270 2 2 0 1 2303 6110 689
1271 2 2 0 1 3010 3955 535
1272 2 2 0 1 1685 3955 3010
1273 2 2 0 1 2522 5366 944
1274 2 2 0 1 1778 5759 2420
1275 2 2 0 1 968 5881 2587
1276 2 2 0 1 914 3204 2306
1277 2 2 0 1 1569 5290 3269
1278 2 2 0 1 585 5571 2315
1279 2 2 0 1 2315 5571 1762
1280 2 2 0 1 3309 5193 523
1281 2 2 0 1 1008 2935 2690
1282 2 2 0 1 2404 2831 1125
1283 2 2 0 1 4064 4629 629
1284 2 2 0 1 1383 4708 2218
1285 2 2 0 1 2218 4708 211
1286 2 2 0 1 315 6078 1480
1287 2 2 0 1 3910 4413 803
1288 2 2 0 1 617 3708 2981
1289 2 2 0 1 2981 3708 1520
1290 2 2 0 1 1772 4440 3444
1291 2 2 0 1 406 2916 2448
1292 2 2 0 1 2448 2916 970
1293 2 2 0 1 924 2760 2568
1294 2 2 0 1 366 5455 2494
1295 2 2 0 1 2482 5344 86
1296 2 2 0 1 208 4066 3454
1297 2 2 0 1 2806 2982 1011
1298 2 2 0 1 681 3170 2196
1299 2 2 0 1 917 3179 2370
1300 2 2 0 1 940 6525 6305
1301 2 2 0 1 1589 5895 3302
1302 2 2 0 1 890 4717 2268
1303 2 2 0 1 2725 3015 1086
1304 2 2 0 1 163 3015 2725
1305 2 2 0 1 456 4667 3407
1306 2 2 0 1 4544 5630 3108
1307 2 2 0 1 623 3484 2314
1308 2 2 0 1 55 5121 2286
1309 2 2 0 1 2287 5122 112
1310 2 2 0 1 2805 5636 873
1311 2 2 0 1 4674 5232 2631
1312 2 2 0 1 2161 6696 322
1313 2 2 0 1 3633 3776 1104
1314 2 2 0 1 2912 3810 562
1315 2 2 0 1 1525 3810 2912
1316 2 2 0 1 2266 4899 9
1317 2 2 0 1 5861 6653 442
1318 2 2 0 1 3950 5539 1249
1319 2 2 0 1 658 4000 3177
1320 2 2 0 1 3177 4000 1704
1321 2 2 0 1 2216 4460 906
1322 2 2 0 1 1288 3780 2845
1323 2 2 0 1 2185 3211 471
1324 2 2 0 1 659 6455 2097
1325 2 2 0 1 3130 6936 2732
1326 2 2 0 1 2716 3537 1101
1327 2 2 0 1 133 5181 2432
1328 2 2 0 1 2433 5182 34
1329 2 2 0 1 1296 4687 2807
1330 2 2 0 1 3930 4325 1658
1331 2 2 0 1 2728 5038 922
1332 2 2 0 1 4400 5357 2080
1333 2 2 0 1 2801 5582 137
1334 2 2 0 1 343 5357 4400
1335 2 2 0 1 1246 4554 3245
1336 2 2 0 1 384 4272 2222
1337 2 2 0 1 2562 3263 265
1338 2 2 0 1 1100 3263 2562
1339 2 2 0 1 2116 5414 5239
1340 2 2 0 1 1127 3221 3051
1341 2 2 0 1 2176 4807 1149
1342 2 2 0 1 2242 5917 362
1343 2 2 0 1 2467 5026 1795
1344 2 2 0 1 2079 3886 1350
1345 2 2 0 1 1582 4515 4138
1346 2 2 0 1 1228 3462 2701
1347 2 2 0 1 2084 4407 1179
1348 2 2 0 1 1810 5998 2592
1349 2 2 0 1 2118 4785 192
1350 2 2 0 1 887 3753 2198
1351 2 2 0 1 2133 6716 42
1352 2 2 0 1 125 6717 2134
1353 2 2 0 1 3843 5184 2898
1354 2 2 0 1 2360 6665 2515
1355 2 2 0 1 966 5439 2413
1356 2 2 0 1 1019 5735 3226
1357 2 2 0 1 299 5079 2791
1358 2 2 0 1 759 3488 2285
1359 2 2 0 1 2913 3004 361
1360 2 2 0 1 826 2822 2076
1361 2 2 0 1 2125 6010 188
1362 2 2 0 1 1175 2804 2498
1363 2 2 0 1 372 3863 2351
1364 2 2 0 1 706 4263 2156
1365 2 2 0 1 2864 3495 1453
1366 2 2 0 1 920 4544 3108
1367 2 2 0 1 3354 4853 655
1368 2 2 0 1 327 3667 2109
1369 2 2 0 1 2108 3668 326
1370 2 2 0 1 907 3212 2200
1371 2 2 0 1 2320 2946 966
1372 2 2 0 1 1182 4079 2221
1373 2 2 0 1 2221 4079 297
1374 2 2 0 1 1658 5009 2945
1375 2 2 0 1 5881 6754 2587
1376 2 2 0 1 939 6436 2376
1377 2 2 0 1 2375 6436 939
1378 2 2 0 1 2250 3145 1056
1379 2 2 0 1 1752 3145 2250
1380 2 2 0 1 1278 3769 2611
1381 2 2 0 1 3180 5972 2446
1382 2 2 0 1 331 5725 2157
1383 2 2 0 1 2967 6703 4051
1384 2 2 0 1 3892 6950 4509
1385 2 2 0 1 4716 5373 1611
1386 2 2 0 1 2453 3860 1053
1387 2 2 0 1 2052 6137 4474
1388 2 2 0 1 2938 5404 1919
1389 2 2 0 1 704 3113 2245
1390 2 2 0 1 12 3978 13
1391 2 2 0 1 941 2943 2518
1392 2 2 0 1 2382 2896 318
1393 2 2 0 1 2361 2913 361
1394 2 2 0 1 615 5127 2412
1395 2 2 0 1 2412 5127 1677
1396 2 2 0 1 57 5121 56
1397 2 2 0 1 111 5122 110
1398 2 2 0 1 929 6780 2458
1399 2 2 0 1 656 5454 5239
1400 2 2 0 1 1492 3139 2855
1401 2 2 0 1 2472 6834 893
1402 2 2 0 1 202 2784 2555
1403 2 2 0 1 2555 2784 954
1404 2 2 0 1 2107 3732 333
1405 2 2 0 1 2782 2783 402
1406 2 2 0 1 2783 2784 1022
1407 2 2 0 1 2556 2782 953
1408 2 2 0 1 954 2784 2783
1409 2 2 0 1 1986 4853 3354
1410 2 2 0 1 2376 2920 939
1411 2 2 0 1 2669 6525 940
1412 2 2 0 1 2456 4240 433
1413 2 2 0 1 2735 5544 1747
1414 2 2 0 1 2132 5130 295
1415 2 2 0 1 3836 6449 794
1416 2 2 0 1 2087 4025 1320
1417 2 2 0 1 2619 6057 1003
1418 2 2 0 1 1145 3983 1144
1419 2 2 0 1 2635 2760 924
1420 2 2 0 1 2558 3396 1300
1421 2 2 0 1 2607 2759 943
1422 2 2 0 1 3340 3583 163
1423 2 2 0 1 1993 5849 2947
1424 2 2 0 1 2413 2873 929
1425 2 2 0 1 2636 4779 1676
1426 2 2 0 1 882 4779 2636
1427 2 2 0 1 3216 6530 2926
1428 2 2 0 1 1258 3610 2603
1429 2 2 0 1 2603 3610 165
1430 2 2 0 1 3069 3650 594
1431 2 2 0 1 1524 3650 3069
1432 2 2 0 1 3078 3193 1342
1433 2 2 0 1 271 3193 3078
1434 2 2 0 1 2669 5609 722
1435 2 2 0 1 1952 5609 2669
1436 2 2 0 1 2316 3104 502
1437 2 2 0 1 2227 6610 3274
1438 2 2 0 1 1904 6268 2251
1439 2 2 0 1 3140 5568 2205
1440 2 2 0 1 526 5568 3140
1441 2 2 0 1 922 5038 2842
1442 2 2 0 1 2362 6694 2516
1443 2 2 0 1 2290 6086 835
1444 2 2 0 1 2444 3100 1242
1445 2 2 0 1 963 4529 2737
1446 2 2 0 1 966 6144 2320
1447 2 2 0 1 1722 5287 2825
1448 2 2 0 1 1087 3817 2356
1449 2 2 0 1 2291 3044 705
1450 2 2 0 1 1663 3990 3120
1451 2 2 0 1 3120 3990 1161
1452 2 2 0 1 3284 4937 998
1453 2 2 0 1 1090 6477 5035
1454 2 2 0 1 3312 5606 2594
1455 2 2 0 1 2112 5048 426
1456 2 2 0 1 194 5349 4964
1457 2 2 0 1 4496 4516 917
1458 2 2 0 1 485 2920 2376
1459 2 2 0 1 1754 4586 2688
1460 2 2 0 1 2568 2990 923
1461 2 2 0 1 3170 5508 952
1462 2 2 0 1 2772 3171 642
1463 2 2 0 1 1177 3171 2772
1464 2 2 0 1 2107 6248 3732
1465 2 2 0 1 1127 2997 2846
1466 2 2 0 1 2846 2997 993
1467 2 2 0 1 2094 5588 2933
1468 2 2 0 1 2933 5588 385
1469 2 2 0 1 533 4544 2645
1470 2 2 0 1 1321 4809 2104
1471 2 2 0 1 2092 4525 99
1472 2 2 0 1 2200 3366 907
1473 2 2 0 1 2135 3603 332
1474 2 2 0 1 2103 4915 502
1475 2 2 0 1 1571 5274 2291
1476 2 2 0 1 4751 4959 347
1477 2 2 0 1 2207 4934 1285
1478 2 2 0 1 544 5415 2653
1479 2 2 0 1 99 5567 2092
1480 2 2 0 1 228 5874 2281
1481 2 2 0 1 4280 6010 1700
1482 2 2 0 1 2824 3319 1183
1483 2 2 0 1 333 6470 2107
1484 2 2 0 1 288 6619 6558
1485 2 2 0 1 4004 4681 1860
1486 2 2 0 1 917 4516 2628
1487 2 2 0 1 725 4104 2094
1488 2 2 0 1 991 2760 2635
1489 2 2 0 1 2217 4153 1108
1490 2 2 0 1 924 5462 2635
1491 2 2 0 1 3279 5024 2064
1492 2 2 0 1 839 5024 3279
1493 2 2 0 1 5525 5998 1810
1494 2 2 0 1 2779 6441 4295
1495 2 2 0 1 1657 4548 1168
1496 2 2 0 1 4267 5774 2798
1497 2 2 0 1 2557 3493 1184
1498 2 2 0 1 470 3493 2557
1499 2 2 0 1 2661 3185 250
1500 2 2 0 1 1106 3185 2661
1501 2 2 0 1 1785 5928 4854
1502 2 2 0 1 1243 4008 2338
1503 2 2 0 1 2338 4008 534
1504 2 2 0 1 2576 2796 884
1505 2 2 0 1 862 5551 2396
1506 2 2 0 1 3012 5689 792
1507 2 2 0 1 177 3043 2102
1508 2 2 0 1 811 2853 2712
1509 2 2 0 1 4788 6258 1744
1510 2 2 0 1 2498 5799 5266
1511 2 2 0 1 2662 6619 288
1512 2 2 0 1 222 3243 2240
1513 2 2 0 1 242 5199 2672
1514 2 2 0 1 1307 3232 2447
1515 2 2 0 1 1179 3974 2277
1516 2 2 0 1 394 2990 2568
1517 2 2 0 1 2330 6384 697
1518 2 2 0 1 2748 5032 1861
1519 2 2 0 1 264 3405 2406
1520 2 2 0 1 5206 6472 2072
1521 2 2 0 1 3638 4183 1518
1522 2 2 0 1 774 5692 5207
1523 2 2 0 1 3641 5943 311
1524 2 2 0 1 2616 5528 788
1525 2 2 0 1 169 5191 2225
1526 2 2 0 1 2225 5191 1537
1527 2 2 0 1 5418 6985 1030
1528 2 2 0 1 5656 5797 2461
1529 2 2 0 1 649 4606 3834
1530 2 2 0 1 2499 6578 2566
1531 2 2 0 1 5143 6170 400
1532 2 2 0 1 8 3050 2266
1533 2 2 0 1 3377 3555 549
1534 2 2 0 1 441 6040 2581
1535 2 2 0 1 2581 6040 2037
1536 2 2 0 1 5475 5791 1997
1537 2 2 0 1 3187 3345 1152
1538 2 2 0 1 3443 6877 5215
1539 2 2 0 1 2451 4838 1398
1540 2 2 0 1 324 2819 2552
1541 2 2 0 1 2764 6654 2304
1542 2 2 0 1 753 4975 2947
1543 2 2 0 1 2104 4809 81
1544 2 2 0 1 2561 2817 860
1545 2 2 0 1 162 3812 2228
1546 2 2 0 1 1567 4256 2769
1547 2 2 0 1 2769 4256 673
1548 2 2 0 1 2104 6444 1321
1549 2 2 0 1 2092 3882 999
1550 2 2 0 1 3010 4776 742
1551 2 2 0 1 890 5611 4717
1552 2 2 0 1 2288 5060 1103
1553 2 2 0 1 3356 3698 1251
1554 2 2 0 1 1164 3080 2812
1555 2 2 0 1 2134 3592 125
1556 2 2 0 1 42 3593 2133
1557 2 2 0 1 2415 2915 1100
1558 2 2 0 1 986 4405 2078
1559 2 2 0 1 960 3978 2095
1560 2 2 0 1 143 3997 2111
1561 2 2 0 1 919 5407 2396
1562 2 2 0 1 784 3042 2306
1563 2 2 0 1 3443 5215 1936
1564 2 2 0 1 319 6654 2764
1565 2 2 0 1 2940 3907 1424
1566 2 2 0 1 326 4027 2108
1567 2 2 0 1 2788 5984 782
1568 2 2 0 1 1502 4197 2683
1569 2 2 0 1 2683 4197 360
1570 2 2 0 1 5616 6373 1803
1571 2 2 0 1 6105 6453 2521
1572 2 2 0 1 2576 3429 227
1573 2 2 0 1 5069 5705 2438
1574 2 2 0 1 2829 3252 474
1575 2 2 0 1 1233 3252 2829
1576 2 2 0 1 1115 2924 2756
1577 2 2 0 1 16 2648 17
1578 2 2 0 1 1010 6005 2307
1579 2 2 0 1 1207 3227 2236
1580 2 2 0 1 2873 6437 2187
1581 2 2 0 1 2318 3353 1165
1582 2 2 0 1 1450 3353 2318
1583 2 2 0 1 2366 6328 748
1584 2 2 0 1 2109 4183 327
1585 2 2 0 1 3331 3880 1501
1586 2 2 0 1 3044 5744 705
1587 2 2 0 1 787 3337 2304
1588 2 2 0 1 2308 3049 235
1589 2 2 0 1 1414 4177 3289
1590 2 2 0 1 2874 3776 1254
1591 2 2 0 1 2739 2750 1177
1592 2 2 0 1 3207 5206 2072
1593 2 2 0 1 2203 5744 3044
1594 2 2 0 1 2227 3274 1212
1595 2 2 0 1 3395 4556 1725
1596 2 2 0 1 979 2965 2743
1597 2 2 0 1 2735 6277 5544
1598 2 2 0 1 1365 4482 2295
1599 2 2 0 1 2295 4482 732
1600 2 2 0 1 1532 3910 243
1601 2 2 0 1 2602 3471 1191
1602 2 2 0 1 542 3471 2602
1603 2 2 0 1 2507 2857 1371
1604 2 2 0 1 1449 4416 2791
1605 2 2 0 1 825 4590 2992
1606 2 2 0 1 789 6405 2888
1607 2 2 0 1 667 5175 2243
1608 2 2 0 1 2243 5175 1537
1609 2 2 0 1 2188 6123 6119
1610 2 2 0 1 2808 5010 2442
1611 2 2 0 1 2421 6602 5731
1612 2 2 0 1 1020 2953 2803
1613 2 2 0 1 5214 6253 2206
1614 2 2 0 1 369 2870 2509
1615 2 2 0 1 2509 2870 959
1616 2 2 0 1 2157 4948 1587
1617 2 2 0 1 909 5405 4940
1618 2 2 0 1 2552 5291 2049
1619 2 2 0 1 298 4135 2652
1620 2 2 0 1 2917 6934 2477
1621 2 2 0 1 1016 4029 3060
1622 2 2 0 1 424 5256 2574
1623 2 2 0 1 4195 4793 594
1624 2 2 0 1 1425 3683 3140
1625 2 2 0 1 1168 6385 5294
1626 2 2 0 1 2637 4407 223
1627 2 2 0 1 1377 3587 2874
1628 2 2 0 1 2874 3587 529
1629 2 2 0 1 751 3039 2425
1630 2 2 0 1 1487 4924 2274
1631 2 2 0 1 3903 6284 1917
1632 2 2 0 1 2448 2908 406
1633 2 2 0 1 381 6281 2254
1634 2 2 0 1 228 6934 2917
1635 2 2 0 1 2030 4613 2724
1636 2 2 0 1 2724 4613 342
1637 2 2 0 1 3500 3733 1510
1638 2 2 0 1 1589 5036 3407
1639 2 2 0 1 2588 6825 3079
1640 2 2 0 1 2317 5845 4761
1641 2 2 0 1 529 3793 2794
1642 2 2 0 1 867 6052 2240
1643 2 2 0 1 320 5855 2236
1644 2 2 0 1 2940 5261 3907
1645 2 2 0 1 2577 3960 1356
1646 2 2 0 1 204 3960 2577
1647 2 2 0 1 1600 3515 3455
1648 2 2 0 1 3455 3515 1078
1649 2 2 0 1 170 4275 2335
1650 2 2 0 1 563 3260 2671
1651 2 2 0 1 2671 3260 1133
1652 2 2 0 1 1581 5369 3878
1653 2 2 0 1 554 4447 3249
1654 2 2 0 1 5731 6602 1013
1655 2 2 0 1 1032 3839 2284
1656 2 2 0 1 274 4022 2987
1657 2 2 0 1 4640 4923 609
1658 2 2 0 1 1764 5569 2378
1659 2 2 0 1 703 5153 2153
1660 2 2 0 1 894 2750 2739
1661 2 2 0 1 3892 4509 1712
1662 2 2 0 1 2427 3234 171
1663 2 2 0 1 2800 3346 1077
1664 2 2 0 1 1335 3346 2800
1665 2 2 0 1 2771 5873 4358
1666 2 2 0 1 4358 5873 1190
1667 2 2 0 1 886 4464 2431
1668 2 2 0 1 4956 5504 159
1669 2 2 0 1 931 5641 3853
1670 2 2 0 1 656 3412 2199
1671 2 2 0 1 1056 3249 2250
1672 2 2 0 1 2087 5984 2788
1673 2 2 0 1 2481 3863 372
1674 2 2 0 1 919 4288 2479
1675 2 2 0 1 362 6591 5611
1676 2 2 0 1 953 6814 2556
1677 2 2 0 1 5462 6418 2635
1678 2 2 0 1 2628 3407 1635
1679 2 2 0 1 2007 6932 2804
1680 2 2 0 1 2655 5914 4779
1681 2 2 0 1 3213 3333 1441
1682 2 2 0 1 255 3333 3213
1683 2 2 0 1 2205 5568 971
1684 2 2 0 1 2611 3769 181
1685 2 2 0 1 2431 2941 886
1686 2 2 0 1 6139 6932 2007
1687 2 2 0 1 1010 3154 2283
1688 2 2 0 1 2807 4687 4105
1689 2 2 0 1 1887 5888 4704
1690 2 2 0 1 2182 4107 1085
1691 2 2 0 1 3066 3663 1508
1692 2 2 0 1 1083 3663 3066
1693 2 2 0 1 3395 5628 848
1694 2 2 0 1 3039 4644 1774
1695 2 2 0 1 2304 3487 787
1696 2 2 0 1 1372 6839 2483
1697 2 2 0 1 2301 6130 1514
1698 2 2 0 1 956 6810 6780
1699 2 2 0 1 2786 4618 1555
1700 2 2 0 1 2177 4313 964
1701 2 2 0 1 2196 6440 681
1702 2 2 0 1 1023 6370 2197
1703 2 2 0 1 2461 5850 1890
1704 2 2 0 1 569 5850 2461
1705 2 2 0 1 1802 3603 2527
1706 2 2 0 1 96 2747 95
1707 2 2 0 1 2270 5838 888
1708 2 2 0 1 1387 5905 5341
1709 2 2 0 1 2389 5971 940
1710 2 2 0 1 3160 4693 281
1711 2 2 0 1 478 4285 3619
1712 2 2 0 1 950 4918 2243
1713 2 2 0 1 387 3709 2271
1714 2 2 0 1 2271 3709 1057
1715 2 2 0 1 2381 6707 6094
1716 2 2 0 1 2481 5220 924
1717 2 2 0 1 2614 4052 1198
1718 2 2 0 1 3964 6175 887
1719 2 2 0 1 2663 2990 394
1720 2 2 0 1 2782 6509 953
1721 2 2 0 1 835 6086 2406
1722 2 2 0 1 3444 4440 735
1723 2 2 0 1 155 3175 2459
1724 2 2 0 1 1043 2914 2651
1725 2 2 0 1 1185 4053 3305
1726 2 2 0 1 3054 4326 317
1727 2 2 0 1 3118 3975 836
1728 2 2 0 1 2512 6839 1372
1729 2 2 0 1 1311 1756 177
1730 2 2 0 1 2946 6715 6596
1731 2 2 0 1 3976 5546 1564
1732 2 2 0 1 2946 6596 966
1733 2 2 0 1 779 5656 2461
1734 2 2 0 1 2613 5889 1799
1735 2 2 0 1 953 6943 6814
1736 2 2 0 1 2450 5134 773
1737 2 2 0 1 3381 6383 5643
1738 2 2 0 1 2699 5349 194
1739 2 2 0 1 2431 3535 1094
1740 2 2 0 1 532 3535 2431
1741 2 2 0 1 189 3556 2284
1742 2 2 0 1 2284 3556 1032
1743 2 2 0 1 2529 6982 1498
1744 2 2 0 1 5203 5528 2616
1745 2 2 0 1 3336 4311 1357
1746 2 2 0 1 960 3100 2444
1747 2 2 0 1 1200 4099 3086
1748 2 2 0 1 1317 3165 2479
1749 2 2 0 1 2248 6766 455
1750 2 2 0 1 2360 3040 901
1751 2 2 0 1 2548 3167 517
1752 2 2 0 1 1040 3167 2548
1753 2 2 0 1 2563 5613 3357
1754 2 2 0 1 101 4513 2289
1755 2 2 0 1 2037 4561 2581
1756 2 2 0 1 2141 5030 1060
1757 2 2 0 1 311 2837 2713
1758 2 2 0 1 2713 2837 1111
1759 2 2 0 1 235 5961 2308
1760 2 2 0 1 4163 6254 403
1761 2 2 0 1 1218 5285 3103
1762 2 2 0 1 995 5727 5261
1763 2 2 0 1 2680 5278 5116
1764 2 2 0 1 396 6936 3130
1765 2 2 0 1 2343 6162 662
1766 2 2 0 1 795 6163 2343
1767 2 2 0 1 388 4071 2139
1768 2 2 0 1 1240 3063 3036
1769 2 2 0 1 3036 3063 587
1770 2 2 0 1 900 6911 2516
1771 2 2 0 1 2581 4561 833
1772 2 2 0 1 2523 4206 941
1773 2 2 0 1 3348 5034 2688
1774 2 2 0 1 3336 5386 4311
1775 2 2 0 1 546 2980 2977
1776 2 2 0 1 2977 2980 1175
1777 2 2 0 1 1239 4644 3039
1778 2 2 0 1 3067 4388 1507
1779 2 2 0 1 5029 6242 1659
1780 2 2 0 1 86 5344 85
1781 2 2 0 1 611 6851 6432
1782 2 2 0 1 4804 5415 544
1783 2 2 0 1 2802 5526 2015
1784 2 2 0 1 182 6624 6036
1785 2 2 0 1 693 6373 1804
1786 2 2 0 1 4202 5773 1830
1787 2 2 0 1 1914 3502 2402
1788 2 2 0 1 1849 4923 4640
1789 2 2 0 1 751 3414 2222
1790 2 2 0 1 961 3361 2238
1791 2 2 0 1 313 5586 1113
1792 2 2 0 1 2652 5714 298
1793 2 2 0 1 962 3367 2238
1794 2 2 0 1 594 4793 3069
1795 2 2 0 1 2703 5905 1387
1796 2 2 0 1 2310 3436 948
1797 2 2 0 1 2161 4501 3857
1798 2 2 0 1 2335 5355 3901
1799 2 2 0 1 198 3632 752
1800 2 2 0 1 2238 3367 477
1801 2 2 0 1 3787 4070 1409
1802 2 2 0 1 1016 3060 2610
1803 2 2 0 1 5049 5087 2006
1804 2 2 0 1 286 4404 2679
1805 2 2 0 1 1037 3770 2208
1806 2 2 0 1 2208 3770 682
1807 2 2 0 1 931 3853 2368
1808 2 2 0 1 3901 5355 1536
1809 2 2 0 1 2525 5754 629
1810 2 2 0 1 1888 5754 2525
1811 2 2 0 1 3243 5627 2240
1812 2 2 0 1 947 5627 3243
1813 2 2 0 1 994 5643 3189
1814 2 2 0 1 411 5778 3589
1815 2 2 0 1 2215 5943 3641
1816 2 2 0 1 919 5563 5407
1817 2 2 0 1 5643 6781 3189
1818 2 2 0 1 180 6454 1168
1819 2 2 0 1 264 4387 2296
1820 2 2 0 1 939 3929 2375
1821 2 2 0 1 2743 6370 429
1822 2 2 0 1 2197 6370 2743
1823 2 2 0 1 4339 5074 1879
1824 2 2 0 1 1189 5598 2385
1825 2 2 0 1 2095 4347 960
1826 2 2 0 1 2259 5150 2258
1827 2 2 0 1 2566 6578 895
1828 2 2 0 1 2243 3415 950
1829 2 2 0 1 991 2858 2760
1830 2 2 0 1 2177 6132 4194
1831 2 2 0 1 2154 3818 921
1832 2 2 0 1 2342 6841 636
1833 2 2 0 1 58 4265 4
1834 2 2 0 1 4 4265 135
1835 2 2 0 1 32 4266 2
1836 2 2 0 1 2 4266 83
1837 2 2 0 1 3587 3793 529
1838 2 2 0 1 538 3788 2816
1839 2 2 0 1 2816 3788 1409
1840 2 2 0 1 3313 4029 1016
1841 2 2 0 1 3162 3785 1277
1842 2 2 0 1 466 4386 3103
1843 2 2 0 1 974 2930 2700
1844 2 2 0 1 2327 5473 1590
1845 2 2 0 1 783 6140 2266
1846 2 2 0 1 2959 3362 1194
1847 2 2 0 1 2534 6960 874
1848 2 2 0 1 1251 3330 3291
1849 2 2 0 1 2925 5335 1863
1850 2 2 0 1 2252 6378 2732
1851 2 2 0 1 2732 6378 863
1852 2 2 0 1 1581 5520 2199
1853 2 2 0 1 5239 5454 2116
1854 2 2 0 1 2847 2848 981
1855 2 2 0 1 1042 2848 2847
1856 2 2 0 1 5569 6508 2378
1857 2 2 0 1 455 4107 2976
1858 2 2 0 1 219 6437 2873
1859 2 2 0 1 4331 6841 2342
1860 2 2 0 1 2310 3598 764
1861 2 2 0 1 904 5271 2951
1862 2 2 0 1 1046 3075 2373
1863 2 2 0 1 930 2843 2654
1864 2 2 0 1 5760 6756 834
1865 2 2 0 1 171 6531 2427
1866 2 2 0 1 361 3004 2434
1867 2 2 0 1 956 6780 2710
1868 2 2 0 1 2561 2910 312
1869 2 2 0 1 981 6201 3596
1870 2 2 0 1 805 5088 2634
1871 2 2 0 1 965 3483 2217
1872 2 2 0 1 28 5748 2420
1873 2 2 0 1 2456 4504 1355
1874 2 2 0 1 2156 6973 706
1875 2 2 0 1 699 5642 2159
1876 2 2 0 1 2680 5116 1549
1877 2 2 0 1 288 4519 2662
1878 2 2 0 1 2662 4519 1572
1879 2 2 0 1 2394 5190 1305
1880 2 2 0 1 786 6287 2455
1881 2 2 0 1 3061 5260 2006
1882 2 2 0 1 602 5260 3061
1883 2 2 0 1 1270 5869 2427
1884 2 2 0 1 2159 4765 699
1885 2 2 0 1 3537 5585 183
1886 2 2 0 1 2267 3318 805
1887 2 2 0 1 1093 3855 2275
1888 2 2 0 1 2293 3572 1033
1889 2 2 0 1 2260 6042 3135
1890 2 2 0 1 1136 4789 4054
1891 2 2 0 1 79 3991 2181
1892 2 2 0 1 2405 5989 3452
1893 2 2 0 1 2335 6056 170
1894 2 2 0 1 2961 6851 611
1895 2 2 0 1 2741 2998 1049
1896 2 2 0 1 250 2998 2741
1897 2 2 0 1 2763 6245 1276
1898 2 2 0 1 2304 3337 913
1899 2 2 0 1 2909 5486 1797
1900 2 2 0 1 1163 4693 4098
1901 2 2 0 1 2306 3204 370
1902 2 2 0 1 3060 6957 2610
1903 2 2 0 1 2812 3088 1164
1904 2 2 0 1 450 3088 2812
1905 2 2 0 1 165 4140 2603
1906 2 2 0 1 1332 2875 2620
1907 2 2 0 1 509 3765 2388
1908 2 2 0 1 6443 6742 2233
1909 2 2 0 1 4392 6219 1248
1910 2 2 0 1 2518 2943 378
1911 2 2 0 1 4324 6743 2089
1912 2 2 0 1 973 3110 2675
1913 2 2 0 1 2922 3880 518
1914 2 2 0 1 1502 3880 2922
1915 2 2 0 1 2352 6628 908
1916 2 2 0 1 2170 4888 1525
1917 2 2 0 1 921 5256 2154
1918 2 2 0 1 2818 3116 1913
1919 2 2 0 1 2402 3640 1789
1920 2 2 0 1 1743 1831 1353
1921 2 2 0 1 2400 3132 510
1922 2 2 0 1 978 3132 2400
1923 2 2 0 1 2781 3158 832
1924 2 2 0 1 1246 4325 3930
1925 2 2 0 1 2146 6219 4392
1926 2 2 0 1 2730 6536 2233
1927 2 2 0 1 171 6536 2730
1928 2 2 0 1 2469 6683 1280
1929 2 2 0 1 60 4393 2211
1930 2 2 0 1 3038 5271 904
1931 2 2 0 1 534 5310 3281
1932 2 2 0 1 432 4674 2631
1933 2 2 0 1 2461 4811 779
1934 2 2 0 1 5034 5676 539
1935 2 2 0 1 2516 6911 2685
1936 2 2 0 1 2266 5431 783
1937 2 2 0 1 976 3210 476
1938 2 2 0 1 959 3065 2509
1939 2 2 0 1 4566 6653 4058
1940 2 2 0 1 1987 4802 4679
1941 2 2 0 1 3465 5912 1684
1942 2 2 0 1 2970 3002 1050
1943 2 2 0 1 1158 3002 2970
1944 2 2 0 1 1628 4566 4058
1945 2 2 0 1 1157 4155 1156
1946 2 2 0 1 3611 5669 2683
1947 2 2 0 1 4071 5207 2139
1948 2 2 0 1 356 3573 3423
1949 2 2 0 1 2281 5874 970
1950 2 2 0 1 2698 6177 4370
1951 2 2 0 1 2320 6144 411
1952 2 2 0 1 3135 6042 955
1953 2 2 0 1 540 3700 2336
1954 2 2 0 1 2907 4913 1705
1955 2 2 0 1 2426 2787 218
1956 2 2 0 1 1030 6985 3510
1957 2 2 0 1 223 3569 2637
1958 2 2 0 1 2637 3569 1214
1959 2 2 0 1 227 3409 2576
1960 2 2 0 1 2576 3409 1102
1961 2 2 0 1 3022 3561 1193
1962 2 2 0 1 2617 2893 2054
1963 2 2 0 1 940 6305 2389
1964 2 2 0 1 3381 5643 994
1965 2 2 0 1 1833 5054 3846
1966 2 2 0 1 2152 5068 1105
1967 2 2 0 1 3705 4321 1253
1968 2 2 0 1 3188 6967 2044
1969 2 2 0 1 239 6772 2270
1970 2 2 0 1 1001 3763 2452
1971 2 2 0 1 2665 2858 991
1972 2 2 0 1 1869 2565 755
1973 2 2 0 1 1511 3982 3431
1974 2 2 0 1 1508 5231 2213
1975 2 2 0 1 2254 4875 381
1976 2 2 0 1 1418 4681 2336
1977 2 2 0 1 2336 4681 540
1978 2 2 0 1 257 4528 3519
1979 2 2 0 1 3519 4528 1924
1980 2 2 0 1 805 3318 2594
1981 2 2 0 1 2594 3318 1097
1982 2 2 0 1 2413 5439 2873
1983 2 2 0 1 468 3865 2694
1984 2 2 0 1 2909 6597 5486
1985 2 2 0 1 1105 5090 2152
1986 2 2 0 1 2179 6175 3964
1987 2 2 0 1 1799 5889 5426
1988 2 2 0 1 3494 3860 1065
1989 2 2 0 1 939 3939 3929
1990 2 2 0 1 2054 3949 2617
1991 2 2 0 1 2213 6137 3066
1992 2 2 0 1 2511 4355 294
1993 2 2 0 1 2233 6742 2730
1994 2 2 0 1 5104 5564 541
1995 2 2 0 1 1345 5437 4322
1996 2 2 0 1 1086 5461 2725
1997 2 2 0 1 3055 4095 1958
1998 2 2 0 1 2204 6573 1073
1999 2 2 0 1 168 6957 3060
2000 2 2 0 1 137 4886 2801
2001 2 2 0 1 3644 3795 1243
2002 2 2 0 1 1742 3795 3644
2003 2 2 0 1 2271 5632 387
2004 2 2 0 1 2580 5264 5136
2005 2 2 0 1 1294 5558 2189
2006 2 2 0 1 396 6615 2890
2007 2 2 0 1 2890 6615 2352
2008 2 2 0 1 6 2942 7
2009 2 2 0 1 2302 3234 914
2010 2 2 0 1 381 2897 2627
2011 2 2 0 1 2156 4263 948
2012 2 2 0 1 1459 4586 4567
2013 2 2 0 1 540 4681 4004
2014 2 2 0 1 2167 6704 6076
2015 2 2 0 1 3041 5014 322
2016 2 2 0 1 1898 5014 3041
2017 2 2 0 1 1001 3564 3127
2018 2 2 0 1 2188 6119 3530
2019 2 2 0 1 824 4586 2808
2020 2 2 0 1 1002 5845 2317
2021 2 2 0 1 2712 2853 968
2022 2 2 0 1 2879 4889 301
2023 2 2 0 1 2938 5258 828
2024 2 2 0 1 1919 5258 2938
2025 2 2 0 1 2626 5372 1964
2026 2 2 0 1 3389 3501 380
2027 2 2 0 1 2944 4194 1599
2028 2 2 0 1 715 4194 2944
2029 2 2 0 1 877 3965 2648
2030 2 2 0 1 2648 3965 1597
2031 2 2 0 1 2268 5584 564
2032 2 2 0 1 1468 4060 3898
2033 2 2 0 1 3504 4997 1151
2034 2 2 0 1 2232 5921 1692
2035 2 2 0 1 2911 2948 158
2036 2 2 0 1 1089 2948 2911
2037 2 2 0 1 5135 6746 2764
2038 2 2 0 1 1225 3425 2845
2039 2 2 0 1 706 3578 2353
2040 2 2 0 1 2591 3791 312
2041 2 2 0 1 465 4108 2479
2042 2 2 0 1 2479 4108 1317
2043 2 2 0 1 2680 2869 870
2044 2 2 0 1 440 5374 2880
2045 2 2 0 1 2914 6852 2458
2046 2 2 0 1 411 6852 2914
2047 2 2 0 1 3701 4157 1400
2048 2 2 0 1 2956 3829 978
2049 2 2 0 1 1256 6574 307
2050 2 2 0 1 763 4727 3922
2051 2 2 0 1 3922 4727 2163
2052 2 2 0 1 3412 6155 2199
2053 2 2 0 1 1292 6749 2664
2054 2 2 0 1 2819 5809 1392
2055 2 2 0 1 2324 6241 10
2056 2 2 0 1 720 3881 261
2057 2 2 0 1 1569 3854 3106
2058 2 2 0 1 3106 3854 451
2059 2 2 0 1 1744 6258 3794
2060 2 2 0 1 2246 4043 346
2061 2 2 0 1 2899 5832 338
2062 2 2 0 1 2000 5799 2733
2063 2 2 0 1 2733 5799 855
2064 2 2 0 1 1723 5135 2764
2065 2 2 0 1 2539 4113 452
2066 2 2 0 1 1347 4113 2539
2067 2 2 0 1 1853 4489 2573
2068 2 2 0 1 4446 4806 1640
2069 2 2 0 1 874 3858 2676
2070 2 2 0 1 1621 5340 2272
2071 2 2 0 1 2737 6608 963
2072 2 2 0 1 2055 5807 5806
2073 2 2 0 1 3857 4501 618
2074 2 2 0 1 4322 5437 1920
2075 2 2 0 1 979 3024 2670
2076 2 2 0 1 2284 5722 1187
2077 2 2 0 1 797 4276 692
2078 2 2 0 1 4359 6786 1885
2079 2 2 0 1 2124 6517 3365
2080 2 2 0 1 2786 4626 734
2081 2 2 0 1 1143 3160 2936
2082 2 2 0 1 2160 4493 1528
2083 2 2 0 1 4265 5181 135
2084 2 2 0 1 32 5182 4266
2085 2 2 0 1 3532 3865 1470
2086 2 2 0 1 6780 6810 2458
2087 2 2 0 1 2828 4781 2005
2088 2 2 0 1 4076 5295 2303
2089 2 2 0 1 790 3098 2694
2090 2 2 0 1 2694 3098 1522
2091 2 2 0 1 30 3753 31
2092 2 2 0 1 3578 5071 2147
2093 2 2 0 1 706 5071 3578
2094 2 2 0 1 3908 4287 398
2095 2 2 0 1 1997 4287 3908
2096 2 2 0 1 1537 5247 2225
2097 2 2 0 1 5088 5522 2634
2098 2 2 0 1 3753 6223 31
2099 2 2 0 1 935 3993 2249
2100 2 2 0 1 1883 5859 3102
2101 2 2 0 1 884 3429 2576
2102 2 2 0 1 2483 4869 4802
2103 2 2 0 1 4658 4763 1583
2104 2 2 0 1 2583 4735 1564
2105 2 2 0 1 3417 3588 482
2106 2 2 0 1 583 4383 2160
2107 2 2 0 1 2643 5412 2375
2108 2 2 0 1 2601 4542 767
2109 2 2 0 1 2897 5307 908
2110 2 2 0 1 1162 4501 2161
2111 2 2 0 1 158 4478 2395
2112 2 2 0 1 2183 5317 4796
2113 2 2 0 1 2370 3179 272
2114 2 2 0 1 2938 6721 403
2115 2 2 0 1 1631 5078 2489
2116 2 2 0 1 2489 5078 712
2117 2 2 0 1 427 6560 2345
2118 2 2 0 1 1266 3569 3110
2119 2 2 0 1 1997 5791 4287
2120 2 2 0 1 2756 2924 1114
2121 2 2 0 1 1887 4704 3665
2122 2 2 0 1 589 5685 5476
2123 2 2 0 1 2792 4121 353
2124 2 2 0 1 1918 6167 3841
2125 2 2 0 1 1882 5831 5245
2126 2 2 0 1 1717 4438 4379
2127 2 2 0 1 134 5181 133
2128 2 2 0 1 34 5182 33
2129 2 2 0 1 2656 4388 501
2130 2 2 0 1 1507 4388 2656
2131 2 2 0 1 3283 3557 499
2132 2 2 0 1 1716 3865 3532
2133 2 2 0 1 2879 4532 740
2134 2 2 0 1 1745 4532 2879
2135 2 2 0 1 2292 3479 964
2136 2 2 0 1 1566 3622 2726
2137 2 2 0 1 2483 4802 1372
2138 2 2 0 1 1878 5631 3710
2139 2 2 0 1 3140 3683 1193
2140 2 2 0 1 2573 4489 1567
2141 2 2 0 1 1804 2877 693
2142 2 2 0 1 2987 4022 1495
2143 2 2 0 1 2424 5120 1516
2144 2 2 0 1 4054 4789 1990
2145 2 2 0 1 3394 4831 1054
2146 2 2 0 1 1276 3320 2300
2147 2 2 0 1 777 3359 2418
2148 2 2 0 1 911 3062 3007
2149 2 2 0 1 806 5291 2552
2150 2 2 0 1 2932 6624 182
2151 2 2 0 1 2455 6287 1944
2152 2 2 0 1 2349 6874 847
2153 2 2 0 1 820 4705 2560
2154 2 2 0 1 1262 3386 3230
2155 2 2 0 1 539 5676 3952
2156 2 2 0 1 4158 6846 3895
2157 2 2 0 1 1551 3571 2488
2158 2 2 0 1 2488 3571 738
2159 2 2 0 1 2900 4125 1476
2160 2 2 0 1 1034 2882 2840
2161 2 2 0 1 2840 2882 1023
2162 2 2 0 1 705 5552 2291
2163 2 2 0 1 2291 5552 1653
2164 2 2 0 1 338 5832 4498
2165 2 2 0 1 913 6339 2222
2166 2 2 0 1 2962 6034 577
2167 2 2 0 1 2704 6776 2217
2168 2 2 0 1 3736 5342 4947
2169 2 2 0 1 1207 4990 3227
2170 2 2 0 1 2651 3641 311
2171 2 2 0 1 3067 5840 4388
2172 2 2 0 1 2888 6405 2129
2173 2 2 0 1 5143 6732 2323
2174 2 2 0 1 3066 6137 671
2175 2 2 0 1 1590 4768 2327
2176 2 2 0 1 3168 6038 348
2177 2 2 0 1 234 4710 3357
2178 2 2 0 1 1151 4997 4020
2179 2 2 0 1 1146 3396 3107
2180 2 2 0 1 3571 5541 893
2181 2 2 0 1 2224 6875 2650
2182 2 2 0 1 3736 4947 1552
2183 2 2 0 1 2767 5552 3782
2184 2 2 0 1 3955 5013 1151
2185 2 2 0 1 1829 5782 3241
2186 2 2 0 1 2511 6947 4355
2187 2 2 0 1 10 4899 2324
2188 2 2 0 1 2695 3100 960
2189 2 2 0 1 2245 3718 704
2190 2 2 0 1 859 5938 1757
2191 2 2 0 1 2880 5374 4660
2192 2 2 0 1 753 5849 3033
2193 2 2 0 1 3033 5849 2179
2194 2 2 0 1 2172 6200 601
2195 2 2 0 1 3146 3147 1111
2196 2 2 0 1 5040 5372 730
2197 2 2 0 1 93 2854 92
2198 2 2 0 1 963 6608 3134
2199 2 2 0 1 2664 6749 3220
2200 2 2 0 1 2577 4361 1326
2201 2 2 0 1 5220 5462 924
2202 2 2 0 1 5749 6034 2962
2203 2 2 0 1 1129 3475 3011
2204 2 2 0 1 1650 3995 3262
2205 2 2 0 1 3262 3995 1176
2206 2 2 0 1 2878 4225 812
2207 2 2 0 1 1158 3203 3048
2208 2 2 0 1 3182 5130 982
2209 2 2 0 1 513 3196 2775
2210 2 2 0 1 2775 3196 1103
2211 2 2 0 1 2403 3399 534
2212 2 2 0 1 1025 3399 2403
2213 2 2 0 1 2662 3457 952
2214 2 2 0 1 965 6776 2921
2215 2 2 0 1 287 3872 2293
2216 2 2 0 1 2406 4387 264
2217 2 2 0 1 1503 4542 2601
2218 2 2 0 1 2957 4884 1806
2219 2 2 0 1 751 4884 2957
2220 2 2 0 1 1937 4724 3440
2221 2 2 0 1 3440 4724 1037
2222 2 2 0 1 943 5366 2522
2223 2 2 0 1 2421 5731 2876
2224 2 2 0 1 2295 3365 1365
2225 2 2 0 1 5384 6946 2285
2226 2 2 0 1 741 6743 4324
2227 2 2 0 1 2257 3939 2256
2228 2 2 0 1 1768 4834 3387
2229 2 2 0 1 1825 5582 2801
2230 2 2 0 1 273 2565 1310
2231 2 2 0 1 576 5335 2925
2232 2 2 0 1 5421 6752 3209
2233 2 2 0 1 2923 2924 1110
2234 2 2 0 1 2407 4688 325
2235 2 2 0 1 1445 4688 2407
2236 2 2 0 1 1285 5922 3123
2237 2 2 0 1 806 6588 2507
2238 2 2 0 1 482 3588 2902
2239 2 2 0 1 1351 4719 3520
2240 2 2 0 1 3846 5421 1833
2241 2 2 0 1 2202 6348 6305
2242 2 2 0 1 2521 3792 2969
2243 2 2 0 1 2969 3792 1267
2244 2 2 0 1 984 3925 1353
2245 2 2 0 1 2292 3738 301
2246 2 2 0 1 1205 2162 1790
2247 2 2 0 1 2992 4590 1642
2248 2 2 0 1 376 6929 2876
2249 2 2 0 1 2876 6929 2421
2250 2 2 0 1 1606 3649 3525
2251 2 2 0 1 4199 5922 1285
2252 2 2 0 1 3348 4052 1709
2253 2 2 0 1 1198 4052 3348
2254 2 2 0 1 1948 5715 5187
2255 2 2 0 1 2498 3725 1175
2256 2 2 0 1 408 3725 2498
2257 2 2 0 1 670 5640 2231
2258 2 2 0 1 499 3557 3029
2259 2 2 0 1 2356 6759 1087
2260 2 2 0 1 3332 6477 270
2261 2 2 0 1 3312 5333 1002
2262 2 2 0 1 973 3111 3110
2263 2 2 0 1 3110 3111 1266
2264 2 2 0 1 2586 5917 2242
2265 2 2 0 1 3026 3403 162
2266 2 2 0 1 3700 6153 2336
2267 2 2 0 1 5756 6040 981
2268 2 2 0 1 3010 5080 1685
2269 2 2 0 1 2955 3325 1266
2270 2 2 0 1 601 3325 2955
2271 2 2 0 1 982 5130 3299
2272 2 2 0 1 3247 5256 424
2273 2 2 0 1 2504 4506 1731
2274 2 2 0 1 2478 6612 361
2275 2 2 0 1 2549 5891 1862
2276 2 2 0 1 757 6601 2273
2277 2 2 0 1 3529 4903 1667
2278 2 2 0 1 1666 4902 3528
2279 2 2 0 1 2650 6875 231
2280 2 2 0 1 3993 5829 24
2281 2 2 0 1 3407 4667 1635
2282 2 2 0 1 2767 3782 1136
2283 2 2 0 1 2359 4488 216
2284 2 2 0 1 2872 3890 187
2285 2 2 0 1 956 4030 3641
2286 2 2 0 1 2325 5810 1603
2287 2 2 0 1 3495 4766 1453
2288 2 2 0 1 2698 4370 802
2289 2 2 0 1 418 3754 2341
2290 2 2 0 1 389 6776 2704
2291 2 2 0 1 3549 4081 1250
2292 2 2 0 1 4568 6975 440
2293 2 2 0 1 2443 5058 467
2294 2 2 0 1 2829 6522 974
2295 2 2 0 1 2253 3625 1308
2296 2 2 0 1 971 5568 2309
2297 2 2 0 1 413 3215 2437
2298 2 2 0 1 4095 6182 1958
2299 2 2 0 1 2397 4422 1271
2300 2 2 0 1 4194 4764 2177
2301 2 2 0 1 1662 2150 144
2302 2 2 0 1 2547 6897 379
2303 2 2 0 1 2700 2930 475
2304 2 2 0 1 715 4764 4194
2305 2 2 0 1 2314 5828 623
2306 2 2 0 1 4474 6137 2213
2307 2 2 0 1 4064 5754 2176
2308 2 2 0 1 2509 3065 872
2309 2 2 0 1 3525 3649 611
2310 2 2 0 1 2442 4663 268
2311 2 2 0 1 1454 4663 2442
2312 2 2 0 1 2208 5448 182
2313 2 2 0 1 3312 5729 5333
2314 2 2 0 1 1441 4096 3213
2315 2 2 0 1 3206 5413 1481
2316 2 2 0 1 2846 3221 1127
2317 2 2 0 1 970 5874 2357
2318 2 2 0 1 2566 4712 1535
2319 2 2 0 1 895 4712 2566
2320 2 2 0 1 5701 5762 2245
2321 2 2 0 1 5891 6391 2275
2322 2 2 0 1 1102 4095 2796
2323 2 2 0 1 2778 3084 876
2324 2 2 0 1 1662 5340 3426
2325 2 2 0 1 3147 4616 444
2326 2 2 0 1 1265 3445 3104
2327 2 2 0 1 4161 4302 1588
2328 2 2 0 1 3720 6929 376
2329 2 2 0 1 1262 3230 2661
2330 2 2 0 1 2277 5533 1179
2331 2 2 0 1 3339 3534 1227
2332 2 2 0 1 202 3009 3008
2333 2 2 0 1 1027 3448 2730
2334 2 2 0 1 2874 3808 1377
2335 2 2 0 1 731 6508 5569
2336 2 2 0 1 1662 5482 2272
2337 2 2 0 1 4988 5056 324
2338 2 2 0 1 1146 3432 3396
2339 2 2 0 1 1313 4167 3068
2340 2 2 0 1 135 5181 134
2341 2 2 0 1 33 5182 32
2342 2 2 0 1 2544 4239 1354
2343 2 2 0 1 432 4239 2544
2344 2 2 0 1 839 3278 2364
2345 2 2 0 1 275 4204 2886
2346 2 2 0 1 2886 4204 1546
2347 2 2 0 1 772 6167 4835
2348 2 2 0 1 211 3815 2218
2349 2 2 0 1 2353 6015 706
2350 2 2 0 1 4280 5824 188
2351 2 2 0 1 2467 3270 284
2352 2 2 0 1 1089 2949 2948
2353 2 2 0 1 2948 2949 996
2354 2 2 0 1 3603 6913 850
2355 2 2 0 1 2407 4821 1445
2356 2 2 0 1 2773 5862 2463
2357 2 2 0 1 1089 3134 2462
2358 2 2 0 1 4796 5317 695
2359 2 2 0 1 4940 5405 2108
2360 2 2 0 1 2560 6718 820
2361 2 2 0 1 2137 6718 2560
2362 2 2 0 1 3746 6273 2034
2363 2 2 0 1 1054 4831 3560
2364 2 2 0 1 4834 5909 3387
2365 2 2 0 1 1419 3437 2414
2366 2 2 0 1 998 4650 2185
2367 2 2 0 1 78 2887 77
2368 2 2 0 1 2465 6542 2367
2369 2 2 0 1 2464 6541 2366
2370 2 2 0 1 3374 3707 1586
2371 2 2 0 1 1081 3707 3374
2372 2 2 0 1 1492 4721 3139
2373 2 2 0 1 3917 5447 2537
2374 2 2 0 1 1027 2859 2852
2375 2 2 0 1 2852 2859 1024
2376 2 2 0 1 2580 5136 785
2377 2 2 0 1 403 6721 4163
2378 2 2 0 1 535 3955 2348
2379 2 2 0 1 2348 3955 1151
2380 2 2 0 1 510 3717 2400
2381 2 2 0 1 2400 3717 1090
2382 2 2 0 1 3234 6536 171
2383 2 2 0 1 1082 6153 3700
2384 2 2 0 1 2193 5514 1101
2385 2 2 0 1 3077 3155 1192
2386 2 2 0 1 1217 3216 3173
2387 2 2 0 1 1728 4544 4537
2388 2 2 0 1 4561 6473 833
2389 2 2 0 1 700 3806 2223
2390 2 2 0 1 4474 6313 2052
2391 2 2 0 1 2083 5803 2926
2392 2 2 0 1 2926 5803 793
2393 2 2 0 1 3239 3240 1004
2394 2 2 0 1 2345 5947 427
2395 2 2 0 1 3323 5155 1638
2396 2 2 0 1 75 3741 74
2397 2 2 0 1 2449 6786 4359
2398 2 2 0 1 1975 4507 3723
2399 2 2 0 1 3723 4507 531
2400 2 2 0 1 1481 5413 4229
2401 2 2 0 1 185 3546 3197
2402 2 2 0 1 2477 3133 872
2403 2 2 0 1 2455 5973 786
2404 2 2 0 1 5239 5687 656
2405 2 2 0 1 2593 4031 368
2406 2 2 0 1 1675 4031 2593
2407 2 2 0 1 2323 6732 1027
2408 2 2 0 1 2949 3570 996
2409 2 2 0 1 2696 5538 736
2410 2 2 0 1 1401 4094 4092
2411 2 2 0 1 1257 4662 2192
2412 2 2 0 1 3431 3982 252
2413 2 2 0 1 780 4172 2532
2414 2 2 0 1 3165 5145 1967
2415 2 2 0 1 680 5145 3165
2416 2 2 0 1 2897 3648 1307
2417 2 2 0 1 974 6522 3075
2418 2 2 0 1 333 3116 2818
2419 2 2 0 1 2570 2630 815
2420 2 2 0 1 2447 4241 1307
2421 2 2 0 1 233 4241 2447
2422 2 2 0 1 782 6466 2788
2423 2 2 0 1 4894 5169 1584
2424 2 2 0 1 1250 4374 3549
2425 2 2 0 1 2316 6493 3104
2426 2 2 0 1 642 4123 2772
2427 2 2 0 1 2772 4123 1445
2428 2 2 0 1 1537 5191 2243
2429 2 2 0 1 3095 3456 1147
2430 2 2 0 1 573 4125 2900
2431 2 2 0 1 1529 4158 3895
2432 2 2 0 1 741 3479 2292
2433 2 2 0 1 547 3313 2355
2434 2 2 0 1 3595 5002 336
2435 2 2 0 1 2370 3303 917
2436 2 2 0 1 905 3749 2410
2437 2 2 0 1 2843 5572 1059
2438 2 2 0 1 1529 4781 2828
2439 2 2 0 1 1900 5944 2537
2440 2 2 0 1 2537 5944 699
2441 2 2 0 1 432 3436 2310
2442 2 2 0 1 2187 6765 2873
2443 2 2 0 1 3001 4106 318
2444 2 2 0 1 1101 4189 2193
2445 2 2 0 1 4355 6947 1423
2446 2 2 0 1 2799 4134 1370
2447 2 2 0 1 1707 4134 2799
2448 2 2 0 1 2717 6218 1338
2449 2 2 0 1 230 4639 2372
2450 2 2 0 1 2372 4639 1384
2451 2 2 0 1 4107 5610 2976
2452 2 2 0 1 4335 5534 1245
2453 2 2 0 1 2206 4955 1559
2454 2 2 0 1 1573 1574 944
2455 2 2 0 1 2723 3429 884
2456 2 2 0 1 728 5865 2684
2457 2 2 0 1 1173 3971 3193
2458 2 2 0 1 1212 3858 2227
2459 2 2 0 1 270 3485 2317
2460 2 2 0 1 2317 3485 1002
2461 2 2 0 1 3142 3143 1282
2462 2 2 0 1 1283 3143 3142
2463 2 2 0 1 3877 4960 1249
2464 2 2 0 1 886 4965 4464
2465 2 2 0 1 852 5908 4490
2466 2 2 0 1 2937 6081 548
2467 2 2 0 1 791 3512 2595
2468 2 2 0 1 2595 3512 1117
2469 2 2 0 1 2459 3175 951
2470 2 2 0 1 2231 6320 670
2471 2 2 0 1 3051 3221 1051
2472 2 2 0 1 1141 3109 2604
2473 2 2 0 1 2604 3109 1265
2474 2 2 0 1 646 4967 2192
2475 2 2 0 1 489 3925 3779
2476 2 2 0 1 2192 4359 646
2477 2 2 0 1 2225 3873 169
2478 2 2 0 1 1987 4108 2520
2479 2 2 0 1 216 6888 2608
2480 2 2 0 1 1833 5421 3209
2481 2 2 0 1 294 4903 2465
2482 2 2 0 1 2412 3231 615
2483 2 2 0 1 2306 5737 784
2484 2 2 0 1 2222 5433 384
2485 2 2 0 1 2725 5461 3281
2486 2 2 0 1 914 5718 2302
2487 2 2 0 1 2805 6613 1971
2488 2 2 0 1 2706 3936 1222
2489 2 2 0 1 3561 5364 274
2490 2 2 0 1 6288 6513 2276
2491 2 2 0 1 4888 6884 3655
2492 2 2 0 1 1399 4456 2200
2493 2 2 0 1 3019 3166 1031
2494 2 2 0 1 1224 3166 3019
2495 2 2 0 1 1358 2990 2663
2496 2 2 0 1 1132 3733 3500
2497 2 2 0 1 2379 3308 987
2498 2 2 0 1 2395 4739 963
2499 2 2 0 1 122 2765 121
2500 2 2 0 1 46 2766 45
2501 2 2 0 1 2262 5987 760
2502 2 2 0 1 534 3399 2338
2503 2 2 0 1 908 6628 2627
2504 2 2 0 1 862 6853 5551
2505 2 2 0 1 4030 6861 3641
2506 2 2 0 1 2425 3414 751
2507 2 2 0 1 1146 3414 2425
2508 2 2 0 1 4717 5611 2113
2509 2 2 0 1 3323 6925 5155
2510 2 2 0 1 1041 4888 3655
2511 2 2 0 1 3504 5488 1741
2512 2 2 0 1 3299 5445 703
2513 2 2 0 1 2132 5445 3299
2514 2 2 0 1 1706 5446 2895
2515 2 2 0 1 1795 4851 3398
2516 2 2 0 1 2473 4425 417
2517 2 2 0 1 906 4898 2216
2518 2 2 0 1 2549 5853 1870
2519 2 2 0 1 614 5853 2549
2520 2 2 0 1 2297 4037 989
2521 2 2 0 1 1772 3444 2615
2522 2 2 0 1 3429 6351 227
2523 2 2 0 1 159 5504 3127
2524 2 2 0 1 96 5208 2747
2525 2 2 0 1 1044 3190 2462
2526 2 2 0 1 971 5061 2205
2527 2 2 0 1 1720 6550 2250
2528 2 2 0 1 2206 4636 107
2529 2 2 0 1 1076 4453 2201
2530 2 2 0 1 2437 3215 1688
2531 2 2 0 1 518 3880 3331
2532 2 2 0 1 1564 4735 4516
2533 2 2 0 1 1996 6353 2883
2534 2 2 0 1 2902 3088 1069
2535 2 2 0 1 3764 5712 707
2536 2 2 0 1 3104 6493 967
2537 2 2 0 1 2199 6060 656
2538 2 2 0 1 3158 5517 832
2539 2 2 0 1 1114 2924 2923
2540 2 2 0 1 3199 3832 1337
2541 2 2 0 1 740 4504 2456
2542 2 2 0 1 3488 5384 2285
2543 2 2 0 1 3817 5561 2356
2544 2 2 0 1 3105 3204 1270
2545 2 2 0 1 370 3204 3105
2546 2 2 0 1 1111 3147 3115
2547 2 2 0 1 2638 6140 783
2548 2 2 0 1 1164 3088 2902
2549 2 2 0 1 1585 4445 4424
2550 2 2 0 1 5446 6021 2895
2551 2 2 0 1 1736 5847 2333
2552 2 2 0 1 2278 3777 1038
2553 2 2 0 1 1077 3346 2642
2554 2 2 0 1 2642 3346 543
2555 2 2 0 1 1484 4080 3845
2556 2 2 0 1 2341 4732 418
2557 2 2 0 1 1385 4732 2341
2558 2 2 0 1 804 5891 2549
2559 2 2 0 1 797 4373 2261
2560 2 2 0 1 2222 4884 751
2561 2 2 0 1 4893 5536 1616
2562 2 2 0 1 1384 4639 4294
2563 2 2 0 1 3853 5641 1903
2564 2 2 0 1 3907 4618 734
2565 2 2 0 1 2071 4618 3907
2566 2 2 0 1 724 6286 2235
2567 2 2 0 1 2642 3235 1393
2568 2 2 0 1 543 3235 2642
2569 2 2 0 1 3396 6718 3107
2570 2 2 0 1 2402 3502 1189
2571 2 2 0 1 811 4015 2853
2572 2 2 0 1 1391 3742 3401
2573 2 2 0 1 3401 3742 1591
2574 2 2 0 1 3222 3581 1241
2575 2 2 0 1 1231 5768 4843
2576 2 2 0 1 796 6027 2931
2577 2 2 0 1 2763 4289 683
2578 2 2 0 1 236 4477 4243
2579 2 2 0 1 1152 3345 2996
2580 2 2 0 1 4890 6290 268
2581 2 2 0 1 2189 4621 1294
2582 2 2 0 1 2517 6694 865
2583 2 2 0 1 793 6828 2550
2584 2 2 0 1 2205 4365 1425
2585 2 2 0 1 2910 4866 1488
2586 2 2 0 1 2223 6485 173
2587 2 2 0 1 441 4005 2334
2588 2 2 0 1 2065 5783 2931
2589 2 2 0 1 2931 5783 796
2590 2 2 0 1 2181 6179 721
2591 2 2 0 1 3161 5547 1271
2592 2 2 0 1 2283 6560 3315
2593 2 2 0 1 1870 3732 2549
2594 2 2 0 1 1154 4512 2262
2595 2 2 0 1 484 6201 2848
2596 2 2 0 1 1409 4070 2816
2597 2 2 0 1 3078 4078 1109
2598 2 2 0 1 1260 6432 2210
2599 2 2 0 1 5261 5727 2071
2600 2 2 0 1 270 5146 3332
2601 2 2 0 1 2297 4982 383
2602 2 2 0 1 691 4372 2220
2603 2 2 0 1 1896 5978 2540
2604 2 2 0 1 2540 5978 894
2605 2 2 0 1 2795 2953 490
2606 2 2 0 1 1021 2953 2795
2607 2 2 0 1 1241 3287 2993
2608 2 2 0 1 2993 3287 508
2609 2 2 0 1 1303 4019 3553
2610 2 2 0 1 2324 4899 1471
2611 2 2 0 1 3047 5236 2419
2612 2 2 0 1 2670 3024 559
2613 2 2 0 1 3544 4122 1766
2614 2 2 0 1 1155 4122 3544
2615 2 2 0 1 2305 6491 800
2616 2 2 0 1 1679 3861 3540
2617 2 2 0 1 1285 5596 2207
2618 2 2 0 1 1505 4864 2211
2619 2 2 0 1 1823 6075 2128
2620 2 2 0 1 2289 5567 100
2621 2 2 0 1 2788 6466 2146
2622 2 2 0 1 2544 4503 739
2623 2 2 0 1 1963 5296 5055
2624 2 2 0 1 1034 3511 3454
2625 2 2 0 1 5647 6292 2989
2626 2 2 0 1 3471 3832 1191
2627 2 2 0 1 4679 4802 278
2628 2 2 0 1 2376 6296 485
2629 2 2 0 1 2394 6469 838
2630 2 2 0 1 870 3057 2789
2631 2 2 0 1 3298 6461 810
2632 2 2 0 1 992 4682 2282
2633 2 2 0 1 2210 4535 1260
2634 2 2 0 1 27 5748 28
2635 2 2 0 1 1411 4731 2216
2636 2 2 0 1 1728 5338 3635
2637 2 2 0 1 2535 5729 383
2638 2 2 0 1 1822 5729 2535
2639 2 2 0 1 2218 4729 1383
2640 2 2 0 1 3178 4285 478
2641 2 2 0 1 2702 3062 911
2642 2 2 0 1 902 4703 3963
2643 2 2 0 1 921 5719 2876
2644 2 2 0 1 2302 6536 3234
2645 2 2 0 1 2814 4470 2091
2646 2 2 0 1 2296 5110 264
2647 2 2 0 1 1492 5110 2296
2648 2 2 0 1 3200 3739 1406
2649 2 2 0 1 2384 6044 761
2650 2 2 0 1 3268 5697 253
2651 2 2 0 1 1421 4636 2206
2652 2 2 0 1 2673 5434 1478
2653 2 2 0 1 3421 3423 1499
2654 2 2 0 1 2556 6814 382
2655 2 2 0 1 2578 3447 1074
2656 2 2 0 1 346 3447 2578
2657 2 2 0 1 3540 3861 295
2658 2 2 0 1 4586 6393 2808
2659 2 2 0 1 2850 5577 1926
2660 2 2 0 1 136 5577 2850
2661 2 2 0 1 499 3459 2934
2662 2 2 0 1 2934 3459 1288
2663 2 2 0 1 796 6166 6027
2664 2 2 0 1 3824 3911 1322
2665 2 2 0 1 2236 6367 1207
2666 2 2 0 1 2837 2923 1111
2667 2 2 0 1 1114 2923 2837
2668 2 2 0 1 1790 2162 1143
2669 2 2 0 1 2354 3434 373
2670 2 2 0 1 2371 3566 1028
2671 2 2 0 1 744 3566 2371
2672 2 2 0 1 981 6040 2847
2673 2 2 0 1 7 3050 8
2674 2 2 0 1 3865 5573 2694
2675 2 2 0 1 2803 2953 1021
2676 2 2 0 1 1087 3489 2344
2677 2 2 0 1 242 5856 5764
2678 2 2 0 1 2984 3156 1272
2679 2 2 0 1 1104 3425 3275
2680 2 2 0 1 3072 3338 463
2681 2 2 0 1 317 4091 2633
2682 2 2 0 1 1356 4545 2577
2683 2 2 0 1 3855 5890 2275
2684 2 2 0 1 974 3075 2930
2685 2 2 0 1 3211 3801 471
2686 2 2 0 1 3863 5752 1651
2687 2 2 0 1 4589 5864 766
2688 2 2 0 1 1977 5628 3395
2689 2 2 0 1 199 3859 3074
2690 2 2 0 1 2827 3203 495
2691 2 2 0 1 2293 6092 3572
2692 2 2 0 1 2222 4272 913
2693 2 2 0 1 2201 6029 5444
2694 2 2 0 1 2500 6591 362
2695 2 2 0 1 1312 4009 3509
2696 2 2 0 1 2384 6026 146
2697 2 2 0 1 941 4206 3449
2698 2 2 0 1 2526 3182 982
2699 2 2 0 1 1410 6055 2211
2700 2 2 0 1 2467 5682 1769
2701 2 2 0 1 284 5682 2467
2702 2 2 0 1 1211 4399 2624
2703 2 2 0 1 2633 3766 1568
2704 2 2 0 1 1066 3155 3077
2705 2 2 0 1 896 3113 2659
2706 2 2 0 1 1070 3527 2839
2707 2 2 0 1 2839 3527 1556
2708 2 2 0 1 1557 3526 2838
2709 2 2 0 1 2838 3526 1071
2710 2 2 0 1 2714 4212 1237
2711 2 2 0 1 2559 3575 374
2712 2 2 0 1 84 4468 3
2713 2 2 0 1 3 4468 57
2714 2 2 0 1 110 4469 5
2715 2 2 0 1 5 4469 109
2716 2 2 0 1 2652 3913 1726
2717 2 2 0 1 721 3913 2652
2718 2 2 0 1 987 3716 2379
2719 2 2 0 1 2493 3223 335
2720 2 2 0 1 3844 6218 2717
2721 2 2 0 1 3688 3833 1477
2722 2 2 0 1 297 4409 2221
2723 2 2 0 1 6307 6554 2265
2724 2 2 0 1 2793 4268 972
2725 2 2 0 1 1114 3032 2756
2726 2 2 0 1 2756 3032 718
2727 2 2 0 1 5495 5623 3149
2728 2 2 0 1 975 3054 2666
2729 2 2 0 1 2627 6281 381
2730 2 2 0 1 2263 4035 1160
2731 2 2 0 1 3580 4106 1411
2732 2 2 0 1 3561 3876 1193
2733 2 2 0 1 2223 4318 700
2734 2 2 0 1 2545 4788 1976
2735 2 2 0 1 767 6775 2601
2736 2 2 0 1 2445 6366 781
2737 2 2 0 1 3211 6878 868
2738 2 2 0 1 1212 3133 2676
2739 2 2 0 1 959 5195 2599
2740 2 2 0 1 2206 6253 1421
2741 2 2 0 1 2942 5852 7
2742 2 2 0 1 2372 3579 230
2743 2 2 0 1 3300 3362 632
2744 2 2 0 1 298 4390 2241
2745 2 2 0 1 2241 4390 1181
2746 2 2 0 1 274 5364 4022
2747 2 2 0 1 1224 3019 2807
2748 2 2 0 1 2807 3019 562
2749 2 2 0 1 3974 4407 2637
2750 2 2 0 1 2329 6578 2499
2751 2 2 0 1 1595 4832 3194
2752 2 2 0 1 4367 5380 1702
2753 2 2 0 1 5042 5576 475
2754 2 2 0 1 989 4037 2348
2755 2 2 0 1 3736 4801 1624
2756 2 2 0 1 2243 4918 667
2757 2 2 0 1 948 3598 2310
2758 2 2 0 1 1944 6392 2455
2759 2 2 0 1 2015 5824 1290
2760 2 2 0 1 2366 4902 293
2761 2 2 0 1 65 4621 64
2762 2 2 0 1 1813 6292 5647
2763 2 2 0 1 4345 5921 2232
2764 2 2 0 1 2507 6588 2857
2765 2 2 0 1 2227 5814 1236
2766 2 2 0 1 362 5917 2363
2767 2 2 0 1 2313 6648 1785
2768 2 2 0 1 991 3215 2665
2769 2 2 0 1 258 5694 3366
2770 2 2 0 1 2266 6140 4899
2771 2 2 0 1 2958 4999 301
2772 2 2 0 1 1807 4999 2958
2773 2 2 0 1 162 3403 3397
2774 2 2 0 1 93 6719 2854
2775 2 2 0 1 2491 3289 996
2776 2 2 0 1 2373 3452 1046
2777 2 2 0 1 4097 4281 1159
2778 2 2 0 1 2128 6075 420
2779 2 2 0 1 1540 4910 3151
2780 2 2 0 1 1225 3780 2893
2781 2 2 0 1 678 5937 161
2782 2 2 0 1 1041 4887 3607
2783 2 2 0 1 3047 3456 1023
2784 2 2 0 1 2834 5123 1735
2785 2 2 0 1 918 6304 2435
2786 2 2 0 1 811 6057 2619
2787 2 2 0 1 2241 4135 298
2788 2 2 0 1 4147 4990 1207
2789 2 2 0 1 2276 6513 2740
2790 2 2 0 1 1178 6064 2966
2791 2 2 0 1 2307 5618 404
2792 2 2 0 1 2418 3359 1037
2793 2 2 0 1 2614 5645 4052
2794 2 2 0 1 1238 3959 3037
2795 2 2 0 1 3811 6916 197
2796 2 2 0 1 1109 4078 3563
2797 2 2 0 1 548 4563 2937
2798 2 2 0 1 2341 5792 716
2799 2 2 0 1 2211 4393 1410
2800 2 2 0 1 621 5937 984
2801 2 2 0 1 3102 5117 3101
2802 2 2 0 1 829 5117 3102
2803 2 2 0 1 2105 6038 3168
2804 2 2 0 1 2453 3626 1065
2805 2 2 0 1 2448 4130 828
2806 2 2 0 1 3309 5133 633
2807 2 2 0 1 2320 3589 897
2808 2 2 0 1 1976 6497 2545
2809 2 2 0 1 3080 3288 164
2810 2 2 0 1 2193 6675 5516
2811 2 2 0 1 963 4739 2487
2812 2 2 0 1 5412 6436 2375
2813 2 2 0 1 2812 3080 1165
2814 2 2 0 1 4131 6153 2011
2815 2 2 0 1 3048 3203 1007
2816 2 2 0 1 3570 6184 996
2817 2 2 0 1 1184 3493 2354
2818 2 2 0 1 2232 5882 1282
2819 2 2 0 1 2365 3484 623
2820 2 2 0 1 1324 4278 4142
2821 2 2 0 1 3727 6477 1090
2822 2 2 0 1 421 6871 2195
2823 2 2 0 1 3254 4278 1324
2824 2 2 0 1 2235 4592 724
2825 2 2 0 1 1251 3698 2993
2826 2 2 0 1 2572 3413 506
2827 2 2 0 1 236 4243 2739
2828 2 2 0 1 1364 4840 4784
2829 2 2 0 1 2234 4502 940
2830 2 2 0 1 424 6280 2436
2831 2 2 0 1 3492 4709 447
2832 2 2 0 1 2375 3929 486
2833 2 2 0 1 993 3458 2534
2834 2 2 0 1 750 5798 2271
2835 2 2 0 1 2293 3759 287
2836 2 2 0 1 1033 3759 2293
2837 2 2 0 1 211 5994 2389
2838 2 2 0 1 366 5495 3149
2839 2 2 0 1 3572 6092 719
2840 2 2 0 1 3496 5435 880
2841 2 2 0 1 1187 6564 2502
2842 2 2 0 1 2413 6144 966
2843 2 2 0 1 448 3289 2491
2844 2 2 0 1 2097 6486 4678
2845 2 2 0 1 2784 3008 1022
2846 2 2 0 1 202 3008 2784
2847 2 2 0 1 2954 6098 977
2848 2 2 0 1 2127 6431 3255
2849 2 2 0 1 2780 4427 938
2850 2 2 0 1 1440 4017 3017
2851 2 2 0 1 2536 3742 461
2852 2 2 0 1 1591 3742 2536
2853 2 2 0 1 1701 4639 3272
2854 2 2 0 1 1289 3121 3074
2855 2 2 0 1 1048 3347 2931
2856 2 2 0 1 826 6552 4830
2857 2 2 0 1 1025 4077 3399
2858 2 2 0 1 2814 5190 2394
2859 2 2 0 1 2168 6758 5703
2860 2 2 0 1 1223 3819 2754
2861 2 2 0 1 1910 5080 4917
2862 2 2 0 1 4259 4621 65
2863 2 2 0 1 891 3778 2889
2864 2 2 0 1 3639 4535 2210
2865 2 2 0 1 2477 6943 2917
2866 2 2 0 1 2262 4310 1154
2867 2 2 0 1 760 4310 2262
2868 2 2 0 1 996 4177 2948
2869 2 2 0 1 3264 3335 1227
2870 2 2 0 1 936 2346 436
2871 2 2 0 1 918 6891 6304
2872 2 2 0 1 4196 6054 2910
2873 2 2 0 1 1653 5564 2291
2874 2 2 0 1 1471 3488 2324
2875 2 2 0 1 912 3388 1221
2876 2 2 0 1 3589 5778 2043
2877 2 2 0 1 1041 3655 2316
2878 2 2 0 1 4032 4150 1446
2879 2 2 0 1 1023 3095 2840
2880 2 2 0 1 2240 4656 222
2881 2 2 0 1 3195 4346 1693
2882 2 2 0 1 1379 4346 3195
2883 2 2 0 1 14 6336 15
2884 2 2 0 1 2884 6307 2265
2885 2 2 0 1 1053 3860 3362
2886 2 2 0 1 1186 3854 3269
2887 2 2 0 1 3269 3854 1569
2888 2 2 0 1 2923 3146 1111
2889 2 2 0 1 3020 3072 1135
2890 2 2 0 1 1036 3072 3020
2891 2 2 0 1 2237 6898 2720
2892 2 2 0 1 2720 6898 771
2893 2 2 0 1 964 3738 2292
2894 2 2 0 1 3754 5792 2341
2895 2 2 0 1 1201 3417 3277
2896 2 2 0 1 4363 5990 531
2897 2 2 0 1 1624 3700 3612
2898 2 2 0 1 3612 3700 540
2899 2 2 0 1 4049 4534 415
2900 2 2 0 1 2060 4534 4049
2901 2 2 0 1 5481 5966 1895
2902 2 2 0 1 346 4279 2246
2903 2 2 0 1 244 5890 3855
2904 2 2 0 1 1575 6699 5393
2905 2 2 0 1 847 3577 2349
2906 2 2 0 1 629 5754 4064
2907 2 2 0 1 379 6897 3774
2908 2 2 0 1 3774 6897 3007
2909 2 2 0 1 746 5473 2327
2910 2 2 0 1 2022 3999 2409
2911 2 2 0 1 1910 4917 2494
2912 2 2 0 1 2427 5869 3234
2913 2 2 0 1 717 6082 2582
2914 2 2 0 1 2582 6082 1920
2915 2 2 0 1 2639 4842 2490
2916 2 2 0 1 1762 5695 3677
2917 2 2 0 1 1928 4913 2907
2918 2 2 0 1 84 5344 4468
2919 2 2 0 1 2711 3597 170
2920 2 2 0 1 4347 6031 1946
2921 2 2 0 1 300 4788 2545
2922 2 2 0 1 3690 4938 2415
2923 2 2 0 1 1213 4522 2647
2924 2 2 0 1 309 5074 4339
2925 2 2 0 1 3104 3445 502
2926 2 2 0 1 3256 6045 989
2927 2 2 0 1 3929 4154 486
2928 2 2 0 1 940 3257 2669
2929 2 2 0 1 1886 4942 4856
2930 2 2 0 1 1412 4742 2409
2931 2 2 0 1 2409 4742 618
2932 2 2 0 1 3003 6114 2184
2933 2 2 0 1 437 6114 3003
2934 2 2 0 1 426 3100 2695
2935 2 2 0 1 2244 5109 1196
2936 2 2 0 1 3256 6725 6045
2937 2 2 0 1 3868 5521 2120
2938 2 2 0 1 2451 5653 4838
2939 2 2 0 1 3291 3330 1079
2940 2 2 0 1 2965 6582 2743
2941 2 2 0 1 1758 5797 5656
2942 2 2 0 1 3268 5909 1953
2943 2 2 0 1 2684 5865 1875
2944 2 2 0 1 3948 4370 1531
2945 2 2 0 1 4811 4826 2002
2946 2 2 0 1 2697 4102 246
2947 2 2 0 1 1366 4102 2697
2948 2 2 0 1 4406 6818 5423
2949 2 2 0 1 1494 5277 3942
2950 2 2 0 1 2462 6572 1089
2951 2 2 0 1 6144 6852 411
2952 2 2 0 1 2966 6064 3469
2953 2 2 0 1 1160 4334 2263
2954 2 2 0 1 2263 4334 788
2955 2 2 0 1 3785 6881 1229
2956 2 2 0 1 2865 6709 858
2957 2 2 0 1 286 5325 4404
2958 2 2 0 1 244 3328 2560
2959 2 2 0 1 2783 3083 402
2960 2 2 0 1 1862 6263 2549
2961 2 2 0 1 3191 4094 1401
2962 2 2 0 1 3591 3808 166
2963 2 2 0 1 2960 3175 155
2964 2 2 0 1 56 5121 55
2965 2 2 0 1 112 5122 111
2966 2 2 0 1 1450 4402 4056
2967 2 2 0 1 3173 3216 1098
2968 2 2 0 1 530 4547 2300
2969 2 2 0 1 460 4980 2464
2970 2 2 0 1 2768 3337 787
2971 2 2 0 1 4370 6177 1866
2972 2 2 0 1 4006 6130 2301
2973 2 2 0 1 1750 5497 2820
2974 2 2 0 1 2821 5498 1749
2975 2 2 0 1 144 5378 1662
2976 2 2 0 1 105 3981 2311
2977 2 2 0 1 2345 6560 2721
2978 2 2 0 1 2835 4275 170
2979 2 2 0 1 905 5997 3749
2980 2 2 0 1 3074 3121 199
2981 2 2 0 1 385 6530 3216
2982 2 2 0 1 2386 3505 52
2983 2 2 0 1 115 3506 2387
2984 2 2 0 1 6076 6362 2166
2985 2 2 0 1 2649 6616 1999
2986 2 2 0 1 2291 5274 3044
2987 2 2 0 1 3079 6825 147
2988 2 2 0 1 1156 2256 240
2989 2 2 0 1 5265 5360 1691
2990 2 2 0 1 3899 5649 877
2991 2 2 0 1 289 4129 2590
2992 2 2 0 1 2590 4129 1306
2993 2 2 0 1 4120 4957 2255
2994 2 2 0 1 409 4957 4120
2995 2 2 0 1 1602 5087 5049
2996 2 2 0 1 2873 6765 929
2997 2 2 0 1 785 5136 2276
2998 2 2 0 1 3943 5512 2182
2999 2 2 0 1 312 4230 2561
3000 2 2 0 1 2333 6275 1736
3001 2 2 0 1 990 3693 2858
3002 2 2 0 1 4879 5063 664
3003 2 2 0 1 2876 5719 5273
3004 2 2 0 1 1661 5380 2485
3005 2 2 0 1 2485 5380 579
3006 2 2 0 1 903 3377 2468
3007 2 2 0 1 2813 4153 481
3008 2 2 0 1 3064 5407 1967
3009 2 2 0 1 207 5407 3064
3010 2 2 0 1 1308 6558 2253
3011 2 2 0 1 495 3203 2970
3012 2 2 0 1 2725 3340 163
3013 2 2 0 1 2033 6421 3435
3014 2 2 0 1 2599 6905 959
3015 2 2 0 1 2377 4136 1180
3016 2 2 0 1 398 4136 2377
3017 2 2 0 1 2743 5612 979
3018 2 2 0 1 3315 6560 427
3019 2 2 0 1 2979 5956 404
3020 2 2 0 1 2665 3215 413
3021 2 2 0 1 500 4816 4474
3022 2 2 0 1 2917 6943 953
3023 2 2 0 1 2769 3500 1510
3024 2 2 0 1 1111 3115 2713
3025 2 2 0 1 1253 4321 3126
3026 2 2 0 1 3824 6437 3911
3027 2 2 0 1 2906 5060 2288
3028 2 2 0 1 2801 3598 1825
3029 2 2 0 1 1040 3806 2797
3030 2 2 0 1 2405 6404 1800
3031 2 2 0 1 2963 4651 1736
3032 2 2 0 1 2789 3057 1382
3033 2 2 0 1 1350 4796 2299
3034 2 2 0 1 2299 4796 695
3035 2 2 0 1 1404 4409 3025
3036 2 2 0 1 376 4330 3720
3037 2 2 0 1 352 4493 3238
3038 2 2 0 1 4992 5088 2014
3039 2 2 0 1 1488 4196 2910
3040 2 2 0 1 1110 3146 2923
3041 2 2 0 1 2676 3858 1212
3042 2 2 0 1 1700 5128 2600
3043 2 2 0 1 4217 6842 3225
3044 2 2 0 1 1320 4025 2749
3045 2 2 0 1 1166 5045 2318
3046 2 2 0 1 2318 5045 1450
3047 2 2 0 1 2472 3397 1343
3048 2 2 0 1 2249 3993 23
3049 2 2 0 1 2861 6336 14
3050 2 2 0 1 3110 3569 223
3051 2 2 0 1 819 927 476
3052 2 2 0 1 4478 6710 2395
3053 2 2 0 1 3646 4086 1334
3054 2 2 0 1 1759 4086 3646
3055 2 2 0 1 2268 4170 890
3056 2 2 0 1 2469 3409 227
3057 2 2 0 1 1247 3902 3224
3058 2 2 0 1 1319 4638 2540
3059 2 2 0 1 2298 3811 911
3060 2 2 0 1 1885 5675 4359
3061 2 2 0 1 2261 4646 797
3062 2 2 0 1 173 3730 2325
3063 2 2 0 1 838 5123 2834
3064 2 2 0 1 3286 4053 1185
3065 2 2 0 1 1776 5762 5701
3066 2 2 0 1 531 5990 3723
3067 2 2 0 1 2404 3956 390
3068 2 2 0 1 1125 3956 2404
3069 2 2 0 1 2809 5856 242
3070 2 2 0 1 2737 6083 1630
3071 2 2 0 1 261 6574 720
3072 2 2 0 1 3109 3292 1265
3073 2 2 0 1 437 3292 3109
3074 2 2 0 1 3230 3386 449
3075 2 2 0 1 262 4763 4658
3076 2 2 0 1 2393 5558 1294
3077 2 2 0 1 958 5032 2748
3078 2 2 0 1 1680 5537 2365
3079 2 2 0 1 838 4470 2814
3080 2 2 0 1 2751 6863 405
3081 2 2 0 1 2229 6863 2751
3082 2 2 0 1 482 3345 3187
3083 2 2 0 1 4427 6146 938
3084 2 2 0 1 759 6031 4347
3085 2 2 0 1 1518 5232 4674
3086 2 2 0 1 2607 6911 900
3087 2 2 0 1 1112 3147 3146
3088 2 2 0 1 1022 3083 2783
3089 2 2 0 1 2993 3330 1251
3090 2 2 0 1 2740 6079 785
3091 2 2 0 1 1203 6755 2480
3092 2 2 0 1 892 5276 3061
3093 2 2 0 1 75 6217 3741
3094 2 2 0 1 3169 6414 5924
3095 2 2 0 1 798 4920 2677
3096 2 2 0 1 3877 4140 165
3097 2 2 0 1 250 3185 2996
3098 2 2 0 1 2996 3185 1152
3099 2 2 0 1 2911 3134 1089
3100 2 2 0 1 963 3134 2911
3101 2 2 0 1 2333 3734 1062
3102 2 2 0 1 2624 5789 1273
3103 2 2 0 1 1465 5468 5316
3104 2 2 0 1 843 5240 2904
3105 2 2 0 1 2904 5240 1821
3106 2 2 0 1 1521 3487 2429
3107 2 2 0 1 2640 3231 902
3108 2 2 0 1 982 5234 2526
3109 2 2 0 1 770 3934 2675
3110 2 2 0 1 845 4685 2260
3111 2 2 0 1 2812 6963 450
3112 2 2 0 1 2996 2998 250
3113 2 2 0 1 1069 2998 2996
3114 2 2 0 1 2981 4252 617
3115 2 2 0 1 4291 4919 634
3116 2 2 0 1 1317 3752 3165
3117 2 2 0 1 2890 3118 396
3118 2 2 0 1 324 5056 2819
3119 2 2 0 1 1092 3181 3027
3120 2 2 0 1 4138 4434 1582
3121 2 2 0 1 3169 5924 230
3122 2 2 0 1 636 6047 2342
3123 2 2 0 1 2744 3350 480
3124 2 2 0 1 1392 6266 3163
3125 2 2 0 1 564 6292 4170
3126 2 2 0 1 3398 4851 367
3127 2 2 0 1 2636 3818 216
3128 2 2 0 1 4128 5126 1306
3129 2 2 0 1 2998 2999 1049
3130 2 2 0 1 1069 2999 2998
3131 2 2 0 1 1510 4179 2572
3132 2 2 0 1 2747 3413 986
3133 2 2 0 1 1613 3413 2747
3134 2 2 0 1 4981 5538 2696
3135 2 2 0 1 3454 3511 1412
3136 2 2 0 1 804 6391 5891
3137 2 2 0 1 739 5877 2544
3138 2 2 0 1 1705 6279 2907
3139 2 2 0 1 892 3176 2687
3140 2 2 0 1 404 5956 3154
3141 2 2 0 1 837 3847 2452
3142 2 2 0 1 2704 4929 389
3143 2 2 0 1 1227 3534 2983
3144 2 2 0 1 4619 5531 602
3145 2 2 0 1 1204 5346 4490
3146 2 2 0 1 1826 5892 2591
3147 2 2 0 1 3836 5215 1775
3148 2 2 0 1 2950 4525 999
3149 2 2 0 1 3017 4017 561
3150 2 2 0 1 3901 6056 2335
3151 2 2 0 1 1691 5360 3961
3152 2 2 0 1 673 6642 5711
3153 2 2 0 1 341 5862 2773
3154 2 2 0 1 2844 5502 1694
3155 2 2 0 1 1844 5587 4026
3156 2 2 0 1 572 4728 2915
3157 2 2 0 1 5134 6326 773
3158 2 2 0 1 3997 6500 761
3159 2 2 0 1 2558 4705 820
3160 2 2 0 1 972 4268 3006
3161 2 2 0 1 2281 5698 874
3162 2 2 0 1 2600 3460 1007
3163 2 2 0 1 1045 4810 3408
3164 2 2 0 1 2417 6825 2588
3165 2 2 0 1 2862 4079 2039
3166 2 2 0 1 2501 3406 1427
3167 2 2 0 1 2420 4480 28
3168 2 2 0 1 788 6341 2263
3169 2 2 0 1 2883 4360 1996
3170 2 2 0 1 2069 6975 4568
3171 2 2 0 1 879 6900 2430
3172 2 2 0 1 1872 6021 2958
3173 2 2 0 1 348 5263 2264
3174 2 2 0 1 311 3236 2837
3175 2 2 0 1 710 5491 2988
3176 2 2 0 1 3420 4810 1045
3177 2 2 0 1 6056 6172 2711
3178 2 2 0 1 2355 5858 1142
3179 2 2 0 1 1766 5792 3754
3180 2 2 0 1 3719 3986 1079
3181 2 2 0 1 2650 3314 1013
3182 2 2 0 1 1306 5126 3380
3183 2 2 0 1 1878 4626 3466
3184 2 2 0 1 3466 4626 1370
3185 2 2 0 1 417 4676 2473
3186 2 2 0 1 2473 4676 1402
3187 2 2 0 1 1398 4838 4594
3188 2 2 0 1 5473 6587 2039
3189 2 2 0 1 2436 6889 879
3190 2 2 0 1 3041 5688 2099
3191 2 2 0 1 413 4160 2665
3192 2 2 0 1 2275 6391 2751
3193 2 2 0 1 1168 4548 2901
3194 2 2 0 1 1761 4319 4231
3195 2 2 0 1 2910 6412 4866
3196 2 2 0 1 2504 4408 586
3197 2 2 0 1 3014 3122 1085
3198 2 2 0 1 1126 3122 3014
3199 2 2 0 1 2571 6341 788
3200 2 2 0 1 1951 6341 2571
3201 2 2 0 1 1354 4503 2544
3202 2 2 0 1 2661 3230 1106
3203 2 2 0 1 2269 4662 1257
3204 2 2 0 1 4910 6892 3151
3205 2 2 0 1 1580 4476 4166
3206 2 2 0 1 3679 5473 2039
3207 2 2 0 1 1144 3160 1143
3208 2 2 0 1 2369 6474 5933
3209 2 2 0 1 2792 3103 955
3210 2 2 0 1 373 5381 2380
3211 2 2 0 1 2771 5594 1340
3212 2 2 0 1 766 5864 3435
3213 2 2 0 1 1123 3713 3349
3214 2 2 0 1 1311 6649 1310
3215 2 2 0 1 3112 3331 1501
3216 2 2 0 1 2315 5463 585
3217 2 2 0 1 3029 3459 499
3218 2 2 0 1 1287 3459 3029
3219 2 2 0 1 2930 3075 1046
3220 2 2 0 1 3416 4148 1207
3221 2 2 0 1 3143 6174 4725
3222 2 2 0 1 10 6241 11
3223 2 2 0 1 1546 4905 2886
3224 2 2 0 1 219 5439 2599
3225 2 2 0 1 2037 6792 4561
3226 2 2 0 1 2399 4034 213
3227 2 2 0 1 2958 3738 1872
3228 2 2 0 1 415 6361 2488
3229 2 2 0 1 761 6044 3056
3230 2 2 0 1 2492 6062 1011
3231 2 2 0 1 3237 4497 2111
3232 2 2 0 1 2284 5158 189
3233 2 2 0 1 810 5315 3298
3234 2 2 0 1 2830 4336 668
3235 2 2 0 1 1634 4336 2830
3236 2 2 0 1 3042 5718 914
3237 2 2 0 1 3548 4445 1327
3238 2 2 0 1 2698 4160 413
3239 2 2 0 1 481 5726 3965
3240 2 2 0 1 2766 4549 1557
3241 2 2 0 1 910 4549 2766
3242 2 2 0 1 1556 4550 2765
3243 2 2 0 1 2765 4550 909
3244 2 2 0 1 2369 5933 2643
3245 2 2 0 1 929 6765 2575
3246 2 2 0 1 2274 4952 1487
3247 2 2 0 1 5100 6481 3141
3248 2 2 0 1 1257 4518 2269
3249 2 2 0 1 3025 4295 726
3250 2 2 0 1 1697 4295 3025
3251 2 2 0 1 2283 5956 1000
3252 2 2 0 1 3397 3403 1343
3253 2 2 0 1 1263 4065 237
3254 2 2 0 1 1340 5594 2119
3255 2 2 0 1 1870 5132 3116
3256 2 2 0 1 3116 5132 857
3257 2 2 0 1 4499 4905 1546
3258 2 2 0 1 2492 5445 1664
3259 2 2 0 1 703 5445 2492
3260 2 2 0 1 2618 4012 428
3261 2 2 0 1 2947 4975 1607
3262 2 2 0 1 2614 6290 1966
3263 2 2 0 1 1198 6290 2614
3264 2 2 0 1 2664 3220 957
3265 2 2 0 1 2872 4935 1753
3266 2 2 0 1 2234 6761 6046
3267 2 2 0 1 3680 4709 1465
3268 2 2 0 1 1094 6084 2431
3269 2 2 0 1 1004 3240 2623
3270 2 2 0 1 3484 4847 2314
3271 2 2 0 1 695 6408 2299
3272 2 2 0 1 1388 4598 2510
3273 2 2 0 1 2510 4598 266
3274 2 2 0 1 1260 4706 3525
3275 2 2 0 1 3573 3932 1328
3276 2 2 0 1 356 3932 3573
3277 2 2 0 1 217 4381 2595
3278 2 2 0 1 1199 4745 2609
3279 2 2 0 1 2609 4745 1793
3280 2 2 0 1 44 2838 43
3281 2 2 0 1 124 2839 123
3282 2 2 0 1 502 4915 2316
3283 2 2 0 1 1749 6639 2631
3284 2 2 0 1 2632 6640 1750
3285 2 2 0 1 2707 4807 2176
3286 2 2 0 1 2900 4327 1565
3287 2 2 0 1 897 5707 2320
3288 2 2 0 1 2286 4559 55
3289 2 2 0 1 112 4560 2287
3290 2 2 0 1 1692 4885 3311
3291 2 2 0 1 6814 6943 2416
3292 2 2 0 1 2749 4025 527
3293 2 2 0 1 2668 5784 1812
3294 2 2 0 1 1508 3668 2657
3295 2 2 0 1 2656 3667 1507
3296 2 2 0 1 1628 4312 3218
3297 2 2 0 1 3996 5385 1334
3298 2 2 0 1 3344 5222 2043
3299 2 2 0 1 2440 6124 548
3300 2 2 0 1 85 5344 84
3301 2 2 0 1 4041 5598 1189
3302 2 2 0 1 1189 3640 2402
3303 2 2 0 1 3036 4600 1240
3304 2 2 0 1 1674 4600 3036
3305 2 2 0 1 181 3326 2611
3306 2 2 0 1 598 4455 2391
3307 2 2 0 1 1618 4507 2752
3308 2 2 0 1 6021 6380 2958
3309 2 2 0 1 1354 3771 3505
3310 2 2 0 1 3506 3772 1355
3311 2 2 0 1 2681 3455 1078
3312 2 2 0 1 860 3455 2681
3313 2 2 0 1 3026 6874 2349
3314 2 2 0 1 1416 4006 2301
3315 2 2 0 1 875 6835 2606
3316 2 2 0 1 1328 3805 3722
3317 2 2 0 1 3722 3805 1686
3318 2 2 0 1 2589 5964 816
3319 2 2 0 1 489 3779 2952
3320 2 2 0 1 2419 3600 232
3321 2 2 0 1 2848 3085 484
3322 2 2 0 1 1042 3085 2848
3323 2 2 0 1 1192 5943 5603
3324 2 2 0 1 2840 3095 428
3325 2 2 0 1 2379 3716 603
3326 2 2 0 1 4073 4706 1260
3327 2 2 0 1 2635 4526 991
3328 2 2 0 1 1107 3335 3264
3329 2 2 0 1 1854 6056 3901
3330 2 2 0 1 2539 3405 1347
3331 2 2 0 1 1228 4282 3462
3332 2 2 0 1 1157 3463 2259
3333 2 2 0 1 3195 4765 2159
3334 2 2 0 1 6746 6855 3112
3335 2 2 0 1 1052 6317 2388
3336 2 2 0 1 4355 4903 294
3337 2 2 0 1 293 4902 4354
3338 2 2 0 1 1416 3656 2582
3339 2 2 0 1 2933 3216 1217
3340 2 2 0 1 2970 3203 1158
3341 2 2 0 1 820 3396 2558
3342 2 2 0 1 1020 3473 2953
3343 2 2 0 1 2327 4768 130
3344 2 2 0 1 37 4769 2328
3345 2 2 0 1 3580 4564 1469
3346 2 2 0 1 4313 4676 417
3347 2 2 0 1 2177 4676 4313
3348 2 2 0 1 4564 4690 1469
3349 2 2 0 1 3032 3236 1192
3350 2 2 0 1 1114 3236 3032
3351 2 2 0 1 4875 6774 781
3352 2 2 0 1 3931 5443 420
3353 2 2 0 1 2894 4402 1450
3354 2 2 0 1 2494 6360 1910
3355 2 2 0 1 4397 6101 1841
3356 2 2 0 1 920 5723 2645
3357 2 2 0 1 2611 3326 1020
3358 2 2 0 1 800 6327 2305
3359 2 2 0 1 6172 6226 2508
3360 2 2 0 1 3366 5694 1910
3361 2 2 0 1 2319 5442 481
3362 2 2 0 1 3091 5786 2125
3363 2 2 0 1 2385 5598 3871
3364 2 2 0 1 765 5161 2546
3365 2 2 0 1 2329 6929 3720
3366 2 2 0 1 1784 5751 4530
3367 2 2 0 1 370 6779 2710
3368 2 2 0 1 401 4535 3639
3369 2 2 0 1 3007 3062 912
3370 2 2 0 1 1103 5359 2288
3371 2 2 0 1 2644 5317 1561
3372 2 2 0 1 1271 5861 2397
3373 2 2 0 1 319 6746 3112
3374 2 2 0 1 2344 3817 1087
3375 2 2 0 1 170 6056 2711
3376 2 2 0 1 1181 3623 2745
3377 2 2 0 1 2745 3623 461
3378 2 2 0 1 322 6696 3166
3379 2 2 0 1 2282 4961 992
3380 2 2 0 1 2303 5295 821
3381 2 2 0 1 2466 5987 1796
3382 2 2 0 1 760 5987 2466
3383 2 2 0 1 1554 3158 2781
3384 2 2 0 1 1305 5112 2354
3385 2 2 0 1 525 5816 2392
3386 2 2 0 1 383 5710 2297
3387 2 2 0 1 1088 3804 2460
3388 2 2 0 1 2460 3804 758
3389 2 2 0 1 2566 3398 367
3390 2 2 0 1 3749 5997 2186
3391 2 2 0 1 1288 6150 2934
3392 2 2 0 1 620 6623 3241
3393 2 2 0 1 4015 4337 1118
3394 2 2 0 1 4230 6895 2561
3395 2 2 0 1 493 6128 2476
3396 2 2 0 1 4506 5051 1731
3397 2 2 0 1 3564 5141 3127
3398 2 2 0 1 2945 4036 617
3399 2 2 0 1 1442 4036 2945
3400 2 2 0 1 1109 3563 3235
3401 2 2 0 1 3235 3563 1393
3402 2 2 0 1 2437 4632 1286
3403 2 2 0 1 3628 4411 1352
3404 2 2 0 1 1468 3898 3341
3405 2 2 0 1 351 6767 2280
3406 2 2 0 1 367 6545 2381
3407 2 2 0 1 2726 4774 1566
3408 2 2 0 1 971 4774 2726
3409 2 2 0 1 2319 3965 877
3410 2 2 0 1 3353 6963 2812
3411 2 2 0 1 2660 5727 995
3412 2 2 0 1 3021 5170 1834
3413 2 2 0 1 716 5170 3021
3414 2 2 0 1 2648 5356 17
3415 2 2 0 1 833 6737 2581
3416 2 2 0 1 2660 5723 920
3417 2 2 0 1 2309 6335 971
3418 2 2 0 1 861 6457 3799
3419 2 2 0 1 3119 4111 547
3420 2 2 0 1 53 3958 2386
3421 2 2 0 1 2387 3957 114
3422 2 2 0 1 3233 5743 479
3423 2 2 0 1 5185 6623 620
3424 2 2 0 1 3189 4012 994
3425 2 2 0 1 1543 4012 3189
3426 2 2 0 1 2280 6028 1381
3427 2 2 0 1 2006 6643 5049
3428 2 2 0 1 3218 4312 575
3429 2 2 0 1 831 5466 2493
3430 2 2 0 1 1056 5521 3868
3431 2 2 0 1 1521 4829 3697
3432 2 2 0 1 2611 6138 1278
3433 2 2 0 1 345 5550 2340
3434 2 2 0 1 4353 5629 665
3435 2 2 0 1 562 3810 2807
3436 2 2 0 1 2807 3810 1296
3437 2 2 0 1 2932 3696 1748
3438 2 2 0 1 2587 6754 559
3439 2 2 0 1 2903 5845 1002
3440 2 2 0 1 2650 6602 885
3441 2 2 0 1 1763 3770 3359
3442 2 2 0 1 1707 4752 4134
3443 2 2 0 1 3164 3729 1239
3444 2 2 0 1 1426 3729 3164
3445 2 2 0 1 339 5329 2480
3446 2 2 0 1 3542 4882 1841
3447 2 2 0 1 1276 5114 3320
3448 2 2 0 1 4406 5423 700
3449 2 2 0 1 1869 3091 188
3450 2 2 0 1 1234 5534 4417
3451 2 2 0 1 406 3221 2846
3452 2 2 0 1 2534 3458 453
3453 2 2 0 1 764 3598 2801
3454 2 2 0 1 551 3157 269
3455 2 2 0 1 597 3443 3000
3456 2 2 0 1 3000 3443 1238
3457 2 2 0 1 986 3413 2572
3458 2 2 0 1 3314 3966 1656
3459 2 2 0 1 5357 5739 1891
3460 2 2 0 1 5262 6831 2212
3461 2 2 0 1 162 3397 2761
3462 2 2 0 1 2117 5687 5239
3463 2 2 0 1 2446 6106 619
3464 2 2 0 1 2099 6118 3041
3465 2 2 0 1 2622 4186 1004
3466 2 2 0 1 3829 5091 978
3467 2 2 0 1 428 3511 2840
3468 2 2 0 1 1854 6226 6172
3469 2 2 0 1 1170 3334 3199
3470 2 2 0 1 1148 5063 2770
3471 2 2 0 1 238 5050 698
3472 2 2 0 1 4162 6822 4879
3473 2 2 0 1 2461 5699 4811
3474 2 2 0 1 563 5942 3260
3475 2 2 0 1 3026 6949 3403
3476 2 2 0 1 1761 4231 2485
3477 2 2 0 1 1187 5158 2284
3478 2 2 0 1 3092 3238 1536
3479 2 2 0 1 352 3238 3092
3480 2 2 0 1 1461 6198 2365
3481 2 2 0 1 131 3888 2327
3482 2 2 0 1 2328 3887 36
3483 2 2 0 1 231 3314 2650
3484 2 2 0 1 5444 6029 539
3485 2 2 0 1 199 6091 2762
3486 2 2 0 1 1301 4568 2880
3487 2 2 0 1 455 6766 3014
3488 2 2 0 1 497 5003 3220
3489 2 2 0 1 5004 5017 1682
3490 2 2 0 1 2575 5737 2306
3491 2 2 0 1 4480 6484 2198
3492 2 2 0 1 3150 4622 1539
3493 2 2 0 1 1279 4740 2289
3494 2 2 0 1 2289 4513 1279
3495 2 2 0 1 1984 6734 4723
3496 2 2 0 1 282 3374 2777
3497 2 2 0 1 2777 3374 1586
3498 2 2 0 1 2285 4835 1918
3499 2 2 0 1 926 3316 2653
3500 2 2 0 1 1474 4195 3750
3501 2 2 0 1 4162 4879 664
3502 2 2 0 1 3769 4168 1677
3503 2 2 0 1 4844 6758 2168
3504 2 2 0 1 5276 6600 3061
3505 2 2 0 1 504 3136 3022
3506 2 2 0 1 3022 3136 1120
3507 2 2 0 1 220 3481 2869
3508 2 2 0 1 2294 5500 1394
3509 2 2 0 1 1714 5539 3950
3510 2 2 0 1 1418 6641 2343
3511 2 2 0 1 5878 6685 1066
3512 2 2 0 1 4850 5026 648
3513 2 2 0 1 1921 5772 2881
3514 2 2 0 1 218 4750 2426
3515 2 2 0 1 2652 4135 1413
3516 2 2 0 1 2286 5121 1558
3517 2 2 0 1 3205 4596 358
3518 2 2 0 1 5743 6204 479
3519 2 2 0 1 2618 3381 994
3520 2 2 0 1 5603 5943 2215
3521 2 2 0 1 2983 3264 1227
3522 2 2 0 1 1524 4700 4444
3523 2 2 0 1 2334 4005 1620
3524 2 2 0 1 932 6738 3998
3525 2 2 0 1 2292 5621 741
3526 2 2 0 1 214 815 814
3527 2 2 0 1 2999 3319 1049
3528 2 2 0 1 1889 6212 4333
3529 2 2 0 1 2968 6426 4396
3530 2 2 0 1 4044 4878 1877
3531 2 2 0 1 1235 5453 4911
3532 2 2 0 1 4911 5453 2823
3533 2 2 0 1 1640 4806 3228
3534 2 2 0 1 2424 4326 1827
3535 2 2 0 1 1026 3790 2934
3536 2 2 0 1 108 4955 107
3537 2 2 0 1 506 4165 2573
3538 2 2 0 1 2305 4222 192
3539 2 2 0 1 4328 5942 563
3540 2 2 0 1 2855 3139 930
3541 2 2 0 1 3020 3606 1036
3542 2 2 0 1 2584 4762 1467
3543 2 2 0 1 1021 4762 2584
3544 2 2 0 1 920 3322 2660
3545 2 2 0 1 2368 3853 308
3546 2 2 0 1 1514 6149 2301
3547 2 2 0 1 818 6355 2724
3548 2 2 0 1 2724 6355 2030
3549 2 2 0 1 1925 5081 4620
3550 2 2 0 1 89 4348 2383
3551 2 2 0 1 4529 6083 2737
3552 2 2 0 1 3272 5924 1038
3553 2 2 0 1 1866 4906 4370
3554 2 2 0 1 2112 6879 4394
3555 2 2 0 1 2755 3874 1274
3556 2 2 0 1 259 3874 2755
3557 2 2 0 1 3942 5277 811
3558 2 2 0 1 926 6651 2384
3559 2 2 0 1 3162 6881 3785
3560 2 2 0 1 2462 6516 1044
3561 2 2 0 1 2444 4251 13
3562 2 2 0 1 1005 4205 2569
3563 2 2 0 1 3434 3655 373
3564 2 2 0 1 2049 5712 3764
3565 2 2 0 1 1090 3767 2400
3566 2 2 0 1 809 6436 5412
3567 2 2 0 1 2963 4196 1488
3568 2 2 0 1 595 4196 2963
3569 2 2 0 1 2801 4886 2048
3570 2 2 0 1 3966 6011 1656
3571 2 2 0 1 2347 5324 1519
3572 2 2 0 1 1203 3682 3577
3573 2 2 0 1 1521 4985 4829
3574 2 2 0 1 1140 3118 2890
3575 2 2 0 1 3360 4374 1250
3576 2 2 0 1 3846 5054 610
3577 2 2 0 1 2725 3281 1006
3578 2 2 0 1 2288 4593 430
3579 2 2 0 1 1519 5305 2347
3580 2 2 0 1 2581 4005 441
3581 2 2 0 1 835 4824 2290
3582 2 2 0 1 1844 4026 3531
3583 2 2 0 1 1499 3423 674
3584 2 2 0 1 138 6786 2449
3585 2 2 0 1 2240 6052 4656
3586 2 2 0 1 2696 5234 982
3587 2 2 0 1 3361 3684 2238
3588 2 2 0 1 1009 5055 3005
3589 2 2 0 1 1049 3338 2741
3590 2 2 0 1 193 4090 2682
3591 2 2 0 1 2311 5945 737
3592 2 2 0 1 1394 4950 2294
3593 2 2 0 1 2908 3221 406
3594 2 2 0 1 1065 5094 3536
3595 2 2 0 1 60 4864 59
3596 2 2 0 1 1316 6895 4230
3597 2 2 0 1 554 5267 5022
3598 2 2 0 1 1318 4480 2420
3599 2 2 0 1 2836 4357 1668
3600 2 2 0 1 4124 6935 645
3601 2 2 0 1 2720 5904 2237
3602 2 2 0 1 3063 3748 587
3603 2 2 0 1 1374 3748 3063
3604 2 2 0 1 377 4132 2371
3605 2 2 0 1 3050 5431 2266
3606 2 2 0 1 2601 4444 289
3607 2 2 0 1 301 4889 2292
3608 2 2 0 1 2968 4396 434
3609 2 2 0 1 1227 3335 3071
3610 2 2 0 1 3071 3335 449
3611 2 2 0 1 1726 5714 2652
3612 2 2 0 1 512 3923 2364
3613 2 2 0 1 989 4982 2297
3614 2 2 0 1 5063 6190 2770
3615 2 2 0 1 2034 4920 3746
3616 2 2 0 1 3746 4920 798
3617 2 2 0 1 383 4982 2535
3618 2 2 0 1 1192 3155 3032
3619 2 2 0 1 3191 3372 462
3620 2 2 0 1 1295 3372 3191
3621 2 2 0 1 856 6415 2307
3622 2 2 0 1 2757 4803 1391
3623 2 2 0 1 5219 6636 1832
3624 2 2 0 1 1142 3954 2355
3625 2 2 0 1 2301 5012 1416
3626 2 2 0 1 2606 3447 346
3627 2 2 0 1 3201 3339 1261
3628 2 2 0 1 5457 5993 830
3629 2 2 0 1 1100 5872 2415
3630 2 2 0 1 919 5299 4288
3631 2 2 0 1 865 6849 2586
3632 2 2 0 1 2492 5153 703
3633 2 2 0 1 2971 3439 487
3634 2 2 0 1 3575 5434 2673
3635 2 2 0 1 2300 5886 530
3636 2 2 0 1 1682 5017 3202
3637 2 2 0 1 683 3460 2600
3638 2 2 0 1 1855 5517 3158
3639 2 2 0 1 1026 3747 2851
3640 2 2 0 1 1007 3203 2827
3641 2 2 0 1 1069 3088 2999
3642 2 2 0 1 1377 3926 3294
3643 2 2 0 1 974 3197 2829
3644 2 2 0 1 2986 6772 239
3645 2 2 0 1 2881 5772 204
3646 2 2 0 1 390 6240 2404
3647 2 2 0 1 3311 4885 196
3648 2 2 0 1 2383 3816 88
3649 2 2 0 1 2286 6207 1496
3650 2 2 0 1 3153 4853 1015
3651 2 2 0 1 2348 4037 535
3652 2 2 0 1 737 5446 2311
3653 2 2 0 1 1337 3522 3199
3654 2 2 0 1 3199 3522 1170
3655 2 2 0 1 2091 6720 2814
3656 2 2 0 1 51 3771 50
3657 2 2 0 1 117 3772 116
3658 2 2 0 1 1496 4559 2286
3659 2 2 0 1 330 6481 5100
3660 2 2 0 1 2229 5835 2754
3661 2 2 0 1 2754 5835 808
3662 2 2 0 1 2999 3088 450
3663 2 2 0 1 732 5658 2295
3664 2 2 0 1 2336 4131 1418
3665 2 2 0 1 1372 6840 4957
3666 2 2 0 1 2147 5197 4931
3667 2 2 0 1 4077 6526 3399
3668 2 2 0 1 3539 5751 1784
3669 2 2 0 1 491 3698 3356
3670 2 2 0 1 2099 6937 6118
3671 2 2 0 1 553 3594 3286
3672 2 2 0 1 3286 3594 1401
3673 2 2 0 1 3415 5191 169
3674 2 2 0 1 2243 5191 3415
3675 2 2 0 1 514 3780 3615
3676 2 2 0 1 2299 5108 1350
3677 2 2 0 1 2296 4721 1492
3678 2 2 0 1 2668 6853 5784
3679 2 2 0 1 1763 5424 3770
3680 2 2 0 1 2480 6755 2715
3681 2 2 0 1 912 3774 3007
3682 2 2 0 1 3093 3186 1106
3683 2 2 0 1 1106 3186 3184
3684 2 2 0 1 3069 4700 1524
3685 2 2 0 1 3002 3842 494
3686 2 2 0 1 3251 5287 1039
3687 2 2 0 1 3280 5511 296
3688 2 2 0 1 386 5579 2978
3689 2 2 0 1 444 3344 3115
3690 2 2 0 1 5491 6171 2988
3691 2 2 0 1 2528 5503 1169
3692 2 2 0 1 1679 5503 2528
3693 2 2 0 1 2340 5314 1091
3694 2 2 0 1 3080 3081 1165
3695 2 2 0 1 2305 4494 1202
3696 2 2 0 1 2545 6497 765
3697 2 2 0 1 1038 4284 2378
3698 2 2 0 1 2494 6235 366
3699 2 2 0 1 3184 3285 1152
3700 2 2 0 1 1153 4016 3977
3701 2 2 0 1 2393 4659 416
3702 2 2 0 1 1294 4659 2393
3703 2 2 0 1 192 4494 2305
3704 2 2 0 1 1515 6645 6374
3705 2 2 0 1 2934 6150 3424
3706 2 2 0 1 2601 6775 4444
3707 2 2 0 1 5287 5297 1039
3708 2 2 0 1 496 3339 3201
3709 2 2 0 1 781 5696 2612
3710 2 2 0 1 4637 6228 1738
3711 2 2 0 1 3515 6771 1078
3712 2 2 0 1 5827 6311 3990
3713 2 2 0 1 1770 6411 2446
3714 2 2 0 1 3681 4713 664
3715 2 2 0 1 1907 4713 3681
3716 2 2 0 1 921 5731 2574
3717 2 2 0 1 3126 3369 1253
3718 2 2 0 1 1163 3369 3126
3719 2 2 0 1 520 4098 3983
3720 2 2 0 1 1433 5146 2317
3721 2 2 0 1 2317 5146 270
3722 2 2 0 1 1935 5718 3042
3723 2 2 0 1 1215 4235 2326
3724 2 2 0 1 2460 3879 1088
3725 2 2 0 1 266 3879 2460
3726 2 2 0 1 2378 5842 1764
3727 2 2 0 1 1497 6534 4560
3728 2 2 0 1 2350 6345 5826
3729 2 2 0 1 4023 4815 2506
3730 2 2 0 1 2540 3704 1319
3731 2 2 0 1 2945 3930 1658
3732 2 2 0 1 250 3652 2661
3733 2 2 0 1 2325 4253 1215
3734 2 2 0 1 2560 4705 4261
3735 2 2 0 1 23 3993 24
3736 2 2 0 1 1343 4620 2472
3737 2 2 0 1 2472 4620 669
3738 2 2 0 1 1027 6732 2859
3739 2 2 0 1 1512 5259 4296
3740 2 2 0 1 4409 6559 3025
3741 2 2 0 1 346 4043 2606
3742 2 2 0 1 1400 4157 3201
3743 2 2 0 1 827 6582 2965
3744 2 2 0 1 4560 6534 2287
3745 2 2 0 1 1006 3340 2725
3746 2 2 0 1 4569 5501 2069
3747 2 2 0 1 1667 4683 4211
3748 2 2 0 1 42 6716 41
3749 2 2 0 1 126 6717 125
3750 2 2 0 1 2883 6353 846
3751 2 2 0 1 2130 5690 4562
3752 2 2 0 1 996 6184 2491
3753 2 2 0 1 2847 3411 1042
3754 2 2 0 1 4898 6208 612
3755 2 2 0 1 4444 6775 2088
3756 2 2 0 1 2173 6494 4882
3757 2 2 0 1 4493 6071 3238
3758 2 2 0 1 2943 3142 378
3759 2 2 0 1 1283 3142 2943
3760 2 2 0 1 3591 3926 1377
3761 2 2 0 1 1463 4683 2653
3762 2 2 0 1 2653 4683 544
3763 2 2 0 1 1151 5382 2348
3764 2 2 0 1 1286 4459 2437
3765 2 2 0 1 2437 4459 413
3766 2 2 0 1 3977 4016 1439
3767 2 2 0 1 3819 6863 2754
3768 2 2 0 1 272 4167 3558
3769 2 2 0 1 3029 3546 1287
3770 2 2 0 1 2684 4684 728
3771 2 2 0 1 2612 5696 1762
3772 2 2 0 1 296 5827 3990
3773 2 2 0 1 619 4997 4927
3774 2 2 0 1 5892 6898 2591
3775 2 2 0 1 536 4217 3225
3776 2 2 0 1 2388 5650 1052
3777 2 2 0 1 541 4398 3028
3778 2 2 0 1 2444 3978 960
3779 2 2 0 1 2827 6307 1700
3780 2 2 0 1 2984 4233 998
3781 2 2 0 1 1086 3893 2403
3782 2 2 0 1 1060 4800 2385
3783 2 2 0 1 3224 3902 1399
3784 2 2 0 1 898 6246 2913
3785 2 2 0 1 5035 6477 1962
3786 2 2 0 1 4192 5768 1231
3787 2 2 0 1 1147 5492 2618
3788 2 2 0 1 2756 6285 1115
3789 2 2 0 1 2755 3371 1369
3790 2 2 0 1 503 4454 3087
3791 2 2 0 1 2546 5072 1541
3792 2 2 0 1 468 5072 2546
3793 2 2 0 1 1053 5973 2455
3794 2 2 0 1 2452 3763 458
3795 2 2 0 1 1135 3306 3020
3796 2 2 0 1 1349 3976 2392
3797 2 2 0 1 562 4771 2912
3798 2 2 0 1 4121 5545 353
3799 2 2 0 1 1992 5421 3846
3800 2 2 0 1 2312 4585 1051
3801 2 2 0 1 2310 4674 432
3802 2 2 0 1 3172 3417 1201
3803 2 2 0 1 547 4111 3840
3804 2 2 0 1 799 4281 4097
3805 2 2 0 1 764 5343 2310
3806 2 2 0 1 1486 4539 2314
3807 2 2 0 1 2137 5996 3107
3808 2 2 0 1 3107 5996 384
3809 2 2 0 1 515 5044 2470
3810 2 2 0 1 3546 3614 1287
3811 2 2 0 1 4507 6354 2752
3812 2 2 0 1 819 4673 2505
3813 2 2 0 1 2102 3988 2736
3814 2 2 0 1 179 3581 3222
3815 2 2 0 1 6602 6930 885
3816 2 2 0 1 2739 4243 894
3817 2 2 0 1 2824 3338 1049
3818 2 2 0 1 1388 4826 4811
3819 2 2 0 1 3196 3878 1467
3820 2 2 0 1 513 3878 3196
3821 2 2 0 1 2941 3944 412
3822 2 2 0 1 1603 5362 2325
3823 2 2 0 1 3631 6682 729
3824 2 2 0 1 4830 5544 813
3825 2 2 0 1 2100 5544 4830
3826 2 2 0 1 5039 5397 1895
3827 2 2 0 1 1387 4579 2703
3828 2 2 0 1 2837 3236 1114
3829 2 2 0 1 1256 4414 720
3830 2 2 0 1 213 5695 2399
3831 2 2 0 1 2316 4915 1041
3832 2 2 0 1 3012 4104 1648
3833 2 2 0 1 3739 4755 1406
3834 2 2 0 1 574 4096 3896
3835 2 2 0 1 4924 6882 2274
3836 2 2 0 1 2314 4847 1486
3837 2 2 0 1 941 3449 2943
3838 2 2 0 1 4076 5286 2279
3839 2 2 0 1 1504 5286 4076
3840 2 2 0 1 5326 5941 3259
3841 2 2 0 1 2620 5879 889
3842 2 2 0 1 443 5019 3644
3843 2 2 0 1 461 3623 2536
3844 2 2 0 1 2508 6605 6172
3845 2 2 0 1 2858 3693 394
3846 2 2 0 1 2334 6065 441
3847 2 2 0 1 3086 3471 542
3848 2 2 0 1 1337 3471 3086
3849 2 2 0 1 3208 5055 1009
3850 2 2 0 1 560 5631 5066
3851 2 2 0 1 2438 4286 1210
3852 2 2 0 1 212 4286 2438
3853 2 2 0 1 2424 6063 5120
3854 2 2 0 1 2364 6571 512
3855 2 2 0 1 407 6803 5761
3856 2 2 0 1 552 3349 3068
3857 2 2 0 1 3068 3349 1313
3858 2 2 0 1 1839 4666 2195
3859 2 2 0 1 3527 4816 500
3860 2 2 0 1 5668 5686 2056
3861 2 2 0 1 2024 4160 2698
3862 2 2 0 1 6119 6123 335
3863 2 2 0 1 2882 6370 1023
3864 2 2 0 1 872 3689 2509
3865 2 2 0 1 4110 6486 2097
3866 2 2 0 1 3782 5552 705
3867 2 2 0 1 1444 3175 2960
3868 2 2 0 1 264 4149 3405
3869 2 2 0 1 979 5612 3489
3870 2 2 0 1 2426 6422 1994
3871 2 2 0 1 2094 6709 2865
3872 2 2 0 1 2454 3789 756
3873 2 2 0 1 497 5253 5003
3874 2 2 0 1 1806 3337 2768
3875 2 2 0 1 877 5649 2319
3876 2 2 0 1 5759 6088 2255
3877 2 2 0 1 2545 5093 300
3878 2 2 0 1 1541 5093 2545
3879 2 2 0 1 2831 3979 1125
3880 2 2 0 1 2557 3646 470
3881 2 2 0 1 1759 3646 2557
3882 2 2 0 1 2730 3448 171
3883 2 2 0 1 288 5009 4519
3884 2 2 0 1 1129 4132 3475
3885 2 2 0 1 3125 6014 4666
3886 2 2 0 1 1585 3922 2961
3887 2 2 0 1 1291 2015 307
3888 2 2 0 1 1970 5794 1268
3889 2 2 0 1 2471 3764 1633
3890 2 2 0 1 912 3501 3389
3891 2 2 0 1 1781 5531 4619
3892 2 2 0 1 2705 5102 608
3893 2 2 0 1 1611 5102 2705
3894 2 2 0 1 2679 4404 869
3895 2 2 0 1 713 5601 2334
3896 2 2 0 1 1375 6710 4478
3897 2 2 0 1 1700 6307 2884
3898 2 2 0 1 3822 6803 407
3899 2 2 0 1 2141 3871 3076
3900 2 2 0 1 1327 5442 2319
3901 2 2 0 1 389 6043 2921
3902 2 2 0 1 998 3156 2984
3903 2 2 0 1 1017 6342 2526
3904 2 2 0 1 2710 6779 4030
3905 2 2 0 1 5885 6770 4082
3906 2 2 0 1 1446 4150 3016
3907 2 2 0 1 3924 4260 1595
3908 2 2 0 1 2514 6677 947
3909 2 2 0 1 253 5697 2405
3910 2 2 0 1 268 3831 2442
3911 2 2 0 1 3582 4603 1039
3912 2 2 0 1 2893 3780 514
3913 2 2 0 1 2525 4341 1888
3914 2 2 0 1 882 5647 2989
3915 2 2 0 1 1526 3798 2457
3916 2 2 0 1 2350 4267 550
3917 2 2 0 1 2325 4968 173
3918 2 2 0 1 2377 4389 721
3919 2 2 0 1 1180 4389 2377
3920 2 2 0 1 2183 6966 6413
3921 2 2 0 1 1215 4968 2325
3922 2 2 0 1 2964 4375 983
3923 2 2 0 1 4569 6455 659
3924 2 2 0 1 1202 4641 3003
3925 2 2 0 1 388 6941 3604
3926 2 2 0 1 2819 5056 871
3927 2 2 0 1 2401 3994 1263
3928 2 2 0 1 3117 5886 1277
3929 2 2 0 1 3738 6688 1872
3930 2 2 0 1 2326 4968 1215
3931 2 2 0 1 173 4968 2326
3932 2 2 0 1 1018 4242 2752
3933 2 2 0 1 2348 6329 989
3934 2 2 0 1 3255 6431 438
3935 2 2 0 1 4009 4454 503
3936 2 2 0 1 3250 3583 1325
3937 2 2 0 1 2338 5811 1243
3938 2 2 0 1 2373 5926 1134
3939 2 2 0 1 617 4252 3930
3940 2 2 0 1 3038 6059 2098
3941 2 2 0 1 672 6059 3038
3942 2 2 0 1 443 4156 2723
3943 2 2 0 1 2723 4156 1314
3944 2 2 0 1 1651 6920 2351
3945 2 2 0 1 908 5307 2868
3946 2 2 0 1 3110 6244 2675
3947 2 2 0 1 1652 5326 3259
3948 2 2 0 1 1274 3371 2755
3949 2 2 0 1 2508 6226 590
3950 2 2 0 1 1075 4475 4002
3951 2 2 0 1 3239 3241 1828
3952 2 2 0 1 4067 4399 1211
3953 2 2 0 1 1930 4399 4067
3954 2 2 0 1 3464 3725 408
3955 2 2 0 1 2840 3511 1034
3956 2 2 0 1 1165 3082 2318
3957 2 2 0 1 2373 6522 5926
3958 2 2 0 1 2873 5439 219
3959 2 2 0 1 166 6854 5363
3960 2 2 0 1 6305 6525 2202
3961 2 2 0 1 832 6053 2781
3962 2 2 0 1 2781 6053 1945
3963 2 2 0 1 3116 6187 1913
3964 2 2 0 1 2351 5661 372
3965 2 2 0 1 3495 5788 5735
3966 2 2 0 1 2741 3652 250
3967 2 2 0 1 3710 4626 1878
3968 2 2 0 1 734 4626 3710
3969 2 2 0 1 2013 5505 3265
3970 2 2 0 1 3265 5505 881
3971 2 2 0 1 180 4435 4434
3972 2 2 0 1 6374 6645 2282
3973 2 2 0 1 2590 4299 289
3974 2 2 0 1 2175 4614 2174
3975 2 2 0 1 4579 6449 2703
3976 2 2 0 1 1314 3429 2723
3977 2 2 0 1 2311 4664 104
3978 2 2 0 1 1000 5466 2721
3979 2 2 0 1 1173 3587 3294
3980 2 2 0 1 3294 3587 1377
3981 2 2 0 1 712 5403 2489
3982 2 2 0 1 2409 3999 1412
3983 2 2 0 1 3604 6941 2605
3984 2 2 0 1 3058 3511 428
3985 2 2 0 1 2452 3847 1001
3986 2 2 0 1 1051 3221 2908
3987 2 2 0 1 1268 2321 523
3988 2 2 0 1 459 5880 2852
3989 2 2 0 1 2701 3462 1134
3990 2 2 0 1 2775 3803 513
3991 2 2 0 1 233 3576 2709
3992 2 2 0 1 2709 3576 1080
3993 2 2 0 1 2507 6880 806
3994 2 2 0 1 2995 4497 1257
3995 2 2 0 1 775 6495 4939
3996 2 2 0 1 2036 6372 3948
3997 2 2 0 1 252 3735 3497
3998 2 2 0 1 1230 3833 3688
3999 2 2 0 1 2470 5262 515
4000 2 2 0 1 3394 3828 200
4001 2 2 0 1 1130 3692 3450
4002 2 2 0 1 1464 5481 4216
4003 2 2 0 1 289 4299 2601
4004 2 2 0 1 3612 5664 1624
4005 2 2 0 1 150 3157 3089
4006 2 2 0 1 1068 3517 3252
4007 2 2 0 1 389 6337 6043
4008 2 2 0 1 1871 3931 1419
4009 2 2 0 1 3402 5454 656
4010 2 2 0 1 2038 4390 4369
4011 2 2 0 1 4369 4390 298
4012 2 2 0 1 3645 4445 1585
4013 2 2 0 1 2854 6719 2078
4014 2 2 0 1 70 3073 69
4015 2 2 0 1 2081 5829 3993
4016 2 2 0 1 257 5061 2726
4017 2 2 0 1 212 4255 2722
4018 2 2 0 1 4414 5988 5281
4019 2 2 0 1 1298 4794 4169
4020 2 2 0 1 2620 6695 447
4021 2 2 0 1 3495 5735 1019
4022 2 2 0 1 1204 3555 3377
4023 2 2 0 1 1315 4246 2692
4024 2 2 0 1 2692 4246 393
4025 2 2 0 1 3032 3155 718
4026 2 2 0 1 5055 5296 681
4027 2 2 0 1 5095 5171 1031
4028 2 2 0 1 1607 4114 2942
4029 2 2 0 1 2885 3321 1064
4030 2 2 0 1 2589 6528 5964
4031 2 2 0 1 3101 4437 1883
4032 2 2 0 1 385 3216 2933
4033 2 2 0 1 3823 5120 675
4034 2 2 0 1 2106 5120 3823
4035 2 2 0 1 2872 5189 3890
4036 2 2 0 1 3450 3692 1477
4037 2 2 0 1 4704 5985 2087
4038 2 2 0 1 1378 3803 2486
4039 2 2 0 1 2569 4510 1333
4040 2 2 0 1 423 4510 2569
4041 2 2 0 1 2598 3379 903
4042 2 2 0 1 681 6440 3005
4043 2 2 0 1 986 3848 2747
4044 2 2 0 1 1732 5125 4181
4045 2 2 0 1 1710 5179 3998
4046 2 2 0 1 534 5461 2403
4047 2 2 0 1 3113 5701 2245
4048 2 2 0 1 1015 3604 2605
4049 2 2 0 1 3263 3372 1295
4050 2 2 0 1 1100 3372 3263
4051 2 2 0 1 1489 3654 3507
4052 2 2 0 1 3507 3654 690
4053 2 2 0 1 2513 5973 1053
4054 2 2 0 1 4379 4438 1368
4055 2 2 0 1 496 3534 3339
4056 2 2 0 1 1024 4423 2852
4057 2 2 0 1 2747 5208 1613
4058 2 2 0 1 860 6412 2561
4059 2 2 0 1 562 5171 4771
4060 2 2 0 1 3519 6430 4365
4061 2 2 0 1 4784 5201 1630
4062 2 2 0 1 1067 3608 2826
4063 2 2 0 1 3859 6606 1351
4064 2 2 0 1 3654 5593 1654
4065 2 2 0 1 897 3695 2555
4066 2 2 0 1 463 3338 2824
4067 2 2 0 1 1393 3563 3384
4068 2 2 0 1 3384 3563 538
4069 2 2 0 1 1511 3431 3226
4070 2 2 0 1 2396 5551 919
4071 2 2 0 1 541 6377 4398
4072 2 2 0 1 666 5375 3090
4073 2 2 0 1 3090 5375 1879
4074 2 2 0 1 2882 3940 429
4075 2 2 0 1 2631 6639 4239
4076 2 2 0 1 4240 6640 2632
4077 2 2 0 1 3165 3752 680
4078 2 2 0 1 1434 6842 4217
4079 2 2 0 1 1165 3353 2812
4080 2 2 0 1 1832 6636 4481
4081 2 2 0 1 4957 6840 2255
4082 2 2 0 1 1654 5593 5289
4083 2 2 0 1 1831 3240 1828
4084 2 2 0 1 3560 4648 1643
4085 2 2 0 1 3183 3755 498
4086 2 2 0 1 1389 3755 3183
4087 2 2 0 1 2548 3714 1040
4088 2 2 0 1 1624 5664 5342
4089 2 2 0 1 2551 4004 1860
4090 2 2 0 1 1710 3998 3512
4091 2 2 0 1 3174 4000 658
4092 2 2 0 1 1481 4000 3174
4093 2 2 0 1 2006 5087 3061
4094 2 2 0 1 3422 3889 1067
4095 2 2 0 1 2407 6561 4821
4096 2 2 0 1 759 6216 3488
4097 2 2 0 1 3027 3181 1093
4098 2 2 0 1 2795 3390 1021
4099 2 2 0 1 3277 3417 482
4100 2 2 0 1 1247 4689 2370
4101 2 2 0 1 1127 3973 3775
4102 2 2 0 1 2573 6306 1853
4103 2 2 0 1 2114 4275 2835
4104 2 2 0 1 577 4495 3163
4105 2 2 0 1 3163 4495 1634
4106 2 2 0 1 3419 4019 1303
4107 2 2 0 1 3119 4080 1484
4108 2 2 0 1 1277 5886 3320
4109 2 2 0 1 2415 5872 780
4110 2 2 0 1 738 4826 2510
4111 2 2 0 1 1042 6968 3859
4112 2 2 0 1 1514 4174 3017
4113 2 2 0 1 308 4341 2368
4114 2 2 0 1 850 6271 2527
4115 2 2 0 1 1884 5435 3496
4116 2 2 0 1 2706 6633 3936
4117 2 2 0 1 2814 6720 225
4118 2 2 0 1 373 5006 2354
4119 2 2 0 1 4221 5644 276
4120 2 2 0 1 2520 6202 1987
4121 2 2 0 1 2567 6435 1223
4122 2 2 0 1 1278 4168 3769
4123 2 2 0 1 4523 5019 443
4124 2 2 0 1 1011 6062 2806
4125 2 2 0 1 2499 6094 885
4126 2 2 0 1 1015 4853 3604
4127 2 2 0 1 719 3660 3572
4128 2 2 0 1 3572 3660 1519
4129 2 2 0 1 1571 4368 3097
4130 2 2 0 1 3097 4368 160
4131 2 2 0 1 325 6000 2407
4132 2 2 0 1 3519 4365 257
4133 2 2 0 1 1328 3574 3573
4134 2 2 0 1 1101 4823 4189
4135 2 2 0 1 2298 6916 3811
4136 2 2 0 1 3498 5141 648
4137 2 2 0 1 923 3863 2481
4138 2 2 0 1 2953 3473 490
4139 2 2 0 1 3255 6938 2127
4140 2 2 0 1 467 5058 3499
4141 2 2 0 1 3859 6968 3074
4142 2 2 0 1 3494 3536 1969
4143 2 2 0 1 1065 3536 3494
4144 2 2 0 1 781 6366 4875
4145 2 2 0 1 2915 4728 1527
4146 2 2 0 1 2144 6746 5135
4147 2 2 0 1 2447 3963 233
4148 2 2 0 1 3143 4725 4083
4149 2 2 0 1 82 4686 81
4150 2 2 0 1 1119 3138 3136
4151 2 2 0 1 3136 3138 1120
4152 2 2 0 1 2689 3596 239
4153 2 2 0 1 1060 5030 2445
4154 2 2 0 1 1620 5459 5199
4155 2 2 0 1 3551 4161 1588
4156 2 2 0 1 2365 5205 1680
4157 2 2 0 1 494 3850 3002
4158 2 2 0 1 1154 5885 4082
4159 2 2 0 1 2701 3517 1228
4160 2 2 0 1 2185 6878 3211
4161 2 2 0 1 3290 4457 267
4162 2 2 0 1 3168 5934 2105
4163 2 2 0 1 873 5934 3168
4164 2 2 0 1 3635 5338 988
4165 2 2 0 1 122 5105 2765
4166 2 2 0 1 2766 5106 45
4167 2 2 0 1 3192 3334 1170
4168 2 2 0 1 3886 6966 2183
4169 2 2 0 1 3757 5715 1948
4170 2 2 0 1 517 6954 2548
4171 2 2 0 1 2553 3309 523
4172 2 2 0 1 4138 4515 958
4173 2 2 0 1 494 3992 3850
4174 2 2 0 1 2471 5589 783
4175 2 2 0 1 1633 5589 2471
4176 2 2 0 1 2357 6680 970
4177 2 2 0 1 4257 4643 1686
4178 2 2 0 1 1219 3541 3248
4179 2 2 0 1 1549 5301 2869
4180 2 2 0 1 1915 5385 3996
4181 2 2 0 1 387 4993 2803
4182 2 2 0 1 3416 5417 4148
4183 2 2 0 1 2646 5689 5633
4184 2 2 0 1 286 5383 2541
4185 2 2 0 1 3393 3840 1244
4186 2 2 0 1 1512 3840 3393
4187 2 2 0 1 3152 3906 967
4188 2 2 0 1 4311 6139 2007
4189 2 2 0 1 2459 3959 155
4190 2 2 0 1 5476 5685 1955
4191 2 2 0 1 2938 4130 1988
4192 2 2 0 1 2591 6054 1826
4193 2 2 0 1 312 6054 2591
4194 2 2 0 1 2026 5649 3899
4195 2 2 0 1 1069 3345 2902
4196 2 2 0 1 1857 6079 2740
4197 2 2 0 1 285 4878 4044
4198 2 2 0 1 1132 6632 3733
4199 2 2 0 1 368 4551 2593
4200 2 2 0 1 3199 3334 456
4201 2 2 0 1 871 5056 2925
4202 2 2 0 1 4183 6205 327
4203 2 2 0 1 1134 6095 2373
4204 2 2 0 1 3959 5918 3037
4205 2 2 0 1 273 5113 2564
4206 2 2 0 1 3893 6705 2044
4207 2 2 0 1 2714 6322 4212
4208 2 2 0 1 2621 4003 843
4209 2 2 0 1 374 3575 2673
4210 2 2 0 1 98 2950 97
4211 2 2 0 1 1031 5171 3019
4212 2 2 0 1 616 3321 2885
4213 2 2 0 1 2354 5006 1184
4214 2 2 0 1 3222 3306 1135
4215 2 2 0 1 1152 3285 3187
4216 2 2 0 1 464 3285 3184
4217 2 2 0 1 3974 6921 2277
4218 2 2 0 1 1044 6516 2666
4219 2 2 0 1 1079 3986 3296
4220 2 2 0 1 1191 4457 2602
4221 2 2 0 1 2336 6153 4131
4222 2 2 0 1 176 4099 3358
4223 2 2 0 1 2005 6787 2828
4224 2 2 0 1 40 6716 2757
4225 2 2 0 1 2758 6717 127
4226 2 2 0 1 2364 5085 839
4227 2 2 0 1 2504 5702 4408
4228 2 2 0 1 1152 3185 3184
4229 2 2 0 1 3184 3186 464
4230 2 2 0 1 1107 3186 3093
4231 2 2 0 1 3184 3185 1106
4232 2 2 0 1 3834 4761 649
4233 2 2 0 1 1959 4761 3834
4234 2 2 0 1 4839 6751 2332
4235 2 2 0 1 1364 6751 4839
4236 2 2 0 1 1579 4897 3233
4237 2 2 0 1 2675 6894 770
4238 2 2 0 1 164 3081 3080
4239 2 2 0 1 2380 5006 373
4240 2 2 0 1 876 5625 2417
4241 2 2 0 1 2414 6611 4652
4242 2 2 0 1 1483 4703 2412
4243 2 2 0 1 4651 5847 1736
4244 2 2 0 1 2327 5779 746
4245 2 2 0 1 3190 6572 2462
4246 2 2 0 1 3267 4871 590
4247 2 2 0 1 1779 4871 3267
4248 2 2 0 1 3290 6186 4457
4249 2 2 0 1 769 5109 4250
4250 2 2 0 1 4250 5109 2244
4251 2 2 0 1 1800 5989 2405
4252 2 2 0 1 4231 4319 290
4253 2 2 0 1 2419 5359 1103
4254 2 2 0 1 2493 3916 831
4255 2 2 0 1 293 4622 2366
4256 2 2 0 1 2366 6541 4902
4257 2 2 0 1 3218 5377 1628
4258 2 2 0 1 2608 6246 898
4259 2 2 0 1 1676 5719 2636
4260 2 2 0 1 4417 5534 2027
4261 2 2 0 1 3452 5989 1046
4262 2 2 0 1 2431 4464 532
4263 2 2 0 1 2355 5899 547
4264 2 2 0 1 1323 3478 3305
4265 2 2 0 1 3305 3478 1185
4266 2 2 0 1 2488 5172 1432
4267 2 2 0 1 2371 5565 744
4268 2 2 0 1 2675 3934 973
4269 2 2 0 1 3249 5267 554
4270 2 2 0 1 2510 4826 1388
4271 2 2 0 1 889 6826 2620
4272 2 2 0 1 2086 5861 4565
4273 2 2 0 1 4565 5861 1271
4274 2 2 0 1 828 4130 2938
4275 2 2 0 1 2403 5461 1086
4276 2 2 0 1 2749 4339 1879
4277 2 2 0 1 1550 4339 2749
4278 2 2 0 1 2677 6883 798
4279 2 2 0 1 2077 6883 2677
4280 2 2 0 1 6568 6690 2841
4281 2 2 0 1 886 5007 3579
4282 2 2 0 1 176 3264 2983
4283 2 2 0 1 2742 4722 1029
4284 2 2 0 1 4961 6645 349
4285 2 2 0 1 2257 4154 3929
4286 2 2 0 1 3382 3383 1122
4287 2 2 0 1 1190 3383 3382
4288 2 2 0 1 5318 5456 251
4289 2 2 0 1 239 3596 2677
4290 2 2 0 1 2528 3861 1679
4291 2 2 0 1 4596 5324 358
4292 2 2 0 1 5316 5468 2122
4293 2 2 0 1 7 5852 3050
4294 2 2 0 1 157 5125 2752
4295 2 2 0 1 2752 5125 1618
4296 2 2 0 1 998 4233 3284
4297 2 2 0 1 956 3641 2651
4298 2 2 0 1 2150 3426 661
4299 2 2 0 1 2367 4803 749
4300 2 2 0 1 1509 4849 4307
4301 2 2 0 1 1004 2623 2622
4302 2 2 0 1 2622 2623 1003
4303 2 2 0 1 1305 5309 2394
4304 2 2 0 1 1241 3581 3287
4305 2 2 0 1 1273 4178 2624
4306 2 2 0 1 2624 4178 399
4307 2 2 0 1 3812 6424 2228
4308 2 2 0 1 2514 5279 357
4309 2 2 0 1 1555 5279 2514
4310 2 2 0 1 613 4832 4198
4311 2 2 0 1 721 5101 2377
4312 2 2 0 1 988 6521 4932
4313 2 2 0 1 1303 4260 3924
4314 2 2 0 1 395 5916 5287
4315 2 2 0 1 197 4874 3811
4316 2 2 0 1 1780 4670 2508
4317 2 2 0 1 736 6937 2696
4318 2 2 0 1 2696 6937 2099
4319 2 2 0 1 2372 4965 886
4320 2 2 0 1 1106 3230 3093
4321 2 2 0 1 2682 4665 1362
4322 2 2 0 1 2742 4989 925
4323 2 2 0 1 2178 6853 2668
4324 2 2 0 1 1819 3745 730
4325 2 2 0 1 3129 4578 1096
4326 2 2 0 1 1625 4578 3129
4327 2 2 0 1 1685 5013 3955
4328 2 2 0 1 4275 5355 2335
4329 2 2 0 1 916 5355 4275
4330 2 2 0 1 4931 5197 1522
4331 2 2 0 1 820 6718 3396
4332 2 2 0 1 191 3976 2954
4333 2 2 0 1 2954 3976 1349
4334 2 2 0 1 979 3489 3024
4335 2 2 0 1 1911 3270 3217
4336 2 2 0 1 4769 5485 2328
4337 2 2 0 1 2497 5084 1139
4338 2 2 0 1 2902 3345 482
4339 2 2 0 1 1136 4003 2621
4340 2 2 0 1 3349 3713 1313
4341 2 2 0 1 2978 5579 4774
4342 2 2 0 1 2457 5673 1639
4343 2 2 0 1 2424 5602 317
4344 2 2 0 1 1564 4496 2392
4345 2 2 0 1 1669 3861 2528
4346 2 2 0 1 2738 4757 397
4347 2 2 0 1 2677 6697 239
4348 2 2 0 1 2888 5706 1659
4349 2 2 0 1 673 3500 2769
4350 2 2 0 1 2856 3617 154
4351 2 2 0 1 2377 6711 398
4352 2 2 0 1 441 3411 2847
4353 2 2 0 1 2390 5925 861
4354 2 2 0 1 3371 3619 1369
4355 2 2 0 1 3071 3743 1261
4356 2 2 0 1 2549 6263 614
4357 2 2 0 1 658 3688 3174
4358 2 2 0 1 3174 3688 1477
4359 2 2 0 1 5801 6979 4067
4360 2 2 0 1 1796 6024 2466
4361 2 2 0 1 486 4154 3433
4362 2 2 0 1 1168 6454 6386
4363 2 2 0 1 5904 6685 2237
4364 2 2 0 1 318 6211 2382
4365 2 2 0 1 970 4130 2448
4366 2 2 0 1 1211 5801 4067
4367 2 2 0 1 3513 4081 1509
4368 2 2 0 1 2461 5797 569
4369 2 2 0 1 2845 3425 259
4370 2 2 0 1 6232 6821 635
4371 2 2 0 1 932 3463 3439
4372 2 2 0 1 2453 6919 3626
4373 2 2 0 1 2747 3848 95
4374 2 2 0 1 888 6792 2689
4375 2 2 0 1 4509 6950 849
4376 2 2 0 1 3060 4296 168
4377 2 2 0 1 1512 4296 3060
4378 2 2 0 1 1169 6901 2528
4379 2 2 0 1 1939 6363 2703
4380 2 2 0 1 2703 6363 654
4381 2 2 0 1 3564 3847 1617
4382 2 2 0 1 1001 3847 3564
4383 2 2 0 1 1827 6063 2424
4384 2 2 0 1 1704 4782 3177
4385 2 2 0 1 5073 5928 1892
4386 2 2 0 1 3122 3643 1085
4387 2 2 0 1 3699 6390 1095
4388 2 2 0 1 821 4018 2693
4389 2 2 0 1 1542 5088 4992
4390 2 2 0 1 3310 4965 2372
4391 2 2 0 1 1051 4360 3051
4392 2 2 0 1 192 4222 2857
4393 2 2 0 1 5001 6285 2756
4394 2 2 0 1 1636 5157 375
4395 2 2 0 1 2679 6317 1052
4396 2 2 0 1 2409 4501 1162
4397 2 2 0 1 558 5561 3817
4398 2 2 0 1 603 4932 2379
4399 2 2 0 1 2506 4815 2700
4400 2 2 0 1 2700 4815 974
4401 2 2 0 1 1163 4098 3369
4402 2 2 0 1 3571 6496 738
4403 2 2 0 1 2463 6496 3571
4404 2 2 0 1 313 4792 1116
4405 2 2 0 1 643 5472 3813
4406 2 2 0 1 789 5791 5475
4407 2 2 0 1 3223 6119 335
4408 2 2 0 1 478 3904 3178
4409 2 2 0 1 1118 4337 3542
4410 2 2 0 1 2996 3345 1069
4411 2 2 0 1 1370 4626 2786
4412 2 2 0 1 464 3673 3590
4413 2 2 0 1 2396 6074 862
4414 2 2 0 1 3393 5259 1512
4415 2 2 0 1 3182 3540 295
4416 2 2 0 1 2527 6115 1802
4417 2 2 0 1 1430 6494 4207
4418 2 2 0 1 2857 4222 1371
4419 2 2 0 1 4036 4487 1583
4420 2 2 0 1 1291 1869 188
4421 2 2 0 1 2420 5748 1778
4422 2 2 0 1 4722 6416 1029
4423 2 2 0 1 455 4668 3057
4424 2 2 0 1 3476 6632 2045
4425 2 2 0 1 925 4989 2776
4426 2 2 0 1 176 3565 3264
4427 2 2 0 1 2022 5449 3999
4428 2 2 0 1 1039 3815 3582
4429 2 2 0 1 1026 6908 3790
4430 2 2 0 1 3453 4009 1312
4431 2 2 0 1 3093 3230 449
4432 2 2 0 1 2198 6726 4480
4433 2 2 0 1 2385 4800 585
4434 2 2 0 1 1124 3966 2580
4435 2 2 0 1 2580 3966 231
4436 2 2 0 1 3248 3287 1219
4437 2 2 0 1 508 3287 3248
4438 2 2 0 1 1161 3292 3120
4439 2 2 0 1 3120 3292 437
4440 2 2 0 1 2728 5448 2208
4441 2 2 0 1 1708 5210 2397
4442 2 2 0 1 3318 3739 1097
4443 2 2 0 1 2651 6810 956
4444 2 2 0 1 3358 3428 1309
4445 2 2 0 1 1200 3428 3358
4446 2 2 0 1 688 4717 4350
4447 2 2 0 1 4350 4717 2113
4448 2 2 0 1 449 3743 3071
4449 2 2 0 1 3987 4262 575
4450 2 2 0 1 2391 6051 1909
4451 2 2 0 1 354 5268 3684
4452 2 2 0 1 2450 4907 1376
4453 2 2 0 1 2788 4392 527
4454 2 2 0 1 884 6568 2841
4455 2 2 0 1 573 3478 3254
4456 2 2 0 1 3254 3478 1323
4457 2 2 0 1 959 6077 5195
4458 2 2 0 1 2952 5257 144
4459 2 2 0 1 2386 5554 739
4460 2 2 0 1 740 5555 2387
4461 2 2 0 1 2466 4136 398
4462 2 2 0 1 5270 6127 687
4463 2 2 0 1 2432 4633 133
4464 2 2 0 1 34 4634 2433
4465 2 2 0 1 2388 4912 509
4466 2 2 0 1 2151 6803 3049
4467 2 2 0 1 983 4375 3267
4468 2 2 0 1 2883 4419 1454
4469 2 2 0 1 846 4419 2883
4470 2 2 0 1 1947 5165 5082
4471 2 2 0 1 3255 6102 1808
4472 2 2 0 1 2483 4901 1385
4473 2 2 0 1 3358 3565 176
4474 2 2 0 1 2763 6278 4289
4475 2 2 0 1 601 5848 2474
4476 2 2 0 1 4520 4574 1050
4477 2 2 0 1 2902 3588 1164
4478 2 2 0 1 4666 5597 151
4479 2 2 0 1 1059 3933 2654
4480 2 2 0 1 1220 3844 2717
4481 2 2 0 1 6172 6605 856
4482 2 2 0 1 3538 4823 1101
4483 2 2 0 1 739 4503 2386
4484 2 2 0 1 2387 4504 740
4485 2 2 0 1 828 6048 2448
4486 2 2 0 1 416 5000 2393
4487 2 2 0 1 3275 3633 1104
4488 2 2 0 1 3064 5145 2497
4489 2 2 0 1 559 4186 2622
4490 2 2 0 1 3093 3335 1107
4491 2 2 0 1 2470 6831 5262
4492 2 2 0 1 2875 4181 157
4493 2 2 0 1 2476 6604 493
4494 2 2 0 1 894 4243 2972
4495 2 2 0 1 1812 4250 2668
4496 2 2 0 1 3125 4666 1839
4497 2 2 0 1 819 3210 260
4498 2 2 0 1 2392 5816 1349
4499 2 2 0 1 3150 6328 4622
4500 2 2 0 1 450 3319 2999
4501 2 2 0 1 3156 6667 1272
4502 2 2 0 1 3394 6407 3828
4503 2 2 0 1 659 5501 4569
4504 2 2 0 1 1155 6740 2641
4505 2 2 0 1 1139 3323 3064
4506 2 2 0 1 3064 3323 207
4507 2 2 0 1 2721 5466 831
4508 2 2 0 1 4920 6697 2677
4509 2 2 0 1 2646 5633 172
4510 2 2 0 1 3020 3306 491
4511 2 2 0 1 6214 6261 1072
4512 2 2 0 1 2572 6315 986
4513 2 2 0 1 2716 5379 1670
4514 2 2 0 1 710 5379 2716
4515 2 2 0 1 1800 5576 5042
4516 2 2 0 1 5933 6474 822
4517 2 2 0 1 3374 6553 1081
4518 2 2 0 1 478 3619 3371
4519 2 2 0 1 380 3889 3422
4520 2 2 0 1 5314 6909 1091
4521 2 2 0 1 174 6673 3637
4522 2 2 0 1 2888 5791 789
4523 2 2 0 1 2602 4738 542
4524 2 2 0 1 508 3330 2993
4525 2 2 0 1 2832 3758 1196
4526 2 2 0 1 241 3758 2832
4527 2 2 0 1 665 5629 3678
4528 2 2 0 1 5755 6730 4458
4529 2 2 0 1 4939 6744 775
4530 2 2 0 1 124 3592 2839
4531 2 2 0 1 2838 3593 43
4532 2 2 0 1 537 3971 3294
4533 2 2 0 1 2693 4018 1206
4534 2 2 0 1 2239 3949 260
4535 2 2 0 1 2645 6658 533
4536 2 2 0 1 618 4501 2409
4537 2 2 0 1 668 3768 2830
4538 2 2 0 1 2830 3768 1202
4539 2 2 0 1 3582 6904 4603
4540 2 2 0 1 894 6143 2540
4541 2 2 0 1 1273 5789 4297
4542 2 2 0 1 3291 3355 1251
4543 2 2 0 1 248 3355 3291
4544 2 2 0 1 1053 3362 2959
4545 2 2 0 1 1981 5653 2451
4546 2 2 0 1 2748 6168 1166
4547 2 2 0 1 1861 6168 2748
4548 2 2 0 1 3180 3340 1006
4549 2 2 0 1 1325 3340 3180
4550 2 2 0 1 4327 5868 1565
4551 2 2 0 1 1001 5504 3763
4552 2 2 0 1 3315 4438 1717
4553 2 2 0 1 1426 6513 6288
4554 2 2 0 1 3463 5179 1903
4555 2 2 0 1 932 5179 3463
4556 2 2 0 1 2115 5644 4221
4557 2 2 0 1 1739 4200 3141
4558 2 2 0 1 3141 4200 800
4559 2 2 0 1 868 3711 2667
4560 2 2 0 1 374 6195 2559
4561 2 2 0 1 2072 5897 3207
4562 2 2 0 1 3207 5897 744
4563 2 2 0 1 215 4007 2596
4564 2 2 0 1 2596 4007 1137
4565 2 2 0 1 2486 5793 878
4566 2 2 0 1 2661 6419 1262
4567 2 2 0 1 2408 4561 888
4568 2 2 0 1 1371 4813 2507
4569 2 2 0 1 2507 4813 454
4570 2 2 0 1 1890 5699 2461
4571 2 2 0 1 887 6175 3753
4572 2 2 0 1 869 4404 2892
4573 2 2 0 1 1677 6247 2412
4574 2 2 0 1 4940 6793 909
4575 2 2 0 1 2441 4310 760
4576 2 2 0 1 1599 5376 2944
4577 2 2 0 1 303 4521 4424
4578 2 2 0 1 4424 4521 2056
4579 2 2 0 1 4050 6699 1575
4580 2 2 0 1 2400 4929 978
4581 2 2 0 1 1323 3669 3516
4582 2 2 0 1 1804 6373 5616
4583 2 2 0 1 892 5087 3176
4584 2 2 0 1 2462 6608 6516
4585 2 2 0 1 2935 5460 2690
4586 2 2 0 1 2875 5879 2620
4587 2 2 0 1 2854 5573 1716
4588 2 2 0 1 2456 6334 740
4589 2 2 0 1 3003 6491 2305
4590 2 2 0 1 5432 6550 309
4591 2 2 0 1 1440 4084 3896
4592 2 2 0 1 1284 4527 3449
4593 2 2 0 1 5926 6522 474
4594 2 2 0 1 301 3738 2958
4595 2 2 0 1 275 4070 3787
4596 2 2 0 1 2457 5753 1526
4597 2 2 0 1 2403 4757 1025
4598 2 2 0 1 4903 6542 2465
4599 2 2 0 1 2015 3685 307
4600 2 2 0 1 4050 6553 3374
4601 2 2 0 1 314 5440 2337
4602 2 2 0 1 2097 6455 4110
4603 2 2 0 1 320 5950 2513
4604 2 2 0 1 2876 5731 921
4605 2 2 0 1 3268 3347 1647
4606 2 2 0 1 1072 6261 2625
4607 2 2 0 1 503 6157 3509
4608 2 2 0 1 1175 3953 2804
4609 2 2 0 1 1105 5068 2484
4610 2 2 0 1 2404 4711 816
4611 2 2 0 1 1783 5747 3316
4612 2 2 0 1 2044 6967 3893
4613 2 2 0 1 6558 6619 2253
4614 2 2 0 1 4935 5828 1753
4615 2 2 0 1 1673 2731 321
4616 2 2 0 1 2551 6647 156
4617 2 2 0 1 4229 5083 1481
4618 2 2 0 1 3730 5810 2325
4619 2 2 0 1 3139 4436 930
4620 2 2 0 1 2626 5674 360
4621 2 2 0 1 2308 6909 5314
4622 2 2 0 1 3469 6676 1080
4623 2 2 0 1 5489 6114 1141
4624 2 2 0 1 5136 5264 1530
4625 2 2 0 1 753 5337 4975
4626 2 2 0 1 1381 4684 2684
4627 2 2 0 1 1646 4090 3202
4628 2 2 0 1 3684 5268 2020
4629 2 2 0 1 2644 5843 5317
4630 2 2 0 1 1725 4556 4401
4631 2 2 0 1 2964 4383 1733
4632 2 2 0 1 1359 5441 164
4633 2 2 0 1 2120 5961 3868
4634 2 2 0 1 1886 4856 3915
4635 2 2 0 1 1067 6210 3422
4636 2 2 0 1 6035 6161 3342
4637 2 2 0 1 555 5521 3145
4638 2 2 0 1 2412 4642 1483
4639 2 2 0 1 2509 6555 369
4640 2 2 0 1 3898 4060 565
4641 2 2 0 1 2905 4086 181
4642 2 2 0 1 1334 4086 2905
4643 2 2 0 1 559 6754 2670
4644 2 2 0 1 1655 5100 3141
4645 2 2 0 1 640 5771 2629
4646 2 2 0 1 629 5999 2525
4647 2 2 0 1 2934 3424 1026
4648 2 2 0 1 1162 3894 3694
4649 2 2 0 1 3694 3894 1601
4650 2 2 0 1 3325 3569 1266
4651 2 2 0 1 2491 4199 448
4652 2 2 0 1 4368 5142 160
4653 2 2 0 1 1378 3617 3402
4654 2 2 0 1 3402 3617 1062
4655 2 2 0 1 2633 6537 317
4656 2 2 0 1 5866 6203 1128
4657 2 2 0 1 2914 6810 2651
4658 2 2 0 1 3085 3520 484
4659 2 2 0 1 2628 4695 3407
4660 2 2 0 1 2016 6985 5418
4661 2 2 0 1 1036 3652 2741
4662 2 2 0 1 6170 6676 3469
4663 2 2 0 1 1252 4157 3701
4664 2 2 0 1 1261 3339 3071
4665 2 2 0 1 3679 4599 1590
4666 2 2 0 1 1050 4574 2970
4667 2 2 0 1 1767 5448 2728
4668 2 2 0 1 4329 4897 1579
4669 2 2 0 1 888 4751 2408
4670 2 2 0 1 2485 4231 1661
4671 2 2 0 1 1516 5602 2424
4672 2 2 0 1 2595 6523 791
4673 2 2 0 1 4215 5315 1907
4674 2 2 0 1 4320 4367 1569
4675 2 2 0 1 1504 4004 2551
4676 2 2 0 1 2485 5735 1761
4677 2 2 0 1 4340 6157 503
4678 2 2 0 1 4179 6315 2572
4679 2 2 0 1 526 4057 3317
4680 2 2 0 1 3317 4057 1577
4681 2 2 0 1 188 3091 2125
4682 2 2 0 1 2550 4007 215
4683 2 2 0 1 2219 6500 3997
4684 2 2 0 1 246 3827 2697
4685 2 2 0 1 778 6788 2686
4686 2 2 0 1 326 3668 3663
4687 2 2 0 1 3663 3668 1508
4688 2 2 0 1 3626 6919 359
4689 2 2 0 1 2392 4496 3303
4690 2 2 0 1 2484 4452 1105
4691 2 2 0 1 1847 5141 3498
4692 2 2 0 1 3584 3634 248
4693 2 2 0 1 2679 5383 286
4694 2 2 0 1 3023 3295 965
4695 2 2 0 1 3640 5463 1789
4696 2 2 0 1 1043 5778 2914
4697 2 2 0 1 3292 3445 1265
4698 2 2 0 1 3172 3376 507
4699 2 2 0 1 1201 3376 3172
4700 2 2 0 1 4370 4906 1531
4701 2 2 0 1 2983 3522 176
4702 2 2 0 1 1170 3522 2983
4703 2 2 0 1 456 5036 3832
4704 2 2 0 1 521 2162 206
4705 2 2 0 1 2418 5233 777
4706 2 2 0 1 613 3495 2864
4707 2 2 0 1 2520 4108 465
4708 2 2 0 1 1066 6685 3155
4709 2 2 0 1 334 6018 2768
4710 2 2 0 1 3087 4002 503
4711 2 2 0 1 199 6606 3859
4712 2 2 0 1 2502 6564 395
4713 2 2 0 1 281 5065 3160
4714 2 2 0 1 5315 6467 1907
4715 2 2 0 1 1187 5722 3856
4716 2 2 0 1 1826 6054 4196
4717 2 2 0 1 335 4950 2493
4718 2 2 0 1 2493 4950 1394
4719 2 2 0 1 3845 4080 519
4720 2 2 0 1 5728 6119 3223
4721 2 2 0 1 215 4191 2550
4722 2 2 0 1 1133 6729 2671
4723 2 2 0 1 2690 6789 414
4724 2 2 0 1 6036 6624 2163
4725 2 2 0 1 2692 5154 1052
4726 2 2 0 1 1245 3477 3213
4727 2 2 0 1 6046 6761 473
4728 2 2 0 1 2536 5485 1591
4729 2 2 0 1 1865 5173 4951
4730 2 2 0 1 3090 4856 666
4731 2 2 0 1 3660 4356 1732
4732 2 2 0 1 719 4356 3660
4733 2 2 0 1 1405 4386 3918
4734 2 2 0 1 1808 6102 5275
4735 2 2 0 1 1332 4181 2875
4736 2 2 0 1 843 4748 2621
4737 2 2 0 1 1200 4432 3428
4738 2 2 0 1 433 5192 2456
4739 2 2 0 1 1457 4115 2524
4740 2 2 0 1 3919 4060 1485
4741 2 2 0 1 951 6458 2459
4742 2 2 0 1 1261 3743 3634
4743 2 2 0 1 1798 4059 3530
4744 2 2 0 1 3626 3697 1500
4745 2 2 0 1 359 3697 3626
4746 2 2 0 1 1338 3719 2717
4747 2 2 0 1 1648 4104 3657
4748 2 2 0 1 3657 4104 725
4749 2 2 0 1 2212 6854 5262
4750 2 2 0 1 3717 3727 1090
4751 2 2 0 1 1542 3727 3717
4752 2 2 0 1 2905 3769 1677
4753 2 2 0 1 1265 3906 2604
4754 2 2 0 1 2422 6433 1965
4755 2 2 0 1 1037 4724 2418
4756 2 2 0 1 2479 4288 465
4757 2 2 0 1 343 4400 2834
4758 2 2 0 1 2834 4400 1396
4759 2 2 0 1 851 5757 2649
4760 2 2 0 1 950 5983 4918
4761 2 2 0 1 3872 4349 1452
4762 2 2 0 1 200 3828 2844
4763 2 2 0 1 2844 3828 1222
4764 2 2 0 1 3740 4522 1213
4765 2 2 0 1 2490 5976 823
4766 2 2 0 1 4562 4563 548
4767 2 2 0 1 1153 3277 3187
4768 2 2 0 1 3187 3277 482
4769 2 2 0 1 3071 3339 1227
4770 2 2 0 1 389 4929 3767
4771 2 2 0 1 987 6035 3342
4772 2 2 0 1 1567 5323 2573
4773 2 2 0 1 2573 5323 506
4774 2 2 0 1 780 5872 2562
4775 2 2 0 1 2415 4938 572
4776 2 2 0 1 2124 6910 6270
4777 2 2 0 1 2943 3449 1283
4778 2 2 0 1 3218 6082 5377
4779 2 2 0 1 2770 4438 427
4780 2 2 0 1 1368 4438 2770
4781 2 2 0 1 2342 6659 5559
4782 2 2 0 1 1267 3792 3695
4783 2 2 0 1 2129 5031 2888
4784 2 2 0 1 2888 5031 329
4785 2 2 0 1 3418 4475 1075
4786 2 2 0 1 4018 4270 1206
4787 2 2 0 1 1815 4270 4018
4788 2 2 0 1 449 3335 3093
4789 2 2 0 1 5245 5831 684
4790 2 2 0 1 1978 5714 5319
4791 2 2 0 1 3187 3285 1153
4792 2 2 0 1 3118 6936 396
4793 2 2 0 1 1860 6069 2551
4794 2 2 0 1 3520 4719 1352
4795 2 2 0 1 1201 3277 3276
4796 2 2 0 1 3276 3277 1153
4797 2 2 0 1 1013 6602 2650
4798 2 2 0 1 3096 4122 1155
4799 2 2 0 1 2680 5186 1579
4800 2 2 0 1 870 5186 2680
4801 2 2 0 1 3186 3673 464
4802 2 2 0 1 2692 3765 1315
4803 2 2 0 1 4075 6829 5566
4804 2 2 0 1 2427 5085 1270
4805 2 2 0 1 2746 4391 1182
4806 2 2 0 1 3398 5419 1795
4807 2 2 0 1 3499 6447 6294
4808 2 2 0 1 509 4152 2647
4809 2 2 0 1 2647 4152 1213
4810 2 2 0 1 3137 4988 2471
4811 2 2 0 1 3920 4164 1437
4812 2 2 0 1 3425 3874 259
4813 2 2 0 1 635 6821 3731
4814 2 2 0 1 794 6449 4579
4815 2 2 0 1 858 5557 2865
4816 2 2 0 1 2541 6023 286
4817 2 2 0 1 4298 5108 2299
4818 2 2 0 1 2983 3534 1170
4819 2 2 0 1 4620 5081 669
4820 2 2 0 1 1310 3161 273
4821 2 2 0 1 750 4555 2476
4822 2 2 0 1 4345 4632 657
4823 2 2 0 1 2047 4632 4345
4824 2 2 0 1 2510 4814 1432
4825 2 2 0 1 266 4814 2510
4826 2 2 0 1 803 5677 3910
4827 2 2 0 1 1394 6230 2493
4828 2 2 0 1 1473 5408 2702
4829 2 2 0 1 3779 3925 149
4830 2 2 0 1 2413 6852 6144
4831 2 2 0 1 2813 3649 1606
4832 2 2 0 1 363 4402 2894
4833 2 2 0 1 3508 4801 277
4834 2 2 0 1 2897 5353 3648
4835 2 2 0 1 992 3331 3112
4836 2 2 0 1 2930 5042 475
4837 2 2 0 1 1396 4908 2639
4838 2 2 0 1 4075 5566 1815
4839 2 2 0 1 3622 5067 2726
4840 2 2 0 1 3217 3270 934
4841 2 2 0 1 248 3756 3691
4842 2 2 0 1 529 3776 2874
4843 2 2 0 1 3714 5940 173
4844 2 2 0 1 1177 3903 2739
4845 2 2 0 1 2739 3903 236
4846 2 2 0 1 1688 5857 2437
4847 2 2 0 1 6288 6490 458
4848 2 2 0 1 173 5940 3730
4849 2 2 0 1 2625 4858 1072
4850 2 2 0 1 282 5108 4298
4851 2 2 0 1 2658 5021 631
4852 2 2 0 1 2442 5960 824
4853 2 2 0 1 2452 6276 837
4854 2 2 0 1 635 4302 4161
4855 2 2 0 1 2425 4956 159
4856 2 2 0 1 360 5674 2683
4857 2 2 0 1 2572 5176 1510
4858 2 2 0 1 506 5176 2572
4859 2 2 0 1 227 6683 2469
4860 2 2 0 1 4585 5767 201
4861 2 2 0 1 1232 4406 4333
4862 2 2 0 1 2582 6229 1416
4863 2 2 0 1 1777 5322 4680
4864 2 2 0 1 3330 3719 1079
4865 2 2 0 1 2826 3608 732
4866 2 2 0 1 4482 4552 1817
4867 2 2 0 1 2429 4985 1521
4868 2 2 0 1 2966 3469 1080
4869 2 2 0 1 648 5026 3498
4870 2 2 0 1 1208 3588 3417
4871 2 2 0 1 3266 6316 1424
4872 2 2 0 1 3492 3656 1416
4873 2 2 0 1 447 3656 3492
4874 2 2 0 1 1531 4413 4412
4875 2 2 0 1 418 4732 2439
4876 2 2 0 1 2642 3890 1077
4877 2 2 0 1 2715 6755 847
4878 2 2 0 1 2038 6504 3623
4879 2 2 0 1 1863 6502 2925
4880 2 2 0 1 129 3400 128
4881 2 2 0 1 39 3401 38
4882 2 2 0 1 1398 4603 2451
4883 2 2 0 1 1126 3480 3122
4884 2 2 0 1 2670 6671 979
4885 2 2 0 1 2612 4800 1060
4886 2 2 0 1 3106 4320 1569
4887 2 2 0 1 2471 4988 324
4888 2 2 0 1 3021 4869 1385
4889 2 2 0 1 491 3621 3606
4890 2 2 0 1 1327 3649 2813
4891 2 2 0 1 3499 6294 467
4892 2 2 0 1 1966 6290 4890
4893 2 2 0 1 5763 6669 3437
4894 2 2 0 1 3483 4153 2217
4895 2 2 0 1 662 4834 3373
4896 2 2 0 1 3373 4834 1768
4897 2 2 0 1 3202 4090 193
4898 2 2 0 1 1206 4270 3324
4899 2 2 0 1 772 4835 2529
4900 2 2 0 1 3356 3621 491
4901 2 2 0 1 2537 6154 1121
4902 2 2 0 1 4399 5789 2624
4903 2 2 0 1 1963 6869 3385
4904 2 2 0 1 1196 5337 3033
4905 2 2 0 1 1740 4197 2922
4906 2 2 0 1 2922 4197 1502
4907 2 2 0 1 2854 6856 5573
4908 2 2 0 1 399 5271 4896
4909 2 2 0 1 549 6616 4852
4910 2 2 0 1 3250 3713 1123
4911 2 2 0 1 756 5556 2454
4912 2 2 0 1 2966 3937 493
4913 2 2 0 1 398 6242 2466
4914 2 2 0 1 4301 6642 673
4915 2 2 0 1 627 4648 3560
4916 2 2 0 1 616 5812 3321
4917 2 2 0 1 248 3634 3355
4918 2 2 0 1 1269 5755 4458
4919 2 2 0 1 863 6193 2578
4920 2 2 0 1 2539 6089 835
4921 2 2 0 1 1743 2619 210
4922 2 2 0 1 880 6833 3496
4923 2 2 0 1 2050 6004 2559
4924 2 2 0 1 501 6547 2656
4925 2 2 0 1 2657 6546 500
4926 2 2 0 1 2438 5705 212
4927 2 2 0 1 1241 3306 3222
4928 2 2 0 1 1460 4889 2879
4929 2 2 0 1 5508 6655 3625
4930 2 2 0 1 1318 4900 2520
4931 2 2 0 1 3607 3809 1525
4932 2 2 0 1 160 3809 3607
4933 2 2 0 1 2732 6936 2252
4934 2 2 0 1 1711 4680 3059
4935 2 2 0 1 3059 4680 254
4936 2 2 0 1 3446 5464 636
4937 2 2 0 1 5519 6238 3605
4938 2 2 0 1 1390 4970 2758
4939 2 2 0 1 3326 3473 1020
4940 2 2 0 1 1397 3473 3326
4941 2 2 0 1 2594 5710 383
4942 2 2 0 1 3139 4721 598
4943 2 2 0 1 3835 6416 2122
4944 2 2 0 1 675 3994 3823
4945 2 2 0 1 3823 3994 2401
4946 2 2 0 1 496 3329 3192
4947 2 2 0 1 3192 3329 1171
4948 2 2 0 1 2538 4208 1705
4949 2 2 0 1 3682 6815 3577
4950 2 2 0 1 1242 4251 2444
4951 2 2 0 1 1376 5134 2450
4952 2 2 0 1 1073 6573 3177
4953 2 2 0 1 4852 6616 2649
4954 2 2 0 1 2697 3827 1076
4955 2 2 0 1 1803 4958 3059
4956 2 2 0 1 952 6619 2662
4957 2 2 0 1 664 5063 3681
4958 2 2 0 1 1129 5843 2644
4959 2 2 0 1 4038 4459 1286
4960 2 2 0 1 1866 4459 4038
4961 2 2 0 1 3415 3892 1712
4962 2 2 0 1 169 3892 3415
4963 2 2 0 1 1597 5356 2648
4964 2 2 0 1 2578 6215 346
4965 2 2 0 1 3077 5603 512
4966 2 2 0 1 760 5029 2441
4967 2 2 0 1 2550 4191 1098
4968 2 2 0 1 458 4737 2452
4969 2 2 0 1 1130 3450 3035
4970 2 2 0 1 3355 3356 1251
4971 2 2 0 1 1150 3356 3355
4972 2 2 0 1 3051 3973 1127
4973 2 2 0 1 2606 4043 1015
4974 2 2 0 1 1614 4420 3343
4975 2 2 0 1 3343 4420 679
4976 2 2 0 1 1222 3828 2706
4977 2 2 0 1 2562 4172 780
4978 2 2 0 1 1171 3334 3192
4979 2 2 0 1 1154 4082 3253
4980 2 2 0 1 3253 4082 2003
4981 2 2 0 1 4802 4869 278
4982 2 2 0 1 3261 4747 422
4983 2 2 0 1 2591 5878 3791
4984 2 2 0 1 6129 6869 1963
4985 2 2 0 1 1024 4710 4423
4986 2 2 0 1 4840 4841 392
4987 2 2 0 1 1538 3595 2865
4988 2 2 0 1 994 4012 2618
4989 2 2 0 1 1307 3648 3232
4990 2 2 0 1 3232 3648 686
4991 2 2 0 1 4917 5080 742
4992 2 2 0 1 467 6903 2443
4993 2 2 0 1 1062 3617 2856
4994 2 2 0 1 2531 4264 638
4995 2 2 0 1 2102 2736 177
4996 2 2 0 1 1795 5419 2467
4997 2 2 0 1 818 3148 2973
4998 2 2 0 1 2973 3148 1941
4999 2 2 0 1 1317 4679 3752
5000 2 2 0 1 2753 3759 1033
5001 2 2 0 1 504 3552 3136
5002 2 2 0 1 3497 3735 1344
5003 2 2 0 1 86 4630 2482
5004 2 2 0 1 3035 3450 226
5005 2 2 0 1 1731 5702 2504
5006 2 2 0 1 1310 5547 3161
5007 2 2 0 1 5703 6758 717
5008 2 2 0 1 3386 3743 449
5009 2 2 0 1 3024 3489 1087
5010 2 2 0 1 434 3682 2968
5011 2 2 0 1 2968 3682 1715
5012 2 2 0 1 5187 5715 1733
5013 2 2 0 1 844 3974 2637
5014 2 2 0 1 285 3972 3341
5015 2 2 0 1 3341 3972 1468
5016 2 2 0 1 3369 4098 520
5017 2 2 0 1 3365 6910 2124
5018 2 2 0 1 2489 5545 1631
5019 2 2 0 1 2446 5972 1770
5020 2 2 0 1 223 6244 3110
5021 2 2 0 1 4364 4371 1580
5022 2 2 0 1 3011 3475 1128
5023 2 2 0 1 2693 5254 2303
5024 2 2 0 1 325 5254 2693
5025 2 2 0 1 1639 5253 2457
5026 2 2 0 1 2596 6206 215
5027 2 2 0 1 2734 6915 844
5028 2 2 0 1 2447 4953 902
5029 2 2 0 1 3222 3669 179
5030 2 2 0 1 3305 4053 179
5031 2 2 0 1 2090 4778 2870
5032 2 2 0 1 2654 3933 419
5033 2 2 0 1 2474 6261 6214
5034 2 2 0 1 1547 4832 2864
5035 2 2 0 1 2864 4832 613
5036 2 2 0 1 3872 5041 2018
5037 2 2 0 1 1452 5041 3872
5038 2 2 0 1 657 5921 4345
5039 2 2 0 1 773 5008 2450
5040 2 2 0 1 4749 5521 555
5041 2 2 0 1 459 6857 5880
5042 2 2 0 1 2839 3592 1070
5043 2 2 0 1 1071 3593 2838
5044 2 2 0 1 1035 6535 2588
5045 2 2 0 1 244 3855 3328
5046 2 2 0 1 2524 4340 1457
5047 2 2 0 1 2788 4025 2087
5048 2 2 0 1 527 4025 2788
5049 2 2 0 1 3300 3301 1194
5050 2 2 0 1 1197 3301 3300
5051 2 2 0 1 5826 6345 854
5052 2 2 0 1 3872 6092 2293
5053 2 2 0 1 2834 4470 838
5054 2 2 0 1 1396 4470 2834
5055 2 2 0 1 232 3456 3047
5056 2 2 0 1 1654 4219 3654
5057 2 2 0 1 3654 4219 690
5058 2 2 0 1 3573 3574 1329
5059 2 2 0 1 1085 4107 3014
5060 2 2 0 1 2569 4205 423
5061 2 2 0 1 2479 5563 919
5062 2 2 0 1 2460 4814 266
5063 2 2 0 1 235 4807 2707
5064 2 2 0 1 2597 6187 857
5065 2 2 0 1 1664 5516 2492
5066 2 2 0 1 1057 4143 2585
5067 2 2 0 1 3372 4484 462
5068 2 2 0 1 2028 4417 2029
5069 2 2 0 1 1285 4934 4199
5070 2 2 0 1 3876 4057 1193
5071 2 2 0 1 1591 5485 4769
5072 2 2 0 1 3372 6819 4484
5073 2 2 0 1 1437 3875 3523
5074 2 2 0 1 463 3516 3072
5075 2 2 0 1 1206 6561 6000
5076 2 2 0 1 2641 4093 1566
5077 2 2 0 1 3509 4009 503
5078 2 2 0 1 5115 5700 1346
5079 2 2 0 1 328 976 476
5080 2 2 0 1 2531 6389 883
5081 2 2 0 1 2560 4261 244
5082 2 2 0 1 2681 5414 365
5083 2 2 0 1 2929 3583 1123
5084 2 2 0 1 163 3583 2929
5085 2 2 0 1 4741 6404 2405
5086 2 2 0 1 1252 3701 3068
5087 2 2 0 1 3068 3701 552
5088 2 2 0 1 400 6064 2563
5089 2 2 0 1 1485 4021 3245
5090 2 2 0 1 3245 4021 588
5091 2 2 0 1 1392 4936 2552
5092 2 2 0 1 2552 4936 806
5093 2 2 0 1 6121 6152 641
5094 2 2 0 1 3223 5466 1000
5095 2 2 0 1 3952 3979 1694
5096 2 2 0 1 1125 3979 3952
5097 2 2 0 1 758 4945 2460
5098 2 2 0 1 669 4718 2472
5099 2 2 0 1 3301 3309 633
5100 2 2 0 1 1197 3309 3301
5101 2 2 0 1 2702 3889 380
5102 2 2 0 1 2765 5105 1556
5103 2 2 0 1 1557 5106 2766
5104 2 2 0 1 5149 5893 615
5105 2 2 0 1 2333 5847 3734
5106 2 2 0 1 3697 3744 1521
5107 2 2 0 1 359 3744 3697
5108 2 2 0 1 801 5825 2707
5109 2 2 0 1 2497 5145 680
5110 2 2 0 1 2889 5008 1901
5111 2 2 0 1 2252 6936 3118
5112 2 2 0 1 2707 5825 1760
5113 2 2 0 1 1117 5370 2595
5114 2 2 0 1 4333 4406 1889
5115 2 2 0 1 3523 3920 1437
5116 2 2 0 1 733 4740 2473
5117 2 2 0 1 1164 3588 3288
5118 2 2 0 1 1340 1341 678
5119 2 2 0 1 3623 6504 2536
5120 2 2 0 1 2603 4140 1660
5121 2 2 0 1 1068 3557 3283
5122 2 2 0 1 3006 4268 1695
5123 2 2 0 1 2727 4491 1783
5124 2 2 0 1 5711 6642 2169
5125 2 2 0 1 2918 4669 1651
5126 2 2 0 1 1042 3859 3085
5127 2 2 0 1 969 4847 3484
5128 2 2 0 1 785 5428 2580
5129 2 2 0 1 226 3833 2918
5130 2 2 0 1 2918 3833 1230
5131 2 2 0 1 589 5476 3006
5132 2 2 0 1 1208 5137 5131
5133 2 2 0 1 3947 6761 2234
5134 2 2 0 1 1614 4506 2504
5135 2 2 0 1 2465 4910 294
5136 2 2 0 1 405 6863 3819
5137 2 2 0 1 2842 5038 1968
5138 2 2 0 1 3077 5535 1066
5139 2 2 0 1 1894 6467 5740
5140 2 2 0 1 2577 6066 204
5141 2 2 0 1 1451 6157 2524
5142 2 2 0 1 425 3570 2949
5143 2 2 0 1 1577 5165 3317
5144 2 2 0 1 4975 5337 2194
5145 2 2 0 1 3049 6803 1149
5146 2 2 0 1 748 4970 2464
5147 2 2 0 1 324 6039 2471
5148 2 2 0 1 962 4091 3367
5149 2 2 0 1 2510 5172 738
5150 2 2 0 1 1593 4960 3877
5151 2 2 0 1 1004 4186 3293
5152 2 2 0 1 2540 5841 1896
5153 2 2 0 1 2480 4736 1203
5154 2 2 0 1 1482 4238 4232
5155 2 2 0 1 505 4360 2883
5156 2 2 0 1 510 4063 2634
5157 2 2 0 1 448 3995 3838
5158 2 2 0 1 3838 3995 1650
5159 2 2 0 1 443 4572 4523
5160 2 2 0 1 4602 5147 1755
5161 2 2 0 1 656 5687 3412
5162 2 2 0 1 1693 4346 3637
5163 2 2 0 1 3637 4346 174
5164 2 2 0 1 179 3669 3305
5165 2 2 0 1 3367 4091 1516
5166 2 2 0 1 3161 6881 3162
5167 2 2 0 1 3172 5137 1208
5168 2 2 0 1 127 6717 126
5169 2 2 0 1 41 6716 40
5170 2 2 0 1 1324 3712 3254
5171 2 2 0 1 3254 3712 573
5172 2 2 0 1 2408 6473 4561
5173 2 2 0 1 1998 5057 3826
5174 2 2 0 1 3826 5057 1545
5175 2 2 0 1 2025 6254 4163
5176 2 2 0 1 1336 4576 2695
5177 2 2 0 1 2695 4576 426
5178 2 2 0 1 2487 4739 592
5179 2 2 0 1 1249 5539 4109
5180 2 2 0 1 2994 3776 529
5181 2 2 0 1 1194 4643 4257
5182 2 2 0 1 5407 5563 1967
5183 2 2 0 1 5671 5815 1850
5184 2 2 0 1 1252 3352 3329
5185 2 2 0 1 4348 5161 2383
5186 2 2 0 1 1769 5026 2467
5187 2 2 0 1 2647 4522 881
5188 2 2 0 1 3304 4027 326
5189 2 2 0 1 1462 4027 3304
5190 2 2 0 1 795 3347 3268
5191 2 2 0 1 340 5203 2616
5192 2 2 0 1 1427 5949 2501
5193 2 2 0 1 545 4176 3128
5194 2 2 0 1 4007 4059 1137
5195 2 2 0 1 3368 4693 1163
5196 2 2 0 1 198 3244 2321
5197 2 2 0 1 2633 4091 962
5198 2 2 0 1 1077 4541 2800
5199 2 2 0 1 2312 5767 4585
5200 2 2 0 1 1080 6676 2709
5201 2 2 0 1 1609 2974 2815
5202 2 2 0 1 2815 2974 641
5203 2 2 0 1 2488 6361 1551
5204 2 2 0 1 2604 5915 1141
5205 2 2 0 1 3291 3756 248
5206 2 2 0 1 1208 3417 3172
5207 2 2 0 1 2761 3812 162
5208 2 2 0 1 2502 4594 778
5209 2 2 0 1 2709 6907 233
5210 2 2 0 1 5881 6308 1979
5211 2 2 0 1 3229 3735 252
5212 2 2 0 1 2278 6102 3777
5213 2 2 0 1 2920 3658 939
5214 2 2 0 1 3201 3584 1400
5215 2 2 0 1 1261 3584 3201
5216 2 2 0 1 1995 5373 4964
5217 2 2 0 1 2617 6224 515
5218 2 2 0 1 2562 5872 1100
5219 2 2 0 1 1583 4763 3708
5220 2 2 0 1 2158 6394 5677
5221 2 2 0 1 360 6264 2626
5222 2 2 0 1 4638 5841 2540
5223 2 2 0 1 2609 4770 247
5224 2 2 0 1 3159 4693 3160
5225 2 2 0 1 2759 4116 943
5226 2 2 0 1 1477 3833 3450
5227 2 2 0 1 2597 4701 404
5228 2 2 0 1 2749 6482 1320
5229 2 2 0 1 372 5220 2481
5230 2 2 0 1 2195 4666 151
5231 2 2 0 1 2272 6100 3616
5232 2 2 0 1 3616 6100 140
5233 2 2 0 1 2486 6503 1378
5234 2 2 0 1 4134 4752 183
5235 2 2 0 1 1385 4869 2483
5236 2 2 0 1 2600 5128 4448
5237 2 2 0 1 3897 6316 3266
5238 2 2 0 1 3999 5449 208
5239 2 2 0 1 2678 4629 1874
5240 2 2 0 1 2420 4900 1318
5241 2 2 0 1 799 4411 4281
5242 2 2 0 1 3167 4188 1515
5243 2 2 0 1 3802 4208 1045
5244 2 2 0 1 1705 4208 3802
5245 2 2 0 1 3131 4791 1081
5246 2 2 0 1 2390 6363 6309
5247 2 2 0 1 1835 6221 2497
5248 2 2 0 1 1068 3735 3229
5249 2 2 0 1 3273 6879 6860
5250 2 2 0 1 269 1205 853
5251 2 2 0 1 5161 5854 2546
5252 2 2 0 1 249 6435 2567
5253 2 2 0 1 2944 3783 715
5254 2 2 0 1 1526 3783 2944
5255 2 2 0 1 276 3524 3048
5256 2 2 0 1 3048 3524 1158
5257 2 2 0 1 2490 4842 1983
5258 2 2 0 1 2794 3793 1361
5259 2 2 0 1 2567 5894 249
5260 2 2 0 1 418 3659 3518
5261 2 2 0 1 3518 3659 1394
5262 2 2 0 1 243 4726 2164
5263 2 2 0 1 2813 4984 4153
5264 2 2 0 1 4137 6565 1449
5265 2 2 0 1 2544 5877 1696
5266 2 2 0 1 156 5286 2551
5267 2 2 0 1 2551 5286 1504
5268 2 2 0 1 3276 3375 1201
5269 2 2 0 1 255 3375 3276
5270 2 2 0 1 3567 5661 1088
5271 2 2 0 1 2273 6633 2706
5272 2 2 0 1 661 5244 815
5273 2 2 0 1 1412 3511 3058
5274 2 2 0 1 2251 6739 5591
5275 2 2 0 1 738 5172 2488
5276 2 2 0 1 3349 4292 1123
5277 2 2 0 1 2639 4908 667
5278 2 2 0 1 1809 6138 2611
5279 2 2 0 1 3857 4891 1927
5280 2 2 0 1 618 4891 3857
5281 2 2 0 1 722 6525 2669
5282 2 2 0 1 3375 3376 1201
5283 2 2 0 1 1234 3376 3375
5284 2 2 0 1 1212 3689 3133
5285 2 2 0 1 2672 4117 242
5286 2 2 0 1 4216 5481 1895
5287 2 2 0 1 230 3579 3169
5288 2 2 0 1 1170 3534 3192
5289 2 2 0 1 4243 4477 1616
5290 2 2 0 1 1233 3546 3029
5291 2 2 0 1 3368 3651 1363
5292 2 2 0 1 1109 3927 3078
5293 2 2 0 1 4089 5975 1875
5294 2 2 0 1 1121 6445 3728
5295 2 2 0 1 330 5100 2490
5296 2 2 0 1 3605 4542 1730
5297 2 2 0 1 767 4542 3605
5298 2 2 0 1 858 6562 3410
5299 2 2 0 1 949 6357 3149
5300 2 2 0 1 3149 6357 2127
5301 2 2 0 1 1794 5511 3280
5302 2 2 0 1 2918 6859 4669
5303 2 2 0 1 1879 5074 3090
5304 2 2 0 1 2666 6516 640
5305 2 2 0 1 1778 6088 5759
5306 2 2 0 1 1011 5153 2492
5307 2 2 0 1 2985 3814 1088
5308 2 2 0 1 4034 4449 1842
5309 2 2 0 1 980 4449 4034
5310 2 2 0 1 3329 3352 1171
5311 2 2 0 1 1346 4262 3043
5312 2 2 0 1 3043 4262 2102
5313 2 2 0 1 172 5633 4730
5314 2 2 0 1 887 5282 3964
5315 2 2 0 1 1073 6424 3812
5316 2 2 0 1 945 1573 1221
5317 2 2 0 1 2621 4789 1136
5318 2 2 0 1 2512 4957 409
5319 2 2 0 1 1372 4957 2512
5320 2 2 0 1 2493 5466 3223
5321 2 2 0 1 3553 4019 556
5322 2 2 0 1 3460 6741 1734
5323 2 2 0 1 1441 4074 4017
5324 2 2 0 1 3122 3480 454
5325 2 2 0 1 698 6454 1480
5326 2 2 0 1 1121 6673 6445
5327 2 2 0 1 3029 3557 1233
5328 2 2 0 1 5376 5967 2944
5329 2 2 0 1 3283 3735 1068
5330 2 2 0 1 1812 5200 4250
5331 2 2 0 1 3423 6209 356
5332 2 2 0 1 1401 3594 3191
5333 2 2 0 1 3191 3594 1295
5334 2 2 0 1 1142 5348 3954
5335 2 2 0 1 1159 3658 2920
5336 2 2 0 1 72 3253 71
5337 2 2 0 1 1120 3561 3022
5338 2 2 0 1 1791 5396 4118
5339 2 2 0 1 2615 6074 1772
5340 2 2 0 1 862 6074 2615
5341 2 2 0 1 3363 3364 1195
5342 2 2 0 1 1240 3364 3363
5343 2 2 0 1 3750 4195 594
5344 2 2 0 1 67 4087 66
5345 2 2 0 1 2429 6654 5646
5346 2 2 0 1 251 5456 3189
5347 2 2 0 1 687 6127 3694
5348 2 2 0 1 836 6742 6443
5349 2 2 0 1 268 6290 3831
5350 2 2 0 1 3072 3516 1135
5351 2 2 0 1 874 5698 2533
5352 2 2 0 1 137 6194 2778
5353 2 2 0 1 2778 6194 1876
5354 2 2 0 1 595 6838 5683
5355 2 2 0 1 3929 3939 2257
5356 2 2 0 1 4396 6426 1912
5357 2 2 0 1 4171 5730 1461
5358 2 2 0 1 3328 3855 2008
5359 2 2 0 1 185 3614 3546
5360 2 2 0 1 2868 5307 4241
5361 2 2 0 1 2794 4014 1274
5362 2 2 0 1 771 5392 2720
5363 2 2 0 1 3083 3391 1138
5364 2 2 0 1 1022 3391 3083
5365 2 2 0 1 251 6598 5318
5366 2 2 0 1 2613 5982 1182
5367 2 2 0 1 4511 6965 1333
5368 2 2 0 1 1222 4362 2844
5369 2 2 0 1 2569 5860 1005
5370 2 2 0 1 1741 4146 2866
5371 2 2 0 1 5951 6301 748
5372 2 2 0 1 749 6302 5952
5373 2 2 0 1 2089 5577 5376
5374 2 2 0 1 4713 6467 1894
5375 2 2 0 1 1837 5056 4988
5376 2 2 0 1 946 1499 321
5377 2 2 0 1 1345 3602 3438
5378 2 2 0 1 2730 6742 2323
5379 2 2 0 1 2592 5998 2241
5380 2 2 0 1 4435 5027 1438
5381 2 2 0 1 1730 5519 3605
5382 2 2 0 1 1854 6172 6056
5383 2 2 0 1 633 5133 3574
5384 2 2 0 1 3150 5951 748
5385 2 2 0 1 749 5952 3151
5386 2 2 0 1 2678 6687 153
5387 2 2 0 1 2175 4830 4614
5388 2 2 0 1 2851 3747 524
5389 2 2 0 1 2601 4299 1503
5390 2 2 0 1 3226 3431 1019
5391 2 2 0 1 5087 6986 3176
5392 2 2 0 1 1716 5573 3865
5393 2 2 0 1 3027 4377 1092
5394 2 2 0 1 395 5510 2502
5395 2 2 0 1 2347 6416 4722
5396 2 2 0 1 2865 6951 725
5397 2 2 0 1 3136 3552 1119
5398 2 2 0 1 1849 4640 2825
5399 2 2 0 1 2528 6237 1669
5400 2 2 0 1 3777 6102 438
5401 2 2 0 1 2710 4030 956
5402 2 2 0 1 465 4991 2520
5403 2 2 0 1 2520 4991 1318
5404 2 2 0 1 2907 5230 1072
5405 2 2 0 1 3778 5051 2889
5406 2 2 0 1 2077 5844 4601
5407 2 2 0 1 3124 5604 2065
5408 2 2 0 1 316 5604 3124
5409 2 2 0 1 129 4768 3400
5410 2 2 0 1 3401 4769 38
5411 2 2 0 1 452 4546 2539
5412 2 2 0 1 3193 3601 1173
5413 2 2 0 1 2867 5306 1260
5414 2 2 0 1 3305 3669 1323
5415 2 2 0 1 1406 4776 3010
5416 2 2 0 1 317 3670 3054
5417 2 2 0 1 1256 5988 4414
5418 2 2 0 1 381 4875 3510
5419 2 2 0 1 1092 6954 3181
5420 2 2 0 1 3718 5077 1605
5421 2 2 0 1 1921 5077 3718
5422 2 2 0 1 3440 4727 1937
5423 2 2 0 1 3954 5348 5065
5424 2 2 0 1 524 4827 4306
5425 2 2 0 1 4172 5963 2532
5426 2 2 0 1 2997 3775 246
5427 2 2 0 1 2644 5206 1129
5428 2 2 0 1 3516 3669 1135
5429 2 2 0 1 2631 4239 432
5430 2 2 0 1 433 4240 2632
5431 2 2 0 1 4932 6521 2379
5432 2 2 0 1 1551 6122 2761
5433 2 2 0 1 3434 6493 3655
5434 2 2 0 1 1961 5102 4343
5435 2 2 0 1 1101 5514 2716
5436 2 2 0 1 2768 6018 1806
5437 2 2 0 1 3022 3683 504
5438 2 2 0 1 1193 3683 3022
5439 2 2 0 1 3446 6796 5464
5440 2 2 0 1 2733 6762 2000
5441 2 2 0 1 1006 5972 3180
5442 2 2 0 1 1272 3921 2984
5443 2 2 0 1 2984 3921 190
5444 2 2 0 1 1432 5172 2510
5445 2 2 0 1 5211 5304 451
5446 2 2 0 1 959 6905 3065
5447 2 2 0 1 2723 4572 443
5448 2 2 0 1 671 6319 5639
5449 2 2 0 1 4908 5175 667
5450 2 2 0 1 5559 6659 1893
5451 2 2 0 1 3549 4849 1509
5452 2 2 0 1 498 4085 3183
5453 2 2 0 1 227 6351 3219
5454 2 2 0 1 1133 4117 2672
5455 2 2 0 1 3488 6216 2324
5456 2 2 0 1 520 3983 1804
5457 2 2 0 1 2693 6000 325
5458 2 2 0 1 1190 5873 3383
5459 2 2 0 1 2949 6572 425
5460 2 2 0 1 333 6603 3116
5461 2 2 0 1 2024 5856 4160
5462 2 2 0 1 2754 6863 2229
5463 2 2 0 1 4289 6741 3460
5464 2 2 0 1 2845 3780 1225
5465 2 2 0 1 568 4238 3675
5466 2 2 0 1 866 5832 2899
5467 2 2 0 1 4902 6541 1455
5468 2 2 0 1 3578 5666 2353
5469 2 2 0 1 2618 5492 3381
5470 2 2 0 1 2554 5707 897
5471 2 2 0 1 2135 6913 3603
5472 2 2 0 1 616 6533 5812
5473 2 2 0 1 568 3675 3246
5474 2 2 0 1 3246 3675 1297
5475 2 2 0 1 2940 5111 995
5476 2 2 0 1 2849 3778 891
5477 2 2 0 1 3126 3651 1163
5478 2 2 0 1 491 3606 3020
5479 2 2 0 1 1088 5661 3804
5480 2 2 0 1 3766 5284 685
5481 2 2 0 1 2020 5284 3766
5482 2 2 0 1 1174 3686 2977
5483 2 2 0 1 2977 3686 546
5484 2 2 0 1 1467 3600 3196
5485 2 2 0 1 947 5139 2514
5486 2 2 0 1 2893 5806 2054
5487 2 2 0 1 3125 4578 142
5488 2 2 0 1 814 2630 826
5489 2 2 0 1 1181 4591 2592
5490 2 2 0 1 3509 3830 1312
5491 2 2 0 1 1451 3830 3509
5492 2 2 0 1 3410 5557 858
5493 2 2 0 1 409 5637 2512
5494 2 2 0 1 3229 3517 1068
5495 2 2 0 1 1228 3517 3229
5496 2 2 0 1 394 6423 2663
5497 2 2 0 1 44 5106 2838
5498 2 2 0 1 2839 5105 123
5499 2 2 0 1 3446 4242 1018
5500 2 2 0 1 3377 3378 1204
5501 2 2 0 1 903 3378 3377
5502 2 2 0 1 3953 6586 2804
5503 2 2 0 1 3523 3875 582
5504 2 2 0 1 2850 3798 136
5505 2 2 0 1 1361 6948 2794
5506 2 2 0 1 2831 5822 3979
5507 2 2 0 1 2667 4787 868
5508 2 2 0 1 70 6475 3073
5509 2 2 0 1 4081 6058 1250
5510 2 2 0 1 5591 6739 2971
5511 2 2 0 1 3213 3477 255
5512 2 2 0 1 3056 3935 435
5513 2 2 0 1 3012 6530 385
5514 2 2 0 1 2083 6530 3012
5515 2 2 0 1 1698 4868 3256
5516 2 2 0 1 3256 4868 291
5517 2 2 0 1 933 2971 487
5518 2 2 0 1 499 3790 3283
5519 2 2 0 1 3283 3790 1344
5520 2 2 0 1 5633 5689 1648
5521 2 2 0 1 1174 5339 3674
5522 2 2 0 1 788 4334 2616
5523 2 2 0 1 6432 6851 2210
5524 2 2 0 1 2241 5998 4933
5525 2 2 0 1 2524 6548 543
5526 2 2 0 1 1318 6484 4480
5527 2 2 0 1 2514 6282 1555
5528 2 2 0 1 1136 4054 2767
5529 2 2 0 1 1702 5380 4190
5530 2 2 0 1 1333 6269 2569
5531 2 2 0 1 1209 3754 3518
5532 2 2 0 1 2671 4158 1529
5533 2 2 0 1 1134 5926 2701
5534 2 2 0 1 5363 6854 2212
5535 2 2 0 1 2080 5357 2891
5536 2 2 0 1 833 5480 2672
5537 2 2 0 1 2665 4160 990
5538 2 2 0 1 671 5639 3066
5539 2 2 0 1 3067 5640 670
5540 2 2 0 1 1793 6784 2609
5541 2 2 0 1 3711 4650 1528
5542 2 2 0 1 445 6946 5384
5543 2 2 0 1 172 4300 2646
5544 2 2 0 1 2646 4300 1209
5545 2 2 0 1 3406 4848 1622
5546 2 2 0 1 2535 5553 1822
5547 2 2 0 1 3342 3716 987
5548 2 2 0 1 3293 5662 620
5549 2 2 0 1 1950 5662 3293
5550 2 2 0 1 357 5156 2514
5551 2 2 0 1 1079 3756 3291
5552 2 2 0 1 1300 6299 2558
5553 2 2 0 1 2603 4408 1258
5554 2 2 0 1 2592 6549 1810
5555 2 2 0 1 3775 3973 1459
5556 2 2 0 1 3194 3924 1595
5557 2 2 0 1 3296 3756 1079
5558 2 2 0 1 3105 3923 1436
5559 2 2 0 1 3424 4248 1026
5560 2 2 0 1 3574 5133 1329
5561 2 2 0 1 1738 6228 4528
5562 2 2 0 1 1544 4806 4446
5563 2 2 0 1 5393 6699 2070
5564 2 2 0 1 3500 5711 1132
5565 2 2 0 1 2676 6934 228
5566 2 2 0 1 4526 6439 991
5567 2 2 0 1 2862 4624 297
5568 2 2 0 1 1934 4624 2862
5569 2 2 0 1 1161 3445 3292
5570 2 2 0 1 4396 5364 1120
5571 2 2 0 1 3539 4862 687
5572 2 2 0 1 1784 4862 3539
5573 2 2 0 1 3094 4175 1656
5574 2 2 0 1 1351 3520 3085
5575 2 2 0 1 2951 3825 904
5576 2 2 0 1 1300 3825 2951
5577 2 2 0 1 3226 4320 1511
5578 2 2 0 1 579 4320 3226
5579 2 2 0 1 3134 6608 2462
5580 2 2 0 1 3333 4074 1441
5581 2 2 0 1 3613 3615 1287
5582 2 2 0 1 1287 3615 3459
5583 2 2 0 1 517 5836 3181
5584 2 2 0 1 246 4567 3827
5585 2 2 0 1 5922 6184 1199
5586 2 2 0 1 2856 4859 2333
5587 2 2 0 1 816 6557 2590
5588 2 2 0 1 2956 4247 224
5589 2 2 0 1 1130 4048 2828
5590 2 2 0 1 3508 3946 1489
5591 2 2 0 1 277 3946 3508
5592 2 2 0 1 2778 5638 3084
5593 2 2 0 1 2757 6302 4803
5594 2 2 0 1 3225 4795 1548
5595 2 2 0 1 2034 4795 3225
5596 2 2 0 1 1091 4749 2982
5597 2 2 0 1 1788 4983 3917
5598 2 2 0 1 3276 3977 255
5599 2 2 0 1 2600 4448 683
5600 2 2 0 1 4738 6149 542
5601 2 2 0 1 1231 4843 4161
5602 2 2 0 1 775 6067 2631
5603 2 2 0 1 2631 6067 1749
5604 2 2 0 1 2632 6068 776
5605 2 2 0 1 1750 6068 2632
5606 2 2 0 1 627 6528 2589
5607 2 2 0 1 1096 4804 3129
5608 2 2 0 1 1843 3716 3342
5609 2 2 0 1 3498 5026 1769
5610 2 2 0 1 946 3389 1499
5611 2 2 0 1 2993 3698 1241
5612 2 2 0 1 2086 5269 4058
5613 2 2 0 1 4058 5269 1949
5614 2 2 0 1 2350 5826 4267
5615 2 2 0 1 1659 5706 5029
5616 2 2 0 1 5700 5900 574
5617 2 2 0 1 3252 3557 1068
5618 2 2 0 1 1233 3557 3252
5619 2 2 0 1 4271 4430 2774
5620 2 2 0 1 1427 4430 4271
5621 2 2 0 1 1026 4248 3747
5622 2 2 0 1 5058 6681 849
5623 2 2 0 1 1410 5620 2779
5624 2 2 0 1 175 5572 2843
5625 2 2 0 1 3285 4016 1153
5626 2 2 0 1 1237 5615 2714
5627 2 2 0 1 3609 6598 251
5628 2 2 0 1 3868 5961 235
5629 2 2 0 1 2537 5447 1900
5630 2 2 0 1 3314 4863 1013
5631 2 2 0 1 369 6870 2870
5632 2 2 0 1 2870 6870 2090
5633 2 2 0 1 2794 6980 529
5634 2 2 0 1 3308 3636 350
5635 2 2 0 1 2237 6685 5878
5636 2 2 0 1 1427 4271 2798
5637 2 2 0 1 2798 4271 550
5638 2 2 0 1 2526 5234 446
5639 2 2 0 1 522 3704 2972
5640 2 2 0 1 412 3944 2800
5641 2 2 0 1 181 3769 2905
5642 2 2 0 1 4352 4418 1264
5643 2 2 0 1 4166 4476 580
5644 2 2 0 1 4228 5532 2277
5645 2 2 0 1 351 5532 4228
5646 2 2 0 1 1973 6461 3298
5647 2 2 0 1 2775 5060 878
5648 2 2 0 1 1623 5458 3102
5649 2 2 0 1 177 4911 2823
5650 2 2 0 1 2729 4235 1215
5651 2 2 0 1 570 4235 2729
5652 2 2 0 1 2538 4838 305
5653 2 2 0 1 3590 3673 1309
5654 2 2 0 1 220 5301 2530
5655 2 2 0 1 984 5937 678
5656 2 2 0 1 4547 6278 2300
5657 2 2 0 1 3724 4363 1452
5658 2 2 0 1 205 6459 3265
5659 2 2 0 1 2588 4540 876
5660 2 2 0 1 4218 4443 1319
5661 2 2 0 1 638 4969 2531
5662 2 2 0 1 3192 3534 496
5663 2 2 0 1 3475 5866 1128
5664 2 2 0 1 453 5331 2534
5665 2 2 0 1 2815 6621 975
5666 2 2 0 1 1993 6223 3753
5667 2 2 0 1 1254 3808 2874
5668 2 2 0 1 3075 6522 2373
5669 2 2 0 1 2530 5518 772
5670 2 2 0 1 416 4659 2571
5671 2 2 0 1 3133 3689 872
5672 2 2 0 1 1635 4466 3179
5673 2 2 0 1 4729 6489 6001
5674 2 2 0 1 823 4926 2639
5675 2 2 0 1 2639 4926 1396
5676 2 2 0 1 3273 6860 973
5677 2 2 0 1 451 5304 3462
5678 2 2 0 1 206 2162 269
5679 2 2 0 1 2700 4421 2506
5680 2 2 0 1 699 5250 2537
5681 2 2 0 1 4521 5668 2056
5682 2 2 0 1 2790 4100 875
5683 2 2 0 1 1654 5289 4234
5684 2 2 0 1 300 5093 4332
5685 2 2 0 1 4332 5093 2156
5686 2 2 0 1 3138 4396 1120
5687 2 2 0 1 575 4262 3602
5688 2 2 0 1 3207 5565 1129
5689 2 2 0 1 4729 6001 1383
5690 2 2 0 1 3179 4466 272
5691 2 2 0 1 4980 6541 2464
5692 2 2 0 1 2532 5416 780
5693 2 2 0 1 2762 6091 2691
5694 2 2 0 1 1962 6477 3332
5695 2 2 0 1 5808 5867 2344
5696 2 2 0 1 1791 5581 2995
5697 2 2 0 1 2995 5581 143
5698 2 2 0 1 1874 6371 2678
5699 2 2 0 1 1157 2259 2258
5700 2 2 0 1 2624 4896 1211
5701 2 2 0 1 255 3977 3333
5702 2 2 0 1 3024 5474 559
5703 2 2 0 1 2826 3909 1067
5704 2 2 0 1 4168 6128 493
5705 2 2 0 1 2574 6939 424
5706 2 2 0 1 3290 5468 1465
5707 2 2 0 1 1082 3508 3507
5708 2 2 0 1 3507 3508 1489
5709 2 2 0 1 1493 4321 3705
5710 2 2 0 1 2557 5472 1759
5711 2 2 0 1 1522 5197 2694
5712 2 2 0 1 2694 5197 468
5713 2 2 0 1 4046 4127 1475
5714 2 2 0 1 1681 5483 3467
5715 2 2 0 1 3427 3545 1259
5716 2 2 0 1 1298 3545 3427
5717 2 2 0 1 1175 3725 2977
5718 2 2 0 1 3360 4031 1447
5719 2 2 0 1 368 4031 3360
5720 2 2 0 1 1208 5131 3288
5721 2 2 0 1 857 6187 3116
5722 2 2 0 1 2330 5224 2332
5723 2 2 0 1 3333 3977 1439
5724 2 2 0 1 1880 4385 3480
5725 2 2 0 1 2721 6560 2283
5726 2 2 0 1 564 3814 2985
5727 2 2 0 1 2546 5854 468
5728 2 2 0 1 891 3951 2849
5729 2 2 0 1 558 4150 4032
5730 2 2 0 1 3584 3691 1400
5731 2 2 0 1 248 3691 3584
5732 2 2 0 1 263 4427 2780
5733 2 2 0 1 4381 6523 2595
5734 2 2 0 1 1883 4437 2674
5735 2 2 0 1 3235 6548 1109
5736 2 2 0 1 550 4581 2598
5737 2 2 0 1 518 5202 3018
5738 2 2 0 1 3237 4518 1257
5739 2 2 0 1 2221 5889 2613
5740 2 2 0 1 3842 4505 494
5741 2 2 0 1 797 4646 2877
5742 2 2 0 1 517 5902 5836
5743 2 2 0 1 469 4357 2836
5744 2 2 0 1 3169 3579 1486
5745 2 2 0 1 507 5137 3172
5746 2 2 0 1 2703 6449 1939
5747 2 2 0 1 2773 6976 341
5748 2 2 0 1 2159 5642 2987
5749 2 2 0 1 1151 5013 3504
5750 2 2 0 1 667 4842 2639
5751 2 2 0 1 2952 6735 5257
5752 2 2 0 1 2605 4558 875
5753 2 2 0 1 1564 4516 4496
5754 2 2 0 1 1338 3986 3719
5755 2 2 0 1 2767 4054 245
5756 2 2 0 1 3181 6954 517
5757 2 2 0 1 615 5893 3996
5758 2 2 0 1 1873 5599 3382
5759 2 2 0 1 1535 5361 2566
5760 2 2 0 1 2646 4472 792
5761 2 2 0 1 4453 6029 2201
5762 2 2 0 1 1167 3898 2849
5763 2 2 0 1 4053 4092 179
5764 2 2 0 1 5837 5977 2138
5765 2 2 0 1 2457 6265 5673
5766 2 2 0 1 1215 4253 2733
5767 2 2 0 1 3390 6865 232
5768 2 2 0 1 1799 6590 2613
5769 2 2 0 1 2056 5946 5896
5770 2 2 0 1 1117 6739 5370
5771 2 2 0 1 1130 6787 3692
5772 2 2 0 1 3418 3601 271
5773 2 2 0 1 1361 3601 3418
5774 2 2 0 1 2687 5901 1565
5775 2 2 0 1 1876 5638 2778
5776 2 2 0 1 2849 3898 565
5777 2 2 0 1 3690 4772 1792
5778 2 2 0 1 1560 4772 3690
5779 2 2 0 1 3121 6091 199
5780 2 2 0 1 4896 5271 2098
5781 2 2 0 1 1482 4232 3630
5782 2 2 0 1 3074 6968 1289
5783 2 2 0 1 1856 6912 2579
5784 2 2 0 1 2059 6965 2805
5785 2 2 0 1 2805 6965 622
5786 2 2 0 1 3143 4083 1282
5787 2 2 0 1 2582 5703 717
5788 2 2 0 1 3403 6949 1119
5789 2 2 0 1 476 2919 928
5790 2 2 0 1 1725 4401 3188
5791 2 2 0 1 893 6834 2773
5792 2 2 0 1 4343 5213 1961
5793 2 2 0 1 5646 6654 319
5794 2 2 0 1 3031 4028 1141
5795 2 2 0 1 337 5471 3676
5796 2 2 0 1 3676 5471 2023
5797 2 2 0 1 3288 3588 1208
5798 2 2 0 1 3503 3627 1592
5799 2 2 0 1 2157 5099 4362
5800 2 2 0 1 4362 5099 723
5801 2 2 0 1 1393 5614 2642
5802 2 2 0 1 2560 5487 2137
5803 2 2 0 1 317 5602 4091
5804 2 2 0 1 3316 6225 1783
5805 2 2 0 1 4002 4340 503
5806 2 2 0 1 2663 4328 1358
5807 2 2 0 1 1448 5867 5808
5808 2 2 0 1 350 4344 3308
5809 2 2 0 1 1234 3470 3376
5810 2 2 0 1 3376 3470 507
5811 2 2 0 1 3750 4395 1474
5812 2 2 0 1 3619 4285 1264
5813 2 2 0 1 2934 3790 499
5814 2 2 0 1 4408 5702 1258
5815 2 2 0 1 1577 4057 3876
5816 2 2 0 1 3248 3541 1220
5817 2 2 0 1 1173 3793 3587
5818 2 2 0 1 472 5090 3206
5819 2 2 0 1 419 6183 2654
5820 2 2 0 1 2750 4677 1177
5821 2 2 0 1 255 3477 3375
5822 2 2 0 1 1119 6812 3138
5823 2 2 0 1 3375 3477 1234
5824 2 2 0 1 784 5737 3824
5825 2 2 0 1 3824 5737 2187
5826 2 2 0 1 869 6317 2679
5827 2 2 0 1 393 3970 2842
5828 2 2 0 1 5612 5808 2344
5829 2 2 0 1 1566 4093 3622
5830 2 2 0 1 3622 4093 610
5831 2 2 0 1 2796 4095 422
5832 2 2 0 1 2628 4516 584
5833 2 2 0 1 233 6907 2868
5834 2 2 0 1 788 5528 2571
5835 2 2 0 1 2571 5529 416
5836 2 2 0 1 232 6865 3456
5837 2 2 0 1 842 3392 1933
5838 2 2 0 1 454 3643 3122
5839 2 2 0 1 3610 3919 1485
5840 2 2 0 1 707 6540 3764
5841 2 2 0 1 3364 3885 1195
5842 2 2 0 1 1816 6669 5763
5843 2 2 0 1 265 5302 2562
5844 2 2 0 1 2683 5669 1502
5845 2 2 0 1 287 6974 5205
5846 2 2 0 1 634 4919 3327
5847 2 2 0 1 3288 5131 164
5848 2 2 0 1 4211 4683 1463
5849 2 2 0 1 1465 4133 3680
5850 2 2 0 1 1964 6250 2626
5851 2 2 0 1 621 1831 1828
5852 2 2 0 1 2657 5231 1508
5853 2 2 0 1 500 5231 2657
5854 2 2 0 1 384 5851 4272
5855 2 2 0 1 1608 5183 3846
5856 2 2 0 1 3846 5183 1992
5857 2 2 0 1 3827 4567 1754
5858 2 2 0 1 2320 5707 2946
5859 2 2 0 1 1759 4492 4465
5860 2 2 0 1 4455 6544 2391
5861 2 2 0 1 1137 4701 2597
5862 2 2 0 1 3419 3726 1339
5863 2 2 0 1 184 3726 3419
5864 2 2 0 1 3520 3521 484
5865 2 2 0 1 1975 6354 4507
5866 2 2 0 1 1195 3885 3384
5867 2 2 0 1 2174 2878 431
5868 2 2 0 1 1097 5710 2594
5869 2 2 0 1 2705 4290 1535
5870 2 2 0 1 2866 4146 511
5871 2 2 0 1 1920 5693 2582
5872 2 2 0 1 3087 4454 1458
5873 2 2 0 1 242 4117 2809
5874 2 2 0 1 4311 4770 1357
5875 2 2 0 1 2007 4770 4311
5876 2 2 0 1 3692 6787 6427
5877 2 2 0 1 2780 4085 1338
5878 2 2 0 1 5024 5085 2427
5879 2 2 0 1 839 5085 5024
5880 2 2 0 1 4679 5523 3752
5881 2 2 0 1 1913 6415 2818
5882 2 2 0 1 2818 6415 856
5883 2 2 0 1 15 4872 16
5884 2 2 0 1 857 5708 2596
5885 2 2 0 1 450 4056 3319
5886 2 2 0 1 1326 6066 2577
5887 2 2 0 1 519 3651 3126
5888 2 2 0 1 1179 4277 3404
5889 2 2 0 1 4782 6424 3177
5890 2 2 0 1 957 6234 2664
5891 2 2 0 1 4165 6306 2573
5892 2 2 0 1 999 6306 4165
5893 2 2 0 1 2904 4748 843
5894 2 2 0 1 6019 6185 2115
5895 2 2 0 1 3370 6219 2146
5896 2 2 0 1 528 6219 3370
5897 2 2 0 1 2122 5468 3835
5898 2 2 0 1 4830 6552 2100
5899 2 2 0 1 3076 6271 850
5900 2 2 0 1 6516 6608 640
5901 2 2 0 1 172 5506 3544
5902 2 2 0 1 4121 6042 1631
5903 2 2 0 1 336 6752 5421
5904 2 2 0 1 3759 6974 287
5905 2 2 0 1 1481 5083 4000
5906 2 2 0 1 1044 4305 3190
5907 2 2 0 1 3574 3722 633
5908 2 2 0 1 1328 3722 3574
5909 2 2 0 1 271 3601 3193
5910 2 2 0 1 1118 4833 2871
5911 2 2 0 1 2770 5947 1148
5912 2 2 0 1 343 6002 2640
5913 2 2 0 1 2764 6746 319
5914 2 2 0 1 239 6697 4845
5915 2 2 0 1 2880 4568 440
5916 2 2 0 1 3313 5858 2355
5917 2 2 0 1 2849 3951 1167
5918 2 2 0 1 1627 4846 4819
5919 2 2 0 1 2992 5064 2143
5920 2 2 0 1 340 5064 2992
5921 2 2 0 1 1755 5147 4047
5922 2 2 0 1 2802 4661 600
5923 2 2 0 1 2265 4661 2802
5924 2 2 0 1 5116 5278 479
5925 2 2 0 1 1249 4960 3950
5926 2 2 0 1 2222 6339 4884
5927 2 2 0 1 2615 5784 862
5928 2 2 0 1 3384 3885 1393
5929 2 2 0 1 1209 4472 2646
5930 2 2 0 1 5643 6383 1897
5931 2 2 0 1 485 4462 2920
5932 2 2 0 1 445 5384 2638
5933 2 2 0 1 3741 5987 2262
5934 2 2 0 1 2833 4759 1360
5935 2 2 0 1 672 5450 3173
5936 2 2 0 1 1660 5769 2603
5937 2 2 0 1 1830 5634 4202
5938 2 2 0 1 4202 5634 1122
5939 2 2 0 1 6 4998 2942
5940 2 2 0 1 2662 4697 3457
5941 2 2 0 1 3001 6400 1232
5942 2 2 0 1 179 4092 3581
5943 2 2 0 1 3485 4992 2014
5944 2 2 0 1 580 6321 4799
5945 2 2 0 1 5156 6677 2514
5946 2 2 0 1 5297 5398 2218
5947 2 2 0 1 425 6572 3190
5948 2 2 0 1 3461 4323 262
5949 2 2 0 1 915 3883 2896
5950 2 2 0 1 3263 4351 265
5951 2 2 0 1 2791 4764 715
5952 2 2 0 1 1402 4764 2791
5953 2 2 0 1 3537 3538 1101
5954 2 2 0 1 1472 3538 3537
5955 2 2 0 1 1119 3552 3403
5956 2 2 0 1 151 5597 2731
5957 2 2 0 1 1365 4552 4482
5958 2 2 0 1 3264 3565 1107
5959 2 2 0 1 761 6500 2727
5960 2 2 0 1 3149 3773 366
5961 2 2 0 1 4839 4840 1364
5962 2 2 0 1 3448 5880 2064
5963 2 2 0 1 1027 5880 3448
5964 2 2 0 1 2804 6932 2498
5965 2 2 0 1 4343 6375 5213
5966 2 2 0 1 3065 6905 2149
5967 2 2 0 1 1564 5546 2583
5968 2 2 0 1 380 3501 3062
5969 2 2 0 1 4178 4705 2558
5970 2 2 0 1 1127 3775 2997
5971 2 2 0 1 1926 4264 2850
5972 2 2 0 1 2853 4015 1118
5973 2 2 0 1 347 6846 4158
5974 2 2 0 1 1195 3992 3363
5975 2 2 0 1 253 6095 3387
5976 2 2 0 1 1635 4667 4466
5977 2 2 0 1 5784 6853 862
5978 2 2 0 1 1104 3776 2994
5979 2 2 0 1 4207 4397 1430
5980 2 2 0 1 1613 5208 2950
5981 2 2 0 1 1123 3583 3250
5982 2 2 0 1 2722 4286 212
5983 2 2 0 1 1140 3975 3118
5984 2 2 0 1 3678 4597 665
5985 2 2 0 1 1724 4597 3678
5986 2 2 0 1 2571 6116 1951
5987 2 2 0 1 387 5632 4993
5988 2 2 0 1 1009 6243 3208
5989 2 2 0 1 955 4121 2792
5990 2 2 0 1 880 5435 3044
5991 2 2 0 1 3044 5435 2203
5992 2 2 0 1 2062 6753 3802
5993 2 2 0 1 3672 4084 1440
5994 2 2 0 1 1483 3937 3576
5995 2 2 0 1 3576 3937 1080
5996 2 2 0 1 2895 5953 1706
5997 2 2 0 1 3090 5863 4856
5998 2 2 0 1 1828 5782 621
5999 2 2 0 1 2536 6504 5485
6000 2 2 0 1 3195 4101 1379
6001 2 2 0 1 480 4101 3195
6002 2 2 0 1 1163 3651 3368
6003 2 2 0 1 2645 4544 920
6004 2 2 0 1 2838 5106 1557
6005 2 2 0 1 1556 5105 2839
6006 2 2 0 1 3430 4402 363
6007 2 2 0 1 1187 3856 2928
6008 2 2 0 1 1309 3565 3358
6009 2 2 0 1 2579 5462 1856
6010 2 2 0 1 2594 5606 805
6011 2 2 0 1 224 3829 2956
6012 2 2 0 1 1863 6239 3758
6013 2 2 0 1 2574 5256 921
6014 2 2 0 1 4964 5349 1758
6015 2 2 0 1 934 5419 3398
6016 2 2 0 1 6367 6969 684
6017 2 2 0 1 4843 6232 4161
6018 2 2 0 1 1182 5982 2746
6019 2 2 0 1 4424 4445 303
6020 2 2 0 1 3820 6189 571
6021 2 2 0 1 435 6347 3056
6022 2 2 0 1 2816 4070 1428
6023 2 2 0 1 1656 4863 3314
6024 2 2 0 1 3490 3558 1313
6025 2 2 0 1 3287 3581 1219
6026 2 2 0 1 2580 5428 1124
6027 2 2 0 1 1119 6949 6812
6028 2 2 0 1 844 6921 3974
6029 2 2 0 1 2686 5158 1187
6030 2 2 0 1 4119 5775 1946
6031 2 2 0 1 310 4441 4307
6032 2 2 0 1 692 3046 928
6033 2 2 0 1 977 6938 3255
6034 2 2 0 1 1034 3940 2882
6035 2 2 0 1 2752 4242 157
6036 2 2 0 1 3959 6196 155
6037 2 2 0 1 1539 6313 4474
6038 2 2 0 1 2828 4048 563
6039 2 2 0 1 3218 4322 1920
6040 2 2 0 1 2743 6582 2197
6041 2 2 0 1 2807 4105 1224
6042 2 2 0 1 973 3934 3273
6043 2 2 0 1 1219 4094 3541
6044 2 2 0 1 2035 6131 4151
6045 2 2 0 1 3347 5805 2931
6046 2 2 0 1 161 4203 3383
6047 2 2 0 1 4169 5320 1298
6048 2 2 0 1 2811 5351 229
6049 2 2 0 1 3405 4149 1347
6050 2 2 0 1 3452 6095 253
6051 2 2 0 1 1805 4443 4218
6052 2 2 0 1 672 6289 5450
6053 2 2 0 1 2982 5198 1011
6054 2 2 0 1 785 6079 5428
6055 2 2 0 1 495 6554 6307
6056 2 2 0 1 2688 6029 1754
6057 2 2 0 1 539 6029 2688
6058 2 2 0 1 272 4466 3352
6059 2 2 0 1 3715 4195 1474
6060 2 2 0 1 4661 6554 1629
6061 2 2 0 1 490 5492 2795
6062 2 2 0 1 903 3379 3378
6063 2 2 0 1 2602 6186 4738
6064 2 2 0 1 4976 5181 1505
6065 2 2 0 1 2432 5181 4976
6066 2 2 0 1 1506 5182 4977
6067 2 2 0 1 4977 5182 2433
6068 2 2 0 1 5335 6239 1863
6069 2 2 0 1 584 4695 2628
6070 2 2 0 1 3601 3793 1173
6071 2 2 0 1 1865 4951 3491
6072 2 2 0 1 247 6586 3953
6073 2 2 0 1 2365 5537 3484
6074 2 2 0 1 1369 4248 2755
6075 2 2 0 1 1174 5923 5339
6076 2 2 0 1 4738 6186 1055
6077 2 2 0 1 1782 5063 4879
6078 2 2 0 1 1797 4558 2909
6079 2 2 0 1 1261 3634 3584
6080 2 2 0 1 2276 6490 6288
6081 2 2 0 1 231 5264 2580
6082 2 2 0 1 1214 3569 3325
6083 2 2 0 1 5764 5856 2024
6084 2 2 0 1 4178 6299 399
6085 2 2 0 1 2558 6299 4178
6086 2 2 0 1 961 4106 3001
6087 2 2 0 1 2584 5369 387
6088 2 2 0 1 4236 4857 567
6089 2 2 0 1 1631 6042 4685
6090 2 2 0 1 2656 4549 910
6091 2 2 0 1 909 4550 2657
6092 2 2 0 1 1600 4710 3515
6093 2 2 0 1 1719 4627 4508
6094 2 2 0 1 2809 5678 1443
6095 2 2 0 1 771 6898 5892
6096 2 2 0 1 2009 6690 6568
6097 2 2 0 1 1321 4338 3913
6098 2 2 0 1 3913 4338 1726
6099 2 2 0 1 3427 3523 582
6100 2 2 0 1 1259 3523 3427
6101 2 2 0 1 167 4443 4062
6102 2 2 0 1 4062 4443 1805
6103 2 2 0 1 1107 3673 3186
6104 2 2 0 1 2491 6184 5922
6105 2 2 0 1 103 6679 102
6106 2 2 0 1 533 4789 2621
6107 2 2 0 1 3351 5090 472
6108 2 2 0 1 3100 5048 1242
6109 2 2 0 1 6004 6243 1009
6110 2 2 0 1 4523 4572 1840
6111 2 2 0 1 4899 6140 1471
6112 2 2 0 1 3219 6351 4077
6113 2 2 0 1 3497 4306 1453
6114 2 2 0 1 1782 6190 5063
6115 2 2 0 1 2997 6917 993
6116 2 2 0 1 1322 4773 3153
6117 2 2 0 1 3465 3545 469
6118 2 2 0 1 3423 3573 1329
6119 2 2 0 1 365 6577 2681
6120 2 2 0 1 4343 5102 1611
6121 2 2 0 1 5773 5782 1829
6122 2 2 0 1 1109 4115 3927
6123 2 2 0 1 5370 6739 2251
6124 2 2 0 1 1904 5590 677
6125 2 2 0 1 3956 4052 390
6126 2 2 0 1 1709 4052 3956
6127 2 2 0 1 1635 5746 2628
6128 2 2 0 1 2628 5746 917
6129 2 2 0 1 2559 6004 3575
6130 2 2 0 1 3114 5954 972
6131 2 2 0 1 1158 3842 3002
6132 2 2 0 1 5165 6529 3317
6133 2 2 0 1 904 4040 3038
6134 2 2 0 1 2018 6092 3872
6135 2 2 0 1 6000 6561 2407
6136 2 2 0 1 2595 5370 217
6137 2 2 0 1 1342 4078 3078
6138 2 2 0 1 1683 5774 4267
6139 2 2 0 1 3232 4953 2447
6140 2 2 0 1 349 4188 2797
6141 2 2 0 1 2861 6622 1858
6142 2 2 0 1 3766 5152 1568
6143 2 2 0 1 3514 4221 1734
6144 2 2 0 1 5254 5272 1908
6145 2 2 0 1 3606 6419 1036
6146 2 2 0 1 2138 6165 4783
6147 2 2 0 1 6160 6899 1838
6148 2 2 0 1 3403 3552 1343
6149 2 2 0 1 306 4577 2659
6150 2 2 0 1 2003 3869 3073
6151 2 2 0 1 2593 5185 1675
6152 2 2 0 1 571 6189 4184
6153 2 2 0 1 647 5184 3843
6154 2 2 0 1 1930 5853 4399
6155 2 2 0 1 3307 4426 1527
6156 2 2 0 1 1220 4426 3307
6157 2 2 0 1 3647 4061 537
6158 2 2 0 1 5947 6032 1148
6159 2 2 0 1 1774 5504 4956
6160 2 2 0 1 1352 4719 3628
6161 2 2 0 1 2253 5508 3625
6162 2 2 0 1 1007 6356 3048
6163 2 2 0 1 2599 5195 219
6164 2 2 0 1 1842 6197 2790
6165 2 2 0 1 4531 6463 1936
6166 2 2 0 1 354 3684 3361
6167 2 2 0 1 3296 3867 1331
6168 2 2 0 1 498 3867 3296
6169 2 2 0 1 4092 4094 1219
6170 2 2 0 1 3011 6408 695
6171 2 2 0 1 3455 6462 1600
6172 2 2 0 1 515 3633 3275
6173 2 2 0 1 5230 6214 1072
6174 2 2 0 1 579 5380 4367
6175 2 2 0 1 512 5603 4309
6176 2 2 0 1 2824 4142 463
6177 2 2 0 1 249 4375 2964
6178 2 2 0 1 540 4004 3612
6179 2 2 0 1 3612 4004 1504
6180 2 2 0 1 2674 6254 5709
6181 2 2 0 1 4464 4965 1714
6182 2 2 0 1 3559 3560 1643
6183 2 2 0 1 1054 3560 3559
6184 2 2 0 1 1470 5161 4348
6185 2 2 0 1 457 6618 4724
6186 2 2 0 1 102 6679 3642
6187 2 2 0 1 1277 5113 3162
6188 2 2 0 1 1132 5711 4978
6189 2 2 0 1 5410 5899 2355
6190 2 2 0 1 3094 6286 724
6191 2 2 0 1 399 4896 2624
6192 2 2 0 1 542 3862 3086
6193 2 2 0 1 2037 6040 5756
6194 2 2 0 1 4395 4588 1474
6195 2 2 0 1 878 5060 2906
6196 2 2 0 1 1135 3669 3222
6197 2 2 0 1 2776 6434 1824
6198 2 2 0 1 3834 5701 896
6199 2 2 0 1 3691 3756 1331
6200 2 2 0 1 4666 6014 1703
6201 2 2 0 1 5423 6818 1940
6202 2 2 0 1 413 6177 2698
6203 2 2 0 1 545 4812 4216
6204 2 2 0 1 4181 5125 157
6205 2 2 0 1 5422 6524 596
6206 2 2 0 1 1160 4035 3073
6207 2 2 0 1 1498 5562 4213
6208 2 2 0 1 1979 4593 2965
6209 2 2 0 1 3507 6514 1082
6210 2 2 0 1 1690 4959 4751
6211 2 2 0 1 2621 6670 533
6212 2 2 0 1 2979 5728 1000
6213 2 2 0 1 1798 5728 2979
6214 2 2 0 1 1762 5571 2612
6215 2 2 0 1 3307 3844 1220
6216 2 2 0 1 3850 3992 1428
6217 2 2 0 1 3334 4667 456
6218 2 2 0 1 425 4745 3570
6219 2 2 0 1 3002 3850 1050
6220 2 2 0 1 414 4412 4045
6221 2 2 0 1 617 3930 2945
6222 2 2 0 1 4489 5237 1567
6223 2 2 0 1 1088 3879 2985
6224 2 2 0 1 3365 4592 1365
6225 2 2 0 1 2719 4736 845
6226 2 2 0 1 1185 4304 3286
6227 2 2 0 1 2343 6641 3124
6228 2 2 0 1 3016 4580 1446
6229 2 2 0 1 208 4580 3016
6230 2 2 0 1 4474 5231 500
6231 2 2 0 1 2213 5231 4474
6232 2 2 0 1 2825 5916 1188
6233 2 2 0 1 1572 4697 2662
6234 2 2 0 1 141 5932 5876
6235 2 2 0 1 4669 6859 2060
6236 2 2 0 1 2664 4655 1292
6237 2 2 0 1 141 4655 2664
6238 2 2 0 1 153 6687 2898
6239 2 2 0 1 1966 6533 2614
6240 2 2 0 1 1259 3545 3465
6241 2 2 0 1 3467 5549 1671
6242 2 2 0 1 1274 3874 2994
6243 2 2 0 1 4470 4926 2091
6244 2 2 0 1 1396 4926 4470
6245 2 2 0 1 1760 6192 2707
6246 2 2 0 1 2687 6188 892
6247 2 2 0 1 1381 4962 4062
6248 2 2 0 1 1214 4431 2734
6249 2 2 0 1 5083 6343 1704
6250 2 2 0 1 2183 4796 3886
6251 2 2 0 1 297 4079 2862
6252 2 2 0 1 971 6335 2978
6253 2 2 0 1 1329 2553 674
6254 2 2 0 1 205 4268 2793
6255 2 2 0 1 4026 5587 639
6256 2 2 0 1 3721 5932 141
6257 2 2 0 1 1770 5310 4008
6258 2 2 0 1 2014 5606 3312
6259 2 2 0 1 2823 5115 3043
6260 2 2 0 1 3043 5115 1346
6261 2 2 0 1 4169 4794 1657
6262 2 2 0 1 1776 4606 3960
6263 2 2 0 1 1868 5368 5124
6264 2 2 0 1 2616 6325 2096
6265 2 2 0 1 2634 6112 2267
6266 2 2 0 1 2619 3942 811
6267 2 2 0 1 902 5739 2640
6268 2 2 0 1 3818 6888 216
6269 2 2 0 1 1912 4873 4022
6270 2 2 0 1 4022 4873 1495
6271 2 2 0 1 2644 5507 195
6272 2 2 0 1 1561 5507 2644
6273 2 2 0 1 2745 4591 1181
6274 2 2 0 1 3104 3906 1265
6275 2 2 0 1 967 3906 3104
6276 2 2 0 1 2026 5724 3548
6277 2 2 0 1 3548 5724 303
6278 2 2 0 1 3084 4963 1604
6279 2 2 0 1 624 4963 3084
6280 2 2 0 1 3258 4303 354
6281 2 2 0 1 3253 4512 1154
6282 2 2 0 1 2688 4586 824
6283 2 2 0 1 1781 4619 3045
6284 2 2 0 1 1193 4057 3140
6285 2 2 0 1 935 5958 4463
6286 2 2 0 1 1167 4878 3341
6287 2 2 0 1 1080 3937 2966
6288 2 2 0 1 2740 6460 1857
6289 2 2 0 1 2878 3942 431
6290 2 2 0 1 3011 5843 1129
6291 2 2 0 1 1845 4629 2678
6292 2 2 0 1 3386 3621 1150
6293 2 2 0 1 1262 3621 3386
6294 2 2 0 1 190 4233 2984
6295 2 2 0 1 2346 6728 436
6296 2 2 0 1 3606 3621 1262
6297 2 2 0 1 664 4713 4162
6298 2 2 0 1 4162 4713 1894
6299 2 2 0 1 2629 4954 1609
6300 2 2 0 1 2916 5698 2281
6301 2 2 0 1 1766 6283 3544
6302 2 2 0 1 4730 5506 172
6303 2 2 0 1 2711 6172 856
6304 2 2 0 1 3428 3989 1309
6305 2 2 0 1 1150 3621 3356
6306 2 2 0 1 3035 4048 1130
6307 2 2 0 1 1033 6644 2753
6308 2 2 0 1 1879 6482 2749
6309 2 2 0 1 3346 3852 543
6310 2 2 0 1 1335 3852 3346
6311 2 2 0 1 4321 4450 519
6312 2 2 0 1 2697 4605 1366
6313 2 2 0 1 1139 5084 2978
6314 2 2 0 1 1082 6514 6153
6315 2 2 0 1 3426 5340 150
6316 2 2 0 1 2012 6315 4179
6317 2 2 0 1 125 3592 124
6318 2 2 0 1 43 3593 42
6319 2 2 0 1 877 6382 3899
6320 2 2 0 1 2636 5647 882
6321 2 2 0 1 4876 5562 1498
6322 2 2 0 1 1707 4124 4103
6323 2 2 0 1 4103 4124 645
6324 2 2 0 1 871 5749 2962
6325 2 2 0 1 537 4061 3971
6326 2 2 0 1 4556 5667 1491
6327 2 2 0 1 3806 5423 2797
6328 2 2 0 1 1247 3558 3490
6329 2 2 0 1 3304 6893 4754
6330 2 2 0 1 3355 3634 1150
6331 2 2 0 1 3757 5266 1226
6332 2 2 0 1 1532 4413 3910
6333 2 2 0 1 1514 6130 4174
6334 2 2 0 1 1241 3698 3306
6335 2 2 0 1 2254 6774 4875
6336 2 2 0 1 2707 6192 235
6337 2 2 0 1 2165 5070 2917
6338 2 2 0 1 3427 4794 1298
6339 2 2 0 1 4739 6710 592
6340 2 2 0 1 61 4393 60
6341 2 2 0 1 52 3505 51
6342 2 2 0 1 116 3506 115
6343 2 2 0 1 2708 5826 854
6344 2 2 0 1 1683 5826 2708
6345 2 2 0 1 2797 6714 349
6346 2 2 0 1 3049 4807 235
6347 2 2 0 1 1097 3739 3200
6348 2 2 0 1 1308 3586 3553
6349 2 2 0 1 3553 3586 1303
6350 2 2 0 1 2785 4675 284
6351 2 2 0 1 3302 4457 1191
6352 2 2 0 1 462 4426 3541
6353 2 2 0 1 1277 3785 3117
6354 2 2 0 1 4856 4942 666
6355 2 2 0 1 2980 3953 1175
6356 2 2 0 1 1109 6548 4115
6357 2 2 0 1 2942 4998 1607
6358 2 2 0 1 2881 4610 1921
6359 2 2 0 1 2634 5522 510
6360 2 2 0 1 3726 3784 1458
6361 2 2 0 1 184 3784 3726
6362 2 2 0 1 776 5129 2632
6363 2 2 0 1 1403 5349 2699
6364 2 2 0 1 3449 4206 1284
6365 2 2 0 1 4890 4924 1487
6366 2 2 0 1 216 6251 2636
6367 2 2 0 1 783 5589 2638
6368 2 2 0 1 16 4872 2648
6369 2 2 0 1 6025 6107 2244
6370 2 2 0 1 1568 6537 2633
6371 2 2 0 1 4401 4556 1491
6372 2 2 0 1 1965 2423 2422
6373 2 2 0 1 2869 5301 220
6374 2 2 0 1 4253 6762 2733
6375 2 2 0 1 3073 6475 2003
6376 2 2 0 1 1194 4257 2959
6377 2 2 0 1 2080 5175 4908
6378 2 2 0 1 1297 4013 3737
6379 2 2 0 1 511 3713 3250
6380 2 2 0 1 3675 4013 1297
6381 2 2 0 1 1035 4930 3214
6382 2 2 0 1 1693 4765 3195
6383 2 2 0 1 3549 4374 578
6384 2 2 0 1 249 4180 2860
6385 2 2 0 1 2860 4180 1226
6386 2 2 0 1 958 5560 4138
6387 2 2 0 1 962 5800 2633
6388 2 2 0 1 3711 6878 4650
6389 2 2 0 1 4123 5004 1724
6390 2 2 0 1 1648 5689 3012
6391 2 2 0 1 2564 2565 273
6392 2 2 0 1 2184 6114 5489
6393 2 2 0 1 2631 5232 775
6394 2 2 0 1 1545 5057 2898
6395 2 2 0 1 2898 5057 153
6396 2 2 0 1 565 4060 3919
6397 2 2 0 1 3651 4080 1363
6398 2 2 0 1 3438 3602 1346
6399 2 2 0 1 2785 6020 1217
6400 2 2 0 1 3815 6348 3582
6401 2 2 0 1 1875 5975 2684
6402 2 2 0 1 1435 4371 4364
6403 2 2 0 1 3821 4846 1627
6404 2 2 0 1 5305 6417 2347
6405 2 2 0 1 3068 4167 1252
6406 2 2 0 1 14 4251 2861
6407 2 2 0 1 3265 4867 205
6408 2 2 0 1 1206 6000 2693
6409 2 2 0 1 792 5689 2646
6410 2 2 0 1 571 6762 4253
6411 2 2 0 1 1442 4487 4036
6412 2 2 0 1 3784 4352 1264
6413 2 2 0 1 1747 4859 2856
6414 2 2 0 1 268 4663 2708
6415 2 2 0 1 1138 4951 3083
6416 2 2 0 1 2641 5579 386
6417 2 2 0 1 3490 3902 1247
6418 2 2 0 1 2649 5757 4852
6419 2 2 0 1 4852 5757 1064
6420 2 2 0 1 266 4571 3879
6421 2 2 0 1 4223 4224 1859
6422 2 2 0 1 1188 4224 4223
6423 2 2 0 1 1102 6182 4095
6424 2 2 0 1 3478 6750 1185
6425 2 2 0 1 684 6969 3805
6426 2 2 0 1 2638 5802 445
6427 2 2 0 1 548 6081 3052
6428 2 2 0 1 2421 6930 6602
6429 2 2 0 1 1141 6114 3109
6430 2 2 0 1 1566 5579 2641
6431 2 2 0 1 914 5869 3204
6432 2 2 0 1 5082 5165 1577
6433 2 2 0 1 4365 5061 257
6434 2 2 0 1 4778 6077 2870
6435 2 2 0 1 3033 6025 2244
6436 2 2 0 1 3266 6901 1169
6437 2 2 0 1 2823 3043 177
6438 2 2 0 1 1226 4184 2860
6439 2 2 0 1 1783 6225 2727
6440 2 2 0 1 2727 6225 926
6441 2 2 0 1 1260 4535 2867
6442 2 2 0 1 1113 5586 711
6443 2 2 0 1 3712 4046 1475
6444 2 2 0 1 2699 4712 895
6445 2 2 0 1 3652 6419 2661
6446 2 2 0 1 1945 6594 2781
6447 2 2 0 1 1090 5035 3767
6448 2 2 0 1 2652 5101 721
6449 2 2 0 1 1413 5101 2652
6450 2 2 0 1 2765 4428 121
6451 2 2 0 1 46 4429 2766
6452 2 2 0 1 493 6604 2966
6453 2 2 0 1 1258 5365 3919
6454 2 2 0 1 2146 4392 2788
6455 2 2 0 1 3357 5613 2017
6456 2 2 0 1 3168 4870 873
6457 2 2 0 1 3675 4238 1482
6458 2 2 0 1 4088 5831 1882
6459 2 2 0 1 25 5829 2714
6460 2 2 0 1 527 4392 3702
6461 2 2 0 1 1452 3797 3724
6462 2 2 0 1 3724 3797 587
6463 2 2 0 1 3737 3845 1297
6464 2 2 0 1 1484 3845 3737
6465 2 2 0 1 3052 5858 1016
6466 2 2 0 1 1058 6599 3247
6467 2 2 0 1 3247 6599 2154
6468 2 2 0 1 1735 6002 2834
6469 2 2 0 1 1287 3614 3613
6470 2 2 0 1 3459 3615 1288
6471 2 2 0 1 3613 3614 1330
6472 2 2 0 1 514 3615 3613
6473 2 2 0 1 5384 6140 2638
6474 2 2 0 1 2640 6002 5149
6475 2 2 0 1 3144 4106 961
6476 2 2 0 1 3227 5950 320
6477 2 2 0 1 4712 4716 1535
6478 2 2 0 1 3445 4538 502
6479 2 2 0 1 4052 5645 390
6480 2 2 0 1 3671 5477 1554
6481 2 2 0 1 353 5046 2792
6482 2 2 0 1 3306 3698 491
6483 2 2 0 1 1535 4716 2705
6484 2 2 0 1 882 6255 2655
6485 2 2 0 1 3086 3862 1200
6486 2 2 0 1 458 4644 3729
6487 2 2 0 1 4753 6838 595
6488 2 2 0 1 1412 3999 3454
6489 2 2 0 1 3454 3999 208
6490 2 2 0 1 4488 6251 216
6491 2 2 0 1 1304 5704 3137
6492 2 2 0 1 3137 5704 1837
6493 2 2 0 1 3013 5749 871
6494 2 2 0 1 3076 3871 256
6495 2 2 0 1 3012 5588 4104
6496 2 2 0 1 395 6564 2928
6497 2 2 0 1 3171 5017 642
6498 2 2 0 1 1646 5017 3171
6499 2 2 0 1 4093 5288 610
6500 2 2 0 1 2066 5288 4093
6501 2 2 0 1 2659 6922 896
6502 2 2 0 1 3107 5433 1146
6503 2 2 0 1 1728 5630 4544
6504 2 2 0 1 4056 4402 1183
6505 2 2 0 1 3703 4441 310
6506 2 2 0 1 6297 6958 3864
6507 2 2 0 1 4437 6254 2674
6508 2 2 0 1 5400 5766 2019
6509 2 2 0 1 1895 5397 4216
6510 2 2 0 1 195 5206 2644
6511 2 2 0 1 2653 5846 1463
6512 2 2 0 1 1297 4450 3246
6513 2 2 0 1 3246 4450 1493
6514 2 2 0 1 2301 6149 4738
6515 2 2 0 1 1668 6318 2836
6516 2 2 0 1 4295 6441 726
6517 2 2 0 1 2751 6391 2229
6518 2 2 0 1 2307 6005 2711
6519 2 2 0 1 4012 6924 428
6520 2 2 0 1 3658 3939 939
6521 2 2 0 1 4347 6216 759
6522 2 2 0 1 1112 4616 3147
6523 2 2 0 1 1160 6607 6325
6524 2 2 0 1 3595 6951 2865
6525 2 2 0 1 2255 6088 4120
6526 2 2 0 1 2668 6107 344
6527 2 2 0 1 1694 6961 2844
6528 2 2 0 1 439 5985 4704
6529 2 2 0 1 1344 3735 3283
6530 2 2 0 1 284 6563 2785
6531 2 2 0 1 2467 5419 3270
6532 2 2 0 1 4702 5458 1622
6533 2 2 0 1 3092 6692 6625
6534 2 2 0 1 917 5746 3179
6535 2 2 0 1 587 3748 3724
6536 2 2 0 1 3724 3748 1429
6537 2 2 0 1 881 5505 2647
6538 2 2 0 1 5335 5509 2194
6539 2 2 0 1 3720 4330 1403
6540 2 2 0 1 5329 6614 2480
6541 2 2 0 1 5149 6002 1735
6542 2 2 0 1 357 5727 2660
6543 2 2 0 1 5314 5321 2308
6544 2 2 0 1 285 5543 4595
6545 2 2 0 1 2952 3779 957
6546 2 2 0 1 1939 6449 3836
6547 2 2 0 1 1542 5522 5088
6548 2 2 0 1 3763 4644 458
6549 2 2 0 1 995 5723 2660
6550 2 2 0 1 95 3848 94
6551 2 2 0 1 3634 3743 1150
6552 2 2 0 1 3624 6014 142
6553 2 2 0 1 6338 6689 2541
6554 2 2 0 1 214 6727 661
6555 2 2 0 1 2757 4486 40
6556 2 2 0 1 127 4485 2758
6557 2 2 0 1 1517 4515 4316
6558 2 2 0 1 1274 6980 2794
6559 2 2 0 1 2791 5079 1402
6560 2 2 0 1 1321 6444 4338
6561 2 2 0 1 1063 5021 2658
6562 2 2 0 1 3073 3869 1160
6563 2 2 0 1 740 6334 2879
6564 2 2 0 1 2130 6124 5465
6565 2 2 0 1 2448 6048 2908
6566 2 2 0 1 1903 5641 3463
6567 2 2 0 1 1452 4349 3797
6568 2 2 0 1 1275 6278 4547
6569 2 2 0 1 1788 3917 3728
6570 2 2 0 1 252 3982 3229
6571 2 2 0 1 1565 5868 2687
6572 2 2 0 1 2728 6159 1767
6573 2 2 0 1 922 6159 2728
6574 2 2 0 1 1361 3793 3601
6575 2 2 0 1 328 4628 292
6576 2 2 0 1 2701 5926 474
6577 2 2 0 1 847 6755 3577
6578 2 2 0 1 592 6710 4575
6579 2 2 0 1 3823 5493 906
6580 2 2 0 1 2752 6354 1018
6581 2 2 0 1 502 4538 3496
6582 2 2 0 1 3284 5188 583
6583 2 2 0 1 1737 5188 3284
6584 2 2 0 1 4359 5675 646
6585 2 2 0 1 462 4484 4426
6586 2 2 0 1 4007 6828 4059
6587 2 2 0 1 2681 4866 860
6588 2 2 0 1 392 4841 1610
6589 2 2 0 1 1088 3814 3567
6590 2 2 0 1 1428 4366 2816
6591 2 2 0 1 2868 4241 233
6592 2 2 0 1 3327 5401 634
6593 2 2 0 1 1823 5401 3327
6594 2 2 0 1 2251 5591 1904
6595 2 2 0 1 2008 5997 3328
6596 2 2 0 1 3328 5997 905
6597 2 2 0 1 855 6139 2729
6598 2 2 0 1 574 5900 4096
6599 2 2 0 1 1798 6093 4059
6600 2 2 0 1 2282 6645 4961
6601 2 2 0 1 2314 6575 5828
6602 2 2 0 1 687 3694 3539
6603 2 2 0 1 3539 3694 1601
6604 2 2 0 1 2759 3774 1221
6605 2 2 0 1 2636 5719 3818
6606 2 2 0 1 2669 5720 1952
6607 2 2 0 1 1075 3904 3418
6608 2 2 0 1 3418 3904 1361
6609 2 2 0 1 3896 4084 574
6610 2 2 0 1 3533 4818 236
6611 2 2 0 1 3647 3786 1408
6612 2 2 0 1 537 3786 3647
6613 2 2 0 1 654 5905 2703
6614 2 2 0 1 2658 6847 1063
6615 2 2 0 1 2726 5061 971
6616 2 2 0 1 195 6472 5206
6617 2 2 0 1 4116 5366 943
6618 2 2 0 1 1076 3627 3503
6619 2 2 0 1 5075 6234 1994
6620 2 2 0 1 1309 3989 3590
6621 2 2 0 1 633 4643 3301
6622 2 2 0 1 1709 5034 3348
6623 2 2 0 1 2561 6895 2817
6624 2 2 0 1 1331 3914 3691
6625 2 2 0 1 2653 5415 926
6626 2 2 0 1 1391 4486 2757
6627 2 2 0 1 2758 4485 1390
6628 2 2 0 1 1607 5509 4114
6629 2 2 0 1 683 6420 2763
6630 2 2 0 1 3986 4085 498
6631 2 2 0 1 1622 5458 5457
6632 2 2 0 1 3687 6100 1216
6633 2 2 0 1 3008 3392 1022
6634 2 2 0 1 1286 6199 4038
6635 2 2 0 1 1471 6140 5384
6636 2 2 0 1 3078 3927 271
6637 2 2 0 1 397 6579 2738
6638 2 2 0 1 300 6258 4788
6639 2 2 0 1 910 5406 2656
6640 2 2 0 1 2657 5405 909
6641 2 2 0 1 422 6569 2796
6642 2 2 0 1 2796 6568 884
6643 2 2 0 1 2755 6344 259
6644 2 2 0 1 1600 6462 5371
6645 2 2 0 1 6573 6769 658
6646 2 2 0 1 1268 2423 2321
6647 2 2 0 1 3057 4668 1382
6648 2 2 0 1 1255 5097 4415
6649 2 2 0 1 2446 6411 4868
6650 2 2 0 1 1662 3426 2150
6651 2 2 0 1 1029 6416 3835
6652 2 2 0 1 402 6509 2782
6653 2 2 0 1 91 3532 90
6654 2 2 0 1 2210 6851 3639
6655 2 2 0 1 62 6178 2779
6656 2 2 0 1 6188 6410 2032
6657 2 2 0 1 1331 3756 3296
6658 2 2 0 1 883 6389 2863
6659 2 2 0 1 5198 5781 1011
6660 2 2 0 1 2860 6435 249
6661 2 2 0 1 1083 6297 3864
6662 2 2 0 1 157 6672 2875
6663 2 2 0 1 1188 5916 2928
6664 2 2 0 1 1873 6058 5599
6665 2 2 0 1 4316 4515 1582
6666 2 2 0 1 535 5163 3200
6667 2 2 0 1 4048 4328 563
6668 2 2 0 1 505 3973 3051
6669 2 2 0 1 2932 5160 3696
6670 2 2 0 1 1 6223 2947
6671 2 2 0 1 5673 6265 883
6672 2 2 0 1 2722 6032 2345
6673 2 2 0 1 2778 6556 137
6674 2 2 0 1 1259 6410 3920
6675 2 2 0 1 2753 4625 591
6676 2 2 0 1 1580 4371 3650
6677 2 2 0 1 1619 5397 5039
6678 2 2 0 1 524 4306 2851
6679 2 2 0 1 3400 4768 1590
6680 2 2 0 1 1591 4769 3401
6681 2 2 0 1 3553 3905 1308
6682 2 2 0 1 2659 5391 1982
6683 2 2 0 1 2321 4855 523
6684 2 2 0 1 622 6613 2805
6685 2 2 0 1 1428 4070 3451
6686 2 2 0 1 3451 4070 275
6687 2 2 0 1 4704 5888 439
6688 2 2 0 1 3451 3850 1428
6689 2 2 0 1 1050 3850 3451
6690 2 2 0 1 1025 4757 2738
6691 2 2 0 1 3092 6625 352
6692 2 2 0 1 2071 5727 5279
6693 2 2 0 1 5642 5944 1947
6694 2 2 0 1 1019 4766 3495
6695 2 2 0 1 960 5775 2695
6696 2 2 0 1 1746 4540 3214
6697 2 2 0 1 3085 3859 1351
6698 2 2 0 1 4040 5682 2171
6699 2 2 0 1 1769 5682 4040
6700 2 2 0 1 3841 5178 1918
6701 2 2 0 1 304 5178 3841
6702 2 2 0 1 291 5394 3795
6703 2 2 0 1 466 5285 2799
6704 2 2 0 1 3139 5765 4436
6705 2 2 0 1 174 4346 3108
6706 2 2 0 1 3108 4346 1379
6707 2 2 0 1 1559 4955 4469
6708 2 2 0 1 414 4045 2691
6709 2 2 0 1 4083 4725 1281
6710 2 2 0 1 397 4757 3893
6711 2 2 0 1 1313 3713 3490
6712 2 2 0 1 3490 3713 511
6713 2 2 0 1 456 3832 3199
6714 2 2 0 1 3201 4157 496
6715 2 2 0 1 2708 6832 1683
6716 2 2 0 1 2804 6586 2007
6717 2 2 0 1 1479 3867 3755
6718 2 2 0 1 3755 3867 498
6719 2 2 0 1 859 1757 315
6720 2 2 0 1 2115 6185 3723
6721 2 2 0 1 1147 6865 2795
6722 2 2 0 1 895 6578 3720
6723 2 2 0 1 3720 6578 2329
6724 2 2 0 1 1448 4066 3016
6725 2 2 0 1 1312 3751 3453
6726 2 2 0 1 3453 3751 556
6727 2 2 0 1 978 4929 2704
6728 2 2 0 1 2119 2967 1340
6729 2 2 0 1 854 4924 2708
6730 2 2 0 1 1186 5387 3373
6731 2 2 0 1 3765 5650 2388
6732 2 2 0 1 2828 6787 1130
6733 2 2 0 1 429 5808 5612
6734 2 2 0 1 3917 4983 371
6735 2 2 0 1 4265 4864 1505
6736 2 2 0 1 193 5147 3202
6737 2 2 0 1 3202 5147 1682
6738 2 2 0 1 1840 4610 2881
6739 2 2 0 1 423 4677 2750
6740 2 2 0 1 823 4028 3031
6741 2 2 0 1 1596 6778 4630
6742 2 2 0 1 5485 6504 747
6743 2 2 0 1 982 4981 2696
6744 2 2 0 1 1529 5484 2671
6745 2 2 0 1 2671 5484 563
6746 2 2 0 1 2672 5480 1133
6747 2 2 0 1 1722 5398 5297
6748 2 2 0 1 2683 5674 1063
6749 2 2 0 1 5939 6431 2290
6750 2 2 0 1 3060 4029 1512
6751 2 2 0 1 3042 4279 1935
6752 2 2 0 1 1478 6387 2673
6753 2 2 0 1 2672 5459 833
6754 2 2 0 1 1308 3625 3586
6755 2 2 0 1 2810 6667 471
6756 2 2 0 1 5903 6014 3624
6757 2 2 0 1 3753 6175 1993
6758 2 2 0 1 2688 5034 539
6759 2 2 0 1 1747 6099 2735
6760 2 2 0 1 2735 6099 154
6761 2 2 0 1 1248 3703 3702
6762 2 2 0 1 3702 3703 1431
6763 2 2 0 1 3880 4517 1501
6764 2 2 0 1 3586 3625 492
6765 2 2 0 1 156 6647 3269
6766 2 2 0 1 2950 5208 97
6767 2 2 0 1 3114 3970 393
6768 2 2 0 1 524 3747 3620
6769 2 2 0 1 3620 3747 1369
6770 2 2 0 1 557 5016 4461
6771 2 2 0 1 1264 3620 3619
6772 2 2 0 1 3619 3620 1369
6773 2 2 0 1 184 3924 3194
6774 2 2 0 1 3770 5424 682
6775 2 2 0 1 461 5451 5226
6776 2 2 0 1 2354 5112 3434
6777 2 2 0 1 585 5463 3640
6778 2 2 0 1 2265 6554 4661
6779 2 2 0 1 2800 4541 412
6780 2 2 0 1 2738 5118 1280
6781 2 2 0 1 2863 5378 144
6782 2 2 0 1 2648 6382 877
6783 2 2 0 1 2948 4177 158
6784 2 2 0 1 5428 6079 2428
6785 2 2 0 1 1150 3743 3386
6786 2 2 0 1 5409 6199 1286
6787 2 2 0 1 1129 5565 4132
6788 2 2 0 1 519 4450 3845
6789 2 2 0 1 225 5190 2814
6790 2 2 0 1 246 4102 2997
6791 2 2 0 1 2851 6908 1026
6792 2 2 0 1 2825 6399 1849
6793 2 2 0 1 1188 6399 2825
6794 2 2 0 1 3544 6283 4300
6795 2 2 0 1 3983 4098 3159
6796 2 2 0 1 1052 5650 2692
6797 2 2 0 1 1052 5383 2679
6798 2 2 0 1 6045 6706 2535
6799 2 2 0 1 281 4693 3368
6800 2 2 0 1 2500 6236 4350
6801 2 2 0 1 1190 5599 3370
6802 2 2 0 1 3073 4035 69
6803 2 2 0 1 1579 5278 2680
6804 2 2 0 1 436 6728 2426
6805 2 2 0 1 2149 5028 3065
6806 2 2 0 1 3650 4476 1580
6807 2 2 0 1 3467 4823 516
6808 2 2 0 1 1671 4823 3467
6809 2 2 0 1 2443 6681 5058
6810 2 2 0 1 2798 5949 1427
6811 2 2 0 1 1180 5679 2887
6812 2 2 0 1 462 4094 3191
6813 2 2 0 1 175 6487 5572
6814 2 2 0 1 13 4251 14
6815 2 2 0 1 1075 4002 3087
6816 2 2 0 1 3662 4878 1167
6817 2 2 0 1 3039 4956 2425
6818 2 2 0 1 393 5154 2692
6819 2 2 0 1 155 6463 2960
6820 2 2 0 1 2960 6463 1931
6821 2 2 0 1 3731 4144 1431
6822 2 2 0 1 1550 4144 3731
6823 2 2 0 1 3382 5599 1190
6824 2 2 0 1 3289 3838 1414
6825 2 2 0 1 448 3838 3289
6826 2 2 0 1 3265 6459 2013
6827 2 2 0 1 611 3649 3645
6828 2 2 0 1 3645 3649 1327
6829 2 2 0 1 1196 5109 2832
6830 2 2 0 1 1864 4778 4773
6831 2 2 0 1 323 6632 3476
6832 2 2 0 1 1975 6185 3789
6833 2 2 0 1 1078 5414 2681
6834 2 2 0 1 3320 5114 1277
6835 2 2 0 1 1356 4606 2903
6836 2 2 0 1 2903 4606 649
6837 2 2 0 1 2992 5203 340
6838 2 2 0 1 274 3876 3561
6839 2 2 0 1 2712 6057 811
6840 2 2 0 1 3103 4386 955
6841 2 2 0 1 2687 5868 364
6842 2 2 0 1 4873 4892 1495
6843 2 2 0 1 4565 5547 676
6844 2 2 0 1 4791 6539 1081
6845 2 2 0 1 2790 6450 1842
6846 2 2 0 1 3590 3989 1439
6847 2 2 0 1 2694 5573 790
6848 2 2 0 1 2793 6459 205
6849 2 2 0 1 1899 6655 5508
6850 2 2 0 1 3734 5454 1062
6851 2 2 0 1 4350 6236 1846
6852 2 2 0 1 1299 3970 3114
6853 2 2 0 1 1076 6580 2697
6854 2 2 0 1 2300 6278 2763
6855 2 2 0 1 3178 3904 1075
6856 2 2 0 1 976 3282 261
6857 2 2 0 1 3359 3770 1037
6858 2 2 0 1 3869 6607 1160
6859 2 2 0 1 1244 4166 3393
6860 2 2 0 1 4919 6331 3327
6861 2 2 0 1 3565 3673 1107
6862 2 2 0 1 3014 4107 455
6863 2 2 0 1 3297 6013 1980
6864 2 2 0 1 915 6013 3297
6865 2 2 0 1 1309 3673 3565
6866 2 2 0 1 2861 4251 1242
6867 2 2 0 1 930 4436 2843
6868 2 2 0 1 1856 5462 5220
6869 2 2 0 1 3300 4966 1197
6870 2 2 0 1 2942 4114 1304
6871 2 2 0 1 932 3439 2971
6872 2 2 0 1 1263 3994 3242
6873 2 2 0 1 477 5098 4460
6874 2 2 0 1 4460 5098 2106
6875 2 2 0 1 1892 5928 4647
6876 2 2 0 1 2936 5348 2937
6877 2 2 0 1 1308 3905 3664
6878 2 2 0 1 1115 3053 2924
6879 2 2 0 1 1444 4514 3175
6880 2 2 0 1 3821 4302 635
6881 2 2 0 1 1627 4302 3821
6882 2 2 0 1 4754 6893 864
6883 2 2 0 1 3461 3851 1335
6884 2 2 0 1 262 3851 3461
6885 2 2 0 1 3384 6519 1195
6886 2 2 0 1 1583 4487 3751
6887 2 2 0 1 1217 4675 2785
6888 2 2 0 1 1805 4684 4062
6889 2 2 0 1 3173 5138 672
6890 2 2 0 1 475 6507 4421
6891 2 2 0 1 856 6605 2818
6892 2 2 0 1 1202 4494 2830
6893 2 2 0 1 658 6769 3688
6894 2 2 0 1 955 4386 3135
6895 2 2 0 1 1445 6284 2772
6896 2 2 0 1 3273 4949 628
6897 2 2 0 1 1637 4949 3273
6898 2 2 0 1 2615 6310 6262
6899 2 2 0 1 4821 6561 709
6900 2 2 0 1 3152 5931 3906
6901 2 2 0 1 2843 6584 175
6902 2 2 0 1 187 6972 2872
6903 2 2 0 1 2136 6544 4455
6904 2 2 0 1 2852 4423 459
6905 2 2 0 1 3482 4914 1873
6906 2 2 0 1 1185 6750 4631
6907 2 2 0 1 2706 6407 1054
6908 2 2 0 1 3839 5722 2284
6909 2 2 0 1 4044 5543 285
6910 2 2 0 1 754 5321 5314
6911 2 2 0 1 1232 4333 3001
6912 2 2 0 1 997 5666 3578
6913 2 2 0 1 3086 4099 1337
6914 2 2 0 1 1476 4327 2900
6915 2 2 0 1 5215 6877 1775
6916 2 2 0 1 440 6975 4760
6917 2 2 0 1 3175 4514 951
6918 2 2 0 1 666 4942 3665
6919 2 2 0 1 3665 4942 1887
6920 2 2 0 1 4882 6494 1430
6921 2 2 0 1 2346 4805 937
6922 2 2 0 1 2736 3988 676
6923 2 2 0 1 1108 4247 2956
6924 2 2 0 1 3748 4024 1429
6925 2 2 0 1 3936 6633 473
6926 2 2 0 1 4933 5998 745
6927 2 2 0 1 4109 4113 1660
6928 2 2 0 1 452 4113 4109
6929 2 2 0 1 2768 4904 2374
6930 2 2 0 1 1252 4167 3352
6931 2 2 0 1 3150 4816 1070
6932 2 2 0 1 1539 4816 3150
6933 2 2 0 1 4863 5731 1013
6934 2 2 0 1 2574 5731 4863
6935 2 2 0 1 909 6793 2765
6936 2 2 0 1 2766 6794 910
6937 2 2 0 1 1472 4173 3538
6938 2 2 0 1 3538 4173 516
6939 2 2 0 1 4187 6026 2046
6940 2 2 0 1 1499 3422 3421
6941 2 2 0 1 3316 5747 139
6942 2 2 0 1 373 6884 5381
6943 2 2 0 1 404 4701 2979
6944 2 2 0 1 854 6882 4924
6945 2 2 0 1 3194 4352 184
6946 2 2 0 1 1547 4352 3194
6947 2 2 0 1 3016 4150 1448
6948 2 2 0 1 241 6161 3013
6949 2 2 0 1 1408 4254 4204
6950 2 2 0 1 2328 5485 4928
6951 2 2 0 1 1141 5915 3031
6952 2 2 0 1 6460 6513 604
6953 2 2 0 1 2495 6606 2762
6954 2 2 0 1 2959 4257 320
6955 2 2 0 1 1456 5249 2745
6956 2 2 0 1 2318 4001 1166
6957 2 2 0 1 3984 4683 1667
6958 2 2 0 1 6309 6363 1939
6959 2 2 0 1 1874 4064 3822
6960 2 2 0 1 1346 5700 3438
6961 2 2 0 1 3731 3821 635
6962 2 2 0 1 1431 3821 3731
6963 2 2 0 1 3799 6457 2004
6964 2 2 0 1 480 4892 2744
6965 2 2 0 1 2714 5615 25
6966 2 2 0 1 4039 4962 1381
6967 2 2 0 1 4630 6778 2482
6968 2 2 0 1 4209 4802 1987
6969 2 2 0 1 2726 5067 257
6970 2 2 0 1 478 6948 3904
6971 2 2 0 1 2800 5770 1335
6972 2 2 0 1 682 5038 2728
6973 2 2 0 1 422 4095 3055
6974 2 2 0 1 2972 4243 1616
6975 2 2 0 1 2154 5256 3247
6976 2 2 0 1 4964 5373 194
6977 2 2 0 1 4270 5671 3324
6978 2 2 0 1 1570 4648 3380
6979 2 2 0 1 3380 4648 627
6980 2 2 0 1 2746 5982 650
6981 2 2 0 1 1670 5585 2716
6982 2 2 0 1 2746 4980 4391
6983 2 2 0 1 1824 6953 2776
6984 2 2 0 1 3866 3914 1331
6985 2 2 0 1 3808 6854 166
6986 2 2 0 1 4465 4492 1397
6987 2 2 0 1 88 3816 87
6988 2 2 0 1 2891 5247 1537
6989 2 2 0 1 263 3844 3307
6990 2 2 0 1 2102 4262 3987
6991 2 2 0 1 847 6343 2715
6992 2 2 0 1 496 4157 3329
6993 2 2 0 1 1045 4208 3420
6994 2 2 0 1 713 5460 2935
6995 2 2 0 1 3056 6044 1881
6996 2 2 0 1 977 6479 2954
6997 2 2 0 1 1003 6057 2712
6998 2 2 0 1 2716 5514 710
6999 2 2 0 1 632 3860 3494
7000 2 2 0 1 2075 6816 2855
7001 2 2 0 1 3017 4174 1440
7002 2 2 0 1 5226 5451 2367
7003 2 2 0 1 3590 4016 464
7004 2 2 0 1 1439 4016 3590
7005 2 2 0 1 375 5157 2503
7006 2 2 0 1 3670 4305 1044
7007 2 2 0 1 1568 4305 3670
7008 2 2 0 1 1207 6367 3416
7009 2 2 0 1 21 6486 4110
7010 2 2 0 1 3947 5971 861
7011 2 2 0 1 2234 5971 3947
7012 2 2 0 1 770 5686 5668
7013 2 2 0 1 1560 3686 3674
7014 2 2 0 1 132 3888 131
7015 2 2 0 1 36 3887 35
7016 2 2 0 1 322 5688 3041
7017 2 2 0 1 1238 4587 3000
7018 2 2 0 1 2868 6907 1140
7019 2 2 0 1 2951 5271 399
7020 2 2 0 1 1398 5510 3251
7021 2 2 0 1 3620 4418 524
7022 2 2 0 1 5308 5646 1501
7023 2 2 0 1 5870 5890 244
7024 2 2 0 1 1363 5899 5410
7025 2 2 0 1 1836 6238 2885
7026 2 2 0 1 2885 6238 616
7027 2 2 0 1 3193 3971 1342
7028 2 2 0 1 3242 6152 1263
7029 2 2 0 1 1169 3897 3266
7030 2 2 0 1 1968 6689 6338
7031 2 2 0 1 2908 6048 2312
7032 2 2 0 1 2892 4404 1652
7033 2 2 0 1 1563 6686 4634
7034 2 2 0 1 1016 5858 3313
7035 2 2 0 1 4109 4140 1249
7036 2 2 0 1 1660 4140 4109
7037 2 2 0 1 2777 4797 1350
7038 2 2 0 1 1593 4252 2981
7039 2 2 0 1 3324 6561 1206
7040 2 2 0 1 1538 5002 3595
7041 2 2 0 1 287 4349 3872
7042 2 2 0 1 1064 6977 2885
7043 2 2 0 1 1258 5702 5365
7044 2 2 0 1 3348 5960 1198
7045 2 2 0 1 894 5978 2750
7046 2 2 0 1 3414 5433 2222
7047 2 2 0 1 471 5667 2810
7048 2 2 0 1 4118 5396 708
7049 2 2 0 1 5403 6492 2489
7050 2 2 0 1 3433 5150 931
7051 2 2 0 1 2841 6690 637
7052 2 2 0 1 4250 5200 769
7053 2 2 0 1 2429 5646 5308
7054 2 2 0 1 5486 6597 807
7055 2 2 0 1 5273 6381 376
7056 2 2 0 1 2836 4575 1375
7057 2 2 0 1 3989 4074 1439
7058 2 2 0 1 2918 5548 226
7059 2 2 0 1 1651 5548 2918
7060 2 2 0 1 350 6267 2904
7061 2 2 0 1 4633 6499 1562
7062 2 2 0 1 3237 6868 4518
7063 2 2 0 1 732 6583 2826
7064 2 2 0 1 1455 4980 2746
7065 2 2 0 1 1274 4014 3371
7066 2 2 0 1 4928 5485 747
7067 2 2 0 1 1840 4572 2841
7068 2 2 0 1 1217 6020 2933
7069 2 2 0 1 1792 4772 3921
7070 2 2 0 1 3921 4772 190
7071 2 2 0 1 1029 4989 2742
7072 2 2 0 1 4261 5870 244
7073 2 2 0 1 2825 4640 1722
7074 2 2 0 1 4151 6131 779
7075 2 2 0 1 1630 5771 2737
7076 2 2 0 1 1338 6218 2780
7077 2 2 0 1 2542 4373 797
7078 2 2 0 1 1702 5290 4367
7079 2 2 0 1 831 6488 2722
7080 2 2 0 1 2818 4670 333
7081 2 2 0 1 4090 6981 2682
7082 2 2 0 1 1005 6981 4090
7083 2 2 0 1 2887 4389 1180
7084 2 2 0 1 280 4364 3661
7085 2 2 0 1 3661 4364 1580
7086 2 2 0 1 3154 5956 2283
7087 2 2 0 1 1099 4303 3258
7088 2 2 0 1 489 3837 1353
7089 2 2 0 1 417 4425 2895
7090 2 2 0 1 3985 4812 545
7091 2 2 0 1 4256 4301 673
7092 2 2 0 1 1751 4301 4256
7093 2 2 0 1 245 5111 2940
7094 2 2 0 1 928 3046 328
7095 2 2 0 1 1989 6414 3543
7096 2 2 0 1 4724 6618 2418
7097 2 2 0 1 5516 6675 345
7098 2 2 0 1 1545 4055 3826
7099 2 2 0 1 3826 4055 536
7100 2 2 0 1 259 6150 2845
7101 2 2 0 1 3518 3754 418
7102 2 2 0 1 3674 3686 1174
7103 2 2 0 1 3318 6487 3739
7104 2 2 0 1 3387 5304 1768
7105 2 2 0 1 1134 5304 3387
7106 2 2 0 1 979 6671 2965
7107 2 2 0 1 2965 6671 1979
7108 2 2 0 1 1494 4337 4015
7109 2 2 0 1 4201 4202 2991
7110 2 2 0 1 2780 6218 263
7111 2 2 0 1 2745 5226 1456
7112 2 2 0 1 461 5226 2745
7113 2 2 0 1 4005 5459 1620
7114 2 2 0 1 1315 6593 5954
7115 2 2 0 1 1468 4308 4021
7116 2 2 0 1 4039 4647 1785
7117 2 2 0 1 653 4647 4039
7118 2 2 0 1 787 4904 2768
7119 2 2 0 1 2711 6005 3597
7120 2 2 0 1 1146 5433 3414
7121 2 2 0 1 3245 4325 1246
7122 2 2 0 1 2808 6393 505
7123 2 2 0 1 2885 4536 1836
7124 2 2 0 1 5819 6142 2219
7125 2 2 0 1 302 5051 4506
7126 2 2 0 1 1963 5055 3208
7127 2 2 0 1 1458 4454 3726
7128 2 2 0 1 3140 4057 526
7129 2 2 0 1 3133 6934 2676
7130 2 2 0 1 5954 6593 2793
7131 2 2 0 1 3304 4754 1462
7132 2 2 0 1 3496 6833 2103
7133 2 2 0 1 3556 6379 1855
7134 2 2 0 1 338 4671 2899
7135 2 2 0 1 2899 4671 1348
7136 2 2 0 1 1363 4080 3119
7137 2 2 0 1 3624 4930 1035
7138 2 2 0 1 2058 5657 3849
7139 2 2 0 1 3849 5657 743
7140 2 2 0 1 2935 5601 713
7141 2 2 0 1 1242 4394 2861
7142 2 2 0 1 2817 6462 860
7143 2 2 0 1 2195 5583 1839
7144 2 2 0 1 3677 5695 213
7145 2 2 0 1 4372 4373 2220
7146 2 2 0 1 3354 4514 1986
7147 2 2 0 1 3273 3934 1637
7148 2 2 0 1 3481 6766 2248
7149 2 2 0 1 1126 6766 3481
7150 2 2 0 1 3440 6036 4727
7151 2 2 0 1 4026 6942 6298
7152 2 2 0 1 718 5001 2756
7153 2 2 0 1 291 6411 5394
7154 2 2 0 1 3163 4785 2118
7155 2 2 0 1 1634 4785 3163
7156 2 2 0 1 376 6381 4330
7157 2 2 0 1 2437 5857 4632
7158 2 2 0 1 1350 5108 2777
7159 2 2 0 1 841 6085 5709
7160 2 2 0 1 4508 4627 1570
7161 2 2 0 1 4130 6680 1988
7162 2 2 0 1 3362 3860 632
7163 2 2 0 1 3037 4587 1238
7164 2 2 0 1 609 4923 3502
7165 2 2 0 1 2941 6084 3944
7166 2 2 0 1 3378 5346 1204
7167 2 2 0 1 1325 4927 2866
7168 2 2 0 1 330 5512 3943
7169 2 2 0 1 639 5438 3214
7170 2 2 0 1 3214 5438 1746
7171 2 2 0 1 364 4164 3920
7172 2 2 0 1 591 6147 2753
7173 2 2 0 1 3294 3926 537
7174 2 2 0 1 4516 4735 584
7175 2 2 0 1 1216 6100 5482
7176 2 2 0 1 1285 6136 2980
7177 2 2 0 1 3799 6363 2390
7178 2 2 0 1 3278 6571 2364
7179 2 2 0 1 3229 3982 1228
7180 2 2 0 1 3257 5720 2669
7181 2 2 0 1 1742 5313 3795
7182 2 2 0 1 686 5247 2891
7183 2 2 0 1 4160 5856 990
7184 2 2 0 1 3259 4218 522
7185 2 2 0 1 2896 6400 318
7186 2 2 0 1 3274 6555 1212
7187 2 2 0 1 3341 3898 1167
7188 2 2 0 1 3008 3009 1933
7189 2 2 0 1 233 3963 3576
7190 2 2 0 1 3576 3963 1483
7191 2 2 0 1 483 2762 1533
7192 2 2 0 1 1484 4111 3119
7193 2 2 0 1 3270 5419 934
7194 2 2 0 1 1629 4520 2886
7195 2 2 0 1 1232 6400 3883
7196 2 2 0 1 2859 6732 400
7197 2 2 0 1 1176 5302 3262
7198 2 2 0 1 1047 4741 3568
7199 2 2 0 1 3568 4741 1647
7200 2 2 0 1 2078 6856 2854
7201 2 2 0 1 2786 6108 1370
7202 2 2 0 1 2245 5772 3718
7203 2 2 0 1 1417 6524 5608
7204 2 2 0 1 166 3968 3591
7205 2 2 0 1 3591 3968 1407
7206 2 2 0 1 3642 4513 102
7207 2 2 0 1 770 5668 3934
7208 2 2 0 1 3364 4600 187
7209 2 2 0 1 2740 6513 6460
7210 2 2 0 1 186 4628 3046
7211 2 2 0 1 2854 5225 92
7212 2 2 0 1 4369 5714 1978
7213 2 2 0 1 187 3885 3364
7214 2 2 0 1 427 5947 2770
7215 2 2 0 1 851 6827 5757
7216 2 2 0 1 3481 6799 1126
7217 2 2 0 1 3839 4897 1802
7218 2 2 0 1 1032 4897 3839
7219 2 2 0 1 1558 5344 5162
7220 2 2 0 1 5162 5344 2482
7221 2 2 0 1 1276 6245 5248
7222 2 2 0 1 5248 6245 2126
7223 2 2 0 1 2269 5303 4777
7224 2 2 0 1 4777 5303 145
7225 2 2 0 1 1552 4244 3736
7226 2 2 0 1 3736 4244 277
7227 2 2 0 1 466 6108 2786
7228 2 2 0 1 102 4513 101
7229 2 2 0 1 5266 6760 1226
7230 2 2 0 1 2192 4967 2995
7231 2 2 0 1 3922 5823 2961
7232 2 2 0 1 837 4922 3847
7233 2 2 0 1 3241 5782 1828
7234 2 2 0 1 4363 5041 1452
7235 2 2 0 1 3406 6978 4848
7236 2 2 0 1 3676 4767 1387
7237 2 2 0 1 474 6522 2829
7238 2 2 0 1 1721 5142 4368
7239 2 2 0 1 1336 4583 2955
7240 2 2 0 1 2955 4583 601
7241 2 2 0 1 3450 3833 226
7242 2 2 0 1 2724 5957 818
7243 2 2 0 1 2240 5627 2744
7244 2 2 0 1 1153 3977 3276
7245 2 2 0 1 2834 6002 343
7246 2 2 0 1 3419 3924 184
7247 2 2 0 1 429 5612 2743
7248 2 2 0 1 1411 4106 3144
7249 2 2 0 1 601 6200 3325
7250 2 2 0 1 3049 5321 2151
7251 2 2 0 1 1764 4625 3205
7252 2 2 0 1 3013 6161 1848
7253 2 2 0 1 1527 4484 2915
7254 2 2 0 1 1474 4047 3715
7255 2 2 0 1 3715 4047 193
7256 2 2 0 1 2817 5246 459
7257 2 2 0 1 369 6610 3030
7258 2 2 0 1 2920 4462 1159
7259 2 2 0 1 2186 5228 4657
7260 2 2 0 1 4657 5228 1515
7261 2 2 0 1 4742 4891 618
7262 2 2 0 1 2813 5442 1327
7263 2 2 0 1 1687 5532 4089
7264 2 2 0 1 5964 6528 1811
7265 2 2 0 1 4519 4825 1572
7266 2 2 0 1 4087 6656 66
7267 2 2 0 1 6016 6050 209
7268 2 2 0 1 2147 4931 3578
7269 2 2 0 1 1719 4508 3441
7270 2 2 0 1 873 4870 2805
7271 2 2 0 1 3639 4973 401
7272 2 2 0 1 1748 4973 3639
7273 2 2 0 1 2770 6190 1368
7274 2 2 0 1 2042 4458 3933
7275 2 2 0 1 1667 4211 3529
7276 2 2 0 1 3529 4211 651
7277 2 2 0 1 650 4210 3528
7278 2 2 0 1 3528 4210 1666
7279 2 2 0 1 2787 3925 488
7280 2 2 0 1 3451 4520 1050
7281 2 2 0 1 245 5875 2767
7282 2 2 0 1 1253 6983 3705
7283 2 2 0 1 3998 5179 932
7284 2 2 0 1 2609 6784 4770
7285 2 2 0 1 3829 6777 1269
7286 2 2 0 1 5116 5477 3671
7287 2 2 0 1 2896 6120 915
7288 2 2 0 1 4323 4763 262
7289 2 2 0 1 1103 5060 2775
7290 2 2 0 1 3491 4951 1138
7291 2 2 0 1 1870 6603 3732
7292 2 2 0 1 739 4533 3794
7293 2 2 0 1 3794 4533 1744
7294 2 2 0 1 1454 5010 2883
7295 2 2 0 1 2883 5010 505
7296 2 2 0 1 3296 3986 498
7297 2 2 0 1 2957 6456 1239
7298 2 2 0 1 3789 6354 1975
7299 2 2 0 1 3000 4605 597
7300 2 2 0 1 1366 4605 3000
7301 2 2 0 1 3614 3762 1330
7302 2 2 0 1 185 3762 3614
7303 2 2 0 1 3030 6458 951
7304 2 2 0 1 2799 6108 466
7305 2 2 0 1 2750 6480 423
7306 2 2 0 1 3281 5461 534
7307 2 2 0 1 3582 6525 722
7308 2 2 0 1 2202 6525 3582
7309 2 2 0 1 579 4367 4320
7310 2 2 0 1 1834 5212 3752
7311 2 2 0 1 3001 4333 961
7312 2 2 0 1 2432 6499 4633
7313 2 2 0 1 1272 6667 5758
7314 2 2 0 1 231 3966 3314
7315 2 2 0 1 3663 5648 326
7316 2 2 0 1 459 5371 2817
7317 2 2 0 1 1269 6777 5755
7318 2 2 0 1 2064 5024 3448
7319 2 2 0 1 1659 5791 2888
7320 2 2 0 1 2450 6527 4907
7321 2 2 0 1 1580 4166 3661
7322 2 2 0 1 3857 6696 2161
7323 2 2 0 1 5573 6856 790
7324 2 2 0 1 1714 4965 3310
7325 2 2 0 1 1382 5839 2789
7326 2 2 0 1 5248 5786 3091
7327 2 2 0 1 5611 6591 2113
7328 2 2 0 1 1912 5364 4396
7329 2 2 0 1 209 6050 3551
7330 2 2 0 1 1362 4665 4214
7331 2 2 0 1 1859 6271 3076
7332 2 2 0 1 3028 4398 1017
7333 2 2 0 1 1370 6108 2799
7334 2 2 0 1 1510 5176 2769
7335 2 2 0 1 4005 6737 5459
7336 2 2 0 1 1436 6861 4030
7337 2 2 0 1 2832 6483 241
7338 2 2 0 1 4017 4074 561
7339 2 2 0 1 3710 3907 734
7340 2 2 0 1 1424 3907 3710
7341 2 2 0 1 3021 6291 4869
7342 2 2 0 1 4365 6430 1425
7343 2 2 0 1 143 4497 2995
7344 2 2 0 1 2886 4905 1629
7345 2 2 0 1 4634 6686 2433
7346 2 2 0 1 3524 3842 1158
7347 2 2 0 1 766 4637 3209
7348 2 2 0 1 3209 4637 1833
7349 2 2 0 1 569 6830 5914
7350 2 2 0 1 1459 6393 4586
7351 2 2 0 1 3486 4420 1672
7352 2 2 0 1 679 4420 3486
7353 2 2 0 1 520 4604 3369
7354 2 2 0 1 1960 6706 6045
7355 2 2 0 1 2777 5108 282
7356 2 2 0 1 3166 5688 322
7357 2 2 0 1 183 5585 3466
7358 2 2 0 1 2769 5323 1567
7359 2 2 0 1 1094 4323 3461
7360 2 2 0 1 3984 4355 1423
7361 2 2 0 1 1667 4355 3984
7362 2 2 0 1 3985 4354 1666
7363 2 2 0 1 1422 4354 3985
7364 2 2 0 1 3661 4166 1244
7365 2 2 0 1 3783 4137 1449
7366 2 2 0 1 1526 4137 3783
7367 2 2 0 1 4103 4752 1707
7368 2 2 0 1 3128 4176 1095
7369 2 2 0 1 6209 6210 3909
7370 2 2 0 1 173 6485 3714
7371 2 2 0 1 4421 5622 2506
7372 2 2 0 1 464 4016 3285
7373 2 2 0 1 1972 6170 5143
7374 2 2 0 1 525 4689 3224
7375 2 2 0 1 3664 3905 1442
7376 2 2 0 1 3722 4643 633
7377 2 2 0 1 1629 4574 4520
7378 2 2 0 1 4761 5845 649
7379 2 2 0 1 2994 6980 1274
7380 2 2 0 1 3644 5811 443
7381 2 2 0 1 1671 5550 4189
7382 2 2 0 1 5138 6059 672
7383 2 2 0 1 4229 5329 339
7384 2 2 0 1 2053 5329 4229
7385 2 2 0 1 3594 4384 1295
7386 2 2 0 1 1606 4984 2813
7387 2 2 0 1 2792 5046 1218
7388 2 2 0 1 3991 4809 1321
7389 2 2 0 1 4650 4937 1528
7390 2 2 0 1 1716 5225 2854
7391 2 2 0 1 4783 6165 308
7392 2 2 0 1 3131 4185 407
7393 2 2 0 1 1417 5608 4613
7394 2 2 0 1 3023 4678 19
7395 2 2 0 1 5179 5595 1903
7396 2 2 0 1 6041 6867 554
7397 2 2 0 1 3830 3851 262
7398 2 2 0 1 1451 3851 3830
7399 2 2 0 1 3763 5504 1774
7400 2 2 0 1 1567 5237 4256
7401 2 2 0 1 1407 3926 3591
7402 2 2 0 1 2761 5541 1551
7403 2 2 0 1 893 5541 2761
7404 2 2 0 1 1344 6908 2851
7405 2 2 0 1 5341 5905 2140
7406 2 2 0 1 4047 4588 1755
7407 2 2 0 1 1474 4588 4047
7408 2 2 0 1 3782 4003 1136
7409 2 2 0 1 3219 4077 1025
7410 2 2 0 1 2794 6948 4014
7411 2 2 0 1 2020 5800 3684
7412 2 2 0 1 3684 5800 962
7413 2 2 0 1 3003 4641 437
7414 2 2 0 1 878 5793 2775
7415 2 2 0 1 375 5560 2748
7416 2 2 0 1 1246 4252 3870
7417 2 2 0 1 3870 4252 1593
7418 2 2 0 1 2877 4276 797
7419 2 2 0 1 1588 4615 3551
7420 2 2 0 1 3551 4615 209
7421 2 2 0 1 4843 5768 1752
7422 2 2 0 1 2880 4660 935
7423 2 2 0 1 358 5570 3205
7424 2 2 0 1 3205 5570 1764
7425 2 2 0 1 2803 4993 1020
7426 2 2 0 1 4111 4141 1244
7427 2 2 0 1 165 4554 3870
7428 2 2 0 1 1824 5895 5430
7429 2 2 0 1 1303 3924 3419
7430 2 2 0 1 3213 4096 1245
7431 2 2 0 1 3752 5212 680
7432 2 2 0 1 5747 6227 2214
7433 2 2 0 1 555 5198 2982
7434 2 2 0 1 1236 5814 3037
7435 2 2 0 1 4102 6917 2997
7436 2 2 0 1 972 5954 2793
7437 2 2 0 1 2405 5697 4741
7438 2 2 0 1 4741 5697 1647
7439 2 2 0 1 3567 3814 1615
7440 2 2 0 1 3911 4773 1322
7441 2 2 0 1 1324 6652 3430
7442 2 2 0 1 3236 5943 1192
7443 2 2 0 1 160 5142 3809
7444 2 2 0 1 1374 3842 3524
7445 2 2 0 1 1873 6783 3482
7446 2 2 0 1 1877 4442 4044
7447 2 2 0 1 1244 4141 3661
7448 2 2 0 1 154 6503 4207
7449 2 2 0 1 4207 6503 2486
7450 2 2 0 1 2857 6588 2118
7451 2 2 0 1 518 5741 2922
7452 2 2 0 1 3647 3787 1409
7453 2 2 0 1 1407 3967 3786
7454 2 2 0 1 1408 3787 3647
7455 2 2 0 1 1407 3969 3967
7456 2 2 0 1 706 6015 4263
7457 2 2 0 1 1413 4933 3908
7458 2 2 0 1 163 4699 3015
7459 2 2 0 1 3015 4699 1389
7460 2 2 0 1 363 4127 4046
7461 2 2 0 1 515 5262 3633
7462 2 2 0 1 3214 4930 639
7463 2 2 0 1 3637 6154 1693
7464 2 2 0 1 505 5010 2808
7465 2 2 0 1 1615 4715 3567
7466 2 2 0 1 3567 4715 372
7467 2 2 0 1 1333 6231 4258
7468 2 2 0 1 1565 4631 2900
7469 2 2 0 1 1908 5272 3678
7470 2 2 0 1 2789 5186 870
7471 2 2 0 1 2422 2423 1268
7472 2 2 0 1 3545 4357 469
7473 2 2 0 1 3661 4141 280
7474 2 2 0 1 1183 6652 2824
7475 2 2 0 1 119 5681 2820
7476 2 2 0 1 2821 5680 48
7477 2 2 0 1 3033 5337 753
7478 2 2 0 1 3475 4132 377
7479 2 2 0 1 4246 5954 3114
7480 2 2 0 1 1401 4053 3286
7481 2 2 0 1 3114 4249 1299
7482 2 2 0 1 972 4249 3114
7483 2 2 0 1 841 5600 3491
7484 2 2 0 1 3491 5600 1865
7485 2 2 0 1 2969 5222 444
7486 2 2 0 1 393 4246 3114
7487 2 2 0 1 1905 4242 3446
7488 2 2 0 1 262 4658 3830
7489 2 2 0 1 4488 6700 890
7490 2 2 0 1 547 4029 3313
7491 2 2 0 1 3589 5635 897
7492 2 2 0 1 3363 3992 494
7493 2 2 0 1 5192 6334 2456
7494 2 2 0 1 4379 5832 866
7495 2 2 0 1 276 4024 3524
7496 2 2 0 1 3524 4024 1374
7497 2 2 0 1 4526 6418 196
7498 2 2 0 1 2635 6418 4526
7499 2 2 0 1 2039 6587 2862
7500 2 2 0 1 405 4377 3027
7501 2 2 0 1 5758 6667 2810
7502 2 2 0 1 2781 6944 1554
7503 2 2 0 1 15 6336 4872
7504 2 2 0 1 3840 4029 547
7505 2 2 0 1 1512 4029 3840
7506 2 2 0 1 3681 6795 1907
7507 2 2 0 1 975 4326 3054
7508 2 2 0 1 3639 6851 985
7509 2 2 0 1 3070 4305 1568
7510 2 2 0 1 6262 6310 371
7511 2 2 0 1 1586 5959 2777
7512 2 2 0 1 711 5351 2811
7513 2 2 0 1 1185 4631 4304
7514 2 2 0 1 4951 5173 402
7515 2 2 0 1 1323 4278 3254
7516 2 2 0 1 495 6307 2827
7517 2 2 0 1 2779 5620 62
7518 2 2 0 1 1686 4643 3722
7519 2 2 0 1 3563 4078 538
7520 2 2 0 1 1129 5206 3207
7521 2 2 0 1 4151 4811 2002
7522 2 2 0 1 3535 4323 1094
7523 2 2 0 1 3454 4066 1034
7524 2 2 0 1 876 5820 2778
7525 2 2 0 1 1927 5456 5318
7526 2 2 0 1 875 5970 2790
7527 2 2 0 1 3781 3875 1437
7528 2 2 0 1 4783 5837 2138
7529 2 2 0 1 4480 6726 29
7530 2 2 0 1 4002 4475 1457
7531 2 2 0 1 3268 6163 795
7532 2 2 0 1 1953 6163 3268
7533 2 2 0 1 1598 6220 5804
7534 2 2 0 1 511 3902 3490
7535 2 2 0 1 6596 6715 2149
7536 2 2 0 1 871 5809 2819
7537 2 2 0 1 3849 5513 1404
7538 2 2 0 1 3303 4689 525
7539 2 2 0 1 5376 5577 136
7540 2 2 0 1 3630 3941 1482
7541 2 2 0 1 1432 4945 4049
7542 2 2 0 1 1360 5235 2833
7543 2 2 0 1 3963 4703 1483
7544 2 2 0 1 3781 3891 581
7545 2 2 0 1 1437 3891 3781
7546 2 2 0 1 323 4179 3733
7547 2 2 0 1 3733 4179 1510
7548 2 2 0 1 3927 4115 1457
7549 2 2 0 1 3360 4914 368
7550 2 2 0 1 451 4282 3106
7551 2 2 0 1 1223 3820 3819
7552 2 2 0 1 3819 3820 1603
7553 2 2 0 1 4247 4706 224
7554 2 2 0 1 4799 6321 2088
7555 2 2 0 1 1195 4366 3992
7556 2 2 0 1 3941 4013 1482
7557 2 2 0 1 3541 4094 462
7558 2 2 0 1 556 4019 3453
7559 2 2 0 1 3453 4019 1339
7560 2 2 0 1 3051 4360 505
7561 2 2 0 1 104 4664 103
7562 2 2 0 1 2484 5403 4452
7563 2 2 0 1 4452 5403 712
7564 2 2 0 1 3881 4415 260
7565 2 2 0 1 5068 5507 2484
7566 2 2 0 1 195 5507 5068
7567 2 2 0 1 3371 4014 478
7568 2 2 0 1 4387 6086 949
7569 2 2 0 1 2406 6086 4387
7570 2 2 0 1 586 4895 4607
7571 2 2 0 1 3319 4056 1183
7572 2 2 0 1 3707 4173 1586
7573 2 2 0 1 516 4173 3707
7574 2 2 0 1 1260 5306 4073
7575 2 2 0 1 2226 6203 5866
7576 2 2 0 1 3017 4432 1514
7577 2 2 0 1 236 4818 4477
7578 2 2 0 1 2889 5051 302
7579 2 2 0 1 2806 6062 345
7580 2 2 0 1 576 5509 5335
7581 2 2 0 1 1177 4677 3171
7582 2 2 0 1 3979 5822 200
7583 2 2 0 1 4069 5165 1947
7584 2 2 0 1 98 4525 2950
7585 2 2 0 1 3718 5772 1921
7586 2 2 0 1 5168 6983 1253
7587 2 2 0 1 2082 5652 5240
7588 2 2 0 1 3176 5901 2687
7589 2 2 0 1 3442 5411 2063
7590 2 2 0 1 561 3989 3428
7591 2 2 0 1 3788 4078 1342
7592 2 2 0 1 3253 6475 71
7593 2 2 0 1 1603 4377 3819
7594 2 2 0 1 3819 4377 405
7595 2 2 0 1 2955 4576 1336
7596 2 2 0 1 737 6021 5446
7597 2 2 0 1 170 5617 2835
7598 2 2 0 1 1901 6702 2889
7599 2 2 0 1 2889 6702 891
7600 2 2 0 1 1650 4376 3838
7601 2 2 0 1 2483 6839 4901
7602 2 2 0 1 2980 5596 1285
7603 2 2 0 1 3712 4125 573
7604 2 2 0 1 1475 4125 3712
7605 2 2 0 1 5652 5969 668
7606 2 2 0 1 1345 4322 3602
7607 2 2 0 1 4311 5386 570
7608 2 2 0 1 375 4001 1636
7609 2 2 0 1 1400 3914 3701
7610 2 2 0 1 3701 3914 552
7611 2 2 0 1 3395 4427 263
7612 2 2 0 1 2951 6299 1300
7613 2 2 0 1 280 4141 3737
7614 2 2 0 1 4225 6006 2173
7615 2 2 0 1 1306 4129 4128
7616 2 2 0 1 4128 4129 1612
7617 2 2 0 1 2836 5119 469
7618 2 2 0 1 2881 6066 1326
7619 2 2 0 1 4682 5135 663
7620 2 2 0 1 2144 5135 4682
7621 2 2 0 1 2947 4998 1
7622 2 2 0 1 3473 4573 490
7623 2 2 0 1 2795 5492 1147
7624 2 2 0 1 1230 6859 2918
7625 2 2 0 1 3046 4628 328
7626 2 2 0 1 2864 4827 1547
7627 2 2 0 1 532 4960 4880
7628 2 2 0 1 4219 5322 1777
7629 2 2 0 1 576 5704 4114
7630 2 2 0 1 1584 4981 4894
7631 2 2 0 1 519 4080 3651
7632 2 2 0 1 2797 6866 1040
7633 2 2 0 1 4212 5159 1973
7634 2 2 0 1 694 5159 4212
7635 2 2 0 1 2799 5898 1707
7636 2 2 0 1 2345 6032 5947
7637 2 2 0 1 2656 6547 4549
7638 2 2 0 1 4550 6546 2657
7639 2 2 0 1 897 5635 3695
7640 2 2 0 1 1072 6782 2907
7641 2 2 0 1 2907 6782 1928
7642 2 2 0 1 504 4220 3552
7643 2 2 0 1 3870 3877 165
7644 2 2 0 1 1593 3877 3870
7645 2 2 0 1 2761 6122 3812
7646 2 2 0 1 1724 4688 4123
7647 2 2 0 1 1259 3920 3523
7648 2 2 0 1 2871 4833 430
7649 2 2 0 1 2458 6810 2914
7650 2 2 0 1 4098 4693 3159
7651 2 2 0 1 1630 5201 4954
7652 2 2 0 1 556 3905 3553
7653 2 2 0 1 282 4050 3374
7654 2 2 0 1 470 5919 5309
7655 2 2 0 1 1509 4441 3513
7656 2 2 0 1 3513 4441 1248
7657 2 2 0 1 2895 6708 417
7658 2 2 0 1 1946 5178 4119
7659 2 2 0 1 4119 5178 304
7660 2 2 0 1 2970 4574 495
7661 2 2 0 1 784 6764 6330
7662 2 2 0 1 303 4445 3548
7663 2 2 0 1 1439 4074 3333
7664 2 2 0 1 1729 4748 2904
7665 2 2 0 1 446 4687 2927
7666 2 2 0 1 3851 3852 1335
7667 2 2 0 1 1451 3852 3851
7668 2 2 0 1 1511 4320 3106
7669 2 2 0 1 990 5856 2809
7670 2 2 0 1 5035 6337 3767
7671 2 2 0 1 4979 5396 1765
7672 2 2 0 1 1339 4019 3419
7673 2 2 0 1 4954 5201 1609
7674 2 2 0 1 164 5441 3081
7675 2 2 0 1 1271 5547 4565
7676 2 2 0 1 600 5526 2802
7677 2 2 0 1 3096 6007 4122
7678 2 2 0 1 4452 5413 1105
7679 2 2 0 1 1947 5944 4069
7680 2 2 0 1 1943 5904 5732
7681 2 2 0 1 2805 6350 2059
7682 2 2 0 1 1248 6219 3513
7683 2 2 0 1 2891 6668 686
7684 2 2 0 1 3575 6004 1009
7685 2 2 0 1 4437 5404 403
7686 2 2 0 1 3101 5404 4437
7687 2 2 0 1 811 5277 4015
7688 2 2 0 1 989 6329 3256
7689 2 2 0 1 2816 6519 538
7690 2 2 0 1 1852 5229 5096
7691 2 2 0 1 2929 4699 163
7692 2 2 0 1 3765 4582 1315
7693 2 2 0 1 494 6349 3363
7694 2 2 0 1 1774 4956 3039
7695 2 2 0 1 1942 2570 815
7696 2 2 0 1 2830 6125 1634
7697 2 2 0 1 497 6749 3034
7698 2 2 0 1 1022 3392 3391
7699 2 2 0 1 3653 4792 3053
7700 2 2 0 1 2702 5408 3889
7701 2 2 0 1 1803 6373 4958
7702 2 2 0 1 3816 4630 87
7703 2 2 0 1 4353 5086 1645
7704 2 2 0 1 2412 4703 3231
7705 2 2 0 1 848 5758 2810
7706 2 2 0 1 1339 4009 3453
7707 2 2 0 1 752 3244 198
7708 2 2 0 1 2898 6687 1172
7709 2 2 0 1 3006 5476 972
7710 2 2 0 1 1307 5307 2897
7711 2 2 0 1 154 6099 2856
7712 2 2 0 1 2856 6099 1747
7713 2 2 0 1 3126 4321 519
7714 2 2 0 1 574 4084 3438
7715 2 2 0 1 3438 4084 1345
7716 2 2 0 1 2912 4771 1012
7717 2 2 0 1 2945 5009 1442
7718 2 2 0 1 3891 4164 1476
7719 2 2 0 1 2127 6938 3149
7720 2 2 0 1 1446 4580 4467
7721 2 2 0 1 4399 5853 614
7722 2 2 0 1 641 5345 2815
7723 2 2 0 1 2067 4589 3209
7724 2 2 0 1 3734 6627 5454
7725 2 2 0 1 1488 4651 2963
7726 2 2 0 1 2862 6425 1934
7727 2 2 0 1 1851 4101 3350
7728 2 2 0 1 5039 6581 1619
7729 2 2 0 1 4316 4433 581
7730 2 2 0 1 3430 4046 1324
7731 2 2 0 1 3466 4134 183
7732 2 2 0 1 1370 4134 3466
7733 2 2 0 1 3746 5368 1868
7734 2 2 0 1 1084 6674 3531
7735 2 2 0 1 2863 5673 883
7736 2 2 0 1 4201 5773 4202
7737 2 2 0 1 642 5004 4123
7738 2 2 0 1 4245 4963 624
7739 2 2 0 1 1906 4963 4245
7740 2 2 0 1 1458 4285 3178
7741 2 2 0 1 1842 4449 3130
7742 2 2 0 1 1632 5330 3117
7743 2 2 0 1 3117 5330 530
7744 2 2 0 1 363 4046 3430
7745 2 2 0 1 481 5442 2813
7746 2 2 0 1 3350 4101 480
7747 2 2 0 1 1198 5960 3831
7748 2 2 0 1 1375 5119 2836
7749 2 2 0 1 1195 6519 4366
7750 2 2 0 1 425 6428 4745
7751 2 2 0 1 3048 6356 5223
7752 2 2 0 1 4770 6784 1357
7753 2 2 0 1 3883 4944 1232
7754 2 2 0 1 3689 6555 2509
7755 2 2 0 1 915 6120 3018
7756 2 2 0 1 934 4290 3217
7757 2 2 0 1 5732 5904 2720
7758 2 2 0 1 4283 4979 1765
7759 2 2 0 1 4373 5420 2220
7760 2 2 0 1 610 5054 3622
7761 2 2 0 1 3622 5054 1738
7762 2 2 0 1 3931 5763 3437
7763 2 2 0 1 608 4714 3410
7764 2 2 0 1 3410 4714 1538
7765 2 2 0 1 1249 4140 3877
7766 2 2 0 1 3866 3867 1479
7767 2 2 0 1 1331 3867 3866
7768 2 2 0 1 1674 4935 2872
7769 2 2 0 1 2082 5240 3280
7770 2 2 0 1 4232 4238 1380
7771 2 2 0 1 368 4914 3482
7772 2 2 0 1 5478 6505 1715
7773 2 2 0 1 1805 4218 3259
7774 2 2 0 1 3512 3998 1117
7775 2 2 0 1 3018 5741 518
7776 2 2 0 1 2019 5429 5402
7777 2 2 0 1 506 6959 4165
7778 2 2 0 1 3408 5790 1045
7779 2 2 0 1 437 4641 3120
7780 2 2 0 1 1258 3919 3610
7781 2 2 0 1 1724 5272 4688
7782 2 2 0 1 3937 4642 493
7783 2 2 0 1 3381 5492 490
7784 2 2 0 1 2820 6068 1750
7785 2 2 0 1 1749 6067 2821
7786 2 2 0 1 3293 4186 1950
7787 2 2 0 1 5043 5806 2893
7788 2 2 0 1 1295 4384 4351
7789 2 2 0 1 4317 4570 1421
7790 2 2 0 1 1807 4570 4317
7791 2 2 0 1 1132 4978 4245
7792 2 2 0 1 4245 4978 1906
7793 2 2 0 1 3586 4260 1303
7794 2 2 0 1 151 2731 1673
7795 2 2 0 1 2641 6740 4093
7796 2 2 0 1 1212 6555 3689
7797 2 2 0 1 5412 5933 1832
7798 2 2 0 1 4456 5488 258
7799 2 2 0 1 4474 4816 1539
7800 2 2 0 1 3258 4318 1099
7801 2 2 0 1 4469 5122 1559
7802 2 2 0 1 1558 5121 4468
7803 2 2 0 1 142 5776 3624
7804 2 2 0 1 3624 5776 1957
7805 2 2 0 1 426 5660 3111
7806 2 2 0 1 3897 5875 245
7807 2 2 0 1 4675 5682 284
7808 2 2 0 1 2845 6150 1288
7809 2 2 0 1 2976 4668 455
7810 2 2 0 1 210 3240 1831
7811 2 2 0 1 3329 4157 1252
7812 2 2 0 1 576 6512 5704
7813 2 2 0 1 1077 5189 4541
7814 2 2 0 1 2921 6776 389
7815 2 2 0 1 2848 6201 981
7816 2 2 0 1 1545 4584 4055
7817 2 2 0 1 3809 3810 1525
7818 2 2 0 1 1296 3810 3809
7819 2 2 0 1 2241 4933 4135
7820 2 2 0 1 344 6025 3964
7821 2 2 0 1 3964 6025 2179
7822 2 2 0 1 3691 3914 1400
7823 2 2 0 1 2833 5235 757
7824 2 2 0 1 3705 4234 1493
7825 2 2 0 1 254 4234 3705
7826 2 2 0 1 1632 5464 5330
7827 2 2 0 1 4680 5322 254
7828 2 2 0 1 1954 5700 5115
7829 2 2 0 1 476 928 328
7830 2 2 0 1 4773 4778 655
7831 2 2 0 1 1282 5882 3142
7832 2 2 0 1 1692 6164 3040
7833 2 2 0 1 302 6527 2889
7834 2 2 0 1 297 6559 4409
7835 2 2 0 1 1540 6570 5574
7836 2 2 0 1 3525 6432 1260
7837 2 2 0 1 2017 6369 3357
7838 2 2 0 1 3357 6369 234
7839 2 2 0 1 2972 5536 522
7840 2 2 0 1 1616 5536 2972
7841 2 2 0 1 3135 4386 1405
7842 2 2 0 1 76 6217 75
7843 2 2 0 1 3284 4233 1737
7844 2 2 0 1 1668 4193 3796
7845 2 2 0 1 1592 4780 3503
7846 2 2 0 1 3503 4780 597
7847 2 2 0 1 992 6855 4682
7848 2 2 0 1 3063 4505 1374
7849 2 2 0 1 1435 3941 3630
7850 2 2 0 1 1665 4857 4236
7851 2 2 0 1 1207 4148 4147
7852 2 2 0 1 4147 4148 1857
7853 2 2 0 1 3274 6610 369
7854 2 2 0 1 4579 4767 1931
7855 2 2 0 1 1387 4767 4579
7856 2 2 0 1 2960 5207 1444
7857 2 2 0 1 1404 5000 3849
7858 2 2 0 1 280 4013 3941
7859 2 2 0 1 219 5195 3911
7860 2 2 0 1 3911 5195 1864
7861 2 2 0 1 2963 4753 595
7862 2 2 0 1 5319 5714 1726
7863 2 2 0 1 434 4396 3138
7864 2 2 0 1 1698 6106 4868
7865 2 2 0 1 4786 5313 1742
7866 2 2 0 1 2964 5911 4383
7867 2 2 0 1 488 3925 984
7868 2 2 0 1 2867 6332 1901
7869 2 2 0 1 2003 6475 3253
7870 2 2 0 1 4771 5171 1773
7871 2 2 0 1 247 6136 3123
7872 2 2 0 1 348 5720 3257
7873 2 2 0 1 3666 4303 1099
7874 2 2 0 1 1772 5280 5204
7875 2 2 0 1 1302 5920 2774
7876 2 2 0 1 3352 4167 272
7877 2 2 0 1 5551 6853 2178
7878 2 2 0 1 3124 6641 316
7879 2 2 0 1 3432 4707 1300
7880 2 2 0 1 599 6417 5305
7881 2 2 0 1 5713 6799 3481
7882 2 2 0 1 3404 4500 2084
7883 2 2 0 1 3531 4026 1084
7884 2 2 0 1 1486 4847 3169
7885 2 2 0 1 3169 4847 969
7886 2 2 0 1 2719 6505 5478
7887 2 2 0 1 1470 4348 3532
7888 2 2 0 1 1478 4867 3265
7889 2 2 0 1 3167 6866 4188
7890 2 2 0 1 563 5484 2828
7891 2 2 0 1 2828 5484 1529
7892 2 2 0 1 3532 4348 90
7893 2 2 0 1 4255 6795 3681
7894 2 2 0 1 2139 6597 2909
7895 2 2 0 1 1855 6379 5517
7896 2 2 0 1 2643 5933 5412
7897 2 2 0 1 453 4587 3037
7898 2 2 0 1 1633 6540 3884
7899 2 2 0 1 4236 4237 1665
7900 2 2 0 1 1938 4237 4236
7901 2 2 0 1 4128 4214 566
7902 2 2 0 1 1612 4214 4128
7903 2 2 0 1 2855 6520 1492
7904 2 2 0 1 4093 6740 2066
7905 2 2 0 1 1337 4099 3522
7906 2 2 0 1 1239 6456 3164
7907 2 2 0 1 2847 6040 441
7908 2 2 0 1 2200 4456 3366
7909 2 2 0 1 3481 5833 2869
7910 2 2 0 1 1852 5581 4118
7911 2 2 0 1 3447 4100 1074
7912 2 2 0 1 182 5160 2932
7913 2 2 0 1 3219 6683 227
7914 2 2 0 1 430 6308 2871
7915 2 2 0 1 443 5811 4156
7916 2 2 0 1 5345 6621 2815
7917 2 2 0 1 5550 6675 4189
7918 2 2 0 1 2835 6256 866
7919 2 2 0 1 2197 5236 3047
7920 2 2 0 1 3747 4248 1369
7921 2 2 0 1 2901 5027 4435
7922 2 2 0 1 5758 6073 1272
7923 2 2 0 1 73 6233 4512
7924 2 2 0 1 757 6510 2833
7925 2 2 0 1 3103 5285 466
7926 2 2 0 1 726 5558 5194
7927 2 2 0 1 4142 4278 463
7928 2 2 0 1 1553 5965 5005
7929 2 2 0 1 2089 6743 5103
7930 2 2 0 1 575 4322 3218
7931 2 2 0 1 674 4855 2322
7932 2 2 0 1 2917 6662 228
7933 2 2 0 1 1619 6581 4777
7934 2 2 0 1 3393 4166 580
7935 2 2 0 1 2982 4749 555
7936 2 2 0 1 3900 3969 1466
7937 2 2 0 1 567 3969 3900
7938 2 2 0 1 1868 5124 4097
7939 2 2 0 1 3370 4358 1190
7940 2 2 0 1 3949 5807 260
7941 2 2 0 1 1985 5411 3442
7942 2 2 0 1 5605 5865 2190
7943 2 2 0 1 2898 5184 1545
7944 2 2 0 1 2952 6862 489
7945 2 2 0 1 1447 4374 3360
7946 2 2 0 1 1805 5941 4684
7947 2 2 0 1 1638 5155 3317
7948 2 2 0 1 3317 5155 526
7949 2 2 0 1 3487 5745 787
7950 2 2 0 1 1086 6705 3893
7951 2 2 0 1 3526 6722 1071
7952 2 2 0 1 2164 4726 3599
7953 2 2 0 1 3079 5903 1035
7954 2 2 0 1 1703 5903 3079
7955 2 2 0 1 1814 4818 4152
7956 2 2 0 1 4152 4818 1213
7957 2 2 0 1 2016 5968 3648
7958 2 2 0 1 3648 5968 686
7959 2 2 0 1 4514 5742 1986
7960 2 2 0 1 429 6370 2882
7961 2 2 0 1 1362 4793 4195
7962 2 2 0 1 2851 6798 1344
7963 2 2 0 1 4444 4700 289
7964 2 2 0 1 1401 4092 4053
7965 2 2 0 1 1647 5697 3268
7966 2 2 0 1 2879 6334 1460
7967 2 2 0 1 2979 6093 1798
7968 2 2 0 1 3728 3917 1121
7969 2 2 0 1 2128 3631 729
7970 2 2 0 1 3530 4059 793
7971 2 2 0 1 1534 5705 5069
7972 2 2 0 1 3972 4308 1468
7973 2 2 0 1 209 4615 3547
7974 2 2 0 1 3547 4615 1867
7975 2 2 0 1 18 5356 3295
7976 2 2 0 1 514 5043 2893
7977 2 2 0 1 471 6667 3156
7978 2 2 0 1 2921 6940 965
7979 2 2 0 1 2933 6709 2094
7980 2 2 0 1 2844 6961 200
7981 2 2 0 1 31 6223 1
7982 2 2 0 1 762 5928 5073
7983 2 2 0 1 3056 6347 148
7984 2 2 0 1 181 4465 3326
7985 2 2 0 1 3840 4111 1244
7986 2 2 0 1 2978 4774 971
7987 2 2 0 1 4530 4746 1627
7988 2 2 0 1 1438 3875 3781
7989 2 2 0 1 3059 4958 1711
7990 2 2 0 1 2089 5376 4324
7991 2 2 0 1 3045 4619 1684
7992 2 2 0 1 1450 5045 2894
7993 2 2 0 1 1480 6078 698
7994 2 2 0 1 144 5257 2863
7995 2 2 0 1 3945 4238 568
7996 2 2 0 1 3188 4401 397
7997 2 2 0 1 1113 6105 2718
7998 2 2 0 1 4394 6622 2861
7999 2 2 0 1 3433 4154 2258
8000 2 2 0 1 4578 5328 142
8001 2 2 0 1 1753 5189 2872
8002 2 2 0 1 4037 5163 535
8003 2 2 0 1 4443 6660 6506
8004 2 2 0 1 4351 5049 265
8005 2 2 0 1 2069 5501 3332
8006 2 2 0 1 1386 4198 4068
8007 2 2 0 1 4068 4198 1595
8008 2 2 0 1 2152 5090 3351
8009 2 2 0 1 1607 4998 2947
8010 2 2 0 1 4654 5962 1576
8011 2 2 0 1 167 6660 4443
8012 2 2 0 1 3896 4017 1440
8013 2 2 0 1 528 4081 3513
8014 2 2 0 1 1404 5513 4409
8015 2 2 0 1 3055 6692 916
8016 2 2 0 1 1958 6692 3055
8017 2 2 0 1 4534 6769 2204
8018 2 2 0 1 160 4887 3097
8019 2 2 0 1 2053 5413 4452
8020 2 2 0 1 2629 5771 4954
8021 2 2 0 1 588 4325 3245
8022 2 2 0 1 4652 4653 2414
8023 2 2 0 1 3891 4011 581
8024 2 2 0 1 1476 4011 3891
8025 2 2 0 1 3013 6617 241
8026 2 2 0 1 5233 6618 1687
8027 2 2 0 1 4212 6322 694
8028 2 2 0 1 4907 6527 302
8029 2 2 0 1 883 6265 2850
8030 2 2 0 1 5942 6423 1443
8031 2 2 0 1 2852 5880 1027
8032 2 2 0 1 1617 4850 3564
8033 2 2 0 1 3564 4850 648
8034 2 2 0 1 1988 6721 2938
8035 2 2 0 1 304 6003 4119
8036 2 2 0 1 3516 4278 1323
8037 2 2 0 1 3286 4304 553
8038 2 2 0 1 99 4525 98
8039 2 2 0 1 3804 6920 758
8040 2 2 0 1 2351 6920 3804
8041 2 2 0 1 5202 6013 3018
8042 2 2 0 1 3672 4174 279
8043 2 2 0 1 1440 4174 3672
8044 2 2 0 1 4868 6106 2446
8045 2 2 0 1 777 6631 3359
8046 2 2 0 1 3469 6064 400
8047 2 2 0 1 5236 5359 2419
8048 2 2 0 1 827 5359 5236
8049 2 2 0 1 522 4218 3704
8050 2 2 0 1 3303 4496 917
8051 2 2 0 1 139 5846 3316
8052 2 2 0 1 967 5112 3152
8053 2 2 0 1 2095 6216 4347
8054 2 2 0 1 3326 4465 1397
8055 2 2 0 1 565 6634 2849
8056 2 2 0 1 1409 4061 3647
8057 2 2 0 1 114 3957 113
8058 2 2 0 1 54 3958 53
8059 2 2 0 1 4307 4849 1644
8060 2 2 0 1 773 5306 2867
8061 2 2 0 1 3786 3926 1407
8062 2 2 0 1 537 3926 3786
8063 2 2 0 1 4385 5672 3480
8064 2 2 0 1 4204 4254 1546
8065 2 2 0 1 69 4035 68
8066 2 2 0 1 3940 5808 429
8067 2 2 0 1 2870 6077 959
8068 2 2 0 1 1465 4709 3290
8069 2 2 0 1 3290 4709 1055
8070 2 2 0 1 765 5780 5161
8071 2 2 0 1 3152 5190 225
8072 2 2 0 1 4852 6928 549
8073 2 2 0 1 3800 6217 76
8074 2 2 0 1 3522 4099 176
8075 2 2 0 1 1623 5859 551
8076 2 2 0 1 3593 5952 2133
8077 2 2 0 1 2134 5951 3592
8078 2 2 0 1 1956 5777 3687
8079 2 2 0 1 3687 5777 140
8080 2 2 0 1 755 3091 1869
8081 2 2 0 1 3302 5036 1589
8082 2 2 0 1 1191 5036 3302
8083 2 2 0 1 1071 5952 3593
8084 2 2 0 1 3592 5951 1070
8085 2 2 0 1 2086 6653 5861
8086 2 2 0 1 2876 5273 376
8087 2 2 0 1 757 5235 4994
8088 2 2 0 1 4994 5235 2264
8089 2 2 0 1 5022 5267 1760
8090 2 2 0 1 3212 5816 525
8091 2 2 0 1 2985 6955 564
8092 2 2 0 1 5194 5558 2393
8093 2 2 0 1 5122 5214 1559
8094 2 2 0 1 2287 5214 5122
8095 2 2 0 1 4164 4327 1476
8096 2 2 0 1 1295 4351 3263
8097 2 2 0 1 3613 4479 514
8098 2 2 0 1 978 5091 3132
8099 2 2 0 1 1677 5127 2905
8100 2 2 0 1 1373 6955 2985
8101 2 2 0 1 3298 5315 1534
8102 2 2 0 1 106 3981 105
8103 2 2 0 1 1925 4620 4220
8104 2 2 0 1 1482 4013 3675
8105 2 2 0 1 2905 6666 1334
8106 2 2 0 1 3737 4013 280
8107 2 2 0 1 1389 6257 3755
8108 2 2 0 1 3887 4634 35
8109 2 2 0 1 132 4633 3888
8110 2 2 0 1 2370 4689 3303
8111 2 2 0 1 481 4153 3483
8112 2 2 0 1 3351 6427 2005
8113 2 2 0 1 472 6427 3351
8114 2 2 0 1 1786 5950 3227
8115 2 2 0 1 2822 5608 2076
8116 2 2 0 1 342 5608 2822
8117 2 2 0 1 3462 4282 451
8118 2 2 0 1 239 4845 2986
8119 2 2 0 1 80 3991 79
8120 2 2 0 1 477 4731 3144
8121 2 2 0 1 3144 4731 1411
8122 2 2 0 1 2426 4750 436
8123 2 2 0 1 4412 4413 1532
8124 2 2 0 1 2928 6564 1187
8125 2 2 0 1 2989 6955 1373
8126 2 2 0 1 561 4074 3989
8127 2 2 0 1 441 6065 3411
8128 2 2 0 1 382 6715 2946
8129 2 2 0 1 1472 4439 4173
8130 2 2 0 1 3424 6344 4248
8131 2 2 0 1 426 5048 3100
8132 2 2 0 1 4356 5125 1732
8133 2 2 0 1 2561 6412 2910
8134 2 2 0 1 3422 6210 3421
8135 2 2 0 1 529 6980 2994
8136 2 2 0 1 720 6574 1256
8137 2 2 0 1 3385 5296 1963
8138 2 2 0 1 581 4433 3781
8139 2 2 0 1 463 4278 3516
8140 2 2 0 1 1457 4340 4002
8141 2 2 0 1 2939 4991 465
8142 2 2 0 1 3581 4092 1219
8143 2 2 0 1 2925 5056 1837
8144 2 2 0 1 4939 6495 2109
8145 2 2 0 1 3882 6249 733
8146 2 2 0 1 1304 5852 2942
8147 2 2 0 1 5309 5919 2394
8148 2 2 0 1 1167 5177 3662
8149 2 2 0 1 4970 6301 2758
8150 2 2 0 1 5154 6338 1052
8151 2 2 0 1 5677 6199 2158
8152 2 2 0 1 803 6199 5677
8153 2 2 0 1 3616 6518 1095
8154 2 2 0 1 2926 6530 2083
8155 2 2 0 1 3477 5534 1234
8156 2 2 0 1 2924 3053 1110
8157 2 2 0 1 1465 5316 4133
8158 2 2 0 1 2397 5210 4422
8159 2 2 0 1 4422 5210 1229
8160 2 2 0 1 617 4036 3708
8161 2 2 0 1 3708 4036 1583
8162 2 2 0 1 2865 5557 1538
8163 2 2 0 1 600 4905 4499
8164 2 2 0 1 1046 5042 2930
8165 2 2 0 1 552 4292 3349
8166 2 2 0 1 3267 4375 1779
8167 2 2 0 1 3489 5612 2344
8168 2 2 0 1 3320 5886 2300
8169 2 2 0 1 1460 6334 5192
8170 2 2 0 1 1520 4880 2981
8171 2 2 0 1 4142 6652 1324
8172 2 2 0 1 3704 4218 1319
8173 2 2 0 1 1852 5819 5581
8174 2 2 0 1 2889 6527 5008
8175 2 2 0 1 2191 6781 5643
8176 2 2 0 1 1096 4578 3125
8177 2 2 0 1 1752 5768 3145
8178 2 2 0 1 3145 5768 555
8179 2 2 0 1 2925 6512 576
8180 2 2 0 1 1837 6512 2925
8181 2 2 0 1 204 6066 2881
8182 2 2 0 1 3220 6749 497
8183 2 2 0 1 1712 6844 2976
8184 2 2 0 1 3928 4032 1446
8185 2 2 0 1 2925 6502 871
8186 2 2 0 1 2869 5833 870
8187 2 2 0 1 1687 6618 4277
8188 2 2 0 1 3323 5204 207
8189 2 2 0 1 1638 5204 3323
8190 2 2 0 1 3113 5391 2659
8191 2 2 0 1 3693 6423 394
8192 2 2 0 1 1858 6336 2861
8193 2 2 0 1 3921 6073 1792
8194 2 2 0 1 1008 6091 3121
8195 2 2 0 1 2941 5007 886
8196 2 2 0 1 2903 6809 1356
8197 2 2 0 1 3413 6959 506
8198 2 2 0 1 3949 6224 2617
8199 2 2 0 1 793 5803 3530
8200 2 2 0 1 3530 5803 2188
8201 2 2 0 1 3900 4744 1938
8202 2 2 0 1 3141 5490 1655
8203 2 2 0 1 800 5490 3141
8204 2 2 0 1 4038 4906 1866
8205 2 2 0 1 2170 6884 4888
8206 2 2 0 1 3702 4144 527
8207 2 2 0 1 1431 4144 3702
8208 2 2 0 1 4467 4580 1771
8209 2 2 0 1 1612 4700 3069
8210 2 2 0 1 4448 5785 683
8211 2 2 0 1 1489 3946 3945
8212 2 2 0 1 3945 3946 1380
8213 2 2 0 1 2872 6972 1674
8214 2 2 0 1 1352 4410 3521
8215 2 2 0 1 1339 4454 4009
8216 2 2 0 1 410 5230 2907
8217 2 2 0 1 552 3914 3866
8218 2 2 0 1 3404 4277 457
8219 2 2 0 1 1547 4418 4352
8220 2 2 0 1 1652 6113 2892
8221 2 2 0 1 371 5447 3917
8222 2 2 0 1 1730 5645 5519
8223 2 2 0 1 492 4260 3586
8224 2 2 0 1 577 6266 2962
8225 2 2 0 1 511 4146 3902
8226 2 2 0 1 2731 5597 937
8227 2 2 0 1 3968 3969 1407
8228 2 2 0 1 1466 3969 3968
8229 2 2 0 1 3786 3967 1408
8230 2 2 0 1 3967 3969 567
8231 2 2 0 1 6860 6879 2112
8232 2 2 0 1 3058 4742 1412
8233 2 2 0 1 3097 5274 1571
8234 2 2 0 1 880 5274 3097
8235 2 2 0 1 2894 6168 1861
8236 2 2 0 1 234 6369 4143
8237 2 2 0 1 1575 6406 3131
8238 2 2 0 1 3180 4927 1325
8239 2 2 0 1 1394 5500 3518
8240 2 2 0 1 1179 5533 4277
8241 2 2 0 1 4425 5953 2895
8242 2 2 0 1 2962 5809 871
8243 2 2 0 1 381 5353 2897
8244 2 2 0 1 2940 6316 245
8245 2 2 0 1 1015 5221 3153
8246 2 2 0 1 2989 6255 882
8247 2 2 0 1 2308 5321 3049
8248 2 2 0 1 2154 6888 3818
8249 2 2 0 1 2056 5896 4424
8250 2 2 0 1 545 5397 4176
8251 2 2 0 1 1324 4046 3712
8252 2 2 0 1 2359 6700 4488
8253 2 2 0 1 3385 6869 492
8254 2 2 0 1 3497 6798 4306
8255 2 2 0 1 3627 5099 1592
8256 2 2 0 1 271 4475 3418
8257 2 2 0 1 2171 5682 4675
8258 2 2 0 1 4318 5992 1099
8259 2 2 0 1 4097 5124 799
8260 2 2 0 1 1911 6563 3270
8261 2 2 0 1 587 5730 3036
8262 2 2 0 1 940 4502 3257
8263 2 2 0 1 3257 4502 1578
8264 2 2 0 1 1231 4161 3551
8265 2 2 0 1 73 4512 72
8266 2 2 0 1 1723 5851 5663
8267 2 2 0 1 1002 5333 2903
8268 2 2 0 1 737 5945 4570
8269 2 2 0 1 5097 6831 2470
8270 2 2 0 1 3482 6783 5634
8271 2 2 0 1 3895 5883 834
8272 2 2 0 1 2074 5883 3895
8273 2 2 0 1 5639 6319 2230
8274 2 2 0 1 5161 5780 2383
8275 2 2 0 1 3130 6197 1842
8276 2 2 0 1 1074 6197 3130
8277 2 2 0 1 1773 5171 5095
8278 2 2 0 1 5828 6575 1753
8279 2 2 0 1 4184 6762 571
8280 2 2 0 1 3991 6179 2181
8281 2 2 0 1 1289 6968 3411
8282 2 2 0 1 6760 6762 4184
8283 2 2 0 1 597 6580 3503
8284 2 2 0 1 4088 4482 1817
8285 2 2 0 1 3165 5563 2479
8286 2 2 0 1 1736 6872 2963
8287 2 2 0 1 3013 6502 1863
8288 2 2 0 1 871 6502 3013
8289 2 2 0 1 3251 4603 1398
8290 2 2 0 1 1039 4603 3251
8291 2 2 0 1 1819 6682 3631
8292 2 2 0 1 2913 6246 1058
8293 2 2 0 1 1965 3745 198
8294 2 2 0 1 4423 4710 1600
8295 2 2 0 1 1374 4024 3748
8296 2 2 0 1 4455 5495 2136
8297 2 2 0 1 1699 5495 4455
8298 2 2 0 1 2466 6024 4136
8299 2 2 0 1 1304 5431 3050
8300 2 2 0 1 5519 5645 2614
8301 2 2 0 1 55 4559 54
8302 2 2 0 1 113 4560 112
8303 2 2 0 1 3096 6221 1835
8304 2 2 0 1 386 6221 3096
8305 2 2 0 1 3543 6414 969
8306 2 2 0 1 1794 4003 3782
8307 2 2 0 1 2909 6941 388
8308 2 2 0 1 1266 5660 2955
8309 2 2 0 1 1345 4084 3672
8310 2 2 0 1 2887 5679 77
8311 2 2 0 1 1089 6572 2949
8312 2 2 0 1 1328 5245 3805
8313 2 2 0 1 3967 4254 1408
8314 2 2 0 1 522 5536 2892
8315 2 2 0 1 957 6735 2952
8316 2 2 0 1 1438 5027 3875
8317 2 2 0 1 3552 4220 1343
8318 2 2 0 1 329 5706 2888
8319 2 2 0 1 277 4524 3946
8320 2 2 0 1 185 4023 3762
8321 2 2 0 1 146 6026 4187
8322 2 2 0 1 4724 5913 457
8323 2 2 0 1 1419 4653 3271
8324 2 2 0 1 2411 6777 4073
8325 2 2 0 1 4073 6777 224
8326 2 2 0 1 2033 6976 4718
8327 2 2 0 1 3420 5986 1892
8328 2 2 0 1 305 5986 3420
8329 2 2 0 1 2892 6113 522
8330 2 2 0 1 3137 5431 1304
8331 2 2 0 1 2904 6267 1729
8332 2 2 0 1 1149 4807 3049
8333 2 2 0 1 4026 6298 1084
8334 2 2 0 1 1709 5676 5034
8335 2 2 0 1 2944 5967 1526
8336 2 2 0 1 4754 5103 1974
8337 2 2 0 1 1199 6184 3570
8338 2 2 0 1 2505 5622 927
8339 2 2 0 1 3234 5869 914
8340 2 2 0 1 991 6439 3215
8341 2 2 0 1 656 6060 3402
8342 2 2 0 1 3788 4061 1409
8343 2 2 0 1 3585 4792 313
8344 2 2 0 1 626 6253 5214
8345 2 2 0 1 3297 4944 915
8346 2 2 0 1 2198 6484 2939
8347 2 2 0 1 1186 6069 5387
8348 2 2 0 1 2995 4967 1791
8349 2 2 0 1 4033 5615 1237
8350 2 2 0 1 1257 4497 3237
8351 2 2 0 1 3699 4777 145
8352 2 2 0 1 1619 4777 3699
8353 2 2 0 1 5111 6693 995
8354 2 2 0 1 4255 6032 2722
8355 2 2 0 1 741 4324 3479
8356 2 2 0 1 3479 4324 1599
8357 2 2 0 1 1622 5457 5174
8358 2 2 0 1 107 4636 106
8359 2 2 0 1 2966 6604 1178
8360 2 2 0 1 3083 4951 402
8361 2 2 0 1 685 5284 3336
8362 2 2 0 1 3336 5284 1649
8363 2 2 0 1 3824 6764 784
8364 2 2 0 1 2090 6918 3354
8365 2 2 0 1 3069 4793 1612
8366 2 2 0 1 683 4289 3460
8367 2 2 0 1 1352 3521 3520
8368 2 2 0 1 3258 6212 1889
8369 2 2 0 1 354 6212 3258
8370 2 2 0 1 846 5949 5774
8371 2 2 0 1 2910 6054 312
8372 2 2 0 1 593 4224 3856
8373 2 2 0 1 1341 5717 2358
8374 2 2 0 1 1693 6154 5250
8375 2 2 0 1 3157 5626 206
8376 2 2 0 1 2900 6750 573
8377 2 2 0 1 1367 4678 3023
8378 2 2 0 1 3407 4695 1589
8379 2 2 0 1 3366 6360 907
8380 2 2 0 1 100 5567 99
8381 2 2 0 1 721 6179 3913
8382 2 2 0 1 3572 4596 1033
8383 2 2 0 1 1519 4596 3572
8384 2 2 0 1 3160 5065 2936
8385 2 2 0 1 1484 4141 4111
8386 2 2 0 1 1091 6909 4749
8387 2 2 0 1 72 4512 3253
8388 2 2 0 1 3884 6540 4876
8389 2 2 0 1 311 5943 3236
8390 2 2 0 1 2063 6806 3442
8391 2 2 0 1 2640 5149 3231
8392 2 2 0 1 2973 6664 2142
8393 2 2 0 1 1596 4630 3816
8394 2 2 0 1 3971 4061 1342
8395 2 2 0 1 430 6101 2906
8396 2 2 0 1 649 5845 2903
8397 2 2 0 1 427 4438 3315
8398 2 2 0 1 4466 4667 1171
8399 2 2 0 1 2978 5084 386
8400 2 2 0 1 267 4457 3302
8401 2 2 0 1 4517 5308 1501
8402 2 2 0 1 995 5261 2940
8403 2 2 0 1 949 6471 4387
8404 2 2 0 1 3327 4733 1823
8405 2 2 0 1 2939 5282 887
8406 2 2 0 1 121 4428 120
8407 2 2 0 1 47 4429 46
8408 2 2 0 1 1642 5528 5203
8409 2 2 0 1 504 5242 4220
8410 2 2 0 1 4220 5242 1925
8411 2 2 0 1 3209 4589 766
8412 2 2 0 1 1031 6696 3857
8413 2 2 0 1 4718 6976 2773
8414 2 2 0 1 1033 4596 3205
8415 2 2 0 1 2907 6279 410
8416 2 2 0 1 1320 5375 3665
8417 2 2 0 1 3680 4133 1332
8418 2 2 0 1 3835 5468 267
8419 2 2 0 1 3238 5018 1536
8420 2 2 0 1 983 5018 3238
8421 2 2 0 1 2223 5992 4318
8422 2 2 0 1 4566 5377 1893
8423 2 2 0 1 2833 6808 4759
8424 2 2 0 1 4319 6129 290
8425 2 2 0 1 5414 6627 365
8426 2 2 0 1 4232 5016 557
8427 2 2 0 1 2744 5627 3350
8428 2 2 0 1 1772 5204 4440
8429 2 2 0 1 4393 5620 1410
8430 2 2 0 1 6043 6337 2155
8431 2 2 0 1 1161 4538 3445
8432 2 2 0 1 2449 6712 5966
8433 2 2 0 1 3664 6558 1308
8434 2 2 0 1 1348 4747 3261
8435 2 2 0 1 4271 4581 550
8436 2 2 0 1 2774 4581 4271
8437 2 2 0 1 4021 4308 588
8438 2 2 0 1 2663 6423 5942
8439 2 2 0 1 3000 6260 1366
8440 2 2 0 1 198 2423 1965
8441 2 2 0 1 2373 6095 3452
8442 2 2 0 1 1949 3988 3987
8443 2 2 0 1 3987 3988 2102
8444 2 2 0 1 4647 4810 1892
8445 2 2 0 1 3789 6185 756
8446 2 2 0 1 3996 6666 615
8447 2 2 0 1 3212 4881 1349
8448 2 2 0 1 465 6515 2939
8449 2 2 0 1 3618 6023 1763
8450 2 2 0 1 3687 4969 1956
8451 2 2 0 1 2338 6526 4156
8452 2 2 0 1 4156 6526 1314
8453 2 2 0 1 4268 5580 1695
8454 2 2 0 1 1255 6831 5097
8455 2 2 0 1 5774 5949 2798
8456 2 2 0 1 1759 4465 4086
8457 2 2 0 1 1299 4442 3970
8458 2 2 0 1 452 5539 3310
8459 2 2 0 1 3310 5539 1714
8460 2 2 0 1 1384 4546 3310
8461 2 2 0 1 3310 4546 452
8462 2 2 0 1 4722 6704 358
8463 2 2 0 1 2742 6704 4722
8464 2 2 0 1 3117 6843 1632
8465 2 2 0 1 3227 4990 1786
8466 2 2 0 1 655 4853 3153
8467 2 2 0 1 2915 6819 1100
8468 2 2 0 1 3932 5245 1328
8469 2 2 0 1 2914 5778 411
8470 2 2 0 1 217 5148 3915
8471 2 2 0 1 3915 5148 1886
8472 2 2 0 1 3487 6654 2429
8473 2 2 0 1 726 5194 3025
8474 2 2 0 1 1748 6376 2932
8475 2 2 0 1 3245 4554 1485
8476 2 2 0 1 596 6524 4471
8477 2 2 0 1 3182 6342 3540
8478 2 2 0 1 2349 6949 3026
8479 2 2 0 1 3336 4617 685
8480 2 2 0 1 1342 4061 3788
8481 2 2 0 1 1281 6017 5887
8482 2 2 0 1 1424 6316 2940
8483 2 2 0 1 442 6653 4566
8484 2 2 0 1 3638 5624 1844
8485 2 2 0 1 764 5624 3638
8486 2 2 0 1 630 5669 3611
8487 2 2 0 1 2043 5635 3589
8488 2 2 0 1 2927 6090 1017
8489 2 2 0 1 1610 6121 2974
8490 2 2 0 1 1576 5962 5164
8491 2 2 0 1 5038 6689 1968
8492 2 2 0 1 3410 6562 1911
8493 2 2 0 1 839 6126 3278
8494 2 2 0 1 3279 6126 839
8495 2 2 0 1 3436 5979 948
8496 2 2 0 1 1371 6327 4200
8497 2 2 0 1 602 5531 4376
8498 2 2 0 1 2246 5221 4043
8499 2 2 0 1 2246 6764 5221
8500 2 2 0 1 833 6473 5480
8501 2 2 0 1 1408 4204 3787
8502 2 2 0 1 2092 6249 3882
8503 2 2 0 1 654 6097 4483
8504 2 2 0 1 1476 4125 4011
8505 2 2 0 1 3005 5055 681
8506 2 2 0 1 4400 4908 1396
8507 2 2 0 1 39 4486 3401
8508 2 2 0 1 3400 4485 128
8509 2 2 0 1 5992 6135 1099
8510 2 2 0 1 2263 6341 4087
8511 2 2 0 1 766 6228 4637
8512 2 2 0 1 91 5225 3532
8513 2 2 0 1 1267 5222 2969
8514 2 2 0 1 2145 6523 4381
8515 2 2 0 1 4222 6327 1371
8516 2 2 0 1 1697 4403 4295
8517 2 2 0 1 4295 4403 1410
8518 2 2 0 1 3401 4486 1391
8519 2 2 0 1 1390 4485 3400
8520 2 2 0 1 4418 4827 524
8521 2 2 0 1 4901 6839 768
8522 2 2 0 1 5804 6220 2380
8523 2 2 0 1 1197 6191 5193
8524 2 2 0 1 5193 6191 1970
8525 2 2 0 1 5585 6971 3466
8526 2 2 0 1 81 4809 80
8527 2 2 0 1 1441 4017 3896
8528 2 2 0 1 5785 6420 683
8529 2 2 0 1 3562 6681 2135
8530 2 2 0 1 849 6681 3562
8531 2 2 0 1 3120 5834 1663
8532 2 2 0 1 2922 5948 1740
8533 2 2 0 1 2795 6865 3390
8534 2 2 0 1 4294 6089 1384
8535 2 2 0 1 3391 6791 1138
8536 2 2 0 1 4163 6721 1988
8537 2 2 0 1 538 4078 3788
8538 2 2 0 1 47 5680 4429
8539 2 2 0 1 4428 5681 120
8540 2 2 0 1 444 5222 3344
8541 2 2 0 1 3081 3082 1165
8542 2 2 0 1 554 6867 4447
8543 2 2 0 1 1931 6398 2960
8544 2 2 0 1 3668 5405 2657
8545 2 2 0 1 2656 5406 3667
8546 2 2 0 1 2931 6027 1048
8547 2 2 0 1 3354 6918 951
8548 2 2 0 1 3825 4707 1847
8549 2 2 0 1 1116 5244 313
8550 2 2 0 1 3050 5852 1304
8551 2 2 0 1 469 5119 3045
8552 2 2 0 1 3822 4064 1149
8553 2 2 0 1 1095 4176 3699
8554 2 2 0 1 3699 4176 1619
8555 2 2 0 1 993 6917 3458
8556 2 2 0 1 1572 4825 4072
8557 2 2 0 1 1829 6623 4551
8558 2 2 0 1 4551 6623 2593
8559 2 2 0 1 1479 6257 2929
8560 2 2 0 1 771 6664 5392
8561 2 2 0 1 1061 4946 4841
8562 2 2 0 1 1936 6196 3443
8563 2 2 0 1 3443 6196 1238
8564 2 2 0 1 3352 4466 1171
8565 2 2 0 1 21 4110 22
8566 2 2 0 1 1725 4427 3395
8567 2 2 0 1 2337 5440 1359
8568 2 2 0 1 1877 4878 3662
8569 2 2 0 1 2928 5916 395
8570 2 2 0 1 399 6299 2951
8571 2 2 0 1 3737 4141 1484
8572 2 2 0 1 3542 4337 812
8573 2 2 0 1 4170 4488 890
8574 2 2 0 1 3630 4232 557
8575 2 2 0 1 407 4791 3131
8576 2 2 0 1 3366 4456 258
8577 2 2 0 1 4018 4075 1815
8578 2 2 0 1 821 4075 4018
8579 2 2 0 1 4824 5939 2290
8580 2 2 0 1 1855 5743 3556
8581 2 2 0 1 3556 5743 1032
8582 2 2 0 1 447 6695 3656
8583 2 2 0 1 3656 6695 2168
8584 2 2 0 1 5425 6801 1865
8585 2 2 0 1 1183 4402 3430
8586 2 2 0 1 2228 6874 3026
8587 2 2 0 1 1289 5601 2935
8588 2 2 0 1 4042 5300 1787
8589 2 2 0 1 547 5899 3119
8590 2 2 0 1 4172 5302 1176
8591 2 2 0 1 5031 6451 1718
8592 2 2 0 1 2931 5805 2065
8593 2 2 0 1 3129 4804 544
8594 2 2 0 1 1017 4398 3540
8595 2 2 0 1 3153 4773 655
8596 2 2 0 1 1642 5203 2992
8597 2 2 0 1 488 984 678
8598 2 2 0 1 3602 4262 1346
8599 2 2 0 1 849 6950 5058
8600 2 2 0 1 653 4810 4647
8601 2 2 0 1 3544 4300 172
8602 2 2 0 1 3127 5141 1847
8603 2 2 0 1 2968 6052 867
8604 2 2 0 1 1715 6052 2968
8605 2 2 0 1 1447 4032 3928
8606 2 2 0 1 5367 5875 3897
8607 2 2 0 1 3951 5177 1167
8608 2 2 0 1 5306 6326 2411
8609 2 2 0 1 704 5391 3113
8610 2 2 0 1 304 6594 6003
8611 2 2 0 1 867 6426 2968
8612 2 2 0 1 5177 5255 660
8613 2 2 0 1 3030 6870 369
8614 2 2 0 1 412 6837 2941
8615 2 2 0 1 2431 6084 2941
8616 2 2 0 1 1093 5836 3855
8617 2 2 0 1 3855 5836 2008
8618 2 2 0 1 745 5998 5525
8619 2 2 0 1 3721 5075 1014
8620 2 2 0 1 144 6862 2952
8621 2 2 0 1 1098 5138 3173
8622 2 2 0 1 3802 6753 410
8623 2 2 0 1 3014 6766 1126
8624 2 2 0 1 795 5805 3347
8625 2 2 0 1 718 6685 5904
8626 2 2 0 1 3930 4252 1246
8627 2 2 0 1 3059 5168 1803
8628 2 2 0 1 3028 5104 541
8629 2 2 0 1 3521 4410 1713
8630 2 2 0 1 4614 6006 4225
8631 2 2 0 1 3380 5126 1570
8632 2 2 0 1 1300 4707 3825
8633 2 2 0 1 1338 4085 3986
8634 2 2 0 1 1362 4195 3715
8635 2 2 0 1 965 6940 3023
8636 2 2 0 1 5740 6461 2093
8637 2 2 0 1 4307 4441 1509
8638 2 2 0 1 4143 6369 2585
8639 2 2 0 1 2969 6105 2521
8640 2 2 0 1 2954 5496 191
8641 2 2 0 1 1852 6142 5819
8642 2 2 0 1 17 5356 18
8643 2 2 0 1 3531 6674 4720
8644 2 2 0 1 3807 5666 997
8645 2 2 0 1 4811 5699 1388
8646 2 2 0 1 1397 4573 3473
8647 2 2 0 1 1520 4323 3535
8648 2 2 0 1 5280 5407 207
8649 2 2 0 1 2396 5407 5280
8650 2 2 0 1 2299 6408 4298
8651 2 2 0 1 951 4514 3354
8652 2 2 0 1 790 6856 4405
8653 2 2 0 1 1485 4060 4021
8654 2 2 0 1 4021 4060 1468
8655 2 2 0 1 5266 5799 2000
8656 2 2 0 1 5163 5710 1097
8657 2 2 0 1 3940 4066 1448
8658 2 2 0 1 1902 4230 3791
8659 2 2 0 1 3532 5225 1716
8660 2 2 0 1 4590 6589 1642
8661 2 2 0 1 19 6661 3023
8662 2 2 0 1 3751 4658 1583
8663 2 2 0 1 1312 4658 3751
8664 2 2 0 1 3847 4922 1617
8665 2 2 0 1 951 6918 3030
8666 2 2 0 1 3900 4236 567
8667 2 2 0 1 1415 4381 3915
8668 2 2 0 1 6371 6501 4185
8669 2 2 0 1 1349 6098 2954
8670 2 2 0 1 1513 4274 4072
8671 2 2 0 1 4072 4274 1572
8672 2 2 0 1 4244 4524 277
8673 2 2 0 1 4112 4895 586
8674 2 2 0 1 2140 6001 5821
8675 2 2 0 1 3224 4689 1247
8676 2 2 0 1 3421 6209 3423
8677 2 2 0 1 5623 6471 949
8678 2 2 0 1 3579 5007 1486
8679 2 2 0 1 1941 5392 2973
8680 2 2 0 1 3019 5171 562
8681 2 2 0 1 3321 4952 1064
8682 2 2 0 1 2172 6214 5230
8683 2 2 0 1 3272 4639 230
8684 2 2 0 1 3696 5255 1748
8685 2 2 0 1 660 5255 3696
8686 2 2 0 1 3411 6968 1042
8687 2 2 0 1 3108 5684 920
8688 2 2 0 1 661 6727 2150
8689 2 2 0 1 1159 4462 4097
8690 2 2 0 1 4097 4462 1868
8691 2 2 0 1 1283 6174 3143
8692 2 2 0 1 1552 4353 4244
8693 2 2 0 1 4244 4353 1645
8694 2 2 0 1 178 2565 1869
8695 2 2 0 1 5085 6022 1270
8696 2 2 0 1 146 5092 1881
8697 2 2 0 1 5426 5889 743
8698 2 2 0 1 3015 6705 1086
8699 2 2 0 1 1384 6089 4546
8700 2 2 0 1 1234 4417 3470
8701 2 2 0 1 2019 5766 4269
8702 2 2 0 1 642 5017 5004
8703 2 2 0 1 1806 6018 2957
8704 2 2 0 1 1148 4255 3681
8705 2 2 0 1 3005 5434 1009
8706 2 2 0 1 3394 5822 1811
8707 2 2 0 1 200 5822 3394
8708 2 2 0 1 2386 4503 3505
8709 2 2 0 1 3506 4504 2387
8710 2 2 0 1 4594 5510 1398
8711 2 2 0 1 2126 5786 5248
8712 2 2 0 1 4158 6729 2209
8713 2 2 0 1 1924 6228 3435
8714 2 2 0 1 3435 6228 766
8715 2 2 0 1 4209 6840 1372
8716 2 2 0 1 2958 6380 1807
8717 2 2 0 1 684 5831 3416
8718 2 2 0 1 3416 5831 1817
8719 2 2 0 1 2258 5150 3433
8720 2 2 0 1 4976 6055 606
8721 2 2 0 1 3434 5112 967
8722 2 2 0 1 1034 4066 3940
8723 2 2 0 1 3025 5194 1404
8724 2 2 0 1 2071 5279 4618
8725 2 2 0 1 728 5941 5326
8726 2 2 0 1 3231 4703 902
8727 2 2 0 1 1298 4357 3545
8728 2 2 0 1 4403 6055 1410
8729 2 2 0 1 1756 6160 5938
8730 2 2 0 1 4736 6614 845
8731 2 2 0 1 2978 6335 1139
8732 2 2 0 1 1903 5595 3853
8733 2 2 0 1 2174 4225 2878
8734 2 2 0 1 2144 6855 6746
8735 2 2 0 1 1969 4694 3494
8736 2 2 0 1 196 6312 3311
8737 2 2 0 1 1382 4509 3562
8738 2 2 0 1 708 6806 6365
8739 2 2 0 1 4512 6233 2262
8740 2 2 0 1 175 4755 3739
8741 2 2 0 1 3444 6310 2615
8742 2 2 0 1 3183 4941 1389
8743 2 2 0 1 6625 6692 1958
8744 2 2 0 1 2965 6638 827
8745 2 2 0 1 1378 6060 5991
8746 2 2 0 1 4298 6408 1128
8747 2 2 0 1 3618 5605 2190
8748 2 2 0 1 1036 6419 3652
8749 2 2 0 1 566 4665 3441
8750 2 2 0 1 4835 6946 2529
8751 2 2 0 1 1334 5385 3646
8752 2 2 0 1 325 5272 5254
8753 2 2 0 1 983 5911 2964
8754 2 2 0 1 4515 5032 958
8755 2 2 0 1 622 5841 4638
8756 2 2 0 1 1863 6617 3013
8757 2 2 0 1 4918 5983 1983
8758 2 2 0 1 3061 5087 892
8759 2 2 0 1 133 4633 132
8760 2 2 0 1 35 4634 34
8761 2 2 0 1 668 5969 3768
8762 2 2 0 1 607 6444 4977
8763 2 2 0 1 3301 4643 1194
8764 2 2 0 1 3602 4322 575
8765 2 2 0 1 1751 6565 3034
8766 2 2 0 1 4535 6332 2867
8767 2 2 0 1 4228 5037 1490
8768 2 2 0 1 4173 4439 1586
8769 2 2 0 1 3149 6938 3773
8770 2 2 0 1 1699 5623 5495
8771 2 2 0 1 1834 6291 3021
8772 2 2 0 1 4722 5324 2347
8773 2 2 0 1 1485 4554 3610
8774 2 2 0 1 3610 4554 165
8775 2 2 0 1 6444 6858 4977
8776 2 2 0 1 444 6009 2969
8777 2 2 0 1 3923 4309 1436
8778 2 2 0 1 3034 6749 1292
8779 2 2 0 1 2184 6491 3003
8780 2 2 0 1 3442 6806 1553
8781 2 2 0 1 4183 5232 1518
8782 2 2 0 1 4117 5678 2809
8783 2 2 0 1 3796 4193 2330
8784 2 2 0 1 5174 5457 830
8785 2 2 0 1 1642 6589 5529
8786 2 2 0 1 3787 4204 275
8787 2 2 0 1 2493 6230 3916
8788 2 2 0 1 1389 6813 3015
8789 2 2 0 1 3540 4398 1679
8790 2 2 0 1 3650 4371 594
8791 2 2 0 1 864 5103 4754
8792 2 2 0 1 3424 6150 259
8793 2 2 0 1 1357 4617 3336
8794 2 2 0 1 974 4815 3197
8795 2 2 0 1 3031 6720 2091
8796 2 2 0 1 1281 5887 4083
8797 2 2 0 1 679 4822 3343
8798 2 2 0 1 546 5596 2980
8799 2 2 0 1 1792 4938 3690
8800 2 2 0 1 2976 6213 1712
8801 2 2 0 1 428 6924 3058
8802 2 2 0 1 3006 6498 589
8803 2 2 0 1 3194 4832 1547
8804 2 2 0 1 1435 4364 3941
8805 2 2 0 1 1645 5086 4461
8806 2 2 0 1 243 4758 483
8807 2 2 0 1 3775 4567 246
8808 2 2 0 1 3441 4508 566
8809 2 2 0 1 1210 6488 3916
8810 2 2 0 1 3672 5437 1345
8811 2 2 0 1 1649 4303 3666
8812 2 2 0 1 318 6400 3001
8813 2 2 0 1 3090 5074 1720
8814 2 2 0 1 2972 6143 894
8815 2 2 0 1 3200 5163 1097
8816 2 2 0 1 1910 6360 3366
8817 2 2 0 1 3740 5607 709
8818 2 2 0 1 553 5901 3176
8819 2 2 0 1 1240 4600 3364
8820 2 2 0 1 532 4464 3950
8821 2 2 0 1 3605 4635 767
8822 2 2 0 1 1836 4635 3605
8823 2 2 0 1 3761 4973 1916
8824 2 2 0 1 401 4973 3761
8825 2 2 0 1 1349 5816 3212
8826 2 2 0 1 4391 4980 460
8827 2 2 0 1 1967 5145 3064
8828 2 2 0 1 1373 6255 2989
8829 2 2 0 1 3005 6440 1478
8830 2 2 0 1 4303 5268 354
8831 2 2 0 1 295 5130 3182
8832 2 2 0 1 1478 5434 3005
8833 2 2 0 1 3369 4604 1253
8834 2 2 0 1 3902 4146 1399
8835 2 2 0 1 3630 4395 1435
8836 2 2 0 1 557 4395 3630
8837 2 2 0 1 3666 6135 570
8838 2 2 0 1 1864 6077 4778
8839 2 2 0 1 2790 6197 4100
8840 2 2 0 1 2988 6171 2132
8841 2 2 0 1 3800 5679 1180
8842 2 2 0 1 19 4678 20
8843 2 2 0 1 2987 5642 1947
8844 2 2 0 1 3048 5223 276
8845 2 2 0 1 1000 5956 2979
8846 2 2 0 1 3811 4874 1473
8847 2 2 0 1 385 5588 3012
8848 2 2 0 1 2098 5271 3038
8849 2 2 0 1 4858 6379 189
8850 2 2 0 1 2625 6379 4858
8851 2 2 0 1 1172 6371 4185
8852 2 2 0 1 5044 5097 2470
8853 2 2 0 1 933 5107 2358
8854 2 2 0 1 3541 4426 1220
8855 2 2 0 1 1568 5152 3070
8856 2 2 0 1 3791 4230 312
8857 2 2 0 1 3461 5770 1094
8858 2 2 0 1 4699 6257 1389
8859 2 2 0 1 3426 5352 2975
8860 2 2 0 1 1171 4667 3334
8861 2 2 0 1 1436 6779 3105
8862 2 2 0 1 1481 5011 3206
8863 2 2 0 1 3206 5011 472
8864 2 2 0 1 1775 4780 4553
8865 2 2 0 1 4344 6145 3308
8866 2 2 0 1 1536 5355 3092
8867 2 2 0 1 3092 5355 916
8868 2 2 0 1 553 4384 3594
8869 2 2 0 1 4527 6174 1283
8870 2 2 0 1 4537 5338 1728
8871 2 2 0 1 1437 4164 3891
8872 2 2 0 1 1264 4285 3784
8873 2 2 0 1 3784 4285 1458
8874 2 2 0 1 1792 6073 5251
8875 2 2 0 1 3106 6629 1511
8876 2 2 0 1 5677 6394 3760
8877 2 2 0 1 4404 5325 1652
8878 2 2 0 1 1711 4645 4159
8879 2 2 0 1 1422 6008 4354
8880 2 2 0 1 1067 5408 3608
8881 2 2 0 1 3044 5274 880
8882 2 2 0 1 1552 5629 4353
8883 2 2 0 1 3954 5065 281
8884 2 2 0 1 637 5467 3550
8885 2 2 0 1 1582 4433 4316
8886 2 2 0 1 1640 6340 2986
8887 2 2 0 1 2986 6395 1640
8888 2 2 0 1 599 5052 4133
8889 2 2 0 1 4293 6830 569
8890 2 2 0 1 6413 6966 353
8891 2 2 0 1 1787 5053 4042
8892 2 2 0 1 4042 5053 604
8893 2 2 0 1 1816 4733 3327
8894 2 2 0 1 1837 4988 3137
8895 2 2 0 1 1143 2162 521
8896 2 2 0 1 3228 4806 377
8897 2 2 0 1 2988 6464 710
8898 2 2 0 1 3368 5410 281
8899 2 2 0 1 1128 6408 3011
8900 2 2 0 1 737 6380 6021
8901 2 2 0 1 2484 5507 5403
8902 2 2 0 1 5403 5507 1561
8903 2 2 0 1 4505 6349 494
8904 2 2 0 1 1876 5666 3807
8905 2 2 0 1 5279 5727 357
8906 2 2 0 1 5681 6745 2820
8907 2 2 0 1 2821 6744 5680
8908 2 2 0 1 3070 6848 1793
8909 2 2 0 1 4945 6141 4049
8910 2 2 0 1 5663 5851 2410
8911 2 2 0 1 3662 5177 660
8912 2 2 0 1 619 4927 3180
8913 2 2 0 1 4313 6688 964
8914 2 2 0 1 1807 5180 4999
8915 2 2 0 1 3233 5278 1579
8916 2 2 0 1 479 5278 3233
8917 2 2 0 1 1660 4113 4112
8918 2 2 0 1 4112 4113 1347
8919 2 2 0 1 1811 4831 3394
8920 2 2 0 1 1860 4681 4314
8921 2 2 0 1 5552 5875 1653
8922 2 2 0 1 1414 5241 4177
8923 2 2 0 1 1891 4953 3232
8924 2 2 0 1 3025 6559 1697
8925 2 2 0 1 4933 6293 3908
8926 2 2 0 1 1433 6975 3332
8927 2 2 0 1 3332 6975 2069
8928 2 2 0 1 4011 4126 581
8929 2 2 0 1 1475 4126 4011
8930 2 2 0 1 1475 4127 4126
8931 2 2 0 1 4011 4125 1475
8932 2 2 0 1 4126 4127 1517
8933 2 2 0 1 3656 5703 2582
8934 2 2 0 1 3257 5263 348
8935 2 2 0 1 1578 5263 3257
8936 2 2 0 1 2767 5875 5552
8937 2 2 0 1 907 4881 3212
8938 2 2 0 1 1985 6770 5885
8939 2 2 0 1 1738 5067 3622
8940 2 2 0 1 855 6932 6139
8941 2 2 0 1 1235 4911 2029
8942 2 2 0 1 3383 5873 161
8943 2 2 0 1 1087 5474 3024
8944 2 2 0 1 3163 6266 577
8945 2 2 0 1 2947 6223 1993
8946 2 2 0 1 4341 6165 1888
8947 2 2 0 1 147 2346 937
8948 2 2 0 1 1493 4450 4321
8949 2 2 0 1 1776 5701 3834
8950 2 2 0 1 5486 6442 2315
8951 2 2 0 1 3270 6563 284
8952 2 2 0 1 344 6107 6025
8953 2 2 0 1 5120 6063 675
8954 2 2 0 1 3981 4636 1421
8955 2 2 0 1 3514 6019 4221
8956 2 2 0 1 938 4941 3183
8957 2 2 0 1 218 6359 3629
8958 2 2 0 1 1604 5625 3084
8959 2 2 0 1 3084 5625 876
8960 2 2 0 1 3099 5752 923
8961 2 2 0 1 988 5338 3636
8962 2 2 0 1 3636 5338 1729
8963 2 2 0 1 3398 5361 934
8964 2 2 0 1 3463 5641 2259
8965 2 2 0 1 4266 5182 1506
8966 2 2 0 1 1505 5181 4265
8967 2 2 0 1 1864 4773 3911
8968 2 2 0 1 4296 5259 1689
8969 2 2 0 1 4678 6486 20
8970 2 2 0 1 1675 4734 4031
8971 2 2 0 1 4031 4734 1447
8972 2 2 0 1 5377 6758 1893
8973 2 2 0 1 434 6815 3682
8974 2 2 0 1 4217 4446 1640
8975 2 2 0 1 536 4446 4217
8976 2 2 0 1 2297 5710 5163
8977 2 2 0 1 1623 5993 5457
8978 2 2 0 1 1487 4952 3321
8979 2 2 0 1 3954 5410 2355
8980 2 2 0 1 1927 5095 3857
8981 2 2 0 1 3857 5095 1031
8982 2 2 0 1 1264 4418 3620
8983 2 2 0 1 615 6666 5127
8984 2 2 0 1 4817 6722 3526
8985 2 2 0 1 3928 4374 1447
8986 2 2 0 1 3243 5139 947
8987 2 2 0 1 2398 6073 5758
8988 2 2 0 1 3496 4538 1884
8989 2 2 0 1 950 6213 5610
8990 2 2 0 1 5610 6213 2976
8991 2 2 0 1 1771 5654 3938
8992 2 2 0 1 4068 4260 492
8993 2 2 0 1 594 4371 3750
8994 2 2 0 1 4118 5229 1852
8995 2 2 0 1 1209 6283 3754
8996 2 2 0 1 3357 4710 1024
8997 2 2 0 1 5924 6414 1989
8998 2 2 0 1 551 5350 3157
8999 2 2 0 1 697 4840 4839
9000 2 2 0 1 3961 4837 1691
9001 2 2 0 1 338 4837 3961
9002 2 2 0 1 1462 5129 4027
9003 2 2 0 1 1627 4746 4302
9004 2 2 0 1 5450 6289 2171
9005 2 2 0 1 4145 6464 1669
9006 2 2 0 1 3023 6940 1367
9007 2 2 0 1 1204 4490 3555
9008 2 2 0 1 2776 6953 4735
9009 2 2 0 1 4735 6953 584
9010 2 2 0 1 671 6137 5655
9011 2 2 0 1 1695 6498 3006
9012 2 2 0 1 3505 4503 1354
9013 2 2 0 1 1355 4504 3506
9014 2 2 0 1 2209 6736 4158
9015 2 2 0 1 3899 4949 2026
9016 2 2 0 1 628 4949 3899
9017 2 2 0 1 3997 5819 2219
9018 2 2 0 1 2480 6614 4736
9019 2 2 0 1 90 4348 89
9020 2 2 0 1 5124 5368 1713
9021 2 2 0 1 1507 6674 3067
9022 2 2 0 1 3987 4312 1949
9023 2 2 0 1 1896 4511 4510
9024 2 2 0 1 4510 4511 1333
9025 2 2 0 1 791 5977 5837
9026 2 2 0 1 3807 5638 1876
9027 2 2 0 1 624 5638 3807
9028 2 2 0 1 616 6238 5519
9029 2 2 0 1 1479 4292 3866
9030 2 2 0 1 3866 4292 552
9031 2 2 0 1 1563 4634 3887
9032 2 2 0 1 3888 4633 1562
9033 2 2 0 1 3964 5282 1641
9034 2 2 0 1 1848 5749 3013
9035 2 2 0 1 339 5083 4229
9036 2 2 0 1 1626 5293 3128
9037 2 2 0 1 3129 5292 1625
9038 2 2 0 1 4974 6659 2342
9039 2 2 0 1 1606 4706 4247
9040 2 2 0 1 1938 4236 3900
9041 2 2 0 1 4159 4372 691
9042 2 2 0 1 1017 6090 3028
9043 2 2 0 1 2057 5781 5198
9044 2 2 0 1 4288 5299 1641
9045 2 2 0 1 695 5843 3011
9046 2 2 0 1 2414 4653 1419
9047 2 2 0 1 3174 5011 1481
9048 2 2 0 1 190 4772 3674
9049 2 2 0 1 3674 4772 1560
9050 2 2 0 1 1540 5574 4910
9051 2 2 0 1 1314 6351 3429
9052 2 2 0 1 1018 6354 3789
9053 2 2 0 1 2980 6136 3953
9054 2 2 0 1 3061 6600 602
9055 2 2 0 1 2035 6845 5962
9056 2 2 0 1 3457 4697 589
9057 2 2 0 1 3827 4453 1076
9058 2 2 0 1 3562 4509 849
9059 2 2 0 1 3550 5077 637
9060 2 2 0 1 1605 5077 3550
9061 2 2 0 1 3062 3501 912
9062 2 2 0 1 1374 4505 3842
9063 2 2 0 1 3233 4897 1032
9064 2 2 0 1 1429 4363 3724
9065 2 2 0 1 448 4934 3995
9066 2 2 0 1 1545 5184 4584
9067 2 2 0 1 1240 6349 3063
9068 2 2 0 1 3018 6013 915
9069 2 2 0 1 3045 5912 469
9070 2 2 0 1 1684 5912 3045
9071 2 2 0 1 3893 6967 397
9072 2 2 0 1 3132 6970 2042
9073 2 2 0 1 2775 5793 3803
9074 2 2 0 1 315 5157 859
9075 2 2 0 1 5896 5946 763
9076 2 2 0 1 1327 4445 3645
9077 2 2 0 1 3058 6924 1543
9078 2 2 0 1 1530 5264 4139
9079 2 2 0 1 1622 5174 3406
9080 2 2 0 1 4740 6249 2289
9081 2 2 0 1 1446 4467 3928
9082 2 2 0 1 3514 5556 756
9083 2 2 0 1 1082 4801 3508
9084 2 2 0 1 4377 5810 1092
9085 2 2 0 1 729 5766 5400
9086 2 2 0 1 2598 5920 3379
9087 2 2 0 1 3152 5112 1305
9088 2 2 0 1 4426 4484 1527
9089 2 2 0 1 2042 6970 4458
9090 2 2 0 1 3702 4392 1248
9091 2 2 0 1 1380 4238 3945
9092 2 2 0 1 2364 6022 5085
9093 2 2 0 1 5741 6120 1293
9094 2 2 0 1 3018 6120 5741
9095 2 2 0 1 3566 5427 1028
9096 2 2 0 1 1330 4479 3613
9097 2 2 0 1 63 6178 62
9098 2 2 0 1 3038 6289 672
9099 2 2 0 1 1515 5228 3167
9100 2 2 0 1 3167 5228 517
9101 2 2 0 1 1650 5260 4376
9102 2 2 0 1 1156 2257 2256
9103 2 2 0 1 3098 6134 1522
9104 2 2 0 1 4299 6557 1503
9105 2 2 0 1 4461 4588 557
9106 2 2 0 1 1755 4588 4461
9107 2 2 0 1 5655 6008 1422
9108 2 2 0 1 3442 5005 644
9109 2 2 0 1 1553 5005 3442
9110 2 2 0 1 3202 5017 1646
9111 2 2 0 1 5584 6259 1615
9112 2 2 0 1 3677 5486 2315
9113 2 2 0 1 5262 6854 1254
9114 2 2 0 1 3458 6260 453
9115 2 2 0 1 926 6225 3316
9116 2 2 0 1 3337 6339 913
9117 2 2 0 1 1949 4312 4058
9118 2 2 0 1 4189 4823 1671
9119 2 2 0 1 3097 6833 880
9120 2 2 0 1 180 4434 4138
9121 2 2 0 1 3750 4371 1435
9122 2 2 0 1 1881 3935 3056
9123 2 2 0 1 1608 5288 4730
9124 2 2 0 1 4730 5288 2066
9125 2 2 0 1 671 5655 4227
9126 2 2 0 1 3779 6234 957
9127 2 2 0 1 4691 5373 1995
9128 2 2 0 1 2564 6691 5248
9129 2 2 0 1 1456 6542 4903
9130 2 2 0 1 4286 6488 1210
9131 2 2 0 1 4979 6806 708
9132 2 2 0 1 3751 4487 556
9133 2 2 0 1 3905 4487 1442
9134 2 2 0 1 3390 4762 1021
9135 2 2 0 1 5825 6109 2110
9136 2 2 0 1 159 4707 3432
9137 2 2 0 1 4561 6792 888
9138 2 2 0 1 450 6963 4056
9139 2 2 0 1 1524 4476 3650
9140 2 2 0 1 5330 5464 2073
9141 2 2 0 1 6027 6166 2543
9142 2 2 0 1 4842 4918 1983
9143 2 2 0 1 667 4918 4842
9144 2 2 0 1 2179 6025 3033
9145 2 2 0 1 612 4690 4564
9146 2 2 0 1 186 6476 4628
9147 2 2 0 1 1245 5534 3477
9148 2 2 0 1 4103 4439 1472
9149 2 2 0 1 3992 4366 1428
9150 2 2 0 1 723 5099 3627
9151 2 2 0 1 3037 5814 453
9152 2 2 0 1 1741 5488 4146
9153 2 2 0 1 567 4254 3967
9154 2 2 0 1 3854 5211 451
9155 2 2 0 1 1658 4825 4519
9156 2 2 0 1 184 4352 3784
9157 2 2 0 1 3383 4203 1122
9158 2 2 0 1 5240 5652 1821
9159 2 2 0 1 1846 6236 3311
9160 2 2 0 1 3311 6236 901
9161 2 2 0 1 4434 4435 1438
9162 2 2 0 1 1892 4810 3420
9163 2 2 0 1 1305 5190 3152
9164 2 2 0 1 3037 5918 1236
9165 2 2 0 1 492 6869 4068
9166 2 2 0 1 1402 5079 3198
9167 2 2 0 1 6298 6942 1957
9168 2 2 0 1 3298 5637 409
9169 2 2 0 1 744 5565 3207
9170 2 2 0 1 3797 4349 1461
9171 2 2 0 1 1637 5724 4949
9172 2 2 0 1 3220 5003 957
9173 2 2 0 1 1609 5201 3912
9174 2 2 0 1 1248 4441 3703
9175 2 2 0 1 784 6330 3042
9176 2 2 0 1 1501 5646 3112
9177 2 2 0 1 1411 4564 3580
9178 2 2 0 1 3927 4475 271
9179 2 2 0 1 3045 5830 1781
9180 2 2 0 1 1435 4395 3750
9181 2 2 0 1 5341 5821 337
9182 2 2 0 1 3343 4822 1376
9183 2 2 0 1 1711 4958 4645
9184 2 2 0 1 2542 5420 4373
9185 2 2 0 1 1514 4432 3862
9186 2 2 0 1 3862 4432 1200
9187 2 2 0 1 703 4894 3299
9188 2 2 0 1 4273 5733 1941
9189 2 2 0 1 2040 6745 5681
9190 2 2 0 1 5680 6744 2041
9191 2 2 0 1 4714 5002 1538
9192 2 2 0 1 1961 5002 4714
9193 2 2 0 1 261 3881 976
9194 2 2 0 1 3311 6312 1846
9195 2 2 0 1 4032 4734 558
9196 2 2 0 1 916 6692 3092
9197 2 2 0 1 4350 6591 2500
9198 2 2 0 1 1775 4553 3836
9199 2 2 0 1 3041 6118 1898
9200 2 2 0 1 2331 5050 697
9201 2 2 0 1 1179 4407 3974
9202 2 2 0 1 3040 6164 901
9203 2 2 0 1 3206 5090 1105
9204 2 2 0 1 3153 5221 1322
9205 2 2 0 1 438 6431 5939
9206 2 2 0 1 567 4857 4254
9207 2 2 0 1 583 4937 3284
9208 2 2 0 1 512 5535 3077
9209 2 2 0 1 3607 4887 160
9210 2 2 0 1 1877 6807 4442
9211 2 2 0 1 2149 6715 5028
9212 2 2 0 1 254 6983 3059
9213 2 2 0 1 5005 5965 2096
9214 2 2 0 1 3332 5146 1433
9215 2 2 0 1 1424 5631 3266
9216 2 2 0 1 4429 5680 2041
9217 2 2 0 1 2040 5681 4428
9218 2 2 0 1 5666 6194 2353
9219 2 2 0 1 3171 6567 1646
9220 2 2 0 1 3179 5746 1635
9221 2 2 0 1 3676 6731 4767
9222 2 2 0 1 2566 5361 3398
9223 2 2 0 1 1847 6952 3127
9224 2 2 0 1 4461 5016 1645
9225 2 2 0 1 4555 6604 2476
9226 2 2 0 1 1178 6604 4555
9227 2 2 0 1 410 6753 4431
9228 2 2 0 1 4431 6753 2734
9229 2 2 0 1 3502 4923 1189
9230 2 2 0 1 3066 5639 1083
9231 2 2 0 1 5544 6277 813
9232 2 2 0 1 3409 4787 1102
9233 2 2 0 1 920 5684 3322
9234 2 2 0 1 5709 6085 2674
9235 2 2 0 1 973 6860 3111
9236 2 2 0 1 1142 5858 3052
9237 2 2 0 1 5144 6518 3616
9238 2 2 0 1 3431 4766 1019
9239 2 2 0 1 4901 6797 2439
9240 2 2 0 1 3052 6081 1142
9241 2 2 0 1 2671 6729 4158
9242 2 2 0 1 3112 6855 992
9243 2 2 0 1 643 5817 4492
9244 2 2 0 1 3458 6917 1366
9245 2 2 0 1 4430 5174 830
9246 2 2 0 1 5317 5843 695
9247 2 2 0 1 1192 5603 3077
9248 2 2 0 1 4784 6083 1364
9249 2 2 0 1 3726 4454 1339
9250 2 2 0 1 1534 5637 3298
9251 2 2 0 1 3105 6779 370
9252 2 2 0 1 5209 5619 1898
9253 2 2 0 1 1720 5863 3090
9254 2 2 0 1 1421 6253 4317
9255 2 2 0 1 4210 4808 1464
9256 2 2 0 1 3494 4694 632
9257 2 2 0 1 483 2496 2495
9258 2 2 0 1 1156 3554 1157
9259 2 2 0 1 2727 6500 4491
9260 2 2 0 1 1793 6428 3070
9261 2 2 0 1 3070 6428 425
9262 2 2 0 1 3676 5341 337
9263 2 2 0 1 1630 6083 4784
9264 2 2 0 1 3476 4931 1522
9265 2 2 0 1 997 4931 3476
9266 2 2 0 1 4058 4312 1628
9267 2 2 0 1 1940 4944 3297
9268 2 2 0 1 349 6714 3297
9269 2 2 0 1 3176 6986 553
9270 2 2 0 1 1643 4648 4315
9271 2 2 0 1 2454 6609 6173
9272 2 2 0 1 2553 5133 3309
9273 2 2 0 1 1932 6730 5755
9274 2 2 0 1 3341 4878 285
9275 2 2 0 1 512 4309 3923
9276 2 2 0 1 829 5458 4702
9277 2 2 0 1 5572 6487 2267
9278 2 2 0 1 384 5433 3107
9279 2 2 0 1 240 6359 1156
9280 2 2 0 1 229 5859 1883
9281 2 2 0 1 1378 5991 3803
9282 2 2 0 1 3537 4752 1472
9283 2 2 0 1 183 4752 3537
9284 2 2 0 1 364 4327 4164
9285 2 2 0 1 3084 5638 624
9286 2 2 0 1 2113 6591 4350
9287 2 2 0 1 3408 4810 653
9288 2 2 0 1 1229 6881 4422
9289 2 2 0 1 5351 5859 229
9290 2 2 0 1 1513 4308 3972
9291 2 2 0 1 2477 6934 3133
9292 2 2 0 1 4463 5958 1923
9293 2 2 0 1 3492 5012 1055
9294 2 2 0 1 1055 4709 3492
9295 2 2 0 1 5270 5654 1771
9296 2 2 0 1 1835 6007 3096
9297 2 2 0 1 1741 4997 3504
9298 2 2 0 1 582 4794 3427
9299 2 2 0 1 1444 5742 4514
9300 2 2 0 1 2863 6389 5378
9301 2 2 0 1 5378 6389 1216
9302 2 2 0 1 3838 4376 1414
9303 2 2 0 1 1576 5864 4589
9304 2 2 0 1 2134 6301 5951
9305 2 2 0 1 5952 6302 2133
9306 2 2 0 1 128 4485 127
9307 2 2 0 1 40 4486 39
9308 2 2 0 1 685 5152 3766
9309 2 2 0 1 3714 6485 1040
9310 2 2 0 1 4553 4780 1592
9311 2 2 0 1 643 5910 5817
9312 2 2 0 1 148 6868 3237
9313 2 2 0 1 1138 6448 3491
9314 2 2 0 1 1353 1831 984
9315 2 2 0 1 4351 4384 1602
9316 2 2 0 1 226 5548 3099
9317 2 2 0 1 1595 4260 4068
9318 2 2 0 1 3267 5018 983
9319 2 2 0 1 3260 5678 1133
9320 2 2 0 1 334 5300 3164
9321 2 2 0 1 580 5259 3393
9322 2 2 0 1 87 4630 86
9323 2 2 0 1 2642 5614 3890
9324 2 2 0 1 4151 6845 2035
9325 2 2 0 1 4198 5047 613
9326 2 2 0 1 1885 6637 5787
9327 2 2 0 1 1083 5648 3663
9328 2 2 0 1 1348 4671 3550
9329 2 2 0 1 4896 5801 1211
9330 2 2 0 1 670 5840 3067
9331 2 2 0 1 1359 5252 2337
9332 2 2 0 1 3781 4433 1438
9333 2 2 0 1 632 4966 3300
9334 2 2 0 1 1279 4513 3642
9335 2 2 0 1 2991 4203 161
9336 2 2 0 1 1376 4907 3343
9337 2 2 0 1 530 6609 4547
9338 2 2 0 1 4547 6609 2454
9339 2 2 0 1 3519 5081 1925
9340 2 2 0 1 840 5736 5070
9341 2 2 0 1 5070 5736 2357
9342 2 2 0 1 3107 6718 2137
9343 2 2 0 1 3703 4846 1431
9344 2 2 0 1 2148 6059 5138
9345 2 2 0 1 1353 3837 1743
9346 2 2 0 1 697 5050 4841
9347 2 2 0 1 773 6326 5306
9348 2 2 0 1 3858 5331 2227
9349 2 2 0 1 3297 6714 1940
9350 2 2 0 1 3535 4880 1520
9351 2 2 0 1 532 4880 3535
9352 2 2 0 1 3079 5597 1703
9353 2 2 0 1 4900 6202 2520
9354 2 2 0 1 3094 5974 4175
9355 2 2 0 1 2165 6801 5070
9356 2 2 0 1 3817 5867 558
9357 2 2 0 1 2012 6576 3098
9358 2 2 0 1 3525 4706 1606
9359 2 2 0 1 3316 5846 2653
9360 2 2 0 1 1503 6557 4711
9361 2 2 0 1 575 4312 3987
9362 2 2 0 1 3208 6243 290
9363 2 2 0 1 1684 6600 5276
9364 2 2 0 1 2836 6318 4575
9365 2 2 0 1 166 4557 3968
9366 2 2 0 1 625 6207 5162
9367 2 2 0 1 153 6636 5219
9368 2 2 0 1 783 5431 3137
9369 2 2 0 1 3883 6400 2896
9370 2 2 0 1 1466 4744 3900
9371 2 2 0 1 4226 6947 670
9372 2 2 0 1 2309 5568 5155
9373 2 2 0 1 5155 5568 526
9374 2 2 0 1 4105 4687 446
9375 2 2 0 1 637 5077 4610
9376 2 2 0 1 4610 5077 1921
9377 2 2 0 1 1994 6234 3779
9378 2 2 0 1 6317 6926 2388
9379 2 2 0 1 401 6332 4535
9380 2 2 0 1 4605 6580 597
9381 2 2 0 1 198 3745 3632
9382 2 2 0 1 1470 5854 5161
9383 2 2 0 1 3953 6136 247
9384 2 2 0 1 3531 4720 327
9385 2 2 0 1 1250 4914 3360
9386 2 2 0 1 5072 5197 2147
9387 2 2 0 1 468 5197 5072
9388 2 2 0 1 1828 3240 3239
9389 2 2 0 1 24 5829 25
9390 2 2 0 1 4216 4812 1464
9391 2 2 0 1 3127 5504 1001
9392 2 2 0 1 1463 4820 4211
9393 2 2 0 1 4468 5344 1558
9394 2 2 0 1 755 2565 2564
9395 2 2 0 1 28 4480 29
9396 2 2 0 1 5771 6608 2737
9397 2 2 0 1 3231 5149 615
9398 2 2 0 1 3667 4720 1507
9399 2 2 0 1 327 4720 3667
9400 2 2 0 1 556 4487 3905
9401 2 2 0 1 1609 3912 2974
9402 2 2 0 1 1405 5139 3243
9403 2 2 0 1 6388 6625 2667
9404 2 2 0 1 6045 6725 1960
9405 2 2 0 1 2787 5107 487
9406 2 2 0 1 431 3942 1743
9407 2 2 0 1 3138 6812 434
9408 2 2 0 1 4159 4645 2261
9409 2 2 0 1 4304 4631 1565
9410 2 2 0 1 3941 4364 280
9411 2 2 0 1 3262 5302 265
9412 2 2 0 1 1850 4522 3740
9413 2 2 0 1 5823 6851 2961
9414 2 2 0 1 4249 5543 1299
9415 2 2 0 1 1955 5543 4249
9416 2 2 0 1 3108 5630 174
9417 2 2 0 1 3151 6722 1540
9418 2 2 0 1 578 4374 3928
9419 2 2 0 1 470 5309 3493
9420 2 2 0 1 3791 5878 1066
9421 2 2 0 1 1783 6227 5747
9422 2 2 0 1 2076 6524 5422
9423 2 2 0 1 3915 4381 217
9424 2 2 0 1 4632 5409 1286
9425 2 2 0 1 2047 5409 4632
9426 2 2 0 1 1936 5215 4531
9427 2 2 0 1 4531 5215 794
9428 2 2 0 1 2495 2496 714
9429 2 2 0 1 3151 6892 749
9430 2 2 0 1 4072 4308 1513
9431 2 2 0 1 4054 5111 245
9432 2 2 0 1 3112 5646 319
9433 2 2 0 1 2256 3939 3658
9434 2 2 0 1 460 4599 3679
9435 2 2 0 1 1459 4567 3775
9436 2 2 0 1 1464 4808 4342
9437 2 2 0 1 1882 5245 3932
9438 2 2 0 1 3741 6217 1796
9439 2 2 0 1 1517 4316 4126
9440 2 2 0 1 3111 5660 1266
9441 2 2 0 1 724 5974 3094
9442 2 2 0 1 3700 4801 1082
9443 2 2 0 1 4565 5269 2086
9444 2 2 0 1 1656 6011 3094
9445 2 2 0 1 3116 6603 1870
9446 2 2 0 1 4342 5481 1464
9447 2 2 0 1 3890 5189 1077
9448 2 2 0 1 1644 4849 3938
9449 2 2 0 1 3938 4849 578
9450 2 2 0 1 1754 4453 3827
9451 2 2 0 1 5155 6925 2309
9452 2 2 0 1 3131 6553 1575
9453 2 2 0 1 2417 5625 5347
9454 2 2 0 1 5347 5625 1604
9455 2 2 0 1 1379 5684 3108
9456 2 2 0 1 3815 5297 2218
9457 2 2 0 1 1483 4642 3937
9458 2 2 0 1 3911 6437 219
9459 2 2 0 1 1381 6028 4039
9460 2 2 0 1 3173 5450 1217
9461 2 2 0 1 4582 6593 1315
9462 2 2 0 1 896 5701 3113
9463 2 2 0 1 588 4308 4072
9464 2 2 0 1 3145 5521 1056
9465 2 2 0 1 915 4944 3883
9466 2 2 0 1 3845 4450 1297
9467 2 2 0 1 4867 5580 205
9468 2 2 0 1 2196 5580 4867
9469 2 2 0 1 4989 6434 2776
9470 2 2 0 1 1040 6485 3806
9471 2 2 0 1 1554 5477 3158
9472 2 2 0 1 4879 6822 1691
9473 2 2 0 1 316 6641 4131
9474 2 2 0 1 5020 5390 2191
9475 2 2 0 1 1598 5390 5020
9476 2 2 0 1 1774 4644 3763
9477 2 2 0 1 3127 6952 159
9478 2 2 0 1 3975 5143 836
9479 2 2 0 1 1414 5531 5241
9480 2 2 0 1 3130 6615 396
9481 2 2 0 1 2487 6751 4529
9482 2 2 0 1 4529 6751 1364
9483 2 2 0 1 266 4598 4571
9484 2 2 0 1 4571 4598 1890
9485 2 2 0 1 1601 5014 4623
9486 2 2 0 1 4623 5014 1898
9487 2 2 0 1 1450 6963 3353
9488 2 2 0 1 3570 4745 1199
9489 2 2 0 1 4335 5452 1235
9490 2 2 0 1 1954 5452 4335
9491 2 2 0 1 4819 4846 310
9492 2 2 0 1 4607 4895 1672
9493 2 2 0 1 4539 6575 2314
9494 2 2 0 1 1425 5242 3683
9495 2 2 0 1 1889 6117 3258
9496 2 2 0 1 1745 4612 4532
9497 2 2 0 1 4532 4612 1497
9498 2 2 0 1 1496 4611 4533
9499 2 2 0 1 4533 4611 1744
9500 2 2 0 1 1708 4921 4473
9501 2 2 0 1 1601 5751 3539
9502 2 2 0 1 631 5311 3536
9503 2 2 0 1 1814 4893 4477
9504 2 2 0 1 4477 4893 1616
9505 2 2 0 1 1210 6230 3659
9506 2 2 0 1 1270 6022 3105
9507 2 2 0 1 570 6135 4235
9508 2 2 0 1 4944 6818 1232
9509 2 2 0 1 1099 6135 3666
9510 2 2 0 1 5402 5429 1740
9511 2 2 0 1 4472 6532 792
9512 2 2 0 1 3299 5130 2132
9513 2 2 0 1 3265 6387 1478
9514 2 2 0 1 4382 5846 139
9515 2 2 0 1 1081 6553 3131
9516 2 2 0 1 4269 5429 2019
9517 2 2 0 1 1095 6518 3128
9518 2 2 0 1 5143 6742 836
9519 2 2 0 1 692 4276 3046
9520 2 2 0 1 3474 5238 692
9521 2 2 0 1 1040 6866 3167
9522 2 2 0 1 3149 5623 949
9523 2 2 0 1 1442 5009 3664
9524 2 2 0 1 1528 6388 3711
9525 2 2 0 1 3189 5456 1543
9526 2 2 0 1 4126 4316 581
9527 2 2 0 1 397 6967 3188
9528 2 2 0 1 3460 6356 1007
9529 2 2 0 1 3655 6493 2316
9530 2 2 0 1 232 6933 3390
9531 2 2 0 1 686 6668 3232
9532 2 2 0 1 3232 6668 1891
9533 2 2 0 1 1967 5563 3165
9534 2 2 0 1 2121 6821 6232
9535 2 2 0 1 5592 6464 2988
9536 2 2 0 1 1669 6464 5592
9537 2 2 0 1 3109 6114 437
9538 2 2 0 1 3128 6518 1626
9539 2 2 0 1 1703 5597 4666
9540 2 2 0 1 1431 4846 3821
9541 2 2 0 1 2015 5526 3685
9542 2 2 0 1 530 5886 3117
9543 2 2 0 1 1301 4569 4568
9544 2 2 0 1 4568 4569 2069
9545 2 2 0 1 3168 6274 4870
9546 2 2 0 1 1544 4446 4055
9547 2 2 0 1 4055 4446 536
9548 2 2 0 1 1979 6308 4593
9549 2 2 0 1 1056 5267 3249
9550 2 2 0 1 1105 5413 3206
9551 2 2 0 1 3119 5899 1363
9552 2 2 0 1 701 4786 4361
9553 2 2 0 1 4361 4786 1742
9554 2 2 0 1 3607 4888 1041
9555 2 2 0 1 1525 4888 3607
9556 2 2 0 1 1321 6179 3991
9557 2 2 0 1 1504 5664 3612
9558 2 2 0 1 605 4746 4530
9559 2 2 0 1 1988 5736 4163
9560 2 2 0 1 4163 5736 840
9561 2 2 0 1 194 5373 4716
9562 2 2 0 1 4790 5040 1965
9563 2 2 0 1 1070 4816 3527
9564 2 2 0 1 501 4817 3526
9565 2 2 0 1 3246 5289 568
9566 2 2 0 1 985 6851 5823
9567 2 2 0 1 3155 6685 718
9568 2 2 0 1 3938 4467 1771
9569 2 2 0 1 578 4467 3938
9570 2 2 0 1 3123 5922 1199
9571 2 2 0 1 509 4582 3765
9572 2 2 0 1 5547 6649 676
9573 2 2 0 1 4843 5432 2121
9574 2 2 0 1 1752 5432 4843
9575 2 2 0 1 1120 5364 3561
9576 2 2 0 1 395 5287 3251
9577 2 2 0 1 1213 4818 3533
9578 2 2 0 1 598 5765 3139
9579 2 2 0 1 2937 5734 2936
9580 2 2 0 1 2340 5549 5314
9581 2 2 0 1 5314 5549 754
9582 2 2 0 1 224 4706 4073
9583 2 2 0 1 5527 5897 2074
9584 2 2 0 1 1929 6447 3510
9585 2 2 0 1 3510 6447 1030
9586 2 2 0 1 4394 6879 628
9587 2 2 0 1 4158 6736 347
9588 2 2 0 1 3831 5960 2442
9589 2 2 0 1 4006 6229 279
9590 2 2 0 1 3123 6136 1285
9591 2 2 0 1 3280 5240 843
9592 2 2 0 1 4382 4820 1463
9593 2 2 0 1 142 6014 3125
9594 2 2 0 1 2046 5415 4804
9595 2 2 0 1 3933 4458 419
9596 2 2 0 1 516 4823 3538
9597 2 2 0 1 1875 5865 5605
9598 2 2 0 1 3279 5246 1316
9599 2 2 0 1 2186 4657 3749
9600 2 2 0 1 3749 4657 663
9601 2 2 0 1 3128 6886 545
9602 2 2 0 1 544 6887 3129
9603 2 2 0 1 1865 6801 5173
9604 2 2 0 1 2325 5362 4253
9605 2 2 0 1 136 5967 5376
9606 2 2 0 1 3665 4704 1320
9607 2 2 0 1 252 6747 3431
9608 2 2 0 1 3885 5614 1393
9609 2 2 0 1 1378 6503 3617
9610 2 2 0 1 3251 5510 395
9611 2 2 0 1 2331 6386 5050
9612 2 2 0 1 3928 4467 578
9613 2 2 0 1 77 5679 76
9614 2 2 0 1 1124 6286 6011
9615 2 2 0 1 1294 4621 4259
9616 2 2 0 1 2152 6472 5068
9617 2 2 0 1 3729 4644 1239
9618 2 2 0 1 6011 6286 3094
9619 2 2 0 1 1722 5297 5287
9620 2 2 0 1 1883 3102 3101
9621 2 2 0 1 1457 4475 3927
9622 2 2 0 1 1255 4415 4414
9623 2 2 0 1 5966 6712 817
9624 2 2 0 1 1477 6037 3174
9625 2 2 0 1 5041 5469 2018
9626 2 2 0 1 1848 6034 5749
9627 2 2 0 1 3269 5290 156
9628 2 2 0 1 670 6947 6176
9629 2 2 0 1 1582 4434 4433
9630 2 2 0 1 4433 4434 1438
9631 2 2 0 1 3762 4673 1330
9632 2 2 0 1 5871 5958 1523
9633 2 2 0 1 5238 6027 2543
9634 2 2 0 1 1048 6027 5238
9635 2 2 0 1 3166 6696 1031
9636 2 2 0 1 3142 5882 378
9637 2 2 0 1 4261 4705 1273
9638 2 2 0 1 5379 6464 4145
9639 2 2 0 1 1502 4517 3880
9640 2 2 0 1 3510 4875 1929
9641 2 2 0 1 3950 4464 1714
9642 2 2 0 1 1224 5688 3166
9643 2 2 0 1 1081 6539 3707
9644 2 2 0 1 66 6656 65
9645 2 2 0 1 3608 5658 732
9646 2 2 0 1 1012 6598 3609
9647 2 2 0 1 3408 5076 1490
9648 2 2 0 1 398 6711 3908
9649 2 2 0 1 180 4138 2503
9650 2 2 0 1 1516 5098 3367
9651 2 2 0 1 3367 5098 477
9652 2 2 0 1 557 4588 4395
9653 2 2 0 1 1999 6616 3555
9654 2 2 0 1 3555 6616 549
9655 2 2 0 1 4838 5653 305
9656 2 2 0 1 4904 6287 2374
9657 2 2 0 1 1981 5986 5653
9658 2 2 0 1 578 4849 3549
9659 2 2 0 1 1941 5733 5732
9660 2 2 0 1 3836 4553 331
9661 2 2 0 1 3560 4831 627
9662 2 2 0 1 2022 6127 5270
9663 2 2 0 1 4966 6191 1197
9664 2 2 0 1 3141 6481 1739
9665 2 2 0 1 2285 6946 4835
9666 2 2 0 1 4854 5928 762
9667 2 2 0 1 2689 5756 3596
9668 2 2 0 1 3547 5169 209
9669 2 2 0 1 1584 5169 3547
9670 2 2 0 1 1502 5669 4517
9671 2 2 0 1 3281 5310 1006
9672 2 2 0 1 3864 5648 1083
9673 2 2 0 1 190 5339 4233
9674 2 2 0 1 516 5166 3467
9675 2 2 0 1 3467 5166 1681
9676 2 2 0 1 1094 5770 3944
9677 2 2 0 1 1760 5267 3868
9678 2 2 0 1 3868 5267 1056
9679 2 2 0 1 2401 5493 3823
9680 2 2 0 1 3529 5249 1456
9681 2 2 0 1 5000 6133 3849
9682 2 2 0 1 604 6513 4042
9683 2 2 0 1 237 4065 3271
9684 2 2 0 1 1500 4829 3611
9685 2 2 0 1 3611 4829 630
9686 2 2 0 1 5096 5229 1718
9687 2 2 0 1 1602 6986 5087
9688 2 2 0 1 1489 5593 3654
9689 2 2 0 1 3985 6886 1422
9690 2 2 0 1 1423 6887 3984
9691 2 2 0 1 3189 6781 251
9692 2 2 0 1 2294 6532 4472
9693 2 2 0 1 1143 5734 1790
9694 2 2 0 1 1898 5619 4623
9695 2 2 0 1 952 5738 3170
9696 2 2 0 1 1506 6964 4266
9697 2 2 0 1 4336 4495 1594
9698 2 2 0 1 1634 4495 4336
9699 2 2 0 1 201 6352 4585
9700 2 2 0 1 1681 5761 5483
9701 2 2 0 1 3597 6005 1010
9702 2 2 0 1 3958 4559 1496
9703 2 2 0 1 1497 4560 3957
9704 2 2 0 1 748 6328 3150
9705 2 2 0 1 419 6300 6183
9706 2 2 0 1 1070 5951 3150
9707 2 2 0 1 1367 6940 6043
9708 2 2 0 1 3331 5202 518
9709 2 2 0 1 225 5931 3152
9710 2 2 0 1 1230 6769 4534
9711 2 2 0 1 653 5076 3408
9712 2 2 0 1 4044 4442 1299
9713 2 2 0 1 813 6006 4614
9714 2 2 0 1 2261 4372 4159
9715 2 2 0 1 812 4882 3542
9716 2 2 0 1 3225 5929 536
9717 2 2 0 1 4759 6808 283
9718 2 2 0 1 2319 5649 3548
9719 2 2 0 1 1496 6207 4611
9720 2 2 0 1 1515 6374 4657
9721 2 2 0 1 3528 4902 1455
9722 2 2 0 1 1456 4903 3529
9723 2 2 0 1 756 6185 6019
9724 2 2 0 1 2954 6479 5496
9725 2 2 0 1 388 5742 4071
9726 2 2 0 1 4449 6628 2352
9727 2 2 0 1 980 6628 4449
9728 2 2 0 1 3618 6962 6023
9729 2 2 0 1 4541 5189 1753
9730 2 2 0 1 2269 6581 4662
9731 2 2 0 1 4436 6584 2843
9732 2 2 0 1 558 5867 4150
9733 2 2 0 1 3158 6204 1855
9734 2 2 0 1 3790 6908 1344
9735 2 2 0 1 1965 6433 4790
9736 2 2 0 1 5151 6637 1885
9737 2 2 0 1 3177 6573 658
9738 2 2 0 1 3442 6770 1985
9739 2 2 0 1 644 6770 3442
9740 2 2 0 1 1768 5304 5211
9741 2 2 0 1 3946 4524 1380
9742 2 2 0 1 6090 6635 3028
9743 2 2 0 1 752 1871 1420
9744 2 2 0 1 4498 4837 338
9745 2 2 0 1 1782 4837 4498
9746 2 2 0 1 3148 4273 1941
9747 2 2 0 1 3164 6456 334
9748 2 2 0 1 1710 5595 5179
9749 2 2 0 1 3972 4595 1513
9750 2 2 0 1 4317 5180 1807
9751 2 2 0 1 4129 4700 1612
9752 2 2 0 1 289 4700 4129
9753 2 2 0 1 969 6414 3169
9754 2 2 0 1 739 5554 4533
9755 2 2 0 1 4532 5555 740
9756 2 2 0 1 4817 6570 1540
9757 2 2 0 1 3657 5183 1608
9758 2 2 0 1 725 5183 3657
9759 2 2 0 1 6034 6914 577
9760 2 2 0 1 3317 6529 1638
9761 2 2 0 1 3181 5836 1093
9762 2 2 0 1 6255 6468 2655
9763 2 2 0 1 4624 5218 1697
9764 2 2 0 1 1934 5218 4624
9765 2 2 0 1 5075 6422 1014
9766 2 2 0 1 3604 4853 1986
9767 2 2 0 1 4120 5670 409
9768 2 2 0 1 4530 4819 1784
9769 2 2 0 1 1627 4819 4530
9770 2 2 0 1 4798 5930 1548
9771 2 2 0 1 4192 5198 555
9772 2 2 0 1 2264 6274 3168
9773 2 2 0 1 1643 6808 6510
9774 2 2 0 1 454 4813 3643
9775 2 2 0 1 4779 5914 2180
9776 2 2 0 1 4035 6850 68
9777 2 2 0 1 645 4439 4103
9778 2 2 0 1 3801 5667 471
9779 2 2 0 1 3729 6288 458
9780 2 2 0 1 2454 6173 3789
9781 2 2 0 1 746 6587 5473
9782 2 2 0 1 3177 6424 1073
9783 2 2 0 1 3816 5780 1596
9784 2 2 0 1 3256 6329 1698
9785 2 2 0 1 1523 5958 4660
9786 2 2 0 1 1176 5963 4172
9787 2 2 0 1 161 5937 2991
9788 2 2 0 1 4028 5976 1655
9789 2 2 0 1 3899 6382 1858
9790 2 2 0 1 3198 6684 733
9791 2 2 0 1 3708 4763 1520
9792 2 2 0 1 1597 5542 3295
9793 2 2 0 1 3295 5542 965
9794 2 2 0 1 270 4992 3485
9795 2 2 0 1 3682 5478 1715
9796 2 2 0 1 1203 5478 3682
9797 2 2 0 1 1933 3392 3008
9798 2 2 0 1 2219 6142 4491
9799 2 2 0 1 4491 6142 652
9800 2 2 0 1 640 6608 5771
9801 2 2 0 1 5590 5591 933
9802 2 2 0 1 5683 6838 2030
9803 2 2 0 1 5777 6885 140
9804 2 2 0 1 1768 5211 3373
9805 2 2 0 1 4947 5342 689
9806 2 2 0 1 1433 4761 4760
9807 2 2 0 1 4760 4761 1959
9808 2 2 0 1 2107 6470 4883
9809 2 2 0 1 3209 6752 2067
9810 2 2 0 1 3582 6348 2202
9811 2 2 0 1 4284 5842 2378
9812 2 2 0 1 591 5842 4284
9813 2 2 0 1 704 5360 5265
9814 2 2 0 1 2670 6754 5881
9815 2 2 0 1 4182 6128 1278
9816 2 2 0 1 3308 6521 3636
9817 2 2 0 1 4582 5505 2013
9818 2 2 0 1 1891 6668 5357
9819 2 2 0 1 5357 6668 2891
9820 2 2 0 1 1843 6657 3716
9821 2 2 0 1 4086 4465 181
9822 2 2 0 1 3785 6843 3117
9823 2 2 0 1 1932 6326 5134
9824 2 2 0 1 1503 6240 4543
9825 2 2 0 1 2526 6342 3182
9826 2 2 0 1 1453 6747 3497
9827 2 2 0 1 3067 6674 5640
9828 2 2 0 1 5640 6674 1084
9829 2 2 0 1 218 2787 487
9830 2 2 0 1 1944 6287 4904
9831 2 2 0 1 3328 5487 2560
9832 2 2 0 1 130 4768 129
9833 2 2 0 1 38 4769 37
9834 2 2 0 1 4806 6566 377
9835 2 2 0 1 3909 5936 356
9836 2 2 0 1 2826 5936 3909
9837 2 2 0 1 3968 4557 1466
9838 2 2 0 1 3217 6890 1911
9839 2 2 0 1 608 6890 3217
9840 2 2 0 1 3830 4658 1312
9841 2 2 0 1 1721 6635 6090
9842 2 2 0 1 744 5527 3566
9843 2 2 0 1 3566 5527 1690
9844 2 2 0 1 1416 5012 3492
9845 2 2 0 1 1848 6161 6035
9846 2 2 0 1 3188 6146 1725
9847 2 2 0 1 938 6146 3188
9848 2 2 0 1 928 2919 1801
9849 2 2 0 1 3205 6644 1033
9850 2 2 0 1 2337 5298 2028
9851 2 2 0 1 6008 6313 293
9852 2 2 0 1 768 6797 4901
9853 2 2 0 1 5575 5576 1800
9854 2 2 0 1 76 5679 3800
9855 2 2 0 1 2414 6208 4898
9856 2 2 0 1 794 4579 4531
9857 2 2 0 1 4531 4579 1931
9858 2 2 0 1 3241 6623 1829
9859 2 2 0 1 3491 6448 841
9860 2 2 0 1 590 6757 3267
9861 2 2 0 1 3578 4931 997
9862 2 2 0 1 732 4482 4088
9863 2 2 0 1 3739 6487 175
9864 2 2 0 1 4542 4543 1730
9865 2 2 0 1 1503 4543 4542
9866 2 2 0 1 4632 5857 657
9867 2 2 0 1 4196 5332 1826
9868 2 2 0 1 595 5332 4196
9869 2 2 0 1 1237 5670 4120
9870 2 2 0 1 2379 6521 3308
9871 2 2 0 1 3350 5627 947
9872 2 2 0 1 1645 4524 4244
9873 2 2 0 1 3204 5869 1270
9874 2 2 0 1 1571 6635 4368
9875 2 2 0 1 3504 5013 258
9876 2 2 0 1 2123 6280 4175
9877 2 2 0 1 4175 6280 424
9878 2 2 0 1 2140 5905 4483
9879 2 2 0 1 4483 5905 654
9880 2 2 0 1 1780 5283 4883
9881 2 2 0 1 5024 6531 3448
9882 2 2 0 1 267 5468 3290
9883 2 2 0 1 1624 4801 3700
9884 2 2 0 1 3957 4560 113
9885 2 2 0 1 54 4559 3958
9886 2 2 0 1 1455 6541 4980
9887 2 2 0 1 1276 6691 5114
9888 2 2 0 1 1668 5320 4193
9889 2 2 0 1 168 4986 4536
9890 2 2 0 1 4536 4986 1836
9891 2 2 0 1 4289 6278 1275
9892 2 2 0 1 2471 6039 3764
9893 2 2 0 1 3543 5537 1680
9894 2 2 0 1 969 5537 3543
9895 2 2 0 1 4326 6621 1827
9896 2 2 0 1 6812 6949 2349
9897 2 2 0 1 2326 6135 5992
9898 2 2 0 1 1682 5147 4602
9899 2 2 0 1 4415 5097 2239
9900 2 2 0 1 3483 5726 481
9901 2 2 0 1 1311 6899 6160
9902 2 2 0 1 4024 5644 1429
9903 2 2 0 1 1790 4563 4562
9904 2 2 0 1 2263 6850 4035
9905 2 2 0 1 566 5126 4128
9906 2 2 0 1 3617 6503 154
9907 2 2 0 1 1419 3931 3437
9908 2 2 0 1 600 6368 5526
9909 2 2 0 1 1126 6799 3480
9910 2 2 0 1 1000 5728 3223
9911 2 2 0 1 3502 6489 609
9912 2 2 0 1 1914 6489 3502
9913 2 2 0 1 4654 5479 2035
9914 2 2 0 1 727 5479 4654
9915 2 2 0 1 2831 5964 5822
9916 2 2 0 1 5822 5964 1811
9917 2 2 0 1 1875 5605 4089
9918 2 2 0 1 4089 5605 777
9919 2 2 0 1 3225 6842 2034
9920 2 2 0 1 531 5469 5041
9921 2 2 0 1 4795 6296 1548
9922 2 2 0 1 3499 5058 2068
9923 2 2 0 1 3980 6377 541
9924 2 2 0 1 1548 6296 4798
9925 2 2 0 1 4369 5981 2038
9926 2 2 0 1 285 4595 3972
9927 2 2 0 1 2129 6451 5031
9928 2 2 0 1 3767 4929 2400
9929 2 2 0 1 3960 4606 1356
9930 2 2 0 1 4192 6050 2057
9931 2 2 0 1 1231 6050 4192
9932 2 2 0 1 5709 6254 2025
9933 2 2 0 1 3697 4829 1500
9934 2 2 0 1 1806 6339 3337
9935 2 2 0 1 3597 5617 170
9936 2 2 0 1 1516 5120 5098
9937 2 2 0 1 5098 5120 2106
9938 2 2 0 1 4062 4962 167
9939 2 2 0 1 1899 5296 3385
9940 2 2 0 1 1649 5386 3336
9941 2 2 0 1 4686 6964 1506
9942 2 2 0 1 3479 6132 964
9943 2 2 0 1 3562 5839 1382
9944 2 2 0 1 3635 5630 1728
9945 2 2 0 1 174 5630 3635
9946 2 2 0 1 4028 5489 1141
9947 2 2 0 1 3266 5631 560
9948 2 2 0 1 3944 5770 2800
9949 2 2 0 1 4388 5840 2051
9950 2 2 0 1 4711 6240 1503
9951 2 2 0 1 3916 6230 1210
9952 2 2 0 1 4043 5221 1015
9953 2 2 0 1 4210 4812 1666
9954 2 2 0 1 1464 4812 4210
9955 2 2 0 1 4672 4673 819
9956 2 2 0 1 1275 5556 3514
9957 2 2 0 1 4212 5670 1237
9958 2 2 0 1 1280 6683 3219
9959 2 2 0 1 281 5410 3954
9960 2 2 0 1 4193 6384 2330
9961 2 2 0 1 3486 5110 1492
9962 2 2 0 1 1214 6200 4431
9963 2 2 0 1 3214 6535 1035
9964 2 2 0 1 310 4846 3703
9965 2 2 0 1 2248 5833 3481
9966 2 2 0 1 1032 5743 3233
9967 2 2 0 1 1443 5678 3260
9968 2 2 0 1 551 5859 5350
9969 2 2 0 1 1614 4607 4420
9970 2 2 0 1 4420 4607 1672
9971 2 2 0 1 2962 6266 5809
9972 2 2 0 1 5809 6266 1392
9973 2 2 0 1 1500 5094 3626
9974 2 2 0 1 3761 6906 6702
9975 2 2 0 1 1957 4930 3624
9976 2 2 0 1 1813 4488 4170
9977 2 2 0 1 4014 6948 478
9978 2 2 0 1 3596 5756 981
9979 2 2 0 1 2274 6928 4852
9980 2 2 0 1 4451 6300 419
9981 2 2 0 1 306 5871 4577
9982 2 2 0 1 327 6205 3531
9983 2 2 0 1 3531 6205 1844
9984 2 2 0 1 141 5876 4655
9985 2 2 0 1 4655 5876 2169
9986 2 2 0 1 3228 6340 1640
9987 2 2 0 1 2224 6707 4139
9988 2 2 0 1 4139 6707 837
9989 2 2 0 1 3385 6655 1899
9990 2 2 0 1 492 6655 3385
9991 2 2 0 1 377 6566 5866
9992 2 2 0 1 3215 6439 1688
9993 2 2 0 1 4073 5306 2411
9994 2 2 0 1 2082 5969 5652
9995 2 2 0 1 2214 6227 4836
9996 2 2 0 1 1924 5081 3519
9997 2 2 0 1 4848 5767 2061
9998 2 2 0 1 3550 6923 1605
9999 2 2 0 1 4502 6046 1578
10000 2 2 0 1 4139 6276 1530
10001 2 2 0 1 1724 5004 4597
10002 2 2 0 1 3278 6713 1902
10003 2 2 0 1 1280 5118 3801
10004 2 2 0 1 1954 5900 5700
10005 2 2 0 1 4563 5734 2937
10006 2 2 0 1 1531 4906 4413
10007 2 2 0 1 4413 4906 803
10008 2 2 0 1 3412 5687 1057
10009 2 2 0 1 1314 6526 4077
10010 2 2 0 1 299 5237 4489
10011 2 2 0 1 6270 6910 197
10012 2 2 0 1 905 5487 3328
10013 2 2 0 1 1548 5929 3225
10014 2 2 0 1 4939 5406 910
10015 2 2 0 1 2109 5406 4939
10016 2 2 0 1 4067 6206 1930
10017 2 2 0 1 1473 5658 3608
10018 2 2 0 1 1491 6579 4401
10019 2 2 0 1 4055 4584 1544
10020 2 2 0 1 6043 6940 2921
10021 2 2 0 1 3131 6406 4185
10022 2 2 0 1 1920 6082 3218
10023 2 2 0 1 4431 6200 2172
10024 2 2 0 1 1916 5255 5177
10025 2 2 0 1 782 5594 4358
10026 2 2 0 1 4358 5594 2771
10027 2 2 0 1 1636 5441 5440
10028 2 2 0 1 1492 6520 3486
10029 2 2 0 1 4034 6450 213
10030 2 2 0 1 4865 6476 521
10031 2 2 0 1 5643 5910 2191
10032 2 2 0 1 3580 6211 318
10033 2 2 0 1 3373 5387 662
10034 2 2 0 1 3332 5501 1962
10035 2 2 0 1 505 6393 3973
10036 2 2 0 1 4576 5660 426
10037 2 2 0 1 1520 4763 4323
10038 2 2 0 1 3105 6022 3923
10039 2 2 0 1 972 5476 4249
10040 2 2 0 1 4756 5396 1791
10041 2 2 0 1 1876 6194 5666
10042 2 2 0 1 3342 6483 1843
10043 2 2 0 1 241 6483 3342
10044 2 2 0 1 3797 5730 587
10045 2 2 0 1 1631 5545 4121
10046 2 2 0 1 4483 6001 2140
10047 2 2 0 1 3009 6453 1933
10048 2 2 0 1 1363 5410 3368
10049 2 2 0 1 2619 2623 210
10050 2 2 0 1 3503 6580 1076
10051 2 2 0 1 2565 6899 1310
10052 2 2 0 1 2748 5560 958
10053 2 2 0 1 3938 5654 1644
10054 2 2 0 1 1467 6933 3600
10055 2 2 0 1 3395 6945 1977
10056 2 2 0 1 263 6945 3395
10057 2 2 0 1 560 6901 3266
10058 2 2 0 1 1802 4897 4329
10059 2 2 0 1 1902 6571 3278
10060 2 2 0 1 106 4636 3981
10061 2 2 0 1 187 5614 3885
10062 2 2 0 1 4283 5064 340
10063 2 2 0 1 1765 5064 4283
10064 2 2 0 1 4692 6049 659
10065 2 2 0 1 522 6113 3259
10066 2 2 0 1 4077 6351 1314
10067 2 2 0 1 3255 6479 977
10068 2 2 0 1 1808 6479 3255
10069 2 2 0 1 3890 5614 187
10070 2 2 0 1 4522 5815 881
10071 2 2 0 1 4479 5043 514
10072 2 2 0 1 4153 4984 1108
10073 2 2 0 1 4949 5724 2026
10074 2 2 0 1 3472 6790 660
10075 2 2 0 1 5836 5902 2008
10076 2 2 0 1 283 4627 4258
10077 2 2 0 1 4258 4627 1719
10078 2 2 0 1 2041 6744 4939
10079 2 2 0 1 543 6548 3235
10080 2 2 0 1 1347 4895 4112
10081 2 2 0 1 1500 6847 5094
10082 2 2 0 1 4875 6366 1929
10083 2 2 0 1 1028 6340 3228
10084 2 2 0 1 3648 5353 2016
10085 2 2 0 1 628 6879 3273
10086 2 2 0 1 2098 5801 4896
10087 2 2 0 1 1570 4627 4315
10088 2 2 0 1 1110 3585 3146
10089 2 2 0 1 4309 6861 1436
10090 2 2 0 1 1695 5738 3457
10091 2 2 0 1 3457 5738 952
10092 2 2 0 1 3023 6661 3295
10093 2 2 0 1 4919 6211 1469
10094 2 2 0 1 2382 6211 4919
10095 2 2 0 1 5590 5717 677
10096 2 2 0 1 544 4683 3984
10097 2 2 0 1 263 6218 3844
10098 2 2 0 1 3238 6071 983
10099 2 2 0 1 150 5626 3157
10100 2 2 0 1 6090 6446 1721
10101 2 2 0 1 3295 5356 1597
10102 2 2 0 1 992 6701 3331
10103 2 2 0 1 3599 4527 1284
10104 2 2 0 1 2412 6247 4642
10105 2 2 0 1 3259 5941 1805
10106 2 2 0 1 2344 5867 3817
10107 2 2 0 1 25 5615 26
10108 2 2 0 1 3778 6634 1731
10109 2 2 0 1 2064 6857 3279
10110 2 2 0 1 5103 5935 2089
10111 2 2 0 1 3260 5942 1443
10112 2 2 0 1 4149 4895 1347
10113 2 2 0 1 923 5752 3863
10114 2 2 0 1 1561 6492 5403
10115 2 2 0 1 3462 5304 1134
10116 2 2 0 1 3893 4757 2403
10117 2 2 0 1 149 2787 2426
10118 2 2 0 1 3441 5860 1719
10119 2 2 0 1 1005 5860 3441
10120 2 2 0 1 2017 5613 4555
10121 2 2 0 1 4555 5613 1178
10122 2 2 0 1 733 6249 4740
10123 2 2 0 1 1765 5651 5064
10124 2 2 0 1 306 5955 5871
10125 2 2 0 1 843 6804 3280
10126 2 2 0 1 1189 4923 4041
10127 2 2 0 1 230 5924 3272
10128 2 2 0 1 570 5386 3666
10129 2 2 0 1 3666 5386 1649
10130 2 2 0 1 438 6102 3255
10131 2 2 0 1 1522 6134 3476
10132 2 2 0 1 1057 6155 3412
10133 2 2 0 1 834 4781 3895
10134 2 2 0 1 3324 5671 1850
10135 2 2 0 1 3644 5019 1742
10136 2 2 0 1 4974 6047 1708
10137 2 2 0 1 2342 6047 4974
10138 2 2 0 1 3259 6113 1652
10139 2 2 0 1 1115 3653 3053
10140 2 2 0 1 1221 4116 2759
10141 2 2 0 1 648 5141 3564
10142 2 2 0 1 1062 5454 3402
10143 2 2 0 1 1817 5417 3416
10144 2 2 0 1 4143 6771 234
10145 2 2 0 1 472 6037 3692
10146 2 2 0 1 291 6725 3256
10147 2 2 0 1 4133 5052 1332
10148 2 2 0 1 4670 6605 2508
10149 2 2 0 1 1063 6847 3611
10150 2 2 0 1 3269 6647 1186
10151 2 2 0 1 3710 5631 1424
10152 2 2 0 1 2067 6252 4589
10153 2 2 0 1 3895 4781 1529
10154 2 2 0 1 3322 6397 1851
10155 2 2 0 1 3262 6643 1650
10156 2 2 0 1 383 5729 3312
10157 2 2 0 1 5022 5825 2110
10158 2 2 0 1 4314 5387 1860
10159 2 2 0 1 662 5387 4314
10160 2 2 0 1 1594 6914 4344
10161 2 2 0 1 4344 6914 2339
10162 2 2 0 1 1953 5909 4834
10163 2 2 0 1 1488 6577 4651
10164 2 2 0 1 5000 5194 2393
10165 2 2 0 1 1404 5194 5000
10166 2 2 0 1 1113 6453 6105
10167 2 2 0 1 1518 5343 3638
10168 2 2 0 1 3664 5009 288
10169 2 2 0 1 2465 6892 4910
10170 2 2 0 1 1243 5394 4008
10171 2 2 0 1 4008 5394 1770
10172 2 2 0 1 3945 5593 1489
10173 2 2 0 1 9 4899 10
10174 2 2 0 1 3711 6388 2667
10175 2 2 0 1 3518 5500 1209
10176 2 2 0 1 4856 5863 1415
10177 2 2 0 1 329 6096 5411
10178 2 2 0 1 1598 5020 3813
10179 2 2 0 1 3813 5020 643
10180 2 2 0 1 881 6387 3265
10181 2 2 0 1 369 6555 3274
10182 2 2 0 1 363 5243 4127
10183 2 2 0 1 2328 4928 3887
10184 2 2 0 1 1469 6331 4919
10185 2 2 0 1 151 3244 421
10186 2 2 0 1 3886 4796 1350
10187 2 2 0 1 1517 5032 4515
10188 2 2 0 1 4062 4684 1381
10189 2 2 0 1 1316 6126 3279
10190 2 2 0 1 706 6973 5071
10191 2 2 0 1 4183 6495 5232
10192 2 2 0 1 3626 5094 1065
10193 2 2 0 1 3677 5884 1797
10194 2 2 0 1 213 5884 3677
10195 2 2 0 1 3370 5599 528
10196 2 2 0 1 2927 6446 6090
10197 2 2 0 1 691 4698 4159
10198 2 2 0 1 4159 4698 1711
10199 2 2 0 1 3307 6945 263
10200 2 2 0 1 1836 4986 4635
10201 2 2 0 1 4635 4986 1689
10202 2 2 0 1 1332 5052 4181
10203 2 2 0 1 1538 5557 3410
10204 2 2 0 1 1366 6917 4102
10205 2 2 0 1 4664 6679 103
10206 2 2 0 1 4170 6292 1813
10207 2 2 0 1 651 5249 3529
10208 2 2 0 1 5094 6847 2658
10209 2 2 0 1 665 5086 4353
10210 2 2 0 1 3875 5027 582
10211 2 2 0 1 4803 6302 749
10212 2 2 0 1 3280 6804 1794
10213 2 2 0 1 1984 6893 3304
10214 2 2 0 1 3302 5895 267
10215 2 2 0 1 2268 6259 5584
10216 2 2 0 1 4171 4935 1674
10217 2 2 0 1 623 4935 4171
10218 2 2 0 1 5425 5600 2025
10219 2 2 0 1 4858 6782 1072
10220 2 2 0 1 4530 5751 605
10221 2 2 0 1 821 6181 4075
10222 2 2 0 1 4075 6181 2021
10223 2 2 0 1 3295 6661 18
10224 2 2 0 1 3643 6811 1739
10225 2 2 0 1 4662 6581 817
10226 2 2 0 1 5333 5729 1822
10227 2 2 0 1 2296 6471 6033
10228 2 2 0 1 2521 6453 3009
10229 2 2 0 1 391 6384 4193
10230 2 2 0 1 3321 5812 1487
10231 2 2 0 1 4274 5685 589
10232 2 2 0 1 700 5423 3806
10233 2 2 0 1 698 6078 238
10234 2 2 0 1 691 5089 4698
10235 2 2 0 1 2376 6436 4798
10236 2 2 0 1 4798 6436 809
10237 2 2 0 1 1884 6311 5827
10238 2 2 0 1 140 5144 3616
10239 2 2 0 1 1447 4734 4032
10240 2 2 0 1 1122 4203 4202
10241 2 2 0 1 807 6442 5486
10242 2 2 0 1 2155 6049 4692
10243 2 2 0 1 2443 6913 6681
10244 2 2 0 1 1055 6186 3290
10245 2 2 0 1 6478 6646 822
10246 2 2 0 1 352 6625 6388
10247 2 2 0 1 1542 4992 3727
10248 2 2 0 1 3727 4992 270
10249 2 2 0 1 2174 4614 4225
10250 2 2 0 1 3681 5063 1148
10251 2 2 0 1 2765 6793 4428
10252 2 2 0 1 4429 6794 2766
10253 2 2 0 1 4500 5686 770
10254 2 2 0 1 2010 5686 4500
10255 2 2 0 1 2040 6793 4940
10256 2 2 0 1 3146 3585 1112
10257 2 2 0 1 4220 4620 1343
10258 2 2 0 1 3848 6719 94
10259 2 2 0 1 468 5854 3865
10260 2 2 0 1 4228 6767 351
10261 2 2 0 1 3742 5451 461
10262 2 2 0 1 6510 6808 2833
10263 2 2 0 1 912 3389 3388
10264 2 2 0 1 4591 6549 2592
10265 2 2 0 1 651 6549 4591
10266 2 2 0 1 4123 4688 1445
10267 2 2 0 1 4219 4775 690
10268 2 2 0 1 1777 4775 4219
10269 2 2 0 1 1061 4841 238
10270 2 2 0 1 1443 6423 3693
10271 2 2 0 1 5839 6111 2789
10272 2 2 0 1 1570 5126 4508
10273 2 2 0 1 359 6392 3744
10274 2 2 0 1 3744 6392 1944
10275 2 2 0 1 4608 4885 1692
10276 2 2 0 1 901 6164 3311
10277 2 2 0 1 3782 5744 1794
10278 2 2 0 1 705 5744 3782
10279 2 2 0 1 420 5443 2128
10280 2 2 0 1 4076 5664 1504
10281 2 2 0 1 1139 6925 3323
10282 2 2 0 1 970 6680 4130
10283 2 2 0 1 3327 6331 1816
10284 2 2 0 1 4228 6921 5037
10285 2 2 0 1 1800 6404 5575
10286 2 2 0 1 5575 6404 1047
10287 2 2 0 1 3536 5311 1969
10288 2 2 0 1 2525 6646 6478
10289 2 2 0 1 485 6273 4462
10290 2 2 0 1 1521 5745 3487
10291 2 2 0 1 5003 5253 1639
10292 2 2 0 1 1471 5384 3488
10293 2 2 0 1 293 6313 4622
10294 2 2 0 1 4993 5632 1809
10295 2 2 0 1 4743 4744 1466
10296 2 2 0 1 4866 6577 1488
10297 2 2 0 1 1391 5451 3742
10298 2 2 0 1 3981 5945 2311
10299 2 2 0 1 4548 4794 582
10300 2 2 0 1 1657 4794 4548
10301 2 2 0 1 4476 6321 580
10302 2 2 0 1 596 6275 4859
10303 2 2 0 1 4859 6275 2333
10304 2 2 0 1 1549 5116 3671
10305 2 2 0 1 2398 6543 5251
10306 2 2 0 1 1009 5434 3575
10307 2 2 0 1 5104 6635 1571
10308 2 2 0 1 3308 6145 987
10309 2 2 0 1 2168 5703 3656
10310 2 2 0 1 5930 6800 1548
10311 2 2 0 1 3813 6220 1598
10312 2 2 0 1 6294 6447 1929
10313 2 2 0 1 582 5027 4548
10314 2 2 0 1 322 5014 3894
10315 2 2 0 1 3894 5014 1601
10316 2 2 0 1 5372 6264 1818
10317 2 2 0 1 2626 6264 5372
10318 2 2 0 1 332 6111 5839
10319 2 2 0 1 4115 6548 2524
10320 2 2 0 1 4214 4665 566
10321 2 2 0 1 4650 6878 2185
10322 2 2 0 1 276 5644 4024
10323 2 2 0 1 5427 6772 1028
10324 2 2 0 1 3915 4856 1415
10325 2 2 0 1 589 4697 4274
10326 2 2 0 1 5914 6830 2180
10327 2 2 0 1 3311 6164 1692
10328 2 2 0 1 510 5522 3717
10329 2 2 0 1 5424 6023 2541
10330 2 2 0 1 1763 6023 5424
10331 2 2 0 1 1527 6438 3307
10332 2 2 0 1 4863 6939 2574
10333 2 2 0 1 372 5661 3567
10334 2 2 0 1 3884 4876 1498
10335 2 2 0 1 4214 4793 1362
10336 2 2 0 1 1612 4793 4214
10337 2 2 0 1 1555 6282 3918
10338 2 2 0 1 1666 4812 3985
10339 2 2 0 1 4274 4697 1572
10340 2 2 0 1 2391 6544 4776
10341 2 2 0 1 4776 6544 742
10342 2 2 0 1 4336 4649 668
10343 2 2 0 1 4715 5059 1856
10344 2 2 0 1 5064 5651 2143
10345 2 2 0 1 1578 6046 5015
10346 2 2 0 1 3958 5554 2386
10347 2 2 0 1 2387 5555 3957
10348 2 2 0 1 1 4998 6
10349 2 2 0 1 1850 6768 3324
10350 2 2 0 1 141 5075 3721
10351 2 2 0 1 4293 5349 1403
10352 2 2 0 1 182 6036 3440
10353 2 2 0 1 3962 6922 1523
10354 2 2 0 1 678 2358 488
10355 2 2 0 1 4688 5272 325
10356 2 2 0 1 934 5361 4290
10357 2 2 0 1 65 6656 4259
10358 2 2 0 1 3325 6200 1214
10359 2 2 0 1 292 4628 1395
10360 2 2 0 1 1273 4705 4178
10361 2 2 0 1 2267 6487 3318
10362 2 2 0 1 4691 5479 727
10363 2 2 0 1 1995 5479 4691
10364 2 2 0 1 1746 5438 4886
10365 2 2 0 1 4886 5438 2048
10366 2 2 0 1 1472 4752 4103
10367 2 2 0 1 947 6677 3350
10368 2 2 0 1 3350 6677 1851
10369 2 2 0 1 2078 6719 3848
10370 2 2 0 1 1937 5913 4724
10371 2 2 0 1 2093 6461 5159
10372 2 2 0 1 3415 6213 950
10373 2 2 0 1 3439 3463 1157
10374 2 2 0 1 445 6982 6946
10375 2 2 0 1 4732 4901 2439
10376 2 2 0 1 1682 4602 4597
10377 2 2 0 1 4597 4602 665
10378 2 2 0 1 1373 6468 6255
10379 2 2 0 1 824 5960 3348
10380 2 2 0 1 3932 5936 1882
10381 2 2 0 1 356 5936 3932
10382 2 2 0 1 2140 5821 5341
10383 2 2 0 1 1797 5970 4558
10384 2 2 0 1 80 4809 3991
10385 2 2 0 1 123 5105 122
10386 2 2 0 1 45 5106 44
10387 2 2 0 1 3540 6342 1017
10388 2 2 0 1 4072 4825 588
10389 2 2 0 1 4609 4754 1974
10390 2 2 0 1 1738 5054 4637
10391 2 2 0 1 4637 5054 1833
10392 2 2 0 1 509 4912 4152
10393 2 2 0 1 4152 4912 1814
10394 2 2 0 1 5735 5788 1761
10395 2 2 0 1 4146 5488 1399
10396 2 2 0 1 1415 6867 4381
10397 2 2 0 1 4315 4627 283
10398 2 2 0 1 3161 3162 273
10399 2 2 0 1 814 6333 214
10400 2 2 0 1 4788 5334 1976
10401 2 2 0 1 1744 5334 4788
10402 2 2 0 1 4581 5920 2598
10403 2 2 0 1 1846 5399 4350
10404 2 2 0 1 4350 5399 688
10405 2 2 0 1 5033 5395 1661
10406 2 2 0 1 5619 5665 605
10407 2 2 0 1 1602 5049 4351
10408 2 2 0 1 2216 4731 4460
10409 2 2 0 1 4460 4731 477
10410 2 2 0 1 1827 6151 5167
10411 2 2 0 1 1315 5954 4246
10412 2 2 0 1 2050 6243 6004
10413 2 2 0 1 1742 5019 4361
10414 2 2 0 1 4361 5019 1326
10415 2 2 0 1 3421 6210 6209
10416 2 2 0 1 5151 5540 2101
10417 2 2 0 1 1613 6959 3413
10418 2 2 0 1 1587 4948 3936
10419 2 2 0 1 3936 4948 1222
10420 2 2 0 1 1838 2565 178
10421 2 2 0 1 1883 6085 229
10422 2 2 0 1 5691 6372 2001
10423 2 2 0 1 3696 5160 1767
10424 2 2 0 1 4540 6535 3214
10425 2 2 0 1 859 5157 1636
10426 2 2 0 1 3633 5262 1254
10427 2 2 0 1 3884 6982 445
10428 2 2 0 1 3484 5537 969
10429 2 2 0 1 3342 6161 241
10430 2 2 0 1 331 6309 3836
10431 2 2 0 1 3836 6309 1939
10432 2 2 0 1 3271 4653 237
10433 2 2 0 1 965 5542 3483
10434 2 2 0 1 4315 4648 1570
10435 2 2 0 1 1490 5790 3408
10436 2 2 0 1 2313 6660 6648
10437 2 2 0 1 4493 6388 1528
10438 2 2 0 1 772 5518 3671
10439 2 2 0 1 945 1574 1573
10440 2 2 0 1 3438 5700 574
10441 2 2 0 1 2005 6756 3351
10442 2 2 0 1 1386 5047 4198
10443 2 2 0 1 1964 5040 4790
10444 2 2 0 1 3998 6738 1117
10445 2 2 0 1 3387 5909 253
10446 2 2 0 1 5118 6579 1491
10447 2 2 0 1 3707 5166 516
10448 2 2 0 1 696 6202 4900
10449 2 2 0 1 3343 6364 1614
10450 2 2 0 1 1731 5051 3778
10451 2 2 0 1 1641 6515 4288
10452 2 2 0 1 791 5837 3512
10453 2 2 0 1 3512 5837 1710
10454 2 2 0 1 1594 4649 4336
10455 2 2 0 1 4233 5339 1737
10456 2 2 0 1 4003 6804 843
10457 2 2 0 1 249 5894 4375
10458 2 2 0 1 4191 5138 1098
10459 2 2 0 1 699 5944 5642
10460 2 2 0 1 4163 5425 2025
10461 2 2 0 1 4148 5417 355
10462 2 2 0 1 2295 6910 3365
10463 2 2 0 1 1131 6078 315
10464 2 2 0 1 4999 5180 1745
10465 2 2 0 1 5280 6074 2396
10466 2 2 0 1 520 5616 4604
10467 2 2 0 1 4682 6855 2144
10468 2 2 0 1 798 5368 3746
10469 2 2 0 1 1330 4673 4672
10470 2 2 0 1 5656 6131 1995
10471 2 2 0 1 5981 6504 2038
10472 2 2 0 1 780 5416 3690
10473 2 2 0 1 5381 5804 2380
10474 2 2 0 1 1012 5804 5381
10475 2 2 0 1 1611 4691 4343
10476 2 2 0 1 4343 4691 727
10477 2 2 0 1 3887 4928 1563
10478 2 2 0 1 30 6726 3753
10479 2 2 0 1 3686 5388 546
10480 2 2 0 1 4314 4681 1418
10481 2 2 0 1 2332 5224 4839
10482 2 2 0 1 307 6012 1291
10483 2 2 0 1 3359 6631 1763
10484 2 2 0 1 1672 6620 3486
10485 2 2 0 1 3683 5242 504
10486 2 2 0 1 140 6885 5144
10487 2 2 0 1 201 5767 4848
10488 2 2 0 1 1853 6684 5995
10489 2 2 0 1 5995 6684 3198
10490 2 2 0 1 3410 6890 608
10491 2 2 0 1 1911 6890 3410
10492 2 2 0 1 3361 6212 354
10493 2 2 0 1 584 5430 4695
10494 2 2 0 1 1690 5427 3566
10495 2 2 0 1 3527 6546 1556
10496 2 2 0 1 1557 6547 3526
10497 2 2 0 1 1599 6132 3479
10498 2 2 0 1 1530 6276 4737
10499 2 2 0 1 2215 6861 4309
10500 2 2 0 1 1900 6310 3444
10501 2 2 0 1 3550 5467 1348
10502 2 2 0 1 1100 6819 3372
10503 2 2 0 1 3482 5634 1830
10504 2 2 0 1 4298 6203 2070
10505 2 2 0 1 1128 6203 4298
10506 2 2 0 1 5199 5764 2001
10507 2 2 0 1 2050 5395 5033
10508 2 2 0 1 251 5390 3609
10509 2 2 0 1 3609 5390 1598
10510 2 2 0 1 1778 6984 4033
10511 2 2 0 1 756 6019 3514
10512 2 2 0 1 1429 5990 4363
10513 2 2 0 1 4378 5200 1788
10514 2 2 0 1 769 5200 4378
10515 2 2 0 1 4829 4985 630
10516 2 2 0 1 1696 5979 3436
10517 2 2 0 1 4188 6645 1515
10518 2 2 0 1 605 5665 4746
10519 2 2 0 1 2279 5295 4076
10520 2 2 0 1 4964 5656 1995
10521 2 2 0 1 3660 5305 1519
10522 2 2 0 1 3387 6095 1134
10523 2 2 0 1 3480 5672 454
10524 2 2 0 1 3994 5167 3242
10525 2 2 0 1 675 5167 3994
10526 2 2 0 1 597 6877 3443
10527 2 2 0 1 3678 5272 1724
10528 2 2 0 1 3363 6349 1240
10529 2 2 0 1 3472 6159 922
10530 2 2 0 1 1767 6159 3472
10531 2 2 0 1 3889 5408 1067
10532 2 2 0 1 3544 5506 1155
10533 2 2 0 1 4702 5721 829
10534 2 2 0 1 2061 5721 4702
10535 2 2 0 1 97 5208 96
10536 2 2 0 1 3732 6603 333
10537 2 2 0 1 3832 5036 1191
10538 2 2 0 1 3382 6783 1873
10539 2 2 0 1 1122 6783 3382
10540 2 2 0 1 606 5218 4861
10541 2 2 0 1 4861 5218 1934
10542 2 2 0 1 4114 5509 576
10543 2 2 0 1 3638 5343 764
10544 2 2 0 1 3761 6702 1901
10545 2 2 0 1 1901 6332 3761
10546 2 2 0 1 3761 6332 401
10547 2 2 0 1 2146 6466 3370
10548 2 2 0 1 5981 6072 747
10549 2 2 0 1 762 5796 4854
10550 2 2 0 1 599 6401 5052
10551 2 2 0 1 1131 5583 2195
10552 2 2 0 1 5292 6887 1423
10553 2 2 0 1 1422 6886 5293
10554 2 2 0 1 3982 6629 1228
10555 2 2 0 1 4211 4820 651
10556 2 2 0 1 779 4811 4151
10557 2 2 0 1 3391 3392 842
10558 2 2 0 1 92 5225 91
10559 2 2 0 1 3402 6060 1378
10560 2 2 0 1 3435 5864 2033
10561 2 2 0 1 636 6841 3446
10562 2 2 0 1 3446 6841 1905
10563 2 2 0 1 1547 4827 4418
10564 2 2 0 1 490 6383 3381
10565 2 2 0 1 4122 6007 716
10566 2 2 0 1 560 5066 4145
10567 2 2 0 1 4145 5066 1670
10568 2 2 0 1 453 6260 4587
10569 2 2 0 1 1335 5770 3461
10570 2 2 0 1 2501 6978 3406
10571 2 2 0 1 2633 5800 3766
10572 2 2 0 1 2603 5769 4408
10573 2 2 0 1 1320 6482 5375
10574 2 2 0 1 3547 5538 1584
10575 2 2 0 1 1562 5779 3888
10576 2 2 0 1 4059 6093 1137
10577 2 2 0 1 4698 5089 1777
10578 2 2 0 1 2824 6652 4142
10579 2 2 0 1 457 6087 3404
10580 2 2 0 1 4213 5713 220
10581 2 2 0 1 1880 5713 4213
10582 2 2 0 1 5377 6082 717
10583 2 2 0 1 3608 5408 1473
10584 2 2 0 1 538 6519 3384
10585 2 2 0 1 1554 6167 3671
10586 2 2 0 1 220 5713 3481
10587 2 2 0 1 4263 6015 1825
10588 2 2 0 1 212 5705 4215
10589 2 2 0 1 2231 6298 5776
10590 2 2 0 1 5777 6297 2230
10591 2 2 0 1 3801 5118 1491
10592 2 2 0 1 2469 6956 3409
10593 2 2 0 1 2194 5509 4975
10594 2 2 0 1 3411 6065 1289
10595 2 2 0 1 803 4906 4038
10596 2 2 0 1 3876 5082 1577
10597 2 2 0 1 1269 5091 3829
10598 2 2 0 1 3950 4960 532
10599 2 2 0 1 2667 6625 6182
10600 2 2 0 1 5264 6875 4139
10601 2 2 0 1 1735 5893 5149
10602 2 2 0 1 1544 6823 6566
10603 2 2 0 1 1372 4802 4209
10604 2 2 0 1 1526 5967 3798
10605 2 2 0 1 5221 6764 1322
10606 2 2 0 1 2239 5044 3949
10607 2 2 0 1 3835 5895 1824
10608 2 2 0 1 267 5895 3835
10609 2 2 0 1 4405 6856 2078
10610 2 2 0 1 4702 4848 2061
10611 2 2 0 1 1644 4828 4307
10612 2 2 0 1 4307 4828 310
10613 2 2 0 1 2323 6742 5143
10614 2 2 0 1 4302 4746 1588
10615 2 2 0 1 1054 6407 3394
10616 2 2 0 1 4241 5307 1307
10617 2 2 0 1 1712 6213 3415
10618 2 2 0 1 3674 5339 190
10619 2 2 0 1 4217 6395 1434
10620 2 2 0 1 1917 5607 3533
10621 2 2 0 1 2177 4764 4676
10622 2 2 0 1 650 4808 4210
10623 2 2 0 1 3862 6149 1514
10624 2 2 0 1 4319 5047 1386
10625 2 2 0 1 3646 5385 470
10626 2 2 0 1 387 5369 3709
10627 2 2 0 1 1073 6122 3706
10628 2 2 0 1 5483 5761 2151
10629 2 2 0 1 4600 6972 187
10630 2 2 0 1 1560 5388 3686
10631 2 2 0 1 245 6316 3897
10632 2 2 0 1 697 6384 2331
10633 2 2 0 1 1014 5347 3721
10634 2 2 0 1 3721 5347 1604
10635 2 2 0 1 5068 6472 195
10636 2 2 0 1 1387 5341 3676
10637 2 2 0 1 1348 5467 4747
10638 2 2 0 1 4747 5467 2009
10639 2 2 0 1 1551 5541 3571
10640 2 2 0 1 4041 4923 1849
10641 2 2 0 1 3399 6526 2338
10642 2 2 0 1 3718 5360 704
10643 2 2 0 1 1605 5360 3718
10644 2 2 0 1 3148 5957 1942
10645 2 2 0 1 4959 5527 2074
10646 2 2 0 1 593 5722 3839
10647 2 2 0 1 4921 5464 1632
10648 2 2 0 1 4221 5223 1734
10649 2 2 0 1 276 5223 4221
10650 2 2 0 1 5480 6473 2209
10651 2 2 0 1 420 5763 3931
10652 2 2 0 1 1551 6361 3706
10653 2 2 0 1 5952 6722 3151
10654 2 2 0 1 1071 6722 5952
10655 2 2 0 1 3521 5844 484
10656 2 2 0 1 1713 5844 3521
10657 2 2 0 1 138 5540 5151
10658 2 2 0 1 3853 5595 308
10659 2 2 0 1 673 5711 3500
10660 2 2 0 1 2117 6771 4143
10661 2 2 0 1 3809 5142 1296
10662 2 2 0 1 4362 4948 2157
10663 2 2 0 1 1222 4948 4362
10664 2 2 0 1 215 6979 4191
10665 2 2 0 1 4714 5102 1961
10666 2 2 0 1 3665 5375 666
10667 2 2 0 1 4294 4824 835
10668 2 2 0 1 26 5615 4033
10669 2 2 0 1 4479 4672 2055
10670 2 2 0 1 1330 4672 4479
10671 2 2 0 1 5251 6543 572
10672 2 2 0 1 4347 5775 960
10673 2 2 0 1 1946 5775 4347
10674 2 2 0 1 4451 5134 1376
10675 2 2 0 1 5757 6827 2247
10676 2 2 0 1 274 5082 3876
10677 2 2 0 1 1221 3388 945
10678 2 2 0 1 2579 6912 5399
10679 2 2 0 1 3762 4023 2505
10680 2 2 0 1 1951 6656 4087
10681 2 2 0 1 4877 5389 713
10682 2 2 0 1 2001 5389 4877
10683 2 2 0 1 3548 5649 2026
10684 2 2 0 1 4201 5782 5773
10685 2 2 0 1 4854 5796 2105
10686 2 2 0 1 1880 5562 4385
10687 2 2 0 1 4385 5562 707
10688 2 2 0 1 469 5912 3465
10689 2 2 0 1 3464 5923 1174
10690 2 2 0 1 4595 5685 1513
10691 2 2 0 1 5574 6570 2051
10692 2 2 0 1 1689 4986 4296
10693 2 2 0 1 4296 4986 168
10694 2 2 0 1 3670 6537 1568
10695 2 2 0 1 3416 6367 684
10696 2 2 0 1 1018 6796 3446
10697 2 2 0 1 2197 6582 5236
10698 2 2 0 1 3457 6498 1695
10699 2 2 0 1 1940 6714 5423
10700 2 2 0 1 5423 6714 2797
10701 2 2 0 1 377 5866 3475
10702 2 2 0 1 5973 6824 786
10703 2 2 0 1 1598 5804 3609
10704 2 2 0 1 4654 6252 727
10705 2 2 0 1 1629 4905 4661
10706 2 2 0 1 3667 5406 2109
10707 2 2 0 1 2108 5405 3668
10708 2 2 0 1 2540 6143 3704
10709 2 2 0 1 4344 5062 1594
10710 2 2 0 1 6173 6609 2073
10711 2 2 0 1 4056 6963 1450
10712 2 2 0 1 613 5788 3495
10713 2 2 0 1 1584 5538 4981
10714 2 2 0 1 2441 6763 5885
10715 2 2 0 1 3907 5261 2071
10716 2 2 0 1 259 6344 3424
10717 2 2 0 1 408 5266 3757
10718 2 2 0 1 5566 6829 702
10719 2 2 0 1 1672 4895 4149
10720 2 2 0 1 588 4825 4325
10721 2 2 0 1 5399 6312 2579
10722 2 2 0 1 1846 6312 5399
10723 2 2 0 1 4385 5712 1922
10724 2 2 0 1 707 5712 4385
10725 2 2 0 1 1785 4962 4039
10726 2 2 0 1 4342 4808 1799
10727 2 2 0 1 4030 6779 1436
10728 2 2 0 1 3435 6421 1924
10729 2 2 0 1 1448 5808 3940
10730 2 2 0 1 3843 5393 647
10731 2 2 0 1 2645 6693 6658
10732 2 2 0 1 1655 5976 5100
10733 2 2 0 1 1649 5268 4303
10734 2 2 0 1 747 6072 4928
10735 2 2 0 1 3709 5369 1581
10736 2 2 0 1 4162 5227 1982
10737 2 2 0 1 1894 5227 4162
10738 2 2 0 1 279 5437 3672
10739 2 2 0 1 4490 5346 4972
10740 2 2 0 1 279 6229 5693
10741 2 2 0 1 741 5621 4010
10742 2 2 0 1 3430 6652 1183
10743 2 2 0 1 1277 5114 5113
10744 2 2 0 1 4463 5659 694
10745 2 2 0 1 1923 5659 4463
10746 2 2 0 1 1991 5336 4925
10747 2 2 0 1 4925 5336 1727
10748 2 2 0 1 6330 6764 2246
10749 2 2 0 1 4727 5436 1937
10750 2 2 0 1 763 5436 4727
10751 2 2 0 1 690 6514 3507
10752 2 2 0 1 4020 4997 619
10753 2 2 0 1 3159 3160 1144
10754 2 2 0 1 967 6493 3434
10755 2 2 0 1 3690 5416 1560
10756 2 2 0 1 3752 5523 1834
10757 2 2 0 1 2625 6261 5517
10758 2 2 0 1 5517 6261 832
10759 2 2 0 1 569 5914 5850
10760 2 2 0 1 5850 5914 2655
10761 2 2 0 1 321 5750 3468
10762 2 2 0 1 147 6825 5025
10763 2 2 0 1 4254 4857 1546
10764 2 2 0 1 5073 5986 1981
10765 2 2 0 1 5767 6817 2061
10766 2 2 0 1 1624 5342 3736
10767 2 2 0 1 5821 6001 1914
10768 2 2 0 1 2051 6176 5574
10769 2 2 0 1 3448 6531 171
10770 2 2 0 1 6702 6906 891
10771 2 2 0 1 62 5620 61
10772 2 2 0 1 4283 5965 1553
10773 2 2 0 1 4135 4933 1413
10774 2 2 0 1 4477 4818 1814
10775 2 2 0 1 3568 6403 1047
10776 2 2 0 1 1701 4824 4294
10777 2 2 0 1 777 5233 4089
10778 2 2 0 1 4089 5233 1687
10779 2 2 0 1 1550 5818 4339
10780 2 2 0 1 287 6198 4349
10781 2 2 0 1 1734 6356 3460
10782 2 2 0 1 1717 5617 3597
10783 2 2 0 1 5991 6060 2199
10784 2 2 0 1 1229 6843 3785
10785 2 2 0 1 4491 6500 2219
10786 2 2 0 1 5435 5827 2203
10787 2 2 0 1 564 5584 3814
10788 2 2 0 1 1536 6757 3901
10789 2 2 0 1 3466 6971 1878
10790 2 2 0 1 3753 6726 2198
10791 2 2 0 1 374 5671 4270
10792 2 2 0 1 4359 6712 2449
10793 2 2 0 1 3805 5245 684
10794 2 2 0 1 2061 6817 5258
10795 2 2 0 1 2606 6835 3447
10796 2 2 0 1 4137 5753 497
10797 2 2 0 1 5422 6552 2076
10798 2 2 0 1 3709 6155 1057
10799 2 2 0 1 1366 6260 3458
10800 2 2 0 1 1590 5473 3679
10801 2 2 0 1 3441 6981 1005
10802 2 2 0 1 4649 5062 1821
10803 2 2 0 1 777 5605 3618
10804 2 2 0 1 50 5498 49
10805 2 2 0 1 118 5497 117
10806 2 2 0 1 4304 5901 553
10807 2 2 0 1 1797 5486 3677
10808 2 2 0 1 864 5935 5103
10809 2 2 0 1 3456 6865 1147
10810 2 2 0 1 400 6170 3469
10811 2 2 0 1 1360 6274 5235
10812 2 2 0 1 2310 5343 4674
10813 2 2 0 1 5526 6368 3685
10814 2 2 0 1 5195 6077 1864
10815 2 2 0 1 2399 6169 4034
10816 2 2 0 1 4034 6169 980
10817 2 2 0 1 3559 6510 757
10818 2 2 0 1 2120 5521 4749
10819 2 2 0 1 4325 4825 1658
10820 2 2 0 1 5381 6884 2170
10821 2 2 0 1 2148 6979 5801
10822 2 2 0 1 290 5033 4231
10823 2 2 0 1 4231 5033 1661
10824 2 2 0 1 4000 5083 1704
10825 2 2 0 1 3476 6134 323
10826 2 2 0 1 708 5396 4979
10827 2 2 0 1 3671 5518 1549
10828 2 2 0 1 860 6462 3455
10829 2 2 0 1 4436 5765 1909
10830 2 2 0 1 5129 6511 4027
10831 2 2 0 1 4407 6244 223
10832 2 2 0 1 2084 6244 4407
10833 2 2 0 1 4584 6823 1544
10834 2 2 0 1 3878 5520 1581
10835 2 2 0 1 3947 5925 1587
10836 2 2 0 1 589 6498 3457
10837 2 2 0 1 2460 4945 4814
10838 2 2 0 1 4814 4945 1432
10839 2 2 0 1 1856 5220 4715
10840 2 2 0 1 4715 5220 372
10841 2 2 0 1 1955 5685 4595
10842 2 2 0 1 1554 6944 3841
10843 2 2 0 1 4680 4698 1777
10844 2 2 0 1 5204 5280 207
10845 2 2 0 1 4199 4934 448
10846 2 2 0 1 3795 5313 291
10847 2 2 0 1 2236 6969 6367
10848 2 2 0 1 3744 5745 1521
10849 2 2 0 1 2182 5610 4107
10850 2 2 0 1 3837 6333 1743
10851 2 2 0 1 2160 6071 4493
10852 2 2 0 1 3812 6122 1073
10853 2 2 0 1 610 5288 3846
10854 2 2 0 1 3846 5288 1608
10855 2 2 0 1 1395 4380 145
10856 2 2 0 1 4589 6252 1576
10857 2 2 0 1 1380 5016 4232
10858 2 2 0 1 1948 6896 3464
10859 2 2 0 1 1263 6121 4946
10860 2 2 0 1 719 4916 4356
10861 2 2 0 1 4309 5603 2215
10862 2 2 0 1 4247 4984 1606
10863 2 2 0 1 4943 5319 607
10864 2 2 0 1 1978 5319 4943
10865 2 2 0 1 5002 5213 336
10866 2 2 0 1 1961 5213 5002
10867 2 2 0 1 4828 4862 1784
10868 2 2 0 1 1644 4862 4828
10869 2 2 0 1 5761 6803 2151
10870 2 2 0 1 4193 5320 391
10871 2 2 0 1 1039 5297 3815
10872 2 2 0 1 1810 4820 4382
10873 2 2 0 1 3543 6147 591
10874 2 2 0 1 1617 4851 4850
10875 2 2 0 1 4850 4851 1795
10876 2 2 0 1 2496 3629 714
10877 2 2 0 1 5574 6176 2511
10878 2 2 0 1 4701 6093 2979
10879 2 2 0 1 4577 6922 2659
10880 2 2 0 1 1678 4743 4557
10881 2 2 0 1 4557 4743 1466
10882 2 2 0 1 4410 5124 1713
10883 2 2 0 1 458 6490 4737
10884 2 2 0 1 6252 6375 727
10885 2 2 0 1 3873 5418 1030
10886 2 2 0 1 2225 5418 3873
10887 2 2 0 1 2563 6064 5613
10888 2 2 0 1 5613 6064 1178
10889 2 2 0 1 694 6322 4463
10890 2 2 0 1 4463 6322 2081
10891 2 2 0 1 1972 5143 3975
10892 2 2 0 1 922 6807 3472
10893 2 2 0 1 861 5925 3947
10894 2 2 0 1 3871 5598 256
10895 2 2 0 1 1970 4966 4694
10896 2 2 0 1 4694 4966 632
10897 2 2 0 1 4020 5382 1151
10898 2 2 0 1 1698 5382 4020
10899 2 2 0 1 604 4990 4147
10900 2 2 0 1 1711 4698 4680
10901 2 2 0 1 670 6320 4226
10902 2 2 0 1 1626 6319 4227
10903 2 2 0 1 3657 5633 1648
10904 2 2 0 1 1916 5177 3951
10905 2 2 0 1 2057 6050 6016
10906 2 2 0 1 2497 6221 5084
10907 2 2 0 1 1228 6629 4282
10908 2 2 0 1 3749 5663 2410
10909 2 2 0 1 663 5663 3749
10910 2 2 0 1 4133 5316 599
10911 2 2 0 1 1946 6031 5178
10912 2 2 0 1 573 6750 3478
10913 2 2 0 1 4431 5230 410
10914 2 2 0 1 2172 5230 4431
10915 2 2 0 1 571 5362 3820
10916 2 2 0 1 3480 6799 1880
10917 2 2 0 1 4376 5260 602
10918 2 2 0 1 2885 6977 4536
10919 2 2 0 1 4277 5533 1687
10920 2 2 0 1 1133 5678 4117
10921 2 2 0 1 735 6529 5165
10922 2 2 0 1 4423 5371 459
10923 2 2 0 1 603 6030 3728
10924 2 2 0 1 3728 6030 1788
10925 2 2 0 1 3717 5522 1542
10926 2 2 0 1 2390 6309 5140
10927 2 2 0 1 5140 6309 331
10928 2 2 0 1 5273 5719 1676
10929 2 2 0 1 4877 5199 2001
10930 2 2 0 1 467 6294 5030
10931 2 2 0 1 5030 6294 2445
10932 2 2 0 1 4176 5397 1619
10933 2 2 0 1 3509 6157 1451
10934 2 2 0 1 5628 5758 848
10935 2 2 0 1 2398 5758 5628
10936 2 2 0 1 3730 5940 1092
10937 2 2 0 1 4209 6202 696
10938 2 2 0 1 1987 6202 4209
10939 2 2 0 1 841 6448 6085
10940 2 2 0 1 4641 5834 3120
10941 2 2 0 1 3514 6741 1275
10942 2 2 0 1 3678 5629 1908
10943 2 2 0 1 5047 5788 613
10944 2 2 0 1 1596 5780 4996
10945 2 2 0 1 489 6727 3837
10946 2 2 0 1 4603 6904 2451
10947 2 2 0 1 3841 6167 1554
10948 2 2 0 1 4756 4967 646
10949 2 2 0 1 1791 4967 4756
10950 2 2 0 1 4272 5851 1723
10951 2 2 0 1 4645 4958 693
10952 2 2 0 1 1172 6406 3843
10953 2 2 0 1 1462 4754 4609
10954 2 2 0 1 191 5546 3976
10955 2 2 0 1 2475 6595 5078
10956 2 2 0 1 5078 6595 712
10957 2 2 0 1 4623 5751 1601
10958 2 2 0 1 1990 5111 4054
10959 2 2 0 1 3965 5726 1597
10960 2 2 0 1 4771 6598 1012
10961 2 2 0 1 1956 6958 6297
10962 2 2 0 1 4871 5283 1780
10963 2 2 0 1 3486 6520 679
10964 2 2 0 1 4010 5621 1460
10965 2 2 0 1 661 3426 2975
10966 2 2 0 1 2178 5578 5299
10967 2 2 0 1 5299 5578 1641
10968 2 2 0 1 4552 6592 355
10969 2 2 0 1 1897 5910 5643
10970 2 2 0 1 3795 5394 1243
10971 2 2 0 1 308 6165 4341
10972 2 2 0 1 3771 5498 50
10973 2 2 0 1 117 5497 3772
10974 2 2 0 1 3513 6219 528
10975 2 2 0 1 1055 5012 4738
10976 2 2 0 1 2145 6867 6041
10977 2 2 0 1 4663 6832 2708
10978 2 2 0 1 3820 5362 1603
10979 2 2 0 1 2304 6654 3487
10980 2 2 0 1 3530 6119 1798
10981 2 2 0 1 1092 5810 3730
10982 2 2 0 1 2692 5650 3765
10983 2 2 0 1 2475 6614 5329
10984 2 2 0 1 2960 6398 5207
10985 2 2 0 1 2204 6769 6573
10986 2 2 0 1 4047 5147 193
10987 2 2 0 1 1523 6922 4577
10988 2 2 0 1 4083 5887 1282
10989 2 2 0 1 1030 6447 3499
10990 2 2 0 1 3609 5804 1012
10991 2 2 0 1 3551 6050 1231
10992 2 2 0 1 4883 5283 808
10993 2 2 0 1 421 2195 151
10994 2 2 0 1 3695 5635 1267
10995 2 2 0 1 2297 5163 4037
10996 2 2 0 1 1108 4984 4247
10997 2 2 0 1 1344 6798 3497
10998 2 2 0 1 3934 5668 1637
10999 2 2 0 1 1594 5062 4649
11000 2 2 0 1 1644 5654 4862
11001 2 2 0 1 3497 6747 252
11002 2 2 0 1 4481 5412 1832
11003 2 2 0 1 809 5412 4481
11004 2 2 0 1 1579 6111 4329
11005 2 2 0 1 1585 5896 3922
11006 2 2 0 1 3990 5358 296
11007 2 2 0 1 1663 5358 3990
11008 2 2 0 1 310 4828 4819
11009 2 2 0 1 4819 4828 1784
11010 2 2 0 1 1460 5192 4010
11011 2 2 0 1 4526 4885 1688
11012 2 2 0 1 196 4885 4526
11013 2 2 0 1 2579 6418 5462
11014 2 2 0 1 4356 4916 1618
11015 2 2 0 1 1680 6147 3543
11016 2 2 0 1 818 5957 3148
11017 2 2 0 1 205 5580 4268
11018 2 2 0 1 596 5927 5422
11019 2 2 0 1 3707 6539 5166
11020 2 2 0 1 4490 4972 852
11021 2 2 0 1 4499 4857 1665
11022 2 2 0 1 1546 4857 4499
11023 2 2 0 1 531 5041 4363
11024 2 2 0 1 4548 5027 2901
11025 2 2 0 1 4676 4764 1402
11026 2 2 0 1 2088 6104 4799
11027 2 2 0 1 4536 6977 2247
11028 2 2 0 1 5003 6735 957
11029 2 2 0 1 4181 5052 1732
11030 2 2 0 1 3510 6985 381
11031 2 2 0 1 1486 6837 4539
11032 2 2 0 1 5321 5483 2151
11033 2 2 0 1 754 5483 5321
11034 2 2 0 1 4282 6629 3106
11035 2 2 0 1 1395 5303 292
11036 2 2 0 1 2976 6844 4668
11037 2 2 0 1 5132 5853 1930
11038 2 2 0 1 4229 5413 2053
11039 2 2 0 1 4156 5811 2338
11040 2 2 0 1 1925 6430 3519
11041 2 2 0 1 5150 5641 931
11042 2 2 0 1 4191 6979 2148
11043 2 2 0 1 1732 6401 3660
11044 2 2 0 1 1243 5811 3644
11045 2 2 0 1 2080 4908 4400
11046 2 2 0 1 1553 4979 4283
11047 2 2 0 1 1734 6741 3514
11048 2 2 0 1 234 6771 3515
11049 2 2 0 1 147 5025 2346
11050 2 2 0 1 735 5165 4069
11051 2 2 0 1 5740 6467 810
11052 2 2 0 1 611 6432 3525
11053 2 2 0 1 3909 6210 1067
11054 2 2 0 1 356 6209 3909
11055 2 2 0 1 4444 6321 1524
11056 2 2 0 1 2088 6321 4444
11057 2 2 0 1 4383 5187 1733
11058 2 2 0 1 583 5187 4383
11059 2 2 0 1 4749 6909 2120
11060 2 2 0 1 4978 5876 1906
11061 2 2 0 1 2169 5876 4978
11062 2 2 0 1 1575 5393 3843
11063 2 2 0 1 2559 6195 5566
11064 2 2 0 1 5566 6195 1815
11065 2 2 0 1 4930 6942 639
11066 2 2 0 1 5025 6825 2417
11067 2 2 0 1 4612 6534 1497
11068 2 2 0 1 204 5762 3960
11069 2 2 0 1 3960 5762 1776
11070 2 2 0 1 2296 6033 4721
11071 2 2 0 1 365 5847 4651
11072 2 2 0 1 5503 6377 3980
11073 2 2 0 1 4787 6956 868
11074 2 2 0 1 1655 5489 4028
11075 2 2 0 1 3526 6547 501
11076 2 2 0 1 500 6546 3527
11077 2 2 0 1 1653 5367 3980
11078 2 2 0 1 3980 5367 1169
11079 2 2 0 1 1180 6024 3800
11080 2 2 0 1 3800 6024 1796
11081 2 2 0 1 2459 5918 3959
11082 2 2 0 1 5885 6763 1985
11083 2 2 0 1 799 5124 4410
11084 2 2 0 1 1169 5367 3897
11085 2 2 0 1 2358 5717 5590
11086 2 2 0 1 1035 5903 3624
11087 2 2 0 1 4416 5237 299
11088 2 2 0 1 1751 5237 4416
11089 2 2 0 1 4190 5312 1702
11090 2 2 0 1 702 5312 4190
11091 2 2 0 1 257 5067 4528
11092 2 2 0 1 4528 5067 1738
11093 2 2 0 1 48 5680 47
11094 2 2 0 1 120 5681 119
11095 2 2 0 1 536 5929 3826
11096 2 2 0 1 4995 5334 625
11097 2 2 0 1 1976 5334 4995
11098 2 2 0 1 1740 5429 4197
11099 2 2 0 1 4197 5429 360
11100 2 2 0 1 3916 6488 831
11101 2 2 0 1 4748 6670 2621
11102 2 2 0 1 2055 5043 4479
11103 2 2 0 1 1804 3983 1145
11104 2 2 0 1 189 6379 3556
11105 2 2 0 1 3828 6407 2706
11106 2 2 0 1 1617 6545 4851
11107 2 2 0 1 2388 6926 4912
11108 2 2 0 1 1444 5207 4071
11109 2 2 0 1 5289 5593 568
11110 2 2 0 1 808 5835 4883
11111 2 2 0 1 4883 5835 2107
11112 2 2 0 1 620 6650 5185
11113 2 2 0 1 3944 6084 1094
11114 2 2 0 1 1469 6211 3580
11115 2 2 0 1 3082 4001 2318
11116 2 2 0 1 1943 5733 5327
11117 2 2 0 1 3919 5365 565
11118 2 2 0 1 1618 5469 4507
11119 2 2 0 1 3936 6761 1587
11120 2 2 0 1 2731 5750 321
11121 2 2 0 1 869 6926 6317
11122 2 2 0 1 1645 5016 4524
11123 2 2 0 1 1749 5498 3771
11124 2 2 0 1 3772 5497 1750
11125 2 2 0 1 3814 5584 1615
11126 2 2 0 1 1604 5932 3721
11127 2 2 0 1 4381 6867 2145
11128 2 2 0 1 5311 5795 1969
11129 2 2 0 1 2422 5795 5311
11130 2 2 0 1 1587 6761 3947
11131 2 2 0 1 1867 6864 3547
11132 2 2 0 1 810 6461 5740
11133 2 2 0 1 4473 4921 1632
11134 2 2 0 1 3948 6789 2036
11135 2 2 0 1 414 6789 3948
11136 2 2 0 1 1755 5086 4602
11137 2 2 0 1 4602 5086 665
11138 2 2 0 1 1643 6510 3559
11139 2 2 0 1 1708 6047 4921
11140 2 2 0 1 750 6323 4555
11141 2 2 0 1 2148 5138 4191
11142 2 2 0 1 1048 6402 3568
11143 2 2 0 1 3794 6258 1696
11144 2 2 0 1 4595 5543 1955
11145 2 2 0 1 1574 3599 1284
11146 2 2 0 1 3687 6698 4969
11147 2 2 0 1 6592 6785 355
11148 2 2 0 1 2491 5922 4199
11149 2 2 0 1 476 3210 819
11150 2 2 0 1 1884 5827 5435
11151 2 2 0 1 5440 5441 1359
11152 2 2 0 1 4110 6455 1301
11153 2 2 0 1 946 3468 945
11154 2 2 0 1 4922 6545 1617
11155 2 2 0 1 4734 5561 558
11156 2 2 0 1 3961 5360 1605
11157 2 2 0 1 1625 5292 4226
11158 2 2 0 1 4227 5293 1626
11159 2 2 0 1 1930 6206 5708
11160 2 2 0 1 4330 6830 1403
11161 2 2 0 1 2180 6830 4330
11162 2 2 0 1 4593 6308 430
11163 2 2 0 1 279 6130 4006
11164 2 2 0 1 4524 5016 1380
11165 2 2 0 1 6182 6625 1958
11166 2 2 0 1 1790 5734 4563
11167 2 2 0 1 1112 3585 313
11168 2 2 0 1 1523 5374 3962
11169 2 2 0 1 156 6324 6180
11170 2 2 0 1 1951 6116 4259
11171 2 2 0 1 4259 6116 1294
11172 2 2 0 1 5662 6650 620
11173 2 2 0 1 708 5229 4118
11174 2 2 0 1 743 5513 3849
11175 2 2 0 1 5282 6515 1641
11176 2 2 0 1 1434 6395 4845
11177 2 2 0 1 1761 5047 4319
11178 2 2 0 1 4585 6352 1996
11179 2 2 0 1 889 5879 4331
11180 2 2 0 1 4331 5879 1905
11181 2 2 0 1 1688 4885 4608
11182 2 2 0 1 1729 6267 3636
11183 2 2 0 1 6118 6937 736
11184 2 2 0 1 744 5897 5527
11185 2 2 0 1 3605 6238 1836
11186 2 2 0 1 191 6362 5546
11187 2 2 0 1 5546 6362 2583
11188 2 2 0 1 240 4281 3628
11189 2 2 0 1 4973 5255 1916
11190 2 2 0 1 1748 5255 4973
11191 2 2 0 1 1839 5583 4187
11192 2 2 0 1 4187 5583 146
11193 2 2 0 1 4010 6927 1974
11194 2 2 0 1 1341 2358 678
11195 2 2 0 1 3642 6679 1706
11196 2 2 0 1 3577 6755 1203
11197 2 2 0 1 3577 6815 2349
11198 2 2 0 1 1622 4848 4702
11199 2 2 0 1 2228 6424 4782
11200 2 2 0 1 4934 6733 3995
11201 2 2 0 1 3901 6226 1854
11202 2 2 0 1 590 6226 3901
11203 2 2 0 1 1365 6592 4552
11204 2 2 0 1 3642 5953 1279
11205 2 2 0 1 837 6707 4922
11206 2 2 0 1 4922 6707 2381
11207 2 2 0 1 1706 5953 3642
11208 2 2 0 1 1226 5715 3757
11209 2 2 0 1 4127 5243 1517
11210 2 2 0 1 5659 5955 2093
11211 2 2 0 1 5915 5931 225
11212 2 2 0 1 2604 5931 5915
11213 2 2 0 1 3952 5444 539
11214 2 2 0 1 1694 5444 3952
11215 2 2 0 1 1865 5600 5425
11216 2 2 0 1 4498 5832 1368
11217 2 2 0 1 3768 5834 1202
11218 2 2 0 1 1850 5815 4522
11219 2 2 0 1 2849 6634 3778
11220 2 2 0 1 623 5828 4935
11221 2 2 0 1 722 6904 3582
11222 2 2 0 1 152 4805 2164
11223 2 2 0 1 4382 5530 1810
11224 2 2 0 1 139 5530 4382
11225 2 2 0 1 577 6914 4495
11226 2 2 0 1 4182 5798 750
11227 2 2 0 1 2057 5198 4192
11228 2 2 0 1 5167 6151 3242
11229 2 2 0 1 1121 6154 3637
11230 2 2 0 1 5069 6839 2512
11231 2 2 0 1 768 6839 5069
11232 2 2 0 1 445 5802 3884
11233 2 2 0 1 1763 6631 3618
11234 2 2 0 1 350 5062 4344
11235 2 2 0 1 145 5303 1395
11236 2 2 0 1 513 5520 3878
11237 2 2 0 1 3861 5592 295
11238 2 2 0 1 1669 5592 3861
11239 2 2 0 1 5235 6274 2264
11240 2 2 0 1 6325 6607 2096
11241 2 2 0 1 3704 6143 2972
11242 2 2 0 1 5071 5072 2147
11243 2 2 0 1 1541 5072 5071
11244 2 2 0 1 4881 6098 1349
11245 2 2 0 1 1115 5327 3653
11246 2 2 0 1 1905 6672 4242
11247 2 2 0 1 1799 5540 4342
11248 2 2 0 1 4342 5540 138
11249 2 2 0 1 3639 6376 1748
11250 2 2 0 1 321 2322 1673
11251 2 2 0 1 4022 5364 1912
11252 2 2 0 1 4592 6592 1365
11253 2 2 0 1 238 6358 1061
11254 2 2 0 1 2313 5934 5636
11255 2 2 0 1 2205 5061 4365
11256 2 2 0 1 3964 5578 344
11257 2 2 0 1 1844 6205 3638
11258 2 2 0 1 5044 6224 3949
11259 2 2 0 1 4971 4972 1205
11260 2 2 0 1 269 3157 206
11261 2 2 0 1 1625 5328 4578
11262 2 2 0 1 5246 6857 459
11263 2 2 0 1 3404 6087 4500
11264 2 2 0 1 1262 6419 3606
11265 2 2 0 1 5268 5284 2020
11266 2 2 0 1 1649 5284 5268
11267 2 2 0 1 3804 5661 2351
11268 2 2 0 1 1543 6924 4012
11269 2 2 0 1 5028 6715 382
11270 2 2 0 1 1491 5667 3801
11271 2 2 0 1 2550 6828 4007
11272 2 2 0 1 2311 5446 4664
11273 2 2 0 1 4664 5446 1706
11274 2 2 0 1 2264 5263 4994
11275 2 2 0 1 3636 6267 350
11276 2 2 0 1 3734 5847 365
11277 2 2 0 1 4177 5241 158
11278 2 2 0 1 4661 4905 600
11279 2 2 0 1 2919 6507 1801
11280 2 2 0 1 1992 6951 3595
11281 2 2 0 1 1562 4861 4860
11282 2 2 0 1 4860 4861 1934
11283 2 2 0 1 3918 6282 1405
11284 2 2 0 1 5392 6664 2973
11285 2 2 0 1 4852 4952 2274
11286 2 2 0 1 269 2162 1205
11287 2 2 0 1 3961 6923 338
11288 2 2 0 1 4552 5417 1817
11289 2 2 0 1 355 5417 4552
11290 2 2 0 1 1282 5887 4345
11291 2 2 0 1 1782 4879 4837
11292 2 2 0 1 4478 5241 1781
11293 2 2 0 1 158 5241 4478
11294 2 2 0 1 4799 5259 580
11295 2 2 0 1 1820 5443 1871
11296 2 2 0 1 634 5402 4291
11297 2 2 0 1 4291 5402 1740
11298 2 2 0 1 607 5319 4338
11299 2 2 0 1 4338 5319 1726
11300 2 2 0 1 4872 6382 2648
11301 2 2 0 1 637 6690 5467
11302 2 2 0 1 5876 5932 1906
11303 2 2 0 1 2548 5940 3714
11304 2 2 0 1 2339 6914 6034
11305 2 2 0 1 3600 6933 232
11306 2 2 0 1 1057 5687 4143
11307 2 2 0 1 1908 6110 5254
11308 2 2 0 1 5254 6110 2303
11309 2 2 0 1 1419 3271 1871
11310 2 2 0 1 3042 6330 4279
11311 2 2 0 1 3980 5564 1653
11312 2 2 0 1 1718 6365 6096
11313 2 2 0 1 3659 6230 1394
11314 2 2 0 1 3282 6868 148
11315 2 2 0 1 3692 6037 1477
11316 2 2 0 1 1115 6285 5327
11317 2 2 0 1 5327 6285 1943
11318 2 2 0 1 4707 6952 1847
11319 2 2 0 1 985 6376 3639
11320 2 2 0 1 1326 5019 4523
11321 2 2 0 1 3671 6167 772
11322 2 2 0 1 4091 5602 1516
11323 2 2 0 1 5907 6724 2131
11324 2 2 0 1 3882 6306 999
11325 2 2 0 1 1853 6306 3882
11326 2 2 0 1 1618 5125 4356
11327 2 2 0 1 3766 5800 2020
11328 2 2 0 1 5109 6222 2832
11329 2 2 0 1 769 6222 5109
11330 2 2 0 1 3618 6631 777
11331 2 2 0 1 4587 6260 3000
11332 2 2 0 1 1461 5730 3797
11333 2 2 0 1 3431 6747 4766
11334 2 2 0 1 4725 4726 3760
11335 2 2 0 1 140 6100 3687
11336 2 2 0 1 3611 6847 1500
11337 2 2 0 1 1654 5322 4219
11338 2 2 0 1 5829 6322 2714
11339 2 2 0 1 2081 6322 5829
11340 2 2 0 1 630 5308 4517
11341 2 2 0 1 1385 4901 4732
11342 2 2 0 1 1984 5648 3864
11343 2 2 0 1 5354 6165 2138
11344 2 2 0 1 3390 6933 4762
11345 2 2 0 1 2305 6327 4222
11346 2 2 0 1 841 5709 5600
11347 2 2 0 1 5600 5709 2025
11348 2 2 0 1 4625 6644 3205
11349 2 2 0 1 2190 6962 3618
11350 2 2 0 1 4521 5724 1637
11351 2 2 0 1 2562 5302 4172
11352 2 2 0 1 592 6318 3796
11353 2 2 0 1 3636 6521 988
11354 2 2 0 1 2023 6731 3676
11355 2 2 0 1 2850 6265 3798
11356 2 2 0 1 1664 6171 5491
11357 2 2 0 1 1655 5490 5489
11358 2 2 0 1 5489 5490 2184
11359 2 2 0 1 1926 6734 4264
11360 2 2 0 1 4234 5322 1654
11361 2 2 0 1 145 6390 3699
11362 2 2 0 1 3818 5719 921
11363 2 2 0 1 3625 6655 492
11364 2 2 0 1 542 6149 3862
11365 2 2 0 1 4256 5237 1751
11366 2 2 0 1 6189 6435 2860
11367 2 2 0 1 1663 5834 3768
11368 2 2 0 1 1169 5503 3980
11369 2 2 0 1 3723 5990 2115
11370 2 2 0 1 3975 6630 1972
11371 2 2 0 1 1140 6630 3975
11372 2 2 0 1 1803 5168 4604
11373 2 2 0 1 1871 5443 3931
11374 2 2 0 1 1802 6115 3839
11375 2 2 0 1 3839 6115 593
11376 2 2 0 1 626 5180 4317
11377 2 2 0 1 3694 6127 1162
11378 2 2 0 1 3258 6117 4318
11379 2 2 0 1 4765 5250 699
11380 2 2 0 1 2963 6872 4753
11381 2 2 0 1 152 1574 945
11382 2 2 0 1 4185 6406 1172
11383 2 2 0 1 553 6986 4384
11384 2 2 0 1 907 6360 5455
11385 2 2 0 1 5455 6360 2494
11386 2 2 0 1 733 6684 3882
11387 2 2 0 1 391 5320 4169
11388 2 2 0 1 5007 6837 1486
11389 2 2 0 1 1696 5877 3794
11390 2 2 0 1 4671 6923 3550
11391 2 2 0 1 3637 6673 1121
11392 2 2 0 1 166 5363 4557
11393 2 2 0 1 3777 5939 1701
11394 2 2 0 1 4461 5086 1755
11395 2 2 0 1 392 5201 4784
11396 2 2 0 1 3803 5793 2486
11397 2 2 0 1 3728 6445 603
11398 2 2 0 1 4174 6130 279
11399 2 2 0 1 4226 5292 1423
11400 2 2 0 1 1422 5293 4227
11401 2 2 0 1 5290 6324 156
11402 2 2 0 1 5070 6801 840
11403 2 2 0 1 4416 6565 1751
11404 2 2 0 1 4995 4996 1976
11405 2 2 0 1 1596 4996 4995
11406 2 2 0 1 407 6501 3822
11407 2 2 0 1 3822 6501 1874
11408 2 2 0 1 4766 6747 1453
11409 2 2 0 1 676 5269 4565
11410 2 2 0 1 5887 6017 2047
11411 2 2 0 1 3706 6122 1551
11412 2 2 0 1 4380 4865 206
11413 2 2 0 1 4775 5089 1727
11414 2 2 0 1 1777 5089 4775
11415 2 2 0 1 3641 6861 2215
11416 2 2 0 1 4762 6933 1467
11417 2 2 0 1 1661 5395 4190
11418 2 2 0 1 353 6966 5046
11419 2 2 0 1 1534 5315 4215
11420 2 2 0 1 1311 6160 1756
11421 2 2 0 1 2441 5885 4310
11422 2 2 0 1 11 6748 12
11423 2 2 0 1 4334 6325 2616
11424 2 2 0 1 4597 5004 1682
11425 2 2 0 1 1581 6155 3709
11426 2 2 0 1 3956 5676 1709
11427 2 2 0 1 1125 5676 3956
11428 2 2 0 1 3741 6233 74
11429 2 2 0 1 5318 6598 1773
11430 2 2 0 1 4837 4879 1691
11431 2 2 0 1 568 5593 3945
11432 2 2 0 1 4366 6519 2816
11433 2 2 0 1 4728 6543 1977
11434 2 2 0 1 5884 6450 2790
11435 2 2 0 1 213 6450 5884
11436 2 2 0 1 2013 6593 4582
11437 2 2 0 1 453 5814 5331
11438 2 2 0 1 5331 5814 2227
11439 2 2 0 1 3755 6257 1479
11440 2 2 0 1 4685 6396 1631
11441 2 2 0 1 1641 5578 3964
11442 2 2 0 1 1223 6435 6189
11443 2 2 0 1 4779 6381 1676
11444 2 2 0 1 2180 6381 4779
11445 2 2 0 1 3754 6283 1766
11446 2 2 0 1 4506 6364 302
11447 2 2 0 1 2036 6789 5460
11448 2 2 0 1 5460 6789 2690
11449 2 2 0 1 4547 5556 1275
11450 2 2 0 1 541 5564 3980
11451 2 2 0 1 5636 5934 873
11452 2 2 0 1 1670 5379 4145
11453 2 2 0 1 3856 5722 593
11454 2 2 0 1 2513 6824 5973
11455 2 2 0 1 748 6301 4970
11456 2 2 0 1 4448 5128 2125
11457 2 2 0 1 2875 6672 5879
11458 2 2 0 1 5879 6672 1905
11459 2 2 0 1 3957 5555 1497
11460 2 2 0 1 1496 5554 3958
11461 2 2 0 1 4378 6657 1843
11462 2 2 0 1 4925 5089 691
11463 2 2 0 1 1353 3925 489
11464 2 2 0 1 3662 6790 1877
11465 2 2 0 1 660 6790 3662
11466 2 2 0 1 288 6558 3664
11467 2 2 0 1 5411 6096 2063
11468 2 2 0 1 4866 6412 860
11469 2 2 0 1 317 6537 3670
11470 2 2 0 1 3908 6293 1997
11471 2 2 0 1 254 5322 4234
11472 2 2 0 1 4645 4646 2261
11473 2 2 0 1 1932 5134 4451
11474 2 2 0 1 3655 6884 373
11475 2 2 0 1 4622 6328 2366
11476 2 2 0 1 3324 6768 6561
11477 2 2 0 1 6561 6768 709
11478 2 2 0 1 316 6303 5336
11479 2 2 0 1 5205 6198 287
11480 2 2 0 1 3794 5877 739
11481 2 2 0 1 2955 5660 4576
11482 2 2 0 1 3723 6185 1975
11483 2 2 0 1 4553 5725 331
11484 2 2 0 1 801 6109 5825
11485 2 2 0 1 5013 5694 258
11486 2 2 0 1 438 5939 3777
11487 2 2 0 1 4179 6576 2012
11488 2 2 0 1 323 6576 4179
11489 2 2 0 1 3768 5969 1663
11490 2 2 0 1 1148 6032 4255
11491 2 2 0 1 74 6233 73
11492 2 2 0 1 1994 6422 5075
11493 2 2 0 1 1796 5987 3741
11494 2 2 0 1 4253 5362 571
11495 2 2 0 1 2066 5506 4730
11496 2 2 0 1 3692 6427 472
11497 2 2 0 1 1745 5180 4612
11498 2 2 0 1 4612 5180 626
11499 2 2 0 1 410 6279 3802
11500 2 2 0 1 2383 5780 3816
11501 2 2 0 1 4175 5974 2123
11502 2 2 0 1 64 6902 63
11503 2 2 0 1 4190 5380 1661
11504 2 2 0 1 2116 6627 5414
11505 2 2 0 1 2001 6372 5389
11506 2 2 0 1 4776 6051 2391
11507 2 2 0 1 1697 5218 4403
11508 2 2 0 1 4403 5218 606
11509 2 2 0 1 5023 6913 2443
11510 2 2 0 1 1299 5543 4044
11511 2 2 0 1 4508 5126 566
11512 2 2 0 1 4971 5690 852
11513 2 2 0 1 3764 6039 2049
11514 2 2 0 1 3706 6361 415
11515 2 2 0 1 242 5764 5199
11516 2 2 0 1 1657 5294 4169
11517 2 2 0 1 4169 5294 391
11518 2 2 0 1 4916 5469 1618
11519 2 2 0 1 4598 5699 1890
11520 2 2 0 1 1388 5699 4598
11521 2 2 0 1 346 6215 4279
11522 2 2 0 1 4279 6215 1935
11523 2 2 0 1 1731 6634 5365
11524 2 2 0 1 1575 6553 4050
11525 2 2 0 1 2262 6233 3741
11526 2 2 0 1 2060 6141 4669
11527 2 2 0 1 4669 6141 758
11528 2 2 0 1 3952 5676 1125
11529 2 2 0 1 4190 5395 702
11530 2 2 0 1 1927 5318 5095
11531 2 2 0 1 5095 5318 1773
11532 2 2 0 1 1723 5663 5135
11533 2 2 0 1 1216 6698 3687
11534 2 2 0 1 1813 6251 4488
11535 2 2 0 1 586 5769 4112
11536 2 2 0 1 1426 6288 3729
11537 2 2 0 1 4738 5012 2301
11538 2 2 0 1 4861 6499 606
11539 2 2 0 1 3370 6466 4358
11540 2 2 0 1 4536 6957 168
11541 2 2 0 1 2247 6957 4536
11542 2 2 0 1 515 6224 5044
11543 2 2 0 1 840 5425 4163
11544 2 2 0 1 3716 6657 603
11545 2 2 0 1 1872 6708 6021
11546 2 2 0 1 241 6617 3758
11547 2 2 0 1 3758 6617 1863
11548 2 2 0 1 4684 5941 728
11549 2 2 0 1 4791 5761 1681
11550 2 2 0 1 382 6814 5028
11551 2 2 0 1 5028 6814 2416
11552 2 2 0 1 5655 6137 2052
11553 2 2 0 1 1629 6554 4574
11554 2 2 0 1 2389 6457 5971
11555 2 2 0 1 2443 6903 5023
11556 2 2 0 1 3688 6769 1230
11557 2 2 0 1 4216 5397 545
11558 2 2 0 1 4440 5204 1638
11559 2 2 0 1 3798 5967 136
11560 2 2 0 1 986 6315 4405
11561 2 2 0 1 4405 6315 2012
11562 2 2 0 1 4674 5343 1518
11563 2 2 0 1 5092 5583 1131
11564 2 2 0 1 292 5303 4518
11565 2 2 0 1 4518 5303 2269
11566 2 2 0 1 2623 3240 210
11567 2 2 0 1 3472 6807 6790
11568 2 2 0 1 6790 6807 1877
11569 2 2 0 1 256 5598 4041
11570 2 2 0 1 5748 6984 1778
11571 2 2 0 1 4983 5200 1812
11572 2 2 0 1 487 5107 933
11573 2 2 0 1 6445 6673 2085
11574 2 2 0 1 3884 5802 1633
11575 2 2 0 1 4545 5553 701
11576 2 2 0 1 1822 5553 4545
11577 2 2 0 1 355 6080 4148
11578 2 2 0 1 4148 6080 1857
11579 2 2 0 1 489 6862 6727
11580 2 2 0 1 1064 4952 4852
11581 2 2 0 1 71 6475 70
11582 2 2 0 1 1273 5870 4261
11583 2 2 0 1 4555 6323 2017
11584 2 2 0 1 5006 6220 1184
11585 2 2 0 1 2380 6220 5006
11586 2 2 0 1 1868 6273 3746
11587 2 2 0 1 6103 6287 786
11588 2 2 0 1 3865 5854 1470
11589 2 2 0 1 3803 5991 513
11590 2 2 0 1 6021 6708 2895
11591 2 2 0 1 645 5959 4439
11592 2 2 0 1 4601 5368 798
11593 2 2 0 1 1229 5210 4473
11594 2 2 0 1 4473 5210 1708
11595 2 2 0 1 4331 5559 889
11596 2 2 0 1 2342 5559 4331
11597 2 2 0 1 403 6254 4437
11598 2 2 0 1 3849 6133 2058
11599 2 2 0 1 3758 6239 1196
11600 2 2 0 1 4040 6289 3038
11601 2 2 0 1 1634 6125 4785
11602 2 2 0 1 4860 5779 1562
11603 2 2 0 1 1758 5349 4293
11604 2 2 0 1 644 6607 3869
11605 2 2 0 1 6153 6514 2011
11606 2 2 0 1 270 6477 3727
11607 2 2 0 1 5608 6524 2076
11608 2 2 0 1 5491 5514 2193
11609 2 2 0 1 710 5514 5491
11610 2 2 0 1 2186 5902 5228
11611 2 2 0 1 5228 5902 517
11612 2 2 0 1 67 6850 4087
11613 2 2 0 1 4109 5539 452
11614 2 2 0 1 2131 6724 5475
11615 2 2 0 1 5388 6931 546
11616 2 2 0 1 5806 5807 2054
11617 2 2 0 1 4990 5053 1786
11618 2 2 0 1 5636 6660 2313
11619 2 2 0 1 4874 5658 1473
11620 2 2 0 1 551 5993 1623
11621 2 2 0 1 5815 6387 881
11622 2 2 0 1 2673 6387 5815
11623 2 2 0 1 4803 5451 1391
11624 2 2 0 1 4660 5374 1523
11625 2 2 0 1 4290 5361 1535
11626 2 2 0 1 3888 5779 2327
11627 2 2 0 1 5229 6365 1718
11628 2 2 0 1 1615 5059 4715
11629 2 2 0 1 3962 6873 1959
11630 2 2 0 1 4458 6970 1269
11631 2 2 0 1 1968 6338 5154
11632 2 2 0 1 2417 5347 5025
11633 2 2 0 1 5025 5347 1014
11634 2 2 0 1 6658 6693 1990
11635 2 2 0 1 83 6964 82
11636 2 2 0 1 4511 5841 622
11637 2 2 0 1 1896 5841 4511
11638 2 2 0 1 1638 6529 4440
11639 2 2 0 1 2088 6775 6104
11640 2 2 0 1 1263 4946 4065
11641 2 2 0 1 5329 6595 2475
11642 2 2 0 1 2053 6595 5329
11643 2 2 0 1 3705 6983 254
11644 2 2 0 1 4473 6843 1229
11645 2 2 0 1 4297 5870 1273
11646 2 2 0 1 868 6878 3711
11647 2 2 0 1 1209 5500 4472
11648 2 2 0 1 4096 5900 1245
11649 2 2 0 1 606 6499 4976
11650 2 2 0 1 5732 5733 1943
11651 2 2 0 1 1421 5945 3981
11652 2 2 0 1 4205 6567 423
11653 2 2 0 1 94 6719 93
11654 2 2 0 1 4424 5896 1585
11655 2 2 0 1 4813 6811 3643
11656 2 2 0 1 4383 5911 2160
11657 2 2 0 1 1588 5665 4615
11658 2 2 0 1 4615 5665 1867
11659 2 2 0 1 2163 5823 3922
11660 2 2 0 1 2826 6583 5936
11661 2 2 0 1 5936 6583 1882
11662 2 2 0 1 3906 5931 2604
11663 2 2 0 1 4942 5217 1887
11664 2 2 0 1 1743 6333 431
11665 2 2 0 1 1703 6014 5903
11666 2 2 0 1 709 5607 4821
11667 2 2 0 1 4821 5607 1917
11668 2 2 0 1 3789 6173 1018
11669 2 2 0 1 607 6686 4943
11670 2 2 0 1 4557 5363 1678
11671 2 2 0 1 4104 5588 2094
11672 2 2 0 1 4677 6567 3171
11673 2 2 0 1 4118 5581 1791
11674 2 2 0 1 4188 6866 2797
11675 2 2 0 1 4132 5565 2371
11676 2 2 0 1 1944 6626 3744
11677 2 2 0 1 68 6850 67
11678 2 2 0 1 595 5683 5332
11679 2 2 0 1 5332 5683 2142
11680 2 2 0 1 4584 5184 647
11681 2 2 0 1 3733 6632 323
11682 2 2 0 1 2541 6689 5424
11683 2 2 0 1 5248 6691 1276
11684 2 2 0 1 365 6627 3734
11685 2 2 0 1 360 5429 4269
11686 2 2 0 1 5011 6037 472
11687 2 2 0 1 4604 5168 1253
11688 2 2 0 1 716 5792 4122
11689 2 2 0 1 4122 5792 1766
11690 2 2 0 1 608 5102 4714
11691 2 2 0 1 3767 6337 389
11692 2 2 0 1 810 6467 5315
11693 2 2 0 1 3858 6960 5331
11694 2 2 0 1 752 1420 421
11695 2 2 0 1 1974 6743 4010
11696 2 2 0 1 4010 6743 741
11697 2 2 0 1 4324 5376 1599
11698 2 2 0 1 1825 6015 5582
11699 2 2 0 1 5582 6015 2353
11700 2 2 0 1 5776 6298 1957
11701 2 2 0 1 1956 6297 5777
11702 2 2 0 1 5372 6156 730
11703 2 2 0 1 4977 6686 607
11704 2 2 0 1 4063 6112 2634
11705 2 2 0 1 1842 6450 4034
11706 2 2 0 1 5069 5637 1534
11707 2 2 0 1 1354 6639 3771
11708 2 2 0 1 3772 6640 1355
11709 2 2 0 1 5131 5137 1359
11710 2 2 0 1 4315 6808 1643
11711 2 2 0 1 3731 6821 1550
11712 2 2 0 1 3923 6022 2364
11713 2 2 0 1 805 5606 5088
11714 2 2 0 1 5088 5606 2014
11715 2 2 0 1 964 6688 3738
11716 2 2 0 1 746 5779 4860
11717 2 2 0 1 6033 6471 1699
11718 2 2 0 1 817 6712 4662
11719 2 2 0 1 4662 6712 2192
11720 2 2 0 1 4087 6850 2263
11721 2 2 0 1 1669 6237 4145
11722 2 2 0 1 4388 6570 501
11723 2 2 0 1 2051 6570 4388
11724 2 2 0 1 5716 5888 1887
11725 2 2 0 1 5207 6398 774
11726 2 2 0 1 2142 5892 5332
11727 2 2 0 1 1670 6971 5585
11728 2 2 0 1 689 5664 4076
11729 2 2 0 1 5422 5927 2100
11730 2 2 0 1 2270 6772 5427
11731 2 2 0 1 4249 5476 1955
11732 2 2 0 1 3740 6768 1850
11733 2 2 0 1 5286 6180 2279
11734 2 2 0 1 156 6180 5286
11735 2 2 0 1 308 5595 4783
11736 2 2 0 1 4287 6242 398
11737 2 2 0 1 3798 6265 2457
11738 2 2 0 1 1771 5449 5270
11739 2 2 0 1 5270 5449 2022
11740 2 2 0 1 3922 5896 763
11741 2 2 0 1 20 6486 21
11742 2 2 0 1 4020 6106 1698
11743 2 2 0 1 200 6961 3979
11744 2 2 0 1 709 6768 3740
11745 2 2 0 1 4836 6405 2214
11746 2 2 0 1 1223 6189 3820
11747 2 2 0 1 2535 6706 5553
11748 2 2 0 1 1962 6049 5035
11749 2 2 0 1 5035 6049 2155
11750 2 2 0 1 3796 6318 1668
11751 2 2 0 1 846 5774 4419
11752 2 2 0 1 2745 5249 4591
11753 2 2 0 1 4591 5249 651
11754 2 2 0 1 5493 6611 906
11755 2 2 0 1 4652 6611 5493
11756 2 2 0 1 1184 6220 3813
11757 2 2 0 1 3802 6279 1705
11758 2 2 0 1 2279 6181 5295
11759 2 2 0 1 5295 6181 821
11760 2 2 0 1 3764 6540 1633
11761 2 2 0 1 493 6247 4168
11762 2 2 0 1 4175 6939 1656
11763 2 2 0 1 4100 6835 875
11764 2 2 0 1 5186 6111 1579
11765 2 2 0 1 1786 5053 4987
11766 2 2 0 1 4213 5562 1880
11767 2 2 0 1 1809 5798 4182
11768 2 2 0 1 4669 6920 1651
11769 2 2 0 1 143 5819 3997
11770 2 2 0 1 4257 5855 320
11771 2 2 0 1 4708 5994 211
11772 2 2 0 1 2004 5994 4708
11773 2 2 0 1 604 5053 4990
11774 2 2 0 1 2190 5865 5326
11775 2 2 0 1 5326 5865 728
11776 2 2 0 1 720 4415 3881
11777 2 2 0 1 4790 6433 631
11778 2 2 0 1 3835 6434 1029
11779 2 2 0 1 1824 6434 3835
11780 2 2 0 1 3899 6622 628
11781 2 2 0 1 1858 6622 3899
11782 2 2 0 1 2367 6542 5226
11783 2 2 0 1 5226 6542 1456
11784 2 2 0 1 264 6620 4149
11785 2 2 0 1 4659 6116 2571
11786 2 2 0 1 1631 6396 5078
11787 2 2 0 1 3468 5750 4805
11788 2 2 0 1 1855 6204 5743
11789 2 2 0 1 5880 6857 2064
11790 2 2 0 1 654 6363 3799
11791 2 2 0 1 4844 5559 1893
11792 2 2 0 1 889 5559 4844
11793 2 2 0 1 1124 6011 3966
11794 2 2 0 1 5236 6582 827
11795 2 2 0 1 1526 5753 4137
11796 2 2 0 1 18 6661 19
11797 2 2 0 1 1367 6043 4692
11798 2 2 0 1 4608 5857 1688
11799 2 2 0 1 5275 6102 2278
11800 2 2 0 1 1626 6885 6319
11801 2 2 0 1 4616 6009 444
11802 2 2 0 1 235 6192 3868
11803 2 2 0 1 2967 4051 1341
11804 2 2 0 1 1386 6869 6129
11805 2 2 0 1 2686 6346 5158
11806 2 2 0 1 5158 6346 189
11807 2 2 0 1 2142 6664 5892
11808 2 2 0 1 29 6726 30
11809 2 2 0 1 1600 5371 4423
11810 2 2 0 1 4499 6368 600
11811 2 2 0 1 1707 5898 4124
11812 2 2 0 1 2532 6931 5388
11813 2 2 0 1 4114 5704 1304
11814 2 2 0 1 1796 6217 3800
11815 2 2 0 1 2031 6098 4881
11816 2 2 0 1 211 6348 3815
11817 2 2 0 1 1798 6119 5728
11818 2 2 0 1 5032 5243 1861
11819 2 2 0 1 1517 5243 5032
11820 2 2 0 1 3831 6290 1198
11821 2 2 0 1 2753 6974 3759
11822 2 2 0 1 4071 5742 1444
11823 2 2 0 1 302 6364 4907
11824 2 2 0 1 4143 5687 2117
11825 2 2 0 1 5037 5790 1490
11826 2 2 0 1 2062 5790 5037
11827 2 2 0 1 1916 6906 3761
11828 2 2 0 1 3996 5893 1915
11829 2 2 0 1 4848 6978 201
11830 2 2 0 1 5342 5664 689
11831 2 2 0 1 4194 6132 1599
11832 2 2 0 1 4985 5308 630
11833 2 2 0 1 4375 5894 1779
11834 2 2 0 1 5257 5673 2863
11835 2 2 0 1 4410 4411 799
11836 2 2 0 1 5029 5706 2441
11837 2 2 0 1 3868 6192 1760
11838 2 2 0 1 5653 5986 305
11839 2 2 0 1 314 2029 1756
11840 2 2 0 1 26 6984 27
11841 2 2 0 1 182 5448 5160
11842 2 2 0 1 1739 6481 3943
11843 2 2 0 1 891 6906 3951
11844 2 2 0 1 1922 5672 4385
11845 2 2 0 1 1867 5619 5209
11846 2 2 0 1 5031 6096 329
11847 2 2 0 1 2593 6623 5185
11848 2 2 0 1 609 5398 4640
11849 2 2 0 1 1692 5921 4608
11850 2 2 0 1 1533 2762 2691
11851 2 2 0 1 3806 6485 2223
11852 2 2 0 1 2505 4673 3762
11853 2 2 0 1 3773 6938 977
11854 2 2 0 1 3063 6349 4505
11855 2 2 0 1 521 6476 1145
11856 2 2 0 1 1980 6013 5202
11857 2 2 0 1 1694 5502 5444
11858 2 2 0 1 5444 5502 2201
11859 2 2 0 1 497 5753 5253
11860 2 2 0 1 1272 6073 3921
11861 2 2 0 1 1168 6386 6385
11862 2 2 0 1 2187 6437 3824
11863 2 2 0 1 138 5481 4342
11864 2 2 0 1 1729 5338 4537
11865 2 2 0 1 4618 5279 1555
11866 2 2 0 1 5091 6970 3132
11867 2 2 0 1 1689 6104 4635
11868 2 2 0 1 2503 6454 180
11869 2 2 0 1 4039 6028 653
11870 2 2 0 1 6001 6489 1914
11871 2 2 0 1 1336 6003 4583
11872 2 2 0 1 4583 6003 1945
11873 2 2 0 1 2257 4155 4154
11874 2 2 0 1 3771 6639 1749
11875 2 2 0 1 1750 6640 3772
11876 2 2 0 1 4409 5513 2221
11877 2 2 0 1 4492 5817 1397
11878 2 2 0 1 1727 5089 4925
11879 2 2 0 1 1973 5670 4212
11880 2 2 0 1 3826 6800 1998
11881 2 2 0 1 4227 5655 1422
11882 2 2 0 1 146 5583 5092
11883 2 2 0 1 4492 5472 643
11884 2 2 0 1 1759 5472 4492
11885 2 2 0 1 1718 6451 5096
11886 2 2 0 1 1727 5499 4775
11887 2 2 0 1 2218 5398 4729
11888 2 2 0 1 4649 5652 668
11889 2 2 0 1 1960 5313 4786
11890 2 2 0 1 1794 5744 5511
11891 2 2 0 1 5511 5744 2203
11892 2 2 0 1 1982 5391 5265
11893 2 2 0 1 5265 5391 704
11894 2 2 0 1 364 5868 4327
11895 2 2 0 1 2429 5308 4985
11896 2 2 0 1 3843 6406 1575
11897 2 2 0 1 1886 5217 4942
11898 2 2 0 1 4112 5769 1660
11899 2 2 0 1 3995 6733 1176
11900 2 2 0 1 4987 5053 1787
11901 2 2 0 1 3913 6179 1321
11902 2 2 0 1 2018 5469 4916
11903 2 2 0 1 4180 5715 1226
11904 2 2 0 1 1733 5715 4180
11905 2 2 0 1 1519 5324 4596
11906 2 2 0 1 5513 5889 2221
11907 2 2 0 1 4165 6959 1613
11908 2 2 0 1 625 5334 4611
11909 2 2 0 1 4611 5334 1744
11910 2 2 0 1 4720 6674 1507
11911 2 2 0 1 4874 6910 2295
11912 2 2 0 1 197 6910 4874
11913 2 2 0 1 4408 5769 586
11914 2 2 0 1 1820 1871 752
11915 2 2 0 1 729 6682 5766
11916 2 2 0 1 712 6595 4452
11917 2 2 0 1 4452 6595 2053
11918 2 2 0 1 4751 5838 1690
11919 2 2 0 1 1817 5831 4088
11920 2 2 0 1 2191 5910 5020
11921 2 2 0 1 1376 6300 4451
11922 2 2 0 1 1216 5482 5378
11923 2 2 0 1 5378 5482 1662
11924 2 2 0 1 955 6042 4121
11925 2 2 0 1 1291 4696 1869
11926 2 2 0 1 4729 5398 609
11927 2 2 0 1 4215 5705 1534
11928 2 2 0 1 208 5449 4580
11929 2 2 0 1 4580 5449 1771
11930 2 2 0 1 4887 6833 3097
11931 2 2 0 1 2103 6833 4887
11932 2 2 0 1 5599 6058 528
11933 2 2 0 1 3378 3379 853
11934 2 2 0 1 825 6452 4590
11935 2 2 0 1 4590 6452 2058
11936 2 2 0 1 188 6010 4280
11937 2 2 0 1 6458 6610 1236
11938 2 2 0 1 3030 6610 6458
11939 2 2 0 1 602 6600 4619
11940 2 2 0 1 1696 6258 4332
11941 2 2 0 1 5018 6757 1536
11942 2 2 0 1 1460 5621 4889
11943 2 2 0 1 487 3439 1157
11944 2 2 0 1 1615 6259 5059
11945 2 2 0 1 2130 5908 5690
11946 2 2 0 1 5690 5908 852
11947 2 2 0 1 5463 6442 1789
11948 2 2 0 1 5241 5531 1781
11949 2 2 0 1 4376 5531 1414
11950 2 2 0 1 1636 3082 3081
11951 2 2 0 1 6405 6724 2214
11952 2 2 0 1 6681 6913 2135
11953 2 2 0 1 1550 6821 5818
11954 2 2 0 1 823 5976 4028
11955 2 2 0 1 5074 6550 1720
11956 2 2 0 1 4797 5959 645
11957 2 2 0 1 5148 5216 1886
11958 2 2 0 1 1628 5377 4566
11959 2 2 0 1 598 6033 4455
11960 2 2 0 1 687 5654 5270
11961 2 2 0 1 5217 5716 1887
11962 2 2 0 1 1397 5817 4573
11963 2 2 0 1 1818 6156 5372
11964 2 2 0 1 3279 6857 5246
11965 2 2 0 1 1245 5900 4335
11966 2 2 0 1 1693 5250 4765
11967 2 2 0 1 1254 6854 3808
11968 2 2 0 1 1770 5972 5310
11969 2 2 0 1 5401 5402 634
11970 2 2 0 1 2019 5402 5401
11971 2 2 0 1 1382 6844 4509
11972 2 2 0 1 3805 6969 1686
11973 2 2 0 1 1237 6088 4033
11974 2 2 0 1 4033 6088 1778
11975 2 2 0 1 4419 6832 1454
11976 2 2 0 1 1322 6764 3824
11977 2 2 0 1 1713 5368 4601
11978 2 2 0 1 1149 6803 3822
11979 2 2 0 1 1161 6311 4538
11980 2 2 0 1 4782 6343 847
11981 2 2 0 1 224 6777 3829
11982 2 2 0 1 1238 6196 3959
11983 2 2 0 1 6222 6483 2832
11984 2 2 0 1 1843 6483 6222
11985 2 2 0 1 3631 3632 1819
11986 2 2 0 1 1969 5794 4694
11987 2 2 0 1 1592 5725 4553
11988 2 2 0 1 5581 5819 143
11989 2 2 0 1 1513 5685 4274
11990 2 2 0 1 743 5889 5513
11991 2 2 0 1 1399 5488 4456
11992 2 2 0 1 555 5768 4192
11993 2 2 0 1 3162 5113 273
11994 2 2 0 1 2153 6016 5169
11995 2 2 0 1 5169 6016 209
11996 2 2 0 1 5022 6041 554
11997 2 2 0 1 2110 6041 5022
11998 2 2 0 1 1821 5652 4649
11999 2 2 0 1 2036 5460 5389
12000 2 2 0 1 5389 5460 713
12001 2 2 0 1 4069 5944 1900
12002 2 2 0 1 1620 5199 4877
12003 2 2 0 1 4358 6466 782
12004 2 2 0 1 1874 6501 6371
12005 2 2 0 1 5216 5217 1886
12006 2 2 0 1 4543 5645 1730
12007 2 2 0 1 5152 6848 3070
12008 2 2 0 1 1689 5259 4799
12009 2 2 0 1 3864 6958 638
12010 2 2 0 1 2307 6415 5618
12011 2 2 0 1 4507 5469 531
12012 2 2 0 1 2785 6562 6020
12013 2 2 0 1 6020 6562 858
12014 2 2 0 1 4472 5500 2294
12015 2 2 0 1 584 6953 5430
12016 2 2 0 1 358 5324 4722
12017 2 2 0 1 4799 6104 1689
12018 2 2 0 1 1578 6601 4994
12019 2 2 0 1 12 6748 3978
12020 2 2 0 1 3920 6410 364
12021 2 2 0 1 4124 5898 1218
12022 2 2 0 1 4150 5867 1448
12023 2 2 0 1 3882 6684 1853
12024 2 2 0 1 1977 6543 5628
12025 2 2 0 1 619 6106 4020
12026 2 2 0 1 5794 5795 1268
12027 2 2 0 1 1351 6606 4719
12028 2 2 0 1 4298 6699 282
12029 2 2 0 1 2070 6699 4298
12030 2 2 0 1 1697 6559 4624
12031 2 2 0 1 6208 6669 612
12032 2 2 0 1 5015 6601 1578
12033 2 2 0 1 473 6633 5015
12034 2 2 0 1 5015 6633 2273
12035 2 2 0 1 4767 6731 774
12036 2 2 0 1 4447 5863 1720
12037 2 2 0 1 3841 6944 304
12038 2 2 0 1 4258 6269 1333
12039 2 2 0 1 1310 6899 1311
12040 2 2 0 1 2225 5968 5418
12041 2 2 0 1 5418 5968 2016
12042 2 2 0 1 2525 6478 4341
12043 2 2 0 1 1851 6397 4101
12044 2 2 0 1 874 6960 3858
12045 2 2 0 1 4349 6198 1461
12046 2 2 0 1 6178 6441 2779
12047 2 2 0 1 2189 6441 6178
12048 2 2 0 1 4640 5398 1722
12049 2 2 0 1 2636 6251 5647
12050 2 2 0 1 384 5996 5851
12051 2 2 0 1 5851 5996 2410
12052 2 2 0 1 5238 6402 1048
12053 2 2 0 1 1611 5373 4691
12054 2 2 0 1 61 5620 4393
12055 2 2 0 1 1587 5925 5140
12056 2 2 0 1 1556 6546 4550
12057 2 2 0 1 4549 6547 1557
12058 2 2 0 1 290 6243 5033
12059 2 2 0 1 1416 6229 4006
12060 2 2 0 1 743 5657 5426
12061 2 2 0 1 5426 5657 2101
12062 2 2 0 1 1862 5890 5870
12063 2 2 0 1 1942 4273 3148
12064 2 2 0 1 4250 6107 2668
12065 2 2 0 1 4101 6397 1379
12066 2 2 0 1 6946 6982 2529
12067 2 2 0 1 3990 6311 1161
12068 2 2 0 1 2256 4281 240
12069 2 2 0 1 1497 5555 4532
12070 2 2 0 1 4533 5554 1496
12071 2 2 0 1 2002 6845 4151
12072 2 2 0 1 700 6117 4406
12073 2 2 0 1 4406 6117 1889
12074 2 2 0 1 5058 6950 2068
12075 2 2 0 1 4269 5766 1818
12076 2 2 0 1 2542 6166 5420
12077 2 2 0 1 1919 5721 5258
12078 2 2 0 1 5258 5721 2061
12079 2 2 0 1 4881 5455 2031
12080 2 2 0 1 907 5455 4881
12081 2 2 0 1 1789 6442 5470
12082 2 2 0 1 1217 5450 4675
12083 2 2 0 1 4049 6141 2060
12084 2 2 0 1 4737 6276 2452
12085 2 2 0 1 1296 6446 4687
12086 2 2 0 1 593 6272 4224
12087 2 2 0 1 4224 6272 1859
12088 2 2 0 1 4462 6273 1868
12089 2 2 0 1 3470 5298 507
12090 2 2 0 1 2667 6182 4787
12091 2 2 0 1 528 6058 4081
12092 2 2 0 1 847 6874 4782
12093 2 2 0 1 4782 6874 2228
12094 2 2 0 1 3943 6481 330
12095 2 2 0 1 4038 6199 803
12096 2 2 0 1 4045 4412 1532
12097 2 2 0 1 3973 6393 1459
12098 2 2 0 1 652 6451 4836
12099 2 2 0 1 4836 6451 2129
12100 2 2 0 1 4291 5948 1293
12101 2 2 0 1 1788 5200 4983
12102 2 2 0 1 1059 6112 4063
12103 2 2 0 1 4015 5277 1494
12104 2 2 0 1 719 6092 4916
12105 2 2 0 1 1926 5935 4723
12106 2 2 0 1 4723 5935 864
12107 2 2 0 1 4379 6256 1717
12108 2 2 0 1 4119 6003 1336
12109 2 2 0 1 676 6836 5269
12110 2 2 0 1 5812 6533 1966
12111 2 2 0 1 1675 5561 4734
12112 2 2 0 1 2663 5942 4328
12113 2 2 0 1 1352 4411 4410
12114 2 2 0 1 2524 6157 4340
12115 2 2 0 1 3951 6906 1916
12116 2 2 0 1 1779 5283 4871
12117 2 2 0 1 3901 6757 590
12118 2 2 0 1 2719 5478 4736
12119 2 2 0 1 4736 5478 1203
12120 2 2 0 1 4297 5789 614
12121 2 2 0 1 2736 6649 1311
12122 2 2 0 1 583 5188 5187
12123 2 2 0 1 5187 5188 1948
12124 2 2 0 1 3908 6711 1413
12125 2 2 0 1 338 6923 4671
12126 2 2 0 1 4439 5959 1586
12127 2 2 0 1 4947 5629 1552
12128 2 2 0 1 1908 5629 4947
12129 2 2 0 1 3447 6835 4100
12130 2 2 0 1 3895 6846 2074
12131 2 2 0 1 4200 6811 1371
12132 2 2 0 1 4558 5970 875
12133 2 2 0 1 4938 5251 572
12134 2 2 0 1 1792 5251 4938
12135 2 2 0 1 5971 6457 861
12136 2 2 0 1 4287 5791 1659
12137 2 2 0 1 1923 5955 5659
12138 2 2 0 1 1256 4744 4743
12139 2 2 0 1 4267 5826 1683
12140 2 2 0 1 569 5797 4293
12141 2 2 0 1 1498 6982 3884
12142 2 2 0 1 4136 6024 1180
12143 2 2 0 1 2079 6966 3886
12144 2 2 0 1 2454 5556 4547
12145 2 2 0 1 2059 6350 4759
12146 2 2 0 1 4759 6350 1360
12147 2 2 0 1 631 6433 5311
12148 2 2 0 1 2068 6950 3892
12149 2 2 0 1 4695 5430 1589
12150 2 2 0 1 1919 5404 5117
12151 2 2 0 1 5117 5404 3101
12152 2 2 0 1 4675 5450 2171
12153 2 2 0 1 1686 5855 4257
12154 2 2 0 1 6340 6772 2986
12155 2 2 0 1 1028 6772 6340
12156 2 2 0 1 985 6624 6376
12157 2 2 0 1 6376 6624 2932
12158 2 2 0 1 5059 6912 1856
12159 2 2 0 1 2502 5510 4594
12160 2 2 0 1 3210 3881 260
12161 2 2 0 1 2171 6289 4040
12162 2 2 0 1 315 5092 1131
12163 2 2 0 1 5333 6809 2903
12164 2 2 0 1 4293 5797 1758
12165 2 2 0 1 298 5714 4369
12166 2 2 0 1 5170 5212 1834
12167 2 2 0 1 5940 6954 1092
12168 2 2 0 1 5001 5904 1943
12169 2 2 0 1 707 5562 4876
12170 2 2 0 1 215 6206 4067
12171 2 2 0 1 1425 6430 5242
12172 2 2 0 1 1765 5396 4756
12173 2 2 0 1 1794 6804 4003
12174 2 2 0 1 1998 5930 4481
12175 2 2 0 1 4481 5930 809
12176 2 2 0 1 625 6778 4995
12177 2 2 0 1 4120 6088 1237
12178 2 2 0 1 206 5626 4380
12179 2 2 0 1 1480 5157 315
12180 2 2 0 1 4339 5818 309
12181 2 2 0 1 5532 5533 2277
12182 2 2 0 1 1687 5533 5532
12183 2 2 0 1 423 6567 4677
12184 2 2 0 1 5291 5712 2049
12185 2 2 0 1 1922 5712 5291
12186 2 2 0 1 2823 5452 5115
12187 2 2 0 1 5115 5452 1954
12188 2 2 0 1 5454 6627 2116
12189 2 2 0 1 3904 6948 1361
12190 2 2 0 1 5076 6767 1490
12191 2 2 0 1 5736 6680 2357
12192 2 2 0 1 2190 5326 5325
12193 2 2 0 1 5325 5326 1652
12194 2 2 0 1 1142 6081 5348
12195 2 2 0 1 5348 6081 2937
12196 2 2 0 1 2194 6239 5335
12197 2 2 0 1 1902 6713 4230
12198 2 2 0 1 2763 6420 6245
12199 2 2 0 1 6245 6420 2126
12200 2 2 0 1 4182 6138 1809
12201 2 2 0 1 1278 6138 4182
12202 2 2 0 1 473 6761 3936
12203 2 2 0 1 5479 6131 2035
12204 2 2 0 1 4859 5927 596
12205 2 2 0 1 2000 6760 5266
12206 2 2 0 1 1715 6505 4656
12207 2 2 0 1 2818 6605 4670
12208 2 2 0 1 4540 5820 876
12209 2 2 0 1 1454 6832 4663
12210 2 2 0 1 507 5252 5137
12211 2 2 0 1 1882 6583 4088
12212 2 2 0 1 4088 6583 732
12213 2 2 0 1 4756 5651 1765
12214 2 2 0 1 2374 6287 6103
12215 2 2 0 1 4994 5263 1578
12216 2 2 0 1 4242 6672 157
12217 2 2 0 1 1540 6722 4817
12218 2 2 0 1 4100 6197 1074
12219 2 2 0 1 4721 6033 598
12220 2 2 0 1 2689 6792 5756
12221 2 2 0 1 5756 6792 2037
12222 2 2 0 1 1736 6275 4471
12223 2 2 0 1 1845 5219 5196
12224 2 2 0 1 5196 5219 1832
12225 2 2 0 1 4184 6189 2860
12226 2 2 0 1 4500 6087 2010
12227 2 2 0 1 1511 6629 3982
12228 2 2 0 1 2590 6557 4299
12229 2 2 0 1 2138 6109 5354
12230 2 2 0 1 2164 3599 152
12231 2 2 0 1 4264 6734 638
12232 2 2 0 1 674 2322 321
12233 2 2 0 1 1949 6836 3988
12234 2 2 0 1 4484 6819 2915
12235 2 2 0 1 5549 5550 1671
12236 2 2 0 1 2340 5550 5549
12237 2 2 0 1 2280 6767 5076
12238 2 2 0 1 4297 6263 1862
12239 2 2 0 1 614 6263 4297
12240 2 2 0 1 1862 5870 4297
12241 2 2 0 1 278 5523 4679
12242 2 2 0 1 5974 6517 2123
12243 2 2 0 1 390 5645 4543
12244 2 2 0 1 206 4865 521
12245 2 2 0 1 1263 6152 6121
12246 2 2 0 1 1904 5216 5148
12247 2 2 0 1 3282 6876 6868
12248 2 2 0 1 4733 6075 1823
12249 2 2 0 1 614 5789 4399
12250 2 2 0 1 1675 6650 5561
12251 2 2 0 1 2612 5571 4800
12252 2 2 0 1 256 6773 4223
12253 2 2 0 1 1334 6666 3996
12254 2 2 0 1 4027 6511 2108
12255 2 2 0 1 840 6801 5425
12256 2 2 0 1 4517 5669 630
12257 2 2 0 1 4221 6019 2115
12258 2 2 0 1 3978 6748 2095
12259 2 2 0 1 4457 6186 2602
12260 2 2 0 1 2339 6145 4344
12261 2 2 0 1 1835 5212 5170
12262 2 2 0 1 688 6259 4717
12263 2 2 0 1 5176 5323 2769
12264 2 2 0 1 1478 6440 4867
12265 2 2 0 1 1637 5668 4521
12266 2 2 0 1 4916 6092 2018
12267 2 2 0 1 4891 5456 1927
12268 2 2 0 1 1543 5456 4891
12269 2 2 0 1 4449 6615 3130
12270 2 2 0 1 1990 6693 5111
12271 2 2 0 1 5542 5726 3483
12272 2 2 0 1 1278 6128 4168
12273 2 2 0 1 5576 6507 475
12274 2 2 0 1 1857 6460 4147
12275 2 2 0 1 4147 6460 604
12276 2 2 0 1 1605 6923 3961
12277 2 2 0 1 4042 6513 1426
12278 2 2 0 1 1678 5363 5281
12279 2 2 0 1 2010 5913 5436
12280 2 2 0 1 896 6922 3962
12281 2 2 0 1 679 6816 4822
12282 2 2 0 1 5162 6778 625
12283 2 2 0 1 4310 5885 1154
12284 2 2 0 1 1603 5810 4377
12285 2 2 0 1 5073 5515 762
12286 2 2 0 1 1981 5515 5073
12287 2 2 0 1 1565 5901 4304
12288 2 2 0 1 4604 5616 1803
12289 2 2 0 1 796 6551 5420
12290 2 2 0 1 5420 6551 2220
12291 2 2 0 1 4613 5608 342
12292 2 2 0 1 4145 6237 560
12293 2 2 0 1 4537 6670 1729
12294 2 2 0 1 4822 6300 1376
12295 2 2 0 1 4642 6247 493
12296 2 2 0 1 4419 5774 1683
12297 2 2 0 1 4489 5995 299
12298 2 2 0 1 1853 5995 4489
12299 2 2 0 1 5316 6417 599
12300 2 2 0 1 2164 4758 243
12301 2 2 0 1 2367 5451 4803
12302 2 2 0 1 3910 5677 3760
12303 2 2 0 1 4872 6336 1858
12304 2 2 0 1 2581 6737 4005
12305 2 2 0 1 340 5965 4283
12306 2 2 0 1 837 6276 4139
12307 2 2 0 1 693 4646 4645
12308 2 2 0 1 1368 5832 4379
12309 2 2 0 1 5365 5702 1731
12310 2 2 0 1 1740 5948 4291
12311 2 2 0 1 3388 3389 946
12312 2 2 0 1 3984 6887 544
12313 2 2 0 1 545 6886 3985
12314 2 2 0 1 4623 5619 605
12315 2 2 0 1 1764 5842 4625
12316 2 2 0 1 1807 6380 4570
12317 2 2 0 1 1417 6872 4471
12318 2 2 0 1 1872 6688 4313
12319 2 2 0 1 676 6649 2736
12320 2 2 0 1 5470 5471 1789
12321 2 2 0 1 2023 5471 5470
12322 2 2 0 1 5881 6671 2670
12323 2 2 0 1 1979 6671 5881
12324 2 2 0 1 1849 6773 4041
12325 2 2 0 1 4161 6232 635
12326 2 2 0 1 3979 6961 1694
12327 2 2 0 1 4775 5499 690
12328 2 2 0 1 1463 5846 4382
12329 2 2 0 1 621 4201 2991
12330 2 2 0 1 479 5477 5116
12331 2 2 0 1 204 5772 5762
12332 2 2 0 1 5762 5772 2245
12333 2 2 0 1 4345 5887 2047
12334 2 2 0 1 4335 5900 1954
12335 2 2 0 1 770 6894 4500
12336 2 2 0 1 4500 6894 2084
12337 2 2 0 1 5065 5348 2936
12338 2 2 0 1 5045 6168 2894
12339 2 2 0 1 4087 6341 1951
12340 2 2 0 1 4168 6247 1677
12341 2 2 0 1 5275 6508 731
12342 2 2 0 1 2278 6508 5275
12343 2 2 0 1 2035 5962 4654
12344 2 2 0 1 2125 5785 4448
12345 2 2 0 1 303 5724 4521
12346 2 2 0 1 4306 6798 2851
12347 2 2 0 1 4235 6135 2326
12348 2 2 0 1 4380 6390 145
12349 2 2 0 1 6396 6614 2475
12350 2 2 0 1 6292 6955 2989
12351 2 2 0 1 564 6955 6292
12352 2 2 0 1 1867 5665 5619
12353 2 2 0 1 2244 6107 4250
12354 2 2 0 1 4886 6556 1746
12355 2 2 0 1 1413 6711 5101
12356 2 2 0 1 5101 6711 2377
12357 2 2 0 1 4869 6291 278
12358 2 2 0 1 4631 6750 2900
12359 2 2 0 1 5387 6069 1860
12360 2 2 0 1 4248 6344 2755
12361 2 2 0 1 2167 6429 5569
12362 2 2 0 1 5008 6527 2450
12363 2 2 0 1 2052 6313 6008
12364 2 2 0 1 282 6699 4050
12365 2 2 0 1 2010 6087 5913
12366 2 2 0 1 5301 5518 2530
12367 2 2 0 1 1549 5518 5301
12368 2 2 0 1 2121 6232 4843
12369 2 2 0 1 2691 4045 1533
12370 2 2 0 1 4058 6653 2086
12371 2 2 0 1 5192 6927 4010
12372 2 2 0 1 5548 5752 3099
12373 2 2 0 1 4041 6773 256
12374 2 2 0 1 6727 6862 2150
12375 2 2 0 1 6183 6300 2075
12376 2 2 0 1 682 6689 5038
12377 2 2 0 1 6648 6660 167
12378 2 2 0 1 4332 5979 1696
12379 2 2 0 1 4478 5830 1375
12380 2 2 0 1 4774 5579 1566
12381 2 2 0 1 4239 6639 1354
12382 2 2 0 1 1355 6640 4240
12383 2 2 0 1 4270 6195 374
12384 2 2 0 1 1815 6195 4270
12385 2 2 0 1 4725 6174 942
12386 2 2 0 1 5572 6112 1059
12387 2 2 0 1 2267 6112 5572
12388 2 2 0 1 639 6942 4026
12389 2 2 0 1 4422 6881 3161
12390 2 2 0 1 2021 6829 4075
12391 2 2 0 1 5328 6320 2231
12392 2 2 0 1 1625 6320 5328
12393 2 2 0 1 5164 5864 1576
12394 2 2 0 1 2033 5864 5164
12395 2 2 0 1 4617 6848 685
12396 2 2 0 1 1935 6802 5718
12397 2 2 0 1 412 6575 4539
12398 2 2 0 1 4541 6575 412
12399 2 2 0 1 1781 5830 4478
12400 2 2 0 1 4200 6327 800
12401 2 2 0 1 5354 6109 801
12402 2 2 0 1 835 6089 4294
12403 2 2 0 1 5285 5898 2799
12404 2 2 0 1 1218 5898 5285
12405 2 2 0 1 2289 6249 5567
12406 2 2 0 1 5567 6249 2092
12407 2 2 0 1 694 5659 5159
12408 2 2 0 1 5159 5659 2093
12409 2 2 0 1 1415 5863 4447
12410 2 2 0 1 5657 6452 2101
12411 2 2 0 1 4398 6377 1679
12412 2 2 0 1 4459 6177 413
12413 2 2 0 1 1866 6177 4459
12414 2 2 0 1 636 5464 4921
12415 2 2 0 1 4483 6097 1383
12416 2 2 0 1 1202 5834 4641
12417 2 2 0 1 5300 6678 1787
12418 2 2 0 1 506 5323 5176
12419 2 2 0 1 1275 6741 4289
12420 2 2 0 1 4562 5690 4971
12421 2 2 0 1 5755 6326 1932
12422 2 2 0 1 2411 6326 5755
12423 2 2 0 1 1830 5773 4551
12424 2 2 0 1 4551 5773 1829
12425 2 2 0 1 2395 6710 4739
12426 2 2 0 1 4575 6318 592
12427 2 2 0 1 4800 5571 585
12428 2 2 0 1 1978 5981 4369
12429 2 2 0 1 1364 6083 4529
12430 2 2 0 1 2353 6194 5582
12431 2 2 0 1 5213 6375 2067
12432 2 2 0 1 4258 6231 283
12433 2 2 0 1 4059 6828 793
12434 2 2 0 1 4783 5595 1710
12435 2 2 0 1 4354 6008 293
12436 2 2 0 1 4227 6319 671
12437 2 2 0 1 4226 6320 1625
12438 2 2 0 1 4994 6601 757
12439 2 2 0 1 4033 6984 26
12440 2 2 0 1 5247 5968 2225
12441 2 2 0 1 686 5968 5247
12442 2 2 0 1 1982 6822 4162
12443 2 2 0 1 5561 6650 2356
12444 2 2 0 1 488 5107 2787
12445 2 2 0 1 5962 6845 341
12446 2 2 0 1 1991 5604 5336
12447 2 2 0 1 5336 5604 316
12448 2 2 0 1 4082 6770 644
12449 2 2 0 1 1196 6239 5337
12450 2 2 0 1 5337 6239 2194
12451 2 2 0 1 1719 6269 4258
12452 2 2 0 1 4230 6713 1316
12453 2 2 0 1 639 5587 5438
12454 2 2 0 1 5438 5587 2048
12455 2 2 0 1 1674 6972 4600
12456 2 2 0 1 1690 5838 5427
12457 2 2 0 1 5257 6735 1639
12458 2 2 0 1 802 6372 5691
12459 2 2 0 1 646 5651 4756
12460 2 2 0 1 742 6544 4917
12461 2 2 0 1 4917 6544 2136
12462 2 2 0 1 1746 5820 4540
12463 2 2 0 1 4068 6869 1386
12464 2 2 0 1 4269 6264 360
12465 2 2 0 1 1818 6264 4269
12466 2 2 0 1 1640 6395 4217
12467 2 2 0 1 4668 6844 1382
12468 2 2 0 1 5494 5740 2093
12469 2 2 0 1 1894 5740 5494
12470 2 2 0 1 4538 6311 1884
12471 2 2 0 1 4996 5780 765
12472 2 2 0 1 4318 6117 700
12473 2 2 0 1 4131 6641 1418
12474 2 2 0 1 1656 6939 4863
12475 2 2 0 1 2239 5097 5044
12476 2 2 0 1 1279 5953 4425
12477 2 2 0 1 1972 6676 6170
12478 2 2 0 1 3437 6669 6208
12479 2 2 0 1 5142 6446 1296
12480 2 2 0 1 4329 6111 332
12481 2 2 0 1 4223 6399 1188
12482 2 2 0 1 1788 6030 4378
12483 2 2 0 1 4746 5665 1588
12484 2 2 0 1 5393 6158 647
12485 2 2 0 1 1386 6129 4319
12486 2 2 0 1 605 5751 4623
12487 2 2 0 1 5817 5910 1897
12488 2 2 0 1 2109 6495 4183
12489 2 2 0 1 4583 5848 601
12490 2 2 0 1 5099 5725 1592
12491 2 2 0 1 1659 6242 4287
12492 2 2 0 1 4987 6103 786
12493 2 2 0 1 6277 6494 2173
12494 2 2 0 1 2735 6494 6277
12495 2 2 0 1 1729 6670 4748
12496 2 2 0 1 4185 6501 407
12497 2 2 0 1 3267 6757 5018
12498 2 2 0 1 5523 6291 1834
12499 2 2 0 1 1368 6190 4498
12500 2 2 0 1 2093 5955 5494
12501 2 2 0 1 4149 6620 1672
12502 2 2 0 1 4067 6979 215
12503 2 2 0 1 2060 6859 4534
12504 2 2 0 1 4534 6859 1230
12505 2 2 0 1 1291 5824 2015
12506 2 2 0 1 652 6227 4491
12507 2 2 0 1 4573 5817 1897
12508 2 2 0 1 5640 6298 2231
12509 2 2 0 1 2230 6297 5639
12510 2 2 0 1 5528 5529 2571
12511 2 2 0 1 1642 5529 5528
12512 2 2 0 1 1487 5812 4890
12513 2 2 0 1 4890 5812 1966
12514 2 2 0 1 3282 6295 261
12515 2 2 0 1 5512 5983 2182
12516 2 2 0 1 1983 5983 5512
12517 2 2 0 1 4844 6826 889
12518 2 2 0 1 2168 6826 4844
12519 2 2 0 1 4378 6222 769
12520 2 2 0 1 1843 6222 4378
12521 2 2 0 1 192 6125 4494
12522 2 2 0 1 1816 5763 4733
12523 2 2 0 1 5409 6017 2158
12524 2 2 0 1 2047 6017 5409
12525 2 2 0 1 1923 5958 5871
12526 2 2 0 1 5281 5363 2212
12527 2 2 0 1 606 6055 4403
12528 2 2 0 1 4279 6330 2246
12529 2 2 0 1 5042 5989 1800
12530 2 2 0 1 846 6353 5949
12531 2 2 0 1 5949 6353 2501
12532 2 2 0 1 4975 5509 1607
12533 2 2 0 1 2352 6615 4449
12534 2 2 0 1 1945 5848 4583
12535 2 2 0 1 1690 5527 4959
12536 2 2 0 1 1646 6567 4205
12537 2 2 0 1 1930 5708 5132
12538 2 2 0 1 5132 5708 857
12539 2 2 0 1 6452 6637 2101
12540 2 2 0 1 731 6429 6409
12541 2 2 0 1 1764 5570 5569
12542 2 2 0 1 5569 5570 2167
12543 2 2 0 1 4300 6283 1209
12544 2 2 0 1 1891 5739 4953
12545 2 2 0 1 4953 5739 902
12546 2 2 0 1 2259 5641 5150
12547 2 2 0 1 2321 3244 1673
12548 2 2 0 1 5755 6777 2411
12549 2 2 0 1 4317 6253 626
12550 2 2 0 1 4601 5844 1713
12551 2 2 0 1 4601 6883 2077
12552 2 2 0 1 798 6883 4601
12553 2 2 0 1 1787 6678 6103
12554 2 2 0 1 5227 5494 306
12555 2 2 0 1 1894 5494 5227
12556 2 2 0 1 888 5838 4751
12557 2 2 0 1 4577 5871 1523
12558 2 2 0 1 731 6409 5275
12559 2 2 0 1 349 6645 4188
12560 2 2 0 1 1506 6858 4686
12561 2 2 0 1 4686 6858 2104
12562 2 2 0 1 4889 5621 2292
12563 2 2 0 1 1218 6935 4124
12564 2 2 0 1 4139 6875 2224
12565 2 2 0 1 657 5857 4608
12566 2 2 0 1 1999 5908 5465
12567 2 2 0 1 5465 5908 2130
12568 2 2 0 1 4332 6258 300
12569 2 2 0 1 1754 6029 4453
12570 2 2 0 1 5205 6974 1680
12571 2 2 0 1 4755 6051 1406
12572 2 2 0 1 1909 6051 4755
12573 2 2 0 1 626 6534 4612
12574 2 2 0 1 4862 5654 687
12575 2 2 0 1 5059 6259 688
12576 2 2 0 1 4455 6033 1699
12577 2 2 0 1 4625 5842 591
12578 2 2 0 1 779 6131 5656
12579 2 2 0 1 4189 6675 2193
12580 2 2 0 1 1383 6001 4483
12581 2 2 0 1 1688 6439 4526
12582 2 2 0 1 4753 6872 1417
12583 2 2 0 1 2108 6511 4940
12584 2 2 0 1 4940 6511 776
12585 2 2 0 1 1838 6899 2565
12586 2 2 0 1 5370 6268 217
12587 2 2 0 1 2251 6268 5370
12588 2 2 0 1 5464 6796 2073
12589 2 2 0 1 5160 5448 1767
12590 2 2 0 1 2614 6533 5519
12591 2 2 0 1 2527 6272 6115
12592 2 2 0 1 6115 6272 593
12593 2 2 0 1 5683 6355 2142
12594 2 2 0 1 6030 6657 4378
12595 2 2 0 1 4982 6045 2535
12596 2 2 0 1 4694 5794 1970
12597 2 2 0 1 1997 5906 5475
12598 2 2 0 1 5475 5906 2131
12599 2 2 0 1 2136 6235 4917
12600 2 2 0 1 4917 6235 2494
12601 2 2 0 1 1780 6470 4670
12602 2 2 0 1 2155 6337 5035
12603 2 2 0 1 2404 6240 4711
12604 2 2 0 1 5299 5551 2178
12605 2 2 0 1 919 5551 5299
12606 2 2 0 1 1014 6728 5025
12607 2 2 0 1 5025 6728 2346
12608 2 2 0 1 4546 6089 2539
12609 2 2 0 1 677 5217 5216
12610 2 2 0 1 2548 6954 5940
12611 2 2 0 1 4733 5763 420
12612 2 2 0 1 2295 5658 4874
12613 2 2 0 1 1226 6760 4184
12614 2 2 0 1 2000 6762 6760
12615 2 2 0 1 829 5721 5117
12616 2 2 0 1 5117 5721 1919
12617 2 2 0 1 1685 5694 5013
12618 2 2 0 1 4215 6795 212
12619 2 2 0 1 1907 6795 4215
12620 2 2 0 1 4780 6877 597
12621 2 2 0 1 3628 3629 240
12622 2 2 0 1 1160 6325 4334
12623 2 2 0 1 1405 6282 5139
12624 2 2 0 1 5345 6151 1827
12625 2 2 0 1 5587 5624 2048
12626 2 2 0 1 1844 5624 5587
12627 2 2 0 1 4570 5945 1421
12628 2 2 0 1 1725 6146 4427
12629 2 2 0 1 866 6256 4379
12630 2 2 0 1 2722 6488 4286
12631 2 2 0 1 696 6840 4209
12632 2 2 0 1 4608 5921 657
12633 2 2 0 1 2234 6046 4502
12634 2 2 0 1 827 6638 5359
12635 2 2 0 1 5359 6638 2288
12636 2 2 0 1 1785 6648 4962
12637 2 2 0 1 4629 5999 629
12638 2 2 0 1 1845 5999 4629
12639 2 2 0 1 1739 6811 4200
12640 2 2 0 1 4330 6381 2180
12641 2 2 0 1 2773 6834 4718
12642 2 2 0 1 4718 6834 2472
12643 2 2 0 1 1383 6097 4708
12644 2 2 0 1 4288 6515 465
12645 2 2 0 1 6053 6261 2474
12646 2 2 0 1 832 6261 6053
12647 2 2 0 1 1969 5795 5794
12648 2 2 0 1 2718 6009 4616
12649 2 2 0 1 424 6939 4175
12650 2 2 0 1 2101 5540 5426
12651 2 2 0 1 5080 5694 1685
12652 2 2 0 1 727 6375 4343
12653 2 2 0 1 1832 5933 5196
12654 2 2 0 1 1676 6381 5273
12655 2 2 0 1 6427 6787 2005
12656 2 2 0 1 1801 5576 5575
12657 2 2 0 1 5530 5907 2131
12658 2 2 0 1 407 5761 4791
12659 2 2 0 1 786 6824 4987
12660 2 2 0 1 1490 6767 4228
12661 2 2 0 1 4593 6638 2965
12662 2 2 0 1 4936 6588 806
12663 2 2 0 1 2118 6588 4936
12664 2 2 0 1 4870 6350 2805
12665 2 2 0 1 335 6123 4950
12666 2 2 0 1 4950 6123 2294
12667 2 2 0 1 435 6160 1838
12668 2 2 0 1 2131 5906 5525
12669 2 2 0 1 5525 5906 745
12670 2 2 0 1 3486 6620 5110
12671 2 2 0 1 139 5907 5530
12672 2 2 0 1 6193 6802 1935
12673 2 2 0 1 4921 6047 636
12674 2 2 0 1 4978 5711 2169
12675 2 2 0 1 4647 5928 1785
12676 2 2 0 1 3174 6037 5011
12677 2 2 0 1 4277 6618 457
12678 2 2 0 1 4808 6590 1799
12679 2 2 0 1 4494 6125 2830
12680 2 2 0 1 2028 2029 314
12681 2 2 0 1 2089 5935 5577
12682 2 2 0 1 5785 5786 2126
12683 2 2 0 1 2125 5786 5785
12684 2 2 0 1 2182 5983 5610
12685 2 2 0 1 5610 5983 950
12686 2 2 0 1 4338 6444 607
12687 2 2 0 1 4617 6784 1793
12688 2 2 0 1 4539 6837 412
12689 2 2 0 1 662 6162 4834
12690 2 2 0 1 4834 6162 1953
12691 2 2 0 1 1816 6331 4690
12692 2 2 0 1 1758 5656 4964
12693 2 2 0 1 4854 5934 2313
12694 2 2 0 1 2214 5907 5747
12695 2 2 0 1 5747 5907 139
12696 2 2 0 1 6868 6876 292
12697 2 2 0 1 2019 5401 5400
12698 2 2 0 1 5400 5401 1823
12699 2 2 0 1 3409 6956 4787
12700 2 2 0 1 4928 6072 1563
12701 2 2 0 1 4518 6868 292
12702 2 2 0 1 5675 5787 2143
12703 2 2 0 1 1885 5787 5675
12704 2 2 0 1 1757 3935 315
12705 2 2 0 1 4341 6478 2368
12706 2 2 0 1 150 5352 3426
12707 2 2 0 1 5862 6496 2463
12708 2 2 0 1 2002 6496 5862
12709 2 2 0 1 4822 6816 2075
12710 2 2 0 1 2122 6417 5316
12711 2 2 0 1 5692 6314 2139
12712 2 2 0 1 5167 6063 1827
12713 2 2 0 1 5723 6693 2645
12714 2 2 0 1 1560 5416 5388
12715 2 2 0 1 5388 5416 2532
12716 2 2 0 1 5170 6007 1835
12717 2 2 0 1 2277 6921 4228
12718 2 2 0 1 5173 6509 402
12719 2 2 0 1 2165 6509 5173
12720 2 2 0 1 2058 6589 4590
12721 2 2 0 1 1563 6072 4943
12722 2 2 0 1 212 6795 4255
12723 2 2 0 1 6365 6806 2063
12724 2 2 0 1 3331 6701 5202
12725 2 2 0 1 4660 5958 935
12726 2 2 0 1 4498 6190 1782
12727 2 2 0 1 1710 5837 4783
12728 2 2 0 1 4870 6274 1360
12729 2 2 0 1 942 4527 3599
12730 2 2 0 1 1562 6499 4861
12731 2 2 0 1 1423 6947 4226
12732 2 2 0 1 1812 6262 4983
12733 2 2 0 1 4266 6964 83
12734 2 2 0 1 1698 6329 5382
12735 2 2 0 1 2512 5637 5069
12736 2 2 0 1 4313 6708 1872
12737 2 2 0 1 4259 6656 1951
12738 2 2 0 1 1706 6679 4664
12739 2 2 0 1 5123 6469 1915
12740 2 2 0 1 4728 6438 1527
12741 2 2 0 1 1977 6438 4728
12742 2 2 0 1 2418 6618 5233
12743 2 2 0 1 4491 6227 1783
12744 2 2 0 1 1292 6642 4301
12745 2 2 0 1 2588 6535 4540
12746 2 2 0 1 4876 6540 707
12747 2 2 0 1 4471 6275 596
12748 2 2 0 1 5589 5802 2638
12749 2 2 0 1 1633 5802 5589
12750 2 2 0 1 5110 6620 264
12751 2 2 0 1 5871 5955 1923
12752 2 2 0 1 2381 6545 4922
12753 2 2 0 1 612 6669 4690
12754 2 2 0 1 4665 6981 3441
12755 2 2 0 1 4573 6383 490
12756 2 2 0 1 1897 6383 4573
12757 2 2 0 1 945 3468 152
12758 2 2 0 1 1904 5591 5590
12759 2 2 0 1 4963 5932 1604
12760 2 2 0 1 5569 6429 731
12761 2 2 0 1 4558 6941 2909
12762 2 2 0 1 5918 6458 1236
12763 2 2 0 1 2459 6458 5918
12764 2 2 0 1 4387 6471 2296
12765 2 2 0 1 6346 6788 1928
12766 2 2 0 1 2655 6468 5850
12767 2 2 0 1 975 6621 4326
12768 2 2 0 1 4545 6809 1822
12769 2 2 0 1 4845 6395 2986
12770 2 2 0 1 1524 6321 4476
12771 2 2 0 1 5383 6338 2541
12772 2 2 0 1 1701 5939 4824
12773 2 2 0 1 4528 6228 1924
12774 2 2 0 1 2134 6717 6301
12775 2 2 0 1 6301 6717 2758
12776 2 2 0 1 2757 6716 6302
12777 2 2 0 1 6302 6716 2133
12778 2 2 0 1 4831 6528 627
12779 2 2 0 1 1681 6539 4791
12780 2 2 0 1 417 6708 4313
12781 2 2 0 1 4656 6052 1715
12782 2 2 0 1 4943 6686 1563
12783 2 2 0 1 4510 6480 1896
12784 2 2 0 1 423 6480 4510
12785 2 2 0 1 4543 6240 390
12786 2 2 0 1 663 6374 4682
12787 2 2 0 1 4682 6374 2282
12788 2 2 0 1 5015 6046 473
12789 2 2 0 1 1403 6830 4293
12790 2 2 0 1 4747 6569 422
12791 2 2 0 1 2009 6569 4747
12792 2 2 0 1 1434 6697 4920
12793 2 2 0 1 4785 6125 192
12794 2 2 0 1 4883 6470 1780
12795 2 2 0 1 6314 6597 2139
12796 2 2 0 1 4685 6042 2260
12797 2 2 0 1 5339 5923 1737
12798 2 2 0 1 5148 6268 1904
12799 2 2 0 1 1910 5694 5080
12800 2 2 0 1 4635 6104 767
12801 2 2 0 1 4692 6043 2155
12802 2 2 0 1 817 6581 5039
12803 2 2 0 1 1810 6549 4820
12804 2 2 0 1 5135 5663 663
12805 2 2 0 1 5760 6472 2152
12806 2 2 0 1 1011 5781 5153
12807 2 2 0 1 5153 5781 2153
12808 2 2 0 1 4368 6635 1721
12809 2 2 0 1 1371 6811 4813
12810 2 2 0 1 4759 6231 2059
12811 2 2 0 1 283 6231 4759
12812 2 2 0 1 2030 6838 4613
12813 2 2 0 1 4613 6838 1417
12814 2 2 0 1 2070 6158 5393
12815 2 2 0 1 1909 6584 4436
12816 2 2 0 1 809 5930 4798
12817 2 2 0 1 4954 5771 1630
12818 2 2 0 1 1665 6368 4499
12819 2 2 0 1 283 6808 4315
12820 2 2 0 1 4737 6490 1530
12821 2 2 0 1 352 6388 4493
12822 2 2 0 1 421 3244 752
12823 2 2 0 1 1614 6364 4506
12824 2 2 0 1 4401 6579 397
12825 2 2 0 1 4995 6778 1596
12826 2 2 0 1 6323 6369 2017
12827 2 2 0 1 2585 6369 6323
12828 2 2 0 1 1294 6116 4659
12829 2 2 0 1 2195 6871 6358
12830 2 2 0 1 4836 6227 652
12831 2 2 0 1 4443 6506 1319
12832 2 2 0 1 4451 6730 1932
12833 2 2 0 1 419 6730 4451
12834 2 2 0 1 2192 6712 4359
12835 2 2 0 1 677 5716 5217
12836 2 2 0 1 758 6141 4945
12837 2 2 0 1 4727 6036 2163
12838 2 2 0 1 1449 6565 4416
12839 2 2 0 1 2506 5622 4023
12840 2 2 0 1 4628 6476 4865
12841 2 2 0 1 4611 6207 625
12842 2 2 0 1 5078 6396 2475
12843 2 2 0 1 4051 5888 5716
12844 2 2 0 1 4833 6101 430
12845 2 2 0 1 5706 6763 2441
12846 2 2 0 1 329 6763 5706
12847 2 2 0 1 5860 6269 1719
12848 2 2 0 1 2569 6269 5860
12849 2 2 0 1 4440 6529 735
12850 2 2 0 1 3470 4417 2028
12851 2 2 0 1 628 6622 4394
12852 2 2 0 1 1848 6035 6034
12853 2 2 0 1 6034 6035 2339
12854 2 2 0 1 4154 4155 2258
12855 2 2 0 1 2203 5827 5511
12856 2 2 0 1 5515 5609 1952
12857 2 2 0 1 1981 5609 5515
12858 2 2 0 1 2777 5959 4797
12859 2 2 0 1 2052 6008 5655
12860 2 2 0 1 4651 6577 365
12861 2 2 0 1 845 6614 6396
12862 2 2 0 1 1905 6841 4331
12863 2 2 0 1 1137 6093 4701
12864 2 2 0 1 2158 6199 5409
12865 2 2 0 1 5046 6966 2079
12866 2 2 0 1 1978 6072 5981
12867 2 2 0 1 5100 5976 2490
12868 2 2 0 1 1971 6613 4638
12869 2 2 0 1 4638 6613 622
12870 2 2 0 1 1761 5788 5047
12871 2 2 0 1 2321 2423 198
12872 2 2 0 1 2230 6885 5777
12873 2 2 0 1 5317 6492 1561
12874 2 2 0 1 2183 6492 5317
12875 2 2 0 1 2157 5725 5099
12876 2 2 0 1 1814 6926 4893
12877 2 2 0 1 4708 6097 2004
12878 2 2 0 1 5426 5540 1799
12879 2 2 0 1 2105 5934 4854
12880 2 2 0 1 2100 5927 5544
12881 2 2 0 1 1747 5927 4859
12882 2 2 0 1 5544 5927 1747
12883 2 2 0 1 420 6075 4733
12884 2 2 0 1 2007 6586 4770
12885 2 2 0 1 4770 6586 247
12886 2 2 0 1 4471 6524 1417
12887 2 2 0 1 1156 6359 3554
12888 2 2 0 1 196 6418 6312
12889 2 2 0 1 6312 6418 2579
12890 2 2 0 1 1859 6272 6271
12891 2 2 0 1 6271 6272 2527
12892 2 2 0 1 822 6646 5196
12893 2 2 0 1 4912 6926 1814
12894 2 2 0 1 4826 6496 2002
12895 2 2 0 1 738 6496 4826
12896 2 2 0 1 2686 6788 6346
12897 2 2 0 1 1406 6051 4776
12898 2 2 0 1 4798 6296 2376
12899 2 2 0 1 853 5346 3378
12900 2 2 0 1 6566 6823 2226
12901 2 2 0 1 4570 6380 737
12902 2 2 0 1 2591 6898 5878
12903 2 2 0 1 5878 6898 2237
12904 2 2 0 1 5961 6909 2308
12905 2 2 0 1 1663 5969 5358
12906 2 2 0 1 5358 5969 2082
12907 2 2 0 1 5392 5732 2720
12908 2 2 0 1 1941 5732 5392
12909 2 2 0 1 4638 6506 1971
12910 2 2 0 1 1319 6506 4638
12911 2 2 0 1 1576 6252 4654
12912 2 2 0 1 5119 5830 3045
12913 2 2 0 1 4621 6902 64
12914 2 2 0 1 1639 5673 5257
12915 2 2 0 1 1931 6463 4531
12916 2 2 0 1 5604 5783 2065
12917 2 2 0 1 1991 5783 5604
12918 2 2 0 1 5525 5530 2131
12919 2 2 0 1 5096 6142 1852
12920 2 2 0 1 4622 6313 1539
12921 2 2 0 1 6023 6962 286
12922 2 2 0 1 842 6791 3391
12923 2 2 0 1 1810 5530 5525
12924 2 2 0 1 4767 6398 1931
12925 2 2 0 1 774 6398 4767
12926 2 2 0 1 1890 6468 4571
12927 2 2 0 1 4571 6468 1373
12928 2 2 0 1 2055 5806 5043
12929 2 2 0 1 6009 6105 2969
12930 2 2 0 1 2132 6171 5445
12931 2 2 0 1 5445 6171 1664
12932 2 2 0 1 328 6876 976
12933 2 2 0 1 1760 5825 5022
12934 2 2 0 1 1626 6518 5144
12935 2 2 0 1 4941 6813 1389
12936 2 2 0 1 1145 2877 1804
12937 2 2 0 1 927 4421 2919
12938 2 2 0 1 6506 6660 1971
12939 2 2 0 1 5005 6607 644
12940 2 2 0 1 1940 6818 4944
12941 2 2 0 1 2123 6517 5813
12942 2 2 0 1 1680 6974 6147
12943 2 2 0 1 6147 6974 2753
12944 2 2 0 1 1928 6782 4858
12945 2 2 0 1 1301 6455 4569
12946 2 2 0 1 1232 6818 4406
12947 2 2 0 1 6409 6820 1808
12948 2 2 0 1 1746 6556 5820
12949 2 2 0 1 5328 5776 142
12950 2 2 0 1 2231 5776 5328
12951 2 2 0 1 801 5980 5354
12952 2 2 0 1 2929 6257 4699
12953 2 2 0 1 987 6145 6035
12954 2 2 0 1 6035 6145 2339
12955 2 2 0 1 4481 6636 1998
12956 2 2 0 1 1636 5440 859
12957 2 2 0 1 1952 6038 5796
12958 2 2 0 1 2358 5107 488
12959 2 2 0 1 1131 6358 6078
12960 2 2 0 1 1808 6820 5496
12961 2 2 0 1 1683 6832 4419
12962 2 2 0 1 4458 6730 419
12963 2 2 0 1 4442 6807 922
12964 2 2 0 1 4717 6259 2268
12965 2 2 0 1 1375 5830 5119
12966 2 2 0 1 4384 6986 1602
12967 2 2 0 1 5037 6921 844
12968 2 2 0 1 5439 6596 2599
12969 2 2 0 1 966 6596 5439
12970 2 2 0 1 5437 5693 1920
12971 2 2 0 1 5787 6637 825
12972 2 2 0 1 5079 5995 3198
12973 2 2 0 1 299 5995 5079
12974 2 2 0 1 4821 6284 1445
12975 2 2 0 1 1917 6284 4821
12976 2 2 0 1 1753 6575 4541
12977 2 2 0 1 1906 5932 4963
12978 2 2 0 1 5686 5946 2056
12979 2 2 0 1 4657 6374 663
12980 2 2 0 1 5696 6774 2399
12981 2 2 0 1 781 6774 5696
12982 2 2 0 1 718 5904 5001
12983 2 2 0 1 4690 6331 1469
12984 2 2 0 1 5594 5984 2119
12985 2 2 0 1 782 5984 5594
12986 2 2 0 1 4787 6182 1102
12987 2 2 0 1 1915 5893 5123
12988 2 2 0 1 5123 5893 1735
12989 2 2 0 1 653 6028 5076
12990 2 2 0 1 2503 5157 1480
12991 2 2 0 1 1841 6101 4833
12992 2 2 0 1 4566 6659 442
12993 2 2 0 1 4447 6867 1415
12994 2 2 0 1 4428 6793 2040
12995 2 2 0 1 2041 6794 4429
12996 2 2 0 1 5020 5910 643
12997 2 2 0 1 4574 6554 495
12998 2 2 0 1 314 2337 2028
12999 2 2 0 1 5253 5753 2457
13000 2 2 0 1 5311 6433 2422
13001 2 2 0 1 1727 6303 5499
13002 2 2 0 1 5482 6100 2272
13003 2 2 0 1 533 6670 4537
13004 2 2 0 1 845 6396 4685
13005 2 2 0 1 603 6445 4932
13006 2 2 0 1 1870 5853 5132
13007 2 2 0 1 1632 6843 4473
13008 2 2 0 1 2753 6644 4625
13009 2 2 0 1 5374 6873 3962
13010 2 2 0 1 5632 5798 1809
13011 2 2 0 1 3660 6401 5305
13012 2 2 0 1 1950 6759 5662
13013 2 2 0 1 5662 6759 2356
13014 2 2 0 1 4471 6872 1736
13015 2 2 0 1 6281 6628 980
13016 2 2 0 1 2627 6628 6281
13017 2 2 0 1 1762 5696 5695
13018 2 2 0 1 5695 5696 2399
13019 2 2 0 1 2235 6592 4592
13020 2 2 0 1 279 5693 5437
13021 2 2 0 1 189 6346 4858
13022 2 2 0 1 4858 6346 1928
13023 2 2 0 1 1893 6659 4566
13024 2 2 0 1 4670 6470 333
13025 2 2 0 1 2697 6580 4605
13026 2 2 0 1 647 6823 4584
13027 2 2 0 1 4687 6446 2927
13028 2 2 0 1 2212 6831 5281
13029 2 2 0 1 5385 5919 470
13030 2 2 0 1 4696 6295 178
13031 2 2 0 1 4656 6505 222
13032 2 2 0 1 4624 6559 297
13033 2 2 0 1 1678 5988 4743
13034 2 2 0 1 4509 6844 1712
13035 2 2 0 1 5039 5966 817
13036 2 2 0 1 689 6110 4947
13037 2 2 0 1 4947 6110 1908
13038 2 2 0 1 2288 6638 4593
13039 2 2 0 1 5799 6932 855
13040 2 2 0 1 2498 6932 5799
13041 2 2 0 1 1895 5966 5039
13042 2 2 0 1 4943 6072 1978
13043 2 2 0 1 485 6296 4795
13044 2 2 0 1 5214 6534 626
13045 2 2 0 1 834 6756 4781
13046 2 2 0 1 776 6511 5129
13047 2 2 0 1 4495 6914 1594
13048 2 2 0 1 4619 6600 1684
13049 2 2 0 1 5166 6539 1681
13050 2 2 0 1 345 6675 5550
13051 2 2 0 1 1047 6404 4741
13052 2 2 0 1 4575 6710 1375
13053 2 2 0 1 755 5248 3091
13054 2 2 0 1 4745 6428 1793
13055 2 2 0 1 2115 5990 5644
13056 2 2 0 1 5644 5990 1429
13057 2 2 0 1 5720 6038 1952
13058 2 2 0 1 1704 6343 4782
13059 2 2 0 1 4655 6642 1292
13060 2 2 0 1 2169 6642 4655
13061 2 2 0 1 1907 6467 4713
13062 2 2 0 1 1356 6809 4545
13063 2 2 0 1 989 6045 4982
13064 2 2 0 1 726 6441 5558
13065 2 2 0 1 5558 6441 2189
13066 2 2 0 1 1046 5989 5042
13067 2 2 0 1 366 6235 5495
13068 2 2 0 1 5495 6235 2136
13069 2 2 0 1 1862 5891 5890
13070 2 2 0 1 5890 5891 2275
13071 2 2 0 1 5447 6310 1900
13072 2 2 0 1 5140 5925 2390
13073 2 2 0 1 533 6658 4789
13074 2 2 0 1 4789 6658 1990
13075 2 2 0 1 4781 6756 2005
13076 2 2 0 1 5508 6619 952
13077 2 2 0 1 2253 6619 5508
13078 2 2 0 1 1892 5986 5073
13079 2 2 0 1 2075 6300 4822
13080 2 2 0 1 747 6504 5981
13081 2 2 0 1 1063 6250 5021
13082 2 2 0 1 5021 6250 1964
13083 2 2 0 1 1717 6256 5617
13084 2 2 0 1 1721 6446 5142
13085 2 2 0 1 5515 5796 762
13086 2 2 0 1 1857 6080 6079
13087 2 2 0 1 6079 6080 2428
13088 2 2 0 1 4868 6411 291
13089 2 2 0 1 231 6875 5264
13090 2 2 0 1 2067 6375 6252
13091 2 2 0 1 622 6965 4511
13092 2 2 0 1 609 6489 4729
13093 2 2 0 1 1898 6118 5209
13094 2 2 0 1 1156 4155 2257
13095 2 2 0 1 314 5938 5440
13096 2 2 0 1 4065 6871 1420
13097 2 2 0 1 309 5818 5432
13098 2 2 0 1 5305 6401 599
13099 2 2 0 1 5251 6073 2398
13100 2 2 0 1 5691 5764 2024
13101 2 2 0 1 5281 6831 1255
13102 2 2 0 1 237 4653 4652
13103 2 2 0 1 5517 6379 2625
13104 2 2 0 1 1934 6425 4860
13105 2 2 0 1 4860 6425 746
13106 2 2 0 1 5477 6204 3158
13107 2 2 0 1 479 6204 5477
13108 2 2 0 1 5232 6495 775
13109 2 2 0 1 5651 5675 2143
13110 2 2 0 1 5535 6571 1902
13111 2 2 0 1 646 5675 5651
13112 2 2 0 1 5076 6028 2280
13113 2 2 0 1 5196 5933 822
13114 2 2 0 1 1787 6103 4987
13115 2 2 0 1 4711 6557 816
13116 2 2 0 1 5978 6480 2750
13117 2 2 0 1 4755 6584 1909
13118 2 2 0 1 572 6543 4728
13119 2 2 0 1 5164 5962 341
13120 2 2 0 1 1597 5726 5542
13121 2 2 0 1 159 6952 4707
13122 2 2 0 1 2605 6941 4558
13123 2 2 0 1 2141 6903 5030
13124 2 2 0 1 5030 6903 467
13125 2 2 0 1 1357 6784 4617
13126 2 2 0 1 6244 6894 2675
13127 2 2 0 1 2084 6894 6244
13128 2 2 0 1 1718 6096 5031
13129 2 2 0 1 5684 6397 3322
13130 2 2 0 1 1700 6010 5128
13131 2 2 0 1 416 6133 5000
13132 2 2 0 1 1530 6490 5136
13133 2 2 0 1 439 6703 6070
13134 2 2 0 1 6096 6365 2063
13135 2 2 0 1 2189 6902 4621
13136 2 2 0 1 4820 6549 651
13137 2 2 0 1 4690 6669 1816
13138 2 2 0 1 1970 6191 4966
13139 2 2 0 1 776 6745 4940
13140 2 2 0 1 4940 6745 2040
13141 2 2 0 1 1653 5875 5367
13142 2 2 0 1 6738 6739 1117
13143 2 2 0 1 2129 6405 4836
13144 2 2 0 1 5457 5458 1623
13145 2 2 0 1 5490 6491 2184
13146 2 2 0 1 800 6491 5490
13147 2 2 0 1 4907 6364 3343
13148 2 2 0 1 736 6864 5209
13149 2 2 0 1 4609 6927 433
13150 2 2 0 1 1974 6927 4609
13151 2 2 0 1 4873 6426 867
13152 2 2 0 1 2789 6111 5186
13153 2 2 0 1 2044 6813 4941
13154 2 2 0 1 3632 3745 1819
13155 2 2 0 1 1360 6350 4870
13156 2 2 0 1 1878 6971 5066
13157 2 2 0 1 763 5946 5436
13158 2 2 0 1 5436 5946 2010
13159 2 2 0 1 6294 6366 2445
13160 2 2 0 1 1929 6366 6294
13161 2 2 0 1 1793 6848 4617
13162 2 2 0 1 4884 6339 1806
13163 2 2 0 1 1915 6469 5919
13164 2 2 0 1 5432 5818 2121
13165 2 2 0 1 1651 5752 5548
13166 2 2 0 1 6078 6358 238
13167 2 2 0 1 745 6293 4933
13168 2 2 0 1 716 6007 5170
13169 2 2 0 1 5151 6786 138
13170 2 2 0 1 5250 6154 2537
13171 2 2 0 1 5499 6514 690
13172 2 2 0 1 2570 5957 2724
13173 2 2 0 1 5332 5892 1826
13174 2 2 0 1 4898 6611 2414
13175 2 2 0 1 175 6584 4755
13176 2 2 0 1 5427 5838 2270
13177 2 2 0 1 5178 6031 1918
13178 2 2 0 1 1166 6168 5045
13179 2 2 0 1 710 6464 5379
13180 2 2 0 1 2235 6785 6592
13181 2 2 0 1 4983 6262 371
13182 2 2 0 1 5784 6262 1812
13183 2 2 0 1 5420 6166 796
13184 2 2 0 1 3912 5201 392
13185 2 2 0 1 4959 6846 347
13186 2 2 0 1 2074 6846 4959
13187 2 2 0 1 4777 6581 2269
13188 2 2 0 1 1952 5796 5515
13189 2 2 0 1 5963 6931 2532
13190 2 2 0 1 2207 6931 5963
13191 2 2 0 1 685 6848 5152
13192 2 2 0 1 1157 3554 487
13193 2 2 0 1 1773 6598 4771
13194 2 2 0 1 5781 6016 2153
13195 2 2 0 1 2057 6016 5781
13196 2 2 0 1 724 6517 5974
13197 2 2 0 1 675 6063 5167
13198 2 2 0 1 1912 6426 4873
13199 2 2 0 1 513 5991 5520
13200 2 2 0 1 5520 5991 2199
13201 2 2 0 1 4867 6440 2196
13202 2 2 0 1 1289 6065 5601
13203 2 2 0 1 5601 6065 2334
13204 2 2 0 1 652 6142 5096
13205 2 2 0 1 5803 6148 2188
13206 2 2 0 1 2083 6148 5803
13207 2 2 0 1 910 6794 4939
13208 2 2 0 1 4939 6794 2041
13209 2 2 0 1 5892 6664 771
13210 2 2 0 1 6180 6324 2021
13211 2 2 0 1 4723 6734 1926
13212 2 2 0 1 4138 5560 2503
13213 2 2 0 1 5511 5827 296
13214 2 2 0 1 1811 6528 4831
13215 2 2 0 1 5310 5972 1006
13216 2 2 0 1 1544 6566 4806
13217 2 2 0 1 217 6268 5148
13218 2 2 0 1 2974 3912 1610
13219 2 2 0 1 2358 5590 933
13220 2 2 0 1 5033 6243 2050
13221 2 2 0 1 2322 4855 2321
13222 2 2 0 1 1943 6285 5001
13223 2 2 0 1 2785 6563 6562
13224 2 2 0 1 6562 6563 1911
13225 2 2 0 1 659 6049 5501
13226 2 2 0 1 5849 6175 2179
13227 2 2 0 1 1915 5919 5385
13228 2 2 0 1 5835 6248 2107
13229 2 2 0 1 2229 6248 5835
13230 2 2 0 1 5617 6256 2835
13231 2 2 0 1 758 6920 4669
13232 2 2 0 1 501 6570 4817
13233 2 2 0 1 1997 6293 5906
13234 2 2 0 1 650 6590 4808
13235 2 2 0 1 6126 6713 3278
13236 2 2 0 1 4851 6545 367
13237 2 2 0 1 5084 6221 386
13238 2 2 0 1 4786 6706 1960
13239 2 2 0 1 701 6706 4786
13240 2 2 0 1 4723 6893 1984
13241 2 2 0 1 864 6893 4723
13242 2 2 0 1 5071 6973 1541
13243 2 2 0 1 5242 6430 1925
13244 2 2 0 1 4958 6373 693
13245 2 2 0 1 2271 5798 5632
13246 2 2 0 1 5436 5913 1937
13247 2 2 0 1 1858 6382 4872
13248 2 2 0 1 2682 6981 4665
13249 2 2 0 1 228 6662 5874
13250 2 2 0 1 5874 6662 2357
13251 2 2 0 1 5467 6690 2009
13252 2 2 0 1 2001 5764 5691
13253 2 2 0 1 2575 6765 5737
13254 2 2 0 1 5737 6765 2187
13255 2 2 0 1 1573 5366 4116
13256 2 2 0 1 5428 6465 1124
13257 2 2 0 1 2428 6465 5428
13258 2 2 0 1 4932 6445 2085
13259 2 2 0 1 2738 6579 5118
13260 2 2 0 1 5354 5980 1888
13261 2 2 0 1 1541 6973 5093
13262 2 2 0 1 1924 6421 5081
13263 2 2 0 1 4760 6873 440
13264 2 2 0 1 5209 6118 736
13265 2 2 0 1 82 6964 4686
13266 2 2 0 1 1293 5948 5741
13267 2 2 0 1 2384 6651 6026
13268 2 2 0 1 2718 6105 6009
13269 2 2 0 1 2681 6577 4866
13270 2 2 0 1 1772 6074 5280
13271 2 2 0 1 1957 6942 4930
13272 2 2 0 1 1417 6838 4753
13273 2 2 0 1 137 6556 4886
13274 2 2 0 1 6216 6241 2324
13275 2 2 0 1 2095 6241 6216
13276 2 2 0 1 834 5883 5760
13277 2 2 0 1 5760 5883 2072
13278 2 2 0 1 2098 6059 5801
13279 2 2 0 1 5801 6059 2148
13280 2 2 0 1 787 6626 4904
13281 2 2 0 1 5223 6356 1734
13282 2 2 0 1 1679 6377 5503
13283 2 2 0 1 1928 6788 4913
13284 2 2 0 1 6630 6676 1972
13285 2 2 0 1 2709 6676 6630
13286 2 2 0 1 1959 6873 4760
13287 2 2 0 1 892 6188 5276
13288 2 2 0 1 2365 6198 5205
13289 2 2 0 1 1029 6434 4989
13290 2 2 0 1 5390 6781 2191
13291 2 2 0 1 251 6781 5390
13292 2 2 0 1 2500 6665 6236
13293 2 2 0 1 6236 6665 901
13294 2 2 0 1 5888 6703 439
13295 2 2 0 1 4920 6842 1434
13296 2 2 0 1 2034 6842 4920
13297 2 2 0 1 4996 6497 1976
13298 2 2 0 1 765 6497 4996
13299 2 2 0 1 4845 6697 1434
13300 2 2 0 1 345 6062 5516
13301 2 2 0 1 2939 6484 4991
13302 2 2 0 1 5139 6282 2514
13303 2 2 0 1 5480 6729 1133
13304 2 2 0 1 2209 6729 5480
13305 2 2 0 1 5994 6457 2389
13306 2 2 0 1 906 6611 4898
13307 2 2 0 1 1775 6877 4780
13308 2 2 0 1 4281 4411 3628
13309 2 2 0 1 5052 6401 1732
13310 2 2 0 1 5494 5955 306
13311 2 2 0 1 5913 6087 457
13312 2 2 0 1 4202 4203 2991
13313 2 2 0 1 4904 6626 1944
13314 2 2 0 1 4976 6499 2432
13315 2 2 0 1 4991 6484 1318
13316 2 2 0 1 6319 6885 2230
13317 2 2 0 1 789 6724 6405
13318 2 2 0 1 1702 6324 5290
13319 2 2 0 1 6003 6594 1945
13320 2 2 0 1 1893 6758 4844
13321 2 2 0 1 6386 6454 698
13322 2 2 0 1 4760 6975 1433
13323 2 2 0 1 1138 6791 6448
13324 2 2 0 1 5577 5935 1926
13325 2 2 0 1 5276 6188 2032
13326 2 2 0 1 806 6880 5291
13327 2 2 0 1 5538 6864 736
13328 2 2 0 1 890 6700 5611
13329 2 2 0 1 5611 6700 2242
13330 2 2 0 1 5312 6324 1702
13331 2 2 0 1 2489 6492 6413
13332 2 2 0 1 6413 6492 2183
13333 2 2 0 1 5081 6421 669
13334 2 2 0 1 1991 6551 5783
13335 2 2 0 1 2626 6250 5674
13336 2 2 0 1 2971 6739 6738
13337 2 2 0 1 442 6659 4974
13338 2 2 0 1 5127 6666 2905
13339 2 2 0 1 3129 6887 5292
13340 2 2 0 1 5293 6886 3128
13341 2 2 0 1 6176 6947 2511
13342 2 2 0 1 3059 6983 5168
13343 2 2 0 1 5371 6462 2817
13344 2 2 0 1 641 6151 5345
13345 2 2 0 1 1087 6759 5474
13346 2 2 0 1 688 6912 5059
13347 2 2 0 1 2790 5970 5884
13348 2 2 0 1 186 2877 1145
13349 2 2 0 1 1818 6682 6156
13350 2 2 0 1 5096 6451 652
13351 2 2 0 1 5796 6038 2105
13352 2 2 0 1 1888 6165 5354
13353 2 2 0 1 6295 6347 178
13354 2 2 0 1 5499 6303 2011
13355 2 2 0 1 2427 6531 5024
13356 2 2 0 1 5911 6071 2160
13357 2 2 0 1 983 6071 5911
13358 2 2 0 1 1822 6809 5333
13359 2 2 0 1 286 6962 5325
13360 2 2 0 1 5325 6962 2190
13361 2 2 0 1 3271 4065 1420
13362 2 2 0 1 4946 6121 1610
13363 2 2 0 1 5818 6821 2121
13364 2 2 0 1 638 6958 4969
13365 2 2 0 1 621 5782 4201
13366 2 2 0 1 5501 6049 1962
13367 2 2 0 1 5628 6543 2398
13368 2 2 0 1 5375 6482 1879
13369 2 2 0 1 5294 6385 391
13370 2 2 0 1 4962 6648 167
13371 2 2 0 1 1757 6160 435
13372 2 2 0 1 5516 6062 2492
13373 2 2 0 1 1980 6701 4961
13374 2 2 0 1 2496 4750 3629
13375 2 2 0 1 838 6469 5123
13376 2 2 0 1 2207 6733 4934
13377 2 2 0 1 1737 6896 5188
13378 2 2 0 1 2096 6607 5005
13379 2 2 0 1 2010 5946 5686
13380 2 2 0 1 2273 6601 5015
13381 2 2 0 1 5313 6725 291
13382 2 2 0 1 4913 6788 778
13383 2 2 0 1 708 6365 5229
13384 2 2 0 1 5159 6461 1973
13385 2 2 0 1 309 6550 5074
13386 2 2 0 1 2939 6515 5282
13387 2 2 0 1 4961 6701 992
13388 2 2 0 1 2433 6686 4977
13389 2 2 0 1 4969 6698 2531
13390 2 2 0 1 6402 6403 3568
13391 2 2 0 1 6389 6698 1216
13392 2 2 0 1 2531 6698 6389
13393 2 2 0 1 2186 5997 5902
13394 2 2 0 1 5136 6490 2276
13395 2 2 0 1 5037 6915 2062
13396 2 2 0 1 844 6915 5037
13397 2 2 0 1 2021 6324 5312
13398 2 2 0 1 5741 5948 2922
13399 2 2 0 1 1995 6131 5479
13400 2 2 0 1 1144 3983 3159
13401 2 2 0 1 5862 6845 2002
13402 2 2 0 1 5336 6303 1727
13403 2 2 0 1 4893 6926 869
13404 2 2 0 1 1998 6636 5057
13405 2 2 0 1 5057 6636 153
13406 2 2 0 1 5070 6662 2917
13407 2 2 0 1 3028 6635 5104
13408 2 2 0 1 2074 5897 5883
13409 2 2 0 1 5883 5897 2072
13410 2 2 0 1 2489 6413 5545
13411 2 2 0 1 5545 6413 353
13412 2 2 0 1 6409 6429 2166
13413 2 2 0 1 2343 6163 6162
13414 2 2 0 1 6162 6163 1953
13415 2 2 0 1 5430 6953 1824
13416 2 2 0 1 5330 6609 530
13417 2 2 0 1 2073 6609 5330
13418 2 2 0 1 6080 6785 2428
13419 2 2 0 1 355 6785 6080
13420 2 2 0 1 2820 6745 6068
13421 2 2 0 1 6068 6745 776
13422 2 2 0 1 775 6744 6067
13423 2 2 0 1 6067 6744 2821
13424 2 2 0 1 4051 5717 1341
13425 2 2 0 1 4784 4840 392
13426 2 2 0 1 1639 6735 5003
13427 2 2 0 1 5275 6409 1808
13428 2 2 0 1 1888 5980 5754
13429 2 2 0 1 5754 5980 2176
13430 2 2 0 1 2357 6662 5070
13431 2 2 0 1 152 3599 1574
13432 2 2 0 1 2613 6590 5982
13433 2 2 0 1 5982 6590 650
13434 2 2 0 1 852 4972 4971
13435 2 2 0 1 436 4909 936
13436 2 2 0 1 5213 6752 336
13437 2 2 0 1 2067 6752 5213
13438 2 2 0 1 2315 6442 5463
13439 2 2 0 1 1553 6806 4979
13440 2 2 0 1 6371 6687 2678
13441 2 2 0 1 1172 6687 6371
13442 2 2 0 1 1985 6763 5411
13443 2 2 0 1 5265 6822 1982
13444 2 2 0 1 5382 6329 2348
13445 2 2 0 1 348 6038 5720
13446 2 2 0 1 4987 6824 1786
13447 2 2 0 1 976 6876 3282
13448 2 2 0 1 1052 6338 5383
13449 2 2 0 1 4977 6858 1506
13450 2 2 0 1 2287 6534 5214
13451 2 2 0 1 5977 6109 2138
13452 2 2 0 1 1942 5957 2570
13453 2 2 0 1 3053 4792 1110
13454 2 2 0 1 371 6310 5447
13455 2 2 0 1 6438 6945 3307
13456 2 2 0 1 5866 6566 2226
13457 2 2 0 1 2101 6637 5151
13458 2 2 0 1 2214 6724 5907
13459 2 2 0 1 5840 6176 2051
13460 2 2 0 1 2941 6837 5007
13461 2 2 0 1 3081 5441 1636
13462 2 2 0 1 5582 6194 137
13463 2 2 0 1 5470 6314 2023
13464 2 2 0 1 5389 6372 2036
13465 2 2 0 1 5183 6951 1992
13466 2 2 0 1 5884 5970 1797
13467 2 2 0 1 1820 3631 2128
13468 2 2 0 1 5244 5586 313
13469 2 2 0 1 807 6314 5470
13470 2 2 0 1 1801 6507 5576
13471 2 2 0 1 307 6574 6012
13472 2 2 0 1 5046 6935 1218
13473 2 2 0 1 2079 6935 5046
13474 2 2 0 1 5103 6743 1974
13475 2 2 0 1 1851 6677 5156
13476 2 2 0 1 6358 6871 1061
13477 2 2 0 1 1650 6643 5260
13478 2 2 0 1 717 6758 5377
13479 2 2 0 1 5196 6646 1845
13480 2 2 0 1 4969 6958 1956
13481 2 2 0 1 5570 6704 2167
13482 2 2 0 1 358 6704 5570
13483 2 2 0 1 6076 6429 2167
13484 2 2 0 1 5185 6650 1675
13485 2 2 0 1 278 6291 5523
13486 2 2 0 1 3089 5352 150
13487 2 2 0 1 5394 6411 1770
13488 2 2 0 1 2087 5985 5984
13489 2 2 0 1 5984 5985 2119
13490 2 2 0 1 1621 6390 4380
13491 2 2 0 1 3468 4805 152
13492 2 2 0 1 261 6295 4696
13493 2 2 0 1 5496 6820 191
13494 2 2 0 1 5023 6903 2141
13495 2 2 0 1 6104 6775 767
13496 2 2 0 1 3935 5092 315
13497 2 2 0 1 850 6913 5023
13498 2 2 0 1 5902 5997 2008
13499 2 2 0 1 1945 6053 5848
13500 2 2 0 1 5848 6053 2474
13501 2 2 0 1 178 6347 1838
13502 2 2 0 1 5202 6701 1980
13503 2 2 0 1 5459 6737 833
13504 2 2 0 1 1395 4865 4380
13505 2 2 0 1 1699 6471 5623
13506 2 2 0 1 2100 6552 5422
13507 2 2 0 1 2254 6281 6169
13508 2 2 0 1 6169 6281 980
13509 2 2 0 1 2070 6203 6158
13510 2 2 0 1 6158 6203 2226
13511 2 2 0 1 6753 6915 2734
13512 2 2 0 1 2062 6915 6753
13513 2 2 0 1 5647 6251 1813
13514 2 2 0 1 711 5586 5352
13515 2 2 0 1 5692 6731 2023
13516 2 2 0 1 5708 6206 2596
13517 2 2 0 1 5399 6912 688
13518 2 2 0 1 2482 6778 5162
13519 2 2 0 1 4380 5626 1621
13520 2 2 0 1 1885 6786 5151
13521 2 2 0 1 5260 6643 2006
13522 2 2 0 1 5693 6229 2582
13523 2 2 0 1 2021 6181 6180
13524 2 2 0 1 6180 6181 2279
13525 2 2 0 1 2188 6532 6123
13526 2 2 0 1 6123 6532 2294
13527 2 2 0 1 2936 5734 1143
13528 2 2 0 1 5674 6250 1063
13529 2 2 0 1 6169 6774 2254
13530 2 2 0 1 2399 6774 6169
13531 2 2 0 1 5639 6297 1083
13532 2 2 0 1 1084 6298 5640
13533 2 2 0 1 5529 6589 416
13534 2 2 0 1 523 4855 2553
13535 2 2 0 1 5066 6971 1670
13536 2 2 0 1 5470 6442 807
13537 2 2 0 1 791 6061 5977
13538 2 2 0 1 5173 6801 2165
13539 2 2 0 1 1827 6621 5345
13540 2 2 0 1 5919 6469 2394
13541 2 2 0 1 5312 6829 2021
13542 2 2 0 1 6173 6796 1018
13543 2 2 0 1 1998 6800 5930
13544 2 2 0 1 1269 6970 5091
13545 2 2 0 1 341 6976 5164
13546 2 2 0 1 5144 6885 1626
13547 2 2 0 1 381 6985 5353
13548 2 2 0 1 5093 6973 2156
13549 2 2 0 1 5977 6061 2110
13550 2 2 0 1 6086 6357 949
13551 2 2 0 1 2290 6357 6086
13552 2 2 0 1 2817 6895 5246
13553 2 2 0 1 334 6678 5300
13554 2 2 0 1 5209 6864 1867
13555 2 2 0 1 2023 6314 5692
13556 2 2 0 1 5269 6836 1949
13557 2 2 0 1 2126 6420 5785
13558 2 2 0 1 5985 6070 2119
13559 2 2 0 1 439 6070 5985
13560 2 2 0 1 670 6176 5840
13561 2 2 0 1 5634 6783 1122
13562 2 2 0 1 5596 6931 2207
13563 2 2 0 1 546 6931 5596
13564 2 2 0 1 2150 6862 144
13565 2 2 0 1 5496 6479 1808
13566 2 2 0 1 1993 6175 5849
13567 2 2 0 1 933 5591 2971
13568 2 2 0 1 2110 6061 6041
13569 2 2 0 1 6041 6061 2145
13570 2 2 0 1 5365 6634 565
13571 2 2 0 1 5188 6896 1948
13572 2 2 0 1 6133 6589 2058
13573 2 2 0 1 813 6277 6006
13574 2 2 0 1 6006 6277 2173
13575 2 2 0 1 1960 6725 5313
13576 2 2 0 1 2503 5560 375
13577 2 2 0 1 6241 6748 11
13578 2 2 0 1 5618 6415 1913
13579 2 2 0 1 2011 6514 5499
13580 2 2 0 1 2110 6109 5977
13581 2 2 0 1 2615 6262 5784
13582 2 2 0 1 2030 6355 5683
13583 2 2 0 1 433 6927 5192
13584 2 2 0 1 5258 6817 828
13585 2 2 0 1 5164 6976 2033
13586 2 2 0 1 2046 6651 5415
13587 2 2 0 1 725 6951 5183
13588 2 2 0 1 1691 6822 5265
13589 2 2 0 1 2356 6650 5662
13590 2 2 0 1 6474 6478 822
13591 2 2 0 1 2368 6478 6474
13592 2 2 0 1 6599 6888 2154
13593 2 2 0 1 2608 6888 6599
13594 2 2 0 1 5519 6533 616
13595 2 2 0 1 1379 6397 5684
13596 2 2 0 1 2104 6858 6444
13597 2 2 0 1 2312 6817 5767
13598 2 2 0 1 2564 5248 755
13599 2 2 0 1 5415 6651 926
13600 2 2 0 1 927 5622 4421
13601 2 2 0 1 3837 6727 214
13602 2 2 0 1 5246 6895 1316
13603 2 2 0 1 1140 6907 6630
13604 2 2 0 1 6630 6907 2709
13605 2 2 0 1 4223 6773 6399
13606 2 2 0 1 2058 6452 5657
13607 2 2 0 1 702 6829 5312
13608 2 2 0 1 2149 6905 6596
13609 2 2 0 1 6596 6905 2599
13610 2 2 0 1 512 6571 5535
13611 2 2 0 1 5291 6880 1922
13612 2 2 0 1 5424 6689 682
13613 2 2 0 1 1291 6012 4696
13614 2 2 0 1 3474 6402 5238
13615 2 2 0 1 714 3629 3628
13616 2 2 0 1 2430 6900 6270
13617 2 2 0 1 5704 6512 1837
13618 2 2 0 1 201 6978 6352
13619 2 2 0 1 6352 6978 2501
13620 2 2 0 1 440 6873 5374
13621 2 2 0 1 807 6597 6314
13622 2 2 0 1 5906 6293 745
13623 2 2 0 1 6270 6916 2430
13624 2 2 0 1 197 6916 6270
13625 2 2 0 1 2290 6431 6357
13626 2 2 0 1 6357 6431 2127
13627 2 2 0 1 5506 6740 1155
13628 2 2 0 1 6280 6889 2436
13629 2 2 0 1 2401 5524 5493
13630 2 2 0 1 5493 5524 4652
13631 2 2 0 1 5411 6763 329
13632 2 2 0 1 828 6817 6048
13633 2 2 0 1 6048 6817 2312
13634 2 2 0 1 6352 6353 1996
13635 2 2 0 1 2501 6353 6352
13636 2 2 0 1 2195 6358 1131
13637 2 2 0 1 2468 6928 6882
13638 2 2 0 1 1786 6824 5950
13639 2 2 0 1 5950 6824 2513
13640 2 2 0 1 2553 4855 674
13641 2 2 0 1 334 6456 6018
13642 2 2 0 1 5475 6724 789
13643 2 2 0 1 6193 6215 2578
13644 2 2 0 1 5340 5626 150
13645 2 2 0 1 3744 6626 5745
13646 2 2 0 1 5474 6759 1950
13647 2 2 0 1 6103 6678 2374
13648 2 2 0 1 5331 6960 2534
13649 2 2 0 1 2072 6472 5760
13650 2 2 0 1 2066 6740 5506
13651 2 2 0 1 5553 6706 701
13652 2 2 0 1 1935 6215 6193
13653 2 2 0 1 711 5352 5351
13654 2 2 0 1 1061 6871 4065
13655 2 2 0 1 4652 5524 237
13656 2 2 0 1 1621 5626 5340
13657 2 2 0 1 359 6919 6392
13658 2 2 0 1 6392 6919 2455
13659 2 2 0 1 5353 6985 2016
13660 2 2 0 1 5923 6896 1737
13661 2 2 0 1 1971 6660 5636
13662 2 2 0 1 5820 6556 2778
13663 2 2 0 1 1880 6799 5713
13664 2 2 0 1 5757 6977 1064
13665 2 2 0 1 2247 6977 5757
13666 2 2 0 1 304 6944 6594
13667 2 2 0 1 6594 6944 2781
13668 2 2 0 1 5850 6468 1890
13669 2 2 0 1 5745 6626 787
13670 2 2 0 1 2163 6624 5823
13671 2 2 0 1 5823 6624 985
13672 2 2 0 1 791 6523 6061
13673 2 2 0 1 2166 6820 6409
13674 2 2 0 1 6465 6785 2235
13675 2 2 0 1 2428 6785 6465
13676 2 2 0 1 6248 6391 804
13677 2 2 0 1 2229 6391 6248
13678 2 2 0 1 825 6637 6452
13679 2 2 0 1 3629 4750 218
13680 2 2 0 1 5813 6517 2124
13681 2 2 0 1 2408 6736 6473
13682 2 2 0 1 6473 6736 2209
13683 2 2 0 1 225 6720 5915
13684 2 2 0 1 5915 6720 3031
13685 2 2 0 1 5783 6551 796
13686 2 2 0 1 6017 6394 2158
13687 2 2 0 1 1281 6394 6017
13688 2 2 0 1 6156 6682 1819
13689 2 2 0 1 5929 6800 3826
13690 2 2 0 1 391 6385 6384
13691 2 2 0 1 435 3935 1757
13692 2 2 0 1 5718 6802 2302
13693 2 2 0 1 5351 5352 3089
13694 2 2 0 1 3547 6864 5538
13695 2 2 0 1 3628 4719 714
13696 2 2 0 1 292 6876 328
13697 2 2 0 1 6020 6709 2933
13698 2 2 0 1 858 6709 6020
13699 2 2 0 1 2004 6457 5994
13700 2 2 0 1 1310 6649 5547
13701 2 2 0 1 416 6589 6133
13702 2 2 0 1 774 6731 5692
13703 2 2 0 1 1896 6480 5978
13704 2 2 0 1 6018 6456 2957
13705 2 2 0 1 1988 6680 5736
13706 2 2 0 1 995 6693 5723
13707 2 2 0 1 2166 6429 6076
13708 2 2 0 1 5766 6682 1818
13709 2 2 0 1 2426 6728 6422
13710 2 2 0 1 4023 5622 2505
13711 2 2 0 1 6538 6805 2434
13712 2 2 0 1 918 6805 6538
13713 2 2 0 1 191 6820 6362
13714 2 2 0 1 149 3925 2787
13715 2 2 0 1 5813 6889 2123
13716 2 2 0 1 2124 6900 5813
13717 2 2 0 1 2855 6816 6520
13718 2 2 0 1 6520 6816 679
13719 2 2 0 1 1124 6465 6286
13720 2 2 0 1 6286 6465 2235
13721 2 2 0 1 6378 6443 2233
13722 2 2 0 1 2252 6443 6378
13723 2 2 0 1 6061 6523 2145
13724 2 2 0 1 2793 6593 6459
13725 2 2 0 1 1176 6733 5963
13726 2 2 0 1 5963 6733 2207
13727 2 2 0 1 5759 6840 696
13728 2 2 0 1 1686 6969 5855
13729 2 2 0 1 5855 6969 2236
13730 2 2 0 1 5050 6386 698
13731 2 2 0 1 2610 6957 6827
13732 2 2 0 1 6827 6957 2247
13733 2 2 0 1 5452 5453 1235
13734 2 2 0 1 2823 5453 5452
13735 2 2 0 1 2347 6417 6416
13736 2 2 0 1 6416 6417 2122
13737 2 2 0 1 1186 6647 6069
13738 2 2 0 1 6069 6647 2551
13739 2 2 0 1 6882 6928 2274
13740 2 2 0 1 4051 6703 5888
13741 2 2 0 1 6148 6532 2188
13742 2 2 0 1 792 6532 6148
13743 2 2 0 1 1845 6646 5999
13744 2 2 0 1 2586 6849 5917
13745 2 2 0 1 6070 6703 2967
13746 2 2 0 1 2255 6840 5759
13747 2 2 0 1 6026 6651 2046
13748 2 2 0 1 6134 6576 323
13749 2 2 0 1 3098 6576 6134
13750 2 2 0 1 5999 6646 2525
13751 2 2 0 1 2468 6882 6345
13752 2 2 0 1 3464 6896 5923
13753 2 2 0 1 2796 6569 6568
13754 2 2 0 1 6568 6569 2009
13755 2 2 0 1 2608 6599 6246
13756 2 2 0 1 6246 6599 1058
13757 2 2 0 1 203 5733 4273
13758 2 2 0 1 603 6657 6030
13759 2 2 0 1 2430 6916 6891
13760 2 2 0 1 879 6889 5813
13761 2 2 0 1 341 6845 5862
13762 2 2 0 1 5813 6900 879
13763 2 2 0 1 6158 6823 647
13764 2 2 0 1 2164 4805 936
13765 2 2 0 1 4743 5988 1256
13766 2 2 0 1 1548 6800 5929
13767 2 2 0 1 6378 6585 863
13768 2 2 0 1 1116 4792 3653
13769 2 2 0 1 2528 6901 6237
13770 2 2 0 1 6237 6901 560
13771 2 2 0 1 1743 3942 2619
13772 2 2 0 1 5917 6849 2363
13773 2 2 0 1 1871 3271 1420
13774 2 2 0 1 1316 6713 6126
13775 2 2 0 1 2233 6585 6378
13776 2 2 0 1 6663 6700 2359
13777 2 2 0 1 2242 6700 6663
13778 2 2 0 1 6270 6900 2124
13779 2 2 0 1 2862 6587 6425
13780 2 2 0 1 6425 6587 746
13781 2 2 0 1 2123 6889 6280
13782 2 2 0 1 243 3910 3760
13783 2 2 0 1 3046 4276 186
13784 2 2 0 1 6399 6773 1849
13785 2 2 0 1 6335 6925 1139
13786 2 2 0 1 2309 6925 6335
13787 2 2 0 1 1110 4792 3585
13788 2 2 0 1 6178 6902 2189
13789 2 2 0 1 27 6984 5748
13790 2 2 0 1 2120 6909 5961
13791 2 2 0 1 6459 6593 2013
13792 2 2 0 1 942 4726 4725
13793 2 2 0 1 6536 6585 2233
13794 2 2 0 1 2073 6796 6173
13795 2 2 0 1 2302 6585 6536
13796 2 2 0 1 863 6802 6193
13797 2 2 0 1 2226 6823 6158
13798 2 2 0 1 6385 6386 2331
13799 2 2 0 1 6891 6916 2298
13800 2 2 0 1 2430 6891 6538
13801 2 2 0 1 1838 6347 435
13802 2 2 0 1 6422 6728 1014
13803 2 2 0 1 6585 6802 863
13804 2 2 0 1 3015 6813 6705
13805 2 2 0 1 507 5298 5252
13806 2 2 0 1 63 6902 6178
13807 2 2 0 1 4805 5750 937
13808 2 2 0 1 2620 6826 6695
13809 2 2 0 1 942 6174 4527
13810 2 2 0 1 641 6152 6151
13811 2 2 0 1 6151 6152 3242
13812 2 2 0 1 6362 6820 2166
13813 2 2 0 1 2302 6802 6585
13814 2 2 0 1 4414 4415 720
13815 2 2 0 1 6345 6882 854
13816 2 2 0 1 2095 6748 6241
13817 2 2 0 1 1820 3632 3631
13818 2 2 0 1 5350 5859 5351
13819 2 2 0 1 3760 4726 243
13820 2 2 0 1 3474 6403 6402
13821 2 2 0 1 186 4276 2877
13822 2 2 0 1 5137 5252 1359
13823 2 2 0 1 1480 6454 2503
13824 2 2 0 1 1977 6945 6438
13825 2 2 0 1 6538 6891 918
13826 2 2 0 1 6705 6813 2044
13827 2 2 0 1 6695 6826 2168
13828 2 2 0 1 2128 5443 1820
13829 2 2 0 1 436 4750 2496
13830 2 2 0 1 2349 6815 6812
13831 2 2 0 1 6812 6815 434
13832 2 2 0 1 1145 6476 186
13833 2 2 0 1 1673 2322 2321
13834 2 2 0 1 3030 6918 6870
13835 2 2 0 1 2329 6930 6929
13836 2 2 0 1 6929 6930 2421
13837 2 2 0 1 2028 5298 3470
13838 2 2 0 1 2029 4911 1756
13839 2 2 0 1 4562 4971 1790
13840 2 2 0 1 6870 6918 2090
13841 2 2 0 1 1869 4696 178
13842 2 2 0 1 214 6333 3837
13843 2 2 0 1 3653 5327 203
13844 2 2 0 1 483 4909 2496
13845 2 2 0 1 4758 4909 483
13846 2 2 0 1 976 3881 3210
13847 2 2 0 1 677 5717 5716
13848 2 2 0 1 5350 5351 3089
13849 2 2 0 1 3157 5350 3089
13850 2 2 0 1 4839 5224 697
13851 2 2 0 1 3629 6359 240
13852 2 2 0 1 1881 5092 3935
13853 2 2 0 1 2975 5244 661
13854 2 2 0 1 5716 5717 4051
13855 2 2 0 1 5113 5114 2564
13856 2 2 0 1 5938 6160 1757
13857 2 2 0 1 5327 5733 203
13858 2 2 0 1 2496 4909 436
13859 2 2 0 1 4421 6507 2919
13860 2 2 0 1 936 4758 2164
13861 2 2 0 1 5114 6691 2564
13862 2 2 0 1 6085 6448 2811
13863 2 2 0 1 714 4719 2495
13864 2 2 0 1 3554 6359 218
13865 2 2 0 1 936 4909 4758
13866 2 2 0 1 937 5750 2731
13867 2 2 0 1 229 6085 2811
13868 2 2 0 1 752 3632 1820
13869 2 2 0 1 6012 6574 261
13870 2 2 0 1 5352 5586 2975
13871 2 2 0 1 1420 6871 421
13872 2 2 0 1 4065 4946 1061
13873 2 2 0 1 148 6295 3282
13874 2 2 0 1 4719 6606 2495
13875 2 2 0 1 6384 6385 2331
13876 2 2 0 1 148 6347 6295
13877 2 2 0 1 5440 5938 859
13878 2 2 0 1 4841 5050 238
13879 2 2 0 1 4628 4865 1395
13880 2 2 0 1 4696 6012 261
13881 2 2 0 1 4972 5346 1205
13882 2 2 0 1 6448 6791 2811
13883 2 2 0 1 5252 5298 2337
13884 2 2 0 1 2975 5586 5244
13885 2 2 0 1 161 1340 678
13886 2 2 0 1 161 5873 1340
13887 2 2 0 1 164 5131 1359
13888 2 2 0 1 177 2736 1311
13889 2 2 0 1 1168 2901 180
13890 2 2 0 1 2901 4435 180
13891 2 2 0 1 188 5824 1291
13892 2 2 0 1 2762 6606 199
13893 2 2 0 1 203 1942 1116
13894 2 2 0 1 1116 3653 203
13895 2 2 0 1 203 4273 1942
13896 2 2 0 1 210 1831 1743
13897 2 2 0 1 237 5524 1263
13898 2 2 0 1 483 1533 243
13899 2 2 0 1 243 1533 1532
13900 2 2 0 1 260 5807 819
13901 2 2 0 1 269 1302 551
13902 2 2 0 1 853 1302 269
13903 2 2 0 1 307 1938 1256
13904 2 2 0 1 307 4237 1938
13905 2 2 0 1 313 2718 1112
13906 2 2 0 1 1113 2718 313
13907 2 2 0 1 2570 2724 342
13908 2 2 0 1 380 3422 3389
13909 2 2 0 1 1610 3912 392
13910 2 2 0 1 814 2174 431
13911 2 2 0 1 2495 2762 483
13912 2 2 0 1 523 5193 1268
13913 2 2 0 1 1302 5993 551
13914 2 2 0 1 984 1831 621
13915 2 2 0 1 2991 5937 621
13916 2 2 0 1 2974 6121 641
13917 2 2 0 1 677 5216 1904
13918 2 2 0 1 692 2542 797
13919 2 2 0 1 928 1801 692
13920 2 2 0 1 1801 3474 692
13921 2 2 0 1 692 2543 2542
13922 2 2 0 1 692 5238 2543
13923 2 2 0 1 2877 4646 693
13924 2 2 0 1 697 4841 4840
13925 2 2 0 1 711 2811 842
13926 2 2 0 1 711 1933 1113
13927 2 2 0 1 730 6156 1819
13928 2 2 0 1 1965 5040 730
13929 2 2 0 1 815 2630 814
13930 2 2 0 1 814 2175 2174
13931 2 2 0 1 1116 1942 815
13932 2 2 0 1 815 5244 1116
13933 2 2 0 1 819 2505 927
13934 2 2 0 1 2055 4672 819
13935 2 2 0 1 819 5807 2055
13936 2 2 0 1 826 4830 2175
13937 2 2 0 1 1302 2774 830
13938 2 2 0 1 830 5993 1302
13939 2 2 0 1 2774 4430 830
13940 2 2 0 1 2811 6791 842
13941 2 2 0 1 1205 5346 853
13942 2 2 0 1 853 5920 1302
13943 2 2 0 1 3379 5920 853
13944 2 2 0 1 1221 3774 912
13945 2 2 0 1 3599 4726 942
13946 2 2 0 1 1284 4206 944
13947 2 2 0 1 944 5366 1573
13948 2 2 0 1 1003 2623 2619
13949 2 2 0 1 2691 6091 1008
13950 2 2 0 1 1047 6403 5575
13951 2 2 0 1 2718 4616 1112
13952 2 2 0 1 1933 6453 1113
13953 2 2 0 1 2256 3658 1159
13954 2 2 0 1 1159 4281 2256
13955 2 2 0 1 1166 4001 2748
13956 2 2 0 1 1197 5193 3309
13957 2 2 0 1 1790 4971 1205
13958 2 2 0 1 1938 4744 1256
13959 2 2 0 1 1268 5795 2422
13960 2 2 0 1 3760 6394 1281
13961 2 2 0 1 1290 2802 2015
13962 2 2 0 1 1329 5133 2553
13963 2 2 0 1 1340 2967 1341
13964 2 2 0 1 1340 5873 2771
13965 2 2 0 1 1494 3942 2878
13966 2 2 0 1 3389 3422 1499
13967 2 2 0 1 1533 4045 1532
13968 2 2 0 1 4841 4946 1610
13969 2 2 0 1 3102 5859 1623
13970 2 2 0 1 1636 4001 3082
13971 2 2 0 1 1665 4237 3685
13972 2 2 0 1 3685 6368 1665
13973 2 2 0 1 5281 5988 1678
13974 2 2 0 1 1801 6403 3474
13975 2 2 0 1 5575 6403 1801
13976 2 2 0 1 2054 5807 3949
13977 2 2 0 1 5128 6010 2125
$EndElements
