t,toolFx,toolFy,toolFz,toolX,toolY,toolZ,toolVx,toolVy,toolVz,work,toolKE,nBroken,nFrag,detachedVol,specificEnergy,z_bit,vz_bit,z_piston,vz_piston,z_insert,vz_insert,szz_bit,Fc_rock_insert_x,Fc_rock_insert_y,Fc_rock_insert_z,Fc_piston_bit_x,Fc_piston_bit_y,Fc_piston_bit_z,Fc_plate_bit_x,Fc_plate_bit_y,Fc_plate_bit_z,eEl,eJnt,eGc,eFric,eCund,eLys
0,0,0,0,1e+09,1e+09,1e+09,0,0,0,0,0,0,4,0,0,0.293276,0,0.544906,-10.66,0.162594,0,0,0,0,0,0,0,0,0,0,0,0,0,0,0,0,0
1.48476e-07,0,0,0,1e+09,1e+09,1e+09,0,0,0,0,0,0,4,0,0,0.293276,-1.45655e-06,0.544905,-10.66,0.162594,-1.45655e-06,-7.10743e-05,0,0,0,0,0,0,0,0,0,-7.51864e-16,-3.87697e-14,0,0,0,0
2.96953e-07,0,0,0,1e+09,1e+09,1e+09,0,0,0,0,0,0,4,0,0,0.293276,-2.91311e-06,0.544903,-10.66,0.162594,-2.91311e-06,-2.57456e-05,0,0,0,0,0,0,0,0,0,-1.44619e-14,-4.18356e-13,0,0,0,0
4.45429e-07,0,0,0,1e+09,1e+09,1e+09,0,0,0,0,0,0,4,0,0,0.293276,-4.36966e-06,0.544902,-10.66,0.162594,-4.36966e-06,1.60797e-05,0,0,0,0,0,0,0,0,0,-9.01394e-14,-1.29241e-12,0,0,0,0
5.93906e-07,0,0,0,1e+09,1e+09,1e+09,0,0,0,0,0,0,4,0,0,0.293276,-5.82621e-06,0.5449,-10.66,0.162594,-5.82621e-06,-0.0001976,0,0,0,0,0,0,0,0,0,-3.38627e-13,-2.48935e-12,0,0,0,0
7.42382e-07,0,0,0,1e+09,1e+09,1e+09,0,0,0,0,0,0,4,0,0,0.293276,-7.28277e-06,0.544898,-10.66,0.162594,-7.28277e-06,-3.13973e-05,0,0,0,0,0,0,0,0,0,-9.32489e-13,-3.7778e-12,0,0,0,0
8.90858e-07,0,0,0,1e+09,1e+09,1e+09,0,0,0,0,0,0,4,0,0,0.293276,-8.73932e-06,0.544897,-10.66,0.162594,-8.73932e-06,-4.51848e-05,0,0,0,0,0,0,0,0,0,-2.07782e-12,-5.01349e-12,0,0,0,0
1.03933e-06,0,0,0,1e+09,1e+09,1e+09,0,0,0,0,0,0,4,0,0,0.293276,-1.01959e-05,0.544895,-10.66,0.162594,-1.01959e-05,4.37069e-06,0,0,0,0,0,0,0,0,0,-3.97632e-12,-6.09296e-12,0,0,0,0
1.18781e-06,0,0,0,1e+09,1e+09,1e+09,0,0,0,0,0,0,4,0,0,0.293276,-1.16524e-05,0.544894,-10.66,0.162594,-1.16524e-05,-4.37632e-05,0,0,0,0,0,0,0,0,0,-6.80346e-12,-6.91948e-12,0,0,0,0
1.33629e-06,0,0,0,1e+09,1e+09,1e+09,0,0,0,0,0,0,4,0,0,0.293276,-1.3109e-05,0.544892,-10.66,0.162594,-1.3109e-05,-6.60219e-06,0,0,0,0,0,0,0,0,0,-1.07287e-11,-7.46311e-12,0,0,0,0
1.48476e-06,0,0,0,1e+09,1e+09,1e+09,0,0,0,0,0,0,4,0,0,0.293276,-1.45655e-05,0.54489,-10.66,0.162594,-1.45655e-05,6.12352e-05,0,0,0,0,0,0,0,0,0,-1.597e-11,-7.76828e-12,0,0,0,0
1.63324e-06,0,0,0,1e+09,1e+09,1e+09,0,0,0,0,0,0,4,0,0,0.293276,-1.60221e-05,0.544889,-10.66,0.162594,-1.60221e-05,9.49522e-05,0,0,0,0,0,0,0,0,0,-2.28282e-11,-7.92608e-12,0,0,0,0
1.78172e-06,0,0,0,1e+09,1e+09,1e+09,0,0,0,0,0,0,4,0,0,0.293276,-1.74786e-05,0.544887,-10.66,0.162594,-1.74786e-05,-5.31443e-05,0,0,0,0,0,0,0,0,0,-3.1659e-11,-8.04234e-12,0,0,0,0
1.93019e-06,0,0,0,1e+09,1e+09,1e+09,0,0,0,0,0,0,4,0,0,0.293276,-0.00135572,0.544886,-10.6584,0.162594,-1.89352e-05,8.25356e-06,0,0,0,0.399324,-0.171533,-64894.4,0,0,0,-2.4631e-07,-8.2253e-12,-0.0181405,-1.85226e-09,0,0
2.07867e-06,0,0,0,1e+09,1e+09,1e+09,0,0,0,0,0,0,4,0,0,0.293276,-0.0187155,0.544884,-10.6373,0.162594,-2.03917e-05,3.38432e-05,0,0,0,2.56226,-0.60259,-220525,0,0,0,-0.000720312,-8.58351e-12,-0.213705,-1.12549e-07,0,0
2.22715e-06,0,0,0,1e+09,1e+09,1e+09,0,0,0,0,0,0,4,0,0,0.293276,-0.0500091,0.544883,-10.5992,0.162594,-2.18483e-05,-7.26553e-05,0,0,0,4.42586,15.08,-300371,0,0,0,-0.0147887,-9.22819e-12,-0.391701,-8.91342e-07,0,0
2.37562e-06,0,0,0,1e+09,1e+09,1e+09,0,0,0,0,0,0,4,0,0,0.293276,-0.0842554,0.544881,-10.5575,0.162594,-2.33049e-05,-2.00385e-05,0,0,0,-14.134,59.457,-277650,0,0,0,-0.0785018,-1.02674e-11,-0.370499,-1.39995e-05,0,0
2.5241e-06,0,0,0,1e+09,1e+09,1e+09,0,0,0,0,0,0,4,0,0,0.293276,-0.111679,0.544879,-10.5241,0.162594,-2.47614e-05,-1.39389e-05,0,0,0,21.2303,128.501,-198815,0,0,0,-0.210479,-1.17978e-11,-0.234521,-0.000100749,0,0
2.67257e-06,0,0,0,1e+09,1e+09,1e+09,0,0,0,0,0,0,4,0,0,0.293275,-0.12901,0.544878,-10.503,0.162594,-2.6218e-05,0.000110608,0,0,0,87.6077,-16.9556,-112875,0,0,0,-0.38315,-1.39019e-11,-0.111586,-0.000266968,0,0
2.82105e-06,0,0,0,1e+09,1e+09,1e+09,0,0,0,0,0,0,4,0,0,0.293275,-0.138201,0.544876,-10.4918,0.162594,-2.76745e-05,-8.99542e-05,0,0,0,72.1666,-1.99111,-51755.5,0,0,0,-0.563924,-1.6629e-11,-0.0392527,-0.00044095,0,0
2.96953e-06,0,0,0,1e+09,1e+09,1e+09,0,0,0,0,0,0,4,0,0,0.293275,-0.142179,0.544875,-10.4869,0.162594,-2.91311e-05,0.000188578,0,0,0,186.343,69.3536,-20573.6,0,0,0,-0.73367,-1.99796e-11,-0.0107076,-0.000582647,0,0
3.118e-06,0,0,0,1e+09,1e+09,1e+09,0,0,0,0,0,0,4,0,0,0.293275,-0.143662,0.544873,-10.4851,0.162594,-3.05876e-05,7.70012e-05,0,0,0,57.6792,-14.5718,-8068.76,0,0,0,-0.877059,-2.38908e-11,-0.00334121,-0.000705276,0,0
3.26648e-06,0,0,0,1e+09,1e+09,1e+09,0,0,0,0,0,0,4,0,0,0.293275,-0.144595,0.544872,-10.484,0.162594,-3.20442e-05,0.000137479,0,0,0,264.079,-117.357,-10717,0,0,0,-0.986347,-2.82448e-11,-0.006469,-0.00118735,0,0
3.41496e-06,0,0,0,1e+09,1e+09,1e+09,0,0,0,0,0,0,4,0,0,0.293275,-0.147153,0.54487,-10.4809,0.162594,-3.35007e-05,-7.31765e-05,0,0,0,443.32,-103.264,-36896.5,0,0,0,-1.06381,-3.29083e-11,-0.0278063,-0.00281856,0,0
3.56343e-06,0,0,0,1e+09,1e+09,1e+09,0,0,0,0,0,0,4,0,0,0.293275,-0.15353,0.544869,-10.4731,0.162594,-3.49573e-05,8.32426e-06,0,0,0,785.425,-540.888,-75027.2,0,0,0,-1.11478,-3.77709e-11,-0.0757347,-0.00595468,0,0
3.71191e-06,0,0,0,1e+09,1e+09,1e+09,0,0,0,0,0,0,4,0,0,0.293275,-0.164218,0.544867,-10.4601,0.162594,-3.64138e-05,-0.00011745,0,0,0,1067.92,-1182.42,-111226,0,0,0,-1.14565,-4.27913e-11,-0.126429,-0.00970755,0,0
3.86039e-06,0,0,0,1e+09,1e+09,1e+09,0,0,0,0,0,0,4,0,0,0.293275,-0.178672,0.544865,-10.4425,0.162594,-3.78704e-05,-5.46483e-05,0,0,0,1028.48,-1648.22,-134595,0,0,0,-1.17584,-4.80009e-11,-0.153931,-0.0128339,0,0
4.00886e-06,0,0,0,1e+09,1e+09,1e+09,0,0,0,0,0,0,4,0,0,0.293275,-0.195239,0.544864,-10.4224,0.162594,-3.93269e-05,-3.42008e-05,0,0,0,571.027,-1675.92,-150093,0,0,0,-1.22595,-5.34623e-11,-0.156842,-0.0145038,0,0
4.15734e-06,0,0,0,1e+09,1e+09,1e+09,0,0,0,0,0,0,4,0,0,0.293275,-0.213361,0.544862,-10.4003,0.162594,-4.07835e-05,-1.27477e-05,0,0,0,-13.6938,-1802.33,-158849,0,0,0,-1.29724,-5.92429e-11,-0.16213,-0.0142584,0,0
4.30581e-06,0,0,0,1e+09,1e+09,1e+09,0,0,0,0,0,0,4,0,0,0.293275,-0.232233,0.544861,-10.3773,0.162594,-4.224e-05,5.8311e-05,0,0,0,-412.148,-2207.65,-161847,0,0,0,-1.37641,-6.54011e-11,-0.18437,-0.013714,0,0
4.45429e-06,0,0,0,1e+09,1e+09,1e+09,0,0,0,0,0,0,4,0,0,0.293275,-0.251441,0.544859,-10.3539,0.162594,-4.36966e-05,-5.90613e-05,0,0,0,-876.596,-1305.26,-169373,0,0,0,-1.45507,-7.19937e-11,-0.218798,-0.012904,0,0
4.60277e-06,0,0,0,1e+09,1e+09,1e+09,0,0,0,0,0,0,4,0,0,0.293275,-0.271193,0.544858,-10.3299,0.162594,-4.51532e-05,5.46078e-05,0,0,0,-1367.03,-330.081,-174138,0,0,0,-1.5397,-7.9081e-11,-0.240079,-0.0129082,0,0
4.75124e-06,0,0,0,1e+09,1e+09,1e+09,0,0,0,0,0,0,4,0,0,0.293275,-0.291016,0.544856,-10.3058,0.162594,-4.66097e-05,-3.43876e-05,0,0,0,-1942.23,230.859,-170208,0,0,0,-1.64132,-8.67382e-11,-0.231081,-0.0141952,0,0
4.89972e-06,0,0,0,1e+09,1e+09,1e+09,0,0,0,0,0,0,4,0,0,0.293275,-0.309789,0.544855,-10.2829,0.162594,-4.80663e-05,7.72269e-06,0,0,0,-2180.25,375.209,-153188,0,0,0,-1.75512,-9.50477e-11,-0.192449,-0.0162549,0,0
5.0482e-06,0,0,0,1e+09,1e+09,1e+09,0,0,0,0,0,0,4,0,0,0.293275,-0.326158,0.544853,-10.263,0.162594,-4.95228e-05,-4.5185e-05,0,0,0,-1734.48,284.736,-131107,0,0,0,-1.86445,-1.04078e-10,-0.139768,-0.0178605,0,0
5.19667e-06,0,0,0,1e+09,1e+09,1e+09,0,0,0,0,0,0,4,0,0,0.293275,-0.339845,0.544852,-10.2463,0.162594,-5.09794e-05,0.000240846,0,0,0,-934.948,-775.971,-107612,0,0,0,-1.9691,-1.1387e-10,-0.103026,-0.0185376,0,0
5.34515e-06,0,0,0,1e+09,1e+09,1e+09,0,0,0,0,0,0,4,0,0,0.293275,-0.351239,0.54485,-10.2324,0.162594,-5.24359e-05,-3.07507e-05,0,0,0,-460.789,-1138.34,-93121.2,0,0,0,-2.0884,-1.24439e-10,-0.0956705,-0.0186077,0,0
5.49363e-06,0,0,0,1e+09,1e+09,1e+09,0,0,0,0,0,0,4,0,0,0.293275,-0.361799,0.544849,-10.2196,0.162594,-5.38925e-05,-9.1824e-05,0,0,0,178.057,-815.05,-94079.4,0,0,0,-2.2275,-1.35779e-10,-0.0986164,-0.0187716,0,0
5.6421e-06,0,0,0,1e+09,1e+09,1e+09,0,0,0,0,0,0,4,0,0,0.293275,-0.372644,0.544847,-10.2064,0.162594,-5.5349e-05,-9.03022e-05,0,0,0,255.021,-530.682,-95791.5,0,0,0,-2.36448,-1.47851e-10,-0.101895,-0.0191946,0,0
5.79058e-06,0,0,0,1e+09,1e+09,1e+09,0,0,0,0,0,0,4,0,0,0.293275,-0.383711,0.544846,-10.1929,0.162594,-5.68056e-05,-0.000125912,0,0,0,-41.4143,-301.195,-91328.6,0,0,0,-2.47639,-1.6059e-10,-0.100793,-0.0201006,0,0
5.93906e-06,0,0,0,1e+09,1e+09,1e+09,0,0,0,0,0,0,4,0,0,0.293275,-0.393909,0.544844,-10.1805,0.162594,-5.82621e-05,-0.000320489,0,0,0,-546.461,158.84,-82871.2,0,0,0,-2.56203,-1.73941e-10,-0.0923636,-0.0214116,0,0
6.08753e-06,0,0,0,1e+09,1e+09,1e+09,0,0,0,0,0,0,4,0,0,0.293275,-0.403095,0.544842,-10.1693,0.162594,-5.97187e-05,-0.000181788,0,0,0,-1194.88,1.9306,-76870.3,0,0,0,-2.63882,-1.87893e-10,-0.0839521,-0.0224292,0,0
6.23601e-06,0,0,0,1e+09,1e+09,1e+09,0,0,0,0,0,0,4,0,0,0.293275,-0.411856,0.544841,-10.1587,0.162594,-6.11752e-05,-0.00023007,0,0,0,-2722.53,-471.853,-77124.6,0,0,0,-2.72073,-2.02483e-10,-0.0880637,-0.0236987,0,0
6.38448e-06,0,0,0,1e+09,1e+09,1e+09,0,0,0,0,0,0,4,0,0,0.293275,-0.421975,0.544839,-10.1463,0.162594,-6.26318e-05,-0.000574938,0,0,0,-3913.18,-667.374,-99565.9,0,0,0,-2.80726,-2.17769e-10,-0.106207,-0.0256289,0,0
6.53296e-06,0,0,0,1e+09,1e+09,1e+09,0,0,0,0,0,0,4,0,0,0.293274,-0.434422,0.544838,-10.1312,0.162594,-6.40883e-05,-0.000792404,0,0,0,-4424.5,-854.186,-113497,0,0,0,-2.90024,-2.33808e-10,-0.136806,-0.0278202,0,0
6.68144e-06,0,0,0,1e+09,1e+09,1e+09,0,0,0,0,0,0,4,0,0,0.293274,-0.448153,0.544836,-10.1145,0.162594,-6.55449e-05,-0.00136455,0,0,0,-3706.46,-366.099,-121283,0,0,0,-3.00551,-2.50636e-10,-0.175475,-0.0290995,0,0
6.82991e-06,0,0,0,1e+09,1e+09,1e+09,0,0,0,0,0,0,4,0,0,0.293274,-0.462655,0.544835,-10.0968,0.162594,-6.70015e-05,-0.00217738,0,0,0,-2438.82,352.015,-131204,0,0,0,-3.12085,-2.68281e-10,-0.212105,-0.029329,0,0
6.97839e-06,0,0,0,1e+09,1e+09,1e+09,0,0,0,0,0,0,4,0,0,0.293274,-0.478508,0.544833,-10.0775,0.162594,-6.8458e-05,-0.00359025,0,0,0,-1866.19,316.401,-143815,0,0,0,-3.23621,-2.86771e-10,-0.231773,-0.0296672,0,0
7.12687e-06,0,0,0,1e+09,1e+09,1e+09,0,0,0,0,0,0,4,0,0,0.293274,-0.495344,0.544832,-10.057,0.162594,-6.99146e-05,-0.00604585,0,0,0,-1252.87,25.9949,-148118,0,0,0,-3.34202,-3.06147e-10,-0.221842,-0.0302234,0,0
7.27534e-06,0,0,0,1e+09,1e+09,1e+09,0,0,0,0,0,0,4,0,0,0.293274,-0.511357,0.54483,-10.0375,0.162594,-7.13711e-05,-0.00997079,0,0,0,-726.464,-248.762,-131463,0,0,0,-3.43861,-3.26434e-10,-0.175421,-0.0304564,0,0
7.42382e-06,0,0,0,1e+09,1e+09,1e+09,0,0,0,0,0,0,4,0,0,0.293274,-0.524931,0.544829,-10.021,0.162594,-7.28277e-05,-0.0161357,0,0,0,112.585,-308.222,-105728,0,0,0,-3.54424,-3.47627e-10,-0.11539,-0.0306983,0,0
7.5723e-06,0,0,0,1e+09,1e+09,1e+09,0,0,0,0,0,0,4,0,0,0.293274,-0.535956,0.544828,-10.0076,0.162594,-7.42842e-05,-0.0252384,0,0,0,935.747,48.2933,-88552.8,0,0,0,-3.6774,-3.69706e-10,-0.0833945,-0.0319881,0,0
7.72077e-06,0,0,0,1e+09,1e+09,1e+09,0,0,0,0,0,0,4,0,0,0.293274,-0.54554,0.544826,-9.99591,0.162594,-7.57408e-05,-0.039388,0,0,0,1612.58,101.987,-81604.5,0,0,0,-3.82639,-3.9267e-10,-0.0929867,-0.0342018,0,0
7.86925e-06,0,0,0,1e+09,1e+09,1e+09,0,0,0,0,0,0,4,0,0,0.293274,-0.555391,0.544825,-9.98392,0.162594,-7.71973e-05,-0.0603565,0,0,0,1936.1,-78.9562,-88903.3,0,0,0,-3.95746,-4.16538e-10,-0.107822,-0.0364121,0,0
8.01772e-06,0,0,0,1e+09,1e+09,1e+09,0,0,0,0,0,0,4,0,0,0.293274,-0.565873,0.544823,-9.97116,0.162594,-7.86539e-05,-0.0920439,0,0,0,1698.7,-575.268,-93318.7,0,0,0,-4.05728,-4.4133e-10,-0.114031,-0.038417,0,0
8.1662e-06,0,0,0,1e+09,1e+09,1e+09,0,0,0,0,0,0,4,0,0,0.293274,-0.576592,0.544822,-9.95811,0.162594,-8.01104e-05,-0.138538,0,0,0,806.766,-639.828,-90134.6,0,0,0,-4.13809,-4.67053e-10,-0.117013,-0.0396877,0,0
8.31468e-06,0,0,0,1e+09,1e+09,1e+09,0,0,0,0,0,0,4,0,0,0.293274,-0.587072,0.54482,-9.94536,0.162594,-8.1567e-05,-0.206389,0,0,0,629.368,-382.746,-88856,0,0,0,-4.20891,-4.93711e-10,-0.111534,-0.0403484,0,0
8.46315e-06,0,0,0,1e+09,1e+09,1e+09,0,0,0,0,0,0,4,0,0,0.293273,-0.597168,0.544819,-9.93307,0.162594,-8.30235e-05,-0.304748,0,0,0,915.195,-421.085,-87310.2,0,0,0,-4.2689,-5.21298e-10,-0.104204,-0.0406714,0,0
8.61163e-06,0,0,0,1e+09,1e+09,1e+09,0,0,0,0,0,0,4,0,0,0.293273,-0.608,0.544817,-9.91988,0.162594,-8.44801e-05,-0.445782,0,0,0,1175.64,-752.641,-103153,0,0,0,-4.32057,-5.49813e-10,-0.115032,-0.0411222,0,0
8.76011e-06,0,0,0,1e+09,1e+09,1e+09,0,0,0,0,0,0,4,0,0,0.293273,-0.621852,0.544816,-9.90302,0.162594,-8.59366e-05,-0.646052,0,0,0,1054.07,-955.769,-138077,0,0,0,-4.37457,-5.79278e-10,-0.159097,-0.041952,0,0
8.90858e-06,0,0,0,1e+09,1e+09,1e+09,0,0,0,0,0,0,4,0,0,0.293273,-0.639687,0.544814,-9.8813,0.162594,-8.73932e-05,-0.928874,0,0,0,1104.52,-560.257,-169117,0,0,0,-4.43946,-6.09759e-10,-0.225097,-0.0430762,0,0
9.05706e-06,0,0,0,1e+09,1e+09,1e+09,0,0,0,0,0,0,4,0,0,0.293273,-0.660516,0.544813,-9.85595,0.162594,-8.88497e-05,-1.32486,0,0,0,1591.85,80.3558,-188320,0,0,0,-4.51086,-6.41319e-10,-0.275069,-0.0441639,0,0
9.20554e-06,0,0,0,1e+09,1e+09,1e+09,0,0,0,0,0,0,4,0,0,0.293273,-0.682065,0.544811,-9.82971,0.162594,-9.03063e-05,-1.8753,0,0,0,2418.52,532.56,-184625,0,0,0,-4.58477,-6.73981e-10,-0.280055,-0.0452466,0,0
9.35401e-06,0,0,0,1e+09,1e+09,1e+09,0,0,0,0,0,0,4,0,0,0.293273,-0.70238,0.54481,-9.80498,0.162594,-9.17629e-05,-2.63601,0,0,0,2443.12,-65.5301,-164196,0,0,0,-4.67602,-7.07742e-10,-0.252296,-0.0469729,0,0
9.50249e-06,0,0,0,1e+09,1e+09,1e+09,0,0,0,0,0,0,4,0,0,0.293273,-0.720411,0.544808,-9.78303,0.162594,-9.32194e-05,-3.68031,0,0,0,2653.76,-1384.74,-143438,0,0,0,-4.80427,-7.42598e-10,-0.218249,-0.0491395,0,0
9.65096e-06,0,0,0,1e+09,1e+09,1e+09,0,0,0,0,0,0,4,0,0,0.293273,-0.73554,0.544807,-9.76461,0.162594,-9.4676e-05,-5.10506,0,0,0,2695.52,-2101.95,-119770,0,0,0,-4.95914,-7.78561e-10,-0.175954,-0.0517576,0,0
9.79944e-06,0,0,0,1e+09,1e+09,1e+09,0,0,0,0,0,0,4,0,0,0.293273,-0.747431,0.544805,-9.75013,0.162594,-9.61325e-05,-7.03807,0,0,0,3195.69,-1801.64,-89026.7,0,0,0,-5.10788,-8.15648e-10,-0.129029,-0.0539118,0,0
9.94792e-06,0,0,0,1e+09,1e+09,1e+09,0,0,0,0,0,0,4,0,0,0.293272,-0.756344,0.544804,-9.73928,0.162594,-9.75891e-05,-9.64632,0,0,0,3783.84,-768.571,-67569.7,0,0,0,-5.23459,-8.53877e-10,-0.110171,-0.0550282,0,0
1.00964e-05,0,0,0,1e+09,1e+09,1e+09,0,0,0,0,0,0,4,0,0,0.293272,-0.764089,0.544803,-9.72986,0.162594,-9.90456e-05,-13.1476,0,0,0,4021.79,279.255,-72062.7,0,0,0,-5.34083,-8.93268e-10,-0.124006,-0.0556632,0,0
1.02449e-05,0,0,0,1e+09,1e+09,1e+09,0,0,0,0,0,0,4,0,0,0.293272,-0.773644,0.544801,-9.71823,0.162594,-0.000100502,-17.8248,0,0,0,4207.82,541.993,-95896.4,0,0,0,-5.42749,-9.33851e-10,-0.151238,-0.0565648,0,0
1.03933e-05,0,0,0,1e+09,1e+09,1e+09,0,0,0,0,0,0,4,0,0,0.293272,-0.785979,0.5448,-9.70321,0.162594,-0.000101959,-24.0425,0,0,0,3831.53,695.664,-117584,0,0,0,-5.49571,-9.7565e-10,-0.179793,-0.0581854,0,0
1.05418e-05,0,0,0,1e+09,1e+09,1e+09,0,0,0,0,0,0,4,0,0,0.293272,-0.800532,0.544798,-9.68549,0.162594,-0.000103415,-32.2717,0,0,0,3077.63,773.614,-132047,0,0,0,-5.55271,-1.01866e-09,-0.194077,-0.0606491,0,0
1.06903e-05,0,0,0,1e+09,1e+09,1e+09,0,0,0,0,0,0,4,0,0,0.293272,-0.816683,0.544797,-9.66583,0.162594,-0.000104872,-43.1158,0,0,0,2141.43,690.057,-145397,0,0,0,-5.61418,-1.06287e-09,-0.194985,-0.0631124,0,0
1.08388e-05,0,0,0,1e+09,1e+09,1e+09,0,0,0,0,0,0,4,0,0,0.293272,-0.834193,0.544795,-9.64451,0.162594,-0.000106328,-57.3457,0,0,0,1466.02,586.144,-156572,0,0,0,-5.6991,-1.10828e-09,-0.207982,-0.0647463,0,0
1.09873e-05,0,0,0,1e+09,1e+09,1e+09,0,0,0,0,0,0,4,0,0,0.293272,-0.852683,0.544794,-9.622,0.162594,-0.000107785,-75.9439,0,0,0,1492.74,1140.14,-162168,0,0,0,-5.80752,-1.15492e-09,-0.242557,-0.0653638,0,0
1.11357e-05,0,0,0,1e+09,1e+09,1e+09,0,0,0,0,0,0,4,0,0,0.293271,-0.872198,0.544793,-9.59825,0.162594,-0.000109241,-100.157,0,0,0,1526.43,981.919,-173663,0,0,0,-5.91162,-1.20282e-09,-0.273845,-0.065344,0,0
1.12842e-05,0,0,0,1e+09,1e+09,1e+09,0,0,0,0,0,0,4,0,0,0.293271,-0.892625,0.544791,-9.57338,0.162594,-0.000110698,-131.562,0,0,0,1728.03,951.342,-180088,0,0,0,-5.99235,-1.25201e-09,-0.287745,-0.0649141,0,0
1.14327e-05,0,0,0,1e+09,1e+09,1e+09,0,0,0,0,0,0,4,0,0,0.293271,-0.913315,0.54479,-9.54819,0.162594,-0.000112155,-172.145,0,0,0,1914.38,1039.22,-181172,0,0,0,-6.06375,-1.30252e-09,-0.293197,-0.0644939,0,0
1.15812e-05,0,0,0,1e+09,1e+09,1e+09,0,0,0,0,0,0,4,0,0,0.293271,-0.934156,0.544788,-9.52281,0.162594,-0.000113611,-224.404,0,0,0,2162.6,1457.12,-181813,0,0,0,-6.14571,-1.35435e-09,-0.288154,-0.0648539,0,0
1.17296e-05,0,0,0,1e+09,1e+09,1e+09,0,0,0,0,0,0,4,0,0,0.293271,-0.955083,0.544787,-9.49734,0.162594,-0.000115068,-291.461,0,0,0,2681.28,1819.47,-179019,0,0,0,-6.23908,-1.4075e-09,-0.267049,-0.0663219,0,0
1.18781e-05,0,0,0,1e+09,1e+09,1e+09,0,0,0,0,0,0,4,0,0,0.293271,-0.975202,0.544785,-9.47284,0.162594,-0.000116524,-377.216,0,0,0,2754.22,1826.88,-167037,0,0,0,-6.34354,-1.46197e-09,-0.234633,-0.068766,0,0
1.20266e-05,0,0,0,1e+09,1e+09,1e+09,0,0,0,0,0,0,4,0,0,0.293271,-0.992723,0.544784,-9.45151,0.162594,-0.000117981,-486.514,0,0,0,2036.52,1764.54,-140753,0,0,0,-6.47693,-1.51777e-09,-0.201458,-0.0718204,0,0
1.21751e-05,0,0,0,1e+09,1e+09,1e+09,0,0,0,0,0,0,4,0,0,0.29327,-1.00638,0.544783,-9.43488,0.162594,-0.000119437,-625.36,0,0,0,768.267,1920.03,-100794,0,0,0,-6.64381,-1.57493e-09,-0.171932,-0.0745761,0,0
1.23235e-05,0,0,0,1e+09,1e+09,1e+09,0,0,0,0,0,0,4,0,0,0.29327,-1.01645,0.544781,-9.42263,0.162594,-0.000120894,-801.17,0,0,0,-530.782,1581.86,-75282.7,0,0,0,-6.80586,-1.63349e-09,-0.15185,-0.076734,0,0
1.2472e-05,0,0,0,1e+09,1e+09,1e+09,0,0,0,0,0,0,4,0,0,0.29327,-1.0241,0.54478,-9.41332,0.162594,-0.00012235,-1023.07,0,0,0,-1654.61,1213.81,-59943.6,0,0,0,-6.91422,-1.69346e-09,-0.140888,-0.0774501,0,0
1.26205e-05,0,0,0,1e+09,1e+09,1e+09,0,0,0,0,0,0,4,0,0,0.29327,-1.03056,0.544778,-9.40546,0.162594,-0.000123807,-1302.26,0,0,0,-1830.53,1317.9,-54764.4,0,0,0,-6.96571,-1.75483e-09,-0.133444,-0.0771523,0,0
1.2769e-05,0,0,0,1e+09,1e+09,1e+09,0,0,0,0,0,0,4,0,0,0.29327,-1.03752,0.544777,-9.39699,0.162594,-0.000125264,-1652.4,0,0,0,-1419.06,1249.6,-72471.6,0,0,0,-7.00522,-1.81759e-09,-0.133613,-0.0776321,0,0
1.29174e-05,0,0,0,1e+09,1e+09,1e+09,0,0,0,0,0,0,4,0,0,0.29327,-1.04806,0.544776,-9.38415,0.162594,-0.00012672,-2090.18,0,0,0,-1094.34,628.91,-112024,0,0,0,-7.07464,-1.88169e-09,-0.171409,-0.0797681,0,0
1.30659e-05,0,0,0,1e+09,1e+09,1e+09,0,0,0,0,0,0,4,0,0,0.29327,-1.06386,0.544774,-9.36491,0.162594,-0.000128177,-2635.8,0,0,0,-1096.55,-524.74,-160416,0,0,0,-7.16923,-1.94711e-09,-0.242521,-0.0821683,0,0
1.32144e-05,0,0,0,1e+09,1e+09,1e+09,0,0,0,0,0,0,4,0,0,0.293269,-1.08439,0.544773,-9.33993,0.162594,-0.000129633,-3313.73,0,0,0,-1156.1,-1193.34,-190954,0,0,0,-7.25921,-2.01387e-09,-0.29446,-0.0833966,0,0
1.33629e-05,0,0,0,1e+09,1e+09,1e+09,0,0,0,0,0,0,4,0,0,0.293269,-1.10706,0.544771,-9.31232,0.162594,-0.00013109,-4153.44,0,0,0,-1003.94,-1418.2,-199587,0,0,0,-7.34023,-2.08203e-09,-0.301821,-0.0830589,0,0
1.35114e-05,0,0,0,1e+09,1e+09,1e+09,0,0,0,0,0,0,4,0,0,0.293269,-1.12897,0.54477,-9.28564,0.162594,-0.000132546,-5190.35,0,0,0,-519.624,-1362.74,-180156,0,0,0,-7.43328,-2.15166e-09,-0.282477,-0.0822791,0,0
1.36598e-05,0,0,0,1e+09,1e+09,1e+09,0,0,0,0,0,0,4,0,0,0.293269,-1.14887,0.544769,-9.26142,0.162594,-0.000134003,-6466.81,0,0,0,-721.97,-1619.17,-165628,0,0,0,-7.55436,-2.22284e-09,-0.258556,-0.0826705,0,0
1.38083e-05,0,0,0,1e+09,1e+09,1e+09,0,0,0,0,0,0,4,0,0,0.293269,-1.16724,0.544767,-9.23905,0.162594,-0.000135459,-8033.35,0,0,0,-1361.48,-1620.6,-151571,0,0,0,-7.70118,-2.29567e-09,-0.232004,-0.083568,0,0
1.39568e-05,0,0,0,1e+09,1e+09,1e+09,0,0,0,0,0,0,4,0,0,0.293269,-1.18356,0.544766,-9.21919,0.162594,-0.000136916,-9949.97,0,0,0,-2019.77,-1540.68,-131421,0,0,0,-7.8523,-2.37018e-09,-0.200096,-0.0847646,0,0
1.41053e-05,0,0,0,1e+09,1e+09,1e+09,0,0,0,0,0,0,4,0,0,0.293268,-1.19704,0.544765,-9.20277,0.162594,-0.000138373,-12287.7,0,0,0,-2322.38,-865.793,-103381,0,0,0,-7.98689,-2.44632e-09,-0.171293,-0.0862864,0,0
1.42537e-05,0,0,0,1e+09,1e+09,1e+09,0,0,0,0,0,0,4,0,0,0.293268,-1.20795,0.544763,-9.1895,0.162594,-0.000139829,-15130.4,0,0,0,-2689.74,722.38,-88392.8,0,0,0,-8.10481,-2.524e-09,-0.160779,-0.0878911,0,0
1.44022e-05,0,0,0,1e+09,1e+09,1e+09,0,0,0,0,0,0,4,0,0,0.293268,-1.21774,0.544762,-9.17758,0.162594,-0.000141286,-18576.5,0,0,0,-2841.07,2246.76,-84767.2,0,0,0,-8.21529,-2.60313e-09,-0.165481,-0.0893404,0,0
1.45507e-05,0,0,0,1e+09,1e+09,1e+09,0,0,0,0,0,0,4,0,0,0.293268,-1.22728,0.544761,-9.16597,0.162594,-0.000142742,-22741.4,0,0,0,-3211.51,2577.15,-80628.7,0,0,0,-8.3215,-2.68366e-09,-0.167931,-0.0908696,0,0
1.46992e-05,0,0,0,1e+09,1e+09,1e+09,0,0,0,0,0,0,4,0,0,0.293268,-1.2361,0.544759,-9.15523,0.162594,-0.000144199,-27759.4,0,0,0,-3066.13,2111.01,-70719.8,0,0,0,-8.42232,-2.7656e-09,-0.159155,-0.0926589,0,0
1.48476e-05,0,0,0,1e+09,1e+09,1e+09,0,0,0,0,0,0,4,0,0,0.293267,-1.24386,0.544758,-9.14579,0.162594,-0.000145655,-33787,0,0,0,-2124.06,1509.78,-62523,0,0,0,-8.51741,-2.84904e-09,-0.148058,-0.0947536,0,0
1.49961e-05,0,0,0,1e+09,1e+09,1e+09,0,0,0,0,0,0,4,0,0,0.293267,-1.25087,0.544756,-9.13725,0.162594,-0.000147112,-41005.2,0,0,0,-1332.72,1519.66,-61614.3,0,0,0,-8.60657,-2.93411e-09,-0.147003,-0.0961814,0,0
1.51446e-05,0,0,0,1e+09,1e+09,1e+09,0,0,0,0,0,0,4,0,0,0.293267,-1.25877,0.544755,-9.12764,0.162594,-0.000148568,-49622.9,0,0,0,-1394.36,1593.46,-81561.1,0,0,0,-8.68619,-3.02093e-09,-0.164778,-0.0973715,0,0
1.52931e-05,0,0,0,1e+09,1e+09,1e+09,0,0,0,0,0,0,4,0,0,0.293267,-1.27046,0.544754,-9.11341,0.162594,-0.000150025,-59879.9,0,0,0,-1830.91,1892.56,-119764,0,0,0,-8.75069,-3.10951e-09,-0.21233,-0.0988833,0,0
1.54415e-05,0,0,0,1e+09,1e+09,1e+09,0,0,0,0,0,0,4,0,0,0.293267,-1.28698,0.544752,-9.0933,0.162594,-0.000151482,-72051.2,0,0,0,-1989.87,1763.05,-164271,0,0,0,-8.801,-3.19978e-09,-0.272304,-0.100214,0,0
1.559e-05,0,0,0,1e+09,1e+09,1e+09,0,0,0,0,0,0,4,0,0,0.293267,-1.30737,0.544751,-9.06848,0.162594,-0.000152938,-86450,0,0,0,-1788.42,1546.6,-185246,0,0,0,-8.85457,-3.29165e-09,-0.307485,-0.101164,0,0
1.57385e-05,0,0,0,1e+09,1e+09,1e+09,0,0,0,0,0,0,4,0,0,0.293266,-1.32917,0.54475,-9.04193,0.162594,-0.000154395,-103433,0,0,0,-1141.03,1072.87,-183470,0,0,0,-8.93694,-3.38506e-09,-0.300407,-0.102375,0,0
1.5887e-05,0,0,0,1e+09,1e+09,1e+09,0,0,0,0,0,0,4,0,0,0.293266,-1.34926,0.544748,-9.01747,0.162594,-0.000155851,-123402,0,0,0,-307.961,822.228,-157774,0,0,0,-9.05363,-3.48004e-09,-0.262023,-0.104181,0,0
1.60354e-05,0,0,0,1e+09,1e+09,1e+09,0,0,0,0,0,0,4,0,0,0.293266,-1.36539,0.544747,-8.99784,0.162594,-0.000157308,-146813,0,0,0,-181.217,347.677,-119059,0,0,0,-9.18909,-3.57665e-09,-0.215308,-0.105929,0,0
1.61839e-05,0,0,0,1e+09,1e+09,1e+09,0,0,0,0,0,0,4,0,0,0.293266,-1.37717,0.544746,-8.9835,0.162594,-0.000158764,-174176,0,0,0,-599.958,-201.128,-85706.4,0,0,0,-9.33007,-3.67501e-09,-0.177804,-0.106701,0,0
1.63324e-05,0,0,0,1e+09,1e+09,1e+09,0,0,0,0,0,0,4,0,0,0.293266,-1.38571,0.544744,-8.9731,0.162594,-0.000160221,-206062,0,0,0,-656.799,-924.13,-62759.1,0,0,0,-9.46699,-3.77516e-09,-0.154723,-0.107315,0,0
1.64809e-05,0,0,0,1e+09,1e+09,1e+09,0,0,0,0,0,0,4,0,0,0.293265,-1.39238,0.544743,-8.96498,0.162594,-0.000161677,-243109,0,0,0,-694.228,-1206.51,-55209.1,0,0,0,-9.58268,-3.87709e-09,-0.148129,-0.107915,0,0
1.66294e-05,0,0,0,1e+09,1e+09,1e+09,0,0,0,0,0,0,4,0,0,0.293265,-1.39888,0.544742,-8.95707,0.162594,-0.000163134,-286022,0,0,0,-860.021,-953.573,-61216.1,0,0,0,-9.66215,-3.98078e-09,-0.157558,-0.108745,0,0
1.67778e-05,0,0,0,1e+09,1e+09,1e+09,0,0,0,0,0,0,4,0,0,0.293265,-1.40754,0.54474,-8.94653,0.162594,-0.000164591,-335583,0,0,0,-840.377,-541.706,-93208.8,0,0,0,-9.71224,-4.08621e-09,-0.186505,-0.109764,0,0
1.69263e-05,0,0,0,1e+09,1e+09,1e+09,0,0,0,0,0,0,4,0,0,0.293265,-1.42096,0.544739,-8.93019,0.162594,-0.000166047,-392654,0,0,0,-969.534,-763.869,-138392,0,0,0,-9.75856,-4.19338e-09,-0.238192,-0.111311,0,0
1.70748e-05,0,0,0,1e+09,1e+09,1e+09,0,0,0,0,0,0,4,0,0,0.293264,-1.43836,0.544738,-8.90901,0.162594,-0.000167504,-458178,0,0,0,-1120.38,-1068.73,-161920,0,0,0,-9.82226,-4.30231e-09,-0.272348,-0.114039,0,0
1.72233e-05,0,0,0,1e+09,1e+09,1e+09,0,0,0,0,0,0,4,0,0,0.293264,-1.45696,0.544736,-8.88637,0.162594,-0.00016896,-533188,0,0,0,-1218.42,-1140.77,-159764,0,0,0,-9.91539,-4.413e-09,-0.267615,-0.117725,0,0
1.73717e-05,0,0,0,1e+09,1e+09,1e+09,0,0,0,0,0,0,4,0,0,0.293264,-1.47456,0.544735,-8.86494,0.162594,-0.000170417,-618805,0,0,0,-1074.36,-787.561,-146379,0,0,0,-10.0322,-4.52551e-09,-0.257724,-0.120637,0,0
1.75202e-05,0,0,0,1e+09,1e+09,1e+09,0,0,0,0,0,0,4,0,0,0.293264,-1.49068,0.544734,-8.84531,0.162594,-0.000171873,-716247,0,0,0,-897.494,-1683.54,-135024,0,0,0,-10.1464,-4.63991e-09,-0.265914,-0.121452,0,0
1.76687e-05,0,0,0,1e+09,1e+09,1e+09,0,0,0,0,0,0,4,0,0,0.293264,-1.50618,0.544732,-8.82645,0.162594,-0.00017333,-826826,0,0,0,-623.504,-2306.4,-135867,0,0,0,-10.2477,-4.75623e-09,-0.280769,-0.121469,0,0
1.78172e-05,0,0,0,1e+09,1e+09,1e+09,0,0,0,0,0,0,4,0,0,0.293263,-1.52175,0.544731,-8.80748,0.162594,-0.000174786,-951953,0,0,0,-164.786,-2976.47,-137458,0,0,0,-10.3451,-4.87439e-09,-0.287299,-0.121299,0,0
1.79656e-05,0,0,0,1e+09,1e+09,1e+09,0,0,0,0,0,0,4,0,0,0.293263,-1.53754,0.54473,-8.78827,0.162594,-0.000176243,-1.09314e+06,0,0,0,582.388,-3663.76,-139435,0,0,0,-10.435,-4.99422e-09,-0.282447,-0.121469,0,0
1.81141e-05,0,0,0,1e+09,1e+09,1e+09,0,0,0,0,0,0,4,0,0,0.293263,-1.55383,0.544729,-8.76843,0.162594,-0.000177699,-1.25199e+06,0,0,0,1464.79,-4519.38,-140118,0,0,0,-10.5173,-5.1156e-09,-0.273889,-0.12269,0,0
1.82626e-05,0,0,0,1e+09,1e+09,1e+09,0,0,0,0,0,0,4,0,0,0.293263,-1.56999,0.544727,-8.74876,0.162594,-0.000179156,-1.43022e+06,0,0,0,2181.26,-5405.84,-136627,0,0,0,-10.6234,-5.2386e-09,-0.260685,-0.124913,0,0
1.84111e-05,0,0,0,1e+09,1e+09,1e+09,0,0,0,0,0,0,4,0,0,0.293262,-1.58525,0.544726,-8.73019,0.162594,-0.000180613,-1.62964e+06,0,0,0,2877.97,-6327.39,-126508,0,0,0,-10.7702,-5.36335e-09,-0.243478,-0.127613,0,0
1.85595e-05,0,0,0,1e+09,1e+09,1e+09,0,0,0,0,0,0,4,0,0,0.293262,-1.59918,0.544725,-8.71323,0.162594,-0.000182069,-1.85212e+06,0,0,0,3189.76,-7023.55,-113911,0,0,0,-10.9215,-5.49006e-09,-0.232644,-0.130546,0,0
1.8708e-05,0,0,0,1e+09,1e+09,1e+09,0,0,0,0,0,0,4,0,0,0.293262,-1.61151,0.544723,-8.69822,0.162594,-0.000183526,-2.09968e+06,0,0,0,3364.4,-6792.31,-100375,0,0,0,-11.0368,-5.61885e-09,-0.230614,-0.133249,0,0
1.88565e-05,0,0,0,1e+09,1e+09,1e+09,0,0,0,0,0,0,4,0,0,0.293262,-1.62299,0.544722,-8.68424,0.162594,-0.000184982,-2.37437e+06,0,0,0,3276.94,-5599.96,-98131.2,0,0,0,-11.1232,-5.74984e-09,-0.227235,-0.135516,0,0
1.9005e-05,0,0,0,1e+09,1e+09,1e+09,0,0,0,0,0,0,4,0,0,0.293262,-1.63418,0.544721,-8.67062,0.162594,-0.000186439,-2.67834e+06,0,0,0,3211.67,-4958.96,-94886.2,0,0,0,-11.2064,-5.88303e-09,-0.21645,-0.137477,0,0
1.91535e-05,0,0,0,1e+09,1e+09,1e+09,0,0,0,0,0,0,4,0,0,0.293261,-1.64487,0.544719,-8.6576,0.162594,-0.000187895,-3.01382e+06,0,0,0,2909.55,-4242.22,-90480.3,0,0,0,-11.2926,-6.01836e-09,-0.211081,-0.138895,0,0
1.93019e-05,0,0,0,1e+09,1e+09,1e+09,0,0,0,0,0,0,4,0,0,0.293261,-1.65562,0.544718,-8.64452,0.162594,-0.000189352,-3.38308e+06,0,0,0,2506.35,-4281.45,-97332.6,0,0,0,-11.3804,-6.15565e-09,-0.223976,-0.140007,0,0
1.94504e-05,0,0,0,1e+09,1e+09,1e+09,0,0,0,0,0,0,4,0,0,0.293261,-1.66852,0.544717,-8.62882,0.162594,-0.000190808,-3.78845e+06,0,0,0,2165.41,-4781.2,-126830,0,0,0,-11.4707,-6.29473e-09,-0.253737,-0.141045,0,0
1.95989e-05,0,0,0,1e+09,1e+09,1e+09,0,0,0,0,0,0,4,0,0,0.293261,-1.68473,0.544716,-8.60908,0.162594,-0.000192265,-4.2323e+06,0,0,0,1474.48,-5278.37,-151026,0,0,0,-11.5605,-6.4355e-09,-0.296182,-0.142174,0,0
1.97474e-05,0,0,0,1e+09,1e+09,1e+09,0,0,0,0,0,0,4,0,0,0.29326,-1.70341,0.544714,-8.58635,0.162594,-0.000193722,-4.71702e+06,0,0,0,770.327,-5957.48,-169887,0,0,0,-11.6397,-6.57803e-09,-0.329757,-0.143082,0,0
1.98958e-05,0,0,0,1e+09,1e+09,1e+09,0,0,0,0,0,0,4,0,0,0.29326,-1.72317,0.544713,-8.56229,0.162594,-0.000195178,-5.24503e+06,0,0,0,437.729,-6561.17,-173817,0,0,0,-11.7078,-6.72247e-09,-0.334309,-0.143632,0,0
2.00443e-05,0,0,0,1e+09,1e+09,1e+09,0,0,0,0,0,0,4,0,0,0.29326,-1.74276,0.544712,-8.53843,0.162594,-0.000196635,-5.81872e+06,0,0,0,763.881,-7010.83,-163417,0,0,0,-11.7836,-6.86897e-09,-0.314418,-0.143835,0,0
2.01928e-05,0,0,0,1e+09,1e+09,1e+09,0,0,0,0,0,0,4,0,0,0.29326,-1.76074,0.544711,-8.51655,0.162594,-0.000198091,-6.44049e+06,0,0,0,1144.2,-7162.44,-145726,0,0,0,-11.8903,-7.01759e-09,-0.285906,-0.144078,0,0
2.03413e-05,0,0,0,1e+09,1e+09,1e+09,0,0,0,0,0,0,4,0,0,0.293259,-1.77619,0.544709,-8.49773,0.162594,-0.000199548,-7.1127e+06,0,0,0,1083.31,-6183.02,-121126,0,0,0,-12.0342,-7.16827e-09,-0.259304,-0.144403,0,0
2.04897e-05,0,0,0,1e+09,1e+09,1e+09,0,0,0,0,0,0,4,0,0,0.293259,-1.78908,0.544708,-8.48204,0.162594,-0.000201004,-7.83766e+06,0,0,0,1362.34,-4405.14,-100854,0,0,0,-12.19,-7.32091e-09,-0.237433,-0.144758,0,0
2.06382e-05,0,0,0,1e+09,1e+09,1e+09,0,0,0,0,0,0,4,0,0,0.293259,-1.80012,0.544707,-8.4686,0.162594,-0.000202461,-8.61762e+06,0,0,0,1408.2,-2263.46,-91010.1,0,0,0,-12.3164,-7.4754e-09,-0.225467,-0.145281,0,0
2.07867e-05,0,0,0,1e+09,1e+09,1e+09,0,0,0,0,0,0,4,0,0,0.293258,-1.81032,0.544706,-8.45618,0.162594,-0.000203917,-9.45474e+06,0,0,0,1086.35,-340.907,-87079,0,0,0,-12.4029,-7.63173e-09,-0.225669,-0.146271,0,0
2.09352e-05,0,0,0,1e+09,1e+09,1e+09,0,0,0,0,0,0,4,0,0,0.293258,-1.82046,0.544704,-8.44384,0.162594,-0.000205374,-1.03511e+07,0,0,0,368.522,1588.92,-91201.9,0,0,0,-12.4752,-7.78995e-09,-0.235626,-0.147735,0,0
2.10836e-05,0,0,0,1e+09,1e+09,1e+09,0,0,0,0,0,0,4,0,0,0.293258,-1.83142,0.544703,-8.4305,0.162594,-0.000206831,-1.13086e+07,0,0,0,-253.798,3185.04,-98421.6,0,0,0,-12.5557,-7.95019e-09,-0.244355,-0.149684,0,0
2.12321e-05,0,0,0,1e+09,1e+09,1e+09,0,0,0,0,0,0,4,0,0,0.293258,-1.84309,0.544702,-8.4163,0.162594,-0.000208287,-1.23292e+07,0,0,0,-1085.11,4340.32,-102282,0,0,0,-12.6457,-8.11251e-09,-0.241053,-0.151938,0,0
2.13806e-05,0,0,0,1e+09,1e+09,1e+09,0,0,0,0,0,0,4,0,0,0.293257,-1.85457,0.5447,-8.40232,0.162594,-0.000209744,-1.34145e+07,0,0,0,-1745.35,4520.18,-98117.4,0,0,0,-12.7401,-8.27697e-09,-0.233648,-0.154343,0,0
2.15291e-05,0,0,0,1e+09,1e+09,1e+09,0,0,0,0,0,0,4,0,0,0.293257,-1.86597,0.544699,-8.38845,0.162594,-0.0002112,-1.45661e+07,0,0,0,-3200.51,4558.02,-102978,0,0,0,-12.834,-8.44358e-09,-0.239348,-0.156189,0,0
2.16776e-05,0,0,0,1e+09,1e+09,1e+09,0,0,0,0,0,0,4,0,0,0.293257,-1.87819,0.544698,-8.37357,0.162594,-0.000212657,-1.57852e+07,0,0,0,-3473.18,4411.84,-113018,0,0,0,-12.9236,-8.61241e-09,-0.264312,-0.157725,0,0
2.1826e-05,0,0,0,1e+09,1e+09,1e+09,0,0,0,0,0,0,4,0,0,0.293257,-1.89241,0.544697,-8.35626,0.162594,-0.000214113,-1.70733e+07,0,0,0,-3894.79,4984.59,-134598,0,0,0,-13.0082,-8.78348e-09,-0.295799,-0.15918,0,0
2.19745e-05,0,0,0,1e+09,1e+09,1e+09,0,0,0,0,0,0,4,0,0,0.293256,-1.90915,0.544696,-8.33588,0.162594,-0.00021557,-1.84312e+07,0,0,0,-4215.3,5897.53,-157979,0,0,0,-13.0862,-8.95686e-09,-0.325498,-0.160725,0,0
2.2123e-05,0,0,0,1e+09,1e+09,1e+09,0,0,0,0,0,0,4,0,0,0.293256,-1.92804,0.544694,-8.31288,0.162594,-0.000217026,-1.98597e+07,0,0,0,-4026.83,7125.16,-171553,0,0,0,-13.1543,-9.13252e-09,-0.343627,-0.162675,0,0
2.22715e-05,0,0,0,1e+09,1e+09,1e+09,0,0,0,0,0,0,4,0,0,0.293256,-1.94784,0.544693,-8.28878,0.162594,-0.000218483,-2.13596e+07,0,0,0,-3951.93,8550.18,-174313,0,0,0,-13.2218,-9.31033e-09,-0.338393,-0.165075,0,0
2.24199e-05,0,0,0,1e+09,1e+09,1e+09,0,0,0,0,0,0,4,0,0,0.293255,-1.967,0.544692,-8.26545,0.162594,-0.00021994,-2.29312e+07,0,0,0,-4342.87,9786.52,-157916,0,0,0,-13.3174,-9.49006e-09,-0.315221,-0.167631,0,0
2.25684e-05,0,0,0,1e+09,1e+09,1e+09,0,0,0,0,0,0,4,0,0,0.293255,-1.98391,0.544691,-8.24486,0.162594,-0.000221396,-2.45749e+07,0,0,0,-4347.79,10462,-134941,0,0,0,-13.4583,-9.67152e-09,-0.291097,-0.170129,0,0
2.27169e-05,0,0,0,1e+09,1e+09,1e+09,0,0,0,0,0,0,4,0,0,0.293255,-1.99745,0.544689,-8.22837,0.162594,-0.000222853,-2.62905e+07,0,0,0,-3943.51,10543.7,-100058,0,0,0,-13.6215,-9.85471e-09,-0.267145,-0.172706,0,0
2.28654e-05,0,0,0,1e+09,1e+09,1e+09,0,0,0,0,0,0,4,0,0,0.293254,-2.00761,0.544688,-8.21602,0.162594,-0.000224309,-2.8078e+07,0,0,0,-3506.95,9503.65,-74330.3,0,0,0,-13.7708,-1.00398e-08,-0.242545,-0.175326,0,0
2.30138e-05,0,0,0,1e+09,1e+09,1e+09,0,0,0,0,0,0,4,0,0,0.293254,-2.01495,0.544687,-8.20707,0.162594,-0.000225766,-2.99369e+07,0,0,0,-3456.25,7721.56,-55111.9,0,0,0,-13.8904,-1.0227e-08,-0.227148,-0.177686,0,0
2.31623e-05,0,0,0,1e+09,1e+09,1e+09,0,0,0,0,0,0,4,0,0,0.293254,-2.02082,0.544686,-8.19994,0.162594,-0.000227222,-3.18669e+07,0,0,0,-3194.81,7396.45,-49006,0,0,0,-13.979,-1.04167e-08,-0.225423,-0.180033,0,0
2.33108e-05,0,0,0,1e+09,1e+09,1e+09,0,0,0,0,0,0,4,0,0,0.293254,-2.02693,0.544685,-8.1925,0.162594,-0.000228679,-3.3867e+07,0,0,0,-3078.61,7654.27,-59428.8,0,0,0,-14.0441,-1.06089e-08,-0.235314,-0.182754,0,0
2.34593e-05,0,0,0,1e+09,1e+09,1e+09,0,0,0,0,0,0,4,0,0,0.293253,-2.03538,0.544683,-8.18222,0.162594,-0.000230135,-3.59365e+07,0,0,0,-2495.68,7935.26,-89412.1,0,0,0,-14.1036,-1.08036e-08,-0.261596,-0.185212,0,0
2.36077e-05,0,0,0,1e+09,1e+09,1e+09,0,0,0,0,0,0,4,0,0,0.293253,-2.04822,0.544682,-8.16657,0.162594,-0.000231592,-3.80742e+07,0,0,0,-1624.43,8224.29,-136605,0,0,0,-14.1673,-1.10007e-08,-0.313048,-0.187024,0,0
2.37562e-05,0,0,0,1e+09,1e+09,1e+09,0,0,0,0,0,0,4,0,0,0.293253,-2.06714,0.544681,-8.14354,0.162594,-0.000233049,-4.02791e+07,0,0,0,-832.044,7981.99,-187191,0,0,0,-14.2307,-1.12001e-08,-0.38589,-0.188602,0,0
2.39047e-05,0,0,0,1e+09,1e+09,1e+09,0,0,0,0,0,0,4,0,0,0.293252,-2.09106,0.54468,-8.11442,0.162594,-0.000234505,-4.25496e+07,0,0,0,-70.4987,7732.08,-220164,0,0,0,-14.299,-1.14014e-08,-0.446301,-0.189898,0,0
2.40532e-05,0,0,0,1e+09,1e+09,1e+09,0,0,0,0,0,0,4,0,0,0.293252,-2.11669,0.544678,-8.08321,0.162594,-0.000235962,-4.48844e+07,0,0,0,479.325,7193.04,-219467,0,0,0,-14.388,-1.16047e-08,-0.450081,-0.190478,0,0
2.42016e-05,0,0,0,1e+09,1e+09,1e+09,0,0,0,0,0,0,4,0,0,0.293252,-2.14015,0.544677,-8.05465,0.162594,-0.000237418,-4.72818e+07,0,0,0,863.513,6118.47,-182414,0,0,0,-14.5078,-1.18101e-08,-0.39076,-0.190874,0,0
2.43501e-05,0,0,0,1e+09,1e+09,1e+09,0,0,0,0,0,0,4,0,0,0.293251,-2.1583,0.544676,-8.03257,0.162594,-0.000238875,-4.97403e+07,0,0,0,1148.25,4442.45,-130170,0,0,0,-14.6573,-1.20176e-08,-0.312907,-0.191546,0,0
2.44986e-05,0,0,0,1e+09,1e+09,1e+09,0,0,0,0,0,0,4,0,0,0.293251,-2.1706,0.544675,-8.01759,0.162594,-0.000240331,-5.22579e+07,0,0,0,1980.19,3307.64,-85882.3,0,0,0,-14.8199,-1.22273e-08,-0.263473,-0.191964,0,0
2.46471e-05,0,0,0,1e+09,1e+09,1e+09,0,0,0,0,0,0,4,0,0,0.293251,-2.17926,0.544674,-8.00705,0.162594,-0.000241788,-5.48329e+07,0,0,0,1974.31,2978.03,-67366.6,0,0,0,-14.9593,-1.24392e-08,-0.25181,-0.19238,0,0
2.47956e-05,0,0,0,1e+09,1e+09,1e+09,0,0,0,0,0,0,4,0,0,0.29325,-2.18689,0.544672,-7.99776,0.162594,-0.000243244,-5.74633e+07,0,0,0,1349.75,2523.9,-70262.1,0,0,0,-15.0482,-1.26536e-08,-0.260142,-0.192695,0,0
2.4944e-05,0,0,0,1e+09,1e+09,1e+09,0,0,0,0,0,0,4,0,0,0.29325,-2.19582,0.544671,-7.98689,0.162594,-0.000244701,-6.01472e+07,0,0,0,1326.63,1320.34,-90451.5,0,0,0,-15.1036,-1.28705e-08,-0.274688,-0.193196,0,0
2.50925e-05,0,0,0,1e+09,1e+09,1e+09,0,0,0,0,0,0,4,0,0,0.29325,-2.20825,0.54467,-7.97176,0.162594,-0.000246158,-6.28825e+07,0,0,0,1496.46,-198.878,-126735,0,0,0,-15.1668,-1.30898e-08,-0.30693,-0.194525,0,0
2.5241e-05,0,0,0,1e+09,1e+09,1e+09,0,0,0,0,0,0,4,0,0,0.293249,-2.22448,0.544669,-7.952,0.162594,-0.000247614,-6.56672e+07,0,0,0,1331.31,-1712.8,-154718,0,0,0,-15.2458,-1.33112e-08,-0.348406,-0.196387,0,0
2.53895e-05,0,0,0,1e+09,1e+09,1e+09,0,0,0,0,0,0,4,0,0,0.293249,-2.2433,0.544668,-7.92909,0.162594,-0.000249071,-6.84991e+07,0,0,0,1317.17,-2662.4,-170995,0,0,0,-15.3177,-1.35346e-08,-0.367046,-0.197926,0,0
2.55379e-05,0,0,0,1e+09,1e+09,1e+09,0,0,0,0,0,0,4,0,0,0.293249,-2.26275,0.544667,-7.90541,0.162594,-0.000250527,-7.13762e+07,0,0,0,1603.87,-3419.62,-163785,0,0,0,-15.3821,-1.37602e-08,-0.35838,-0.199098,0,0
2.56864e-05,0,0,0,1e+09,1e+09,1e+09,0,0,0,0,0,0,4,0,0,0.293248,-2.2809,0.544665,-7.88331,0.162594,-0.000251984,-7.42962e+07,0,0,0,1990.3,-4455.16,-149536,0,0,0,-15.4676,-1.3988e-08,-0.343998,-0.200286,0,0
2.58349e-05,0,0,0,1e+09,1e+09,1e+09,0,0,0,0,0,0,4,0,0,0.293248,-2.29706,0.544664,-7.86363,0.162594,-0.00025344,-7.72571e+07,0,0,0,1596.33,-5142.09,-134279,0,0,0,-15.5908,-1.42183e-08,-0.338783,-0.201487,0,0
2.59834e-05,0,0,0,1e+09,1e+09,1e+09,0,0,0,0,0,0,4,0,0,0.293248,-2.31238,0.544663,-7.84499,0.162594,-0.000254897,-8.02565e+07,0,0,0,1948.16,-5698.6,-131871,0,0,0,-15.729,-1.44513e-08,-0.34319,-0.202894,0,0
2.61318e-05,0,0,0,1e+09,1e+09,1e+09,0,0,0,0,0,0,4,0,0,0.293247,-2.32797,0.544662,-7.82601,0.162594,-0.000256353,-8.32923e+07,0,0,0,2196.28,-6182.61,-136961,0,0,0,-15.8416,-1.46868e-08,-0.355207,-0.204071,0,0
2.62803e-05,0,0,0,1e+09,1e+09,1e+09,0,0,0,0,0,0,4,0,0,0.293247,-2.34406,0.544661,-7.80642,0.162594,-0.00025781,-8.63622e+07,0,0,0,2687.9,-6588.3,-142101,0,0,0,-15.9137,-1.49249e-08,-0.357183,-0.205221,0,0
2.64288e-05,0,0,0,1e+09,1e+09,1e+09,0,0,0,0,0,0,4,0,0,0.293247,-2.36036,0.54466,-7.78658,0.162594,-0.000259267,-8.94639e+07,0,0,0,2964.54,-6951.15,-142491,0,0,0,-15.9752,-1.51653e-08,-0.343168,-0.206673,0,0
2.65773e-05,0,0,0,1e+09,1e+09,1e+09,0,0,0,0,0,0,4,0,0,0.293246,-2.37672,0.544658,-7.76666,0.162594,-0.000260723,-9.25949e+07,0,0,0,3458.3,-7548.55,-142030,0,0,0,-16.0623,-1.54079e-08,-0.332606,-0.208559,0,0
2.67257e-05,0,0,0,1e+09,1e+09,1e+09,0,0,0,0,0,0,4,0,0,0.293246,-2.39288,0.544657,-7.74699,0.162594,-0.00026218,-9.5753e+07,0,0,0,3872.65,-7613.59,-139970,0,0,0,-16.1749,-1.56526e-08,-0.333757,-0.21044,0,0
2.68742e-05,0,0,0,1e+09,1e+09,1e+09,0,0,0,0,0,0,4,0,0,0.293246,-2.40835,0.544656,-7.72816,0.162594,-0.000263636,-9.89355e+07,0,0,0,3987.92,-7794.69,-129251,0,0,0,-16.2936,-1.58996e-08,-0.331318,-0.212171,0,0
2.70227e-05,0,0,0,1e+09,1e+09,1e+09,0,0,0,0,0,0,4,0,0,0.293245,-2.42233,0.544655,-7.71113,0.162594,-0.000265093,-1.0214e+08,0,0,0,3718.55,-7255.51,-112048,0,0,0,-16.4117,-1.61487e-08,-0.317899,-0.213867,0,0
2.71712e-05,0,0,0,1e+09,1e+09,1e+09,0,0,0,0,0,0,4,0,0,0.293245,-2.43409,0.544654,-7.69682,0.162594,-0.00026655,-1.05364e+08,0,0,0,3186.38,-6537.88,-93386.5,0,0,0,-16.5267,-1.64002e-08,-0.299278,-0.215211,0,0
2.73197e-05,0,0,0,1e+09,1e+09,1e+09,0,0,0,0,0,0,4,0,0,0.293245,-2.44403,0.544653,-7.68472,0.162594,-0.000268006,-1.08605e+08,0,0,0,2887.73,-5967.46,-82460.5,0,0,0,-16.6322,-1.6654e-08,-0.28641,-0.216471,0,0
2.74681e-05,0,0,0,1e+09,1e+09,1e+09,0,0,0,0,0,0,4,0,0,0.293244,-2.4537,0.544652,-7.67295,0.162594,-0.000269463,-1.1186e+08,0,0,0,2338.46,-4897.86,-88825.8,0,0,0,-16.7245,-1.69102e-08,-0.293686,-0.217973,0,0
2.76166e-05,0,0,0,1e+09,1e+09,1e+09,0,0,0,0,0,0,4,0,0,0.293244,-2.46496,0.54465,-7.65925,0.162594,-0.00027092,-1.15125e+08,0,0,0,1385.56,-4500.98,-109694,0,0,0,-16.8011,-1.71688e-08,-0.31729,-0.219219,0,0
2.77651e-05,0,0,0,1e+09,1e+09,1e+09,0,0,0,0,0,0,4,0,0,0.293244,-2.4793,0.544649,-7.64179,0.162594,-0.000272377,-1.18399e+08,0,0,0,531.255,-3964.32,-142557,0,0,0,-16.8659,-1.74299e-08,-0.35145,-0.220301,0,0
2.79136e-05,0,0,0,1e+09,1e+09,1e+09,0,0,0,0,0,0,4,0,0,0.293243,-2.49676,0.544648,-7.62053,0.162594,-0.000273834,-1.21678e+08,0,0,0,-52.1715,-3458.6,-165208,0,0,0,-16.937,-1.76935e-08,-0.390502,-0.221606,0,0
2.8062e-05,0,0,0,1e+09,1e+09,1e+09,0,0,0,0,0,0,4,0,0,0.293243,-2.51626,0.544647,-7.59678,0.162594,-0.000275291,-1.24958e+08,0,0,0,77.8199,-3340.62,-175555,0,0,0,-17.034,-1.79597e-08,-0.413571,-0.22341,0,0
2.82105e-05,0,0,0,1e+09,1e+09,1e+09,0,0,0,0,0,0,4,0,0,0.293242,-2.53615,0.544646,-7.57258,0.162594,-0.000276748,-1.28237e+08,0,0,0,24.7502,-2719.14,-164330,0,0,0,-17.1581,-1.82284e-08,-0.404161,-0.225456,0,0
2.8359e-05,0,0,0,1e+09,1e+09,1e+09,0,0,0,0,0,0,4,0,0,0.293242,-2.55441,0.544645,-7.55034,0.162594,-0.000278205,-1.31511e+08,0,0,0,836.098,-2183.11,-146920,0,0,0,-17.2935,-1.84995e-08,-0.376251,-0.226873,0,0
2.85075e-05,0,0,0,1e+09,1e+09,1e+09,0,0,0,0,0,0,4,0,0,0.293242,-2.56993,0.544644,-7.53145,0.162594,-0.000279663,-1.34776e+08,0,0,0,638.689,-1838.79,-123543,0,0,0,-17.4223,-1.87729e-08,-0.346095,-0.227627,0,0
2.86559e-05,0,0,0,1e+09,1e+09,1e+09,0,0,0,0,0,0,4,0,0,0.293241,-2.583,0.544643,-7.51553,0.162594,-0.00028112,-1.38028e+08,0,0,0,697.015,-1729.1,-103340,0,0,0,-17.5375,-1.90483e-08,-0.320035,-0.227954,0,0
2.88044e-05,0,0,0,1e+09,1e+09,1e+09,0,0,0,0,0,0,4,0,0,0.293241,-2.59421,0.544641,-7.50189,0.162594,-0.000282578,-1.41264e+08,0,0,0,551.63,-1657.1,-90856.6,0,0,0,-17.6436,-1.93258e-08,-0.307554,-0.2279,0,0
2.89529e-05,0,0,0,1e+09,1e+09,1e+09,0,0,0,0,0,0,4,0,0,0.29324,-2.6044,0.54464,-7.48948,0.162594,-0.000284037,-1.4448e+08,0,0,0,208.254,-1857.31,-84759.8,0,0,0,-17.7495,-1.96056e-08,-0.306958,-0.227957,0,0
2.91014e-05,0,0,0,1e+09,1e+09,1e+09,0,0,0,0,0,0,4,0,0,0.29324,-2.61448,0.544639,-7.47721,0.162594,-0.000285496,-1.47672e+08,0,0,0,87.028,-2032.61,-91584,0,0,0,-17.8611,-1.9888e-08,-0.310633,-0.228608,0,0
2.92498e-05,0,0,0,1e+09,1e+09,1e+09,0,0,0,0,0,0,4,0,0,0.29324,-2.62556,0.544638,-7.46373,0.162594,-0.000286955,-1.50835e+08,0,0,0,84.5062,-2117.69,-101220,0,0,0,-17.9724,-2.0173e-08,-0.32376,-0.229895,0,0
2.93983e-05,0,0,0,1e+09,1e+09,1e+09,0,0,0,0,0,0,4,0,0,0.293239,-2.63758,0.544637,-7.44909,0.162594,-0.000288416,-1.53965e+08,0,0,0,44.7011,-1878.85,-108972,0,0,0,-18.064,-2.04605e-08,-0.338902,-0.231102,0,0
2.95468e-05,0,0,0,1e+09,1e+09,1e+09,0,0,0,0,0,0,4,0,0,0.293239,-2.65031,0.544636,-7.43359,0.162594,-0.000289877,-1.57058e+08,0,0,0,-284.171,-1295.14,-112778,0,0,0,-18.1285,-2.07501e-08,-0.339731,-0.231855,0,0
2.96953e-05,0,0,0,1e+09,1e+09,1e+09,0,0,0,0,0,0,4,0,0,0.293239,-2.66326,0.544635,-7.41783,0.162594,-0.000291339,-1.6011e+08,0,0,0,-664.446,-266.212,-112448,0,0,0,-18.1895,-2.10415e-08,-0.33384,-0.232318,0,0
2.98438e-05,0,0,0,1e+09,1e+09,1e+09,0,0,0,0,0,0,4,0,0,0.293238,-2.67637,0.544634,-7.40187,0.162594,-0.000292803,-1.63115e+08,0,0,0,-1285.37,942.765,-115497,0,0,0,-18.2742,-2.13349e-08,-0.33731,-0.232866,0,0
2.99922e-05,0,0,0,1e+09,1e+09,1e+09,0,0,0,0,0,0,4,0,0,0.293238,-2.68989,0.544633,-7.38542,0.162594,-0.000294268,-1.6607e+08,0,0,0,-1684.32,1804.28,-121699,0,0,0,-18.3815,-2.16305e-08,-0.356166,-0.233784,0,0
3.01407e-05,0,0,0,1e+09,1e+09,1e+09,0,0,0,0,0,0,4,0,0,0.293237,-2.70452,0.544631,-7.3676,0.162594,-0.000295736,-1.68969e+08,0,0,0,-2203.92,2472.58,-131885,0,0,0,-18.4872,-2.19286e-08,-0.377763,-0.234937,0,0
3.02892e-05,0,0,0,1e+09,1e+09,1e+09,0,0,0,0,0,0,4,0,0,0.293237,-2.72047,0.54463,-7.34818,0.162594,-0.000297206,-1.71808e+08,0,0,0,-2426.47,2961.51,-144148,0,0,0,-18.5777,-2.22293e-08,-0.390961,-0.235857,0,0
3.04377e-05,0,0,0,1e+09,1e+09,1e+09,0,0,0,0,0,0,4,0,0,0.293237,-2.73706,0.544629,-7.32799,0.162594,-0.00029868,-1.74583e+08,0,0,0,-2563.53,3249.09,-140767,0,0,0,-18.6615,-2.25325e-08,-0.38471,-0.236139,0,0
3.05861e-05,0,0,0,1e+09,1e+09,1e+09,0,0,0,0,0,0,4,0,0,0.293236,-2.75297,0.544628,-7.30862,0.162594,-0.000300157,-1.77289e+08,0,0,0,-2787.62,3075.37,-133380,0,0,0,-18.7562,-2.28378e-08,-0.360472,-0.236177,0,0
3.07346e-05,0,0,0,1e+09,1e+09,1e+09,0,0,0,0,0,0,4,0,0,0.293236,-2.76738,0.544627,-7.29108,0.162594,-0.000301639,-1.79922e+08,0,0,0,-3205.96,2501.49,-119635,0,0,0,-18.8682,-2.31451e-08,-0.337133,-0.23653,0,0
3.08831e-05,0,0,0,1e+09,1e+09,1e+09,0,0,0,0,0,0,4,0,0,0.293235,-2.78034,0.544626,-7.2753,0.162594,-0.000303127,-1.82476e+08,0,0,0,-3214.8,2157.62,-107887,0,0,0,-18.9865,-2.34543e-08,-0.328977,-0.237366,0,0
3.10316e-05,0,0,0,1e+09,1e+09,1e+09,0,0,0,0,0,0,4,0,0,0.293235,-2.79229,0.544625,-7.26076,0.162594,-0.000304622,-1.84948e+08,0,0,0,-2556.75,2025.85,-101811,0,0,0,-19.0972,-2.37654e-08,-0.330848,-0.238553,0,0
3.118e-05,0,0,0,1e+09,1e+09,1e+09,0,0,0,0,0,0,4,0,0,0.293234,-2.80378,0.544624,-7.24677,0.162594,-0.000306126,-1.87334e+08,0,0,0,-1702.01,2259.16,-100277,0,0,0,-19.1977,-2.40785e-08,-0.333119,-0.240177,0,0
3.13285e-05,0,0,0,1e+09,1e+09,1e+09,0,0,0,0,0,0,4,0,0,0.293234,-2.815,0.544623,-7.23311,0.162594,-0.000307641,-1.8963e+08,0,0,0,-1183.27,2974.16,-95179.5,0,0,0,-19.2901,-2.43939e-08,-0.334046,-0.241985,0,0
3.1477e-05,0,0,0,1e+09,1e+09,1e+09,0,0,0,0,0,0,4,0,0,0.293234,-2.82626,0.544622,-7.2194,0.162594,-0.000309168,-1.9183e+08,0,0,0,-1220.07,3583.01,-99279.7,0,0,0,-19.3743,-2.47114e-08,-0.337963,-0.243365,0,0
3.16255e-05,0,0,0,1e+09,1e+09,1e+09,0,0,0,0,0,0,4,0,0,0.293233,-2.83831,0.544621,-7.20473,0.162594,-0.000310711,-1.93933e+08,0,0,0,-1379.86,3800.93,-110237,0,0,0,-19.4534,-2.50312e-08,-0.349697,-0.244856,0,0
3.17739e-05,0,0,0,1e+09,1e+09,1e+09,0,0,0,0,0,0,4,0,0,0.293233,-2.8516,0.54462,-7.18856,0.162594,-0.000312273,-1.95934e+08,0,0,0,-1332.6,3854.35,-121852,0,0,0,-19.534,-2.53531e-08,-0.36424,-0.246626,0,0
3.19224e-05,0,0,0,1e+09,1e+09,1e+09,0,0,0,0,0,0,4,0,0,0.293232,-2.8664,0.544619,-7.17053,0.162594,-0.000313857,-1.97829e+08,0,0,0,-1562.86,3767.22,-135928,0,0,0,-19.6204,-2.56768e-08,-0.377781,-0.248279,0,0
3.20709e-05,0,0,0,1e+09,1e+09,1e+09,0,0,0,0,0,0,4,0,0,0.293232,-2.88251,0.544617,-7.15093,0.162594,-0.000315468,-1.99617e+08,0,0,0,-2300.48,3767.51,-145609,0,0,0,-19.7088,-2.60024e-08,-0.395576,-0.2494,0,0
3.22194e-05,0,0,0,1e+09,1e+09,1e+09,0,0,0,0,0,0,4,0,0,0.293232,-2.89933,0.544616,-7.13045,0.162594,-0.000317112,-2.01293e+08,0,0,0,-3019.88,3521.26,-146998,0,0,0,-19.7922,-2.63294e-08,-0.411556,-0.250103,0,0
3.23679e-05,0,0,0,1e+09,1e+09,1e+09,0,0,0,0,0,0,4,0,0,0.293231,-2.91625,0.544615,-7.10985,0.162594,-0.000318795,-2.02856e+08,0,0,0,-3015.56,3557.53,-146242,0,0,0,-19.8789,-2.66579e-08,-0.41136,-0.250909,0,0
3.25163e-05,0,0,0,1e+09,1e+09,1e+09,0,0,0,0,0,0,4,0,0,0.293231,-2.93253,0.544614,-7.09003,0.162594,-0.000320525,-2.04303e+08,0,0,0,-3010.35,3385.4,-139527,0,0,0,-19.9858,-2.69877e-08,-0.396625,-0.251916,0,0
3.26648e-05,0,0,0,1e+09,1e+09,1e+09,0,0,0,0,0,0,4,0,0,0.29323,-2.94792,0.544613,-7.0713,0.162594,-0.000322311,-2.05632e+08,0,0,0,-2549.39,2514.08,-130297,0,0,0,-20.1039,-2.73191e-08,-0.380124,-0.252697,0,0
3.28133e-05,0,0,0,1e+09,1e+09,1e+09,0,0,0,0,0,0,4,0,0,0.29323,-2.96288,0.544612,-7.05308,0.162594,-0.000324164,-2.06842e+08,0,0,0,-2131.24,1901.29,-128675,0,0,0,-20.206,-2.76519e-08,-0.374529,-0.253282,0,0
3.29618e-05,0,0,0,1e+09,1e+09,1e+09,0,0,0,0,0,0,4,0,0,0.293229,-2.97764,0.544611,-7.03512,0.162594,-0.000326096,-2.07931e+08,0,0,0,-1891.38,1515.36,-128147,0,0,0,-20.2901,-2.79865e-08,-0.375183,-0.25409,0,0
3.31102e-05,0,0,0,1e+09,1e+09,1e+09,0,0,0,0,0,0,4,0,0,0.293229,-2.99211,0.54461,-7.0175,0.162594,-0.000328124,-2.08899e+08,0,0,0,-1466.55,915.057,-120941,0,0,0,-20.3851,-2.83225e-08,-0.37337,-0.255171,0,0
3.32587e-05,0,0,0,1e+09,1e+09,1e+09,0,0,0,0,0,0,4,0,0,0.293228,-3.00617,0.544609,-7.00038,0.162594,-0.000330264,-2.09746e+08,0,0,0,-1055.37,137.037,-121111,0,0,0,-20.5049,-2.86601e-08,-0.369016,-0.256046,0,0
3.34072e-05,0,0,0,1e+09,1e+09,1e+09,0,0,0,0,0,0,4,0,0,0.293228,-3.01972,0.544608,-6.98388,0.162594,-0.000332537,-2.1047e+08,0,0,0,-576.96,-428.781,-111394,0,0,0,-20.6263,-2.89993e-08,-0.363666,-0.255895,0,0
3.35557e-05,0,0,0,1e+09,1e+09,1e+09,0,0,0,0,0,0,4,0,0,0.293228,-3.03255,0.544607,-6.96826,0.162594,-0.000334969,-2.11073e+08,0,0,0,-197.652,-899.479,-107305,0,0,0,-20.7226,-2.93401e-08,-0.35607,-0.25483,0,0
3.37041e-05,0,0,0,1e+09,1e+09,1e+09,0,0,0,0,0,0,4,0,0,0.293227,-3.04487,0.544606,-6.95327,0.162594,-0.000337587,-2.11555e+08,0,0,0,-60.5682,-794.833,-106309,0,0,0,-20.7971,-2.96828e-08,-0.350828,-0.253888,0,0
3.38526e-05,0,0,0,1e+09,1e+09,1e+09,0,0,0,0,0,0,4,0,0,0.293227,-3.05705,0.544605,-6.93843,0.162594,-0.000340425,-2.11917e+08,0,0,0,63.1837,-113.336,-108297,0,0,0,-20.8699,-3.0027e-08,-0.354564,-0.253749,0,0
3.40011e-05,0,0,0,1e+09,1e+09,1e+09,0,0,0,0,0,0,4,0,0,0.293226,-3.06995,0.544604,-6.92273,0.162594,-0.000343523,-2.12162e+08,0,0,0,441.881,877.21,-118333,0,0,0,-20.9534,-3.03727e-08,-0.373936,-0.254552,0,0
3.41496e-05,0,0,0,1e+09,1e+09,1e+09,0,0,0,0,0,0,4,0,0,0.293226,-3.08462,0.544603,-6.90487,0.162594,-0.000346926,-2.12291e+08,0,0,0,1186.37,1773.11,-138653,0,0,0,-21.0465,-3.07196e-08,-0.405851,-0.255645,0,0
3.4298e-05,0,0,0,1e+09,1e+09,1e+09,0,0,0,0,0,0,4,0,0,0.293225,-3.10111,0.544602,-6.8848,0.162594,-0.000350687,-2.12306e+08,0,0,0,1967.36,2241.84,-152840,0,0,0,-21.14,-3.10675e-08,-0.433521,-0.256823,0,0
3.44465e-05,0,0,0,1e+09,1e+09,1e+09,0,0,0,0,0,0,4,0,0,0.293225,-3.11897,0.544601,-6.86306,0.162594,-0.000354868,-2.1221e+08,0,0,0,2711.75,2031.96,-160240,0,0,0,-21.2298,-3.14165e-08,-0.444171,-0.257684,0,0
3.4595e-05,0,0,0,1e+09,1e+09,1e+09,0,0,0,0,0,0,4,0,0,0.293224,-3.13755,0.5446,-6.84043,0.162594,-0.00035954,-2.12007e+08,0,0,0,3486.3,1897.17,-161141,0,0,0,-21.3234,-3.17665e-08,-0.444191,-0.258268,0,0
3.47435e-05,0,0,0,1e+09,1e+09,1e+09,0,0,0,0,0,0,4,0,0,0.293224,-3.15647,0.544599,-6.81739,0.162594,-0.000364785,-2.117e+08,0,0,0,3834.02,1536.92,-162100,0,0,0,-21.4268,-3.21176e-08,-0.440656,-0.258933,0,0
3.48919e-05,0,0,0,1e+09,1e+09,1e+09,0,0,0,0,0,0,4,0,0,0.293223,-3.1753,0.544598,-6.79448,0.162594,-0.000370699,-2.11294e+08,0,0,0,3353.64,1595.46,-159961,0,0,0,-21.5406,-3.24699e-08,-0.427649,-0.259777,0,0
3.50404e-05,0,0,0,1e+09,1e+09,1e+09,0,0,0,0,0,0,4,0,0,0.293223,-3.19297,0.544597,-6.77296,0.162594,-0.000377391,-2.10793e+08,0,0,0,2670.43,1336.81,-145011,0,0,0,-21.6668,-3.28234e-08,-0.403008,-0.260632,0,0
3.51889e-05,0,0,0,1e+09,1e+09,1e+09,0,0,0,0,0,0,4,0,0,0.293222,-3.20801,0.544596,-6.75465,0.162594,-0.000384988,-2.10201e+08,0,0,0,1851.59,340.639,-116554,0,0,0,-21.8036,-3.31778e-08,-0.372108,-0.261187,0,0
3.53374e-05,0,0,0,1e+09,1e+09,1e+09,0,0,0,0,0,0,4,0,0,0.293222,-3.21988,0.544595,-6.7402,0.162594,-0.000393636,-2.09523e+08,0,0,0,1480.34,-153.01,-92369.2,0,0,0,-21.9383,-3.35332e-08,-0.347566,-0.261695,0,0
3.54859e-05,0,0,0,1e+09,1e+09,1e+09,0,0,0,0,0,0,4,0,0,0.293221,-3.22967,0.544594,-6.72828,0.162594,-0.0004035,-2.08766e+08,0,0,0,1130.57,-376.429,-80053,0,0,0,-22.058,-3.38893e-08,-0.347109,-0.262238,0,0
3.56343e-05,0,0,0,1e+09,1e+09,1e+09,0,0,0,0,0,0,4,0,0,0.293221,-3.2388,0.544593,-6.71716,0.162594,-0.000414771,-2.07934e+08,0,0,0,1231.86,-481.384,-81262.5,0,0,0,-22.1591,-3.42462e-08,-0.360135,-0.263072,0,0
3.57828e-05,0,0,0,1e+09,1e+09,1e+09,0,0,0,0,0,0,4,0,0,0.293221,-3.24878,0.544592,-6.70501,0.162594,-0.000427667,-2.07033e+08,0,0,0,1166.62,-744.855,-93679.6,0,0,0,-22.2436,-3.46039e-08,-0.362764,-0.26457,0,0
3.59313e-05,0,0,0,1e+09,1e+09,1e+09,0,0,0,0,0,0,4,0,0,0.29322,-3.2607,0.544591,-6.6905,0.162594,-0.000442437,-2.0607e+08,0,0,0,1312.29,-1167.02,-111363,0,0,0,-22.3178,-3.49624e-08,-0.368105,-0.266194,0,0
3.60798e-05,0,0,0,1e+09,1e+09,1e+09,0,0,0,0,0,0,4,0,0,0.29322,-3.27473,0.54459,-6.67341,0.162594,-0.000459363,-2.0505e+08,0,0,0,1581.47,-1010.04,-127290,0,0,0,-22.3861,-3.53218e-08,-0.393701,-0.267147,0,0
3.62282e-05,0,0,0,1e+09,1e+09,1e+09,0,0,0,0,0,0,4,0,0,0.293219,-3.29088,0.544589,-6.65375,0.162594,-0.000478768,-2.0398e+08,0,0,0,1872.04,-1012.56,-149763,0,0,0,-22.4532,-3.56821e-08,-0.428288,-0.267466,0,0
3.63767e-05,0,0,0,1e+09,1e+09,1e+09,0,0,0,0,0,0,4,0,0,0.293219,-3.3091,0.544588,-6.63157,0.162594,-0.000501016,-2.02866e+08,0,0,0,1911.1,-938.472,-165275,0,0,0,-22.5335,-3.60434e-08,-0.459541,-0.267774,0,0
3.65252e-05,0,0,0,1e+09,1e+09,1e+09,0,0,0,0,0,0,4,0,0,0.293218,-3.32807,0.544587,-6.60846,0.162594,-0.000526522,-2.01714e+08,0,0,0,1267.17,81.5913,-164035,0,0,0,-22.6375,-3.64057e-08,-0.476222,-0.268188,0,0
3.66737e-05,0,0,0,1e+09,1e+09,1e+09,0,0,0,0,0,0,4,0,0,0.293218,-3.34659,0.544586,-6.5859,0.162594,-0.000555754,-2.00532e+08,0,0,0,941.915,804.052,-158261,0,0,0,-22.7518,-3.67689e-08,-0.460541,-0.26904,0,0
3.68221e-05,0,0,0,1e+09,1e+09,1e+09,0,0,0,0,0,0,4,0,0,0.293217,-3.364,0.544585,-6.5647,0.162594,-0.00058924,-1.99325e+08,0,0,0,707.529,1355.09,-145819,0,0,0,-22.8545,-3.7133e-08,-0.426593,-0.270567,0,0
3.69706e-05,0,0,0,1e+09,1e+09,1e+09,0,0,0,0,0,0,4,0,0,0.293217,-3.37974,0.544584,-6.54554,0.162594,-0.000627576,-1.98099e+08,0,0,0,958.104,745.971,-128059,0,0,0,-22.9432,-3.7498e-08,-0.397984,-0.271954,0,0
3.71191e-05,0,0,0,1e+09,1e+09,1e+09,0,0,0,0,0,0,4,0,0,0.293216,-3.39381,0.544583,-6.5284,0.162594,-0.000671433,-1.9686e+08,0,0,0,705.638,431.557,-114247,0,0,0,-23.0397,-3.7864e-08,-0.3795,-0.272715,0,0
3.72676e-05,0,0,0,1e+09,1e+09,1e+09,0,0,0,0,0,0,4,0,0,0.293216,-3.40637,0.544582,-6.5131,0.162594,-0.000721564,-1.95616e+08,0,0,0,655.162,67.2689,-101872,0,0,0,-23.1621,-3.82307e-08,-0.371606,-0.273379,0,0
3.7416e-05,0,0,0,1e+09,1e+09,1e+09,0,0,0,0,0,0,4,0,0,0.293215,-3.41782,0.544581,-6.49915,0.162594,-0.000778814,-1.9437e+08,0,0,0,229.817,-356.14,-96581.8,0,0,0,-23.2959,-3.85982e-08,-0.37369,-0.274173,0,0
3.75645e-05,0,0,0,1e+09,1e+09,1e+09,0,0,0,0,0,0,4,0,0,0.293215,-3.42825,0.54458,-6.48644,0.162594,-0.000844131,-1.93129e+08,0,0,0,-730.709,-2.20133,-85461.8,0,0,0,-23.41,-3.89662e-08,-0.36599,-0.274887,0,0
3.7713e-05,0,0,0,1e+09,1e+09,1e+09,0,0,0,0,0,0,4,0,0,0.293214,-3.43742,0.544579,-6.47526,0.162594,-0.00091857,-1.91899e+08,0,0,0,-1294.53,185.758,-76630,0,0,0,-23.4969,-3.93346e-08,-0.351546,-0.275372,0,0
3.78615e-05,0,0,0,1e+09,1e+09,1e+09,0,0,0,0,0,0,4,0,0,0.293214,-3.4461,0.544578,-6.46467,0.162594,-0.00100331,-1.90683e+08,0,0,0,-1258.45,255.959,-77958.3,0,0,0,-23.5707,-3.97033e-08,-0.353451,-0.275863,0,0
3.801e-05,0,0,0,1e+09,1e+09,1e+09,0,0,0,0,0,0,4,0,0,0.293213,-3.45614,0.544577,-6.45243,0.162594,-0.00109968,-1.89487e+08,0,0,0,-786.164,313.934,-98817.8,0,0,0,-23.6404,-4.00725e-08,-0.37389,-0.276712,0,0
3.81584e-05,0,0,0,1e+09,1e+09,1e+09,0,0,0,0,0,0,4,0,0,0.293213,-3.46951,0.544576,-6.43613,0.162594,-0.00120912,-1.88316e+08,0,0,0,-813.687,812.616,-132089,0,0,0,-23.7089,-4.04422e-08,-0.409086,-0.278268,0,0
3.83069e-05,0,0,0,1e+09,1e+09,1e+09,0,0,0,0,0,0,4,0,0,0.293212,-3.48653,0.544575,-6.41539,0.162594,-0.00133327,-1.87172e+08,0,0,0,-912.024,1352.69,-162082,0,0,0,-23.7799,-4.08124e-08,-0.449648,-0.280212,0,0
3.84554e-05,0,0,0,1e+09,1e+09,1e+09,0,0,0,0,0,0,4,0,0,0.293211,-3.5061,0.544574,-6.39154,0.162594,-0.00147392,-1.86061e+08,0,0,0,-1170.68,1727.65,-178127,0,0,0,-23.8607,-4.11832e-08,-0.477781,-0.281881,0,0
3.86039e-05,0,0,0,1e+09,1e+09,1e+09,0,0,0,0,0,0,4,0,0,0.293211,-3.52655,0.544573,-6.3666,0.162594,-0.00163307,-1.84985e+08,0,0,0,-1310.41,1533.35,-176699,0,0,0,-23.9614,-4.15546e-08,-0.484749,-0.283036,0,0
3.87523e-05,0,0,0,1e+09,1e+09,1e+09,0,0,0,0,0,0,4,0,0,0.29321,-3.54613,0.544572,-6.34273,0.162594,-0.00181293,-1.83947e+08,0,0,0,-1054.95,849.405,-160630,0,0,0,-24.0854,-4.19263e-08,-0.470099,-0.283785,0,0
3.89008e-05,0,0,0,1e+09,1e+09,1e+09,0,0,0,0,0,0,4,0,0,0.29321,-3.5634,0.544571,-6.32167,0.162594,-0.0020159,-1.82951e+08,0,0,0,-1005.05,301.205,-140854,0,0,0,-24.2183,-4.22986e-08,-0.436682,-0.284199,0,0
3.90493e-05,0,0,0,1e+09,1e+09,1e+09,0,0,0,0,0,0,4,0,0,0.293209,-3.57785,0.544571,-6.30403,0.162594,-0.00224468,-1.81998e+08,0,0,0,-1161.59,2.712,-115297,0,0,0,-24.3441,-4.26714e-08,-0.398644,-0.284292,0,0
3.91978e-05,0,0,0,1e+09,1e+09,1e+09,0,0,0,0,0,0,4,0,0,0.293209,-3.58984,0.54457,-6.2894,0.162594,-0.0025022,-1.81091e+08,0,0,0,-1583.68,-255.555,-93936.7,0,0,0,-24.4623,-4.30447e-08,-0.375211,-0.284421,0,0
3.93462e-05,0,0,0,1e+09,1e+09,1e+09,0,0,0,0,0,0,4,0,0,0.293208,-3.60024,0.544569,-6.27669,0.162594,-0.00279169,-1.8023e+08,0,0,0,-2240.25,-345.448,-85650.8,0,0,0,-24.58,-4.34182e-08,-0.368708,-0.284504,0,0
3.94947e-05,0,0,0,1e+09,1e+09,1e+09,0,0,0,0,0,0,4,0,0,0.293208,-3.61017,0.544568,-6.26454,0.162594,-0.00311668,-1.79419e+08,0,0,0,-2571.21,-853.007,-87870.2,0,0,0,-24.6939,-4.37917e-08,-0.37278,-0.284875,0,0
3.96432e-05,0,0,0,1e+09,1e+09,1e+09,0,0,0,0,0,0,4,0,0,0.293207,-3.62044,0.544567,-6.25197,0.162594,-0.00348105,-1.78657e+08,0,0,0,-2840.19,-1534.24,-93037.9,0,0,0,-24.794,-4.41651e-08,-0.381289,-0.286042,0,0
3.97917e-05,0,0,0,1e+09,1e+09,1e+09,0,0,0,0,0,0,4,0,0,0.293207,-3.63131,0.544566,-6.23867,0.162594,-0.00388901,-1.77945e+08,0,0,0,-2889.98,-1873.45,-98771.3,0,0,0,-24.8823,-4.45387e-08,-0.387146,-0.287663,0,0
3.99401e-05,0,0,0,1e+09,1e+09,1e+09,0,0,0,0,0,0,4,0,0,0.293206,-3.64315,0.544565,-6.22418,0.162594,-0.00434518,-1.77285e+08,0,0,0,-2609.27,-2125.14,-107163,0,0,0,-24.9707,-4.49128e-08,-0.39181,-0.289001,0,0
4.00886e-05,0,0,0,1e+09,1e+09,1e+09,0,0,0,0,0,0,4,0,0,0.293206,-3.65627,0.544564,-6.20812,0.162594,-0.00485458,-1.76677e+08,0,0,0,-2147.43,-2224.95,-118920,0,0,0,-25.0592,-4.52874e-08,-0.404309,-0.289957,0,0
4.02371e-05,0,0,0,1e+09,1e+09,1e+09,0,0,0,0,0,0,4,0,0,0.293205,-3.67092,0.544563,-6.1902,0.162594,-0.00542266,-1.7612e+08,0,0,0,-1463.23,-2057.36,-133753,0,0,0,-25.1361,-4.56624e-08,-0.423588,-0.290564,0,0
4.03856e-05,0,0,0,1e+09,1e+09,1e+09,0,0,0,0,0,0,4,0,0,0.293205,-3.68706,0.544562,-6.17044,0.162594,-0.00605535,-1.75615e+08,0,0,0,-1075.32,-1926.99,-143699,0,0,0,-25.2061,-4.60377e-08,-0.442369,-0.290806,0,0
4.05341e-05,0,0,0,1e+09,1e+09,1e+09,0,0,0,0,0,0,4,0,0,0.293204,-3.70401,0.544561,-6.1497,0.162594,-0.00675906,-1.75162e+08,0,0,0,-496.619,-1978.75,-148817,0,0,0,-25.2941,-4.64131e-08,-0.456831,-0.290972,0,0
4.06825e-05,0,0,0,1e+09,1e+09,1e+09,0,0,0,0,0,0,4,0,0,0.293203,-3.72102,0.54456,-6.12886,0.162594,-0.00754074,-1.7476e+08,0,0,0,-475.568,-2208.66,-146809,0,0,0,-25.4104,-4.67885e-08,-0.461898,-0.291548,0,0
4.0831e-05,0,0,0,1e+09,1e+09,1e+09,0,0,0,0,0,0,4,0,0,0.293203,-3.73745,0.544559,-6.10872,0.162594,-0.00840789,-1.74408e+08,0,0,0,-404.316,-2012.16,-141013,0,0,0,-25.5327,-4.71637e-08,-0.455154,-0.292409,0,0
4.09795e-05,0,0,0,1e+09,1e+09,1e+09,0,0,0,0,0,0,4,0,0,0.293202,-3.75275,0.544559,-6.08994,0.162594,-0.0093686,-1.74107e+08,0,0,0,-66.6293,-1836.24,-128274,0,0,0,-25.6368,-4.75388e-08,-0.436586,-0.293414,0,0
4.1128e-05,0,0,0,1e+09,1e+09,1e+09,0,0,0,0,0,0,4,0,0,0.293202,-3.7663,0.544558,-6.07329,0.162594,-0.0104316,-1.73855e+08,0,0,0,110.659,-2232.95,-112473,0,0,0,-25.7289,-4.79137e-08,-0.412153,-0.294405,0,0
4.12764e-05,0,0,0,1e+09,1e+09,1e+09,0,0,0,0,0,0,4,0,0,0.293201,-3.77855,0.544557,-6.0582,0.162594,-0.0116062,-1.73652e+08,0,0,0,450.697,-2811.76,-104709,0,0,0,-25.8328,-4.82886e-08,-0.394809,-0.295201,0,0
4.14249e-05,0,0,0,1e+09,1e+09,1e+09,0,0,0,0,0,0,4,0,0,0.293201,-3.79064,0.544556,-6.04329,0.162594,-0.0129026,-1.73498e+08,0,0,0,729.482,-3527.73,-108516,0,0,0,-25.9501,-4.86634e-08,-0.397898,-0.296181,0,0
4.15734e-05,0,0,0,1e+09,1e+09,1e+09,0,0,0,0,0,0,4,0,0,0.2932,-3.80317,0.544555,-6.02782,0.162594,-0.0143314,-1.7339e+08,0,0,0,745.179,-4438.29,-111054,0,0,0,-26.0576,-4.90382e-08,-0.411422,-0.297515,0,0
4.17219e-05,0,0,0,1e+09,1e+09,1e+09,0,0,0,0,0,0,4,0,0,0.2932,-3.81593,0.544554,-6.01205,0.162594,-0.0159044,-1.73328e+08,0,0,0,617.811,-4615,-111388,0,0,0,-26.1481,-4.94128e-08,-0.414588,-0.299149,0,0
4.18703e-05,0,0,0,1e+09,1e+09,1e+09,0,0,0,0,0,0,4,0,0,0.293199,-3.82838,0.544553,-5.99666,0.162594,-0.0176337,-1.73312e+08,0,0,0,271.507,-4617.86,-107975,0,0,0,-26.2403,-4.97875e-08,-0.40738,-0.300503,0,0
4.20188e-05,0,0,0,1e+09,1e+09,1e+09,0,0,0,0,0,0,4,0,0,0.293198,-3.8403,0.544552,-5.98188,0.162594,-0.0195326,-1.7334e+08,0,0,0,-220.651,-4464.08,-105639,0,0,0,-26.3407,-5.01621e-08,-0.404577,-0.301197,0,0
4.21673e-05,0,0,0,1e+09,1e+09,1e+09,0,0,0,0,0,0,4,0,0,0.293198,-3.85256,0.544551,-5.96666,0.162594,-0.0216151,-1.73412e+08,0,0,0,-728.842,-4063.19,-110716,0,0,0,-26.4349,-5.0537e-08,-0.413611,-0.301229,0,0
4.23158e-05,0,0,0,1e+09,1e+09,1e+09,0,0,0,0,0,0,4,0,0,0.293197,-3.86543,0.544551,-5.95067,0.162594,-0.0238962,-1.73526e+08,0,0,0,-1030.66,-3422.02,-114459,0,0,0,-26.5162,-5.09121e-08,-0.425076,-0.30095,0,0
4.24642e-05,0,0,0,1e+09,1e+09,1e+09,0,0,0,0,0,0,4,0,0,0.293197,-3.87904,0.54455,-5.93377,0.162594,-0.0263917,-1.73682e+08,0,0,0,-889.441,-2540.64,-123683,0,0,0,-26.5967,-5.12874e-08,-0.433622,-0.300825,0,0
4.26127e-05,0,0,0,1e+09,1e+09,1e+09,0,0,0,0,0,0,4,0,0,0.293196,-3.89378,0.544549,-5.91546,0.162594,-0.0291185,-1.73878e+08,0,0,0,-648.743,-2144.12,-135526,0,0,0,-26.6895,-5.16623e-08,-0.447069,-0.301233,0,0
4.27612e-05,0,0,0,1e+09,1e+09,1e+09,0,0,0,0,0,0,4,0,0,0.293196,-3.9094,0.544548,-5.89605,0.162594,-0.0320945,-1.74113e+08,0,0,0,-195.575,-1745.75,-141801,0,0,0,-26.7901,-5.20367e-08,-0.46693,-0.301949,0,0
4.29097e-05,0,0,0,1e+09,1e+09,1e+09,0,0,0,0,0,0,4,0,0,0.293195,-3.92584,0.544547,-5.87562,0.162594,-0.0353386,-1.74386e+08,0,0,0,415.931,-1316.53,-147703,0,0,0,-26.8833,-5.24103e-08,-0.476942,-0.302395,0,0
4.30581e-05,0,0,0,1e+09,1e+09,1e+09,0,0,0,0,0,0,4,0,0,0.293194,-3.94262,0.544546,-5.85473,0.162594,-0.0388706,-1.74697e+08,0,0,0,1062.08,-768.983,-147439,0,0,0,-26.9688,-5.27833e-08,-0.466605,-0.302585,0,0
4.32066e-05,0,0,0,1e+09,1e+09,1e+09,0,0,0,0,0,0,4,0,0,0.293194,-3.95897,0.544545,-5.83433,0.162594,-0.0427118,-1.75044e+08,0,0,0,1123.54,78.3608,-145571,0,0,0,-27.0673,-5.31557e-08,-0.449568,-0.30292,0,0
4.33551e-05,0,0,0,1e+09,1e+09,1e+09,0,0,0,0,0,0,4,0,0,0.293193,-3.97491,0.544544,-5.8144,0.162594,-0.0468842,-1.75426e+08,0,0,0,1197.86,970.765,-140080,0,0,0,-27.1929,-5.35276e-08,-0.442534,-0.303638,0,0
4.35036e-05,0,0,0,1e+09,1e+09,1e+09,0,0,0,0,0,0,4,0,0,0.293193,-3.99019,0.544544,-5.79524,0.162594,-0.0514112,-1.75841e+08,0,0,0,1503.26,1504.87,-132621,0,0,0,-27.3277,-5.38992e-08,-0.43907,-0.304578,0,0
4.36521e-05,0,0,0,1e+09,1e+09,1e+09,0,0,0,0,0,0,4,0,0,0.293192,-4.004,0.544543,-5.77782,0.162594,-0.0563174,-1.76288e+08,0,0,0,1734.37,1740.18,-114588,0,0,0,-27.4438,-5.42707e-08,-0.422435,-0.305058,0,0
4.38005e-05,0,0,0,1e+09,1e+09,1e+09,0,0,0,0,0,0,4,0,0,0.293191,-4.01558,0.544542,-5.76307,0.162594,-0.0616285,-1.76767e+08,0,0,0,2265.34,1866.34,-95995.2,0,0,0,-27.5437,-5.46423e-08,-0.396755,-0.305144,0,0
4.3949e-05,0,0,0,1e+09,1e+09,1e+09,0,0,0,0,0,0,4,0,0,0.293191,-4.0253,0.544541,-5.75055,0.162594,-0.0673715,-1.77274e+08,0,0,0,2966.2,1930.37,-84513.5,0,0,0,-27.6486,-5.5014e-08,-0.384168,-0.305589,0,0
4.40975e-05,0,0,0,1e+09,1e+09,1e+09,0,0,0,0,0,0,4,0,0,0.29319,-4.03455,0.54454,-5.73856,0.162594,-0.0735747,-1.7781e+08,0,0,0,3544.96,2775.07,-85518.4,0,0,0,-27.7575,-5.53853e-08,-0.394378,-0.30678,0,0
4.4246e-05,0,0,0,1e+09,1e+09,1e+09,0,0,0,0,0,0,4,0,0,0.29319,-4.04501,0.544539,-5.72504,0.162594,-0.0802674,-1.78372e+08,0,0,0,3461.35,3201.43,-108504,0,0,0,-27.8483,-5.57562e-08,-0.416233,-0.307995,0,0
4.43944e-05,0,0,0,1e+09,1e+09,1e+09,0,0,0,0,0,0,4,0,0,0.293189,-4.05772,0.544538,-5.70873,0.162594,-0.0874806,-1.78958e+08,0,0,0,3452.37,3006.3,-128396,0,0,0,-27.913,-5.61264e-08,-0.439439,-0.309161,0,0
4.45429e-05,0,0,0,1e+09,1e+09,1e+09,0,0,0,0,0,0,4,0,0,0.293188,-4.07286,0.544538,-5.68941,0.162594,-0.0952463,-1.79566e+08,0,0,0,3498.42,2772.77,-148763,0,0,0,-27.9681,-5.64958e-08,-0.464137,-0.310058,0,0
4.46914e-05,0,0,0,1e+09,1e+09,1e+09,0,0,0,0,0,0,4,0,0,0.293188,-4.09003,0.544537,-5.66756,0.162594,-0.103598,-1.80196e+08,0,0,0,3254.98,2638.65,-164669,0,0,0,-28.0361,-5.68643e-08,-0.491859,-0.310422,0,0
4.48399e-05,0,0,0,1e+09,1e+09,1e+09,0,0,0,0,0,0,4,0,0,0.293187,-4.10865,0.544536,-5.64388,0.162594,-0.11257,-1.80843e+08,0,0,0,3413.22,2653.74,-173918,0,0,0,-28.1252,-5.72319e-08,-0.516238,-0.310286,0,0
4.49883e-05,0,0,0,1e+09,1e+09,1e+09,0,0,0,0,0,0,4,0,0,0.293187,-4.12767,0.544535,-5.61965,0.162594,-0.122199,-1.81507e+08,0,0,0,3633.65,2689.2,-171331,0,0,0,-28.2277,-5.75988e-08,-0.522075,-0.310161,0,0
4.51368e-05,0,0,0,1e+09,1e+09,1e+09,0,0,0,0,0,0,4,0,0,0.293186,-4.1457,0.544534,-5.59658,0.162594,-0.132523,-1.82184e+08,0,0,0,3583.83,2678.46,-157263,0,0,0,-28.3362,-5.79653e-08,-0.502296,-0.310583,0,0
4.52853e-05,0,0,0,1e+09,1e+09,1e+09,0,0,0,0,0,0,4,0,0,0.293185,-4.16172,0.544533,-5.57587,0.162594,-0.143579,-1.82872e+08,0,0,0,3783.54,2567.82,-137727,0,0,0,-28.4544,-5.83314e-08,-0.469776,-0.311416,0,0
4.54338e-05,0,0,0,1e+09,1e+09,1e+09,0,0,0,0,0,0,4,0,0,0.293185,-4.17596,0.544533,-5.55727,0.162594,-0.155408,-1.83569e+08,0,0,0,4254.49,2562.07,-124992,0,0,0,-28.5826,-5.86972e-08,-0.445447,-0.312339,0,0
4.55822e-05,0,0,0,1e+09,1e+09,1e+09,0,0,0,0,0,0,4,0,0,0.293184,-4.18833,0.544532,-5.54087,0.162594,-0.168051,-1.84272e+08,0,0,0,3673.26,2879.49,-109167,0,0,0,-28.7059,-5.90624e-08,-0.427093,-0.31308,0,0
4.57307e-05,0,0,0,1e+09,1e+09,1e+09,0,0,0,0,0,0,4,0,0,0.293183,-4.19852,0.544531,-5.52704,0.162594,-0.181551,-1.84977e+08,0,0,0,2509.37,3011.16,-90505,0,0,0,-28.8136,-5.94271e-08,-0.404358,-0.313532,0,0
4.58792e-05,0,0,0,1e+09,1e+09,1e+09,0,0,0,0,0,0,4,0,0,0.293183,-4.20678,0.54453,-5.51549,0.162594,-0.195952,-1.85683e+08,0,0,0,1791.02,2875.34,-78427.9,0,0,0,-28.9197,-5.9791e-08,-0.392176,-0.313954,0,0
4.60277e-05,0,0,0,1e+09,1e+09,1e+09,0,0,0,0,0,0,4,0,0,0.293182,-4.21455,0.544529,-5.50445,0.162593,-0.211299,-1.86385e+08,0,0,0,1538.51,2242.73,-82681.4,0,0,0,-29.0331,-6.0154e-08,-0.403073,-0.314775,0,0
4.61762e-05,0,0,0,1e+09,1e+09,1e+09,0,0,0,0,0,0,4,0,0,0.293182,-4.22375,0.544528,-5.49159,0.162593,-0.227638,-1.87081e+08,0,0,0,1220.48,1698.34,-100700,0,0,0,-29.135,-6.05159e-08,-0.423727,-0.316226,0,0
4.63246e-05,0,0,0,1e+09,1e+09,1e+09,0,0,0,0,0,0,4,0,0,0.293181,-4.2351,0.544528,-5.47602,0.162593,-0.245018,-1.87768e+08,0,0,0,977.911,1504.15,-120352,0,0,0,-29.2073,-6.08766e-08,-0.439817,-0.318005,0,0
4.64731e-05,0,0,0,1e+09,1e+09,1e+09,0,0,0,0,0,0,4,0,0,0.29318,-4.24853,0.544527,-5.45783,0.162593,-0.263486,-1.88442e+08,0,0,0,620.37,1137.19,-138902,0,0,0,-29.2639,-6.12362e-08,-0.453691,-0.319544,0,0
4.66216e-05,0,0,0,1e+09,1e+09,1e+09,0,0,0,0,0,0,4,0,0,0.29318,-4.26359,0.544526,-5.43755,0.162593,-0.283094,-1.89099e+08,0,0,0,101.843,769.582,-153239,0,0,0,-29.3397,-6.15949e-08,-0.476016,-0.320208,0,0
4.67701e-05,0,0,0,1e+09,1e+09,1e+09,0,0,0,0,0,0,4,0,0,0.293179,-4.27988,0.544525,-5.41568,0.162593,-0.303891,-1.89738e+08,0,0,0,-589.715,209.387,-157351,0,0,0,-29.4487,-6.19526e-08,-0.498798,-0.320228,0,0
4.69185e-05,0,0,0,1e+09,1e+09,1e+09,0,0,0,0,0,0,4,0,0,0.293178,-4.29636,0.544524,-5.39348,0.162593,-0.325931,-1.90354e+08,0,0,0,-1132.51,-33.512,-154153,0,0,0,-29.5705,-6.23096e-08,-0.50094,-0.320128,0,0
4.7067e-05,0,0,0,1e+09,1e+09,1e+09,0,0,0,0,0,0,4,0,0,0.293178,-4.31158,0.544524,-5.3727,0.162593,-0.349266,-1.90945e+08,0,0,0,-1645.9,65.9186,-140408,0,0,0,-29.6796,-6.26656e-08,-0.482045,-0.32006,0,0
4.72155e-05,0,0,0,1e+09,1e+09,1e+09,0,0,0,0,0,0,4,0,0,0.293177,-4.32488,0.544523,-5.35415,0.162593,-0.373949,-1.91507e+08,0,0,0,-2161.5,323.775,-125984,0,0,0,-29.7782,-6.30205e-08,-0.45958,-0.320318,0,0
4.7364e-05,0,0,0,1e+09,1e+09,1e+09,0,0,0,0,0,0,4,0,0,0.293177,-4.33645,0.544522,-5.3376,0.162593,-0.400037,-1.92037e+08,0,0,0,-2624.62,381.094,-115208,0,0,0,-29.8863,-6.33743e-08,-0.447721,-0.321016,0,0
4.75124e-05,0,0,0,1e+09,1e+09,1e+09,0,0,0,0,0,0,4,0,0,0.293176,-4.34733,0.544521,-5.32177,0.162593,-0.427585,-1.92533e+08,0,0,0,-2617.34,483.889,-112016,0,0,0,-30.0047,-6.37268e-08,-0.441657,-0.321773,0,0
4.76609e-05,0,0,0,1e+09,1e+09,1e+09,0,0,0,0,0,0,4,0,0,0.293175,-4.35783,0.54452,-5.30629,0.162593,-0.456649,-1.92992e+08,0,0,0,-2595.25,461.113,-107519,0,0,0,-30.1142,-6.40782e-08,-0.434139,-0.32235,0,0
4.78094e-05,0,0,0,1e+09,1e+09,1e+09,0,0,0,0,0,0,4,0,0,0.293175,-4.36748,0.54452,-5.29172,0.162593,-0.487286,-1.93411e+08,0,0,0,-2395.87,75.5177,-99068.5,0,0,0,-30.2102,-6.44286e-08,-0.424305,-0.322815,0,0
4.79579e-05,0,0,0,1e+09,1e+09,1e+09,0,0,0,0,0,0,4,0,0,0.293174,-4.37592,0.544519,-5.27849,0.162593,-0.519554,-1.93788e+08,0,0,0,-1968.67,-236.295,-90640.4,0,0,0,-30.3135,-6.47781e-08,-0.415529,-0.323553,0,0
4.81063e-05,0,0,0,1e+09,1e+09,1e+09,0,0,0,0,0,0,4,0,0,0.293173,-4.38361,0.544518,-5.26605,0.162593,-0.553511,-1.94121e+08,0,0,0,-1996.25,-741.905,-89164.6,0,0,0,-30.4303,-6.51265e-08,-0.412652,-0.324573,0,0
4.82548e-05,0,0,0,1e+09,1e+09,1e+09,0,0,0,0,0,0,4,0,0,0.293173,-4.3914,0.544517,-5.25336,0.162593,-0.589216,-1.94409e+08,0,0,0,-2110.16,-1016.84,-94734,0,0,0,-30.5298,-6.54735e-08,-0.419511,-0.325516,0,0
4.84033e-05,0,0,0,1e+09,1e+09,1e+09,0,0,0,0,0,0,4,0,0,0.293172,-4.40012,0.544517,-5.23939,0.162593,-0.626726,-1.9465e+08,0,0,0,-2365.78,-1246.73,-109233,0,0,0,-30.5902,-6.58191e-08,-0.434577,-0.32657,0,0
4.85518e-05,0,0,0,1e+09,1e+09,1e+09,0,0,0,0,0,0,4,0,0,0.293171,-4.41057,0.544516,-5.22319,0.162592,-0.666101,-1.94843e+08,0,0,0,-2877.3,-1231.3,-124455,0,0,0,-30.6366,-6.61632e-08,-0.452395,-0.327709,0,0
4.87003e-05,0,0,0,1e+09,1e+09,1e+09,0,0,0,0,0,0,4,0,0,0.293171,-4.42282,0.544515,-5.20464,0.162592,-0.7074,-1.94987e+08,0,0,0,-3417.89,-916.381,-138383,0,0,0,-30.7046,-6.65059e-08,-0.469664,-0.328719,0,0
4.88487e-05,0,0,0,1e+09,1e+09,1e+09,0,0,0,0,0,0,4,0,0,0.29317,-4.43621,0.544514,-5.18456,0.162592,-0.750682,-1.95083e+08,0,0,0,-3807.64,-110.001,-144868,0,0,0,-30.7971,-6.68473e-08,-0.486362,-0.329442,0,0
4.89972e-05,0,0,0,1e+09,1e+09,1e+09,0,0,0,0,0,0,4,0,0,0.293169,-4.44961,0.544513,-5.16433,0.162592,-0.796005,-1.9513e+08,0,0,0,-3619.88,545.834,-143613,0,0,0,-30.8959,-6.71876e-08,-0.494846,-0.329902,0,0
4.91457e-05,0,0,0,1e+09,1e+09,1e+09,0,0,0,0,0,0,4,0,0,0.293169,-4.46252,0.544513,-5.14454,0.162592,-0.843427,-1.95128e+08,0,0,0,-3320.59,870.83,-138472,0,0,0,-30.9916,-6.75271e-08,-0.48872,-0.33034,0,0
4.92942e-05,0,0,0,1e+09,1e+09,1e+09,0,0,0,0,0,0,4,0,0,0.293168,-4.47453,0.544512,-5.12568,0.162592,-0.893006,-1.95079e+08,0,0,0,-2630.41,847.953,-129580,0,0,0,-31.0865,-6.78655e-08,-0.473178,-0.330751,0,0
4.94426e-05,0,0,0,1e+09,1e+09,1e+09,0,0,0,0,0,0,4,0,0,0.293167,-4.48529,0.544511,-5.1082,0.162592,-0.9448,-1.94983e+08,0,0,0,-1935.23,-36.753,-119951,0,0,0,-31.1817,-6.82025e-08,-0.458204,-0.330845,0,0
4.95911e-05,0,0,0,1e+09,1e+09,1e+09,0,0,0,0,0,0,4,0,0,0.293167,-4.49514,0.54451,-5.09166,0.162592,-0.998864,-1.94843e+08,0,0,0,-1392.74,-242.254,-118087,0,0,0,-31.2724,-6.85376e-08,-0.448154,-0.330594,0,0
4.97396e-05,0,0,0,1e+09,1e+09,1e+09,0,0,0,0,0,0,4,0,0,0.293166,-4.50486,0.54451,-5.07511,0.162591,-1.05525,-1.9466e+08,0,0,0,-629.83,-352.54,-116728,0,0,0,-31.3571,-6.88704e-08,-0.445419,-0.330533,0,0
4.98881e-05,0,0,0,1e+09,1e+09,1e+09,0,0,0,0,0,0,4,0,0,0.293165,-4.51434,0.544509,-5.05869,0.162591,-1.11402,-1.94437e+08,0,0,0,-67.7536,-404.057,-116880,0,0,0,-31.4456,-6.92008e-08,-0.445865,-0.331125,0,0
5.00365e-05,0,0,0,1e+09,1e+09,1e+09,0,0,0,0,0,0,4,0,0,0.293165,-4.5231,0.544508,-5.04297,0.162591,-1.17523,-1.94176e+08,0,0,0,362.547,-777.652,-108985,0,0,0,-31.549,-6.95293e-08,-0.444251,-0.332049,0,0
5.0185e-05,0,0,0,1e+09,1e+09,1e+09,0,0,0,0,0,0,4,0,0,0.293164,-4.53104,0.544507,-5.02809,0.162591,-1.23892,-1.9388e+08,0,0,0,738.034,-1532.16,-102512,0,0,0,-31.6555,-6.98562e-08,-0.436249,-0.332898,0,0
5.03335e-05,0,0,0,1e+09,1e+09,1e+09,0,0,0,0,0,0,4,0,0,0.293163,-4.5384,0.544507,-5.01374,0.162591,-1.30514,-1.93553e+08,0,0,0,910.115,-2342.4,-99389.7,0,0,0,-31.7382,-7.01816e-08,-0.430227,-0.333628,0,0
5.0482e-05,0,0,0,1e+09,1e+09,1e+09,0,0,0,0,0,0,4,0,0,0.293163,-4.5454,0.544506,-4.99966,0.162591,-1.37394,-1.93198e+08,0,0,0,1052.96,-2667.75,-98568.9,0,0,0,-31.7942,-7.05054e-08,-0.433486,-0.334328,0,0
5.06304e-05,0,0,0,1e+09,1e+09,1e+09,0,0,0,0,0,0,4,0,0,0.293162,-4.55294,0.544505,-4.98474,0.16259,-1.44538,-1.92818e+08,0,0,0,1232.01,-2511.12,-114319,0,0,0,-31.8521,-7.08274e-08,-0.446101,-0.335091,0,0
5.07789e-05,0,0,0,1e+09,1e+09,1e+09,0,0,0,0,0,0,4,0,0,0.293161,-4.56216,0.544504,-4.9676,0.16259,-1.51948,-1.92418e+08,0,0,0,1687.01,-2373.75,-129886,0,0,0,-31.932,-7.11474e-08,-0.468158,-0.335974,0,0
5.09274e-05,0,0,0,1e+09,1e+09,1e+09,0,0,0,0,0,0,4,0,0,0.293161,-4.57266,0.544504,-4.94872,0.16259,-1.59631,-1.92001e+08,0,0,0,2192.76,-1708.45,-134446,0,0,0,-32.0177,-7.14658e-08,-0.488224,-0.337002,0,0
5.10759e-05,0,0,0,1e+09,1e+09,1e+09,0,0,0,0,0,0,4,0,0,0.29316,-4.58353,0.544503,-4.9292,0.16259,-1.67588,-1.91572e+08,0,0,0,2582.92,-1232.61,-138044,0,0,0,-32.0854,-7.17829e-08,-0.493199,-0.337784,0,0
5.12244e-05,0,0,0,1e+09,1e+09,1e+09,0,0,0,0,0,0,4,0,0,0.293159,-4.59436,0.544502,-4.90956,0.162589,-1.75825,-1.91133e+08,0,0,0,3055.27,-623.095,-138328,0,0,0,-32.1415,-7.20991e-08,-0.493132,-0.33801,0,0
5.13728e-05,0,0,0,1e+09,1e+09,1e+09,0,0,0,0,0,0,4,0,0,0.293159,-4.60475,0.544501,-4.89028,0.162589,-1.84344,-1.9069e+08,0,0,0,3070.56,42.9521,-135787,0,0,0,-32.2073,-7.24143e-08,-0.492645,-0.338143,0,0
5.15213e-05,0,0,0,1e+09,1e+09,1e+09,0,0,0,0,0,0,4,0,0,0.293158,-4.61461,0.544501,-4.87145,0.162589,-1.93148,-1.90246e+08,0,0,0,3342.64,884.345,-132247,0,0,0,-32.2909,-7.27279e-08,-0.48112,-0.338617,0,0
5.16698e-05,0,0,0,1e+09,1e+09,1e+09,0,0,0,0,0,0,4,0,0,0.293157,-4.62365,0.5445,-4.85345,0.162589,-2.0224,-1.89805e+08,0,0,0,3149.25,1349.51,-122984,0,0,0,-32.3803,-7.30392e-08,-0.466103,-0.339376,0,0
5.18183e-05,0,0,0,1e+09,1e+09,1e+09,0,0,0,0,0,0,4,0,0,0.293157,-4.63103,0.544499,-4.83727,0.162588,-2.11623,-1.8937e+08,0,0,0,2601.72,1508.37,-106240,0,0,0,-32.4557,-7.3348e-08,-0.453271,-0.340126,0,0
5.19667e-05,0,0,0,1e+09,1e+09,1e+09,0,0,0,0,0,0,4,0,0,0.293156,-4.63652,0.544499,-4.82322,0.162588,-2.21298,-1.88944e+08,0,0,0,2037.76,1488.73,-91615.2,0,0,0,-32.5153,-7.36538e-08,-0.439615,-0.340579,0,0
5.21152e-05,0,0,0,1e+09,1e+09,1e+09,0,0,0,0,0,0,4,0,0,0.293155,-4.64092,0.544498,-4.81032,0.162588,-2.31266,-1.88532e+08,0,0,0,1707.62,1056.08,-91894.2,0,0,0,-32.5741,-7.39568e-08,-0.434801,-0.340832,0,0
5.22637e-05,0,0,0,1e+09,1e+09,1e+09,0,0,0,0,0,0,4,0,0,0.293154,-4.64524,0.544497,-4.79733,0.162587,-2.4153,-1.88135e+08,0,0,0,1495.43,681.596,-93696.1,0,0,0,-32.632,-7.42573e-08,-0.444157,-0.340978,0,0
5.24122e-05,0,0,0,1e+09,1e+09,1e+09,0,0,0,0,0,0,4,0,0,0.293154,-4.65014,0.544496,-4.78346,0.162587,-2.5209,-1.87755e+08,0,0,0,1200.18,494.157,-105664,0,0,0,-32.6716,-7.4556e-08,-0.456435,-0.341222,0,0
5.25606e-05,0,0,0,1e+09,1e+09,1e+09,0,0,0,0,0,0,4,0,0,0.293153,-4.6566,0.544496,-4.76751,0.162586,-2.62946,-1.87396e+08,0,0,0,428.787,320.272,-123480,0,0,0,-32.6916,-7.48529e-08,-0.468427,-0.341647,0,0
5.27091e-05,0,0,0,1e+09,1e+09,1e+09,0,0,0,0,0,0,4,0,0,0.293152,-4.66501,0.544495,-4.74902,0.162586,-2.74098,-1.87059e+08,0,0,0,-191.961,133.036,-139141,0,0,0,-32.7101,-7.51479e-08,-0.485033,-0.342256,0,0
5.28576e-05,0,0,0,1e+09,1e+09,1e+09,0,0,0,0,0,0,4,0,0,0.293152,-4.67486,0.544494,-4.72859,0.162586,-2.85544,-1.86745e+08,0,0,0,294.039,57.709,-148653,0,0,0,-32.7355,-7.54407e-08,-0.499512,-0.342377,0,0
5.30061e-05,0,0,0,1e+09,1e+09,1e+09,0,0,0,0,0,0,4,0,0,0.293151,-4.68522,0.544494,-4.70737,0.162585,-2.97285,-1.86456e+08,0,0,0,388.239,-192.398,-152855,0,0,0,-32.7658,-7.5731e-08,-0.508291,-0.342403,0,0
5.31545e-05,0,0,0,1e+09,1e+09,1e+09,0,0,0,0,0,0,4,0,0,0.29315,-4.69513,0.544493,-4.68654,0.162585,-3.09318,-1.86191e+08,0,0,0,352.04,-345.146,-143704,0,0,0,-32.8002,-7.60189e-08,-0.512304,-0.342897,0,0
5.3303e-05,0,0,0,1e+09,1e+09,1e+09,0,0,0,0,0,0,4,0,0,0.29315,-4.70406,0.544492,-4.66673,0.162584,-3.21642,-1.85951e+08,0,0,0,763.206,-153.77,-138043,0,0,0,-32.8369,-7.63046e-08,-0.508836,-0.343581,0,0
5.34515e-05,0,0,0,1e+09,1e+09,1e+09,0,0,0,0,0,0,4,0,0,0.293149,-4.71238,0.544492,-4.6475,0.162584,-3.34252,-1.85736e+08,0,0,0,1088.62,-225.319,-135557,0,0,0,-32.8712,-7.65879e-08,-0.498766,-0.344588,0,0
5.36e-05,0,0,0,1e+09,1e+09,1e+09,0,0,0,0,0,0,4,0,0,0.293148,-4.72036,0.544491,-4.62853,0.162583,-3.47147,-1.85546e+08,0,0,0,1324.34,-420.907,-132273,0,0,0,-32.8975,-7.6869e-08,-0.492059,-0.345774,0,0
5.37484e-05,0,0,0,1e+09,1e+09,1e+09,0,0,0,0,0,0,4,0,0,0.293147,-4.72813,0.54449,-4.60967,0.162583,-3.60321,-1.85379e+08,0,0,0,1710.32,-1194.27,-133365,0,0,0,-32.9099,-7.71475e-08,-0.491162,-0.346732,0,0
5.38969e-05,0,0,0,1e+09,1e+09,1e+09,0,0,0,0,0,0,4,0,0,0.293147,-4.73576,0.54449,-4.59083,0.162582,-3.73771,-1.85235e+08,0,0,0,1295.95,-1332.04,-131088,0,0,0,-32.9156,-7.74234e-08,-0.489059,-0.347515,0,0
5.40454e-05,0,0,0,1e+09,1e+09,1e+09,0,0,0,0,0,0,4,0,0,0.293146,-4.74283,0.544489,-4.57253,0.162582,-3.87492,-1.85112e+08,0,0,0,770.829,-1750.7,-125179,0,0,0,-32.9331,-7.76967e-08,-0.482334,-0.348186,0,0
5.41939e-05,0,0,0,1e+09,1e+09,1e+09,0,0,0,0,0,0,4,0,0,0.293145,-4.74892,0.544488,-4.55528,0.162581,-4.01477,-1.8501e+08,0,0,0,300.435,-1977.95,-120367,0,0,0,-32.9615,-7.79676e-08,-0.471931,-0.348718,0,0
5.43424e-05,0,0,0,1e+09,1e+09,1e+09,0,0,0,0,0,0,4,0,0,0.293145,-4.75407,0.544487,-4.53904,0.162581,-4.15721,-1.84925e+08,0,0,0,217.297,-1958.84,-113207,0,0,0,-32.9766,-7.82361e-08,-0.466095,-0.349141,0,0
5.44908e-05,0,0,0,1e+09,1e+09,1e+09,0,0,0,0,0,0,4,0,0,0.293144,-4.7587,0.544487,-4.5233,0.16258,-4.30216,-1.84857e+08,0,0,0,251.406,-1933.3,-112614,0,0,0,-32.9625,-7.85021e-08,-0.472915,-0.34967,0,0
5.46393e-05,0,0,0,1e+09,1e+09,1e+09,0,0,0,0,0,0,4,0,0,0.293143,-4.7635,0.544486,-4.50725,0.162579,-4.44955,-1.84804e+08,0,0,0,546.345,-1436.41,-116636,0,0,0,-32.9294,-7.8765e-08,-0.481155,-0.350318,0,0
5.47878e-05,0,0,0,1e+09,1e+09,1e+09,0,0,0,0,0,0,4,0,0,0.293143,-4.76895,0.544485,-4.49027,0.162579,-4.59929,-1.84763e+08,0,0,0,581.209,-860.539,-124436,0,0,0,-32.8968,-7.90246e-08,-0.485304,-0.351086,0,0
5.49363e-05,0,0,0,1e+09,1e+09,1e+09,0,0,0,0,0,0,4,0,0,0.293142,-4.77539,0.544485,-4.47199,0.162578,-4.75131,-1.84733e+08,0,0,0,199.206,-402.003,-134875,0,0,0,-32.8726,-7.9281e-08,-0.496782,-0.351791,0,0
5.50847e-05,0,0,0,1e+09,1e+09,1e+09,0,0,0,0,0,0,4,0,0,0.293141,-4.7828,0.544484,-4.45243,0.162577,-4.90549,-1.84713e+08,0,0,0,-511.746,-375.441,-145119,0,0,0,-32.8452,-7.95345e-08,-0.513158,-0.352176,0,0
5.52332e-05,0,0,0,1e+09,1e+09,1e+09,0,0,0,0,0,0,4,0,0,0.29314,-4.79103,0.544483,-4.43178,0.162576,-5.06175,-1.84701e+08,0,0,0,-1191.41,-333.129,-151603,0,0,0,-32.8024,-7.97855e-08,-0.523842,-0.352429,0,0
5.53817e-05,0,0,0,1e+09,1e+09,1e+09,0,0,0,0,0,0,4,0,0,0.29314,-4.79906,0.544483,-4.41128,0.162576,-5.21997,-1.84694e+08,0,0,0,-1640.54,-503.017,-145517,0,0,0,-32.7494,-8.00341e-08,-0.526967,-0.352531,0,0
5.55302e-05,0,0,0,1e+09,1e+09,1e+09,0,0,0,0,0,0,4,0,0,0.293139,-4.80649,0.544482,-4.39144,0.162575,-5.38005,-1.84693e+08,0,0,0,-1940.4,-736.766,-141994,0,0,0,-32.7009,-8.02803e-08,-0.520682,-0.352614,0,0
5.56786e-05,0,0,0,1e+09,1e+09,1e+09,0,0,0,0,0,0,4,0,0,0.293138,-4.81396,0.544482,-4.37147,0.162574,-5.54185,-1.84696e+08,0,0,0,-2062.42,-865.657,-145414,0,0,0,-32.6623,-8.05238e-08,-0.513906,-0.352808,0,0
5.58271e-05,0,0,0,1e+09,1e+09,1e+09,0,0,0,0,0,0,4,0,0,0.293138,-4.82157,0.544481,-4.35129,0.162573,-5.70525,-1.84702e+08,0,0,0,-1952.59,-900.054,-142101,0,0,0,-32.6177,-8.07643e-08,-0.512653,-0.353053,0,0
5.59756e-05,0,0,0,1e+09,1e+09,1e+09,0,0,0,0,0,0,4,0,0,0.293137,-4.8288,0.54448,-4.3315,0.162572,-5.87013,-1.84711e+08,0,0,0,-1661.23,-1053.93,-139289,0,0,0,-32.5555,-8.10019e-08,-0.50391,-0.353243,0,0
5.61241e-05,0,0,0,1e+09,1e+09,1e+09,0,0,0,0,0,0,4,0,0,0.293136,-4.83506,0.54448,-4.31285,0.162571,-6.03635,-1.84723e+08,0,0,0,-756.907,-1222.78,-128991,0,0,0,-32.4922,-8.12366e-08,-0.487363,-0.353563,0,0
5.62725e-05,0,0,0,1e+09,1e+09,1e+09,0,0,0,0,0,0,4,0,0,0.293135,-4.84,0.544479,-4.29578,0.162571,-6.20375,-1.84737e+08,-0.00461616,-0.052074,0.0871304,290.524,-1248.52,-115656,0,0,0,-32.4413,-8.14723e-08,-0.474924,-0.354115,0,0
5.6421e-05,0,0,0,1e+09,1e+09,1e+09,0,0,0,0,0,0,4,0,0,0.293135,-4.84365,0.544478,-4.28026,0.16257,-6.37219,-1.84754e+08,-0.0410387,-0.282965,1.01215,728.476,-1217.61,-104068,0,0,0,-32.3896,-8.25935e-08,-0.468191,-0.354373,0,0
5.65695e-05,0,0,0,1e+09,1e+09,1e+09,0,0,0,0,0,0,4,0,0,0.293134,-4.84609,0.544478,-4.26618,0.162569,-6.54151,-1.84774e+08,-0.132927,-0.426513,3.89749,811.312,-1013.66,-95918.8,0,0,0,-32.3193,-9.52709e-08,-0.459517,-0.354279,0,0
5.6718e-05,0,0,0,1e+09,1e+09,1e+09,0,0,0,0,0,0,4,0,0,0.293133,-4.84755,0.544477,-4.25332,0.162568,-6.71155,-1.84799e+08,-0.299868,-0.496174,9.86747,413.564,-721.379,-88408.9,0,0,0,-32.2302,-1.714e-07,-0.449453,-0.354445,0,0
5.68665e-05,0,0,0,1e+09,1e+09,1e+09,0,0,0,0,0,0,4,0,0,0.293133,-4.84852,0.544476,-4.24103,0.162567,-6.88213,-1.84828e+08,-0.564197,-0.528974,19.8819,-592.646,-283.393,-89883.1,0,0,0,-32.1308,-4.59707e-07,-0.447738,-0.35514,0,0
5.70149e-05,0,0,0,1e+09,1e+09,1e+09,0,0,0,0,0,0,4,0,0,0.293132,-4.85026,0.544476,-4.22784,0.162566,-7.05307,-1.84863e+08,-0.899351,-0.553741,34.6129,-1120.3,-427.29,-100946,0,0,0,-32.0269,-1.2916e-06,-0.463098,-0.355999,0,0
5.71634e-05,0,0,0,1e+09,1e+09,1e+09,0,0,0,0,0,0,4,0,0,0.293131,-4.85394,0.544475,-4.2123,0.162565,-7.22418,-1.84906e+08,-1.8756,-0.327282,53.9191,-1318.08,-357.664,-121251,0,0,0,-31.9177,-3.84802e-06,-0.490732,-0.35674,0,0
5.73119e-05,0,0,0,1e+09,1e+09,1e+09,0,0,0,0,0,0,4,0,0,0.29313,-4.85983,0.544475,-4.19411,0.162563,-7.39528,-1.84958e+08,-2.65528,0.448892,77.1254,-1285.34,-264.336,-140712,0,0,0,-31.7976,-1.00574e-05,-0.516277,-0.35716,0,0
5.74604e-05,0,0,0,1e+09,1e+09,1e+09,0,0,0,0,0,0,4,0,0,0.29313,-4.86774,0.544474,-4.17352,0.162562,-7.56617,-1.8502e+08,-3.65431,2.30974,103.046,-920.597,97.5973,-157124,0,0,0,-31.6697,-2.20488e-05,-0.530651,-0.357416,0,0
5.76088e-05,0,0,0,1e+09,1e+09,1e+09,0,0,0,0,0,0,4,0,0,0.293129,-4.87728,0.544473,-4.15099,0.162561,-7.73666,-1.85093e+08,-5.40066,4.41198,132.349,-376.756,636.347,-164156,0,0,0,-31.549,-4.03266e-05,-0.538911,-0.357957,0,0
5.77573e-05,0,0,0,1e+09,1e+09,1e+09,0,0,0,0,0,0,4,0,0,0.293128,-4.88756,0.544473,-4.12763,0.16256,-7.90655,-1.85179e+08,-6.52954,5.9009,165.489,498.211,836.845,-164784,0,0,0,-31.4447,-6.44944e-05,-0.542044,-0.358831,0,0
5.79058e-05,0,0,0,1e+09,1e+09,1e+09,0,0,0,0,0,0,4,0,0,0.293127,-4.89692,0.544472,-4.10547,0.162559,-8.07565,-1.85279e+08,-9.45357,6.47035,199.6,883.442,742.171,-145483,0,0,0,-31.3485,-0.000100346,-0.522457,-0.35954,0,0
5.80543e-05,0,0,0,1e+09,1e+09,1e+09,0,0,0,0,0,0,4,0,0,0.293127,-4.90359,0.544471,-4.08669,0.162558,-8.24374,-1.85395e+08,-14.6167,5.78409,237.787,861.593,505.135,-117785,0,0,0,-31.2561,-0.000147297,-0.482037,-0.359636,0,0
5.82027e-05,0,0,0,1e+09,1e+09,1e+09,0,0,0,0,0,0,4,0,0,0.293126,-4.90648,0.544471,-4.0726,0.162556,-8.41063,-1.85527e+08,-18.3358,7.54829,280.004,317.656,82.6864,-86149,0,0,0,-31.1678,-0.00020523,-0.449429,-0.359255,0,0
5.83512e-05,0,0,0,1e+09,1e+09,1e+09,0,0,0,0,0,0,4,0,0,0.293125,-4.9065,0.54447,-4.06212,0.162555,-8.57609,-1.85676e+08,-20.7274,10.7055,323.637,66.2633,-198.918,-69141.1,0,0,0,-31.0696,-0.000283146,-0.43916,-0.359223,0,0
5.84997e-05,0,0,0,1e+09,1e+09,1e+09,0,0,0,0,0,0,4,0,0,0.293125,-4.90633,0.54447,-4.05199,0.162554,-8.73994,-1.85844e+08,-21.7193,11.2588,367.625,-484.501,-646.219,-77504.7,0,0,0,-30.9463,-0.000384981,-0.44608,-0.359431,0,0
5.86482e-05,0,0,0,1e+09,1e+09,1e+09,0,0,0,0,0,0,4,0,0,0.293124,-4.90766,0.544469,-4.04019,0.162553,-8.90196,-1.8603e+08,-22.495,9.34774,409.346,-1393.49,-1025.38,-92541.6,0,0,0,-30.8018,-0.000522465,-0.464598,-0.360025,0,0
5.87966e-05,0,0,0,1e+09,1e+09,1e+09,0,0,0,0,0,0,4,0,0,0.293123,-4.91091,0.544468,-4.02619,0.162551,-9.06196,-1.86235e+08,-27.0279,-1.05806,441.597,-2351.26,-1187.22,-107462,0,0,0,-30.6443,-0.000726225,-0.481153,-0.360935,0,0
5.89451e-05,0,0,0,1e+09,1e+09,1e+09,0,0,0,0,0,0,4,0,0,0.293122,-4.91605,0.544468,-4.01005,0.16255,-9.21977,-1.86459e+08,-34.1392,-19.5906,467.942,-3071.57,-1048.29,-123719,0,0,0,-30.4779,-0.000994272,-0.492151,-0.361968,0,0
5.90936e-05,0,0,0,1e+09,1e+09,1e+09,0,0,0,0,0,0,4,0,0,0.293122,-4.92332,0.544467,-3.99148,0.162549,-9.37516,-1.867e+08,-34.8122,-20.422,500.912,-3448.6,-672.846,-141285,0,0,0,-30.3142,-0.00125394,-0.512115,-0.363062,0,0
5.92421e-05,0,0,0,1e+09,1e+09,1e+09,0,0,0,0,0,0,4,0,0,0.293121,-4.93235,0.544467,-3.97095,0.162547,-9.52792,-1.8696e+08,-27.4783,-12.4828,552.162,-3462.16,-331.165,-153689,0,0,0,-30.166,-0.001537,-0.535707,-0.364236,0,0
5.93906e-05,0,0,0,1e+09,1e+09,1e+09,0,0,0,0,0,0,4,0,0,0.29312,-4.9422,0.544466,-3.94961,0.162546,-9.67779,-1.87235e+08,-32.613,-18.2211,610.044,-3656.25,-318.259,-150450,0,0,0,-30.0336,-0.00179921,-0.540954,-0.365266,0,0
5.9539e-05,0,0,0,1e+09,1e+09,1e+09,0,0,0,0,0,0,4,0,0,0.293119,-4.95174,0.544465,-3.92886,0.162544,-9.82457,-1.87527e+08,-40.6974,-29.2247,677.348,-3987.2,-533.67,-140985,0,0,0,-29.9089,-0.002047,-0.53163,-0.365904,0,0
5.96875e-05,0,0,0,1e+09,1e+09,1e+09,0,0,0,0,0,0,4,0,0,0.293119,-4.96028,0.544465,-3.90953,0.162543,-9.96803,-1.87832e+08,-36.6876,-19.2832,741.732,-3875.99,-1021.76,-131530,0,0,0,-29.7787,-0.0023426,-0.521279,-0.366096,0,0
5.9836e-05,0,0,0,1e+09,1e+09,1e+09,0,0,0,0,0,0,4,0,0,0.293118,-4.96828,0.544464,-3.89108,0.162541,-10.108,-1.88149e+08,-31.9935,-20.9132,800.318,-3717,-1107.46,-128863,0,0,0,-29.6355,-0.00269533,-0.509662,-0.365988,0,0
5.99845e-05,0,0,0,1e+09,1e+09,1e+09,0,0,0,0,0,0,4,0,0,0.293117,-4.97569,0.544464,-3.87359,0.16254,-10.2443,-1.88476e+08,-42.8275,-30.9968,853.854,-3815.9,-1326.4,-119786,0,0,0,-29.4891,-0.00311136,-0.495201,-0.365863,0,0
6.01329e-05,0,0,0,1e+09,1e+09,1e+09,0,0,0,0,0,0,4,0,0,0.293117,-4.98199,0.544463,-3.85768,0.162538,-10.3767,-1.88811e+08,-45.3588,-38.7275,919.25,-4031.37,-1845.88,-107145,0,0,0,-29.3573,-0.00354461,-0.481503,-0.365919,0,0
6.02814e-05,0,0,0,1e+09,1e+09,1e+09,0,0,0,0,0,0,4,0,0,0.293116,-4.98745,0.544463,-3.84305,0.162537,-10.5051,-1.89151e+08,-44.3803,-45.7057,1003.15,-4099.06,-2180.84,-103431,0,0,0,-29.2394,-0.00393802,-0.476509,-0.366321,0,0
6.04299e-05,0,0,0,1e+09,1e+09,1e+09,0,0,0,0,0,0,4,0,0,0.293115,-4.99333,0.544462,-3.82818,0.162535,-10.6291,-1.89494e+08,-45.1414,-53.524,1097.59,-3935.32,-2158.99,-108389,0,0,0,-29.1144,-0.00431451,-0.486354,-0.366864,0,0
6.05784e-05,0,0,0,1e+09,1e+09,1e+09,0,0,0,0,0,0,4,0,0,0.293114,-4.99985,0.544461,-3.81279,0.162534,-10.7486,-1.89836e+08,-38.0483,-51.0285,1198.53,-3670.62,-1712.78,-111488,0,0,0,-28.9681,-0.00469037,-0.496233,-0.367335,0,0
6.07268e-05,0,0,0,1e+09,1e+09,1e+09,0,0,0,0,0,0,4,0,0,0.293114,-5.00665,0.544461,-3.79734,0.162532,-10.8635,-1.90175e+08,-35.4576,-55.8638,1289.88,-3458.48,-1171.92,-108594,0,0,0,-28.8142,-0.00512546,-0.493282,-0.367805,0,0
6.08753e-05,0,0,0,1e+09,1e+09,1e+09,0,0,0,0,0,1,4,0,0,0.293113,-5.01351,0.54446,-3.7821,0.16253,-10.9737,-1.90508e+08,-10.8108,-40.9094,1301.55,-3494.16,-702.657,-109534,0,0,0,-28.6763,-0.00589585,-0.48491,-0.368346,0,0
6.10238e-05,0,0,0,1e+09,1e+09,1e+09,0,0,0,0,0,1,4,0,0,0.293112,-5.02079,0.54446,-3.76665,0.162529,-11.0789,-1.90832e+08,-35.8096,-14.4486,1384.17,-3847.07,-535.536,-115081,0,0,0,-28.5585,-0.00717465,-0.491364,-0.36905,0,0
6.11723e-05,0,0,0,1e+09,1e+09,1e+09,0,0,0,0,0,1,4,0,0,0.293111,-5.02943,0.544459,-3.74984,0.162527,-11.179,-1.91144e+08,-22.4685,-59.1562,1488.35,-3526.6,-60.5142,-129123,0,0,0,-28.44,-0.00823918,-0.513455,-0.369713,0,0
6.13207e-05,0,0,0,1e+09,1e+09,1e+09,0,0,0,0,0,1,4,0,0,0.293111,-5.03997,0.544459,-3.73102,0.162525,-11.2739,-1.9144e+08,-24.495,-66.7728,1570.93,-3148.45,477.906,-140492,0,0,0,-28.3033,-0.00926171,-0.537173,-0.370243,0,0
6.14692e-05,0,0,0,1e+09,1e+09,1e+09,0,0,0,0,0,2,4,0,0,0.29311,-5.05193,0.544458,-3.71078,0.162524,-11.3634,-1.91719e+08,-22.5873,-60.767,1647.84,-2560.06,998.677,-144393,0,0,0,-28.1616,-0.0103637,-0.547615,-0.37066,0,0
6.16177e-05,0,0,0,1e+09,1e+09,1e+09,0,0,0,0,0,3,4,0,0,0.293109,-5.06453,0.544458,-3.69008,0.162522,-11.4474,-1.91976e+08,-43.6296,-64.6834,1713.71,-1895.34,1490.28,-146038,0,0,0,-28.044,-0.011438,-0.542741,-0.371071,0,0
6.17662e-05,0,0,0,1e+09,1e+09,1e+09,0,0,0,0,0,4,4,0,0,0.293108,-5.07725,0.544457,-3.66958,0.16252,-11.5258,-1.92211e+08,-50.0612,-98.4157,1734.15,-1494.68,1751.5,-144870,0,0,0,-27.9516,-0.0126178,-0.534805,-0.371461,0,0
6.19146e-05,0,0,0,1e+09,1e+09,1e+09,0,0,0,0,0,8,4,0,0,0.293108,-5.08963,0.544456,-3.6498,0.162519,-11.5986,-1.92419e+08,-80.4559,-89.7477,1878.02,-1135.55,2332.05,-135734,0,0,0,-27.8578,-0.0136726,-0.529239,-0.37184,0,0
6.20631e-05,0,0,0,1e+09,1e+09,1e+09,0,0,0,0,0,8,4,0,0,0.293107,-5.10089,0.544456,-3.63172,0.162517,-11.6653,-1.92599e+08,-67.7593,-104.28,2026.63,-967.679,2902.77,-121035,0,0,0,-27.7569,-0.014662,-0.513573,-0.372051,0,0
6.22116e-05,0,0,0,1e+09,1e+09,1e+09,0,0,0,0,0,8,4,0,0,0.293106,-5.11029,0.544455,-3.61624,0.162515,-11.726,-1.9275e+08,-22.8968,-83.5998,2150.81,-629.769,3084.91,-101114,0,0,0,-27.6691,-0.0157014,-0.488389,-0.372413,0,0
6.23601e-05,0,0,0,1e+09,1e+09,1e+09,0,0,0,0,0,8,4,0,0,0.293105,-5.11765,0.544455,-3.60358,0.162513,-11.7806,-1.92869e+08,-48.0931,-142.916,2234.16,-168.729,3400.78,-81354.4,0,0,0,-27.5963,-0.0169304,-0.468703,-0.373009,0,0
6.25086e-05,0,0,0,1e+09,1e+09,1e+09,0,0,0,0,0,8,4,0,0,0.293105,-5.12382,0.544454,-3.59272,0.162512,-11.8292,-1.92954e+08,-73.3106,-44.4755,2296.45,-221.218,4022.41,-76819.6,0,0,0,-27.5149,-0.0179258,-0.467024,-0.373751,0,0
6.2657e-05,0,0,0,1e+09,1e+09,1e+09,0,0,0,0,0,9,4,0,0,0.293104,-5.13067,0.544454,-3.58137,0.16251,-11.8716,-1.93005e+08,-63.786,-81.6071,2401.09,226.818,4364.8,-86724.2,0,0,0,-27.4113,-0.0188209,-0.480797,-0.374076,0,0
6.28055e-05,0,0,0,1e+09,1e+09,1e+09,0,0,0,0,0,10,4,0,0,0.293103,-5.13969,0.544453,-3.56772,0.162508,-11.908,-1.93021e+08,-53.1545,-0.153365,2347.99,1130.3,4971.15,-109238,0,0,0,-27.2912,-0.0206493,-0.502125,-0.375533,0,0
6.2954e-05,0,0,0,1e+09,1e+09,1e+09,0,0,0,0,0,12,4,0,0,0.293102,-5.15143,0.544453,-3.5511,0.162506,-11.9381,-1.93002e+08,-82.3611,-95.8852,2534.11,2199.26,5839.11,-129600,0,0,0,-27.1661,-0.0224963,-0.524496,-0.376851,0,0
6.31025e-05,0,0,0,1e+09,1e+09,1e+09,0,0,0,0,0,13,4,0,0,0.293101,-5.1655,0.544452,-3.532,0.162505,-11.9619,-1.92947e+08,3.75086,-39.2427,2594.81,3000.73,6814.9,-142921,0,0,0,-27.0544,-0.024317,-0.544877,-0.379409,0,0
6.32509e-05,0,0,0,1e+09,1e+09,1e+09,0,0,0,0,0,13,4,0,0,0.293101,-5.18092,0.544452,-3.51159,0.162503,-11.9794,-1.92856e+08,-23.1072,-104.969,2719.81,3369.64,7461.47,-147960,0,0,0,-26.965,-0.0261886,-0.556719,-0.382865,0,0
6.33994e-05,0,0,0,1e+09,1e+09,1e+09,0,0,0,0,0,13,4,0,0,0.2931,-5.19656,0.544451,-3.49127,0.162501,-11.9903,-1.9273e+08,21.2323,-96.6392,2914.63,3747.12,7640.83,-139283,0,0,0,-26.8924,-0.0279583,-0.553409,-0.385275,0,0
6.35479e-05,0,0,0,1e+09,1e+09,1e+09,0,0,0,0,0,14,4,0,0,0.293099,-5.21137,0.544451,-3.47229,0.162499,-11.995,-1.9257e+08,-6.92256,-86.926,2938.98,4149.01,7236.88,-130171,0,0,0,-26.8256,-0.0293282,-0.545698,-0.387398,0,0
6.36964e-05,0,0,0,1e+09,1e+09,1e+09,0,0,0,0,0,14,4,0,0,0.293098,-5.22514,0.54445,-3.45492,0.162497,-11.9933,-1.92376e+08,40.4714,-83.3391,3143.12,4597.29,6442.67,-118085,0,0,0,-26.7611,-0.0307886,-0.542408,-0.387985,0,0
6.38448e-05,0,0,0,1e+09,1e+09,1e+09,0,0,0,0,0,15,4,0,0,0.293098,-5.23854,0.54445,-3.43834,0.162496,-11.9852,-1.92151e+08,21.0311,-69.9605,3236.99,4994.86,5907.51,-114402,0,0,0,-26.6929,-0.0324125,-0.538342,-0.388289,0,0
6.39933e-05,0,0,0,1e+09,1e+09,1e+09,0,0,0,0,0,16,4,0,0,0.293097,-5.25193,0.544449,-3.4221,0.162494,-11.9708,-1.91896e+08,6.29685,-101.472,3406.47,5322.66,5629.15,-115376,0,0,0,-26.613,-0.0340632,-0.532918,-0.3889,0,0
6.41418e-05,0,0,0,1e+09,1e+09,1e+09,0,0,0,0,0,17,4,0,0,0.293096,-5.26568,0.544449,-3.40576,0.162492,-11.9502,-1.91613e+08,8.68961,-107.806,3429,5413.38,4986.64,-120861,0,0,0,-26.527,-0.0360176,-0.532515,-0.389846,0,0
6.42903e-05,0,0,0,1e+09,1e+09,1e+09,0,0,0,0,0,18,4,0,0,0.293095,-5.28046,0.544448,-3.38848,0.16249,-11.9236,-1.91304e+08,-19.0935,-69.2785,3591.69,5284.75,4219.66,-128644,0,0,0,-26.4464,-0.0380412,-0.544249,-0.39046,0,0
6.44387e-05,0,0,0,1e+09,1e+09,1e+09,0,0,0,0,0,21,4,0,0,0.293094,-5.29647,0.544448,-3.37002,0.162489,-11.8909,-1.90972e+08,-99.6209,2.84813,3637.81,5289.25,3215,-135129,0,0,0,-26.3763,-0.0404334,-0.5605,-0.391663,0,0
6.45872e-05,0,0,0,1e+09,1e+09,1e+09,0,0,0,0,0,21,4,0,0,0.293094,-5.31281,0.544447,-3.35146,0.162487,-11.8525,-1.90621e+08,-90.0227,-52.7783,3641.32,5238.86,2264.25,-130028,0,0,0,-26.315,-0.0427638,-0.561819,-0.392471,0,0
6.47357e-05,0,0,0,1e+09,1e+09,1e+09,0,0,0,0,0,21,4,0,0,0.293093,-5.32824,0.544447,-3.33432,0.162485,-11.8082,-1.90252e+08,-1.02667,-87.5752,3925.4,4833.41,1427.45,-116441,0,0,0,-26.2593,-0.0449637,-0.542905,-0.392257,0,0
6.48842e-05,0,0,0,1e+09,1e+09,1e+09,0,0,0,0,0,22,4,0,0,0.293092,-5.34212,0.544446,-3.31936,0.162483,-11.7583,-1.89868e+08,-128.089,-112.629,3902.24,3808.88,508.834,-99059.4,0,0,0,-26.2066,-0.0475003,-0.520786,-0.392781,0,0
6.50327e-05,0,0,0,1e+09,1e+09,1e+09,0,0,0,0,0,23,4,0,0,0.293091,-5.3547,0.544446,-3.30628,0.162482,-11.703,-1.89474e+08,-10.6379,-11.5588,3738.22,2283.49,-53.3145,-91822,0,0,0,-26.1482,-0.0503459,-0.514451,-0.394073,0,0
6.51811e-05,0,0,0,1e+09,1e+09,1e+09,0,0,0,0,0,26,4,0,0,0.293091,-5.36747,0.544445,-3.29323,0.16248,-11.6426,-1.89073e+08,-13.3143,1.81008,3987.73,1265.98,-514.046,-95584.2,0,0,0,-26.0797,-0.0537119,-0.522423,-0.396086,0,0
6.53296e-05,0,0,0,1e+09,1e+09,1e+09,0,0,0,0,0,32,4,0,0,0.29309,-5.38156,0.544445,-3.27884,0.162478,-11.5773,-1.88667e+08,-17.65,103.937,3813.15,894.442,-1079.49,-110870,0,0,0,-25.9912,-0.0567048,-0.543928,-0.399302,0,0
6.54781e-05,0,0,0,1e+09,1e+09,1e+09,0,0,0,0,0,33,4,0,0,0.293089,-5.3976,0.544444,-3.26235,0.162476,-11.5066,-1.88261e+08,-44.8921,-105.685,4315.68,970.358,-1519.69,-125177,0,0,0,-25.8989,-0.0602613,-0.565512,-0.402034,0,0
6.56266e-05,0,0,0,1e+09,1e+09,1e+09,0,0,0,0,0,36,4,0,0,0.293088,-5.41577,0.544444,-3.2435,0.162475,-11.4312,-1.87858e+08,10.0748,264.286,3797.46,1012.6,-1792.07,-143281,0,0,0,-25.819,-0.0645062,-0.584066,-0.404425,0,0
6.5775e-05,0,0,0,1e+09,1e+09,1e+09,0,0,0,0,0,38,4,0,0,0.293087,-5.43589,0.544443,-3.22252,0.162473,-11.3517,-1.87461e+08,70.4481,-11.2973,4210.35,1155.07,-2332.03,-154588,0,0,0,-25.7519,-0.0687434,-0.602929,-0.40776,0,0
6.59235e-05,0,0,0,1e+09,1e+09,1e+09,0,0,0,0,0,40,4,0,0,0.293087,-5.45686,0.544443,-3.20073,0.162471,-11.2677,-1.87073e+08,135.701,113.996,4128.98,1382.73,-3249.52,-155902,0,0,0,-25.6749,-0.0740043,-0.608845,-0.410062,0,0
6.6072e-05,0,0,0,1e+09,1e+09,1e+09,0,0,0,0,0,43,4,0,0,0.293086,-5.47725,0.544442,-3.17986,0.16247,-11.1791,-1.86698e+08,159.722,-76.8536,3981.22,1498.13,-4230.07,-141494,0,0,0,-25.5915,-0.0785375,-0.589156,-0.413109,0,0
6.62205e-05,0,0,0,1e+09,1e+09,1e+09,0,0,0,0,0,48,4,0,0,0.293085,-5.49554,0.544442,-3.16176,0.162468,-11.087,-1.86338e+08,75.9668,187.488,4126.02,1170.06,-5010.37,-118055,0,0,0,-25.5259,-0.0831105,-0.562334,-0.416857,0,0
6.63689e-05,0,0,0,1e+09,1e+09,1e+09,0,0,0,0,0,56,4,0,0,0.293084,-5.51159,0.544441,-3.14658,0.162466,-10.9915,-1.85997e+08,36.99,176.797,3985.63,843.158,-5220.45,-102793,0,0,0,-25.4796,-0.0878341,-0.548578,-0.420363,0,0
6.65174e-05,0,0,0,1e+09,1e+09,1e+09,0,0,0,0,0,60,4,0,0,0.293083,-5.52685,0.544441,-3.13253,0.162465,-10.8925,-1.85676e+08,10.9038,165.592,3863.56,513.198,-4997.45,-101968,0,0,0,-25.418,-0.0925249,-0.555528,-0.42424,0,0
6.66659e-05,0,0,0,1e+09,1e+09,1e+09,0,0,0,0,0,64,4,0,0,0.293082,-5.54307,0.54444,-3.1175,0.162463,-10.7905,-1.85378e+08,145.797,280.397,3882.23,79.8447,-5384.04,-112938,0,0,0,-25.3237,-0.0975724,-0.570626,-0.426282,0,0
6.68144e-05,0,0,0,1e+09,1e+09,1e+09,0,0,0,0,0,69,4,0,0,0.293082,-5.561,0.54444,-3.10053,0.162461,-10.6855,-1.85105e+08,124.024,48.1043,3993.07,-521.249,-5372.3,-128698,0,0,0,-25.2069,-0.102279,-0.590075,-0.428577,0,0
6.69628e-05,0,0,0,1e+09,1e+09,1e+09,0,0,0,0,0,70,4,0,0,0.293081,-5.5807,0.544439,-3.08153,0.16246,-10.5782,-1.84858e+08,174.306,301.821,4002.52,-1119.51,-4798.14,-141458,0,0,0,-25.0995,-0.106915,-0.599122,-0.430628,0,0
6.71113e-05,0,0,0,1e+09,1e+09,1e+09,0,0,0,0,0,75,4,0,0,0.29308,-5.60179,0.544439,-3.06097,0.162458,-10.4678,-1.84638e+08,50.7037,215.811,4198.41,-1710.3,-3890.85,-151318,0,0,0,-25.0041,-0.111149,-0.604492,-0.431958,0,0
6.72598e-05,0,0,0,1e+09,1e+09,1e+09,0,0,0,0,0,77,4,0,0,0.293079,-5.62286,0.544439,-3.04053,0.162457,-10.3554,-1.84447e+08,269.774,122.751,4075.66,-2320.01,-2671.99,-142139,0,0,0,-24.9171,-0.115285,-0.605219,-0.433421,0,0
6.74083e-05,0,0,0,1e+09,1e+09,1e+09,0,0,0,0,0,78,4,0,0,0.293078,-5.6427,0.544438,-3.0217,0.162455,-10.2415,-1.84284e+08,144.12,224.565,4050.21,-2701.91,-2100.68,-127404,0,0,0,-24.8318,-0.118918,-0.596162,-0.436546,0,0
6.75568e-05,0,0,0,1e+09,1e+09,1e+09,0,0,0,0,0,81,4,0,0,0.293077,-5.6611,0.544438,-3.00469,0.162454,-10.1258,-1.8415e+08,195.613,60.6736,4310.78,-2558.01,-2017.09,-114598,0,0,0,-24.7441,-0.123073,-0.586175,-0.438429,0,0
6.77052e-05,0,0,0,1e+09,1e+09,1e+09,0,0,0,0,0,83,4,0,0,0.293077,-5.67843,0.544437,-2.98905,0.162452,-10.0087,-1.84045e+08,172.882,109.862,4363.22,-2207.94,-1897.35,-110329,0,0,0,-24.6453,-0.127272,-0.592805,-0.440793,0,0
6.78537e-05,0,0,0,1e+09,1e+09,1e+09,0,0,0,0,0,86,4,0,0,0.293076,-5.69621,0.544437,-2.97293,0.162451,-9.89031,-1.83967e+08,149.523,141.354,4146.05,-1873.57,-1698.26,-119388,0,0,0,-24.5314,-0.130621,-0.60846,-0.443244,0,0
6.80022e-05,0,0,0,1e+09,1e+09,1e+09,0,0,0,0,0,90,4,0,0,0.293075,-5.71549,0.544436,-2.95501,0.162449,-9.77169,-1.83915e+08,83.0946,95.5666,4190.41,-1653.71,-1656.3,-135905,0,0,0,-24.4005,-0.134145,-0.625467,-0.445866,0,0
6.81507e-05,0,0,0,1e+09,1e+09,1e+09,0,0,0,0,0,93,4,0,0,0.293074,-5.73674,0.544436,-2.93474,0.162448,-9.6524,-1.83888e+08,69.9564,155.825,4279.49,-1391.03,-1586.64,-155167,0,0,0,-24.2679,-0.137609,-0.640817,-0.448403,0,0
6.82991e-05,0,0,0,1e+09,1e+09,1e+09,0,0,0,0,0,97,4,0,0,0.293073,-5.75977,0.544435,-2.9123,0.162446,-9.53305,-1.83885e+08,-37.5414,45.2896,4325.7,-1139.85,-1531.5,-164366,0,0,0,-24.152,-0.140806,-0.655044,-0.451017,0,0
6.84476e-05,0,0,0,1e+09,1e+09,1e+09,0,0,0,0,0,100,4,0,0,0.293072,-5.78338,0.544435,-2.88914,0.162445,-9.41363,-1.83901e+08,109.879,82.0118,4149.2,-1071.65,-1359.75,-161842,0,0,0,-24.0516,-0.143829,-0.654673,-0.45319,0,0
6.85961e-05,0,0,0,1e+09,1e+09,1e+09,0,0,0,0,0,103,4,0,0,0.293071,-5.80589,0.544435,-2.86733,0.162444,-9.29485,-1.83936e+08,-136.553,-43.5717,4184.97,-1405.78,-784.194,-145429,0,0,0,-23.9565,-0.146691,-0.632195,-0.456813,0,0
6.87446e-05,0,0,0,1e+09,1e+09,1e+09,0,0,0,0,0,104,4,0,0,0.293071,-5.82595,0.544434,-2.84846,0.162442,-9.17654,-1.83986e+08,14.4661,132.695,4390.55,-1782.56,-0.244086,-118276,0,0,0,-23.8679,-0.149558,-0.601697,-0.45932,0,0
6.8893e-05,0,0,0,1e+09,1e+09,1e+09,0,0,0,0,0,107,4,0,0,0.29307,-5.84317,0.544434,-2.83301,0.162441,-9.05913,-1.84047e+08,47.948,87.3312,4594.12,-1857.43,634.617,-102470,0,0,0,-23.7781,-0.152273,-0.587688,-0.462031,0,0
6.90415e-05,0,0,0,1e+09,1e+09,1e+09,0,0,0,0,0,109,4,0,0,0.293069,-5.85868,0.544433,-2.81958,0.16244,-8.94255,-1.84117e+08,76.0279,108.355,4387.64,-1738.81,1149.47,-95404.1,0,0,0,-23.6749,-0.155064,-0.589095,-0.463258,0,0
6.919e-05,0,0,0,1e+09,1e+09,1e+09,0,0,0,0,0,110,4,0,0,0.293068,-5.87408,0.544433,-2.80623,0.162438,-8.82724,-1.84191e+08,59.2588,15.618,4656.86,-1955.49,1622.79,-98369.1,0,0,0,-23.5503,-0.157408,-0.597999,-0.465748,0,0
6.93385e-05,0,0,0,1e+09,1e+09,1e+09,0,0,0,0,0,110,4,0,0,0.293067,-5.89036,0.544433,-2.79173,0.162437,-8.7136,-1.84265e+08,57.6799,410.221,4629.28,-2179.37,2171.7,-110508,0,0,0,-23.4128,-0.159769,-0.607898,-0.468991,0,0
6.94869e-05,0,0,0,1e+09,1e+09,1e+09,0,0,0,0,0,112,4,0,0,0.293066,-5.90864,0.544432,-2.7747,0.162436,-8.60195,-1.84336e+08,7.28559,149.128,4852.9,-2033.98,2722.33,-129212,0,0,0,-23.2646,-0.162053,-0.627973,-0.470468,0,0
6.96354e-05,0,0,0,1e+09,1e+09,1e+09,0,0,0,0,0,114,4,0,0,0.293065,-5.92914,0.544432,-2.75487,0.162434,-8.49204,-1.84399e+08,14.3621,182.369,4630.72,-1654.38,2989.72,-150670,0,0,0,-23.128,-0.164399,-0.652945,-0.473596,0,0
6.97839e-05,0,0,0,1e+09,1e+09,1e+09,0,0,0,0,0,119,4,0,0,0.293064,-5.9512,0.544431,-2.73303,0.162433,-8.38459,-1.84451e+08,3.83063,33.1279,4810.88,-1210.24,3001.04,-161044,0,0,0,-23.0097,-0.166613,-0.673662,-0.476737,0,0
6.99324e-05,0,0,0,1e+09,1e+09,1e+09,0,0,0,0,0,121,4,0,0,0.293064,-5.97366,0.544431,-2.71058,0.162432,-8.27966,-1.84486e+08,24.6129,255.111,5063.78,-601.578,2759.6,-159648,0,0,0,-22.8992,-0.168988,-0.679884,-0.479661,0,0
7.00809e-05,0,0,0,1e+09,1e+09,1e+09,0,0,0,0,0,122,4,0,0,0.293063,-5.99514,0.54443,-2.68921,0.162431,-8.17756,-1.84502e+08,18.5317,11.3598,4956.48,-169.785,2469.67,-146394,0,0,0,-22.7952,-0.171087,-0.667603,-0.481754,0,0
7.02293e-05,0,0,0,1e+09,1e+09,1e+09,0,0,0,0,0,126,4,0,0,0.293062,-6.01498,0.54443,-2.66968,0.16243,-8.07811,-1.84493e+08,229.482,276.601,4889.77,-48.2565,2249.19,-134246,0,0,0,-22.6951,-0.173519,-0.651416,-0.484188,0,0
7.03778e-05,0,0,0,1e+09,1e+09,1e+09,0,0,0,0,0,129,4,0,0,0.293061,-6.03325,0.54443,-2.65191,0.162428,-7.98202,-1.84457e+08,68.8478,-1.73164,5024.25,234.51,2362.99,-122355,0,0,0,-22.5974,-0.175828,-0.63663,-0.486146,0,0
7.05263e-05,0,0,0,1e+09,1e+09,1e+09,0,0,0,0,0,130,4,0,0,0.29306,-6.05038,0.544429,-2.63535,0.162427,-7.88955,-1.8439e+08,44.6834,154.885,5161.82,411.614,2807.12,-113600,0,0,0,-22.4984,-0.178129,-0.62676,-0.489065,0,0
7.06748e-05,0,0,0,1e+09,1e+09,1e+09,0,0,0,0,0,132,4,0,0,0.293059,-6.06667,0.544429,-2.61965,0.162426,-7.80063,-1.84288e+08,-2.47273,246.148,5213.14,786.355,3220.55,-111232,0,0,0,-22.3952,-0.180486,-0.624501,-0.491321,0,0
7.08232e-05,0,0,0,1e+09,1e+09,1e+09,0,0,0,0,0,133,4,0,0,0.293058,-6.08215,0.544429,-2.60474,0.162425,-7.716,-1.84149e+08,199.287,54.9564,5191.23,1226.67,3465.54,-103812,0,0,0,-22.2997,-0.182585,-0.625112,-0.493309,0,0
7.09717e-05,0,0,0,1e+09,1e+09,1e+09,0,0,0,0,0,134,4,0,0,0.293057,-6.09684,0.544428,-2.59058,0.162424,-7.63508,-1.8397e+08,112.496,203.401,5105.31,1796.33,3437.96,-98120.6,0,0,0,-22.2116,-0.18433,-0.62523,-0.495824,0,0
7.11202e-05,0,0,0,1e+09,1e+09,1e+09,0,0,0,0,0,137,4,0,0,0.293056,-6.11079,0.544428,-2.57712,0.162423,-7.55847,-1.83748e+08,114.537,267.872,5394.52,2329.77,3367.1,-95752.9,0,0,0,-22.1187,-0.186158,-0.620921,-0.498129,0,0
7.12687e-05,0,0,0,1e+09,1e+09,1e+09,0,0,0,0,0,140,4,0,0,0.293056,-6.1242,0.544427,-2.5641,0.162421,-7.48628,-1.83482e+08,127.321,32.0866,5493.85,2568.95,3290.29,-93054.7,0,0,0,-22.0116,-0.188521,-0.620511,-0.500369,0,0
7.14171e-05,0,0,0,1e+09,1e+09,1e+09,0,0,0,0,0,142,4,0,0,0.293055,-6.13774,0.544427,-2.5507,0.16242,-7.41871,-1.8317e+08,72.8881,42.8224,5418.58,2518.09,2733.49,-99179.2,0,0,0,-21.8964,-0.190819,-0.6292,-0.502588,0,0
7.15656e-05,0,0,0,1e+09,1e+09,1e+09,0,0,0,0,0,143,4,0,0,0.293054,-6.1522,0.544427,-2.53596,0.162419,-7.35593,-1.8281e+08,14.2205,150.656,5542.1,2007.87,2357.37,-113305,0,0,0,-21.7857,-0.192665,-0.645762,-0.505047,0,0
7.17141e-05,0,0,0,1e+09,1e+09,1e+09,0,0,0,0,0,145,4,0,0,0.293053,-6.16826,0.544426,-2.51903,0.162418,-7.29755,-1.82403e+08,-100.061,237.271,5525,1338.19,1825.21,-128622,0,0,0,-21.6842,-0.194559,-0.668809,-0.507113,0,0
7.18626e-05,0,0,0,1e+09,1e+09,1e+09,0,0,0,0,0,147,4,0,0,0.293052,-6.18616,0.544426,-2.49962,0.162417,-7.2444,-1.81948e+08,-94.9047,201.706,5428.61,1048.24,1089.3,-145276,0,0,0,-21.5825,-0.196665,-0.691071,-0.50937,0,0
7.2011e-05,0,0,0,1e+09,1e+09,1e+09,0,0,0,0,0,148,4,0,0,0.293051,-6.20518,0.544425,-2.47859,0.162416,-7.19627,-1.81445e+08,-5.8169,241.03,5531.15,483.869,653.219,-151859,0,0,0,-21.4767,-0.19888,-0.701408,-0.51115,0,0
7.21595e-05,0,0,0,1e+09,1e+09,1e+09,0,0,0,0,0,148,4,0,0,0.29305,-6.22414,0.544425,-2.45738,0.162415,-7.15322,-1.80894e+08,-178.325,81.1513,5625.45,-120.345,397.264,-148947,0,0,0,-21.3858,-0.200983,-0.695886,-0.51325,0,0
7.2308e-05,0,0,0,1e+09,1e+09,1e+09,0,0,0,0,0,152,4,0,0,0.293049,-6.2419,0.544425,-2.43738,0.162414,-7.11539,-1.80295e+08,-91.7409,26.874,5647.24,-467.111,311.647,-136721,0,0,0,-21.3187,-0.203069,-0.683232,-0.515512,0,0
7.24565e-05,0,0,0,1e+09,1e+09,1e+09,0,0,0,0,0,155,4,0,0,0.293048,-6.2576,0.544424,-2.41962,0.162413,-7.08299,-1.79651e+08,-13.8165,25.3794,5862.99,-483.084,514.904,-118176,0,0,0,-21.2564,-0.205419,-0.667307,-0.517764,0,0
7.26049e-05,0,0,0,1e+09,1e+09,1e+09,0,0,0,0,0,156,4,0,0,0.293047,-6.27096,0.544424,-2.40444,0.162412,-7.05562,-1.78963e+08,-134.894,-9.21861,5774.35,-528.996,743.517,-100236,0,0,0,-21.1826,-0.207532,-0.65087,-0.519075,0,0
7.27534e-05,0,0,0,1e+09,1e+09,1e+09,0,0,0,0,0,156,4,0,0,0.293046,-6.28239,0.544424,-2.39134,0.162411,-7.03356,-1.78231e+08,-41.4129,-26.0952,5916.1,-787.193,718.9,-88436.6,0,0,0,-21.1029,-0.20948,-0.642598,-0.520877,0,0
7.29019e-05,0,0,0,1e+09,1e+09,1e+09,0,0,0,0,0,158,4,0,0,0.293045,-6.2928,0.544423,-2.37924,0.16241,-7.01672,-1.77458e+08,-94.6035,152.93,5888.74,-996.987,487.707,-86680.1,0,0,0,-21.0246,-0.211404,-0.647266,-0.523151,0,0
7.30504e-05,0,0,0,1e+09,1e+09,1e+09,0,0,0,0,0,159,4,0,0,0.293044,-6.30347,0.544423,-2.36654,0.162409,-7.00512,-1.76646e+08,-113.802,51.4144,5894.78,-1427.15,113.455,-94272.4,0,0,0,-20.9432,-0.213396,-0.657873,-0.525175,0,0
7.31989e-05,0,0,0,1e+09,1e+09,1e+09,0,0,0,0,0,159,4,0,0,0.293043,-6.31514,0.544423,-2.35238,0.162408,-6.99862,-1.75797e+08,-63.7327,299.941,6014.12,-1665.83,-472.104,-109430,0,0,0,-20.8495,-0.215061,-0.669502,-0.526293,0,0
7.33473e-05,0,0,0,1e+09,1e+09,1e+09,0,0,0,0,0,160,4,0,0,0.293043,-6.32819,0.544422,-2.33628,0.162407,-6.99732,-1.74914e+08,-150.146,132.453,6018.45,-1868.69,-1152.46,-121435,0,0,0,-20.7449,-0.216809,-0.684304,-0.527783,0,0
7.34958e-05,0,0,0,1e+09,1e+09,1e+09,0,0,0,0,0,161,4,0,0,0.293042,-6.34254,0.544422,-2.31834,0.162406,-7.00102,-1.73998e+08,-20.8441,44.9296,6109.6,-1944.71,-1747.17,-132767,0,0,0,-20.6453,-0.218674,-0.699442,-0.529472,0,0
7.36443e-05,0,0,0,1e+09,1e+09,1e+09,0,0,0,0,0,161,4,0,0,0.293041,-6.35747,0.544422,-2.29944,0.162404,-7.00963,-1.73052e+08,-212.514,94.8274,6233.54,-1854.06,-2251.24,-138159,0,0,0,-20.5638,-0.22055,-0.709032,-0.531078,0,0
7.37928e-05,0,0,0,1e+09,1e+09,1e+09,0,0,0,0,0,162,4,0,0,0.29304,-6.37219,0.544421,-2.28055,0.162403,-7.02316,-1.72078e+08,-59.3687,25.2857,6297.21,-1902.83,-2487.37,-132815,0,0,0,-20.4942,-0.222468,-0.711039,-0.53222,0,0
7.39412e-05,0,0,0,1e+09,1e+09,1e+09,0,0,0,0,0,164,4,0,0,0.293039,-6.38635,0.544421,-2.26209,0.162402,-7.04182,-1.7108e+08,-91.3265,54.2562,6432.8,-1851.61,-2695.19,-128523,0,0,0,-20.4132,-0.22461,-0.710037,-0.533536,0,0
7.40897e-05,0,0,0,1e+09,1e+09,1e+09,0,0,0,0,0,166,4,0,0,0.293038,-6.39994,0.544421,-2.24406,0.162401,-7.06513,-1.70058e+08,-124.93,36.0137,6408.02,-1613.53,-2757.27,-128029,0,0,0,-20.319,-0.226529,-0.709681,-0.535985,0,0
7.42382e-05,0,0,0,1e+09,1e+09,1e+09,0,0,0,0,0,167,4,0,0,0.293037,-6.4131,0.54442,-2.22634,0.1624,-7.09322,-1.69015e+08,-57.1454,134.244,6467.28,-1394.25,-2277.8,-125155,0,0,0,-20.2328,-0.228311,-0.713251,-0.538124,0,0
7.43867e-05,0,0,0,1e+09,1e+09,1e+09,0,0,0,0,0,170,4,0,0,0.293036,-6.42617,0.54442,-2.20848,0.162399,-7.12575,-1.67952e+08,-143.655,13.8629,6543.07,-1318.16,-1532.08,-131484,0,0,0,-20.1588,-0.230169,-0.719745,-0.539622,0,0
7.45351e-05,0,0,0,1e+09,1e+09,1e+09,0,0,0,0,0,171,4,0,0,0.293035,-6.43958,0.54442,-2.18998,0.162398,-7.16283,-1.66872e+08,-78.5807,52.1804,6485.37,-929.173,-1262.45,-132284,0,0,0,-20.0804,-0.232335,-0.723029,-0.541848,0,0
7.46836e-05,0,0,0,1e+09,1e+09,1e+09,0,0,0,0,0,173,4,0,0,0.293034,-6.45311,0.544419,-2.17111,0.162397,-7.204,-1.65777e+08,-51.8166,43.8866,6622.42,106.889,-1392.29,-133871,0,0,0,-19.9873,-0.234508,-0.721476,-0.542824,0,0
7.48321e-05,0,0,0,1e+09,1e+09,1e+09,0,0,0,0,0,174,4,0,0,0.293033,-6.46616,0.544419,-2.15263,0.162396,-7.24914,-1.64666e+08,-140.87,-76.6723,6690.25,1354.85,-1788.63,-128402,0,0,0,-19.8957,-0.23672,-0.715191,-0.544951,0,0
7.49806e-05,0,0,0,1e+09,1e+09,1e+09,0,0,0,0,0,175,4,0,0,0.293032,-6.47839,0.544419,-2.13494,0.162395,-7.298,-1.63541e+08,-130.642,-39.5547,6718.97,2298.09,-2281.22,-123641,0,0,0,-19.8172,-0.238961,-0.710404,-0.547322,0,0
7.5129e-05,0,0,0,1e+09,1e+09,1e+09,0,0,0,0,0,177,78,1.92122e-08,0,0.293031,-6.48962,0.544418,-2.11829,0.162394,-7.35053,-1.62404e+08,-176.423,9.63399,6801.08,2210.46,-2536.05,-116797,0,0,0,-19.7478,-0.241104,-0.712841,-0.550381,0,0
7.52775e-05,0,0,0,1e+09,1e+09,1e+09,0,0,0,0,0,177,78,1.92122e-08,0,0.29303,-6.50011,0.544418,-2.10236,0.162393,-7.40624,-1.61253e+08,-67.5426,-66.0211,6911.56,2032.77,-2566.3,-112525,0,0,0,-19.6771,-0.243279,-0.714128,-0.552747,0,0
7.5426e-05,0,0,0,1e+09,1e+09,1e+09,0,0,0,0,0,178,78,1.92122e-08,0,0.293029,-6.51025,0.544418,-2.08667,0.162392,-7.46502,-1.6009e+08,-126.122,49.0217,6950.09,1898.32,-2803.87,-112057,0,0,0,-19.5908,-0.245414,-0.710237,-0.55487,0,0
7.55745e-05,0,0,0,1e+09,1e+09,1e+09,0,0,0,0,0,181,78,1.92122e-08,0,0.293028,-6.52041,0.544417,-2.0708,0.162391,-7.52681,-1.58914e+08,-106.536,-62.6441,6948.74,1533.46,-2676.37,-116977,0,0,0,-19.4853,-0.247802,-0.713393,-0.556951,0,0
7.5723e-05,0,0,0,1e+09,1e+09,1e+09,0,0,0,0,0,182,78,1.92122e-08,0,0.293027,-6.53155,0.544417,-2.05359,0.162389,-7.59125,-1.57726e+08,-54.5999,7.43994,7040.77,1391.96,-2160,-131338,0,0,0,-19.3742,-0.25039,-0.737615,-0.559552,0,0
7.58714e-05,0,0,0,1e+09,1e+09,1e+09,0,0,0,0,0,183,78,1.92122e-08,0,0.293026,-6.54451,0.544417,-2.034,0.162388,-7.65828,-1.56523e+08,-47.5033,-49.1453,7022.76,1235.04,-1974.71,-148834,0,0,0,-19.2729,-0.252833,-0.769493,-0.561614,0,0
7.60199e-05,0,0,0,1e+09,1e+09,1e+09,0,0,0,0,0,183,78,1.92122e-08,0,0.293025,-6.55894,0.544416,-2.01248,0.162387,-7.72747,-1.55307e+08,-38.8349,-92.736,7260.85,1133.61,-1991.83,-158364,0,0,0,-19.177,-0.255092,-0.787495,-0.56429,0,0
7.61684e-05,0,0,0,1e+09,1e+09,1e+09,0,0,0,0,0,188,78,1.92122e-08,0,0.293024,-6.57365,0.544416,-1.99051,0.162386,-7.79884,-1.54075e+08,-119.493,-150.474,7247.87,1465.13,-2201.19,-155724,0,0,0,-19.0811,-0.257484,-0.785136,-0.566626,0,0
7.63169e-05,0,0,0,1e+09,1e+09,1e+09,0,0,0,0,0,188,78,1.92122e-08,0,0.293023,-6.58744,0.544416,-1.96951,0.162385,-7.87195,-1.52827e+08,-121.26,-12.2195,7367.41,2414.13,-2455.97,-143428,0,0,0,-18.9985,-0.259552,-0.772708,-0.569919,0,0
7.64653e-05,0,0,0,1e+09,1e+09,1e+09,0,0,0,0,0,188,78,1.92122e-08,0,0.293022,-6.59982,0.544416,-1.95013,0.162384,-7.9469,-1.51561e+08,-117.44,-114.59,7426.99,3496.11,-3064.18,-132226,0,0,0,-18.9252,-0.261894,-0.76506,-0.572593,0,0
7.66138e-05,0,0,0,1e+09,1e+09,1e+09,0,0,0,0,0,190,78,1.92122e-08,0,0.293021,-6.61069,0.544415,-1.93249,0.162382,-8.02306,-1.50276e+08,-78.1037,-75.6636,7443.17,4159.8,-3260.43,-122300,0,0,0,-18.8489,-0.264192,-0.753387,-0.574947,0,0
7.67623e-05,0,0,0,1e+09,1e+09,1e+09,0,0,0,0,0,192,78,1.92122e-08,0,0.29302,-6.62023,0.544415,-1.91639,0.162381,-8.1005,-1.48971e+08,-90.7787,-19.6707,7614.08,4646.43,-3607.79,-108664,0,0,0,-18.7632,-0.266297,-0.739175,-0.57722,0,0
7.69108e-05,0,0,0,1e+09,1e+09,1e+09,0,0,0,0,0,195,78,1.92122e-08,0,0.293019,-6.62888,0.544415,-1.90129,0.16238,-8.17849,-1.47644e+08,-28.873,-34.1442,7736.85,4882.43,-3903.84,-108041,0,0,0,-18.6669,-0.268599,-0.737513,-0.579314,0,0
7.70592e-05,0,0,0,1e+09,1e+09,1e+09,0,0,0,0,0,197,78,1.92122e-08,0,0.293018,-6.63792,0.544414,-1.88566,0.162379,-8.25692,-1.46295e+08,-91.6739,-42.8333,7887.57,4819.18,-3869.46,-117447,0,0,0,-18.5632,-0.270987,-0.752268,-0.581443,0,0
7.72077e-05,0,0,0,1e+09,1e+09,1e+09,0,0,0,0,0,197,78,1.92122e-08,0,0.293017,-6.64832,0.544414,-1.86833,0.162378,-8.33561,-1.44922e+08,2.40869,-93.9486,7917.65,4403,-3728.47,-129048,0,0,0,-18.4567,-0.273526,-0.775432,-0.58466,0,0
7.73562e-05,0,0,0,1e+09,1e+09,1e+09,0,0,0,0,0,198,78,1.92122e-08,0,0.293016,-6.65989,0.544414,-1.84953,0.162376,-8.41435,-1.43523e+08,-56.024,-118.126,8125.37,3827.59,-3562.21,-134720,0,0,0,-18.3461,-0.276009,-0.791147,-0.586487,0,0
7.75047e-05,0,0,0,1e+09,1e+09,1e+09,0,0,0,0,0,200,78,1.92122e-08,0,0.293015,-6.67174,0.544414,-1.83036,0.162375,-8.4928,-1.42098e+08,-1.1699,-98.6971,8196.73,3133.97,-3607.85,-137261,0,0,0,-18.2375,-0.27859,-0.787093,-0.588272,0,0
7.76531e-05,0,0,0,1e+09,1e+09,1e+09,0,0,0,0,0,202,78,1.92122e-08,0,0.293015,-6.68334,0.544413,-1.81148,0.162374,-8.57092,-1.40646e+08,-42.6412,-8.33151,8314.26,2462.51,-3438.37,-132904,0,0,0,-18.1386,-0.281017,-0.780482,-0.590273,0,0
7.78016e-05,0,0,0,1e+09,1e+09,1e+09,0,0,0,0,0,207,78,1.92122e-08,0,0.293014,-6.69427,0.544413,-1.7934,0.162373,-8.64828,-1.39167e+08,6.64422,-137.993,8440.93,1959.84,-3245.6,-124956,0,0,0,-18.0496,-0.283792,-0.781671,-0.592256,0,0
7.79501e-05,0,0,0,1e+09,1e+09,1e+09,0,0,0,0,0,209,78,1.92122e-08,0,0.293013,-6.7044,0.544413,-1.7763,0.162371,-8.72483,-1.37659e+08,-64.7062,-94.8631,8448.03,1786.85,-2998.26,-120483,0,0,0,-17.9508,-0.286709,-0.789753,-0.595733,0,0
7.80986e-05,0,0,0,1e+09,1e+09,1e+09,0,0,0,0,0,212,78,1.92122e-08,0,0.293012,-6.71424,0.544413,-1.75957,0.16237,-8.80021,-1.36123e+08,-34.9554,-95.2401,8685.47,1311.06,-2182.93,-119652,0,0,0,-17.8404,-0.289817,-0.796027,-0.598189,0,0
7.82471e-05,0,0,0,1e+09,1e+09,1e+09,0,0,0,0,0,213,78,1.92122e-08,0,0.293011,-6.72447,0.544412,-1.74239,0.162369,-8.87385,-1.34558e+08,18.583,11.1621,8615.08,551.473,-1337.45,-125673,0,0,0,-17.7385,-0.292925,-0.804072,-0.601986,0,0
7.83955e-05,0,0,0,1e+09,1e+09,1e+09,0,0,0,0,0,214,78,1.92122e-08,0,0.29301,-6.73554,0.544412,-1.72421,0.162367,-8.94629,-1.32965e+08,29.3715,-8.64534,8801.34,-499.934,-792.877,-134478,0,0,0,-17.643,-0.29626,-0.819178,-0.606906,0,0
7.8544e-05,0,0,0,1e+09,1e+09,1e+09,0,0,0,0,0,217,78,1.92122e-08,0,0.293009,-6.74779,0.544412,-1.70464,0.162366,-9.01713,-1.31343e+08,-133.436,-27.2622,8939.74,-1355.17,-857.287,-145772,0,0,0,-17.531,-0.299576,-0.831439,-0.610257,0,0
7.86925e-05,0,0,0,1e+09,1e+09,1e+09,0,0,0,0,0,217,78,1.92122e-08,0,0.293008,-6.76096,0.544412,-1.68401,0.162365,-9.08585,-1.29693e+08,48.3188,53.8323,8744.85,-1889.65,-937.681,-148048,0,0,0,-17.4112,-0.302824,-0.834371,-0.613406,0,0
7.8841e-05,0,0,0,1e+09,1e+09,1e+09,0,0,0,0,0,220,78,1.92122e-08,0,0.293007,-6.77402,0.544411,-1.66356,0.162363,-9.15263,-1.28015e+08,-59.4038,96.6145,9038.56,-2285.09,-1095.29,-141477,0,0,0,-17.3159,-0.306126,-0.828483,-0.617928,0,0
7.89894e-05,0,0,0,1e+09,1e+09,1e+09,0,0,0,0,0,220,78,1.92122e-08,0,0.293006,-6.78582,0.544411,-1.64474,0.162362,-9.21721,-1.26311e+08,-55.7789,-1.56982,8939.06,-2400.25,-1227.35,-126869,0,0,0,-17.2509,-0.309371,-0.82034,-0.622231,0,0
7.91379e-05,0,0,0,1e+09,1e+09,1e+09,0,0,0,0,0,220,78,1.92122e-08,0,0.293004,-6.79592,0.544411,-1.62806,0.162361,-9.27906,-1.24581e+08,-45.8798,3.54586,9255.16,-2086.27,-1416.72,-110897,0,0,0,-17.1907,-0.312802,-0.808551,-0.624992,0,0
7.92864e-05,0,0,0,1e+09,1e+09,1e+09,0,0,0,0,0,222,78,1.92122e-08,0,0.293003,-6.80422,0.544411,-1.61365,0.162359,-9.33784,-1.22826e+08,-78.7828,-115.822,9370.97,-2258.14,-1356.93,-96979.3,0,0,0,-17.1144,-0.31616,-0.800437,-0.628015,0,0
7.94349e-05,0,0,0,1e+09,1e+09,1e+09,0,0,0,0,0,223,78,1.92122e-08,0,0.293002,-6.81131,0.54441,-1.60083,0.162358,-9.39401,-1.21046e+08,91.3829,-79.6171,9496.33,-2629.2,-1128.59,-89249.3,0,0,0,-17.0171,-0.319834,-0.798631,-0.63087,0,0
7.95833e-05,0,0,0,1e+09,1e+09,1e+09,0,0,0,0,0,227,78,1.92122e-08,0,0.293001,-6.81853,0.54441,-1.58795,0.162356,-9.44706,-1.19243e+08,-66.4421,62.7067,9555.3,-2830.3,-829.941,-94811.1,0,0,0,-16.9081,-0.323267,-0.807007,-0.633204,0,0
7.97318e-05,0,0,0,1e+09,1e+09,1e+09,0,0,0,0,0,229,78,1.92122e-08,0,0.293,-6.82682,0.54441,-1.57386,0.162355,-9.49686,-1.17418e+08,-22.9503,-47.7674,9659.92,-2777.15,-612.276,-107084,0,0,0,-16.8038,-0.326859,-0.82703,-0.636484,0,0
7.98803e-05,0,0,0,1e+09,1e+09,1e+09,0,0,0,0,0,232,78,1.92122e-08,0,0.292999,-6.83677,0.54441,-1.55789,0.162354,-9.54349,-1.15573e+08,-39.7772,-17.1243,10127,-2384.83,-118.039,-122434,0,0,0,-16.7074,-0.330198,-0.851293,-0.639656,0,0
8.00288e-05,0,0,0,1e+09,1e+09,1e+09,0,0,0,0,0,235,78,1.92122e-08,0,0.292998,-6.84859,0.544409,-1.53975,0.162352,-9.58693,-1.13707e+08,37.9927,11.1261,9781.61,-2201.31,267.147,-137843,0,0,0,-16.6123,-0.333668,-0.869351,-0.642895,0,0
8.01772e-05,0,0,0,1e+09,1e+09,1e+09,0,0,0,0,0,239,78,1.92122e-08,0,0.292997,-6.86192,0.544409,-1.51989,0.162351,-9.62662,-1.11823e+08,70.1692,96.0194,10278.5,-2156.38,390.751,-146717,0,0,0,-16.5143,-0.337197,-0.88687,-0.646408,0,0
8.03257e-05,0,0,0,1e+09,1e+09,1e+09,0,0,0,0,0,242,78,1.92122e-08,0,0.292996,-6.87613,0.544409,-1.49907,0.162349,-9.66296,-1.09921e+08,-111.756,240.605,10184.7,-2111.78,301.003,-151987,0,0,0,-16.4164,-0.340872,-0.902493,-0.65001,0,0
8.04742e-05,0,0,0,1e+09,1e+09,1e+09,0,0,0,0,0,245,78,1.92122e-08,0,0.292995,-6.89068,0.544409,-1.47798,0.162348,-9.69596,-1.08003e+08,-4.88734,259.318,10398.3,-2201.15,261.097,-150486,0,0,0,-16.324,-0.344761,-0.905028,-0.653089,0,0
8.06227e-05,0,0,0,1e+09,1e+09,1e+09,0,0,0,0,0,252,78,1.92122e-08,0,0.292994,-6.90463,0.544408,-1.45772,0.162346,-9.72543,-1.0607e+08,-77.7946,199.196,10413.3,-2298.89,458.811,-138461,0,0,0,-16.2418,-0.348777,-0.895056,-0.656516,0,0
8.07711e-05,0,0,0,1e+09,1e+09,1e+09,0,0,0,0,0,254,78,1.92122e-08,0,0.292993,-6.91719,0.544408,-1.4393,0.162345,-9.75132,-1.04123e+08,-24.1812,295.479,10719.6,-2650.4,486.568,-125412,0,0,0,-16.1753,-0.353352,-0.876549,-0.660728,0,0
8.09196e-05,0,0,0,1e+09,1e+09,1e+09,0,0,0,0,0,256,78,1.92122e-08,0,0.292992,-6.92854,0.544408,-1.42247,0.162344,-9.77414,-1.02162e+08,-160.251,47.6649,10762.6,-2946.77,687.048,-115309,0,0,0,-16.1023,-0.358258,-0.872931,-0.665931,0,0
8.10681e-05,0,0,0,1e+09,1e+09,1e+09,0,0,0,0,0,259,78,1.92122e-08,0,0.292991,-6.93914,0.544408,-1.40669,0.162342,-9.79309,-1.0019e+08,8.57143,322.114,10706.5,-3126.78,862.272,-107650,0,0,0,-16.0204,-0.36287,-0.877151,-0.670274,0,0
8.12166e-05,0,0,0,1e+09,1e+09,1e+09,0,0,0,0,0,264,78,1.92122e-08,0,0.29299,-6.94927,0.544408,-1.39162,0.162341,-9.80845,-9.8207e+07,-104.397,81.94,10896.9,-2835.47,1096.28,-105264,0,0,0,-15.9323,-0.36758,-0.878202,-0.674219,0,0
8.13651e-05,0,0,0,1e+09,1e+09,1e+09,0,0,0,0,0,269,78,1.92122e-08,0,0.292989,-6.95922,0.544407,-1.3769,0.162339,-9.82058,-9.62136e+07,-16.0812,158.384,10922.5,-2261.2,1288.32,-106752,0,0,0,-15.843,-0.372969,-0.880658,-0.678675,0,0
8.15135e-05,0,0,0,1e+09,1e+09,1e+09,0,0,0,0,0,272,78,1.92122e-08,0,0.292988,-6.96934,0.544407,-1.3621,0.162338,-9.82877,-9.4211e+07,-63.5749,116.357,11137.6,-1713.15,1574.41,-105509,0,0,0,-15.7565,-0.378254,-0.886117,-0.683153,0,0
8.1662e-05,0,0,0,1e+09,1e+09,1e+09,0,0,0,0,0,275,78,1.92122e-08,0,0.292987,-6.97995,0.544407,-1.34683,0.162336,-9.83348,-9.21998e+07,-92.7747,-0.405027,11315.8,-1451.3,1926.06,-110219,0,0,0,-15.6632,-0.383901,-0.903996,-0.688663,0,0
8.18105e-05,0,0,0,1e+09,1e+09,1e+09,0,0,0,0,0,277,78,1.92122e-08,0,0.292986,-6.99122,0.544407,-1.3309,0.162335,-9.83472,-9.01807e+07,48.9946,227.196,11586.6,-1273.23,2290.67,-116511,0,0,0,-15.5725,-0.389492,-0.912657,-0.69228,0,0
8.1959e-05,0,0,0,1e+09,1e+09,1e+09,0,0,0,0,0,283,78,1.92122e-08,0,0.292985,-7.00344,0.544407,-1.31394,0.162333,-9.83244,-8.81543e+07,-136.446,42.9136,11425.2,-1106.45,2466.96,-126955,0,0,0,-15.4639,-0.39554,-0.925529,-0.696715,0,0
8.21074e-05,0,0,0,1e+09,1e+09,1e+09,0,0,0,0,0,287,78,1.92122e-08,0,0.292984,-7.01676,0.544406,-1.29579,0.162332,-9.82673,-8.61211e+07,148.887,392.557,11459.8,-944.12,2563.81,-132592,0,0,0,-15.3511,-0.402175,-0.943909,-0.70142,0,0
8.22559e-05,0,0,0,1e+09,1e+09,1e+09,0,0,0,0,0,297,78,1.92122e-08,0,0.292983,-7.03139,0.544406,-1.27618,0.16233,-9.8178,-8.40815e+07,-100.274,121.503,11886.3,-836.98,2506.92,-146650,0,0,0,-15.2577,-0.409119,-0.968189,-0.706983,0,0
8.24044e-05,0,0,0,1e+09,1e+09,1e+09,0,0,0,0,0,305,78,1.92122e-08,0,0.292982,-7.04725,0.544406,-1.25519,0.162329,-9.80575,-8.20361e+07,0.393843,398.788,11728.2,-688.711,2401.94,-152477,0,0,0,-15.1809,-0.415736,-0.987755,-0.712377,0,0
8.25529e-05,0,0,0,1e+09,1e+09,1e+09,0,0,0,0,0,310,78,1.92122e-08,0,0.292981,-7.06361,0.544406,-1.23373,0.162328,-9.79038,-7.9985e+07,-11.8986,172.557,11913.6,-392.387,2226.5,-151408,0,0,0,-15.0974,-0.422471,-0.988355,-0.717457,0,0
8.27013e-05,0,0,0,1e+09,1e+09,1e+09,0,0,0,0,0,314,78,1.92122e-08,0,0.29298,-7.07949,0.544406,-1.21298,0.162326,-9.77232,-7.79287e+07,-73.4499,246.953,12020.8,75.09,2037.24,-142543,0,0,0,-14.9947,-0.428508,-0.979581,-0.721817,0,0
8.28498e-05,0,0,0,1e+09,1e+09,1e+09,0,0,0,0,0,318,78,1.92122e-08,0,0.292979,-7.09427,0.544406,-1.19369,0.162325,-9.75121,-7.58674e+07,88.0937,130.698,12119.5,438.614,1872.01,-130590,0,0,0,-14.9074,-0.434176,-0.966001,-0.726706,0,0
8.29983e-05,0,0,0,1e+09,1e+09,1e+09,0,0,0,0,0,320,78,1.92122e-08,0,0.292978,-7.10759,0.544405,-1.17631,0.162323,-9.72777,-7.38014e+07,-17.1052,47.9146,12042.6,849.853,1899.37,-117369,0,0,0,-14.8363,-0.440146,-0.962422,-0.730976,0,0
8.31468e-05,0,0,0,1e+09,1e+09,1e+09,0,0,0,0,0,323,78,1.92122e-08,0,0.292977,-7.11934,0.544405,-1.16096,0.162322,-9.70109,-7.1731e+07,42.3704,211.607,12032.1,833.885,1908.19,-102583,0,0,0,-14.7749,-0.445044,-0.957996,-0.736076,0,0
8.32952e-05,0,0,0,1e+09,1e+09,1e+09,0,0,0,0,0,323,78,1.92122e-08,0,0.292976,-7.13009,0.544405,-1.14694,0.16232,-9.67229,-6.96565e+07,-41.5516,14.2409,12452.6,552.304,2004.38,-98575,0,0,0,-14.6972,-0.450169,-0.958035,-0.740758,0,0
8.34437e-05,0,0,0,1e+09,1e+09,1e+09,0,0,0,0,0,324,78,1.92122e-08,0,0.292975,-7.14075,0.544405,-1.13315,0.162319,-9.64091,-6.75782e+07,-16.4231,91.6896,12432.1,-16.7419,2316.09,-98818.7,0,0,0,-14.5953,-0.454829,-0.969032,-0.745284,0,0
8.35922e-05,0,0,0,1e+09,1e+09,1e+09,0,0,0,0,0,328,78,1.92122e-08,0,0.292973,-7.15195,0.544405,-1.11881,0.162317,-9.60683,-6.54965e+07,119.737,151.925,12363.4,-749.277,2641.95,-101312,0,0,0,-14.4882,-0.459441,-0.981554,-0.749657,0,0
8.37407e-05,0,0,0,1e+09,1e+09,1e+09,0,0,0,0,0,331,78,1.92122e-08,0,0.292972,-7.16386,0.544404,-1.10372,0.162316,-9.57061,-6.34118e+07,-22.322,-2.7043,12693.4,-1270.9,2645.03,-110400,0,0,0,-14.3823,-0.464284,-0.994512,-0.753909,0,0
8.38892e-05,0,0,0,1e+09,1e+09,1e+09,0,0,0,0,0,333,78,1.92122e-08,0,0.292971,-7.17674,0.544404,-1.08754,0.162315,-9.53269,-6.13245e+07,190.283,100.111,12872.5,-1625.28,2583.44,-119035,0,0,0,-14.2777,-0.469041,-1.00607,-0.758062,0,0
8.40376e-05,0,0,0,1e+09,1e+09,1e+09,0,0,0,0,0,336,78,1.92122e-08,0,0.29297,-7.19085,0.544404,-1.06994,0.162313,-9.49279,-5.9235e+07,202.554,108.255,12972.6,-1843.12,2531.65,-132270,0,0,0,-14.168,-0.47387,-1.02505,-0.764134,0,0
8.41861e-05,0,0,0,1e+09,1e+09,1e+09,0,0,0,0,0,337,78,1.92122e-08,0,0.292969,-7.20643,0.544404,-1.05064,0.162312,-9.45131,-5.71439e+07,260.675,54.8398,13028.3,-1620.41,2396.61,-142312,0,0,0,-14.0563,-0.478645,-1.05449,-0.769202,0,0
8.43346e-05,0,0,0,1e+09,1e+09,1e+09,0,0,0,0,0,337,78,1.92122e-08,0,0.292968,-7.22348,0.544404,-1.02961,0.16231,-9.40836,-5.50516e+07,288.787,190.546,13199,-1315.58,2119.83,-154569,0,0,0,-13.9523,-0.48356,-1.07976,-0.773261,0,0
8.44831e-05,0,0,0,1e+09,1e+09,1e+09,0,0,0,0,0,340,78,1.92122e-08,0,0.292967,-7.24163,0.544404,-1.00731,0.162309,-9.36418,-5.29587e+07,168.362,18.6655,13508.9,-1064.69,2063.63,-161748,0,0,0,-13.8485,-0.488582,-1.09372,-0.777719,0,0
8.46315e-05,0,0,0,1e+09,1e+09,1e+09,0,0,0,0,0,342,78,1.92122e-08,0,0.292966,-7.25989,0.544404,-0.984943,0.162308,-9.31875,-5.08658e+07,236.511,119.916,13413,-891.194,2054.94,-155234,0,0,0,-13.7545,-0.493298,-1.08793,-0.782115,0,0
8.478e-05,0,0,0,1e+09,1e+09,1e+09,0,0,0,0,0,344,78,1.92122e-08,0,0.292965,-7.27708,0.544403,-0.963923,0.162306,-9.2726,-4.87733e+07,250.165,-88.1454,13538.6,-855.088,1955.85,-146062,0,0,0,-13.6733,-0.498489,-1.07591,-0.786876,0,0
8.49285e-05,0,0,0,1e+09,1e+09,1e+09,0,0,0,0,0,345,78,1.92122e-08,0,0.292964,-7.29259,0.544403,-0.945,0.162305,-9.22566,-4.66819e+07,173.546,186.546,13611.5,-961.739,1667.82,-124268,0,0,0,-13.6014,-0.503617,-1.06391,-0.791312,0,0
8.5077e-05,0,0,0,1e+09,1e+09,1e+09,0,0,0,0,0,349,78,1.92122e-08,0,0.292963,-7.30589,0.544403,-0.928808,0.162303,-9.17808,-4.45921e+07,114.525,75.0218,13653.6,-837.525,1183.87,-103833,0,0,0,-13.5349,-0.509432,-1.04632,-0.795428,0,0
8.52254e-05,0,0,0,1e+09,1e+09,1e+09,0,0,0,0,0,355,78,1.92122e-08,0,0.292962,-7.31673,0.544403,-0.915647,0.162302,-9.1302,-4.25045e+07,187.793,69.6547,14128,-348.662,615.018,-85258.3,0,0,0,-13.4601,-0.515972,-1.03578,-0.80043,0,0
8.53739e-05,0,0,0,1e+09,1e+09,1e+09,0,0,0,0,0,362,78,1.92122e-08,0,0.292961,-7.32619,0.544403,-0.904176,0.162301,-9.08217,-4.04197e+07,87.9387,-89.6921,14013,169.57,-95.5058,-79879.1,0,0,0,-13.3726,-0.522878,-1.0375,-0.805415,0,0
8.55224e-05,0,0,0,1e+09,1e+09,1e+09,0,0,0,0,0,371,78,1.92122e-08,0,0.292959,-7.3362,0.544403,-0.892063,0.162299,-9.0341,-3.83382e+07,305.477,201.678,13706,215.08,-530.885,-94725,0,0,0,-13.2688,-0.530091,-1.05302,-0.811117,0,0
8.56709e-05,0,0,0,1e+09,1e+09,1e+09,0,0,0,0,0,381,78,1.92122e-08,0,0.292958,-7.34828,0.544403,-0.87743,0.162298,-8.98612,-3.62607e+07,232.163,-57.3838,14151.7,318.873,-989.826,-114883,0,0,0,-13.1521,-0.537889,-1.0788,-0.816498,0,0
8.58193e-05,0,0,0,1e+09,1e+09,1e+09,0,0,0,0,0,389,78,1.92122e-08,0,0.292957,-7.3632,0.544402,-0.859364,0.162297,-8.9387,-3.41877e+07,231.24,15.1905,14363.8,399.125,-1381,-142025,0,0,0,-13.0342,-0.546649,-1.11282,-0.823525,0,0
8.59678e-05,0,0,0,1e+09,1e+09,1e+09,0,0,0,0,0,397,78,1.92122e-08,0,0.292956,-7.38074,0.544402,-0.838124,0.162295,-8.892,-3.21199e+07,253.801,-113.359,13997.3,313.787,-1600.47,-157319,0,0,0,-12.9105,-0.555294,-1.14792,-0.830298,0,0
8.61163e-05,0,0,0,1e+09,1e+09,1e+09,0,0,0,0,0,405,78,1.92122e-08,0,0.292955,-7.39969,0.544402,-0.815166,0.162294,-8.84563,-3.0058e+07,377.938,-100.889,13539.8,132.034,-1567.15,-165408,0,0,0,-12.812,-0.563503,-1.15865,-0.837284,0,0
8.62648e-05,0,0,0,1e+09,1e+09,1e+09,0,0,0,0,0,413,78,1.92122e-08,0,0.292954,-7.4183,0.544402,-0.792618,0.162293,-8.80046,-2.80027e+07,223.537,-127.319,14057.4,92.5348,-1420.05,-154492,0,0,0,-12.7435,-0.571432,-1.15168,-0.84399,0,0
8.64133e-05,0,0,0,1e+09,1e+09,1e+09,0,0,0,0,0,419,78,1.92122e-08,0,0.292953,-7.43499,0.544402,-0.772391,0.162291,-8.75645,-2.59548e+07,267.884,-24.2855,14380.5,224.118,-885.068,-134638,0,0,0,-12.6816,-0.579212,-1.14134,-0.851579,0,0
8.65617e-05,0,0,0,1e+09,1e+09,1e+09,0,0,0,0,0,421,78,1.92122e-08,0,0.292952,-7.44913,0.544402,-0.75524,0.16229,-8.71368,-2.39152e+07,318.494,-296.632,13853.9,356.745,-8.27538,-111589,0,0,0,-12.6112,-0.587115,-1.13225,-0.857809,0,0
8.67102e-05,0,0,0,1e+09,1e+09,1e+09,0,0,0,0,0,424,78,1.92122e-08,0,0.292951,-7.46109,0.544402,-0.740733,0.162289,-8.6714,-2.18849e+07,380.065,18.8838,14118.9,628.933,269.495,-96069.5,0,0,0,-12.5384,-0.594197,-1.12328,-0.862605,0,0
8.68587e-05,0,0,0,1e+09,1e+09,1e+09,0,0,0,0,0,430,78,1.92122e-08,0,0.29295,-7.47228,0.544402,-0.727127,0.162288,-8.6306,-1.98649e+07,378.174,-39.3189,14179.9,791.702,212.946,-97764.5,0,0,0,-12.4583,-0.600925,-1.12107,-0.869074,0,0
8.70072e-05,0,0,0,1e+09,1e+09,1e+09,0,0,0,0,0,433,78,1.92122e-08,0,0.292948,-7.48432,0.544402,-0.71245,0.162286,-8.59136,-1.78564e+07,166.476,-94.8829,14699.5,816.696,627.421,-110659,0,0,0,-12.36,-0.607468,-1.14651,-0.879206,0,0
8.71556e-05,0,0,0,1e+09,1e+09,1e+09,0,0,0,0,0,440,78,1.92122e-08,0,0.292947,-7.4981,0.544401,-0.695623,0.162285,-8.55376,-1.58606e+07,397.87,-71.8097,14303.1,806.052,854.8,-127832,0,0,0,-12.2555,-0.614215,-1.16244,-0.886091,0,0
8.73041e-05,0,0,0,1e+09,1e+09,1e+09,0,0,0,0,0,444,78,1.92122e-08,0,0.292946,-7.51333,0.544401,-0.676982,0.162284,-8.5174,-1.3879e+07,282.258,72.9528,14211.4,768.807,1040.32,-135960,0,0,0,-12.1542,-0.620763,-1.18682,-0.894693,0,0
8.74526e-05,0,0,0,1e+09,1e+09,1e+09,0,0,0,0,0,445,78,1.92122e-08,0,0.292945,-7.52892,0.544401,-0.65786,0.162283,-8.48273,-1.19131e+07,81.8007,-160.704,14389,694.876,1107.26,-133190,0,0,0,-12.068,-0.627347,-1.18186,-0.902263,0,0
8.76011e-05,0,0,0,1e+09,1e+09,1e+09,0,0,0,0,0,447,78,1.92122e-08,0,0.292944,-7.54368,0.544401,-0.639703,0.162281,-8.45012,-9.9645e+06,180.093,30.473,14809.8,634.574,1107.76,-123026,0,0,0,-11.9967,-0.633636,-1.18785,-0.911834,0,0
8.77495e-05,0,0,0,1e+09,1e+09,1e+09,0,0,0,0,0,452,78,1.92122e-08,0,0.292943,-7.55704,0.544401,-0.62317,0.16228,-8.41902,-8.03486e+06,208.379,2.6182,14565.9,444.073,1298.87,-111944,0,0,0,-11.9276,-0.639413,-1.19035,-0.91885,0,0
8.7898e-05,0,0,0,1e+09,1e+09,1e+09,0,0,0,0,0,459,78,1.92122e-08,0,0.292942,-7.56958,0.544401,-0.607579,0.162279,-8.38966,-6.12599e+06,218.733,-57.4957,14361.8,286.859,1671.4,-108511,0,0,0,-11.849,-0.644858,-1.1918,-0.928377,0,0
8.80465e-05,0,0,0,1e+09,1e+09,1e+09,0,0,0,0,0,467,78,1.92122e-08,0,0.292941,-7.58157,0.544401,-0.592579,0.162278,-8.36217,-4.23977e+06,51.5377,-51.5253,15176.1,192.951,1745.53,-107649,0,0,0,-11.7395,-0.650279,-1.20599,-0.938138,0,0
8.8195e-05,0,0,0,1e+09,1e+09,1e+09,0,0,0,0,0,469,78,1.92122e-08,0,0.29294,-7.59384,0.544401,-0.577165,0.162276,-8.33709,-2.37815e+06,174.476,-76.438,14753.3,169.255,1562.88,-115851,0,0,0,-11.626,-0.655905,-1.221,-0.943959,0,0
8.83434e-05,0,0,0,1e+09,1e+09,1e+09,0,0,0,0,0,471,78,1.92122e-08,0,0.292938,-7.60763,0.544401,-0.559827,0.162275,-8.31313,-543129,274.657,74.8837,14759.2,290.528,1408.12,-132981,0,0,0,-11.5289,-0.661108,-1.25315,-0.952149,0,0
8.84919e-05,0,0,0,1e+09,1e+09,1e+09,0,0,0,0,0,476,78,1.92122e-08,0,0.292937,-7.62331,0.544401,-0.540103,0.162274,-8.29146,1.26325e+06,224.542,59.9378,15147.4,556.408,1147.58,-147236,0,0,0,-11.4378,-0.666046,-1.27323,-0.957859,0,0
8.86404e-05,0,0,0,1e+09,1e+09,1e+09,0,0,0,0,0,476,78,1.92122e-08,0,0.292936,-7.63987,0.544401,-0.519243,0.162273,-8.27138,3.03892e+06,241.751,106.944,15667.8,734.964,735.669,-147646,0,0,0,-11.346,-0.670859,-1.29623,-0.967153,0,0
8.87889e-05,0,0,0,1e+09,1e+09,1e+09,0,0,0,0,0,479,78,1.92122e-08,0,0.292935,-7.65591,0.5444,-0.498915,0.162271,-8.25331,4.78177e+06,276.829,-49.5914,15201.1,704.139,244.813,-140873,0,0,0,-11.2674,-0.675646,-1.28365,-0.969459,0,0
8.89374e-05,0,0,0,1e+09,1e+09,1e+09,0,0,0,0,0,483,78,1.92122e-08,0,0.292934,-7.67051,0.5444,-0.480265,0.16227,-8.23676,6.48971e+06,467.995,297.322,15473.7,700.203,-342.729,-125599,0,0,0,-11.1904,-0.680865,-1.28712,-0.975747,0,0
8.90858e-05,0,0,0,1e+09,1e+09,1e+09,0,0,0,0,0,484,78,1.92122e-08,0,0.292933,-7.68339,0.5444,-0.46361,0.162269,-8.22231,8.16063e+06,130.727,-93.2143,15424.6,828.189,-816.386,-113669,0,0,0,-11.1151,-0.686317,-1.27638,-0.981868,0,0
8.92343e-05,0,0,0,1e+09,1e+09,1e+09,0,0,0,0,0,487,78,1.92122e-08,0,0.292932,-7.69493,0.5444,-0.448504,0.162268,-8.20959,9.79245e+06,223.844,18.3002,15833.8,871.135,-1334.87,-103741,0,0,0,-11.0365,-0.691243,-1.27096,-0.988991,0,0
8.93828e-05,0,0,0,1e+09,1e+09,1e+09,0,0,0,0,0,493,78,1.92122e-08,0,0.29293,-7.70595,0.5444,-0.433958,0.162266,-8.19916,1.13831e+07,219.218,-61.2659,15874.4,815.884,-1947.29,-103440,0,0,0,-10.9505,-0.696771,-1.27478,-0.993932,0,0
8.95313e-05,0,0,0,1e+09,1e+09,1e+09,0,0,0,0,0,498,78,1.92122e-08,0,0.292929,-7.71749,0.5444,-0.41868,0.162265,-8.19029,1.29306e+07,316.172,-189.164,15896.3,849.94,-2341.16,-114473,0,0,0,-10.857,-0.702351,-1.29702,-0.999797,0,0
8.96797e-05,0,0,0,1e+09,1e+09,1e+09,0,0,0,0,0,502,78,1.92122e-08,0,0.292928,-7.73039,0.5444,-0.401669,0.162264,-8.18347,1.44328e+07,262.257,-95.5875,15866,1043.4,-2205.25,-127836,0,0,0,-10.7567,-0.707373,-1.32206,-1.00661,0,0
8.98282e-05,0,0,0,1e+09,1e+09,1e+09,0,0,0,0,0,509,78,1.92122e-08,0,0.292927,-7.74428,0.5444,-0.383381,0.162263,-8.17798,1.58879e+07,417.602,-36.6728,15825.2,1133.66,-2173.56,-132553,0,0,0,-10.6612,-0.71232,-1.33417,-1.01244,0,0
8.99767e-05,0,0,0,1e+09,1e+09,1e+09,0,0,0,0,0,513,78,1.92122e-08,0,0.292926,-7.75845,0.5444,-0.364671,0.162262,-8.17452,1.7294e+07,388.038,-100.55,16083.5,1124.78,-2227.06,-130949,0,0,0,-10.5616,-0.717668,-1.34073,-1.01864,0,0
9.01252e-05,0,0,0,1e+09,1e+09,1e+09,0,0,0,0,0,517,207,7.28858e-08,0,0.292925,-7.7722,0.5444,-0.346405,0.16226,-8.17256,1.86493e+07,235.837,-244.232,16011.7,892.117,-2332.08,-127419,0,0,0,-10.4721,-0.723546,-1.33995,-1.02406,0,0
9.02736e-05,0,0,0,1e+09,1e+09,1e+09,0,0,0,0,0,523,207,7.28858e-08,0,0.292924,-7.78548,0.5444,-0.328619,0.162259,-8.17234,1.99519e+07,284.93,127.129,16034.4,451.636,-2420.9,-125537,0,0,0,-10.3834,-0.729269,-1.35557,-1.0313,0,0
9.04221e-05,0,0,0,1e+09,1e+09,1e+09,0,0,0,0,0,527,207,7.28858e-08,0,0.292922,-7.7986,0.5444,-0.310959,0.162258,-8.17323,2.12001e+07,187.572,11.0811,16046.1,494.313,-2560.82,-125874,0,0,0,-10.3035,-0.734801,-1.36788,-1.037,0,0
9.05706e-05,0,0,0,1e+09,1e+09,1e+09,0,0,0,0,0,531,207,7.28858e-08,0,0.292921,-7.81199,0.5444,-0.292886,0.162257,-8.17592,2.23924e+07,232.984,-257.41,16278,327.574,-2581.53,-129292,0,0,0,-10.2115,-0.740235,-1.37945,-1.04344,0,0
9.07191e-05,0,0,0,1e+09,1e+09,1e+09,0,0,0,0,0,537,207,7.28858e-08,0,0.29292,-7.82594,0.5444,-0.27406,0.162256,-8.17985,2.35271e+07,177.705,-240.095,16521.2,76.7488,-2422.19,-137593,0,0,0,-10.1103,-0.745467,-1.388,-1.04962,0,0
9.08675e-05,0,0,0,1e+09,1e+09,1e+09,0,0,0,0,0,542,207,7.28858e-08,0,0.292919,-7.84053,0.5444,-0.254388,0.162254,-8.18498,2.46028e+07,304.203,-243.312,16681.1,-162.088,-2026.2,-141216,0,0,0,-10.0139,-0.750542,-1.40448,-1.05734,0,0
9.1016e-05,0,0,0,1e+09,1e+09,1e+09,0,0,0,0,0,543,207,7.28858e-08,0,0.292918,-7.85533,0.5444,-0.234405,0.162253,-8.19101,2.56181e+07,235.776,-216.315,16585.7,-198.061,-1479.11,-138712,0,0,0,-9.93046,-0.755445,-1.41463,-1.06362,0,0
9.11645e-05,0,0,0,1e+09,1e+09,1e+09,0,0,0,0,0,545,207,7.28858e-08,0,0.292917,-7.86959,0.5444,-0.215008,0.162252,-8.19825,2.65716e+07,349.077,-297.2,16714.1,-429.433,-1026.49,-134552,0,0,0,-9.84398,-0.760525,-1.41577,-1.07088,0,0
9.1313e-05,0,0,0,1e+09,1e+09,1e+09,0,0,0,0,0,550,207,7.28858e-08,0,0.292915,-7.8826,0.5444,-0.197062,0.162251,-8.2064,2.74621e+07,306.29,-234.328,16744.7,-669.441,-443.162,-122181,0,0,0,-9.75268,-0.765829,-1.41251,-1.07885,0,0
9.14614e-05,0,0,0,1e+09,1e+09,1e+09,0,0,0,0,0,550,207,7.28858e-08,0,0.292914,-7.89433,0.5444,-0.180597,0.162249,-8.21567,2.82884e+07,161.65,-258.545,16892.2,-804.876,137.591,-114533,0,0,0,-9.67742,-0.771172,-1.40394,-1.08373,0,0
9.16099e-05,0,0,0,1e+09,1e+09,1e+09,0,0,0,0,0,551,207,7.28858e-08,0,0.292913,-7.90526,0.5444,-0.165046,0.162248,-8.2256,2.90495e+07,328.531,-59.3087,17252.3,-944.55,223.715,-109818,0,0,0,-9.59297,-0.77664,-1.41507,-1.09036,0,0
9.17584e-05,0,0,0,1e+09,1e+09,1e+09,0,0,0,0,0,552,207,7.28858e-08,0,0.292912,-7.91629,0.544399,-0.149287,0.162247,-8.23662,2.97444e+07,275.178,-268.881,17232.1,-1057.97,-108.329,-118158,0,0,0,-9.50314,-0.782052,-1.43029,-1.09618,0,0
9.19069e-05,0,0,0,1e+09,1e+09,1e+09,0,0,0,0,0,555,207,7.28858e-08,0,0.292911,-7.92804,0.544399,-0.132576,0.162246,-8.24835,3.03723e+07,298.168,-238.482,17217.6,-1095.99,72.4717,-121117,0,0,0,-9.39218,-0.787334,-1.44984,-1.10305,0,0
9.20554e-05,0,0,0,1e+09,1e+09,1e+09,0,0,0,0,0,556,207,7.28858e-08,0,0.29291,-7.94064,0.544399,-0.114743,0.162245,-8.26101,3.09322e+07,242.145,-269.402,17372,-906.684,522.554,-131383,0,0,0,-9.278,-0.793192,-1.46218,-1.10981,0,0
9.22038e-05,0,0,0,1e+09,1e+09,1e+09,0,0,0,0,0,559,207,7.28858e-08,0,0.292908,-7.95397,0.544399,-0.0959638,0.162243,-8.2741,3.14236e+07,391.23,-42.0715,17406.7,-938.52,992.966,-136155,0,0,0,-9.18177,-0.798605,-1.47176,-1.1163,0,0
9.23523e-05,0,0,0,1e+09,1e+09,1e+09,0,0,0,0,0,563,207,7.28858e-08,0,0.292907,-7.96763,0.544399,-0.0767311,0.162242,-8.28793,3.18458e+07,171.788,-245.995,17604.6,-968.988,1339.89,-137958,0,0,0,-9.09263,-0.803813,-1.4896,-1.12256,0,0
9.25008e-05,0,0,0,1e+09,1e+09,1e+09,0,0,0,0,0,567,207,7.28858e-08,0,0.292906,-7.98113,0.544399,-0.0576341,0.162241,-8.30201,3.21985e+07,309.675,-126.099,17731.3,-1276.3,1477.21,-133211,0,0,0,-9.0093,-0.808839,-1.49414,-1.12728,0,0
9.26493e-05,0,0,0,1e+09,1e+09,1e+09,0,0,0,0,0,569,207,7.28858e-08,0,0.292905,-7.99391,0.544399,-0.0393616,0.16224,-8.31653,3.24813e+07,174.749,-289.82,17975.3,-1746.81,1199.61,-124429,0,0,0,-8.91204,-0.814,-1.49879,-1.13507,0,0
9.27977e-05,0,0,0,1e+09,1e+09,1e+09,0,0,0,0,0,575,207,7.28858e-08,0,0.292904,-8.00596,0.544399,-0.0219424,0.162238,-8.33097,3.26939e+07,253.116,-117.387,17647,-2255.66,856.807,-122259,0,0,0,-8.8287,-0.819074,-1.49778,-1.14003,0,0
9.29462e-05,0,0,0,1e+09,1e+09,1e+09,0,0,0,0,0,577,207,7.28858e-08,0,0.292902,-8.01785,0.544399,-0.00466927,0.162237,-8.34581,3.28364e+07,179.155,-267.817,18180.8,-2646.84,808.222,-122841,0,0,0,-8.74276,-0.824637,-1.50993,-1.14472,0,0
9.30947e-05,0,0,0,1e+09,1e+09,1e+09,0,0,0,0,0,579,207,7.28858e-08,0,0.292901,-8.0301,0.544399,0.0130823,0.162236,-8.36065,3.29086e+07,189.622,-131.739,18191.5,-2745.13,635.301,-128857,0,0,0,-8.65229,-0.830506,-1.51954,-1.14966,0,0
9.32432e-05,0,0,0,1e+09,1e+09,1e+09,0,0,0,0,0,583,207,7.28858e-08,0,0.2929,-8.04258,0.544399,0.0311508,0.162235,-8.37519,3.2911e+07,328.983,-264.321,18394.4,-2490.62,469.18,-130988,0,0,0,-8.54951,-0.836089,-1.52597,-1.15376,0,0
9.33916e-05,0,0,0,1e+09,1e+09,1e+09,0,0,0,0,0,584,207,7.28858e-08,0,0.292899,-8.05519,0.544399,0.0494316,0.162233,-8.39001,3.28438e+07,68.8315,-139.272,18336,-1971.65,391.521,-129532,0,0,0,-8.4587,-0.842132,-1.53158,-1.15988,0,0
9.35401e-05,0,0,0,1e+09,1e+09,1e+09,0,0,0,0,0,587,207,7.28858e-08,0,0.292898,-8.06751,0.544399,0.0673987,0.162232,-8.40459,3.27076e+07,172.816,-347.459,18654.3,-1453.34,312.743,-126433,0,0,0,-8.38243,-0.848491,-1.5393,-1.16498,0,0
9.36886e-05,0,0,0,1e+09,1e+09,1e+09,0,0,0,0,0,593,207,7.28858e-08,0,0.292896,-8.07908,0.544399,0.084496,0.162231,-8.41901,3.2503e+07,94.6597,-203.27,18560.8,-1246.31,145.351,-118591,0,0,0,-8.31049,-0.854606,-1.53703,-1.17083,0,0
9.38371e-05,0,0,0,1e+09,1e+09,1e+09,0,0,0,0,0,600,207,7.28858e-08,0,0.292895,-8.08966,0.544399,0.100421,0.16223,-8.43334,3.22311e+07,246.804,-231.717,18696.4,-1197.13,4.7282,-108544,0,0,0,-8.23247,-0.861007,-1.53354,-1.17756,0,0
9.39855e-05,0,0,0,1e+09,1e+09,1e+09,0,0,0,0,0,603,207,7.28858e-08,0,0.292894,-8.09923,0.544399,0.115159,0.162228,-8.4474,3.18928e+07,268.683,-200.162,18863.7,-1182.26,-120.912,-101576,0,0,0,-8.13695,-0.867605,-1.5393,-1.18382,0,0
9.4134e-05,0,0,0,1e+09,1e+09,1e+09,0,0,0,0,0,610,207,7.28858e-08,0,0.292893,-8.10864,0.544399,0.129713,0.162227,-8.46104,3.14894e+07,62.9143,-276.011,18750.8,-1315.55,-128.543,-107340,0,0,0,-8.04722,-0.874044,-1.54981,-1.19064,0,0
9.42825e-05,0,0,0,1e+09,1e+09,1e+09,0,0,0,0,0,618,207,7.28858e-08,0,0.292892,-8.11859,0.544399,0.144963,0.162226,-8.47437,3.10224e+07,86.1158,-267.912,18878.7,-1550.39,30.5528,-110838,0,0,0,-7.95767,-0.88082,-1.56973,-1.19707,0,0
9.4431e-05,0,0,0,1e+09,1e+09,1e+09,0,0,0,0,0,622,207,7.28858e-08,0,0.29289,-8.12917,0.5444,0.160988,0.162225,-8.4872,3.04933e+07,335.436,-261.295,18865.8,-1844.25,200.745,-118630,0,0,0,-7.87625,-0.888451,-1.57994,-1.20344,0,0
9.45795e-05,0,0,0,1e+09,1e+09,1e+09,0,0,0,0,0,627,207,7.28858e-08,0,0.292889,-8.14036,0.5444,0.177765,0.162223,-8.4994,2.9904e+07,253.376,-221.07,19221.7,-1900.36,300.257,-119985,0,0,0,-7.78349,-0.896102,-1.59257,-1.21095,0,0
9.47279e-05,0,0,0,1e+09,1e+09,1e+09,0,0,0,0,0,634,207,7.28858e-08,0,0.292888,-8.15202,0.5444,0.195123,0.162222,-8.51056,2.92563e+07,319.785,-302.448,19205.9,-1606.62,257.638,-126070,0,0,0,-7.68842,-0.904111,-1.60925,-1.21794,0,0
9.48764e-05,0,0,0,1e+09,1e+09,1e+09,0,0,0,0,0,640,207,7.28858e-08,0,0.292887,-8.16405,0.5444,0.212943,0.162221,-8.52095,2.85525e+07,132.866,-319.824,19506.7,-889.407,-122.128,-127003,0,0,0,-7.60165,-0.912261,-1.62695,-1.22462,0,0
9.50249e-05,0,0,0,1e+09,1e+09,1e+09,0,0,0,0,0,649,207,7.28858e-08,0,0.292886,-8.17636,0.5444,0.231126,0.16222,-8.53081,2.77947e+07,163.2,-323.21,19214.6,-461.78,-85.6495,-128257,0,0,0,-7.5169,-0.921273,-1.63569,-1.23234,0,0
9.51734e-05,0,0,0,1e+09,1e+09,1e+09,0,0,0,0,0,656,207,7.28858e-08,0,0.292884,-8.18836,0.5444,0.248937,0.162218,-8.54005,2.69852e+07,129.977,-338.587,19522.8,-338.979,185.763,-124406,0,0,0,-7.42944,-0.931473,-1.63561,-1.24031,0,0
9.53218e-05,0,0,0,1e+09,1e+09,1e+09,0,0,0,0,0,666,207,7.28858e-08,0,0.292883,-8.19937,0.5444,0.265555,0.162217,-8.549,2.61264e+07,320.108,-218.874,19366.6,-520.58,686.58,-116965,0,0,0,-7.3442,-0.941584,-1.63559,-1.25064,0,0
9.54703e-05,0,0,0,1e+09,1e+09,1e+09,0,0,0,0,0,676,207,7.28858e-08,0,0.292882,-8.20953,0.5444,0.281161,0.162216,-8.55759,2.52206e+07,192.381,-229.668,19326.5,-740.312,840.911,-110022,0,0,0,-7.26043,-0.95126,-1.64082,-1.26461,0,0
9.56188e-05,0,0,0,1e+09,1e+09,1e+09,0,0,0,0,0,687,207,7.28858e-08,0,0.292881,-8.21917,0.5444,0.296137,0.162215,-8.56585,2.42705e+07,118.063,-218.356,19210.3,-739.128,5.94639,-105582,0,0,0,-7.17463,-0.960879,-1.65571,-1.27618,0,0
9.57673e-05,0,0,0,1e+09,1e+09,1e+09,0,0,0,0,0,693,207,7.28858e-08,0,0.292879,-8.22847,0.5444,0.310726,0.162213,-8.57341,2.32782e+07,167.094,-328.611,19442.7,-836.941,-160.789,-103935,0,0,0,-7.0899,-0.970902,-1.66777,-1.28919,0,0
9.59157e-05,0,0,0,1e+09,1e+09,1e+09,0,0,0,0,0,702,207,7.28858e-08,0,0.292878,-8.23765,0.5444,0.325155,0.162212,-8.58048,2.22463e+07,422.17,-119.585,19282.8,-869.471,-91.542,-103798,0,0,0,-6.99765,-0.981518,-1.67794,-1.30055,0,0
9.60642e-05,0,0,0,1e+09,1e+09,1e+09,0,0,0,0,0,711,207,7.28858e-08,0,0.292877,-8.24658,0.5444,0.339274,0.162211,-8.5868,2.1177e+07,211.189,-405.487,19284.5,-707.374,-110.258,-98693.4,0,0,0,-6.89862,-0.992186,-1.68435,-1.31324,0,0
9.62127e-05,0,0,0,1e+09,1e+09,1e+09,0,0,0,0,0,719,207,7.28858e-08,0,0.292876,-8.25512,0.5444,0.352922,0.162209,-8.59268,2.00725e+07,250.76,-339.429,19126.2,-498.528,-247.786,-96281.4,0,0,0,-6.7898,-1.00228,-1.699,-1.32553,0,0
9.63612e-05,0,0,0,1e+09,1e+09,1e+09,0,0,0,0,0,725,207,7.28858e-08,0,0.292875,-8.26407,0.5444,0.367052,0.162208,-8.59737,1.89349e+07,171.797,-272.827,19312.7,-105.648,-414.39,-103518,0,0,0,-6.69155,-1.01246,-1.72025,-1.33688,0,0
9.65096e-05,0,0,0,1e+09,1e+09,1e+09,0,0,0,0,0,732,207,7.28858e-08,0,0.292873,-8.27395,0.5444,0.382304,0.162207,-8.60166,1.7766e+07,278.642,-459.694,19507.7,347.862,-495.949,-111164,0,0,0,-6.59939,-1.02263,-1.74629,-1.34815,0,0
9.66581e-05,0,0,0,1e+09,1e+09,1e+09,0,0,0,0,0,747,207,7.28858e-08,0,0.292872,-8.28448,0.5444,0.398334,0.162206,-8.60487,1.65676e+07,322.57,-87.7396,19519.3,563.739,-483.207,-116774,0,0,0,-6.50025,-1.03181,-1.76048,-1.35843,0,0
9.68066e-05,0,0,0,1e+09,1e+09,1e+09,0,0,0,0,0,760,207,7.28858e-08,0,0.292871,-8.29523,0.5444,0.414624,0.162204,-8.60753,1.53412e+07,231.216,-450.837,19546.5,524.818,-299.018,-115552,0,0,0,-6.39089,-1.04095,-1.76945,-1.36879,0,0
9.69551e-05,0,0,0,1e+09,1e+09,1e+09,0,0,0,0,0,765,207,7.28858e-08,0,0.29287,-8.30615,0.5444,0.431126,0.162203,-8.60912,1.40883e+07,151.234,-23.2349,19874.4,227.682,-63.6275,-120356,0,0,0,-6.29585,-1.04981,-1.78141,-1.37705,0,0
9.71036e-05,0,0,0,1e+09,1e+09,1e+09,0,0,0,0,0,773,207,7.28858e-08,0,0.292868,-8.31754,0.5444,0.448186,0.162202,-8.6104,1.28099e+07,109.815,-420.611,19965.1,315.209,213.574,-124746,0,0,0,-6.21034,-1.05799,-1.80141,-1.38648,0,0
9.7252e-05,0,0,0,1e+09,1e+09,1e+09,0,0,0,0,0,777,207,7.28858e-08,0,0.292867,-8.32908,0.5444,0.465413,0.162201,-8.61096,1.1507e+07,197.85,-200.466,19717.4,264.272,354.511,-120891,0,0,0,-6.13675,-1.06553,-1.80971,-1.39393,0,0
9.74005e-05,0,0,0,1e+09,1e+09,1e+09,0,0,0,0,0,780,207,7.28858e-08,0,0.292866,-8.34014,0.5444,0.482062,0.162199,-8.61107,1.01803e+07,206.041,-220.55,20039.2,130.769,475.952,-115817,0,0,0,-6.05697,-1.0737,-1.81382,-1.40158,0,0
9.7549e-05,0,0,0,1e+09,1e+09,1e+09,0,0,0,0,0,784,207,7.28858e-08,0,0.292865,-8.35021,0.544401,0.497474,0.162198,-8.6104,8.83055e+06,139.641,-276.733,20147.1,90.1871,568.727,-105425,0,0,0,-5.97234,-1.08211,-1.81031,-1.41122,0,0
9.76975e-05,0,0,0,1e+09,1e+09,1e+09,0,0,0,0,0,788,207,7.28858e-08,0,0.292863,-8.35936,0.544401,0.511761,0.162197,-8.60906,7.45807e+06,141.547,-26.9108,20069.4,413.682,551.408,-98054.6,0,0,0,-5.88085,-1.09076,-1.81468,-1.42009,0,0
9.78459e-05,0,0,0,1e+09,1e+09,1e+09,0,0,0,0,0,797,207,7.28858e-08,0,0.292862,-8.36815,0.544401,0.5256,0.162195,-8.60714,6.06317e+06,100.502,-303.272,20308.3,928.329,502.479,-97450.5,0,0,0,-5.80074,-1.09873,-1.82771,-1.42931,0,0
9.79944e-05,0,0,0,1e+09,1e+09,1e+09,0,0,0,0,0,807,207,7.28858e-08,0,0.292861,-8.37668,0.544401,0.539094,0.162194,-8.60461,4.64602e+06,279.678,-172.418,20400,1197.7,97.99,-94447.8,0,0,0,-5.73388,-1.10677,-1.83974,-1.43804,0,0
9.81429e-05,0,0,0,1e+09,1e+09,1e+09,0,0,0,0,0,815,207,7.28858e-08,0,0.29286,-8.38491,0.544401,0.552211,0.162193,-8.60199,3.20673e+06,237.626,-345.239,20662.6,1400.74,-169.51,-92676.5,0,0,0,-5.65863,-1.11516,-1.85218,-1.44706,0,0
9.82914e-05,0,0,0,1e+09,1e+09,1e+09,0,0,0,0,0,822,207,7.28858e-08,0,0.292859,-8.39325,0.544401,0.565429,0.162192,-8.59802,1.74537e+06,125.4,-231.583,20818.3,1492.94,-272.881,-96417.1,0,0,0,-5.56968,-1.12331,-1.86531,-1.45723,0,0
9.84398e-05,0,0,0,1e+09,1e+09,1e+09,0,0,0,0,0,828,207,7.28858e-08,0,0.292857,-8.40223,0.544401,0.57941,0.16219,-8.59415,262009,112.548,-477.888,20874.6,1703.49,147.454,-105104,0,0,0,-5.4643,-1.13088,-1.88831,-1.46598,0,0
9.85883e-05,0,0,0,1e+09,1e+09,1e+09,0,0,0,0,0,833,207,7.28858e-08,0,0.292856,-8.41257,0.544401,0.595034,0.162189,-8.58976,-1.24321e+06,348.121,-309.616,20775.4,2129.8,295.024,-116914,0,0,0,-5.36455,-1.13889,-1.90939,-1.47337,0,0
9.87368e-05,0,0,0,1e+09,1e+09,1e+09,0,0,0,0,0,836,207,7.28858e-08,0,0.292855,-8.42412,0.544401,0.612092,0.162188,-8.58516,-2.77005e+06,223.775,-477.495,20875.2,2420.39,642.401,-125722,0,0,0,-5.27391,-1.14601,-1.93095,-1.4817,0,0
9.88853e-05,0,0,0,1e+09,1e+09,1e+09,0,0,0,0,0,842,207,7.28858e-08,0,0.292854,-8.43621,0.544401,0.629783,0.162186,-8.57988,-4.31811e+06,157.546,-268.41,21068.8,2488.77,1024.55,-125313,0,0,0,-5.19853,-1.15238,-1.9449,-1.49061,0,0
9.90337e-05,0,0,0,1e+09,1e+09,1e+09,0,0,0,0,0,850,207,7.28858e-08,0,0.292852,-8.44792,0.544401,0.646987,0.162185,-8.57418,-5.8868e+06,244.677,-531.864,20920,2689.64,1138.45,-119386,0,0,0,-5.12795,-1.15892,-1.94911,-1.49806,0,0
9.91822e-05,0,0,0,1e+09,1e+09,1e+09,0,0,0,0,0,854,207,7.28858e-08,0,0.292851,-8.45863,0.544401,0.662949,0.162184,-8.56793,-7.47525e+06,131.621,-297.929,21355.9,2868.53,942.866,-106924,0,0,0,-5.05165,-1.16572,-1.95079,-1.50763,0,0
9.93307e-05,0,0,0,1e+09,1e+09,1e+09,0,0,0,0,0,859,207,7.28858e-08,0,0.29285,-8.46804,0.544402,0.677287,0.162183,-8.56137,-9.0823e+06,-30.5353,-310.036,21204,2850.11,458.513,-97299.2,0,0,0,-4.9724,-1.17225,-1.95157,-1.51664,0,0
9.94792e-05,0,0,0,1e+09,1e+09,1e+09,0,0,0,0,0,868,207,7.28858e-08,0,0.292848,-8.47653,0.544402,0.690491,0.162181,-8.55457,-1.07064e+07,193.034,-385.834,21552.7,2828.45,-35.2858,-89615.1,0,0,0,-4.88684,-1.17899,-1.95573,-1.5261,0,0
9.96276e-05,0,0,0,1e+09,1e+09,1e+09,0,0,0,0,0,874,207,7.28858e-08,0,0.292847,-8.48466,0.544402,0.703235,0.16218,-8.54719,-1.23457e+07,-98.5635,-474.761,21706.6,2894.29,-397.352,-92464.1,0,0,0,-4.79672,-1.18594,-1.9659,-1.53422,0,0
9.97761e-05,0,0,0,1e+09,1e+09,1e+09,0,0,0,0,0,881,207,7.28858e-08,0,0.292846,-8.49322,0.544402,0.716473,0.162179,-8.53986,-1.39978e+07,-1.64771,-291.872,22027.5,2880.38,-948.258,-97088.3,0,0,0,-4.70848,-1.19287,-1.98043,-1.54093,0,0
9.99246e-05,0,0,0,1e+09,1e+09,1e+09,0,0,0,0,0,887,207,7.28858e-08,0,0.292845,-8.50252,0.544402,0.730586,0.162178,-8.53228,-1.566e+07,19.8273,-507.591,21503.1,2963.64,-1086.87,-103761,0,0,0,-4.63261,-1.20119,-1.9962,-1.55079,0,0
0.000100073,0,0,0,1e+09,1e+09,1e+09,0,0,0,0,0,898,207,7.28858e-08,0,0.292843,-8.51224,0.544402,0.745183,0.162176,-8.52468,-1.73289e+07,58.2311,-429.952,22423.4,2979.07,-953.302,-102751,0,0,0,-4.55506,-1.2087,-2.01071,-1.55863,0,0
0.000100222,0,0,0,1e+09,1e+09,1e+09,0,0,0,0,0,906,207,7.28858e-08,0,0.292842,-8.52136,0.544402,0.759036,0.162175,-8.51678,-1.90009e+07,51.6245,-543.791,22170.2,2811.32,-910.263,-91760.8,0,0,0,-4.47061,-1.21758,-2.01835,-1.56738,0,0
0.00010037,0,0,0,1e+09,1e+09,1e+09,0,0,0,0,0,910,207,7.28858e-08,0,0.292841,-8.52932,0.544402,0.771466,0.162174,-8.50918,-2.06717e+07,-20.0591,-387.307,22091.1,2539.49,-618.032,-84631.3,0,0,0,-4.38962,-1.22628,-2.02297,-1.57623,0,0
0.000100519,0,0,0,1e+09,1e+09,1e+09,0,0,0,0,0,918,207,7.28858e-08,0,0.29284,-8.5365,0.544402,0.782937,0.162173,-8.50139,-2.23367e+07,113.216,-503.677,22232.3,2247.93,-752.264,-79680.3,0,0,0,-4.32098,-1.23437,-2.025,-1.58639,0,0
0.000100667,0,0,0,1e+09,1e+09,1e+09,0,0,0,0,0,928,207,7.28858e-08,0,0.292838,-8.54344,0.544403,0.794105,0.162171,-8.49375,-2.39908e+07,-46.2867,-474.907,22498.7,1632.93,-648.304,-80153.6,0,0,0,-4.23752,-1.24361,-2.03936,-1.5943,0,0
0.000100815,0,0,0,1e+09,1e+09,1e+09,0,0,0,0,0,938,207,7.28858e-08,0,0.292837,-8.55083,0.544403,0.805811,0.16217,-8.48628,-2.56284e+07,-16.3259,-415.41,22221.4,812.255,-241.912,-88634.4,0,0,0,-4.13988,-1.25361,-2.06246,-1.60605,0,0
0.000100964,0,0,0,1e+09,1e+09,1e+09,0,0,0,0,0,944,207,7.28858e-08,0,0.292836,-8.55954,0.544403,0.819122,0.162169,-8.47944,-2.72438e+07,-247.036,-340.222,22540.9,-49.179,198.933,-100327,0,0,0,-4.04913,-1.26315,-2.08988,-1.61818,0,0
0.000101112,0,0,0,1e+09,1e+09,1e+09,0,0,0,0,0,950,207,7.28858e-08,0,0.292835,-8.56951,0.544403,0.833977,0.162167,-8.47311,-2.88308e+07,35.3791,-228.169,22386.6,-724.688,237.936,-109033,0,0,0,-3.97392,-1.27167,-2.11691,-1.63283,0,0
0.000101261,0,0,0,1e+09,1e+09,1e+09,0,0,0,0,0,960,207,7.28858e-08,0,0.292833,-8.57978,0.544403,0.8492,0.162166,-8.46717,-3.03831e+07,53.9051,-298.405,21982.5,-921.77,195.936,-105902,0,0,0,-3.91478,-1.28014,-2.12354,-1.64611,0,0
0.000101409,0,0,0,1e+09,1e+09,1e+09,0,0,0,0,0,968,207,7.28858e-08,0,0.292832,-8.58908,0.544403,0.863263,0.162165,-8.46186,-3.18941e+07,46.8007,-248.111,22460.8,-998.97,-63.1993,-93094.5,0,0,0,-3.83941,-1.28927,-2.12678,-1.65714,0,0
0.000101558,0,0,0,1e+09,1e+09,1e+09,0,0,0,0,0,972,207,7.28858e-08,0,0.292831,-8.59671,0.544403,0.875313,0.162164,-8.45721,-3.33574e+07,-50.5742,-164.843,22435.3,-1080.84,-465.183,-76932.8,0,0,0,-3.76382,-1.29806,-2.12806,-1.66998,0,0
0.000101706,0,0,0,1e+09,1e+09,1e+09,0,0,0,0,0,982,207,7.28858e-08,0,0.292829,-8.60266,0.544403,0.885358,0.162162,-8.45301,-3.47662e+07,192.982,-364.518,22504.3,-1103.47,-1044.13,-65631.3,0,0,0,-3.70053,-1.30775,-2.13541,-1.68176,0,0
0.000101855,0,0,0,1e+09,1e+09,1e+09,0,0,0,0,0,988,207,7.28858e-08,0,0.292828,-8.60743,0.544404,0.894003,0.162161,-8.44961,-3.61143e+07,-158.736,-120.908,22667.2,-1019.05,-1388.59,-60556,0,0,0,-3.64939,-1.31708,-2.14891,-1.69342,0,0
0.000102003,0,0,0,1e+09,1e+09,1e+09,0,0,0,0,0,998,207,7.28858e-08,0,0.292827,-8.61167,0.544404,0.902028,0.16216,-8.44757,-3.73954e+07,13.8271,-118.243,22351.9,-907.524,-1358.37,-55363,0,0,0,-3.59926,-1.32602,-2.16109,-1.7049,0,0
0.000102152,0,0,0,1e+09,1e+09,1e+09,0,0,0,0,0,1007,207,7.28858e-08,0,0.292826,-8.61531,0.544404,0.909342,0.162159,-8.44473,-3.86034e+07,3.81475,-115.44,22667.9,-739.577,-990.655,-50523.8,0,0,0,-3.53908,-1.33542,-2.16977,-1.72076,0,0
0.0001023,0,0,0,1e+09,1e+09,1e+09,0,0,0,0,0,1016,207,7.28858e-08,0,0.292824,-8.61856,0.544404,0.916201,0.162157,-8.44292,-3.97327e+07,-93.9705,275.387,22920,-991.677,-621.814,-50145.6,0,0,0,-3.46849,-1.344,-2.18853,-1.73303,0,0
0.000102449,0,0,0,1e+09,1e+09,1e+09,0,0,0,0,0,1029,207,7.28858e-08,0,0.292823,-8.62249,0.544404,0.923901,0.162156,-8.44053,-4.07782e+07,174.394,-171.61,22729.2,-1465.74,-201.438,-60294.7,0,0,0,-3.40332,-1.35232,-2.20774,-1.74531,0,0
0.000102597,0,0,0,1e+09,1e+09,1e+09,0,0,0,0,0,1037,207,7.28858e-08,0,0.292822,-8.62767,0.544404,0.933128,0.162155,-8.43875,-4.17352e+07,-185.347,37.1659,23001.6,-2016.32,12.7314,-71698.4,0,0,0,-3.3382,-1.36171,-2.23174,-1.75899,0,0
0.000102746,0,0,0,1e+09,1e+09,1e+09,0,0,0,0,0,1046,207,7.28858e-08,0,0.292821,-8.63395,0.544404,0.943727,0.162154,-8.43727,-4.25994e+07,-101.439,132.518,22879.5,-2352.42,56.5768,-79102.4,0,0,0,-3.27582,-1.37049,-2.25304,-1.77341,0,0
0.000102894,0,0,0,1e+09,1e+09,1e+09,0,0,0,0,0,1053,207,7.28858e-08,0,0.292819,-8.64052,0.544405,0.954693,0.162152,-8.43671,-4.33672e+07,-194.665,239.623,22806.5,-2355.44,188.832,-77733.4,0,0,0,-3.23308,-1.3795,-2.26234,-1.78503,0,0
0.000103043,0,0,0,1e+09,1e+09,1e+09,0,0,0,0,0,1059,207,7.28858e-08,0,0.292818,-8.64658,0.544405,0.96505,0.162151,-8.43652,-4.40358e+07,-46.4264,86.0321,22868.8,-1815.48,34.267,-70966.7,0,0,0,-3.17775,-1.38973,-2.28386,-1.79977,0,0
0.000103191,0,0,0,1e+09,1e+09,1e+09,0,0,0,0,0,1064,207,7.28858e-08,0,0.292817,-8.65208,0.544405,0.974726,0.16215,-8.4364,-4.46029e+07,-253.436,239.731,22932.1,-1110,-273.927,-66586.1,0,0,0,-3.12916,-1.39902,-2.30133,-1.81435,0,0
0.00010334,0,0,0,1e+09,1e+09,1e+09,0,0,0,0,0,1072,207,7.28858e-08,0,0.292815,-8.65691,0.544405,0.983605,0.162149,-8.43581,-4.50667e+07,-7.0862,75.5338,23066.1,-835.649,-644.993,-62055.4,0,0,0,-3.08778,-1.40777,-2.30946,-1.82731,0,0
0.000103488,0,0,0,1e+09,1e+09,1e+09,0,0,0,0,0,1077,207,7.28858e-08,0,0.292814,-8.66091,0.544405,0.991481,0.162147,-8.43518,-4.54264e+07,-24.561,176.339,23349.4,-812.551,-844.307,-51788.5,0,0,0,-3.03638,-1.41581,-2.33006,-1.84459,0,0
0.000103637,0,0,0,1e+09,1e+09,1e+09,0,0,0,0,0,1086,207,7.28858e-08,0,0.292813,-8.66379,0.544405,0.997997,0.162146,-8.43488,-4.56816e+07,-71.1989,-24.6275,23143,-529.575,-709.876,-42177.2,0,0,0,-2.99655,-1.4242,-2.33782,-1.85903,0,0
0.000103785,0,0,0,1e+09,1e+09,1e+09,0,0,0,0,0,1096,207,7.28858e-08,0,0.292812,-8.66565,0.544405,1.0033,0.162145,-8.43485,-4.58328e+07,-123.647,117.12,23222.8,7.67576,-389.831,-35052.2,0,0,0,-2.94772,-1.43267,-2.359,-1.87543,0,0
0.000103933,0,0,0,1e+09,1e+09,1e+09,0,0,0,0,0,1103,207,7.28858e-08,0,0.29281,-8.6669,0.544406,1.00786,0.162144,-8.43568,-4.58808e+07,-170.284,58.7315,23113.8,9.1417,-250.729,-32357,0,0,0,-2.91171,-1.44137,-2.37793,-1.89459,0,0
0.000104082,0,0,0,1e+09,1e+09,1e+09,0,0,0,0,0,1110,207,7.28858e-08,0,0.292809,-8.66818,0.544406,1.01246,0.162142,-8.43686,-4.58274e+07,23.2059,20.5069,23106.3,43.0274,-227.788,-33983.8,0,0,0,-2.87559,-1.45003,-2.39441,-1.90804,0,0
0.00010423,0,0,0,1e+09,1e+09,1e+09,0,0,0,0,0,1119,207,7.28858e-08,0,0.292808,-8.66985,0.544406,1.01757,0.162141,-8.43813,-4.56746e+07,-203.973,137.055,22961.9,185.13,-170.322,-38030.5,0,0,0,-2.83426,-1.45934,-2.41701,-1.92488,0,0
0.000104379,0,0,0,1e+09,1e+09,1e+09,0,0,0,0,0,1132,207,7.28858e-08,0,0.292806,-8.67171,0.544406,1.02291,0.16214,-8.4395,-4.54252e+07,155.551,299.91,23419.7,366.588,262.481,-38235.5,0,0,0,-2.80624,-1.46889,-2.43237,-1.93783,0,0
0.000104527,0,0,0,1e+09,1e+09,1e+09,0,0,0,0,0,1141,207,7.28858e-08,0,0.292805,-8.67346,0.544406,1.02813,0.162139,-8.44075,-4.50823e+07,-49.6053,-2.43454,23260.7,420.145,103.471,-37186,0,0,0,-2.78006,-1.47865,-2.45397,-1.95239,0,0
0.000104676,0,0,0,1e+09,1e+09,1e+09,0,0,0,0,0,1146,207,7.28858e-08,0,0.292804,-8.67516,0.544406,1.03329,0.162137,-8.4416,-4.46496e+07,-124.053,346.443,23530.1,297.24,-601.804,-36364.1,0,0,0,-2.76613,-1.48761,-2.46912,-1.96419,0,0
0.000104824,0,0,0,1e+09,1e+09,1e+09,0,0,0,0,0,1155,207,7.28858e-08,0,0.292803,-8.67688,0.544406,1.03848,0.162136,-8.44241,-4.4131e+07,-27.9664,217.365,23678.5,-12.6774,-811.37,-36707.7,0,0,0,-2.74589,-1.49628,-2.48234,-1.97907,0,0
0.000104973,0,0,0,1e+09,1e+09,1e+09,0,0,0,0,0,1167,207,7.28858e-08,0,0.292801,-8.67838,0.544407,1.0434,0.162135,-8.44263,-4.35309e+07,-40.5776,127.13,23748.6,-419.755,-334.744,-33787.1,0,0,0,-2.72491,-1.50483,-2.49544,-1.98967,0,0
0.000105121,0,0,0,1e+09,1e+09,1e+09,0,0,0,0,0,1177,444,1.64359e-07,0,0.2928,-8.67941,0.544407,1.04778,0.162134,-8.44297,-4.28538e+07,-173.872,239.665,23809.8,-152.355,361.663,-29070.5,0,0,0,-2.7167,-1.5131,-2.51308,-2.00027,0,0
0.00010527,0,0,0,1e+09,1e+09,1e+09,0,0,0,0,0,1184,444,1.64359e-07,0,0.292799,-8.68015,0.544407,1.0518,0.162132,-8.44281,-4.21047e+07,-188.847,182.6,23813.4,151.663,693.117,-27598.2,0,0,0,-2.73267,-1.52123,-2.52427,-2.01411,0,0
0.000105418,0,0,0,1e+09,1e+09,1e+09,0,0,0,0,0,1192,444,1.64359e-07,0,0.292797,-8.68062,0.544407,1.05552,0.162131,-8.44273,-4.12886e+07,-131.158,242.572,24010.7,113.573,807.481,-24763.9,0,0,0,-2.73566,-1.52841,-2.54375,-2.02373,0,0
0.000105567,0,0,0,1e+09,1e+09,1e+09,0,0,0,0,0,1198,444,1.64359e-07,0,0.292796,-8.6806,0.544407,1.05866,0.16213,-8.442,-4.04105e+07,-78.6936,336.861,24151,-66.2601,633.355,-19760.2,0,0,0,-2.73751,-1.53553,-2.55731,-2.03812,0,0
0.000105715,0,0,0,1e+09,1e+09,1e+09,0,0,0,0,0,1205,444,1.64359e-07,0,0.292795,-8.6799,0.544407,1.06098,0.162129,-8.44125,-3.94758e+07,-168.168,2.24219,24198.1,-108.007,266.66,-13623.6,0,0,0,-2.7406,-1.54203,-2.57006,-2.04846,0,0
0.000105864,0,0,0,1e+09,1e+09,1e+09,0,0,0,0,0,1209,444,1.64359e-07,0,0.292793,-8.67877,0.544408,1.06279,0.162127,-8.44004,-3.84896e+07,-54.8859,62.9183,24189.4,491.611,-327.673,-12820.4,0,0,0,-2.74863,-1.54848,-2.58686,-2.05845,0,0
0.000106012,0,0,0,1e+09,1e+09,1e+09,0,0,0,0,0,1211,444,1.64359e-07,0,0.292792,-8.67775,0.544408,1.06472,0.162126,-8.43842,-3.74572e+07,-61.6541,323.246,24272.6,855.999,-323.512,-15732.6,0,0,0,-2.77538,-1.5551,-2.59809,-2.07183,0,0
0.000106161,0,0,0,1e+09,1e+09,1e+09,0,0,0,0,0,1213,444,1.64359e-07,0,0.292791,-8.67724,0.544408,1.06729,0.162125,-8.43654,-3.63836e+07,-254.301,33.645,24191.6,1127.58,-388.595,-20384.6,0,0,0,-2.79579,-1.56131,-2.62292,-2.0833,0,0
0.000106309,0,0,0,1e+09,1e+09,1e+09,0,0,0,0,0,1217,444,1.64359e-07,0,0.29279,-8.67691,0.544408,1.07007,0.162124,-8.43435,-3.52738e+07,15.4984,204.726,24439.4,968.757,-380.017,-17745.8,0,0,0,-2.82149,-1.56728,-2.63993,-2.09529,0,0
0.000106458,0,0,0,1e+09,1e+09,1e+09,0,0,0,0,0,1220,444,1.64359e-07,0,0.292788,-8.6759,0.544408,1.07203,0.162122,-8.43167,-3.41328e+07,-52.2947,-27.3269,24763.4,398.299,-268.192,-9368.81,0,0,0,-2.84768,-1.57344,-2.64977,-2.1074,0,0
0.000106606,0,0,0,1e+09,1e+09,1e+09,0,0,0,0,0,1228,444,1.64359e-07,0,0.292787,-8.67387,0.544408,1.07273,0.162121,-8.42832,-3.29651e+07,-70.6522,111.056,24723.8,160.771,-95.9793,-1710.59,0,0,0,-2.87562,-1.57992,-2.66582,-2.1182,0,0
0.000106755,0,0,0,1e+09,1e+09,1e+09,0,0,0,0,0,1229,444,1.64359e-07,0,0.292786,-8.67132,0.544409,1.07281,0.16212,-8.42446,-3.17751e+07,-54.3423,195.648,25044.1,92.8492,-48.745,-334.744,0,0,0,-2.91423,-1.58648,-2.68501,-2.13075,0,0
0.000106903,0,0,0,1e+09,1e+09,1e+09,0,0,0,0,0,1233,444,1.64359e-07,0,0.292784,-8.66876,0.544409,1.07289,0.162119,-8.42004,-3.05671e+07,-102.272,74.7532,25187.8,94.3252,-0.14776,-922.058,0,0,0,-2.9669,-1.59303,-2.69338,-2.14083,0,0
0.000107051,0,0,0,1e+09,1e+09,1e+09,0,0,0,0,0,1243,444,1.64359e-07,0,0.292783,-8.6663,0.544409,1.0731,0.162117,-8.41541,-2.93449e+07,-40.5033,232.177,25434.6,-42.5496,11.2147,-2060.13,0,0,0,-2.99823,-1.59974,-2.71505,-2.1501,0,0
0.0001072,0,0,0,1e+09,1e+09,1e+09,0,0,0,0,0,1246,444,1.64359e-07,0,0.292782,-8.66391,0.544409,1.07341,0.162116,-8.41021,-2.81121e+07,58.3927,105.247,25385.6,-240.586,-123.38,-2010.49,0,0,0,-3.03913,-1.60574,-2.72915,-2.16185,0,0
0.000107348,0,0,0,1e+09,1e+09,1e+09,0,0,0,0,0,1250,444,1.64359e-07,0,0.292781,-8.66143,0.544409,1.07361,0.162115,-8.40464,-2.68721e+07,-41.6387,28.5566,25785.5,-350.105,-29.5171,-842.166,0,0,0,-3.08968,-1.6116,-2.74291,-2.17176,0,0
0.000107497,0,0,0,1e+09,1e+09,1e+09,0,0,0,0,0,1253,444,1.64359e-07,0,0.292779,-8.65884,0.544409,1.07366,0.162114,-8.39844,-2.56282e+07,142.131,342.711,25559,-26.8369,1.58337,-56.9688,0,0,0,-3.14663,-1.61716,-2.76081,-2.18184,0,0
0.000107645,0,0,0,1e+09,1e+09,1e+09,0,0,0,0,0,1255,444,1.64359e-07,0,0.292778,-8.65621,0.544409,1.07366,0.162112,-8.39195,-2.43831e+07,-120.253,-6.12474,26021.4,0,0,0,0,0,0,-3.21173,-1.62309,-2.77014,-2.19173,0,0
0.000107794,0,0,0,1e+09,1e+09,1e+09,0,0,0,0,0,1258,444,1.64359e-07,0,0.292777,-8.65361,0.54441,1.07366,0.162111,-8.38475,-2.31396e+07,50.5678,249.013,26022.4,0,0,0,0,0,0,-3.2682,-1.62849,-2.78602,-2.19975,0,0
0.000107942,0,0,0,1e+09,1e+09,1e+09,0,0,0,0,0,1263,444,1.64359e-07,0,0.292775,-8.65102,0.54441,1.07365,0.16211,-8.37618,-2.19001e+07,12.0559,396.932,26184.6,0,0,0,0,0,0,-3.32716,-1.63427,-2.80399,-2.21028,0,0
0.000108091,0,0,0,1e+09,1e+09,1e+09,0,0,0,0,0,1263,444,1.64359e-07,0,0.292774,-8.64843,0.54441,1.07365,0.162109,-8.36722,-2.06671e+07,151.741,36.8513,26539.4,0,0,0,0,0,0,-3.39589,-1.64013,-2.81571,-2.22042,0,0
0.000108239,0,0,0,1e+09,1e+09,1e+09,0,0,0,0,0,1270,444,1.64359e-07,0,0.292773,-8.64585,0.54441,1.07365,0.162107,-8.35776,-1.94428e+07,62.0281,252.962,26379,0,0,0,0,0,0,-3.4619,-1.64579,-2.8275,-2.22707,0,0
0.000108388,0,0,0,1e+09,1e+09,1e+09,0,0,0,0,0,1275,444,1.64359e-07,0,0.292772,-8.64325,0.54441,1.07365,0.162106,-8.348,-1.82295e+07,107.955,258.543,26679.4,0,0,0,0,0,0,-3.52243,-1.65178,-2.84132,-2.23635,0,0
0.000108536,0,0,0,1e+09,1e+09,1e+09,0,0,0,0,0,1284,444,1.64359e-07,0,0.29277,-8.64065,0.54441,1.07365,0.162105,-8.3376,-1.70292e+07,-127.614,91.8066,26951,0,0,0,0,0,0,-3.5864,-1.65788,-2.85883,-2.24763,0,0
0.000108685,0,0,0,1e+09,1e+09,1e+09,0,0,0,0,0,1290,444,1.64359e-07,0,0.292769,-8.63804,0.544411,1.07365,0.162104,-8.32649,-1.58443e+07,48.7943,149.584,26911.2,0,0,0,0,0,0,-3.65756,-1.66483,-2.87792,-2.25714,0,0
0.000108833,0,0,0,1e+09,1e+09,1e+09,0,0,0,0,0,1297,444,1.64359e-07,0,0.292768,-8.63543,0.544411,1.07365,0.162102,-8.31518,-1.46767e+07,86.0375,164.763,27120,0,0,0,0,0,0,-3.73928,-1.67109,-2.8825,-2.26617,0,0
0.000108982,0,0,0,1e+09,1e+09,1e+09,0,0,0,0,0,1306,444,1.64359e-07,0,0.292766,-8.63282,0.544411,1.07364,0.162101,-8.30315,-1.35289e+07,31.6461,155.245,27027.6,0,0,0,0,0,0,-3.80091,-1.67727,-2.90153,-2.27752,0,0
0.00010913,0,0,0,1e+09,1e+09,1e+09,0,0,0,0,0,1319,444,1.64359e-07,0,0.292765,-8.63019,0.544411,1.07364,0.1621,-8.29106,-1.2403e+07,7.90873,170.254,27350,0,0,0,0,0,0,-3.85364,-1.68367,-2.92193,-2.28706,0,0
0.000109279,0,0,0,1e+09,1e+09,1e+09,0,0,0,0,0,1323,444,1.64359e-07,0,0.292764,-8.62756,0.544411,1.07364,0.162099,-8.27865,-1.13015e+07,-109.31,12.7836,27280.9,0,0,0,0,0,0,-3.91037,-1.69108,-2.93693,-2.29769,0,0
0.000109427,0,0,0,1e+09,1e+09,1e+09,0,0,0,0,0,1330,444,1.64359e-07,0,0.292763,-8.62491,0.544411,1.07364,0.162098,-8.26584,-1.02267e+07,-7.27161,53.0513,27620.6,0,0,0,0,0,0,-3.97712,-1.69815,-2.94642,-2.30903,0,0
0.000109576,0,0,0,1e+09,1e+09,1e+09,0,0,0,0,0,1336,444,1.64359e-07,0,0.292761,-8.62226,0.544412,1.07364,0.162096,-8.25337,-9.18123e+06,33.1885,125.923,27518.3,0,0,0,0,0,0,-4.03726,-1.7057,-2.96598,-2.31958,0,0
0.000109724,0,0,0,1e+09,1e+09,1e+09,0,0,0,0,0,1339,444,1.64359e-07,0,0.29276,-8.61959,0.544412,1.07364,0.162095,-8.24062,-8.16756e+06,11.9294,23.7596,27491,0,0,0,0,0,0,-4.10458,-1.71299,-2.98015,-2.3297,0,0
0.000109873,0,0,0,1e+09,1e+09,1e+09,0,0,0,0,0,1344,444,1.64359e-07,0,0.292759,-8.61692,0.544412,1.07364,0.162094,-8.22811,-7.18829e+06,-25.4915,-11.0943,27899.1,0,0,0,0,0,0,-4.15847,-1.72065,-2.99846,-2.34165,0,0
0.000110021,0,0,0,1e+09,1e+09,1e+09,0,0,0,0,0,1347,444,1.64359e-07,0,0.292758,-8.61423,0.544412,1.07363,0.162093,-8.21576,-6.24604e+06,31.2099,-92.4211,27412.1,0,0,0,0,0,0,-4.20778,-1.72818,-3.01489,-2.35334,0,0
0.000110169,0,0,0,1e+09,1e+09,1e+09,0,0,0,0,0,1352,444,1.64359e-07,0,0.292756,-8.61154,0.544412,1.07363,0.162091,-8.20317,-5.34342e+06,-57.5878,55.0028,27983.5,0,0,0,0,0,0,-4.25375,-1.73576,-3.02726,-2.36465,0,0
0.000110318,0,0,0,1e+09,1e+09,1e+09,0,0,0,0,0,1357,444,1.64359e-07,0,0.292755,-8.60884,0.544412,1.07363,0.16209,-8.19095,-4.48299e+06,164.927,-156.087,28209.2,0,0,0,0,0,0,-4.29753,-1.74332,-3.0436,-2.37553,0,0
0.000110466,0,0,0,1e+09,1e+09,1e+09,0,0,0,0,0,1359,444,1.64359e-07,0,0.292754,-8.60611,0.544413,1.07363,0.162089,-8.1785,-3.66729e+06,-107.841,-145.613,28091.3,0,0,0,0,0,0,-4.3465,-1.75071,-3.06173,-2.38645,0,0
0.000110615,0,0,0,1e+09,1e+09,1e+09,0,0,0,0,0,1364,444,1.64359e-07,0,0.292752,-8.60337,0.544413,1.07363,0.162088,-8.16658,-2.89878e+06,-18.3878,-260.48,28183,0,0,0,0,0,0,-4.40033,-1.75745,-3.07121,-2.3979,0,0
0.000110763,0,0,0,1e+09,1e+09,1e+09,0,0,0,0,0,1366,444,1.64359e-07,0,0.292751,-8.60061,0.544413,1.07363,0.162087,-8.15524,-2.17981e+06,-34.1754,-161.417,28126,0,0,0,0,0,0,-4.43688,-1.76409,-3.08895,-2.40851,0,0
0.000110912,0,0,0,1e+09,1e+09,1e+09,0,0,0,0,0,1370,444,1.64359e-07,0,0.29275,-8.59782,0.544413,1.07363,0.162085,-8.14399,-1.51261e+06,-39.9498,-333.081,28463.2,0,0,0,0,0,0,-4.46562,-1.77144,-3.10699,-2.41947,0,0
0.00011106,0,0,0,1e+09,1e+09,1e+09,0,0,0,0,0,1379,444,1.64359e-07,0,0.292749,-8.59502,0.544413,1.07362,0.162084,-8.13297,-899284,-17.9988,-179.552,28527.8,0,0,0,0,0,0,-4.49471,-1.77852,-3.11831,-2.43228,0,0
0.000111209,0,0,0,1e+09,1e+09,1e+09,0,0,0,0,0,1388,444,1.64359e-07,0,0.292747,-8.5922,0.544413,1.07362,0.162083,-8.12213,-341779,-64.391,-258.196,28553,0,0,0,0,0,0,-4.51497,-1.78566,-3.13621,-2.44263,0,0
0.000111357,0,0,0,1e+09,1e+09,1e+09,0,0,0,0,0,1397,444,1.64359e-07,0,0.292746,-8.58937,0.544413,1.07362,0.162082,-8.11135,158128,-104.885,-234.906,28695.4,0,0,0,0,0,0,-4.53897,-1.79302,-3.15327,-2.45619,0,0
0.000111506,0,0,0,1e+09,1e+09,1e+09,0,0,0,0,0,1408,444,1.64359e-07,0,0.292745,-8.58652,0.544414,1.07362,0.162081,-8.10092,598839,-272.206,-136.907,28839.2,0,0,0,0,0,0,-4.56132,-1.80068,-3.16989,-2.46781,0,0
0.000111654,0,0,0,1e+09,1e+09,1e+09,0,0,0,0,0,1416,444,1.64359e-07,0,0.292743,-8.58364,0.544414,1.07362,0.162079,-8.09106,978942,139.884,-295.481,28933.9,0,0,0,0,0,0,-4.58035,-1.80846,-3.18466,-2.47779,0,0
0.000111803,0,0,0,1e+09,1e+09,1e+09,0,0,0,0,0,1421,444,1.64359e-07,0,0.292742,-8.58074,0.544414,1.07362,0.162078,-8.08114,1.29722e+06,-95.2281,-58.8023,29208,0,0,0,0,0,0,-4.58375,-1.8163,-3.20306,-2.48964,0,0
0.000111951,0,0,0,1e+09,1e+09,1e+09,0,0,0,0,0,1429,444,1.64359e-07,0,0.292741,-8.57781,0.544414,1.07362,0.162077,-8.07192,1.55267e+06,-73.987,-156.248,29068.1,0,0,0,0,0,0,-4.58553,-1.82457,-3.21794,-2.50219,0,0
0.0001121,0,0,0,1e+09,1e+09,1e+09,0,0,0,0,0,1434,444,1.64359e-07,0,0.29274,-8.57486,0.544414,1.07361,0.162076,-8.06291,1.74448e+06,-112.565,-154.215,29228.6,0,0,0,0,0,0,-4.58861,-1.8329,-3.23255,-2.51377,0,0
0.000112248,0,0,0,1e+09,1e+09,1e+09,0,0,0,0,0,1445,444,1.64359e-07,0,0.292738,-8.57188,0.544414,1.07361,0.162075,-8.05471,1.87205e+06,-75.3729,-104.302,29271,0,0,0,0,0,0,-4.58409,-1.84075,-3.25284,-2.52476,0,0
0.000112397,0,0,0,1e+09,1e+09,1e+09,0,0,0,0,0,1453,444,1.64359e-07,0,0.292737,-8.56889,0.544415,1.07361,0.162073,-8.04622,1.93502e+06,35.1223,-92.7124,29391.2,0,0,0,0,0,0,-4.58102,-1.84873,-3.2651,-2.53625,0,0
0.000112545,0,0,0,1e+09,1e+09,1e+09,0,0,0,0,0,1459,444,1.64359e-07,0,0.292736,-8.56587,0.544415,1.07361,0.162072,-8.03862,1.93321e+06,-92.8479,249.956,29575.3,0,0,0,0,0,0,-4.57085,-1.85732,-3.2811,-2.5472,0,0
0.000112694,0,0,0,1e+09,1e+09,1e+09,0,0,0,0,0,1465,444,1.64359e-07,0,0.292735,-8.56283,0.544415,1.07361,0.162071,-8.0309,1.86668e+06,-104.213,-395.781,29524,0,0,0,0,0,0,-4.55524,-1.86609,-3.29194,-2.55961,0,0
0.000112842,0,0,0,1e+09,1e+09,1e+09,0,0,0,0,0,1472,444,1.64359e-07,0,0.292733,-8.55978,0.544415,1.07361,0.16207,-8.0234,1.73574e+06,42.8612,137.986,30448.3,0,0,0,0,0,0,-4.52033,-1.87475,-3.32246,-2.57262,0,0
0.000112991,0,0,0,1e+09,1e+09,1e+09,0,0,0,0,0,1481,444,1.64359e-07,0,0.292732,-8.5567,0.544415,1.07361,0.162069,-8.01659,1.54087e+06,-48.2295,-99.8632,29850.3,0,0,0,0,0,0,-4.50869,-1.88348,-3.32735,-2.58393,0,0
0.000113139,0,0,0,1e+09,1e+09,1e+09,0,0,0,0,0,1491,444,1.64359e-07,0,0.292731,-8.55361,0.544415,1.0736,0.162067,-8.00994,1.28282e+06,21.7324,-88.5808,29944.3,0,0,0,0,0,0,-4.48479,-1.8925,-3.34603,-2.59612,0,0
0.000113287,0,0,0,1e+09,1e+09,1e+09,0,0,0,0,0,1499,444,1.64359e-07,0,0.292729,-8.55051,0.544416,1.0736,0.162066,-8.00407,962533,-49.2785,159.957,30299.9,0,0,0,0,0,0,-4.45091,-1.90183,-3.36624,-2.60804,0,0
0.000113436,0,0,0,1e+09,1e+09,1e+09,0,0,0,0,0,1511,444,1.64359e-07,0,0.292728,-8.54738,0.544416,1.0736,0.162065,-7.99799,581185,-47.1711,78.903,30246.7,0,0,0,0,0,0,-4.42228,-1.91157,-3.37594,-2.61901,0,0
0.000113584,0,0,0,1e+09,1e+09,1e+09,0,0,0,0,0,1521,444,1.64359e-07,0,0.292727,-8.54425,0.544416,1.0736,0.162064,-7.99247,140160,12.6512,49.9428,30324,0,0,0,0,0,0,-4.38948,-1.92091,-3.39489,-2.63168,0,0
0.000113733,0,0,0,1e+09,1e+09,1e+09,0,0,0,0,0,1537,444,1.64359e-07,0,0.292726,-8.5411,0.544416,1.0736,0.162063,-7.98684,-358948,-60.8124,139.977,30903.4,0,0,0,0,0,0,-4.36297,-1.92997,-3.41082,-2.64459,0,0
0.000113881,0,0,0,1e+09,1e+09,1e+09,0,0,0,0,0,1543,444,1.64359e-07,0,0.292724,-8.53792,0.544416,1.0736,0.162061,-7.98209,-914347,-94.7208,25.967,30728.3,0,0,0,0,0,0,-4.33126,-1.93947,-3.42582,-2.65526,0,0
0.00011403,0,0,0,1e+09,1e+09,1e+09,0,0,0,0,0,1551,444,1.64359e-07,0,0.292723,-8.53473,0.544416,1.07359,0.16206,-7.97752,-1.52405e+06,101.392,97.8938,30111.2,0,0,0,0,0,0,-4.29171,-1.94902,-3.44673,-2.6694,0,0
0.000114178,0,0,0,1e+09,1e+09,1e+09,0,0,0,0,0,1555,444,1.64359e-07,0,0.292722,-8.53152,0.544416,1.07359,0.162059,-7.97316,-2.18589e+06,17.5493,-33.1085,30866.8,0,0,0,0,0,0,-4.26201,-1.95829,-3.45979,-2.6827,0,0
0.000114327,0,0,0,1e+09,1e+09,1e+09,0,0,0,0,0,1558,444,1.64359e-07,0,0.292721,-8.5283,0.544417,1.07359,0.162058,-7.96962,-2.89753e+06,-21.267,140.361,30887.6,0,0,0,0,0,0,-4.23921,-1.96711,-3.47602,-2.6951,0,0
0.000114475,0,0,0,1e+09,1e+09,1e+09,0,0,0,0,0,1565,444,1.64359e-07,0,0.292719,-8.52506,0.544417,1.07359,0.162057,-7.96591,-3.65646e+06,15.586,202.266,30780.2,0,0,0,0,0,0,-4.21096,-1.97627,-3.49422,-2.70988,0,0
0.000114624,0,0,0,1e+09,1e+09,1e+09,0,0,0,0,0,1572,444,1.64359e-07,0,0.292718,-8.5218,0.544417,1.07359,0.162055,-7.96301,-4.46001e+06,52.6515,196.828,30930.3,0,0,0,0,0,0,-4.17978,-1.98554,-3.50885,-2.7213,0,0
0.000114772,0,0,0,1e+09,1e+09,1e+09,0,0,0,0,0,1580,444,1.64359e-07,0,0.292717,-8.51851,0.544417,1.07359,0.162054,-7.9605,-5.30538e+06,76.9527,234.144,31045.7,0,0,0,0,0,0,-4.14891,-1.99466,-3.5252,-2.73265,0,0
0.000114921,0,0,0,1e+09,1e+09,1e+09,0,0,0,0,0,1587,444,1.64359e-07,0,0.292716,-8.5152,0.544417,1.07359,0.162053,-7.95881,-6.18962e+06,62.7881,194.804,30707,0,0,0,0,0,0,-4.12386,-2.00383,-3.54075,-2.7474,0,0
0.000115069,0,0,0,1e+09,1e+09,1e+09,0,0,0,0,0,1595,444,1.64359e-07,0,0.292714,-8.51186,0.544417,1.07358,0.162052,-7.957,-7.10964e+06,60.6391,398.789,31048.2,0,0,0,0,0,0,-4.10198,-2.01325,-3.55734,-2.75694,0,0
0.000115218,0,0,0,1e+09,1e+09,1e+09,0,0,0,0,0,1599,444,1.64359e-07,0,0.292713,-8.50849,0.544418,1.07358,0.162051,-7.95598,-8.06223e+06,149.867,202.566,31543.2,0,0,0,0,0,0,-4.07807,-2.02257,-3.5742,-2.76869,0,0
0.000115366,0,0,0,1e+09,1e+09,1e+09,0,0,0,0,0,1607,444,1.64359e-07,0,0.292712,-8.5051,0.544418,1.07358,0.16205,-7.95512,-9.04404e+06,22.4621,211.003,30936,0,0,0,0,0,0,-4.05283,-2.03119,-3.59043,-2.78199,0,0
0.000115515,0,0,0,1e+09,1e+09,1e+09,0,0,0,0,0,1617,444,1.64359e-07,0,0.29271,-8.50169,0.544418,1.07358,0.162048,-7.95407,-1.00516e+07,123.208,245.755,31198.3,0,0,0,0,0,0,-4.02971,-2.04077,-3.60397,-2.79369,0,0
0.000115663,0,0,0,1e+09,1e+09,1e+09,0,0,0,0,0,1625,444,1.64359e-07,0,0.292709,-8.49826,0.544418,1.07358,0.162047,-7.95378,-1.10814e+07,-68.0637,240.978,32169.3,0,0,0,0,0,0,-4.00179,-2.05054,-3.62711,-2.80472,0,0
0.000115812,0,0,0,1e+09,1e+09,1e+09,0,0,0,0,0,1633,444,1.64359e-07,0,0.292708,-8.49479,0.544418,1.07358,0.162046,-7.95316,-1.21297e+07,100.612,218.239,31674.7,0,0,0,0,0,0,-3.99102,-2.05972,-3.63627,-2.81684,0,0
0.00011596,0,0,0,1e+09,1e+09,1e+09,0,0,0,0,0,1647,444,1.64359e-07,0,0.292707,-8.49129,0.544418,1.07358,0.162045,-7.95286,-1.31927e+07,-11.2071,260.999,32014,0,0,0,0,0,0,-3.98252,-2.06869,-3.64949,-2.82933,0,0
0.000116109,0,0,0,1e+09,1e+09,1e+09,0,0,0,0,0,1656,444,1.64359e-07,0,0.292705,-8.48776,0.544419,1.07357,0.162044,-7.95349,-1.42664e+07,84.2612,274.126,32367.7,0,0,0,0,0,0,-3.96412,-2.07811,-3.67134,-2.84044,0,0
0.000116257,0,0,0,1e+09,1e+09,1e+09,0,0,0,0,0,1662,444,1.64359e-07,0,0.292704,-8.4842,0.544419,1.07357,0.162043,-7.95389,-1.5347e+07,-119.127,329.714,32202.8,0,0,0,0,0,0,-3.95794,-2.08801,-3.68698,-2.85486,0,0
0.000116405,0,0,0,1e+09,1e+09,1e+09,0,0,0,0,0,1667,444,1.64359e-07,0,0.292703,-8.48061,0.544419,1.07357,0.162041,-7.95461,-1.64303e+07,-51.7411,115.982,32505.1,0,0,0,0,0,0,-3.95436,-2.09835,-3.70496,-2.86691,0,0
0.000116554,0,0,0,1e+09,1e+09,1e+09,0,0,0,0,0,1673,444,1.64359e-07,0,0.292702,-8.477,0.544419,1.07357,0.16204,-7.9553,-1.75122e+07,-41.5573,244.368,32404.7,0,0,0,0,0,0,-3.95802,-2.10782,-3.7211,-2.87982,0,0
0.000116702,0,0,0,1e+09,1e+09,1e+09,0,0,0,0,0,1684,444,1.64359e-07,0,0.2927,-8.47338,0.544419,1.07357,0.162039,-7.95639,-1.85886e+07,46.9743,567.844,32520.7,0,0,0,0,0,0,-3.95317,-2.11632,-3.74422,-2.8925,0,0
0.000116851,0,0,0,1e+09,1e+09,1e+09,0,0,0,0,0,1687,444,1.64359e-07,0,0.292699,-8.46974,0.544419,1.07357,0.162038,-7.95696,-1.9655e+07,89.9202,268.463,32400.3,0,0,0,0,0,0,-3.96788,-2.12513,-3.75145,-2.90498,0,0
0.000116999,0,0,0,1e+09,1e+09,1e+09,0,0,0,0,0,1697,444,1.64359e-07,0,0.292698,-8.46609,0.54442,1.07357,0.162037,-7.95762,-2.07075e+07,-2.81972,527.207,32966.8,0,0,0,0,0,0,-3.97259,-2.13373,-3.77854,-2.91658,0,0
0.000117148,0,0,0,1e+09,1e+09,1e+09,0,0,0,0,0,1706,444,1.64359e-07,0,0.292697,-8.46243,0.54442,1.07356,0.162035,-7.95825,-2.17417e+07,66.7224,251.511,32676.9,0,0,0,0,0,0,-3.99484,-2.14293,-3.79745,-2.93042,0,0
0.000117296,0,0,0,1e+09,1e+09,1e+09,0,0,0,0,0,1712,444,1.64359e-07,0,0.292695,-8.45876,0.54442,1.07356,0.162034,-7.95865,-2.27535e+07,222.342,376.009,32970.2,0,0,0,0,0,0,-4.02697,-2.15197,-3.80932,-2.94401,0,0
0.000117445,0,0,0,1e+09,1e+09,1e+09,0,0,0,0,0,1721,444,1.64359e-07,0,0.292694,-8.45507,0.54442,1.07356,0.162033,-7.95922,-2.37388e+07,30.9588,387.488,32750.2,0,0,0,0,0,0,-4.04687,-2.16063,-3.82888,-2.95626,0,0
0.000117593,0,0,0,1e+09,1e+09,1e+09,0,0,0,0,0,1728,444,1.64359e-07,0,0.292693,-8.45138,0.54442,1.07356,0.162032,-7.95964,-2.46937e+07,32.1092,553.846,33304,0,0,0,0,0,0,-4.07038,-2.16897,-3.84725,-2.96916,0,0
0.000117742,0,0,0,1e+09,1e+09,1e+09,0,0,0,0,0,1735,444,1.64359e-07,0,0.292692,-8.44768,0.54442,1.07356,0.162031,-7.96025,-2.56144e+07,169.18,429.116,33254.3,0,0,0,0,0,0,-4.10503,-2.17755,-3.86594,-2.98094,0,0
0.00011789,0,0,0,1e+09,1e+09,1e+09,0,0,0,0,0,1740,444,1.64359e-07,0,0.29269,-8.44398,0.54442,1.07356,0.16203,-7.95959,-2.64972e+07,3.52556,429.419,33433.1,0,0,0,0,0,0,-4.15414,-2.18599,-3.88188,-2.99417,0,0
0.000118039,0,0,0,1e+09,1e+09,1e+09,0,0,0,0,0,1748,444,1.64359e-07,0,0.292689,-8.44027,0.544421,1.07356,0.162028,-7.96,-2.73388e+07,92.0276,533.34,33726.4,0,0,0,0,0,0,-4.19666,-2.19423,-3.90265,-3.00564,0,0
0.000118187,0,0,0,1e+09,1e+09,1e+09,0,0,0,0,0,1755,444,1.64359e-07,0,0.292688,-8.43656,0.544421,1.07355,0.162027,-7.95913,-2.8136e+07,267.229,281.537,33267,0,0,0,0,0,0,-4.23917,-2.20234,-3.91854,-3.01786,0,0
0.000118336,0,0,0,1e+09,1e+09,1e+09,0,0,0,0,0,1755,444,1.64359e-07,0,0.292687,-8.43284,0.544421,1.07355,0.162026,-7.9577,-2.88859e+07,-3.45802,675.665,34124.2,0,0,0,0,0,0,-4.28495,-2.21014,-3.93406,-3.03083,0,0
0.000118484,0,0,0,1e+09,1e+09,1e+09,0,0,0,0,0,1761,444,1.64359e-07,0,0.292685,-8.42912,0.544421,1.07355,0.162025,-7.95645,-2.9586e+07,-3.36948,279.141,34220.5,0,0,0,0,0,0,-4.33752,-2.21768,-3.95617,-3.04207,0,0
0.000118633,0,0,0,1e+09,1e+09,1e+09,0,0,0,0,0,1767,444,1.64359e-07,0,0.292684,-8.42538,0.544421,1.07355,0.162024,-7.95484,-3.02339e+07,142.491,441.594,33900.1,0,0,0,0,0,0,-4.40647,-2.22514,-3.96846,-3.05542,0,0
0.000118781,0,0,0,1e+09,1e+09,1e+09,0,0,0,0,0,1775,444,1.64359e-07,0,0.292683,-8.42163,0.544421,1.07355,0.162022,-7.95275,-3.08279e+07,135.254,315.014,34322.7,0,0,0,0,0,0,-4.46828,-2.23323,-3.98506,-3.06519,0,0
0.00011893,0,0,0,1e+09,1e+09,1e+09,0,0,0,0,0,1777,444,1.64359e-07,0,0.292682,-8.41784,0.544422,1.07355,0.162021,-7.95088,-3.13662e+07,152.578,464.66,34607.3,0,0,0,0,0,0,-4.52239,-2.2411,-4.00821,-3.07844,0,0
0.000119078,0,0,0,1e+09,1e+09,1e+09,0,0,0,0,0,1785,444,1.64359e-07,0,0.29268,-8.41403,0.544422,1.07355,0.16202,-7.94858,-3.18477e+07,-12.6112,260.369,34442.9,0,0,0,0,0,0,-4.59296,-2.24936,-4.01765,-3.09122,0,0
0.000119227,0,0,0,1e+09,1e+09,1e+09,0,0,0,0,0,1790,444,1.64359e-07,0,0.292679,-8.4102,0.544422,1.07354,0.162019,-7.9465,-3.22715e+07,270.124,360.519,34418.4,0,0,0,0,0,0,-4.65939,-2.25726,-4.04257,-3.10417,0,0
0.000119375,0,0,0,1e+09,1e+09,1e+09,0,0,0,0,0,1795,444,1.64359e-07,0,0.292678,-8.40635,0.544422,1.07354,0.162018,-7.94385,-3.2637e+07,-184.316,506.72,35020,0,0,0,0,0,0,-4.73425,-2.26518,-4.05887,-3.11668,0,0
0.000119523,0,0,0,1e+09,1e+09,1e+09,0,0,0,0,0,1802,444,1.64359e-07,0,0.292677,-8.40248,0.544422,1.07354,0.162017,-7.94088,-3.29439e+07,-22.6392,163.383,34779.5,0,0,0,0,0,0,-4.80046,-2.27362,-4.07866,-3.12922,0,0
0.000119672,0,0,0,1e+09,1e+09,1e+09,0,0,0,0,0,1809,444,1.64359e-07,0,0.292675,-8.39859,0.544422,1.07354,0.162015,-7.93749,-3.31922e+07,194.67,317.65,34891,0,0,0,0,0,0,-4.86159,-2.28146,-4.09682,-3.14174,0,0
0.00011982,0,0,0,1e+09,1e+09,1e+09,0,0,0,0,0,1814,444,1.64359e-07,0,0.292674,-8.39469,0.544423,1.07354,0.162014,-7.93462,-3.33823e+07,-238.026,393.063,35038.9,0,0,0,0,0,0,-4.92353,-2.2895,-4.11579,-3.15593,0,0
0.000119969,0,0,0,1e+09,1e+09,1e+09,0,0,0,0,0,1821,444,1.64359e-07,0,0.292673,-8.39078,0.544423,1.07354,0.162013,-7.93081,-3.35145e+07,21.6625,399.461,35522.8,0,0,0,0,0,0,-4.99407,-2.2974,-4.13278,-3.1687,0,0
0.000120117,0,0,0,1e+09,1e+09,1e+09,0,0,0,0,0,1826,687,2.57439e-07,0,0.292672,-8.38684,0.544423,1.07354,0.162012,-7.92708,-3.35894e+07,-145.376,466.581,35595.8,0,0,0,0,0,0,-5.05426,-2.30568,-4.15526,-3.18184,0,0
0.000120266,0,0,0,1e+09,1e+09,1e+09,0,0,0,0,0,1831,687,2.57439e-07,0,0.29267,-8.38288,0.544423,1.07353,0.162011,-7.92383,-3.36077e+07,-120.43,413.708,35700.9,0,0,0,0,0,0,-5.10833,-2.31441,-4.17459,-3.19461,0,0
0.000120414,0,0,0,1e+09,1e+09,1e+09,0,0,0,0,0,1842,687,2.57439e-07,0,0.292669,-8.3789,0.544423,1.07353,0.162009,-7.92017,-3.35703e+07,-263.913,289.939,35180.7,0,0,0,0,0,0,-5.16662,-2.32321,-4.19195,-3.21332,0,0
0.000120563,0,0,0,1e+09,1e+09,1e+09,0,0,0,0,0,1851,687,2.57439e-07,0,0.292668,-8.37491,0.544423,1.07353,0.162008,-7.91693,-3.34779e+07,-83.3907,278.293,35920.8,0,0,0,0,0,0,-5.21689,-2.33201,-4.21713,-3.22636,0,0
0.000120711,0,0,0,1e+09,1e+09,1e+09,0,0,0,0,0,1853,687,2.57439e-07,0,0.292667,-8.3709,0.544424,1.07353,0.162007,-7.91364,-3.33315e+07,-295.279,618.939,35713.4,0,0,0,0,0,0,-5.27232,-2.34068,-4.2317,-3.24207,0,0
0.00012086,0,0,0,1e+09,1e+09,1e+09,0,0,0,0,0,1858,687,2.57439e-07,0,0.292665,-8.36688,0.544424,1.07353,0.162006,-7.9102,-3.31317e+07,-336.279,-17.0439,35862.9,0,0,0,0,0,0,-5.30403,-2.34934,-4.2587,-3.25739,0,0
0.000121008,0,0,0,1e+09,1e+09,1e+09,0,0,0,0,0,1868,687,2.57439e-07,0,0.292664,-8.36285,0.544424,1.07353,0.162005,-7.90692,-3.28793e+07,-259.66,524.051,35894.1,0,0,0,0,0,0,-5.3457,-2.35848,-4.27661,-3.27302,0,0
0.000121157,0,0,0,1e+09,1e+09,1e+09,0,0,0,0,0,1878,687,2.57439e-07,0,0.292663,-8.3588,0.544424,1.07353,0.162004,-7.90334,-3.25748e+07,-192.037,357.316,36031.4,0,0,0,0,0,0,-5.38905,-2.36769,-4.29452,-3.28617,0,0
0.000121305,0,0,0,1e+09,1e+09,1e+09,0,0,0,0,0,1884,687,2.57439e-07,0,0.292662,-8.35475,0.544424,1.07352,0.162002,-7.89987,-3.2219e+07,-245.351,373.977,35821.7,0,0,0,0,0,0,-5.43082,-2.37714,-4.31491,-3.30119,0,0
0.000121454,0,0,0,1e+09,1e+09,1e+09,0,0,0,0,0,1898,687,2.57439e-07,0,0.29266,-8.35068,0.544424,1.07352,0.162001,-7.89616,-3.18121e+07,-368.304,378.562,36553.2,0,0,0,0,0,0,-5.4604,-2.38655,-4.33724,-3.31847,0,0
0.000121602,0,0,0,1e+09,1e+09,1e+09,0,0,0,0,0,1909,687,2.57439e-07,0,0.292659,-8.34662,0.544424,1.07352,0.162,-7.89239,-3.13546e+07,-15.7712,464.305,36280.6,0,0,0,0,0,0,-5.48739,-2.39535,-4.3544,-3.33153,0,0
0.000121751,0,0,0,1e+09,1e+09,1e+09,0,0,0,0,0,1918,687,2.57439e-07,0,0.292658,-8.34256,0.544425,1.07352,0.161999,-7.88804,-3.08467e+07,-383.793,511.843,36497.4,0,0,0,0,0,0,-5.50217,-2.40438,-4.37709,-3.34314,0,0
0.000121899,0,0,0,1e+09,1e+09,1e+09,0,0,0,0,0,1928,687,2.57439e-07,0,0.292657,-8.3385,0.544425,1.07352,0.161998,-7.884,-3.02886e+07,-324.127,418.095,37012.1,0,0,0,0,0,0,-5.51636,-2.41385,-4.39894,-3.35969,0,0
0.000122048,0,0,0,1e+09,1e+09,1e+09,0,0,0,0,0,1934,687,2.57439e-07,0,0.292655,-8.33442,0.544425,1.07352,0.161997,-7.87966,-2.96805e+07,-393.754,298.285,36995,0,0,0,0,0,0,-5.53699,-2.42283,-4.41544,-3.37343,0,0
0.000122196,0,0,0,1e+09,1e+09,1e+09,0,0,0,0,0,1941,687,2.57439e-07,0,0.292654,-8.33033,0.544425,1.07351,0.161995,-7.87558,-2.90225e+07,-215.394,550.737,36870.3,0,0,0,0,0,0,-5.55378,-2.43182,-4.43398,-3.38632,0,0
0.000122345,0,0,0,1e+09,1e+09,1e+09,0,0,0,0,0,1948,687,2.57439e-07,0,0.292653,-8.32623,0.544425,1.07351,0.161994,-7.87157,-2.83149e+07,-337.587,201.432,37172,0,0,0,0,0,0,-5.5604,-2.44142,-4.45588,-3.4013,0,0
0.000122493,0,0,0,1e+09,1e+09,1e+09,0,0,0,0,0,1953,687,2.57439e-07,0,0.292652,-8.32213,0.544425,1.07351,0.161993,-7.86705,-2.7558e+07,-102.944,435.064,37345.5,0,0,0,0,0,0,-5.55913,-2.4509,-4.47964,-3.41568,0,0
0.000122641,0,0,0,1e+09,1e+09,1e+09,0,0,0,0,0,1962,687,2.57439e-07,0,0.292651,-8.31801,0.544426,1.07351,0.161992,-7.86317,-2.67519e+07,-345.474,255.959,37424.6,0,0,0,0,0,0,-5.55377,-2.46085,-4.50507,-3.43091,0,0
0.00012279,0,0,0,1e+09,1e+09,1e+09,0,0,0,0,0,1969,687,2.57439e-07,0,0.292649,-8.31388,0.544426,1.07351,0.161991,-7.85924,-2.58973e+07,-331.519,193.335,37033.7,0,0,0,0,0,0,-5.56051,-2.46981,-4.51654,-3.44683,0,0
0.000122938,0,0,0,1e+09,1e+09,1e+09,0,0,0,0,0,1976,687,2.57439e-07,0,0.292648,-8.30973,0.544426,1.07351,0.16199,-7.85536,-2.49946e+07,-58.1347,633.26,37962.8,0,0,0,0,0,0,-5.54552,-2.47883,-4.54603,-3.46003,0,0
0.000123087,0,0,0,1e+09,1e+09,1e+09,0,0,0,0,0,1980,687,2.57439e-07,0,0.292647,-8.30558,0.544426,1.07351,0.161988,-7.85149,-2.40449e+07,-304.598,371.093,37658.7,0,0,0,0,0,0,-5.54673,-2.48842,-4.55772,-3.47387,0,0
0.000123235,0,0,0,1e+09,1e+09,1e+09,0,0,0,0,0,1987,687,2.57439e-07,0,0.292646,-8.30142,0.544426,1.0735,0.161987,-7.84753,-2.30489e+07,30.4629,307.521,37614.2,0,0,0,0,0,0,-5.54976,-2.49794,-4.5761,-3.49082,0,0
0.000123384,0,0,0,1e+09,1e+09,1e+09,0,0,0,0,0,1993,687,2.57439e-07,0,0.292644,-8.29723,0.544426,1.0735,0.161986,-7.84469,-2.20081e+07,-111.959,387.428,38203,0,0,0,0,0,0,-5.54318,-2.50802,-4.60501,-3.50212,0,0
0.000123532,0,0,0,1e+09,1e+09,1e+09,0,0,0,0,0,1998,687,2.57439e-07,0,0.292643,-8.29304,0.544427,1.0735,0.161985,-7.84132,-2.09239e+07,-425.741,316.186,38131.5,0,0,0,0,0,0,-5.5438,-2.5178,-4.61984,-3.52036,0,0
0.000123681,0,0,0,1e+09,1e+09,1e+09,0,0,0,0,0,2007,687,2.57439e-07,0,0.292642,-8.28884,0.544427,1.0735,0.161984,-7.83791,-1.9798e+07,211.902,254.843,38307.3,0,0,0,0,0,0,-5.52015,-2.5275,-4.64673,-3.53503,0,0
0.000123829,0,0,0,1e+09,1e+09,1e+09,0,0,0,0,0,2017,687,2.57439e-07,0,0.292641,-8.28464,0.544427,1.0735,0.161983,-7.8348,-1.86326e+07,-280.732,310.787,38315.5,0,0,0,0,0,0,-5.50796,-2.53714,-4.66249,-3.54922,0,0
0.000123978,0,0,0,1e+09,1e+09,1e+09,0,0,0,0,0,2028,687,2.57439e-07,0,0.292639,-8.28043,0.544427,1.0735,0.161981,-7.83107,-1.74298e+07,195.378,184.502,37937.2,0,0,0,0,0,0,-5.50231,-2.54701,-4.68534,-3.56728,0,0
0.000124126,0,0,0,1e+09,1e+09,1e+09,0,0,0,0,0,2037,687,2.57439e-07,0,0.292638,-8.27621,0.544427,1.0735,0.16198,-7.82791,-1.61924e+07,-120.558,225.531,39220.2,0,0,0,0,0,0,-5.4935,-2.55748,-4.71101,-3.58337,0,0
0.000124275,0,0,0,1e+09,1e+09,1e+09,0,0,0,0,0,2048,687,2.57439e-07,0,0.292637,-8.27197,0.544427,1.07349,0.161979,-7.8247,-1.49231e+07,-84.8421,235.262,38697.9,0,0,0,0,0,0,-5.48051,-2.56827,-4.73443,-3.59809,0,0
0.000124423,0,0,0,1e+09,1e+09,1e+09,0,0,0,0,0,2058,687,2.57439e-07,0,0.292636,-8.26772,0.544427,1.07349,0.161978,-7.82155,-1.36251e+07,112.96,277.271,38332.2,0,0,0,0,0,0,-5.46921,-2.57836,-4.7519,-3.6157,0,0
0.000124572,0,0,0,1e+09,1e+09,1e+09,0,0,0,0,0,2072,687,2.57439e-07,0,0.292635,-8.26345,0.544428,1.07349,0.161977,-7.81902,-1.23018e+07,-154.692,45.8147,38865.7,0,0,0,0,0,0,-5.45995,-2.589,-4.77074,-3.63042,0,0
0.00012472,0,0,0,1e+09,1e+09,1e+09,0,0,0,0,0,2080,687,2.57439e-07,0,0.292633,-8.25918,0.544428,1.07349,0.161976,-7.816,-1.09568e+07,-98.7814,225.943,39411.4,0,0,0,0,0,0,-5.43747,-2.59995,-4.80309,-3.6471,0,0
0.000124869,0,0,0,1e+09,1e+09,1e+09,0,0,0,0,0,2093,687,2.57439e-07,0,0.292632,-8.25489,0.544428,1.07349,0.161974,-7.81337,-9.59399e+06,213.5,107.319,38933.8,0,0,0,0,0,0,-5.42808,-2.61084,-4.82376,-3.66652,0,0
0.000125017,0,0,0,1e+09,1e+09,1e+09,0,0,0,0,0,2099,687,2.57439e-07,0,0.292631,-8.25061,0.544428,1.07349,0.161973,-7.81048,-8.21739e+06,-7.55669,-1.29399,39161.5,0,0,0,0,0,0,-5.42448,-2.62199,-4.84056,-3.68026,0,0
0.000125166,0,0,0,1e+09,1e+09,1e+09,0,0,0,0,0,2107,687,2.57439e-07,0,0.29263,-8.24633,0.544428,1.07349,0.161972,-7.80819,-6.83125e+06,15.4564,-113.75,39235.3,0,0,0,0,0,0,-5.41063,-2.63297,-4.86829,-3.69892,0,0
0.000125314,0,0,0,1e+09,1e+09,1e+09,0,0,0,0,0,2117,687,2.57439e-07,0,0.292628,-8.24205,0.544428,1.07348,0.161971,-7.80537,-5.43992e+06,236.648,155.692,38805.4,0,0,0,0,0,0,-5.41333,-2.64353,-4.88717,-3.7146,0,0
0.000125463,0,0,0,1e+09,1e+09,1e+09,0,0,0,0,0,2131,687,2.57439e-07,0,0.292627,-8.23777,0.544429,1.07348,0.16197,-7.80252,-4.04789e+06,-39.5043,-187.657,39538.9,0,0,0,0,0,0,-5.41885,-2.65457,-4.90743,-3.73184,0,0
0.000125611,0,0,0,1e+09,1e+09,1e+09,0,0,0,0,0,2138,687,2.57439e-07,0,0.292626,-8.23348,0.544429,1.07348,0.161969,-7.79993,-2.65969e+06,360.964,-77.8341,39402,0,0,0,0,0,0,-5.42027,-2.66603,-4.93542,-3.74895,0,0
0.000125759,0,0,0,1e+09,1e+09,1e+09,0,0,0,0,0,2145,687,2.57439e-07,0,0.292625,-8.2292,0.544429,1.07348,0.161967,-7.79696,-1.27989e+06,134.879,150.733,39268.6,0,0,0,0,0,0,-5.43372,-2.67759,-4.94424,-3.76436,0,0
0.000125908,0,0,0,1e+09,1e+09,1e+09,0,0,0,0,0,2154,687,2.57439e-07,0,0.292624,-8.22491,0.544429,1.07348,0.161966,-7.79393,86945.4,327.117,-182.168,39890.6,0,0,0,0,0,0,-5.42627,-2.68904,-4.97149,-3.78063,0,0
0.000126056,0,0,0,1e+09,1e+09,1e+09,0,0,0,0,0,2156,687,2.57439e-07,0,0.292622,-8.22063,0.544429,1.07348,0.161965,-7.79105,1.43629e+06,115.883,134.324,39671,0,0,0,0,0,0,-5.43347,-2.70027,-4.99359,-3.79662,0,0
0.000126205,0,0,0,1e+09,1e+09,1e+09,0,0,0,0,0,2160,687,2.57439e-07,0,0.292621,-8.21633,0.544429,1.07348,0.161964,-7.78774,2.76371e+06,35.1018,-214.636,39973.7,0,0,0,0,0,0,-5.45775,-2.71128,-5.01195,-3.81221,0,0
0.000126353,0,0,0,1e+09,1e+09,1e+09,0,0,0,0,0,2167,687,2.57439e-07,0,0.29262,-8.21203,0.54443,1.07347,0.161963,-7.78424,4.06488e+06,257.882,-19.6001,39500.9,0,0,0,0,0,0,-5.47602,-2.72194,-5.0363,-3.83029,0,0
0.000126502,0,0,0,1e+09,1e+09,1e+09,0,0,0,0,0,2174,687,2.57439e-07,0,0.292619,-8.20772,0.54443,1.07347,0.161962,-7.78084,5.33562e+06,216.778,204.272,40260.8,0,0,0,0,0,0,-5.49147,-2.73286,-5.05493,-3.84488,0,0
0.00012665,0,0,0,1e+09,1e+09,1e+09,0,0,0,0,0,2180,687,2.57439e-07,0,0.292617,-8.20339,0.54443,1.07347,0.161961,-7.77702,6.5719e+06,-27.6284,-210.512,40554.2,0,0,0,0,0,0,-5.49965,-2.74427,-5.07762,-3.8636,0,0
0.000126799,0,0,0,1e+09,1e+09,1e+09,0,0,0,0,0,2188,687,2.57439e-07,0,0.292616,-8.19906,0.54443,1.07347,0.161959,-7.77355,7.76989e+06,176.417,-142.768,39903.5,0,0,0,0,0,0,-5.52153,-2.75564,-5.09656,-3.8786,0,0
0.000126947,0,0,0,1e+09,1e+09,1e+09,0,0,0,0,0,2194,687,2.57439e-07,0,0.292615,-8.19472,0.54443,1.07347,0.161958,-7.76936,8.92596e+06,186.165,-53.5769,40625.1,0,0,0,0,0,0,-5.55112,-2.76675,-5.11955,-3.89329,0,0
0.000127096,0,0,0,1e+09,1e+09,1e+09,0,0,0,0,0,2200,687,2.57439e-07,0,0.292614,-8.19039,0.54443,1.07347,0.161957,-7.76509,1.00367e+07,55.2078,-332.951,40417.7,0,0,0,0,0,0,-5.57346,-2.77766,-5.1447,-3.9124,0,0
0.000127244,0,0,0,1e+09,1e+09,1e+09,0,0,0,0,0,2203,687,2.57439e-07,0,0.292613,-8.18605,0.544431,1.07347,0.161956,-7.76032,1.10988e+07,117.693,-179.776,40651.7,0,0,0,0,0,0,-5.59774,-2.78801,-5.16221,-3.92434,0,0
0.000127393,0,0,0,1e+09,1e+09,1e+09,0,0,0,0,0,2213,687,2.57439e-07,0,0.292611,-8.18171,0.544431,1.07346,0.161955,-7.7554,1.21093e+07,168.461,-427.833,40699,0,0,0,0,0,0,-5.61696,-2.79862,-5.18825,-3.94296,0,0
0.000127541,0,0,0,1e+09,1e+09,1e+09,0,0,0,0,0,2217,687,2.57439e-07,0,0.29261,-8.17737,0.544431,1.07346,0.161954,-7.74989,1.30654e+07,244.599,-298.83,41111.6,0,0,0,0,0,0,-5.65504,-2.80935,-5.20765,-3.95766,0,0
0.00012769,0,0,0,1e+09,1e+09,1e+09,0,0,0,0,0,2230,687,2.57439e-07,0,0.292609,-8.17301,0.544431,1.07346,0.161952,-7.74458,1.39646e+07,33.8268,-245.423,41224.3,0,0,0,0,0,0,-5.69807,-2.81952,-5.22734,-3.97266,0,0
0.000127838,0,0,0,1e+09,1e+09,1e+09,0,0,0,0,0,2242,687,2.57439e-07,0,0.292608,-8.16865,0.544431,1.07346,0.161951,-7.73873,1.48043e+07,291.673,-477.984,40895.1,0,0,0,0,0,0,-5.73275,-2.83017,-5.25057,-3.98705,0,0
0.000127987,0,0,0,1e+09,1e+09,1e+09,0,0,0,0,0,2251,687,2.57439e-07,0,0.292606,-8.1643,0.544431,1.07346,0.16195,-7.73265,1.55824e+07,129.56,-285.023,40926.4,0,0,0,0,0,0,-5.76144,-2.84169,-5.27288,-4.00032,0,0
0.000128135,0,0,0,1e+09,1e+09,1e+09,0,0,0,0,0,2258,687,2.57439e-07,0,0.292605,-8.15994,0.544431,1.07346,0.161949,-7.72634,1.62969e+07,176.727,-73.2105,41280.3,0,0,0,0,0,0,-5.7972,-2.85367,-5.28886,-4.01474,0,0
0.000128284,0,0,0,1e+09,1e+09,1e+09,0,0,0,0,0,2265,687,2.57439e-07,0,0.292604,-8.15558,0.544432,1.07346,0.161948,-7.71909,1.6946e+07,368.154,-382.362,41373.3,0,0,0,0,0,0,-5.83274,-2.86551,-5.31008,-4.03216,0,0
0.000128432,0,0,0,1e+09,1e+09,1e+09,0,0,0,0,0,2275,687,2.57439e-07,0,0.292603,-8.15122,0.544432,1.07345,0.161947,-7.71218,1.75282e+07,206.621,-196.941,41757.1,0,0,0,0,0,0,-5.8711,-2.87691,-5.3361,-4.04537,0,0
0.000128581,0,0,0,1e+09,1e+09,1e+09,0,0,0,0,0,2281,687,2.57439e-07,0,0.292602,-8.14686,0.544432,1.07345,0.161946,-7.70485,1.80421e+07,174.63,-309.187,41746.1,0,0,0,0,0,0,-5.9219,-2.88818,-5.35781,-4.06479,0,0
0.000128729,0,0,0,1e+09,1e+09,1e+09,0,0,0,0,0,2289,687,2.57439e-07,0,0.2926,-8.14249,0.544432,1.07345,0.161944,-7.69724,1.84866e+07,331.355,-208.921,41821.2,0,0,0,0,0,0,-5.96102,-2.90009,-5.3804,-4.0775,0,0
0.000128877,0,0,0,1e+09,1e+09,1e+09,0,0,0,0,0,2298,687,2.57439e-07,0,0.292599,-8.13812,0.544432,1.07345,0.161943,-7.68963,1.8861e+07,282.772,-247,42428.9,0,0,0,0,0,0,-5.9869,-2.91208,-5.40811,-4.09582,0,0
0.000129026,0,0,0,1e+09,1e+09,1e+09,0,0,0,0,0,2305,687,2.57439e-07,0,0.292598,-8.13373,0.544432,1.07345,0.161942,-7.68153,1.91645e+07,150.464,-91.6258,42454.8,0,0,0,0,0,0,-6.02308,-2.92349,-5.42318,-4.11276,0,0
0.000129174,0,0,0,1e+09,1e+09,1e+09,0,0,0,0,0,2310,687,2.57439e-07,0,0.292597,-8.12933,0.544433,1.07345,0.161941,-7.67391,1.9397e+07,251.379,-298.066,42278.9,0,0,0,0,0,0,-6.05984,-2.93482,-5.44667,-4.13076,0,0
0.000129323,0,0,0,1e+09,1e+09,1e+09,0,0,0,0,0,2323,687,2.57439e-07,0,0.292596,-8.12491,0.544433,1.07344,0.16194,-7.66578,1.95583e+07,215.868,-96.5103,42763.9,0,0,0,0,0,0,-6.09549,-2.94649,-5.47285,-4.1491,0,0
0.000129471,0,0,0,1e+09,1e+09,1e+09,0,0,0,0,0,2330,687,2.57439e-07,0,0.292594,-8.12049,0.544433,1.07344,0.161939,-7.65757,1.96489e+07,-4.803,-102.61,42736.6,0,0,0,0,0,0,-6.14066,-2.9595,-5.49725,-4.16378,0,0
0.00012962,0,0,0,1e+09,1e+09,1e+09,0,0,0,0,0,2340,687,2.57439e-07,0,0.292593,-8.11606,0.544433,1.07344,0.161938,-7.64984,1.96691e+07,445.187,-367.063,42215.5,0,0,0,0,0,0,-6.18623,-2.97339,-5.51904,-4.18286,0,0
0.000129768,0,0,0,1e+09,1e+09,1e+09,0,0,0,0,0,2353,687,2.57439e-07,0,0.292592,-8.11162,0.544433,1.07344,0.161936,-7.64145,1.962e+07,-23.7492,84.1698,43003.1,0,0,0,0,0,0,-6.22495,-2.98674,-5.54576,-4.19914,0,0
0.000129917,0,0,0,1e+09,1e+09,1e+09,0,0,0,0,0,2365,687,2.57439e-07,0,0.292591,-8.10716,0.544433,1.07344,0.161935,-7.6338,1.95025e+07,143.167,-402.332,42605.2,0,0,0,0,0,0,-6.25039,-3.00042,-5.57052,-4.21852,0,0
0.000130065,0,0,0,1e+09,1e+09,1e+09,0,0,0,0,0,2374,687,2.57439e-07,0,0.29259,-8.10269,0.544434,1.07344,0.161934,-7.62531,1.93182e+07,340.097,-94.6601,43032.5,0,0,0,0,0,0,-6.27675,-3.01483,-5.58958,-4.23731,0,0
0.000130214,0,0,0,1e+09,1e+09,1e+09,0,0,0,0,0,2386,687,2.57439e-07,0,0.292588,-8.0982,0.544434,1.07344,0.161933,-7.61673,1.90685e+07,355.297,-197.263,43219.6,0,0,0,0,0,0,-6.30498,-3.02942,-5.61772,-4.25437,0,0
0.000130362,0,0,0,1e+09,1e+09,1e+09,0,0,0,0,0,2398,687,2.57439e-07,0,0.292587,-8.0937,0.544434,1.07343,0.161932,-7.60912,1.87553e+07,108.965,-232.668,43348.7,0,0,0,0,0,0,-6.35204,-3.04452,-5.6343,-4.27254,0,0
0.000130511,0,0,0,1e+09,1e+09,1e+09,0,0,0,0,0,2407,687,2.57439e-07,0,0.292586,-8.08917,0.544434,1.07343,0.161931,-7.60101,1.83806e+07,180.064,-251.917,43229.5,0,0,0,0,0,0,-6.37785,-3.06005,-5.66704,-4.29464,0,0
0.000130659,0,0,0,1e+09,1e+09,1e+09,0,0,0,0,0,2421,687,2.57439e-07,0,0.292585,-8.08461,0.544434,1.07343,0.16193,-7.59346,1.79466e+07,298.078,-336.019,43120.7,0,0,0,0,0,0,-6.40193,-3.07563,-5.68888,-4.31165,0,0
0.000130808,0,0,0,1e+09,1e+09,1e+09,0,0,0,0,0,2435,687,2.57439e-07,0,0.292584,-8.08003,0.544434,1.07343,0.161929,-7.5858,1.74557e+07,219.778,-272.887,43153.6,0,0,0,0,0,0,-6.42462,-3.09201,-5.70994,-4.33227,0,0
0.000130956,0,0,0,1e+09,1e+09,1e+09,0,0,0,0,0,2449,687,2.57439e-07,0,0.292582,-8.07544,0.544435,1.07343,0.161927,-7.57888,1.69103e+07,393.355,-384.26,42976.8,0,0,0,0,0,0,-6.43761,-3.10762,-5.73932,-4.3533,0,0
0.000131105,0,0,0,1e+09,1e+09,1e+09,0,0,0,0,0,2464,687,2.57439e-07,0,0.292581,-8.07082,0.544435,1.07343,0.161926,-7.57148,1.6313e+07,87.1812,-132.403,43451.9,0,0,0,0,0,0,-6.4545,-3.12429,-5.76458,-4.3737,0,0
0.000131253,0,0,0,1e+09,1e+09,1e+09,0,0,0,0,0,2485,687,2.57439e-07,0,0.29258,-8.06619,0.544435,1.07343,0.161925,-7.5651,1.56664e+07,508.558,-306.642,42941.1,0,0,0,0,0,0,-6.46618,-3.14096,-5.79167,-4.3937,0,0
0.000131402,0,0,0,1e+09,1e+09,1e+09,0,0,0,0,0,2503,687,2.57439e-07,0,0.292579,-8.06153,0.544435,1.07342,0.161924,-7.55814,1.49733e+07,159.266,-334.146,42840.8,0,0,0,0,0,0,-6.48356,-3.15726,-5.81182,-4.40974,0,0
0.00013155,0,0,0,1e+09,1e+09,1e+09,0,0,0,0,0,2525,687,2.57439e-07,0,0.292578,-8.05684,0.544435,1.07342,0.161923,-7.55191,1.42363e+07,242.554,-168.448,43484.8,0,0,0,0,0,0,-6.49771,-3.17266,-5.84107,-4.43288,0,0
0.000131699,0,0,0,1e+09,1e+09,1e+09,0,0,0,0,0,2540,687,2.57439e-07,0,0.292576,-8.05213,0.544435,1.07342,0.161922,-7.54625,1.34584e+07,315.12,-347.617,43254.7,0,0,0,0,0,0,-6.51056,-3.18887,-5.8626,-4.45564,0,0
0.000131847,0,0,0,1e+09,1e+09,1e+09,0,0,0,0,0,2551,687,2.57439e-07,0,0.292575,-8.04739,0.544435,1.07342,0.161921,-7.54086,1.26422e+07,116.204,-286.139,43476,0,0,0,0,0,0,-6.50582,-3.20554,-5.89162,-4.48095,0,0
0.000131996,0,0,0,1e+09,1e+09,1e+09,0,0,0,0,0,2569,687,2.57439e-07,0,0.292574,-8.04263,0.544436,1.07342,0.16192,-7.5363,1.17905e+07,242.461,-292.141,43586.3,0,0,0,0,0,0,-6.5002,-3.22096,-5.92286,-4.50244,0,0
0.000132144,0,0,0,1e+09,1e+09,1e+09,0,0,0,0,0,2579,687,2.57439e-07,0,0.292573,-8.03786,0.544436,1.07342,0.161918,-7.5313,1.0906e+07,278.975,-489.384,43286.1,0,0,0,0,0,0,-6.50404,-3.23748,-5.94418,-4.5238,0,0
0.000132292,0,0,0,1e+09,1e+09,1e+09,0,0,0,0,0,2589,687,2.57439e-07,0,0.292572,-8.03307,0.544436,1.07342,0.161917,-7.52682,9.99132e+06,213.069,2.30115,43604.7,0,0,0,0,0,0,-6.51103,-3.25375,-5.96969,-4.54781,0,0
0.000132441,0,0,0,1e+09,1e+09,1e+09,0,0,0,0,0,2609,687,2.57439e-07,0,0.29257,-8.02826,0.544436,1.07341,0.161916,-7.52251,9.04895e+06,245.643,-291.744,43567,0,0,0,0,0,0,-6.51827,-3.26887,-6.00364,-4.56744,0,0
0.000132589,0,0,0,1e+09,1e+09,1e+09,0,0,0,0,0,2626,687,2.57439e-07,0,0.292569,-8.02341,0.544436,1.07341,0.161915,-7.51876,8.0812e+06,235.76,-216.82,43189.1,0,0,0,0,0,0,-6.53229,-3.28487,-6.02307,-4.58996,0,0
0.000132738,0,0,0,1e+09,1e+09,1e+09,0,0,0,0,0,2640,687,2.57439e-07,0,0.292568,-8.01853,0.544436,1.07341,0.161914,-7.51541,7.09021e+06,52.3423,-41.331,43797.9,0,0,0,0,0,0,-6.52656,-3.30142,-6.05332,-4.61462,0,0
0.000132886,0,0,0,1e+09,1e+09,1e+09,0,0,0,0,0,2649,687,2.57439e-07,0,0.292567,-8.01362,0.544437,1.07341,0.161913,-7.51228,6.07787e+06,253.906,-81.5649,43381.4,0,0,0,0,0,0,-6.52466,-3.31886,-6.0722,-4.6312,0,0
0.000133035,0,0,0,1e+09,1e+09,1e+09,0,0,0,0,0,2664,687,2.57439e-07,0,0.292566,-8.00869,0.544437,1.07341,0.161912,-7.50968,5.04578e+06,76.1288,-150.845,43647.2,0,0,0,0,0,0,-6.52556,-3.33432,-6.09734,-4.65161,0,0
0.000133183,0,0,0,1e+09,1e+09,1e+09,0,0,0,0,0,2684,687,2.57439e-07,0,0.292564,-8.00373,0.544437,1.07341,0.161911,-7.50745,3.99526e+06,182.351,-125.468,43382.5,0,0,0,0,0,0,-6.53092,-3.3507,-6.12787,-4.67195,0,0
0.000133332,0,0,0,1e+09,1e+09,1e+09,0,0,0,0,0,2692,687,2.57439e-07,0,0.292563,-7.99877,0.544437,1.07341,0.16191,-7.5054,2.92728e+06,45.3829,-53.5085,43489.1,0,0,0,0,0,0,-6.54716,-3.3666,-6.14627,-4.69023,0,0
0.00013348,0,0,0,1e+09,1e+09,1e+09,0,0,0,0,0,2706,687,2.57439e-07,0,0.292562,-7.99378,0.544437,1.0734,0.161908,-7.50343,1.84244e+06,177.461,-244.029,43559.8,0,0,0,0,0,0,-6.54762,-3.3827,-6.17899,-4.713,0,0
0.000133629,0,0,0,1e+09,1e+09,1e+09,0,0,0,0,0,2723,687,2.57439e-07,0,0.292561,-7.98878,0.544437,1.0734,0.161907,-7.50148,740995,151.717,-298.804,44030.1,0,0,0,0,0,0,-6.54989,-3.39926,-6.2075,-4.73138,0,0
0.000133777,0,0,0,1e+09,1e+09,1e+09,0,0,0,0,0,2731,687,2.57439e-07,0,0.29256,-7.98378,0.544438,1.0734,0.161906,-7.49953,-377167,99.8831,-264.17,43691.8,0,0,0,0,0,0,-6.56729,-3.41572,-6.2238,-4.75008,0,0
0.000133926,0,0,0,1e+09,1e+09,1e+09,0,0,0,0,0,2736,687,2.57439e-07,0,0.292559,-7.97876,0.544438,1.0734,0.161905,-7.49736,-1.51251e+06,-35.0693,-258.151,44388.5,0,0,0,0,0,0,-6.56201,-3.43129,-6.2613,-4.77288,0,0
0.000134074,0,0,0,1e+09,1e+09,1e+09,0,0,0,0,0,2744,687,2.57439e-07,0,0.292557,-7.97375,0.544438,1.0734,0.161904,-7.49534,-2.66583e+06,169.573,-26.4696,44121.8,0,0,0,0,0,0,-6.58085,-3.44626,-6.27695,-4.79189,0,0
0.000134223,0,0,0,1e+09,1e+09,1e+09,0,0,0,0,0,2751,687,2.57439e-07,0,0.292556,-7.96874,0.544438,1.0734,0.161903,-7.49316,-3.83819e+06,-74.7495,-316.392,44172.9,0,0,0,0,0,0,-6.59922,-3.46139,-6.2982,-4.81005,0,0
0.000134371,0,0,0,1e+09,1e+09,1e+09,0,0,0,0,0,2763,687,2.57439e-07,0,0.292555,-7.96372,0.544438,1.0734,0.161902,-7.49134,-5.03093e+06,117.997,60.3634,43971.2,0,0,0,0,0,0,-6.60572,-3.47583,-6.33218,-4.83165,0,0
0.00013452,0,0,0,1e+09,1e+09,1e+09,0,0,0,0,0,2779,687,2.57439e-07,0,0.292554,-7.95871,0.544438,1.07339,0.161901,-7.48951,-6.24556e+06,-4.32192,-197.299,44530.8,0,0,0,0,0,0,-6.61955,-3.48929,-6.35708,-4.8514,0,0
0.000134668,0,0,0,1e+09,1e+09,1e+09,0,0,0,0,0,2788,687,2.57439e-07,0,0.292553,-7.95369,0.544438,1.07339,0.1619,-7.4877,-7.48371e+06,72.6741,157.196,44523.6,0,0,0,0,0,0,-6.63748,-3.50324,-6.38027,-4.87047,0,0
0.000134817,0,0,0,1e+09,1e+09,1e+09,0,0,0,0,0,2797,687,2.57439e-07,0,0.292551,-7.94867,0.544439,1.07339,0.161898,-7.48565,-8.7471e+06,234.44,40.1261,44207.5,0,0,0,0,0,0,-6.65942,-3.51676,-6.40348,-4.88895,0,0
0.000134965,0,0,0,1e+09,1e+09,1e+09,0,0,0,0,0,2810,687,2.57439e-07,0,0.29255,-7.94365,0.544439,1.07339,0.161897,-7.48378,-1.00374e+07,117.961,-219.966,44751.1,0,0,0,0,0,0,-6.67562,-3.53025,-6.43337,-4.90934,0,0
0.000135114,0,0,0,1e+09,1e+09,1e+09,0,0,0,0,0,2823,1017,3.75953e-07,0,0.292549,-7.93862,0.544439,1.07339,0.161896,-7.48196,-1.13563e+07,-26.7897,29.1385,44297.7,0,0,0,0,0,0,-6.68994,-3.54326,-6.46264,-4.92682,0,0
0.000135262,0,0,0,1e+09,1e+09,1e+09,0,0,0,0,0,2832,1017,3.75953e-07,0,0.292548,-7.93358,0.544439,1.07339,0.161895,-7.47985,-1.27054e+07,-43.659,-163.313,45388.4,0,0,0,0,0,0,-6.70048,-3.55621,-6.49011,-4.95086,0,0
0.00013541,0,0,0,1e+09,1e+09,1e+09,0,0,0,0,0,2846,1017,3.75953e-07,0,0.292547,-7.92855,0.544439,1.07339,0.161894,-7.47786,-1.40858e+07,-147.22,84.5495,44968.3,0,0,0,0,0,0,-6.72296,-3.56905,-6.50796,-4.96731,0,0
0.000135559,0,0,0,1e+09,1e+09,1e+09,0,0,0,0,0,2851,1017,3.75953e-07,0,0.292546,-7.92353,0.544439,1.07338,0.161893,-7.47569,-1.54988e+07,-129.44,30.0023,44931.5,0,0,0,0,0,0,-6.7358,-3.58203,-6.54091,-4.98832,0,0
0.000135707,0,0,0,1e+09,1e+09,1e+09,0,0,0,0,0,2860,1017,3.75953e-07,0,0.292544,-7.91851,0.54444,1.07338,0.161892,-7.47326,-1.69452e+07,28.0573,-205.855,45155.4,0,0,0,0,0,0,-6.76464,-3.59494,-6.56193,-5.00794,0,0
0.000135856,0,0,0,1e+09,1e+09,1e+09,0,0,0,0,0,2867,1017,3.75953e-07,0,0.292543,-7.91349,0.54444,1.07338,0.161891,-7.47104,-1.84254e+07,-46.5658,-165.608,45401.2,0,0,0,0,0,0,-6.78218,-3.60733,-6.59007,-5.02571,0,0
0.000136004,0,0,0,1e+09,1e+09,1e+09,0,0,0,0,0,2880,1017,3.75953e-07,0,0.292542,-7.90846,0.54444,1.07338,0.16189,-7.46836,-1.99397e+07,-401.266,90.9383,45359.5,0,0,0,0,0,0,-6.80432,-3.61993,-6.61094,-5.04781,0,0
0.000136153,0,0,0,1e+09,1e+09,1e+09,0,0,0,0,0,2889,1017,3.75953e-07,0,0.292541,-7.90343,0.54444,1.07338,0.161888,-7.46598,-2.1488e+07,158.568,-143.542,45645.4,0,0,0,0,0,0,-6.81072,-3.6326,-6.64639,-5.06461,0,0
0.000136301,0,0,0,1e+09,1e+09,1e+09,0,0,0,0,0,2897,1017,3.75953e-07,0,0.29254,-7.8984,0.54444,1.07338,0.161887,-7.46294,-2.30695e+07,-210.816,-118.448,46008.3,0,0,0,0,0,0,-6.82782,-3.64582,-6.66693,-5.0835,0,0
0.00013645,0,0,0,1e+09,1e+09,1e+09,0,0,0,0,0,2908,1017,3.75953e-07,0,0.292539,-7.89337,0.54444,1.07338,0.161886,-7.45993,-2.46836e+07,-195.303,-150.764,45677,0,0,0,0,0,0,-6.84099,-3.65873,-6.69409,-5.10169,0,0
0.000136598,0,0,0,1e+09,1e+09,1e+09,0,0,0,0,0,2916,1017,3.75953e-07,0,0.292537,-7.88834,0.544441,1.07337,0.161885,-7.45661,-2.63288e+07,-3.19634,-55.5339,46243.6,0,0,0,0,0,0,-6.85999,-3.67239,-6.71753,-5.11947,0,0
0.000136747,0,0,0,1e+09,1e+09,1e+09,0,0,0,0,0,2926,1017,3.75953e-07,0,0.292536,-7.88332,0.544441,1.07337,0.161884,-7.45292,-2.80037e+07,-123.156,-189.455,46145.4,0,0,0,0,0,0,-6.86839,-3.68597,-6.75269,-5.14127,0,0
0.000136895,0,0,0,1e+09,1e+09,1e+09,0,0,0,0,0,2934,1017,3.75953e-07,0,0.292535,-7.8783,0.544441,1.07337,0.161883,-7.44881,-2.97061e+07,-342.13,-111.253,46510.2,0,0,0,0,0,0,-6.89497,-3.69996,-6.77068,-5.16054,0,0
0.000137044,0,0,0,1e+09,1e+09,1e+09,0,0,0,0,0,2950,1017,3.75953e-07,0,0.292534,-7.87328,0.544441,1.07337,0.161882,-7.44473,-3.1434e+07,-94.321,-287.022,46846.6,0,0,0,0,0,0,-6.90531,-3.71423,-6.80345,-5.1772,0,0
0.000137192,0,0,0,1e+09,1e+09,1e+09,0,0,0,0,0,2960,1017,3.75953e-07,0,0.292533,-7.86826,0.544441,1.07337,0.161881,-7.44057,-3.31846e+07,-286.923,32.8224,46143.4,0,0,0,0,0,0,-6.92981,-3.72883,-6.82164,-5.20051,0,0
0.000137341,0,0,0,1e+09,1e+09,1e+09,0,0,0,0,0,2969,1017,3.75953e-07,0,0.292531,-7.86322,0.544441,1.07337,0.16188,-7.43588,-3.49552e+07,-360.625,-233.854,46672.5,0,0,0,0,0,0,-6.93145,-3.74236,-6.85483,-5.21822,0,0
0.000137489,0,0,0,1e+09,1e+09,1e+09,0,0,0,0,0,2980,1017,3.75953e-07,0,0.29253,-7.85818,0.544442,1.07336,0.161878,-7.43207,-3.67427e+07,-99.3648,-1.08757,46326.7,0,0,0,0,0,0,-6.94243,-3.75662,-6.8764,-5.24018,0,0
0.000137638,0,0,0,1e+09,1e+09,1e+09,0,0,0,0,0,2996,1017,3.75953e-07,0,0.292529,-7.85314,0.544442,1.07336,0.161877,-7.42734,-3.85438e+07,-415.686,-340.84,46554.6,0,0,0,0,0,0,-6.95684,-3.76975,-6.90598,-5.26242,0,0
0.000137786,0,0,0,1e+09,1e+09,1e+09,0,0,0,0,0,3005,1017,3.75953e-07,0,0.292528,-7.8481,0.544442,1.07336,0.161876,-7.42312,-4.03552e+07,-364.524,-24.8387,46706.2,0,0,0,0,0,0,-6.99108,-3.78337,-6.92647,-5.28003,0,0
0.000137935,0,0,0,1e+09,1e+09,1e+09,0,0,0,0,0,3014,1017,3.75953e-07,0,0.292527,-7.84306,0.544442,1.07336,0.161875,-7.41892,-4.21732e+07,-250.941,-274.774,46644.7,0,0,0,0,0,0,-7.00688,-3.79617,-6.96104,-5.30518,0,0
0.000138083,0,0,0,1e+09,1e+09,1e+09,0,0,0,0,0,3022,1017,3.75953e-07,0,0.292526,-7.83801,0.544442,1.07336,0.161874,-7.41419,-4.39941e+07,-438.818,-15.5226,46783.5,0,0,0,0,0,0,-7.03449,-3.80872,-6.97779,-5.32186,0,0
0.000138232,0,0,0,1e+09,1e+09,1e+09,0,0,0,0,0,3034,1017,3.75953e-07,0,0.292524,-7.83296,0.544442,1.07336,0.161873,-7.40999,-4.58143e+07,-444.099,-21.5191,46579.2,0,0,0,0,0,0,-7.04396,-3.8208,-7.0092,-5.34071,0,0
0.00013838,0,0,0,1e+09,1e+09,1e+09,0,0,0,0,0,3041,1017,3.75953e-07,0,0.292523,-7.8279,0.544442,1.07336,0.161872,-7.4054,-4.76299e+07,-386.393,-98.103,46704.3,0,0,0,0,0,0,-7.05721,-3.83337,-7.03636,-5.36239,0,0
0.000138528,0,0,0,1e+09,1e+09,1e+09,0,0,0,0,0,3047,1017,3.75953e-07,0,0.292522,-7.82283,0.544443,1.07335,0.161871,-7.40129,-4.94371e+07,-195.496,201.834,47351.5,0,0,0,0,0,0,-7.07618,-3.84608,-7.05871,-5.38309,0,0
0.000138677,0,0,0,1e+09,1e+09,1e+09,0,0,0,0,0,3053,1017,3.75953e-07,0,0.292521,-7.81775,0.544443,1.07335,0.16187,-7.39695,-5.12323e+07,-385.412,162.042,47022.1,0,0,0,0,0,0,-7.10365,-3.8587,-7.08678,-5.40351,0,0
0.000138825,0,0,0,1e+09,1e+09,1e+09,0,0,0,0,0,3064,1017,3.75953e-07,0,0.29252,-7.81265,0.544443,1.07335,0.161869,-7.39335,-5.30115e+07,-372.238,28.5681,47567,0,0,0,0,0,0,-7.13219,-3.871,-7.11801,-5.42236,0,0
0.000138974,0,0,0,1e+09,1e+09,1e+09,0,0,0,0,0,3073,1017,3.75953e-07,0,0.292519,-7.80754,0.544443,1.07335,0.161867,-7.38994,-5.47712e+07,-201.639,-8.7041,47311.1,0,0,0,0,0,0,-7.16669,-3.88353,-7.14117,-5.44349,0,0
0.000139122,0,0,0,1e+09,1e+09,1e+09,0,0,0,0,0,3081,1017,3.75953e-07,0,0.292518,-7.80242,0.544443,1.07335,0.161866,-7.38579,-5.65076e+07,-416.354,222.638,47044.3,0,0,0,0,0,0,-7.17383,-3.89584,-7.1736,-5.46377,0,0
0.000139271,0,0,0,1e+09,1e+09,1e+09,0,0,0,0,0,3091,1017,3.75953e-07,0,0.292516,-7.79727,0.544443,1.07335,0.161865,-7.38164,-5.82173e+07,-274.181,-87.5907,47748.1,0,0,0,0,0,0,-7.18668,-3.90894,-7.19863,-5.48333,0,0
0.000139419,0,0,0,1e+09,1e+09,1e+09,0,0,0,0,0,3099,1017,3.75953e-07,0,0.292515,-7.79208,0.544444,1.07335,0.161864,-7.37804,-5.98966e+07,-218.857,281.507,47432.5,0,0,0,0,0,0,-7.20923,-3.92237,-7.21973,-5.50409,0,0
0.000139568,0,0,0,1e+09,1e+09,1e+09,0,0,0,0,0,3108,1017,3.75953e-07,0,0.292514,-7.78686,0.544444,1.07334,0.161863,-7.37514,-6.15421e+07,-183.485,-70.8335,47134.2,0,0,0,0,0,0,-7.23058,-3.93592,-7.25424,-5.5261,0,0
0.000139716,0,0,0,1e+09,1e+09,1e+09,0,0,0,0,0,3117,1017,3.75953e-07,0,0.292513,-7.78162,0.544444,1.07334,0.161862,-7.37168,-6.31506e+07,-582.814,118.832,48047,0,0,0,0,0,0,-7.25842,-3.94977,-7.28429,-5.54713,0,0
0.000139865,0,0,0,1e+09,1e+09,1e+09,0,0,0,0,0,3125,1017,3.75953e-07,0,0.292512,-7.77634,0.544444,1.07334,0.161861,-7.36884,-6.47187e+07,-45.5487,34.5126,47306.3,0,0,0,0,0,0,-7.29391,-3.96383,-7.30339,-5.56732,0,0
0.000140013,0,0,0,1e+09,1e+09,1e+09,0,0,0,0,0,3136,1017,3.75953e-07,0,0.292511,-7.77105,0.544444,1.07334,0.16186,-7.36628,-6.62433e+07,-413.54,-73.0192,47124.7,0,0,0,0,0,0,-7.30864,-3.9789,-7.33604,-5.58967,0,0
0.000140162,0,0,0,1e+09,1e+09,1e+09,0,0,0,0,0,3149,1017,3.75953e-07,0,0.292509,-7.76572,0.544444,1.07334,0.161859,-7.36376,-6.77211e+07,-382.507,-0.414629,47908.3,0,0,0,0,0,0,-7.32687,-3.99457,-7.36233,-5.61048,0,0
0.00014031,0,0,0,1e+09,1e+09,1e+09,0,0,0,0,0,3163,1017,3.75953e-07,0,0.292508,-7.76037,0.544445,1.07334,0.161858,-7.36092,-6.91494e+07,-109.028,-87.9505,48547.1,0,0,0,0,0,0,-7.33716,-4.01043,-7.39264,-5.62985,0,0
0.000140459,0,0,0,1e+09,1e+09,1e+09,0,0,0,0,0,3184,1017,3.75953e-07,0,0.292507,-7.75501,0.544445,1.07334,0.161857,-7.35835,-7.05251e+07,-572.286,-103.199,48273.7,0,0,0,0,0,0,-7.35931,-4.02606,-7.41734,-5.65395,0,0
0.000140607,0,0,0,1e+09,1e+09,1e+09,0,0,0,0,0,3194,1017,3.75953e-07,0,0.292506,-7.74963,0.544445,1.07333,0.161855,-7.35575,-7.18456e+07,-246.883,16.4551,48325.6,0,0,0,0,0,0,-7.38538,-4.04207,-7.4454,-5.67405,0,0
0.000140756,0,0,0,1e+09,1e+09,1e+09,0,0,0,0,0,3204,1017,3.75953e-07,0,0.292505,-7.74422,0.544445,1.07333,0.161854,-7.35354,-7.31083e+07,-306.891,80.7272,48555.3,0,0,0,0,0,0,-7.41299,-4.05728,-7.47543,-5.69794,0,0
0.000140904,0,0,0,1e+09,1e+09,1e+09,0,0,0,0,0,3223,1017,3.75953e-07,0,0.292504,-7.73879,0.544445,1.07333,0.161853,-7.35158,-7.43105e+07,-292.949,34.5553,48405,0,0,0,0,0,0,-7.43343,-4.07322,-7.50198,-5.71648,0,0
0.000141053,0,0,0,1e+09,1e+09,1e+09,0,0,0,0,0,3238,1017,3.75953e-07,0,0.292503,-7.73334,0.544445,1.07333,0.161852,-7.35,-7.54502e+07,-134.137,35.4055,47925.3,0,0,0,0,0,0,-7.45646,-4.08876,-7.52825,-5.73795,0,0
0.000141201,0,0,0,1e+09,1e+09,1e+09,0,0,0,0,0,3252,1017,3.75953e-07,0,0.292501,-7.72787,0.544446,1.07333,0.161851,-7.34775,-7.6525e+07,-245.931,-37.2471,48919.3,0,0,0,0,0,0,-7.47649,-4.1041,-7.55695,-5.76039,0,0
0.00014135,0,0,0,1e+09,1e+09,1e+09,0,0,0,0,0,3264,1017,3.75953e-07,0,0.2925,-7.7224,0.544446,1.07333,0.16185,-7.34639,-7.75331e+07,-208.113,145.303,48713.4,0,0,0,0,0,0,-7.50258,-4.11876,-7.57913,-5.77912,0,0
0.000141498,0,0,0,1e+09,1e+09,1e+09,0,0,0,0,0,3279,1017,3.75953e-07,0,0.292499,-7.71691,0.544446,1.07333,0.161849,-7.34518,-7.84726e+07,-238.323,-145.886,48368.2,0,0,0,0,0,0,-7.52134,-4.13462,-7.60456,-5.79826,0,0
0.000141646,0,0,0,1e+09,1e+09,1e+09,0,0,0,0,0,3287,1017,3.75953e-07,0,0.292498,-7.7114,0.544446,1.07332,0.161848,-7.34393,-7.93419e+07,-197.689,31.1475,48877.8,0,0,0,0,0,0,-7.54208,-4.1503,-7.63783,-5.82051,0,0
0.000141795,0,0,0,1e+09,1e+09,1e+09,0,0,0,0,0,3303,1017,3.75953e-07,0,0.292497,-7.70587,0.544446,1.07332,0.161847,-7.34298,-8.01394e+07,-38.6817,19.0919,48706,0,0,0,0,0,0,-7.5795,-4.16548,-7.65873,-5.83925,0,0
0.000141943,0,0,0,1e+09,1e+09,1e+09,0,0,0,0,0,3316,1017,3.75953e-07,0,0.292496,-7.70034,0.544446,1.07332,0.161846,-7.34151,-8.08638e+07,-409.892,144.311,48986.7,0,0,0,0,0,0,-7.61125,-4.18058,-7.68488,-5.85909,0,0
0.000142092,0,0,0,1e+09,1e+09,1e+09,0,0,0,0,0,3330,1017,3.75953e-07,0,0.292495,-7.6948,0.544446,1.07332,0.161845,-7.34009,-8.15138e+07,-16.1926,-43.1002,48739.8,0,0,0,0,0,0,-7.63385,-4.19562,-7.71349,-5.87937,0,0
0.00014224,0,0,0,1e+09,1e+09,1e+09,0,0,0,0,0,3337,1017,3.75953e-07,0,0.292493,-7.68925,0.544447,1.07332,0.161843,-7.3386,-8.20883e+07,-179.239,149.111,48938.1,0,0,0,0,0,0,-7.65801,-4.21106,-7.73393,-5.89707,0,0
0.000142389,0,0,0,1e+09,1e+09,1e+09,0,0,0,0,0,3345,1017,3.75953e-07,0,0.292492,-7.6837,0.544447,1.07332,0.161842,-7.33695,-8.25862e+07,42.7957,135.602,49202.4,0,0,0,0,0,0,-7.67662,-4.22594,-7.76338,-5.91637,0,0
0.000142537,0,0,0,1e+09,1e+09,1e+09,0,0,0,0,0,3357,1017,3.75953e-07,0,0.292491,-7.67814,0.544447,1.07332,0.161841,-7.3348,-8.30067e+07,-14.1523,-259.731,49340,0,0,0,0,0,0,-7.70443,-4.24092,-7.78708,-5.93447,0,0
0.000142686,0,0,0,1e+09,1e+09,1e+09,0,0,0,0,0,3371,1017,3.75953e-07,0,0.29249,-7.67257,0.544447,1.07331,0.16184,-7.33309,-8.33488e+07,-164.557,127.949,49344.4,0,0,0,0,0,0,-7.72738,-4.25613,-7.81351,-5.95407,0,0
0.000142834,0,0,0,1e+09,1e+09,1e+09,0,0,0,0,0,3380,1017,3.75953e-07,0,0.292489,-7.667,0.544447,1.07331,0.161839,-7.3309,-8.36119e+07,-117.79,-42.1938,49583.1,0,0,0,0,0,0,-7.74787,-4.27159,-7.83902,-5.97311,0,0
0.000142983,0,0,0,1e+09,1e+09,1e+09,0,0,0,0,0,3396,1017,3.75953e-07,0,0.292488,-7.66143,0.544447,1.07331,0.161838,-7.32837,-8.37954e+07,157.689,5.23174,49415.8,0,0,0,0,0,0,-7.76881,-4.28686,-7.86444,-5.99041,0,0
0.000143131,0,0,0,1e+09,1e+09,1e+09,0,0,0,0,0,3410,1017,3.75953e-07,0,0.292487,-7.65585,0.544448,1.07331,0.161837,-7.32652,-8.38988e+07,-79.9798,106.346,49471.7,0,0,0,0,0,0,-7.79002,-4.30176,-7.89257,-6.01048,0,0
0.00014328,0,0,0,1e+09,1e+09,1e+09,0,0,0,0,0,3423,1017,3.75953e-07,0,0.292485,-7.65028,0.544448,1.07331,0.161836,-7.32394,-8.39218e+07,-120.043,51.9219,49486.9,0,0,0,0,0,0,-7.81663,-4.31704,-7.91731,-6.03157,0,0
0.000143428,0,0,0,1e+09,1e+09,1e+09,0,0,0,0,0,3441,1017,3.75953e-07,0,0.292484,-7.64471,0.544448,1.07331,0.161835,-7.321,-8.38642e+07,35.2696,19.452,50037.2,0,0,0,0,0,0,-7.83796,-4.33282,-7.94044,-6.04955,0,0
0.000143577,0,0,0,1e+09,1e+09,1e+09,0,0,0,0,0,3453,1017,3.75953e-07,0,0.292483,-7.63914,0.544448,1.07331,0.161834,-7.3189,-8.37262e+07,-117.018,-10.6725,49973.2,0,0,0,0,0,0,-7.84017,-4.34814,-7.97871,-6.06978,0,0
0.000143725,0,0,0,1e+09,1e+09,1e+09,0,0,0,0,0,3463,1017,3.75953e-07,0,0.292482,-7.63358,0.544448,1.0733,0.161833,-7.31556,-8.35081e+07,139.842,135.179,50020.8,0,0,0,0,0,0,-7.85697,-4.3642,-8.00086,-6.09321,0,0
0.000143874,0,0,0,1e+09,1e+09,1e+09,0,0,0,0,0,3475,1017,3.75953e-07,0,0.292481,-7.62802,0.544448,1.0733,0.161831,-7.31234,-8.32105e+07,171.253,-21.5191,49842.6,0,0,0,0,0,0,-7.88091,-4.3801,-8.01989,-6.11483,0,0
0.000144022,0,0,0,1e+09,1e+09,1e+09,0,0,0,0,0,3489,1017,3.75953e-07,0,0.29248,-7.62248,0.544449,1.0733,0.16183,-7.30933,-8.28343e+07,169.67,174.324,49638.6,0,0,0,0,0,0,-7.89886,-4.39505,-8.05276,-6.13272,0,0
0.000144171,0,0,0,1e+09,1e+09,1e+09,0,0,0,0,0,3498,1017,3.75953e-07,0,0.292479,-7.61695,0.544449,1.0733,0.161829,-7.30571,-8.23805e+07,169.574,158.163,50373.8,0,0,0,0,0,0,-7.92335,-4.40962,-8.08157,-6.15741,0,0
0.000144319,0,0,0,1e+09,1e+09,1e+09,0,0,0,0,0,3517,1017,3.75953e-07,0,0.292477,-7.61144,0.544449,1.0733,0.161828,-7.30148,-8.18505e+07,68.564,-14.4723,50184.6,0,0,0,0,0,0,-7.93896,-4.42508,-8.10769,-6.17653,0,0
0.000144468,0,0,0,1e+09,1e+09,1e+09,0,0,0,0,0,3528,1017,3.75953e-07,0,0.292476,-7.60595,0.544449,1.0733,0.161827,-7.29736,-8.12461e+07,205.998,371.82,50379.4,0,0,0,0,0,0,-7.95286,-4.43975,-8.13244,-6.19742,0,0
0.000144616,0,0,0,1e+09,1e+09,1e+09,0,0,0,0,0,3548,1017,3.75953e-07,0,0.292475,-7.60049,0.544449,1.07329,0.161826,-7.29276,-8.05691e+07,85.8739,260.365,50973.1,0,0,0,0,0,0,-7.96124,-4.45415,-8.1615,-6.21956,0,0
0.000144764,0,0,0,1e+09,1e+09,1e+09,0,0,0,0,0,3564,1017,3.75953e-07,0,0.292474,-7.59507,0.544449,1.07329,0.161825,-7.28664,-7.98216e+07,378.794,199.278,50488.3,0,0,0,0,0,0,-7.97801,-4.4685,-8.18749,-6.24285,0,0
0.000144913,0,0,0,1e+09,1e+09,1e+09,0,0,0,0,0,3575,1017,3.75953e-07,0,0.292473,-7.58969,0.544449,1.07329,0.161824,-7.28068,-7.90059e+07,274.089,528.08,50862.5,0,0,0,0,0,0,-7.99774,-4.48171,-8.218,-6.26235,0,0
0.000145061,0,0,0,1e+09,1e+09,1e+09,0,0,0,0,0,3587,1017,3.75953e-07,0,0.292472,-7.58436,0.54445,1.07329,0.161823,-7.27421,-7.81243e+07,199.016,448.631,51149.1,0,0,0,0,0,0,-8.01445,-4.49621,-8.24472,-6.28472,0,0
0.00014521,0,0,0,1e+09,1e+09,1e+09,0,0,0,0,0,3598,1017,3.75953e-07,0,0.292471,-7.57905,0.54445,1.07329,0.161822,-7.26622,-7.71792e+07,316.704,260,50251.9,0,0,0,0,0,0,-8.02591,-4.5115,-8.27098,-6.30576,0,0
0.000145358,0,0,0,1e+09,1e+09,1e+09,0,0,0,0,0,3608,1017,3.75953e-07,0,0.29247,-7.57376,0.54445,1.07329,0.161821,-7.25953,-7.61731e+07,267.304,545.117,50971.8,0,0,0,0,0,0,-8.03709,-4.526,-8.30134,-6.32442,0,0
0.000145507,0,0,0,1e+09,1e+09,1e+09,0,0,0,0,0,3621,1017,3.75953e-07,0,0.292468,-7.56851,0.54445,1.07329,0.16182,-7.25209,-7.51084e+07,261.981,283.158,50621.9,0,0,0,0,0,0,-8.04946,-4.54029,-8.3284,-6.34836,0,0
0.000145655,0,0,0,1e+09,1e+09,1e+09,0,0,0,0,0,3633,1017,3.75953e-07,0,0.292467,-7.56329,0.54445,1.07328,0.161818,-7.24336,-7.39875e+07,307.102,512.822,51696.9,0,0,0,0,0,0,-8.06318,-4.5543,-8.35464,-6.3716,0,0
0.000145804,0,0,0,1e+09,1e+09,1e+09,0,0,0,0,0,3643,1017,3.75953e-07,0,0.292466,-7.5581,0.54445,1.07328,0.161817,-7.23558,-7.28127e+07,466.97,612.687,50892.3,0,0,0,0,0,0,-8.07181,-4.56805,-8.38688,-6.39342,0,0
0.000145952,0,0,0,1e+09,1e+09,1e+09,0,0,0,0,0,3655,1017,3.75953e-07,0,0.292465,-7.55294,0.544451,1.07328,0.161816,-7.2272,-7.15862e+07,420.844,465.729,50761.1,0,0,0,0,0,0,-8.08164,-4.5822,-8.41596,-6.41644,0,0
0.000146101,0,0,0,1e+09,1e+09,1e+09,0,0,0,0,0,3668,1017,3.75953e-07,0,0.292464,-7.54781,0.544451,1.07328,0.161815,-7.2174,-7.03101e+07,486.469,697.932,50969.6,0,0,0,0,0,0,-8.09628,-4.59663,-8.44119,-6.43808,0,0
0.000146249,0,0,0,1e+09,1e+09,1e+09,0,0,0,0,0,3679,1017,3.75953e-07,0,0.292463,-7.54272,0.544451,1.07328,0.161814,-7.20788,-6.89864e+07,449.961,752.137,51084.8,0,0,0,0,0,0,-8.10978,-4.61081,-8.47239,-6.45936,0,0
0.000146398,0,0,0,1e+09,1e+09,1e+09,0,0,0,0,0,3689,1017,3.75953e-07,0,0.292462,-7.53764,0.544451,1.07328,0.161813,-7.19742,-6.76172e+07,582.028,766.051,51372.3,0,0,0,0,0,0,-8.12649,-4.62451,-8.49725,-6.48125,0,0
0.000146546,0,0,0,1e+09,1e+09,1e+09,0,0,0,0,0,3696,1017,3.75953e-07,0,0.292461,-7.53258,0.544451,1.07328,0.161812,-7.18636,-6.62045e+07,597.981,382.741,51412.5,0,0,0,0,0,0,-8.13409,-4.63883,-8.52554,-6.50187,0,0
0.000146695,0,0,0,1e+09,1e+09,1e+09,0,0,0,0,0,3718,1017,3.75953e-07,0,0.292459,-7.52755,0.544451,1.07327,0.161811,-7.1745,-6.47501e+07,554.212,731.571,52183.2,0,0,0,0,0,0,-8.13093,-4.65294,-8.56527,-6.52274,0,0
0.000146843,0,0,0,1e+09,1e+09,1e+09,0,0,0,0,0,3737,1017,3.75953e-07,0,0.292458,-7.52255,0.544452,1.07327,0.16181,-7.16309,-6.32562e+07,609.691,552.766,52222.5,0,0,0,0,0,0,-8.14333,-4.66684,-8.58861,-6.54925,0,0
0.000146992,0,0,0,1e+09,1e+09,1e+09,0,0,0,0,0,3753,1017,3.75953e-07,0,0.292457,-7.51757,0.544452,1.07327,0.161809,-7.14992,-6.1725e+07,557.87,208.994,51725,0,0,0,0,0,0,-8.1563,-4.67993,-8.6186,-6.5715,0,0
0.00014714,0,0,0,1e+09,1e+09,1e+09,0,0,0,0,0,3759,1017,3.75953e-07,0,0.292456,-7.51262,0.544452,1.07327,0.161808,-7.13651,-6.01586e+07,485.462,716.856,52504.6,0,0,0,0,0,0,-8.17465,-4.69273,-8.65426,-6.59336,0,0
0.000147289,0,0,0,1e+09,1e+09,1e+09,0,0,0,0,0,3771,1017,3.75953e-07,0,0.292455,-7.50771,0.544452,1.07327,0.161807,-7.12309,-5.85595e+07,804.902,513.002,52212.1,0,0,0,0,0,0,-8.20217,-4.70468,-8.68151,-6.61489,0,0
0.000147437,0,0,0,1e+09,1e+09,1e+09,0,0,0,0,0,3780,1017,3.75953e-07,0,0.292454,-7.50283,0.544452,1.07327,0.161806,-7.10846,-5.69305e+07,512.487,474.778,51528,0,0,0,0,0,0,-8.21418,-4.7165,-8.71074,-6.63648,0,0
0.000147586,0,0,0,1e+09,1e+09,1e+09,0,0,0,0,0,3787,1017,3.75953e-07,0,0.292453,-7.49798,0.544452,1.07327,0.161805,-7.0926,-5.52745e+07,363.153,600.045,52195.4,0,0,0,0,0,0,-8.22589,-4.72721,-8.74063,-6.66022,0,0
0.000147734,0,0,0,1e+09,1e+09,1e+09,0,0,0,0,0,3798,1017,3.75953e-07,0,0.292452,-7.49315,0.544453,1.07326,0.161804,-7.07652,-5.35946e+07,890.583,365.398,52389.7,0,0,0,0,0,0,-8.24736,-4.73835,-8.76705,-6.68504,0,0
0.000147882,0,0,0,1e+09,1e+09,1e+09,0,0,0,0,0,3811,1017,3.75953e-07,0,0.292451,-7.48835,0.544453,1.07326,0.161803,-7.06029,-5.18943e+07,613.698,646.847,52178.5,0,0,0,0,0,0,-8.26556,-4.74887,-8.80104,-6.70658,0,0
0.000148031,0,0,0,1e+09,1e+09,1e+09,0,0,0,0,0,3825,1017,3.75953e-07,0,0.292449,-7.48359,0.544453,1.07326,0.161801,-7.04248,-5.01772e+07,472.456,542.933,53044.7,0,0,0,0,0,0,-8.29464,-4.7597,-8.83639,-6.73463,0,0
0.000148179,0,0,0,1e+09,1e+09,1e+09,0,0,0,0,0,3833,1017,3.75953e-07,0,0.292448,-7.47885,0.544453,1.07326,0.1618,-7.02424,-4.84474e+07,958.015,586.039,53229.5,0,0,0,0,0,0,-8.32066,-4.77078,-8.8711,-6.76345,0,0
0.000148328,0,0,0,1e+09,1e+09,1e+09,0,0,0,0,0,3836,1017,3.75953e-07,0,0.292447,-7.47414,0.544453,1.07326,0.161799,-7.00522,-4.6709e+07,270.68,679.794,53073.9,0,0,0,0,0,0,-8.33218,-4.78169,-8.90764,-6.78666,0,0
0.000148476,0,0,0,1e+09,1e+09,1e+09,0,0,0,0,0,3839,1017,3.75953e-07,0,0.292446,-7.46945,0.544453,1.07326,0.161798,-6.98536,-4.49664e+07,524.592,423.664,52898.8,0,0,0,0,0,0,-8.35211,-4.79276,-8.93487,-6.8105,0,0
0.000148625,0,0,0,1e+09,1e+09,1e+09,0,0,0,0,0,3846,1017,3.75953e-07,0,0.292445,-7.46479,0.544453,1.07326,0.161797,-6.96523,-4.32244e+07,456.515,552.245,53026.5,0,0,0,0,0,0,-8.37266,-4.80381,-8.96944,-6.83253,0,0
0.000148773,0,0,0,1e+09,1e+09,1e+09,0,0,0,0,0,3857,1017,3.75953e-07,0,0.292444,-7.46015,0.544454,1.07325,0.161796,-6.9437,-4.14877e+07,164.476,507.401,52385.7,0,0,0,0,0,0,-8.41164,-4.8141,-8.99586,-6.85901,0,0
0.000148922,0,0,0,1e+09,1e+09,1e+09,0,0,0,0,0,3863,1017,3.75953e-07,0,0.292443,-7.45555,0.544454,1.07325,0.161795,-6.92113,-3.97614e+07,532.419,455.81,53347.7,0,0,0,0,0,0,-8.44035,-4.82404,-9.03168,-6.87856,0,0
0.00014907,0,0,0,1e+09,1e+09,1e+09,0,0,0,0,0,3866,1017,3.75953e-07,0,0.292442,-7.45099,0.544454,1.07325,0.161794,-6.89808,-3.80506e+07,300.808,611.37,53053.8,0,0,0,0,0,0,-8.46861,-4.83386,-9.0606,-6.90173,0,0
0.000149219,0,0,0,1e+09,1e+09,1e+09,0,0,0,0,0,3873,1017,3.75953e-07,0,0.292441,-7.44645,0.544454,1.07325,0.161793,-6.87305,-3.63607e+07,560.14,590.807,53314.1,0,0,0,0,0,0,-8.50578,-4.84335,-9.08143,-6.92229,0,0
0.000149367,0,0,0,1e+09,1e+09,1e+09,0,0,0,0,0,3884,1017,3.75953e-07,0,0.292439,-7.44195,0.544454,1.07325,0.161792,-6.84754,-3.46968e+07,415.57,429.059,54165,0,0,0,0,0,0,-8.53115,-4.85258,-9.11822,-6.94405,0,0
0.000149516,0,0,0,1e+09,1e+09,1e+09,0,0,0,0,0,3892,1017,3.75953e-07,0,0.292438,-7.43747,0.544454,1.07325,0.161791,-6.82074,-3.30646e+07,580.72,521.677,53236.2,0,0,0,0,0,0,-8.57061,-4.86138,-9.14402,-6.9626,0,0
0.000149664,0,0,0,1e+09,1e+09,1e+09,0,0,0,0,0,3897,1017,3.75953e-07,0,0.292437,-7.43301,0.544455,1.07325,0.16179,-6.79305,-3.14692e+07,629.721,433.166,54372.8,0,0,0,0,0,0,-8.59759,-4.87057,-9.17253,-6.98524,0,0
0.000149813,0,0,0,1e+09,1e+09,1e+09,0,0,0,0,0,3904,1017,3.75953e-07,0,0.292436,-7.42856,0.544455,1.07324,0.161789,-6.76435,-2.99159e+07,481.074,563.679,54138.8,0,0,0,0,0,0,-8.61982,-4.87981,-9.19836,-7.00623,0,0
0.000149961,0,0,0,1e+09,1e+09,1e+09,0,0,0,0,0,3914,1017,3.75953e-07,0,0.292435,-7.42412,0.544455,1.07324,0.161788,-6.73547,-2.84101e+07,609.5,436.333,54230.2,0,0,0,0,0,0,-8.64645,-4.88872,-9.22509,-7.02386,0,0
0.00015011,0,0,0,1e+09,1e+09,1e+09,0,0,0,0,0,3930,1387,5.09672e-07,0,0.292434,-7.4197,0.544455,1.07324,0.161787,-6.70568,-2.69567e+07,267.493,335.306,53958.8,0,0,0,0,0,0,-8.68152,-4.89855,-9.25185,-7.04724,0,0
0.000150258,0,0,0,1e+09,1e+09,1e+09,0,0,0,0,0,3933,1387,5.09672e-07,0,0.292433,-7.41531,0.544455,1.07324,0.161786,-6.67455,-2.55605e+07,400.686,359.444,54168.9,0,0,0,0,0,0,-8.71509,-4.9086,-9.28247,-7.07005,0,0
0.000150407,0,0,0,1e+09,1e+09,1e+09,0,0,0,0,0,3942,1387,5.09672e-07,0,0.292432,-7.41094,0.544455,1.07324,0.161785,-6.64254,-2.4226e+07,613.071,492.934,55073.8,0,0,0,0,0,0,-8.74124,-4.91821,-9.31677,-7.0893,0,0
0.000150555,0,0,0,1e+09,1e+09,1e+09,0,0,0,0,0,3948,1387,5.09672e-07,0,0.292431,-7.40658,0.544456,1.07324,0.161784,-6.61013,-2.29572e+07,369.067,82.6962,53974.8,0,0,0,0,0,0,-8.76424,-4.92898,-9.34004,-7.10834,0,0
0.000150704,0,0,0,1e+09,1e+09,1e+09,0,0,0,0,0,3953,1387,5.09672e-07,0,0.29243,-7.40224,0.544456,1.07324,0.161783,-6.57577,-2.17579e+07,284.63,403.662,54714.8,0,0,0,0,0,0,-8.77892,-4.9394,-9.36848,-7.13288,0,0
0.000150852,0,0,0,1e+09,1e+09,1e+09,0,0,0,0,0,3957,1387,5.09672e-07,0,0.292428,-7.39792,0.544456,1.07323,0.161782,-6.54118,-2.06314e+07,579.742,262.601,55445.8,0,0,0,0,0,0,-8.79899,-4.95042,-9.39806,-7.15088,0,0
0.000151,0,0,0,1e+09,1e+09,1e+09,0,0,0,0,0,3966,1387,5.09672e-07,0,0.292427,-7.3936,0.544456,1.07323,0.161781,-6.50637,-1.95804e+07,93.9112,128.48,54794.3,0,0,0,0,0,0,-8.82452,-4.96191,-9.42742,-7.17415,0,0
0.000151149,0,0,0,1e+09,1e+09,1e+09,0,0,0,0,0,3976,1387,5.09672e-07,0,0.292426,-7.38929,0.544456,1.07323,0.16178,-6.46978,-1.86071e+07,587.647,667.002,54999,0,0,0,0,0,0,-8.84718,-4.97318,-9.46313,-7.19659,0,0
0.000151297,0,0,0,1e+09,1e+09,1e+09,0,0,0,0,0,3985,1387,5.09672e-07,0,0.292425,-7.38498,0.544456,1.07323,0.161779,-6.43286,-1.77131e+07,460.326,62.9665,55860.1,0,0,0,0,0,0,-8.88236,-4.98456,-9.48592,-7.21714,0,0
0.000151446,0,0,0,1e+09,1e+09,1e+09,0,0,0,0,0,3999,1387,5.09672e-07,0,0.292424,-7.38068,0.544456,1.07323,0.161778,-6.39561,-1.68995e+07,293.127,368.172,54861.1,0,0,0,0,0,0,-8.88596,-4.99641,-9.53061,-7.24588,0,0
0.000151594,0,0,0,1e+09,1e+09,1e+09,0,0,0,0,0,4008,1387,5.09672e-07,0,0.292423,-7.37639,0.544457,1.07323,0.161777,-6.35689,-1.61669e+07,543.04,373.648,54507.5,0,0,0,0,0,0,-8.90805,-5.00784,-9.55088,-7.26733,0,0
0.000151743,0,0,0,1e+09,1e+09,1e+09,0,0,0,0,0,4021,1387,5.09672e-07,0,0.292422,-7.3721,0.544457,1.07323,0.161776,-6.31803,-1.55152e+07,456.384,333.193,55871.4,0,0,0,0,0,0,-8.9202,-5.01934,-9.57976,-7.29074,0,0
0.000151891,0,0,0,1e+09,1e+09,1e+09,0,0,0,0,0,4030,1387,5.09672e-07,0,0.292421,-7.3678,0.544457,1.07322,0.161776,-6.27945,-1.49439e+07,408.306,136.804,55488.6,0,0,0,0,0,0,-8.93471,-5.03076,-9.61241,-7.31195,0,0
0.00015204,0,0,0,1e+09,1e+09,1e+09,0,0,0,0,0,4038,1387,5.09672e-07,0,0.29242,-7.36352,0.544457,1.07322,0.161775,-6.23931,-1.4452e+07,529.088,201.621,54276.8,0,0,0,0,0,0,-8.9529,-5.0425,-9.6451,-7.34121,0,0
0.000152188,0,0,0,1e+09,1e+09,1e+09,0,0,0,0,0,4043,1387,5.09672e-07,0,0.292419,-7.35926,0.544457,1.07322,0.161774,-6.1992,-1.40382e+07,643.019,307.018,56364.1,0,0,0,0,0,0,-8.96876,-5.05432,-9.67513,-7.35668,0,0
0.000152337,0,0,0,1e+09,1e+09,1e+09,0,0,0,0,0,4058,1387,5.09672e-07,0,0.292418,-7.35501,0.544457,1.07322,0.161773,-6.1592,-1.37005e+07,428.613,112.539,55441.4,0,0,0,0,0,0,-8.99031,-5.06571,-9.69292,-7.38109,0,0
0.000152485,0,0,0,1e+09,1e+09,1e+09,0,0,0,0,0,4068,1387,5.09672e-07,0,0.292416,-7.35076,0.544458,1.07322,0.161772,-6.11777,-1.34369e+07,343.486,263.835,54910.8,0,0,0,0,0,0,-8.9993,-5.07723,-9.72758,-7.40509,0,0
0.000152634,0,0,0,1e+09,1e+09,1e+09,0,0,0,0,0,4073,1387,5.09672e-07,0,0.292415,-7.34652,0.544458,1.07322,0.161771,-6.07669,-1.3245e+07,505.375,292.902,56480.9,0,0,0,0,0,0,-9.00812,-5.08886,-9.76002,-7.4302,0,0
0.000152782,0,0,0,1e+09,1e+09,1e+09,0,0,0,0,0,4082,1387,5.09672e-07,0,0.292414,-7.34228,0.544458,1.07321,0.16177,-6.03535,-1.31222e+07,582.838,275.163,55608.2,0,0,0,0,0,0,-9.02193,-5.10124,-9.78252,-7.4512,0,0
0.000152931,0,0,0,1e+09,1e+09,1e+09,0,0,0,0,0,4094,1387,5.09672e-07,0,0.292413,-7.33805,0.544458,1.07321,0.161769,-5.99365,-1.30657e+07,426.547,141.052,55252.5,0,0,0,0,0,0,-9.02403,-5.11329,-9.81023,-7.47551,0,0
0.000153079,0,0,0,1e+09,1e+09,1e+09,0,0,0,0,0,4111,1387,5.09672e-07,0,0.292412,-7.33381,0.544458,1.07321,0.161768,-5.9518,-1.30727e+07,274.603,86.7358,56230.5,0,0,0,0,0,0,-9.01883,-5.1253,-9.85184,-7.5,0,0
0.000153228,0,0,0,1e+09,1e+09,1e+09,0,0,0,0,0,4124,1387,5.09672e-07,0,0.292411,-7.32957,0.544458,1.07321,0.161767,-5.9097,-1.31403e+07,307.855,215.105,56127.8,0,0,0,0,0,0,-9.04246,-5.13816,-9.8704,-7.52373,0,0
0.000153376,0,0,0,1e+09,1e+09,1e+09,0,0,0,0,0,4143,1387,5.09672e-07,0,0.29241,-7.32531,0.544459,1.07321,0.161767,-5.86765,-1.32657e+07,366.889,-69.0749,55921,0,0,0,0,0,0,-9.04474,-5.15189,-9.91038,-7.55045,0,0
0.000153525,0,0,0,1e+09,1e+09,1e+09,0,0,0,0,0,4157,1387,5.09672e-07,0,0.292409,-7.32104,0.544459,1.07321,0.161766,-5.82567,-1.3446e+07,257.106,71.1427,56151.3,0,0,0,0,0,0,-9.05129,-5.16624,-9.93824,-7.57797,0,0
0.000153673,0,0,0,1e+09,1e+09,1e+09,0,0,0,0,0,4173,1387,5.09672e-07,0,0.292408,-7.31674,0.544459,1.07321,0.161765,-5.78387,-1.36785e+07,293.191,114.121,57067.7,0,0,0,0,0,0,-9.04951,-5.18179,-9.97226,-7.60618,0,0
0.000153822,0,0,0,1e+09,1e+09,1e+09,0,0,0,0,0,4187,1387,5.09672e-07,0,0.292407,-7.31241,0.544459,1.0732,0.161764,-5.74224,-1.39606e+07,317.539,-48.6214,56270.2,0,0,0,0,0,0,-9.04157,-5.19661,-10.0076,-7.6262,0,0
0.00015397,0,0,0,1e+09,1e+09,1e+09,0,0,0,0,0,4200,1387,5.09672e-07,0,0.292406,-7.30806,0.544459,1.0732,0.161763,-5.70077,-1.42898e+07,87.6084,-167.367,56769.4,0,0,0,0,0,0,-9.043,-5.21192,-10.0371,-7.65299,0,0
0.000154118,0,0,0,1e+09,1e+09,1e+09,0,0,0,0,0,4213,1387,5.09672e-07,0,0.292404,-7.30369,0.544459,1.0732,0.161762,-5.66013,-1.46639e+07,76.688,90.8931,56546.8,0,0,0,0,0,0,-9.0435,-5.22693,-10.0716,-7.67811,0,0
0.000154267,0,0,0,1e+09,1e+09,1e+09,0,0,0,0,0,4228,1387,5.09672e-07,0,0.292403,-7.29929,0.54446,1.0732,0.161761,-5.61912,-1.50809e+07,367.092,-104.326,55294.9,0,0,0,0,0,0,-9.05915,-5.24318,-10.0947,-7.70247,0,0
0.000154415,0,0,0,1e+09,1e+09,1e+09,0,0,0,0,0,4246,1387,5.09672e-07,0,0.292402,-7.29487,0.54446,1.0732,0.161761,-5.57857,-1.55388e+07,57.6187,128.916,56353.9,0,0,0,0,0,0,-9.06186,-5.25888,-10.1269,-7.72863,0,0
0.000154564,0,0,0,1e+09,1e+09,1e+09,0,0,0,0,0,4265,1387,5.09672e-07,0,0.292401,-7.29041,0.54446,1.0732,0.16176,-5.53904,-1.60362e+07,213.231,-70.1285,55848.1,0,0,0,0,0,0,-9.06431,-5.27438,-10.149,-7.75582,0,0
0.000154712,0,0,0,1e+09,1e+09,1e+09,0,0,0,0,0,4286,1387,5.09672e-07,0,0.2924,-7.28593,0.54446,1.0732,0.161759,-5.49901,-1.65715e+07,803.241,236.351,55781.5,0,0,0,0,0,0,-9.05456,-5.28932,-10.1896,-7.78353,0,0
0.000154861,0,0,0,1e+09,1e+09,1e+09,0,0,0,0,0,4299,1387,5.09672e-07,0,0.292399,-7.28143,0.54446,1.07319,0.161758,-5.45946,-1.71436e+07,273.302,-89.0981,56880.5,0,0,0,0,0,0,-9.0641,-5.30433,-10.2197,-7.81181,0,0
0.000155009,0,0,0,1e+09,1e+09,1e+09,0,0,0,0,0,4320,1387,5.09672e-07,0,0.292398,-7.27691,0.54446,1.07319,0.161757,-5.42082,-1.77514e+07,389.19,104.193,56021.1,0,0,0,0,0,0,-9.07891,-5.31915,-10.247,-7.83874,0,0
0.000155158,0,0,0,1e+09,1e+09,1e+09,0,0,0,0,0,4340,1387,5.09672e-07,0,0.292397,-7.27236,0.54446,1.07319,0.161757,-5.38226,-1.83941e+07,526.69,86.035,56181.4,0,0,0,0,0,0,-9.08593,-5.33377,-10.2811,-7.86352,0,0
0.000155306,0,0,0,1e+09,1e+09,1e+09,0,0,0,0,0,4353,1387,5.09672e-07,0,0.292396,-7.26779,0.544461,1.07319,0.161756,-5.34407,-1.90709e+07,240.296,226.232,56727.2,0,0,0,0,0,0,-9.09837,-5.34854,-10.3082,-7.88844,0,0
0.000155455,0,0,0,1e+09,1e+09,1e+09,0,0,0,0,0,4370,1387,5.09672e-07,0,0.292395,-7.2632,0.544461,1.07319,0.161755,-5.30711,-1.97813e+07,385.55,188.804,56567.6,0,0,0,0,0,0,-9.11733,-5.36281,-10.3346,-7.91224,0,0
0.000155603,0,0,0,1e+09,1e+09,1e+09,0,0,0,0,0,4381,1387,5.09672e-07,0,0.292394,-7.25858,0.544461,1.07319,0.161754,-5.27024,-2.05248e+07,526.397,231.31,55399.2,0,0,0,0,0,0,-9.14278,-5.37688,-10.3604,-7.93703,0,0
0.000155752,0,0,0,1e+09,1e+09,1e+09,0,0,0,0,0,4398,1387,5.09672e-07,0,0.292393,-7.25392,0.544461,1.07319,0.161753,-5.23399,-2.13007e+07,97.5326,-22.106,55882.3,0,0,0,0,0,0,-9.16011,-5.39147,-10.388,-7.95602,0,0
0.0001559,0,0,0,1e+09,1e+09,1e+09,0,0,0,0,0,4412,1387,5.09672e-07,0,0.292391,-7.24922,0.544461,1.07318,0.161753,-5.19897,-2.21086e+07,524.77,205.248,55347,0,0,0,0,0,0,-9.18462,-5.40529,-10.4071,-7.97999,0,0
0.000156049,0,0,0,1e+09,1e+09,1e+09,0,0,0,0,0,4426,1387,5.09672e-07,0,0.29239,-7.24447,0.544461,1.07318,0.161752,-5.16376,-2.2948e+07,805.051,156.083,55392.7,0,0,0,0,0,0,-9.19918,-5.4189,-10.445,-7.99962,0,0
0.000156197,0,0,0,1e+09,1e+09,1e+09,0,0,0,0,0,4438,1387,5.09672e-07,0,0.292389,-7.23969,0.544462,1.07318,0.161751,-5.12923,-2.38183e+07,61.8255,162.916,56151.1,0,0,0,0,0,0,-9.22943,-5.43224,-10.4696,-8.02243,0,0
0.000156346,0,0,0,1e+09,1e+09,1e+09,0,0,0,0,0,4450,1387,5.09672e-07,0,0.292388,-7.23486,0.544462,1.07318,0.16175,-5.09567,-2.47187e+07,727.7,-7.60636,55937.9,0,0,0,0,0,0,-9.26028,-5.446,-10.4911,-8.04335,0,0
0.000156494,0,0,0,1e+09,1e+09,1e+09,0,0,0,0,0,4463,1387,5.09672e-07,0,0.292387,-7.22999,0.544462,1.07318,0.16175,-5.06204,-2.56484e+07,357.875,32.4279,55926.4,0,0,0,0,0,0,-9.28696,-5.45964,-10.5123,-8.06186,0,0
0.000156643,0,0,0,1e+09,1e+09,1e+09,0,0,0,0,0,4475,1387,5.09672e-07,0,0.292386,-7.22508,0.544462,1.07318,0.161749,-5.0303,-2.66067e+07,396.199,48.0069,56333.6,0,0,0,0,0,0,-9.31002,-5.47376,-10.5439,-8.08365,0,0
0.000156791,0,0,0,1e+09,1e+09,1e+09,0,0,0,0,0,4481,1387,5.09672e-07,0,0.292385,-7.22011,0.544462,1.07318,0.161748,-4.99858,-2.75923e+07,392.224,58.1991,56048.7,0,0,0,0,0,0,-9.33402,-5.48731,-10.5726,-8.10955,0,0
0.00015694,0,0,0,1e+09,1e+09,1e+09,0,0,0,0,0,4494,1387,5.09672e-07,0,0.292384,-7.2151,0.544462,1.07317,0.161747,-4.96749,-2.86042e+07,506.442,-187.097,56595.8,0,0,0,0,0,0,-9.35919,-5.49954,-10.5978,-8.13195,0,0
0.000157088,0,0,0,1e+09,1e+09,1e+09,0,0,0,0,0,4502,1387,5.09672e-07,0,0.292383,-7.21003,0.544463,1.07317,0.161747,-4.93816,-2.96412e+07,228.858,135.522,56705.7,0,0,0,0,0,0,-9.39006,-5.51262,-10.6218,-8.15038,0,0
0.000157236,0,0,0,1e+09,1e+09,1e+09,0,0,0,0,0,4516,1387,5.09672e-07,0,0.292382,-7.2049,0.544463,1.07317,0.161746,-4.90981,-3.07018e+07,169.193,58.1284,56142,0,0,0,0,0,0,-9.41952,-5.52614,-10.6454,-8.174,0,0
0.000157385,0,0,0,1e+09,1e+09,1e+09,0,0,0,0,0,4530,1387,5.09672e-07,0,0.292381,-7.1997,0.544463,1.07317,0.161745,-4.88278,-3.17847e+07,127.212,-60.7347,56787.1,0,0,0,0,0,0,-9.44534,-5.53897,-10.6705,-8.1967,0,0
0.000157533,0,0,0,1e+09,1e+09,1e+09,0,0,0,0,0,4541,1387,5.09672e-07,0,0.29238,-7.19443,0.544463,1.07317,0.161744,-4.85703,-3.28883e+07,3.88841,105.233,55995,0,0,0,0,0,0,-9.4713,-5.55182,-10.6967,-8.21768,0,0
0.000157682,0,0,0,1e+09,1e+09,1e+09,0,0,0,0,0,4554,1387,5.09672e-07,0,0.292379,-7.18908,0.544463,1.07317,0.161744,-4.83193,-3.40111e+07,188.967,206.422,55986.3,0,0,0,0,0,0,-9.50824,-5.56405,-10.722,-8.23684,0,0
0.00015783,0,0,0,1e+09,1e+09,1e+09,0,0,0,0,0,4564,1387,5.09672e-07,0,0.292378,-7.18366,0.544463,1.07317,0.161743,-4.8081,-3.51516e+07,-66.1669,136.623,56169.6,0,0,0,0,0,0,-9.55205,-5.57705,-10.7426,-8.25786,0,0
0.000157979,0,0,0,1e+09,1e+09,1e+09,0,0,0,0,0,4575,1387,5.09672e-07,0,0.292376,-7.17815,0.544464,1.07316,0.161742,-4.78585,-3.63081e+07,397.531,352.78,56018.2,0,0,0,0,0,0,-9.58389,-5.58961,-10.7685,-8.27867,0,0
0.000158127,0,0,0,1e+09,1e+09,1e+09,0,0,0,0,0,4581,1387,5.09672e-07,0,0.292375,-7.17256,0.544464,1.07316,0.161742,-4.76429,-3.74788e+07,174.199,104.72,56507.8,0,0,0,0,0,0,-9.61975,-5.60203,-10.7862,-8.29563,0,0
0.000158276,0,0,0,1e+09,1e+09,1e+09,0,0,0,0,0,4598,1387,5.09672e-07,0,0.292374,-7.16688,0.544464,1.07316,0.161741,-4.74459,-3.86621e+07,28.4227,64.6059,56409.8,0,0,0,0,0,0,-9.64294,-5.6141,-10.8246,-8.31846,0,0
0.000158424,0,0,0,1e+09,1e+09,1e+09,0,0,0,0,0,4612,1387,5.09672e-07,0,0.292373,-7.16111,0.544464,1.07316,0.16174,-4.7258,-3.98562e+07,142.742,201.918,56331.8,0,0,0,0,0,0,-9.69554,-5.62604,-10.8393,-8.33528,0,0
0.000158573,0,0,0,1e+09,1e+09,1e+09,0,0,0,0,0,4624,1387,5.09672e-07,0,0.292372,-7.15524,0.544464,1.07316,0.161739,-4.70903,-4.10591e+07,180.134,207.817,57066.4,0,0,0,0,0,0,-9.73514,-5.63842,-10.8634,-8.35459,0,0
0.000158721,0,0,0,1e+09,1e+09,1e+09,0,0,0,0,0,4643,1387,5.09672e-07,0,0.292371,-7.14929,0.544464,1.07316,0.161739,-4.69411,-4.22688e+07,181.535,165.885,56400.1,0,0,0,0,0,0,-9.77825,-5.64974,-10.8886,-8.37203,0,0
0.00015887,0,0,0,1e+09,1e+09,1e+09,0,0,0,0,0,4657,1387,5.09672e-07,0,0.29237,-7.14325,0.544464,1.07316,0.161738,-4.68035,-4.34832e+07,103.464,182.392,56851.4,0,0,0,0,0,0,-9.81983,-5.66082,-10.9149,-8.39553,0,0
0.000159018,0,0,0,1e+09,1e+09,1e+09,0,0,0,0,0,4671,1387,5.09672e-07,0,0.292369,-7.13711,0.544465,1.07315,0.161737,-4.6684,-4.47e+07,59.4539,94.7889,57381,0,0,0,0,0,0,-9.86561,-5.67175,-10.9413,-8.41413,0,0
0.000159167,0,0,0,1e+09,1e+09,1e+09,0,0,0,0,0,4683,1387,5.09672e-07,0,0.292368,-7.13087,0.544465,1.07315,0.161737,-4.65897,-4.59169e+07,129.287,138.441,57149.8,0,0,0,0,0,0,-9.9117,-5.68266,-10.9635,-8.43368,0,0
0.000159315,0,0,0,1e+09,1e+09,1e+09,0,0,0,0,0,4696,1387,5.09672e-07,0,0.292367,-7.12452,0.544465,1.07315,0.161736,-4.65077,-4.71312e+07,-108.385,51.249,57034,0,0,0,0,0,0,-9.95589,-5.69286,-10.9865,-8.45022,0,0
0.000159464,0,0,0,1e+09,1e+09,1e+09,0,0,0,0,0,4706,1387,5.09672e-07,0,0.292366,-7.11807,0.544465,1.07315,0.161735,-4.645,-4.83403e+07,-91.108,226.113,57605.1,0,0,0,0,0,0,-10.0042,-5.70314,-11.0125,-8.47176,0,0
0.000159612,0,0,0,1e+09,1e+09,1e+09,0,0,0,0,0,4717,1387,5.09672e-07,0,0.292365,-7.11152,0.544465,1.07315,0.161735,-4.64074,-4.95413e+07,-8.31324,100.176,56729,0,0,0,0,0,0,-10.0684,-5.71301,-11.0271,-8.48938,0,0
0.000159761,0,0,0,1e+09,1e+09,1e+09,0,0,0,0,0,4722,1387,5.09672e-07,0,0.292364,-7.10486,0.544465,1.07315,0.161734,-4.63812,-5.07312e+07,43.3135,157.184,57202.1,0,0,0,0,0,0,-10.1174,-5.7224,-11.0581,-8.50797,0,0
0.000159909,0,0,0,1e+09,1e+09,1e+09,0,0,0,0,0,4729,1387,5.09672e-07,0,0.292363,-7.09808,0.544466,1.07314,0.161733,-4.63779,-5.19068e+07,40.3177,593.23,56914.8,0,0,0,0,0,0,-10.1791,-5.73174,-11.0723,-8.52461,0,0
0.000160058,0,0,0,1e+09,1e+09,1e+09,0,0,0,0,0,4739,1387,5.09672e-07,0,0.292362,-7.09117,0.544466,1.07314,0.161733,-4.63964,-5.30651e+07,117.227,205.686,57200,0,0,0,0,0,0,-10.2294,-5.74097,-11.0967,-8.54109,0,0
0.000160206,0,0,0,1e+09,1e+09,1e+09,0,0,0,0,0,4745,1387,5.09672e-07,0,0.292361,-7.08412,0.544466,1.07314,0.161732,-4.64358,-5.42026e+07,169.642,261.57,56470.1,0,0,0,0,0,0,-10.2828,-5.75071,-11.1193,-8.56001,0,0
0.000160354,0,0,0,1e+09,1e+09,1e+09,0,0,0,0,0,4760,1387,5.09672e-07,0,0.29236,-7.07693,0.544466,1.07314,0.161731,-4.65011,-5.53161e+07,25.4445,491.846,58171,0,0,0,0,0,0,-10.3369,-5.7601,-11.1478,-8.5734,0,0
0.000160503,0,0,0,1e+09,1e+09,1e+09,0,0,0,0,0,4767,1387,5.09672e-07,0,0.292359,-7.0696,0.544466,1.07314,0.16173,-4.65845,-5.64023e+07,81.7406,73.432,57970.9,0,0,0,0,0,0,-10.4066,-5.76947,-11.1697,-8.59373,0,0
0.000160651,0,0,0,1e+09,1e+09,1e+09,0,0,0,0,0,4775,1387,5.09672e-07,0,0.292357,-7.06213,0.544466,1.07314,0.16173,-4.66963,-5.74578e+07,-332.996,44.1838,57940.2,0,0,0,0,0,0,-10.4691,-5.77892,-11.2009,-8.60937,0,0
0.0001608,0,0,0,1e+09,1e+09,1e+09,0,0,0,0,0,4786,1387,5.09672e-07,0,0.292356,-7.05451,0.544467,1.07314,0.161729,-4.68227,-5.84796e+07,34.9062,322.241,57934.9,0,0,0,0,0,0,-10.5378,-5.78759,-11.2131,-8.62868,0,0
0.000160948,0,0,0,1e+09,1e+09,1e+09,0,0,0,0,0,4794,1387,5.09672e-07,0,0.292355,-7.04674,0.544467,1.07313,0.161728,-4.69769,-5.94643e+07,-114.302,98.1941,57997.8,0,0,0,0,0,0,-10.6021,-5.79562,-11.2319,-8.64265,0,0
0.000161097,0,0,0,1e+09,1e+09,1e+09,0,0,0,0,0,4797,1387,5.09672e-07,0,0.292354,-7.03883,0.544467,1.07313,0.161728,-4.71567,-6.0409e+07,-305.938,32.0308,57684.4,0,0,0,0,0,0,-10.6683,-5.8038,-11.256,-8.65923,0,0
0.000161245,0,0,0,1e+09,1e+09,1e+09,0,0,0,0,0,4802,1387,5.09672e-07,0,0.292353,-7.03076,0.544467,1.07313,0.161727,-4.7359,-6.13107e+07,-47.86,217.6,57626.3,0,0,0,0,0,0,-10.7348,-5.81169,-11.2797,-8.67938,0,0
0.000161394,0,0,0,1e+09,1e+09,1e+09,0,0,0,0,0,4805,1387,5.09672e-07,0,0.292352,-7.02254,0.544467,1.07313,0.161726,-4.75855,-6.21668e+07,-355.33,314.272,58804.7,0,0,0,0,0,0,-10.8047,-5.81942,-11.3015,-8.69274,0,0
0.000161542,0,0,0,1e+09,1e+09,1e+09,0,0,0,0,0,4818,1387,5.09672e-07,0,0.292351,-7.01417,0.544467,1.07313,0.161726,-4.78387,-6.29747e+07,-29.4377,59.1145,57582.1,0,0,0,0,0,0,-10.8691,-5.82768,-11.3243,-8.71065,0,0
0.000161691,0,0,0,1e+09,1e+09,1e+09,0,0,0,0,0,4828,1387,5.09672e-07,0,0.29235,-7.00567,0.544467,1.07313,0.161725,-4.81142,-6.37321e+07,-185.044,423.21,57837.4,0,0,0,0,0,0,-10.9359,-5.83731,-11.3477,-8.73004,0,0
0.000161839,0,0,0,1e+09,1e+09,1e+09,0,0,0,0,0,4841,1387,5.09672e-07,0,0.292349,-6.99702,0.544468,1.07313,0.161724,-4.84133,-6.4437e+07,-165.541,-6.78555,58876.7,0,0,0,0,0,0,-10.999,-5.84573,-11.3764,-8.74649,0,0
0.000161988,0,0,0,1e+09,1e+09,1e+09,0,0,0,0,0,4852,1387,5.09672e-07,0,0.292348,-6.98822,0.544468,1.07312,0.161723,-4.87405,-6.50874e+07,-146.169,290.469,58881.8,0,0,0,0,0,0,-11.0635,-5.8545,-11.3957,-8.7632,0,0
0.000162136,0,0,0,1e+09,1e+09,1e+09,0,0,0,0,0,4866,1387,5.09672e-07,0,0.292347,-6.97928,0.544468,1.07312,0.161723,-4.9089,-6.5682e+07,-324.062,178.016,58013,0,0,0,0,0,0,-11.1266,-5.86281,-11.4142,-8.78059,0,0
0.000162285,0,0,0,1e+09,1e+09,1e+09,0,0,0,0,0,4877,1387,5.09672e-07,0,0.292346,-6.97018,0.544468,1.07312,0.161722,-4.94641,-6.62194e+07,54.7445,19.146,59257.6,0,0,0,0,0,0,-11.1832,-5.87124,-11.4464,-8.79475,0,0
0.000162433,0,0,0,1e+09,1e+09,1e+09,0,0,0,0,0,4889,1387,5.09672e-07,0,0.292345,-6.96094,0.544468,1.07312,0.161721,-4.98669,-6.66989e+07,-69.2849,253.65,58692,0,0,0,0,0,0,-11.2541,-5.87992,-11.4679,-8.81555,0,0
0.000162582,0,0,0,1e+09,1e+09,1e+09,0,0,0,0,0,4894,1387,5.09672e-07,0,0.292344,-6.95155,0.544468,1.07312,0.16172,-5.02887,-6.71197e+07,-479.457,10.254,58670.8,0,0,0,0,0,0,-11.3202,-5.88887,-11.492,-8.83389,0,0
0.00016273,0,0,0,1e+09,1e+09,1e+09,0,0,0,0,0,4905,1387,5.09672e-07,0,0.292343,-6.94201,0.544469,1.07312,0.16172,-5.07356,-6.74818e+07,142.95,121.068,58835.7,0,0,0,0,0,0,-11.3865,-5.89729,-11.5061,-8.85098,0,0
0.000162879,0,0,0,1e+09,1e+09,1e+09,0,0,0,0,0,4911,1387,5.09672e-07,0,0.292342,-6.93232,0.544469,1.07312,0.161719,-5.12196,-6.77851e+07,-380.805,403.948,59280.9,0,0,0,0,0,0,-11.4388,-5.90508,-11.5353,-8.86927,0,0
0.000163027,0,0,0,1e+09,1e+09,1e+09,0,0,0,0,0,4918,1387,5.09672e-07,0,0.292341,-6.9225,0.544469,1.07311,0.161718,-5.17189,-6.80301e+07,-257.083,106.646,58571.9,0,0,0,0,0,0,-11.5078,-5.91323,-11.5528,-8.88516,0,0
0.000163176,0,0,0,1e+09,1e+09,1e+09,0,0,0,0,0,4929,1387,5.09672e-07,0,0.29234,-6.91254,0.544469,1.07311,0.161717,-5.22393,-6.82175e+07,-59.1769,364.363,59679,0,0,0,0,0,0,-11.5663,-5.92072,-11.5817,-8.90549,0,0
0.000163324,0,0,0,1e+09,1e+09,1e+09,0,0,0,0,0,4937,1387,5.09672e-07,0,0.292339,-6.90246,0.544469,1.07311,0.161717,-5.27925,-6.83482e+07,-265.024,252.074,59467.1,0,0,0,0,0,0,-11.6332,-5.92897,-11.5984,-8.92305,0,0
0.000163472,0,0,0,1e+09,1e+09,1e+09,0,0,0,0,0,4947,1387,5.09672e-07,0,0.292338,-6.89224,0.544469,1.07311,0.161716,-5.33684,-6.84235e+07,-297.054,105.115,59090.5,0,0,0,0,0,0,-11.6799,-5.93715,-11.6294,-8.9427,0,0
0.000163621,0,0,0,1e+09,1e+09,1e+09,0,0,0,0,0,4951,1387,5.09672e-07,0,0.292337,-6.88191,0.54447,1.07311,0.161715,-5.39642,-6.84446e+07,-228.945,379.82,59492,0,0,0,0,0,0,-11.7343,-5.94484,-11.6484,-8.95901,0,0
0.000163769,0,0,0,1e+09,1e+09,1e+09,0,0,0,0,0,4962,1387,5.09672e-07,0,0.292336,-6.87145,0.54447,1.07311,0.161714,-5.45881,-6.84131e+07,-162.247,272.226,59736.7,0,0,0,0,0,0,-11.7733,-5.953,-11.6834,-8.97717,0,0
0.000163918,0,0,0,1e+09,1e+09,1e+09,0,0,0,0,0,4966,1387,5.09672e-07,0,0.292335,-6.8609,0.54447,1.07311,0.161713,-5.52289,-6.83306e+07,-434.506,291.521,59245.6,0,0,0,0,0,0,-11.8367,-5.96113,-11.6967,-8.99555,0,0
0.000164066,0,0,0,1e+09,1e+09,1e+09,0,0,0,0,0,4971,1387,5.09672e-07,0,0.292334,-6.85025,0.54447,1.0731,0.161713,-5.58863,-6.81987e+07,-286.214,286.722,59507.2,0,0,0,0,0,0,-11.8933,-5.96935,-11.7187,-9.01105,0,0
0.000164215,0,0,0,1e+09,1e+09,1e+09,0,0,0,0,0,4977,1387,5.09672e-07,0,0.292333,-6.83951,0.54447,1.0731,0.161712,-5.65644,-6.80191e+07,36.4189,352.257,59368.7,0,0,0,0,0,0,-11.9357,-5.97745,-11.7414,-9.03249,0,0
0.000164363,0,0,0,1e+09,1e+09,1e+09,0,0,0,0,0,4983,1387,5.09672e-07,0,0.292332,-6.82868,0.54447,1.0731,0.161711,-5.72584,-6.77934e+07,-533.363,427.148,60581,0,0,0,0,0,0,-11.9537,-5.986,-11.775,-9.04708,0,0
0.000164512,0,0,0,1e+09,1e+09,1e+09,0,0,0,0,0,4995,1387,5.09672e-07,0,0.292331,-6.81777,0.544471,1.0731,0.16171,-5.79638,-6.7523e+07,-127.895,567.986,58956.9,0,0,0,0,0,0,-11.9871,-5.99374,-11.7966,-9.06514,0,0
0.00016466,0,0,0,1e+09,1e+09,1e+09,0,0,0,0,0,5005,1387,5.09672e-07,0,0.29233,-6.80676,0.544471,1.0731,0.161709,-5.86974,-6.72095e+07,-338.434,225.028,60362.2,0,0,0,0,0,0,-12.0215,-6.00255,-11.8251,-9.08087,0,0
0.000164809,0,0,0,1e+09,1e+09,1e+09,0,0,0,0,0,5013,1387,5.09672e-07,0,0.292329,-6.79567,0.544471,1.0731,0.161708,-5.94485,-6.68544e+07,-303.853,348.757,60586.4,0,0,0,0,0,0,-12.0573,-6.01129,-11.8514,-9.10152,0,0
0.000164957,0,0,0,1e+09,1e+09,1e+09,0,0,0,0,0,5021,1387,5.09672e-07,0,0.292328,-6.78451,0.544471,1.0731,0.161707,-6.02112,-6.64588e+07,-439.452,331.932,60678,0,0,0,0,0,0,-12.0753,-6.02135,-11.8866,-9.11782,0,0
0.000165106,0,0,0,1e+09,1e+09,1e+09,0,0,0,0,0,5033,1714,6.3541e-07,0,0.292327,-6.77327,0.544471,1.07309,0.161707,-6.09945,-6.60241e+07,-281.623,398.628,61178.2,0,0,0,0,0,0,-12.1005,-6.03033,-11.9134,-9.13805,0,0
0.000165254,0,0,0,1e+09,1e+09,1e+09,0,0,0,0,0,5039,1714,6.3541e-07,0,0.292326,-6.76198,0.544471,1.07309,0.161706,-6.17904,-6.55515e+07,-317.076,165.546,60551.9,0,0,0,0,0,0,-12.1299,-6.03999,-11.9343,-9.15646,0,0
0.000165403,0,0,0,1e+09,1e+09,1e+09,0,0,0,0,0,5044,1714,6.3541e-07,0,0.292325,-6.75064,0.544471,1.07309,0.161705,-6.25954,-6.50422e+07,-296.12,188.131,61282.1,0,0,0,0,0,0,-12.1459,-6.04969,-11.9609,-9.1737,0,0
0.000165551,0,0,0,1e+09,1e+09,1e+09,0,0,0,0,0,5053,1714,6.3541e-07,0,0.292324,-6.73925,0.544472,1.07309,0.161704,-6.34207,-6.44976e+07,-420.349,312.373,61061.6,0,0,0,0,0,0,-12.1473,-6.05873,-11.9928,-9.19688,0,0
0.0001657,0,0,0,1e+09,1e+09,1e+09,0,0,0,0,0,5059,1714,6.3541e-07,0,0.292323,-6.72782,0.544472,1.07309,0.161703,-6.42544,-6.39189e+07,-265.071,385.571,61440.2,0,0,0,0,0,0,-12.1483,-6.06731,-12.0299,-9.21731,0,0
0.000165848,0,0,0,1e+09,1e+09,1e+09,0,0,0,0,0,5067,1714,6.3541e-07,0,0.292322,-6.71636,0.544472,1.07309,0.161702,-6.51018,-6.33076e+07,-343.65,298.779,61705.8,0,0,0,0,0,0,-12.1753,-6.07658,-12.0517,-9.23588,0,0
0.000165997,0,0,0,1e+09,1e+09,1e+09,0,0,0,0,0,5075,1714,6.3541e-07,0,0.292321,-6.70488,0.544472,1.07309,0.161701,-6.59558,-6.26652e+07,-326.804,329.935,61553.2,0,0,0,0,0,0,-12.1832,-6.08619,-12.0872,-9.25868,0,0
0.000166145,0,0,0,1e+09,1e+09,1e+09,0,0,0,0,0,5080,1714,6.3541e-07,0,0.29232,-6.69339,0.544472,1.07308,0.1617,-6.68199,-6.19935e+07,-442.958,187.233,61158.5,0,0,0,0,0,0,-12.1876,-6.09484,-12.1148,-9.27515,0,0
0.000166294,0,0,0,1e+09,1e+09,1e+09,0,0,0,0,0,5088,1714,6.3541e-07,0,0.292319,-6.68188,0.544472,1.07308,0.161699,-6.7689,-6.12943e+07,64.2007,306.185,61960.8,0,0,0,0,0,0,-12.1806,-6.10479,-12.1427,-9.30109,0,0
0.000166442,0,0,0,1e+09,1e+09,1e+09,0,0,0,0,0,5103,1714,6.3541e-07,0,0.292318,-6.67036,0.544473,1.07308,0.161698,-6.85693,-6.05696e+07,-158.838,229.58,62553.6,0,0,0,0,0,0,-12.1626,-6.11467,-12.1807,-9.32078,0,0
0.00016659,0,0,0,1e+09,1e+09,1e+09,0,0,0,0,0,5114,1714,6.3541e-07,0,0.292317,-6.65885,0.544473,1.07308,0.161697,-6.9449,-5.98217e+07,-1.14328,413.142,61051.8,0,0,0,0,0,0,-12.1598,-6.1249,-12.2083,-9.34665,0,0
0.000166739,0,0,0,1e+09,1e+09,1e+09,0,0,0,0,0,5121,1714,6.3541e-07,0,0.292316,-6.64736,0.544473,1.07308,0.161696,-7.03296,-5.90528e+07,-180.726,429.787,62305.3,0,0,0,0,0,0,-12.151,-6.13593,-12.2457,-9.36601,0,0
0.000166887,0,0,0,1e+09,1e+09,1e+09,0,0,0,0,0,5129,1714,6.3541e-07,0,0.292315,-6.6359,0.544473,1.07308,0.161695,-7.12102,-5.82652e+07,-10.7656,216.719,62161.4,0,0,0,0,0,0,-12.1448,-6.14688,-12.2795,-9.39222,0,0
0.000167036,0,0,0,1e+09,1e+09,1e+09,0,0,0,0,0,5140,1714,6.3541e-07,0,0.292314,-6.62447,0.544473,1.07308,0.161694,-7.20831,-5.74615e+07,-266.967,532.965,62108.5,0,0,0,0,0,0,-12.1359,-6.15865,-12.315,-9.41134,0,0
0.000167184,0,0,0,1e+09,1e+09,1e+09,0,0,0,0,0,5154,1714,6.3541e-07,0,0.292313,-6.61306,0.544473,1.07307,0.161693,-7.29598,-5.66439e+07,-117.946,124.127,62875.3,0,0,0,0,0,0,-12.1251,-6.1697,-12.3449,-9.43933,0,0
0.000167333,0,0,0,1e+09,1e+09,1e+09,0,0,0,0,0,5162,1714,6.3541e-07,0,0.292312,-6.60167,0.544474,1.07307,0.161692,-7.38376,-5.58148e+07,-113.067,335.344,63256.3,0,0,0,0,0,0,-12.114,-6.18031,-12.3791,-9.4601,0,0
0.000167481,0,0,0,1e+09,1e+09,1e+09,0,0,0,0,0,5170,1714,6.3541e-07,0,0.292311,-6.59031,0.544474,1.07307,0.16169,-7.47001,-5.49766e+07,-302.597,241.377,62576.7,0,0,0,0,0,0,-12.0909,-6.19098,-12.4276,-9.48962,0,0
0.00016763,0,0,0,1e+09,1e+09,1e+09,0,0,0,0,0,5185,1714,6.3541e-07,0,0.29231,-6.579,0.544474,1.07307,0.161689,-7.55613,-5.41315e+07,-121.883,283.391,63029.9,0,0,0,0,0,0,-12.0875,-6.20361,-12.456,-9.51366,0,0
0.000167778,0,0,0,1e+09,1e+09,1e+09,0,0,0,0,0,5210,1714,6.3541e-07,0,0.292309,-6.56775,0.544474,1.07307,0.161688,-7.64137,-5.32815e+07,24.0011,203.59,63750.8,0,0,0,0,0,0,-12.063,-6.21638,-12.4991,-9.53842,0,0
0.000167927,0,0,0,1e+09,1e+09,1e+09,0,0,0,0,0,5221,1714,6.3541e-07,0,0.292308,-6.55656,0.544474,1.07307,0.161687,-7.72603,-5.24284e+07,-329.476,245.307,63050.3,0,0,0,0,0,0,-12.0547,-6.22941,-12.5283,-9.56359,0,0
0.000168075,0,0,0,1e+09,1e+09,1e+09,0,0,0,0,0,5232,1714,6.3541e-07,0,0.292307,-6.54544,0.544474,1.07306,0.161686,-7.80871,-5.15741e+07,-225.533,224.164,63246.3,0,0,0,0,0,0,-12.051,-6.24311,-12.5592,-9.5899,0,0
0.000168224,0,0,0,1e+09,1e+09,1e+09,0,0,0,0,0,5238,1714,6.3541e-07,0,0.292306,-6.53439,0.544475,1.07306,0.161685,-7.89113,-5.07201e+07,-57.8379,272.106,64508.4,0,0,0,0,0,0,-12.0256,-6.25675,-12.6126,-9.61419,0,0
0.000168372,0,0,0,1e+09,1e+09,1e+09,0,0,0,0,0,5252,1714,6.3541e-07,0,0.292305,-6.52343,0.544475,1.07306,0.161684,-7.97102,-4.98679e+07,-275.816,140.669,63327.9,0,0,0,0,0,0,-12.0147,-6.27042,-12.6384,-9.64159,0,0
0.000168521,0,0,0,1e+09,1e+09,1e+09,0,0,0,0,0,5264,1714,6.3541e-07,0,0.292304,-6.51256,0.544475,1.07306,0.161682,-8.04971,-4.90187e+07,155.03,220.317,63967.3,0,0,0,0,0,0,-11.9912,-6.2846,-12.6752,-9.66587,0,0
0.000168669,0,0,0,1e+09,1e+09,1e+09,0,0,0,0,0,5287,1714,6.3541e-07,0,0.292303,-6.50178,0.544475,1.07306,0.161681,-8.12708,-4.8174e+07,-48.2987,-173.327,64495.8,0,0,0,0,0,0,-11.9764,-6.3001,-12.7095,-9.69122,0,0
0.000168818,0,0,0,1e+09,1e+09,1e+09,0,0,0,0,0,5303,1714,6.3541e-07,0,0.292302,-6.49111,0.544475,1.07306,0.16168,-8.20253,-4.73348e+07,-232.162,141.139,64635.6,0,0,0,0,0,0,-11.9664,-6.31517,-12.7521,-9.72259,0,0
0.000168966,0,0,0,1e+09,1e+09,1e+09,0,0,0,0,0,5322,1714,6.3541e-07,0,0.292301,-6.48055,0.544475,1.07306,0.161679,-8.27565,-4.65023e+07,-437.382,-82.3218,64680.6,0,0,0,0,0,0,-11.9581,-6.33007,-12.7965,-9.75114,0,0
0.000169115,0,0,0,1e+09,1e+09,1e+09,0,0,0,0,0,5335,1714,6.3541e-07,0,0.2923,-6.4701,0.544475,1.07305,0.161678,-8.34652,-4.56778e+07,31.8758,99.1462,65059.7,0,0,0,0,0,0,-11.9459,-6.34526,-12.833,-9.7792,0,0
0.000169263,0,0,0,1e+09,1e+09,1e+09,0,0,0,0,0,5351,1714,6.3541e-07,0,0.292299,-6.45978,0.544476,1.07305,0.161676,-8.41573,-4.48625e+07,-219.339,68.6984,64400.3,0,0,0,0,0,0,-11.9275,-6.36099,-12.8671,-9.81404,0,0
0.000169412,0,0,0,1e+09,1e+09,1e+09,0,0,0,0,0,5370,1714,6.3541e-07,0,0.292298,-6.44958,0.544476,1.07305,0.161675,-8.48176,-4.40578e+07,-174.595,-147.583,64468.3,0,0,0,0,0,0,-11.9074,-6.37662,-12.9148,-9.84232,0,0
0.00016956,0,0,0,1e+09,1e+09,1e+09,0,0,0,0,0,5381,1714,6.3541e-07,0,0.292297,-6.43951,0.544476,1.07305,0.161674,-8.54522,-4.32651e+07,-160.463,-41.5294,65550.6,0,0,0,0,0,0,-11.8976,-6.39294,-12.961,-9.87434,0,0
0.000169709,0,0,0,1e+09,1e+09,1e+09,0,0,0,0,0,5397,1714,6.3541e-07,0,0.292296,-6.42957,0.544476,1.07305,0.161672,-8.6069,-4.24861e+07,-138.158,-129.403,65031.1,0,0,0,0,0,0,-11.9119,-6.40917,-12.9946,-9.90489,0,0
0.000169857,0,0,0,1e+09,1e+09,1e+09,0,0,0,0,0,5408,1714,6.3541e-07,0,0.292295,-6.41974,0.544476,1.07305,0.161671,-8.66553,-4.17225e+07,209.884,-94.5295,65238.3,0,0,0,0,0,0,-11.9026,-6.42571,-13.0473,-9.93899,0,0
0.000170005,0,0,0,1e+09,1e+09,1e+09,0,0,0,0,0,5422,1714,6.3541e-07,0,0.292294,-6.41003,0.544476,1.07305,0.16167,-8.72171,-4.09762e+07,-191.077,-197.449,65749.6,0,0,0,0,0,0,-11.9053,-6.44184,-13.0856,-9.96574,0,0
0.000170154,0,0,0,1e+09,1e+09,1e+09,0,0,0,0,0,5444,1714,6.3541e-07,0,0.292293,-6.40044,0.544477,1.07304,0.161669,-8.77513,-4.02493e+07,67.7105,-129.877,65424.9,0,0,0,0,0,0,-11.8949,-6.45877,-13.1327,-10.0026,0,0
0.000170302,0,0,0,1e+09,1e+09,1e+09,0,0,0,0,0,5460,1714,6.3541e-07,0,0.292292,-6.391,0.544477,1.07304,0.161667,-8.82557,-3.95441e+07,99.8662,-113.041,65804.7,0,0,0,0,0,0,-11.8873,-6.47651,-13.1793,-10.0331,0,0
0.000170451,0,0,0,1e+09,1e+09,1e+09,0,0,0,0,0,5475,1714,6.3541e-07,0,0.292291,-6.3817,0.544477,1.07304,0.161666,-8.87284,-3.88629e+07,-196.317,-459.35,65420.9,0,0,0,0,0,0,-11.8861,-6.49413,-13.2266,-10.0645,0,0
0.000170599,0,0,0,1e+09,1e+09,1e+09,0,0,0,0,0,5494,1714,6.3541e-07,0,0.292291,-6.37256,0.544477,1.07304,0.161665,-8.91561,-3.82084e+07,157.99,7.2153,66365,0,0,0,0,0,0,-11.8951,-6.51198,-13.2684,-10.0993,0,0
0.000170748,0,0,0,1e+09,1e+09,1e+09,0,0,0,0,0,5512,1714,6.3541e-07,0,0.29229,-6.36356,0.544477,1.07304,0.161663,-8.95541,-3.75831e+07,348.586,-253.171,66005.9,0,0,0,0,0,0,-11.9151,-6.52983,-13.3072,-10.1279,0,0
0.000170896,0,0,0,1e+09,1e+09,1e+09,0,0,0,0,0,5528,1714,6.3541e-07,0,0.292289,-6.35471,0.544477,1.07304,0.161662,-8.99169,-3.69898e+07,-27.8185,-90.5676,66220.2,0,0,0,0,0,0,-11.9242,-6.54776,-13.3627,-10.1644,0,0
0.000171045,0,0,0,1e+09,1e+09,1e+09,0,0,0,0,0,5551,1714,6.3541e-07,0,0.292288,-6.34602,0.544478,1.07304,0.161661,-9.02356,-3.64314e+07,221.154,-281.793,66060.8,0,0,0,0,0,0,-11.9428,-6.56588,-13.4002,-10.1974,0,0
0.000171193,0,0,0,1e+09,1e+09,1e+09,0,0,0,0,0,5564,1714,6.3541e-07,0,0.292287,-6.33751,0.544478,1.07303,0.161659,-9.05196,-3.59108e+07,234.769,-362.104,67483.8,0,0,0,0,0,0,-11.9499,-6.58343,-13.4502,-10.2268,0,0
0.000171342,0,0,0,1e+09,1e+09,1e+09,0,0,0,0,0,5578,1714,6.3541e-07,0,0.292286,-6.32917,0.544478,1.07303,0.161658,-9.07607,-3.5431e+07,-285.249,-61.4739,66117.6,0,0,0,0,0,0,-11.9572,-6.60089,-13.5016,-10.262,0,0
0.00017149,0,0,0,1e+09,1e+09,1e+09,0,0,0,0,0,5600,1714,6.3541e-07,0,0.292285,-6.321,0.544478,1.07303,0.161657,-9.09593,-3.49947e+07,290.164,-264.504,67020.1,0,0,0,0,0,0,-11.9897,-6.61905,-13.5355,-10.2927,0,0
0.000171639,0,0,0,1e+09,1e+09,1e+09,0,0,0,0,0,5611,1714,6.3541e-07,0,0.292284,-6.31299,0.544478,1.07303,0.161655,-9.11207,-3.4605e+07,61.656,-118.76,66806.7,0,0,0,0,0,0,-12.0165,-6.63705,-13.5823,-10.3234,0,0
0.000171787,0,0,0,1e+09,1e+09,1e+09,0,0,0,0,0,5635,1714,6.3541e-07,0,0.292283,-6.30515,0.544478,1.07303,0.161654,-9.12463,-3.42646e+07,-32.0421,-27.5531,66891.7,0,0,0,0,0,0,-12.0372,-6.65556,-13.6318,-10.3544,0,0
0.000171936,0,0,0,1e+09,1e+09,1e+09,0,0,0,0,0,5650,1714,6.3541e-07,0,0.292282,-6.29749,0.544478,1.07303,0.161653,-9.13148,-3.39763e+07,-82.8615,-179.149,67805.4,0,0,0,0,0,0,-12.0679,-6.67396,-13.6661,-10.3891,0,0
0.000172084,0,0,0,1e+09,1e+09,1e+09,0,0,0,0,0,5672,1714,6.3541e-07,0,0.292281,-6.29001,0.544479,1.07303,0.161651,-9.13423,-3.37427e+07,282.449,164.392,67764.1,0,0,0,0,0,0,-12.0759,-6.6944,-13.7301,-10.4216,0,0
0.000172233,0,0,0,1e+09,1e+09,1e+09,0,0,0,0,0,5683,1714,6.3541e-07,0,0.29228,-6.28271,0.544479,1.07302,0.16165,-9.13276,-3.35662e+07,-195.025,-458.979,68358.8,0,0,0,0,0,0,-12.1198,-6.71509,-13.7661,-10.4538,0,0
0.000172381,0,0,0,1e+09,1e+09,1e+09,0,0,0,0,0,5702,1714,6.3541e-07,0,0.292279,-6.27559,0.544479,1.07302,0.161648,-9.12605,-3.34491e+07,237.82,-219.672,68248.6,0,0,0,0,0,0,-12.1553,-6.73482,-13.8089,-10.489,0,0
0.00017253,0,0,0,1e+09,1e+09,1e+09,0,0,0,0,0,5719,1714,6.3541e-07,0,0.292278,-6.26864,0.544479,1.07302,0.161647,-9.11548,-3.33935e+07,-127.515,-271.251,68538.9,0,0,0,0,0,0,-12.1812,-6.75495,-13.8577,-10.5232,0,0
0.000172678,0,0,0,1e+09,1e+09,1e+09,0,0,0,0,0,5735,1714,6.3541e-07,0,0.292277,-6.26187,0.544479,1.07302,0.161646,-9.10066,-3.34012e+07,109.97,-225.651,68190.1,0,0,0,0,0,0,-12.2116,-6.77541,-13.905,-10.5597,0,0
0.000172827,0,0,0,1e+09,1e+09,1e+09,0,0,0,0,0,5757,1714,6.3541e-07,0,0.292276,-6.2553,0.544479,1.07302,0.161644,-9.08046,-3.34738e+07,212.639,-411.672,68061.2,0,0,0,0,0,0,-12.2422,-6.79646,-13.9574,-10.5938,0,0
0.000172975,0,0,0,1e+09,1e+09,1e+09,0,0,0,0,0,5776,1714,6.3541e-07,0,0.292276,-6.24893,0.54448,1.07302,0.161643,-9.05595,-3.36128e+07,-111.594,-223.655,68012.9,0,0,0,0,0,0,-12.2831,-6.81803,-14.006,-10.6329,0,0
0.000173123,0,0,0,1e+09,1e+09,1e+09,0,0,0,0,0,5801,1714,6.3541e-07,0,0.292275,-6.24277,0.54448,1.07302,0.161642,-9.02721,-3.38191e+07,55.9478,-96.1081,68860.5,0,0,0,0,0,0,-12.3179,-6.83954,-14.0558,-10.6754,0,0
0.000173272,0,0,0,1e+09,1e+09,1e+09,0,0,0,0,0,5824,1714,6.3541e-07,0,0.292274,-6.23681,0.54448,1.07301,0.16164,-8.99307,-3.40936e+07,142.307,-383.459,68314.1,0,0,0,0,0,0,-12.3498,-6.86083,-14.108,-10.7105,0,0
0.00017342,0,0,0,1e+09,1e+09,1e+09,0,0,0,0,0,5849,1714,6.3541e-07,0,0.292273,-6.23104,0.54448,1.07301,0.161639,-8.95452,-3.44368e+07,113.47,-377.288,68848.1,0,0,0,0,0,0,-12.384,-6.88295,-14.1567,-10.7502,0,0
0.000173569,0,0,0,1e+09,1e+09,1e+09,0,0,0,0,0,5871,1714,6.3541e-07,0,0.292272,-6.22546,0.54448,1.07301,0.161638,-8.91151,-3.48489e+07,-88.5916,-335.092,68665.5,0,0,0,0,0,0,-12.4136,-6.90583,-14.2115,-10.7913,0,0
0.000173717,0,0,0,1e+09,1e+09,1e+09,0,0,0,0,0,5894,1714,6.3541e-07,0,0.292271,-6.22006,0.54448,1.07301,0.161636,-8.86361,-3.53299e+07,-49.0303,-270.202,68797.7,0,0,0,0,0,0,-12.4438,-6.92854,-14.2716,-10.8326,0,0
0.000173866,0,0,0,1e+09,1e+09,1e+09,0,0,0,0,0,5921,1714,6.3541e-07,0,0.29227,-6.21483,0.544481,1.07301,0.161635,-8.81118,-3.58793e+07,47.6519,-299.036,68999.6,0,0,0,0,0,0,-12.4767,-6.95106,-14.32,-10.8775,0,0
0.000174014,0,0,0,1e+09,1e+09,1e+09,0,0,0,0,0,5948,1714,6.3541e-07,0,0.292269,-6.2098,0.544481,1.07301,0.161634,-8.75506,-3.64964e+07,77.157,-625.949,68784.5,0,0,0,0,0,0,-12.5111,-6.97333,-14.3626,-10.9217,0,0
0.000174163,0,0,0,1e+09,1e+09,1e+09,0,0,0,0,0,5972,1714,6.3541e-07,0,0.292268,-6.20495,0.544481,1.07301,0.161633,-8.69346,-3.71804e+07,16.4588,-457.087,68849.7,0,0,0,0,0,0,-12.5258,-6.9958,-14.4285,-10.9668,0,0
0.000174311,0,0,0,1e+09,1e+09,1e+09,0,0,0,0,0,6001,1714,6.3541e-07,0,0.292267,-6.20028,0.544481,1.073,0.161631,-8.62856,-3.79297e+07,-291.995,-425.413,69467,0,0,0,0,0,0,-12.5686,-7.01764,-14.4775,-11.0101,0,0
0.00017446,0,0,0,1e+09,1e+09,1e+09,0,0,0,0,0,6023,1714,6.3541e-07,0,0.292266,-6.1958,0.544481,1.073,0.16163,-8.55912,-3.87428e+07,-205.744,-555.889,68537.9,0,0,0,0,0,0,-12.6063,-7.04027,-14.5333,-11.0545,0,0
0.000174608,0,0,0,1e+09,1e+09,1e+09,0,0,0,0,0,6046,1714,6.3541e-07,0,0.292265,-6.19149,0.544481,1.073,0.161629,-8.48607,-3.96178e+07,73.565,-549.174,69195.7,0,0,0,0,0,0,-12.6397,-7.06143,-14.5758,-11.0979,0,0
0.000174757,0,0,0,1e+09,1e+09,1e+09,0,0,0,0,0,6067,1714,6.3541e-07,0,0.292264,-6.18736,0.544482,1.073,0.161627,-8.40842,-4.05524e+07,-200.158,-789.7,68125.9,0,0,0,0,0,0,-12.657,-7.08228,-14.6239,-11.1423,0,0
0.000174905,0,0,0,1e+09,1e+09,1e+09,0,0,0,0,0,6089,1714,6.3541e-07,0,0.292264,-6.18339,0.544482,1.073,0.161626,-8.32706,-4.1544e+07,-39.9801,-851.242,68953.3,0,0,0,0,0,0,-12.6684,-7.10335,-14.6829,-11.1849,0,0
0.000175054,0,0,0,1e+09,1e+09,1e+09,0,0,0,0,0,6120,1714,6.3541e-07,0,0.292263,-6.17959,0.544482,1.073,0.161625,-8.24191,-4.259e+07,-252.451,-553.297,69407.2,0,0,0,0,0,0,-12.6953,-7.12459,-14.7298,-11.223,0,0
0.000175202,0,0,0,1e+09,1e+09,1e+09,0,0,0,0,0,6143,1714,6.3541e-07,0,0.292262,-6.17594,0.544482,1.07299,0.161624,-8.15261,-4.36871e+07,-183.903,-707.5,69087.8,0,0,0,0,0,0,-12.7253,-7.14559,-14.7802,-11.2714,0,0
0.000175351,0,0,0,1e+09,1e+09,1e+09,0,0,0,0,0,6152,1714,6.3541e-07,0,0.292261,-6.17246,0.544482,1.07299,0.161623,-8.05912,-4.48321e+07,-100.317,-740.567,69923.6,0,0,0,0,0,0,-12.7452,-7.16746,-14.8315,-11.308,0,0
0.000175499,0,0,0,1e+09,1e+09,1e+09,0,0,0,0,0,6172,1714,6.3541e-07,0,0.29226,-6.16913,0.544482,1.07299,0.161621,-7.96252,-4.60214e+07,-241.71,-425.578,69527.9,0,0,0,0,0,0,-12.7511,-7.1886,-14.8826,-11.3466,0,0
0.000175648,0,0,0,1e+09,1e+09,1e+09,0,0,0,0,0,6190,1714,6.3541e-07,0,0.292259,-6.16595,0.544482,1.07299,0.16162,-7.86141,-4.72512e+07,-184.054,-634.489,69867.2,0,0,0,0,0,0,-12.753,-7.20901,-14.9352,-11.3871,0,0
0.000175796,0,0,0,1e+09,1e+09,1e+09,0,0,0,0,0,6207,1714,6.3541e-07,0,0.292258,-6.16291,0.544483,1.07299,0.161619,-7.75781,-4.85175e+07,-128.188,-773.603,69560.5,0,0,0,0,0,0,-12.7623,-7.23015,-14.9782,-11.4225,0,0
0.000175945,0,0,0,1e+09,1e+09,1e+09,0,0,0,0,0,6225,1714,6.3541e-07,0,0.292257,-6.16,0.544483,1.07299,0.161618,-7.65117,-4.98162e+07,-278.733,-348.157,69672.6,0,0,0,0,0,0,-12.7696,-7.2505,-15.0253,-11.4593,0,0
0.000176093,0,0,0,1e+09,1e+09,1e+09,0,0,0,0,0,6242,1714,6.3541e-07,0,0.292256,-6.15721,0.544483,1.07299,0.161617,-7.54116,-5.11429e+07,-173.316,-946.091,69103,0,0,0,0,0,0,-12.7935,-7.27071,-15.0642,-11.4931,0,0
0.000176241,0,0,0,1e+09,1e+09,1e+09,0,0,0,0,0,6257,1714,6.3541e-07,0,0.292255,-6.15453,0.544483,1.07298,0.161616,-7.42885,-5.24933e+07,29.5901,-634.349,69987.6,0,0,0,0,0,0,-12.7899,-7.29122,-15.1155,-11.5297,0,0
0.00017639,0,0,0,1e+09,1e+09,1e+09,0,0,0,0,0,6275,1714,6.3541e-07,0,0.292254,-6.15198,0.544483,1.07298,0.161615,-7.31397,-5.3863e+07,-395.834,-636.515,70571.5,0,0,0,0,0,0,-12.7839,-7.31177,-15.1705,-11.5625,0,0
0.000176538,0,0,0,1e+09,1e+09,1e+09,0,0,0,0,0,6293,1714,6.3541e-07,0,0.292253,-6.14955,0.544483,1.07298,0.161613,-7.1961,-5.52473e+07,-59.5087,-767.256,69776.1,0,0,0,0,0,0,-12.7983,-7.33118,-15.2055,-11.6014,0,0
0.000176687,0,0,0,1e+09,1e+09,1e+09,0,0,0,0,0,6311,1714,6.3541e-07,0,0.292253,-6.14722,0.544484,1.07298,0.161612,-7.0759,-5.66417e+07,-159.42,-544.132,70371.5,0,0,0,0,0,0,-12.7897,-7.35057,-15.2542,-11.6404,0,0
0.000176835,0,0,0,1e+09,1e+09,1e+09,0,0,0,0,0,6330,1714,6.3541e-07,0,0.292252,-6.14498,0.544484,1.07298,0.161611,-6.95399,-5.80418e+07,-82.8218,-710.359,69794.7,0,0,0,0,0,0,-12.7805,-7.369,-15.3078,-11.6779,0,0
0.000176984,0,0,0,1e+09,1e+09,1e+09,0,0,0,0,0,6343,1714,6.3541e-07,0,0.292251,-6.14284,0.544484,1.07298,0.16161,-6.82973,-5.9443e+07,12.9618,-406.039,70470.4,0,0,0,0,0,0,-12.7672,-7.38818,-15.3599,-11.7149,0,0
0.000177132,0,0,0,1e+09,1e+09,1e+09,0,0,0,0,0,6357,1714,6.3541e-07,0,0.29225,-6.14077,0.544484,1.07298,0.161609,-6.70407,-6.0841e+07,-164.464,-718.814,69934.2,0,0,0,0,0,0,-12.7828,-7.40632,-15.3925,-11.7525,0,0
0.000177281,0,0,0,1e+09,1e+09,1e+09,0,0,0,0,0,6374,1714,6.3541e-07,0,0.292249,-6.13877,0.544484,1.07297,0.161608,-6.57654,-6.22313e+07,96.2826,-792.508,69994.1,0,0,0,0,0,0,-12.7817,-7.42391,-15.4363,-11.7873,0,0
0.000177429,0,0,0,1e+09,1e+09,1e+09,0,0,0,0,0,6394,1714,6.3541e-07,0,0.292248,-6.13682,0.544484,1.07297,0.161607,-6.44894,-6.36098e+07,74.6115,-341.398,70610.2,0,0,0,0,0,0,-12.7593,-7.44042,-15.488,-11.8198,0,0
0.000177578,0,0,0,1e+09,1e+09,1e+09,0,0,0,0,0,6409,1714,6.3541e-07,0,0.292247,-6.13491,0.544485,1.07297,0.161606,-6.31965,-6.49725e+07,-32.8088,-888.271,70602.8,0,0,0,0,0,0,-12.7508,-7.45747,-15.5255,-11.8507,0,0
0.000177726,0,0,0,1e+09,1e+09,1e+09,0,0,0,0,0,6420,1714,6.3541e-07,0,0.292246,-6.13302,0.544485,1.07297,0.161606,-6.18965,-6.63153e+07,10.5813,-609.026,70252.3,0,0,0,0,0,0,-12.7344,-7.47418,-15.5737,-11.8865,0,0
0.000177875,0,0,0,1e+09,1e+09,1e+09,0,0,0,0,0,6434,1714,6.3541e-07,0,0.292245,-6.13118,0.544485,1.07297,0.161605,-6.05866,-6.76346e+07,-139.991,-584.097,70240.1,0,0,0,0,0,0,-12.7374,-7.49147,-15.6002,-11.9164,0,0
0.000178023,0,0,0,1e+09,1e+09,1e+09,0,0,0,0,0,6451,1714,6.3541e-07,0,0.292244,-6.12935,0.544485,1.07297,0.161604,-5.92748,-6.89268e+07,-182.743,-593.423,70990.5,0,0,0,0,0,0,-12.7072,-7.50886,-15.6572,-11.9469,0,0
0.000178172,0,0,0,1e+09,1e+09,1e+09,0,0,0,0,0,6467,1714,6.3541e-07,0,0.292243,-6.12752,0.544485,1.07297,0.161603,-5.79613,-7.01885e+07,59.2488,-427.987,71153.8,0,0,0,0,0,0,-12.6928,-7.52648,-15.6914,-11.98,0,0
0.00017832,0,0,0,1e+09,1e+09,1e+09,0,0,0,0,0,6479,1714,6.3541e-07,0,0.292243,-6.12567,0.544485,1.07296,0.161602,-5.66525,-7.14166e+07,-7.90338,-600.673,70657.1,0,0,0,0,0,0,-12.68,-7.54463,-15.7249,-12.0099,0,0
0.000178469,0,0,0,1e+09,1e+09,1e+09,0,0,0,0,0,6487,1714,6.3541e-07,0,0.292242,-6.12379,0.544485,1.07296,0.161601,-5.53456,-7.26082e+07,-60.5097,-555.377,71233.7,0,0,0,0,0,0,-12.6596,-7.56243,-15.7644,-12.0377,0,0
0.000178617,0,0,0,1e+09,1e+09,1e+09,0,0,0,0,0,6497,1714,6.3541e-07,0,0.292241,-6.12188,0.544486,1.07296,0.1616,-5.40482,-7.37608e+07,17.5807,-472.766,70931.2,0,0,0,0,0,0,-12.6371,-7.58034,-15.8036,-12.0709,0,0
0.000178766,0,0,0,1e+09,1e+09,1e+09,0,0,0,0,0,6511,1714,6.3541e-07,0,0.29224,-6.11991,0.544486,1.07296,0.1616,-5.27594,-7.4872e+07,97.985,-500.257,70569.8,0,0,0,0,0,0,-12.6159,-7.5995,-15.839,-12.1002,0,0
0.000178914,0,0,0,1e+09,1e+09,1e+09,0,0,0,0,0,6531,1714,6.3541e-07,0,0.292239,-6.11786,0.544486,1.07296,0.161599,-5.14873,-7.59399e+07,21.9592,-527.257,71735.6,0,0,0,0,0,0,-12.6037,-7.61691,-15.8738,-12.1284,0,0
0.000179063,0,0,0,1e+09,1e+09,1e+09,0,0,0,0,0,6553,1714,6.3541e-07,0,0.292238,-6.11573,0.544486,1.07296,0.161598,-5.02308,-7.69627e+07,-7.5573,-350.321,70430.2,0,0,0,0,0,0,-12.5942,-7.63434,-15.9085,-12.162,0,0
0.000179211,0,0,0,1e+09,1e+09,1e+09,0,0,0,0,0,6568,1714,6.3541e-07,0,0.292237,-6.1135,0.544486,1.07296,0.161597,-4.89928,-7.79391e+07,-100.042,-427.594,71015.9,0,0,0,0,0,0,-12.5751,-7.65064,-15.9546,-12.1872,0,0
0.000179359,0,0,0,1e+09,1e+09,1e+09,0,0,0,0,0,6577,1714,6.3541e-07,0,0.292236,-6.11119,0.544486,1.07295,0.161597,-4.77722,-7.8868e+07,90.531,-615.05,70638.2,0,0,0,0,0,0,-12.5808,-7.66692,-15.974,-12.2134,0,0
0.000179508,0,0,0,1e+09,1e+09,1e+09,0,0,0,0,0,6592,1714,6.3541e-07,0,0.292235,-6.10876,0.544487,1.07295,0.161596,-4.65791,-7.97488e+07,39.2263,-331.062,70707.2,0,0,0,0,0,0,-12.5693,-7.68201,-16.0133,-12.2422,0,0
0.000179656,0,0,0,1e+09,1e+09,1e+09,0,0,0,0,0,6609,1714,6.3541e-07,0,0.292234,-6.10621,0.544487,1.07295,0.161595,-4.5409,-8.0581e+07,33.669,-584.295,70581.3,0,0,0,0,0,0,-12.5681,-7.69727,-16.0408,-12.2676,0,0
0.000179805,0,0,0,1e+09,1e+09,1e+09,0,0,0,0,0,6621,1714,6.3541e-07,0,0.292233,-6.10351,0.544487,1.07295,0.161595,-4.42758,-8.13646e+07,33.8295,-215.421,70800,0,0,0,0,0,0,-12.5831,-7.7113,-16.0654,-12.2951,0,0
0.000179953,0,0,0,1e+09,1e+09,1e+09,0,0,0,0,0,6629,1714,6.3541e-07,0,0.292233,-6.10065,0.544487,1.07295,0.161594,-4.31699,-8.20997e+07,254.37,-508.789,71118.3,0,0,0,0,0,0,-12.5952,-7.72567,-16.0969,-12.3135,0,0
0.000180102,0,0,0,1e+09,1e+09,1e+09,0,0,0,0,0,6637,2264,8.69856e-07,0,0.292232,-6.09762,0.544487,1.07295,0.161593,-4.20968,-8.27867e+07,20.4412,-297.838,70983.1,0,0,0,0,0,0,-12.6092,-7.73955,-16.1279,-12.3421,0,0
0.00018025,0,0,0,1e+09,1e+09,1e+09,0,0,0,0,0,6649,2264,8.69856e-07,0,0.292231,-6.09441,0.544487,1.07295,0.161593,-4.1063,-8.34261e+07,90.3664,-306.994,70807.2,0,0,0,0,0,0,-12.6195,-7.75204,-16.1611,-12.366,0,0
0.000180399,0,0,0,1e+09,1e+09,1e+09,0,0,0,0,0,6661,2264,8.69856e-07,0,0.29223,-6.09101,0.544488,1.07294,0.161592,-4.00724,-8.40187e+07,242.706,-592.041,70992.8,0,0,0,0,0,0,-12.6507,-7.76522,-16.1739,-12.3912,0,0
0.000180547,0,0,0,1e+09,1e+09,1e+09,0,0,0,0,0,6671,2264,8.69856e-07,0,0.292229,-6.08741,0.544488,1.07294,0.161591,-3.91125,-8.45653e+07,129.777,-257.506,70838.4,0,0,0,0,0,0,-12.6721,-7.77926,-16.204,-12.4154,0,0
0.000180696,0,0,0,1e+09,1e+09,1e+09,0,0,0,0,0,6679,2264,8.69856e-07,0,0.292228,-6.08361,0.544488,1.07294,0.161591,-3.82014,-8.50668e+07,13.9506,-559.053,71239.3,0,0,0,0,0,0,-12.6957,-7.79273,-16.2366,-12.4371,0,0
0.000180844,0,0,0,1e+09,1e+09,1e+09,0,0,0,0,0,6691,2264,8.69856e-07,0,0.292227,-6.07958,0.544488,1.07294,0.16159,-3.73352,-8.55242e+07,700.77,-219.268,70280.1,0,0,0,0,0,0,-12.729,-7.80625,-16.2625,-12.4608,0,0
0.000180993,0,0,0,1e+09,1e+09,1e+09,0,0,0,0,0,6698,2264,8.69856e-07,0,0.292226,-6.07533,0.544488,1.07294,0.16159,-3.65159,-8.59383e+07,-201.743,-299.871,70922.5,0,0,0,0,0,0,-12.7588,-7.81959,-16.2895,-12.4818,0,0
0.000181141,0,0,0,1e+09,1e+09,1e+09,0,0,0,0,0,6712,2264,8.69856e-07,0,0.292225,-6.07086,0.544488,1.07294,0.161589,-3.57409,-8.631e+07,172.484,-486.509,70558.2,0,0,0,0,0,0,-12.8091,-7.83289,-16.3015,-12.5043,0,0
0.00018129,0,0,0,1e+09,1e+09,1e+09,0,0,0,0,0,6733,2264,8.69856e-07,0,0.292224,-6.06618,0.544489,1.07294,0.161589,-3.50168,-8.66401e+07,336.125,-192.15,70916.1,0,0,0,0,0,0,-12.8382,-7.84631,-16.335,-12.5242,0,0
0.000181438,0,0,0,1e+09,1e+09,1e+09,0,0,0,0,0,6745,2264,8.69856e-07,0,0.292224,-6.06127,0.544489,1.07293,0.161588,-3.4333,-8.69294e+07,262.481,-262.992,70882.2,0,0,0,0,0,0,-12.8814,-7.85911,-16.3617,-12.5424,0,0
0.000181587,0,0,0,1e+09,1e+09,1e+09,0,0,0,0,0,6755,2264,8.69856e-07,0,0.292223,-6.05614,0.544489,1.07293,0.161588,-3.37022,-8.71784e+07,24.9368,-347.862,70578.2,0,0,0,0,0,0,-12.9295,-7.87216,-16.3734,-12.5687,0,0
0.000181735,0,0,0,1e+09,1e+09,1e+09,0,0,0,0,0,6763,2264,8.69856e-07,0,0.292222,-6.05077,0.544489,1.07293,0.161587,-3.31216,-8.73877e+07,366.732,-421.679,70416.3,0,0,0,0,0,0,-12.9685,-7.88495,-16.4,-12.5831,0,0
0.000181884,0,0,0,1e+09,1e+09,1e+09,0,0,0,0,0,6783,2264,8.69856e-07,0,0.292221,-6.04516,0.544489,1.07293,0.161587,-3.25911,-8.75578e+07,3.77644,-161.067,70484.8,0,0,0,0,0,0,-13.0124,-7.898,-16.4265,-12.6043,0,0
0.000182032,0,0,0,1e+09,1e+09,1e+09,0,0,0,0,0,6794,2264,8.69856e-07,0,0.29222,-6.03931,0.544489,1.07293,0.161586,-3.21187,-8.76888e+07,141.218,-321.177,70219.9,0,0,0,0,0,0,-13.0633,-7.91193,-16.4522,-12.623,0,0
0.000182181,0,0,0,1e+09,1e+09,1e+09,0,0,0,0,0,6802,2264,8.69856e-07,0,0.292219,-6.0332,0.544489,1.07293,0.161586,-3.1696,-8.77812e+07,115.501,-191.353,70997.8,0,0,0,0,0,0,-13.1236,-7.92636,-16.4699,-12.6438,0,0
0.000182329,0,0,0,1e+09,1e+09,1e+09,0,0,0,0,0,6814,2264,8.69856e-07,0,0.292218,-6.02684,0.54449,1.07292,0.161585,-3.13313,-8.78349e+07,26.0622,-213.947,70129.4,0,0,0,0,0,0,-13.1754,-7.93929,-16.4831,-12.6569,0,0
0.000182477,0,0,0,1e+09,1e+09,1e+09,0,0,0,0,0,6821,2264,8.69856e-07,0,0.292217,-6.02023,0.54449,1.07292,0.161585,-3.10181,-8.78502e+07,34.2208,-28.0781,70165.9,0,0,0,0,0,0,-13.2071,-7.95299,-16.5219,-12.6797,0,0
0.000182626,0,0,0,1e+09,1e+09,1e+09,0,0,0,0,0,6830,2264,8.69856e-07,0,0.292216,-6.01336,0.54449,1.07292,0.161584,-3.07568,-8.7827e+07,140.146,-416.864,71175.3,0,0,0,0,0,0,-13.2536,-7.96634,-16.5412,-12.6956,0,0
0.000182774,0,0,0,1e+09,1e+09,1e+09,0,0,0,0,0,6843,2264,8.69856e-07,0,0.292215,-6.00625,0.54449,1.07292,0.161584,-3.05539,-8.77653e+07,-254.644,-149.65,70281.3,0,0,0,0,0,0,-13.331,-7.97995,-16.5447,-12.7148,0,0
0.000182923,0,0,0,1e+09,1e+09,1e+09,0,0,0,0,0,6852,2264,8.69856e-07,0,0.292215,-5.99888,0.54449,1.07292,0.161583,-3.04011,-8.76651e+07,75.3639,-405.724,71054.9,0,0,0,0,0,0,-13.3723,-7.99309,-16.5838,-12.7345,0,0
0.000183071,0,0,0,1e+09,1e+09,1e+09,0,0,0,0,0,6859,2264,8.69856e-07,0,0.292214,-5.99127,0.54449,1.07292,0.161583,-3.02999,-8.75262e+07,-138.272,-87.9783,70953.1,0,0,0,0,0,0,-13.441,-8.00663,-16.5979,-12.7486,0,0
0.00018322,0,0,0,1e+09,1e+09,1e+09,0,0,0,0,0,6872,2264,8.69856e-07,0,0.292213,-5.98341,0.544491,1.07292,0.161583,-3.02568,-8.73484e+07,-191.426,-385.478,71046.5,0,0,0,0,0,0,-13.5019,-8.01888,-16.6162,-12.7687,0,0
0.000183368,0,0,0,1e+09,1e+09,1e+09,0,0,0,0,0,6884,2264,8.69856e-07,0,0.292212,-5.97531,0.544491,1.07291,0.161582,-3.02669,-8.71317e+07,1.09771,-264.987,70653.1,0,0,0,0,0,0,-13.5625,-8.03108,-16.6322,-12.7833,0,0
0.000183517,0,0,0,1e+09,1e+09,1e+09,0,0,0,0,0,6896,2264,8.69856e-07,0,0.292211,-5.96699,0.544491,1.07291,0.161582,-3.03251,-8.68758e+07,-188.267,-400.204,70642.2,0,0,0,0,0,0,-13.6046,-8.043,-16.6649,-12.8,0,0
0.000183665,0,0,0,1e+09,1e+09,1e+09,0,0,0,0,0,6912,2264,8.69856e-07,0,0.29221,-5.95844,0.544491,1.07291,0.161581,-3.044,-8.65804e+07,-100.93,-147.424,70417.8,0,0,0,0,0,0,-13.6518,-8.05443,-16.6879,-12.8231,0,0
0.000183814,0,0,0,1e+09,1e+09,1e+09,0,0,0,0,0,6923,2264,8.69856e-07,0,0.292209,-5.94966,0.544491,1.07291,0.161581,-3.06074,-8.62453e+07,-202.635,-331.338,70830.8,0,0,0,0,0,0,-13.7207,-8.06633,-16.7001,-12.8344,0,0
0.000183962,0,0,0,1e+09,1e+09,1e+09,0,0,0,0,0,6932,2264,8.69856e-07,0,0.292208,-5.94066,0.544491,1.07291,0.16158,-3.08203,-8.58704e+07,-370.861,-229.588,70036,0,0,0,0,0,0,-13.7932,-8.07709,-16.7113,-12.8581,0,0
0.000184111,0,0,0,1e+09,1e+09,1e+09,0,0,0,0,0,6944,2264,8.69856e-07,0,0.292207,-5.93143,0.544492,1.07291,0.16158,-3.10863,-8.54553e+07,-45.9487,-353.711,70992.4,0,0,0,0,0,0,-13.8371,-8.08704,-16.7523,-12.8723,0,0
0.000184259,0,0,0,1e+09,1e+09,1e+09,0,0,0,0,0,6954,2264,8.69856e-07,0,0.292207,-5.92198,0.544492,1.07291,0.161579,-3.14018,-8.49999e+07,-263.577,-275.683,70580.7,0,0,0,0,0,0,-13.8928,-8.09723,-16.7627,-12.8911,0,0
0.000184408,0,0,0,1e+09,1e+09,1e+09,0,0,0,0,0,6964,2264,8.69856e-07,0,0.292206,-5.91231,0.544492,1.0729,0.161579,-3.17671,-8.45042e+07,0.675301,-211.557,71012.6,0,0,0,0,0,0,-13.9401,-8.10663,-16.7837,-12.9059,0,0
0.000184556,0,0,0,1e+09,1e+09,1e+09,0,0,0,0,0,6972,2264,8.69856e-07,0,0.292205,-5.90243,0.544492,1.0729,0.161578,-3.21751,-8.39682e+07,-121.681,-425.627,70685.5,0,0,0,0,0,0,-13.983,-8.11675,-16.8155,-12.9249,0,0
0.000184705,0,0,0,1e+09,1e+09,1e+09,0,0,0,0,0,6980,2264,8.69856e-07,0,0.292204,-5.89234,0.544492,1.0729,0.161578,-3.26293,-8.33922e+07,-127.662,-89.6068,70303.5,0,0,0,0,0,0,-14.0445,-8.12618,-16.8297,-12.943,0,0
0.000184853,0,0,0,1e+09,1e+09,1e+09,0,0,0,0,0,6990,2264,8.69856e-07,0,0.292203,-5.88206,0.544492,1.0729,0.161577,-3.31291,-8.27766e+07,14.1988,-282.208,70972.9,0,0,0,0,0,0,-14.1098,-8.13528,-16.8391,-12.9617,0,0
0.000185002,0,0,0,1e+09,1e+09,1e+09,0,0,0,0,0,7004,2264,8.69856e-07,0,0.292202,-5.87158,0.544493,1.0729,0.161577,-3.36708,-8.2122e+07,-300.456,-268.538,71160.4,0,0,0,0,0,0,-14.1466,-8.14425,-16.8671,-12.9789,0,0
0.00018515,0,0,0,1e+09,1e+09,1e+09,0,0,0,0,0,7009,2264,8.69856e-07,0,0.292201,-5.86092,0.544493,1.0729,0.161576,-3.42576,-8.14296e+07,-164.538,-69.6918,70833.4,0,0,0,0,0,0,-14.1805,-8.15306,-16.8982,-12.9933,0,0
0.000185299,0,0,0,1e+09,1e+09,1e+09,0,0,0,0,0,7019,2264,8.69856e-07,0,0.2922,-5.85006,0.544493,1.0729,0.161576,-3.48861,-8.07005e+07,165.67,-246.325,70964,0,0,0,0,0,0,-14.2181,-8.16233,-16.9221,-13.0157,0,0
0.000185447,0,0,0,1e+09,1e+09,1e+09,0,0,0,0,0,7029,2264,8.69856e-07,0,0.2922,-5.83903,0.544493,1.07289,0.161575,-3.55518,-7.99365e+07,-271.415,-121.307,70893.8,0,0,0,0,0,0,-14.2631,-8.17048,-16.9379,-13.0331,0,0
0.000185595,0,0,0,1e+09,1e+09,1e+09,0,0,0,0,0,7039,2264,8.69856e-07,0,0.292199,-5.82784,0.544493,1.07289,0.161575,-3.62573,-7.91395e+07,-277.678,-160.079,71685.5,0,0,0,0,0,0,-14.2989,-8.17903,-16.9632,-13.049,0,0
0.000185744,0,0,0,1e+09,1e+09,1e+09,0,0,0,0,0,7042,2264,8.69856e-07,0,0.292198,-5.81649,0.544493,1.07289,0.161574,-3.69932,-7.83121e+07,-186.175,-90.8797,71043,0,0,0,0,0,0,-14.3307,-8.18721,-16.9924,-13.0685,0,0
0.000185892,0,0,0,1e+09,1e+09,1e+09,0,0,0,0,0,7053,2264,8.69856e-07,0,0.292197,-5.80498,0.544493,1.07289,0.161574,-3.77674,-7.7457e+07,-279.566,-239.488,71795.1,0,0,0,0,0,0,-14.3738,-8.1951,-17.0117,-13.0841,0,0
0.000186041,0,0,0,1e+09,1e+09,1e+09,0,0,0,0,0,7057,2264,8.69856e-07,0,0.292196,-5.79332,0.544494,1.07289,0.161573,-3.85706,-7.65774e+07,13.0875,-433.824,71615.2,0,0,0,0,0,0,-14.4138,-8.20332,-17.0298,-13.1045,0,0
0.000186189,0,0,0,1e+09,1e+09,1e+09,0,0,0,0,0,7063,2264,8.69856e-07,0,0.292195,-5.78152,0.544494,1.07289,0.161573,-3.94024,-7.56769e+07,-191.496,-278.613,71140.1,0,0,0,0,0,0,-14.4503,-8.21177,-17.0505,-13.1203,0,0
0.000186338,0,0,0,1e+09,1e+09,1e+09,0,0,0,0,0,7072,2264,8.69856e-07,0,0.292194,-5.76959,0.544494,1.07289,0.161572,-4.02593,-7.47593e+07,-155.105,-175.419,71133.6,0,0,0,0,0,0,-14.4745,-8.21993,-17.0797,-13.1359,0,0
0.000186486,0,0,0,1e+09,1e+09,1e+09,0,0,0,0,0,7077,2264,8.69856e-07,0,0.292194,-5.75757,0.544494,1.07288,0.161571,-4.1138,-7.38288e+07,-382.323,-411.531,71950,0,0,0,0,0,0,-14.4881,-8.22897,-17.1186,-13.1567,0,0
0.000186635,0,0,0,1e+09,1e+09,1e+09,0,0,0,0,0,7090,2264,8.69856e-07,0,0.292193,-5.74545,0.544494,1.07288,0.161571,-4.20379,-7.28897e+07,-79.4141,-43.0099,71684.1,0,0,0,0,0,0,-14.5231,-8.23782,-17.1415,-13.1737,0,0
0.000186783,0,0,0,1e+09,1e+09,1e+09,0,0,0,0,0,7097,2264,8.69856e-07,0,0.292192,-5.73324,0.544494,1.07288,0.16157,-4.29471,-7.19466e+07,-98.9948,-434.391,71975.8,0,0,0,0,0,0,-14.5592,-8.24688,-17.1649,-13.1905,0,0
0.000186932,0,0,0,1e+09,1e+09,1e+09,0,0,0,0,0,7109,2264,8.69856e-07,0,0.292191,-5.72096,0.544495,1.07288,0.16157,-4.38772,-7.10042e+07,-349.737,-316.997,72038.2,0,0,0,0,0,0,-14.604,-8.25602,-17.178,-13.209,0,0
0.00018708,0,0,0,1e+09,1e+09,1e+09,0,0,0,0,0,7117,2264,8.69856e-07,0,0.29219,-5.70861,0.544495,1.07288,0.161569,-4.48157,-7.00671e+07,-126.577,-189.16,72221,0,0,0,0,0,0,-14.6206,-8.26511,-17.2099,-13.226,0,0
0.000187229,0,0,0,1e+09,1e+09,1e+09,0,0,0,0,0,7123,2264,8.69856e-07,0,0.292189,-5.6962,0.544495,1.07288,0.161568,-4.57733,-6.914e+07,-289.18,-285.701,72670.3,0,0,0,0,0,0,-14.639,-8.27407,-17.2342,-13.2446,0,0
0.000187377,0,0,0,1e+09,1e+09,1e+09,0,0,0,0,0,7128,2264,8.69856e-07,0,0.292189,-5.68375,0.544495,1.07288,0.161568,-4.67263,-6.82276e+07,-282.454,-96.493,72098.5,0,0,0,0,0,0,-14.6661,-8.28259,-17.263,-13.262,0,0
0.000187526,0,0,0,1e+09,1e+09,1e+09,0,0,0,0,0,7133,2264,8.69856e-07,0,0.292188,-5.67125,0.544495,1.07287,0.161567,-4.76924,-6.73342e+07,-274.715,-360.806,72653.4,0,0,0,0,0,0,-14.7058,-8.29092,-17.2857,-13.281,0,0
0.000187674,0,0,0,1e+09,1e+09,1e+09,0,0,0,0,0,7135,2264,8.69856e-07,0,0.292187,-5.65871,0.544495,1.07287,0.161566,-4.86614,-6.64641e+07,5.08546,-325.478,72595.4,0,0,0,0,0,0,-14.7395,-8.29876,-17.3073,-13.2981,0,0
0.000187823,0,0,0,1e+09,1e+09,1e+09,0,0,0,0,0,7140,2264,8.69856e-07,0,0.292186,-5.64614,0.544496,1.07287,0.161565,-4.96326,-6.56211e+07,-239.541,128.187,72642,0,0,0,0,0,0,-14.7566,-8.30733,-17.3386,-13.3198,0,0
0.000187971,0,0,0,1e+09,1e+09,1e+09,0,0,0,0,0,7147,2264,8.69856e-07,0,0.292185,-5.63356,0.544496,1.07287,0.161565,-5.06003,-6.48089e+07,-355.21,-668.428,73565.7,0,0,0,0,0,0,-14.7728,-8.31516,-17.3671,-13.3366,0,0
0.00018812,0,0,0,1e+09,1e+09,1e+09,0,0,0,0,0,7153,2264,8.69856e-07,0,0.292184,-5.62096,0.544496,1.07287,0.161564,-5.15777,-6.40306e+07,-63.5036,94.4876,72771,0,0,0,0,0,0,-14.7865,-8.32399,-17.4049,-13.3649,0,0
0.000188268,0,0,0,1e+09,1e+09,1e+09,0,0,0,0,0,7158,2264,8.69856e-07,0,0.292183,-5.60834,0.544496,1.07287,0.161563,-5.25478,-6.3289e+07,108.434,-405.892,72600.7,0,0,0,0,0,0,-14.8056,-8.3323,-17.4351,-13.3874,0,0
0.000188417,0,0,0,1e+09,1e+09,1e+09,0,0,0,0,0,7165,2264,8.69856e-07,0,0.292183,-5.59574,0.544496,1.07287,0.161562,-5.351,-6.25863e+07,-172.417,-339.243,73341.7,0,0,0,0,0,0,-14.8317,-8.34087,-17.4573,-13.4126,0,0
0.000188565,0,0,0,1e+09,1e+09,1e+09,0,0,0,0,0,7168,2264,8.69856e-07,0,0.292182,-5.58315,0.544496,1.07286,0.161562,-5.4467,-6.19241e+07,83.9377,-88.8365,73583.9,0,0,0,0,0,0,-14.843,-8.34954,-17.4988,-13.4377,0,0
0.000188713,0,0,0,1e+09,1e+09,1e+09,0,0,0,0,0,7174,2264,8.69856e-07,0,0.292181,-5.5706,0.544496,1.07286,0.161561,-5.54153,-6.13037e+07,36.5524,-270.768,73268.3,0,0,0,0,0,0,-14.8584,-8.35722,-17.5363,-13.4587,0,0
0.000188862,0,0,0,1e+09,1e+09,1e+09,0,0,0,0,0,7180,2264,8.69856e-07,0,0.29218,-5.55806,0.544497,1.07286,0.16156,-5.635,-6.07256e+07,-42.0263,-49.3449,74072.7,0,0,0,0,0,0,-14.8715,-8.36562,-17.5713,-13.4847,0,0
0.00018901,0,0,0,1e+09,1e+09,1e+09,0,0,0,0,0,7186,2264,8.69856e-07,0,0.292179,-5.54555,0.544497,1.07286,0.161559,-5.72765,-6.01898e+07,154.076,-402.909,73517.4,0,0,0,0,0,0,-14.8842,-8.37415,-17.6021,-13.5092,0,0
0.000189159,0,0,0,1e+09,1e+09,1e+09,0,0,0,0,0,7191,2264,8.69856e-07,0,0.292179,-5.53308,0.544497,1.07286,0.161558,-5.81834,-5.96956e+07,-29.3303,6.31867,73782.2,0,0,0,0,0,0,-14.8961,-8.38281,-17.6408,-13.5331,0,0
0.000189307,0,0,0,1e+09,1e+09,1e+09,0,0,0,0,0,7193,2264,8.69856e-07,0,0.292178,-5.52068,0.544497,1.07286,0.161557,-5.90731,-5.92421e+07,-64.6143,-15.1055,74354.1,0,0,0,0,0,0,-14.92,-8.3917,-17.6716,-13.5545,0,0
0.000189456,0,0,0,1e+09,1e+09,1e+09,0,0,0,0,0,7196,2264,8.69856e-07,0,0.292177,-5.50833,0.544497,1.07286,0.161556,-5.9944,-5.88276e+07,-105.588,-231.172,73983.5,0,0,0,0,0,0,-14.9331,-8.40059,-17.7057,-13.5877,0,0
0.000189604,0,0,0,1e+09,1e+09,1e+09,0,0,0,0,0,7204,2264,8.69856e-07,0,0.292176,-5.49606,0.544497,1.07285,0.161556,-6.07928,-5.84499e+07,196.828,-71.2484,74641.1,0,0,0,0,0,0,-14.9298,-8.40979,-17.7537,-13.6099,0,0
0.000189753,0,0,0,1e+09,1e+09,1e+09,0,0,0,0,0,7216,2264,8.69856e-07,0,0.292175,-5.48387,0.544498,1.07285,0.161555,-6.16203,-5.81066e+07,70.0817,-276.475,74332.5,0,0,0,0,0,0,-14.9544,-8.41841,-17.7791,-13.6361,0,0
0.000189901,0,0,0,1e+09,1e+09,1e+09,0,0,0,0,0,7223,2264,8.69856e-07,0,0.292174,-5.47176,0.544498,1.07285,0.161554,-6.24191,-5.77949e+07,43.6744,-154.728,74836.6,0,0,0,0,0,0,-14.975,-8.42821,-17.8144,-13.6639,0,0
0.00019005,0,0,0,1e+09,1e+09,1e+09,0,0,0,0,0,7230,2264,8.69856e-07,0,0.292174,-5.45974,0.544498,1.07285,0.161553,-6.32017,-5.75116e+07,145.586,-46.9959,74851.5,0,0,0,0,0,0,-14.9799,-8.43782,-17.8688,-13.6911,0,0
0.000190198,0,0,0,1e+09,1e+09,1e+09,0,0,0,0,0,7231,2264,8.69856e-07,0,0.292173,-5.44782,0.544498,1.07285,0.161552,-6.39441,-5.72535e+07,11.2607,-170.197,75672.1,0,0,0,0,0,0,-15.001,-8.44749,-17.9033,-13.7179,0,0
0.000190347,0,0,0,1e+09,1e+09,1e+09,0,0,0,0,0,7239,2264,8.69856e-07,0,0.292172,-5.43601,0.544498,1.07285,0.161551,-6.46684,-5.70171e+07,170.487,-159.934,74902,0,0,0,0,0,0,-15.0235,-8.45586,-17.9378,-13.7473,0,0
0.000190495,0,0,0,1e+09,1e+09,1e+09,0,0,0,0,0,7246,2264,8.69856e-07,0,0.292171,-5.4243,0.544498,1.07284,0.16155,-6.53528,-5.67991e+07,60.2431,34.1072,75614.9,0,0,0,0,0,0,-15.0409,-8.46553,-17.9802,-13.7707,0,0
0.000190644,0,0,0,1e+09,1e+09,1e+09,0,0,0,0,0,7252,2264,8.69856e-07,0,0.29217,-5.41271,0.544499,1.07284,0.161549,-6.60066,-5.65961e+07,110.083,-306.741,75636.5,0,0,0,0,0,0,-15.0631,-8.47433,-18.0197,-13.7993,0,0
0.000190792,0,0,0,1e+09,1e+09,1e+09,0,0,0,0,0,7258,2264,8.69856e-07,0,0.29217,-5.40125,0.544499,1.07284,0.161548,-6.66276,-5.64047e+07,107.841,11.5742,75642.5,0,0,0,0,0,0,-15.0884,-8.48381,-18.0575,-13.826,0,0
0.000190941,0,0,0,1e+09,1e+09,1e+09,0,0,0,0,0,7262,2264,8.69856e-07,0,0.292169,-5.38992,0.544499,1.07284,0.161547,-6.72107,-5.62217e+07,233.863,-218.541,75588.5,0,0,0,0,0,0,-15.1063,-8.49337,-18.1014,-13.8589,0,0
0.000191089,0,0,0,1e+09,1e+09,1e+09,0,0,0,0,0,7268,2264,8.69856e-07,0,0.292168,-5.37873,0.544499,1.07284,0.161546,-6.77584,-5.60444e+07,300.704,114.075,75909.9,0,0,0,0,0,0,-15.1239,-8.50272,-18.1455,-13.8832,0,0
0.000191238,0,0,0,1e+09,1e+09,1e+09,0,0,0,0,0,7274,2264,8.69856e-07,0,0.292167,-5.36767,0.544499,1.07284,0.161545,-6.82729,-5.58697e+07,-49.2815,-174.433,75864.8,0,0,0,0,0,0,-15.1411,-8.51253,-18.1843,-13.9116,0,0
0.000191386,0,0,0,1e+09,1e+09,1e+09,0,0,0,0,0,7284,2264,8.69856e-07,0,0.292166,-5.35675,0.544499,1.07284,0.161544,-6.87497,-5.56954e+07,263.77,-88.0667,76663.1,0,0,0,0,0,0,-15.1646,-8.52201,-18.223,-13.9392,0,0
0.000191535,0,0,0,1e+09,1e+09,1e+09,0,0,0,0,0,7293,2264,8.69856e-07,0,0.292166,-5.34599,0.5445,1.07283,0.161543,-6.919,-5.55189e+07,71.3351,-181.931,76284.7,0,0,0,0,0,0,-15.1819,-8.53199,-18.2737,-13.9692,0,0
0.000191683,0,0,0,1e+09,1e+09,1e+09,0,0,0,0,0,7305,2264,8.69856e-07,0,0.292165,-5.33537,0.5445,1.07283,0.161542,-6.95885,-5.53382e+07,-87.695,219.04,76589.9,0,0,0,0,0,0,-15.1985,-8.54149,-18.3196,-13.9989,0,0
0.000191831,0,0,0,1e+09,1e+09,1e+09,0,0,0,0,0,7314,2264,8.69856e-07,0,0.292164,-5.32492,0.5445,1.07283,0.161541,-6.9944,-5.51515e+07,228.231,-91.074,76660.7,0,0,0,0,0,0,-15.2147,-8.55179,-18.3522,-14.0241,0,0
0.00019198,0,0,0,1e+09,1e+09,1e+09,0,0,0,0,0,7324,2264,8.69856e-07,0,0.292163,-5.31464,0.5445,1.07283,0.16154,-7.02591,-5.49569e+07,-80.5946,-177.317,77320.9,0,0,0,0,0,0,-15.2289,-8.56105,-18.3919,-14.0558,0,0
0.000192128,0,0,0,1e+09,1e+09,1e+09,0,0,0,0,0,7330,2264,8.69856e-07,0,0.292162,-5.3045,0.5445,1.07283,0.161539,-7.05289,-5.47529e+07,213.16,344.609,77240.5,0,0,0,0,0,0,-15.2443,-8.57171,-18.439,-14.0898,0,0
0.000192277,0,0,0,1e+09,1e+09,1e+09,0,0,0,0,0,7340,2264,8.69856e-07,0,0.292162,-5.29452,0.5445,1.07283,0.161538,-7.0757,-5.4538e+07,174.084,-109.577,77520.6,0,0,0,0,0,0,-15.2695,-8.58204,-18.4821,-14.1133,0,0
0.000192425,0,0,0,1e+09,1e+09,1e+09,0,0,0,0,0,7352,2264,8.69856e-07,0,0.292161,-5.28468,0.5445,1.07283,0.161537,-7.09374,-5.43107e+07,-200.8,298.443,77128.9,0,0,0,0,0,0,-15.2809,-8.59211,-18.5277,-14.1476,0,0
0.000192574,0,0,0,1e+09,1e+09,1e+09,0,0,0,0,0,7365,2264,8.69856e-07,0,0.29216,-5.27499,0.544501,1.07282,0.161536,-7.10877,-5.40698e+07,-99.9164,-128.531,78089.5,0,0,0,0,0,0,-15.2772,-8.60277,-18.583,-14.1788,0,0
0.000192722,0,0,0,1e+09,1e+09,1e+09,0,0,0,0,0,7374,2264,8.69856e-07,0,0.292159,-5.26544,0.544501,1.07282,0.161535,-7.11879,-5.38139e+07,99.0533,139.45,78349.3,0,0,0,0,0,0,-15.2911,-8.61465,-18.6152,-14.2083,0,0
0.000192871,0,0,0,1e+09,1e+09,1e+09,0,0,0,0,0,7382,2264,8.69856e-07,0,0.292159,-5.25606,0.544501,1.07282,0.161533,-7.12511,-5.35418e+07,167.225,-8.98711,77805.9,0,0,0,0,0,0,-15.2871,-8.62781,-18.6686,-14.2468,0,0
0.000193019,0,0,0,1e+09,1e+09,1e+09,0,0,0,0,0,7398,2264,8.69856e-07,0,0.292158,-5.24684,0.544501,1.07282,0.161532,-7.12698,-5.32522e+07,-126.121,214.199,78453.5,0,0,0,0,0,0,-15.2726,-8.64183,-18.7375,-14.285,0,0
0.000193168,0,0,0,1e+09,1e+09,1e+09,0,0,0,0,0,7421,2264,8.69856e-07,0,0.292157,-5.23779,0.544501,1.07282,0.161531,-7.12448,-5.2944e+07,150.637,182.202,78226.7,0,0,0,0,0,0,-15.3042,-8.65466,-18.7649,-14.3169,0,0
0.000193316,0,0,0,1e+09,1e+09,1e+09,0,0,0,0,0,7439,2264,8.69856e-07,0,0.292156,-5.22891,0.544501,1.07282,0.16153,-7.11832,-5.26161e+07,-97.9907,232.051,78267.4,0,0,0,0,0,0,-15.3131,-8.66869,-18.8171,-14.3524,0,0
0.000193465,0,0,0,1e+09,1e+09,1e+09,0,0,0,0,0,7457,2264,8.69856e-07,0,0.292155,-5.22019,0.544502,1.07282,0.161529,-7.10726,-5.22674e+07,149.132,126.675,78064.4,0,0,0,0,0,0,-15.3093,-8.6835,-18.8705,-14.3926,0,0
0.000193613,0,0,0,1e+09,1e+09,1e+09,0,0,0,0,0,7478,2264,8.69856e-07,0,0.292155,-5.21163,0.544502,1.07281,0.161528,-7.09282,-5.18969e+07,-124.264,137.026,78337.1,0,0,0,0,0,0,-15.296,-8.69924,-18.9297,-14.4252,0,0
0.000193762,0,0,0,1e+09,1e+09,1e+09,0,0,0,0,0,7487,2264,8.69856e-07,0,0.292154,-5.20323,0.544502,1.07281,0.161527,-7.07397,-5.15039e+07,32.9757,121.593,79524.5,0,0,0,0,0,0,-15.3069,-8.71466,-18.9742,-14.469,0,0
0.00019391,0,0,0,1e+09,1e+09,1e+09,0,0,0,0,0,7499,2264,8.69856e-07,0,0.292153,-5.195,0.544502,1.07281,0.161526,-7.05051,-5.10877e+07,-78.7377,87.7463,78555.5,0,0,0,0,0,0,-15.3184,-8.72952,-19.0238,-14.5039,0,0
0.000194059,0,0,0,1e+09,1e+09,1e+09,0,0,0,0,0,7514,2264,8.69856e-07,0,0.292152,-5.18693,0.544502,1.07281,0.161525,-7.02326,-5.06477e+07,13.9165,124.645,78828.6,0,0,0,0,0,0,-15.3175,-8.74334,-19.0827,-14.5442,0,0
0.000194207,0,0,0,1e+09,1e+09,1e+09,0,0,0,0,0,7527,2264,8.69856e-07,0,0.292152,-5.17901,0.544502,1.07281,0.161524,-6.99257,-5.01836e+07,16.4521,-11.0731,79216.9,0,0,0,0,0,0,-15.313,-8.75876,-19.1411,-14.5898,0,0
0.000194356,0,0,0,1e+09,1e+09,1e+09,0,0,0,0,0,7547,2264,8.69856e-07,0,0.292151,-5.17125,0.544503,1.07281,0.161523,-6.95783,-4.96955e+07,-86.6746,-140.367,79892.4,0,0,0,0,0,0,-15.3256,-8.77486,-19.1926,-14.6302,0,0
0.000194504,0,0,0,1e+09,1e+09,1e+09,0,0,0,0,0,7563,2264,8.69856e-07,0,0.29215,-5.16367,0.544503,1.07281,0.161522,-6.91925,-4.91832e+07,231.074,123.762,78730.6,0,0,0,0,0,0,-15.3353,-8.7908,-19.2442,-14.6681,0,0
0.000194653,0,0,0,1e+09,1e+09,1e+09,0,0,0,0,0,7578,2264,8.69856e-07,0,0.292149,-5.15626,0.544503,1.0728,0.161521,-6.87798,-4.86473e+07,-96.3895,-251.069,79032.6,0,0,0,0,0,0,-15.342,-8.80632,-19.2927,-14.7047,0,0
0.000194801,0,0,0,1e+09,1e+09,1e+09,0,0,0,0,0,7589,2264,8.69856e-07,0,0.292148,-5.14902,0.544503,1.0728,0.16152,-6.83245,-4.80883e+07,299.395,63.6336,79233.4,0,0,0,0,0,0,-15.3292,-8.82251,-19.3562,-14.7453,0,0
0.000194949,0,0,0,1e+09,1e+09,1e+09,0,0,0,0,0,7602,2264,8.69856e-07,0,0.292148,-5.14194,0.544503,1.0728,0.161519,-6.78381,-4.75069e+07,109.296,-71.6877,78315.7,0,0,0,0,0,0,-15.3499,-8.83807,-19.392,-14.7854,0,0
0.000195098,0,0,0,1e+09,1e+09,1e+09,0,0,0,0,0,7615,2557,9.78661e-07,0,0.292147,-5.13502,0.544503,1.0728,0.161518,-6.73114,-4.69042e+07,432.873,-26.5975,79603.8,0,0,0,0,0,0,-15.3698,-8.85446,-19.4431,-14.8234,0,0
0.000195246,0,0,0,1e+09,1e+09,1e+09,0,0,0,0,0,7631,2557,9.78661e-07,0,0.292146,-5.12825,0.544503,1.0728,0.161517,-6.67649,-4.62814e+07,152.801,-70.7468,78865.2,0,0,0,0,0,0,-15.3877,-8.87283,-19.4928,-14.8609,0,0
0.000195395,0,0,0,1e+09,1e+09,1e+09,0,0,0,0,0,7653,2557,9.78661e-07,0,0.292145,-5.12162,0.544504,1.0728,0.161516,-6.61761,-4.564e+07,121.69,-153.662,79555.3,0,0,0,0,0,0,-15.3911,-8.8914,-19.5533,-14.9048,0,0
0.000195543,0,0,0,1e+09,1e+09,1e+09,0,0,0,0,0,7663,2557,9.78661e-07,0,0.292145,-5.11514,0.544504,1.0728,0.161515,-6.55573,-4.49814e+07,264.919,-40.3023,79872.5,0,0,0,0,0,0,-15.4025,-8.91048,-19.5923,-14.9423,0,0
0.000195692,0,0,0,1e+09,1e+09,1e+09,0,0,0,0,0,7679,2557,9.78661e-07,0,0.292144,-5.10881,0.544504,1.07279,0.161514,-6.49114,-4.43073e+07,25.2693,-48.7663,79316,0,0,0,0,0,0,-15.4102,-8.92882,-19.6356,-14.9811,0,0
0.00019584,0,0,0,1e+09,1e+09,1e+09,0,0,0,0,0,7698,2557,9.78661e-07,0,0.292143,-5.10261,0.544504,1.07279,0.161513,-6.424,-4.36196e+07,180.942,284.469,79218.2,0,0,0,0,0,0,-15.3957,-8.94749,-19.6984,-15.0245,0,0
0.000195989,0,0,0,1e+09,1e+09,1e+09,0,0,0,0,0,7716,2557,9.78661e-07,0,0.292142,-5.09654,0.544504,1.07279,0.161512,-6.35356,-4.29201e+07,49.3477,-8.01119,78852.4,0,0,0,0,0,0,-15.4081,-8.96847,-19.7441,-15.0675,0,0
0.000196137,0,0,0,1e+09,1e+09,1e+09,0,0,0,0,0,7742,2557,9.78661e-07,0,0.292142,-5.09058,0.544504,1.07279,0.161511,-6.28184,-4.22108e+07,302.492,-23.8108,79700.6,0,0,0,0,0,0,-15.4205,-8.98834,-19.8014,-15.1087,0,0
0.000196286,0,0,0,1e+09,1e+09,1e+09,0,0,0,0,0,7760,2557,9.78661e-07,0,0.292141,-5.08473,0.544505,1.07279,0.16151,-6.20679,-4.14934e+07,-443.037,-117.243,79499.3,0,0,0,0,0,0,-15.4278,-9.00943,-19.8518,-15.1534,0,0
0.000196434,0,0,0,1e+09,1e+09,1e+09,0,0,0,0,0,7786,2557,9.78661e-07,0,0.29214,-5.07898,0.544505,1.07279,0.161509,-6.13044,-4.07699e+07,113.422,-141.505,79617.3,0,0,0,0,0,0,-15.4233,-9.03154,-19.9055,-15.1951,0,0
0.000196583,0,0,0,1e+09,1e+09,1e+09,0,0,0,0,0,7810,2557,9.78661e-07,0,0.292139,-5.07333,0.544505,1.07279,0.161508,-6.05204,-4.00419e+07,-236.436,282.698,79995.6,0,0,0,0,0,0,-15.425,-9.05276,-19.952,-15.2405,0,0
0.000196731,0,0,0,1e+09,1e+09,1e+09,0,0,0,0,0,7820,2557,9.78661e-07,0,0.292139,-5.06779,0.544505,1.07278,0.161507,-5.9707,-3.93112e+07,20.2145,-228.233,79643.8,0,0,0,0,0,0,-15.4207,-9.07466,-20.0111,-15.281,0,0
0.00019688,0,0,0,1e+09,1e+09,1e+09,0,0,0,0,0,7843,2557,9.78661e-07,0,0.292138,-5.06237,0.544505,1.07278,0.161507,-5.8872,-3.85792e+07,41.3079,218.365,79786.5,0,0,0,0,0,0,-15.4386,-9.09714,-20.0505,-15.3242,0,0
0.000197028,0,0,0,1e+09,1e+09,1e+09,0,0,0,0,0,7868,2557,9.78661e-07,0,0.292137,-5.05703,0.544505,1.07278,0.161506,-5.80338,-3.78471e+07,-297.629,47.2168,79858,0,0,0,0,0,0,-15.4379,-9.12051,-20.1052,-15.3656,0,0
0.000197177,0,0,0,1e+09,1e+09,1e+09,0,0,0,0,0,7890,2557,9.78661e-07,0,0.292136,-5.05178,0.544506,1.07278,0.161505,-5.71745,-3.71162e+07,-66.6027,-236.451,79529.5,0,0,0,0,0,0,-15.4466,-9.14388,-20.147,-15.4043,0,0
0.000197325,0,0,0,1e+09,1e+09,1e+09,0,0,0,0,0,7914,2557,9.78661e-07,0,0.292136,-5.04661,0.544506,1.07278,0.161504,-5.63102,-3.63872e+07,-451.075,194.569,79663.1,0,0,0,0,0,0,-15.4543,-9.1673,-20.1917,-15.4435,0,0
0.000197474,0,0,0,1e+09,1e+09,1e+09,0,0,0,0,0,7935,2557,9.78661e-07,0,0.292135,-5.04152,0.544506,1.07278,0.161503,-5.5426,-3.56608e+07,-211.168,74.6804,79405.3,0,0,0,0,0,0,-15.453,-9.19133,-20.2423,-15.4849,0,0
0.000197622,0,0,0,1e+09,1e+09,1e+09,0,0,0,0,0,7955,2557,9.78661e-07,0,0.292134,-5.03649,0.544506,1.07277,0.161502,-5.4541,-3.49375e+07,-728.751,152.086,79029.2,0,0,0,0,0,0,-15.4627,-9.21603,-20.2859,-15.5173,0,0
0.000197771,0,0,0,1e+09,1e+09,1e+09,0,0,0,0,0,7983,2557,9.78661e-07,0,0.292133,-5.03154,0.544506,1.07277,0.161502,-5.36485,-3.42176e+07,-99.0375,25.2222,79062.9,0,0,0,0,0,0,-15.4692,-9.24071,-20.3286,-15.5614,0,0
0.000197919,0,0,0,1e+09,1e+09,1e+09,0,0,0,0,0,8006,2557,9.78661e-07,0,0.292133,-5.02665,0.544506,1.07277,0.161501,-5.27376,-3.35011e+07,-847.246,189.564,79043.6,0,0,0,0,0,0,-15.4793,-9.26566,-20.3676,-15.6036,0,0
0.000198067,0,0,0,1e+09,1e+09,1e+09,0,0,0,0,0,8021,2557,9.78661e-07,0,0.292132,-5.02181,0.544507,1.07277,0.1615,-5.18311,-3.27881e+07,-541.776,81.8823,79850.5,0,0,0,0,0,0,-15.4702,-9.29096,-20.4219,-15.6408,0,0
0.000198216,0,0,0,1e+09,1e+09,1e+09,0,0,0,0,0,8037,2557,9.78661e-07,0,0.292131,-5.01699,0.544507,1.07277,0.161499,-5.09183,-3.20784e+07,-701.715,22.0872,79871.4,0,0,0,0,0,0,-15.4728,-9.31472,-20.4654,-15.679,0,0
0.000198364,0,0,0,1e+09,1e+09,1e+09,0,0,0,0,0,8055,2557,9.78661e-07,0,0.29213,-5.0122,0.544507,1.07277,0.161498,-5.00084,-3.13718e+07,-573.496,375.278,79262.4,0,0,0,0,0,0,-15.4893,-9.34008,-20.4992,-15.7163,0,0
0.000198513,0,0,0,1e+09,1e+09,1e+09,0,0,0,0,0,8071,2557,9.78661e-07,0,0.29213,-5.00742,0.544507,1.07277,0.161498,-4.90969,-3.06683e+07,-741.624,2.45348,79106.6,0,0,0,0,0,0,-15.5012,-9.36336,-20.5418,-15.7489,0,0
0.000198661,0,0,0,1e+09,1e+09,1e+09,0,0,0,0,0,8092,2557,9.78661e-07,0,0.292129,-5.00266,0.544507,1.07276,0.161497,-4.8189,-2.99679e+07,-898.77,-166.187,79897.9,0,0,0,0,0,0,-15.4993,-9.38632,-20.5842,-15.7887,0,0
0.00019881,0,0,0,1e+09,1e+09,1e+09,0,0,0,0,0,8117,2557,9.78661e-07,0,0.292128,-4.9979,0.544507,1.07276,0.161496,-4.72853,-2.92705e+07,-623.141,148.975,80010.6,0,0,0,0,0,0,-15.5023,-9.40963,-20.6169,-15.8196,0,0
0.000198958,0,0,0,1e+09,1e+09,1e+09,0,0,0,0,0,8132,2557,9.78661e-07,0,0.292127,-4.99314,0.544507,1.07276,0.161496,-4.63868,-2.85766e+07,-929.425,-349.359,79350.2,0,0,0,0,0,0,-15.5023,-9.43347,-20.6485,-15.859,0,0
0.000199107,0,0,0,1e+09,1e+09,1e+09,0,0,0,0,0,8151,2557,9.78661e-07,0,0.292127,-4.98837,0.544508,1.07276,0.161495,-4.54923,-2.78865e+07,-720.53,110.262,79356.5,0,0,0,0,0,0,-15.5027,-9.4569,-20.6877,-15.8885,0,0
0.000199255,0,0,0,1e+09,1e+09,1e+09,0,0,0,0,0,8172,2557,9.78661e-07,0,0.292126,-4.98355,0.544508,1.07276,0.161494,-4.46182,-2.72011e+07,-779.804,-96.6063,79176.8,0,0,0,0,0,0,-15.5106,-9.47866,-20.7218,-15.9244,0,0
0.000199404,0,0,0,1e+09,1e+09,1e+09,0,0,0,0,0,8197,2557,9.78661e-07,0,0.292125,-4.97867,0.544508,1.07276,0.161494,-4.37566,-2.65213e+07,-886.071,89.7344,78489,0,0,0,0,0,0,-15.4987,-9.50045,-20.7737,-15.9594,0,0
0.000199552,0,0,0,1e+09,1e+09,1e+09,0,0,0,0,0,8222,2557,9.78661e-07,0,0.292124,-4.97372,0.544508,1.07276,0.161493,-4.29128,-2.58485e+07,-779.529,28.4216,79505,0,0,0,0,0,0,-15.5145,-9.52339,-20.7955,-15.9878,0,0
0.000199701,0,0,0,1e+09,1e+09,1e+09,0,0,0,0,0,8238,2557,9.78661e-07,0,0.292124,-4.96871,0.544508,1.07275,0.161492,-4.20923,-2.51842e+07,-652.195,-244.131,78850.9,0,0,0,0,0,0,-15.51,-9.54547,-20.837,-16.0276,0,0
0.000199849,0,0,0,1e+09,1e+09,1e+09,0,0,0,0,0,8267,2557,9.78661e-07,0,0.292123,-4.96362,0.544508,1.07275,0.161492,-4.12753,-2.45304e+07,-928.134,57.8958,78479.3,0,0,0,0,0,0,-15.5154,-9.5672,-20.8665,-16.0597,0,0
0.000199998,0,0,0,1e+09,1e+09,1e+09,0,0,0,0,0,8281,2557,9.78661e-07,0,0.292122,-4.95844,0.544509,1.07275,0.161491,-4.04892,-2.38891e+07,-856.089,3.23442,78664.1,0,0,0,0,0,0,-15.5125,-9.58941,-20.9037,-16.0849,0,0
0.000200146,0,0,0,1e+09,1e+09,1e+09,0,0,0,0,0,8294,2557,9.78661e-07,0,0.292122,-4.95315,0.544509,1.07275,0.161491,-3.97214,-2.32628e+07,-782.489,119.326,78162.7,0,0,0,0,0,0,-15.5188,-9.61076,-20.9334,-16.1217,0,0
0.000200295,0,0,0,1e+09,1e+09,1e+09,0,0,0,0,0,8305,2557,9.78661e-07,0,0.292121,-4.94777,0.544509,1.07275,0.16149,-3.89755,-2.26541e+07,-912.922,292.477,78714.4,0,0,0,0,0,0,-15.522,-9.63145,-20.9709,-16.1475,0,0
0.000200443,0,0,0,1e+09,1e+09,1e+09,0,0,0,0,0,8320,2557,9.78661e-07,0,0.29212,-4.94227,0.544509,1.07275,0.161489,-3.82575,-2.20657e+07,-801.586,-61.973,78473,0,0,0,0,0,0,-15.5365,-9.65159,-20.9955,-16.1735,0,0
0.000200592,0,0,0,1e+09,1e+09,1e+09,0,0,0,0,0,8339,2557,9.78661e-07,0,0.292119,-4.93665,0.544509,1.07275,0.161489,-3.75628,-2.15008e+07,-828.712,526.711,78883,0,0,0,0,0,0,-15.5539,-9.67052,-21.0205,-16.201,0,0
0.00020074,0,0,0,1e+09,1e+09,1e+09,0,0,0,0,0,8358,2557,9.78661e-07,0,0.292119,-4.93087,0.544509,1.07274,0.161488,-3.68947,-2.09623e+07,-733.386,-173.564,78786.9,0,0,0,0,0,0,-15.566,-9.68832,-21.0492,-16.2298,0,0
0.000200889,0,0,0,1e+09,1e+09,1e+09,0,0,0,0,0,8370,2557,9.78661e-07,0,0.292118,-4.92493,0.54451,1.07274,0.161488,-3.62641,-2.04536e+07,-833.318,591.334,78936,0,0,0,0,0,0,-15.5667,-9.70502,-21.0871,-16.2586,0,0
0.000201037,0,0,0,1e+09,1e+09,1e+09,0,0,0,0,0,8377,2557,9.78661e-07,0,0.292117,-4.91885,0.54451,1.07274,0.161487,-3.56552,-1.99779e+07,-729.837,313.372,78843.7,0,0,0,0,0,0,-15.5812,-9.72233,-21.1071,-16.2845,0,0
0.000201185,0,0,0,1e+09,1e+09,1e+09,0,0,0,0,0,8388,2557,9.78661e-07,0,0.292116,-4.91262,0.54451,1.07274,0.161487,-3.50809,-1.95386e+07,-823.754,-40.1304,79226.8,0,0,0,0,0,0,-15.5727,-9.73893,-21.1509,-16.3085,0,0
0.000201334,0,0,0,1e+09,1e+09,1e+09,0,0,0,0,0,8405,2557,9.78661e-07,0,0.292116,-4.90623,0.54451,1.07274,0.161486,-3.45354,-1.9139e+07,-976.348,594.452,78321,0,0,0,0,0,0,-15.5824,-9.75551,-21.1807,-16.3345,0,0
0.000201482,0,0,0,1e+09,1e+09,1e+09,0,0,0,0,0,8424,2557,9.78661e-07,0,0.292115,-4.89968,0.54451,1.07274,0.161486,-3.40214,-1.87826e+07,-696.061,12.7427,78830.7,0,0,0,0,0,0,-15.6165,-9.77124,-21.1888,-16.3551,0,0
0.000201631,0,0,0,1e+09,1e+09,1e+09,0,0,0,0,0,8445,2557,9.78661e-07,0,0.292114,-4.89297,0.54451,1.07274,0.161485,-3.35438,-1.84728e+07,-921.585,452.364,78572.6,0,0,0,0,0,0,-15.6125,-9.78673,-21.231,-16.3863,0,0
0.000201779,0,0,0,1e+09,1e+09,1e+09,0,0,0,0,0,8461,2557,9.78661e-07,0,0.292113,-4.88607,0.544511,1.07273,0.161485,-3.30976,-1.82127e+07,-795.251,429.371,78225.5,0,0,0,0,0,0,-15.6205,-9.80166,-21.2598,-16.4098,0,0
0.000201928,0,0,0,1e+09,1e+09,1e+09,0,0,0,0,0,8472,2557,9.78661e-07,0,0.292113,-4.87901,0.544511,1.07273,0.161484,-3.26925,-1.80057e+07,-672.694,385.755,78351.1,0,0,0,0,0,0,-15.6306,-9.8153,-21.2841,-16.4358,0,0
0.000202076,0,0,0,1e+09,1e+09,1e+09,0,0,0,0,0,8483,2557,9.78661e-07,0,0.292112,-4.87178,0.544511,1.07273,0.161484,-3.23228,-1.7855e+07,-795.155,110.214,78643.2,0,0,0,0,0,0,-15.6258,-9.82814,-21.3217,-16.4567,0,0
0.000202225,0,0,0,1e+09,1e+09,1e+09,0,0,0,0,0,8494,2557,9.78661e-07,0,0.292111,-4.86437,0.544511,1.07273,0.161483,-3.19794,-1.77634e+07,-868.848,193.732,78405.8,0,0,0,0,0,0,-15.6549,-9.84026,-21.3406,-16.4799,0,0
0.000202373,0,0,0,1e+09,1e+09,1e+09,0,0,0,0,0,8504,2557,9.78661e-07,0,0.292111,-4.85678,0.544511,1.07273,0.161483,-3.16763,-1.77339e+07,-672.646,10.0219,79281.3,0,0,0,0,0,0,-15.6834,-9.8532,-21.3663,-16.5033,0,0
0.000202522,0,0,0,1e+09,1e+09,1e+09,0,0,0,0,0,8515,2557,9.78661e-07,0,0.29211,-4.84902,0.544511,1.07273,0.161482,-3.14127,-1.77691e+07,-521.816,204.477,78112.1,0,0,0,0,0,0,-15.7084,-9.86483,-21.3881,-16.5275,0,0
0.00020267,0,0,0,1e+09,1e+09,1e+09,0,0,0,0,0,8524,2557,9.78661e-07,0,0.292109,-4.84108,0.544511,1.07273,0.161482,-3.11798,-1.78715e+07,-815.037,80.062,78624.5,0,0,0,0,0,0,-15.7246,-9.87646,-21.4134,-16.5504,0,0
0.000202819,0,0,0,1e+09,1e+09,1e+09,0,0,0,0,0,8534,2557,9.78661e-07,0,0.292108,-4.83296,0.544512,1.07272,0.161481,-3.09841,-1.80432e+07,-455.202,418.302,79577.5,0,0,0,0,0,0,-15.7364,-9.8875,-21.4389,-16.5688,0,0
0.000202967,0,0,0,1e+09,1e+09,1e+09,0,0,0,0,0,8540,2557,9.78661e-07,0,0.292108,-4.82465,0.544512,1.07272,0.161481,-3.08284,-1.82862e+07,-738.309,-330.165,78251.6,0,0,0,0,0,0,-15.757,-9.8983,-21.4681,-16.5913,0,0
0.000203116,0,0,0,1e+09,1e+09,1e+09,0,0,0,0,0,8546,2557,9.78661e-07,0,0.292107,-4.81615,0.544512,1.07272,0.16148,-3.07025,-1.86023e+07,-768.587,497.212,79615.4,0,0,0,0,0,0,-15.777,-9.90836,-21.5004,-16.6087,0,0
0.000203264,0,0,0,1e+09,1e+09,1e+09,0,0,0,0,0,8558,2557,9.78661e-07,0,0.292106,-4.80746,0.544512,1.07272,0.16148,-3.06182,-1.89926e+07,-400.485,-132.634,78771.8,0,0,0,0,0,0,-15.8152,-9.91899,-21.511,-16.6313,0,0
0.000203413,0,0,0,1e+09,1e+09,1e+09,0,0,0,0,0,8568,2557,9.78661e-07,0,0.292106,-4.79858,0.544512,1.07272,0.161479,-3.05775,-1.94584e+07,-678.174,136.204,78817.4,0,0,0,0,0,0,-15.8421,-9.92924,-21.5323,-16.6514,0,0
0.000203561,0,0,0,1e+09,1e+09,1e+09,0,0,0,0,0,8570,2557,9.78661e-07,0,0.292105,-4.7895,0.544512,1.07272,0.161479,-3.05699,-2.00003e+07,-584.544,332.654,78946.2,0,0,0,0,0,0,-15.846,-9.93851,-21.5817,-16.673,0,0
0.00020371,0,0,0,1e+09,1e+09,1e+09,0,0,0,0,0,8577,2557,9.78661e-07,0,0.292104,-4.78023,0.544513,1.07272,0.161479,-3.06005,-2.06187e+07,-838.612,129.591,79307,0,0,0,0,0,0,-15.8873,-9.94764,-21.5916,-16.6892,0,0
0.000203858,0,0,0,1e+09,1e+09,1e+09,0,0,0,0,0,8579,2557,9.78661e-07,0,0.292103,-4.7708,0.544513,1.07271,0.161478,-3.06707,-2.13137e+07,-461.168,350.004,78936.3,0,0,0,0,0,0,-15.9165,-9.95629,-21.6129,-16.7091,0,0
0.000204007,0,0,0,1e+09,1e+09,1e+09,0,0,0,0,0,8585,2557,9.78661e-07,0,0.292103,-4.7612,0.544513,1.07271,0.161478,-3.07657,-2.2085e+07,-842.888,-81.9381,79559.2,0,0,0,0,0,0,-15.929,-9.96509,-21.6475,-16.7297,0,0
0.000204155,0,0,0,1e+09,1e+09,1e+09,0,0,0,0,0,8592,2557,9.78661e-07,0,0.292102,-4.75144,0.544513,1.07271,0.161477,-3.09046,-2.29321e+07,-551.052,285.518,79429.9,0,0,0,0,0,0,-15.9507,-9.97329,-21.6737,-16.7478,0,0
0.000204303,0,0,0,1e+09,1e+09,1e+09,0,0,0,0,0,8597,2557,9.78661e-07,0,0.292101,-4.74153,0.544513,1.07271,0.161477,-3.10667,-2.38538e+07,-605.738,-257.908,79164.9,0,0,0,0,0,0,-15.9876,-9.98094,-21.6909,-16.7667,0,0
0.000204452,0,0,0,1e+09,1e+09,1e+09,0,0,0,0,0,8601,2557,9.78661e-07,0,0.292101,-4.73147,0.544513,1.07271,0.161476,-3.12639,-2.48491e+07,-765.832,292.377,80199.9,0,0,0,0,0,0,-16.0213,-9.98856,-21.7188,-16.7862,0,0
0.0002046,0,0,0,1e+09,1e+09,1e+09,0,0,0,0,0,8607,2557,9.78661e-07,0,0.2921,-4.72126,0.544514,1.07271,0.161476,-3.1491,-2.59161e+07,-607.116,-38.1758,79921.4,0,0,0,0,0,0,-16.0672,-9.99568,-21.7339,-16.8011,0,0
0.000204749,0,0,0,1e+09,1e+09,1e+09,0,0,0,0,0,8610,2557,9.78661e-07,0,0.292099,-4.7109,0.544514,1.07271,0.161475,-3.17522,-2.70529e+07,-346.539,-65.6675,80016.1,0,0,0,0,0,0,-16.0897,-10.0032,-21.769,-16.8227,0,0
0.000204897,0,0,0,1e+09,1e+09,1e+09,0,0,0,0,0,8617,2557,9.78661e-07,0,0.292099,-4.7004,0.544514,1.0727,0.161475,-3.20404,-2.8257e+07,-674.209,-109.36,79006.7,0,0,0,0,0,0,-16.1197,-10.0098,-21.7949,-16.8444,0,0
0.000205046,0,0,0,1e+09,1e+09,1e+09,0,0,0,0,0,8623,2557,9.78661e-07,0,0.292098,-4.68976,0.544514,1.0727,0.161474,-3.23614,-2.95258e+07,-554.309,164.806,80308.6,0,0,0,0,0,0,-16.1522,-10.0167,-21.8212,-16.8597,0,0
0.000205194,0,0,0,1e+09,1e+09,1e+09,0,0,0,0,0,8628,2557,9.78661e-07,0,0.292097,-4.67898,0.544514,1.0727,0.161474,-3.27208,-3.08559e+07,-578.573,-113.493,79836.4,0,0,0,0,0,0,-16.1959,-10.0237,-21.8408,-16.8811,0,0
0.000205343,0,0,0,1e+09,1e+09,1e+09,0,0,0,0,0,8631,2557,9.78661e-07,0,0.292096,-4.66807,0.544514,1.0727,0.161473,-3.30989,-3.22439e+07,-677.008,44.6385,79807.1,0,0,0,0,0,0,-16.2226,-10.0305,-21.8723,-16.9011,0,0
0.000205491,0,0,0,1e+09,1e+09,1e+09,0,0,0,0,0,8634,2557,9.78661e-07,0,0.292096,-4.65707,0.544514,1.0727,0.161473,-3.35058,-3.36859e+07,-557.263,222.099,80091.8,0,0,0,0,0,0,-16.2522,-10.0376,-21.9024,-16.9201,0,0
0.00020564,0,0,0,1e+09,1e+09,1e+09,0,0,0,0,0,8638,2557,9.78661e-07,0,0.292095,-4.64598,0.544515,1.0727,0.161472,-3.39339,-3.51774e+07,-623.003,-16.5397,80530.2,0,0,0,0,0,0,-16.3031,-10.0445,-21.9162,-16.9446,0,0
0.000205788,0,0,0,1e+09,1e+09,1e+09,0,0,0,0,0,8650,2557,9.78661e-07,0,0.292094,-4.63479,0.544515,1.07269,0.161472,-3.43893,-3.67139e+07,-535.168,117.149,80074.8,0,0,0,0,0,0,-16.3193,-10.0514,-21.9608,-16.9653,0,0
0.000205937,0,0,0,1e+09,1e+09,1e+09,0,0,0,0,0,8653,2557,9.78661e-07,0,0.292094,-4.62351,0.544515,1.07269,0.161471,-3.48633,-3.82904e+07,-733.6,-156.632,80722.4,0,0,0,0,0,0,-16.3639,-10.0588,-21.977,-16.9873,0,0
0.000206085,0,0,0,1e+09,1e+09,1e+09,0,0,0,0,0,8660,2557,9.78661e-07,0,0.292093,-4.61216,0.544515,1.07269,0.161471,-3.53618,-3.99017e+07,-636.573,83.089,79710,0,0,0,0,0,0,-16.3765,-10.0665,-22.0124,-17.0085,0,0
0.000206234,0,0,0,1e+09,1e+09,1e+09,0,0,0,0,0,8669,2557,9.78661e-07,0,0.292092,-4.60074,0.544515,1.07269,0.16147,-3.58821,-4.15423e+07,-562.751,-241.729,80378.7,0,0,0,0,0,0,-16.4014,-10.0744,-22.0352,-17.0293,0,0
0.000206382,0,0,0,1e+09,1e+09,1e+09,0,0,0,0,0,8675,2557,9.78661e-07,0,0.292092,-4.58925,0.544515,1.07269,0.16147,-3.6424,-4.32068e+07,-483.354,38.0646,80557.3,0,0,0,0,0,0,-16.4272,-10.0819,-22.0714,-17.0542,0,0
0.000206531,0,0,0,1e+09,1e+09,1e+09,0,0,0,0,0,8679,2557,9.78661e-07,0,0.292091,-4.57769,0.544516,1.07269,0.161469,-3.6978,-4.48893e+07,-560.278,-168.208,80563.9,0,0,0,0,0,0,-16.4632,-10.0893,-22.1027,-17.0762,0,0
0.000206679,0,0,0,1e+09,1e+09,1e+09,0,0,0,0,0,8684,2557,9.78661e-07,0,0.29209,-4.56611,0.544516,1.07269,0.161469,-3.75457,-4.65843e+07,-439.25,-99.1419,81305.8,0,0,0,0,0,0,-16.4884,-10.0964,-22.1426,-17.105,0,0
0.000206828,0,0,0,1e+09,1e+09,1e+09,0,0,0,0,0,8688,2557,9.78661e-07,0,0.29209,-4.55451,0.544516,1.07268,0.161468,-3.81254,-4.82863e+07,-654.894,-365.411,80732.3,0,0,0,0,0,0,-16.523,-10.1038,-22.1646,-17.1261,0,0
0.000206976,0,0,0,1e+09,1e+09,1e+09,0,0,0,0,0,8688,2557,9.78661e-07,0,0.292089,-4.5429,0.544516,1.07268,0.161468,-3.87092,-4.99897e+07,-578.081,7.20281,81140.8,0,0,0,0,0,0,-16.5355,-10.1117,-22.2002,-17.1541,0,0
0.000207125,0,0,0,1e+09,1e+09,1e+09,0,0,0,0,0,8692,2557,9.78661e-07,0,0.292088,-4.53126,0.544516,1.07268,0.161467,-3.93036,-5.16894e+07,-517.633,-142.496,81141.9,0,0,0,0,0,0,-16.5639,-10.1188,-22.224,-17.1732,0,0
0.000207273,0,0,0,1e+09,1e+09,1e+09,0,0,0,0,0,8692,2557,9.78661e-07,0,0.292088,-4.51961,0.544516,1.07268,0.161466,-3.99028,-5.33805e+07,-570.246,-21.3665,80687.5,0,0,0,0,0,0,-16.5841,-10.1253,-22.2656,-17.2012,0,0
0.000207422,0,0,0,1e+09,1e+09,1e+09,0,0,0,0,0,8696,2557,9.78661e-07,0,0.292087,-4.50795,0.544517,1.07268,0.161466,-4.0512,-5.50584e+07,-299.374,-409.872,80936.6,0,0,0,0,0,0,-16.6146,-10.1321,-22.2994,-17.2264,0,0
0.00020757,0,0,0,1e+09,1e+09,1e+09,0,0,0,0,0,8699,2557,9.78661e-07,0,0.292086,-4.49627,0.544517,1.07268,0.161465,-4.1122,-5.67189e+07,-850.573,25.2253,81301.3,0,0,0,0,0,0,-16.6356,-10.1395,-22.3354,-17.2461,0,0
0.000207718,0,0,0,1e+09,1e+09,1e+09,0,0,0,0,0,8703,2557,9.78661e-07,0,0.292086,-4.4846,0.544517,1.07268,0.161465,-4.17404,-5.83582e+07,-377.736,-521.584,81947.7,0,0,0,0,0,0,-16.6582,-10.1463,-22.363,-17.2732,0,0
0.000207867,0,0,0,1e+09,1e+09,1e+09,0,0,0,0,0,8707,2557,9.78661e-07,0,0.292085,-4.47294,0.544517,1.07267,0.161464,-4.23533,-5.99729e+07,-676.757,-232.397,80614,0,0,0,0,0,0,-16.6739,-10.1532,-22.3965,-17.2965,0,0
0.000208015,0,0,0,1e+09,1e+09,1e+09,0,0,0,0,0,8710,2557,9.78661e-07,0,0.292084,-4.46128,0.544517,1.07267,0.161463,-4.29678,-6.156e+07,-566.619,-246.048,82063.7,0,0,0,0,0,0,-16.6876,-10.1604,-22.4285,-17.3193,0,0
0.000208164,0,0,0,1e+09,1e+09,1e+09,0,0,0,0,0,8712,2557,9.78661e-07,0,0.292084,-4.44965,0.544517,1.07267,0.161463,-4.35809,-6.31168e+07,-347.571,-422.281,81564.8,0,0,0,0,0,0,-16.6881,-10.1679,-22.4686,-17.3452,0,0
0.000208312,0,0,0,1e+09,1e+09,1e+09,0,0,0,0,0,8715,2557,9.78661e-07,0,0.292083,-4.43804,0.544518,1.07267,0.161462,-4.41864,-6.46412e+07,-674.12,-288.541,82475.4,0,0,0,0,0,0,-16.7132,-10.1746,-22.4883,-17.3635,0,0
0.000208461,0,0,0,1e+09,1e+09,1e+09,0,0,0,0,0,8721,2557,9.78661e-07,0,0.292082,-4.42648,0.544518,1.07267,0.161461,-4.47871,-6.61313e+07,-567.797,-240.546,82347.1,0,0,0,0,0,0,-16.7173,-10.182,-22.5299,-17.3873,0,0
0.000208609,0,0,0,1e+09,1e+09,1e+09,0,0,0,0,0,8722,2557,9.78661e-07,0,0.292082,-4.41496,0.544518,1.07267,0.161461,-4.53797,-6.75854e+07,-313.928,-202.815,81398.9,0,0,0,0,0,0,-16.7262,-10.1896,-22.5702,-17.4097,0,0
0.000208758,0,0,0,1e+09,1e+09,1e+09,0,0,0,0,0,8728,2557,9.78661e-07,0,0.292081,-4.40347,0.544518,1.07267,0.16146,-4.59589,-6.90023e+07,-340.186,-331.181,82826.1,0,0,0,0,0,0,-16.7399,-10.1967,-22.5963,-17.4309,0,0
0.000208906,0,0,0,1e+09,1e+09,1e+09,0,0,0,0,0,8732,2557,9.78661e-07,0,0.29208,-4.39204,0.544518,1.07266,0.161459,-4.65303,-7.03806e+07,-471.6,-438.564,81347.3,0,0,0,0,0,0,-16.7472,-10.2043,-22.6254,-17.4552,0,0
0.000209055,0,0,0,1e+09,1e+09,1e+09,0,0,0,0,0,8735,2557,9.78661e-07,0,0.29208,-4.38066,0.544518,1.07266,0.161459,-4.7092,-7.17195e+07,-180.004,-321.604,82657.5,0,0,0,0,0,0,-16.7442,-10.2131,-22.6633,-17.4785,0,0
0.000209203,0,0,0,1e+09,1e+09,1e+09,0,0,0,0,0,8739,2557,9.78661e-07,0,0.292079,-4.36933,0.544518,1.07266,0.161458,-4.76334,-7.30182e+07,-557.262,-276.833,82974.3,0,0,0,0,0,0,-16.7503,-10.2213,-22.7005,-17.4996,0,0
0.000209352,0,0,0,1e+09,1e+09,1e+09,0,0,0,0,0,8744,2557,9.78661e-07,0,0.292078,-4.35805,0.544519,1.07266,0.161457,-4.81647,-7.42758e+07,-350.994,-404.696,82955,0,0,0,0,0,0,-16.7566,-10.2293,-22.7373,-17.5242,0,0
0.0002095,0,0,0,1e+09,1e+09,1e+09,0,0,0,0,0,8752,2557,9.78661e-07,0,0.292078,-4.34685,0.544519,1.07266,0.161457,-4.86733,-7.54916e+07,-393.403,-220.575,82852.5,0,0,0,0,0,0,-16.7743,-10.2383,-22.7645,-17.5443,0,0
0.000209649,0,0,0,1e+09,1e+09,1e+09,0,0,0,0,0,8759,2557,9.78661e-07,0,0.292077,-4.33572,0.544519,1.07266,0.161456,-4.9162,-7.66651e+07,-396.998,-785.544,83370.7,0,0,0,0,0,0,-16.778,-10.2475,-22.8047,-17.5691,0,0
0.000209797,0,0,0,1e+09,1e+09,1e+09,0,0,0,0,0,8770,2557,9.78661e-07,0,0.292076,-4.32467,0.544519,1.07266,0.161455,-4.96283,-7.77956e+07,-424.793,-65.8697,83075,0,0,0,0,0,0,-16.7887,-10.2571,-22.8419,-17.595,0,0
0.000209946,0,0,0,1e+09,1e+09,1e+09,0,0,0,0,0,8774,2557,9.78661e-07,0,0.292076,-4.31369,0.544519,1.07265,0.161454,-5.0072,-7.88825e+07,-448.965,-789.111,83298.6,0,0,0,0,0,0,-16.8039,-10.2672,-22.8752,-17.6188,0,0
0.000210094,0,0,0,1e+09,1e+09,1e+09,0,0,0,0,0,8782,2953,1.22828e-06,0,0.292075,-4.30278,0.544519,1.07265,0.161454,-5.04931,-7.99251e+07,-568.597,-445.598,83185.3,0,0,0,0,0,0,-16.8017,-10.2783,-22.9215,-17.6472,0,0
0.000210243,0,0,0,1e+09,1e+09,1e+09,0,0,0,0,0,8789,2953,1.22828e-06,0,0.292074,-4.29197,0.54452,1.07265,0.161453,-5.08835,-8.09228e+07,-190.144,-132.199,83405.4,0,0,0,0,0,0,-16.8212,-10.2889,-22.9465,-17.6666,0,0
0.000210391,0,0,0,1e+09,1e+09,1e+09,0,0,0,0,0,8797,2953,1.22828e-06,0,0.292074,-4.28124,0.54452,1.07265,0.161452,-5.12495,-8.18748e+07,-346.025,-366.442,83854.5,0,0,0,0,0,0,-16.8246,-10.2998,-22.9876,-17.6949,0,0
0.00021054,0,0,0,1e+09,1e+09,1e+09,0,0,0,0,0,8806,2953,1.22828e-06,0,0.292073,-4.27061,0.54452,1.07265,0.161451,-5.15846,-8.27806e+07,-716.624,-256.467,82714,0,0,0,0,0,0,-16.838,-10.3108,-23.0235,-17.723,0,0
0.000210688,0,0,0,1e+09,1e+09,1e+09,0,0,0,0,0,8811,2953,1.22828e-06,0,0.292073,-4.26007,0.54452,1.07265,0.161451,-5.18897,-8.36392e+07,-206.75,-572.234,83962.9,0,0,0,0,0,0,-16.8586,-10.3223,-23.0551,-17.7475,0,0
0.000210836,0,0,0,1e+09,1e+09,1e+09,0,0,0,0,0,8816,2953,1.22828e-06,0,0.292072,-4.2496,0.54452,1.07265,0.16145,-5.21706,-8.44498e+07,-805.971,-227.182,84274.3,0,0,0,0,0,0,-16.8718,-10.3341,-23.0993,-17.7764,0,0
0.000210985,0,0,0,1e+09,1e+09,1e+09,0,0,0,0,0,8821,2953,1.22828e-06,0,0.292071,-4.23922,0.54452,1.07264,0.161449,-5.24215,-8.52117e+07,-310.707,-777.4,84241.1,0,0,0,0,0,0,-16.8786,-10.3467,-23.1452,-17.8017,0,0
0.000211133,0,0,0,1e+09,1e+09,1e+09,0,0,0,0,0,8829,2953,1.22828e-06,0,0.292071,-4.22893,0.544521,1.07264,0.161448,-5.26363,-8.5924e+07,-437.076,-465.567,84727,0,0,0,0,0,0,-16.895,-10.3585,-23.1778,-17.8346,0,0
0.000211282,0,0,0,1e+09,1e+09,1e+09,0,0,0,0,0,8836,2953,1.22828e-06,0,0.29207,-4.21873,0.544521,1.07264,0.161447,-5.28238,-8.65857e+07,-758.642,-592.878,84476.8,0,0,0,0,0,0,-16.9194,-10.3706,-23.2076,-17.8587,0,0
0.00021143,0,0,0,1e+09,1e+09,1e+09,0,0,0,0,0,8844,2953,1.22828e-06,0,0.292069,-4.20864,0.544521,1.07264,0.161447,-5.29726,-8.7196e+07,-206.628,-726.626,84372.2,0,0,0,0,0,0,-16.9374,-10.3833,-23.2518,-17.8884,0,0
0.000211579,0,0,0,1e+09,1e+09,1e+09,0,0,0,0,0,8851,2953,1.22828e-06,0,0.292069,-4.19865,0.544521,1.07264,0.161446,-5.3089,-8.7754e+07,-629.257,-440.242,84658.7,0,0,0,0,0,0,-16.9637,-10.3965,-23.2944,-17.9189,0,0
0.000211727,0,0,0,1e+09,1e+09,1e+09,0,0,0,0,0,8863,2953,1.22828e-06,0,0.292068,-4.18877,0.544521,1.07264,0.161445,-5.31708,-8.8259e+07,-387.979,-519.332,84803.3,0,0,0,0,0,0,-16.9994,-10.4091,-23.3216,-17.9441,0,0
0.000211876,0,0,0,1e+09,1e+09,1e+09,0,0,0,0,0,8871,2953,1.22828e-06,0,0.292068,-4.179,0.544521,1.07264,0.161444,-5.32259,-8.87101e+07,-316.022,-692.392,84600.7,0,0,0,0,0,0,-17.0065,-10.4226,-23.3667,-17.9752,0,0
0.000212024,0,0,0,1e+09,1e+09,1e+09,0,0,0,0,0,8878,2953,1.22828e-06,0,0.292067,-4.16932,0.544521,1.07263,0.161443,-5.32384,-8.91067e+07,-502.829,-248.589,84964.8,0,0,0,0,0,0,-17.0323,-10.437,-23.3986,-18.0059,0,0
0.000212173,0,0,0,1e+09,1e+09,1e+09,0,0,0,0,0,8888,2953,1.22828e-06,0,0.292066,-4.15974,0.544522,1.07263,0.161443,-5.32309,-8.94482e+07,-372.619,-516.305,85620.8,0,0,0,0,0,0,-17.0411,-10.4514,-23.4531,-18.0327,0,0
0.000212321,0,0,0,1e+09,1e+09,1e+09,0,0,0,0,0,8901,2953,1.22828e-06,0,0.292066,-4.15025,0.544522,1.07263,0.161442,-5.31852,-8.9734e+07,-638.292,-676.519,84751.6,0,0,0,0,0,0,-17.0729,-10.4658,-23.4831,-18.0697,0,0
0.00021247,0,0,0,1e+09,1e+09,1e+09,0,0,0,0,0,8911,2953,1.22828e-06,0,0.292065,-4.14087,0.544522,1.07263,0.161441,-5.31075,-8.99638e+07,-227.137,-300.989,85111.4,0,0,0,0,0,0,-17.0893,-10.4804,-23.5258,-18.0943,0,0
0.000212618,0,0,0,1e+09,1e+09,1e+09,0,0,0,0,0,8926,2953,1.22828e-06,0,0.292064,-4.1316,0.544522,1.07263,0.16144,-5.29893,-9.01372e+07,-293.19,-683.66,84635.2,0,0,0,0,0,0,-17.1243,-10.495,-23.5589,-18.1288,0,0
0.000212767,0,0,0,1e+09,1e+09,1e+09,0,0,0,0,0,8933,2953,1.22828e-06,0,0.292064,-4.12245,0.544522,1.07263,0.16144,-5.28485,-9.02539e+07,-337.151,-699.012,86081.5,0,0,0,0,0,0,-17.1513,-10.5109,-23.6035,-18.1612,0,0
0.000212915,0,0,0,1e+09,1e+09,1e+09,0,0,0,0,0,8941,2953,1.22828e-06,0,0.292063,-4.1134,0.544522,1.07262,0.161439,-5.26635,-9.03137e+07,-230.027,-639.812,85358,0,0,0,0,0,0,-17.1722,-10.5258,-23.6482,-18.1912,0,0
0.000213064,0,0,0,1e+09,1e+09,1e+09,0,0,0,0,0,8951,2953,1.22828e-06,0,0.292063,-4.10445,0.544523,1.07262,0.161438,-5.24555,-9.03164e+07,-493.607,-681.19,84821.4,0,0,0,0,0,0,-17.1924,-10.5411,-23.6869,-18.218,0,0
0.000213212,0,0,0,1e+09,1e+09,1e+09,0,0,0,0,0,8961,2953,1.22828e-06,0,0.292062,-4.0956,0.544523,1.07262,0.161437,-5.22122,-9.02617e+07,-279.662,-776.06,85912.2,0,0,0,0,0,0,-17.2145,-10.5563,-23.7304,-18.2538,0,0
0.000213361,0,0,0,1e+09,1e+09,1e+09,0,0,0,0,0,8973,2953,1.22828e-06,0,0.292061,-4.08685,0.544523,1.07262,0.161436,-5.19456,-9.01495e+07,-114.421,-673.042,84684.2,0,0,0,0,0,0,-17.2367,-10.5722,-23.7787,-18.2871,0,0
0.000213509,0,0,0,1e+09,1e+09,1e+09,0,0,0,0,0,8980,2953,1.22828e-06,0,0.292061,-4.07819,0.544523,1.07262,0.161436,-5.16475,-8.99794e+07,-397.589,-577.611,84787.8,0,0,0,0,0,0,-17.281,-10.588,-23.8077,-18.3163,0,0
0.000213658,0,0,0,1e+09,1e+09,1e+09,0,0,0,0,0,8988,2953,1.22828e-06,0,0.29206,-4.06963,0.544523,1.07262,0.161435,-5.13135,-8.9751e+07,-22.2574,-914.379,85810.5,0,0,0,0,0,0,-17.3097,-10.6034,-23.8562,-18.348,0,0
0.000213806,0,0,0,1e+09,1e+09,1e+09,0,0,0,0,0,8993,2953,1.22828e-06,0,0.29206,-4.06117,0.544523,1.07262,0.161434,-5.09482,-8.9464e+07,-410.079,-665.164,85996.3,0,0,0,0,0,0,-17.3473,-10.619,-23.896,-18.3771,0,0
0.000213954,0,0,0,1e+09,1e+09,1e+09,0,0,0,0,0,9007,2953,1.22828e-06,0,0.292059,-4.05279,0.544524,1.07261,0.161433,-5.05589,-8.91178e+07,-149.46,-1044.12,85558,0,0,0,0,0,0,-17.3869,-10.6352,-23.9294,-18.4038,0,0
0.000214103,0,0,0,1e+09,1e+09,1e+09,0,0,0,0,0,9022,2953,1.22828e-06,0,0.292058,-4.04452,0.544524,1.07261,0.161433,-5.01353,-8.87118e+07,-362.553,-965.808,85697.9,0,0,0,0,0,0,-17.419,-10.6502,-23.973,-18.4413,0,0
0.000214251,0,0,0,1e+09,1e+09,1e+09,0,0,0,0,0,9034,2953,1.22828e-06,0,0.292058,-4.03634,0.544524,1.07261,0.161432,-4.96942,-8.82454e+07,25.7227,-597.83,84787.5,0,0,0,0,0,0,-17.4578,-10.6668,-24.0126,-18.4681,0,0
0.0002144,0,0,0,1e+09,1e+09,1e+09,0,0,0,0,0,9049,2953,1.22828e-06,0,0.292057,-4.02826,0.544524,1.07261,0.161431,-4.92222,-8.77179e+07,-296.737,-957.671,86050.9,0,0,0,0,0,0,-17.4962,-10.6835,-24.0502,-18.5013,0,0
0.000214548,0,0,0,1e+09,1e+09,1e+09,0,0,0,0,0,9065,2953,1.22828e-06,0,0.292057,-4.02026,0.544524,1.07261,0.16143,-4.87285,-8.71288e+07,-306.324,-781.354,85423.5,0,0,0,0,0,0,-17.5395,-10.6995,-24.0835,-18.5287,0,0
0.000214697,0,0,0,1e+09,1e+09,1e+09,0,0,0,0,0,9074,2953,1.22828e-06,0,0.292056,-4.01236,0.544524,1.07261,0.16143,-4.8208,-8.64777e+07,-228.655,-639.671,85785.3,0,0,0,0,0,0,-17.5732,-10.7164,-24.127,-18.5602,0,0
0.000214845,0,0,0,1e+09,1e+09,1e+09,0,0,0,0,0,9085,2953,1.22828e-06,0,0.292055,-4.00454,0.544525,1.07261,0.161429,-4.76691,-8.5764e+07,-220.851,-903.431,85612.4,0,0,0,0,0,0,-17.6146,-10.7339,-24.1696,-18.5914,0,0
0.000214994,0,0,0,1e+09,1e+09,1e+09,0,0,0,0,0,9101,2953,1.22828e-06,0,0.292055,-3.99681,0.544525,1.0726,0.161428,-4.71122,-8.49879e+07,18.3594,-975.702,85434.3,0,0,0,0,0,0,-17.6653,-10.7513,-24.2004,-18.622,0,0
0.000215142,0,0,0,1e+09,1e+09,1e+09,0,0,0,0,0,9117,2953,1.22828e-06,0,0.292054,-3.98915,0.544525,1.0726,0.161428,-4.65357,-8.41493e+07,-302.282,-574.078,85074,0,0,0,0,0,0,-17.6913,-10.7687,-24.2404,-18.6521,0,0
0.000215291,0,0,0,1e+09,1e+09,1e+09,0,0,0,0,0,9131,2953,1.22828e-06,0,0.292054,-3.98155,0.544525,1.0726,0.161427,-4.59414,-8.32488e+07,4.1083,-1073.97,86203.8,0,0,0,0,0,0,-17.7215,-10.7859,-24.2689,-18.6845,0,0
0.000215439,0,0,0,1e+09,1e+09,1e+09,0,0,0,0,0,9148,2953,1.22828e-06,0,0.292053,-3.97403,0.544525,1.0726,0.161426,-4.5332,-8.22872e+07,-123.504,-415.961,86345,0,0,0,0,0,0,-17.7573,-10.8032,-24.3021,-18.7136,0,0
0.000215588,0,0,0,1e+09,1e+09,1e+09,0,0,0,0,0,9163,2953,1.22828e-06,0,0.292052,-3.9666,0.544525,1.0726,0.161426,-4.47011,-8.12656e+07,-111.845,-1003.6,86094.8,0,0,0,0,0,0,-17.7822,-10.8207,-24.3585,-18.7476,0,0
0.000215736,0,0,0,1e+09,1e+09,1e+09,0,0,0,0,0,9175,2953,1.22828e-06,0,0.292052,-3.95922,0.544525,1.0726,0.161425,-4.40553,-8.01857e+07,-144.049,-652.685,86190.3,0,0,0,0,0,0,-17.8384,-10.8382,-24.3744,-18.772,0,0
0.000215885,0,0,0,1e+09,1e+09,1e+09,0,0,0,0,0,9195,2953,1.22828e-06,0,0.292051,-3.9519,0.544526,1.0726,0.161424,-4.34017,-7.90494e+07,-324.866,-920.744,86770.1,0,0,0,0,0,0,-17.8542,-10.855,-24.4223,-18.8054,0,0
0.000216033,0,0,0,1e+09,1e+09,1e+09,0,0,0,0,0,9203,2953,1.22828e-06,0,0.292051,-3.94464,0.544526,1.07259,0.161424,-4.27402,-7.78592e+07,117,-519.946,85992,0,0,0,0,0,0,-17.8849,-10.872,-24.4455,-18.8323,0,0
0.000216182,0,0,0,1e+09,1e+09,1e+09,0,0,0,0,0,9210,2953,1.22828e-06,0,0.29205,-3.93744,0.544526,1.07259,0.161423,-4.20636,-7.66177e+07,-380.221,-722.6,85670.6,0,0,0,0,0,0,-17.9141,-10.8893,-24.476,-18.8619,0,0
0.00021633,0,0,0,1e+09,1e+09,1e+09,0,0,0,0,0,9224,2953,1.22828e-06,0,0.29205,-3.93029,0.544526,1.07259,0.161422,-4.13821,-7.5328e+07,-164.654,-280.402,86138.1,0,0,0,0,0,0,-17.9305,-10.9074,-24.5167,-18.8901,0,0
0.000216479,0,0,0,1e+09,1e+09,1e+09,0,0,0,0,0,9236,2953,1.22828e-06,0,0.292049,-3.92318,0.544526,1.07259,0.161422,-4.06954,-7.39936e+07,-135.883,-754.375,86030.2,0,0,0,0,0,0,-17.9543,-10.9257,-24.5465,-18.9227,0,0
0.000216627,0,0,0,1e+09,1e+09,1e+09,0,0,0,0,0,9243,2953,1.22828e-06,0,0.292048,-3.9161,0.544526,1.07259,0.161421,-4.00046,-7.26179e+07,-75.3773,-487.403,85766.7,0,0,0,0,0,0,-17.9648,-10.9442,-24.5855,-18.9436,0,0
0.000216776,0,0,0,1e+09,1e+09,1e+09,0,0,0,0,0,9252,2953,1.22828e-06,0,0.292048,-3.90903,0.544527,1.07259,0.161421,-3.93115,-7.12048e+07,-190.031,-712.364,86607,0,0,0,0,0,0,-17.9918,-10.9627,-24.606,-18.9718,0,0
0.000216924,0,0,0,1e+09,1e+09,1e+09,0,0,0,0,0,9255,2953,1.22828e-06,0,0.292047,-3.902,0.544527,1.07259,0.16142,-3.86167,-6.97583e+07,-84.5302,-668.079,86615.6,0,0,0,0,0,0,-17.9964,-10.9807,-24.6469,-18.9976,0,0
0.000217072,0,0,0,1e+09,1e+09,1e+09,0,0,0,0,0,9261,2953,1.22828e-06,0,0.292047,-3.89499,0.544527,1.07258,0.161419,-3.79177,-6.82825e+07,-54.639,-816.281,85756.5,0,0,0,0,0,0,-18.0042,-10.9979,-24.6795,-19.0251,0,0
0.000217221,0,0,0,1e+09,1e+09,1e+09,0,0,0,0,0,9275,2953,1.22828e-06,0,0.292046,-3.888,0.544527,1.07258,0.161419,-3.72214,-6.67817e+07,-273.911,-490.163,86264.8,0,0,0,0,0,0,-18.0204,-11.0161,-24.7,-19.0481,0,0
0.000217369,0,0,0,1e+09,1e+09,1e+09,0,0,0,0,0,9284,2953,1.22828e-06,0,0.292045,-3.88102,0.544527,1.07258,0.161418,-3.65285,-6.52602e+07,-28.3582,-732.135,85959,0,0,0,0,0,0,-18.0082,-11.0345,-24.7438,-19.0756,0,0
0.000217518,0,0,0,1e+09,1e+09,1e+09,0,0,0,0,0,9295,2953,1.22828e-06,0,0.292045,-3.87403,0.544527,1.07258,0.161418,-3.58405,-6.37223e+07,-307.934,-535.833,86469.3,0,0,0,0,0,0,-18.0151,-11.0526,-24.7637,-19.0982,0,0
0.000217666,0,0,0,1e+09,1e+09,1e+09,0,0,0,0,0,9305,2953,1.22828e-06,0,0.292044,-3.86704,0.544528,1.07258,0.161417,-3.51586,-6.21726e+07,38.5682,-700.122,86323.4,0,0,0,0,0,0,-18.0166,-11.071,-24.792,-19.1276,0,0
0.000217815,0,0,0,1e+09,1e+09,1e+09,0,0,0,0,0,9320,2953,1.22828e-06,0,0.292044,-3.86006,0.544528,1.07258,0.161417,-3.44868,-6.06154e+07,-225.179,-712.366,85146.3,0,0,0,0,0,0,-18.0134,-11.09,-24.83,-19.1592,0,0
0.000217963,0,0,0,1e+09,1e+09,1e+09,0,0,0,0,0,9336,2953,1.22828e-06,0,0.292043,-3.85305,0.544528,1.07258,0.161416,-3.38198,-5.90555e+07,-64.3936,-554.09,86444.7,0,0,0,0,0,0,-18.0058,-11.1081,-24.8674,-19.1804,0,0
0.000218112,0,0,0,1e+09,1e+09,1e+09,0,0,0,0,0,9350,2953,1.22828e-06,0,0.292043,-3.84601,0.544528,1.07257,0.161416,-3.31769,-5.74974e+07,-11.682,-664.898,86130.8,0,0,0,0,0,0,-17.9811,-11.1284,-24.9017,-19.2065,0,0
0.00021826,0,0,0,1e+09,1e+09,1e+09,0,0,0,0,0,9364,2953,1.22828e-06,0,0.292042,-3.83892,0.544528,1.07257,0.161415,-3.25373,-5.59458e+07,-227.877,-343.779,86407.5,0,0,0,0,0,0,-17.9735,-11.1482,-24.9178,-19.2348,0,0
0.000218409,0,0,0,1e+09,1e+09,1e+09,0,0,0,0,0,9377,2953,1.22828e-06,0,0.292041,-3.83177,0.544528,1.07257,0.161415,-3.19268,-5.44053e+07,94.0236,-535.986,86421.7,0,0,0,0,0,0,-17.9604,-11.1685,-24.9508,-19.2588,0,0
0.000218557,0,0,0,1e+09,1e+09,1e+09,0,0,0,0,0,9396,2953,1.22828e-06,0,0.292041,-3.82456,0.544529,1.07257,0.161414,-3.13309,-5.28809e+07,-82.5672,-401.036,86120.5,0,0,0,0,0,0,-17.9516,-11.1889,-24.9795,-19.2912,0,0
0.000218706,0,0,0,1e+09,1e+09,1e+09,0,0,0,0,0,9411,2953,1.22828e-06,0,0.29204,-3.81729,0.544529,1.07257,0.161414,-3.07519,-5.13773e+07,-94.6041,-659.059,86040.9,0,0,0,0,0,0,-17.9234,-11.2094,-25.022,-19.3165,0,0
0.000218854,0,0,0,1e+09,1e+09,1e+09,0,0,0,0,0,9428,2953,1.22828e-06,0,0.29204,-3.80997,0.544529,1.07257,0.161413,-3.01899,-4.98993e+07,-46.1294,-504,86352.6,0,0,0,0,0,0,-17.9102,-11.2293,-25.0424,-19.3416,0,0
0.000219003,0,0,0,1e+09,1e+09,1e+09,0,0,0,0,0,9442,2953,1.22828e-06,0,0.292039,-3.80258,0.544529,1.07257,0.161413,-2.96571,-4.84518e+07,110.045,-608.177,85773.4,0,0,0,0,0,0,-17.8973,-11.2494,-25.0628,-19.3665,0,0
0.000219151,0,0,0,1e+09,1e+09,1e+09,0,0,0,0,0,9454,2953,1.22828e-06,0,0.292039,-3.79512,0.544529,1.07256,0.161413,-2.91394,-4.70396e+07,-310.224,-607.331,86493.3,0,0,0,0,0,0,-17.8773,-11.2693,-25.0927,-19.3953,0,0
0.0002193,0,0,0,1e+09,1e+09,1e+09,0,0,0,0,0,9466,2953,1.22828e-06,0,0.292038,-3.78757,0.544529,1.07256,0.161412,-2.86546,-4.56673e+07,108.82,-582.725,85366.1,0,0,0,0,0,0,-17.8633,-11.2899,-25.1125,-19.4152,0,0
0.000219448,0,0,0,1e+09,1e+09,1e+09,0,0,0,0,0,9478,2953,1.22828e-06,0,0.292038,-3.77995,0.544529,1.07256,0.161412,-2.81874,-4.43398e+07,-94.6239,-715.297,86589.8,0,0,0,0,0,0,-17.8451,-11.3097,-25.1425,-19.4408,0,0
0.000219597,0,0,0,1e+09,1e+09,1e+09,0,0,0,0,0,9491,2953,1.22828e-06,0,0.292037,-3.77223,0.54453,1.07256,0.161411,-2.77585,-4.30613e+07,-146.741,-601.887,86018.5,0,0,0,0,0,0,-17.8386,-11.3295,-25.1643,-19.4648,0,0
0.000219745,0,0,0,1e+09,1e+09,1e+09,0,0,0,0,0,9503,2953,1.22828e-06,0,0.292036,-3.76443,0.54453,1.07256,0.161411,-2.73476,-4.18363e+07,-78.6857,-622.752,84966.7,0,0,0,0,0,0,-17.8211,-11.3494,-25.1888,-19.4938,0,0
0.000219894,0,0,0,1e+09,1e+09,1e+09,0,0,0,0,0,9510,2953,1.22828e-06,0,0.292036,-3.75653,0.54453,1.07256,0.16141,-2.69727,-4.06687e+07,-102.798,-444.996,86001.2,0,0,0,0,0,0,-17.7946,-11.3697,-25.2116,-19.5144,0,0
0.000220042,0,0,0,1e+09,1e+09,1e+09,0,0,0,0,0,9522,2953,1.22828e-06,0,0.292035,-3.74852,0.54453,1.07256,0.16141,-2.66272,-3.95625e+07,-78.8045,-675.829,85488,0,0,0,0,0,0,-17.7632,-11.3883,-25.2441,-19.5447,0,0
0.00022019,0,0,0,1e+09,1e+09,1e+09,0,0,0,0,0,9534,2953,1.22828e-06,0,0.292035,-3.74039,0.54453,1.07255,0.16141,-2.63116,-3.8521e+07,-39.3746,-413.964,85588.3,0,0,0,0,0,0,-17.7595,-11.4072,-25.2565,-19.5666,0,0
0.000220339,0,0,0,1e+09,1e+09,1e+09,0,0,0,0,0,9551,2953,1.22828e-06,0,0.292034,-3.73215,0.54453,1.07255,0.161409,-2.60343,-3.75473e+07,-441.64,-737.58,85619.9,0,0,0,0,0,0,-17.7338,-11.4253,-25.2891,-19.5925,0,0
0.000220487,0,0,0,1e+09,1e+09,1e+09,0,0,0,0,0,9564,2953,1.22828e-06,0,0.292034,-3.72379,0.544531,1.07255,0.161409,-2.57859,-3.66441e+07,38.3303,-249.496,85367.9,0,0,0,0,0,0,-17.7052,-11.446,-25.3322,-19.6217,0,0
0.000220636,0,0,0,1e+09,1e+09,1e+09,0,0,0,0,0,9574,2953,1.22828e-06,0,0.292033,-3.71533,0.544531,1.07255,0.161408,-2.55695,-3.58136e+07,-98.6248,-614.06,84991.5,0,0,0,0,0,0,-17.7018,-11.4651,-25.341,-19.6456,0,0
0.000220784,0,0,0,1e+09,1e+09,1e+09,0,0,0,0,0,9585,2953,1.22828e-06,0,0.292033,-3.70675,0.544531,1.07255,0.161408,-2.53871,-3.50574e+07,-189.679,-347.694,85120.4,0,0,0,0,0,0,-17.6643,-11.4846,-25.3821,-19.6765,0,0
0.000220933,0,0,0,1e+09,1e+09,1e+09,0,0,0,0,0,9597,2953,1.22828e-06,0,0.292032,-3.69805,0.544531,1.07255,0.161408,-2.52374,-3.43765e+07,-167.255,-477.12,84924.1,0,0,0,0,0,0,-17.6469,-11.5045,-25.4003,-19.698,0,0
0.000221081,0,0,0,1e+09,1e+09,1e+09,0,0,0,0,0,9609,2953,1.22828e-06,0,0.292031,-3.68924,0.544531,1.07254,0.161407,-2.51189,-3.37715e+07,-240.196,-388.396,85105.6,0,0,0,0,0,0,-17.6219,-11.524,-25.4394,-19.7276,0,0
0.00022123,0,0,0,1e+09,1e+09,1e+09,0,0,0,0,0,9622,2953,1.22828e-06,0,0.292031,-3.68031,0.544531,1.07254,0.161407,-2.50351,-3.32421e+07,-69.6066,-738.395,85453.6,0,0,0,0,0,0,-17.613,-11.5433,-25.4621,-19.7508,0,0
0.000221378,0,0,0,1e+09,1e+09,1e+09,0,0,0,0,0,9637,2953,1.22828e-06,0,0.29203,-3.67126,0.544532,1.07254,0.161407,-2.49853,-3.27873e+07,-426.866,-753.456,84721.1,0,0,0,0,0,0,-17.6139,-11.5621,-25.4745,-19.7745,0,0
0.000221527,0,0,0,1e+09,1e+09,1e+09,0,0,0,0,0,9648,2953,1.22828e-06,0,0.29203,-3.6621,0.544532,1.07254,0.161406,-2.49576,-3.24057e+07,-54.2975,-342.515,84590.8,0,0,0,0,0,0,-17.5851,-11.5803,-25.5078,-19.8023,0,0
0.000221675,0,0,0,1e+09,1e+09,1e+09,0,0,0,0,0,9664,2953,1.22828e-06,0,0.292029,-3.65281,0.544532,1.07254,0.161406,-2.49739,-3.20949e+07,-460.581,-610.129,84792.8,0,0,0,0,0,0,-17.5666,-11.5974,-25.539,-19.8214,0,0
0.000221824,0,0,0,1e+09,1e+09,1e+09,0,0,0,0,0,9680,2953,1.22828e-06,0,0.292029,-3.64339,0.544532,1.07254,0.161405,-2.50153,-3.18519e+07,-182.383,-513.469,83950.3,0,0,0,0,0,0,-17.5707,-11.6158,-25.5566,-19.8568,0,0
0.000221972,0,0,0,1e+09,1e+09,1e+09,0,0,0,0,0,9696,2953,1.22828e-06,0,0.292028,-3.63384,0.544532,1.07254,0.161405,-2.50903,-3.1673e+07,-276.177,-351.496,85004.7,0,0,0,0,0,0,-17.5653,-11.6332,-25.5885,-19.8738,0,0
0.000222121,0,0,0,1e+09,1e+09,1e+09,0,0,0,0,0,9716,2953,1.22828e-06,0,0.292028,-3.62417,0.544532,1.07253,0.161405,-2.5194,-3.1554e+07,-386.634,-547.135,83947.5,0,0,0,0,0,0,-17.5596,-11.6504,-25.6131,-19.902,0,0
0.000222269,0,0,0,1e+09,1e+09,1e+09,0,0,0,0,0,9727,2953,1.22828e-06,0,0.292027,-3.61439,0.544532,1.07253,0.161404,-2.53209,-3.14902e+07,-210.707,-439.762,85087,0,0,0,0,0,0,-17.5571,-11.6666,-25.6361,-19.9254,0,0
0.000222418,0,0,0,1e+09,1e+09,1e+09,0,0,0,0,0,9733,2953,1.22828e-06,0,0.292027,-3.6045,0.544533,1.07253,0.161404,-2.54792,-3.14762e+07,-473.415,-211.969,84451.3,0,0,0,0,0,0,-17.5444,-11.684,-25.6704,-19.9548,0,0
0.000222566,0,0,0,1e+09,1e+09,1e+09,0,0,0,0,0,9747,2953,1.22828e-06,0,0.292026,-3.59449,0.544533,1.07253,0.161404,-2.56614,-3.15067e+07,-322.603,-300.264,84675,0,0,0,0,0,0,-17.5433,-11.6982,-25.699,-19.9711,0,0
0.000222715,0,0,0,1e+09,1e+09,1e+09,0,0,0,0,0,9755,2953,1.22828e-06,0,0.292025,-3.58435,0.544533,1.07253,0.161403,-2.58681,-3.15757e+07,-585.507,-177.337,84849.7,0,0,0,0,0,0,-17.5525,-11.7144,-25.7182,-20.0009,0,0
0.000222863,0,0,0,1e+09,1e+09,1e+09,0,0,0,0,0,9762,2953,1.22828e-06,0,0.292025,-3.5741,0.544533,1.07253,0.161403,-2.61047,-3.16776e+07,-371.031,-266.639,84735.1,0,0,0,0,0,0,-17.5604,-11.7298,-25.7425,-20.0221,0,0
0.000223012,0,0,0,1e+09,1e+09,1e+09,0,0,0,0,0,9779,2953,1.22828e-06,0,0.292024,-3.56373,0.544533,1.07253,0.161402,-2.63589,-3.18063e+07,-496.366,-660.358,84735.1,0,0,0,0,0,0,-17.5688,-11.7447,-25.7686,-20.051,0,0
0.00022316,0,0,0,1e+09,1e+09,1e+09,0,0,0,0,0,9790,2953,1.22828e-06,0,0.292024,-3.55326,0.544533,1.07252,0.161402,-2.6638,-3.19563e+07,-428.128,-122.316,85228.7,0,0,0,0,0,0,-17.58,-11.7599,-25.7978,-20.0708,0,0
0.000223308,0,0,0,1e+09,1e+09,1e+09,0,0,0,0,0,9805,2953,1.22828e-06,0,0.292023,-3.54269,0.544534,1.07252,0.161402,-2.69353,-3.2122e+07,-436.379,-498.357,84621.8,0,0,0,0,0,0,-17.5878,-11.7742,-25.8326,-20.098,0,0
0.000223457,0,0,0,1e+09,1e+09,1e+09,0,0,0,0,0,9815,2953,1.22828e-06,0,0.292023,-3.53204,0.544534,1.07252,0.161401,-2.72559,-3.22986e+07,-371.833,-331.942,84318.5,0,0,0,0,0,0,-17.6098,-11.788,-25.8506,-20.1223,0,0
0.000223605,0,0,0,1e+09,1e+09,1e+09,0,0,0,0,0,9828,2953,1.22828e-06,0,0.292022,-3.52131,0.544534,1.07252,0.161401,-2.75791,-3.24812e+07,-376.807,-375.563,84662.7,0,0,0,0,0,0,-17.6138,-11.8026,-25.8807,-20.148,0,0
0.000223754,0,0,0,1e+09,1e+09,1e+09,0,0,0,0,0,9839,2953,1.22828e-06,0,0.292022,-3.51052,0.544534,1.07252,0.1614,-2.79299,-3.26658e+07,-432.602,-556.855,84495.6,0,0,0,0,0,0,-17.623,-11.815,-25.9098,-20.1719,0,0
0.000223902,0,0,0,1e+09,1e+09,1e+09,0,0,0,0,0,9848,2953,1.22828e-06,0,0.292021,-3.49965,0.544534,1.07252,0.1614,-2.8283,-3.28489e+07,-373.148,-283.575,83849.4,0,0,0,0,0,0,-17.6533,-11.8277,-25.929,-20.1904,0,0
0.000224051,0,0,0,1e+09,1e+09,1e+09,0,0,0,0,0,9860,2953,1.22828e-06,0,0.292021,-3.48873,0.544534,1.07252,0.1614,-2.8653,-3.30274e+07,-505.504,-205.508,84258.4,0,0,0,0,0,0,-17.6767,-11.8401,-25.9657,-20.2145,0,0
0.000224199,0,0,0,1e+09,1e+09,1e+09,0,0,0,0,0,9866,2953,1.22828e-06,0,0.29202,-3.47775,0.544535,1.07251,0.161399,-2.9026,-3.3199e+07,-246.021,-789.017,84442.2,0,0,0,0,0,0,-17.7186,-11.8522,-25.9847,-20.236,0,0
0.000224348,0,0,0,1e+09,1e+09,1e+09,0,0,0,0,0,9874,2953,1.22828e-06,0,0.29202,-3.46674,0.544535,1.07251,0.161399,-2.94104,-3.33619e+07,-432.5,-241.55,84481.3,0,0,0,0,0,0,-17.7419,-11.8635,-26.0127,-20.2611,0,0
0.000224496,0,0,0,1e+09,1e+09,1e+09,0,0,0,0,0,9882,2953,1.22828e-06,0,0.292019,-3.45571,0.544535,1.07251,0.161398,-2.9792,-3.3515e+07,-621.478,-512.804,84632.2,0,0,0,0,0,0,-17.7561,-11.8758,-26.0427,-20.2793,0,0
0.000224645,0,0,0,1e+09,1e+09,1e+09,0,0,0,0,0,9887,2953,1.22828e-06,0,0.292019,-3.44466,0.544535,1.07251,0.161398,-3.01821,-3.36574e+07,-505.212,-335.306,85256.5,0,0,0,0,0,0,-17.7811,-11.8878,-26.0679,-20.303,0,0
0.000224793,0,0,0,1e+09,1e+09,1e+09,0,0,0,0,0,9896,2953,1.22828e-06,0,0.292018,-3.4336,0.544535,1.07251,0.161397,-3.0573,-3.37892e+07,-311.592,-294.503,84626.4,0,0,0,0,0,0,-17.8135,-11.8997,-26.0936,-20.3234,0,0
0.000224942,0,0,0,1e+09,1e+09,1e+09,0,0,0,0,0,9901,2953,1.22828e-06,0,0.292018,-3.42253,0.544535,1.07251,0.161397,-3.09602,-3.39105e+07,-688.195,-666.375,85103.3,0,0,0,0,0,0,-17.8545,-11.9122,-26.1142,-20.3434,0,0
0.00022509,0,0,0,1e+09,1e+09,1e+09,0,0,0,0,0,9909,3308,1.52794e-06,0,0.292017,-3.41145,0.544536,1.07251,0.161396,-3.13423,-3.4022e+07,-582.097,-311.411,84629.8,0,0,0,0,0,0,-17.8824,-11.9232,-26.1484,-20.3636,0,0
0.000225239,0,0,0,1e+09,1e+09,1e+09,0,0,0,0,0,9918,3308,1.52794e-06,0,0.292017,-3.40037,0.544536,1.0725,0.161396,-3.172,-3.41249e+07,-442.985,-475.988,85116,0,0,0,0,0,0,-17.9053,-11.9354,-26.1817,-20.3859,0,0
0.000225387,0,0,0,1e+09,1e+09,1e+09,0,0,0,0,0,9925,3308,1.52794e-06,0,0.292016,-3.38929,0.544536,1.0725,0.161396,-3.2092,-3.42204e+07,-657.187,-257.599,85029.3,0,0,0,0,0,0,-17.9459,-11.947,-26.1956,-20.4065,0,0
0.000225536,0,0,0,1e+09,1e+09,1e+09,0,0,0,0,0,9933,3308,1.52794e-06,0,0.292016,-3.37822,0.544536,1.0725,0.161395,-3.24529,-3.43103e+07,-189.021,-371.732,84346.9,0,0,0,0,0,0,-17.9729,-11.9583,-26.2197,-20.4264,0,0
0.000225684,0,0,0,1e+09,1e+09,1e+09,0,0,0,0,0,9938,3308,1.52794e-06,0,0.292015,-3.36715,0.544536,1.0725,0.161395,-3.28034,-3.43963e+07,-303.748,-454.721,84517.4,0,0,0,0,0,0,-17.9899,-11.9691,-26.2622,-20.4504,0,0
0.000225833,0,0,0,1e+09,1e+09,1e+09,0,0,0,0,0,9944,3308,1.52794e-06,0,0.292015,-3.35611,0.544536,1.0725,0.161394,-3.3146,-3.44805e+07,-695.819,-194.658,85610.8,0,0,0,0,0,0,-18.036,-11.9814,-26.2823,-20.4658,0,0
0.000225981,0,0,0,1e+09,1e+09,1e+09,0,0,0,0,0,9950,3308,1.52794e-06,0,0.292014,-3.34511,0.544536,1.0725,0.161394,-3.34721,-3.45652e+07,-296.612,-226.524,84563.5,0,0,0,0,0,0,-18.0836,-11.9925,-26.3087,-20.4927,0,0
0.00022613,0,0,0,1e+09,1e+09,1e+09,0,0,0,0,0,9957,3308,1.52794e-06,0,0.292014,-3.33413,0.544537,1.0725,0.161393,-3.37868,-3.46526e+07,-496.486,-427.533,84941.9,0,0,0,0,0,0,-18.1274,-12.0035,-26.3338,-20.5089,0,0
0.000226278,0,0,0,1e+09,1e+09,1e+09,0,0,0,0,0,9965,3308,1.52794e-06,0,0.292013,-3.32318,0.544537,1.07249,0.161393,-3.4094,-3.47452e+07,-470.562,-335.368,85147.4,0,0,0,0,0,0,-18.1479,-12.0152,-26.3708,-20.5304,0,0
0.000226426,0,0,0,1e+09,1e+09,1e+09,0,0,0,0,0,9974,3308,1.52794e-06,0,0.292013,-3.31225,0.544537,1.07249,0.161392,-3.43815,-3.48453e+07,-344.327,-296.539,85421.9,0,0,0,0,0,0,-18.1699,-12.0271,-26.4047,-20.5504,0,0
0.000226575,0,0,0,1e+09,1e+09,1e+09,0,0,0,0,0,9983,3308,1.52794e-06,0,0.292012,-3.30137,0.544537,1.07249,0.161392,-3.46664,-3.49554e+07,-420.155,-572.575,85711.5,0,0,0,0,0,0,-18.2131,-12.0393,-26.4224,-20.5686,0,0
0.000226723,0,0,0,1e+09,1e+09,1e+09,0,0,0,0,0,9992,3308,1.52794e-06,0,0.292012,-3.29055,0.544537,1.07249,0.161391,-3.49259,-3.50779e+07,-638.747,-137.032,85413.8,0,0,0,0,0,0,-18.2405,-12.051,-26.46,-20.5965,0,0
0.000226872,0,0,0,1e+09,1e+09,1e+09,0,0,0,0,0,10003,3308,1.52794e-06,0,0.292011,-3.27979,0.544537,1.07249,0.161391,-3.5164,-3.52151e+07,-264.222,-508.504,85675.2,0,0,0,0,0,0,-18.2849,-12.0643,-26.4767,-20.613,0,0
0.00022702,0,0,0,1e+09,1e+09,1e+09,0,0,0,0,0,10019,3308,1.52794e-06,0,0.292011,-3.2691,0.544538,1.07249,0.16139,-3.53884,-3.53694e+07,-650.811,-30.813,85759.7,0,0,0,0,0,0,-18.3146,-12.0777,-26.5042,-20.6359,0,0
0.000227169,0,0,0,1e+09,1e+09,1e+09,0,0,0,0,0,10032,3308,1.52794e-06,0,0.29201,-3.25846,0.544538,1.07249,0.161389,-3.55922,-3.55428e+07,-363.745,-373.266,86070.7,0,0,0,0,0,0,-18.3403,-12.091,-26.5323,-20.6578,0,0
0.000227317,0,0,0,1e+09,1e+09,1e+09,0,0,0,0,0,10042,3308,1.52794e-06,0,0.29201,-3.24787,0.544538,1.07248,0.161389,-3.57742,-3.57374e+07,-429.605,-392.081,85351.3,0,0,0,0,0,0,-18.3594,-12.1053,-26.5709,-20.6815,0,0
0.000227466,0,0,0,1e+09,1e+09,1e+09,0,0,0,0,0,10050,3308,1.52794e-06,0,0.292009,-3.23733,0.544538,1.07248,0.161388,-3.59441,-3.59549e+07,-478.601,-271.342,86175.1,0,0,0,0,0,0,-18.3842,-12.12,-26.604,-20.7056,0,0
0.000227614,0,0,0,1e+09,1e+09,1e+09,0,0,0,0,0,10059,3308,1.52794e-06,0,0.292009,-3.22688,0.544538,1.07248,0.161388,-3.609,-3.61971e+07,-173.035,-562.798,85667,0,0,0,0,0,0,-18.4138,-12.1346,-26.6362,-20.7329,0,0
0.000227763,0,0,0,1e+09,1e+09,1e+09,0,0,0,0,0,10071,3308,1.52794e-06,0,0.292008,-3.2165,0.544538,1.07248,0.161387,-3.62136,-3.64653e+07,-714.615,-225.339,85953.8,0,0,0,0,0,0,-18.4391,-12.1485,-26.6661,-20.756,0,0
0.000227911,0,0,0,1e+09,1e+09,1e+09,0,0,0,0,0,10090,3308,1.52794e-06,0,0.292008,-3.20621,0.544539,1.07248,0.161387,-3.63153,-3.67609e+07,-237.286,-594.43,86663.3,0,0,0,0,0,0,-18.4571,-12.162,-26.7027,-20.7813,0,0
0.00022806,0,0,0,1e+09,1e+09,1e+09,0,0,0,0,0,10100,3308,1.52794e-06,0,0.292007,-3.19601,0.544539,1.07248,0.161386,-3.6393,-3.70849e+07,-493.199,-238.298,86539.5,0,0,0,0,0,0,-18.4873,-12.175,-26.7347,-20.8115,0,0
0.000228208,0,0,0,1e+09,1e+09,1e+09,0,0,0,0,0,10114,3308,1.52794e-06,0,0.292007,-3.1859,0.544539,1.07247,0.161386,-3.64419,-3.74383e+07,-526.444,-349.03,86296.3,0,0,0,0,0,0,-18.5086,-12.1886,-26.7709,-20.8366,0,0
0.000228357,0,0,0,1e+09,1e+09,1e+09,0,0,0,0,0,10124,3308,1.52794e-06,0,0.292006,-3.17588,0.544539,1.07247,0.161385,-3.6474,-3.78218e+07,-345.405,-62.0786,86769.3,0,0,0,0,0,0,-18.5206,-12.2025,-26.8118,-20.8603,0,0
0.000228505,0,0,0,1e+09,1e+09,1e+09,0,0,0,0,0,10135,3308,1.52794e-06,0,0.292006,-3.16594,0.544539,1.07247,0.161385,-3.6479,-3.8236e+07,-394.929,-382.252,86829.8,0,0,0,0,0,0,-18.537,-12.2168,-26.8434,-20.8925,0,0
0.000228654,0,0,0,1e+09,1e+09,1e+09,0,0,0,0,0,10144,3308,1.52794e-06,0,0.292005,-3.15609,0.544539,1.07247,0.161384,-3.64631,-3.86813e+07,-78.8474,-347.517,86135.9,0,0,0,0,0,0,-18.5566,-12.2315,-26.8777,-20.9166,0,0
0.000228802,0,0,0,1e+09,1e+09,1e+09,0,0,0,0,0,10154,3308,1.52794e-06,0,0.292005,-3.14632,0.544539,1.07247,0.161384,-3.64209,-3.91578e+07,-371.832,-189.977,86113.9,0,0,0,0,0,0,-18.5915,-12.245,-26.8996,-20.9458,0,0
0.000228951,0,0,0,1e+09,1e+09,1e+09,0,0,0,0,0,10169,3308,1.52794e-06,0,0.292005,-3.13663,0.54454,1.07247,0.161383,-3.63633,-3.96658e+07,-144.232,-740.208,86710.3,0,0,0,0,0,0,-18.6013,-12.2591,-26.9406,-20.9758,0,0
0.000229099,0,0,0,1e+09,1e+09,1e+09,0,0,0,0,0,10176,3308,1.52794e-06,0,0.292004,-3.12702,0.54454,1.07247,0.161382,-3.62809,-4.0205e+07,-331.188,-41.4945,86550.8,0,0,0,0,0,0,-18.6086,-12.2724,-26.9749,-21.0037,0,0
0.000229248,0,0,0,1e+09,1e+09,1e+09,0,0,0,0,0,10180,3308,1.52794e-06,0,0.292004,-3.11749,0.54454,1.07246,0.161382,-3.61801,-4.07751e+07,-462.819,-767.781,86560.6,0,0,0,0,0,0,-18.6226,-12.2853,-27.0048,-21.0299,0,0
0.000229396,0,0,0,1e+09,1e+09,1e+09,0,0,0,0,0,10187,3308,1.52794e-06,0,0.292003,-3.10805,0.54454,1.07246,0.161381,-3.60603,-4.13756e+07,-134.683,-122.369,86607.4,0,0,0,0,0,0,-18.6371,-12.2984,-27.0392,-21.0615,0,0
0.000229544,0,0,0,1e+09,1e+09,1e+09,0,0,0,0,0,10201,3308,1.52794e-06,0,0.292003,-3.09867,0.54454,1.07246,0.161381,-3.59229,-4.20057e+07,-40.5218,-398.804,86906.6,0,0,0,0,0,0,-18.6538,-12.3108,-27.0668,-21.0882,0,0
0.000229693,0,0,0,1e+09,1e+09,1e+09,0,0,0,0,0,10209,3308,1.52794e-06,0,0.292002,-3.08936,0.54454,1.07246,0.16138,-3.57712,-4.26642e+07,-400.292,-506.006,86615.4,0,0,0,0,0,0,-18.6479,-12.3235,-27.1063,-21.1141,0,0
0.000229841,0,0,0,1e+09,1e+09,1e+09,0,0,0,0,0,10217,3308,1.52794e-06,0,0.292002,-3.0801,0.544541,1.07246,0.16138,-3.56065,-4.33498e+07,-137.423,-243.543,87146.2,0,0,0,0,0,0,-18.6487,-12.3362,-27.1407,-21.1422,0,0
0.00022999,0,0,0,1e+09,1e+09,1e+09,0,0,0,0,0,10231,3308,1.52794e-06,0,0.292001,-3.0709,0.544541,1.07246,0.161379,-3.54229,-4.40607e+07,36.3105,-339.35,86282.2,0,0,0,0,0,0,-18.658,-12.3491,-27.1697,-21.1699,0,0
0.000230138,0,0,0,1e+09,1e+09,1e+09,0,0,0,0,0,10249,3308,1.52794e-06,0,0.292001,-3.06176,0.544541,1.07246,0.161379,-3.52224,-4.47948e+07,8.19536,-539.636,86670.2,0,0,0,0,0,0,-18.6693,-12.3616,-27.1953,-21.1926,0,0
0.000230287,0,0,0,1e+09,1e+09,1e+09,0,0,0,0,0,10261,3308,1.52794e-06,0,0.292,-3.05267,0.544541,1.07245,0.161378,-3.50104,-4.55498e+07,-104.221,-251.625,86936.4,0,0,0,0,0,0,-18.6667,-12.3743,-27.229,-21.2248,0,0
0.000230435,0,0,0,1e+09,1e+09,1e+09,0,0,0,0,0,10270,3308,1.52794e-06,0,0.292,-3.04363,0.544541,1.07245,0.161378,-3.47807,-4.63227e+07,-41.1279,-599.53,87164.1,0,0,0,0,0,0,-18.649,-12.3875,-27.2723,-21.2473,0,0
0.000230584,0,0,0,1e+09,1e+09,1e+09,0,0,0,0,0,10280,3308,1.52794e-06,0,0.291999,-3.03462,0.544541,1.07245,0.161377,-3.45358,-4.71104e+07,-206.624,-11.85,87321.3,0,0,0,0,0,0,-18.6511,-12.3994,-27.2974,-21.2723,0,0
0.000230732,0,0,0,1e+09,1e+09,1e+09,0,0,0,0,0,10284,3308,1.52794e-06,0,0.291999,-3.02564,0.544542,1.07245,0.161377,-3.42903,-4.79096e+07,-62.4354,-613.26,86661.1,0,0,0,0,0,0,-18.6466,-12.412,-27.325,-21.2991,0,0
0.000230881,0,0,0,1e+09,1e+09,1e+09,0,0,0,0,0,10292,3308,1.52794e-06,0,0.291999,-3.01671,0.544542,1.07245,0.161376,-3.40267,-4.87166e+07,-148.777,-215.073,86925.7,0,0,0,0,0,0,-18.6372,-12.4237,-27.3592,-21.3238,0,0
0.000231029,0,0,0,1e+09,1e+09,1e+09,0,0,0,0,0,10302,3308,1.52794e-06,0,0.291998,-3.00782,0.544542,1.07245,0.161376,-3.37548,-4.95273e+07,177.971,-206.581,86534.9,0,0,0,0,0,0,-18.6336,-12.4359,-27.3859,-21.3483,0,0
0.000231178,0,0,0,1e+09,1e+09,1e+09,0,0,0,0,0,10309,3308,1.52794e-06,0,0.291998,-2.99896,0.544542,1.07245,0.161375,-3.34691,-5.03378e+07,-23.9757,-678.227,87009.4,0,0,0,0,0,0,-18.6167,-12.449,-27.422,-21.3727,0,0
0.000231326,0,0,0,1e+09,1e+09,1e+09,0,0,0,0,0,10317,3308,1.52794e-06,0,0.291997,-2.99013,0.544542,1.07244,0.161375,-3.31808,-5.1144e+07,-177.842,-208.076,86990.7,0,0,0,0,0,0,-18.604,-12.4614,-27.4499,-21.3999,0,0
0.000231475,0,0,0,1e+09,1e+09,1e+09,0,0,0,0,0,10323,3308,1.52794e-06,0,0.291997,-2.98133,0.544542,1.07244,0.161374,-3.28737,-5.19417e+07,11.5801,-619.364,87176.4,0,0,0,0,0,0,-18.5841,-12.475,-27.4821,-21.4242,0,0
0.000231623,0,0,0,1e+09,1e+09,1e+09,0,0,0,0,0,10331,3308,1.52794e-06,0,0.291996,-2.97255,0.544543,1.07244,0.161374,-3.25654,-5.27267e+07,-412.657,-605.415,87413.9,0,0,0,0,0,0,-18.5642,-12.4865,-27.5146,-21.4512,0,0
0.000231772,0,0,0,1e+09,1e+09,1e+09,0,0,0,0,0,10340,3308,1.52794e-06,0,0.291996,-2.96379,0.544543,1.07244,0.161373,-3.2246,-5.3495e+07,-125.394,-409.536,87336.7,0,0,0,0,0,0,-18.5486,-12.4993,-27.5405,-21.4708,0,0
0.00023192,0,0,0,1e+09,1e+09,1e+09,0,0,0,0,0,10346,3308,1.52794e-06,0,0.291995,-2.95504,0.544543,1.07244,0.161373,-3.19242,-5.42426e+07,-155.074,-489.116,87422.6,0,0,0,0,0,0,-18.5287,-12.5112,-27.5676,-21.4942,0,0
0.000232069,0,0,0,1e+09,1e+09,1e+09,0,0,0,0,0,10356,3308,1.52794e-06,0,0.291995,-2.9463,0.544543,1.07244,0.161372,-3.15983,-5.4966e+07,-152.149,-483.033,87242.1,0,0,0,0,0,0,-18.4941,-12.5233,-27.6063,-21.5173,0,0
0.000232217,0,0,0,1e+09,1e+09,1e+09,0,0,0,0,0,10364,3308,1.52794e-06,0,0.291995,-2.93758,0.544543,1.07244,0.161372,-3.12611,-5.56615e+07,-47.8702,-153.981,86163.9,0,0,0,0,0,0,-18.4863,-12.5343,-27.6246,-21.5455,0,0
0.000232366,0,0,0,1e+09,1e+09,1e+09,0,0,0,0,0,10370,3308,1.52794e-06,0,0.291994,-2.92887,0.544543,1.07243,0.161371,-3.0925,-5.63259e+07,-191.297,-217.175,87117.4,0,0,0,0,0,0,-18.4609,-12.5458,-27.6584,-21.5635,0,0
0.000232514,0,0,0,1e+09,1e+09,1e+09,0,0,0,0,0,10379,3308,1.52794e-06,0,0.291994,-2.92016,0.544543,1.07243,0.161371,-3.05855,-5.69561e+07,-195.088,-343.214,86104.1,0,0,0,0,0,0,-18.439,-12.5583,-27.6854,-21.5925,0,0
0.000232662,0,0,0,1e+09,1e+09,1e+09,0,0,0,0,0,10388,3308,1.52794e-06,0,0.291993,-2.91145,0.544544,1.07243,0.16137,-3.0244,-5.75496e+07,-110.39,-493.251,87110.7,0,0,0,0,0,0,-18.4096,-12.5694,-27.7163,-21.6146,0,0
0.000232811,0,0,0,1e+09,1e+09,1e+09,0,0,0,0,0,10395,3308,1.52794e-06,0,0.291993,-2.90274,0.544544,1.07243,0.16137,-2.99042,-5.81038e+07,-280.588,-417.835,87040.4,0,0,0,0,0,0,-18.3813,-12.5814,-27.749,-21.6409,0,0
0.000232959,0,0,0,1e+09,1e+09,1e+09,0,0,0,0,0,10403,3308,1.52794e-06,0,0.291992,-2.89405,0.544544,1.07243,0.16137,-2.95577,-5.86166e+07,-296.553,-416.183,87278.1,0,0,0,0,0,0,-18.3663,-12.5922,-27.7701,-21.6657,0,0
0.000233108,0,0,0,1e+09,1e+09,1e+09,0,0,0,0,0,10416,3308,1.52794e-06,0,0.291992,-2.88536,0.544544,1.07243,0.161369,-2.92168,-5.90863e+07,-339.906,-332.117,87353.2,0,0,0,0,0,0,-18.339,-12.6038,-27.7984,-21.6879,0,0
0.000233256,0,0,0,1e+09,1e+09,1e+09,0,0,0,0,0,10427,3308,1.52794e-06,0,0.291992,-2.87668,0.544544,1.07243,0.161369,-2.88752,-5.95114e+07,-347.904,-424.626,87460.7,0,0,0,0,0,0,-18.313,-12.6144,-27.8313,-21.7167,0,0
0.000233405,0,0,0,1e+09,1e+09,1e+09,0,0,0,0,0,10433,3308,1.52794e-06,0,0.291991,-2.868,0.544544,1.07242,0.161368,-2.85306,-5.98908e+07,-237.439,-401.643,87223.3,0,0,0,0,0,0,-18.2926,-12.6253,-27.8666,-21.7371,0,0
0.000233553,0,0,0,1e+09,1e+09,1e+09,0,0,0,0,0,10440,3308,1.52794e-06,0,0.291991,-2.85933,0.544545,1.07242,0.161368,-2.8191,-6.02237e+07,-267.701,-624.466,86466.8,0,0,0,0,0,0,-18.2995,-12.6353,-27.8787,-21.7556,0,0
0.000233702,0,0,0,1e+09,1e+09,1e+09,0,0,0,0,0,10448,3308,1.52794e-06,0,0.29199,-2.85066,0.544545,1.07242,0.161367,-2.78505,-6.05096e+07,-462.222,-73.5835,86576.1,0,0,0,0,0,0,-18.2741,-12.646,-27.9134,-21.7871,0,0
0.00023385,0,0,0,1e+09,1e+09,1e+09,0,0,0,0,0,10458,3308,1.52794e-06,0,0.29199,-2.84197,0.544545,1.07242,0.161367,-2.75154,-6.07483e+07,-322.608,-662.247,87143.2,0,0,0,0,0,0,-18.2448,-12.6572,-27.9462,-21.8018,0,0
0.000233999,0,0,0,1e+09,1e+09,1e+09,0,0,0,0,0,10467,3308,1.52794e-06,0,0.291989,-2.83324,0.544545,1.07242,0.161367,-2.71905,-6.094e+07,-203.632,-557.936,87534.2,0,0,0,0,0,0,-18.2343,-12.6685,-27.9683,-21.8292,0,0
0.000234147,0,0,0,1e+09,1e+09,1e+09,0,0,0,0,0,10473,3308,1.52794e-06,0,0.291989,-2.8245,0.544545,1.07242,0.161366,-2.68703,-6.10853e+07,-206.032,-31.6236,86794.1,0,0,0,0,0,0,-18.2411,-12.6794,-27.9893,-21.8531,0,0
0.000234296,0,0,0,1e+09,1e+09,1e+09,0,0,0,0,0,10485,3308,1.52794e-06,0,0.291989,-2.81573,0.544545,1.07242,0.161366,-2.65575,-6.11848e+07,-317.728,-640.445,87029.4,0,0,0,0,0,0,-18.2385,-12.6906,-28.0252,-21.8768,0,0
0.000234444,0,0,0,1e+09,1e+09,1e+09,0,0,0,0,0,10496,3308,1.52794e-06,0,0.291988,-2.80693,0.544546,1.07241,0.161365,-2.62515,-6.12397e+07,-248.632,-171.762,87208.2,0,0,0,0,0,0,-18.2329,-12.7013,-28.0605,-21.8974,0,0
0.000234593,0,0,0,1e+09,1e+09,1e+09,0,0,0,0,0,10508,3308,1.52794e-06,0,0.291988,-2.79812,0.544546,1.07241,0.161365,-2.59539,-6.1251e+07,-202.204,-487.552,86496,0,0,0,0,0,0,-18.2335,-12.7119,-28.0849,-21.9242,0,0
0.000234741,0,0,0,1e+09,1e+09,1e+09,0,0,0,0,0,10519,3308,1.52794e-06,0,0.291987,-2.78927,0.544546,1.07241,0.161365,-2.56656,-6.12204e+07,-396.852,-445.822,87350.1,0,0,0,0,0,0,-18.2343,-12.7217,-28.1059,-21.9401,0,0
0.00023489,0,0,0,1e+09,1e+09,1e+09,0,0,0,0,0,10531,3308,1.52794e-06,0,0.291987,-2.78039,0.544546,1.07241,0.161364,-2.53857,-6.11494e+07,-433.187,-666.021,87903.7,0,0,0,0,0,0,-18.2525,-12.732,-28.124,-21.9662,0,0
0.000235038,0,0,0,1e+09,1e+09,1e+09,0,0,0,0,0,10539,3308,1.52794e-06,0,0.291987,-2.77148,0.544546,1.07241,0.161364,-2.51177,-6.10397e+07,-538.742,-251.856,87518.7,0,0,0,0,0,0,-18.2773,-12.7415,-28.146,-21.9868,0,0
0.000235187,0,0,0,1e+09,1e+09,1e+09,0,0,0,0,0,10547,3308,1.52794e-06,0,0.291986,-2.76256,0.544546,1.07241,0.161364,-2.48555,-6.08934e+07,-167.119,-398.047,87410.9,0,0,0,0,0,0,-18.2882,-12.751,-28.184,-22.0051,0,0
0.000235335,0,0,0,1e+09,1e+09,1e+09,0,0,0,0,0,10554,3308,1.52794e-06,0,0.291986,-2.7536,0.544546,1.0724,0.161363,-2.46064,-6.07122e+07,-233.583,-435.298,86528.5,0,0,0,0,0,0,-18.3043,-12.7615,-28.2066,-22.0306,0,0
0.000235484,0,0,0,1e+09,1e+09,1e+09,0,0,0,0,0,10562,3308,1.52794e-06,0,0.291985,-2.74461,0.544547,1.0724,0.161363,-2.43625,-6.04982e+07,-200.163,-190.69,87873.7,0,0,0,0,0,0,-18.3156,-12.7701,-28.2396,-22.0515,0,0
0.000235632,0,0,0,1e+09,1e+09,1e+09,0,0,0,0,0,10572,3308,1.52794e-06,0,0.291985,-2.73558,0.544547,1.0724,0.161362,-2.41403,-6.02534e+07,-439.454,-297.515,87949.3,0,0,0,0,0,0,-18.3432,-12.7785,-28.263,-22.0696,0,0
0.00023578,0,0,0,1e+09,1e+09,1e+09,0,0,0,0,0,10583,3308,1.52794e-06,0,0.291985,-2.72651,0.544547,1.0724,0.161362,-2.39298,-5.99797e+07,-218.474,-756.465,86585.8,0,0,0,0,0,0,-18.3791,-12.7873,-28.28,-22.0919,0,0
0.000235929,0,0,0,1e+09,1e+09,1e+09,0,0,0,0,0,10597,3308,1.52794e-06,0,0.291984,-2.71742,0.544547,1.0724,0.161362,-2.37225,-5.96793e+07,-257.379,-153.567,87027.2,0,0,0,0,0,0,-18.4003,-12.7956,-28.3069,-22.1101,0,0
0.000236077,0,0,0,1e+09,1e+09,1e+09,0,0,0,0,0,10606,3308,1.52794e-06,0,0.291984,-2.70832,0.544547,1.0724,0.161361,-2.35263,-5.9354e+07,-324.807,-535.236,87872.7,0,0,0,0,0,0,-18.4189,-12.8037,-28.3336,-22.131,0,0
0.000236226,0,0,0,1e+09,1e+09,1e+09,0,0,0,0,0,10612,3308,1.52794e-06,0,0.291983,-2.6992,0.544547,1.0724,0.161361,-2.33454,-5.9006e+07,-403.364,-478.205,87223.6,0,0,0,0,0,0,-18.4503,-12.8113,-28.3563,-22.1545,0,0
0.000236374,0,0,0,1e+09,1e+09,1e+09,0,0,0,0,0,10619,3308,1.52794e-06,0,0.291983,-2.69004,0.544548,1.07239,0.161361,-2.31677,-5.86372e+07,-23.5962,-499.225,87680.1,0,0,0,0,0,0,-18.4929,-12.8197,-28.3779,-22.1739,0,0
0.000236523,0,0,0,1e+09,1e+09,1e+09,0,0,0,0,0,10626,3308,1.52794e-06,0,0.291983,-2.68085,0.544548,1.07239,0.16136,-2.30074,-5.82497e+07,-364.631,-594.671,87798.2,0,0,0,0,0,0,-18.5237,-12.8271,-28.4144,-22.1942,0,0
0.000236671,0,0,0,1e+09,1e+09,1e+09,0,0,0,0,0,10630,3308,1.52794e-06,0,0.291982,-2.67164,0.544548,1.07239,0.16136,-2.28567,-5.78456e+07,54.9769,-484.219,87464.6,0,0,0,0,0,0,-18.5579,-12.8346,-28.438,-22.2125,0,0
0.00023682,0,0,0,1e+09,1e+09,1e+09,0,0,0,0,0,10640,3308,1.52794e-06,0,0.291982,-2.6624,0.544548,1.07239,0.16136,-2.27151,-5.74269e+07,-192.354,-573.666,86830.2,0,0,0,0,0,0,-18.5918,-12.842,-28.4571,-22.2349,0,0
0.000236968,0,0,0,1e+09,1e+09,1e+09,0,0,0,0,0,10645,3308,1.52794e-06,0,0.291981,-2.65314,0.544548,1.07239,0.161359,-2.25892,-5.69958e+07,-185.548,-142.314,87575.5,0,0,0,0,0,0,-18.6296,-12.8498,-28.4753,-22.2522,0,0
0.000237117,0,0,0,1e+09,1e+09,1e+09,0,0,0,0,0,10652,3308,1.52794e-06,0,0.291981,-2.64386,0.544548,1.07239,0.161359,-2.24746,-5.65545e+07,-375.345,-607.658,88077.2,0,0,0,0,0,0,-18.6621,-12.8573,-28.5086,-22.2749,0,0
0.000237265,0,0,0,1e+09,1e+09,1e+09,0,0,0,0,0,10658,3308,1.52794e-06,0,0.291981,-2.63456,0.544549,1.07239,0.161359,-2.23673,-5.61052e+07,-233.329,-154.136,87736.8,0,0,0,0,0,0,-18.7092,-12.8644,-28.5314,-22.2933,0,0
0.000237414,0,0,0,1e+09,1e+09,1e+09,0,0,0,0,0,10666,3308,1.52794e-06,0,0.29198,-2.62526,0.544549,1.07238,0.161358,-2.22684,-5.56502e+07,170.477,-332.964,87073.5,0,0,0,0,0,0,-18.7563,-12.8714,-28.5517,-22.3105,0,0
0.000237562,0,0,0,1e+09,1e+09,1e+09,0,0,0,0,0,10676,3308,1.52794e-06,0,0.29198,-2.61596,0.544549,1.07238,0.161358,-2.2177,-5.51916e+07,-317.384,-585.788,88561.9,0,0,0,0,0,0,-18.7818,-12.8783,-28.5894,-22.333,0,0
0.000237711,0,0,0,1e+09,1e+09,1e+09,0,0,0,0,0,10681,3308,1.52794e-06,0,0.291979,-2.60666,0.544549,1.07238,0.161358,-2.21008,-5.47317e+07,4.52775,-316.495,87237.3,0,0,0,0,0,0,-18.8219,-12.8846,-28.6072,-22.3506,0,0
0.000237859,0,0,0,1e+09,1e+09,1e+09,0,0,0,0,0,10683,3308,1.52794e-06,0,0.291979,-2.59733,0.544549,1.07238,0.161357,-2.20319,-5.42726e+07,-465.552,-569.708,87689,0,0,0,0,0,0,-18.8561,-12.8906,-28.6297,-22.3716,0,0
0.000238008,0,0,0,1e+09,1e+09,1e+09,0,0,0,0,0,10690,3308,1.52794e-06,0,0.291979,-2.58798,0.544549,1.07238,0.161357,-2.19744,-5.38164e+07,-87.7336,-130.164,87670,0,0,0,0,0,0,-18.893,-12.8982,-28.6508,-22.3895,0,0
0.000238156,0,0,0,1e+09,1e+09,1e+09,0,0,0,0,0,10695,3308,1.52794e-06,0,0.291978,-2.57861,0.54455,1.07238,0.161357,-2.19263,-5.33651e+07,-264.608,-481.159,87700.7,0,0,0,0,0,0,-18.9314,-12.9039,-28.6687,-22.4104,0,0
0.000238305,0,0,0,1e+09,1e+09,1e+09,0,0,0,0,0,10700,3308,1.52794e-06,0,0.291978,-2.5692,0.54455,1.07238,0.161356,-2.18923,-5.29206e+07,130.933,-229.717,87698.7,0,0,0,0,0,0,-18.9534,-12.9099,-28.7042,-22.427,0,0
0.000238453,0,0,0,1e+09,1e+09,1e+09,0,0,0,0,0,10706,3308,1.52794e-06,0,0.291977,-2.55976,0.54455,1.07237,0.161356,-2.18657,-5.24845e+07,-211.425,-590.066,87219.1,0,0,0,0,0,0,-18.9844,-12.9169,-28.7274,-22.4482,0,0
0.000238602,0,0,0,1e+09,1e+09,1e+09,0,0,0,0,0,10708,3308,1.52794e-06,0,0.291977,-2.55028,0.54455,1.07237,0.161356,-2.18541,-5.20586e+07,121.712,-255.218,87981.3,0,0,0,0,0,0,-19.0038,-12.9236,-28.7529,-22.4649,0,0
0.00023875,0,0,0,1e+09,1e+09,1e+09,0,0,0,0,0,10717,3308,1.52794e-06,0,0.291977,-2.54077,0.54455,1.07237,0.161355,-2.18514,-5.16444e+07,-37.1212,-524.108,87896.9,0,0,0,0,0,0,-19.0173,-12.9312,-28.7797,-22.4831,0,0
0.000238898,0,0,0,1e+09,1e+09,1e+09,0,0,0,0,0,10721,3308,1.52794e-06,0,0.291976,-2.53123,0.54455,1.07237,0.161355,-2.18578,-5.12434e+07,-243.876,-23.095,87685.1,0,0,0,0,0,0,-19.0369,-12.9391,-28.8004,-22.5032,0,0
0.000239047,0,0,0,1e+09,1e+09,1e+09,0,0,0,0,0,10734,3308,1.52794e-06,0,0.291976,-2.52164,0.54455,1.07237,0.161355,-2.18713,-5.0857e+07,-0.357982,-512.848,88244.1,0,0,0,0,0,0,-19.0517,-12.9467,-28.824,-22.524,0,0
0.000239195,0,0,0,1e+09,1e+09,1e+09,0,0,0,0,0,10739,3308,1.52794e-06,0,0.291976,-2.51203,0.544551,1.07237,0.161354,-2.18906,-5.04869e+07,-324.513,-117.594,88162.6,0,0,0,0,0,0,-19.0735,-12.9537,-28.8415,-22.5461,0,0
0.000239344,0,0,0,1e+09,1e+09,1e+09,0,0,0,0,0,10749,3308,1.52794e-06,0,0.291975,-2.50239,0.544551,1.07237,0.161354,-2.1918,-5.01344e+07,47.0034,-491.326,87709.2,0,0,0,0,0,0,-19.078,-12.9617,-28.8735,-22.5666,0,0
0.000239492,0,0,0,1e+09,1e+09,1e+09,0,0,0,0,0,10758,3308,1.52794e-06,0,0.291975,-2.49271,0.544551,1.07236,0.161354,-2.19483,-4.98012e+07,14.2461,-446.381,88018.2,0,0,0,0,0,0,-19.0793,-12.9693,-28.9051,-22.588,0,0
0.000239641,0,0,0,1e+09,1e+09,1e+09,0,0,0,0,0,10764,3308,1.52794e-06,0,0.291974,-2.48299,0.544551,1.07236,0.161353,-2.19901,-4.94891e+07,127.167,-486.578,88453.4,0,0,0,0,0,0,-19.0978,-12.9769,-28.9177,-22.6044,0,0
0.000239789,0,0,0,1e+09,1e+09,1e+09,0,0,0,0,0,10772,3308,1.52794e-06,0,0.291974,-2.47323,0.544551,1.07236,0.161353,-2.20366,-4.92001e+07,-369.866,-268.785,88739.9,0,0,0,0,0,0,-19.0879,-12.9846,-28.9556,-22.6278,0,0
0.000239938,0,0,0,1e+09,1e+09,1e+09,0,0,0,0,0,10776,3308,1.52794e-06,0,0.291974,-2.46344,0.544551,1.07236,0.161353,-2.20858,-4.89362e+07,141.004,-493.196,86839.4,0,0,0,0,0,0,-19.0885,-12.9928,-28.9802,-22.6493,0,0
0.000240086,0,0,0,1e+09,1e+09,1e+09,0,0,0,0,0,10790,3611,1.80772e-06,0,0.291973,-2.45362,0.544552,1.07236,0.161352,-2.21347,-4.86999e+07,-247.769,-449.725,88784.9,0,0,0,0,0,0,-19.0695,-12.9998,-29.0195,-22.6716,0,0
0.000240235,0,0,0,1e+09,1e+09,1e+09,0,0,0,0,0,10796,3611,1.80772e-06,0,0.291973,-2.44376,0.544552,1.07236,0.161352,-2.21932,-4.84937e+07,-103.17,-97.328,89000.1,0,0,0,0,0,0,-19.0781,-13.0073,-29.0382,-22.6905,0,0
0.000240383,0,0,0,1e+09,1e+09,1e+09,0,0,0,0,0,10800,3611,1.80772e-06,0,0.291973,-2.43387,0.544552,1.07236,0.161352,-2.22455,-4.83204e+07,-213.545,-715.651,87946.7,0,0,0,0,0,0,-19.0862,-13.0143,-29.0619,-22.7165,0,0
0.000240532,0,0,0,1e+09,1e+09,1e+09,0,0,0,0,0,10808,3611,1.80772e-06,0,0.291972,-2.42396,0.544552,1.07235,0.161351,-2.23047,-4.8183e+07,-405.583,-261.625,87523.4,0,0,0,0,0,0,-19.1025,-13.022,-29.0773,-22.7321,0,0
0.00024068,0,0,0,1e+09,1e+09,1e+09,0,0,0,0,0,10817,3611,1.80772e-06,0,0.291972,-2.41402,0.544552,1.07235,0.161351,-2.23656,-4.80844e+07,-37.9995,-205.014,88566.8,0,0,0,0,0,0,-19.0848,-13.0295,-29.1178,-22.761,0,0
0.000240829,0,0,0,1e+09,1e+09,1e+09,0,0,0,0,0,10822,3611,1.80772e-06,0,0.291972,-2.40406,0.544552,1.07235,0.161351,-2.24262,-4.8028e+07,-201.37,-596.639,88480.7,0,0,0,0,0,0,-19.0783,-13.0361,-29.1338,-22.7731,0,0
0.000240977,0,0,0,1e+09,1e+09,1e+09,0,0,0,0,0,10830,3611,1.80772e-06,0,0.291971,-2.39409,0.544553,1.07235,0.16135,-2.2486,-4.80168e+07,-153.32,-222.195,88057.2,0,0,0,0,0,0,-19.0629,-13.0422,-29.1628,-22.8069,0,0
0.000241126,0,0,0,1e+09,1e+09,1e+09,0,0,0,0,0,10835,3611,1.80772e-06,0,0.291971,-2.38411,0.544553,1.07235,0.16135,-2.25381,-4.80542e+07,-141.312,-613.624,87950.6,0,0,0,0,0,0,-19.0721,-13.0501,-29.1817,-22.8176,0,0
0.000241274,0,0,0,1e+09,1e+09,1e+09,0,0,0,0,0,10841,3611,1.80772e-06,0,0.29197,-2.37412,0.544553,1.07235,0.16135,-2.26005,-4.8143e+07,-68.4296,-430.047,87713.8,0,0,0,0,0,0,-19.0678,-13.0565,-29.2231,-22.8436,0,0
0.000241423,0,0,0,1e+09,1e+09,1e+09,0,0,0,0,0,10849,3611,1.80772e-06,0,0.29197,-2.36413,0.544553,1.07235,0.161349,-2.26523,-4.82863e+07,-322.917,-440.686,88383.1,0,0,0,0,0,0,-19.0785,-13.0639,-29.2353,-22.8602,0,0
0.000241571,0,0,0,1e+09,1e+09,1e+09,0,0,0,0,0,10852,3611,1.80772e-06,0,0.29197,-2.35413,0.544553,1.07234,0.161349,-2.27037,-4.84867e+07,-344.456,-459.63,89155.2,0,0,0,0,0,0,-19.0651,-13.0703,-29.2624,-22.8873,0,0
0.00024172,0,0,0,1e+09,1e+09,1e+09,0,0,0,0,0,10860,3611,1.80772e-06,0,0.291969,-2.34413,0.544553,1.07234,0.161349,-2.27475,-4.87465e+07,109.496,-304.49,88709.6,0,0,0,0,0,0,-19.0593,-13.0775,-29.2868,-22.9018,0,0
0.000241868,0,0,0,1e+09,1e+09,1e+09,0,0,0,0,0,10866,3611,1.80772e-06,0,0.291969,-2.33413,0.544554,1.07234,0.161348,-2.27897,-4.90678e+07,-547.296,-409.78,88863.3,0,0,0,0,0,0,-19.0584,-13.0839,-29.3167,-22.9291,0,0
0.000242016,0,0,0,1e+09,1e+09,1e+09,0,0,0,0,0,10873,3611,1.80772e-06,0,0.291969,-2.32412,0.544554,1.07234,0.161348,-2.2831,-4.94521e+07,47.1556,-351.197,88553,0,0,0,0,0,0,-19.0586,-13.0908,-29.341,-22.9479,0,0
0.000242165,0,0,0,1e+09,1e+09,1e+09,0,0,0,0,0,10882,3611,1.80772e-06,0,0.291968,-2.3141,0.544554,1.07234,0.161348,-2.28619,-4.99006e+07,-493.304,-147.77,87957.6,0,0,0,0,0,0,-19.064,-13.0982,-29.3566,-22.9735,0,0
0.000242313,0,0,0,1e+09,1e+09,1e+09,0,0,0,0,0,10886,3611,1.80772e-06,0,0.291968,-2.30409,0.544554,1.07234,0.161347,-2.28926,-5.0414e+07,142.323,-638.556,89781.2,0,0,0,0,0,0,-19.0457,-13.1056,-29.4008,-22.9913,0,0
0.000242462,0,0,0,1e+09,1e+09,1e+09,0,0,0,0,0,10898,3611,1.80772e-06,0,0.291968,-2.29407,0.544554,1.07234,0.161347,-2.29163,-5.09924e+07,-203.06,-33.7808,88281,0,0,0,0,0,0,-19.06,-13.1129,-29.4145,-23.011,0,0
0.00024261,0,0,0,1e+09,1e+09,1e+09,0,0,0,0,0,10908,3611,1.80772e-06,0,0.291967,-2.28406,0.544554,1.07233,0.161347,-2.2927,-5.16355e+07,-157.763,-411.267,88567.2,0,0,0,0,0,0,-19.0573,-13.1202,-29.4451,-23.0311,0,0
0.000242759,0,0,0,1e+09,1e+09,1e+09,0,0,0,0,0,10914,3611,1.80772e-06,0,0.291967,-2.27406,0.544554,1.07233,0.161346,-2.29327,-5.23424e+07,-301.263,-48.1311,87685.9,0,0,0,0,0,0,-19.0526,-13.1286,-29.4704,-23.0534,0,0
0.000242907,0,0,0,1e+09,1e+09,1e+09,0,0,0,0,0,10921,3611,1.80772e-06,0,0.291967,-2.26406,0.544555,1.07233,0.161346,-2.29333,-5.31118e+07,57.4319,-332.867,88707.3,0,0,0,0,0,0,-19.0429,-13.1361,-29.5027,-23.0734,0,0
0.000243056,0,0,0,1e+09,1e+09,1e+09,0,0,0,0,0,10932,3611,1.80772e-06,0,0.291966,-2.25407,0.544555,1.07233,0.161346,-2.29169,-5.39416e+07,-266.635,-405.66,88209,0,0,0,0,0,0,-19.0544,-13.1437,-29.5125,-23.0945,0,0
0.000243204,0,0,0,1e+09,1e+09,1e+09,0,0,0,0,0,10941,3611,1.80772e-06,0,0.291966,-2.24408,0.544555,1.07233,0.161345,-2.29,-5.48297e+07,-193.589,-334.198,89066.4,0,0,0,0,0,0,-19.0478,-13.1505,-29.5447,-23.1108,0,0
0.000243353,0,0,0,1e+09,1e+09,1e+09,0,0,0,0,0,10944,3611,1.80772e-06,0,0.291966,-2.23411,0.544555,1.07233,0.161345,-2.28698,-5.57731e+07,-274.145,-448.167,88036.4,0,0,0,0,0,0,-19.0603,-13.157,-29.5612,-23.13,0,0
0.000243501,0,0,0,1e+09,1e+09,1e+09,0,0,0,0,0,10948,3611,1.80772e-06,0,0.291965,-2.22416,0.544555,1.07232,0.161345,-2.28303,-5.67687e+07,-5.8078,-394.884,89296.9,0,0,0,0,0,0,-19.0526,-13.1634,-29.6008,-23.1506,0,0
0.00024365,0,0,0,1e+09,1e+09,1e+09,0,0,0,0,0,10953,3611,1.80772e-06,0,0.291965,-2.21423,0.544555,1.07232,0.161344,-2.27806,-5.78131e+07,-143.988,-242.864,88570.5,0,0,0,0,0,0,-19.078,-13.1692,-29.6082,-23.1702,0,0
0.000243798,0,0,0,1e+09,1e+09,1e+09,0,0,0,0,0,10957,3611,1.80772e-06,0,0.291965,-2.20433,0.544556,1.07232,0.161344,-2.27213,-5.89026e+07,-300.976,-472.442,88780.7,0,0,0,0,0,0,-19.0725,-13.1757,-29.6408,-23.1862,0,0
0.000243947,0,0,0,1e+09,1e+09,1e+09,0,0,0,0,0,10963,3611,1.80772e-06,0,0.291964,-2.19446,0.544556,1.07232,0.161344,-2.26514,-6.00334e+07,64.0575,-118.284,88635.6,0,0,0,0,0,0,-19.0805,-13.1809,-29.6588,-23.2051,0,0
0.000244095,0,0,0,1e+09,1e+09,1e+09,0,0,0,0,0,10965,3611,1.80772e-06,0,0.291964,-2.18462,0.544556,1.07232,0.161343,-2.25713,-6.12014e+07,-319.115,-48.6669,88947.2,0,0,0,0,0,0,-19.0798,-13.187,-29.6936,-23.2253,0,0
0.000244244,0,0,0,1e+09,1e+09,1e+09,0,0,0,0,0,10973,3611,1.80772e-06,0,0.291964,-2.17483,0.544556,1.07232,0.161343,-2.24762,-6.24029e+07,275.771,-506.785,88717.8,0,0,0,0,0,0,-19.0906,-13.1928,-29.7221,-23.2433,0,0
0.000244392,0,0,0,1e+09,1e+09,1e+09,0,0,0,0,0,10976,3611,1.80772e-06,0,0.291963,-2.16509,0.544556,1.07232,0.161343,-2.23662,-6.3634e+07,-355.892,62.7593,89021.4,0,0,0,0,0,0,-19.1024,-13.1985,-29.7443,-23.2624,0,0
0.000244541,0,0,0,1e+09,1e+09,1e+09,0,0,0,0,0,10982,3611,1.80772e-06,0,0.291963,-2.1554,0.544556,1.07231,0.161342,-2.22516,-6.4891e+07,-260.26,-293.761,88155.3,0,0,0,0,0,0,-19.1096,-13.2039,-29.7685,-23.2796,0,0
0.000244689,0,0,0,1e+09,1e+09,1e+09,0,0,0,0,0,10986,3611,1.80772e-06,0,0.291963,-2.14576,0.544557,1.07231,0.161342,-2.21181,-6.61704e+07,37.1465,-204.184,88946.4,0,0,0,0,0,0,-19.1218,-13.2094,-29.79,-23.2966,0,0
0.000244838,0,0,0,1e+09,1e+09,1e+09,0,0,0,0,0,10991,3611,1.80772e-06,0,0.291962,-2.13617,0.544557,1.07231,0.161342,-2.19857,-6.7469e+07,-358.658,-128.07,88397.1,0,0,0,0,0,0,-19.1317,-13.2149,-29.8225,-23.3191,0,0
0.000244986,0,0,0,1e+09,1e+09,1e+09,0,0,0,0,0,10997,3611,1.80772e-06,0,0.291962,-2.12662,0.544557,1.07231,0.161341,-2.18355,-6.87839e+07,-32.0437,-218.362,88663.5,0,0,0,0,0,0,-19.1638,-13.2209,-29.8311,-23.3329,0,0
0.000245135,0,0,0,1e+09,1e+09,1e+09,0,0,0,0,0,10999,3611,1.80772e-06,0,0.291962,-2.11711,0.544557,1.07231,0.161341,-2.16759,-7.01123e+07,-67.5499,-13.2799,88936.9,0,0,0,0,0,0,-19.1638,-13.2263,-29.8647,-23.3554,0,0
0.000245283,0,0,0,1e+09,1e+09,1e+09,0,0,0,0,0,11003,3611,1.80772e-06,0,0.291962,-2.10763,0.544557,1.07231,0.161341,-2.15079,-7.14519e+07,-218.506,-468.993,88915.8,0,0,0,0,0,0,-19.1615,-13.2325,-29.8946,-23.3684,0,0
0.000245431,0,0,0,1e+09,1e+09,1e+09,0,0,0,0,0,11008,3611,1.80772e-06,0,0.291961,-2.09819,0.544557,1.07231,0.16134,-2.13346,-7.28004e+07,-4.08331,-195.257,89477.3,0,0,0,0,0,0,-19.1695,-13.2381,-29.9176,-23.392,0,0
0.00024558,0,0,0,1e+09,1e+09,1e+09,0,0,0,0,0,11009,3611,1.80772e-06,0,0.291961,-2.08879,0.544557,1.0723,0.16134,-2.11474,-7.4156e+07,-272.617,-404.441,89352.3,0,0,0,0,0,0,-19.1937,-13.2433,-29.9293,-23.4031,0,0
0.000245728,0,0,0,1e+09,1e+09,1e+09,0,0,0,0,0,11017,3611,1.80772e-06,0,0.291961,-2.07944,0.544558,1.0723,0.16134,-2.09545,-7.55167e+07,-16.3484,-390.804,88339.9,0,0,0,0,0,0,-19.2094,-13.2489,-29.9568,-23.4242,0,0
0.000245877,0,0,0,1e+09,1e+09,1e+09,0,0,0,0,0,11023,3611,1.80772e-06,0,0.29196,-2.07013,0.544558,1.0723,0.161339,-2.07482,-7.6881e+07,-320.767,-201.668,89371.3,0,0,0,0,0,0,-19.2327,-13.2551,-29.9765,-23.4422,0,0
0.000246025,0,0,0,1e+09,1e+09,1e+09,0,0,0,0,0,11024,3611,1.80772e-06,0,0.29196,-2.06085,0.544558,1.0723,0.161339,-2.05366,-7.8247e+07,185.964,-210.691,88196.3,0,0,0,0,0,0,-19.2381,-13.2608,-30.006,-23.4563,0,0
0.000246174,0,0,0,1e+09,1e+09,1e+09,0,0,0,0,0,11026,3611,1.80772e-06,0,0.29196,-2.05161,0.544558,1.0723,0.161339,-2.03187,-7.9613e+07,-3.87082,82.0705,89465,0,0,0,0,0,0,-19.2413,-13.2669,-30.029,-23.4749,0,0
0.000246322,0,0,0,1e+09,1e+09,1e+09,0,0,0,0,0,11031,3611,1.80772e-06,0,0.291959,-2.04239,0.544558,1.0723,0.161339,-2.00918,-8.09772e+07,28.1417,-181.552,88294.1,0,0,0,0,0,0,-19.2699,-13.2733,-30.0271,-23.4934,0,0
0.000246471,0,0,0,1e+09,1e+09,1e+09,0,0,0,0,0,11036,3611,1.80772e-06,0,0.291959,-2.03318,0.544558,1.0723,0.161338,-1.98601,-8.23375e+07,62.2721,-280.326,90053.9,0,0,0,0,0,0,-19.272,-13.2798,-30.0572,-23.5077,0,0
0.000246619,0,0,0,1e+09,1e+09,1e+09,0,0,0,0,0,11042,3611,1.80772e-06,0,0.291959,-2.02399,0.544559,1.07229,0.161338,-1.96266,-8.36919e+07,-158.288,-397.775,89364.9,0,0,0,0,0,0,-19.2798,-13.2865,-30.0855,-23.5254,0,0
0.000246768,0,0,0,1e+09,1e+09,1e+09,0,0,0,0,0,11047,3611,1.80772e-06,0,0.291958,-2.01483,0.544559,1.07229,0.161338,-1.93829,-8.50378e+07,121.39,-129.929,89405.9,0,0,0,0,0,0,-19.2815,-13.2932,-30.1202,-23.5428,0,0
0.000246916,0,0,0,1e+09,1e+09,1e+09,0,0,0,0,0,11055,3611,1.80772e-06,0,0.291958,-2.00569,0.544559,1.07229,0.161337,-1.91287,-8.63726e+07,81.0936,29.5292,89383.3,0,0,0,0,0,0,-19.2994,-13.3003,-30.1329,-23.561,0,0
0.000247065,0,0,0,1e+09,1e+09,1e+09,0,0,0,0,0,11057,3611,1.80772e-06,0,0.291958,-1.99658,0.544559,1.07229,0.161337,-1.88777,-8.76936e+07,-284.412,-541.985,89531.8,0,0,0,0,0,0,-19.3092,-13.3071,-30.1486,-23.5737,0,0
0.000247213,0,0,0,1e+09,1e+09,1e+09,0,0,0,0,0,11066,3611,1.80772e-06,0,0.291958,-1.98748,0.544559,1.07229,0.161337,-1.86143,-8.89976e+07,153.238,-89.4166,88721.1,0,0,0,0,0,0,-19.3138,-13.3137,-30.1653,-23.5995,0,0
0.000247362,0,0,0,1e+09,1e+09,1e+09,0,0,0,0,0,11071,3611,1.80772e-06,0,0.291957,-1.97841,0.544559,1.07229,0.161337,-1.83482,-9.02816e+07,274.524,-214.165,89602.1,0,0,0,0,0,0,-19.312,-13.3209,-30.1941,-23.609,0,0
0.00024751,0,0,0,1e+09,1e+09,1e+09,0,0,0,0,0,11075,3611,1.80772e-06,0,0.291957,-1.96933,0.54456,1.07229,0.161336,-1.80795,-9.15423e+07,-142.949,-122.381,89114.4,0,0,0,0,0,0,-19.3216,-13.3281,-30.2207,-23.6312,0,0
0.000247659,0,0,0,1e+09,1e+09,1e+09,0,0,0,0,0,11078,3611,1.80772e-06,0,0.291957,-1.96026,0.54456,1.07228,0.161336,-1.78129,-9.27764e+07,-34.7521,-188.806,89717.6,0,0,0,0,0,0,-19.3444,-13.3351,-30.2352,-23.6413,0,0
0.000247807,0,0,0,1e+09,1e+09,1e+09,0,0,0,0,0,11082,3611,1.80772e-06,0,0.291956,-1.9512,0.54456,1.07228,0.161336,-1.75455,-9.39806e+07,130.539,-94.3535,88755.5,0,0,0,0,0,0,-19.3496,-13.3425,-30.2622,-23.6613,0,0
0.000247956,0,0,0,1e+09,1e+09,1e+09,0,0,0,0,0,11090,3611,1.80772e-06,0,0.291956,-1.94216,0.54456,1.07228,0.161336,-1.7279,-9.51519e+07,42.29,-200.647,89444.4,0,0,0,0,0,0,-19.3557,-13.3499,-30.2749,-23.6774,0,0
0.000248104,0,0,0,1e+09,1e+09,1e+09,0,0,0,0,0,11099,3611,1.80772e-06,0,0.291956,-1.93313,0.54456,1.07228,0.161335,-1.70057,-9.62872e+07,205.685,-330.861,88974.4,0,0,0,0,0,0,-19.3522,-13.3578,-30.2957,-23.6926,0,0
0.000248253,0,0,0,1e+09,1e+09,1e+09,0,0,0,0,0,11108,3611,1.80772e-06,0,0.291956,-1.92409,0.54456,1.07228,0.161335,-1.67428,-9.73838e+07,-219.237,-27.388,89727,0,0,0,0,0,0,-19.3577,-13.3659,-30.3139,-23.7093,0,0
0.000248401,0,0,0,1e+09,1e+09,1e+09,0,0,0,0,0,11114,3611,1.80772e-06,0,0.291955,-1.91504,0.544561,1.07228,0.161335,-1.64843,-9.84392e+07,249.975,-323.557,88632.1,0,0,0,0,0,0,-19.3599,-13.3738,-30.3407,-23.7264,0,0
0.000248549,0,0,0,1e+09,1e+09,1e+09,0,0,0,0,0,11121,3611,1.80772e-06,0,0.291955,-1.90599,0.544561,1.07228,0.161335,-1.62206,-9.94512e+07,64.9621,-454.079,88722.9,0,0,0,0,0,0,-19.3782,-13.381,-30.3531,-23.7425,0,0
0.000248698,0,0,0,1e+09,1e+09,1e+09,0,0,0,0,0,11129,3611,1.80772e-06,0,0.291955,-1.89694,0.544561,1.07227,0.161334,-1.59702,-1.00418e+08,-115.773,5.15947,88802.6,0,0,0,0,0,0,-19.3854,-13.3883,-30.3812,-23.761,0,0
0.000248846,0,0,0,1e+09,1e+09,1e+09,0,0,0,0,0,11138,3611,1.80772e-06,0,0.291954,-1.88788,0.544561,1.07227,0.161334,-1.57183,-1.01338e+08,188.168,-385.294,89443.3,0,0,0,0,0,0,-19.3983,-13.396,-30.3955,-23.7775,0,0
0.000248995,0,0,0,1e+09,1e+09,1e+09,0,0,0,0,0,11143,3611,1.80772e-06,0,0.291954,-1.87879,0.544561,1.07227,0.161334,-1.54803,-1.02209e+08,-34.7375,255.588,89151.1,0,0,0,0,0,0,-19.3934,-13.4035,-30.4179,-23.7969,0,0
0.000249143,0,0,0,1e+09,1e+09,1e+09,0,0,0,0,0,11148,3611,1.80772e-06,0,0.291954,-1.86967,0.544561,1.07227,0.161334,-1.52412,-1.03032e+08,426.019,-287.108,89887,0,0,0,0,0,0,-19.3869,-13.4103,-30.4384,-23.8125,0,0
0.000249292,0,0,0,1e+09,1e+09,1e+09,0,0,0,0,0,11151,3611,1.80772e-06,0,0.291954,-1.86053,0.544561,1.07227,0.161333,-1.50204,-1.03804e+08,196.454,-26.8365,88236.2,0,0,0,0,0,0,-19.393,-13.4173,-30.456,-23.8344,0,0
0.00024944,0,0,0,1e+09,1e+09,1e+09,0,0,0,0,0,11158,3611,1.80772e-06,0,0.291953,-1.85136,0.544562,1.07227,0.161333,-1.48014,-1.04527e+08,-19.8661,-9.26168,88994.3,0,0,0,0,0,0,-19.4044,-13.4239,-30.4705,-23.8474,0,0
0.000249589,0,0,0,1e+09,1e+09,1e+09,0,0,0,0,0,11163,3611,1.80772e-06,0,0.291953,-1.84216,0.544562,1.07227,0.161333,-1.45962,-1.052e+08,498.803,-265.035,89308,0,0,0,0,0,0,-19.4053,-13.431,-30.4938,-23.8673,0,0
0.000249737,0,0,0,1e+09,1e+09,1e+09,0,0,0,0,0,11169,3611,1.80772e-06,0,0.291953,-1.83294,0.544562,1.07226,0.161333,-1.43948,-1.05822e+08,-157.119,-151.678,90009,0,0,0,0,0,0,-19.4085,-13.4377,-30.5112,-23.8821,0,0
0.000249886,0,0,0,1e+09,1e+09,1e+09,0,0,0,0,0,11178,3611,1.80772e-06,0,0.291952,-1.82368,0.544562,1.07226,0.161333,-1.42035,-1.06395e+08,345.742,-352.475,89091.9,0,0,0,0,0,0,-19.4052,-13.4449,-30.5353,-23.8995,0,0
0.000250034,0,0,0,1e+09,1e+09,1e+09,0,0,0,0,0,11181,3611,1.80772e-06,0,0.291952,-1.81441,0.544562,1.07226,0.161332,-1.40217,-1.06918e+08,515.205,-258.832,89502.6,0,0,0,0,0,0,-19.3996,-13.4519,-30.5562,-23.9128,0,0
0.000250183,0,0,0,1e+09,1e+09,1e+09,0,0,0,0,0,11186,3611,1.80772e-06,0,0.291952,-1.80513,0.544562,1.07226,0.161332,-1.38406,-1.07392e+08,57.8339,-418.468,88717.7,0,0,0,0,0,0,-19.3995,-13.4585,-30.5731,-23.9331,0,0
0.000250331,0,0,0,1e+09,1e+09,1e+09,0,0,0,0,0,11191,3611,1.80772e-06,0,0.291952,-1.79585,0.544563,1.07226,0.161332,-1.36703,-1.07816e+08,467.804,-230.341,89752.6,0,0,0,0,0,0,-19.4094,-13.4649,-30.584,-23.9441,0,0
0.00025048,0,0,0,1e+09,1e+09,1e+09,0,0,0,0,0,11199,3611,1.80772e-06,0,0.291951,-1.78656,0.544563,1.07226,0.161332,-1.35096,-1.08193e+08,465.445,-340.347,88514.4,0,0,0,0,0,0,-19.4151,-13.4711,-30.6042,-23.9633,0,0
0.000250628,0,0,0,1e+09,1e+09,1e+09,0,0,0,0,0,11203,3611,1.80772e-06,0,0.291951,-1.77723,0.544563,1.07225,0.161331,-1.33578,-1.0852e+08,181.62,-71.0343,88476.9,0,0,0,0,0,0,-19.4204,-13.4777,-30.6232,-23.9768,0,0
0.000250777,0,0,0,1e+09,1e+09,1e+09,0,0,0,0,0,11206,3611,1.80772e-06,0,0.291951,-1.76789,0.544563,1.07225,0.161331,-1.32139,-1.08799e+08,214.391,-534.059,88028.3,0,0,0,0,0,0,-19.4218,-13.484,-30.6402,-23.9963,0,0
0.000250925,0,0,0,1e+09,1e+09,1e+09,0,0,0,0,0,11210,3611,1.80772e-06,0,0.291951,-1.75855,0.544563,1.07225,0.161331,-1.30775,-1.09029e+08,322.71,-271.839,88962,0,0,0,0,0,0,-19.4229,-13.4894,-30.6623,-24.0076,0,0
0.000251074,0,0,0,1e+09,1e+09,1e+09,0,0,0,0,0,11216,3611,1.80772e-06,0,0.29195,-1.74923,0.544563,1.07225,0.161331,-1.29481,-1.09208e+08,170.378,32.3163,88801.7,0,0,0,0,0,0,-19.4376,-13.4953,-30.6766,-24.0279,0,0
0.000251222,0,0,0,1e+09,1e+09,1e+09,0,0,0,0,0,11227,3611,1.80772e-06,0,0.29195,-1.7399,0.544564,1.07225,0.161331,-1.28213,-1.09337e+08,467.487,-411.403,88459.7,0,0,0,0,0,0,-19.4588,-13.5008,-30.6904,-24.0446,0,0
0.000251371,0,0,0,1e+09,1e+09,1e+09,0,0,0,0,0,11232,3611,1.80772e-06,0,0.29195,-1.73057,0.544564,1.07225,0.161331,-1.27051,-1.09413e+08,616.956,-68.9804,89440.2,0,0,0,0,0,0,-19.4596,-13.5065,-30.7168,-24.0614,0,0
0.000251519,0,0,0,1e+09,1e+09,1e+09,0,0,0,0,0,11235,3611,1.80772e-06,0,0.29195,-1.72123,0.544564,1.07225,0.16133,-1.25929,-1.09435e+08,209.678,-307.056,89550.7,0,0,0,0,0,0,-19.4667,-13.5119,-30.7328,-24.0768,0,0
0.000251667,0,0,0,1e+09,1e+09,1e+09,0,0,0,0,0,11239,3611,1.80772e-06,0,0.291949,-1.71188,0.544564,1.07224,0.16133,-1.24899,-1.094e+08,294.02,235.925,88667.3,0,0,0,0,0,0,-19.4742,-13.517,-30.7545,-24.0927,0,0
0.000251816,0,0,0,1e+09,1e+09,1e+09,0,0,0,0,0,11241,3611,1.80772e-06,0,0.291949,-1.70253,0.544564,1.07224,0.16133,-1.23925,-1.09305e+08,589.957,-275.069,89280.7,0,0,0,0,0,0,-19.4926,-13.5215,-30.7685,-24.1014,0,0
0.000251964,0,0,0,1e+09,1e+09,1e+09,0,0,0,0,0,11249,3611,1.80772e-06,0,0.291949,-1.69319,0.544564,1.07224,0.16133,-1.23011,-1.09147e+08,-14.968,-239.413,88815.6,0,0,0,0,0,0,-19.5092,-13.5261,-30.788,-24.1227,0,0
0.000252113,0,0,0,1e+09,1e+09,1e+09,0,0,0,0,0,11253,3611,1.80772e-06,0,0.291949,-1.68385,0.544564,1.07224,0.16133,-1.22089,-1.08924e+08,206.498,24.342,88936.7,0,0,0,0,0,0,-19.5159,-13.5309,-30.8093,-24.1347,0,0
0.000252261,0,0,0,1e+09,1e+09,1e+09,0,0,0,0,0,11264,3611,1.80772e-06,0,0.291948,-1.67451,0.544565,1.07224,0.161329,-1.21273,-1.0863e+08,607.484,-239.834,89038.7,0,0,0,0,0,0,-19.5304,-13.5359,-30.823,-24.1479,0,0
0.00025241,0,0,0,1e+09,1e+09,1e+09,0,0,0,0,0,11271,3611,1.80772e-06,0,0.291948,-1.66517,0.544565,1.07224,0.161329,-1.20428,-1.08262e+08,-85.6133,-134.438,89559.6,0,0,0,0,0,0,-19.5312,-13.5402,-30.8479,-24.1603,0,0
0.000252558,0,0,0,1e+09,1e+09,1e+09,0,0,0,0,0,11276,3611,1.80772e-06,0,0.291948,-1.65586,0.544565,1.07224,0.161329,-1.1958,-1.07816e+08,502.362,-230.308,88063,0,0,0,0,0,0,-19.5497,-13.5449,-30.8586,-24.1838,0,0
0.000252707,0,0,0,1e+09,1e+09,1e+09,0,0,0,0,0,11279,3611,1.80772e-06,0,0.291948,-1.64657,0.544565,1.07223,0.161329,-1.18743,-1.07288e+08,65.6252,-246.244,89445,0,0,0,0,0,0,-19.5592,-13.5494,-30.8807,-24.1913,0,0
0.000252855,0,0,0,1e+09,1e+09,1e+09,0,0,0,0,0,11282,3611,1.80772e-06,0,0.291947,-1.6373,0.544565,1.07223,0.161329,-1.17869,-1.06674e+08,218.076,126.193,88390.9,0,0,0,0,0,0,-19.5948,-13.5537,-30.8822,-24.2082,0,0
0.000253004,0,0,0,1e+09,1e+09,1e+09,0,0,0,0,0,11288,3611,1.80772e-06,0,0.291947,-1.62804,0.544565,1.07223,0.161329,-1.17035,-1.05971e+08,193.926,-614.169,88955.7,0,0,0,0,0,0,-19.5918,-13.5583,-30.9221,-24.2249,0,0
0.000253152,0,0,0,1e+09,1e+09,1e+09,0,0,0,0,0,11293,3611,1.80772e-06,0,0.291947,-1.61878,0.544566,1.07223,0.161328,-1.16184,-1.05174e+08,191.941,-336.734,88862.9,0,0,0,0,0,0,-19.6054,-13.563,-30.9361,-24.2397,0,0
0.000253301,0,0,0,1e+09,1e+09,1e+09,0,0,0,0,0,11297,3611,1.80772e-06,0,0.291947,-1.60953,0.544566,1.07223,0.161328,-1.15378,-1.04282e+08,230.992,-249.809,88647.9,0,0,0,0,0,0,-19.6133,-13.5677,-30.9589,-24.253,0,0
0.000253449,0,0,0,1e+09,1e+09,1e+09,0,0,0,0,0,11299,3611,1.80772e-06,0,0.291946,-1.60029,0.544566,1.07223,0.161328,-1.14529,-1.03292e+08,223.993,-272.173,88879.2,0,0,0,0,0,0,-19.6287,-13.5724,-30.9762,-24.2707,0,0
0.000253598,0,0,0,1e+09,1e+09,1e+09,0,0,0,0,0,11300,3611,1.80772e-06,0,0.291946,-1.59106,0.544566,1.07223,0.161328,-1.13618,-1.02203e+08,33.7877,-394.977,89007.4,0,0,0,0,0,0,-19.64,-13.5771,-30.9898,-24.2863,0,0
0.000253746,0,0,0,1e+09,1e+09,1e+09,0,0,0,0,0,11305,3611,1.80772e-06,0,0.291946,-1.58187,0.544566,1.07222,0.161328,-1.12673,-1.01013e+08,500.138,-132.756,88895.5,0,0,0,0,0,0,-19.6444,-13.5819,-31.0072,-24.3062,0,0
0.000253895,0,0,0,1e+09,1e+09,1e+09,0,0,0,0,0,11308,3611,1.80772e-06,0,0.291946,-1.57271,0.544566,1.07222,0.161328,-1.11623,-9.97236e+07,180.793,-536.524,89113,0,0,0,0,0,0,-19.6551,-13.5868,-31.0221,-24.3177,0,0
0.000254043,0,0,0,1e+09,1e+09,1e+09,0,0,0,0,0,11312,3611,1.80772e-06,0,0.291945,-1.56357,0.544567,1.07222,0.161327,-1.10613,-9.83347e+07,166.804,-97.2258,88726.9,0,0,0,0,0,0,-19.6611,-13.5915,-31.0522,-24.3383,0,0
0.000254192,0,0,0,1e+09,1e+09,1e+09,0,0,0,0,0,11315,3611,1.80772e-06,0,0.291945,-1.55446,0.544567,1.07222,0.161327,-1.09394,-9.68481e+07,308.334,-387.758,89596.4,0,0,0,0,0,0,-19.6748,-13.5969,-31.0577,-24.3457,0,0
0.00025434,0,0,0,1e+09,1e+09,1e+09,0,0,0,0,0,11318,3611,1.80772e-06,0,0.291945,-1.54538,0.544567,1.07222,0.161327,-1.08255,-9.52663e+07,80.5338,-295.844,88798.1,0,0,0,0,0,0,-19.6642,-13.6017,-31.0859,-24.3683,0,0
0.000254489,0,0,0,1e+09,1e+09,1e+09,0,0,0,0,0,11320,3611,1.80772e-06,0,0.291945,-1.53633,0.544567,1.07222,0.161327,-1.06886,-9.35926e+07,194.25,-440.079,89680.8,0,0,0,0,0,0,-19.6628,-13.6068,-31.1012,-24.3801,0,0
0.000254637,0,0,0,1e+09,1e+09,1e+09,0,0,0,0,0,11322,3611,1.80772e-06,0,0.291945,-1.52732,0.544567,1.07222,0.161327,-1.05549,-9.18312e+07,417.898,-204.963,88608.7,0,0,0,0,0,0,-19.6635,-13.612,-31.1151,-24.396,0,0
0.000254785,0,0,0,1e+09,1e+09,1e+09,0,0,0,0,0,11323,3611,1.80772e-06,0,0.291944,-1.51834,0.544567,1.07221,0.161327,-1.03978,-8.99867e+07,-98.6607,-588.797,89431.1,0,0,0,0,0,0,-19.6523,-13.6167,-31.1466,-24.4049,0,0
0.000254934,0,0,0,1e+09,1e+09,1e+09,0,0,0,0,0,11325,3611,1.80772e-06,0,0.291944,-1.50938,0.544568,1.07221,0.161326,-1.02451,-8.80648e+07,496.519,-82.6555,88362.6,0,0,0,0,0,0,-19.6617,-13.6222,-31.155,-24.4256,0,0
0.000255082,0,0,0,1e+09,1e+09,1e+09,0,0,0,0,0,11332,3796,2.00567e-06,0,0.291944,-1.50045,0.544568,1.07221,0.161326,-1.0078,-8.60714e+07,-21.0985,-367.94,89977.4,0,0,0,0,0,0,-19.6553,-13.6274,-31.1777,-24.4392,0,0
0.000255231,0,0,0,1e+09,1e+09,1e+09,0,0,0,0,0,11337,3796,2.00567e-06,0,0.291944,-1.49153,0.544568,1.07221,0.161326,-0.990391,-8.40134e+07,251.552,-214.817,89013,0,0,0,0,0,0,-19.6599,-13.6333,-31.1835,-24.4543,0,0
0.000255379,0,0,0,1e+09,1e+09,1e+09,0,0,0,0,0,11343,3796,2.00567e-06,0,0.291943,-1.48264,0.544568,1.07221,0.161326,-0.971451,-8.1898e+07,447.919,-315.169,89214.2,0,0,0,0,0,0,-19.6393,-13.6382,-31.2123,-24.4727,0,0
0.000255528,0,0,0,1e+09,1e+09,1e+09,0,0,0,0,0,11345,3796,2.00567e-06,0,0.291943,-1.47378,0.544568,1.07221,0.161326,-0.952287,-7.97326e+07,105.465,-242.815,88942.6,0,0,0,0,0,0,-19.6404,-13.6432,-31.2182,-24.4848,0,0
0.000255676,0,0,0,1e+09,1e+09,1e+09,0,0,0,0,0,11349,3796,2.00567e-06,0,0.291943,-1.46495,0.544568,1.07221,0.161326,-0.93106,-7.75254e+07,308.881,-199.508,89165.5,0,0,0,0,0,0,-19.6154,-13.6483,-31.253,-24.4989,0,0
0.000255825,0,0,0,1e+09,1e+09,1e+09,0,0,0,0,0,11351,3796,2.00567e-06,0,0.291943,-1.45613,0.544568,1.0722,0.161326,-0.909758,-7.52847e+07,188.746,-205.151,89525,0,0,0,0,0,0,-19.6175,-13.6533,-31.2674,-24.5172,0,0
0.000255973,0,0,0,1e+09,1e+09,1e+09,0,0,0,0,0,11354,3796,2.00567e-06,0,0.291943,-1.44735,0.544569,1.0722,0.161325,-0.887007,-7.30188e+07,535.489,-204.462,89018.1,0,0,0,0,0,0,-19.62,-13.6587,-31.2823,-24.5297,0,0
0.000256122,0,0,0,1e+09,1e+09,1e+09,0,0,0,0,0,11357,3796,2.00567e-06,0,0.291942,-1.43859,0.544569,1.0722,0.161325,-0.863045,-7.07365e+07,25.2555,-226.274,89315.6,0,0,0,0,0,0,-19.617,-13.6632,-31.3025,-24.5489,0,0
0.00025627,0,0,0,1e+09,1e+09,1e+09,0,0,0,0,0,11361,3796,2.00567e-06,0,0.291942,-1.42985,0.544569,1.0722,0.161325,-0.838577,-6.84465e+07,134.296,-252.935,89125.6,0,0,0,0,0,0,-19.6133,-13.6687,-31.3111,-24.5538,0,0
0.000256419,0,0,0,1e+09,1e+09,1e+09,0,0,0,0,0,11365,3796,2.00567e-06,0,0.291942,-1.42111,0.544569,1.0722,0.161325,-0.81332,-6.61576e+07,241.308,-133.752,88742.1,0,0,0,0,0,0,-19.572,-13.6733,-31.3497,-24.5757,0,0
0.000256567,0,0,0,1e+09,1e+09,1e+09,0,0,0,0,0,11368,3796,2.00567e-06,0,0.291942,-1.41236,0.544569,1.0722,0.161325,-0.786712,-6.38783e+07,227.962,-232.048,89045.9,0,0,0,0,0,0,-19.5741,-13.6781,-31.3409,-24.584,0,0
0.000256716,0,0,0,1e+09,1e+09,1e+09,0,0,0,0,0,11368,3796,2.00567e-06,0,0.291941,-1.40363,0.544569,1.0722,0.161325,-0.759796,-6.16173e+07,47.8084,301.994,89509.9,0,0,0,0,0,0,-19.5526,-13.6832,-31.3718,-24.6004,0,0
0.000256864,0,0,0,1e+09,1e+09,1e+09,0,0,0,0,0,11370,3796,2.00567e-06,0,0.291941,-1.39492,0.54457,1.07219,0.161325,-0.730925,-5.93828e+07,126.947,-513.458,88889.5,0,0,0,0,0,0,-19.5688,-13.6883,-31.3773,-24.6165,0,0
0.000257013,0,0,0,1e+09,1e+09,1e+09,0,0,0,0,0,11372,3796,2.00567e-06,0,0.291941,-1.38621,0.54457,1.07219,0.161325,-0.701541,-5.71829e+07,72.205,-157.106,89572.4,0,0,0,0,0,0,-19.5536,-13.6929,-31.4056,-24.6255,0,0
0.000257161,0,0,0,1e+09,1e+09,1e+09,0,0,0,0,0,11373,3796,2.00567e-06,0,0.291941,-1.37749,0.54457,1.07219,0.161324,-0.671223,-5.50252e+07,-31.8047,-484.043,89213.6,0,0,0,0,0,0,-19.5434,-13.6973,-31.4117,-24.6393,0,0
0.00025731,0,0,0,1e+09,1e+09,1e+09,0,0,0,0,0,11374,3796,2.00567e-06,0,0.291941,-1.36878,0.54457,1.07219,0.161324,-0.640956,-5.29171e+07,195.324,-54.45,89442.5,0,0,0,0,0,0,-19.5193,-13.7021,-31.4291,-24.6527,0,0
0.000257458,0,0,0,1e+09,1e+09,1e+09,0,0,0,0,0,11376,3796,2.00567e-06,0,0.29194,-1.36007,0.54457,1.07219,0.161324,-0.609965,-5.08654e+07,-43.5516,-363.691,89294.6,0,0,0,0,0,0,-19.5091,-13.7069,-31.4419,-24.6695,0,0
0.000257607,0,0,0,1e+09,1e+09,1e+09,0,0,0,0,0,11378,3796,2.00567e-06,0,0.29194,-1.35135,0.54457,1.07219,0.161324,-0.578718,-4.88763e+07,-3.86713,-238.019,88887.4,0,0,0,0,0,0,-19.5046,-13.7107,-31.4558,-24.6798,0,0
0.000257755,0,0,0,1e+09,1e+09,1e+09,0,0,0,0,0,11382,3796,2.00567e-06,0,0.29194,-1.34263,0.544571,1.07219,0.161324,-0.546738,-4.69557e+07,24.6159,-298.626,89259.4,0,0,0,0,0,0,-19.5067,-13.7151,-31.4635,-24.691,0,0
0.000257903,0,0,0,1e+09,1e+09,1e+09,0,0,0,0,0,11387,3796,2.00567e-06,0,0.29194,-1.33391,0.544571,1.07218,0.161324,-0.514841,-4.51089e+07,164.342,-404.541,88564.5,0,0,0,0,0,0,-19.4922,-13.7191,-31.4913,-24.708,0,0
0.000258052,0,0,0,1e+09,1e+09,1e+09,0,0,0,0,0,11392,3796,2.00567e-06,0,0.29194,-1.32518,0.544571,1.07218,0.161324,-0.481713,-4.33405e+07,-165.266,-120.986,89676.5,0,0,0,0,0,0,-19.496,-13.7234,-31.4994,-24.7175,0,0
0.0002582,0,0,0,1e+09,1e+09,1e+09,0,0,0,0,0,11397,3796,2.00567e-06,0,0.291939,-1.31643,0.544571,1.07218,0.161324,-0.449757,-4.16547e+07,380.533,-314.013,88336.2,0,0,0,0,0,0,-19.4909,-13.7274,-31.5151,-24.7298,0,0
0.000258349,0,0,0,1e+09,1e+09,1e+09,0,0,0,0,0,11402,3796,2.00567e-06,0,0.291939,-1.30767,0.544571,1.07218,0.161324,-0.416233,-4.00549e+07,-227.839,-587.424,88382.6,0,0,0,0,0,0,-19.4803,-13.7318,-31.5342,-24.7472,0,0
0.000258497,0,0,0,1e+09,1e+09,1e+09,0,0,0,0,0,11404,3796,2.00567e-06,0,0.291939,-1.2989,0.544571,1.07218,0.161324,-0.383485,-3.85442e+07,53.7554,36.7352,89098.1,0,0,0,0,0,0,-19.4787,-13.7359,-31.5419,-24.7575,0,0
0.000258646,0,0,0,1e+09,1e+09,1e+09,0,0,0,0,0,11408,3796,2.00567e-06,0,0.291939,-1.2901,0.544571,1.07218,0.161324,-0.349736,-3.71251e+07,-135.158,-414.01,88633.6,0,0,0,0,0,0,-19.4808,-13.7402,-31.5509,-24.7741,0,0
0.000258794,0,0,0,1e+09,1e+09,1e+09,0,0,0,0,0,11412,3796,2.00567e-06,0,0.291939,-1.28129,0.544572,1.07217,0.161324,-0.316833,-3.57993e+07,-104.193,-258.554,88800.3,0,0,0,0,0,0,-19.4812,-13.744,-31.5752,-24.7859,0,0
0.000258943,0,0,0,1e+09,1e+09,1e+09,0,0,0,0,0,11414,3796,2.00567e-06,0,0.291938,-1.27247,0.544572,1.07217,0.161324,-0.283384,-3.45685e+07,-34.9881,-62.5946,88634.7,0,0,0,0,0,0,-19.4933,-13.7482,-31.5833,-24.804,0,0
0.000259091,0,0,0,1e+09,1e+09,1e+09,0,0,0,0,0,11416,3796,2.00567e-06,0,0.291938,-1.26363,0.544572,1.07217,0.161324,-0.249879,-3.34335e+07,-196.112,-488.789,89148,0,0,0,0,0,0,-19.5124,-13.7519,-31.587,-24.8096,0,0
0.00025924,0,0,0,1e+09,1e+09,1e+09,0,0,0,0,0,11418,3796,2.00567e-06,0,0.291938,-1.25477,0.544572,1.07217,0.161324,-0.21677,-3.23947e+07,-240.739,238.125,89006.4,0,0,0,0,0,0,-19.5083,-13.7553,-31.606,-24.8255,0,0
0.000259388,0,0,0,1e+09,1e+09,1e+09,0,0,0,0,0,11420,3796,2.00567e-06,0,0.291938,-1.24589,0.544572,1.07217,0.161324,-0.183856,-3.14523e+07,-59.2372,-501.557,88690.8,0,0,0,0,0,0,-19.5112,-13.7585,-31.6162,-24.8338,0,0
0.000259537,0,0,0,1e+09,1e+09,1e+09,0,0,0,0,0,11424,3796,2.00567e-06,0,0.291938,-1.23699,0.544572,1.07217,0.161323,-0.151409,-3.06057e+07,34.6804,-39.691,89407.4,0,0,0,0,0,0,-19.5154,-13.762,-31.6315,-24.8485,0,0
0.000259685,0,0,0,1e+09,1e+09,1e+09,0,0,0,0,0,11427,3796,2.00567e-06,0,0.291938,-1.22807,0.544573,1.07217,0.161323,-0.118658,-2.98541e+07,-371.31,60.4709,89127.8,0,0,0,0,0,0,-19.5337,-13.7652,-31.6382,-24.8587,0,0
0.000259834,0,0,0,1e+09,1e+09,1e+09,0,0,0,0,0,11430,3796,2.00567e-06,0,0.291937,-1.2191,0.544573,1.07216,0.161323,-0.0870971,-2.91962e+07,54.7492,-398.047,88250.4,0,0,0,0,0,0,-19.551,-13.7691,-31.6442,-24.8722,0,0
0.000259982,0,0,0,1e+09,1e+09,1e+09,0,0,0,0,0,11434,3796,2.00567e-06,0,0.291937,-1.21009,0.544573,1.07216,0.161323,-0.0563656,-2.86304e+07,-151.523,-222.947,88568.6,0,0,0,0,0,0,-19.5564,-13.7725,-31.659,-24.881,0,0
0.000260131,0,0,0,1e+09,1e+09,1e+09,0,0,0,0,0,11434,3796,2.00567e-06,0,0.291937,-1.20102,0.544573,1.07216,0.161323,-0.0265124,-2.81547e+07,-277.699,-479.838,88420.7,0,0,0,0,0,0,-19.5632,-13.7755,-31.6755,-24.8923,0,0
0.000260279,0,0,0,1e+09,1e+09,1e+09,0,0,0,0,0,11437,3796,2.00567e-06,0,0.291937,-1.1919,0.544573,1.07216,0.161323,0.00281808,-2.77666e+07,32.7829,-372.931,87851.5,0,0,0,0,0,0,-19.5983,-13.7787,-31.6678,-24.9008,0,0
0.000260428,0,0,0,1e+09,1e+09,1e+09,0,0,0,0,0,11438,3796,2.00567e-06,0,0.291937,-1.18273,0.544573,1.07216,0.161323,0.0305554,-2.74635e+07,-237.01,-365.393,87965,0,0,0,0,0,0,-19.6074,-13.7818,-31.6871,-24.9142,0,0
0.000260576,0,0,0,1e+09,1e+09,1e+09,0,0,0,0,0,11443,3796,2.00567e-06,0,0.291936,-1.17351,0.544574,1.07216,0.161323,0.0572942,-2.72424e+07,-86.5363,-606.8,88271.7,0,0,0,0,0,0,-19.6378,-13.7851,-31.6892,-24.9237,0,0
0.000260725,0,0,0,1e+09,1e+09,1e+09,0,0,0,0,0,11446,3796,2.00567e-06,0,0.291936,-1.16423,0.544574,1.07216,0.161323,0.0834448,-2.71001e+07,-260.403,-108.763,88740.1,0,0,0,0,0,0,-19.6533,-13.7877,-31.7082,-24.9353,0,0
0.000260873,0,0,0,1e+09,1e+09,1e+09,0,0,0,0,0,11449,3796,2.00567e-06,0,0.291936,-1.15491,0.544574,1.07215,0.161323,0.108039,-2.70333e+07,42.9721,-205.983,87976.5,0,0,0,0,0,0,-19.675,-13.7913,-31.7187,-24.9479,0,0
0.000261021,0,0,0,1e+09,1e+09,1e+09,0,0,0,0,0,11449,3796,2.00567e-06,0,0.291936,-1.14553,0.544574,1.07215,0.161323,0.131118,-2.70382e+07,-151.059,-265.827,87832.4,0,0,0,0,0,0,-19.6916,-13.7939,-31.7327,-24.9567,0,0
0.00026117,0,0,0,1e+09,1e+09,1e+09,0,0,0,0,0,11450,3796,2.00567e-06,0,0.291936,-1.13609,0.544574,1.07215,0.161323,0.152972,-2.71113e+07,-95.2702,-305.721,88040.9,0,0,0,0,0,0,-19.7204,-13.7969,-31.7343,-24.9695,0,0
0.000261318,0,0,0,1e+09,1e+09,1e+09,0,0,0,0,0,11450,3796,2.00567e-06,0,0.291936,-1.12659,0.544574,1.07215,0.161324,0.173023,-2.72488e+07,91.2824,-223.835,88579.3,0,0,0,0,0,0,-19.7547,-13.7997,-31.7377,-24.9773,0,0
0.000261467,0,0,0,1e+09,1e+09,1e+09,0,0,0,0,0,11451,3796,2.00567e-06,0,0.291935,-1.11702,0.544575,1.07215,0.161324,0.191867,-2.7447e+07,69.9142,-366.3,87231.7,0,0,0,0,0,0,-19.7826,-13.8024,-31.75,-24.9916,0,0
0.000261615,0,0,0,1e+09,1e+09,1e+09,0,0,0,0,0,11451,3796,2.00567e-06,0,0.291935,-1.10737,0.544575,1.07215,0.161324,0.208779,-2.7702e+07,-332.878,-442.445,88088.8,0,0,0,0,0,0,-19.8068,-13.8049,-31.765,-25.0017,0,0
0.000261764,0,0,0,1e+09,1e+09,1e+09,0,0,0,0,0,11453,3796,2.00567e-06,0,0.291935,-1.09766,0.544575,1.07215,0.161324,0.224425,-2.80103e+07,64.9421,-139.054,87601.3,0,0,0,0,0,0,-19.8315,-13.8074,-31.7715,-25.0109,0,0
0.000261912,0,0,0,1e+09,1e+09,1e+09,0,0,0,0,0,11457,3796,2.00567e-06,0,0.291935,-1.0879,0.544575,1.07214,0.161324,0.238068,-2.83683e+07,14.3208,-481.343,87623.9,0,0,0,0,0,0,-19.8531,-13.8104,-31.7783,-25.0221,0,0
0.000262061,0,0,0,1e+09,1e+09,1e+09,0,0,0,0,0,11461,3796,2.00567e-06,0,0.291935,-1.07807,0.544575,1.07214,0.161324,0.25054,-2.87725e+07,22.7837,-231.088,88002.9,0,0,0,0,0,0,-19.8718,-13.8128,-31.7937,-25.0346,0,0
0.000262209,0,0,0,1e+09,1e+09,1e+09,0,0,0,0,0,11461,3796,2.00567e-06,0,0.291935,-1.06819,0.544575,1.07214,0.161324,0.260659,-2.92199e+07,-195.564,-433.729,87876,0,0,0,0,0,0,-19.9003,-13.8154,-31.8076,-25.0432,0,0
0.000262358,0,0,0,1e+09,1e+09,1e+09,0,0,0,0,0,11463,3796,2.00567e-06,0,0.291934,-1.05826,0.544575,1.07214,0.161324,0.269733,-2.97073e+07,229.832,-388.2,88025.2,0,0,0,0,0,0,-19.9234,-13.8187,-31.8267,-25.058,0,0
0.000262506,0,0,0,1e+09,1e+09,1e+09,0,0,0,0,0,11468,3796,2.00567e-06,0,0.291934,-1.04828,0.544576,1.07214,0.161324,0.277058,-3.02321e+07,-280.69,-70.3378,88072.5,0,0,0,0,0,0,-19.9606,-13.8213,-31.825,-25.0658,0,0
0.000262655,0,0,0,1e+09,1e+09,1e+09,0,0,0,0,0,11471,3796,2.00567e-06,0,0.291934,-1.03826,0.544576,1.07214,0.161324,0.283209,-3.07918e+07,-7.84846,-633.627,87553.3,0,0,0,0,0,0,-19.9778,-13.8233,-31.8302,-25.0765,0,0
0.000262803,0,0,0,1e+09,1e+09,1e+09,0,0,0,0,0,11477,3796,2.00567e-06,0,0.291934,-1.0282,0.544576,1.07214,0.161324,0.287741,-3.13841e+07,31.8935,-214.492,87881.3,0,0,0,0,0,0,-19.9892,-13.8259,-31.8408,-25.0871,0,0
0.000262952,0,0,0,1e+09,1e+09,1e+09,0,0,0,0,0,11477,3796,2.00567e-06,0,0.291934,-1.01807,0.544576,1.07213,0.161324,0.290514,-3.20073e+07,-202.844,-342.868,87561.6,0,0,0,0,0,0,-20.0095,-13.8288,-31.8519,-25.0996,0,0
0.0002631,0,0,0,1e+09,1e+09,1e+09,0,0,0,0,0,11479,3796,2.00567e-06,0,0.291934,-1.00788,0.544576,1.07213,0.161324,0.291376,-3.26597e+07,129.508,-374.236,87940.7,0,0,0,0,0,0,-20.0388,-13.8309,-31.8618,-25.1089,0,0
0.000263249,0,0,0,1e+09,1e+09,1e+09,0,0,0,0,0,11481,3796,2.00567e-06,0,0.291934,-0.997603,0.544576,1.07213,0.161324,0.289519,-3.33402e+07,-190.509,-283.708,87461.7,0,0,0,0,0,0,-20.0734,-13.8341,-31.8666,-25.1198,0,0
0.000263397,0,0,0,1e+09,1e+09,1e+09,0,0,0,0,0,11482,3796,2.00567e-06,0,0.291933,-0.987259,0.544577,1.07213,0.161324,0.285763,-3.40479e+07,228.638,-408.711,87647.1,0,0,0,0,0,0,-20.0855,-13.8364,-31.8836,-25.1273,0,0
0.000263546,0,0,0,1e+09,1e+09,1e+09,0,0,0,0,0,11486,3796,2.00567e-06,0,0.291933,-0.976867,0.544577,1.07213,0.161324,0.280206,-3.47823e+07,-250.233,-165.472,86894.9,0,0,0,0,0,0,-20.1084,-13.8391,-31.8813,-25.1351,0,0
0.000263694,0,0,0,1e+09,1e+09,1e+09,0,0,0,0,0,11488,3796,2.00567e-06,0,0.291933,-0.966434,0.544577,1.07213,0.161324,0.273974,-3.55433e+07,313.097,-263.121,87936.7,0,0,0,0,0,0,-20.1113,-13.8415,-31.8997,-25.1476,0,0
0.000263843,0,0,0,1e+09,1e+09,1e+09,0,0,0,0,0,11490,3796,2.00567e-06,0,0.291933,-0.95595,0.544577,1.07213,0.161324,0.265191,-3.6331e+07,-158.913,-171.435,86903.1,0,0,0,0,0,0,-20.1336,-13.8442,-31.9005,-25.1576,0,0
0.000263991,0,0,0,1e+09,1e+09,1e+09,0,0,0,0,0,11493,3796,2.00567e-06,0,0.291933,-0.945406,0.544577,1.07212,0.161324,0.254931,-3.7146e+07,-122.668,-273.584,87764.9,0,0,0,0,0,0,-20.1517,-13.8466,-31.9066,-25.1654,0,0
0.000264139,0,0,0,1e+09,1e+09,1e+09,0,0,0,0,0,11495,3796,2.00567e-06,0,0.291933,-0.934805,0.544577,1.07212,0.161324,0.242808,-3.7989e+07,101.192,-423.738,87847.1,0,0,0,0,0,0,-20.1671,-13.8491,-31.9177,-25.1764,0,0
0.000264288,0,0,0,1e+09,1e+09,1e+09,0,0,0,0,0,11500,3796,2.00567e-06,0,0.291933,-0.924151,0.544578,1.07212,0.161324,0.228675,-3.8861e+07,-222.592,-88.8415,87023.7,0,0,0,0,0,0,-20.1874,-13.8513,-31.9256,-25.1839,0,0
0.000264436,0,0,0,1e+09,1e+09,1e+09,0,0,0,0,0,11501,3796,2.00567e-06,0,0.291932,-0.913443,0.544578,1.07212,0.161324,0.213496,-3.97633e+07,26.0354,-306.663,87700.2,0,0,0,0,0,0,-20.1987,-13.854,-31.939,-25.1955,0,0
0.000264585,0,0,0,1e+09,1e+09,1e+09,0,0,0,0,0,11504,3796,2.00567e-06,0,0.291932,-0.902679,0.544578,1.07212,0.161324,0.196075,-4.06971e+07,169.824,-152.54,87551,0,0,0,0,0,0,-20.2047,-13.8566,-31.9513,-25.2048,0,0
0.000264733,0,0,0,1e+09,1e+09,1e+09,0,0,0,0,0,11508,3796,2.00567e-06,0,0.291932,-0.89186,0.544578,1.07212,0.161324,0.17721,-4.16636e+07,-94.0976,-209.68,87360.4,0,0,0,0,0,0,-20.213,-13.8595,-31.9572,-25.2113,0,0
0.000264882,0,0,0,1e+09,1e+09,1e+09,0,0,0,0,0,11509,3796,2.00567e-06,0,0.291932,-0.880982,0.544578,1.07212,0.161324,0.15774,-4.26642e+07,184.803,52.069,87358,0,0,0,0,0,0,-20.2188,-13.8616,-31.967,-25.2249,0,0
0.00026503,0,0,0,1e+09,1e+09,1e+09,0,0,0,0,0,11510,3796,2.00567e-06,0,0.291932,-0.870039,0.544578,1.07211,0.161324,0.135943,-4.36999e+07,-61.7646,-28.1054,87366.2,0,0,0,0,0,0,-20.2307,-13.8647,-31.9752,-25.2329,0,0
0.000265179,0,0,0,1e+09,1e+09,1e+09,0,0,0,0,0,11513,3796,2.00567e-06,0,0.291932,-0.859042,0.544578,1.07211,0.161324,0.112322,-4.47716e+07,204.275,-107.005,87347.2,0,0,0,0,0,0,-20.2446,-13.8681,-31.9813,-25.242,0,0
0.000265327,0,0,0,1e+09,1e+09,1e+09,0,0,0,0,0,11517,3796,2.00567e-06,0,0.291932,-0.848006,0.544579,1.07211,0.161324,0.0879519,-4.58799e+07,-339.344,-216.786,86832.4,0,0,0,0,0,0,-20.2449,-13.8729,-32.0011,-25.2513,0,0
0.000265476,0,0,0,1e+09,1e+09,1e+09,0,0,0,0,0,11523,3796,2.00567e-06,0,0.291932,-0.836936,0.544579,1.07211,0.161324,0.0629871,-4.7025e+07,215.163,-215.856,87772.6,0,0,0,0,0,0,-20.2461,-13.8767,-32.0065,-25.261,0,0
0.000265624,0,0,0,1e+09,1e+09,1e+09,0,0,0,0,0,11525,3796,2.00567e-06,0,0.291931,-0.825827,0.544579,1.07211,0.161324,0.0357211,-4.82069e+07,-83.7761,-289,86441.1,0,0,0,0,0,0,-20.2384,-13.8804,-32.0184,-25.2701,0,0
0.000265773,0,0,0,1e+09,1e+09,1e+09,0,0,0,0,0,11529,3796,2.00567e-06,0,0.291931,-0.814676,0.544579,1.07211,0.161324,0.00802917,-4.94248e+07,10.2844,-165.564,87111,0,0,0,0,0,0,-20.2454,-13.884,-32.0204,-25.2814,0,0
0.000265921,0,0,0,1e+09,1e+09,1e+09,0,0,0,0,0,11534,3796,2.00567e-06,0,0.291931,-0.803485,0.544579,1.0721,0.161324,-0.0208592,-5.06777e+07,339.439,-336.992,86663.4,0,0,0,0,0,0,-20.2509,-13.8874,-32.0353,-25.2915,0,0
0.00026607,0,0,0,1e+09,1e+09,1e+09,0,0,0,0,0,11536,3796,2.00567e-06,0,0.291931,-0.792255,0.544579,1.0721,0.161324,-0.0509156,-5.1964e+07,-157.931,-95.9063,86635.2,0,0,0,0,0,0,-20.2586,-13.8911,-32.0465,-25.3028,0,0
0.000266218,0,0,0,1e+09,1e+09,1e+09,0,0,0,0,0,11540,3796,2.00567e-06,0,0.291931,-0.78098,0.54458,1.0721,0.161324,-0.0813812,-5.32817e+07,143.834,-296.388,86971.8,0,0,0,0,0,0,-20.2697,-13.894,-32.0543,-25.3086,0,0
0.000266367,0,0,0,1e+09,1e+09,1e+09,0,0,0,0,0,11542,3796,2.00567e-06,0,0.291931,-0.769661,0.54458,1.0721,0.161324,-0.113569,-5.46284e+07,21.2193,-243.613,87993.4,0,0,0,0,0,0,-20.2649,-13.8973,-32.0697,-25.3221,0,0
0.000266515,0,0,0,1e+09,1e+09,1e+09,0,0,0,0,0,11549,3796,2.00567e-06,0,0.291931,-0.758303,0.54458,1.0721,0.161324,-0.146281,-5.6001e+07,246.393,80.6781,86792.6,0,0,0,0,0,0,-20.2706,-13.9001,-32.0773,-25.333,0,0
0.000266664,0,0,0,1e+09,1e+09,1e+09,0,0,0,0,0,11550,3796,2.00567e-06,0,0.291931,-0.746904,0.54458,1.0721,0.161324,-0.179299,-5.73964e+07,133.054,-425.359,86897.3,0,0,0,0,0,0,-20.2864,-13.9028,-32.0777,-25.3416,0,0
0.000266812,0,0,0,1e+09,1e+09,1e+09,0,0,0,0,0,11550,3796,2.00567e-06,0,0.29193,-0.735461,0.54458,1.0721,0.161324,-0.213437,-5.88109e+07,-45.051,124.524,87862.1,0,0,0,0,0,0,-20.2856,-13.9053,-32.1,-25.3518,0,0
0.000266961,0,0,0,1e+09,1e+09,1e+09,0,0,0,0,0,11553,3796,2.00567e-06,0,0.29193,-0.723984,0.54458,1.07209,0.161324,-0.248287,-6.02408e+07,426.245,-148.075,86795.7,0,0,0,0,0,0,-20.2875,-13.9077,-32.1175,-25.3653,0,0
0.000267109,0,0,0,1e+09,1e+09,1e+09,0,0,0,0,0,11558,3796,2.00567e-06,0,0.29193,-0.712487,0.544581,1.07209,0.161324,-0.283095,-6.1682e+07,341.681,-149.677,86291.9,0,0,0,0,0,0,-20.3171,-13.9104,-32.1079,-25.371,0,0
0.000267257,0,0,0,1e+09,1e+09,1e+09,0,0,0,0,0,11561,3796,2.00567e-06,0,0.29193,-0.700963,0.544581,1.07209,0.161324,-0.318967,-6.31302e+07,94.3774,226.969,87791,0,0,0,0,0,0,-20.3154,-13.9133,-32.1344,-25.3843,0,0
0.000267406,0,0,0,1e+09,1e+09,1e+09,0,0,0,0,0,11564,3796,2.00567e-06,0,0.29193,-0.689396,0.544581,1.07209,0.161324,-0.354776,-6.45812e+07,281.293,-236.893,86940.7,0,0,0,0,0,0,-20.3423,-13.9159,-32.1348,-25.3964,0,0
0.000267554,0,0,0,1e+09,1e+09,1e+09,0,0,0,0,0,11566,3796,2.00567e-06,0,0.29193,-0.677786,0.544581,1.07209,0.161324,-0.39154,-6.60305e+07,241.398,419.753,86458.3,0,0,0,0,0,0,-20.3422,-13.9189,-32.1638,-25.409,0,0
0.000267703,0,0,0,1e+09,1e+09,1e+09,0,0,0,0,0,11568,3796,2.00567e-06,0,0.29193,-0.666153,0.544581,1.07209,0.161324,-0.428566,-6.74738e+07,99.47,-83.6204,86732.4,0,0,0,0,0,0,-20.3686,-13.9219,-32.1623,-25.4177,0,0
0.000267851,0,0,0,1e+09,1e+09,1e+09,0,0,0,0,0,11571,3796,2.00567e-06,0,0.29193,-0.654501,0.544581,1.07209,0.161324,-0.465577,-6.89066e+07,498.275,136.164,87391.4,0,0,0,0,0,0,-20.3733,-13.9256,-32.1832,-25.4268,0,0
0.000268,0,0,0,1e+09,1e+09,1e+09,0,0,0,0,0,11578,3796,2.00567e-06,0,0.29193,-0.642819,0.544582,1.07208,0.161324,-0.502698,-7.03247e+07,2.62647,199.065,87263.9,0,0,0,0,0,0,-20.3949,-13.9285,-32.1866,-25.4378,0,0
0.000268148,0,0,0,1e+09,1e+09,1e+09,0,0,0,0,0,11584,3796,2.00567e-06,0,0.29193,-0.631097,0.544582,1.07208,0.161324,-0.539828,-7.17237e+07,433.692,126.079,86739.9,0,0,0,0,0,0,-20.4007,-13.9323,-32.2052,-25.4512,0,0
0.000268297,0,0,0,1e+09,1e+09,1e+09,0,0,0,0,0,11589,3796,2.00567e-06,0,0.291929,-0.619342,0.544582,1.07208,0.161324,-0.577032,-7.30995e+07,367.845,181.587,86939.2,0,0,0,0,0,0,-20.4265,-13.9348,-32.2125,-25.4596,0,0
0.000268445,0,0,0,1e+09,1e+09,1e+09,0,0,0,0,0,11592,3796,2.00567e-06,0,0.291929,-0.607565,0.544582,1.07208,0.161324,-0.614575,-7.4448e+07,144.066,19.8135,86804.2,0,0,0,0,0,0,-20.4416,-13.9376,-32.2319,-25.4719,0,0
0.000268594,0,0,0,1e+09,1e+09,1e+09,0,0,0,0,0,11596,3796,2.00567e-06,0,0.291929,-0.595765,0.544582,1.07208,0.161324,-0.651887,-7.57654e+07,379.241,110.414,87015.1,0,0,0,0,0,0,-20.4663,-13.9403,-32.2436,-25.4808,0,0
0.000268742,0,0,0,1e+09,1e+09,1e+09,0,0,0,0,0,11599,3796,2.00567e-06,0,0.291929,-0.583936,0.544582,1.07208,0.161324,-0.688471,-7.7048e+07,402.985,-49.4404,86827.8,0,0,0,0,0,0,-20.4826,-13.9435,-32.2586,-25.4909,0,0
0.000268891,0,0,0,1e+09,1e+09,1e+09,0,0,0,0,0,11602,3796,2.00567e-06,0,0.291929,-0.572075,0.544582,1.07208,0.161323,-0.725604,-7.82923e+07,245.492,488.074,86208.7,0,0,0,0,0,0,-20.4929,-13.946,-32.2798,-25.5035,0,0
0.000269039,0,0,0,1e+09,1e+09,1e+09,0,0,0,0,0,11604,3796,2.00567e-06,0,0.291929,-0.560185,0.544583,1.07207,0.161323,-0.762685,-7.94951e+07,486.021,52.8958,87028.3,0,0,0,0,0,0,-20.5194,-13.9494,-32.2843,-25.5204,0,0
0.000269188,0,0,0,1e+09,1e+09,1e+09,0,0,0,0,0,11608,3796,2.00567e-06,0,0.291929,-0.548271,0.544583,1.07207,0.161323,-0.800057,-8.06536e+07,245.512,177.492,86743.7,0,0,0,0,0,0,-20.5383,-13.9521,-32.3039,-25.5298,0,0
0.000269336,0,0,0,1e+09,1e+09,1e+09,0,0,0,0,0,11611,3796,2.00567e-06,0,0.291929,-0.536338,0.544583,1.07207,0.161323,-0.83633,-8.17651e+07,406.618,157.892,86330.3,0,0,0,0,0,0,-20.5659,-13.955,-32.3131,-25.5438,0,0
0.000269485,0,0,0,1e+09,1e+09,1e+09,0,0,0,0,0,11612,3796,2.00567e-06,0,0.291929,-0.524383,0.544583,1.07207,0.161323,-0.872849,-8.28273e+07,175.489,110.339,87512.8,0,0,0,0,0,0,-20.5881,-13.9581,-32.3227,-25.555,0,0
0.000269633,0,0,0,1e+09,1e+09,1e+09,0,0,0,0,0,11612,3796,2.00567e-06,0,0.291929,-0.512404,0.544583,1.07207,0.161323,-0.909759,-8.38384e+07,274.814,181.587,86948.3,0,0,0,0,0,0,-20.5946,-13.9609,-32.3415,-25.5639,0,0
0.000269782,0,0,0,1e+09,1e+09,1e+09,0,0,0,0,0,11612,3796,2.00567e-06,0,0.291929,-0.500405,0.544583,1.07207,0.161323,-0.945317,-8.47968e+07,312.982,-206.972,87102.5,0,0,0,0,0,0,-20.6088,-13.9634,-32.3511,-25.5754,0,0
0.00026993,0,0,0,1e+09,1e+09,1e+09,0,0,0,0,0,11613,3796,2.00567e-06,0,0.291929,-0.488398,0.544584,1.07207,0.161323,-0.980685,-8.57012e+07,214.244,388.104,87318.4,0,0,0,0,0,0,-20.6192,-13.9661,-32.3735,-25.5849,0,0
0.000270079,0,0,0,1e+09,1e+09,1e+09,0,0,0,0,0,11615,3904,2.03959e-06,0,0.291929,-0.476389,0.544584,1.07206,0.161322,-1.01571,-8.65506e+07,468.411,-104.537,87196.9,0,0,0,0,0,0,-20.6392,-13.9691,-32.3889,-25.5992,0,0
0.000270227,0,0,0,1e+09,1e+09,1e+09,0,0,0,0,0,11616,3904,2.03959e-06,0,0.291928,-0.464373,0.544584,1.07206,0.161322,-1.05072,-8.73447e+07,464.281,147.354,87009.1,0,0,0,0,0,0,-20.6606,-13.9716,-32.3934,-25.6091,0,0
0.000270375,0,0,0,1e+09,1e+09,1e+09,0,0,0,0,0,11618,3904,2.03959e-06,0,0.291928,-0.452351,0.544584,1.07206,0.161322,-1.08471,-8.80829e+07,265.231,17.3878,86912.4,0,0,0,0,0,0,-20.6583,-13.9732,-32.413,-25.6232,0,0
0.000270524,0,0,0,1e+09,1e+09,1e+09,0,0,0,0,0,11618,3904,2.03959e-06,0,0.291928,-0.440328,0.544584,1.07206,0.161322,-1.11847,-8.87652e+07,266.186,-36.1146,87244,0,0,0,0,0,0,-20.654,-13.976,-32.4325,-25.6338,0,0
0.000270672,0,0,0,1e+09,1e+09,1e+09,0,0,0,0,0,11622,3904,2.03959e-06,0,0.291928,-0.428301,0.544584,1.07206,0.161322,-1.15177,-8.93918e+07,147.976,124.613,87577.3,0,0,0,0,0,0,-20.667,-13.9787,-32.4403,-25.6475,0,0
0.000270821,0,0,0,1e+09,1e+09,1e+09,0,0,0,0,0,11623,3904,2.03959e-06,0,0.291928,-0.416264,0.544585,1.07206,0.161322,-1.18392,-8.9963e+07,537.374,-102.493,86802.3,0,0,0,0,0,0,-20.6686,-13.9808,-32.4571,-25.6576,0,0
0.000270969,0,0,0,1e+09,1e+09,1e+09,0,0,0,0,0,11624,3904,2.03959e-06,0,0.291928,-0.404217,0.544585,1.07206,0.161321,-1.21659,-9.04793e+07,453.758,126.987,87259.4,0,0,0,0,0,0,-20.6641,-13.9833,-32.4736,-25.6682,0,0
0.000271118,0,0,0,1e+09,1e+09,1e+09,0,0,0,0,0,11625,3904,2.03959e-06,0,0.291928,-0.392173,0.544585,1.07205,0.161321,-1.24824,-9.09412e+07,467.344,-198.733,87669.1,0,0,0,0,0,0,-20.653,-13.9853,-32.4946,-25.6792,0,0
0.000271266,0,0,0,1e+09,1e+09,1e+09,0,0,0,0,0,11626,3904,2.03959e-06,0,0.291928,-0.380134,0.544585,1.07205,0.161321,-1.27924,-9.13494e+07,332.493,75.5396,87250.1,0,0,0,0,0,0,-20.6523,-13.9873,-32.5053,-25.6917,0,0
0.000271415,0,0,0,1e+09,1e+09,1e+09,0,0,0,0,0,11626,3904,2.03959e-06,0,0.291928,-0.368104,0.544585,1.07205,0.161321,-1.30949,-9.17047e+07,555.853,-118.652,87601.7,0,0,0,0,0,0,-20.6541,-13.9897,-32.5092,-25.6987,0,0
0.000271563,0,0,0,1e+09,1e+09,1e+09,0,0,0,0,0,11630,3904,2.03959e-06,0,0.291928,-0.356091,0.544585,1.07205,0.161321,-1.33903,-9.2008e+07,241.607,-30.0053,87857.9,0,0,0,0,0,0,-20.6182,-13.9921,-32.5448,-25.715,0,0
0.000271712,0,0,0,1e+09,1e+09,1e+09,0,0,0,0,0,11633,3904,2.03959e-06,0,0.291928,-0.344111,0.544586,1.07205,0.16132,-1.36786,-9.22602e+07,507.729,-254.662,87686.7,0,0,0,0,0,0,-20.6173,-13.9942,-32.5485,-25.7224,0,0
0.00027186,0,0,0,1e+09,1e+09,1e+09,0,0,0,0,0,11633,3904,2.03959e-06,0,0.291928,-0.332169,0.544586,1.07205,0.16132,-1.39521,-9.24625e+07,220.612,-38.8252,88067.7,0,0,0,0,0,0,-20.5958,-13.9964,-32.57,-25.7375,0,0
0.000272009,0,0,0,1e+09,1e+09,1e+09,0,0,0,0,0,11636,3904,2.03959e-06,0,0.291928,-0.32026,0.544586,1.07205,0.16132,-1.42245,-9.2616e+07,472.649,-121.141,88258.2,0,0,0,0,0,0,-20.5877,-13.9987,-32.5791,-25.7463,0,0
0.000272157,0,0,0,1e+09,1e+09,1e+09,0,0,0,0,0,11637,3904,2.03959e-06,0,0.291928,-0.308382,0.544586,1.07204,0.16132,-1.44871,-9.27221e+07,248.341,-38.9795,87197.7,0,0,0,0,0,0,-20.5552,-14.0006,-32.6074,-25.7565,0,0
0.000272306,0,0,0,1e+09,1e+09,1e+09,0,0,0,0,0,11638,3904,2.03959e-06,0,0.291928,-0.29654,0.544586,1.07204,0.16132,-1.47452,-9.27823e+07,570.307,68.5564,87861.7,0,0,0,0,0,0,-20.5331,-14.0026,-32.6171,-25.7671,0,0
0.000272454,0,0,0,1e+09,1e+09,1e+09,0,0,0,0,0,11638,3904,2.03959e-06,0,0.291928,-0.284738,0.544586,1.07204,0.161319,-1.49941,-9.27983e+07,234.928,-96.4752,86801.6,0,0,0,0,0,0,-20.5101,-14.005,-32.6227,-25.7804,0,0
0.000272603,0,0,0,1e+09,1e+09,1e+09,0,0,0,0,0,11641,3904,2.03959e-06,0,0.291928,-0.272974,0.544586,1.07204,0.161319,-1.52363,-9.2772e+07,236.41,94.8302,87708.2,0,0,0,0,0,0,-20.4634,-14.0082,-32.6541,-25.7936,0,0
0.000272751,0,0,0,1e+09,1e+09,1e+09,0,0,0,0,0,11644,3904,2.03959e-06,0,0.291928,-0.261254,0.544587,1.07204,0.161319,-1.54704,-9.27054e+07,429.884,-103.858,88069,0,0,0,0,0,0,-20.4398,-14.0111,-32.6669,-25.8064,0,0
0.0002729,0,0,0,1e+09,1e+09,1e+09,0,0,0,0,0,11647,3904,2.03959e-06,0,0.291927,-0.249587,0.544587,1.07204,0.161319,-1.56996,-9.26008e+07,345.024,26.1361,87140.7,0,0,0,0,0,0,-20.4176,-14.0133,-32.6785,-25.816,0,0
0.000273048,0,0,0,1e+09,1e+09,1e+09,0,0,0,0,0,11649,3904,2.03959e-06,0,0.291927,-0.23798,0.544587,1.07204,0.161318,-1.59232,-9.24605e+07,500.744,-66.3738,87362.2,0,0,0,0,0,0,-20.3718,-14.0156,-32.7042,-25.8326,0,0
0.000273197,0,0,0,1e+09,1e+09,1e+09,0,0,0,0,0,11651,3904,2.03959e-06,0,0.291927,-0.226424,0.544587,1.07203,0.161318,-1.61259,-9.2287e+07,105.285,-101.936,87192.8,0,0,0,0,0,0,-20.3342,-14.0185,-32.7145,-25.8443,0,0
0.000273345,0,0,0,1e+09,1e+09,1e+09,0,0,0,0,0,11656,3904,2.03959e-06,0,0.291927,-0.214914,0.544587,1.07203,0.161318,-1.63327,-9.20828e+07,322.42,179.662,87906,0,0,0,0,0,0,-20.2867,-14.0213,-32.7315,-25.8536,0,0
0.000273493,0,0,0,1e+09,1e+09,1e+09,0,0,0,0,0,11659,3904,2.03959e-06,0,0.291927,-0.203455,0.544587,1.07203,0.161318,-1.65316,-9.18503e+07,598.56,103.839,87755.2,0,0,0,0,0,0,-20.2378,-14.024,-32.7514,-25.8663,0,0
0.000273642,0,0,0,1e+09,1e+09,1e+09,0,0,0,0,0,11661,3904,2.03959e-06,0,0.291927,-0.192052,0.544588,1.07203,0.161317,-1.67177,-9.1592e+07,63.902,-194.556,87990.5,0,0,0,0,0,0,-20.192,-14.0268,-32.7691,-25.8783,0,0
0.00027379,0,0,0,1e+09,1e+09,1e+09,0,0,0,0,0,11662,3904,2.03959e-06,0,0.291927,-0.180704,0.544588,1.07203,0.161317,-1.68979,-9.13102e+07,779.403,-70.39,88156.2,0,0,0,0,0,0,-20.1606,-14.0299,-32.7752,-25.888,0,0
0.000273939,0,0,0,1e+09,1e+09,1e+09,0,0,0,0,0,11665,3904,2.03959e-06,0,0.291927,-0.169417,0.544588,1.07203,0.161317,-1.70719,-9.1007e+07,-171.348,42.1116,87628.6,0,0,0,0,0,0,-20.1101,-14.033,-32.802,-25.9042,0,0
0.000274087,0,0,0,1e+09,1e+09,1e+09,0,0,0,0,0,11670,3904,2.03959e-06,0,0.291927,-0.158207,0.544588,1.07202,0.161317,-1.72302,-9.06843e+07,586.93,-171.243,88361.4,0,0,0,0,0,0,-20.0598,-14.0356,-32.8205,-25.9193,0,0
0.000274236,0,0,0,1e+09,1e+09,1e+09,0,0,0,0,0,11673,3904,2.03959e-06,0,0.291927,-0.147084,0.544588,1.07202,0.161316,-1.7388,-9.03439e+07,122.782,-446.377,88001.6,0,0,0,0,0,0,-20.0082,-14.0381,-32.8354,-25.9286,0,0
0.000274384,0,0,0,1e+09,1e+09,1e+09,0,0,0,0,0,11675,3904,2.03959e-06,0,0.291927,-0.136044,0.544588,1.07202,0.161316,-1.75286,-8.99871e+07,587.197,300.433,88234.8,0,0,0,0,0,0,-19.9492,-14.041,-32.8571,-25.9436,0,0
0.000274533,0,0,0,1e+09,1e+09,1e+09,0,0,0,0,0,11676,3904,2.03959e-06,0,0.291927,-0.12508,0.544589,1.07202,0.161316,-1.76674,-8.96151e+07,331.428,-414.416,87407.5,0,0,0,0,0,0,-19.9068,-14.0438,-32.8683,-25.9588,0,0
0.000274681,0,0,0,1e+09,1e+09,1e+09,0,0,0,0,0,11678,3904,2.03959e-06,0,0.291927,-0.114195,0.544589,1.07202,0.161316,-1.77927,-8.92287e+07,159.558,-314.198,89096.4,0,0,0,0,0,0,-19.8493,-14.0464,-32.8969,-25.9705,0,0
0.00027483,0,0,0,1e+09,1e+09,1e+09,0,0,0,0,0,11680,3904,2.03959e-06,0,0.291927,-0.103394,0.544589,1.07202,0.161315,-1.79205,-8.88285e+07,425.366,-1.78089,88354.4,0,0,0,0,0,0,-19.8046,-14.0488,-32.9137,-25.9851,0,0
0.000274978,0,0,0,1e+09,1e+09,1e+09,0,0,0,0,0,11681,3904,2.03959e-06,0,0.291927,-0.0926702,0.544589,1.07202,0.161315,-1.80306,-8.8415e+07,367.62,-391.572,87960,0,0,0,0,0,0,-19.7626,-14.0521,-32.927,-25.9987,0,0
0.000275127,0,0,0,1e+09,1e+09,1e+09,0,0,0,0,0,11681,3904,2.03959e-06,0,0.291927,-0.0820225,0.544589,1.07201,0.161315,-1.81362,-8.79882e+07,212.225,251.377,88541,0,0,0,0,0,0,-19.7188,-14.0546,-32.9453,-26.0092,0,0
0.000275275,0,0,0,1e+09,1e+09,1e+09,0,0,0,0,0,11682,3904,2.03959e-06,0,0.291927,-0.0714482,0.544589,1.07201,0.161315,-1.82328,-8.75483e+07,73.0202,-177.12,88011.4,0,0,0,0,0,0,-19.6704,-14.0574,-32.9648,-26.0265,0,0
0.000275424,0,0,0,1e+09,1e+09,1e+09,0,0,0,0,0,11684,3904,2.03959e-06,0,0.291927,-0.0609421,0.544589,1.07201,0.161314,-1.83242,-8.70952e+07,534.358,-33.6414,89692.1,0,0,0,0,0,0,-19.6175,-14.0606,-32.9957,-26.0369,0,0
0.000275572,0,0,0,1e+09,1e+09,1e+09,0,0,0,0,0,11687,3904,2.03959e-06,0,0.291927,-0.0504991,0.54459,1.07201,0.161314,-1.84054,-8.66286e+07,-217.458,-156.309,88436.9,0,0,0,0,0,0,-19.5996,-14.0634,-32.9989,-26.053,0,0
0.000275721,0,0,0,1e+09,1e+09,1e+09,0,0,0,0,0,11687,3904,2.03959e-06,0,0.291927,-0.0401192,0.54459,1.07201,0.161314,-1.84856,-8.61484e+07,666.61,-27.9978,89003.9,0,0,0,0,0,0,-19.5593,-14.066,-33.0274,-26.0634,0,0
0.000275869,0,0,0,1e+09,1e+09,1e+09,0,0,0,0,0,11688,3904,2.03959e-06,0,0.291927,-0.0298077,0.54459,1.07201,0.161314,-1.85504,-8.56544e+07,198.621,-268.815,87985.4,0,0,0,0,0,0,-19.5316,-14.0691,-33.0399,-26.0808,0,0
0.000276018,0,0,0,1e+09,1e+09,1e+09,0,0,0,0,0,11689,3904,2.03959e-06,0,0.291927,-0.0195662,0.54459,1.07201,0.161313,-1.86137,-8.51463e+07,470.482,-61.6512,88381.8,0,0,0,0,0,0,-19.5131,-14.0714,-33.0495,-26.0902,0,0
0.000276166,0,0,0,1e+09,1e+09,1e+09,0,0,0,0,0,11689,3904,2.03959e-06,0,0.291927,-0.00939166,0.54459,1.072,0.161313,-1.86642,-8.46241e+07,495.056,-59.4397,88439.8,0,0,0,0,0,0,-19.4839,-14.0746,-33.0824,-26.1053,0,0
0.000276315,0,0,0,1e+09,1e+09,1e+09,0,0,0,0,0,11693,3904,2.03959e-06,0,0.291927,0.00071651,0.54459,1.072,0.161313,-1.87084,-8.40876e+07,175.907,-289.772,88625.6,0,0,0,0,0,0,-19.4668,-14.0777,-33.1051,-26.1189,0,0
0.000276463,0,0,0,1e+09,1e+09,1e+09,0,0,0,0,0,11696,3904,2.03959e-06,0,0.291927,0.0107593,0.544591,1.072,0.161312,-1.87437,-8.35368e+07,313.044,-33.0177,89197.9,0,0,0,0,0,0,-19.4517,-14.0807,-33.1177,-26.1306,0,0
0.000276611,0,0,0,1e+09,1e+09,1e+09,0,0,0,0,0,11700,3904,2.03959e-06,0,0.291927,0.0207377,0.544591,1.072,0.161312,-1.8771,-8.29718e+07,365.372,-196.932,87817.3,0,0,0,0,0,0,-19.446,-14.084,-33.1284,-26.1455,0,0
0.00027676,0,0,0,1e+09,1e+09,1e+09,0,0,0,0,0,11701,3904,2.03959e-06,0,0.291927,0.0306514,0.544591,1.072,0.161312,-1.87915,-8.23925e+07,138.254,-250.707,89645.8,0,0,0,0,0,0,-19.4395,-14.0873,-33.1506,-26.158,0,0
0.000276908,0,0,0,1e+09,1e+09,1e+09,0,0,0,0,0,11704,3904,2.03959e-06,0,0.291927,0.0405008,0.544591,1.072,0.161312,-1.87991,-8.17992e+07,274.701,-49.5496,88890.9,0,0,0,0,0,0,-19.4402,-14.091,-33.1762,-26.1714,0,0
0.000277057,0,0,0,1e+09,1e+09,1e+09,0,0,0,0,0,11707,3904,2.03959e-06,0,0.291927,0.0502897,0.544591,1.072,0.161311,-1.87943,-8.11921e+07,87.9809,-184.732,89229.1,0,0,0,0,0,0,-19.4438,-14.0949,-33.1908,-26.1882,0,0
0.000277205,0,0,0,1e+09,1e+09,1e+09,0,0,0,0,0,11709,3904,2.03959e-06,0,0.291927,0.0600258,0.544591,1.07199,0.161311,-1.87836,-8.05715e+07,630.82,228.884,89089.4,0,0,0,0,0,0,-19.4293,-14.0993,-33.2194,-26.2004,0,0
0.000277354,0,0,0,1e+09,1e+09,1e+09,0,0,0,0,0,11709,3904,2.03959e-06,0,0.291927,0.0697083,0.544592,1.07199,0.161311,-1.87655,-7.99376e+07,-18.0617,-166.176,88380.7,0,0,0,0,0,0,-19.4306,-14.1033,-33.2358,-26.2161,0,0
0.000277502,0,0,0,1e+09,1e+09,1e+09,0,0,0,0,0,11711,3904,2.03959e-06,0,0.291927,0.0793251,0.544592,1.07199,0.16131,-1.87302,-7.92909e+07,509.673,35.0429,89259.9,0,0,0,0,0,0,-19.4412,-14.1071,-33.2505,-26.2312,0,0
0.000277651,0,0,0,1e+09,1e+09,1e+09,0,0,0,0,0,11714,3904,2.03959e-06,0,0.291927,0.088871,0.544592,1.07199,0.16131,-1.86841,-7.86316e+07,393.99,-169.578,88245.8,0,0,0,0,0,0,-19.46,-14.1114,-33.2656,-26.2418,0,0
0.000277799,0,0,0,1e+09,1e+09,1e+09,0,0,0,0,0,11718,3904,2.03959e-06,0,0.291927,0.0983533,0.544592,1.07199,0.16131,-1.86203,-7.79602e+07,-26.587,11.3755,90035.2,0,0,0,0,0,0,-19.4765,-14.1154,-33.2895,-26.2614,0,0
0.000277948,0,0,0,1e+09,1e+09,1e+09,0,0,0,0,0,11720,3904,2.03959e-06,0,0.291927,0.107775,0.544592,1.07199,0.16131,-1.85496,-7.72771e+07,350.366,-48.9342,89554.6,0,0,0,0,0,0,-19.5018,-14.1194,-33.2975,-26.2737,0,0
0.000278096,0,0,0,1e+09,1e+09,1e+09,0,0,0,0,0,11721,3904,2.03959e-06,0,0.291927,0.117129,0.544592,1.07199,0.161309,-1.84662,-7.65826e+07,194.767,262.109,89027.9,0,0,0,0,0,0,-19.5023,-14.1243,-33.3225,-26.2878,0,0
0.000278245,0,0,0,1e+09,1e+09,1e+09,0,0,0,0,0,11724,3904,2.03959e-06,0,0.291927,0.126404,0.544593,1.07198,0.161309,-1.83594,-7.58773e+07,248.227,-470.144,88831.4,0,0,0,0,0,0,-19.5026,-14.1303,-33.3477,-26.2989,0,0
0.000278393,0,0,0,1e+09,1e+09,1e+09,0,0,0,0,0,11730,3904,2.03959e-06,0,0.291927,0.135597,0.544593,1.07198,0.161309,-1.82462,-7.51615e+07,220.927,164.116,89342.3,0,0,0,0,0,0,-19.5167,-14.1352,-33.3697,-26.3143,0,0
0.000278542,0,0,0,1e+09,1e+09,1e+09,0,0,0,0,0,11738,3904,2.03959e-06,0,0.291927,0.144708,0.544593,1.07198,0.161309,-1.8108,-7.4436e+07,187.346,-60.3369,88922.2,0,0,0,0,0,0,-19.5508,-14.1406,-33.3818,-26.3322,0,0
0.00027869,0,0,0,1e+09,1e+09,1e+09,0,0,0,0,0,11745,3904,2.03959e-06,0,0.291927,0.153737,0.544593,1.07198,0.161308,-1.79597,-7.37011e+07,180.999,46.6148,89251,0,0,0,0,0,0,-19.5723,-14.1457,-33.4023,-26.3469,0,0
0.000278839,0,0,0,1e+09,1e+09,1e+09,0,0,0,0,0,11746,3904,2.03959e-06,0,0.291927,0.162687,0.544593,1.07198,0.161308,-1.77909,-7.29575e+07,81.4316,-108.35,89376.7,0,0,0,0,0,0,-19.5887,-14.1508,-33.4186,-26.3615,0,0
0.000278987,0,0,0,1e+09,1e+09,1e+09,0,0,0,0,0,11751,3904,2.03959e-06,0,0.291927,0.171562,0.544593,1.07198,0.161308,-1.76073,-7.22061e+07,517.913,198.594,89524.5,0,0,0,0,0,0,-19.5941,-14.1563,-33.4476,-26.3761,0,0
0.000279136,0,0,0,1e+09,1e+09,1e+09,0,0,0,0,0,11759,3904,2.03959e-06,0,0.291927,0.180358,0.544593,1.07198,0.161307,-1.74097,-7.14475e+07,-27.966,8.51524,90640.7,0,0,0,0,0,0,-19.6233,-14.1614,-33.4579,-26.3934,0,0
0.000279284,0,0,0,1e+09,1e+09,1e+09,0,0,0,0,0,11765,3904,2.03959e-06,0,0.291927,0.189075,0.544594,1.07197,0.161307,-1.71916,-7.06829e+07,691.867,2.93248,88887,0,0,0,0,0,0,-19.6333,-14.1675,-33.4805,-26.4066,0,0
0.000279433,0,0,0,1e+09,1e+09,1e+09,0,0,0,0,0,11769,3904,2.03959e-06,0,0.291927,0.197721,0.544594,1.07197,0.161307,-1.69614,-6.99132e+07,-276.973,4.57937,89444.5,0,0,0,0,0,0,-19.6462,-14.1728,-33.5004,-26.4218,0,0
0.000279581,0,0,0,1e+09,1e+09,1e+09,0,0,0,0,0,11769,3904,2.03959e-06,0,0.291927,0.206301,0.544594,1.07197,0.161307,-1.67057,-6.91398e+07,229.57,-223.458,89512.1,0,0,0,0,0,0,-19.6673,-14.1787,-33.5188,-26.4388,0,0
0.000279729,0,0,0,1e+09,1e+09,1e+09,0,0,0,0,0,11774,3904,2.03959e-06,0,0.291927,0.21481,0.544594,1.07197,0.161306,-1.64361,-6.83642e+07,402.709,-78.6683,89829.8,0,0,0,0,0,0,-19.6886,-14.1848,-33.5378,-26.4513,0,0
0.000279878,0,0,0,1e+09,1e+09,1e+09,0,0,0,0,0,11782,3904,2.03959e-06,0,0.291927,0.223249,0.544594,1.07197,0.161306,-1.61464,-6.75881e+07,141.642,-232.513,89368.2,0,0,0,0,0,0,-19.7025,-14.1903,-33.5561,-26.4686,0,0
0.000280026,0,0,0,1e+09,1e+09,1e+09,0,0,0,0,0,11786,3904,2.03959e-06,0,0.291928,0.231628,0.544594,1.07197,0.161306,-1.58442,-6.68134e+07,-151.221,164.825,89690.8,0,0,0,0,0,0,-19.6989,-14.1961,-33.5792,-26.4833,0,0
0.000280175,0,0,0,1e+09,1e+09,1e+09,0,0,0,0,0,11788,3904,2.03959e-06,0,0.291928,0.239953,0.544595,1.07197,0.161306,-1.55198,-6.60423e+07,325.036,-38.9112,89269.7,0,0,0,0,0,0,-19.7165,-14.2012,-33.5876,-26.4956,0,0
0.000280323,0,0,0,1e+09,1e+09,1e+09,0,0,0,0,0,11793,3904,2.03959e-06,0,0.291928,0.248213,0.544595,1.07196,0.161306,-1.51857,-6.52773e+07,308.771,27.4883,88853.3,0,0,0,0,0,0,-19.7336,-14.2068,-33.6069,-26.5172,0,0
0.000280472,0,0,0,1e+09,1e+09,1e+09,0,0,0,0,0,11797,3904,2.03959e-06,0,0.291928,0.256395,0.544595,1.07196,0.161305,-1.48399,-6.45209e+07,114.948,-25.5381,89302.4,0,0,0,0,0,0,-19.7463,-14.2118,-33.6248,-26.5279,0,0
0.00028062,0,0,0,1e+09,1e+09,1e+09,0,0,0,0,0,11805,3904,2.03959e-06,0,0.291928,0.264495,0.544595,1.07196,0.161305,-1.44685,-6.37761e+07,35.0366,-37.0585,90272.6,0,0,0,0,0,0,-19.7496,-14.2167,-33.6421,-26.5422,0,0
0.000280769,0,0,0,1e+09,1e+09,1e+09,0,0,0,0,0,11808,3904,2.03959e-06,0,0.291928,0.272513,0.544595,1.07196,0.161305,-1.40818,-6.30459e+07,169.96,-176.523,89725.1,0,0,0,0,0,0,-19.7455,-14.2211,-33.6706,-26.5602,0,0
0.000280917,0,0,0,1e+09,1e+09,1e+09,0,0,0,0,0,11813,3904,2.03959e-06,0,0.291928,0.280452,0.544595,1.07196,0.161305,-1.3674,-6.23334e+07,-188.039,-63.6677,90255.6,0,0,0,0,0,0,-19.754,-14.2253,-33.6823,-26.5743,0,0
0.000281066,0,0,0,1e+09,1e+09,1e+09,0,0,0,0,0,11816,3904,2.03959e-06,0,0.291928,0.288309,0.544596,1.07196,0.161304,-1.32579,-6.1642e+07,195.344,69.9011,89652.1,0,0,0,0,0,0,-19.7627,-14.2295,-33.6949,-26.5873,0,0
0.000281214,0,0,0,1e+09,1e+09,1e+09,0,0,0,0,0,11818,3904,2.03959e-06,0,0.291928,0.296081,0.544596,1.07195,0.161304,-1.28064,-6.0975e+07,2.15479,-442.501,89915.8,0,0,0,0,0,0,-19.7477,-14.2344,-33.7229,-26.6038,0,0
0.000281363,0,0,0,1e+09,1e+09,1e+09,0,0,0,0,0,11821,3904,2.03959e-06,0,0.291928,0.303774,0.544596,1.07195,0.161304,-1.2357,-6.03356e+07,-218.294,121.991,89928.9,0,0,0,0,0,0,-19.7459,-14.2386,-33.741,-26.615,0,0
0.000281511,0,0,0,1e+09,1e+09,1e+09,0,0,0,0,0,11822,3904,2.03959e-06,0,0.291928,0.31139,0.544596,1.07195,0.161304,-1.18811,-5.9727e+07,-51.674,0.545707,89055.9,0,0,0,0,0,0,-19.7484,-14.2421,-33.758,-26.6348,0,0
0.00028166,0,0,0,1e+09,1e+09,1e+09,0,0,0,0,0,11826,3904,2.03959e-06,0,0.291928,0.318929,0.544596,1.07195,0.161304,-1.13853,-5.91525e+07,67.889,-203.393,89816.7,0,0,0,0,0,0,-19.7401,-14.2459,-33.7723,-26.6466,0,0
0.000281808,0,0,0,1e+09,1e+09,1e+09,0,0,0,0,0,11827,3904,2.03959e-06,0,0.291928,0.326387,0.544596,1.07195,0.161304,-1.0881,-5.86148e+07,-303.181,103.926,90806.4,0,0,0,0,0,0,-19.7263,-14.2505,-33.7913,-26.6624,0,0
0.000281957,0,0,0,1e+09,1e+09,1e+09,0,0,0,0,0,11833,3904,2.03959e-06,0,0.291928,0.333773,0.544596,1.07195,0.161303,-1.03542,-5.81168e+07,7.99171,-329.958,89307.4,0,0,0,0,0,0,-19.7258,-14.2544,-33.7936,-26.6806,0,0
0.000282105,0,0,0,1e+09,1e+09,1e+09,0,0,0,0,0,11834,3904,2.03959e-06,0,0.291928,0.341097,0.544597,1.07195,0.161303,-0.98095,-5.76608e+07,-12.8969,-272.839,89678.8,0,0,0,0,0,0,-19.6872,-14.2585,-33.8307,-26.6923,0,0
0.000282254,0,0,0,1e+09,1e+09,1e+09,0,0,0,0,0,11840,3904,2.03959e-06,0,0.291928,0.348359,0.544597,1.07194,0.161303,-0.925719,-5.7249e+07,-220.363,-128.507,89656.3,0,0,0,0,0,0,-19.6716,-14.2617,-33.852,-26.7111,0,0
0.000282402,0,0,0,1e+09,1e+09,1e+09,0,0,0,0,0,11846,3904,2.03959e-06,0,0.291928,0.355553,0.544597,1.07194,0.161303,-0.868411,-5.68834e+07,-53.9871,-305.527,89052.9,0,0,0,0,0,0,-19.6691,-14.2659,-33.8648,-26.726,0,0
0.000282551,0,0,0,1e+09,1e+09,1e+09,0,0,0,0,0,11851,3904,2.03959e-06,0,0.291928,0.362678,0.544597,1.07194,0.161303,-0.809312,-5.65655e+07,-224.717,-241.976,89499.4,0,0,0,0,0,0,-19.6538,-14.2703,-33.8781,-26.7432,0,0
0.000282699,0,0,0,1e+09,1e+09,1e+09,0,0,0,0,0,11854,3904,2.03959e-06,0,0.291928,0.369738,0.544597,1.07194,0.161303,-0.748716,-5.62964e+07,-93.5391,-148.787,89728.7,0,0,0,0,0,0,-19.6277,-14.2737,-33.8927,-26.7596,0,0
0.000282848,0,0,0,1e+09,1e+09,1e+09,0,0,0,0,0,11858,3904,2.03959e-06,0,0.291928,0.376733,0.544597,1.07194,0.161303,-0.687412,-5.60772e+07,-39.1541,-261.43,89321.7,0,0,0,0,0,0,-19.569,-14.2787,-33.9206,-26.7742,0,0
0.000282996,0,0,0,1e+09,1e+09,1e+09,0,0,0,0,0,11865,3904,2.03959e-06,0,0.291928,0.383664,0.544598,1.07194,0.161303,-0.62363,-5.59085e+07,-219.702,-368.118,89594,0,0,0,0,0,0,-19.5323,-14.2825,-33.9477,-26.7942,0,0
0.000283144,0,0,0,1e+09,1e+09,1e+09,0,0,0,0,0,11866,3904,2.03959e-06,0,0.291928,0.390538,0.544598,1.07194,0.161302,-0.559511,-5.57906e+07,-203.308,-185.007,90099.7,0,0,0,0,0,0,-19.5266,-14.2867,-33.9602,-26.8062,0,0
0.000283293,0,0,0,1e+09,1e+09,1e+09,0,0,0,0,0,11870,3904,2.03959e-06,0,0.291929,0.397363,0.544598,1.07193,0.161302,-0.493235,-5.57234e+07,80.9921,-177.937,89362.9,0,0,0,0,0,0,-19.5175,-14.2908,-33.9697,-26.8223,0,0
0.000283441,0,0,0,1e+09,1e+09,1e+09,0,0,0,0,0,11879,3904,2.03959e-06,0,0.291929,0.404138,0.544598,1.07193,0.161302,-0.426704,-5.57069e+07,-315.316,-484.783,88725.2,0,0,0,0,0,0,-19.4832,-14.2937,-33.983,-26.8366,0,0
0.00028359,0,0,0,1e+09,1e+09,1e+09,0,0,0,0,0,11883,3904,2.03959e-06,0,0.291929,0.410861,0.544598,1.07193,0.161302,-0.358759,-5.57403e+07,-224.843,-33.5467,89732.6,0,0,0,0,0,0,-19.4077,-14.3,-34.0197,-26.8546,0,0
0.000283738,0,0,0,1e+09,1e+09,1e+09,0,0,0,0,0,11886,3904,2.03959e-06,0,0.291929,0.417531,0.544598,1.07193,0.161302,-0.289755,-5.58228e+07,-345.324,-439.838,89241.7,0,0,0,0,0,0,-19.3696,-14.3049,-34.0356,-26.8792,0,0
0.000283887,0,0,0,1e+09,1e+09,1e+09,0,0,0,0,0,11890,3904,2.03959e-06,0,0.291929,0.424146,0.544599,1.07193,0.161302,-0.219217,-5.59534e+07,-256.942,-226.901,89196,0,0,0,0,0,0,-19.3474,-14.3097,-34.0501,-26.8925,0,0
0.000284035,0,0,0,1e+09,1e+09,1e+09,0,0,0,0,0,11892,3904,2.03959e-06,0,0.291929,0.430705,0.544599,1.07193,0.161302,-0.147967,-5.61305e+07,-26.6262,-331.876,88811.6,0,0,0,0,0,0,-19.3193,-14.3143,-34.0642,-26.9123,0,0
0.000284184,0,0,0,1e+09,1e+09,1e+09,0,0,0,0,0,11894,3904,2.03959e-06,0,0.291929,0.437218,0.544599,1.07193,0.161302,-0.0757064,-5.63524e+07,-426.883,-588.622,88566.4,0,0,0,0,0,0,-19.2779,-14.318,-34.0855,-26.9275,0,0
0.000284332,0,0,0,1e+09,1e+09,1e+09,0,0,0,0,0,11896,3904,2.03959e-06,0,0.291929,0.443697,0.544599,1.07192,0.161302,-0.00239071,-5.66173e+07,-95.4614,-4.11402,89086.2,0,0,0,0,0,0,-19.2373,-14.3226,-34.1022,-26.9465,0,0
0.000284481,0,0,0,1e+09,1e+09,1e+09,0,0,0,0,0,11899,3904,2.03959e-06,0,0.291929,0.450141,0.544599,1.07192,0.161302,0.0712941,-5.69229e+07,-363.868,-713.391,89219.3,0,0,0,0,0,0,-19.1981,-14.327,-34.1162,-26.9577,0,0
0.000284629,0,0,0,1e+09,1e+09,1e+09,0,0,0,0,0,11903,3904,2.03959e-06,0,0.291929,0.45654,0.544599,1.07192,0.161302,0.145367,-5.72669e+07,-118.259,-397.998,88715.4,0,0,0,0,0,0,-19.1719,-14.3313,-34.1209,-26.9761,0,0
0.000284778,0,0,0,1e+09,1e+09,1e+09,0,0,0,0,0,11906,3904,2.03959e-06,0,0.291929,0.462897,0.5446,1.07192,0.161302,0.220653,-5.76465e+07,-327.235,-455.228,88259,0,0,0,0,0,0,-19.1197,-14.3352,-34.1443,-26.9949,0,0
0.000284926,0,0,0,1e+09,1e+09,1e+09,0,0,0,0,0,11911,3904,2.03959e-06,0,0.291929,0.469219,0.5446,1.07192,0.161302,0.296059,-5.80593e+07,-240.517,-702.049,88498.6,0,0,0,0,0,0,-19.089,-14.3387,-34.1502,-27.0064,0,0
0.000285075,0,0,0,1e+09,1e+09,1e+09,0,0,0,0,0,11915,4045,2.15024e-06,0,0.291929,0.475512,0.5446,1.07192,0.161302,0.37163,-5.85025e+07,143.725,-318.495,88834.1,0,0,0,0,0,0,-19.0371,-14.3417,-34.1765,-27.0255,0,0
0.000285223,0,0,0,1e+09,1e+09,1e+09,0,0,0,0,0,11921,4045,2.15024e-06,0,0.291929,0.481783,0.5446,1.07192,0.161302,0.446913,-5.89734e+07,-166.38,-358.934,88264.2,0,0,0,0,0,0,-19.0157,-14.3456,-34.1755,-27.0384,0,0
0.000285372,0,0,0,1e+09,1e+09,1e+09,0,0,0,0,0,11928,4045,2.15024e-06,0,0.291929,0.488045,0.5446,1.07191,0.161302,0.523339,-5.94694e+07,-82.8175,-607.697,89283.5,0,0,0,0,0,0,-18.9815,-14.3494,-34.1905,-27.0523,0,0
0.00028552,0,0,0,1e+09,1e+09,1e+09,0,0,0,0,0,11935,4045,2.15024e-06,0,0.29193,0.494309,0.5446,1.07191,0.161302,0.599168,-5.9988e+07,-219.583,-635.038,88587.3,0,0,0,0,0,0,-18.9434,-14.3533,-34.2011,-27.0692,0,0
0.000285669,0,0,0,1e+09,1e+09,1e+09,0,0,0,0,0,11939,4045,2.15024e-06,0,0.29193,0.500571,0.5446,1.07191,0.161303,0.675413,-6.05272e+07,55.7931,-162.214,89168.7,0,0,0,0,0,0,-18.8818,-14.3571,-34.2315,-27.0774,0,0
0.000285817,0,0,0,1e+09,1e+09,1e+09,0,0,0,0,0,11945,4045,2.15024e-06,0,0.29193,0.506829,0.544601,1.07191,0.161303,0.751579,-6.1085e+07,-152.518,-644.711,88146.9,0,0,0,0,0,0,-18.8613,-14.3609,-34.2252,-27.0947,0,0
0.000285966,0,0,0,1e+09,1e+09,1e+09,0,0,0,0,0,11948,4045,2.15024e-06,0,0.29193,0.513092,0.544601,1.07191,0.161303,0.827112,-6.16599e+07,218.185,-218.4,88219.6,0,0,0,0,0,0,-18.831,-14.3646,-34.2375,-27.1007,0,0
0.000286114,0,0,0,1e+09,1e+09,1e+09,0,0,0,0,0,11950,4045,2.15024e-06,0,0.29193,0.519363,0.544601,1.07191,0.161303,0.90321,-6.22506e+07,-248.251,-249.887,88646.8,0,0,0,0,0,0,-18.7996,-14.3679,-34.2561,-27.1199,0,0
0.000286262,0,0,0,1e+09,1e+09,1e+09,0,0,0,0,0,11954,4045,2.15024e-06,0,0.29193,0.525639,0.544601,1.07191,0.161303,0.978301,-6.28564e+07,-176.271,-692.381,88533.4,0,0,0,0,0,0,-18.7851,-14.3718,-34.2501,-27.127,0,0
0.000286411,0,0,0,1e+09,1e+09,1e+09,0,0,0,0,0,11954,4045,2.15024e-06,0,0.29193,0.531929,0.544601,1.0719,0.161303,1.05309,-6.34769e+07,151.269,-277.253,88083.2,0,0,0,0,0,0,-18.7478,-14.3748,-34.2662,-27.1419,0,0
0.000286559,0,0,0,1e+09,1e+09,1e+09,0,0,0,0,0,11957,4045,2.15024e-06,0,0.29193,0.538254,0.544601,1.0719,0.161303,1.12704,-6.41119e+07,-57.9221,-685.056,88166.9,0,0,0,0,0,0,-18.7285,-14.3782,-34.2652,-27.1536,0,0
0.000286708,0,0,0,1e+09,1e+09,1e+09,0,0,0,0,0,11959,4045,2.15024e-06,0,0.29193,0.544623,0.544602,1.0719,0.161304,1.19996,-6.47616e+07,103.021,-560.32,87641.4,0,0,0,0,0,0,-18.7026,-14.3814,-34.2768,-27.1639,0,0
0.000286856,0,0,0,1e+09,1e+09,1e+09,0,0,0,0,0,11964,4045,2.15024e-06,0,0.29193,0.551033,0.544602,1.0719,0.161304,1.2718,-6.54264e+07,-159.542,-584.461,87604.9,0,0,0,0,0,0,-18.6999,-14.3846,-34.2688,-27.1727,0,0
0.000287005,0,0,0,1e+09,1e+09,1e+09,0,0,0,0,0,11967,4045,2.15024e-06,0,0.29193,0.557488,0.544602,1.0719,0.161304,1.34283,-6.61071e+07,-44.7319,-493.115,87546.7,0,0,0,0,0,0,-18.661,-14.3875,-34.2976,-27.1833,0,0
0.000287153,0,0,0,1e+09,1e+09,1e+09,0,0,0,0,0,11968,4045,2.15024e-06,0,0.29193,0.564001,0.544602,1.0719,0.161304,1.41235,-6.68042e+07,234.042,-623.663,87053.6,0,0,0,0,0,0,-18.6617,-14.3905,-34.292,-27.1936,0,0
0.000287302,0,0,0,1e+09,1e+09,1e+09,0,0,0,0,0,11971,4045,2.15024e-06,0,0.29193,0.57058,0.544602,1.0719,0.161304,1.48037,-6.75186e+07,-40.6082,-527.562,87855.9,0,0,0,0,0,0,-18.6405,-14.3937,-34.3028,-27.2042,0,0
0.00028745,0,0,0,1e+09,1e+09,1e+09,0,0,0,0,0,11977,4045,2.15024e-06,0,0.291931,0.577223,0.544602,1.07189,0.161305,1.54702,-6.82509e+07,194.074,-495.228,86670.9,0,0,0,0,0,0,-18.6384,-14.3969,-34.2999,-27.2107,0,0
0.000287599,0,0,0,1e+09,1e+09,1e+09,0,0,0,0,0,11983,4045,2.15024e-06,0,0.291931,0.583927,0.544603,1.07189,0.161305,1.61227,-6.90016e+07,-157.862,-601.341,87167.2,0,0,0,0,0,0,-18.6291,-14.3999,-34.305,-27.2206,0,0
0.000287747,0,0,0,1e+09,1e+09,1e+09,0,0,0,0,0,11988,4045,2.15024e-06,0,0.291931,0.590691,0.544603,1.07189,0.161305,1.67584,-6.9771e+07,29.8488,-479.264,86598.9,0,0,0,0,0,0,-18.6185,-14.4031,-34.3154,-27.2302,0,0
0.000287896,0,0,0,1e+09,1e+09,1e+09,0,0,0,0,0,11988,4045,2.15024e-06,0,0.291931,0.597511,0.544603,1.07189,0.161305,1.738,-7.05591e+07,-14.5597,-677.294,86498,0,0,0,0,0,0,-18.6201,-14.4058,-34.3141,-27.2375,0,0
0.000288044,0,0,0,1e+09,1e+09,1e+09,0,0,0,0,0,11993,4045,2.15024e-06,0,0.291931,0.60439,0.544603,1.07189,0.161306,1.79857,-7.13658e+07,212.393,-604.09,86584.5,0,0,0,0,0,0,-18.6089,-14.4091,-34.3226,-27.2447,0,0
0.000288193,0,0,0,1e+09,1e+09,1e+09,0,0,0,0,0,12001,4045,2.15024e-06,0,0.291931,0.611343,0.544603,1.07189,0.161306,1.85738,-7.21903e+07,-129.656,-466.161,86497.6,0,0,0,0,0,0,-18.5941,-14.4115,-34.3289,-27.2582,0,0
0.000288341,0,0,0,1e+09,1e+09,1e+09,0,0,0,0,0,12004,4045,2.15024e-06,0,0.291931,0.618387,0.544603,1.07188,0.161306,1.91386,-7.30318e+07,34.0728,-673.62,86592.3,0,0,0,0,0,0,-18.5939,-14.4142,-34.329,-27.2612,0,0
0.00028849,0,0,0,1e+09,1e+09,1e+09,0,0,0,0,0,12006,4045,2.15024e-06,0,0.291931,0.625528,0.544603,1.07188,0.161306,1.96872,-7.38888e+07,-23.6954,-195.249,86692.9,0,0,0,0,0,0,-18.6105,-14.4171,-34.3211,-27.2701,0,0
0.000288638,0,0,0,1e+09,1e+09,1e+09,0,0,0,0,0,12011,4045,2.15024e-06,0,0.291931,0.632768,0.544604,1.07188,0.161307,2.02123,-7.47596e+07,103.498,-668.269,86276.2,0,0,0,0,0,0,-18.6072,-14.4194,-34.3321,-27.2754,0,0
0.000288787,0,0,0,1e+09,1e+09,1e+09,0,0,0,0,0,12015,4045,2.15024e-06,0,0.291931,0.640109,0.544604,1.07188,0.161307,2.07172,-7.56421e+07,-150.153,-243.541,85867.4,0,0,0,0,0,0,-18.6112,-14.4223,-34.3333,-27.2846,0,0
0.000288935,0,0,0,1e+09,1e+09,1e+09,0,0,0,0,0,12016,4045,2.15024e-06,0,0.291931,0.647557,0.544604,1.07188,0.161307,2.11976,-7.65337e+07,50.304,-630.584,86647.5,0,0,0,0,0,0,-18.608,-14.4245,-34.3324,-27.2896,0,0
0.000289084,0,0,0,1e+09,1e+09,1e+09,0,0,0,0,0,12018,4045,2.15024e-06,0,0.291932,0.655112,0.544604,1.07188,0.161308,2.16595,-7.74317e+07,-86.9004,-645.333,85690.6,0,0,0,0,0,0,-18.6036,-14.4262,-34.3317,-27.2986,0,0
0.000289232,0,0,0,1e+09,1e+09,1e+09,0,0,0,0,0,12022,4045,2.15024e-06,0,0.291932,0.662777,0.544604,1.07188,0.161308,2.20961,-7.83328e+07,51.4372,-589.319,86199.5,0,0,0,0,0,0,-18.6053,-14.4282,-34.3294,-27.3062,0,0
0.00028938,0,0,0,1e+09,1e+09,1e+09,0,0,0,0,0,12026,4045,2.15024e-06,0,0.291932,0.670567,0.544604,1.07187,0.161308,2.25089,-7.92334e+07,-25.5767,-226.33,86323.9,0,0,0,0,0,0,-18.6218,-14.4304,-34.3273,-27.3114,0,0
0.000289529,0,0,0,1e+09,1e+09,1e+09,0,0,0,0,0,12026,4045,2.15024e-06,0,0.291932,0.678489,0.544605,1.07187,0.161309,2.2892,-8.01299e+07,371.871,-439.449,86097.3,0,0,0,0,0,0,-18.6306,-14.432,-34.3309,-27.3172,0,0
0.000289677,0,0,0,1e+09,1e+09,1e+09,0,0,0,0,0,12028,4045,2.15024e-06,0,0.291932,0.68654,0.544605,1.07187,0.161309,2.32461,-8.1018e+07,-247.743,-501.159,84976.2,0,0,0,0,0,0,-18.6392,-14.434,-34.3275,-27.3212,0,0
0.000289826,0,0,0,1e+09,1e+09,1e+09,0,0,0,0,0,12029,4045,2.15024e-06,0,0.291932,0.694708,0.544605,1.07187,0.161309,2.35775,-8.18935e+07,236.128,-169.857,85368.4,0,0,0,0,0,0,-18.6298,-14.4353,-34.3352,-27.3309,0,0
0.000289974,0,0,0,1e+09,1e+09,1e+09,0,0,0,0,0,12031,4045,2.15024e-06,0,0.291932,0.702995,0.544605,1.07187,0.16131,2.38877,-8.27519e+07,-161.182,-468.036,85778.3,0,0,0,0,0,0,-18.6402,-14.4364,-34.3336,-27.3335,0,0
0.000290123,0,0,0,1e+09,1e+09,1e+09,0,0,0,0,0,12031,4045,2.15024e-06,0,0.291932,0.711419,0.544605,1.07187,0.16131,2.41589,-8.35884e+07,406.921,-258.477,85133.4,0,0,0,0,0,0,-18.6669,-14.4378,-34.3241,-27.3397,0,0
0.000290271,0,0,0,1e+09,1e+09,1e+09,0,0,0,0,0,12033,4045,2.15024e-06,0,0.291932,0.719989,0.544605,1.07187,0.16131,2.44061,-8.43983e+07,-163.55,-356.321,84308.4,0,0,0,0,0,0,-18.6876,-14.4391,-34.3199,-27.3477,0,0
0.00029042,0,0,0,1e+09,1e+09,1e+09,0,0,0,0,0,12034,4045,2.15024e-06,0,0.291933,0.728705,0.544606,1.07186,0.161311,2.46265,-8.51769e+07,25.5427,-314.723,84742.8,0,0,0,0,0,0,-18.7006,-14.4403,-34.3196,-27.3512,0,0
0.000290568,0,0,0,1e+09,1e+09,1e+09,0,0,0,0,0,12035,4045,2.15024e-06,0,0.291933,0.737564,0.544606,1.07186,0.161311,2.48079,-8.59192e+07,-58.0464,4.27387,84190.1,0,0,0,0,0,0,-18.716,-14.4418,-34.3206,-27.3562,0,0
0.000290717,0,0,0,1e+09,1e+09,1e+09,0,0,0,0,0,12037,4045,2.15024e-06,0,0.291933,0.746562,0.544606,1.07186,0.161311,2.49658,-8.66205e+07,168.86,-774.633,84406.7,0,0,0,0,0,0,-18.7456,-14.4427,-34.313,-27.3627,0,0
0.000290865,0,0,0,1e+09,1e+09,1e+09,0,0,0,0,0,12039,4045,2.15024e-06,0,0.291933,0.755702,0.544606,1.07186,0.161312,2.50905,-8.72764e+07,126.143,-150.688,84252.1,0,0,0,0,0,0,-18.7561,-14.4436,-34.3274,-27.37,0,0
0.000291014,0,0,0,1e+09,1e+09,1e+09,0,0,0,0,0,12039,4045,2.15024e-06,0,0.291933,0.764983,0.544606,1.07186,0.161312,2.51883,-8.78826e+07,-183.106,-448.283,84446.5,0,0,0,0,0,0,-18.7956,-14.4447,-34.3068,-27.3736,0,0
0.000291162,0,0,0,1e+09,1e+09,1e+09,0,0,0,0,0,12040,4045,2.15024e-06,0,0.291933,0.774406,0.544606,1.07186,0.161313,2.52559,-8.84351e+07,257.871,-338.542,84329.4,0,0,0,0,0,0,-18.7984,-14.4456,-34.3138,-27.3797,0,0
0.000291311,0,0,0,1e+09,1e+09,1e+09,0,0,0,0,0,12041,4045,2.15024e-06,0,0.291933,0.783973,0.544607,1.07186,0.161313,2.52944,-8.89305e+07,-126.177,-185.218,84283.4,0,0,0,0,0,0,-18.8157,-14.4465,-34.3142,-27.3841,0,0
0.000291459,0,0,0,1e+09,1e+09,1e+09,0,0,0,0,0,12041,4045,2.15024e-06,0,0.291933,0.793684,0.544607,1.07185,0.161313,2.53017,-8.93655e+07,-142.979,-482.723,83791,0,0,0,0,0,0,-18.8445,-14.4472,-34.3086,-27.3931,0,0
0.000291608,0,0,0,1e+09,1e+09,1e+09,0,0,0,0,0,12043,4045,2.15024e-06,0,0.291933,0.803532,0.544607,1.07185,0.161314,2.52852,-8.97376e+07,505.353,-348.341,84188.4,0,0,0,0,0,0,-18.8657,-14.448,-34.3163,-27.397,0,0
0.000291756,0,0,0,1e+09,1e+09,1e+09,0,0,0,0,0,12045,4045,2.15024e-06,0,0.291934,0.813515,0.544607,1.07185,0.161314,2.52359,-9.00448e+07,-229.62,-292.442,83688.8,0,0,0,0,0,0,-18.8966,-14.4487,-34.3061,-27.399,0,0
0.000291905,0,0,0,1e+09,1e+09,1e+09,0,0,0,0,0,12046,4045,2.15024e-06,0,0.291934,0.823632,0.544607,1.07185,0.161314,2.51547,-9.02856e+07,95.902,-340.042,83766.1,0,0,0,0,0,0,-18.8953,-14.4496,-34.3153,-27.4061,0,0
0.000292053,0,0,0,1e+09,1e+09,1e+09,0,0,0,0,0,12048,4045,2.15024e-06,0,0.291934,0.83388,0.544607,1.07185,0.161315,2.50493,-9.04589e+07,157.192,-349.56,83495.2,0,0,0,0,0,0,-18.911,-14.45,-34.3075,-27.4112,0,0
0.000292202,0,0,0,1e+09,1e+09,1e+09,0,0,0,0,0,12049,4045,2.15024e-06,0,0.291934,0.844253,0.544607,1.07185,0.161315,2.49131,-9.05642e+07,43.6078,-254.973,83674.3,0,0,0,0,0,0,-18.9201,-14.4508,-34.3086,-27.4154,0,0
0.00029235,0,0,0,1e+09,1e+09,1e+09,0,0,0,0,0,12049,4045,2.15024e-06,0,0.291934,0.854751,0.544608,1.07185,0.161316,2.47453,-9.06015e+07,-5.17948,27.5294,83517.4,0,0,0,0,0,0,-18.9451,-14.4516,-34.2991,-27.4237,0,0
0.000292498,0,0,0,1e+09,1e+09,1e+09,0,0,0,0,0,12051,4045,2.15024e-06,0,0.291934,0.865376,0.544608,1.07184,0.161316,2.4561,-9.05711e+07,-164.834,-622.728,82730,0,0,0,0,0,0,-18.9624,-14.4523,-34.2913,-27.4247,0,0
0.000292647,0,0,0,1e+09,1e+09,1e+09,0,0,0,0,0,12051,4045,2.15024e-06,0,0.291934,0.87612,0.544608,1.07184,0.161316,2.43377,-9.04739e+07,151.761,149.76,83206.3,0,0,0,0,0,0,-18.9494,-14.4529,-34.311,-27.4326,0,0
0.000292795,0,0,0,1e+09,1e+09,1e+09,0,0,0,0,0,12053,4045,2.15024e-06,0,0.291934,0.886973,0.544608,1.07184,0.161317,2.40943,-9.03106e+07,129.625,-777.614,82606.4,0,0,0,0,0,0,-18.9747,-14.4532,-34.294,-27.4386,0,0
0.000292944,0,0,0,1e+09,1e+09,1e+09,0,0,0,0,0,12053,4045,2.15024e-06,0,0.291935,0.897939,0.544608,1.07184,0.161317,2.38255,-9.00826e+07,-131.405,66.9478,82476.8,0,0,0,0,0,0,-18.9817,-14.4543,-34.2931,-27.4437,0,0
0.000293092,0,0,0,1e+09,1e+09,1e+09,0,0,0,0,0,12055,4045,2.15024e-06,0,0.291935,0.909021,0.544608,1.07184,0.161317,2.35267,-8.97912e+07,113.509,-318.557,82901,0,0,0,0,0,0,-18.9632,-14.4544,-34.3072,-27.4481,0,0
0.000293241,0,0,0,1e+09,1e+09,1e+09,0,0,0,0,0,12055,4045,2.15024e-06,0,0.291935,0.920213,0.544609,1.07184,0.161318,2.32049,-8.94377e+07,2.99723,-431.878,83155.5,0,0,0,0,0,0,-18.9575,-14.4551,-34.2998,-27.4539,0,0
0.000293389,0,0,0,1e+09,1e+09,1e+09,0,0,0,0,0,12056,4045,2.15024e-06,0,0.291935,0.931504,0.544609,1.07184,0.161318,2.28524,-8.90235e+07,-170.101,112.488,82966.4,0,0,0,0,0,0,-18.96,-14.4561,-34.2877,-27.4591,0,0
0.000293538,0,0,0,1e+09,1e+09,1e+09,0,0,0,0,0,12058,4045,2.15024e-06,0,0.291935,0.942895,0.544609,1.07183,0.161318,2.2489,-8.85502e+07,-17.3302,-400.341,82313.3,0,0,0,0,0,0,-18.9482,-14.4565,-34.291,-27.4654,0,0
0.000293686,0,0,0,1e+09,1e+09,1e+09,0,0,0,0,0,12059,4045,2.15024e-06,0,0.291935,0.954388,0.544609,1.07183,0.161319,2.20874,-8.80189e+07,78.032,66.2895,82611.8,0,0,0,0,0,0,-18.9385,-14.4572,-34.2926,-27.4659,0,0
0.000293835,0,0,0,1e+09,1e+09,1e+09,0,0,0,0,0,12059,4045,2.15024e-06,0,0.291935,0.965979,0.544609,1.07183,0.161319,2.16703,-8.74311e+07,30.4821,-357.98,82219.5,0,0,0,0,0,0,-18.9237,-14.4579,-34.2958,-27.4745,0,0
0.000293983,0,0,0,1e+09,1e+09,1e+09,0,0,0,0,0,12060,4045,2.15024e-06,0,0.291936,0.977658,0.544609,1.07183,0.161319,2.12294,-8.6788e+07,51.9803,-298.743,82142,0,0,0,0,0,0,-18.9134,-14.4582,-34.2912,-27.4832,0,0
0.000294132,0,0,0,1e+09,1e+09,1e+09,0,0,0,0,0,12060,4045,2.15024e-06,0,0.291936,0.989431,0.54461,1.07183,0.16132,2.07688,-8.60907e+07,-136.244,-99.0809,81390.5,0,0,0,0,0,0,-18.8897,-14.459,-34.2945,-27.486,0,0
0.00029428,0,0,0,1e+09,1e+09,1e+09,0,0,0,0,0,12060,4045,2.15024e-06,0,0.291936,1.00129,0.54461,1.07183,0.16132,2.0282,-8.53403e+07,271.157,-376.122,82456.3,0,0,0,0,0,0,-18.8745,-14.4594,-34.2955,-27.4894,0,0
0.000294429,0,0,0,1e+09,1e+09,1e+09,0,0,0,0,0,12062,4045,2.15024e-06,0,0.291936,1.01323,0.54461,1.07183,0.16132,1.97765,-8.4538e+07,-2.6132,77.6959,82016.4,0,0,0,0,0,0,-18.859,-14.4597,-34.2934,-27.4995,0,0
0.000294577,0,0,0,1e+09,1e+09,1e+09,0,0,0,0,0,12062,4045,2.15024e-06,0,0.291936,1.02524,0.54461,1.07182,0.161321,1.92579,-8.36847e+07,47.6368,-297.423,82047.6,0,0,0,0,0,0,-18.8475,-14.4601,-34.294,-27.5023,0,0
0.000294726,0,0,0,1e+09,1e+09,1e+09,0,0,0,0,0,12064,4045,2.15024e-06,0,0.291936,1.03732,0.54461,1.07182,0.161321,1.87148,-8.27816e+07,-205.066,-220.996,82236,0,0,0,0,0,0,-18.8292,-14.4609,-34.2953,-27.5053,0,0
0.000294874,0,0,0,1e+09,1e+09,1e+09,0,0,0,0,0,12065,4045,2.15024e-06,0,0.291936,1.04947,0.54461,1.07182,0.161321,1.81568,-8.18295e+07,197.815,-91.8235,81974.2,0,0,0,0,0,0,-18.8076,-14.4616,-34.2967,-27.5173,0,0
0.000295023,0,0,0,1e+09,1e+09,1e+09,0,0,0,0,0,12066,4045,2.15024e-06,0,0.291937,1.06168,0.54461,1.07182,0.161321,1.75776,-8.08297e+07,-176.049,-131.415,81349.5,0,0,0,0,0,0,-18.7866,-14.4618,-34.3007,-27.522,0,0
0.000295171,0,0,0,1e+09,1e+09,1e+09,0,0,0,0,0,12068,4045,2.15024e-06,0,0.291937,1.07395,0.544611,1.07182,0.161322,1.69913,-7.97831e+07,264.654,-146.823,81750,0,0,0,0,0,0,-18.7733,-14.4621,-34.2954,-27.5244,0,0
0.00029532,0,0,0,1e+09,1e+09,1e+09,0,0,0,0,0,12068,4045,2.15024e-06,0,0.291937,1.08629,0.544611,1.07182,0.161322,1.63815,-7.86909e+07,-254.79,-145.098,81341.9,0,0,0,0,0,0,-18.749,-14.4628,-34.3064,-27.5331,0,0
0.000295468,0,0,0,1e+09,1e+09,1e+09,0,0,0,0,0,12068,4045,2.15024e-06,0,0.291937,1.09869,0.544611,1.07182,0.161322,1.57608,-7.75541e+07,15.7635,-70.7251,81516.6,0,0,0,0,0,0,-18.7271,-14.4635,-34.3096,-27.54,0,0
0.000295616,0,0,0,1e+09,1e+09,1e+09,0,0,0,0,0,12069,4045,2.15024e-06,0,0.291937,1.11114,0.544611,1.07181,0.161322,1.51308,-7.6374e+07,119.147,-389.221,81518.9,0,0,0,0,0,0,-18.7071,-14.4636,-34.3134,-27.5446,0,0
0.000295765,0,0,0,1e+09,1e+09,1e+09,0,0,0,0,0,12069,4045,2.15024e-06,0,0.291937,1.12362,0.544611,1.07181,0.161323,1.44864,-7.51519e+07,-414.349,-30.2395,80621.5,0,0,0,0,0,0,-18.6936,-14.4643,-34.3075,-27.5522,0,0
0.000295913,0,0,0,1e+09,1e+09,1e+09,0,0,0,0,0,12070,4045,2.15024e-06,0,0.291938,1.13614,0.544611,1.07181,0.161323,1.3836,-7.38889e+07,173.341,98.0086,82334.1,0,0,0,0,0,0,-18.6571,-14.465,-34.3256,-27.5586,0,0
0.000296062,0,0,0,1e+09,1e+09,1e+09,0,0,0,0,0,12070,4045,2.15024e-06,0,0.291938,1.1487,0.544612,1.07181,0.161323,1.31763,-7.25865e+07,-80.6938,-278.848,81366.5,0,0,0,0,0,0,-18.6464,-14.4657,-34.3186,-27.5686,0,0
0.00029621,0,0,0,1e+09,1e+09,1e+09,0,0,0,0,0,12070,4045,2.15024e-06,0,0.291938,1.16127,0.544612,1.07181,0.161323,1.25107,-7.1246e+07,-291.058,163.443,80783.3,0,0,0,0,0,0,-18.6174,-14.4667,-34.328,-27.5715,0,0
0.000296359,0,0,0,1e+09,1e+09,1e+09,0,0,0,0,0,12075,4045,2.15024e-06,0,0.291938,1.17385,0.544612,1.07181,0.161323,1.18403,-6.98691e+07,94.3289,-51.2215,82015.1,0,0,0,0,0,0,-18.5854,-14.4673,-34.3392,-27.577,0,0
0.000296507,0,0,0,1e+09,1e+09,1e+09,0,0,0,0,0,12076,4045,2.15024e-06,0,0.291938,1.18646,0.544612,1.0718,0.161324,1.11611,-6.84574e+07,-67.1397,-91.9144,81132.9,0,0,0,0,0,0,-18.5533,-14.4677,-34.3456,-27.5825,0,0
0.000296656,0,0,0,1e+09,1e+09,1e+09,0,0,0,0,0,12077,4045,2.15024e-06,0,0.291938,1.19907,0.544612,1.0718,0.161324,1.04813,-6.70125e+07,-23.6933,-38.2958,81195.2,0,0,0,0,0,0,-18.5428,-14.4677,-34.3347,-27.5924,0,0
0.000296804,0,0,0,1e+09,1e+09,1e+09,0,0,0,0,0,12078,4045,2.15024e-06,0,0.291939,1.21168,0.544612,1.0718,0.161324,0.980525,-6.55365e+07,93.2621,71.2483,81466.2,0,0,0,0,0,0,-18.4961,-14.4691,-34.3608,-27.5951,0,0
0.000296953,0,0,0,1e+09,1e+09,1e+09,0,0,0,0,0,12078,4045,2.15024e-06,0,0.291939,1.22428,0.544613,1.0718,0.161324,0.912015,-6.40314e+07,-42.8319,-367.764,81714,0,0,0,0,0,0,-18.4834,-14.4696,-34.3572,-27.6059,0,0
0.000297101,0,0,0,1e+09,1e+09,1e+09,0,0,0,0,0,12080,4045,2.15024e-06,0,0.291939,1.23689,0.544613,1.0718,0.161324,0.844047,-6.24993e+07,-179.489,99.3293,81402.6,0,0,0,0,0,0,-18.4625,-14.4702,-34.3614,-27.6107,0,0
0.00029725,0,0,0,1e+09,1e+09,1e+09,0,0,0,0,0,12080,4045,2.15024e-06,0,0.291939,1.2495,0.544613,1.0718,0.161324,0.775903,-6.09425e+07,91.8965,-40.8492,80543.5,0,0,0,0,0,0,-18.4277,-14.4715,-34.3722,-27.6194,0,0
0.000297398,0,0,0,1e+09,1e+09,1e+09,0,0,0,0,0,12080,4045,2.15024e-06,0,0.291939,1.26211,0.544613,1.0718,0.161324,0.707653,-5.93634e+07,-51.8674,81.9719,81819.4,0,0,0,0,0,0,-18.4009,-14.4722,-34.3772,-27.6265,0,0
0.000297547,0,0,0,1e+09,1e+09,1e+09,0,0,0,0,0,12080,4045,2.15024e-06,0,0.29194,1.27468,0.544613,1.07179,0.161324,0.639328,-5.77646e+07,5.89302,-13.6247,80888.2,0,0,0,0,0,0,-18.3724,-14.4734,-34.3877,-27.6339,0,0
0.000297695,0,0,0,1e+09,1e+09,1e+09,0,0,0,0,0,12080,4045,2.15024e-06,0,0.29194,1.28722,0.544613,1.07179,0.161325,0.572244,-5.61488e+07,24.0241,-57.819,80354.7,0,0,0,0,0,0,-18.3576,-14.4738,-34.3906,-27.6434,0,0
0.000297844,0,0,0,1e+09,1e+09,1e+09,0,0,0,0,0,12081,4045,2.15024e-06,0,0.29194,1.29972,0.544614,1.07179,0.161325,0.505625,-5.45187e+07,-64.2725,-132.897,81033.9,0,0,0,0,0,0,-18.3427,-14.4747,-34.3986,-27.6484,0,0
0.000297992,0,0,0,1e+09,1e+09,1e+09,0,0,0,0,0,12083,4045,2.15024e-06,0,0.29194,1.31218,0.544614,1.07179,0.161325,0.439112,-5.28769e+07,13.1555,-43.1804,81124.4,0,0,0,0,0,0,-18.3178,-14.4758,-34.4123,-27.6594,0,0
0.000298141,0,0,0,1e+09,1e+09,1e+09,0,0,0,0,0,12084,4045,2.15024e-06,0,0.29194,1.32459,0.544614,1.07179,0.161325,0.374229,-5.12264e+07,-337.054,-154.43,81109,0,0,0,0,0,0,-18.2976,-14.4767,-34.4161,-27.6677,0,0
0.000298289,0,0,0,1e+09,1e+09,1e+09,0,0,0,0,0,12085,4045,2.15024e-06,0,0.29194,1.33695,0.544614,1.07179,0.161325,0.309674,-4.957e+07,135.976,-137.915,81164.2,0,0,0,0,0,0,-18.2739,-14.4783,-34.4202,-27.6719,0,0
0.000298438,0,0,0,1e+09,1e+09,1e+09,0,0,0,0,0,12085,4045,2.15024e-06,0,0.291941,1.34924,0.544614,1.07179,0.161325,0.245552,-4.79106e+07,-8.94117,273.728,81154.6,0,0,0,0,0,0,-18.2368,-14.4791,-34.4449,-27.6838,0,0
0.000298586,0,0,0,1e+09,1e+09,1e+09,0,0,0,0,0,12085,4045,2.15024e-06,0,0.291941,1.36144,0.544614,1.07178,0.161325,0.184214,-4.62509e+07,-244.661,-467.464,81247,0,0,0,0,0,0,-18.2392,-14.48,-34.4359,-27.6953,0,0
0.000298734,0,0,0,1e+09,1e+09,1e+09,0,0,0,0,0,12086,4045,2.15024e-06,0,0.291941,1.37358,0.544614,1.07178,0.161325,0.122861,-4.45938e+07,-31.0172,56.1841,80681.1,0,0,0,0,0,0,-18.2197,-14.4806,-34.4518,-27.7006,0,0
0.000298883,0,0,0,1e+09,1e+09,1e+09,0,0,0,0,0,12087,4045,2.15024e-06,0,0.291941,1.38565,0.544615,1.07178,0.161325,0.063704,-4.29422e+07,-244.589,-174.672,81627.8,0,0,0,0,0,0,-18.2021,-14.4815,-34.4667,-27.7108,0,0
0.000299031,0,0,0,1e+09,1e+09,1e+09,0,0,0,0,0,12087,4045,2.15024e-06,0,0.291942,1.39765,0.544615,1.07178,0.161325,0.00495753,-4.12987e+07,160.947,-73.6446,80956.7,0,0,0,0,0,0,-18.1823,-14.4827,-34.476,-27.7205,0,0
0.00029918,0,0,0,1e+09,1e+09,1e+09,0,0,0,0,0,12088,4045,2.15024e-06,0,0.291942,1.40957,0.544615,1.07178,0.161325,-0.0512541,-3.96663e+07,-366.854,-121.73,80352.7,0,0,0,0,0,0,-18.1723,-14.4834,-34.4744,-27.7285,0,0
0.000299328,0,0,0,1e+09,1e+09,1e+09,0,0,0,0,0,12090,4045,2.15024e-06,0,0.291942,1.42139,0.544615,1.07178,0.161325,-0.105593,-3.80478e+07,51.6493,58.399,81752.8,0,0,0,0,0,0,-18.1369,-14.4841,-34.498,-27.7351,0,0
0.000299477,0,0,0,1e+09,1e+09,1e+09,0,0,0,0,0,12090,4045,2.15024e-06,0,0.291942,1.43312,0.544615,1.07178,0.161325,-0.158798,-3.6446e+07,13.2547,-149.122,81126.4,0,0,0,0,0,0,-18.122,-14.4854,-34.5066,-27.7466,0,0
0.000299625,0,0,0,1e+09,1e+09,1e+09,0,0,0,0,0,12090,4045,2.15024e-06,0,0.291942,1.44477,0.544615,1.07177,0.161325,-0.20984,-3.4864e+07,42.9055,-17.5547,80654.3,0,0,0,0,0,0,-18.1251,-14.4867,-34.5063,-27.7554,0,0
0.000299774,0,0,0,1e+09,1e+09,1e+09,0,0,0,0,0,12090,4045,2.15024e-06,0,0.291943,1.45633,0.544616,1.07177,0.161325,-0.259954,-3.33048e+07,-178.769,-186.373,81053,0,0,0,0,0,0,-18.117,-14.4873,-34.5153,-27.7607,0,0
0.000299922,0,0,0,1e+09,1e+09,1e+09,0,0,0,0,0,12090,4045,2.15024e-06,0,0.291943,1.46779,0.544616,1.07177,0.161325,-0.30777,-3.17715e+07,-67.3711,-54.2445,81063.8,0,0,0,0,0,0,-18.0864,-14.4886,-34.5412,-27.7735,0,0
0.000300001,0,0,0,1e+09,1e+09,1e+09,0,0,0,0,0,12090,4089,2.16303e-06,0,0.291943,1.47381,0.544616,1.07177,0.161325,-0.332184,-3.09725e+07,-108.364,-195.992,80975.4,0,0,0,0,0,0,-18.0853,-14.4891,-34.5372,-27.7752,0,0
