$MeshFormat
2.2 0 8
$EndMeshFormat
$Nodes
2902
1 0 0 0
2 0.04 0 0
3 0.04 0.08 0
4 0 0.08 0
5 0 0.0405 0
6 0.01 0.0405 0
7 0.01 0.0395 0
8 0 0.0395 0
9 0.00124999999999763 0 0
10 0.002499999999995044 0 0
11 0.00374999999999318 0 0
12 0.00499999999999123 0 0
13 0.006249999999987502 0 0
14 0.007499999999983943 0 0
15 0.008749999999979705 0 0
16 0.009999999999976318 0 0
17 0.01124999999997293 0 0
18 0.01249999999996852 0 0
19 0.01374999999996547 0 0
20 0.01499999999996174 0 0
21 0.01624999999995767 0 0
22 0.01749999999995258 0 0
23 0.01874999999995224 0 0
24 0.01999999999994783 0 0
25 0.02124999999995223 0 0
26 0.02249999999995257 0 0
27 0.02374999999995697 0 0
28 0.02499999999996205 0 0
29 0.02624999999996375 0 0
30 0.0274999999999668 0 0
31 0.02874999999997188 0 0
32 0.02999999999997357 0 0
33 0.03124999999997527 0 0
34 0.03249999999998034 0 0
35 0.03374999999998542 0 0
36 0.03499999999999051 0 0
37 0.03624999999998882 0 0
38 0.03749999999998983 0 0
39 0.03874999999999492 0 0
40 0.04 0.001249999999997634 0
41 0.04 0.00249999999999526 0
42 0.04 0.003749999999992548 0
43 0.04 0.004999999999990089 0
44 0.04 0.006249999999988224 0
45 0.04 0.00749999999998636 0
46 0.04 0.008749999999984494 0
47 0.04 0.00999999999998246 0
48 0.04 0.01124999999997839 0
49 0.04 0.012499999999975 0
50 0.04 0.01374999999997127 0
51 0.04 0.01499999999996789 0
52 0.04 0.01624999999996314 0
53 0.04 0.01749999999995941 0
54 0.04 0.01874999999995636 0
55 0.04 0.01999999999995264 0
56 0.04 0.0212499999999489 0
57 0.04 0.02249999999994585 0
58 0.04 0.02374999999994212 0
59 0.04 0.02499999999993704 0
60 0.04 0.02624999999993399 0
61 0.04 0.02749999999993093 0
62 0.04 0.02874999999992653 0
63 0.04 0.02999999999992348 0
64 0.04 0.03124999999992042 0
65 0.04 0.03249999999991533 0
66 0.04 0.03374999999990957 0
67 0.04 0.03499999999990516 0
68 0.04 0.03624999999990482 0
69 0.04 0.03749999999990447 0
70 0.04 0.03874999999990007 0
71 0.04 0.03999999999989566 0
72 0.04 0.04124999999989938 0
73 0.04 0.04249999999990446 0
74 0.04 0.04374999999990547 0
75 0.04 0.04499999999990514 0
76 0.04 0.04624999999990886 0
77 0.04 0.04749999999991394 0
78 0.04 0.04874999999991902 0
79 0.04 0.04999999999992411 0
80 0.04 0.05124999999992783 0
81 0.04 0.0524999999999275 0
82 0.04 0.05374999999992851 0
83 0.04 0.0549999999999336 0
84 0.04 0.05624999999993868 0
85 0.04 0.05749999999994376 0
86 0.04 0.05874999999994748 0
87 0.04 0.05999999999994714 0
88 0.04 0.06124999999994681 0
89 0.04 0.06249999999995053 0
90 0.04 0.06374999999995561 0
91 0.04 0.06499999999996069 0
92 0.04 0.06624999999996577 0
93 0.04 0.06749999999997085 0
94 0.04 0.06874999999997594 0
95 0.04 0.06999999999998102 0
96 0.04 0.0712499999999834 0
97 0.04 0.07249999999997764 0
98 0.04 0.07374999999997459 0
99 0.04 0.07499999999997967 0
100 0.04 0.07624999999998476 0
101 0.04 0.07749999999998984 0
102 0.04 0.07874999999999492 0
103 0.03874999999999623 0.08 0
104 0.03750000000000195 0.08 0
105 0.03625000000000766 0.08 0
106 0.03500000000001339 0.08 0
107 0.0337500000000191 0.08 0
108 0.03250000000002076 0.08 0
109 0.03125000000002105 0.08 0
110 0.03000000000002135 0.08 0
111 0.02875000000002707 0.08 0
112 0.02750000000003279 0.08 0
113 0.02625000000003851 0.08 0
114 0.02500000000004084 0.08 0
115 0.02375000000004317 0.08 0
116 0.02250000000004821 0.08 0
117 0.02125000000004851 0.08 0
118 0.02000000000005288 0.08 0
119 0.01875000000004843 0.08 0
120 0.01750000000004805 0.08 0
121 0.0162500000000436 0.08 0
122 0.01500000000003848 0.08 0
123 0.01375000000003674 0.08 0
124 0.01250000000003364 0.08 0
125 0.01125000000002852 0.08 0
126 0.01000000000002678 0.08 0
127 0.008750000000025047 0.08 0
128 0.007500000000019921 0.08 0
129 0.006250000000014792 0.08 0
130 0.00500000000000967 0.08 0
131 0.003750000000011314 0.08 0
132 0.002500000000010251 0.08 0
133 0.001250000000005122 0.08 0
134 0 0.07876562500000305 0
135 0 0.0775312500000061 0
136 0 0.07629687500000915 0
137 0 0.0750625000000122 0
138 0 0.07382812500001525 0
139 0 0.07259375000001829 0
140 0 0.07135937500002676 0
141 0 0.07012500000002982 0
142 0 0.06889062500003286 0
143 0 0.06765625000003592 0
144 0 0.06642187500003897 0
145 0 0.06518750000004203 0
146 0 0.06395312500004507 0
147 0 0.06271875000004813 0
148 0 0.0614843750000539 0
149 0 0.06025000000005559 0
150 0 0.05901562500005186 0
151 0 0.05778125000004542 0
152 0 0.05654687500004575 0
153 0 0.05531250000004203 0
154 0 0.05407812500003559 0
155 0 0.05284375000003322 0
156 0 0.0516093750000322 0
157 0 0.05037500000002712 0
158 0 0.0491406250000261 0
159 0 0.04790625000002102 0
160 0 0.04667187500001729 0
161 0 0.04543750000001356 0
162 0 0.04420312500000848 0
163 0 0.04296875000000746 0
164 0 0.04173437500000373 0
165 0.001249999999997808 0.0405 0
166 0.002499999999994079 0.0405 0
167 0.003749999999990435 0.0405 0
168 0.004999999999986958 0.0405 0
169 0.006249999999990513 0.0405 0
170 0.007499999999993393 0.0405 0
171 0.008749999999997628 0.0405 0
172 0.008750000000003347 0.0395 0
173 0.007500000000005337 0.0395 0
174 0.006250000000010209 0.0395 0
175 0.00500000000001322 0.0395 0
176 0.003750000000009619 0.0395 0
177 0.002500000000006696 0.0395 0
178 0.001250000000002418 0.0395 0
179 0 0.03826562500000322 0
180 0 0.03703125000000373 0
181 0 0.03579687500000424 0
182 0 0.03456250000000746 0
183 0 0.03332812500001067 0
184 0 0.03209375000001524 0
185 0 0.03085937500001982 0
186 0 0.02962500000002304 0
187 0 0.02839062500002626 0
188 0 0.02715625000003084 0
189 0 0.02592187500003406 0
190 0 0.02468750000003728 0
191 0 0.0234531250000405 0
192 0 0.02221875000004372 0
193 0 0.0209843750000483 0
194 0 0.01975000000005084 0
195 0 0.01851562500004864 0
196 0 0.01728125000004509 0
197 0 0.01604687500004152 0
198 0 0.01481250000003932 0
199 0 0.01357812500003509 0
200 0 0.0123437500000322 0
201 0 0.01110937500002864 0
202 0 0.009875000000026439 0
203 0 0.008640625000024233 0
204 0 0.007406250000019994 0
205 0 0.006171875000016439 0
206 0 0.004937500000012883 0
207 0 0.003703125000007967 0
208 0 0.002468750000007118 0
209 0 0.001234375000003556 0
210 0.01999368880001495 0.02216906521722405 0
211 0.01999368880001473 0.05783093478277619 0
212 0.02502945352170665 0.04005359267330007 0
213 0.0123844965841076 0.01240839847342507 0
214 0.01238449658410648 0.06759160152657552 0
215 0.02756420687203984 0.01229914543753493 0
216 0.02756420687204105 0.0677008545624645 0
217 0.01098696721557358 0.0285338320372888 0
218 0.01098814707411498 0.05146619103284999 0
219 0.02872580271076261 0.02934411764621442 0
220 0.02866050133995778 0.05071102432705587 0
221 0.01771694414108982 0.03465328084773802 0
222 0.01764074619646982 0.04530313609963428 0
223 0.03104706797105531 0.02067847513219858 0
224 0.03104706797105939 0.05932152486779998 0
225 0.008844151775250756 0.02050159888879533 0
226 0.008844151775246631 0.05949840111120469 0
227 0.01993937956765739 0.008406805391446701 0
228 0.01993937956765865 0.07159319460855371 0
229 0.03196259110747707 0.03633441202087839 0
230 0.03119444301644469 0.04373103530940731 0
231 0.00719458498121817 0.007347267470151096 0
232 0.007194584981218565 0.0726527325298493 0
233 0.02167692736842167 0.02907948144406794 0
234 0.02170419855013386 0.05097074049334501 0
235 0.03259726335390963 0.07290710161663691 0
236 0.03259726335390873 0.007092898383362635 0
237 0.01876758657126982 0.01565297320970899 0
238 0.01876758657126846 0.06434702679028975 0
239 0.01556217849170148 0.04004437752310578 0
240 0.006433269388344984 0.03306391628395368 0
241 0.006433269388346152 0.04693608371604571 0
242 0.03340535711735629 0.01479030273323607 0
243 0.03340535711735951 0.06520969726676379 0
244 0.02509811879371477 0.01829171241230527 0
245 0.02509811879371809 0.06170828758769295 0
246 0.006302497916184268 0.01431343471463595 0
247 0.006302497916182972 0.06568656528536553 0
248 0.025036891976488 0.03406708477329549 0
249 0.02498417762405071 0.04600404398504226 0
250 0.01197498219865004 0.03421275304493101 0
251 0.01206701585533762 0.04581725640145545 0
252 0.0140066006110191 0.006299610173796447 0
253 0.01400660061102046 0.07370038982620231 0
254 0.02588803073043214 0.07367672807888775 0
255 0.02588803073042974 0.006323271921112572 0
256 0.01402760515122117 0.02325709371774936 0
257 0.01402760515121956 0.05674290628225278 0
258 0.0338929051651974 0.02608450927613206 0
259 0.03389290516519845 0.05391549072386208 0
260 0.006013230399857732 0.02548546644837003 0
261 0.006013230399861583 0.05451453355163035 0
262 0.02529950571442172 0.02426922900222396 0
263 0.02529950571442008 0.05573077099777516 0
264 0.01637688993518766 0.02938267830608198 0
265 0.01637674638069018 0.0506178527016087 0
266 0.03443964223725192 0.04836897496134841 0
267 0.03449062117339956 0.03162693927937358 0
268 0.01352380775799453 0.01768964165553709 0
269 0.01352380775798823 0.06231035834446339 0
270 0.02028310103186437 0.03867143955968472 0
271 0.03504174333615982 0.04052347487529898 0
272 0.02155567175944647 0.04305090105697301 0
273 0.02255284379710552 0.01258993350665651 0
274 0.02255284379710614 0.06741006649334289 0
275 0.03533324903188736 0.01894784016265983 0
276 0.03533086863254926 0.06105202999034286 0
277 0.0295119077155533 0.04013515079966512 0
278 0.004508812122159959 0.06158608584803977 0
279 0.004508812122160089 0.01841391415196476 0
280 0.02936625530587361 0.01677443181326317 0
281 0.02936625530587707 0.06322556818673609 0
282 0.01827906122912521 0.004362731018848138 0
283 0.01827906122912834 0.07563726898115269 0
284 0.03546383964770292 0.01047772580853092 0
285 0.03546383964770662 0.06952227419147047 0
286 0.01676696611645202 0.01147289321413653 0
287 0.01676696611645217 0.06852710678586336 0
288 0.02875093594366103 0.03361221836286285 0
289 0.004235911091265365 0.0695933071584469 0
290 0.00423591109126698 0.01040669284155331 0
291 0.02954725346032057 0.02498388990334218 0
292 0.02954833253942442 0.05501603917009274 0
293 0.004189492337492095 0.02949254476735493 0
294 0.004189492337494635 0.05050745523264493 0
295 0.01003943894544117 0.02440457533276852 0
296 0.01003943894544196 0.05559542466723143 0
297 0.004236187721911298 0.07575736132590974 0
298 0.004236187721913773 0.004242638674087841 0
299 0.01039780017250032 0.004271409394515027 0
300 0.01039780017250222 0.07572859060548486 0
301 0.0294161543557909 0.0758875408161532 0
302 0.02941615435578801 0.004112459183848157 0
303 0.03572278300395243 0.004179484581745245 0
304 0.0357227830039504 0.07582051541825717 0
305 0.01746222354172731 0.02549969742369493 0
306 0.01746222354172633 0.05450030257630479 0
307 0.02130816511561442 0.03310832234818258 0
308 0.02126309951105646 0.04690347717075484 0
309 0.02234588301738712 0.07586326007292071 0
310 0.0223458830173836 0.004136739927082978 0
311 0.03576534010289512 0.04439480492439754 0
312 0.03601633292576081 0.03530698096160182 0
313 0.01305286786351216 0.03760488821310645 0
314 0.01292643882271051 0.04238383117250611 0
315 0.03160851289997268 0.01125428630088449 0
316 0.03160851289997552 0.06874571369911353 0
317 0.009772703376704448 0.01660269076616323 0
318 0.009772703376700739 0.06339730923383387 0
319 0.01734351591449729 0.01911869469269309 0
320 0.01734351591449224 0.06088130530730491 0
321 0.02729644688419414 0.04300511638783296 0
322 0.02853621780573873 0.04660957649028663 0
323 0.008485921684286035 0.01091695169049692 0
324 0.008485921684286796 0.06908304830950489 0
325 0.02716192159611405 0.03687005953600931 0
326 0.02116772532864909 0.01861085637880059 0
327 0.02116772532864962 0.06138914362119841 0
328 0.003686944749066308 0.0222780261259466 0
329 0.003686944749070169 0.05772197387405588 0
330 0.0363104764430008 0.023091453486868 0
331 0.03630434387028356 0.05694704171622907 0
332 0.02517845276776361 0.03046512668152168 0
333 0.02510679339732976 0.04973642202219327 0
334 0.003764824488573642 0.03578568024566988 0
335 0.003764824488573385 0.04421431975433087 0
336 0.02330803514707117 0.03701260398305325 0
337 0.008879460204071992 0.03561640182506773 0
338 0.008770870061439525 0.04414251903921303 0
339 0.02191080322382249 0.02531587434669569 0
340 0.02191080322382078 0.05468412565330414 0
341 0.02906871296795046 0.07175619314411479 0
342 0.02906871296794905 0.008243806855884214 0
343 0.02724213119555674 0.02138212031538729 0
344 0.02724213119555859 0.05861787968461011 0
345 0.01836542068487979 0.04185218567640831 0
346 0.01408173009490178 0.02660019914154628 0
347 0.0140820942512717 0.05340011982797978 0
348 0.01067022558212839 0.007982894343239802 0
349 0.01067022558212935 0.07201710565676138 0
350 0.01517716897633527 0.0326938002684548 0
351 0.01497029164926133 0.04734315872603437 0
352 0.00778815761808113 0.02974567123909011 0
353 0.007788564501862837 0.05025470165997054 0
354 0.02358024193717742 0.009077890008068365 0
355 0.02358024193717932 0.07092210999193201 0
356 0.03637528346643452 0.05139885294443171 0
357 0.03644376131597831 0.02856900625002046 0
358 0.02344724487882075 0.02139126063445511 0
359 0.02344724487882162 0.05860873936554464 0
360 0.0153491708018009 0.01462594506157044 0
361 0.01534917080179889 0.06537405493842911 0
362 0.03215980351368305 0.02910501012979705 0
363 0.03226052579476553 0.05100355935078608 0
364 0.0253257286900467 0.01487064975505394 0
365 0.02532572869004777 0.06512935024494505 0
366 0.03649209794334971 0.07254893728164052 0
367 0.03649209794335089 0.007451062718359725 0
368 0.01163978738907178 0.02074043417387493 0
369 0.01163978738906754 0.05925956582612502 0
370 0.03667036072877154 0.01608453048623568 0
371 0.03667036072877704 0.06391546951376346 0
372 0.003285793185724442 0.06439683469095754 0
373 0.003285793185726215 0.01560316530904645 0
374 0.01744962464133278 0.03761418779755287 0
375 0.003209740280758 0.03243182704420745 0
376 0.003209740280749524 0.047568172955793 0
377 0.003295264234244476 0.07275265296545376 0
378 0.003295264234244359 0.007247347034546592 0
379 0.01022991257419621 0.03174835364056572 0
380 0.01028603316417849 0.0483334310602774 0
381 0.01833184782174119 0.03161925316298395 0
382 0.01828499119231437 0.04834084048036328 0
383 0.01393590522457312 0.009515555374034609 0
384 0.01393590522457376 0.07048444462596447 0
385 0.01500779592757078 0.003283478854212625 0
386 0.01500779592757436 0.07671652114578807 0
387 0.02046264767183849 0.03571499983577982 0
388 0.03244826143327417 0.01750639001498134 0
389 0.03244826141304866 0.06249361001437184 0
390 0.01683694930811832 0.007825845721522678 0
391 0.01683694930811962 0.07217415427847623 0
392 0.007402694830792496 0.003219387000444165 0
393 0.007402694830791912 0.07678061299955492 0
394 0.02439581540081639 0.02728103134136458 0
395 0.0244010838630642 0.05271398311427034 0
396 0.03281219861331768 0.07677866379670825 0
397 0.03281219861331804 0.003221336203289786 0
398 0.02646249166627191 0.07676687258222462 0
399 0.02646249166626609 0.003233127417775963 0
400 0.01573440000316319 0.0431750488011633 0
401 0.003123865390656161 0.02635549534301468 0
402 0.003123865390662564 0.05364450465698477 0
403 0.01471601714964007 0.03564954716388741 0
404 0.03205123481374048 0.04689488001191889 0
405 0.03293481388332786 0.02296840021145722 0
406 0.03293466721052554 0.05703150304335251 0
407 0.03216425678725598 0.03347663875545066 0
408 0.01697567608966429 0.02223308592054452 0
409 0.01697567608966449 0.05776691407945475 0
410 0.02426256527681897 0.04284438193970878 0
411 0.0192303851873874 0.01275584586880168 0
412 0.01923038518738722 0.06724415413119804 0
413 0.01330223395941399 0.03019240771584688 0
414 0.0133382677355687 0.04989056103077279 0
415 0.0323426370491599 0.03947289339781006 0
416 0.03715792409729469 0.03824306395264353 0
417 0.006835606920674574 0.02286487863683724 0
418 0.006835606920677922 0.05713512136316341 0
419 0.01891011392097087 0.02797182596418846 0
420 0.01891011378325966 0.05202817454519549 0
421 0.008318540126443516 0.02715843955344828 0
422 0.008318540126444391 0.05284156044655139 0
423 0.02241981037615556 0.01575454861358662 0
424 0.02241981037615507 0.06424545138641183 0
425 0.02731726055439625 0.02695128619141543 0
426 0.02732215647338498 0.05305327480412828 0
427 0.03705583930624948 0.05428704737644255 0
428 0.03708996144889748 0.02567368422478714 0
429 0.01256200537951993 0.04003394882286362 0
430 0.02638062216225604 0.009601960253189821 0
431 0.02638062216225666 0.07039803974680926 0
432 0.03075245322283681 0.01374117464944633 0
433 0.03075245322283982 0.06625882535055236 0
434 0.02234512939555177 0.04043587618843988 0
435 0.03700996920426326 0.04717737163661487 0
436 0.03703119372716511 0.03258674074980064 0
437 0.007326964311724988 0.01748421733192231 0
438 0.007326964311722131 0.06251578266807631 0
439 0.03713093850978927 0.01316896537996815 0
440 0.03713093850979542 0.06683103462002837 0
441 0.01479782718968649 0.02033506123450391 0
442 0.01479782718968354 0.0596649387654928 0
443 0.01246040840245043 0.01517127345546861 0
444 0.01246040840244438 0.06482872654453238 0
445 0.01002495727990858 0.01351472172062258 0
446 0.01002495727990687 0.0664852782793767 0
447 0.030726063498561 0.03117388763297591 0
448 0.03727089167036002 0.04213883039690263 0
449 0.002717289080555888 0.06735694713321898 0
450 0.002717289080563469 0.01264305286678816 0
451 0.03363787424313808 0.04304015894884613 0
452 0.03435192484160541 0.03791225891208104 0
453 0.0295656889507444 0.03603347017550909 0
454 0.006273217103154041 0.03668514861969054 0
455 0.006303475116458785 0.0433999191505934 0
456 0.02692301300192357 0.03235342933863376 0
457 0.01248516991330491 0.002818042527265197 0
458 0.01248516991330604 0.07718195747273418 0
459 0.02203277880642089 0.07311610948590913 0
460 0.0220327788064198 0.006883890514092835 0
461 0.01070766944353579 0.03728957645930613 0
462 0.01064338048035261 0.04265887090420802 0
463 0.02016709461010393 0.002417923368280369 0
464 0.02016709461010862 0.07758207663172748 0
465 0.02015430768729606 0.04489543415583276 0
466 0.03743152754066729 0.05930507120950995 0
467 0.03737446378996086 0.02104492711279637 0
468 0.02887172211121796 0.01904353556849834 0
469 0.02887172211122066 0.06095646443150009 0
470 0.02263084720430813 0.04521362352705825 0
471 0.01421783162925399 0.04513225416233783 0
472 0.002574211229441228 0.05993928779556017 0
473 0.002574211229439462 0.02006071220444601 0
474 0.02332602743153849 0.03227421468666147 0
475 0.02340901190097232 0.04787342136289342 0
476 0.03059412855724872 0.04897444444595241 0
477 0.0227772868299029 0.03500063443942482 0
478 0.029438651113242 0.0226460155857993 0
479 0.02943862449433745 0.05735400303700239 0
480 0.02522787249796344 0.01176652422797637 0
481 0.02522787249796441 0.06823347577202295 0
482 0.01592399132577666 0.0170769572634653 0
483 0.01592399132577112 0.0629230427365329 0
484 0.01538284820819538 0.03778034275121312 0
485 0.01165935698833924 0.02617487488026419 0
486 0.01165935698834004 0.05382512511973592 0
487 0.02412244612910757 0.07757718405418418 0
488 0.02412244612909246 0.002422815945818239 0
489 0.006424874610816305 0.02043568780108663 0
490 0.006424874610812448 0.05956431219891301 0
491 0.006212537982776658 0.02807378051214237 0
492 0.006212537982779494 0.05192621948785577 0
493 0.02659194721530239 0.04775255324527544 0
494 0.01849695620290838 0.03971762793903958 0
495 0.002403522470837742 0.02419296625507778 0
496 0.002403522470851987 0.05580703374491876 0
497 0.002539409567106066 0.07778181447950513 0
498 0.002539409567105033 0.002218185520495197 0
499 0.03361905943070538 0.02071973524229774 0
500 0.03361905943070689 0.0592802647577014 0
501 0.008814995523512368 0.03342517072434629 0
502 0.008758531360267224 0.04661798720625623 0
503 0.0273936733750037 0.04069302372667608 0
504 0.02950949884601715 0.04221465868544465 0
505 0.0374384088706225 0.002279473562384192 0
506 0.03743840887062342 0.07772052643761469 0
507 0.006394414086617079 0.06822476510336231 0
508 0.006394414086617938 0.01177523489663969 0
509 0.0103740808011708 0.01866800439364745 0
510 0.01037408080116732 0.06133199560635166 0
511 0.03025128294285746 0.05253139785327733 0
512 0.0302926612409226 0.0275080296020239 0
513 0.0336287284520666 0.0122860116279201 0
514 0.03362872845207134 0.06771398837207952 0
515 0.02160018528470964 0.01033574971224987 0
516 0.02160018528471091 0.06966425028775035 0
517 0.03333502629103614 0.00966995966775663 0
518 0.03333502629103861 0.07033004033224226 0
519 0.02712422294818456 0.03465718723475902 0
520 0.01012973230907227 0.02215768679438556 0
521 0.01012973230906878 0.05784231320561465 0
522 0.01987465245742675 0.02453414457506861 0
523 0.01987465245742533 0.0554658554249319 0
524 0.03381291221741078 0.04514496053949741 0
525 0.03748604807243497 0.06164016695584449 0
526 0.03748604807242603 0.01835983304413309 0
527 0.02901359193136881 0.04448380896862949 0
528 0.02035346158472788 0.04076315332182271 0
529 0.01054893396356444 0.01065855474601647 0
530 0.01054893396356605 0.06934144525398446 0
531 0.02683752857384168 0.01665082126553869 0
532 0.02683752857384472 0.06334917873446079 0
533 0.0198038279176738 0.006187759955647926 0
534 0.01980382791767522 0.07381224004435222 0
535 0.006461802504059781 0.07052046448212726 0
536 0.00646180250406409 0.009479535517875302 0
537 0.02041501033101591 0.03074385472302088 0
538 0.0203542533425871 0.04915362434239589 0
539 0.02939553687694284 0.01065153541930228 0
540 0.02939553687694488 0.06934846458069584 0
541 0.002512892590382254 0.06216171580842514 0
542 0.002512892590386607 0.01783828419158157 0
543 0.03765327855941097 0.009654280677881001 0
544 0.03765327855941533 0.07034571932212233 0
545 0.01234293016678263 0.0321885167254574 0
546 0.0125313814009721 0.04809329028453317 0
547 0.03768141143946045 0.04928829183355653 0
548 0.02835465232880567 0.07392222281747431 0
549 0.02835465232880183 0.006077777182525228 0
550 0.03050948047674877 0.0736314948134342 0
551 0.03050948047674654 0.006368505186565451 0
552 0.03443370101210638 0.01692289008479041 0
553 0.03443370101210704 0.06307710991521169 0
554 0.03782457160922872 0.005514563849946517 0
555 0.03782457160922674 0.07448543615005412 0
556 0.03787841943533706 0.03050681860280936 0
557 0.03161649538837447 0.04158506625974596 0
558 0.001891101187640691 0.07075307666000002 0
559 0.001891101187643066 0.009246923340008999 0
560 0.01708959163972626 0.002015208188835917 0
561 0.01708959163973481 0.07798479181116449 0
562 0.002080101045459117 0.03044419011166647 0
563 0.002080101045459543 0.04955580988833821 0
564 0.01947593376865499 0.01994314339054797 0
565 0.01947593376865097 0.06005685660945139 0
566 0.03066947000370802 0.03796084408790649 0
567 0.02804618943203607 0.01482024319265375 0
568 0.02804618943203892 0.06517975680734527 0
569 0.01909597235289756 0.0177216591545516 0
570 0.01909597235289485 0.06227834084544709 0
571 0.03370867133432549 0.03509744551275069 0
572 0.009398032991955617 0.006252170804024819 0
573 0.009398032991957067 0.07374782919597568 0
574 0.01189124210281108 0.005919059369031533 0
575 0.01189124210281328 0.07408094063096779 0
576 0.01594625359622157 0.02711677799150291 0
577 0.01594623955654189 0.0528832739412339 0
578 0.002262477655924771 0.07470371708250099 0
579 0.002262477655924597 0.005296282917505044 0
580 0.02707170084520345 0.04524679832991003 0
581 0.02774123778267926 0.02413564599561966 0
582 0.0277412508139899 0.0558643531478492 0
583 0.005234654862000021 0.06352349824008467 0
584 0.00523465486200267 0.01647650175991669 0
585 0.009256505619830206 0.001977431986407195 0
586 0.009256505619835945 0.07802256801359235 0
587 0.01628412036584991 0.006064561657917821 0
588 0.01628412036585223 0.07393543834208174 0
589 0.02534675338977148 0.0378969417561121 0
590 0.0306961953197986 0.07784062208993879 0
591 0.03069619531979573 0.002159377910066393 0
592 0.01467823491465484 0.01247377970500802 0
593 0.01467823491465447 0.06752622029499179 0
594 0.006048331923724164 0.03069040661146467 0
595 0.006048331923725381 0.04930959338853462 0
596 0.01704436583977498 0.0136276223482245 0
597 0.01704436583977422 0.06637237765177464 0
598 0.01531720096761277 0.02493380447529039 0
599 0.015317200967612 0.05506619552471267 0
600 0.005245237502430775 0.07376752369372565 0
601 0.00524523750243145 0.006232476306273146 0
602 0.03435626250736389 0.0293360148840539 0
603 0.01858283239026627 0.01025748441541772 0
604 0.01858283239026661 0.06974251558458215 0
605 0.03369534215703819 0.07489102924199398 0
606 0.03369534215703909 0.005108970758006356 0
607 0.005354158687598897 0.002110968118731303 0
608 0.005354158687606132 0.0778890318812679 0
609 0.03196810506843722 0.02529507818627188 0
610 0.03194129426312034 0.05473511227586392 0
611 0.0342635383023318 0.05039071610908558 0
612 0.03474112211159398 0.07776548581572161 0
613 0.03474112211159558 0.002234514184281406 0
614 0.02341723756059169 0.02379438935404965 0
615 0.02341723756059053 0.05620561064594973 0
616 0.002311754583208708 0.04246386452411198 0
617 0.002311754583209 0.0375361354758901 0
618 0.03125988921232267 0.07113654354309307 0
619 0.03125988921232093 0.0088634564569049 0
620 0.01174965966707285 0.02360407484553164 0
621 0.01174965966707162 0.05639592515446828 0
622 0.007831461605867304 0.02465998503076723 0
623 0.007831461605870811 0.05534001496923317 0
624 0.008841772478031733 0.00880846426921607 0
625 0.008841772478032386 0.07119153573078514 0
626 0.02322076583799176 0.01942058865066505 0
627 0.02322076583799381 0.06057941134933453 0
628 0.02422965829299888 0.07527746175823076 0
629 0.02422965829299649 0.004722538241769069 0
630 0.02659757723736902 0.02882331714245487 0
631 0.02657252578198309 0.05117777453265252 0
632 0.002104411987297491 0.03444049641746272 0
633 0.002104411987297739 0.04555950358253929 0
634 0.02542011903322058 0.02225173599277636 0
635 0.0254201190332214 0.05774826400722207 0
636 0.02081442160790427 0.02708195212769729 0
637 0.02081442160790104 0.05291804787230337 0
638 0.0205044198724023 0.01433204622812789 0
639 0.02050441987240223 0.06566795377187172 0
640 0.01938389998846355 0.03424876832816248 0
641 0.02158389511177844 0.02059377940384899 0
642 0.02158389511177886 0.05940622059615076 0
643 0.0378448059371128 0.03628180324194354 0
644 0.02849627992775987 0.07792918796101929 0
645 0.02849627992774996 0.002070812038985946 0
646 0.03788194008470134 0.04023076979169978 0
647 0.02541115681437862 0.03594102244309671 0
648 0.03791561813994284 0.04534071656736274 0
649 0.01461438737502745 0.04166019765496976 0
650 0.02199881220157208 0.07783584147766395 0
651 0.02199881220156242 0.002164158522346598 0
652 0.02213682652309862 0.03844773067935627 0
653 0.002050742095830459 0.02832212440180081 0
654 0.002050742095833446 0.05167787559820446 0
655 0.007808892274478351 0.01572341603653444 0
656 0.00780889227447667 0.06427658396346293 0
657 0.014207012023627 0.03906678798268733 0
658 0.03509220551701162 0.03349741255741235 0
659 0.02771807494905722 0.03883593803700647 0
660 0.03797324342056968 0.0561123008269146 0
661 0.0167845592427864 0.03281532910017972 0
662 0.0170343981021356 0.04697458734756765 0
663 0.02849467423780276 0.04853371139786768 0
664 0.0380398464714499 0.02358214000186548 0
665 0.007589559541919855 0.005230761041215289 0
666 0.007589559541919937 0.07476923895878503 0
667 0.02878561779461744 0.03143996590097285 0
668 0.02692025228410359 0.01927533408879878 0
669 0.02692025228410645 0.06072466591119911 0
670 0.004412793457086801 0.02414825557123729 0
671 0.004412793457098624 0.05585174442876996 0
672 0.01295059653762038 0.03572474642783396 0
673 0.005546642404287104 0.03481729567691872 0
674 0.005548285473345387 0.04519540258811674 0
675 0.004743874804855048 0.06711183845384013 0
676 0.004743874804857114 0.01288816154616166 0
677 0.03250368699830822 0.03121336741840454 0
678 0.03118089978811831 0.01597537970814004 0
679 0.03118089978812254 0.06402462029185887 0
680 0.01662126823673162 0.04146749069137211 0
681 0.03534721175917317 0.04617673294090389 0
682 0.03460794026088466 0.007894415796826407 0
683 0.03460794026088562 0.07210558420317355 0
684 0.01824784286312253 0.02997552925739712 0
685 0.01824784286311975 0.05002447074260213 0
686 0.01916647052456063 0.0465373385762051 0
687 0.01930496320322893 0.0371967957537928 0
688 0.02410613583218048 0.01654483516383511 0
689 0.02410613583218219 0.06345516483616312 0
690 0.01207192909440593 0.04397625950871454 0
691 0.02325663292592488 0.03027955456645181 0
692 0.02324687046839175 0.0497222432813588 0
693 0.01287203252876899 0.007848710727874493 0
694 0.01287203252877005 0.07215128927212476 0
695 0.03497874595963759 0.01361838927317429 0
696 0.03497874595964219 0.06638161072682444 0
697 0.01321828671935902 0.02491475878039404 0
698 0.0132182867193586 0.05508524121960615 0
699 0.03242314372175972 0.04900472555962029 0
700 0.03455957284301925 0.02431070956623925 0
701 0.03456012181263479 0.05568552355675092 0
702 0.00787437054837619 0.01305529503997867 0
703 0.007874370548376822 0.06694470496002436 0
704 0.01280812121448823 0.02819127455595885 0
705 0.01281010659526068 0.05181008659653615 0
706 0.007812583315808004 0.03163191717306885 0
707 0.007811632290177959 0.04837117278232642 0
708 0.02526493025919537 0.0202852666692241 0
709 0.02526493025919787 0.05971473333077446 0
710 0.02407920926877647 0.07286916605963643 0
711 0.02407920926877495 0.007130833940364741 0
712 0.01174859065959971 0.0170670904832063 0
713 0.01174859065959377 0.06293290951679391 0
714 0.004428808688197809 0.03760077898288973 0
715 0.004428808688200322 0.04239922101711502 0
716 0.01678896920339256 0.03618416140781913 0
717 0.03219978089797333 0.027067427392807 0
718 0.03801393187345351 0.05255996380084137 0
719 0.03221061244958664 0.05291417203139213 0
720 0.01353265004275682 0.004399112331432964 0
721 0.01353265004275625 0.075600887668565 0
722 0.001934917273379806 0.02192331895353537 0
723 0.001934917273385632 0.0580766810464677 0
724 0.01054964540919135 0.03528382800380681 0
725 0.01861238191688182 0.04380725835651093 0
726 0.03548249136548762 0.0208965331656046 0
727 0.0354994766750155 0.05913496164493399 0
728 0.009732903662061154 0.02995533594753543 0
729 0.009713909242968432 0.05008022473412365 0
730 0.02057544443579992 0.01627259738365792 0
731 0.02057544443579901 0.06372740261634098 0
732 0.03803228261189233 0.02740377163403453 0
733 0.01381846720261273 0.03395693822147291 0
734 0.02722787989405506 0.07239909573639328 0
735 0.02722787989405401 0.007600904263607108 0
736 0.01154264419107498 0.03023020028061455 0
737 0.0115940515819496 0.04977292684282045 0
738 0.02155403967498374 0.02331644591687576 0
739 0.02155403967498294 0.05668355408312412 0
740 0.01473223070634102 0.02845526706939397 0
741 0.01473223070634096 0.05154473293060666 0
742 0.0079689562942638 0.0376105356748719 0
743 0.007958074565141122 0.04236779642631883 0
744 0.0307408894232959 0.03474030210863876 0
745 0.004933848333911236 0.0718090128382807 0
746 0.004933848333911766 0.008190987161719523 0
747 0.03816062941584871 0.03434473190317226 0
748 0.01027266013898598 0.04521671433634995 0
749 0.03181776167087887 0.07513037980803576 0
750 0.03181776167087998 0.004869620191965434 0
751 0.02379804533540271 0.02564995593966733 0
752 0.02379804533540115 0.05435004406033222 0
753 0.0164600482686243 0.031245114922254 0
754 0.0164580187632602 0.0487334876784427 0
755 0.02926194638523572 0.01260274941355628 0
756 0.02926194638523789 0.0673972505864416 0
757 0.01618806755443578 0.009688586979681311 0
758 0.01618806755443621 0.07031141302031807 0
759 0.03559485523087932 0.05307563870240713 0
760 0.02570965334022403 0.0416583135661342 0
761 0.03563161399121817 0.02691036739301559 0
762 0.01144857337101754 0.03863190046364172 0
763 0.01142370092796441 0.04132715655470221 0
764 0.02547351048226975 0.04405156324700445 0
765 0.03036754459337106 0.04562922292165977 0
766 0.0380366448649276 0.01143625920122203 0
767 0.038036644864927 0.06856374079877679 0
768 0.03819372398150807 0.01488818350013062 0
769 0.03819372398150608 0.06511181649985168 0
770 0.00451470695577862 0.02037012685785766 0
771 0.004514706955777317 0.05962987314214527 0
772 0.01814255270743052 0.02358452143977924 0
773 0.0181425527074297 0.05641547856022056 0
774 0.00729231959089025 0.0348635732964768 0
775 0.007264674747435694 0.04524703633190755 0
776 0.03583973056277029 0.04941676920295251 0
777 0.03530908880143846 0.073978864399827 0
778 0.03530908880143969 0.006021135600174366 0
779 0.01605389015643408 0.04495491946703284 0
780 0.03590021910846177 0.03034772871868082 0
781 0.03077822133425218 0.01869626912234805 0
782 0.03077822133425449 0.06130373087765096 0
783 0.03117706478276858 0.02342909561848521 0
784 0.03117515365124355 0.05657190418315227 0
785 0.01496047452588965 0.007957255252227534 0
786 0.01496047452589085 0.07204274474777049 0
787 0.0215576000332269 0.03702187429807279 0
788 0.001764921061238815 0.01426674061014743 0
789 0.001764921061248411 0.06573325938986196 0
790 0.0179951063717244 0.006553641538874277 0
791 0.01799510637172538 0.07344635846112191 0
792 0.03326820591336013 0.04098910847159275 0
793 0.02265805480336648 0.02737444578142486 0
794 0.02265812552497765 0.05262548716451876 0
795 0.01996072473657466 0.04280021199053986 0
796 0.02347158435622885 0.01088616538439191 0
797 0.02347158435622991 0.06911383461560783 0
798 0.01393702443407664 0.01601944981485665 0
799 0.01393702443407151 0.06398055018514434 0
800 0.01907212088656749 0.02620310198442436 0
801 0.01907212088656646 0.05379689801557559 0
802 0.01694205536362426 0.01531870006991538 0
803 0.01694205536362242 0.06468129993008281 0
804 0.02042074886474158 0.004432475252909993 0
805 0.02042074886474578 0.07556752474709003 0
806 0.02332262503660399 0.01427527117536914 0
807 0.02332262503660407 0.06572472882462921 0
808 0.0239774095642386 0.04115557566033161 0
809 0.03547954569687896 0.04226508001286194 0
810 0.01350493393302933 0.04662804643426245 0
811 0.004758768031323516 0.02690338372328908 0
812 0.004758768031329453 0.05309661627671097 0
813 0.01066413928038729 0.0332287067187436 0
814 0.01353378842255196 0.01404272309898921 0
815 0.01353378842254849 0.06595727690101194 0
816 0.02181445291499853 0.008646176790839257 0
817 0.02181445291499982 0.07135382320916163 0
818 0.02707360994937247 0.03052380816654355 0
819 0.001802809682053783 0.06887186993172011 0
820 0.001802809682056246 0.01112813006828801 0
821 0.01519910938695668 0.01867993858619557 0
822 0.01519910938695111 0.06132006141380104 0
823 0.01406448220099069 0.001801766009850874 0
824 0.01406448220099397 0.07819823399014329 0
825 0.02532927433413993 0.03212088864921275 0
826 0.03368098738909757 0.01864551251050432 0
827 0.03368098738909973 0.06135448748949272 0
828 0.02377234483965358 0.03896385121350142 0
829 0.03046664499122504 0.02952358630942191 0
830 0.005963591337626401 0.004349328290124106 0
831 0.00596359133762564 0.07565067170987459 0
832 0.01345391202280381 0.02138153256743473 0
833 0.01345391202279997 0.05861846743256539 0
834 0.02926937267515462 0.02085049328036252 0
835 0.02926937267515741 0.05914950671963494 0
836 0.01418057551272698 0.04347035338759835 0
837 0.01338398545708619 0.01946715461264268 0
838 0.01338398545708262 0.0605328453873548 0
839 0.02608239490743524 0.01330338344878419 0
840 0.02608239490743634 0.06669661655121489 0
841 0.02561894422862993 0.02593694679435653 0
842 0.02561987038620884 0.05406277233339635 0
843 0.00455339128677892 0.03333006883655072 0
844 0.004553391286778521 0.04666993116344979 0
845 0.008562174807191797 0.02291573841901615 0
846 0.008562174807190142 0.05708426158098375 0
847 0.02882766366712479 0.03766953497497678 0
848 0.02195683565907696 0.03139891619513171 0
849 0.02191781888415734 0.0486004219298997 0
850 0.0180946952696999 0.02084904438373711 0
851 0.01809469526969744 0.05915095561626177 0
852 0.03045925131365249 0.05069793470177938 0
853 0.03825454453705958 0.007876913235468389 0
854 0.03825454453705671 0.07212308676452248 0
855 0.01012418825059714 0.02703031083312469 0
856 0.01012418825059711 0.0529696891668757 0
857 0.02541578546918642 0.07174563661180701 0
858 0.02541578546918532 0.008254363388193022 0
859 0.01589703654376975 0.03435787144534675 0
860 0.01097379383897183 0.001713405625320769 0
861 0.01097379383897713 0.07828659437468158 0
862 0.0227291488646773 0.01757206032998863 0
863 0.02272914886467655 0.06242793967001065 0
864 0.009000855313651891 0.01845525108442488 0
865 0.009000855313648533 0.06154474891557403 0
866 0.02683366520878863 0.0494692303471354 0
867 0.02576913448892419 0.07832063074645346 0
868 0.02576913448891437 0.00167936925355547 0
869 0.02666769379970299 0.07514529605951727 0
870 0.02666769379969794 0.004854703940482186 0
871 0.03827738697987936 0.04355091956807506 0
872 0.0322548903320594 0.01317994960457971 0
873 0.03225489033206305 0.06682005039541912 0
874 0.01271281012639773 0.01087668912836993 0
875 0.01271281012639848 0.06912331087162994 0
876 0.03379286406429202 0.05220578025304992 0
877 0.01518840923281948 0.02195532921480584 0
878 0.01518840923281889 0.05804467078519419 0
879 0.03811190570318427 0.05777326028213687 0
880 0.01693334398130194 0.03910016069243098 0
881 0.02299954417425522 0.04347735415225678 0
882 0.03829064519553307 0.01657186573695854 0
883 0.03829064519553096 0.06342813426302013 0
884 0.03341683241089703 0.04699324610753287 0
885 0.03807367650110294 0.02219740759840457 0
886 0.004162689845378899 0.03108354923764299 0
887 0.004162689845378956 0.04891645076235609 0
888 0.01085624555999844 0.04689279614387644 0
889 0.02009532767937861 0.02903961760687258 0
890 0.02008486224830409 0.05096973261326529 0
891 0.01893395371650772 0.03564264316505523 0
892 0.001708436872544007 0.07340328021085633 0
893 0.001708436872542185 0.006596719789156372 0
894 0.03582814107817087 0.03678280344709899 0
895 0.03375184264575055 0.02776337973947488 0
896 0.001561433110932125 0.03257218829010106 0
897 0.001561433110923778 0.04742781170991263 0
898 0.03575815076174482 0.00923764741482108 0
899 0.03575815076174689 0.07076235258518038 0
900 0.005375911450489345 0.02183117810855616 0
901 0.005375911450491375 0.05816882189144648 0
902 0.001736143151365014 0.06393885140844849 0
903 0.00173614315135776 0.01606114859155887 0
904 0.01739405540055389 0.04348020795653368 0
905 0.02434396905831778 0.0288982240133026 0
906 0.02435001290124923 0.05112412226119849 0
907 0.02875137655281963 0.05224619502495797 0
908 0.02877006703863958 0.02777262059650377 0
909 0.0306262901549099 0.03302116118824632 0
910 0.006874999999985722 0.001570750901817027 0
911 0.006875000000017357 0.07842924909818742 0
912 0.01027702866781962 0.02046616968884139 0
913 0.01027702866781512 0.05953383031115847 0
914 0.01016916051414717 0.01183694020292933 0
915 0.01016916051414814 0.06816305979707153 0
916 0.03311794305339454 0.07841278732396735 0
917 0.03311794305337222 0.001587212676028518 0
918 0.001671478809237899 0.0254967484886956 0
919 0.001671478809247705 0.05450325151130518 0
920 0.009512457811244816 0.03797969211136547 0
921 0.009530752159177983 0.04207476731449914 0
922 0.03454073810772703 0.05765151105983122 0
923 0.03453891691718058 0.02235121253524134 0
924 0.01590745166504334 0.001674772179593941 0
925 0.01590745166504573 0.07832522782042332 0
926 0.01833690844919622 0.008719758569906696 0
927 0.01833690844919741 0.07128024143009301 0
928 0.01057536878243209 0.01498290678536455 0
929 0.01057536878242779 0.06501709321463404 0
930 0.02995532182389374 0.04752239303119606 0
931 0.03579504418483229 0.03884485105602387 0
932 0.02507756291679832 0.04757298931512707 0
933 0.03516426597453104 0.01525682939540364 0
934 0.03516426597453393 0.06474317060459629 0
935 0.03631012361195021 0.01738304394271321 0
936 0.03631012361195839 0.06261695605728265 0
937 0.03819343942905384 0.004214684573057868 0
938 0.0381934394290527 0.07578531542693773 0
939 0.033950577695738 0.03951857318115542 0
940 0.00507571053156149 0.06507194826095133 0
941 0.00507571053156311 0.01492805173904953 0
942 0.02606721122171147 0.0387559836592535 0
943 0.01877516218490189 0.001351415652088081 0
944 0.01877516218492599 0.07864858434790944 0
945 0.03253273320645769 0.03784805681891412 0
946 0.02116553055731208 0.03422046399583001 0
947 0.02826486543059351 0.01796803083568576 0
948 0.02826486543059657 0.06203196916431337 0
949 0.01681398149511778 0.004204026780754946 0
950 0.0168139814951208 0.07579597321924639 0
951 0.0321247138160906 0.04513697950477307 0
952 0.02489891512416528 0.009993430396867942 0
953 0.02489891512416625 0.07000656960313167 0
954 0.01472230588927603 0.03093219586072332 0
955 0.01466915595357695 0.04908808343738864 0
956 0.02393520198335699 0.0357484699385703 0
957 0.03084152011632802 0.04050863518697175 0
958 0.01375234631528599 0.0406908266446865 0
959 0.02002367024873349 0.0326665409969076 0
960 0.01641659478636619 0.02375581390548295 0
961 0.01641659478636679 0.05624418609451669 0
962 0.0142486802186824 0.03683498433090453 0
963 0.03871598736010196 0.05106913347972363 0
964 0.01712330913391952 0.02848288521781875 0
965 0.01712327031028828 0.05151725839068135 0
966 0.008563320238541335 0.004178194468362756 0
967 0.008563320238542345 0.07582180553163669 0
968 0.01635649751203795 0.02075960501737218 0
969 0.01635649751203532 0.05924039498262609 0
970 0.003736818364361658 0.06320677083905042 0
971 0.00373681836436472 0.01679322916095349 0
972 0.008659272366765558 0.02854114334509805 0
973 0.008659310359313308 0.05145889147414436 0
974 0.03872660414737808 0.02885985870617818 0
975 0.02255730706853243 0.04200434680670382 0
976 0.03396783321073665 0.03284585144432604 0
977 0.0174591050834172 0.01687805523783698 0
978 0.01745910508341371 0.06312194476216074 0
979 0.001608349727820648 0.07616024922195751 0
980 0.001608349727821651 0.003839750778042805 0
981 0.02333170833150216 0.005495198871495108 0
982 0.02333170833150331 0.07450480112850552 0
983 0.02130422856264019 0.01208961195156111 0
984 0.0213042285626408 0.06791038804843895 0
985 0.03263285438577714 0.016099024821215 0
986 0.03263285438577975 0.06390097517878343 0
987 0.0384729517626371 0.03195724726212767 0
988 0.007020698969838162 0.02667946074322511 0
989 0.007020698969840323 0.05332053925677416 0
990 0.01179880339978252 0.003929712341143126 0
991 0.01179880339978412 0.07607028765885657 0
992 0.03849166389039121 0.04839367847208369 0
993 0.005870206030126555 0.02390839127119297 0
994 0.005870206030134864 0.0560916087288087 0
995 0.001586239216558774 0.03577631684592845 0
996 0.001586239216557823 0.04422368315407319 0
997 0.02818678989761366 0.07619249239096348 0
998 0.02818678989761019 0.003807507609033417 0
999 0.03237926799510019 0.02181956533952712 0
1000 0.03237926799509919 0.05818043466046891 0
1001 0.01204175677189576 0.009293381500464779 0
1002 0.01204175677189753 0.07070661849953461 0
1003 0.01995083764696235 0.04758553863616486 0
1004 0.02276279113751755 0.04658318840700894 0
1005 0.02737772274814377 0.01106101164629767 0
1006 0.0273777227481452 0.06893898835370198 0
1007 0.007656483044236016 0.02112979943518455 0
1008 0.007656483044233391 0.05887020056481512 0
1009 0.003663751580550529 0.001597089397078357 0
1010 0.003663751580554854 0.07840291060292019 0
1011 0.01881798400695442 0.0137720692051828 0
1012 0.01881798400695372 0.06622793079481752 0
1013 0.01796114518580474 0.01209553369275645 0
1014 0.01796114518580475 0.06790446630724321 0
1015 0.007459512093207693 0.01910688591250138 0
1016 0.007459512093203583 0.06089311408749852 0
1017 0.006242720219439998 0.0294485842628094 0
1018 0.006242720219441406 0.05055141573719014 0
1019 0.03631521523805865 0.07839198878977917 0
1020 0.03631521523805489 0.00160801121022169 0
1021 0.03230863185100714 0.01943025899061264 0
1022 0.0323086305161269 0.06056974294661083 0
1023 0.01476227979052167 0.01127601846587568 0
1024 0.01476227979052191 0.06872398153412362 0
1025 0.02945611809111121 0.0149358269800294 0
1026 0.02945611809111443 0.06506417301996986 0
1027 0.003930582672931569 0.02792293153102281 0
1028 0.003930582672936559 0.0520770684689769 0
1029 0.003769746361853198 0.07395529392010915 0
1030 0.003769746361853543 0.006044706079891545 0
1031 0.02820101835540575 0.02556328684385362 0
1032 0.02820101835540459 0.05443671315614746 0
1033 0.01506640729389603 0.004832378582070185 0
1034 0.0150664072938965 0.07516762141792729 0
1035 0.03420436153768923 0.07627221414343045 0
1036 0.03420436153768834 0.00372778585656969 0
1037 0.0271317865963713 0.02286764952296684 0
1038 0.02713178772382061 0.05713235040292566 0
1039 0.03212749254991451 0.03485153050605416 0
1040 0.001426867914020464 0.06135243874173867 0
1041 0.001426867914027789 0.01864756125828787 0
1042 0.02809584749326089 0.03581333532886572 0
1043 0.03374539584350404 0.03640968885429432 0
1044 0.03859396174512127 0.03813220935804763 0
1045 0.01204262358402566 0.03665999811692806 0
1046 0.01174869031487488 0.01369051973763082 0
1047 0.01174869031486873 0.06630948026237064 0
1048 0.008798344511877651 0.0149574087143662 0
1049 0.008798344511875729 0.065042591285632 0
1050 0.02260690426781074 0.03317940431916908 0
1051 0.0182437272132665 0.03321871129411518 0
1052 0.03874436810725441 0.06067871206572172 0
1053 0.03875819806767575 0.01932009739347203 0
1054 0.03616189531884315 0.05540790321413904 0
1055 0.02143598604599134 0.04462995511899295 0
1056 0.03616203398662698 0.02456742406221341 0
1057 0.0240301594882009 0.04470484859440081 0
1058 0.005867679768945212 0.01850024931312743 0
1059 0.005867679768943349 0.06149975068687458 0
1060 0.01180564754881756 0.01845031938676212 0
1061 0.0118056475488139 0.06154968061323762 0
1062 0.009083436467340297 0.02524485044570188 0
1063 0.009083436467341464 0.05475514955429841 0
1064 0.02809900112945658 0.009184898083645766 0
1065 0.02809900112945732 0.07081510191635347 0
1066 0.01824712406301683 0.02221335437103824 0
1067 0.01824712406301593 0.05778664562896121 0
1068 0.003987686345145556 0.009003659561879793 0
1069 0.003987686345145574 0.07099634043812061 0
1070 0.0281502367207382 0.04185620247608754 0
1071 0.03892170881215963 0.05435967910358358 0
1072 0.03667635240931552 0.04064948009748488 0
1073 0.02006530801182629 0.01085890781843494 0
1074 0.02006530801182695 0.06914109218156504 0
1075 0.03588909379212561 0.01216279575295422 0
1076 0.03588909379213263 0.06783720424704556 0
1077 0.01904978338015131 0.03874002663424346 0
1078 0.0213475487508568 0.03997322811708947 0
1079 0.01086659845800812 0.04000313255873237 0
1080 0.02590102084085509 0.02792181320930957 0
1081 0.02589436469778127 0.05207891815231862 0
1082 0.03077879075432849 0.02604380372526695 0
1083 0.03078193922645098 0.05394140890043714 0
1084 0.02204639807005245 0.01384002782355489 0
1085 0.02204639807005261 0.06615997217644423 0
1086 0.03892332713363514 0.02560211025345889 0
1087 0.02197032558199032 0.0223460579106207 0
1088 0.02197032558199018 0.05765394208937921 0
1089 0.03044161539394124 0.01735742303223052 0
1090 0.03044161539394466 0.06264257696776848 0
1091 0.03668398659093399 0.01414283141565508 0
1092 0.03668398659093543 0.06585716858434201 0
1093 0.01132142682688788 0.02485014494869909 0
1094 0.01132142682688877 0.05514985505130054 0
1095 0.0272641688691332 0.04646323735603126 0
1096 0.0323598211029965 0.04390529806893821 0
1097 0.03589152223594251 0.04809709321298949 0
1098 0.01760210346469624 0.02662896646929254 0
1099 0.01760210217023296 0.05337103831891844 0
1100 0.01577727261146302 0.04630755025494901 0
1101 0.02631188488648291 0.03356232123016204 0
1102 0.03592708205224806 0.03164211055284036 0
1103 0.0249262912270602 0.01296981830303529 0
1104 0.02492629122706108 0.06703018169696361 0
1105 0.03095107229411169 0.07635218013115506 0
1106 0.03095107229410991 0.003647819868848872 0
1107 0.02757544235682783 0.03351588805910333 0
1108 0.004063648900194421 0.02566675427074133 0
1109 0.004063648900202072 0.05433324572925966 0
1110 0.03129182007602212 0.01273780583113266 0
1111 0.03129182007602514 0.06726219416886575 0
1112 0.02679237019231564 0.02529049088304122 0
1113 0.02679268918953955 0.05470958551060309 0
1114 0.003476978077881216 0.06603436753167853 0
1115 0.003476978077877153 0.01396563246832765 0
1116 0.03900899809349481 0.01316107193213386 0
1117 0.03900899809349785 0.06683892806782359 0
1118 0.02596731670097681 0.04281590449034494 0
1119 0.02152372350591095 0.00540884882014991 0
1120 0.02152372350591245 0.07459115117985297 0
1121 0.03662135261659451 0.0459476748659983 0
1122 0.003614969975250787 0.03433345425248135 0
1123 0.003614969975248343 0.04566654574752032 0
1124 0.01709790996308758 0.0405643897627787 0
1125 0.03837339937924646 0.04148220475380383 0
1126 0.03307462217169799 0.01098522889668214 0
1127 0.0330746221717013 0.06901477110331694 0
1128 0.03860405042233251 0.04637075897153787 0
1129 0.003745751984322646 0.06815207375982139 0
1130 0.003745751984325929 0.01184792624018298 0
1131 0.001633656196974013 0.001547338740884246 0
1132 0.001633656196977114 0.07845266125911783 0
1133 0.0207044600509047 0.02567477685229107 0
1134 0.02070446005090295 0.05432522314770905 0
1135 0.03686666227672045 0.03400677055491098 0
1136 0.02738758292678711 0.0785111451325262 0
1137 0.02738758292677297 0.001488854867481337 0
1138 0.02131156369634756 0.04174019619244498 0
1139 0.03456079113558093 0.04403175788468658 0
1140 0.001447212628730122 0.0271513588341004 0
1141 0.001447212628732633 0.05284864116590312 0
1142 0.03836298623682296 0.07839088386055126 0
1143 0.03836298623682091 0.001609116139445693 0
1144 0.01582998404403134 0.01334879752478334 0
1145 0.0158299840440305 0.06665120247521622 0
1146 0.01143777102711054 0.02217161584789593 0
1147 0.01143777102710701 0.05782838415210432 0
1148 0.007182340124164624 0.06944571267094565 0
1149 0.007182340124165687 0.01055428732905605 0
1150 0.0185556175984366 0.003185899890586751 0
1151 0.01855561759844118 0.07681410010941422 0
1152 0.02171680824422603 0.03586989183842474 0
1153 0.03413503177748661 0.07323382859435427 0
1154 0.03413503177748645 0.006766171405646196 0
1155 0.02086888526722365 0.07859756063254822 0
1156 0.02086888526722549 0.001402439367467154 0
1157 0.008566616603893481 0.01717245957403968 0
1158 0.008566616603890444 0.06282754042595799 0
1159 0.003222904368877926 0.06122331201187501 0
1160 0.003222904368880119 0.0187766879881295 0
1161 0.0352758189457304 0.0544738273743914 0
1162 0.001341104034250452 0.06692982715209121 0
1163 0.001341104034248557 0.01307017284793723 0
1164 0.03665706083964147 0.01934093063916955 0
1165 0.03665706083964489 0.06065906936082913 0
1166 0.005662271055829879 0.03823269296293143 0
1167 0.005662296123972486 0.04176727722386897 0
1168 0.01073735779014186 0.04393591077562927 0
1169 0.03330377570065209 0.02486198092401056 0
1170 0.03330400225620093 0.05513718253046427 0
1171 0.01746891296760953 0.009941485459778366 0
1172 0.01746891296760988 0.07005851454022156 0
1173 0.02674757505721368 0.01528319496813188 0
1174 0.02674757505721609 0.06471680503186748 0
1175 0.02071618601406859 0.007280355427784308 0
1176 0.02071618601406914 0.0727196445722165 0
1177 0.02081627837816508 0.04576417937994421 0
1178 0.0129436460396851 0.04484721010171681 0
1179 0.001519972381038117 0.02325202002256799 0
1180 0.001519972381041496 0.05674797997744521 0
1181 0.009492370012873761 0.009950791914248759 0
1182 0.00949237001287514 0.07004920808575257 0
1183 0.03182471838985795 0.03201038615826571 0
1184 0.009060213345460626 0.0311026448883602 0
1185 0.009069159572172048 0.04890555411023334 0
1186 0.03876997009923773 0.006771288620278721 0
1187 0.03876997009923364 0.0732287113797115 0
1188 0.001272195961722337 0.07205160965035087 0
1189 0.001272195961722802 0.007948390349668258 0
1190 0.01351869857349183 0.03265882547172102 0
1191 0.03206124874071591 0.01493179304302869 0
1192 0.0320612487407194 0.06506820695697053 0
1193 0.03071770897230644 0.03666787919648328 0
1194 0.02513139430834364 0.07650222383563061 0
1195 0.02513139430833696 0.003497776164370251 0
1196 0.03698560080975477 0.04346778527184472 0
1197 0.02904096140618532 0.03483708493907891 0
1198 0.01913140381036773 0.007406688485775982 0
1199 0.01913140381037039 0.07259331151422413 0
1200 0.03528021770933755 0.02549656784603618 0
1201 0.007347482550163134 0.03602728253779101 0
1202 0.007482817930885606 0.04404831593727865 0
1203 0.02532608115473024 0.01691825857646644 0
1204 0.02532608115473304 0.06308174142353237 0
1205 0.03059024315120135 0.0100491865297135 0
1206 0.03059024315120381 0.0699508134702841 0
1207 0.008876898743288489 0.02189560359040254 0
1208 0.008876898743285858 0.05810439640959741 0
1209 0.01956540177760644 0.03972918242990781 0
1210 0.009546727850263186 0.03463318175617516 0
1211 0.0190708916751961 0.04073206321373855 0
1212 0.03070058844209347 0.05749713175556719 0
1213 0.03070092849999875 0.02250305225388032 0
1214 0.02860895801616181 0.04320963982605212 0
1215 0.01250485809025237 0.03880936655796775 0
1216 0.03508838884387482 0.02815216493706909 0
1217 0.0139138325924745 0.0480111203305 0
1218 0.02988472915790853 0.04344627923643463 0
1219 0.02319295246195566 0.0786527271233327 0
1220 0.02319295246192358 0.001347272876674496 0
1221 0.01779195734753826 0.03659259445352583 0
1222 0.01506353749098115 0.02970121570069242 0
1223 0.01506296614741062 0.05030089769762607 0
1224 0.02930530278503908 0.02643542611817097 0
1225 0.01253465655031682 0.04128117925852497 0
1226 0.02930185518632279 0.05356823111205723 0
1227 0.007988340998036438 0.00124895570575021 0
1228 0.007988340998054915 0.07875104429425168 0
1229 0.03197866955576909 0.07872141438619275 0
1230 0.0319786695557502 0.001278585613806318 0
1231 0.03502657296202479 0.05175177771994652 0
1232 0.005212624375703361 0.0321057565152536 0
1233 0.005212624375703913 0.04789424348474634 0
1234 0.006795438489255866 0.06366846625255229 0
1235 0.006795438489257915 0.01633153374744734 0
1236 0.005783785019582413 0.06944929282863858 0
1237 0.005783785019584283 0.01055070717136286 0
1238 0.03049066172650569 0.07229137341760083 0
1239 0.03049066172650444 0.007708626582397527 0
1240 0.02815147836304924 0.04547531256223074 0
1241 0.001351632184992587 0.02072442248312204 0
1242 0.001351632185004448 0.05927557751687743 0
1243 0.01039542106040488 0.02582004223665656 0
1244 0.01039542106040539 0.05417995776334354 0
1245 0.007532277142586224 0.02788767990547267 0
1246 0.007532277142587977 0.05211232009452608 0
1247 0.02898208524892154 0.02389200406408945 0
1248 0.0289821586145731 0.05610804713904153 0
1249 0.003284252893235306 0.04168304917038131 0
1250 0.003284252893242301 0.03831695082962103 0
1251 0.01517360708114509 0.02628513686865244 0
1252 0.01517366381447199 0.05371493093875046 0
1253 0.001100018584058639 0.03153889850127693 0
1254 0.001100018584054923 0.04846110149874375 0
1255 0.0226303875307356 0.02856287009849001 0
1256 0.02263506433320246 0.05146025591276776 0
1257 0.005167508497999327 0.03596301339430008 0
1258 0.005156182055150276 0.04404563971245654 0
1259 0.01108301251535783 0.002928305646306642 0
1260 0.01108301251535921 0.07707169435369379 0
1261 0.01171764313891453 0.02751605239296237 0
1262 0.01171881829881489 0.05248480665325751 0
1263 0.03695048659862368 0.01077848035810475 0
1264 0.03695048659862717 0.06922151964189642 0
1265 0.03251847510560773 0.04247952234781194 0
1266 0.003604064383071742 0.07696824464603795 0
1267 0.003604064383071439 0.00303175535396086 0
1268 0.02393607925998539 0.03333895357572054 0
1269 0.02379244764934619 0.04558904811773522 0
1270 0.01257032821796716 0.001149716999920531 0
1271 0.01257032821798937 0.07885028300007955 0
1272 0.02644663344964279 0.01809962801416502 0
1273 0.02644663344964572 0.06190037198583364 0
1274 0.02898908870740484 0.01375213011200213 0
1275 0.02898908870740783 0.06624786988799557 0
1276 0.008648638773539212 0.007512505834464642 0
1277 0.008648638773539923 0.07248749416553614 0
1278 0.03480689468156343 0.03589780928420341 0
1279 0.0264714892201614 0.01170611554881195 0
1280 0.02647148922016256 0.06829388445118832 0
1281 0.02950660351345164 0.07872264644498318 0
1282 0.02950660351342849 0.001277353555019971 0
1283 0.01751782064619107 0.03091350059308591 0
1284 0.01753626422735767 0.04905650882133143 0
1285 0.02348384077415019 0.04010126374935764 0
1286 0.0107143233896023 0.006669826076501541 0
1287 0.01071432338960447 0.07333017392349885 0
1288 0.03171863852613786 0.04794461132397757 0
1289 0.03635658152996092 0.07697204357603674 0
1290 0.03635658152996118 0.003027956423964649 0
1291 0.02934865992344678 0.04951060670115937 0
1292 0.01554923972996478 0.03652410149738797 0
1293 0.007651713211846687 0.06563731432941801 0
1294 0.007651713211845696 0.01436268567058226 0
1295 0.0065768951161614 0.0739096889793059 0
1296 0.006576895116161615 0.006090311020695138 0
1297 0.02152815018460985 0.07673396335599471 0
1298 0.02152815018460277 0.003266036644012077 0
1299 0.02464696042113076 0.03689495457095995 0
1300 0.0260664571235066 0.03133766548035768 0
1301 0.004758842621562756 0.02278912873389853 0
1302 0.004758842621568797 0.05721087126610516 0
1303 0.02465619475034636 0.02343022452102669 0
1304 0.02465619475034533 0.05656977547897236 0
1305 0.007539315728972852 0.07133571687396027 0
1306 0.00753931572897323 0.008664283126040223 0
1307 0.01174538037636433 0.03531324457931606 0
1308 0.02991600893460582 0.04102867618312155 0
1309 0.02290582348904738 0.07208046673636655 0
1310 0.02290582348904602 0.007919533263634791 0
1311 0.01914211606529459 0.03079646736246517 0
1312 0.01914613169329428 0.04932100014362342 0
1313 0.02936438533528646 0.07311848396661604 0
1314 0.02936438533528409 0.006881516033382992 0
1315 0.02776965891300731 0.0158694840743624 0
1316 0.02776965891301038 0.06413051592563705 0
1317 0.02036186308923577 0.03743334962928077 0
1318 0.01861083573109999 0.01886809593499536 0
1319 0.01861083573109628 0.06113190406500349 0
1320 0.001244658804075141 0.02923415191252338 0
1321 0.001244658804076873 0.05076584808749929 0
1322 0.002966791211542226 0.06930967844144102 0
1323 0.002966791211544094 0.01069032155856152 0
1324 0.02961951613311195 0.03249838060152954 0
1325 0.002939978556333767 0.07589720470915623 0
1326 0.002939978556334702 0.004102795290844084 0
1327 0.03458640100477275 0.009510913076700657 0
1328 0.03458640100477529 0.07048908692329958 0
1329 0.01363127015487442 0.01174578635772332 0
1330 0.01363127015487438 0.06825421364227653 0
1331 0.02350735227819566 0.07640786850637309 0
1332 0.02350735227818964 0.003592131493628442 0
1333 0.002670755972594889 0.02286360844568837 0
1334 0.002670755972601688 0.05713639155431462 0
1335 0.02608763820063595 0.04658758460819235 0
1336 0.03681752281022258 0.02208174787156261 0
1337 0.01923162972102472 0.02341458837886353 0
1338 0.01923162972102367 0.05658541162113687 0
1339 0.01380884541334324 0.00303589460284893 0
1340 0.01380884541334625 0.07696410539714989 0
1341 0.02057200897712501 0.04367616577208316 0
1342 0.03207983891505366 0.009887376443798104 0
1343 0.03207983891505609 0.07011262355620022 0
1344 0.01179133931275741 0.04232349064563825 0
1345 0.0326442381566032 0.07147371989662497 0
1346 0.03264423815660138 0.008526280103373916 0
1347 0.03701772534277077 0.05807200989285483 0
1348 0.02823580035363789 0.02219813065014998 0
1349 0.0282357983932516 0.05780187091349388 0
1350 0.009514563485747488 0.03682020529542384 0
1351 0.009496163260257179 0.04321727042365939 0
1352 0.01640876664207663 0.03728531519348107 0
1353 0.02778461789735299 0.04424905918027636 0
1354 0.0188403351155212 0.0451532650233326 0
1355 0.02781733225490714 0.01998500213602196 0
1356 0.0278173322549098 0.06001499786397601 0
1357 0.002640773470215472 0.02942189678143636 0
1358 0.002640773470217234 0.05057810321856961 0
1359 0.004972434769700006 0.02824547140596458 0
1360 0.0049724347697051 0.05175452859403267 0
1361 0.03894754503823485 0.03337317254159702 0
1362 0.03073881563663524 0.04253147235237211 0
1363 0.02926142266960596 0.03043394955222935 0
1364 0.03436399164948234 0.01131420501838037 0
1365 0.03436399164948655 0.06868579498161982 0
1366 0.03149619833993104 0.0302664055613428 0
1367 0.02592185769550001 0.03480676762585846 0
1368 0.02661028949849648 0.03582834091246696 0
1369 0.02155700318860398 0.03030427153584536 0
1370 0.02149514688457197 0.04983152001894218 0
1371 0.02944578686418249 0.07443534462211363 0
1372 0.02944578686417954 0.005564655377886475 0
1373 0.01587879199048385 0.007136605716487522 0
1374 0.01587879199048556 0.07286339428351189 0
1375 0.01055681259447811 0.02328809524044736 0
1376 0.01055681259447653 0.05671190475955354 0
1377 0.02961770113914027 0.07724807782194816 0
1378 0.02961770113913662 0.002751922178056635 0
1379 0.03180833497403187 0.07403718439955735 0
1380 0.03180833497403127 0.005962815600442924 0
1381 0.02171200065624845 0.01667141716502097 0
1382 0.02171200065624816 0.06332858283497778 0
1383 0.03699287384842839 0.004260331965134302 0
1384 0.036992873848427 0.07573966803486686 0
1385 0.03870146080177792 0.05940043920370953 0
1386 0.0387673673190105 0.02078143222822759 0
1387 0.01584613820740438 0.03898760799410511 0
1388 0.01357227590415795 0.03130175520923223 0
1389 0.03374834920432495 0.03073667527663108 0
1390 0.03687123307349857 0.03950103615692193 0
1391 0.03440570076921783 0.0416660635025743 0
1392 0.009406367203200787 0.03249371993476208 0
1393 0.009448437222215011 0.04755259685272883 0
1394 0.01635075277772248 0.01828736570132417 0
1395 0.01635075277771616 0.0617126342986733 0
1396 0.01414932321333296 0.03800390599658244 0
1397 0.003042542665848272 0.02127862428343905 0
1398 0.003042542665852487 0.05872137571656589 0
1399 0.01456353704580519 0.01710593786477008 0
1400 0.01456353704579902 0.06289406213522894 0
1401 0.03001909332606904 0.01987871471196317 0
1402 0.03001909332607167 0.06012128528803513 0
1403 0.01525812906301524 0.0159438860523338 0
1404 0.01525812906301122 0.06405611394766557 0
1405 0.01703378844089795 0.04436728755100714 0
1406 0.03145860034327523 0.04995077700292475 0
1407 0.02922663067988289 0.0178069555414139 0
1408 0.02922663067988613 0.06219304445858495 0
1409 0.02449088558142766 0.006073635378753757 0
1410 0.0244908855814298 0.07392636462124683 0
1411 0.01991016819436521 0.01872686513605415 0
1412 0.01991016819436338 0.06127313486394505 0
1413 0.0149872459520487 0.03373089830593763 0
1414 0.02405617990282317 0.03111983054107536 0
1415 0.024147506047255 0.04898986157085563 0
1416 0.01280969127143106 0.02674833356618414 0
1417 0.0128096912714317 0.05325166643381589 0
1418 0.0151501849863052 0.02367591612618497 0
1419 0.01515018498630532 0.05632408387381897 0
1420 0.03012686697548549 0.01172628125915377 0
1421 0.03012686697548787 0.06827371874084424 0
1422 0.01160103357507111 0.03328131328738358 0
1423 0.02604700136120749 0.02116588954670658 0
1424 0.02604700136120972 0.05883411045329161 0
1425 0.0284075662133524 0.04065331769492478 0
1426 0.009718468991660758 0.0176849621133257 0
1427 0.009718468991657458 0.0623150378866722 0
1428 0.005825346814347753 0.07275221258557436 0
1429 0.005825346814348075 0.007247787414425445 0
1430 0.01289274433228386 0.01666292434904941 0
1431 0.01289274433227759 0.06333707565095228 0
1432 0.03876931007079931 0.01045943678091754 0
1433 0.03876931007079584 0.06954056321907377 0
1434 0.001318270662042954 0.04181008311445937 0
1435 0.001318270662042759 0.03818991688554174 0
1436 0.02681074558643156 0.0418088247673896 0
1437 0.01088329946730674 0.01279589385229787 0
1438 0.01088329946730573 0.06720410614770195 0
1439 0.0329146059322404 0.0500921687932825 0
1440 0.005283147951266371 0.07066571851158816 0
1441 0.005283147951267714 0.009334281488412761 0
1442 0.03648598514335173 0.006402410373550389 0
1443 0.03648598514335007 0.07359758962645024 0
1444 0.01248488603823085 0.02941976841031841 0
1445 0.012497140165923 0.05058490332058253 0
1446 0.02048281349595014 0.009782326865082198 0
1447 0.02048281349595116 0.070217673134918 0
1448 0.01317233218561505 0.005569782197101569 0
1449 0.0131723321856157 0.07443021780289666 0
1450 0.005979092633755113 0.06703073380710479 0
1451 0.005979092633756684 0.01296926619289653 0
1452 0.01952113578714636 0.004952673567281896 0
1453 0.01952113578714972 0.07504732643271764 0
1454 0.01918370417311894 0.02114805189339758 0
1455 0.01918370417311813 0.05885194810660156 0
1456 0.01288936526335937 0.02256147434198405 0
1457 0.01288936526335653 0.05743852565801699 0
1458 0.02196616428548362 0.01955527861510214 0
1459 0.02196616428548485 0.06044472138489732 0
1460 0.007653530648464274 0.0329541076301589 0
1461 0.007587709261244016 0.04711705780750357 0
1462 0.02951256275237657 0.03868542923298819 0
1463 0.02569427362509642 0.04861958556132711 0
1464 0.02560032187704547 0.07495884348269237 0
1465 0.02560032187704111 0.00504115651730728 0
1466 0.01586948532817046 0.01972714155632693 0
1467 0.01586948532816642 0.06027285844367018 0
1468 0.01793322110014635 0.04638309160003352 0
1469 0.03389793174329914 0.01353014408840672 0
1470 0.03389793174330361 0.06646985591159284 0
1471 0.0346185509963244 0.02007917706615309 0
1472 0.03461597296077934 0.05992504750085158 0
1473 0.02373118492606003 0.01826623530124228 0
1474 0.02373118492606224 0.06173376469875722 0
1475 0.009980899817980286 0.02808061254229042 0
1476 0.009980899817980237 0.05191938745771025 0
1477 0.02607416567381073 0.04060637822368537 0
1478 0.02659309385768627 0.04410864561930206 0
1479 0.03679510490840192 0.05277114949113897 0
1480 0.03248636456179822 0.01223941428646892 0
1481 0.03248636456180194 0.0677605857135295 0
1482 0.005297079432890917 0.06041090432997016 0
1483 0.005297079432894023 0.01958909567003175 0
1484 0.03492430409744846 0.04521069597008071 0
1485 0.03149881923797124 0.02806105915347882 0
1486 0.03888859182866206 0.03938421352867382 0
1487 0.03147981558612151 0.05198537991984219 0
1488 0.01504653700585891 0.04415822403685289 0
1489 0.03684104288804617 0.02715683030091362 0
1490 0.007161053153245722 0.03078138178203152 0
1491 0.007161159029394119 0.04921905211713217 0
1492 0.008880258994151687 0.01222783614821551 0
1493 0.0088802589941528 0.0677721638517863 0
1494 0.0309744048948759 0.02455340554706811 0
1495 0.03093961832498585 0.05546041437451011 0
1496 0.009023893043232646 0.04535781978726056 0
1497 0.03876030768649072 0.002986618216859597 0
1498 0.03876030768648944 0.07701338178313365 0
1499 0.03878610310166317 0.03545486933492718 0
1500 0.002832466350962747 0.02539565811431794 0
1501 0.002832466350971382 0.05460434188567863 0
1502 0.02382139572503812 0.01200605233052715 0
1503 0.02382139572503907 0.06799394766947206 0
1504 0.005387336015344287 0.06246309451425014 0
1505 0.005387336015343494 0.01753690548575576 0
1506 0.00947176530429727 0.005119472605760659 0
1507 0.009471765304298819 0.07488052739423935 0
1508 0.03890460321283218 0.01812499999995788 0
1509 0.03890460321284186 0.06187499999994867 0
1510 0.02653589384710488 0.03781212180045272 0
1511 0.03179154636462158 0.03859640643876985 0
1512 0.02532708168444907 0.02915458427018092 0
1513 0.02533369269678778 0.0508512937215781 0
1514 0.02971322423263788 0.02864184882721959 0
1515 0.003420249282422631 0.03699901312713057 0
1516 0.003420249282421808 0.04300098687287095 0
1517 0.02738823638484813 0.01355644990570838 0
1518 0.02738823638485 0.06644355009429039 0
1519 0.02277143992934065 0.02614912199511546 0
1520 0.02277144422486931 0.0538508739321163 0
1521 0.01060929077713088 0.005515226858088688 0
1522 0.01060929077713419 0.0744847731419112 0
1523 0.01674250670917815 0.0790847058444404 0
1524 0.01674250670914655 0.0009152941555663545 0
1525 0.004985323340410985 0.003429816782983914 0
1526 0.004985323340411219 0.07657018321701432 0
1527 0.01181422660643721 0.007233113070541359 0
1528 0.01181422660643867 0.07276688692945842 0
1529 0.007037475677645213 0.03832189824923473 0
1530 0.007037475677641876 0.0416781017507673 0
1531 0.02234752987711175 0.01128065192358737 0
1532 0.02234752987711276 0.06871934807641253 0
1533 0.02269580293484745 0.009963363283459432 0
1534 0.02269580293484898 0.07003663671654103 0
1535 0.01422104308068795 0.02549907232260562 0
1536 0.01422109318660391 0.0545009737222681 0
1537 0.0227820030239844 0.02043930905833286 0
1538 0.02278200302398588 0.05956069094166701 0
1539 0.02111153602821682 0.02440502810211599 0
1540 0.02111153602821549 0.05559497189788403 0
1541 0.0246427720406715 0.07878214750226992 0
1542 0.02464277204063647 0.001217852497731811 0
1543 0.02051196443702628 0.01746371104794733 0
1544 0.02051196443702522 0.0625362889520515 0
1545 0.02967988170090691 0.04837080932137711 0
1546 0.001131511078770149 0.02445593148890465 0
1547 0.001131511078780894 0.05554406851111206 0
1548 0.02782059946460522 0.04761212277022837 0
1549 0.01445647401858932 0.04626481212514083 0
1550 0.03740241355086638 0.03525365340396675 0
1551 0.02394018045173354 0.03452364463785852 0
1552 0.001265182328172016 0.07730056073624497 0
1553 0.00126518232817178 0.002699439263760912 0
1554 0.03492836941920932 0.03469984828861107 0
1555 0.008153789829349889 0.009743181777690591 0
1556 0.008153789829349799 0.07025681822231025 0
1557 0.02074417104961304 0.01974603264432437 0
1558 0.02074417104961261 0.06025396735567529 0
1559 0.007669557308056273 0.01184755470261505 0
1560 0.007669557308057295 0.06815244529738815 0
1561 0.01133302318711042 0.01954985277855346 0
1562 0.01133302318710792 0.06045014722144703 0
1563 0.001212010177919705 0.06992777061641411 0
1564 0.001212010177923647 0.01007222938359686 0
1565 0.02965890181537396 0.05142948912452421 0
1566 0.03888351914503148 0.03688537622698674 0
1567 0.01861085430163337 0.02488942324406887 0
1568 0.01861085430163217 0.05511057675593114 0
1569 0.009540020542683806 0.01949183108879843 0
1570 0.009540020542679767 0.06050816891120126 0
1571 0.01252901828762671 0.04929751358137047 0
1572 0.02928421898464592 0.009514950738227947 0
1573 0.02928421898464794 0.0704850492617707 0
1574 0.01089112444890506 0.009322302200873715 0
1575 0.01089112444890637 0.07067769779912686 0
1576 0.01143224843953463 0.03141135760678567 0
1577 0.01142836724409409 0.04876672581356239 0
1578 0.03727374315422805 0.04824627611925979 0
1579 0.03064461725786104 0.07488492289368955 0
1580 0.03064461725785936 0.005115077106312499 0
1581 0.02020688639552257 0.04650529347342216 0
1582 0.005687779954374207 0.07894385563129196 0
1583 0.005687779954352054 0.001056144368705423 0
1584 0.02069999872839764 0.01306885912464349 0
1585 0.02069999872839781 0.06693114087535627 0
1586 0.0119235926138233 0.04690695835625815 0
1587 0.0341312970433209 0.001151243359871509 0
1588 0.03413129704334109 0.07884875664012679 0
1589 0.008096993483626936 0.006365518587554598 0
1590 0.008096993483627579 0.07363448141244593 0
1591 0.0387050079940543 0.009036750453504109 0
1592 0.03870500799405354 0.07096324954648112 0
1593 0.01943479680133896 0.01650889072326972 0
1594 0.01943479680133727 0.06349110927672905 0
1595 0.0009452748425430983 0.07425332789265536 0
1596 0.0009452748425422216 0.005746672107364473 0
1597 0.001103974941273726 0.06235136860330338 0
1598 0.001103974941272391 0.01764863139673603 0
1599 0.02776250105305492 0.05147546885392967 0
1600 0.02353903522980352 0.0153615905323707 0
1601 0.02353903522980381 0.06463840946762764 0
1602 0.03023962144564457 0.04450466771941439 0
1603 0.01317501538503264 0.04351271593232738 0
1604 0.02285269403448099 0.03597960818168383 0
1605 0.03354893643980608 0.0177485508997114 0
1606 0.03354893639018175 0.06225144917230543 0
1607 0.03273142779693317 0.05392132653924648 0
1608 0.02778159381846887 0.02852373608353977 0
1609 0.01645362469121052 0.02612361083580339 0
1610 0.01645362469121003 0.05387638916419667 0
1611 0.005149020518728257 0.06825518845012352 0
1612 0.005149020518730286 0.01174481154987801 0
1613 0.03273288530982417 0.02608183175092117 0
1614 0.02860576999625293 0.01168985305478884 0
1615 0.02860576999625481 0.06831014694520927 0
1616 0.027154224924666 0.07346144531098467 0
1617 0.0271542249246634 0.006538554689015326 0
1618 0.01291566733955865 0.02382778300655901 0
1619 0.01291566733955428 0.05617221699344127 0
1620 0.03544272918093842 0.01633000149647523 0
1621 0.03544272918094252 0.06366999850352537 0
1622 0.02448590049962717 0.01931800856006153 0
1623 0.02448590049962981 0.06068199143993763 0
1624 0.03901876665951723 0.03065009128017591 0
1625 0.002657511452098442 0.001035753116494144 0
1626 0.00265751145210556 0.07896424688350508 0
1627 0.01194135776247455 0.03773903359599355 0
1628 0.03893378406778808 0.0494099579759144 0
1629 0.01729192941249097 0.005536176034282788 0
1630 0.01729192941249312 0.07446382396571653 0
1631 0.03733317279415731 0.07895980226437636 0
1632 0.03733317279415067 0.001040197735623281 0
1633 0.01272981934319947 0.03347184783590761 0
1634 0.02642047891564388 0.02413936032252994 0
1635 0.02642047891564222 0.0558606396774696 0
1636 0.01043562108283299 0.03850129198087759 0
1637 0.01039770422999205 0.04147731587153274 0
1638 0.006542277962194524 0.03188773512958268 0
1639 0.006709121044765256 0.04814120054938146 0
1640 0.03713841027972132 0.03149841687341796 0
1641 0.01590840606456749 0.02828147971201068 0
1642 0.01590830891380525 0.05171887964839333 0
1643 0.02087390807238734 0.02848140740348878 0
1644 0.02087390807238463 0.05151859259651246 0
1645 0.03316873126947983 0.03387579627647742 0
1646 0.0344417531194444 0.01816016692346306 0
1647 0.03444135550762846 0.06183981271041745 0
1648 0.01150143722723962 0.01147735115469467 0
1649 0.01150143722724175 0.06852264884530691 0
1650 0.01414423580281361 0.02435502027748788 0
1651 0.01414423580281241 0.05564497972251407 0
1652 0.03882701772876009 0.05687808755206659 0
1653 0.002424752188580835 0.03165878783672009 0
1654 0.002424752188567745 0.04834121216327555 0
1655 0.00713989481592571 0.02548179111614077 0
1656 0.007139894815929338 0.05451820888385947 0
1657 0.03680947894115896 0.05020179350486875 0
1658 0.03905433071388624 0.02304069814569366 0
1659 0.03165914809253868 0.07215474525061955 0
1660 0.03165914809253732 0.007845254749379112 0
1661 0.02417562055928987 0.02457675869509352 0
1662 0.02417562055928842 0.05542324130490572 0
1663 0.01089259503588225 0.01607645532397598 0
1664 0.01089259503587738 0.06392354467602264 0
1665 0.0328248614846223 0.04797356706554189 0
1666 0.0208805213444618 0.03184167675677495 0
1667 0.001112530071315028 0.03369851985559797 0
1668 0.001112530071311682 0.0463014801444195 0
1669 0.004434998309343114 0.07285200856348621 0
1670 0.004434998309345274 0.00714799143651416 0
1671 0.01560602105037209 0.04109017688541191 0
1672 0.03117902642101814 0.03563163684802225 0
1673 0.008838638077479073 0.02398515791472793 0
1674 0.008838638077480213 0.05601484208527215 0
1675 0.02227506431209355 0.02414353447516616 0
1676 0.02227506431209235 0.05585646552483353 0
1677 0.03564800569361092 0.04326764445723708 0
1678 0.0368277031876782 0.02960673867531845 0
1679 0.02820547442002643 0.03248104699104717 0
1680 0.02464466434671632 0.02134153098464553 0
1681 0.02464466434671775 0.05865846901535356 0
1682 0.02035937642539019 0.02084921057128164 0
1683 0.02035937642538954 0.05915078942871808 0
1684 0.03890748674005135 0.04441607900841505 0
1685 0.009639623430590541 0.00803073894478386 0
1686 0.009639623430591228 0.07196926105521766 0
1687 0.03735762260100416 0.01699492457239197 0
1688 0.03735762260101343 0.06300507542759498 0
1689 0.0100295505958909 0.001253084886175879 0
1690 0.01002955059589538 0.0787469151138248 0
1691 0.02798615767649386 0.04952838552374068 0
1692 0.01568494685722496 0.04211637601972058 0
1693 0.0389768183728348 0.0243138124428658 0
1694 0.0259649703361205 0.0452834320804436 0
1695 0.0334706842947109 0.0218730490304498 0
1696 0.03347092582863984 0.0581272867900825 0
1697 0.0199851661832611 0.01544463533520692 0
1698 0.01998516618326029 0.06455536466479227 0
1699 0.03892717377094287 0.0156795013622636 0
1700 0.03892717377094387 0.06432049863768902 0
1701 0.03286621102534246 0.07565029194709914 0
1702 0.03286621102534287 0.004349708052900992 0
1703 0.03709500010204186 0.008540044233901301 0
1704 0.03709500010204232 0.07145995576609686 0
1705 0.02594673044354074 0.03688167330621257 0
1706 0.006082561830860114 0.06455897400352893 0
1707 0.006082561830861768 0.01544102599647216 0
1708 0.02583323141415184 0.01925526900328591 0
1709 0.02583323141415479 0.06074473099671194 0
1710 0.01773648537238662 0.01790294248530077 0
1711 0.01773648537238233 0.06209705751469718 0
1712 0.01392139724824855 0.04255183977850279 0
1713 0.02099418379351192 0.0481799586183168 0
1714 0.03332388403431057 0.02877755946459175 0
1715 0.01070730230721642 0.02962252956703472 0
1716 0.01068062814132884 0.05039675185317594 0
1717 0.002655301949346862 0.06357174814258743 0
1718 0.002655301949348544 0.01642825185741889 0
1719 0.032173647542096 0.0405150891806721 0
1720 0.03892685333900509 0.05555719314144633 0
1721 0.03694249642259687 0.03708801873123365 0
1722 0.01495349235843755 0.02741763546837499 0
1723 0.01495390975080438 0.0525828105224706 0
1724 0.01385287838955437 0.03507252841137155 0
1725 0.03886408289892128 0.004943548631957107 0
1726 0.03886408289892142 0.0750564513680317 0
1727 0.01380474867964377 0.02914300170325675 0
1728 0.01381792632604626 0.0508682296046094 0
1729 0.01777971649182787 0.03869811320280309 0
1730 0.002818091398990798 0.07162083552042395 0
1731 0.002818091398990481 0.008379164479578743 0
1732 0.02139310528729736 0.01529605732461454 0
1733 0.02139310528729688 0.06470394267538439 0
1734 0.01754050452212171 0.00329128007884112 0
1735 0.01754050452212372 0.07670871992116191 0
1736 0.01613329878498893 0.002969830100294481 0
1737 0.01613329878499351 0.07703016989970932 0
1738 0.01680368150230913 0.04598707089377918 0
1739 0.004949549724664421 0.07493994437353074 0
1740 0.004949549724665448 0.005060055626467948 0
1741 0.002724286289084868 0.03534020702433493 0
1742 0.002724286289084497 0.04465979297566567 0
1743 0.01651765431501801 0.01446715600416004 0
1744 0.0165176543150166 0.06553284399583888 0
1745 0.03550921638277314 0.05044264657229743 0
1746 0.03281797834490356 0.04591786552747359 0
1747 0.01289717863994195 0.006720993657905588 0
1748 0.01289717863994341 0.07327900634209324 0
1749 0.01713461712261084 0.03191645092971609 0
1750 0.01729889050758901 0.04804352832282862 0
1751 0.02384449913948682 0.0225325962432047 0
1752 0.0238444991394865 0.05746740375679465 0
1753 0.01448904230294508 0.03990741565653416 0
1754 0.03490438453135148 0.07497887007980426 0
1755 0.0349043845313531 0.00502112992019723 0
1756 0.01788346383286383 0.0145690713981456 0
1757 0.01788346383286298 0.06543092860185309 0
1758 0.03554520358035103 0.02934278695877724 0
1759 0.03476364568027863 0.04946630541614405 0
1760 0.01083703240491131 0.03421963116223148 0
1761 0.02490738005141757 0.03898122703263975 0
1762 0.01652844478620076 0.02492574915555964 0
1763 0.01652844478619996 0.05507425084444047 0
1764 0.02838543143060206 0.07516740242531451 0
1765 0.0283854314305974 0.004832597574684529 0
1766 0.03224687923862795 0.02395913428125497 0
1767 0.03224577282340396 0.05604103296104494 0
1768 0.008368206796267966 0.002689361167949489 0
1769 0.008368206796271848 0.07731063883204896 0
1770 0.01968728647813228 0.02716546127734285 0
1771 0.01968728647812957 0.05283453872265637 0
1772 0.03894763637096517 0.05312684411191724 0
1773 0.02397425147438929 0.02036599409289736 0
1774 0.02397425147439112 0.05963400590710197 0
1775 0.03056329508960803 0.03918433471484107 0
1776 0.0341613818867252 0.01579633981781157 0
1777 0.03416138188672681 0.06420366018218843 0
1778 0.03179731849807054 0.07751757922852812 0
1779 0.03179731849807892 0.002482420771457842 0
1780 0.005362414694249265 0.02989188121122062 0
1781 0.005362414694251115 0.05010811878877835 0
1782 0.005915373663010772 0.02681217834487409 0
1783 0.005915373663014369 0.05318782165512301 0
1784 0.0157948956105086 0.01199558663690675 0
1785 0.01579489561050852 0.0680044133630929 0
1786 0.03481800797073732 0.01250574719502306 0
1787 0.03481800797074357 0.0674942528049763 0
1788 0.02411034596867943 0.03789852028559653 0
1789 0.01456164546869581 0.01371225991727516 0
1790 0.01456164546869392 0.06628774008272517 0
1791 0.008961371575503616 0.06639142833829341 0
1792 0.008961371575504112 0.01360857166170662 0
1793 0.01148200762532223 0.04487686293723762 0
1794 0.009668736338145509 0.003183744703812591 0
1795 0.009668736338147606 0.07681625529618612 0
1796 0.01776813062289459 0.0109632132905279 0
1797 0.01776813062289472 0.06903678670947194 0
1798 0.0368824166683045 0.01210440956553002 0
1799 0.0368824166683089 0.06789559043446668 0
1800 0.03890873697009729 0.04250772807858565 0
1801 0.01905598525190381 0.01129134952381861 0
1802 0.01905598525190406 0.06870865047618119 0
1803 0.02423687391948645 0.04693493364509373 0
1804 0.03887843299695246 0.05199747093190433 0
1805 0.0139322471975515 0.008442116953228855 0
1806 0.01393224719755245 0.07155788304677003 0
1807 0.001189364763403004 0.03690803321782373 0
1808 0.001189364763403288 0.04309196678218179 0
1809 0.02133994661700881 0.03803294580373312 0
1810 0.03343238813685952 0.03178839969574866 0
1811 0.02814616633272626 0.03045846711099216 0
1812 0.03547304274244671 0.07283912439458613 0
1813 0.03547304274244745 0.007160875605415428 0
1814 0.002643271941138886 0.07360598058967695 0
1815 0.002643271941134507 0.006394019410325228 0
1816 0.02822956633119195 0.07272472903210468 0
1817 0.02822956633119009 0.00727527096789493 0
1818 0.007041312846372817 0.02384052470107204 0
1819 0.007041312846379125 0.05615947529892928 0
1820 0.03895781634616473 0.0268519829009273 0
1821 0.02597154868406535 0.01052842060591085 0
1822 0.02597154868406631 0.06947157939408853 0
1823 0.01356522971978486 0.04170020848431812 0
1824 0.01515672336142056 0.005920341985760078 0
1825 0.01515672336142229 0.07407965801423914 0
1826 0.004304113178754928 0.06424018027700643 0
1827 0.00430411317876475 0.01575981972299497 0
1828 0.0331227317131723 0.07393319815130872 0
1829 0.03312273171317226 0.006066801848691162 0
1830 0.01864364350019612 0.03484416674880905 0
1831 0.01751146038101422 0.04135013765111469 0
1832 0.02173756950334035 0.02653695838787317 0
1833 0.02173756950333823 0.0534630416121269 0
1834 0.02769942152242584 0.0379022774828589 0
1835 0.0233306742908865 0.04279812302593822 0
1836 0.03787873016585559 0.03909825855759734 0
1837 0.01613743080428616 0.03227575114092105 0
1838 0.01608499350573062 0.04767144280277808 0
1839 0.006195646962144787 0.002878591834037669 0
1840 0.006195646962143729 0.07712140816595911 0
1841 0.02434986085738269 0.07176234422687189 0
1842 0.02434986085738245 0.008237655773129578 0
1843 0.03891040522126341 0.02798355270456461 0
1844 0.01387872660744837 0.02776695202714367 0
1845 0.01388092126239451 0.05223492584785942 0
1846 0.01688557462377807 0.01260269230208234 0
1847 0.01688557462377823 0.06739730769791742 0
1848 0.02484905778429143 0.0350173978837359 0
1849 0.01916569278144262 0.009313136648093325 0
1850 0.01916569278144345 0.0706868633519066 0
1851 0.03364511511575154 0.07747750180694636 0
1852 0.03364511511574404 0.002522498193041092 0
1853 0.0196339502629639 0.03510064843543029 0
1854 0.01957597940136674 0.04169934047643102 0
1855 0.0124533054634811 0.03082549304040104 0
1856 0.0204270339274029 0.02341265165721973 0
1857 0.020427033927402 0.05658734834278058 0
1858 0.02690780198001852 0.03954066768402504 0
1859 0.02301469067393643 0.01653497403752494 0
1860 0.02301469067393687 0.06346502596247304 0
1861 0.02191460778595986 0.07903108548421836 0
1862 0.02191460778594764 0.0009689145158107211 0
1863 0.0283280932736117 0.07903259590770573 0
1864 0.02832809327357802 0.0009674040922974509 0
1865 0.03272376866564171 0.05198411197489047 0
1866 0.03596127620801286 0.03306744967735677 0
1867 0.03285954076583363 0.02991388472570818 0
1868 0.01796846632730316 0.007790988291177313 0
1869 0.01796846632730462 0.07220901170882138 0
1870 0.01337997746464121 0.01502471404019657 0
1871 0.01337997746463561 0.06497528595980451 0
1872 0.02230762005773531 0.03758232500650905 0
1873 0.01287370101332794 0.03466412712956651 0
1874 0.0336163269678868 0.04902451538821328 0
1875 0.01917776610308067 0.02897759611183088 0
1876 0.01916968180575144 0.05103083468254906 0
1877 0.0375524686636402 0.056984323414393 0
1878 0.006399232697971509 0.03431301834453988 0
1879 0.006389641657601131 0.04575592900422028 0
1880 0.01974756155238938 0.07884620459446892 0
1881 0.01974756155238314 0.001153795405545177 0
1882 0.006295854413633615 0.008374106676085789 0
1883 0.006295854413633855 0.0716258933239149 0
1884 0.02498699840215774 0.04098187338751857 0
1885 0.01575015695780168 0.03541025813702257 0
1886 0.008114746904446283 0.02594484445574147 0
1887 0.008114746904447676 0.05405515554425847 0
1888 0.004623296247676802 0.03502168789457938 0
1889 0.004622962079637269 0.04497948807527564 0
1890 0.006339345955124098 0.03553873381121226 0
1891 0.006360347767781476 0.04451284240408371 0
1892 0.03068252180851195 0.07903642688032286 0
1893 0.03068252180849428 0.0009635731196769993 0
1894 0.003909987485090153 0.06042202086075257 0
1895 0.003909987485091818 0.01957797913925234 0
1896 0.003203636200941819 0.03053437100180748 0
1897 0.003203636200941029 0.04946562899819402 0
1898 0.02249886810549349 0.03930962624540191 0
1899 0.03687362168800239 0.04474088451492773 0
1900 0.002498974874833293 0.03327179650895737 0
1901 0.002498974874820111 0.04672820349104948 0
1902 0.02307822897864806 0.07741216735711162 0
1903 0.02307822897863869 0.002587832642889385 0
1904 0.02487617439424929 0.02530200017598004 0
1905 0.02487632875384424 0.05469795301197817 0
1906 0.007166809059705678 0.02889888717868391 0
1907 0.007166809059707644 0.05110111282131483 0
1908 0.03287357187127722 0.03581634895081569 0
1909 0.03721698479206392 0.02296942648067491 0
1910 0.03452556970735658 0.02698302862039216 0
1911 0.03395335824111035 0.008662028050157857 0
1912 0.03395335824111221 0.07133797194984175 0
1913 0.01953685129774825 0.003605751211150524 0
1914 0.01953685129775305 0.07639424878885161 0
1915 0.03750514189156416 0.007082075743072155 0
1916 0.03750514189156168 0.07291792425692538 0
1917 0.0159772666478227 0.03329982354395295 0
1918 0.01497307558317301 0.009023905598035984 0
1919 0.01497307558317343 0.07097609440196286 0
1920 0.03012833606477255 0.02360943156778749 0
1921 0.03012757099757245 0.05639107245906153 0
1922 0.03651142728015173 0.02034126713120943 0
1923 0.0365421653514672 0.05971083118969928 0
1924 0.03627058673039109 0.00520555153744312 0
1925 0.03627058673038935 0.07479444846255849 0
1926 0.009908329048204169 0.04646031650139477 0
1927 0.02924462250118083 0.04581103637037033 0
1928 0.02023619772748945 0.03369931057361482 0
1929 0.00105885708386301 0.06468548992235676 0
1930 0.00105885708385789 0.01531451007767473 0
1931 0.01349292557097021 0.01286114126634481 0
1932 0.01349292557096964 0.06713885873365553 0
1933 0.01295742204841712 0.02052019324642811 0
1934 0.0129574220484124 0.05947980675357152 0
1935 0.02757832129001674 0.03146639968318071 0
1936 0.0257792817343284 0.01586770551141509 0
1937 0.02577928173433046 0.06413229448858394 0
1938 0.0261704856237481 0.02998146363155613 0
1939 0.0138246276397953 0.01058106698285473 0
1940 0.01382462763979577 0.06941893301714468 0
1941 0.01076724809702533 0.03622486905222027 0
1942 0.03765572928571074 0.05147226794286926 0
1943 0.02512013092892267 0.07280878783008293 0
1944 0.02512013092892087 0.007191212169917791 0
1945 0.02265024832583252 0.02305978078672252 0
1946 0.02265024832583181 0.0569402192132771 0
1947 0.03450714758667119 0.05301582891066786 0
1948 0.01892658798013376 0.04284527294815936 0
1949 0.003599244283561728 0.0234520816518747 0
1950 0.003599244283570594 0.0565479183481258 0
1951 0.02103651773306304 0.02256658502033422 0
1952 0.02103651773306268 0.05743341497966584 0
1953 0.02982070052355148 0.03725622677991314 0
1954 0.0009848711483086651 0.01183957045793376 0
1955 0.0009848711483188503 0.06816042954208114 0
1956 0.02285200901064326 0.03132902799159729 0
1957 0.02285121117463063 0.0487107970126952 0
1958 0.01432522921714044 0.01938179166106049 0
1959 0.01432522921713793 0.06061820833893356 0
1960 0.0345121792094312 0.02132268471431659 0
1961 0.03455662325036801 0.05868404130022883 0
1962 0.01598510473133829 0.02277040095123228 0
1963 0.01598510473133986 0.05722959904876653 0
1964 0.0026279882148083 0.06832719021952122 0
1965 0.002627988214811802 0.01167280978048537 0
1966 0.007081054549253458 0.004225553418301708 0
1967 0.007081054549252751 0.07577444658169762 0
1968 0.02214974355284698 0.04770702758621492 0
1969 0.007727520969515081 0.02229971696368016 0
1970 0.007727520969514862 0.05770028303631959 0
1971 0.0269194803006103 0.02776585766138211 0
1972 0.02692655782830434 0.05223983969732041 0
1973 0.02761265189540334 0.01865795111967477 0
1974 0.02761265189540625 0.06134204888032384 0
1975 0.03903696836935745 0.04043794393818839 0
1976 0.03171598442280164 0.03742614705972615 0
1977 0.03768321311811137 0.0284301125794861 0
1978 0.02835368366909631 0.03963102004457756 0
1979 0.0009850271268208397 0.02806835864762162 0
1980 0.0009850271268253192 0.05193164135239826 0
1981 0.01716725469332567 0.03374740330413413 0
1982 0.02745222358198234 0.02954256171681211 0
1983 0.03484759564418491 0.03054144565649763 0
1984 0.02456746013437886 0.04390905308501617 0
1985 0.02759705542068575 0.07714080266436829 0
1986 0.02759705542067954 0.002859197335633964 0
1987 0.03518008283047117 0.07676899291937078 0
1988 0.03518008283047139 0.003231007080632497 0
1989 0.02659317832177978 0.02024308859526614 0
1990 0.02659317832178265 0.05975691140473136 0
1991 0.03773181472647239 0.02484810266741257 0
1992 0.03001788909964988 0.0159522360560292 0
1993 0.03001788909965354 0.06404776394397015 0
1994 0.03236343956663415 0.0206788070104663 0
1995 0.03236346604782067 0.05932123678446004 0
1996 0.03778112598205167 0.0550871644867282 0
1997 0.0138974211142583 0.007384125141509698 0
1998 0.01389742111426023 0.0726158748584893 0
1999 0.02146886293412092 0.04082935238307584 0
2000 0.02815711145439904 0.053302361996197 0
2001 0.03402880284438844 0.05675838887603781 0
2002 0.03402875616330001 0.02324129081129076 0
2003 0.0350868291093052 0.03249422850824439 0
2004 0.03907946921386185 0.04546921079513065 0
2005 0.01168182784737601 0.0009282388891368414 0
2006 0.01168182784740227 0.07907176111086524 0
2007 0.03422105798986238 0.04616647762620832 0
2008 0.01784670796158944 0.001089495943888722 0
2009 0.01784670796163309 0.07891050405611152 0
2010 0.03516428475972945 0.02326677807212697 0
2011 0.03514769166884831 0.0567325696429561 0
2012 0.02726166040421111 0.04854239165848529 0
2013 0.000894170411912452 0.02164020765043524 0
2014 0.0008941704119417995 0.05835979234957231 0
2015 0.01702289046556624 0.006852691586360195 0
2016 0.01702289046556789 0.07314730841363777 0
2017 0.03471738041781221 0.04723622337367853 0
2018 0.02815353888261906 0.02670747059279287 0
2019 0.01293341270453743 0.008880284941646057 0
2020 0.01293341270453848 0.0711197150583532 0
2021 0.01494097730870831 0.03864141927042018 0
2022 0.009684050947341847 0.04439229063437598 0
2023 0.03346550046342328 0.05117871934906506 0
2024 0.03264617213274983 0.02799604185933503 0
2025 0.02622862533747538 0.0725948303515922 0
2026 0.02622862533747389 0.007405169648408243 0
2027 0.002795038698886234 0.0273687722321411 0
2028 0.002795038698890706 0.05263122776786033 0
2029 0.03902470972960953 0.0681187803280912 0
2030 0.03902470972961259 0.01188121967187268 0
2031 0.03187890112179617 0.05731258535620076 0
2032 0.0318790328378981 0.022687434553591 0
2033 0.006472611895745965 0.02167256499394199 0
2034 0.006472611895746007 0.05832743500605787 0
2035 0.01734657797105013 0.02931472913725489 0
2036 0.01734657797104806 0.05068527086274352 0
2037 0.02208800563859509 0.03233231088384538 0
2038 0.005009889982458104 0.02502857037577382 0
2039 0.005009889982464359 0.05497142962423008 0
2040 0.03909805601845652 0.01437393628584613 0
2041 0.0390980560184702 0.06562606371409301 0
2042 0.01045087075325734 0.03067840365514938 0
2043 0.01046202482444858 0.04937593573569885 0
2044 0.01075388732561095 0.0175293742653047 0
2045 0.01075388732560691 0.06247062573469337 0
2046 0.01325281696687037 0.03662695692439932 0
2047 0.02815258548636838 0.0370064769431981 0
2048 0.008200877549898261 0.03438631671858908 0
2049 0.0009097192482101521 0.01661857561220259 0
2050 0.0009097192482283821 0.06338142438782042 0
2051 0.01348200102738862 0.03953320973922341 0
2052 0.0378663105085394 0.05359843562511144 0
2053 0.01096192203152783 0.03236990403639834 0
2054 0.01650828973939564 0.04273826638210929 0
2055 0.003462335092528689 0.02457114317264981 0
2056 0.003462335092538932 0.05542885682735057 0
2057 0.02112713557835832 0.07380851892918598 0
2058 0.02112713557835821 0.006191481070814945 0
2059 0.03760508356071604 0.04638555715900652 0
2060 0.0160008546403335 0.008505227078817196 0
2061 0.01600085464033401 0.07149477292118175 0
2062 0.02676614071956455 0.07132246508500202 0
2063 0.02676614071956363 0.00867753491499754 0
2064 0.0216825464459086 0.01291306705677615 0
2065 0.021682546445909 0.06708693294322354 0
2066 0.0009606362550334487 0.04514505837621079 0
2067 0.0009606362550342586 0.03485494162380016 0
2068 0.02812961207775102 0.03446939859799978 0
2069 0.03746594863486404 0.04115693324224382 0
2070 0.02314958486971276 0.07336803310860544 0
2071 0.02314958486971122 0.006631966891396722 0
2072 0.01852903014943429 0.03761539356304004 0
2073 0.03525976640875789 0.03786067043546663 0
2074 0.0197375670147711 0.03631311859148646 0
2075 0.01841904505968371 0.04743275846540242 0
2076 0.03324133064369917 0.05309846331067977 0
2077 0.01470492040030374 0.001060436853530804 0
2078 0.01470492040032897 0.07893956314647767 0
2079 0.01240122998284025 0.0254781022993829 0
2080 0.01240122998284099 0.0545218977006167 0
2081 0.01661201385564377 0.03824464130210151 0
2082 0.008505668645699949 0.03851047848744686 0
2083 0.008505668645702163 0.04148952151255358 0
2084 0.01862745593133871 0.005674292417078915 0
2085 0.01862745593134059 0.07432570758292066 0
2086 0.02623927451808718 0.07584639951318958 0
2087 0.0262392745180817 0.004153600486810297 0
2088 0.02483051258493362 0.02805816922249419 0
2089 0.02483305332598743 0.0519452053726673 0
2090 0.01687414395925281 0.03498861205970457 0
2091 0.004432563267662166 0.04137625973796713 0
2092 0.00443256326767281 0.03862374026203495 0
2093 0.0242637394203366 0.02987945995616986 0
2094 0.02427640025149695 0.05019972497782343 0
2095 0.03330841633025104 0.04195511535848716 0
2096 0.03072529877177286 0.01480099473107046 0
2097 0.03072529877177629 0.06519900526892863 0
2098 0.01580413879079859 0.03051796928077821 0
2099 0.01578131184700894 0.04947494364256348 0
2100 0.009220968223865214 0.02644208048698022 0
2101 0.009220968223865877 0.05355791951301988 0
2102 0.01352644539141989 0.04903006845268091 0
2103 0.03774235820477683 0.01579904653732036 0
2104 0.03774235820478025 0.06420095346267225 0
2105 0.02998492271450157 0.03394677906462206 0
2106 0.03013687341607087 0.05859315836650492 0
2107 0.03013692893456793 0.02140687105500036 0
2108 0.0378738306696371 0.02636840591733549 0
2109 0.03139166925923396 0.04588479482623139 0
2110 0.008101529688733497 0.03057806969623094 0
2111 0.008109572013845009 0.04942302731959853 0
2112 0.03322161855088616 0.02687346767487341 0
2113 0.01516397903101975 0.04541098399826291 0
2114 0.00875028569248075 0.01609744901124915 0
2115 0.008750285692477607 0.06390255098874779 0
2116 0.01101614744804175 0.04590366961520163 0
2117 0.01415638949525937 0.02219054428731275 0
2118 0.01415638949525737 0.05780945571268777 0
2119 0.03456067079746959 0.01440841603313472 0
2120 0.03456067079747296 0.06559158396686575 0
2121 0.009517653295892051 0.02307034092158353 0
2122 0.009517653295890485 0.05692965907841632 0
2123 0.02458269536541552 0.02634145366285712 0
2124 0.02458414472314705 0.05365729797513958 0
2125 0.03159974069566569 0.01695796227898323 0
2126 0.0315997406956689 0.06304203772101545 0
2127 0.03119258951724037 0.03381108568512105 0
2128 0.01773040959008933 0.01594930470917814 0
2129 0.0177304095900878 0.06405069529081912 0
2130 0.00694644876151539 0.06654499277360595 0
2131 0.006946448761516117 0.01345500722639832 0
2132 0.01585549680030879 0.01082023294969924 0
2133 0.01585549680030894 0.06917976705030034 0
2134 0.01244726383782327 0.02149011177036599 0
2135 0.01244726383781868 0.05850988822963409 0
2136 0.005352899686591266 0.06611931972612121 0
2137 0.005352899686594307 0.01388068027387863 0
2138 0.01416703290050922 0.005225724385305669 0
2139 0.01416703290050915 0.07477427561469238 0
2140 0.02614784035648832 0.01433196585752551 0
2141 0.026147840356489 0.06566803414247369 0
2142 0.02553971474320771 0.009231158849960024 0
2143 0.02553971474320888 0.07076884115003892 0
2144 0.01960939704859584 0.03169449945479502 0
2145 0.03559791408534405 0.02203502483599795 0
2146 0.03563794718095652 0.0580066460858103 0
2147 0.03181435782513989 0.01861876530925269 0
2148 0.0318143575530357 0.06138123508563537 0
2149 0.01259304530298754 0.01768246568294631 0
2150 0.01259304530298253 0.06231753431705381 0
2151 0.02831004928055602 0.02317167948445569 0
2152 0.02831005839765731 0.05682833053533465 0
2153 0.02577784279267522 0.02320652660738507 0
2154 0.0257778427926739 0.05679347339261358 0
2155 0.01953602540819921 0.04409480092901184 0
2156 0.02355696973991607 0.01319970919334765 0
2157 0.02355696973991638 0.06680029080665069 0
2158 0.02304395258841356 0.03822369181898325 0
2159 0.03596685919862898 0.04695925900611478 0
2160 0.02173666754105824 0.02784867773296368 0
2161 0.0217372145986563 0.05215936094192904 0
2162 0.02839515729308646 0.01278367122901185 0
2163 0.02839515729308816 0.06721632877098628 0
2164 0.0173743866570897 0.02437315838348501 0
2165 0.01737438665708874 0.05562684161651459 0
2166 0.000913443336839768 0.0303815328749263 0
2167 0.0009134433368394549 0.04961846712509538 0
2168 0.01812239900293878 0.01979188473711856 0
2169 0.01812239900293426 0.06020811526288112 0
2170 0.02237576997918324 0.04394269013759129 0
2171 0.03584607481501337 0.03997477613675588 0
2172 0.01388251197644639 0.04426964536204293 0
2173 0.01486370733370834 0.04285533994646794 0
2174 0.009814866230497838 0.03579162255147976 0
2175 0.004618792591664013 0.07897054191466231 0
2176 0.004618792591650218 0.001029458085332847 0
2177 0.03917885551114934 0.03438455475590223 0
2178 0.02250155664688672 0.02967331774204186 0
2179 0.02246576399308094 0.0503241129631822 0
2180 0.02301993060053155 0.02496151053401414 0
2181 0.02301993078689032 0.05503848928928954 0
2182 0.002232210260731401 0.06473663332627498 0
2183 0.002232210260731887 0.01526336667373157 0
2184 0.01259301196990172 0.01427956166583605 0
2185 0.01259301196989634 0.06572043833416578 0
2186 0.01150852313573257 0.04319688080988006 0
2187 0.01790426141406494 0.04442223099740372 0
2188 0.03265639594107254 0.03257975651764639 0
2189 0.005368713800902744 0.05919996799977047 0
2190 0.005368713800906149 0.02080003200022926 0
2191 0.02465949519580973 0.01561560299188453 0
2192 0.02465949519581069 0.06438439700811407 0
2193 0.03536985084732516 0.00108718352891548 0
2194 0.03536985084733942 0.07891281647108861 0
2195 0.003662062785249711 0.06696203569730741 0
2196 0.003662062785252101 0.01303796430270277 0
2197 0.004335681064553249 0.05862640850346307 0
2198 0.004335681064552228 0.02137359149654085 0
2199 0.0312497604532434 0.05297120874024679 0
2200 0.02355748964390023 0.02687276283486771 0
2201 0.02355748964389797 0.05312723716513188 0
2202 0.03419509924866242 0.03400023890541674 0
2203 0.03678772645867036 0.03613811266290488 0
2204 0.02788029421058887 0.07179440474070074 0
2205 0.02788029421058784 0.00820559525929882 0
2206 0.01192575787913033 0.02858528439047445 0
2207 0.01193207351534947 0.0514164138427776 0
2208 0.01282543777730905 0.003723720935164106 0
2209 0.01282543777731045 0.07627627906483538 0
2210 0.02994619699847736 0.03506780962713945 0
2211 0.008786000499399985 0.02969157669629585 0
2212 0.008760963525683485 0.05035764619234423 0
2213 0.02243819927787012 0.01858074158743151 0
2214 0.02243819927787233 0.06141925841256758 0
2215 0.03662962178171907 0.009798040312282741 0
2216 0.03662962178172368 0.07020195968772233 0
2217 0.0313162357213989 0.02699776938500176 0
2218 0.01958864989871142 0.03796846683649591 0
2219 0.02482274856213633 0.04207392183674694 0
2220 0.01441391631230947 0.03203451846147516 0
2221 0.02182515058477244 0.04583739505771375 0
2222 0.01335067622934524 0.02586022346223645 0
2223 0.01335067622934546 0.05413977653776429 0
2224 0.02441205076886283 0.01746391483984757 0
2225 0.02441205076886599 0.06253608516015087 0
2226 0.03788454146943142 0.03732609430217101 0
2227 0.01716001949646556 0.02022258802148535 0
2228 0.01716001949646167 0.05977741197851314 0
2229 0.03603179524672608 0.01317436024850401 0
2230 0.03603179524673231 0.06682563975149396 0
2231 0.02904393393522713 0.0413365969595423 0
2232 0.02212657359989769 0.03405930488632587 0
2233 0.01339537834088364 0.0458074909652188 0
2234 0.01452274384814026 0.004116428684324542 0
2235 0.01452274384814168 0.07588357131567404 0
2236 0.003875427971031004 0.07199534130817478 0
2237 0.003875427971031648 0.008004658691825688 0
2238 0.008248402863334619 0.03656633406858208 0
2239 0.008256497998111069 0.0432584118611697 0
2240 0.03314878085136211 0.03994963148988729 0
2241 0.02075624938941138 0.03661886705048879 0
2242 0.01071332920936804 0.02135277864720268 0
2243 0.01071332920936144 0.05864722135279739 0
2244 0.02452096891857204 0.01094042626935229 0
2245 0.02452096891857308 0.06905957373064693 0
2246 0.03614357723720283 0.02600929178125853 0
2247 0.007221371868665458 0.03707987231797733 0
2248 0.00723062069298723 0.04290912818250541 0
2249 0.001090572194388072 0.06031504816868884 0
2250 0.001090572194388216 0.0196849518313614 0
2251 0.03428568206657005 0.05480723690153014 0
2252 0.004031280653541198 0.03229993421207377 0
2253 0.004031280653538474 0.04770006578792624 0
2254 0.03328726742781709 0.03869421263959689 0
2255 0.03431098298542963 0.02518467447942343 0
2256 0.0102310943930281 0.002281271034437077 0
2257 0.01023109439303053 0.07771872896556373 0
2258 0.02254406175976618 0.04300473819395894 0
2259 0.002245206439032957 0.04147447339060148 0
2260 0.002245206439030211 0.03852552660940326 0
2261 0.0361186319026618 0.05393064607331498 0
2262 0.01740457262068471 0.04223573268619245 0
2263 0.03566883593274875 0.04129166683401961 0
2264 0.00776629984433996 0.06338083420950109 0
2265 0.007766299844343684 0.01661916579049624 0
2266 0.002499453103875319 0.03639089765612961 0
2267 0.002499453103874918 0.04360910234387241 0
2268 0.01495385263416018 0.07771707458664943 0
2269 0.01495385263415202 0.002282925413354072 0
2270 0.005356067271649126 0.0371225114736841 0
2271 0.00538663262170285 0.04289078415332585 0
2272 0.03408427772811276 0.04039411656861275 0
2273 0.01184035739537056 0.008257194248695206 0
2274 0.01184035739537148 0.07174280575130455 0
2275 0.02443443560914692 0.01426905404965808 0
2276 0.02443443560914731 0.06573094595034039 0
2277 0.007569565679057666 0.02004907927898919 0
2278 0.007569565679053562 0.05995092072101076 0
2279 0.02501173506139233 0.03141387911869809 0
2280 0.0009632204452576939 0.004704666160586633 0
2281 0.0009632204452577035 0.07529533383942703 0
2282 0.009515329033804618 0.0111182149403814 0
2283 0.009515329033805786 0.06888178505961993 0
2284 0.02605607953662731 0.05005162334286418 0
2285 0.0248732723922045 0.04501759735808931 0
2286 0.01978391227268734 0.01369470692251166 0
2287 0.01978391227268715 0.06630529307748799 0
2288 0.01204273829136146 0.01598448339228186 0
2289 0.01204273829135552 0.06401551660771865 0
2290 0.0008750614654565465 0.0708433663853643 0
2291 0.0008750614654579029 0.009156633614664957 0
2292 0.03636730875286592 0.04257085369814079 0
2293 0.02371628615547715 0.02805473840108618 0
2294 0.02373348187689641 0.05193975240793177 0
2295 0.01719902160448614 0.0231614251150974 0
2296 0.01719902160448639 0.05683857488490127 0
2297 0.01621049531801547 0.04395474213767361 0
2298 0.03013423944277085 0.01309855226469836 0
2299 0.03013423944277314 0.06690144773529964 0
2300 0.03018096434136318 0.07114672905676001 0
2301 0.03018096434136143 0.008853270943238239 0
2302 0.03789579644412125 0.03325373260232171 0
2303 0.01232635810187238 0.01962698567407769 0
2304 0.01232635810186934 0.06037301432592164 0
2305 0.03201934393969739 0.07615497752927224 0
2306 0.03201934393969751 0.003845022470728297 0
2307 0.002543752683429749 0.01365915216425283 0
2308 0.002543752683437935 0.06634084783575371 0
2309 0.0107802451892219 0.01402015880432322 0
2310 0.0107802451892177 0.06597984119567603 0
2311 0.01992647064364234 0.0281196434152368 0
2312 0.0199233789992884 0.05188332017208033 0
2313 0.02391258516758959 0.01001632335584509 0
2314 0.02391258516759036 0.06998367664415486 0
2315 0.03621007222857826 0.01845109334962559 0
2316 0.03621007222858137 0.06154890665037237 0
2317 0.02322768531678131 0.004598083836313415 0
2318 0.02322768531678011 0.07540191616368684 0
2319 0.01122049257170741 0.0477219776692873 0
2320 0.003663623136161977 0.06208133229704474 0
2321 0.003663623136162695 0.01791866770295719 0
2322 0.03576424335173716 0.03420135956410701 0
2323 0.03338962324450384 0.01960136416988497 0
2324 0.03337950913198839 0.06038865588188842 0
2325 0.037905555714154 0.01390483125533176 0
2326 0.037905555714158 0.06609516874464647 0
2327 0.0179227076625984 0.0356271407076042 0
2328 0.009841858801061247 0.03351060240156969 0
2329 0.0008220651292616969 0.06580728148869359 0
2330 0.0008220651292614292 0.01419271851134741 0
2331 0.028468322599877 0.03853629197599622 0
2332 0.02075818658859191 0.04261723678914798 0
2333 0.006950016919031821 0.06478809825595849 0
2334 0.006950016919032822 0.01521190174404211 0
2335 0.02516666518054244 0.03300377223148267 0
2336 0.01082863407883971 0.03924348023652744 0
2337 0.01082386564597244 0.04075233569764148 0
2338 0.03801306710607431 0.06740382649537412 0
2339 0.03801306710607166 0.01259617350460793 0
2340 0.001894812431997748 0.01207074720428651 0
2341 0.001894812431997454 0.06792925279572652 0
2342 0.01658047372638821 0.01628262786830158 0
2343 0.01658047372638485 0.06371737213169625 0
2344 0.0230557384471109 0.04115952018478072 0
2345 0.02903277448646904 0.04754663565757705 0
2346 0.006348965961338945 0.01739890089311357 0
2347 0.006348965961339024 0.06260109910688565 0
2348 0.02585123767620492 0.07740898346035802 0
2349 0.02585123767620042 0.00259101653964505 0
2350 0.03160326385725926 0.04289224746296262 0
2351 0.0154723124105108 0.0209460854633066 0
2352 0.01547231241050889 0.05905391453669178 0
2353 0.02731190509948427 0.05040225115456304 0
2354 0.0197056490949347 0.02991751156864178 0
2355 0.01965155492185709 0.05013585247147345 0
2356 0.03462737832309441 0.03876945943454629 0
2357 0.03132619485239674 0.01968268996647602 0
2358 0.03132619636322129 0.06031731283521345 0
2359 0.0185751457298722 0.02695984442428227 0
2360 0.01857514546101042 0.05304015657022936 0
2361 0.009688349506612869 0.02122280570257179 0
2362 0.009688349506608265 0.05877719429742827 0
2363 0.03345665153687939 0.0441979012790225 0
2364 0.0008968523156036913 0.05371263444388644 0
2365 0.0008968523156158561 0.02628736555611972 0
2366 0.01806813039968739 0.04063088943882186 0
2367 0.0391768993502468 0.06310145547266142 0
2368 0.03917689935025315 0.01689854452726327 0
2369 0.03359821169526148 0.07224704457221691 0
2370 0.03359821169526019 0.007752955427782684 0
2371 0.03904919943582218 0.05814768966231763 0
2372 0.006719336199619072 0.02463919890260003 0
2373 0.006719336199626304 0.05536080109740127 0
2374 0.01299443621624205 0.01854235254017662 0
2375 0.01299443621623916 0.06145764745982187 0
2376 0.003597485791391008 0.03316488187377617 0
2377 0.003597485791386389 0.04683511812622553 0
2378 0.005862635783719839 0.02261322834888538 0
2379 0.005862635783723793 0.05738677165111632 0
2380 0.02970995188586686 0.04663120093450644 0
2381 0.01448603552343422 0.02119031313154817 0
2382 0.01448603552343214 0.05880968686845024 0
2383 0.02163024475351647 0.07226325473013366 0
2384 0.02163024475351512 0.007736745269867778 0
2385 0.03068036605897823 0.04156936359867854 0
2386 0.0147741382271062 0.006960986030417774 0
2387 0.01477413822710893 0.07303901396958153 0
2388 0.03459078065734988 0.0370582753961259 0
2389 0.02257578248348758 0.01487511013648109 0
2390 0.02257578248348743 0.06512488986351744 0
2391 0.0154525015069383 0.03161655832243442 0
2392 0.01532251545601632 0.04829196434802562 0
2393 0.005527949337559837 0.03363984192679057 0
2394 0.005526624675674691 0.04637376567550872 0
2395 0.01710844191935566 0.02128037102692589 0
2396 0.01710844191935364 0.0587196289730725 0
2397 0.01870934177021153 0.03648452627057758 0
2398 0.008005078772363054 0.04596295919294498 0
2399 0.0181343244482494 0.02875094697888049 0
2400 0.01812678657407448 0.05125973819322741 0
2401 0.01731064606064856 0.008843201334714276 0
2402 0.01731064606064965 0.07115679866528511 0
2403 0.01980340634148082 0.04577507906290101 0
2404 0.003556481800395394 0.07508458276286611 0
2405 0.003556481800397348 0.004915417237133523 0
2406 0.03908938368895704 0.02966411961758026 0
2407 0.03064390323938454 0.02857241251200711 0
2408 0.03921502776623528 0.02192017240377152 0
2409 0.03753984284917494 0.003377276023333793 0
2410 0.03753984284917422 0.07662272397666543 0
2411 0.01165632492382511 0.03953645317649186 0
2412 0.0116943802157912 0.04049344647585813 0
2413 0.02643926165257358 0.02668074429958379 0
2414 0.02644247143108494 0.05331974741029968 0
2415 0.01474936922756441 0.03463893740274628 0
2416 0.0138079521504343 0.03597871507653461 0
2417 0.02075995534039514 0.02958163272263408 0
2418 0.02069398733663979 0.05043001042265571 0
2419 0.01437117342168797 0.01502462013294932 0
2420 0.01437117342168386 0.06497537986705251 0
2421 0.005152182195368909 0.02597927063260967 0
2422 0.005152182195374368 0.05402072936739082 0
2423 0.02134828256242052 0.03900248250499921 0
2424 0.003791186847506565 0.0269314270722942 0
2425 0.003791186847513421 0.05306857292770546 0
2426 0.03572465841757087 0.07183496695032401 0
2427 0.03572465841757034 0.008165033049676265 0
2428 0.009260773757130344 0.02745051735218833 0
2429 0.009260781355640185 0.05254948961166031 0
2430 0.01628087818628347 0.04057323260873493 0
2431 0.02986745656907266 0.0185565795952908 0
2432 0.02986745656907552 0.06144342040470791 0
2433 0.03474406361389108 0.04286012920134705 0
2434 0.006990909804433044 0.06743454789684962 0
2435 0.006990909804432325 0.01256545210315382 0
2436 0.03914590452606878 0.07201300953813522 0
2437 0.03914590452607031 0.007986990461844413 0
2438 0.0007474161962747729 0.02533611979970804 0
2439 0.0007474161963039804 0.05466388020030026 0
2440 0.0370922312839228 0.02381170933980687 0
2441 0.01198186462979761 0.001891595145019195 0
2442 0.011981864629798 0.07810840485498105 0
2443 0.01962622320991457 0.02547751418178374 0
2444 0.01962622320991283 0.05452248581821699 0
2445 0.008390859042601029 0.0193274230699228 0
2446 0.008390859042597154 0.06067257693007681 0
2447 0.0264477505008317 0.0009861342376140353 0
2448 0.02644775050085135 0.07901386576238659 0
2449 0.01418439289346001 0.01837674941535348 0
2450 0.01418439289345524 0.06162325058464421 0
2451 0.01152759552793058 0.004982173496997785 0
2452 0.01152759552793417 0.0750178265030015 0
2453 0.02461442606216023 0.07086022139595009 0
2454 0.02461442606215919 0.00913977860404998 0
2455 0.01614745171887048 0.02169563514031504 0
2456 0.01614745171887088 0.05830436485968451 0
2457 0.02241616990409799 0.003179133697155753 0
2458 0.0224161699041043 0.07682086630284711 0
2459 0.03154681891455891 0.0312418083667649 0
2460 0.01076174984864782 0.02759220041987893 0
2461 0.01076222085233609 0.05240797600339319 0
2462 0.007942084496853578 0.01832251230203918 0
2463 0.007942084496850228 0.06167748769795989 0
2464 0.02666896779388436 0.07777329299494981 0
2465 0.02666896779387735 0.002226707005054125 0
2466 0.02447099352840362 0.03221192313380848 0
2467 0.03708057591627284 0.05612324021615606 0
2468 0.03253218877238861 0.04146350621631575 0
2469 0.009907023190505897 0.008819038334472441 0
2470 0.009907023190506896 0.07118096166552872 0
2471 0.02729236240953437 0.07584161910321262 0
2472 0.02729236240952931 0.004158380896787113 0
2473 0.02588469785408155 0.01241254883629343 0
2474 0.02588469785408315 0.06758745116370597 0
2475 0.003412216398335052 0.04839514249229228 0
2476 0.00341221639834058 0.03160485750770665 0
2477 0.006621982416626474 0.005076073117218377 0
2478 0.006621982416626019 0.07492392688278147 0
2479 0.03529375293491071 0.01156531946807394 0
2480 0.0352937529349157 0.06843468053192654 0
2481 0.008150498202947632 0.04491089309466306 0
2482 0.03910114193820527 0.0503162856103148 0
2483 0.01177903994117788 0.01025883826266633 0
2484 0.0117790399411793 0.06974116173733394 0
2485 0.02057148208640735 0.005319843704326929 0
2486 0.02057148208640847 0.07468015629567387 0
2487 0.03672817661025646 0.03072181067204565 0
2488 0.01271158396274723 0.04649131057720818 0
2489 0.01433649686543184 0.03314769278469376 0
2490 0.02158088175381172 0.00942609688614578 0
2491 0.02158088175381326 0.0705739031138547 0
2492 0.00367542588014208 0.02053220679630718 0
2493 0.003675425880142887 0.05946779320369739 0
2494 0.01677000907355019 0.03022419586064581 0
2495 0.01677000907354705 0.04977580413935223 0
2496 0.02860677754184451 0.02464482528103738 0
2497 0.02860704310617362 0.05535516726827063 0
2498 0.01607578715491944 0.01531666868441369 0
2499 0.01607578715491716 0.06468333131558485 0
2500 0.01816085937058089 0.02603389681108659 0
2501 0.01816085937057946 0.05396610318891271 0
2502 0.03276969137012355 0.036940182523818 0
2503 0.00857631968499149 0.005469933536666849 0
2504 0.008576319684992275 0.07453006646333349 0
2505 0.0308410496952951 0.04694067889810337 0
2506 0.03178623414481405 0.05370864411979081 0
2507 0.01354402133541641 0.07902236066540393 0
2508 0.01354402133539591 0.0009776393345965874 0
2509 0.02990586209740591 0.03133901774665 0
2510 0.01029467877219036 0.04743648778235818 0
2511 0.03180676535137962 0.02630439258955957 0
2512 0.03278777690168426 0.01854891698341038 0
2513 0.03276055388739556 0.06146617702825511 0
2514 0.01680537333432815 0.01737143432068689 0
2515 0.0168053733343229 0.06262856567931067 0
2516 0.004373531504674174 0.03667879479499929 0
2517 0.004354542153218611 0.04332662632329442 0
2518 0.03149828420203794 0.03961842482439776 0
2519 0.008009763490493874 0.03533536923139207 0
2520 0.02833769870838272 0.06966212302099749 0
2521 0.0283376987083813 0.01033787697900127 0
2522 0.01797385237270915 0.01324732424592957 0
2523 0.01797385237270875 0.06675267575406994 0
2524 0.01229464915012781 0.04307863561381328 0
2525 0.02427735301535837 0.03967061407493595 0
2526 0.01915426954397527 0.03338894100891004 0
2527 0.03669917726671205 0.04905004477472542 0
2528 0.01483559084850206 0.04069800912603569 0
2529 0.02134626424032278 0.004448175350628055 0
2530 0.02134626424032645 0.07555182464937546 0
2531 0.02635745561525834 0.02207354382841404 0
2532 0.02635745567395549 0.05792645616772633 0
2533 0.0316492201599351 0.01392530638014108 0
2534 0.03164922015993846 0.06607469361985811 0
2535 0.01152951152624523 0.02927832293714619 0
2536 0.01157177362941007 0.05071410071637583 0
2537 0.02526610448542852 0.02701720134769264 0
2538 0.02526344692250084 0.05298429848520139 0
2539 0.02102732641666691 0.008546417771861001 0
2540 0.02102732641666808 0.07145358222813968 0
2541 0.03784623055699286 0.01058747236163914 0
2542 0.03784623055699258 0.06941252763836255 0
2543 0.03597699993818045 0.02772646916613974 0
2544 0.0007423507148633778 0.07321826386927269 0
2545 0.0007423507148597421 0.006781736130756871 0
2546 0.02172897715869326 0.01775505776739754 0
2547 0.02172897715869277 0.06224494223260119 0
2548 0.00212781903234817 0.0263425664280649 0
2549 0.002127819032351447 0.05365743357193641 0
2550 0.03057372537028324 0.05159089764696961 0
2551 0.03373853709292955 0.047891779760652 0
2552 0.01893199621602962 0.006488985016472501 0
2553 0.01893199621602989 0.07351101498352673 0
2554 0.035902820674816 0.052196026760692 0
2555 0.02237684004990711 0.03670489595292209 0
2556 0.03523363517906083 0.04883728569835861 0
2557 0.009204879442742715 0.000895894515666657 0
2558 0.009204879442767612 0.07910410548433376 0
2559 0.01388264513339075 0.02031662347044671 0
2560 0.01388264513338731 0.05968337652955009 0
2561 0.021024514750968 0.07754685115382116 0
2562 0.02102451475096292 0.00245314884618884 0
2563 0.01712500620970824 0.03692836405022906 0
2564 0.02580149468905209 0.02498760543562634 0
2565 0.02580177459193099 0.05501234430624448 0
2566 0.01603043929933079 0.005047625505427319 0
2567 0.01603043929933288 0.07495237449457259 0
2568 0.02603186565919993 0.03253869012873615 0
2569 0.02307740488186605 0.03402038837169975 0
2570 0.01807912540666649 0.0428307406148744 0
2571 0.02320425039191008 0.04448548271232488 0
2572 0.01923564413145829 0.01460524714186251 0
2573 0.01923564413145792 0.06539475285813783 0
2574 0.01275030679449313 0.01343019543374879 0
2575 0.01275030679448999 0.0665698045662525 0
2576 0.03352001298281847 0.01674289747435738 0
2577 0.03352001298281748 0.06325710252563514 0
2578 0.03572910889189124 0.06009638793733138 0
2579 0.03570518183618985 0.01992555806429308 0
2580 0.02907899109329503 0.02167093631499932 0
2581 0.0290789849637209 0.05832906730073868 0
2582 0.01923279255112218 0.04843571471229571 0
2583 0.009434255119197179 0.03881022432920214 0
2584 0.009436825006973966 0.04120832093971709 0
2585 0.01530064517299498 0.01777042898709187 0
2586 0.01530064517298858 0.06222957101290594 0
2587 0.01687803787001943 0.04514452478982436 0
2588 0.02777398606036918 0.05245918785571303 0
2589 0.01078703445646602 0.07922105411987432 0
2590 0.0107870344564376 0.0007789458801266978 0
2591 0.02967112359920612 0.05043828632237379 0
2592 0.01690224062265544 0.02740523354212601 0
2593 0.016902224286585 0.05259482688495039 0
2594 0.01818166106293252 0.002228719997619125 0
2595 0.0181816610629449 0.07777128000238058 0
2596 0.00879722214993659 0.03747467159755071 0
2597 0.008749431325677903 0.04248155350764013 0
2598 0.01406671699456417 0.04714910219600937 0
2599 0.02776501133774184 0.02755558827931582 0
2600 0.03130644411628659 0.04468456032459561 0
2601 0.02823701682649247 0.01692965252427854 0
2602 0.02823701682649568 0.06307034747572078 0
2603 0.03908997322489678 0.04731994572788573 0
2604 0.01227319555582418 0.0244575302586559 0
2605 0.01227319555582652 0.05554246974134094 0
2606 0.01311218956618853 0.04727435815955663 0
2607 0.006587735200157229 0.06065502753080712 0
2608 0.006587735200160545 0.0193449724691934 0
2609 0.02881552127802842 0.01588031244010274 0
2610 0.02881552127803167 0.06411968755989651 0
2611 0.03489084934715844 0.03967087520873219 0
2612 0.01561426412893464 0.004044663437430604 0
2613 0.01561426412893856 0.07595533656256991 0
2614 0.007886279473566514 0.02351606276971907 0
2615 0.007886279473569889 0.05648393723027995 0
2616 0.02554909213197449 0.0007848732950539837 0
2617 0.0255490921320099 0.07921512670494381 0
2618 0.005404884665389136 0.02905988830356955 0
2619 0.005404884665391837 0.05094011169642822 0
2620 0.0008747898065029579 0.0109034970842619 0
2621 0.0008747898065058601 0.06909650291575627 0
2622 0.02265442503885171 0.009037594112359347 0
2623 0.02265442503885328 0.07096240588764131 0
2624 0.01158472256944639 0.0148864798806973 0
2625 0.01158472256944112 0.06511352011930287 0
2626 0.009767794738636783 0.01552491725960414 0
2627 0.009767794738633305 0.06447508274039379 0
2628 0.02435101105552231 0.04039258390908877 0
2629 0.009808890978166163 0.02907083835592388 0
2630 0.00979730969356488 0.0509465154573914 0
2631 0.0084021189054212 0.0324635763565569 0
2632 0.008436733398289008 0.04758235505440808 0
2633 0.009818013679596853 0.01443478082433122 0
2634 0.009818013679594168 0.06556521917566766 0
2635 0.02441517508304387 0.04806453603103434 0
2636 0.007199702994107576 0.03390482248667594 0
2637 0.02360082577578901 0.01727544031092079 0
2638 0.02360082577579039 0.06272455968907795 0
2639 0.02840396351904084 0.02107035534934139 0
2640 0.02840396283112118 0.05892964509108042 0
2641 0.03763175811072821 0.06027993078457004 0
2642 0.03763175811071346 0.01972006921544079 0
2643 0.005879079819554208 0.005373371183382596 0
2644 0.005879079819553535 0.07462662881661684 0
2645 0.0286428047934114 0.07695386598301167 0
2646 0.02864280479341384 0.003046134016991162 0
2647 0.02381782030813222 0.04202358876757126 0
2648 0.03266207630809274 0.07472841670959898 0
2649 0.0326620763080931 0.005271583290401375 0
2650 0.01372927839254006 0.01686948842105331 0
2651 0.01372927839253409 0.06313051157894725 0
2652 0.002394994018829027 0.07676065286376298 0
2653 0.002394994018829201 0.00323934713623759 0
2654 0.016789326022332 0.01055934905132233 0
2655 0.0167893260223322 0.06944065094867743 0
2656 0.01113330541496522 0.03804045062495474 0
2657 0.03437613931283758 0.01912223499466114 0
2658 0.03437613409089486 0.06087777258359884 0
2659 0.02737734878739022 0.02616452506038905 0
2660 0.02737836792649081 0.05383709813684969 0
2661 0.03529948400341323 0.017606563416227 0
2662 0.0352993634802361 0.062393430066825 0
2663 0.01844446847371141 0.01685375685025543 0
2664 0.01844446847370861 0.06314624314974275 0
2665 0.01106540526629155 0.04195309737421293 0
2666 0.0212375006809233 0.02158870439973086 0
2667 0.02123750068092353 0.05841129560026909 0
2668 0.02039556006403132 0.04186845502840587 0
2669 0.02220903037315672 0.04936541306505179 0
2670 0.02242837250590097 0.03056934107641806 0
2671 0.03028489169513336 0.04983943141648587 0
2672 0.01492324209880128 0.01015089439169693 0
2673 0.01492324209880167 0.06984910560830232 0
2674 0.01416114943674643 0.03026153614244161 0
2675 0.01415253072974357 0.04980914182065179 0
2676 0.0008045718542528067 0.0007990324157011538 0
2677 0.0008045718542553234 0.07920096758430119 0
2678 0.01489611799273978 0.02278744042859878 0
2679 0.01489611799273896 0.05721255957140253 0
2680 0.03648814718283886 0.0416788073802756 0
2681 0.01817490560557057 0.0340011111340426 0
2682 0.02996820006468393 0.01409483355786359 0
2683 0.02996820006468699 0.06590516644213509 0
2684 0.009834280034826672 0.007162930802277818 0
2685 0.009834280034828297 0.07283706919772308 0
2686 0.03913513118309884 0.07419278796445891 0
2687 0.03913513118309418 0.005807212035532658 0
2688 0.02697019020032466 0.03858984483433863 0
2689 0.03129999076527293 0.01785218470597784 0
2690 0.03129999076527597 0.06214781529402193 0
2691 0.003076010337494197 0.02850399849346509 0
2692 0.003076010337497883 0.05149600150653683 0
2693 0.01246636949637455 0.004757257554523134 0
2694 0.01246636949637604 0.07524274244547585 0
2695 0.02744412969426913 0.01763691941558577 0
2696 0.02744412969427222 0.06236308058441344 0
2697 0.005461542571245099 0.02751280705873753 0
2698 0.005461542571249497 0.05248719294126048 0
2699 0.02664301971692477 0.07428044307352996 0
2700 0.02664301971692193 0.005719556926469767 0
2701 0.03919981363703487 0.07919981363703413 0
2702 0.03919981363703248 0.0008001863629648673 0
2703 0.03291441540365616 0.04486060098394095 0
2704 0.000684987672813884 0.03269742257208699 0
2705 0.0006849876728102854 0.04730257742794317 0
2706 0.002225825838415032 0.02099676948113561 0
2707 0.002225825838420949 0.05900323051886781 0
2708 0.03126759735603445 0.05105695919091649 0
2709 0.01789988069163401 0.02770784548646398 0
2710 0.01789897632045263 0.05229345247007443 0
2711 0.02962217234805426 0.02960723273014721 0
2712 0.02214772030833272 0.04123385835108904 0
2713 0.01307578528513325 0.001945775769916886 0
2714 0.01307578528514167 0.07805422423008197 0
2715 0.03412618919162767 0.01035331358841408 0
2716 0.03412618919163088 0.06964668641158592 0
2717 0.03824316368641361 0.06260996642381393 0
2718 0.03824316368640971 0.01739003357614095 0
2719 0.02660353472702428 0.04590058391827485 0
2720 0.01643531027154222 0.03974224347344645 0
2721 0.03556070559010131 0.01443250104411081 0
2722 0.03556070559010294 0.06556749895588533 0
2723 0.02034422092948938 0.03467490519890254 0
2724 0.02295116260505919 0.0221761561631934 0
2725 0.02295116260505929 0.05782384383680687 0
2726 0.02674497438962244 0.01268263556437403 0
2727 0.02674497438962394 0.06731736443562461 0
2728 0.01746856121839255 0.0397422374182201 0
2729 0.03124944392291256 0.02912185251246605 0
2730 0.02887505839462328 0.02008891962287982 0
2731 0.02887505839462623 0.05991108037711864 0
2732 0.002143631145200462 0.06975952274448141 0
2733 0.002143631145200997 0.01024047725552399 0
2734 0.01993881681035242 0.0263195473961618 0
2735 0.01993881681035189 0.05368045260383719 0
2736 0.02345209528961312 0.02922469412959039 0
2737 0.02345126563738629 0.0507950353007104 0
2738 0.01511956489098183 0.03936845162751287 0
2739 0.039169127968839 0.04338711481768454 0
2740 0.006874999999985722 0.000661032055801782 0
2741 0.006875000000017357 0.07933896794420238 0
2742 0.03608176552155315 0.01529240385992086 0
2743 0.03608176552155633 0.0647075961400819 0
2744 0.03354629889114294 0.03747711252413837 0
2745 0.03432736394561018 0.07419655321654588 0
2746 0.03432736394561094 0.005803446783454998 0
2747 0.03916356600289317 0.004178970284371441 0
2748 0.03916356600289272 0.07582102971561348 0
2749 0.03311802146142995 0.07929013401860863 0
2750 0.03311802146139615 0.0007098659813881482 0
2751 0.02022354509058813 0.01188303853461358 0
2752 0.02022354509058861 0.0681169614653865 0
2753 0.02099116311024954 0.01107929064851192 0
2754 0.02099116311025049 0.06892070935148829 0
2755 0.03635952709235612 0.02123476400626556 0
2756 0.01831472933493653 0.03082892956586962 0
2757 0.01836436644797189 0.04910364352805088 0
2758 0.02967097585848777 0.04505309955575954 0
2759 0.03277344353818079 0.0139287250711119 0
2760 0.03277344353818475 0.06607127492888752 0
2761 0.03801241390947131 0.04731559801439808 0
2762 0.01883872767822652 0.03253873882095084 0
2763 0.01091683450847 0.02403672259186165 0
2764 0.01091683450846972 0.05596327740813846 0
2765 0.001875000000007686 0.07934666321698039 0
2766 0.001874999999996337 0.0006533367830166279 0
2767 0.03721295845694959 0.01501863784243239 0
2768 0.03721295845695217 0.06498136215755962 0
2769 0.006922156972038494 0.01835962303698288 0
2770 0.006922156972035924 0.061640376963017 0
2771 0.03611088076430711 0.01140956519347332 0
2772 0.03611088076431234 0.06859043480652721 0
2773 0.01567504440261553 0.07930127779698257 0
2774 0.01567504440261758 0.000698722203061296 0
2775 0.03041393577056831 0.03039856119393787 0
2776 0.002355697737989543 0.07263993690841362 0
2777 0.002355697737988613 0.007360063091588608 0
2778 0.0273550840580531 0.009926737654830738 0
2779 0.02735508405805345 0.07007326234516822 0
2780 0.0379621429506088 0.04271087157031735 0
2781 0.0006761198007139385 0.001816075696883942 0
2782 0.0006761198007127392 0.07818392430312442 0
2783 0.01022083997807468 0.03267025734640789 0
2784 0.03040669087945599 0.03574153464650267 0
2785 0.03639903135168247 0.05882438734363807 0
2786 0.004382480405856108 0.06610519561261652 0
2787 0.004382480405850612 0.01389480438737905 0
2788 0.03812499999999911 0.07934759988768363 0
2789 0.03812499999999235 0.0006524001123162919 0
2790 0.03931812009120438 0.07814258973236952 0
2791 0.03931812009120562 0.001857410267621003 0
2792 0.0330590389084509 0.01306120791998661 0
2793 0.03305903890845538 0.06693879208001229 0
2794 0.01098151152331996 0.02680709294503224 0
2795 0.01098159722529753 0.05319296096320938 0
2796 0.002251149203838144 0.06091675224840565 0
2797 0.00225114920384419 0.01908324775160692 0
2798 0.03779194287152614 0.04430327698612506 0
2799 0.0308260608547736 0.03201892822418343 0
2800 0.009708860948748394 0.01273219444484675 0
2801 0.009708860948748595 0.06726780555515301 0
2802 0.004501349648161128 0.06247208641724707 0
2803 0.004501349648161562 0.01752791358275864 0
2804 0.03130821194088591 0.07306510212849185 0
2805 0.0313082119408849 0.006934897871507534 0
2806 0.03141777763420907 0.02162903422411061 0
2807 0.03141769416565663 0.05837101196516697 0
2808 0.01905244052858797 0.008314560777170094 0
2809 0.01905244052858908 0.07168543922282997 0
2810 0.02050843422835801 0.03959241227622163 0
2811 0.03810738787151879 0.05029711402624641 0
2812 0.004418574233436954 0.002262275811120172 0
2813 0.004418574233438786 0.07773772418887821 0
2814 0.007334312046636763 0.07038967806233586 0
2815 0.007334312046638224 0.009610321937665542 0
2816 0.01766945419304683 0.03264448700799329 0
2817 0.003896490956747994 0.06521521373988343 0
2818 0.003896490956747809 0.01478478626011866 0
2819 0.01952774273509807 0.01025283485667047 0
2820 0.01952774273509853 0.06974716514332918 0
2821 0.01290180684168244 0.009907764073741027 0
2822 0.01290180684168342 0.07009223592625843 0
2823 0.007158478581641481 0.04626463203581904 0
2824 0.001783606376115091 0.01691897832989959 0
2825 0.001783606376119248 0.06308102167011696 0
2826 0.003073838171848356 0.07033969640895223 0
2827 0.003073838171846606 0.009660303591048079 0
2828 0.0356359331470321 0.07770990070793657 0
2829 0.03563593314703313 0.002290099292063562 0
2830 0.0008300519077618117 0.05747862415330248 0
2831 0.0008300519077786697 0.02252137584669193 0
2832 0.02110363632229302 0.03506405783219041 0
2833 0.02895579703653087 0.03677161498366215 0
2834 0.02538658989605707 0.01388739642422811 0
2835 0.02538658989605744 0.06611260357577137 0
2836 0.02225539367988881 0.0059504162537707 0
2837 0.02225539367988991 0.0740495837462319 0
2838 0.02240276068432933 0.005060537551107287 0
2839 0.02240276068433072 0.0749394624489001 0
2840 0.01038103829969616 0.01954396448746019 0
2841 0.01038103829969253 0.06045603551253962 0
2842 0.02119758512376251 0.0310742395532794 0
2843 0.0218289742085991 0.03484002829201496 0
2844 0.02710134367907792 0.01447466852430797 0
2845 0.02710134367908119 0.06552533147569126 0
2846 0.004995110635309556 0.03065282766858737 0
2847 0.004995110635310799 0.04934717233141206 0
2848 0.03069179342011397 0.04811519184704744 0
2849 0.004773249850310689 0.03422846971746414 0
2850 0.004773246698136843 0.04577702664997423 0
2851 0.02121188486369885 0.04898803931247999 0
2852 0.03805571293933718 0.0586151253442467 0
2853 0.01347049162601842 0.03860406259942006 0
2854 0.01873679011009877 0.0204333582084293 0
2855 0.01873679011009605 0.05956664179156896 0
2856 0.03585617450790627 0.04533505121822017 0
2857 0.03800069245454312 0.02943102978537288 0
2858 0.03153315679500959 0.03284785587485167 0
2859 0.01297342872568213 0.01577037135216941 0
2860 0.01297342872567601 0.0642296286478317 0
2861 0.03427233564545144 0.02846580333117494 0
2862 0.0252513931991687 0.0468339490133215 0
2863 0.0257916059987023 0.03961183139973986 0
2864 0.01820492476388113 0.009485597471451892 0
2865 0.01820492476388168 0.07051440252854796 0
2866 0.02502435248735587 0.04314300603509411 0
2867 0.002853870360709784 0.06544275606609026 0
2868 0.002853870360705015 0.01455724393391429 0
2869 0.02750780013377706 0.07463206808691063 0
2870 0.02750780013377233 0.005367931913089438 0
2871 0.01916065805108439 0.002323917587545004 0
2872 0.01916065805109385 0.0776760824124587 0
2873 0.0006611782538882688 0.04121873582005497 0
2874 0.00066117825389058 0.0387812641799476 0
2875 0.03145736324473333 0.04895036416336453 0
2876 0.006386813918270285 0.03756590897131082 0
2877 0.006324100046552646 0.04252904209221219 0
2878 0.03341165400952116 0.02389522447727035 0
2879 0.0334116134082395 0.05610409602373969 0
2880 0.03619667443833052 0.03776388152449333 0
2881 0.007329642752261819 0.002328453142920021 0
2882 0.007329642752258381 0.07767154685707206 0
2883 0.002833790165227494 0.05791410554785102 0
2884 0.002833790165222319 0.02208589445215235 0
2885 0.03492610173721658 0.008694007477636451 0
2886 0.03492610173721817 0.07130599252236383 0
2887 0.006905603860608549 0.02998716448738763 0
2888 0.00690560386060977 0.05001283551261142 0
2889 0.02064549734928723 0.07651476675421463 0
2890 0.02064549734928103 0.00348523324578915 0
2891 0.02237054981844785 0.02140373473672424 0
2892 0.02237054981844842 0.05859626526327563 0
2893 0.02509609989079966 0.07774664837323052 0
2894 0.02509609989079107 0.00225335162677575 0
2895 0.02373244229274175 0.0437032072516076 0
2896 0.0258373335766097 0.04738447226076872 0
2897 0.03266735630490532 0.07767376554817627 0
2898 0.03266735630490875 0.002326234451832642 0
2899 0.006105711749106185 0.07799848882535905 0
2900 0.006105711749096307 0.002001511174653956 0
2901 0.0006191899342507033 0.04235156250000562 0
2902 0.0006191899342475284 0.03764843750000346 0
$EndNodes
$Elements
5593
1 2 2 1 1 213 874 1329
2 2 2 1 1 875 214 1330
3 2 2 1 1 584 941 1707
4 2 2 1 1 940 583 1706
5 2 2 1 1 885 467 1386
6 2 2 1 1 949 282 1629
7 2 2 1 1 283 950 1630
8 2 2 1 1 1064 2063 2205
9 2 2 1 1 2062 1065 2204
10 2 2 1 1 461 1350 1941
11 2 2 1 1 1337 522 1567
12 2 2 1 1 523 1338 1568
13 2 2 1 1 1680 634 1751
14 2 2 1 1 635 1681 1752
15 2 2 1 1 411 1011 2522
16 2 2 1 1 1012 412 2523
17 2 2 1 1 1013 411 2522
18 2 2 1 1 412 1014 2523
19 2 2 1 1 772 1337 1567
20 2 2 1 1 1338 773 1568
21 2 2 1 1 975 272 1138
22 2 2 1 1 1769 967 1795
23 2 2 1 1 966 1768 1794
24 2 2 1 1 2254 452 2356
25 2 2 1 1 78 992 2603
26 2 2 1 1 1231 876 2023
27 2 2 1 1 907 511 1226
28 2 2 1 1 512 908 1224
29 2 2 1 1 611 1231 2023
30 2 2 1 1 1232 240 2393
31 2 2 1 1 241 1233 2394
32 2 2 1 1 427 1479 2052
33 2 2 1 1 980 207 1553
34 2 2 1 1 136 979 1552
35 2 2 1 1 914 529 1648
36 2 2 1 1 530 915 1649
37 2 2 1 1 1948 795 2155
38 2 2 1 1 509 864 1426
39 2 2 1 1 865 510 1427
40 2 2 1 1 429 958 1225
41 2 2 1 1 1125 72 1800
42 2 2 1 1 312 894 1278
43 2 2 1 1 628 982 1410
44 2 2 1 1 981 629 1409
45 2 2 1 1 581 1031 1112
46 2 2 1 1 1032 582 1113
47 2 2 1 1 708 1708 1989
48 2 2 1 1 1709 709 1990
49 2 2 1 1 1023 592 1329
50 2 2 1 1 593 1024 1330
51 2 2 1 1 892 578 1595
52 2 2 1 1 579 893 1596
53 2 2 1 1 1082 512 1224
54 2 2 1 1 336 956 1299
55 2 2 1 1 874 213 1648
56 2 2 1 1 214 875 1649
57 2 2 1 1 628 1194 1331
58 2 2 1 1 1195 629 1332
59 2 2 1 1 404 884 1665
60 2 2 1 1 467 885 1336
61 2 2 1 1 864 509 1569
62 2 2 1 1 510 865 1570
63 2 2 1 1 1194 487 1331
64 2 2 1 1 488 1195 1332
65 2 2 1 1 1479 427 2261
66 2 2 1 1 571 1039 1645
67 2 2 1 1 462 1168 1351
68 2 2 1 1 291 1082 1224
69 2 2 1 1 240 1232 1638
70 2 2 1 1 1233 241 1639
71 2 2 1 1 511 1083 1226
72 2 2 1 1 64 65 987
73 2 2 1 1 1048 655 1294
74 2 2 1 1 656 1049 1293
75 2 2 1 1 1010 131 1626
76 2 2 1 1 11 1009 1625
77 2 2 1 1 550 1379 1579
78 2 2 1 1 1380 551 1580
79 2 2 1 1 1146 620 1375
80 2 2 1 1 621 1147 1376
81 2 2 1 1 520 1146 1375
82 2 2 1 1 1147 521 1376
83 2 2 1 1 886 293 2846
84 2 2 1 1 294 887 2847
85 2 2 1 1 428 1056 1991
86 2 2 1 1 1083 292 1226
87 2 2 1 1 156 157 1321
88 2 2 1 1 186 187 1320
89 2 2 1 1 54 55 1053
90 2 2 1 1 87 88 1052
91 2 2 1 1 434 1078 1898
92 2 2 1 1 242 985 1191
93 2 2 1 1 986 243 1192
94 2 2 1 1 393 967 1769
95 2 2 1 1 966 392 1768
96 2 2 1 1 966 665 1966
97 2 2 1 1 666 967 1967
98 2 2 1 1 264 1222 1641
99 2 2 1 1 1223 265 1642
100 2 2 1 1 956 647 1299
101 2 2 1 1 156 1321 1980
102 2 2 1 1 1320 187 1979
103 2 2 1 1 1020 37 1632
104 2 2 1 1 105 1019 1631
105 2 2 1 1 1043 571 1278
106 2 2 1 1 392 966 1966
107 2 2 1 1 967 393 1967
108 2 2 1 1 1102 267 1983
109 2 2 1 1 247 940 1706
110 2 2 1 1 941 246 1707
111 2 2 1 1 321 1070 1214
112 2 2 1 1 1222 740 1641
113 2 2 1 1 741 1223 1642
114 2 2 1 1 1452 282 1913
115 2 2 1 1 283 1453 1914
116 2 2 1 1 634 1303 1751
117 2 2 1 1 1304 635 1752
118 2 2 1 1 884 404 1746
119 2 2 1 1 830 1839 1966
120 2 2 1 1 1840 831 1967
121 2 2 1 1 904 725 2187
122 2 2 1 1 668 1272 1973
123 2 2 1 1 1273 669 1974
124 2 2 1 1 139 1188 2544
125 2 2 1 1 1189 204 2545
126 2 2 1 1 1973 1272 2695
127 2 2 1 1 1273 1974 2696
128 2 2 1 1 1062 295 1243
129 2 2 1 1 296 1063 1244
130 2 2 1 1 1466 441 1958
131 2 2 1 1 442 1467 1959
132 2 2 1 1 317 1663 2044
133 2 2 1 1 1664 318 2045
134 2 2 1 1 780 1102 1983
135 2 2 1 1 964 264 1641
136 2 2 1 1 265 965 1642
137 2 2 1 1 1379 749 1579
138 2 2 1 1 750 1380 1580
139 2 2 1 1 282 1150 1913
140 2 2 1 1 1151 283 1914
141 2 2 1 1 898 284 1327
142 2 2 1 1 285 899 1328
143 2 2 1 1 457 990 1259
144 2 2 1 1 991 458 1260
145 2 2 1 1 985 678 1191
146 2 2 1 1 679 986 1192
147 2 2 1 1 292 1032 1226
148 2 2 1 1 1070 504 1214
149 2 2 1 1 436 987 2302
150 2 2 1 1 72 73 1800
151 2 2 1 1 1941 1350 2174
152 2 2 1 1 1215 762 1627
153 2 2 1 1 1077 270 1209
154 2 2 1 1 1436 760 1477
155 2 2 1 1 1084 638 1584
156 2 2 1 1 639 1085 1585
157 2 2 1 1 494 1077 1209
158 2 2 1 1 1031 291 1224
159 2 2 1 1 1732 1084 2389
160 2 2 1 1 1085 1733 2390
161 2 2 1 1 1274 567 1517
162 2 2 1 1 568 1275 1518
163 2 2 1 1 503 1436 1477
164 2 2 1 1 1652 879 1877
165 2 2 1 1 2063 1064 2778
166 2 2 1 1 1065 2062 2779
167 2 2 1 1 1489 428 2108
168 2 2 1 1 452 2254 2744
169 2 2 1 1 885 664 1909
170 2 2 1 1 660 1652 1877
171 2 2 1 1 1007 225 1207
172 2 2 1 1 226 1008 1208
173 2 2 1 1 428 1489 2246
174 2 2 1 1 301 1105 1377
175 2 2 1 1 1106 302 1378
176 2 2 1 1 1105 590 1377
177 2 2 1 1 591 1106 1378
178 2 2 1 1 1750 662 2075
179 2 2 1 1 519 1101 1107
180 2 2 1 1 1055 470 2221
181 2 2 1 1 1080 630 1512
182 2 2 1 1 631 1081 1513
183 2 2 1 1 972 352 1906
184 2 2 1 1 353 973 1907
185 2 2 1 1 77 78 2603
186 2 2 1 1 664 885 1658
187 2 2 1 1 1129 289 1322
188 2 2 1 1 290 1130 1323
189 2 2 1 1 1991 1056 2440
190 2 2 1 1 293 886 1896
191 2 2 1 1 887 294 1897
192 2 2 1 1 219 908 1514
193 2 2 1 1 1423 708 1989
194 2 2 1 1 709 1424 1990
195 2 2 1 1 368 912 1561
196 2 2 1 1 913 369 1562
197 2 2 1 1 1420 1110 2298
198 2 2 1 1 1111 1421 2299
199 2 2 1 1 258 1200 1910
200 2 2 1 1 1410 982 2070
201 2 2 1 1 981 1409 2071
202 2 2 1 1 1101 456 1107
203 2 2 1 1 988 421 1245
204 2 2 1 1 422 989 1246
205 2 2 1 1 1175 227 1198
206 2 2 1 1 228 1176 1199
207 2 2 1 1 1274 1517 2162
208 2 2 1 1 1518 1275 2163
209 2 2 1 1 533 1175 1198
210 2 2 1 1 1176 534 1199
211 2 2 1 1 491 988 1245
212 2 2 1 1 989 492 1246
213 2 2 1 1 992 78 1628
214 2 2 1 1 561 925 1737
215 2 2 1 1 924 560 1736
216 2 2 1 1 2054 904 2297
217 2 2 1 1 578 892 1814
218 2 2 1 1 893 579 1815
219 2 2 1 1 400 2054 2297
220 2 2 1 1 1054 427 1996
221 2 2 1 1 97 1187 2436
222 2 2 1 1 1186 45 2437
223 2 2 1 1 894 312 2203
224 2 2 1 1 763 1225 1344
225 2 2 1 1 1066 408 2395
226 2 2 1 1 409 1067 2396
227 2 2 1 1 908 512 1514
228 2 2 1 1 1027 811 1359
229 2 2 1 1 812 1028 1360
230 2 2 1 1 920 461 1636
231 2 2 1 1 462 921 1637
232 2 2 1 1 430 2063 2778
233 2 2 1 1 2062 431 2779
234 2 2 1 1 441 1466 2351
235 2 2 1 1 1467 442 2352
236 2 2 1 1 1822 1006 2779
237 2 2 1 1 1005 1821 2778
238 2 2 1 1 1054 701 1161
239 2 2 1 1 1444 413 1855
240 2 2 1 1 638 1084 1732
241 2 2 1 1 1085 639 1733
242 2 2 1 1 896 1653 1900
243 2 2 1 1 1654 897 1901
244 2 2 1 1 1225 314 1344
245 2 2 1 1 725 904 2570
246 2 2 1 1 1653 375 1900
247 2 2 1 1 376 1654 1901
248 2 2 1 1 806 1084 2156
249 2 2 1 1 1085 807 2157
250 2 2 1 1 1084 273 2156
251 2 2 1 1 274 1085 2157
252 2 2 1 1 1180 152 1547
253 2 2 1 1 191 1179 1546
254 2 2 1 1 465 1055 1177
255 2 2 1 1 1898 1078 2423
256 2 2 1 1 181 995 1807
257 2 2 1 1 996 162 1808
258 2 2 1 1 859 1885 2415
259 2 2 1 1 745 1440 1883
260 2 2 1 1 1441 746 1882
261 2 2 1 1 940 247 2136
262 2 2 1 1 246 941 2137
263 2 2 1 1 686 1003 2075
264 2 2 1 1 1082 291 1494
265 2 2 1 1 1251 598 1609
266 2 2 1 1 599 1252 1610
267 2 2 1 1 277 957 1308
268 2 2 1 1 292 1083 1495
269 2 2 1 1 609 1082 1494
270 2 2 1 1 1083 610 1495
271 2 2 1 1 1502 273 1531
272 2 2 1 1 274 1503 1532
273 2 2 1 1 796 1502 1531
274 2 2 1 1 1503 797 1532
275 2 2 1 1 941 584 1827
276 2 2 1 1 583 940 1826
277 2 2 1 1 1320 653 1357
278 2 2 1 1 654 1321 1358
279 2 2 1 1 139 140 1188
280 2 2 1 1 203 204 1189
281 2 2 1 1 562 1320 1357
282 2 2 1 1 1321 563 1358
283 2 2 1 1 475 1004 1803
284 2 2 1 1 421 972 1245
285 2 2 1 1 973 422 1246
286 2 2 1 1 461 920 1350
287 2 2 1 1 921 462 1351
288 2 2 1 1 484 962 1292
289 2 2 1 1 939 2254 2356
290 2 2 1 1 943 23 1881
291 2 2 1 1 119 944 1880
292 2 2 1 1 313 962 1396
293 2 2 1 1 850 1066 2395
294 2 2 1 1 1067 851 2396
295 2 2 1 1 962 403 1292
296 2 2 1 1 1177 1055 2221
297 2 2 1 1 24 25 1156
298 2 2 1 1 117 118 1155
299 2 2 1 1 69 70 1044
300 2 2 1 1 1466 968 2351
301 2 2 1 1 969 1467 2352
302 2 2 1 1 503 1858 1978
303 2 2 1 1 841 1112 2413
304 2 2 1 1 1113 842 2414
305 2 2 1 1 1042 325 1368
306 2 2 1 1 675 1450 1611
307 2 2 1 1 1451 676 1612
308 2 2 1 1 284 898 2215
309 2 2 1 1 899 285 2216
310 2 2 1 1 453 1042 1197
311 2 2 1 1 1118 760 1436
312 2 2 1 1 1161 259 1947
313 2 2 1 1 962 484 1396
314 2 2 1 1 507 1148 1236
315 2 2 1 1 1149 508 1237
316 2 2 1 1 937 554 1383
317 2 2 1 1 555 938 1384
318 2 2 1 1 959 307 1928
319 2 2 1 1 1148 535 1236
320 2 2 1 1 536 1149 1237
321 2 2 1 1 519 1042 1368
322 2 2 1 1 918 495 1500
323 2 2 1 1 496 919 1501
324 2 2 1 1 757 2060 2401
325 2 2 1 1 2061 758 2402
326 2 2 1 1 225 912 2361
327 2 2 1 1 913 226 2362
328 2 2 1 1 333 1415 1463
329 2 2 1 1 427 1054 2261
330 2 2 1 1 1197 2105 2210
331 2 2 1 1 1280 1006 1822
332 2 2 1 1 1005 1279 1821
333 2 2 1 1 957 277 1775
334 2 2 1 1 97 98 1187
335 2 2 1 1 44 45 1186
336 2 2 1 1 220 907 1599
337 2 2 1 1 1097 2017 2159
338 2 2 1 1 1031 581 2496
339 2 2 1 1 582 1032 2497
340 2 2 1 1 907 220 1565
341 2 2 1 1 931 416 1390
342 2 2 1 1 700 1056 1200
343 2 2 1 1 821 1466 1958
344 2 2 1 1 1467 822 1959
345 2 2 1 1 990 299 1259
346 2 2 1 1 300 991 1260
347 2 2 1 1 1200 761 1910
348 2 2 1 1 1591 543 1703
349 2 2 1 1 544 1592 1704
350 2 2 1 1 54 1053 1508
351 2 2 1 1 1052 88 1509
352 2 2 1 1 755 1420 2298
353 2 2 1 1 1421 756 2299
354 2 2 1 1 352 972 2211
355 2 2 1 1 973 353 2212
356 2 2 1 1 908 219 1608
357 2 2 1 1 629 1195 1465
358 2 2 1 1 1194 628 1464
359 2 2 1 1 1311 684 2354
360 2 2 1 1 685 1312 2355
361 2 2 1 1 1171 757 2401
362 2 2 1 1 758 1172 2402
363 2 2 1 1 1354 725 2155
364 2 2 1 1 1463 1415 2635
365 2 2 1 1 372 970 1826
366 2 2 1 1 971 373 1827
367 2 2 1 1 1042 519 2068
368 2 2 1 1 734 2062 2204
369 2 2 1 1 2063 735 2205
370 2 2 1 1 592 1023 1784
371 2 2 1 1 1024 593 1785
372 2 2 1 1 1039 744 2127
373 2 2 1 1 2413 1112 2659
374 2 2 1 1 1113 2414 2660
375 2 2 1 1 272 1055 1341
376 2 2 1 1 291 1247 1920
377 2 2 1 1 1248 292 1921
378 2 2 1 1 970 372 1717
379 2 2 1 1 373 971 1718
380 2 2 1 1 704 1416 1844
381 2 2 1 1 1417 705 1845
382 2 2 1 1 658 976 2003
383 2 2 1 1 976 267 2003
384 2 2 1 1 321 1118 1436
385 2 2 1 1 853 1591 1703
386 2 2 1 1 1592 854 1704
387 2 2 1 1 912 368 2242
388 2 2 1 1 369 913 2243
389 2 2 1 1 511 907 1565
390 2 2 1 1 315 1205 1342
391 2 2 1 1 1206 316 1343
392 2 2 1 1 1205 619 1342
393 2 2 1 1 618 1206 1343
394 2 2 1 1 992 547 1578
395 2 2 1 1 1494 291 1920
396 2 2 1 1 292 1495 1921
397 2 2 1 1 589 942 1761
398 2 2 1 1 684 1875 2354
399 2 2 1 1 1876 685 2355
400 2 2 1 1 1425 503 1978
401 2 2 1 1 529 914 2282
402 2 2 1 1 915 530 2283
403 2 2 1 1 1039 571 1908
404 2 2 1 1 912 225 1569
405 2 2 1 1 226 913 1570
406 2 2 1 1 1281 644 1377
407 2 2 1 1 645 1282 1378
408 2 2 1 1 590 1281 1377
409 2 2 1 1 1282 591 1378
410 2 2 1 1 272 975 2258
411 2 2 1 1 1703 898 2427
412 2 2 1 1 899 1704 2426
413 2 2 1 1 946 307 2232
414 2 2 1 1 662 1468 2075
415 2 2 1 1 546 1217 2102
416 2 2 1 1 367 1703 2427
417 2 2 1 1 1704 366 2426
418 2 2 1 1 6 7 1079
419 2 2 1 1 725 1354 2187
420 2 2 1 1 495 918 1546
421 2 2 1 1 919 496 1547
422 2 2 1 1 795 1341 2155
423 2 2 1 1 407 1039 2127
424 2 2 1 1 531 1173 1315
425 2 2 1 1 1174 532 1316
426 2 2 1 1 1004 470 1269
427 2 2 1 1 1173 567 1315
428 2 2 1 1 568 1174 1316
429 2 2 1 1 622 1062 1886
430 2 2 1 1 1063 623 1887
431 2 2 1 1 1039 407 1645
432 2 2 1 1 468 947 1407
433 2 2 1 1 948 469 1408
434 2 2 1 1 315 1110 1420
435 2 2 1 1 1111 316 1421
436 2 2 1 1 1036 303 1755
437 2 2 1 1 304 1035 1754
438 2 2 1 1 1003 686 1581
439 2 2 1 1 979 578 1325
440 2 2 1 1 579 980 1326
441 2 2 1 1 423 1732 2389
442 2 2 1 1 1733 424 2390
443 2 2 1 1 958 429 2051
444 2 2 1 1 230 1096 2600
445 2 2 1 1 987 436 1640
446 2 2 1 1 759 1161 1947
447 2 2 1 1 1010 497 1266
448 2 2 1 1 498 1009 1267
449 2 2 1 1 925 561 1523
450 2 2 1 1 560 924 1524
451 2 2 1 1 1609 598 1762
452 2 2 1 1 599 1610 1763
453 2 2 1 1 1269 470 2571
454 2 2 1 1 960 598 1418
455 2 2 1 1 599 961 1419
456 2 2 1 1 1096 951 2600
457 2 2 1 1 987 65 1361
458 2 2 1 1 1956 474 2037
459 2 2 1 1 1183 677 2188
460 2 2 1 1 556 987 1640
461 2 2 1 1 811 1027 2424
462 2 2 1 1 1028 812 2425
463 2 2 1 1 308 1003 1581
464 2 2 1 1 690 1178 1793
465 2 2 1 1 1057 1269 2571
466 2 2 1 1 1005 215 1279
467 2 2 1 1 216 1006 1280
468 2 2 1 1 1571 546 2102
469 2 2 1 1 1197 288 2105
470 2 2 1 1 557 957 1719
471 2 2 1 1 993 670 1301
472 2 2 1 1 671 994 1302
473 2 2 1 1 1027 293 2691
474 2 2 1 1 294 1028 2692
475 2 2 1 1 82 83 1071
476 2 2 1 1 1062 622 1673
477 2 2 1 1 623 1063 1674
478 2 2 1 1 295 1062 1673
479 2 2 1 1 1063 296 1674
480 2 2 1 1 1084 1584 2064
481 2 2 1 1 1585 1085 2065
482 2 2 1 1 329 1302 2197
483 2 2 1 1 1301 328 2198
484 2 2 1 1 1588 916 1851
485 2 2 1 1 917 1587 1852
486 2 2 1 1 1406 699 1439
487 2 2 1 1 1053 55 1386
488 2 2 1 1 87 1052 1385
489 2 2 1 1 251 1178 2233
490 2 2 1 1 1839 392 1966
491 2 2 1 1 393 1840 1967
492 2 2 1 1 222 1354 1468
493 2 2 1 1 363 1406 1439
494 2 2 1 1 477 956 1604
495 2 2 1 1 866 1463 2012
496 2 2 1 1 1878 774 1890
497 2 2 1 1 775 1879 1891
498 2 2 1 1 388 985 2576
499 2 2 1 1 986 389 2577
500 2 2 1 1 26 1220 1862
501 2 2 1 1 1219 116 1861
502 2 2 1 1 935 526 2315
503 2 2 1 1 525 936 2316
504 2 2 1 1 747 1499 1550
505 2 2 1 1 1004 308 2221
506 2 2 1 1 1440 535 1883
507 2 2 1 1 536 1441 1882
508 2 2 1 1 408 1066 2295
509 2 2 1 1 1067 409 2296
510 2 2 1 1 506 1019 1289
511 2 2 1 1 1020 505 1290
512 2 2 1 1 1276 624 1306
513 2 2 1 1 625 1277 1305
514 2 2 1 1 949 1629 2566
515 2 2 1 1 1630 950 2567
516 2 2 1 1 231 1276 1306
517 2 2 1 1 1277 232 1305
518 2 2 1 1 264 964 2035
519 2 2 1 1 965 265 2036
520 2 2 1 1 1221 716 2327
521 2 2 1 1 1025 567 1274
522 2 2 1 1 568 1026 1275
523 2 2 1 1 303 1290 1383
524 2 2 1 1 1289 304 1384
525 2 2 1 1 1302 901 2197
526 2 2 1 1 900 1301 2198
527 2 2 1 1 987 1361 2302
528 2 2 1 1 1460 501 2048
529 2 2 1 1 541 1040 2796
530 2 2 1 1 1041 542 2797
531 2 2 1 1 677 1810 2188
532 2 2 1 1 1188 892 2544
533 2 2 1 1 893 1189 2545
534 2 2 1 1 470 1055 2170
535 2 2 1 1 701 1054 2011
536 2 2 1 1 586 1769 1795
537 2 2 1 1 1768 585 1794
538 2 2 1 1 993 260 2038
539 2 2 1 1 261 994 2039
540 2 2 1 1 547 992 1628
541 2 2 1 1 962 313 2046
542 2 2 1 1 1029 600 1739
543 2 2 1 1 601 1030 1740
544 2 2 1 1 947 468 1973
545 2 2 1 1 469 948 1974
546 2 2 1 1 26 27 1220
547 2 2 1 1 115 116 1219
548 2 2 1 1 1054 331 2011
549 2 2 1 1 997 301 2645
550 2 2 1 1 302 998 2646
551 2 2 1 1 1054 1996 2467
552 2 2 1 1 1300 818 1935
553 2 2 1 1 1543 1381 2546
554 2 2 1 1 1382 1544 2547
555 2 2 1 1 612 1588 1851
556 2 2 1 1 1587 613 1852
557 2 2 1 1 716 2090 2327
558 2 2 1 1 478 1213 1920
559 2 2 1 1 1212 479 1921
560 2 2 1 1 1354 686 1468
561 2 2 1 1 1213 783 1920
562 2 2 1 1 784 1212 1921
563 2 2 1 1 942 589 1510
564 2 2 1 1 1460 2048 2636
565 2 2 1 1 370 935 1620
566 2 2 1 1 936 371 1621
567 2 2 1 1 545 1422 2053
568 2 2 1 1 1029 377 1669
569 2 2 1 1 378 1030 1670
570 2 2 1 1 670 993 2038
571 2 2 1 1 994 671 2039
572 2 2 1 1 251 2233 2488
573 2 2 1 1 706 1460 1638
574 2 2 1 1 1461 707 1639
575 2 2 1 1 578 979 2281
576 2 2 1 1 980 579 2280
577 2 2 1 1 1426 317 2044
578 2 2 1 1 318 1427 2045
579 2 2 1 1 710 1410 2070
580 2 2 1 1 1409 711 2071
581 2 2 1 1 620 1146 1456
582 2 2 1 1 1147 621 1457
583 2 2 1 1 475 1957 1968
584 2 2 1 1 1054 1161 2261
585 2 2 1 1 1093 485 1243
586 2 2 1 1 486 1094 1244
587 2 2 1 1 730 1381 1543
588 2 2 1 1 1382 731 1544
589 2 2 1 1 1576 545 2053
590 2 2 1 1 600 1029 1669
591 2 2 1 1 1030 601 1670
592 2 2 1 1 456 1300 1935
593 2 2 1 1 935 370 1687
594 2 2 1 1 371 936 1688
595 2 2 1 1 1178 251 1793
596 2 2 1 1 1056 700 2010
597 2 2 1 1 1051 1981 2816
598 2 2 1 1 293 1780 2846
599 2 2 1 1 1781 294 2847
600 2 2 1 1 461 1045 1627
601 2 2 1 1 526 935 1687
602 2 2 1 1 936 525 1688
603 2 2 1 1 290 1068 1441
604 2 2 1 1 1069 289 1440
605 2 2 1 1 59 60 1086
606 2 2 1 1 330 1056 2010
607 2 2 1 1 665 966 2503
608 2 2 1 1 967 666 2504
609 2 2 1 1 1068 746 1441
610 2 2 1 1 745 1069 1440
611 2 2 1 1 1056 428 2246
612 2 2 1 1 288 1324 2105
613 2 2 1 1 845 1207 2121
614 2 2 1 1 1208 846 2122
615 2 2 1 1 1050 474 1268
616 2 2 1 1 1422 250 1760
617 2 2 1 1 1207 520 2121
618 2 2 1 1 521 1208 2122
619 2 2 1 1 1040 148 2249
620 2 2 1 1 195 1041 2250
621 2 2 1 1 495 1333 1949
622 2 2 1 1 1334 496 1950
623 2 2 1 1 614 1661 2180
624 2 2 1 1 1662 615 2181
625 2 2 1 1 554 937 1725
626 2 2 1 1 938 555 1726
627 2 2 1 1 1217 351 2392
628 2 2 1 1 305 1098 1609
629 2 2 1 1 1099 306 1610
630 2 2 1 1 985 388 2125
631 2 2 1 1 389 986 2126
632 2 2 1 1 605 1035 1701
633 2 2 1 1 1036 606 1702
634 2 2 1 1 1066 772 2295
635 2 2 1 1 773 1067 2296
636 2 2 1 1 1035 396 1701
637 2 2 1 1 397 1036 1702
638 2 2 1 1 1159 472 1894
639 2 2 1 1 473 1160 1895
640 2 2 1 1 678 985 2125
641 2 2 1 1 986 679 2126
642 2 2 1 1 416 931 2880
643 2 2 1 1 602 1389 1867
644 2 2 1 1 1107 456 1679
645 2 2 1 1 2335 1268 2466
646 2 2 1 1 295 1093 1243
647 2 2 1 1 1094 296 1244
648 2 2 1 1 1351 1168 2022
649 2 2 1 1 495 1949 2055
650 2 2 1 1 1950 496 2056
651 2 2 1 1 1499 643 1550
652 2 2 1 1 930 2345 2380
653 2 2 1 1 955 1217 2392
654 2 2 1 1 1324 909 2105
655 2 2 1 1 1465 1195 2087
656 2 2 1 1 1194 1464 2086
657 2 2 1 1 248 1268 2335
658 2 2 1 1 307 946 1928
659 2 2 1 1 23 943 2008
660 2 2 1 1 944 119 2009
661 2 2 1 1 1100 662 1838
662 2 2 1 1 1004 475 1968
663 2 2 1 1 813 1422 1760
664 2 2 1 1 956 336 1604
665 2 2 1 1 2315 275 2661
666 2 2 1 1 276 2316 2662
667 2 2 1 1 990 457 2208
668 2 2 1 1 458 991 2209
669 2 2 1 1 843 1232 2393
670 2 2 1 1 1233 844 2394
671 2 2 1 1 341 1065 1573
672 2 2 1 1 1064 342 1572
673 2 2 1 1 985 242 1776
674 2 2 1 1 243 986 1777
675 2 2 1 1 704 1261 1416
676 2 2 1 1 1262 705 1417
677 2 2 1 1 724 1210 1760
678 2 2 1 1 1714 602 1867
679 2 2 1 1 736 1444 1855
680 2 2 1 1 2191 1600 2275
681 2 2 1 1 1601 2192 2276
682 2 2 1 1 322 1095 1240
683 2 2 1 1 351 1100 1838
684 2 2 1 1 636 1832 2160
685 2 2 1 1 1833 637 2161
686 2 2 1 1 966 299 1506
687 2 2 1 1 300 967 1507
688 2 2 1 1 1097 266 2017
689 2 2 1 1 1420 755 1614
690 2 2 1 1 756 1421 1615
691 2 2 1 1 1060 509 2044
692 2 2 1 1 510 1061 2045
693 2 2 1 1 539 1420 1614
694 2 2 1 1 1421 540 1615
695 2 2 1 1 2017 681 2159
696 2 2 1 1 1035 605 1754
697 2 2 1 1 606 1036 1755
698 2 2 1 1 1885 403 2415
699 2 2 1 1 1499 68 1566
700 2 2 1 1 957 557 2385
701 2 2 1 1 313 1215 1627
702 2 2 1 1 956 477 1551
703 2 2 1 1 598 960 1762
704 2 2 1 1 961 599 1763
705 2 2 1 1 94 1433 2029
706 2 2 1 1 1432 48 2030
707 2 2 1 1 712 1060 2044
708 2 2 1 1 1061 713 2045
709 2 2 1 1 293 1027 1359
710 2 2 1 1 1028 294 1360
711 2 2 1 1 1213 478 2107
712 2 2 1 1 479 1212 2106
713 2 2 1 1 1929 146 2050
714 2 2 1 1 197 1930 2049
715 2 2 1 1 273 983 1531
716 2 2 1 1 984 274 1532
717 2 2 1 1 1187 854 2436
718 2 2 1 1 853 1186 2437
719 2 2 1 1 1178 690 1603
720 2 2 1 1 1894 472 2493
721 2 2 1 1 473 1895 2492
722 2 2 1 1 1507 573 1522
723 2 2 1 1 572 1506 1521
724 2 2 1 1 1095 580 1240
725 2 2 1 1 1269 1057 2285
726 2 2 1 1 1037 343 1348
727 2 2 1 1 344 1038 1349
728 2 2 1 1 1214 504 1218
729 2 2 1 1 282 949 1734
730 2 2 1 1 950 283 1735
731 2 2 1 1 1450 507 1611
732 2 2 1 1 508 1451 1612
733 2 2 1 1 474 1050 2037
734 2 2 1 1 672 1045 1307
735 2 2 1 1 1667 896 1900
736 2 2 1 1 897 1668 1901
737 2 2 1 1 1981 1051 2681
738 2 2 1 1 470 1004 2221
739 2 2 1 1 1704 854 1916
740 2 2 1 1 853 1703 1915
741 2 2 1 1 24 1156 1881
742 2 2 1 1 1155 118 1880
743 2 2 1 1 64 987 1624
744 2 2 1 1 131 132 1626
745 2 2 1 1 10 11 1625
746 2 2 1 1 1286 572 1521
747 2 2 1 1 573 1287 1522
748 2 2 1 1 740 1222 1727
749 2 2 1 1 1223 741 1728
750 2 2 1 1 527 1214 1218
751 2 2 1 1 987 556 1624
752 2 2 1 1 1368 325 1705
753 2 2 1 1 527 1240 1353
754 2 2 1 1 1197 1042 2068
755 2 2 1 1 1053 526 1508
756 2 2 1 1 525 1052 1509
757 2 2 1 1 1493 1791 2801
758 2 2 1 1 1792 1492 2800
759 2 2 1 1 225 1007 2277
760 2 2 1 1 1008 226 2278
761 2 2 1 1 1091 439 2325
762 2 2 1 1 440 1092 2326
763 2 2 1 1 1278 571 1554
764 2 2 1 1 1007 489 2277
765 2 2 1 1 490 1008 2278
766 2 2 1 1 298 1525 1740
767 2 2 1 1 1526 297 1739
768 2 2 1 1 1317 687 2074
769 2 2 1 1 812 1360 2698
770 2 2 1 1 1359 811 2697
771 2 2 1 1 494 1209 1211
772 2 2 1 1 37 38 1632
773 2 2 1 1 104 105 1631
774 2 2 1 1 152 153 1547
775 2 2 1 1 190 191 1546
776 2 2 1 1 1525 830 1740
777 2 2 1 1 831 1526 1739
778 2 2 1 1 1105 301 1579
779 2 2 1 1 302 1106 1580
780 2 2 1 1 749 1105 1579
781 2 2 1 1 1106 750 1580
782 2 2 1 1 1832 793 2160
783 2 2 1 1 794 1833 2161
784 2 2 1 1 583 970 2802
785 2 2 1 1 971 584 2803
786 2 2 1 1 1209 528 1211
787 2 2 1 1 728 1184 2211
788 2 2 1 1 1185 729 2212
789 2 2 1 1 464 1155 1880
790 2 2 1 1 1156 463 1881
791 2 2 1 1 168 169 1167
792 2 2 1 1 174 175 1166
793 2 2 1 1 1089 781 2431
794 2 2 1 1 782 1090 2432
795 2 2 1 1 1055 465 1341
796 2 2 1 1 1159 541 2796
797 2 2 1 1 542 1160 2797
798 2 2 1 1 260 988 1782
799 2 2 1 1 989 261 1783
800 2 2 1 1 301 997 1764
801 2 2 1 1 998 302 1765
802 2 2 1 1 983 273 2064
803 2 2 1 1 274 984 2065
804 2 2 1 1 580 1095 2719
805 2 2 1 1 1093 295 2763
806 2 2 1 1 296 1094 2764
807 2 2 1 1 1184 2110 2211
808 2 2 1 1 2111 1185 2212
809 2 2 1 1 1425 277 2231
810 2 2 1 1 307 1050 2232
811 2 2 1 1 2075 1003 2582
812 2 2 1 1 963 80 1804
813 2 2 1 1 80 963 2482
814 2 2 1 1 1600 806 2275
815 2 2 1 1 807 1601 2276
816 2 2 1 1 970 583 1826
817 2 2 1 1 584 971 1827
818 2 2 1 1 307 959 1666
819 2 2 1 1 249 1269 2285
820 2 2 1 1 958 649 1823
821 2 2 1 1 970 541 2320
822 2 2 1 1 542 971 2321
823 2 2 1 1 649 958 2528
824 2 2 1 1 772 1066 1337
825 2 2 1 1 1067 773 1338
826 2 2 1 1 215 1005 1614
827 2 2 1 1 1006 216 1615
828 2 2 1 1 2107 478 2580
829 2 2 1 1 479 2106 2581
830 2 2 1 1 1245 972 1906
831 2 2 1 1 973 1246 1907
832 2 2 1 1 1041 195 1598
833 2 2 1 1 148 1040 1597
834 2 2 1 1 277 1308 2231
835 2 2 1 1 489 1007 2033
836 2 2 1 1 1008 490 2034
837 2 2 1 1 293 1357 2691
838 2 2 1 1 1358 294 2692
839 2 2 1 1 1240 580 1353
840 2 2 1 1 646 1072 1390
841 2 2 1 1 403 962 2416
842 2 2 1 1 31 32 1282
843 2 2 1 1 110 111 1281
844 2 2 1 1 100 1498 2748
845 2 2 1 1 1497 42 2747
846 2 2 1 1 647 956 1848
847 2 2 1 1 1647 276 2662
848 2 2 1 1 275 1646 2661
849 2 2 1 1 299 990 2451
850 2 2 1 1 991 300 2452
851 2 2 1 1 207 208 1553
852 2 2 1 1 135 136 1552
853 2 2 1 1 173 1529 2082
854 2 2 1 1 1530 170 2083
855 2 2 1 1 1317 2074 2241
856 2 2 1 1 1153 683 1812
857 2 2 1 1 682 1154 1813
858 2 2 1 1 451 1096 1265
859 2 2 1 1 405 999 1695
860 2 2 1 1 1000 406 1696
861 2 2 1 1 298 1267 1525
862 2 2 1 1 1266 297 1526
863 2 2 1 1 1017 491 1906
864 2 2 1 1 492 1018 1907
865 2 2 1 1 1821 430 2778
866 2 2 1 1 431 1822 2779
867 2 2 1 1 303 1036 1988
868 2 2 1 1 1035 304 1987
869 2 2 1 1 299 966 1794
870 2 2 1 1 967 300 1795
871 2 2 1 1 760 1118 2219
872 2 2 1 1 1493 703 1791
873 2 2 1 1 702 1492 1792
874 2 2 1 1 1004 1269 1803
875 2 2 1 1 1463 866 2284
876 2 2 1 1 1241 193 2250
877 2 2 1 1 150 1242 2249
878 2 2 1 1 541 970 1717
879 2 2 1 1 971 542 1718
880 2 2 1 1 699 1665 1874
881 2 2 1 1 1080 1512 2088
882 2 2 1 1 1513 1081 2089
883 2 2 1 1 1970 418 2615
884 2 2 1 1 417 1969 2614
885 2 2 1 1 632 1667 1900
886 2 2 1 1 1668 633 1901
887 2 2 1 1 1066 210 1337
888 2 2 1 1 211 1067 1338
889 2 2 1 1 1874 1665 2551
890 2 2 1 1 814 1789 2419
891 2 2 1 1 1790 815 2420
892 2 2 1 1 1463 493 2012
893 2 2 1 1 964 1641 2592
894 2 2 1 1 1642 965 2593
895 2 2 1 1 1203 688 2191
896 2 2 1 1 689 1204 2192
897 2 2 1 1 289 1129 1611
898 2 2 1 1 1130 290 1612
899 2 2 1 1 366 1704 1916
900 2 2 1 1 1703 367 1915
901 2 2 1 1 972 421 2428
902 2 2 1 1 422 973 2429
903 2 2 1 1 62 974 1843
904 2 2 1 1 954 2098 2391
905 2 2 1 1 2099 955 2392
906 2 2 1 1 1460 240 1638
907 2 2 1 1 241 1461 1639
908 2 2 1 1 248 1101 1367
909 2 2 1 1 220 1599 2353
910 2 2 1 1 1727 1222 2674
911 2 2 1 1 1223 1728 2675
912 2 2 1 1 1666 848 2037
913 2 2 1 1 930 1545 2345
914 2 2 1 1 736 1576 2042
915 2 2 1 1 1577 737 2043
916 2 2 1 1 902 1929 2050
917 2 2 1 1 1930 903 2049
918 2 2 1 1 374 1221 2072
919 2 2 1 1 100 101 1498
920 2 2 1 1 41 42 1497
921 2 2 1 1 49 50 1116
922 2 2 1 1 92 93 1117
923 2 2 1 1 1154 778 1813
924 2 2 1 1 777 1153 1812
925 2 2 1 1 581 1037 2151
926 2 2 1 1 1038 582 2152
927 2 2 1 1 979 136 2281
928 2 2 1 1 207 980 2280
929 2 2 1 1 2288 1663 2624
930 2 2 1 1 1664 2289 2625
931 2 2 1 1 1488 836 2173
932 2 2 1 1 1003 538 2582
933 2 2 1 1 629 981 2317
934 2 2 1 1 982 628 2318
935 2 2 1 1 405 1695 2002
936 2 2 1 1 1696 406 2001
937 2 2 1 1 974 62 2406
938 2 2 1 1 1129 1322 1964
939 2 2 1 1 1323 1130 1965
940 2 2 1 1 632 995 2067
941 2 2 1 1 996 633 2066
942 2 2 1 1 1101 519 1367
943 2 2 1 1 976 658 2202
944 2 2 1 1 193 194 2250
945 2 2 1 1 149 150 2249
946 2 2 1 1 213 1046 1437
947 2 2 1 1 1047 214 1438
948 2 2 1 1 1009 498 1625
949 2 2 1 1 497 1010 1626
950 2 2 1 1 280 1089 1407
951 2 2 1 1 1090 281 1408
952 2 2 1 1 297 1266 1325
953 2 2 1 1 1267 298 1326
954 2 2 1 1 1603 314 1712
955 2 2 1 1 1200 1056 2246
956 2 2 1 1 785 1373 2060
957 2 2 1 1 1374 786 2061
958 2 2 1 1 267 976 1810
959 2 2 1 1 2211 972 2629
960 2 2 1 1 973 2212 2630
961 2 2 1 1 503 1070 1436
962 2 2 1 1 848 1956 2037
963 2 2 1 1 762 1215 2411
964 2 2 1 1 706 1184 2631
965 2 2 1 1 1185 707 2632
966 2 2 1 1 1764 2471 2869
967 2 2 1 1 2472 1765 2870
968 2 2 1 1 199 200 1163
969 2 2 1 1 143 144 1162
970 2 2 1 1 1478 580 1694
971 2 2 1 1 1070 503 1425
972 2 2 1 1 988 260 1655
973 2 2 1 1 261 989 1656
974 2 2 1 1 313 1045 2046
975 2 2 1 1 1100 779 1738
976 2 2 1 1 526 1053 2642
977 2 2 1 1 1052 525 2641
978 2 2 1 1 1066 850 1454
979 2 2 1 1 851 1067 1455
980 2 2 1 1 999 405 2032
981 2 2 1 1 406 1000 2031
982 2 2 1 1 725 1948 2155
983 2 2 1 1 764 1478 1694
984 2 2 1 1 1019 506 1631
985 2 2 1 1 505 1020 1632
986 2 2 1 1 1089 280 1992
987 2 2 1 1 281 1090 1993
988 2 2 1 1 260 993 2372
989 2 2 1 1 994 261 2373
990 2 2 1 1 1095 493 1335
991 2 2 1 1 446 1438 2801
992 2 2 1 1 1437 445 2800
993 2 2 1 1 678 1089 1992
994 2 2 1 1 1090 679 1993
995 2 2 1 1 308 1177 2221
996 2 2 1 1 1096 230 2350
997 2 2 1 1 374 1729 2081
998 2 2 1 1 1630 588 2016
999 2 2 1 1 587 1629 2015
1000 2 2 1 1 417 993 2378
1001 2 2 1 1 994 418 2379
1002 2 2 1 1 1438 446 2310
1003 2 2 1 1 445 1437 2309
1004 2 2 1 1 231 1296 1589
1005 2 2 1 1 1295 232 1590
1006 2 2 1 1 1184 1392 2631
1007 2 2 1 1 1393 1185 2632
1008 2 2 1 1 545 1190 1633
1009 2 2 1 1 414 1445 1571
1010 2 2 1 1 108 109 1229
1011 2 2 1 1 33 34 1230
1012 2 2 1 1 14 15 1227
1013 2 2 1 1 127 128 1228
1014 2 2 1 1 1039 229 1672
1015 2 2 1 1 1760 1210 2328
1016 2 2 1 1 1296 665 1589
1017 2 2 1 1 666 1295 1590
1018 2 2 1 1 836 1603 1712
1019 2 2 1 1 1181 323 1555
1020 2 2 1 1 324 1182 1556
1021 2 2 1 1 1070 321 1436
1022 2 2 1 1 31 1282 1864
1023 2 2 1 1 1281 111 1863
1024 2 2 1 1 624 1181 1555
1025 2 2 1 1 1182 625 1556
1026 2 2 1 1 1695 923 2002
1027 2 2 1 1 922 1696 2001
1028 2 2 1 1 244 1203 1272
1029 2 2 1 1 1204 245 1273
1030 2 2 1 1 1203 531 1272
1031 2 2 1 1 532 1204 1273
1032 2 2 1 1 473 2250 2797
1033 2 2 1 1 2249 472 2796
1034 2 2 1 1 1445 737 1571
1035 2 2 1 1 995 632 1741
1036 2 2 1 1 633 996 1742
1037 2 2 1 1 1609 1098 2592
1038 2 2 1 1 1099 1610 2593
1039 2 2 1 1 1405 904 2187
1040 2 2 1 1 1957 849 1968
1041 2 2 1 1 421 988 1886
1042 2 2 1 1 989 422 1887
1043 2 2 1 1 1383 1290 2409
1044 2 2 1 1 1289 1384 2410
1045 2 2 1 1 684 1283 2494
1046 2 2 1 1 1284 685 2495
1047 2 2 1 1 1936 1203 2191
1048 2 2 1 1 1204 1937 2192
1049 2 2 1 1 1784 1023 2132
1050 2 2 1 1 1024 1785 2133
1051 2 2 1 1 168 1167 2091
1052 2 2 1 1 1166 175 2092
1053 2 2 1 1 988 491 1782
1054 2 2 1 1 492 989 1783
1055 2 2 1 1 830 1525 1839
1056 2 2 1 1 1526 831 1840
1057 2 2 1 1 611 1439 1874
1058 2 2 1 1 491 1017 2618
1059 2 2 1 1 1018 492 2619
1060 2 2 1 1 1059 278 1482
1061 2 2 1 1 279 1058 1483
1062 2 2 1 1 774 1201 1890
1063 2 2 1 1 1202 775 1891
1064 2 2 1 1 495 1179 1333
1065 2 2 1 1 1180 496 1334
1066 2 2 1 1 470 2170 2571
1067 2 2 1 1 1044 70 1486
1068 2 2 1 1 776 1097 2527
1069 2 2 1 1 995 181 2067
1070 2 2 1 1 162 996 2066
1071 2 2 1 1 993 417 1818
1072 2 2 1 1 418 994 1819
1073 2 2 1 1 1179 722 1333
1074 2 2 1 1 723 1180 1334
1075 2 2 1 1 1126 315 1342
1076 2 2 1 1 316 1127 1343
1077 2 2 1 1 1695 999 1994
1078 2 2 1 1 1000 1696 1995
1079 2 2 1 1 295 1673 2121
1080 2 2 1 1 1674 296 2122
1081 2 2 1 1 517 1126 1342
1082 2 2 1 1 1127 518 1343
1083 2 2 1 1 341 1238 1313
1084 2 2 1 1 1239 342 1314
1085 2 2 1 1 1238 550 1313
1086 2 2 1 1 551 1239 1314
1087 2 2 1 1 1691 220 2353
1088 2 2 1 1 1764 997 2471
1089 2 2 1 1 998 1765 2472
1090 2 2 1 1 432 1110 2533
1091 2 2 1 1 1111 433 2534
1092 2 2 1 1 975 2344 2647
1093 2 2 1 1 499 1695 1994
1094 2 2 1 1 1696 500 1995
1095 2 2 1 1 1110 872 2533
1096 2 2 1 1 873 1111 2534
1097 2 2 1 1 594 1017 2887
1098 2 2 1 1 1018 595 2888
1099 2 2 1 1 1046 213 2574
1100 2 2 1 1 214 1047 2575
1101 2 2 1 1 1655 622 1886
1102 2 2 1 1 623 1656 1887
1103 2 2 1 1 230 1218 1362
1104 2 2 1 1 2098 753 2391
1105 2 2 1 1 754 2099 2392
1106 2 2 1 1 473 1241 2250
1107 2 2 1 1 1242 472 2249
1108 2 2 1 1 2328 1392 2783
1109 2 2 1 1 1042 453 2833
1110 2 2 1 1 1190 545 1388
1111 2 2 1 1 2035 684 2494
1112 2 2 1 1 685 2036 2495
1113 2 2 1 1 1045 672 2046
1114 2 2 1 1 828 1898 2158
1115 2 2 1 1 1129 675 1611
1116 2 2 1 1 676 1130 1612
1117 2 2 1 1 1095 322 1548
1118 2 2 1 1 1327 517 1911
1119 2 2 1 1 518 1328 1912
1120 2 2 1 1 633 1123 1901
1121 2 2 1 1 1122 632 1900
1122 2 2 1 1 1003 308 1713
1123 2 2 1 1 210 1066 1454
1124 2 2 1 1 1067 211 1455
1125 2 2 1 1 1211 345 2366
1126 2 2 1 1 1001 1574 2273
1127 2 2 1 1 1575 1002 2274
1128 2 2 1 1 219 1363 1811
1129 2 2 1 1 501 1392 2328
1130 2 2 1 1 1091 2325 2767
1131 2 2 1 1 2326 1092 2768
1132 2 2 1 1 1236 289 1611
1133 2 2 1 1 290 1237 1612
1134 2 2 1 1 286 1013 1846
1135 2 2 1 1 1014 287 1847
1136 2 2 1 1 400 1488 2173
1137 2 2 1 1 1029 1739 2404
1138 2 2 1 1 1740 1030 2405
1139 2 2 1 1 162 163 1808
1140 2 2 1 1 180 181 1807
1141 2 2 1 1 1437 914 1648
1142 2 2 1 1 915 1438 1649
1143 2 2 1 1 1416 346 1844
1144 2 2 1 1 347 1417 1845
1145 2 2 1 1 538 1003 1713
1146 2 2 1 1 1407 1089 2431
1147 2 2 1 1 1090 1408 2432
1148 2 2 1 1 278 1059 1504
1149 2 2 1 1 1058 279 1505
1150 2 2 1 1 1525 1267 2812
1151 2 2 1 1 1266 1526 2813
1152 2 2 1 1 1078 528 2810
1153 2 2 1 1 461 1627 2656
1154 2 2 1 1 301 1377 2645
1155 2 2 1 1 1378 302 2646
1156 2 2 1 1 839 1103 2473
1157 2 2 1 1 1104 840 2474
1158 2 2 1 1 1045 313 1627
1159 2 2 1 1 1220 27 1542
1160 2 2 1 1 115 1219 1541
1161 2 2 1 1 1103 480 2473
1162 2 2 1 1 481 1104 2474
1163 2 2 1 1 589 1761 1788
1164 2 2 1 1 1462 277 1978
1165 2 2 1 1 1307 724 1760
1166 2 2 1 1 1232 594 1638
1167 2 2 1 1 595 1233 1639
1168 2 2 1 1 1373 390 2060
1169 2 2 1 1 391 1374 2061
1170 2 2 1 1 588 1630 2567
1171 2 2 1 1 1629 587 2566
1172 2 2 1 1 1605 388 2576
1173 2 2 1 1 389 1606 2577
1174 2 2 1 1 308 1004 1968
1175 2 2 1 1 1037 581 1634
1176 2 2 1 1 582 1038 1635
1177 2 2 1 1 1729 880 2081
1178 2 2 1 1 69 1044 1566
1179 2 2 1 1 1040 541 1597
1180 2 2 1 1 542 1041 1598
1181 2 2 1 1 567 1025 2609
1182 2 2 1 1 1026 568 2610
1183 2 2 1 1 959 1928 2526
1184 2 2 1 1 581 1112 1634
1185 2 2 1 1 1113 582 1635
1186 2 2 1 1 745 1428 1669
1187 2 2 1 1 1429 746 1670
1188 2 2 1 1 94 95 1433
1189 2 2 1 1 47 48 1432
1190 2 2 1 1 1759 611 1874
1191 2 2 1 1 1375 295 2121
1192 2 2 1 1 296 1376 2122
1193 2 2 1 1 2072 1221 2397
1194 2 2 1 1 1634 1112 2564
1195 2 2 1 1 1113 1635 2565
1196 2 2 1 1 1428 600 1669
1197 2 2 1 1 601 1429 1670
1198 2 2 1 1 2505 1288 2848
1199 2 2 1 1 513 1126 1364
1200 2 2 1 1 1127 514 1365
1201 2 2 1 1 1011 411 2286
1202 2 2 1 1 412 1012 2287
1203 2 2 1 1 1327 284 2715
1204 2 2 1 1 285 1328 2716
1205 2 2 1 1 464 1880 2872
1206 2 2 1 1 1881 463 2871
1207 2 2 1 1 1013 286 1796
1208 2 2 1 1 287 1014 1797
1209 2 2 1 1 2219 1118 2866
1210 2 2 1 1 411 1013 1801
1211 2 2 1 1 1014 412 1802
1212 2 2 1 1 284 1364 2715
1213 2 2 1 1 1365 285 2716
1214 2 2 1 1 465 1177 2403
1215 2 2 1 1 929 1664 2625
1216 2 2 1 1 1663 928 2624
1217 2 2 1 1 924 1736 2269
1218 2 2 1 1 1737 925 2268
1219 2 2 1 1 1981 661 2816
1220 2 2 1 1 632 1122 1741
1221 2 2 1 1 1123 633 1742
1222 2 2 1 1 1122 334 1741
1223 2 2 1 1 335 1123 1742
1224 2 2 1 1 1110 315 1480
1225 2 2 1 1 316 1111 1481
1226 2 2 1 1 396 1035 1851
1227 2 2 1 1 1036 397 1852
1228 2 2 1 1 1035 612 1851
1229 2 2 1 1 613 1036 1852
1230 2 2 1 1 1009 11 2176
1231 2 2 1 1 131 1010 2175
1232 2 2 1 1 1398 2197 2493
1233 2 2 1 1 2198 1397 2492
1234 2 2 1 1 578 1029 2404
1235 2 2 1 1 1030 579 2405
1236 2 2 1 1 872 1110 1480
1237 2 2 1 1 1111 873 1481
1238 2 2 1 1 250 1307 1760
1239 2 2 1 1 345 1831 2366
1240 2 2 1 1 744 1039 1672
1241 2 2 1 1 1462 1978 2331
1242 2 2 1 1 647 1368 1705
1243 2 2 1 1 1393 502 1926
1244 2 2 1 1 1019 105 2194
1245 2 2 1 1 37 1020 2193
1246 2 2 1 1 14 1227 2740
1247 2 2 1 1 1228 128 2741
1248 2 2 1 1 108 1229 2749
1249 2 2 1 1 1230 34 2750
1250 2 2 1 1 1048 1294 1792
1251 2 2 1 1 1293 1049 1791
1252 2 2 1 1 1679 456 1935
1253 2 2 1 1 509 1060 1561
1254 2 2 1 1 1061 510 1562
1255 2 2 1 1 1029 578 1814
1256 2 2 1 1 579 1030 1815
1257 2 2 1 1 377 1029 1814
1258 2 2 1 1 1030 378 1815
1259 2 2 1 1 1414 2279 2466
1260 2 2 1 1 1023 1329 1939
1261 2 2 1 1 1330 1024 1940
1262 2 2 1 1 648 1121 1899
1263 2 2 1 1 1210 337 2048
1264 2 2 1 1 457 1259 2441
1265 2 2 1 1 1260 458 2442
1266 2 2 1 1 933 1620 1776
1267 2 2 1 1 1621 934 1777
1268 2 2 1 1 1574 348 2273
1269 2 2 1 1 349 1575 2274
1270 2 2 1 1 1017 594 1780
1271 2 2 1 1 595 1018 1781
1272 2 2 1 1 1413 859 2415
1273 2 2 1 1 1510 325 1834
1274 2 2 1 1 527 1218 1602
1275 2 2 1 1 2034 490 2189
1276 2 2 1 1 489 2033 2190
1277 2 2 1 1 307 1666 2037
1278 2 2 1 1 1761 828 1788
1279 2 2 1 1 339 1539 1675
1280 2 2 1 1 1540 340 1676
1281 2 2 1 1 1422 545 1633
1282 2 2 1 1 1100 351 1549
1283 2 2 1 1 1272 668 1708
1284 2 2 1 1 669 1273 1709
1285 2 2 1 1 1062 1243 2100
1286 2 2 1 1 1244 1063 2101
1287 2 2 1 1 1157 864 2462
1288 2 2 1 1 865 1158 2463
1289 2 2 1 1 404 1288 2505
1290 2 2 1 1 650 1219 1861
1291 2 2 1 1 1220 651 1862
1292 2 2 1 1 618 1343 1345
1293 2 2 1 1 1342 619 1346
1294 2 2 1 1 517 1342 1346
1295 2 2 1 1 1343 518 1345
1296 2 2 1 1 315 1126 1480
1297 2 2 1 1 1127 316 1481
1298 2 2 1 1 148 149 2249
1299 2 2 1 1 194 195 2250
1300 2 2 1 1 1044 416 2226
1301 2 2 1 1 1462 847 1953
1302 2 2 1 1 244 1272 1708
1303 2 2 1 1 1273 245 1709
1304 2 2 1 1 663 1291 1691
1305 2 2 1 1 437 1157 2462
1306 2 2 1 1 1158 438 2463
1307 2 2 1 1 1077 494 1729
1308 2 2 1 1 291 1031 2496
1309 2 2 1 1 1032 292 2497
1310 2 2 1 1 1620 552 1776
1311 2 2 1 1 553 1621 1777
1312 2 2 1 1 1108 811 2424
1313 2 2 1 1 812 1109 2425
1314 2 2 1 1 2406 556 2857
1315 2 2 1 1 643 1499 1566
1316 2 2 1 1 564 1557 1682
1317 2 2 1 1 1558 565 1683
1318 2 2 1 1 566 1462 1953
1319 2 2 1 1 1148 507 1560
1320 2 2 1 1 508 1149 1559
1321 2 2 1 1 728 2211 2629
1322 2 2 1 1 2212 729 2630
1323 2 2 1 1 1214 527 1353
1324 2 2 1 1 1433 767 2029
1325 2 2 1 1 766 1432 2030
1326 2 2 1 1 1291 220 1691
1327 2 2 1 1 1393 1926 2510
1328 2 2 1 1 828 1285 1898
1329 2 2 1 1 609 1494 1766
1330 2 2 1 1 1495 610 1767
1331 2 2 1 1 262 1634 2564
1332 2 2 1 1 1635 263 2565
1333 2 2 1 1 401 1108 2424
1334 2 2 1 1 1109 402 2425
1335 2 2 1 1 288 1107 1679
1336 2 2 1 1 1994 223 2357
1337 2 2 1 1 224 1995 2358
1338 2 2 1 1 1494 783 1766
1339 2 2 1 1 784 1495 1767
1340 2 2 1 1 325 1042 2047
1341 2 2 1 1 184 185 1253
1342 2 2 1 1 158 159 1254
1343 2 2 1 1 1106 591 1779
1344 2 2 1 1 590 1105 1778
1345 2 2 1 1 1510 1834 2688
1346 2 2 1 1 1152 787 2241
1347 2 2 1 1 1624 556 2406
1348 2 2 1 1 416 1044 1836
1349 2 2 1 1 1055 272 2170
1350 2 2 1 1 612 1035 1987
1351 2 2 1 1 1036 613 1988
1352 2 2 1 1 673 1878 1890
1353 2 2 1 1 1879 674 1891
1354 2 2 1 1 1169 609 1766
1355 2 2 1 1 610 1170 1767
1356 2 2 1 1 1442 367 1813
1357 2 2 1 1 366 1443 1812
1358 2 2 1 1 778 1442 1813
1359 2 2 1 1 1443 777 1812
1360 2 2 1 1 387 1152 2241
1361 2 2 1 1 800 1567 2443
1362 2 2 1 1 1568 801 2444
1363 2 2 1 1 1102 780 2487
1364 2 2 1 1 1327 1911 2885
1365 2 2 1 1 1912 1328 2886
1366 2 2 1 1 333 1463 2284
1367 2 2 1 1 655 1048 2114
1368 2 2 1 1 1049 656 2115
1369 2 2 1 1 1381 730 1732
1370 2 2 1 1 731 1382 1733
1371 2 2 1 1 423 1381 1732
1372 2 2 1 1 1382 424 1733
1373 2 2 1 1 166 167 1249
1374 2 2 1 1 176 177 1250
1375 2 2 1 1 1318 569 1411
1376 2 2 1 1 570 1319 1412
1377 2 2 1 1 644 1136 1985
1378 2 2 1 1 1137 645 1986
1379 2 2 1 1 343 1037 2531
1380 2 2 1 1 1038 344 2532
1381 2 2 1 1 864 1157 1426
1382 2 2 1 1 1158 865 1427
1383 2 2 1 1 229 1039 1908
1384 2 2 1 1 1306 624 1555
1385 2 2 1 1 625 1305 1556
1386 2 2 1 1 1265 1096 2350
1387 2 2 1 1 592 1789 1931
1388 2 2 1 1 1790 593 1932
1389 2 2 1 1 1068 290 2827
1390 2 2 1 1 289 1069 2826
1391 2 2 1 1 480 1103 1502
1392 2 2 1 1 1104 481 1503
1393 2 2 1 1 1809 787 1872
1394 2 2 1 1 1416 485 2079
1395 2 2 1 1 486 1417 2080
1396 2 2 1 1 266 1097 2556
1397 2 2 1 1 563 1654 1897
1398 2 2 1 1 1653 562 1896
1399 2 2 1 1 321 1214 1353
1400 2 2 1 1 339 1133 1539
1401 2 2 1 1 1134 340 1540
1402 2 2 1 1 1567 800 2500
1403 2 2 1 1 801 1568 2501
1404 2 2 1 1 1471 2323 2657
1405 2 2 1 1 2324 1472 2658
1406 2 2 1 1 1157 317 1426
1407 2 2 1 1 318 1158 1427
1408 2 2 1 1 571 1043 1908
1409 2 2 1 1 1416 2079 2222
1410 2 2 1 1 2080 1417 2223
1411 2 2 1 1 490 2278 2607
1412 2 2 1 1 2277 489 2608
1413 2 2 1 1 1366 362 1867
1414 2 2 1 1 1218 504 1362
1415 2 2 1 1 331 1054 2467
1416 2 2 1 1 764 1118 1478
1417 2 2 1 1 1096 451 2363
1418 2 2 1 1 1170 610 1607
1419 2 2 1 1 259 1170 1607
1420 2 2 1 1 1234 583 2347
1421 2 2 1 1 584 1235 2346
1422 2 2 1 1 1184 379 1392
1423 2 2 1 1 380 1185 1393
1424 2 2 1 1 1313 550 1371
1425 2 2 1 1 551 1314 1372
1426 2 2 1 1 1056 330 2440
1427 2 2 1 1 1152 477 1604
1428 2 2 1 1 1897 1654 2475
1429 2 2 1 1 1653 1896 2476
1430 2 2 1 1 1011 1756 2522
1431 2 2 1 1 1757 1012 2523
1432 2 2 1 1 1164 526 2642
1433 2 2 1 1 525 1165 2641
1434 2 2 1 1 609 1169 1613
1435 2 2 1 1 1169 258 1613
1436 2 2 1 1 1118 321 1478
1437 2 2 1 1 1178 1603 2172
1438 2 2 1 1 1135 747 1550
1439 2 2 1 1 791 1630 2016
1440 2 2 1 1 1629 790 2015
1441 2 2 1 1 1628 2482 2811
1442 2 2 1 1 1050 307 2037
1443 2 2 1 1 2197 771 2493
1444 2 2 1 1 770 2198 2492
1445 2 2 1 1 528 1078 1999
1446 2 2 1 1 1512 332 2093
1447 2 2 1 1 333 1513 2094
1448 2 2 1 1 992 1578 2761
1449 2 2 1 1 1147 1457 2135
1450 2 2 1 1 1456 1146 2134
1451 2 2 1 1 1171 603 1796
1452 2 2 1 1 604 1172 1797
1453 2 2 1 1 493 1095 1548
1454 2 2 1 1 174 1166 1529
1455 2 2 1 1 1167 169 1530
1456 2 2 1 1 636 1133 1832
1457 2 2 1 1 1134 637 1833
1458 2 2 1 1 1167 715 2091
1459 2 2 1 1 714 1166 2092
1460 2 2 1 1 905 1512 2093
1461 2 2 1 1 1513 906 2094
1462 2 2 1 1 554 1186 1915
1463 2 2 1 1 1187 555 1916
1464 2 2 1 1 1112 1031 2659
1465 2 2 1 1 1032 1113 2660
1466 2 2 1 1 1139 311 1484
1467 2 2 1 1 1574 1001 2483
1468 2 2 1 1 1002 1575 2484
1469 2 2 1 1 1084 806 2389
1470 2 2 1 1 807 1085 2390
1471 2 2 1 1 904 1405 2297
1472 2 2 1 1 1543 569 1593
1473 2 2 1 1 570 1544 1594
1474 2 2 1 1 342 1064 2205
1475 2 2 1 1 1065 341 2204
1476 2 2 1 1 1306 1555 2815
1477 2 2 1 1 1556 1305 2814
1478 2 2 1 1 2048 337 2519
1479 2 2 1 1 870 2472 2870
1480 2 2 1 1 2471 869 2869
1481 2 2 1 1 1661 751 2180
1482 2 2 1 1 752 1662 2181
1483 2 2 1 1 1641 576 2592
1484 2 2 1 1 577 1642 2593
1485 2 2 1 1 474 1414 2466
1486 2 2 1 1 1324 2509 2799
1487 2 2 1 1 2342 1403 2498
1488 2 2 1 1 1404 2343 2499
1489 2 2 1 1 505 1143 1497
1490 2 2 1 1 1142 506 1498
1491 2 2 1 1 1108 401 1500
1492 2 2 1 1 402 1109 1501
1493 2 2 1 1 783 1213 2032
1494 2 2 1 1 1212 784 2031
1495 2 2 1 1 748 1168 1793
1496 2 2 1 1 1060 712 2149
1497 2 2 1 1 713 1061 2150
1498 2 2 1 1 1770 636 2311
1499 2 2 1 1 637 1771 2312
1500 2 2 1 1 1539 738 1675
1501 2 2 1 1 739 1540 1676
1502 2 2 1 1 466 1385 2641
1503 2 2 1 1 1386 467 2642
1504 2 2 1 1 55 56 1386
1505 2 2 1 1 86 87 1385
1506 2 2 1 1 1196 311 1677
1507 2 2 1 1 1488 471 2172
1508 2 2 1 1 1133 339 1832
1509 2 2 1 1 340 1134 1833
1510 2 2 1 1 484 1292 1352
1511 2 2 1 1 1385 1052 2641
1512 2 2 1 1 1053 1386 2642
1513 2 2 1 1 1071 83 1720
1514 2 2 1 1 1097 1578 2527
1515 2 2 1 1 730 1543 1593
1516 2 2 1 1 1544 731 1594
1517 2 2 1 1 1756 1011 2572
1518 2 2 1 1 1012 1757 2573
1519 2 2 1 1 1336 330 2145
1520 2 2 1 1 636 1643 2311
1521 2 2 1 1 1644 637 2312
1522 2 2 1 1 1295 600 1428
1523 2 2 1 1 601 1296 1429
1524 2 2 1 1 1179 495 1546
1525 2 2 1 1 496 1180 1547
1526 2 2 1 1 1126 513 1480
1527 2 2 1 1 514 1127 1481
1528 2 2 1 1 232 1295 1428
1529 2 2 1 1 1296 231 1429
1530 2 2 1 1 547 1628 2811
1531 2 2 1 1 1288 404 1665
1532 2 2 1 1 1995 1022 2358
1533 2 2 1 1 1021 1994 2357
1534 2 2 1 1 528 1209 2810
1535 2 2 1 1 451 1139 2363
1536 2 2 1 1 524 1139 1484
1537 2 2 1 1 312 1278 1554
1538 2 2 1 1 418 1819 2615
1539 2 2 1 1 1818 417 2614
1540 2 2 1 1 1531 515 1533
1541 2 2 1 1 516 1532 1534
1542 2 2 1 1 1097 435 1578
1543 2 2 1 1 796 1531 1533
1544 2 2 1 1 1532 797 1534
1545 2 2 1 1 497 1132 1552
1546 2 2 1 1 1131 498 1553
1547 2 2 1 1 82 1071 1772
1548 2 2 1 1 1177 1581 2403
1549 2 2 1 1 436 1135 1866
1550 2 2 1 1 1529 742 2082
1551 2 2 1 1 743 1530 2083
1552 2 2 1 1 935 2315 2661
1553 2 2 1 1 2316 936 2662
1554 2 2 1 1 746 1068 2237
1555 2 2 1 1 1069 745 2236
1556 2 2 1 1 1259 299 1794
1557 2 2 1 1 300 1260 1795
1558 2 2 1 1 1363 667 1811
1559 2 2 1 1 954 1222 2098
1560 2 2 1 1 1223 955 2099
1561 2 2 1 1 1835 975 2647
1562 2 2 1 1 1227 910 2740
1563 2 2 1 1 911 1228 2741
1564 2 2 1 1 235 1345 2369
1565 2 2 1 1 1346 236 2370
1566 2 2 1 1 539 1205 1420
1567 2 2 1 1 1206 540 1421
1568 2 2 1 1 379 1184 2042
1569 2 2 1 1 1185 380 2043
1570 2 2 1 1 1045 461 1941
1571 2 2 1 1 1205 315 1420
1572 2 2 1 1 316 1206 1421
1573 2 2 1 1 951 1096 2703
1574 2 2 1 1 1292 716 1352
1575 2 2 1 1 1229 916 2749
1576 2 2 1 1 917 1230 2750
1577 2 2 1 1 1804 718 1942
1578 2 2 1 1 963 1804 1942
1579 2 2 1 1 1141 155 1980
1580 2 2 1 1 188 1140 1979
1581 2 2 1 1 1236 535 1440
1582 2 2 1 1 536 1237 1441
1583 2 2 1 1 331 1347 2146
1584 2 2 1 1 2128 237 2663
1585 2 2 1 1 238 2129 2664
1586 2 2 1 1 1219 487 1541
1587 2 2 1 1 488 1220 1542
1588 2 2 1 1 1259 860 2441
1589 2 2 1 1 861 1260 2442
1590 2 2 1 1 1719 957 2518
1591 2 2 1 1 778 1755 1924
1592 2 2 1 1 1754 777 1925
1593 2 2 1 1 1184 728 2042
1594 2 2 1 1 729 1185 2043
1595 2 2 1 1 59 1086 1693
1596 2 2 1 1 272 1341 2332
1597 2 2 1 1 345 1854 1948
1598 2 2 1 1 1207 225 2361
1599 2 2 1 1 226 1208 2362
1600 2 2 1 1 498 1131 1625
1601 2 2 1 1 1132 497 1626
1602 2 2 1 1 896 1253 1653
1603 2 2 1 1 1254 897 1654
1604 2 2 1 1 237 1593 2663
1605 2 2 1 1 1594 238 2664
1606 2 2 1 1 653 1140 2027
1607 2 2 1 1 1141 654 2028
1608 2 2 1 1 1107 288 2068
1609 2 2 1 1 1433 95 1592
1610 2 2 1 1 47 1432 1591
1611 2 2 1 1 368 1146 2242
1612 2 2 1 1 1147 369 2243
1613 2 2 1 1 2345 322 2380
1614 2 2 1 1 1136 112 2448
1615 2 2 1 1 30 1137 2447
1616 2 2 1 1 1191 678 2096
1617 2 2 1 1 679 1192 2097
1618 2 2 1 1 560 2008 2594
1619 2 2 1 1 2009 561 2595
1620 2 2 1 1 695 1786 2229
1621 2 2 1 1 1787 696 2230
1622 2 2 1 1 602 1758 1983
1623 2 2 1 1 531 1315 2601
1624 2 2 1 1 1316 532 2602
1625 2 2 1 1 1786 1075 2229
1626 2 2 1 1 1076 1787 2230
1627 2 2 1 1 312 1135 1550
1628 2 2 1 1 529 1574 2483
1629 2 2 1 1 1575 530 2484
1630 2 2 1 1 1423 634 1680
1631 2 2 1 1 635 1424 1681
1632 2 2 1 1 319 1394 1710
1633 2 2 1 1 1395 320 1711
1634 2 2 1 1 583 1504 2347
1635 2 2 1 1 1505 584 2346
1636 2 2 1 1 27 28 1542
1637 2 2 1 1 114 115 1541
1638 2 2 1 1 462 1637 2665
1639 2 2 1 1 1162 789 2308
1640 2 2 1 1 788 1163 2307
1641 2 2 1 1 1122 843 2849
1642 2 2 1 1 844 1123 2850
1643 2 2 1 1 449 1162 2308
1644 2 2 1 1 1163 450 2307
1645 2 2 1 1 1133 522 1539
1646 2 2 1 1 523 1134 1540
1647 2 2 1 1 886 1232 2252
1648 2 2 1 1 1233 887 2253
1649 2 2 1 1 708 1423 1680
1650 2 2 1 1 1424 709 1681
1651 2 2 1 1 1325 1266 2652
1652 2 2 1 1 1267 1326 2653
1653 2 2 1 1 270 1077 2218
1654 2 2 1 1 1165 525 2316
1655 2 2 1 1 526 1164 2315
1656 2 2 1 1 512 1082 2217
1657 2 2 1 1 1274 755 2298
1658 2 2 1 1 756 1275 2299
1659 2 2 1 1 1112 841 2564
1660 2 2 1 1 842 1113 2565
1661 2 2 1 1 1231 759 1947
1662 2 2 1 1 1269 249 1803
1663 2 2 1 1 1098 305 2500
1664 2 2 1 1 306 1099 2501
1665 2 2 1 1 1292 403 1885
1666 2 2 1 1 1663 712 2044
1667 2 2 1 1 713 1664 2045
1668 2 2 1 1 184 1253 2704
1669 2 2 1 1 1254 159 2705
1670 2 2 1 1 1075 1798 2229
1671 2 2 1 1 1799 1076 2230
1672 2 2 1 1 436 1102 1640
1673 2 2 1 1 326 1543 2546
1674 2 2 1 1 1544 327 2547
1675 2 2 1 1 1798 439 2229
1676 2 2 1 1 440 1799 2230
1677 2 2 1 1 1789 360 2419
1678 2 2 1 1 361 1790 2420
1679 2 2 1 1 531 2601 2695
1680 2 2 1 1 2602 532 2696
1681 2 2 1 1 548 1313 1371
1682 2 2 1 1 1314 549 1372
1683 2 2 1 1 1068 1731 2237
1684 2 2 1 1 1730 1069 2236
1685 2 2 1 1 647 1367 1368
1686 2 2 1 1 1083 511 2199
1687 2 2 1 1 506 1142 1631
1688 2 2 1 1 1143 505 1632
1689 2 2 1 1 2109 765 2600
1690 2 2 1 1 482 1403 2342
1691 2 2 1 1 1404 483 2343
1692 2 2 1 1 484 1352 2081
1693 2 2 1 1 513 1364 1786
1694 2 2 1 1 1365 514 1787
1695 2 2 1 1 1363 219 2711
1696 2 2 1 1 836 1488 2172
1697 2 2 1 1 23 24 1881
1698 2 2 1 1 118 119 1880
1699 2 2 1 1 555 1187 2686
1700 2 2 1 1 1186 554 2687
1701 2 2 1 1 1345 1912 2369
1702 2 2 1 1 1911 1346 2370
1703 2 2 1 1 1576 379 2042
1704 2 2 1 1 380 1577 2043
1705 2 2 1 1 1391 271 2263
1706 2 2 1 1 345 1211 1854
1707 2 2 1 1 1479 718 2052
1708 2 2 1 1 1072 646 2069
1709 2 2 1 1 1006 1615 2520
1710 2 2 1 1 1614 1005 2521
1711 2 2 1 1 67 68 1499
1712 2 2 1 1 1387 484 2081
1713 2 2 1 1 1336 2145 2755
1714 2 2 1 1 1079 7 2336
1715 2 2 1 1 6 1079 2337
1716 2 2 1 1 1250 617 1515
1717 2 2 1 1 616 1249 1516
1718 2 2 1 1 1595 578 2281
1719 2 2 1 1 579 1596 2280
1720 2 2 1 1 1200 258 2255
1721 2 2 1 1 1097 776 2556
1722 2 2 1 1 1121 648 2059
1723 2 2 1 1 504 1070 2231
1724 2 2 1 1 1448 574 2693
1725 2 2 1 1 575 1449 2694
1726 2 2 1 1 1149 323 1559
1727 2 2 1 1 324 1148 1560
1728 2 2 1 1 1789 814 1931
1729 2 2 1 1 815 1790 1932
1730 2 2 1 1 714 1250 1515
1731 2 2 1 1 1249 715 1516
1732 2 2 1 1 1756 596 2522
1733 2 2 1 1 597 1757 2523
1734 2 2 1 1 1086 60 1820
1735 2 2 1 1 848 1666 2842
1736 2 2 1 1 1899 1121 2856
1737 2 2 1 1 670 1108 2055
1738 2 2 1 1 1109 671 2056
1739 2 2 1 1 972 1475 2629
1740 2 2 1 1 1476 973 2630
1741 2 2 1 1 439 1091 2229
1742 2 2 1 1 1092 440 2230
1743 2 2 1 1 1181 529 2282
1744 2 2 1 1 530 1182 2283
1745 2 2 1 1 1367 519 1368
1746 2 2 1 1 491 1245 1906
1747 2 2 1 1 1246 492 1907
1748 2 2 1 1 1471 499 2323
1749 2 2 1 1 500 1472 2324
1750 2 2 1 1 1573 1065 2520
1751 2 2 1 1 1064 1572 2521
1752 2 2 1 1 95 96 1592
1753 2 2 1 1 46 47 1591
1754 2 2 1 1 1148 324 1556
1755 2 2 1 1 323 1149 1555
1756 2 2 1 1 1138 528 1999
1757 2 2 1 1 574 2451 2693
1758 2 2 1 1 2452 575 2694
1759 2 2 1 1 716 1292 1885
1760 2 2 1 1 1807 995 2266
1761 2 2 1 1 996 1808 2267
1762 2 2 1 1 1069 1730 2826
1763 2 2 1 1 1731 1068 2827
1764 2 2 1 1 630 1080 1971
1765 2 2 1 1 1081 631 1972
1766 2 2 1 1 1043 2388 2744
1767 2 2 1 1 1309 355 1841
1768 2 2 1 1 354 1310 1842
1769 2 2 1 1 1255 233 2160
1770 2 2 1 1 234 1256 2161
1771 2 2 1 1 415 1511 2254
1772 2 2 1 1 710 1309 1841
1773 2 2 1 1 1310 711 1842
1774 2 2 1 1 1746 524 2007
1775 2 2 1 1 1411 569 1543
1776 2 2 1 1 570 1412 1544
1777 2 2 1 1 2344 808 2647
1778 2 2 1 1 1150 282 1734
1779 2 2 1 1 283 1151 1735
1780 2 2 1 1 199 1163 2330
1781 2 2 1 1 1162 144 2329
1782 2 2 1 1 558 1188 2290
1783 2 2 1 1 1189 559 2291
1784 2 2 1 1 1173 531 1936
1785 2 2 1 1 532 1174 1937
1786 2 2 1 1 937 1497 2747
1787 2 2 1 1 1498 938 2748
1788 2 2 1 1 1511 945 2254
1789 2 2 1 1 781 1089 2689
1790 2 2 1 1 1090 782 2690
1791 2 2 1 1 1261 485 1416
1792 2 2 1 1 486 1262 1417
1793 2 2 1 1 289 1236 1440
1794 2 2 1 1 1237 290 1441
1795 2 2 1 1 1255 793 2293
1796 2 2 1 1 794 1256 2294
1797 2 2 1 1 2047 1042 2833
1798 2 2 1 1 229 1193 1672
1799 2 2 1 1 1618 256 1650
1800 2 2 1 1 257 1619 1651
1801 2 2 1 1 49 1116 2030
1802 2 2 1 1 1117 93 2029
1803 2 2 1 1 277 1462 1775
1804 2 2 1 1 1116 50 2040
1805 2 2 1 1 92 1117 2041
1806 2 2 1 1 242 1191 2759
1807 2 2 1 1 1192 243 2760
1808 2 2 1 1 560 1524 2008
1809 2 2 1 1 1523 561 2009
1810 2 2 1 1 2526 640 2681
1811 2 2 1 1 1152 387 2832
1812 2 2 1 1 1078 434 1999
1813 2 2 1 1 765 1602 2600
1814 2 2 1 1 966 1506 2503
1815 2 2 1 1 1507 967 2504
1816 2 2 1 1 527 1602 2758
1817 2 2 1 1 662 1100 1738
1818 2 2 1 1 1394 319 1466
1819 2 2 1 1 320 1395 1467
1820 2 2 1 1 1821 480 2244
1821 2 2 1 1 481 1822 2245
1822 2 2 1 1 448 1125 2780
1823 2 2 1 1 19 20 2077
1824 2 2 1 1 122 123 2078
1825 2 2 1 1 610 1083 2506
1826 2 2 1 1 1082 609 2511
1827 2 2 1 1 876 1231 1947
1828 2 2 1 1 793 1255 2160
1829 2 2 1 1 1256 794 2161
1830 2 2 1 1 271 1391 2272
1831 2 2 1 1 65 66 1361
1832 2 2 1 1 738 1087 1945
1833 2 2 1 1 1088 739 1946
1834 2 2 1 1 732 1843 1977
1835 2 2 1 1 1843 974 1977
1836 2 2 1 1 1371 550 1579
1837 2 2 1 1 551 1372 1580
1838 2 2 1 1 1454 564 1682
1839 2 2 1 1 565 1455 1683
1840 2 2 1 1 603 1171 2864
1841 2 2 1 1 1172 604 2865
1842 2 2 1 1 362 1366 2729
1843 2 2 1 1 273 1084 2064
1844 2 2 1 1 1085 274 2065
1845 2 2 1 1 2146 1347 2785
1846 2 2 1 1 1087 738 1951
1847 2 2 1 1 739 1088 1952
1848 2 2 1 1 653 1320 1979
1849 2 2 1 1 1321 654 1980
1850 2 2 1 1 620 1093 2763
1851 2 2 1 1 1094 621 2764
1852 2 2 1 1 564 1318 1411
1853 2 2 1 1 1319 565 1412
1854 2 2 1 1 617 1807 2266
1855 2 2 1 1 1808 616 2267
1856 2 2 1 1 328 1397 2198
1857 2 2 1 1 1398 329 2197
1858 2 2 1 1 1335 249 1694
1859 2 2 1 1 1645 407 2188
1860 2 2 1 1 476 1291 1545
1861 2 2 1 1 818 1300 1938
1862 2 2 1 1 1410 254 1464
1863 2 2 1 1 255 1409 1465
1864 2 2 1 1 901 2034 2189
1865 2 2 1 1 2033 900 2190
1866 2 2 1 1 1279 480 1821
1867 2 2 1 1 481 1280 1822
1868 2 2 1 1 628 1410 1464
1869 2 2 1 1 1409 629 1465
1870 2 2 1 1 538 1312 2582
1871 2 2 1 1 1089 678 2125
1872 2 2 1 1 679 1090 2126
1873 2 2 1 1 1137 30 1864
1874 2 2 1 1 112 1136 1863
1875 2 2 1 1 485 1093 2079
1876 2 2 1 1 1094 486 2080
1877 2 2 1 1 1411 326 1557
1878 2 2 1 1 327 1412 1558
1879 2 2 1 1 1753 958 2051
1880 2 2 1 1 1128 76 2603
1881 2 2 1 1 657 1753 2051
1882 2 2 1 1 1101 248 2335
1883 2 2 1 1 311 1899 2856
1884 2 2 1 1 1037 1348 2151
1885 2 2 1 1 1349 1038 2152
1886 2 2 1 1 477 1152 2843
1887 2 2 1 1 231 1306 1882
1888 2 2 1 1 1305 232 1883
1889 2 2 1 1 541 1159 2320
1890 2 2 1 1 1160 542 2321
1891 2 2 1 1 381 1311 2144
1892 2 2 1 1 537 2354 2417
1893 2 2 1 1 2355 538 2418
1894 2 2 1 1 1226 1032 2000
1895 2 2 1 1 576 1609 2592
1896 2 2 1 1 1610 577 2593
1897 2 2 1 1 759 1479 2261
1898 2 2 1 1 596 1144 1846
1899 2 2 1 1 1145 597 1847
1900 2 2 1 1 1073 1446 2753
1901 2 2 1 1 1447 1074 2754
1902 2 2 1 1 1739 297 2404
1903 2 2 1 1 298 1740 2405
1904 2 2 1 1 1446 515 2753
1905 2 2 1 1 516 1447 2754
1906 2 2 1 1 1251 346 1535
1907 2 2 1 1 347 1252 1536
1908 2 2 1 1 976 1645 2188
1909 2 2 1 1 932 1463 2635
1910 2 2 1 1 1176 459 2057
1911 2 2 1 1 460 1175 2058
1912 2 2 1 1 1240 527 1927
1913 2 2 1 1 1736 385 2269
1914 2 2 1 1 386 1737 2268
1915 2 2 1 1 898 1703 2215
1916 2 2 1 1 1704 899 2216
1917 2 2 1 1 531 1203 1936
1918 2 2 1 1 1204 532 1937
1919 2 2 1 1 567 1173 2844
1920 2 2 1 1 1174 568 2845
1921 2 2 1 1 1791 446 2801
1922 2 2 1 1 445 1792 2800
1923 2 2 1 1 677 1366 1867
1924 2 2 1 1 1399 798 1403
1925 2 2 1 1 799 1400 1404
1926 2 2 1 1 2254 945 2744
1927 2 2 1 1 413 1388 1855
1928 2 2 1 1 1324 288 1679
1929 2 2 1 1 237 1756 2572
1930 2 2 1 1 1757 238 2573
1931 2 2 1 1 72 1125 1975
1932 2 2 1 1 482 1399 1403
1933 2 2 1 1 1400 483 1404
1934 2 2 1 1 529 1181 1574
1935 2 2 1 1 1182 530 1575
1936 2 2 1 1 1489 761 2246
1937 2 2 1 1 1615 540 2520
1938 2 2 1 1 539 1614 2521
1939 2 2 1 1 1106 1779 2306
1940 2 2 1 1 1778 1105 2305
1941 2 2 1 1 909 1324 2799
1942 2 2 1 1 1268 248 1551
1943 2 2 1 1 358 1680 1751
1944 2 2 1 1 1681 359 1752
1945 2 2 1 1 1177 308 1581
1946 2 2 1 1 1057 2571 2895
1947 2 2 1 1 1031 1224 2018
1948 2 2 1 1 884 1746 2007
1949 2 2 1 1 259 1161 2251
1950 2 2 1 1 1270 18 2508
1951 2 2 1 1 124 1271 2507
1952 2 2 1 1 421 1886 2100
1953 2 2 1 1 1887 422 2101
1954 2 2 1 1 2032 1213 2806
1955 2 2 1 1 1212 2031 2807
1956 2 2 1 1 598 1251 1535
1957 2 2 1 1 1252 599 1536
1958 2 2 1 1 886 2252 2476
1959 2 2 1 1 2253 887 2475
1960 2 2 1 1 1128 648 2004
1961 2 2 1 1 288 1197 2068
1962 2 2 1 1 326 1458 1557
1963 2 2 1 1 1459 327 1558
1964 2 2 1 1 1093 620 2604
1965 2 2 1 1 621 1094 2605
1966 2 2 1 1 1886 1062 2100
1967 2 2 1 1 1063 1887 2101
1968 2 2 1 1 1340 386 2268
1969 2 2 1 1 385 1339 2269
1970 2 2 1 1 1317 787 1809
1971 2 2 1 1 1442 554 1915
1972 2 2 1 1 555 1443 1916
1973 2 2 1 1 846 1970 2615
1974 2 2 1 1 1969 845 2614
1975 2 2 1 1 697 1618 1650
1976 2 2 1 1 1619 698 1651
1977 2 2 1 1 1400 2450 2586
1978 2 2 1 1 2449 1399 2585
1979 2 2 1 1 1253 896 2704
1980 2 2 1 1 897 1254 2705
1981 2 2 1 1 1738 779 2587
1982 2 2 1 1 280 1407 2601
1983 2 2 1 1 1408 281 2602
1984 2 2 1 1 356 1657 1942
1985 2 2 1 1 311 1139 1677
1986 2 2 1 1 2105 744 2210
1987 2 2 1 1 19 2077 2508
1988 2 2 1 1 2078 123 2507
1989 2 2 1 1 1675 614 2180
1990 2 2 1 1 615 1676 2181
1991 2 2 1 1 732 1489 2108
1992 2 2 1 1 413 1444 1727
1993 2 2 1 1 1445 414 1728
1994 2 2 1 1 360 1144 1743
1995 2 2 1 1 1145 361 1744
1996 2 2 1 1 1160 473 2797
1997 2 2 1 1 472 1159 2796
1998 2 2 1 1 779 1100 2113
1999 2 2 1 1 663 1691 2012
2000 2 2 1 1 652 1809 1872
2001 2 2 1 1 1369 537 2417
2002 2 2 1 1 538 1370 2418
2003 2 2 1 1 1103 839 2834
2004 2 2 1 1 840 1104 2835
2005 2 2 1 1 947 1973 2695
2006 2 2 1 1 1974 948 2696
2007 2 2 1 1 1633 733 1873
2008 2 2 1 1 1144 596 1743
2009 2 2 1 1 597 1145 1744
2010 2 2 1 1 673 1257 1888
2011 2 2 1 1 1258 674 1889
2012 2 2 1 1 945 1976 2502
2013 2 2 1 1 465 1354 2155
2014 2 2 1 1 1205 539 1572
2015 2 2 1 1 540 1206 1573
2016 2 2 1 1 1186 853 1915
2017 2 2 1 1 854 1187 1916
2018 2 2 1 1 1901 1123 2377
2019 2 2 1 1 1122 1900 2376
2020 2 2 1 1 566 1511 1775
2021 2 2 1 1 1519 751 2200
2022 2 2 1 1 752 1520 2201
2023 2 2 1 1 471 1488 2113
2024 2 2 1 1 1102 436 1866
2025 2 2 1 1 2250 1041 2797
2026 2 2 1 1 1040 2249 2796
2027 2 2 1 1 914 1492 2282
2028 2 2 1 1 1493 915 2283
2029 2 2 1 1 1444 704 1727
2030 2 2 1 1 705 1445 1728
2031 2 2 1 1 1517 215 2162
2032 2 2 1 1 216 1518 2163
2033 2 2 1 1 1492 323 2282
2034 2 2 1 1 324 1493 2283
2035 2 2 1 1 1858 1477 2863
2036 2 2 1 1 644 1281 1863
2037 2 2 1 1 1282 645 1864
2038 2 2 1 1 589 1299 1705
2039 2 2 1 1 1274 2298 2682
2040 2 2 1 1 2299 1275 2683
2041 2 2 1 1 1263 284 2215
2042 2 2 1 1 285 1264 2216
2043 2 2 1 1 1308 957 2385
2044 2 2 1 1 1257 334 1888
2045 2 2 1 1 335 1258 1889
2046 2 2 1 1 1578 435 2761
2047 2 2 1 1 789 1162 2329
2048 2 2 1 1 1163 788 2330
2049 2 2 1 1 793 2200 2293
2050 2 2 1 1 2201 794 2294
2051 2 2 1 1 1302 329 1950
2052 2 2 1 1 328 1301 1949
2053 2 2 1 1 1257 673 1890
2054 2 2 1 1 674 1258 1891
2055 2 2 1 1 1190 733 1633
2056 2 2 1 1 681 1121 2159
2057 2 2 1 1 753 1749 1837
2058 2 2 1 1 1750 754 1838
2059 2 2 1 1 1135 436 2302
2060 2 2 1 1 267 1102 2003
2061 2 2 1 1 435 1097 2159
2062 2 2 1 1 1300 332 1938
2063 2 2 1 1 751 2123 2200
2064 2 2 1 1 2124 752 2201
2065 2 2 1 1 382 1750 2075
2066 2 2 1 1 1708 668 1989
2067 2 2 1 1 669 1709 1990
2068 2 2 1 1 1928 640 2526
2069 2 2 1 1 1371 301 1764
2070 2 2 1 1 302 1372 1765
2071 2 2 1 1 454 1257 1890
2072 2 2 1 1 1258 455 1891
2073 2 2 1 1 747 1135 2302
2074 2 2 1 1 1691 866 2012
2075 2 2 1 1 1234 656 2333
2076 2 2 1 1 655 1235 2334
2077 2 2 1 1 1506 299 1521
2078 2 2 1 1 300 1507 1522
2079 2 2 1 1 460 2058 2836
2080 2 2 1 1 2057 459 2837
2081 2 2 1 1 1429 231 1882
2082 2 2 1 1 232 1428 1883
2083 2 2 1 1 1121 435 2159
2084 2 2 1 1 1353 580 1478
2085 2 2 1 1 892 1595 2544
2086 2 2 1 1 1596 893 2545
2087 2 2 1 1 824 1340 2268
2088 2 2 1 1 1339 823 2269
2089 2 2 1 1 1299 647 1705
2090 2 2 1 1 1557 641 1682
2091 2 2 1 1 642 1558 1683
2092 2 2 1 1 195 196 1598
2093 2 2 1 1 147 148 1597
2094 2 2 1 1 1337 210 1856
2095 2 2 1 1 211 1338 1857
2096 2 2 1 1 1640 1102 2487
2097 2 2 1 1 1215 429 2411
2098 2 2 1 1 275 1164 2579
2099 2 2 1 1 1165 276 2578
2100 2 2 1 1 1139 451 2433
2101 2 2 1 1 503 1477 1858
2102 2 2 1 1 672 1307 1873
2103 2 2 1 1 2509 447 2799
2104 2 2 1 1 304 1754 1925
2105 2 2 1 1 1755 303 1924
2106 2 2 1 1 753 1283 1749
2107 2 2 1 1 1284 754 1750
2108 2 2 1 1 1110 432 2298
2109 2 2 1 1 433 1111 2299
2110 2 2 1 1 1996 427 2052
2111 2 2 1 1 574 1286 1521
2112 2 2 1 1 1287 575 1522
2113 2 2 1 1 1210 724 2174
2114 2 2 1 1 546 1571 1577
2115 2 2 1 1 1730 558 2826
2116 2 2 1 1 559 1731 2827
2117 2 2 1 1 1037 2153 2531
2118 2 2 1 1 2154 1038 2532
2119 2 2 1 1 251 1586 2116
2120 2 2 1 1 1286 574 1527
2121 2 2 1 1 575 1287 1528
2122 2 2 1 1 1678 357 1977
2123 2 2 1 1 1216 895 1910
2124 2 2 1 1 348 1286 1527
2125 2 2 1 1 1287 349 1528
2126 2 2 1 1 1105 749 2305
2127 2 2 1 1 750 1106 2306
2128 2 2 1 1 1336 885 1909
2129 2 2 1 1 1071 1996 2052
2130 2 2 1 1 1400 269 2450
2131 2 2 1 1 268 1399 2449
2132 2 2 1 1 680 1124 1831
2133 2 2 1 1 1407 947 2601
2134 2 2 1 1 948 1408 2602
2135 2 2 1 1 1191 2096 2533
2136 2 2 1 1 2097 1192 2534
2137 2 2 1 1 428 1991 2108
2138 2 2 1 1 1218 230 1602
2139 2 2 1 1 256 1456 2117
2140 2 2 1 1 1457 257 2118
2141 2 2 1 1 1942 1657 2811
2142 2 2 1 1 1571 737 1577
2143 2 2 1 1 592 1144 1789
2144 2 2 1 1 1145 593 1790
2145 2 2 1 1 212 1477 1884
2146 2 2 1 1 914 1437 2800
2147 2 2 1 1 1438 915 2801
2148 2 2 1 1 787 1152 2555
2149 2 2 1 1 487 1219 1902
2150 2 2 1 1 1220 488 1903
2151 2 2 1 1 1219 650 1902
2152 2 2 1 1 651 1220 1903
2153 2 2 1 1 693 2019 2273
2154 2 2 1 1 2020 694 2274
2155 2 2 1 1 1144 360 1789
2156 2 2 1 1 361 1145 1790
2157 2 2 1 1 1991 1086 2108
2158 2 2 1 1 761 1216 1910
2159 2 2 1 1 443 2288 2624
2160 2 2 1 1 2289 444 2625
2161 2 2 1 1 1456 832 2117
2162 2 2 1 1 833 1457 2118
2163 2 2 1 1 519 1107 2068
2164 2 2 1 1 456 1101 2568
2165 2 2 1 1 1144 592 1784
2166 2 2 1 1 593 1145 1785
2167 2 2 1 1 1490 706 1638
2168 2 2 1 1 707 1491 1639
2169 2 2 1 1 951 1746 2109
2170 2 2 1 1 341 1313 1816
2171 2 2 1 1 1314 342 1817
2172 2 2 1 1 1678 780 1758
2173 2 2 1 1 1746 404 2109
2174 2 2 1 1 809 1391 2263
2175 2 2 1 1 1383 554 1924
2176 2 2 1 1 555 1384 1925
2177 2 2 1 1 1206 618 2300
2178 2 2 1 1 619 1205 2301
2179 2 2 1 1 677 1389 1810
2180 2 2 1 1 1504 583 2802
2181 2 2 1 1 584 1505 2803
2182 2 2 1 1 1359 491 2618
2183 2 2 1 1 492 1360 2619
2184 2 2 1 1 1291 663 1545
2185 2 2 1 1 381 2144 2762
2186 2 2 1 1 504 1308 2385
2187 2 2 1 1 811 1108 2421
2188 2 2 1 1 1109 812 2422
2189 2 2 1 1 1586 888 2116
2190 2 2 1 1 321 1353 1478
2191 2 2 1 1 413 1727 2674
2192 2 2 1 1 1728 414 2675
2193 2 2 1 1 415 1719 2518
2194 2 2 1 1 1126 517 2715
2195 2 2 1 1 518 1127 2716
2196 2 2 1 1 572 1276 1589
2197 2 2 1 1 1277 573 1590
2198 2 2 1 1 1521 299 2451
2199 2 2 1 1 300 1522 2452
2200 2 2 1 1 1389 267 1810
2201 2 2 1 1 449 1129 1964
2202 2 2 1 1 1130 450 1965
2203 2 2 1 1 1108 670 2038
2204 2 2 1 1 671 1109 2039
2205 2 2 1 1 357 1678 1758
2206 2 2 1 1 235 1379 2804
2207 2 2 1 1 1380 236 2805
2208 2 2 1 1 1561 912 2840
2209 2 2 1 1 913 1562 2841
2210 2 2 1 1 522 1133 2443
2211 2 2 1 1 1134 523 2444
2212 2 2 1 1 325 1510 1705
2213 2 2 1 1 607 1525 2812
2214 2 2 1 1 1526 608 2813
2215 2 2 1 1 930 2505 2848
2216 2 2 1 1 1458 626 1537
2217 2 2 1 1 627 1459 1538
2218 2 2 1 1 528 1138 2668
2219 2 2 1 1 821 1394 1466
2220 2 2 1 1 1395 822 1467
2221 2 2 1 1 641 1458 1537
2222 2 2 1 1 1459 642 1538
2223 2 2 1 1 827 2324 2658
2224 2 2 1 1 2323 826 2657
2225 2 2 1 1 1341 795 2332
2226 2 2 1 1 507 1236 1611
2227 2 2 1 1 1237 508 1612
2228 2 2 1 1 1125 646 1975
2229 2 2 1 1 569 1318 1710
2230 2 2 1 1 1319 570 1711
2231 2 2 1 1 1216 357 1758
2232 2 2 1 1 1266 497 2652
2233 2 2 1 1 498 1267 2653
2234 2 2 1 1 1007 1207 1969
2235 2 2 1 1 1208 1008 1970
2236 2 2 1 1 1357 293 1896
2237 2 2 1 1 294 1358 1897
2238 2 2 1 1 2176 607 2812
2239 2 2 1 1 608 2175 2813
2240 2 2 1 1 790 1198 1868
2241 2 2 1 1 1199 791 1869
2242 2 2 1 1 1824 1033 2566
2243 2 2 1 1 1034 1825 2567
2244 2 2 1 1 173 174 1529
2245 2 2 1 1 169 170 1530
2246 2 2 1 1 1898 652 2158
2247 2 2 1 1 1406 852 2671
2248 2 2 1 1 453 1193 1953
2249 2 2 1 1 1136 644 1863
2250 2 2 1 1 645 1137 1864
2251 2 2 1 1 334 1122 1888
2252 2 2 1 1 1123 335 1889
2253 2 2 1 1 1758 780 1983
2254 2 2 1 1 197 198 1930
2255 2 2 1 1 145 146 1929
2256 2 2 1 1 1726 555 2686
2257 2 2 1 1 554 1725 2687
2258 2 2 1 1 382 2075 2582
2259 2 2 1 1 1354 222 2187
2260 2 2 1 1 945 1511 1976
2261 2 2 1 1 1168 690 1793
2262 2 2 1 1 1307 250 1873
2263 2 2 1 1 1188 558 1730
2264 2 2 1 1 559 1189 1731
2265 2 2 1 1 235 1153 1828
2266 2 2 1 1 1154 236 1829
2267 2 2 1 1 1391 792 2272
2268 2 2 1 1 2194 612 2828
2269 2 2 1 1 613 2193 2829
2270 2 2 1 1 576 1251 1609
2271 2 2 1 1 1252 577 1610
2272 2 2 1 1 1473 626 2213
2273 2 2 1 1 627 1474 2214
2274 2 2 1 1 1156 25 1862
2275 2 2 1 1 117 1155 1861
2276 2 2 1 1 862 1473 2213
2277 2 2 1 1 1474 863 2214
2278 2 2 1 1 566 1193 1976
2279 2 2 1 1 2666 641 2891
2280 2 2 1 1 642 2667 2892
2281 2 2 1 1 1121 681 2856
2282 2 2 1 1 1362 504 2385
2283 2 2 1 1 852 1406 2708
2284 2 2 1 1 1856 210 1951
2285 2 2 1 1 211 1857 1952
2286 2 2 1 1 18 19 2508
2287 2 2 1 1 123 124 2507
2288 2 2 1 1 1043 1278 2388
2289 2 2 1 1 1477 760 1884
2290 2 2 1 1 1140 188 2365
2291 2 2 1 1 155 1141 2364
2292 2 2 1 1 290 1323 2827
2293 2 2 1 1 1322 289 2826
2294 2 2 1 1 1636 461 2656
2295 2 2 1 1 776 1657 1745
2296 2 2 1 1 1155 464 2561
2297 2 2 1 1 463 1156 2562
2298 2 2 1 1 337 1210 2174
2299 2 2 1 1 74 75 1684
2300 2 2 1 1 1678 1977 2857
2301 2 2 1 1 879 1347 1877
2302 2 2 1 1 1135 312 2322
2303 2 2 1 1 1139 524 2363
2304 2 2 1 1 1225 958 1823
2305 2 2 1 1 1938 630 1982
2306 2 2 1 1 2058 1119 2836
2307 2 2 1 1 1120 2057 2837
2308 2 2 1 1 648 1128 2059
2309 2 2 1 1 1657 356 1745
2310 2 2 1 1 1731 378 2237
2311 2 2 1 1 377 1730 2236
2312 2 2 1 1 554 1442 1924
2313 2 2 1 1 1443 555 1925
2314 2 2 1 1 859 1981 2090
2315 2 2 1 1 1428 745 1883
2316 2 2 1 1 746 1429 1882
2317 2 2 1 1 2483 1001 2821
2318 2 2 1 1 1002 2484 2822
2319 2 2 1 1 1124 680 2430
2320 2 2 1 1 843 1122 2376
2321 2 2 1 1 1123 844 2377
2322 2 2 1 1 2278 1016 2607
2323 2 2 1 1 1015 2277 2608
2324 2 2 1 1 1033 1824 2138
2325 2 2 1 1 1825 1034 2139
2326 2 2 1 1 346 1251 1722
2327 2 2 1 1 1252 347 1723
2328 2 2 1 1 1276 231 1589
2329 2 2 1 1 232 1277 1590
2330 2 2 1 1 1658 58 1693
2331 2 2 1 1 683 1153 2369
2332 2 2 1 1 1154 682 2370
2333 2 2 1 1 1238 618 1659
2334 2 2 1 1 619 1239 1660
2335 2 2 1 1 1490 594 2887
2336 2 2 1 1 595 1491 2888
2337 2 2 1 1 1118 764 2866
2338 2 2 1 1 2388 452 2744
2339 2 2 1 1 1193 453 2784
2340 2 2 1 1 1133 636 2734
2341 2 2 1 1 637 1134 2735
2342 2 2 1 1 1786 1364 2479
2343 2 2 1 1 1365 1787 2480
2344 2 2 1 1 602 1216 1758
2345 2 2 1 1 1125 448 2069
2346 2 2 1 1 1622 244 1708
2347 2 2 1 1 245 1623 1709
2348 2 2 1 1 646 1125 2069
2349 2 2 1 1 1129 449 2195
2350 2 2 1 1 450 1130 2196
2351 2 2 1 1 84 1652 1720
2352 2 2 1 1 700 1169 2878
2353 2 2 1 1 1170 701 2879
2354 2 2 1 1 675 1129 2195
2355 2 2 1 1 1130 676 2196
2356 2 2 1 1 975 1138 2712
2357 2 2 1 1 1155 650 1861
2358 2 2 1 1 651 1156 1862
2359 2 2 1 1 1196 448 2780
2360 2 2 1 1 371 1688 2104
2361 2 2 1 1 1687 370 2103
2362 2 2 1 1 1243 855 2100
2363 2 2 1 1 856 1244 2101
2364 2 2 1 1 2019 1001 2273
2365 2 2 1 1 1002 2020 2274
2366 2 2 1 1 1446 227 2539
2367 2 2 1 1 228 1447 2540
2368 2 2 1 1 892 1188 2776
2369 2 2 1 1 1189 893 2777
2370 2 2 1 1 954 1388 2674
2371 2 2 1 1 1168 462 2186
2372 2 2 1 1 76 1128 2004
2373 2 2 1 1 1301 670 1949
2374 2 2 1 1 671 1302 1950
2375 2 2 1 1 1253 562 1653
2376 2 2 1 1 563 1254 1654
2377 2 2 1 1 1388 413 2674
2378 2 2 1 1 871 1196 2780
2379 2 2 1 1 1466 319 2227
2380 2 2 1 1 320 1467 2228
2381 2 2 1 1 1583 607 2176
2382 2 2 1 1 608 1582 2175
2383 2 2 1 1 1434 616 1808
2384 2 2 1 1 617 1435 1807
2385 2 2 1 1 112 113 2448
2386 2 2 1 1 29 30 2447
2387 2 2 1 1 317 1157 2114
2388 2 2 1 1 1158 318 2115
2389 2 2 1 1 1870 814 2419
2390 2 2 1 1 815 1871 2420
2391 2 2 1 1 1138 272 2332
2392 2 2 1 1 1047 1438 2310
2393 2 2 1 1 1437 1046 2309
2394 2 2 1 1 223 1994 2806
2395 2 2 1 1 1995 224 2807
2396 2 2 1 1 505 1497 2409
2397 2 2 1 1 1498 506 2410
2398 2 2 1 1 1497 937 2409
2399 2 2 1 1 938 1498 2410
2400 2 2 1 1 434 1285 2344
2401 2 2 1 1 1519 793 1832
2402 2 2 1 1 794 1520 1833
2403 2 2 1 1 1659 235 2804
2404 2 2 1 1 236 1660 2805
2405 2 2 1 1 1198 227 2808
2406 2 2 1 1 228 1199 2809
2407 2 2 1 1 435 1121 2059
2408 2 2 1 1 690 1168 2186
2409 2 2 1 1 1140 653 1979
2410 2 2 1 1 654 1141 1980
2411 2 2 1 1 1318 564 2168
2412 2 2 1 1 565 1319 2169
2413 2 2 1 1 1469 513 1786
2414 2 2 1 1 514 1470 1787
2415 2 2 1 1 562 1253 2166
2416 2 2 1 1 1254 563 2167
2417 2 2 1 1 695 1469 1786
2418 2 2 1 1 1470 696 1787
2419 2 2 1 1 640 1830 2681
2420 2 2 1 1 1969 417 2033
2421 2 2 1 1 418 1970 2034
2422 2 2 1 1 1710 1394 2514
2423 2 2 1 1 1395 1711 2515
2424 2 2 1 1 1588 612 2194
2425 2 2 1 1 613 1587 2193
2426 2 2 1 1 1432 543 1591
2427 2 2 1 1 544 1433 1592
2428 2 2 1 1 1299 589 1788
2429 2 2 1 1 1007 1969 2033
2430 2 2 1 1 1970 1008 2034
2431 2 2 1 1 2490 1446 2539
2432 2 2 1 1 1447 2491 2540
2433 2 2 1 1 1231 611 1745
2434 2 2 1 1 590 1229 1892
2435 2 2 1 1 1230 591 1893
2436 2 2 1 1 1310 816 2384
2437 2 2 1 1 817 1309 2383
2438 2 2 1 1 1801 1073 2751
2439 2 2 1 1 1074 1802 2752
2440 2 2 1 1 1315 567 2609
2441 2 2 1 1 568 1316 2610
2442 2 2 1 1 1888 1122 2849
2443 2 2 1 1 1123 1889 2850
2444 2 2 1 1 585 1227 2557
2445 2 2 1 1 1228 586 2558
2446 2 2 1 1 1285 808 2344
2447 2 2 1 1 1745 611 1759
2448 2 2 1 1 1854 795 1948
2449 2 2 1 1 1087 2666 2891
2450 2 2 1 1 2667 1088 2892
2451 2 2 1 1 1153 777 2745
2452 2 2 1 1 778 1154 2746
2453 2 2 1 1 1776 242 2119
2454 2 2 1 1 243 1777 2120
2455 2 2 1 1 583 1234 1706
2456 2 2 1 1 1235 584 1707
2457 2 2 1 1 933 1776 2119
2458 2 2 1 1 1777 934 2120
2459 2 2 1 1 1196 871 2798
2460 2 2 1 1 1488 779 2113
2461 2 2 1 1 993 1301 2378
2462 2 2 1 1 1302 994 2379
2463 2 2 1 1 1688 883 2104
2464 2 2 1 1 882 1687 2103
2465 2 2 1 1 326 1411 1543
2466 2 2 1 1 1412 327 1544
2467 2 2 1 1 278 1159 1894
2468 2 2 1 1 1160 279 1895
2469 2 2 1 1 874 1648 2483
2470 2 2 1 1 1649 875 2484
2471 2 2 1 1 776 1745 1759
2472 2 2 1 1 1158 2115 2264
2473 2 2 1 1 2114 1157 2265
2474 2 2 1 1 1228 911 2882
2475 2 2 1 1 910 1227 2881
2476 2 2 1 1 44 1186 2687
2477 2 2 1 1 1187 98 2686
2478 2 2 1 1 1216 602 2861
2479 2 2 1 1 337 1350 2238
2480 2 2 1 1 1351 338 2239
2481 2 2 1 1 356 1231 1745
2482 2 2 1 1 1286 348 2684
2483 2 2 1 1 349 1287 2685
2484 2 2 1 1 557 1265 2350
2485 2 2 1 1 1563 558 2290
2486 2 2 1 1 559 1564 2291
2487 2 2 1 1 155 156 1980
2488 2 2 1 1 187 188 1979
2489 2 2 1 1 81 1772 1804
2490 2 2 1 1 895 1216 2861
2491 2 2 1 1 70 71 1486
2492 2 2 1 1 708 1622 1708
2493 2 2 1 1 1623 709 1709
2494 2 2 1 1 1984 1057 2895
2495 2 2 1 1 286 1784 2132
2496 2 2 1 1 1785 287 2133
2497 2 2 1 1 301 1371 1579
2498 2 2 1 1 1372 302 1580
2499 2 2 1 1 535 1148 2814
2500 2 2 1 1 1149 536 2815
2501 2 2 1 1 1227 585 1768
2502 2 2 1 1 586 1228 1769
2503 2 2 1 1 1418 598 1650
2504 2 2 1 1 599 1419 1651
2505 2 2 1 1 1452 533 2084
2506 2 2 1 1 534 1453 2085
2507 2 2 1 1 1230 917 2898
2508 2 2 1 1 916 1229 2897
2509 2 2 1 1 1985 1136 2464
2510 2 2 1 1 1137 1986 2465
2511 2 2 1 1 1247 291 2496
2512 2 2 1 1 292 1248 2497
2513 2 2 1 1 1307 1045 1941
2514 2 2 1 1 724 1307 1941
2515 2 2 1 1 1715 736 2042
2516 2 2 1 1 737 1716 2043
2517 2 2 1 1 1713 308 1968
2518 2 2 1 1 802 1743 1756
2519 2 2 1 1 1744 803 1757
2520 2 2 1 1 1229 590 1778
2521 2 2 1 1 591 1230 1779
2522 2 2 1 1 699 1288 1665
2523 2 2 1 1 564 1411 1557
2524 2 2 1 1 1412 565 1558
2525 2 2 1 1 250 1633 1873
2526 2 2 1 1 952 1821 2244
2527 2 2 1 1 1822 953 2245
2528 2 2 1 1 170 171 2083
2529 2 2 1 1 172 173 2082
2530 2 2 1 1 1743 596 1756
2531 2 2 1 1 597 1744 1757
2532 2 2 1 1 1749 661 1837
2533 2 2 1 1 662 1750 1838
2534 2 2 1 1 1641 740 1722
2535 2 2 1 1 741 1642 1723
2536 2 2 1 1 1373 587 2015
2537 2 2 1 1 588 1374 2016
2538 2 2 1 1 1458 641 1557
2539 2 2 1 1 642 1459 1558
2540 2 2 1 1 1153 235 2369
2541 2 2 1 1 236 1154 2370
2542 2 2 1 1 2381 832 2559
2543 2 2 1 1 833 2382 2560
2544 2 2 1 1 1251 576 1722
2545 2 2 1 1 577 1252 1723
2546 2 2 1 1 143 1162 1955
2547 2 2 1 1 1163 200 1954
2548 2 2 1 1 478 1247 2151
2549 2 2 1 1 1248 479 2152
2550 2 2 1 1 364 1173 1936
2551 2 2 1 1 1174 365 1937
2552 2 2 1 1 1146 520 2242
2553 2 2 1 1 521 1147 2243
2554 2 2 1 1 1209 270 2810
2555 2 2 1 1 624 1276 1685
2556 2 2 1 1 1277 625 1686
2557 2 2 1 1 460 1310 2384
2558 2 2 1 1 1309 459 2383
2559 2 2 1 1 1329 592 1931
2560 2 2 1 1 593 1330 1932
2561 2 2 1 1 1180 723 2830
2562 2 2 1 1 722 1179 2831
2563 2 2 1 1 1434 165 2259
2564 2 2 1 1 178 1435 2260
2565 2 2 1 1 614 1303 1661
2566 2 2 1 1 1304 615 1662
2567 2 2 1 1 250 1422 1633
2568 2 2 1 1 1303 262 1661
2569 2 2 1 1 263 1304 1662
2570 2 2 1 1 21 22 1524
2571 2 2 1 1 120 121 1523
2572 2 2 1 1 348 1574 2469
2573 2 2 1 1 1575 349 2470
2574 2 2 1 1 1290 505 2409
2575 2 2 1 1 506 1289 2410
2576 2 2 1 1 587 1824 2566
2577 2 2 1 1 1825 588 2567
2578 2 2 1 1 68 69 1566
2579 2 2 1 1 759 1231 2554
2580 2 2 1 1 748 1793 2116
2581 2 2 1 1 1448 252 1747
2582 2 2 1 1 253 1449 1748
2583 2 2 1 1 849 1713 1968
2584 2 2 1 1 1866 1135 2322
2585 2 2 1 1 576 1641 1722
2586 2 2 1 1 1642 577 1723
2587 2 2 1 1 757 1171 2654
2588 2 2 1 1 1172 758 2655
2589 2 2 1 1 1146 368 2134
2590 2 2 1 1 369 1147 2135
2591 2 2 1 1 650 1155 2561
2592 2 2 1 1 1156 651 2562
2593 2 2 1 1 1166 714 2270
2594 2 2 1 1 715 1167 2271
2595 2 2 1 1 166 1249 2259
2596 2 2 1 1 1250 177 2260
2597 2 2 1 1 1325 578 2404
2598 2 2 1 1 579 1326 2405
2599 2 2 1 1 222 1468 1738
2600 2 2 1 1 1320 562 2166
2601 2 2 1 1 563 1321 2167
2602 2 2 1 1 233 1255 2178
2603 2 2 1 1 1256 234 2179
2604 2 2 1 1 1207 845 1969
2605 2 2 1 1 846 1208 1970
2606 2 2 1 1 1803 249 2862
2607 2 2 1 1 1259 1794 2256
2608 2 2 1 1 1795 1260 2257
2609 2 2 1 1 618 1345 1659
2610 2 2 1 1 1346 619 1660
2611 2 2 1 1 311 1196 1899
2612 2 2 1 1 1456 256 1618
2613 2 2 1 1 257 1457 1619
2614 2 2 1 1 1779 397 2306
2615 2 2 1 1 396 1778 2305
2616 2 2 1 1 862 1381 1859
2617 2 2 1 1 1382 863 1860
2618 2 2 1 1 1073 1801 2819
2619 2 2 1 1 1802 1074 2820
2620 2 2 1 1 1381 423 1859
2621 2 2 1 1 424 1382 1860
2622 2 2 1 1 1821 952 2142
2623 2 2 1 1 953 1822 2143
2624 2 2 1 1 430 1821 2142
2625 2 2 1 1 1822 431 2143
2626 2 2 1 1 825 2335 2466
2627 2 2 1 1 1179 191 2831
2628 2 2 1 1 152 1180 2830
2629 2 2 1 1 53 54 1508
2630 2 2 1 1 88 89 1509
2631 2 2 1 1 357 1216 2543
2632 2 2 1 1 522 1337 1856
2633 2 2 1 1 1338 523 1857
2634 2 2 1 1 314 1225 1823
2635 2 2 1 1 487 1194 2893
2636 2 2 1 1 1195 488 2894
2637 2 2 1 1 1281 590 1892
2638 2 2 1 1 591 1282 1893
2639 2 2 1 1 733 1190 2489
2640 2 2 1 1 1159 278 2320
2641 2 2 1 1 279 1160 2321
2642 2 2 1 1 1389 602 1983
2643 2 2 1 1 1345 235 1659
2644 2 2 1 1 236 1346 1660
2645 2 2 1 1 1820 61 1843
2646 2 2 1 1 1193 566 1953
2647 2 2 1 1 2027 1140 2548
2648 2 2 1 1 1141 2028 2549
2649 2 2 1 1 1685 348 2469
2650 2 2 1 1 349 1686 2470
2651 2 2 1 1 1157 437 2265
2652 2 2 1 1 438 1158 2264
2653 2 2 1 1 895 2024 2112
2654 2 2 1 1 1211 528 1854
2655 2 2 1 1 1164 275 2315
2656 2 2 1 1 276 1165 2316
2657 2 2 1 1 804 1452 1913
2658 2 2 1 1 1453 805 1914
2659 2 2 1 1 832 1933 2559
2660 2 2 1 1 1934 833 2560
2661 2 2 1 1 1161 701 2251
2662 2 2 1 1 459 1176 2383
2663 2 2 1 1 1175 460 2384
2664 2 2 1 1 323 1492 1559
2665 2 2 1 1 1493 324 1560
2666 2 2 1 1 429 1225 2412
2667 2 2 1 1 1496 748 1926
2668 2 2 1 1 1170 259 2251
2669 2 2 1 1 1703 543 2215
2670 2 2 1 1 544 1704 2216
2671 2 2 1 1 471 1178 2172
2672 2 2 1 1 1175 533 2058
2673 2 2 1 1 534 1176 2057
2674 2 2 1 1 429 1215 2051
2675 2 2 1 1 258 1169 2255
2676 2 2 1 1 1761 942 2863
2677 2 2 1 1 1162 449 2341
2678 2 2 1 1 450 1163 2340
2679 2 2 1 1 1468 662 1738
2680 2 2 1 1 411 1801 2751
2681 2 2 1 1 1802 412 2752
2682 2 2 1 1 1161 759 2261
2683 2 2 1 1 701 1170 2251
2684 2 2 1 1 1283 381 1749
2685 2 2 1 1 382 1284 1750
2686 2 2 1 1 338 1351 2022
2687 2 2 1 1 1169 1766 2878
2688 2 2 1 1 1767 1170 2879
2689 2 2 1 1 1473 244 1622
2690 2 2 1 1 245 1474 1623
2691 2 2 1 1 1169 700 2255
2692 2 2 1 1 1485 362 2729
2693 2 2 1 1 742 1529 2247
2694 2 2 1 1 1530 743 2248
2695 2 2 1 1 2115 656 2264
2696 2 2 1 1 655 2114 2265
2697 2 2 1 1 1492 702 1559
2698 2 2 1 1 703 1493 1560
2699 2 2 1 1 667 1324 1679
2700 2 2 1 1 1173 364 2140
2701 2 2 1 1 365 1174 2141
2702 2 2 1 1 1318 319 1710
2703 2 2 1 1 320 1319 1711
2704 2 2 1 1 1751 614 1945
2705 2 2 1 1 615 1752 1946
2706 2 2 1 1 363 1439 2023
2707 2 2 1 1 502 1496 1926
2708 2 2 1 1 664 1658 1693
2709 2 2 1 1 1533 2490 2622
2710 2 2 1 1 2491 1534 2623
2711 2 2 1 1 364 2191 2275
2712 2 2 1 1 2192 365 2276
2713 2 2 1 1 598 1535 1650
2714 2 2 1 1 1536 599 1651
2715 2 2 1 1 775 1202 2481
2716 2 2 1 1 227 1175 2539
2717 2 2 1 1 1176 228 2540
2718 2 2 1 1 1051 2526 2681
2719 2 2 1 1 1201 454 1890
2720 2 2 1 1 455 1202 1891
2721 2 2 1 1 1362 557 2350
2722 2 2 1 1 1202 338 2481
2723 2 2 1 1 256 1418 1650
2724 2 2 1 1 1419 257 1651
2725 2 2 1 1 902 1717 2182
2726 2 2 1 1 1718 903 2183
2727 2 2 1 1 230 1362 2350
2728 2 2 1 1 1294 702 1792
2729 2 2 1 1 703 1293 1791
2730 2 2 1 1 1225 763 2412
2731 2 2 1 1 1193 229 1976
2732 2 2 1 1 1250 714 2092
2733 2 2 1 1 715 1249 2091
2734 2 2 1 1 1263 766 1798
2735 2 2 1 1 767 1264 1799
2736 2 2 1 1 1442 778 1924
2737 2 2 1 1 777 1443 1925
2738 2 2 1 1 594 1232 2846
2739 2 2 1 1 1233 595 2847
2740 2 2 1 1 1717 372 2182
2741 2 2 1 1 373 1718 2183
2742 2 2 1 1 1178 471 2233
2743 2 2 1 1 322 1240 1927
2744 2 2 1 1 1196 1677 2292
2745 2 2 1 1 334 1515 2266
2746 2 2 1 1 1516 335 2267
2747 2 2 1 1 165 166 2259
2748 2 2 1 1 177 178 2260
2749 2 2 1 1 497 1552 2652
2750 2 2 1 1 1553 498 2653
2751 2 2 1 1 83 84 1720
2752 2 2 1 1 569 1710 2663
2753 2 2 1 1 1711 570 2664
2754 2 2 1 1 2041 1117 2326
2755 2 2 1 1 1116 2040 2325
2756 2 2 1 1 1706 1234 2333
2757 2 2 1 1 1235 1707 2334
2758 2 2 1 1 58 59 1693
2759 2 2 1 1 1475 972 2428
2760 2 2 1 1 973 1476 2429
2761 2 2 1 1 1537 626 1773
2762 2 2 1 1 627 1538 1774
2763 2 2 1 1 574 1448 1747
2764 2 2 1 1 1449 575 1748
2765 2 2 1 1 1303 614 1751
2766 2 2 1 1 615 1304 1752
2767 2 2 1 1 1531 983 2753
2768 2 2 1 1 984 1532 2754
2769 2 2 1 1 2639 1355 2730
2770 2 2 1 1 1356 2640 2731
2771 2 2 1 1 1232 886 2846
2772 2 2 1 1 887 1233 2847
2773 2 2 1 1 2153 634 2531
2774 2 2 1 1 635 2154 2532
2775 2 2 1 1 1222 954 2674
2776 2 2 1 1 955 1223 2675
2777 2 2 1 1 176 1250 2092
2778 2 2 1 1 1249 167 2091
2779 2 2 1 1 1198 790 2552
2780 2 2 1 1 791 1199 2553
2781 2 2 1 1 1487 363 1865
2782 2 2 1 1 533 1198 2552
2783 2 2 1 1 1199 534 2553
2784 2 2 1 1 1238 341 2300
2785 2 2 1 1 342 1239 2301
2786 2 2 1 1 81 82 1772
2787 2 2 1 1 1348 478 2151
2788 2 2 1 1 479 1349 2152
2789 2 2 1 1 309 1297 2530
2790 2 2 1 1 1298 310 2529
2791 2 2 1 1 719 1487 1865
2792 2 2 1 1 1572 539 2521
2793 2 2 1 1 540 1573 2520
2794 2 2 1 1 1652 660 1720
2795 2 2 1 1 323 1181 2282
2796 2 2 1 1 1182 324 2283
2797 2 2 1 1 620 1456 1618
2798 2 2 1 1 1457 621 1619
2799 2 2 1 1 1181 624 2469
2800 2 2 1 1 625 1182 2470
2801 2 2 1 1 1201 774 2519
2802 2 2 1 1 1229 109 1892
2803 2 2 1 1 33 1230 1893
2804 2 2 1 1 336 1299 1788
2805 2 2 1 1 1927 527 2758
2806 2 2 1 1 398 1194 2086
2807 2 2 1 1 1195 399 2087
2808 2 2 1 1 1828 1153 2745
2809 2 2 1 1 1154 1829 2746
2810 2 2 1 1 1413 350 1917
2811 2 2 1 1 605 1828 2745
2812 2 2 1 1 1829 606 2746
2813 2 2 1 1 141 142 2621
2814 2 2 1 1 201 202 2620
2815 2 2 1 1 213 1437 1648
2816 2 2 1 1 1438 214 1649
2817 2 2 1 1 1775 1511 2518
2818 2 2 1 1 1352 374 2081
2819 2 2 1 1 336 1788 2158
2820 2 2 1 1 2030 1116 2339
2821 2 2 1 1 1117 2029 2338
2822 2 2 1 1 885 1386 2408
2823 2 2 1 1 711 1409 1944
2824 2 2 1 1 1410 710 1943
2825 2 2 1 1 1409 255 1944
2826 2 2 1 1 254 1410 1943
2827 2 2 1 1 1188 140 2290
2828 2 2 1 1 203 1189 2291
2829 2 2 1 1 351 1217 2598
2830 2 2 1 1 931 2073 2880
2831 2 2 1 1 1563 141 2621
2832 2 2 1 1 202 1564 2620
2833 2 2 1 1 968 1466 2227
2834 2 2 1 1 1467 969 2228
2835 2 2 1 1 76 77 2603
2836 2 2 1 1 626 1473 1622
2837 2 2 1 1 1474 627 1623
2838 2 2 1 1 1194 398 2348
2839 2 2 1 1 399 1195 2349
2840 2 2 1 1 346 1722 1844
2841 2 2 1 1 1723 347 1845
2842 2 2 1 1 730 1593 1697
2843 2 2 1 1 1594 731 1698
2844 2 2 1 1 1552 979 2652
2845 2 2 1 1 980 1553 2653
2846 2 2 1 1 708 1680 1773
2847 2 2 1 1 1681 709 1774
2848 2 2 1 1 60 61 1820
2849 2 2 1 1 891 1853 2074
2850 2 2 1 1 677 1183 2459
2851 2 2 1 1 1190 1388 2220
2852 2 2 1 1 1593 237 1697
2853 2 2 1 1 238 1594 1698
2854 2 2 1 1 110 1281 1892
2855 2 2 1 1 1282 32 1893
2856 2 2 1 1 918 1500 2548
2857 2 2 1 1 1501 919 2549
2858 2 2 1 1 1037 1634 2153
2859 2 2 1 1 1635 1038 2154
2860 2 2 1 1 1271 124 2006
2861 2 2 1 1 18 1270 2005
2862 2 2 1 1 818 1938 1982
2863 2 2 1 1 1184 706 2110
2864 2 2 1 1 707 1185 2111
2865 2 2 1 1 410 2219 2866
2866 2 2 1 1 84 85 1652
2867 2 2 1 1 1249 616 2259
2868 2 2 1 1 617 1250 2260
2869 2 2 1 1 839 1517 2140
2870 2 2 1 1 1518 840 2141
2871 2 2 1 1 1217 546 2606
2872 2 2 1 1 2279 825 2466
2873 2 2 1 1 448 1196 2292
2874 2 2 1 1 1527 574 1747
2875 2 2 1 1 575 1528 1748
2876 2 2 1 1 2407 1485 2729
2877 2 2 1 1 129 130 1582
2878 2 2 1 1 12 13 1583
2879 2 2 1 1 1551 248 1848
2880 2 2 1 1 1824 252 2138
2881 2 2 1 1 253 1825 2139
2882 2 2 1 1 1168 748 2022
2883 2 2 1 1 626 1622 1773
2884 2 2 1 1 1623 627 1774
2885 2 2 1 1 1221 374 2563
2886 2 2 1 1 2571 881 2895
2887 2 2 1 1 724 1941 2174
2888 2 2 1 1 1496 2398 2481
2889 2 2 1 1 227 1446 1849
2890 2 2 1 1 1447 228 1850
2891 2 2 1 1 1203 244 2224
2892 2 2 1 1 245 1204 2225
2893 2 2 1 1 459 1309 2070
2894 2 2 1 1 1310 460 2071
2895 2 2 1 1 1606 827 1647
2896 2 2 1 1 826 1605 1646
2897 2 2 1 1 1309 710 2070
2898 2 2 1 1 711 1310 2071
2899 2 2 1 1 688 1203 2224
2900 2 2 1 1 1204 689 2225
2901 2 2 1 1 35 36 1587
2902 2 2 1 1 106 107 1588
2903 2 2 1 1 1125 1800 2780
2904 2 2 1 1 1801 603 2819
2905 2 2 1 1 604 1802 2820
2906 2 2 1 1 1367 647 1848
2907 2 2 1 1 1171 1796 2654
2908 2 2 1 1 1797 1172 2655
2909 2 2 1 1 1841 857 1943
2910 2 2 1 1 858 1842 1944
2911 2 2 1 1 137 138 1595
2912 2 2 1 1 205 206 1596
2913 2 2 1 1 710 1841 1943
2914 2 2 1 1 1842 711 1944
2915 2 2 1 1 1401 781 2357
2916 2 2 1 1 782 1402 2358
2917 2 2 1 1 270 1317 1809
2918 2 2 1 1 896 1667 2704
2919 2 2 1 1 1668 897 2705
2920 2 2 1 1 1981 221 2090
2921 2 2 1 1 270 2423 2810
2922 2 2 1 1 907 1226 2000
2923 2 2 1 1 1224 908 2018
2924 2 2 1 1 942 1858 2863
2925 2 2 1 1 425 2413 2659
2926 2 2 1 1 2414 426 2660
2927 2 2 1 1 730 1697 1732
2928 2 2 1 1 1698 731 1733
2929 2 2 1 1 594 1490 1638
2930 2 2 1 1 1491 595 1639
2931 2 2 1 1 744 1672 2784
2932 2 2 1 1 2110 352 2211
2933 2 2 1 1 353 2111 2212
2934 2 2 1 1 453 1197 2210
2935 2 2 1 1 515 1531 2753
2936 2 2 1 1 1532 516 2754
2937 2 2 1 1 1697 638 1732
2938 2 2 1 1 639 1698 1733
2939 2 2 1 1 1108 1500 2055
2940 2 2 1 1 1501 1109 2056
2941 2 2 1 1 1667 632 2067
2942 2 2 1 1 633 1668 2066
2943 2 2 1 1 501 1210 2048
2944 2 2 1 1 700 1200 2255
2945 2 2 1 1 248 1367 1848
2946 2 2 1 1 546 1586 2606
2947 2 2 1 1 761 1200 2246
2948 2 2 1 1 1313 548 1816
2949 2 2 1 1 549 1314 1817
2950 2 2 1 1 548 1371 1764
2951 2 2 1 1 1372 549 1765
2952 2 2 1 1 309 1331 2458
2953 2 2 1 1 1332 310 2457
2954 2 2 1 1 1853 387 2074
2955 2 2 1 1 1165 1923 2641
2956 2 2 1 1 1922 1164 2642
2957 2 2 1 1 1276 572 2684
2958 2 2 1 1 573 1277 2685
2959 2 2 1 1 2303 1060 2374
2960 2 2 1 1 1061 2304 2375
2961 2 2 1 1 1923 466 2641
2962 2 2 1 1 467 1922 2642
2963 2 2 1 1 63 64 1624
2964 2 2 1 1 1846 1013 2522
2965 2 2 1 1 1014 1847 2523
2966 2 2 1 1 813 1760 2328
2967 2 2 1 1 1500 401 2548
2968 2 2 1 1 402 1501 2549
2969 2 2 1 1 78 79 1628
2970 2 2 1 1 2238 1350 2596
2971 2 2 1 1 1351 2239 2597
2972 2 2 1 1 338 1202 2239
2973 2 2 1 1 1772 718 1804
2974 2 2 1 1 837 2374 2449
2975 2 2 1 1 2375 838 2450
2976 2 2 1 1 1573 1206 2300
2977 2 2 1 1 1205 1572 2301
2978 2 2 1 1 1741 334 2266
2979 2 2 1 1 335 1742 2267
2980 2 2 1 1 1533 515 2490
2981 2 2 1 1 516 1534 2491
2982 2 2 1 1 2060 390 2401
2983 2 2 1 1 391 2061 2402
2984 2 2 1 1 468 1355 1973
2985 2 2 1 1 1356 469 1974
2986 2 2 1 1 57 58 1658
2987 2 2 1 1 825 1300 2568
2988 2 2 1 1 910 1583 2740
2989 2 2 1 1 1582 911 2741
2990 2 2 1 1 1355 668 1973
2991 2 2 1 1 669 1356 1974
2992 2 2 1 1 960 1418 1962
2993 2 2 1 1 1419 961 1963
2994 2 2 1 1 1247 478 1920
2995 2 2 1 1 479 1248 1921
2996 2 2 1 1 2210 744 2784
2997 2 2 1 1 1217 955 2102
2998 2 2 1 1 985 1776 2576
2999 2 2 1 1 1777 986 2577
3000 2 2 1 1 1222 264 2098
3001 2 2 1 1 265 1223 2099
3002 2 2 1 1 855 1243 2794
3003 2 2 1 1 1244 856 2795
3004 2 2 1 1 1469 2759 2792
3005 2 2 1 1 2760 1470 2793
3006 2 2 1 1 1858 659 1978
3007 2 2 1 1 304 1289 1987
3008 2 2 1 1 1290 303 1988
3009 2 2 1 1 210 1454 1682
3010 2 2 1 1 1455 211 1683
3011 2 2 1 1 802 2342 2498
3012 2 2 1 1 2343 803 2499
3013 2 2 1 1 343 1355 2639
3014 2 2 1 1 1356 344 2640
3015 2 2 1 1 1243 485 2794
3016 2 2 1 1 486 1244 2795
3017 2 2 1 1 2008 943 2594
3018 2 2 1 1 944 2009 2595
3019 2 2 1 1 1077 2072 2218
3020 2 2 1 1 1512 630 1938
3021 2 2 1 1 1976 229 2502
3022 2 2 1 1 1215 313 2853
3023 2 2 1 1 747 1361 2177
3024 2 2 1 1 1608 219 1982
3025 2 2 1 1 916 1588 2749
3026 2 2 1 1 1587 917 2750
3027 2 2 1 1 1616 734 1816
3028 2 2 1 1 735 1617 1817
3029 2 2 1 1 520 1207 2361
3030 2 2 1 1 1208 521 2362
3031 2 2 1 1 1210 501 2328
3032 2 2 1 1 1535 697 1650
3033 2 2 1 1 698 1536 1651
3034 2 2 1 1 548 1616 1816
3035 2 2 1 1 1617 549 1817
3036 2 2 1 1 1414 474 1956
3037 2 2 1 1 475 1415 1957
3038 2 2 1 1 1001 2019 2821
3039 2 2 1 1 2020 1002 2822
3040 2 2 1 1 494 1211 2366
3041 2 2 1 1 2072 687 2218
3042 2 2 1 1 30 31 1864
3043 2 2 1 1 111 112 1863
3044 2 2 1 1 193 1241 2013
3045 2 2 1 1 1242 150 2014
3046 2 2 1 1 1300 456 2568
3047 2 2 1 1 1375 620 2763
3048 2 2 1 1 621 1376 2764
3049 2 2 1 1 1734 949 1736
3050 2 2 1 1 950 1735 1737
3051 2 2 1 1 560 1734 1736
3052 2 2 1 1 1735 561 1737
3053 2 2 1 1 1469 242 2759
3054 2 2 1 1 243 1470 2760
3055 2 2 1 1 1539 522 1856
3056 2 2 1 1 523 1540 1857
3057 2 2 1 1 1285 434 1898
3058 2 2 1 1 1680 358 1773
3059 2 2 1 1 359 1681 1774
3060 2 2 1 1 186 1320 2166
3061 2 2 1 1 1321 157 2167
3062 2 2 1 1 1227 15 2557
3063 2 2 1 1 127 1228 2558
3064 2 2 1 1 1722 740 1844
3065 2 2 1 1 741 1723 1845
3066 2 2 1 1 1643 636 2160
3067 2 2 1 1 637 1644 2161
3068 2 2 1 1 1586 2488 2606
3069 2 2 1 1 454 1201 2247
3070 2 2 1 1 1202 455 2248
3071 2 2 1 1 348 1685 2684
3072 2 2 1 1 1686 349 2685
3073 2 2 1 1 1057 1984 2285
3074 2 2 1 1 1361 66 2177
3075 2 2 1 1 489 1483 2608
3076 2 2 1 1 1482 490 2607
3077 2 2 1 1 2051 1215 2853
3078 2 2 1 1 1868 1198 2808
3079 2 2 1 1 1199 1869 2809
3080 2 2 1 1 716 1221 2563
3081 2 2 1 1 247 1293 2130
3082 2 2 1 1 1294 246 2131
3083 2 2 1 1 1984 764 2285
3084 2 2 1 1 1216 761 2543
3085 2 2 1 1 1293 703 2130
3086 2 2 1 1 702 1294 2131
3087 2 2 1 1 691 1414 1956
3088 2 2 1 1 1415 692 1957
3089 2 2 1 1 467 1336 2755
3090 2 2 1 1 1483 1058 2608
3091 2 2 1 1 1059 1482 2607
3092 2 2 1 1 71 72 1975
3093 2 2 1 1 1355 343 1989
3094 2 2 1 1 344 1356 1990
3095 2 2 1 1 260 1782 2421
3096 2 2 1 1 1783 261 2422
3097 2 2 1 1 818 1811 1935
3098 2 2 1 1 1496 502 2398
3099 2 2 1 1 1364 1126 2715
3100 2 2 1 1 1127 1365 2716
3101 2 2 1 1 224 1402 2106
3102 2 2 1 1 1401 223 2107
3103 2 2 1 1 1402 835 2106
3104 2 2 1 1 834 1401 2107
3105 2 2 1 1 2024 717 2112
3106 2 2 1 1 1811 667 1935
3107 2 2 1 1 1347 466 2785
3108 2 2 1 1 262 1303 2153
3109 2 2 1 1 1304 263 2154
3110 2 2 1 1 499 1471 1960
3111 2 2 1 1 1472 500 1961
3112 2 2 1 1 668 1355 1989
3113 2 2 1 1 1356 669 1990
3114 2 2 1 1 1379 235 1828
3115 2 2 1 1 236 1380 1829
3116 2 2 1 1 1306 536 1882
3117 2 2 1 1 535 1305 1883
3118 2 2 1 1 74 1684 2739
3119 2 2 1 1 550 1238 2804
3120 2 2 1 1 1239 551 2805
3121 2 2 1 1 476 1545 2848
3122 2 2 1 1 1241 722 2013
3123 2 2 1 1 723 1242 2014
3124 2 2 1 1 2048 774 2636
3125 2 2 1 1 90 91 1700
3126 2 2 1 1 51 52 1699
3127 2 2 1 1 2486 1120 2530
3128 2 2 1 1 1119 2485 2529
3129 2 2 1 1 1471 726 1960
3130 2 2 1 1 727 1472 1961
3131 2 2 1 1 480 1502 2244
3132 2 2 1 1 1503 481 2245
3133 2 2 1 1 1390 416 1836
3134 2 2 1 1 182 183 1667
3135 2 2 1 1 160 161 1668
3136 2 2 1 1 2220 350 2489
3137 2 2 1 1 2229 1091 2721
3138 2 2 1 1 1092 2230 2722
3139 2 2 1 1 2171 1072 2263
3140 2 2 1 1 657 2051 2853
3141 2 2 1 1 476 1406 2671
3142 2 2 1 1 587 1373 1824
3143 2 2 1 1 1374 588 1825
3144 2 2 1 1 1605 552 1646
3145 2 2 1 1 553 1606 1647
3146 2 2 1 1 1510 589 1705
3147 2 2 1 1 1190 2220 2489
3148 2 2 1 1 646 1390 1836
3149 2 2 1 1 1283 753 2494
3150 2 2 1 1 754 1284 2495
3151 2 2 1 1 1234 438 2264
3152 2 2 1 1 437 1235 2265
3153 2 2 1 1 217 1261 2206
3154 2 2 1 1 1262 218 2207
3155 2 2 1 1 628 1331 2318
3156 2 2 1 1 1332 629 2317
3157 2 2 1 1 1710 977 2663
3158 2 2 1 1 978 1711 2664
3159 2 2 1 1 1751 1945 2724
3160 2 2 1 1 1946 1752 2725
3161 2 2 1 1 61 62 1843
3162 2 2 1 1 956 1551 1848
3163 2 2 1 1 1567 522 2443
3164 2 2 1 1 523 1568 2444
3165 2 2 1 1 1390 1072 2171
3166 2 2 1 1 2247 1529 2876
3167 2 2 1 1 1530 2248 2877
3168 2 2 1 1 722 1241 2706
3169 2 2 1 1 1242 723 2707
3170 2 2 1 1 1261 704 2206
3171 2 2 1 1 705 1262 2207
3172 2 2 1 1 1479 356 1942
3173 2 2 1 1 781 1401 2431
3174 2 2 1 1 1402 782 2432
3175 2 2 1 1 2084 533 2552
3176 2 2 1 1 534 2085 2553
3177 2 2 1 1 1458 326 2213
3178 2 2 1 1 327 1459 2214
3179 2 2 1 1 667 1679 1935
3180 2 2 1 1 631 1513 2284
3181 2 2 1 1 1652 85 2371
3182 2 2 1 1 748 1496 2022
3183 2 2 1 1 1347 331 1877
3184 2 2 1 1 816 1310 2622
3185 2 2 1 1 1309 817 2623
3186 2 2 1 1 1958 837 2449
3187 2 2 1 1 838 1959 2450
3188 2 2 1 1 1511 566 1976
3189 2 2 1 1 718 1479 1942
3190 2 2 1 1 834 2639 2730
3191 2 2 1 1 2640 835 2731
3192 2 2 1 1 305 1609 1762
3193 2 2 1 1 1610 306 1763
3194 2 2 1 1 596 1846 2522
3195 2 2 1 1 1847 597 2523
3196 2 2 1 1 1872 336 2158
3197 2 2 1 1 1329 874 1939
3198 2 2 1 1 875 1330 1940
3199 2 2 1 1 1406 363 2708
3200 2 2 1 1 1335 1694 2719
3201 2 2 1 1 1482 278 1894
3202 2 2 1 1 279 1483 1895
3203 2 2 1 1 546 1577 2319
3204 2 2 1 1 271 2171 2263
3205 2 2 1 1 357 1489 1977
3206 2 2 1 1 638 1697 2572
3207 2 2 1 1 1698 639 2573
3208 2 2 1 1 1265 557 2468
3209 2 2 1 1 1231 356 2554
3210 2 2 1 1 1232 843 2252
3211 2 2 1 1 844 1233 2253
3212 2 2 1 1 806 2156 2275
3213 2 2 1 1 2157 807 2276
3214 2 2 1 1 1586 546 2319
3215 2 2 1 1 1331 487 1902
3216 2 2 1 1 488 1332 1903
3217 2 2 1 1 2156 1103 2275
3218 2 2 1 1 1104 2157 2276
3219 2 2 1 1 80 81 1804
3220 2 2 1 1 1648 529 2483
3221 2 2 1 1 530 1649 2484
3222 2 2 1 1 1462 566 1775
3223 2 2 1 1 1489 732 1977
3224 2 2 1 1 142 143 1955
3225 2 2 1 1 200 201 1954
3226 2 2 1 1 2168 564 2854
3227 2 2 1 1 565 2169 2855
3228 2 2 1 1 1339 385 2234
3229 2 2 1 1 386 1340 2235
3230 2 2 1 1 438 1234 2347
3231 2 2 1 1 1235 437 2346
3232 2 2 1 1 1388 545 1855
3233 2 2 1 1 387 1853 2723
3234 2 2 1 1 330 1336 1909
3235 2 2 1 1 656 1234 2264
3236 2 2 1 1 1235 655 2265
3237 2 2 1 1 1560 507 2434
3238 2 2 1 1 508 1559 2435
3239 2 2 1 1 785 1805 1997
3240 2 2 1 1 1806 786 1998
3241 2 2 1 1 1453 283 2085
3242 2 2 1 1 282 1452 2084
3243 2 2 1 1 1880 944 2872
3244 2 2 1 1 943 1881 2871
3245 2 2 1 1 732 1820 1843
3246 2 2 1 1 219 1811 1982
3247 2 2 1 1 1502 796 2244
3248 2 2 1 1 797 1503 2245
3249 2 2 1 1 223 1401 2357
3250 2 2 1 1 1402 224 2358
3251 2 2 1 1 213 1329 1931
3252 2 2 1 1 1330 214 1932
3253 2 2 1 1 1622 708 1773
3254 2 2 1 1 709 1623 1774
3255 2 2 1 1 1144 1784 1846
3256 2 2 1 1 1785 1145 1847
3257 2 2 1 1 864 1569 2445
3258 2 2 1 1 1570 865 2446
3259 2 2 1 1 451 1265 2095
3260 2 2 1 1 1389 677 1867
3261 2 2 1 1 1842 858 2454
3262 2 2 1 1 857 1841 2453
3263 2 2 1 1 171 6 2584
3264 2 2 1 1 7 172 2583
3265 2 2 1 1 284 1263 2771
3266 2 2 1 1 1264 285 2772
3267 2 2 1 1 562 1357 1896
3268 2 2 1 1 1358 563 1897
3269 2 2 1 1 1010 1266 2813
3270 2 2 1 1 1267 1009 2812
3271 2 2 1 1 517 1346 1911
3272 2 2 1 1 1345 518 1912
3273 2 2 1 1 1496 338 2022
3274 2 2 1 1 783 1494 1920
3275 2 2 1 1 1495 784 1921
3276 2 2 1 1 1247 581 2151
3277 2 2 1 1 582 1248 2152
3278 2 2 1 1 693 1527 1747
3279 2 2 1 1 1528 694 1748
3280 2 2 1 1 387 2723 2832
3281 2 2 1 1 1322 819 1964
3282 2 2 1 1 820 1323 1965
3283 2 2 1 1 2530 1297 2889
3284 2 2 1 1 1298 2529 2890
3285 2 2 1 1 649 1712 1823
3286 2 2 1 1 210 1682 2666
3287 2 2 1 1 1683 211 2667
3288 2 2 1 1 1333 328 1949
3289 2 2 1 1 329 1334 1950
3290 2 2 1 1 1865 363 2023
3291 2 2 1 1 1608 630 1971
3292 2 2 1 1 631 1599 1972
3293 2 2 1 1 618 1238 2300
3294 2 2 1 1 1239 619 2301
3295 2 2 1 1 1150 1734 2594
3296 2 2 1 1 1735 1151 2595
3297 2 2 1 1 837 2303 2374
3298 2 2 1 1 2304 838 2375
3299 2 2 1 1 821 2449 2585
3300 2 2 1 1 2450 822 2586
3301 2 2 1 1 1253 185 2166
3302 2 2 1 1 158 1254 2167
3303 2 2 1 1 1022 2324 2513
3304 2 2 1 1 2323 1021 2512
3305 2 2 1 1 2286 638 2572
3306 2 2 1 1 639 2287 2573
3307 2 2 1 1 649 1671 1692
3308 2 2 1 1 1241 473 2706
3309 2 2 1 1 472 1242 2707
3310 2 2 1 1 161 162 2066
3311 2 2 1 1 181 182 2067
3312 2 2 1 1 1152 1604 2555
3313 2 2 1 1 358 1537 1773
3314 2 2 1 1 1538 359 1774
3315 2 2 1 1 1769 1228 2882
3316 2 2 1 1 1227 1768 2881
3317 2 2 1 1 1689 585 2557
3318 2 2 1 1 586 1690 2558
3319 2 2 1 1 1423 343 2531
3320 2 2 1 1 344 1424 2532
3321 2 2 1 1 879 1652 2371
3322 2 2 1 1 451 1391 2433
3323 2 2 1 1 872 1480 2792
3324 2 2 1 1 1481 873 2793
3325 2 2 1 1 581 1247 2496
3326 2 2 1 1 1248 582 2497
3327 2 2 1 1 733 1724 1873
3328 2 2 1 1 631 2284 2353
3329 2 2 1 1 832 1456 2134
3330 2 2 1 1 1457 833 2135
3331 2 2 1 1 926 1868 2808
3332 2 2 1 1 1869 927 2809
3333 2 2 1 1 1289 1019 2828
3334 2 2 1 1 1020 1290 2829
3335 2 2 1 1 53 1508 2368
3336 2 2 1 1 1509 89 2367
3337 2 2 1 1 1671 680 1692
3338 2 2 1 1 1483 770 1895
3339 2 2 1 1 771 1482 1894
3340 2 2 1 1 1164 1922 2579
3341 2 2 1 1 1923 1165 2578
3342 2 2 1 1 355 1309 2623
3343 2 2 1 1 1310 354 2622
3344 2 2 1 1 858 2142 2454
3345 2 2 1 1 2143 857 2453
3346 2 2 1 1 119 120 2009
3347 2 2 1 1 22 23 2008
3348 2 2 1 1 616 1434 2259
3349 2 2 1 1 1435 617 2260
3350 2 2 1 1 859 1917 1981
3351 2 2 1 1 471 1549 2233
3352 2 2 1 1 1391 809 2433
3353 2 2 1 1 130 131 2175
3354 2 2 1 1 11 12 2176
3355 2 2 1 1 381 1283 2756
3356 2 2 1 1 1284 382 2757
3357 2 2 1 1 303 1383 1924
3358 2 2 1 1 1384 304 1925
3359 2 2 1 1 805 2486 2530
3360 2 2 1 1 2485 804 2529
3361 2 2 1 1 2196 1115 2307
3362 2 2 1 1 1114 2195 2308
3363 2 2 1 1 239 1387 2720
3364 2 2 1 1 1548 322 2345
3365 2 2 1 1 450 2196 2307
3366 2 2 1 1 2195 449 2308
3367 2 2 1 1 36 37 2193
3368 2 2 1 1 105 106 2194
3369 2 2 1 1 411 1584 2286
3370 2 2 1 1 1585 412 2287
3371 2 2 1 1 334 1257 2516
3372 2 2 1 1 1258 335 2517
3373 2 2 1 1 293 1359 2618
3374 2 2 1 1 1360 294 2619
3375 2 2 1 1 1297 650 2561
3376 2 2 1 1 651 1298 2562
3377 2 2 1 1 1050 1268 2569
3378 2 2 1 1 650 1297 2458
3379 2 2 1 1 1298 651 2457
3380 2 2 1 1 1779 1230 2898
3381 2 2 1 1 1229 1778 2897
3382 2 2 1 1 543 1263 2215
3383 2 2 1 1 1264 544 2216
3384 2 2 1 1 1439 699 1874
3385 2 2 1 1 490 1482 2189
3386 2 2 1 1 1483 489 2190
3387 2 2 1 1 1221 2327 2397
3388 2 2 1 1 860 1259 2256
3389 2 2 1 1 1260 861 2257
3390 2 2 1 1 738 1856 1951
3391 2 2 1 1 1857 739 1952
3392 2 2 1 1 755 1274 2162
3393 2 2 1 1 1275 756 2163
3394 2 2 1 1 1482 771 2189
3395 2 2 1 1 770 1483 2190
3396 2 2 1 1 1261 217 2460
3397 2 2 1 1 218 1262 2461
3398 2 2 1 1 1577 380 2319
3399 2 2 1 1 1025 1274 2682
3400 2 2 1 1 1275 1026 2683
3401 2 2 1 1 1272 531 2695
3402 2 2 1 1 532 1273 2696
3403 2 2 1 1 416 1721 2226
3404 2 2 1 1 1293 247 2333
3405 2 2 1 1 246 1294 2334
3406 2 2 1 1 206 207 2280
3407 2 2 1 1 136 137 2281
3408 2 2 1 1 648 1684 2004
3409 2 2 1 1 1257 454 2270
3410 2 2 1 1 455 1258 2271
3411 2 2 1 1 1403 798 2419
3412 2 2 1 1 799 1404 2420
3413 2 2 1 1 1645 976 2202
3414 2 2 1 1 2327 891 2397
3415 2 2 1 1 217 1475 2460
3416 2 2 1 1 1476 218 2461
3417 2 2 1 1 1339 720 2208
3418 2 2 1 1 721 1340 2209
3419 2 2 1 1 1549 810 2233
3420 2 2 1 1 457 1339 2208
3421 2 2 1 1 1340 458 2209
3422 2 2 1 1 2164 960 2295
3423 2 2 1 1 961 2165 2296
3424 2 2 1 1 1387 880 2720
3425 2 2 1 1 766 1263 2541
3426 2 2 1 1 1264 767 2542
3427 2 2 1 1 1917 661 1981
3428 2 2 1 1 360 1403 2419
3429 2 2 1 1 1404 361 2420
3430 2 2 1 1 1044 1486 1836
3431 2 2 1 1 859 1413 1917
3432 2 2 1 1 1584 411 2751
3433 2 2 1 1 412 1585 2752
3434 2 2 1 1 1263 543 2541
3435 2 2 1 1 544 1264 2542
3436 2 2 1 1 749 1379 2648
3437 2 2 1 1 1380 750 2649
3438 2 2 1 1 1048 1792 2633
3439 2 2 1 1 1791 1049 2634
3440 2 2 1 1 999 2032 2806
3441 2 2 1 1 2031 1000 2807
3442 2 2 1 1 270 1809 2423
3443 2 2 1 1 1550 643 2203
3444 2 2 1 1 983 1584 2751
3445 2 2 1 1 1585 984 2752
3446 2 2 1 1 572 1286 2684
3447 2 2 1 1 1287 573 2685
3448 2 2 1 1 719 1865 2076
3449 2 2 1 1 2170 881 2571
3450 2 2 1 1 332 1300 2279
3451 2 2 1 1 62 63 2406
3452 2 2 1 1 350 1837 1917
3453 2 2 1 1 585 1689 2256
3454 2 2 1 1 1690 586 2257
3455 2 2 1 1 1792 445 2633
3456 2 2 1 1 446 1791 2634
3457 2 2 1 1 1689 860 2256
3458 2 2 1 1 861 1690 2257
3459 2 2 1 1 383 1805 1918
3460 2 2 1 1 1806 384 1919
3461 2 2 1 1 1727 704 1844
3462 2 2 1 1 705 1728 1845
3463 2 2 1 1 1865 876 2076
3464 2 2 1 1 485 1261 2794
3465 2 2 1 1 1262 486 2795
3466 2 2 1 1 57 1658 2408
3467 2 2 1 1 330 1909 2440
3468 2 2 1 1 1805 785 1918
3469 2 2 1 1 786 1806 1919
3470 2 2 1 1 1279 215 2726
3471 2 2 1 1 216 1280 2727
3472 2 2 1 1 740 1727 1844
3473 2 2 1 1 1728 741 1845
3474 2 2 1 1 2482 963 2811
3475 2 2 1 1 1486 646 1836
3476 2 2 1 1 1569 225 2445
3477 2 2 1 1 226 1570 2446
3478 2 2 1 1 79 80 2482
3479 2 2 1 1 1288 699 2875
3480 2 2 1 1 2178 1255 2736
3481 2 2 1 1 1256 2179 2737
3482 2 2 1 1 1283 684 2756
3483 2 2 1 1 685 1284 2757
3484 2 2 1 1 305 1567 2500
3485 2 2 1 1 1568 306 2501
3486 2 2 1 1 1504 1059 2347
3487 2 2 1 1 1058 1505 2346
3488 2 2 1 1 720 1339 2234
3489 2 2 1 1 1340 721 2235
3490 2 2 1 1 524 1746 2703
3491 2 2 1 1 1731 1189 2777
3492 2 2 1 1 1188 1730 2776
3493 2 2 1 1 21 1524 2774
3494 2 2 1 1 1523 121 2773
3495 2 2 1 1 86 1385 2371
3496 2 2 1 1 25 26 1862
3497 2 2 1 1 116 117 1861
3498 2 2 1 1 1616 548 2869
3499 2 2 1 1 549 1617 2870
3500 2 2 1 1 1386 56 2408
3501 2 2 1 1 641 1537 2891
3502 2 2 1 1 1538 642 2892
3503 2 2 1 1 545 1576 1855
3504 2 2 1 1 1285 828 2525
3505 2 2 1 1 381 2762 2816
3506 2 2 1 1 423 1600 1859
3507 2 2 1 1 1601 424 1860
3508 2 2 1 1 1600 688 1859
3509 2 2 1 1 689 1601 1860
3510 2 2 1 1 1951 210 2666
3511 2 2 1 1 211 1952 2667
3512 2 2 1 1 757 2132 2672
3513 2 2 1 1 2133 758 2673
3514 2 2 1 1 1910 895 2112
3515 2 2 1 1 1475 855 2460
3516 2 2 1 1 856 1476 2461
3517 2 2 1 1 652 1898 2423
3518 2 2 1 1 480 1279 2473
3519 2 2 1 1 1280 481 2474
3520 2 2 1 1 657 1396 2021
3521 2 2 1 1 109 110 1892
3522 2 2 1 1 32 33 1893
3523 2 2 1 1 889 1643 2417
3524 2 2 1 1 1644 890 2418
3525 2 2 1 1 258 1910 2112
3526 2 2 1 1 1303 634 2153
3527 2 2 1 1 635 1304 2154
3528 2 2 1 1 1747 252 1997
3529 2 2 1 1 253 1748 1998
3530 2 2 1 1 1599 631 2353
3531 2 2 1 1 267 1389 1983
3532 2 2 1 1 1278 894 2388
3533 2 2 1 1 1877 331 2467
3534 2 2 1 1 1576 736 1855
3535 2 2 1 1 1268 474 2466
3536 2 2 1 1 1311 537 2144
3537 2 2 1 1 390 1373 2015
3538 2 2 1 1 1374 391 2016
3539 2 2 1 1 341 1816 2204
3540 2 2 1 1 1817 342 2205
3541 2 2 1 1 1658 885 2408
3542 2 2 1 1 1545 930 2848
3543 2 2 1 1 90 1700 2367
3544 2 2 1 1 1699 52 2368
3545 2 2 1 1 339 1519 1832
3546 2 2 1 1 1520 340 1833
3547 2 2 1 1 1673 845 2121
3548 2 2 1 1 846 1674 2122
3549 2 2 1 1 1305 535 2814
3550 2 2 1 1 536 1306 2815
3551 2 2 1 1 1643 233 2417
3552 2 2 1 1 234 1644 2418
3553 2 2 1 1 1994 999 2806
3554 2 2 1 1 1000 1995 2807
3555 2 2 1 1 1677 1139 2433
3556 2 2 1 1 1525 607 1839
3557 2 2 1 1 608 1526 1840
3558 2 2 1 1 1699 882 2103
3559 2 2 1 1 883 1700 2104
3560 2 2 1 1 768 1699 2103
3561 2 2 1 1 1700 769 2104
3562 2 2 1 1 808 1285 2628
3563 2 2 1 1 874 2483 2821
3564 2 2 1 1 2484 875 2822
3565 2 2 1 1 129 1582 2741
3566 2 2 1 1 1583 13 2740
3567 2 2 1 1 466 1347 2852
3568 2 2 1 1 1347 879 2852
3569 2 2 1 1 188 189 2365
3570 2 2 1 1 154 155 2364
3571 2 2 1 1 157 158 2167
3572 2 2 1 1 185 186 2166
3573 2 2 1 1 124 125 2006
3574 2 2 1 1 17 18 2005
3575 2 2 1 1 1009 2176 2812
3576 2 2 1 1 2175 1010 2813
3577 2 2 1 1 362 1485 2024
3578 2 2 1 1 646 1486 1975
3579 2 2 1 1 283 1630 2085
3580 2 2 1 1 1629 282 2084
3581 2 2 1 1 1300 825 2279
3582 2 2 1 1 1311 381 2756
3583 2 2 1 1 658 1866 2322
3584 2 2 1 1 319 1318 2168
3585 2 2 1 1 1319 320 2169
3586 2 2 1 1 808 1884 2219
3587 2 2 1 1 1588 107 2749
3588 2 2 1 1 35 1587 2750
3589 2 2 1 1 1414 691 2093
3590 2 2 1 1 692 1415 2094
3591 2 2 1 1 367 1442 1915
3592 2 2 1 1 1443 366 1916
3593 2 2 1 1 249 1335 2862
3594 2 2 1 1 656 1293 2333
3595 2 2 1 1 1294 655 2334
3596 2 2 1 1 1396 484 2021
3597 2 2 1 1 2371 1385 2852
3598 2 2 1 1 1595 138 2544
3599 2 2 1 1 205 1596 2545
3600 2 2 1 1 1317 270 2218
3601 2 2 1 1 2096 432 2533
3602 2 2 1 1 433 2097 2534
3603 2 2 1 1 1485 717 2024
3604 2 2 1 1 1058 2346 2769
3605 2 2 1 1 2347 1059 2770
3606 2 2 1 1 332 1414 2093
3607 2 2 1 1 1415 333 2094
3608 2 2 1 1 341 1573 2300
3609 2 2 1 1 1572 342 2301
3610 2 2 1 1 220 1291 2591
3611 2 2 1 1 684 1311 2756
3612 2 2 1 1 1312 685 2757
3613 2 2 1 1 1401 468 2431
3614 2 2 1 1 469 1402 2432
3615 2 2 1 1 1019 2194 2828
3616 2 2 1 1 2193 1020 2829
3617 2 2 1 1 925 1523 2773
3618 2 2 1 1 1524 924 2774
3619 2 2 1 1 1308 504 2231
3620 2 2 1 1 1344 314 2524
3621 2 2 1 1 600 1295 2644
3622 2 2 1 1 1296 601 2643
3623 2 2 1 1 484 1387 2021
3624 2 2 1 1 1373 785 2386
3625 2 2 1 1 786 1374 2387
3626 2 2 1 1 1324 667 2509
3627 2 2 1 1 1700 883 2367
3628 2 2 1 1 882 1699 2368
3629 2 2 1 1 888 1926 2116
3630 2 2 1 1 1729 494 2728
3631 2 2 1 1 687 1317 2218
3632 2 2 1 1 1512 905 2088
3633 2 2 1 1 906 1513 2089
3634 2 2 1 1 1549 351 2598
3635 2 2 1 1 1541 487 2893
3636 2 2 1 1 488 1542 2894
3637 2 2 1 1 1291 476 2671
3638 2 2 1 1 1464 869 2086
3639 2 2 1 1 870 1465 2087
3640 2 2 1 1 665 1296 2477
3641 2 2 1 1 1295 666 2478
3642 2 2 1 1 1463 932 2896
3643 2 2 1 1 923 1960 2145
3644 2 2 1 1 1961 922 2146
3645 2 2 1 1 1394 821 2585
3646 2 2 1 1 822 1395 2586
3647 2 2 1 1 343 1423 1989
3648 2 2 1 1 1424 344 1990
3649 2 2 1 1 1297 309 2458
3650 2 2 1 1 310 1298 2457
3651 2 2 1 1 277 1425 1978
3652 2 2 1 1 2140 1517 2844
3653 2 2 1 1 1518 2141 2845
3654 2 2 1 1 1960 726 2145
3655 2 2 1 1 727 1961 2146
3656 2 2 1 1 769 2041 2326
3657 2 2 1 1 2040 768 2325
3658 2 2 1 1 895 1714 2024
3659 2 2 1 1 738 1539 1856
3660 2 2 1 1 1540 739 1857
3661 2 2 1 1 482 1394 2585
3662 2 2 1 1 1395 483 2586
3663 2 2 1 1 1301 900 2378
3664 2 2 1 1 901 1302 2379
3665 2 2 1 1 328 1333 2884
3666 2 2 1 1 1334 329 2883
3667 2 2 1 1 1434 1808 2901
3668 2 2 1 1 1807 1435 2902
3669 2 2 1 1 1620 933 2742
3670 2 2 1 1 934 1621 2743
3671 2 2 1 1 493 1463 2896
3672 2 2 1 1 1913 1150 2871
3673 2 2 1 1 1151 1914 2872
3674 2 2 1 1 1926 748 2116
3675 2 2 1 1 1567 305 2164
3676 2 2 1 1 306 1568 2165
3677 2 2 1 1 463 1913 2871
3678 2 2 1 1 1914 464 2872
3679 2 2 1 1 1486 71 1975
3680 2 2 1 1 337 2238 2519
3681 2 2 1 1 681 1484 2856
3682 2 2 1 1 1341 465 2155
3683 2 2 1 1 126 127 2558
3684 2 2 1 1 15 16 2557
3685 2 2 1 1 667 1363 2509
3686 2 2 1 1 1699 768 2040
3687 2 2 1 1 769 1700 2041
3688 2 2 1 1 1899 1196 2798
3689 2 2 1 1 1391 451 2095
3690 2 2 1 1 51 1699 2040
3691 2 2 1 1 1700 91 2041
3692 2 2 1 1 649 1692 2173
3693 2 2 1 1 362 1714 1867
3694 2 2 1 1 1729 374 2072
3695 2 2 1 1 2380 765 2505
3696 2 2 1 1 1878 673 2393
3697 2 2 1 1 674 1879 2394
3698 2 2 1 1 520 1375 2121
3699 2 2 1 1 1376 521 2122
3700 2 2 1 1 787 1317 2241
3701 2 2 1 1 1875 889 2354
3702 2 2 1 1 890 1876 2355
3703 2 2 1 1 819 1322 2732
3704 2 2 1 1 1323 820 2733
3705 2 2 1 1 2238 1201 2519
3706 2 2 1 1 1712 649 2173
3707 2 2 1 1 1636 7 2583
3708 2 2 1 1 6 1637 2584
3709 2 2 1 1 643 1721 2203
3710 2 2 1 1 1077 1729 2072
3711 2 2 1 1 796 1533 2313
3712 2 2 1 1 1534 797 2314
3713 2 2 1 1 1533 354 2313
3714 2 2 1 1 355 1534 2314
3715 2 2 1 1 1583 910 2900
3716 2 2 1 1 911 1582 2899
3717 2 2 1 1 1720 660 1996
3718 2 2 1 1 1388 954 2220
3719 2 2 1 1 792 1391 2095
3720 2 2 1 1 1926 888 2510
3721 2 2 1 1 313 1396 2853
3722 2 2 1 1 1071 1720 1996
3723 2 2 1 1 772 1567 2164
3724 2 2 1 1 1568 773 2165
3725 2 2 1 1 695 2229 2721
3726 2 2 1 1 2230 696 2722
3727 2 2 1 1 1335 493 2896
3728 2 2 1 1 537 1311 2354
3729 2 2 1 1 1312 538 2355
3730 2 2 1 1 880 1387 2081
3731 2 2 1 1 2881 1839 2900
3732 2 2 1 1 1840 2882 2899
3733 2 2 1 1 239 1671 2528
3734 2 2 1 1 1667 183 2704
3735 2 2 1 1 160 1668 2705
3736 2 2 1 1 1834 325 2047
3737 2 2 1 1 766 2030 2339
3738 2 2 1 1 2029 767 2338
3739 2 2 1 1 517 1327 2715
3740 2 2 1 1 1328 518 2716
3741 2 2 1 1 1603 836 2172
3742 2 2 1 1 1366 677 2459
3743 2 2 1 1 509 1426 2044
3744 2 2 1 1 1427 510 2045
3745 2 2 1 1 1339 457 2713
3746 2 2 1 1 458 1340 2714
3747 2 2 1 1 310 1332 2317
3748 2 2 1 1 1331 309 2318
3749 2 2 1 1 2699 1616 2869
3750 2 2 1 1 1617 2700 2870
3751 2 2 1 1 823 1339 2713
3752 2 2 1 1 1340 824 2714
3753 2 2 1 1 266 1874 2551
3754 2 2 1 1 1834 659 2688
3755 2 2 1 1 979 1325 2652
3756 2 2 1 1 1326 980 2653
3757 2 2 1 1 252 1448 2138
3758 2 2 1 1 1449 253 2139
3759 2 2 1 1 1885 859 2090
3760 2 2 1 1 2354 889 2417
3761 2 2 1 1 890 2355 2418
3762 2 2 1 1 1448 720 2138
3763 2 2 1 1 721 1449 2139
3764 2 2 1 1 1333 722 2884
3765 2 2 1 1 723 1334 2883
3766 2 2 1 1 1013 1796 1801
3767 2 2 1 1 1797 1014 1802
3768 2 2 1 1 1796 603 1801
3769 2 2 1 1 604 1797 1802
3770 2 2 1 1 683 1912 2886
3771 2 2 1 1 1911 682 2885
3772 2 2 1 1 1488 400 2297
3773 2 2 1 1 686 1354 2403
3774 2 2 1 1 974 2406 2857
3775 2 2 1 1 614 1675 1945
3776 2 2 1 1 1676 615 1946
3777 2 2 1 1 2025 857 2062
3778 2 2 1 1 858 2026 2063
3779 2 2 1 1 297 1325 2404
3780 2 2 1 1 1326 298 2405
3781 2 2 1 1 1439 611 2023
3782 2 2 1 1 1561 1060 2303
3783 2 2 1 1 1061 1562 2304
3784 2 2 1 1 332 1512 1938
3785 2 2 1 1 784 1767 2031
3786 2 2 1 1 1766 783 2032
3787 2 2 1 1 785 1997 2386
3788 2 2 1 1 1998 786 2387
3789 2 2 1 1 876 1947 2076
3790 2 2 1 1 1721 894 2203
3791 2 2 1 1 712 1430 2149
3792 2 2 1 1 1431 713 2150
3793 2 2 1 1 1430 268 2149
3794 2 2 1 1 269 1431 2150
3795 2 2 1 1 191 192 2831
3796 2 2 1 1 151 152 2830
3797 2 2 1 1 2002 700 2878
3798 2 2 1 1 701 2001 2879
3799 2 2 1 1 1767 406 2031
3800 2 2 1 1 405 1766 2032
3801 2 2 1 1 507 1450 2434
3802 2 2 1 1 1451 508 2435
3803 2 2 1 1 1675 738 1945
3804 2 2 1 1 739 1676 1946
3805 2 2 1 1 898 1327 2885
3806 2 2 1 1 1328 899 2886
3807 2 2 1 1 2138 720 2234
3808 2 2 1 1 721 2139 2235
3809 2 2 1 1 1033 2138 2234
3810 2 2 1 1 2139 1034 2235
3811 2 2 1 1 1361 747 2302
3812 2 2 1 1 1947 259 2076
3813 2 2 1 1 1422 813 2053
3814 2 2 1 1 2319 380 2510
3815 2 2 1 1 1685 1276 2684
3816 2 2 1 1 1277 1686 2685
3817 2 2 1 1 1464 254 2699
3818 2 2 1 1 255 1465 2700
3819 2 2 1 1 836 1712 2173
3820 2 2 1 1 1712 314 1823
3821 2 2 1 1 869 1464 2699
3822 2 2 1 1 1465 870 2700
3823 2 2 1 1 2079 697 2222
3824 2 2 1 1 698 2080 2223
3825 2 2 1 1 524 1484 2007
3826 2 2 1 1 1677 809 2292
3827 2 2 1 1 1746 951 2703
3828 2 2 1 1 229 1908 2502
3829 2 2 1 1 1352 716 2563
3830 2 2 1 1 931 1390 2171
3831 2 2 1 1 1753 239 2528
3832 2 2 1 1 1095 1335 2719
3833 2 2 1 1 763 1344 2665
3834 2 2 1 1 1414 332 2279
3835 2 2 1 1 370 1620 2742
3836 2 2 1 1 1621 371 2743
3837 2 2 1 1 733 1413 2415
3838 2 2 1 1 1734 560 2594
3839 2 2 1 1 561 1735 2595
3840 2 2 1 1 2325 768 2767
3841 2 2 1 1 769 2326 2768
3842 2 2 1 1 2144 959 2762
3843 2 2 1 1 1213 2107 2806
3844 2 2 1 1 2106 1212 2807
3845 2 2 1 1 2325 439 2339
3846 2 2 1 1 440 2326 2338
3847 2 2 1 1 462 1344 2186
3848 2 2 1 1 2107 223 2806
3849 2 2 1 1 224 2106 2807
3850 2 2 1 1 851 1455 2855
3851 2 2 1 1 1454 850 2854
3852 2 2 1 1 813 2328 2783
3853 2 2 1 1 1369 233 2178
3854 2 2 1 1 234 1370 2179
3855 2 2 1 1 1484 681 2007
3856 2 2 1 1 1430 712 2288
3857 2 2 1 1 713 1431 2289
3858 2 2 1 1 1369 848 2842
3859 2 2 1 1 537 1369 2842
3860 2 2 1 1 2368 1508 2718
3861 2 2 1 1 1509 2367 2717
3862 2 2 1 1 960 1962 2295
3863 2 2 1 1 1963 961 2296
3864 2 2 1 1 922 2011 2146
3865 2 2 1 1 2010 923 2145
3866 2 2 1 1 346 1416 2222
3867 2 2 1 1 1417 347 2223
3868 2 2 1 1 779 1488 2297
3869 2 2 1 1 751 1519 2180
3870 2 2 1 1 1520 752 2181
3871 2 2 1 1 1070 1425 2231
3872 2 2 1 1 802 1756 2128
3873 2 2 1 1 1757 803 2129
3874 2 2 1 1 1519 339 2180
3875 2 2 1 1 340 1520 2181
3876 2 2 1 1 1116 2325 2339
3877 2 2 1 1 2326 1117 2338
3878 2 2 1 1 1908 1043 2502
3879 2 2 1 1 491 1359 2697
3880 2 2 1 1 1360 492 2698
3881 2 2 1 1 1355 468 2730
3882 2 2 1 1 469 1356 2731
3883 2 2 1 1 2011 331 2146
3884 2 2 1 1 330 2010 2145
3885 2 2 1 1 1661 262 1904
3886 2 2 1 1 263 1662 1905
3887 2 2 1 1 1554 571 2202
3888 2 2 1 1 2423 1078 2810
3889 2 2 1 1 2490 816 2622
3890 2 2 1 1 817 2491 2623
3891 2 2 1 1 1634 262 2153
3892 2 2 1 1 263 1635 2154
3893 2 2 1 1 1756 237 2128
3894 2 2 1 1 238 1757 2129
3895 2 2 1 1 150 151 2014
3896 2 2 1 1 192 193 2013
3897 2 2 1 1 1331 1902 2458
3898 2 2 1 1 1903 1332 2457
3899 2 2 1 1 1354 465 2403
3900 2 2 1 1 1555 1149 2815
3901 2 2 1 1 1148 1556 2814
3902 2 2 1 1 1370 538 2851
3903 2 2 1 1 988 1655 1886
3904 2 2 1 1 1656 989 1887
3905 2 2 1 1 1607 610 2506
3906 2 2 1 1 376 2253 2475
3907 2 2 1 1 2252 375 2476
3908 2 2 1 1 478 1348 2580
3909 2 2 1 1 1349 479 2581
3910 2 2 1 1 1548 663 2012
3911 2 2 1 1 1962 408 2295
3912 2 2 1 1 409 1963 2296
3913 2 2 1 1 1401 834 2730
3914 2 2 1 1 835 1402 2731
3915 2 2 1 1 1366 447 2775
3916 2 2 1 1 1348 343 2639
3917 2 2 1 1 344 1349 2640
3918 2 2 1 1 1357 653 2691
3919 2 2 1 1 654 1358 2692
3920 2 2 1 1 772 2164 2295
3921 2 2 1 1 2165 773 2296
3922 2 2 1 1 879 2371 2852
3923 2 2 1 1 468 1401 2730
3924 2 2 1 1 1402 469 2731
3925 2 2 1 1 734 1616 2025
3926 2 2 1 1 1617 735 2026
3927 2 2 1 1 374 1352 2563
3928 2 2 1 1 1616 254 2025
3929 2 2 1 1 255 1617 2026
3930 2 2 1 1 1480 513 2792
3931 2 2 1 1 514 1481 2793
3932 2 2 1 1 664 1693 1991
3933 2 2 1 1 1502 1103 2156
3934 2 2 1 1 1104 1503 2157
3935 2 2 1 1 273 1502 2156
3936 2 2 1 1 1503 274 2157
3937 2 2 1 1 1693 1086 1991
3938 2 2 1 1 1690 126 2558
3939 2 2 1 1 16 1689 2557
3940 2 2 1 1 1166 2270 2876
3941 2 2 1 1 2271 1167 2877
3942 2 2 1 1 829 1366 2775
3943 2 2 1 1 2324 827 2513
3944 2 2 1 1 826 2323 2512
3945 2 2 1 1 1350 920 2596
3946 2 2 1 1 921 1351 2597
3947 2 2 1 1 295 1375 2763
3948 2 2 1 1 1376 296 2764
3949 2 2 1 1 699 1406 2875
3950 2 2 1 1 2132 1023 2672
3951 2 2 1 1 1024 2133 2673
3952 2 2 1 1 557 1362 2385
3953 2 2 1 1 212 1761 2863
3954 2 2 1 1 222 1405 2187
3955 2 2 1 1 447 1366 2459
3956 2 2 1 1 1392 501 2631
3957 2 2 1 1 502 1393 2632
3958 2 2 1 1 247 1450 2136
3959 2 2 1 1 1451 246 2137
3960 2 2 1 1 533 1452 2485
3961 2 2 1 1 1453 534 2486
3962 2 2 1 1 1663 317 2626
3963 2 2 1 1 318 1664 2627
3964 2 2 1 1 1452 804 2485
3965 2 2 1 1 805 1453 2486
3966 2 2 1 1 891 1830 1853
3967 2 2 1 1 1364 284 2479
3968 2 2 1 1 285 1365 2480
3969 2 2 1 1 609 1613 2511
3970 2 2 1 1 512 1485 2407
3971 2 2 1 1 1753 657 2738
3972 2 2 1 1 928 1663 2626
3973 2 2 1 1 1664 929 2627
3974 2 2 1 1 622 1655 2372
3975 2 2 1 1 1656 623 2373
3976 2 2 1 1 379 1576 2053
3977 2 2 1 1 848 1369 2670
3978 2 2 1 1 1922 467 2755
3979 2 2 1 1 466 1923 2785
3980 2 2 1 1 1499 747 2177
3981 2 2 1 1 1344 462 2665
3982 2 2 1 1 1366 829 2729
3983 2 2 1 1 1379 550 2804
3984 2 2 1 1 551 1380 2805
3985 2 2 1 1 2601 947 2695
3986 2 2 1 1 948 2602 2696
3987 2 2 1 1 1524 22 2008
3988 2 2 1 1 120 1523 2009
3989 2 2 1 1 1385 466 2852
3990 2 2 1 1 958 1753 2528
3991 2 2 1 1 1724 672 1873
3992 2 2 1 1 722 1397 2884
3993 2 2 1 1 1398 723 2883
3994 2 2 1 1 572 1589 2503
3995 2 2 1 1 1590 573 2504
3996 2 2 1 1 146 147 2050
3997 2 2 1 1 196 197 2049
3998 2 2 1 1 1736 949 2612
3999 2 2 1 1 950 1737 2613
4000 2 2 1 1 385 1736 2612
4001 2 2 1 1 1737 386 2613
4002 2 2 1 1 73 74 2739
4003 2 2 1 1 414 1571 2102
4004 2 2 1 1 312 1554 2322
4005 2 2 1 1 1350 337 2174
4006 2 2 1 1 1830 891 2327
4007 2 2 1 1 43 44 2687
4008 2 2 1 1 98 99 2686
4009 2 2 1 1 1392 379 2783
4010 2 2 1 1 1784 286 1846
4011 2 2 1 1 287 1785 1847
4012 2 2 1 1 2561 464 2889
4013 2 2 1 1 463 2562 2890
4014 2 2 1 1 751 1661 1904
4015 2 2 1 1 1662 752 1905
4016 2 2 1 1 1450 247 2130
4017 2 2 1 1 246 1451 2131
4018 2 2 1 1 2398 775 2481
4019 2 2 1 1 1468 686 2075
4020 2 2 1 1 1377 644 2645
4021 2 2 1 1 645 1378 2646
4022 2 2 1 1 2393 673 2849
4023 2 2 1 1 674 2394 2850
4024 2 2 1 1 75 76 2004
4025 2 2 1 1 620 1618 2604
4026 2 2 1 1 1619 621 2605
4027 2 2 1 1 1450 675 2136
4028 2 2 1 1 676 1451 2137
4029 2 2 1 1 473 1397 2706
4030 2 2 1 1 1398 472 2707
4031 2 2 1 1 937 1383 2409
4032 2 2 1 1 1384 938 2410
4033 2 2 1 1 734 2025 2062
4034 2 2 1 1 2026 735 2063
4035 2 2 1 1 221 1830 2327
4036 2 2 1 1 1387 239 2738
4037 2 2 1 1 1506 572 2503
4038 2 2 1 1 573 1507 2504
4039 2 2 1 1 67 1499 2177
4040 2 2 1 1 1396 657 2853
4041 2 2 1 1 1996 660 2467
4042 2 2 1 1 1514 512 2407
4043 2 2 1 1 1381 862 2546
4044 2 2 1 1 863 1382 2547
4045 2 2 1 1 242 1469 2119
4046 2 2 1 1 1470 243 2120
4047 2 2 1 1 233 1369 2417
4048 2 2 1 1 1370 234 2418
4049 2 2 1 1 493 1548 2012
4050 2 2 1 1 2074 387 2241
4051 2 2 1 1 1405 779 2297
4052 2 2 1 1 1255 2293 2736
4053 2 2 1 1 2294 1256 2737
4054 2 2 1 1 2096 1025 2682
4055 2 2 1 1 1026 2097 2683
4056 2 2 1 1 1469 695 2119
4057 2 2 1 1 696 1470 2120
4058 2 2 1 1 2293 905 2736
4059 2 2 1 1 906 2294 2737
4060 2 2 1 1 1397 328 2884
4061 2 2 1 1 329 1398 2883
4062 2 2 1 1 2448 867 2464
4063 2 2 1 1 868 2447 2465
4064 2 2 1 1 693 1805 2019
4065 2 2 1 1 1806 694 2020
4066 2 2 1 1 808 2219 2647
4067 2 2 1 1 1949 670 2055
4068 2 2 1 1 671 1950 2056
4069 2 2 1 1 571 1645 2202
4070 2 2 1 1 380 1393 2510
4071 2 2 1 1 1500 495 2055
4072 2 2 1 1 496 1501 2056
4073 2 2 1 1 401 2027 2548
4074 2 2 1 1 2028 402 2549
4075 2 2 1 1 664 1991 2440
4076 2 2 1 1 1297 2561 2889
4077 2 2 1 1 2562 1298 2890
4078 2 2 1 1 1490 352 2110
4079 2 2 1 1 353 1491 2111
4080 2 2 1 1 1962 1418 2678
4081 2 2 1 1 1419 1963 2679
4082 2 2 1 1 266 1759 1874
4083 2 2 1 1 93 94 2029
4084 2 2 1 1 48 49 2030
4085 2 2 1 1 630 1608 1982
4086 2 2 1 1 1655 260 2372
4087 2 2 1 1 261 1656 2373
4088 2 2 1 1 202 203 2291
4089 2 2 1 1 140 141 2290
4090 2 2 1 1 1406 476 2875
4091 2 2 1 1 706 1490 2110
4092 2 2 1 1 1491 707 2111
4093 2 2 1 1 1549 471 2113
4094 2 2 1 1 932 1803 2862
4095 2 2 1 1 50 51 2040
4096 2 2 1 1 91 92 2041
4097 2 2 1 1 1793 251 2116
4098 2 2 1 1 2213 326 2546
4099 2 2 1 1 327 2214 2547
4100 2 2 1 1 2762 1051 2816
4101 2 2 1 1 1475 217 2629
4102 2 2 1 1 218 1476 2630
4103 2 2 1 1 400 1692 2054
4104 2 2 1 1 1584 983 2064
4105 2 2 1 1 984 1585 2065
4106 2 2 1 1 1100 1549 2113
4107 2 2 1 1 923 1695 1960
4108 2 2 1 1 1696 922 1961
4109 2 2 1 1 1695 499 1960
4110 2 2 1 1 500 1696 1961
4111 2 2 1 1 16 17 2590
4112 2 2 1 1 125 126 2589
4113 2 2 1 1 1564 202 2291
4114 2 2 1 1 141 1563 2290
4115 2 2 1 1 704 1444 2206
4116 2 2 1 1 1445 705 2207
4117 2 2 1 1 1614 755 2162
4118 2 2 1 1 756 1615 2163
4119 2 2 1 1 1904 841 2123
4120 2 2 1 1 842 1905 2124
4121 2 2 1 1 215 1614 2162
4122 2 2 1 1 1615 216 2163
4123 2 2 1 1 1394 482 2514
4124 2 2 1 1 483 1395 2515
4125 2 2 1 1 472 1398 2493
4126 2 2 1 1 1397 473 2492
4127 2 2 1 1 1399 268 2650
4128 2 2 1 1 269 1400 2651
4129 2 2 1 1 501 1460 2631
4130 2 2 1 1 1461 502 2632
4131 2 2 1 1 1762 960 2164
4132 2 2 1 1 961 1763 2165
4133 2 2 1 1 1027 2027 2424
4134 2 2 1 1 2028 1028 2425
4135 2 2 1 1 1830 640 1853
4136 2 2 1 1 1031 2018 2659
4137 2 2 1 1 468 1407 2431
4138 2 2 1 1 1408 469 2432
4139 2 2 1 1 2027 401 2424
4140 2 2 1 1 402 2028 2425
4141 2 2 1 1 2270 454 2876
4142 2 2 1 1 455 2271 2877
4143 2 2 1 1 798 1399 2650
4144 2 2 1 1 1400 799 2651
4145 2 2 1 1 1397 722 2706
4146 2 2 1 1 723 1398 2707
4147 2 2 1 1 350 1413 2489
4148 2 2 1 1 626 1458 2213
4149 2 2 1 1 1459 627 2214
4150 2 2 1 1 1497 1143 2791
4151 2 2 1 1 1142 1498 2790
4152 2 2 1 1 1868 926 2401
4153 2 2 1 1 927 1869 2402
4154 2 2 1 1 390 1868 2401
4155 2 2 1 1 1869 391 2402
4156 2 2 1 1 1535 346 2222
4157 2 2 1 1 347 1536 2223
4158 2 2 1 1 1415 475 2635
4159 2 2 1 1 1724 403 2416
4160 2 2 1 1 1399 482 2585
4161 2 2 1 1 483 1400 2586
4162 2 2 1 1 2000 1032 2660
4163 2 2 1 1 1403 360 2498
4164 2 2 1 1 361 1404 2499
4165 2 2 1 1 834 2107 2580
4166 2 2 1 1 2106 835 2581
4167 2 2 1 1 687 2072 2397
4168 2 2 1 1 1868 390 2015
4169 2 2 1 1 391 1869 2016
4170 2 2 1 1 790 1868 2015
4171 2 2 1 1 1869 791 2016
4172 2 2 1 1 1607 719 2076
4173 2 2 1 1 2200 394 2293
4174 2 2 1 1 395 2201 2294
4175 2 2 1 1 175 176 2092
4176 2 2 1 1 167 168 2091
4177 2 2 1 1 1484 311 2856
4178 2 2 1 1 1136 2448 2464
4179 2 2 1 1 2447 1137 2465
4180 2 2 1 1 889 1875 2311
4181 2 2 1 1 1876 890 2312
4182 2 2 1 1 1918 785 2060
4183 2 2 1 1 786 1919 2061
4184 2 2 1 1 1527 693 2273
4185 2 2 1 1 694 1528 2274
4186 2 2 1 1 1749 381 2816
4187 2 2 1 1 1238 1659 2804
4188 2 2 1 1 1660 1239 2805
4189 2 2 1 1 259 1607 2076
4190 2 2 1 1 1545 663 2345
4191 2 2 1 1 364 1936 2191
4192 2 2 1 1 1937 365 2192
4193 2 2 1 1 1413 733 2489
4194 2 2 1 1 1818 622 2372
4195 2 2 1 1 623 1819 2373
4196 2 2 1 1 1405 222 2587
4197 2 2 1 1 779 1405 2587
4198 2 2 1 1 1875 419 2311
4199 2 2 1 1 420 1876 2312
4200 2 2 1 1 1684 871 2739
4201 2 2 1 1 511 1487 2199
4202 2 2 1 1 244 1473 2224
4203 2 2 1 1 1474 245 2225
4204 2 2 1 1 133 4 2677
4205 2 2 1 1 1 9 2676
4206 2 2 1 1 1565 220 2591
4207 2 2 1 1 717 1485 2217
4208 2 2 1 1 680 1671 2430
4209 2 2 1 1 1813 367 2427
4210 2 2 1 1 366 1812 2426
4211 2 2 1 1 221 1981 2681
4212 2 2 1 1 634 1423 2531
4213 2 2 1 1 1424 635 2532
4214 2 2 1 1 1598 196 2049
4215 2 2 1 1 147 1597 2050
4216 2 2 1 1 1487 719 2199
4217 2 2 1 1 1485 512 2217
4218 2 2 1 1 1600 423 2389
4219 2 2 1 1 424 1601 2390
4220 2 2 1 1 1511 415 2518
4221 2 2 1 1 852 1565 2591
4222 2 2 1 1 806 1600 2389
4223 2 2 1 1 1601 807 2390
4224 2 2 1 1 657 2021 2738
4225 2 2 1 1 723 2014 2830
4226 2 2 1 1 2013 722 2831
4227 2 2 1 1 663 1548 2345
4228 2 2 1 1 2233 810 2488
4229 2 2 1 1 392 1839 2881
4230 2 2 1 1 1840 393 2882
4231 2 2 1 1 963 1942 2811
4232 2 2 1 1 1780 293 2618
4233 2 2 1 1 294 1781 2619
4234 2 2 1 1 4 134 2677
4235 2 2 1 1 209 1 2676
4236 2 2 1 1 884 2007 2017
4237 2 2 1 1 1418 256 2678
4238 2 2 1 1 257 1419 2679
4239 2 2 1 1 793 1519 2200
4240 2 2 1 1 1520 794 2201
4241 2 2 1 1 240 1460 2636
4242 2 2 1 1 543 1432 2541
4243 2 2 1 1 1433 544 2542
4244 2 2 1 1 920 1636 2583
4245 2 2 1 1 1637 921 2584
4246 2 2 1 1 693 1747 1997
4247 2 2 1 1 1748 694 1998
4248 2 2 1 1 314 1603 2524
4249 2 2 1 1 1432 766 2541
4250 2 2 1 1 767 1433 2542
4251 2 2 1 1 2090 221 2327
4252 2 2 1 1 1782 811 2421
4253 2 2 1 1 812 1783 2422
4254 2 2 1 1 798 1430 2859
4255 2 2 1 1 1431 799 2860
4256 2 2 1 1 1515 334 2516
4257 2 2 1 1 335 1516 2517
4258 2 2 1 1 643 1566 2226
4259 2 2 1 1 718 1772 2052
4260 2 2 1 1 2007 681 2017
4261 2 2 1 1 1948 725 2570
4262 2 2 1 1 1772 1071 2052
4263 2 2 1 1 2088 394 2537
4264 2 2 1 1 395 2089 2538
4265 2 2 1 1 847 1462 2331
4266 2 2 1 1 726 1471 2579
4267 2 2 1 1 1472 727 2578
4268 2 2 1 1 268 1430 2650
4269 2 2 1 1 1431 269 2651
4270 2 2 1 1 1446 1073 2819
4271 2 2 1 1 1074 1447 2820
4272 2 2 1 1 1080 2088 2537
4273 2 2 1 1 2089 1081 2538
4274 2 2 1 1 1719 415 2240
4275 2 2 1 1 165 1434 2873
4276 2 2 1 1 1435 178 2874
4277 2 2 1 1 1684 75 2004
4278 2 2 1 1 1430 798 2650
4279 2 2 1 1 799 1431 2651
4280 2 2 1 1 3 103 2701
4281 2 2 1 1 39 2 2702
4282 2 2 1 1 102 3 2701
4283 2 2 1 1 2 40 2702
4284 2 2 1 1 1666 959 2144
4285 2 2 1 1 1725 43 2687
4286 2 2 1 1 99 1726 2686
4287 2 2 1 1 717 1613 2112
4288 2 2 1 1 1379 1828 2648
4289 2 2 1 1 1829 1380 2649
4290 2 2 1 1 997 1985 2471
4291 2 2 1 1 1986 998 2472
4292 2 2 1 1 1985 398 2471
4293 2 2 1 1 399 1986 2472
4294 2 2 1 1 1837 661 1917
4295 2 2 1 1 1977 974 2857
4296 2 2 1 1 66 67 2177
4297 2 2 1 1 1929 902 2182
4298 2 2 1 1 903 1930 2183
4299 2 2 1 1 312 1550 2203
4300 2 2 1 1 1613 258 2112
4301 2 2 1 1 502 1461 2398
4302 2 2 1 1 789 1929 2182
4303 2 2 1 1 1930 788 2183
4304 2 2 1 1 1444 736 2535
4305 2 2 1 1 737 1445 2536
4306 2 2 1 1 792 1719 2240
4307 2 2 1 1 790 1629 2084
4308 2 2 1 1 1630 791 2085
4309 2 2 1 1 810 1549 2598
4310 2 2 1 1 977 1710 2514
4311 2 2 1 1 1711 978 2515
4312 2 2 1 1 697 1535 2222
4313 2 2 1 1 1536 698 2223
4314 2 2 1 1 1788 828 2158
4315 2 2 1 1 113 114 2617
4316 2 2 1 1 28 29 2616
4317 2 2 1 1 99 100 2748
4318 2 2 1 1 42 43 2747
4319 2 2 1 1 388 1605 2512
4320 2 2 1 1 1606 389 2513
4321 2 2 1 1 2018 425 2659
4322 2 2 1 1 426 2000 2660
4323 2 2 1 1 537 1666 2144
4324 2 2 1 1 1079 2411 2412
4325 2 2 1 1 1605 826 2512
4326 2 2 1 1 827 1606 2513
4327 2 2 1 1 1714 362 2024
4328 2 2 1 1 515 1446 2490
4329 2 2 1 1 1447 516 2491
4330 2 2 1 1 1513 333 2284
4331 2 2 1 1 1515 617 2266
4332 2 2 1 1 616 1516 2267
4333 2 2 1 1 370 2742 2767
4334 2 2 1 1 2743 371 2768
4335 2 2 1 1 376 1901 2377
4336 2 2 1 1 1900 375 2376
4337 2 2 1 1 2509 1363 2775
4338 2 2 1 1 658 1554 2202
4339 2 2 1 1 1689 16 2590
4340 2 2 1 1 126 1690 2589
4341 2 2 1 1 447 2509 2775
4342 2 2 1 1 368 1933 2134
4343 2 2 1 1 1934 369 2135
4344 2 2 1 1 1820 732 2108
4345 2 2 1 1 1668 161 2066
4346 2 2 1 1 182 1667 2067
4347 2 2 1 1 1933 832 2134
4348 2 2 1 1 833 1934 2135
4349 2 2 1 1 680 1831 2262
4350 2 2 1 1 1086 1820 2108
4351 2 2 1 1 348 1527 2273
4352 2 2 1 1 1528 349 2274
4353 2 2 1 1 1800 73 2739
4354 2 2 1 1 1647 827 2658
4355 2 2 1 1 826 1646 2657
4356 2 2 1 1 198 199 2330
4357 2 2 1 1 144 145 2329
4358 2 2 1 1 1849 1446 2819
4359 2 2 1 1 1447 1850 2820
4360 2 2 1 1 1811 818 1982
4361 2 2 1 1 880 1729 2728
4362 2 2 1 1 691 2178 2736
4363 2 2 1 1 2179 692 2737
4364 2 2 1 1 2759 872 2792
4365 2 2 1 1 873 2760 2793
4366 2 2 1 1 475 1803 2635
4367 2 2 1 1 2147 1021 2357
4368 2 2 1 1 1022 2148 2358
4369 2 2 1 1 781 2147 2357
4370 2 2 1 1 2148 782 2358
4371 2 2 1 1 1692 680 2054
4372 2 2 1 1 1992 1025 2096
4373 2 2 1 1 1026 1993 2097
4374 2 2 1 1 728 1715 2042
4375 2 2 1 1 1716 729 2043
4376 2 2 1 1 1810 976 2188
4377 2 2 1 1 1803 932 2635
4378 2 2 1 1 1194 2348 2893
4379 2 2 1 1 2349 1195 2894
4380 2 2 1 1 1517 839 2726
4381 2 2 1 1 840 1518 2727
4382 2 2 1 1 867 1541 2893
4383 2 2 1 1 1542 868 2894
4384 2 2 1 1 215 1517 2726
4385 2 2 1 1 1518 216 2727
4386 2 2 1 1 2346 437 2769
4387 2 2 1 1 438 2347 2770
4388 2 2 1 1 564 1454 2854
4389 2 2 1 1 1455 565 2855
4390 2 2 1 1 720 1448 2693
4391 2 2 1 1 1449 721 2694
4392 2 2 1 1 2123 394 2200
4393 2 2 1 1 395 2124 2201
4394 2 2 1 1 1460 706 2631
4395 2 2 1 1 707 1461 2632
4396 2 2 1 1 1559 702 2435
4397 2 2 1 1 703 1560 2434
4398 2 2 1 1 636 1770 2734
4399 2 2 1 1 1771 637 2735
4400 2 2 1 1 1582 130 2175
4401 2 2 1 1 12 1583 2176
4402 2 2 1 1 1566 1044 2226
4403 2 2 1 1 1591 853 2437
4404 2 2 1 1 854 1592 2436
4405 2 2 1 1 46 1591 2437
4406 2 2 1 1 1592 96 2436
4407 2 2 1 1 432 2096 2682
4408 2 2 1 1 2097 433 2683
4409 2 2 1 1 951 2109 2600
4410 2 2 1 1 41 1497 2791
4411 2 2 1 1 1498 101 2790
4412 2 2 1 1 219 1514 2711
4413 2 2 1 1 1587 36 2193
4414 2 2 1 1 106 1588 2194
4415 2 2 1 1 1608 1971 2599
4416 2 2 1 1 1581 686 2403
4417 2 2 1 1 1805 693 1997
4418 2 2 1 1 694 1806 1998
4419 2 2 1 1 356 1479 2554
4420 2 2 1 1 1896 886 2476
4421 2 2 1 1 887 1897 2475
4422 2 2 1 1 878 2352 2382
4423 2 2 1 1 2351 877 2381
4424 2 2 1 1 1477 212 2863
4425 2 2 1 1 1514 829 2711
4426 2 2 1 1 688 1600 2191
4427 2 2 1 1 1601 689 2192
4428 2 2 1 1 1268 1551 2569
4429 2 2 1 1 1978 659 2331
4430 2 2 1 1 1972 1599 2588
4431 2 2 1 1 1023 1939 2672
4432 2 2 1 1 1940 1024 2673
4433 2 2 1 1 761 1489 2543
4434 2 2 1 1 855 1475 2428
4435 2 2 1 1 1476 856 2429
4436 2 2 1 1 2529 804 2890
4437 2 2 1 1 805 2530 2889
4438 2 2 1 1 1939 383 2672
4439 2 2 1 1 384 1940 2673
4440 2 2 1 1 419 1770 2311
4441 2 2 1 1 1771 420 2312
4442 2 2 1 1 457 2441 2713
4443 2 2 1 1 2442 458 2714
4444 2 2 1 1 280 2601 2609
4445 2 2 1 1 2602 281 2610
4446 2 2 1 1 995 1741 2266
4447 2 2 1 1 1742 996 2267
4448 2 2 1 1 2441 1270 2713
4449 2 2 1 1 1271 2442 2714
4450 2 2 1 1 2601 1315 2609
4451 2 2 1 1 1316 2602 2610
4452 2 2 1 1 1618 697 2604
4453 2 2 1 1 698 1619 2605
4454 2 2 1 1 1473 862 2637
4455 2 2 1 1 863 1474 2638
4456 2 2 1 1 1943 857 2025
4457 2 2 1 1 858 1944 2026
4458 2 2 1 1 1805 383 2019
4459 2 2 1 1 384 1806 2020
4460 2 2 1 1 876 1865 2023
4461 2 2 1 1 233 1643 2160
4462 2 2 1 1 1644 234 2161
4463 2 2 1 1 368 1561 2303
4464 2 2 1 1 1562 369 2304
4465 2 2 1 1 1471 275 2579
4466 2 2 1 1 276 1472 2578
4467 2 2 1 1 829 1514 2407
4468 2 2 1 1 406 1767 2879
4469 2 2 1 1 1766 405 2878
4470 2 2 1 1 1866 658 2003
4471 2 2 1 1 1479 759 2554
4472 2 2 1 1 1461 241 2823
4473 2 2 1 1 1707 246 2334
4474 2 2 1 1 247 1706 2333
4475 2 2 1 1 275 1471 2657
4476 2 2 1 1 1472 276 2658
4477 2 2 1 1 1487 511 2550
4478 2 2 1 1 1489 357 2543
4479 2 2 1 1 513 1469 2792
4480 2 2 1 1 1470 514 2793
4481 2 2 1 1 2078 824 2268
4482 2 2 1 1 823 2077 2269
4483 2 2 1 1 925 2078 2268
4484 2 2 1 1 2077 924 2269
4485 2 2 1 1 1870 443 2184
4486 2 2 1 1 444 1871 2185
4487 2 2 1 1 1554 658 2322
4488 2 2 1 1 2188 407 2858
4489 2 2 1 1 2411 429 2412
4490 2 2 1 1 931 2171 2611
4491 2 2 1 1 1183 2188 2858
4492 2 2 1 1 1102 1866 2003
4493 2 2 1 1 153 154 2439
4494 2 2 1 1 189 190 2438
4495 2 2 1 1 814 1870 2184
4496 2 2 1 1 1871 815 2185
4497 2 2 1 1 1992 280 2609
4498 2 2 1 1 281 1993 2610
4499 2 2 1 1 89 90 2367
4500 2 2 1 1 52 53 2368
4501 2 2 1 1 1124 2720 2728
4502 2 2 1 1 85 86 2371
4503 2 2 1 1 1025 1992 2609
4504 2 2 1 1 1993 1026 2610
4505 2 2 1 1 659 1834 2331
4506 2 2 1 1 2366 1124 2728
4507 2 2 1 1 363 1487 2708
4508 2 2 1 1 1547 153 2439
4509 2 2 1 1 190 1546 2438
4510 2 2 1 1 2128 977 2342
4511 2 2 1 1 978 2129 2343
4512 2 2 1 1 1584 638 2286
4513 2 2 1 1 639 1585 2287
4514 2 2 1 1 1596 206 2280
4515 2 2 1 1 137 1595 2281
4516 2 2 1 1 1694 580 2719
4517 2 2 1 1 802 2128 2342
4518 2 2 1 1 2129 803 2343
4519 2 2 1 1 1072 2069 2680
4520 2 2 1 1 574 1521 2451
4521 2 2 1 1 1522 575 2452
4522 2 2 1 1 352 1490 2887
4523 2 2 1 1 1491 353 2888
4524 2 2 1 1 1574 1181 2469
4525 2 2 1 1 1182 1575 2470
4526 2 2 1 1 1721 643 2226
4527 2 2 1 1 1724 733 2415
4528 2 2 1 1 910 2881 2900
4529 2 2 1 1 2882 911 2899
4530 2 2 1 1 217 1715 2629
4531 2 2 1 1 1716 218 2630
4532 2 2 1 1 2069 448 2680
4533 2 2 1 1 419 1875 2399
4534 2 2 1 1 1876 420 2400
4535 2 2 1 1 1834 847 2331
4536 2 2 1 1 56 57 2408
4537 2 2 1 1 338 1496 2481
4538 2 2 1 1 1492 914 2800
4539 2 2 1 1 915 1493 2801
4540 2 2 1 1 745 1669 2236
4541 2 2 1 1 1670 746 2237
4542 2 2 1 1 2491 817 2540
4543 2 2 1 1 816 2490 2539
4544 2 2 1 1 714 1515 2516
4545 2 2 1 1 1516 715 2517
4546 2 2 1 1 339 1675 2180
4547 2 2 1 1 1676 340 2181
4548 2 2 1 1 753 2098 2494
4549 2 2 1 1 2099 754 2495
4550 2 2 1 1 142 1955 2621
4551 2 2 1 1 1954 201 2620
4552 2 2 1 1 511 1565 2550
4553 2 2 1 1 1824 1373 2386
4554 2 2 1 1 1374 1825 2387
4555 2 2 1 1 1794 585 2256
4556 2 2 1 1 586 1795 2257
4557 2 2 1 1 96 97 2436
4558 2 2 1 1 45 46 2437
4559 2 2 1 1 1858 942 2688
4560 2 2 1 1 2284 866 2353
4561 2 2 1 1 7 1636 2336
4562 2 2 1 1 1637 6 2337
4563 2 2 1 1 847 1834 2047
4564 2 2 1 1 1546 918 2438
4565 2 2 1 1 919 1547 2439
4566 2 2 1 1 919 2364 2549
4567 2 2 1 1 2365 918 2548
4568 2 2 1 1 1796 286 2654
4569 2 2 1 1 287 1797 2655
4570 2 2 1 1 1565 852 2550
4571 2 2 1 1 2364 1141 2549
4572 2 2 1 1 1140 2365 2548
4573 2 2 1 1 2132 757 2654
4574 2 2 1 1 758 2133 2655
4575 2 2 1 1 453 1953 2833
4576 2 2 1 1 942 1510 2688
4577 2 2 1 1 888 1586 2319
4578 2 2 1 1 1508 526 2718
4579 2 2 1 1 525 1509 2717
4580 2 2 1 1 930 2380 2505
4581 2 2 1 1 824 2507 2714
4582 2 2 1 1 2508 823 2713
4583 2 2 1 1 2507 1271 2714
4584 2 2 1 1 1270 2508 2713
4585 2 2 1 1 135 1552 2782
4586 2 2 1 1 1553 208 2781
4587 2 2 1 1 2057 1120 2486
4588 2 2 1 1 1119 2058 2485
4589 2 2 1 1 1776 552 2576
4590 2 2 1 1 553 1777 2577
4591 2 2 1 1 1692 400 2173
4592 2 2 1 1 278 1504 2802
4593 2 2 1 1 1505 279 2803
4594 2 2 1 1 764 1694 2285
4595 2 2 1 1 2077 823 2508
4596 2 2 1 1 824 2078 2507
4597 2 2 1 1 1694 249 2285
4598 2 2 1 1 1604 336 2555
4599 2 2 1 1 1669 377 2236
4600 2 2 1 1 378 1670 2237
4601 2 2 1 1 1541 867 2617
4602 2 2 1 1 868 1542 2616
4603 2 2 1 1 114 1541 2617
4604 2 2 1 1 1542 28 2616
4605 2 2 1 1 1552 1132 2782
4606 2 2 1 1 1131 1553 2781
4607 2 2 1 1 607 1583 2900
4608 2 2 1 1 1582 608 2899
4609 2 2 1 1 1517 567 2844
4610 2 2 1 1 568 1518 2845
4611 2 2 1 1 903 1718 2824
4612 2 2 1 1 1717 902 2825
4613 2 2 1 1 178 8 2874
4614 2 2 1 1 5 165 2873
4615 2 2 1 1 1688 525 2717
4616 2 2 1 1 526 1687 2718
4617 2 2 1 1 2054 680 2262
4618 2 2 1 1 354 1533 2622
4619 2 2 1 1 1534 355 2623
4620 2 2 1 1 883 1688 2717
4621 2 2 1 1 1687 882 2718
4622 2 2 1 1 1643 889 2311
4623 2 2 1 1 890 1644 2312
4624 2 2 1 1 659 1858 2688
4625 2 2 1 1 2063 430 2142
4626 2 2 1 1 431 2062 2143
4627 2 2 1 1 138 139 2544
4628 2 2 1 1 204 205 2545
4629 2 2 1 1 2062 857 2143
4630 2 2 1 1 858 2063 2142
4631 2 2 1 1 1895 770 2492
4632 2 2 1 1 771 1894 2493
4633 2 2 1 1 2123 841 2537
4634 2 2 1 1 842 2124 2538
4635 2 2 1 1 20 21 2774
4636 2 2 1 1 121 122 2773
4637 2 2 1 1 552 1620 2661
4638 2 2 1 1 1621 553 2662
4639 2 2 1 1 1529 1166 2876
4640 2 2 1 1 1167 1530 2877
4641 2 2 1 1 1620 935 2661
4642 2 2 1 1 936 1621 2662
4643 2 2 1 1 2088 905 2293
4644 2 2 1 1 906 2089 2294
4645 2 2 1 1 1718 542 2824
4646 2 2 1 1 541 1717 2825
4647 2 2 1 1 1726 99 2748
4648 2 2 1 1 43 1725 2747
4649 2 2 1 1 305 1762 2164
4650 2 2 1 1 1763 306 2165
4651 2 2 1 1 1551 477 2569
4652 2 2 1 1 1597 541 2825
4653 2 2 1 1 542 1598 2824
4654 2 2 1 1 712 1663 2288
4655 2 2 1 1 1664 713 2289
4656 2 2 1 1 2118 878 2382
4657 2 2 1 1 877 2117 2381
4658 2 2 1 1 1537 358 2891
4659 2 2 1 1 359 1538 2892
4660 2 2 1 1 749 1701 2305
4661 2 2 1 1 1702 750 2306
4662 2 2 1 1 494 2366 2728
4663 2 2 1 1 1599 907 2588
4664 2 2 1 1 398 1985 2464
4665 2 2 1 1 1986 399 2465
4666 2 2 1 1 908 1608 2599
4667 2 2 1 1 394 2088 2293
4668 2 2 1 1 2089 395 2294
4669 2 2 1 1 1021 2147 2512
4670 2 2 1 1 2148 1022 2513
4671 2 2 1 1 183 184 2704
4672 2 2 1 1 159 160 2705
4673 2 2 1 1 254 1943 2025
4674 2 2 1 1 1944 255 2026
4675 2 2 1 1 1971 1080 2413
4676 2 2 1 1 1081 1972 2414
4677 2 2 1 1 509 1561 2840
4678 2 2 1 1 1562 510 2841
4679 2 2 1 1 1646 275 2657
4680 2 2 1 1 276 1647 2658
4681 2 2 1 1 1902 650 2458
4682 2 2 1 1 651 1903 2457
4683 2 2 1 1 132 133 2765
4684 2 2 1 1 9 10 2766
4685 2 2 1 1 13 14 2740
4686 2 2 1 1 128 129 2741
4687 2 2 1 1 382 2582 2757
4688 2 2 1 1 107 108 2749
4689 2 2 1 1 34 35 2750
4690 2 2 1 1 164 5 2873
4691 2 2 1 1 8 179 2874
4692 2 2 1 1 1673 622 2614
4693 2 2 1 1 623 1674 2615
4694 2 2 1 1 1578 547 2527
4695 2 2 1 1 1586 251 2488
4696 2 2 1 1 38 39 2789
4697 2 2 1 1 101 102 2790
4698 2 2 1 1 40 41 2791
4699 2 2 1 1 103 104 2788
4700 2 2 1 1 1816 734 2204
4701 2 2 1 1 735 1817 2205
4702 2 2 1 1 425 1971 2413
4703 2 2 1 1 1972 426 2414
4704 2 2 1 1 63 1624 2406
4705 2 2 1 1 845 1673 2614
4706 2 2 1 1 1674 846 2615
4707 2 2 1 1 1715 217 2535
4708 2 2 1 1 218 1716 2536
4709 2 2 1 1 208 209 2781
4710 2 2 1 1 134 135 2782
4711 2 2 1 1 922 2001 2011
4712 2 2 1 1 2002 923 2010
4713 2 2 1 1 819 1563 2621
4714 2 2 1 1 1564 820 2620
4715 2 2 1 1 920 2082 2596
4716 2 2 1 1 2083 921 2597
4717 2 2 1 1 700 2002 2010
4718 2 2 1 1 2001 701 2011
4719 2 2 1 1 163 164 2901
4720 2 2 1 1 179 180 2902
4721 2 2 1 1 762 1636 2656
4722 2 2 1 1 2582 1312 2757
4723 2 2 1 1 757 1918 2060
4724 2 2 1 1 1919 758 2061
4725 2 2 1 1 716 1885 2090
4726 2 2 1 1 2359 1098 2500
4727 2 2 1 1 1099 2360 2501
4728 2 2 1 1 1563 819 2732
4729 2 2 1 1 820 1564 2733
4730 2 2 1 1 1831 345 2262
4731 2 2 1 1 1770 419 2359
4732 2 2 1 1 420 1771 2360
4733 2 2 1 1 1602 765 2758
4734 2 2 1 1 558 1563 2732
4735 2 2 1 1 1564 559 2733
4736 2 2 1 1 1363 2711 2775
4737 2 2 1 1 877 1962 2678
4738 2 2 1 1 1963 878 2679
4739 2 2 1 1 452 2073 2356
4740 2 2 1 1 1569 509 2840
4741 2 2 1 1 510 1570 2841
4742 2 2 1 1 870 2087 2472
4743 2 2 1 1 2086 869 2471
4744 2 2 1 1 800 2359 2500
4745 2 2 1 1 2360 801 2501
4746 2 2 1 1 605 1701 2648
4747 2 2 1 1 1702 606 2649
4748 2 2 1 1 1589 665 2503
4749 2 2 1 1 666 1590 2504
4750 2 2 1 1 1701 396 2305
4751 2 2 1 1 397 1702 2306
4752 2 2 1 1 719 1607 2506
4753 2 2 1 1 1740 830 2643
4754 2 2 1 1 831 1739 2644
4755 2 2 1 1 2711 829 2775
4756 2 2 1 1 317 2114 2626
4757 2 2 1 1 2115 318 2627
4758 2 2 1 1 1613 717 2511
4759 2 2 1 1 419 2399 2709
4760 2 2 1 1 2400 420 2710
4761 2 2 1 1 1450 2130 2434
4762 2 2 1 1 2131 1451 2435
4763 2 2 1 1 264 2035 2494
4764 2 2 1 1 2036 265 2495
4765 2 2 1 1 849 2669 2851
4766 2 2 1 1 2114 1048 2626
4767 2 2 1 1 1049 2115 2627
4768 2 2 1 1 2073 931 2356
4769 2 2 1 1 744 2105 2127
4770 2 2 1 1 2669 1370 2851
4771 2 2 1 1 800 1770 2359
4772 2 2 1 1 1771 801 2360
4773 2 2 1 1 753 1837 2391
4774 2 2 1 1 1838 754 2392
4775 2 2 1 1 1628 79 2482
4776 2 2 1 1 977 2128 2663
4777 2 2 1 1 2129 978 2664
4778 2 2 1 1 866 1691 2353
4779 2 2 1 1 2105 909 2127
4780 2 2 1 1 1603 690 2524
4781 2 2 1 1 2059 1128 2761
4782 2 2 1 1 912 1569 2840
4783 2 2 1 1 1570 913 2841
4784 2 2 1 1 751 1904 2123
4785 2 2 1 1 1905 752 2124
4786 2 2 1 1 552 1605 2576
4787 2 2 1 1 1606 553 2577
4788 2 2 1 1 2033 417 2378
4789 2 2 1 1 418 2034 2379
4790 2 2 1 1 1933 368 2303
4791 2 2 1 1 369 1934 2304
4792 2 2 1 1 556 1640 2487
4793 2 2 1 1 1906 352 2887
4794 2 2 1 1 353 1907 2888
4795 2 2 1 1 1593 569 2663
4796 2 2 1 1 570 1594 2664
4797 2 2 1 1 375 1653 2476
4798 2 2 1 1 1654 376 2475
4799 2 2 1 1 1602 230 2600
4800 2 2 1 1 900 2033 2378
4801 2 2 1 1 2034 901 2379
4802 2 2 1 1 1627 762 2656
4803 2 2 1 1 652 1872 2158
4804 2 2 1 1 837 1933 2303
4805 2 2 1 1 1934 838 2304
4806 2 2 1 1 765 2109 2505
4807 2 2 1 1 1931 814 2574
4808 2 2 1 1 815 1932 2575
4809 2 2 1 1 372 1826 2817
4810 2 2 1 1 1827 373 2818
4811 2 2 1 1 1625 1131 2766
4812 2 2 1 1 1132 1626 2765
4813 2 2 1 1 1835 881 2258
4814 2 2 1 1 1826 940 2817
4815 2 2 1 1 941 1827 2818
4816 2 2 1 1 1671 239 2430
4817 2 2 1 1 1831 1124 2366
4818 2 2 1 1 1684 648 2798
4819 2 2 1 1 871 1684 2798
4820 2 2 1 1 1017 1906 2887
4821 2 2 1 1 1907 1018 2888
4822 2 2 1 1 894 1721 2880
4823 2 2 1 1 602 1714 2861
4824 2 2 1 1 10 1625 2766
4825 2 2 1 1 1626 132 2765
4826 2 2 1 1 2095 1265 2468
4827 2 2 1 1 1714 895 2861
4828 2 2 1 1 547 1657 2527
4829 2 2 1 1 1761 212 2525
4830 2 2 1 1 1079 2336 2411
4831 2 2 1 1 2337 1079 2412
4832 2 2 1 1 254 1616 2699
4833 2 2 1 1 1617 255 2700
4834 2 2 1 1 809 1677 2433
4835 2 2 1 1 1994 1021 2323
4836 2 2 1 1 1022 1995 2324
4837 2 2 1 1 2720 880 2728
4838 2 2 1 1 499 1994 2323
4839 2 2 1 1 1995 500 2324
4840 2 2 1 1 678 1992 2096
4841 2 2 1 1 1993 679 2097
4842 2 2 1 1 1721 416 2880
4843 2 2 1 1 1631 1142 2788
4844 2 2 1 1 1143 1632 2789
4845 2 2 1 1 104 1631 2788
4846 2 2 1 1 1632 38 2789
4847 2 2 1 1 1657 776 2527
4848 2 2 1 1 1075 1786 2479
4849 2 2 1 1 1787 1076 2480
4850 2 2 1 1 1636 762 2336
4851 2 2 1 1 763 1637 2337
4852 2 2 1 1 2240 415 2254
4853 2 2 1 1 828 1761 2525
4854 2 2 1 1 2298 432 2682
4855 2 2 1 1 433 2299 2683
4856 2 2 1 1 2374 268 2449
4857 2 2 1 1 269 2375 2450
4858 2 2 1 1 975 1835 2258
4859 2 2 1 1 441 2381 2559
4860 2 2 1 1 2382 442 2560
4861 2 2 1 1 439 1798 2339
4862 2 2 1 1 1799 440 2338
4863 2 2 1 1 403 1724 2415
4864 2 2 1 1 1108 2038 2421
4865 2 2 1 1 2039 1109 2422
4866 2 2 1 1 1927 765 2380
4867 2 2 1 1 672 1724 2416
4868 2 2 1 1 780 1678 2487
4869 2 2 1 1 624 1685 2469
4870 2 2 1 1 1686 625 2470
4871 2 2 1 1 1918 757 2672
4872 2 2 1 1 758 1919 2673
4873 2 2 1 1 1430 2288 2859
4874 2 2 1 1 2289 1431 2860
4875 2 2 1 1 2103 370 2767
4876 2 2 1 1 371 2104 2768
4877 2 2 1 1 1678 556 2487
4878 2 2 1 1 939 2240 2254
4879 2 2 1 1 1671 649 2528
4880 2 2 1 1 2171 271 2611
4881 2 2 1 1 1646 552 2661
4882 2 2 1 1 553 1647 2662
4883 2 2 1 1 1665 884 2551
4884 2 2 1 1 764 1984 2866
4885 2 2 1 1 736 1715 2535
4886 2 2 1 1 1716 737 2536
4887 2 2 1 1 795 1854 2668
4888 2 2 1 1 881 2170 2258
4889 2 2 1 1 767 1799 2338
4890 2 2 1 1 1798 766 2339
4891 2 2 1 1 1875 684 2399
4892 2 2 1 1 685 1876 2400
4893 2 2 1 1 2244 796 2313
4894 2 2 1 1 797 2245 2314
4895 2 2 1 1 952 2244 2313
4896 2 2 1 1 2245 953 2314
4897 2 2 1 1 1799 1264 2772
4898 2 2 1 1 1263 1798 2771
4899 2 2 1 1 557 1719 2468
4900 2 2 1 1 1828 605 2648
4901 2 2 1 1 606 1829 2649
4902 2 2 1 1 435 2059 2761
4903 2 2 1 1 1884 760 2219
4904 2 2 1 1 2190 900 2198
4905 2 2 1 1 901 2189 2197
4906 2 2 1 1 2195 1114 2786
4907 2 2 1 1 1115 2196 2787
4908 2 2 1 1 1798 1075 2771
4909 2 2 1 1 1076 1799 2772
4910 2 2 1 1 2742 1091 2767
4911 2 2 1 1 1092 2743 2768
4912 2 2 1 1 776 1759 2556
4913 2 2 1 1 675 2195 2786
4914 2 2 1 1 2196 676 2787
4915 2 2 1 1 1849 926 2808
4916 2 2 1 1 927 1850 2809
4917 2 2 1 1 770 2190 2198
4918 2 2 1 1 2189 771 2197
4919 2 2 1 1 227 1849 2808
4920 2 2 1 1 1850 228 2809
4921 2 2 1 1 1719 792 2468
4922 2 2 1 1 682 1911 2370
4923 2 2 1 1 1912 683 2369
4924 2 2 1 1 1814 892 2776
4925 2 2 1 1 893 1815 2777
4926 2 2 1 1 968 2227 2395
4927 2 2 1 1 2228 969 2396
4928 2 2 1 1 1033 2234 2612
4929 2 2 1 1 2235 1034 2613
4930 2 2 1 1 962 2046 2416
4931 2 2 1 1 377 1814 2776
4932 2 2 1 1 1815 378 2777
4933 2 2 1 1 2184 443 2624
4934 2 2 1 1 444 2185 2625
4935 2 2 1 1 360 1743 2498
4936 2 2 1 1 1744 361 2499
4937 2 2 1 1 777 1754 2745
4938 2 2 1 1 1755 778 2746
4939 2 2 1 1 2227 850 2395
4940 2 2 1 1 851 2228 2396
4941 2 2 1 1 1878 240 2636
4942 2 2 1 1 1046 2184 2624
4943 2 2 1 1 2185 1047 2625
4944 2 2 1 1 1743 802 2498
4945 2 2 1 1 803 1744 2499
4946 2 2 1 1 888 2319 2510
4947 2 2 1 1 1690 861 2589
4948 2 2 1 1 860 1689 2590
4949 2 2 1 1 1697 237 2572
4950 2 2 1 1 238 1698 2573
4951 2 2 1 1 225 2277 2445
4952 2 2 1 1 2278 226 2446
4953 2 2 1 1 2082 742 2596
4954 2 2 1 1 743 2083 2597
4955 2 2 1 1 882 2368 2718
4956 2 2 1 1 2367 883 2717
4957 2 2 1 1 2277 1015 2445
4958 2 2 1 1 1016 2278 2446
4959 2 2 1 1 2336 762 2411
4960 2 2 1 1 763 2337 2412
4961 2 2 1 1 558 2732 2826
4962 2 2 1 1 2733 559 2827
4963 2 2 1 1 2732 1322 2826
4964 2 2 1 1 1323 2733 2827
4965 2 2 1 1 2170 272 2258
4966 2 2 1 1 145 1929 2329
4967 2 2 1 1 1930 198 2330
4968 2 2 1 1 1657 547 2811
4969 2 2 1 1 477 2232 2569
4970 2 2 1 1 1672 1193 2784
4971 2 2 1 1 538 1713 2851
4972 2 2 1 1 993 1818 2372
4973 2 2 1 1 1819 994 2373
4974 2 2 1 1 1962 877 2455
4975 2 2 1 1 878 1963 2456
4976 2 2 1 1 1682 641 2666
4977 2 2 1 1 642 1683 2667
4978 2 2 1 1 222 1738 2587
4979 2 2 1 1 2046 672 2416
4980 2 2 1 1 2234 385 2612
4981 2 2 1 1 386 2235 2613
4982 2 2 1 1 408 1962 2455
4983 2 2 1 1 1963 409 2456
4984 2 2 1 1 2073 452 2388
4985 2 2 1 1 1701 749 2648
4986 2 2 1 1 750 1702 2649
4987 2 2 1 1 1739 600 2644
4988 2 2 1 1 601 1740 2643
4989 2 2 1 1 968 2395 2455
4990 2 2 1 1 2396 969 2456
4991 2 2 1 1 1904 262 2564
4992 2 2 1 1 263 1905 2565
4993 2 2 1 1 2232 1050 2569
4994 2 2 1 1 252 1824 2386
4995 2 2 1 1 1825 253 2387
4996 2 2 1 1 1922 726 2579
4997 2 2 1 1 727 1923 2578
4998 2 2 1 1 1715 728 2629
4999 2 2 1 1 729 1716 2630
5000 2 2 1 1 894 2073 2388
5001 2 2 1 1 809 2263 2680
5002 2 2 1 1 814 2184 2574
5003 2 2 1 1 2185 815 2575
5004 2 2 1 1 1637 763 2665
5005 2 2 1 1 350 2220 2391
5006 2 2 1 1 164 2873 2901
5007 2 2 1 1 2874 179 2902
5008 2 2 1 1 1809 652 2423
5009 2 2 1 1 2451 990 2693
5010 2 2 1 1 991 2452 2694
5011 2 2 1 1 1812 683 2426
5012 2 2 1 1 682 1813 2427
5013 2 2 1 1 1759 266 2556
5014 2 2 1 1 1837 350 2391
5015 2 2 1 1 351 1838 2392
5016 2 2 1 1 2220 954 2391
5017 2 2 1 1 2292 809 2680
5018 2 2 1 1 2873 1434 2901
5019 2 2 1 1 1435 2874 2902
5020 2 2 1 1 1666 537 2842
5021 2 2 1 1 1853 640 2723
5022 2 2 1 1 1997 252 2386
5023 2 2 1 1 253 1998 2387
5024 2 2 1 1 1854 528 2668
5025 2 2 1 1 2145 726 2755
5026 2 2 1 1 2074 687 2397
5027 2 2 1 1 1849 603 2864
5028 2 2 1 1 604 1850 2865
5029 2 2 1 1 957 1775 2518
5030 2 2 1 1 926 1849 2864
5031 2 2 1 1 1850 927 2865
5032 2 2 1 1 336 1872 2555
5033 2 2 1 1 727 2146 2785
5034 2 2 1 1 1879 775 2823
5035 2 2 1 1 2488 810 2606
5036 2 2 1 1 556 1678 2857
5037 2 2 1 1 691 1956 2670
5038 2 2 1 1 1957 692 2669
5039 2 2 1 1 891 2074 2397
5040 2 2 1 1 697 2079 2604
5041 2 2 1 1 2080 698 2605
5042 2 2 1 1 1725 937 2747
5043 2 2 1 1 938 1726 2748
5044 2 2 1 1 1171 2401 2864
5045 2 2 1 1 2402 1172 2865
5046 2 2 1 1 2401 926 2864
5047 2 2 1 1 927 2402 2865
5048 2 2 1 1 1087 1951 2666
5049 2 2 1 1 1952 1088 2667
5050 2 2 1 1 1955 1162 2341
5051 2 2 1 1 1163 1954 2340
5052 2 2 1 1 684 2035 2399
5053 2 2 1 1 2036 685 2400
5054 2 2 1 1 2413 1080 2537
5055 2 2 1 1 1081 2414 2538
5056 2 2 1 1 2147 781 2689
5057 2 2 1 1 782 2148 2690
5058 2 2 1 1 1782 491 2697
5059 2 2 1 1 492 1783 2698
5060 2 2 1 1 1191 2533 2759
5061 2 2 1 1 2534 1192 2760
5062 2 2 1 1 1929 789 2329
5063 2 2 1 1 788 1930 2330
5064 2 2 1 1 1017 1780 2618
5065 2 2 1 1 1781 1018 2619
5066 2 2 1 1 398 2086 2471
5067 2 2 1 1 2087 399 2472
5068 2 2 1 1 2533 872 2759
5069 2 2 1 1 873 2534 2760
5070 2 2 1 1 441 2351 2381
5071 2 2 1 1 2352 442 2382
5072 2 2 1 1 1965 450 2340
5073 2 2 1 1 449 1964 2341
5074 2 2 1 1 240 1878 2393
5075 2 2 1 1 1879 241 2394
5076 2 2 1 1 820 1965 2340
5077 2 2 1 1 1964 819 2341
5078 2 2 1 1 1730 377 2776
5079 2 2 1 1 378 1731 2777
5080 2 2 1 1 862 1859 2637
5081 2 2 1 1 1860 863 2638
5082 2 2 1 1 841 2413 2537
5083 2 2 1 1 2414 842 2538
5084 2 2 1 1 1859 688 2637
5085 2 2 1 1 689 1860 2638
5086 2 2 1 1 1841 355 2453
5087 2 2 1 1 354 1842 2454
5088 2 2 1 1 798 1870 2419
5089 2 2 1 1 1871 799 2420
5090 2 2 1 1 1754 605 2745
5091 2 2 1 1 606 1755 2746
5092 2 2 1 1 2000 426 2588
5093 2 2 1 1 907 2000 2588
5094 2 2 1 1 661 1749 2816
5095 2 2 1 1 358 1751 2724
5096 2 2 1 1 1752 359 2725
5097 2 2 1 1 2240 939 2272
5098 2 2 1 1 1713 849 2851
5099 2 2 1 1 792 2240 2272
5100 2 2 1 1 239 1753 2738
5101 2 2 1 1 640 1928 2723
5102 2 2 1 1 1138 1999 2712
5103 2 2 1 1 1954 820 2340
5104 2 2 1 1 819 1955 2341
5105 2 2 1 1 841 1904 2564
5106 2 2 1 1 1905 842 2565
5107 2 2 1 1 396 1851 2897
5108 2 2 1 1 1852 397 2898
5109 2 2 1 1 322 1927 2380
5110 2 2 1 1 1075 2479 2771
5111 2 2 1 1 2480 1076 2772
5112 2 2 1 1 1851 916 2897
5113 2 2 1 1 917 1852 2898
5114 2 2 1 1 1257 2270 2516
5115 2 2 1 1 2271 1258 2517
5116 2 2 1 1 811 1782 2697
5117 2 2 1 1 1783 812 2698
5118 2 2 1 1 2168 850 2227
5119 2 2 1 1 851 2169 2228
5120 2 2 1 1 1770 800 2734
5121 2 2 1 1 801 1771 2735
5122 2 2 1 1 2018 908 2599
5123 2 2 1 1 425 2018 2599
5124 2 2 1 1 2288 443 2859
5125 2 2 1 1 444 2289 2860
5126 2 2 1 1 319 2168 2227
5127 2 2 1 1 2169 320 2228
5128 2 2 1 1 904 2054 2262
5129 2 2 1 1 862 2213 2546
5130 2 2 1 1 2214 863 2547
5131 2 2 1 1 1101 2335 2568
5132 2 2 1 1 2130 703 2434
5133 2 2 1 1 702 2131 2435
5134 2 2 1 1 2270 714 2516
5135 2 2 1 1 715 2271 2517
5136 2 2 1 1 622 1818 2614
5137 2 2 1 1 1819 623 2615
5138 2 2 1 1 1870 798 2859
5139 2 2 1 1 799 1871 2860
5140 2 2 1 1 660 1877 2467
5141 2 2 1 1 871 1800 2739
5142 2 2 1 1 829 2407 2729
5143 2 2 1 1 548 1764 2869
5144 2 2 1 1 1765 549 2870
5145 2 2 1 1 1800 871 2780
5146 2 2 1 1 1768 392 2881
5147 2 2 1 1 393 1769 2882
5148 2 2 1 1 774 2048 2519
5149 2 2 1 1 2592 1098 2709
5150 2 2 1 1 1099 2593 2710
5151 2 2 1 1 928 2309 2624
5152 2 2 1 1 2310 929 2625
5153 2 2 1 1 2309 1046 2624
5154 2 2 1 1 1047 2310 2625
5155 2 2 1 1 1780 594 2846
5156 2 2 1 1 595 1781 2847
5157 2 2 1 1 2395 408 2455
5158 2 2 1 1 409 2396 2456
5159 2 2 1 1 2082 920 2583
5160 2 2 1 1 921 2083 2584
5161 2 2 1 1 180 1807 2902
5162 2 2 1 1 1808 163 2901
5163 2 2 1 1 1909 664 2440
5164 2 2 1 1 2242 520 2361
5165 2 2 1 1 521 2243 2362
5166 2 2 1 1 1778 396 2897
5167 2 2 1 1 397 1779 2898
5168 2 2 1 1 1913 463 2890
5169 2 2 1 1 464 1914 2889
5170 2 2 1 1 2178 691 2670
5171 2 2 1 1 692 2179 2669
5172 2 2 1 1 912 2242 2361
5173 2 2 1 1 2243 913 2362
5174 2 2 1 1 884 2017 2551
5175 2 2 1 1 2252 843 2376
5176 2 2 1 1 844 2253 2377
5177 2 2 1 1 1201 2238 2247
5178 2 2 1 1 2239 1202 2248
5179 2 2 1 1 1987 1289 2828
5180 2 2 1 1 1290 1988 2829
5181 2 2 1 1 612 1987 2828
5182 2 2 1 1 1988 613 2829
5183 2 2 1 1 212 1884 2628
5184 2 2 1 1 1830 221 2681
5185 2 2 1 1 2102 955 2675
5186 2 2 1 1 2017 266 2551
5187 2 2 1 1 410 1835 2647
5188 2 2 1 1 1884 808 2628
5189 2 2 1 1 414 2102 2675
5190 2 2 1 1 1872 787 2555
5191 2 2 1 1 1060 2149 2374
5192 2 2 1 1 2150 1061 2375
5193 2 2 1 1 217 2206 2535
5194 2 2 1 1 2207 218 2536
5195 2 2 1 1 2238 742 2247
5196 2 2 1 1 743 2239 2248
5197 2 2 1 1 2149 268 2374
5198 2 2 1 1 269 2150 2375
5199 2 2 1 1 765 1927 2758
5200 2 2 1 1 1011 2286 2572
5201 2 2 1 1 2287 1012 2573
5202 2 2 1 1 379 2053 2783
5203 2 2 1 1 821 1958 2449
5204 2 2 1 1 1959 822 2450
5205 2 2 1 1 810 2598 2606
5206 2 2 1 1 774 1878 2636
5207 2 2 1 1 1047 2185 2575
5208 2 2 1 1 2184 1046 2574
5209 2 2 1 1 2071 460 2836
5210 2 2 1 1 459 2070 2837
5211 2 2 1 1 981 2071 2836
5212 2 2 1 1 2070 982 2837
5213 2 2 1 1 2050 1597 2825
5214 2 2 1 1 1598 2049 2824
5215 2 2 1 1 830 1966 2477
5216 2 2 1 1 1967 831 2478
5217 2 2 1 1 990 2208 2693
5218 2 2 1 1 2209 991 2694
5219 2 2 1 1 1261 2460 2794
5220 2 2 1 1 2461 1262 2795
5221 2 2 1 1 2208 720 2693
5222 2 2 1 1 721 2209 2694
5223 2 2 1 1 1966 665 2477
5224 2 2 1 1 666 1967 2478
5225 2 2 1 1 2448 113 2617
5226 2 2 1 1 29 2447 2616
5227 2 2 1 1 2035 964 2399
5228 2 2 1 1 965 2036 2400
5229 2 2 1 1 2598 1217 2606
5230 2 2 1 1 881 1835 2895
5231 2 2 1 1 2356 931 2611
5232 2 2 1 1 2332 795 2668
5233 2 2 1 1 1835 410 2895
5234 2 2 1 1 789 2182 2867
5235 2 2 1 1 2183 788 2868
5236 2 2 1 1 1175 2384 2539
5237 2 2 1 1 2383 1176 2540
5238 2 2 1 1 860 2005 2441
5239 2 2 1 1 2006 861 2442
5240 2 2 1 1 2005 1270 2441
5241 2 2 1 1 1271 2006 2442
5242 2 2 1 1 964 2592 2709
5243 2 2 1 1 2593 965 2710
5244 2 2 1 1 2399 964 2709
5245 2 2 1 1 965 2400 2710
5246 2 2 1 1 2038 260 2421
5247 2 2 1 1 261 2039 2422
5248 2 2 1 1 1939 874 2821
5249 2 2 1 1 875 1940 2822
5250 2 2 1 1 742 2238 2596
5251 2 2 1 1 2239 743 2597
5252 2 2 1 1 2262 345 2570
5253 2 2 1 1 1933 837 2559
5254 2 2 1 1 838 1934 2560
5255 2 2 1 1 1985 997 2645
5256 2 2 1 1 998 1986 2646
5257 2 2 1 1 644 1985 2645
5258 2 2 1 1 1986 645 2646
5259 2 2 1 1 717 2217 2511
5260 2 2 1 1 1945 1087 2724
5261 2 2 1 1 1088 1946 2725
5262 2 2 1 1 2142 952 2454
5263 2 2 1 1 953 2143 2453
5264 2 2 1 1 2479 284 2771
5265 2 2 1 1 285 2480 2772
5266 2 2 1 1 1124 2430 2720
5267 2 2 1 1 394 2123 2537
5268 2 2 1 1 2124 395 2538
5269 2 2 1 1 213 1931 2574
5270 2 2 1 1 1932 214 2575
5271 2 2 1 1 1280 2474 2727
5272 2 2 1 1 2473 1279 2726
5273 2 2 1 1 241 1879 2823
5274 2 2 1 1 345 1948 2570
5275 2 2 1 1 2117 832 2381
5276 2 2 1 1 833 2118 2382
5277 2 2 1 1 2100 855 2428
5278 2 2 1 1 856 2101 2429
5279 2 2 1 1 603 1849 2819
5280 2 2 1 1 1850 604 2820
5281 2 2 1 1 820 1954 2620
5282 2 2 1 1 1955 819 2621
5283 2 2 1 1 837 1958 2559
5284 2 2 1 1 1959 838 2560
5285 2 2 1 1 2818 373 2868
5286 2 2 1 1 372 2817 2867
5287 2 2 1 1 1958 441 2559
5288 2 2 1 1 442 1959 2560
5289 2 2 1 1 2314 953 2453
5290 2 2 1 1 952 2313 2454
5291 2 2 1 1 355 2314 2453
5292 2 2 1 1 2313 354 2454
5293 2 2 1 1 2217 1082 2511
5294 2 2 1 1 608 1840 2899
5295 2 2 1 1 1839 607 2900
5296 2 2 1 1 2723 946 2832
5297 2 2 1 1 421 2100 2428
5298 2 2 1 1 2101 422 2429
5299 2 2 1 1 867 2348 2464
5300 2 2 1 1 2349 868 2465
5301 2 2 1 1 383 1918 2672
5302 2 2 1 1 1919 384 2673
5303 2 2 1 1 2308 789 2867
5304 2 2 1 1 788 2307 2868
5305 2 2 1 1 2199 719 2506
5306 2 2 1 1 2351 968 2455
5307 2 2 1 1 969 2352 2456
5308 2 2 1 1 1083 2199 2506
5309 2 2 1 1 673 1888 2849
5310 2 2 1 1 1889 674 2850
5311 2 2 1 1 476 2848 2875
5312 2 2 1 1 2848 1288 2875
5313 2 2 1 1 443 1870 2859
5314 2 2 1 1 1871 444 2860
5315 2 2 1 1 830 2477 2643
5316 2 2 1 1 2478 831 2644
5317 2 2 1 1 426 1972 2588
5318 2 2 1 1 2275 1103 2834
5319 2 2 1 1 1104 2276 2835
5320 2 2 1 1 2058 533 2485
5321 2 2 1 1 534 2057 2486
5322 2 2 1 1 1928 946 2723
5323 2 2 1 1 1971 425 2599
5324 2 2 1 1 726 1922 2755
5325 2 2 1 1 792 2095 2468
5326 2 2 1 1 482 2342 2514
5327 2 2 1 1 2343 483 2515
5328 2 2 1 1 2005 860 2590
5329 2 2 1 1 861 2006 2589
5330 2 2 1 1 1956 848 2670
5331 2 2 1 1 849 1957 2669
5332 2 2 1 1 17 2005 2590
5333 2 2 1 1 2006 125 2589
5334 2 2 1 1 2342 977 2514
5335 2 2 1 1 978 2343 2515
5336 2 2 1 1 2140 364 2834
5337 2 2 1 1 365 2141 2835
5338 2 2 1 1 933 2119 2721
5339 2 2 1 1 2120 934 2722
5340 2 2 1 1 2119 695 2721
5341 2 2 1 1 696 2120 2722
5342 2 2 1 1 1923 727 2785
5343 2 2 1 1 648 1899 2798
5344 2 2 1 1 869 2699 2869
5345 2 2 1 1 2700 870 2870
5346 2 2 1 1 375 2252 2376
5347 2 2 1 1 2253 376 2377
5348 2 2 1 1 383 1939 2821
5349 2 2 1 1 1940 384 2822
5350 2 2 1 1 1119 2529 2838
5351 2 2 1 1 2530 1120 2839
5352 2 2 1 1 2529 310 2838
5353 2 2 1 1 309 2530 2839
5354 2 2 1 1 1128 2603 2761
5355 2 2 1 1 2603 992 2761
5356 2 2 1 1 2098 264 2494
5357 2 2 1 1 265 2099 2495
5358 2 2 1 1 2109 404 2505
5359 2 2 1 1 172 2082 2583
5360 2 2 1 1 2083 171 2584
5361 2 2 1 1 2021 1387 2738
5362 2 2 1 1 790 2084 2552
5363 2 2 1 1 2085 791 2553
5364 2 2 1 1 804 1913 2890
5365 2 2 1 1 1914 805 2889
5366 2 2 1 1 2077 20 2774
5367 2 2 1 1 122 2078 2773
5368 2 2 1 1 1953 847 2833
5369 2 2 1 1 2595 1151 2872
5370 2 2 1 1 1150 2594 2871
5371 2 2 1 1 2459 1183 2799
5372 2 2 1 1 944 2595 2872
5373 2 2 1 1 2594 943 2871
5374 2 2 1 1 2125 388 2689
5375 2 2 1 1 389 2126 2690
5376 2 2 1 1 447 2459 2799
5377 2 2 1 1 2677 1132 2765
5378 2 2 1 1 1131 2676 2766
5379 2 2 1 1 775 2398 2823
5380 2 2 1 1 1999 434 2712
5381 2 2 1 1 2027 1027 2691
5382 2 2 1 1 1028 2028 2692
5383 2 2 1 1 2137 941 2787
5384 2 2 1 1 940 2136 2786
5385 2 2 1 1 2147 388 2512
5386 2 2 1 1 389 2148 2513
5387 2 2 1 1 676 2137 2787
5388 2 2 1 1 2136 675 2786
5389 2 2 1 1 904 2262 2570
5390 2 2 1 1 133 2677 2765
5391 2 2 1 1 2676 9 2766
5392 2 2 1 1 2701 1142 2790
5393 2 2 1 1 2702 1143 2789
5394 2 2 1 1 1142 2701 2788
5395 2 2 1 1 1143 2702 2791
5396 2 2 1 1 2701 103 2788
5397 2 2 1 1 102 2701 2790
5398 2 2 1 1 39 2702 2789
5399 2 2 1 1 2702 40 2791
5400 2 2 1 1 653 2027 2691
5401 2 2 1 1 2028 654 2692
5402 2 2 1 1 2093 691 2736
5403 2 2 1 1 692 2094 2737
5404 2 2 1 1 256 2117 2678
5405 2 2 1 1 2118 257 2679
5406 2 2 1 1 364 2275 2834
5407 2 2 1 1 2276 365 2835
5408 2 2 1 1 2445 1015 2462
5409 2 2 1 1 1016 2446 2463
5410 2 2 1 1 388 2147 2689
5411 2 2 1 1 2148 389 2690
5412 2 2 1 1 864 2445 2462
5413 2 2 1 1 2446 865 2463
5414 2 2 1 1 2079 1093 2604
5415 2 2 1 1 1094 2080 2605
5416 2 2 1 1 905 2093 2736
5417 2 2 1 1 2094 906 2737
5418 2 2 1 1 2272 939 2611
5419 2 2 1 1 690 2186 2524
5420 2 2 1 1 209 2676 2781
5421 2 2 1 1 2677 134 2782
5422 2 2 1 1 373 2183 2868
5423 2 2 1 1 2182 372 2867
5424 2 2 1 1 2186 1344 2524
5425 2 2 1 1 1984 410 2866
5426 2 2 1 1 2676 1131 2781
5427 2 2 1 1 1132 2677 2782
5428 2 2 1 1 918 2365 2438
5429 2 2 1 1 2364 919 2439
5430 2 2 1 1 410 1984 2895
5431 2 2 1 1 271 2272 2611
5432 2 2 1 1 1173 2140 2844
5433 2 2 1 1 2141 1174 2845
5434 2 2 1 1 2206 1444 2535
5435 2 2 1 1 1445 2207 2536
5436 2 2 1 1 2365 189 2438
5437 2 2 1 1 154 2364 2439
5438 2 2 1 1 1115 2818 2868
5439 2 2 1 1 2817 1114 2867
5440 2 2 1 1 2019 383 2821
5441 2 2 1 1 384 2020 2822
5442 2 2 1 1 192 2013 2831
5443 2 2 1 1 2014 151 2830
5444 2 2 1 1 2224 1473 2637
5445 2 2 1 1 1474 2225 2638
5446 2 2 1 1 454 2247 2876
5447 2 2 1 1 2248 455 2877
5448 2 2 1 1 286 2132 2654
5449 2 2 1 1 2133 287 2655
5450 2 2 1 1 1089 2125 2689
5451 2 2 1 1 2126 1090 2690
5452 2 2 1 1 877 2351 2455
5453 2 2 1 1 2352 878 2456
5454 2 2 1 1 2001 406 2879
5455 2 2 1 1 405 2002 2878
5456 2 2 1 1 2117 877 2678
5457 2 2 1 1 878 2118 2679
5458 2 2 1 1 2053 813 2783
5459 2 2 1 1 2502 1043 2744
5460 2 2 1 1 2348 398 2464
5461 2 2 1 1 399 2349 2465
5462 2 2 1 1 1369 2178 2670
5463 2 2 1 1 2179 1370 2669
5464 2 2 1 1 2049 903 2824
5465 2 2 1 1 902 2050 2825
5466 2 2 1 1 2078 925 2773
5467 2 2 1 1 924 2077 2774
5468 2 2 1 1 847 2047 2833
5469 2 2 1 1 2799 1183 2858
5470 2 2 1 1 909 2799 2858
5471 2 2 1 1 768 2103 2767
5472 2 2 1 1 2104 769 2768
5473 2 2 1 1 1096 2363 2703
5474 2 2 1 1 1098 2359 2709
5475 2 2 1 1 2360 1099 2710
5476 2 2 1 1 2427 898 2885
5477 2 2 1 1 899 2426 2886
5478 2 2 1 1 688 2224 2637
5479 2 2 1 1 2225 689 2638
5480 2 2 1 1 2526 1051 2762
5481 2 2 1 1 2219 410 2647
5482 2 2 1 1 453 2210 2784
5483 2 2 1 1 434 2344 2712
5484 2 2 1 1 2309 928 2633
5485 2 2 1 1 929 2310 2634
5486 2 2 1 1 2073 894 2880
5487 2 2 1 1 445 2309 2633
5488 2 2 1 1 2310 446 2634
5489 2 2 1 1 2384 816 2539
5490 2 2 1 1 817 2383 2540
5491 2 2 1 1 2335 825 2568
5492 2 2 1 1 1006 2520 2779
5493 2 2 1 1 2521 1005 2778
5494 2 2 1 1 2520 1065 2779
5495 2 2 1 1 1064 2521 2778
5496 2 2 1 1 2344 975 2712
5497 2 2 1 1 839 2140 2834
5498 2 2 1 1 2141 840 2835
5499 2 2 1 1 2263 1072 2680
5500 2 2 1 1 2127 909 2858
5501 2 2 1 1 407 2127 2858
5502 2 2 1 1 2626 1048 2633
5503 2 2 1 1 1049 2627 2634
5504 2 2 1 1 928 2626 2633
5505 2 2 1 1 2627 929 2634
5506 2 2 1 1 850 2168 2854
5507 2 2 1 1 2169 851 2855
5508 2 2 1 1 939 2356 2611
5509 2 2 1 1 946 2232 2843
5510 2 2 1 1 448 2292 2680
5511 2 2 1 1 2232 477 2843
5512 2 2 1 1 2317 981 2838
5513 2 2 1 1 982 2318 2839
5514 2 2 1 1 310 2317 2838
5515 2 2 1 1 2318 309 2839
5516 2 2 1 1 2320 278 2802
5517 2 2 1 1 279 2321 2803
5518 2 2 1 1 1138 2332 2668
5519 2 2 1 1 933 2721 2742
5520 2 2 1 1 2722 934 2743
5521 2 2 1 1 2721 1091 2742
5522 2 2 1 1 1092 2722 2743
5523 2 2 1 1 970 2320 2802
5524 2 2 1 1 2321 971 2803
5525 2 2 1 1 2462 1015 2769
5526 2 2 1 1 1016 2463 2770
5527 2 2 1 1 1115 2787 2818
5528 2 2 1 1 2786 1114 2817
5529 2 2 1 1 2787 941 2818
5530 2 2 1 1 940 2786 2817
5531 2 2 1 1 2525 212 2628
5532 2 2 1 1 437 2462 2769
5533 2 2 1 1 2463 438 2770
5534 2 2 1 1 2580 1348 2639
5535 2 2 1 1 1349 2581 2640
5536 2 2 1 1 2591 1291 2671
5537 2 2 1 1 2566 1033 2612
5538 2 2 1 1 1034 2567 2613
5539 2 2 1 1 2363 524 2703
5540 2 2 1 1 2359 419 2709
5541 2 2 1 1 420 2360 2710
5542 2 2 1 1 2447 868 2616
5543 2 2 1 1 867 2448 2617
5544 2 2 1 1 2607 1016 2770
5545 2 2 1 1 1015 2608 2769
5546 2 2 1 1 2477 1296 2643
5547 2 2 1 1 1295 2478 2644
5548 2 2 1 1 1059 2607 2770
5549 2 2 1 1 2608 1058 2769
5550 2 2 1 1 800 2443 2734
5551 2 2 1 1 2444 801 2735
5552 2 2 1 1 1285 2525 2628
5553 2 2 1 1 2430 239 2720
5554 2 2 1 1 949 2566 2612
5555 2 2 1 1 2567 950 2613
5556 2 2 1 1 2443 1133 2734
5557 2 2 1 1 1134 2444 2735
5558 2 2 1 1 1114 2308 2867
5559 2 2 1 1 2307 1115 2868
5560 2 2 1 1 834 2580 2639
5561 2 2 1 1 2581 835 2640
5562 2 2 1 1 839 2473 2726
5563 2 2 1 1 2474 840 2727
5564 2 2 1 1 2398 1461 2823
5565 2 2 1 1 1487 2550 2708
5566 2 2 1 1 2550 852 2708
5567 2 2 1 1 945 2502 2744
5568 2 2 1 1 852 2591 2671
5569 2 2 1 1 2348 867 2893
5570 2 2 1 1 868 2349 2894
5571 2 2 1 1 1152 2832 2843
5572 2 2 1 1 843 2393 2849
5573 2 2 1 1 2394 844 2850
5574 2 2 1 1 2832 946 2843
5575 2 2 1 1 2460 855 2794
5576 2 2 1 1 856 2461 2795
5577 2 2 1 1 983 2751 2753
5578 2 2 1 1 2752 984 2754
5579 2 2 1 1 2751 1073 2753
5580 2 2 1 1 1074 2752 2754
5581 2 2 1 1 959 2526 2762
5582 2 2 1 1 2724 1087 2891
5583 2 2 1 1 1088 2725 2892
5584 2 2 1 1 358 2724 2891
5585 2 2 1 1 2725 359 2892
5586 2 2 1 1 2426 683 2886
5587 2 2 1 1 682 2427 2885
5588 2 2 1 1 1120 2837 2839
5589 2 2 1 1 2836 1119 2838
5590 2 2 1 1 2837 982 2839
5591 2 2 1 1 981 2836 2838
5592 2 2 1 1 2862 1335 2896
5593 2 2 1 1 932 2862 2896
$EndElements
