$MeshFormat
2.2 0 8
$EndMeshFormat
$Nodes
1590
1 0 0 0
2 0.02 0 0
3 0.02 0.04 0
4 0 0.04 0
5 0.0008154697280810155 0 0
6 0.001553134758963458 0 0
7 0.002339248235735383 0 0
8 0.003104610446409672 0 0
9 0.00385845397435218 0 0
10 0.004653164374711719 0 0
11 0.005392585583364539 0 0
12 0.006182809451843532 0 0
13 0.006916422563265727 0 0
14 0.007709337876345442 0 0
15 0.008449524818965264 0 0
16 0.009240516387174037 0 0
17 0.01000035674739813 0 0
18 0.01075934806496729 0 0
19 0.01155161140953772 0 0
20 0.01228691121618129 0 0
21 0.01308659956817669 0 0
22 0.01382387900133216 0 0
23 0.01460638591779177 0 0
24 0.01535440147415885 0 0
25 0.01614008583888629 0 0
26 0.01689800886802006 0 0
27 0.01766036000167428 0 0
28 0.01844394147740101 0 0
29 0.01918261969536436 0 0
30 0.02 0.0007798657929251621 0
31 0.02 0.001564515285379526 0
32 0.02 0.002341645254189016 0
33 0.02 0.003127598820424633 0
34 0.02 0.003904774191970272 0
35 0.02 0.004692911459277004 0
36 0.02 0.005471593230663167 0
37 0.02 0.00626255496357953 0
38 0.02 0.007042113126775088 0
39 0.02 0.007836035730584497 0
40 0.02 0.008615333350885733 0
41 0.02 0.00941098121945769 0
42 0.02 0.01018836712418993 0
43 0.02 0.01098434760057986 0
44 0.02 0.011758349390399 0
45 0.02 0.01255417502329589 0
46 0.02 0.01332391414655641 0
47 0.02 0.01411996338018071 0
48 0.02 0.01488629440616823 0
49 0.02 0.01568204176731914 0
50 0.02 0.01644954836434477 0
51 0.02 0.01724498154599595 0
52 0.02 0.01801705030881138 0
53 0.02 0.01881187547823485 0
54 0.02 0.01958858825112322 0
55 0.02 0.02038294222912676 0
56 0.02 0.02116326798053788 0
57 0.02 0.02195609102981212 0
58 0.02 0.02273839961594752 0
59 0.02 0.02352822866184615 0
60 0.02 0.02431095725715088 0
61 0.02 0.0250968770167884 0
62 0.02 0.02587907025952753 0
63 0.02 0.02666158244440866 0
64 0.02 0.02744323264082001 0
65 0.02 0.02822330725049301 0
66 0.02 0.0290063868313708 0
67 0.02 0.0297863419441546 0
68 0.02 0.03057214938204968 0
69 0.02 0.03135314339032243 0
70 0.02 0.03214238705604419 0
71 0.02 0.03292377877496568 0
72 0.02 0.03371638189412539 0
73 0.02 0.03449693829838327 0
74 0.02 0.03529158338780046 0
75 0.02 0.0360695971852314 0
76 0.02 0.03686488936123103 0
77 0.02 0.03763895349875312 0
78 0.02 0.03843446234319709 0
79 0.02 0.03920385878423997 0
80 0.01921588760828244 0.04 0
81 0.01845356937919822 0.04 0
82 0.01768765109197601 0.04 0
83 0.01692306416825932 0.04 0
84 0.01615036430541406 0.04 0
85 0.01537476734128262 0.04 0
86 0.01460956059995955 0.04 0
87 0.01384365899476811 0.04 0
88 0.01308217482625341 0.04 0
89 0.01230022212022681 0.04 0
90 0.01153474671777303 0.04 0
91 0.01076513735782416 0.04 0
92 0.01000356307881615 0.04 0
93 0.009237349092879477 0.04 0
94 0.008458066310899071 0.04 0
95 0.007690296756105957 0.04 0
96 0.00692189771401993 0.04 0
97 0.006162907738582742 0.04 0
98 0.005387851182088144 0.04 0
99 0.004618626041474979 0.04 0
100 0.003843745182179354 0.04 0
101 0.003081656338102551 0.04 0
102 0.002319772027353326 0.04 0
103 0.001543388885827279 0.04 0
104 0.0007748557315044556 0.04 0
105 0 0.03921449569239277 0
106 0 0.0384300659718128 0
107 0 0.03764675023555344 0
108 0 0.03686452582692971 0
109 0 0.03608305806300125 0
110 0 0.03530190622957179 0
111 0 0.03452058012754776 0
112 0 0.03373862238985469 0
113 0 0.03295563789466353 0
114 0 0.03217153213889599 0
115 0 0.03138633383273033 0
116 0 0.03060016734671575 0
117 0 0.02981331047381362 0
118 0 0.02902611816628022 0
119 0 0.02823897860853695 0
120 0 0.02745227593513973 0
121 0 0.02666634892213975 0
122 0 0.02588144260204743 0
123 0 0.02509763930361494 0
124 0 0.02431496056681104 0
125 0 0.02353321475626208 0
126 0 0.02275198495775113 0
127 0 0.0219707955839874 0
128 0 0.02118916316757756 0
129 0 0.02040666118220334 0
130 0 0.01962304026196226 0
131 0 0.01883831209366596 0
132 0 0.01805253854940352 0
133 0 0.01726594111712681 0
134 0 0.01647884738338555 0
135 0 0.01569163690062073 0
136 0 0.01490469965152977 0
137 0 0.0141183988628398 0
138 0 0.01333302861741094 0
139 0 0.01254874241366744 0
140 0 0.01176557327609541 0
141 0 0.01098347153281942 0
142 0 0.01020207142313713 0
143 0 0.00942092490534583 0
144 0 0.008639540738328871 0
145 0 0.007857469738717579 0
146 0 0.0070743384265382 0
147 0 0.00629008921673492 0
148 0 0.005504753398044744 0
149 0 0.004718478501602674 0
150 0 0.003931556119216473 0
151 0 0.003144347876408465 0
152 0 0.002357244046184467 0
153 0 0.001570624600593859 0
154 0 0.0007848200914013295 0
155 0.01933633786378661 0.01450312889317447 0
156 0.01934754898519769 0.01058631584007916 0
157 0.01932643897531554 0.01839648478430106 0
158 0.00063429562489274 0.02237840203958456 0
159 0.01932443557117595 0.02783326994565651 0
160 0.0006521546955151405 0.0301295742979435 0
161 0.009540659979221161 0.0005915183648813049 0
162 0.0006582940638257383 0.02625366391128413 0
163 0.01931891694884053 0.0239121818540488 0
164 0.000762338519826454 0.01296360279006658 0
165 0.01041826294021985 0.03923861408266192 0
166 0.0006530102322021072 0.01674322311482813 0
167 0.0006765956336183248 0.009030232821837351 0
168 0.01934992728726903 0.03169210250924582 0
169 0.01268675539217899 0.0006376455153757725 0
170 0.007317618653234267 0.0393413349171569 0
171 0.01932997580830425 0.007377147953092548 0
172 0.006643744692468801 0.0006894808729728391 0
173 0.0006812602345756327 0.03335619612079788 0
174 0.01344710251092732 0.03934332182000173 0
175 0.0006541211830592732 0.005818731376863531 0
176 0.01518813851367843 0.000717830633021551 0
177 0.01932790465186137 0.03489409997711517 0
178 0.005038371876969915 0.03939726505642106 0
179 0.01931663199484092 0.02079126075774667 0
180 0.0006590761574770451 0.02006452786952026 0
181 0.01943080159261915 0.005037989973115031 0
182 0.004181034255621348 0.0006444834001624183 0
183 0.01576256582334834 0.03933406690607119 0
184 0.0006736536494634342 0.03569398365699317 0
185 0.0006770782419969722 0.003510255125062894 0
186 0.01729717644798382 0.0006301973844305281 0
187 0.002700714182727939 0.03934018883214638 0
188 0.01932964079274737 0.03725192142999208 0
189 0.01932730815393084 0.002751814034091173 0
190 0.008118078954655949 0.0006386920630170878 0
191 0.01933107863556701 0.01608911262625112 0
192 0.0193538249005713 0.01287144993703568 0
193 0.002823732958415376 0.000708290173001596 0
194 0.0111531133421628 0.0006401064999744521 0
195 0.01725415267072451 0.03929779073171549 0
196 0.01930230894671982 0.02936388235590833 0
197 0.01938228835359524 0.02627765904342417 0
198 0.0006902961449580438 0.03724049928856191 0
199 0.0006593235569036793 0.007468675746465588 0
200 0.0006527458833520128 0.02392402763081128 0
201 0.0006666460516441715 0.01057926669117108 0
202 0.0007477695548292491 0.01446072808398314 0
203 0.000700413439846061 0.02787906997447121 0
204 0.01930521302213277 0.02232765219590968 0
205 0.0006660944879926488 0.03180018641767714 0
206 0.01935161408129579 0.009052615749576234 0
207 0.01920363082413347 0.03330586635681732 0
208 0.0007994856195082719 0.01847937266788582 0
209 0.008800615733367144 0.03936529496744423 0
210 0.01189077298615973 0.03932911318102288 0
211 0.0006790075495769349 0.001972243271051641 0
212 0.01884598182250605 0.0006612628470955596 0
213 0.01939887633788953 0.03881920073081806 0
214 0.0007809309339474688 0.03878685001729117 0
215 0.001182653700073871 0.0005888564887412684 0
216 0.01345523928475443 0.000638502718800428 0
217 0.01308306920905802 0.001321736406869636 0
218 0.01229652518794449 0.001314964062965371 0
219 0.01268768980226223 0.002010550865708869 0
220 0.01188008491961332 0.00198704573698185 0
221 0.01227768267583591 0.002696319368068911 0
222 0.01146225226855675 0.002685168773767073 0
223 0.01184613178124378 0.003374446642261528 0
224 0.01103876093557012 0.003344994157318978 0
225 0.01141060591871785 0.004047408928354142 0
226 0.01060655950222542 0.00400199077521541 0
227 0.01099337314526786 0.004712032749563791 0
228 0.01017893245469358 0.004676342952212097 0
229 0.01058333688819052 0.005397823504986087 0
230 0.009752449972136354 0.005371249881065115 0
231 0.01015606580385607 0.006083110498665611 0
232 0.00934697482110226 0.006059345669732871 0
233 0.009747600400473115 0.006752111059722246 0
234 0.01054226755100678 0.006782419205848402 0
235 0.01012500490716028 0.007451226142120427 0
236 0.01090762469826409 0.007489992161650406 0
237 0.01050444377279462 0.00814332545102707 0
238 0.009731862509256143 0.008104729099127957 0
239 0.01008493925068911 0.008808856411570642 0
240 0.00926714990685704 0.00876839030270889 0
241 0.009641453968031972 0.009475567219157918 0
242 0.01043781052034829 0.009500152051881516 0
243 0.01002941812341344 0.01016883753916834 0
244 0.01082894791431317 0.01020723553030594 0
245 0.01041229973399131 0.01088585046845248 0
246 0.009217172243045533 0.01012778078142987 0
247 0.01121869013862895 0.01090121034702109 0
248 0.01078903260192621 0.01157205088493585 0
249 0.01157123179714566 0.01160983750149388 0
250 0.01116509721296933 0.01226900943865884 0
251 0.0103929277199508 0.01224224638071595 0
252 0.01075794721994738 0.01294646741443777 0
253 0.009938208628889276 0.01291552319458666 0
254 0.01032008478362308 0.01361266459831348 0
255 0.01111296045363645 0.01363269321665976 0
256 0.01070841688048616 0.0142932535191801 0
257 0.009906875427587034 0.01429269738480466 0
258 0.01031708680118353 0.01497149711598202 0
259 0.009524855728052659 0.01498681384000482 0
260 0.009937036496931352 0.01568866306614867 0
261 0.01147597396285912 0.01433247402696393 0
262 0.009143991603257328 0.01569299117165833 0
263 0.009539436443704873 0.01639898594902646 0
264 0.008751040252796407 0.0164161432944722 0
265 0.009163285741555461 0.01707842399608193 0
266 0.009933977839176081 0.01709261697611384 0
267 0.009569515383662677 0.01775908778318317 0
268 0.01033379493512179 0.01778480566088255 0
269 0.009930149364356508 0.01846407022783986 0
270 0.009170549369732035 0.01837531763293435 0
271 0.009525073995572543 0.01912487521038627 0
272 0.01031428084607644 0.0191681307533786 0
273 0.009921352045937987 0.01984169932220136 0
274 0.008983634784735498 0.01984976439808527 0
275 0.009508719974733357 0.02054300547858028 0
276 0.01032336848593753 0.02053152518678807 0
277 0.009943154288460409 0.02122213001693178 0
278 0.00916103245501327 0.02126459967878419 0
279 0.00958799198408347 0.02192282282341201 0
280 0.01073909643771725 0.02120474887358119 0
281 0.00880403125825009 0.02198303218902337 0
282 0.009231538331377201 0.02263495491526821 0
283 0.008394145012135781 0.02266011195244738 0
284 0.008856291967159686 0.02333729783968168 0
285 0.009665371543555689 0.023285128205836 0
286 0.009300631597539908 0.02400151302641809 0
287 0.01010390510046559 0.02394204066572719 0
288 0.009754504544071389 0.02465630715517772 0
289 0.01053609874949681 0.02459437525632205 0
290 0.01020949920987641 0.02531456268506858 0
291 0.009455273759589456 0.02539753821667026 0
292 0.009929190258146975 0.02606693340988472 0
293 0.01069428211797624 0.0259501906580125 0
294 0.01038854983186238 0.02667038579980222 0
295 0.009634099771940883 0.02686097164722589 0
296 0.0101190091995066 0.02746060991347441 0
297 0.009336973247631617 0.02762471351445709 0
298 0.009850406103070437 0.02821357977436868 0
299 0.0090819814019329 0.02839180385117947 0
300 0.009610732043166119 0.02898493519704782 0
301 0.01037139060633103 0.02878229241245511 0
302 0.01017183236526879 0.02954354575117502 0
303 0.009404723988487464 0.02975554387229701 0
304 0.009959172371219984 0.03032508884778558 0
305 0.009208277859022266 0.03054945619893457 0
306 0.01091621543940178 0.02933575035735482 0
307 0.008767520206773436 0.01499235255046262 0
308 0.009770892597876566 0.03110436404285375 0
309 0.009017567260273189 0.03134586396182029 0
310 0.01215668562172078 0.004065747136390348 0
311 0.008542989128552255 0.02781588555535062 0
312 0.008065875412402021 0.02337747937900561 0
313 0.008442047275702139 0.03079121961425974 0
314 0.008253290599993947 0.03158569224503942 0
315 0.01200861528888354 0.01095412438206187 0
316 0.009590542698804128 0.03190433060235558 0
317 0.0103528814881043 0.03167174538093391 0
318 0.007970169801054978 0.02202722668021713 0
319 0.007674732047699889 0.03103289646202994 0
320 0.007497782963070013 0.03181796600692578 0
321 0.01016359050678629 0.03246218690349231 0
322 0.01094944489657901 0.03222254423909622 0
323 0.01076028669599711 0.03299781253116187 0
324 0.01153019959408576 0.03278918756642597 0
325 0.01001508128127419 0.03324052576710151 0
326 0.00690916561996377 0.03127801654443586 0
327 0.006736591658565154 0.03207048259735741 0
328 0.008970902727971849 0.005359152439488942 0
329 0.008552237035400118 0.006046604914885885 0
330 0.008160767280653989 0.005335741254675855 0
331 0.007746223609600812 0.006014573594887043 0
332 0.007351944294575551 0.0053165730843097 0
333 0.006947219590498567 0.005996904668585351 0
334 0.006565633308056154 0.005299914067898388 0
335 0.006160191734712855 0.005975461918427807 0
336 0.0106183993099923 0.03377460435315963 0
337 0.009866963482784196 0.03402609809620416 0
338 0.006129676422938848 0.03152571258977833 0
339 0.005933888955765935 0.0323271144990918 0
340 0.005787262036332315 0.005271998407455234 0
341 0.006312657385169347 0.03075107703039952 0
342 0.01235690370010536 0.01168122441051687 0
343 0.01282794256556753 0.01103280969452297 0
344 0.01314721131371925 0.01176110514046951 0
345 0.0136182479424858 0.01110763626250288 0
346 0.01392048745967339 0.0118313107057249 0
347 0.01439346989261988 0.01119235877288195 0
348 0.01408243956028219 0.01047880414224494 0
349 0.0111721876544634 0.02657975243189727 0
350 0.005358958361633895 0.005962765766213761 0
351 0.005750377467424602 0.006651862882532873 0
352 0.01471896309938836 0.01188674960624455 0
353 0.005519473604057233 0.03099728803518169 0
354 0.005719198057376949 0.03021463010607487 0
355 0.01047238812462854 0.03456214581103334 0
356 0.009702753123748225 0.03481152889284126 0
357 0.01486511542655264 0.01057267843329577 0
358 0.01454749807579386 0.009843958637796689 0
359 0.004988373684084405 0.005259650833735797 0
360 0.006553358851547823 0.03285994806876098 0
361 0.005780057481258672 0.03311148684364024 0
362 0.006390607426539407 0.03365682768848335 0
363 0.005612915683134173 0.03388994595607664 0
364 0.006220594089955806 0.03444925348713219 0
365 0.005434378908094964 0.03469111106401886 0
366 0.004978831836631937 0.03333933886384216 0
367 0.004950133066490693 0.006652809796823414 0
368 0.005346570859841047 0.00733714377016919 0
369 0.006034467344579807 0.03523218584445481 0
370 0.005270284104335944 0.0354696351192708 0
371 0.01171222800296197 0.03201352768386953 0
372 0.01229211010021074 0.03258215102837138 0
373 0.01247112286308747 0.03179515161152279 0
374 0.01304649983078566 0.03234163397323828 0
375 0.01323334872835225 0.03156041747123998 0
376 0.0128835651262296 0.0331247358270749 0
377 0.01362029264927993 0.03288431284939473 0
378 0.01345456235481985 0.03366863247888648 0
379 0.01420376265274911 0.03340626518715797 0
380 0.01402879290870516 0.03420556564533062 0
381 0.01480168976918647 0.03393666395434315 0
382 0.01495208375972033 0.03314871691239925 0
383 0.01463461641865753 0.03471587916694534 0
384 0.01386530185769193 0.03499790550618196 0
385 0.004535918734748717 0.007324959129149222 0
386 0.004941571225802864 0.008014698044678942 0
387 0.004955340475306252 0.03046816219395848 0
388 0.005134321811970748 0.02966338882946253 0
389 0.01448278048374826 0.03552027042765664 0
390 0.01306455728003854 0.002696494122053375 0
391 0.0142403293115234 0.01255470411280391 0
392 0.01504627587557685 0.01264252025755964 0
393 0.0145818963005365 0.0132877618292966 0
394 0.01538036012407589 0.01339499104949237 0
395 0.01488995452206091 0.01402125264453376 0
396 0.01534059015329087 0.009946114753544188 0
397 0.01503174571545813 0.00921423963686031 0
398 0.0103173282751936 0.03533878776669042 0
399 0.009553177835279973 0.03559270314712417 0
400 0.01372478540404828 0.03578075697066367 0
401 0.01523817000700086 0.03524797941685895 0
402 0.006966423035693259 0.004626432011305536 0
403 0.005887113625869918 0.03606359846946388 0
404 0.004172698479708519 0.00800376213099266 0
405 0.004572725598272187 0.008707913726126953 0
406 0.005343729027073054 0.008671485107932765 0
407 0.004963317988536942 0.009359770237591623 0
408 0.004209808884903496 0.009405907922284334 0
409 0.004622139211399572 0.01006617196244144 0
410 0.005421429972403129 0.01004409682262945 0
411 0.005052697781496759 0.01074743639800897 0
412 0.0042548850065175 0.01077955630501828 0
413 0.004660207954833902 0.01148452820753342 0
414 0.005475730228835608 0.01145302766145027 0
415 0.005078386181985797 0.01218678668685258 0
416 0.005887812016917541 0.01216520862613388 0
417 0.005491462348414539 0.01286078087126143 0
418 0.004685940846393438 0.01291487615582472 0
419 0.005102593470501496 0.01359317887446483 0
420 0.01568897212860323 0.01413952717951753 0
421 0.01520530923200663 0.01476216738278031 0
422 0.004096053229544559 0.006617171123719765 0
423 0.01425931646654593 0.009110527739864925 0
424 0.01470010044780708 0.008465929523502403 0
425 0.01550866975457569 0.008573955992055838 0
426 0.01519270286882213 0.007831634953781426 0
427 0.01089603725413719 0.0238840118111348 0
428 0.01111646245161458 0.02052586982386134 0
429 0.01154363962723995 0.02118620700952484 0
430 0.01192669799351589 0.02049910528878369 0
431 0.01234645903912076 0.02117412427072972 0
432 0.01272288579659358 0.02046053877692257 0
433 0.01313426225724981 0.02114990794808748 0
434 0.01351060173477468 0.02043515976797368 0
435 0.01396180519346683 0.02112746198667023 0
436 0.0143251810263391 0.02039859766670931 0
437 0.01386838362343332 0.01973055371581729 0
438 0.01465339422534462 0.01969055468910803 0
439 0.01357888558973611 0.02182566501012613 0
440 0.01439044985061029 0.02183286151590923 0
441 0.01399060257335215 0.02251092866019765 0
442 0.01478624544888797 0.0225219263584057 0
443 0.01439255472288938 0.02321207643492417 0
444 0.01419251988236723 0.01901636030676393 0
445 0.01498026757343556 0.01892674772929587 0
446 0.01521058194508682 0.02183743472440477 0
447 0.01517899232378158 0.02320067603065729 0
448 0.01479502101114264 0.02388277460646727 0
449 0.01558995175792158 0.02388868409408014 0
450 0.01522001543004071 0.02457746949352347 0
451 0.01545590382342563 0.01964927177813996 0
452 0.01440491048163365 0.0245799258708639 0
453 0.01482799588458481 0.02525895638304858 0
454 0.01564077730915126 0.0252573048802506 0
455 0.01527072530183096 0.02593343899901018 0
456 0.01578455768825528 0.01886629124291247 0
457 0.01598775065919486 0.01486472681496438 0
458 0.004647841586785323 0.03491085230157801 0
459 0.004508016970192439 0.03571601292696058 0
460 0.004328216641280141 0.0136471703782554 0
461 0.00474927160496323 0.01431765167670441 0
462 0.003987209442611698 0.01436464672039293 0
463 0.004420067352956056 0.01500736595645316 0
464 0.005163907572854096 0.01497353308105127 0
465 0.004840827802783635 0.01567406084674818 0
466 0.01586103215403673 0.01276450363433037 0
467 0.01438586266964458 0.007707626978022724 0
468 0.01488996391931603 0.007082810992353189 0
469 0.01570089924869099 0.007188223871178279 0
470 0.01538712793054317 0.006437699225998468 0
471 0.004402505517565251 0.02994533234494109 0
472 0.004540464883232529 0.02914978163154462 0
473 0.004218868339553559 0.03071124724484466 0
474 0.00528415301305643 0.02885739579591979 0
475 0.004661984992633698 0.02836464739181959 0
476 0.005392988568222199 0.02809865957637359 0
477 0.004781103207644583 0.02757892224872262 0
478 0.005525185345611461 0.02728353949089885 0
479 0.004925703291445257 0.02677642470369537 0
480 0.005685124836435582 0.02649040024292765 0
481 0.005087789012026063 0.02599171740458351 0
482 0.004383441002376011 0.02624188031086881 0
483 0.004531692322826407 0.02543040661984653 0
484 0.01134066806852652 0.006836960103467331 0
485 0.01603691654898491 0.02594075579552998 0
486 0.01566360787022431 0.02661891873161185 0
487 0.01484413534102199 0.02662496434976643 0
488 0.01525654909507429 0.02732335260300979 0
489 0.01443362478110823 0.02732028087233995 0
490 0.01483442219672517 0.02803382087943197 0
491 0.01566213146832088 0.02803552984376976 0
492 0.01526733938887327 0.02873097466042608 0
493 0.009806596715729985 0.003929795125808083 0
494 0.004077134676142739 0.0157058845685015 0
495 0.00450422048513058 0.01639118123133071 0
496 0.0144955711872631 0.0182688737420339 0
497 0.01072501034392219 0.01709193230623603 0
498 0.005287378267198861 0.01632907778416144 0
499 0.004963412002094937 0.01706266478598214 0
500 0.004182525126064594 0.01712034527630862 0
501 0.004662195655717134 0.01781479895342541 0
502 0.005463625032739239 0.01770392474891404 0
503 0.005166901456155407 0.01845847010231983 0
504 0.00438835571243646 0.01860298841841039 0
505 0.004899775873230334 0.0191992638011845 0
506 0.004137284984314874 0.01935015855350402 0
507 0.004652966980070744 0.0199538454463961 0
508 0.003864732559160795 0.02010140733639871 0
509 0.004402286013495136 0.02071147500611962 0
510 0.00539116351254516 0.0197993452296058 0
511 0.003899268534970681 0.01293210361066814 0
512 0.01598321866721489 0.02319167041394952 0
513 0.01556387891273209 0.03366783120671155 0
514 0.0157114498045855 0.03288195173198074 0
515 0.006283067689050713 0.01286570067225209 0
516 0.003880515052713989 0.03515986628764181 0
517 0.003761820792378109 0.03597519167781003 0
518 0.006703239832007543 0.01217388224343567 0
519 0.005268064615406414 0.02518919106457387 0
520 0.004696853172558645 0.02464899791823283 0
521 0.003933551751047744 0.02488344142404136 0
522 0.004072938890766794 0.02411900415904055 0
523 0.004785332055266515 0.02392702462839278 0
524 0.0160551169558916 0.02875394573082979 0
525 0.01567039999952442 0.02940536276002737 0
526 0.016423819091583 0.02945134636133959 0
527 0.01145524012809398 0.02586699195836269 0
528 0.01443269471383585 0.028792348931176 0
529 0.003769653097422873 0.02940542457255658 0
530 0.01433153627072176 0.03631659804846384 0
531 0.01016456554984825 0.03613099572509888 0
532 0.009423604018901126 0.03640221016091912 0
533 0.0161826150972308 0.00653690049053658 0
534 0.01586926780125766 0.005789661227127851 0
535 0.01641958508919822 0.02525400251662205 0
536 0.01644377230671636 0.02663422658593469 0
537 0.003616062196201238 0.02082733174004325 0
538 0.01506897329725449 0.005694997708716447 0
539 0.0155380010137778 0.005046027224862108 0
540 0.00734033759680219 0.006691306512518791 0
541 0.01625852341507082 0.01952845069670559 0
542 0.006514484076882111 0.02987644176744854 0
543 0.01646978336403549 0.01425811874588376 0
544 0.01124536803301521 0.009551712508789072 0
545 0.01411773836999868 0.006975709472660713 0
546 0.01113864677108932 0.01776696614129335 0
547 0.01152282029487937 0.01708795526353401 0
548 0.0164907066341524 0.007283492324400512 0
549 0.01553745648861781 0.0154734661719463 0
550 0.01482666412775511 0.0154245109690637 0
551 0.01630323281661502 0.01557082360088198 0
552 0.01357266845778422 0.03657371750657666 0
553 0.01658251232853696 0.01879822413276076 0
554 0.005955092250500355 0.0183394173592009 0
555 0.01631597732485967 0.03339631781959397 0
556 0.01647230137831388 0.03262429766762592 0
557 0.01634976287416948 0.005139116015047084 0
558 0.01604049796130486 0.004410282604902263 0
559 0.01169719244398097 0.007557936593195685 0
560 0.005417879573675365 0.004567874297102585 0
561 0.0046150351878766 0.004542563669747179 0
562 0.005030474446385098 0.003858283606821292 0
563 0.00422732466945324 0.003823305941594194 0
564 0.003813913472545513 0.004507282806076852 0
565 0.003597841954665314 0.01875267711676339 0
566 0.004026342805680303 0.0278825050261419 0
567 0.006818273065128416 0.0350422705235692 0
568 0.01682117575353508 0.004495350050318744 0
569 0.01650441228673025 0.003769213741601132 0
570 0.01697211522510904 0.006643862041252203 0
571 0.01568742974408834 0.003675568770163701 0
572 0.003446017653775297 0.003804132971727651 0
573 0.01361503379546343 0.02316395212488633 0
574 0.004359937532374774 0.03649275436691998 0
575 0.003621256756362929 0.036750934938415 0
576 0.01684268937787719 0.02878985395350014 0
577 0.01587862971142558 0.03209407655683641 0
578 0.01664132239331986 0.03183955888057574 0
579 0.006248301765748939 0.01760716314908325 0
580 0.008080376847872134 0.03236270939753334 0
581 0.01312421476025373 0.03527955297841763 0
582 0.01700535481224811 0.01943195946483546 0
583 0.01673370470829286 0.0202438446512755 0
584 0.007061565977806404 0.01289406781154692 0
585 0.003013337032600872 0.004476964894747536 0
586 0.007451105535119016 0.01215288162847696 0
587 0.01473240264278466 0.004957776018647884 0
588 0.003308032092963915 0.02434957201258465 0
589 0.003441287488193862 0.02359007488647323 0
590 0.003154289054773091 0.025256823943287 0
591 0.01370241204264266 0.01838315678870982 0
592 0.01618149502975129 0.003037354890077986 0
593 0.01593705890244901 0.0161996091835364 0
594 0.01668506969706999 0.01627594813932669 0
595 0.007103195484109756 0.01146000334099538 0
596 0.009091928820930094 0.03425516768218141 0
597 0.01538001499143021 0.002952226750878299 0
598 0.0140857882148418 0.01392047199872236 0
599 0.01265438470299843 0.03101273359486289 0
600 0.01400765322754526 0.02526066178646569 0
601 0.003140334512587443 0.03543751993696496 0
602 0.003258725957348735 0.03462990169617922 0
603 0.003862248733481257 0.003123477110282019 0
604 0.003066209566886925 0.00311359545993533 0
605 0.01189538020878995 0.01366004670932741 0
606 0.01197211712021602 0.02645616098959734 0
607 0.01697657529708258 0.003118460417839912 0
608 0.01401781394930061 0.01764240114279267 0
609 0.01195440395194937 0.0218673056171208 0
610 0.006281032638128362 0.02700939284609618 0
611 0.006435318937239267 0.02621458855437434 0
612 0.01417963537606917 0.03710550902725625 0
613 0.01493894844592519 0.03684298522393205 0
614 0.01092020053241229 0.03588373848549552 0
615 0.01074723281246175 0.03668398451060664 0
616 0.01709331480451717 0.01562788388454929 0
617 0.003089774789632622 0.02022560668969167 0
618 0.002845813224060531 0.02097300234906621 0
619 0.006742994240564663 0.01823635336011321 0
620 0.01062474790693761 0.002578812227454146 0
621 0.004112008141489771 0.02142999331528525 0
622 0.004906543785894231 0.02133947620748683 0
623 0.01112601673215845 0.02858543119102194 0
624 0.01168827328770481 0.02914405214103375 0
625 0.01566133696629016 0.01068762382571954 0
626 0.01613606221695828 0.01004492405585347 0
627 0.01645524720789737 0.01075869395657318 0
628 0.01691858928768055 0.01012970020799095 0
629 0.01725977210461098 0.01085384540213297 0
630 0.01721475864023527 0.02948192630487353 0
631 0.004272333872731864 0.03725024325906192 0
632 0.01230708117815795 0.01979622920623067 0
633 0.01121068473471195 0.03429621706804452 0
634 0.01706564182078078 0.03314413251730777 0
635 0.01690896439546749 0.03392556001437919 0
636 0.002548993071477173 0.03491799442005234 0
637 0.002663571843636409 0.0341338027692475 0
638 0.01730220229270349 0.00737604696526011 0
639 0.008789545692835733 0.03589366749620694 0
640 0.008673389671770299 0.03668246805634835 0
641 0.0093047078638002 0.03719623650767032 0
642 0.008568101932688291 0.0374699348330261 0
643 0.007936357692951659 0.03700120995087604 0
644 0.01342325918485556 0.03078172592356402 0
645 0.008309684301022585 0.02857877437943369 0
646 0.006637024371761179 0.01359591499103696 0
647 0.01224968878276336 0.01438457154912987 0
648 0.01743191462492466 0.01630036771309491 0
649 0.01398236531232161 0.03132452088981139 0
650 0.01339457919507347 0.03734343104258102 0
651 0.01280890558215155 0.03680305639847428 0
652 0.01190834264060613 0.028386933009627 0
653 0.009567827620804145 0.01222753149300183 0
654 0.00270170048307079 0.02380848406254117 0
655 0.002857580401105132 0.02304733566151917 0
656 0.009139916514112015 0.01288977964790606 0
657 0.01180284134397448 0.01504108899385442 0
658 0.01256361546934878 0.01511554504944332 0
659 0.01211154780383023 0.006916264565193148 0
660 0.01478327840725167 0.03763771117375395 0
661 0.01555517613814657 0.037377006095879 0
662 0.01736840452010838 0.01872328963003542 0
663 0.003472870307796597 0.002424700440287388 0
664 0.004265156468971631 0.002452666008901625 0
665 0.01416468163361202 0.03057886677977603 0
666 0.01587473888168039 0.002308533331454976 0
667 0.002656174545918094 0.002416591679330116 0
668 0.01244792149981042 0.007659949762500461 0
669 0.007030058759240279 0.01750819132459769 0
670 0.01614321440253003 0.01812431540444623 0
671 0.01261918764671699 0.03757015542723675 0
672 0.01782573008228792 0.01942979779698926 0
673 0.01764211051197365 0.02881314612157293 0
674 0.00890653832304452 0.008076145381896566 0
675 0.008467305843048395 0.00873047613008671 0
676 0.003372708516281387 0.03384617543482919 0
677 0.002762243726334252 0.03334896380448787 0
678 0.003524663267189464 0.03303964416291583 0
679 0.002877719976611365 0.03253143527731178 0
680 0.01193630284695145 0.01774158655709347 0
681 0.0122651638402057 0.0170897925605977 0
682 0.003480037917743786 0.03753154728445272 0
683 0.002874710087630959 0.03700230972798631 0
684 0.01248053505869227 0.02894273928066334 0
685 0.01776974809203787 0.006725161375433572 0
686 0.01605626845216997 0.03133543304822626 0
687 0.006021689134915856 0.02854327880500446 0
688 0.007003344408353736 0.02672489293213303 0
689 0.007175780407701863 0.02591318423688995 0
690 0.007884573762750592 0.01144016139450884 0
691 0.00742331458595084 0.01072254238760469 0
692 0.007386421844802628 0.01358840508546633 0
693 0.006977868968415149 0.01431751027846224 0
694 0.01269693796113772 0.02812791142774597 0
695 0.01770509361126418 0.01021761572031626 0
696 0.0173977554572222 0.00949376223807533 0
697 0.01713696690028655 0.005232508816907681 0
698 0.01761449663234198 0.004584638801546323 0
699 0.003868791602595146 0.01150664488642717 0
700 0.003470303049435421 0.01080540892948107 0
701 0.003083473702972744 0.01151256532552179 0
702 0.002671018343787282 0.01082825456675911 0
703 0.002294986358609323 0.0115545861724271 0
704 0.007159147634348576 0.03339682904207368 0
705 0.01727083773189844 0.02811480634863641 0
706 0.01270890835822476 0.03392602681007462 0
707 0.002077095467707169 0.02327939535072601 0
708 0.01507974044706595 0.002203118002379708 0
709 0.007840279981366247 0.03778987863855447 0
710 0.007173935764442301 0.03727712469281552 0
711 0.0178467230041574 0.01565841412477357 0
712 0.01223301095103856 0.0257687611999057 0
713 0.01278819358780095 0.02634829266237538 0
714 0.01681120624446839 0.008014831962011516 0
715 0.01179917181361039 0.006172959596262432 0
716 0.01265564889341398 0.006276246115847529 0
717 0.003371638192748042 0.005188956942694521 0
718 0.00257228006385906 0.005149979137198285 0
719 0.002928083473406562 0.005864069671347893 0
720 0.01417858212075788 0.005644505388296637 0
721 0.01396616833869089 0.00488263785091235 0
722 0.01439043105268798 0.004241958727029298 0
723 0.01762611890739702 0.008099741508875455 0
724 0.01245917850560017 0.01032981449807408 0
725 0.00779548811795373 0.02648103926925388 0
726 0.006544068288807652 0.01686566626982188 0
727 0.001980679732090375 0.03436606673966665 0
728 0.004577940828942759 0.02207695626784703 0
729 0.005381272129448556 0.02198017522099177 0
730 0.005711233175096744 0.02124572987707354 0
731 0.006186300360183891 0.02189401377942594 0
732 0.006458187856538723 0.0210988298424937 0
733 0.005864509625662444 0.02269149862881115 0
734 0.002300686355077554 0.0203842772213937 0
735 0.002048025202506739 0.02115528325928016 0
736 0.002715083684522147 0.01221047543364086 0
737 0.002391728805159036 0.03573481743548922 0
738 0.01679450887371493 0.01147541318818626 0
739 0.01759182827293957 0.01157970842785171 0
740 0.01766710563177454 0.03367256379686441 0
741 0.017494729292648 0.03445712239101587 0
742 0.01782269729686969 0.0328768400042905 0
743 0.004950641940423545 0.03700841144238405 0
744 0.002208012126448462 0.004450370344475239 0
745 0.008596654189719489 0.004657385450194267 0
746 0.01361602003418766 0.03003395184247484 0
747 0.002701931290079686 0.0377772162890558 0
748 0.008106296313509951 0.008041906379513887 0
749 0.007685328313622909 0.008680478482381234 0
750 0.01713417249079121 0.01219705314162674 0
751 0.01790410579456697 0.01227781448539756 0
752 0.01747378663850198 0.01290869721047572 0
753 0.006900075194971364 0.02752623790105094 0
754 0.007272190614285049 0.03647989151023194 0
755 0.01703313371606235 0.01693115568559137 0
756 0.01790305620217213 0.01691302988560951 0
757 0.01756607257798092 0.01497531679413991 0
758 0.00786766530138051 0.03020456396737559 0
759 0.01131534034394108 0.02452927352828459 0
760 0.01168111113549787 0.02383041519776216 0
761 0.01147636123252217 0.02989321343571646 0
762 0.01152879020732585 0.01845342942918147 0
763 0.01569340595540746 0.03658690124717165 0
764 0.01631889059724012 0.03709780656435576 0
765 0.01645575770897551 0.03631680286043784 0
766 0.01707999236265402 0.03682106915744909 0
767 0.01694823160105939 0.0375928071704772 0
768 0.01768665949062166 0.0373188228870027 0
769 0.01782724928383392 0.03655162138673285 0
770 0.005825649163954551 0.003887479565682556 0
771 0.005429764605547675 0.003179911721190389 0
772 0.006227401826636546 0.003214379831744107 0
773 0.005820258402847833 0.002529399860115931 0
774 0.006603077976562842 0.002543942964257646 0
775 0.007027589983364637 0.003230046118059538 0
776 0.007403371607415075 0.002522436254752888 0
777 0.007815642161905853 0.0032306342253993 0
778 0.008197710845212758 0.00251238039216474 0
779 0.01460560535912893 0.002855251634678951 0
780 0.01684004212457497 0.03109153692688019 0
781 0.01480610792732092 0.01750349419725249 0
782 0.008017408535246184 0.009372890410928959 0
783 0.00726643513274481 0.009299917944517937 0
784 0.006903739974117168 0.008639413508096674 0
785 0.01831796504130272 0.01165351655796975 0
786 0.01741452964185191 0.03159400047909226 0
787 0.01124847210786766 0.02318525559591601 0
788 0.01109611231711565 0.01637762185220008 0
789 0.01759252308737475 0.0308647382599948 0
790 0.01270393409898687 0.01371371552004658 0
791 0.007512439758840139 0.01815474702593701 0
792 0.007218375490960485 0.01887485969389338 0
793 0.003632416017129603 0.03223258386405031 0
794 0.002996648941655708 0.03173397260502524 0
795 0.002259018399663144 0.0320068835031151 0
796 0.002357277139610941 0.03125131107823564 0
797 0.003058040215852204 0.01012245782438754 0
798 0.002266658789536061 0.01013690057624329 0
799 0.002674956965541537 0.009438963805972185 0
800 0.01639236772458334 0.02389669294868487 0
801 0.01678727356574709 0.02319648586744356 0
802 0.01716782546375407 0.02391533089637896 0
803 0.01756770846200792 0.02320026216904184 0
804 0.01721583474412938 0.02249224879382223 0
805 0.01363067616006029 0.02454489030220264 0
806 0.006661042521698592 0.01071357647913548 0
807 0.002157544564712054 0.005820820674490733 0
808 0.002485250900005545 0.006525096438699973 0
809 0.01428898830229715 0.01694755393515016 0
810 0.006635469301942641 0.02258162747075743 0
811 0.006323183698605083 0.02333645506899527 0
812 0.007927163622487732 0.02562837169574014 0
813 0.007275048465211803 0.02511298173345918 0
814 0.008096508753435415 0.02476031850220648 0
815 0.01791483021567129 0.005342497564196694 0
816 0.002556270788279894 0.01959053225630454 0
817 0.016723205367433 0.03470786630113843 0
818 0.01735222916786277 0.03524503657600096 0
819 0.012018165615509 0.008277563188075503 0
820 0.01293862003092739 0.008440288643703981 0
821 0.01363473564238107 0.004168474048899872 0
822 0.00424474864456231 0.0380964432273851 0
823 0.00226170432873126 0.003099417900143807 0
824 0.002122977406190347 0.03725559112014458 0
825 0.001966326771042262 0.03801378977985004 0
826 0.009179824324020742 0.03795673412070838 0
827 0.009905894940585275 0.03769821791311771 0
828 0.001964582693890174 0.01227188347045494 0
829 0.002373200423207332 0.01293211850794633 0
830 0.001421607283220085 0.01164964478966595 0
831 0.008621678841597384 0.003229539502582278 0
832 0.009016315660200155 0.002497960380341679 0
833 0.001935410701786088 0.02406266851666355 0
834 0.01388270219296163 0.001358615266872559 0
835 0.01323309184641076 0.004809749283619442 0
836 0.01201406935029477 0.02312549364626913 0
837 0.0123023137780968 0.01843258399555017 0
838 0.01802961026357637 0.02955174594992818 0
839 0.00615080615694003 0.007348520316258335 0
840 0.01803621841547762 0.02814656938639421 0
841 0.01764961134648804 0.02743707138248127 0
842 0.008528795209761308 0.007389067759762169 0
843 0.01203979821620954 0.03703235229091006 0
844 0.01187490635316762 0.03778589181504992 0
845 0.01223692522450522 0.03623797431173815 0
846 0.01804258304120403 0.02388512603573177 0
847 0.01757151249448232 0.02461943743204371 0
848 0.01836086477379287 0.02468601974883219 0
849 0.01793180272089558 0.02534812227552048 0
850 0.01528024105126468 0.0315678451799033 0
851 0.0154894243295165 0.03074845971158767 0
852 0.001893506179337007 0.009427975875670645 0
853 0.002295015800621613 0.008729022455633281 0
854 0.01270570400692037 0.01240150411610709 0
855 0.007285717494274009 0.01674078132313715 0
856 0.006785835953682135 0.0161672081043947 0
857 0.007530439934884224 0.01581777582321831 0
858 0.01243386797291713 0.009005722316497183 0
859 0.01210748735685531 0.02445156762589473 0
860 0.01754866286736043 0.03806596844593008 0
861 0.007088288002456759 0.03808351423245192 0
862 0.006430113427924026 0.03756375301987573 0
863 0.006295655794278304 0.03854529084285525 0
864 0.01818954667932288 0.009527178273540764 0
865 0.007370435132672175 0.02436959004408666 0
866 0.006667415444516227 0.02463721227403861 0
867 0.002612460479769953 0.02172044256647785 0
868 0.001758216814881797 0.006449960084807735 0
869 0.002038220732455668 0.007279361517825118 0
870 0.002890042629832452 0.007276085696132657 0
871 0.01219922903450013 0.01576717904323883 0
872 0.01292918542359586 0.01587178114819006 0
873 0.01333249932681054 0.01522758160733426 0
874 0.01404791028376298 0.02663277930480176 0
875 0.01370140050683256 0.02731742451241653 0
876 0.01137135521408731 0.02785681371984089 0
877 0.006553419776147748 0.009303245374954618 0
878 0.01821372590688758 0.03416039956072157 0
879 0.007977835381918727 0.01885519935778052 0
880 0.007653845863205628 0.01955044334667975 0
881 0.006919089856716333 0.01959231340519528 0
882 0.007384344385623787 0.02023800907460526 0
883 0.01321361043037776 0.03808865229100928 0
884 0.003815309112629107 0.02216695369915082 0
885 0.01799182207143992 0.02253440111639332 0
886 0.01764629283311957 0.02180941247465968 0
887 0.01686019848400408 0.02178299000379624 0
888 0.003067653527089221 0.008758172394399546 0
889 0.01358752259583713 0.01709278445687848 0
890 0.001895131514002286 0.002409805635833484 0
891 0.001809378598917451 0.0219425168226048 0
892 0.001308587486694431 0.02135334472597202 0
893 0.006885917884254243 0.001786986669427438 0
894 0.01821078718921827 0.0129824551511459 0
895 0.01779465226906582 0.01361662639703137 0
896 0.008824566384739864 0.01214873858917513 0
897 0.009250348387995339 0.01148842137743815 0
898 0.008444098700122886 0.0128254658652319 0
899 0.008716236210060858 0.01354965608842724 0
900 0.008596395782444487 0.001828467771620029 0
901 0.005710608177373996 0.03796619081231113 0
902 0.003842603864829288 0.001771851614699869 0
903 0.004677804146232677 0.001803249824334184 0
904 0.008199087347129017 0.01074560214648936 0
905 0.01726961321285733 0.02111895436474754 0
906 0.01808092454038461 0.02102398930341198 0
907 0.009398884242676703 0.001830293887052574 0
908 0.002163194770932094 0.001757160645760852 0
909 0.01813278542470796 0.03138826765479528 0
910 0.01843836587929108 0.03051431523596128 0
911 0.01357690299520556 0.007456602674960794 0
912 0.01813714848241267 0.01870729944101042 0
913 0.01857513188976078 0.01935446272348777 0
914 0.01824343687864848 0.037856668314587 0
915 0.01816562529647702 0.03863278926901294 0
916 0.01829475758592015 0.0150545023786141 0
917 0.004304472173388895 0.0227578336622622 0
918 0.01685177574546132 0.03850669611424531 0
919 0.01541775737425649 0.03813598138340153 0
920 0.0146662253316783 0.03854484729310759 0
921 0.01319615923019786 0.02872025370248391 0
922 0.001805876239806331 0.0197461792507783 0
923 0.002051004238762741 0.0190198379556799 0
924 0.00840084127643582 0.02608313277046865 0
925 0.006229721570194847 0.01427147972339817 0
926 0.006589097986730736 0.01496001514555471 0
927 0.003244118318144151 0.03084667294921521 0
928 0.002442266887976436 0.0304510542999482 0
929 0.001761211844266189 0.03083919982138513 0
930 0.001784779662189317 0.03000756318477844 0
931 0.002438931161801049 0.02966362556131826 0
932 0.001845690236782627 0.02920457443896223 0
933 0.00249653221883009 0.02885569405829835 0
934 0.001882365146542542 0.02841916694029897 0
935 0.002575931161450949 0.02804538984405137 0
936 0.001942457951297417 0.02763680892271432 0
937 0.002621566213280508 0.02725225142292362 0
938 0.00197380434611976 0.02687257379967449 0
939 0.002662254906904148 0.02650050894678937 0
940 0.00195041732760092 0.02604676096408164 0
941 0.003302429500540906 0.02687515345559377 0
942 0.01220143119263871 0.005484298047226756 0
943 0.01248954229918947 0.02695029267339998 0
944 0.008124280522564524 0.02015300222946136 0
945 0.007869769477602071 0.02082461199287135 0
946 0.01641350364519322 0.02109834748827346 0
947 0.01866647724882352 0.02536476785046764 0
948 0.01825020547348474 0.0260051958190344 0
949 0.01750318363863998 0.02601479260744895 0
950 0.0077063445871803 0.01426820558851675 0
951 0.001178803821446561 0.02873071903853691 0
952 0.008483090303774494 0.0172037038594076 0
953 0.01852123965002624 0.02743071373723424 0
954 0.01314143967994016 0.009122936944912841 0
955 0.01556961037932889 0.001574377968135355 0
956 0.01634833704520864 0.001705848911157454 0
957 0.01325753321685892 0.02515514642151162 0
958 0.01592923541390612 0.0203897183487639 0
959 0.01443262779094413 0.02979690934800145 0
960 0.00326857274013757 0.02850088842877204 0
961 0.01836678731840473 0.004659984599815528 0
962 0.01809726040191962 0.003932066702603203 0
963 0.01881898596203761 0.004037204245184424 0
964 0.01827962594775962 0.02013468964941376 0
965 0.01773347654270989 0.01804054015779443 0
966 0.01855505183692314 0.0180263885322712 0
967 0.003547687712715737 0.01367823402076864 0
968 0.003210976412407831 0.01438674808703561 0
969 0.01626159082293122 0.01684991805784766 0
970 0.009777555941049306 0.03851648987107947 0
971 0.01051453989623629 0.03831144918875506 0
972 0.01684816802104595 0.02736704748161101 0
973 0.007075136327035519 0.0232375804989887 0
974 0.01863814516303207 0.01378895757908403 0
975 0.01364395394457787 0.01597147694732027 0
976 0.007741716133843035 0.03861483510731849 0
977 0.01479853943411808 0.02115354254742719 0
978 0.001605058434180157 0.01297560258261531 0
979 0.002008938013679479 0.0136506479315867 0
980 0.007621687615684556 0.02790956029993047 0
981 0.007458873944990839 0.02876863925131882 0
982 0.004030863545419577 0.03436869267362364 0
983 0.006962454121380587 0.0217924658104069 0
984 0.01325660366025268 0.01039657844328621 0
985 0.009414443224713753 0.03269016878700902 0
986 0.00432487072181582 0.03279179897542981 0
987 0.004411601891916343 0.03197885113418136 0
988 0.00803679281359394 0.03620499407353719 0
989 0.008140336499505017 0.03540138567040324 0
990 0.0160589501660993 0.000986685007099336 0
991 0.00910501066505337 0.01433270537258856 0
992 0.00593229133710889 0.0204398194322941 0
993 0.001219336685082784 0.01369110797894239 0
994 0.001630445593560093 0.01438886311184945 0
995 0.001284933840337333 0.01516072518664068 0
996 0.002086076435354521 0.01509609686281932 0
997 0.001738502062817525 0.01581771472818213 0
998 0.002537339347116878 0.01576655244546669 0
999 0.002212258344562499 0.01647690032333828 0
1000 0.002975995912599601 0.0164301155999035 0
1001 0.002622671153174153 0.01714296079790963 0
1002 0.001868791384935588 0.01719424884761651 0
1003 0.002329749295177187 0.01785412932622329 0
1004 0.003053175068850599 0.017864665770115 0
1005 0.001517205516697798 0.01790959689677769 0
1006 0.0009999750289149661 0.01593704186080851 0
1007 0.0185423737928076 0.02892377903925435 0
1008 0.008805413882703964 0.009420387548207874 0
1009 0.003334916186937704 0.02608433337383382 0
1010 0.01641893558677265 0.02249188825817403 0
1011 0.003724916251783242 0.005905207477796437 0
1012 0.004281374350886139 0.01219487743957684 0
1013 0.005129138496221931 0.03257201889867816 0
1014 0.0150195030377352 0.01681167186132469 0
1015 0.002148526627403707 0.03281291550496681 0
1016 0.00141269354169591 0.03216387827603163 0
1017 0.009521055371554272 0.01359883771443778 0
1018 0.01859695860350526 0.003185808324717616 0
1019 0.001395824791577703 0.01017674270301679 0
1020 0.01551971654298262 0.01200644874134131 0
1021 0.00140174188409913 0.003098916261865852 0
1022 0.0111672411812688 0.03885250179048018 0
1023 0.003289536324594066 0.006577171668907915 0
1024 0.005776836609359869 0.03707327834811953 0
1025 0.01751712625761415 0.02031300584205225 0
1026 0.01003361843631854 0.0225695727473628 0
1027 0.003126746060448432 0.02998809052043292 0
1028 0.002974427977154864 0.001605844767171922 0
1029 0.01700621675645672 0.01355832811592847 0
1030 0.01605735677289737 0.02734212880086963 0
1031 0.01299857706227478 0.01445608843043597 0
1032 0.01141245174364421 0.00543595855228402 0
1033 0.01511279436358222 0.02043044424380672 0
1034 0.001357851425362176 0.00180221694232488 0
1035 0.00885229974011752 0.02707624890330098 0
1036 0.01816278099306334 0.03501743230310306 0
1037 0.01382876621652675 0.008305069999925474 0
1038 0.004645469381812584 0.00315232602912989 0
1039 0.0128320235823245 0.03025935440383883 0
1040 0.01110675930688547 0.03145546868329242 0
1041 0.001310586696150735 0.01913490490812065 0
1042 0.001433402102965513 0.02046291742591597 0
1043 0.01097232697813908 0.00611820524358565 0
1044 0.004132546926207263 0.02709828734189423 0
1045 0.006641910781609325 0.03583037227987827 0
1046 0.007425062525640077 0.00391599213758459 0
1047 0.01744335041428512 0.005988886712633831 0
1048 0.01603460412793379 0.02180809705850478 0
1049 0.01210788267752867 0.0333369854965786 0
1050 0.005395403116427182 0.03872466577130469 0
1051 0.008933357973767863 0.03507448018592729 0
1052 0.008332548714877364 0.03451923080156578 0
1053 0.008506372443421076 0.03369504153232492 0
1054 0.002531022281295184 0.02462460312358742 0
1055 0.00187620231176123 0.02472645862659949 0
1056 0.01844606615662012 0.03338914822780974 0
1057 0.01856829829099627 0.03265121383746184 0
1058 0.01677493293263434 0.03005676883307322 0
1059 0.01401679588337851 0.03789452649936522 0
1060 0.01520336742348514 0.004323689499794694 0
1061 0.00531509930946914 0.03176587501358404 0
1062 0.01822417156726099 0.006079141517450171 0
1063 0.0186525179332325 0.006877793136840952 0
1064 0.01905706359231142 0.006186821985547229 0
1065 0.006564615153712248 0.02542133000245944 0
1066 0.008537216769410348 0.02405091892458499 0
1067 0.004550380350350634 0.005935086771689871 0
1068 0.01247239027611519 0.02376487230167995 0
1069 0.0151232585484374 0.03235682763969051 0
1070 0.008929811983264488 0.001133939358072104 0
1071 0.0152990195548915 0.01818276597473577 0
1072 0.003878411665718985 0.03144959878698494 0
1073 0.00835871390035392 0.01808287114179912 0
1074 0.007323278473664485 0.03260441990373444 0
1075 0.005118957876395687 0.0362756546555431 0
1076 0.0180818786111117 0.007481882781213887 0
1077 0.01840242917461408 0.008179901911761423 0
1078 0.01340849014730862 0.006681846958399063 0
1079 0.01343071673319074 0.005963980331624524 0
1080 0.01793789653387017 0.02670096907792449 0
1081 0.003739449995139045 0.007318678402395341 0
1082 0.003532592662205886 0.001039178043126466 0
1083 0.01661905129196859 0.009397251003326629 0
1084 0.01507916070052057 0.03606178258209419 0
1085 0.007094959810264441 0.03044821953947541 0
1086 0.01446363389796868 0.01467780443870231 0
1087 0.005412675329506438 0.02442464894659135 0
1088 0.01188439480964413 0.03124302907200951 0
1089 0.0126012984842967 0.003390994972177909 0
1090 0.009815943887072102 0.002530626207629214 0
1091 0.01024248391716074 0.001889635447179985 0
1092 0.011086362645283 0.001947867851835323 0
1093 0.01712296000465187 0.008742592431961269 0
1094 0.00586671130798389 0.01073180865642877 0
1095 0.0193224254067183 0.02704838397249925 0
1096 0.01071310298472335 0.01848723447433372 0
1097 0.01111273427932217 0.01915906174266071 0
1098 0.01805058234931728 0.01091314062611043 0
1099 0.01411680963575611 0.00348988931395789 0
1100 0.0006694543843279548 0.009823940501352853 0
1101 0.01348099907775853 0.01247456316187712 0
1102 0.01908403755117782 0.01998326145680229 0
1103 0.01863245573413545 0.01571240638651741 0
1104 0.00500927151914401 0.0006037533168677771 0
1105 0.006565829940542283 0.03934677842611222 0
1106 0.01665665249470714 0.00588327328106694 0
1107 0.0006567842086817495 0.02314710693417318 0
1108 0.001428158118480854 0.0226805014648622 0
1109 0.003332885003141384 0.03828972925593709 0
1110 0.003865660253560754 0.03884248525320565 0
1111 0.0007052837820394411 0.0364584633579521 0
1112 0.001565016301887177 0.03595003104941065 0
1113 0.001227045980682471 0.03525623008923347 0
1114 0.004945861403816892 0.03823434972856841 0
1115 0.008057497267729714 0.03934441153191549 0
1116 0.01665363369656811 0.002410318613282884 0
1117 0.01744668964129424 0.002516412578869802 0
1118 0.008087997376895799 0.02938551059834699 0
1119 0.00729209022700485 0.02956223745181794 0
1120 0.008642175274633908 0.02997413550901236 0
1121 0.006652289901886 0.02904646408901529 0
1122 0.01560209634994628 0.02250861547401601 0
1123 0.005887689332681349 0.02936693323215425 0
1124 0.01379994224739462 0.03209321010678463 0
1125 0.01932893956662402 0.001959241769756464 0
1126 0.01867281427542759 0.002348218610639285 0
1127 0.01856427392329147 0.001448498335132747 0
1128 0.0100216314044331 0.0369189317264397 0
1129 0.0006695092952654653 0.01136169754770432 0
1130 0.0006900014635769173 0.01211228285523503 0
1131 0.007914725431545106 0.03314358971385764 0
1132 0.006282955231925489 0.01144958450126324 0
1133 0.01107481769083571 0.03508143967911384 0
1134 0.01180667041378016 0.03490563071689373 0
1135 0.01658419368112111 0.03550176484615117 0
1136 0.01499216397062109 0.03933731152286712 0
1137 0.01666416176250264 0.01283933759474162 0
1138 0.01935717272564585 0.01532770670848865 0
1139 0.01868130700010087 0.01653709301482194 0
1140 0.01409573849099464 0.0279910767656863 0
1141 0.01191801980960459 0.000650334097590792 0
1142 0.00883774989203966 0.03213545953189698 0
1143 0.0006416498241949252 0.0247269987251686 0
1144 0.0006411816746283872 0.0255120950599832 0
1145 0.01458025595802871 0.006329780210415968 0
1146 0.01133277252119567 0.03725505136424957 0
1147 0.008946868086597826 0.006726994777775792 0
1148 0.01631877506786258 0.008662333987059113 0
1149 0.000636049697999623 0.03490382117933979 0
1150 0.01721952033724941 0.03604033427269403 0
1151 0.0006951065868970353 0.03797530495228292 0
1152 0.003130356797439096 0.01290159426600616 0
1153 0.00558743217843297 0.01562951075384578 0
1154 0.002642573388354191 0.008029538408204265 0
1155 0.001925867450933759 0.008087226601004227 0
1156 0.001418071387222877 0.008687541334925155 0
1157 0.000652888496578713 0.03412981977502356 0
1158 0.001335818935419945 0.03384383382742398 0
1159 0.008852251192535167 0.0291727557778788 0
1160 0.009427724796329135 0.003226288829591632 0
1161 0.01932659381814605 0.02860129761681119 0
1162 0.0006654338365243394 0.008256879784704751 0
1163 0.01937647134477578 0.01137231772981114 0
1164 0.001875883384552355 0.01088804538729629 0
1165 0.004179225138089196 0.005220207859307234 0
1166 0.01935552969314648 0.03804083410598318 0
1167 0.01164345888574697 0.01026860725759066 0
1168 0.0193476808659885 0.01214341873496888 0
1169 0.01614960182611155 0.03418068061824171 0
1170 0.007642367862490468 0.01000991123227691 0
1171 0.01617842104828512 0.01349246771998235 0
1172 0.01428297221113655 0.002093233979396397 0
1173 0.00133315763946599 0.02356796533415989 0
1174 0.005057032300676283 0.002480178250482062 0
1175 0.002258997734593317 0.03649909786988802 0
1176 0.01855618543516013 0.03705246033698313 0
1177 0.01858559810882873 0.03627366333590543 0
1178 0.005527325899695958 0.001857461070412736 0
1179 0.01381336600028631 0.01319307426837121 0
1180 0.007590988033456507 0.03481780983292154 0
1181 0.01582581570001902 0.009306469904783258 0
1182 0.01931817027898288 0.01763101592740366 0
1183 0.01166831480756441 0.0356697075291205 0
1184 0.01539400637019957 0.03445055603753069 0
1185 0.01931757505173493 0.03648571833923897 0
1186 0.01912927693046615 0.03571677087149645 0
1187 0.003303086968289117 0.02763846976228578 0
1188 0.005078044788366528 0.02274006264441551 0
1189 0.01931690726402402 0.03017539813631567 0
1190 0.004169353943304274 0.03358361407645265 0
1191 0.004804313256826207 0.03412643302035388 0
1192 0.01402303137242328 0.02387416584901948 0
1193 0.007469587181279631 0.02259685255391519 0
1194 0.01646991187600246 0.02807369755928071 0
1195 0.001387046869041597 0.03758793513888008 0
1196 0.01046398070499404 0.0232277720780803 0
1197 0.01599972409144586 0.007930107647891742 0
1198 0.01931737570524341 0.03093167112075377 0
1199 0.0006681617505463373 0.02701334536940768 0
1200 0.01846592743207184 0.02183828860753872 0
1201 0.008096435182627659 0.02719383543448822 0
1202 0.01599313489395152 0.01137737839553333 0
1203 0.01632778778632994 0.01211002244929327 0
1204 0.001762293481260144 0.005112141034989824 0
1205 0.001445466219131931 0.004422280683704243 0
1206 0.001053997039072357 0.005093454496187406 0
1207 0.01173268618169044 0.004727959360169223 0
1208 0.006989009804453472 0.03421692495898008 0
1209 0.0132742772691756 0.03449531356955279 0
1210 0.0006885195717663481 0.03257634798237405 0
1211 0.003860268860601817 0.01793438590476779 0
1212 0.01935749385304335 0.009813490331111362 0
1213 0.01368369264609638 0.009645500521534213 0
1214 0.002502780361616318 0.03864484559570441 0
1215 0.001768745382574228 0.03875641160536157 0
1216 0.006194087105097357 0.01000250707904731 0
1217 0.005728790204161603 0.008013959935432273 0
1218 0.0006260890346488149 0.006673441282261765 0
1219 0.01034013926828233 0.0006229094119116693 0
1220 0.01454274176506401 0.03184480913326909 0
1221 0.01919747132672917 0.02471508540440056 0
1222 0.01440265804805142 0.01617288058861092 0
1223 0.0006721999492613658 0.02085561853551138 0
1224 0.01085964170821857 0.008847192900026172 0
1225 0.01697167157523038 0.01811966657679676 0
1226 0.005668413632706867 0.01906953357419661 0
1227 0.006443255938803298 0.01896000129433935 0
1228 0.01921141903458102 0.00821557399308488 0
1229 0.007771154079727857 0.001837219399842095 0
1230 0.007386648937471265 0.001140124384919988 0
1231 0.001964343190695399 0.0005932697950891408 0
1232 0.008967016996103701 0.02470827734227639 0
1233 0.01562440948156566 0.01740218655696603 0
1234 0.01489727636776278 0.003589764116083808 0
1235 0.0087205336594183 0.01897587841243896 0
1236 0.01934864505209323 0.03414411074431603 0
1237 0.011499042869282 0.03647651462806797 0
1238 0.006198561889863512 0.004587262225545917 0
1239 0.006611781404192097 0.003910265314987043 0
1240 0.0006813724167033589 0.00275079596129647 0
1241 0.01353548325120364 0.02596731413026527 0
1242 0.01135366486329427 0.03354510027391226 0
1243 0.008723662009319585 0.02061652362700605 0
1244 0.009260844662284018 0.03347183234374088 0
1245 0.01097802923423359 0.02523453499696541 0
1246 0.0100026560241152 0.01155197546133773 0
1247 0.006501039487869078 0.03666832677090885 0
1248 0.007418405755911505 0.03566677576014182 0
1249 0.0006150626564636157 0.03094769163023194 0
1250 0.01375764506130725 0.03865757725741936 0
1251 0.01796364974748913 0.03579847784931978 0
1252 0.01309176637713949 0.01976103407435176 0
1253 0.005166080800701817 0.02058161519982933 0
1254 0.01618573975195867 0.03789099018454359 0
1255 0.0144165868601577 0.02593747178693602 0
1256 0.01153360174236141 0.01298088215569801 0
1257 0.0006807379959004357 0.01765923983326517 0
1258 0.01933124946393405 0.02312881653460752 0
1259 0.005472349626939446 0.02351508019433739 0
1260 0.006045875433844947 0.01626869025766208 0
1261 0.005746852180818202 0.01697535658473187 0
1262 0.0187390052886919 0.02349313842999924 0
1263 0.01729089510884771 0.01427539887912967 0
1264 0.01597846277133266 0.0349680632903227 0
1265 0.01723451236641981 0.03236109284791236 0
1266 0.007788123573637373 0.004636776866661118 0
1267 0.01298091018154778 0.0360335232230068 0
1268 0.007722990607115865 0.007384122794190576 0
1269 0.002790606847578016 0.01863964740229542 0
1270 0.0124504606396481 0.03830333050828653 0
1271 0.01428697429503486 0.0006916721614047966 0
1272 0.006544655429652771 0.006665120066252143 0
1273 0.0006058799364433605 0.02931664777218859 0
1274 0.009385782098411772 0.004658572961024418 0
1275 0.00901105445955494 0.003945019855182908 0
1276 0.01021921800719879 0.003274215388900454 0
1277 0.003448342522568534 0.009432229572626743 0
1278 0.01081658485164634 0.0225267173368275 0
1279 0.01069305823128622 0.01567404050853624 0
1280 0.01932335948342942 0.021559679505175 0
1281 0.005801583085380009 0.0006323773894154686 0
1282 0.006183490793628056 0.001335105612862209 0
1283 0.007752977861893556 0.03394541703421949 0
1284 0.002641862352893327 0.003782989703484722 0
1285 0.0107178470295471 0.03009688395171996 0
1286 0.01129164524939033 0.03067168630622823 0
1287 0.01037788866205379 0.02187882496280965 0
1288 0.01794267693133357 0.008816813395908028 0
1289 0.009563651276794767 0.03930883409521557 0
1290 0.01471502300653438 0.001439808001868395 0
1291 0.01348171940746865 0.002029831189801115 0
1292 0.006172331314105936 0.01968353147030425 0
1293 0.009340712240605967 0.007420500062246782 0
1294 0.01678517488853186 0.01492871145325816 0
1295 0.01032077194535606 0.01638731010971022 0
1296 0.01930482715982849 0.03246109342482575 0
1297 0.01730498162873633 0.003844972619185094 0
1298 0.01649408829479927 0.03929569958848912 0
1299 0.0122499760260406 0.02969457743123076 0
1300 0.01206479760048669 0.03046243237398111 0
1301 0.01151825174240259 0.001296262444624587 0
1302 0.005841426547159105 0.02571532135407498 0
1303 0.01775243807559164 0.003199696535074167 0
1304 0.008139575357546353 0.00670877839233671 0
1305 0.01060268833137392 0.02803799308362437 0
1306 0.003843919815112789 0.01010195541937324 0
1307 0.004053403703821394 0.02866064941016695 0
1308 0.008362341708698377 0.02136173987397224 0
1309 0.013821862186814 0.002750972471038379 0
1310 0.0180515995405832 0.01438151039202125 0
1311 0.007321367281082059 0.01502337561514254 0
1312 0.0143736802704409 0.03262235697144936 0
1313 0.001448440702268112 0.01657881562025549 0
1314 0.01266684649466568 0.03938750124461642 0
1315 0.01879049997247066 0.03923974442242367 0
1316 0.01808040512023614 0.0006811683105487423 0
1317 0.01766401784098358 0.00131891883981166 0
1318 0.008369235842687764 0.01574847083213866 0
1319 0.006845149140309878 0.02391410411287518 0
1320 0.01276069183822401 0.02184778486736189 0
1321 0.01601848787586406 0.03865169380311246 0
1322 0.005989561286896933 0.0249241857708247 0
1323 0.01797617862224282 0.03931454359670399 0
1324 0.01869094767070442 0.01240167159769749 0
1325 0.000687876237006434 0.004371326430847439 0
1326 0.01929758798314492 0.01914590035477858 0
1327 0.01601014351102283 0.0245751620926003 0
1328 0.01678729082257192 0.02460135456405119 0
1329 0.01871162048431348 0.02656634684541746 0
1330 0.01157621587070888 0.02252860442823829 0
1331 0.003339418653938587 0.01944333822582629 0
1332 0.0007081803801606522 0.001190790252097878 0
1333 0.01716357272029339 0.0253137612814801 0
1334 0.006789131037547519 0.02826803329208965 0
1335 0.003820613264157984 0.00873681773531668 0
1336 0.01286498312822614 0.02440114478621722 0
1337 0.01582594178088681 0.03578576312855387 0
1338 0.003496391445564326 0.01220971016030683 0
1339 0.008665828395490601 0.025386678475867 0
1340 0.01421939274487694 0.03931384298223263 0
1341 0.01265153666200773 0.01774365000440649 0
1342 0.003466590243420258 0.03940917502338171 0
1343 0.0151919561369642 0.01128720629583608 0
1344 0.003008141448118633 0.03623331193109225 0
1345 0.008669968093862376 0.0329220332968458 0
1346 0.008472182986939808 0.01007215297808708 0
1347 0.002431052648444829 0.01437918823691233 0
1348 0.002785118719047412 0.01364824962143176 0
1349 0.008214899051113764 0.003945218745971035 0
1350 0.01935136025668226 0.001174349809981406 0
1351 0.006941349951842372 0.007364212769201559 0
1352 0.01934341418564729 0.01686372553849724 0
1353 0.009643923760597417 0.01082986856283601 0
1354 0.01558320982163671 0.02111959740186347 0
1355 0.01280707767642536 0.02307143830081006 0
1356 0.001226547494646617 0.03940143718984404 0
1357 0.00229696966167449 0.02532293552932334 0
1358 0.01936134282686762 0.01364966518417042 0
1359 0.01070779415567306 0.01984902348562263 0
1360 0.01268636768543012 0.0191107220520534 0
1361 0.01189930899224709 0.01913664675175369 0
1362 0.01185540336099679 0.01640867789971731 0
1363 0.01126506177750428 0.00820097907707925 0
1364 0.01193333390475692 0.01230984460744052 0
1365 0.01871468021293216 0.02978745472093554 0
1366 0.01231315143959066 0.01304017653836783 0
1367 0.01678785178478312 0.02597071389838028 0
1368 0.001855893408917146 0.003753456649878778 0
1369 0.01116194711180329 0.02185441754489101 0
1370 0.01470576093283751 0.03108546466563829 0
1371 0.01339628658883166 0.0138126852993654 0
1372 0.01177756269578838 0.02514544180736817 0
1373 0.01877464494190398 0.005369716042508294 0
1374 0.003658671831035994 0.01504000381457182 0
1375 0.003308048794444004 0.01572666512728913 0
1376 0.002319831066421466 0.02250609282796503 0
1377 0.008460041335794186 0.03822327050214486 0
1378 0.01717793764996353 0.02667731887317962 0
1379 0.01241796166054368 0.03552608117217042 0
1380 0.00802361561645438 0.01504172670676997 0
1381 0.01052399838952695 0.03089197835819226 0
1382 0.01302556315687185 0.02948713871162505 0
1383 0.01375747091243183 0.02923704600250374 0
1384 0.01865826242228751 0.01019426235834412 0
1385 0.01598786363888674 0.03006881227836046 0
1386 0.01711182344447901 0.001836046959277103 0
1387 0.01238786632201788 0.02248277741034488 0
1388 0.005868886855162197 0.01358646446558377 0
1389 0.01165367642353416 0.008925119378293185 0
1390 0.01107079044450455 0.0149909612073844 0
1391 0.003335252437174805 0.02157225132476537 0
1392 0.005771111722254134 0.009330069055058085 0
1393 0.00342926834754235 0.008079242991430853 0
1394 0.01342857623554964 0.01908210275293708 0
1395 0.007158573968297752 0.02092596729797079 0
1396 0.01754547455033893 0.03015300611894875 0
1397 0.00843364683426041 0.01419726892829898 0
1398 0.0006315640303618947 0.02162063179819314 0
1399 0.006532651780570572 0.007989544685044623 0
1400 0.01151167984175512 0.01982765604981879 0
1401 0.002043651671869765 0.03358603994866181 0
1402 0.001240980685160403 0.007003284827941337 0
1403 0.001261837208789406 0.02433617274397261 0
1404 0.003406760900795218 0.01715121786450115 0
1405 0.003745022985509796 0.01641641332917881 0
1406 0.00731539282346314 0.008016613103071425 0
1407 0.001779443475435166 0.0315295547553759 0
1408 0.0193722909468537 0.003551007073668629 0
1409 0.01796997022224721 0.0321249753433903 0
1410 0.01936972744418329 0.02552854234863996 0
1411 0.01321473924450491 0.02245603760226908 0
1412 0.01087121097481626 0.02727812439880244 0
1413 0.006151683653232794 0.02778819031858561 0
1414 0.001371069166333897 0.03301065704617811 0
1415 0.01166797423289517 0.02713718054721373 0
1416 0.002869951331987046 0.01507691806074972 0
1417 0.01219545112260621 0.02763660425141839 0
1418 0.006138907080720714 0.008657952944419841 0
1419 0.000635124177263139 0.01928950780089388 0
1420 0.01342842518757297 0.02801813900304611 0
1421 0.01203707272862852 0.009625015432237089 0
1422 0.01283530919890584 0.009687594692756936 0
1423 0.01864556832934042 0.01725087794666744 0
1424 0.001418599102276158 0.005764259945945515 0
1425 0.005775379460335443 0.03940160282942337 0
1426 0.01333750891343157 0.02670488625065068 0
1427 0.00147964170081261 0.03681659872974737 0
1428 0.00308158800171977 0.02230598468207623 0
1429 0.001166084890207034 0.02592464182296657 0
1430 0.01252435244967447 0.004793277180132022 0
1431 0.01306053257817048 0.0131007124484958 0
1432 0.005495768740995085 0.01427172783284541 0
1433 0.001311745183861818 0.02657071977133675 0
1434 0.0005709209988949693 0.01537334563759766 0
1435 0.01800504020170164 0.00198429656552785 0
1436 0.01868300262426028 0.02065736957611158 0
1437 0.01406764444166497 0.01532990090610591 0
1438 0.01864753725510441 0.008873413836482061 0
1439 0.01292161221197316 0.004094896201260356 0
1440 0.01874226875169378 0.02819894251134231 0
1441 0.01522090071167672 0.02997351347335834 0
1442 0.01372761036475896 0.01455201128644236 0
1443 0.0058982689638896 0.0149585980976187 0
1444 0.006118389087795668 0.02412528106127708 0
1445 0.007754345738500853 0.01741607847227757 0
1446 0.004239922597232301 0.03940870344854289 0
1447 0.006670803119731904 0.0203297450871439 0
1448 0.01253776143823796 0.03470139997920202 0
1449 0.003020087055728003 0.02928274462827563 0
1450 0.01868747703098755 0.03193342847339112 0
1451 0.01062899053499386 0.037502875683801 0
1452 0.01069205064023813 0.001277559473956757 0
1453 0.007998732779068415 0.01650801573293565 0
1454 0.001564305575951348 0.01857247797227864 0
1455 0.001238767932749209 0.03452062571399133 0
1456 0.001205384202440263 0.01096885111356882 0
1457 0.003590331654974365 0.02286783362081779 0
1458 0.01145290578872963 0.01570992825082188 0
1459 0.006942423401833601 0.0387908563617456 0
1460 0.01940791146676963 0.006749286233167069 0
1461 0.009017607911724637 0.03867567955314221 0
1462 0.004716465881003586 0.0312285037347892 0
1463 0.01686198274645391 0.001192474183798194 0
1464 0.002010324722457619 0.03935714720384273 0
1465 0.007664661815406752 0.02138640233108768 0
1466 0.01868062773715512 0.02273564143788437 0
1467 0.00123861244140115 0.007857818327953953 0
1468 0.003849227859759504 0.02569641815466837 0
1469 0.01877670872397838 0.01105205089843788 0
1470 0.001319631308700518 0.03822405829873315 0
1471 0.005333006891453176 0.001213167661105803 0
1472 0.01195426208096296 0.03411856005745095 0
1473 0.018806538725804 0.03837275309570925 0
1474 0.004606541985788539 0.03880329535824895 0
1475 0.0112336129844306 0.03809853108943246 0
1476 0.01302468579965503 0.0184581629977392 0
1477 0.001210690475216773 0.009429286647360558 0
1478 0.007312880219805584 0.0004745698912255597 0
1479 0.00807233090001489 0.0134758103224058 0
1480 0.01500479252097088 0.02933982183459785 0
1481 0.008906047650816221 0.01076459549059562 0
1482 0.001322314086018928 0.02732747679617103 0
1483 0.01879703140058267 0.03518193204536112 0
1484 0.01178907421291726 0.03857839717741647 0
1485 0.01257308226284061 0.01646500610731083 0
1486 0.001405270889030303 0.02799864833443849 0
1487 0.01809773121399052 0.01623741539009274 0
1488 0.0133601459068766 0.003431953521564633 0
1489 0.00632368573412986 0.01564532204901683 0
1490 0.001288717678938756 0.01239460329760756 0
1491 0.01650057462066099 0.0005410542912438476 0
1492 0.001203020957948777 0.002406795614474464 0
1493 0.00885571842465618 0.0004728299571940993 0
1494 0.01537144007515365 0.03880078018171198 0
1495 0.001404906128408058 0.02522800906744221 0
1496 0.001165798014570434 0.02198976147489551 0
1497 0.009043815577843842 0.02621985983567192 0
1498 0.01251866549358936 0.0251132472480953 0
1499 0.0005426662171347987 0.01372571374012537 0
1500 0.01293484681630717 0.005471489109972087 0
1501 0.01326710431068123 0.02383180170172666 0
1502 0.01297349087453919 0.03878301668472237 0
1503 0.006956777830688303 0.01000861674958949 0
1504 0.0004970194395471986 0.02863830671200277 0
1505 0.008949030939815718 0.01769988088268123 0
1506 0.008161235184850405 0.01207160132449063 0
1507 0.00983510874875803 0.001245990563534874 0
1508 0.00745871438044819 0.02380387629857557 0
1509 0.004140721893024335 0.02344682299319785 0
1510 0.0163771695391915 0.03064712586272951 0
1511 0.01522202978727672 0.01611723173287829 0
1512 0.002312890812462397 0.001142344125612718 0
1513 0.01809478815950408 0.002646886522965745 0
1514 0.001233637166400807 0.0172170248625486 0
1515 0.005060522653518688 0.03761874699200528 0
1516 0.00853949657656464 0.01141471807936916 0
1517 0.01863280085474162 0.01456427108287907 0
1518 0.01393890277550971 0.006345795692734075 0
1519 0.004655237497876101 0.001096714721840614 0
1520 0.006910085378101803 0.01552273934746542 0
1521 0.01353994315708302 0.005336692828312499 0
1522 0.01879065044606812 0.03456232116492954 0
1523 0.006204014191397786 0.002010579235415189 0
1524 0.01949049296164848 0.004298842825623629 0
1525 0.01877827183351141 0.0187261071671698 0
1526 0.0111499420377986 0.03949706686332494 0
1527 0.003752378266626853 0.0301793535263981 0
1528 0.002146522600401789 0.01843339479419934 0
1529 0.008160417947512809 0.00131568859549426 0
1530 0.01332167017303425 0.01774892455563142 0
1531 0.0005740837479290325 0.000565255364771082 0
1532 0.007762793023786038 0.01283470533960309 0
1533 0.001572401749687254 0.001149685104094834 0
1534 0.01872563984122568 0.007632361736159684 0
1535 0.001253383204914308 0.02959880401623463 0
1536 0.01739800574787512 0.01750364411227434 0
1537 0.001940669513184059 0.035184189013522 0
1538 0.01943819096894503 0.03943474133682068 0
1539 0.008422096310137421 0.0388483159374081 0
1540 0.01283815087417289 0.007119468265716522 0
1541 0.00348153221038093 0.0004524865421867974 0
1542 0.01479480262986848 0.03043996951104661 0
1543 0.008296417037176689 0.01950268188739175 0
1544 0.0187317682758517 0.02413831029460251 0
1545 0.01947599235491053 0.0005230956900004261 0
1546 0.0188754253018877 0.03767193396365379 0
1547 0.01878518626549981 0.03129195699882945 0
1548 0.01877079012962771 0.02120818694121915 0
1549 0.01882564707857318 0.009479679991299511 0
1550 0.01750557332261049 0.03871693715707181 0
1551 0.01286795967514703 0.02569537213678601 0
1552 0.001238281028801426 0.003811644140334667 0
1553 0.01657200429103246 0.01748848106565373 0
1554 0.007441070371520187 0.02718947234391145 0
1555 0.004723267508507753 0.02328064461610634 0
1556 0.001195601419214706 0.03048488900811427 0
1557 0.0005574144735672089 0.03946817717133658 0
1558 0.003822995770758473 0.02652167344548394 0
1559 0.01807241047221623 0.01753401478140109 0
1560 0.01945250202536691 0.005665735239082649 0
1561 0.01382001753049713 0.02857713244490187 0
1562 0.001195968238730768 0.0197380848995998 0
1563 0.004112528333060403 0.001237934025573928 0
1564 0.01367488362487929 0.008903943577617536 0
1565 0.01574724365652257 0.000436969172135003 0
1566 0.01293078085054549 0.01711475231512722 0
1567 0.0027029580993422 0.02585297708993375 0
1568 0.01876968439049646 0.03388905677452553 0
1569 0.01857454398145437 0.03571903591016139 0
1570 0.01564448822009832 0.01676957668815705 0
1571 0.0130831092952891 0.007826942425812538 0
1572 0.01887023628296753 0.02594469010739429 0
1573 0.01302197881436842 0.02738619059980073 0
1574 0.006775557651179781 0.001247931329980544 0
1575 0.0004405599880960547 0.005106377628846897 0
1576 0.003117279445158417 0.03890845054108253 0
1577 0.01884855042928597 0.0150497896846681 0
1578 0.01892414879414044 0.01176592573844897 0
1579 0.01820434932009978 0.02316971383781011 0
1580 0.01231799588792174 0.03890692845415316 0
1581 0.01321543645149215 0.0165318268616307 0
1582 0.00112542153067131 0.006290452008333869 0
1583 0.01381380587869991 0.01656125391979255 0
1584 0.01897634255532279 0.004680747537249383 0
1585 0.00115487898312468 0.03135287581386419 0
1586 0.01709145959364733 0.03057677010244646 0
1587 0.01883018428123987 0.01313263437242355 0
1588 0.0003928475692882641 0.01608524214200314 0
1589 0.00793697588982136 0.0241206274579217 0
1590 0.008437775978995714 0.02661082324263673 0
$EndNodes
$Elements
3182
1 15 2 0 1 1
2 15 2 0 2 2
3 15 2 0 3 3
4 15 2 0 4 4
5 1 2 0 1 1 5
6 1 2 0 1 5 6
7 1 2 0 1 6 7
8 1 2 0 1 7 8
9 1 2 0 1 8 9
10 1 2 0 1 9 10
11 1 2 0 1 10 11
12 1 2 0 1 11 12
13 1 2 0 1 12 13
14 1 2 0 1 13 14
15 1 2 0 1 14 15
16 1 2 0 1 15 16
17 1 2 0 1 16 17
18 1 2 0 1 17 18
19 1 2 0 1 18 19
20 1 2 0 1 19 20
21 1 2 0 1 20 21
22 1 2 0 1 21 22
23 1 2 0 1 22 23
24 1 2 0 1 23 24
25 1 2 0 1 24 25
26 1 2 0 1 25 26
27 1 2 0 1 26 27
28 1 2 0 1 27 28
29 1 2 0 1 28 29
30 1 2 0 1 29 2
31 1 2 0 2 2 30
32 1 2 0 2 30 31
33 1 2 0 2 31 32
34 1 2 0 2 32 33
35 1 2 0 2 33 34
36 1 2 0 2 34 35
37 1 2 0 2 35 36
38 1 2 0 2 36 37
39 1 2 0 2 37 38
40 1 2 0 2 38 39
41 1 2 0 2 39 40
42 1 2 0 2 40 41
43 1 2 0 2 41 42
44 1 2 0 2 42 43
45 1 2 0 2 43 44
46 1 2 0 2 44 45
47 1 2 0 2 45 46
48 1 2 0 2 46 47
49 1 2 0 2 47 48
50 1 2 0 2 48 49
51 1 2 0 2 49 50
52 1 2 0 2 50 51
53 1 2 0 2 51 52
54 1 2 0 2 52 53
55 1 2 0 2 53 54
56 1 2 0 2 54 55
57 1 2 0 2 55 56
58 1 2 0 2 56 57
59 1 2 0 2 57 58
60 1 2 0 2 58 59
61 1 2 0 2 59 60
62 1 2 0 2 60 61
63 1 2 0 2 61 62
64 1 2 0 2 62 63
65 1 2 0 2 63 64
66 1 2 0 2 64 65
67 1 2 0 2 65 66
68 1 2 0 2 66 67
69 1 2 0 2 67 68
70 1 2 0 2 68 69
71 1 2 0 2 69 70
72 1 2 0 2 70 71
73 1 2 0 2 71 72
74 1 2 0 2 72 73
75 1 2 0 2 73 74
76 1 2 0 2 74 75
77 1 2 0 2 75 76
78 1 2 0 2 76 77
79 1 2 0 2 77 78
80 1 2 0 2 78 79
81 1 2 0 2 79 3
82 1 2 0 3 3 80
83 1 2 0 3 80 81
84 1 2 0 3 81 82
85 1 2 0 3 82 83
86 1 2 0 3 83 84
87 1 2 0 3 84 85
88 1 2 0 3 85 86
89 1 2 0 3 86 87
90 1 2 0 3 87 88
91 1 2 0 3 88 89
92 1 2 0 3 89 90
93 1 2 0 3 90 91
94 1 2 0 3 91 92
95 1 2 0 3 92 93
96 1 2 0 3 93 94
97 1 2 0 3 94 95
98 1 2 0 3 95 96
99 1 2 0 3 96 97
100 1 2 0 3 97 98
101 1 2 0 3 98 99
102 1 2 0 3 99 100
103 1 2 0 3 100 101
104 1 2 0 3 101 102
105 1 2 0 3 102 103
106 1 2 0 3 103 104
107 1 2 0 3 104 4
108 1 2 0 4 4 105
109 1 2 0 4 105 106
110 1 2 0 4 106 107
111 1 2 0 4 107 108
112 1 2 0 4 108 109
113 1 2 0 4 109 110
114 1 2 0 4 110 111
115 1 2 0 4 111 112
116 1 2 0 4 112 113
117 1 2 0 4 113 114
118 1 2 0 4 114 115
119 1 2 0 4 115 116
120 1 2 0 4 116 117
121 1 2 0 4 117 118
122 1 2 0 4 118 119
123 1 2 0 4 119 120
124 1 2 0 4 120 121
125 1 2 0 4 121 122
126 1 2 0 4 122 123
127 1 2 0 4 123 124
128 1 2 0 4 124 125
129 1 2 0 4 125 126
130 1 2 0 4 126 127
131 1 2 0 4 127 128
132 1 2 0 4 128 129
133 1 2 0 4 129 130
134 1 2 0 4 130 131
135 1 2 0 4 131 132
136 1 2 0 4 132 133
137 1 2 0 4 133 134
138 1 2 0 4 134 135
139 1 2 0 4 135 136
140 1 2 0 4 136 137
141 1 2 0 4 137 138
142 1 2 0 4 138 139
143 1 2 0 4 139 140
144 1 2 0 4 140 141
145 1 2 0 4 141 142
146 1 2 0 4 142 143
147 1 2 0 4 143 144
148 1 2 0 4 144 145
149 1 2 0 4 145 146
150 1 2 0 4 146 147
151 1 2 0 4 147 148
152 1 2 0 4 148 149
153 1 2 0 4 149 150
154 1 2 0 4 150 151
155 1 2 0 4 151 152
156 1 2 0 4 152 153
157 1 2 0 4 153 154
158 1 2 0 4 154 1
159 2 2 0 1 1269 1331 816
160 2 2 0 1 906 1025 964
161 2 2 0 1 55 1102 54
162 2 2 0 1 270 1235 1073
163 2 2 0 1 733 1259 1188
164 2 2 0 1 1024 1075 403
165 2 2 0 1 1073 1235 879
166 2 2 0 1 905 946 583
167 2 2 0 1 870 1154 869
168 2 2 0 1 1127 1317 1316
169 2 2 0 1 541 958 451
170 2 2 0 1 910 1396 838
171 2 2 0 1 155 1517 974
172 2 2 0 1 1154 1155 869
173 2 2 0 1 583 1025 905
174 2 2 0 1 1105 1425 863
175 2 2 0 1 863 1425 1050
176 2 2 0 1 974 1358 155
177 2 2 0 1 891 1376 1108
178 2 2 0 1 973 1193 312
179 2 2 0 1 953 1095 159
180 2 2 0 1 970 971 165
181 2 2 0 1 1136 1340 920
182 2 2 0 1 870 1393 1154
183 2 2 0 1 631 1515 822
184 2 2 0 1 964 1436 906
185 2 2 0 1 862 1247 710
186 2 2 0 1 1112 1537 737
187 2 2 0 1 1357 1495 1055
188 2 2 0 1 1448 1472 706
189 2 2 0 1 75 1186 74
190 2 2 0 1 980 1334 753
191 2 2 0 1 1211 1404 500
192 2 2 0 1 737 1175 1112
193 2 2 0 1 822 1515 1114
194 2 2 0 1 1004 1211 565
195 2 2 0 1 806 1503 691
196 2 2 0 1 940 1495 1357
197 2 2 0 1 1007 1161 196
198 2 2 0 1 691 1503 1170
199 2 2 0 1 691 1170 904
200 2 2 0 1 193 1082 1028
201 2 2 0 1 1189 1198 910
202 2 2 0 1 1176 1185 188
203 2 2 0 1 1037 1564 820
204 2 2 0 1 1177 1185 1176
205 2 2 0 1 542 1121 1119
206 2 2 0 1 838 1365 910
207 2 2 0 1 1004 1404 1211
208 2 2 0 1 960 1307 529
209 2 2 0 1 565 1269 1004
210 2 2 0 1 971 1022 165
211 2 2 0 1 743 1075 1024
212 2 2 0 1 312 1193 283
213 2 2 0 1 403 1247 1024
214 2 2 0 1 959 1383 528
215 2 2 0 1 529 1449 960
216 2 2 0 1 1259 1555 1188
217 2 2 0 1 820 1571 1037
218 2 2 0 1 176 990 955
219 2 2 0 1 927 1527 473
220 2 2 0 1 1311 1380 857
221 2 2 0 1 981 1334 980
222 2 2 0 1 1111 1427 198
223 2 2 0 1 918 1550 195
224 2 2 0 1 214 1470 1215
225 2 2 0 1 923 1269 816
226 2 2 0 1 176 1565 990
227 2 2 0 1 710 1247 754
228 2 2 0 1 583 958 541
229 2 2 0 1 528 1480 959
230 2 2 0 1 318 1193 983
231 2 2 0 1 1056 1057 207
232 2 2 0 1 869 1467 1402
233 2 2 0 1 955 1290 176
234 2 2 0 1 195 1298 918
235 2 2 0 1 473 1072 927
236 2 2 0 1 1180 1248 567
237 2 2 0 1 975 1437 1222
238 2 2 0 1 1233 1553 670
239 2 2 0 1 1072 1462 987
240 2 2 0 1 61 1221 60
241 2 2 0 1 1108 1376 707
242 2 2 0 1 983 1465 318
243 2 2 0 1 1081 1393 870
244 2 2 0 1 196 1365 1007
245 2 2 0 1 1113 1537 1112
246 2 2 0 1 672 1025 582
247 2 2 0 1 1339 1497 924
248 2 2 0 1 1429 1495 940
249 2 2 0 1 204 1466 1200
250 2 2 0 1 1127 1316 212
251 2 2 0 1 692 1479 950
252 2 2 0 1 788 1458 1362
253 2 2 0 1 1093 1288 696
254 2 2 0 1 820 1564 954
255 2 2 0 1 1005 1454 208
256 2 2 0 1 1155 1467 869
257 2 2 0 1 436 977 435
258 2 2 0 1 1032 1043 229
259 2 2 0 1 542 1119 1085
260 2 2 0 1 695 1384 1098
261 2 2 0 1 1170 1346 904
262 2 2 0 1 1401 1414 1015
263 2 2 0 1 915 1473 1315
264 2 2 0 1 74 1186 177
265 2 2 0 1 1215 1356 214
266 2 2 0 1 1085 1119 758
267 2 2 0 1 473 1462 1072
268 2 2 0 1 187 1464 1214
269 2 2 0 1 1332 1533 1034
270 2 2 0 1 1271 1290 834
271 2 2 0 1 1028 1512 193
272 2 2 0 1 291 1497 1339
273 2 2 0 1 987 1013 986
274 2 2 0 1 986 1013 366
275 2 2 0 1 632 1400 1361
276 2 2 0 1 1298 1321 918
277 2 2 0 1 993 994 202
278 2 2 0 1 366 1190 986
279 2 2 0 1 1024 1247 862
280 2 2 0 1 1362 1458 871
281 2 2 0 1 647 1031 658
282 2 2 0 1 969 1553 1233
283 2 2 0 1 274 1243 944
284 2 2 0 1 964 1025 672
285 2 2 0 1 312 1508 973
286 2 2 0 1 857 1380 1318
287 2 2 0 1 582 1025 583
288 2 2 0 1 1315 1323 915
289 2 2 0 1 830 1130 1129
290 2 2 0 1 179 1102 55
291 2 2 0 1 754 1247 1045
292 2 2 0 1 1389 1421 544
293 2 2 0 1 811 1259 733
294 2 2 0 1 950 1479 1397
295 2 2 0 1 910 1365 1189
296 2 2 0 1 1158 1414 1401
297 2 2 0 1 167 1162 1156
298 2 2 0 1 958 1033 451
299 2 2 0 1 1355 1501 1068
300 2 2 0 1 658 1031 873
301 2 2 0 1 512 1010 801
302 2 2 0 1 1214 1464 1215
303 2 2 0 1 944 1543 274
304 2 2 0 1 758 1119 1118
305 2 2 0 1 1297 1303 962
306 2 2 0 1 246 1481 1346
307 2 2 0 1 565 1331 1269
308 2 2 0 1 227 1032 229
309 2 2 0 1 542 1123 1121
310 2 2 0 1 855 1453 1445
311 2 2 0 1 211 1332 1034
312 2 2 0 1 1073 1445 952
313 2 2 0 1 925 1432 1388
314 2 2 0 1 806 1132 1094
315 2 2 0 1 1185 1186 75
316 2 2 0 1 1006 1313 166
317 2 2 0 1 283 1193 318
318 2 2 0 1 566 1307 960
319 2 2 0 1 1030 1194 491
320 2 2 0 1 1102 1326 54
321 2 2 0 1 1208 1283 1180
322 2 2 0 1 422 1023 1011
323 2 2 0 1 992 1253 510
324 2 2 0 1 413 1012 699
325 2 2 0 1 920 1340 1250
326 2 2 0 1 1200 1280 204
327 2 2 0 1 946 958 583
328 2 2 0 1 1091 1092 620
329 2 2 0 1 208 1257 1005
330 2 2 0 1 208 1454 1041
331 2 2 0 1 1437 1442 1086
332 2 2 0 1 834 1290 1172
333 2 2 0 1 873 1442 1437
334 2 2 0 1 1361 1400 1097
335 2 2 0 1 972 1030 536
336 2 2 0 1 1380 1397 307
337 2 2 0 1 1263 1310 757
338 2 2 0 1 1439 1488 821
339 2 2 0 1 435 977 440
340 2 2 0 1 911 1571 1540
341 2 2 0 1 436 1033 977
342 2 2 0 1 165 1289 970
343 2 2 0 1 1004 1269 1003
344 2 2 0 1 1057 1296 207
345 2 2 0 1 678 1190 676
346 2 2 0 1 493 1275 1160
347 2 2 0 1 989 1052 1051
348 2 2 0 1 410 1392 1216
349 2 2 0 1 639 1051 399
350 2 2 0 1 176 1290 1271
351 2 2 0 1 1160 1275 831
352 2 2 0 1 841 1378 1080
353 2 2 0 1 1007 1365 838
354 2 2 0 1 203 1486 951
355 2 2 0 1 1146 1475 1451
356 2 2 0 1 488 1030 491
357 2 2 0 1 953 1329 1095
358 2 2 0 1 966 1182 157
359 2 2 0 1 1127 1435 1317
360 2 2 0 1 994 995 202
361 2 2 0 1 410 1216 1094
362 2 2 0 1 841 1080 953
363 2 2 0 1 571 1234 597
364 2 2 0 1 201 1100 1019
365 2 2 0 1 1497 1590 924
366 2 2 0 1 1042 1223 180
367 2 2 0 1 1243 1308 945
368 2 2 0 1 920 1494 1136
369 2 2 0 1 1232 1339 814
370 2 2 0 1 715 1043 1032
371 2 2 0 1 1066 1232 814
372 2 2 0 1 960 1187 566
373 2 2 0 1 1094 1132 414
374 2 2 0 1 976 1115 170
375 2 2 0 1 983 1193 810
376 2 2 0 1 180 1562 1042
377 2 2 0 1 246 1346 1008
378 2 2 0 1 1445 1453 952
379 2 2 0 1 1417 1573 694
380 2 2 0 1 757 1310 916
381 2 2 0 1 1045 1248 754
382 2 2 0 1 566 1187 1044
383 2 2 0 1 1180 1283 1052
384 2 2 0 1 1279 1295 260
385 2 2 0 1 1090 1276 1160
386 2 2 0 1 60 1221 163
387 2 2 0 1 1347 1416 996
388 2 2 0 1 244 1167 247
389 2 2 0 1 392 1020 466
390 2 2 0 1 1044 1187 941
391 2 2 0 1 987 1061 1013
392 2 2 0 1 762 1361 1097
393 2 2 0 1 1162 1467 1156
394 2 2 0 1 1183 1237 614
395 2 2 0 1 451 1033 438
396 2 2 0 1 972 1378 841
397 2 2 0 1 911 1540 1078
398 2 2 0 1 222 1092 220
399 2 2 0 1 399 1051 356
400 2 2 0 1 1468 1558 1009
401 2 2 0 1 950 1397 1380
402 2 2 0 1 1035 1590 1497
403 2 2 0 1 1384 1469 1098
404 2 2 0 1 1134 1472 1448
405 2 2 0 1 1016 1210 205
406 2 2 0 1 696 1288 864
407 2 2 0 1 723 1288 1093
408 2 2 0 1 414 1132 416
409 2 2 0 1 567 1248 1045
410 2 2 0 1 857 1520 1311
411 2 2 0 1 601 1344 737
412 2 2 0 1 433 1320 431
413 2 2 0 1 1172 1290 708
414 2 2 0 1 989 1180 1052
415 2 2 0 1 905 1025 906
416 2 2 0 1 654 1054 833
417 2 2 0 1 404 1081 385
418 2 2 0 1 1451 1475 971
419 2 2 0 1 903 1471 1178
420 2 2 0 1 1118 1159 1120
421 2 2 0 1 198 1427 1195
422 2 2 0 1 577 1069 850
423 2 2 0 1 989 1051 639
424 2 2 0 1 1090 1091 620
425 2 2 0 1 989 1248 1180
426 2 2 0 1 1118 1120 758
427 2 2 0 1 620 1092 222
428 2 2 0 1 482 1558 1468
429 2 2 0 1 951 1504 203
430 2 2 0 1 507 1253 509
431 2 2 0 1 61 1410 1221
432 2 2 0 1 1388 1432 419
433 2 2 0 1 967 1152 511
434 2 2 0 1 516 982 458
435 2 2 0 1 1089 1488 1439
436 2 2 0 1 171 1534 1063
437 2 2 0 1 486 1030 488
438 2 2 0 1 1269 1528 1003
439 2 2 0 1 1222 1583 975
440 2 2 0 1 679 1015 795
441 2 2 0 1 1064 1560 37
442 2 2 0 1 543 1171 1029
443 2 2 0 1 548 1197 469
444 2 2 0 1 547 680 546
445 2 2 0 1 903 1519 1471
446 2 2 0 1 753 1413 610
447 2 2 0 1 638 1076 723
448 2 2 0 1 1175 1427 1112
449 2 2 0 1 423 1037 424
450 2 2 0 1 1019 1456 201
451 2 2 0 1 166 1588 1006
452 2 2 0 1 388 1123 354
453 2 2 0 1 1213 1422 954
454 2 2 0 1 246 1008 241
455 2 2 0 1 332 1266 330
456 2 2 0 1 512 1122 1010
457 2 2 0 1 1032 1207 942
458 2 2 0 1 1071 1233 670
459 2 2 0 1 352 1020 392
460 2 2 0 1 616 648 594
461 2 2 0 1 558 1060 571
462 2 2 0 1 190 1493 1070
463 2 2 0 1 984 1422 1213
464 2 2 0 1 338 1061 353
465 2 2 0 1 801 1010 804
466 2 2 0 1 424 1037 467
467 2 2 0 1 344 854 342
468 2 2 0 1 607 1303 1297
469 2 2 0 1 501 1211 500
470 2 2 0 1 234 235 233
471 2 2 0 1 952 1505 1073
472 2 2 0 1 231 1043 234
473 2 2 0 1 460 511 418
474 2 2 0 1 37 1460 1064
475 2 2 0 1 1317 1435 1386
476 2 2 0 1 829 1348 979
477 2 2 0 1 946 1354 958
478 2 2 0 1 1028 1082 902
479 2 2 0 1 1060 1234 571
480 2 2 0 1 445 1071 456
481 2 2 0 1 1018 1126 189
482 2 2 0 1 668 819 559
483 2 2 0 1 679 794 793
484 2 2 0 1 296 297 295
485 2 2 0 1 1080 1329 953
486 2 2 0 1 729 1188 728
487 2 2 0 1 322 1040 371
488 2 2 0 1 731 983 810
489 2 2 0 1 798 1164 1019
490 2 2 0 1 1139 1423 756
491 2 2 0 1 504 1211 501
492 2 2 0 1 830 1490 1130
493 2 2 0 1 982 1191 458
494 2 2 0 1 590 1468 1009
495 2 2 0 1 247 248 245
496 2 2 0 1 385 1081 422
497 2 2 0 1 1002 1313 999
498 2 2 0 1 823 890 667
499 2 2 0 1 777 1349 1046
500 2 2 0 1 932 934 933
501 2 2 0 1 986 1190 678
502 2 2 0 1 776 1229 778
503 2 2 0 1 12 1281 11
504 2 2 0 1 456 1071 670
505 2 2 0 1 1200 1466 885
506 2 2 0 1 647 658 657
507 2 2 0 1 170 1459 976
508 2 2 0 1 239 1224 242
509 2 2 0 1 343 345 344
510 2 2 0 1 1289 1461 970
511 2 2 0 1 858 1421 1389
512 2 2 0 1 392 393 391
513 2 2 0 1 528 1140 490
514 2 2 0 1 992 1447 732
515 2 2 0 1 743 1515 631
516 2 2 0 1 1063 1460 171
517 2 2 0 1 536 1378 972
518 2 2 0 1 689 813 812
519 2 2 0 1 890 908 667
520 2 2 0 1 712 713 606
521 2 2 0 1 804 887 886
522 2 2 0 1 240 675 674
523 2 2 0 1 496 1071 445
524 2 2 0 1 767 1254 764
525 2 2 0 1 614 1237 615
526 2 2 0 1 1223 1398 128
527 2 2 0 1 369 370 365
528 2 2 0 1 762 1097 1096
529 2 2 0 1 605 790 647
530 2 2 0 1 929 930 928
531 2 2 0 1 1016 1585 1407
532 2 2 0 1 776 777 775
533 2 2 0 1 1347 1348 968
534 2 2 0 1 21 169 20
535 2 2 0 1 1011 1165 1067
536 2 2 0 1 1198 1547 910
537 2 2 0 1 438 1033 436
538 2 2 0 1 967 1348 1152
539 2 2 0 1 1118 1119 981
540 2 2 0 1 845 1237 1183
541 2 2 0 1 479 1044 482
542 2 2 0 1 1050 1474 1114
543 2 2 0 1 450 1327 454
544 2 2 0 1 339 1061 338
545 2 2 0 1 205 1585 1016
546 2 2 0 1 304 308 305
547 2 2 0 1 1094 1216 806
548 2 2 0 1 178 1474 1050
549 2 2 0 1 804 1010 887
550 2 2 0 1 510 1292 992
551 2 2 0 1 815 1047 697
552 2 2 0 1 422 1081 1023
553 2 2 0 1 539 1060 558
554 2 2 0 1 479 480 478
555 2 2 0 1 1054 1055 833
556 2 2 0 1 239 242 241
557 2 2 0 1 978 993 164
558 2 2 0 1 1070 1529 190
559 2 2 0 1 252 1256 255
560 2 2 0 1 790 1031 647
561 2 2 0 1 753 1554 980
562 2 2 0 1 503 505 504
563 2 2 0 1 252 255 254
564 2 2 0 1 290 293 292
565 2 2 0 1 1272 1351 839
566 2 2 0 1 1001 1003 1002
567 2 2 0 1 260 1295 263
568 2 2 0 1 944 1243 945
569 2 2 0 1 505 506 504
570 2 2 0 1 415 1012 413
571 2 2 0 1 676 1190 982
572 2 2 0 1 597 1234 779
573 2 2 0 1 656 896 653
574 2 2 0 1 991 1017 257
575 2 2 0 1 740 1056 878
576 2 2 0 1 253 656 653
577 2 2 0 1 1241 1255 874
578 2 2 0 1 629 1098 739
579 2 2 0 1 305 1120 303
580 2 2 0 1 460 967 511
581 2 2 0 1 612 1059 650
582 2 2 0 1 465 1153 498
583 2 2 0 1 537 617 508
584 2 2 0 1 414 416 415
585 2 2 0 1 465 498 495
586 2 2 0 1 198 1195 1151
587 2 2 0 1 956 1116 666
588 2 2 0 1 1046 1266 402
589 2 2 0 1 815 1062 1047
590 2 2 0 1 972 1194 1030
591 2 2 0 1 810 973 811
592 2 2 0 1 919 920 660
593 2 2 0 1 822 1110 1109
594 2 2 0 1 1067 1165 359
595 2 2 0 1 620 1276 1090
596 2 2 0 1 432 433 431
597 2 2 0 1 739 751 750
598 2 2 0 1 679 795 794
599 2 2 0 1 1452 1507 1219
600 2 2 0 1 502 1261 579
601 2 2 0 1 702 1164 798
602 2 2 0 1 588 654 589
603 2 2 0 1 714 1197 548
604 2 2 0 1 317 322 321
605 2 2 0 1 430 432 431
606 2 2 0 1 809 1014 781
607 2 2 0 1 675 748 674
608 2 2 0 1 788 1295 1279
609 2 2 0 1 1027 1527 927
610 2 2 0 1 456 541 451
611 2 2 0 1 662 912 672
612 2 2 0 1 1033 1354 977
613 2 2 0 1 895 1310 1263
614 2 2 0 1 1103 1138 191
615 2 2 0 1 425 1181 397
616 2 2 0 1 577 850 686
617 2 2 0 1 477 1044 479
618 2 2 0 1 958 1354 1033
619 2 2 0 1 459 574 517
620 2 2 0 1 1266 1349 745
621 2 2 0 1 573 1501 1355
622 2 2 0 1 425 1197 1148
623 2 2 0 1 736 828 703
624 2 2 0 1 996 998 997
625 2 2 0 1 1135 1337 1264
626 2 2 0 1 296 298 297
627 2 2 0 1 1346 1481 904
628 2 2 0 1 713 1426 943
629 2 2 0 1 298 301 300
630 2 2 0 1 572 603 563
631 2 2 0 1 900 907 832
632 2 2 0 1 574 575 517
633 2 2 0 1 544 1421 1167
634 2 2 0 1 741 817 635
635 2 2 0 1 1222 1437 550
636 2 2 0 1 202 1499 993
637 2 2 0 1 908 1533 1512
638 2 2 0 1 734 1042 922
639 2 2 0 1 387 471 388
640 2 2 0 1 715 1032 942
641 2 2 0 1 907 1090 832
642 2 2 0 1 778 1229 900
643 2 2 0 1 380 1209 378
644 2 2 0 1 509 537 508
645 2 2 0 1 717 719 718
646 2 2 0 1 489 874 487
647 2 2 0 1 520 1087 519
648 2 2 0 1 705 841 840
649 2 2 0 1 730 732 731
650 2 2 0 1 489 875 874
651 2 2 0 1 345 346 344
652 2 2 0 1 1046 1349 1266
653 2 2 0 1 450 454 453
654 2 2 0 1 811 1444 1259
655 2 2 0 1 644 649 375
656 2 2 0 1 652 694 684
657 2 2 0 1 1001 1002 999
658 2 2 0 1 221 223 222
659 2 2 0 1 315 1167 724
660 2 2 0 1 192 1324 1168
661 2 2 0 1 595 691 690
662 2 2 0 1 602 982 516
663 2 2 0 1 997 1006 995
664 2 2 0 1 874 1255 487
665 2 2 0 1 724 1422 984
666 2 2 0 1 641 827 826
667 2 2 0 1 229 1043 231
668 2 2 0 1 899 1017 991
669 2 2 0 1 511 1338 1012
670 2 2 0 1 410 1094 411
671 2 2 0 1 1556 1585 1249
672 2 2 0 1 304 305 303
673 2 2 0 1 709 976 861
674 2 2 0 1 376 1049 372
675 2 2 0 1 962 1303 1018
676 2 2 0 1 663 1028 902
677 2 2 0 1 1152 1348 829
678 2 2 0 1 461 462 460
679 2 2 0 1 793 986 678
680 2 2 0 1 330 1266 745
681 2 2 0 1 479 481 480
682 2 2 0 1 457 549 421
683 2 2 0 1 420 457 421
684 2 2 0 1 228 1274 493
685 2 2 0 1 416 1132 518
686 2 2 0 1 732 983 731
687 2 2 0 1 499 502 501
688 2 2 0 1 968 1416 1347
689 2 2 0 1 449 1327 450
690 2 2 0 1 737 1344 1175
691 2 2 0 1 716 1079 1078
692 2 2 0 1 673 838 630
693 2 2 0 1 765 1337 1135
694 2 2 0 1 1029 1263 543
695 2 2 0 1 929 1585 1556
696 2 2 0 1 49 1138 48
697 2 2 0 1 565 1211 504
698 2 2 0 1 780 789 786
699 2 2 0 1 891 892 735
700 2 2 0 1 7 1231 6
701 2 2 0 1 831 1349 777
702 2 2 0 1 595 690 586
703 2 2 0 1 341 1085 326
704 2 2 0 1 491 1194 524
705 2 2 0 1 608 809 781
706 2 2 0 1 588 1054 654
707 2 2 0 1 1315 1473 213
708 2 2 0 1 394 1171 420
709 2 2 0 1 600 805 452
710 2 2 0 1 533 548 469
711 2 2 0 1 673 1007 838
712 2 2 0 1 1299 1382 1039
713 2 2 0 1 259 991 257
714 2 2 0 1 391 1101 346
715 2 2 0 1 812 924 725
716 2 2 0 1 551 616 594
717 2 2 0 1 766 767 764
718 2 2 0 1 1048 1122 446
719 2 2 0 1 360 361 339
720 2 2 0 1 426 1197 425
721 2 2 0 1 328 1274 230
722 2 2 0 1 491 524 492
723 2 2 0 1 1274 1275 493
724 2 2 0 1 398 399 356
725 2 2 0 1 524 525 492
726 2 2 0 1 1137 1171 466
727 2 2 0 1 747 825 824
728 2 2 0 1 601 602 516
729 2 2 0 1 1027 1449 529
730 2 2 0 1 822 1474 1110
731 2 2 0 1 257 1017 254
732 2 2 0 1 490 1140 489
733 2 2 0 1 612 650 552
734 2 2 0 1 484 1043 715
735 2 2 0 1 538 720 587
736 2 2 0 1 497 547 546
737 2 2 0 1 247 1167 315
738 2 2 0 1 1011 1067 422
739 2 2 0 1 456 553 541
740 2 2 0 1 1147 1293 842
741 2 2 0 1 626 628 627
742 2 2 0 1 791 792 619
743 2 2 0 1 781 1071 496
744 2 2 0 1 1152 1338 511
745 2 2 0 1 789 909 786
746 2 2 0 1 364 567 369
747 2 2 0 1 1120 1159 303
748 2 2 0 1 530 613 612
749 2 2 0 1 502 579 554
750 2 2 0 1 1288 1438 864
751 2 2 0 1 1090 1160 832
752 2 2 0 1 439 1320 433
753 2 2 0 1 514 1069 577
754 2 2 0 1 685 1076 638
755 2 2 0 1 185 1240 1021
756 2 2 0 1 323 336 325
757 2 2 0 1 567 1208 1180
758 2 2 0 1 1372 1498 712
759 2 2 0 1 739 750 738
760 2 2 0 1 307 991 259
761 2 2 0 1 647 657 261
762 2 2 0 1 1386 1435 1117
763 2 2 0 1 442 447 443
764 2 2 0 1 867 1376 891
765 2 2 0 1 338 353 341
766 2 2 0 1 587 1060 539
767 2 2 0 1 726 856 855
768 2 2 0 1 925 1388 646
769 2 2 0 1 367 1067 350
770 2 2 0 1 338 341 326
771 2 2 0 1 1052 1283 1053
772 2 2 0 1 322 371 324
773 2 2 0 1 1031 1442 873
774 2 2 0 1 1216 1392 877
775 2 2 0 1 1034 1533 908
776 2 2 0 1 1156 1467 1155
777 2 2 0 1 184 1111 109
778 2 2 0 1 440 442 441
779 2 2 0 1 994 1347 996
780 2 2 0 1 159 1440 953
781 2 2 0 1 727 1537 1455
782 2 2 0 1 374 377 376
783 2 2 0 1 622 729 728
784 2 2 0 1 979 1347 994
785 2 2 0 1 702 798 797
786 2 2 0 1 273 276 275
787 2 2 0 1 475 566 477
788 2 2 0 1 263 266 265
789 2 2 0 1 466 1203 1137
790 2 2 0 1 159 1095 64
791 2 2 0 1 692 950 693
792 2 2 0 1 689 1065 813
793 2 2 0 1 698 1297 962
794 2 2 0 1 751 752 750
795 2 2 0 1 853 1156 1155
796 2 2 0 1 355 398 356
797 2 2 0 1 955 956 666
798 2 2 0 1 601 636 602
799 2 2 0 1 616 711 648
800 2 2 0 1 540 1351 1272
801 2 2 0 1 957 1336 805
802 2 2 0 1 705 840 673
803 2 2 0 1 368 385 367
804 2 2 0 1 843 1237 845
805 2 2 0 1 650 671 651
806 2 2 0 1 362 1208 364
807 2 2 0 1 1036 1251 818
808 2 2 0 1 703 1164 702
809 2 2 0 1 1134 1379 1183
810 2 2 0 1 447 448 443
811 2 2 0 1 1172 1291 834
812 2 2 0 1 416 417 415
813 2 2 0 1 798 799 797
814 2 2 0 1 758 1120 313
815 2 2 0 1 379 381 380
816 2 2 0 1 364 369 365
817 2 2 0 1 419 461 460
818 2 2 0 1 774 776 775
819 2 2 0 1 545 1145 468
820 2 2 0 1 183 1321 1298
821 2 2 0 1 158 1107 126
822 2 2 0 1 413 699 412
823 2 2 0 1 1076 1077 723
824 2 2 0 1 1403 1495 1143
825 2 2 0 1 485 536 486
826 2 2 0 1 288 1232 286
827 2 2 0 1 562 770 560
828 2 2 0 1 732 1447 1395
829 2 2 0 1 928 1027 927
830 2 2 0 1 314 580 320
831 2 2 0 1 1206 1424 175
832 2 2 0 1 691 904 690
833 2 2 0 1 1013 1061 339
834 2 2 0 1 1015 1016 795
835 2 2 0 1 467 545 468
836 2 2 0 1 401 1084 389
837 2 2 0 1 948 949 849
838 2 2 0 1 1077 1288 723
839 2 2 0 1 411 1094 414
840 2 2 0 1 789 1396 910
841 2 2 0 1 536 1030 486
842 2 2 0 1 898 1532 1506
843 2 2 0 1 221 1089 223
844 2 2 0 1 590 1054 588
845 2 2 0 1 626 627 625
846 2 2 0 1 741 818 817
847 2 2 0 1 719 808 807
848 2 2 0 1 243 1353 246
849 2 2 0 1 255 256 254
850 2 2 0 1 677 1015 679
851 2 2 0 1 45 1168 44
852 2 2 0 1 718 1204 744
853 2 2 0 1 662 965 912
854 2 2 0 1 325 985 321
855 2 2 0 1 961 1584 1373
856 2 2 0 1 78 1166 77
857 2 2 0 1 514 555 513
858 2 2 0 1 1455 1537 1113
859 2 2 0 1 474 1123 388
860 2 2 0 1 900 1070 907
861 2 2 0 1 314 320 319
862 2 2 0 1 1286 1300 1088
863 2 2 0 1 279 282 281
864 2 2 0 1 230 1274 228
865 2 2 0 1 800 1327 449
866 2 2 0 1 853 1154 888
867 2 2 0 1 740 878 741
868 2 2 0 1 1195 1470 1151
869 2 2 0 1 389 1084 530
870 2 2 0 1 268 269 267
871 2 2 0 1 346 1101 344
872 2 2 0 1 336 633 355
873 2 2 0 1 223 225 224
874 2 2 0 1 564 1165 717
875 2 2 0 1 663 664 603
876 2 2 0 1 360 362 361
877 2 2 0 1 523 1087 520
878 2 2 0 1 219 1291 390
879 2 2 0 1 1042 1562 922
880 2 2 0 1 594 969 593
881 2 2 0 1 360 1074 704
882 2 2 0 1 317 1040 322
883 2 2 0 1 321 985 316
884 2 2 0 1 791 1445 1073
885 2 2 0 1 622 728 621
886 2 2 0 1 599 644 375
887 2 2 0 1 427 787 760
888 2 2 0 1 1164 1456 1019
889 2 2 0 1 613 1084 763
890 2 2 0 1 736 829 828
891 2 2 0 1 1020 1203 466
892 2 2 0 1 219 390 221
893 2 2 0 1 400 581 384
894 2 2 0 1 1041 1419 208
895 2 2 0 1 472 475 474
896 2 2 0 1 1204 1206 1205
897 2 2 0 1 1121 1334 981
898 2 2 0 1 688 753 610
899 2 2 0 1 788 1362 547
900 2 2 0 1 1053 1283 1131
901 2 2 0 1 864 1384 695
902 2 2 0 1 231 234 233
903 2 2 0 1 576 705 673
904 2 2 0 1 920 1059 660
905 2 2 0 1 1387 1411 1355
906 2 2 0 1 518 1132 595
907 2 2 0 1 1230 1529 1229
908 2 2 0 1 539 557 534
909 2 2 0 1 650 1059 883
910 2 2 0 1 996 997 995
911 2 2 0 1 440 977 446
912 2 2 0 1 167 1100 143
913 2 2 0 1 937 1187 935
914 2 2 0 1 747 824 683
915 2 2 0 1 356 1051 596
916 2 2 0 1 974 1517 1310
917 2 2 0 1 521 590 588
918 2 2 0 1 313 1120 305
919 2 2 0 1 1265 1409 742
920 2 2 0 1 695 1098 629
921 2 2 0 1 871 1485 1362
922 2 2 0 1 510 1253 507
923 2 2 0 1 717 1165 1011
924 2 2 0 1 385 422 367
925 2 2 0 1 500 1405 495
926 2 2 0 1 352 392 391
927 2 2 0 1 1228 1438 1077
928 2 2 0 1 701 736 703
929 2 2 0 1 627 1202 625
930 2 2 0 1 477 479 478
931 2 2 0 1 430 1400 632
932 2 2 0 1 308 309 305
933 2 2 0 1 598 1179 393
934 2 2 0 1 129 1223 128
935 2 2 0 1 718 744 585
936 2 2 0 1 893 1523 1282
937 2 2 0 1 1177 1186 1185
938 2 2 0 1 354 1123 542
939 2 2 0 1 164 1490 978
940 2 2 0 1 470 534 533
941 2 2 0 1 659 668 559
942 2 2 0 1 654 655 589
943 2 2 0 1 484 715 659
944 2 2 0 1 730 1253 992
945 2 2 0 1 48 1138 155
946 2 2 0 1 1010 1122 1048
947 2 2 0 1 1083 1093 696
948 2 2 0 1 853 888 799
949 2 2 0 1 848 947 849
950 2 2 0 1 604 1284 823
951 2 2 0 1 704 1283 1208
952 2 2 0 1 679 793 678
953 2 2 0 1 918 1254 767
954 2 2 0 1 10 182 9
955 2 2 0 1 139 1130 164
956 2 2 0 1 733 1188 729
957 2 2 0 1 96 170 95
958 2 2 0 1 1121 1123 687
959 2 2 0 1 731 810 733
960 2 2 0 1 229 230 228
961 2 2 0 1 624 1299 761
962 2 2 0 1 893 1230 1229
963 2 2 0 1 398 1133 614
964 2 2 0 1 810 811 733
965 2 2 0 1 359 1165 561
966 2 2 0 1 538 587 539
967 2 2 0 1 262 307 259
968 2 2 0 1 561 1165 564
969 2 2 0 1 556 1265 634
970 2 2 0 1 395 598 393
971 2 2 0 1 444 591 496
972 2 2 0 1 470 533 469
973 2 2 0 1 1209 1448 706
974 2 2 0 1 913 964 672
975 2 2 0 1 532 641 640
976 2 2 0 1 1054 1357 1055
977 2 2 0 1 728 884 621
978 2 2 0 1 642 643 640
979 2 2 0 1 386 406 405
980 2 2 0 1 658 871 657
981 2 2 0 1 361 1013 339
982 2 2 0 1 411 412 409
983 2 2 0 1 628 696 695
984 2 2 0 1 1148 1181 425
985 2 2 0 1 110 1149 184
986 2 2 0 1 760 1068 859
987 2 2 0 1 469 1197 426
988 2 2 0 1 503 1226 505
989 2 2 0 1 157 1525 966
990 2 2 0 1 636 637 602
991 2 2 0 1 282 1026 285
992 2 2 0 1 842 1293 674
993 2 2 0 1 1530 1566 889
994 2 2 0 1 381 1184 383
995 2 2 0 1 327 1074 360
996 2 2 0 1 242 243 241
997 2 2 0 1 372 1049 324
998 2 2 0 1 374 376 372
999 2 2 0 1 278 1308 1243
1000 2 2 0 1 950 1311 693
1001 2 2 0 1 732 1395 983
1002 2 2 0 1 277 278 275
1003 2 2 0 1 556 634 555
1004 2 2 0 1 959 1480 1441
1005 2 2 0 1 212 1350 1127
1006 2 2 0 1 530 1084 613
1007 2 2 0 1 544 1167 244
1008 2 2 0 1 1091 1507 1452
1009 2 2 0 1 509 621 537
1010 2 2 0 1 440 446 442
1011 2 2 0 1 735 1042 734
1012 2 2 0 1 997 1313 1006
1013 2 2 0 1 350 1067 359
1014 2 2 0 1 320 327 326
1015 2 2 0 1 547 681 680
1016 2 2 0 1 588 589 522
1017 2 2 0 1 558 568 557
1018 2 2 0 1 704 1208 362
1019 2 2 0 1 1092 1301 220
1020 2 2 0 1 424 425 397
1021 2 2 0 1 1047 1106 697
1022 2 2 0 1 624 761 306
1023 2 2 0 1 1491 1565 25
1024 2 2 0 1 499 1261 502
1025 2 2 0 1 108 1111 198
1026 2 2 0 1 315 724 343
1027 2 2 0 1 988 989 639
1028 2 2 0 1 771 772 770
1029 2 2 0 1 189 1408 1018
1030 2 2 0 1 832 1160 831
1031 2 2 0 1 1069 1312 1220
1032 2 2 0 1 895 1029 752
1033 2 2 0 1 805 1192 452
1034 2 2 0 1 461 463 462
1035 2 2 0 1 645 1118 981
1036 2 2 0 1 125 1107 200
1037 2 2 0 1 353 1462 387
1038 2 2 0 1 1137 1203 750
1039 2 2 0 1 440 441 439
1040 2 2 0 1 448 1192 443
1041 2 2 0 1 242 1224 544
1042 2 2 0 1 1059 1250 883
1043 2 2 0 1 892 1398 1223
1044 2 2 0 1 287 427 289
1045 2 2 0 1 571 592 569
1046 2 2 0 1 571 597 592
1047 2 2 0 1 584 692 646
1048 2 2 0 1 227 1207 1032
1049 2 2 0 1 566 1044 477
1050 2 2 0 1 63 1095 197
1051 2 2 0 1 848 1221 947
1052 2 2 0 1 377 378 376
1053 2 2 0 1 523 1555 1259
1054 2 2 0 1 888 1277 799
1055 2 2 0 1 1241 1426 713
1056 2 2 0 1 766 768 767
1057 2 2 0 1 452 1192 448
1058 2 2 0 1 677 1401 1015
1059 2 2 0 1 263 1295 266
1060 2 2 0 1 333 335 334
1061 2 2 0 1 489 1140 875
1062 2 2 0 1 887 905 886
1063 2 2 0 1 333 334 332
1064 2 2 0 1 601 737 636
1065 2 2 0 1 570 1106 1047
1066 2 2 0 1 628 1083 696
1067 2 2 0 1 880 882 881
1068 2 2 0 1 597 666 592
1069 2 2 0 1 980 1201 311
1070 2 2 0 1 1078 1540 716
1071 2 2 0 1 301 623 306
1072 2 2 0 1 1220 1312 1124
1073 2 2 0 1 808 870 869
1074 2 2 0 1 420 421 395
1075 2 2 0 1 645 980 311
1076 2 2 0 1 730 992 732
1077 2 2 0 1 33 189 32
1078 2 2 0 1 537 618 617
1079 2 2 0 1 260 263 262
1080 2 2 0 1 1020 1343 1202
1081 2 2 0 1 1275 1349 831
1082 2 2 0 1 856 857 855
1083 2 2 0 1 645 1159 1118
1084 2 2 0 1 801 802 800
1085 2 2 0 1 968 1348 967
1086 2 2 0 1 709 861 710
1087 2 2 0 1 309 1142 314
1088 2 2 0 1 345 348 347
1089 2 2 0 1 142 201 141
1090 2 2 0 1 430 431 429
1091 2 2 0 1 922 1041 923
1092 2 2 0 1 540 1304 1268
1093 2 2 0 1 808 869 868
1094 2 2 0 1 686 780 578
1095 2 2 0 1 349 1415 1412
1096 2 2 0 1 359 561 560
1097 2 2 0 1 1109 1214 747
1098 2 2 0 1 435 440 439
1099 2 2 0 1 648 755 594
1100 2 2 0 1 406 1418 1392
1101 2 2 0 1 467 468 426
1102 2 2 0 1 191 1138 49
1103 2 2 0 1 300 1159 299
1104 2 2 0 1 913 1102 964
1105 2 2 0 1 513 1184 381
1106 2 2 0 1 693 925 646
1107 2 2 0 1 761 1300 1286
1108 2 2 0 1 604 823 667
1109 2 2 0 1 476 687 474
1110 2 2 0 1 420 543 457
1111 2 2 0 1 1018 1513 1126
1112 2 2 0 1 23 1271 22
1113 2 2 0 1 726 855 669
1114 2 2 0 1 331 333 332
1115 2 2 0 1 694 921 684
1116 2 2 0 1 485 486 455
1117 2 2 0 1 1029 1171 1137
1118 2 2 0 1 371 373 372
1119 2 2 0 1 509 1253 622
1120 2 2 0 1 89 1314 88
1121 2 2 0 1 514 556 555
1122 2 2 0 1 867 891 735
1123 2 2 0 1 708 1290 955
1124 2 2 0 1 369 403 370
1125 2 2 0 1 31 1350 30
1126 2 2 0 1 344 1101 854
1127 2 2 0 1 979 1348 1347
1128 2 2 0 1 1404 1405 500
1129 2 2 0 1 351 367 350
1130 2 2 0 1 63 197 62
1131 2 2 0 1 557 1106 534
1132 2 2 0 1 1131 1283 704
1133 2 2 0 1 570 1047 685
1134 2 2 0 1 533 1106 570
1135 2 2 0 1 85 183 84
1136 2 2 0 1 538 1145 720
1137 2 2 0 1 943 1573 1417
1138 2 2 0 1 763 764 661
1139 2 2 0 1 1355 1411 573
1140 2 2 0 1 348 1213 358
1141 2 2 0 1 287 288 286
1142 2 2 0 1 1299 1300 761
1143 2 2 0 1 1443 1489 1153
1144 2 2 0 1 189 1125 32
1145 2 2 0 1 960 1449 933
1146 2 2 0 1 142 1100 201
1147 2 2 0 1 1114 1474 822
1148 2 2 0 1 847 1333 1328
1149 2 2 0 1 852 1156 853
1150 2 2 0 1 976 1459 861
1151 2 2 0 1 757 916 711
1152 2 2 0 1 724 984 343
1153 2 2 0 1 817 1264 1169
1154 2 2 0 1 109 1111 108
1155 2 2 0 1 717 1011 719
1156 2 2 0 1 331 1304 540
1157 2 2 0 1 437 438 436
1158 2 2 0 1 518 595 586
1159 2 2 0 1 396 626 625
1160 2 2 0 1 125 200 124
1161 2 2 0 1 846 847 802
1162 2 2 0 1 1319 1444 811
1163 2 2 0 1 1112 1427 1111
1164 2 2 0 1 231 232 230
1165 2 2 0 1 323 325 321
1166 2 2 0 1 1047 1062 685
1167 2 2 0 1 830 1164 703
1168 2 2 0 1 999 1313 997
1169 2 2 0 1 468 1145 470
1170 2 2 0 1 434 437 436
1171 2 2 0 1 241 1008 240
1172 2 2 0 1 122 1144 162
1173 2 2 0 1 994 996 995
1174 2 2 0 1 855 1445 669
1175 2 2 0 1 358 397 396
1176 2 2 0 1 1373 1584 181
1177 2 2 0 1 1061 1462 353
1178 2 2 0 1 792 1227 619
1179 2 2 0 1 747 1214 825
1180 2 2 0 1 200 1143 124
1181 2 2 0 1 355 356 337
1182 2 2 0 1 419 460 418
1183 2 2 0 1 938 939 937
1184 2 2 0 1 184 1149 1113
1185 2 2 0 1 65 1161 159
1186 2 2 0 1 1438 1549 864
1187 2 2 0 1 861 863 862
1188 2 2 0 1 430 632 432
1189 2 2 0 1 893 1229 776
1190 2 2 0 1 247 249 248
1191 2 2 0 1 201 1129 141
1192 2 2 0 1 772 1239 770
1193 2 2 0 1 521 1468 590
1194 2 2 0 1 721 722 587
1195 2 2 0 1 110 184 109
1196 2 2 0 1 656 899 898
1197 2 2 0 1 615 1237 1146
1198 2 2 0 1 196 1161 66
1199 2 2 0 1 65 159 64
1200 2 2 0 1 228 493 226
1201 2 2 0 1 1360 1361 837
1202 2 2 0 1 386 405 404
1203 2 2 0 1 126 1107 125
1204 2 2 0 1 707 1173 1108
1205 2 2 0 1 472 474 388
1206 2 2 0 1 365 1191 363
1207 2 2 0 1 813 866 865
1208 2 2 0 1 1204 1205 744
1209 2 2 0 1 534 1106 533
1210 2 2 0 1 402 1266 332
1211 2 2 0 1 562 1038 771
1212 2 2 0 1 108 198 107
1213 2 2 0 1 392 394 393
1214 2 2 0 1 190 1529 1230
1215 2 2 0 1 106 1151 214
1216 2 2 0 1 140 1130 139
1217 2 2 0 1 1135 1150 765
1218 2 2 0 1 1303 1513 1018
1219 2 2 0 1 64 1095 63
1220 2 2 0 1 355 1133 398
1221 2 2 0 1 699 700 412
1222 2 2 0 1 754 988 643
1223 2 2 0 1 661 919 660
1224 2 2 0 1 1216 1503 806
1225 2 2 0 1 985 1142 316
1226 2 2 0 1 269 271 270
1227 2 2 0 1 776 778 777
1228 2 2 0 1 779 1172 708
1229 2 2 0 1 51 1352 50
1230 2 2 0 1 198 1151 107
1231 2 2 0 1 351 1272 839
1232 2 2 0 1 497 788 547
1233 2 2 0 1 111 1149 110
1234 2 2 0 1 762 1096 546
1235 2 2 0 1 611 1065 689
1236 2 2 0 1 1204 1424 1206
1237 2 2 0 1 739 785 751
1238 2 2 0 1 217 218 169
1239 2 2 0 1 127 158 126
1240 2 2 0 1 797 1306 700
1241 2 2 0 1 873 975 872
1242 2 2 0 1 1125 1350 31
1243 2 2 0 1 936 938 937
1244 2 2 0 1 813 1065 866
1245 2 2 0 1 919 1494 920
1246 2 2 0 1 524 526 525
1247 2 2 0 1 666 1116 592
1248 2 2 0 1 466 1171 394
1249 2 2 0 1 880 944 882
1250 2 2 0 1 931 1027 928
1251 2 2 0 1 265 952 264
1252 2 2 0 1 859 1498 1372
1253 2 2 0 1 111 1157 1149
1254 2 2 0 1 1320 1411 1387
1255 2 2 0 1 638 723 714
1256 2 2 0 1 1506 1532 586
1257 2 2 0 1 144 167 143
1258 2 2 0 1 671 843 651
1259 2 2 0 1 600 1255 1241
1260 2 2 0 1 1037 1571 911
1261 2 2 0 1 1199 1482 203
1262 2 2 0 1 1268 1304 842
1263 2 2 0 1 554 1227 1226
1264 2 2 0 1 1147 1304 329
1265 2 2 0 1 1129 1130 140
1266 2 2 0 1 453 600 452
1267 2 2 0 1 922 923 816
1268 2 2 0 1 1174 1178 773
1269 2 2 0 1 221 222 220
1270 2 2 0 1 1079 1521 720
1271 2 2 0 1 1133 1183 614
1272 2 2 0 1 370 458 365
1273 2 2 0 1 998 999 997
1274 2 2 0 1 331 332 330
1275 2 2 0 1 1291 1309 390
1276 2 2 0 1 401 1337 1084
1277 2 2 0 1 43 156 42
1278 2 2 0 1 1119 1121 981
1279 2 2 0 1 542 1085 341
1280 2 2 0 1 209 1461 1289
1281 2 2 0 1 232 328 230
1282 2 2 0 1 932 933 931
1283 2 2 0 1 912 913 672
1284 2 2 0 1 32 1125 31
1285 2 2 0 1 599 1039 644
1286 2 2 0 1 722 1060 587
1287 2 2 0 1 564 572 563
1288 2 2 0 1 1016 1414 1210
1289 2 2 0 1 713 943 606
1290 2 2 0 1 897 1246 653
1291 2 2 0 1 320 1074 327
1292 2 2 0 1 532 640 639
1293 2 2 0 1 488 490 489
1294 2 2 0 1 661 1254 919
1295 2 2 0 1 144 1162 167
1296 2 2 0 1 282 285 284
1297 2 2 0 1 215 1533 1332
1298 2 2 0 1 746 1383 959
1299 2 2 0 1 1108 1496 891
1300 2 2 0 1 567 1045 369
1301 2 2 0 1 584 646 515
1302 2 2 0 1 936 937 935
1303 2 2 0 1 576 1194 705
1304 2 2 0 1 66 1161 65
1305 2 2 0 1 28 1316 27
1306 2 2 0 1 842 1304 1147
1307 2 2 0 1 223 1089 310
1308 2 2 0 1 794 1072 793
1309 2 2 0 1 262 1318 307
1310 2 2 0 1 488 491 490
1311 2 2 0 1 863 901 862
1312 2 2 0 1 348 358 357
1313 2 2 0 1 34 1524 1408
1314 2 2 0 1 908 1512 1028
1315 2 2 0 1 1069 1220 850
1316 2 2 0 1 640 988 639
1317 2 2 0 1 389 530 400
1318 2 2 0 1 335 340 334
1319 2 2 0 1 529 1527 1027
1320 2 2 0 1 675 782 749
1321 2 2 0 1 287 289 288
1322 2 2 0 1 562 771 770
1323 2 2 0 1 454 455 453
1324 2 2 0 1 1022 1484 210
1325 2 2 0 1 715 942 716
1326 2 2 0 1 613 763 661
1327 2 2 0 1 319 1085 758
1328 2 2 0 1 614 615 531
1329 2 2 0 1 19 194 18
1330 2 2 0 1 503 504 501
1331 2 2 0 1 383 384 380
1332 2 2 0 1 957 1498 1336
1333 2 2 0 1 276 428 280
1334 2 2 0 1 155 1358 47
1335 2 2 0 1 255 1256 605
1336 2 2 0 1 343 344 342
1337 2 2 0 1 892 1042 735
1338 2 2 0 1 340 1238 334
1339 2 2 0 1 1323 1550 915
1340 2 2 0 1 234 1043 484
1341 2 2 0 1 934 935 933
1342 2 2 0 1 1341 1566 1530
1343 2 2 0 1 1172 1309 1291
1344 2 2 0 1 291 1232 288
1345 2 2 0 1 336 1242 633
1346 2 2 0 1 702 797 700
1347 2 2 0 1 1206 1325 1205
1348 2 2 0 1 213 1166 78
1349 2 2 0 1 234 236 235
1350 2 2 0 1 1035 1497 295
1351 2 2 0 1 698 962 961
1352 2 2 0 1 1160 1276 493
1353 2 2 0 1 282 284 283
1354 2 2 0 1 356 596 337
1355 2 2 0 1 431 1320 609
1356 2 2 0 1 410 411 409
1357 2 2 0 1 730 731 729
1358 2 2 0 1 210 1526 1022
1359 2 2 0 1 272 1359 273
1360 2 2 0 1 546 1096 268
1361 2 2 0 1 539 558 557
1362 2 2 0 1 244 247 245
1363 2 2 0 1 671 844 843
1364 2 2 0 1 192 1168 45
1365 2 2 0 1 698 815 697
1366 2 2 0 1 823 1021 890
1367 2 2 0 1 512 801 800
1368 2 2 0 1 1296 1450 168
1369 2 2 0 1 124 1143 123
1370 2 2 0 1 524 1194 576
1371 2 2 0 1 237 1224 239
1372 2 2 0 1 1146 1237 843
1373 2 2 0 1 172 1478 1230
1374 2 2 0 1 454 485 455
1375 2 2 0 1 1210 1414 173
1376 2 2 0 1 1127 1350 1125
1377 2 2 0 1 766 769 768
1378 2 2 0 1 1029 1137 752
1379 2 2 0 1 143 1100 142
1380 2 2 0 1 494 1405 1375
1381 2 2 0 1 107 1151 106
1382 2 2 0 1 297 1035 295
1383 2 2 0 1 511 1012 418
1384 2 2 0 1 782 1170 783
1385 2 2 0 1 628 629 627
1386 2 2 0 1 822 1109 682
1387 2 2 0 1 1045 1247 403
1388 2 2 0 1 689 812 725
1389 2 2 0 1 268 1096 269
1390 2 2 0 1 579 1261 726
1391 2 2 0 1 518 586 584
1392 2 2 0 1 424 467 426
1393 2 2 0 1 337 1244 325
1394 2 2 0 1 94 209 93
1395 2 2 0 1 123 1144 122
1396 2 2 0 1 1143 1144 123
1397 2 2 0 1 416 515 417
1398 2 2 0 1 1084 1337 763
1399 2 2 0 1 384 1209 380
1400 2 2 0 1 1102 1436 964
1401 2 2 0 1 1482 1486 203
1402 2 2 0 1 1151 1470 214
1403 2 2 0 1 1002 1514 1313
1404 2 2 0 1 813 814 812
1405 2 2 0 1 273 1359 276
1406 2 2 0 1 947 948 849
1407 2 2 0 1 483 520 519
1408 2 2 0 1 756 1487 1139
1409 2 2 0 1 979 994 993
1410 2 2 0 1 431 609 429
1411 2 2 0 1 573 1411 441
1412 2 2 0 1 279 1026 282
1413 2 2 0 1 1049 1242 324
1414 2 2 0 1 486 488 487
1415 2 2 0 1 1012 1338 699
1416 2 2 0 1 637 676 602
1417 2 2 0 1 761 1285 306
1418 2 2 0 1 77 1166 188
1419 2 2 0 1 744 1284 585
1420 2 2 0 1 468 470 469
1421 2 2 0 1 608 889 809
1422 2 2 0 1 382 1069 514
1423 2 2 0 1 502 503 501
1424 2 2 0 1 225 227 226
1425 2 2 0 1 948 1080 949
1426 2 2 0 1 329 1304 331
1427 2 2 0 1 444 496 445
1428 2 2 0 1 600 957 805
1429 2 2 0 1 1153 1260 498
1430 2 2 0 1 279 281 278
1431 2 2 0 1 141 1129 140
1432 2 2 0 1 596 1244 337
1433 2 2 0 1 368 386 385
1434 2 2 0 1 723 1093 714
1435 2 2 0 1 734 816 617
1436 2 2 0 1 533 570 548
1437 2 2 0 1 47 1358 46
1438 2 2 0 1 630 1058 526
1439 2 2 0 1 1026 1196 285
1440 2 2 0 1 53 157 52
1441 2 2 0 1 46 1358 192
1442 2 2 0 1 76 1185 75
1443 2 2 0 1 1282 1574 893
1444 2 2 0 1 364 1208 567
1445 2 2 0 1 701 703 702
1446 2 2 0 1 878 1036 741
1447 2 2 0 1 278 1243 275
1448 2 2 0 1 1000 1001 999
1449 2 2 0 1 763 1337 765
1450 2 2 0 1 1385 1510 851
1451 2 2 0 1 1375 1405 1000
1452 2 2 0 1 232 329 328
1453 2 2 0 1 816 1331 617
1454 2 2 0 1 254 1017 253
1455 2 2 0 1 682 683 575
1456 2 2 0 1 1169 1264 1184
1457 2 2 0 1 400 1267 581
1458 2 2 0 1 383 389 384
1459 2 2 0 1 854 1366 1364
1460 2 2 0 1 1148 1197 714
1461 2 2 0 1 935 1187 960
1462 2 2 0 1 595 1132 806
1463 2 2 0 1 804 886 885
1464 2 2 0 1 741 1036 818
1465 2 2 0 1 1134 1448 1379
1466 2 2 0 1 50 1352 191
1467 2 2 0 1 5 1531 1
1468 2 2 0 1 139 164 138
1469 2 2 0 1 85 1136 183
1470 2 2 0 1 112 1157 111
1471 2 2 0 1 427 760 759
1472 2 2 0 1 836 1355 1068
1473 2 2 0 1 1052 1053 596
1474 2 2 0 1 87 1340 86
1475 2 2 0 1 480 611 610
1476 2 2 0 1 468 469 426
1477 2 2 0 1 470 1145 538
1478 2 2 0 1 44 1168 1163
1479 2 2 0 1 669 791 619
1480 2 2 0 1 748 842 674
1481 2 2 0 1 1287 1369 1278
1482 2 2 0 1 580 1345 1131
1483 2 2 0 1 383 1184 401
1484 2 2 0 1 564 717 585
1485 2 2 0 1 611 688 610
1486 2 2 0 1 106 214 105
1487 2 2 0 1 906 1200 886
1488 2 2 0 1 1003 1005 1002
1489 2 2 0 1 258 260 259
1490 2 2 0 1 809 1583 1222
1491 2 2 0 1 684 1382 1299
1492 2 2 0 1 250 1256 252
1493 2 2 0 1 778 900 832
1494 2 2 0 1 700 1306 412
1495 2 2 0 1 809 1222 1014
1496 2 2 0 1 802 1328 800
1497 2 2 0 1 281 1308 278
1498 2 2 0 1 1097 1359 272
1499 2 2 0 1 145 1162 144
1500 2 2 0 1 817 1169 635
1501 2 2 0 1 710 754 643
1502 2 2 0 1 720 721 587
1503 2 2 0 1 763 765 764
1504 2 2 0 1 1077 1534 1228
1505 2 2 0 1 629 739 738
1506 2 2 0 1 561 564 563
1507 2 2 0 1 239 241 240
1508 2 2 0 1 11 1281 1104
1509 2 2 0 1 68 1189 67
1510 2 2 0 1 527 712 606
1511 2 2 0 1 502 554 503
1512 2 2 0 1 572 1284 604
1513 2 2 0 1 275 1243 274
1514 2 2 0 1 434 436 435
1515 2 2 0 1 834 1291 217
1516 2 2 0 1 318 1465 1308
1517 2 2 0 1 173 1158 1157
1518 2 2 0 1 561 562 560
1519 2 2 0 1 605 647 261
1520 2 2 0 1 358 423 397
1521 2 2 0 1 1001 1404 1004
1522 2 2 0 1 740 741 635
1523 2 2 0 1 1305 1412 876
1524 2 2 0 1 853 1155 1154
1525 2 2 0 1 895 1263 1029
1526 2 2 0 1 728 1188 917
1527 2 2 0 1 1221 1410 947
1528 2 2 0 1 180 1223 129
1529 2 2 0 1 122 162 121
1530 2 2 0 1 487 1255 455
1531 2 2 0 1 327 338 326
1532 2 2 0 1 378 1209 706
1533 2 2 0 1 644 1039 746
1534 2 2 0 1 229 231 230
1535 2 2 0 1 774 893 776
1536 2 2 0 1 1070 1507 907
1537 2 2 0 1 760 859 759
1538 2 2 0 1 717 718 585
1539 2 2 0 1 769 1251 1177
1540 2 2 0 1 818 1150 1135
1541 2 2 0 1 269 272 271
1542 2 2 0 1 411 413 412
1543 2 2 0 1 654 833 707
1544 2 2 0 1 1057 1450 1296
1545 2 2 0 1 873 1437 975
1546 2 2 0 1 892 1223 1042
1547 2 2 0 1 921 1383 1382
1548 2 2 0 1 650 651 552
1549 2 2 0 1 584 1532 692
1550 2 2 0 1 325 1244 985
1551 2 2 0 1 532 639 399
1552 2 2 0 1 458 1191 365
1553 2 2 0 1 791 1073 879
1554 2 2 0 1 742 1056 740
1555 2 2 0 1 698 961 815
1556 2 2 0 1 1318 1453 857
1557 2 2 0 1 250 252 251
1558 2 2 0 1 1441 1542 959
1559 2 2 0 1 920 1250 1059
1560 2 2 0 1 467 1037 911
1561 2 2 0 1 67 196 66
1562 2 2 0 1 459 517 516
1563 2 2 0 1 837 1361 762
1564 2 2 0 1 890 1034 908
1565 2 2 0 1 499 501 500
1566 2 2 0 1 318 1308 281
1567 2 2 0 1 432 434 433
1568 2 2 0 1 266 268 267
1569 2 2 0 1 1063 1076 685
1570 2 2 0 1 263 265 264
1571 2 2 0 1 961 1373 815
1572 2 2 0 1 252 254 253
1573 2 2 0 1 879 880 792
1574 2 2 0 1 359 560 340
1575 2 2 0 1 771 773 772
1576 2 2 0 1 307 1397 991
1577 2 2 0 1 482 1468 483
1578 2 2 0 1 406 407 405
1579 2 2 0 1 810 1193 973
1580 2 2 0 1 381 383 380
1581 2 2 0 1 786 1409 1265
1582 2 2 0 1 560 1238 340
1583 2 2 0 1 402 1239 1046
1584 2 2 0 1 777 1046 775
1585 2 2 0 1 333 1272 335
1586 2 2 0 1 719 1023 808
1587 2 2 0 1 188 1546 1176
1588 2 2 0 1 390 1089 221
1589 2 2 0 1 1156 1477 167
1590 2 2 0 1 446 1354 1048
1591 2 2 0 1 770 1238 560
1592 2 2 0 1 615 1128 531
1593 2 2 0 1 445 451 438
1594 2 2 0 1 389 400 384
1595 2 2 0 1 417 418 415
1596 2 2 0 1 220 1301 218
1597 2 2 0 1 570 685 638
1598 2 2 0 1 387 473 471
1599 2 2 0 1 396 625 357
1600 2 2 0 1 223 224 222
1601 2 2 0 1 1053 1345 1244
1602 2 2 0 1 572 604 603
1603 2 2 0 1 622 1253 730
1604 2 2 0 1 407 408 405
1605 2 2 0 1 722 1234 1060
1606 2 2 0 1 765 766 764
1607 2 2 0 1 663 902 664
1608 2 2 0 1 442 443 441
1609 2 2 0 1 398 531 399
1610 2 2 0 1 965 966 912
1611 2 2 0 1 59 1258 58
1612 2 2 0 1 94 1115 209
1613 2 2 0 1 175 1575 1206
1614 2 2 0 1 459 1075 574
1615 2 2 0 1 48 155 47
1616 2 2 0 1 848 849 847
1617 2 2 0 1 1244 1345 985
1618 2 2 0 1 1087 1322 519
1619 2 2 0 1 470 538 534
1620 2 2 0 1 1051 1052 596
1621 2 2 0 1 1055 1495 1403
1622 2 2 0 1 113 173 112
1623 2 2 0 1 745 1274 328
1624 2 2 0 1 728 917 884
1625 2 2 0 1 641 642 640
1626 2 2 0 1 568 1297 698
1627 2 2 0 1 447 449 448
1628 2 2 0 1 317 1381 1040
1629 2 2 0 1 930 931 928
1630 2 2 0 1 395 1086 598
1631 2 2 0 1 553 1225 662
1632 2 2 0 1 1039 1382 746
1633 2 2 0 1 41 206 40
1634 2 2 0 1 397 1181 396
1635 2 2 0 1 319 758 313
1636 2 2 0 1 227 229 228
1637 2 2 0 1 418 1012 415
1638 2 2 0 1 274 1235 271
1639 2 2 0 1 514 577 556
1640 2 2 0 1 480 610 478
1641 2 2 0 1 207 1568 1056
1642 2 2 0 1 173 1157 112
1643 2 2 0 1 796 929 928
1644 2 2 0 1 682 1109 747
1645 2 2 0 1 17 161 16
1646 2 2 0 1 914 915 860
1647 2 2 0 1 146 199 145
1648 2 2 0 1 668 820 819
1649 2 2 0 1 294 296 295
1650 2 2 0 1 843 845 651
1651 2 2 0 1 1412 1415 876
1652 2 2 0 1 366 1013 361
1653 2 2 0 1 498 1261 499
1654 2 2 0 1 564 585 572
1655 2 2 0 1 322 323 321
1656 2 2 0 1 932 951 934
1657 2 2 0 1 371 1088 373
1658 2 2 0 1 939 941 937
1659 2 2 0 1 158 1108 1107
1660 2 2 0 1 67 1189 196
1661 2 2 0 1 861 862 710
1662 2 2 0 1 1205 1368 744
1663 2 2 0 1 680 762 546
1664 2 2 0 1 245 1353 243
1665 2 2 0 1 633 1133 355
1666 2 2 0 1 82 1323 81
1667 2 2 0 1 1196 1278 787
1668 2 2 0 1 217 1291 219
1669 2 2 0 1 370 459 458
1670 2 2 0 1 576 673 630
1671 2 2 0 1 1142 1345 580
1672 2 2 0 1 293 349 294
1673 2 2 0 1 382 514 513
1674 2 2 0 1 192 1587 1324
1675 2 2 0 1 1039 1300 1299
1676 2 2 0 1 334 402 332
1677 2 2 0 1 74 177 73
1678 2 2 0 1 243 246 241
1679 2 2 0 1 881 1227 792
1680 2 2 0 1 827 970 826
1681 2 2 0 1 6 1231 215
1682 2 2 0 1 916 1103 711
1683 2 2 0 1 276 277 275
1684 2 2 0 1 483 521 520
1685 2 2 0 1 793 987 986
1686 2 2 0 1 240 674 238
1687 2 2 0 1 258 1279 260
1688 2 2 0 1 841 953 840
1689 2 2 0 1 667 1028 663
1690 2 2 0 1 872 1485 871
1691 2 2 0 1 1048 1354 946
1692 2 2 0 1 1088 1300 599
1693 2 2 0 1 298 300 299
1694 2 2 0 1 1285 1381 304
1695 2 2 0 1 641 1128 827
1696 2 2 0 1 481 1302 480
1697 2 2 0 1 289 290 288
1698 2 2 0 1 592 1116 607
1699 2 2 0 1 1053 1244 596
1700 2 2 0 1 79 213 78
1701 2 2 0 1 1375 1416 1374
1702 2 2 0 1 990 1463 956
1703 2 2 0 1 744 1368 1284
1704 2 2 0 1 199 1162 145
1705 2 2 0 1 373 599 375
1706 2 2 0 1 574 1075 743
1707 2 2 0 1 419 1432 461
1708 2 2 0 1 768 914 860
1709 2 2 0 1 290 1245 293
1710 2 2 0 1 282 283 281
1711 2 2 0 1 1135 1264 817
1712 2 2 0 1 1358 1587 192
1713 2 2 0 1 825 1195 824
1714 2 2 0 1 720 1518 1079
1715 2 2 0 1 578 1265 556
1716 2 2 0 1 309 314 313
1717 2 2 0 1 595 806 691
1718 2 2 0 1 240 1008 675
1719 2 2 0 1 492 528 490
1720 2 2 0 1 1264 1337 401
1721 2 2 0 1 1308 1465 945
1722 2 2 0 1 454 535 485
1723 2 2 0 1 1130 1490 164
1724 2 2 0 1 505 1226 510
1725 2 2 0 1 1511 1570 1014
1726 2 2 0 1 1182 1352 51
1727 2 2 0 1 219 221 220
1728 2 2 0 1 1457 1509 589
1729 2 2 0 1 764 1254 661
1730 2 2 0 1 46 192 45
1731 2 2 0 1 1250 1502 883
1732 2 2 0 1 944 945 882
1733 2 2 0 1 193 1231 7
1734 2 2 0 1 455 1255 453
1735 2 2 0 1 210 1314 89
1736 2 2 0 1 643 988 640
1737 2 2 0 1 170 1115 95
1738 2 2 0 1 335 350 340
1739 2 2 0 1 671 1270 844
1740 2 2 0 1 465 495 494
1741 2 2 0 1 801 804 803
1742 2 2 0 1 394 420 395
1743 2 2 0 1 563 1038 562
1744 2 2 0 1 985 1345 1142
1745 2 2 0 1 237 239 238
1746 2 2 0 1 962 1018 963
1747 2 2 0 1 642 709 643
1748 2 2 0 1 1040 1088 371
1749 2 2 0 1 789 910 909
1750 2 2 0 1 632 1361 1360
1751 2 2 0 1 121 1199 120
1752 2 2 0 1 317 321 316
1753 2 2 0 1 130 180 129
1754 2 2 0 1 364 365 363
1755 2 2 0 1 276 280 277
1756 2 2 0 1 803 846 802
1757 2 2 0 1 779 1234 1099
1758 2 2 0 1 475 476 474
1759 2 2 0 1 218 1141 169
1760 2 2 0 1 331 540 333
1761 2 2 0 1 692 693 646
1762 2 2 0 1 886 1200 885
1763 2 2 0 1 693 926 925
1764 2 2 0 1 599 1300 1039
1765 2 2 0 1 225 1207 227
1766 2 2 0 1 1278 1369 1330
1767 2 2 0 1 897 1353 1246
1768 2 2 0 1 219 220 218
1769 2 2 0 1 901 1024 862
1770 2 2 0 1 713 1551 1241
1771 2 2 0 1 467 911 545
1772 2 2 0 1 818 1251 1150
1773 2 2 0 1 1134 1183 1133
1774 2 2 0 1 582 583 541
1775 2 2 0 1 608 781 496
1776 2 2 0 1 896 897 653
1777 2 2 0 1 285 1196 287
1778 2 2 0 1 60 163 59
1779 2 2 0 1 273 275 274
1780 2 2 0 1 1014 1233 781
1781 2 2 0 1 799 1277 797
1782 2 2 0 1 1202 1203 1020
1783 2 2 0 1 734 922 816
1784 2 2 0 1 293 294 292
1785 2 2 0 1 670 1225 553
1786 2 2 0 1 264 1453 1318
1787 2 2 0 1 464 1153 465
1788 2 2 0 1 86 1136 85
1789 2 2 0 1 1022 1526 165
1790 2 2 0 1 577 686 578
1791 2 2 0 1 840 1007 673
1792 2 2 0 1 50 191 49
1793 2 2 0 1 498 499 495
1794 2 2 0 1 738 1202 627
1795 2 2 0 1 851 1441 1385
1796 2 2 0 1 791 879 792
1797 2 2 0 1 382 513 381
1798 2 2 0 1 908 1028 667
1799 2 2 0 1 39 171 38
1800 2 2 0 1 369 1045 403
1801 2 2 0 1 292 1497 291
1802 2 2 0 1 266 267 265
1803 2 2 0 1 351 839 368
1804 2 2 0 1 800 1328 1327
1805 2 2 0 1 530 552 400
1806 2 2 0 1 363 366 361
1807 2 2 0 1 1169 1184 513
1808 2 2 0 1 683 1344 575
1809 2 2 0 1 70 168 69
1810 2 2 0 1 1364 1366 1256
1811 2 2 0 1 880 881 792
1812 2 2 0 1 1074 1131 704
1813 2 2 0 1 697 1106 557
1814 2 2 0 1 253 653 251
1815 2 2 0 1 407 410 409
1816 2 2 0 1 314 319 313
1817 2 2 0 1 162 1199 121
1818 2 2 0 1 558 569 568
1819 2 2 0 1 454 1327 535
1820 2 2 0 1 195 1550 1323
1821 2 2 0 1 782 783 749
1822 2 2 0 1 644 665 649
1823 2 2 0 1 174 1502 1250
1824 2 2 0 1 191 1352 1139
1825 2 2 0 1 505 507 506
1826 2 2 0 1 299 311 297
1827 2 2 0 1 57 1280 56
1828 2 2 0 1 1009 1567 590
1829 2 2 0 1 569 1297 568
1830 2 2 0 1 327 360 339
1831 2 2 0 1 386 404 385
1832 2 2 0 1 634 742 740
1833 2 2 0 1 366 1191 1190
1834 2 2 0 1 1038 1174 771
1835 2 2 0 1 482 483 481
1836 2 2 0 1 86 1340 1136
1837 2 2 0 1 656 898 896
1838 2 2 0 1 530 612 552
1839 2 2 0 1 247 315 249
1840 2 2 0 1 863 1050 901
1841 2 2 0 1 1050 1114 901
1842 2 2 0 1 771 1174 773
1843 2 2 0 1 404 1393 1081
1844 2 2 0 1 1190 1191 982
1845 2 2 0 1 742 1057 1056
1846 2 2 0 1 634 740 635
1847 2 2 0 1 634 1265 742
1848 2 2 0 1 907 1091 1090
1849 2 2 0 1 632 1252 432
1850 2 2 0 1 316 1142 309
1851 2 2 0 1 137 202 136
1852 2 2 0 1 488 489 487
1853 2 2 0 1 263 264 262
1854 2 2 0 1 227 228 226
1855 2 2 0 1 248 1246 245
1856 2 2 0 1 320 326 319
1857 2 2 0 1 721 835 821
1858 2 2 0 1 818 1135 817
1859 2 2 0 1 1202 1343 625
1860 2 2 0 1 477 478 476
1861 2 2 0 1 769 1177 1176
1862 2 2 0 1 1260 1261 498
1863 2 2 0 1 558 571 569
1864 2 2 0 1 336 337 325
1865 2 2 0 1 290 292 291
1866 2 2 0 1 303 1159 300
1867 2 2 0 1 903 1178 1174
1868 2 2 0 1 21 216 169
1869 2 2 0 1 391 1179 1101
1870 2 2 0 1 271 1235 270
1871 2 2 0 1 894 974 895
1872 2 2 0 1 72 207 71
1873 2 2 0 1 585 1284 572
1874 2 2 0 1 555 1169 513
1875 2 2 0 1 405 1335 404
1876 2 2 0 1 538 539 534
1877 2 2 0 1 1099 1234 722
1878 2 2 0 1 52 1182 51
1879 2 2 0 1 719 807 718
1880 2 2 0 1 296 1412 1305
1881 2 2 0 1 611 1302 1065
1882 2 2 0 1 114 1210 113
1883 2 2 0 1 277 279 278
1884 2 2 0 1 975 1581 872
1885 2 2 0 1 987 1462 1061
1886 2 2 0 1 335 1272 351
1887 2 2 0 1 1279 1458 788
1888 2 2 0 1 445 456 451
1889 2 2 0 1 453 1255 600
1890 2 2 0 1 561 563 562
1891 2 2 0 1 664 1038 603
1892 2 2 0 1 232 1147 329
1893 2 2 0 1 623 652 624
1894 2 2 0 1 902 903 664
1895 2 2 0 1 260 262 259
1896 2 2 0 1 379 382 381
1897 2 2 0 1 1351 1399 839
1898 2 2 0 1 839 1399 1217
1899 2 2 0 1 153 211 152
1900 2 2 0 1 623 876 652
1901 2 2 0 1 284 312 283
1902 2 2 0 1 1167 1421 724
1903 2 2 0 1 3 1538 79
1904 2 2 0 1 491 492 490
1905 2 2 0 1 551 594 593
1906 2 2 0 1 258 259 257
1907 2 2 0 1 1207 1430 942
1908 2 2 0 1 905 906 886
1909 2 2 0 1 1334 1413 753
1910 2 2 0 1 1026 1278 1196
1911 2 2 0 1 966 1423 1182
1912 2 2 0 1 191 1139 1103
1913 2 2 0 1 1117 1303 607
1914 2 2 0 1 427 759 289
1915 2 2 0 1 120 203 119
1916 2 2 0 1 147 1218 146
1917 2 2 0 1 554 1226 503
1918 2 2 0 1 363 1191 366
1919 2 2 0 1 90 210 89
1920 2 2 0 1 492 1480 528
1921 2 2 0 1 471 472 388
1922 2 2 0 1 1158 1401 727
1923 2 2 0 1 463 1374 462
1924 2 2 0 1 471 529 472
1925 2 2 0 1 522 523 520
1926 2 2 0 1 803 1579 846
1927 2 2 0 1 475 1307 566
1928 2 2 0 1 796 928 927
1929 2 2 0 1 408 1306 1277
1930 2 2 0 1 550 1437 1086
1931 2 2 0 1 653 1246 251
1932 2 2 0 1 462 967 460
1933 2 2 0 1 1131 1345 1053
1934 2 2 0 1 650 883 671
1935 2 2 0 1 1316 1317 186
1936 2 2 0 1 304 1381 308
1937 2 2 0 1 943 1415 606
1938 2 2 0 1 775 1239 772
1939 2 2 0 1 1254 1321 919
1940 2 2 0 1 507 509 508
1941 2 2 0 1 417 419 418
1942 2 2 0 1 1083 1148 1093
1943 2 2 0 1 183 1298 84
1944 2 2 0 1 311 1035 297
1945 2 2 0 1 508 1331 506
1946 2 2 0 1 493 1276 226
1947 2 2 0 1 813 865 814
1948 2 2 0 1 483 519 481
1949 2 2 0 1 345 347 346
1950 2 2 0 1 618 867 735
1951 2 2 0 1 77 188 76
1952 2 2 0 1 850 851 686
1953 2 2 0 1 814 1339 812
1954 2 2 0 1 580 1074 320
1955 2 2 0 1 774 1523 893
1956 2 2 0 1 846 848 847
1957 2 2 0 1 84 1298 83
1958 2 2 0 1 420 1171 543
1959 2 2 0 1 1395 1465 983
1960 2 2 0 1 682 747 683
1961 2 2 0 1 731 733 729
1962 2 2 0 1 779 1309 1172
1963 2 2 0 1 256 257 254
1964 2 2 0 1 396 1181 626
1965 2 2 0 1 887 946 905
1966 2 2 0 1 43 1163 156
1967 2 2 0 1 568 697 557
1968 2 2 0 1 27 186 26
1969 2 2 0 1 993 1499 164
1970 2 2 0 1 1000 1404 1001
1971 2 2 0 1 322 324 323
1972 2 2 0 1 301 302 300
1973 2 2 0 1 193 1541 1082
1974 2 2 0 1 223 310 225
1975 2 2 0 1 442 1122 447
1976 2 2 0 1 662 672 582
1977 2 2 0 1 80 1538 3
1978 2 2 0 1 95 1115 94
1979 2 2 0 1 675 749 748
1980 2 2 0 1 163 1258 59
1981 2 2 0 1 715 716 659
1982 2 2 0 1 456 670 553
1983 2 2 0 1 128 1398 127
1984 2 2 0 1 387 388 354
1985 2 2 0 1 1124 1312 377
1986 2 2 0 1 996 1416 998
1987 2 2 0 1 424 426 425
1988 2 2 0 1 630 1396 1058
1989 2 2 0 1 371 372 324
1990 2 2 0 1 251 1246 248
1991 2 2 0 1 828 830 703
1992 2 2 0 1 484 659 559
1993 2 2 0 1 849 1333 847
1994 2 2 0 1 918 1321 1254
1995 2 2 0 1 645 981 980
1996 2 2 0 1 373 375 374
1997 2 2 0 1 739 1098 785
1998 2 2 0 1 44 1163 43
1999 2 2 0 1 250 251 248
2000 2 2 0 1 1024 1515 743
2001 2 2 0 1 188 1185 76
2002 2 2 0 1 393 1179 391
2003 2 2 0 1 115 205 114
2004 2 2 0 1 161 1507 1070
2005 2 2 0 1 752 1137 750
2006 2 2 0 1 495 1405 494
2007 2 2 0 1 311 1201 1035
2008 2 2 0 1 631 822 682
2009 2 2 0 1 461 464 463
2010 2 2 0 1 611 689 688
2011 2 2 0 1 523 1259 1087
2012 2 2 0 1 148 175 147
2013 2 2 0 1 517 1344 601
2014 2 2 0 1 931 1449 1027
2015 2 2 0 1 935 960 933
2016 2 2 0 1 184 1112 1111
2017 2 2 0 1 152 1240 151
2018 2 2 0 1 687 1123 474
2019 2 2 0 1 358 1213 423
2020 2 2 0 1 69 1198 68
2021 2 2 0 1 269 270 267
2022 2 2 0 1 1026 1287 1278
2023 2 2 0 1 1242 1472 633
2024 2 2 0 1 991 1397 899
2025 2 2 0 1 377 1312 379
2026 2 2 0 1 173 1414 1158
2027 2 2 0 1 619 1227 554
2028 2 2 0 1 787 836 760
2029 2 2 0 1 253 1017 656
2030 2 2 0 1 113 1210 173
2031 2 2 0 1 955 990 956
2032 2 2 0 1 780 786 578
2033 2 2 0 1 353 354 341
2034 2 2 0 1 537 1391 618
2035 2 2 0 1 812 1339 924
2036 2 2 0 1 540 1272 333
2037 2 2 0 1 293 527 349
2038 2 2 0 1 1262 1544 846
2039 2 2 0 1 326 1085 319
2040 2 2 0 1 783 877 784
2041 2 2 0 1 553 582 541
2042 2 2 0 1 432 1252 434
2043 2 2 0 1 450 453 452
2044 2 2 0 1 962 963 961
2045 2 2 0 1 1328 1333 535
2046 2 2 0 1 285 286 284
2047 2 2 0 1 358 396 357
2048 2 2 0 1 949 1333 849
2049 2 2 0 1 1284 1368 823
2050 2 2 0 1 930 932 931
2051 2 2 0 1 132 208 131
2052 2 2 0 1 549 550 421
2053 2 2 0 1 36 181 35
2054 2 2 0 1 836 1068 760
2055 2 2 0 1 977 1354 446
2056 2 2 0 1 603 1038 563
2057 2 2 0 1 675 1008 782
2058 2 2 0 1 921 1382 684
2059 2 2 0 1 677 679 678
2060 2 2 0 1 911 1078 545
2061 2 2 0 1 591 608 496
2062 2 2 0 1 2 1545 29
2063 2 2 0 1 1426 1573 943
2064 2 2 0 1 974 1587 1358
2065 2 2 0 1 1309 1488 390
2066 2 2 0 1 1098 1469 785
2067 2 2 0 1 382 1312 1069
2068 2 2 0 1 414 415 413
2069 2 2 0 1 592 607 569
2070 2 2 0 1 249 250 248
2071 2 2 0 1 568 698 697
2072 2 2 0 1 497 546 268
2073 2 2 0 1 299 1159 645
2074 2 2 0 1 815 1373 1062
2075 2 2 0 1 146 1218 199
2076 2 2 0 1 577 578 556
2077 2 2 0 1 626 1083 628
2078 2 2 0 1 649 1220 1124
2079 2 2 0 1 1230 1574 172
2080 2 2 0 1 517 601 516
2081 2 2 0 1 590 1357 1054
2082 2 2 0 1 680 837 762
2083 2 2 0 1 1178 1471 1282
2084 2 2 0 1 847 1328 802
2085 2 2 0 1 224 1276 620
2086 2 2 0 1 896 1516 897
2087 2 2 0 1 781 1233 1071
2088 2 2 0 1 795 796 794
2089 2 2 0 1 609 1369 429
2090 2 2 0 1 844 1475 1146
2091 2 2 0 1 914 1473 915
2092 2 2 0 1 660 1059 612
2093 2 2 0 1 709 710 643
2094 2 2 0 1 793 1072 987
2095 2 2 0 1 276 1359 428
2096 2 2 0 1 579 619 554
2097 2 2 0 1 1200 1548 1280
2098 2 2 0 1 1062 1063 685
2099 2 2 0 1 68 1198 1189
2100 2 2 0 1 1217 1418 406
2101 2 2 0 1 745 1275 1274
2102 2 2 0 1 323 1242 336
2103 2 2 0 1 284 1066 312
2104 2 2 0 1 302 1285 304
2105 2 2 0 1 1011 1023 719
2106 2 2 0 1 570 638 548
2107 2 2 0 1 475 477 476
2108 2 2 0 1 618 735 734
2109 2 2 0 1 412 1306 409
2110 2 2 0 1 294 1412 296
2111 2 2 0 1 134 166 133
2112 2 2 0 1 450 452 448
2113 2 2 0 1 527 1372 712
2114 2 2 0 1 820 954 858
2115 2 2 0 1 273 274 271
2116 2 2 0 1 151 185 150
2117 2 2 0 1 351 368 367
2118 2 2 0 1 116 1249 115
2119 2 2 0 1 652 1417 694
2120 2 2 0 1 157 1182 52
2121 2 2 0 1 1116 1117 607
2122 2 2 0 1 118 1273 117
2123 2 2 0 1 801 803 802
2124 2 2 0 1 169 1141 20
2125 2 2 0 1 521 522 520
2126 2 2 0 1 287 1196 427
2127 2 2 0 1 379 380 378
2128 2 2 0 1 499 500 495
2129 2 2 0 1 26 1491 25
2130 2 2 0 1 1062 1064 1063
2131 2 2 0 1 447 512 449
2132 2 2 0 1 437 444 438
2133 2 2 0 1 597 708 666
2134 2 2 0 1 616 757 711
2135 2 2 0 1 99 178 98
2136 2 2 0 1 360 704 362
2137 2 2 0 1 315 342 249
2138 2 2 0 1 1382 1383 746
2139 2 2 0 1 1099 1309 779
2140 2 2 0 1 411 414 413
2141 2 2 0 1 1040 1381 1286
2142 2 2 0 1 1469 1578 785
2143 2 2 0 1 117 160 116
2144 2 2 0 1 579 669 619
2145 2 2 0 1 575 1344 517
2146 2 2 0 1 786 1265 578
2147 2 2 0 1 486 487 455
2148 2 2 0 1 845 1267 651
2149 2 2 0 1 610 1413 478
2150 2 2 0 1 8 193 7
2151 2 2 0 1 699 701 700
2152 2 2 0 1 120 1199 203
2153 2 2 0 1 768 1176 914
2154 2 2 0 1 636 727 637
2155 2 2 0 1 804 885 803
2156 2 2 0 1 236 237 235
2157 2 2 0 1 1286 1381 1285
2158 2 2 0 1 745 1349 1275
2159 2 2 0 1 58 204 57
2160 2 2 0 1 706 1472 1049
2161 2 2 0 1 428 429 280
2162 2 2 0 1 1351 1406 1399
2163 2 2 0 1 133 1257 132
2164 2 2 0 1 1270 1484 844
2165 2 2 0 1 398 614 531
2166 2 2 0 1 10 1104 182
2167 2 2 0 1 237 238 235
2168 2 2 0 1 280 1369 1287
2169 2 2 0 1 231 233 232
2170 2 2 0 1 1182 1423 1352
2171 2 2 0 1 1262 1466 1258
2172 2 2 0 1 613 660 612
2173 2 2 0 1 974 1310 895
2174 2 2 0 1 423 1564 1037
2175 2 2 0 1 689 725 688
2176 2 2 0 1 748 1268 842
2177 2 2 0 1 1317 1463 186
2178 2 2 0 1 917 1509 1457
2179 2 2 0 1 377 379 378
2180 2 2 0 1 299 645 311
2181 2 2 0 1 465 494 463
2182 2 2 0 1 783 784 749
2183 2 2 0 1 512 800 449
2184 2 2 0 1 216 217 169
2185 2 2 0 1 954 1564 1213
2186 2 2 0 1 27 1316 186
2187 2 2 0 1 808 1023 870
2188 2 2 0 1 597 779 708
2189 2 2 0 1 969 1570 593
2190 2 2 0 1 1230 1478 190
2191 2 2 0 1 839 1217 368
2192 2 2 0 1 352 391 346
2193 2 2 0 1 574 631 575
2194 2 2 0 1 574 743 631
2195 2 2 0 1 623 624 306
2196 2 2 0 1 374 1124 377
2197 2 2 0 1 649 1124 375
2198 2 2 0 1 757 1294 1263
2199 2 2 0 1 224 620 222
2200 2 2 0 1 179 1436 1102
2201 2 2 0 1 1267 1379 581
2202 2 2 0 1 308 1381 317
2203 2 2 0 1 1063 1534 1076
2204 2 2 0 1 335 351 350
2205 2 2 0 1 1327 1328 535
2206 2 2 0 1 226 1276 224
2207 2 2 0 1 829 979 978
2208 2 2 0 1 798 1019 852
2209 2 2 0 1 617 1331 508
2210 2 2 0 1 1227 1292 1226
2211 2 2 0 1 285 287 286
2212 2 2 0 1 858 1389 819
2213 2 2 0 1 524 576 526
2214 2 2 0 1 421 1086 395
2215 2 2 0 1 444 445 438
2216 2 2 0 1 329 331 330
2217 2 2 0 1 581 1209 384
2218 2 2 0 1 443 1192 573
2219 2 2 0 1 370 1075 459
2220 2 2 0 1 373 374 372
2221 2 2 0 1 622 730 729
2222 2 2 0 1 805 1501 1192
2223 2 2 0 1 480 1302 611
2224 2 2 0 1 34 1408 33
2225 2 2 0 1 646 1388 515
2226 2 2 0 1 81 1323 1315
2227 2 2 0 1 383 401 389
2228 2 2 0 1 156 1212 42
2229 2 2 0 1 694 1420 921
2230 2 2 0 1 327 339 338
2231 2 2 0 1 494 1374 463
2232 2 2 0 1 1091 1452 1092
2233 2 2 0 1 252 253 251
2234 2 2 0 1 283 318 281
2235 2 2 0 1 1040 1286 1088
2236 2 2 0 1 362 364 363
2237 2 2 0 1 674 1293 238
2238 2 2 0 1 42 1212 41
2239 2 2 0 1 1083 1181 1148
2240 2 2 0 1 484 559 236
2241 2 2 0 1 553 662 582
2242 2 2 0 1 824 1175 683
2243 2 2 0 1 618 1391 867
2244 2 2 0 1 833 1173 707
2245 2 2 0 1 676 982 602
2246 2 2 0 1 1055 1403 833
2247 2 2 0 1 336 355 337
2248 2 2 0 1 1268 1351 540
2249 2 2 0 1 235 1293 233
2250 2 2 0 1 998 1375 1000
2251 2 2 0 1 814 1589 1066
2252 2 2 0 1 1154 1393 888
2253 2 2 0 1 353 387 354
2254 2 2 0 1 236 1363 237
2255 2 2 0 1 819 1389 1363
2256 2 2 0 1 329 330 328
2257 2 2 0 1 172 1281 12
2258 2 2 0 1 302 304 303
2259 2 2 0 1 754 1248 988
2260 2 2 0 1 350 359 340
2261 2 2 0 1 459 516 458
2262 2 2 0 1 298 299 297
2263 2 2 0 1 429 1369 280
2264 2 2 0 1 239 240 238
2265 2 2 0 1 654 707 655
2266 2 2 0 1 1282 1471 1281
2267 2 2 0 1 11 1104 10
2268 2 2 0 1 457 551 549
2269 2 2 0 1 1441 1480 525
2270 2 2 0 1 943 1417 1415
2271 2 2 0 1 1007 1440 1161
2272 2 2 0 1 750 1203 738
2273 2 2 0 1 156 1469 1384
2274 2 2 0 1 234 484 236
2275 2 2 0 1 1126 1127 1125
2276 2 2 0 1 774 775 772
2277 2 2 0 1 293 1245 527
2278 2 2 0 1 641 826 642
2279 2 2 0 1 197 1410 62
2280 2 2 0 1 1302 1322 1065
2281 2 2 0 1 1330 1369 609
2282 2 2 0 1 677 678 676
2283 2 2 0 1 443 573 441
2284 2 2 0 1 600 1241 957
2285 2 2 0 1 428 1400 430
2286 2 2 0 1 447 1122 512
2287 2 2 0 1 92 165 91
2288 2 2 0 1 509 622 621
2289 2 2 0 1 373 1088 599
2290 2 2 0 1 846 1544 848
2291 2 2 0 1 532 1128 641
2292 2 2 0 1 821 1488 1099
2293 2 2 0 1 766 1150 769
2294 2 2 0 1 96 1105 170
2295 2 2 0 1 998 1000 999
2296 2 2 0 1 1080 1378 949
2297 2 2 0 1 58 1258 204
2298 2 2 0 1 939 1009 941
2299 2 2 0 1 827 1451 971
2300 2 2 0 1 392 466 394
2301 2 2 0 1 1214 1215 825
2302 2 2 0 1 378 706 376
2303 2 2 0 1 290 291 288
2304 2 2 0 1 184 1113 1112
2305 2 2 0 1 6 215 5
2306 2 2 0 1 73 1236 72
2307 2 2 0 1 1186 1483 177
2308 2 2 0 1 205 1210 114
2309 2 2 0 1 334 1238 402
2310 2 2 0 1 506 1331 565
2311 2 2 0 1 386 1217 406
2312 2 2 0 1 1144 1429 162
2313 2 2 0 1 168 1198 69
2314 2 2 0 1 56 179 55
2315 2 2 0 1 286 1232 1066
2316 2 2 0 1 362 363 361
2317 2 2 0 1 256 258 257
2318 2 2 0 1 755 969 594
2319 2 2 0 1 233 1147 232
2320 2 2 0 1 1129 1456 830
2321 2 2 0 1 464 465 463
2322 2 2 0 1 181 1524 35
2323 2 2 0 1 1107 1173 200
2324 2 2 0 1 211 1240 152
2325 2 2 0 1 218 1301 1141
2326 2 2 0 1 93 1289 92
2327 2 2 0 1 827 971 970
2328 2 2 0 1 927 1072 794
2329 2 2 0 1 280 1287 277
2330 2 2 0 1 479 482 481
2331 2 2 0 1 154 1332 153
2332 2 2 0 1 742 1409 1057
2333 2 2 0 1 217 219 218
2334 2 2 0 1 579 726 669
2335 2 2 0 1 884 1428 1391
2336 2 2 0 1 175 1218 147
2337 2 2 0 1 846 1579 1262
2338 2 2 0 1 308 316 309
2339 2 2 0 1 531 1128 532
2340 2 2 0 1 979 993 978
2341 2 2 0 1 1 1531 154
2342 2 2 0 1 634 635 555
2343 2 2 0 1 1277 1306 797
2344 2 2 0 1 658 872 871
2345 2 2 0 1 628 695 629
2346 2 2 0 1 40 1228 39
2347 2 2 0 1 315 343 342
2348 2 2 0 1 476 1413 687
2349 2 2 0 1 746 959 665
2350 2 2 0 1 90 1526 210
2351 2 2 0 1 765 1150 766
2352 2 2 0 1 1110 1446 1342
2353 2 2 0 1 656 1017 899
2354 2 2 0 1 71 1296 70
2355 2 2 0 1 242 244 243
2356 2 2 0 1 995 1434 202
2357 2 2 0 1 521 588 522
2358 2 2 0 1 625 1343 357
2359 2 2 0 1 428 430 429
2360 2 2 0 1 903 1174 664
2361 2 2 0 1 1041 1454 923
2362 2 2 0 1 18 1219 17
2363 2 2 0 1 266 497 268
2364 2 2 0 1 1001 1004 1003
2365 2 2 0 1 633 1134 1133
2366 2 2 0 1 808 868 807
2367 2 2 0 1 552 1267 400
2368 2 2 0 1 807 1204 718
2369 2 2 0 1 209 1289 93
2370 2 2 0 1 721 821 722
2371 2 2 0 1 1399 1418 1217
2372 2 2 0 1 795 1407 796
2373 2 2 0 1 798 852 799
2374 2 2 0 1 1206 1575 1325
2375 2 2 0 1 1023 1081 870
2376 2 2 0 1 705 972 841
2377 2 2 0 1 1010 1048 887
2378 2 2 0 1 471 1527 529
2379 2 2 0 1 696 864 695
2380 2 2 0 1 265 1505 952
2381 2 2 0 1 102 187 101
2382 2 2 0 1 1263 1294 543
2383 2 2 0 1 576 630 526
2384 2 2 0 1 1145 1518 720
2385 2 2 0 1 1252 1394 437
2386 2 2 0 1 1049 1472 1242
2387 2 2 0 1 709 1377 976
2388 2 2 0 1 637 677 676
2389 2 2 0 1 291 1339 1232
2390 2 2 0 1 216 834 217
2391 2 2 0 1 81 1315 80
2392 2 2 0 1 225 226 224
2393 2 2 0 1 206 1438 1228
2394 2 2 0 1 707 1376 655
2395 2 2 0 1 518 584 515
2396 2 2 0 1 1073 1505 270
2397 2 2 0 1 773 774 772
2398 2 2 0 1 343 984 345
2399 2 2 0 1 37 1560 36
2400 2 2 0 1 1359 1400 428
2401 2 2 0 1 863 1459 1105
2402 2 2 0 1 163 1262 1258
2403 2 2 0 1 604 663 603
2404 2 2 0 1 1016 1407 795
2405 2 2 0 1 648 756 755
2406 2 2 0 1 153 1332 211
2407 2 2 0 1 345 984 348
2408 2 2 0 1 1224 1389 544
2409 2 2 0 1 638 714 548
2410 2 2 0 1 883 1270 671
2411 2 2 0 1 301 306 302
2412 2 2 0 1 942 1500 716
2413 2 2 0 1 434 1252 437
2414 2 2 0 1 586 1532 584
2415 2 2 0 1 613 661 660
2416 2 2 0 1 835 1500 1430
2417 2 2 0 1 423 424 397
2418 2 2 0 1 1184 1264 401
2419 2 2 0 1 1089 1439 310
2420 2 2 0 1 437 1394 444
2421 2 2 0 1 308 317 316
2422 2 2 0 1 604 667 663
2423 2 2 0 1 768 860 767
2424 2 2 0 1 693 1311 926
2425 2 2 0 1 701 1338 736
2426 2 2 0 1 444 1394 591
2427 2 2 0 1 692 1532 1479
2428 2 2 0 1 796 1407 929
2429 2 2 0 1 162 1433 1199
2430 2 2 0 1 951 1486 934
2431 2 2 0 1 1082 1541 182
2432 2 2 0 1 652 684 624
2433 2 2 0 1 938 940 939
2434 2 2 0 1 348 357 347
2435 2 2 0 1 626 1181 1083
2436 2 2 0 1 422 1067 367
2437 2 2 0 1 22 1271 216
2438 2 2 0 1 38 1460 37
2439 2 2 0 1 189 1126 1125
2440 2 2 0 1 301 1305 623
2441 2 2 0 1 41 1212 206
2442 2 2 0 1 938 1433 940
2443 2 2 0 1 1093 1148 714
2444 2 2 0 1 1278 1330 787
2445 2 2 0 1 172 1282 1281
2446 2 2 0 1 238 1293 235
2447 2 2 0 1 616 1294 757
2448 2 2 0 1 204 1280 57
2449 2 2 0 1 796 927 794
2450 2 2 0 1 1036 1569 1251
2451 2 2 0 1 956 1386 1116
2452 2 2 0 1 1430 1500 942
2453 2 2 0 1 1341 1530 1476
2454 2 2 0 1 266 1295 497
2455 2 2 0 1 990 1565 1491
2456 2 2 0 1 852 1477 1156
2457 2 2 0 1 914 1546 1473
2458 2 2 0 1 1050 1425 178
2459 2 2 0 1 416 518 515
2460 2 2 0 1 607 1297 569
2461 2 2 0 1 88 1314 174
2462 2 2 0 1 701 702 700
2463 2 2 0 1 349 1412 294
2464 2 2 0 1 164 1499 138
2465 2 2 0 1 22 216 21
2466 2 2 0 1 272 273 271
2467 2 2 0 1 1096 1097 272
2468 2 2 0 1 901 1515 1024
2469 2 2 0 1 17 1219 161
2470 2 2 0 1 314 1142 580
2471 2 2 0 1 973 1319 811
2472 2 2 0 1 115 1249 205
2473 2 2 0 1 706 1049 376
2474 2 2 0 1 1021 1552 185
2475 2 2 0 1 998 1416 1375
2476 2 2 0 1 606 1415 349
2477 2 2 0 1 255 261 256
2478 2 2 0 1 1318 1380 307
2479 2 2 0 1 156 1384 1212
2480 2 2 0 1 632 1360 1252
2481 2 2 0 1 33 1408 189
2482 2 2 0 1 1046 1239 775
2483 2 2 0 1 505 510 507
2484 2 2 0 1 352 1343 1020
2485 2 2 0 1 770 1239 1238
2486 2 2 0 1 151 1240 185
2487 2 2 0 1 1352 1423 1139
2488 2 2 0 1 286 1066 284
2489 2 2 0 1 844 1484 1475
2490 2 2 0 1 216 1271 834
2491 2 2 0 1 294 295 292
2492 2 2 0 1 769 1176 768
2493 2 2 0 1 1360 1394 1252
2494 2 2 0 1 950 1380 1311
2495 2 2 0 1 1099 1488 1309
2496 2 2 0 1 829 978 828
2497 2 2 0 1 427 1196 787
2498 2 2 0 1 233 1293 1147
2499 2 2 0 1 83 195 82
2500 2 2 0 1 1240 1492 1021
2501 2 2 0 1 751 894 752
2502 2 2 0 1 860 918 767
2503 2 2 0 1 127 1398 158
2504 2 2 0 1 821 1099 722
2505 2 2 0 1 150 1325 149
2506 2 2 0 1 506 565 504
2507 2 2 0 1 726 1260 856
2508 2 2 0 1 988 1248 989
2509 2 2 0 1 699 1338 701
2510 2 2 0 1 531 532 399
2511 2 2 0 1 177 1236 73
2512 2 2 0 1 761 1286 1285
2513 2 2 0 1 1062 1373 1064
2514 2 2 0 1 662 1225 965
2515 2 2 0 1 1506 1516 896
2516 2 2 0 1 195 1323 82
2517 2 2 0 1 940 1433 1429
2518 2 2 0 1 1540 1571 668
2519 2 2 0 1 309 313 305
2520 2 2 0 1 913 1326 1102
2521 2 2 0 1 708 955 666
2522 2 2 0 1 53 1326 157
2523 2 2 0 1 1277 1335 408
2524 2 2 0 1 684 1299 624
2525 2 2 0 1 407 409 408
2526 2 2 0 1 716 1500 1079
2527 2 2 0 1 98 1425 97
2528 2 2 0 1 529 1307 472
2529 2 2 0 1 132 1257 208
2530 2 2 0 1 1415 1417 876
2531 2 2 0 1 1110 1576 1109
2532 2 2 0 1 206 1228 40
2533 2 2 0 1 449 450 448
2534 2 2 0 1 441 1411 439
2535 2 2 0 1 909 1409 786
2536 2 2 0 1 631 682 575
2537 2 2 0 1 472 1307 475
2538 2 2 0 1 1390 1458 1279
2539 2 2 0 1 651 1267 552
2540 2 2 0 1 462 968 967
2541 2 2 0 1 859 1372 759
2542 2 2 0 1 277 1287 279
2543 2 2 0 1 379 1312 382
2544 2 2 0 1 264 1318 262
2545 2 2 0 1 394 395 393
2546 2 2 0 1 70 1296 168
2547 2 2 0 1 99 1446 178
2548 2 2 0 1 497 1295 788
2549 2 2 0 1 101 1342 100
2550 2 2 0 1 543 1294 457
2551 2 2 0 1 949 1378 1367
2552 2 2 0 1 854 1364 342
2553 2 2 0 1 403 1075 370
2554 2 2 0 1 194 1219 18
2555 2 2 0 1 1065 1322 866
2556 2 2 0 1 324 1242 323
2557 2 2 0 1 550 1086 421
2558 2 2 0 1 522 1509 523
2559 2 2 0 1 1420 1561 921
2560 2 2 0 1 160 1249 116
2561 2 2 0 1 559 1363 236
2562 2 2 0 1 357 1343 347
2563 2 2 0 1 117 1273 160
2564 2 2 0 1 664 1174 1038
2565 2 2 0 1 446 1122 442
2566 2 2 0 1 1374 1416 968
2567 2 2 0 1 825 1470 1195
2568 2 2 0 1 161 1493 16
2569 2 2 0 1 934 936 935
2570 2 2 0 1 852 853 799
2571 2 2 0 1 820 858 819
2572 2 2 0 1 166 1257 133
2573 2 2 0 1 844 1146 843
2574 2 2 0 1 56 1280 179
2575 2 2 0 1 54 1326 53
2576 2 2 0 1 527 606 349
2577 2 2 0 1 306 1285 302
2578 2 2 0 1 593 1570 1511
2579 2 2 0 1 407 1392 410
2580 2 2 0 1 551 593 549
2581 2 2 0 1 368 1217 386
2582 2 2 0 1 88 174 87
2583 2 2 0 1 881 1292 1227
2584 2 2 0 1 1292 1447 992
2585 2 2 0 1 1483 1569 1036
2586 2 2 0 1 941 1187 937
2587 2 2 0 1 778 832 831
2588 2 2 0 1 1003 1528 1005
2589 2 2 0 1 330 745 328
2590 2 2 0 1 174 1340 87
2591 2 2 0 1 580 1131 1074
2592 2 2 0 1 971 1475 1022
2593 2 2 0 1 1150 1251 769
2594 2 2 0 1 15 190 14
2595 2 2 0 1 72 1236 207
2596 2 2 0 1 97 1105 96
2597 2 2 0 1 705 1194 972
2598 2 2 0 1 207 1296 71
2599 2 2 0 1 178 1425 98
2600 2 2 0 1 39 1228 171
2601 2 2 0 1 725 1554 688
2602 2 2 0 1 966 1525 912
2603 2 2 0 1 244 245 243
2604 2 2 0 1 605 1366 790
2605 2 2 0 1 551 1294 616
2606 2 2 0 1 1100 1477 1019
2607 2 2 0 1 783 1503 877
2608 2 2 0 1 1535 1556 160
2609 2 2 0 1 434 435 433
2610 2 2 0 1 1103 1577 1138
2611 2 2 0 1 819 1363 559
2612 2 2 0 1 515 1388 417
2613 2 2 0 1 435 439 433
2614 2 2 0 1 1179 1431 1101
2615 2 2 0 1 727 1401 637
2616 2 2 0 1 736 1338 1152
2617 2 2 0 1 439 1411 1320
2618 2 2 0 1 618 734 617
2619 2 2 0 1 354 542 341
2620 2 2 0 1 310 1207 225
2621 2 2 0 1 130 1419 180
2622 2 2 0 1 547 1362 681
2623 2 2 0 1 726 1261 1260
2624 2 2 0 1 165 1526 91
2625 2 2 0 1 1313 1514 166
2626 2 2 0 1 874 1426 1241
2627 2 2 0 1 20 1141 19
2628 2 2 0 1 202 1434 136
2629 2 2 0 1 833 1403 1173
2630 2 2 0 1 1408 1524 963
2631 2 2 0 1 1140 1561 1420
2632 2 2 0 1 926 1489 1443
2633 2 2 0 1 629 738 627
2634 2 2 0 1 877 1503 1216
2635 2 2 0 1 1095 1329 197
2636 2 2 0 1 1070 1493 161
2637 2 2 0 1 249 1364 250
2638 2 2 0 1 649 1370 1220
2639 2 2 0 1 269 1096 272
2640 2 2 0 1 845 1379 1267
2641 2 2 0 1 4 1557 104
2642 2 2 0 1 1044 1558 482
2643 2 2 0 1 1342 1446 100
2644 2 2 0 1 375 1124 374
2645 2 2 0 1 1218 1402 199
2646 2 2 0 1 782 1346 1170
2647 2 2 0 1 83 1298 195
2648 2 2 0 1 1175 1344 683
2649 2 2 0 1 137 1499 202
2650 2 2 0 1 1386 1463 1317
2651 2 2 0 1 644 746 665
2652 2 2 0 1 289 1245 290
2653 2 2 0 1 417 1388 419
2654 2 2 0 1 519 1302 481
2655 2 2 0 1 1392 1418 877
2656 2 2 0 1 687 1334 1121
2657 2 2 0 1 888 1335 1277
2658 2 2 0 1 954 1422 858
2659 2 2 0 1 887 1048 946
2660 2 2 0 1 105 1557 4
2661 2 2 0 1 838 1396 630
2662 2 2 0 1 1097 1400 1359
2663 2 2 0 1 24 176 23
2664 2 2 0 1 635 1169 555
2665 2 2 0 1 1092 1452 1301
2666 2 2 0 1 185 1325 150
2667 2 2 0 1 279 1287 1026
2668 2 2 0 1 1141 1301 194
2669 2 2 0 1 738 1203 1202
2670 2 2 0 1 727 1455 1158
2671 2 2 0 1 828 1490 830
2672 2 2 0 1 176 1271 23
2673 2 2 0 1 1245 1372 527
2674 2 2 0 1 409 1306 408
2675 2 2 0 1 1056 1568 878
2676 2 2 0 1 478 1413 476
2677 2 2 0 1 30 1545 2
2678 2 2 0 1 274 1543 1235
2679 2 2 0 1 1220 1370 850
2680 2 2 0 1 347 352 346
2681 2 2 0 1 1256 1366 605
2682 2 2 0 1 736 1152 829
2683 2 2 0 1 884 1457 1428
2684 2 2 0 1 835 1439 821
2685 2 2 0 1 879 1543 880
2686 2 2 0 1 851 1510 686
2687 2 2 0 1 623 1305 876
2688 2 2 0 1 519 1322 1302
2689 2 2 0 1 778 831 777
2690 2 2 0 1 19 1141 194
2691 2 2 0 1 462 1374 968
2692 2 2 0 1 302 303 300
2693 2 2 0 1 826 1377 642
2694 2 2 0 1 464 1443 1153
2695 2 2 0 1 200 1403 1143
2696 2 2 0 1 1235 1543 879
2697 2 2 0 1 785 1324 751
2698 2 2 0 1 1259 1444 1087
2699 2 2 0 1 716 1540 659
2700 2 2 0 1 1258 1466 204
2701 2 2 0 1 1021 1492 890
2702 2 2 0 1 298 1305 301
2703 2 2 0 1 507 508 506
2704 2 2 0 1 1219 1507 161
2705 2 2 0 1 637 1401 677
2706 2 2 0 1 1201 1554 725
2707 2 2 0 1 784 1418 1399
2708 2 2 0 1 1108 1173 1107
2709 2 2 0 1 824 1427 1175
2710 2 2 0 1 237 1363 1224
2711 2 2 0 1 29 212 28
2712 2 2 0 1 866 1319 865
2713 2 2 0 1 104 1356 103
2714 2 2 0 1 902 1563 903
2715 2 2 0 1 876 1417 652
2716 2 2 0 1 1250 1340 174
2717 2 2 0 1 642 1377 709
2718 2 2 0 1 1000 1405 1404
2719 2 2 0 1 867 1428 1376
2720 2 2 0 1 187 1342 101
2721 2 2 0 1 589 1509 522
2722 2 2 0 1 13 172 12
2723 2 2 0 1 242 544 244
2724 2 2 0 1 830 1456 1164
2725 2 2 0 1 494 1375 1374
2726 2 2 0 1 212 1316 28
2727 2 2 0 1 1068 1336 859
2728 2 2 0 1 658 873 872
2729 2 2 0 1 1433 1482 1199
2730 2 2 0 1 869 1402 868
2731 2 2 0 1 1226 1292 510
2732 2 2 0 1 759 1245 289
2733 2 2 0 1 850 1370 851
2734 2 2 0 1 1397 1479 899
2735 2 2 0 1 208 1419 131
2736 2 2 0 1 182 1541 9
2737 2 2 0 1 894 895 752
2738 2 2 0 1 1146 1451 615
2739 2 2 0 1 856 1520 857
2740 2 2 0 1 990 1491 1463
2741 2 2 0 1 1183 1379 845
2742 2 2 0 1 258 1390 1279
2743 2 2 0 1 1215 1464 1356
2744 2 2 0 1 980 1554 1201
2745 2 2 0 1 1341 1476 837
2746 2 2 0 1 836 1387 1355
2747 2 2 0 1 92 1289 165
2748 2 2 0 1 1257 1514 1005
2749 2 2 0 1 984 1213 348
2750 2 2 0 1 1342 1576 1110
2751 2 2 0 1 621 1391 537
2752 2 2 0 1 1101 1431 854
2753 2 2 0 1 1064 1460 1063
2754 2 2 0 1 1086 1442 598
2755 2 2 0 1 1360 1476 1394
2756 2 2 0 1 1363 1389 1224
2757 2 2 0 1 1173 1403 200
2758 2 2 0 1 1015 1414 1016
2759 2 2 0 1 759 1372 1245
2760 2 2 0 1 1391 1428 867
2761 2 2 0 1 1399 1406 784
2762 2 2 0 1 342 1364 249
2763 2 2 0 1 780 1586 789
2764 2 2 0 1 1446 1474 178
2765 2 2 0 1 1008 1346 782
2766 2 2 0 1 970 1461 826
2767 2 2 0 1 871 1458 657
2768 2 2 0 1 148 1575 175
2769 2 2 0 1 903 1563 1519
2770 2 2 0 1 959 1542 665
2771 2 2 0 1 669 1445 791
2772 2 2 0 1 255 605 261
2773 2 2 0 1 1005 1528 1454
2774 2 2 0 1 681 1341 680
2775 2 2 0 1 878 1522 1036
2776 2 2 0 1 347 1343 352
2777 2 2 0 1 655 1457 589
2778 2 2 0 1 390 1488 1089
2779 2 2 0 1 933 1449 931
2780 2 2 0 1 528 1561 1140
2781 2 2 0 1 877 1418 784
2782 2 2 0 1 1218 1582 1402
2783 2 2 0 1 1335 1393 404
2784 2 2 0 1 1273 1535 160
2785 2 2 0 1 687 1413 1334
2786 2 2 0 1 823 1368 1021
2787 2 2 0 1 1246 1353 245
2788 2 2 0 1 408 1335 405
2789 2 2 0 1 525 1480 492
2790 2 2 0 1 1158 1455 1157
2791 2 2 0 1 897 1481 1353
2792 2 2 0 1 203 1504 119
2793 2 2 0 1 483 1468 521
2794 2 2 0 1 100 1446 99
2795 2 2 0 1 1143 1495 1144
2796 2 2 0 1 1301 1452 194
2797 2 2 0 1 665 1370 649
2798 2 2 0 1 35 1524 34
2799 2 2 0 1 1367 1378 536
2800 2 2 0 1 1423 1559 756
2801 2 2 0 1 1018 1408 963
2802 2 2 0 1 854 1431 1366
2803 2 2 0 1 1006 1434 995
2804 2 2 0 1 1394 1476 591
2805 2 2 0 1 952 1453 264
2806 2 2 0 1 406 1392 407
2807 2 2 0 1 686 1510 780
2808 2 2 0 1 1014 1570 1233
2809 2 2 0 1 1371 1431 1179
2810 2 2 0 1 250 1364 1256
2811 2 2 0 1 197 1572 1410
2812 2 2 0 1 951 1535 1273
2813 2 2 0 1 103 1464 102
2814 2 2 0 1 657 1458 1390
2815 2 2 0 1 1068 1501 1336
2816 2 2 0 1 1077 1438 1288
2817 2 2 0 1 1138 1577 155
2818 2 2 0 1 948 1329 1080
2819 2 2 0 1 936 1482 938
2820 2 2 0 1 1419 1562 180
2821 2 2 0 1 976 1539 1115
2822 2 2 0 1 615 1451 1128
2823 2 2 0 1 581 1448 1209
2824 2 2 0 1 387 1462 473
2825 2 2 0 1 1273 1504 951
2826 2 2 0 1 659 1540 668
2827 2 2 0 1 858 1422 1421
2828 2 2 0 1 1228 1534 171
2829 2 2 0 1 167 1477 1100
2830 2 2 0 1 97 1425 1105
2831 2 2 0 1 598 1442 1371
2832 2 2 0 1 1126 1435 1127
2833 2 2 0 1 680 1341 837
2834 2 2 0 1 1087 1444 1322
2835 2 2 0 1 807 1424 1204
2836 2 2 0 1 1078 1518 545
2837 2 2 0 1 1213 1564 423
2838 2 2 0 1 882 1447 881
2839 2 2 0 1 720 1521 721
2840 2 2 0 1 182 1563 1082
2841 2 2 0 1 1384 1549 1212
2842 2 2 0 1 1128 1451 827
2843 2 2 0 1 1110 1474 1446
2844 2 2 0 1 213 1473 1166
2845 2 2 0 1 102 1464 187
2846 2 2 0 1 1116 1386 1117
2847 2 2 0 1 461 1432 464
2848 2 2 0 1 1079 1518 1078
2849 2 2 0 1 118 1504 1273
2850 2 2 0 1 941 1558 1044
2851 2 2 0 1 16 1493 15
2852 2 2 0 1 14 1478 13
2853 2 2 0 1 91 1526 90
2854 2 2 0 1 1336 1501 805
2855 2 2 0 1 1058 1385 526
2856 2 2 0 1 1395 1447 882
2857 2 2 0 1 1149 1455 1113
2858 2 2 0 1 861 1459 863
2859 2 2 0 1 1163 1469 156
2860 2 2 0 1 633 1472 1134
2861 2 2 0 1 1379 1448 581
2862 2 2 0 1 917 1457 884
2863 2 2 0 1 749 1406 748
2864 2 2 0 1 973 1508 1319
2865 2 2 0 1 62 1410 61
2866 2 2 0 1 932 1535 951
2867 2 2 0 1 906 1548 1200
2868 2 2 0 1 256 1390 258
2869 2 2 0 1 1314 1502 174
2870 2 2 0 1 1510 1586 780
2871 2 2 0 1 860 1550 918
2872 2 2 0 1 1376 1428 655
2873 2 2 0 1 1082 1563 902
2874 2 2 0 1 296 1305 298
2875 2 2 0 1 1178 1523 773
2876 2 2 0 1 1238 1239 402
2877 2 2 0 1 136 1434 135
2878 2 2 0 1 790 1371 1031
2879 2 2 0 1 131 1419 130
2880 2 2 0 1 923 1528 1269
2881 2 2 0 1 898 1506 896
2882 2 2 0 1 1383 1561 528
2883 2 2 0 1 608 1530 889
2884 2 2 0 1 1058 1586 1510
2885 2 2 0 1 549 1511 550
2886 2 2 0 1 1140 1420 875
2887 2 2 0 1 1473 1546 1166
2888 2 2 0 1 1325 1575 149
2889 2 2 0 1 598 1371 1179
2890 2 2 0 1 1195 1427 824
2891 2 2 0 1 1282 1523 1178
2892 2 2 0 1 1189 1365 196
2893 2 2 0 1 636 1537 727
2894 2 2 0 1 160 1556 1249
2895 2 2 0 1 181 1560 1373
2896 2 2 0 1 1402 1467 199
2897 2 2 0 1 1371 1442 1031
2898 2 2 0 1 787 1330 836
2899 2 2 0 1 657 1390 261
2900 2 2 0 1 864 1549 1384
2901 2 2 0 1 1041 1562 1419
2902 2 2 0 1 457 1294 551
2903 2 2 0 1 1396 1586 1058
2904 2 2 0 1 535 1367 485
2905 2 2 0 1 900 1529 1070
2906 2 2 0 1 1356 1464 103
2907 2 2 0 1 15 1493 190
2908 2 2 0 1 884 1391 621
2909 2 2 0 1 8 1541 193
2910 2 2 0 1 201 1456 1129
2911 2 2 0 1 748 1406 1268
2912 2 2 0 1 134 1588 166
2913 2 2 0 1 1268 1406 1351
2914 2 2 0 1 1385 1441 525
2915 2 2 0 1 1353 1481 246
2916 2 2 0 1 938 1482 1433
2917 2 2 0 1 837 1476 1360
2918 2 2 0 1 310 1439 1430
2919 2 2 0 1 1161 1440 159
2920 2 2 0 1 1320 1387 609
2921 2 2 0 1 1476 1530 591
2922 2 2 0 1 670 1553 1225
2923 2 2 0 1 1117 1513 1303
2924 2 2 0 1 1310 1517 916
2925 2 2 0 1 1498 1551 712
2926 2 2 0 1 1260 1489 856
2927 2 2 0 1 138 1499 137
2928 2 2 0 1 1322 1444 866
2929 2 2 0 1 694 1573 1420
2930 2 2 0 1 953 1440 840
2931 2 2 0 1 1034 1492 211
2932 2 2 0 1 721 1521 835
2933 2 2 0 1 190 1478 14
2934 2 2 0 1 199 1467 1162
2935 2 2 0 1 875 1426 874
2936 2 2 0 1 909 1450 1409
2937 2 2 0 1 1163 1578 1469
2938 2 2 0 1 888 1393 1335
2939 2 2 0 1 1402 1582 868
2940 2 2 0 1 1430 1439 835
2941 2 2 0 1 784 1406 749
2942 2 2 0 1 1429 1433 162
2943 2 2 0 1 526 1385 525
2944 2 2 0 1 171 1460 38
2945 2 2 0 1 485 1367 536
2946 2 2 0 1 926 1443 925
2947 2 2 0 1 1236 1568 207
2948 2 2 0 1 1421 1422 724
2949 2 2 0 1 894 1587 974
2950 2 2 0 1 929 1556 930
2951 2 2 0 1 1281 1471 1104
2952 2 2 0 1 899 1479 898
2953 2 2 0 1 186 1491 26
2954 2 2 0 1 1319 1508 865
2955 2 2 0 1 1221 1544 163
2956 2 2 0 1 1509 1555 523
2957 2 2 0 1 1373 1560 1064
2958 2 2 0 1 930 1556 1535
2959 2 2 0 1 158 1496 1108
2960 2 2 0 1 648 1487 756
2961 2 2 0 1 851 1542 1441
2962 2 2 0 1 310 1430 1207
2963 2 2 0 1 79 1538 213
2964 2 2 0 1 550 1511 1222
2965 2 2 0 1 1212 1549 206
2966 2 2 0 1 737 1537 636
2967 2 2 0 1 934 1486 936
2968 2 2 0 1 1231 1533 215
2969 2 2 0 1 1153 1489 1260
2970 2 2 0 1 949 1367 1333
2971 2 2 0 1 295 1497 292
2972 2 2 0 1 712 1551 713
2973 2 2 0 1 881 1447 1292
2974 2 2 0 1 945 1395 882
2975 2 2 0 1 1350 1545 30
2976 2 2 0 1 857 1453 855
2977 2 2 0 1 915 1550 860
2978 2 2 0 1 1512 1533 1231
2979 2 2 0 1 773 1523 774
2980 2 2 0 1 1066 1589 312
2981 2 2 0 1 261 1390 256
2982 2 2 0 1 13 1478 172
2983 2 2 0 1 868 1424 807
2984 2 2 0 1 1109 1576 1214
2985 2 2 0 1 790 1431 1371
2986 2 2 0 1 956 1463 1386
2987 2 2 0 1 940 1567 939
2988 2 2 0 1 711 1487 648
2989 2 2 0 1 889 1583 809
2990 2 2 0 1 1280 1548 179
2991 2 2 0 1 545 1518 1145
2992 2 2 0 1 1157 1455 1149
2993 2 2 0 1 848 1544 1221
2994 2 2 0 1 751 1324 894
2995 2 2 0 1 1104 1519 182
2996 2 2 0 1 1370 1542 851
2997 2 2 0 1 590 1567 1357
2998 2 2 0 1 1201 1590 1035
2999 2 2 0 1 1333 1367 535
3000 2 2 0 1 1036 1522 1483
3001 2 2 0 1 1428 1457 655
3002 2 2 0 1 1103 1487 711
3003 2 2 0 1 947 1572 948
3004 2 2 0 1 1139 1487 1103
3005 2 2 0 1 1329 1572 197
3006 2 2 0 1 1192 1501 573
3007 2 2 0 1 922 1562 1041
3008 2 2 0 1 1176 1546 914
3009 2 2 0 1 725 1590 1201
3010 2 2 0 1 910 1547 909
3011 2 2 0 1 1336 1498 859
3012 2 2 0 1 1215 1470 825
3013 2 2 0 1 181 1584 1524
3014 2 2 0 1 163 1544 1262
3015 2 2 0 1 924 1590 725
3016 2 2 0 1 1366 1431 790
3017 2 2 0 1 826 1461 1377
3018 2 2 0 1 1377 1539 976
3019 2 2 0 1 1177 1569 1186
3020 2 2 0 1 1170 1503 783
3021 2 2 0 1 1019 1477 852
3022 2 2 0 1 1471 1519 1104
3023 2 2 0 1 194 1452 1219
3024 2 2 0 1 119 1504 118
3025 2 2 0 1 930 1535 932
3026 2 2 0 1 1325 1552 1205
3027 2 2 0 1 183 1494 1321
3028 2 2 0 1 270 1505 267
3029 2 2 0 1 1115 1539 209
3030 2 2 0 1 1409 1450 1057
3031 2 2 0 1 1321 1494 919
3032 2 2 0 1 185 1552 1325
3033 2 2 0 1 1330 1387 836
3034 2 2 0 1 591 1530 608
3035 2 2 0 1 1222 1511 1014
3036 2 2 0 1 925 1443 1432
3037 2 2 0 1 1005 1514 1002
3038 2 2 0 1 1435 1513 1117
3039 2 2 0 1 1475 1484 1022
3040 2 2 0 1 936 1486 1482
3041 2 2 0 1 840 1440 1007
3042 2 2 0 1 690 1506 586
3043 2 2 0 1 1407 1585 929
3044 2 2 0 1 1114 1515 901
3045 2 2 0 1 1229 1529 900
3046 2 2 0 1 1362 1485 681
3047 2 2 0 1 1006 1588 1434
3048 2 2 0 1 24 1565 176
3049 2 2 0 1 1166 1546 188
3050 2 2 0 1 1076 1534 1077
3051 2 2 0 1 1484 1580 210
3052 2 2 0 1 214 1557 105
3053 2 2 0 1 866 1444 1319
3054 2 2 0 1 897 1516 1481
3055 2 2 0 1 688 1554 753
3056 2 2 0 1 1214 1576 187
3057 2 2 0 1 893 1574 1230
3058 2 2 0 1 1410 1572 947
3059 2 2 0 1 681 1566 1341
3060 2 2 0 1 1168 1578 1163
3061 2 2 0 1 1434 1588 135
3062 2 2 0 1 25 1565 24
3063 2 2 0 1 155 1577 1517
3064 2 2 0 1 865 1589 814
3065 2 2 0 1 891 1496 892
3066 2 2 0 1 890 1492 1034
3067 2 2 0 1 756 1536 755
3068 2 2 0 1 1136 1494 183
3069 2 2 0 1 1233 1570 969
3070 2 2 0 1 957 1551 1498
3071 2 2 0 1 921 1561 1383
3072 2 2 0 1 912 1525 913
3073 2 2 0 1 883 1502 1270
3074 2 2 0 1 978 1490 828
3075 2 2 0 1 593 1511 549
3076 2 2 0 1 609 1387 1330
3077 2 2 0 1 166 1514 1257
3078 2 2 0 1 1315 1538 80
3079 2 2 0 1 1262 1579 1466
3080 2 2 0 1 210 1580 1314
3081 2 2 0 1 1205 1552 1368
3082 2 2 0 1 1368 1552 1021
3083 2 2 0 1 1188 1555 917
3084 2 2 0 1 907 1507 1091
3085 2 2 0 1 179 1548 1436
3086 2 2 0 1 215 1531 5
3087 2 2 0 1 1241 1551 957
3088 2 2 0 1 1009 1558 941
3089 2 2 0 1 149 1575 148
3090 2 2 0 1 213 1538 1315
3091 2 2 0 1 206 1549 1438
3092 2 2 0 1 948 1572 1329
3093 2 2 0 1 193 1512 1231
3094 2 2 0 1 154 1531 1332
3095 2 2 0 1 211 1492 1240
3096 2 2 0 1 1357 1567 940
3097 2 2 0 1 1311 1520 926
3098 2 2 0 1 9 1541 8
3099 2 2 0 1 916 1577 1103
3100 2 2 0 1 1326 1525 157
3101 2 2 0 1 1105 1459 170
3102 2 2 0 1 36 1560 181
3103 2 2 0 1 1432 1443 464
3104 2 2 0 1 1436 1548 906
3105 2 2 0 1 177 1522 1236
3106 2 2 0 1 168 1547 1198
3107 2 2 0 1 473 1527 471
3108 2 2 0 1 904 1516 690
3109 2 2 0 1 885 1579 803
3110 2 2 0 1 1463 1491 186
3111 2 2 0 1 267 1505 265
3112 2 2 0 1 1332 1531 215
3113 2 2 0 1 1324 1587 894
3114 2 2 0 1 1251 1569 1177
3115 2 2 0 1 1225 1536 965
3116 2 2 0 1 945 1465 1395
3117 2 2 0 1 872 1581 1485
3118 2 2 0 1 1058 1510 1385
3119 2 2 0 1 1126 1513 1435
3120 2 2 0 1 135 1588 134
3121 2 2 0 1 1314 1580 1502
3122 2 2 0 1 880 1543 944
3123 2 2 0 1 939 1567 1009
3124 2 2 0 1 665 1542 1370
3125 2 2 0 1 755 1553 969
3126 2 2 0 1 175 1582 1218
3127 2 2 0 1 668 1571 820
3128 2 2 0 1 963 1584 961
3129 2 2 0 1 212 1545 1350
3130 2 2 0 1 690 1516 1506
3131 2 2 0 1 913 1525 1326
3132 2 2 0 1 312 1589 1508
3133 2 2 0 1 1324 1578 1168
3134 2 2 0 1 1479 1532 898
3135 2 2 0 1 785 1578 1324
3136 2 2 0 1 835 1521 1500
3137 2 2 0 1 789 1586 1396
3138 2 2 0 1 1481 1516 904
3139 2 2 0 1 756 1559 1536
3140 2 2 0 1 1144 1495 1429
3141 2 2 0 1 209 1539 1461
3142 2 2 0 1 1502 1580 1270
3143 2 2 0 1 172 1574 1282
3144 2 2 0 1 965 1559 966
3145 2 2 0 1 1270 1580 1484
3146 2 2 0 1 1356 1557 214
3147 2 2 0 1 29 1545 212
3148 2 2 0 1 1398 1496 158
3149 2 2 0 1 104 1557 1356
3150 2 2 0 1 1485 1566 681
3151 2 2 0 1 975 1583 1581
3152 2 2 0 1 1489 1520 856
3153 2 2 0 1 892 1496 1398
3154 2 2 0 1 1536 1559 965
3155 2 2 0 1 966 1559 1423
3156 2 2 0 1 875 1573 1426
3157 2 2 0 1 1450 1547 168
3158 2 2 0 1 1424 1582 175
3159 2 2 0 1 187 1576 1342
3160 2 2 0 1 868 1582 1424
3161 2 2 0 1 1461 1539 1377
3162 2 2 0 1 1522 1568 1236
3163 2 2 0 1 917 1555 1509
3164 2 2 0 1 1500 1521 1079
3165 2 2 0 1 878 1568 1522
3166 2 2 0 1 1249 1585 205
3167 2 2 0 1 1466 1579 885
3168 2 2 0 1 1519 1563 182
3169 2 2 0 1 909 1547 1450
3170 2 2 0 1 1454 1528 923
3171 2 2 0 1 1483 1522 177
3172 2 2 0 1 926 1520 1489
3173 2 2 0 1 1186 1569 1483
3174 2 2 0 1 1536 1553 755
3175 2 2 0 1 1508 1589 865
3176 2 2 0 1 1524 1584 963
3177 2 2 0 1 1420 1573 875
3178 2 2 0 1 1225 1553 1536
3179 2 2 0 1 1517 1577 916
3180 2 2 0 1 1485 1581 1566
3181 2 2 0 1 1566 1581 889
3182 2 2 0 1 1581 1583 889
$EndElements
