$MeshFormat
2.2 0 8
$EndMeshFormat
$Nodes
1770
1 0 0 0
2 0.02 0 0
3 0.02 0.04 0
4 0 0.04 0
5 0.0007296208721642086 0 0
6 0.001538331310443067 0 0
7 0.002264635516984483 0 0
8 0.003078991424389807 0 0
9 0.003818373577169457 0 0
10 0.004609460775720286 0 0
11 0.005351086324346532 0 0
12 0.006142072761220105 0 0
13 0.006908931831860157 0 0
14 0.007665357922664961 0 0
15 0.008458451614141703 0 0
16 0.00919772561771077 0 0
17 0.009996676263303332 0 0
18 0.01073184823002088 0 0
19 0.01154699056498166 0 0
20 0.01227072918935078 0 0
21 0.01308187446266199 0 0
22 0.01381459018292415 0 0
23 0.01461669046688074 0 0
24 0.01536967804405678 0 0
25 0.01614494135793812 0 0
26 0.01690044932674166 0 0
27 0.01767025180906247 0 0
28 0.01846610852513618 0 0
29 0.01920272249622155 0 0
30 0.02 0.0007966060924833212 0
31 0.02 0.001559293560062356 0
32 0.02 0.002359768208813477 0
33 0.02 0.003143111052341369 0
34 0.02 0.003909358158057543 0
35 0.02 0.004721547815703245 0
36 0.02 0.005487130986665105 0
37 0.02 0.006271234271956765 0
38 0.02 0.007079371532318456 0
39 0.02 0.007832061887083127 0
40 0.02 0.008635683075281076 0
41 0.02 0.009425352572226374 0
42 0.02 0.01018659789364244 0
43 0.02 0.01099831711137688 0
44 0.02 0.01177006267545472 0
45 0.02 0.01254799222839609 0
46 0.02 0.01335049222878487 0
47 0.02 0.01411557932894381 0
48 0.02 0.01490661108430808 0
49 0.02 0.01569701115741371 0
50 0.02 0.01646761848225629 0
51 0.02 0.01726218429725962 0
52 0.02 0.01804508619023996 0
53 0.02 0.0188190335244177 0
54 0.02 0.01961026967231756 0
55 0.02 0.0203920946616333 0
56 0.02 0.02116918236061706 0
57 0.02 0.0219584733171281 0
58 0.02 0.02274177971565975 0
59 0.02 0.02351884037687485 0
60 0.02 0.02431084973587772 0
61 0.02 0.02508937825329739 0
62 0.02 0.02586557291898015 0
63 0.02 0.02666343006489278 0
64 0.02 0.02743605114836525 0
65 0.02 0.02821849462724064 0
66 0.02 0.02902001471124958 0
67 0.02 0.02978266567353537 0
68 0.02 0.03057881024545139 0
69 0.02 0.03136999078543611 0
70 0.02 0.03213030614771918 0
71 0.02 0.03294073778989789 0
72 0.02 0.03371350260592335 0
73 0.02 0.03448986278023657 0
74 0.02 0.0353023478408548 0
75 0.02 0.03605750216727904 0
76 0.02 0.03685409132358057 0
77 0.02 0.03765049189620419 0
78 0.02 0.0384075766000472 0
79 0.02 0.03921738510464515 0
80 0.01926159957931264 0.04 0
81 0.01846645948840398 0.04 0
82 0.01771205880445561 0.04 0
83 0.01694332025644869 0.04 0
84 0.01615998965252483 0.04 0
85 0.01541053190224379 0.04 0
86 0.01462564802217738 0.04 0
87 0.01388264641043408 0.04 0
88 0.0130726069871263 0.04 0
89 0.01234287947536711 0.04 0
90 0.01153972128088517 0.04 0
91 0.01080672677674766 0.04 0
92 0.01000107972223665 0.04 0
93 0.00925310760342158 0.04 0
94 0.008473084412857384 0.04 0
95 0.007723881928243323 0.04 0
96 0.006944194454419904 0.04 0
97 0.006161250144672401 0.04 0
98 0.005416027447573166 0.04 0
99 0.004627655444348636 0.04 0
100 0.003885527608874898 0.04 0
101 0.003079810697996156 0.04 0
102 0.002346159635175347 0.04 0
103 0.001540819863219918 0.04 0
104 0.0008124166155660632 0.04 0
105 0 0.03920524335815056 0
106 0 0.03842049838760431 0
107 0 0.03764611004178138 0
108 0 0.03685422383225682 0
109 0 0.03607112484036604 0
110 0 0.03529451638118217 0
111 0 0.03450503100268195 0
112 0 0.03372049597452786 0
113 0 0.03294289394575084 0
114 0 0.03215117128253701 0
115 0 0.03137005907290941 0
116 0 0.03059421446461432 0
117 0 0.02979615770638672 0
118 0 0.02902152015331596 0
119 0 0.02824110646958764 0
120 0 0.02743800017078762 0
121 0 0.02667297756199091 0
122 0 0.02587945672081457 0
123 0 0.02508330722945575 0
124 0 0.02432426185016593 0
125 0 0.02351539330919757 0
126 0 0.02273724152164937 0
127 0 0.02196514269452997 0
128 0 0.02115082738187403 0
129 0 0.02039150659937676 0
130 0 0.01959921875308151 0
131 0 0.01879882794887939 0
132 0 0.01804134708778729 0
133 0 0.01723438155598124 0
134 0 0.0164511577434465 0
135 0 0.01567990096258224 0
136 0 0.01487584119519275 0
137 0 0.01410328750532424 0
138 0 0.01332194410571446 0
139 0 0.01252651182569208 0
140 0 0.01175396679450406 0
141 0 0.01096519786871467 0
142 0 0.01017651927015599 0
143 0 0.009400729328312998 0
144 0 0.008613068752624999 0
145 0 0.007825769486244548 0
146 0 0.00705107019408132 0
147 0 0.006264489281488206 0
148 0 0.005475318102539664 0
149 0 0.00470023400743988 0
150 0 0.00391034933444627 0
151 0 0.003122205107715416 0
152 0 0.002351168979820815 0
153 0 0.001552824356963342 0
154 0 0.0007737146535272341 0
155 0.01000009067693277 0.01000161946047163 0
156 0.01000001125712741 0.02000894567659967 0
157 0.0100069321003222 0.03000447249695362 0
158 0.006251013964297204 0.01500525281555442 0
159 0.01374867397735382 0.01500531231823136 0
160 0.01413810375012542 0.005915587563740138 0
161 0.006025287989061805 0.02475922574470048 0
162 0.01395436930823349 0.02477801277349589 0
163 0.005851683858983914 0.005856918757396053 0
164 0.005731780564731886 0.03419647163732083 0
165 0.01432010179904437 0.03430777579640287 0
166 0.01496108855676002 0.01991963345793681 0
167 0.01515179708219233 0.02940134019239247 0
168 0.004877059184542554 0.02939939932474852 0
169 0.004914963942665653 0.0199988884351688 0
170 0.01531946263287118 0.01057437289659748 0
171 0.004699283953853776 0.01042634809984967 0
172 0.009997702049687767 0.004385978309282633 0
173 0.01001427110655931 0.03556448361258815 0
174 0.010001622598772 0.02591444518342868 0
175 0.009954513929688526 0.01382327120312213 0
176 0.003448682500779634 0.003409748625578055 0
177 0.003447713630983693 0.03667054621894122 0
178 0.01661778870235102 0.01683320356481536 0
179 0.01668950039408332 0.02647425569899298 0
180 0.01657426734641331 0.003421513948876784 0
181 0.01655704796557295 0.02278254927172098 0
182 0.01254627076031731 0.02753125346125937 0
183 0.01664425588444981 0.03681283717405682 0
184 0.01695537938464599 0.0320836432871132 0
185 0.003403136515371108 0.01689835727526617 0
186 0.003196931838728801 0.007693679383255641 0
187 0.003305244045360077 0.02292150179634399 0
188 0.003301602730974441 0.02661118784301328 0
189 0.01116748087490596 0.0228503331659767 0
190 0.01236120863928746 0.01782339126805442 0
191 0.007225515367735372 0.008630267268783791 0
192 0.003263712758322588 0.03223953987706237 0
193 0.007532819743673664 0.01196479960933057 0
194 0.00331119985212644 0.01347402279544807 0
195 0.01269277421191663 0.03694071652524047 0
196 0.01686676190855739 0.007455716709700799 0
197 0.007412997465233287 0.02756046801857933 0
198 0.01690970608344071 0.01373303577886434 0
199 0.007480719879253629 0.01785962400785663 0
200 0.007367657695718869 0.02180843122825196 0
201 0.007270878028768263 0.0370382494808604 0
202 0.007203755375094125 0.003077102081043243 0
203 0.01278742365839957 0.03147770069842583 0
204 0.01268769716463282 0.003051008864395133 0
205 0.01134433556173169 0.007198994472194001 0
206 0.01240974468485648 0.01191813881781596 0
207 0.008572790763889539 0.03278637591117797 0
208 0.01369314938006157 0.02209220001473347 0
209 0.009930136707110741 0.01678352668937159 0
210 0.01760306182333037 0.02939545529952456 0
211 0.01744346138592309 0.0192528427737567 0
212 0.008349024956616517 0.00625867334401132 0
213 0.006228422560156448 0.03164689057792262 0
214 0.01181952065125782 0.03389352155643004 0
215 0.002459953060098099 0.02060178832043139 0
216 0.008828852257651046 0.02372230910943713 0
217 0.002423232342861104 0.01120647293939047 0
218 0.01240381764547997 0.009503129299218878 0
219 0.01462898342106866 0.008271143481672284 0
220 0.002417091185609949 0.02940883892985134 0
221 0.01757857160757527 0.03449135849923044 0
222 0.01760311064229938 0.00976130393501564 0
223 0.01777701699949999 0.005385535308152684 0
224 0.002415539927195884 0.03449535601264678 0
225 0.002312364050121274 0.005488319583302309 0
226 0.01232894516838351 0.02028078874387481 0
227 0.009322552028156893 0.03774887014023589 0
228 0.01473533028267695 0.002202880369053903 0
229 0.01472695741270798 0.01291394492473015 0
230 0.005453779413484834 0.01270530738218985 0
231 0.009597200940507051 0.002198649993448695 0
232 0.005284960580334164 0.03782267278979849 0
233 0.01484924712575966 0.03144117201851813 0
234 0.007659771282886477 0.0298318081711679 0
235 0.01178428025538584 0.0249205787006828 0
236 0.01464546446700134 0.01765822558786769 0
237 0.002051145307351525 0.02473606389975527 0
238 0.005487436193144823 0.007937048028284242 0
239 0.007906181889436422 0.03498196167867078 0
240 0.01463457737454911 0.03778333818005035 0
241 0.01314291674997224 0.02949815577398874 0
242 0.01207851169823653 0.00511047621769074 0
243 0.01159690237266595 0.01536008078862489 0
244 0.004970258947714933 0.002105875730396542 0
245 0.01784402745885303 0.01175962331358919 0
246 0.01066524360961388 0.02791635246772669 0
247 0.01476257966664132 0.02727102564315184 0
248 0.002098034404507941 0.01521999530727909 0
249 0.008026505688032082 0.02563983370172758 0
250 0.005248051110481288 0.02734508434923983 0
251 0.00524555866155901 0.02208195466907513 0
252 0.001943489749197632 0.03806589791875661 0
253 0.002103499956527088 0.002186235932951548 0
254 0.009230809858412717 0.008096089784125779 0
255 0.0180383921984943 0.03802903424812569 0
256 0.01789374558272214 0.02470011399458755 0
257 0.005232586143544604 0.0178761272617186 0
258 0.002084531068883297 0.01853435679928772 0
259 0.0180095363849428 0.001994970807640717 0
260 0.01796177603444967 0.01537265722737427 0
261 0.01046977269811736 0.01198884622787313 0
262 0.008479989602090454 0.01534839938839141 0
263 0.01076401163004245 0.03197480408701767 0
264 0.002036112757338917 0.009287910332255737 0
265 0.01796200821706887 0.02120713700895292 0
266 0.01565502236893878 0.01517872012714138 0
267 0.005645558939049882 0.03604415474936908 0
268 0.009718572136242779 0.0219006480625368 0
269 0.004243082786818205 0.02468065800383089 0
270 0.006843929407826298 0.01992985093851409 0
271 0.005352659016530974 0.003931840054401954 0
272 0.008166192324718097 0.01021954422073133 0
273 0.01132595560955389 0.03819804360490791 0
274 0.01579934533785023 0.02466431781172683 0
275 0.01133140762250056 0.001793218207925305 0
276 0.004401042019137936 0.01523307631630037 0
277 0.01599753283547908 0.005782774509534591 0
278 0.004057444441979684 0.006079146445253886 0
279 0.001808469530566317 0.02761776517938539 0
280 0.001816401092837459 0.03617800747481079 0
281 0.01483682302296795 0.004072396109683095 0
282 0.01553874304159471 0.02153295376726213 0
283 0.004089604411719937 0.03487288561142948 0
284 0.01817481111123891 0.03134452102223623 0
285 0.001808002816560452 0.03121361164791966 0
286 0.01842725330848598 0.008276493433804443 0
287 0.01823898417433512 0.01759888649528842 0
288 0.01271995227027616 0.023521295366437 0
289 0.01481726574570544 0.0358646611885244 0
290 0.003563904392475768 0.03817564140697104 0
291 0.01242575221892958 0.01375652320896265 0
292 0.01610326347500958 0.008969939213206123 0
293 0.01821234492824062 0.03625789845222108 0
294 0.001677358840236908 0.01292422796570327 0
295 0.01814029892371997 0.02741749459341823 0
296 0.01624253454628726 0.03081235550541687 0
297 0.01831673250988383 0.00375292711387655 0
298 0.00929854107379487 0.01835005925126549 0
299 0.007343713153012911 0.004863900482764376 0
300 0.008846863123554732 0.02842800594036287 0
301 0.001679279508237621 0.02235119210808967 0
302 0.001733985612920191 0.003857351266466746 0
303 0.006667563032131606 0.01007599280472632 0
304 0.01484585606531768 0.02331032029011545 0
305 0.008037506245664693 0.001580565223328202 0
306 0.001808897078333189 0.0169196652127069 0
307 0.001558643725573162 0.03296834031017407 0
308 0.003810363988472194 0.02820810021059642 0
309 0.01300670381150459 0.007291104426686193 0
310 0.01828311315833193 0.03276600386568698 0
311 0.00148520087671981 0.006904048096774803 0
312 0.01650585642747443 0.02808515681447173 0
313 0.004918167323325659 0.03269986411043668 0
314 0.01625359632730838 0.01219891320045397 0
315 0.01641465951428098 0.03814035821009621 0
316 0.01002069099808807 0.03379812727787194 0
317 0.01190062491056866 0.03553198058134356 0
318 0.006804192059372858 0.03839359698936395 0
319 0.01637454387917169 0.001696764903785179 0
320 0.003618209245007734 0.0305888582002997 0
321 0.01602434100445024 0.01856160106317268 0
322 0.003860449196406658 0.01876817830490534 0
323 0.008238078267655935 0.01343315253732716 0
324 0.003651173056416406 0.009280095869302113 0
325 0.01595715651463719 0.03378611736639608 0
326 0.008262075993183533 0.02049130996949861 0
327 0.006878716548016022 0.006845200451019924 0
328 0.003909648829484394 0.01196712355969073 0
329 0.0111097763970988 0.02134131116204932 0
330 0.01181471581769055 0.0302140485290511 0
331 0.01384033723750614 0.03270130771380912 0
332 0.004002648090357048 0.02135658637572433 0
333 0.01845697021070122 0.01390720447003154 0
334 0.01341456906450915 0.01909681174874413 0
335 0.01838883669858338 0.02314397558759745 0
336 0.01345439092751663 0.01654621943324315 0
337 0.006272846513968072 0.02891578279950766 0
338 0.008609015406692113 0.03620111028079145 0
339 0.01091912114687356 0.01856311306772001 0
340 0.01004088925868718 0.006100775686864528 0
341 0.008839337013258062 0.0268520965627962 0
342 0.01142477927882215 0.02648813901581923 0
343 0.01330433495803546 0.001554996123200592 0
344 0.01362410869939975 0.01068503134468436 0
345 0.006588164812632846 0.001524092255258035 0
346 0.006623715005952369 0.01360315361775402 0
347 0.006417325381856714 0.02626356483035495 0
348 0.01275578734418745 0.03858311031479111 0
349 0.007301490652422846 0.02341865178861545 0
350 0.01319857412876933 0.004412829262127143 0
351 0.01105587191913755 0.008873751450830254 0
352 0.01638384523470158 0.02032792324026586 0
353 0.01141870063779044 0.01059243488240902 0
354 0.007158415918647084 0.03334249323636856 0
355 0.01613518937728388 0.03525963723433745 0
356 0.008754778333645855 0.03109352767209623 0
357 0.01377366888934788 0.02622581334742872 0
358 0.01152238926569566 0.003832384289211913 0
359 0.01042308548107103 0.02442397991805633 0
360 0.006304944645561436 0.01667199918489488 0
361 0.01371243755616125 0.02069112025189482 0
362 0.01345349653022763 0.03548807347398109 0
363 0.0185935036148162 0.006640761402799506 0
364 0.01227872650097719 0.02212942484302656 0
365 0.003599774925233946 0.001455798057267942 0
366 0.001503056003101855 0.02613316726133922 0
367 0.00518623788263852 0.02366982146346086 0
368 0.01867830406570051 0.02609443621195615 0
369 0.00850800721010847 0.003992704787631991 0
370 0.01564835549152383 0.007221379514581442 0
371 0.008966572924869555 0.01236287015429518 0
372 0.01092610997470284 0.03692678169331 0
373 0.00353318837528203 0.03363521461704683 0
374 0.004993560134231967 0.02589710942211602 0
375 0.008483149585138459 0.01684204299746272 0
376 0.004953682649643524 0.01643492630036011 0
377 0.01197665598557126 0.02883116537537302 0
378 0.01140161162699739 0.01684644708150974 0
379 0.008181710644218521 0.03861633021206108 0
380 0.005026232687009417 0.03082745136433254 0
381 0.00586524330689445 0.0208630840317515 0
382 0.004635477652980747 0.01380091706980034 0
383 0.01515154025329202 0.0257797765038905 0
384 0.01521890911866367 0.03275666167361538 0
385 0.006219030237822257 0.03010210070277202 0
386 0.01866169111784676 0.02000118216697543 0
387 0.01481737138605935 0.01614251993284044 0
388 0.01864261940138985 0.01068777152305344 0
389 0.01412173262489774 0.02859897360955264 0
390 0.01418837221367931 0.0303007971976282 0
391 0.003901880627388653 0.004737507843165489 0
392 0.001381014571756366 0.01972990931069066 0
393 0.01027953716668948 0.01530301823356114 0
394 0.01679236543795291 0.01089924774850872 0
395 0.00696527134481598 0.03572432234657757 0
396 0.0111795497576453 0.01315936664606562 0
397 0.006215334561488842 0.01163053579734392 0
398 0.01569446727335911 0.01382528996935565 0
399 0.01382307320019253 0.009231650376688518 0
400 0.001282033588006243 0.0236016886320617 0
401 0.005335710595845079 0.009225659250383893 0
402 0.005820373420938936 0.01910531718033251 0
403 0.007979067232862706 0.01923821199916091 0
404 0.0088361006036933 0.005147593894299467 0
405 0.01186181507509798 0.0325333480996071 0
406 0.01373730292872066 0.01370784727876554 0
407 0.001240148109110864 0.02121580989800551 0
408 0.01686758426561019 0.01496378000903334 0
409 0.001282307398406846 0.01052796521954596 0
410 0.007588957488846619 0.03182912172802146 0
411 0.01391139120945557 0.03876941829715161 0
412 0.001240176314465567 0.03488885831173875 0
413 0.01595505085946747 0.004504249822030022 0
414 0.01379704001908025 0.003160548583412283 0
415 0.01876142574337386 0.02998053359531276 0
416 0.01303651551352542 0.03434624047600197 0
417 0.003606934547207478 0.02003476545522635 0
418 0.009135236696056172 0.02502087156314656 0
419 0.006166513104706534 0.02295903971397003 0
420 0.00364575277622322 0.02936061623401861 0
421 0.01087607531167429 0.005227802100039801 0
422 0.001236742060290267 0.02874988944237393 0
423 0.01377942552902084 0.01197401490871656 0
424 0.01880477710501827 0.01648172809104166 0
425 0.008036031368487054 0.007689120421862039 0
426 0.001206574435060661 0.008244261759751029 0
427 0.01865227073176881 0.0352013196609398 0
428 0.001294728680011698 0.01421692587012267 0
429 0.01877618077458361 0.01271412515141317 0
430 0.001248532252881036 0.001029855190029589 0
431 0.004689056696983133 0.03679037697608307 0
432 0.001176618239392991 0.03891520721912355 0
433 0.001216671576076772 0.005020112909500371 0
434 0.01010762377750153 0.007344192334888621 0
435 0.002745670186575233 0.02183102465076079 0
436 0.009987331743832836 0.0230886151360244 0
437 0.009101300389353697 0.03466275477556253 0
438 0.004593686933309204 0.03874086689703517 0
439 0.01882736774238484 0.00116374604152409 0
440 0.009183854974047834 0.01095811413738262 0
441 0.01028190680079772 0.001187439443487485 0
442 0.0129123645377789 0.006039626590878283 0
443 0.009133536409600641 0.001147278182409003 0
444 0.0187008622894038 0.03894305341725487 0
445 0.01383845760998069 0.03662125354535447 0
446 0.0121559461046697 0.008182615197847697 0
447 0.01013339470659255 0.03881310894020142 0
448 0.008482174865451884 0.02254408642975769 0
449 0.01637134590552738 0.02939474322421795 0
450 0.008521298102229041 0.002689157058702641 0
451 0.003078770111896013 0.03548963804231255 0
452 0.01867821369757718 0.01872592821477028 0
453 0.01712808416296416 0.03335386507085572 0
454 0.003160061873441612 0.01465931210499304 0
455 0.007508848937319842 0.01445937105669628 0
456 0.01885823459320219 0.02207960279791132 0
457 0.003496525502095357 0.01062102254758146 0
458 0.01879769302818447 0.004792254364014826 0
459 0.01871607863569887 0.009472309804559882 0
460 0.00616246946970843 0.03708126325229133 0
461 0.0188344283301121 0.02867292205662915 0
462 0.008896070097415708 0.00938467843579332 0
463 0.002672618365059125 0.03894668568133079 0
464 0.01065963678386027 0.002788515961621933 0
465 0.01722744096250711 0.03571351105224503 0
466 0.01707153339584537 0.006326914510423576 0
467 0.001209409489743343 0.03003311348403845 0
468 0.006101284584998562 0.004730579589021794 0
469 0.00757192920422458 0.0287065596904137 0
470 0.00510268504257156 0.01158472256632068 0
471 0.01722821748043138 0.008587565287456951 0
472 0.001220754431081189 0.0117914615932859 0
473 0.01086394692702819 0.03468438195872373 0
474 0.001109946805826954 0.03727065325165048 0
475 0.00284063417329034 0.0064824752588848 0
476 0.01890585873328237 0.0371875938786182 0
477 0.007303348287965635 0.01581592221463259 0
478 0.002803697997110774 0.004380630261188847 0
479 0.01120825027379939 0.01983507529707603 0
480 0.005952242214169442 0.002849327303875757 0
481 0.002769246206313821 0.01238199850216735 0
482 0.01428740894727595 0.007089162049246251 0
483 0.002948668009680453 0.02406566171373484 0
484 0.003117527796746097 0.02532976951262234 0
485 0.009591583759476089 0.03206423200707696 0
486 0.005997144563909287 0.03301394778768329 0
487 0.01707707385415323 0.01795988604840621 0
488 0.01525135871571055 0.03888435053422772 0
489 0.01890933108284717 0.002743812431686109 0
490 0.01108900742355227 0.01432060358911602 0
491 0.01509673171335329 0.001114072637917438 0
492 0.004327739110249279 0.02261682558730072 0
493 0.004149205752939858 0.03156488105543874 0
494 0.006269043727400277 0.02776859326441393 0
495 0.01880864371834239 0.03388316452907351 0
496 0.01545152651435588 0.003118938227846178 0
497 0.007069477884135188 0.006085911084991312 0
498 0.009943182965430413 0.0270362940095019 0
499 0.005372552860557048 0.02844339443262389 0
500 0.006831819817263494 0.03455158500255843 0
501 0.01727132797324439 0.004304528925926233 0
502 0.005788123138916162 0.03898034708683394 0
503 0.01677978866000695 0.02158818669328804 0
504 0.01497942875348452 0.009375207550650601 0
505 0.009434777239039318 0.003267604887207804 0
506 0.01882056662075179 0.02409612057206539 0
507 0.01765809240653263 0.01292895229839471 0
508 0.01544862127469624 0.03696633160311986 0
509 0.01692746237368032 0.02395250887022526 0
510 0.001143812531780725 0.002826086519896791 0
511 0.001002238012858984 0.01778727031521515 0
512 0.004970919189839646 0.006761967204227285 0
513 0.01462961915452621 0.01442535293960526 0
514 0.01728535056790207 0.001058960187571598 0
515 0.01226140799372879 0.001107389850505434 0
516 0.01262299198160547 0.01483073459651585 0
517 0.01512797732233312 0.005104291130924922 0
518 0.01305229888701094 0.01287064328207487 0
519 0.01557497689177689 0.01697730215934935 0
520 0.001148758454625818 0.01578300244882314 0
521 0.01350115437424722 0.03774559952585872 0
522 0.01736262783645452 0.03892964617405098 0
523 0.0121539467553464 0.01907521806801713 0
524 0.007217605449502472 0.0247028599255975 0
525 0.00288194640106296 0.03754935292237935 0
526 0.01466402478567791 0.01875899118519612 0
527 0.008406809266815116 0.03749631895501766 0
528 0.008849364012515331 0.02973833484740999 0
529 0.008375101513204241 0.03386837266155539 0
530 0.01773763940633705 0.02228880615366596 0
531 0.01247607774766476 0.02591073188713617 0
532 0.001021570849164065 0.02470378453981083 0
533 0.01523329508211918 0.03457017506939218 0
534 0.01519503925406603 0.02819292029208965 0
535 0.01159809487203532 0.006128025483965184 0
536 0.00306834979038954 0.01581208126270455 0
537 0.01492817044573635 0.01170238797056304 0
538 0.005110280431158149 0.005082778318045045 0
539 0.01164888744333915 0.03139116251002566 0
540 0.004179979619608975 0.0271483903508251 0
541 0.004578259269109283 0.003130793487056915 0
542 0.002355123965800419 0.01399806223450586 0
543 0.01523486371379314 0.03045601389427518 0
544 0.009009833984886194 0.01946780354899004 0
545 0.006521069807312133 0.02199586949165903 0
546 0.01689266942317904 0.02536250732733886 0
547 0.004688197703479379 0.03398900694164034 0
548 0.01893570115423576 0.01485895037119031 0
549 0.004155501287103113 0.008303061228642416 0
550 0.009000937450253672 0.01436571795118414 0
551 0.001073011476608755 0.03382985785759013 0
552 0.01762798057904973 0.01643076470306732 0
553 0.01168015238459206 0.03900016852499527 0
554 0.01312164358930886 0.0212652654476275 0
555 0.01393601095210705 0.03160496979013085 0
556 0.001110169202282622 0.03200028884207987 0
557 0.009073728331189886 0.007119726295780272 0
558 0.002494511581442828 0.0192781938463925 0
559 0.01903850595743048 0.03181600325612351 0
560 0.002645798048000101 0.02858524577603999 0
561 0.01357368912048213 0.01815417883102905 0
562 0.012514057517535 0.01088594123472762 0
563 0.009624020133850041 0.03653052979963314 0
564 0.01151908724508465 0.02770751731622219 0
565 0.004232988153682792 0.001072794005028709 0
566 0.017529753327824 0.002947548733264044 0
567 0.01105918307069989 0.0255186839894577 0
568 0.006374353516828845 0.01247267414374507 0
569 0.0189591553520214 0.02519466792625691 0
570 0.0174167949741614 0.03701033263564222 0
571 0.01089784173238141 0.03308432713009786 0
572 0.00298569239533728 0.01790667562964405 0
573 0.002290901450273445 0.02321042934439198 0
574 0.006684370502009239 0.01888477989498732 0
575 0.006320992862338026 0.01773873359256345 0
576 0.01061496257180253 0.02216407137703349 0
577 0.01280626896440524 0.03316532966913181 0
578 0.005325023632486853 0.03498791553591889 0
579 0.01073421843536144 0.02910425019012057 0
580 0.005420314680568279 0.0009815088586417366 0
581 0.01231410250280069 0.01625884218937322 0
582 0.002363342566780586 0.008302514492009298 0
583 0.0189526289221703 0.0208967790998154 0
584 0.01374760159932518 0.02752122206527804 0
585 0.004726160812650078 0.01895134741523033 0
586 0.007123188560292083 0.01097823537851493 0
587 0.01070092923733722 0.03086149262650119 0
588 0.01900421493011353 0.01168205694079897 0
589 0.001018919259598405 0.02702493450550404 0
590 0.002489766516411105 0.00102669721053756 0
591 0.01133245193847522 0.02411180573869862 0
592 0.005889474924261458 0.01387660902374785 0
593 0.0101152941291186 0.02106397325865558 0
594 0.001127654379968875 0.005990539893677382 0
595 0.004072157661672865 0.0239307336729821 0
596 0.01898909551995302 0.02696190243920147 0
597 0.003842449651867804 0.002422501229791568 0
598 0.007221946721844565 0.03081637581358114 0
599 0.01574876464664974 0.02679449841124361 0
600 0.0123381625150263 0.004120325539191384 0
601 0.00433903784051482 0.01763143895659422 0
602 0.009966105551337945 0.008947585873435486 0
603 0.007795549378784192 0.02660885220253381 0
604 0.01368368066216893 0.02322748565785216 0
605 0.006359107672534769 0.007982996925057786 0
606 0.01433660068265788 0.02124249898470759 0
607 0.01465462995840331 0.02233681441725914 0
608 0.01000908720371589 0.01766386176168711 0
609 0.01310624612078899 0.02847003835971455 0
610 0.002704920708742234 0.003053142098342124 0
611 0.01513577906920116 0.0247626367853406 0
612 0.01589817264188382 0.03159674973092556 0
613 0.01273179251962769 0.03035884375991928 0
614 0.01639864391061309 0.01582580027121478 0
615 0.009415222980791348 0.01319434239756819 0
616 0.0134127658259854 0.00812380589917421 0
617 0.004122572742351688 0.02586055012332603 0
618 0.01709400011284205 0.031283536774785 0
619 0.01286231215659755 0.02499726780016188 0
620 0.0009712677585432782 0.01884793423443913 0
621 0.01740747303291547 0.0202257576271068 0
622 0.01100989462251641 0.000883277237595733 0
623 0.002808372256151972 0.03123781049729204 0
624 0.00221977899428524 0.03219530727674356 0
625 0.01146769190263841 0.002947712824525595 0
626 0.01659184576572499 0.00992501387623702 0
627 0.001021390541454208 0.009609699283620279 0
628 0.008626423970813079 0.02151360259508673 0
629 0.004170347646443307 0.007208675048537236 0
630 0.007461002280666776 0.02084856327922208 0
631 0.01099084093758847 0.009775473318624524 0
632 0.01029901816410292 0.01296720643093397 0
633 0.01598349217777831 0.01954557051493382 0
634 0.01062004631295397 0.01088352737588071 0
635 0.01146088755183927 0.01217716818512088 0
636 0.008377716954293232 0.008868196219641553 0
637 0.01598414404670816 0.008112946320942237 0
638 0.01198382203602785 0.03776548825225705 0
639 0.008935907361565366 0.02591016563192886 0
640 0.003315133977609562 0.005299512193801389 0
641 0.005112699287466925 0.02491821357765607 0
642 0.007591788316863526 0.01293784237871369 0
643 0.007337793212969748 0.0009701605272506263 0
644 0.004972155413514368 0.02126878397259665 0
645 0.01574196285724349 0.02327561585497072 0
646 0.01762803488742643 0.01430109454540151 0
647 0.006440400878078312 0.003738631521824541 0
648 0.008214495091984925 0.02449018195545644 0
649 0.01416972636201696 0.0352358718894239 0
650 0.01480709419196587 0.01524810179091957 0
651 0.004169540200863794 0.01292053325123392 0
652 0.002747743999364461 0.03339352798735961 0
653 0.01501758878376033 0.03370848182187831 0
654 0.008928604050497994 0.03896489114544336 0
655 0.008895175107862247 0.01601248332062408 0
656 0.01413443962141581 0.00479755462432868 0
657 0.007441946426760828 0.009702487771888564 0
658 0.01230991590393831 0.002090014069370132 0
659 0.0174040130543095 0.02836764702658739 0
660 0.01653914259962053 0.005419517690212322 0
661 0.007447940972482449 0.01713430477078368 0
662 0.002634614424752183 0.03020283268950119 0
663 0.005812583484574822 0.01056347530642946 0
664 0.004265837044490297 0.03754083912851708 0
665 0.01902512704284594 0.005786319013219764 0
666 0.005327659680558824 0.01546949503129094 0
667 0.008222781438261547 0.01126847548896286 0
668 0.01247229168662902 0.03611075168066046 0
669 0.002454406319888306 0.010043158320558 0
670 0.0148280822484749 0.006144903629193427 0
671 0.002320497043428951 0.0267878352770201 0
672 0.01551059842652298 0.02234693278096968 0
673 0.01595896286613943 0.02584376694929097 0
674 0.009925748531230296 0.01903819492194707 0
675 0.01757081641475039 0.02689395398528557 0
676 0.008066300654187081 0.005435901189458239 0
677 0.003073522533388718 0.0274140504456073 0
678 0.01923906484501785 0.007353904595600473 0
679 0.01786398089976399 0.00748846458217794 0
680 0.002015891416137023 0.03532506061585272 0
681 0.0140084599799145 0.0009665118011147403 0
682 0.0159826441102081 0.03288778640709343 0
683 0.01671933625827008 0.0344924351781957 0
684 0.01622142171192578 0.006816145349790579 0
685 0.01206533475353442 0.01290826130380829 0
686 0.005084578107114887 0.03201817076518878 0
687 0.01544605311590347 0.02066556620551811 0
688 0.008235375000149961 0.02783027910797224 0
689 0.006863422024019827 0.03250549126896574 0
690 0.0008408915760041522 0.03590799181849993 0
691 0.01201831952154116 0.02103199406220314 0
692 0.009650784249832754 0.02904291586637199 0
693 0.007347860113055614 0.03915877439691594 0
694 0.01560772482558506 0.03610356223945003 0
695 0.0007688772726033195 0.03084648086882835 0
696 0.006329240460918028 0.009188573431441253 0
697 0.007590133307007967 0.003945718123968992 0
698 0.0159963724678328 0.01310255933844202 0
699 0.004251386665182598 0.03599609598167532 0
700 0.01038384339664404 0.03753515461133478 0
701 0.009275708604245885 0.01736637208449325 0
702 0.003905330382062019 0.01609601816175187 0
703 0.00337719112876477 0.03934098757104838 0
704 0.009178439671712849 0.005962023067358688 0
705 0.005767037204693307 0.02952327617830437 0
706 0.002881670712661846 0.002279489971673189 0
707 0.006052956940789241 0.00689987194080274 0
708 0.01088957029150456 0.03902795620049442 0
709 0.01417406137621899 0.02944963940482561 0
710 0.01315419862271735 0.01570319919316121 0
711 0.00205866988738356 0.03716439224784911 0
712 0.007694526230239367 0.03612901375702021 0
713 0.006020097500449503 0.03521475435183625 0
714 0.0168333098091728 0.002346015607275379 0
715 0.000904482511465559 0.02282627685652578 0
716 0.0009424253291940542 0.02196802870383226 0
717 0.007292623632186408 0.002117917234798681 0
718 0.01148813159336198 0.0178207482805341 0
719 0.007066103043918233 0.0255742800314326 0
720 0.004618188313674998 0.02797269570732154 0
721 0.005942378468272583 0.02374992765608033 0
722 0.01777858847161387 0.01095304730133958 0
723 0.01756261397931127 0.03021992043274946 0
724 0.009749072489837432 0.03109987998856661 0
725 0.007325729250737457 0.0377871601284623 0
726 0.01929665840785679 0.001983365835314579 0
727 0.01703718510670196 0.02746926510080233 0
728 0.01406777602611739 0.025570830590818 0
729 0.009783338702416954 0.005254630876176204 0
730 0.0191734777989077 0.003524694709732056 0
731 0.01247888298863114 0.0350889822927364 0
732 0.01067565756427521 0.01625696988090115 0
733 0.01773041666418252 0.03191137821532414 0
734 0.01909033014067633 0.03593781729636696 0
735 0.01144739232292651 0.02215154998790786 0
736 0.008241420322225851 0.01836663626754091 0
737 0.009314815099064754 0.02061321417388744 0
738 0.000779907618932105 0.002014435792913206 0
739 0.0121662749990814 0.006782634922344759 0
740 0.01934958011814883 0.01763994005386603 0
741 0.003794581320648704 0.02227486337383503 0
742 0.00459065946734927 0.03014414233677667 0
743 0.01064519618443873 0.02655429601588859 0
744 0.01459684084983534 0.02056497674393207 0
745 0.009566239967773307 0.02784656766834326 0
746 0.002179033806015781 0.0176701724654804 0
747 0.01407378164667635 0.01569599133416134 0
748 0.01662686606681629 0.03932640443813722 0
749 0.008174913507577391 0.004670278333294808 0
750 0.0158899489627729 0.0008830101280549833 0
751 0.0009375897540746803 0.02798459875553027 0
752 0.005761996981215812 0.02567259686882409 0
753 0.004286778158037041 0.02880071793391156 0
754 0.0100427781862432 0.03469207727500366 0
755 0.01405891327439654 0.01977598098156288 0
756 0.002262154638582791 0.02556504031381095 0
757 0.01575351259067847 0.0379797560416449 0
758 0.003294555888795918 0.03467481036388537 0
759 0.0008066195993285674 0.007516444108547923 0
760 0.005875071109700971 0.01998500488002419 0
761 0.0009621328687747354 0.03295519346402534 0
762 0.01288006310356459 0.005332381759142919 0
763 0.0008984142721034719 0.003543482394842947 0
764 0.006964628997299873 0.02265579289943519 0
765 0.01733117177667748 0.0157062707162649 0
766 0.01909529945490674 0.03071937164848179 0
767 0.01303477398268856 0.03232967526071145 0
768 0.01598603069647692 0.01128943874157349 0
769 0.005564958608624033 0.02650972138895864 0
770 0.01802169190416225 0.0007633840951225511 0
771 0.01747338640772282 0.0231286570354974 0
772 0.006903680340963969 0.02962125340858802 0
773 0.01088625043603084 0.03561991134046698 0
774 0.01900012637263476 0.02282851666140962 0
775 0.01443228276327144 0.01027449523516471 0
776 0.01242351952762656 0.02667724088390176 0
777 0.0008051696059834731 0.03808758830606003 0
778 0.01623470306301013 0.01764631967703747 0
779 0.0106578334649362 0.006691163273133098 0
780 0.007609232591868034 0.02002434869612532 0
781 0.0169033247602725 0.03751520063393825 0
782 0.01355684489180805 0.002444055984583991 0
783 0.01289582156109302 0.02273249251644049 0
784 0.01185121289228411 0.03666364755132674 0
785 0.01632295203983244 0.01429745510632876 0
786 0.008289101608808143 0.01269429877002339 0
787 0.01335209105702811 0.03920244856355867 0
788 0.000869116431043291 0.01705522301126111 0
789 0.01719857596315822 0.01223570811718948 0
790 0.01442048752627948 0.02651406483375128 0
791 0.004536265441392592 0.009607214426410864 0
792 0.01370179892732199 0.0335666149262731 0
793 0.01568950195663561 0.0276052421532424 0
794 0.01537627199049657 0.008499034089582812 0
795 0.01061265646219437 0.02054524488760617 0
796 0.01181286755684319 0.03465401241151605 0
797 0.0008676229756683848 0.014960747942447 0
798 0.01308998276246951 0.01993240127922925 0
799 0.01380518464832925 0.0128763965197007 0
800 0.0008705297201929817 0.01259104197429949 0
801 0.01085020739478336 0.007909241031618259 0
802 0.01800302478990214 0.01846641318982232 0
803 0.009463662655523406 0.03300370893535047 0
804 0.01924486931352759 0.02784437453853533 0
805 0.01773314950878928 0.02559970419252531 0
806 0.008021895857575704 0.0006756113416481815 0
807 0.008832219549019308 0.001916668001546523 0
808 0.008627969711250766 0.03532428911483201 0
809 0.01269614874733272 0.01697835081973968 0
810 0.003954630267215073 0.03274171797347488 0
811 0.00454513659935161 0.02202332045325318 0
812 0.003053320508292506 0.008511459431586339 0
813 0.008021886446815115 0.03078052989589518 0
814 0.01342309548030405 0.03090841363963197 0
815 0.002323698501708251 0.01606476119500197 0
816 0.01557118515250635 0.01601989027733825 0
817 0.001943489749197631 0.03930398472767584 0
818 0.002618006526242224 0.03648033077130579 0
819 0.0191452673776665 0.01568764666501332 0
820 0.01203197804050685 0.02280341140569008 0
821 0.005613753074833928 0.01706050481403893 0
822 0.003717547623785908 0.01418815427195448 0
823 0.01044361217402628 0.002010000959295048 0
824 0.002029855362000508 0.004673330541412044 0
825 0.01544961827838376 0.002252672113776857 0
826 0.0191668006348825 0.01345787855852255 0
827 0.01415870131829569 0.01700810939245764 0
828 0.0102563247715846 0.003562699967959861 0
829 0.001918042399127472 0.03389233777632633 0
830 0.0007195100783941692 0.02939006140623188 0
831 0.005018124964189098 0.005920821149040129 0
832 0.01074055247641159 0.02350480774731618 0
833 0.01926384112535695 0.03790191150046464 0
834 0.0146236585081408 0.03700301642574103 0
835 0.00249679092486357 0.007174958886531243 0
836 0.008134633354174723 0.02335360069566073 0
837 0.01807626824296904 0.03930518430354476 0
838 0.009831725046208828 0.02511023813580533 0
839 0.0179661412998151 0.03358877601299379 0
840 0.0008428360765471363 0.01347105031239202 0
841 0.0007467630354058875 0.02544082371462101 0
842 0.01904597223509769 0.03261770714292906 0
843 0.004147293651361931 0.01104181832675356 0
844 0.01142178269435046 0.00460022616897296 0
845 0.004324214855207465 0.02049472091477857 0
846 0.01570762427062558 0.02890432371519396 0
847 0.006432592136258961 0.01580905026614483 0
848 0.01516548673875727 0.01828771743074872 0
849 0.01939822686594598 0.02634513466169856 0
850 0.005972684550917479 0.03784364131494026 0
851 0.01796190275604244 0.009068475057067246 0
852 0.006428318661749616 0.03922532211007913 0
853 0.0122644060921522 0.02958053220729633 0
854 0.008200559483435461 0.02919548428891998 0
855 0.003389080108722978 0.0007456086590252285 0
856 0.01722768064794271 0.001856465834647936 0
857 0.01819018716107382 0.02390787826115348 0
858 0.009275409060367864 0.03042488774933474 0
859 0.01212018674947962 0.02417222005000993 0
860 0.003339444096646223 0.02076461633390518 0
861 0.01740238915611361 0.01716093381915168 0
862 0.01421748542841917 0.0238977947917987 0
863 0.004131225547885709 0.003797120013300834 0
864 0.01912332085896971 0.008670886554171904 0
865 0.00289444734778503 0.0187462071506368 0
866 0.002092114381547015 0.006221113253151684 0
867 0.005412434920887035 0.02292909814720256 0
868 0.006766080009066961 0.02712372050144038 0
869 0.009233513822059744 0.004437071963378957 0
870 0.01537847172302835 0.01251357508539433 0
871 0.01296286042525514 0.0008361563611335339 0
872 0.0129578505474919 0.01011975604676374 0
873 0.005298158302719898 0.03351337524048804 0
874 0.0008601356841296016 0.02036293471926911 0
875 0.005772965063413096 0.002021361029889864 0
876 0.01535969708363589 0.03539953634161641 0
877 0.001956706153314112 0.03007923862559234 0
878 0.01445314783511362 0.03228259466910845 0
879 0.01313881885263938 0.01429874597710323 0
880 0.00766247058911477 0.006565653976657716 0
881 0.006632361451051547 0.03649028462317631 0
882 0.0136096604828319 0.006579260217102579 0
883 0.01345949669833002 0.02405908859428231 0
884 0.01359851866141835 0.03478969063790461 0
885 0.01188211496445908 0.01434398259923541 0
886 0.004758217619271702 0.01224484294912208 0
887 0.009197809416255412 0.0101435029328705 0
888 0.01313820132259424 0.01143187755171082 0
889 0.009595268907696623 0.01162410211904541 0
890 0.004969520024123431 0.01463019131637588 0
891 0.006088289494193107 0.01316654190184001 0
892 0.00714039187216545 0.0078172841129199 0
893 0.002007314413965757 0.02161774359062509 0
894 0.009331660636048816 0.02263597362204896 0
895 0.007546180915785954 0.03419021258756057 0
896 0.008448164570811307 0.03193026019932856 0
897 0.009983885011217011 0.008141213030345016 0
898 0.000774108123440009 0.01119153179916708 0
899 0.006889322230239505 0.02825449165636473 0
900 0.009313576292472488 0.01518776525686998 0
901 0.01681032991944409 0.01871299286160805 0
902 0.00805368363046256 0.00326967569055258 0
903 0.0110123072934902 0.01141113527254276 0
904 0.006555106039054145 0.0006896827568465061 0
905 0.006778316023144381 0.02416534078640335 0
906 0.007675583210056808 0.0327143589086952 0
907 0.01452852770345727 0.01106125855027304 0
908 0.002549277702009343 0.01319649884570442 0
909 0.003269347137843086 0.01131617817764697 0
910 0.008106917041501842 0.01597002831451263 0
911 0.00664779713173305 0.01432931109583974 0
912 0.007402518192516737 0.01371800946049318 0
913 0.009501705847795165 0.02424599343814665 0
914 0.01920447133998023 0.01938448750774295 0
915 0.006498110422914886 0.03388087337080967 0
916 0.01576419867229949 0.02988371517071884 0
917 0.009642474459400037 0.0007080986099162155 0
918 0.0179701045241838 0.03558899664129568 0
919 0.0020774957545758 0.01190812400603545 0
920 0.002813088788338664 0.009353824114855861 0
921 0.01689389888046742 0.01975777843082786 0
922 0.01528237817010967 0.01921391592765054 0
923 0.0157242299276631 0.009750260834459807 0
924 0.002555787078723304 0.01690368845600459 0
925 0.0156041519143552 0.003925655636597344 0
926 0.01081589807405112 0.03003105556964324 0
927 0.01782832315598799 0.006206505582088732 0
928 0.01176313953710228 0.01139696367852325 0
929 0.008256834517998825 0.01421599395929117 0
930 0.005825175765735999 0.03087060656431947 0
931 0.006653052187312085 0.02113848830465365 0
932 0.004432649571841562 0.02642254115296952 0
933 0.009166444460091176 0.03388663698148055 0
934 0.005743902473623783 0.03231676942109112 0
935 0.01188575075721975 0.008872647636401186 0
936 0.0006533670568221184 0.008970682206688447 0
937 0.002175194746478938 0.02388284213091407 0
938 0.01927450085671038 0.0293415985404061 0
939 0.0144937501830357 0.01359446988676492 0
940 0.01460280540944352 0.03919068228718044 0
941 0.001864462575235565 0.0006379713766190044 0
942 0.01219214276942654 0.01014316751747098 0
943 0.009248987632454388 0.03574449426885198 0
944 0.01321488638728647 0.02698062681145549 0
945 0.008051605678233403 0.01747986050602957 0
946 0.005726526437371334 0.01628919511934594 0
947 0.0006236297833394511 0.0366779190079049 0
948 0.004293723353498623 0.01956517011711872 0
949 0.01093275517241634 0.03382046500637614 0
950 0.002372482305612916 0.02246707797307327 0
951 0.01398194272290772 0.03593145537974264 0
952 0.01165766448792417 0.01370382672743389 0
953 0.01682342966603674 0.02996780632855506 0
954 0.006560178045442937 0.002449936216657636 0
955 0.01150021962186929 0.03736900530260111 0
956 0.01808022169212447 0.02877913485696752 0
957 0.01154493524282078 0.02047771186528086 0
958 0.01033812432439762 0.03250081158626855 0
959 0.009641417134536876 0.006766359575359657 0
960 0.01173461185180817 0.02578947738106337 0
961 0.01520808927295642 0.02406217441725202 0
962 0.01918747832357515 0.01001374983227477 0
963 0.01623085803802486 0.02115983831469586 0
964 0.01101851203102224 0.02485269968688898 0
965 0.005839965935969873 0.008582735542616723 0
966 0.004158820853838023 0.00178457577743607 0
967 0.005268473017091107 0.003181495550554005 0
968 0.01399515598655668 0.001933442037230382 0
969 0.00825303952616872 0.03938196871022805 0
970 0.01931813050677041 0.006675302902137597 0
971 0.01662172596163441 0.0007007381391986901 0
972 0.003563714659018374 0.0372927127754603 0
973 0.01690335047695216 0.01301733143841702 0
974 0.00529769526835279 0.03011589606379888 0
975 0.01728819045536105 0.03821441397322028 0
976 0.0006691204886871867 0.02402056648978382 0
977 0.01281355395668649 0.01855441539232653 0
978 0.01071719220907303 0.01721106672730612 0
979 0.002406945801004029 0.003782371292491322 0
980 0.01207398479905566 0.003404891649143836 0
981 0.01369365620587558 0.02153313060139887 0
982 0.00474918600994512 0.02418620781921469 0
983 0.01672643288584806 0.008031020806320536 0
984 0.001510232207839265 0.02513879710109961 0
985 0.01277888577479852 0.008714578921101309 0
986 0.002755338303389993 0.03262405844178501 0
987 0.01806072186650161 0.004551618374736457 0
988 0.0159440284088994 0.03447384929463301 0
989 0.0183107203156021 0.01930682467337515 0
990 0.0193823663246265 0.01688392368487639 0
991 0.01326583387798591 0.003544611531449825 0
992 0.001685749451945223 0.009855028642186736 0
993 0.007858984451847316 0.002665384309709702 0
994 0.01075249257362962 0.004275525639250308 0
995 0.00426338522024635 0.03937360830889559 0
996 0.008187054884987258 0.0095244230095 0
997 0.004866350406371434 0.01717734377252213 0
998 0.01406310119534225 0.00404454940802532 0
999 0.005280515175474515 0.01006431922909418 0
1000 0.01518779783710053 0.007769758746851294 0
1001 0.001674653639589269 0.01119610191916582 0
1002 0.01085570106495368 0.005963609861223275 0
1003 0.00265679061351551 0.03824666445988092 0
1004 0.0193572230645256 0.03335049802298636 0
1005 0.01701013839047867 0.009257365093036506 0
1006 0.0193178071117124 0.0235772064872463 0
1007 0.006592099905579171 0.005358999305242147 0
1008 0.006969474017921063 0.01510473030869236 0
1009 0.01273288076302544 0.03775859669976256 0
1010 0.01462747184531386 0.003342050837611594 0
1011 0.004189253588036408 0.01694418935517386 0
1012 0.01823797234749049 0.01472562209531578 0
1013 0.01648433798055935 0.03600547549500058 0
1014 0.01813396999963864 0.002689973170032812 0
1015 0.01133125142724916 0.03613688987460264 0
1016 0.003224419934070952 0.02995560067555503 0
1017 0.001658119916079658 0.02046176382920663 0
1018 0.01440747929273112 0.0332381583093412 0
1019 0.01245812583577367 0.03925100426218747 0
1020 0.01934705249689235 0.01835025472602313 0
1021 0.003473816030574875 0.03139753207502231 0
1022 0.01774144935321692 0.01362867475183797 0
1023 0.01932767017731183 0.0215198802478145 0
1024 0.008955347404891893 0.03701793865354899 0
1025 0.01323005384782095 0.03625052191168841 0
1026 0.004989476200677962 0.03583612681179815 0
1027 0.00349328610630427 0.004148865000166289 0
1028 0.01161993722267151 0.01608249274972578 0
1029 0.01147241732555174 0.02943748820152632 0
1030 0.006005792773397858 0.01830650594551339 0
1031 0.01474203730594165 0.02883042046252209 0
1032 0.01722928763262812 0.01151005866621243 0
1033 0.003334966572245847 0.02871728343115414 0
1034 0.01353204766796046 0.03010316995519876 0
1035 0.01175733648690357 0.0005859648381172158 0
1036 0.006786679664694992 0.004363951230653876 0
1037 0.0006537476596212306 0.02623027195285395 0
1038 0.004445513612784679 0.005329255113470767 0
1039 0.003544373609813651 0.006870783419815257 0
1040 0.01069912356382919 0.01370605582172073 0
1041 0.01744222848491739 0.03266700196958124 0
1042 0.01926249880435403 0.01419325870467335 0
1043 0.005629675427793325 0.01198842741909494 0
1044 0.01543432221796167 0.01454244787674881 0
1045 0.004962390970167062 0.008447884121714738 0
1046 0.01909324426416398 0.03454557901320094 0
1047 0.004208571965173486 0.03084858270745922 0
1048 0.008203928520895363 0.01194774074165328 0
1049 0.007608192461439462 0.03550993780711941 0
1050 0.0006676824005344695 0.004432653483556811 0
1051 0.005158807294462962 0.03932313144848544 0
1052 0.0006790993375703509 0.03431163240472159 0
1053 0.007098376109445997 0.02646838529978517 0
1054 0.009912017426091642 0.01076441881047483 0
1055 0.005462155562018795 0.03713518496989958 0
1056 0.01423449049623292 0.0310294243887077 0
1057 0.01937983800849957 0.004315452986880415 0
1058 0.01086641316469456 0.02718607046028801 0
1059 0.001949813724523092 0.02875631076506344 0
1060 0.01407678051877732 0.007797783820535094 0
1061 0.009721019607880368 0.01454241548722365 0
1062 0.01530765753630418 0.03198249407906679 0
1063 0.00795545250781236 0.03679779368775547 0
1064 0.004019479015714025 0.03427532565971098 0
1065 0.01930223994270268 0.01097609438292357 0
1066 0.01935123998075986 0.03664905442426861 0
1067 0.0006119224131135841 0.01829256784207122 0
1068 0.002775437014499004 0.0261727492699395 0
1069 0.01340206552606307 0.02551317518527052 0
1070 0.0007053578116431227 0.01950763767963224 0
1071 0.01632303633131348 0.02724175078087628 0
1072 0.01623182003833306 0.002756245971548329 0
1073 0.01682944604801415 0.0351300958004965 0
1074 0.006728997093209548 0.03747237861801241 0
1075 0.005308634871230374 0.01339909588382 0
1076 0.006909158864180645 0.01167052613636257 0
1077 0.01575945048836725 0.03939727718525619 0
1078 0.008422304326682355 0.01978913232036164 0
1079 0.004514186610603601 0.02533039227960149 0
1080 0.007028696470324569 0.01650472211727697 0
1081 0.01309250365848639 0.01352140706370395 0
1082 0.003428060680100931 0.01275423910316611 0
1083 0.01698339555179699 0.02897743035951946 0
1084 0.01936049630207321 0.02023774351520283 0
1085 0.001636088847756565 0.01907523988713811 0
1086 0.003364566964631917 0.005940418208715551 0
1087 0.01556248170065174 0.001522216081633349 0
1088 0.01612857799206964 0.01052718600438824 0
1089 0.01757764379434765 0.03634683299279667 0
1090 0.0005497373742990655 0.03019518608550052 0
1091 0.01199321773840264 0.02816660916019876 0
1092 0.01649357251637769 0.004032435825102331 0
1093 0.01932847156891584 0.01228027847895277 0
1094 0.01933130910591138 0.0006685827991262314 0
1095 0.01698129598499177 0.02096119545333986 0
1096 0.01533561082640796 0.004584796954579922 0
1097 0.01116661100959455 0.02847645523335682 0
1098 0.01008600267337182 0.02850865741316921 0
1099 0.007207236315882955 0.01938921132923951 0
1100 0.01046703662892328 0.0005159758704042228 0
1101 0.001581545448645824 0.02940290877552523 0
1102 0.0006469067654392043 0.006616091266341308 0
1103 0.01604595715963739 0.03737764203810098 0
1104 0.01624996071802081 0.02194744990873568 0
1105 0.0005787683785518222 0.02867743524540794 0
1106 0.01096183029086798 0.01501421762397546 0
1107 0.005980018787796372 0.02714507052274082 0
1108 0.004938686652758993 0.0006320900082856934 0
1109 0.006956199616805991 0.03149212244806777 0
1110 0.001920557081469324 0.01451162628643236 0
1111 0.009695125261799454 0.001527538434034328 0
1112 0.01816631737752784 0.02060949951665936 0
1113 0.007659119805044599 0.02408931662730259 0
1114 0.0182306337155717 0.01004300289956753 0
1115 0.006424234243407923 0.01091105721515167 0
1116 0.01394146953951072 0.01435484030030898 0
1117 0.004456717369858896 0.03330402040312336 0
1118 0.000620083975380074 0.0103087241158064 0
1119 0.0100071527610333 0.02374350041627083 0
1120 0.01734509763677284 0.007866090260409209 0
1121 0.003365422438909929 0.01934552776416178 0
1122 0.005355419272740432 0.03848411233794274 0
1123 0.009729545943689001 0.01241395149354054 0
1124 0.004777343632784449 0.004413105941193905 0
1125 0.01220079818354086 0.005808665367516952 0
1126 0.01720314873020264 0.00359038895925419 0
1127 0.01047524473512688 0.01938515659198287 0
1128 0.008837744833944262 0.02750687482235853 0
1129 0.003631516254712202 0.01510327842523671 0
1130 0.004527585449457833 0.01831981876777438 0
1131 0.007723896022304003 0.02262662132888566 0
1132 0.01284440267168316 0.02070694637380799 0
1133 0.009958124522946006 0.002800308267157572 0
1134 0.01050598883149022 0.03628356534865244 0
1135 0.01581120345603546 0.00514487169385046 0
1136 0.00868138830594711 0.01901055196800044 0
1137 0.01549911288093137 0.02526322221203127 0
1138 0.01840696103017199 0.01133210479948461 0
1139 0.01941927903616928 0.005104339401184167 0
1140 0.007462218488240217 0.010348038141148 0
1141 0.01832111400885904 0.01323161354784971 0
1142 0.008103613373683077 0.02126383355635409 0
1143 0.01633637354171177 0.007418623627225363 0
1144 0.00204642400598197 0.01059704300009683 0
1145 0.01659281561132035 0.03384893281000202 0
1146 0.01815386270008821 0.03696689706319074 0
1147 0.008071195366666582 0.03138132711665875 0
1148 0.008712792056502812 0.03822454064201611 0
1149 0.009547059025322961 0.02644503780865164 0
1150 0.01211005171286857 0.03841364486980543 0
1151 0.003263132690266596 0.03294823558706738 0
1152 0.00833023216253264 0.007006403126930918 0
1153 0.01817402357527729 0.01683677790592654 0
1154 0.006390669369294651 0.006256503729729954 0
1155 0.006566057638961478 0.03086043390520737 0
1156 0.001674790629178392 0.02303622542946098 0
1157 0.008829575543603075 0.0005812735459985105 0
1158 0.01594758494603235 0.01655395796590355 0
1159 0.01161109815297186 0.01860782014011552 0
1160 0.009571481397992165 0.03933637368827178 0
1161 0.01732720717201136 0.006939857759872759 0
1162 0.005403157927476991 0.02425667925222249 0
1163 0.001822046413966072 0.007792671722172659 0
1164 0.002738844145660002 0.02470380221702658 0
1165 0.004428859744859339 0.03212213055190149 0
1166 0.0131271657777163 0.01220857768571861 0
1167 0.0148691217024624 0.01695269648828478 0
1168 0.0144164236642713 0.02806345432994233 0
1169 0.01356688037350061 0.01730658825016672 0
1170 0.0104508386637513 0.01445159699311986 0
1171 0.0122213512346737 0.03100618287340893 0
1172 0.003673534912448975 0.01806007851494651 0
1173 0.003990912311995731 0.01016082074954944 0
1174 0.01050257742100892 0.0215538345510662 0
1175 0.01506319466667764 0.02647217077037517 0
1176 0.01823845019887836 0.01598491827874383 0
1177 0.001435347678378997 0.0182390878729023 0
1178 0.01337586304219757 0.03837789720895017 0
1179 0.001763322379593407 0.01367517640416101 0
1180 0.01538762533545978 0.03118999993430712 0
1181 0.01843564144964026 0.005373148296865844 0
1182 0.01309881900200689 0.02198502490508618 0
1183 0.0124305835544129 0.01557301995571104 0
1184 0.008323525975119955 0.02634220665618769 0
1185 0.01730912435448285 0.01040325091551109 0
1186 0.0006584504530870606 0.03934477456059865 0
1187 0.00442867896854621 0.002488901667575566 0
1188 0.0183344339354846 0.02684585369223093 0
1189 0.0006411006097297549 0.01434776683308003 0
1190 0.01477341679515925 0.02996174965004477 0
1191 0.00770605965421332 0.01523039006305936 0
1192 0.01153348933262944 0.008300853310490275 0
1193 0.008789148320120945 0.003276673182479765 0
1194 0.01053995968397927 0.02282575573806169 0
1195 0.009443388768872765 0.02124725277708304 0
1196 0.0193497715954696 0.02464582838650455 0
1197 0.01942202328332093 0.03010920794602488 0
1198 0.01835132248315048 0.03444018835359934 0
1199 0.01400678532645847 0.03738991254454492 0
1200 0.01563278317266088 0.006398635079581178 0
1201 0.001779734776547769 0.003079813060594714 0
1202 0.0006428231474211437 0.0006413283597502227 0
1203 0.01560807407723173 0.03334500758073526 0
1204 0.008464633723496737 0.03453314416921401 0
1205 0.01086512067397707 0.01254547604643414 0
1206 0.008840558342125463 0.01371616982443914 0
1207 0.01398384481377607 0.02690255054021307 0
1208 0.01447095708973827 0.01225584247151337 0
1209 0.004394600558358016 0.008919672966747552 0
1210 0.01351749296053307 0.02891034576759502 0
1211 0.01367004660094008 0.005320216251869013 0
1212 0.01441382434524178 0.008950279986151534 0
1213 0.009172619377933521 0.002683061865348238 0
1214 0.01815585874337686 0.01246795245665378 0
1215 0.005857549861840511 0.02161898275062082 0
1216 0.008812399543357644 0.0115175453477912 0
1217 0.01403084775595808 0.0380990417902826 0
1218 0.006227403027702772 0.03579988503644653 0
1219 0.005944100438837757 0.02234137719979408 0
1220 0.01822855930279911 0.001522179663017924 0
1221 0.009777480016321836 0.01600722077478585 0
1222 0.005164399587462407 0.01937990232160623 0
1223 0.01750482987492184 0.01498024956791843 0
1224 0.007931716294194559 0.03340856418590912 0
1225 0.008772962349157178 0.007644188894505572 0
1226 0.003012895206258812 0.01405331633419725 0
1227 0.007401650480477931 0.01866260487058577 0
1228 0.00644131561551785 0.02048597957315291 0
1229 0.0194910670512306 0.001234318865702112 0
1230 0.002002956632368828 0.03865783035919068 0
1231 0.005906563501749808 0.009786606891219164 0
1232 0.01221093819945269 0.03189848501540891 0
1233 0.00678471740933626 0.01728715435750849 0
1234 0.005975971518595625 0.02837526218009046 0
1235 0.005931149616053477 0.007497118233697184 0
1236 0.01425331687183313 0.01823163391383024 0
1237 0.01195583592715177 0.01728845148902566 0
1238 0.00947999919732094 0.007544227290565544 0
1239 0.006366005141052879 0.0194755588733494 0
1240 0.00165907450622846 0.005546802314143571 0
1241 0.01874569264239544 0.004187389509848063 0
1242 0.01276218790020653 0.007959771270290256 0
1243 0.01236215666055981 0.007576427410584577 0
1244 0.01611183729983171 0.03221080406563007 0
1245 0.0100165435430392 0.02249944613490661 0
1246 0.01124400521110141 0.03246821055897711 0
1247 0.00572084497088422 0.005242727771145808 0
1248 0.002556489549404152 0.01460904126910041 0
1249 0.01086786422505844 0.001391175057204722 0
1250 0.01150407446525799 0.005443608870834664 0
1251 0.006685120756426133 0.02500495075268047 0
1252 0.004255892587312675 0.02955436649466156 0
1253 0.007022972086607408 0.03026955372529935 0
1254 0.01624027639720259 0.01495262892696228 0
1255 0.01270148417883991 0.02898748402427491 0
1256 0.01559459074666026 0.01186708468932498 0
1257 0.01277688967871047 0.01927464102634485 0
1258 0.007159658346495059 0.01242016651467096 0
1259 0.004235390702790108 0.03830366303257807 0
1260 0.002852544082406715 0.0234402542892732 0
1261 0.01842155417484243 0.02934255503366468 0
1262 0.01934726303058094 0.03934117443654908 0
1263 0.0006034707085531329 0.01199757602225923 0
1264 0.0005840601739220547 0.005248127014788008 0
1265 0.01024480316862533 0.03166557544260597 0
1266 0.003332705311599075 0.002733597689405783 0
1267 0.007481228930464955 0.03844162572026549 0
1268 0.007377411018300302 0.00552676847513621 0
1269 0.003302186073016503 0.02161702271066934 0
1270 0.008135924767409305 0.02197811461147033 0
1271 0.0187418644852061 0.0005372607338916223 0
1272 0.01056536147669267 0.01025908698976874 0
1273 0.008461074702021435 0.0251045599098879 0
1274 0.017000467615022 0.0163057518783409 0
1275 0.005148814498399602 0.03436442101017426 0
1276 0.01695230543515841 0.01437695805897274 0
1277 0.008274550799578003 0.03004160189294181 0
1278 0.01827537638773168 0.03056834592232079 0
1279 0.005259438888354433 0.0205610596195405 0
1280 0.01934318986192534 0.03531045017735008 0
1281 0.01479982356678888 0.03507135879811846 0
1282 0.004646928682850575 0.01580837895242582 0
1283 0.01837511994604575 0.02248864105448092 0
1284 0.01867283395785493 0.01809387757878562 0
1285 0.01382670735923678 0.01134045446427389 0
1286 0.01651437807803733 0.0315822329289434 0
1287 0.01447926714875198 0.001445212321501077 0
1288 0.0005431601288554116 0.02095859177983913 0
1289 0.002732797930839888 0.005004773485359781 0
1290 0.004696992819520398 0.007668260784098277 0
1291 0.003951000331706065 0.003034554300983351 0
1292 0.01656979879254246 0.02461509647095819 0
1293 0.002897649207663733 0.0340536083190442 0
1294 0.019497901730642 0.0286192546692451 0
1295 0.008123613475992695 0.02844147092984098 0
1296 0.008963138931194933 0.02210112198072281 0
1297 0.01523465746453857 0.01329238830581097 0
1298 0.01943720622862975 0.02222565054798466 0
1299 0.01248537289936719 0.03380167563848221 0
1300 0.003767659783590319 0.0252337520869679 0
1301 0.005534732204311988 0.004569093573449208 0
1302 0.008689668299256296 0.01776786851402974 0
1303 0.003089307541604614 0.02232872181414223 0
1304 0.006594448838157307 0.008571482405482316 0
1305 0.01160436115858517 0.03310042320433453 0
1306 0.01059003029859406 0.03822759913304302 0
1307 0.0006991590598847096 0.0350633109019463 0
1308 0.001689745057517469 0.0269122685762288 0
1309 0.005746579542783318 0.0004804498769004246 0
1310 0.01168543372500923 0.02349397891235475 0
1311 0.002739280813316095 0.02118398257212732 0
1312 0.002671813470687145 0.0004639457733700003 0
1313 0.0006960970227733541 0.01620900925857458 0
1314 0.01028045057901471 0.03943548776579352 0
1315 0.01665219192521049 0.03276081112398962 0
1316 0.01855898406655648 0.02142718687093085 0
1317 0.0057097344896824 0.01456464840215676 0
1318 0.0155207557906498 0.01759780238223982 0
1319 0.0185828457847713 0.002064726471742061 0
1320 0.0005333122182422691 0.008234045262771389 0
1321 0.002881020457775034 0.01998492505390186 0
1322 0.01424933663972077 0.00262540771142545 0
1323 0.00318817955339813 0.01001170527161457 0
1324 0.01037556548450779 0.009414039047938387 0
1325 0.001818657532564931 0.008605943841493701 0
1326 0.006617209041280228 0.02343245300984664 0
1327 0.01717629979501366 0.005716125515327478 0
1328 0.007820526725138678 0.02495815819946873 0
1329 0.01166628749883536 0.009614576124235609 0
1330 0.01440157641220374 0.006475969491958252 0
1331 0.007789392610113761 0.008318604830469152 0
1332 0.01351537650970721 0.0005986327574038774 0
1333 0.001760965310796538 0.0345554415813386 0
1334 0.0004966553714031725 0.0176821579624632 0
1335 0.01334726030669896 0.03709882519766293 0
1336 0.002792264764946802 0.01521193534719487 0
1337 0.01370246443480799 0.009924618271093486 0
1338 0.01407954260550478 0.02258534747912511 0
1339 0.01459667819136354 0.03849117610838217 0
1340 0.0113261547605502 0.01914773515922634 0
1341 0.01311881919786323 0.009459097017231287 0
1342 0.009691104306818429 0.003845133516166336 0
1343 0.01093170705948171 0.003481367736513922 0
1344 0.006911950142401114 0.02903530149693853 0
1345 0.01491605159112517 0.006918602303250317 0
1346 0.009007280109043739 0.02009990953861345 0
1347 0.001605024036213982 0.02825617161319491 0
1348 0.01733314874510113 0.02612333978304324 0
1349 0.001400618293546242 0.03781706939676272 0
1350 0.01931644987860928 0.008059556240008156 0
1351 0.01634861903288891 0.01363234257962369 0
1352 0.002683853915238605 0.039518331596011 0
1353 0.01246235428723117 0.0005349729658300807 0
1354 0.0005489995448947974 0.002761536126103623 0
1355 0.002494567757894159 0.008816217665746428 0
1356 0.009943539993596187 0.03802986713747505 0
1357 0.004934074504294175 0.02676957749274934 0
1358 0.003749358935993655 0.03544808967554829 0
1359 0.004885197463716314 0.03745723875952008 0
1360 0.0005280476596927035 0.03879466236630742 0
1361 0.008804579440835354 0.02440340859549269 0
1362 0.004197717853610901 0.0004900985344679261 0
1363 0.01837420628497161 0.02548210238044134 0
1364 0.005400664398408755 0.002531774159210881 0
1365 0.007563937991439587 0.007185344761832647 0
1366 0.006523233843063542 0.003180898222056673 0
1367 0.01613205172216983 0.02399748037299654 0
1368 0.01182910467590684 0.01975514796281373 0
1369 0.009628223529017588 0.009448977094793743 0
1370 0.01075244601443441 0.01791143503055286 0
1371 0.002829445424135159 0.00158135354256865 0
1372 0.008579663254755936 0.01068201678891945 0
1373 0.002308285820082337 0.0308074606365757 0
1374 0.008835490488355937 0.02310597959044858 0
1375 0.00925831272904705 0.01663034347761303 0
1376 0.002548914980174481 0.03580481273188064 0
1377 0.01536767816268172 0.005727310170749806 0
1378 0.003843274799600139 0.007720581914901855 0
1379 0.01194130037812614 0.03957059895800706 0
1380 0.01799793264596305 0.01987922135157469 0
1381 0.008607466471552437 0.00570104787378193 0
1382 0.01794356083770855 0.03866171075021932 0
1383 0.01662468879758971 0.01161626090865619 0
1384 0.003677727142758523 0.02752169107291564 0
1385 0.01834742687543941 0.02817852168972483 0
1386 0.01494835364111364 0.0211561789847836 0
1387 0.01732768953045215 0.03953326730146163 0
1388 0.003053605703230013 0.02920551700932382 0
1389 0.003850807921040277 0.005505055850301461 0
1390 0.004322447628061624 0.01455744904654135 0
1391 0.0195032875015757 0.002751190047414198 0
1392 0.01704639996454685 0.02223342714686439 0
1393 0.009490841015336367 0.02559127055364688 0
1394 0.0004813302526367122 0.02234098630533691 0
1395 0.0005077492390299764 0.03730729888793072 0
1396 0.001513161253024553 0.01505170387520248 0
1397 0.01877042754254349 0.01725585563496411 0
1398 0.002813019143677993 0.01063259670948138 0
1399 0.01220800424848565 0.03324609354710747 0
1400 0.00486512995156629 0.01301413930723324 0
1401 0.004390390306218044 0.006612294060181411 0
1402 0.002766878372816348 0.005836043325371772 0
1403 0.0193533911557164 0.00923768654386972 0
1404 0.01720514019503279 0.02461424171743878 0
1405 0.009548097149271654 0.03514026167779054 0
1406 0.0005711273176317987 0.02334023336184365 0
1407 0.009287809051779531 0.008766749181619907 0
1408 0.01400895518649131 0.03938732383774238 0
1409 0.004654077060678181 0.0346289509922319 0
1410 0.01646344220284077 0.006202977399716311 0
1411 0.008114671529047015 0.02709715602009299 0
1412 0.01942875353853906 0.01626062353704458 0
1413 0.008780963098579033 0.03338346868106357 0
1414 0.01864184831610341 0.03827330700210986 0
1415 0.003928888390934693 0.02311159443037247 0
1416 0.00855059695707228 0.001214520870138888 0
1417 0.01046629445992407 0.03423924921886982 0
1418 0.003426883988231474 0.03603603080051061 0
1419 0.01847386417529897 0.03202628532580359 0
1420 0.01074000004973819 0.007285897777958496 0
1421 0.01457826206108425 0.0006208817531017062 0
1422 0.01115763123474074 0.002393162309480307 0
1423 0.01037630900385807 0.005495478059229987 0
1424 0.005399952772158497 0.02900859178542532 0
1425 0.01423336865081064 0.02193288347900318 0
1426 0.001378688240351242 0.00908235698015754 0
1427 0.01025402991054911 0.03692279577131374 0
1428 0.003484650048374211 0.0245076909223426 0
1429 0.004503016388924202 0.01161871509013582 0
1430 0.007314021975863424 0.001548183810158886 0
1431 0.005717201084818831 0.01127278982893 0
1432 0.005614653889348955 0.0278597388020372 0
1433 0.001309321844727084 0.004305386119155784 0
1434 0.01197574954415087 0.016695012053678 0
1435 0.01850383342254416 0.0153259589275275 0
1436 0.01858157806736563 0.02467974641886928 0
1437 0.0006186805863817296 0.03169615205292595 0
1438 0.01254295848060152 0.004703149859432846 0
1439 0.01301595438747395 0.01769589005744593 0
1440 0.007620222669176377 0.01137012453531766 0
1441 0.001380919617950071 0.001706643732207854 0
1442 0.01445510615273615 0.03639726911633011 0
1443 0.01022685813073638 0.0184430358209941 0
1444 0.01748275478045884 0.02157443211443251 0
1445 0.003844226194980808 0.03202915830587121 0
1446 0.01940900691640335 0.02563960417700669 0
1447 0.004657825853729823 0.0232835985516458 0
1448 0.01101430732948366 0.03143564356191123 0
1449 0.01136934818942924 0.03082326427842355 0
1450 0.01145732748141956 0.03195027563882461 0
1451 0.004755634188373777 0.03148042603701588 0
1452 0.006219035246999321 0.03461966733644012 0
1453 0.01126831975910821 0.03506744750416149 0
1454 0.01728913632019239 0.0004712662991898653 0
1455 0.01048887332815867 0.0351285647657625 0
1456 0.01458952534587913 0.01932522886132483 0
1457 0.01457317475387108 0.00538596061899026 0
1458 0.01153980063483873 0.001233569660330704 0
1459 0.00394388910025501 0.01351289127127289 0
1460 0.009400131328453208 0.02327392809533835 0
1461 0.01952573858820273 0.03725229160989237 0
1462 0.012712850497094 0.003706733369261465 0
1463 0.004807254599981086 0.003691218682305375 0
1464 0.01617810689062495 0.02514389556127652 0
1465 0.002601373041581475 0.03509635751358101 0
1466 0.007547406152594974 0.02604009235025567 0
1467 0.002053153476498256 0.01986968144581075 0
1468 0.006798016532250016 0.01817903718056598 0
1469 0.007650923199422987 0.02812532941223962 0
1470 0.01602068645736716 0.003443659331651215 0
1471 0.01214698010760475 0.03720995958734923 0
1472 0.01045367866747115 0.02534623596262166 0
1473 0.002570794481511274 0.02764235762245998 0
1474 0.002982092856638946 0.01731920918724676 0
1475 0.001489374372903845 0.03067402320968775 0
1476 0.0119079216451777 0.03610085834922565 0
1477 0.01559549317056374 0.02001552801648962 0
1478 0.01529627465701889 0.0165417102602713 0
1479 0.01812480642171792 0.02990136205671445 0
1480 0.01281239028974085 0.02434710203967604 0
1481 0.005316033752881561 0.01866742396551394 0
1482 0.003011286285106675 0.03069834912904099 0
1483 0.006973438729029527 0.009212989497170357 0
1484 0.0006499811651022903 0.001313986102536926 0
1485 0.01366114640325864 0.02819919910648046 0
1486 0.009047096519936043 0.03169650502896666 0
1487 0.008979983346212868 0.03229647576419067 0
1488 0.01236562864945866 0.02529321716940257 0
1489 0.008736576143200553 0.01308775835997685 0
1490 0.00477008199956342 0.03805823215756527 0
1491 0.005789591113139149 0.03952614383055005 0
1492 0.003206597119960717 0.03872277240615458 0
1493 0.01727767306099046 0.004949543087950955 0
1494 0.005089108291873473 0.01095136447196933 0
1495 0.005586474867917249 0.00646204657068631 0
1496 0.008181639098318712 0.002180674761208583 0
1497 0.01719698978798899 0.03395507351425554 0
1498 0.009082783106498295 0.02910178640727364 0
1499 0.001405558882777344 0.03547204642884785 0
1500 0.01521471598732048 0.01562239407032459 0
1501 0.01945429059567639 0.01287015332921389 0
1502 0.002995983281127855 0.01641425019176145 0
1503 0.01945505754902345 0.01516845847245862 0
1504 0.01514908868306442 0.03822022556140033 0
1505 0.016511186027817 0.01819183428360573 0
1506 0.006618256533041448 0.03514457962837993 0
1507 0.000471724263866026 0.005918913111766913 0
1508 0.008863096008139483 0.03955181650694793 0
1509 0.01535604936613081 0.000602807312655159 0
1510 0.003873359249591153 0.03877625660378047 0
1511 0.01583175163448983 0.02828763761142035 0
1512 0.00766584416215333 0.009042828099575571 0
1513 0.003231091507730489 0.01201800049781251 0
1514 0.01170256529110548 0.02160437997678948 0
1515 0.002968300217738049 0.03696093805797736 0
1516 0.001543329751252244 0.01231984442806039 0
1517 0.005538211000963723 0.03151428842260642 0
1518 0.01458830331074346 0.02453791862356224 0
1519 0.007704937020470771 0.005974581614050957 0
1520 0.01492936070985403 0.002737309263660621 0
1521 0.005910310575673717 0.003492000921875002 0
1522 0.005325392776461679 0.03647063042849743 0
1523 0.01499047530137274 0.03646696811463308 0
1524 0.01751747526645338 0.002387303498629229 0
1525 0.003283653514416311 0.004672641121940255 0
1526 0.01632058629438471 0.02875684685744853 0
1527 0.01932563579357418 0.03868073467684513 0
1528 0.006021011154048092 0.004137682815204401 0
1529 0.01261295685606508 0.001611034955439627 0
1530 0.01429981084153999 0.01488111906484621 0
1531 0.001986104390523338 0.001361459497485704 0
1532 0.0005558279991407043 0.03236524958781475 0
1533 0.01852307059171639 0.003175043067076541 0
1534 0.01352993583454726 0.005925359447716614 0
1535 0.005064568580809377 0.001434622056748432 0
1536 0.009480809940133962 0.02968633929486147 0
1537 0.003749399967258848 0.008637989931527786 0
1538 0.0005618033610060007 0.03352696758818637 0
1539 0.0005886934452866647 0.01552551647695559 0
1540 0.009747222144614695 0.0372975260189236 0
1541 0.01944125144898062 0.03396659891454666 0
1542 0.001476703413429455 0.02425390287726036 0
1543 0.01697866889288325 0.002940623999643985 0
1544 0.008089177139811625 0.03562926252768677 0
1545 0.001488476669941886 0.01751479514441922 0
1546 0.01752292528390353 0.03517097887988505 0
1547 0.01487038240018386 0.02175804373566422 0
1548 0.01602714329108271 0.03667934844422532 0
1549 0.004797682064893467 0.02852487025872676 0
1550 0.01655300578991074 0.01924975635368443 0
1551 0.00277517757688468 0.03184912403092432 0
1552 0.01551802113401245 0.00910789173709069 0
1553 0.01244096718340377 0.03448730583927886 0
1554 0.01132810766409351 0.03434737869286519 0
1555 0.009346712761145801 0.02713737417433031 0
1556 0.01552583627664476 0.03400459544646763 0
1557 0.01743381370708583 0.02508213634084946 0
1558 0.004042627735167312 0.03663355411412662 0
1559 0.01515829464586089 0.03945209224353927 0
1560 0.01800400982579959 0.02617323170758042 0
1561 0.01870662496752335 0.03324575621415283 0
1562 0.01776529041629933 0.008257417724183156 0
1563 0.01679367982702466 0.006927063583195088 0
1564 0.01302474716496519 0.02613855448165143 0
1565 0.01762610317810951 0.03762239361491489 0
1566 0.01678794064528772 0.01741016787324006 0
1567 0.01871011613201047 0.03651665767208889 0
1568 0.01323588277334733 0.002976318701560763 0
1569 0.001289907829078316 0.03663979276014304 0
1570 0.0004502389178525096 0.02156889527240154 0
1571 0.01699365577576798 0.0363009378377253 0
1572 0.006403903124625437 0.02551305164045523 0
1573 0.009626886955184632 0.01949226695069743 0
1574 0.009561918576490032 0.03430697649028099 0
1575 0.001644128053376362 0.03238435146119324 0
1576 0.01952815908031107 0.02084313597701662 0
1577 0.001226358984092733 0.03951279330147961 0
1578 0.006175829467139072 0.01725317629226173 0
1579 0.01103914048528269 0.01561698805516069 0
1580 0.003883108148782385 0.02663814651113835 0
1581 0.008631379512019224 0.009927975133407378 0
1582 0.009468317829517528 0.02851963820571551 0
1583 0.006834360857985008 0.02767681836019959 0
1584 0.0143067576254379 0.01166679167306798 0
1585 0.01836702946810848 0.005915847177994605 0
1586 0.001334258967713737 0.03429562558634308 0
1587 0.01441872057112363 0.009623033138915119 0
1588 0.0113735011463863 0.03948265719840569 0
1589 0.01014575809451078 0.02939916188740921 0
1590 0.005906927383512985 0.001313776785938164 0
1591 0.01176247246643342 0.02700302739534579 0
1592 0.01251074609610379 0.02145383926809014 0
1593 0.01509331078977971 0.009959180109593053 0
1594 0.01147163142536534 0.01479271651578986 0
1595 0.01656045924626878 0.02342387843301477 0
1596 0.01284332283855543 0.002365918964384671 0
1597 0.01766316645266833 0.001503108031878492 0
1598 0.0184216642150189 0.03761570504690806 0
1599 0.01766395821184016 0.01787926596731725 0
1600 0.002110177951426014 0.02631421213966771 0
1601 0.006370237764337552 0.02943360936396109 0
1602 0.002329896812438079 0.03765715611889142 0
1603 0.003494651369490656 0.02597435922450123 0
1604 0.01940127239574636 0.0313093718522507 0
1605 0.00146515510663112 0.0383357921241891 0
1606 0.00692888839083898 0.01301174617061267 0
1607 0.0119846821411413 0.02632006262562539 0
1608 0.01028614653312543 0.03322848952337645 0
1609 0.01516048986631682 0.02280004932777929 0
1610 0.01675427029852873 0.03868724022015122 0
1611 0.01014883932182081 0.02763401036969469 0
1612 0.01032554068155827 0.004930571771846127 0
1613 0.005951518222862116 0.03364252365958272 0
1614 0.01333925955650617 0.03172895058761967 0
1615 0.008792932885776823 0.02087152043508722 0
1616 0.01958310831378001 0.02704974060662902 0
1617 0.002535926154505347 0.01821435301126224 0
1618 0.01313291167212263 0.02786218426432964 0
1619 0.001741975308547141 0.01572508606573561 0
1620 0.01521353460239332 0.03751003030852905 0
1621 0.0117354016755759 0.007658461057513263 0
1622 0.01032188252766996 0.01133440596116337 0
1623 0.01501249265814625 0.001681336546834215 0
1624 0.01872256230157477 0.02356027640767575 0
1625 0.01403961043022258 0.01767174719507027 0
1626 0.01478236656631399 0.03076453233212114 0
1627 0.007276200368946068 0.03495911642095319 0
1628 0.008919558186347336 0.006569106049650528 0
1629 0.0185743068647857 0.008917331957680862 0
1630 0.01458606251710589 0.007619094090826901 0
1631 0.0004525748451334934 0.0247065865558866 0
1632 0.0129237509577992 0.006673156539252954 0
1633 0.01206228593302316 0.01494416498072216 0
1634 0.009308479770208621 0.01907177532818009 0
1635 0.006946978280223346 0.003663515331983429 0
1636 0.007179817464200024 0.03636828315697718 0
1637 0.01012669824313937 0.0305788711986225 0
1638 0.007787448394943612 0.01242739132517062 0
1639 0.01395237490153486 0.008545719477389174 0
1640 0.0004178901069058112 0.01999767518272629 0
1641 0.01855955128014849 0.007434324710584151 0
1642 0.002276131706545051 0.03150644402961393 0
1643 0.0119825757805633 0.004556198664085178 0
1644 0.008071374008401067 0.0323150291868058 0
1645 0.01661043925569517 0.00859176734419247 0
1646 0.007806596016002569 0.0165918475626787 0
1647 0.006582380282842368 0.03329055802397519 0
1648 0.01507044815742073 0.0139248659366422 0
1649 0.003452763882037224 0.02364763559800116 0
1650 0.00318552879439611 0.02801478809312891 0
1651 0.01474589557112654 0.004691860962125823 0
1652 0.0136919237553469 0.007312946365349574 0
1653 0.007849161228997464 0.0108091766715571 0
1654 0.01107759122354175 0.02606501472327551 0
1655 0.01779457682212163 0.03305014932697847 0
1656 0.009386450462147877 0.01392838337270745 0
1657 0.001715223524696875 0.03178389862417653 0
1658 0.001233130375131506 0.03140338848750895 0
1659 0.01409233974379633 0.01889047092028121 0
1660 0.01958581438740409 0.006054996793494808 0
1661 0.002761246045592105 0.01173881434511935 0
1662 0.01594254108908225 0.03871490633847127 0
1663 0.008647153288359719 0.03049577920076897 0
1664 0.01221784160394895 0.01848119495657964 0
1665 0.01876523038878641 0.03949202870752414 0
1666 0.01309500394577979 0.03371872979339247 0
1667 0.00744957809078232 0.02927808141120563 0
1668 0.01632016106692867 0.03333042005984536 0
1669 0.006994543057567188 0.02047165485227105 0
1670 0.01199136517842796 0.001654824283360723 0
1671 0.01797698273131394 0.006865959232782874 0
1672 0.001204754031629006 0.0004618309852797639 0
1673 0.007437534898315491 0.02697171640848633 0
1674 0.01567202449629224 0.03493744765624217 0
1675 0.01094523178027283 0.03765131686903937 0
1676 0.01655799507762266 0.00472585784084539 0
1677 0.01470056821008594 0.02527434913919973 0
1678 0.01774449524055796 0.003940376033367464 0
1679 0.01008292892394444 0.0264441117646786 0
1680 0.004706340803155248 0.02737253952122243 0
1681 0.005968245744222101 0.03649743437369234 0
1682 0.01124943948521665 0.006609344854623018 0
1683 0.001466564552756637 0.002310021919171509 0
1684 0.01868838304200059 0.02750954631890372 0
1685 0.01423606567646171 0.01640501949833984 0
1686 0.01043475009928577 0.008581185334026659 0
1687 0.01264322614162007 0.01311739153025688 0
1688 0.007572037128195774 0.03125989540044486 0
1689 0.01242436009402602 0.03263458631839335 0
1690 0.0135225754083829 0.02259134911964025 0
1691 0.002621541238877487 0.007819467473711084 0
1692 0.01858595241766915 0.01203935685681541 0
1693 0.01265955404894764 0.01260460252393492 0
1694 0.01489708185104387 0.008738032407640825 0
1695 0.007981246222881787 0.03798457146643713 0
1696 0.002104482077200959 0.02817192467240071 0
1697 0.006115898257856831 0.03854218216049802 0
1698 0.0005781333444531758 0.02747630581489622 0
1699 0.01450882573839757 0.02597100029949266 0
1700 0.008153620426180322 0.01483274193475954 0
1701 0.004882015586196605 0.02256440401685877 0
1702 0.01341718378007491 0.008814970338316901 0
1703 0.006416906141234 0.02248096228336383 0
1704 0.002138976280867127 0.03302699782358733 0
1705 0.01763228612251442 0.02772109476767374 0
1706 0.006472464529911792 0.007408494332699508 0
1707 0.005302568392455682 0.01405429233918016 0
1708 0.01853387841811645 0.0357762394990013 0
1709 0.00988766547064983 0.02065267483636414 0
1710 0.01277338724583788 0.03558550000856428 0
1711 0.01288929171543141 0.0162409123816294 0
1712 0.01112064486136244 0.000357858124179735 0
1713 0.01311353693942045 0.01510089927518826 0
1714 0.008816369419279168 0.01490955520635945 0
1715 0.008291118714145826 0.02398444010270916 0
1716 0.008688133785859725 0.004561912244651307 0
1717 0.007788023055402996 0.03742081874370659 0
1718 0.0176052343146812 0.02080055302640434 0
1719 0.01282616624894985 0.02557058930472451 0
1720 0.0170291933105084 0.03062688994977448 0
1721 0.009113117764238675 0.003797610838450288 0
1722 0.005629532546052442 0.03552778613004093 0
1723 0.002768236572612322 0.02289168948601755 0
1724 0.001511043095928845 0.03343866640006643 0
1725 0.001999765645785448 0.02099032742913591 0
1726 0.003641553079664578 0.01743905597283217 0
1727 0.01765243070715416 0.03094005691956987 0
1728 0.0004155242282820187 0.01294369191935533 0
1729 0.01355668817593879 0.03418657944472885 0
1730 0.01613119666709029 0.01710075426921801 0
1731 0.00728992291130108 0.0004098047575198972 0
1732 0.005482912927178648 0.03285147301544561 0
1733 0.00392391766252289 0.03007536110812846 0
1734 0.01819230257226895 0.02187213480533374 0
1735 0.003531501093060234 0.008174819861295746 0
1736 0.002224133742087549 0.012654787059097 0
1737 0.01219380587201872 0.002672731806951368 0
1738 0.01306818012020797 0.03502228420643132 0
1739 0.01530438422820342 0.01126189617655362 0
1740 0.005454321604544139 0.007204385460299339 0
1741 0.01785741284383554 0.003387249547067726 0
1742 0.01242432338189924 0.01968848148659533 0
1743 0.001431423799505175 0.01629279119868389 0
1744 0.01279091572325126 0.0309377852428465 0
1745 0.01339189535220581 0.03306735264536304 0
1746 0.01801211207768583 0.03495523648821497 0
1747 0.007586317343183143 0.03037562095369118 0
1748 0.009435394038889766 0.03851960861560726 0
1749 0.001464464546870284 0.02179637276275531 0
1750 0.01753798434404638 0.02406067997578049 0
1751 0.004509821151123198 0.03529501076810033 0
1752 0.008623465540473238 0.008240682915029341 0
1753 0.01238252010906003 0.0247396358786968 0
1754 0.01512999332424822 0.003614760202934553 0
1755 0.01174196961904412 0.002258610583602241 0
1756 0.0004736741435564275 0.009679495883769464 0
1757 0.002866488310854298 0.02690204547930451 0
1758 0.01372070591278431 0.03212949960427591 0
1759 0.01734579283356304 0.01847661127766653 0
1760 0.01055336677814466 0.02597379793989179 0
1761 0.004927705080327752 0.002705444884494472 0
1762 0.01873130862233646 0.01440244120983693 0
1763 0.01246711965677032 0.01435424523848701 0
1764 0.01874567867099709 0.03126293079447441 0
1765 0.005831175059106462 0.01763602853433626 0
1766 0.01333351789457839 0.02464297531470118 0
1767 0.01257613107600712 0.02830812244085838 0
1768 0.003424571160865755 0.002042359434371532 0
1769 0.01944582439829413 0.03211448321730313 0
1770 0.002971506622788189 0.003754951455553327 0
$EndNodes
$Elements
3384
1 2 2 1 1 165 653 533
2 2 2 1 1 757 1103 315
3 2 2 1 1 564 1591 182
4 2 2 1 1 645 672 181
5 2 2 1 1 696 1483 303
6 2 2 1 1 621 921 211
7 2 2 1 1 1039 1086 278
8 2 2 1 1 714 1072 319
9 2 2 1 1 299 1268 1007
10 2 2 1 1 615 632 175
11 2 2 1 1 352 921 621
12 2 2 1 1 964 1472 359
13 2 2 1 1 661 1646 945
14 2 2 1 1 344 888 562
15 2 2 1 1 156 1127 795
16 2 2 1 1 673 1175 383
17 2 2 1 1 514 856 319
18 2 2 1 1 200 931 630
19 2 2 1 1 439 1319 1220
20 2 2 1 1 290 1003 525
21 2 2 1 1 158 847 666
22 2 2 1 1 279 751 589
23 2 2 1 1 88 787 87
24 2 2 1 1 545 931 200
25 2 2 1 1 642 786 323
26 2 2 1 1 269 1428 595
27 2 2 1 1 553 708 273
28 2 2 1 1 227 1148 527
29 2 2 1 1 676 749 404
30 2 2 1 1 1007 1036 299
31 2 2 1 1 641 752 374
32 2 2 1 1 497 880 327
33 2 2 1 1 533 1281 165
34 2 2 1 1 319 971 514
35 2 2 1 1 367 867 721
36 2 2 1 1 110 690 109
37 2 2 1 1 206 928 562
38 2 2 1 1 578 1452 713
39 2 2 1 1 268 1195 593
40 2 2 1 1 546 1348 179
41 2 2 1 1 195 784 668
42 2 2 1 1 822 1390 1129
43 2 2 1 1 562 888 206
44 2 2 1 1 164 1452 578
45 2 2 1 1 870 1208 537
46 2 2 1 1 999 1231 663
47 2 2 1 1 232 1055 850
48 2 2 1 1 189 1194 576
49 2 2 1 1 1167 1318 236
50 2 2 1 1 60 1196 1006
51 2 2 1 1 562 928 353
52 2 2 1 1 327 1154 497
53 2 2 1 1 160 1457 670
54 2 2 1 1 247 793 534
55 2 2 1 1 721 867 419
56 2 2 1 1 635 685 396
57 2 2 1 1 319 1072 825
58 2 2 1 1 248 1336 815
59 2 2 1 1 822 1129 454
60 2 2 1 1 358 1343 625
61 2 2 1 1 718 978 378
62 2 2 1 1 346 911 592
63 2 2 1 1 771 1283 335
64 2 2 1 1 562 872 344
65 2 2 1 1 592 891 346
66 2 2 1 1 359 832 591
67 2 2 1 1 151 1354 763
68 2 2 1 1 599 793 247
69 2 2 1 1 169 1222 760
70 2 2 1 1 527 1024 227
71 2 2 1 1 286 1641 1350
72 2 2 1 1 1428 1649 595
73 2 2 1 1 1129 1390 276
74 2 2 1 1 365 855 565
75 2 2 1 1 1201 1683 253
76 2 2 1 1 578 1275 164
77 2 2 1 1 607 1547 672
78 2 2 1 1 292 794 637
79 2 2 1 1 421 1612 994
80 2 2 1 1 594 1507 1264
81 2 2 1 1 167 1031 846
82 2 2 1 1 594 866 311
83 2 2 1 1 621 1095 352
84 2 2 1 1 726 1319 439
85 2 2 1 1 596 1188 368
86 2 2 1 1 795 1174 593
87 2 2 1 1 229 1208 870
88 2 2 1 1 576 1174 329
89 2 2 1 1 674 1443 1127
90 2 2 1 1 1006 1196 506
91 2 2 1 1 329 1174 795
92 2 2 1 1 608 701 209
93 2 2 1 1 576 735 189
94 2 2 1 1 368 1363 569
95 2 2 1 1 404 869 729
96 2 2 1 1 670 1457 1377
97 2 2 1 1 614 816 266
98 2 2 1 1 54 1084 914
99 2 2 1 1 368 849 596
100 2 2 1 1 185 1502 702
101 2 2 1 1 764 1703 545
102 2 2 1 1 200 764 545
103 2 2 1 1 58 1006 774
104 2 2 1 1 179 673 546
105 2 2 1 1 257 1130 601
106 2 2 1 1 672 1609 607
107 2 2 1 1 702 1502 536
108 2 2 1 1 962 1403 41
109 2 2 1 1 718 1370 978
110 2 2 1 1 534 1168 247
111 2 2 1 1 359 1472 838
112 2 2 1 1 570 781 183
113 2 2 1 1 639 1184 249
114 2 2 1 1 329 735 576
115 2 2 1 1 173 1134 563
116 2 2 1 1 303 1483 657
117 2 2 1 1 616 1242 309
118 2 2 1 1 613 853 241
119 2 2 1 1 709 1034 241
120 2 2 1 1 303 1140 586
121 2 2 1 1 199 1233 661
122 2 2 1 1 610 1201 253
123 2 2 1 1 656 1211 350
124 2 2 1 1 304 862 604
125 2 2 1 1 60 1006 59
126 2 2 1 1 672 1547 282
127 2 2 1 1 895 1204 239
128 2 2 1 1 594 1264 433
129 2 2 1 1 512 1740 1290
130 2 2 1 1 48 1503 1042
131 2 2 1 1 298 701 608
132 2 2 1 1 627 992 409
133 2 2 1 1 394 1088 626
134 2 2 1 1 512 1290 629
135 2 2 1 1 593 1174 268
136 2 2 1 1 601 997 257
137 2 2 1 1 925 1470 1092
138 2 2 1 1 847 946 666
139 2 2 1 1 268 1174 576
140 2 2 1 1 1173 1323 324
141 2 2 1 1 176 1770 610
142 2 2 1 1 930 974 385
143 2 2 1 1 42 962 41
144 2 2 1 1 687 744 166
145 2 2 1 1 296 1286 612
146 2 2 1 1 43 1065 42
147 2 2 1 1 847 1008 477
148 2 2 1 1 565 966 365
149 2 2 1 1 519 1318 1167
150 2 2 1 1 689 934 213
151 2 2 1 1 625 1343 464
152 2 2 1 1 583 1112 386
153 2 2 1 1 972 1558 664
154 2 2 1 1 22 1421 681
155 2 2 1 1 206 685 635
156 2 2 1 1 760 1279 169
157 2 2 1 1 563 943 173
158 2 2 1 1 475 1086 1039
159 2 2 1 1 386 1084 583
160 2 2 1 1 650 1044 266
161 2 2 1 1 663 1231 303
162 2 2 1 1 859 1310 288
163 2 2 1 1 664 1558 431
164 2 2 1 1 618 733 184
165 2 2 1 1 315 1103 781
166 2 2 1 1 258 865 558
167 2 2 1 1 1127 1443 339
168 2 2 1 1 715 716 301
169 2 2 1 1 182 1591 776
170 2 2 1 1 661 945 199
171 2 2 1 1 787 1408 87
172 2 2 1 1 643 806 305
173 2 2 1 1 182 1091 564
174 2 2 1 1 437 1204 933
175 2 2 1 1 1132 1592 691
176 2 2 1 1 620 1070 131
177 2 2 1 1 468 1036 1007
178 2 2 1 1 299 749 676
179 2 2 1 1 316 1608 949
180 2 2 1 1 925 1092 413
181 2 2 1 1 161 752 641
182 2 2 1 1 199 1468 1233
183 2 2 1 1 604 1338 304
184 2 2 1 1 59 1006 58
185 2 2 1 1 384 1244 682
186 2 2 1 1 262 900 655
187 2 2 1 1 361 744 606
188 2 2 1 1 312 727 659
189 2 2 1 1 1091 1097 564
190 2 2 1 1 375 910 655
191 2 2 1 1 599 1175 673
192 2 2 1 1 655 910 262
193 2 2 1 1 346 912 911
194 2 2 1 1 846 916 167
195 2 2 1 1 101 703 100
196 2 2 1 1 995 1051 99
197 2 2 1 1 635 928 206
198 2 2 1 1 384 1018 878
199 2 2 1 1 138 840 137
200 2 2 1 1 824 979 478
201 2 2 1 1 681 968 343
202 2 2 1 1 572 1172 865
203 2 2 1 1 42 1065 962
204 2 2 1 1 151 763 150
205 2 2 1 1 353 1329 942
206 2 2 1 1 459 1114 851
207 2 2 1 1 277 1135 660
208 2 2 1 1 332 845 644
209 2 2 1 1 908 1226 542
210 2 2 1 1 194 1226 908
211 2 2 1 1 276 890 666
212 2 2 1 1 616 1652 1060
213 2 2 1 1 189 1310 832
214 2 2 1 1 815 1336 536
215 2 2 1 1 722 1185 1114
216 2 2 1 1 387 747 650
217 2 2 1 1 569 1446 368
218 2 2 1 1 141 1118 898
219 2 2 1 1 645 1609 672
220 2 2 1 1 55 1084 54
221 2 2 1 1 627 1426 992
222 2 2 1 1 513 1044 650
223 2 2 1 1 561 1659 334
224 2 2 1 1 304 1609 645
225 2 2 1 1 288 783 604
226 2 2 1 1 353 903 634
227 2 2 1 1 525 972 290
228 2 2 1 1 808 1544 239
229 2 2 1 1 756 1164 484
230 2 2 1 1 352 1095 963
231 2 2 1 1 633 921 352
232 2 2 1 1 600 1462 350
233 2 2 1 1 353 942 562
234 2 2 1 1 795 1127 479
235 2 2 1 1 1062 1244 384
236 2 2 1 1 599 673 179
237 2 2 1 1 334 977 561
238 2 2 1 1 910 1646 477
239 2 2 1 1 564 1097 246
240 2 2 1 1 402 1030 574
241 2 2 1 1 524 1328 719
242 2 2 1 1 266 1500 650
243 2 2 1 1 914 1020 53
244 2 2 1 1 588 1065 44
245 2 2 1 1 785 1254 1044
246 2 2 1 1 591 859 235
247 2 2 1 1 560 1388 220
248 2 2 1 1 188 1580 1384
249 2 2 1 1 330 853 613
250 2 2 1 1 249 1273 639
251 2 2 1 1 610 1266 176
252 2 2 1 1 264 920 669
253 2 2 1 1 579 1097 1029
254 2 2 1 1 96 693 95
255 2 2 1 1 554 1132 361
256 2 2 1 1 851 1114 222
257 2 2 1 1 183 1571 570
258 2 2 1 1 626 923 292
259 2 2 1 1 758 1358 451
260 2 2 1 1 587 1448 1265
261 2 2 1 1 911 912 455
262 2 2 1 1 477 1646 1080
263 2 2 1 1 486 934 689
264 2 2 1 1 855 1371 590
265 2 2 1 1 257 1481 1130
266 2 2 1 1 278 1401 1039
267 2 2 1 1 908 1082 194
268 2 2 1 1 211 1380 621
269 2 2 1 1 304 961 862
270 2 2 1 1 253 706 610
271 2 2 1 1 571 1305 949
272 2 2 1 1 188 1384 677
273 2 2 1 1 375 1302 945
274 2 2 1 1 311 1102 594
275 2 2 1 1 309 1652 616
276 2 2 1 1 665 970 363
277 2 2 1 1 52 740 51
278 2 2 1 1 220 1016 662
279 2 2 1 1 604 883 288
280 2 2 1 1 304 1338 607
281 2 2 1 1 722 1114 388
282 2 2 1 1 409 1118 627
283 2 2 1 1 184 1286 618
284 2 2 1 1 374 932 617
285 2 2 1 1 629 1401 512
286 2 2 1 1 585 948 322
287 2 2 1 1 181 1595 645
288 2 2 1 1 843 1494 1429
289 2 2 1 1 201 1074 881
290 2 2 1 1 169 1279 845
291 2 2 1 1 923 1088 170
292 2 2 1 1 305 1430 643
293 2 2 1 1 631 1329 353
294 2 2 1 1 563 1024 338
295 2 2 1 1 735 820 189
296 2 2 1 1 518 1166 799
297 2 2 1 1 226 1132 691
298 2 2 1 1 576 1245 268
299 2 2 1 1 644 811 332
300 2 2 1 1 437 1405 808
301 2 2 1 1 759 1102 311
302 2 2 1 1 945 1646 375
303 2 2 1 1 1350 1641 678
304 2 2 1 1 48 1042 47
305 2 2 1 1 659 956 210
306 2 2 1 1 401 1209 1045
307 2 2 1 1 397 1076 568
308 2 2 1 1 949 1305 214
309 2 2 1 1 846 1031 534
310 2 2 1 1 511 1545 1177
311 2 2 1 1 23 1421 22
312 2 2 1 1 731 1710 317
313 2 2 1 1 406 1081 799
314 2 2 1 1 608 1443 298
315 2 2 1 1 529 1204 895
316 2 2 1 1 752 769 374
317 2 2 1 1 273 955 638
318 2 2 1 1 329 957 691
319 2 2 1 1 451 1465 758
320 2 2 1 1 845 1279 644
321 2 2 1 1 697 749 299
322 2 2 1 1 361 981 554
323 2 2 1 1 799 1166 423
324 2 2 1 1 878 1018 331
325 2 2 1 1 369 749 697
326 2 2 1 1 987 1181 223
327 2 2 1 1 326 1142 630
328 2 2 1 1 718 1664 1159
329 2 2 1 1 657 1140 303
330 2 2 1 1 142 1118 141
331 2 2 1 1 911 1317 592
332 2 2 1 1 1064 1117 547
333 2 2 1 1 39 678 38
334 2 2 1 1 785 1044 398
335 2 2 1 1 215 1467 1321
336 2 2 1 1 998 1010 281
337 2 2 1 1 537 1256 870
338 2 2 1 1 47 826 46
339 2 2 1 1 675 727 179
340 2 2 1 1 323 912 642
341 2 2 1 1 247 1168 584
342 2 2 1 1 361 798 755
343 2 2 1 1 421 994 844
344 2 2 1 1 365 1371 855
345 2 2 1 1 283 1358 758
346 2 2 1 1 789 1214 507
347 2 2 1 1 649 1281 289
348 2 2 1 1 558 1085 258
349 2 2 1 1 671 1473 279
350 2 2 1 1 850 1055 460
351 2 2 1 1 238 1235 605
352 2 2 1 1 116 695 115
353 2 2 1 1 464 1422 625
354 2 2 1 1 308 1384 720
355 2 2 1 1 408 765 614
356 2 2 1 1 591 964 359
357 2 2 1 1 674 1634 298
358 2 2 1 1 162 1677 728
359 2 2 1 1 1038 1124 538
360 2 2 1 1 862 883 604
361 2 2 1 1 483 1164 937
362 2 2 1 1 530 1283 771
363 2 2 1 1 832 1310 591
364 2 2 1 1 1042 1503 548
365 2 2 1 1 637 1645 292
366 2 2 1 1 630 780 326
367 2 2 1 1 338 943 563
368 2 2 1 1 554 1592 1132
369 2 2 1 1 245 1214 789
370 2 2 1 1 916 1190 167
371 2 2 1 1 368 1446 849
372 2 2 1 1 247 1175 599
373 2 2 1 1 935 1329 351
374 2 2 1 1 720 753 308
375 2 2 1 1 651 1082 328
376 2 2 1 1 625 980 358
377 2 2 1 1 371 1123 615
378 2 2 1 1 492 1415 741
379 2 2 1 1 669 992 264
380 2 2 1 1 298 1443 674
381 2 2 1 1 342 1591 1058
382 2 2 1 1 677 1757 188
383 2 2 1 1 262 1714 900
384 2 2 1 1 634 1272 353
385 2 2 1 1 268 1296 1195
386 2 2 1 1 74 1280 73
387 2 2 1 1 351 1329 631
388 2 2 1 1 1535 1590 875
389 2 2 1 1 279 1347 751
390 2 2 1 1 729 869 172
391 2 2 1 1 175 1656 615
392 2 2 1 1 584 1207 247
393 2 2 1 1 1135 1676 660
394 2 2 1 1 165 1281 649
395 2 2 1 1 237 1164 756
396 2 2 1 1 134 788 133
397 2 2 1 1 47 1042 826
398 2 2 1 1 366 1308 589
399 2 2 1 1 835 866 475
400 2 2 1 1 779 959 340
401 2 2 1 1 840 1189 137
402 2 2 1 1 693 852 318
403 2 2 1 1 233 878 555
404 2 2 1 1 691 1514 329
405 2 2 1 1 579 1098 1097
406 2 2 1 1 483 1649 1428
407 2 2 1 1 610 1770 979
408 2 2 1 1 273 1150 553
409 2 2 1 1 420 1033 753
410 2 2 1 1 15 806 14
411 2 2 1 1 654 969 379
412 2 2 1 1 251 811 644
413 2 2 1 1 949 1608 571
414 2 2 1 1 235 960 567
415 2 2 1 1 639 1149 341
416 2 2 1 1 767 1232 203
417 2 2 1 1 385 974 705
418 2 2 1 1 606 981 361
419 2 2 1 1 1518 1677 162
420 2 2 1 1 705 1424 337
421 2 2 1 1 190 1664 718
422 2 2 1 1 350 1462 991
423 2 2 1 1 220 1388 1016
424 2 2 1 1 615 1489 371
425 2 2 1 1 686 934 313
426 2 2 1 1 1309 1590 580
427 2 2 1 1 952 1040 396
428 2 2 1 1 490 1040 952
429 2 2 1 1 246 1058 564
430 2 2 1 1 159 1713 879
431 2 2 1 1 568 1043 397
432 2 2 1 1 378 978 732
433 2 2 1 1 555 1056 233
434 2 2 1 1 335 857 771
435 2 2 1 1 295 1705 675
436 2 2 1 1 284 1419 733
437 2 2 1 1 732 978 209
438 2 2 1 1 791 999 171
439 2 2 1 1 617 1079 374
440 2 2 1 1 799 1081 518
441 2 2 1 1 1195 1296 628
442 2 2 1 1 462 996 636
443 2 2 1 1 654 1508 969
444 2 2 1 1 865 1172 322
445 2 2 1 1 583 1316 1112
446 2 2 1 1 644 1215 251
447 2 2 1 1 612 1180 296
448 2 2 1 1 693 1267 379
449 2 2 1 1 933 1204 529
450 2 2 1 1 1029 1097 377
451 2 2 1 1 839 1198 221
452 2 2 1 1 206 1693 685
453 2 2 1 1 589 1308 279
454 2 2 1 1 364 820 735
455 2 2 1 1 767 1689 1232
456 2 2 1 1 636 1407 462
457 2 2 1 1 719 1328 249
458 2 2 1 1 110 1307 690
459 2 2 1 1 1233 1468 575
460 2 2 1 1 2 1094 29
461 2 2 1 1 414 1010 998
462 2 2 1 1 158 1008 847
463 2 2 1 1 1177 1545 746
464 2 2 1 1 286 1350 864
465 2 2 1 1 720 1384 540
466 2 2 1 1 992 1426 264
467 2 2 1 1 434 959 779
468 2 2 1 1 659 1083 312
469 2 2 1 1 626 1088 923
470 2 2 1 1 241 1210 709
471 2 2 1 1 600 1643 358
472 2 2 1 1 317 796 731
473 2 2 1 1 235 964 591
474 2 2 1 1 247 1207 790
475 2 2 1 1 568 891 230
476 2 2 1 1 891 1606 346
477 2 2 1 1 159 747 710
478 2 2 1 1 288 1310 820
479 2 2 1 1 589 1698 121
480 2 2 1 1 704 729 340
481 2 2 1 1 1015 1134 773
482 2 2 1 1 690 947 109
483 2 2 1 1 314 973 698
484 2 2 1 1 586 1115 303
485 2 2 1 1 332 811 741
486 2 2 1 1 284 1764 1419
487 2 2 1 1 728 1069 162
488 2 2 1 1 96 852 693
489 2 2 1 1 396 1205 635
490 2 2 1 1 660 1410 277
491 2 2 1 1 652 1293 829
492 2 2 1 1 342 1058 743
493 2 2 1 1 737 1346 156
494 2 2 1 1 685 952 396
495 2 2 1 1 1377 1457 517
496 2 2 1 1 317 1710 668
497 2 2 1 1 814 1614 203
498 2 2 1 1 587 1265 724
499 2 2 1 1 350 1211 762
500 2 2 1 1 305 1496 717
501 2 2 1 1 762 1125 242
502 2 2 1 1 1168 1485 584
503 2 2 1 1 1261 1479 210
504 2 2 1 1 680 1333 224
505 2 2 1 1 412 1333 680
506 2 2 1 1 263 1246 958
507 2 2 1 1 302 979 824
508 2 2 1 1 244 1535 875
509 2 2 1 1 763 1354 510
510 2 2 1 1 973 1022 198
511 2 2 1 1 710 747 336
512 2 2 1 1 440 1054 889
513 2 2 1 1 626 1185 394
514 2 2 1 1 196 1161 1120
515 2 2 1 1 855 1362 565
516 2 2 1 1 449 916 846
517 2 2 1 1 613 1171 330
518 2 2 1 1 543 916 296
519 2 2 1 1 749 1716 404
520 2 2 1 1 758 1465 224
521 2 2 1 1 937 1260 483
522 2 2 1 1 733 1727 284
523 2 2 1 1 526 1236 848
524 2 2 1 1 345 904 643
525 2 2 1 1 107 777 106
526 2 2 1 1 44 1093 588
527 2 2 1 1 678 970 38
528 2 2 1 1 829 1293 224
529 2 2 1 1 347 769 752
530 2 2 1 1 806 1731 14
531 2 2 1 1 699 1026 431
532 2 2 1 1 567 964 235
533 2 2 1 1 449 953 916
534 2 2 1 1 645 961 304
535 2 2 1 1 123 1631 841
536 2 2 1 1 438 1051 995
537 2 2 1 1 753 1033 308
538 2 2 1 1 398 1297 698
539 2 2 1 1 30 1094 2
540 2 2 1 1 131 1067 620
541 2 2 1 1 28 770 27
542 2 2 1 1 961 1367 274
543 2 2 1 1 352 963 687
544 2 2 1 1 734 1280 75
545 2 2 1 1 665 1139 36
546 2 2 1 1 948 1222 169
547 2 2 1 1 708 1306 273
548 2 2 1 1 986 1704 624
549 2 2 1 1 765 1176 552
550 2 2 1 1 358 980 600
551 2 2 1 1 618 1286 296
552 2 2 1 1 879 1116 159
553 2 2 1 1 763 1201 302
554 2 2 1 1 289 951 649
555 2 2 1 1 224 1465 680
556 2 2 1 1 410 906 689
557 2 2 1 1 643 1430 345
558 2 2 1 1 741 1415 187
559 2 2 1 1 404 729 704
560 2 2 1 1 289 876 694
561 2 2 1 1 209 978 608
562 2 2 1 1 337 1424 1234
563 2 2 1 1 312 1071 727
564 2 2 1 1 570 1571 1089
565 2 2 1 1 1097 1098 246
566 2 2 1 1 1083 1526 312
567 2 2 1 1 850 1122 232
568 2 2 1 1 179 1071 599
569 2 2 1 1 328 909 843
570 2 2 1 1 280 818 711
571 2 2 1 1 112 1052 111
572 2 2 1 1 230 1043 568
573 2 2 1 1 158 1317 911
574 2 2 1 1 84 748 83
575 2 2 1 1 774 1624 335
576 2 2 1 1 225 1240 824
577 2 2 1 1 720 1432 499
578 2 2 1 1 311 1163 759
579 2 2 1 1 121 1037 589
580 2 2 1 1 171 1494 843
581 2 2 1 1 851 1005 471
582 2 2 1 1 134 1313 788
583 2 2 1 1 452 989 802
584 2 2 1 1 605 965 238
585 2 2 1 1 750 971 319
586 2 2 1 1 607 1609 304
587 2 2 1 1 220 1059 560
588 2 2 1 1 350 1438 600
589 2 2 1 1 362 884 649
590 2 2 1 1 904 1590 1309
591 2 2 1 1 689 906 354
592 2 2 1 1 495 1198 839
593 2 2 1 1 500 915 895
594 2 2 1 1 258 1177 746
595 2 2 1 1 123 841 122
596 2 2 1 1 322 1130 585
597 2 2 1 1 963 1095 503
598 2 2 1 1 75 1066 734
599 2 2 1 1 292 1005 626
600 2 2 1 1 701 1302 375
601 2 2 1 1 956 1261 210
602 2 2 1 1 764 1131 349
603 2 2 1 1 433 1240 594
604 2 2 1 1 1265 1448 263
605 2 2 1 1 881 1074 460
606 2 2 1 1 630 1142 200
607 2 2 1 1 657 996 272
608 2 2 1 1 190 1439 977
609 2 2 1 1 410 1644 906
610 2 2 1 1 153 738 152
611 2 2 1 1 178 1158 614
612 2 2 1 1 743 1058 498
613 2 2 1 1 755 1659 1456
614 2 2 1 1 991 998 350
615 2 2 1 1 290 972 664
616 2 2 1 1 507 1022 973
617 2 2 1 1 296 1180 543
618 2 2 1 1 783 1690 604
619 2 2 1 1 664 1259 290
620 2 2 1 1 222 1185 626
621 2 2 1 1 637 1000 370
622 2 2 1 1 414 998 991
623 2 2 1 1 614 1254 408
624 2 2 1 1 681 1287 968
625 2 2 1 1 694 876 355
626 2 2 1 1 589 1037 366
627 2 2 1 1 241 1034 613
628 2 2 1 1 697 902 369
629 2 2 1 1 961 1518 862
630 2 2 1 1 282 1104 672
631 2 2 1 1 755 798 334
632 2 2 1 1 789 973 314
633 2 2 1 1 1069 1766 162
634 2 2 1 1 373 1293 652
635 2 2 1 1 452 1020 914
636 2 2 1 1 921 1550 211
637 2 2 1 1 250 1432 720
638 2 2 1 1 373 1117 1064
639 2 2 1 1 791 1209 401
640 2 2 1 1 32 726 31
641 2 2 1 1 759 1163 426
642 2 2 1 1 135 1539 1313
643 2 2 1 1 1580 1603 617
644 2 2 1 1 73 1280 1046
645 2 2 1 1 761 1575 307
646 2 2 1 1 374 1079 641
647 2 2 1 1 802 989 211
648 2 2 1 1 339 1340 1127
649 2 2 1 1 293 1146 1089
650 2 2 1 1 687 1477 352
651 2 2 1 1 332 860 845
652 2 2 1 1 319 856 714
653 2 2 1 1 390 1034 709
654 2 2 1 1 545 1215 931
655 2 2 1 1 624 1704 1575
656 2 2 1 1 1030 1468 574
657 2 2 1 1 1089 1146 570
658 2 2 1 1 382 1459 651
659 2 2 1 1 296 1720 618
660 2 2 1 1 266 1254 614
661 2 2 1 1 659 1705 1385
662 2 2 1 1 210 1479 723
663 2 2 1 1 611 961 274
664 2 2 1 1 1327 1410 660
665 2 2 1 1 333 1012 646
666 2 2 1 1 441 1100 622
667 2 2 1 1 718 1237 190
668 2 2 1 1 221 1073 683
669 2 2 1 1 848 1236 236
670 2 2 1 1 665 1660 970
671 2 2 1 1 649 951 362
672 2 2 1 1 223 1493 987
673 2 2 1 1 977 1439 561
674 2 2 1 1 379 969 693
675 2 2 1 1 793 1071 312
676 2 2 1 1 845 948 169
677 2 2 1 1 937 1164 237
678 2 2 1 1 850 1697 1122
679 2 2 1 1 377 1097 1091
680 2 2 1 1 363 1585 665
681 2 2 1 1 135 1313 134
682 2 2 1 1 213 1109 689
683 2 2 1 1 886 1043 230
684 2 2 1 1 723 953 210
685 2 2 1 1 724 1486 356
686 2 2 1 1 1130 1481 585
687 2 2 1 1 260 1176 765
688 2 2 1 1 391 1124 1038
689 2 2 1 1 261 903 635
690 2 2 1 1 958 1246 571
691 2 2 1 1 396 1040 632
692 2 2 1 1 949 1417 316
693 2 2 1 1 1346 1573 156
694 2 2 1 1 458 1181 987
695 2 2 1 1 590 1312 855
696 2 2 1 1 916 953 296
697 2 2 1 1 435 950 893
698 2 2 1 1 638 1150 273
699 2 2 1 1 291 952 685
700 2 2 1 1 655 1375 375
701 2 2 1 1 666 1282 276
702 2 2 1 1 200 1131 764
703 2 2 1 1 510 1201 763
704 2 2 1 1 739 1125 442
705 2 2 1 1 1145 1497 683
706 2 2 1 1 349 1131 836
707 2 2 1 1 587 1637 926
708 2 2 1 1 843 909 457
709 2 2 1 1 389 1485 1168
710 2 2 1 1 68 1604 766
711 2 2 1 1 34 730 33
712 2 2 1 1 652 1151 373
713 2 2 1 1 1044 1254 266
714 2 2 1 1 1007 1268 497
715 2 2 1 1 831 1247 163
716 2 2 1 1 585 1222 948
717 2 2 1 1 535 1125 739
718 2 2 1 1 595 982 269
719 2 2 1 1 675 1705 727
720 2 2 1 1 815 924 306
721 2 2 1 1 161 1572 752
722 2 2 1 1 417 1321 1121
723 2 2 1 1 741 811 492
724 2 2 1 1 1114 1185 222
725 2 2 1 1 538 1247 831
726 2 2 1 1 540 1680 720
727 2 2 1 1 1183 1711 581
728 2 2 1 1 458 1139 665
729 2 2 1 1 672 1104 181
730 2 2 1 1 893 950 301
731 2 2 1 1 733 1041 184
732 2 2 1 1 311 866 835
733 2 2 1 1 279 1308 671
734 2 2 1 1 795 1709 156
735 2 2 1 1 711 1602 252
736 2 2 1 1 651 1400 382
737 2 2 1 1 556 1575 761
738 2 2 1 1 984 1542 237
739 2 2 1 1 112 1538 1052
740 2 2 1 1 676 1268 299
741 2 2 1 1 791 1173 324
742 2 2 1 1 293 1089 918
743 2 2 1 1 166 1477 687
744 2 2 1 1 54 914 53
745 2 2 1 1 1321 1467 558
746 2 2 1 1 868 1107 347
747 2 2 1 1 594 1240 866
748 2 2 1 1 645 1367 961
749 2 2 1 1 871 1332 343
750 2 2 1 1 555 1614 814
751 2 2 1 1 442 1632 739
752 2 2 1 1 636 1752 1407
753 2 2 1 1 895 915 354
754 2 2 1 1 44 1065 43
755 2 2 1 1 622 1249 441
756 2 2 1 1 568 1606 891
757 2 2 1 1 75 1280 74
758 2 2 1 1 695 1437 115
759 2 2 1 1 344 1337 775
760 2 2 1 1 269 982 641
761 2 2 1 1 159 1530 747
762 2 2 1 1 687 963 282
763 2 2 1 1 131 1070 130
764 2 2 1 1 1054 1622 889
765 2 2 1 1 795 957 329
766 2 2 1 1 665 1181 458
767 2 2 1 1 707 1740 1495
768 2 2 1 1 328 886 651
769 2 2 1 1 121 1698 120
770 2 2 1 1 808 1405 943
771 2 2 1 1 747 1530 650
772 2 2 1 1 390 1056 814
773 2 2 1 1 378 1237 718
774 2 2 1 1 745 1555 498
775 2 2 1 1 340 959 704
776 2 2 1 1 707 1154 327
777 2 2 1 1 202 954 717
778 2 2 1 1 417 948 845
779 2 2 1 1 643 1731 806
780 2 2 1 1 1112 1316 265
781 2 2 1 1 310 1655 1041
782 2 2 1 1 739 1682 535
783 2 2 1 1 574 1239 402
784 2 2 1 1 1641 1671 363
785 2 2 1 1 447 1306 708
786 2 2 1 1 1324 1686 351
787 2 2 1 1 614 1274 178
788 2 2 1 1 732 1028 378
789 2 2 1 1 221 1497 839
790 2 2 1 1 289 1281 876
791 2 2 1 1 659 1385 956
792 2 2 1 1 639 1273 418
793 2 2 1 1 199 945 736
794 2 2 1 1 162 883 862
795 2 2 1 1 303 1231 696
796 2 2 1 1 845 860 417
797 2 2 1 1 724 1637 587
798 2 2 1 1 794 1000 637
799 2 2 1 1 700 1427 372
800 2 2 1 1 903 928 635
801 2 2 1 1 1313 1743 788
802 2 2 1 1 380 974 930
803 2 2 1 1 324 920 812
804 2 2 1 1 1121 1321 558
805 2 2 1 1 935 985 218
806 2 2 1 1 580 1590 1535
807 2 2 1 1 252 1349 711
808 2 2 1 1 313 1165 686
809 2 2 1 1 278 1038 831
810 2 2 1 1 543 1190 916
811 2 2 1 1 239 1544 1049
812 2 2 1 1 953 1083 210
813 2 2 1 1 843 1173 171
814 2 2 1 1 739 1621 205
815 2 2 1 1 641 1079 269
816 2 2 1 1 558 1467 1085
817 2 2 1 1 191 1304 892
818 2 2 1 1 744 755 166
819 2 2 1 1 615 1123 632
820 2 2 1 1 485 1486 724
821 2 2 1 1 343 1332 681
822 2 2 1 1 103 817 102
823 2 2 1 1 757 1662 1504
824 2 2 1 1 481 1082 908
825 2 2 1 1 39 1350 678
826 2 2 1 1 650 1530 513
827 2 2 1 1 830 1101 467
828 2 2 1 1 210 1083 659
829 2 2 1 1 1039 1401 629
830 2 2 1 1 646 1276 198
831 2 2 1 1 350 998 656
832 2 2 1 1 799 939 406
833 2 2 1 1 355 988 683
834 2 2 1 1 334 1659 755
835 2 2 1 1 207 1413 1224
836 2 2 1 1 698 870 314
837 2 2 1 1 356 858 724
838 2 2 1 1 542 1179 908
839 2 2 1 1 782 1596 343
840 2 2 1 1 372 1675 700
841 2 2 1 1 831 1401 278
842 2 2 1 1 898 1001 472
843 2 2 1 1 761 1532 556
844 2 2 1 1 905 1113 524
845 2 2 1 1 280 1569 690
846 2 2 1 1 783 820 364
847 2 2 1 1 792 1018 165
848 2 2 1 1 671 1757 1473
849 2 2 1 1 694 1523 289
850 2 2 1 1 146 759 145
851 2 2 1 1 1024 1063 338
852 2 2 1 1 718 1159 339
853 2 2 1 1 666 946 376
854 2 2 1 1 640 1525 391
855 2 2 1 1 1148 1695 527
856 2 2 1 1 316 933 803
857 2 2 1 1 717 1430 305
858 2 2 1 1 683 1497 221
859 2 2 1 1 209 1221 732
860 2 2 1 1 1575 1704 307
861 2 2 1 1 872 942 218
862 2 2 1 1 352 1477 633
863 2 2 1 1 711 1349 474
864 2 2 1 1 205 1682 739
865 2 2 1 1 472 1001 919
866 2 2 1 1 663 1494 999
867 2 2 1 1 272 1140 657
868 2 2 1 1 931 1215 381
869 2 2 1 1 650 1500 387
870 2 2 1 1 170 907 775
871 2 2 1 1 239 1204 808
872 2 2 1 1 370 1143 637
873 2 2 1 1 593 1709 795
874 2 2 1 1 446 985 935
875 2 2 1 1 198 1022 646
876 2 2 1 1 750 1509 25
877 2 2 1 1 99 1051 98
878 2 2 1 1 892 1304 605
879 2 2 1 1 766 1197 68
880 2 2 1 1 999 1494 171
881 2 2 1 1 343 968 782
882 2 2 1 1 470 1043 886
883 2 2 1 1 918 1089 465
884 2 2 1 1 361 755 744
885 2 2 1 1 812 1691 186
886 2 2 1 1 788 1743 306
887 2 2 1 1 913 1460 1119
888 2 2 1 1 207 1224 906
889 2 2 1 1 631 1324 351
890 2 2 1 1 771 1392 530
891 2 2 1 1 321 1550 633
892 2 2 1 1 632 1040 175
893 2 2 1 1 1026 1522 431
894 2 2 1 1 1243 1621 739
895 2 2 1 1 391 1389 640
896 2 2 1 1 653 1018 384
897 2 2 1 1 1028 1183 581
898 2 2 1 1 710 1713 159
899 2 2 1 1 101 1352 703
900 2 2 1 1 195 1471 784
901 2 2 1 1 573 1156 950
902 2 2 1 1 842 1419 559
903 2 2 1 1 835 1039 186
904 2 2 1 1 635 1205 261
905 2 2 1 1 345 1430 717
906 2 2 1 1 668 1025 195
907 2 2 1 1 474 1569 711
908 2 2 1 1 1165 1451 686
909 2 2 1 1 508 1523 694
910 2 2 1 1 36 1660 665
911 2 2 1 1 400 1406 715
912 2 2 1 1 310 1041 733
913 2 2 1 1 715 1406 126
914 2 2 1 1 675 1188 295
915 2 2 1 1 119 1698 751
916 2 2 1 1 711 1515 525
917 2 2 1 1 1251 1572 161
918 2 2 1 1 376 1011 702
919 2 2 1 1 626 1005 222
920 2 2 1 1 376 1282 666
921 2 2 1 1 306 924 746
922 2 2 1 1 679 1671 1641
923 2 2 1 1 300 1128 745
924 2 2 1 1 381 1215 644
925 2 2 1 1 475 1039 835
926 2 2 1 1 401 999 791
927 2 2 1 1 274 1137 611
928 2 2 1 1 201 1717 725
929 2 2 1 1 326 1615 1142
930 2 2 1 1 666 1317 158
931 2 2 1 1 156 1709 737
932 2 2 1 1 318 1074 725
933 2 2 1 1 670 1330 160
934 2 2 1 1 649 884 165
935 2 2 1 1 801 1621 1192
936 2 2 1 1 1373 1475 877
937 2 2 1 1 236 1318 848
938 2 2 1 1 372 1134 1015
939 2 2 1 1 222 1005 851
940 2 2 1 1 71 1769 70
941 2 2 1 1 808 1204 437
942 2 2 1 1 276 1282 702
943 2 2 1 1 927 1161 466
944 2 2 1 1 325 1145 988
945 2 2 1 1 730 1391 33
946 2 2 1 1 523 1368 1340
947 2 2 1 1 457 1323 1173
948 2 2 1 1 719 1053 347
949 2 2 1 1 618 1727 733
950 2 2 1 1 740 990 51
951 2 2 1 1 926 1637 157
952 2 2 1 1 683 1073 355
953 2 2 1 1 653 1556 533
954 2 2 1 1 703 1352 463
955 2 2 1 1 202 902 697
956 2 2 1 1 842 1769 71
957 2 2 1 1 562 942 872
958 2 2 1 1 689 1109 410
959 2 2 1 1 424 1176 819
960 2 2 1 1 38 970 37
961 2 2 1 1 25 1509 24
962 2 2 1 1 477 1191 910
963 2 2 1 1 690 1569 947
964 2 2 1 1 702 1129 276
965 2 2 1 1 287 1599 861
966 2 2 1 1 1006 1624 774
967 2 2 1 1 1110 1179 542
968 2 2 1 1 165 1018 653
969 2 2 1 1 525 1602 711
970 2 2 1 1 315 1662 757
971 2 2 1 1 914 989 452
972 2 2 1 1 126 1394 715
973 2 2 1 1 874 1288 129
974 2 2 1 1 814 1034 390
975 2 2 1 1 784 955 372
976 2 2 1 1 824 1240 433
977 2 2 1 1 392 1070 620
978 2 2 1 1 25 971 750
979 2 2 1 1 17 917 16
980 2 2 1 1 764 1326 419
981 2 2 1 1 926 1449 587
982 2 2 1 1 449 1083 953
983 2 2 1 1 418 913 838
984 2 2 1 1 1082 1459 194
985 2 2 1 1 294 840 800
986 2 2 1 1 69 1604 68
987 2 2 1 1 1429 1494 470
988 2 2 1 1 873 1275 547
989 2 2 1 1 760 1222 402
990 2 2 1 1 141 898 140
991 2 2 1 1 721 905 161
992 2 2 1 1 861 1274 552
993 2 2 1 1 413 1676 1135
994 2 2 1 1 181 1392 771
995 2 2 1 1 801 897 434
996 2 2 1 1 838 913 359
997 2 2 1 1 493 1451 1165
998 2 2 1 1 109 947 108
999 2 2 1 1 710 1711 1183
1000 2 2 1 1 403 1227 736
1001 2 2 1 1 950 1156 301
1002 2 2 1 1 567 1472 964
1003 2 2 1 1 898 1118 409
1004 2 2 1 1 768 1088 394
1005 2 2 1 1 818 1515 711
1006 2 2 1 1 805 1348 546
1007 2 2 1 1 681 1332 22
1008 2 2 1 1 693 969 95
1009 2 2 1 1 294 1179 840
1010 2 2 1 1 1021 1445 192
1011 2 2 1 1 216 1460 913
1012 2 2 1 1 790 1175 247
1013 2 2 1 1 256 1363 805
1014 2 2 1 1 727 1705 659
1015 2 2 1 1 97 852 96
1016 2 2 1 1 1183 1713 710
1017 2 2 1 1 107 1395 777
1018 2 2 1 1 900 1221 655
1019 2 2 1 1 797 1539 136
1020 2 2 1 1 1169 1439 809
1021 2 2 1 1 65 804 64
1022 2 2 1 1 679 1562 1120
1023 2 2 1 1 696 1231 401
1024 2 2 1 1 641 1162 161
1025 2 2 1 1 1567 1708 734
1026 2 2 1 1 290 1492 1003
1027 2 2 1 1 633 1550 921
1028 2 2 1 1 685 1687 291
1029 2 2 1 1 611 1677 1518
1030 2 2 1 1 839 1561 495
1031 2 2 1 1 632 1123 261
1032 2 2 1 1 357 1699 790
1033 2 2 1 1 281 1651 998
1034 2 2 1 1 636 1512 1331
1035 2 2 1 1 934 1732 313
1036 2 2 1 1 695 1090 467
1037 2 2 1 1 1104 1392 181
1038 2 2 1 1 773 1134 173
1039 2 2 1 1 673 1464 546
1040 2 2 1 1 1092 1470 180
1041 2 2 1 1 323 929 912
1042 2 2 1 1 188 1603 1580
1043 2 2 1 1 680 1376 280
1044 2 2 1 1 5 1202 1
1045 2 2 1 1 200 1270 1131
1046 2 2 1 1 319 1087 750
1047 2 2 1 1 717 954 345
1048 2 2 1 1 532 1542 984
1049 2 2 1 1 781 975 315
1050 2 2 1 1 366 984 756
1051 2 2 1 1 691 957 226
1052 2 2 1 1 1284 1397 740
1053 2 2 1 1 1146 1565 570
1054 2 2 1 1 509 1595 771
1055 2 2 1 1 536 1129 702
1056 2 2 1 1 939 1116 406
1057 2 2 1 1 1024 1540 227
1058 2 2 1 1 1176 1435 819
1059 2 2 1 1 927 1671 1161
1060 2 2 1 1 680 1499 412
1061 2 2 1 1 409 1001 898
1062 2 2 1 1 825 1087 319
1063 2 2 1 1 1076 1258 568
1064 2 2 1 1 363 970 678
1065 2 2 1 1 89 1019 88
1066 2 2 1 1 467 1475 695
1067 2 2 1 1 1376 1418 818
1068 2 2 1 1 358 1643 844
1069 2 2 1 1 348 1150 1009
1070 2 2 1 1 510 1354 738
1071 2 2 1 1 61 1446 1196
1072 2 2 1 1 67 1197 938
1073 2 2 1 1 170 1739 907
1074 2 2 1 1 914 1084 386
1075 2 2 1 1 245 1032 722
1076 2 2 1 1 283 1751 1358
1077 2 2 1 1 965 1045 238
1078 2 2 1 1 1146 1598 1565
1079 2 2 1 1 813 1688 598
1080 2 2 1 1 288 820 783
1081 2 2 1 1 353 1272 631
1082 2 2 1 1 197 1411 688
1083 2 2 1 1 4 1186 104
1084 2 2 1 1 221 1546 1073
1085 2 2 1 1 702 1011 185
1086 2 2 1 1 698 1297 870
1087 2 2 1 1 195 1335 1009
1088 2 2 1 1 620 1085 392
1089 2 2 1 1 633 922 321
1090 2 2 1 1 327 1706 707
1091 2 2 1 1 310 1561 839
1092 2 2 1 1 490 952 885
1093 2 2 1 1 310 1419 842
1094 2 2 1 1 908 1179 294
1095 2 2 1 1 579 1589 1098
1096 2 2 1 1 763 1050 150
1097 2 2 1 1 852 1697 318
1098 2 2 1 1 917 1157 16
1099 2 2 1 1 738 1354 152
1100 2 2 1 1 1437 1532 114
1101 2 2 1 1 386 989 914
1102 2 2 1 1 640 1402 1289
1103 2 2 1 1 286 1562 679
1104 2 2 1 1 393 1579 732
1105 2 2 1 1 864 1350 40
1106 2 2 1 1 379 1148 654
1107 2 2 1 1 1009 1335 521
1108 2 2 1 1 401 965 696
1109 2 2 1 1 498 1611 745
1110 2 2 1 1 1033 1388 560
1111 2 2 1 1 988 1145 683
1112 2 2 1 1 998 1651 656
1113 2 2 1 1 336 1169 809
1114 2 2 1 1 442 1125 762
1115 2 2 1 1 354 1647 689
1116 2 2 1 1 349 1113 905
1117 2 2 1 1 1149 1393 174
1118 2 2 1 1 120 1698 119
1119 2 2 1 1 506 1436 857
1120 2 2 1 1 1358 1751 699
1121 2 2 1 1 792 1745 331
1122 2 2 1 1 164 1275 873
1123 2 2 1 1 428 1179 1110
1124 2 2 1 1 775 907 344
1125 2 2 1 1 727 1071 179
1126 2 2 1 1 697 1635 202
1127 2 2 1 1 404 1381 676
1128 2 2 1 1 1331 1512 191
1129 2 2 1 1 549 1290 1045
1130 2 2 1 1 1019 1150 348
1131 2 2 1 1 211 1550 901
1132 2 2 1 1 144 936 143
1133 2 2 1 1 1618 1767 182
1134 2 2 1 1 32 1391 726
1135 2 2 1 1 76 1066 75
1136 2 2 1 1 383 1137 673
1137 2 2 1 1 205 1621 801
1138 2 2 1 1 632 1205 396
1139 2 2 1 1 192 1445 810
1140 2 2 1 1 726 1391 489
1141 2 2 1 1 270 1239 1099
1142 2 2 1 1 78 833 77
1143 2 2 1 1 582 1691 812
1144 2 2 1 1 461 1385 804
1145 2 2 1 1 505 1133 828
1146 2 2 1 1 335 1283 774
1147 2 2 1 1 339 1370 718
1148 2 2 1 1 353 928 903
1149 2 2 1 1 821 946 360
1150 2 2 1 1 1171 1449 330
1151 2 2 1 1 330 1449 926
1152 2 2 1 1 321 1318 778
1153 2 2 1 1 701 1375 209
1154 2 2 1 1 393 1221 900
1155 2 2 1 1 1278 1764 284
1156 2 2 1 1 340 1002 779
1157 2 2 1 1 1 1202 154
1158 2 2 1 1 179 1348 675
1159 2 2 1 1 527 1063 1024
1160 2 2 1 1 1128 1555 745
1161 2 2 1 1 722 1032 394
1162 2 2 1 1 338 1063 712
1163 2 2 1 1 702 1282 376
1164 2 2 1 1 840 1179 428
1165 2 2 1 1 361 1132 798
1166 2 2 1 1 256 1436 1363
1167 2 2 1 1 375 1375 701
1168 2 2 1 1 419 1326 721
1169 2 2 1 1 431 1359 664
1170 2 2 1 1 874 1070 392
1171 2 2 1 1 489 1391 730
1172 2 2 1 1 841 1631 532
1173 2 2 1 1 293 1708 1567
1174 2 2 1 1 337 1234 899
1175 2 2 1 1 261 1205 632
1176 2 2 1 1 976 1542 532
1177 2 2 1 1 1382 1414 444
1178 2 2 1 1 579 1029 926
1179 2 2 1 1 651 1459 1082
1180 2 2 1 1 1414 1598 833
1181 2 2 1 1 753 1549 168
1182 2 2 1 1 457 1173 843
1183 2 2 1 1 40 1350 39
1184 2 2 1 1 774 1283 456
1185 2 2 1 1 197 1673 1411
1186 2 2 1 1 936 1756 143
1187 2 2 1 1 192 1551 1021
1188 2 2 1 1 345 954 875
1189 2 2 1 1 314 1383 789
1190 2 2 1 1 732 1221 393
1191 2 2 1 1 766 1764 1278
1192 2 2 1 1 347 1107 769
1193 2 2 1 1 662 877 220
1194 2 2 1 1 282 1386 687
1195 2 2 1 1 392 1017 874
1196 2 2 1 1 712 1636 395
1197 2 2 1 1 1113 1328 524
1198 2 2 1 1 983 1645 637
1199 2 2 1 1 380 1517 1451
1200 2 2 1 1 847 1080 360
1201 2 2 1 1 299 1036 697
1202 2 2 1 1 1451 1517 686
1203 2 2 1 1 958 1265 263
1204 2 2 1 1 422 1101 830
1205 2 2 1 1 703 995 100
1206 2 2 1 1 212 1519 676
1207 2 2 1 1 1299 1553 214
1208 2 2 1 1 341 1184 639
1209 2 2 1 1 858 1663 528
1210 2 2 1 1 79 1527 78
1211 2 2 1 1 516 1713 1183
1212 2 2 1 1 857 1750 771
1213 2 2 1 1 776 944 182
1214 2 2 1 1 63 849 62
1215 2 2 1 1 644 1279 381
1216 2 2 1 1 243 1183 1028
1217 2 2 1 1 926 1589 579
1218 2 2 1 1 35 1057 34
1219 2 2 1 1 861 1153 287
1220 2 2 1 1 428 1396 797
1221 2 2 1 1 713 1722 578
1222 2 2 1 1 40 1403 864
1223 2 2 1 1 80 1262 3
1224 2 2 1 1 170 1088 768
1225 2 2 1 1 23 1509 1421
1226 2 2 1 1 715 1156 400
1227 2 2 1 1 717 1496 993
1228 2 2 1 1 591 1310 859
1229 2 2 1 1 371 1489 786
1230 2 2 1 1 400 1542 976
1231 2 2 1 1 203 1614 767
1232 2 2 1 1 614 1158 816
1233 2 2 1 1 214 1553 796
1234 2 2 1 1 771 1595 181
1235 2 2 1 1 336 1711 710
1236 2 2 1 1 750 1087 491
1237 2 2 1 1 912 929 455
1238 2 2 1 1 814 1056 555
1239 2 2 1 1 285 1475 1373
1240 2 2 1 1 355 1013 694
1241 2 2 1 1 724 1265 485
1242 2 2 1 1 479 1368 957
1243 2 2 1 1 318 1267 693
1244 2 2 1 1 34 1057 730
1245 2 2 1 1 756 984 237
1246 2 2 1 1 836 1113 349
1247 2 2 1 1 668 1476 317
1248 2 2 1 1 1184 1466 249
1249 2 2 1 1 301 1156 715
1250 2 2 1 1 229 939 799
1251 2 2 1 1 212 1152 880
1252 2 2 1 1 687 1386 744
1253 2 2 1 1 784 1476 668
1254 2 2 1 1 810 1151 192
1255 2 2 1 1 563 1540 1024
1256 2 2 1 1 1058 1611 498
1257 2 2 1 1 573 1260 937
1258 2 2 1 1 948 1121 322
1259 2 2 1 1 343 1596 1529
1260 2 2 1 1 52 1020 740
1261 2 2 1 1 88 1019 787
1262 2 2 1 1 388 1114 962
1263 2 2 1 1 678 1641 363
1264 2 2 1 1 1000 1345 370
1265 2 2 1 1 1013 1548 694
1266 2 2 1 1 769 1357 374
1267 2 2 1 1 273 1675 955
1268 2 2 1 1 689 1647 486
1269 2 2 1 1 966 1535 244
1270 2 2 1 1 986 1151 652
1271 2 2 1 1 715 1394 716
1272 2 2 1 1 1025 1335 195
1273 2 2 1 1 136 1539 135
1274 2 2 1 1 223 1585 927
1275 2 2 1 1 871 1353 21
1276 2 2 1 1 477 1080 847
1277 2 2 1 1 431 1558 699
1278 2 2 1 1 183 1548 1013
1279 2 2 1 1 1181 1585 223
1280 2 2 1 1 275 1422 823
1281 2 2 1 1 349 1326 764
1282 2 2 1 1 745 1582 300
1283 2 2 1 1 21 1353 20
1284 2 2 1 1 253 1531 1371
1285 2 2 1 1 1495 1740 512
1286 2 2 1 1 115 1437 114
1287 2 2 1 1 372 1015 784
1288 2 2 1 1 797 1396 520
1289 2 2 1 1 374 1357 932
1290 2 2 1 1 432 1230 817
1291 2 2 1 1 1086 1402 640
1292 2 2 1 1 766 1278 415
1293 2 2 1 1 331 1745 767
1294 2 2 1 1 937 1156 573
1295 2 2 1 1 836 1131 448
1296 2 2 1 1 522 1387 748
1297 2 2 1 1 280 1499 680
1298 2 2 1 1 875 954 480
1299 2 2 1 1 280 1376 818
1300 2 2 1 1 721 1162 367
1301 2 2 1 1 646 1022 333
1302 2 2 1 1 3 1262 79
1303 2 2 1 1 747 1685 336
1304 2 2 1 1 303 1115 663
1305 2 2 1 1 827 1167 236
1306 2 2 1 1 1040 1170 175
1307 2 2 1 1 777 1395 474
1308 2 2 1 1 648 1328 1113
1309 2 2 1 1 688 1128 300
1310 2 2 1 1 209 1375 1221
1311 2 2 1 1 1163 1325 426
1312 2 2 1 1 224 1293 758
1313 2 2 1 1 84 1077 748
1314 2 2 1 1 499 1549 720
1315 2 2 1 1 828 1133 464
1316 2 2 1 1 423 1208 799
1317 2 2 1 1 1009 1150 638
1318 2 2 1 1 982 1447 367
1319 2 2 1 1 178 1274 861
1320 2 2 1 1 553 1150 1019
1321 2 2 1 1 781 1103 183
1322 2 2 1 1 613 1034 814
1323 2 2 1 1 1190 1626 390
1324 2 2 1 1 889 1216 440
1325 2 2 1 1 496 1520 825
1326 2 2 1 1 582 1325 1163
1327 2 2 1 1 24 1509 23
1328 2 2 1 1 851 1629 459
1329 2 2 1 1 751 1105 119
1330 2 2 1 1 831 1038 538
1331 2 2 1 1 898 1263 140
1332 2 2 1 1 758 1064 283
1333 2 2 1 1 485 958 803
1334 2 2 1 1 932 1357 540
1335 2 2 1 1 167 1190 709
1336 2 2 1 1 1473 1757 677
1337 2 2 1 1 347 1572 719
1338 2 2 1 1 171 1173 791
1339 2 2 1 1 1371 1531 590
1340 2 2 1 1 739 1632 309
1341 2 2 1 1 751 1347 422
1342 2 2 1 1 261 1123 889
1343 2 2 1 1 360 946 847
1344 2 2 1 1 321 922 848
1345 2 2 1 1 512 1401 831
1346 2 2 1 1 1058 1591 564
1347 2 2 1 1 463 1492 703
1348 2 2 1 1 422 1105 751
1349 2 2 1 1 818 1418 177
1350 2 2 1 1 406 1116 879
1351 2 2 1 1 105 1186 4
1352 2 2 1 1 1142 1615 628
1353 2 2 1 1 690 1499 280
1354 2 2 1 1 746 1474 572
1355 2 2 1 1 854 1295 300
1356 2 2 1 1 857 1436 256
1357 2 2 1 1 41 1403 40
1358 2 2 1 1 485 1265 958
1359 2 2 1 1 815 1502 924
1360 2 2 1 1 203 1744 814
1361 2 2 1 1 415 1197 766
1362 2 2 1 1 837 1382 444
1363 2 2 1 1 513 1116 939
1364 2 2 1 1 87 1408 86
1365 2 2 1 1 725 1074 201
1366 2 2 1 1 720 1549 753
1367 2 2 1 1 890 1317 666
1368 2 2 1 1 346 1606 912
1369 2 2 1 1 712 1544 338
1370 2 2 1 1 330 1029 853
1371 2 2 1 1 370 1200 684
1372 2 2 1 1 7 1312 941
1373 2 2 1 1 337 1601 705
1374 2 2 1 1 912 1606 642
1375 2 2 1 1 384 1203 653
1376 2 2 1 1 684 1143 370
1377 2 2 1 1 748 1387 83
1378 2 2 1 1 822 1226 194
1379 2 2 1 1 810 1117 373
1380 2 2 1 1 848 922 526
1381 2 2 1 1 400 1156 937
1382 2 2 1 1 910 1191 262
1383 2 2 1 1 116 1090 695
1384 2 2 1 1 418 1393 639
1385 2 2 1 1 270 1228 760
1386 2 2 1 1 833 1598 476
1387 2 2 1 1 893 1311 435
1388 2 2 1 1 698 1351 398
1389 2 2 1 1 1149 1555 341
1390 2 2 1 1 186 1735 812
1391 2 2 1 1 387 1500 816
1392 2 2 1 1 1045 1290 238
1393 2 2 1 1 738 1683 510
1394 2 2 1 1 490 1170 1040
1395 2 2 1 1 1052 1538 551
1396 2 2 1 1 129 1288 128
1397 2 2 1 1 67 938 66
1398 2 2 1 1 502 1697 852
1399 2 2 1 1 899 1234 494
1400 2 2 1 1 850 1074 318
1401 2 2 1 1 69 1769 1604
1402 2 2 1 1 168 974 742
1403 2 2 1 1 453 1655 839
1404 2 2 1 1 323 1206 929
1405 2 2 1 1 552 1153 861
1406 2 2 1 1 720 1680 250
1407 2 2 1 1 170 1593 923
1408 2 2 1 1 357 1069 728
1409 2 2 1 1 679 1641 286
1410 2 2 1 1 803 1608 316
1411 2 2 1 1 602 1686 1324
1412 2 2 1 1 136 1189 797
1413 2 2 1 1 789 1032 245
1414 2 2 1 1 150 1050 149
1415 2 2 1 1 157 1589 926
1416 2 2 1 1 736 1227 199
1417 2 2 1 1 455 1191 1008
1418 2 2 1 1 1120 1161 679
1419 2 2 1 1 919 1001 217
1420 2 2 1 1 536 1502 815
1421 2 2 1 1 619 1766 1069
1422 2 2 1 1 885 952 291
1423 2 2 1 1 866 1240 225
1424 2 2 1 1 771 1750 509
1425 2 2 1 1 1564 1719 1069
1426 2 2 1 1 197 1469 899
1427 2 2 1 1 1522 1681 1055
1428 2 2 1 1 874 1017 407
1429 2 2 1 1 676 1381 212
1430 2 2 1 1 603 1466 1184
1431 2 2 1 1 825 1520 228
1432 2 2 1 1 922 1477 166
1433 2 2 1 1 802 1284 452
1434 2 2 1 1 344 1285 888
1435 2 2 1 1 428 1189 840
1436 2 2 1 1 895 1224 529
1437 2 2 1 1 71 1004 842
1438 2 2 1 1 742 974 380
1439 2 2 1 1 302 1433 763
1440 2 2 1 1 926 1029 330
1441 2 2 1 1 688 1469 197
1442 2 2 1 1 13 904 12
1443 2 2 1 1 805 1557 256
1444 2 2 1 1 565 1535 966
1445 2 2 1 1 1244 1315 682
1446 2 2 1 1 531 1564 776
1447 2 2 1 1 454 1226 822
1448 2 2 1 1 1553 1738 731
1449 2 2 1 1 716 1570 407
1450 2 2 1 1 962 1114 459
1451 2 2 1 1 86 1559 85
1452 2 2 1 1 828 994 172
1453 2 2 1 1 202 1366 954
1454 2 2 1 1 240 1199 834
1455 2 2 1 1 190 1237 809
1456 2 2 1 1 462 1581 996
1457 2 2 1 1 479 957 795
1458 2 2 1 1 331 1018 792
1459 2 2 1 1 810 1165 313
1460 2 2 1 1 1196 1446 569
1461 2 2 1 1 93 1508 1160
1462 2 2 1 1 835 1691 1163
1463 2 2 1 1 841 984 366
1464 2 2 1 1 826 1042 333
1465 2 2 1 1 309 1243 739
1466 2 2 1 1 187 1303 741
1467 2 2 1 1 711 1569 280
1468 2 2 1 1 841 1037 122
1469 2 2 1 1 382 1400 1075
1470 2 2 1 1 182 1767 1091
1471 2 2 1 1 1062 1180 612
1472 2 2 1 1 734 1708 427
1473 2 2 1 1 249 1466 719
1474 2 2 1 1 300 1498 854
1475 2 2 1 1 963 1104 282
1476 2 2 1 1 858 1637 724
1477 2 2 1 1 257 997 821
1478 2 2 1 1 480 1364 875
1479 2 2 1 1 628 1615 1195
1480 2 2 1 1 933 1413 803
1481 2 2 1 1 767 1745 577
1482 2 2 1 1 397 1431 1115
1483 2 2 1 1 292 1645 1005
1484 2 2 1 1 198 1351 973
1485 2 2 1 1 887 1369 155
1486 2 2 1 1 804 1294 461
1487 2 2 1 1 371 1216 889
1488 2 2 1 1 794 1694 219
1489 2 2 1 1 605 1706 892
1490 2 2 1 1 592 1075 891
1491 2 2 1 1 484 1068 756
1492 2 2 1 1 242 1250 844
1493 2 2 1 1 598 1747 813
1494 2 2 1 1 1322 1520 1010
1495 2 2 1 1 588 1138 1065
1496 2 2 1 1 719 1251 524
1497 2 2 1 1 903 1622 634
1498 2 2 1 1 86 1408 940
1499 2 2 1 1 708 1588 91
1500 2 2 1 1 233 1062 878
1501 2 2 1 1 987 1493 501
1502 2 2 1 1 1009 1471 195
1503 2 2 1 1 1340 1368 479
1504 2 2 1 1 975 1382 522
1505 2 2 1 1 547 1117 873
1506 2 2 1 1 853 1029 377
1507 2 2 1 1 932 1580 617
1508 2 2 1 1 638 1471 1009
1509 2 2 1 1 332 1269 860
1510 2 2 1 1 82 837 81
1511 2 2 1 1 758 1293 373
1512 2 2 1 1 821 997 376
1513 2 2 1 1 878 1062 384
1514 2 2 1 1 380 1047 742
1515 2 2 1 1 893 1725 1311
1516 2 2 1 1 7 941 6
1517 2 2 1 1 609 1767 1618
1518 2 2 1 1 523 1340 1159
1519 2 2 1 1 122 1037 121
1520 2 2 1 1 1337 1587 775
1521 2 2 1 1 65 1294 804
1522 2 2 1 1 1082 1513 328
1523 2 2 1 1 905 1251 161
1524 2 2 1 1 395 1049 712
1525 2 2 1 1 728 1699 357
1526 2 2 1 1 957 1368 226
1527 2 2 1 1 155 1054 887
1528 2 2 1 1 157 1637 858
1529 2 2 1 1 823 1249 275
1530 2 2 1 1 233 1180 1062
1531 2 2 1 1 524 1251 905
1532 2 2 1 1 722 1138 245
1533 2 2 1 1 770 1454 27
1534 2 2 1 1 1221 1375 655
1535 2 2 1 1 682 1203 384
1536 2 2 1 1 1103 1620 508
1537 2 2 1 1 184 1315 1244
1538 2 2 1 1 581 1711 809
1539 2 2 1 1 434 1238 959
1540 2 2 1 1 815 1619 248
1541 2 2 1 1 900 1061 393
1542 2 2 1 1 789 1383 1032
1543 2 2 1 1 705 974 168
1544 2 2 1 1 1292 1404 546
1545 2 2 1 1 118 830 117
1546 2 2 1 1 228 1623 825
1547 2 2 1 1 443 1111 807
1548 2 2 1 1 1385 1705 295
1549 2 2 1 1 394 1383 768
1550 2 2 1 1 1128 1411 341
1551 2 2 1 1 1098 1589 692
1552 2 2 1 1 1000 1630 1345
1553 2 2 1 1 835 1163 311
1554 2 2 1 1 381 1279 760
1555 2 2 1 1 387 1685 747
1556 2 2 1 1 427 1198 1046
1557 2 2 1 1 1065 1138 388
1558 2 2 1 1 70 1769 69
1559 2 2 1 1 896 1147 356
1560 2 2 1 1 419 1703 764
1561 2 2 1 1 333 1141 826
1562 2 2 1 1 733 1419 310
1563 2 2 1 1 1224 1413 529
1564 2 2 1 1 407 1570 1288
1565 2 2 1 1 401 1045 965
1566 2 2 1 1 807 1111 231
1567 2 2 1 1 901 1550 321
1568 2 2 1 1 1289 1402 225
1569 2 2 1 1 751 1698 589
1570 2 2 1 1 478 1289 824
1571 2 2 1 1 1211 1534 762
1572 2 2 1 1 973 1351 698
1573 2 2 1 1 287 1397 1284
1574 2 2 1 1 415 1479 1261
1575 2 2 1 1 757 1620 1103
1576 2 2 1 1 26 971 25
1577 2 2 1 1 1504 1662 488
1578 2 2 1 1 161 1162 721
1579 2 2 1 1 219 1000 794
1580 2 2 1 1 403 1078 780
1581 2 2 1 1 907 1739 537
1582 2 2 1 1 507 973 789
1583 2 2 1 1 1115 1431 663
1584 2 2 1 1 1152 1365 880
1585 2 2 1 1 351 1686 801
1586 2 2 1 1 425 1752 1331
1587 2 2 1 1 997 1011 376
1588 2 2 1 1 823 1133 231
1589 2 2 1 1 125 976 124
1590 2 2 1 1 146 1102 759
1591 2 2 1 1 389 1168 1031
1592 2 2 1 1 804 1616 64
1593 2 2 1 1 1396 1619 520
1594 2 2 1 1 1048 1440 667
1595 2 2 1 1 410 1147 896
1596 2 2 1 1 890 1390 382
1597 2 2 1 1 873 1117 313
1598 2 2 1 1 553 1588 708
1599 2 2 1 1 1099 1239 574
1600 2 2 1 1 788 1545 511
1601 2 2 1 1 829 1724 1704
1602 2 2 1 1 423 1166 888
1603 2 2 1 1 459 1403 962
1604 2 2 1 1 694 1548 508
1605 2 2 1 1 872 1337 344
1606 2 2 1 1 1002 1250 535
1607 2 2 1 1 1046 1198 495
1608 2 2 1 1 366 1037 841
1609 2 2 1 1 848 1318 321
1610 2 2 1 1 429 1692 1093
1611 2 2 1 1 826 1141 429
1612 2 2 1 1 1095 1718 1444
1613 2 2 1 1 253 1371 706
1614 2 2 1 1 839 1497 453
1615 2 2 1 1 959 1628 704
1616 2 2 1 1 599 1071 793
1617 2 2 1 1 1234 1424 499
1618 2 2 1 1 51 990 50
1619 2 2 1 1 388 1138 722
1620 2 2 1 1 801 1192 351
1621 2 2 1 1 464 1343 828
1622 2 2 1 1 955 1675 372
1623 2 2 1 1 1080 1233 360
1624 2 2 1 1 298 1302 701
1625 2 2 1 1 324 1323 920
1626 2 2 1 1 929 1714 1700
1627 2 2 1 1 532 1631 976
1628 2 2 1 1 874 1640 1070
1629 2 2 1 1 276 1390 890
1630 2 2 1 1 748 1662 1610
1631 2 2 1 1 842 1561 310
1632 2 2 1 1 373 1064 758
1633 2 2 1 1 514 1454 770
1634 2 2 1 1 412 1499 1307
1635 2 2 1 1 798 1257 334
1636 2 2 1 1 930 1517 380
1637 2 2 1 1 439 1220 770
1638 2 2 1 1 782 1322 414
1639 2 2 1 1 503 1392 1104
1640 2 2 1 1 1372 1581 887
1641 2 2 1 1 824 1289 225
1642 2 2 1 1 572 1617 746
1643 2 2 1 1 357 1564 1069
1644 2 2 1 1 369 1716 749
1645 2 2 1 1 888 1166 206
1646 2 2 1 1 1042 1762 333
1647 2 2 1 1 986 1551 192
1648 2 2 1 1 377 1255 853
1649 2 2 1 1 9 855 8
1650 2 2 1 1 1021 1551 623
1651 2 2 1 1 596 1616 804
1652 2 2 1 1 839 1655 310
1653 2 2 1 1 414 1322 1010
1654 2 2 1 1 906 1644 207
1655 2 2 1 1 716 1749 301
1656 2 2 1 1 443 1157 917
1657 2 2 1 1 546 1557 805
1658 2 2 1 1 736 1136 403
1659 2 2 1 1 366 1600 1308
1660 2 2 1 1 802 1599 287
1661 2 2 1 1 762 1534 442
1662 2 2 1 1 833 1461 77
1663 2 2 1 1 1106 1579 393
1664 2 2 1 1 241 1255 1210
1665 2 2 1 1 891 1075 230
1666 2 2 1 1 775 1593 170
1667 2 2 1 1 1031 1168 534
1668 2 2 1 1 790 1207 357
1669 2 2 1 1 1223 1276 646
1670 2 2 1 1 348 1178 787
1671 2 2 1 1 817 1352 102
1672 2 2 1 1 940 1559 86
1673 2 2 1 1 376 946 821
1674 2 2 1 1 778 1505 321
1675 2 2 1 1 595 1447 982
1676 2 2 1 1 639 1393 1149
1677 2 2 1 1 767 1758 331
1678 2 2 1 1 1357 1680 540
1679 2 2 1 1 1220 1319 259
1680 2 2 1 1 768 1383 314
1681 2 2 1 1 68 1197 67
1682 2 2 1 1 356 1147 813
1683 2 2 1 1 1307 1499 690
1684 2 2 1 1 539 1449 1171
1685 2 2 1 1 803 1413 207
1686 2 2 1 1 300 1295 688
1687 2 2 1 1 808 943 338
1688 2 2 1 1 929 1206 550
1689 2 2 1 1 287 1284 802
1690 2 2 1 1 207 1644 896
1691 2 2 1 1 97 1491 852
1692 2 2 1 1 1404 1557 546
1693 2 2 1 1 494 1107 868
1694 2 2 1 1 351 1192 935
1695 2 2 1 1 900 1714 550
1696 2 2 1 1 844 994 358
1697 2 2 1 1 803 1487 485
1698 2 2 1 1 464 1133 823
1699 2 2 1 1 717 993 202
1700 2 2 1 1 832 1194 189
1701 2 2 1 1 1147 1688 813
1702 2 2 1 1 827 1169 336
1703 2 2 1 1 201 1636 1063
1704 2 2 1 1 786 1048 371
1705 2 2 1 1 812 1537 324
1706 2 2 1 1 709 1031 167
1707 2 2 1 1 255 1382 975
1708 2 2 1 1 924 1474 746
1709 2 2 1 1 823 1111 441
1710 2 2 1 1 762 1438 350
1711 2 2 1 1 298 1136 736
1712 2 2 1 1 467 1090 830
1713 2 2 1 1 827 1685 1167
1714 2 2 1 1 345 1590 904
1715 2 2 1 1 1269 1311 860
1716 2 2 1 1 1110 1396 428
1717 2 2 1 1 211 1759 802
1718 2 2 1 1 814 1744 613
1719 2 2 1 1 397 1115 1076
1720 2 2 1 1 35 1139 1057
1721 2 2 1 1 935 1192 446
1722 2 2 1 1 317 1015 773
1723 2 2 1 1 780 1078 326
1724 2 2 1 1 1232 1689 405
1725 2 2 1 1 624 1551 986
1726 2 2 1 1 584 1618 944
1727 2 2 1 1 661 1233 1080
1728 2 2 1 1 1160 1748 447
1729 2 2 1 1 463 1352 817
1730 2 2 1 1 455 1008 911
1731 2 2 1 1 220 1101 1059
1732 2 2 1 1 879 1713 516
1733 2 2 1 1 207 1487 803
1734 2 2 1 1 528 1663 1277
1735 2 2 1 1 899 1344 337
1736 2 2 1 1 193 1440 1048
1737 2 2 1 1 577 1689 767
1738 2 2 1 1 719 1466 1053
1739 2 2 1 1 770 1597 514
1740 2 2 1 1 408 1276 1223
1741 2 2 1 1 336 1685 827
1742 2 2 1 1 575 1468 1030
1743 2 2 1 1 904 1731 643
1744 2 2 1 1 829 1704 652
1745 2 2 1 1 550 1061 900
1746 2 2 1 1 1167 1685 387
1747 2 2 1 1 994 1612 172
1748 2 2 1 1 853 1255 241
1749 2 2 1 1 761 1724 551
1750 2 2 1 1 706 1266 610
1751 2 2 1 1 85 1077 84
1752 2 2 1 1 833 1527 1414
1753 2 2 1 1 944 1207 584
1754 2 2 1 1 446 1242 985
1755 2 2 1 1 234 1253 772
1756 2 2 1 1 168 1549 1424
1757 2 2 1 1 394 1185 722
1758 2 2 1 1 367 1447 867
1759 2 2 1 1 468 1528 1036
1760 2 2 1 1 743 1654 342
1761 2 2 1 1 1009 1178 348
1762 2 2 1 1 889 1123 371
1763 2 2 1 1 543 1626 1190
1764 2 2 1 1 1385 1684 804
1765 2 2 1 1 373 1151 810
1766 2 2 1 1 959 1238 557
1767 2 2 1 1 627 1756 936
1768 2 2 1 1 989 1380 211
1769 2 2 1 1 236 1625 827
1770 2 2 1 1 240 1217 1199
1771 2 2 1 1 612 1244 1062
1772 2 2 1 1 421 1250 1002
1773 2 2 1 1 714 1543 1072
1774 2 2 1 1 314 1256 768
1775 2 2 1 1 1384 1580 540
1776 2 2 1 1 208 1182 981
1777 2 2 1 1 434 1420 801
1778 2 2 1 1 28 1271 770
1779 2 2 1 1 360 1578 821
1780 2 2 1 1 177 1515 818
1781 2 2 1 1 198 1276 785
1782 2 2 1 1 902 993 450
1783 2 2 1 1 489 1319 726
1784 2 2 1 1 100 995 99
1785 2 2 1 1 1210 1255 609
1786 2 2 1 1 871 1529 515
1787 2 2 1 1 414 1568 782
1788 2 2 1 1 755 1456 166
1789 2 2 1 1 153 1484 738
1790 2 2 1 1 93 1160 92
1791 2 2 1 1 601 1011 997
1792 2 2 1 1 359 1119 832
1793 2 2 1 1 180 1126 1092
1794 2 2 1 1 294 1736 908
1795 2 2 1 1 799 1208 229
1796 2 2 1 1 887 1054 440
1797 2 2 1 1 511 1177 1067
1798 2 2 1 1 1122 1697 502
1799 2 2 1 1 289 1442 951
1800 2 2 1 1 759 1320 145
1801 2 2 1 1 725 1267 318
1802 2 2 1 1 570 1565 781
1803 2 2 1 1 773 1453 317
1804 2 2 1 1 1127 1340 479
1805 2 2 1 1 787 1019 348
1806 2 2 1 1 1017 1467 215
1807 2 2 1 1 466 1327 927
1808 2 2 1 1 825 1072 496
1809 2 2 1 1 785 1276 408
1810 2 2 1 1 899 1469 469
1811 2 2 1 1 177 1558 972
1812 2 2 1 1 1085 1467 392
1813 2 2 1 1 1095 1444 503
1814 2 2 1 1 317 1453 796
1815 2 2 1 1 770 1271 439
1816 2 2 1 1 753 1252 420
1817 2 2 1 1 708 1314 447
1818 2 2 1 1 769 1107 250
1819 2 2 1 1 888 1285 423
1820 2 2 1 1 192 1151 986
1821 2 2 1 1 81 1665 80
1822 2 2 1 1 451 1418 1376
1823 2 2 1 1 347 1053 868
1824 2 2 1 1 1131 1270 448
1825 2 2 1 1 1014 1741 566
1826 2 2 1 1 416 1738 1553
1827 2 2 1 1 892 1706 327
1828 2 2 1 1 741 1269 332
1829 2 2 1 1 91 1314 708
1830 2 2 1 1 752 1572 347
1831 2 2 1 1 1414 1527 444
1832 2 2 1 1 1063 1636 712
1833 2 2 1 1 735 1514 364
1834 2 2 1 1 1068 1757 671
1835 2 2 1 1 807 1213 450
1836 2 2 1 1 968 1322 782
1837 2 2 1 1 780 1099 403
1838 2 2 1 1 15 1157 806
1839 2 2 1 1 748 1610 522
1840 2 2 1 1 242 1438 762
1841 2 2 1 1 229 1297 939
1842 2 2 1 1 411 1339 940
1843 2 2 1 1 806 1416 305
1844 2 2 1 1 906 1224 354
1845 2 2 1 1 265 1734 1444
1846 2 2 1 1 941 1312 590
1847 2 2 1 1 78 1527 833
1848 2 2 1 1 662 1373 877
1849 2 2 1 1 165 1729 792
1850 2 2 1 1 798 1132 226
1851 2 2 1 1 73 1541 72
1852 2 2 1 1 797 1189 428
1853 2 2 1 1 1038 1389 391
1854 2 2 1 1 445 1335 1025
1855 2 2 1 1 1057 1139 458
1856 2 2 1 1 355 1073 1013
1857 2 2 1 1 456 1316 1023
1858 2 2 1 1 825 1623 1087
1859 2 2 1 1 1262 1527 79
1860 2 2 1 1 270 1099 780
1861 2 2 1 1 996 1512 636
1862 2 2 1 1 450 1193 902
1863 2 2 1 1 532 984 841
1864 2 2 1 1 985 1242 616
1865 2 2 1 1 322 1121 865
1866 2 2 1 1 868 1673 197
1867 2 2 1 1 865 1617 572
1868 2 2 1 1 411 1408 787
1869 2 2 1 1 1093 1692 588
1870 2 2 1 1 1055 1681 460
1871 2 2 1 1 866 1402 475
1872 2 2 1 1 313 1117 810
1873 2 2 1 1 1456 1659 526
1874 2 2 1 1 896 1644 410
1875 2 2 1 1 172 1612 729
1876 2 2 1 1 709 1190 390
1877 2 2 1 1 962 1065 388
1878 2 2 1 1 951 1025 362
1879 2 2 1 1 126 1406 125
1880 2 2 1 1 854 1498 528
1881 2 2 1 1 938 1197 415
1882 2 2 1 1 852 1491 502
1883 2 2 1 1 441 1111 917
1884 2 2 1 1 843 1429 328
1885 2 2 1 1 849 1616 596
1886 2 2 1 1 203 1232 1171
1887 2 2 1 1 1072 1543 180
1888 2 2 1 1 49 1412 819
1889 2 2 1 1 1200 1410 684
1890 2 2 1 1 472 1516 800
1891 2 2 1 1 976 1631 124
1892 2 2 1 1 813 1663 356
1893 2 2 1 1 427 1280 734
1894 2 2 1 1 466 1410 1327
1895 2 2 1 1 57 1023 56
1896 2 2 1 1 215 1321 860
1897 2 2 1 1 1036 1528 647
1898 2 2 1 1 785 1351 198
1899 2 2 1 1 705 1601 385
1900 2 2 1 1 320 1733 1047
1901 2 2 1 1 768 1739 170
1902 2 2 1 1 796 1553 731
1903 2 2 1 1 821 1765 257
1904 2 2 1 1 137 1189 136
1905 2 2 1 1 163 1495 831
1906 2 2 1 1 899 1583 197
1907 2 2 1 1 528 1277 854
1908 2 2 1 1 860 1321 417
1909 2 2 1 1 302 1201 979
1910 2 2 1 1 930 1155 213
1911 2 2 1 1 1514 1592 364
1912 2 2 1 1 139 1263 800
1913 2 2 1 1 426 1320 759
1914 2 2 1 1 709 1210 389
1915 2 2 1 1 132 1067 131
1916 2 2 1 1 440 1372 887
1917 2 2 1 1 324 1209 791
1918 2 2 1 1 634 1622 1054
1919 2 2 1 1 863 1291 541
1920 2 2 1 1 528 1536 858
1921 2 2 1 1 356 1486 896
1922 2 2 1 1 756 1600 366
1923 2 2 1 1 63 1616 849
1924 2 2 1 1 432 1605 1230
1925 2 2 1 1 417 1121 948
1926 2 2 1 1 1242 1243 309
1927 2 2 1 1 1059 1101 422
1928 2 2 1 1 439 1229 726
1929 2 2 1 1 746 1617 258
1930 2 2 1 1 1076 1115 586
1931 2 2 1 1 1061 1170 393
1932 2 2 1 1 824 1433 302
1933 2 2 1 1 436 1194 832
1934 2 2 1 1 364 1182 783
1935 2 2 1 1 1419 1764 559
1936 2 2 1 1 154 1484 153
1937 2 2 1 1 45 1093 44
1938 2 2 1 1 114 1532 113
1939 2 2 1 1 1308 1600 671
1940 2 2 1 1 1023 1316 583
1941 2 2 1 1 368 1560 1363
1942 2 2 1 1 809 1439 190
1943 2 2 1 1 776 1564 944
1944 2 2 1 1 980 1737 204
1945 2 2 1 1 13 1731 904
1946 2 2 1 1 736 1302 298
1947 2 2 1 1 445 1442 834
1948 2 2 1 1 688 1411 1128
1949 2 2 1 1 334 1257 977
1950 2 2 1 1 819 1503 49
1951 2 2 1 1 1008 1191 477
1952 2 2 1 1 760 1239 270
1953 2 2 1 1 235 1488 960
1954 2 2 1 1 828 1342 505
1955 2 2 1 1 865 1121 558
1956 2 2 1 1 1524 1543 714
1957 2 2 1 1 383 1677 1137
1958 2 2 1 1 809 1711 336
1959 2 2 1 1 1163 1691 582
1960 2 2 1 1 897 1407 254
1961 2 2 1 1 828 1343 994
1962 2 2 1 1 95 969 94
1963 2 2 1 1 1325 1426 426
1964 2 2 1 1 398 1351 785
1965 2 2 1 1 385 1601 772
1966 2 2 1 1 91 1588 90
1967 2 2 1 1 1235 1740 707
1968 2 2 1 1 1453 1455 473
1969 2 2 1 1 844 1250 421
1970 2 2 1 1 491 1509 750
1971 2 2 1 1 399 1702 1639
1972 2 2 1 1 217 1398 909
1973 2 2 1 1 72 1004 71
1974 2 2 1 1 856 1524 714
1975 2 2 1 1 156 1573 1127
1976 2 2 1 1 944 1618 182
1977 2 2 1 1 1067 1177 620
1978 2 2 1 1 462 1369 887
1979 2 2 1 1 389 1031 709
1980 2 2 1 1 958 1608 803
1981 2 2 1 1 654 1748 1160
1982 2 2 1 1 875 1364 244
1983 2 2 1 1 830 1090 117
1984 2 2 1 1 476 1461 833
1985 2 2 1 1 1610 1662 315
1986 2 2 1 1 250 1357 769
1987 2 2 1 1 50 1412 49
1988 2 2 1 1 909 1398 457
1989 2 2 1 1 869 1716 369
1990 2 2 1 1 408 1254 785
1991 2 2 1 1 467 1101 877
1992 2 2 1 1 760 1228 381
1993 2 2 1 1 745 1611 1098
1994 2 2 1 1 975 1610 315
1995 2 2 1 1 726 1229 31
1996 2 2 1 1 1036 1635 697
1997 2 2 1 1 1127 1573 674
1998 2 2 1 1 129 1640 874
1999 2 2 1 1 633 1477 922
2000 2 2 1 1 920 1355 812
2001 2 2 1 1 816 1500 266
2002 2 2 1 1 292 1552 794
2003 2 2 1 1 832 1119 436
2004 2 2 1 1 53 1020 52
2005 2 2 1 1 801 1686 897
2006 2 2 1 1 1160 1508 654
2007 2 2 1 1 960 1488 531
2008 2 2 1 1 1441 1484 430
2009 2 2 1 1 1447 1701 867
2010 2 2 1 1 168 1424 705
2011 2 2 1 1 472 1263 898
2012 2 2 1 1 730 1533 489
2013 2 2 1 1 765 1223 260
2014 2 2 1 1 19 1712 18
2015 2 2 1 1 976 1406 400
2016 2 2 1 1 942 1329 218
2017 2 2 1 1 780 1669 270
2018 2 2 1 1 113 1532 761
2019 2 2 1 1 550 1714 929
2020 2 2 1 1 1403 1629 864
2021 2 2 1 1 20 1035 19
2022 2 2 1 1 226 1742 798
2023 2 2 1 1 1066 1567 734
2024 2 2 1 1 218 1329 935
2025 2 2 1 1 820 1310 189
2026 2 2 1 1 863 1124 391
2027 2 2 1 1 738 1484 1441
2028 2 2 1 1 405 1450 1232
2029 2 2 1 1 338 1544 808
2030 2 2 1 1 521 1178 1009
2031 2 2 1 1 1054 1272 634
2032 2 2 1 1 920 1323 669
2033 2 2 1 1 291 1763 885
2034 2 2 1 1 408 1223 765
2035 2 2 1 1 686 1517 934
2036 2 2 1 1 979 1201 610
2037 2 2 1 1 535 1682 1002
2038 2 2 1 1 927 1327 223
2039 2 2 1 1 520 1539 797
2040 2 2 1 1 834 1523 508
2041 2 2 1 1 202 993 902
2042 2 2 1 1 402 1239 760
2043 2 2 1 1 306 1743 815
2044 2 2 1 1 597 1768 966
2045 2 2 1 1 367 1162 982
2046 2 2 1 1 1013 1073 465
2047 2 2 1 1 779 1420 434
2048 2 2 1 1 836 1715 1113
2049 2 2 1 1 552 1176 1153
2050 2 2 1 1 981 1182 554
2051 2 2 1 1 765 1274 614
2052 2 2 1 1 904 1309 12
2053 2 2 1 1 882 1330 482
2054 2 2 1 1 1533 1741 1014
2055 2 2 1 1 1270 1296 448
2056 2 2 1 1 787 1178 411
2057 2 2 1 1 548 1503 819
2058 2 2 1 1 469 1295 854
2059 2 2 1 1 274 1464 1137
2060 2 2 1 1 342 1654 960
2061 2 2 1 1 800 1263 472
2062 2 2 1 1 6 1672 5
2063 2 2 1 1 902 1193 369
2064 2 2 1 1 469 1344 899
2065 2 2 1 1 225 1402 866
2066 2 2 1 1 309 1632 882
2067 2 2 1 1 892 1331 191
2068 2 2 1 1 732 1579 1028
2069 2 2 1 1 602 1407 897
2070 2 2 1 1 155 1272 1054
2071 2 2 1 1 924 1502 185
2072 2 2 1 1 1493 1676 501
2073 2 2 1 1 231 1111 823
2074 2 2 1 1 307 1724 761
2075 2 2 1 1 343 1529 871
2076 2 2 1 1 1047 1733 742
2077 2 2 1 1 438 1122 1051
2078 2 2 1 1 729 1423 340
2079 2 2 1 1 691 1592 1514
2080 2 2 1 1 1004 1561 842
2081 2 2 1 1 62 1446 61
2082 2 2 1 1 786 1489 323
2083 2 2 1 1 399 1587 1337
2084 2 2 1 1 823 1422 464
2085 2 2 1 1 9 1362 855
2086 2 2 1 1 261 1622 903
2087 2 2 1 1 155 1324 1272
2088 2 2 1 1 628 1296 1270
2089 2 2 1 1 809 1434 581
2090 2 2 1 1 913 1119 359
2091 2 2 1 1 407 1749 716
2092 2 2 1 1 909 1661 217
2093 2 2 1 1 328 1513 909
2094 2 2 1 1 1704 1724 307
2095 2 2 1 1 418 1361 913
2096 2 2 1 1 8 1312 7
2097 2 2 1 1 1125 1250 242
2098 2 2 1 1 861 1599 487
2099 2 2 1 1 231 1213 807
2100 2 2 1 1 441 1249 823
2101 2 2 1 1 1092 1126 501
2102 2 2 1 1 461 1261 956
2103 2 2 1 1 746 1545 306
2104 2 2 1 1 90 1379 89
2105 2 2 1 1 559 1769 842
2106 2 2 1 1 168 1252 753
2107 2 2 1 1 737 1615 1346
2108 2 2 1 1 681 1421 1287
2109 2 2 1 1 911 1008 158
2110 2 2 1 1 147 1102 146
2111 2 2 1 1 448 1374 836
2112 2 2 1 1 966 1187 597
2113 2 2 1 1 754 1417 473
2114 2 2 1 1 877 1101 220
2115 2 2 1 1 459 1629 1403
2116 2 2 1 1 1363 1560 805
2117 2 2 1 1 382 1707 890
2118 2 2 1 1 297 1533 730
2119 2 2 1 1 173 1405 754
2120 2 2 1 1 1154 1495 163
2121 2 2 1 1 721 1326 905
2122 2 2 1 1 118 1105 830
2123 2 2 1 1 49 1503 48
2124 2 2 1 1 855 1312 8
2125 2 2 1 1 669 1398 1144
2126 2 2 1 1 335 1624 857
2127 2 2 1 1 838 1472 174
2128 2 2 1 1 983 1143 196
2129 2 2 1 1 773 1455 1453
2130 2 2 1 1 772 1667 234
2131 2 2 1 1 625 1737 980
2132 2 2 1 1 354 1224 895
2133 2 2 1 1 704 1628 212
2134 2 2 1 1 777 1360 106
2135 2 2 1 1 879 1081 406
2136 2 2 1 1 445 1025 951
2137 2 2 1 1 777 1605 432
2138 2 2 1 1 186 1691 835
2139 2 2 1 1 1222 1481 402
2140 2 2 1 1 784 1471 955
2141 2 2 1 1 471 1562 851
2142 2 2 1 1 104 1577 103
2143 2 2 1 1 474 1349 777
2144 2 2 1 1 834 1199 445
2145 2 2 1 1 385 1155 930
2146 2 2 1 1 140 1263 139
2147 2 2 1 1 611 1518 961
2148 2 2 1 1 1587 1593 775
2149 2 2 1 1 66 1294 65
2150 2 2 1 1 1002 1682 779
2151 2 2 1 1 1200 1345 670
2152 2 2 1 1 630 1669 780
2153 2 2 1 1 854 1277 234
2154 2 2 1 1 1200 1377 277
2155 2 2 1 1 1100 1712 622
2156 2 2 1 1 862 1518 162
2157 2 2 1 1 511 1334 788
2158 2 2 1 1 858 1536 157
2159 2 2 1 1 258 1617 865
2160 2 2 1 1 444 1665 837
2161 2 2 1 1 194 1459 822
2162 2 2 1 1 612 1286 1244
2163 2 2 1 1 830 1105 422
2164 2 2 1 1 774 1298 58
2165 2 2 1 1 429 1501 826
2166 2 2 1 1 968 1287 228
2167 2 2 1 1 859 1753 235
2168 2 2 1 1 667 1372 1216
2169 2 2 1 1 552 1274 765
2170 2 2 1 1 473 1417 949
2171 2 2 1 1 10 1362 9
2172 2 2 1 1 817 1577 432
2173 2 2 1 1 960 1654 567
2174 2 2 1 1 391 1027 863
2175 2 2 1 1 744 1386 606
2176 2 2 1 1 742 1252 168
2177 2 2 1 1 1220 1597 770
2178 2 2 1 1 218 1341 872
2179 2 2 1 1 985 1341 218
2180 2 2 1 1 566 1543 1524
2181 2 2 1 1 1007 1154 163
2182 2 2 1 1 1051 1122 502
2183 2 2 1 1 812 1355 582
2184 2 2 1 1 837 1387 522
2185 2 2 1 1 707 1495 1154
2186 2 2 1 1 1202 1484 154
2187 2 2 1 1 288 1480 859
2188 2 2 1 1 1331 1752 636
2189 2 2 1 1 379 1695 1148
2190 2 2 1 1 111 1307 110
2191 2 2 1 1 305 1416 807
2192 2 2 1 1 704 1381 404
2193 2 2 1 1 1164 1428 484
2194 2 2 1 1 510 1683 1201
2195 2 2 1 1 1124 1301 538
2196 2 2 1 1 82 1387 837
2197 2 2 1 1 277 1410 1200
2198 2 2 1 1 160 1330 882
2199 2 2 1 1 1046 1541 73
2200 2 2 1 1 919 1661 481
2201 2 2 1 1 409 1144 1001
2202 2 2 1 1 515 1353 871
2203 2 2 1 1 938 1294 66
2204 2 2 1 1 868 1583 494
2205 2 2 1 1 403 1136 1078
2206 2 2 1 1 617 1300 1079
2207 2 2 1 1 860 1311 215
2208 2 2 1 1 256 1750 857
2209 2 2 1 1 313 1732 873
2210 2 2 1 1 404 1716 869
2211 2 2 1 1 176 1291 863
2212 2 2 1 1 1079 1300 269
2213 2 2 1 1 453 1668 1315
2214 2 2 1 1 1171 1232 539
2215 2 2 1 1 863 1027 176
2216 2 2 1 1 370 1345 1200
2217 2 2 1 1 881 1218 395
2218 2 2 1 1 940 1339 488
2219 2 2 1 1 197 1583 868
2220 2 2 1 1 807 1416 443
2221 2 2 1 1 1700 1714 262
2222 2 2 1 1 119 1105 118
2223 2 2 1 1 333 1762 1012
2224 2 2 1 1 1216 1372 440
2225 2 2 1 1 671 1600 1068
2226 2 2 1 1 822 1459 382
2227 2 2 1 1 399 1639 1212
2228 2 2 1 1 670 1377 1200
2229 2 2 1 1 425 1331 892
2230 2 2 1 1 1107 1432 250
2231 2 2 1 1 497 1154 1007
2232 2 2 1 1 1137 1464 673
2233 2 2 1 1 557 1238 1225
2234 2 2 1 1 297 1241 987
2235 2 2 1 1 870 1297 229
2236 2 2 1 1 1188 1684 295
2237 2 2 1 1 188 1757 1068
2238 2 2 1 1 772 1253 385
2239 2 2 1 1 876 1281 533
2240 2 2 1 1 155 1369 1324
2241 2 2 1 1 1361 1715 216
2242 2 2 1 1 173 1455 773
2243 2 2 1 1 501 1676 1092
2244 2 2 1 1 166 1456 922
2245 2 2 1 1 875 1590 345
2246 2 2 1 1 901 1759 211
2247 2 2 1 1 21 1332 871
2248 2 2 1 1 433 1433 824
2249 2 2 1 1 1186 1577 104
2250 2 2 1 1 500 1452 915
2251 2 2 1 1 1010 1754 281
2252 2 2 1 1 529 1413 933
2253 2 2 1 1 331 1758 878
2254 2 2 1 1 461 1294 938
2255 2 2 1 1 913 1361 216
2256 2 2 1 1 281 1754 925
2257 2 2 1 1 917 1111 443
2258 2 2 1 1 92 1314 91
2259 2 2 1 1 432 1360 777
2260 2 2 1 1 533 1674 876
2261 2 2 1 1 426 1426 936
2262 2 2 1 1 1041 1655 453
2263 2 2 1 1 172 1342 828
2264 2 2 1 1 793 1511 534
2265 2 2 1 1 846 1526 449
2266 2 2 1 1 1106 1170 490
2267 2 2 1 1 217 1661 919
2268 2 2 1 1 497 1519 880
2269 2 2 1 1 85 1559 1077
2270 2 2 1 1 1297 1648 939
2271 2 2 1 1 306 1545 788
2272 2 2 1 1 992 1144 409
2273 2 2 1 1 642 1638 786
2274 2 2 1 1 816 1478 387
2275 2 2 1 1 1041 1315 184
2276 2 2 1 1 844 1643 242
2277 2 2 1 1 482 1652 882
2278 2 2 1 1 493 1445 1021
2279 2 2 1 1 922 1456 526
2280 2 2 1 1 244 1187 966
2281 2 2 1 1 801 1420 205
2282 2 2 1 1 1287 1421 491
2283 2 2 1 1 407 1288 874
2284 2 2 1 1 1077 1662 748
2285 2 2 1 1 837 1665 81
2286 2 2 1 1 329 1514 735
2287 2 2 1 1 836 1374 216
2288 2 2 1 1 977 1257 523
2289 2 2 1 1 1225 1238 254
2290 2 2 1 1 1188 1560 368
2291 2 2 1 1 1474 1726 572
2292 2 2 1 1 882 1652 309
2293 2 2 1 1 776 1607 531
2294 2 2 1 1 453 1315 1041
2295 2 2 1 1 656 1457 1211
2296 2 2 1 1 931 1669 630
2297 2 2 1 1 405 1399 1305
2298 2 2 1 1 113 1538 112
2299 2 2 1 1 761 1538 113
2300 2 2 1 1 969 1508 94
2301 2 2 1 1 571 1608 958
2302 2 2 1 1 878 1758 555
2303 2 2 1 1 1098 1611 246
2304 2 2 1 1 544 1573 1346
2305 2 2 1 1 1039 1378 186
2306 2 2 1 1 730 1241 297
2307 2 2 1 1 260 1223 1012
2308 2 2 1 1 919 1516 472
2309 2 2 1 1 133 1334 132
2310 2 2 1 1 1144 1398 217
2311 2 2 1 1 473 1455 754
2312 2 2 1 1 435 1303 950
2313 2 2 1 1 831 1495 512
2314 2 2 1 1 977 1664 190
2315 2 2 1 1 778 1566 1505
2316 2 2 1 1 391 1525 1027
2317 2 2 1 1 498 1679 743
2318 2 2 1 1 1244 1286 184
2319 2 2 1 1 648 1361 1273
2320 2 2 1 1 1346 1615 326
2321 2 2 1 1 763 1433 1050
2322 2 2 1 1 325 1556 1203
2323 2 2 1 1 1210 1485 389
2324 2 2 1 1 268 1245 894
2325 2 2 1 1 781 1565 975
2326 2 2 1 1 966 1768 365
2327 2 2 1 1 381 1228 931
2328 2 2 1 1 447 1314 1160
2329 2 2 1 1 882 1632 442
2330 2 2 1 1 316 1417 754
2331 2 2 1 1 557 1628 959
2332 2 2 1 1 877 1475 467
2333 2 2 1 1 1236 1659 561
2334 2 2 1 1 894 1245 436
2335 2 2 1 1 923 1552 292
2336 2 2 1 1 1311 1725 215
2337 2 2 1 1 393 1170 1106
2338 2 2 1 1 637 1143 983
2339 2 2 1 1 1215 1219 251
2340 2 2 1 1 36 1139 35
2341 2 2 1 1 1506 1627 395
2342 2 2 1 1 395 1636 881
2343 2 2 1 1 872 1341 1337
2344 2 2 1 1 894 1296 268
2345 2 2 1 1 978 1370 608
2346 2 2 1 1 1078 1136 544
2347 2 2 1 1 455 1700 1191
2348 2 2 1 1 1196 1436 506
2349 2 2 1 1 857 1624 506
2350 2 2 1 1 1110 1248 248
2351 2 2 1 1 572 1726 1172
2352 2 2 1 1 987 1241 458
2353 2 2 1 1 994 1343 358
2354 2 2 1 1 864 1629 286
2355 2 2 1 1 915 1452 164
2356 2 2 1 1 267 1522 1026
2357 2 2 1 1 484 1428 1300
2358 2 2 1 1 224 1333 829
2359 2 2 1 1 1248 1336 248
2360 2 2 1 1 1012 1223 646
2361 2 2 1 1 907 1285 344
2362 2 2 1 1 996 1581 272
2363 2 2 1 1 800 1728 139
2364 2 2 1 1 117 1090 116
2365 2 2 1 1 1411 1673 603
2366 2 2 1 1 556 1532 1437
2367 2 2 1 1 430 1531 1441
2368 2 2 1 1 870 1256 314
2369 2 2 1 1 1407 1752 254
2370 2 2 1 1 615 1656 1206
2371 2 2 1 1 829 1586 551
2372 2 2 1 1 37 1660 36
2373 2 2 1 1 212 1381 704
2374 2 2 1 1 503 1104 963
2375 2 2 1 1 896 1487 207
2376 2 2 1 1 933 1574 437
2377 2 2 1 1 149 1264 148
2378 2 2 1 1 754 1455 173
2379 2 2 1 1 11 1108 10
2380 2 2 1 1 648 1715 1361
2381 2 2 1 1 883 1480 288
2382 2 2 1 1 291 1081 879
2383 2 2 1 1 382 1390 822
2384 2 2 1 1 934 1517 213
2385 2 2 1 1 375 1646 910
2386 2 2 1 1 1313 1539 520
2387 2 2 1 1 949 1554 473
2388 2 2 1 1 585 1481 1222
2389 2 2 1 1 1246 1305 571
2390 2 2 1 1 1159 1340 339
2391 2 2 1 1 1356 1540 700
2392 2 2 1 1 494 1432 1107
2393 2 2 1 1 213 1155 1109
2394 2 2 1 1 448 1296 894
2395 2 2 1 1 271 1301 1124
2396 2 2 1 1 460 1074 850
2397 2 2 1 1 1227 1468 199
2398 2 2 1 1 1130 1172 601
2399 2 2 1 1 174 1393 838
2400 2 2 1 1 1045 1209 549
2401 2 2 1 1 885 1594 490
2402 2 2 1 1 819 1435 548
2403 2 2 1 1 779 1682 205
2404 2 2 1 1 965 1304 696
2405 2 2 1 1 629 1378 1039
2406 2 2 1 1 504 1593 1587
2407 2 2 1 1 320 1047 1021
2408 2 2 1 1 450 1496 807
2409 2 2 1 1 46 1501 45
2410 2 2 1 1 496 1754 1010
2411 2 2 1 1 1273 1361 418
2412 2 2 1 1 955 1471 638
2413 2 2 1 1 255 1414 1382
2414 2 2 1 1 356 1663 858
2415 2 2 1 1 162 1766 883
2416 2 2 1 1 1325 1355 264
2417 2 2 1 1 887 1581 462
2418 2 2 1 1 551 1538 761
2419 2 2 1 1 405 1689 1399
2420 2 2 1 1 1195 1709 593
2421 2 2 1 1 339 1443 1370
2422 2 2 1 1 876 1674 355
2423 2 2 1 1 422 1347 1059
2424 2 2 1 1 357 1207 944
2425 2 2 1 1 106 1360 105
2426 2 2 1 1 413 1096 925
2427 2 2 1 1 492 1701 1447
2428 2 2 1 1 31 1229 30
2429 2 2 1 1 94 1508 93
2430 2 2 1 1 214 1554 949
2431 2 2 1 1 897 1238 434
2432 2 2 1 1 885 1763 1633
2433 2 2 1 1 1129 1336 454
2434 2 2 1 1 551 1724 829
2435 2 2 1 1 889 1622 261
2436 2 2 1 1 956 1385 461
2437 2 2 1 1 879 1763 291
2438 2 2 1 1 456 1298 774
2439 2 2 1 1 699 1751 1026
2440 2 2 1 1 1363 1436 569
2441 2 2 1 1 1096 1135 517
2442 2 2 1 1 925 1096 281
2443 2 2 1 1 925 1754 496
2444 2 2 1 1 1404 1750 256
2445 2 2 1 1 1021 1047 493
2446 2 2 1 1 395 1627 1049
2447 2 2 1 1 796 1554 214
2448 2 2 1 1 272 1581 1372
2449 2 2 1 1 810 1445 1165
2450 2 2 1 1 152 1354 151
2451 2 2 1 1 923 1593 504
2452 2 2 1 1 1323 1398 669
2453 2 2 1 1 1211 1457 160
2454 2 2 1 1 286 1629 851
2455 2 2 1 1 298 1634 1136
2456 2 2 1 1 1505 1566 487
2457 2 2 1 1 1052 1307 111
2458 2 2 1 1 341 1411 1184
2459 2 2 1 1 508 1620 834
2460 2 2 1 1 61 1196 60
2461 2 2 1 1 453 1497 1145
2462 2 2 1 1 30 1229 1094
2463 2 2 1 1 1184 1411 603
2464 2 2 1 1 1099 1227 403
2465 2 2 1 1 894 1374 448
2466 2 2 1 1 1475 1658 695
2467 2 2 1 1 505 1213 1133
2468 2 2 1 1 163 1247 1007
2469 2 2 1 1 699 1558 1418
2470 2 2 1 1 941 1531 430
2471 2 2 1 1 216 1715 836
2472 2 2 1 1 29 1271 28
2473 2 2 1 1 1529 1596 658
2474 2 2 1 1 788 1334 133
2475 2 2 1 1 827 1625 1169
2476 2 2 1 1 437 1574 1405
2477 2 2 1 1 1199 1217 521
2478 2 2 1 1 582 1355 1325
2479 2 2 1 1 657 1512 996
2480 2 2 1 1 12 1309 11
2481 2 2 1 1 430 1672 941
2482 2 2 1 1 504 1552 923
2483 2 2 1 1 16 1157 15
2484 2 2 1 1 1137 1677 611
2485 2 2 1 1 1157 1416 806
2486 2 2 1 1 1187 1291 597
2487 2 2 1 1 580 1535 1108
2488 2 2 1 1 312 1511 793
2489 2 2 1 1 826 1501 46
2490 2 2 1 1 945 1302 736
2491 2 2 1 1 205 1420 779
2492 2 2 1 1 1109 1155 598
2493 2 2 1 1 1217 1339 411
2494 2 2 1 1 446 1243 1242
2495 2 2 1 1 507 1214 1141
2496 2 2 1 1 77 1461 76
2497 2 2 1 1 322 1172 1130
2498 2 2 1 1 147 1507 1102
2499 2 2 1 1 1093 1501 429
2500 2 2 1 1 58 1298 57
2501 2 2 1 1 1444 1718 265
2502 2 2 1 1 817 1230 463
2503 2 2 1 1 522 1610 975
2504 2 2 1 1 278 1389 1038
2505 2 2 1 1 804 1684 596
2506 2 2 1 1 1094 1271 29
2507 2 2 1 1 1080 1646 661
2508 2 2 1 1 1155 1253 598
2509 2 2 1 1 737 1709 1195
2510 2 2 1 1 127 1570 1394
2511 2 2 1 1 1133 1213 231
2512 2 2 1 1 1032 1383 394
2513 2 2 1 1 880 1519 212
2514 2 2 1 1 800 1516 294
2515 2 2 1 1 1225 1752 425
2516 2 2 1 1 1153 1176 424
2517 2 2 1 1 596 1684 1188
2518 2 2 1 1 601 1726 1011
2519 2 2 1 1 405 1305 1246
2520 2 2 1 1 669 1144 992
2521 2 2 1 1 239 1627 895
2522 2 2 1 1 1232 1450 539
2523 2 2 1 1 1264 1507 148
2524 2 2 1 1 175 1170 1061
2525 2 2 1 1 849 1446 62
2526 2 2 1 1 522 1382 837
2527 2 2 1 1 127 1394 126
2528 2 2 1 1 1290 1740 238
2529 2 2 1 1 1108 1362 10
2530 2 2 1 1 487 1759 901
2531 2 2 1 1 103 1577 817
2532 2 2 1 1 1444 1734 530
2533 2 2 1 1 1290 1378 629
2534 2 2 1 1 541 1291 1187
2535 2 2 1 1 1016 1482 662
2536 2 2 1 1 1306 1356 700
2537 2 2 1 1 938 1261 461
2538 2 2 1 1 1141 1214 429
2539 2 2 1 1 143 1756 142
2540 2 2 1 1 1001 1144 217
2541 2 2 1 1 754 1574 316
2542 2 2 1 1 886 1429 470
2543 2 2 1 1 535 1250 1125
2544 2 2 1 1 675 1560 1188
2545 2 2 1 1 251 1701 811
2546 2 2 1 1 185 1474 924
2547 2 2 1 1 954 1366 480
2548 2 2 1 1 811 1701 492
2549 2 2 1 1 574 1468 1227
2550 2 2 1 1 320 1482 1016
2551 2 2 1 1 328 1429 886
2552 2 2 1 1 1565 1598 255
2553 2 2 1 1 740 1397 990
2554 2 2 1 1 537 1584 907
2555 2 2 1 1 145 1320 144
2556 2 2 1 1 392 1467 1017
2557 2 2 1 1 1278 1727 723
2558 2 2 1 1 1145 1668 453
2559 2 2 1 1 807 1496 305
2560 2 2 1 1 237 1542 937
2561 2 2 1 1 246 1611 1058
2562 2 2 1 1 355 1674 988
2563 2 2 1 1 609 1485 1210
2564 2 2 1 1 494 1583 899
2565 2 2 1 1 285 1658 1475
2566 2 2 1 1 1007 1247 468
2567 2 2 1 1 834 1620 240
2568 2 2 1 1 228 1322 968
2569 2 2 1 1 264 1355 920
2570 2 2 1 1 1418 1558 177
2571 2 2 1 1 193 1258 1076
2572 2 2 1 1 1050 1264 149
2573 2 2 1 1 892 1365 425
2574 2 2 1 1 523 1664 977
2575 2 2 1 1 390 1626 1056
2576 2 2 1 1 895 1627 500
2577 2 2 1 1 413 1135 1096
2578 2 2 1 1 545 1219 1215
2579 2 2 1 1 284 1727 1278
2580 2 2 1 1 569 1436 1196
2581 2 2 1 1 861 1566 178
2582 2 2 1 1 1306 1675 273
2583 2 2 1 1 1394 1570 716
2584 2 2 1 1 1324 1369 602
2585 2 2 1 1 465 1546 918
2586 2 2 1 1 1048 1216 371
2587 2 2 1 1 918 1746 427
2588 2 2 1 1 234 1747 1253
2589 2 2 1 1 474 1395 947
2590 2 2 1 1 1195 1615 737
2591 2 2 1 1 882 1534 160
2592 2 2 1 1 863 1463 1124
2593 2 2 1 1 1246 1450 405
2594 2 2 1 1 680 1465 1376
2595 2 2 1 1 592 1707 1075
2596 2 2 1 1 947 1395 108
2597 2 2 1 1 487 1566 861
2598 2 2 1 1 597 1291 1266
2599 2 2 1 1 622 1458 1249
2600 2 2 1 1 813 1747 1277
2601 2 2 1 1 1026 1722 267
2602 2 2 1 1 1292 1464 274
2603 2 2 1 1 1226 1248 542
2604 2 2 1 1 138 1728 840
2605 2 2 1 1 148 1507 147
2606 2 2 1 1 20 1353 1035
2607 2 2 1 1 525 1515 972
2608 2 2 1 1 605 1304 965
2609 2 2 1 1 318 1697 850
2610 2 2 1 1 481 1736 919
2611 2 2 1 1 967 1364 480
2612 2 2 1 1 881 1636 201
2613 2 2 1 1 124 1631 123
2614 2 2 1 1 990 1397 424
2615 2 2 1 1 1511 1526 846
2616 2 2 1 1 838 1393 418
2617 2 2 1 1 667 1216 1048
2618 2 2 1 1 982 1162 641
2619 2 2 1 1 851 1562 286
2620 2 2 1 1 541 1463 863
2621 2 2 1 1 940 1408 411
2622 2 2 1 1 700 1675 1306
2623 2 2 1 1 991 1462 204
2624 2 2 1 1 254 1238 897
2625 2 2 1 1 362 1738 884
2626 2 2 1 1 496 1470 925
2627 2 2 1 1 908 1736 481
2628 2 2 1 1 427 1746 1198
2629 2 2 1 1 905 1326 349
2630 2 2 1 1 327 1365 892
2631 2 2 1 1 918 1708 293
2632 2 2 1 1 987 1678 297
2633 2 2 1 1 274 1367 1292
2634 2 2 1 1 427 1708 918
2635 2 2 1 1 819 1412 424
2636 2 2 1 1 549 1378 1290
2637 2 2 1 1 1003 1230 252
2638 2 2 1 1 1370 1443 608
2639 2 2 1 1 33 1391 32
2640 2 2 1 1 1030 1481 257
2641 2 2 1 1 985 1702 1341
2642 2 2 1 1 22 1332 21
2643 2 2 1 1 557 1225 1152
2644 2 2 1 1 454 1248 1226
2645 2 2 1 1 1218 1506 395
2646 2 2 1 1 1268 1519 497
2647 2 2 1 1 1046 1280 427
2648 2 2 1 1 316 1574 933
2649 2 2 1 1 884 1729 165
2650 2 2 1 1 995 1510 438
2651 2 2 1 1 566 1524 1014
2652 2 2 1 1 180 1470 1072
2653 2 2 1 1 1108 1309 580
2654 2 2 1 1 1277 1747 234
2655 2 2 1 1 1011 1726 185
2656 2 2 1 1 652 1704 986
2657 2 2 1 1 1303 1723 950
2658 2 2 1 1 854 1667 469
2659 2 2 1 1 11 1309 1108
2660 2 2 1 1 204 1568 991
2661 2 2 1 1 1025 1710 362
2662 2 2 1 1 873 1613 164
2663 2 2 1 1 495 1561 1004
2664 2 2 1 1 1194 1245 576
2665 2 2 1 1 869 1342 172
2666 2 2 1 1 897 1686 602
2667 2 2 1 1 18 1100 17
2668 2 2 1 1 713 1506 1218
2669 2 2 1 1 707 1706 1235
2670 2 2 1 1 385 1253 1155
2671 2 2 1 1 267 1681 1522
2672 2 2 1 1 692 1589 1536
2673 2 2 1 1 1020 1284 740
2674 2 2 1 1 102 1352 101
2675 2 2 1 1 425 1365 1152
2676 2 2 1 1 1272 1324 631
2677 2 2 1 1 972 1515 177
2678 2 2 1 1 1014 1319 489
2679 2 2 1 1 1016 1388 420
2680 2 2 1 1 438 1510 1259
2681 2 2 1 1 521 1217 1178
2682 2 2 1 1 377 1767 1255
2683 2 2 1 1 260 1435 1176
2684 2 2 1 1 234 1667 854
2685 2 2 1 1 1051 1491 98
2686 2 2 1 1 1376 1465 451
2687 2 2 1 1 548 1435 1012
2688 2 2 1 1 534 1511 846
2689 2 2 1 1 981 1425 208
2690 2 2 1 1 98 1491 97
2691 2 2 1 1 407 1725 893
2692 2 2 1 1 520 1743 1313
2693 2 2 1 1 457 1398 1323
2694 2 2 1 1 1337 1341 399
2695 2 2 1 1 915 1647 354
2696 2 2 1 1 536 1336 1129
2697 2 2 1 1 301 1749 893
2698 2 2 1 1 1203 1668 325
2699 2 2 1 1 230 1400 886
2700 2 2 1 1 1633 1763 516
2701 2 2 1 1 917 1100 441
2702 2 2 1 1 1010 1520 496
2703 2 2 1 1 990 1412 50
2704 2 2 1 1 458 1241 1057
2705 2 2 1 1 1152 1225 425
2706 2 2 1 1 1266 1768 597
2707 2 2 1 1 919 1736 1516
2708 2 2 1 1 647 1635 1036
2709 2 2 1 1 1347 1696 1059
2710 2 2 1 1 369 1721 869
2711 2 2 1 1 364 1592 1182
2712 2 2 1 1 128 1570 127
2713 2 2 1 1 542 1248 1110
2714 2 2 1 1 442 1534 882
2715 2 2 1 1 227 1540 1356
2716 2 2 1 1 941 1672 6
2717 2 2 1 1 227 1748 1148
2718 2 2 1 1 466 1563 1410
2719 2 2 1 1 516 1763 879
2720 2 2 1 1 232 1359 1055
2721 2 2 1 1 901 1505 487
2722 2 2 1 1 1012 1435 260
2723 2 2 1 1 488 1559 940
2724 2 2 1 1 798 1742 1257
2725 2 2 1 1 947 1569 474
2726 2 2 1 1 586 1440 1076
2727 2 2 1 1 83 1387 82
2728 2 2 1 1 943 1405 173
2729 2 2 1 1 208 1690 1182
2730 2 2 1 1 1366 1635 647
2731 2 2 1 1 401 1231 999
2732 2 2 1 1 1004 1541 495
2733 2 2 1 1 1410 1563 684
2734 2 2 1 1 443 1416 1157
2735 2 2 1 1 884 1738 416
2736 2 2 1 1 372 1427 1134
2737 2 2 1 1 196 1120 983
2738 2 2 1 1 1267 1695 379
2739 2 2 1 1 415 1261 938
2740 2 2 1 1 660 1676 1493
2741 2 2 1 1 213 1517 930
2742 2 2 1 1 1305 1399 214
2743 2 2 1 1 880 1365 327
2744 2 2 1 1 581 1434 1028
2745 2 2 1 1 1003 1492 463
2746 2 2 1 1 363 1671 927
2747 2 2 1 1 660 1493 1327
2748 2 2 1 1 840 1728 800
2749 2 2 1 1 1405 1574 754
2750 2 2 1 1 321 1505 901
2751 2 2 1 1 1552 1694 794
2752 2 2 1 1 1178 1217 411
2753 2 2 1 1 463 1230 1003
2754 2 2 1 1 546 1464 1292
2755 2 2 1 1 950 1723 573
2756 2 2 1 1 1134 1427 563
2757 2 2 1 1 1160 1314 92
2758 2 2 1 1 606 1425 981
2759 2 2 1 1 386 1380 989
2760 2 2 1 1 975 1565 255
2761 2 2 1 1 164 1613 915
2762 2 2 1 1 1053 1673 868
2763 2 2 1 1 1316 1734 265
2764 2 2 1 1 473 1554 1453
2765 2 2 1 1 578 1409 1275
2766 2 2 1 1 991 1568 414
2767 2 2 1 1 18 1712 1100
2768 2 2 1 1 540 1580 932
2769 2 2 1 1 578 1722 1026
2770 2 2 1 1 324 1537 1209
2771 2 2 1 1 248 1619 1396
2772 2 2 1 1 662 1482 1373
2773 2 2 1 1 873 1732 486
2774 2 2 1 1 1023 1576 56
2775 2 2 1 1 14 1731 13
2776 2 2 1 1 1292 1367 509
2777 2 2 1 1 1228 1669 931
2778 2 2 1 1 108 1395 107
2779 2 2 1 1 130 1640 129
2780 2 2 1 1 402 1481 1030
2781 2 2 1 1 616 1702 985
2782 2 2 1 1 481 1513 1082
2783 2 2 1 1 1453 1554 796
2784 2 2 1 1 1536 1589 157
2785 2 2 1 1 1366 1521 480
2786 2 2 1 1 531 1719 1564
2787 2 2 1 1 509 1404 1292
2788 2 2 1 1 886 1400 651
2789 2 2 1 1 228 1520 1322
2790 2 2 1 1 1028 1579 243
2791 2 2 1 1 420 1388 1033
2792 2 2 1 1 1192 1621 446
2793 2 2 1 1 72 1541 1004
2794 2 2 1 1 259 1319 1014
2795 2 2 1 1 1103 1548 183
2796 2 2 1 1 944 1564 357
2797 2 2 1 1 951 1442 445
2798 2 2 1 1 1203 1556 653
2799 2 2 1 1 433 1264 1050
2800 2 2 1 1 890 1707 1317
2801 2 2 1 1 1005 1645 471
2802 2 2 1 1 144 1320 936
2803 2 2 1 1 1441 1683 738
2804 2 2 1 1 438 1490 1122
2805 2 2 1 1 1345 1630 482
2806 2 2 1 1 1165 1445 493
2807 2 2 1 1 1318 1730 778
2808 2 2 1 1 1599 1759 487
2809 2 2 1 1 80 1665 1262
2810 2 2 1 1 583 1576 1023
2811 2 2 1 1 251 1219 867
2812 2 2 1 1 867 1219 419
2813 2 2 1 1 219 1639 1060
2814 2 2 1 1 1356 1748 227
2815 2 2 1 1 486 1613 873
2816 2 2 1 1 1057 1241 730
2817 2 2 1 1 502 1491 1051
2818 2 2 1 1 507 1141 1022
2819 2 2 1 1 1102 1507 594
2820 2 2 1 1 125 1406 976
2821 2 2 1 1 259 1524 856
2822 2 2 1 1 17 1100 917
2823 2 2 1 1 264 1426 1325
2824 2 2 1 1 1344 1601 337
2825 2 2 1 1 1373 1482 623
2826 2 2 1 1 1075 1400 230
2827 2 2 1 1 1108 1535 565
2828 2 2 1 1 1022 1141 333
2829 2 2 1 1 1014 1524 259
2830 2 2 1 1 56 1576 55
2831 2 2 1 1 1237 1434 809
2832 2 2 1 1 936 1426 627
2833 2 2 1 1 1017 1725 407
2834 2 2 1 1 521 1335 1199
2835 2 2 1 1 893 1749 407
2836 2 2 1 1 1076 1440 193
2837 2 2 1 1 1027 1525 478
2838 2 2 1 1 424 1397 1153
2839 2 2 1 1 723 1720 953
2840 2 2 1 1 240 1339 1217
2841 2 2 1 1 342 1607 1591
2842 2 2 1 1 436 1460 894
2843 2 2 1 1 501 1678 987
2844 2 2 1 1 628 1270 1142
2845 2 2 1 1 452 1284 1020
2846 2 2 1 1 1666 1745 792
2847 2 2 1 1 76 1461 1066
2848 2 2 1 1 983 1120 471
2849 2 2 1 1 1094 1229 439
2850 2 2 1 1 647 1521 1366
2851 2 2 1 1 927 1585 363
2852 2 2 1 1 475 1402 1086
2853 2 2 1 1 1266 1291 176
2854 2 2 1 1 436 1245 1194
2855 2 2 1 1 802 1759 1599
2856 2 2 1 1 1214 1692 429
2857 2 2 1 1 640 1389 1086
2858 2 2 1 1 312 1526 1511
2859 2 2 1 1 204 1462 980
2860 2 2 1 1 27 1454 26
2861 2 2 1 1 537 1739 1256
2862 2 2 1 1 970 1660 37
2863 2 2 1 1 1604 1769 559
2864 2 2 1 1 598 1688 1109
2865 2 2 1 1 574 1227 1099
2866 2 2 1 1 565 1362 1108
2867 2 2 1 1 621 1380 1112
2868 2 2 1 1 514 1597 856
2869 2 2 1 1 1333 1586 829
2870 2 2 1 1 1327 1493 223
2871 2 2 1 1 255 1598 1414
2872 2 2 1 1 561 1439 1169
2873 2 2 1 1 380 1451 1047
2874 2 2 1 1 454 1336 1248
2875 2 2 1 1 937 1542 400
2876 2 2 1 1 248 1396 1110
2877 2 2 1 1 856 1597 259
2878 2 2 1 1 64 1616 63
2879 2 2 1 1 1124 1463 271
2880 2 2 1 1 435 1311 1269
2881 2 2 1 1 1152 1628 557
2882 2 2 1 1 1069 1719 619
2883 2 2 1 1 1424 1549 499
2884 2 2 1 1 519 1730 1318
2885 2 2 1 1 1278 1479 415
2886 2 2 1 1 1259 1490 438
2887 2 2 1 1 215 1725 1017
2888 2 2 1 1 340 1423 1002
2889 2 2 1 1 513 1648 1044
2890 2 2 1 1 1182 1592 554
2891 2 2 1 1 1199 1335 445
2892 2 2 1 1 105 1360 1186
2893 2 2 1 1 252 1602 1003
2894 2 2 1 1 1300 1603 484
2895 2 2 1 1 439 1271 1094
2896 2 2 1 1 677 1650 1473
2897 2 2 1 1 741 1303 1269
2898 2 2 1 1 1591 1607 776
2899 2 2 1 1 668 1710 1025
2900 2 2 1 1 1492 1510 703
2901 2 2 1 1 953 1720 296
2902 2 2 1 1 538 1301 1247
2903 2 2 1 1 1033 1650 308
2904 2 2 1 1 1136 1634 544
2905 2 2 1 1 1119 1460 436
2906 2 2 1 1 1067 1334 511
2907 2 2 1 1 1249 1458 275
2908 2 2 1 1 416 1553 1299
2909 2 2 1 1 936 1320 426
2910 2 2 1 1 682 1668 1203
2911 2 2 1 1 1028 1434 378
2912 2 2 1 1 772 1601 1344
2913 2 2 1 1 1063 1717 201
2914 2 2 1 1 486 1732 934
2915 2 2 1 1 212 1628 1152
2916 2 2 1 1 1372 1653 272
2917 2 2 1 1 26 1454 971
2918 2 2 1 1 577 1745 1666
2919 2 2 1 1 967 1463 541
2920 2 2 1 1 1256 1739 768
2921 2 2 1 1 1043 1431 397
2922 2 2 1 1 447 1356 1306
2923 2 2 1 1 1498 1536 528
2924 2 2 1 1 1258 1638 642
2925 2 2 1 1 1030 1765 575
2926 2 2 1 1 967 1521 271
2927 2 2 1 1 617 1603 1300
2928 2 2 1 1 1142 1270 200
2929 2 2 1 1 980 1462 600
2930 2 2 1 1 1044 1648 398
2931 2 2 1 1 1339 1504 488
2932 2 2 1 1 243 1579 1106
2933 2 2 1 1 504 1694 1552
2934 2 2 1 1 139 1728 138
2935 2 2 1 1 250 1680 1357
2936 2 2 1 1 214 1399 1299
2937 2 2 1 1 1077 1559 488
2938 2 2 1 1 1457 1651 517
2939 2 2 1 1 450 1213 1193
2940 2 2 1 1 548 1762 1042
2941 2 2 1 1 444 1527 1262
2942 2 2 1 1 1066 1461 476
2943 2 2 1 1 1218 1722 713
2944 2 2 1 1 1639 1702 616
2945 2 2 1 1 490 1594 1106
2946 2 2 1 1 1049 1544 712
2947 2 2 1 1 142 1756 1118
2948 2 2 1 1 667 1653 1372
2949 2 2 1 1 293 1567 1146
2950 2 2 1 1 460 1681 881
2951 2 2 1 1 449 1526 1083
2952 2 2 1 1 578 1751 1409
2953 2 2 1 1 1091 1767 377
2954 2 2 1 1 495 1541 1046
2955 2 2 1 1 431 1522 1055
2956 2 2 1 1 1112 1380 386
2957 2 2 1 1 1392 1444 530
2958 2 2 1 1 993 1496 450
2959 2 2 1 1 1695 1717 527
2960 2 2 1 1 1287 1623 228
2961 2 2 1 1 1247 1301 468
2962 2 2 1 1 590 1531 941
2963 2 2 1 1 1159 1664 523
2964 2 2 1 1 202 1635 1366
2965 2 2 1 1 1140 1653 586
2966 2 2 1 1 971 1454 514
2967 2 2 1 1 55 1576 1084
2968 2 2 1 1 297 1741 1533
2969 2 2 1 1 45 1501 1093
2970 2 2 1 1 263 1450 1246
2971 2 2 1 1 1146 1567 476
2972 2 2 1 1 703 1510 995
2973 2 2 1 1 699 1418 1358
2974 2 2 1 1 1050 1433 433
2975 2 2 1 1 929 1700 455
2976 2 2 1 1 476 1567 1066
2977 2 2 1 1 398 1648 1297
2978 2 2 1 1 1078 1346 326
2979 2 2 1 1 506 1624 1006
2980 2 2 1 1 645 1595 1367
2981 2 2 1 1 1209 1537 549
2982 2 2 1 1 1613 1647 915
2983 2 2 1 1 410 1688 1147
2984 2 2 1 1 1073 1546 465
2985 2 2 1 1 1135 1377 517
2986 2 2 1 1 544 1346 1078
2987 2 2 1 1 1158 1478 816
2988 2 2 1 1 1421 1509 491
2989 2 2 1 1 706 1768 1266
2990 2 2 1 1 1367 1595 509
2991 2 2 1 1 508 1548 1103
2992 2 2 1 1 790 1699 1175
2993 2 2 1 1 1068 1600 756
2994 2 2 1 1 478 1770 1027
2995 2 2 1 1 1182 1690 783
2996 2 2 1 1 1448 1450 263
2997 2 2 1 1 412 1307 1052
2998 2 2 1 1 723 1479 1278
2999 2 2 1 1 1202 1672 430
3000 2 2 1 1 483 1428 1164
3001 2 2 1 1 267 1722 1218
3002 2 2 1 1 1053 1466 603
3003 2 2 1 1 1301 1528 468
3004 2 2 1 1 424 1412 990
3005 2 2 1 1 620 1177 1085
3006 2 2 1 1 1106 1594 243
3007 2 2 1 1 290 1510 1492
3008 2 2 1 1 1055 1359 431
3009 2 2 1 1 132 1334 1067
3010 2 2 1 1 881 1681 1218
3011 2 2 1 1 1161 1563 466
3012 2 2 1 1 1269 1303 435
3013 2 2 1 1 1086 1389 278
3014 2 2 1 1 725 1717 1695
3015 2 2 1 1 960 1607 342
3016 2 2 1 1 1059 1696 560
3017 2 2 1 1 723 1727 1720
3018 2 2 1 1 1003 1602 525
3019 2 2 1 1 89 1379 1019
3020 2 2 1 1 365 1768 1371
3021 2 2 1 1 1295 1469 688
3022 2 2 1 1 1047 1451 493
3023 2 2 1 1 257 1765 1030
3024 2 2 1 1 1304 1483 696
3025 2 2 1 1 1153 1397 287
3026 2 2 1 1 725 1695 1267
3027 2 2 1 1 1399 1689 577
3028 2 2 1 1 1473 1650 560
3029 2 2 1 1 1002 1423 421
3030 2 2 1 1 416 1729 884
3031 2 2 1 1 420 1733 1016
3032 2 2 1 1 187 1723 1303
3033 2 2 1 1 1060 1639 616
3034 2 2 1 1 1012 1762 548
3035 2 2 1 1 446 1621 1243
3036 2 2 1 1 1175 1699 383
3037 2 2 1 1 1035 1458 622
3038 2 2 1 1 1193 1213 505
3039 2 2 1 1 1369 1407 602
3040 2 2 1 1 1317 1707 592
3041 2 2 1 1 243 1633 1183
3042 2 2 1 1 1299 1399 577
3043 2 2 1 1 786 1638 1048
3044 2 2 1 1 1060 1652 482
3045 2 2 1 1 621 1718 1095
3046 2 2 1 1 1019 1379 553
3047 2 2 1 1 1427 1540 563
3048 2 2 1 1 1285 1584 423
3049 2 2 1 1 1143 1563 196
3050 2 2 1 1 486 1647 1613
3051 2 2 1 1 1198 1746 221
3052 2 2 1 1 480 1521 967
3053 2 2 1 1 430 1484 1202
3054 2 2 1 1 1386 1547 606
3055 2 2 1 1 656 1651 1457
3056 2 2 1 1 1120 1562 471
3057 2 2 1 1 489 1533 1014
3058 2 2 1 1 939 1648 513
3059 2 2 1 1 1068 1603 188
3060 2 2 1 1 1089 1571 465
3061 2 2 1 1 323 1489 1206
3062 2 2 1 1 1056 1626 233
3063 2 2 1 1 1516 1736 294
3064 2 2 1 1 1092 1676 413
3065 2 2 1 1 503 1444 1392
3066 2 2 1 1 622 1712 1035
3067 2 2 1 1 191 1483 1304
3068 2 2 1 1 1212 1639 219
3069 2 2 1 1 531 1607 960
3070 2 2 1 1 271 1463 967
3071 2 2 1 1 462 1407 1369
3072 2 2 1 1 515 1458 1035
3073 2 2 1 1 1023 1298 456
3074 2 2 1 1 289 1523 1442
3075 2 2 1 1 1315 1668 682
3076 2 2 1 1 378 1434 1237
3077 2 2 1 1 1060 1630 219
3078 2 2 1 1 1075 1707 382
3079 2 2 1 1 547 1409 1064
3080 2 2 1 1 1109 1688 410
3081 2 2 1 1 867 1701 251
3082 2 2 1 1 1521 1528 271
3083 2 2 1 1 527 1717 1063
3084 2 2 1 1 1537 1735 549
3085 2 2 1 1 684 1563 1143
3086 2 2 1 1 447 1748 1356
3087 2 2 1 1 1183 1633 516
3088 2 2 1 1 692 1536 1498
3089 2 2 1 1 187 1649 1260
3090 2 2 1 1 432 1577 1186
3091 2 2 1 1 174 1679 1149
3092 2 2 1 1 1021 1482 320
3093 2 2 1 1 295 1684 1385
3094 2 2 1 1 484 1603 1068
3095 2 2 1 1 1415 1649 187
3096 2 2 1 1 1218 1681 267
3097 2 2 1 1 695 1658 1437
3098 2 2 1 1 541 1761 967
3099 2 2 1 1 1013 1571 183
3100 2 2 1 1 1048 1638 193
3101 2 2 1 1 1015 1476 784
3102 2 2 1 1 805 1560 1348
3103 2 2 1 1 1206 1489 615
3104 2 2 1 1 609 1618 1485
3105 2 2 1 1 586 1653 1440
3106 2 2 1 1 1252 1733 420
3107 2 2 1 1 1035 1712 19
3108 2 2 1 1 623 1482 1021
3109 2 2 1 1 193 1638 1258
3110 2 2 1 1 1084 1576 583
3111 2 2 1 1 1035 1353 515
3112 2 2 1 1 1149 1679 498
3113 2 2 1 1 160 1534 1211
3114 2 2 1 1 1212 1694 504
3115 2 2 1 1 518 1693 1166
3116 2 2 1 1 1208 1584 537
3117 2 2 1 1 1098 1582 745
3118 2 2 1 1 1330 1345 482
3119 2 2 1 1 560 1650 1033
3120 2 2 1 1 623 1642 1373
3121 2 2 1 1 670 1345 1330
3122 2 2 1 1 208 1425 1338
3123 2 2 1 1 603 1673 1053
3124 2 2 1 1 465 1571 1013
3125 2 2 1 1 1027 1770 176
3126 2 2 1 1 233 1626 1180
3127 2 2 1 1 341 1555 1128
3128 2 2 1 1 544 1634 1573
3129 2 2 1 1 988 1556 325
3130 2 2 1 1 470 1431 1043
3131 2 2 1 1 719 1572 1251
3132 2 2 1 1 523 1742 1368
3133 2 2 1 1 1085 1177 258
3134 2 2 1 1 240 1504 1339
3135 2 2 1 1 57 1298 1023
3136 2 2 1 1 907 1584 1285
3137 2 2 1 1 423 1584 1208
3138 2 2 1 1 1371 1768 706
3139 2 2 1 1 566 1741 1126
3140 2 2 1 1 778 1730 1566
3141 2 2 1 1 219 1694 1212
3142 2 2 1 1 1212 1587 399
3143 2 2 1 1 556 1658 1657
3144 2 2 1 1 1273 1328 648
3145 2 2 1 1 1087 1623 491
3146 2 2 1 1 550 1656 1061
3147 2 2 1 1 196 1563 1161
3148 2 2 1 1 1442 1523 834
3149 2 2 1 1 967 1761 1364
3150 2 2 1 1 1300 1428 269
3151 2 2 1 1 1348 1560 675
3152 2 2 1 1 1473 1696 279
3153 2 2 1 1 1423 1612 421
3154 2 2 1 1 519 1478 1158
3155 2 2 1 1 1122 1490 232
3156 2 2 1 1 1148 1748 654
3157 2 2 1 1 526 1659 1236
3158 2 2 1 1 504 1587 1212
3159 2 2 1 1 469 1469 1295
3160 2 2 1 1 308 1650 1384
3161 2 2 1 1 1072 1470 496
3162 2 2 1 1 1191 1700 262
3163 2 2 1 1 256 1557 1404
3164 2 2 1 1 979 1770 478
3165 2 2 1 1 1064 1409 283
3166 2 2 1 1 279 1696 1347
3167 2 2 1 1 482 1630 1060
3168 2 2 1 1 1026 1751 578
3169 2 2 1 1 665 1585 1181
3170 2 2 1 1 560 1696 1473
3171 2 2 1 1 1344 1667 772
3172 2 2 1 1 476 1598 1146
3173 2 2 1 1 551 1586 1052
3174 2 2 1 1 471 1645 983
3175 2 2 1 1 1061 1656 175
3176 2 2 1 1 1657 1658 285
3177 2 2 1 1 277 1377 1135
3178 2 2 1 1 238 1740 1235
3179 2 2 1 1 577 1666 1299
3180 2 2 1 1 488 1662 1077
3181 2 2 1 1 272 1653 1140
3182 2 2 1 1 1118 1756 627
3183 2 2 1 1 1161 1671 679
3184 2 2 1 1 270 1669 1228
3185 2 2 1 1 1299 1666 416
3186 2 2 1 1 676 1519 1268
3187 2 2 1 1 1259 1510 290
3188 2 2 1 1 492 1447 1415
3189 2 2 1 1 1258 1606 568
3190 2 2 1 1 539 1450 1448
3191 2 2 1 1 1126 1543 566
3192 2 2 1 1 1257 1742 523
3193 2 2 1 1 1441 1531 253
3194 2 2 1 1 1566 1730 178
3195 2 2 1 1 1431 1494 663
3196 2 2 1 1 1113 1715 648
3197 2 2 1 1 1138 1692 245
3198 2 2 1 1 792 1729 1666
3199 2 2 1 1 1448 1449 539
3200 2 2 1 1 1112 1718 621
3201 2 2 1 1 219 1630 1000
3202 2 2 1 1 549 1735 1378
3203 2 2 1 1 1573 1634 674
3204 2 2 1 1 249 1328 1273
3205 2 2 1 1 588 1692 1138
3206 2 2 1 1 700 1540 1427
3207 2 2 1 1 533 1556 988
3208 2 2 1 1 1452 1506 713
3209 2 2 1 1 1180 1626 543
3210 2 2 1 1 1230 1605 252
3211 2 2 1 1 1235 1706 605
3212 2 2 1 1 1166 1693 206
3213 2 2 1 1 1169 1625 561
3214 2 2 1 1 988 1674 533
3215 2 2 1 1 500 1506 1452
3216 2 2 1 1 1275 1409 547
3217 2 2 1 1 1384 1650 677
3218 2 2 1 1 1437 1658 556
3219 2 2 1 1 1171 1744 203
3220 2 2 1 1 498 1555 1149
3221 2 2 1 1 317 1476 1015
3222 2 2 1 1 517 1651 1096
3223 2 2 1 1 587 1449 1448
3224 2 2 1 1 692 1582 1098
3225 2 2 1 1 815 1743 1619
3226 2 2 1 1 1364 1761 244
3227 2 2 1 1 1614 1758 767
3228 2 2 1 1 1379 1588 553
3229 2 2 1 1 1277 1663 813
3230 2 2 1 1 1186 1360 432
3231 2 2 1 1 481 1661 1513
3232 2 2 1 1 282 1547 1386
3233 2 2 1 1 191 1512 1483
3234 2 2 1 1 325 1668 1145
3235 2 2 1 1 1666 1729 416
3236 2 2 1 1 1720 1727 618
3237 2 2 1 1 180 1543 1126
3238 2 2 1 1 1486 1487 896
3239 2 2 1 1 1504 1620 757
3240 2 2 1 1 885 1633 1594
3241 2 2 1 1 478 1525 1289
3242 2 2 1 1 1513 1661 909
3243 2 2 1 1 1368 1742 226
3244 2 2 1 1 387 1478 1167
3245 2 2 1 1 1126 1678 501
3246 2 2 1 1 642 1606 1258
3247 2 2 1 1 729 1612 1423
3248 2 2 1 1 1096 1651 281
3249 2 2 1 1 1458 1670 275
3250 2 2 1 1 265 1718 1112
3251 2 2 1 1 1283 1734 456
3252 2 2 1 1 1081 1687 518
3253 2 2 1 1 1568 1596 782
3254 2 2 1 1 556 1657 1575
3255 2 2 1 1 204 1596 1568
3256 2 2 1 1 1498 1582 692
3257 2 2 1 1 1253 1747 598
3258 2 2 1 1 1546 1746 918
3259 2 2 1 1 1052 1586 412
3260 2 2 1 1 1422 1755 625
3261 2 2 1 1 232 1490 1359
3262 2 2 1 1 470 1494 1431
3263 2 2 1 1 1236 1625 236
3264 2 2 1 1 5 1672 1202
3265 2 2 1 1 1349 1605 777
3266 2 2 1 1 300 1582 1498
3267 2 2 1 1 240 1620 1504
3268 2 2 1 1 1234 1432 494
3269 2 2 1 1 1575 1657 624
3270 2 2 1 1 90 1588 1379
3271 2 2 1 1 1341 1702 399
3272 2 2 1 1 567 1760 1472
3273 2 2 1 1 1070 1640 130
3274 2 2 1 1 1358 1418 451
3275 2 2 1 1 291 1687 1081
3276 2 2 1 1 275 1755 1422
3277 2 2 1 1 573 1723 1260
3278 2 2 1 1 1338 1425 607
3279 2 2 1 1 1604 1764 766
3280 2 2 1 1 1206 1656 550
3281 2 2 1 1 1409 1751 283
3282 2 2 1 1 625 1755 1737
3283 2 2 1 1 647 1528 1521
3284 2 2 1 1 221 1746 1546
3285 2 2 1 1 1262 1665 444
3286 2 2 1 1 485 1487 1486
3287 2 2 1 1 1116 1530 159
3288 2 2 1 1 1483 1512 657
3289 2 2 1 1 1529 1670 515
3290 2 2 1 1 499 1432 1234
3291 2 2 1 1 1654 1760 567
3292 2 2 1 1 515 1670 1458
3293 2 2 1 1 1167 1478 519
3294 2 2 1 1 1415 1447 595
3295 2 2 1 1 513 1530 1116
3296 2 2 1 1 1373 1642 285
3297 2 2 1 1 559 1764 1604
3298 2 2 1 1 1172 1726 601
3299 2 2 1 1 1260 1649 483
3300 2 2 1 1 1594 1633 243
3301 2 2 1 1 869 1721 1342
3302 2 2 1 1 1737 1755 658
3303 2 2 1 1 271 1528 1301
3304 2 2 1 1 1049 1627 239
3305 2 2 1 1 613 1744 1171
3306 2 2 1 1 1289 1525 640
3307 2 2 1 1 1219 1703 419
3308 2 2 1 1 204 1737 1596
3309 2 2 1 1 253 1683 1441
3310 2 2 1 1 244 1761 1187
3311 2 2 1 1 1551 1642 623
3312 2 2 1 1 1187 1761 541
3313 2 2 1 1 1233 1578 360
3314 2 2 1 1 1260 1723 187
3315 2 2 1 1 185 1726 1474
3316 2 2 1 1 259 1597 1220
3317 2 2 1 1 1359 1490 664
3318 2 2 1 1 383 1699 1677
3319 2 2 1 1 412 1586 1333
3320 2 2 1 1 254 1752 1225
3321 2 2 1 1 664 1490 1259
3322 2 2 1 1 1687 1693 518
3323 2 2 1 1 509 1750 1404
3324 2 2 1 1 174 1760 1679
3325 2 2 1 1 456 1734 1316
3326 2 2 1 1 619 1719 1488
3327 2 2 1 1 530 1734 1283
3328 2 2 1 1 624 1657 1642
3329 2 2 1 1 242 1643 1438
3330 2 2 1 1 1158 1730 519
3331 2 2 1 1 595 1649 1415
3332 2 2 1 1 1472 1760 174
3333 2 2 1 1 1670 1755 275
3334 2 2 1 1 505 1721 1193
3335 2 2 1 1 1488 1719 531
3336 2 2 1 1 1488 1753 619
3337 2 2 1 1 1374 1460 216
3338 2 2 1 1 1255 1767 609
3339 2 2 1 1 894 1460 1374
3340 2 2 1 1 1288 1570 128
3341 2 2 1 1 575 1578 1233
3342 2 2 1 1 1016 1733 320
3343 2 2 1 1 561 1625 1236
3344 2 2 1 1 1378 1735 186
3345 2 2 1 1 252 1605 1349
3346 2 2 1 1 491 1623 1287
3347 2 2 1 1 1710 1738 362
3348 2 2 1 1 178 1730 1158
3349 2 2 1 1 500 1627 1506
3350 2 2 1 1 1642 1657 285
3351 2 2 1 1 245 1692 1214
3352 2 2 1 1 812 1735 1537
3353 2 2 1 1 1126 1741 1678
3354 2 2 1 1 658 1670 1529
3355 2 2 1 1 1440 1653 667
3356 2 2 1 1 235 1753 1488
3357 2 2 1 1 1193 1721 369
3358 2 2 1 1 1485 1618 584
3359 2 2 1 1 624 1642 1551
3360 2 2 1 1 731 1738 1710
3361 2 2 1 1 1679 1760 743
3362 2 2 1 1 545 1703 1219
3363 2 2 1 1 1338 1690 208
3364 2 2 1 1 1480 1753 859
3365 2 2 1 1 555 1758 1614
3366 2 2 1 1 619 1753 1480
3367 2 2 1 1 606 1547 1425
3368 2 2 1 1 883 1766 1480
3369 2 2 1 1 1480 1766 619
3370 2 2 1 1 1596 1737 658
3371 2 2 1 1 1438 1643 600
3372 2 2 1 1 469 1667 1344
3373 2 2 1 1 1619 1743 520
3374 2 2 1 1 1342 1721 505
3375 2 2 1 1 743 1760 1654
3376 2 2 1 1 1677 1699 728
3377 2 2 1 1 685 1693 1687
3378 2 2 1 1 1678 1741 297
3379 2 2 1 1 742 1733 1252
3380 2 2 1 1 604 1690 1338
3381 2 2 1 1 575 1765 1578
3382 2 2 1 1 1425 1547 607
3383 2 2 1 1 658 1755 1670
3384 2 2 1 1 1578 1765 821
$EndElements
