$MeshFormat
2.2 0 8
$EndMeshFormat
$Nodes
1772
1 0 0 0
2 0.02 0 0
3 0.02 0.04 0
4 0 0.04 0
5 0.0008154697280810155 0 0
6 0.001553134758963458 0 0
7 0.002339248235735383 0 0
8 0.003104610446409672 0 0
9 0.00385845397435218 0 0
10 0.004653164374711719 0 0
11 0.005392585583364539 0 0
12 0.006182809451843532 0 0
13 0.006916422563265727 0 0
14 0.007709337876345442 0 0
15 0.008449524818965264 0 0
16 0.009240516387174037 0 0
17 0.01000035674739813 0 0
18 0.01075934806496729 0 0
19 0.01155161140953772 0 0
20 0.01228691121618129 0 0
21 0.01308659956817669 0 0
22 0.01382387900133216 0 0
23 0.01460638591779177 0 0
24 0.01535440147415885 0 0
25 0.01614008583888629 0 0
26 0.01689800886802006 0 0
27 0.01766036000167428 0 0
28 0.01844394147740101 0 0
29 0.01918261969536436 0 0
30 0.02 0.0007798657929251621 0
31 0.02 0.001564515285379526 0
32 0.02 0.002341645254189016 0
33 0.02 0.003127598820424633 0
34 0.02 0.003904774191970272 0
35 0.02 0.004692911459277004 0
36 0.02 0.005471593230663167 0
37 0.02 0.00626255496357953 0
38 0.02 0.007042113126775088 0
39 0.02 0.007836035730584497 0
40 0.02 0.008615333350885733 0
41 0.02 0.00941098121945769 0
42 0.02 0.01018836712418993 0
43 0.02 0.01098434760057986 0
44 0.02 0.011758349390399 0
45 0.02 0.01255417502329589 0
46 0.02 0.01332391414655641 0
47 0.02 0.01411996338018071 0
48 0.02 0.01488629440616823 0
49 0.02 0.01568204176731914 0
50 0.02 0.01644954836434477 0
51 0.02 0.01724498154599595 0
52 0.02 0.01801705030881138 0
53 0.02 0.01881187547823485 0
54 0.02 0.01958858825112322 0
55 0.02 0.02038294222912676 0
56 0.02 0.02116326798053788 0
57 0.02 0.02195609102981212 0
58 0.02 0.02273839961594752 0
59 0.02 0.02352822866184615 0
60 0.02 0.02431095725715088 0
61 0.02 0.0250968770167884 0
62 0.02 0.02587907025952753 0
63 0.02 0.02666158244440866 0
64 0.02 0.02744323264082001 0
65 0.02 0.02822330725049301 0
66 0.02 0.0290063868313708 0
67 0.02 0.0297863419441546 0
68 0.02 0.03057214938204968 0
69 0.02 0.03135314339032243 0
70 0.02 0.03214238705604419 0
71 0.02 0.03292377877496568 0
72 0.02 0.03371638189412539 0
73 0.02 0.03449693829838327 0
74 0.02 0.03529158338780046 0
75 0.02 0.0360695971852314 0
76 0.02 0.03686488936123103 0
77 0.02 0.03763895349875312 0
78 0.02 0.03843446234319709 0
79 0.02 0.03920385878423997 0
80 0.01921588760828244 0.04 0
81 0.01845356937919822 0.04 0
82 0.01768765109197601 0.04 0
83 0.01692306416825932 0.04 0
84 0.01615036430541406 0.04 0
85 0.01537476734128262 0.04 0
86 0.01460956059995955 0.04 0
87 0.01384365899476811 0.04 0
88 0.01308217482625341 0.04 0
89 0.01230022212022681 0.04 0
90 0.01153474671777303 0.04 0
91 0.01076513735782416 0.04 0
92 0.01000356307881615 0.04 0
93 0.009237349092879477 0.04 0
94 0.008458066310899071 0.04 0
95 0.007690296756105957 0.04 0
96 0.00692189771401993 0.04 0
97 0.006162907738582742 0.04 0
98 0.005387851182088144 0.04 0
99 0.004618626041474979 0.04 0
100 0.003843745182179354 0.04 0
101 0.003081656338102551 0.04 0
102 0.002319772027353326 0.04 0
103 0.001543388885827279 0.04 0
104 0.0007748557315044556 0.04 0
105 0 0.03921449569239277 0
106 0 0.0384300659718128 0
107 0 0.03764675023555344 0
108 0 0.03686452582692971 0
109 0 0.03608305806300125 0
110 0 0.03530190622957179 0
111 0 0.03452058012754776 0
112 0 0.03373862238985469 0
113 0 0.03295563789466353 0
114 0 0.03217153213889599 0
115 0 0.03138633383273033 0
116 0 0.03060016734671575 0
117 0 0.02981331047381362 0
118 0 0.02902611816628022 0
119 0 0.02823897860853695 0
120 0 0.02745227593513973 0
121 0 0.02666634892213975 0
122 0 0.02588144260204743 0
123 0 0.02509763930361494 0
124 0 0.02431496056681104 0
125 0 0.02353321475626208 0
126 0 0.02275198495775113 0
127 0 0.0219707955839874 0
128 0 0.02118916316757756 0
129 0 0.02040666118220334 0
130 0 0.01962304026196226 0
131 0 0.01883831209366596 0
132 0 0.01805253854940352 0
133 0 0.01726594111712681 0
134 0 0.01647884738338555 0
135 0 0.01569163690062073 0
136 0 0.01490469965152977 0
137 0 0.0141183988628398 0
138 0 0.01333302861741094 0
139 0 0.01254874241366744 0
140 0 0.01176557327609541 0
141 0 0.01098347153281942 0
142 0 0.01020207142313713 0
143 0 0.00942092490534583 0
144 0 0.008639540738328871 0
145 0 0.007857469738717579 0
146 0 0.0070743384265382 0
147 0 0.00629008921673492 0
148 0 0.005504753398044744 0
149 0 0.004718478501602674 0
150 0 0.003931556119216473 0
151 0 0.003144347876408465 0
152 0 0.002357244046184467 0
153 0 0.001570624600593859 0
154 0 0.0007848200914013295 0
155 0.01013124338723623 0.01458592320303045 0
156 0.01002384440434338 0.03001970622503659 0
157 0.01208098233426595 0.02234724532287982 0
158 0.01276507359162244 0.00726169428254269 0
159 0.006377340343345543 0.006374937395818714 0
160 0.006258358812226051 0.02496574943522225 0
161 0.006165299603837198 0.03426779645133235 0
162 0.01411845952110825 0.03433004709705162 0
163 0.01458099559196181 0.02722603845286345 0
164 0.005974883638929381 0.01893499053678843 0
165 0.01464550771718278 0.01763101592740366 0
166 0.01463256564580208 0.0121744515031675 0
167 0.005286836105354923 0.01147180799459149 0
168 0.004771153729093068 0.02941971432004692 0
169 0.01572446368661506 0.004275602707696419 0
170 0.009925977631834795 0.004174717165688839 0
171 0.009120585621479308 0.00962600128781178 0
172 0.01013907350811941 0.02599781587626671 0
173 0.0159899875771426 0.02141746402087549 0
174 0.009999550266037913 0.03560342918265715 0
175 0.01013205630959386 0.01866618721818558 0
176 0.003926017948146709 0.01541435635422772 0
177 0.003725597892735291 0.003836503876937951 0
178 0.01631897082322569 0.007909040018401309 0
179 0.003835676596769526 0.02215143968254058 0
180 0.008472072107290077 0.02184501936864988 0
181 0.01609347716479622 0.03075231026670154 0
182 0.00361579955743464 0.008690544709492794 0
183 0.00334359540297075 0.02637897179753563 0
184 0.003462700760140955 0.03659671686912522 0
185 0.007637661751978438 0.0278183351227767 0
186 0.01671702164367685 0.03646382376765744 0
187 0.01284478441569312 0.003100715672405559 0
188 0.01664145002483953 0.01492954542218931 0
189 0.01675374828629164 0.02460893069891883 0
190 0.006880803023622355 0.003225120255848847 0
191 0.01215708381198604 0.01039415484518412 0
192 0.01308959125607642 0.02984677105494192 0
193 0.003270846376389695 0.03233332606805085 0
194 0.007204369055812768 0.03134856210610086 0
195 0.00715060176219289 0.01594824164875239 0
196 0.009122836348541745 0.006841196024034494 0
197 0.003011311937124867 0.01844965645378548 0
198 0.0131322565861558 0.01486477667406191 0
199 0.007470536224966778 0.03713537268951578 0
200 0.01264483440148201 0.03691091626331388 0
201 0.01134380437495602 0.03280090021870979 0
202 0.01389432978953617 0.02437156770084249 0
203 0.006424895470391646 0.00910981219665446 0
204 0.01705466742240614 0.03367349618222036 0
205 0.01715427717661331 0.01893299808027445 0
206 0.01268179693870783 0.01954791339587901 0
207 0.0172073560485906 0.0105863573623849 0
208 0.01721102010799357 0.02821254801251891 0
209 0.002808287512642345 0.01281010053442755 0
210 0.008175863971370332 0.012314185756397 0
211 0.01742083358537848 0.002509649794665055 0
212 0.0024001419703149 0.02881077389195077 0
213 0.002722144396878394 0.006188374649960585 0
214 0.008993899363665002 0.03346053039185923 0
215 0.01758763325557819 0.005848743389109609 0
216 0.01221850243457131 0.01729767231284199 0
217 0.01424510731347641 0.009163454486660243 0
218 0.002456221179626717 0.02410016149622267 0
219 0.01471872168787716 0.006305518976586034 0
220 0.01008900824886705 0.02359953061434961 0
221 0.01148436255527436 0.02803239373026716 0
222 0.008869711492184627 0.00220451644633551 0
223 0.006119029142592239 0.02137923740223507 0
224 0.01771107635259012 0.01294496838325077 0
225 0.01195040634413625 0.005173282010406594 0
226 0.01504355458150974 0.002197366928455905 0
227 0.00237337902902055 0.01078056030227001 0
228 0.01059959930449921 0.02089229396297825 0
229 0.008107082838053755 0.01967743756247359 0
230 0.002406960886640512 0.03446189060582927 0
231 0.0118611865830448 0.01282281840524381 0
232 0.01779196778664634 0.02269426526640051 0
233 0.005511316163070316 0.02716960521234919 0
234 0.01075304754783908 0.008234917129928361 0
235 0.00806136441410113 0.004967082983176987 0
236 0.005868890550254127 0.01399110476620946 0
237 0.009943102685378116 0.01159331565666307 0
238 0.01785914250091603 0.01676854203910873 0
239 0.002291444785248179 0.01636086236068675 0
240 0.01054249954218866 0.03780259340226565 0
241 0.002193076909411676 0.02045365214380262 0
242 0.01475994421035821 0.03778099348328778 0
243 0.01262622523064495 0.02618090858016441 0
244 0.01413788620429111 0.03188443324842002 0
245 0.01788169708737014 0.03175048107532234 0
246 0.002203146441044962 0.002146228773306415 0
247 0.01797422462912589 0.026266578477489 0
248 0.005031377289394637 0.03142547505447862 0
249 0.01392833857689939 0.0214853142304765 0
250 0.01093946074308889 0.002134087047631451 0
251 0.00508107127249752 0.03783499464811714 0
252 0.004997741577493553 0.002069644357496073 0
253 0.01801042703374355 0.03800326743764994 0
254 0.004326264643902658 0.02466965175285138 0
255 0.008104013648237944 0.0239620546430464 0
256 0.004779805569693964 0.01731294922451506 0
257 0.009277208572097306 0.01660968540414049 0
258 0.01524208223534821 0.01950401064332451 0
259 0.01198235243309186 0.03488529408507083 0
260 0.001993903097235227 0.0380202005762638 0
261 0.009519759864621332 0.02808419689091921 0
262 0.01794797789643214 0.02065792639723892 0
263 0.004266664496783685 0.02000662100069636 0
264 0.004468586472409497 0.006849175377904752 0
265 0.01539163662143212 0.02892656921278064 0
266 0.0180600384240619 0.00871482373138603 0
267 0.007625127291042349 0.03507809813070527 0
268 0.01187616830952013 0.02436315595074982 0
269 0.005315560890039715 0.00455969574943599 0
270 0.009009826031045628 0.03151692402889616 0
271 0.008118503950813321 0.02961464643240034 0
272 0.002011698054262007 0.03065597543491376 0
273 0.01407406016825338 0.004552111969684807 0
274 0.01806022695796219 0.03533279354932544 0
275 0.001674676522661284 0.02235568308976447 0
276 0.001936189622925638 0.01451967561095525 0
277 0.008013206922995867 0.02587860041692062 0
278 0.01486634814673886 0.01577895692131847 0
279 0.01800939256817178 0.02979629576876975 0
280 0.01545216518195617 0.02322580557351454 0
281 0.001862288819940255 0.004245191926260668 0
282 0.005672249449290123 0.02307194138032529 0
283 0.001869607348678097 0.007842100917344568 0
284 0.01163101541539683 0.03103700815854139 0
285 0.007421895951472246 0.01052445083950955 0
286 0.007823364980693871 0.01427811857246711 0
287 0.00173870059559884 0.02578641259505342 0
288 0.01613686160026058 0.02632182464566881 0
289 0.007613355281537271 0.01788905869882613 0
290 0.007892677476428958 0.008236765116310177 0
291 0.01073109826259735 0.006472237362280531 0
292 0.008658636891875121 0.03803680574665641 0
293 0.01480627165038172 0.03591383546084002 0
294 0.004793469008606639 0.00996208702607187 0
295 0.01542387434312982 0.01050436395503049 0
296 0.007312762389270868 0.00163207476961421 0
297 0.001680932947795605 0.03627357172738369 0
298 0.005701506975076007 0.03584696119093021 0
299 0.01839874226205244 0.01449907239975233 0
300 0.007124790339450315 0.03298839936280887 0
301 0.003653532610509548 0.03825891674576962 0
302 0.01527845587634951 0.01391209747997988 0
303 0.0132892066261349 0.02819216095625382 0
304 0.01833106116126731 0.02467176791758107 0
305 0.01827581398446375 0.004142167818379304 0
306 0.006582211549179954 0.02986311743578705 0
307 0.01141422049386993 0.01567067782323753 0
308 0.004194724459689997 0.01377937884081595 0
309 0.00400402548841012 0.03481801729834499 0
310 0.01584231175665334 0.0325491550571682 0
311 0.01634982690935962 0.03832107000839684 0
312 0.01342829131023524 0.01321987415785348 0
313 0.01350133621322083 0.001529086376139133 0
314 0.003545436380223515 0.0307114821477106 0
315 0.01378614537765993 0.01077925335524563 0
316 0.01621261377422645 0.01738994272403008 0
317 0.01839501712313341 0.00723949974528027 0
318 0.00398468590408605 0.02805568141178282 0
319 0.001576627385578469 0.03257257504320895 0
320 0.01068134807765509 0.009705568702915928 0
321 0.01222140137744475 0.008816229060883231 0
322 0.01637095632916368 0.01198085940022874 0
323 0.003812565716692872 0.01132061697013298 0
324 0.001603578677519351 0.01899759521272722 0
325 0.01132430736699033 0.003630569556000482 0
326 0.01191748441899992 0.03842234605786352 0
327 0.01833283213938042 0.01155443301877195 0
328 0.007128834143375793 0.02260227046090182 0
329 0.008545097357951385 0.003646792558959725 0
330 0.01027088509474459 0.03388489901956691 0
331 0.006667600461499048 0.01266794144875109 0
332 0.005650626679827183 0.01559202121056442 0
333 0.01410951613902959 0.007678041671398819 0
334 0.01630341988269073 0.03508501243792377 0
335 0.01609957013116209 0.005725563409894356 0
336 0.01296266261874888 0.03301893307903367 0
337 0.01626026423475333 0.009428877689633504 0
338 0.01355944056477172 0.02289699413315971 0
339 0.006714815223204696 0.0384457202682468 0
340 0.001606271807801322 0.02729988502301766 0
341 0.001409917177574535 0.01220626116926794 0
342 0.00467137607152945 0.03301938099309223 0
343 0.006618224823177704 0.02631121179126319 0
344 0.014616444336449 0.03026165990994554 0
345 0.01847987758291227 0.02749825817072896 0
346 0.01286921612415534 0.01187525569079717 0
347 0.00579389073458172 0.007802099201036684 0
348 0.004049665703993763 0.005335399146205261 0
349 0.01372063664450008 0.01651050800699035 0
350 0.01330954007431892 0.005939018040659653 0
351 0.009605717063489318 0.01297716038850726 0
352 0.003506686609099701 0.001449222423250768 0
353 0.01138030224343674 0.02950818316275133 0
354 0.01329742933305067 0.03857060436115514 0
355 0.009757080991088811 0.005554258618217484 0
356 0.01861063457413973 0.01841335409046986 0
357 0.007783841152921953 0.0064093182233244 0
358 0.01073157160779828 0.01678941236847955 0
359 0.01194177909137892 0.02078574496837483 0
360 0.01327637639055778 0.01820103383817735 0
361 0.00936586976834416 0.008260442995739751 0
362 0.01850510321838029 0.03672512095240783 0
363 0.008871571097951135 0.03663314098650507 0
364 0.01853279186641826 0.03332008033454553 0
365 0.01153869333393029 0.01848282867044862 0
366 0.01065184932958349 0.02228439518291117 0
367 0.01542452479946084 0.02516644647171742 0
368 0.01189977183870091 0.01420886838912792 0
369 0.01860065109833258 0.01010978590805912 0
370 0.01673861078381394 0.02950473358762102 0
371 0.009138746124623636 0.02494331252178548 0
372 0.01864319677160416 0.001466964943102816 0
373 0.01215735101243589 0.001426550881530923 0
374 0.01646965138360239 0.001474236539341183 0
375 0.004252886240877446 0.01868264552986599 0
376 0.00992638897705302 0.03256083310450551 0
377 0.01122025668115079 0.03647939411447423 0
378 0.005308988923055802 0.02583974683707465 0
379 0.01662514299115846 0.02014960870294972 0
380 0.008830539500310257 0.01101203140140377 0
381 0.001501076539031341 0.009322558585154163 0
382 0.006255158390477356 0.01726571606829359 0
383 0.001269828270405952 0.01776691153999831 0
384 0.005954965739305284 0.03258099893837552 0
385 0.009850562150390475 0.001326865677815051 0
386 0.003705986263311492 0.02344133267716441 0
387 0.0134073785431265 0.03562395776067578 0
388 0.009108500864272822 0.02685850523993432 0
389 0.007451622981358487 0.02092128975686438 0
390 0.008724201179184814 0.01524267979022593 0
391 0.01699815505592902 0.004568415467670298 0
392 0.01635689062404174 0.0133851208210044 0
393 0.009013145393011637 0.02065121442821948 0
394 0.005711519758819115 0.02852744381698111 0
395 0.009974051689437729 0.002920069367233508 0
396 0.006081050496907763 0.01043775265463746 0
397 0.003389035202514114 0.01708740897689769 0
398 0.001296188095588775 0.005793773386054472 0
399 0.01408645392883471 0.02585116058469508 0
400 0.003495879922692954 0.03364260669546871 0
401 0.01593035069810227 0.02767200786150219 0
402 0.006649736206037462 0.005239343764496477 0
403 0.01109575983168426 0.0197396194757178 0
404 0.001321639373578234 0.02948075516404516 0
405 0.01271376477252806 0.03171587241727286 0
406 0.01611110019249859 0.00287062985906264 0
407 0.008943212071400735 0.01795444392407071 0
408 0.007019575033737964 0.007472384665337142 0
409 0.008985019601734296 0.03461802283654887 0
410 0.001291309287488144 0.02354288819264645 0
411 0.003131928264174267 0.02513878366903431 0
412 0.01145530616326846 0.01145926568720268 0
413 0.01137653226942758 0.0267126212601669 0
414 0.01028197214052501 0.03118614217602507 0
415 0.01873745011723274 0.00290877590040714 0
416 0.01667717591966502 0.02327409977443625 0
417 0.001193330196075374 0.001197556347073143 0
418 0.005549156240518972 0.02004519475274807 0
419 0.004833793021386152 0.02127793481171183 0
420 0.004309449939555551 0.01253267106548105 0
421 0.003493864017208697 0.02939435656391001 0
422 0.01061658601669302 0.02477336276634144 0
423 0.01464701308458701 0.003546826042220525 0
424 0.01548296733369428 0.03381545010089579 0
425 0.0187727573700733 0.005306225005396587 0
426 0.005520277659744409 0.003280720613246749 0
427 0.003229430343919402 0.007322588094496599 0
428 0.003090151046227231 0.01962830856413304 0
429 0.01611766789302226 0.01613825270548233 0
430 0.008100397878991914 0.03229767327749235 0
431 0.01132380916121447 0.02328464226923522 0
432 0.003456432849552997 0.009934402236663059 0
433 0.001239360494328049 0.003071330150014991 0
434 0.01493106159257471 0.02208473337289271 0
435 0.00677714989496685 0.01987279734522966 0
436 0.01717365238142756 0.007005781848400134 0
437 0.01865549382575524 0.02184496310168092 0
438 0.0140285877411897 0.02001624919644003 0
439 0.01210202707008452 0.006368440570092428 0
440 0.01866297952999455 0.03889696883727146 0
441 0.001283262028959833 0.0351244595460172 0
442 0.008975848913994331 0.02304194976809603 0
443 0.007928600771032418 0.009438305127304009 0
444 0.01873323902631959 0.01571579510674775 0
445 0.001284212909216983 0.01331421413606831 0
446 0.006070222526650569 0.001243164897259307 0
447 0.01076981384922363 0.01350485281211039 0
448 0.01078193243266705 0.004990790562646457 0
449 0.011581793718296 0.00751187818321436 0
450 0.005233621434491611 0.005849976506542381 0
451 0.001275149303918685 0.03383310622541635 0
452 0.01256565782857894 0.02340932093373629 0
453 0.01510479098359194 0.02076462639873558 0
454 0.01534501974938771 0.008623126474361132 0
455 0.01036744174512104 0.02740796123748485 0
456 0.009696649722426084 0.03881455275637291 0
457 0.0187934983808859 0.02339493815869735 0
458 0.001159122308665871 0.03889490649213768 0
459 0.01889122144915431 0.03076057983652889 0
460 0.003165612656333484 0.0145213243267089 0
461 0.001265733046604234 0.02127402840687948 0
462 0.01877991779939597 0.02882367113508336 0
463 0.00486205645083883 0.008704635246247421 0
464 0.01721934741634822 0.02160793902671377 0
465 0.01874132331640828 0.01966552220597464 0
466 0.01879659832319448 0.01294281469857664 0
467 0.01418596553463678 0.02918593407478617 0
468 0.001102405602191214 0.03731020609190191 0
469 0.01527200041536384 0.007353621660785391 0
470 0.01674319064669972 0.03175726404054054 0
471 0.003451497259068829 0.02088998580753679 0
472 0.01427599822416088 0.01883365057906706 0
473 0.01498654742077897 0.00513431365519657 0
474 0.01393442732554893 0.03673370898448745 0
475 0.01722185861444695 0.03066206459857902 0
476 0.01732455647911848 0.0389168500261563 0
477 0.00124989826680349 0.0156024093726942 0
478 0.005495081404051001 0.01293931960299073 0
479 0.01086226680344595 0.03888173898582793 0
480 0.009539583596207331 0.02166292834413144 0
481 0.002798829447650721 0.02748972642185199 0
482 0.002677076343273921 0.03894324302363428 0
483 0.004703046301290065 0.03653979718157949 0
484 0.0123376684356616 0.02728947533393902 0
485 0.002876625568596894 0.004979154131449412 0
486 0.009750949011826713 0.01987130507420823 0
487 0.01037658731168486 0.02887086071108757 0
488 0.007390344515640059 0.0249125366711095 0
489 0.01306823303920414 0.009710877510128595 0
490 0.01704992768499479 0.02704885652055249 0
491 0.01248543145827708 0.01611244319609048 0
492 0.01010897886000581 0.007337997692922366 0
493 0.01895570649899305 0.0081883373256561 0
494 0.01019612039925208 0.0157555173614782 0
495 0.00112337670160303 0.01098697057166021 0
496 0.006850421164553868 0.01153814378939384 0
497 0.01162261540609403 0.02550327008659372 0
498 0.006584374637316369 0.01479557165573671 0
499 0.007895256930477429 0.002733715433097219 0
500 0.004401452124767781 0.02669251427190365 0
501 0.01873558442972129 0.03443254681343923 0
502 0.007880914098577238 0.03389946889389948 0
503 0.01194132335395508 0.03377544419364054 0
504 0.008702925764020151 0.005835754114118737 0
505 0.01602136544377887 0.01859800800539235 0
506 0.004691071462091557 0.03882976109015688 0
507 0.01286891284109003 0.02157286666480289 0
508 0.008880871036301335 0.01395047299290276 0
509 0.001147985559264774 0.03147866258892299 0
510 0.002479850270142346 0.01160579249776793 0
511 0.014625507650269 0.03293378642081107 0
512 0.002707053652772292 0.03556953394553052 0
513 0.008988432051087299 0.004794980852753091 0
514 0.01451006688740316 0.001141563877667368 0
515 0.01521014363625984 0.03148154213911014 0
516 0.008376221834786708 0.001156274312470493 0
517 0.01290364240085675 0.02501988825811742 0
518 0.002456288092461567 0.003312168701071878 0
519 0.006738099251538255 0.02380050964471041 0
520 0.006885675063591069 0.03597686883213835 0
521 0.01271943421209586 0.004251244495184856 0
522 0.007342331992211562 0.00419954237701901 0
523 0.004873026541677396 0.01466817857890395 0
524 0.003393419869571739 0.002589938915587717 0
525 0.009817110267958387 0.01045420039609585 0
526 0.01108547585973819 0.001028473847124504 0
527 0.01533734990147174 0.03882321734377199 0
528 0.01401326600501126 0.01418781963892657 0
529 0.001067892537458637 0.02469098808926863 0
530 0.009169689193043198 0.02919939164975543 0
531 0.007725783774530556 0.03877419259528951 0
532 0.006144073669969058 0.03099264203216109 0
533 0.01387770125170107 0.002638388314017005 0
534 0.01889845555770416 0.02565384848549743 0
535 0.005746727111746773 0.03906176552973938 0
536 0.008121388980572969 0.01678976981278671 0
537 0.01705857872443836 0.03752704788746657 0
538 0.009977462266704032 0.00898043696461465 0
539 0.01318445622558358 0.008282662849311683 0
540 0.01707900411181539 0.0256566448821412 0
541 0.01072126192700648 0.01241772925979921 0
542 0.01229465339593444 0.02883577298862965 0
543 0.00998392603729429 0.03674208114266943 0
544 0.01545582435743422 0.03689907301633189 0
545 0.01347944378592866 0.02699486772646742 0
546 0.01360900792719176 0.03088590338677761 0
547 0.01894737930386103 0.01693583105915855 0
548 0.006164600778326918 0.03714535014598208 0
549 0.007020172915620111 0.02882105852607953 0
550 0.01202721264447554 0.002187119307273808 0
551 0.01753340026756561 0.001059166724316447 0
552 0.001111393442337344 0.02013154252842475 0
553 0.01887904787197549 0.006238975682278648 0
554 0.008167049409494852 0.03078983929822961 0
555 0.006203020130583959 0.002346567388812854 0
556 0.002490433309045841 0.03708870670572458 0
557 0.01722034932156406 0.01587869431309357 0
558 0.002615627863807144 0.02297694484465978 0
559 0.007931550914023935 0.03583856209175792 0
560 0.01733916733375566 0.01783215033499045 0
561 0.01540302945315804 0.01690578002790491 0
562 0.01097178689389891 0.03497502397102253 0
563 0.002616531874512323 0.009217192219023828 0
564 0.005129016273907916 0.00115977902246887 0
565 0.01225532499124306 0.03593731265130118 0
566 0.003236019981967972 0.01612238802385811 0
567 0.006539002866994929 0.02764377441926859 0
568 0.002405069498741216 0.01756916842800423 0
569 0.009017803613844726 0.0302632300190291 0
570 0.005384791667493063 0.02427731669555972 0
571 0.001141531000392403 0.02834823941469444 0
572 0.01611216987234486 0.02268013050994293 0
573 0.01889454903402425 0.03226052989811622 0
574 0.004725803214256002 0.030514945975095 0
575 0.009028913138517369 0.01903610646532145 0
576 0.01310753865616145 0.0344423001157864 0
577 0.01739126794336375 0.01165389887131374 0
578 0.002625511159455809 0.001295114279539471 0
579 0.01741972243108018 0.009582306531349519 0
580 0.0169360155540258 0.008398294905361207 0
581 0.004121786431480516 0.02569058309232816 0
582 0.01772078544655383 0.02379051534810979 0
583 0.01517279052585947 0.02622094895266737 0
584 0.009172560507697769 0.01195893080325524 0
585 0.01573295155388387 0.02394790918454884 0
586 0.002378689301616303 0.03331612772170835 0
587 0.004732215994382288 0.01624709407932515 0
588 0.01565515140336132 0.01297671537696869 0
589 0.002303102808858282 0.03171095784490405 0
590 0.001150010366788693 0.006949347743842422 0
591 0.01913244752035837 0.03780021043443293 0
592 0.006886150646560237 0.01352025743959004 0
593 0.01762277431443571 0.03618835756077826 0
594 0.01138225159629409 0.03754071645290043 0
595 0.01714173292970179 0.003534703502738604 0
596 0.004090108999184586 0.03163562624154012 0
597 0.009989677579075425 0.01789472391360525 0
598 0.007128930055496573 0.01883065724346077 0
599 0.0155631938836292 0.001004261572394628 0
600 0.00250291157663103 0.02973161616754413 0
601 0.006828100554683687 0.03404509806582079 0
602 0.01443102010982155 0.02338335794935177 0
603 0.01903794011544573 0.03568059028651594 0
604 0.001047769934046469 0.01664361795567975 0
605 0.01335001653354204 0.02048989748719293 0
606 0.004828206999937387 0.02832979475024962 0
607 0.004535528763865503 0.01081889886507063 0
608 0.007232222068640666 0.03027180663596793 0
609 0.007529479982827297 0.0268323055509899 0
610 0.01899335212695523 0.009288329817363022 0
611 0.008505965250984659 0.02837692606248008 0
612 0.01242371465117696 0.01349673653059511 0
613 0.01482336940964115 0.0348169982418968 0
614 0.01447257933913064 0.01324313602485745 0
615 0.004742232601696856 0.03391343077546276 0
616 0.005176812854605374 0.03521366072472728 0
617 0.01564057245786109 0.01493014810376156 0
618 0.008265434779581039 0.00731634372872012 0
619 0.002533606218473237 0.02166318494155481 0
620 0.01616097173708838 0.006642908812395312 0
621 0.01131949161075462 0.009008657739638964 0
622 0.01088246276489085 0.01460954179855931 0
623 0.009295463357890821 0.03767926140366745 0
624 0.008947120871662115 0.03566077391954103 0
625 0.01904299286160993 0.02077310510483232 0
626 0.01898054976311211 0.0266959912906923 0
627 0.01763687015466668 0.03265382377198152 0
628 0.004536874498264067 0.00311771664839814 0
629 0.01905921687589013 0.003662149994847368 0
630 0.001018756296385637 0.002149375264818447 0
631 0.01138138089321122 0.0218473219718645 0
632 0.006300811726239665 0.004036416405811948 0
633 0.004771972304340328 0.0222185644450248 0
634 0.0049724308629558 0.01939597856454585 0
635 0.01448564119841947 0.01010638070042326 0
636 0.01629792874232483 0.01086728177502867 0
637 0.01538955127913729 0.0114436539716535 0
638 0.01760663318540768 0.008167806449958659 0
639 0.01792800539124241 0.01969702179221858 0
640 0.001016164806761723 0.004922611158174163 0
641 0.00097648550078323 0.03042258251911602 0
642 0.007539982604426877 0.03793518596295069 0
643 0.01420485146024408 0.03911655176289828 0
644 0.01279116616653487 0.03931071861299058 0
645 0.01091404322814888 0.01090371482717029 0
646 0.005546306125956894 0.01795943612037714 0
647 0.006458276725062169 0.03496327192106959 0
648 0.01796568352675783 0.02886820085096851 0
649 0.01632204129626348 0.02861709954271128 0
650 0.003642860191869488 0.006259200484499088 0
651 0.01589544172959378 0.02988256624567163 0
652 0.01719022645910936 0.03479742291697799 0
653 0.01370154243489523 0.01213448891674246 0
654 0.01111763023908966 0.0178529677287692 0
655 0.01221869301373341 0.03242389046740518 0
656 0.001004311167389084 0.008403781989763826 0
657 0.01477351448338928 0.02815480193133389 0
658 0.01749658274143962 0.01380955921243469 0
659 0.007905091720682107 0.02281572592761211 0
660 0.004106356918020426 0.007673510935086413 0
661 0.002182265701485683 0.01549126719430234 0
662 0.01901386803211312 0.02998038922351801 0
663 0.003792898671903625 0.01785175703024819 0
664 0.008347347864871223 0.01324344479311905 0
665 0.002212998113343172 0.02659766387456463 0
666 0.008691938515076495 0.008812915856863515 0
667 0.01110404771403668 0.03182875811154733 0
668 0.01288970676618249 0.0008827332286358465 0
669 0.01554204290088745 0.009663166184579543 0
670 0.007022783302947838 0.008375194068586337 0
671 0.00443793458266399 0.004404190179381214 0
672 0.007944850659744988 0.01868682231115799 0
673 0.0009214562365292937 0.02627389576209359 0
674 0.007735274410276993 0.01514466108997594 0
675 0.00103543198721353 0.004046305741488201 0
676 0.01386846785086884 0.01556235405579065 0
677 0.01354974405713251 0.006908147839886501 0
678 0.01245313806228926 0.03051746337242379 0
679 0.006788107375822377 0.03218816681825848 0
680 0.01411379149681461 0.00570614270382467 0
681 0.00106719251176951 0.01008928575997959 0
682 0.01466202245597551 0.01101775534682863 0
683 0.01484928244178558 0.02430620351353179 0
684 0.01235322587985956 0.0149750056535664 0
685 0.01899608399081656 0.0136715364742416 0
686 0.009931936676069245 0.006517536905073899 0
687 0.01580264169951184 0.03594929179654942 0
688 0.01463240926496825 0.01658803521706229 0
689 0.01110724457749632 0.005826251457751081 0
690 0.000864161390718857 0.02236139027086926 0
691 0.008921227968528837 0.0392250151137208 0
692 0.009315957358249579 0.02410938439137378 0
693 0.007093016175564905 0.005883810383576991 0
694 0.01784906690095531 0.03413189271212941 0
695 0.00550133259532914 0.006882616346436929 0
696 0.0007407460491874671 0.01450913533822825 0
697 0.01364164947584995 0.00360684114809191 0
698 0.008504416971148773 0.01011701074640878 0
699 0.01079282812509275 0.03048606766161542 0
700 0.004327062363391213 0.03761150698591753 0
701 0.007089422960890743 0.009736720106826429 0
702 0.009842200627905803 0.02275594001125537 0
703 0.01172269641945591 0.016433966052689 0
704 0.01612390294059297 0.02535624922363566 0
705 0.004109574357217597 0.03598730010266311 0
706 0.008970654249573164 0.03233966471163253 0
707 0.003567461919609528 0.01230224835510246 0
708 0.007423154543474647 0.02191313966340987 0
709 0.002337526394254766 0.007027455004778567 0
710 0.01671547021034389 0.03260603625017754 0
711 0.006098807237262102 0.02232539156361332 0
712 0.01591007558125959 0.02061059614635523 0
713 0.007705276317884438 0.01157255563985049 0
714 0.002676995101315263 0.008136530502379941 0
715 0.004491221160624808 0.02356706360111323 0
716 0.006393007080164208 0.01799713036571463 0
717 0.002810761083846609 0.03786581379969943 0
718 0.005573470193727922 0.0299563912431561 0
719 0.01672642488120412 0.01661756329253989 0
720 0.01919485822322017 0.01221860279753256 0
721 0.003393560036251676 0.02432555802794697 0
722 0.01359257095058149 0.01747021654715984 0
723 0.001974860466388412 0.01372765197655351 0
724 0.01785654532202532 0.00499277521221193 0
725 0.01337892214738073 0.03770922933329883 0
726 0.0008325165881853409 0.03646553633318005 0
727 0.01242019738424196 0.01815289474564591 0
728 0.000848064473180081 0.01844542532153474 0
729 0.01292381172280888 0.02234350397867356 0
730 0.003442057532467284 0.03917549059166735 0
731 0.01656743968568284 0.03928590059403297 0
732 0.01796628005894637 0.003291657913369016 0
733 0.01113543317404909 0.03368606761167149 0
734 0.008262343512789806 0.03737000710781778 0
735 0.01410377957404033 0.03513049445747444 0
736 0.01585605979335767 0.002076059503372734 0
737 0.007109946756911057 0.01698683258867612 0
738 0.01327022940868579 0.02370000567202383 0
739 0.002805328394063176 0.03100906399609905 0
740 0.01689931567245106 0.0356566296252927 0
741 0.002313601165169464 0.0249665592386995 0
742 0.00328410389192402 0.03447096637085888 0
743 0.01920296630069522 0.007487732302268051 0
744 0.01289067201049381 0.01089740075123629 0
745 0.007830456425247656 0.03310960742506209 0
746 0.005574797617131618 0.009242840147967116 0
747 0.002016232666382555 0.01845008522233453 0
748 0.007173971495087089 0.02570344216934323 0
749 0.01785418247636129 0.03708687850292964 0
750 0.01888234730413882 0.01072246437157789 0
751 0.00975996219856165 0.03333159903798402 0
752 0.01546862554061233 0.01777609167882984 0
753 0.008842764583658048 0.02589127376716717 0
754 0.0160653004238976 0.03744963857927197 0
755 0.0007389396364577451 0.03808359461651457 0
756 0.007483017451345782 0.0128286919793666 0
757 0.004158052981726744 0.009283876590439805 0
758 0.01277915142481251 0.005006692207733468 0
759 0.01538863827142174 0.003462287533427172 0
760 0.008341535487033567 0.02758701878275404 0
761 0.01356608797620433 0.01929648701940131 0
762 0.01914436067051926 0.0008583820295060725 0
763 0.001982431449394301 0.005256995694475148 0
764 0.01321826214021447 0.01394012521560025 0
765 0.01837234772547006 0.01741258196165662 0
766 0.01484536543040098 0.00432642971683686 0
767 0.01803590464220231 0.03931546961891726 0
768 0.0138145395193078 0.03272543427335909 0
769 0.003680075285172444 0.02714279036103745 0
770 0.01157382655816293 0.008242084102523124 0
771 0.006406740091352192 0.03335897513485227 0
772 0.01909034975879096 0.02262098861940828 0
773 0.0175415322959061 0.01504761891530591 0
774 0.0008738059386206153 0.03305107743595762 0
775 0.003800560468386878 0.03292717869792476 0
776 0.008294244926032149 0.02106583622231012 0
777 0.01921197420912332 0.001996541140922629 0
778 0.0042124715392698 0.02894728687014825 0
779 0.01152706647240086 0.03912433419101721 0
780 0.009403255958867015 0.01576333489357253 0
781 0.005651157690180203 0.01647951210295966 0
782 0.002952858195624089 0.004056794021742829 0
783 0.01146273403489089 0.004463742818104742 0
784 0.009386443821560566 0.003516032648123304 0
785 0.001940020953658285 0.03930549440710795 0
786 0.01749522909057816 0.02496152165522281 0
787 0.01610522910052893 0.01028486739300609 0
788 0.0141374652834293 0.02221587686313694 0
789 0.01270060050246493 0.03804457931066199 0
790 0.005057326138034822 0.01362757996788471 0
791 0.01285485829462492 0.001883453151307862 0
792 0.003345680979972394 0.01370872789760311 0
793 0.01255043398139995 0.01265830067400373 0
794 0.008620949817321767 0.01610906070103193 0
795 0.003253368357064806 0.02862408381247329 0
796 0.01155655140819181 0.009858009170276046 0
797 0.01218684732752274 0.02977142495502871 0
798 0.003231239462075132 0.01067930989330682 0
799 0.007309292365525333 0.0007531717558080069 0
800 0.01916028012884027 0.004499080168435657 0
801 0.01908263125712142 0.01497869016358244 0
802 0.004070708475035057 0.002138806052087456 0
803 0.008396138168792106 0.02517792877622985 0
804 0.004294292203350251 0.0007436258515546475 0
805 0.005476880699614332 0.03341824918536156 0
806 0.01452295640920734 0.01464870521653027 0
807 0.01370450353937607 0.0008093392132951689 0
808 0.01927124630524834 0.01760167399412502 0
809 0.007047188419028684 0.03913849160813877 0
810 0.01681630993764783 0.01271886292479678 0
811 0.01936333352848386 0.0247014970954593 0
812 0.001988777408322342 0.01280487385677368 0
813 0.004705448218330363 0.02740923544926931 0
814 0.01705954398224026 0.02245711568929157 0
815 0.01804978444823947 0.01070094486631443 0
816 0.01651709866128878 0.01940105570579769 0
817 0.003868572847248983 0.01656490452558009 0
818 0.00621383577820989 0.02564835911428291 0
819 0.007676356354578891 0.003499529057937871 0
820 0.004141188971804409 0.03000175260909817 0
821 0.0008339141573354952 0.01269474130330302 0
822 0.008084262905539145 0.001934005422693109 0
823 0.003516442725279154 0.03742645247265004 0
824 0.01146405568092575 0.0356764078015106 0
825 0.006030609589335066 0.005640910032371589 0
826 0.01815686469697026 0.00651319873056279 0
827 0.01832906839052104 0.01235932721590144 0
828 0.009176952963593544 0.000853647052525195 0
829 0.01049329222849468 0.003463420051601419 0
830 0.01197466421820893 0.0200286845245341 0
831 0.009616332116320112 0.03074282221921251 0
832 0.00583562545686065 0.02640414989034505 0
833 0.01485297189627992 0.008048980522464024 0
834 0.005571982201091927 0.02501187274250144 0
835 0.01116321495041488 0.02407761320578632 0
836 0.01823333421698055 0.0135375389228675 0
837 0.01308797214323223 0.0289381990724691 0
838 0.01044308265434996 0.005754560537131775 0
839 0.01672898937742949 0.02100133228033161 0
840 0.01524542064814921 0.0186515570663667 0
841 0.01090175187388341 0.01900582483281352 0
842 0.01244471004079424 0.00800592124753282 0
843 0.01929621014757546 0.03160277856916184 0
844 0.009904756629640474 0.03469421947025932 0
845 0.003558367123269457 0.01901403476553013 0
846 0.01391075143537518 0.02768846703889767 0
847 0.01532788737997347 0.02697184595340194 0
848 0.01338557172021687 0.03375956758376429 0
849 0.000825399539944165 0.01169430671054074 0
850 0.006302886562140826 0.00717966217291828 0
851 0.01443656571853169 0.03110468471600353 0
852 0.009924368858444395 0.02446097192050513 0
853 0.008846067332377125 0.01278250995725801 0
854 0.01683342693945994 0.006302933735959412 0
855 0.005934672561021132 0.01473451826471391 0
856 0.00474989553704491 0.03216978607400389 0
857 0.01635548852774769 0.003760402465897941 0
858 0.01420752747809242 0.00189574004684755 0
859 0.01045430988037136 0.0007002547430245802 0
860 0.000874500839632494 0.02713151420098941 0
861 0.006913342850876128 0.002438068798278792 0
862 0.003054187917259791 0.02238839628469932 0
863 0.006042554089876057 0.01190523504263985 0
864 0.005891837975494823 0.02371109932519984 0
865 0.01551585892239048 0.03811583790654365 0
866 0.0008002515836307948 0.02539436368121709 0
867 0.004182979292095943 0.01462912539588884 0
868 0.006517532105268561 0.0006383240473207263 0
869 0.007044255415232224 0.006708490823455671 0
870 0.0162616423787604 0.03410291426866936 0
871 0.0179994878859172 0.0307266551789277 0
872 0.006853804754273783 0.03771160453718225 0
873 0.01912748160236854 0.01897030598860285 0
874 0.002719729425925427 0.02592513932509458 0
875 0.01082686986386105 0.0282056615541223 0
876 0.002210403043311033 0.01969923462890771 0
877 0.008951959795936996 0.007600889255273736 0
878 0.01626898147247239 0.03327526978679544 0
879 0.002345502133775271 0.03248766904987262 0
880 0.0110955817489488 0.002886256907844602 0
881 0.01216328168756166 0.02805639342253542 0
882 0.01057343930671753 0.0330866631637422 0
883 0.003510516567827939 0.03531761699358828 0
884 0.01664681724347604 0.00226877190645066 0
885 0.00783880250402574 0.02888953150422471 0
886 0.01541076055518662 0.006610286738749808 0
887 0.01921541514956965 0.02806130189060119 0
888 0.01231984242579751 0.01887831517571964 0
889 0.008924833819069675 0.01983326355257252 0
890 0.01534812377371391 0.03071554189873024 0
891 0.01005724480748421 0.01226090909425864 0
892 0.01196674241900632 0.03169028933347667 0
893 0.009926772430174997 0.0267670177290375 0
894 0.008054138691234175 0.004247196702257205 0
895 0.001780608847918551 0.0114481116333983 0
896 0.003574869076481635 0.004662637208360399 0
897 0.006310740851414195 0.01601280978385012 0
898 0.008271475182069957 0.02665045666793628 0
899 0.01599522746102639 0.03148841994086417 0
900 0.01275283242716974 0.006532115580629596 0
901 0.006249977944852305 0.02047918146700469 0
902 0.01320665613612071 0.03225973436391699 0
903 0.006003477599702989 0.0379457246876653 0
904 0.01204863147373739 0.01204261259875912 0
905 0.0007718367617238694 0.03434169641816094 0
906 0.01345795523976406 0.03933640281910923 0
907 0.0007361444089950594 0.009085569641415547 0
908 0.0129904497491307 0.01705963434285218 0
909 0.001925754691859741 0.03563060125924515 0
910 0.01067303553071714 0.004270805882688862 0
911 0.01219288735383746 0.003774873616963884 0
912 0.008415832244090028 0.01467266326771343 0
913 0.003879257210439131 0.01062446449462793 0
914 0.0126139682069764 0.02424214269492102 0
915 0.01191038054957203 0.0007199979716097961 0
916 0.009447455437256684 0.03616737963831207 0
917 0.004800092747008284 0.0154469004127142 0
918 0.004203615541898668 0.02286410374686598 0
919 0.01455749993046205 0.007030029228741569 0
920 0.004429501523447865 0.006020616577589106 0
921 0.01915595581272263 0.03376081625465408 0
922 0.01015159993647674 0.004895000689209041 0
923 0.01921907074460726 0.03299043096289543 0
924 0.008615734010448513 0.03403594645060279 0
925 0.01666462887740357 0.03026908240478714 0
926 0.004907938570012203 0.007550152386843206 0
927 0.01134846179027958 0.02256132618261484 0
928 0.01456914662020822 0.02488147000786761 0
929 0.01828600698566893 0.0008281418247676822 0
930 0.004436287035793829 0.01179484319676425 0
931 0.008823405285593267 0.002938973402077671 0
932 0.01613196891028906 0.008650982442418534 0
933 0.01065848973721093 0.0370610849043721 0
934 0.01798348388853547 0.02815850533214882 0
935 0.01125209801244472 0.02045298177582508 0
936 0.01926134607324977 0.03630955035869801 0
937 0.009683514062221295 0.01388570811491965 0
938 0.005732646354206861 0.00858132679055274 0
939 0.01100119992266943 0.02599276307116945 0
940 0.01792405579380785 0.02708274979416322 0
941 0.01007979495310684 0.008074788066513454 0
942 0.01084054637715776 0.007201558537006384 0
943 0.0008252764628249292 0.03222546557463168 0
944 0.0179364844758273 0.01883114424321218 0
945 0.0182438791010265 0.02551524877039522 0
946 0.01156246827657139 0.01351674548348153 0
947 0.01651904735345317 0.0006560987114504618 0
948 0.007925712191063942 0.03149897344503966 0
949 0.01407917773679826 0.03594220376154282 0
950 0.01529139860326417 0.00577700400142599 0
951 0.005913659089339668 0.03172105296283616 0
952 0.008760864902423175 0.01710393542817235 0
953 0.004884485035636345 0.02046208841111105 0
954 0.0007757884718782616 0.01938170510456177 0
955 0.01477982600947226 0.02283040254743659 0
956 0.01671297218937244 0.01819761190088985 0
957 0.01060440738018539 0.02304209917345987 0
958 0.00388135677856408 0.01307436057551073 0
959 0.0160049865121359 0.01424188709169561 0
960 0.01016620937305387 0.002098832981167226 0
961 0.004950440281059563 0.003703318103174983 0
962 0.00800285425883315 0.005701592090473072 0
963 0.01347372970966284 0.008925127580385476 0
964 0.01413241582837415 0.01151871861127197 0
965 0.01566705986892949 0.005045390784421766 0
966 0.009244849969010009 0.01467066603212428 0
967 0.0150561263385574 0.03225481865378278 0
968 0.01212794296335379 0.02160507133417146 0
969 0.004187422421850122 0.02074728255776875 0
970 0.012361748443949 0.009612223434717087 0
971 0.0040431206296181 0.03416372577122159 0
972 0.01732196042101159 0.03817528632358552 0
973 0.01032486780199215 0.03930001275000499 0
974 0.01404985944932105 0.006377771357939684 0
975 0.005217845047961518 0.0186537575186512 0
976 0.01183108685825478 0.0369834929324718 0
977 0.01209525155549915 0.03758041020344233 0
978 0.01337915360156692 0.0363610268699873 0
979 0.01715902648407237 0.001671900946431919 0
980 0.004806525431198343 0.005161368340888216 0
981 0.005342788132670673 0.01058261789594118 0
982 0.007525292326010173 0.02342827588710533 0
983 0.009195844929606001 0.02219270370572035 0
984 0.002060000993711583 0.02346039273881565 0
985 0.01787221674645365 0.0220169556162633 0
986 0.01092324897768939 0.0160764008551101 0
987 0.003175572553458714 0.03008359916676629 0
988 0.01064751078517443 0.02960890412208191 0
989 0.002169231883468459 0.008786501729611356 0
990 0.00494817509630176 0.03585233551406299 0
991 0.005495715375570965 0.0292635966325522 0
992 0.007327445882137155 0.02955401846337211 0
993 0.01156958533248494 0.02872662643155581 0
994 0.003029592787086895 0.03304308460448577 0
995 0.01813415309138724 0.009364186223713027 0
996 0.002582064073098978 0.03636939240201456 0
997 0.01828481605196491 0.002263898725085946 0
998 0.01564087830303146 0.00799569893290232 0
999 0.01220910764679309 0.02502228082789214 0
1000 0.001906172795149595 0.02806002082026265 0
1001 0.01117358124089426 0.03829025245698819 0
1002 0.00972577233464527 0.03179511416686038 0
1003 0.01047860215638296 0.0362086590856842 0
1004 0.009808768172743882 0.009754224155673908 0
1005 0.01333209286488129 0.007629838604655752 0
1006 0.01108369083528281 0.0274423920276981 0
1007 0.0173484752629826 0.03000428605713511 0
1008 0.00546228826275306 0.02176575751532423 0
1009 0.01935356235622732 0.03500415759766604 0
1010 0.006762478313368679 0.0218009096690946 0
1011 0.01932697131976227 0.02010088467848062 0
1012 0.007257312229872606 0.01214833481216961 0
1013 0.00846946116200612 0.01161856763304913 0
1014 0.0006770764528970068 0.03563408806286079 0
1015 0.0006334917097472279 0.007621186433525448 0
1016 0.009461578571962091 0.03404549513433683 0
1017 0.005423419982855167 0.03073450573726951 0
1018 0.01499574483956926 0.0006295317146203065 0
1019 0.008512230660198277 0.006441876939050795 0
1020 0.01467475118778949 0.0295087253523446 0
1021 0.01151146725032435 0.03443251461943278 0
1022 0.01405731528849756 0.01803751932802831 0
1023 0.003055834513107692 0.01777816749233724 0
1024 0.01474892721515559 0.03700681523312675 0
1025 0.0006805347237386662 0.02077402587454557 0
1026 0.003403721743418896 0.0006938274725434464 0
1027 0.01710070758803592 0.02888699878591054 0
1028 0.01004876538852909 0.01639215194286609 0
1029 0.001852655122128382 0.01005562024261902 0
1030 0.001810475641140169 0.03737361142618456 0
1031 0.01190876984903242 0.02367135180968815 0
1032 0.01939925394003452 0.02390638932667102 0
1033 0.005719173486678874 0.0005791206554134481 0
1034 0.01064911845179921 0.02672009520030392 0
1035 0.01392024032983453 0.02985073180492179 0
1036 0.01328327279807058 0.02572425166352864 0
1037 0.01420124475063951 0.008422095135101585 0
1038 0.01266115931892353 0.03520797082696135 0
1039 0.007430731438634068 0.02015541655733909 0
1040 0.0130510947004499 0.01565873014841999 0
1041 0.01369868116133762 0.02508706251424408 0
1042 0.01933720127989752 0.009997829154869495 0
1043 0.01135614870466436 0.01724852768640608 0
1044 0.005500227132174238 0.020892675320866 0
1045 0.0006671572338217344 0.01525609826086097 0
1046 0.01069511549994917 0.02161015453856486 0
1047 0.007366793893978858 0.00898948340101296 0
1048 0.001653712412095169 0.02423612770421996 0
1049 0.01694563366861098 0.005351151439279288 0
1050 0.00293364123363977 0.001992298543907998 0
1051 0.01146092244064885 0.001621286566607268 0
1052 0.0006641537459986992 0.0138199336383386 0
1053 0.006148551531642567 0.01333911256982321 0
1054 0.00743006447939922 0.01943463793601536 0
1055 0.0193175006006939 0.01617824438248098 0
1056 0.01930843097968316 0.03716498193499135 0
1057 0.009884630304098536 0.02522472762306201 0
1058 0.01940667228137202 0.005804577040203755 0
1059 0.01180705565027051 0.02614172233555648 0
1060 0.0006503422903832295 0.02788299315879547 0
1061 0.0006894270506331152 0.02316191541475448 0
1062 0.003218363816815151 0.01528244582474962 0
1063 0.01793889089248244 0.01598621451443142 0
1064 0.006055076952877063 0.01115079756069384 0
1065 0.005469780895084316 0.03672900706961983 0
1066 0.01925553334159042 0.0273718573260442 0
1067 0.003293664420046125 0.005561641240396438 0
1068 0.01057627478619721 0.001521082613682525 0
1069 0.004231185611827165 0.03938865303365686 0
1070 0.0166900869824993 0.02767116318050304 0
1071 0.004766733091261133 0.02526569824322162 0
1072 0.001966686208781704 0.006278439135975082 0
1073 0.01541012601530092 0.01621791740896717 0
1074 0.00181364740389512 0.003567927597927116 0
1075 0.01062738573521107 0.0088941437620334 0
1076 0.01528081244926952 0.02144427960447158 0
1077 0.0007406853053698731 0.02402662780845366 0
1078 0.009180892804453776 0.01033253182392802 0
1079 0.01215961435697994 0.01123915829990852 0
1080 0.0007113674056925343 0.01610627347309017 0
1081 0.0009042718893663339 0.02899129502889821 0
1082 0.01475165533792873 0.02008855853555249 0
1083 0.002684298612341148 0.01696234007377818 0
1084 0.0141526666537549 0.02078605853832924 0
1085 0.01141443789249902 0.02484454500471472 0
1086 0.0184188457246945 0.03595860904167306 0
1087 0.006111846145290941 0.01964703732839587 0
1088 0.01650869029466753 0.02186467117199312 0
1089 0.008481043839330819 0.03523820952098033 0
1090 0.00188600474491713 0.0007210933186257325 0
1091 0.006504999012597957 0.001793772239690739 0
1092 0.008975163276628397 0.02140824776664043 0
1093 0.01245359385746104 0.005804737499964671 0
1094 0.01173023441929952 0.01780697822882236 0
1095 0.009677458060666937 0.02746864969511722 0
1096 0.01572265732412464 0.03938528201717425 0
1097 0.01526377055872662 0.02766867071731609 0
1098 0.007330596994833708 0.004889953979992308 0
1099 0.01409033685723864 0.03817145762157075 0
1100 0.009905254571176617 0.02936046228309149 0
1101 0.01609443684190128 0.01544876472183754 0
1102 0.002000669113903479 0.002848573855325734 0
1103 0.01403363152894644 0.03342235211566703 0
1104 0.01070548694197799 0.01525229165595995 0
1105 0.006203398160758469 0.03636103037986153 0
1106 0.005063938498923044 0.02659388075193374 0
1107 0.009762884512577522 0.03810181473642633 0
1108 0.006349008336118345 0.02305655443260313 0
1109 0.01173273208403957 0.01931585114185401 0
1110 0.01935195518604184 0.0294148146794912 0
1111 0.0005880835565676076 0.01759960388456411 0
1112 0.001620704309970852 0.03444349073289625 0
1113 0.0126473884636456 0.03373057593674969 0
1114 0.01932576073560023 0.02141270204347677 0
1115 0.004286140760310154 0.01935548887691038 0
1116 0.002556347448952129 0.01894602237147475 0
1117 0.008525076727265154 0.02905986591104879 0
1118 0.0005894398354966707 0.00283410163947306 0
1119 0.005443683336867609 0.01716413319801552 0
1120 0.009299116529163565 0.009025643892902972 0
1121 0.01378082503196912 0.009990580098663335 0
1122 0.01166477841492031 0.03020610251121481 0
1123 0.0170578461348131 0.007672147432091738 0
1124 0.005330234632787914 0.0278080861875512 0
1125 0.009410930448885682 0.01840533342906428 0
1126 0.006724452068448641 0.01082517482174988 0
1127 0.01146806958372367 0.006600426893279715 0
1128 0.01788735644586114 0.01802477480298197 0
1129 0.01686808155630127 0.009987114516937592 0
1130 0.01396120398658466 0.01486552313529586 0
1131 0.008007468652489773 0.01085610728278999 0
1132 0.01211209271406924 0.007022335872491755 0
1133 0.01349029225759746 0.03158810892316087 0
1134 0.009007742245980044 0.004196096863232027 0
1135 0.006509962297230183 0.00786400693274957 0
1136 0.01155530366420898 0.01068512152042189 0
1137 0.0102958786175985 0.0128933248719958 0
1138 0.01641312938777523 0.02401290969005316 0
1139 0.006327940782673028 0.02702029068632748 0
1140 0.01603505959592566 0.01675337019202503 0
1141 0.003461483881420351 0.03153417725792793 0
1142 0.004093615645051379 0.01721981766708857 0
1143 0.0006768291298411416 0.02157555910097578 0
1144 0.009781805852929261 0.02055975913991851 0
1145 0.01407137857624906 0.02663617085870816 0
1146 0.00159823464108425 0.02888022932190621 0
1147 0.001758748086685776 0.01707075808822074 0
1148 0.007548671584624269 0.00712016156593577 0
1149 0.0031814950577132 0.003256233131719528 0
1150 0.008134344260231418 0.03936904404694198 0
1151 0.008183568126969725 0.03667064545838415 0
1152 0.002976834276489521 0.02363508468145331 0
1153 0.01836581830648364 0.0327238910386836 0
1154 0.006224955178790476 0.003211313882202579 0
1155 0.0006080489357838045 0.005481350712832095 0
1156 0.01260544621922154 0.01429710249259032 0
1157 0.009536167420156932 0.01107065403214758 0
1158 0.006172374351499908 0.009778633581543118 0
1159 0.0006359471908144766 0.0309646279128349 0
1160 0.01031333265950097 0.03850327725367578 0
1161 0.01047236384907626 0.03182058611491942 0
1162 0.01540158042785932 0.03309214829875638 0
1163 0.008439299476015136 0.02035728886747357 0
1164 0.002694403748438439 0.00994531711323224 0
1165 0.01669091677265678 0.03106614471400648 0
1166 0.01478138638988792 0.03363515069641126 0
1167 0.004070199312779802 0.02404902279252581 0
1168 0.01728791914710345 0.02035731916481058 0
1169 0.01772808846350416 0.01012851737761555 0
1170 0.002697333407163913 0.002669433595354175 0
1171 0.008045620604190496 0.0006076227098259154 0
1172 0.01538342428056322 0.02255290140439113 0
1173 0.003105669546182571 0.006687101150603322 0
1174 0.008597972698320477 0.0244328385259069 0
1175 0.01216914150218145 0.03315516803653777 0
1176 0.0007297426173619587 0.0297775908480327 0
1177 0.00655296807546056 0.03145605815590159 0
1178 0.007885829474550653 0.01601753546048676 0
1179 0.0007252096496976959 0.006312013832416068 0
1180 0.0006934998493396596 0.0006893350319619948 0
1181 0.01932654212784354 0.03933039895202716 0
1182 0.006327299582817325 0.02911960180053003 0
1183 0.01757525511752147 0.004124148301204618 0
1184 0.005171052951081606 0.03933652869945823 0
1185 0.01541635454242719 0.002691110774657071 0
1186 0.01698959805535603 0.01416287567599708 0
1187 0.00335700119766119 0.008070670942141847 0
1188 0.01263584124319275 0.02092717014147356 0
1189 0.006779991103808361 0.03077659580509558 0
1190 0.001821343509560931 0.02165716835058154 0
1191 0.01460295582211916 0.00278379230863476 0
1192 0.00562056492298216 0.002627237324800132 0
1193 0.0104643879500115 0.02013827660007582 0
1194 0.009263197229671423 0.006112755719013849 0
1195 0.009516739164119608 0.02621789703120953 0
1196 0.001730742603519728 0.03319060812661778 0
1197 0.009812898362782726 0.01520165119794297 0
1198 0.01731359760016615 0.03134714929347462 0
1199 0.00826785036512716 0.01773023921555768 0
1200 0.002778748184073663 0.03385958141521844 0
1201 0.01837341720816053 0.007946095954963116 0
1202 0.01727080387111201 0.02632485785877679 0
1203 0.003573516061936673 0.02019852881346817 0
1204 0.01940172824044924 0.002807342222158161 0
1205 0.002004075039047783 0.03386002722716539 0
1206 0.01629847130751131 0.004668477420830115 0
1207 0.01320564400374974 0.002555929672346923 0
1208 0.004399689027777296 0.001512215541371559 0
1209 0.01345692902535599 0.02194601798247733 0
1210 0.004461336348665862 0.01799005828174266 0
1211 0.01722765224682331 0.03693266352746405 0
1212 0.006360002836931144 0.03925245633856529 0
1213 0.004150633938784848 0.03353326458663401 0
1214 0.0106732590506859 0.01168741015420451 0
1215 0.01576225332120447 0.01364162670571199 0
1216 0.0005226157307068879 0.01054964464123813 0
1217 0.005136062662629854 0.01233386641128822 0
1218 0.003760213134075109 0.006939017096517015 0
1219 0.01406235642978274 0.03740348044681668 0
1220 0.006418177616241805 0.02828680908249414 0
1221 0.0006459381484551028 0.03935396091925599 0
1222 0.006758010116874767 0.02105622557839978 0
1223 0.01784814741572015 0.03341949393418589 0
1224 0.01730041956632612 0.03207062530287353 0
1225 0.001690635228947015 0.03010844427916266 0
1226 0.01458167223999588 0.02149621189529274 0
1227 0.01190785842508958 0.02298190425491876 0
1228 0.01842448929974876 0.0375315915983514 0
1229 0.001753253607193705 0.001641005837017883 0
1230 0.008588608375321619 0.005217498620317451 0
1231 0.004111411284043549 0.0369409040612623 0
1232 0.008970097010870627 0.001516973942056483 0
1233 0.00950116337426201 0.001945612672444263 0
1234 0.01757023793436654 0.02763067602055636 0
1235 0.004510390549804319 0.03830864757531717 0
1236 0.007448619360749381 0.03429406999079428 0
1237 0.01856005243148848 0.02030976843108346 0
1238 0.01606809875603177 0.02343850074676928 0
1239 0.01589351683804459 0.007297307669840832 0
1240 0.01839914938191699 0.02257646514031844 0
1241 0.007441586992123043 0.0319782180040958 0
1242 0.01499771129664352 0.03938603432997755 0
1243 0.006023639142973428 0.004743025934027558 0
1244 0.01940187249635132 0.01836285197204879 0
1245 0.003540291891888988 0.02272264549176197 0
1246 0.009383627469026455 0.03522029031735917 0
1247 0.01503784035994061 0.0093286912315261 0
1248 0.001526096752244651 0.02659609170452832 0
1249 0.01621291863547183 0.02695681363017277 0
1250 0.01343865706586659 0.0263542790240429 0
1251 0.008811775219426773 0.03083757837139613 0
1252 0.01363643642113421 0.005114557258057848 0
1253 0.01673519449576052 0.002988831505762981 0
1254 0.01593338256577776 0.01981913154066308 0
1255 0.01553652375200782 0.03458135098283144 0
1256 0.009620456085847811 0.03946673305100087 0
1257 0.01794240904082492 0.03861614829382959 0
1258 0.01686307086937595 0.01123575046110576 0
1259 0.01943775521059817 0.02323544976647476 0
1260 0.007112752385028455 0.02735967174758349 0
1261 0.0193300608090558 0.02609355215725642 0
1262 0.006783801582983818 0.02456992398520308 0
1263 0.0083149357965615 0.02328744078567932 0
1264 0.004226687833864718 0.008431393307462997 0
1265 0.006957616313360155 0.01759157777016839 0
1266 0.005240010339342313 0.03263496004234294 0
1267 0.01566168528386197 0.02581023405878079 0
1268 0.002877812425646609 0.02032274790637758 0
1269 0.003447153443558506 0.0257546704605181 0
1270 0.01092248145373358 0.03117849397769063 0
1271 0.01710248867348128 0.0197076006892102 0
1272 0.005708131511992866 0.001879946742801474 0
1273 0.01570610464020627 0.02831865938747899 0
1274 0.004238507973859038 0.03097930021750341 0
1275 0.01613589011009316 0.02924602660477218 0
1276 0.001279908541939505 0.03582565138573737 0
1277 0.0141413956276185 0.003932238365619407 0
1278 0.01549829080175174 0.01211877943152791 0
1279 0.0111103839934057 0.01291859957707856 0
1280 0.003292222159869436 0.02158536628150672 0
1281 0.01714079209479107 0.02405655690833719 0
1282 0.004679000230420885 0.01304786274399524 0
1283 0.01323754065842271 0.01991983791534669 0
1284 0.005303898216300422 0.03851434873563733 0
1285 0.003315634244804458 0.009250165325050982 0
1286 0.006309569771543415 0.03560604207406271 0
1287 0.01829454608906611 0.01522761297631318 0
1288 0.01955319803241773 0.030893579368233 0
1289 0.01032923176534063 0.01939373177940811 0
1290 0.002109957229378409 0.03865078479458738 0
1291 0.01157229672590669 0.01490523077416678 0
1292 0.005631754792859885 0.003959552267856718 0
1293 0.01487782752563373 0.02566953289450135 0
1294 0.01323429554580951 0.01035042263969632 0
1295 0.01855662526860422 0.03152046916203821 0
1296 0.01852408722848919 0.004719397551401265 0
1297 0.01101680009932163 0.02530536586886288 0
1298 0.002563194045161176 0.03037712718399776 0
1299 0.006594018025946993 0.01660841289714667 0
1300 0.01417332317388846 0.02293132075915926 0
1301 0.01936151232351986 0.008688925904294428 0
1302 0.0118980078773679 0.002986791080845944 0
1303 0.007437007126465034 0.02420681535640332 0
1304 0.00744395719213344 0.03635935555710763 0
1305 0.01515800518239388 0.001489320491802563 0
1306 0.01531960329864398 0.03542239627821821 0
1307 0.0193539453991732 0.01134860778014308 0
1308 0.004620800107453352 0.02604803285066062 0
1309 0.004144948810604539 0.01004818653739658 0
1310 0.01868234296730232 0.03513207799914949 0
1311 0.01219465419929877 0.004532314877079696 0
1312 0.001533543021327473 0.0206539537339222 0
1313 0.008635973744390228 0.008179620828346159 0
1314 0.01499423362633974 0.02375873528082547 0
1315 0.01740129161910611 0.02324433520802493 0
1316 0.007632580892742534 0.01362777718418424 0
1317 0.01861599803666537 0.02949438385656104 0
1318 0.001369013740870095 0.01493044483150188 0
1319 0.008561206850664006 0.009390914045014055 0
1320 0.01430712473522527 0.01606412724432088 0
1321 0.01342240657096568 0.004273281740266352 0
1322 0.01947196568233496 0.005134127370559476 0
1323 0.01608867152248783 0.02472079436860795 0
1324 0.01282209490735111 0.009120686735838985 0
1325 0.001434367875878547 0.02296123031667509 0
1326 0.01853716443984364 0.02110302195426926 0
1327 0.01347599835511569 0.0114410234650587 0
1328 0.003274381882211552 0.03596811206258434 0
1329 0.002782989790505391 0.0349521276461047 0
1330 0.006941664825344584 0.03531781541084555 0
1331 0.008127348578879076 0.034507758286068 0
1332 0.01825673150222178 0.005783783363433881 0
1333 0.01443879917815569 0.01948259281580677 0
1334 0.01296555033493116 0.0275978389504396 0
1335 0.003811304588688821 0.02510085852214865 0
1336 0.00154024902999369 0.01621253140744566 0
1337 0.001342766636693261 0.01411435148658081 0
1338 0.01161179848828734 0.03221916928032285 0
1339 0.0169846237292165 0.01730842299921626 0
1340 0.00647279228196238 0.01420948851955395 0
1341 0.01471277777163903 0.005677075397436043 0
1342 0.01788788002437574 0.001633287159728315 0
1343 0.007331720992532128 0.03363410213128291 0
1344 0.007572806465802343 0.007701341417510369 0
1345 0.01070886537348813 0.01840097839394648 0
1346 0.006459116999347496 0.01539955512448044 0
1347 0.01773746523040523 0.007281503611464219 0
1348 0.0114154775235445 0.01227482415002687 0
1349 0.01944598564962143 0.006638768852609583 0
1350 0.0006467830607781774 0.03366158806476569 0
1351 0.01394248113768379 0.02862128180310063 0
1352 0.009145441310385995 0.005354048767730712 0
1353 0.002233462829434041 0.01218652291948225 0
1354 0.01299361400703209 0.01879258394657205 0
1355 0.01945248934195644 0.01303412963183267 0
1356 0.00413299219225657 0.02148398591065894 0
1357 0.01717080056661831 0.0005727561728546098 0
1358 0.00570714955209177 0.006225101024664635 0
1359 0.002671819265987379 0.0005420070141417266 0
1360 0.009072703471852059 0.01336785924934135 0
1361 0.006581357947525419 0.01920582653079926 0
1362 0.009360077331666116 0.01749572278789757 0
1363 0.01766739899961874 0.01221940841504498 0
1364 0.001459538132198134 0.03812946557229836 0
1365 0.002893662095345416 0.02921974332941098 0
1366 0.01934414494644996 0.03842375209139147 0
1367 0.01085028145246649 0.03240698007505791 0
1368 0.01743047120843536 0.02099959200431593 0
1369 0.006941435492131677 0.02048859986402235 0
1370 0.01575759991382001 0.0004884733867770406 0
1371 0.00809690972716855 0.008840153439361238 0
1372 0.01730535763011766 0.03952571933920888 0
1373 0.002631810896063336 0.01413354015852388 0
1374 0.00948490455087766 0.02341561758630613 0
1375 0.01468806226360582 0.02884888525159101 0
1376 0.0085226574680945 0.0225286972611824 0
1377 0.01050128509813454 0.02411551360611848 0
1378 0.009701791380863731 0.02867521473407868 0
1379 0.01657306414234321 0.007138353252848123 0
1380 0.003939136258805831 0.02629858994839923 0
1381 0.007518940764438903 0.01649538766427709 0
1382 0.007543161397000364 0.03083688682887608 0
1383 0.003093699163725691 0.01143892916895162 0
1384 0.01937019981851443 0.01434138153957144 0
1385 0.002823827661305532 0.02463276560797587 0
1386 0.002739032817844139 0.02100346525592918 0
1387 0.01717792000730024 0.01328140412993491 0
1388 0.01137462197874707 0.005172007079536177 0
1389 0.002698476171545913 0.03951537500192486 0
1390 0.01788156964410726 0.03478331722952843 0
1391 0.004757515388015743 0.02418755823618702 0
1392 0.01939668065578403 0.02541682459453404 0
1393 0.0186463632788463 0.008698449826229289 0
1394 0.009105222082896526 0.02857237308477729 0
1395 0.01937602745636525 0.02205712825602145 0
1396 0.01616682461761296 0.01260409892369318 0
1397 0.008462111405463973 0.03862785159979835 0
1398 0.01041947829719261 0.01032937446315941 0
1399 0.01322485958580091 0.01262837133841934 0
1400 0.01050909160834685 0.01405857085690334 0
1401 0.01367423986932433 0.01866187533465288 0
1402 0.01807428321644826 0.02328248249380782 0
1403 0.003970061333598375 0.002993070335519724 0
1404 0.006576540439639623 0.03277929696920345 0
1405 0.0112699808152871 0.01411973135727655 0
1406 0.01395926583098995 0.01353819408301349 0
1407 0.009938597219263542 0.03738239178163343 0
1408 0.009392650577014808 0.03695470986310855 0
1409 0.008261291296352738 0.01393160804590757 0
1410 0.009043073601745975 0.02782461162599702 0
1411 0.01100281703068723 0.03946121718537003 0
1412 0.004869811090017196 0.009329347611359895 0
1413 0.01826598857780455 0.02396742918493926 0
1414 0.01280200844387385 0.02687004807709483 0
1415 0.001848311889655332 0.0312692451345369 0
1416 0.001666183821078981 0.0319144537093253 0
1417 0.01289599483593397 0.01768166076705412 0
1418 0.009132828976460393 0.03841421689277371 0
1419 0.004062301814475902 0.03880388160959241 0
1420 0.01856282369497951 0.02825194820083855 0
1421 0.01186479821008505 0.009323779851378831 0
1422 0.01427277714197652 0.0004940928304108874 0
1423 0.01518858780143062 0.02992615969825892 0
1424 0.009391981218256953 0.002583458167936814 0
1425 0.0005563203925061135 0.03165074810815206 0
1426 0.01078625596098521 0.03561538675318246 0
1427 0.01858614956185335 0.03821198978215446 0
1428 0.007818430309681504 0.01006536825382263 0
1429 0.0006189934585750477 0.001570257469035823 0
1430 0.01860998914815844 0.0261681563352323 0
1431 0.003067543640427836 0.0384628902483988 0
1432 0.009685964203818042 0.0191332533336903 0
1433 0.0005088000187157427 0.03879540473842276 0
1434 0.0111554797372525 0.0004403314181643837 0
1435 0.009292051576363432 0.0329081606362546 0
1436 0.005181397329615297 0.008138102923130953 0
1437 0.00745706780232706 0.03251241297754352 0
1438 0.007086704155695706 0.0182214772887485 0
1439 0.01850204728534852 0.01910313159336204 0
1440 0.00126054871987729 0.02184476584381411 0
1441 0.006381042309200577 0.008453156363982316 0
1442 0.0004920278215002245 0.03726044972157225 0
1443 0.01741362421256186 0.03533480348786642 0
1444 0.01570102434442707 0.02200736334742782 0
1445 0.006066984821731525 0.02438414208658324 0
1446 0.01873695287911945 0.0394710255471524 0
1447 0.0124971651866311 0.0228255711182797 0
1448 0.006050790702375659 0.03031671174782295 0
1449 0.0125346702859113 0.01669149289055562 0
1450 0.002626848538724659 0.014789650623048 0
1451 0.0005536474864859253 0.03501873124934531 0
1452 0.01204502105453722 0.02679486555122525 0
1453 0.01017874419657031 0.0306086845704724 0
1454 0.008675982373319685 0.01853953454671723 0
1455 0.002034844305505927 0.02111422661002161 0
1456 0.0004927584071282749 0.0200148507220828 0
1457 0.006741138612187883 0.004503336361944957 0
1458 0.002130783105030442 0.009500739073339107 0
1459 0.01220836211806447 0.02567818339871443 0
1460 0.004883405801963074 0.03716156979261197 0
1461 0.007598183076991252 0.01724714429171535 0
1462 0.01826751932082155 0.01294616230514909 0
1463 0.01750829799378101 0.008931367369942125 0
1464 0.007951732761457473 0.02467690720731861 0
1465 0.007920727869889557 0.02221648364496298 0
1466 0.001684628143874061 0.02011191052531839 0
1467 0.007179746193409371 0.01441286323496759 0
1468 0.003692609173527872 0.01423272261201608 0
1469 0.001232065440723105 0.0005131575040271605 0
1470 0.01947271806844016 0.02868073315322058 0
1471 0.01438425444698889 0.005068906566208559 0
1472 0.009497545813422274 0.007324542916435483 0
1473 0.002636432377875582 0.02806831895093641 0
1474 0.01073318961886635 0.03442635835359676 0
1475 0.004999651469316906 0.006408582890918849 0
1476 0.01942145186115389 0.03431477611185795 0
1477 0.01394802050340374 0.02355647403345586 0
1478 0.01097364907683169 0.0290075665907518 0
1479 0.007537772025017367 0.0394338327206423 0
1480 0.009482042352790682 0.02113361140987015 0
1481 0.01948135556644955 0.03243706989050273 0
1482 0.008526969414746772 0.03185533891846927 0
1483 0.0005012619780348816 0.01687569422847377 0
1484 0.01594858200955141 0.03876555773214047 0
1485 0.007878370125743654 0.03024468328176599 0
1486 0.01463857676363877 0.01390310327365931 0
1487 0.01942667417682698 0.01548821316525971 0
1488 0.003276054684593743 0.0279141402252917 0
1489 0.002837364508710092 0.02684450436217143 0
1490 0.01605188843200673 0.03660183979455613 0
1491 0.01659090556078978 0.01575774308926568 0
1492 0.01847460762829846 0.01648424305294496 0
1493 0.009944941342831942 0.003518559808161768 0
1494 0.006848797200777125 0.003815203883508454 0
1495 0.01692802944792551 0.009186998289486652 0
1496 0.00882928338906225 0.03723727165636531 0
1497 0.01021410307112506 0.01097663563092697 0
1498 0.01510284950925886 0.01336944224919478 0
1499 0.01335100275151219 0.02117600859027683 0
1500 0.007579566480066969 0.002239247698475281 0
1501 0.006525620784135861 0.0185983759349061 0
1502 0.01298199661731499 0.03107667965496377 0
1503 0.01585388234636172 0.01919967210526291 0
1504 0.01585545454842262 0.001424511102494874 0
1505 0.01398706947232085 0.03048367824274755 0
1506 0.007273027324368003 0.03846006640160492 0
1507 0.005481991297607632 0.005190995312653148 0
1508 0.009433168874402041 0.02977355422609401 0
1509 0.01009429438750507 0.02807454213171767 0
1510 0.01349183928529277 0.03502181304233437 0
1511 0.0005677690069181354 0.003420708509760673 0
1512 0.007758728167863152 0.001187933951970119 0
1513 0.01102534493507947 0.01029635773678871 0
1514 0.0140749029908022 0.003233766831162058 0
1515 0.00856971921969164 0.03611390954809736 0
1516 0.01676206392733342 0.03865659746023935 0
1517 0.0005670989467215382 0.004487995429464384 0
1518 0.0004926885746583676 0.02470593965685503 0
1519 0.0005844014546895135 0.01323230247098229 0
1520 0.01180800546587506 0.03634727313216089 0
1521 0.01263693978057553 0.02028320807213352 0
1522 0.01324413247330516 0.03046398372803624 0
1523 0.0004567863337966854 0.008285752417006409 0
1524 0.002563941695197193 0.005613662029980367 0
1525 0.009752671816655709 0.0005850296443856047 0
1526 0.007480376788583289 0.02625018857299717 0
1527 0.008197960448671946 0.01551427730473394 0
1528 0.01209982761296985 0.0156260089413617 0
1529 0.01844851742199137 0.03384680079690705 0
1530 0.009991600641344866 0.01709594550708296 0
1531 0.006039845418875405 0.01257775728263435 0
1532 0.01452947457536058 0.03639905471345001 0
1533 0.002369413919504244 0.02241881357266079 0
1534 0.005852570206251556 0.03505271803266399 0
1535 0.01950403702464163 0.008163272922737762 0
1536 0.007784978123208058 0.02533304980218095 0
1537 0.01108145646050952 0.007755907650785454 0
1538 0.01054674654274924 0.007721904975620584 0
1539 0.002328911358932331 0.00453502711420704 0
1540 0.01470585593002762 0.01828099691284493 0
1541 0.01297590513661438 0.02303816543403618 0
1542 0.01343395164016935 0.003056949821221663 0
1543 0.007305272961070947 0.01109569612393996 0
1544 0.001503657923781402 0.01830102315413844 0
1545 0.01940503375198767 0.001413984353426847 0
1546 0.01146659734579187 0.002401333442495539 0
1547 0.013549101346805 0.03323157176295602 0
1548 0.01473643681394483 0.008717269570022617 0
1549 0.01404220112027788 0.01281017854980537 0
1550 0.004440190262520482 0.03533557191327735 0
1551 0.007346579586392791 0.002860566686371212 0
1552 0.005376372457620495 0.02249304629757571 0
1553 0.002276393282816962 0.03758708312696809 0
1554 0.01001778572122289 0.02202524341144195 0
1555 0.002282798774170671 0.003943421872241906 0
1556 0.005214259698402507 0.02367489420778901 0
1557 0.01744932721855885 0.006509891621087931 0
1558 0.01527191610500069 0.03747691299263725 0
1559 0.002864204745080317 0.01211879844660686 0
1560 0.008540057155544853 0.00468457120434735 0
1561 0.005377278048200694 0.03208450046417229 0
1562 0.01941488955976146 0.01951814370279723 0
1563 0.01628747385573033 0.03216560185833134 0
1564 0.0012126652056222 0.03951087236370032 0
1565 0.01886450981557339 0.006893823994495799 0
1566 0.007467020520030292 0.02840359196112372 0
1567 0.01327617019347855 0.02448413336802977 0
1568 0.0105337191566048 0.00270053327109564 0
1569 0.001686392749597693 0.01066253652883005 0
1570 0.0005526659302705766 0.02845002222042779 0
1571 0.002663046332346093 0.00753897196041012 0
1572 0.01699168885267289 0.01203383897155109 0
1573 0.004638647976594209 0.008060328420503691 0
1574 0.004188832524784339 0.01603060052186899 0
1575 0.0117750387451715 0.0274915857162285 0
1576 0.003727797053575337 0.01960623101012901 0
1577 0.01299444566886901 0.003710645467875216 0
1578 0.01256977088039738 0.03875541452009795 0
1579 0.01854454839192066 0.03024926550291621 0
1580 0.001387243373970747 0.01275046481986112 0
1581 0.004961457398352904 0.02468241953406424 0
1582 0.004031265068707921 0.03227098297501233 0
1583 0.01481123342164428 0.0385289472224485 0
1584 0.005775379460335443 0.0395677773665748 0
1585 0.01509479682938501 0.01002610486993085 0
1586 0.007365595057227075 0.03571414000451094 0
1587 0.005437785222858723 0.009920997502632667 0
1588 0.01884691825631088 0.02503871660982717 0
1589 0.001902712558111088 0.02940236376492179 0
1590 0.01553375799797375 0.01561802970402662 0
1591 0.01212409684579313 0.03934718036624182 0
1592 0.000432108462390144 0.009811498164241483 0
1593 0.001441861377153644 0.03681101825324153 0
1594 0.002680037145806216 0.01337385961891305 0
1595 0.01953792062463338 0.01685994385970779 0
1596 0.006764062436829381 0.02516000227503219 0
1597 0.0022228088991785 0.02748050024670617 0
1598 0.01793968652300648 0.02135825010282689 0
1599 0.01161502109452432 0.03333573654531929 0
1600 0.006087165419139259 0.03859964547211111 0
1601 0.01561269128933927 0.03195239999098274 0
1602 0.002088318910568798 0.03500471624892176 0
1603 0.01487727110888047 0.01711485651135332 0
1604 0.01529174767561271 0.03628870336232835 0
1605 0.01467811018350557 0.02649429541012523 0
1606 0.005565538570622003 0.0193506789013007 0
1607 0.0113587371545939 0.02115912769601756 0
1608 0.006770329258965373 0.001214499152363265 0
1609 0.01360596021255894 0.002120085968474773 0
1610 0.01040498627588794 0.006878419208148245 0
1611 0.01057014220046808 0.01743383396989815 0
1612 0.01178426639830748 0.005816690023041199 0
1613 0.01834670103451826 0.02669910160753468 0
1614 0.008784487086162135 0.0297009267394249 0
1615 0.01295645656765381 0.01640656171698172 0
1616 0.01494854128126788 0.03423579942381738 0
1617 0.01754222435161885 0.01107828012197866 0
1618 0.01259202070320676 0.02931053852648455 0
1619 0.01638761881317192 0.03602045048064305 0
1620 0.005044473591855193 0.01665633819112218 0
1621 0.001594739393473309 0.02504188975809344 0
1622 0.01443324962694051 0.0153523008226748 0
1623 0.01959761711996802 0.03568059028651594 0
1624 0.007050926430167076 0.01518988987434904 0
1625 0.01959130984768218 0.0003899328964625699 0
1626 0.00848863706475511 0.01915882676566944 0
1627 0.005563371151616259 0.03733878047224885 0
1628 0.000530267433142247 0.01219944204354917 0
1629 0.005026422254407015 0.02891586271099056 0
1630 0.01490060630326375 0.01278211718925362 0
1631 0.01604684786029928 0.0009971573337894876 0
1632 0.01044307470413331 0.03507712975308996 0
1633 0.001459430987814335 0.03081071603073362 0
1634 0.01960102931173777 0.02077310510483232 0
1635 0.003476114046836567 0.002042566483708486 0
1636 0.01762974063741756 0.02579407547904642 0
1637 0.005968297471232872 0.01837037918648986 0
1638 0.01046651428763506 0.02542962260851453 0
1639 0.01671193880412079 0.02519872212052528 0
1640 0.01664306441074197 0.03714189755911075 0
1641 0.002980692296727789 0.00870115708566406 0
1642 0.001595260318887397 0.004817698269760227 0
1643 0.005344175052371257 0.01423286814385765 0
1644 0.01434355967094968 0.03244617065532322 0
1645 0.0157283862548347 0.01098358344455192 0
1646 0.009485318227504454 0.02563637618202161 0
1647 0.01761567850786348 0.03760566942899622 0
1648 0.00172548284722553 0.007217612793911417 0
1649 0.009533445412018986 0.004720850367767156 0
1650 0.004417690009630693 0.01669934078698737 0
1651 0.008302350841499028 0.003104314729716048 0
1652 0.008428423238999908 0.00256268475581 0
1653 0.007276801488171168 0.02145116575587855 0
1654 0.004954948435362822 0.02298160227978234 0
1655 0.01230853824601698 0.03441234996294026 0
1656 0.007016388549416953 0.02800462422319882 0
1657 0.003330805611448459 0.01305826328959655 0
1658 0.01483833743116182 0.019070910583927 0
1659 0.01689487432018417 0.03426378105000532 0
1660 0.01192329134245292 0.02924471922190814 0
1661 0.01740605152428597 0.01836373587246978 0
1662 0.01256610144718224 0.00254280177683602 0
1663 0.01007937880797952 0.02136718889308161 0
1664 0.007806437319369348 0.02156882240201263 0
1665 0.01364525008029275 0.02928858356204393 0
1666 0.01663614838349839 0.02650059342393999 0
1667 0.01465813002859296 0.03164071152343265 0
1668 0.006649371597393258 0.01211759243727885 0
1669 0.01514825743519997 0.01450264455252625 0
1670 0.01535461011373999 0.02456187021119666 0
1671 0.01655150259325299 0.0188191878470743 0
1672 0.004618389524039352 0.03464383038614929 0
1673 0.005328771217591557 0.03441836518535304 0
1674 0.004982294077320495 0.02997126160930932 0
1675 0.008369493703540792 0.03346881074977746 0
1676 0.005973031970097851 0.02774266823416195 0
1677 0.01957855856535886 0.03017924566310214 0
1678 0.008127237668575664 0.03808727702735316 0
1679 0.006836995362341744 0.03678159702363126 0
1680 0.005048369250094381 0.002901521889468808 0
1681 0.007961396046714409 0.02825821100103427 0
1682 0.00503764638440266 0.0004965051058873904 0
1683 0.01781890185978563 0.0004920129443877486 0
1684 0.01254339952502813 0.0004006828000614124 0
1685 0.004714279252442005 0.01414770791109716 0
1686 0.01572751408266053 0.009109003662994053 0
1687 0.008560322228506084 0.03288556212379841 0
1688 0.006672392454259351 0.01022736573410546 0
1689 0.01016812100010389 0.01345047366272481 0
1690 0.003205412115739836 0.02312455743340474 0
1691 0.01276136296422094 0.008593520952231225 0
1692 0.01155138777223663 0.03508259051062186 0
1693 0.001896123011454014 0.01786984163041981 0
1694 0.00354493001028572 0.01842895708139965 0
1695 0.01610389423699752 0.01799041357728553 0
1696 0.01737706241685023 0.01654970383666678 0
1697 0.01073634496776327 0.0236238797737899 0
1698 0.006933803377007258 0.02323591169978775 0
1699 0.0003887791346901207 0.03256358501677978 0
1700 0.0127424065702885 0.01019301583619248 0
1701 0.006814282482438636 0.02933944905644218 0
1702 0.01538839734078125 0.02015738465292618 0
1703 0.001439808633969329 0.008678307996955851 0
1704 0.01780146626102001 0.02431875825801104 0
1705 0.01530750337164635 0.004685184555371402 0
1706 0.01874112941533759 0.0004641325510834106 0
1707 0.0005061878768358435 0.01121415601908941 0
1708 0.001643037190571168 0.002371302776096696 0
1709 0.008462998234247577 0.03024181735704101 0
1710 0.009296301367461141 0.01521958297846643 0
1711 0.01425428516243511 0.0172253585896663 0
1712 0.006898504648781808 0.0345998944369892 0
1713 0.007815505417592572 0.02727885075212059 0
1714 0.005602551024771967 0.01350906795056564 0
1715 0.01398085852952312 0.001343932378487303 0
1716 0.01274194275401315 0.02835329420416315 0
1717 0.0176366166920116 0.01731602932910347 0
1718 0.003075588955492585 0.03703839833107522 0
1719 0.01666833326342431 0.0105922743016926 0
1720 0.01951469879664191 0.01064832320627205 0
1721 0.006537675578570745 0.005784750394065943 0
1722 0.01884809953359945 0.02427311279549598 0
1723 0.0005396051468157664 0.006901336673070718 0
1724 0.016515202994601 0.0258725353789949 0
1725 0.01697414660825587 0.00109353802851158 0
1726 0.01502419034565359 0.01513846422013966 0
1727 0.01850969025913324 0.003501187906750709 0
1728 0.0123786623855573 0.03124191865127211 0
1729 0.01112135489215606 0.02995231436441587 0
1730 0.01289389434209452 0.01308653795403033 0
1731 0.002855095562034831 0.03181655701306603 0
1732 0.00202962159938277 0.02284904127842518 0
1733 0.007013754952457955 0.02675473366983224 0
1734 0.002529360381243944 0.01813876129680003 0
1735 0.01335744676620258 0.03699281502492333 0
1736 0.01957422394093102 0.01370497181415999 0
1737 0.01357148633196448 0.01446671888315006 0
1738 0.0004754999927876341 0.03032113279048797 0
1739 0.002004005851739115 0.03680009251271951 0
1740 0.005985608180948796 0.02961990418369058 0
1741 0.01743257394595241 0.02941210301008099 0
1742 0.01403042203842035 0.02714638619439674 0
1743 0.01771410639041872 0.01438417023423375 0
1744 0.003659480252940502 0.01489522550904364 0
1745 0.01368247139795998 0.008159732966056587 0
1746 0.005355914684617892 0.0150085295494732 0
1747 0.008664061806598369 0.0005356789816953547 0
1748 0.01704484438259722 0.01534315026429208 0
1749 0.01564654001581962 0.02644241127091111 0
1750 0.001289157741370586 0.007895246246723796 0
1751 0.01670013246946376 0.03787858963634517 0
1752 0.01435977997371877 0.0240555979861981 0
1753 0.01271013083119641 0.02553373892985417 0
1754 0.00933116745192354 0.02021110499231606 0
1755 0.004324181717664258 0.003610959828682401 0
1756 0.004539167851708619 0.002585581297947219 0
1757 0.001374724302982773 0.01962116959153467 0
1758 0.01466106433543679 0.03535375679396777 0
1759 0.008478783053894157 0.03129338380244129 0
1760 0.01491658370672745 0.01041365121805331 0
1761 0.005254100143321219 0.01602536078906458 0
1762 0.01602469737943136 0.01143831808068275 0
1763 0.01198867337846247 0.03541894278151263 0
1764 0.01826711197022979 0.03218183898922838 0
1765 0.01712423077758937 0.03308768834968043 0
1766 0.008798938827706916 0.02370821428340143 0
1767 0.01486560530599995 0.01163177754532265 0
1768 0.0128695701712684 0.0360082368744479 0
1769 0.01557141664781591 0.02105924154260947 0
1770 0.00127752669205769 0.02776827126936141 0
1771 0.007889043876251851 0.02051378048050206 0
1772 0.001033138365148139 0.01719131713938734 0
$EndNodes
$Elements
3546
1 15 2 0 1 1
2 15 2 0 2 2
3 15 2 0 3 3
4 15 2 0 4 4
5 1 2 0 1 1 5
6 1 2 0 1 5 6
7 1 2 0 1 6 7
8 1 2 0 1 7 8
9 1 2 0 1 8 9
10 1 2 0 1 9 10
11 1 2 0 1 10 11
12 1 2 0 1 11 12
13 1 2 0 1 12 13
14 1 2 0 1 13 14
15 1 2 0 1 14 15
16 1 2 0 1 15 16
17 1 2 0 1 16 17
18 1 2 0 1 17 18
19 1 2 0 1 18 19
20 1 2 0 1 19 20
21 1 2 0 1 20 21
22 1 2 0 1 21 22
23 1 2 0 1 22 23
24 1 2 0 1 23 24
25 1 2 0 1 24 25
26 1 2 0 1 25 26
27 1 2 0 1 26 27
28 1 2 0 1 27 28
29 1 2 0 1 28 29
30 1 2 0 1 29 2
31 1 2 0 2 2 30
32 1 2 0 2 30 31
33 1 2 0 2 31 32
34 1 2 0 2 32 33
35 1 2 0 2 33 34
36 1 2 0 2 34 35
37 1 2 0 2 35 36
38 1 2 0 2 36 37
39 1 2 0 2 37 38
40 1 2 0 2 38 39
41 1 2 0 2 39 40
42 1 2 0 2 40 41
43 1 2 0 2 41 42
44 1 2 0 2 42 43
45 1 2 0 2 43 44
46 1 2 0 2 44 45
47 1 2 0 2 45 46
48 1 2 0 2 46 47
49 1 2 0 2 47 48
50 1 2 0 2 48 49
51 1 2 0 2 49 50
52 1 2 0 2 50 51
53 1 2 0 2 51 52
54 1 2 0 2 52 53
55 1 2 0 2 53 54
56 1 2 0 2 54 55
57 1 2 0 2 55 56
58 1 2 0 2 56 57
59 1 2 0 2 57 58
60 1 2 0 2 58 59
61 1 2 0 2 59 60
62 1 2 0 2 60 61
63 1 2 0 2 61 62
64 1 2 0 2 62 63
65 1 2 0 2 63 64
66 1 2 0 2 64 65
67 1 2 0 2 65 66
68 1 2 0 2 66 67
69 1 2 0 2 67 68
70 1 2 0 2 68 69
71 1 2 0 2 69 70
72 1 2 0 2 70 71
73 1 2 0 2 71 72
74 1 2 0 2 72 73
75 1 2 0 2 73 74
76 1 2 0 2 74 75
77 1 2 0 2 75 76
78 1 2 0 2 76 77
79 1 2 0 2 77 78
80 1 2 0 2 78 79
81 1 2 0 2 79 3
82 1 2 0 3 3 80
83 1 2 0 3 80 81
84 1 2 0 3 81 82
85 1 2 0 3 82 83
86 1 2 0 3 83 84
87 1 2 0 3 84 85
88 1 2 0 3 85 86
89 1 2 0 3 86 87
90 1 2 0 3 87 88
91 1 2 0 3 88 89
92 1 2 0 3 89 90
93 1 2 0 3 90 91
94 1 2 0 3 91 92
95 1 2 0 3 92 93
96 1 2 0 3 93 94
97 1 2 0 3 94 95
98 1 2 0 3 95 96
99 1 2 0 3 96 97
100 1 2 0 3 97 98
101 1 2 0 3 98 99
102 1 2 0 3 99 100
103 1 2 0 3 100 101
104 1 2 0 3 101 102
105 1 2 0 3 102 103
106 1 2 0 3 103 104
107 1 2 0 3 104 4
108 1 2 0 4 4 105
109 1 2 0 4 105 106
110 1 2 0 4 106 107
111 1 2 0 4 107 108
112 1 2 0 4 108 109
113 1 2 0 4 109 110
114 1 2 0 4 110 111
115 1 2 0 4 111 112
116 1 2 0 4 112 113
117 1 2 0 4 113 114
118 1 2 0 4 114 115
119 1 2 0 4 115 116
120 1 2 0 4 116 117
121 1 2 0 4 117 118
122 1 2 0 4 118 119
123 1 2 0 4 119 120
124 1 2 0 4 120 121
125 1 2 0 4 121 122
126 1 2 0 4 122 123
127 1 2 0 4 123 124
128 1 2 0 4 124 125
129 1 2 0 4 125 126
130 1 2 0 4 126 127
131 1 2 0 4 127 128
132 1 2 0 4 128 129
133 1 2 0 4 129 130
134 1 2 0 4 130 131
135 1 2 0 4 131 132
136 1 2 0 4 132 133
137 1 2 0 4 133 134
138 1 2 0 4 134 135
139 1 2 0 4 135 136
140 1 2 0 4 136 137
141 1 2 0 4 137 138
142 1 2 0 4 138 139
143 1 2 0 4 139 140
144 1 2 0 4 140 141
145 1 2 0 4 141 142
146 1 2 0 4 142 143
147 1 2 0 4 143 144
148 1 2 0 4 144 145
149 1 2 0 4 145 146
150 1 2 0 4 146 147
151 1 2 0 4 147 148
152 1 2 0 4 148 149
153 1 2 0 4 149 150
154 1 2 0 4 150 151
155 1 2 0 4 151 152
156 1 2 0 4 152 153
157 1 2 0 4 153 154
158 1 2 0 4 154 1
159 2 2 0 1 1030 1364 468
160 2 2 0 1 577 1617 327
161 2 2 0 1 239 661 566
162 2 2 0 1 566 817 397
163 2 2 0 1 717 1290 260
164 2 2 0 1 634 953 263
165 2 2 0 1 619 1533 1190
166 2 2 0 1 763 1524 1072
167 2 2 0 1 651 1423 265
168 2 2 0 1 553 1332 425
169 2 2 0 1 342 805 615
170 2 2 0 1 89 644 88
171 2 2 0 1 382 716 646
172 2 2 0 1 597 1345 175
173 2 2 0 1 368 946 612
174 2 2 0 1 612 946 231
175 2 2 0 1 391 857 595
176 2 2 0 1 629 1204 33
177 2 2 0 1 798 1383 227
178 2 2 0 1 361 941 538
179 2 2 0 1 753 898 277
180 2 2 0 1 251 1235 700
181 2 2 0 1 331 756 592
182 2 2 0 1 314 1274 1141
183 2 2 0 1 1225 1298 272
184 2 2 0 1 990 1065 483
185 2 2 0 1 199 734 642
186 2 2 0 1 668 791 373
187 2 2 0 1 34 800 629
188 2 2 0 1 758 1321 1252
189 2 2 0 1 1104 1197 155
190 2 2 0 1 265 1423 1020
191 2 2 0 1 607 981 167
192 2 2 0 1 854 1379 620
193 2 2 0 1 483 1231 705
194 2 2 0 1 629 800 305
195 2 2 0 1 418 953 634
196 2 2 0 1 290 1047 670
197 2 2 0 1 845 1116 197
198 2 2 0 1 657 1273 265
199 2 2 0 1 607 1309 294
200 2 2 0 1 624 1515 1089
201 2 2 0 1 449 1132 842
202 2 2 0 1 706 1002 376
203 2 2 0 1 227 1383 510
204 2 2 0 1 586 1196 879
205 2 2 0 1 610 1301 41
206 2 2 0 1 335 1206 1049
207 2 2 0 1 457 1240 772
208 2 2 0 1 313 791 668
209 2 2 0 1 1154 1292 426
210 2 2 0 1 277 803 753
211 2 2 0 1 251 1284 1235
212 2 2 0 1 34 629 33
213 2 2 0 1 137 696 136
214 2 2 0 1 1081 1176 118
215 2 2 0 1 1089 1515 559
216 2 2 0 1 802 1756 1403
217 2 2 0 1 705 1231 184
218 2 2 0 1 765 1492 547
219 2 2 0 1 921 923 72
220 2 2 0 1 510 895 227
221 2 2 0 1 866 1621 287
222 2 2 0 1 181 890 651
223 2 2 0 1 867 917 176
224 2 2 0 1 717 1431 1290
225 2 2 0 1 951 1017 532
226 2 2 0 1 572 814 416
227 2 2 0 1 598 1438 672
228 2 2 0 1 632 1292 1154
229 2 2 0 1 608 1189 306
230 2 2 0 1 122 673 121
231 2 2 0 1 348 1067 896
232 2 2 0 1 457 1402 1240
233 2 2 0 1 688 1320 278
234 2 2 0 1 1155 1179 147
235 2 2 0 1 673 866 287
236 2 2 0 1 590 1179 398
237 2 2 0 1 300 1343 771
238 2 2 0 1 295 1645 682
239 2 2 0 1 260 1364 1030
240 2 2 0 1 622 1104 155
241 2 2 0 1 323 930 707
242 2 2 0 1 266 1463 638
243 2 2 0 1 831 1002 270
244 2 2 0 1 863 1531 1217
245 2 2 0 1 238 1492 765
246 2 2 0 1 639 1439 465
247 2 2 0 1 890 899 515
248 2 2 0 1 35 800 34
249 2 2 0 1 217 1121 963
250 2 2 0 1 652 740 334
251 2 2 0 1 405 902 655
252 2 2 0 1 298 1065 990
253 2 2 0 1 559 1586 267
254 2 2 0 1 1155 1517 640
255 2 2 0 1 210 1012 713
256 2 2 0 1 175 1125 597
257 2 2 0 1 673 860 121
258 2 2 0 1 149 1517 1155
259 2 2 0 1 794 952 536
260 2 2 0 1 655 902 336
261 2 2 0 1 316 752 561
262 2 2 0 1 523 917 867
263 2 2 0 1 763 1072 398
264 2 2 0 1 627 1224 245
265 2 2 0 1 267 1089 559
266 2 2 0 1 695 926 264
267 2 2 0 1 566 1574 817
268 2 2 0 1 176 1574 566
269 2 2 0 1 72 923 71
270 2 2 0 1 584 891 351
271 2 2 0 1 377 976 594
272 2 2 0 1 149 1155 148
273 2 2 0 1 879 1196 319
274 2 2 0 1 751 1016 214
275 2 2 0 1 871 1295 245
276 2 2 0 1 863 1217 167
277 2 2 0 1 640 1642 398
278 2 2 0 1 168 820 778
279 2 2 0 1 299 1743 836
280 2 2 0 1 186 740 593
281 2 2 0 1 913 1309 607
282 2 2 0 1 352 1050 578
283 2 2 0 1 181 899 890
284 2 2 0 1 190 1154 861
285 2 2 0 1 500 1106 813
286 2 2 0 1 688 1073 561
287 2 2 0 1 601 1712 161
288 2 2 0 1 327 815 750
289 2 2 0 1 620 886 335
290 2 2 0 1 911 1311 783
291 2 2 0 1 265 1375 657
292 2 2 0 1 245 1198 871
293 2 2 0 1 278 1073 688
294 2 2 0 1 739 1415 272
295 2 2 0 1 449 842 770
296 2 2 0 1 63 1066 626
297 2 2 0 1 937 966 508
298 2 2 0 1 521 1321 758
299 2 2 0 1 635 682 315
300 2 2 0 1 578 1050 246
301 2 2 0 1 550 1051 373
302 2 2 0 1 10 804 9
303 2 2 0 1 578 1026 352
304 2 2 0 1 436 1379 854
305 2 2 0 1 588 1396 392
306 2 2 0 1 1072 1524 213
307 2 2 0 1 1190 1533 275
308 2 2 0 1 778 820 421
309 2 2 0 1 594 933 377
310 2 2 0 1 94 691 93
311 2 2 0 1 759 1191 1185
312 2 2 0 1 468 1364 755
313 2 2 0 1 21 807 668
314 2 2 0 1 606 778 318
315 2 2 0 1 306 1701 992
316 2 2 0 1 290 1371 1047
317 2 2 0 1 981 1064 167
318 2 2 0 1 685 836 466
319 2 2 0 1 438 1084 605
320 2 2 0 1 1180 1429 154
321 2 2 0 1 662 1677 459
322 2 2 0 1 576 848 162
323 2 2 0 1 693 1098 962
324 2 2 0 1 725 789 200
325 2 2 0 1 248 1274 574
326 2 2 0 1 600 1298 1225
327 2 2 0 1 112 905 111
328 2 2 0 1 65 887 64
329 2 2 0 1 802 1403 524
330 2 2 0 1 648 1420 462
331 2 2 0 1 842 1132 158
332 2 2 0 1 1189 1448 306
333 2 2 0 1 118 1176 117
334 2 2 0 1 861 1154 555
335 2 2 0 1 621 796 320
336 2 2 0 1 306 992 608
337 2 2 0 1 299 836 685
338 2 2 0 1 594 1001 240
339 2 2 0 1 465 1237 639
340 2 2 0 1 976 1520 200
341 2 2 0 1 299 1384 801
342 2 2 0 1 615 1213 342
343 2 2 0 1 689 1127 291
344 2 2 0 1 944 1439 639
345 2 2 0 1 800 1296 305
346 2 2 0 1 240 933 594
347 2 2 0 1 215 1049 724
348 2 2 0 1 889 1432 486
349 2 2 0 1 739 987 314
350 2 2 0 1 224 836 658
351 2 2 0 1 398 1072 590
352 2 2 0 1 732 997 415
353 2 2 0 1 836 1743 658
354 2 2 0 1 257 952 794
355 2 2 0 1 391 1206 857
356 2 2 0 1 1345 1611 654
357 2 2 0 1 459 1677 1288
358 2 2 0 1 671 961 269
359 2 2 0 1 597 1611 1345
360 2 2 0 1 833 919 469
361 2 2 0 1 936 1086 603
362 2 2 0 1 338 1209 788
363 2 2 0 1 575 1432 889
364 2 2 0 1 464 985 814
365 2 2 0 1 326 1001 594
366 2 2 0 1 162 1510 576
367 2 2 0 1 428 1116 845
368 2 2 0 1 613 735 162
369 2 2 0 1 373 791 550
370 2 2 0 1 829 1568 880
371 2 2 0 1 508 1409 664
372 2 2 0 1 572 1238 280
373 2 2 0 1 649 1070 208
374 2 2 0 1 635 1121 217
375 2 2 0 1 397 1083 566
376 2 2 0 1 654 1094 365
377 2 2 0 1 157 968 729
378 2 2 0 1 334 1659 652
379 2 2 0 1 1125 1362 597
380 2 2 0 1 248 1017 951
381 2 2 0 1 161 771 601
382 2 2 0 1 849 895 341
383 2 2 0 1 325 911 783
384 2 2 0 1 724 1049 391
385 2 2 0 1 237 891 584
386 2 2 0 1 589 1415 739
387 2 2 0 1 585 1314 280
388 2 2 0 1 961 1292 269
389 2 2 0 1 264 1475 695
390 2 2 0 1 327 1363 577
391 2 2 0 1 633 1356 419
392 2 2 0 1 159 850 695
393 2 2 0 1 425 1058 553
394 2 2 0 1 1696 1717 1339
395 2 2 0 1 771 1343 601
396 2 2 0 1 214 1016 924
397 2 2 0 1 199 1151 734
398 2 2 0 1 593 1443 274
399 2 2 0 1 22 807 21
400 2 2 0 1 213 1067 650
401 2 2 0 1 705 990 483
402 2 2 0 1 538 1075 320
403 2 2 0 1 211 732 595
404 2 2 0 1 166 1630 1549
405 2 2 0 1 394 1629 606
406 2 2 0 1 414 1002 831
407 2 2 0 1 347 926 695
408 2 2 0 1 729 968 507
409 2 2 0 1 154 1429 153
410 2 2 0 1 896 1067 485
411 2 2 0 1 87 643 86
412 2 2 0 1 298 990 616
413 2 2 0 1 707 930 420
414 2 2 0 1 455 1095 893
415 2 2 0 1 148 1155 147
416 2 2 0 1 934 1420 648
417 2 2 0 1 904 1079 346
418 2 2 0 1 365 1345 654
419 2 2 0 1 398 1155 640
420 2 2 0 1 561 1140 316
421 2 2 0 1 161 1712 647
422 2 2 0 1 646 1210 256
423 2 2 0 1 370 925 651
424 2 2 0 1 814 985 232
425 2 2 0 1 685 1384 299
426 2 2 0 1 330 1474 844
427 2 2 0 1 188 1186 773
428 2 2 0 1 415 1204 629
429 2 2 0 1 320 1004 538
430 2 2 0 1 401 1070 649
431 2 2 0 1 678 797 192
432 2 2 0 1 1113 1175 336
433 2 2 0 1 651 925 181
434 2 2 0 1 750 815 369
435 2 2 0 1 234 770 621
436 2 2 0 1 501 1390 694
437 2 2 0 1 612 1156 368
438 2 2 0 1 638 1463 580
439 2 2 0 1 768 902 244
440 2 2 0 1 231 793 612
441 2 2 0 1 664 1360 508
442 2 2 0 1 446 1272 564
443 2 2 0 1 887 1066 64
444 2 2 0 1 1186 1743 773
445 2 2 0 1 471 1356 1280
446 2 2 0 1 416 1238 572
447 2 2 0 1 617 959 188
448 2 2 0 1 318 813 606
449 2 2 0 1 462 1317 648
450 2 2 0 1 1310 1390 501
451 2 2 0 1 423 1191 759
452 2 2 0 1 346 1079 744
453 2 2 0 1 1097 1273 657
454 2 2 0 1 678 1122 797
455 2 2 0 1 415 997 777
456 2 2 0 1 584 1157 237
457 2 2 0 1 377 1426 824
458 2 2 0 1 529 1077 1048
459 2 2 0 1 564 1033 446
460 2 2 0 1 596 1274 248
461 2 2 0 1 348 896 671
462 2 2 0 1 728 954 131
463 2 2 0 1 362 749 593
464 2 2 0 1 478 1282 1217
465 2 2 0 1 777 997 372
466 2 2 0 1 580 932 178
467 2 2 0 1 963 1121 489
468 2 2 0 1 169 766 759
469 2 2 0 1 380 1157 584
470 2 2 0 1 392 1215 588
471 2 2 0 1 7 1359 1090
472 2 2 0 1 848 1113 336
473 2 2 0 1 270 1002 706
474 2 2 0 1 200 1520 565
475 2 2 0 1 301 823 700
476 2 2 0 1 595 1253 211
477 2 2 0 1 813 1106 233
478 2 2 0 1 886 950 335
479 2 2 0 1 648 1317 279
480 2 2 0 1 122 866 673
481 2 2 0 1 650 1067 348
482 2 2 0 1 661 1336 477
483 2 2 0 1 407 1362 1125
484 2 2 0 1 671 980 348
485 2 2 0 1 547 808 765
486 2 2 0 1 652 1659 694
487 2 2 0 1 1141 1274 596
488 2 2 0 1 808 1595 51
489 2 2 0 1 208 934 648
490 2 2 0 1 592 1053 331
491 2 2 0 1 1304 1679 520
492 2 2 0 1 246 1229 578
493 2 2 0 1 594 977 326
494 2 2 0 1 564 1272 252
495 2 2 0 1 463 938 746
496 2 2 0 1 349 1040 676
497 2 2 0 1 689 1612 1127
498 2 2 0 1 373 1051 915
499 2 2 0 1 112 1350 905
500 2 2 0 1 351 853 584
501 2 2 0 1 206 1109 888
502 2 2 0 1 660 1187 427
503 2 2 0 1 162 1616 613
504 2 2 0 1 566 1062 176
505 2 2 0 1 335 854 620
506 2 2 0 1 639 1237 262
507 2 2 0 1 346 1327 653
508 2 2 0 1 962 1098 235
509 2 2 0 1 773 1287 1063
510 2 2 0 1 959 1669 302
511 2 2 0 1 658 1387 224
512 2 2 0 1 659 982 328
513 2 2 0 1 280 1172 572
514 2 2 0 1 649 1273 401
515 2 2 0 1 205 944 639
516 2 2 0 1 1290 1431 482
517 2 2 0 1 881 993 221
518 2 2 0 1 672 1438 289
519 2 2 0 1 915 1051 526
520 2 2 0 1 851 1133 546
521 2 2 0 1 495 895 849
522 2 2 0 1 830 1109 206
523 2 2 0 1 127 690 126
524 2 2 0 1 1084 1499 605
525 2 2 0 1 1351 1665 837
526 2 2 0 1 1003 1426 377
527 2 2 0 1 820 1274 314
528 2 2 0 1 818 1596 748
529 2 2 0 1 538 1120 361
530 2 2 0 1 657 1375 1351
531 2 2 0 1 238 1717 1696
532 2 2 0 1 321 1421 621
533 2 2 0 1 419 1008 633
534 2 2 0 1 965 1206 335
535 2 2 0 1 600 1589 212
536 2 2 0 1 167 930 607
537 2 2 0 1 607 930 323
538 2 2 0 1 376 1435 706
539 2 2 0 1 343 818 748
540 2 2 0 1 494 1197 1104
541 2 2 0 1 529 1621 866
542 2 2 0 1 1302 1662 187
543 2 2 0 1 725 1099 354
544 2 2 0 1 916 1003 543
545 2 2 0 1 157 927 631
546 2 2 0 1 354 789 725
547 2 2 0 1 1373 1594 792
548 2 2 0 1 890 1423 651
549 2 2 0 1 565 1768 200
550 2 2 0 1 183 1489 874
551 2 2 0 1 578 1359 1026
552 2 2 0 1 373 915 668
553 2 2 0 1 328 1465 659
554 2 2 0 1 327 1617 815
555 2 2 0 1 1141 1582 193
556 2 2 0 1 827 1363 327
557 2 2 0 1 374 884 736
558 2 2 0 1 655 1175 201
559 2 2 0 1 388 898 753
560 2 2 0 1 45 720 44
561 2 2 0 1 266 1393 995
562 2 2 0 1 657 846 163
563 2 2 0 1 477 1318 661
564 2 2 0 1 674 1624 1467
565 2 2 0 1 1127 1612 439
566 2 2 0 1 334 1619 687
567 2 2 0 1 52 808 51
568 2 2 0 1 302 1215 959
569 2 2 0 1 595 1183 391
570 2 2 0 1 221 993 875
571 2 2 0 1 398 1642 763
572 2 2 0 1 773 1063 557
573 2 2 0 1 735 1510 162
574 2 2 0 1 1048 1077 410
575 2 2 0 1 542 993 881
576 2 2 0 1 269 980 671
577 2 2 0 1 593 1211 186
578 2 2 0 1 870 1659 334
579 2 2 0 1 429 1491 719
580 2 2 0 1 64 1066 63
581 2 2 0 1 217 1247 635
582 2 2 0 1 178 1123 580
583 2 2 0 1 633 918 179
584 2 2 0 1 940 1202 247
585 2 2 0 1 259 1655 1038
586 2 2 0 1 427 1218 660
587 2 2 0 1 158 900 677
588 2 2 0 1 434 955 788
589 2 2 0 1 239 1336 661
590 2 2 0 1 1474 1632 844
591 2 2 0 1 320 1075 621
592 2 2 0 1 264 926 660
593 2 2 0 1 460 1373 792
594 2 2 0 1 1578 1591 326
595 2 2 0 1 879 1416 589
596 2 2 0 1 664 756 210
597 2 2 0 1 305 1727 629
598 2 2 0 1 345 1613 626
599 2 2 0 1 753 803 371
600 2 2 0 1 561 1603 688
601 2 2 0 1 584 853 210
602 2 2 0 1 348 920 650
603 2 2 0 1 528 1486 806
604 2 2 0 1 41 1042 610
605 2 2 0 1 681 907 381
606 2 2 0 1 821 1628 341
607 2 2 0 1 574 1017 248
608 2 2 0 1 417 1229 630
609 2 2 0 1 672 1054 598
610 2 2 0 1 395 1568 829
611 2 2 0 1 675 1642 640
612 2 2 0 1 211 997 732
613 2 2 0 1 623 1418 292
614 2 2 0 1 644 906 88
615 2 2 0 1 244 1133 851
616 2 2 0 1 1040 1528 684
617 2 2 0 1 1181 1366 79
618 2 2 0 1 84 731 83
619 2 2 0 1 10 1682 804
620 2 2 0 1 1038 1655 576
621 2 2 0 1 566 1083 239
622 2 2 0 1 661 1062 566
623 2 2 0 1 319 1416 879
624 2 2 0 1 479 1001 779
625 2 2 0 1 941 1075 538
626 2 2 0 1 779 1001 326
627 2 2 0 1 359 935 830
628 2 2 0 1 274 1086 593
629 2 2 0 1 626 1261 63
630 2 2 0 1 531 1506 642
631 2 2 0 1 314 1141 739
632 2 2 0 1 721 1167 254
633 2 2 0 1 14 799 13
634 2 2 0 1 152 1429 630
635 2 2 0 1 179 1356 633
636 2 2 0 1 682 1645 637
637 2 2 0 1 1467 1624 498
638 2 2 0 1 360 1354 727
639 2 2 0 1 1293 1605 399
640 2 2 0 1 736 884 406
641 2 2 0 1 618 1313 290
642 2 2 0 1 805 1673 615
643 2 2 0 1 673 1248 860
644 2 2 0 1 677 919 333
645 2 2 0 1 741 874 287
646 2 2 0 1 995 1393 610
647 2 2 0 1 669 787 295
648 2 2 0 1 248 856 596
649 2 2 0 1 466 827 720
650 2 2 0 1 466 1355 685
651 2 2 0 1 871 1198 475
652 2 2 0 1 323 913 607
653 2 2 0 1 872 1506 339
654 2 2 0 1 445 812 723
655 2 2 0 1 789 977 200
656 2 2 0 1 155 966 937
657 2 2 0 1 695 1358 159
658 2 2 0 1 729 1209 338
659 2 2 0 1 655 892 405
660 2 2 0 1 5 1180 1
661 2 2 0 1 188 1101 617
662 2 2 0 1 137 1052 696
663 2 2 0 1 77 1366 591
664 2 2 0 1 245 1764 627
665 2 2 0 1 362 1086 936
666 2 2 0 1 1235 1284 506
667 2 2 0 1 759 766 423
668 2 2 0 1 643 1583 1242
669 2 2 0 1 220 852 692
670 2 2 0 1 333 919 833
671 2 2 0 1 596 1582 1141
672 2 2 0 1 822 1232 222
673 2 2 0 1 975 1210 646
674 2 2 0 1 1217 1282 420
675 2 2 0 1 1352 1649 355
676 2 2 0 1 481 1489 769
677 2 2 0 1 7 1090 6
678 2 2 0 1 109 726 108
679 2 2 0 1 491 1528 1040
680 2 2 0 1 876 1268 241
681 2 2 0 1 621 770 321
682 2 2 0 1 1355 1736 685
683 2 2 0 1 210 1013 584
684 2 2 0 1 681 1569 495
685 2 2 0 1 292 1496 623
686 2 2 0 1 280 1238 585
687 2 2 0 1 166 1549 653
688 2 2 0 1 1225 1589 600
689 2 2 0 1 198 1130 676
690 2 2 0 1 653 964 166
691 2 2 0 1 78 1366 77
692 2 2 0 1 311 865 754
693 2 2 0 1 735 949 387
694 2 2 0 1 717 823 301
695 2 2 0 1 1403 1756 628
696 2 2 0 1 605 1283 438
697 2 2 0 1 287 874 665
698 2 2 0 1 644 1578 354
699 2 2 0 1 1486 1669 806
700 2 2 0 1 638 1201 266
701 2 2 0 1 284 892 667
702 2 2 0 1 163 1097 657
703 2 2 0 1 606 1124 394
704 2 2 0 1 79 1366 78
705 2 2 0 1 642 1678 531
706 2 2 0 1 584 1013 380
707 2 2 0 1 720 827 327
708 2 2 0 1 778 795 318
709 2 2 0 1 713 1012 496
710 2 2 0 1 369 995 610
711 2 2 0 1 1042 1720 750
712 2 2 0 1 574 1274 820
713 2 2 0 1 604 1336 1147
714 2 2 0 1 593 1086 362
715 2 2 0 1 281 1642 675
716 2 2 0 1 330 882 733
717 2 2 0 1 923 1153 573
718 2 2 0 1 772 1395 58
719 2 2 0 1 891 1214 541
720 2 2 0 1 412 1214 645
721 2 2 0 1 700 1235 301
722 2 2 0 1 519 1445 864
723 2 2 0 1 627 1764 1153
724 2 2 0 1 851 890 515
725 2 2 0 1 101 730 100
726 2 2 0 1 516 1232 822
727 2 2 0 1 458 1290 785
728 2 2 0 1 284 1122 678
729 2 2 0 1 334 1306 1255
730 2 2 0 1 1252 1321 273
731 2 2 0 1 719 1696 1339
732 2 2 0 1 707 1383 323
733 2 2 0 1 739 1298 987
734 2 2 0 1 309 883 742
735 2 2 0 1 716 1637 646
736 2 2 0 1 384 951 679
737 2 2 0 1 402 1098 693
738 2 2 0 1 583 1605 1293
739 2 2 0 1 618 1148 357
740 2 2 0 1 212 1365 600
741 2 2 0 1 279 1741 648
742 2 2 0 1 547 1492 1055
743 2 2 0 1 751 882 330
744 2 2 0 1 370 1275 649
745 2 2 0 1 254 1335 721
746 2 2 0 1 651 1275 370
747 2 2 0 1 344 1035 1020
748 2 2 0 1 671 896 177
749 2 2 0 1 692 852 371
750 2 2 0 1 1055 1492 444
751 2 2 0 1 694 1659 204
752 2 2 0 1 41 1301 40
753 2 2 0 1 1108 1698 519
754 2 2 0 1 70 843 69
755 2 2 0 1 682 1760 295
756 2 2 0 1 688 1711 349
757 2 2 0 1 520 1679 1105
758 2 2 0 1 315 1121 635
759 2 2 0 1 1229 1708 630
760 2 2 0 1 1305 1504 736
761 2 2 0 1 494 1028 780
762 2 2 0 1 305 1183 732
763 2 2 0 1 630 1708 433
764 2 2 0 1 89 1591 644
765 2 2 0 1 616 1534 298
766 2 2 0 1 708 1465 328
767 2 2 0 1 712 839 173
768 2 2 0 1 237 1214 891
769 2 2 0 1 411 874 741
770 2 2 0 1 756 1012 210
771 2 2 0 1 397 1142 663
772 2 2 0 1 1351 1375 467
773 2 2 0 1 1247 1585 635
774 2 2 0 1 1489 1597 665
775 2 2 0 1 771 805 384
776 2 2 0 1 631 927 366
777 2 2 0 1 287 1248 673
778 2 2 0 1 156 988 699
779 2 2 0 1 591 1056 77
780 2 2 0 1 838 922 448
781 2 2 0 1 676 1320 349
782 2 2 0 1 1505 1522 1035
783 2 2 0 1 911 1302 187
784 2 2 0 1 1242 1583 527
785 2 2 0 1 677 974 919
786 2 2 0 1 337 787 669
787 2 2 0 1 131 954 130
788 2 2 0 1 650 1173 213
789 2 2 0 1 670 1135 408
790 2 2 0 1 161 1673 805
791 2 2 0 1 765 808 356
792 2 2 0 1 428 1268 876
793 2 2 0 1 354 1578 789
794 2 2 0 1 348 980 920
795 2 2 0 1 324 1116 876
796 2 2 0 1 1056 1228 362
797 2 2 0 1 769 1488 481
798 2 2 0 1 675 1074 281
799 2 2 0 1 993 1478 875
800 2 2 0 1 752 1695 505
801 2 2 0 1 780 794 390
802 2 2 0 1 914 1031 452
803 2 2 0 1 352 1208 802
804 2 2 0 1 1278 1630 166
805 2 2 0 1 127 1143 690
806 2 2 0 1 379 839 712
807 2 2 0 1 690 1061 126
808 2 2 0 1 741 1048 218
809 2 2 0 1 1262 1445 519
810 2 2 0 1 798 1164 432
811 2 2 0 1 153 1429 152
812 2 2 0 1 357 1019 618
813 2 2 0 1 804 1208 352
814 2 2 0 1 422 1057 852
815 2 2 0 1 270 1251 831
816 2 2 0 1 909 1602 512
817 2 2 0 1 467 1665 1351
818 2 2 0 1 738 1477 202
819 2 2 0 1 1199 1461 536
820 2 2 0 1 652 1443 740
821 2 2 0 1 421 795 778
822 2 2 0 1 198 1040 684
823 2 2 0 1 107 755 106
824 2 2 0 1 325 910 829
825 2 2 0 1 725 1219 1099
826 2 2 0 1 714 1641 989
827 2 2 0 1 121 860 120
828 2 2 0 1 1020 1035 467
829 2 2 0 1 580 1495 932
830 2 2 0 1 132 728 131
831 2 2 0 1 695 850 347
832 2 2 0 1 642 872 199
833 2 2 0 1 326 1591 779
834 2 2 0 1 661 1318 276
835 2 2 0 1 364 1153 923
836 2 2 0 1 361 1472 941
837 2 2 0 1 694 1529 501
838 2 2 0 1 689 838 448
839 2 2 0 1 723 1337 445
840 2 2 0 1 650 920 264
841 2 2 0 1 883 1550 705
842 2 2 0 1 840 1503 258
843 2 2 0 1 285 1688 701
844 2 2 0 1 1001 1160 240
845 2 2 0 1 531 1678 1397
846 2 2 0 1 631 968 157
847 2 2 0 1 355 1649 922
848 2 2 0 1 381 1029 681
849 2 2 0 1 225 1311 758
850 2 2 0 1 32 777 31
851 2 2 0 1 208 1027 649
852 2 2 0 1 691 1256 93
853 2 2 0 1 1 1180 154
854 2 2 0 1 649 1027 370
855 2 2 0 1 864 1108 519
856 2 2 0 1 158 1005 842
857 2 2 0 1 719 1491 557
858 2 2 0 1 252 1208 564
859 2 2 0 1 196 877 618
860 2 2 0 1 369 1042 750
861 2 2 0 1 984 1152 218
862 2 2 0 1 756 1316 592
863 2 2 0 1 174 1003 916
864 2 2 0 1 390 1527 912
865 2 2 0 1 273 1277 766
866 2 2 0 1 1703 1750 283
867 2 2 0 1 455 1509 1095
868 2 2 0 1 512 1602 1329
869 2 2 0 1 341 1628 849
870 2 2 0 1 1378 1509 487
871 2 2 0 1 727 1354 888
872 2 2 0 1 1035 1522 192
873 2 2 0 1 186 1619 740
874 2 2 0 1 505 840 752
875 2 2 0 1 155 1400 622
876 2 2 0 1 734 1496 292
877 2 2 0 1 668 807 313
878 2 2 0 1 842 1005 539
879 2 2 0 1 710 878 310
880 2 2 0 1 490 1202 940
881 2 2 0 1 265 1273 649
882 2 2 0 1 580 1123 638
883 2 2 0 1 500 813 769
884 2 2 0 1 703 1449 216
885 2 2 0 1 653 1399 346
886 2 2 0 1 458 1364 1290
887 2 2 0 1 674 1467 286
888 2 2 0 1 683 1670 928
889 2 2 0 1 872 903 548
890 2 2 0 1 1126 1688 285
891 2 2 0 1 459 1295 871
892 2 2 0 1 934 1234 345
893 2 2 0 1 1549 1630 614
894 2 2 0 1 831 1508 156
895 2 2 0 1 703 1043 358
896 2 2 0 1 722 908 349
897 2 2 0 1 703 986 307
898 2 2 0 1 1214 1497 645
899 2 2 0 1 792 958 308
900 2 2 0 1 161 805 771
901 2 2 0 1 1334 1716 881
902 2 2 0 1 210 853 664
903 2 2 0 1 711 1108 282
904 2 2 0 1 392 1387 1186
905 2 2 0 1 989 1703 283
906 2 2 0 1 711 1008 223
907 2 2 0 1 885 992 549
908 2 2 0 1 229 1054 672
909 2 2 0 1 1176 1225 641
910 2 2 0 1 1249 1666 490
911 2 2 0 1 294 981 607
912 2 2 0 1 699 1122 284
913 2 2 0 1 345 1234 940
914 2 2 0 1 699 1453 156
915 2 2 0 1 761 1333 438
916 2 2 0 1 621 1075 234
917 2 2 0 1 1346 1624 195
918 2 2 0 1 634 1606 418
919 2 2 0 1 952 1199 536
920 2 2 0 1 642 1506 872
921 2 2 0 1 392 1396 810
922 2 2 0 1 769 1489 183
923 2 2 0 1 696 1045 136
924 2 2 0 1 332 897 781
925 2 2 0 1 1029 1458 1164
926 2 2 0 1 1477 1752 202
927 2 2 0 1 746 938 203
928 2 2 0 1 307 1528 703
929 2 2 0 1 1154 1494 632
930 2 2 0 1 687 1306 334
931 2 2 0 1 433 1118 630
932 2 2 0 1 491 1449 703
933 2 2 0 1 328 1010 708
934 2 2 0 1 400 971 742
935 2 2 0 1 677 900 350
936 2 2 0 1 645 1136 412
937 2 2 0 1 648 1027 208
938 2 2 0 1 495 1216 681
939 2 2 0 1 182 1264 757
940 2 2 0 1 639 1271 205
941 2 2 0 1 372 929 762
942 2 2 0 1 1069 1184 99
943 2 2 0 1 365 1109 841
944 2 2 0 1 442 983 702
945 2 2 0 1 354 906 644
946 2 2 0 1 329 1134 894
947 2 2 0 1 425 1332 724
948 2 2 0 1 268 1031 914
949 2 2 0 1 166 1767 1278
950 2 2 0 1 710 1224 627
951 2 2 0 1 433 1074 675
952 2 2 0 1 444 1287 801
953 2 2 0 1 665 1248 287
954 2 2 0 1 955 1300 788
955 2 2 0 1 227 1164 798
956 2 2 0 1 349 1711 722
957 2 2 0 1 758 1311 521
958 2 2 0 1 714 989 283
959 2 2 0 1 61 811 60
960 2 2 0 1 459 1579 662
961 2 2 0 1 212 1589 1146
962 2 2 0 1 1201 1393 266
963 2 2 0 1 1353 1559 209
964 2 2 0 1 249 1499 1084
965 2 2 0 1 830 1521 359
966 2 2 0 1 860 1248 340
967 2 2 0 1 1071 1335 254
968 2 2 0 1 262 1168 639
969 2 2 0 1 309 1550 883
970 2 2 0 1 290 1344 618
971 2 2 0 1 674 1178 195
972 2 2 0 1 1135 1441 347
973 2 2 0 1 679 1437 300
974 2 2 0 1 780 1028 257
975 2 2 0 1 486 1754 889
976 2 2 0 1 503 1021 733
977 2 2 0 1 649 1275 265
978 2 2 0 1 263 1115 634
979 2 2 0 1 414 1270 1161
980 2 2 0 1 265 1275 651
981 2 2 0 1 1255 1306 613
982 2 2 0 1 1199 1454 672
983 2 2 0 1 870 878 204
984 2 2 0 1 902 1133 244
985 2 2 0 1 282 1552 711
986 2 2 0 1 813 1124 606
987 2 2 0 1 676 1040 198
988 2 2 0 1 581 1335 1071
989 2 2 0 1 408 1344 670
990 2 2 0 1 932 1495 337
991 2 2 0 1 722 1022 360
992 2 2 0 1 626 1066 345
993 2 2 0 1 310 1162 967
994 2 2 0 1 1053 1340 236
995 2 2 0 1 314 987 820
996 2 2 0 1 1314 1670 683
997 2 2 0 1 470 1224 710
998 2 2 0 1 782 896 485
999 2 2 0 1 1161 1270 667
1000 2 2 0 1 647 1534 161
1001 2 2 0 1 558 1152 984
1002 2 2 0 1 818 832 378
1003 2 2 0 1 757 1264 463
1004 2 2 0 1 324 954 728
1005 2 2 0 1 286 912 674
1006 2 2 0 1 1258 1762 636
1007 2 2 0 1 1245 1690 862
1008 2 2 0 1 237 1497 1214
1009 2 2 0 1 665 1597 340
1010 2 2 0 1 700 1460 251
1011 2 2 0 1 874 1489 665
1012 2 2 0 1 766 1471 273
1013 2 2 0 1 707 1559 1383
1014 2 2 0 1 783 910 325
1015 2 2 0 1 547 1595 808
1016 2 2 0 1 493 1201 743
1017 2 2 0 1 809 1212 339
1018 2 2 0 1 694 1390 652
1019 2 2 0 1 711 1010 328
1020 2 2 0 1 492 1472 686
1021 2 2 0 1 643 1242 86
1022 2 2 0 1 550 1546 1051
1023 2 2 0 1 660 1218 264
1024 2 2 0 1 841 1345 365
1025 2 2 0 1 517 1041 1036
1026 2 2 0 1 256 1119 646
1027 2 2 0 1 322 1762 1258
1028 2 2 0 1 677 1005 158
1029 2 2 0 1 810 1363 224
1030 2 2 0 1 740 1619 334
1031 2 2 0 1 743 1201 317
1032 2 2 0 1 1175 1599 201
1033 2 2 0 1 189 1281 786
1034 2 2 0 1 180 1092 983
1035 2 2 0 1 830 935 403
1036 2 2 0 1 1532 1604 1024
1037 2 2 0 1 928 1670 367
1038 2 2 0 1 295 1585 669
1039 2 2 0 1 432 913 798
1040 2 2 0 1 400 1200 994
1041 2 2 0 1 336 1175 655
1042 2 2 0 1 810 1572 1363
1043 2 2 0 1 764 1156 612
1044 2 2 0 1 289 1199 672
1045 2 2 0 1 366 1046 631
1046 2 2 0 1 260 1553 717
1047 2 2 0 1 173 1769 712
1048 2 2 0 1 146 1015 145
1049 2 2 0 1 767 1257 440
1050 2 2 0 1 737 1265 382
1051 2 2 0 1 1142 1210 663
1052 2 2 0 1 585 1670 1314
1053 2 2 0 1 219 974 680
1054 2 2 0 1 226 1305 736
1055 2 2 0 1 358 986 703
1056 2 2 0 1 456 1256 691
1057 2 2 0 1 820 987 421
1058 2 2 0 1 276 1337 723
1059 2 2 0 1 303 1351 837
1060 2 2 0 1 386 918 715
1061 2 2 0 1 109 1014 726
1062 2 2 0 1 336 902 768
1063 2 2 0 1 798 913 323
1064 2 2 0 1 195 1624 674
1065 2 2 0 1 611 1681 760
1066 2 2 0 1 812 1353 209
1067 2 2 0 1 349 1615 1040
1068 2 2 0 1 740 1443 593
1069 2 2 0 1 630 1118 152
1070 2 2 0 1 742 1200 400
1071 2 2 0 1 342 1582 856
1072 2 2 0 1 1089 1246 624
1073 2 2 0 1 774 943 319
1074 2 2 0 1 618 1019 196
1075 2 2 0 1 382 1265 716
1076 2 2 0 1 82 767 81
1077 2 2 0 1 216 1043 703
1078 2 2 0 1 732 1183 595
1079 2 2 0 1 691 1418 456
1080 2 2 0 1 190 1494 1154
1081 2 2 0 1 349 1320 688
1082 2 2 0 1 1212 1600 339
1083 2 2 0 1 646 1119 382
1084 2 2 0 1 355 922 838
1085 2 2 0 1 724 1183 305
1086 2 2 0 1 747 1116 324
1087 2 2 0 1 103 785 102
1088 2 2 0 1 367 1323 704
1089 2 2 0 1 712 1254 379
1090 2 2 0 1 463 1436 938
1091 2 2 0 1 844 1016 330
1092 2 2 0 1 409 1246 1089
1093 2 2 0 1 635 1760 682
1094 2 2 0 1 897 1299 781
1095 2 2 0 1 878 1765 204
1096 2 2 0 1 344 890 851
1097 2 2 0 1 39 743 38
1098 2 2 0 1 986 1028 494
1099 2 2 0 1 667 1270 284
1100 2 2 0 1 668 1684 21
1101 2 2 0 1 853 1360 664
1102 2 2 0 1 234 1075 941
1103 2 2 0 1 1029 1569 681
1104 2 2 0 1 701 1047 443
1105 2 2 0 1 969 1356 471
1106 2 2 0 1 994 1200 586
1107 2 2 0 1 358 1611 1530
1108 2 2 0 1 918 1245 179
1109 2 2 0 1 588 1630 1278
1110 2 2 0 1 276 1450 661
1111 2 2 0 1 209 1594 812
1112 2 2 0 1 1064 1126 496
1113 2 2 0 1 472 1333 761
1114 2 2 0 1 1072 1648 590
1115 2 2 0 1 80 1181 3
1116 2 2 0 1 3 1181 79
1117 2 2 0 1 801 1287 299
1118 2 2 0 1 680 1341 219
1119 2 2 0 1 473 965 950
1120 2 2 0 1 1147 1336 239
1121 2 2 0 1 339 903 872
1122 2 2 0 1 670 1344 290
1123 2 2 0 1 201 1338 655
1124 2 2 0 1 903 1600 1284
1125 2 2 0 1 1347 1557 826
1126 2 2 0 1 406 1185 736
1127 2 2 0 1 177 896 782
1128 2 2 0 1 989 1641 563
1129 2 2 0 1 670 1047 203
1130 2 2 0 1 70 1481 843
1131 2 2 0 1 312 1406 764
1132 2 2 0 1 375 975 634
1133 2 2 0 1 862 1690 558
1134 2 2 0 1 200 1768 978
1135 2 2 0 1 937 1689 1400
1136 2 2 0 1 543 1003 933
1137 2 2 0 1 223 1010 711
1138 2 2 0 1 1090 1359 578
1139 2 2 0 1 738 914 452
1140 2 2 0 1 101 1389 730
1141 2 2 0 1 422 1638 1057
1142 2 2 0 1 518 1149 782
1143 2 2 0 1 1186 1387 658
1144 2 2 0 1 479 1160 1001
1145 2 2 0 1 503 1175 1113
1146 2 2 0 1 291 838 689
1147 2 2 0 1 852 1057 371
1148 2 2 0 1 727 888 365
1149 2 2 0 1 271 992 885
1150 2 2 0 1 629 1727 415
1151 2 2 0 1 1070 1249 490
1152 2 2 0 1 752 1540 165
1153 2 2 0 1 659 1263 982
1154 2 2 0 1 790 1282 478
1155 2 2 0 1 787 1645 295
1156 2 2 0 1 731 1372 83
1157 2 2 0 1 897 1346 195
1158 2 2 0 1 812 1594 723
1159 2 2 0 1 45 1355 720
1160 2 2 0 1 829 880 325
1161 2 2 0 1 987 1365 421
1162 2 2 0 1 1257 1427 440
1163 2 2 0 1 943 1416 319
1164 2 2 0 1 258 1658 840
1165 2 2 0 1 769 813 318
1166 2 2 0 1 692 1374 220
1167 2 2 0 1 403 1289 841
1168 2 2 0 1 192 1522 678
1169 2 2 0 1 701 1158 203
1170 2 2 0 1 699 1729 1122
1171 2 2 0 1 560 1717 1128
1172 2 2 0 1 496 1543 713
1173 2 2 0 1 228 1607 1046
1174 2 2 0 1 343 832 818
1175 2 2 0 1 653 1327 964
1176 2 2 0 1 878 1162 310
1177 2 2 0 1 159 869 850
1178 2 2 0 1 235 1098 894
1179 2 2 0 1 741 1621 1048
1180 2 2 0 1 58 1395 57
1181 2 2 0 1 630 1429 417
1182 2 2 0 1 409 1016 844
1183 2 2 0 1 476 1372 731
1184 2 2 0 1 693 962 357
1185 2 2 0 1 300 1404 679
1186 2 2 0 1 928 1752 683
1187 2 2 0 1 420 958 707
1188 2 2 0 1 724 1332 215
1189 2 2 0 1 350 1252 680
1190 2 2 0 1 167 1217 930
1191 2 2 0 1 682 964 315
1192 2 2 0 1 379 1254 816
1193 2 2 0 1 372 1342 929
1194 2 2 0 1 1049 1206 391
1195 2 2 0 1 781 1299 382
1196 2 2 0 1 901 1044 418
1197 2 2 0 1 172 1034 893
1198 2 2 0 1 610 1042 369
1199 2 2 0 1 340 1248 665
1200 2 2 0 1 1280 1356 179
1201 2 2 0 1 717 1553 556
1202 2 2 0 1 939 1059 413
1203 2 2 0 1 933 1003 377
1204 2 2 0 1 1278 1767 637
1205 2 2 0 1 862 1533 619
1206 2 2 0 1 742 971 309
1207 2 2 0 1 909 996 297
1208 2 2 0 1 257 794 780
1209 2 2 0 1 404 1225 1176
1210 2 2 0 1 760 1681 185
1211 2 2 0 1 804 1026 9
1212 2 2 0 1 199 1304 1151
1213 2 2 0 1 1134 1560 894
1214 2 2 0 1 840 1540 752
1215 2 2 0 1 858 1191 533
1216 2 2 0 1 636 1645 787
1217 2 2 0 1 331 1012 756
1218 2 2 0 1 920 980 450
1219 2 2 0 1 876 1116 428
1220 2 2 0 1 203 1047 701
1221 2 2 0 1 264 1218 650
1222 2 2 0 1 644 1591 1578
1223 2 2 0 1 1258 1572 322
1224 2 2 0 1 1452 1575 413
1225 2 2 0 1 612 1730 764
1226 2 2 0 1 303 1716 1334
1227 2 2 0 1 706 1687 430
1228 2 2 0 1 358 1530 1028
1229 2 2 0 1 1107 1418 623
1230 2 2 0 1 788 1226 434
1231 2 2 0 1 634 1115 375
1232 2 2 0 1 481 1597 1489
1233 2 2 0 1 87 906 643
1234 2 2 0 1 617 1669 959
1235 2 2 0 1 432 1285 757
1236 2 2 0 1 354 1099 643
1237 2 2 0 1 672 1626 229
1238 2 2 0 1 1193 1289 403
1239 2 2 0 1 624 1246 916
1240 2 2 0 1 177 1755 671
1241 2 2 0 1 1116 1734 197
1242 2 2 0 1 857 1206 169
1243 2 2 0 1 825 1243 402
1244 2 2 0 1 764 1730 312
1245 2 2 0 1 330 1016 751
1246 2 2 0 1 709 1173 427
1247 2 2 0 1 746 1412 463
1248 2 2 0 1 850 869 408
1249 2 2 0 1 326 977 789
1250 2 2 0 1 726 1442 108
1251 2 2 0 1 773 1748 188
1252 2 2 0 1 557 1748 773
1253 2 2 0 1 1534 1673 161
1254 2 2 0 1 328 1108 711
1255 2 2 0 1 387 1510 735
1256 2 2 0 1 912 966 390
1257 2 2 0 1 359 1521 1188
1258 2 2 0 1 915 1684 668
1259 2 2 0 1 736 1504 374
1260 2 2 0 1 894 1098 522
1261 2 2 0 1 1029 1164 227
1262 2 2 0 1 819 1494 190
1263 2 2 0 1 775 1582 342
1264 2 2 0 1 841 1109 403
1265 2 2 0 1 764 1406 528
1266 2 2 0 1 727 1094 216
1267 2 2 0 1 730 1389 482
1268 2 2 0 1 374 979 884
1269 2 2 0 1 347 1441 938
1270 2 2 0 1 424 1166 1162
1271 2 2 0 1 170 1134 784
1272 2 2 0 1 877 1472 361
1273 2 2 0 1 532 1448 1189
1274 2 2 0 1 703 1528 491
1275 2 2 0 1 710 1765 878
1276 2 2 0 1 686 1472 196
1277 2 2 0 1 487 1509 875
1278 2 2 0 1 184 1328 705
1279 2 2 0 1 929 1342 551
1280 2 2 0 1 832 1139 233
1281 2 2 0 1 865 1558 754
1282 2 2 0 1 512 996 909
1283 2 2 0 1 757 1285 182
1284 2 2 0 1 298 1105 1065
1285 2 2 0 1 394 1676 1220
1286 2 2 0 1 940 1613 345
1287 2 2 0 1 285 1428 1131
1288 2 2 0 1 949 978 387
1289 2 2 0 1 194 1241 679
1290 2 2 0 1 451 1112 905
1291 2 2 0 1 67 1677 1110
1292 2 2 0 1 983 1554 702
1293 2 2 0 1 829 910 170
1294 2 2 0 1 1024 1604 544
1295 2 2 0 1 750 1307 327
1296 2 2 0 1 806 1130 528
1297 2 2 0 1 713 1013 210
1298 2 2 0 1 378 834 818
1299 2 2 0 1 733 882 201
1300 2 2 0 1 505 1503 840
1301 2 2 0 1 627 1765 710
1302 2 2 0 1 759 857 169
1303 2 2 0 1 375 1694 663
1304 2 2 0 1 160 1596 818
1305 2 2 0 1 1131 1428 698
1306 2 2 0 1 1168 1368 839
1307 2 2 0 1 76 936 75
1308 2 2 0 1 48 1487 801
1309 2 2 0 1 937 1400 155
1310 2 2 0 1 379 1168 839
1311 2 2 0 1 996 1328 184
1312 2 2 0 1 879 994 586
1313 2 2 0 1 406 857 759
1314 2 2 0 1 475 1007 871
1315 2 2 0 1 715 1167 386
1316 2 2 0 1 821 1519 139
1317 2 2 0 1 509 1416 943
1318 2 2 0 1 318 1488 769
1319 2 2 0 1 249 1226 788
1320 2 2 0 1 282 1108 864
1321 2 2 0 1 898 1526 277
1322 2 2 0 1 860 1770 1060
1323 2 2 0 1 327 1307 720
1324 2 2 0 1 316 1339 956
1325 2 2 0 1 556 1718 717
1326 2 2 0 1 94 1150 691
1327 2 2 0 1 571 1146 1081
1328 2 2 0 1 967 1162 511
1329 2 2 0 1 418 1087 901
1330 2 2 0 1 37 1349 1058
1331 2 2 0 1 414 1453 699
1332 2 2 0 1 113 1350 112
1333 2 2 0 1 912 1527 674
1334 2 2 0 1 778 1629 168
1335 2 2 0 1 396 1126 1064
1336 2 2 0 1 365 1094 727
1337 2 2 0 1 699 1270 414
1338 2 2 0 1 789 1578 326
1339 2 2 0 1 555 1091 861
1340 2 2 0 1 4 1221 104
1341 2 2 0 1 903 1284 251
1342 2 2 0 1 643 906 354
1343 2 2 0 1 929 1706 762
1344 2 2 0 1 508 966 912
1345 2 2 0 1 333 1005 677
1346 2 2 0 1 315 1327 744
1347 2 2 0 1 1217 1531 478
1348 2 2 0 1 123 866 122
1349 2 2 0 1 774 1350 113
1350 2 2 0 1 678 1728 284
1351 2 2 0 1 825 1507 1243
1352 2 2 0 1 951 1177 679
1353 2 2 0 1 443 1428 701
1354 2 2 0 1 1397 1418 691
1355 2 2 0 1 702 957 220
1356 2 2 0 1 58 1259 772
1357 2 2 0 1 514 1305 858
1358 2 2 0 1 1065 1105 548
1359 2 2 0 1 900 1093 350
1360 2 2 0 1 1374 1766 442
1361 2 2 0 1 424 878 870
1362 2 2 0 1 955 1314 602
1363 2 2 0 1 497 1059 939
1364 2 2 0 1 53 1562 873
1365 2 2 0 1 592 1340 1053
1366 2 2 0 1 513 1649 1352
1367 2 2 0 1 814 1315 416
1368 2 2 0 1 929 1683 28
1369 2 2 0 1 686 838 291
1370 2 2 0 1 313 1609 791
1371 2 2 0 1 680 974 350
1372 2 2 0 1 110 1014 109
1373 2 2 0 1 204 1223 694
1374 2 2 0 1 796 970 191
1375 2 2 0 1 1162 1166 511
1376 2 2 0 1 730 1069 100
1377 2 2 0 1 350 974 677
1378 2 2 0 1 661 1450 1062
1379 2 2 0 1 784 1424 395
1380 2 2 0 1 105 1221 4
1381 2 2 0 1 1490 1640 754
1382 2 2 0 1 376 882 751
1383 2 2 0 1 391 1183 724
1384 2 2 0 1 144 907 143
1385 2 2 0 1 360 1417 722
1386 2 2 0 1 701 1688 1158
1387 2 2 0 1 989 1458 381
1388 2 2 0 1 723 1373 276
1389 2 2 0 1 1022 1711 165
1390 2 2 0 1 774 1196 451
1391 2 2 0 1 983 1092 480
1392 2 2 0 1 1081 1146 404
1393 2 2 0 1 991 1674 168
1394 2 2 0 1 935 1607 228
1395 2 2 0 1 569 1508 831
1396 2 2 0 1 781 1761 332
1397 2 2 0 1 721 1335 411
1398 2 2 0 1 818 834 160
1399 2 2 0 1 350 1093 758
1400 2 2 0 1 1666 1724 1202
1401 2 2 0 1 1147 1772 604
1402 2 2 0 1 720 1355 466
1403 2 2 0 1 735 1758 949
1404 2 2 0 1 919 974 219
1405 2 2 0 1 84 1096 731
1406 2 2 0 1 406 1253 857
1407 2 2 0 1 660 1264 1187
1408 2 2 0 1 191 1136 796
1409 2 2 0 1 448 910 783
1410 2 2 0 1 12 1033 11
1411 2 2 0 1 804 1682 564
1412 2 2 0 1 877 1313 618
1413 2 2 0 1 936 1056 362
1414 2 2 0 1 858 1305 226
1415 2 2 0 1 956 1339 560
1416 2 2 0 1 233 1124 813
1417 2 2 0 1 992 1485 608
1418 2 2 0 1 413 1575 1006
1419 2 2 0 1 991 1629 394
1420 2 2 0 1 230 1200 742
1421 2 2 0 1 280 1314 955
1422 2 2 0 1 939 1034 172
1423 2 2 0 1 769 1380 500
1424 2 2 0 1 310 1563 710
1425 2 2 0 1 144 1523 907
1426 2 2 0 1 663 1023 397
1427 2 2 0 1 366 957 702
1428 2 2 0 1 550 1662 1302
1429 2 2 0 1 399 1041 928
1430 2 2 0 1 606 1629 778
1431 2 2 0 1 171 1078 698
1432 2 2 0 1 979 1342 211
1433 2 2 0 1 777 1204 415
1434 2 2 0 1 895 1569 227
1435 2 2 0 1 511 1103 768
1436 2 2 0 1 1231 1460 700
1437 2 2 0 1 335 1049 854
1438 2 2 0 1 1299 1381 737
1439 2 2 0 1 521 1311 911
1440 2 2 0 1 1136 1513 796
1441 2 2 0 1 412 1079 904
1442 2 2 0 1 871 1007 279
1443 2 2 0 1 928 1293 399
1444 2 2 0 1 430 1482 706
1445 2 2 0 1 1095 1410 388
1446 2 2 0 1 32 1204 777
1447 2 2 0 1 329 931 784
1448 2 2 0 1 504 1194 1019
1449 2 2 0 1 358 1028 986
1450 2 2 0 1 539 1745 963
1451 2 2 0 1 768 1547 336
1452 2 2 0 1 916 1246 174
1453 2 2 0 1 469 919 886
1454 2 2 0 1 886 919 219
1455 2 2 0 1 275 1325 690
1456 2 2 0 1 463 1412 757
1457 2 2 0 1 572 1444 1088
1458 2 2 0 1 757 1412 294
1459 2 2 0 1 709 1072 213
1460 2 2 0 1 1086 1310 603
1461 2 2 0 1 573 1295 843
1462 2 2 0 1 506 1184 1069
1463 2 2 0 1 474 978 949
1464 2 2 0 1 576 1655 1113
1465 2 2 0 1 274 1390 1310
1466 2 2 0 1 186 1640 1490
1467 2 2 0 1 480 1554 983
1468 2 2 0 1 107 1442 755
1469 2 2 0 1 211 1342 997
1470 2 2 0 1 669 1686 337
1471 2 2 0 1 146 1723 1015
1472 2 2 0 1 77 1056 76
1473 2 2 0 1 338 1477 738
1474 2 2 0 1 382 1299 737
1475 2 2 0 1 914 999 268
1476 2 2 0 1 757 1309 432
1477 2 2 0 1 817 1142 397
1478 2 2 0 1 931 1424 784
1479 2 2 0 1 679 1177 194
1480 2 2 0 1 468 1442 726
1481 2 2 0 1 964 1767 166
1482 2 2 0 1 854 1049 215
1483 2 2 0 1 394 1182 991
1484 2 2 0 1 886 1239 469
1485 2 2 0 1 698 1319 171
1486 2 2 0 1 443 1319 698
1487 2 2 0 1 905 1112 441
1488 2 2 0 1 371 1174 692
1489 2 2 0 1 355 838 686
1490 2 2 0 1 718 1674 991
1491 2 2 0 1 183 1380 769
1492 2 2 0 1 1128 1717 765
1493 2 2 0 1 706 1482 270
1494 2 2 0 1 609 1526 898
1495 2 2 0 1 396 1064 981
1496 2 2 0 1 615 1672 971
1497 2 2 0 1 924 1016 409
1498 2 2 0 1 340 1770 860
1499 2 2 0 1 1516 1751 972
1500 2 2 0 1 473 1471 766
1501 2 2 0 1 875 1006 221
1502 2 2 0 1 380 1131 698
1503 2 2 0 1 726 1276 297
1504 2 2 0 1 744 1327 346
1505 2 2 0 1 415 1727 732
1506 2 2 0 1 482 1431 730
1507 2 2 0 1 213 1173 709
1508 2 2 0 1 544 1490 754
1509 2 2 0 1 846 1334 545
1510 2 2 0 1 722 1711 1022
1511 2 2 0 1 522 1494 819
1512 2 2 0 1 139 1519 138
1513 2 2 0 1 907 1523 656
1514 2 2 0 1 448 1388 689
1515 2 2 0 1 1088 1444 173
1516 2 2 0 1 754 1751 311
1517 2 2 0 1 427 1571 709
1518 2 2 0 1 184 1718 996
1519 2 2 0 1 826 1332 553
1520 2 2 0 1 744 1079 191
1521 2 2 0 1 54 1562 53
1522 2 2 0 1 28 1683 27
1523 2 2 0 1 431 957 927
1524 2 2 0 1 760 898 388
1525 2 2 0 1 376 1367 882
1526 2 2 0 1 114 1425 943
1527 2 2 0 1 657 1351 846
1528 2 2 0 1 663 1210 375
1529 2 2 0 1 705 1328 883
1530 2 2 0 1 76 1056 936
1531 2 2 0 1 359 1188 968
1532 2 2 0 1 893 1095 388
1533 2 2 0 1 799 868 13
1534 2 2 0 1 780 1197 494
1535 2 2 0 1 1058 1349 553
1536 2 2 0 1 416 1315 1281
1537 2 2 0 1 304 945 786
1538 2 2 0 1 92 973 91
1539 2 2 0 1 982 1263 255
1540 2 2 0 1 613 1758 735
1541 2 2 0 1 600 1365 987
1542 2 2 0 1 437 1395 772
1543 2 2 0 1 1054 1361 598
1544 2 2 0 1 311 1484 865
1545 2 2 0 1 311 1751 1516
1546 2 2 0 1 763 1539 485
1547 2 2 0 1 55 1011 54
1548 2 2 0 1 656 1750 1703
1549 2 2 0 1 963 1745 1037
1550 2 2 0 1 305 1296 724
1551 2 2 0 1 1051 1068 526
1552 2 2 0 1 801 1384 48
1553 2 2 0 1 364 923 921
1554 2 2 0 1 419 1044 1008
1555 2 2 0 1 361 1120 666
1556 2 2 0 1 185 1713 760
1557 2 2 0 1 233 1106 832
1558 2 2 0 1 555 1272 1091
1559 2 2 0 1 1070 1234 208
1560 2 2 0 1 1110 1677 662
1561 2 2 0 1 666 1313 361
1562 2 2 0 1 557 1696 719
1563 2 2 0 1 788 1300 338
1564 2 2 0 1 308 1468 792
1565 2 2 0 1 754 1558 544
1566 2 2 0 1 299 1287 773
1567 2 2 0 1 453 1702 712
1568 2 2 0 1 888 1109 365
1569 2 2 0 1 526 1068 859
1570 2 2 0 1 388 1410 760
1571 2 2 0 1 692 1766 1374
1572 2 2 0 1 292 1418 1397
1573 2 2 0 1 563 1458 989
1574 2 2 0 1 223 1044 901
1575 2 2 0 1 216 1417 727
1576 2 2 0 1 226 1191 858
1577 2 2 0 1 412 1348 1214
1578 2 2 0 1 193 994 879
1579 2 2 0 1 301 1431 717
1580 2 2 0 1 710 1563 470
1581 2 2 0 1 203 1441 670
1582 2 2 0 1 1281 1704 786
1583 2 2 0 1 363 1515 916
1584 2 2 0 1 599 1305 1018
1585 2 2 0 1 399 1605 1145
1586 2 2 0 1 190 1551 819
1587 2 2 0 1 385 1232 828
1588 2 2 0 1 847 1097 163
1589 2 2 0 1 702 1374 442
1590 2 2 0 1 292 1678 734
1591 2 2 0 1 971 1672 309
1592 2 2 0 1 436 1557 1347
1593 2 2 0 1 256 1210 1142
1594 2 2 0 1 393 1163 889
1595 2 2 0 1 693 869 159
1596 2 2 0 1 357 869 693
1597 2 2 0 1 218 1152 721
1598 2 2 0 1 733 1599 503
1599 2 2 0 1 170 1493 829
1600 2 2 0 1 752 1603 561
1601 2 2 0 1 1161 1367 376
1602 2 2 0 1 736 1185 226
1603 2 2 0 1 132 1111 728
1604 2 2 0 1 206 1354 761
1605 2 2 0 1 250 1068 1051
1606 2 2 0 1 1019 1194 196
1607 2 2 0 1 971 1213 615
1608 2 2 0 1 1187 1264 182
1609 2 2 0 1 448 922 910
1610 2 2 0 1 910 922 170
1611 2 2 0 1 701 1428 285
1612 2 2 0 1 589 1731 879
1613 2 2 0 1 303 1334 846
1614 2 2 0 1 819 894 522
1615 2 2 0 1 908 1417 216
1616 2 2 0 1 801 1487 444
1617 2 2 0 1 317 1347 826
1618 2 2 0 1 320 1398 1004
1619 2 2 0 1 719 1140 429
1620 2 2 0 1 216 1094 1043
1621 2 2 0 1 362 1228 749
1622 2 2 0 1 229 1771 1039
1623 2 2 0 1 329 894 819
1624 2 2 0 1 407 1454 1199
1625 2 2 0 1 1124 1676 394
1626 2 2 0 1 805 1266 384
1627 2 2 0 1 138 1052 137
1628 2 2 0 1 342 1266 805
1629 2 2 0 1 879 1731 193
1630 2 2 0 1 482 1389 785
1631 2 2 0 1 1036 1250 243
1632 2 2 0 1 681 1592 907
1633 2 2 0 1 903 1627 548
1634 2 2 0 1 739 1731 589
1635 2 2 0 1 26 947 25
1636 2 2 0 1 37 1058 36
1637 2 2 0 1 268 1085 835
1638 2 2 0 1 390 1710 780
1639 2 2 0 1 9 1026 8
1640 2 2 0 1 527 1583 865
1641 2 2 0 1 599 1504 1305
1642 2 2 0 1 808 1244 356
1643 2 2 0 1 201 1599 733
1644 2 2 0 1 57 1114 56
1645 2 2 0 1 536 1178 794
1646 2 2 0 1 771 1404 300
1647 2 2 0 1 969 1203 263
1648 2 2 0 1 793 904 346
1649 2 2 0 1 811 1032 60
1650 2 2 0 1 791 1609 1207
1651 2 2 0 1 755 1442 468
1652 2 2 0 1 490 1234 1070
1653 2 2 0 1 950 965 335
1654 2 2 0 1 526 1434 915
1655 2 2 0 1 786 1639 189
1656 2 2 0 1 870 1255 424
1657 2 2 0 1 1240 1402 232
1658 2 2 0 1 745 1343 300
1659 2 2 0 1 502 1343 745
1660 2 2 0 1 785 1389 102
1661 2 2 0 1 319 1196 774
1662 2 2 0 1 731 1516 476
1663 2 2 0 1 901 1087 435
1664 2 2 0 1 435 1361 1054
1665 2 2 0 1 732 1727 305
1666 2 2 0 1 378 1071 834
1667 2 2 0 1 654 1611 1043
1668 2 2 0 1 1680 1756 252
1669 2 2 0 1 1192 1680 252
1670 2 2 0 1 760 1410 611
1671 2 2 0 1 371 1646 753
1672 2 2 0 1 765 1717 238
1673 2 2 0 1 1061 1077 125
1674 2 2 0 1 956 1695 316
1675 2 2 0 1 1648 1750 590
1676 2 2 0 1 579 1169 1129
1677 2 2 0 1 696 1337 1318
1678 2 2 0 1 591 1228 1056
1679 2 2 0 1 252 1756 802
1680 2 2 0 1 323 1383 798
1681 2 2 0 1 843 1481 573
1682 2 2 0 1 220 1374 702
1683 2 2 0 1 767 1372 476
1684 2 2 0 1 782 1555 518
1685 2 2 0 1 1325 1732 984
1686 2 2 0 1 730 1431 301
1687 2 2 0 1 802 1208 252
1688 2 2 0 1 941 1472 492
1689 2 2 0 1 484 1334 881
1690 2 2 0 1 1243 1292 632
1691 2 2 0 1 675 1511 433
1692 2 2 0 1 202 1752 928
1693 2 2 0 1 772 1240 437
1694 2 2 0 1 800 1322 425
1695 2 2 0 1 1267 1724 288
1696 2 2 0 1 782 1149 177
1697 2 2 0 1 975 1637 164
1698 2 2 0 1 272 1298 739
1699 2 2 0 1 704 1724 1267
1700 2 2 0 1 698 1428 443
1701 2 2 0 1 96 1212 809
1702 2 2 0 1 452 1541 738
1703 2 2 0 1 74 1009 73
1704 2 2 0 1 722 1417 908
1705 2 2 0 1 1163 1771 229
1706 2 2 0 1 770 842 321
1707 2 2 0 1 797 1122 353
1708 2 2 0 1 284 1270 699
1709 2 2 0 1 1051 1546 250
1710 2 2 0 1 1202 1724 540
1711 2 2 0 1 620 1239 886
1712 2 2 0 1 525 1157 1078
1713 2 2 0 1 126 1061 125
1714 2 2 0 1 742 1329 230
1715 2 2 0 1 400 994 775
1716 2 2 0 1 195 1381 1299
1717 2 2 0 1 82 1372 767
1718 2 2 0 1 1414 1452 243
1719 2 2 0 1 734 1678 642
1720 2 2 0 1 429 1590 1101
1721 2 2 0 1 163 1605 847
1722 2 2 0 1 528 1737 764
1723 2 2 0 1 231 904 793
1724 2 2 0 1 203 1158 746
1725 2 2 0 1 438 1283 761
1726 2 2 0 1 963 1037 217
1727 2 2 0 1 395 1424 960
1728 2 2 0 1 14 1171 799
1729 2 2 0 1 916 1515 624
1730 2 2 0 1 213 1524 1067
1731 2 2 0 1 398 1179 1155
1732 2 2 0 1 704 1267 367
1733 2 2 0 1 738 1541 338
1734 2 2 0 1 52 1244 808
1735 2 2 0 1 302 1669 1486
1736 2 2 0 1 413 1034 939
1737 2 2 0 1 445 1580 812
1738 2 2 0 1 524 1635 802
1739 2 2 0 1 759 1185 406
1740 2 2 0 1 165 1603 752
1741 2 2 0 1 352 1026 804
1742 2 2 0 1 191 1700 744
1743 2 2 0 1 568 1147 1083
1744 2 2 0 1 200 1735 725
1745 2 2 0 1 542 1716 837
1746 2 2 0 1 455 1006 875
1747 2 2 0 1 724 1296 425
1748 2 2 0 1 721 1385 218
1749 2 2 0 1 182 1641 1187
1750 2 2 0 1 1055 1595 547
1751 2 2 0 1 517 999 914
1752 2 2 0 1 294 1309 757
1753 2 2 0 1 1526 1733 343
1754 2 2 0 1 1187 1571 427
1755 2 2 0 1 353 1660 797
1756 2 2 0 1 212 1473 795
1757 2 2 0 1 713 1543 1131
1758 2 2 0 1 1091 1272 446
1759 2 2 0 1 861 1091 296
1760 2 2 0 1 893 1034 455
1761 2 2 0 1 1250 1414 243
1762 2 2 0 1 772 1259 457
1763 2 2 0 1 985 1598 437
1764 2 2 0 1 218 1048 984
1765 2 2 0 1 408 1135 850
1766 2 2 0 1 517 1567 1041
1767 2 2 0 1 385 1233 1232
1768 2 2 0 1 876 1757 324
1769 2 2 0 1 228 1663 1144
1770 2 2 0 1 865 1583 242
1771 2 2 0 1 786 1636 540
1772 2 2 0 1 1144 1663 1480
1773 2 2 0 1 356 1128 765
1774 2 2 0 1 747 1734 1116
1775 2 2 0 1 1017 1674 718
1776 2 2 0 1 690 1440 275
1777 2 2 0 1 973 1411 91
1778 2 2 0 1 461 1455 1190
1779 2 2 0 1 776 1092 180
1780 2 2 0 1 1008 1044 223
1781 2 2 0 1 417 1429 1180
1782 2 2 0 1 372 1545 777
1783 2 2 0 1 930 1217 420
1784 2 2 0 1 440 1366 1181
1785 2 2 0 1 1214 1348 541
1786 2 2 0 1 684 1291 368
1787 2 2 0 1 72 1476 921
1788 2 2 0 1 253 1647 1228
1789 2 2 0 1 274 1310 1086
1790 2 2 0 1 439 1093 900
1791 2 2 0 1 968 1188 507
1792 2 2 0 1 552 1312 1025
1793 2 2 0 1 717 1718 823
1794 2 2 0 1 865 1484 527
1795 2 2 0 1 453 1226 1084
1796 2 2 0 1 773 1743 299
1797 2 2 0 1 949 1758 293
1798 2 2 0 1 857 1253 595
1799 2 2 0 1 375 1210 975
1800 2 2 0 1 301 1419 730
1801 2 2 0 1 291 1610 686
1802 2 2 0 1 686 1610 492
1803 2 2 0 1 884 979 211
1804 2 2 0 1 1182 1740 991
1805 2 2 0 1 763 1642 1539
1806 2 2 0 1 218 1385 741
1807 2 2 0 1 364 1223 1153
1808 2 2 0 1 839 1088 173
1809 2 2 0 1 97 1212 96
1810 2 2 0 1 100 1069 99
1811 2 2 0 1 1187 1641 714
1812 2 2 0 1 816 1671 205
1813 2 2 0 1 822 1512 516
1814 2 2 0 1 1153 1223 627
1815 2 2 0 1 570 1445 834
1816 2 2 0 1 728 1111 383
1817 2 2 0 1 61 1392 811
1818 2 2 0 1 346 1399 793
1819 2 2 0 1 702 1554 366
1820 2 2 0 1 570 1556 864
1821 2 2 0 1 863 1064 496
1822 2 2 0 1 63 1261 62
1823 2 2 0 1 483 1460 1231
1824 2 2 0 1 297 1593 726
1825 2 2 0 1 1080 1483 134
1826 2 2 0 1 758 1252 350
1827 2 2 0 1 847 1605 583
1828 2 2 0 1 898 1713 609
1829 2 2 0 1 855 1643 236
1830 2 2 0 1 1129 1169 207
1831 2 2 0 1 927 957 366
1832 2 2 0 1 1164 1285 432
1833 2 2 0 1 733 1474 330
1834 2 2 0 1 485 1524 763
1835 2 2 0 1 241 1466 876
1836 2 2 0 1 356 1244 873
1837 2 2 0 1 568 1083 1023
1838 2 2 0 1 271 1485 992
1839 2 2 0 1 844 1246 409
1840 2 2 0 1 334 1255 870
1841 2 2 0 1 932 998 178
1842 2 2 0 1 826 1565 317
1843 2 2 0 1 1466 1757 876
1844 2 2 0 1 1025 1312 461
1845 2 2 0 1 404 1176 1081
1846 2 2 0 1 815 1169 369
1847 2 2 0 1 784 1493 170
1848 2 2 0 1 125 1077 124
1849 2 2 0 1 504 1019 962
1850 2 2 0 1 962 1019 357
1851 2 2 0 1 945 1430 247
1852 2 2 0 1 637 1767 682
1853 2 2 0 1 726 1593 468
1854 2 2 0 1 574 1674 1017
1855 2 2 0 1 1473 1488 795
1856 2 2 0 1 964 1327 315
1857 2 2 0 1 698 1078 380
1858 2 2 0 1 529 1518 1077
1859 2 2 0 1 18 859 17
1860 2 2 0 1 960 1068 250
1861 2 2 0 1 316 1140 719
1862 2 2 0 1 860 1060 120
1863 2 2 0 1 1023 1083 397
1864 2 2 0 1 1114 1326 625
1865 2 2 0 1 224 1387 810
1866 2 2 0 1 1073 1590 429
1867 2 2 0 1 892 1338 667
1868 2 2 0 1 1025 1143 128
1869 2 2 0 1 1291 1528 307
1870 2 2 0 1 563 1285 1164
1871 2 2 0 1 1307 1720 43
1872 2 2 0 1 67 1110 66
1873 2 2 0 1 1004 1078 171
1874 2 2 0 1 873 1244 53
1875 2 2 0 1 880 1546 1302
1876 2 2 0 1 686 1194 355
1877 2 2 0 1 753 1195 388
1878 2 2 0 1 758 1093 225
1879 2 2 0 1 454 998 932
1880 2 2 0 1 1539 1642 281
1881 2 2 0 1 776 1163 393
1882 2 2 0 1 911 1577 521
1883 2 2 0 1 426 1192 1154
1884 2 2 0 1 49 1487 48
1885 2 2 0 1 382 1119 781
1886 2 2 0 1 880 1302 325
1887 2 2 0 1 168 1674 820
1888 2 2 0 1 425 1296 800
1889 2 2 0 1 792 1468 460
1890 2 2 0 1 464 1088 839
1891 2 2 0 1 1154 1192 555
1892 2 2 0 1 802 1635 352
1893 2 2 0 1 200 977 976
1894 2 2 0 1 823 1231 700
1895 2 2 0 1 525 1078 1004
1896 2 2 0 1 719 1339 316
1897 2 2 0 1 42 1042 41
1898 2 2 0 1 401 1097 847
1899 2 2 0 1 269 1292 1243
1900 2 2 0 1 953 969 263
1901 2 2 0 1 679 1404 384
1902 2 2 0 1 1139 1260 567
1903 2 2 0 1 712 1769 453
1904 2 2 0 1 1139 1733 1260
1905 2 2 0 1 411 1385 721
1906 2 2 0 1 1036 1041 399
1907 2 2 0 1 761 1401 472
1908 2 2 0 1 219 950 886
1909 2 2 0 1 196 1194 686
1910 2 2 0 1 255 1303 982
1911 2 2 0 1 1151 1304 559
1912 2 2 0 1 875 1478 487
1913 2 2 0 1 832 1106 378
1914 2 2 0 1 534 1430 945
1915 2 2 0 1 809 1479 96
1916 2 2 0 1 85 1096 84
1917 2 2 0 1 1000 1146 571
1918 2 2 0 1 431 1031 835
1919 2 2 0 1 835 1031 268
1920 2 2 0 1 982 1303 519
1921 2 2 0 1 429 1140 1073
1922 2 2 0 1 99 1184 98
1923 2 2 0 1 205 1661 944
1924 2 2 0 1 171 1319 1120
1925 2 2 0 1 410 1325 984
1926 2 2 0 1 577 1572 1258
1927 2 2 0 1 170 1649 1134
1928 2 2 0 1 283 1648 709
1929 2 2 0 1 160 1445 1262
1930 2 2 0 1 810 1387 392
1931 2 2 0 1 129 1025 128
1932 2 2 0 1 748 1526 343
1933 2 2 0 1 981 1587 396
1934 2 2 0 1 368 1156 684
1935 2 2 0 1 640 1517 675
1936 2 2 0 1 889 1163 229
1937 2 2 0 1 393 1092 776
1938 2 2 0 1 960 1424 1233
1939 2 2 0 1 181 1165 899
1940 2 2 0 1 236 1340 855
1941 2 2 0 1 859 1068 385
1942 2 2 0 1 1095 1509 261
1943 2 2 0 1 834 1445 160
1944 2 2 0 1 73 1476 72
1945 2 2 0 1 433 1708 1102
1946 2 2 0 1 367 1670 1323
1947 2 2 0 1 1063 1287 444
1948 2 2 0 1 1071 1308 581
1949 2 2 0 1 223 1222 1010
1950 2 2 0 1 142 1216 141
1951 2 2 0 1 775 994 193
1952 2 2 0 1 136 1045 135
1953 2 2 0 1 152 1118 151
1954 2 2 0 1 741 1385 411
1955 2 2 0 1 1291 1405 368
1956 2 2 0 1 697 1577 1542
1957 2 2 0 1 477 1336 1080
1958 2 2 0 1 1099 1219 242
1959 2 2 0 1 1166 1616 162
1960 2 2 0 1 424 1162 878
1961 2 2 0 1 872 1679 199
1962 2 2 0 1 1025 1456 552
1963 2 2 0 1 540 1639 786
1964 2 2 0 1 824 1426 562
1965 2 2 0 1 461 1143 1025
1966 2 2 0 1 164 1606 975
1967 2 2 0 1 60 1032 59
1968 2 2 0 1 549 1566 885
1969 2 2 0 1 88 906 87
1970 2 2 0 1 205 1271 816
1971 2 2 0 1 868 1033 12
1972 2 2 0 1 940 1234 490
1973 2 2 0 1 212 1146 1000
1974 2 2 0 1 1131 1543 285
1975 2 2 0 1 283 1571 714
1976 2 2 0 1 847 1249 401
1977 2 2 0 1 611 1410 1394
1978 2 2 0 1 1090 1229 417
1979 2 2 0 1 1043 1094 654
1980 2 2 0 1 412 1136 1079
1981 2 2 0 1 396 1587 1158
1982 2 2 0 1 866 1518 529
1983 2 2 0 1 269 1507 980
1984 2 2 0 1 123 1518 866
1985 2 2 0 1 1045 1080 135
1986 2 2 0 1 511 1166 1103
1987 2 2 0 1 1316 1467 592
1988 2 2 0 1 1076 1226 453
1989 2 2 0 1 13 868 12
1990 2 2 0 1 815 1617 207
1991 2 2 0 1 883 1329 742
1992 2 2 0 1 1503 1671 816
1993 2 2 0 1 118 1570 1081
1994 2 2 0 1 187 1577 911
1995 2 2 0 1 1073 1140 561
1996 2 2 0 1 50 1055 49
1997 2 2 0 1 232 1315 814
1998 2 2 0 1 469 998 833
1999 2 2 0 1 277 1536 803
2000 2 2 0 1 766 1277 423
2001 2 2 0 1 119 1570 118
2002 2 2 0 1 342 1213 775
2003 2 2 0 1 796 1421 970
2004 2 2 0 1 1220 1676 567
2005 2 2 0 1 848 1103 162
2006 2 2 0 1 553 1565 826
2007 2 2 0 1 728 1544 324
2008 2 2 0 1 1144 1193 228
2009 2 2 0 1 548 1679 872
2010 2 2 0 1 129 1456 1025
2011 2 2 0 1 721 1152 386
2012 2 2 0 1 711 1552 1008
2013 2 2 0 1 403 1109 830
2014 2 2 0 1 1484 1516 731
2015 2 2 0 1 171 1120 1004
2016 2 2 0 1 115 1425 114
2017 2 2 0 1 128 1143 127
2018 2 2 0 1 954 1456 130
2019 2 2 0 1 988 1729 699
2020 2 2 0 1 833 1037 333
2021 2 2 0 1 963 1691 539
2022 2 2 0 1 426 1292 961
2023 2 2 0 1 96 1479 95
2024 2 2 0 1 386 1245 918
2025 2 2 0 1 850 1135 347
2026 2 2 0 1 35 1322 800
2027 2 2 0 1 761 1283 206
2028 2 2 0 1 619 1280 862
2029 2 2 0 1 27 1357 26
2030 2 2 0 1 388 1195 893
2031 2 2 0 1 578 1229 1090
2032 2 2 0 1 421 1365 795
2033 2 2 0 1 1228 1647 749
2034 2 2 0 1 576 1113 848
2035 2 2 0 1 1080 1336 604
2036 2 2 0 1 159 1721 693
2037 2 2 0 1 690 1325 1061
2038 2 2 0 1 777 1545 31
2039 2 2 0 1 363 1496 1151
2040 2 2 0 1 999 1085 268
2041 2 2 0 1 707 1657 209
2042 2 2 0 1 831 1251 569
2043 2 2 0 1 884 1253 406
2044 2 2 0 1 1185 1191 226
2045 2 2 0 1 656 1703 907
2046 2 2 0 1 1283 1521 206
2047 2 2 0 1 619 1386 1280
2048 2 2 0 1 244 1644 768
2049 2 2 0 1 267 1712 1236
2050 2 2 0 1 432 1309 913
2051 2 2 0 1 1286 1330 520
2052 2 2 0 1 1004 1120 538
2053 2 2 0 1 1211 1647 537
2054 2 2 0 1 410 1077 1061
2055 2 2 0 1 785 1290 482
2056 2 2 0 1 437 1598 1326
2057 2 2 0 1 1252 1471 680
2058 2 2 0 1 809 1506 531
2059 2 2 0 1 316 1695 752
2060 2 2 0 1 209 1559 707
2061 2 2 0 1 855 1746 1643
2062 2 2 0 1 16 1747 15
2063 2 2 0 1 485 1539 782
2064 2 2 0 1 889 1626 575
2065 2 2 0 1 172 1646 1057
2066 2 2 0 1 664 1409 1316
2067 2 2 0 1 142 1592 1216
2068 2 2 0 1 1228 1427 253
2069 2 2 0 1 53 1244 52
2070 2 2 0 1 605 1521 1283
2071 2 2 0 1 343 1139 832
2072 2 2 0 1 976 977 594
2073 2 2 0 1 945 1636 786
2074 2 2 0 1 641 1633 1159
2075 2 2 0 1 968 1607 359
2076 2 2 0 1 85 1242 1096
2077 2 2 0 1 1018 1305 514
2078 2 2 0 1 150 1511 675
2079 2 2 0 1 675 1517 150
2080 2 2 0 1 167 1064 863
2081 2 2 0 1 174 1246 844
2082 2 2 0 1 750 1720 1307
2083 2 2 0 1 257 1362 952
2084 2 2 0 1 833 998 454
2085 2 2 0 1 1159 1633 509
2086 2 2 0 1 392 1186 959
2087 2 2 0 1 1104 1291 307
2088 2 2 0 1 50 1595 1055
2089 2 2 0 1 1043 1611 358
2090 2 2 0 1 416 1281 1138
2091 2 2 0 1 604 1483 1080
2092 2 2 0 1 891 1137 351
2093 2 2 0 1 928 1041 202
2094 2 2 0 1 16 1525 828
2095 2 2 0 1 727 1417 360
2096 2 2 0 1 546 1505 851
2097 2 2 0 1 1151 1496 734
2098 2 2 0 1 775 1213 400
2099 2 2 0 1 31 1545 30
2100 2 2 0 1 193 1582 775
2101 2 2 0 1 796 1513 320
2102 2 2 0 1 383 1544 728
2103 2 2 0 1 944 1661 1128
2104 2 2 0 1 337 1495 1129
2105 2 2 0 1 888 1354 206
2106 2 2 0 1 401 1273 1097
2107 2 2 0 1 861 1551 190
2108 2 2 0 1 562 1632 1474
2109 2 2 0 1 564 1208 804
2110 2 2 0 1 885 1681 611
2111 2 2 0 1 1120 1319 666
2112 2 2 0 1 1014 1276 726
2113 2 2 0 1 383 1772 1147
2114 2 2 0 1 286 1467 1316
2115 2 2 0 1 17 1525 16
2116 2 2 0 1 611 1117 885
2117 2 2 0 1 893 1195 172
2118 2 2 0 1 674 1527 1178
2119 2 2 0 1 475 1165 925
2120 2 2 0 1 621 1421 796
2121 2 2 0 1 156 1100 988
2122 2 2 0 1 430 1687 745
2123 2 2 0 1 208 1234 934
2124 2 2 0 1 1089 1331 409
2125 2 2 0 1 486 1193 1144
2126 2 2 0 1 810 1396 322
2127 2 2 0 1 1540 1658 472
2128 2 2 0 1 1078 1157 380
2129 2 2 0 1 211 1253 884
2130 2 2 0 1 709 1571 283
2131 2 2 0 1 845 1694 375
2132 2 2 0 1 311 1516 1484
2133 2 2 0 1 512 1328 996
2134 2 2 0 1 867 1744 1468
2135 2 2 0 1 714 1571 1187
2136 2 2 0 1 625 1237 1011
2137 2 2 0 1 899 1165 470
2138 2 2 0 1 337 1129 787
2139 2 2 0 1 336 1547 848
2140 2 2 0 1 57 1395 1114
2141 2 2 0 1 770 1537 449
2142 2 2 0 1 1284 1600 535
2143 2 2 0 1 204 1659 870
2144 2 2 0 1 135 1080 134
2145 2 2 0 1 784 1134 329
2146 2 2 0 1 762 1545 372
2147 2 2 0 1 768 1644 511
2148 2 2 0 1 59 1259 58
2149 2 2 0 1 846 1351 303
2150 2 2 0 1 720 1307 44
2151 2 2 0 1 895 1353 341
2152 2 2 0 1 418 1044 953
2153 2 2 0 1 1048 1621 529
2154 2 2 0 1 95 1150 94
2155 2 2 0 1 345 1066 887
2156 2 2 0 1 512 1329 883
2157 2 2 0 1 322 1572 810
2158 2 2 0 1 788 1209 249
2159 2 2 0 1 749 1211 593
2160 2 2 0 1 749 1647 1211
2161 2 2 0 1 856 1266 342
2162 2 2 0 1 795 1488 318
2163 2 2 0 1 495 1569 895
2164 2 2 0 1 30 1545 762
2165 2 2 0 1 419 969 953
2166 2 2 0 1 1083 1147 239
2167 2 2 0 1 454 1686 1247
2168 2 2 0 1 1053 1531 331
2169 2 2 0 1 590 1750 1015
2170 2 2 0 1 367 1293 928
2171 2 2 0 1 755 1364 458
2172 2 2 0 1 744 1294 315
2173 2 2 0 1 835 1085 422
2174 2 2 0 1 179 1245 862
2175 2 2 0 1 215 1557 854
2176 2 2 0 1 807 1422 514
2177 2 2 0 1 829 1493 395
2178 2 2 0 1 20 915 19
2179 2 2 0 1 229 1626 889
2180 2 2 0 1 243 1452 1059
2181 2 2 0 1 386 1167 721
2182 2 2 0 1 743 1349 38
2183 2 2 0 1 925 1165 181
2184 2 2 0 1 837 1618 542
2185 2 2 0 1 39 1535 743
2186 2 2 0 1 959 1186 188
2187 2 2 0 1 1280 1386 471
2188 2 2 0 1 375 1115 845
2189 2 2 0 1 207 1169 815
2190 2 2 0 1 982 1698 328
2191 2 2 0 1 409 1331 924
2192 2 2 0 1 195 1299 897
2193 2 2 0 1 435 1054 1039
2194 2 2 0 1 111 1451 110
2195 2 2 0 1 783 1311 225
2196 2 2 0 1 864 1556 282
2197 2 2 0 1 1312 1455 461
2198 2 2 0 1 748 1536 277
2199 2 2 0 1 1216 1592 681
2200 2 2 0 1 1281 1315 582
2201 2 2 0 1 339 1506 809
2202 2 2 0 1 824 1763 565
2203 2 2 0 1 287 1621 741
2204 2 2 0 1 296 1512 822
2205 2 2 0 1 905 1350 451
2206 2 2 0 1 1179 1723 147
2207 2 2 0 1 216 1449 908
2208 2 2 0 1 1219 1735 474
2209 2 2 0 1 828 1232 516
2210 2 2 0 1 901 1222 223
2211 2 2 0 1 1200 1205 586
2212 2 2 0 1 541 1137 891
2213 2 2 0 1 631 1607 968
2214 2 2 0 1 234 1537 770
2215 2 2 0 1 824 1520 377
2216 2 2 0 1 247 1613 940
2217 2 2 0 1 938 1436 347
2218 2 2 0 1 622 1291 1104
2219 2 2 0 1 384 1404 771
2220 2 2 0 1 399 1250 1036
2221 2 2 0 1 565 1763 1038
2222 2 2 0 1 625 1326 1237
2223 2 2 0 1 1530 1611 597
2224 2 2 0 1 189 1323 1138
2225 2 2 0 1 564 1682 1033
2226 2 2 0 1 1129 1495 579
2227 2 2 0 1 854 1557 436
2228 2 2 0 1 837 1716 303
2229 2 2 0 1 293 1604 1532
2230 2 2 0 1 497 1085 999
2231 2 2 0 1 814 1088 464
2232 2 2 0 1 709 1648 1072
2233 2 2 0 1 803 1174 371
2234 2 2 0 1 887 1470 462
2235 2 2 0 1 33 1204 32
2236 2 2 0 1 471 1203 969
2237 2 2 0 1 464 1598 985
2238 2 2 0 1 199 1679 1304
2239 2 2 0 1 230 1205 1200
2240 2 2 0 1 147 1723 146
2241 2 2 0 1 684 1156 198
2242 2 2 0 1 1052 1337 696
2243 2 2 0 1 169 1206 965
2244 2 2 0 1 996 1718 556
2245 2 2 0 1 369 1169 995
2246 2 2 0 1 839 1368 464
2247 2 2 0 1 552 1456 954
2248 2 2 0 1 737 1461 1265
2249 2 2 0 1 220 1377 852
2250 2 2 0 1 169 1705 766
2251 2 2 0 1 503 1655 1021
2252 2 2 0 1 905 1451 111
2253 2 2 0 1 816 1271 379
2254 2 2 0 1 943 1425 509
2255 2 2 0 1 1123 1347 638
2256 2 2 0 1 840 1658 1540
2257 2 2 0 1 572 1088 814
2258 2 2 0 1 351 1689 937
2259 2 2 0 1 693 1721 402
2260 2 2 0 1 855 1340 498
2261 2 2 0 1 214 1435 751
2262 2 2 0 1 836 1462 466
2263 2 2 0 1 616 1673 1534
2264 2 2 0 1 158 1132 900
2265 2 2 0 1 90 1411 779
2266 2 2 0 1 394 1220 1182
2267 2 2 0 1 828 1747 16
2268 2 2 0 1 447 1405 1400
2269 2 2 0 1 622 1405 1291
2270 2 2 0 1 1201 1347 317
2271 2 2 0 1 743 1535 493
2272 2 2 0 1 91 1411 90
2273 2 2 0 1 573 1764 1295
2274 2 2 0 1 479 1411 973
2275 2 2 0 1 442 1766 1263
2276 2 2 0 1 988 1100 487
2277 2 2 0 1 446 1033 868
2278 2 2 0 1 1468 1744 460
2279 2 2 0 1 120 1060 119
2280 2 2 0 1 867 1468 308
2281 2 2 0 1 558 1533 862
2282 2 2 0 1 783 1388 448
2283 2 2 0 1 787 1719 636
2284 2 2 0 1 764 1737 198
2285 2 2 0 1 682 1767 964
2286 2 2 0 1 378 1308 1071
2287 2 2 0 1 250 1546 880
2288 2 2 0 1 843 1295 459
2289 2 2 0 1 820 1674 574
2290 2 2 0 1 1317 1579 279
2291 2 2 0 1 664 1316 756
2292 2 2 0 1 1138 1323 585
2293 2 2 0 1 646 1637 975
2294 2 2 0 1 113 1699 774
2295 2 2 0 1 385 1068 960
2296 2 2 0 1 1141 1731 739
2297 2 2 0 1 760 1713 898
2298 2 2 0 1 907 1703 381
2299 2 2 0 1 862 1280 179
2300 2 2 0 1 400 1213 971
2301 2 2 0 1 198 1737 1130
2302 2 2 0 1 317 1565 743
2303 2 2 0 1 222 1652 822
2304 2 2 0 1 1464 1536 488
2305 2 2 0 1 975 1606 634
2306 2 2 0 1 946 1405 447
2307 2 2 0 1 1318 1337 276
2308 2 2 0 1 751 1435 376
2309 2 2 0 1 405 1133 902
2310 2 2 0 1 546 1522 1505
2311 2 2 0 1 341 1580 821
2312 2 2 0 1 797 1618 192
2313 2 2 0 1 943 1699 114
2314 2 2 0 1 300 1437 745
2315 2 2 0 1 658 1743 1186
2316 2 2 0 1 947 1370 25
2317 2 2 0 1 176 1744 867
2318 2 2 0 1 445 1519 821
2319 2 2 0 1 1392 1588 811
2320 2 2 0 1 308 1685 867
2321 2 2 0 1 389 1664 1653
2322 2 2 0 1 687 1604 1306
2323 2 2 0 1 476 1257 767
2324 2 2 0 1 401 1249 1070
2325 2 2 0 1 953 1044 419
2326 2 2 0 1 1324 1691 963
2327 2 2 0 1 184 1231 823
2328 2 2 0 1 917 1574 176
2329 2 2 0 1 174 1426 1003
2330 2 2 0 1 1644 1667 967
2331 2 2 0 1 451 1350 774
2332 2 2 0 1 748 1596 488
2333 2 2 0 1 583 1749 847
2334 2 2 0 1 713 1131 1013
2335 2 2 0 1 900 1132 439
2336 2 2 0 1 766 1705 473
2337 2 2 0 1 156 1453 831
2338 2 2 0 1 1316 1409 286
2339 2 2 0 1 831 1453 414
2340 2 2 0 1 505 1671 1503
2341 2 2 0 1 139 1628 821
2342 2 2 0 1 587 1574 917
2343 2 2 0 1 155 1197 966
2344 2 2 0 1 90 1591 89
2345 2 2 0 1 65 1470 887
2346 2 2 0 1 1065 1460 483
2347 2 2 0 1 541 1279 1137
2348 2 2 0 1 395 1493 784
2349 2 2 0 1 257 1530 1362
2350 2 2 0 1 224 1462 836
2351 2 2 0 1 159 1358 825
2352 2 2 0 1 284 1728 892
2353 2 2 0 1 1020 1375 265
2354 2 2 0 1 341 1353 812
2355 2 2 0 1 1079 1136 191
2356 2 2 0 1 1011 1237 465
2357 2 2 0 1 1006 1034 413
2358 2 2 0 1 867 1685 523
2359 2 2 0 1 1099 1583 643
2360 2 2 0 1 986 1104 307
2361 2 2 0 1 794 1527 390
2362 2 2 0 1 767 1446 81
2363 2 2 0 1 298 1534 1286
2364 2 2 0 1 488 1536 748
2365 2 2 0 1 795 1365 212
2366 2 2 0 1 202 1567 738
2367 2 2 0 1 338 1541 729
2368 2 2 0 1 1215 1498 588
2369 2 2 0 1 1189 1382 194
2370 2 2 0 1 984 1048 410
2371 2 2 0 1 562 1692 824
2372 2 2 0 1 841 1289 175
2373 2 2 0 1 837 1665 192
2374 2 2 0 1 602 1752 1477
2375 2 2 0 1 515 1667 851
2376 2 2 0 1 1004 1398 525
2377 2 2 0 1 549 1656 1566
2378 2 2 0 1 1009 1476 73
2379 2 2 0 1 1077 1518 124
2380 2 2 0 1 332 1346 897
2381 2 2 0 1 819 1551 499
2382 2 2 0 1 970 1324 489
2383 2 2 0 1 1057 1646 371
2384 2 2 0 1 133 1111 132
2385 2 2 0 1 493 1393 1201
2386 2 2 0 1 1182 1220 549
2387 2 2 0 1 1033 1682 11
2388 2 2 0 1 1022 1401 360
2389 2 2 0 1 859 1434 526
2390 2 2 0 1 1084 1226 249
2391 2 2 0 1 436 1347 1123
2392 2 2 0 1 1082 1084 438
2393 2 2 0 1 321 1324 970
2394 2 2 0 1 819 1651 329
2395 2 2 0 1 228 1193 935
2396 2 2 0 1 697 1514 1277
2397 2 2 0 1 251 1627 903
2398 2 2 0 1 1139 1676 233
2399 2 2 0 1 882 1367 201
2400 2 2 0 1 477 1080 1045
2401 2 2 0 1 437 1326 1114
2402 2 2 0 1 440 1446 767
2403 2 2 0 1 603 1623 936
2404 2 2 0 1 1552 1654 633
2405 2 2 0 1 779 1591 90
2406 2 2 0 1 242 1558 865
2407 2 2 0 1 347 1436 926
2408 2 2 0 1 921 1529 364
2409 2 2 0 1 204 1765 1223
2410 2 2 0 1 944 1128 356
2411 2 2 0 1 908 1615 349
2412 2 2 0 1 973 1160 479
2413 2 2 0 1 822 1652 499
2414 2 2 0 1 414 1161 1002
2415 2 2 0 1 873 1562 465
2416 2 2 0 1 206 1521 830
2417 2 2 0 1 501 1529 921
2418 2 2 0 1 647 1330 1286
2419 2 2 0 1 458 1433 755
2420 2 2 0 1 48 1384 47
2421 2 2 0 1 192 1665 1035
2422 2 2 0 1 1024 1219 474
2423 2 2 0 1 718 1740 1448
2424 2 2 0 1 695 1475 1358
2425 2 2 0 1 671 1755 961
2426 2 2 0 1 248 1561 856
2427 2 2 0 1 961 1680 426
2428 2 2 0 1 22 1422 807
2429 2 2 0 1 723 1594 1373
2430 2 2 0 1 746 1587 1412
2431 2 2 0 1 1102 1170 518
2432 2 2 0 1 304 1588 945
2433 2 2 0 1 221 1575 881
2434 2 2 0 1 864 1445 570
2435 2 2 0 1 291 1127 942
2436 2 2 0 1 138 1519 1052
2437 2 2 0 1 1368 1598 464
2438 2 2 0 1 175 1345 841
2439 2 2 0 1 1241 1437 679
2440 2 2 0 1 197 1694 845
2441 2 2 0 1 507 1209 729
2442 2 2 0 1 1074 1102 518
2443 2 2 0 1 925 1007 475
2444 2 2 0 1 1243 1507 269
2445 2 2 0 1 1373 1450 276
2446 2 2 0 1 366 1554 1046
2447 2 2 0 1 433 1511 1118
2448 2 2 0 1 324 1544 747
2449 2 2 0 1 133 1483 1111
2450 2 2 0 1 23 1422 22
2451 2 2 0 1 1014 1451 441
2452 2 2 0 1 776 1664 389
2453 2 2 0 1 799 1512 296
2454 2 2 0 1 18 1434 859
2455 2 2 0 1 972 1751 537
2456 2 2 0 1 1023 1694 197
2457 2 2 0 1 486 1289 1193
2458 2 2 0 1 370 1007 925
2459 2 2 0 1 1145 1250 399
2460 2 2 0 1 384 1561 951
2461 2 2 0 1 364 1529 1223
2462 2 2 0 1 846 1742 163
2463 2 2 0 1 729 1447 157
2464 2 2 0 1 454 1548 833
2465 2 2 0 1 904 1348 412
2466 2 2 0 1 955 1172 280
2467 2 2 0 1 933 1407 543
2468 2 2 0 1 755 1433 106
2469 2 2 0 1 565 1520 824
2470 2 2 0 1 1011 1562 54
2471 2 2 0 1 779 1411 479
2472 2 2 0 1 885 1117 271
2473 2 2 0 1 296 1500 861
2474 2 2 0 1 381 1703 989
2475 2 2 0 1 478 1714 790
2476 2 2 0 1 1137 1279 447
2477 2 2 0 1 1554 1663 1046
2478 2 2 0 1 518 1170 1149
2479 2 2 0 1 277 1526 748
2480 2 2 0 1 1076 1444 434
2481 2 2 0 1 1184 1284 535
2482 2 2 0 1 851 1505 344
2483 2 2 0 1 325 1302 911
2484 2 2 0 1 959 1215 392
2485 2 2 0 1 684 1528 1291
2486 2 2 0 1 762 1706 29
2487 2 2 0 1 1542 1577 187
2488 2 2 0 1 1039 1054 229
2489 2 2 0 1 308 1282 790
2490 2 2 0 1 958 1282 308
2491 2 2 0 1 1338 1367 667
2492 2 2 0 1 669 1585 1247
2493 2 2 0 1 51 1595 50
2494 2 2 0 1 420 1282 958
2495 2 2 0 1 1188 1499 507
2496 2 2 0 1 225 1388 783
2497 2 2 0 1 530 1378 1100
2498 2 2 0 1 499 1500 822
2499 2 2 0 1 188 1491 1101
2500 2 2 0 1 1096 1242 527
2501 2 2 0 1 544 1558 1024
2502 2 2 0 1 1047 1371 443
2503 2 2 0 1 433 1102 1074
2504 2 2 0 1 402 1721 825
2505 2 2 0 1 1103 1166 162
2506 2 2 0 1 1143 1440 690
2507 2 2 0 1 198 1156 764
2508 2 2 0 1 506 1284 1184
2509 2 2 0 1 86 1242 85
2510 2 2 0 1 1007 1741 279
2511 2 2 0 1 917 1761 587
2512 2 2 0 1 465 1439 873
2513 2 2 0 1 1105 1286 520
2514 2 2 0 1 803 1536 1464
2515 2 2 0 1 1223 1529 694
2516 2 2 0 1 150 1517 149
2517 2 2 0 1 1330 1712 267
2518 2 2 0 1 1278 1762 322
2519 2 2 0 1 662 1579 1317
2520 2 2 0 1 985 1240 232
2521 2 2 0 1 926 1573 660
2522 2 2 0 1 467 1375 1020
2523 2 2 0 1 332 1761 917
2524 2 2 0 1 116 1159 115
2525 2 2 0 1 935 1193 403
2526 2 2 0 1 1263 1376 442
2527 2 2 0 1 1236 1343 502
2528 2 2 0 1 499 1651 819
2529 2 2 0 1 215 1332 826
2530 2 2 0 1 958 1657 707
2531 2 2 0 1 545 1414 1250
2532 2 2 0 1 1247 1686 669
2533 2 2 0 1 1112 1602 441
2534 2 2 0 1 514 1715 807
2535 2 2 0 1 725 1735 1219
2536 2 2 0 1 1261 1430 534
2537 2 2 0 1 231 1348 904
2538 2 2 0 1 1008 1552 633
2539 2 2 0 1 246 1708 1229
2540 2 2 0 1 530 1394 1378
2541 2 2 0 1 852 1377 422
2542 2 2 0 1 1383 1559 510
2543 2 2 0 1 628 1680 961
2544 2 2 0 1 1125 1454 407
2545 2 2 0 1 659 1376 1263
2546 2 2 0 1 444 1487 1055
2547 2 2 0 1 130 1456 129
2548 2 2 0 1 1032 1722 457
2549 2 2 0 1 407 1199 952
2550 2 2 0 1 192 1618 837
2551 2 2 0 1 663 1694 1023
2552 2 2 0 1 44 1307 43
2553 2 2 0 1 1563 1601 899
2554 2 2 0 1 883 1328 512
2555 2 2 0 1 834 1581 570
2556 2 2 0 1 297 1276 909
2557 2 2 0 1 655 1338 892
2558 2 2 0 1 24 1018 23
2559 2 2 0 1 510 1353 895
2560 2 2 0 1 1038 1768 565
2561 2 2 0 1 1024 1558 242
2562 2 2 0 1 638 1347 1201
2563 2 2 0 1 201 1367 1338
2564 2 2 0 1 1002 1161 376
2565 2 2 0 1 494 1104 986
2566 2 2 0 1 441 1451 905
2567 2 2 0 1 441 1602 909
2568 2 2 0 1 459 1288 843
2569 2 2 0 1 1198 1224 470
2570 2 2 0 1 1032 1259 59
2571 2 2 0 1 103 1564 785
2572 2 2 0 1 745 1437 430
2573 2 2 0 1 774 1699 943
2574 2 2 0 1 484 1452 1414
2575 2 2 0 1 793 1730 612
2576 2 2 0 1 339 1600 903
2577 2 2 0 1 579 1463 995
2578 2 2 0 1 453 1084 1082
2579 2 2 0 1 1046 1607 631
2580 2 2 0 1 1290 1364 260
2581 2 2 0 1 990 1550 616
2582 2 2 0 1 1082 1702 453
2583 2 2 0 1 828 1525 385
2584 2 2 0 1 456 1160 973
2585 2 2 0 1 106 1433 105
2586 2 2 0 1 942 1127 449
2587 2 2 0 1 825 1721 159
2588 2 2 0 1 172 1638 939
2589 2 2 0 1 946 1279 231
2590 2 2 0 1 1062 1450 460
2591 2 2 0 1 1065 1627 1460
2592 2 2 0 1 1277 1321 697
2593 2 2 0 1 531 1479 809
2594 2 2 0 1 995 1463 266
2595 2 2 0 1 785 1564 458
2596 2 2 0 1 81 1446 80
2597 2 2 0 1 1017 1448 532
2598 2 2 0 1 962 1230 504
2599 2 2 0 1 1394 1410 261
2600 2 2 0 1 970 1421 321
2601 2 2 0 1 240 1407 933
2602 2 2 0 1 344 1423 890
2603 2 2 0 1 8 1359 7
2604 2 2 0 1 843 1288 69
2605 2 2 0 1 952 1362 407
2606 2 2 0 1 247 1636 945
2607 2 2 0 1 575 1454 1125
2608 2 2 0 1 1020 1423 344
2609 2 2 0 1 418 1606 1087
2610 2 2 0 1 224 1363 827
2611 2 2 0 1 441 1276 1014
2612 2 2 0 1 1620 1761 781
2613 2 2 0 1 939 1638 1297
2614 2 2 0 1 66 1470 65
2615 2 2 0 1 235 1230 962
2616 2 2 0 1 951 1561 248
2617 2 2 0 1 821 1580 445
2618 2 2 0 1 425 1322 1058
2619 2 2 0 1 1313 1371 290
2620 2 2 0 1 508 1360 937
2621 2 2 0 1 29 1625 762
2622 2 2 0 1 608 1382 1189
2623 2 2 0 1 1061 1325 410
2624 2 2 0 1 826 1557 215
2625 2 2 0 1 545 1742 846
2626 2 2 0 1 666 1371 1313
2627 2 2 0 1 389 1771 776
2628 2 2 0 1 1222 1653 1010
2629 2 2 0 1 945 1588 534
2630 2 2 0 1 455 1034 1006
2631 2 2 0 1 188 1748 1491
2632 2 2 0 1 69 1288 68
2633 2 2 0 1 874 1269 183
2634 2 2 0 1 1036 1753 517
2635 2 2 0 1 134 1483 133
2636 2 2 0 1 936 1623 75
2637 2 2 0 1 302 1498 1215
2638 2 2 0 1 516 1747 828
2639 2 2 0 1 434 1172 955
2640 2 2 0 1 980 1507 450
2641 2 2 0 1 462 1420 887
2642 2 2 0 1 466 1462 827
2643 2 2 0 1 1643 1746 523
2644 2 2 0 1 532 1177 951
2645 2 2 0 1 331 1668 1012
2646 2 2 0 1 261 1509 1378
2647 2 2 0 1 110 1451 1014
2648 2 2 0 1 26 1357 947
2649 2 2 0 1 889 1754 393
2650 2 2 0 1 1412 1587 294
2651 2 2 0 1 920 1475 264
2652 2 2 0 1 151 1511 150
2653 2 2 0 1 1277 1514 423
2654 2 2 0 1 937 1360 351
2655 2 2 0 1 43 1720 42
2656 2 2 0 1 381 1458 1029
2657 2 2 0 1 602 1300 955
2658 2 2 0 1 273 1471 1252
2659 2 2 0 1 1279 1348 231
2660 2 2 0 1 812 1580 341
2661 2 2 0 1 1306 1604 293
2662 2 2 0 1 42 1720 1042
2663 2 2 0 1 786 1704 304
2664 2 2 0 1 939 1297 497
2665 2 2 0 1 242 1219 1024
2666 2 2 0 1 718 1448 1017
2667 2 2 0 1 451 1205 1112
2668 2 2 0 1 445 1337 1052
2669 2 2 0 1 954 1757 552
2670 2 2 0 1 497 1297 1085
2671 2 2 0 1 571 1770 1000
2672 2 2 0 1 1067 1524 485
2673 2 2 0 1 807 1715 313
2674 2 2 0 1 296 1608 799
2675 2 2 0 1 696 1318 1045
2676 2 2 0 1 1082 1333 258
2677 2 2 0 1 892 1728 405
2678 2 2 0 1 858 1609 313
2679 2 2 0 1 245 1224 1198
2680 2 2 0 1 855 1346 332
2681 2 2 0 1 1339 1717 560
2682 2 2 0 1 1000 1473 212
2683 2 2 0 1 411 1269 874
2684 2 2 0 1 909 1276 441
2685 2 2 0 1 1112 1205 230
2686 2 2 0 1 916 1408 363
2687 2 2 0 1 791 1662 550
2688 2 2 0 1 637 1762 1278
2689 2 2 0 1 21 1684 20
2690 2 2 0 1 434 1226 1076
2691 2 2 0 1 960 1233 385
2692 2 2 0 1 745 1675 502
2693 2 2 0 1 995 1169 579
2694 2 2 0 1 180 1664 776
2695 2 2 0 1 446 1608 1091
2696 2 2 0 1 288 1749 1267
2697 2 2 0 1 1237 1326 262
2698 2 2 0 1 19 1434 18
2699 2 2 0 1 1588 1722 811
2700 2 2 0 1 173 1444 1076
2701 2 2 0 1 437 1240 985
2702 2 2 0 1 851 1667 244
2703 2 2 0 1 1013 1131 380
2704 2 2 0 1 915 1434 19
2705 2 2 0 1 912 1409 508
2706 2 2 0 1 1069 1419 506
2707 2 2 0 1 514 1422 1018
2708 2 2 0 1 744 1700 1294
2709 2 2 0 1 313 1715 858
2710 2 2 0 1 790 1685 308
2711 2 2 0 1 47 1736 46
2712 2 2 0 1 298 1286 1105
2713 2 2 0 1 587 1761 1620
2714 2 2 0 1 591 1427 1228
2715 2 2 0 1 921 1476 501
2716 2 2 0 1 310 1601 1563
2717 2 2 0 1 1026 1359 8
2718 2 2 0 1 1171 1512 799
2719 2 2 0 1 1267 1293 367
2720 2 2 0 1 470 1563 899
2721 2 2 0 1 2 1625 29
2722 2 2 0 1 524 1170 1050
2723 2 2 0 1 1022 1540 472
2724 2 2 0 1 1333 1658 258
2725 2 2 0 1 827 1462 224
2726 2 2 0 1 873 1439 356
2727 2 2 0 1 385 1525 859
2728 2 2 0 1 585 1238 1138
2729 2 2 0 1 361 1313 877
2730 2 2 0 1 822 1500 296
2731 2 2 0 1 36 1322 35
2732 2 2 0 1 368 1405 946
2733 2 2 0 1 992 1701 549
2734 2 2 0 1 244 1667 1644
2735 2 2 0 1 498 1624 1346
2736 2 2 0 1 471 1268 1203
2737 2 2 0 1 1301 1393 493
2738 2 2 0 1 1096 1484 731
2739 2 2 0 1 98 1584 97
2740 2 2 0 1 1035 1665 467
2741 2 2 0 1 389 1369 1039
2742 2 2 0 1 1018 1422 23
2743 2 2 0 1 379 1271 1168
2744 2 2 0 1 1265 1461 289
2745 2 2 0 1 450 1507 825
2746 2 2 0 1 881 1575 484
2747 2 2 0 1 844 1632 174
2748 2 2 0 1 1041 1567 202
2749 2 2 0 1 762 1625 30
2750 2 2 0 1 1223 1765 627
2751 2 2 0 1 543 1408 916
2752 2 2 0 1 881 1716 542
2753 2 2 0 1 1149 1170 524
2754 2 2 0 1 626 1430 1261
2755 2 2 0 1 533 1609 858
2756 2 2 0 1 601 1343 1236
2757 2 2 0 1 1388 1612 689
2758 2 2 0 1 140 1628 139
2759 2 2 0 1 20 1684 915
2760 2 2 0 1 351 1360 853
2761 2 2 0 1 324 1757 954
2762 2 2 0 1 1550 1672 616
2763 2 2 0 1 1448 1740 306
2764 2 2 0 1 250 1568 960
2765 2 2 0 1 450 1475 920
2766 2 2 0 1 510 1559 1353
2767 2 2 0 1 623 1407 1107
2768 2 2 0 1 880 1568 250
2769 2 2 0 1 1173 1218 427
2770 2 2 0 1 68 1677 67
2771 2 2 0 1 93 1256 92
2772 2 2 0 1 340 1597 1000
2773 2 2 0 1 15 1171 14
2774 2 2 0 1 792 1657 958
2775 2 2 0 1 1010 1653 708
2776 2 2 0 1 524 1403 1149
2777 2 2 0 1 444 1492 1063
2778 2 2 0 1 457 1722 1413
2779 2 2 0 1 435 1369 901
2780 2 2 0 1 178 1379 1123
2781 2 2 0 1 535 1600 1212
2782 2 2 0 1 475 1198 1165
2783 2 2 0 1 545 1250 1145
2784 2 2 0 1 1381 1461 737
2785 2 2 0 1 609 1733 1526
2786 2 2 0 1 1203 1268 428
2787 2 2 0 1 472 1401 1022
2788 2 2 0 1 157 1227 927
2789 2 2 0 1 927 1227 431
2790 2 2 0 1 1192 1272 555
2791 2 2 0 1 337 1686 932
2792 2 2 0 1 1220 1656 549
2793 2 2 0 1 28 1706 929
2794 2 2 0 1 1062 1744 176
2795 2 2 0 1 997 1342 372
2796 2 2 0 1 856 1582 596
2797 2 2 0 1 1151 1515 363
2798 2 2 0 1 1057 1638 172
2799 2 2 0 1 1110 1317 462
2800 2 2 0 1 1063 1696 557
2801 2 2 0 1 1400 1405 622
2802 2 2 0 1 541 1348 1279
2803 2 2 0 1 1164 1458 563
2804 2 2 0 1 253 1257 972
2805 2 2 0 1 1574 1650 817
2806 2 2 0 1 505 1695 956
2807 2 2 0 1 633 1654 918
2808 2 2 0 1 460 1744 1062
2809 2 2 0 1 972 1257 476
2810 2 2 0 1 1531 1668 331
2811 2 2 0 1 519 1698 982
2812 2 2 0 1 1390 1443 652
2813 2 2 0 1 1195 1646 172
2814 2 2 0 1 1168 1271 639
2815 2 2 0 1 419 1356 969
2816 2 2 0 1 1050 1170 246
2817 2 2 0 1 991 1740 718
2818 2 2 0 1 243 1753 1036
2819 2 2 0 1 948 1482 430
2820 2 2 0 1 1138 1281 189
2821 2 2 0 1 948 1241 194
2822 2 2 0 1 246 1170 1102
2823 2 2 0 1 225 1612 1388
2824 2 2 0 1 987 1298 600
2825 2 2 0 1 849 1628 140
2826 2 2 0 1 967 1667 515
2827 2 2 0 1 25 1370 24
2828 2 2 0 1 205 1671 956
2829 2 2 0 1 947 1725 374
2830 2 2 0 1 1038 1510 387
2831 2 2 0 1 1011 1634 625
2832 2 2 0 1 730 1419 1069
2833 2 2 0 1 847 1749 1249
2834 2 2 0 1 344 1505 1035
2835 2 2 0 1 478 1531 1053
2836 2 2 0 1 583 1293 1267
2837 2 2 0 1 1090 1469 6
2838 2 2 0 1 1038 1763 259
2839 2 2 0 1 1000 1770 340
2840 2 2 0 1 304 1722 1588
2841 2 2 0 1 6 1469 5
2842 2 2 0 1 1449 1615 908
2843 2 2 0 1 489 1700 970
2844 2 2 0 1 1358 1475 450
2845 2 2 0 1 168 1629 991
2846 2 2 0 1 1045 1318 477
2847 2 2 0 1 1288 1677 68
2848 2 2 0 1 1653 1664 708
2849 2 2 0 1 917 1746 332
2850 2 2 0 1 605 1499 1188
2851 2 2 0 1 960 1568 395
2852 2 2 0 1 515 1601 967
2853 2 2 0 1 194 1382 948
2854 2 2 0 1 489 1324 963
2855 2 2 0 1 1203 1576 263
2856 2 2 0 1 38 1349 37
2857 2 2 0 1 214 1687 1435
2858 2 2 0 1 1196 1205 451
2859 2 2 0 1 474 1532 1024
2860 2 2 0 1 1107 1407 240
2861 2 2 0 1 859 1525 17
2862 2 2 0 1 667 1367 1161
2863 2 2 0 1 440 1427 1366
2864 2 2 0 1 1028 1530 257
2865 2 2 0 1 887 1420 345
2866 2 2 0 1 1202 1636 247
2867 2 2 0 1 141 1707 140
2868 2 2 0 1 502 1331 1236
2869 2 2 0 1 504 1352 1194
2870 2 2 0 1 998 1239 178
2871 2 2 0 1 899 1601 515
2872 2 2 0 1 523 1746 917
2873 2 2 0 1 288 1666 1249
2874 2 2 0 1 356 1439 944
2875 2 2 0 1 845 1576 428
2876 2 2 0 1 948 1382 554
2877 2 2 0 1 473 1705 965
2878 2 2 0 1 534 1588 1392
2879 2 2 0 1 102 1389 101
2880 2 2 0 1 189 1639 1323
2881 2 2 0 1 457 1259 1032
2882 2 2 0 1 1177 1189 194
2883 2 2 0 1 1021 1474 733
2884 2 2 0 1 377 1520 976
2885 2 2 0 1 932 1686 454
2886 2 2 0 1 95 1479 1150
2887 2 2 0 1 613 1616 1255
2888 2 2 0 1 71 1481 70
2889 2 2 0 1 923 1481 71
2890 2 2 0 1 387 1768 1038
2891 2 2 0 1 219 1341 950
2892 2 2 0 1 825 1358 450
2893 2 2 0 1 283 1750 1648
2894 2 2 0 1 117 1738 116
2895 2 2 0 1 1232 1233 222
2896 2 2 0 1 124 1518 123
2897 2 2 0 1 274 1443 1390
2898 2 2 0 1 238 1696 1063
2899 2 2 0 1 232 1402 1315
2900 2 2 0 1 370 1741 1007
2901 2 2 0 1 645 1513 1136
2902 2 2 0 1 236 1714 1053
2903 2 2 0 1 497 1459 1059
2904 2 2 0 1 1018 1370 599
2905 2 2 0 1 738 1567 914
2906 2 2 0 1 1137 1689 351
2907 2 2 0 1 286 1409 912
2908 2 2 0 1 894 1560 235
2909 2 2 0 1 1031 1227 452
2910 2 2 0 1 1643 1714 236
2911 2 2 0 1 417 1469 1090
2912 2 2 0 1 468 1593 1030
2913 2 2 0 1 1269 1380 183
2914 2 2 0 1 542 1660 993
2915 2 2 0 1 551 1342 979
2916 2 2 0 1 967 1601 310
2917 2 2 0 1 517 1753 999
2918 2 2 0 1 509 1425 1159
2919 2 2 0 1 966 1710 390
2920 2 2 0 1 29 1706 28
2921 2 2 0 1 965 1705 169
2922 2 2 0 1 476 1516 972
2923 2 2 0 1 1255 1616 424
2924 2 2 0 1 610 1393 1301
2925 2 2 0 1 1085 1297 422
2926 2 2 0 1 868 1608 446
2927 2 2 0 1 970 1700 191
2928 2 2 0 1 938 1441 203
2929 2 2 0 1 609 1713 1260
2930 2 2 0 1 240 1160 1107
2931 2 2 0 1 1397 1678 292
2932 2 2 0 1 513 1560 1134
2933 2 2 0 1 174 1632 1426
2934 2 2 0 1 498 1346 855
2935 2 2 0 1 469 1239 998
2936 2 2 0 1 1037 1548 217
2937 2 2 0 1 1052 1519 445
2938 2 2 0 1 1222 1369 389
2939 2 2 0 1 662 1317 1110
2940 2 2 0 1 568 1693 1147
2941 2 2 0 1 863 1668 1531
2942 2 2 0 1 273 1321 1277
2943 2 2 0 1 1323 1639 704
2944 2 2 0 1 261 1410 1095
2945 2 2 0 1 950 1341 473
2946 2 2 0 1 1039 1369 435
2947 2 2 0 1 1178 1527 794
2948 2 2 0 1 357 1148 869
2949 2 2 0 1 611 1394 1117
2950 2 2 0 1 1117 1394 530
2951 2 2 0 1 1123 1379 436
2952 2 2 0 1 422 1377 835
2953 2 2 0 1 105 1433 1221
2954 2 2 0 1 705 1550 990
2955 2 2 0 1 462 1470 1110
2956 2 2 0 1 559 1515 1151
2957 2 2 0 1 447 1279 946
2958 2 2 0 1 603 1310 1009
2959 2 2 0 1 104 1564 103
2960 2 2 0 1 948 1759 1482
2961 2 2 0 1 984 1732 558
2962 2 2 0 1 282 1654 1552
2963 2 2 0 1 140 1707 849
2964 2 2 0 1 1107 1160 456
2965 2 2 0 1 586 1205 1196
2966 2 2 0 1 1165 1198 470
2967 2 2 0 1 918 1654 715
2968 2 2 0 1 222 1424 931
2969 2 2 0 1 1114 1395 437
2970 2 2 0 1 496 1668 863
2971 2 2 0 1 27 1683 1357
2972 2 2 0 1 1027 1741 370
2973 2 2 0 1 1435 1687 706
2974 2 2 0 1 165 1540 1022
2975 2 2 0 1 332 1746 855
2976 2 2 0 1 1329 1602 230
2977 2 2 0 1 536 1381 1178
2978 2 2 0 1 1146 1589 404
2979 2 2 0 1 1149 1403 177
2980 2 2 0 1 1081 1570 571
2981 2 2 0 1 253 1427 1257
2982 2 2 0 1 252 1272 1192
2983 2 2 0 1 24 1370 1018
2984 2 2 0 1 1194 1352 355
2985 2 2 0 1 83 1372 82
2986 2 2 0 1 999 1753 1459
2987 2 2 0 1 1021 1655 259
2988 2 2 0 1 275 1440 1190
2989 2 2 0 1 587 1650 1574
2990 2 2 0 1 536 1461 1381
2991 2 2 0 1 901 1369 1222
2992 2 2 0 1 430 1241 948
2993 2 2 0 1 1249 1749 288
2994 2 2 0 1 1400 1689 447
2995 2 2 0 1 424 1616 1166
2996 2 2 0 1 442 1376 983
2997 2 2 0 1 506 1419 1235
2998 2 2 0 1 62 1392 61
2999 2 2 0 1 650 1218 1173
3000 2 2 0 1 80 1446 1181
3001 2 2 0 1 869 1148 408
3002 2 2 0 1 262 1368 1168
3003 2 2 0 1 345 1420 934
3004 2 2 0 1 1172 1444 572
3005 2 2 0 1 1399 1549 312
3006 2 2 0 1 625 1634 1114
3007 2 2 0 1 582 1704 1281
3008 2 2 0 1 1618 1660 542
3009 2 2 0 1 1039 1771 389
3010 2 2 0 1 806 1622 1130
3011 2 2 0 1 907 1592 143
3012 2 2 0 1 457 1413 1402
3013 2 2 0 1 471 1386 1268
3014 2 2 0 1 551 1683 929
3015 2 2 0 1 227 1569 1029
3016 2 2 0 1 114 1699 113
3017 2 2 0 1 532 1189 1177
3018 2 2 0 1 55 1634 1011
3019 2 2 0 1 858 1715 514
3020 2 2 0 1 434 1444 1172
3021 2 2 0 1 715 1391 1167
3022 2 2 0 1 811 1722 1032
3023 2 2 0 1 1174 1464 255
3024 2 2 0 1 1055 1487 49
3025 2 2 0 1 560 1661 956
3026 2 2 0 1 405 1502 1133
3027 2 2 0 1 1063 1492 238
3028 2 2 0 1 1239 1379 178
3029 2 2 0 1 254 1581 1071
3030 2 2 0 1 263 1576 1115
3031 2 2 0 1 1159 1425 115
3032 2 2 0 1 443 1371 1319
3033 2 2 0 1 1315 1402 582
3034 2 2 0 1 1015 1750 656
3035 2 2 0 1 56 1634 55
3036 2 2 0 1 1015 1723 590
3037 2 2 0 1 46 1736 1355
3038 2 2 0 1 1009 1623 603
3039 2 2 0 1 438 1333 1082
3040 2 2 0 1 461 1440 1143
3041 2 2 0 1 259 1692 1021
3042 2 2 0 1 501 1476 1009
3043 2 2 0 1 456 1418 1107
3044 2 2 0 1 500 1380 1308
3045 2 2 0 1 680 1471 1341
3046 2 2 0 1 40 1535 39
3047 2 2 0 1 322 1396 1278
3048 2 2 0 1 465 1562 1011
3049 2 2 0 1 46 1355 45
3050 2 2 0 1 1483 1772 1111
3051 2 2 0 1 1402 1413 582
3052 2 2 0 1 1009 1310 501
3053 2 2 0 1 743 1565 1349
3054 2 2 0 1 924 1331 502
3055 2 2 0 1 92 1256 973
3056 2 2 0 1 145 1523 144
3057 2 2 0 1 315 1294 1121
3058 2 2 0 1 942 1538 492
3059 2 2 0 1 1040 1615 491
3060 2 2 0 1 1087 1361 435
3061 2 2 0 1 294 1587 981
3062 2 2 0 1 1382 1485 554
3063 2 2 0 1 374 1725 979
3064 2 2 0 1 533 1542 1207
3065 2 2 0 1 656 1523 1015
3066 2 2 0 1 1021 1692 562
3067 2 2 0 1 875 1509 455
3068 2 2 0 1 1254 1503 816
3069 2 2 0 1 320 1513 1398
3070 2 2 0 1 1058 1322 36
3071 2 2 0 1 835 1697 431
3072 2 2 0 1 1490 1604 687
3073 2 2 0 1 1323 1670 585
3074 2 2 0 1 1266 1561 384
3075 2 2 0 1 1302 1546 550
3076 2 2 0 1 539 1691 842
3077 2 2 0 1 1190 1455 619
3078 2 2 0 1 849 1707 495
3079 2 2 0 1 1235 1419 301
3080 2 2 0 1 279 1579 871
3081 2 2 0 1 914 1567 517
3082 2 2 0 1 871 1579 459
3083 2 2 0 1 1262 1303 488
3084 2 2 0 1 1178 1381 195
3085 2 2 0 1 289 1461 1199
3086 2 2 0 1 1060 1770 571
3087 2 2 0 1 1278 1396 588
3088 2 2 0 1 1012 1668 496
3089 2 2 0 1 108 1442 107
3090 2 2 0 1 1050 1635 524
3091 2 2 0 1 196 1472 877
3092 2 2 0 1 1227 1447 452
3093 2 2 0 1 573 1481 923
3094 2 2 0 1 1100 1378 487
3095 2 2 0 1 999 1459 497
3096 2 2 0 1 540 1636 1202
3097 2 2 0 1 803 1464 1174
3098 2 2 0 1 1101 1491 429
3099 2 2 0 1 956 1671 505
3100 2 2 0 1 328 1698 1108
3101 2 2 0 1 554 1709 1251
3102 2 2 0 1 973 1256 456
3103 2 2 0 1 1341 1471 473
3104 2 2 0 1 288 1724 1666
3105 2 2 0 1 329 1651 931
3106 2 2 0 1 453 1769 1076
3107 2 2 0 1 1144 1480 393
3108 2 2 0 1 1145 1605 163
3109 2 2 0 1 386 1690 1245
3110 2 2 0 1 511 1644 967
3111 2 2 0 1 393 1480 1092
3112 2 2 0 1 487 1478 988
3113 2 2 0 1 1101 1590 617
3114 2 2 0 1 823 1718 184
3115 2 2 0 1 1158 1587 746
3116 2 2 0 1 163 1742 1145
3117 2 2 0 1 1121 1294 489
3118 2 2 0 1 1225 1633 641
3119 2 2 0 1 628 1756 1680
3120 2 2 0 1 949 1532 474
3121 2 2 0 1 1498 1630 588
3122 2 2 0 1 983 1376 180
3123 2 2 0 1 576 1510 1038
3124 2 2 0 1 411 1335 1269
3125 2 2 0 1 11 1682 10
3126 2 2 0 1 1060 1570 119
3127 2 2 0 1 618 1344 1148
3128 2 2 0 1 636 1719 1258
3129 2 2 0 1 30 1625 2
3130 2 2 0 1 1059 1452 413
3131 2 2 0 1 1119 1620 781
3132 2 2 0 1 5 1469 1180
3133 2 2 0 1 1115 1576 845
3134 2 2 0 1 359 1607 935
3135 2 2 0 1 956 1661 205
3136 2 2 0 1 620 1379 1239
3137 2 2 0 1 1236 1331 267
3138 2 2 0 1 507 1499 1209
3139 2 2 0 1 961 1755 628
3140 2 2 0 1 525 1497 1157
3141 2 2 0 1 797 1660 1618
3142 2 2 0 1 1260 1713 185
3143 2 2 0 1 1134 1649 513
3144 2 2 0 1 947 1631 1370
3145 2 2 0 1 1145 1742 545
3146 2 2 0 1 979 1725 551
3147 2 2 0 1 931 1652 222
3148 2 2 0 1 1053 1714 478
3149 2 2 0 1 1319 1371 666
3150 2 2 0 1 957 1697 220
3151 2 2 0 1 460 1450 1373
3152 2 2 0 1 474 1735 978
3153 2 2 0 1 1366 1427 591
3154 2 2 0 1 581 1380 1269
3155 2 2 0 1 1321 1577 697
3156 2 2 0 1 549 1701 1182
3157 2 2 0 1 164 1361 1087
3158 2 2 0 1 799 1608 868
3159 2 2 0 1 1059 1459 243
3160 2 2 0 1 1675 1687 214
3161 2 2 0 1 75 1623 74
3162 2 2 0 1 1114 1634 56
3163 2 2 0 1 481 1488 1473
3164 2 2 0 1 175 1432 1125
3165 2 2 0 1 715 1556 1391
3166 2 2 0 1 1015 1523 145
3167 2 2 0 1 1142 1650 256
3168 2 2 0 1 272 1633 1225
3169 2 2 0 1 352 1635 1050
3170 2 2 0 1 258 1503 1254
3171 2 2 0 1 993 1660 353
3172 2 2 0 1 554 1759 948
3173 2 2 0 1 972 1647 253
3174 2 2 0 1 143 1592 142
3175 2 2 0 1 562 1474 1021
3176 2 2 0 1 614 1498 1486
3177 2 2 0 1 1125 1432 575
3178 2 2 0 1 402 1457 1098
3179 2 2 0 1 856 1561 1266
3180 2 2 0 1 217 1548 1247
3181 2 2 0 1 74 1623 1009
3182 2 2 0 1 676 1622 1320
3183 2 2 0 1 230 1602 1112
3184 2 2 0 1 484 1414 1334
3185 2 2 0 1 503 1599 1175
3186 2 2 0 1 833 1548 1037
3187 2 2 0 1 1188 1521 605
3188 2 2 0 1 374 1631 947
3189 2 2 0 1 608 1485 1382
3190 2 2 0 1 1258 1719 207
3191 2 2 0 1 449 1537 942
3192 2 2 0 1 1176 1738 117
3193 2 2 0 1 1133 1502 546
3194 2 2 0 1 1268 1386 241
3195 2 2 0 1 922 1649 170
3196 2 2 0 1 1130 1622 676
3197 2 2 0 1 1167 1391 254
3198 2 2 0 1 548 1627 1065
3199 2 2 0 1 1260 1656 567
3200 2 2 0 1 1297 1638 422
3201 2 2 0 1 1384 1736 47
3202 2 2 0 1 431 1227 1031
3203 2 2 0 1 942 1610 291
3204 2 2 0 1 492 1610 942
3205 2 2 0 1 293 1532 949
3206 2 2 0 1 1098 1457 522
3207 2 2 0 1 484 1575 1452
3208 2 2 0 1 558 1732 1533
3209 2 2 0 1 1197 1710 966
3210 2 2 0 1 519 1303 1262
3211 2 2 0 1 1138 1238 416
3212 2 2 0 1 405 1728 1502
3213 2 2 0 1 306 1740 1182
3214 2 2 0 1 1391 1556 570
3215 2 2 0 1 978 1768 387
3216 2 2 0 1 353 1478 993
3217 2 2 0 1 516 1512 1171
3218 2 2 0 1 670 1441 1135
3219 2 2 0 1 527 1484 1096
3220 2 2 0 1 1303 1464 488
3221 2 2 0 1 1378 1394 261
3222 2 2 0 1 220 1697 1377
3223 2 2 0 1 1486 1498 302
3224 2 2 0 1 1110 1470 66
3225 2 2 0 1 1407 1408 543
3226 2 2 0 1 1118 1511 151
3227 2 2 0 1 1207 1542 187
3228 2 2 0 1 1152 1690 386
3229 2 2 0 1 426 1680 1192
3230 2 2 0 1 193 1731 1141
3231 2 2 0 1 623 1408 1407
3232 2 2 0 1 1092 1480 480
3233 2 2 0 1 187 1662 1207
3234 2 2 0 1 1030 1553 260
3235 2 2 0 1 1147 1693 383
3236 2 2 0 1 1126 1543 496
3237 2 2 0 1 1334 1414 545
3238 2 2 0 1 242 1583 1099
3239 2 2 0 1 558 1690 1152
3240 2 2 0 1 653 1549 1399
3241 2 2 0 1 842 1691 321
3242 2 2 0 1 537 1647 972
3243 2 2 0 1 255 1464 1303
3244 2 2 0 1 495 1707 1216
3245 2 2 0 1 1614 1709 271
3246 2 2 0 1 439 1132 1127
3247 2 2 0 1 1593 1739 1030
3248 2 2 0 1 513 1352 1230
3249 2 2 0 1 790 1714 1643
3250 2 2 0 1 648 1741 1027
3251 2 2 0 1 1251 1759 554
3252 2 2 0 1 817 1650 1142
3253 2 2 0 1 589 1416 1415
3254 2 2 0 1 1180 1469 417
3255 2 2 0 1 333 1745 1005
3256 2 2 0 1 1398 1513 645
3257 2 2 0 1 488 1596 1262
3258 2 2 0 1 1482 1759 270
3259 2 2 0 1 1071 1581 834
3260 2 2 0 1 534 1392 1261
3261 2 2 0 1 309 1672 1550
3262 2 2 0 1 275 1732 1325
3263 2 2 0 1 1363 1572 577
3264 2 2 0 1 500 1308 1106
3265 2 2 0 1 1312 1466 241
3266 2 2 0 1 628 1755 1403
3267 2 2 0 1 1006 1575 221
3268 2 2 0 1 1182 1701 306
3269 2 2 0 1 1105 1679 548
3270 2 2 0 1 285 1543 1126
3271 2 2 0 1 1362 1530 597
3272 2 2 0 1 1233 1424 222
3273 2 2 0 1 389 1653 1222
3274 2 2 0 1 1207 1662 791
3275 2 2 0 1 1314 1752 602
3276 2 2 0 1 988 1478 353
3277 2 2 0 1 683 1752 1314
3278 2 2 0 1 1130 1737 528
3279 2 2 0 1 520 1586 1304
3280 2 2 0 1 241 1455 1312
3281 2 2 0 1 697 1542 1514
3282 2 2 0 1 1127 1132 449
3283 2 2 0 1 978 1735 200
3284 2 2 0 1 1269 1335 581
3285 2 2 0 1 531 1397 1150
3286 2 2 0 1 571 1570 1060
3287 2 2 0 1 567 1676 1139
3288 2 2 0 1 1076 1769 173
3289 2 2 0 1 1122 1729 353
3290 2 2 0 1 1308 1380 581
3291 2 2 0 1 1265 1438 716
3292 2 2 0 1 431 1697 957
3293 2 2 0 1 1150 1479 531
3294 2 2 0 1 1320 1622 278
3295 2 2 0 1 544 1604 1490
3296 2 2 0 1 776 1771 1163
3297 2 2 0 1 1415 1416 509
3298 2 2 0 1 267 1331 1089
3299 2 2 0 1 552 1466 1312
3300 2 2 0 1 941 1538 234
3301 2 2 0 1 492 1538 941
3302 2 2 0 1 1261 1392 62
3303 2 2 0 1 712 1702 1254
3304 2 2 0 1 278 1590 1073
3305 2 2 0 1 262 1598 1368
3306 2 2 0 1 343 1733 1139
3307 2 2 0 1 1184 1584 98
3308 2 2 0 1 1354 1401 761
3309 2 2 0 1 1490 1619 186
3310 2 2 0 1 480 1663 1554
3311 2 2 0 1 1157 1497 237
3312 2 2 0 1 360 1401 1354
3313 2 2 0 1 1514 1542 533
3314 2 2 0 1 1005 1745 539
3315 2 2 0 1 556 1553 1030
3316 2 2 0 1 463 1573 1436
3317 2 2 0 1 1000 1597 1473
3318 2 2 0 1 396 1688 1126
3319 2 2 0 1 996 1739 297
3320 2 2 0 1 1285 1641 182
3321 2 2 0 1 1190 1440 461
3322 2 2 0 1 270 1759 1251
3323 2 2 0 1 1438 1501 716
3324 2 2 0 1 685 1736 1384
3325 2 2 0 1 1093 1612 225
3326 2 2 0 1 556 1739 996
3327 2 2 0 1 1209 1499 249
3328 2 2 0 1 1500 1551 861
3329 2 2 0 1 1091 1608 296
3330 2 2 0 1 1158 1688 396
3331 2 2 0 1 1159 1738 641
3332 2 2 0 1 207 1617 1258
3333 2 2 0 1 1357 1725 947
3334 2 2 0 1 447 1689 1137
3335 2 2 0 1 568 1734 1693
3336 2 2 0 1 1264 1573 463
3337 2 2 0 1 598 1501 1438
3338 2 2 0 1 1639 1724 704
3339 2 2 0 1 1181 1446 440
3340 2 2 0 1 1230 1352 504
3341 2 2 0 1 687 1619 1490
3342 2 2 0 1 567 1656 1220
3343 2 2 0 1 1457 1494 522
3344 2 2 0 1 490 1666 1202
3345 2 2 0 1 1304 1586 559
3346 2 2 0 1 1148 1344 408
3347 2 2 0 1 1144 1754 486
3348 2 2 0 1 404 1589 1225
3349 2 2 0 1 1106 1308 378
3350 2 2 0 1 1046 1663 228
3351 2 2 0 1 1150 1397 691
3352 2 2 0 1 848 1547 1103
3353 2 2 0 1 1251 1709 569
3354 2 2 0 1 535 1584 1184
3355 2 2 0 1 428 1576 1203
3356 2 2 0 1 1508 1614 530
3357 2 2 0 1 486 1432 1289
3358 2 2 0 1 1243 1457 402
3359 2 2 0 1 430 1437 1241
3360 2 2 0 1 575 1626 1454
3361 2 2 0 1 1087 1606 164
3362 2 2 0 1 502 1675 924
3363 2 2 0 1 353 1729 988
3364 2 2 0 1 1426 1632 562
3365 2 2 0 1 256 1620 1119
3366 2 2 0 1 156 1508 1100
3367 2 2 0 1 632 1494 1457
3368 2 2 0 1 1207 1609 533
3369 2 2 0 1 116 1738 1159
3370 2 2 0 1 1023 1734 568
3371 2 2 0 1 197 1734 1023
3372 2 2 0 1 1300 1477 338
3373 2 2 0 1 1262 1596 160
3374 2 2 0 1 806 1726 1622
3375 2 2 0 1 715 1654 1556
3376 2 2 0 1 924 1675 214
3377 2 2 0 1 157 1447 1227
3378 2 2 0 1 258 1702 1082
3379 2 2 0 1 590 1723 1179
3380 2 2 0 1 1103 1547 768
3381 2 2 0 1 312 1549 1406
3382 2 2 0 1 1403 1755 177
3383 2 2 0 1 1254 1702 258
3384 2 2 0 1 439 1612 1093
3385 2 2 0 1 632 1457 1243
3386 2 2 0 1 256 1650 1620
3387 2 2 0 1 97 1584 1212
3388 2 2 0 1 1301 1535 40
3389 2 2 0 1 1267 1749 583
3390 2 2 0 1 602 1477 1300
3391 2 2 0 1 1211 1640 186
3392 2 2 0 1 1460 1627 251
3393 2 2 0 1 1174 1766 692
3394 2 2 0 1 1349 1565 553
3395 2 2 0 1 563 1641 1285
3396 2 2 0 1 1221 1564 104
3397 2 2 0 1 393 1754 1144
3398 2 2 0 1 1102 1708 246
3399 2 2 0 1 1129 1719 787
3400 2 2 0 1 1391 1581 254
3401 2 2 0 1 1221 1433 458
3402 2 2 0 1 207 1719 1129
3403 2 2 0 1 592 1467 1340
3404 2 2 0 1 267 1586 1330
3405 2 2 0 1 1171 1747 516
3406 2 2 0 1 537 1640 1211
3407 2 2 0 1 1669 1726 806
3408 2 2 0 1 1408 1496 363
3409 2 2 0 1 293 1758 1306
3410 2 2 0 1 780 1710 1197
3411 2 2 0 1 185 1656 1260
3412 2 2 0 1 753 1646 1195
3413 2 2 0 1 614 1630 1498
3414 2 2 0 1 1100 1508 530
3415 2 2 0 1 521 1577 1321
3416 2 2 0 1 235 1560 1230
3417 2 2 0 1 641 1738 1176
3418 2 2 0 1 530 1614 1117
3419 2 2 0 1 1289 1432 175
3420 2 2 0 1 569 1709 1614
3421 2 2 0 1 499 1551 1500
3422 2 2 0 1 1128 1661 560
3423 2 2 0 1 540 1724 1639
3424 2 2 0 1 1413 1722 304
3425 2 2 0 1 255 1766 1174
3426 2 2 0 1 1113 1655 503
3427 2 2 0 1 745 1687 1675
3428 2 2 0 1 660 1573 1264
3429 2 2 0 1 1286 1534 647
3430 2 2 0 1 1430 1613 247
3431 2 2 0 1 509 1633 1415
3432 2 2 0 1 623 1496 1408
3433 2 2 0 1 1502 1728 678
3434 2 2 0 1 1212 1584 535
3435 2 2 0 1 1258 1617 577
3436 2 2 0 1 626 1613 1430
3437 2 2 0 1 1454 1626 672
3438 2 2 0 1 1306 1758 613
3439 2 2 0 1 1191 1514 533
3440 2 2 0 1 1037 1745 333
3441 2 2 0 1 304 1704 1413
3442 2 2 0 1 518 1555 1074
3443 2 2 0 1 552 1757 1466
3444 2 2 0 1 729 1541 1447
3445 2 2 0 1 619 1455 1386
3446 2 2 0 1 1502 1522 546
3447 2 2 0 1 1260 1733 609
3448 2 2 0 1 1594 1657 792
3449 2 2 0 1 1030 1739 556
3450 2 2 0 1 271 1709 1485
3451 2 2 0 1 1326 1598 262
3452 2 2 0 1 1247 1548 454
3453 2 2 0 1 1480 1663 480
3454 2 2 0 1 289 1438 1265
3455 2 2 0 1 1406 1549 614
3456 2 2 0 1 1153 1764 573
3457 2 2 0 1 569 1614 1508
3458 2 2 0 1 1230 1560 513
3459 2 2 0 1 1566 1656 185
3460 2 2 0 1 1436 1573 926
3461 2 2 0 1 1117 1614 271
3462 2 2 0 1 614 1486 1406
3463 2 2 0 1 1340 1467 498
3464 2 2 0 1 15 1747 1171
3465 2 2 0 1 312 1730 1399
3466 2 2 0 1 1459 1753 243
3467 2 2 0 1 1236 1712 601
3468 2 2 0 1 209 1657 1594
3469 2 2 0 1 1473 1597 481
3470 2 2 0 1 1216 1707 141
3471 2 2 0 1 1111 1772 383
3472 2 2 0 1 1590 1726 617
3473 2 2 0 1 233 1676 1124
3474 2 2 0 1 1413 1704 582
3475 2 2 0 1 1398 1497 525
3476 2 2 0 1 234 1538 1537
3477 2 2 0 1 1491 1748 557
3478 2 2 0 1 472 1658 1333
3479 2 2 0 1 1386 1455 241
3480 2 2 0 1 1693 1734 747
3481 2 2 0 1 423 1514 1191
3482 2 2 0 1 493 1535 1301
3483 2 2 0 1 1330 1586 520
3484 2 2 0 1 1556 1654 282
3485 2 2 0 1 537 1751 1640
3486 2 2 0 1 1074 1555 281
3487 2 2 0 1 1485 1709 554
3488 2 2 0 1 678 1522 1502
3489 2 2 0 1 659 1465 1376
3490 2 2 0 1 1672 1673 616
3491 2 2 0 1 1406 1486 528
3492 2 2 0 1 615 1673 1672
3493 2 2 0 1 636 1762 1645
3494 2 2 0 1 1295 1764 245
3495 2 2 0 1 1361 1501 598
3496 2 2 0 1 297 1739 1593
3497 2 2 0 1 491 1615 1449
3498 2 2 0 1 1622 1726 278
3499 2 2 0 1 1533 1732 275
3500 2 2 0 1 321 1691 1324
3501 2 2 0 1 617 1726 1669
3502 2 2 0 1 164 1501 1361
3503 2 2 0 1 579 1495 1463
3504 2 2 0 1 1376 1465 180
3505 2 2 0 1 458 1564 1221
3506 2 2 0 1 645 1497 1398
3507 2 2 0 1 1465 1664 180
3508 2 2 0 1 551 1725 1357
3509 2 2 0 1 281 1555 1539
3510 2 2 0 1 1399 1730 793
3511 2 2 0 1 1447 1541 452
3512 2 2 0 1 1539 1555 782
3513 2 2 0 1 1620 1650 587
3514 2 2 0 1 1603 1711 688
3515 2 2 0 1 1294 1700 489
3516 2 2 0 1 1504 1631 374
3517 2 2 0 1 1537 1538 942
3518 2 2 0 1 1357 1683 551
3519 2 2 0 1 647 1712 1330
3520 2 2 0 1 708 1664 1465
3521 2 2 0 1 1640 1751 754
3522 2 2 0 1 1501 1637 716
3523 2 2 0 1 165 1711 1603
3524 2 2 0 1 1415 1633 272
3525 2 2 0 1 1692 1763 824
3526 2 2 0 1 259 1763 1692
3527 2 2 0 1 164 1637 1501
3528 2 2 0 1 1377 1697 835
3529 2 2 0 1 570 1581 1391
3530 2 2 0 1 278 1726 1590
3531 2 2 0 1 185 1681 1566
3532 2 2 0 1 1263 1766 255
3533 2 2 0 1 604 1772 1483
3534 2 2 0 1 1463 1495 580
3535 2 2 0 1 1566 1681 885
3536 2 2 0 1 1651 1652 931
3537 2 2 0 1 499 1652 1651
3538 2 2 0 1 599 1631 1504
3539 2 2 0 1 383 1693 1544
3540 2 2 0 1 1370 1631 599
3541 2 2 0 1 1544 1693 747
3542 2 2 0 1 1645 1762 637
3543 2 2 0 1 523 1685 1643
3544 2 2 0 1 295 1760 1585
3545 2 2 0 1 1585 1760 635
3546 2 2 0 1 1643 1685 790
$EndElements
