$MeshFormat
2.2 0 8
$EndMeshFormat
$Nodes
1775
1 0 0 0
2 0.02 0 0
3 0.02 0.04 0
4 0 0.04 0
5 0.0007802341447589572 0 0
6 0.00154559062230371 0 0
7 0.002307324135676118 0 0
8 0.003083379312452827 0 0
9 0.003857267322784832 0 0
10 0.00461917010557094 0 0
11 0.005385739457810478 0 0
12 0.006163652595347958 0 0
13 0.006931912471832778 0 0
14 0.007696016719863532 0 0
15 0.008465680974047212 0 0
16 0.009237502490599351 0 0
17 0.01001025465193911 0 0
18 0.01077208754783659 0 0
19 0.01153808719469282 0 0
20 0.01232001380509341 0 0
21 0.01308361621459471 0 0
22 0.01384496494204219 0 0
23 0.01462282310482026 0 0
24 0.01539279053821505 0 0
25 0.01615797670728401 0 0
26 0.01692489058422021 0 0
27 0.01769625673974147 0 0
28 0.01847094610380011 0 0
29 0.01923520746139114 0 0
30 0.02 0.0008056359195307696 0
31 0.02 0.001557159639953756 0
32 0.02 0.002373285277840115 0
33 0.02 0.003125650661472169 0
34 0.02 0.00393144371566075 0
35 0.02 0.004707379066629647 0
36 0.02 0.005515210149028612 0
37 0.02 0.006252456941190887 0
38 0.02 0.007065091642057737 0
39 0.02 0.007859738772257546 0
40 0.02 0.008645191891741934 0
41 0.02 0.00939211120362222 0
42 0.02 0.01020393323160774 0
43 0.02 0.01100324043135451 0
44 0.02 0.01176478620816108 0
45 0.02 0.01254374199884215 0
46 0.02 0.01333814723201199 0
47 0.02 0.01413414774926175 0
48 0.02 0.01489225955648678 0
49 0.02 0.01569975188378593 0
50 0.02 0.01646079187827225 0
51 0.02 0.01726026208990776 0
52 0.02 0.01803078440594863 0
53 0.02 0.01884849370558811 0
54 0.02 0.0195806550644896 0
55 0.02 0.02039262960504514 0
56 0.02 0.0211765250533517 0
57 0.02 0.0219855963521495 0
58 0.02 0.02271385487259877 0
59 0.02 0.0235324321629196 0
60 0.02 0.02431872957521904 0
61 0.02 0.02511017313065803 0
62 0.02 0.02586021529461763 0
63 0.02 0.02667084733333878 0
64 0.02 0.02745132226720297 0
65 0.02 0.02822807649062992 0
66 0.02 0.02901665418961275 0
67 0.02 0.02979814650725535 0
68 0.02 0.03057909180283009 0
69 0.02 0.03135791536166315 0
70 0.02 0.03217201333203751 0
71 0.02 0.0329155352912015 0
72 0.02 0.033712733131366 0
73 0.02 0.03449799944569798 0
74 0.02 0.03531645523308063 0
75 0.02 0.03604274255568875 0
76 0.02 0.03685551339141811 0
77 0.02 0.03763800079173545 0
78 0.02 0.03844757474678896 0
79 0.02 0.03918226325718864 0
80 0.01919300224017896 0.04 0
81 0.0184528604409012 0.04 0
82 0.01769163370666842 0.04 0
83 0.01690181222978361 0.04 0
84 0.0161685102051246 0.04 0
85 0.01538395577630438 0.04 0
86 0.01461037826681454 0.04 0
87 0.01386377001529642 0.04 0
88 0.01306798359186474 0.04 0
89 0.01229674137038598 0.04 0
90 0.01154169115555649 0.04 0
91 0.01075265637618517 0.04 0
92 0.009972173398363433 0.04 0
93 0.009215999923062526 0.04 0
94 0.008437718977627533 0.04 0
95 0.007646989593067284 0.04 0
96 0.006893086696419569 0.04 0
97 0.006117818666236809 0.04 0
98 0.005329865350308721 0.04 0
99 0.004589198899170737 0.04 0
100 0.003802073016368222 0.04 0
101 0.003034273840319957 0.04 0
102 0.002296840951601434 0.04 0
103 0.001499831080758712 0.04 0
104 0.0007517939860096599 0.04 0
105 0 0.03918000442121553 0
106 0 0.03843256262243436 0
107 0 0.03762877289906814 0
108 0 0.0368498657065049 0
109 0 0.03604851394296976 0
110 0 0.03529933952620534 0
111 0 0.03449472860578246 0
112 0 0.0337012976614235 0
113 0 0.03292850791343764 0
114 0 0.03215536979109712 0
115 0 0.03135883225071753 0
116 0 0.03056119398161418 0
117 0 0.02980702122092919 0
118 0 0.02900345178925702 0
119 0 0.02822768255157854 0
120 0 0.02742890536455498 0
121 0 0.02667353104596393 0
122 0 0.02585243046577691 0
123 0 0.02510252590193052 0
124 0 0.02429723556175636 0
125 0 0.02352961066671445 0
126 0 0.02271074715497502 0
127 0 0.02197516303679266 0
128 0 0.0211608021048114 0
129 0 0.02038264702641145 0
130 0 0.01958077213326535 0
131 0 0.01883596582376459 0
132 0 0.01802206120639184 0
133 0 0.01724077487457544 0
134 0 0.0164614259845162 0
135 0 0.01568564078950695 0
136 0 0.01488846141422474 0
137 0 0.01410602690044065 0
138 0 0.01333741528108413 0
139 0 0.0125312171099472 0
140 0 0.01176468827233191 0
141 0 0.01097295198356069 0
142 0 0.01020234562442428 0
143 0 0.009382757259844336 0
144 0 0.008644311674866255 0
145 0 0.007835076670256791 0
146 0 0.007061240988917229 0
147 0 0.006245914599227111 0
148 0 0.005512893168198654 0
149 0 0.004692869603045685 0
150 0 0.003922017469393545 0
151 0 0.003121596504942398 0
152 0 0.002369200418950113 0
153 0 0.001553377701511781 0
154 0 0.0007879440087911541 0
155 0.01002083569934994 0.02237255363452012 0
156 0.009964183654999494 0.01139281103963991 0
157 0.01116348255892049 0.03122455464084619 0
158 0.01351862944894611 0.01695212969138079 0
159 0.006468744524056032 0.01687950686655396 0
160 0.01362612728202897 0.00631044875587455 0
161 0.006269305357682308 0.006284645871999539 0
162 0.006062419781441617 0.02782829395806676 0
163 0.00595354538109323 0.03409366468565035 0
164 0.01412131870132248 0.02624430694951167 0
165 0.01491458853290295 0.03490722733938931 0
166 0.01500503170649833 0.01101790731757432 0
167 0.004818700471788585 0.02313704769272897 0
168 0.005050326425778967 0.01137233336119432 0
169 0.01518444200407299 0.02137619896673718 0
170 0.01035274519724954 0.03550446442017016 0
171 0.01564512112868922 0.03051399012991495 0
172 0.01001247335240438 0.004207561587520808 0
173 0.01014242745069479 0.02704379827721917 0
174 0.003801882877275167 0.03090433565576142 0
175 0.01630419993666529 0.003708774027101139 0
176 0.01654130862518086 0.01456287834373949 0
177 0.003683219584383202 0.003686627500698116 0
178 0.003704406867209606 0.01922991294161722 0
179 0.01049747629883408 0.007743049238728586 0
180 0.01001254283821014 0.01527455115968436 0
181 0.003369375816444631 0.03644933530834579 0
182 0.01659513659765238 0.008110847701651132 0
183 0.003455221271111964 0.01451348047918184 0
184 0.01047678911189926 0.01880535505323346 0
185 0.007617896027033975 0.03112309121559646 0
186 0.01676298389396332 0.0185417226614635 0
187 0.00339723284928544 0.008120620208152223 0
188 0.003209031928376861 0.02626996999243208 0
189 0.01285258635891785 0.01358679164578282 0
190 0.006977592257261435 0.02049279646827386 0
191 0.01301102364170058 0.00325170785396527 0
192 0.007526844778795993 0.01319371159292581 0
193 0.006767010841813911 0.003166120029257747 0
194 0.007250536977448353 0.03688578763810126 0
195 0.007560633772965675 0.02483538940656695 0
196 0.007716196290700832 0.009220877340985242 0
197 0.01695882283966339 0.03707244165668222 0
198 0.01709485417111199 0.02463986972465668 0
199 0.01289684036012644 0.03705677505619875 0
200 0.01699287758410307 0.02783969937891644 0
201 0.0129508884894326 0.008916753016926942 0
202 0.01722059124474841 0.03333829435203069 0
203 0.003124682099867659 0.03372038740932616 0
204 0.01284396318025902 0.02352432532398868 0
205 0.0125253649377853 0.02068641417295914 0
206 0.002559885667382341 0.02157595963399875 0
207 0.01239239348648361 0.03369015278825897 0
208 0.002544568253598849 0.01689596838217224 0
209 0.01244966737913429 0.02868097043556463 0
210 0.002476100630198925 0.005879403883712884 0
211 0.00846569009001398 0.03362617302090889 0
212 0.01741269027636433 0.01214678109620354 0
213 0.002413811078553617 0.01213048324029591 0
214 0.01756093705025204 0.005856467990018531 0
215 0.00240363555799541 0.02863802063600118 0
216 0.01757490422195457 0.02234972561237414 0
217 0.002513184939575655 0.02403305470777785 0
218 0.009401781336120324 0.03766572552250012 0
219 0.008327964670562524 0.02869094034747337 0
220 0.005439616965523167 0.02567044150110907 0
221 0.01244954726225938 0.01137105761802076 0
222 0.01429625176518276 0.0190075762559364 0
223 0.01069069608310295 0.02470766098535623 0
224 0.01763299420959256 0.01632255132758869 0
225 0.008752223441446882 0.01727146832715936 0
226 0.005377894059316303 0.03776068261669439 0
227 0.002147137909174887 0.002079283686382986 0
228 0.008678607215835011 0.006242675346217814 0
229 0.01500539369696314 0.03778900344112349 0
230 0.008818463207647871 0.002269209087829859 0
231 0.01152007559757784 0.00586402365985993 0
232 0.00569962930126955 0.01468298760858851 0
233 0.007549351846982331 0.0225201734216733 0
234 0.01452284394593588 0.03272032146109575 0
235 0.002200450098616732 0.009933608864616528 0
236 0.0177718277970614 0.03096850358224661 0
237 0.01789689112455018 0.02026656672041117 0
238 0.01782282030471831 0.009744949595139036 0
239 0.004906453080713503 0.001925882480923839 0
240 0.01138064233089896 0.01686498344176494 0
241 0.01334571362469083 0.03067320663046213 0
242 0.01784139119467613 0.00210046491098476 0
243 0.01098314691787009 0.01323211155927317 0
244 0.005292474799471852 0.009185507381847199 0
245 0.01104597328272167 0.002117562320757015 0
246 0.01567610247072259 0.006365246166169063 0
247 0.007932028445226556 0.01533699473392202 0
248 0.01210563862192295 0.02632581028388838 0
249 0.01499760788291254 0.02373224672866205 0
250 0.004945223881200948 0.02092553897699829 0
251 0.004360043336174861 0.01630839279293168 0
252 0.01484714752946028 0.01315884915398221 0
253 0.005725846743918699 0.02993215914716757 0
254 0.01792341443162346 0.03518255541944243 0
255 0.00210927553545478 0.03786271636135553 0
256 0.004508031629155379 0.005313284397942038 0
257 0.01479474402460853 0.02842659117807402 0
258 0.01500780682151766 0.002056087463677199 0
259 0.001893097170913067 0.01866582915914772 0
260 0.005808817710323395 0.03202717596078897 0
261 0.01426777591318203 0.01503898274883288 0
262 0.01446966435391776 0.008141406271784916 0
263 0.00902074433843255 0.02041223802567874 0
264 0.005624890760719078 0.01870992218862007 0
265 0.007044744881606044 0.01131045963141367 0
266 0.001861292691905636 0.004112306899615246 0
267 0.01569832518609384 0.01667210565676822 0
268 0.008480829954425685 0.03545461280997946 0
269 0.01053962096190747 0.02908520678361736 0
270 0.01236364263567598 0.01879779442788957 0
271 0.01128562842566274 0.03799892752744625 0
272 0.002017539025083498 0.03188419186967598 0
273 0.01049270700080291 0.03305585157196161 0
274 0.001998623244426276 0.01522077119992078 0
275 0.0110912410219631 0.009627624685067159 0
276 0.0145089631241901 0.004403349566396824 0
277 0.001984418912395852 0.03542709775008316 0
278 0.004180238359061847 0.02788233169168932 0
279 0.001868967926661819 0.007464206993262539 0
280 0.0181117314703792 0.0262655313139782 0
281 0.005651394175442949 0.0359198376025682 0
282 0.007737768681882388 0.0268801590465455 0
283 0.01834521266125562 0.0144734722211198 0
284 0.0181395065415156 0.004098729356647422 0
285 0.004841288200996655 0.01320904634959123 0
286 0.01824464200903265 0.007610609934025646 0
287 0.01853543914140224 0.03833917935193908 0
288 0.01234671559099421 0.007428830365842607 0
289 0.001689820126004412 0.03018410760127168 0
290 0.009125116273237758 0.03178372615626952 0
291 0.007503964997121509 0.01861237171035953 0
292 0.001636629556391545 0.02706072126695163 0
293 0.0183637914692087 0.01848863844609435 0
294 0.01236213368495258 0.01533643955441835 0
295 0.009144280283373609 0.0257273052649241 0
296 0.00811638451677083 0.004448756069945995 0
297 0.007957362163062448 0.03848773142267178 0
298 0.01083997022196299 0.02048559272790698 0
299 0.009111333548502935 0.01371747322431532 0
300 0.005367765229161261 0.004070324946878912 0
301 0.01311122040660401 0.03518082728231964 0
302 0.01619076239692084 0.009926923912895151 0
303 0.009235584165505895 0.009141107257952148 0
304 0.01616566949958334 0.02021552868271333 0
305 0.009125473848250366 0.02386267258067407 0
306 0.0181935124455237 0.02920215433950368 0
307 0.004834171725102602 0.007221163159089983 0
308 0.003972786063566158 0.02492991293960984 0
309 0.001701254077772576 0.01346633896155031 0
310 0.00413372590857768 0.03494423178054608 0
311 0.003905436656247193 0.0100485259460034 0
312 0.01357367244939187 0.02206109998031434 0
313 0.009210802681970868 0.03024493893657187 0
314 0.0117447649733408 0.02217147210088615 0
315 0.0128772243465643 0.004846928664304428 0
316 0.01835169009641553 0.02383459268551912 0
317 0.00156327134251005 0.02032596476292435 0
318 0.01605778063283485 0.02631181065175786 0
319 0.003592965610623596 0.03813475137513385 0
320 0.003893281051252652 0.01781534292442438 0
321 0.007313964595848155 0.001600557020464473 0
322 0.008444645606097423 0.01207119174300473 0
323 0.01351313939631359 0.001580065973342964 0
324 0.01634698399424281 0.0383912183908071 0
325 0.007433013597678787 0.007608822783352318 0
326 0.004560830127545229 0.03303047070035808 0
327 0.001488941665020171 0.02561769128606739 0
328 0.006434602204811501 0.02380507332398196 0
329 0.01559722574085115 0.03628066837208139 0
330 0.01604420268477804 0.03215288239764395 0
331 0.01439425867249816 0.009613124662667751 0
332 0.007301361648983217 0.03256182886605341 0
333 0.01346587680358058 0.03850027491876622 0
334 0.00614385435914608 0.012562412402086 0
335 0.01406520826306237 0.02074042273763061 0
336 0.00736543541853269 0.0344470618120579 0
337 0.001507596421982225 0.03325213760576975 0
338 0.01150277335814947 0.003708941620151677 0
339 0.01355362420874206 0.01230070534020393 0
340 0.01860860099030209 0.03265388484742844 0
341 0.001654748812414449 0.02272496047262834 0
342 0.01644896837261046 0.001512524694408074 0
343 0.008981739096825359 0.01899758259507748 0
344 0.01849675260147704 0.03678629363789494 0
345 0.003599120111430697 0.001497247001713463 0
346 0.006495028223262368 0.03859760515785475 0
347 0.01555987256007925 0.0336896338196707 0
348 0.01312449420095014 0.025052122563252 0
349 0.006368132439348716 0.02172213051964177 0
350 0.01842861765059334 0.02782740910560354 0
351 0.01852938891657888 0.02132282720171342 0
352 0.01239628267228631 0.03202217004443806 0
353 0.01142908382858857 0.03660605078488537 0
354 0.01645983171818162 0.03488724285922339 0
355 0.01609163927513482 0.02911671341910553 0
356 0.01629976358430507 0.01305873110105104 0
357 0.01371115932089289 0.02930862078051714 0
358 0.00136451635494624 0.008817097030622219 0
359 0.001296805857056847 0.00529920342091502 0
360 0.01359626044020585 0.02778533042636581 0
361 0.003523589093877477 0.006764774892443167 0
362 0.006714282947755193 0.004761307413131698 0
363 0.008300973445050099 0.01054246359813468 0
364 0.01147228888242548 0.02357911967199726 0
365 0.003317913735479622 0.03238817508910116 0
366 0.001300363824988847 0.01121508421440714 0
367 0.0164286698152215 0.02330647395594019 0
368 0.006876288056193836 0.02903523514625585 0
369 0.004306026394614228 0.02944604026240306 0
370 0.009761588335626084 0.03426844649864844 0
371 0.001314062819520879 0.01748226430060262 0
372 0.01124456231920724 0.01468662161154709 0
373 0.0138403160770959 0.03382927950233887 0
374 0.01618064632697398 0.005093967999117696 0
375 0.01854867248258426 0.01111120423417603 0
376 0.01464230955460365 0.01770807312175827 0
377 0.001425032872220528 0.03664826264665145 0
378 0.01859858420712251 0.01310180288251242 0
379 0.009959795911207067 0.005669600272857726 0
380 0.003375837798625286 0.022848371822282 0
381 0.01211941066536448 0.03000605177908314 0
382 0.006076547085926964 0.007847783065839071 0
383 0.008563027215378266 0.03673956807863277 0
384 0.002891634356577021 0.004706147361231327 0
385 0.01637618071350697 0.01120403987133241 0
386 0.01131402279134982 0.02791177872903697 0
387 0.01712047312601397 0.02112564180688338 0
388 0.01510265212000912 0.02523391510064887 0
389 0.003593843264961529 0.02058248301754423 0
390 0.00899002145468073 0.007788106636854664 0
391 0.003208684235012951 0.01577527067446551 0
392 0.009896174358795062 0.001363109493208909 0
393 0.005966951560811889 0.01045897635435641 0
394 0.01871349521471813 0.006404987991543777 0
395 0.0136404647541665 0.0107271897331573 0
396 0.01169422489922372 0.03494780223971544 0
397 0.003711897658842693 0.0114972972828844 0
398 0.018672871996293 0.008729537156608864 0
399 0.01870665679401206 0.02506191840763768 0
400 0.01413922603012333 0.03633344553391226 0
401 0.003431470921269562 0.01310007199448617 0
402 0.01216665005091104 0.001378391078867211 0
403 0.008062684886222775 0.0212830079794982 0
404 0.01572229765108964 0.02747161289271496 0
405 0.01851040387682091 0.03389955257312216 0
406 0.01714833625892017 0.007022409598355889 0
407 0.01888364306231827 0.02270211828838309 0
408 0.01003651496128074 0.01656646215376683 0
409 0.01171441932854758 0.008643875188147883 0
410 0.001247483055200498 0.003021696161788722 0
411 0.01019329182550539 0.03873728897133017 0
412 0.01196485902475897 0.01262783709877082 0
413 0.007017112463250725 0.01450496818321303 0
414 0.0186963849579733 0.001136314584706328 0
415 0.009956465128485638 0.002874425441360955 0
416 0.01873203120667939 0.01721805462047765 0
417 0.008994927122888451 0.01595242975045041 0
418 0.004528560477157184 0.02654061073341484 0
419 0.00698326322051377 0.03566014914432637 0
420 0.001299290529753343 0.001108094689512756 0
421 0.005289596919862858 0.01745361312502823 0
422 0.01431132420586276 0.003098383227116537 0
423 0.01887744234807191 0.01970795520647565 0
424 0.01083489554153475 0.02601948726946175 0
425 0.004760722353338105 0.01979626958263472 0
426 0.006060678396162093 0.00136422925853677 0
427 0.01545974581336084 0.01538371834531962 0
428 0.006404955381939857 0.02657271391969329 0
429 0.002940791998767594 0.02974714654667531 0
430 0.01460665375096075 0.03136873798198181 0
431 0.01874247015720172 0.003054025174299799 0
432 0.0187267171712095 0.005126918708038795 0
433 0.01470134053386799 0.005646381010245109 0
434 0.009583573315298795 0.02829078654950854 0
435 0.001238045411154689 0.02147013879761348 0
436 0.01744060643217174 0.01361303948443023 0
437 0.001192198976697053 0.02861556717041778 0
438 0.009686020255180757 0.03650194014322743 0
439 0.005313339824137912 0.02875828651708201 0
440 0.002822841620822592 0.0251188885861991 0
441 0.002688622172864477 0.003170797981109148 0
442 0.01234485650876798 0.03877391873559122 0
443 0.00117096474960565 0.02391342311423541 0
444 0.009639486852299511 0.01269444980648213 0
445 0.001199743986893277 0.006479436706906448 0
446 0.004539419495781891 0.01505742649533013 0
447 0.003025053170594179 0.02731132668574736 0
448 0.01350952303535201 0.01811323597951483 0
449 0.01028349937954604 0.02359072499334403 0
450 0.00515890539884637 0.02438162716677738 0
451 0.01557369595119686 0.008749337445024643 0
452 0.001211118807578859 0.03443471440370089 0
453 0.01754484737984833 0.01762232411924591 0
454 0.01321014153521051 0.01971418903747402 0
455 0.001150683752235565 0.03889340040949306 0
456 0.007919589075657863 0.02374173582465248 0
457 0.01552323033505933 0.01216289617245824 0
458 0.01354611714128681 0.007484095453475538 0
459 0.007843125100887768 0.01650923571992975 0
460 0.01191067332870964 0.02503353207430423 0
461 0.002561748475248674 0.01957786362641312 0
462 0.003996622831288146 0.02191639998097589 0
463 0.01394965416524655 0.01384381119097369 0
464 0.009035408335118169 0.0388506792402625 0
465 0.01880679871227699 0.030255525548238 0
466 0.01880909197063779 0.01568463886041505 0
467 0.009956056120985889 0.01784392198399996 0
468 0.01241219130584122 0.01011885840981144 0
469 0.001231491015425896 0.01245862552807043 0
470 0.008023998934687998 0.01967104230485359 0
471 0.004655217527646187 0.03671387198774057 0
472 0.01334511589775241 0.03283377603737504 0
473 0.008060651276598232 0.003187929474017005 0
474 0.005038416136110519 0.03094782712434835 0
475 0.004955278993465095 0.03883599184994883 0
476 0.01552740185694785 0.01903132254667832 0
477 0.002792276928382225 0.01796575162601885 0
478 0.0063696037611565 0.03109319205729189 0
479 0.01256650582785974 0.006311974049867221 0
480 0.003050965628145781 0.009299933740673262 0
481 0.003972317415665654 0.002541680671174565 0
482 0.01396281720537417 0.02325345719155071 0
483 0.01716790478493921 0.02986471632547045 0
484 0.01737962415584655 0.01911987137141192 0
485 0.005535251000403834 0.01598195531717282 0
486 0.01493682948272693 0.02952430074456804 0
487 0.009970082729052268 0.0311081225416588 0
488 0.008057080759104307 0.02986567092184194 0
489 0.01524136304192598 0.01424707674552042 0
490 0.003025261789547201 0.03500690055107367 0
491 0.006763661638001611 0.01566375095766237 0
492 0.014476979243437 0.01624785578233305 0
493 0.01172109006617048 0.01975686126346494 0
494 0.01118491184415139 0.01168606717584404 0
495 0.0145027918276124 0.03888969536642364 0
496 0.006590015412847206 0.0253679125674337 0
497 0.00611683719935263 0.03701830686659996 0
498 0.0026655573959607 0.03892257049280819 0
499 0.01663742011718881 0.01573215538333782 0
500 0.001171293097288121 0.01624972057143847 0
501 0.01708160268745067 0.02576567225074679 0
502 0.008836801542977994 0.02273866776226506 0
503 0.005621086998710468 0.005258527814665313 0
504 0.0110689532491548 0.007116569688245995 0
505 0.01107205106099152 0.001041715063162842 0
506 0.008085268453305278 0.01429073692098524 0
507 0.0188792337589165 0.03144311646082481 0
508 0.002222270364291567 0.008460047849818304 0
509 0.007501293926336478 0.005775100869737617 0
510 0.00976946629381413 0.006900841305524655 0
511 0.004672421179572903 0.00834395642452794 0
512 0.01467531794684957 0.02732514590718161 0
513 0.002529178162485149 0.001078056947160327 0
514 0.01737380777287878 0.03208360423288079 0
515 0.006202516397258431 0.01364771972342364 0
516 0.002760696633794931 0.01087130813817227 0
517 0.009422814792912621 0.03292737104940191 0
518 0.005680264881781326 0.00298147332669825 0
519 0.01706161359944005 0.009200229359995989 0
520 0.01636809601731833 0.02219522796830356 0
521 0.01143258205338944 0.01810899262399986 0
522 0.008378274178264948 0.001137627979109847 0
523 0.01738529733686572 0.003234757003772928 0
524 0.008913478367667826 0.02678545226929395 0
525 0.001148040260988078 0.03106621044648384 0
526 0.004505061846086736 0.01846894261873721 0
527 0.01104176828778304 0.0341320592903055 0
528 0.001049436465679484 0.03232233925607492 0
529 0.001113220134734761 0.009986526621581638 0
530 0.01465193288447188 0.006892435013067161 0
531 0.01486254027010625 0.02010471176830343 0
532 0.006684982561825974 0.01930796341971216 0
533 0.01003725622737417 0.01020633331301644 0
534 0.0009811778535498712 0.01920836897851497 0
535 0.01216221767797563 0.002474840961631003 0
536 0.01113176735802278 0.004641794236784258 0
537 0.01054536669243793 0.03739118270864408 0
538 0.01248720137848593 0.02752163274396377 0
539 0.0162916096614263 0.01720370357919798 0
540 0.01750534795359399 0.001107398246289713 0
541 0.01247227095243968 0.0175651434888424 0
542 0.004491126726481696 0.03195194285070099 0
543 0.00267585419670944 0.03094056610670129 0
544 0.0138997779836641 0.03752049301327133 0
545 0.01567033738726989 0.007498399739669235 0
546 0.01896015580966599 0.03572567911109281 0
547 0.01602789312484696 0.002578392568006637 0
548 0.004367930673765598 0.004495270537102223 0
549 0.006527863836125448 0.01804288293207722 0
550 0.004951770183239276 0.01028112803876364 0
551 0.005973722134424791 0.01152560046661626 0
552 0.008395323452834292 0.03254258752844738 0
553 0.007090190691183726 0.01245775861163233 0
554 0.004695616300939189 0.001178330095301109 0
555 0.01165584709381174 0.01362892968972964 0
556 0.01014693775095557 0.01415075108067698 0
557 0.001010268466219716 0.03578818380101569 0
558 0.01101117144414641 0.0158434007567767 0
559 0.001095021722427276 0.01445354018018778 0
560 0.007240432734168069 0.02791594682587356 0
561 0.01000547286180167 0.01977816241964324 0
562 0.002403112847802287 0.03628103981431492 0
563 0.01897455487947219 0.03894591787802876 0
564 0.01599687548608586 0.03757152144789874 0
565 0.01740520434787106 0.01081052137380061 0
566 0.01705237594478762 0.03588589952243994 0
567 0.01903404576986887 0.01215426410350162 0
568 0.01547506770876622 0.001077459032034888 0
569 0.00622899575734714 0.03303343298694379 0
570 0.01149499215627364 0.03243636808182681 0
571 0.01317270156730471 0.01459970687561596 0
572 0.01004991414790697 0.02122202087157239 0
573 0.00933894838859476 0.003647208041079406 0
574 0.002285993713678731 0.03288479519983012 0
575 0.006425389484499231 0.009058314202800906 0
576 0.01412791090506098 0.03043086810159214 0
577 0.01656403649898874 0.03091523241016827 0
578 0.004823928138486912 0.03414157919588319 0
579 0.009770050220903237 0.02468097661832154 0
580 0.002407586867177906 0.01438970935517907 0
581 0.01346005998396256 0.01578461830672463 0
582 0.01768431328432908 0.008188861369511127 0
583 0.005808790812088734 0.02021208183842033 0
584 0.005239735714025267 0.00623295604388141 0
585 0.008990505698782347 0.01487815716488066 0
586 0.01258870494731706 0.0217951027315338 0
587 0.002482481322064162 0.006881475369026202 0
588 0.005304577079529809 0.02688140861068303 0
589 0.01899447813088127 0.009798022217614983 0
590 0.005221619075847688 0.02205560864012539 0
591 0.01573791881044494 0.03888872672731601 0
592 0.009151384559405 0.005006398987196707 0
593 0.01243352122098946 0.01644531074938765 0
594 0.0174769374131555 0.03896736990311173 0
595 0.003455978261206972 0.005905562060248065 0
596 0.0009784639190137927 0.02616040993325701 0
597 0.007032278967473321 0.01025442422816559 0
598 0.01744744393174489 0.02336202000559685 0
599 0.01142854362663368 0.02121689451889369 0
600 0.01744796670378337 0.004938050272607797 0
601 0.003990108085037577 0.0123851743625386 0
602 0.008632088170616772 0.03101035771332069 0
603 0.004048048693222159 0.02570507406312171 0
604 0.01024938250202613 0.03208245554162536 0
605 0.01025860894140347 0.008965343747769123 0
606 0.01415542013283376 0.02451745137167425 0
607 0.01525060379687464 0.003617850709609818 0
608 0.0009795884985407729 0.03770100504668328 0
609 0.003283579379534734 0.02369248138229081 0
610 0.008596014130172034 0.02464527828035034 0
611 0.006966128548527477 0.0301683602731958 0
612 0.000677325504784828 0.004278978313758862 0
613 0.01134346440358018 0.0106945750703325 0
614 0.01356592583977713 0.03179970137495414 0
615 0.007796964224694601 0.03598909563044674 0
616 0.01910383545747739 0.02861189367407699 0
617 0.00466143208668298 0.003251304146316202 0
618 0.01170064505074956 0.02913460701054788 0
619 0.007166090755190777 0.03783883420984707 0
620 0.01333386388108532 0.02654265415835415 0
621 0.007845126402103239 0.017591003465354 0
622 0.008799874949338728 0.03450479815549122 0
623 0.006576142872733887 0.002147872411008833 0
624 0.01519105951396324 0.02258029493302329 0
625 0.008383664138014515 0.008764522670020562 0
626 0.01565340427359091 0.02418546019422657 0
627 0.01884917328544213 0.01400881606465348 0
628 0.01898238902975111 0.0268104993827541 0
629 0.01061773856019993 0.03021113687464739 0
630 0.01230535046543275 0.03102585530418374 0
631 0.01563077647549015 0.01806696361146419 0
632 0.01377852385455718 0.005291619041129009 0
633 0.008116122869830152 0.03738820530234524 0
634 0.01724085387256815 0.01481726102035508 0
635 0.008163907394931846 0.0258521552859044 0
636 0.005982065918320078 0.02277330917387547 0
637 0.01355694291708876 0.004020045793771548 0
638 0.003567911800005855 0.02867087289800565 0
639 0.008970763769677217 0.02163840187382467 0
640 0.0124647998300948 0.03603045935656899 0
641 0.007304505896749249 0.03912681654716986 0
642 0.01430925770886676 0.001087848569441198 0
643 0.0009397854733147141 0.007996339591681488 0
644 0.002901970106078994 0.03752991138596753 0
645 0.007570054834034503 0.03355778809840919 0
646 0.01666935974945772 0.006201745601996269 0
647 0.01732647545943223 0.02868576513243491 0
648 0.01246349449172372 0.01466497172236272 0
649 0.01109810923029737 0.0390788234287628 0
650 0.003965532011922254 0.009155588440234525 0
651 0.01689849723431184 0.0270855933031889 0
652 0.004465776574425268 0.01387056527362541 0
653 0.01398204063475163 0.02849865481407324 0
654 0.01558550521227667 0.004742163450210826 0
655 0.01411112127885922 0.008782844325515822 0
656 0.009482471522916782 0.03521331397397868 0
657 0.01614057182010242 0.02531349125907011 0
658 0.01485763454769881 0.03385463295507894 0
659 0.01731798630514201 0.03440042036678936 0
660 0.0152780988370964 0.01026006381721887 0
661 0.005197765492146319 0.01232286450288878 0
662 0.003539320637407382 0.016728326619826 0
663 0.01734397748169442 0.03781356574629446 0
664 0.008452311388223034 0.01303754869726456 0
665 0.002220338039744812 0.02620641936954814 0
666 0.01909065218997092 0.002228537236113513 0
667 0.01129231950614791 0.02684729690742409 0
668 0.001987017953986052 0.0343593980718931 0
669 0.01898259698573194 0.0376136368458995 0
670 0.003821542515815977 0.03387852777221147 0
671 0.005537784439452046 0.03524725780457711 0
672 0.01151445062848078 0.03335867459115488 0
673 0.0129142778920236 0.008153954532867578 0
674 0.002501899277126613 0.02249963045806048 0
675 0.01301102559586415 0.029867771664561 0
676 0.01515271894438003 0.02646793232413238 0
677 0.01923593145838971 0.01844571294603433 0
678 0.0009399611268489858 0.02767677011064184 0
679 0.01224443976113822 0.03784863725198599 0
680 0.01459621470632144 0.01231815938038661 0
681 0.01069412012098759 0.01239477445318397 0
682 0.01916412593326703 0.00749678726935687 0
683 0.01354233839118467 0.009771521712532646 0
684 0.01919289633088858 0.03469432008003555 0
685 0.001031333343660986 0.02956013926032739 0
686 0.01645572191014052 0.01212373690387701 0
687 0.01908802912775116 0.003873767490856418 0
688 0.002018160894738318 0.01611983656776509 0
689 0.01296264287410681 0.02253820245637895 0
690 0.009663832446236259 0.0293502732573829 0
691 0.01340406738284335 0.0211185769786146 0
692 0.01909682967908648 0.02587409637154339 0
693 0.003762504136118794 0.02710233038769989 0
694 0.004414497356170569 0.006491025367014559 0
695 0.002717819898207676 0.02057665798833564 0
696 0.007008635912778886 0.03163711444631866 0
697 0.005795738869789715 0.007080257149702538 0
698 0.002794628535064436 0.002466697153769598 0
699 0.0009168025424977251 0.002135155515685525 0
700 0.01900895691998561 0.0204940889067284 0
701 0.01400150734538519 0.03487659276833796 0
702 0.01062359925564544 0.02179930866366527 0
703 0.005378104537551803 0.03346275624303217 0
704 0.0008050109428006866 0.02470757103432655 0
705 0.005204165934423483 0.01391551765979679 0
706 0.004106549704780067 0.03593407584531901 0
707 0.002588332256059764 0.0130286701085428 0
708 0.01707248769062759 0.01003090900538658 0
709 0.01783374810207165 0.02099041397778999 0
710 0.004307955250670627 0.03759186135232169 0
711 0.008060345604023937 0.02778239043264401 0
712 0.01422093552122693 0.01143726810975637 0
713 0.01786652191306605 0.02467792757651545 0
714 0.005708408429459737 0.03925074683497402 0
715 0.004102479350359762 0.0391178768722702 0
716 0.01084289428464432 0.01956220878330989 0
717 0.006438606079921612 0.00393013907308682 0
718 0.007259036451012608 0.004072077176846697 0
719 0.01694380848833513 0.002394724660616011 0
720 0.01445381781767832 0.02137167575709552 0
721 0.01452242524682755 0.02239555115722401 0
722 0.01564883384248771 0.03533154795101551 0
723 0.01085728368337239 0.02264140219004728 0
724 0.01914151954196136 0.03321744300651737 0
725 0.01009929638257576 0.02539355410182084 0
726 0.01509142166610401 0.0319063016184771 0
727 0.006804862889631648 0.0009079817996194631 0
728 0.006101074777633126 0.02462001466850384 0
729 0.01284236227069306 0.0127488447399356 0
730 0.004969675220690205 0.02805772067739173 0
731 0.008978836505792015 0.01119183441495681 0
732 0.01904651627081546 0.01485163239782183 0
733 0.008323025987763202 0.007101816304530559 0
734 0.01192821787815043 0.005043073953909662 0
735 0.004845716882682909 0.03013530574703947 0
736 0.007088468739545049 0.02126362114739722 0
737 0.01589480304151118 0.02107292964096103 0
738 0.006675992084381391 0.00728559268328282 0
739 0.01243940909300015 0.003976699593427811 0
740 0.001808777412590343 0.02928316263383421 0
741 0.008567923842194312 0.01810500917994627 0
742 0.00625269285791622 0.03491816435153696 0
743 0.004263065152395611 0.01087056345679354 0
744 0.01769661482251588 0.02715063463894789 0
745 0.01910102421628151 0.01648984448632312 0
746 0.01689176641432412 0.02030134750653474 0
747 0.00102527455698828 0.01829532491993522 0
748 0.0008351692467481447 0.01553969275543696 0
749 0.007517555591229871 0.02622378521381179 0
750 0.01913462059830364 0.0234586297411269 0
751 0.01409350700713399 0.002268779031934592 0
752 0.0008527886623425334 0.02321551062439365 0
753 0.003962593950659498 0.007557592862326677 0
754 0.01295213028687169 0.03431438823678885 0
755 0.01643739442615778 0.03395753924529935 0
756 0.01477610526194224 0.03580856590204207 0
757 0.01277705633299251 0.0008563886213499815 0
758 0.003037720279029217 0.01014529054545471 0
759 0.008286527764845323 0.005361540478769916 0
760 0.01568797881357996 0.02827632408645779 0
761 0.01446337016525424 0.01045451337130498 0
762 0.0008605956854368865 0.02224295888485932 0
763 0.01410942178704075 0.01308854322433303 0
764 0.0008804062841668361 0.01320043852774742 0
765 0.01185634133423679 0.01583567117814198 0
766 0.007500784806262418 0.002568200046646769 0
767 0.002156462605125999 0.03713580827091194 0
768 0.0008230556721024688 0.03039008707667261 0
769 0.008250133636089688 0.03920908011793582 0
770 0.004404097236348018 0.02385549820914962 0
771 0.001849343996156567 0.02797967970018455 0
772 0.007061562984541567 0.008216461635398065 0
773 0.01795621224833332 0.006710243937652139 0
774 0.006733043690752403 0.03381179481653618 0
775 0.009059902408003848 0.03608257192276261 0
776 0.01326654201718681 0.03626315082710342 0
777 0.01076712716034426 0.003175982159827083 0
778 0.001916252283721623 0.03930503081326831 0
779 0.01569314116676111 0.03452881032908721 0
780 0.01924297180143609 0.02952964186544555 0
781 0.00216112158139143 0.005103297127651434 0
782 0.01485000256718859 0.03691280953507831 0
783 0.01622718781235467 0.03305016689786981 0
784 0.007726610387175911 0.03181708752527767 0
785 0.007354062097552299 0.006669953002589405 0
786 0.01339820503222754 0.02427108666099355 0
787 0.01248473988446459 0.02434535797868454 0
788 0.01315255601819851 0.005759179762331717 0
789 0.009776989956026079 0.00830363668802633 0
790 0.007959070472247167 0.01127968821686721 0
791 0.003244669573256848 0.03572378286388674 0
792 0.008669484202902689 0.03794938648769998 0
793 0.01902511126152708 0.02428957260197675 0
794 0.01928102510239301 0.03642648386772212 0
795 0.006264227454273086 0.02082241771355571 0
796 0.004738783188382238 0.0250886808870771 0
797 0.01545233503872881 0.005566608985774536 0
798 0.01125009790433333 0.03576715311295357 0
799 0.009215529503900316 0.0008761849723450919 0
800 0.009948468288526482 0.02627747391937625 0
801 0.0008380725483399225 0.02067701755136342 0
802 0.01698304150016682 0.003917679257629456 0
803 0.01539199571194736 0.03280383619223717 0
804 0.00306043792392628 0.007527953642417567 0
805 0.006716323363215943 0.02248509309526692 0
806 0.00763295145772371 0.0008297482244668947 0
807 0.005578528946194906 0.01317644777096514 0
808 0.01797633554710799 0.03008047412384273 0
809 0.005049993432788551 0.03249545703746938 0
810 0.01042771437578407 0.02826741463135447 0
811 0.007297351063882972 0.02412162279052898 0
812 0.01168534595537236 0.01891923587457181 0
813 0.01328416991825172 0.01146387299264508 0
814 0.006688855307615903 0.02734669239768111 0
815 0.01918337972688962 0.02196971692348157 0
816 0.005372697806121667 0.0008615538788555588 0
817 0.006688803410491256 0.01312133195128156 0
818 0.01058055364494476 0.01729803033483021 0
819 0.01314384672149098 0.006824876367101213 0
820 0.01553639998752152 0.01350801004196549 0
821 0.008766581180522579 0.02942852807990473 0
822 0.01481288003878632 0.02081847297020596 0
823 0.01783185754737716 0.02547810141912867 0
824 0.01346587680358058 0.03930292013599185 0
825 0.009186391629202579 0.01016519778550398 0
826 0.01433417473359614 0.0254048694840006 0
827 0.006094228245631944 0.03785363872251413 0
828 0.0008297612418916196 0.01175193315854609 0
829 0.0164081523782544 0.01649444729061111 0
830 0.005245440823643434 0.007904646087469082 0
831 0.007186129712319954 0.02328963395777859 0
832 0.007630627049311719 0.03523359398223188 0
833 0.01035650888879566 0.006412632748631641 0
834 0.009778003159218639 0.01349001436375831 0
835 0.01214759773484812 0.02297266311564413 0
836 0.009535109933025003 0.02313730023653923 0
837 0.01299724503874923 0.002311067415054647 0
838 0.003388489617690335 0.0007673132058951607 0
839 0.01830114299646137 0.01232131009444805 0
840 0.01054059252310112 0.03644329866943109 0
841 0.001751149316356591 0.02455942238190657 0
842 0.00342179773724577 0.01846312945588442 0
843 0.01501530300226782 0.003076746993715709 0
844 0.01645446054825912 0.01941034504339903 0
845 0.01807772813281046 0.01565528823078221 0
846 0.0007096436098455797 0.01055024652885034 0
847 0.01809953231162971 0.03328013614092684 0
848 0.01769301284161966 0.03635429136106337 0
849 0.01811749528429026 0.03922012740173984 0
850 0.01639760425545807 0.0299923085481923 0
851 0.004880345794644897 0.03563209145321471 0
852 0.003686352628638589 0.005164345509697849 0
853 0.000800774845582955 0.03373890465757615 0
854 0.01487844546687517 0.01853030698526506 0
855 0.002119282742946753 0.01755383705771009 0
856 0.01793999237613636 0.02837390299143699 0
857 0.008344467128714551 0.00964516801850002 0
858 0.001843756832415212 0.02195960939249813 0
859 0.01133718213380146 0.007899252466755933 0
860 0.008076237722394353 0.001925709383259398 0
861 0.002980614993702957 0.01387704805466862 0
862 0.0166026236896561 0.03923022996653973 0
863 0.01445018227157291 0.02903912942765971 0
864 0.01641462182298528 0.03643554654230534 0
865 0.004470393577221574 0.01711277114537981 0
866 0.01652659134401067 0.0006938618427177468 0
867 0.002632965124813096 0.01515699695675693 0
868 0.003228559572481792 0.0220707525471613 0
869 0.01061521485456562 0.01081404552630855 0
870 0.004122344443590393 0.022650794047493 0
871 0.01806968585569041 0.0006790223029789384 0
872 0.01926689643098894 0.01052708610483885 0
873 0.01593518126028162 0.0106964985117698 0
874 0.01810876806498277 0.03766947452649366 0
875 0.006489181267252975 0.03640694274248389 0
876 0.001670704006208138 0.0119046658816935 0
877 0.01754828021946763 0.01839780696189638 0
878 0.006084769349708963 0.02858611263671517 0
879 0.001750791988758525 0.01944262648276237 0
880 0.005060517329899909 0.01658426816560142 0
881 0.0193418481194131 0.01285977960878786 0
882 0.01489497467575327 0.01685186928924313 0
883 0.002712524968082761 0.02326376875162125 0
884 0.01319100528474623 0.03777472219840888 0
885 0.01421328520268117 0.03820389704869948 0
886 0.0006064035879396173 0.03639205442280398 0
887 0.01081627662534135 0.0349193098810754 0
888 0.0162238384138631 0.006923450957045402 0
889 0.00569069871490824 0.02334122820342955 0
890 0.0006376936607041996 0.02559784184399988 0
891 0.0117972160141365 0.03414333184362141 0
892 0.00807763670003692 0.03419286389723361 0
893 0.01022843773812215 0.002143212781713064 0
894 0.01832926815694352 0.02216559040149634 0
895 0.002791085840357989 0.03168232723341419 0
896 0.00263882448094899 0.01877267034501412 0
897 0.01223153085832136 0.009284305786148693 0
898 0.0007713275320112879 0.005859337284013963 0
899 0.004029077207119629 0.01985581027160565 0
900 0.008211569809043504 0.02041880436669906 0
901 0.01930239343825191 0.02783969937891644 0
902 0.01124557317469465 0.0297961237742746 0
903 0.008366607043281755 0.02215963253771672 0
904 0.001939282935197281 0.0006700367442516418 0
905 0.0007944440616054812 0.02681027488312671 0
906 0.01583389499846422 0.03135554356778597 0
907 0.01118509151004596 0.02530334761907789 0
908 0.001934247921519052 0.02103348238128429 0
909 0.009762464443189333 0.01903800098953957 0
910 0.009342255130488459 0.01972741274581758 0
911 0.0143809386132884 0.03355884847494355 0
912 0.00749170678192407 0.004965642975188481 0
913 0.00378097512224198 0.01523365965112477 0
914 0.01316611381751585 0.010217932864503 0
915 0.004515480866465367 0.0286595668966793 0
916 0.01922444866949147 0.005863263254897817 0
917 0.01931011557546638 0.008266012009615319 0
918 0.01045253325319322 0.0007106135287473954 0
919 0.002016242236338542 0.03111032387376202 0
920 0.01670837010048785 0.01374142220105586 0
921 0.01153494491092591 0.02438718773821071 0
922 0.01920927734699542 0.03213808272297433 0
923 0.009932001060319823 0.02995845159308982 0
924 0.003188108529504063 0.0122871259746566 0
925 0.01685404212422924 0.02265109369632641 0
926 0.01563674253739721 0.03823475858817094 0
927 0.001835384856951373 0.02353274765455059 0
928 0.003131422387047775 0.01734309154742352 0
929 0.01033820712261864 0.01589539532697885 0
930 0.00192113770615375 0.006387481493761728 0
931 0.002245602346380174 0.009137299106470431 0
932 0.0005847818234235597 0.009071593461875957 0
933 0.01799287998742918 0.005299012963703239 0
934 0.003247967492254283 0.03938082318629439 0
935 0.01700911571498666 0.02192856907162582 0
936 0.002636995918848747 0.004008034526208806 0
937 0.003774807844428717 0.03006395932999104 0
938 0.008242003539628321 0.01596951395251368 0
939 0.000583833643257748 0.01980606530039255 0
940 0.01354979468940467 0.01891265621368751 0
941 0.0007927514722139376 0.007204313332776477 0
942 0.01928332414213768 0.01149780017914687 0
943 0.009334871788465607 0.01199448326630377 0
944 0.01400832135536349 0.01976881980095393 0
945 0.0007411220809710461 0.03832243821972785 0
946 0.01218680741147834 0.003180066798252477 0
947 0.0006577741920078418 0.03503254799994813 0
948 0.006527669077751572 0.0393630841835171 0
949 0.01930308456483691 0.0006983563134288495 0
950 0.006983125934043099 0.01738125869218819 0
951 0.001568197769286782 0.01046787260055854 0
952 0.005906030417574861 0.01940815740570472 0
953 0.01488102660306758 0.008806220926674699 0
954 0.01543095416747674 0.009402084047483446 0
955 0.01234026873973403 0.00567020656171646 0
956 0.001744083391114655 0.01682601154258461 0
957 0.003967257494814237 0.02334579845996097 0
958 0.005548982496131512 0.02143961945183773 0
959 0.003778289295254189 0.03318843451854697 0
960 0.01179670734953498 0.0007299680522802124 0
961 0.01705880610064708 0.01286887003520996 0
962 0.008559297169214469 0.02337920881596027 0
963 0.005350240917798499 0.03703790342303327 0
964 0.01191619133583699 0.006818942110726006 0
965 0.0007421333568332911 0.01685186019427968 0
966 0.01342352472000199 0.02571798913590296 0
967 0.00468506515142348 0.009689534274225621 0
968 0.01362698810304016 0.0006643245172398005 0
969 0.004181120092951257 0.001811317284331523 0
970 0.01805867856995374 0.02292481034538731 0
971 0.009595638242938928 0.0392661103347849 0
972 0.005687037094622739 0.002201585300529801 0
973 0.005899627187220381 0.004569215664335217 0
974 0.006509691668792727 0.03238413969024267 0
975 0.01217345586483916 0.03285279281973921 0
976 0.01815631299650712 0.03181666879931738 0
977 0.009349812311808916 0.03361660535556835 0
978 0.009012298425942703 0.02756347211056309 0
979 0.008155459354046003 0.01896380012783008 0
980 0.0181676350029716 0.01374450721090681 0
981 0.0192921723120718 0.03407016875739038 0
982 0.01056293482107738 0.01477657614740614 0
983 0.01071181871350685 0.003860693842008055 0
984 0.01806407269304759 0.003418646066234616 0
985 0.003324530269311125 0.02129119528211091 0
986 0.01230039626109918 0.0352906705972533 0
987 0.01936706525319632 0.01765647357175116 0
988 0.0007297453991916454 0.000730277140483529 0
989 0.0006330844087387259 0.00347467590508347 0
990 0.01629680128936888 0.008983448854006234 0
991 0.002757867342442278 0.02665701246466486 0
992 0.002220297774060132 0.03359009052932577 0
993 0.01712161304608554 0.01694874347017716 0
994 0.01302133884517295 0.02915793191980637 0
995 0.01246041750725709 0.02936946656191261 0
996 0.01567819470950466 0.01139370456884303 0
997 0.003274615587848087 0.01987871338159882 0
998 0.005548771262822586 0.03847373053162062 0
999 0.01323421081088984 0.0336422106376011 0
1000 0.01929043019324959 0.03089671235946462 0
1001 0.005830745741722354 0.01812008530070834 0
1002 0.001654250720655486 0.03597448317215768 0
1003 0.01932271469555092 0.03830324913712528 0
1004 0.006487280180979459 0.02970263905389508 0
1005 0.007682286550145551 0.02915244331376139 0
1006 0.009285544136266175 0.01655585673880623 0
1007 0.01819152455828093 0.01781989689911379 0
1008 0.006309709934112583 0.00543122181068792 0
1009 0.00348707228921874 0.01080224986160139 0
1010 0.01688319769130039 0.0239916735805852 0
1011 0.003742992222531749 0.01386614368377688 0
1012 0.006349985775299449 0.009941228802225371 0
1013 0.009723980591928581 0.007540719129450859 0
1014 0.002981855190792176 0.006310189161665827 0
1015 0.01106675849566078 0.009001176199976188 0
1016 0.0007998731117045601 0.03300863883678842 0
1017 0.009205969281940276 0.03694802819009486 0
1018 0.00768043313978238 0.008384874716611711 0
1019 0.004376756256873883 0.03843575567379464 0
1020 0.01175776728855036 0.001974300805945673 0
1021 0.01217029421424763 0.03681945613898469 0
1022 0.0178717397443393 0.00892595384180481 0
1023 0.01504111054183421 0.0393467772179871 0
1024 0.01823615720316138 0.0359298908239484 0
1025 0.003418543642741049 0.002957055241619325 0
1026 0.0129909446936722 0.03136152830850186 0
1027 0.006468282597869135 0.01496253419773049 0
1028 0.01290579852403969 0.02799975116702035 0
1029 0.01431434572886457 0.02792616712484633 0
1030 0.015734210975372 0.001792878383661975 0
1031 0.005746322770559349 0.008612122778106312 0
1032 0.003699365095932946 0.03167445708856548 0
1033 0.006742648333885434 0.03734932698201619 0
1034 0.01781228578263314 0.01293445665107094 0
1035 0.01148329829379572 0.03048764851186957 0
1036 0.004879311487186941 0.0157288673855294 0
1037 0.01558524074592436 0.02583860252012198 0
1038 0.01414858047474473 0.01834981416666421 0
1039 0.01222486385981073 0.01326650518678003 0
1040 0.01006923475668344 0.03795832614078821 0
1041 0.01809930821033916 0.01955497785780519 0
1042 0.005055363469922762 0.004737326682861583 0
1043 0.01252564872031099 0.01997766713007128 0
1044 0.005706733091535966 0.03066953663272352 0
1045 0.01386343065312727 0.01758942656447591 0
1046 0.007592981688113741 0.02182302910331435 0
1047 0.007426496425541496 0.01921056098916698 0
1048 0.01234324276871134 0.03458797030867224 0
1049 0.01621700125104854 0.02695523920778862 0
1050 0.01175286682181153 0.03161850662121778 0
1051 0.0006534036654628102 0.03173361802147322 0
1052 0.007499772343452797 0.01585486230872563 0
1053 0.01423498010885773 0.03189080179698314 0
1054 0.01805411852636655 0.001471158628921481 0
1055 0.006571000105807369 0.01186245445348788 0
1056 0.01190607484972869 0.011861640458082 0
1057 0.003578675700577553 0.03726980216014483 0
1058 0.005169244441391624 0.02948978783375862 0
1059 0.01089940318063407 0.01405023475867685 0
1060 0.009820869266422654 0.02050026740213319 0
1061 0.01789752284117169 0.0115076355805012 0
1062 0.005113786926192068 0.03171262644582917 0
1063 0.01928653548194308 0.009150744662320765 0
1064 0.01252112713162489 0.02557179903192184 0
1065 0.01705160632667233 0.01142638204391094 0
1066 0.01132190640202418 0.01272875877319085 0
1067 0.01510675723351492 0.02778778012329353 0
1068 0.01716353162798436 0.0352058525441942 0
1069 0.00779677921438782 0.01250911541403106 0
1070 0.005163204370651506 0.02626142271865794 0
1071 0.01321841530901532 0.02046090169445514 0
1072 0.01159571769923669 0.03737637949867137 0
1073 0.01397183450060485 0.02707535920964045 0
1074 0.01209071345303812 0.02799747739139562 0
1075 0.01927294341176384 0.00667271452631015 0
1076 0.01181048103275572 0.01500176319080725 0
1077 0.01273675273246857 0.01199409484128936 0
1078 0.0006637104596150193 0.01388711421665555 0
1079 0.003569018425867599 0.02940869912215355 0
1080 0.003455517862308129 0.02784953794955478 0
1081 0.0006783405595213159 0.005067395599295019 0
1082 0.01526445655855837 0.02897030014993401 0
1083 0.008466636465010476 0.03188355700643206 0
1084 0.006591875781744026 0.01078771422254377 0
1085 0.01543072063273416 0.01737238256756146 0
1086 0.001723633408595 0.0143739816326109 0
1087 0.0184385840730407 0.01033037816697809 0
1088 0.01081493447540111 0.005535387360466449 0
1089 0.01395155783999597 0.03562553016856347 0
1090 0.01562417952519244 0.02335694679231249 0
1091 0.0005567306193222689 0.002712339175807106 0
1092 0.01019127820679429 0.004886410823090912 0
1093 0.004173999886051361 0.02110356952316959 0
1094 0.01467617052922869 0.01383630336680078 0
1095 0.005371587931064341 0.01064299787416106 0
1096 0.006865887060553697 0.01379580228764741 0
1097 0.01319086925082608 0.01750839473513071 0
1098 0.01615648300308813 0.01520164172158377 0
1099 0.01678849066215062 0.005429380839042297 0
1100 0.01668447575942059 0.03171097679813174 0
1101 0.002709969579528459 0.03825495956930363 0
1102 0.01143484480329448 0.002740703742535062 0
1103 0.004476202204613504 0.01183747608452129 0
1104 0.006114389635564795 0.0258870149517859 0
1105 0.01492276826352379 0.02449573585282589 0
1106 0.01193637551239127 0.03932055011048179 0
1107 0.001910939169993251 0.003401513941723219 0
1108 0.01592295250206833 0.01592071713646243 0
1109 0.007651687060933358 0.01001481272054 0
1110 0.01361400350815811 0.002756688574440135 0
1111 0.009641751064827423 0.0146750705411699 0
1112 0.01943221188789053 0.002792053756662985 0
1113 0.00469415347480557 0.0273233369391026 0
1114 0.01365526869098885 0.03005526365273057 0
1115 0.01616642731939528 0.004410438163370408 0
1116 0.00465857266954067 0.01781169771012902 0
1117 0.01268236248112536 0.03939935098088104 0
1118 0.008980075765271867 0.001562592759372136 0
1119 0.01807893069314633 0.03447759293747018 0
1120 0.01395689179603666 0.006917150453682368 0
1121 0.007235474466194108 0.01518233321372311 0
1122 0.001670323914351082 0.008008844374813652 0
1123 0.01285238697907128 0.03835930091720675 0
1124 0.001731942197154142 0.03254175787995913 0
1125 0.01398640799548683 0.02388145584430359 0
1126 0.01663546960196149 0.003103844260920682 0
1127 0.01651601383856826 0.02847432149025633 0
1128 0.005504242744451694 0.009951128780931805 0
1129 0.006858629579985629 0.03316152125037236 0
1130 0.005871958212441093 0.0292854568546747 0
1131 0.003877686851200271 0.02640791751705638 0
1132 0.002004409910982361 0.001426854812390736 0
1133 0.007493136965716471 0.01075636548438587 0
1134 0.009453202389071946 0.006245461820990721 0
1135 0.0005870100362310622 0.0177202165018105 0
1136 0.01554734824390467 0.02972305963629388 0
1137 0.01028106710644564 0.03375495279998167 0
1138 0.01287277296280671 0.01832609317193195 0
1139 0.01416183614179145 0.003864856914341644 0
1140 0.01518992770283891 0.01608442355433131 0
1141 0.01834286476072117 0.02062810045282393 0
1142 0.01083652892350488 0.02399820552109091 0
1143 0.007892706038632338 0.0367603981802893 0
1144 0.01035199186753871 0.03941731459561731 0
1145 0.01069609073279716 0.01805904056330442 0
1146 0.01284268735781977 0.01077030436052341 0
1147 0.01365928227577417 0.008275632987832182 0
1148 0.01753207671335965 0.007553343169432666 0
1149 0.01715096789927566 0.01419309247347473 0
1150 0.01178990653435808 0.02049174199249875 0
1151 0.006018622149463073 0.000611524913408705 0
1152 0.01066467811234289 0.0274699541327338 0
1153 0.003196239579861964 0.03050819626649975 0
1154 0.0085476951621871 0.02407453985240285 0
1155 0.01929059538549184 0.02119876976122661 0
1156 0.0171508296311317 0.001698867136195954 0
1157 0.0006387766835607139 0.03934898704477361 0
1158 0.001857985803593436 0.01264341359968216 0
1159 0.01276228323424845 0.001645496596803527 0
1160 0.01940930145496434 0.01545524957473197 0
1161 0.01544024909676757 0.02053417545670762 0
1162 0.0005873427289862995 0.02150521607508806 0
1163 0.01393094131577642 0.03118108700490711 0
1164 0.009036459016588741 0.01259302580257165 0
1165 0.00295315914887857 0.005440628847987527 0
1166 0.009162546269275908 0.02879592185464638 0
1167 0.003218711223544108 0.02457317255544165 0
1168 0.01465995188880821 0.02305904357185977 0
1169 0.01638414236942392 0.03566288258785794 0
1170 0.01076399569825328 0.01648176514944015 0
1171 0.01108366316177762 0.02865834680594745 0
1172 0.005793120411528123 0.01681872354564465 0
1173 0.006332024002126184 0.01431292049860936 0
1174 0.01768668475884697 0.02411075508504526 0
1175 0.01670035969170402 0.03770732196553386 0
1176 0.01373935965690455 0.004531041120324758 0
1177 0.009257054719763661 0.002762782937036971 0
1178 0.01423707414105548 0.03945706482123879 0
1179 0.01493617295264013 0.004945370887856605 0
1180 0.00828916855744188 0.007959632667789596 0
1181 0.009563319880903646 0.03838488657673417 0
1182 0.01939663701477329 0.01925335897544742 0
1183 0.005119334171073677 0.002697040224377979 0
1184 0.01208757716864091 0.01696237378070328 0
1185 0.006378163705556503 0.03039245393669875 0
1186 0.003412485117810846 0.02555916927926414 0
1187 0.01946804014139254 0.03021182361664672 0
1188 0.002396695457284986 0.007782518249135036 0
1189 0.006627879802322397 0.02818857358104616 0
1190 0.01211728211907824 0.0237492333823729 0
1191 0.01046535943331069 0.009604971755610387 0
1192 0.009524649141765762 0.00211175781166523 0
1193 0.009393939305485179 0.03105113865961543 0
1194 0.004185947736290113 0.01316793753414106 0
1195 0.01793788081184626 0.01704066814125887 0
1196 0.00158346968891564 0.03390993157822866 0
1197 0.01930192329040526 0.004572461088757675 0
1198 0.008726402278399773 0.02096711970342382 0
1199 0.01498457879557456 0.01489110579406307 0
1200 0.01474769963378473 0.01555556194192387 0
1201 0.009454728309808695 0.01838799636783486 0
1202 0.007982999171673937 0.006307183574236562 0
1203 0.01023698714173331 0.02419309211981665 0
1204 0.003537618602984078 0.004256913594920517 0
1205 0.001690200646406053 0.005802339203397171 0
1206 0.01153469750425672 0.02590319714749621 0
1207 0.01945567565576155 0.01991456748967442 0
1208 0.01871395305747412 0.008110102173168661 0
1209 0.006837172431749143 0.02469515049862951 0
1210 0.007558015920556608 0.02067344604707268 0
1211 0.01018016096484171 0.03484863027945265 0
1212 0.01838179175797466 0.01640184094447426 0
1213 0.009107257828701703 0.007059567838948278 0
1214 0.002893539374752443 0.001667262127791828 0
1215 0.01573790328889438 0.003215118807213407 0
1216 0.0006790788797248395 0.001442158176781179 0
1217 0.0143717284036003 0.006266725711514034 0
1218 0.0005658994841203531 0.01240724133095722 0
1219 0.01544124712115877 0.01285206871765882 0
1220 0.001432384176170538 0.03812132832096644 0
1221 0.004401250323883413 0.03127008044379416 0
1222 0.01186892660518007 0.004360917090639779 0
1223 0.009670401938520862 0.01588735264303757 0
1224 0.01941462191354108 0.02288786050009324 0
1225 0.007207227122023048 0.03833362602861754 0
1226 0.00145816902702363 0.03509679395945061 0
1227 0.006688912188593946 0.001505160122407388 0
1228 0.009645863905625048 0.01077483470990188 0
1229 0.01934622206641821 0.001530095376649505 0
1230 0.002514980340657696 0.02931931345329396 0
1231 0.004860710117227979 0.0145423127630996 0
1232 0.005709762101362372 0.005889539139581748 0
1233 0.005198680247179907 0.01512599275413943 0
1234 0.006923469552038559 0.01867870772806709 0
1235 0.01357840036636745 0.03691224864156022 0
1236 0.01491201543758969 0.03023852294623234 0
1237 0.002993031177261164 0.01158105885919169 0
1238 0.003548830095372864 0.03449284270629523 0
1239 0.01573754108676174 0.01470834269335093 0
1240 0.00164373010532244 0.01811844055576087 0
1241 0.004341218577037845 0.03052793123360676 0
1242 0.001516329967462841 0.004675925918652768 0
1243 0.008541786488673247 0.03031078145936597 0
1244 0.01216262934026702 0.008066979704501345 0
1245 0.01829759911724342 0.005893315818160392 0
1246 0.01069494699469389 0.001505093265126777 0
1247 0.01333086655873972 0.01399201363445392 0
1248 0.006515231235622396 0.02002540285319364 0
1249 0.007053467449141245 0.02672079527330426 0
1250 0.01847210215787994 0.03089946487389994 0
1251 0.002433477791578901 0.0303368503698226 0
1252 0.005076358051004983 0.005618071097872029 0
1253 0.007527679459511024 0.0284601590403002 0
1254 0.001381699136667157 0.03176788312046844 0
1255 0.01774095042396804 0.02169620408659699 0
1256 0.004120016696281662 0.01454881143867994 0
1257 0.005143951509651589 0.01822985184202548 0
1258 0.01497156015176474 0.0006567278088804689 0
1259 0.008848662583602562 0.004370173746269614 0
1260 0.004276699953095701 0.01566840657889824 0
1261 0.00434226600704981 0.01918635330409297 0
1262 0.005341648675400955 0.001495396035824121 0
1263 0.01380183672803743 0.01451103321391136 0
1264 0.001294163882700676 0.003776368224895695 0
1265 0.008056888775527715 0.03293999398061909 0
1266 0.01007345941474315 0.01214270087222344 0
1267 0.0005915254816882126 0.02913232840566683 0
1268 0.002733938445179958 0.01625106394557725 0
1269 0.0006400119236865589 0.03715252009866785 0
1270 0.0126970099288306 0.03047580436402848 0
1271 0.008651147350368683 0.01537458036552304 0
1272 0.008766070664445669 0.03300915758674989 0
1273 0.001475631244605678 0.02638181830689217 0
1274 0.008118701596629221 0.01700869885692786 0
1275 0.01297914133990517 0.009581443681168748 0
1276 0.01843419611632704 0.002399502094379006 0
1277 0.01857065237486727 0.006960303732534107 0
1278 0.01258014549991514 0.02686322671324417 0
1279 0.004746330731686021 0.02163966548881574 0
1280 0.0159433600774105 0.00814158559931959 0
1281 0.004142396806467681 0.03254212381574487 0
1282 0.005504721420634631 0.02492688295250251 0
1283 0.01493387932845499 0.01932994751750836 0
1284 0.01443932364308918 0.001737479139029587 0
1285 0.004760146436884218 0.02581757171428081 0
1286 0.01841029463887423 0.02690231953184072 0
1287 0.01363907232305438 0.01513105472501841 0
1288 0.004492292978949359 0.02044103301622272 0
1289 0.01509654069924931 0.03853332293370937 0
1290 0.007356173955366309 0.02732919679520969 0
1291 0.002236126571397257 0.02534059252661468 0
1292 0.01688883604720141 0.01781970052186434 0
1293 0.01947008639129551 0.02532417091147905 0
1294 0.007552523066458719 0.01402289416950986 0
1295 0.008847715440719441 0.03947044264364141 0
1296 0.008146506971410788 0.03482454586790772 0
1297 0.01042923408796113 0.0314679509811813 0
1298 0.009769567047944658 0.0005802012219726649 0
1299 0.0005338185469861943 0.02391843328865489 0
1300 0.008539420822957803 0.01654453389096455 0
1301 0.01604176724144006 0.01396363520987919 0
1302 0.009870956963902239 0.0371617559051519 0
1303 0.01429889435147204 0.02976611760888332 0
1304 0.01685723921075391 0.004681445306852255 0
1305 0.005169456663574099 0.02033030823781276 0
1306 0.006221636702369795 0.03559927530546418 0
1307 0.005976208859357734 0.0270977745426476 0
1308 0.0005527645982236987 0.006570048582368246 0
1309 0.01942876822996559 0.03942560150197565 0
1310 0.008264270823416332 0.002569437698711374 0
1311 0.007055993706120745 0.01650966411442409 0
1312 0.005106083978242218 0.01909040996802026 0
1313 0.0166354495442893 0.01056548789826993 0
1314 0.002615067649744117 0.03544497414731927 0
1315 0.01077439044055288 0.00839843366092227 0
1316 0.008665137649944726 0.0005573622301272771 0
1317 0.01741662480256381 0.02638521419381394 0
1318 0.01029993888097218 0.00714266783247711 0
1319 0.01945254223456868 0.003355388159790425 0
1320 0.009749786539339007 0.03585727562368309 0
1321 0.01300309283320081 0.03233719781102017 0
1322 0.01600965338070991 0.01857935730456874 0
1323 0.01562139101319025 0.03702178866626259 0
1324 0.0101245827930489 0.003567842748798632 0
1325 0.002801283048947093 0.02808420467055175 0
1326 0.0005385868513059881 0.01609543433245724 0
1327 0.01416029719211372 0.01692401783923148 0
1328 0.01556403343335319 0.01977100516921835 0
1329 0.007362479482665446 0.02545684239109239 0
1330 0.005769958031935784 0.02641428644537823 0
1331 0.01784548888629747 0.03387919927406784 0
1332 0.002815926628519869 0.03687851699084613 0
1333 0.01167941042408337 0.01124383178786204 0
1334 0.009850416708838001 0.02758926488730746 0
1335 0.01449201424089646 0.01444631704304343 0
1336 0.01943758339060876 0.02708768506317845 0
1337 0.01503817429320449 0.006224738357919521 0
1338 0.017010605377497 0.01621030147500739 0
1339 0.008419636235968949 0.03615874293778842 0
1340 0.0062479973048359 0.01620105770786344 0
1341 0.01337585062693221 0.01320794874062429 0
1342 0.009627757150444036 0.01721949302722066 0
1343 0.0006492851249652043 0.02825815392539072 0
1344 0.01163860281803803 0.009995122045325665 0
1345 0.01327611643626357 0.0285578651331145 0
1346 0.01842844906802497 0.01512965918973555 0
1347 0.0069902662974842 0.03493940237932601 0
1348 0.01601297527962868 0.02272090866847818 0
1349 0.0127538322630977 0.01585123988883381 0
1350 0.001554855848937839 0.0023650922491339 0
1351 0.01764033439916481 0.003763056101034661 0
1352 0.008214378895483274 0.02279675700323281 0
1353 0.009956578041711558 0.02876363480998553 0
1354 0.01105931776079297 0.01857023607884888 0
1355 0.0005122251485334319 0.03096001311616585 0
1356 0.005732475852514807 0.03136195097911782 0
1357 0.01865672520453873 0.004378799993987558 0
1358 0.01764770074314397 0.03271788175712848 0
1359 0.0102564003390501 0.01293675659999964 0
1360 0.01722156352849106 0.0305650481490659 0
1361 0.00930689138054693 0.0222562228220688 0
1362 0.004937046204552809 0.03944092311143861 0
1363 0.01940128687701481 0.03527123719397902 0
1364 0.01064125257140722 0.02668634685979432 0
1365 0.01294920234832577 0.007395999577468558 0
1366 0.009155650597739767 0.01778121862476136 0
1367 0.01788421135071362 0.00277322855147057 0
1368 0.01729657950148138 0.000536367239920052 0
1369 0.008473233903439417 0.003754164103099401 0
1370 0.004765359838663266 0.03492503377637957 0
1371 0.01500442190818846 0.01169814183072334 0
1372 0.01382957989494237 0.01634584172733437 0
1373 0.01863050678388372 0.03511111555781793 0
1374 0.007537127482629417 0.03039818888297757 0
1375 0.00875734305298265 0.02623430626433901 0
1376 0.004234334432906466 0.0005365481701775227 0
1377 0.00701338990722091 0.03078883645591864 0
1378 0.005727736801499584 0.03268608124138597 0
1379 0.00525898692510034 0.003448873863851371 0
1380 0.005072611431236635 0.03623641953959158 0
1381 0.01683299904819294 0.0324696929246911 0
1382 0.01846732673595382 0.02575200914087374 0
1383 0.002215991053084846 0.01818080473285084 0
1384 0.01845692711198136 0.02444796877175435 0
1385 0.006688539363600248 0.03444007066899966 0
1386 0.01944002413523144 0.01701708532934638 0
1387 0.001279477589235509 0.0005235642702769855 0
1388 0.01860715808174779 0.0232300377651041 0
1389 0.01206098392860366 0.01069895821531264 0
1390 0.007005746445264854 0.02191793881896464 0
1391 0.01578009261679261 0.03952223718755631 0
1392 0.008760722470092002 0.0373382695391517 0
1393 0.01280389826834756 0.01697627574664304 0
1394 0.019445914990455 0.02641073232982015 0
1395 0.01056711364582841 0.03083679388237449 0
1396 0.008360004363189306 0.01482150037250669 0
1397 0.01373102608292033 0.003398336472727029 0
1398 0.007477302359806952 0.01185156281295285 0
1399 0.006876585623659328 0.006034092913460957 0
1400 0.01858551445497823 0.02969127578771408 0
1401 0.008963945374442896 0.03241189142143264 0
1402 0.01731459116352885 0.01555185330888157 0
1403 0.01939142286125941 0.03709133860960009 0
1404 0.00723750006482151 0.03628822448445702 0
1405 0.009588267235730204 0.03225911566533017 0
1406 0.002353288295815688 0.02721629460495869 0
1407 0.01844516297778672 0.02011212857988538 0
1408 0.007458307777985356 0.003377334903276671 0
1409 0.01257370179384177 0.006915513499076974 0
1410 0.00591289299084684 0.01538322442220604 0
1411 0.01520979964534693 0.02710882394648962 0
1412 0.01183886907456477 0.0175578464320791 0
1413 0.002695351724064475 0.0004955925079238518 0
1414 0.008622627777253979 0.01969848002765942 0
1415 0.01739680445572072 0.006463975284102684 0
1416 0.01479796259894864 0.02591582634875979 0
1417 0.0157723476164373 0.0005332345691398677 0
1418 0.01869596341169429 0.01903484899526184 0
1419 0.01513061746271847 0.03103440818941516 0
1420 0.001428530370852218 0.01297778248273869 0
1421 0.004249189627723213 0.003837240913722645 0
1422 0.001610777102106001 0.006949352276969707 0
1423 0.001498559713531307 0.03734797824096057 0
1424 0.004903156419795565 0.03807720550096533 0
1425 0.01729672296822601 0.03954347269430517 0
1426 0.01058157687552612 0.01162922634755062 0
1427 0.01197834020847664 0.02724453712815884 0
1428 0.01239474918171843 0.008613173645718487 0
1429 0.002951225265268448 0.03301769666706256 0
1430 0.0005245121086676734 0.00977531750289113 0
1431 0.008277251439038218 0.02513226901241344 0
1432 0.00729214925853845 0.01807985811503016 0
1433 0.0123609276324032 0.02236936010111076 0
1434 0.01532619939928812 0.006921588682471195 0
1435 0.01492826695502492 0.007508991347716595 0
1436 0.01190429316582964 0.03568230462901443 0
1437 0.003777352461847324 0.01611186751085561 0
1438 0.01061263033637699 0.01539323150055556 0
1439 0.01668047288218861 0.007469418777807959 0
1440 0.002339928658659647 0.01374025839940186 0
1441 0.0175429168262821 0.02940948833840757 0
1442 0.00559837150609245 0.02820825575612801 0
1443 0.01057215683303674 0.02102003381203194 0
1444 0.002632178392771599 0.03952168489847419 0
1445 0.01342230999797161 0.02310687178397578 0
1446 0.0129894024883041 0.01520991849298137 0
1447 0.002081231450699834 0.01128464060713036 0
1448 0.009761268833143094 0.03163561112395233 0
1449 0.004619632430114868 0.008900477406139671 0
1450 0.01736122122583597 0.01981273055397966 0
1451 0.0139262877295079 0.03890159752737903 0
1452 0.01500390299852739 0.03333416817757663 0
1453 0.00792015092214673 0.01822266107926201 0
1454 0.00614534590844301 0.01746671275107795 0
1455 0.01510677211441356 0.004237997442351593 0
1456 0.01438989719900361 0.03426298116604133 0
1457 0.005004950635856692 0.02379247555624767 0
1458 0.0005005426485693697 0.03242969476377426 0
1459 0.01441093974505659 0.0353044790445832 0
1460 0.01765655719667804 0.02783268060894529 0
1461 0.01299626505683978 0.03888736316364512 0
1462 0.0130993383512431 0.02726871181483406 0
1463 0.004083439854202325 0.003106806205174579 0
1464 0.01420202590108537 0.007536618587926463 0
1465 0.0005406186856489782 0.01122391727199482 0
1466 0.01945754086522954 0.005169130412338512 0
1467 0.01430411861494246 0.005057191090137001 0
1468 0.01465734421850124 0.002502645385634061 0
1469 0.01645947947021304 0.02583875423265983 0
1470 0.01625521501913378 0.01792680049367854 0
1471 0.004003554800023812 0.03679178933077438 0
1472 0.01634633969992228 0.02772327100657953 0
1473 0.01684042573996911 0.02925721887564451 0
1474 0.01377023395347069 0.03240434710771665 0
1475 0.01214457333132769 0.02126364125337566 0
1476 0.01211091393904149 0.01821251766988578 0
1477 0.01409370788694336 0.01568608296506147 0
1478 0.01063832618611738 0.03823290975539431 0
1479 0.01381947478816227 0.03320355172582414 0
1480 0.003687249752269026 0.03522811009585435 0
1481 0.01115508737126471 0.000473479758782272 0
1482 0.004010816000304646 0.008433880579410703 0
1483 0.009722021398503087 0.02388289059023493 0
1484 0.006179842717661086 0.003306063186846269 0
1485 0.0005339335690339314 0.03428043866568622 0
1486 0.002776448436765775 0.02585867536978716 0
1487 0.01154851050450617 0.009310420780933117 0
1488 0.01844911413370027 0.009426315939427036 0
1489 0.008829345657020773 0.02822470225896708 0
1490 0.008249561359562516 0.01375666812560748 0
1491 0.006338845753864225 0.03171597670751172 0
1492 0.006257623122521623 0.01876525429047281 0
1493 0.01009248036515663 0.01839251158035519 0
1494 0.007035375461746388 0.009565275412898311 0
1495 0.002860033039589507 0.008094603659766067 0
1496 0.003107493177131339 0.008671710512075074 0
1497 0.01882563981472312 0.03954116810502313 0
1498 0.01168765287575635 0.03865375746902955 0
1499 0.002476058908098202 0.02469841417541389 0
1500 0.01199703277005334 0.006196059280025803 0
1501 0.00900863395109071 0.005648126703361595 0
1502 0.0129795955756158 0.004250177625973989 0
1503 0.01282654854612803 0.01420164622694676 0
1504 0.004482481566400845 0.01032670705952361 0
1505 0.009203518792966572 0.01310650237887839 0
1506 0.01880394655475266 0.01794982000967921 0
1507 0.005949963642440586 0.02529445332826701 0
1508 0.01861294164644478 0.01171844283835475 0
1509 0.009385374790429264 0.01529641378117495 0
1510 0.002321829183967821 0.03492503522271458 0
1511 0.01566148787652848 0.02196208882198573 0
1512 0.006478355002749314 0.02311292988893772 0
1513 0.001624940761951719 0.009627627251897319 0
1514 0.004538312598004303 0.02445268184021225 0
1515 0.005762274746792917 0.01208140026463841 0
1516 0.005823187189465834 0.02216901800897876 0
1517 0.01070163275574472 0.03247125197279784 0
1518 0.01152675412791417 0.0228356580534791 0
1519 0.01676690529177626 0.01516429896443138 0
1520 0.008033089107317311 0.02442513919448584 0
1521 0.01948498686817922 0.0159929743493695 0
1522 0.001197383598997539 0.03950263931949968 0
1523 0.0004588725469753755 0.02623149281198076 0
1524 0.001997353787178613 0.03856000099453252 0
1525 0.01942739465992428 0.03267485015993549 0
1526 0.001813488985859844 0.02862910753510943 0
1527 0.01953358739891842 0.02395932580685826 0
1528 0.0167555574055767 0.02522558270821808 0
1529 0.0005022298525186597 0.01854838440148868 0
1530 0.01951376818414913 0.02470091772296997 0
1531 0.002704653149466954 0.03434910908177142 0
1532 0.00886139402123028 0.01431945763130157 0
1533 0.007373186336176346 0.01995359359334267 0
1534 0.0163915643564378 0.02152538130822889 0
1535 0.009917237353959224 0.03321156038142196 0
1536 0.003232885518027502 0.03114197647018843 0
1537 0.01230797892825502 0.0139206941554125 0
1538 0.008496381070683205 0.03859616718040312 0
1539 0.004823846251775808 0.01069874595808724 0
1540 0.0194536428791592 0.01434261727783631 0
1541 0.005370955666281065 0.02266740207828014 0
1542 0.01006200694019597 0.03266793436375648 0
1543 0.01732607874491651 0.02515743073585314 0
1544 0.0004649192007986427 0.03881661626175112 0
1545 0.005721577191460892 0.03656016972556213 0
1546 0.01388999379498023 0.02262259598817737 0
1547 0.01225373008307377 0.01934890449894831 0
1548 0.01281196608604495 0.03308311101473216 0
1549 0.01868567212312527 0.02631656480472317 0
1550 0.01425492707377592 0.0004719175310432429 0
1551 0.01312961581477015 0.01640163583248768 0
1552 0.001439620019728204 0.01564333258915108 0
1553 0.01615338684960674 0.005731389918419974 0
1554 0.004730163900490213 0.02238054383878758 0
1555 0.005899321979625817 0.009430189415724412 0
1556 0.01113879408079822 0.006374142523371963 0
1557 0.0156919019447533 0.003988723766642867 0
1558 0.01175533117635205 0.007450879616498523 0
1559 0.009159233790833337 0.02446807284491812 0
1560 0.01376252155108041 0.02503205681740877 0
1561 0.009948612997142746 0.03056843041465963 0
1562 0.009362591289311713 0.02105147476792397 0
1563 0.017783081381847 0.03842030858009939 0
1564 0.004852292137302725 0.0005262608083698578 0
1565 0.01736930168462411 0.03147320985826325 0
1566 0.002039284075797752 0.002770356760559752 0
1567 0.006144199997858546 0.01312714334769152 0
1568 0.01710808383751257 0.008561346891710696 0
1569 0.01544834385169159 0.01077232457186699 0
1570 0.01598757463582123 0.01253469410154494 0
1571 0.0141931110850343 0.03702988153867418 0
1572 0.01360617174127566 0.00915688673110735 0
1573 0.01857716084195535 0.001811012138625768 0
1574 0.01085640954270527 0.03349039180575245 0
1575 0.007398752587379792 0.02971133940923294 0
1576 0.007697068542937449 0.01469323793230999 0
1577 0.01633841417072576 0.03716172405573655 0
1578 0.01401861784063408 0.0058131967194965 0
1579 0.01524439188798125 0.008140990221698282 0
1580 0.01940450913416135 0.01357775569574384 0
1581 0.00811332566556135 0.03131382502105953 0
1582 0.008243206005777394 0.02650183961997477 0
1583 0.00839341941705885 0.02710266269580426 0
1584 0.008130886516382142 0.0004774772087525747 0
1585 0.004568094988300321 0.00779452028908317 0
1586 0.01285854260952001 0.01917071146251651 0
1587 0.01809010972675496 0.00469011110072178 0
1588 0.01027817592520204 0.02296449090813884 0
1589 0.00785325229889728 0.001385668228342081 0
1590 0.0005789361333454618 0.01488969307721985 0
1591 0.01086518979313863 0.01015711206594345 0
1592 0.01456443124876101 0.02675195057770294 0
1593 0.01163012465965514 0.0130968284615489 0
1594 0.006684037046782333 0.00784267288639115 0
1595 0.01955336569541605 0.03882689377870493 0
1596 0.007051420673190667 0.00884109265458812 0
1597 0.00950788390894697 0.01407055336824442 0
1598 0.003134201811737866 0.003558615095860269 0
1599 0.003489913643836112 0.009662334668091474 0
1600 0.005236880818296418 0.006776782301998348 0
1601 0.00121280519051534 0.01387628270375039 0
1602 0.003973362701768915 0.01863273624895124 0
1603 0.0005778167303369039 0.008472883685860542 0
1604 0.01943591775962611 0.03157699541508458 0
1605 0.004047963409652839 0.005953071584645487 0
1606 0.003476544862100923 0.002156876580066719 0
1607 0.008642071093779133 0.003038308315970465 0
1608 0.002908061973508541 0.01463285520222307 0
1609 0.01949657899452374 0.03581535048593441 0
1610 0.01621754653749864 0.02391302537303722 0
1611 0.01025207126162263 0.01928850491377469 0
1612 0.014856561560242 0.02193829256866729 0
1613 0.01760495979563451 0.03704829758028878 0
1614 0.0165002033596094 0.02080980789734922 0
1615 0.0040994939797024 0.006980146371115879 0
1616 0.01137436585676367 0.005271811265856262 0
1617 0.002508627641409964 0.0323014183014925 0
1618 0.0004282180170267057 0.03567392673458754 0
1619 0.004231799821556597 0.03436244945746746 0
1620 0.008982541082158737 0.0084757296708992 0
1621 0.001278500629211728 0.01502016857242123 0
1622 0.00220855377950599 0.01057664274618369 0
1623 0.009532162878997628 0.02693169449606382 0
1624 0.01446455951317407 0.03748102624802865 0
1625 0.009494470653001352 0.004443523022054757 0
1626 0.006195875172690301 0.03361115401922036 0
1627 0.01542824578026019 0.018471697529247 0
1628 0.003089801095439548 0.01920892513578173 0
1629 0.00323344847517089 0.02680878620398596 0
1630 0.01797044398600217 0.01893940458268555 0
1631 0.00697871584275753 0.005393473196441336 0
1632 0.00684047715889807 0.02603817738618689 0
1633 0.002200816698614117 0.01910781773092338 0
1634 0.01312225896239455 0.006301619733793676 0
1635 0.01873249932977956 0.0005199907303268733 0
1636 0.009722432590406369 0.0217233304389292 0
1637 0.005411374965076458 0.03442473441959563 0
1638 0.01566469220000182 0.02670765923091743 0
1639 0.01823750401829363 0.008313012895023821 0
1640 0.007873522785161288 0.003768052345437152 0
1641 0.009174354374482699 0.02500790935379139 0
1642 0.0003765505159058283 0.01291054136567541 0
1643 0.001219955301693419 0.01982032190137931 0
1644 0.0178636963046055 0.01498326423853886 0
1645 0.008083217432269845 0.03067031920236036 0
1646 0.01499114039241378 0.001440240869566605 0
1647 0.01359042959285741 0.03436920938843921 0
1648 0.0103406361705662 0.02022870693614622 0
1649 0.01889480288519456 0.02734300968703823 0
1650 0.0003841420246128175 0.001961289060230971 0
1651 0.01696412229645124 0.001123961354867295 0
1652 0.01754079389131757 0.004334171921181369 0
1653 0.01379904282805767 0.02148731966851324 0
1654 0.002176139478643799 0.02300527683421517 0
1655 0.009836640079359362 0.009616590771970414 0
1656 0.003975410462540647 0.001099370787823694 0
1657 0.01874352267917436 0.03621708686016457 0
1658 0.005669035259947043 0.02414286709933982 0
1659 0.001433595936845167 0.001759439854981185 0
1660 0.01150221252114205 0.001395529463049931 0
1661 0.006683813789637982 0.03801302126416595 0
1662 0.0174356717024242 0.02055740298142066 0
1663 0.004918892835045437 0.03743630497615105 0
1664 0.003309694525982104 0.01789682888843779 0
1665 0.01392473486394793 0.01020295136499266 0
1666 0.007904508874940971 0.03236547468958861 0
1667 0.01785634998547588 0.01038954225838367 0
1668 0.01260229002257184 0.002789529606048505 0
1669 0.01450160437783373 0.02404778785327275 0
1670 0.003263787885745359 0.03876219629916206 0
1671 0.01173444638595397 0.01428898824901313 0
1672 0.005115258400672481 0.008589342015618041 0
1673 0.01764088062860239 0.03573381503178832 0
1674 0.01087585069191212 0.02330592464983553 0
1675 0.005650284572231217 0.006452836101432718 0
1676 0.003677004831972681 0.02237135677693665 0
1677 0.0004134482698652537 0.01919591132748523 0
1678 0.007824077928516839 0.02316538784901338 0
1679 0.01042929754306257 0.02969067671326335 0
1680 0.006445619574884203 0.0113001658133021 0
1681 0.01125766605311412 0.02005780330815137 0
1682 0.005913373480888981 0.0109865651736519 0
1683 0.006547782533590367 0.0003946836014072641 0
1684 0.009259146574309639 0.02639124644279943 0
1685 0.01959554266683874 0.01215426410350162 0
1686 0.006752427341448311 0.006668560083052321 0
1687 0.006192221003082962 0.002753857402543608 0
1688 0.01845496450863176 0.02866920053654374 0
1689 0.01369248631866802 0.03799984679478648 0
1690 0.00482677800205936 0.003973390181788827 0
1691 0.01096526514712294 0.03188351463991588 0
1692 0.006507546674250019 0.00840307453718727 0
1693 0.002256144794758301 0.004482821997696005 0
1694 0.016058336555362 0.001061138229326838 0
1695 0.007762292096080819 0.03790122642401448 0
1696 0.01279285997091006 0.0262042958646623 0
1697 0.00579517900445627 0.01407508077144625 0
1698 0.011371893924747 0.01629949158423579 0
1699 0.01041277826954569 0.01357197367247699 0
1700 0.000508705792309605 0.0378024502612636 0
1701 0.01512697347296066 0.01802222977853997 0
1702 0.01668849767973712 0.02639038063999266 0
1703 0.01051183440768207 0.00439911512235101 0
1704 0.01172774236720988 0.02847663607449851 0
1705 0.01103536853524414 0.03292619544332465 0
1706 0.007465517850077436 0.03739509884078731 0
1707 0.003883768258905253 0.02415494883260254 0
1708 0.01354337336074122 0.002160795316299403 0
1709 0.005478410056446947 0.02755389314575407 0
1710 0.01665541624408934 0.009535377783070989 0
1711 0.01251025863643732 0.02500070291204065 0
1712 0.01511817318042637 0.03434463663526338 0
1713 0.01704232727538331 0.03842166909206438 0
1714 0.01634978131208623 0.02459737871833162 0
1715 0.01542717205778476 0.002464495014045897 0
1716 0.01564790809764892 0.02493508324972512 0
1717 0.01269961910541392 0.03654246034471396 0
1718 0.004305403506620075 0.03000034579097312 0
1719 0.005734800105524844 0.03741763290721044 0
1720 0.002636947183490366 0.01743290870364068 0
1721 0.01471466507809946 0.003654246726264805 0
1722 0.0005351170792499468 0.02992409559214976 0
1723 0.019539492660846 0.02240181937511245 0
1724 0.01167624953499012 0.03108914126952932 0
1725 0.01643661900987443 0.002053363809475999 0
1726 0.005547336261453675 0.02074599324372496 0
1727 0.001042394236744791 0.009455632373773653 0
1728 0.01350323406138633 0.02362239972745855 0
1729 0.004568487506577698 0.01258224941647674 0
1730 0.01957916853726059 0.009798022217614983 0
1731 0.007184747707662822 0.0004640433644884714 0
1732 0.004657317232001808 0.005921681698271106 0
1733 0.01802182083642167 0.01085925634060676 0
1734 0.001372668747267143 0.01875958320000164 0
1735 0.01106524007973862 0.0370745387062956 0
1736 0.001334574529694555 0.0075269670911755 0
1737 0.004826022881652283 0.02908842037748075 0
1738 0.002238003480525184 0.02976621121202398 0
1739 0.01120865726575149 0.01750553752086284 0
1740 0.01442517408619138 0.0235780658545167 0
1741 0.005804182170141002 0.003717681676949476 0
1742 0.00139340930588093 0.02087665087329638 0
1743 0.007558944646272011 0.01703033075941231 0
1744 0.002156669524776155 0.02013822385027472 0
1745 0.01284208001021291 0.02116880560207078 0
1746 0.0111952303823275 0.01522857014566947 0
1747 0.01712001666300846 0.007976763582022714 0
1748 0.01712868900424819 0.03649290573732826 0
1749 0.00443241573936845 0.03367736964791655 0
1750 0.002507147989340313 0.0157203018310941 0
1751 0.01881890527321647 0.01260928917231248 0
1752 0.01771702137963864 0.01425979140282461 0
1753 0.01414083096574428 0.02195318066350064 0
1754 0.01871615973360943 0.02914083324065681 0
1755 0.002953844764360593 0.02892097817270436 0
1756 0.01459199471956122 0.03079784647505372 0
1757 0.004342763964640214 0.03540094570017913 0
1758 0.01108317608481428 0.01118874537538257 0
1759 0.008596524439824426 0.004822607316798254 0
1760 0.01317135415298873 0.02168819678148634 0
1761 0.004505518649284992 0.002435712678021895 0
1762 0.01853809994190147 0.003710586278430072 0
1763 0.01040309599798395 0.03436451250152204 0
1764 0.005381487733052672 0.01978628181446374 0
1765 0.01236923265808694 0.001956819371660413 0
1766 0.0118437137886188 0.03618108480448141 0
1767 0.01063825134293367 0.002568107040879092 0
1768 0.01141124333612093 0.0122220437026451 0
1769 0.001272212049130103 0.03278121839464806 0
1770 0.00820847829008374 0.02928439566574536 0
1771 0.0003652414333554094 0.03331490278743059 0
1772 0.01870661746859748 0.03446368808333578 0
1773 0.01183954781754908 0.01647525574483346 0
1774 0.003208463280417681 0.01512552293260474 0
1775 0.01099975997843837 0.02927299221753013 0
$EndNodes
$Elements
3394
1 2 2 1 1 124 704 123
2 2 2 1 1 396 887 527
3 2 2 1 1 555 1059 243
4 2 2 1 1 225 741 621
5 2 2 1 1 553 817 334
6 2 2 1 1 345 1214 838
7 2 2 1 1 560 1253 1189
8 2 2 1 1 531 822 335
9 2 2 1 1 623 766 193
10 2 2 1 1 921 1190 787
11 2 2 1 1 622 656 268
12 2 2 1 1 315 1222 739
13 2 2 1 1 96 641 95
14 2 2 1 1 320 1116 526
15 2 2 1 1 435 858 762
16 2 2 1 1 563 849 287
17 2 2 1 1 1086 1440 580
18 2 2 1 1 647 1460 856
19 2 2 1 1 321 766 623
20 2 2 1 1 638 915 369
21 2 2 1 1 476 1322 844
22 2 2 1 1 100 715 99
23 2 2 1 1 762 858 341
24 2 2 1 1 66 616 65
25 2 2 1 1 592 1092 379
26 2 2 1 1 734 1222 315
27 2 2 1 1 187 804 753
28 2 2 1 1 789 1315 605
29 2 2 1 1 335 944 531
30 2 2 1 1 361 804 587
31 2 2 1 1 828 876 469
32 2 2 1 1 295 1375 635
33 2 2 1 1 539 1085 267
34 2 2 1 1 525 768 289
35 2 2 1 1 596 1273 905
36 2 2 1 1 287 1003 563
37 2 2 1 1 527 891 396
38 2 2 1 1 587 1188 279
39 2 2 1 1 274 1086 580
40 2 2 1 1 235 931 480
41 2 2 1 1 536 983 338
42 2 2 1 1 564 1175 324
43 2 2 1 1 164 1073 620
44 2 2 1 1 223 725 579
45 2 2 1 1 325 785 733
46 2 2 1 1 722 1169 329
47 2 2 1 1 252 763 680
48 2 2 1 1 339 712 680
49 2 2 1 1 287 874 669
50 2 2 1 1 504 859 179
51 2 2 1 1 301 776 640
52 2 2 1 1 214 1099 600
53 2 2 1 1 57 1155 56
54 2 2 1 1 973 1008 503
55 2 2 1 1 200 1460 647
56 2 2 1 1 334 1055 553
57 2 2 1 1 671 1637 742
58 2 2 1 1 580 867 274
59 2 2 1 1 686 996 385
60 2 2 1 1 66 780 616
61 2 2 1 1 802 1126 523
62 2 2 1 1 898 1205 445
63 2 2 1 1 319 1101 644
64 2 2 1 1 343 1414 979
65 2 2 1 1 678 1343 120
66 2 2 1 1 267 829 539
67 2 2 1 1 1029 1073 512
68 2 2 1 1 697 738 382
69 2 2 1 1 437 740 685
70 2 2 1 1 597 1084 1012
71 2 2 1 1 838 1214 513
72 2 2 1 1 651 744 200
73 2 2 1 1 192 817 553
74 2 2 1 1 598 925 216
75 2 2 1 1 165 779 722
76 2 2 1 1 251 865 662
77 2 2 1 1 462 1554 870
78 2 2 1 1 179 1318 504
79 2 2 1 1 324 862 591
80 2 2 1 1 674 868 380
81 2 2 1 1 519 1022 238
82 2 2 1 1 702 1636 572
83 2 2 1 1 32 1229 31
84 2 2 1 1 405 847 724
85 2 2 1 1 1 988 154
86 2 2 1 1 662 928 208
87 2 2 1 1 698 1566 227
88 2 2 1 1 480 758 235
89 2 2 1 1 1189 1253 368
90 2 2 1 1 781 1165 210
91 2 2 1 1 5 988 1
92 2 2 1 1 327 1273 596
93 2 2 1 1 627 732 283
94 2 2 1 1 303 857 625
95 2 2 1 1 752 927 443
96 2 2 1 1 510 1134 833
97 2 2 1 1 636 1512 889
98 2 2 1 1 579 1203 223
99 2 2 1 1 650 1496 1482
100 2 2 1 1 314 702 599
101 2 2 1 1 210 1014 587
102 2 2 1 1 314 1475 586
103 2 2 1 1 124 1299 704
104 2 2 1 1 193 718 717
105 2 2 1 1 551 1515 168
106 2 2 1 1 635 1431 295
107 2 2 1 1 211 977 622
108 2 2 1 1 55 1155 700
109 2 2 1 1 537 1735 271
110 2 2 1 1 668 1226 452
111 2 2 1 1 295 1641 725
112 2 2 1 1 753 804 361
113 2 2 1 1 548 1042 256
114 2 2 1 1 680 1219 252
115 2 2 1 1 621 1274 225
116 2 2 1 1 255 767 644
117 2 2 1 1 285 705 652
118 2 2 1 1 562 767 377
119 2 2 1 1 725 1641 579
120 2 2 1 1 370 656 622
121 2 2 1 1 441 1566 698
122 2 2 1 1 1238 1531 203
123 2 2 1 1 72 724 71
124 2 2 1 1 354 755 659
125 2 2 1 1 659 1068 354
126 2 2 1 1 606 1105 826
127 2 2 1 1 395 761 712
128 2 2 1 1 56 1155 55
129 2 2 1 1 802 1304 1115
130 2 2 1 1 341 927 752
131 2 2 1 1 1279 1554 462
132 2 2 1 1 252 1094 763
133 2 2 1 1 299 1532 1490
134 2 2 1 1 238 708 519
135 2 2 1 1 439 915 730
136 2 2 1 1 21 757 20
137 2 2 1 1 483 1360 850
138 2 2 1 1 742 1637 163
139 2 2 1 1 484 844 186
140 2 2 1 1 145 941 643
141 2 2 1 1 1431 1641 295
142 2 2 1 1 644 1101 255
143 2 2 1 1 253 1044 735
144 2 2 1 1 641 769 95
145 2 2 1 1 666 1229 32
146 2 2 1 1 916 1245 432
147 2 2 1 1 179 1315 789
148 2 2 1 1 598 970 316
149 2 2 1 1 785 1202 733
150 2 2 1 1 618 1704 209
151 2 2 1 1 635 1582 749
152 2 2 1 1 587 930 210
153 2 2 1 1 693 1080 447
154 2 2 1 1 557 1002 377
155 2 2 1 1 592 1625 1092
156 2 2 1 1 98 714 97
157 2 2 1 1 600 933 214
158 2 2 1 1 841 1499 1291
159 2 2 1 1 1095 1682 168
160 2 2 1 1 352 975 570
161 2 2 1 1 712 761 166
162 2 2 1 1 223 907 725
163 2 2 1 1 844 1328 476
164 2 2 1 1 359 1205 898
165 2 2 1 1 526 1602 320
166 2 2 1 1 313 821 690
167 2 2 1 1 615 832 268
168 2 2 1 1 314 723 702
169 2 2 1 1 553 1069 192
170 2 2 1 1 630 1035 381
171 2 2 1 1 381 902 618
172 2 2 1 1 810 1334 1152
173 2 2 1 1 206 868 674
174 2 2 1 1 714 998 346
175 2 2 1 1 1482 1496 187
176 2 2 1 1 844 1450 746
177 2 2 1 1 324 926 564
178 2 2 1 1 171 850 577
179 2 2 1 1 532 1533 1248
180 2 2 1 1 120 1343 119
181 2 2 1 1 518 1183 972
182 2 2 1 1 577 906 171
183 2 2 1 1 724 847 340
184 2 2 1 1 596 890 327
185 2 2 1 1 358 1122 508
186 2 2 1 1 281 851 671
187 2 2 1 1 632 788 315
188 2 2 1 1 815 1155 57
189 2 2 1 1 309 1440 1086
190 2 2 1 1 840 1302 438
191 2 2 1 1 150 612 149
192 2 2 1 1 742 1306 671
193 2 2 1 1 644 1057 319
194 2 2 1 1 346 998 827
195 2 2 1 1 640 986 301
196 2 2 1 1 673 1147 201
197 2 2 1 1 685 740 289
198 2 2 1 1 377 886 557
199 2 2 1 1 683 1572 331
200 2 2 1 1 1012 1084 393
201 2 2 1 1 671 1306 281
202 2 2 1 1 609 883 380
203 2 2 1 1 229 1323 564
204 2 2 1 1 1325 1406 447
205 2 2 1 1 303 789 605
206 2 2 1 1 875 1545 281
207 2 2 1 1 661 1103 168
208 2 2 1 1 208 1268 662
209 2 2 1 1 591 926 324
210 2 2 1 1 599 1475 314
211 2 2 1 1 576 1163 241
212 2 2 1 1 313 1193 602
213 2 2 1 1 155 1636 702
214 2 2 1 1 289 919 525
215 2 2 1 1 744 1460 200
216 2 2 1 1 354 779 755
217 2 2 1 1 382 830 697
218 2 2 1 1 480 1496 650
219 2 2 1 1 72 981 724
220 2 2 1 1 601 924 397
221 2 2 1 1 419 832 615
222 2 2 1 1 822 1161 169
223 2 2 1 1 198 1174 713
224 2 2 1 1 322 790 731
225 2 2 1 1 299 1490 664
226 2 2 1 1 209 995 618
227 2 2 1 1 281 1306 875
228 2 2 1 1 308 1186 1167
229 2 2 1 1 771 1406 1325
230 2 2 1 1 315 1176 632
231 2 2 1 1 360 1073 1029
232 2 2 1 1 889 1512 328
233 2 2 1 1 570 1050 352
234 2 2 1 1 297 769 641
235 2 2 1 1 922 976 507
236 2 2 1 1 905 1273 292
237 2 2 1 1 1004 1130 368
238 2 2 1 1 561 1060 910
239 2 2 1 1 603 1186 308
240 2 2 1 1 457 996 686
241 2 2 1 1 278 915 638
242 2 2 1 1 336 774 645
243 2 2 1 1 286 1148 773
244 2 2 1 1 618 995 381
245 2 2 1 1 940 1586 1138
246 2 2 1 1 674 858 206
247 2 2 1 1 249 1090 626
248 2 2 1 1 731 790 363
249 2 2 1 1 695 997 389
250 2 2 1 1 329 1169 864
251 2 2 1 1 763 1094 463
252 2 2 1 1 662 865 320
253 2 2 1 1 670 1238 203
254 2 2 1 1 96 948 641
255 2 2 1 1 254 1068 659
256 2 2 1 1 338 1222 536
257 2 2 1 1 271 1735 1072
258 2 2 1 1 363 825 731
259 2 2 1 1 1006 1223 408
260 2 2 1 1 737 1534 1511
261 2 2 1 1 659 755 202
262 2 2 1 1 737 1511 169
263 2 2 1 1 1037 1469 318
264 2 2 1 1 679 1021 199
265 2 2 1 1 850 1360 577
266 2 2 1 1 564 926 229
267 2 2 1 1 272 919 895
268 2 2 1 1 979 1414 470
269 2 2 1 1 599 1443 298
270 2 2 1 1 722 779 354
271 2 2 1 1 1078 1590 137
272 2 2 1 1 341 858 674
273 2 2 1 1 757 960 20
274 2 2 1 1 775 1017 383
275 2 2 1 1 168 1682 551
276 2 2 1 1 340 976 922
277 2 2 1 1 176 1149 634
278 2 2 1 1 711 1253 560
279 2 2 1 1 366 876 828
280 2 2 1 1 851 1380 706
281 2 2 1 1 595 1605 361
282 2 2 1 1 735 1044 474
283 2 2 1 1 424 800 725
284 2 2 1 1 243 1593 555
285 2 2 1 1 91 649 90
286 2 2 1 1 765 1349 593
287 2 2 1 1 418 1070 588
288 2 2 1 1 239 969 554
289 2 2 1 1 356 961 920
290 2 2 1 1 199 884 679
291 2 2 1 1 73 1363 684
292 2 2 1 1 251 1036 880
293 2 2 1 1 377 1002 562
294 2 2 1 1 186 877 484
295 2 2 1 1 196 1018 625
296 2 2 1 1 686 961 356
297 2 2 1 1 329 782 756
298 2 2 1 1 669 1003 287
299 2 2 1 1 991 1406 665
300 2 2 1 1 279 1422 587
301 2 2 1 1 118 1267 117
302 2 2 1 1 82 1425 849
303 2 2 1 1 820 1094 252
304 2 2 1 1 399 823 713
305 2 2 1 1 200 1472 651
306 2 2 1 1 652 1194 285
307 2 2 1 1 460 921 787
308 2 2 1 1 537 1302 840
309 2 2 1 1 339 813 712
310 2 2 1 1 302 873 660
311 2 2 1 1 172 1625 573
312 2 2 1 1 605 1655 303
313 2 2 1 1 669 874 344
314 2 2 1 1 394 1245 916
315 2 2 1 1 304 844 746
316 2 2 1 1 379 1501 592
317 2 2 1 1 223 921 907
318 2 2 1 1 717 718 362
319 2 2 1 1 825 857 303
320 2 2 1 1 862 1713 594
321 2 2 1 1 697 1686 738
322 2 2 1 1 1134 1213 228
323 2 2 1 1 367 925 598
324 2 2 1 1 146 941 145
325 2 2 1 1 697 830 307
326 2 2 1 1 613 1591 1344
327 2 2 1 1 601 1194 401
328 2 2 1 1 725 800 295
329 2 2 1 1 786 787 204
330 2 2 1 1 443 927 841
331 2 2 1 1 560 1290 711
332 2 2 1 1 756 782 400
333 2 2 1 1 944 1283 531
334 2 2 1 1 637 1502 191
335 2 2 1 1 1321 1548 975
336 2 2 1 1 721 1612 624
337 2 2 1 1 650 967 311
338 2 2 1 1 665 1406 292
339 2 2 1 1 222 1283 944
340 2 2 1 1 668 1510 1226
341 2 2 1 1 972 1183 239
342 2 2 1 1 655 953 331
343 2 2 1 1 1085 1470 631
344 2 2 1 1 680 763 339
345 2 2 1 1 380 883 674
346 2 2 1 1 630 1724 1035
347 2 2 1 1 626 1105 249
348 2 2 1 1 696 784 332
349 2 2 1 1 826 1105 388
350 2 2 1 1 352 1321 975
351 2 2 1 1 841 1291 327
352 2 2 1 1 217 883 609
353 2 2 1 1 1068 1169 354
354 2 2 1 1 656 775 268
355 2 2 1 1 661 1729 1103
356 2 2 1 1 665 1273 327
357 2 2 1 1 679 1498 271
358 2 2 1 1 660 761 331
359 2 2 1 1 586 1433 314
360 2 2 1 1 305 962 836
361 2 2 1 1 286 1639 582
362 2 2 1 1 582 1148 286
363 2 2 1 1 755 779 347
364 2 2 1 1 313 1561 1193
365 2 2 1 1 678 905 292
366 2 2 1 1 331 1572 655
367 2 2 1 1 169 1161 737
368 2 2 1 1 184 1354 716
369 2 2 1 1 202 1381 1358
370 2 2 1 1 166 761 660
371 2 2 1 1 30 949 2
372 2 2 1 1 603 1285 418
373 2 2 1 1 256 852 548
374 2 2 1 1 725 907 424
375 2 2 1 1 1060 1648 1443
376 2 2 1 1 296 912 718
377 2 2 1 1 566 1169 1068
378 2 2 1 1 374 797 654
379 2 2 1 1 216 970 598
380 2 2 1 1 361 1605 694
381 2 2 1 1 833 1134 379
382 2 2 1 1 736 795 190
383 2 2 1 1 783 803 330
384 2 2 1 1 1242 1264 266
385 2 2 1 1 129 801 128
386 2 2 1 1 340 1358 976
387 2 2 1 1 210 1205 781
388 2 2 1 1 175 1126 802
389 2 2 1 1 716 1354 812
390 2 2 1 1 1463 1761 617
391 2 2 1 1 841 927 217
392 2 2 1 1 424 1364 800
393 2 2 1 1 573 1177 415
394 2 2 1 1 539 1470 1085
395 2 2 1 1 457 1219 680
396 2 2 1 1 588 1113 418
397 2 2 1 1 730 915 278
398 2 2 1 1 241 1114 576
399 2 2 1 1 802 1115 175
400 2 2 1 1 368 1130 878
401 2 2 1 1 910 1060 263
402 2 2 1 1 334 807 661
403 2 2 1 1 424 1206 667
404 2 2 1 1 1069 1398 322
405 2 2 1 1 994 1345 357
406 2 2 1 1 616 901 65
407 2 2 1 1 335 822 720
408 2 2 1 1 126 752 125
409 2 2 1 1 301 1048 754
410 2 2 1 1 623 972 426
411 2 2 1 1 804 1188 587
412 2 2 1 1 34 1197 687
413 2 2 1 1 412 1077 729
414 2 2 1 1 289 768 685
415 2 2 1 1 442 1498 679
416 2 2 1 1 864 1577 1323
417 2 2 1 1 573 1324 172
418 2 2 1 1 361 1014 595
419 2 2 1 1 587 1014 361
420 2 2 1 1 749 1329 635
421 2 2 1 1 21 968 757
422 2 2 1 1 505 1246 918
423 2 2 1 1 559 1590 1078
424 2 2 1 1 783 1381 202
425 2 2 1 1 554 1262 239
426 2 2 1 1 712 813 395
427 2 2 1 1 622 977 370
428 2 2 1 1 369 1079 638
429 2 2 1 1 369 1058 735
430 2 2 1 1 642 1284 323
431 2 2 1 1 1042 1252 256
432 2 2 1 1 706 1380 471
433 2 2 1 1 616 1688 350
434 2 2 1 1 323 968 642
435 2 2 1 1 914 1146 468
436 2 2 1 1 609 1167 217
437 2 2 1 1 704 1299 443
438 2 2 1 1 212 961 686
439 2 2 1 1 577 1100 906
440 2 2 1 1 2 949 29
441 2 2 1 1 710 1471 471
442 2 2 1 1 510 1213 1134
443 2 2 1 1 306 1441 647
444 2 2 1 1 362 1008 973
445 2 2 1 1 1147 1572 201
446 2 2 1 1 715 1362 99
447 2 2 1 1 625 857 196
448 2 2 1 1 1246 1660 245
449 2 2 1 1 308 796 603
450 2 2 1 1 562 791 181
451 2 2 1 1 348 787 786
452 2 2 1 1 168 1515 661
453 2 2 1 1 716 812 493
454 2 2 1 1 185 784 696
455 2 2 1 1 349 795 736
456 2 2 1 1 639 903 403
457 2 2 1 1 918 1246 392
458 2 2 1 1 415 1324 573
459 2 2 1 1 416 1212 745
460 2 2 1 1 271 1478 537
461 2 2 1 1 248 1427 667
462 2 2 1 1 77 1003 669
463 2 2 1 1 418 1113 693
464 2 2 1 1 53 677 52
465 2 2 1 1 298 1150 599
466 2 2 1 1 940 1138 448
467 2 2 1 1 730 1442 439
468 2 2 1 1 620 966 164
469 2 2 1 1 651 1472 1049
470 2 2 1 1 749 1582 282
471 2 2 1 1 562 1002 277
472 2 2 1 1 464 1538 792
473 2 2 1 1 350 901 616
474 2 2 1 1 695 985 206
475 2 2 1 1 836 962 502
476 2 2 1 1 764 1218 469
477 2 2 1 1 684 981 73
478 2 2 1 1 694 1732 584
479 2 2 1 1 655 1147 262
480 2 2 1 1 280 1317 823
481 2 2 1 1 602 1243 313
482 2 2 1 1 610 1641 1431
483 2 2 1 1 647 856 306
484 2 2 1 1 634 1519 176
485 2 2 1 1 474 1241 735
486 2 2 1 1 210 1165 1014
487 2 2 1 1 612 1242 1081
488 2 2 1 1 360 1345 1028
489 2 2 1 1 630 1026 352
490 2 2 1 1 111 947 110
491 2 2 1 1 74 1363 73
492 2 2 1 1 653 1029 257
493 2 2 1 1 1010 1174 198
494 2 2 1 1 142 1430 846
495 2 2 1 1 519 1568 1022
496 2 2 1 1 931 1496 480
497 2 2 1 1 380 957 609
498 2 2 1 1 381 1270 630
499 2 2 1 1 1060 1443 572
500 2 2 1 1 978 1623 1334
501 2 2 1 1 397 1103 601
502 2 2 1 1 602 1193 290
503 2 2 1 1 1278 1427 248
504 2 2 1 1 702 723 155
505 2 2 1 1 690 923 313
506 2 2 1 1 397 1237 1009
507 2 2 1 1 953 954 331
508 2 2 1 1 126 762 752
509 2 2 1 1 722 756 165
510 2 2 1 1 718 912 362
511 2 2 1 1 880 1036 485
512 2 2 1 1 920 961 436
513 2 2 1 1 191 1397 637
514 2 2 1 1 707 924 401
515 2 2 1 1 320 928 662
516 2 2 1 1 168 1103 743
517 2 2 1 1 1267 1722 117
518 2 2 1 1 182 1568 990
519 2 2 1 1 257 863 653
520 2 2 1 1 720 822 169
521 2 2 1 1 675 994 357
522 2 2 1 1 209 1704 1074
523 2 2 1 1 627 980 378
524 2 2 1 1 558 1746 765
525 2 2 1 1 330 803 726
526 2 2 1 1 911 1479 234
527 2 2 1 1 278 1080 693
528 2 2 1 1 970 1388 316
529 2 2 1 1 1248 1533 190
530 2 2 1 1 1004 1575 611
531 2 2 1 1 849 1425 594
532 2 2 1 1 401 861 707
533 2 2 1 1 262 953 655
534 2 2 1 1 1329 1431 635
535 2 2 1 1 292 1273 665
536 2 2 1 1 1057 1471 710
537 2 2 1 1 657 1469 1037
538 2 2 1 1 197 1613 663
539 2 2 1 1 67 780 66
540 2 2 1 1 368 1575 1004
541 2 2 1 1 840 1320 170
542 2 2 1 1 977 1535 1137
543 2 2 1 1 357 1345 653
544 2 2 1 1 277 1314 562
545 2 2 1 1 438 1017 775
546 2 2 1 1 377 1423 1269
547 2 2 1 1 751 1708 323
548 2 2 1 1 321 860 766
549 2 2 1 1 638 1080 278
550 2 2 1 1 268 1296 622
551 2 2 1 1 641 948 346
552 2 2 1 1 759 1202 509
553 2 2 1 1 659 1119 254
554 2 2 1 1 443 841 704
555 2 2 1 1 294 1349 765
556 2 2 1 1 234 1479 1474
557 2 2 1 1 724 981 405
558 2 2 1 1 156 943 731
559 2 2 1 1 911 1456 373
560 2 2 1 1 22 968 21
561 2 2 1 1 715 1019 475
562 2 2 1 1 389 985 695
563 2 2 1 1 594 1425 862
564 2 2 1 1 161 1686 697
565 2 2 1 1 624 1612 1511
566 2 2 1 1 1002 1226 277
567 2 2 1 1 629 1561 923
568 2 2 1 1 461 997 695
569 2 2 1 1 438 1320 840
570 2 2 1 1 142 846 141
571 2 2 1 1 120 905 678
572 2 2 1 1 337 1124 574
573 2 2 1 1 180 1111 982
574 2 2 1 1 750 793 316
575 2 2 1 1 290 1083 602
576 2 2 1 1 1195 1212 416
577 2 2 1 1 1175 1713 324
578 2 2 1 1 332 1265 645
579 2 2 1 1 678 771 437
580 2 2 1 1 679 1072 1021
581 2 2 1 1 522 1118 860
582 2 2 1 1 489 1094 820
583 2 2 1 1 1015 1315 409
584 2 2 1 1 625 1620 303
585 2 2 1 1 622 892 211
586 2 2 1 1 1064 1206 460
587 2 2 1 1 645 1265 211
588 2 2 1 1 982 1111 556
589 2 2 1 1 570 975 672
590 2 2 1 1 409 1315 859
591 2 2 1 1 347 1712 658
592 2 2 1 1 1047 1533 532
593 2 2 1 1 956 965 500
594 2 2 1 1 233 1390 1046
595 2 2 1 1 549 1492 1001
596 2 2 1 1 369 1737 1058
597 2 2 1 1 571 1446 648
598 2 2 1 1 377 1269 886
599 2 2 1 1 236 1250 976
600 2 2 1 1 331 954 660
601 2 2 1 1 663 1713 1175
602 2 2 1 1 78 1003 77
603 2 2 1 1 229 1289 885
604 2 2 1 1 292 771 678
605 2 2 1 1 211 892 645
606 2 2 1 1 214 1415 646
607 2 2 1 1 203 959 670
608 2 2 1 1 323 1284 751
609 2 2 1 1 311 1599 650
610 2 2 1 1 347 803 783
611 2 2 1 1 287 1563 874
612 2 2 1 1 1167 1499 217
613 2 2 1 1 795 1248 190
614 2 2 1 1 95 769 94
615 2 2 1 1 485 1172 880
616 2 2 1 1 864 1323 329
617 2 2 1 1 703 1637 578
618 2 2 1 1 1009 1237 516
619 2 2 1 1 508 931 358
620 2 2 1 1 615 1404 419
621 2 2 1 1 895 919 543
622 2 2 1 1 213 924 707
623 2 2 1 1 316 1174 598
624 2 2 1 1 191 1502 739
625 2 2 1 1 219 1253 711
626 2 2 1 1 720 1653 335
627 2 2 1 1 653 863 357
628 2 2 1 1 821 1243 488
629 2 2 1 1 312 1546 689
630 2 2 1 1 169 1612 720
631 2 2 1 1 798 840 170
632 2 2 1 1 990 1280 182
633 2 2 1 1 849 1563 287
634 2 2 1 1 641 1225 297
635 2 2 1 1 385 996 873
636 2 2 1 1 572 1443 702
637 2 2 1 1 313 1243 821
638 2 2 1 1 801 1162 128
639 2 2 1 1 196 1596 1018
640 2 2 1 1 401 924 601
641 2 2 1 1 378 1580 627
642 2 2 1 1 885 1289 495
643 2 2 1 1 557 1226 1002
644 2 2 1 1 1073 1462 620
645 2 2 1 1 986 1048 301
646 2 2 1 1 402 960 757
647 2 2 1 1 314 1518 723
648 2 2 1 1 584 1600 694
649 2 2 1 1 100 934 715
650 2 2 1 1 906 1100 330
651 2 2 1 1 371 965 956
652 2 2 1 1 598 1010 367
653 2 2 1 1 1177 1192 415
654 2 2 1 1 881 1580 378
655 2 2 1 1 348 1711 787
656 2 2 1 1 236 1360 808
657 2 2 1 1 734 955 231
658 2 2 1 1 1011 1194 652
659 2 2 1 1 719 1367 523
660 2 2 1 1 660 1569 166
661 2 2 1 1 738 785 325
662 2 2 1 1 515 1697 807
663 2 2 1 1 289 1251 919
664 2 2 1 1 269 1679 690
665 2 2 1 1 7 1413 904
666 2 2 1 1 527 1574 672
667 2 2 1 1 202 1331 659
668 2 2 1 1 764 1078 138
669 2 2 1 1 192 1069 664
670 2 2 1 1 844 1322 186
671 2 2 1 1 765 1746 1076
672 2 2 1 1 475 998 714
673 2 2 1 1 352 1050 630
674 2 2 1 1 732 1346 283
675 2 2 1 1 485 1340 1172
676 2 2 1 1 773 1148 406
677 2 2 1 1 703 1749 326
678 2 2 1 1 329 756 722
679 2 2 1 1 181 791 706
680 2 2 1 1 808 1250 236
681 2 2 1 1 322 1398 790
682 2 2 1 1 513 1413 838
683 2 2 1 1 660 954 302
684 2 2 1 1 242 1156 1054
685 2 2 1 1 976 1358 514
686 2 2 1 1 1395 1561 629
687 2 2 1 1 712 1371 680
688 2 2 1 1 542 1281 1032
689 2 2 1 1 1022 1568 582
690 2 2 1 1 1056 1077 412
691 2 2 1 1 667 1364 424
692 2 2 1 1 888 1434 246
693 2 2 1 1 658 1456 911
694 2 2 1 1 344 1403 669
695 2 2 1 1 452 1196 668
696 2 2 1 1 166 1371 712
697 2 2 1 1 119 1343 118
698 2 2 1 1 743 1103 397
699 2 2 1 1 98 1362 714
700 2 2 1 1 661 1515 334
701 2 2 1 1 825 1228 731
702 2 2 1 1 669 1403 77
703 2 2 1 1 403 1198 639
704 2 2 1 1 664 1490 192
705 2 2 1 1 1220 1524 455
706 2 2 1 1 1045 1327 376
707 2 2 1 1 31 1229 30
708 2 2 1 1 667 1206 248
709 2 2 1 1 347 783 755
710 2 2 1 1 163 1637 703
711 2 2 1 1 884 1235 544
712 2 2 1 1 914 1275 683
713 2 2 1 1 674 1654 341
714 2 2 1 1 1152 1334 173
715 2 2 1 1 698 1025 441
716 2 2 1 1 465 1250 808
717 2 2 1 1 1210 1533 900
718 2 2 1 1 755 783 202
719 2 2 1 1 750 1224 59
720 2 2 1 1 646 1099 214
721 2 2 1 1 672 1705 570
722 2 2 1 1 390 1620 1180
723 2 2 1 1 977 1137 370
724 2 2 1 1 466 1212 845
725 2 2 1 1 1090 1168 624
726 2 2 1 1 583 1248 795
727 2 2 1 1 214 1245 773
728 2 2 1 1 661 807 285
729 2 2 1 1 903 1361 502
730 2 2 1 1 612 1081 149
731 2 2 1 1 304 1328 844
732 2 2 1 1 811 831 456
733 2 2 1 1 823 1317 501
734 2 2 1 1 400 1089 756
735 2 2 1 1 910 1414 343
736 2 2 1 1 1344 1591 275
737 2 2 1 1 704 841 327
738 2 2 1 1 704 890 123
739 2 2 1 1 606 1560 786
740 2 2 1 1 228 1213 733
741 2 2 1 1 578 1749 703
742 2 2 1 1 743 1539 168
743 2 2 1 1 653 1345 360
744 2 2 1 1 1010 1714 1610
745 2 2 1 1 902 1035 629
746 2 2 1 1 228 1202 759
747 2 2 1 1 181 1332 562
748 2 2 1 1 936 1598 1204
749 2 2 1 1 652 1256 1011
750 2 2 1 1 536 1703 983
751 2 2 1 1 726 803 234
752 2 2 1 1 418 1131 603
753 2 2 1 1 702 1443 599
754 2 2 1 1 1001 1492 264
755 2 2 1 1 204 835 689
756 2 2 1 1 351 1141 700
757 2 2 1 1 327 1291 665
758 2 2 1 1 663 1175 197
759 2 2 1 1 82 849 81
760 2 2 1 1 326 1281 809
761 2 2 1 1 434 1334 810
762 2 2 1 1 809 1281 542
763 2 2 1 1 846 1430 529
764 2 2 1 1 976 1250 507
765 2 2 1 1 1180 1620 625
766 2 2 1 1 249 1168 1090
767 2 2 1 1 266 1107 936
768 2 2 1 1 924 1237 397
769 2 2 1 1 1036 1233 485
770 2 2 1 1 1035 1395 629
771 2 2 1 1 792 1181 464
772 2 2 1 1 874 1563 663
773 2 2 1 1 1081 1242 359
774 2 2 1 1 1146 1389 468
775 2 2 1 1 455 1524 778
776 2 2 1 1 1090 1610 626
777 2 2 1 1 805 1516 349
778 2 2 1 1 135 1590 748
779 2 2 1 1 575 1555 1031
780 2 2 1 1 1014 1165 595
781 2 2 1 1 779 1712 347
782 2 2 1 1 328 1209 728
783 2 2 1 1 7 904 6
784 2 2 1 1 714 948 97
785 2 2 1 1 193 1687 623
786 2 2 1 1 555 1671 1059
787 2 2 1 1 612 1264 1242
788 2 2 1 1 426 1227 623
789 2 2 1 1 297 1695 792
790 2 2 1 1 194 1033 875
791 2 2 1 1 387 1255 935
792 2 2 1 1 360 1029 653
793 2 2 1 1 654 1115 374
794 2 2 1 1 608 1423 1220
795 2 2 1 1 773 1415 214
796 2 2 1 1 727 806 321
797 2 2 1 1 274 1750 688
798 2 2 1 1 576 1756 1163
799 2 2 1 1 894 970 216
800 2 2 1 1 1429 1617 365
801 2 2 1 1 1041 1630 1418
802 2 2 1 1 1054 1156 540
803 2 2 1 1 1026 1270 241
804 2 2 1 1 1084 1133 265
805 2 2 1 1 127 762 126
806 2 2 1 1 694 1600 307
807 2 2 1 1 1113 1709 730
808 2 2 1 1 646 888 246
809 2 2 1 1 326 809 703
810 2 2 1 1 858 908 206
811 2 2 1 1 315 1502 1176
812 2 2 1 1 509 912 759
813 2 2 1 1 327 890 704
814 2 2 1 1 364 1190 921
815 2 2 1 1 1247 1341 463
816 2 2 1 1 685 1267 437
817 2 2 1 1 736 1390 349
818 2 2 1 1 430 1419 726
819 2 2 1 1 199 1235 884
820 2 2 1 1 770 957 167
821 2 2 1 1 662 1437 251
822 2 2 1 1 475 1362 715
823 2 2 1 1 647 1127 200
824 2 2 1 1 218 1181 792
825 2 2 1 1 59 1224 58
826 2 2 1 1 283 980 627
827 2 2 1 1 713 1543 198
828 2 2 1 1 35 1197 34
829 2 2 1 1 860 1118 230
830 2 2 1 1 711 1489 219
831 2 2 1 1 675 1270 381
832 2 2 1 1 710 1019 319
833 2 2 1 1 753 1482 187
834 2 2 1 1 484 1450 844
835 2 2 1 1 662 1268 391
836 2 2 1 1 335 1071 944
837 2 2 1 1 30 1229 949
838 2 2 1 1 356 1301 820
839 2 2 1 1 1011 1256 183
840 2 2 1 1 307 1600 697
841 2 2 1 1 574 992 337
842 2 2 1 1 754 1048 207
843 2 2 1 1 771 1325 215
844 2 2 1 1 818 1145 467
845 2 2 1 1 234 1053 726
846 2 2 1 1 789 1013 179
847 2 2 1 1 967 1128 550
848 2 2 1 1 508 1496 931
849 2 2 1 1 693 1113 278
850 2 2 1 1 1028 1074 538
851 2 2 1 1 1032 1281 365
852 2 2 1 1 808 1360 483
853 2 2 1 1 319 1057 710
854 2 2 1 1 882 1140 267
855 2 2 1 1 697 1675 161
856 2 2 1 1 952 1312 264
857 2 2 1 1 920 1301 356
858 2 2 1 1 972 1687 518
859 2 2 1 1 1038 1045 376
860 2 2 1 1 385 1065 686
861 2 2 1 1 1482 1585 511
862 2 2 1 1 639 1361 903
863 2 2 1 1 735 1058 253
864 2 2 1 1 242 1367 719
865 2 2 1 1 862 1391 591
866 2 2 1 1 417 1223 1006
867 2 2 1 1 384 1165 781
868 2 2 1 1 39 682 38
869 2 2 1 1 227 1214 698
870 2 2 1 1 753 1585 1482
871 2 2 1 1 435 908 858
872 2 2 1 1 936 1204 384
873 2 2 1 1 1226 1510 277
874 2 2 1 1 206 908 695
875 2 2 1 1 1208 1639 286
876 2 2 1 1 711 1290 282
877 2 2 1 1 48 1160 732
878 2 2 1 1 392 1118 799
879 2 2 1 1 415 1192 893
880 2 2 1 1 381 995 675
881 2 2 1 1 645 892 336
882 2 2 1 1 231 1616 734
883 2 2 1 1 363 857 825
884 2 2 1 1 648 1446 294
885 2 2 1 1 617 1761 1183
886 2 2 1 1 739 946 191
887 2 2 1 1 445 1205 930
888 2 2 1 1 900 1533 470
889 2 2 1 1 907 921 460
890 2 2 1 1 315 955 734
891 2 2 1 1 709 1255 387
892 2 2 1 1 241 1270 675
893 2 2 1 1 985 1093 462
894 2 2 1 1 650 1599 480
895 2 2 1 1 279 1188 1122
896 2 2 1 1 690 1353 269
897 2 2 1 1 1026 1163 614
898 2 2 1 1 731 943 322
899 2 2 1 1 685 1722 1267
900 2 2 1 1 545 1439 1280
901 2 2 1 1 464 1295 769
902 2 2 1 1 677 987 52
903 2 2 1 1 346 1225 641
904 2 2 1 1 649 1106 90
905 2 2 1 1 788 955 315
906 2 2 1 1 693 1131 418
907 2 2 1 1 118 1343 1267
908 2 2 1 1 875 1033 497
909 2 2 1 1 752 762 341
910 2 2 1 1 403 1046 736
911 2 2 1 1 545 1434 888
912 2 2 1 1 198 1714 1010
913 2 2 1 1 992 1429 203
914 2 2 1 1 320 1602 842
915 2 2 1 1 1360 1565 577
916 2 2 1 1 889 1541 636
917 2 2 1 1 285 1729 661
918 2 2 1 1 524 1623 978
919 2 2 1 1 353 840 798
920 2 2 1 1 738 1594 382
921 2 2 1 1 103 778 102
922 2 2 1 1 1088 1556 833
923 2 2 1 1 636 1516 805
924 2 2 1 1 648 1503 571
925 2 2 1 1 764 1642 1218
926 2 2 1 1 805 1390 233
927 2 2 1 1 150 989 612
928 2 2 1 1 335 1653 691
929 2 2 1 1 370 1211 656
930 2 2 1 1 643 1122 358
931 2 2 1 1 195 1431 1329
932 2 2 1 1 492 1140 882
933 2 2 1 1 647 1473 1127
934 2 2 1 1 426 1151 727
935 2 2 1 1 298 1681 1150
936 2 2 1 1 360 1462 1073
937 2 2 1 1 964 1556 1500
938 2 2 1 1 645 1129 332
939 2 2 1 1 188 1186 1131
940 2 2 1 1 407 894 815
941 2 2 1 1 437 1343 678
942 2 2 1 1 827 998 226
943 2 2 1 1 1138 1586 270
944 2 2 1 1 588 1709 1113
945 2 2 1 1 649 1144 411
946 2 2 1 1 735 1718 369
947 2 2 1 1 1344 1487 897
948 2 2 1 1 271 1072 679
949 2 2 1 1 203 1429 959
950 2 2 1 1 358 1603 643
951 2 2 1 1 672 891 527
952 2 2 1 1 952 1764 1312
953 2 2 1 1 407 970 894
954 2 2 1 1 777 1102 338
955 2 2 1 1 331 1665 683
956 2 2 1 1 683 1665 914
957 2 2 1 1 408 1223 929
958 2 2 1 1 1015 1191 605
959 2 2 1 1 597 1133 1084
960 2 2 1 1 209 1074 1028
961 2 2 1 1 76 794 75
962 2 2 1 1 406 888 646
963 2 2 1 1 863 1082 486
964 2 2 1 1 739 1502 315
965 2 2 1 1 319 1019 715
966 2 2 1 1 432 1587 1357
967 2 2 1 1 324 1713 862
968 2 2 1 1 766 1408 193
969 2 2 1 1 788 1578 160
970 2 2 1 1 1176 1502 637
971 2 2 1 1 1275 1572 683
972 2 2 1 1 701 1456 165
973 2 2 1 1 32 1112 666
974 2 2 1 1 346 948 714
975 2 2 1 1 919 1251 543
976 2 2 1 1 213 1447 1237
977 2 2 1 1 257 1082 863
978 2 2 1 1 966 1696 1064
979 2 2 1 1 560 1189 814
980 2 2 1 1 468 1344 897
981 2 2 1 1 1065 1313 565
982 2 2 1 1 1089 1459 756
983 2 2 1 1 340 1525 724
984 2 2 1 1 285 807 705
985 2 2 1 1 463 1341 763
986 2 2 1 1 815 894 351
987 2 2 1 1 251 880 865
988 2 2 1 1 105 1157 4
989 2 2 1 1 726 1053 430
990 2 2 1 1 212 1061 839
991 2 2 1 1 692 1293 62
992 2 2 1 1 233 831 805
993 2 2 1 1 682 1208 286
994 2 2 1 1 362 973 717
995 2 2 1 1 1132 1214 227
996 2 2 1 1 481 1761 1463
997 2 2 1 1 646 1415 406
998 2 2 1 1 43 872 42
999 2 2 1 1 710 1424 1019
1000 2 2 1 1 248 1206 1064
1001 2 2 1 1 700 1155 351
1002 2 2 1 1 91 1144 649
1003 2 2 1 1 1266 1359 444
1004 2 2 1 1 784 1666 332
1005 2 2 1 1 301 1089 776
1006 2 2 1 1 842 896 477
1007 2 2 1 1 744 1317 280
1008 2 2 1 1 28 871 27
1009 2 2 1 1 443 1299 752
1010 2 2 1 1 447 1629 693
1011 2 2 1 1 758 1009 516
1012 2 2 1 1 502 1361 836
1013 2 2 1 1 680 1371 457
1014 2 2 1 1 376 1327 882
1015 2 2 1 1 136 1590 135
1016 2 2 1 1 723 1588 155
1017 2 2 1 1 752 1299 125
1018 2 2 1 1 497 1033 827
1019 2 2 1 1 466 1346 732
1020 2 2 1 1 129 939 801
1021 2 2 1 1 664 1505 299
1022 2 2 1 1 726 906 330
1023 2 2 1 1 550 1128 1095
1024 2 2 1 1 759 912 296
1025 2 2 1 1 708 1313 302
1026 2 2 1 1 865 880 421
1027 2 2 1 1 655 1572 1147
1028 2 2 1 1 695 1744 461
1029 2 2 1 1 800 1364 173
1030 2 2 1 1 473 1408 766
1031 2 2 1 1 594 1563 849
1032 2 2 1 1 733 1202 228
1033 2 2 1 1 271 1498 649
1034 2 2 1 1 814 1189 162
1035 2 2 1 1 853 1485 112
1036 2 2 1 1 379 1088 833
1037 2 2 1 1 328 831 811
1038 2 2 1 1 1127 1473 355
1039 2 2 1 1 1280 1439 182
1040 2 2 1 1 1134 1501 379
1041 2 2 1 1 338 1102 946
1042 2 2 1 1 357 1114 675
1043 2 2 1 1 1220 1423 255
1044 2 2 1 1 435 1162 801
1045 2 2 1 1 222 944 940
1046 2 2 1 1 714 1362 475
1047 2 2 1 1 294 1076 648
1048 2 2 1 1 747 1734 534
1049 2 2 1 1 807 1697 705
1050 2 2 1 1 1061 1508 839
1051 2 2 1 1 325 1018 772
1052 2 2 1 1 772 1594 325
1053 2 2 1 1 69 1000 68
1054 2 2 1 1 799 1316 16
1055 2 2 1 1 884 1123 679
1056 2 2 1 1 422 1110 751
1057 2 2 1 1 317 1744 908
1058 2 2 1 1 302 1313 873
1059 2 2 1 1 386 1152 667
1060 2 2 1 1 334 1515 1055
1061 2 2 1 1 245 1660 1020
1062 2 2 1 1 101 934 100
1063 2 2 1 1 339 1077 813
1064 2 2 1 1 818 1342 408
1065 2 2 1 1 137 1590 136
1066 2 2 1 1 766 1310 473
1067 2 2 1 1 681 1426 494
1068 2 2 1 1 1031 1555 244
1069 2 2 1 1 899 997 178
1070 2 2 1 1 694 1615 361
1071 2 2 1 1 811 1209 328
1072 2 2 1 1 927 1654 883
1073 2 2 1 1 686 1065 212
1074 2 2 1 1 1418 1630 293
1075 2 2 1 1 1424 1663 226
1076 2 2 1 1 237 1141 709
1077 2 2 1 1 232 1231 705
1078 2 2 1 1 293 1506 677
1079 2 2 1 1 812 1476 270
1080 2 2 1 1 663 1613 874
1081 2 2 1 1 208 956 688
1082 2 2 1 1 689 1760 312
1083 2 2 1 1 732 1540 48
1084 2 2 1 1 193 1408 718
1085 2 2 1 1 677 1418 293
1086 2 2 1 1 1167 1186 440
1087 2 2 1 1 385 1313 1065
1088 2 2 1 1 1166 1353 690
1089 2 2 1 1 748 1326 135
1090 2 2 1 1 1037 1716 657
1091 2 2 1 1 336 1296 832
1092 2 2 1 1 275 1191 1015
1093 2 2 1 1 93 1295 971
1094 2 2 1 1 688 1552 274
1095 2 2 1 1 1340 1410 491
1096 2 2 1 1 734 1616 536
1097 2 2 1 1 354 1169 722
1098 2 2 1 1 908 1744 695
1099 2 2 1 1 1145 1493 467
1100 2 2 1 1 1490 1532 506
1101 2 2 1 1 708 1667 565
1102 2 2 1 1 190 1210 736
1103 2 2 1 1 453 1292 993
1104 2 2 1 1 630 1270 1026
1105 2 2 1 1 672 975 207
1106 2 2 1 1 497 1545 875
1107 2 2 1 1 1086 1601 309
1108 2 2 1 1 201 1428 673
1109 2 2 1 1 632 1578 788
1110 2 2 1 1 207 891 672
1111 2 2 1 1 466 1521 745
1112 2 2 1 1 505 1481 960
1113 2 2 1 1 860 1310 766
1114 2 2 1 1 1269 1423 608
1115 2 2 1 1 614 1321 1026
1116 2 2 1 1 967 1504 311
1117 2 2 1 1 719 1156 242
1118 2 2 1 1 503 1042 973
1119 2 2 1 1 186 1292 877
1120 2 2 1 1 1443 1648 298
1121 2 2 1 1 1204 1598 177
1122 2 2 1 1 904 1413 513
1123 2 2 1 1 976 1565 236
1124 2 2 1 1 871 1368 27
1125 2 2 1 1 691 1071 335
1126 2 2 1 1 801 1643 317
1127 2 2 1 1 774 1626 1129
1128 2 2 1 1 211 1272 977
1129 2 2 1 1 724 1525 71
1130 2 2 1 1 325 1594 738
1131 2 2 1 1 656 1211 170
1132 2 2 1 1 390 1180 733
1133 2 2 1 1 920 1149 176
1134 2 2 1 1 679 1123 442
1135 2 2 1 1 451 954 953
1136 2 2 1 1 478 1377 696
1137 2 2 1 1 623 1227 321
1138 2 2 1 1 688 1268 208
1139 2 2 1 1 754 1647 301
1140 2 2 1 1 1099 1553 374
1141 2 2 1 1 729 1077 339
1142 2 2 1 1 319 1670 1101
1143 2 2 1 1 939 1643 801
1144 2 2 1 1 666 1112 431
1145 2 2 1 1 343 979 741
1146 2 2 1 1 368 1253 1005
1147 2 2 1 1 696 1377 185
1148 2 2 1 1 585 1532 1111
1149 2 2 1 1 638 1325 1080
1150 2 2 1 1 404 1472 760
1151 2 2 1 1 861 1440 707
1152 2 2 1 1 4 1157 104
1153 2 2 1 1 350 1460 744
1154 2 2 1 1 535 1765 837
1155 2 2 1 1 689 1546 1445
1156 2 2 1 1 751 1468 422
1157 2 2 1 1 471 1471 706
1158 2 2 1 1 350 1688 856
1159 2 2 1 1 741 1201 343
1160 2 2 1 1 138 1078 137
1161 2 2 1 1 792 1695 633
1162 2 2 1 1 53 1182 677
1163 2 2 1 1 810 1171 269
1164 2 2 1 1 238 1667 708
1165 2 2 1 1 733 1180 325
1166 2 2 1 1 163 1626 774
1167 2 2 1 1 681 1359 1266
1168 2 2 1 1 867 1750 274
1169 2 2 1 1 1063 1488 398
1170 2 2 1 1 268 1339 615
1171 2 2 1 1 1168 1546 721
1172 2 2 1 1 705 1231 652
1173 2 2 1 1 1047 1234 291
1174 2 2 1 1 355 1136 1082
1175 2 2 1 1 504 1318 833
1176 2 2 1 1 869 1591 613
1177 2 2 1 1 338 946 739
1178 2 2 1 1 794 1403 344
1179 2 2 1 1 332 1666 1265
1180 2 2 1 1 386 1171 810
1181 2 2 1 1 418 1285 1070
1182 2 2 1 1 326 1749 959
1183 2 2 1 1 493 1681 716
1184 2 2 1 1 675 1114 241
1185 2 2 1 1 1147 1464 262
1186 2 2 1 1 217 927 883
1187 2 2 1 1 914 1665 395
1188 2 2 1 1 706 1471 181
1189 2 2 1 1 534 1529 747
1190 2 2 1 1 894 1255 351
1191 2 2 1 1 888 1439 545
1192 2 2 1 1 460 1206 907
1193 2 2 1 1 322 1164 664
1194 2 2 1 1 474 1356 1062
1195 2 2 1 1 1050 1691 157
1196 2 2 1 1 167 957 870
1197 2 2 1 1 953 1579 451
1198 2 2 1 1 1532 1597 1111
1199 2 2 1 1 220 1330 1070
1200 2 2 1 1 786 1125 606
1201 2 2 1 1 112 1485 111
1202 2 2 1 1 355 1082 760
1203 2 2 1 1 757 968 323
1204 2 2 1 1 966 1064 348
1205 2 2 1 1 562 1314 791
1206 2 2 1 1 973 1042 300
1207 2 2 1 1 626 1716 1105
1208 2 2 1 1 201 1572 1275
1209 2 2 1 1 351 1255 709
1210 2 2 1 1 837 1110 191
1211 2 2 1 1 574 1617 1429
1212 2 2 1 1 1029 1067 257
1213 2 2 1 1 782 1323 229
1214 2 2 1 1 536 1222 734
1215 2 2 1 1 710 1663 1424
1216 2 2 1 1 391 1437 662
1217 2 2 1 1 448 1045 1038
1218 2 2 1 1 773 1245 394
1219 2 2 1 1 309 1420 1158
1220 2 2 1 1 243 1359 681
1221 2 2 1 1 586 1760 689
1222 2 2 1 1 787 1190 204
1223 2 2 1 1 389 1093 985
1224 2 2 1 1 845 1346 466
1225 2 2 1 1 411 1478 649
1226 2 2 1 1 589 1488 1063
1227 2 2 1 1 241 1163 1026
1228 2 2 1 1 664 1069 322
1229 2 2 1 1 933 1587 432
1230 2 2 1 1 845 1212 224
1231 2 2 1 1 715 1670 319
1232 2 2 1 1 836 1361 155
1233 2 2 1 1 944 1071 454
1234 2 2 1 1 282 1583 711
1235 2 2 1 1 366 1465 846
1236 2 2 1 1 1131 1186 603
1237 2 2 1 1 1449 1482 511
1238 2 2 1 1 638 1755 1325
1239 2 2 1 1 574 1429 992
1240 2 2 1 1 745 1212 466
1241 2 2 1 1 646 1553 1099
1242 2 2 1 1 621 1453 1432
1243 2 2 1 1 846 951 366
1244 2 2 1 1 1018 1596 772
1245 2 2 1 1 393 1128 1012
1246 2 2 1 1 529 951 846
1247 2 2 1 1 643 1603 145
1248 2 2 1 1 974 1129 569
1249 2 2 1 1 157 1395 1035
1250 2 2 1 1 207 999 754
1251 2 2 1 1 785 1399 509
1252 2 2 1 1 993 1292 539
1253 2 2 1 1 109 886 108
1254 2 2 1 1 43 942 872
1255 2 2 1 1 39 917 682
1256 2 2 1 1 46 881 45
1257 2 2 1 1 332 974 696
1258 2 2 1 1 1221 1241 474
1259 2 2 1 1 1311 1743 950
1260 2 2 1 1 934 1670 715
1261 2 2 1 1 160 1120 819
1262 2 2 1 1 521 1476 812
1263 2 2 1 1 874 1613 344
1264 2 2 1 1 130 939 129
1265 2 2 1 1 165 1712 779
1266 2 2 1 1 491 1410 1027
1267 2 2 1 1 156 1266 943
1268 2 2 1 1 16 1298 799
1269 2 2 1 1 382 1031 830
1270 2 2 1 1 960 1660 505
1271 2 2 1 1 828 1465 366
1272 2 2 1 1 769 1538 464
1273 2 2 1 1 899 1288 389
1274 2 2 1 1 244 1128 967
1275 2 2 1 1 690 1679 923
1276 2 2 1 1 111 1485 947
1277 2 2 1 1 170 1320 656
1278 2 2 1 1 332 1129 974
1279 2 2 1 1 854 1283 222
1280 2 2 1 1 776 1089 400
1281 2 2 1 1 940 944 454
1282 2 2 1 1 309 1158 707
1283 2 2 1 1 687 1319 34
1284 2 2 1 1 992 1531 668
1285 2 2 1 1 797 1179 654
1286 2 2 1 1 854 1038 376
1287 2 2 1 1 1480 1757 706
1288 2 2 1 1 1104 1330 220
1289 2 2 1 1 744 1286 350
1290 2 2 1 1 246 1337 797
1291 2 2 1 1 344 1613 848
1292 2 2 1 1 356 1570 686
1293 2 2 1 1 44 942 43
1294 2 2 1 1 709 1141 351
1295 2 2 1 1 256 1605 852
1296 2 2 1 1 903 1046 403
1297 2 2 1 1 651 1317 744
1298 2 2 1 1 567 1685 881
1299 2 2 1 1 644 1332 1057
1300 2 2 1 1 97 948 96
1301 2 2 1 1 726 1419 906
1302 2 2 1 1 1026 1321 352
1303 2 2 1 1 859 1244 409
1304 2 2 1 1 286 1277 682
1305 2 2 1 1 954 990 302
1306 2 2 1 1 11 1151 816
1307 2 2 1 1 786 1560 348
1308 2 2 1 1 717 1484 193
1309 2 2 1 1 740 1526 215
1310 2 2 1 1 494 1768 681
1311 2 2 1 1 979 1047 291
1312 2 2 1 1 1129 1626 569
1313 2 2 1 1 687 1762 431
1314 2 2 1 1 178 1628 842
1315 2 2 1 1 163 1385 742
1316 2 2 1 1 513 1214 1132
1317 2 2 1 1 870 957 380
1318 2 2 1 1 696 1491 478
1319 2 2 1 1 505 1660 1246
1320 2 2 1 1 813 1077 221
1321 2 2 1 1 561 910 909
1322 2 2 1 1 339 1341 729
1323 2 2 1 1 318 1638 1037
1324 2 2 1 1 523 1351 802
1325 2 2 1 1 62 1293 61
1326 2 2 1 1 868 985 462
1327 2 2 1 1 1122 1188 508
1328 2 2 1 1 467 1342 818
1329 2 2 1 1 682 1277 1075
1330 2 2 1 1 848 1024 344
1331 2 2 1 1 842 1628 896
1332 2 2 1 1 246 1553 646
1333 2 2 1 1 88 824 87
1334 2 2 1 1 791 1480 706
1335 2 2 1 1 195 1209 811
1336 2 2 1 1 40 917 39
1337 2 2 1 1 167 1541 889
1338 2 2 1 1 476 1283 854
1339 2 2 1 1 797 1337 433
1340 2 2 1 1 798 887 396
1341 2 2 1 1 388 1716 1037
1342 2 2 1 1 732 1160 466
1343 2 2 1 1 681 1066 243
1344 2 2 1 1 532 1234 1047
1345 2 2 1 1 1095 1128 393
1346 2 2 1 1 26 866 25
1347 2 2 1 1 410 1091 699
1348 2 2 1 1 237 1450 1041
1349 2 2 1 1 121 905 120
1350 2 2 1 1 816 1262 554
1351 2 2 1 1 156 1228 869
1352 2 2 1 1 869 1228 533
1353 2 2 1 1 1031 1692 575
1354 2 2 1 1 852 1605 595
1355 2 2 1 1 996 1569 873
1356 2 2 1 1 621 1432 950
1357 2 2 1 1 138 1642 764
1358 2 2 1 1 819 1120 458
1359 2 2 1 1 627 1540 732
1360 2 2 1 1 658 1452 347
1361 2 2 1 1 812 1547 493
1362 2 2 1 1 389 1288 1093
1363 2 2 1 1 718 1640 296
1364 2 2 1 1 1511 1534 520
1365 2 2 1 1 748 1552 500
1366 2 2 1 1 73 981 72
1367 2 2 1 1 276 1721 1455
1368 2 2 1 1 262 1579 953
1369 2 2 1 1 458 1147 673
1370 2 2 1 1 522 1316 799
1371 2 2 1 1 837 1668 535
1372 2 2 1 1 500 1326 748
1373 2 2 1 1 123 890 122
1374 2 2 1 1 1092 1625 172
1375 2 2 1 1 872 1730 42
1376 2 2 1 1 503 1252 1042
1377 2 2 1 1 18 918 17
1378 2 2 1 1 93 971 92
1379 2 2 1 1 569 1626 703
1380 2 2 1 1 736 1210 403
1381 2 2 1 1 203 1531 992
1382 2 2 1 1 49 1160 48
1383 2 2 1 1 579 1483 1203
1384 2 2 1 1 65 901 64
1385 2 2 1 1 590 1279 958
1386 2 2 1 1 534 1677 1529
1387 2 2 1 1 936 1107 441
1388 2 2 1 1 633 1143 383
1389 2 2 1 1 408 1170 818
1390 2 2 1 1 1139 1721 276
1391 2 2 1 1 504 1556 964
1392 2 2 1 1 500 1552 688
1393 2 2 1 1 170 887 798
1394 2 2 1 1 523 1126 719
1395 2 2 1 1 877 1007 293
1396 2 2 1 1 59 1527 750
1397 2 2 1 1 774 1385 163
1398 2 2 1 1 62 1394 692
1399 2 2 1 1 573 1625 1259
1400 2 2 1 1 747 1135 371
1401 2 2 1 1 649 1478 271
1402 2 2 1 1 1128 1555 1012
1403 2 2 1 1 958 1279 250
1404 2 2 1 1 301 1647 701
1405 2 2 1 1 1041 1418 423
1406 2 2 1 1 951 1447 366
1407 2 2 1 1 743 1009 311
1408 2 2 1 1 540 1368 871
1409 2 2 1 1 853 1016 337
1410 2 2 1 1 840 1735 537
1411 2 2 1 1 1018 1180 625
1412 2 2 1 1 821 1166 690
1413 2 2 1 1 892 1296 336
1414 2 2 1 1 432 1245 933
1415 2 2 1 1 195 1329 1209
1416 2 2 1 1 733 1213 390
1417 2 2 1 1 711 1583 978
1418 2 2 1 1 624 1168 721
1419 2 2 1 1 407 1224 750
1420 2 2 1 1 855 956 208
1421 2 2 1 1 990 1568 519
1422 2 2 1 1 774 1129 645
1423 2 2 1 1 1023 1289 591
1424 2 2 1 1 650 1482 1449
1425 2 2 1 1 634 1752 1644
1426 2 2 1 1 876 1447 213
1427 2 2 1 1 419 1306 742
1428 2 2 1 1 587 1422 930
1429 2 2 1 1 389 997 899
1430 2 2 1 1 512 1067 1029
1431 2 2 1 1 673 1365 458
1432 2 2 1 1 700 1207 55
1433 2 2 1 1 175 1557 1215
1434 2 2 1 1 270 1547 812
1435 2 2 1 1 1136 1236 486
1436 2 2 1 1 383 1392 633
1437 2 2 1 1 777 1324 415
1438 2 2 1 1 763 1341 339
1439 2 2 1 1 431 1319 687
1440 2 2 1 1 595 1165 852
1441 2 2 1 1 701 1089 301
1442 2 2 1 1 861 1011 183
1443 2 2 1 1 1103 1729 601
1444 2 2 1 1 799 1118 522
1445 2 2 1 1 1511 1612 169
1446 2 2 1 1 257 1067 760
1447 2 2 1 1 1233 1410 485
1448 2 2 1 1 280 1286 744
1449 2 2 1 1 569 1378 974
1450 2 2 1 1 300 1741 973
1451 2 2 1 1 684 1772 981
1452 2 2 1 1 1358 1381 514
1453 2 2 1 1 222 1038 854
1454 2 2 1 1 760 1082 257
1455 2 2 1 1 757 1159 402
1456 2 2 1 1 820 1301 489
1457 2 2 1 1 288 1365 673
1458 2 2 1 1 713 1384 399
1459 2 2 1 1 465 1400 780
1460 2 2 1 1 1099 1304 600
1461 2 2 1 1 264 1312 1257
1462 2 2 1 1 731 1228 156
1463 2 2 1 1 381 1035 902
1464 2 2 1 1 414 1054 871
1465 2 2 1 1 1431 1520 610
1466 2 2 1 1 686 1570 457
1467 2 2 1 1 337 1196 853
1468 2 2 1 1 437 1526 740
1469 2 2 1 1 495 1289 1023
1470 2 2 1 1 810 1152 386
1471 2 2 1 1 1152 1364 667
1472 2 2 1 1 938 1300 459
1473 2 2 1 1 567 1508 942
1474 2 2 1 1 773 1277 286
1475 2 2 1 1 1000 1250 465
1476 2 2 1 1 698 1606 1025
1477 2 2 1 1 955 1500 231
1478 2 2 1 1 471 1663 710
1479 2 2 1 1 52 987 51
1480 2 2 1 1 667 1427 386
1481 2 2 1 1 879 1734 259
1482 2 2 1 1 380 1676 870
1483 2 2 1 1 629 1679 902
1484 2 2 1 1 115 1051 114
1485 2 2 1 1 224 1402 845
1486 2 2 1 1 316 1388 750
1487 2 2 1 1 1216 1659 699
1488 2 2 1 1 828 1218 140
1489 2 2 1 1 984 1367 431
1490 2 2 1 1 84 862 83
1491 2 2 1 1 470 1047 979
1492 2 2 1 1 1336 1394 63
1493 2 2 1 1 925 935 216
1494 2 2 1 1 189 1039 729
1495 2 2 1 1 940 1038 222
1496 2 2 1 1 109 1618 886
1497 2 2 1 1 496 1507 728
1498 2 2 1 1 877 1292 453
1499 2 2 1 1 703 1626 163
1500 2 2 1 1 1215 1557 607
1501 2 2 1 1 859 1558 1244
1502 2 2 1 1 177 1421 1204
1503 2 2 1 1 909 1493 184
1504 2 2 1 1 175 1215 1126
1505 2 2 1 1 758 1622 235
1506 2 2 1 1 159 1311 950
1507 2 2 1 1 688 956 500
1508 2 2 1 1 433 1578 1467
1509 2 2 1 1 977 1272 517
1510 2 2 1 1 881 1685 45
1511 2 2 1 1 741 1453 621
1512 2 2 1 1 426 1262 816
1513 2 2 1 1 50 1386 745
1514 2 2 1 1 814 1307 428
1515 2 2 1 1 420 1659 1216
1516 2 2 1 1 272 1617 1124
1517 2 2 1 1 165 1459 701
1518 2 2 1 1 204 1728 786
1519 2 2 1 1 537 1478 1040
1520 2 2 1 1 993 1195 453
1521 2 2 1 1 565 1313 708
1522 2 2 1 1 390 1013 789
1523 2 2 1 1 9 838 8
1524 2 2 1 1 699 1350 410
1525 2 2 1 1 433 1179 797
1526 2 2 1 1 396 1436 798
1527 2 2 1 1 682 1075 38
1528 2 2 1 1 535 1102 1020
1529 2 2 1 1 338 983 777
1530 2 2 1 1 820 1219 356
1531 2 2 1 1 872 942 375
1532 2 2 1 1 1102 1767 245
1533 2 2 1 1 875 1306 419
1534 2 2 1 1 881 1751 567
1535 2 2 1 1 278 1113 730
1536 2 2 1 1 850 1473 483
1537 2 2 1 1 885 1624 229
1538 2 2 1 1 729 1039 412
1539 2 2 1 1 852 1165 384
1540 2 2 1 1 673 1244 288
1541 2 2 1 1 148 898 147
1542 2 2 1 1 728 1658 328
1543 2 2 1 1 932 1603 358
1544 2 2 1 1 236 1565 1360
1545 2 2 1 1 709 1662 237
1546 2 2 1 1 1042 1690 300
1547 2 2 1 1 792 1392 218
1548 2 2 1 1 837 1708 1110
1549 2 2 1 1 431 1276 666
1550 2 2 1 1 459 1300 1274
1551 2 2 1 1 946 1102 535
1552 2 2 1 1 728 1209 496
1553 2 2 1 1 164 966 826
1554 2 2 1 1 829 993 539
1555 2 2 1 1 207 1048 891
1556 2 2 1 1 740 1738 289
1557 2 2 1 1 548 1690 1042
1558 2 2 1 1 796 1285 603
1559 2 2 1 1 856 1460 350
1560 2 2 1 1 173 1364 1152
1561 2 2 1 1 971 1295 464
1562 2 2 1 1 1338 1402 224
1563 2 2 1 1 429 1755 1079
1564 2 2 1 1 421 1454 1001
1565 2 2 1 1 265 1398 1055
1566 2 2 1 1 750 1388 407
1567 2 2 1 1 1139 1176 637
1568 2 2 1 1 799 1298 392
1569 2 2 1 1 745 1521 50
1570 2 2 1 1 397 1009 743
1571 2 2 1 1 742 1347 419
1572 2 2 1 1 428 1249 814
1573 2 2 1 1 421 1116 865
1574 2 2 1 1 739 1222 338
1575 2 2 1 1 700 1407 423
1576 2 2 1 1 1456 1712 165
1577 2 2 1 1 978 1489 711
1578 2 2 1 1 479 955 788
1579 2 2 1 1 238 1488 1087
1580 2 2 1 1 482 1546 1168
1581 2 2 1 1 232 1233 1231
1582 2 2 1 1 882 1327 492
1583 2 2 1 1 367 1348 925
1584 2 2 1 1 769 1295 94
1585 2 2 1 1 349 958 795
1586 2 2 1 1 1057 1332 181
1587 2 2 1 1 1163 1756 430
1588 2 2 1 1 311 1504 743
1589 2 2 1 1 542 1062 809
1590 2 2 1 1 309 1601 764
1591 2 2 1 1 487 1561 1395
1592 2 2 1 1 951 1622 1447
1593 2 2 1 1 69 1604 1000
1594 2 2 1 1 974 1378 260
1595 2 2 1 1 1082 1136 486
1596 2 2 1 1 802 1652 1304
1597 2 2 1 1 942 1508 375
1598 2 2 1 1 943 1266 444
1599 2 2 1 1 628 1394 1336
1600 2 2 1 1 1020 1102 245
1601 2 2 1 1 171 1136 850
1602 2 2 1 1 1149 1752 634
1603 2 2 1 1 451 1280 990
1604 2 2 1 1 64 1336 63
1605 2 2 1 1 373 1647 999
1606 2 2 1 1 269 1353 810
1607 2 2 1 1 434 1353 1166
1608 2 2 1 1 780 1754 616
1609 2 2 1 1 579 1559 1483
1610 2 2 1 1 167 1457 770
1611 2 2 1 1 781 1205 359
1612 2 2 1 1 453 1007 877
1613 2 2 1 1 847 1358 340
1614 2 2 1 1 307 1615 694
1615 2 2 1 1 973 1741 717
1616 2 2 1 1 16 1316 15
1617 2 2 1 1 86 1023 85
1618 2 2 1 1 922 1525 340
1619 2 2 1 1 77 1403 76
1620 2 2 1 1 1160 1521 466
1621 2 2 1 1 741 1366 1201
1622 2 2 1 1 1251 1738 429
1623 2 2 1 1 276 1176 1139
1624 2 2 1 1 1025 1606 481
1625 2 2 1 1 1191 1655 605
1626 2 2 1 1 816 1564 11
1627 2 2 1 1 871 1054 540
1628 2 2 1 1 302 1710 708
1629 2 2 1 1 12 1151 11
1630 2 2 1 1 808 1400 465
1631 2 2 1 1 780 1187 465
1632 2 2 1 1 1043 1586 454
1633 2 2 1 1 1055 1515 551
1634 2 2 1 1 1006 1342 225
1635 2 2 1 1 1457 1514 770
1636 2 2 1 1 192 1096 817
1637 2 2 1 1 3 1309 79
1638 2 2 1 1 843 1215 607
1639 2 2 1 1 489 1301 1239
1640 2 2 1 1 375 1087 872
1641 2 2 1 1 297 1538 769
1642 2 2 1 1 991 1486 188
1643 2 2 1 1 1126 1215 547
1644 2 2 1 1 215 1526 771
1645 2 2 1 1 1172 1340 159
1646 2 2 1 1 1076 1671 648
1647 2 2 1 1 149 1081 148
1648 2 2 1 1 937 1079 369
1649 2 2 1 1 925 1348 520
1650 2 2 1 1 323 1708 837
1651 2 2 1 1 472 1548 1321
1652 2 2 1 1 556 1059 982
1653 2 2 1 1 959 1749 670
1654 2 2 1 1 765 1076 294
1655 2 2 1 1 406 1415 773
1656 2 2 1 1 431 1367 1276
1657 2 2 1 1 862 1425 83
1658 2 2 1 1 601 1729 1194
1659 2 2 1 1 1204 1421 548
1660 2 2 1 1 37 916 36
1661 2 2 1 1 392 1192 1118
1662 2 2 1 1 171 1236 1136
1663 2 2 1 1 231 1556 1088
1664 2 2 1 1 765 1698 558
1665 2 2 1 1 839 1034 212
1666 2 2 1 1 204 1190 835
1667 2 2 1 1 509 1202 785
1668 2 2 1 1 303 1620 789
1669 2 2 1 1 1153 1251 429
1670 2 2 1 1 864 1169 566
1671 2 2 1 1 878 1189 368
1672 2 2 1 1 469 1420 764
1673 2 2 1 1 707 1158 213
1674 2 2 1 1 1291 1499 440
1675 2 2 1 1 212 1034 961
1676 2 2 1 1 857 1109 196
1677 2 2 1 1 716 1648 561
1678 2 2 1 1 215 1230 740
1679 2 2 1 1 577 1565 1100
1680 2 2 1 1 267 1140 1108
1681 2 2 1 1 727 1227 426
1682 2 2 1 1 233 1046 903
1683 2 2 1 1 401 1011 861
1684 2 2 1 1 155 1588 836
1685 2 2 1 1 665 1486 991
1686 2 2 1 1 1051 1458 114
1687 2 2 1 1 543 1251 1153
1688 2 2 1 1 980 1034 378
1689 2 2 1 1 70 1604 69
1690 2 2 1 1 760 1067 404
1691 2 2 1 1 750 1527 793
1692 2 2 1 1 561 1611 716
1693 2 2 1 1 371 1240 747
1694 2 2 1 1 1547 1586 1043
1695 2 2 1 1 266 1693 1242
1696 2 2 1 1 853 1196 452
1697 2 2 1 1 230 1192 1177
1698 2 2 1 1 760 1472 1127
1699 2 2 1 1 507 1250 1000
1700 2 2 1 1 981 1772 405
1701 2 2 1 1 999 1647 754
1702 2 2 1 1 689 1445 204
1703 2 2 1 1 1342 1366 225
1704 2 2 1 1 895 1032 365
1705 2 2 1 1 185 1581 784
1706 2 2 1 1 937 1153 429
1707 2 2 1 1 219 1166 821
1708 2 2 1 1 675 995 994
1709 2 2 1 1 1055 1398 553
1710 2 2 1 1 80 1309 3
1711 2 2 1 1 932 1727 1430
1712 2 2 1 1 206 985 868
1713 2 2 1 1 832 1296 268
1714 2 2 1 1 333 1123 884
1715 2 2 1 1 705 1697 232
1716 2 2 1 1 570 1691 1050
1717 2 2 1 1 761 1665 331
1718 2 2 1 1 737 1161 304
1719 2 2 1 1 67 1187 780
1720 2 2 1 1 1237 1447 516
1721 2 2 1 1 151 989 150
1722 2 2 1 1 108 1269 107
1723 2 2 1 1 359 1242 781
1724 2 2 1 1 703 1378 569
1725 2 2 1 1 311 1009 758
1726 2 2 1 1 1234 1492 549
1727 2 2 1 1 781 1693 384
1728 2 2 1 1 415 1767 777
1729 2 2 1 1 1021 1072 353
1730 2 2 1 1 812 1354 521
1731 2 2 1 1 296 1759 759
1732 2 2 1 1 1172 1454 421
1733 2 2 1 1 282 1249 749
1734 2 2 1 1 292 1406 771
1735 2 2 1 1 1258 1646 642
1736 2 2 1 1 1124 1254 272
1737 2 2 1 1 218 1302 1040
1738 2 2 1 1 144 932 143
1739 2 2 1 1 355 1473 850
1740 2 2 1 1 195 1520 1431
1741 2 2 1 1 1068 1673 566
1742 2 2 1 1 265 1133 790
1743 2 2 1 1 764 1601 1078
1744 2 2 1 1 553 1398 1069
1745 2 2 1 1 817 1096 515
1746 2 2 1 1 988 1216 154
1747 2 2 1 1 614 1163 1053
1748 2 2 1 1 1075 1277 394
1749 2 2 1 1 951 1513 235
1750 2 2 1 1 656 1320 775
1751 2 2 1 1 423 1207 700
1752 2 2 1 1 865 1116 320
1753 2 2 1 1 353 1735 840
1754 2 2 1 1 790 1398 265
1755 2 2 1 1 134 965 133
1756 2 2 1 1 1043 1071 205
1757 2 2 1 1 870 1676 462
1758 2 2 1 1 267 1108 829
1759 2 2 1 1 1024 1373 546
1760 2 2 1 1 178 1261 899
1761 2 2 1 1 490 1531 1238
1762 2 2 1 1 516 1622 758
1763 2 2 1 1 1679 1775 902
1764 2 2 1 1 330 1381 783
1765 2 2 1 1 88 1117 824
1766 2 2 1 1 187 1495 804
1767 2 2 1 1 392 1298 918
1768 2 2 1 1 607 1721 843
1769 2 2 1 1 234 1452 911
1770 2 2 1 1 448 1038 940
1771 2 2 1 1 173 1623 800
1772 2 2 1 1 514 1565 976
1773 2 2 1 1 886 1618 557
1774 2 2 1 1 1294 1576 413
1775 2 2 1 1 590 1554 1279
1776 2 2 1 1 456 1678 962
1777 2 2 1 1 758 1599 311
1778 2 2 1 1 947 1226 557
1779 2 2 1 1 1201 1493 909
1780 2 2 1 1 374 1304 1099
1781 2 2 1 1 778 1444 102
1782 2 2 1 1 767 1332 644
1783 2 2 1 1 880 1172 421
1784 2 2 1 1 1044 1356 474
1785 2 2 1 1 547 1725 719
1786 2 2 1 1 133 1135 132
1787 2 2 1 1 229 1624 782
1788 2 2 1 1 542 1221 1062
1789 2 2 1 1 775 1320 438
1790 2 2 1 1 1271 1509 417
1791 2 2 1 1 306 1400 808
1792 2 2 1 1 706 1757 851
1793 2 2 1 1 806 1584 522
1794 2 2 1 1 351 1155 815
1795 2 2 1 1 450 1514 1457
1796 2 2 1 1 140 1465 828
1797 2 2 1 1 382 1692 1031
1798 2 2 1 1 833 1318 510
1799 2 2 1 1 488 1770 821
1800 2 2 1 1 40 1063 917
1801 2 2 1 1 868 1676 380
1802 2 2 1 1 878 1130 439
1803 2 2 1 1 1323 1577 564
1804 2 2 1 1 371 1135 965
1805 2 2 1 1 223 1142 921
1806 2 2 1 1 501 1543 823
1807 2 2 1 1 589 1730 872
1808 2 2 1 1 145 1603 144
1809 2 2 1 1 174 1153 937
1810 2 2 1 1 191 1668 837
1811 2 2 1 1 719 1126 547
1812 2 2 1 1 221 1146 813
1813 2 2 1 1 787 1711 460
1814 2 2 1 1 1087 1488 589
1815 2 2 1 1 816 1151 426
1816 2 2 1 1 445 1422 941
1817 2 2 1 1 140 1218 139
1818 2 2 1 1 432 1466 916
1819 2 2 1 1 456 1520 811
1820 2 2 1 1 745 1386 416
1821 2 2 1 1 562 1332 767
1822 2 2 1 1 407 1723 1224
1823 2 2 1 1 893 1246 245
1824 2 2 1 1 264 1257 1001
1825 2 2 1 1 831 1512 805
1826 2 2 1 1 785 1686 1399
1827 2 2 1 1 771 1526 437
1828 2 2 1 1 872 1087 589
1829 2 2 1 1 983 1324 777
1830 2 2 1 1 469 1218 828
1831 2 2 1 1 593 1773 765
1832 2 2 1 1 909 910 343
1833 2 2 1 1 839 1751 378
1834 2 2 1 1 444 1164 943
1835 2 2 1 1 162 1307 814
1836 2 2 1 1 777 1767 1102
1837 2 2 1 1 938 1052 247
1838 2 2 1 1 483 1441 808
1839 2 2 1 1 729 1341 189
1840 2 2 1 1 420 1387 904
1841 2 2 1 1 429 1079 937
1842 2 2 1 1 971 1181 411
1843 2 2 1 1 220 1285 796
1844 2 2 1 1 372 1671 1076
1845 2 2 1 1 1070 1285 220
1846 2 2 1 1 878 1442 162
1847 2 2 1 1 620 1696 966
1848 2 2 1 1 63 1394 62
1849 2 2 1 1 44 1685 942
1850 2 2 1 1 345 1656 969
1851 2 2 1 1 803 1452 234
1852 2 2 1 1 528 1458 1051
1853 2 2 1 1 1257 1312 526
1854 2 2 1 1 852 1204 548
1855 2 2 1 1 18 1481 918
1856 2 2 1 1 259 1383 896
1857 2 2 1 1 1066 1593 243
1858 2 2 1 1 1231 1256 652
1859 2 2 1 1 795 1726 583
1860 2 2 1 1 808 1441 306
1861 2 2 1 1 994 995 209
1862 2 2 1 1 1071 1745 205
1863 2 2 1 1 1540 1580 47
1864 2 2 1 1 790 1133 363
1865 2 2 1 1 1001 1257 421
1866 2 2 1 1 811 1520 195
1867 2 2 1 1 17 1298 16
1868 2 2 1 1 793 1530 399
1869 2 2 1 1 965 1135 133
1870 2 2 1 1 1243 1645 488
1871 2 2 1 1 529 1513 951
1872 2 2 1 1 183 1608 861
1873 2 2 1 1 1500 1556 231
1874 2 2 1 1 566 1673 848
1875 2 2 1 1 323 1159 757
1876 2 2 1 1 451 990 954
1877 2 2 1 1 1174 1384 713
1878 2 2 1 1 831 1678 456
1879 2 2 1 1 835 1518 314
1880 2 2 1 1 800 1684 295
1881 2 2 1 1 1037 1638 676
1882 2 2 1 1 399 1293 692
1883 2 2 1 1 205 1150 1043
1884 2 2 1 1 365 1617 895
1885 2 2 1 1 782 1571 400
1886 2 2 1 1 148 1081 898
1887 2 2 1 1 225 1366 741
1888 2 2 1 1 304 1614 737
1889 2 2 1 1 218 1392 1017
1890 2 2 1 1 434 1489 978
1891 2 2 1 1 253 1130 1004
1892 2 2 1 1 1304 1652 600
1893 2 2 1 1 716 1611 184
1894 2 2 1 1 387 1662 709
1895 2 2 1 1 520 935 925
1896 2 2 1 1 538 1427 1278
1897 2 2 1 1 89 1117 88
1898 2 2 1 1 399 1382 823
1899 2 2 1 1 36 1466 35
1900 2 2 1 1 558 1170 929
1901 2 2 1 1 378 1034 839
1902 2 2 1 1 154 1216 153
1903 2 2 1 1 464 1181 971
1904 2 2 1 1 937 1241 174
1905 2 2 1 1 810 1353 434
1906 2 2 1 1 707 1440 309
1907 2 2 1 1 942 1685 567
1908 2 2 1 1 38 1075 37
1909 2 2 1 1 986 1436 396
1910 2 2 1 1 611 1185 1004
1911 2 2 1 1 462 1676 868
1912 2 2 1 1 1501 1759 592
1913 2 2 1 1 534 1734 879
1914 2 2 1 1 1041 1450 484
1915 2 2 1 1 307 1585 753
1916 2 2 1 1 611 1377 1185
1917 2 2 1 1 814 1290 560
1918 2 2 1 1 1467 1578 632
1919 2 2 1 1 394 1277 773
1920 2 2 1 1 689 1433 586
1921 2 2 1 1 818 1170 240
1922 2 2 1 1 753 1615 307
1923 2 2 1 1 51 1386 50
1924 2 2 1 1 623 1687 972
1925 2 2 1 1 544 1624 885
1926 2 2 1 1 1230 1755 429
1927 2 2 1 1 746 1662 387
1928 2 2 1 1 213 1158 876
1929 2 2 1 1 838 1413 8
1930 2 2 1 1 843 1715 1215
1931 2 2 1 1 471 1380 963
1932 2 2 1 1 1307 1330 428
1933 2 2 1 1 254 1673 1068
1934 2 2 1 1 237 1662 1450
1935 2 2 1 1 363 1109 857
1936 2 2 1 1 1051 1355 525
1937 2 2 1 1 83 1425 82
1938 2 2 1 1 1370 1619 578
1939 2 2 1 1 399 1530 1293
1940 2 2 1 1 533 1228 825
1941 2 2 1 1 1380 1545 963
1942 2 2 1 1 1337 1434 530
1943 2 2 1 1 917 1208 682
1944 2 2 1 1 593 1393 1184
1945 2 2 1 1 759 1501 228
1946 2 2 1 1 760 1127 355
1947 2 2 1 1 943 1164 322
1948 2 2 1 1 34 1319 33
1949 2 2 1 1 26 1368 866
1950 2 2 1 1 528 1254 1124
1951 2 2 1 1 392 1246 893
1952 2 2 1 1 809 1062 260
1953 2 2 1 1 929 1223 180
1954 2 2 1 1 336 1385 774
1955 2 2 1 1 876 1158 469
1956 2 2 1 1 578 1637 1370
1957 2 2 1 1 421 1257 1116
1958 2 2 1 1 1229 1573 414
1959 2 2 1 1 836 1483 305
1960 2 2 1 1 708 1710 519
1961 2 2 1 1 1468 1715 843
1962 2 2 1 1 86 1178 1023
1963 2 2 1 1 41 1063 40
1964 2 2 1 1 966 1560 826
1965 2 2 1 1 896 1383 477
1966 2 2 1 1 33 1112 32
1967 2 2 1 1 94 1295 93
1968 2 2 1 1 413 1121 1027
1969 2 2 1 1 1062 1356 260
1970 2 2 1 1 978 1583 524
1971 2 2 1 1 316 1384 1174
1972 2 2 1 1 422 1468 843
1973 2 2 1 1 904 1132 420
1974 2 2 1 1 106 1700 945
1975 2 2 1 1 224 1212 1195
1976 2 2 1 1 549 1454 950
1977 2 2 1 1 947 1618 110
1978 2 2 1 1 1422 1736 941
1979 2 2 1 1 918 1481 505
1980 2 2 1 1 759 1759 1501
1981 2 2 1 1 113 1458 1016
1982 2 2 1 1 738 1686 785
1983 2 2 1 1 843 1721 422
1984 2 2 1 1 922 1604 70
1985 2 2 1 1 20 960 19
1986 2 2 1 1 1513 1727 358
1987 2 2 1 1 770 1707 957
1988 2 2 1 1 384 1204 852
1989 2 2 1 1 837 1159 323
1990 2 2 1 1 158 1327 1045
1991 2 2 1 1 833 1556 504
1992 2 2 1 1 801 1742 435
1993 2 2 1 1 152 1091 151
1994 2 2 1 1 459 1052 938
1995 2 2 1 1 762 1162 435
1996 2 2 1 1 597 1494 1109
1997 2 2 1 1 608 1220 945
1998 2 2 1 1 866 1417 25
1999 2 2 1 1 116 1722 768
2000 2 2 1 1 444 1359 834
2001 2 2 1 1 932 1430 143
2002 2 2 1 1 1054 1573 242
2003 2 2 1 1 950 1454 159
2004 2 2 1 1 1284 1468 751
2005 2 2 1 1 826 1560 606
2006 2 2 1 1 815 1723 407
2007 2 2 1 1 115 1355 1051
2008 2 2 1 1 255 1423 767
2009 2 2 1 1 1145 1739 521
2010 2 2 1 1 915 1737 369
2011 2 2 1 1 856 1688 306
2012 2 2 1 1 1194 1729 285
2013 2 2 1 1 498 1444 778
2014 2 2 1 1 969 1656 554
2015 2 2 1 1 298 1648 716
2016 2 2 1 1 400 1235 776
2017 2 2 1 1 325 1180 1018
2018 2 2 1 1 107 1700 106
2019 2 2 1 1 266 1264 1107
2020 2 2 1 1 37 1075 916
2021 2 2 1 1 823 1543 713
2022 2 2 1 1 861 1608 580
2023 2 2 1 1 839 1508 567
2024 2 2 1 1 261 1477 1287
2025 2 2 1 1 935 1255 216
2026 2 2 1 1 768 1355 116
2027 2 2 1 1 369 1718 937
2028 2 2 1 1 1105 1716 388
2029 2 2 1 1 127 1162 762
2030 2 2 1 1 1327 1372 492
2031 2 2 1 1 1242 1693 781
2032 2 2 1 1 979 1453 741
2033 2 2 1 1 48 1540 47
2034 2 2 1 1 882 1085 376
2035 2 2 1 1 329 1323 782
2036 2 2 1 1 134 1326 965
2037 2 2 1 1 691 1745 1071
2038 2 2 1 1 303 1655 825
2039 2 2 1 1 931 1513 358
2040 2 2 1 1 1474 1479 472
2041 2 2 1 1 805 1512 636
2042 2 2 1 1 1027 1121 491
2043 2 2 1 1 246 1434 1337
2044 2 2 1 1 846 1465 141
2045 2 2 1 1 349 1390 805
2046 2 2 1 1 328 1512 831
2047 2 2 1 1 898 1308 147
2048 2 2 1 1 1062 1221 474
2049 2 2 1 1 230 1310 860
2050 2 2 1 1 885 1451 333
2051 2 2 1 1 428 1632 1249
2052 2 2 1 1 1199 1239 427
2053 2 2 1 1 567 1751 839
2054 2 2 1 1 189 1341 1247
2055 2 2 1 1 405 1331 847
2056 2 2 1 1 792 1538 297
2057 2 2 1 1 321 1227 727
2058 2 2 1 1 71 1525 70
2059 2 2 1 1 450 1282 796
2060 2 2 1 1 869 1426 156
2061 2 2 1 1 375 1508 1061
2062 2 2 1 1 446 1256 1231
2063 2 2 1 1 1007 1506 293
2064 2 2 1 1 962 1678 1352
2065 2 2 1 1 859 1315 179
2066 2 2 1 1 259 1734 1240
2067 2 2 1 1 972 1262 426
2068 2 2 1 1 988 1387 420
2069 2 2 1 1 895 1617 272
2070 2 2 1 1 128 1162 127
2071 2 2 1 1 440 1499 1167
2072 2 2 1 1 854 1627 476
2073 2 2 1 1 827 1719 497
2074 2 2 1 1 1311 1340 491
2075 2 2 1 1 90 1106 89
2076 2 2 1 1 531 1161 822
2077 2 2 1 1 1432 1453 291
2078 2 2 1 1 151 1091 989
2079 2 2 1 1 141 1465 140
2080 2 2 1 1 1083 1581 602
2081 2 2 1 1 907 1206 424
2082 2 2 1 1 224 1195 993
2083 2 2 1 1 982 1059 372
2084 2 2 1 1 897 1428 201
2085 2 2 1 1 1043 1150 493
2086 2 2 1 1 575 1494 1012
2087 2 2 1 1 439 1442 878
2088 2 2 1 1 1023 1178 495
2089 2 2 1 1 76 1403 794
2090 2 2 1 1 848 1748 566
2091 2 2 1 1 361 1615 753
2092 2 2 1 1 996 1371 166
2093 2 2 1 1 1058 1130 253
2094 2 2 1 1 789 1620 390
2095 2 2 1 1 850 1136 355
2096 2 2 1 1 367 1610 1090
2097 2 2 1 1 1119 1772 1373
2098 2 2 1 1 454 1071 1043
2099 2 2 1 1 143 1430 142
2100 2 2 1 1 480 1599 758
2101 2 2 1 1 11 1564 10
2102 2 2 1 1 1109 1494 196
2103 2 2 1 1 824 1178 87
2104 2 2 1 1 825 1655 533
2105 2 2 1 1 756 1459 165
2106 2 2 1 1 305 1154 962
2107 2 2 1 1 1013 1213 510
2108 2 2 1 1 378 1751 881
2109 2 2 1 1 117 1722 116
2110 2 2 1 1 1185 1377 478
2111 2 2 1 1 374 1553 797
2112 2 2 1 1 314 1433 835
2113 2 2 1 1 453 1195 1007
2114 2 2 1 1 371 956 855
2115 2 2 1 1 1106 1117 89
2116 2 2 1 1 1518 1674 723
2117 2 2 1 1 5 1387 988
2118 2 2 1 1 832 1347 336
2119 2 2 1 1 390 1213 1013
2120 2 2 1 1 328 1658 889
2121 2 2 1 1 252 1219 820
2122 2 2 1 1 436 1149 920
2123 2 2 1 1 281 1380 851
2124 2 2 1 1 54 1182 53
2125 2 2 1 1 898 1081 359
2126 2 2 1 1 1032 1221 542
2127 2 2 1 1 650 1449 967
2128 2 2 1 1 446 1233 1036
2129 2 2 1 1 429 1738 1230
2130 2 2 1 1 364 1674 1518
2131 2 2 1 1 1435 1464 530
2132 2 2 1 1 809 1378 703
2133 2 2 1 1 247 1271 938
2134 2 2 1 1 929 1170 408
2135 2 2 1 1 365 1281 959
2136 2 2 1 1 958 1726 795
2137 2 2 1 1 485 1410 1340
2138 2 2 1 1 1260 1437 913
2139 2 2 1 1 439 1130 1058
2140 2 2 1 1 870 1554 167
2141 2 2 1 1 1483 1559 305
2142 2 2 1 1 949 1229 414
2143 2 2 1 1 525 1355 768
2144 2 2 1 1 376 1701 854
2145 2 2 1 1 213 1237 924
2146 2 2 1 1 1061 1065 565
2147 2 2 1 1 160 1217 1120
2148 2 2 1 1 1025 1463 177
2149 2 2 1 1 459 1743 1311
2150 2 2 1 1 217 1499 841
2151 2 2 1 1 796 1282 220
2152 2 2 1 1 818 1739 1145
2153 2 2 1 1 233 1678 831
2154 2 2 1 1 835 1190 364
2155 2 2 1 1 258 1715 1468
2156 2 2 1 1 1329 1632 496
2157 2 2 1 1 891 1048 396
2158 2 2 1 1 272 1254 919
2159 2 2 1 1 775 1339 268
2160 2 2 1 1 511 1585 830
2161 2 2 1 1 930 1205 210
2162 2 2 1 1 436 1034 980
2163 2 2 1 1 92 1144 91
2164 2 2 1 1 122 1523 121
2165 2 2 1 1 345 1606 1214
2166 2 2 1 1 1063 1730 589
2167 2 2 1 1 372 1746 982
2168 2 2 1 1 847 1331 202
2169 2 2 1 1 395 1665 761
2170 2 2 1 1 747 1529 1135
2171 2 2 1 1 768 1722 685
2172 2 2 1 1 879 1744 317
2173 2 2 1 1 162 1189 878
2174 2 2 1 1 221 1389 1146
2175 2 2 1 1 776 1235 199
2176 2 2 1 1 495 1451 885
2177 2 2 1 1 767 1423 377
2178 2 2 1 1 439 1737 915
2179 2 2 1 1 558 1698 1170
2180 2 2 1 1 22 1550 968
2181 2 2 1 1 1016 1771 113
2182 2 2 1 1 510 1318 1013
2183 2 2 1 1 649 1498 1106
2184 2 2 1 1 425 1288 899
2185 2 2 1 1 409 1428 897
2186 2 2 1 1 1040 1302 537
2187 2 2 1 1 913 1774 183
2188 2 2 1 1 1249 1632 749
2189 2 2 1 1 70 1525 922
2190 2 2 1 1 1005 1575 368
2191 2 2 1 1 197 1577 864
2192 2 2 1 1 716 1681 298
2193 2 2 1 1 864 1748 197
2194 2 2 1 1 147 1308 146
2195 2 2 1 1 557 1618 947
2196 2 2 1 1 1325 1755 215
2197 2 2 1 1 791 1314 490
2198 2 2 1 1 1053 1163 430
2199 2 2 1 1 223 1203 1142
2200 2 2 1 1 1004 1185 253
2201 2 2 1 1 1363 1373 684
2202 2 2 1 1 6 1387 5
2203 2 2 1 1 1124 1617 574
2204 2 2 1 1 176 1301 920
2205 2 2 1 1 47 1580 46
2206 2 2 1 1 258 1468 1284
2207 2 2 1 1 596 1523 890
2208 2 2 1 1 1368 1651 866
2209 2 2 1 1 489 1239 1199
2210 2 2 1 1 84 1391 862
2211 2 2 1 1 221 1077 1056
2212 2 2 1 1 1312 1764 425
2213 2 2 1 1 391 1750 867
2214 2 2 1 1 1148 1439 406
2215 2 2 1 1 513 1132 904
2216 2 2 1 1 1317 1702 501
2217 2 2 1 1 499 1338 829
2218 2 2 1 1 388 1416 826
2219 2 2 1 1 776 1717 640
2220 2 2 1 1 489 1335 1094
2221 2 2 1 1 836 1588 449
2222 2 2 1 1 1184 1393 541
2223 2 2 1 1 317 1742 801
2224 2 2 1 1 901 1336 64
2225 2 2 1 1 834 1505 444
2226 2 2 1 1 1119 1373 254
2227 2 2 1 1 813 1146 395
2228 2 2 1 1 349 1516 958
2229 2 2 1 1 917 1063 398
2230 2 2 1 1 610 1520 1154
2231 2 2 1 1 1059 1671 372
2232 2 2 1 1 1265 1272 211
2233 2 2 1 1 1286 1649 350
2234 2 2 1 1 591 1391 1023
2235 2 2 1 1 55 1207 54
2236 2 2 1 1 897 1487 409
2237 2 2 1 1 9 1376 838
2238 2 2 1 1 181 1471 1057
2239 2 2 1 1 658 1712 1456
2240 2 2 1 1 830 1672 511
2241 2 2 1 1 346 1661 1225
2242 2 2 1 1 552 1272 1265
2243 2 2 1 1 310 1757 1480
2244 2 2 1 1 1096 1173 515
2245 2 2 1 1 598 1174 1010
2246 2 2 1 1 921 1142 364
2247 2 2 1 1 308 1514 796
2248 2 2 1 1 640 1436 986
2249 2 2 1 1 1182 1418 677
2250 2 2 1 1 913 1437 391
2251 2 2 1 1 845 1644 1346
2252 2 2 1 1 900 1414 263
2253 2 2 1 1 538 1462 1028
2254 2 2 1 1 190 1533 1210
2255 2 2 1 1 666 1573 1229
2256 2 2 1 1 116 1355 115
2257 2 2 1 1 886 1269 108
2258 2 2 1 1 383 1339 775
2259 2 2 1 1 41 1730 1063
2260 2 2 1 1 130 1677 939
2261 2 2 1 1 1088 1092 536
2262 2 2 1 1 457 1371 996
2263 2 2 1 1 1024 1657 344
2264 2 2 1 1 883 1654 674
2265 2 2 1 1 798 1766 353
2266 2 2 1 1 254 1373 1024
2267 2 2 1 1 552 1666 1083
2268 2 2 1 1 455 1544 945
2269 2 2 1 1 904 1387 6
2270 2 2 1 1 396 1048 986
2271 2 2 1 1 829 1108 499
2272 2 2 1 1 1135 1529 132
2273 2 2 1 1 837 1765 1159
2274 2 2 1 1 14 1584 806
2275 2 2 1 1 546 1373 1363
2276 2 2 1 1 1179 1455 654
2277 2 2 1 1 1199 1335 489
2278 2 2 1 1 677 1506 987
2279 2 2 1 1 502 1352 903
2280 2 2 1 1 387 1614 746
2281 2 2 1 1 1138 1476 541
2282 2 2 1 1 893 1767 415
2283 2 2 1 1 905 1523 596
2284 2 2 1 1 258 1646 1030
2285 2 2 1 1 1052 1311 491
2286 2 2 1 1 634 1644 1402
2287 2 2 1 1 263 1198 900
2288 2 2 1 1 580 1608 867
2289 2 2 1 1 821 1770 219
2290 2 2 1 1 1094 1335 463
2291 2 2 1 1 259 1633 879
2292 2 2 1 1 550 1504 967
2293 2 2 1 1 264 1492 952
2294 2 2 1 1 1041 1407 237
2295 2 2 1 1 889 1457 167
2296 2 2 1 1 135 1326 134
2297 2 2 1 1 1097 1138 541
2298 2 2 1 1 212 1065 1061
2299 2 2 1 1 1145 1354 184
2300 2 2 1 1 401 1194 1011
2301 2 2 1 1 962 1154 456
2302 2 2 1 1 1093 1279 462
2303 2 2 1 1 916 1075 394
2304 2 2 1 1 1164 1505 664
2305 2 2 1 1 1151 1683 727
2306 2 2 1 1 445 1308 898
2307 2 2 1 1 989 1264 612
2308 2 2 1 1 946 1668 191
2309 2 2 1 1 829 1338 993
2310 2 2 1 1 642 1550 1258
2311 2 2 1 1 364 1518 835
2312 2 2 1 1 764 1420 309
2313 2 2 1 1 830 1585 307
2314 2 2 1 1 448 1097 1045
2315 2 2 1 1 403 1210 900
2316 2 2 1 1 554 1564 816
2317 2 2 1 1 909 1611 561
2318 2 2 1 1 957 1707 609
2319 2 2 1 1 1239 1301 176
2320 2 2 1 1 1430 1727 529
2321 2 2 1 1 1119 1331 405
2322 2 2 1 1 727 1731 806
2323 2 2 1 1 867 1774 391
2324 2 2 1 1 1244 1558 288
2325 2 2 1 1 965 1326 500
2326 2 2 1 1 1110 1708 751
2327 2 2 1 1 568 1646 1258
2328 2 2 1 1 580 1440 861
2329 2 2 1 1 1051 1254 528
2330 2 2 1 1 890 1523 122
2331 2 2 1 1 692 1382 399
2332 2 2 1 1 192 1294 1096
2333 2 2 1 1 1372 1551 581
2334 2 2 1 1 458 1464 1147
2335 2 2 1 1 871 1635 414
2336 2 2 1 1 793 1384 316
2337 2 2 1 1 997 1628 178
2338 2 2 1 1 125 1299 124
2339 2 2 1 1 851 1370 671
2340 2 2 1 1 363 1133 1109
2341 2 2 1 1 170 1211 887
2342 2 2 1 1 1033 1661 827
2343 2 2 1 1 945 1220 455
2344 2 2 1 1 245 1767 893
2345 2 2 1 1 860 1589 522
2346 2 2 1 1 23 1550 22
2347 2 2 1 1 971 1144 92
2348 2 2 1 1 952 1248 583
2349 2 2 1 1 525 1254 1051
2350 2 2 1 1 1013 1318 179
2351 2 2 1 1 260 1378 809
2352 2 2 1 1 1344 1389 613
2353 2 2 1 1 933 1245 214
2354 2 2 1 1 419 1347 832
2355 2 2 1 1 276 1455 1179
2356 2 2 1 1 1297 1448 487
2357 2 2 1 1 1045 1097 158
2358 2 2 1 1 959 1281 326
2359 2 2 1 1 532 1248 952
2360 2 2 1 1 1083 1666 784
2361 2 2 1 1 263 1414 910
2362 2 2 1 1 486 1303 863
2363 2 2 1 1 1209 1329 496
2364 2 2 1 1 60 1527 59
2365 2 2 1 1 343 1201 909
2366 2 2 1 1 201 1275 897
2367 2 2 1 1 240 1739 818
2368 2 2 1 1 676 1592 1416
2369 2 2 1 1 1036 1260 446
2370 2 2 1 1 749 1632 1329
2371 2 2 1 1 746 1614 304
2372 2 2 1 1 1166 1489 434
2373 2 2 1 1 417 1509 1223
2374 2 2 1 1 556 1597 834
2375 2 2 1 1 806 1731 14
2376 2 2 1 1 488 1645 1374
2377 2 2 1 1 416 1386 987
2378 2 2 1 1 982 1746 1438
2379 2 2 1 1 42 1730 41
2380 2 2 1 1 226 1719 827
2381 2 2 1 1 916 1466 36
2382 2 2 1 1 1214 1606 698
2383 2 2 1 1 938 1271 417
2384 2 2 1 1 1007 1195 416
2385 2 2 1 1 216 1255 894
2386 2 2 1 1 1402 1644 845
2387 2 2 1 1 1023 1391 85
2388 2 2 1 1 1411 1638 404
2389 2 2 1 1 919 1254 525
2390 2 2 1 1 1287 1477 581
2391 2 2 1 1 1028 1462 360
2392 2 2 1 1 796 1514 450
2393 2 2 1 1 1140 1200 427
2394 2 2 1 1 604 1448 1297
2395 2 2 1 1 1080 1325 447
2396 2 2 1 1 517 1535 977
2397 2 2 1 1 918 1298 17
2398 2 2 1 1 1122 1736 279
2399 2 2 1 1 952 1492 532
2400 2 2 1 1 152 1650 1091
2401 2 2 1 1 8 1413 7
2402 2 2 1 1 244 1672 1031
2403 2 2 1 1 146 1308 941
2404 2 2 1 1 333 1451 824
2405 2 2 1 1 1334 1623 173
2406 2 2 1 1 121 1523 905
2407 2 2 1 1 978 1334 434
2408 2 2 1 1 267 1085 882
2409 2 2 1 1 442 1117 1106
2410 2 2 1 1 1370 1637 671
2411 2 2 1 1 1030 1694 342
2412 2 2 1 1 895 1536 1032
2413 2 2 1 1 622 1296 892
2414 2 2 1 1 427 1200 1199
2415 2 2 1 1 398 1208 917
2416 2 2 1 1 470 1414 900
2417 2 2 1 1 379 1092 1088
2418 2 2 1 1 1610 1714 626
2419 2 2 1 1 848 1673 1024
2420 2 2 1 1 477 1383 855
2421 2 2 1 1 1046 1390 736
2422 2 2 1 1 887 1763 527
2423 2 2 1 1 834 1699 556
2424 2 2 1 1 139 1642 138
2425 2 2 1 1 478 1491 1356
2426 2 2 1 1 1177 1607 230
2427 2 2 1 1 202 1358 847
2428 2 2 1 1 504 1558 859
2429 2 2 1 1 1416 1592 164
2430 2 2 1 1 250 1279 1093
2431 2 2 1 1 1457 1658 450
2432 2 2 1 1 1258 1550 23
2433 2 2 1 1 452 1226 947
2434 2 2 1 1 961 1034 436
2435 2 2 1 1 199 1717 776
2436 2 2 1 1 1240 1734 747
2437 2 2 1 1 24 1258 23
2438 2 2 1 1 633 1392 792
2439 2 2 1 1 522 1584 1316
2440 2 2 1 1 512 1592 1411
2441 2 2 1 1 357 1303 1114
2442 2 2 1 1 468 1275 914
2443 2 2 1 1 884 1689 333
2444 2 2 1 1 461 1744 879
2445 2 2 1 1 402 1660 960
2446 2 2 1 1 1008 1232 503
2447 2 2 1 1 153 1650 152
2448 2 2 1 1 1037 1416 388
2449 2 2 1 1 448 1138 1097
2450 2 2 1 1 1000 1604 507
2451 2 2 1 1 479 1500 955
2452 2 2 1 1 968 1550 642
2453 2 2 1 1 794 1609 75
2454 2 2 1 1 1528 1543 501
2455 2 2 1 1 1091 1650 699
2456 2 2 1 1 873 1313 385
2457 2 2 1 1 1052 1121 247
2458 2 2 1 1 230 1607 1310
2459 2 2 1 1 958 1516 590
2460 2 2 1 1 320 1664 928
2461 2 2 1 1 483 1473 1441
2462 2 2 1 1 492 1200 1140
2463 2 2 1 1 1049 1472 404
2464 2 2 1 1 960 1481 19
2465 2 2 1 1 778 1522 455
2466 2 2 1 1 900 1198 403
2467 2 2 1 1 824 1461 333
2468 2 2 1 1 101 1444 934
2469 2 2 1 1 835 1433 689
2470 2 2 1 1 631 1470 1322
2471 2 2 1 1 409 1487 1015
2472 2 2 1 1 291 1453 979
2473 2 2 1 1 183 1256 913
2474 2 2 1 1 987 1506 416
2475 2 2 1 1 54 1207 1182
2476 2 2 1 1 566 1748 864
2477 2 2 1 1 899 1261 425
2478 2 2 1 1 348 1560 966
2479 2 2 1 1 509 1631 912
2480 2 2 1 1 863 1303 357
2481 2 2 1 1 1116 1257 526
2482 2 2 1 1 936 1693 266
2483 2 2 1 1 903 1352 233
2484 2 2 1 1 541 1476 1412
2485 2 2 1 1 232 1173 1027
2486 2 2 1 1 788 1634 479
2487 2 2 1 1 989 1091 410
2488 2 2 1 1 1263 1287 571
2489 2 2 1 1 941 1308 445
2490 2 2 1 1 1108 1140 427
2491 2 2 1 1 251 1260 1036
2492 2 2 1 1 531 1328 1161
2493 2 2 1 1 575 1596 1494
2494 2 2 1 1 889 1658 1457
2495 2 2 1 1 533 1591 869
2496 2 2 1 1 1219 1570 356
2497 2 2 1 1 114 1458 113
2498 2 2 1 1 778 1524 498
2499 2 2 1 1 184 1611 909
2500 2 2 1 1 427 1239 1098
2501 2 2 1 1 242 1573 1276
2502 2 2 1 1 499 1108 1098
2503 2 2 1 1 588 1330 1307
2504 2 2 1 1 1156 1725 342
2505 2 2 1 1 823 1382 280
2506 2 2 1 1 913 1256 446
2507 2 2 1 1 794 1657 546
2508 2 2 1 1 1085 1701 376
2509 2 2 1 1 132 1529 131
2510 2 2 1 1 347 1452 803
2511 2 2 1 1 404 1638 1049
2512 2 2 1 1 184 1493 1145
2513 2 2 1 1 411 1144 971
2514 2 2 1 1 535 1668 946
2515 2 2 1 1 449 1483 836
2516 2 2 1 1 1161 1328 304
2517 2 2 1 1 29 1635 28
2518 2 2 1 1 205 1475 1150
2519 2 2 1 1 906 1419 171
2520 2 2 1 1 1074 1427 538
2521 2 2 1 1 807 1567 515
2522 2 2 1 1 869 1758 1426
2523 2 2 1 1 1282 1658 728
2524 2 2 1 1 395 1146 914
2525 2 2 1 1 546 1609 794
2526 2 2 1 1 1141 1407 700
2527 2 2 1 1 681 1768 1066
2528 2 2 1 1 1006 1300 417
2529 2 2 1 1 897 1275 468
2530 2 2 1 1 1100 1381 330
2531 2 2 1 1 806 1589 321
2532 2 2 1 1 465 1187 1000
2533 2 2 1 1 855 1240 371
2534 2 2 1 1 585 1509 1271
2535 2 2 1 1 1225 1661 619
2536 2 2 1 1 651 1702 1317
2537 2 2 1 1 628 1549 1394
2538 2 2 1 1 1106 1498 442
2539 2 2 1 1 1005 1253 219
2540 2 2 1 1 1143 1339 383
2541 2 2 1 1 939 1677 534
2542 2 2 1 1 1357 1587 284
2543 2 2 1 1 1186 1486 440
2544 2 2 1 1 413 1173 1096
2545 2 2 1 1 1215 1715 547
2546 2 2 1 1 103 1522 778
2547 2 2 1 1 959 1429 365
2548 2 2 1 1 87 1178 86
2549 2 2 1 1 1349 1446 581
2550 2 2 1 1 1401 1405 517
2551 2 2 1 1 866 1651 342
2552 2 2 1 1 446 1260 913
2553 2 2 1 1 1193 1561 487
2554 2 2 1 1 35 1466 1197
2555 2 2 1 1 1450 1662 746
2556 2 2 1 1 174 1221 1032
2557 2 2 1 1 893 1192 392
2558 2 2 1 1 417 1300 938
2559 2 2 1 1 827 1661 346
2560 2 2 1 1 1030 1646 568
2561 2 2 1 1 478 1356 1044
2562 2 2 1 1 1107 1264 410
2563 2 2 1 1 1019 1424 475
2564 2 2 1 1 521 1354 1145
2565 2 2 1 1 194 1404 1143
2566 2 2 1 1 1012 1494 597
2567 2 2 1 1 1098 1239 176
2568 2 2 1 1 591 1289 926
2569 2 2 1 1 991 1629 447
2570 2 2 1 1 479 1634 819
2571 2 2 1 1 208 1720 855
2572 2 2 1 1 481 1463 1025
2573 2 2 1 1 334 1567 807
2574 2 2 1 1 490 1480 791
2575 2 2 1 1 299 1505 834
2576 2 2 1 1 468 1389 1344
2577 2 2 1 1 341 1654 927
2578 2 2 1 1 1109 1133 597
2579 2 2 1 1 1148 1747 1439
2580 2 2 1 1 514 1381 1100
2581 2 2 1 1 522 1589 806
2582 2 2 1 1 524 1582 1375
2583 2 2 1 1 68 1187 67
2584 2 2 1 1 408 1342 1006
2585 2 2 1 1 452 1485 853
2586 2 2 1 1 1644 1752 283
2587 2 2 1 1 1266 1426 681
2588 2 2 1 1 463 1335 1263
2589 2 2 1 1 321 1589 860
2590 2 2 1 1 45 1685 44
2591 2 2 1 1 624 1348 1090
2592 2 2 1 1 1436 1766 798
2593 2 2 1 1 719 1725 1156
2594 2 2 1 1 1247 1263 571
2595 2 2 1 1 1199 1200 261
2596 2 2 1 1 1517 1542 604
2597 2 2 1 1 85 1391 84
2598 2 2 1 1 15 1584 14
2599 2 2 1 1 1096 1294 413
2600 2 2 1 1 544 1689 884
2601 2 2 1 1 992 1196 337
2602 2 2 1 1 834 1597 299
2603 2 2 1 1 1419 1756 1236
2604 2 2 1 1 288 1558 964
2605 2 2 1 1 896 1633 259
2606 2 2 1 1 963 1545 497
2607 2 2 1 1 458 1365 819
2608 2 2 1 1 1350 1659 227
2609 2 2 1 1 581 1477 1372
2610 2 2 1 1 1120 1217 530
2611 2 2 1 1 450 1658 1282
2612 2 2 1 1 1000 1187 68
2613 2 2 1 1 1236 1303 486
2614 2 2 1 1 964 1500 479
2615 2 2 1 1 160 1634 788
2616 2 2 1 1 25 1417 24
2617 2 2 1 1 477 1664 842
2618 2 2 1 1 1265 1666 552
2619 2 2 1 1 459 1311 1052
2620 2 2 1 1 310 1619 1370
2621 2 2 1 1 299 1597 1532
2622 2 2 1 1 425 1305 1288
2623 2 2 1 1 174 1241 1221
2624 2 2 1 1 926 1289 229
2625 2 2 1 1 19 1481 18
2626 2 2 1 1 819 1409 479
2627 2 2 1 1 407 1388 970
2628 2 2 1 1 14 1731 13
2629 2 2 1 1 27 1368 26
2630 2 2 1 1 176 1519 1098
2631 2 2 1 1 237 1407 1141
2632 2 2 1 1 362 1631 1008
2633 2 2 1 1 410 1264 989
2634 2 2 1 1 819 1634 160
2635 2 2 1 1 1090 1348 367
2636 2 2 1 1 399 1384 793
2637 2 2 1 1 615 1339 1143
2638 2 2 1 1 499 1402 1338
2639 2 2 1 1 1234 1432 291
2640 2 2 1 1 1027 1173 413
2641 2 2 1 1 475 1424 998
2642 2 2 1 1 1269 1700 107
2643 2 2 1 1 842 1602 178
2644 2 2 1 1 260 1491 974
2645 2 2 1 1 253 1185 1044
2646 2 2 1 1 10 1376 9
2647 2 2 1 1 600 1587 933
2648 2 2 1 1 934 1444 498
2649 2 2 1 1 547 1715 1030
2650 2 2 1 1 293 1630 877
2651 2 2 1 1 1231 1233 446
2652 2 2 1 1 1101 1670 498
2653 2 2 1 1 420 1216 988
2654 2 2 1 1 568 1694 1030
2655 2 2 1 1 1217 1337 530
2656 2 2 1 1 112 1771 853
2657 2 2 1 1 440 1486 1291
2658 2 2 1 1 627 1580 1540
2659 2 2 1 1 506 1576 1294
2660 2 2 1 1 605 1315 1015
2661 2 2 1 1 1143 1404 615
2662 2 2 1 1 1114 1303 576
2663 2 2 1 1 624 1511 1348
2664 2 2 1 1 296 1369 1259
2665 2 2 1 1 826 1416 164
2666 2 2 1 1 1016 1458 528
2667 2 2 1 1 197 1748 1613
2668 2 2 1 1 941 1736 643
2669 2 2 1 1 908 1742 317
2670 2 2 1 1 581 1446 1287
2671 2 2 1 1 723 1674 1588
2672 2 2 1 1 540 1651 1368
2673 2 2 1 1 172 1324 983
2674 2 2 1 1 433 1467 1179
2675 2 2 1 1 967 1449 244
2676 2 2 1 1 950 1432 549
2677 2 2 1 1 559 1601 1086
2678 2 2 1 1 1012 1555 575
2679 2 2 1 1 476 1328 1283
2680 2 2 1 1 398 1488 1022
2681 2 2 1 1 110 1618 109
2682 2 2 1 1 235 1513 931
2683 2 2 1 1 1030 1715 258
2684 2 2 1 1 1112 1319 431
2685 2 2 1 1 1044 1185 478
2686 2 2 1 1 699 1650 1216
2687 2 2 1 1 1441 1473 647
2688 2 2 1 1 337 1769 1124
2689 2 2 1 1 797 1553 246
2690 2 2 1 1 969 1606 345
2691 2 2 1 1 177 1463 1421
2692 2 2 1 1 1110 1397 191
2693 2 2 1 1 157 1691 1297
2694 2 2 1 1 239 1262 972
2695 2 2 1 1 75 1609 74
2696 2 2 1 1 1087 1667 238
2697 2 2 1 1 962 1352 502
2698 2 2 1 1 1175 1577 197
2699 2 2 1 1 613 1758 869
2700 2 2 1 1 945 1544 106
2701 2 2 1 1 491 1121 1052
2702 2 2 1 1 614 1474 1321
2703 2 2 1 1 342 1725 1030
2704 2 2 1 1 57 1723 815
2705 2 2 1 1 512 1411 1067
2706 2 2 1 1 342 1694 866
2707 2 2 1 1 60 1530 1527
2708 2 2 1 1 192 1490 1294
2709 2 2 1 1 668 1196 992
2710 2 2 1 1 225 1300 1006
2711 2 2 1 1 1183 1379 617
2712 2 2 1 1 467 1366 1342
2713 2 2 1 1 1372 1477 492
2714 2 2 1 1 171 1419 1236
2715 2 2 1 1 1017 1302 218
2716 2 2 1 1 1093 1288 250
2717 2 2 1 1 1010 1610 367
2718 2 2 1 1 1534 1614 387
2719 2 2 1 1 247 1396 1271
2720 2 2 1 1 384 1693 936
2721 2 2 1 1 269 1775 1679
2722 2 2 1 1 1028 1345 209
2723 2 2 1 1 1030 1725 547
2724 2 2 1 1 498 1524 1101
2725 2 2 1 1 1411 1592 676
2726 2 2 1 1 386 1427 1074
2727 2 2 1 1 255 1524 1220
2728 2 2 1 1 1022 1488 238
2729 2 2 1 1 1098 1108 427
2730 2 2 1 1 1184 1412 240
2731 2 2 1 1 161 1232 1008
2732 2 2 1 1 1060 1562 263
2733 2 2 1 1 24 1417 1258
2734 2 2 1 1 1031 1672 830
2735 2 2 1 1 987 1386 51
2736 2 2 1 1 414 1573 1054
2737 2 2 1 1 1232 1252 503
2738 2 2 1 1 984 1351 523
2739 2 2 1 1 935 1534 387
2740 2 2 1 1 159 1340 1311
2741 2 2 1 1 106 1544 105
2742 2 2 1 1 1115 1557 175
2743 2 2 1 1 1117 1461 824
2744 2 2 1 1 194 1706 1033
2745 2 2 1 1 131 1677 130
2746 2 2 1 1 902 1775 618
2747 2 2 1 1 250 1726 958
2748 2 2 1 1 273 1542 1517
2749 2 2 1 1 912 1631 362
2750 2 2 1 1 1529 1677 131
2751 2 2 1 1 1058 1737 439
2752 2 2 1 1 473 1607 1369
2753 2 2 1 1 290 1448 1405
2754 2 2 1 1 1079 1755 638
2755 2 2 1 1 219 1489 1166
2756 2 2 1 1 400 1571 1235
2757 2 2 1 1 406 1439 888
2758 2 2 1 1 643 1736 1122
2759 2 2 1 1 1067 1411 404
2760 2 2 1 1 1070 1330 588
2761 2 2 1 1 454 1586 940
2762 2 2 1 1 1211 1763 887
2763 2 2 1 1 391 1774 913
2764 2 2 1 1 344 1657 794
2765 2 2 1 1 693 1629 1131
2766 2 2 1 1 50 1521 49
2767 2 2 1 1 1084 1682 393
2768 2 2 1 1 386 1704 1171
2769 2 2 1 1 447 1406 991
2770 2 2 1 1 366 1447 876
2771 2 2 1 1 1131 1629 188
2772 2 2 1 1 28 1635 871
2773 2 2 1 1 1348 1511 520
2774 2 2 1 1 1596 1692 772
2775 2 2 1 1 1088 1616 231
2776 2 2 1 1 1040 1181 218
2777 2 2 1 1 102 1444 101
2778 2 2 1 1 515 1567 817
2779 2 2 1 1 1322 1470 186
2780 2 2 1 1 928 1664 477
2781 2 2 1 1 950 1743 621
2782 2 2 1 1 1200 1477 261
2783 2 2 1 1 180 1438 929
2784 2 2 1 1 1350 1566 410
2785 2 2 1 1 428 1330 1104
2786 2 2 1 1 1182 1207 423
2787 2 2 1 1 410 1566 1107
2788 2 2 1 1 1021 1766 640
2789 2 2 1 1 999 1548 472
2790 2 2 1 1 1369 1607 573
2791 2 2 1 1 261 1287 1263
2792 2 2 1 1 1421 1463 617
2793 2 2 1 1 838 1656 345
2794 2 2 1 1 923 1561 313
2795 2 2 1 1 414 1635 949
2796 2 2 1 1 261 1335 1199
2797 2 2 1 1 442 1461 1117
2798 2 2 1 1 1033 1706 619
2799 2 2 1 1 879 1643 534
2800 2 2 1 1 1142 1203 449
2801 2 2 1 1 113 1771 112
2802 2 2 1 1 488 1575 1005
2803 2 2 1 1 1005 1770 488
2804 2 2 1 1 290 1405 1401
2805 2 2 1 1 982 1438 180
2806 2 2 1 1 463 1263 1247
2807 2 2 1 1 530 1464 1120
2808 2 2 1 1 1412 1739 240
2809 2 2 1 1 444 1505 1164
2810 2 2 1 1 975 1548 207
2811 2 2 1 1 1588 1674 449
2812 2 2 1 1 1283 1328 531
2813 2 2 1 1 998 1424 226
2814 2 2 1 1 1008 1399 161
2815 2 2 1 1 993 1338 224
2816 2 2 1 1 564 1577 1175
2817 2 2 1 1 1150 1475 599
2818 2 2 1 1 817 1567 334
2819 2 2 1 1 1197 1357 687
2820 2 2 1 1 526 1312 1261
2821 2 2 1 1 875 1404 194
2822 2 2 1 1 492 1477 1200
2823 2 2 1 1 849 1497 81
2824 2 2 1 1 584 1252 1232
2825 2 2 1 1 1613 1748 848
2826 2 2 1 1 104 1522 103
2827 2 2 1 1 1101 1524 255
2828 2 2 1 1 333 1689 885
2829 2 2 1 1 543 1536 895
2830 2 2 1 1 262 1464 1435
2831 2 2 1 1 373 1479 911
2832 2 2 1 1 1015 1487 275
2833 2 2 1 1 974 1491 696
2834 2 2 1 1 947 1485 452
2835 2 2 1 1 1115 1304 374
2836 2 2 1 1 824 1451 1178
2837 2 2 1 1 1434 1435 530
2838 2 2 1 1 1217 1578 433
2839 2 2 1 1 1027 1410 232
2840 2 2 1 1 433 1337 1217
2841 2 2 1 1 1259 1369 573
2842 2 2 1 1 1137 1535 273
2843 2 2 1 1 1125 1728 482
2844 2 2 1 1 413 1576 1121
2845 2 2 1 1 911 1452 658
2846 2 2 1 1 855 1720 477
2847 2 2 1 1 999 1479 373
2848 2 2 1 1 227 1659 1132
2849 2 2 1 1 524 1583 1582
2850 2 2 1 1 431 1762 984
2851 2 2 1 1 1527 1530 793
2852 2 2 1 1 1198 1562 639
2853 2 2 1 1 180 1509 1111
2854 2 2 1 1 520 1534 935
2855 2 2 1 1 234 1474 1053
2856 2 2 1 1 1039 1537 555
2857 2 2 1 1 61 1530 60
2858 2 2 1 1 949 1635 29
2859 2 2 1 1 1455 1721 607
2860 2 2 1 1 523 1367 984
2861 2 2 1 1 1184 1773 593
2862 2 2 1 1 317 1643 879
2863 2 2 1 1 375 1733 1087
2864 2 2 1 1 549 1432 1234
2865 2 2 1 1 518 1379 1183
2866 2 2 1 1 1426 1758 494
2867 2 2 1 1 983 1703 172
2868 2 2 1 1 479 1409 964
2869 2 2 1 1 358 1727 932
2870 2 2 1 1 472 1479 999
2871 2 2 1 1 563 1497 849
2872 2 2 1 1 659 1331 1119
2873 2 2 1 1 273 1574 1137
2874 2 2 1 1 46 1580 881
2875 2 2 1 1 1073 1592 512
2876 2 2 1 1 284 1351 984
2877 2 2 1 1 189 1537 1039
2878 2 2 1 1 158 1551 1372
2879 2 2 1 1 1449 1672 244
2880 2 2 1 1 1359 1699 834
2881 2 2 1 1 350 1649 901
2882 2 2 1 1 582 1639 1022
2883 2 2 1 1 432 1357 1197
2884 2 2 1 1 497 1719 963
2885 2 2 1 1 275 1591 1191
2886 2 2 1 1 1100 1565 514
2887 2 2 1 1 676 1416 1037
2888 2 2 1 1 866 1694 1417
2889 2 2 1 1 631 1701 1085
2890 2 2 1 1 209 1345 994
2891 2 2 1 1 460 1711 1064
2892 2 2 1 1 613 1389 1333
2893 2 2 1 1 879 1633 461
2894 2 2 1 1 1680 1682 1084
2895 2 2 1 1 243 1699 1359
2896 2 2 1 1 963 1663 471
2897 2 2 1 1 1123 1461 442
2898 2 2 1 1 619 1661 1033
2899 2 2 1 1 416 1506 1007
2900 2 2 1 1 572 1562 1060
2901 2 2 1 1 576 1303 1236
2902 2 2 1 1 507 1604 922
2903 2 2 1 1 1064 1711 348
2904 2 2 1 1 1396 1532 585
2905 2 2 1 1 496 1632 1104
2906 2 2 1 1 1001 1454 549
2907 2 2 1 1 737 1614 1534
2908 2 2 1 1 1127 1472 200
2909 2 2 1 1 166 1569 996
2910 2 2 1 1 1137 1574 527
2911 2 2 1 1 305 1559 1154
2912 2 2 1 1 842 1664 320
2913 2 2 1 1 964 1558 504
2914 2 2 1 1 1143 1706 194
2915 2 2 1 1 668 1531 1510
2916 2 2 1 1 1150 1681 493
2917 2 2 1 1 188 1486 1186
2918 2 2 1 1 885 1689 544
2919 2 2 1 1 1072 1735 353
2920 2 2 1 1 929 1438 558
2921 2 2 1 1 423 1407 1041
2922 2 2 1 1 536 1616 1088
2923 2 2 1 1 990 1710 302
2924 2 2 1 1 928 1720 208
2925 2 2 1 1 289 1738 1251
2926 2 2 1 1 923 1679 629
2927 2 2 1 1 1271 1396 585
2928 2 2 1 1 1024 1673 254
2929 2 2 1 1 1249 1290 814
2930 2 2 1 1 494 1333 1056
2931 2 2 1 1 1510 1531 490
2932 2 2 1 1 1066 1768 412
2933 2 2 1 1 219 1770 1005
2934 2 2 1 1 565 1733 1061
2935 2 2 1 1 275 1487 1344
2936 2 2 1 1 1562 1636 639
2937 2 2 1 1 157 1724 1050
2938 2 2 1 1 79 1595 78
2939 2 2 1 1 1022 1639 398
2940 2 2 1 1 411 1181 1040
2941 2 2 1 1 673 1428 1244
2942 2 2 1 1 1394 1549 692
2943 2 2 1 1 498 1670 934
2944 2 2 1 1 1157 1544 455
2945 2 2 1 1 1297 1691 604
2946 2 2 1 1 1191 1591 533
2947 2 2 1 1 158 1372 1327
2948 2 2 1 1 1118 1192 230
2949 2 2 1 1 461 1628 997
2950 2 2 1 1 318 1702 1049
2951 2 2 1 1 438 1302 1017
2952 2 2 1 1 1405 1542 517
2953 2 2 1 1 640 1717 1021
2954 2 2 1 1 583 1764 952
2955 2 2 1 1 1445 1546 482
2956 2 2 1 1 1153 1536 543
2957 2 2 1 1 99 1362 98
2958 2 2 1 1 294 1446 1349
2959 2 2 1 1 235 1622 951
2960 2 2 1 1 1294 1490 506
2961 2 2 1 1 701 1459 1089
2962 2 2 1 1 470 1533 1047
2963 2 2 1 1 637 1397 1139
2964 2 2 1 1 1064 1696 248
2965 2 2 1 1 481 1606 969
2966 2 2 1 1 545 1435 1434
2967 2 2 1 1 604 1542 1405
2968 2 2 1 1 1050 1724 630
2969 2 2 1 1 1095 1539 550
2970 2 2 1 1 239 1761 969
2971 2 2 1 1 853 1771 1016
2972 2 2 1 1 1017 1392 383
2973 2 2 1 1 1442 1709 162
2974 2 2 1 1 1456 1647 373
2975 2 2 1 1 1272 1401 517
2976 2 2 1 1 963 1719 226
2977 2 2 1 1 636 1541 1516
2978 2 2 1 1 1244 1428 409
2979 2 2 1 1 295 1684 1375
2980 2 2 1 1 1170 1698 240
2981 2 2 1 1 232 1410 1233
2982 2 2 1 1 1125 1669 606
2983 2 2 1 1 1240 1383 259
2984 2 2 1 1 730 1709 1442
2985 2 2 1 1 1097 1393 158
2986 2 2 1 1 419 1404 875
2987 2 2 1 1 945 1700 608
2988 2 2 1 1 1375 1582 635
2989 2 2 1 1 174 1536 1153
2990 2 2 1 1 546 1657 1024
2991 2 2 1 1 877 1630 484
2992 2 2 1 1 333 1461 1123
2993 2 2 1 1 930 1422 445
2994 2 2 1 1 422 1397 1110
2995 2 2 1 1 1235 1571 544
2996 2 2 1 1 541 1393 1097
2997 2 2 1 1 784 1581 1083
2998 2 2 1 1 606 1669 1105
2999 2 2 1 1 1076 1746 372
3000 2 2 1 1 1258 1417 568
3001 2 2 1 1 604 1691 1517
3002 2 2 1 1 1267 1343 437
3003 2 2 1 1 1405 1448 604
3004 2 2 1 1 628 1649 1286
3005 2 2 1 1 518 1741 1379
3006 2 2 1 1 144 1603 932
3007 2 2 1 1 477 1720 928
3008 2 2 1 1 33 1319 1112
3009 2 2 1 1 177 1598 1025
3010 2 2 1 1 183 1774 1608
3011 2 2 1 1 556 1699 1059
3012 2 2 1 1 1421 1690 548
3013 2 2 1 1 1104 1632 428
3014 2 2 1 1 1263 1335 261
3015 2 2 1 1 226 1663 963
3016 2 2 1 1 423 1418 1182
3017 2 2 1 1 1142 1674 364
3018 2 2 1 1 405 1772 1119
3019 2 2 1 1 1167 1707 308
3020 2 2 1 1 964 1409 288
3021 2 2 1 1 1288 1305 250
3022 2 2 1 1 1008 1631 1399
3023 2 2 1 1 873 1569 660
3024 2 2 1 1 506 1532 1396
3025 2 2 1 1 1078 1601 559
3026 2 2 1 1 561 1648 1060
3027 2 2 1 1 1516 1541 590
3028 2 2 1 1 281 1545 1380
3029 2 2 1 1 1061 1733 375
3030 2 2 1 1 1268 1750 391
3031 2 2 1 1 1098 1519 499
3032 2 2 1 1 1276 1367 242
3033 2 2 1 1 969 1761 481
3034 2 2 1 1 532 1492 1234
3035 2 2 1 1 642 1646 1284
3036 2 2 1 1 185 1377 1374
3037 2 2 1 1 279 1736 1422
3038 2 2 1 1 484 1630 1041
3039 2 2 1 1 228 1501 1134
3040 2 2 1 1 1374 1377 611
3041 2 2 1 1 1292 1470 539
3042 2 2 1 1 412 1768 1056
3043 2 2 1 1 284 1762 1357
3044 2 2 1 1 1139 1397 422
3045 2 2 1 1 786 1728 1125
3046 2 2 1 1 159 1454 1172
3047 2 2 1 1 188 1629 991
3048 2 2 1 1 654 1557 1115
3049 2 2 1 1 160 1578 1217
3050 2 2 1 1 1357 1762 687
3051 2 2 1 1 1107 1566 441
3052 2 2 1 1 1193 1448 290
3053 2 2 1 1 1274 1300 225
3054 2 2 1 1 172 1703 1092
3055 2 2 1 1 1053 1474 614
3056 2 2 1 1 1201 1366 467
3057 2 2 1 1 1154 1559 610
3058 2 2 1 1 451 1579 1280
3059 2 2 1 1 1179 1467 276
3060 2 2 1 1 207 1548 999
3061 2 2 1 1 167 1554 1541
3062 2 2 1 1 1259 1625 592
3063 2 2 1 1 270 1476 1138
3064 2 2 1 1 81 1497 80
3065 2 2 1 1 308 1707 1514
3066 2 2 1 1 1514 1707 770
3067 2 2 1 1 1261 1312 425
3068 2 2 1 1 1484 1741 518
3069 2 2 1 1 251 1437 1260
3070 2 2 1 1 804 1495 1188
3071 2 2 1 1 1541 1554 590
3072 2 2 1 1 493 1547 1043
3073 2 2 1 1 435 1742 908
3074 2 2 1 1 1032 1536 174
3075 2 2 1 1 58 1723 57
3076 2 2 1 1 1287 1446 571
3077 2 2 1 1 896 1628 461
3078 2 2 1 1 633 1706 1143
3079 2 2 1 1 1025 1598 441
3080 2 2 1 1 1035 1724 157
3081 2 2 1 1 13 1683 12
3082 2 2 1 1 1376 1656 838
3083 2 2 1 1 541 1412 1184
3084 2 2 1 1 265 1680 1084
3085 2 2 1 1 608 1700 1269
3086 2 2 1 1 402 1765 1020
3087 2 2 1 1 575 1692 1596
3088 2 2 1 1 1321 1474 472
3089 2 2 1 1 1223 1509 180
3090 2 2 1 1 1021 1717 199
3091 2 2 1 1 1156 1651 540
3092 2 2 1 1 467 1493 1201
3093 2 2 1 1 1356 1491 260
3094 2 2 1 1 1537 1671 555
3095 2 2 1 1 1197 1466 432
3096 2 2 1 1 1305 1726 250
3097 2 2 1 1 249 1740 1168
3098 2 2 1 1 1087 1733 1667
3099 2 2 1 1 581 1551 1349
3100 2 2 1 1 1020 1765 535
3101 2 2 1 1 186 1470 1292
3102 2 2 1 1 728 1507 1282
3103 2 2 1 1 1369 1640 473
3104 2 2 1 1 545 1579 1435
3105 2 2 1 1 74 1609 1363
3106 2 2 1 1 441 1598 936
3107 2 2 1 1 461 1633 896
3108 2 2 1 1 1104 1507 496
3109 2 2 1 1 621 1743 1274
3110 2 2 1 1 310 1480 1238
3111 2 2 1 1 274 1621 1086
3112 2 2 1 1 1178 1451 495
3113 2 2 1 1 168 1539 1095
3114 2 2 1 1 1171 1704 618
3115 2 2 1 1 1111 1509 585
3116 2 2 1 1 593 1551 1393
3117 2 2 1 1 1346 1644 283
3118 2 2 1 1 1074 1704 386
3119 2 2 1 1 1086 1621 559
3120 2 2 1 1 164 1592 1073
3121 2 2 1 1 519 1710 990
3122 2 2 1 1 1504 1539 743
3123 2 2 1 1 393 1682 1095
3124 2 2 1 1 1016 1769 337
3125 2 2 1 1 534 1643 939
3126 2 2 1 1 1494 1596 196
3127 2 2 1 1 1055 1680 265
3128 2 2 1 1 583 1726 1305
3129 2 2 1 1 156 1426 1266
3130 2 2 1 1 748 1621 1552
3131 2 2 1 1 984 1762 284
3132 2 2 1 1 1484 1687 193
3133 2 2 1 1 342 1651 1156
3134 2 2 1 1 353 1766 1021
3135 2 2 1 1 573 1607 1177
3136 2 2 1 1 1291 1486 665
3137 2 2 1 1 78 1595 1003
3138 2 2 1 1 1333 1389 221
3139 2 2 1 1 555 1593 1039
3140 2 2 1 1 1203 1483 449
3141 2 2 1 1 220 1507 1104
3142 2 2 1 1 49 1521 1160
3143 2 2 1 1 1238 1619 310
3144 2 2 1 1 1040 1478 411
3145 2 2 1 1 1120 1464 458
3146 2 2 1 1 1159 1765 402
3147 2 2 1 1 1552 1621 274
3148 2 2 1 1 592 1759 1259
3149 2 2 1 1 1137 1763 370
3150 2 2 1 1 1399 1686 161
3151 2 2 1 1 1049 1638 318
3152 2 2 1 1 1158 1420 469
3153 2 2 1 1 1092 1703 536
3154 2 2 1 1 1259 1759 296
3155 2 2 1 1 980 1752 436
3156 2 2 1 1 1059 1699 243
3157 2 2 1 1 1297 1395 157
3158 2 2 1 1 1003 1595 563
3159 2 2 1 1 772 1692 1594
3160 2 2 1 1 487 1395 1297
3161 2 2 1 1 1286 1549 628
3162 2 2 1 1 1594 1692 382
3163 2 2 1 1 1238 1480 490
3164 2 2 1 1 527 1763 1137
3165 2 2 1 1 276 1467 1176
3166 2 2 1 1 487 1448 1193
3167 2 2 1 1 701 1647 1456
3168 2 2 1 1 263 1562 1198
3169 2 2 1 1 247 1576 1396
3170 2 2 1 1 688 1750 1268
3171 2 2 1 1 270 1586 1547
3172 2 2 1 1 1039 1593 412
3173 2 2 1 1 855 1383 1240
3174 2 2 1 1 1111 1597 556
3175 2 2 1 1 1176 1467 632
3176 2 2 1 1 1232 1675 584
3177 2 2 1 1 1373 1772 684
3178 2 2 1 1 1278 1696 620
3179 2 2 1 1 1056 1333 221
3180 2 2 1 1 1619 1749 578
3181 2 2 1 1 1105 1669 249
3182 2 2 1 1 1083 1401 552
3183 2 2 1 1 1393 1551 158
3184 2 2 1 1 244 1555 1128
3185 2 2 1 1 517 1542 1535
3186 2 2 1 1 550 1539 1504
3187 2 2 1 1 1361 1636 155
3188 2 2 1 1 412 1593 1066
3189 2 2 1 1 256 1732 1605
3190 2 2 1 1 290 1401 1083
3191 2 2 1 1 609 1707 1167
3192 2 2 1 1 1495 1496 508
3193 2 2 1 1 528 1769 1016
3194 2 2 1 1 1020 1660 402
3195 2 2 1 1 482 1740 1125
3196 2 2 1 1 1280 1579 545
3197 2 2 1 1 283 1752 980
3198 2 2 1 1 1154 1520 456
3199 2 2 1 1 296 1640 1369
3200 2 2 1 1 161 1675 1232
3201 2 2 1 1 482 1728 1445
3202 2 2 1 1 1157 1522 104
3203 2 2 1 1 436 1752 1149
3204 2 2 1 1 1435 1579 262
3205 2 2 1 1 1438 1746 558
3206 2 2 1 1 1374 1575 488
3207 2 2 1 1 570 1705 1517
3208 2 2 1 1 1049 1702 651
3209 2 2 1 1 1314 1510 490
3210 2 2 1 1 1230 1738 740
3211 2 2 1 1 1056 1768 494
3212 2 2 1 1 1316 1584 15
3213 2 2 1 1 501 1702 1469
3214 2 2 1 1 571 1503 1247
3215 2 2 1 1 611 1575 1374
3216 2 2 1 1 1396 1576 506
3217 2 2 1 1 1400 1754 780
3218 2 2 1 1 473 1640 1408
3219 2 2 1 1 1574 1705 672
3220 2 2 1 1 699 1659 1350
3221 2 2 1 1 277 1510 1314
3222 2 2 1 1 552 1401 1272
3223 2 2 1 1 1274 1743 459
3224 2 2 1 1 1349 1551 593
3225 2 2 1 1 1276 1573 666
3226 2 2 1 1 1168 1740 482
3227 2 2 1 1 449 1674 1142
3228 2 2 1 1 1284 1646 258
3229 2 2 1 1 1218 1642 139
3230 2 2 1 1 618 1775 1171
3231 2 2 1 1 1183 1761 239
3232 2 2 1 1 306 1754 1400
3233 2 2 1 1 105 1544 1157
3234 2 2 1 1 187 1496 1495
3235 2 2 1 1 227 1566 1350
3236 2 2 1 1 1171 1775 269
3237 2 2 1 1 551 1680 1055
3238 2 2 1 1 178 1602 1261
3239 2 2 1 1 1605 1732 694
3240 2 2 1 1 273 1705 1574
3241 2 2 1 1 398 1639 1208
3242 2 2 1 1 1322 1627 631
3243 2 2 1 1 1121 1576 247
3244 2 2 1 1 1412 1476 521
3245 2 2 1 1 1582 1583 282
3246 2 2 1 1 1546 1753 721
3247 2 2 1 1 670 1619 1238
3248 2 2 1 1 1252 1732 256
3249 2 2 1 1 198 1543 1528
3250 2 2 1 1 1612 1753 720
3251 2 2 1 1 1445 1728 204
3252 2 2 1 1 248 1696 1278
3253 2 2 1 1 430 1756 1419
3254 2 2 1 1 1241 1718 735
3255 2 2 1 1 215 1755 1230
3256 2 2 1 1 1225 1695 297
3257 2 2 1 1 572 1636 1562
3258 2 2 1 1 312 1753 1546
3259 2 2 1 1 1132 1659 420
3260 2 2 1 1 1571 1624 544
3261 2 2 1 1 648 1671 1537
3262 2 2 1 1 1247 1503 189
3263 2 2 1 1 1278 1462 538
3264 2 2 1 1 1188 1495 508
3265 2 2 1 1 1309 1595 79
3266 2 2 1 1 620 1462 1278
3267 2 2 1 1 901 1649 1336
3268 2 2 1 1 1517 1705 273
3269 2 2 1 1 563 1595 1309
3270 2 2 1 1 370 1763 1211
3271 2 2 1 1 1402 1519 634
3272 2 2 1 1 584 1732 1252
3273 2 2 1 1 937 1718 1241
3274 2 2 1 1 1447 1622 516
3275 2 2 1 1 1293 1530 61
3276 2 2 1 1 742 1385 1347
3277 2 2 1 1 499 1519 1402
3278 2 2 1 1 232 1697 1173
3279 2 2 1 1 640 1766 1436
3280 2 2 1 1 619 1695 1225
3281 2 2 1 1 782 1624 1571
3282 2 2 1 1 280 1549 1286
3283 2 2 1 1 1375 1684 524
3284 2 2 1 1 602 1645 1243
3285 2 2 1 1 1563 1713 663
3286 2 2 1 1 594 1713 1563
3287 2 2 1 1 1455 1557 654
3288 2 2 1 1 721 1753 1612
3289 2 2 1 1 1382 1549 280
3290 2 2 1 1 533 1655 1191
3291 2 2 1 1 670 1749 1619
3292 2 2 1 1 494 1758 1333
3293 2 2 1 1 425 1764 1305
3294 2 2 1 1 529 1727 1513
3295 2 2 1 1 657 1714 1528
3296 2 2 1 1 1336 1649 628
3297 2 2 1 1 692 1549 1382
3298 2 2 1 1 1590 1621 748
3299 2 2 1 1 476 1627 1322
3300 2 2 1 1 1535 1542 273
3301 2 2 1 1 1379 1741 300
3302 2 2 1 1 282 1290 1249
3303 2 2 1 1 10 1564 1376
3304 2 2 1 1 521 1739 1412
3305 2 2 1 1 1347 1385 336
3306 2 2 1 1 1333 1758 613
3307 2 2 1 1 422 1721 1139
3308 2 2 1 1 1310 1607 473
3309 2 2 1 1 1282 1507 220
3310 2 2 1 1 300 1690 1379
3311 2 2 1 1 1305 1764 583
3312 2 2 1 1 559 1621 1590
3313 2 2 1 1 1352 1678 233
3314 2 2 1 1 1236 1756 576
3315 2 2 1 1 657 1528 1469
3316 2 2 1 1 1124 1769 528
3317 2 2 1 1 607 1557 1455
3318 2 2 1 1 1587 1652 284
3319 2 2 1 1 1173 1697 515
3320 2 2 1 1 616 1754 1688
3321 2 2 1 1 1379 1690 617
3322 2 2 1 1 455 1522 1157
3323 2 2 1 1 162 1709 1307
3324 2 2 1 1 1261 1602 526
3325 2 2 1 1 1528 1714 198
3326 2 2 1 1 639 1636 1361
3327 2 2 1 1 511 1672 1449
3328 2 2 1 1 551 1682 1680
3329 2 2 1 1 1503 1537 189
3330 2 2 1 1 1224 1723 58
3331 2 2 1 1 1216 1650 153
3332 2 2 1 1 80 1497 1309
3333 2 2 1 1 1351 1652 802
3334 2 2 1 1 284 1652 1351
3335 2 2 1 1 1608 1774 867
3336 2 2 1 1 1469 1702 318
3337 2 2 1 1 1408 1640 718
3338 2 2 1 1 1688 1754 306
3339 2 2 1 1 657 1716 1714
3340 2 2 1 1 600 1652 1587
3341 2 2 1 1 518 1687 1484
3342 2 2 1 1 1469 1528 501
3343 2 2 1 1 617 1690 1421
3344 2 2 1 1 240 1773 1184
3345 2 2 1 1 1309 1497 563
3346 2 2 1 1 1623 1684 800
3347 2 2 1 1 1365 1409 819
3348 2 2 1 1 1376 1564 554
3349 2 2 1 1 1307 1709 588
3350 2 2 1 1 1399 1631 509
3351 2 2 1 1 584 1675 1600
3352 2 2 1 1 582 1747 1148
3353 2 2 1 1 717 1741 1484
3354 2 2 1 1 457 1570 1219
3355 2 2 1 1 1417 1694 568
3356 2 2 1 1 554 1656 1376
3357 2 2 1 1 765 1773 1698
3358 2 2 1 1 648 1537 1503
3359 2 2 1 1 1517 1691 570
3360 2 2 1 1 1439 1747 182
3361 2 2 1 1 288 1409 1365
3362 2 2 1 1 524 1684 1623
3363 2 2 1 1 1683 1731 727
3364 2 2 1 1 1714 1716 626
3365 2 2 1 1 1667 1733 565
3366 2 2 1 1 1374 1645 185
3367 2 2 1 1 185 1645 1581
3368 2 2 1 1 1559 1641 610
3369 2 2 1 1 12 1683 1151
3370 2 2 1 1 579 1641 1559
3371 2 2 1 1 1698 1773 240
3372 2 2 1 1 851 1757 1370
3373 2 2 1 1 676 1638 1411
3374 2 2 1 1 1600 1675 697
3375 2 2 1 1 13 1731 1683
3376 2 2 1 1 1363 1609 546
3377 2 2 1 1 312 1760 1653
3378 2 2 1 1 1669 1740 249
3379 2 2 1 1 1125 1740 1669
3380 2 2 1 1 205 1745 1475
3381 2 2 1 1 1581 1645 602
3382 2 2 1 1 182 1747 1568
3383 2 2 1 1 1653 1760 691
3384 2 2 1 1 854 1701 1627
3385 2 2 1 1 720 1753 1653
3386 2 2 1 1 1475 1745 586
3387 2 2 1 1 1627 1701 631
3388 2 2 1 1 1370 1757 310
3389 2 2 1 1 1653 1753 312
3390 2 2 1 1 1568 1747 582
3391 2 2 1 1 691 1760 1745
3392 2 2 1 1 1745 1760 586
3393 2 2 1 1 619 1706 1695
3394 2 2 1 1 1695 1706 633
$EndElements
