$MeshFormat
2.2 0 8
$EndMeshFormat
$Nodes
1787
1 0 0 0
2 0.02 0 0
3 0.02 0.04 0
4 0 0.04 0
5 0.0007774153318529559 0 0
6 0.001546816513964881 0 0
7 0.002322941381150179 0 0
8 0.00308942627321351 0 0
9 0.003872496277995829 0 0
10 0.004615817153517244 0 0
11 0.005414631446359367 0 0
12 0.006138411964204219 0 0
13 0.006942377570165205 0 0
14 0.007678454944106345 0 0
15 0.008461814410434535 0 0
16 0.00922819926234952 0 0
17 0.009996935841904012 0 0
18 0.01077349212442179 0 0
19 0.0115409149398968 0 0
20 0.01231073028168896 0 0
21 0.01308606527689275 0 0
22 0.01384887292491686 0 0
23 0.01462685478373593 0 0
24 0.01539649238200615 0 0
25 0.01615536937298951 0 0
26 0.01694488791224114 0 0
27 0.01767454348316549 0 0
28 0.01847986747417222 0 0
29 0.01920769370255857 0 0
30 0.02 0.0007804599607832062 0
31 0.02 0.001573622525463202 0
32 0.02 0.002357085198514828 0
33 0.02 0.00314520556958163 0
34 0.02 0.003933868288172578 0
35 0.02 0.004716473583343162 0
36 0.02 0.005509451521337801 0
37 0.02 0.006288866375274147 0
38 0.02 0.007083061350022157 0
39 0.02 0.007862375592410552 0
40 0.02 0.008654582258670499 0
41 0.02 0.00943693889080271 0
42 0.02 0.01022393661194516 0
43 0.02 0.01101169672295049 0
44 0.02 0.01179302363410542 0
45 0.02 0.01258512313119774 0
46 0.02 0.01336333301124299 0
47 0.02 0.01415643616340415 0
48 0.02 0.01493485589550451 0
49 0.02 0.01572552566524631 0
50 0.02 0.01650748956779012 0
51 0.02 0.01729240119165107 0
52 0.02 0.01808012103055926 0
53 0.02 0.01885952464669691 0
54 0.02 0.01965108476129511 0
55 0.02 0.02042797661903758 0
56 0.02 0.02121977675622794 0
57 0.02 0.02199774956262123 0
58 0.02 0.02278610123614682 0
59 0.02 0.02356857081242011 0
60 0.02 0.02435052308918124 0
61 0.02 0.02513885296175218 0
62 0.02 0.02591596552716413 0
63 0.02 0.02670701982212428 0
64 0.02 0.02748285230931675 0
65 0.02 0.02827276408995183 0
66 0.02 0.02905115925239463 0
67 0.02 0.02983598381283276 0
68 0.02 0.03062009287312949 0
69 0.02 0.03139851556985621 0
70 0.02 0.0321875906733552 0
71 0.02 0.03296261732779699 0
72 0.02 0.03375263106326239 0
73 0.02 0.03452827841251702 0
74 0.02 0.03531508935671138 0
75 0.02 0.03609527569003017 0
76 0.02 0.03687540354865698 0
77 0.02 0.0376618210664856 0
78 0.02 0.03843685625920707 0
79 0.02 0.03922604491465521 0
80 0.01923480653529078 0.04 0
81 0.01845864253256551 0.04 0
82 0.01768580717873009 0.04 0
83 0.0169099739794019 0.04 0
84 0.01614850023042872 0.04 0
85 0.01536574270067896 0.04 0
86 0.01461659166400483 0.04 0
87 0.01382810590036036 0.04 0
88 0.01307036910762895 0.04 0
89 0.01230333271313095 0.04 0
90 0.01151812832009274 0.04 0
91 0.01078198043158738 0.04 0
92 0.009981056724540166 0.04 0
93 0.009247626186794498 0.04 0
94 0.008458428844429069 0.04 0
95 0.007702386802222395 0.04 0
96 0.006920909407189174 0.04 0
97 0.006151103354662242 0.04 0
98 0.005370403791138473 0.04 0
99 0.004608077291030171 0.04 0
100 0.003822814642966063 0.04 0
101 0.003082203014844652 0.04 0
102 0.002285096655002438 0.04 0
103 0.001550415434236972 0.04 0
104 0.0007586518160558851 0.04 0
105 0 0.03928630625642004 0
106 0 0.03858366299253185 0
107 0 0.03787347537209754 0
108 0 0.03715672792271033 0
109 0 0.03645173056873435 0
110 0 0.03574481030076501 0
111 0 0.03502712563533598 0
112 0 0.03431838330807275 0
113 0 0.03361399883741389 0
114 0 0.03289734549124394 0
115 0 0.03218468150920183 0
116 0 0.03148103688509067 0
117 0 0.03076709969481928 0
118 0 0.03005061800435033 0
119 0 0.0293459249579329 0
120 0 0.02863489945067161 0
121 0 0.02791603068596414 0
122 0 0.0272086820528645 0
123 0 0.02650035451912745 0
124 0 0.02578074976024341 0
125 0 0.025069853536524 0
126 0 0.02436346960762985 0
127 0 0.02364459886604318 0
128 0 0.02293009889843803 0
129 0 0.02222424904218032 0
130 0 0.02150737456749331 0
131 0 0.02078932431236038 0
132 0 0.02008269822840926 0
133 0 0.01936808417138424 0
134 0 0.01864735429251389 0
135 0 0.01793882161517467 0
136 0 0.01722625623554744 0
137 0 0.01650400884424709 0
138 0 0.01579269596954395 0
139 0 0.01508189346818847 0
140 0 0.01435910499767156 0
141 0 0.01364472396820929 0
142 0 0.01293499665145837 0
143 0 0.01221245782135624 0
144 0 0.01149507847059661 0
145 0 0.01078556373072004 0
146 0 0.01006388156221852 0
147 0 0.009343609508377874 0
148 0 0.008633588887377648 0
149 0 0.007913095159670543 0
150 0 0.007190147347354389 0
151 0 0.006479062144508906 0
152 0 0.005759572832551331 0
153 0 0.005034524028842295 0
154 0 0.004321968133906701 0
155 0 0.003603245045118525 0
156 0 0.002876576025573695 0
157 0 0.002162286337768236 0
158 0 0.001444087479850954 0
159 0 0.0007161440934792332 0
160 0.009996880861249806 0.02043601127038482 0
161 0.009991759409545621 0.01036418438238113 0
162 0.009358611525220054 0.03042047218018892 0
163 0.005982333993855221 0.005984527055987746 0
164 0.005892471065435662 0.01478401347859716 0
165 0.01380377853432867 0.01533019078037541 0
166 0.006072766777132766 0.02540638446333139 0
167 0.01392392707563265 0.005911382695229762 0
168 0.0137052756429263 0.02547575465202654 0
169 0.01407007391661434 0.03414759088124027 0
170 0.005322601074136601 0.03481990653278041 0
171 0.005017311945510039 0.01972539119989675 0
172 0.004499485984440614 0.02976198069807747 0
173 0.01473645990911127 0.01067731488175489 0
174 0.004506456670091158 0.01042472264646928 0
175 0.01520866943354258 0.02007341623616009 0
176 0.009771707003321087 0.0355479119969762 0
177 0.0100009451991567 0.004341511329311029 0
178 0.01544662834632246 0.02988959085392259 0
179 0.009905889558799058 0.01442522944488406 0
180 0.00996904292013356 0.02644801852804063 0
181 0.003515624058671235 0.02285932446248667 0
182 0.003497596906719538 0.003433266441255287 0
183 0.01650472566771905 0.003503032576283725 0
184 0.003310945063604406 0.01686513253989726 0
185 0.003139459470890017 0.02680572037306008 0
186 0.01114883583538485 0.007320739044053556 0
187 0.01679572289245823 0.02318854159360058 0
188 0.007853790999131621 0.01765128824223954 0
189 0.003131445730050361 0.01327741278571693 0
190 0.01652923710491531 0.03659741887299481 0
191 0.002923478689879885 0.0369701759110334 0
192 0.01668670283863338 0.01375193645436626 0
193 0.01664541093616147 0.01708488333419651 0
194 0.007194993327332228 0.02226771908129654 0
195 0.003073361504408853 0.03254101350022286 0
196 0.01664756642964988 0.007961711727019316 0
197 0.01285335867101736 0.003195749276943351 0
198 0.003040998846681094 0.006834604745931647 0
199 0.007110286179084033 0.003064333256820175 0
200 0.008151817795441076 0.008019755342997826 0
201 0.01673717790695971 0.02675969890651831 0
202 0.01252117697672227 0.03684934953237395 0
203 0.007309344101153093 0.02828843889816247 0
204 0.007221300713639781 0.01193701287452167 0
205 0.01260121046667491 0.02242330571054733 0
206 0.006820941584998446 0.03191383071724703 0
207 0.01681660006343123 0.03247893473167721 0
208 0.01239875613925337 0.01821393891946689 0
209 0.007071567687640384 0.03703724947372786 0
210 0.01225278524372595 0.02864496176470987 0
211 0.01124587945401162 0.03299498988077074 0
212 0.01219609769477164 0.01245618651819538 0
213 0.009943507428953417 0.02341318767459028 0
214 0.002594345185468325 0.0204741209898724 0
215 0.01241873647065809 0.00958242131282471 0
216 0.0173965149933127 0.01038963500158937 0
217 0.002315420427851274 0.0289945157874073 0
218 0.01323252736958027 0.031094239328148 0
219 0.01751197369036262 0.02079608117346653 0
220 0.008974090629073265 0.03308222415689162 0
221 0.005545812995180092 0.01700741890205906 0
222 0.007408717970825401 0.01991330858021756 0
223 0.01038151857806377 0.03775852836902648 0
224 0.01018837447539171 0.01694747406577322 0
225 0.00225541320235624 0.03467275447170437 0
226 0.002314991934155678 0.008993378263346456 0
227 0.01756288972156043 0.005700896378041682 0
228 0.007956695819487346 0.02431025783380874 0
229 0.01199258623006136 0.005268053239149726 0
230 0.01429040275987355 0.008126752370901963 0
231 0.005276228328438564 0.02746491993030022 0
232 0.01770905604601426 0.03022803834298112 0
233 0.00220690770248722 0.02464529705065313 0
234 0.002141082074075535 0.01111894794849915 0
235 0.0108963798715446 0.002272664714191429 0
236 0.01444279579457331 0.01314201035123121 0
237 0.008241254847778231 0.005773546912798386 0
238 0.005872665851501245 0.008355691539694895 0
239 0.01458947857798561 0.03774590439189379 0
240 0.004989240541084323 0.03785064565647567 0
241 0.005204519664655756 0.002153572002176109 0
242 0.0145973581236616 0.01788052752418442 0
243 0.007955821318832546 0.0155559413639641 0
244 0.005292553572064064 0.01272926332987544 0
245 0.01455540274614905 0.02771536146421088 0
246 0.01771625802333839 0.03469498060638386 0
247 0.001943665375358918 0.01830000053847828 0
248 0.001962227018045926 0.01544968511632226 0
249 0.01158396699352117 0.02484663492245615 0
250 0.007563542921360918 0.03498961473062979 0
251 0.002155283184881118 0.002101078839891763 0
252 0.00204196555749934 0.004997192985163565 0
253 0.01475843808441602 0.002187559628501201 0
254 0.009295847244757991 0.01240991299549992 0
255 0.01785196293142294 0.0249141486412373 0
256 0.01788635815844962 0.01535111693255123 0
257 0.01791294819650913 0.01877326111121527 0
258 0.002051345732822703 0.03088867291555022 0
259 0.01788520726439469 0.00198734347217425 0
260 0.005447539132838528 0.02338807304163876 0
261 0.004166756228457085 0.02494780174860717 0
262 0.006470666764290757 0.03002121254954181 0
263 0.007827256679205929 0.02636400193313907 0
264 0.004840029060081799 0.03165193623202786 0
265 0.008034312349243868 0.009937022937436727 0
266 0.01151212838928422 0.03501375076951055 0
267 0.01472207185149121 0.004318597916773005 0
268 0.01790927866032193 0.0380274667008412 0
269 0.008746318509202872 0.00194065565338887 0
270 0.01303472998556096 0.02026801806016603 0
271 0.01474571997571204 0.02204309665729282 0
272 0.01788990380099218 0.02809081175474329 0
273 0.001911311872125246 0.03840183377061647 0
274 0.005405968533619186 0.02159124625784322 0
275 0.0039322773457103 0.01496870010291337 0
276 0.009421446481539468 0.02826719069827343 0
277 0.01196214535755758 0.01447677639595445 0
278 0.01568588651642417 0.02509635117279948 0
279 0.004285860594489414 0.005304497896120284 0
280 0.01807544974092018 0.01233950647520867 0
281 0.007423197872860792 0.01369983886970191 0
282 0.01240442912176422 0.01645541360630479 0
283 0.01577931969278959 0.01559314156061193 0
284 0.01524655549859045 0.03167180475221734 0
285 0.001847395738490245 0.02258494524464945 0
286 0.01587781113951615 0.006176055742887316 0
287 0.003678684833667858 0.01858486679780813 0
288 0.01227706128799934 0.02679729271066093 0
289 0.01288648689568705 0.007386938326792993 0
290 0.008559435363077647 0.0381409579575263 0
291 0.009846062655447175 0.00864902527572089 0
292 0.01572916130555634 0.03473834713317085 0
293 0.009001206345657729 0.02182103670463785 0
294 0.009455627129861071 0.0186491602790985 0
295 0.01818105149512726 0.03637783144792106 0
296 0.01613183342131872 0.01195805630296506 0
297 0.01821474708721086 0.008929817536918421 0
298 0.0114817756059549 0.03031975136471942 0
299 0.0182266075593728 0.02247739474146321 0
300 0.006283844159799993 0.01041264502885992 0
301 0.009952426035138047 0.006079065442117485 0
302 0.01444914617894478 0.0358187625313702 0
303 0.001457664842879548 0.02749337834714578 0
304 0.005573173107183156 0.004213066001066291 0
305 0.01821987971278099 0.003782068263333667 0
306 0.0111100750455866 0.02200994803978635 0
307 0.01636513134371593 0.001634701980876469 0
308 0.01428496406771915 0.02381063555408316 0
309 0.003973884262211953 0.008389342948689692 0
310 0.001400071259531198 0.01258625318134381 0
311 0.01636554976557194 0.03840538209910986 0
312 0.01620226707358672 0.01870456337447723 0
313 0.001520808992481222 0.007531939621603249 0
314 0.001561209411910965 0.03246551879257722 0
315 0.006434910247755986 0.01858018321037884 0
316 0.01149158029071961 0.02341847857766676 0
317 0.0119040528313131 0.03842649280087638 0
318 0.01830547081849669 0.007231242811704871 0
319 0.01833913939999086 0.01716278971243742 0
320 0.001752285373608421 0.03615047684164868 0
321 0.003504104433065277 0.0384105312673452 0
322 0.003874682939620708 0.02823860944893275 0
323 0.01151374677556963 0.01100990159320272 0
324 0.01808893205479789 0.03176460087880788 0
325 0.003633740297746001 0.001665499950708568 0
326 0.007868489299370056 0.0296563816223616 0
327 0.006585309060433999 0.03354760691476291 0
328 0.01337347305014497 0.001558150924296273 0
329 0.003921727742094695 0.03396067724431358 0
330 0.018251617664555 0.02635271813364758 0
331 0.0129929168519489 0.03286990268738835 0
332 0.001437700195076379 0.01689361504772864 0
333 0.0159989774007165 0.009480021136662228 0
334 0.004642144833955256 0.03620926942105564 0
335 0.013812907024871 0.02968795144259124 0
336 0.007361741166909058 0.001548146529809155 0
337 0.01856154302437132 0.03332673162163536 0
338 0.01305093154529358 0.01108100764253612 0
339 0.01651506412273201 0.02835338552717507 0
340 0.008533011685338546 0.0317346224193828 0
341 0.01273223370623195 0.02416692919999825 0
342 0.009515603833846458 0.02496199211705093 0
343 0.01148943807227984 0.003864357518764017 0
344 0.006684067613466192 0.02709215622760039 0
345 0.001561726486959746 0.003483196584289951 0
346 0.01150122080769795 0.01970796914208509 0
347 0.0101238031083881 0.03415585335579788 0
348 0.004678619114899019 0.006914879527918001 0
349 0.001450617427713621 0.01392116093214583 0
350 0.008467680236883941 0.004232418548696867 0
351 0.01841816497726906 0.01391334550350994 0
352 0.003571771439695726 0.03078730165872012 0
353 0.005016628827116192 0.03325028989647549 0
354 0.01091140021929497 0.02783082604696101 0
355 0.01008926887360108 0.03218587319617954 0
356 0.003610174316719032 0.01175903610359736 0
357 0.001477676628775649 0.02614797282474453 0
358 0.006452496790414793 0.03853326795245709 0
359 0.01082712511093873 0.0123261106559704 0
360 0.007020014042484625 0.01648618201126434 0
361 0.00604304815078483 0.0286122890882502 0
362 0.00856171975652404 0.03669224919490444 0
363 0.01091247117369483 0.0182898957404649 0
364 0.01328358081192711 0.0385523225865563 0
365 0.01660936616400428 0.03085961099168284 0
366 0.003847017957540532 0.02137504467686866 0
367 0.01310742438447962 0.01370055020480535 0
368 0.01102932615266265 0.01562959028263936 0
369 0.01552934448804888 0.03323986914967698 0
370 0.008852662175854845 0.01665511743049544 0
371 0.001398928238170264 0.0196024075434242 0
372 0.005077739162275299 0.02609122594087566 0
373 0.01322236600825736 0.004776663212986927 0
374 0.01529856239312506 0.02645725606669849 0
375 0.01102230219717025 0.03650214634772537 0
376 0.01197630055701257 0.001398173183685361 0
377 0.006026897871127635 0.03589082275529555 0
378 0.01362249052285991 0.01681202025670176 0
379 0.01391581787739242 0.01920672694031183 0
380 0.001408601516474317 0.01000101418123108 0
381 0.00346270265363606 0.0354193837928487 0
382 0.01609686573351761 0.02118450054366997 0
383 0.01179449648421575 0.02091288972766566 0
384 0.001347591695745958 0.02114834943992685 0
385 0.01129106918572024 0.008859279884426217 0
386 0.006863197874912822 0.007280008883857221 0
387 0.001375691704131441 0.006254643859353209 0
388 0.01585647214867707 0.004803260849819073 0
389 0.008800532775607734 0.01113429268950432 0
390 0.003118179476317753 0.01012283518043286 0
391 0.00664100046452921 0.02420145488276077 0
392 0.01308247208675258 0.03522268675625853 0
393 0.0153499131676257 0.01673284797326886 0
394 0.01864228882225657 0.0237884819362074 0
395 0.001246742748124911 0.02974138864289686 0
396 0.009324577993158301 0.007407984168199291 0
397 0.0186347244673912 0.01997714224108632 0
398 0.006969557557945101 0.005013917984516787 0
399 0.009667876423181183 0.003046173724330452 0
400 0.01872400729613266 0.02938552369983405 0
401 0.008769391482732354 0.02334346261054996 0
402 0.01187663577805541 0.03172082848038175 0
403 0.001230988969032766 0.02390638854929686 0
404 0.008292869250976071 0.02752461283061976 0
405 0.007069927870451228 0.008970676809802573 0
406 0.01855836488557421 0.01106468344773888 0
407 0.00127265226974701 0.03380798938454087 0
408 0.005154400977855529 0.01845307928573425 0
409 0.01380941149936008 0.009625658332544963 0
410 0.01545579537447814 0.01410771568652273 0
411 0.01056344938152786 0.02920367298800961 0
412 0.004881197413196883 0.01395940742447274 0
413 0.01095348898662428 0.01359628416444047 0
414 0.01873684424733345 0.005048527591135544 0
415 0.004512248018922517 0.01627057021086639 0
416 0.00643368727391997 0.01288306525157808 0
417 0.001205589879629165 0.001162116269047577 0
418 0.008826251252197319 0.03457452513655764 0
419 0.007270495945519934 0.02541891278673702 0
420 0.009614341455667332 0.03880734701256605 0
421 0.008790725313875435 0.01366280395483265 0
422 0.01881766085024008 0.001174404505193884 0
423 0.01680358981803191 0.03390977886346435 0
424 0.006658808428329699 0.0210611900734771 0
425 0.01424716376956315 0.03289756463651114 0
426 0.01871529579307354 0.02128734667382038 0
427 0.008213454773553813 0.01888924050889243 0
428 0.008602035246219114 0.020552879788944 0
429 0.003382984941373846 0.02953656871441661 0
430 0.0140877026719956 0.02082278878673666 0
431 0.01475055370150482 0.007056697137395913 0
432 0.0099152884897483 0.001269296177008487 0
433 0.01673145984694056 0.02436268795449042 0
434 0.01111711637175973 0.006211598275977741 0
435 0.003807468637532005 0.01997558415981386 0
436 0.01072573164870829 0.02421274219690984 0
437 0.006075609910991948 0.001262157856678943 0
438 0.006007092334745842 0.01164089915522022 0
439 0.01646763561579385 0.01999794853010902 0
440 0.01658068410944499 0.02963092958990963 0
441 0.01881095288191102 0.03067869397824766 0
442 0.009111330521386171 0.009589796493742569 0
443 0.002560974591278371 0.01218376045769249 0
444 0.01345707034326379 0.01236403817669165 0
445 0.007739790639280024 0.03263664033039142 0
446 0.01114014074819844 0.02617514526188784 0
447 0.01102234026172653 0.009907798136327466 0
448 0.01317983897065952 0.008573334965450041 0
449 0.01428978060974502 0.03068412746614854 0
450 0.0131337161877268 0.0276432672220998 0
451 0.01717732766438414 0.00679801987741129 0
452 0.007501721763392302 0.03086273069811631 0
453 0.001084476583400674 0.008649710905745765 0
454 0.01706288474740162 0.02200361072088013 0
455 0.01245360835124466 0.03407168385502119 0
456 0.01549894566987078 0.007968317603602906 0
457 0.003112973471254356 0.02555282331792768 0
458 0.01884360429077054 0.03528905814231562 0
459 0.005365564387430665 0.03062298622972171 0
460 0.001053870928022439 0.01162336891860737 0
461 0.01283391919565352 0.006144125723659966 0
462 0.009674227645338086 0.03682292050257557 0
463 0.005995672148528885 0.01588052808920661 0
464 0.01520593920664639 0.00114798809999047 0
465 0.001061826181596857 0.002540312895571627 0
466 0.01499116718234189 0.03886828360162096 0
467 0.01085928741892388 0.03883717877370411 0
468 0.002599053828044793 0.01444114953790862 0
469 0.01894305442507994 0.03873418593973493 0
470 0.0155705732192582 0.02379407246904007 0
471 0.01083419012845168 0.005059804845482057 0
472 0.01882706877582956 0.009938727824536423 0
473 0.002677734948154776 0.02176379203496972 0
474 0.01682830194839139 0.01589845607484321 0
475 0.004703462639080641 0.02254829192060406 0
476 0.01535808255739342 0.003218396292141872 0
477 0.01403091600013233 0.002979254468060851 0
478 0.008138475856339891 0.01268619536258593 0
479 0.01037285727314264 0.01928529831748126 0
480 0.01487728602998165 0.01192438774747682 0
481 0.01723130417286711 0.00450392749055693 0
482 0.01693469117364439 0.0354836659399029 0
483 0.01617554833095771 0.01074085147466584 0
484 0.009624823203564527 0.01574210159971559 0
485 0.01730335688318638 0.001057097296512689 0
486 0.01057251841391891 0.03113556280274677 0
487 0.01879027745791362 0.02521086385848252 0
488 0.01886126453347488 0.002637127129748371 0
489 0.005288660925915573 0.02458672417067423 0
490 0.01413901446200126 0.01422172059113355 0
491 0.002494821851425742 0.02354672424092253 0
492 0.007054013104792843 0.01479205685249001 0
493 0.01711143227549947 0.009064643808008007 0
494 0.004758430854613629 0.01160648603933187 0
495 0.01177218237397702 0.002677613863200003 0
496 0.002733002188845148 0.03363420428224835 0
497 0.01888416146822047 0.01614158254173341 0
498 0.01253580311080616 0.02553142543976273 0
499 0.004753728227162011 0.003213775233606143 0
500 0.002645367913563626 0.01927142437473547 0
501 0.01543465952200479 0.02752061945102598 0
502 0.002646503247969303 0.007909682038684277 0
503 0.009225608419233826 0.005209322031198838 0
504 0.001118332064258249 0.03497513593250977 0
505 0.0167267059934222 0.02557714200831951 0
506 0.01501040301574696 0.01888759879927731 0
507 0.01528690002897433 0.0367421730928233 0
508 0.001030849299401079 0.01765420020653858 0
509 0.01266006090494046 0.03007315187229792 0
510 0.01737687461756519 0.0313010835588457 0
511 0.01895132983349135 0.03737827097001971 0
512 0.002779788495853644 0.02787192789677451 0
513 0.01887750520789342 0.01810207558130656 0
514 0.01468390825129307 0.02884904229187919 0
515 0.006064284385245708 0.02248230472817569 0
516 0.01881389292055576 0.02743280867511343 0
517 0.004489658078838888 0.03887052508688893 0
518 0.01264767391649619 0.01537010428521454 0
519 0.01152909256230397 0.01741581759055518 0
520 0.001184894068949406 0.03723297986887929 0
521 0.007587534168195666 0.03879539801383573 0
522 0.00433307745897652 0.01740714251081839 0
523 0.01372140575975032 0.03691449440389982 0
524 0.002376977193273571 0.01733727560787308 0
525 0.00423709551977537 0.02707357361608301 0
526 0.01413204636322563 0.02659288114237104 0
527 0.005747349515905522 0.007075635823395602 0
528 0.01874362182518578 0.006271689948184708 0
529 0.004979548563260869 0.009262248086786148 0
530 0.01144244678728572 0.03735994604912515 0
531 0.00306445627709654 0.01573308074900898 0
532 0.007451743394662452 0.02333394692317188 0
533 0.001117484478372241 0.02858594666784506 0
534 0.01352860427200182 0.01816276566209275 0
535 0.01201518627608974 0.00798134213038473 0
536 0.001096484037879236 0.03169735924473066 0
537 0.004396794105004073 0.02378625029748396 0
538 0.007102111949899816 0.006138673101897118 0
539 0.01903646494043257 0.01308725603910012 0
540 0.01003249189912225 0.01151655535632298 0
541 0.004101937684701828 0.01270134940484322 0
542 0.01423786385432639 0.00100889653957114 0
543 0.009898952351002101 0.02226889700230176 0
544 0.01738997699571604 0.03872744145766421 0
545 0.01466737058663586 0.005078350551061303 0
546 0.006194769759067143 0.01968617111652716 0
547 0.001123353680570503 0.004753927819241246 0
548 0.001069765135639222 0.02506771431309471 0
549 0.004975136776715569 0.001019656188873674 0
550 0.01486609751708705 0.009241192868668882 0
551 0.0119708589745057 0.006911528027116483 0
552 0.001018797374004156 0.01593657600547657 0
553 0.01261458443354872 0.01945709009853512 0
554 0.01890003453257092 0.01490266938019415 0
555 0.005849314537732315 0.03710026841616629 0
556 0.003279651527288835 0.02424711384766357 0
557 0.008330256689067315 0.002917403014482949 0
558 0.01217361225013484 0.01349627258711526 0
559 0.002615686217054164 0.001075568474302929 0
560 0.005757709148283745 0.0323001240712021 0
561 0.0078878182360828 0.02121481866418407 0
562 0.01893704045218543 0.008046813791829845 0
563 0.003117297077725806 0.004718832272112002 0
564 0.007923300814538806 0.006952596863933229 0
565 0.004709776577029026 0.02859570204591406 0
566 0.001154218712958928 0.03884899665826465 0
567 0.004257993349633542 0.03268005023076519 0
568 0.01699213417227544 0.01267481168460355 0
569 0.006465353820505308 0.0347256456742255 0
570 0.01473913774196714 0.02555672505131246 0
571 0.0174780545566928 0.01779654312725299 0
572 0.007810951658987101 0.03392016630371101 0
573 0.004025080317271769 0.03729049939694379 0
574 0.006859155084469141 0.01762193719029204 0
575 0.01376908560099791 0.02274072349717572 0
576 0.002521867595823182 0.03895498126813361 0
577 0.01576594977687305 0.01292651041128296 0
578 0.01695290041332193 0.002507829086171379 0
579 0.004659842947085597 0.02071447121277857 0
580 0.01372187932580068 0.028534950523466 0
581 0.01574984731947858 0.01793867718550428 0
582 0.01055086209893126 0.003496718725554116 0
583 0.01753010405740976 0.03712046049009785 0
584 0.008594183296159873 0.0253506297519279 0
585 0.005929456055164331 0.003116154350721066 0
586 0.01719784392031887 0.01151735513793676 0
587 0.005774684169331537 0.03887030073363242 0
588 0.008879432862702923 0.01481024824510104 0
589 0.01072561293094506 0.02288154062453666 0
590 0.008336133965110022 0.02869990669812794 0
591 0.01755381783501813 0.01455403558650239 0
592 0.00893095467139344 0.01767152209586045 0
593 0.007319949730600181 0.01084405885356706 0
594 0.01758375447715772 0.02342282979727714 0
595 0.01249783209595142 0.004048462822635827 0
596 0.008027274102500473 0.00106033105399788 0
597 0.002596890284533415 0.003083874433419044 0
598 0.01474539557238662 0.01584572874813252 0
599 0.01102363900610949 0.0009784932678828483 0
600 0.007452686612232985 0.03626318145054138 0
601 0.01024588465829975 0.006978664646101324 0
602 0.01755703949986919 0.01958430395364498 0
603 0.008577056132817132 0.03559676105011003 0
604 0.01315782775883342 0.02151757076313546 0
605 0.005018448210221288 0.01537236075325337 0
606 0.01578642574763947 0.03583694224966615 0
607 0.01760995085078817 0.02917118267998949 0
608 0.01039214648690726 0.02527053625104463 0
609 0.001036652876565999 0.01476133014937622 0
610 0.00259485934524942 0.0314718859288096 0
611 0.002844154837598523 0.005783590549401007 0
612 0.009856247454927735 0.03329126531352822 0
613 0.01760412750359895 0.008012086255523356 0
614 0.007060451742641451 0.0294045638185502 0
615 0.01766872734134427 0.0273379438804736 0
616 0.01051971280405936 0.03509427378328032 0
617 0.002374161329695553 0.01642762022695716 0
618 0.01586554643008865 0.02232992362128814 0
619 0.01388990994323763 0.007010668258655881 0
620 0.008950004963395911 0.006319982012607046 0
621 0.005837342434067356 0.02640961826307042 0
622 0.01901313312452986 0.03250618907181003 0
623 0.01897968569621407 0.03419744482462251 0
624 0.005847703719235353 0.01367035777463292 0
625 0.01399253915285195 0.03175533954788132 0
626 0.005510655047348925 0.02955462545294219 0
627 0.009745221540265652 0.0133479906847595 0
628 0.0008363473494508999 0.01329548312760811 0
629 0.01919647081917684 0.01195197502053437 0
630 0.01491846426764335 0.03493659167851593 0
631 0.01266462398599601 0.01728091539430059 0
632 0.01274862378259877 0.0378025150602599 0
633 0.002494653598332515 0.03764089840366302 0
634 0.006603143914614066 0.002253605695097576 0
635 0.009297137573670426 0.01967027905533526 0
636 0.01652837566902155 0.01476978084145288 0
637 0.01079097622998452 0.01448628444224851 0
638 0.000978613141248634 0.02672541129381459 0
639 0.003670378223222177 0.009393120500918053 0
640 0.01251804063924749 0.002138791311267457 0
641 0.004327329708724017 0.03489247910810758 0
642 0.01256912455563101 0.03908317982258471 0
643 0.004874290977308794 0.005838429413550899 0
644 0.01125345460838291 0.03401975946779872 0
645 0.01098174451468658 0.02050764026305214 0
646 0.006226497365514014 0.03092550981169771 0
647 0.003912139013204087 0.005997730182247673 0
648 0.0126696829065847 0.0008236880439203287 0
649 0.000986591938318673 0.02190241629756318 0
650 0.004199750295668133 0.004222125350701742 0
651 0.01259755588231385 0.0232908282874521 0
652 0.01530883214830072 0.03087287861784059 0
653 0.002071416726416609 0.02990460501561613 0
654 0.01128300603832423 0.01640855250722736 0
655 0.009168865910863213 0.02950452559640664 0
656 0.00912984773910042 0.02409964915454159 0
657 0.01091694991881999 0.03203355734571779 0
658 0.01178688910205842 0.02243303110439181 0
659 0.008412511050320452 0.009291296526556754 0
660 0.01662594324428915 0.005735226093772802 0
661 0.002134207473459019 0.01334317046353587 0
662 0.003894380722006667 0.02612733671839762 0
663 0.01764572870229256 0.01664986358366035 0
664 0.004842356152251167 0.008021533265627335 0
665 0.002042312820679295 0.03694700950832902 0
666 0.01609012823890759 0.03191768175477262 0
667 0.002403263805498995 0.02624257174354174 0
668 0.009422694595095657 0.03132419825924931 0
669 0.001009900502910102 0.01891771773017773 0
670 0.01760543436881633 0.01340888931076772 0
671 0.0117325250465627 0.03594541420142195 0
672 0.008595399362304877 0.03061631512937809 0
673 0.008876634233767503 0.02667716978905257 0
674 0.005706547159531549 0.009399748566074241 0
675 0.01332043894220523 0.01455480325198854 0
676 0.01484013725401438 0.01471031193570456 0
677 0.003735813444824168 0.007463269788063734 0
678 0.01201590520355629 0.0242984718989724 0
679 0.01020440142661048 0.02141374578372403 0
680 0.00303190755830326 0.01104810489963722 0
681 0.01572502756210168 0.03780086745454137 0
682 0.007907743991259741 0.01669900254324827 0
683 0.007044057486015968 0.009868620700868533 0
684 0.0102378657787557 0.0095175755337433 0
685 0.0008222245551427251 0.0204009393162591 0
686 0.01480755483809354 0.02459852990475632 0
687 0.01926587467208806 0.009123415678399378 0
688 0.004508597617295266 0.0305187873888722 0
689 0.00898583549872351 0.03235575813344901 0
690 0.01049775954009537 0.01096894222385498 0
691 0.0009340333954253772 0.02309635953953496 0
692 0.0009416139560045316 0.03060708305219532 0
693 0.008703507949069914 0.03908105078311157 0
694 0.004037787562325068 0.002628780209397236 0
695 0.002584960116672952 0.03584248855956548 0
696 0.01316678236691801 0.02636767952996955 0
697 0.0115790900613201 0.02930455007773778 0
698 0.01578120537450284 0.00240535756850066 0
699 0.0119396435435283 0.0277121454104116 0
700 0.00951320182123235 0.0275235692097802 0
701 0.01773222194553492 0.03256012764375003 0
702 0.008137560652383451 0.02238396000208339 0
703 0.01031148529331323 0.008010601758313154 0
704 0.005884113691965507 0.02053952426061516 0
705 0.007647876800314743 0.03791435368831235 0
706 0.0007824561100324683 0.007004050411540067 0
707 0.002108116878443164 0.006733618100044992 0
708 0.01765252878386304 0.03374054583870335 0
709 0.01910621240366686 0.003519639496570637 0
710 0.01925151532699189 0.001945969339915008 0
711 0.01167754324975393 0.01870026330498721 0
712 0.007352166118046545 0.01846134490268755 0
713 0.01899821091568201 0.02298755187643422 0
714 0.007956449467059897 0.01450008129306877 0
715 0.0150744517348283 0.006341113809706519 0
716 0.01756211964756759 0.02574930063031776 0
717 0.01020109658148263 0.01775175714188396 0
718 0.003803097897959228 0.01420649554367322 0
719 0.01906631499775847 0.01911165551534552 0
720 0.01417115438894986 0.03922570471901965 0
721 0.01904451175969098 0.02846507844040821 0
722 0.01369321599552139 0.02451090985703679 0
723 0.01780589133027862 0.00312633767627302 0
724 0.01530792138571648 0.02089686496252437 0
725 0.006457532760304202 0.02800848998914281 0
726 0.008179007879878084 0.01161367848967779 0
727 0.006726723177871914 0.003847508872276598 0
728 0.005567960166036392 0.004924147983527909 0
729 0.003019841688557335 0.01816492373179606 0
730 0.01559206702857842 0.02886378844484953 0
731 0.009309326683226277 0.03762637241418479 0
732 0.01806123674850735 0.0007092719205674738 0
733 0.01234151851910205 0.01164420441693744 0
734 0.01183124122324093 0.01533798501877683 0
735 0.01248176676709089 0.01040409636318727 0
736 0.004588709343429285 0.03393189884819141 0
737 0.0009808787885536505 0.03800357548513421 0
738 0.00316521597456389 0.008823062390522846 0
739 0.009049893910917633 0.00813617359677243 0
740 0.01388620296757036 0.02009893551849147 0
741 0.01214906438121453 0.02011095256693637 0
742 0.006449786618512711 0.02329585433327659 0
743 0.01336283976479195 0.003947047102594053 0
744 0.01402007059736642 0.01173724679094943 0
745 0.01801981827270806 0.009731620402417504 0
746 0.006593649844820007 0.025985047123026 0
747 0.005833960384572779 0.03375779320762212 0
748 0.01550091397490845 0.0112935573733654 0
749 0.01653607913095461 0.0007835493085736021 0
750 0.009230373998230993 0.003809814922464915 0
751 0.01916612870433113 0.007486170531210704 0
752 0.01787651362509503 0.02164822248278599 0
753 0.01908081695645527 0.02207338234841393 0
754 0.01041675645798349 0.03019384576222643 0
755 0.005437000437430823 0.01087386238674997 0
756 0.01493784361018665 0.02328466830322518 0
757 0.01311337753776684 0.03621910876496243 0
758 0.002228719732759573 0.01024792853086781 0
759 0.01525442588570113 0.03411422966853829 0
760 0.01609582817794959 0.007241862020214113 0
761 0.009171518697496156 0.0008916777575209492 0
762 0.006623203448853986 0.01402183845622325 0
763 0.002311487870000802 0.02706693541886584 0
764 0.007464260455785615 0.02743354930542818 0
765 0.007259232287563366 0.008073608068773266 0
766 0.0008419494413882261 0.033076293943428 0
767 0.01572649327475268 0.03921355068858272 0
768 0.01590275320541271 0.02585656313418461 0
769 0.01774284828438871 0.03548875159894289 0
770 0.01448133172861812 0.01697993604719534 0
771 0.002682867181724154 0.02265479869070416 0
772 0.003692281800396977 0.03178343217791699 0
773 0.002286490206551279 0.003879411278375575 0
774 0.01924298454210337 0.02462408377655081 0
775 0.01217944558112879 0.03080104598337773 0
776 0.00331577935285368 0.03919779295913446 0
777 0.007161307300256905 0.01562418630278712 0
778 0.01612709970439993 0.008586854488538848 0
779 0.01941962904184469 0.0263459008029371 0
780 0.01276745819393416 0.03213322652964911 0
781 0.00769258280828771 0.00239336229017556 0
782 0.0009074889034583269 0.01075661679587111 0
783 0.009177771499652668 0.02574329844069583 0
784 0.00996956887145998 0.002181478932759488 0
785 0.01152307853900637 0.01180792616366331 0
786 0.01924940647703556 0.01377249532580281 0
787 0.007633667851602065 0.00389269733101863 0
788 0.01397367624686195 0.002207129727496773 0
789 0.01707831887060958 0.03780298317892492 0
790 0.01079265244343617 0.004310629649615337 0
791 0.009334932126980795 0.02108855139335993 0
792 0.01350395736541372 0.03771221233632415 0
793 0.005025751570056953 0.03692263826044345 0
794 0.01458584034390542 0.02967793254494772 0
795 0.01394297185407016 0.02192611895027635 0
796 0.003496079488027617 0.0332003091131399 0
797 0.007312398425218651 0.01280032163537263 0
798 0.01329862141759508 0.03374117693103263 0
799 0.01162634912205595 0.0391221495114247 0
800 0.005189641359685894 0.03558975987473274 0
801 0.005858066349908805 0.03795598187403076 0
802 0.01210351463524193 0.03263100510207664 0
803 0.005721735586943718 0.01772334422013756 0
804 0.004402447447771319 0.01887153469720568 0
805 0.0055774863280935 0.01911582121700857 0
806 0.001947076378364923 0.0254071832703078 0
807 0.0007348415924384021 0.005450906737495504 0
808 0.01353317537857117 0.00780023112885306 0
809 0.01714384821827688 0.02801617516357856 0
810 0.004279652432102622 0.0007913805056665689 0
811 0.01349918934739223 0.0235239362465032 0
812 0.009470120166365443 0.02287986180054331 0
813 0.01700638606561147 0.01892158807201723 0
814 0.003128131022278884 0.02872112247887277 0
815 0.003057106003610768 0.03465341127980093 0
816 0.002297510572543904 0.032855409775044 0
817 0.003846572292984123 0.03617474705365311 0
818 0.01540028552440944 0.01040460775892694 0
819 0.01285601652034412 0.02925110762706545 0
820 0.0113916035851796 0.01293877638383449 0
821 0.01897739631189637 0.03605701874484632 0
822 0.01915979075463119 0.03143312165944421 0
823 0.01357757344145305 0.03042358969103231 0
824 0.007324653695851206 0.0007590520066737515 0
825 0.0006425541264480569 0.01692603432537246 0
826 0.008820389209304044 0.01555368158878869 0
827 0.01659546728803184 0.01005616812847466 0
828 0.01580962546697684 0.01950017893521555 0
829 0.01662228332213157 0.0179607531663021 0
830 0.001876292993941731 0.03167290119876719 0
831 0.01311982617553475 0.01596726057044047 0
832 0.00289272253257543 0.002132815262853305 0
833 0.01541284903682311 0.03240644021706161 0
834 0.01024858364531344 0.02837913601314443 0
835 0.01733483791287412 0.003661818033816037 0
836 0.0009175523980020327 0.007889155677473317 0
837 0.01918769927602593 0.01691609842583442 0
838 0.00763703656124004 0.03177918040690345 0
839 0.01187039728688776 0.004536477401550255 0
840 0.0007349633248464899 0.03609827043474967 0
841 0.01000552589425175 0.005244875089877987 0
842 0.0161596158827382 0.01629776413217587 0
843 0.002164341137676645 0.00587846561951897 0
844 0.01151286058230709 0.02844818945310131 0
845 0.003659027451043146 0.01762266831959274 0
846 0.01126727024674827 0.02694796440429298 0
847 0.01200931205995398 0.008707775400466721 0
848 0.0006879319757254511 0.003221829122778904 0
849 0.009630190127948102 0.03477793831729765 0
850 0.01387112463921811 0.01041351484433668 0
851 0.01806789428210453 0.004607789309608914 0
852 0.0140327980525041 0.03495401495702069 0
853 0.005264051531796263 0.02540674007984628 0
854 0.006833019749019068 0.0191620371413019 0
855 0.0006965521346212131 0.001812779965551316 0
856 0.0131264695525824 0.01006988282262225 0
857 0.0007876482744590806 0.01225185032325866 0
858 0.01928643419553682 0.01061944535190213 0
859 0.0169352543533614 0.03025699416139473 0
860 0.004656482340872759 0.02171567483951585 0
861 0.003387664433713381 0.022103644870385 0
862 0.01531971969645737 0.004068927014014772 0
863 0.01918949914252339 0.0207022211677463 0
864 0.0006933602092534831 0.02606851136820949 0
865 0.006491507954635095 0.03259771682577046 0
866 0.001819887139776924 0.01186962872200467 0
867 0.006875539764892552 0.03549229551282909 0
868 0.01320176394106469 0.01891088136819889 0
869 0.004070451423127859 0.02917609346830689 0
870 0.001942229155816287 0.00069771707345085 0
871 0.004252924669814305 0.03809781012967696 0
872 0.01047254886344839 0.03275481821185017 0
873 0.009340888542484719 0.03393995133224564 0
874 0.0008166726569379772 0.02788227596167631 0
875 0.007818783559400235 0.004826723549412422 0
876 0.01717663698382683 0.03630570404635802 0
877 0.005156259008185825 0.009954086876932382 0
878 0.01638555514999683 0.03744337087054746 0
879 0.01796103442031804 0.00651841810941467 0
880 0.01466127885177552 0.03361443635300569 0
881 0.0008457813234106493 0.009379716157588057 0
882 0.01452088735774524 0.03683117909949661 0
883 0.01942412770864146 0.03355206558051273 0
884 0.003721104399861324 0.01618296528143056 0
885 0.01931878004513955 0.004423235978039931 0
886 0.001719360992797878 0.02041307324557473 0
887 0.01085743606512702 0.01746951577808139 0
888 0.01231813342772476 0.02162742326196119 0
889 0.006431253601371499 0.006680042588108996 0
890 0.01262878523963089 0.01419763042986993 0
891 0.008020058184934788 0.01074980716518943 0
892 0.01357563697786534 0.0006366989926512925 0
893 0.003871424762217171 0.01096634150874133 0
894 0.01624848292272719 0.03014935838063217 0
895 0.01501126695253331 0.01263940527744652 0
896 0.004645096904804219 0.02790860756001078 0
897 0.002720670474517883 0.03059661028794051 0
898 0.01660493464889725 0.004212730728268527 0
899 0.003302028797103493 0.01250425926671282 0
900 0.00342083819118099 0.03762841414460294 0
901 0.008188226063937215 0.01972672574939368 0
902 0.01334368642512568 0.005633374991409375 0
903 0.001877627480685902 0.008286306046686747 0
904 0.007894335035889636 0.03706196971157104 0
905 0.001875414822208108 0.02830875342605701 0
906 0.01694392589714059 0.03471973459739974 0
907 0.00190354004226375 0.03932035052818977 0
908 0.0007432044408342865 0.03231372023694713 0
909 0.009308655391689947 0.01032803262113659 0
910 0.001698785727895859 0.02328826606514189 0
911 0.006229417072314045 0.007704288395480654 0
912 0.0192861202971272 0.03805139797885793 0
913 0.007265126317815179 0.03013992543836855 0
914 0.006476578828660016 0.03932535155276994 0
915 0.006742268826077816 0.01122733354939748 0
916 0.01510051121088359 0.02823798114215418 0
917 0.01228772098169869 0.02494673827917441 0
918 0.008548321192482977 0.007354544013572186 0
919 0.01585911162213109 0.02044476476524248 0
920 0.01799135276852709 0.03935491589707404 0
921 0.009915071094446885 0.0241212436951378 0
922 0.005400182318911609 0.0363245446538198 0
923 0.01029817765987433 0.0271771406406623 0
924 0.0006285062944589581 0.0141170504013235 0
925 0.01753250681271507 0.02424896986719436 0
926 0.01184399609322454 0.03356358360231967 0
927 0.01714113186959034 0.001806608105569471 0
928 0.01647406111812267 0.02755446450984101 0
929 0.009086164489918596 0.03615706125286371 0
930 0.009865950963123597 0.02964907833260848 0
931 0.01638704240750957 0.03322361439749429 0
932 0.008725706973046692 0.03737764378840551 0
933 0.01413553012871668 0.01611365597050518 0
934 0.003086212025593425 0.02104879517231078 0
935 0.01389398901850923 0.01363283377522892 0
936 0.01023404266873244 0.03927246899116184 0
937 0.006230437108331656 0.005409365660291543 0
938 0.0166984535240938 0.02072511299569921 0
939 0.01924287196956823 0.03007640349968648 0
940 0.001826891001249348 0.02180653369582855 0
941 0.01400142681459355 0.00452707755701774 0
942 0.01194341219439815 0.006177781634395524 0
943 0.005839424834464348 0.0330638449228179 0
944 0.01169679004333619 0.001993899915615386 0
945 0.01010081904969979 0.03625722668649075 0
946 0.01537760818041889 0.005492703396121731 0
947 0.006484962248219431 0.0007048601874076119 0
948 0.008660513634060781 0.02462350460654009 0
949 0.0007156601458842785 0.004013233045040067 0
950 0.0111570697088803 0.03809918085992775 0
951 0.01061929554201873 0.03358750179134509 0
952 0.006784263147798546 0.02875196827478037 0
953 0.0134665252040808 0.03451770219349741 0
954 0.01594862268453458 0.02685961174284895 0
955 0.006423229555505253 0.01528436877309534 0
956 0.00351092774200782 0.02746841906095517 0
957 0.0193118940581396 0.01134544225389377 0
958 0.01171421685690729 0.0007344560410297921 0
959 0.005356717541514883 0.01617843064027078 0
960 0.006645436021347018 0.03767644544509309 0
961 0.003345612667276033 0.01936518381637974 0
962 0.01363568265377394 0.03239284484561887 0
963 0.001902622409260132 0.03530634999847249 0
964 0.000597497533319306 0.02126903595640661 0
965 0.01286769670646389 0.01288757937846011 0
966 0.008035491181775978 0.02363146728213337 0
967 0.004577158299238354 0.001740347156523353 0
968 0.0007397170603930456 0.02911449032793682 0
969 0.01425855657816312 0.01238343590562835 0
970 0.006412326824918705 0.01702141491180508 0
971 0.01103762628010361 0.02124275451463313 0
972 0.01820719157276156 0.03415948018611954 0
973 0.0007430798772096996 0.03432924166461504 0
974 0.01799624443140744 0.0115999952047814 0
975 0.001662410058278593 0.02679312494490263 0
976 0.0102435834724936 0.01607678244367932 0
977 0.01441234574283342 0.01859001562432273 0
978 0.0006018755223616661 0.03680422924572235 0
979 0.01120636400573341 0.008032828980619914 0
980 0.001876458037939144 0.01472569904834274 0
981 0.01337945199572982 0.03932917823788917 0
982 0.0006116228216692318 0.01956326103693394 0
983 0.0139257452459132 0.01750865549100766 0
984 0.01003886551507687 0.01227504643808932 0
985 0.01708605358457379 0.01517688693090821 0
986 0.01179752758381309 0.02566917743941775 0
987 0.009603127211727505 0.01645948966590039 0
988 0.01361129674449437 0.03310763807044041 0
989 0.01203291732086085 0.003286817999118612 0
990 0.001718125641797382 0.004294789237441081 0
991 0.0117606635916819 0.01028534354668359 0
992 0.00557398697372027 0.03142205459650553 0
993 0.005468958522727571 0.0281523093000012 0
994 0.01422873467887833 0.03825083746266383 0
995 0.01476102268709259 0.02701356878179925 0
996 0.01749895334428281 0.02262377774687671 0
997 0.004972998133402125 0.01760546745414311 0
998 0.01693099100596494 0.02887711005782838 0
999 0.004909598434195702 0.004642665699348604 0
1000 0.01828422109071969 0.02068153462793374 0
1001 0.001962249503435076 0.0240242969373926 0
1002 0.006528591336272177 0.02184184496788252 0
1003 0.01829566902420978 0.01320377479976402 0
1004 0.003242169816816355 0.0149081220341855 0
1005 0.01018375472372357 0.01522574391146701 0
1006 0.005218252254415893 0.01465639212902126 0
1007 0.00156939759589848 0.009286387399904689 0
1008 0.01236402797242028 0.03483074877669079 0
1009 0.01462483829955648 0.0195227655372337 0
1010 0.001781655082851111 0.002745043193903281 0
1011 0.001837567099240947 0.0189785821637235 0
1012 0.003746045864612005 0.02360930499298711 0
1013 0.01462650203686379 0.009888919404499092 0
1014 0.01261760961976253 0.02086523367387403 0
1015 0.01032420791083658 0.03701722249886739 0
1016 0.006033653820895362 0.0246729611264676 0
1017 0.0005970426697268719 0.03538596796805049 0
1018 0.006560134961054192 0.008404272591122778 0
1019 0.01543784540744587 0.02169395407268006 0
1020 0.006714132928352382 0.03631379251161775 0
1021 0.01322368307972852 0.002535173156778425 0
1022 0.007130773323925397 0.0342862239946788 0
1023 0.005869805426637872 0.03514989122467328 0
1024 0.003325794729415181 0.0007820532487162225 0
1025 0.01060647024207479 0.005764336598711586 0
1026 0.0051837676811341 0.00653212629961338 0
1027 0.01587304890471787 0.02306702282533485 0
1028 0.007318884863433706 0.01717495936731758 0
1029 0.004330637600917159 0.03558406758024858 0
1030 0.006550830641795144 0.0121615203389989 0
1031 0.01818921956728819 0.01045825492337917 0
1032 0.008370546002127463 0.01612426539103818 0
1033 0.008088190627509234 0.01334800705536592 0
1034 0.01017840946267284 0.01860674300662452 0
1035 0.01159120116839564 0.009464171201624946 0
1036 0.0006297991699091426 0.006193625497446136 0
1037 0.01843634540426491 0.03009419969751461 0
1038 0.0127066194549367 0.005374980905918291 0
1039 0.01287076384147012 0.01204114563534048 0
1040 0.01805582808088663 0.03085641027009065 0
1041 0.005038652035856111 0.03932143931701174 0
1042 0.004943327323935472 0.02683254568971529 0
1043 0.004958276993167331 0.03244535257608411 0
1044 0.01597011357631437 0.03389970426748681 0
1045 0.01656654567853499 0.0113642812292607 0
1046 0.002029370227819538 0.03394753358417361 0
1047 0.01514351057894884 0.03609773477792063 0
1048 0.01385864006535596 0.008769190445053695 0
1049 0.01379380492121301 0.02717724262278421 0
1050 0.005653579897665776 0.0007017576503490879 0
1051 0.001574364077688635 0.02910488715090127 0
1052 0.009553734389376798 0.01722184837171621 0
1053 0.005935306310837919 0.02736620833864029 0
1054 0.01663905434693465 0.03928121633078985 0
1055 0.01933211099336667 0.0006678270669757957 0
1056 0.01062294448258286 0.008729643158539689 0
1057 0.004345364530708594 0.01810655065887927 0
1058 0.0167081230883737 0.0316101497490708 0
1059 0.01544249961760752 0.008936736263599282 0
1060 0.001770237819786854 0.01761180010991737 0
1061 0.01135605552650619 0.03109423987513849 0
1062 0.008798341664479079 0.0129448800203406 0
1063 0.008375827580272608 0.01819410867175839 0
1064 0.007635651904120614 0.009466697469368925 0
1065 0.01080115144252423 0.01984627760859092 0
1066 0.007344647286759024 0.02399887131171373 0
1067 0.01427853656566529 0.007533570208189127 0
1068 0.003901803276033778 0.03006967813502018 0
1069 0.01309889411914488 0.02843183252251121 0
1070 0.01312684639387364 0.009312598440303745 0
1071 0.01118887388755407 0.003129746234878411 0
1072 0.008409277136835773 0.01720508879792709 0
1073 0.01592914942382782 0.03127632585958971 0
1074 0.0164442570709924 0.002841771359678221 0
1075 0.009104985133221544 0.008907928042340391 0
1076 0.009649612436667319 0.006677761121193358 0
1077 0.008109928097393521 0.001753592016681096 0
1078 0.002179607843467959 0.02109542397504429 0
1079 0.004630988449310093 0.01316013630257747 0
1080 0.01109930383055404 0.03562378097240944 0
1081 0.01227108598070084 0.02947576478196529 0
1082 0.01835108150118975 0.01933454183695735 0
1083 0.002820271965291468 0.0249345075104461 0
1084 0.004148983364593392 0.03129185671100269 0
1085 0.009051312819562214 0.00248293110387196 0
1086 0.008000220555809956 0.0393315256995494 0
1087 0.01472215475025078 0.01381964987189524 0
1088 0.01836746215212433 0.02452765120024536 0
1089 0.01557773103376956 0.03845974216660648 0
1090 0.01335222400268471 0.0196182471894955 0
1091 0.009399719281050996 0.01175386284852053 0
1092 0.005367856491537861 0.02280652230974432 0
1093 0.019306509268508 0.03481979577807605 0
1094 0.005896313397226161 0.01245727638200753 0
1095 0.00962853373119033 0.01098853028644029 0
1096 0.009690949189375455 0.007927465548662293 0
1097 0.01532821820433236 0.01605456038630567 0
1098 0.0160154212903742 0.02439706166458288 0
1099 0.01941064223884864 0.02374942458584621 0
1100 0.01035352855936129 0.002767182279650358 0
1101 0.0006176687435193035 0.0154075394384646 0
1102 0.01934007218615649 0.0199092051471834 0
1103 0.008551766956081812 0.02615039425070057 0
1104 0.00446409587283377 0.02566606051219636 0
1105 0.001675766468250886 0.03322985257241924 0
1106 0.002434428015572677 0.03218031247139267 0
1107 0.0006421196067847232 0.03123553063968081 0
1108 0.001696604961455198 0.01617520143803408 0
1109 0.01431871210116381 0.02503965850817545 0
1110 0.002782909107281337 0.009512143294787239 0
1111 0.004861470803590054 0.02326365578590398 0
1112 0.01025665687510079 0.03846461897815484 0
1113 0.01267114379763187 0.008094295062399403 0
1114 0.01043413760894589 0.0006836864659123358 0
1115 0.01828089491578351 0.01463382680544994 0
1116 0.01470203354225677 0.02619692366270408 0
1117 0.01174316474542505 0.00740956700728438 0
1118 0.008639206086434731 0.02127448426708154 0
1119 0.01744880472580801 0.02656478630013359 0
1120 0.002652560877107231 0.03517887762047839 0
1121 0.007863354437303346 0.02041810731444906 0
1122 0.005957832938958295 0.001879552022578647 0
1123 0.01850097864384498 0.001947565758889616 0
1124 0.01815217555376436 0.01794250604309815 0
1125 0.0006817936995177944 0.0100574606841172 0
1126 0.00537929719733043 0.01196043226208516 0
1127 0.01831413980897715 0.005730643248150719 0
1128 0.007600614577705982 0.02266224777535444 0
1129 0.0165534315365003 0.0224892003602694 0
1130 0.001503590464688427 0.005470850152230228 0
1131 0.006185241193975638 0.02934666037441025 0
1132 0.007233183192278801 0.02663832156259461 0
1133 0.01305394070328489 0.02508164450284064 0
1134 0.006317981079521179 0.004486004917595465 0
1135 0.01661829768541257 0.006585245373625613 0
1136 0.01579770692204072 0.01479511148215409 0
1137 0.01158874477063931 0.01804782476311561 0
1138 0.0006861808499014632 0.0006809961846931147 0
1139 0.01003948577461102 0.0315441736732856 0
1140 0.01054360847006311 0.01305630390839707 0
1141 0.003204433275205066 0.00809230709497832 0
1142 0.01924457286186513 0.005794787064510828 0
1143 0.004215829334924748 0.012020322472759 0
1144 0.01075338523995645 0.02343517932987964 0
1145 0.001574218784076062 0.01069134824296754 0
1146 0.01940208369707024 0.01768626111110516 0
1147 0.01593389172751931 0.01723148653322088 0
1148 0.0115313037029095 0.01393217062055271 0
1149 0.01162742240711411 0.0216820582175099 0
1150 0.004080585965093412 0.02221651865065408 0
1151 0.0006572942941458233 0.03001328882286358 0
1152 0.01537103857813482 0.007076258076490934 0
1153 0.01830593606738093 0.007965642311906496 0
1154 0.0007075929413795784 0.02455336870962417 0
1155 0.0005921083953367677 0.02242968864594267 0
1156 0.01676261175709401 0.005019575053575084 0
1157 0.01828660240161244 0.03730971450507751 0
1158 0.01309532387292327 0.0372033356443547 0
1159 0.01202368697266527 0.03768513855535283 0
1160 0.01821008368609536 0.02876150413286646 0
1161 0.003847649431357382 0.01020445287095799 0
1162 0.009362438973857065 0.005843301092331717 0
1163 0.01567905083596659 0.0006295810880825869 0
1164 0.002093897489651034 0.0126719053311636 0
1165 0.001442050749544498 0.001881839996035042 0
1166 0.01817920392507017 0.01603186403540004 0
1167 0.01762037536317128 0.007357907916124271 0
1168 0.009307550928921665 0.004547418093426684 0
1169 0.01514735944972294 0.01743808989603342 0
1170 0.009299800241533821 0.0203141418894741 0
1171 0.01137127794782333 0.006807056857629012 0
1172 0.001554352781141875 0.03037296276475272 0
1173 0.01579138550943025 0.03705740809387399 0
1174 0.01600167956096463 0.01362176858701886 0
1175 0.00703847163221843 0.02293823791430382 0
1176 0.01823253548486621 0.02317776905048022 0
1177 0.006701567378109837 0.02017417249360748 0
1178 0.007280603906639662 0.02073028079693377 0
1179 0.01713851681231868 0.02498967201406604 0
1180 0.01735378613715038 0.03196414223965164 0
1181 0.0110612993968168 0.01910416305976822 0
1182 0.016233778368777 0.02896443654067641 0
1183 0.004009879665651276 0.01683052994551695 0
1184 0.007311648104705784 0.03944137211827488 0
1185 0.005077772622240018 0.02392752823753259 0
1186 0.01245698097153676 0.0355795650143057 0
1187 0.007210764185293783 0.03302353154582491 0
1188 0.002250533889525293 0.007383267818711074 0
1189 0.0125310571757824 0.03337593763759249 0
1190 0.007482925657805539 0.007445555250073404 0
1191 0.01131868273080826 0.005576156581476614 0
1192 0.004791117716775351 0.01689587544390792 0
1193 0.0005535296759729448 0.03741419757890875 0
1194 0.001559793919032933 0.0344274810860196 0
1195 0.01648188943586721 0.0131283428648006 0
1196 0.01188544308291132 0.03429990529426818 0
1197 0.01346167692089384 0.02078883651657936 0
1198 0.007846352077150979 0.00872310230965619 0
1199 0.004662923182097755 0.008637627440993122 0
1200 0.01472111961217694 0.002868123059262331 0
1201 0.014284698697296 0.00644698795081277 0
1202 0.01336803954591225 0.03171385122307189 0
1203 0.007449353011827749 0.00556641415649105 0
1204 0.004199900625102733 0.0393982991400874 0
1205 0.005282187921771236 0.002864209390854685 0
1206 0.0131569743083369 0.02287810719193611 0
1207 0.005136124110815696 0.007327947204975052 0
1208 0.01788369418825724 0.001382854885308534 0
1209 0.01537665081845085 0.03546838642548242 0
1210 0.009868431086844135 0.02576034063959246 0
1211 0.01435640361439617 0.001663760225620231 0
1212 0.003957423551864818 0.02434307096481352 0
1213 0.008505949611296491 0.03393330268247369 0
1214 0.008106506673098774 0.03452242462501746 0
1215 0.004298842236636094 0.03338728607911845 0
1216 0.01820998595764143 0.025483882819767 0
1217 0.01635898818338562 0.0249817829554711 0
1218 0.0193403615848507 0.01540897133577403 0
1219 0.005839685061798446 0.02387381323354789 0
1220 0.009566585285125511 0.02177291084937063 0
1221 0.0005748127414293511 0.02538196587098182 0
1222 0.00333177943040453 0.002640230555961853 0
1223 0.009102924555076402 0.03518789283333528 0
1224 0.001510257031454906 0.01321141388305852 0
1225 0.01258562532632985 0.02742681984844642 0
1226 0.002141626690702442 0.01402610608733434 0
1227 0.01467378765200121 0.02051967487997398 0
1228 0.0006147656624461376 0.01829446048406221 0
1229 0.008334513668435434 0.02682950612552191 0
1230 0.01352140786604659 0.006342337406960177 0
1231 0.01718759869915296 0.03320580730751002 0
1232 0.01384225577313899 0.03111686386979242 0
1233 0.007963175867384579 0.02818994719093341 0
1234 0.006646621986321212 0.02501016456947499 0
1235 0.01457619911416452 0.02135275322394211 0
1236 0.001986003936689809 0.001437700122701415 0
1237 0.005796808139689179 0.013094846363282 0
1238 0.01462736194776801 0.01134293123073371 0
1239 0.003507971430680533 0.02497179559672958 0
1240 0.01430321921309606 0.02832837866395308 0
1241 0.01725131861746278 0.009691969190881068 0
1242 0.01057204762029382 0.00154902452199044 0
1243 0.01408026694733844 0.02903259539444011 0
1244 0.008941533764556293 0.0192199195113846 0
1245 0.01942492983755705 0.02711075805697866 0
1246 0.007570643934374142 0.01614993051135308 0
1247 0.002555357933873481 0.01519848414345629 0
1248 0.008752369516425574 0.02249314642177071 0
1249 0.001534824718554541 0.02457959465374024 0
1250 0.01515716843985977 0.01823335389115761 0
1251 0.007271760032099952 0.006790754814272111 0
1252 0.01699046327496077 0.02378386220988886 0
1253 0.008643886297090063 0.005030857916601848 0
1254 0.01457546739672271 0.03219199383813346 0
1255 0.01932547300340838 0.02907893420238033 0
1256 0.01259006348605923 0.006770284025359379 0
1257 0.009244460048899826 0.01419590943548966 0
1258 0.01459267679137631 0.03123976620666572 0
1259 0.009283355598190296 0.03935828098718822 0
1260 0.007687931086705449 0.02889897787304901 0
1261 0.01100985107919007 0.02977306837231126 0
1262 0.01843720490447457 0.003146123502367714 0
1263 0.0006417702715264175 0.03369087262941094 0
1264 0.01706736432609861 0.00843852373756027 0
1265 0.006709115670194152 0.001499503996368456 0
1266 0.01727362477262324 0.02975628224975336 0
1267 0.008179206376049632 0.03109721846733524 0
1268 0.0193672904613552 0.02143689542370982 0
1269 0.009889463565688724 0.003673688581649796 0
1270 0.004448483884814505 0.009753830317117115 0
1271 0.01255192404975281 0.03844039319354242 0
1272 0.01263437428824743 0.001479700865792355 0
1273 0.008639355360797948 0.01218032650142805 0
1274 0.01067219242219758 0.01171055586327346 0
1275 0.00174632915727186 0.03759475286471759 0
1276 0.006371918641275806 0.009599400992982208 0
1277 0.0006031611466220665 0.02367056146201819 0
1278 0.01152417326100123 0.02025559001394237 0
1279 0.01537386399559704 0.001827002925926909 0
1280 0.004404130148264044 0.01957250241011521 0
1281 0.01084481997652743 0.009308547518414655 0
1282 0.01847480848349916 0.02187158656162088 0
1283 0.01934979603037685 0.01856562504198549 0
1284 0.00973431029799738 0.02896352763626118 0
1285 0.01103019425023058 0.0394268215878396 0
1286 0.0163270753622493 0.02378756796932364 0
1287 0.01489734415283464 0.0005359873626273673 0
1288 0.01708584872344172 0.02134139889507358 0
1289 0.01134265919686185 0.02404902037443043 0
1290 0.01938866668811901 0.006655820953689572 0
1291 0.0164056019914879 0.02182164811597379 0
1292 0.002935749502981299 0.01635396556345659 0
1293 0.006833012459158332 0.005615723006674751 0
1294 0.005482730115862541 0.00351677784425081 0
1295 0.01180879458794961 0.03673911654980296 0
1296 0.005965610794724572 0.02128793742859982 0
1297 0.006903094738144743 0.03125717161249087 0
1298 0.01321237382027126 0.01756811848149549 0
1299 0.01938474363738704 0.01250566697566463 0
1300 0.01931098897568031 0.02781040945666838 0
1301 0.004311067080064833 0.01553671594699348 0
1302 0.007585809994106319 0.01140241986384389 0
1303 0.007059560036337688 0.03836528354670783 0
1304 0.009179462559190959 0.03832760590850617 0
1305 0.007637566235773226 0.01905823996060384 0
1306 0.008979735995020301 0.0277781911602778 0
1307 0.008661864972011612 0.02998227407281873 0
1308 0.01049842998067402 0.00639861750295443 0
1309 0.004082895475022518 0.02069203677024394 0
1310 0.004217330572675238 0.02304722435168664 0
1311 0.003179684174701647 0.02612193206724809 0
1312 0.01088243029954546 0.02858799159577462 0
1313 0.01525603394838731 0.02574725843319812 0
1314 0.01948776539365723 0.009830437751373928 0
1315 0.003440255754732793 0.005364315893024593 0
1316 0.01948023589506767 0.002735767814057349 0
1317 0.005871209967997076 0.03444540419028953 0
1318 0.01073885612728092 0.03445446649575705 0
1319 0.01552192233426839 0.01214835172761288 0
1320 0.009320981054837396 0.00168819912414786 0
1321 0.007211186153535083 0.02150600931672692 0
1322 0.01638579107682785 0.01541185805069397 0
1323 0.01675822648964849 0.01205185022854055 0
1324 0.01605872020344475 0.03262555595594795 0
1325 0.008001987227361111 0.03039718576665864 0
1326 0.01480407914887677 0.03040421098750099 0
1327 0.01108083120551395 0.0254645347200694 0
1328 0.01515019487723515 0.03740234364221426 0
1329 0.002971871539336011 0.01173322797512667 0
1330 0.003168610983233023 0.03629110906768609 0
1331 0.002060923977313877 0.009608170334027454 0
1332 0.01943860002922216 0.01455675771883769 0
1333 0.00221521585381763 0.01979197953990817 0
1334 0.01522593134572898 0.01334684248698392 0
1335 0.01945178803460401 0.001296338126499777 0
1336 0.01755910988855885 0.005001165463418571 0
1337 0.0193394819156039 0.03672779010994946 0
1338 0.009507929724837088 0.01499447525563521 0
1339 0.006873421389831399 0.03064131002204305 0
1340 0.01645334704603903 0.01935054781210237 0
1341 0.0005488054066007091 0.02838358700342628 0
1342 0.006457697253645601 0.003301302526728517 0
1343 0.007334050731782627 0.01788067866053662 0
1344 0.002478271329407113 0.01859363779776485 0
1345 0.01336286103867202 0.02227887462981475 0
1346 0.003098576797551654 0.02338704025781357 0
1347 0.0004985858661984977 0.01615486049176556 0
1348 0.007747821111424107 0.00628647122707009 0
1349 0.008395869817584226 0.006608666177243995 0
1350 0.01374330591465016 0.0279211408428807 0
1351 0.01873266648123474 0.0005415382619400992 0
1352 0.009662150441525227 0.009812857150363102 0
1353 0.0193493464026897 0.03934800015161696 0
1354 0.005051541380755227 0.0385134619966292 0
1355 0.002549063216891436 0.001661827477040058 0
1356 0.004939441692645642 0.005280836307675743 0
1357 0.01167842602364243 0.01600313889661279 0
1358 0.003140864950649509 0.004088690122520684 0
1359 0.00149692358919495 0.006934216931941862 0
1360 0.01633538401963042 0.034414991737099 0
1361 0.01941685713276638 0.0308803136237341 0
1362 0.0006170253431397425 0.03936037667227386 0
1363 0.01358684447194507 0.01404166928206518 0
1364 0.003038984872337265 0.01993945052248402 0
1365 0.008510387971431376 0.02400166829751475 0
1366 0.01499116718234189 0.03949613030744449 0
1367 0.008520011229829684 0.01431898388100369 0
1368 0.01759470995958387 0.01280604643420831 0
1369 0.01108749455505008 0.01061413906701661 0
1370 0.0042120180506445 0.003525792830383082 0
1371 0.008895460329373845 0.02720109381310001 0
1372 0.009907417276714849 0.01976062278101961 0
1373 0.004489382480568534 0.0146099414583758 0
1374 0.0173076403091857 0.0004790832699490023 0
1375 0.01482595852083021 0.007746069417445444 0
1376 0.005073614156878985 0.03001417528355516 0
1377 0.01946646230422963 0.0082747775283083 0
1378 0.01817441347608839 0.002548458566136166 0
1379 0.00790960487172839 0.02571925284717295 0
1380 0.01490225303265501 0.03287799468802254 0
1381 0.006081293464874788 0.003746802418773124 0
1382 0.008614566712197159 0.01017170807226107 0
1383 0.01623319683197232 0.0353819401822508 0
1384 0.005689819728701631 0.01531925115940129 0
1385 0.002653261330136514 0.0136509364327045 0
1386 0.007180008185089477 0.03239017996522745 0
1387 0.0159505264745477 0.003852824515555808 0
1388 0.01857850243082423 0.01541167183851713 0
1389 0.0005227329387939034 0.008843327439831215 0
1390 0.01749202516580244 0.01593145196414582 0
1391 0.01859452959450533 0.01868936478688969 0
1392 0.01717178266682986 0.0201727113863006 0
1393 0.005280896324564978 0.01346575819725751 0
1394 0.01260213288409116 0.02797180535363578 0
1395 0.004958045442508018 0.02928981829904713 0
1396 0.002625830554632181 0.02415467377355382 0
1397 0.002912046345467482 0.01746337831180329 0
1398 0.006838208926876291 0.01339436189759459 0
1399 0.007929511311087226 0.02501738156987631 0
1400 0.01876231891211605 0.01245766830410314 0
1401 0.008927876765573358 0.003164736741615427 0
1402 0.010575184251911 0.01028630450613869 0
1403 0.002846457259169925 0.03837325644152124 0
1404 0.0151998924465462 0.004726641394300771 0
1405 0.008019239477830304 0.03323153338383086 0
1406 0.01689018227980718 0.01083949880116489 0
1407 0.00393573170771652 0.006755390610656782 0
1408 0.009749215980088776 0.0005689320800883538 0
1409 0.01554952265176375 0.01874912571902092 0
1410 0.003700407554772014 0.0345466040897533 0
1411 0.01017512646651655 0.02287139430887261 0
1412 0.002745902096105483 0.02960475068176844 0
1413 0.002190392260050115 0.02302060622697823 0
1414 0.01839398871751495 0.03482915844145923 0
1415 0.004855166371786008 0.003889033826559446 0
1416 0.01836405463735606 0.03254775999596005 0
1417 0.008338988775235062 0.03237606192772913 0
1418 0.005471082637231583 0.001494071545990495 0
1419 0.008350002962615051 0.002299964127979569 0
1420 0.006454789176996351 0.0368286960600151 0
1421 0.008070134677270441 0.000464109701582973 0
1422 0.007828389640994892 0.03558625610723219 0
1423 0.01738770564431886 0.01837740195266514 0
1424 0.01507711099252484 0.02932008853389976 0
1425 0.008221271409928428 0.03608913693407598 0
1426 0.01940232437672174 0.02553730532607092 0
1427 0.01092439301896134 0.02479784007301281 0
1428 0.01625006143327598 0.01252512160078058 0
1429 0.0004576338176590557 0.01760795457333907 0
1430 0.006522147040413303 0.01609353244305065 0
1431 0.01887486999745605 0.01424549438091645 0
1432 0.01183484170871841 0.01687029377772481 0
1433 0.002683518921206443 0.006296188617856484 0
1434 0.005260377257274918 0.008733189880212501 0
1435 0.008831033626151329 0.0311814975620833 0
1436 0.004193465986689764 0.01147561026472836 0
1437 0.004746119300075376 0.002534398988639837 0
1438 0.002693957599606882 0.0004822098514908717 0
1439 0.004608288016248021 0.02444125542813423 0
1440 0.00448958093237065 0.006333148389285316 0
1441 0.01774238055522141 0.01732834174265408 0
1442 0.007794702567922484 0.003238683183334423 0
1443 0.01301470853808567 0.02706022619939335 0
1444 0.01826861079463935 0.03868586921784965 0
1445 0.01880513251978021 0.01755748503547873 0
1446 0.001196770269731055 0.03950594477174565 0
1447 0.005614567688455214 0.01996177219664749 0
1448 0.006206675960767844 0.03180321037748961 0
1449 0.003794168908230214 0.01336567448540197 0
1450 0.01383877269099723 0.03626123949392597 0
1451 0.01583201290257611 0.00120456468069001 0
1452 0.0004630095248588408 0.002519431181670979 0
1453 0.003264626445545343 0.03011898189557317 0
1454 0.01480563763455139 0.01637763701311949 0
1455 0.005819624918228341 0.03013313895294397 0
1456 0.01642210405254329 0.03598487118567634 0
1457 0.004815827413108504 0.03509133080631759 0
1458 0.000447420113023218 0.01472049923293002 0
1459 0.01034743326334139 0.01381729033025643 0
1460 0.01808127592651652 0.02953784582628097 0
1461 0.01421233085396172 0.01484882174300855 0
1462 0.002695211629020087 0.005179217869641019 0
1463 0.01688944859464101 0.03709377745528897 0
1464 0.01579287395475801 0.02826772377763941 0
1465 0.01153574494653224 0.03234509520223672 0
1466 0.0105406111270702 0.02233021888093282 0
1467 0.003175196076288187 0.01404018166877627 0
1468 0.01941350160205668 0.03206473308322307 0
1469 0.001343485950256525 0.01541142883684142 0
1470 0.004420171969202294 0.00748960834393014 0
1471 0.01141832121810383 0.004975364895143058 0
1472 0.01005344643959014 0.02777721634848063 0
1473 0.003309466513523244 0.006171970099853033 0
1474 0.001247114384141622 0.0005213869794210013 0
1475 0.01942550197423498 0.03551524754239591 0
1476 0.0182472396319578 0.02761509805381387 0
1477 0.01743576811902571 0.01216492752754654 0
1478 0.004917226998344978 0.03104419890294123 0
1479 0.01064104936286737 0.02653423777687162 0
1480 0.01053061523938224 0.02592292004947436 0
1481 0.007726619104435829 0.02195856522346719 0
1482 0.0005385488778743494 0.001223646055288678 0
1483 0.0005198610180065927 0.01127940056524651 0
1484 0.01766277677869954 0.009219553754771421 0
1485 0.01684730004356235 0.007299403128886762 0
1486 0.0005147710837786357 0.004714911952905161 0
1487 0.009067188322773909 0.03690092247411957 0
1488 0.0005639010587956336 0.02731723574304366 0
1489 0.01205828201141776 0.01759900010068728 0
1490 0.01951538640924449 0.03733893673479394 0
1491 0.00120183370763273 0.03660549599250358 0
1492 0.003033555686494392 0.01879600730369685 0
1493 0.0004963616170996481 0.03178246570313022 0
1494 0.01432557840564294 0.00923536712703469 0
1495 0.00992701884793383 0.0309332606496106 0
1496 0.01250775578695557 0.01479752960862757 0
1497 0.01128220340779933 0.02284034196042935 0
1498 0.001346907780771614 0.01831287138672048 0
1499 0.01860749940204537 0.03803115088539682 0
1500 0.009477483557358104 0.02689318416012158 0
1501 0.01050540686647912 0.03575776258335721 0
1502 0.002676971597524735 0.01288189673134195 0
1503 0.009592478906067164 0.009295436499182051 0
1504 0.01094913256431761 0.03058321270811779 0
1505 0.002683649834923548 0.03954380772657634 0
1506 0.004526888067506493 0.02018491227854976 0
1507 0.005001213708782086 0.0004677828222097169 0
1508 0.01753731229015619 0.02858757044086706 0
1509 0.01323456162446317 0.02988224416926907 0
1510 0.005760753572900358 0.03952556743118429 0
1511 0.003688284534224025 0.004734551991913676 0
1512 0.009583329689083063 0.03263451575084217 0
1513 0.01595981509319151 0.01008585959041079 0
1514 0.009692163746769688 0.01919867049182396 0
1515 0.0128519839300049 0.03064850239912415 0
1516 0.01948970518742268 0.0161283500771777 0
1517 0.01862745110785848 0.009331012345731155 0
1518 0.01320916046087586 0.006909097478380245 0
1519 0.005308352209762973 0.02216598536950449 0
1520 0.01770472834628477 0.01097823708609841 0
1521 0.01243402613423203 0.03623321639216678 0
1522 0.01245796021521892 0.004800927516448205 0
1523 0.01237551094741988 0.005760582915190621 0
1524 0.004329239994537252 0.009063742337938017 0
1525 0.01699009511661084 0.01653336836158466 0
1526 0.01882867207522928 0.02672061376077288 0
1527 0.0185989668460698 0.0312350987562104 0
1528 0.01782485491933594 0.01396230455800166 0
1529 0.01535612434046806 0.02449358887967325 0
1530 0.0004386836337922986 0.01900771923194907 0
1531 0.008355989083262013 0.02184367967019408 0
1532 0.0072659941824601 0.02466585699735027 0
1533 0.009892407888049657 0.03745068863030572 0
1534 0.01172465617370162 0.02637023016137831 0
1535 0.008201558105864187 0.03763419665241211 0
1536 0.01203429162680901 0.02999485281601963 0
1537 0.0184051515785203 0.0356573648444961 0
1538 0.01029458921657404 0.0246728708666312 0
1539 0.01651922447368223 0.002234132182565247 0
1540 0.01647787241668491 0.026226792429053 0
1541 0.0187152718560572 0.01052027788688915 0
1542 0.007366838106710611 0.02602510725053393 0
1543 0.01360084750920115 0.01305002312793574 0
1544 0.01651572695600647 0.009154391405489433 0
1545 0.01522626966126843 0.02250811413024036 0
1546 0.0147485887757159 0.003509987836670888 0
1547 0.008201868252642746 0.03866647175208484 0
1548 0.007639358608335485 0.01496165335368858 0
1549 0.01720272854305731 0.006220217398366439 0
1550 0.00365421498390987 0.01546591682290638 0
1551 0.0153867173503106 0.009660409753004957 0
1552 0.01313326831106263 0.0257115510436272 0
1553 0.001221049168340033 0.03558324023508622 0
1554 0.003000542726663962 0.007512592282648356 0
1555 0.01955881646349688 0.03415555085723074 0
1556 0.003292347616985269 0.02810954621189493 0
1557 0.005862840262528139 0.01847538628003949 0
1558 0.0123150978588715 0.007477560015558157 0
1559 0.002568193174038895 0.02845691884546149 0
1560 0.007788763050707445 0.01218074797809121 0
1561 0.008493659483480387 0.02930163860842709 0
1562 0.003920460418018694 0.03881087862304887 0
1563 0.0142137296441735 0.02319225298288238 0
1564 0.002045650575433811 0.01687638170043721 0
1565 0.006064129166084137 0.01101728100527822 0
1566 0.008334111862590907 0.03507624574714706 0
1567 0.004759499129037691 0.02502298517697802 0
1568 0.003244151257170264 0.03402937515158073 0
1569 0.01211187720557722 0.03944755842507187 0
1570 0.01422347666821422 0.02583205911396467 0
1571 0.01704364815497331 0.02611542073439756 0
1572 0.01733686134905449 0.03423961864039994 0
1573 0.004304427900708611 0.03680443779348317 0
1574 0.00249668304489526 0.0158135671097591 0
1575 0.009395577139810924 0.03191959752662435 0
1576 0.01946003943086762 0.005098495147673453 0
1577 0.008309274382398969 0.01498757382299714 0
1578 0.01407431419835629 0.03741490488257555 0
1579 0.015027241581084 0.02508868532498584 0
1580 0.002883015594339782 0.02733633871919996 0
1581 0.007442665531934017 0.01432255368685551 0
1582 0.01490246947532384 0.02402516313451816 0
1583 0.01866797312354252 0.004280905806719224 0
1584 0.01715734673321621 0.007813926553022795 0
1585 0.01394396572102114 0.01115787428896032 0
1586 0.004532840602338661 0.01104807916349384 0
1587 0.0004285770107084787 0.02186581180483682 0
1588 0.00589654614726895 0.02188705817388326 0
1589 0.005160707499583895 0.02106489847698446 0
1590 0.006985129879336366 0.02355367307304536 0
1591 0.01733443084462802 0.03509678318565734 0
1592 0.00750413815519153 0.01027975242301918 0
1593 0.01115720353215929 0.0004585812859873098 0
1594 0.0139493224049771 0.005273370040732145 0
1595 0.01705769928953779 0.01324326988572493 0
1596 0.005487830018570066 0.007850926851591831 0
1597 0.01683642480686182 0.00132048917288306 0
1598 0.01267227752500895 0.008921863902550545 0
1599 0.004072146352002352 0.02762005232882454 0
1600 0.01442861241204387 0.0153881177589473 0
1601 0.01502765600684873 0.0381304345296567 0
1602 0.0188029186151589 0.008611913198848934 0
1603 0.006140261956848156 0.008910496729981534 0
1604 0.0152209885329415 0.01942429929791624 0
1605 0.002642424530439665 0.008515978157824622 0
1606 0.00136261728558164 0.03106441662494326 0
1607 0.002527840060169866 0.03649804941521399 0
1608 0.01289171690381584 0.03449944871773348 0
1609 0.01441804509908693 0.02259032231692539 0
1610 0.01048674820295639 0.02085423985062503 0
1611 0.005471163960450284 0.03751144131586753 0
1612 0.01692770523850556 0.01432150906616794 0
1613 0.0172710741309462 0.01387262863541239 0
1614 0.003647322207075861 0.03235081414123728 0
1615 0.000571061339047706 0.03853412284522112 0
1616 0.01513552759036394 0.01539951492043043 0
1617 0.01732323305386196 0.03947271473710562 0
1618 0.016232994267274 0.01422797035294713 0
1619 0.005949795095201518 0.01648563567134681 0
1620 0.00392832855884556 0.01922215072828928 0
1621 0.01363618228235738 0.03568377280201981 0
1622 0.01702941483604273 0.003108530966034428 0
1623 0.0114668052879034 0.01483778030057728 0
1624 0.008969190110973293 0.006918392495258613 0
1625 0.01299889112911935 0.01675332488380807 0
1626 0.005508391198910207 0.02699173997365695 0
1627 0.006360064062739606 0.01793784077243199 0
1628 0.002459306026329216 0.0116099885122116 0
1629 0.007155865815815054 0.002089153676333486 0
1630 0.003614834729209734 0.03685989722790042 0
1631 0.01411989431565793 0.03017113629883057 0
1632 0.01799249439662609 0.02009228971981882 0
1633 0.01790190189393442 0.03311112267043802 0
1634 0.008901011797569545 0.01846114792019757 0
1635 0.01520513152591204 0.002563635980936313 0
1636 0.001072279539319007 0.02564759167243064 0
1637 0.01957956898266102 0.02316335838210284 0
1638 0.01131705811042718 0.001485077305902676 0
1639 0.01318069929137279 0.0151735469147499 0
1640 0.01863154995151216 0.01175453142151108 0
1641 0.01367216987046936 0.0259959850963918 0
1642 0.0113866897702933 0.03862125048648324 0
1643 0.01202401608549805 0.02365877336607881 0
1644 0.004729839515490799 0.01236299830191203 0
1645 0.01608905558518706 0.00802235149550299 0
1646 0.004398344144828273 0.02641616119737348 0
1647 0.01804304680759633 0.02384656982732831 0
1648 0.0123363192921357 0.01582678047546988 0
1649 0.01766106400641473 0.008605044567447996 0
1650 0.008980150438723513 0.02884643286176534 0
1651 0.005664100251370663 0.02584335269186061 0
1652 0.005418663728877121 0.02888381963243545 0
1653 0.01192646953888926 0.01928826972552674 0
1654 0.01753487940050365 0.002471009975450425 0
1655 0.003711852415314365 0.02556719112881072 0
1656 0.01211195095629074 0.01103874662103508 0
1657 0.019427271141908 0.03293251390786942 0
1658 0.007794476073093407 0.01835581682445306 0
1659 0.006978801232677276 0.02770565860508346 0
1660 0.005143905306684458 0.02036516160424537 0
1661 0.01949170468327414 0.02254609290108353 0
1662 0.01771347902015668 0.004138900774328887 0
1663 0.01248003641696625 0.002766829121461568 0
1664 0.01423786385432639 0.0004294584481199966 0
1665 0.01109952229770837 0.01133062924814917 0
1666 0.008124528467614299 0.02297470516917729 0
1667 0.01376114502224361 0.02130641636825121 0
1668 0.002242557797681542 0.02771701428946748 0
1669 0.0064055364710663 0.0146146282045016 0
1670 0.009922726094040947 0.007433542944305697 0
1671 0.00228398370650868 0.0222309371131265 0
1672 0.0005780798352066525 0.01275122311331241 0
1673 0.01703998590429417 0.02730140576645694 0
1674 0.01194076076010869 0.02303477972742519 0
1675 0.001499309565881858 0.01121198212558997 0
1676 0.005609572638714508 0.01423611503076234 0
1677 0.01877230883121769 0.01354445647427975 0
1678 0.01406882554100044 0.003709113786593617 0
1679 0.01602032815517002 0.02949962076199807 0
1680 0.003119115950791502 0.03194793698961113 0
1681 0.004282943453122449 0.01374565527030592 0
1682 0.01950412186781391 0.03875662898839277 0
1683 0.01348079366734788 0.0290933757706219 0
1684 0.008651649761967719 0.0005575407563955422 0
1685 0.00953680567205939 0.01806036313589687 0
1686 0.01827792225854967 0.02703611878591237 0
1687 0.01952177058854314 0.01940107946532198 0
1688 0.004249643267585665 0.03200060515334072 0
1689 0.008884638700271019 0.005635401993107567 0
1690 0.00439400626654364 0.02115941206451559 0
1691 0.0123933545571677 0.0260938849142255 0
1692 0.000472276044097622 0.01177243121981308 0
1693 0.0185861034624954 0.02802928508560227 0
1694 0.01040832841632407 0.004739205228571602 0
1695 0.002385498869456104 0.01791026002333158 0
1696 0.00107498607962587 0.01647326861128891 0
1697 0.001277348022683833 0.01207707302475277 0
1698 0.005885529036601051 0.02310798290717447 0
1699 0.008513111993410337 0.008615651163664716 0
1700 0.002840763283217082 0.03306630012623897 0
1701 0.006179729400513974 0.01905548468627985 0
1702 0.002629972210364031 0.01063445413985926 0
1703 0.004945563271451186 0.01914980235132633 0
1704 0.00523154524698209 0.03412621004644721 0
1705 0.006054395564975361 0.036494621703172 0
1706 0.0004164633188269932 0.008273342023524092 0
1707 0.01579080768668623 0.03640285781082253 0
1708 0.008671278370566356 0.001315332727022035 0
1709 0.002595660371170263 0.03418338121716469 0
1710 0.01870763557646539 0.03935382853437926 0
1711 0.002233716427580334 0.03339577911150961 0
1712 0.01267638861700565 0.03137313473049954 0
1713 0.005905103101113583 0.002507775608732103 0
1714 0.01599042193568757 0.003194900621203353 0
1715 0.01406522055482519 0.01804917185626893 0
1716 0.008726486493350609 0.02834180793309578 0
1717 0.009445587582319703 0.02357148098707259 0
1718 0.007005132000487323 0.03492603895055069 0
1719 0.01536071682168925 0.02696276401059317 0
1720 0.006416091818093889 0.002828898831432634 0
1721 0.009118677392908088 0.0161111786070419 0
1722 0.01874717239154627 0.03677012515556281 0
1723 0.0138452789754644 0.01862329690484196 0
1724 0.0005206567272228579 0.03483695744279054 0
1725 0.003489721005180038 0.02058364609507123 0
1726 0.01873685573688429 0.006834656467490284 0
1727 0.007092237230817245 0.004379570938868231 0
1728 0.003026251793558116 0.001465357622680255 0
1729 0.006862227665635496 0.01827400364627149 0
1730 0.003740013668780133 0.02667953361069672 0
1731 0.01240535038122246 0.01882160141832487 0
1732 0.005808299775439891 0.006457716948988192 0
1733 0.006377321311486913 0.03415253479631578 0
1734 0.01881708442898429 0.025941880783613 0
1735 0.002499992510540568 0.004526355627542319 0
1736 0.01431565334549233 0.0244170450976119 0
1737 0.004252663716068189 0.03435095976023927 0
1738 0.01070167848534736 0.01656062123392014 0
1739 0.01717413130335632 0.01730859347327105 0
1740 0.01464305039986166 0.03436017933535733 0
1741 0.01607997527077326 0.005423191169396969 0
1742 0.01082501454395516 0.006853236757329051 0
1743 0.01297803043113686 0.01837441075284913 0
1744 0.003272442832045221 0.0313601637180874 0
1745 0.008397426351546692 0.003542625623602205 0
1746 0.005503444572527397 0.005756172294516464 0
1747 0.006920353077995509 0.01047998014645613 0
1748 0.008830446582987777 0.01992349215840725 0
1749 0.00697114374031753 0.03889939243127366 0
1750 0.0057911138812448 0.01004794877031974 0
1751 0.0112412109719642 0.01694496017750178 0
1752 0.006307922301714956 0.01341289394866217 0
1753 0.01133393095567301 0.004435572411403521 0
1754 0.01810826077474914 0.005196172408147405 0
1755 0.01034655306923994 0.02380129006399011 0
1756 0.001203448027568062 0.02255919629310271 0
1757 0.01693123817882868 0.01960541995083484 0
1758 0.007796083689437951 0.02693334199197753 0
1759 0.004728216435148909 0.02734959831369856 0
1760 0.01847296386157447 0.01658718285813986 0
1761 0.003807492533362275 0.0122462418119781 0
1762 0.008014844011708537 0.01397094245846831 0
1763 0.006531722344771293 0.006057201015816693 0
1764 0.002622665998454028 0.02567662950623601 0
1765 0.009772285673216464 0.03807252688545734 0
1766 0.003311020135625922 0.02154622149478874 0
1767 0.00131680920009947 0.02806758860068104 0
1768 0.01877306316990691 0.0319252505742426 0
1769 0.0004069091284671349 0.007578260380542882 0
1770 0.009337846732915272 0.02224717055572485 0
1771 0.01474017238123241 0.00861480869377183 0
1772 0.00268593493689397 0.01688568060580544 0
1773 0.009314415823923795 0.02631821807205376 0
1774 0.01343692763187913 0.0116816818887686 0
1775 0.01056854246978929 0.007402744217258244 0
1776 0.007351407541294116 0.03360181242856169 0
1777 0.01346401836893898 0.003235443880808504 0
1778 0.0108515697830937 0.037398432913034 0
1779 0.006655225459916251 0.02256519220498704 0
1780 0.004632699119016696 0.03740800270639529 0
1781 0.01736966871558334 0.03069315667802719 0
1782 0.0145462297799648 0.005757318073944039 0
1783 0.01591035132865196 0.03062623534538626 0
1784 0.01395037610846058 0.03354025848221889 0
1785 0.003467290307048891 0.01058543361494235 0
1786 0.004756446083741448 0.03453546418368058 0
1787 0.008035912455772166 0.0074768342316609 0
$EndNodes
$Elements
3413
1 2 2 1 1 508 825 332
2 2 2 1 1 166 1234 746
3 2 2 1 1 650 1358 182
4 2 2 1 1 456 1771 1375
5 2 2 1 1 642 799 317
6 2 2 1 1 695 1607 320
7 2 2 1 1 829 1423 813
8 2 2 1 1 536 830 314
9 2 2 1 1 583 1157 268
10 2 2 1 1 587 801 358
11 2 2 1 1 565 869 322
12 2 2 1 1 597 773 345
13 2 2 1 1 595 743 373
14 2 2 1 1 268 789 583
15 2 2 1 1 643 1440 279
16 2 2 1 1 495 1071 235
17 2 2 1 1 279 1440 647
18 2 2 1 1 627 1062 254
19 2 2 1 1 399 1085 784
20 2 2 1 1 336 824 596
21 2 2 1 1 674 877 529
22 2 2 1 1 325 1222 832
23 2 2 1 1 222 1177 854
24 2 2 1 1 1085 1320 784
25 2 2 1 1 561 1121 428
26 2 2 1 1 488 1123 710
27 2 2 1 1 197 743 595
28 2 2 1 1 324 1180 510
29 2 2 1 1 651 811 341
30 2 2 1 1 295 1157 583
31 2 2 1 1 824 1265 947
32 2 2 1 1 765 911 386
33 2 2 1 1 337 883 623
34 2 2 1 1 390 1110 639
35 2 2 1 1 660 1156 227
36 2 2 1 1 46 786 539
37 2 2 1 1 1301 1373 605
38 2 2 1 1 182 1358 597
39 2 2 1 1 421 1062 627
40 2 2 1 1 633 665 191
41 2 2 1 1 548 1249 806
42 2 2 1 1 1091 1273 389
43 2 2 1 1 544 789 268
44 2 2 1 1 481 898 835
45 2 2 1 1 542 1211 328
46 2 2 1 1 639 738 309
47 2 2 1 1 891 1382 389
48 2 2 1 1 539 1299 46
49 2 2 1 1 251 832 597
50 2 2 1 1 752 1000 426
51 2 2 1 1 257 1082 602
52 2 2 1 1 334 1029 800
53 2 2 1 1 313 903 836
54 2 2 1 1 854 1177 546
55 2 2 1 1 267 1404 545
56 2 2 1 1 264 992 560
57 2 2 1 1 236 1543 969
58 2 2 1 1 358 914 587
59 2 2 1 1 917 986 249
60 2 2 1 1 345 990 949
61 2 2 1 1 739 918 396
62 2 2 1 1 355 1139 657
63 2 2 1 1 85 767 84
64 2 2 1 1 650 1511 1358
65 2 2 1 1 270 741 553
66 2 2 1 1 415 1301 605
67 2 2 1 1 1405 1417 220
68 2 2 1 1 221 970 803
69 2 2 1 1 1258 1326 652
70 2 2 1 1 132 685 131
71 2 2 1 1 540 1095 690
72 2 2 1 1 187 996 594
73 2 2 1 1 411 1312 697
74 2 2 1 1 597 1358 773
75 2 2 1 1 558 965 367
76 2 2 1 1 690 1095 161
77 2 2 1 1 630 1209 302
78 2 2 1 1 633 1403 273
79 2 2 1 1 312 829 813
80 2 2 1 1 61 774 60
81 2 2 1 1 252 1130 547
82 2 2 1 1 701 1180 324
83 2 2 1 1 486 1061 657
84 2 2 1 1 608 1210 342
85 2 2 1 1 704 1177 424
86 2 2 1 1 694 1222 325
87 2 2 1 1 553 1090 270
88 2 2 1 1 667 975 357
89 2 2 1 1 142 628 141
90 2 2 1 1 1009 1227 740
91 2 2 1 1 949 990 547
92 2 2 1 1 117 1151 692
93 2 2 1 1 353 1043 943
94 2 2 1 1 87 720 86
95 2 2 1 1 500 1364 1333
96 2 2 1 1 1375 1771 230
97 2 2 1 1 752 996 454
98 2 2 1 1 632 792 364
99 2 2 1 1 647 1315 279
100 2 2 1 1 748 818 483
101 2 2 1 1 235 944 495
102 2 2 1 1 268 1444 544
103 2 2 1 1 594 1252 187
104 2 2 1 1 595 839 343
105 2 2 1 1 1264 1544 778
106 2 2 1 1 302 1209 1047
107 2 2 1 1 705 960 209
108 2 2 1 1 342 783 584
109 2 2 1 1 299 753 713
110 2 2 1 1 153 807 152
111 2 2 1 1 153 1486 807
112 2 2 1 1 273 907 566
113 2 2 1 1 176 849 616
114 2 2 1 1 89 642 88
115 2 2 1 1 698 1279 307
116 2 2 1 1 510 1040 324
117 2 2 1 1 647 1473 1315
118 2 2 1 1 794 1243 514
119 2 2 1 1 842 1097 283
120 2 2 1 1 1298 1743 208
121 2 2 1 1 583 876 295
122 2 2 1 1 630 759 292
123 2 2 1 1 211 926 644
124 2 2 1 1 776 1403 321
125 2 2 1 1 375 1295 530
126 2 2 1 1 297 1649 1153
127 2 2 1 1 1156 1336 227
128 2 2 1 1 631 1298 208
129 2 2 1 1 196 1264 778
130 2 2 1 1 705 1547 521
131 2 2 1 1 970 1627 803
132 2 2 1 1 609 924 349
133 2 2 1 1 542 1287 464
134 2 2 1 1 657 1061 402
135 2 2 1 1 253 1200 788
136 2 2 1 1 61 1426 774
137 2 2 1 1 198 1188 707
138 2 2 1 1 853 1016 166
139 2 2 1 1 889 911 527
140 2 2 1 1 622 1657 337
141 2 2 1 1 642 1569 799
142 2 2 1 1 623 972 337
143 2 2 1 1 530 1778 375
144 2 2 1 1 464 1211 542
145 2 2 1 1 829 1147 193
146 2 2 1 1 290 1547 705
147 2 2 1 1 258 897 610
148 2 2 1 1 604 1345 205
149 2 2 1 1 94 1259 93
150 2 2 1 1 299 996 752
151 2 2 1 1 173 818 748
152 2 2 1 1 337 1657 883
153 2 2 1 1 831 1639 165
154 2 2 1 1 1218 1332 48
155 2 2 1 1 328 892 542
156 2 2 1 1 219 1000 752
157 2 2 1 1 830 1106 314
158 2 2 1 1 746 1651 166
159 2 2 1 1 722 1133 341
160 2 2 1 1 605 1384 959
161 2 2 1 1 66 1255 65
162 2 2 1 1 367 890 558
163 2 2 1 1 65 1255 721
164 2 2 1 1 639 1110 738
165 2 2 1 1 199 787 727
166 2 2 1 1 697 1261 411
167 2 2 1 1 716 1179 255
168 2 2 1 1 230 1048 808
169 2 2 1 1 464 1279 1211
170 2 2 1 1 336 1265 824
171 2 2 1 1 169 1740 852
172 2 2 1 1 806 1249 233
173 2 2 1 1 882 1047 507
174 2 2 1 1 768 954 374
175 2 2 1 1 389 1382 909
176 2 2 1 1 85 1366 767
177 2 2 1 1 668 1435 162
178 2 2 1 1 254 984 627
179 2 2 1 1 21 648 20
180 2 2 1 1 976 1005 368
181 2 2 1 1 558 890 277
182 2 2 1 1 118 1151 117
183 2 2 1 1 114 766 113
184 2 2 1 1 765 1018 911
185 2 2 1 1 847 979 535
186 2 2 1 1 1412 1453 897
187 2 2 1 1 700 1472 276
188 2 2 1 1 178 1783 652
189 2 2 1 1 345 848 465
190 2 2 1 1 151 706 150
191 2 2 1 1 634 1629 199
192 2 2 1 1 943 1043 560
193 2 2 1 1 565 1395 869
194 2 2 1 1 596 1077 336
195 2 2 1 1 501 916 245
196 2 2 1 1 560 1043 264
197 2 2 1 1 56 863 55
198 2 2 1 1 663 1760 319
199 2 2 1 1 602 813 257
200 2 2 1 1 283 1322 842
201 2 2 1 1 273 1403 576
202 2 2 1 1 697 844 210
203 2 2 1 1 969 1543 444
204 2 2 1 1 245 995 501
205 2 2 1 1 827 1544 1241
206 2 2 1 1 852 1740 630
207 2 2 1 1 314 908 536
208 2 2 1 1 1135 1485 760
209 2 2 1 1 869 1395 172
210 2 2 1 1 520 1275 737
211 2 2 1 1 610 830 258
212 2 2 1 1 343 790 582
213 2 2 1 1 249 1427 1289
214 2 2 1 1 488 1378 1123
215 2 2 1 1 679 1466 543
216 2 2 1 1 486 1495 754
217 2 2 1 1 650 999 279
218 2 2 1 1 361 993 725
219 2 2 1 1 854 1729 712
220 2 2 1 1 615 1476 272
221 2 2 1 1 566 737 273
222 2 2 1 1 1405 1776 1187
223 2 2 1 1 576 907 273
224 2 2 1 1 775 1061 298
225 2 2 1 1 691 1277 128
226 2 2 1 1 835 898 183
227 2 2 1 1 1333 1364 214
228 2 2 1 1 605 959 415
229 2 2 1 1 1244 1748 901
230 2 2 1 1 514 1424 794
231 2 2 1 1 743 941 373
232 2 2 1 1 693 1259 94
233 2 2 1 1 547 990 252
234 2 2 1 1 343 989 595
235 2 2 1 1 600 904 209
236 2 2 1 1 284 1258 652
237 2 2 1 1 1029 1457 800
238 2 2 1 1 278 1217 768
239 2 2 1 1 697 1312 844
240 2 2 1 1 123 1488 122
241 2 2 1 1 762 1676 624
242 2 2 1 1 342 1538 608
243 2 2 1 1 584 948 342
244 2 2 1 1 659 1382 265
245 2 2 1 1 291 1056 684
246 2 2 1 1 658 1149 888
247 2 2 1 1 164 1676 1669
248 2 2 1 1 581 829 312
249 2 2 1 1 487 1216 1088
250 2 2 1 1 923 1479 846
251 2 2 1 1 172 1068 869
252 2 2 1 1 597 1010 251
253 2 2 1 1 646 992 459
254 2 2 1 1 37 1290 1142
255 2 2 1 1 341 811 722
256 2 2 1 1 375 1080 671
257 2 2 1 1 212 785 733
258 2 2 1 1 546 1177 704
259 2 2 1 1 115 908 114
260 2 2 1 1 628 1672 310
261 2 2 1 1 302 1047 882
262 2 2 1 1 808 1048 448
263 2 2 1 1 249 1289 678
264 2 2 1 1 250 1422 867
265 2 2 1 1 867 1422 600
266 2 2 1 1 616 849 347
267 2 2 1 1 904 1425 362
268 2 2 1 1 314 1106 816
269 2 2 1 1 490 1087 676
270 2 2 1 1 962 1254 425
271 2 2 1 1 142 1672 628
272 2 2 1 1 311 789 544
273 2 2 1 1 328 1211 788
274 2 2 1 1 562 1153 751
275 2 2 1 1 1153 1602 297
276 2 2 1 1 483 1045 748
277 2 2 1 1 1211 1279 253
278 2 2 1 1 625 1254 962
279 2 2 1 1 616 1501 176
280 2 2 1 1 146 1125 145
281 2 2 1 1 939 1255 67
282 2 2 1 1 720 1366 86
283 2 2 1 1 490 1461 675
284 2 2 1 1 465 1010 345
285 2 2 1 1 755 1126 494
286 2 2 1 1 651 1206 811
287 2 2 1 1 705 1535 290
288 2 2 1 1 320 1607 665
289 2 2 1 1 597 1222 182
290 2 2 1 1 544 1054 311
291 2 2 1 1 668 1575 1435
292 2 2 1 1 370 1052 592
293 2 2 1 1 212 820 785
294 2 2 1 1 640 944 376
295 2 2 1 1 836 903 453
296 2 2 1 1 56 1268 863
297 2 2 1 1 498 986 917
298 2 2 1 1 556 1346 1012
299 2 2 1 1 272 809 615
300 2 2 1 1 438 1126 755
301 2 2 1 1 661 1226 349
302 2 2 1 1 205 888 604
303 2 2 1 1 632 1159 202
304 2 2 1 1 226 1007 903
305 2 2 1 1 299 1176 996
306 2 2 1 1 526 1049 696
307 2 2 1 1 638 1488 123
308 2 2 1 1 34 709 33
309 2 2 1 1 123 864 638
310 2 2 1 1 266 1318 644
311 2 2 1 1 212 965 558
312 2 2 1 1 353 1215 567
313 2 2 1 1 993 1053 725
314 2 2 1 1 386 911 889
315 2 2 1 1 309 1470 664
316 2 2 1 1 174 877 755
317 2 2 1 1 716 1216 330
318 2 2 1 1 162 1307 655
319 2 2 1 1 461 1256 942
320 2 2 1 1 389 1273 726
321 2 2 1 1 600 1425 904
322 2 2 1 1 1071 1100 235
323 2 2 1 1 449 1326 1258
324 2 2 1 1 1432 1489 519
325 2 2 1 1 1358 1511 563
326 2 2 1 1 312 1409 581
327 2 2 1 1 162 1435 672
328 2 2 1 1 881 1125 147
329 2 2 1 1 806 1636 548
330 2 2 1 1 677 1470 309
331 2 2 1 1 256 985 591
332 2 2 1 1 612 951 347
333 2 2 1 1 841 1168 177
334 2 2 1 1 727 1342 199
335 2 2 1 1 747 943 327
336 2 2 1 1 860 1690 1589
337 2 2 1 1 658 888 205
338 2 2 1 1 487 1088 774
339 2 2 1 1 266 1080 616
340 2 2 1 1 347 1318 616
341 2 2 1 1 547 1130 807
342 2 2 1 1 257 1423 1124
343 2 2 1 1 638 864 357
344 2 2 1 1 780 962 331
345 2 2 1 1 1 1138 159
346 2 2 1 1 1173 1328 507
347 2 2 1 1 365 1781 510
348 2 2 1 1 875 1727 787
349 2 2 1 1 428 1118 561
350 2 2 1 1 652 1326 178
351 2 2 1 1 743 1678 941
352 2 2 1 1 371 982 669
353 2 2 1 1 719 1102 397
354 2 2 1 1 147 1125 146
355 2 2 1 1 337 1416 622
356 2 2 1 1 735 991 215
357 2 2 1 1 555 960 801
358 2 2 1 1 1059 1771 456
359 2 2 1 1 442 1382 659
360 2 2 1 1 666 833 284
361 2 2 1 1 657 1139 486
362 2 2 1 1 309 1524 639
363 2 2 1 1 1288 1291 382
364 2 2 1 1 1004 1467 718
365 2 2 1 1 349 980 609
366 2 2 1 1 558 820 212
367 2 2 1 1 422 1208 732
368 2 2 1 1 671 1080 266
369 2 2 1 1 1669 1676 762
370 2 2 1 1 185 763 667
371 2 2 1 1 302 852 630
372 2 2 1 1 867 1023 569
373 2 2 1 1 208 1489 631
374 2 2 1 1 368 1005 637
375 2 2 1 1 266 1186 671
376 2 2 1 1 582 790 177
377 2 2 1 1 292 1209 630
378 2 2 1 1 631 1432 282
379 2 2 1 1 306 1466 679
380 2 2 1 1 1123 1208 422
381 2 2 1 1 1153 1649 613
382 2 2 1 1 681 878 311
383 2 2 1 1 333 1059 778
384 2 2 1 1 653 1412 897
385 2 2 1 1 996 1176 594
386 2 2 1 1 567 1043 353
387 2 2 1 1 941 1678 267
388 2 2 1 1 935 1543 236
389 2 2 1 1 644 951 211
390 2 2 1 1 350 875 787
391 2 2 1 1 621 746 344
392 2 2 1 1 103 907 102
393 2 2 1 1 627 1257 421
394 2 2 1 1 165 933 831
395 2 2 1 1 176 945 929
396 2 2 1 1 364 1271 632
397 2 2 1 1 279 1511 650
398 2 2 1 1 629 957 44
399 2 2 1 1 424 1296 704
400 2 2 1 1 273 1275 633
401 2 2 1 1 576 1403 776
402 2 2 1 1 191 900 633
403 2 2 1 1 298 1261 697
404 2 2 1 1 907 1505 102
405 2 2 1 1 959 1384 463
406 2 2 1 1 489 1016 853
407 2 2 1 1 746 1234 419
408 2 2 1 1 671 1295 375
409 2 2 1 1 324 1416 701
410 2 2 1 1 814 869 429
411 2 2 1 1 319 1441 663
412 2 2 1 1 581 1147 829
413 2 2 1 1 1154 1221 125
414 2 2 1 1 882 1450 302
415 2 2 1 1 385 979 847
416 2 2 1 1 700 1500 923
417 2 2 1 1 322 896 565
418 2 2 1 1 67 1255 66
419 2 2 1 1 713 1099 394
420 2 2 1 1 199 1720 634
421 2 2 1 1 209 1020 600
422 2 2 1 1 871 1354 517
423 2 2 1 1 903 1007 453
424 2 2 1 1 347 873 612
425 2 2 1 1 127 1277 126
426 2 2 1 1 162 1495 668
427 2 2 1 1 679 791 160
428 2 2 1 1 210 844 699
429 2 2 1 1 220 1417 689
430 2 2 1 1 326 913 614
431 2 2 1 1 1435 1575 340
432 2 2 1 1 612 873 220
433 2 2 1 1 114 908 766
434 2 2 1 1 1159 1295 202
435 2 2 1 1 894 1783 178
436 2 2 1 1 942 1256 551
437 2 2 1 1 375 1778 1015
438 2 2 1 1 262 1131 614
439 2 2 1 1 556 1396 1346
440 2 2 1 1 751 1153 318
441 2 2 1 1 269 1320 1085
442 2 2 1 1 41 687 40
443 2 2 1 1 717 887 363
444 2 2 1 1 276 1306 700
445 2 2 1 1 330 1119 716
446 2 2 1 1 802 926 211
447 2 2 1 1 1279 1451 307
448 2 2 1 1 484 1005 976
449 2 2 1 1 46 1299 45
450 2 2 1 1 747 1704 353
451 2 2 1 1 1163 1287 24
452 2 2 1 1 679 971 306
453 2 2 1 1 187 1129 996
454 2 2 1 1 984 1140 627
455 2 2 1 1 128 1155 691
456 2 2 1 1 70 1657 1468
457 2 2 1 1 333 1551 1059
458 2 2 1 1 39 1377 751
459 2 2 1 1 661 1502 1385
460 2 2 1 1 545 941 267
461 2 2 1 1 39 751 38
462 2 2 1 1 587 1354 801
463 2 2 1 1 128 1277 127
464 2 2 1 1 92 1259 936
465 2 2 1 1 473 1078 934
466 2 2 1 1 906 1383 1360
467 2 2 1 1 473 861 771
468 2 2 1 1 5 1138 1
469 2 2 1 1 631 1489 1432
470 2 2 1 1 402 1061 775
471 2 2 1 1 699 844 354
472 2 2 1 1 591 1115 256
473 2 2 1 1 160 1065 645
474 2 2 1 1 184 1183 845
475 2 2 1 1 722 811 308
476 2 2 1 1 588 1338 826
477 2 2 1 1 175 1227 1009
478 2 2 1 1 748 1045 296
479 2 2 1 1 126 1277 1154
480 2 2 1 1 654 1738 368
481 2 2 1 1 175 919 724
482 2 2 1 1 520 1491 665
483 2 2 1 1 429 1412 814
484 2 2 1 1 621 1042 372
485 2 2 1 1 377 1023 867
486 2 2 1 1 275 1004 718
487 2 2 1 1 349 1224 661
488 2 2 1 1 766 1263 113
489 2 2 1 1 179 1459 637
490 2 2 1 1 427 1244 901
491 2 2 1 1 510 1058 365
492 2 2 1 1 275 1373 1301
493 2 2 1 1 357 806 667
494 2 2 1 1 210 1081 697
495 2 2 1 1 330 1686 1119
496 2 2 1 1 649 964 384
497 2 2 1 1 720 994 466
498 2 2 1 1 357 975 638
499 2 2 1 1 1049 1443 696
500 2 2 1 1 306 1497 1466
501 2 2 1 1 751 1377 562
502 2 2 1 1 614 1260 326
503 2 2 1 1 1022 1214 250
504 2 2 1 1 691 910 403
505 2 2 1 1 639 1161 390
506 2 2 1 1 198 1554 1188
507 2 2 1 1 341 1133 917
508 2 2 1 1 729 845 287
509 2 2 1 1 572 1776 1405
510 2 2 1 1 737 1275 273
511 2 2 1 1 248 1574 1108
512 2 2 1 1 1315 1473 611
513 2 2 1 1 666 1058 207
514 2 2 1 1 680 893 356
515 2 2 1 1 946 1404 388
516 2 2 1 1 685 964 131
517 2 2 1 1 669 1011 371
518 2 2 1 1 354 923 846
519 2 2 1 1 200 918 739
520 2 2 1 1 1241 1544 493
521 2 2 1 1 795 1345 604
522 2 2 1 1 785 820 359
523 2 2 1 1 672 1307 162
524 2 2 1 1 648 892 328
525 2 2 1 1 675 1461 165
526 2 2 1 1 655 1650 1284
527 2 2 1 1 10 810 9
528 2 2 1 1 637 1005 179
529 2 2 1 1 213 1411 1144
530 2 2 1 1 929 945 462
531 2 2 1 1 505 1179 716
532 2 2 1 1 106 1615 105
533 2 2 1 1 384 940 649
534 2 2 1 1 332 1060 508
535 2 2 1 1 642 981 88
536 2 2 1 1 535 1113 847
537 2 2 1 1 845 1183 522
538 2 2 1 1 616 1318 266
539 2 2 1 1 206 1448 1297
540 2 2 1 1 300 1276 683
541 2 2 1 1 1008 1186 266
542 2 2 1 1 681 1328 1173
543 2 2 1 1 555 1420 960
544 2 2 1 1 701 1231 207
545 2 2 1 1 713 1637 1099
546 2 2 1 1 431 1067 619
547 2 2 1 1 379 1009 740
548 2 2 1 1 286 1741 660
549 2 2 1 1 595 989 197
550 2 2 1 1 699 846 288
551 2 2 1 1 44 1299 629
552 2 2 1 1 780 802 402
553 2 2 1 1 220 1512 612
554 2 2 1 1 655 930 162
555 2 2 1 1 754 1495 162
556 2 2 1 1 182 1370 650
557 2 2 1 1 979 1775 186
558 2 2 1 1 1010 1165 251
559 2 2 1 1 1124 1391 257
560 2 2 1 1 339 1464 928
561 2 2 1 1 865 1448 206
562 2 2 1 1 614 913 262
563 2 2 1 1 678 1643 341
564 2 2 1 1 28 732 27
565 2 2 1 1 860 1589 274
566 2 2 1 1 1088 1216 255
567 2 2 1 1 1144 1755 213
568 2 2 1 1 1392 1632 219
569 2 2 1 1 645 1278 383
570 2 2 1 1 277 1148 558
571 2 2 1 1 337 1633 1416
572 2 2 1 1 797 1033 281
573 2 2 1 1 376 1638 958
574 2 2 1 1 657 872 355
575 2 2 1 1 928 1464 501
576 2 2 1 1 653 1051 217
577 2 2 1 1 748 1238 173
578 2 2 1 1 735 856 338
579 2 2 1 1 699 1394 210
580 2 2 1 1 341 1643 651
581 2 2 1 1 644 1196 266
582 2 2 1 1 373 1522 595
583 2 2 1 1 691 1756 910
584 2 2 1 1 495 944 640
585 2 2 1 1 619 1201 431
586 2 2 1 1 774 1426 487
587 2 2 1 1 288 1225 699
588 2 2 1 1 869 1068 429
589 2 2 1 1 68 1361 939
590 2 2 1 1 315 1729 854
591 2 2 1 1 303 1488 638
592 2 2 1 1 768 1540 954
593 2 2 1 1 222 1305 901
594 2 2 1 1 852 953 169
595 2 2 1 1 724 919 382
596 2 2 1 1 658 1497 306
597 2 2 1 1 664 1199 309
598 2 2 1 1 938 1288 382
599 2 2 1 1 406 1520 1031
600 2 2 1 1 529 1434 674
601 2 2 1 1 768 1217 505
602 2 2 1 1 378 933 770
603 2 2 1 1 814 1412 217
604 2 2 1 1 627 1459 179
605 2 2 1 1 480 1238 748
606 2 2 1 1 736 1737 329
607 2 2 1 1 763 975 667
608 2 2 1 1 731 1487 462
609 2 2 1 1 472 1031 745
610 2 2 1 1 369 1324 931
611 2 2 1 1 802 1189 926
612 2 2 1 1 1166 1760 663
613 2 2 1 1 286 1135 760
614 2 2 1 1 676 1087 410
615 2 2 1 1 874 1488 303
616 2 2 1 1 151 1036 706
617 2 2 1 1 313 836 706
618 2 2 1 1 1113 1598 847
619 2 2 1 1 503 1168 841
620 2 2 1 1 1319 1428 577
621 2 2 1 1 788 1200 477
622 2 2 1 1 410 1136 676
623 2 2 1 1 768 1313 278
624 2 2 1 1 368 1738 976
625 2 2 1 1 119 1151 118
626 2 2 1 1 105 1615 1362
627 2 2 1 1 145 1125 782
628 2 2 1 1 695 1120 381
629 2 2 1 1 1589 1690 579
630 2 2 1 1 331 802 780
631 2 2 1 1 582 1071 343
632 2 2 1 1 395 1051 653
633 2 2 1 1 621 1651 746
634 2 2 1 1 289 1518 808
635 2 2 1 1 1108 1574 617
636 2 2 1 1 400 1160 721
637 2 2 1 1 940 1756 649
638 2 2 1 1 665 1607 191
639 2 2 1 1 733 1656 338
640 2 2 1 1 367 1363 675
641 2 2 1 1 979 1056 703
642 2 2 1 1 705 1303 960
643 2 2 1 1 353 943 747
644 2 2 1 1 820 1140 359
645 2 2 1 1 637 1459 413
646 2 2 1 1 1136 1616 676
647 2 2 1 1 26 749 25
648 2 2 1 1 262 1339 646
649 2 2 1 1 808 1518 619
650 2 2 1 1 637 1623 368
651 2 2 1 1 504 1194 963
652 2 2 1 1 352 1068 688
653 2 2 1 1 311 1054 767
654 2 2 1 1 859 1781 365
655 2 2 1 1 678 917 249
656 2 2 1 1 715 1152 431
657 2 2 1 1 1297 1448 646
658 2 2 1 1 554 1332 1218
659 2 2 1 1 712 1658 1305
660 2 2 1 1 1124 1423 571
661 2 2 1 1 1056 1281 684
662 2 2 1 1 488 1316 709
663 2 2 1 1 338 856 850
664 2 2 1 1 89 1569 642
665 2 2 1 1 895 1319 577
666 2 2 1 1 826 1338 484
667 2 2 1 1 899 1449 189
668 2 2 1 1 773 990 345
669 2 2 1 1 862 1404 267
670 2 2 1 1 514 916 730
671 2 2 1 1 541 1449 899
672 2 2 1 1 240 1354 871
673 2 2 1 1 179 1257 627
674 2 2 1 1 684 1402 161
675 2 2 1 1 338 1656 735
676 2 2 1 1 1216 1734 330
677 2 2 1 1 974 1520 406
678 2 2 1 1 397 1082 719
679 2 2 1 1 182 1222 694
680 2 2 1 1 798 1608 455
681 2 2 1 1 32 710 31
682 2 2 1 1 345 949 848
683 2 2 1 1 519 1137 887
684 2 2 1 1 34 885 709
685 2 2 1 1 305 835 723
686 2 2 1 1 784 1242 235
687 2 2 1 1 246 1414 769
688 2 2 1 1 592 1072 370
689 2 2 1 1 862 1387 388
690 2 2 1 1 455 1189 798
691 2 2 1 1 207 1324 666
692 2 2 1 1 640 1663 495
693 2 2 1 1 478 1033 797
694 2 2 1 1 199 1629 781
695 2 2 1 1 340 1575 689
696 2 2 1 1 92 936 91
697 2 2 1 1 310 1672 857
698 2 2 1 1 759 1044 292
699 2 2 1 1 227 1549 660
700 2 2 1 1 574 1627 970
701 2 2 1 1 265 1382 891
702 2 2 1 1 843 1462 611
703 2 2 1 1 807 1486 547
704 2 2 1 1 301 1308 1076
705 2 2 1 1 357 1636 806
706 2 2 1 1 325 967 694
707 2 2 1 1 942 1523 461
708 2 2 1 1 703 1775 979
709 2 2 1 1 465 1165 1010
710 2 2 1 1 1082 1632 602
711 2 2 1 1 160 1372 1065
712 2 2 1 1 694 1437 499
713 2 2 1 1 387 843 707
714 2 2 1 1 992 1478 459
715 2 2 1 1 321 1403 900
716 2 2 1 1 360 1246 682
717 2 2 1 1 323 1656 785
718 2 2 1 1 713 1176 299
719 2 2 1 1 653 897 258
720 2 2 1 1 572 1214 1022
721 2 2 1 1 999 1356 279
722 2 2 1 1 1115 1388 256
723 2 2 1 1 381 1410 641
724 2 2 1 1 456 1375 1152
725 2 2 1 1 934 1078 214
726 2 2 1 1 451 1485 1135
727 2 2 1 1 68 939 67
728 2 2 1 1 1434 1603 674
729 2 2 1 1 345 1010 597
730 2 2 1 1 1416 1633 701
731 2 2 1 1 936 1285 91
732 2 2 1 1 1142 1290 528
733 2 2 1 1 665 1491 320
734 2 2 1 1 958 1638 599
735 2 2 1 1 439 919 828
736 2 2 1 1 621 1626 1042
737 2 2 1 1 798 1189 331
738 2 2 1 1 279 1356 643
739 2 2 1 1 432 1242 784
740 2 2 1 1 327 943 865
741 2 2 1 1 188 1072 1063
742 2 2 1 1 633 1275 665
743 2 2 1 1 456 1152 760
744 2 2 1 1 338 1039 733
745 2 2 1 1 284 1073 666
746 2 2 1 1 730 1424 514
747 2 2 1 1 997 1057 522
748 2 2 1 1 132 982 685
749 2 2 1 1 283 1616 1136
750 2 2 1 1 1414 1537 769
751 2 2 1 1 709 1316 33
752 2 2 1 1 335 1243 794
753 2 2 1 1 646 1455 262
754 2 2 1 1 910 1756 285
755 2 2 1 1 454 1288 752
756 2 2 1 1 161 1352 684
757 2 2 1 1 887 1137 363
758 2 2 1 1 1119 1686 615
759 2 2 1 1 651 1674 205
760 2 2 1 1 1466 1497 589
761 2 2 1 1 282 1625 631
762 2 2 1 1 10 1507 810
763 2 2 1 1 72 883 71
764 2 2 1 1 728 1134 937
765 2 2 1 1 523 1158 757
766 2 2 1 1 968 1151 119
767 2 2 1 1 660 1135 286
768 2 2 1 1 1079 1644 244
769 2 2 1 1 927 1208 259
770 2 2 1 1 295 876 769
771 2 2 1 1 683 1747 300
772 2 2 1 1 493 1544 1264
773 2 2 1 1 75 1337 821
774 2 2 1 1 285 1756 940
775 2 2 1 1 290 932 731
776 2 2 1 1 764 1233 203
777 2 2 1 1 767 1366 466
778 2 2 1 1 560 1448 865
779 2 2 1 1 205 1674 658
780 2 2 1 1 837 1516 50
781 2 2 1 1 1144 1411 589
782 2 2 1 1 724 1227 175
783 2 2 1 1 93 1259 92
784 2 2 1 1 426 1000 863
785 2 2 1 1 224 887 717
786 2 2 1 1 237 1348 1203
787 2 2 1 1 682 1072 188
788 2 2 1 1 459 1455 646
789 2 2 1 1 71 1657 70
790 2 2 1 1 354 846 699
791 2 2 1 1 344 1053 621
792 2 2 1 1 388 1387 898
793 2 2 1 1 946 1741 286
794 2 2 1 1 306 1149 658
795 2 2 1 1 883 1657 71
796 2 2 1 1 37 1142 36
797 2 2 1 1 1040 1527 324
798 2 2 1 1 1076 1162 301
799 2 2 1 1 49 1218 48
800 2 2 1 1 482 1383 906
801 2 2 1 1 329 1215 736
802 2 2 1 1 318 1167 879
803 2 2 1 1 652 1073 284
804 2 2 1 1 1013 1551 818
805 2 2 1 1 333 1544 827
806 2 2 1 1 833 1324 369
807 2 2 1 1 1552 1691 498
808 2 2 1 1 659 1075 442
809 2 2 1 1 900 1403 633
810 2 2 1 1 307 1539 698
811 2 2 1 1 177 1269 582
812 2 2 1 1 252 1462 843
813 2 2 1 1 322 869 814
814 2 2 1 1 1019 1291 618
815 2 2 1 1 522 1057 845
816 2 2 1 1 675 1363 490
817 2 2 1 1 1093 1414 623
818 2 2 1 1 51 837 50
819 2 2 1 1 845 1057 287
820 2 2 1 1 828 919 175
821 2 2 1 1 767 1054 84
822 2 2 1 1 371 886 685
823 2 2 1 1 676 1461 490
824 2 2 1 1 1203 1348 538
825 2 2 1 1 667 1311 185
826 2 2 1 1 984 1091 540
827 2 2 1 1 801 1354 240
828 2 2 1 1 381 1330 695
829 2 2 1 1 545 1404 946
830 2 2 1 1 409 1013 850
831 2 2 1 1 656 1365 401
832 2 2 1 1 628 924 141
833 2 2 1 1 771 861 181
834 2 2 1 1 757 1158 202
835 2 2 1 1 758 1110 390
836 2 2 1 1 694 1370 182
837 2 2 1 1 295 1722 1157
838 2 2 1 1 304 1134 728
839 2 2 1 1 808 1113 289
840 2 2 1 1 704 1447 546
841 2 2 1 1 126 1154 125
842 2 2 1 1 311 878 789
843 2 2 1 1 675 890 367
844 2 2 1 1 692 1107 117
845 2 2 1 1 518 1639 831
846 2 2 1 1 172 1376 688
847 2 2 1 1 688 1068 172
848 2 2 1 1 472 1541 1031
849 2 2 1 1 863 1102 55
850 2 2 1 1 217 1412 653
851 2 2 1 1 523 1450 882
852 2 2 1 1 717 1052 224
853 2 2 1 1 342 1210 783
854 2 2 1 1 715 1782 946
855 2 2 1 1 541 1644 1079
856 2 2 1 1 830 1606 258
857 2 2 1 1 198 1407 677
858 2 2 1 1 933 1454 770
859 2 2 1 1 408 1057 997
860 2 2 1 1 418 873 849
861 2 2 1 1 994 1601 466
862 2 2 1 1 754 1504 486
863 2 2 1 1 383 971 645
864 2 2 1 1 472 1517 687
865 2 2 1 1 76 1337 75
866 2 2 1 1 1260 1561 326
867 2 2 1 1 310 1224 628
868 2 2 1 1 398 1727 875
869 2 2 1 1 394 1176 713
870 2 2 1 1 701 1633 1231
871 2 2 1 1 967 1437 694
872 2 2 1 1 353 1704 736
873 2 2 1 1 299 1282 753
874 2 2 1 1 750 1168 350
875 2 2 1 1 480 969 744
876 2 2 1 1 758 1331 1110
877 2 2 1 1 693 1304 420
878 2 2 1 1 963 1194 225
879 2 2 1 1 718 1373 275
880 2 2 1 1 508 1429 825
881 2 2 1 1 692 1151 395
882 2 2 1 1 680 1628 234
883 2 2 1 1 276 1472 834
884 2 2 1 1 803 997 221
885 2 2 1 1 785 1656 733
886 2 2 1 1 466 1366 720
887 2 2 1 1 411 1261 754
888 2 2 1 1 645 1610 160
889 2 2 1 1 1449 1467 189
890 2 2 1 1 877 1270 529
891 2 2 1 1 1050 1418 549
892 2 2 1 1 797 1030 204
893 2 2 1 1 300 1747 915
894 2 2 1 1 320 963 695
895 2 2 1 1 879 1127 528
896 2 2 1 1 368 1357 654
897 2 2 1 1 255 1216 716
898 2 2 1 1 382 1019 724
899 2 2 1 1 21 892 648
900 2 2 1 1 759 880 369
901 2 2 1 1 709 1262 488
902 2 2 1 1 685 886 384
903 2 2 1 1 346 1653 741
904 2 2 1 1 880 1784 425
905 2 2 1 1 376 1272 640
906 2 2 1 1 950 1112 223
907 2 2 1 1 1168 1253 350
908 2 2 1 1 231 1053 993
909 2 2 1 1 532 1666 966
910 2 2 1 1 120 968 119
911 2 2 1 1 744 1238 480
912 2 2 1 1 1468 1657 622
913 2 2 1 1 328 1021 640
914 2 2 1 1 1409 1604 506
915 2 2 1 1 1360 1383 292
916 2 2 1 1 63 779 62
917 2 2 1 1 697 1536 298
918 2 2 1 1 246 1572 972
919 2 2 1 1 233 1083 806
920 2 2 1 1 165 1639 675
921 2 2 1 1 173 1013 818
922 2 2 1 1 780 1202 962
923 2 2 1 1 677 1554 198
924 2 2 1 1 914 1510 587
925 2 2 1 1 782 1675 460
926 2 2 1 1 517 1562 871
927 2 2 1 1 342 948 656
928 2 2 1 1 693 1547 290
929 2 2 1 1 870 1236 417
930 2 2 1 1 897 1744 610
931 2 2 1 1 805 1447 171
932 2 2 1 1 447 1402 684
933 2 2 1 1 1244 1514 635
934 2 2 1 1 718 1467 1449
935 2 2 1 1 771 1671 473
936 2 2 1 1 265 1064 659
937 2 2 1 1 110 840 109
938 2 2 1 1 203 952 725
939 2 2 1 1 9 1024 8
940 2 2 1 1 721 1255 400
941 2 2 1 1 842 1322 474
942 2 2 1 1 793 922 555
943 2 2 1 1 602 1632 1392
944 2 2 1 1 1037 1040 232
945 2 2 1 1 733 1039 212
946 2 2 1 1 209 904 705
947 2 2 1 1 1076 1308 601
948 2 2 1 1 866 1164 310
949 2 2 1 1 376 958 648
950 2 2 1 1 90 1285 799
951 2 2 1 1 349 924 628
952 2 2 1 1 360 1028 970
953 2 2 1 1 238 1603 1434
954 2 2 1 1 210 1069 819
955 2 2 1 1 807 1036 152
956 2 2 1 1 795 1609 575
957 2 2 1 1 163 1746 937
958 2 2 1 1 995 1719 501
959 2 2 1 1 987 1052 370
960 2 2 1 1 620 1349 237
961 2 2 1 1 665 1275 520
962 2 2 1 1 863 1000 397
963 2 2 1 1 771 1346 491
964 2 2 1 1 605 1373 1006
965 2 2 1 1 977 1009 379
966 2 2 1 1 698 1714 476
967 2 2 1 1 399 1100 582
968 2 2 1 1 937 1746 728
969 2 2 1 1 656 921 342
970 2 2 1 1 300 1750 1276
971 2 2 1 1 169 953 798
972 2 2 1 1 752 1288 219
973 2 2 1 1 515 1779 742
974 2 2 1 1 756 1582 308
975 2 2 1 1 211 872 657
976 2 2 1 1 953 1608 798
977 2 2 1 1 536 1606 830
978 2 2 1 1 970 1028 574
979 2 2 1 1 408 1557 805
980 2 2 1 1 113 1263 112
981 2 2 1 1 599 1593 958
982 2 2 1 1 309 1141 677
983 2 2 1 1 499 1370 694
984 2 2 1 1 337 972 708
985 2 2 1 1 467 1112 950
986 2 2 1 1 899 1329 356
987 2 2 1 1 477 1021 788
988 2 2 1 1 1128 1666 532
989 2 2 1 1 413 1140 820
990 2 2 1 1 277 1496 734
991 2 2 1 1 648 1272 376
992 2 2 1 1 395 1172 692
993 2 2 1 1 364 981 642
994 2 2 1 1 521 1303 705
995 2 2 1 1 800 922 334
996 2 2 1 1 471 1753 1471
997 2 2 1 1 1069 1683 819
998 2 2 1 1 707 1359 387
999 2 2 1 1 418 1213 873
1000 2 2 1 1 340 1417 838
1001 2 2 1 1 1261 1504 754
1002 2 2 1 1 328 1272 648
1003 2 2 1 1 1083 1764 806
1004 2 2 1 1 363 1181 1034
1005 2 2 1 1 230 1771 1048
1006 2 2 1 1 171 1703 805
1007 2 2 1 1 1346 1396 491
1008 2 2 1 1 970 1430 360
1009 2 2 1 1 372 1104 853
1010 2 2 1 1 94 1086 693
1011 2 2 1 1 476 1635 698
1012 2 2 1 1 13 947 12
1013 2 2 1 1 506 1009 977
1014 2 2 1 1 408 997 803
1015 2 2 1 1 923 1500 180
1016 2 2 1 1 448 1113 808
1017 2 2 1 1 741 1014 383
1018 2 2 1 1 728 999 304
1019 2 2 1 1 202 1158 632
1020 2 2 1 1 288 1691 696
1021 2 2 1 1 932 1487 731
1022 2 2 1 1 895 969 480
1023 2 2 1 1 715 946 286
1024 2 2 1 1 582 1100 1071
1025 2 2 1 1 242 983 770
1026 2 2 1 1 946 1782 545
1027 2 2 1 1 638 975 303
1028 2 2 1 1 850 856 409
1029 2 2 1 1 543 1220 679
1030 2 2 1 1 341 917 678
1031 2 2 1 1 793 1780 1573
1032 2 2 1 1 215 856 735
1033 2 2 1 1 177 1694 841
1034 2 2 1 1 363 1034 717
1035 2 2 1 1 838 1417 445
1036 2 2 1 1 640 1272 328
1037 2 2 1 1 327 1733 747
1038 2 2 1 1 298 1504 1261
1039 2 2 1 1 628 1224 349
1040 2 2 1 1 635 1748 1244
1041 2 2 1 1 158 855 157
1042 2 2 1 1 901 1305 427
1043 2 2 1 1 884 1550 1301
1044 2 2 1 1 850 1013 173
1045 2 2 1 1 198 1473 1407
1046 2 2 1 1 124 864 123
1047 2 2 1 1 43 858 42
1048 2 2 1 1 168 1133 722
1049 2 2 1 1 1253 1689 237
1050 2 2 1 1 270 1014 741
1051 2 2 1 1 737 1615 107
1052 2 2 1 1 769 876 482
1053 2 2 1 1 405 1018 765
1054 2 2 1 1 1185 1219 489
1055 2 2 1 1 2 1055 29
1056 2 2 1 1 875 1253 237
1057 2 2 1 1 35 885 34
1058 2 2 1 1 685 982 371
1059 2 2 1 1 420 1259 693
1060 2 2 1 1 755 1586 174
1061 2 2 1 1 470 1582 756
1062 2 2 1 1 403 1277 691
1063 2 2 1 1 696 1691 1552
1064 2 2 1 1 966 1066 532
1065 2 2 1 1 980 1469 609
1066 2 2 1 1 804 1057 408
1067 2 2 1 1 614 1131 952
1068 2 2 1 1 642 1271 364
1069 2 2 1 1 760 1485 196
1070 2 2 1 1 409 1070 1048
1071 2 2 1 1 188 1028 682
1072 2 2 1 1 1160 1693 721
1073 2 2 1 1 298 1536 775
1074 2 2 1 1 485 1208 927
1075 2 2 1 1 364 994 720
1076 2 2 1 1 317 1271 642
1077 2 2 1 1 425 1784 988
1078 2 2 1 1 414 1142 1127
1079 2 2 1 1 461 1038 902
1080 2 2 1 1 824 1421 596
1081 2 2 1 1 681 1173 878
1082 2 2 1 1 655 1284 930
1083 2 2 1 1 411 1284 834
1084 2 2 1 1 582 1269 399
1085 2 2 1 1 798 1784 169
1086 2 2 1 1 410 1618 1136
1087 2 2 1 1 648 958 20
1088 2 2 1 1 384 964 685
1089 2 2 1 1 707 1433 198
1090 2 2 1 1 849 873 347
1091 2 2 1 1 1157 1499 268
1092 2 2 1 1 620 1162 1076
1093 2 2 1 1 178 1424 730
1094 2 2 1 1 439 938 919
1095 2 2 1 1 742 1779 1175
1096 2 2 1 1 877 1750 755
1097 2 2 1 1 558 1148 820
1098 2 2 1 1 87 981 720
1099 2 2 1 1 738 1141 309
1100 2 2 1 1 828 1604 1409
1101 2 2 1 1 396 1096 739
1102 2 2 1 1 641 1029 381
1103 2 2 1 1 1385 1502 189
1104 2 2 1 1 636 1612 985
1105 2 2 1 1 251 1355 832
1106 2 2 1 1 314 1105 766
1107 2 2 1 1 26 1374 749
1108 2 2 1 1 254 1091 984
1109 2 2 1 1 810 1024 9
1110 2 2 1 1 756 1027 470
1111 2 2 1 1 203 1260 952
1112 2 2 1 1 1732 1746 163
1113 2 2 1 1 1048 1771 1494
1114 2 2 1 1 805 1703 408
1115 2 2 1 1 301 1162 841
1116 2 2 1 1 101 776 100
1117 2 2 1 1 351 1528 1003
1118 2 2 1 1 290 1304 693
1119 2 2 1 1 726 891 389
1120 2 2 1 1 765 1190 200
1121 2 2 1 1 1053 1626 621
1122 2 2 1 1 511 1499 1157
1123 2 2 1 1 961 1364 500
1124 2 2 1 1 929 1223 176
1125 2 2 1 1 55 1102 54
1126 2 2 1 1 205 1206 651
1127 2 2 1 1 422 1335 710
1128 2 2 1 1 496 1700 796
1129 2 2 1 1 754 930 411
1130 2 2 1 1 1167 1584 1485
1131 2 2 1 1 156 848 155
1132 2 2 1 1 554 1388 1115
1133 2 2 1 1 688 1376 459
1134 2 2 1 1 112 1263 973
1135 2 2 1 1 428 1121 901
1136 2 2 1 1 443 1164 866
1137 2 2 1 1 644 1318 951
1138 2 2 1 1 710 1316 488
1139 2 2 1 1 888 1149 383
1140 2 2 1 1 730 1679 178
1141 2 2 1 1 991 1035 215
1142 2 2 1 1 770 983 378
1143 2 2 1 1 196 1645 760
1144 2 2 1 1 271 1609 795
1145 2 2 1 1 1058 1180 207
1146 2 2 1 1 78 912 77
1147 2 2 1 1 82 920 81
1148 2 2 1 1 445 1405 1187
1149 2 2 1 1 417 1236 1165
1150 2 2 1 1 416 1030 797
1151 2 2 1 1 703 1056 291
1152 2 2 1 1 915 1565 300
1153 2 2 1 1 352 1744 897
1154 2 2 1 1 803 1557 408
1155 2 2 1 1 302 1621 852
1156 2 2 1 1 294 1514 1244
1157 2 2 1 1 548 1221 1154
1158 2 2 1 1 1044 1360 292
1159 2 2 1 1 1393 1676 412
1160 2 2 1 1 549 1418 967
1161 2 2 1 1 277 1623 1148
1162 2 2 1 1 1003 1528 670
1163 2 2 1 1 799 1569 90
1164 2 2 1 1 237 1689 620
1165 2 2 1 1 382 1291 1019
1166 2 2 1 1 653 1172 395
1167 2 2 1 1 339 928 809
1168 2 2 1 1 863 1268 426
1169 2 2 1 1 1406 1520 586
1170 2 2 1 1 468 1247 980
1171 2 2 1 1 207 1180 701
1172 2 2 1 1 313 1188 903
1173 2 2 1 1 725 1659 203
1174 2 2 1 1 286 1152 715
1175 2 2 1 1 682 1028 360
1176 2 2 1 1 576 1505 907
1177 2 2 1 1 47 786 46
1178 2 2 1 1 740 1090 379
1179 2 2 1 1 931 1044 369
1180 2 2 1 1 884 1301 415
1181 2 2 1 1 1573 1780 573
1182 2 2 1 1 947 1265 437
1183 2 2 1 1 731 1304 290
1184 2 2 1 1 879 1167 451
1185 2 2 1 1 788 1021 328
1186 2 2 1 1 719 1687 1102
1187 2 2 1 1 868 1090 553
1188 2 2 1 1 362 932 904
1189 2 2 1 1 1305 1658 427
1190 2 2 1 1 744 969 444
1191 2 2 1 1 684 1503 291
1192 2 2 1 1 618 1129 1027
1193 2 2 1 1 343 1071 989
1194 2 2 1 1 696 1641 526
1195 2 2 1 1 338 1774 1039
1196 2 2 1 1 365 894 859
1197 2 2 1 1 462 1533 731
1198 2 2 1 1 995 1049 526
1199 2 2 1 1 331 1189 802
1200 2 2 1 1 155 949 154
1201 2 2 1 1 947 1050 12
1202 2 2 1 1 792 994 364
1203 2 2 1 1 687 1314 472
1204 2 2 1 1 679 1610 971
1205 2 2 1 1 227 1127 879
1206 2 2 1 1 833 1254 284
1207 2 2 1 1 553 1731 868
1208 2 2 1 1 1048 1070 448
1209 2 2 1 1 374 1313 768
1210 2 2 1 1 501 954 928
1211 2 2 1 1 245 1049 995
1212 2 2 1 1 107 1615 106
1213 2 2 1 1 428 1170 791
1214 2 2 1 1 1074 1714 698
1215 2 2 1 1 530 1295 1159
1216 2 2 1 1 1114 1242 432
1217 2 2 1 1 746 1132 344
1218 2 2 1 1 801 960 358
1219 2 2 1 1 683 1276 405
1220 2 2 1 1 197 1777 743
1221 2 2 1 1 445 1386 838
1222 2 2 1 1 1407 1473 647
1223 2 2 1 1 453 1007 881
1224 2 2 1 1 603 1223 929
1225 2 2 1 1 807 1130 387
1226 2 2 1 1 1145 1675 782
1227 2 2 1 1 464 1287 1163
1228 2 2 1 1 400 1255 939
1229 2 2 1 1 872 951 612
1230 2 2 1 1 725 952 361
1231 2 2 1 1 370 1072 682
1232 2 2 1 1 775 1536 509
1233 2 2 1 1 321 900 871
1234 2 2 1 1 708 1633 337
1235 2 2 1 1 308 1563 756
1236 2 2 1 1 80 1353 3
1237 2 2 1 1 311 1089 681
1238 2 2 1 1 550 1551 1013
1239 2 2 1 1 593 1302 915
1240 2 2 1 1 950 1159 317
1241 2 2 1 1 876 1456 482
1242 2 2 1 1 745 1517 472
1243 2 2 1 1 544 1444 920
1244 2 2 1 1 688 1084 352
1245 2 2 1 1 757 1186 392
1246 2 2 1 1 831 933 378
1247 2 2 1 1 1731 1743 868
1248 2 2 1 1 1026 1746 1732
1249 2 2 1 1 494 1586 755
1250 2 2 1 1 742 1590 391
1251 2 2 1 1 137 825 136
1252 2 2 1 1 871 1562 321
1253 2 2 1 1 881 1007 380
1254 2 2 1 1 996 1129 454
1255 2 2 1 1 985 1612 591
1256 2 2 1 1 774 1099 60
1257 2 2 1 1 716 1571 505
1258 2 2 1 1 528 1726 879
1259 2 2 1 1 372 1651 621
1260 2 2 1 1 1313 1579 278
1261 2 2 1 1 3 1353 79
1262 2 2 1 1 281 1398 797
1263 2 2 1 1 766 1105 407
1264 2 2 1 1 720 981 364
1265 2 2 1 1 848 949 155
1266 2 2 1 1 793 1573 334
1267 2 2 1 1 1174 1334 577
1268 2 2 1 1 459 1478 688
1269 2 2 1 1 609 1458 924
1270 2 2 1 1 84 1054 83
1271 2 2 1 1 258 1172 653
1272 2 2 1 1 509 1515 775
1273 2 2 1 1 970 1619 1430
1274 2 2 1 1 368 1623 734
1275 2 2 1 1 675 1639 1496
1276 2 2 1 1 740 1227 430
1277 2 2 1 1 377 922 800
1278 2 2 1 1 30 1055 2
1279 2 2 1 1 956 1730 525
1280 2 2 1 1 937 1763 163
1281 2 2 1 1 846 1479 446
1282 2 2 1 1 243 1246 777
1283 2 2 1 1 41 1314 687
1284 2 2 1 1 915 1747 593
1285 2 2 1 1 951 1318 347
1286 2 2 1 1 936 1259 420
1287 2 2 1 1 308 1736 722
1288 2 2 1 1 571 1423 829
1289 2 2 1 1 366 1150 861
1290 2 2 1 1 796 1568 496
1291 2 2 1 1 765 1198 405
1292 2 2 1 1 431 1201 715
1293 2 2 1 1 967 1418 241
1294 2 2 1 1 1242 1638 235
1295 2 2 1 1 426 1282 752
1296 2 2 1 1 413 1148 637
1297 2 2 1 1 51 1146 837
1298 2 2 1 1 741 1653 553
1299 2 2 1 1 732 1374 27
1300 2 2 1 1 718 1681 1373
1301 2 2 1 1 255 1179 925
1302 2 2 1 1 708 1572 423
1303 2 2 1 1 441 1040 1037
1304 2 2 1 1 972 1572 708
1305 2 2 1 1 750 1401 399
1306 2 2 1 1 162 930 754
1307 2 2 1 1 561 1178 1121
1308 2 2 1 1 458 1414 1093
1309 2 2 1 1 931 1231 423
1310 2 2 1 1 748 1319 480
1311 2 2 1 1 915 1302 204
1312 2 2 1 1 687 1377 40
1313 2 2 1 1 1058 1073 365
1314 2 2 1 1 14 824 13
1315 2 2 1 1 730 1464 1182
1316 2 2 1 1 1519 1588 515
1317 2 2 1 1 919 938 382
1318 2 2 1 1 331 988 798
1319 2 2 1 1 724 1235 1227
1320 2 2 1 1 873 1213 220
1321 2 2 1 1 423 1231 708
1322 2 2 1 1 429 1453 1412
1323 2 2 1 1 408 1703 804
1324 2 2 1 1 386 1190 765
1325 2 2 1 1 600 1020 867
1326 2 2 1 1 684 1281 447
1327 2 2 1 1 604 1667 795
1328 2 2 1 1 1284 1650 276
1329 2 2 1 1 861 1150 181
1330 2 2 1 1 749 1374 485
1331 2 2 1 1 843 1130 252
1332 2 2 1 1 879 1726 318
1333 2 2 1 1 491 1413 771
1334 2 2 1 1 388 1404 862
1335 2 2 1 1 291 1075 739
1336 2 2 1 1 613 1167 1153
1337 2 2 1 1 1293 1763 937
1338 2 2 1 1 1045 1406 586
1339 2 2 1 1 287 1057 804
1340 2 2 1 1 228 1066 966
1341 2 2 1 1 174 1270 877
1342 2 2 1 1 858 957 406
1343 2 2 1 1 580 1683 1069
1344 2 2 1 1 178 1326 794
1345 2 2 1 1 133 982 132
1346 2 2 1 1 546 1447 805
1347 2 2 1 1 681 1601 1328
1348 2 2 1 1 739 1096 291
1349 2 2 1 1 1063 1072 592
1350 2 2 1 1 822 1361 69
1351 2 2 1 1 69 1468 822
1352 2 2 1 1 380 1331 758
1353 2 2 1 1 405 1064 683
1354 2 2 1 1 810 1507 549
1355 2 2 1 1 392 953 852
1356 2 2 1 1 834 1472 354
1357 2 2 1 1 297 1517 745
1358 2 2 1 1 216 1241 745
1359 2 2 1 1 977 1250 506
1360 2 2 1 1 176 1501 945
1361 2 2 1 1 260 1698 1219
1362 2 2 1 1 872 1512 355
1363 2 2 1 1 437 1418 1050
1364 2 2 1 1 682 1032 370
1365 2 2 1 1 721 1300 65
1366 2 2 1 1 841 1162 503
1367 2 2 1 1 833 1380 1254
1368 2 2 1 1 619 1067 808
1369 2 2 1 1 234 1702 680
1370 2 2 1 1 236 969 895
1371 2 2 1 1 766 908 314
1372 2 2 1 1 410 1334 1174
1373 2 2 1 1 791 1170 160
1374 2 2 1 1 7 870 6
1375 2 2 1 1 1364 1725 214
1376 2 2 1 1 24 1287 23
1377 2 2 1 1 369 1044 759
1378 2 2 1 1 1027 1129 187
1379 2 2 1 1 790 1753 471
1380 2 2 1 1 443 1329 899
1381 2 2 1 1 1092 1519 515
1382 2 2 1 1 710 1123 422
1383 2 2 1 1 928 954 201
1384 2 2 1 1 97 914 96
1385 2 2 1 1 401 1717 656
1386 2 2 1 1 346 1278 1065
1387 2 2 1 1 391 1219 742
1388 2 2 1 1 334 1573 817
1389 2 2 1 1 753 1268 57
1390 2 2 1 1 203 1659 764
1391 2 2 1 1 63 1245 779
1392 2 2 1 1 1148 1623 637
1393 2 2 1 1 734 1496 518
1394 2 2 1 1 738 1110 226
1395 2 2 1 1 477 1777 1021
1396 2 2 1 1 980 1247 248
1397 2 2 1 1 212 1039 965
1398 2 2 1 1 164 1384 1006
1399 2 2 1 1 525 1599 956
1400 2 2 1 1 871 900 573
1401 2 2 1 1 549 967 810
1402 2 2 1 1 1079 1681 1449
1403 2 2 1 1 356 1329 680
1404 2 2 1 1 925 1088 255
1405 2 2 1 1 461 1523 1038
1406 2 2 1 1 669 1498 1011
1407 2 2 1 1 689 1512 220
1408 2 2 1 1 160 1610 679
1409 2 2 1 1 404 1758 1229
1410 2 2 1 1 161 1402 690
1411 2 2 1 1 755 1750 300
1412 2 2 1 1 260 1219 1185
1413 2 2 1 1 270 1090 740
1414 2 2 1 1 666 1073 1058
1415 2 2 1 1 242 1250 977
1416 2 2 1 1 860 1150 366
1417 2 2 1 1 234 1145 758
1418 2 2 1 1 419 1542 746
1419 2 2 1 1 1127 1142 528
1420 2 2 1 1 485 1374 732
1421 2 2 1 1 781 1629 336
1422 2 2 1 1 564 1349 918
1423 2 2 1 1 478 1560 1273
1424 2 2 1 1 1007 1331 380
1425 2 2 1 1 832 1222 597
1426 2 2 1 1 824 947 13
1427 2 2 1 1 305 1262 709
1428 2 2 1 1 105 1362 4
1429 2 2 1 1 778 1645 196
1430 2 2 1 1 231 993 896
1431 2 2 1 1 777 955 492
1432 2 2 1 1 878 1463 789
1433 2 2 1 1 749 1163 25
1434 2 2 1 1 237 1203 875
1435 2 2 1 1 476 1387 862
1436 2 2 1 1 291 1096 703
1437 2 2 1 1 1136 1322 283
1438 2 2 1 1 1153 1167 318
1439 2 2 1 1 1178 1321 424
1440 2 2 1 1 599 1242 1114
1441 2 2 1 1 259 1654 927
1442 2 2 1 1 982 1530 669
1443 2 2 1 1 859 894 440
1444 2 2 1 1 404 1233 764
1445 2 2 1 1 903 1188 502
1446 2 2 1 1 423 1044 931
1447 2 2 1 1 45 1299 44
1448 2 2 1 1 1377 1602 562
1449 2 2 1 1 173 1585 850
1450 2 2 1 1 1152 1375 431
1451 2 2 1 1 787 1727 727
1452 2 2 1 1 657 1465 211
1453 2 2 1 1 1169 1250 242
1454 2 2 1 1 745 1031 216
1455 2 2 1 1 816 1105 314
1456 2 2 1 1 181 1346 771
1457 2 2 1 1 781 1442 199
1458 2 2 1 1 359 1274 785
1459 2 2 1 1 575 1345 795
1460 2 2 1 1 809 998 339
1461 2 2 1 1 107 1193 737
1462 2 2 1 1 1450 1621 302
1463 2 2 1 1 799 1642 317
1464 2 2 1 1 264 1478 992
1465 2 2 1 1 710 1335 31
1466 2 2 1 1 224 987 976
1467 2 2 1 1 170 1023 800
1468 2 2 1 1 610 1106 830
1469 2 2 1 1 893 1436 356
1470 2 2 1 1 794 1424 178
1471 2 2 1 1 834 1284 276
1472 2 2 1 1 32 1316 710
1473 2 2 1 1 636 1322 1136
1474 2 2 1 1 711 1137 208
1475 2 2 1 1 816 1106 195
1476 2 2 1 1 497 1516 837
1477 2 2 1 1 800 1023 377
1478 2 2 1 1 709 1583 305
1479 2 2 1 1 575 1563 811
1480 2 2 1 1 1034 1181 479
1481 2 2 1 1 764 1758 404
1482 2 2 1 1 444 1774 744
1483 2 2 1 1 120 1341 968
1484 2 2 1 1 976 987 484
1485 2 2 1 1 760 1645 456
1486 2 2 1 1 901 1121 222
1487 2 2 1 1 886 1078 384
1488 2 2 1 1 838 1297 452
1489 2 2 1 1 336 1077 781
1490 2 2 1 1 796 1215 329
1491 2 2 1 1 366 1725 1309
1492 2 2 1 1 334 922 793
1493 2 2 1 1 935 1087 490
1494 2 2 1 1 1219 1698 742
1495 2 2 1 1 867 1020 377
1496 2 2 1 1 206 1297 838
1497 2 2 1 1 820 1148 413
1498 2 2 1 1 828 1409 312
1499 2 2 1 1 344 1132 764
1500 2 2 1 1 612 1512 872
1501 2 2 1 1 696 1443 288
1502 2 2 1 1 445 1417 1405
1503 2 2 1 1 838 1386 206
1504 2 2 1 1 200 1198 765
1505 2 2 1 1 397 1102 863
1506 2 2 1 1 31 1335 30
1507 2 2 1 1 792 1578 994
1508 2 2 1 1 1174 1618 410
1509 2 2 1 1 513 1391 1124
1510 2 2 1 1 960 1420 209
1511 2 2 1 1 752 1282 299
1512 2 2 1 1 1201 1230 167
1513 2 2 1 1 1059 1551 550
1514 2 2 1 1 827 1241 216
1515 2 2 1 1 1003 1368 280
1516 2 2 1 1 177 1168 750
1517 2 2 1 1 811 1563 308
1518 2 2 1 1 1150 1310 181
1519 2 2 1 1 373 1594 902
1520 2 2 1 1 407 1105 1046
1521 2 2 1 1 865 943 560
1522 2 2 1 1 772 1744 1084
1523 2 2 1 1 4 1362 104
1524 2 2 1 1 152 1036 151
1525 2 2 1 1 1006 1384 605
1526 2 2 1 1 143 1672 142
1527 2 2 1 1 392 1621 757
1528 2 2 1 1 1108 1469 248
1529 2 2 1 1 817 1029 334
1530 2 2 1 1 383 1014 888
1531 2 2 1 1 393 1097 842
1532 2 2 1 1 791 1118 428
1533 2 2 1 1 855 1452 157
1534 2 2 1 1 484 1338 1005
1535 2 2 1 1 538 1251 889
1536 2 2 1 1 823 1515 1509
1537 2 2 1 1 1065 1372 479
1538 2 2 1 1 844 1312 354
1539 2 2 1 1 952 1260 614
1540 2 2 1 1 945 1015 462
1541 2 2 1 1 777 1548 243
1542 2 2 1 1 664 1596 1434
1543 2 2 1 1 1509 1515 509
1544 2 2 1 1 12 1050 11
1545 2 2 1 1 363 1137 711
1546 2 2 1 1 375 1015 945
1547 2 2 1 1 736 1215 353
1548 2 2 1 1 889 1763 538
1549 2 2 1 1 235 1100 784
1550 2 2 1 1 272 1693 1160
1551 2 2 1 1 854 1305 222
1552 2 2 1 1 561 1321 1178
1553 2 2 1 1 898 1156 388
1554 2 2 1 1 325 1024 810
1555 2 2 1 1 167 1230 902
1556 2 2 1 1 207 1231 931
1557 2 2 1 1 557 1442 781
1558 2 2 1 1 755 1565 438
1559 2 2 1 1 305 1662 835
1560 2 2 1 1 1147 1169 393
1561 2 2 1 1 383 1149 971
1562 2 2 1 1 819 1081 210
1563 2 2 1 1 1738 1751 887
1564 2 2 1 1 57 1268 56
1565 2 2 1 1 799 1285 467
1566 2 2 1 1 191 1630 900
1567 2 2 1 1 1069 1350 580
1568 2 2 1 1 888 1014 604
1569 2 2 1 1 190 1456 876
1570 2 2 1 1 204 1030 915
1571 2 2 1 1 663 1739 1525
1572 2 2 1 1 214 1725 934
1573 2 2 1 1 965 1039 444
1574 2 2 1 1 147 1389 881
1575 2 2 1 1 738 1605 1141
1576 2 2 1 1 1349 1624 918
1577 2 2 1 1 706 1036 387
1578 2 2 1 1 932 1535 904
1579 2 2 1 1 195 1614 796
1580 2 2 1 1 759 1740 880
1581 2 2 1 1 995 1116 374
1582 2 2 1 1 941 1594 373
1583 2 2 1 1 921 1717 213
1584 2 2 1 1 270 1197 1014
1585 2 2 1 1 1134 1381 727
1586 2 2 1 1 1373 1681 412
1587 2 2 1 1 784 1100 399
1588 2 2 1 1 963 1553 504
1589 2 2 1 1 566 1615 737
1590 2 2 1 1 1182 1464 339
1591 2 2 1 1 1084 1744 352
1592 2 2 1 1 937 1134 398
1593 2 2 1 1 912 1490 77
1594 2 2 1 1 413 1459 1140
1595 2 2 1 1 811 1206 575
1596 2 2 1 1 778 1544 333
1597 2 2 1 1 800 1457 170
1598 2 2 1 1 379 1090 868
1599 2 2 1 1 1014 1197 604
1600 2 2 1 1 795 1235 271
1601 2 2 1 1 390 1785 680
1602 2 2 1 1 723 1262 305
1603 2 2 1 1 1164 1502 661
1604 2 2 1 1 394 1099 774
1605 2 2 1 1 706 1359 313
1606 2 2 1 1 354 1472 923
1607 2 2 1 1 632 1271 1159
1608 2 2 1 1 926 1196 644
1609 2 2 1 1 121 1488 874
1610 2 2 1 1 1104 1567 853
1611 2 2 1 1 1190 1787 200
1612 2 2 1 1 43 957 858
1613 2 2 1 1 925 1179 433
1614 2 2 1 1 47 1332 786
1615 2 2 1 1 267 1546 862
1616 2 2 1 1 387 1036 807
1617 2 2 1 1 856 1070 409
1618 2 2 1 1 921 1538 342
1619 2 2 1 1 319 1760 837
1620 2 2 1 1 1266 1460 232
1621 2 2 1 1 624 1676 1393
1622 2 2 1 1 939 1361 441
1623 2 2 1 1 948 1399 228
1624 2 2 1 1 624 1752 762
1625 2 2 1 1 88 981 87
1626 2 2 1 1 840 978 109
1627 2 2 1 1 875 1203 398
1628 2 2 1 1 1256 1558 551
1629 2 2 1 1 1289 1427 436
1630 2 2 1 1 911 1596 527
1631 2 2 1 1 761 1684 16
1632 2 2 1 1 739 1699 200
1633 2 2 1 1 293 1118 791
1634 2 2 1 1 775 1712 402
1635 2 2 1 1 649 1587 964
1636 2 2 1 1 706 1769 150
1637 2 2 1 1 156 1452 848
1638 2 2 1 1 448 1598 1113
1639 2 2 1 1 761 1408 432
1640 2 2 1 1 303 975 763
1641 2 2 1 1 629 1640 957
1642 2 2 1 1 776 1505 576
1643 2 2 1 1 687 1602 1377
1644 2 2 1 1 940 1078 473
1645 2 2 1 1 712 1305 854
1646 2 2 1 1 1181 1653 346
1647 2 2 1 1 295 1537 821
1648 2 2 1 1 527 1596 1207
1649 2 2 1 1 711 1181 363
1650 2 2 1 1 1027 1286 470
1651 2 2 1 1 741 1278 346
1652 2 2 1 1 737 1193 520
1653 2 2 1 1 399 1401 1085
1654 2 2 1 1 1329 1628 680
1655 2 2 1 1 248 1469 980
1656 2 2 1 1 902 1230 461
1657 2 2 1 1 769 1537 295
1658 2 2 1 1 1140 1459 627
1659 2 2 1 1 385 1056 979
1660 2 2 1 1 224 1052 987
1661 2 2 1 1 226 1605 738
1662 2 2 1 1 296 1319 748
1663 2 2 1 1 171 1660 1506
1664 2 2 1 1 1159 1271 317
1665 2 2 1 1 329 1568 796
1666 2 2 1 1 1167 1485 451
1667 2 2 1 1 354 1312 834
1668 2 2 1 1 850 1585 338
1669 2 2 1 1 819 1509 509
1670 2 2 1 1 619 1230 1201
1671 2 2 1 1 280 1400 1003
1672 2 2 1 1 734 1623 277
1673 2 2 1 1 781 1419 557
1674 2 2 1 1 402 1712 780
1675 2 2 1 1 590 1561 1260
1676 2 2 1 1 581 1409 1250
1677 2 2 1 1 91 1285 90
1678 2 2 1 1 241 1437 967
1679 2 2 1 1 489 1219 1016
1680 2 2 1 1 569 1718 867
1681 2 2 1 1 831 1648 518
1682 2 2 1 1 265 1592 1064
1683 2 2 1 1 756 1545 1027
1684 2 2 1 1 788 1211 253
1685 2 2 1 1 221 1192 959
1686 2 2 1 1 722 1109 168
1687 2 2 1 1 689 1417 340
1688 2 2 1 1 847 1035 385
1689 2 2 1 1 997 1192 221
1690 2 2 1 1 402 1465 657
1691 2 2 1 1 478 1062 1033
1692 2 2 1 1 618 1545 1019
1693 2 2 1 1 141 924 140
1694 2 2 1 1 280 1640 1400
1695 2 2 1 1 635 1372 1170
1696 2 2 1 1 1012 1310 537
1697 2 2 1 1 217 1559 814
1698 2 2 1 1 420 1112 936
1699 2 2 1 1 282 1648 831
1700 2 2 1 1 449 1232 823
1701 2 2 1 1 219 1632 1000
1702 2 2 1 1 646 1448 992
1703 2 2 1 1 229 1522 1038
1704 2 2 1 1 758 1702 234
1705 2 2 1 1 1426 1734 487
1706 2 2 1 1 243 1577 826
1707 2 2 1 1 483 1513 827
1708 2 2 1 1 549 1507 1050
1709 2 2 1 1 865 1187 327
1710 2 2 1 1 404 1716 1233
1711 2 2 1 1 514 1240 916
1712 2 2 1 1 779 1734 1426
1713 2 2 1 1 70 1468 69
1714 2 2 1 1 350 1745 750
1715 2 2 1 1 356 1761 899
1716 2 2 1 1 1509 1683 335
1717 2 2 1 1 52 1146 51
1718 2 2 1 1 1079 1449 541
1719 2 2 1 1 834 1312 411
1720 2 2 1 1 922 1705 555
1721 2 2 1 1 821 1537 458
1722 2 2 1 1 789 1463 583
1723 2 2 1 1 839 1522 229
1724 2 2 1 1 1005 1338 179
1725 2 2 1 1 745 1484 297
1726 2 2 1 1 1124 1441 319
1727 2 2 1 1 957 1640 406
1728 2 2 1 1 384 1078 940
1729 2 2 1 1 432 1320 761
1730 2 2 1 1 916 1240 245
1731 2 2 1 1 732 1208 485
1732 2 2 1 1 842 1525 193
1733 2 2 1 1 934 1725 366
1734 2 2 1 1 90 1569 89
1735 2 2 1 1 44 957 43
1736 2 2 1 1 458 1537 1414
1737 2 2 1 1 52 1283 1146
1738 2 2 1 1 509 1081 819
1739 2 2 1 1 750 1745 1401
1740 2 2 1 1 325 1728 1024
1741 2 2 1 1 770 1169 242
1742 2 2 1 1 193 1739 829
1743 2 2 1 1 1188 1359 707
1744 2 2 1 1 450 1350 1069
1745 2 2 1 1 1065 1278 645
1746 2 2 1 1 994 1578 239
1747 2 2 1 1 810 967 325
1748 2 2 1 1 81 1710 80
1749 2 2 1 1 1370 1415 650
1750 2 2 1 1 729 1397 845
1751 2 2 1 1 734 1357 368
1752 2 2 1 1 235 1638 944
1753 2 2 1 1 1622 1654 723
1754 2 2 1 1 930 1284 411
1755 2 2 1 1 1034 1685 717
1756 2 2 1 1 466 1089 767
1757 2 2 1 1 955 1384 164
1758 2 2 1 1 893 1161 174
1759 2 2 1 1 456 1645 778
1760 2 2 1 1 662 1730 1311
1761 2 2 1 1 740 1197 270
1762 2 2 1 1 485 1597 749
1763 2 2 1 1 983 1298 378
1764 2 2 1 1 454 1291 1288
1765 2 2 1 1 1227 1235 430
1766 2 2 1 1 492 1548 777
1767 2 2 1 1 808 1067 230
1768 2 2 1 1 779 1426 62
1769 2 2 1 1 821 1475 75
1770 2 2 1 1 787 1745 350
1771 2 2 1 1 961 1620 435
1772 2 2 1 1 836 1769 706
1773 2 2 1 1 690 1274 540
1774 2 2 1 1 767 1089 311
1775 2 2 1 1 1019 1235 724
1776 2 2 1 1 1103 1229 263
1777 2 2 1 1 1367 1762 421
1778 2 2 1 1 593 1592 891
1779 2 2 1 1 562 1602 1153
1780 2 2 1 1 25 1163 24
1781 2 2 1 1 782 1483 145
1782 2 2 1 1 889 1251 386
1783 2 2 1 1 954 1540 201
1784 2 2 1 1 1011 1498 247
1785 2 2 1 1 437 1050 947
1786 2 2 1 1 1276 1750 674
1787 2 2 1 1 660 1549 1135
1788 2 2 1 1 326 1325 913
1789 2 2 1 1 1030 1094 438
1790 2 2 1 1 22 892 21
1791 2 2 1 1 742 1698 515
1792 2 2 1 1 344 1659 725
1793 2 2 1 1 750 1269 177
1794 2 2 1 1 372 1646 1104
1795 2 2 1 1 679 1220 791
1796 2 2 1 1 467 1285 936
1797 2 2 1 1 831 1625 282
1798 2 2 1 1 753 1661 713
1799 2 2 1 1 1257 1338 588
1800 2 2 1 1 1328 1601 239
1801 2 2 1 1 1274 1665 785
1802 2 2 1 1 827 1406 483
1803 2 2 1 1 912 1499 511
1804 2 2 1 1 236 1087 935
1805 2 2 1 1 300 1565 755
1806 2 2 1 1 313 1359 1188
1807 2 2 1 1 757 1450 523
1808 2 2 1 1 925 1647 1088
1809 2 2 1 1 1302 1560 204
1810 2 2 1 1 1165 1236 251
1811 2 2 1 1 185 1730 956
1812 2 2 1 1 817 1330 381
1813 2 2 1 1 1143 1644 541
1814 2 2 1 1 989 1071 495
1815 2 2 1 1 467 1642 799
1816 2 2 1 1 974 1640 280
1817 2 2 1 1 359 1140 984
1818 2 2 1 1 598 1454 933
1819 2 2 1 1 1176 1647 594
1820 2 2 1 1 383 1278 741
1821 2 2 1 1 1525 1739 193
1822 2 2 1 1 838 1267 340
1823 2 2 1 1 813 1423 257
1824 2 2 1 1 1064 1592 683
1825 2 2 1 1 1035 1281 385
1826 2 2 1 1 397 1632 1082
1827 2 2 1 1 791 1220 293
1828 2 2 1 1 760 1152 286
1829 2 2 1 1 425 988 962
1830 2 2 1 1 725 1053 344
1831 2 2 1 1 774 1088 394
1832 2 2 1 1 137 1347 825
1833 2 2 1 1 215 1070 856
1834 2 2 1 1 802 1465 402
1835 2 2 1 1 1011 1333 371
1836 2 2 1 1 837 1445 319
1837 2 2 1 1 827 1513 333
1838 2 2 1 1 673 1229 1103
1839 2 2 1 1 381 1029 817
1840 2 2 1 1 517 1354 1041
1841 2 2 1 1 507 1328 882
1842 2 2 1 1 387 1130 843
1843 2 2 1 1 634 1720 1713
1844 2 2 1 1 110 1017 840
1845 2 2 1 1 1170 1372 160
1846 2 2 1 1 852 1621 392
1847 2 2 1 1 896 993 565
1848 2 2 1 1 1298 1625 378
1849 2 2 1 1 211 951 872
1850 2 2 1 1 294 1685 1034
1851 2 2 1 1 1144 1497 316
1852 2 2 1 1 69 1361 68
1853 2 2 1 1 122 1488 121
1854 2 2 1 1 167 1782 1201
1855 2 2 1 1 630 1740 759
1856 2 2 1 1 583 1463 876
1857 2 2 1 1 131 964 130
1858 2 2 1 1 607 1266 998
1859 2 2 1 1 727 1727 1134
1860 2 2 1 1 476 1714 1387
1861 2 2 1 1 826 1032 243
1862 2 2 1 1 650 1415 999
1863 2 2 1 1 557 1419 1085
1864 2 2 1 1 427 1634 1244
1865 2 2 1 1 187 1286 1027
1866 2 2 1 1 426 1268 753
1867 2 2 1 1 915 1030 438
1868 2 2 1 1 472 1314 858
1869 2 2 1 1 393 1169 770
1870 2 2 1 1 819 1683 1509
1871 2 2 1 1 468 1467 1004
1872 2 2 1 1 857 1672 143
1873 2 2 1 1 455 1196 926
1874 2 2 1 1 452 1267 838
1875 2 2 1 1 773 1735 990
1876 2 2 1 1 895 1334 236
1877 2 2 1 1 758 1145 380
1878 2 2 1 1 352 1453 1068
1879 2 2 1 1 475 1310 1150
1880 2 2 1 1 804 1620 287
1881 2 2 1 1 777 1246 360
1882 2 2 1 1 57 1661 753
1883 2 2 1 1 430 1197 740
1884 2 2 1 1 202 1521 757
1885 2 2 1 1 749 1597 307
1886 2 2 1 1 626 1652 1131
1887 2 2 1 1 917 1133 498
1888 2 2 1 1 530 1159 950
1889 2 2 1 1 939 1037 400
1890 2 2 1 1 826 1577 588
1891 2 2 1 1 991 1656 323
1892 2 2 1 1 281 1581 762
1893 2 2 1 1 250 1718 1022
1894 2 2 1 1 862 1546 476
1895 2 2 1 1 1362 1615 566
1896 2 2 1 1 416 1237 1094
1897 2 2 1 1 795 1667 1235
1898 2 2 1 1 1091 1095 540
1899 2 2 1 1 1496 1639 518
1900 2 2 1 1 1154 1249 548
1901 2 2 1 1 769 1591 246
1902 2 2 1 1 1033 1062 421
1903 2 2 1 1 823 1232 218
1904 2 2 1 1 985 1322 636
1905 2 2 1 1 1032 1246 243
1906 2 2 1 1 1134 1727 398
1907 2 2 1 1 1103 1773 673
1908 2 2 1 1 936 1112 467
1909 2 2 1 1 867 1718 250
1910 2 2 1 1 254 1273 1091
1911 2 2 1 1 960 1303 358
1912 2 2 1 1 581 1169 1147
1913 2 2 1 1 818 1513 483
1914 2 2 1 1 387 1359 706
1915 2 2 1 1 909 1352 161
1916 2 2 1 1 109 978 108
1917 2 2 1 1 815 1410 381
1918 2 2 1 1 60 1099 59
1919 2 2 1 1 403 1249 1154
1920 2 2 1 1 214 1078 886
1921 2 2 1 1 101 1505 776
1922 2 2 1 1 891 1592 265
1923 2 2 1 1 744 1774 1585
1924 2 2 1 1 823 1509 335
1925 2 2 1 1 228 1532 1066
1926 2 2 1 1 1273 1560 726
1927 2 2 1 1 421 1762 1033
1928 2 2 1 1 1077 1708 269
1929 2 2 1 1 465 1452 855
1930 2 2 1 1 770 1454 393
1931 2 2 1 1 567 1215 796
1932 2 2 1 1 845 1397 184
1933 2 2 1 1 702 1531 1248
1934 2 2 1 1 1085 1419 269
1935 2 2 1 1 401 1365 966
1936 2 2 1 1 193 1147 842
1937 2 2 1 1 280 1477 974
1938 2 2 1 1 481 1662 851
1939 2 2 1 1 206 1386 865
1940 2 2 1 1 901 1748 428
1941 2 2 1 1 224 1738 887
1942 2 2 1 1 441 1361 822
1943 2 2 1 1 680 1702 390
1944 2 2 1 1 949 1486 154
1945 2 2 1 1 902 1038 373
1946 2 2 1 1 533 1051 968
1947 2 2 1 1 1104 1646 662
1948 2 2 1 1 16 1408 761
1949 2 2 1 1 659 1699 1075
1950 2 2 1 1 190 1707 1456
1951 2 2 1 1 581 1250 1169
1952 2 2 1 1 762 1581 492
1953 2 2 1 1 829 1739 571
1954 2 2 1 1 973 1194 504
1955 2 2 1 1 578 1654 1622
1956 2 2 1 1 634 1713 1122
1957 2 2 1 1 552 1469 1108
1958 2 2 1 1 822 1527 441
1959 2 2 1 1 398 1293 937
1960 2 2 1 1 661 1224 1164
1961 2 2 1 1 858 1314 42
1962 2 2 1 1 796 1614 567
1963 2 2 1 1 1002 1296 424
1964 2 2 1 1 623 1414 972
1965 2 2 1 1 1122 1265 634
1966 2 2 1 1 412 1676 1006
1967 2 2 1 1 1311 1655 662
1968 2 2 1 1 861 1766 366
1969 2 2 1 1 287 1492 729
1970 2 2 1 1 469 1499 912
1971 2 2 1 1 571 1441 1124
1972 2 2 1 1 801 1611 555
1973 2 2 1 1 923 1472 700
1974 2 2 1 1 783 1103 584
1975 2 2 1 1 884 1292 531
1976 2 2 1 1 1233 1260 203
1977 2 2 1 1 883 1555 623
1978 2 2 1 1 726 1302 891
1979 2 2 1 1 1156 1741 388
1980 2 2 1 1 664 1434 1199
1981 2 2 1 1 75 1475 74
1982 2 2 1 1 474 1525 842
1983 2 2 1 1 577 1334 895
1984 2 2 1 1 184 1292 884
1985 2 2 1 1 1513 1551 333
1986 2 2 1 1 656 1717 921
1987 2 2 1 1 18 1114 17
1988 2 2 1 1 1121 1178 222
1989 2 2 1 1 1004 1550 531
1990 2 2 1 1 269 1419 1077
1991 2 2 1 1 360 1430 777
1992 2 2 1 1 1027 1545 618
1993 2 2 1 1 584 1399 948
1994 2 2 1 1 343 1753 790
1995 2 2 1 1 962 988 331
1996 2 2 1 1 381 1120 815
1997 2 2 1 1 784 1320 432
1998 2 2 1 1 232 1460 1037
1999 2 2 1 1 815 1120 225
2000 2 2 1 1 929 1425 603
2001 2 2 1 1 998 1266 440
2002 2 2 1 1 906 1572 246
2003 2 2 1 1 362 1425 929
2004 2 2 1 1 1280 1703 171
2005 2 2 1 1 1081 1536 697
2006 2 2 1 1 732 1351 422
2007 2 2 1 1 195 1700 816
2008 2 2 1 1 841 1025 301
2009 2 2 1 1 218 1515 823
2010 2 2 1 1 778 1059 456
2011 2 2 1 1 29 1351 28
2012 2 2 1 1 753 1282 426
2013 2 2 1 1 1585 1774 338
2014 2 2 1 1 415 1192 1183
2015 2 2 1 1 1213 1405 220
2016 2 2 1 1 968 1051 395
2017 2 2 1 1 1295 1521 202
2018 2 2 1 1 1004 1247 468
2019 2 2 1 1 1131 1652 361
2020 2 2 1 1 316 1643 1289
2021 2 2 1 1 764 1659 344
2022 2 2 1 1 559 1236 870
2023 2 2 1 1 855 1165 465
2024 2 2 1 1 926 1189 455
2025 2 2 1 1 573 1780 871
2026 2 2 1 1 927 1539 307
2027 2 2 1 1 900 1630 573
2028 2 2 1 1 1444 1710 920
2029 2 2 1 1 7 1438 870
2030 2 2 1 1 399 1269 750
2031 2 2 1 1 1128 1481 702
2032 2 2 1 1 1559 1668 512
2033 2 2 1 1 204 1560 797
2034 2 2 1 1 848 1452 465
2035 2 2 1 1 756 1609 1545
2036 2 2 1 1 1164 1224 310
2037 2 2 1 1 491 1001 910
2038 2 2 1 1 148 1389 147
2039 2 2 1 1 910 1001 403
2040 2 2 1 1 794 1631 335
2041 2 2 1 1 1212 1239 556
2042 2 2 1 1 880 1740 169
2043 2 2 1 1 53 1687 1283
2044 2 2 1 1 145 1483 144
2045 2 2 1 1 452 1339 913
2046 2 2 1 1 499 1415 1370
2047 2 2 1 1 124 1221 864
2048 2 2 1 1 797 1560 478
2049 2 2 1 1 757 1521 1186
2050 2 2 1 1 853 1651 372
2051 2 2 1 1 407 1194 973
2052 2 2 1 1 842 1147 393
2053 2 2 1 1 876 1463 190
2054 2 2 1 1 804 1703 1280
2055 2 2 1 1 851 1583 414
2056 2 2 1 1 80 1710 1353
2057 2 2 1 1 874 1341 121
2058 2 2 1 1 1141 1605 502
2059 2 2 1 1 463 1384 955
2060 2 2 1 1 1210 1773 783
2061 2 2 1 1 878 1173 190
2062 2 2 1 1 821 1722 295
2063 2 2 1 1 457 1655 1311
2064 2 2 1 1 1118 1531 561
2065 2 2 1 1 481 1336 1156
2066 2 2 1 1 390 1702 758
2067 2 2 1 1 405 1603 1018
2068 2 2 1 1 208 1731 711
2069 2 2 1 1 247 1344 1011
2070 2 2 1 1 670 1368 1003
2071 2 2 1 1 974 1477 586
2072 2 2 1 1 1063 1634 427
2073 2 2 1 1 511 1490 912
2074 2 2 1 1 870 1438 559
2075 2 2 1 1 197 1663 1021
2076 2 2 1 1 835 1662 481
2077 2 2 1 1 239 1601 994
2078 2 2 1 1 1399 1532 228
2079 2 2 1 1 441 1037 939
2080 2 2 1 1 28 1351 732
2081 2 2 1 1 762 1398 281
2082 2 2 1 1 474 1322 985
2083 2 2 1 1 540 1274 984
2084 2 2 1 1 942 1171 434
2085 2 2 1 1 555 1611 793
2086 2 2 1 1 371 1333 886
2087 2 2 1 1 194 1481 1128
2088 2 2 1 1 30 1335 1055
2089 2 2 1 1 181 1310 1012
2090 2 2 1 1 886 1333 214
2091 2 2 1 1 763 1668 303
2092 2 2 1 1 256 1390 985
2093 2 2 1 1 931 1324 207
2094 2 2 1 1 835 1622 723
2095 2 2 1 1 910 1413 491
2096 2 2 1 1 256 1388 1166
2097 2 2 1 1 175 1604 828
2098 2 2 1 1 905 1668 1559
2099 2 2 1 1 578 1539 927
2100 2 2 1 1 1105 1711 1046
2101 2 2 1 1 449 1631 1326
2102 2 2 1 1 1137 1489 208
2103 2 2 1 1 223 1765 1533
2104 2 2 1 1 1050 1507 11
2105 2 2 1 1 1116 1313 374
2106 2 2 1 1 392 1186 1008
2107 2 2 1 1 274 1519 860
2108 2 2 1 1 518 1648 734
2109 2 2 1 1 435 1620 1280
2110 2 2 1 1 871 1780 240
2111 2 2 1 1 1201 1782 715
2112 2 2 1 1 423 1572 906
2113 2 2 1 1 95 1086 94
2114 2 2 1 1 963 1120 695
2115 2 2 1 1 607 1460 1266
2116 2 2 1 1 551 1171 942
2117 2 2 1 1 99 1041 98
2118 2 2 1 1 985 1390 474
2119 2 2 1 1 74 1093 73
2120 2 2 1 1 776 1204 100
2121 2 2 1 1 222 1178 1177
2122 2 2 1 1 1019 1545 271
2123 2 2 1 1 64 1245 63
2124 2 2 1 1 457 1764 1083
2125 2 2 1 1 111 1017 110
2126 2 2 1 1 632 1158 792
2127 2 2 1 1 389 1095 1091
2128 2 2 1 1 216 1406 827
2129 2 2 1 1 323 1369 991
2130 2 2 1 1 375 1501 1080
2131 2 2 1 1 1012 1212 556
2132 2 2 1 1 839 1753 343
2133 2 2 1 1 104 1446 103
2134 2 2 1 1 675 1496 890
2135 2 2 1 1 526 1116 995
2136 2 2 1 1 1041 1354 587
2137 2 2 1 1 989 1663 197
2138 2 2 1 1 885 1583 709
2139 2 2 1 1 625 1258 1254
2140 2 2 1 1 1188 1554 502
2141 2 2 1 1 416 1752 1237
2142 2 2 1 1 1410 1568 329
2143 2 2 1 1 735 1656 991
2144 2 2 1 1 159 1482 158
2145 2 2 1 1 1283 1687 719
2146 2 2 1 1 380 1125 881
2147 2 2 1 1 492 1669 762
2148 2 2 1 1 531 1550 884
2149 2 2 1 1 1003 1400 539
2150 2 2 1 1 1183 1192 522
2151 2 2 1 1 103 1446 907
2152 2 2 1 1 832 1728 325
2153 2 2 1 1 913 1325 452
2154 2 2 1 1 851 1662 305
2155 2 2 1 1 366 1690 860
2156 2 2 1 1 666 1324 833
2157 2 2 1 1 570 1313 1116
2158 2 2 1 1 14 1421 824
2159 2 2 1 1 979 1117 535
2160 2 2 1 1 350 1253 875
2161 2 2 1 1 415 1183 884
2162 2 2 1 1 304 1381 1134
2163 2 2 1 1 643 1746 1026
2164 2 2 1 1 805 1701 546
2165 2 2 1 1 796 1700 195
2166 2 2 1 1 534 1743 1298
2167 2 2 1 1 1311 1730 185
2168 2 2 1 1 837 1760 497
2169 2 2 1 1 674 1750 877
2170 2 2 1 1 1021 1663 640
2171 2 2 1 1 860 1519 475
2172 2 2 1 1 1545 1609 271
2173 2 2 1 1 1279 1635 253
2174 2 2 1 1 108 1193 107
2175 2 2 1 1 416 1094 1030
2176 2 2 1 1 927 1654 578
2177 2 2 1 1 395 1151 968
2178 2 2 1 1 406 1541 858
2179 2 2 1 1 405 1198 1064
2180 2 2 1 1 671 1521 1295
2181 2 2 1 1 1115 1528 351
2182 2 2 1 1 891 1302 593
2183 2 2 1 1 186 1117 979
2184 2 2 1 1 1237 1393 244
2185 2 2 1 1 719 1391 1283
2186 2 2 1 1 1119 1673 201
2187 2 2 1 1 1154 1277 403
2188 2 2 1 1 641 1457 1029
2189 2 2 1 1 272 1508 809
2190 2 2 1 1 1326 1631 794
2191 2 2 1 1 729 1695 1397
2192 2 2 1 1 16 1684 15
2193 2 2 1 1 783 1773 1103
2194 2 2 1 1 905 1051 533
2195 2 2 1 1 797 1398 416
2196 2 2 1 1 925 1252 594
2197 2 2 1 1 447 1281 1035
2198 2 2 1 1 478 1273 1062
2199 2 2 1 1 527 1207 1026
2200 2 2 1 1 217 1051 905
2201 2 2 1 1 879 1549 227
2202 2 2 1 1 475 1150 860
2203 2 2 1 1 1306 1716 404
2204 2 2 1 1 971 1149 306
2205 2 2 1 1 296 1428 1319
2206 2 2 1 1 920 1710 81
2207 2 2 1 1 240 1611 801
2208 2 2 1 1 809 1673 615
2209 2 2 1 1 179 1338 1257
2210 2 2 1 1 858 1541 472
2211 2 2 1 1 481 1156 898
2212 2 2 1 1 1276 1603 405
2213 2 2 1 1 500 1333 1011
2214 2 2 1 1 307 1451 749
2215 2 2 1 1 82 1617 920
2216 2 2 1 1 1533 1765 731
2217 2 2 1 1 828 1340 439
2218 2 2 1 1 899 1761 541
2219 2 2 1 1 48 1332 47
2220 2 2 1 1 823 1631 449
2221 2 2 1 1 620 1689 1162
2222 2 2 1 1 589 1497 1144
2223 2 2 1 1 18 1593 1114
2224 2 2 1 1 1434 1596 238
2225 2 2 1 1 288 1443 1225
2226 2 2 1 1 484 1721 826
2227 2 2 1 1 417 1474 870
2228 2 2 1 1 532 1590 1175
2229 2 2 1 1 814 1556 322
2230 2 2 1 1 72 1555 883
2231 2 2 1 1 1182 1679 730
2232 2 2 1 1 1043 1688 264
2233 2 2 1 1 721 1693 1300
2234 2 2 1 1 259 1208 1123
2235 2 2 1 1 825 1429 136
2236 2 2 1 1 176 1223 849
2237 2 2 1 1 460 1483 782
2238 2 2 1 1 1611 1780 793
2239 2 2 1 1 442 1352 909
2240 2 2 1 1 348 1440 1026
2241 2 2 1 1 868 1723 379
2242 2 2 1 1 215 1035 847
2243 2 2 1 1 1067 1375 230
2244 2 2 1 1 129 1155 128
2245 2 2 1 1 435 1364 961
2246 2 2 1 1 813 1340 312
2247 2 2 1 1 505 1217 1179
2248 2 2 1 1 1109 1579 570
2249 2 2 1 1 1025 1191 434
2250 2 2 1 1 615 1673 1119
2251 2 2 1 1 369 1380 833
2252 2 2 1 1 462 1487 929
2253 2 2 1 1 884 1183 184
2254 2 2 1 1 912 1682 469
2255 2 2 1 1 58 1661 57
2256 2 2 1 1 1248 1531 293
2257 2 2 1 1 818 1551 1513
2258 2 2 1 1 391 1234 1016
2259 2 2 1 1 1297 1339 452
2260 2 2 1 1 216 1520 1406
2261 2 2 1 1 952 1131 361
2262 2 2 1 1 505 1540 768
2263 2 2 1 1 200 1699 1198
2264 2 2 1 1 1146 1283 513
2265 2 2 1 1 1203 1293 398
2266 2 2 1 1 1179 1217 433
2267 2 2 1 1 728 1356 999
2268 2 2 1 1 139 1101 138
2269 2 2 1 1 54 1687 53
2270 2 2 1 1 161 1095 909
2271 2 2 1 1 229 1471 839
2272 2 2 1 1 447 1035 991
2273 2 2 1 1 211 1465 802
2274 2 2 1 1 480 1319 895
2275 2 2 1 1 596 1708 1077
2276 2 2 1 1 321 1562 776
2277 2 2 1 1 790 1694 177
2278 2 2 1 1 355 1575 1139
2279 2 2 1 1 135 1228 134
2280 2 2 1 1 1400 1640 629
2281 2 2 1 1 1358 1735 773
2282 2 2 1 1 751 1290 38
2283 2 2 1 1 1008 1608 392
2284 2 2 1 1 1210 1480 180
2285 2 2 1 1 180 1773 1210
2286 2 2 1 1 914 1184 96
2287 2 2 1 1 1177 1178 424
2288 2 2 1 1 1139 1575 668
2289 2 2 1 1 385 1281 1056
2290 2 2 1 1 893 1785 1161
2291 2 2 1 1 1228 1498 669
2292 2 2 1 1 335 1631 823
2293 2 2 1 1 1024 1728 559
2294 2 2 1 1 394 1647 1176
2295 2 2 1 1 508 1498 1228
2296 2 2 1 1 826 1721 1032
2297 2 2 1 1 726 1560 1302
2298 2 2 1 1 1235 1667 430
2299 2 2 1 1 20 958 19
2300 2 2 1 1 226 1331 1007
2301 2 2 1 1 482 1591 769
2302 2 2 1 1 223 1778 950
2303 2 2 1 1 471 1025 841
2304 2 2 1 1 407 1263 766
2305 2 2 1 1 115 1493 908
2306 2 2 1 1 1098 1217 278
2307 2 2 1 1 962 1202 625
2308 2 2 1 1 125 1221 124
2309 2 2 1 1 503 1253 1168
2310 2 2 1 1 817 1630 1330
2311 2 2 1 1 6 1474 5
2312 2 2 1 1 918 1624 396
2313 2 2 1 1 547 1486 949
2314 2 2 1 1 1008 1196 455
2315 2 2 1 1 897 1453 352
2316 2 2 1 1 185 1580 763
2317 2 2 1 1 236 1334 1087
2318 2 2 1 1 933 1600 598
2319 2 2 1 1 473 1766 861
2320 2 2 1 1 846 1534 288
2321 2 2 1 1 233 1396 1083
2322 2 2 1 1 414 1583 885
2323 2 2 1 1 388 1741 946
2324 2 2 1 1 190 1463 878
2325 2 2 1 1 866 1675 234
2326 2 2 1 1 215 1598 1070
2327 2 2 1 1 851 1336 481
2328 2 2 1 1 432 1408 1114
2329 2 2 1 1 1207 1470 348
2330 2 2 1 1 1020 1705 377
2331 2 2 1 1 1254 1380 425
2332 2 2 1 1 292 1383 1209
2333 2 2 1 1 1123 1378 259
2334 2 2 1 1 97 1510 914
2335 2 2 1 1 1069 1394 450
2336 2 2 1 1 1016 1234 166
2337 2 2 1 1 1065 1181 346
2338 2 2 1 1 225 1709 815
2339 2 2 1 1 692 1606 1107
2340 2 2 1 1 500 1492 961
2341 2 2 1 1 1087 1334 410
2342 2 2 1 1 1254 1258 284
2343 2 2 1 1 1002 1321 194
2344 2 2 1 1 1094 1126 438
2345 2 2 1 1 1002 1588 1296
2346 2 2 1 1 526 1570 1116
2347 2 2 1 1 782 1125 380
2348 2 2 1 1 225 1120 963
2349 2 2 1 1 786 1677 539
2350 2 2 1 1 531 1247 1004
2351 2 2 1 1 1390 1525 474
2352 2 2 1 1 577 1195 1174
2353 2 2 1 1 717 1685 1052
2354 2 2 1 1 351 1431 1115
2355 2 2 1 1 663 1525 1390
2356 2 2 1 1 570 1570 1109
2357 2 2 1 1 1062 1273 254
2358 2 2 1 1 240 1780 1611
2359 2 2 1 1 1289 1643 678
2360 2 2 1 1 180 1480 1479
2361 2 2 1 1 572 1405 1213
2362 2 2 1 1 323 1665 1369
2363 2 2 1 1 874 1767 533
2364 2 2 1 1 1131 1455 626
2365 2 2 1 1 1209 1383 606
2366 2 2 1 1 1206 1345 575
2367 2 2 1 1 434 1191 942
2368 2 2 1 1 882 1328 239
2369 2 2 1 1 433 1252 925
2370 2 2 1 1 225 1194 1046
2371 2 2 1 1 50 1516 49
2372 2 2 1 1 853 1567 489
2373 2 2 1 1 427 1658 1063
2374 2 2 1 1 78 1682 912
2375 2 2 1 1 992 1448 560
2376 2 2 1 1 887 1751 519
2377 2 2 1 1 954 1719 374
2378 2 2 1 1 199 1442 787
2379 2 2 1 1 990 1735 252
2380 2 2 1 1 938 1392 219
2381 2 2 1 1 1146 1445 837
2382 2 2 1 1 611 1462 1315
2383 2 2 1 1 502 1605 903
2384 2 2 1 1 285 1413 910
2385 2 2 1 1 451 1549 879
2386 2 2 1 1 1223 1566 418
2387 2 2 1 1 312 1340 828
2388 2 2 1 1 959 1192 415
2389 2 2 1 1 1094 1237 244
2390 2 2 1 1 247 1498 1060
2391 2 2 1 1 680 1785 893
2392 2 2 1 1 545 1594 941
2393 2 2 1 1 1238 1585 173
2394 2 2 1 1 499 1437 1205
2395 2 2 1 1 437 1265 1122
2396 2 2 1 1 380 1145 782
2397 2 2 1 1 711 1653 1181
2398 2 2 1 1 792 1158 523
2399 2 2 1 1 907 1446 566
2400 2 2 1 1 1320 1708 761
2401 2 2 1 1 1420 1705 1020
2402 2 2 1 1 1205 1294 499
2403 2 2 1 1 271 1235 1019
2404 2 2 1 1 698 1635 1279
2405 2 2 1 1 854 1701 315
2406 2 2 1 1 991 1369 447
2407 2 2 1 1 469 1710 1444
2408 2 2 1 1 439 1392 938
2409 2 2 1 1 812 1411 213
2410 2 2 1 1 1026 1207 348
2411 2 2 1 1 1441 1739 663
2412 2 2 1 1 1112 1765 223
2413 2 2 1 1 543 1411 812
2414 2 2 1 1 913 1339 262
2415 2 2 1 1 470 1286 1098
2416 2 2 1 1 1456 1707 606
2417 2 2 1 1 785 1665 323
2418 2 2 1 1 984 1274 359
2419 2 2 1 1 522 1192 997
2420 2 2 1 1 602 1757 813
2421 2 2 1 1 392 1608 953
2422 2 2 1 1 928 1673 809
2423 2 2 1 1 673 1371 1229
2424 2 2 1 1 11 1507 10
2425 2 2 1 1 287 1620 961
2426 2 2 1 1 534 1723 868
2427 2 2 1 1 121 1341 120
2428 2 2 1 1 365 1783 894
2429 2 2 1 1 1300 1693 516
2430 2 2 1 1 1026 1440 643
2431 2 2 1 1 318 1726 751
2432 2 2 1 1 102 1505 101
2433 2 2 1 1 1032 1721 370
2434 2 2 1 1 1038 1522 373
2435 2 2 1 1 908 1493 536
2436 2 2 1 1 289 1558 1256
2437 2 2 1 1 434 1742 1308
2438 2 2 1 1 563 1735 1358
2439 2 2 1 1 840 1553 320
2440 2 2 1 1 905 1559 217
2441 2 2 1 1 424 1321 1002
2442 2 2 1 1 909 1095 389
2443 2 2 1 1 1442 1745 787
2444 2 2 1 1 1166 1388 497
2445 2 2 1 1 219 1288 938
2446 2 2 1 1 285 1671 1413
2447 2 2 1 1 527 1732 889
2448 2 2 1 1 227 1754 1127
2449 2 2 1 1 378 1625 831
2450 2 2 1 1 262 1455 1131
2451 2 2 1 1 968 1341 533
2452 2 2 1 1 892 1664 542
2453 2 2 1 1 417 1165 855
2454 2 2 1 1 1198 1699 659
2455 2 2 1 1 1138 1482 159
2456 2 2 1 1 266 1196 1008
2457 2 2 1 1 22 1664 892
2458 2 2 1 1 64 1300 1245
2459 2 2 1 1 519 1489 1137
2460 2 2 1 1 1097 1454 598
2461 2 2 1 1 260 1111 1092
2462 2 2 1 1 158 1482 855
2463 2 2 1 1 777 1430 955
2464 2 2 1 1 180 1479 923
2465 2 2 1 1 847 1598 215
2466 2 2 1 1 471 1694 790
2467 2 2 1 1 464 1451 1279
2468 2 2 1 1 945 1501 375
2469 2 2 1 1 244 1393 1079
2470 2 2 1 1 38 1290 37
2471 2 2 1 1 672 1325 1307
2472 2 2 1 1 521 1547 1086
2473 2 2 1 1 1034 1514 294
2474 2 2 1 1 1086 1547 693
2475 2 2 1 1 157 1452 156
2476 2 2 1 1 603 1566 1223
2477 2 2 1 1 806 1764 667
2478 2 2 1 1 391 1532 1234
2479 2 2 1 1 546 1701 854
2480 2 2 1 1 1174 1195 192
2481 2 2 1 1 138 1347 137
2482 2 2 1 1 916 1464 730
2483 2 2 1 1 1397 1695 524
2484 2 2 1 1 1237 1752 624
2485 2 2 1 1 1064 1198 659
2486 2 2 1 1 635 1514 1372
2487 2 2 1 1 881 1389 453
2488 2 2 1 1 1101 1347 138
2489 2 2 1 1 533 1341 874
2490 2 2 1 1 154 1486 153
2491 2 2 1 1 911 1018 238
2492 2 2 1 1 1296 1589 704
2493 2 2 1 1 1413 1671 771
2494 2 2 1 1 247 1695 1344
2495 2 2 1 1 194 1779 1002
2496 2 2 1 1 351 1677 1431
2497 2 2 1 1 205 1345 1206
2498 2 2 1 1 631 1625 1298
2499 2 2 1 1 316 1289 1144
2500 2 2 1 1 458 1475 821
2501 2 2 1 1 899 1502 443
2502 2 2 1 1 65 1300 64
2503 2 2 1 1 607 1508 1160
2504 2 2 1 1 471 1191 1025
2505 2 2 1 1 611 1433 843
2506 2 2 1 1 591 1528 1115
2507 2 2 1 1 568 1428 1323
2508 2 2 1 1 903 1605 226
2509 2 2 1 1 1202 1232 625
2510 2 2 1 1 537 1212 1012
2511 2 2 1 1 639 1270 1161
2512 2 2 1 1 1141 1554 677
2513 2 2 1 1 1202 1712 218
2514 2 2 1 1 1083 1396 556
2515 2 2 1 1 418 1214 1213
2516 2 2 1 1 815 1568 1410
2517 2 2 1 1 698 1539 1074
2518 2 2 1 1 927 1597 485
2519 2 2 1 1 356 1436 1143
2520 2 2 1 1 275 1550 1004
2521 2 2 1 1 880 1380 369
2522 2 2 1 1 999 1415 304
2523 2 2 1 1 1332 1431 786
2524 2 2 1 1 618 1291 1129
2525 2 2 1 1 208 1743 1731
2526 2 2 1 1 1110 1331 226
2527 2 2 1 1 349 1226 980
2528 2 2 1 1 257 1391 1082
2529 2 2 1 1 567 1688 1043
2530 2 2 1 1 809 1508 998
2531 2 2 1 1 260 1185 1111
2532 2 2 1 1 841 1694 471
2533 2 2 1 1 866 1628 443
2534 2 2 1 1 49 1516 1218
2535 2 2 1 1 1012 1346 181
2536 2 2 1 1 36 1576 35
2537 2 2 1 1 1101 1469 552
2538 2 2 1 1 906 1360 423
2539 2 2 1 1 870 1474 6
2540 2 2 1 1 1231 1633 708
2541 2 2 1 1 414 1754 851
2542 2 2 1 1 1046 1194 407
2543 2 2 1 1 455 1608 1008
2544 2 2 1 1 1160 1508 272
2545 2 2 1 1 843 1433 707
2546 2 2 1 1 955 1430 463
2547 2 2 1 1 1082 1391 719
2548 2 2 1 1 169 1784 880
2549 2 2 1 1 857 1692 460
2550 2 2 1 1 534 1298 983
2551 2 2 1 1 117 1107 116
2552 2 2 1 1 1330 1630 191
2553 2 2 1 1 1022 1718 569
2554 2 2 1 1 242 1715 983
2555 2 2 1 1 849 1223 418
2556 2 2 1 1 523 1578 792
2557 2 2 1 1 1200 1546 477
2558 2 2 1 1 1047 1209 606
2559 2 2 1 1 234 1628 866
2560 2 2 1 1 100 1204 99
2561 2 2 1 1 686 1579 1109
2562 2 2 1 1 479 1514 1034
2563 2 2 1 1 1039 1774 444
2564 2 2 1 1 53 1283 52
2565 2 2 1 1 1132 1542 263
2566 2 2 1 1 894 1679 440
2567 2 2 1 1 165 1600 933
2568 2 2 1 1 1111 1185 537
2569 2 2 1 1 592 1634 1063
2570 2 2 1 1 1283 1391 513
2571 2 2 1 1 396 1624 1076
2572 2 2 1 1 1006 1373 412
2573 2 2 1 1 1213 1214 572
2574 2 2 1 1 112 1724 111
2575 2 2 1 1 1013 1494 550
2576 2 2 1 1 1098 1286 433
2577 2 2 1 1 332 1564 1060
2578 2 2 1 1 1024 1438 8
2579 2 2 1 1 486 1504 1061
2580 2 2 1 1 358 1749 914
2581 2 2 1 1 956 1556 512
2582 2 2 1 1 362 1487 932
2583 2 2 1 1 971 1610 645
2584 2 2 1 1 942 1191 229
2585 2 2 1 1 261 1239 1212
2586 2 2 1 1 1106 1680 195
2587 2 2 1 1 218 1232 1202
2588 2 2 1 1 446 1534 846
2589 2 2 1 1 77 1490 76
2590 2 2 1 1 590 1260 1233
2591 2 2 1 1 780 1712 1202
2592 2 2 1 1 450 1394 1225
2593 2 2 1 1 189 1467 1385
2594 2 2 1 1 1195 1428 568
2595 2 2 1 1 228 1365 948
2596 2 2 1 1 305 1583 851
2597 2 2 1 1 1307 1325 326
2598 2 2 1 1 503 1689 1253
2599 2 2 1 1 682 1246 1032
2600 2 2 1 1 578 1622 1074
2601 2 2 1 1 86 1366 85
2602 2 2 1 1 545 1782 1594
2603 2 2 1 1 1357 1432 654
2604 2 2 1 1 1021 1777 197
2605 2 2 1 1 1347 1696 825
2606 2 2 1 1 450 1443 1049
2607 2 2 1 1 510 1180 1058
2608 2 2 1 1 5 1474 1138
2609 2 2 1 1 803 1627 1557
2610 2 2 1 1 909 1382 442
2611 2 2 1 1 973 1724 112
2612 2 2 1 1 1245 1526 779
2613 2 2 1 1 1136 1618 636
2614 2 2 1 1 1047 1707 507
2615 2 2 1 1 460 1675 866
2616 2 2 1 1 1040 1781 232
2617 2 2 1 1 569 1733 1022
2618 2 2 1 1 79 1682 78
2619 2 2 1 1 1107 1606 536
2620 2 2 1 1 330 1734 1526
2621 2 2 1 1 552 1347 1101
2622 2 2 1 1 116 1493 115
2623 2 2 1 1 1175 1590 742
2624 2 2 1 1 825 1696 332
2625 2 2 1 1 559 1438 1024
2626 2 2 1 1 244 1126 1094
2627 2 2 1 1 1369 1665 690
2628 2 2 1 1 433 1286 1252
2629 2 2 1 1 96 1184 95
2630 2 2 1 1 1076 1670 396
2631 2 2 1 1 201 1673 928
2632 2 2 1 1 609 1469 1101
2633 2 2 1 1 1556 1559 512
2634 2 2 1 1 814 1559 1556
2635 2 2 1 1 1315 1462 563
2636 2 2 1 1 274 1589 1296
2637 2 2 1 1 189 1502 899
2638 2 2 1 1 433 1217 1098
2639 2 2 1 1 1055 1351 29
2640 2 2 1 1 585 1294 1205
2641 2 2 1 1 1001 1249 403
2642 2 2 1 1 320 1491 840
2643 2 2 1 1 1085 1401 557
2644 2 2 1 1 501 1464 916
2645 2 2 1 1 307 1597 927
2646 2 2 1 1 1031 1520 216
2647 2 2 1 1 859 1266 232
2648 2 2 1 1 1070 1598 448
2649 2 2 1 1 1011 1344 500
2650 2 2 1 1 310 1697 866
2651 2 2 1 1 425 1380 880
2652 2 2 1 1 166 1651 853
2653 2 2 1 1 237 1349 1348
2654 2 2 1 1 904 1535 705
2655 2 2 1 1 453 1706 836
2656 2 2 1 1 512 1580 956
2657 2 2 1 1 1236 1355 251
2658 2 2 1 1 978 1193 108
2659 2 2 1 1 164 1669 955
2660 2 2 1 1 1172 1606 692
2661 2 2 1 1 317 1642 950
2662 2 2 1 1 495 1663 989
2663 2 2 1 1 1218 1388 554
2664 2 2 1 1 213 1755 921
2665 2 2 1 1 246 1591 906
2666 2 2 1 1 983 1715 534
2667 2 2 1 1 15 1421 14
2668 2 2 1 1 664 1470 1207
2669 2 2 1 1 393 1454 1097
2670 2 2 1 1 143 1692 857
2671 2 2 1 1 320 1553 963
2672 2 2 1 1 263 1379 1103
2673 2 2 1 1 171 1506 1280
2674 2 2 1 1 1199 1524 309
2675 2 2 1 1 95 1184 1086
2676 2 2 1 1 366 1766 934
2677 2 2 1 1 986 1327 249
2678 2 2 1 1 99 1204 1041
2679 2 2 1 1 747 1733 1317
2680 2 2 1 1 538 1293 1203
2681 2 2 1 1 1114 1593 599
2682 2 2 1 1 1092 1111 475
2683 2 2 1 1 551 1558 1117
2684 2 2 1 1 1075 1699 739
2685 2 2 1 1 920 1617 544
2686 2 2 1 1 898 1387 183
2687 2 2 1 1 1301 1550 275
2688 2 2 1 1 570 1579 1313
2689 2 2 1 1 1337 1722 821
2690 2 2 1 1 1229 1371 404
2691 2 2 1 1 1185 1439 537
2692 2 2 1 1 610 1680 1106
2693 2 2 1 1 449 1258 1232
2694 2 2 1 1 868 1743 534
2695 2 2 1 1 559 1355 1236
2696 2 2 1 1 290 1535 932
2697 2 2 1 1 514 1243 1240
2698 2 2 1 1 948 1365 656
2699 2 2 1 1 178 1679 894
2700 2 2 1 1 1109 1570 168
2701 2 2 1 1 303 1767 874
2702 2 2 1 1 855 1482 417
2703 2 2 1 1 59 1637 58
2704 2 2 1 1 864 1636 357
2705 2 2 1 1 209 1420 1020
2706 2 2 1 1 1294 1415 499
2707 2 2 1 1 1063 1658 188
2708 2 2 1 1 1052 1685 592
2709 2 2 1 1 1080 1501 616
2710 2 2 1 1 961 1492 287
2711 2 2 1 1 409 1494 1013
2712 2 2 1 1 1084 1478 264
2713 2 2 1 1 258 1606 1172
2714 2 2 1 1 1041 1204 517
2715 2 2 1 1 1248 1666 702
2716 2 2 1 1 1430 1619 463
2717 2 2 1 1 1055 1335 422
2718 2 2 1 1 1061 1504 298
2719 2 2 1 1 1099 1637 59
2720 2 2 1 1 980 1226 468
2721 2 2 1 1 479 1181 1065
2722 2 2 1 1 896 1759 231
2723 2 2 1 1 8 1438 7
2724 2 2 1 1 1250 1409 506
2725 2 2 1 1 233 1249 1001
2726 2 2 1 1 956 1580 185
2727 2 2 1 1 512 1668 1580
2728 2 2 1 1 1230 1518 461
2729 2 2 1 1 322 1556 956
2730 2 2 1 1 374 1719 995
2731 2 2 1 1 1526 1734 779
2732 2 2 1 1 1089 1601 681
2733 2 2 1 1 1240 1243 580
2734 2 2 1 1 1104 1655 261
2735 2 2 1 1 282 1432 1357
2736 2 2 1 1 406 1640 974
2737 2 2 1 1 1546 1678 477
2738 2 2 1 1 1251 1348 564
2739 2 2 1 1 1022 1733 327
2740 2 2 1 1 1115 1431 554
2741 2 2 1 1 1016 1219 391
2742 2 2 1 1 497 1388 1218
2743 2 2 1 1 902 1594 167
2744 2 2 1 1 1173 1707 190
2745 2 2 1 1 1129 1291 454
2746 2 2 1 1 929 1487 362
2747 2 2 1 1 598 1616 1097
2748 2 2 1 1 183 1622 835
2749 2 2 1 1 987 1721 484
2750 2 2 1 1 135 1429 1228
2751 2 2 1 1 520 1193 978
2752 2 2 1 1 319 1445 1124
2753 2 2 1 1 73 1555 72
2754 2 2 1 1 1018 1603 238
2755 2 2 1 1 536 1493 1107
2756 2 2 1 1 1348 1349 564
2757 2 2 1 1 749 1451 1163
2758 2 2 1 1 210 1394 1069
2759 2 2 1 1 882 1578 523
2760 2 2 1 1 460 1692 1483
2761 2 2 1 1 62 1426 61
2762 2 2 1 1 973 1263 407
2763 2 2 1 1 934 1766 473
2764 2 2 1 1 885 1576 414
2765 2 2 1 1 1108 1564 332
2766 2 2 1 1 441 1527 1040
2767 2 2 1 1 595 1522 839
2768 2 2 1 1 434 1308 1025
2769 2 2 1 1 1232 1258 625
2770 2 2 1 1 776 1562 1204
2771 2 2 1 1 1077 1419 781
2772 2 2 1 1 27 1374 26
2773 2 2 1 1 1002 1779 515
2774 2 2 1 1 1233 1716 590
2775 2 2 1 1 955 1669 492
2776 2 2 1 1 1017 1553 840
2777 2 2 1 1 201 1571 1119
2778 2 2 1 1 956 1599 322
2779 2 2 1 1 526 1641 1570
2780 2 2 1 1 594 1647 925
2781 2 2 1 1 1107 1493 116
2782 2 2 1 1 586 1323 1045
2783 2 2 1 1 1025 1308 301
2784 2 2 1 1 1074 1622 183
2785 2 2 1 1 1515 1712 775
2786 2 2 1 1 174 1586 893
2787 2 2 1 1 1247 1574 248
2788 2 2 1 1 935 1363 367
2789 2 2 1 1 144 1692 143
2790 2 2 1 1 1143 1436 494
2791 2 2 1 1 890 1496 277
2792 2 2 1 1 1132 1758 764
2793 2 2 1 1 1041 1510 98
2794 2 2 1 1 245 1350 1049
2795 2 2 1 1 533 1767 905
2796 2 2 1 1 688 1478 1084
2797 2 2 1 1 1139 1495 486
2798 2 2 1 1 538 1348 1251
2799 2 2 1 1 274 1588 1519
2800 2 2 1 1 1086 1184 521
2801 2 2 1 1 440 1266 859
2802 2 2 1 1 966 1666 401
2803 2 2 1 1 772 1688 1614
2804 2 2 1 1 239 1578 882
2805 2 2 1 1 532 1175 1128
2806 2 2 1 1 40 1377 39
2807 2 2 1 1 136 1429 135
2808 2 2 1 1 232 1781 859
2809 2 2 1 1 401 1666 1248
2810 2 2 1 1 1045 1323 296
2811 2 2 1 1 690 1402 1369
2812 2 2 1 1 218 1712 1515
2813 2 2 1 1 660 1741 1156
2814 2 2 1 1 172 1395 1376
2815 2 2 1 1 924 1458 140
2816 2 2 1 1 1327 1427 249
2817 2 2 1 1 1133 1552 498
2818 2 2 1 1 866 1697 460
2819 2 2 1 1 1076 1624 620
2820 2 2 1 1 1557 1627 315
2821 2 2 1 1 889 1732 163
2822 2 2 1 1 1431 1677 786
2823 2 2 1 1 1342 1720 199
2824 2 2 1 1 1171 1742 434
2825 2 2 1 1 431 1375 1067
2826 2 2 1 1 498 1691 986
2827 2 2 1 1 1046 1711 496
2828 2 2 1 1 1506 1660 579
2829 2 2 1 1 966 1365 228
2830 2 2 1 1 857 1697 310
2831 2 2 1 1 601 1670 1076
2832 2 2 1 1 401 1248 812
2833 2 2 1 1 42 1314 41
2834 2 2 1 1 1166 1390 256
2835 2 2 1 1 17 1408 16
2836 2 2 1 1 1157 1722 511
2837 2 2 1 1 918 1787 564
2838 2 2 1 1 1060 1498 508
2839 2 2 1 1 950 1778 530
2840 2 2 1 1 1191 1471 229
2841 2 2 1 1 23 1664 22
2842 2 2 1 1 1252 1286 187
2843 2 2 1 1 840 1491 978
2844 2 2 1 1 186 1171 1117
2845 2 2 1 1 1684 1708 596
2846 2 2 1 1 461 1518 1256
2847 2 2 1 1 661 1385 1226
2848 2 2 1 1 1066 1532 391
2849 2 2 1 1 133 1530 982
2850 2 2 1 1 686 1736 1582
2851 2 2 1 1 35 1576 885
2852 2 2 1 1 950 1642 467
2853 2 2 1 1 1097 1616 283
2854 2 2 1 1 1245 1300 516
2855 2 2 1 1 188 1343 1028
2856 2 2 1 1 976 1738 224
2857 2 2 1 1 663 1390 1166
2858 2 2 1 1 327 1776 1022
2859 2 2 1 1 958 1593 19
2860 2 2 1 1 1385 1467 468
2861 2 2 1 1 537 1439 1212
2862 2 2 1 1 977 1715 242
2863 2 2 1 1 606 1707 1047
2864 2 2 1 1 914 1749 1184
2865 2 2 1 1 1344 1492 500
2866 2 2 1 1 1356 1746 643
2867 2 2 1 1 1117 1171 551
2868 2 2 1 1 1111 1310 475
2869 2 2 1 1 1015 1778 223
2870 2 2 1 1 1143 1761 356
2871 2 2 1 1 438 1565 915
2872 2 2 1 1 1336 1754 227
2873 2 2 1 1 1580 1668 763
2874 2 2 1 1 1060 1695 247
2875 2 2 1 1 1344 1695 729
2876 2 2 1 1 588 1367 1257
2877 2 2 1 1 1306 1371 700
2878 2 2 1 1 33 1316 32
2879 2 2 1 1 1600 1616 598
2880 2 2 1 1 556 1239 1083
2881 2 2 1 1 620 1624 1349
2882 2 2 1 1 608 1480 1210
2883 2 2 1 1 1205 1437 241
2884 2 2 1 1 483 1406 1045
2885 2 2 1 1 728 1746 1356
2886 2 2 1 1 1228 1429 508
2887 2 2 1 1 1161 1270 174
2888 2 2 1 1 1226 1385 468
2889 2 2 1 1 1218 1516 497
2890 2 2 1 1 586 1520 974
2891 2 2 1 1 746 1542 1132
2892 2 2 1 1 1257 1367 421
2893 2 2 1 1 163 1763 889
2894 2 2 1 1 623 1555 1093
2895 2 2 1 1 1000 1632 397
2896 2 2 1 1 1228 1530 134
2897 2 2 1 1 964 1587 130
2898 2 2 1 1 585 1381 1294
2899 2 2 1 1 1142 1576 36
2900 2 2 1 1 98 1510 97
2901 2 2 1 1 168 1552 1133
2902 2 2 1 1 1317 1704 747
2903 2 2 1 1 440 1182 998
2904 2 2 1 1 1049 1350 450
2905 2 2 1 1 1240 1350 245
2906 2 2 1 1 515 1588 1002
2907 2 2 1 1 1355 1728 832
2908 2 2 1 1 998 1182 339
2909 2 2 1 1 670 1595 1368
2910 2 2 1 1 617 1564 1108
2911 2 2 1 1 1042 1646 372
2912 2 2 1 1 1031 1541 406
2913 2 2 1 1 428 1748 1170
2914 2 2 1 1 19 1593 18
2915 2 2 1 1 1006 1676 164
2916 2 2 1 1 231 1626 1053
2917 2 2 1 1 1367 1577 714
2918 2 2 1 1 490 1363 935
2919 2 2 1 1 1068 1453 429
2920 2 2 1 1 420 1765 1112
2921 2 2 1 1 1376 1395 626
2922 2 2 1 1 978 1491 520
2923 2 2 1 1 599 1638 1242
2924 2 2 1 1 940 1671 285
2925 2 2 1 1 1368 1595 568
2926 2 2 1 1 761 1708 1684
2927 2 2 1 1 234 1675 1145
2928 2 2 1 1 1582 1736 308
2929 2 2 1 1 493 1649 1484
2930 2 2 1 1 423 1360 1044
2931 2 2 1 1 1389 1706 453
2932 2 2 1 1 1083 1239 457
2933 2 2 1 1 1066 1590 532
2934 2 2 1 1 506 1604 1009
2935 2 2 1 1 370 1721 987
2936 2 2 1 1 865 1386 1187
2937 2 2 1 1 646 1339 1297
2938 2 2 1 1 1342 1381 585
2939 2 2 1 1 1102 1687 54
2940 2 2 1 1 592 1685 1634
2941 2 2 1 1 1264 1649 493
2942 2 2 1 1 1054 1617 83
2943 2 2 1 1 965 1543 367
2944 2 2 1 1 1267 1325 672
2945 2 2 1 1 1023 1317 569
2946 2 2 1 1 906 1591 482
2947 2 2 1 1 471 1471 1191
2948 2 2 1 1 501 1719 954
2949 2 2 1 1 812 1717 401
2950 2 2 1 1 580 1350 1240
2951 2 2 1 1 452 1325 1267
2952 2 2 1 1 676 1616 1600
2953 2 2 1 1 1265 1629 634
2954 2 2 1 1 348 1470 1407
2955 2 2 1 1 1292 1574 531
2956 2 2 1 1 972 1414 246
2957 2 2 1 1 1447 1660 171
2958 2 2 1 1 1372 1514 479
2959 2 2 1 1 561 1531 1481
2960 2 2 1 1 303 1668 905
2961 2 2 1 1 1267 1435 340
2962 2 2 1 1 959 1619 221
2963 2 2 1 1 944 1638 376
2964 2 2 1 1 83 1617 82
2965 2 2 1 1 1700 1711 816
2966 2 2 1 1 1540 1571 201
2967 2 2 1 1 170 1317 1023
2968 2 2 1 1 1022 1776 572
2969 2 2 1 1 253 1635 1200
2970 2 2 1 1 241 1418 1122
2971 2 2 1 1 1128 1175 194
2972 2 2 1 1 304 1415 1294
2973 2 2 1 1 1028 1343 574
2974 2 2 1 1 513 1445 1146
2975 2 2 1 1 1244 1634 294
2976 2 2 1 1 150 1769 149
2977 2 2 1 1 649 1756 1155
2978 2 2 1 1 460 1697 857
2979 2 2 1 1 1119 1571 716
2980 2 2 1 1 588 1577 1367
2981 2 2 1 1 1527 1768 324
2982 2 2 1 1 537 1310 1111
2983 2 2 1 1 74 1475 1093
2984 2 2 1 1 473 1671 940
2985 2 2 1 1 1144 1289 436
2986 2 2 1 1 639 1524 1270
2987 2 2 1 1 412 1681 1079
2988 2 2 1 1 1103 1379 584
2989 2 2 1 1 134 1530 133
2990 2 2 1 1 1037 1460 400
2991 2 2 1 1 672 1435 1267
2992 2 2 1 1 667 1764 1311
2993 2 2 1 1 238 1596 911
2994 2 2 1 1 76 1490 1337
2995 2 2 1 1 1048 1494 409
2996 2 2 1 1 723 1654 1378
2997 2 2 1 1 414 1576 1142
2998 2 2 1 1 1124 1445 513
2999 2 2 1 1 531 1574 1247
3000 2 2 1 1 263 1758 1132
3001 2 2 1 1 1074 1539 578
3002 2 2 1 1 1038 1523 229
3003 2 2 1 1 613 1584 1167
3004 2 2 1 1 367 1543 935
3005 2 2 1 1 727 1381 1342
3006 2 2 1 1 510 1781 1040
3007 2 2 1 1 1362 1446 104
3008 2 2 1 1 361 1652 993
3009 2 2 1 1 668 1495 1139
3010 2 2 1 1 587 1510 1041
3011 2 2 1 1 611 1473 1433
3012 2 2 1 1 624 1393 1237
3013 2 2 1 1 504 1553 1017
3014 2 2 1 1 129 1587 1155
3015 2 2 1 1 1060 1564 524
3016 2 2 1 1 822 1768 1527
3017 2 2 1 1 921 1755 436
3018 2 2 1 1 332 1696 1108
3019 2 2 1 1 617 1574 1292
3020 2 2 1 1 1046 1709 225
3021 2 2 1 1 418 1566 1214
3022 2 2 1 1 1155 1756 691
3023 2 2 1 1 1170 1748 635
3024 2 2 1 1 1378 1654 259
3025 2 2 1 1 322 1599 896
3026 2 2 1 1 496 1709 1046
3027 2 2 1 1 336 1629 1265
3028 2 2 1 1 1270 1524 529
3029 2 2 1 1 1485 1584 196
3030 2 2 1 1 1088 1647 394
3031 2 2 1 1 496 1711 1700
3032 2 2 1 1 1079 1393 412
3033 2 2 1 1 1114 1408 17
3034 2 2 1 1 377 1705 922
3035 2 2 1 1 223 1533 1015
3036 2 2 1 1 200 1787 918
3037 2 2 1 1 626 1455 1376
3038 2 2 1 1 1042 1626 231
3039 2 2 1 1 1116 1570 570
3040 2 2 1 1 1015 1533 462
3041 2 2 1 1 905 1767 303
3042 2 2 1 1 1001 1396 233
3043 2 2 1 1 550 1771 1059
3044 2 2 1 1 139 1458 1101
3045 2 2 1 1 446 1327 986
3046 2 2 1 1 1512 1575 355
3047 2 2 1 1 1311 1764 457
3048 2 2 1 1 1009 1604 175
3049 2 2 1 1 1122 1418 437
3050 2 2 1 1 1093 1555 73
3051 2 2 1 1 535 1558 1113
3052 2 2 1 1 1494 1771 550
3053 2 2 1 1 278 1529 1098
3054 2 2 1 1 1026 1732 527
3055 2 2 1 1 608 1427 1327
3056 2 2 1 1 1204 1562 517
3057 2 2 1 1 502 1554 1141
3058 2 2 1 1 1264 1584 613
3059 2 2 1 1 404 1371 1306
3060 2 2 1 1 552 1696 1347
3061 2 2 1 1 812 1770 543
3062 2 2 1 1 140 1458 139
3063 2 2 1 1 816 1711 1105
3064 2 2 1 1 1379 1542 419
3065 2 2 1 1 386 1251 1190
3066 2 2 1 1 379 1723 977
3067 2 2 1 1 504 1724 973
3068 2 2 1 1 261 1567 1104
3069 2 2 1 1 1407 1470 677
3070 2 2 1 1 1199 1434 529
3071 2 2 1 1 986 1534 446
3072 2 2 1 1 1330 1607 695
3073 2 2 1 1 436 1538 921
3074 2 2 1 1 1307 1561 655
3075 2 2 1 1 1327 1480 608
3076 2 2 1 1 1548 1581 714
3077 2 2 1 1 993 1652 565
3078 2 2 1 1 525 1646 1042
3079 2 2 1 1 213 1717 812
3080 2 2 1 1 475 1519 1092
3081 2 2 1 1 1309 1690 366
3082 2 2 1 1 1323 1428 296
3083 2 2 1 1 1127 1754 414
3084 2 2 1 1 1614 1688 567
3085 2 2 1 1 261 1655 1239
3086 2 2 1 1 1187 1386 445
3087 2 2 1 1 669 1530 1228
3088 2 2 1 1 1376 1455 459
3089 2 2 1 1 729 1492 1344
3090 2 2 1 1 529 1524 1199
3091 2 2 1 1 1315 1511 279
3092 2 2 1 1 293 1531 1118
3093 2 2 1 1 463 1619 959
3094 2 2 1 1 489 1567 1439
3095 2 2 1 1 1557 1701 805
3096 2 2 1 1 1343 1658 712
3097 2 2 1 1 1225 1394 699
3098 2 2 1 1 487 1734 1216
3099 2 2 1 1 1186 1521 671
3100 2 2 1 1 291 1503 1075
3101 2 2 1 1 1108 1696 552
3102 2 2 1 1 1299 1400 629
3103 2 2 1 1 491 1396 1001
3104 2 2 1 1 221 1619 970
3105 2 2 1 1 130 1587 129
3106 2 2 1 1 196 1584 1264
3107 2 2 1 1 489 1439 1185
3108 2 2 1 1 422 1351 1055
3109 2 2 1 1 1296 1588 274
3110 2 2 1 1 1200 1635 476
3111 2 2 1 1 1160 1460 607
3112 2 2 1 1 1184 1749 521
3113 2 2 1 1 170 1704 1317
3114 2 2 1 1 149 1706 148
3115 2 2 1 1 1155 1587 649
3116 2 2 1 1 1190 1251 564
3117 2 2 1 1 1225 1443 450
3118 2 2 1 1 1135 1549 451
3119 2 2 1 1 297 1602 1517
3120 2 2 1 1 563 1511 1315
3121 2 2 1 1 516 1526 1245
3122 2 2 1 1 757 1621 1450
3123 2 2 1 1 1529 1582 470
3124 2 2 1 1 497 1760 1166
3125 2 2 1 1 1214 1566 250
3126 2 2 1 1 524 1695 1060
3127 2 2 1 1 509 1536 1081
3128 2 2 1 1 998 1508 607
3129 2 2 1 1 603 1425 1422
3130 2 2 1 1 1098 1529 470
3131 2 2 1 1 1481 1531 702
3132 2 2 1 1 577 1428 1195
3133 2 2 1 1 188 1658 1343
3134 2 2 1 1 1383 1456 606
3135 2 2 1 1 1033 1762 281
3136 2 2 1 1 1003 1677 351
3137 2 2 1 1 494 1644 1143
3138 2 2 1 1 521 1749 1303
3139 2 2 1 1 1462 1735 563
3140 2 2 1 1 1444 1499 469
3141 2 2 1 1 435 1725 1364
3142 2 2 1 1 492 1581 1548
3143 2 2 1 1 1163 1451 464
3144 2 2 1 1 482 1456 1383
3145 2 2 1 1 543 1466 1411
3146 2 2 1 1 539 1677 1003
3147 2 2 1 1 269 1708 1320
3148 2 2 1 1 326 1561 1307
3149 2 2 1 1 1280 1620 804
3150 2 2 1 1 1517 1602 687
3151 2 2 1 1 1422 1425 600
3152 2 2 1 1 1101 1458 609
3153 2 2 1 1 263 1542 1379
3154 2 2 1 1 1343 1729 574
3155 2 2 1 1 593 1747 1592
3156 2 2 1 1 1353 1682 79
3157 2 2 1 1 1195 1595 192
3158 2 2 1 1 1407 1440 348
3159 2 2 1 1 400 1460 1160
3160 2 2 1 1 1187 1776 327
3161 2 2 1 1 1479 1480 446
3162 2 2 1 1 435 1506 1309
3163 2 2 1 1 1337 1490 511
3164 2 2 1 1 1287 1664 23
3165 2 2 1 1 1678 1777 477
3166 2 2 1 1 743 1777 1678
3167 2 2 1 1 1075 1503 442
3168 2 2 1 1 391 1590 1066
3169 2 2 1 1 654 1751 1738
3170 2 2 1 1 554 1431 1332
3171 2 2 1 1 444 1543 965
3172 2 2 1 1 541 1761 1143
3173 2 2 1 1 1138 1474 417
3174 2 2 1 1 417 1482 1138
3175 2 2 1 1 191 1607 1330
3176 2 2 1 1 1092 1698 260
3177 2 2 1 1 1221 1636 864
3178 2 2 1 1 231 1759 1042
3179 2 2 1 1 1290 1726 528
3180 2 2 1 1 713 1661 1637
3181 2 2 1 1 446 1480 1327
3182 2 2 1 1 1563 1609 756
3183 2 2 1 1 686 1582 1529
3184 2 2 1 1 183 1714 1074
3185 2 2 1 1 568 1595 1195
3186 2 2 1 1 1483 1692 144
3187 2 2 1 1 539 1400 1299
3188 2 2 1 1 1548 1577 243
3189 2 2 1 1 1713 1720 585
3190 2 2 1 1 1395 1652 626
3191 2 2 1 1 1353 1710 469
3192 2 2 1 1 1369 1402 447
3193 2 2 1 1 1113 1558 289
3194 2 2 1 1 988 1784 798
3195 2 2 1 1 1309 1506 579
3196 2 2 1 1 1241 1484 745
3197 2 2 1 1 315 1701 1557
3198 2 2 1 1 1207 1596 664
3199 2 2 1 1 676 1600 1461
3200 2 2 1 1 519 1751 1432
3201 2 2 1 1 1262 1378 488
3202 2 2 1 1 1614 1680 772
3203 2 2 1 1 1161 1785 390
3204 2 2 1 1 1321 1481 194
3205 2 2 1 1 674 1603 1276
3206 2 2 1 1 617 1772 1564
3207 2 2 1 1 250 1566 1422
3208 2 2 1 1 1294 1381 304
3209 2 2 1 1 1379 1399 584
3210 2 2 1 1 762 1752 1398
3211 2 2 1 1 1497 1674 316
3212 2 2 1 1 615 1686 1476
3213 2 2 1 1 229 1523 942
3214 2 2 1 1 702 1666 1128
3215 2 2 1 1 440 1679 1182
3216 2 2 1 1 662 1655 1104
3217 2 2 1 1 544 1617 1054
3218 2 2 1 1 579 1690 1309
3219 2 2 1 1 714 1577 1548
3220 2 2 1 1 493 1484 1241
3221 2 2 1 1 744 1585 1238
3222 2 2 1 1 559 1728 1355
3223 2 2 1 1 329 1737 1410
3224 2 2 1 1 1126 1644 494
3225 2 2 1 1 1594 1782 167
3226 2 2 1 1 419 1532 1399
3227 2 2 1 1 1552 1641 696
3228 2 2 1 1 268 1499 1444
3229 2 2 1 1 168 1641 1552
3230 2 2 1 1 1637 1661 58
3231 2 2 1 1 507 1707 1173
3232 2 2 1 1 1292 1772 617
3233 2 2 1 1 893 1586 1436
3234 2 2 1 1 1212 1439 261
3235 2 2 1 1 192 1618 1174
3236 2 2 1 1 714 1762 1367
3237 2 2 1 1 1371 1500 700
3238 2 2 1 1 1449 1681 718
3239 2 2 1 1 652 1783 1073
3240 2 2 1 1 751 1726 1290
3241 2 2 1 1 442 1503 1352
3242 2 2 1 1 647 1440 1407
3243 2 2 1 1 466 1601 1089
3244 2 2 1 1 1243 1683 580
3245 2 2 1 1 1432 1751 654
3246 2 2 1 1 977 1723 1715
3247 2 2 1 1 1411 1466 589
3248 2 2 1 1 1589 1660 704
3249 2 2 1 1 1073 1783 365
3250 2 2 1 1 575 1609 1563
3251 2 2 1 1 195 1680 1614
3252 2 2 1 1 1304 1765 420
3253 2 2 1 1 1573 1630 817
3254 2 2 1 1 443 1502 1164
3255 2 2 1 1 1352 1503 684
3256 2 2 1 1 542 1664 1287
3257 2 2 1 1 1476 1693 272
3258 2 2 1 1 1561 1650 655
3259 2 2 1 1 1592 1747 683
3260 2 2 1 1 566 1446 1362
3261 2 2 1 1 1634 1685 294
3262 2 2 1 1 673 1500 1371
3263 2 2 1 1 1162 1689 503
3264 2 2 1 1 1234 1532 419
3265 2 2 1 1 1309 1725 435
3266 2 2 1 1 704 1660 1447
3267 2 2 1 1 1084 1688 772
3268 2 2 1 1 1109 1736 686
3269 2 2 1 1 1581 1762 714
3270 2 2 1 1 1471 1753 839
3271 2 2 1 1 419 1399 1379
3272 2 2 1 1 608 1538 1427
3273 2 2 1 1 324 1768 1416
3274 2 2 1 1 439 1757 1392
3275 2 2 1 1 264 1688 1084
3276 2 2 1 1 1368 1477 280
3277 2 2 1 1 1117 1558 535
3278 2 2 1 1 590 1650 1561
3279 2 2 1 1 815 1709 1568
3280 2 2 1 1 1427 1538 436
3281 2 2 1 1 1436 1586 494
3282 2 2 1 1 516 1686 1526
3283 2 2 1 1 538 1763 1293
3284 2 2 1 1 574 1729 1627
3285 2 2 1 1 149 1769 1706
3286 2 2 1 1 515 1698 1092
3287 2 2 1 1 613 1649 1264
3288 2 2 1 1 986 1691 1534
3289 2 2 1 1 1422 1566 603
3290 2 2 1 1 1410 1737 641
3291 2 2 1 1 1416 1768 622
3292 2 2 1 1 476 1546 1200
3293 2 2 1 1 723 1378 1262
3294 2 2 1 1 281 1762 1581
3295 2 2 1 1 1439 1567 261
3296 2 2 1 1 1280 1506 435
3297 2 2 1 1 712 1729 1343
3298 2 2 1 1 511 1722 1337
3299 2 2 1 1 1205 1713 585
3300 2 2 1 1 1017 1724 504
3301 2 2 1 1 1303 1749 358
3302 2 2 1 1 335 1683 1243
3303 2 2 1 1 267 1678 1546
3304 2 2 1 1 1308 1742 601
3305 2 2 1 1 555 1705 1420
3306 2 2 1 1 111 1724 1017
3307 2 2 1 1 244 1644 1126
3308 2 2 1 1 1122 1713 241
3309 2 2 1 1 619 1518 1230
3310 2 2 1 1 1433 1473 198
3311 2 2 1 1 1093 1475 458
3312 2 2 1 1 573 1630 1573
3313 2 2 1 1 689 1575 1512
3314 2 2 1 1 1229 1758 263
3315 2 2 1 1 516 1693 1476
3316 2 2 1 1 436 1755 1144
3317 2 2 1 1 276 1716 1306
3318 2 2 1 1 1357 1648 282
3319 2 2 1 1 731 1765 1304
3320 2 2 1 1 1680 1744 772
3321 2 2 1 1 443 1628 1329
3322 2 2 1 1 1392 1757 602
3323 2 2 1 1 579 1660 1589
3324 2 2 1 1 241 1713 1205
3325 2 2 1 1 1534 1691 288
3326 2 2 1 1 813 1757 1340
3327 2 2 1 1 316 1674 1643
3328 2 2 1 1 1398 1752 416
3329 2 2 1 1 568 1477 1368
3330 2 2 1 1 1175 1779 194
3331 2 2 1 1 1461 1600 165
3332 2 2 1 1 1476 1686 516
3333 2 2 1 1 548 1636 1221
3334 2 2 1 1 636 1618 1612
3335 2 2 1 1 1715 1723 534
3336 2 2 1 1 1323 1477 568
3337 2 2 1 1 722 1736 1109
3338 2 2 1 1 1595 1613 192
3339 2 2 1 1 1484 1649 297
3340 2 2 1 1 1317 1733 569
3341 2 2 1 1 670 1613 1595
3342 2 2 1 1 1042 1759 525
3343 2 2 1 1 505 1571 1540
3344 2 2 1 1 585 1720 1342
3345 2 2 1 1 1612 1618 192
3346 2 2 1 1 1646 1730 662
3347 2 2 1 1 278 1579 1529
3348 2 2 1 1 525 1759 1599
3349 2 2 1 1 1599 1759 896
3350 2 2 1 1 590 1716 1650
3351 2 2 1 1 293 1770 1248
3352 2 2 1 1 1564 1772 524
3353 2 2 1 1 734 1648 1357
3354 2 2 1 1 561 1481 1321
3355 2 2 1 1 571 1739 1441
3356 2 2 1 1 170 1786 1704
3357 2 2 1 1 396 1670 1096
3358 2 2 1 1 564 1787 1190
3359 2 2 1 1 543 1770 1220
3360 2 2 1 1 586 1477 1323
3361 2 2 1 1 1500 1773 180
3362 2 2 1 1 658 1674 1497
3363 2 2 1 1 1401 1745 557
3364 2 2 1 1 1421 1684 596
3365 2 2 1 1 252 1735 1462
3366 2 2 1 1 1256 1518 289
3367 2 2 1 1 525 1730 1646
3368 2 2 1 1 186 1742 1171
3369 2 2 1 1 1096 1670 703
3370 2 2 1 1 1526 1686 330
3371 2 2 1 1 1706 1769 836
3372 2 2 1 1 1650 1716 276
3373 2 2 1 1 1239 1655 457
3374 2 2 1 1 1704 1786 736
3375 2 2 1 1 1340 1757 439
3376 2 2 1 1 1248 1770 812
3377 2 2 1 1 1197 1667 604
3378 2 2 1 1 673 1773 1500
3379 2 2 1 1 591 1613 1528
3380 2 2 1 1 1387 1714 183
3381 2 2 1 1 1397 1772 184
3382 2 2 1 1 184 1772 1292
3383 2 2 1 1 851 1754 1336
3384 2 2 1 1 1529 1579 686
3385 2 2 1 1 565 1652 1395
3386 2 2 1 1 15 1684 1421
3387 2 2 1 1 524 1772 1397
3388 2 2 1 1 610 1744 1680
3389 2 2 1 1 1612 1613 591
3390 2 2 1 1 1528 1613 670
3391 2 2 1 1 430 1667 1197
3392 2 2 1 1 1653 1731 553
3393 2 2 1 1 469 1682 1353
3394 2 2 1 1 1670 1775 703
3395 2 2 1 1 1568 1709 496
3396 2 2 1 1 148 1706 1389
3397 2 2 1 1 1570 1641 168
3398 2 2 1 1 690 1665 1274
3399 2 2 1 1 557 1745 1442
3400 2 2 1 1 1643 1674 651
3401 2 2 1 1 1627 1729 315
3402 2 2 1 1 1220 1770 293
3403 2 2 1 1 711 1731 1653
3404 2 2 1 1 601 1775 1670
3405 2 2 1 1 622 1768 1468
3406 2 2 1 1 192 1613 1612
3407 2 2 1 1 1457 1786 170
3408 2 2 1 1 1468 1768 822
3409 2 2 1 1 1737 1786 641
3410 2 2 1 1 641 1786 1457
3411 2 2 1 1 736 1786 1737
3412 2 2 1 1 186 1775 1742
3413 2 2 1 1 1742 1775 601
$EndElements
