$MeshFormat
2.2 0 8
$EndMeshFormat
$Nodes
1541
1 0 0 0
2 0.02 0 0
3 0.02 0.04 0
4 0 0.04 0
5 0.0007999999999999995 0 0
6 0.001599999999999999 0 0
7 0.002399999999999999 0 0
8 0.003199999999999999 0 0
9 0.003999999999999998 0 0
10 0.004799999999999999 0 0
11 0.005599999999999998 0 0
12 0.006399999999999998 0 0
13 0.0072 0 0
14 0.007999999999999998 0 0
15 0.008799999999999999 0 0
16 0.009600000000000001 0 0
17 0.0104 0 0
18 0.0112 0 0
19 0.012 0 0
20 0.0128 0 0
21 0.0136 0 0
22 0.0144 0 0
23 0.0152 0 0
24 0.016 0 0
25 0.0168 0 0
26 0.0176 0 0
27 0.0184 0 0
28 0.0192 0 0
29 0.02 0.0007999999999999995 0
30 0.02 0.001599999999999999 0
31 0.02 0.002399999999999998 0
32 0.02 0.003199999999999998 0
33 0.02 0.003999999999999997 0
34 0.02 0.004799999999999998 0
35 0.02 0.005599999999999997 0
36 0.02 0.006399999999999998 0
37 0.02 0.007199999999999996 0
38 0.02 0.007999999999999997 0
39 0.02 0.008799999999999997 0
40 0.02 0.009599999999999997 0
41 0.02 0.0104 0
42 0.02 0.0112 0
43 0.02 0.012 0
44 0.02 0.0128 0
45 0.02 0.0136 0
46 0.02 0.0144 0
47 0.02 0.0152 0
48 0.02 0.016 0
49 0.02 0.0168 0
50 0.02 0.0176 0
51 0.02 0.0184 0
52 0.02 0.0192 0
53 0.02 0.02 0
54 0.02 0.0208 0
55 0.02 0.0216 0
56 0.02 0.0224 0
57 0.02 0.0232 0
58 0.02 0.024 0
59 0.02 0.0248 0
60 0.02 0.0256 0
61 0.02 0.0264 0
62 0.02 0.0272 0
63 0.02 0.028 0
64 0.02 0.0288 0
65 0.02 0.0296 0
66 0.02 0.0304 0
67 0.02 0.0312 0
68 0.02 0.032 0
69 0.02 0.0328 0
70 0.02 0.0336 0
71 0.02 0.0344 0
72 0.02 0.0352 0
73 0.02 0.036 0
74 0.02 0.03680000000000001 0
75 0.02 0.03760000000000001 0
76 0.02 0.0384 0
77 0.02 0.0392 0
78 0.0192 0.04 0
79 0.0184 0.04 0
80 0.0176 0.04 0
81 0.0168 0.04 0
82 0.016 0.04 0
83 0.0152 0.04 0
84 0.0144 0.04 0
85 0.0136 0.04 0
86 0.0128 0.04 0
87 0.012 0.04 0
88 0.0112 0.04 0
89 0.0104 0.04 0
90 0.009600000000000001 0.04 0
91 0.008800000000000001 0.04 0
92 0.008000000000000002 0.04 0
93 0.007200000000000002 0.04 0
94 0.006400000000000001 0.04 0
95 0.005599999999999999 0.04 0
96 0.0048 0.04 0
97 0.004 0.04 0
98 0.003199999999999998 0.04 0
99 0.002399999999999999 0.04 0
100 0.001599999999999997 0.04 0
101 0.0007999999999999986 0.04 0
102 0 0.0392 0
103 0 0.0384 0
104 0 0.0376 0
105 0 0.03680000000000001 0
106 0 0.036 0
107 0 0.0352 0
108 0 0.0344 0
109 0 0.0336 0
110 0 0.0328 0
111 0 0.032 0
112 0 0.03120000000000001 0
113 0 0.0304 0
114 0 0.0296 0
115 0 0.02880000000000001 0
116 0 0.028 0
117 0 0.02720000000000001 0
118 0 0.02640000000000001 0
119 0 0.0256 0
120 0 0.0248 0
121 0 0.024 0
122 0 0.0232 0
123 0 0.0224 0
124 0 0.0216 0
125 0 0.0208 0
126 0 0.02 0
127 0 0.0192 0
128 0 0.0184 0
129 0 0.0176 0
130 0 0.0168 0
131 0 0.016 0
132 0 0.0152 0
133 0 0.0144 0
134 0 0.0136 0
135 0 0.0128 0
136 0 0.012 0
137 0 0.0112 0
138 0 0.0104 0
139 0 0.009600000000000001 0
140 0 0.008800000000000002 0
141 0 0.008 0
142 0 0.007199999999999998 0
143 0 0.006399999999999996 0
144 0 0.005600000000000001 0
145 0 0.004799999999999999 0
146 0 0.003999999999999997 0
147 0 0.003199999999999995 0
148 0 0.002399999999999992 0
149 0 0.001599999999999997 0
150 0 0.0008000000000000021 0
151 0.01932513394237254 0.0204 0
152 0.0006928203230275459 0.009999999999999998 0
153 0.01930717967697245 0.03 0
154 0.01932513394237253 0.0148 0
155 0.01930717967697245 0.0244 0
156 0.0006928203230274002 0.02759999999999992 0
157 0.0006928203230273759 0.0172 0
158 0.0006928203230275112 0.02279999999999998 0
159 0.01932513394237252 0.0108 0
160 0.009999999999999993 0.0393239143930333 0
161 0.01 0.0006928203230275494 0
162 0.0006928203230275494 0.0316 0
163 0.0006928203230275112 0.0132 0
164 0.01934491471169437 0.007565738702521748 0
165 0.0006928203230274523 0.006799999999999964 0
166 0.01930717967697245 0.0332 0
167 0.006864299417992878 0.03923717667068493 0
168 0.01324186900132436 0.0006354805890106084 0
169 0.006864299417992631 0.0007628233293150467 0
170 0.01324186900132456 0.03936451941098922 0
171 0.0006928203230275667 0.03480000000000001 0
172 0.01924884807439615 0.004485481884473114 0
173 0.01932513394237255 0.0276 0
174 0.0006928203230274037 0.01960000000000001 0
175 0.0006928203230272718 0.02519999999999993 0
176 0.01930717967697245 0.0172 0
177 0.004288717650471719 0.0007528879882500242 0
178 0.01930717967697245 0.0356 0
179 0.004292747480881494 0.03924753874218648 0
180 0.01568139081825528 0.0006927268618531837 0
181 0.01558653990600965 0.03940416242919948 0
182 0.0006928203230275251 0.004399999999999994 0
183 0.000692820323027598 0.03719999999999998 0
184 0.0006928203230274453 0.01159999999999994 0
185 0.01930717967697245 0.03720000000000001 0
186 0.01932513394237254 0.026 0
187 0.0006928203230274037 0.02999999999999993 0
188 0.01720736159921326 0.000710834416574456 0
189 0.0006928203230275563 0.03320000000000001 0
190 0.008353036742243532 0.000764008101099712 0
191 0.01934491471169435 0.01323426129747821 0
192 0.01932513394237254 0.022 0
193 0.01934491471169434 0.009234261297478213 0
194 0.01924884807439636 0.03168548188447307 0
195 0.0006928203230274453 0.00839999999999997 0
196 0.01155582632089792 0.0007183588403804619 0
197 0.0006928203230274696 0.02119999999999998 0
198 0.002791208558809077 0.0007109219143257572 0
199 0.002792638400786801 0.03928916558342552 0
200 0.0006928203230273013 0.0148 0
201 0.008351674245840976 0.03923732281995317 0
202 0.01930717967697245 0.006000000000000002 0
203 0.01932513394237254 0.0188 0
204 0.01155582632089814 0.03928164115961946 0
205 0.0006928203230274592 0.002799999999999969 0
206 0.01930717967697245 0.0028 0
207 0.01713756816751267 0.03928010370147356 0
208 0.000674957043532199 0.03876905989232414 0
209 0.01927525418806485 0.03871618977124508 0
210 0.0006749570435320377 0.001230940107675962 0
211 0.01932504295646786 0.001230940107675833 0
212 0.0006928203230275563 0.03240000000000001 0
213 0.001385640646055101 0.032 0
214 0.001385640646054943 0.03119999999999992 0
215 0.002078460969082534 0.0315999999999999 0
216 0.002078460969082645 0.03239999999999997 0
217 0.002771281292110199 0.03199999999999997 0
218 0.002771281292109974 0.03119999999999986 0
219 0.003464101615137721 0.03159999999999995 0
220 0.003464101615137577 0.03079999999999991 0
221 0.00415692193816525 0.03119999999999993 0
222 0.004156921938165248 0.03039999999999995 0
223 0.004849742261192811 0.03079999999999992 0
224 0.004849742261192672 0.02999999999999995 0
225 0.005542562584220335 0.03039999999999991 0
226 0.005542562584220213 0.0295999999999999 0
227 0.006235382907247872 0.02999999999999989 0
228 0.006235382907247854 0.0291999999999999 0
229 0.006928203230275428 0.02959999999999988 0
230 0.006928203230275413 0.02879999999999988 0
231 0.007621023553302972 0.02919999999999987 0
232 0.007621023553302958 0.02839999999999987 0
233 0.008313843876330515 0.02879999999999986 0
234 0.008313843876330497 0.02799999999999986 0
235 0.00831384387633053 0.02959999999999986 0
236 0.009006664199358069 0.02919999999999984 0
237 0.00900666419935809 0.02999999999999984 0
238 0.009699484522385629 0.02959999999999982 0
239 0.009699484522385648 0.03039999999999982 0
240 0.007621023553302944 0.02759999999999988 0
241 0.008313843876330485 0.02719999999999987 0
242 0.00762102355330293 0.02679999999999988 0
243 0.008313843876330471 0.02639999999999987 0
244 0.007621023553302916 0.02599999999999988 0
245 0.008313843876330457 0.02559999999999987 0
246 0.009006664199358014 0.02599999999999986 0
247 0.009006664199357998 0.02519999999999986 0
248 0.008313843876330442 0.02479999999999987 0
249 0.009006664199357983 0.02439999999999986 0
250 0.008313843876330426 0.02399999999999988 0
251 0.009006664199357965 0.02359999999999986 0
252 0.008313843876330409 0.02319999999999988 0
253 0.00900666419935795 0.02279999999999987 0
254 0.008313843876330392 0.02239999999999988 0
255 0.009006664199357932 0.02199999999999987 0
256 0.008313843876330397 0.02159999999999988 0
257 0.009006664199357917 0.02119999999999987 0
258 0.008313843876330385 0.02079999999999989 0
259 0.009006664199357899 0.02039999999999987 0
260 0.008313843876330345 0.01999999999999989 0
261 0.009006664199357878 0.01959999999999987 0
262 0.008313843876330324 0.01919999999999989 0
263 0.009006664199357861 0.01879999999999988 0
264 0.008313843876330305 0.01839999999999989 0
265 0.009006664199357844 0.01799999999999988 0
266 0.008313843876330287 0.0175999999999999 0
267 0.009006664199357825 0.01719999999999988 0
268 0.008313843876330272 0.0167999999999999 0
269 0.009006664199357809 0.01639999999999988 0
270 0.008313843876330251 0.0159999999999999 0
271 0.009006664199357792 0.01559999999999988 0
272 0.008313843876330234 0.0151999999999999 0
273 0.009006664199357776 0.01479999999999989 0
274 0.008313843876330218 0.0143999999999999 0
275 0.00900666419935776 0.01399999999999989 0
276 0.008313843876330169 0.0135999999999999 0
277 0.00900666419935774 0.01319999999999989 0
278 0.008313843876330147 0.01279999999999991 0
279 0.009006664199357722 0.01239999999999989 0
280 0.008313843876330163 0.01199999999999991 0
281 0.00900666419935771 0.01159999999999989 0
282 0.008313843876330152 0.01119999999999991 0
283 0.009006664199357693 0.01079999999999989 0
284 0.008313843876330128 0.01039999999999991 0
285 0.009006664199357672 0.009999999999999898 0
286 0.009699484522385272 0.01199999999999988 0
287 0.00969948452238535 0.01599999999999987 0
288 0.009699484522385504 0.02319999999999985 0
289 0.009699484522385433 0.01999999999999984 0
290 0.008313843876330109 0.009599999999999912 0
291 0.009006664199357658 0.009199999999999897 0
292 0.01039230484541319 0.02999999999999981 0
293 0.0103923048454132 0.03079999999999981 0
294 0.005542562584220369 0.03119999999999991 0
295 0.008313843876330104 0.008799999999999912 0
296 0.009006664199357644 0.008399999999999899 0
297 0.009699484522385199 0.00879999999999989 0
298 0.01108512516844074 0.0303999999999998 0
299 0.01108512516844076 0.03119999999999979 0
300 0.01039230484541322 0.0315999999999998 0
301 0.009699484522385554 0.02559999999999985 0
302 0.01108512516844078 0.03199999999999979 0
303 0.008313843876330072 0.007999999999999901 0
304 0.009699484522385185 0.007999999999999891 0
305 0.01039230484541274 0.00839999999999988 0
306 0.0117779454914683 0.03079999999999977 0
307 0.003464101615137756 0.03239999999999995 0
308 0.01039230484541273 0.007599999999999883 0
309 0.01108512516844029 0.00799999999999987 0
310 0.01039230484541324 0.0323999999999998 0
311 0.01177794549146828 0.02999999999999978 0
312 0.007621023553302801 0.02359999999999985 0
313 0.0076210235533028 0.0203999999999999 0
314 0.007621023553302752 0.01799999999999992 0
315 0.007621023553302686 0.01559999999999992 0
316 0.007621023553302525 0.0123999999999999 0
317 0.007621023553302543 0.009199999999999917 0
318 0.01108512516844079 0.03279999999999979 0
319 0.01108512516844028 0.007199999999999871 0
320 0.01177794549146783 0.007599999999999859 0
321 0.01247076581449584 0.03039999999999976 0
322 0.01247076581449582 0.02959999999999976 0
323 0.01177794549146784 0.008399999999999859 0
324 0.01247076581449539 0.007999999999999848 0
325 0.0124707658144954 0.008799999999999848 0
326 0.01247076581449537 0.007199999999999852 0
327 0.01039230484541325 0.0331999999999998 0
328 0.01039230484541272 0.006799999999999883 0
329 0.005542562584220095 0.02879999999999987 0
330 0.01316358613752294 0.008399999999999838 0
331 0.01316358613752295 0.009199999999999839 0
332 0.01108512516844081 0.03359999999999978 0
333 0.01177794549146835 0.03319999999999977 0
334 0.01316358613752338 0.02999999999999974 0
335 0.01316358613752336 0.02919999999999975 0
336 0.01039230484541327 0.03399999999999979 0
337 0.01177794549146837 0.03399999999999977 0
338 0.01247076581449591 0.03359999999999975 0
339 0.0138564064605505 0.008799999999999827 0
340 0.01385640646055051 0.009599999999999824 0
341 0.01385640646055091 0.02959999999999972 0
342 0.01385640646055089 0.02879999999999973 0
343 0.009699484522385714 0.03359999999999981 0
344 0.01247076581449594 0.03439999999999974 0
345 0.01316358613752347 0.03399999999999972 0
346 0.009699484522385726 0.03439999999999981 0
347 0.009006664199358173 0.03399999999999982 0
348 0.0131635861375235 0.03479999999999972 0
349 0.01385640646055103 0.0343999999999997 0
350 0.01454922678357845 0.02919999999999971 0
351 0.01454922678357843 0.02839999999999971 0
352 0.01454922678357847 0.0299999999999997 0
353 0.01385640646055087 0.02799999999999973 0
354 0.01454922678357841 0.02759999999999972 0
355 0.01385640646055085 0.02719999999999973 0
356 0.01454922678357839 0.02679999999999972 0
357 0.01385640646055084 0.02639999999999974 0
358 0.01454922678357837 0.02599999999999972 0
359 0.01385640646055082 0.02559999999999973 0
360 0.01454922678357837 0.02519999999999972 0
361 0.01385640646055081 0.02479999999999974 0
362 0.01454922678357836 0.02439999999999973 0
363 0.01385640646055079 0.02399999999999974 0
364 0.01454922678357833 0.02359999999999973 0
365 0.01385640646055078 0.02319999999999974 0
366 0.01454922678357832 0.02279999999999973 0
367 0.01385640646055076 0.02239999999999974 0
368 0.01454922678357831 0.02199999999999973 0
369 0.01385640646055075 0.02159999999999974 0
370 0.0145492267835783 0.02119999999999974 0
371 0.01385640646055073 0.02079999999999975 0
372 0.01454922678357828 0.02039999999999974 0
373 0.01385640646055072 0.01999999999999975 0
374 0.01454922678357826 0.01959999999999974 0
375 0.01385640646055071 0.01919999999999975 0
376 0.01454922678357825 0.01879999999999974 0
377 0.0138564064605507 0.01839999999999976 0
378 0.01454922678357824 0.01799999999999975 0
379 0.01385640646055069 0.01759999999999976 0
380 0.01454922678357823 0.01719999999999975 0
381 0.01385640646055067 0.01679999999999976 0
382 0.01454922678357821 0.01639999999999975 0
383 0.01385640646055066 0.01599999999999976 0
384 0.0145492267835782 0.01559999999999975 0
385 0.01385640646055065 0.01519999999999977 0
386 0.01454922678357819 0.01479999999999975 0
387 0.01385640646055064 0.01439999999999977 0
388 0.01454922678357818 0.01399999999999976 0
389 0.009006664199358191 0.03479999999999982 0
390 0.008313843876330636 0.03439999999999984 0
391 0.01454922678357806 0.009199999999999819 0
392 0.01454922678357804 0.008399999999999821 0
393 0.01385640646055105 0.0351999999999997 0
394 0.01454922678357859 0.03479999999999969 0
395 0.009699484522385745 0.03519999999999981 0
396 0.008313843876330652 0.03519999999999984 0
397 0.007621023553303101 0.03479999999999985 0
398 0.01316358613752298 0.009999999999999825 0
399 0.01454922678357857 0.03399999999999968 0
400 0.01454922678357808 0.009999999999999806 0
401 0.01524204710660576 0.01599999999999974 0
402 0.01524204710660589 0.02319999999999972 0
403 0.01524204710660599 0.0287999999999997 0
404 0.01524204710660613 0.03439999999999967 0
405 0.01524204710660611 0.03359999999999966 0
406 0.01524204710660615 0.03519999999999967 0
407 0.01316358613752314 0.01799999999999977 0
408 0.01247076581449597 0.03519999999999975 0
409 0.006928203230275374 0.0263999999999999 0
410 0.0152420471066056 0.008799999999999811 0
411 0.01524204710660559 0.007999999999999815 0
412 0.0152420471066058 0.01839999999999974 0
413 0.01524204710660594 0.02559999999999971 0
414 0.01524204710660585 0.02079999999999973 0
415 0.007621023553303109 0.03559999999999985 0
416 0.006928203230275557 0.03519999999999986 0
417 0.01316358613752309 0.01479999999999978 0
418 0.01316358613752308 0.01399999999999978 0
419 0.01316358613752321 0.02199999999999976 0
420 0.008313843876330614 0.03359999999999984 0
421 0.0131635861375233 0.02679999999999975 0
422 0.01316358613752326 0.02439999999999976 0
423 0.003464101615137355 0.02999999999999994 0
424 0.006928203230275569 0.03599999999999988 0
425 0.006235382907248012 0.03559999999999989 0
426 0.006235382907248 0.03479999999999988 0
427 0.005542562584220454 0.0351999999999999 0
428 0.005542562584220471 0.03599999999999989 0
429 0.00484974226119291 0.03559999999999991 0
430 0.01593486742963314 0.008399999999999807 0
431 0.01593486742963314 0.007599999999999808 0
432 0.01524204710660559 0.007199999999999814 0
433 0.01593486742963313 0.00679999999999981 0
434 0.01524204710660558 0.006399999999999814 0
435 0.01593486742963313 0.005999999999999811 0
436 0.01524204710660557 0.005599999999999813 0
437 0.01593486742963312 0.005199999999999809 0
438 0.01524204710660555 0.004799999999999817 0
439 0.0159348674296331 0.00439999999999981 0
440 0.01524204710660554 0.00399999999999982 0
441 0.014549226783578 0.004399999999999831 0
442 0.0159348674296337 0.03479999999999965 0
443 0.01593486742963372 0.03559999999999965 0
444 0.01108512516844026 0.006399999999999873 0
445 0.01039230484541271 0.005999999999999886 0
446 0.01108512516844025 0.005599999999999872 0
447 0.0103923048454127 0.005199999999999884 0
448 0.01108512516844024 0.004799999999999879 0
449 0.009699484522385152 0.00559999999999989 0
450 0.009699484522385145 0.004799999999999891 0
451 0.009006664199357597 0.005199999999999892 0
452 0.009006664199357599 0.004399999999999904 0
453 0.008313843876330046 0.004799999999999896 0
454 0.008313843876330048 0.00399999999999992 0
455 0.007621023553302499 0.004399999999999904 0
456 0.007621023553302493 0.005199999999999896 0
457 0.006928203230274944 0.004799999999999889 0
458 0.006928203230274939 0.00559999999999989 0
459 0.006235382907247391 0.005199999999999884 0
460 0.006235382907247383 0.005999999999999884 0
461 0.005542562584219838 0.005599999999999876 0
462 0.00554256258421983 0.006399999999999878 0
463 0.005542562584219849 0.004799999999999879 0
464 0.004849742261192284 0.00599999999999987 0
465 0.004849742261192274 0.006799999999999874 0
466 0.008313843876330674 0.03599999999999984 0
467 0.009699484522385299 0.01359999999999987 0
468 0.01316358613752312 0.01639999999999977 0
469 0.009699484522385402 0.01839999999999985 0
470 0.01316358613752317 0.01959999999999976 0
471 0.01524204710660573 0.01439999999999974 0
472 0.01524204710660572 0.01359999999999975 0
473 0.01593486742963328 0.01399999999999973 0
474 0.01593486742963326 0.01319999999999974 0
475 0.008313843876330549 0.03039999999999985 0
476 0.007621023553302552 0.01079999999999991 0
477 0.01454922678357854 0.03319999999999969 0
478 0.00969948452238557 0.02639999999999984 0
479 0.007621023553302788 0.0219999999999998 0
480 0.01177794549146786 0.009199999999999851 0
481 0.01177794549146827 0.02919999999999978 0
482 0.006928203230274924 0.003999999999999927 0
483 0.01524204710660595 0.0271999999999997 0
484 0.009699484522385464 0.02159999999999985 0
485 0.007621023553302541 0.0139999999999999 0
486 0.01593486742963315 0.009199999999999804 0
487 0.01524204710660609 0.03279999999999967 0
488 0.009699484522385143 0.003999999999999889 0
489 0.01454922678357817 0.01319999999999976 0
490 0.01524204710660618 0.03599999999999967 0
491 0.004156921938164729 0.006399999999999862 0
492 0.004156921938164724 0.007199999999999863 0
493 0.004849742261192268 0.007599999999999871 0
494 0.004156921938164715 0.007999999999999861 0
495 0.004849742261192265 0.008399999999999868 0
496 0.004156921938164713 0.008799999999999862 0
497 0.004849742261192262 0.009199999999999866 0
498 0.004156921938164707 0.009599999999999859 0
499 0.004849742261192255 0.009999999999999865 0
500 0.004156921938164705 0.01039999999999986 0
501 0.004849742261192249 0.01079999999999986 0
502 0.004156921938164698 0.01119999999999986 0
503 0.004849742261192244 0.01159999999999986 0
504 0.004156921938164693 0.01199999999999985 0
505 0.004849742261192239 0.01239999999999986 0
506 0.00415692193816466 0.01279999999999985 0
507 0.004849742261192228 0.01319999999999986 0
508 0.004156921938164648 0.01359999999999985 0
509 0.00484974226119222 0.01399999999999986 0
510 0.004156921938164635 0.01439999999999985 0
511 0.004849742261192213 0.01479999999999985 0
512 0.004156921938164585 0.01519999999999986 0
513 0.004849742261192201 0.01559999999999985 0
514 0.004156921938164604 0.01599999999999985 0
515 0.0048497422611922 0.01639999999999985 0
516 0.004156921938164599 0.01679999999999985 0
517 0.004849742261192207 0.01719999999999985 0
518 0.004156921938164599 0.01759999999999985 0
519 0.004849742261192256 0.01799999999999987 0
520 0.004156921938164653 0.01839999999999985 0
521 0.00484974226119223 0.01879999999999986 0
522 0.004156921938164655 0.01919999999999985 0
523 0.004849742261192269 0.01959999999999986 0
524 0.004156921938164661 0.01999999999999984 0
525 0.00484974226119227 0.02039999999999987 0
526 0.00415692193816466 0.02079999999999984 0
527 0.004849742261192195 0.02119999999999984 0
528 0.004156921938164642 0.02159999999999984 0
529 0.004849742261192189 0.02199999999999984 0
530 0.004156921938164639 0.02239999999999984 0
531 0.004849742261192187 0.02279999999999983 0
532 0.004156921938164635 0.02319999999999983 0
533 0.00484974226119219 0.02359999999999984 0
534 0.004156921938164633 0.02399999999999983 0
535 0.004156921938164736 0.00559999999999986 0
536 0.01593486742963365 0.03319999999999964 0
537 0.01593486742963362 0.03239999999999964 0
538 0.01454922678357799 0.003599999999999833 0
539 0.01593486742963373 0.03639999999999965 0
540 0.01593486742963309 0.003599999999999805 0
541 0.004849742261192922 0.0363999999999999 0
542 0.004156921938165367 0.03599999999999992 0
543 0.004849742261192295 0.02439999999999986 0
544 0.004156921938164663 0.02479999999999984 0
545 0.01177794549146779 0.005199999999999871 0
546 0.01177794549146778 0.004399999999999873 0
547 0.01247076581449554 0.01439999999999979 0
548 0.01247076581449553 0.01359999999999979 0
549 0.005542562584220439 0.0343999999999999 0
550 0.004156921938165358 0.03519999999999993 0
551 0.003464101615137812 0.03559999999999994 0
552 0.00346410161513783 0.03639999999999993 0
553 0.01039230484541311 0.02599999999999983 0
554 0.003464101615137181 0.005999999999999856 0
555 0.003464101615137189 0.005199999999999854 0
556 0.003464101615136964 0.01639999999999985 0
557 0.003464101615137101 0.01879999999999984 0
558 0.003464101615137084 0.02439999999999983 0
559 0.003464101615137086 0.02519999999999983 0
560 0.00415692193816474 0.02559999999999986 0
561 0.003464101615137097 0.02599999999999983 0
562 0.003464101615137161 0.007599999999999857 0
563 0.00346410161513714 0.009199999999999858 0
564 0.003464101615137117 0.01079999999999985 0
565 0.003464101615137059 0.01239999999999985 0
566 0.003464101615137029 0.01399999999999985 0
567 0.003464101615137096 0.02039999999999984 0
568 0.003464101615137087 0.02199999999999983 0
569 0.0152420471066062 0.03679999999999967 0
570 0.005542562584220478 0.0367999999999999 0
571 0.004156921938164831 0.02639999999999986 0
572 0.003464101615137112 0.02679999999999983 0
573 0.0131635861375234 0.03079999999999974 0
574 0.01039230484541313 0.02679999999999983 0
575 0.01662768775266064 0.003999999999999802 0
576 0.01662768775266067 0.0055999999999998 0
577 0.01662768775266069 0.007199999999999804 0
578 0.0166276877526607 0.008799999999999794 0
579 0.01662768775266071 0.009599999999999791 0
580 0.01662768775266082 0.01359999999999973 0
581 0.01662768775266083 0.01439999999999973 0
582 0.0166276877526608 0.01279999999999973 0
583 0.01593486742963325 0.01239999999999974 0
584 0.01662768775266119 0.03279999999999961 0
585 0.01662768775266115 0.03199999999999961 0
586 0.01662768775266124 0.03519999999999962 0
587 0.01664435358160222 0.003228866062476878 0
588 0.005542562584219812 0.01919999999999987 0
589 0.005542562584219914 0.01679999999999991 0
590 0.005542562584219822 0.007999999999999886 0
591 0.002771281292110274 0.03599999999999996 0
592 0.002771281292110295 0.03679999999999994 0
593 0.002771281292110277 0.03519999999999997 0
594 0.01454922678357802 0.005999999999999832 0
595 0.0103923048454131 0.02519999999999983 0
596 0.00692820323027536 0.02559999999999989 0
597 0.009699484522385681 0.03199999999999981 0
598 0.009699484522385234 0.01039999999999988 0
599 0.006235382907247983 0.03399999999999988 0
600 0.005542562584220419 0.03359999999999991 0
601 0.006235382907247958 0.03319999999999988 0
602 0.01108512516844065 0.02559999999999982 0
603 0.01108512516844064 0.02479999999999982 0
604 0.0166276877526608 0.01199999999999974 0
605 0.002771281292109638 0.005599999999999852 0
606 0.002771281292109538 0.02639999999999982 0
607 0.002771281292109644 0.004799999999999856 0
608 0.003464101615137192 0.004399999999999859 0
609 0.002771281292109649 0.003999999999999858 0
610 0.003464101615137199 0.00359999999999986 0
611 0.002771281292109659 0.003199999999999852 0
612 0.002771281292109533 0.02719999999999982 0
613 0.003464101615137081 0.02759999999999982 0
614 0.002771281292109524 0.02799999999999982 0
615 0.01593486742963376 0.03719999999999964 0
616 0.0166276877526613 0.03679999999999962 0
617 0.003464101615137209 0.002799999999999865 0
618 0.00415692193816475 0.003199999999999877 0
619 0.003464501999375617 0.03720069348584228 0
620 0.01732050807568835 0.01239999999999972 0
621 0.01732050807568834 0.01159999999999972 0
622 0.0173041972446111 0.003637873208964686 0
623 0.01732528318049561 0.002972123508791065 0
624 0.0173025538102883 0.01399999999999972 0
625 0.01729956143272163 0.01479999999999971 0
626 0.01732050807568872 0.03239999999999958 0
627 0.01732050807568869 0.03159999999999957 0
628 0.01732050807568875 0.03319999999999958 0
629 0.01662768775266112 0.03119999999999962 0
630 0.01730141960645461 0.03083306219855165 0
631 0.0159367548308544 0.002864085070970045 0
632 0.006235382907247818 0.02599999999999991 0
633 0.005542562584219752 0.02319999999999984 0
634 0.005542562584219717 0.02159999999999986 0
635 0.005542562584219766 0.01519999999999986 0
636 0.005542562584219777 0.01359999999999986 0
637 0.005542562584219791 0.01199999999999986 0
638 0.005542562584219818 0.01039999999999988 0
639 0.006928203230274928 0.006399999999999895 0
640 0.006235382907247833 0.0267999999999999 0
641 0.01247076581449534 0.004799999999999872 0
642 0.01247076581449533 0.003999999999999872 0
643 0.01177794549146777 0.003599999999999881 0
644 0.01247076581449532 0.003199999999999877 0
645 0.01177794549146776 0.002799999999999889 0
646 0.009006664199357603 0.005999999999999894 0
647 0.01177794549146798 0.0139999999999998 0
648 0.01177794549146799 0.0147999999999998 0
649 0.01177794549146797 0.0131999999999998 0
650 0.01247076581449551 0.01279999999999979 0
651 0.01177794549146795 0.01239999999999981 0
652 0.01247076581449589 0.03279999999999975 0
653 0.01524204710660606 0.03199999999999967 0
654 0.01593486742963324 0.01159999999999975 0
655 0.009699484522385608 0.02879999999999983 0
656 0.0124707658144955 0.01199999999999979 0
657 0.01177794549146794 0.0115999999999998 0
658 0.01662450634112208 0.03040551036642496 0
659 0.01732050807568861 0.02999999999999959 0
660 0.002771281292109534 0.02479999999999983 0
661 0.002771281292109531 0.02399999999999983 0
662 0.01730255381028819 0.009199999999999776 0
663 0.01799423992948186 0.01203306219855176 0
664 0.01524204710660622 0.03759999999999965 0
665 0.01454922678357866 0.03719999999999968 0
666 0.01454922678357868 0.03799999999999967 0
667 0.01385640646055112 0.0375999999999997 0
668 0.01247076581449531 0.002399999999999871 0
669 0.01662768775266133 0.03759999999999961 0
670 0.01732050807568886 0.03719999999999957 0
671 0.002771348022816622 0.03760011558097366 0
672 0.002771281292109658 0.002399999999999857 0
673 0.004156921938164774 0.002399999999999885 0
674 0.004849742261192311 0.0027999999999999 0
675 0.006235382907247803 0.02519999999999991 0
676 0.002078460969082738 0.03639999999999996 0
677 0.003464101615137087 0.02839999999999984 0
678 0.002771281292109538 0.02879999999999985 0
679 0.00415692193816462 0.02799999999999982 0
680 0.005542562584220395 0.03279999999999991 0
681 0.01731778960384202 0.004406312201493935 0
682 0.0138564064605511 0.03679999999999969 0
683 0.01316358613752356 0.03719999999999972 0
684 0.01177794549146819 0.02519999999999981 0
685 0.01662419664549972 0.01519999999999972 0
686 0.01729848085193367 0.01559999999999971 0
687 0.01662343469750822 0.01599999999999972 0
688 0.01729817376380378 0.01639999999999971 0
689 0.01662325652482133 0.01679999999999972 0
690 0.01730999957556153 0.01719999999999971 0
691 0.01801332839871596 0.0159999999999997 0
692 0.01662519779799982 0.01759999999999972 0
693 0.01730038740115704 0.0179999999999997 0
694 0.01662391931446216 0.01839999999999972 0
695 0.01729857229150002 0.0187999999999997 0
696 0.01662340371559639 0.01919999999999971 0
697 0.01729818384007957 0.0195999999999997 0
698 0.0166232530405487 0.01999999999999971 0
699 0.01729809398566821 0.02039999999999969 0
700 0.01662321295230554 0.02079999999999971 0
701 0.01729807232855914 0.02119999999999969 0
702 0.01662320266141351 0.0215999999999997 0
703 0.0172980670038923 0.02199999999999969 0
704 0.01662320005882037 0.0223999999999997 0
705 0.01729806568268231 0.02279999999999969 0
706 0.01662319940485319 0.0231999999999997 0
707 0.01729806535348612 0.02359999999999968 0
708 0.01662319924099264 0.0239999999999997 0
709 0.01730999238697068 0.02439999999999968 0
710 0.0180133283987161 0.02319999999999967 0
711 0.01662518705259666 0.02479999999999969 0
712 0.01730038441215812 0.02519999999999968 0
713 0.01662391702539524 0.02559999999999969 0
714 0.01729857141182246 0.02599999999999968 0
715 0.01662340318747241 0.02639999999999969 0
716 0.01729818360544606 0.02679999999999967 0
717 0.01662325291342254 0.02719999999999969 0
718 0.01729809392537503 0.02759999999999967 0
719 0.01662321292106908 0.02799999999999968 0
720 0.01316358613752306 0.01239999999999978 0
721 0.004849742261192866 0.03319999999999992 0
722 0.002771281292109623 0.006399999999999847 0
723 0.01108512516844041 0.01279999999999982 0
724 0.01316358613752287 0.002799999999999872 0
725 0.009699484522385586 0.02719999999999984 0
726 0.01039230484541314 0.02759999999999982 0
727 0.01108512516844068 0.02719999999999981 0
728 0.01524204710660569 0.01199999999999975 0
729 0.006928203230275454 0.03039999999999988 0
730 0.01108512516844043 0.01439999999999981 0
731 0.01108512516844045 0.01519999999999981 0
732 0.01177794549146801 0.01559999999999979 0
733 0.01108512516844046 0.01599999999999981 0
734 0.01177794549146802 0.01639999999999979 0
735 0.01108512516844048 0.0167999999999998 0
736 0.01177794549146803 0.01719999999999979 0
737 0.01108512516844049 0.0175999999999998 0
738 0.01177794549146805 0.01799999999999979 0
739 0.01108512516844051 0.0183999999999998 0
740 0.01177794549146806 0.01879999999999979 0
741 0.01108512516844052 0.0191999999999998 0
742 0.01177794549146807 0.01959999999999978 0
743 0.004849742261192929 0.0371999999999999 0
744 0.005542962273100674 0.03759999999999989 0
745 0.00623544952206139 0.03719999999999991 0
746 0.01247076581449534 0.005599999999999874 0
747 0.01316358613752289 0.005199999999999877 0
748 0.01039230484541276 0.009199999999999875 0
749 0.006235382907247935 0.03239999999999989 0
750 0.006928203230275494 0.03279999999999987 0
751 0.006928203230275479 0.03199999999999988 0
752 0.00762102355330303 0.03239999999999986 0
753 0.01108512516844021 0.003199999999999904 0
754 0.01108512516844019 0.002399999999999913 0
755 0.01108512516844053 0.0199999999999998 0
756 0.01177794549146808 0.02039999999999978 0
757 0.01108512516844054 0.02079999999999979 0
758 0.0117779454914681 0.02119999999999978 0
759 0.0117779454914682 0.0259999999999998 0
760 0.01731751569812157 0.008399999999999783 0
761 0.01593433719437706 0.03080091839440387 0
762 0.01316358613752304 0.01159999999999978 0
763 0.01737499839513536 0.02848548188447291 0
764 0.01108512516844055 0.0215999999999998 0
765 0.01177794549146811 0.02199999999999978 0
766 0.01108512516844057 0.0223999999999998 0
767 0.01177794549146813 0.02279999999999978 0
768 0.01593486742963317 0.009999999999999797 0
769 0.01177794549146817 0.02439999999999981 0
770 0.01108512516844062 0.02399999999999982 0
771 0.01732050807568883 0.03639999999999959 0
772 0.01731038185006177 0.009999999999999769 0
773 0.0131635861375229 0.005999999999999873 0
774 0.01660920325200448 0.02960091839440387 0
775 0.01039230484541266 0.002799999999999934 0
776 0.002078460969082162 0.005999999999999894 0
777 0.002078460969082046 0.02679999999999982 0
778 0.002078460969082006 0.02439999999999979 0
779 0.002078460969082201 0.003599999999999871 0
780 0.002078460969082043 0.02839999999999982 0
781 0.002078460969082012 0.02919999999999978 0
782 0.002078460969082048 0.02359999999999982 0
783 0.002078460969082027 0.02599999999999988 0
784 0.002078460969082145 0.006799999999999862 0
785 0.003468066578631787 0.03800680012532863 0
786 0.004841451884326949 0.002014359353944811 0
787 0.005541180854742314 0.002402393225657426 0
788 0.005542332295973588 0.003200398870942839 0
789 0.006235114237626739 0.002800465349433356 0
790 0.005559840684098244 0.001485996405108176 0
791 0.01808491584753404 0.01289123285477427 0
792 0.01801332839871588 0.01119999999999971 0
793 0.006246374997050858 0.0379810957522615 0
794 0.006930046347711595 0.03759684929204354 0
795 0.005564233608467371 0.03851340578232275 0
796 0.005542562584220276 0.02639999999999992 0
797 0.00554256258422019 0.0271999999999999 0
798 0.004156921938164719 0.02879999999999991 0
799 0.01593403538061768 0.02439999999999971 0
800 0.01593486742963343 0.02199999999999971 0
801 0.01662768775266123 0.03439999999999963 0
802 0.01732050807568879 0.0347999999999996 0
803 0.01039230484541289 0.01479999999999983 0
804 0.01593486742963338 0.01959999999999972 0
805 0.01593404347933564 0.01719999999999973 0
806 0.01039230484541294 0.01719999999999982 0
807 0.006235382907247835 0.0275999999999999 0
808 0.002771281292109544 0.02319999999999983 0
809 0.002078460969082103 0.02279999999999986 0
810 0.004849742261192834 0.03239999999999994 0
811 0.01385640646055044 0.003999999999999858 0
812 0.007621023553303019 0.03159999999999986 0
813 0.008313843876330575 0.03199999999999984 0
814 0.0138564064605506 0.01199999999999977 0
815 0.01247076581449564 0.02079999999999977 0
816 0.006928203230275345 0.0247999999999999 0
817 0.00623538290724779 0.02439999999999991 0
818 0.0110851251684407 0.02799999999999981 0
819 0.01177794549146824 0.02759999999999979 0
820 0.01316358613752354 0.03639999999999972 0
821 0.01247076581449601 0.03679999999999973 0
822 0.01247076581449602 0.03759999999999974 0
823 0.01177794549146846 0.03719999999999975 0
824 0.01177794549146845 0.03639999999999975 0
825 0.0110851251684409 0.03679999999999978 0
826 0.01108512516844093 0.03759999999999977 0
827 0.01039230484541337 0.03719999999999981 0
828 0.01108512516844089 0.03599999999999977 0
829 0.01524204710660567 0.01119999999999977 0
830 0.01247076581449575 0.02559999999999978 0
831 0.01385640646055058 0.01119999999999977 0
832 0.00138564064605461 0.02639999999999994 0
833 0.001385640646054677 0.02399999999999975 0
834 0.001385640646054676 0.02879999999999975 0
835 0.01733337693847652 0.03797771047581579 0
836 0.0103923048454134 0.03799999999999981 0
837 0.009682903768654862 0.03763572655899069 0
838 0.009696721063430636 0.03680595442649831 0
839 0.009003440163910584 0.03720694683091477 0
840 0.00898296167320714 0.0380172178931306 0
841 0.008309356116064245 0.03760402745400754 0
842 0.01039358737117718 0.002014205391614916 0
843 0.009699698276679184 0.002402367565269129 0
844 0.0180660250053014 0.004005847399011785 0
845 0.01800256961860499 0.004835088798636183 0
846 0.01808465039414359 0.008886509683552589 0
847 0.01809740414569044 0.007925848842668887 0
848 0.01801332839871593 0.0143999999999997 0
849 0.01801332839871601 0.01839999999999969 0
850 0.01801332839871604 0.01999999999999968 0
851 0.01801332839871607 0.02159999999999968 0
852 0.01801332839871615 0.02559999999999966 0
853 0.01806601655297165 0.03120425836873924 0
854 0.01801332839871618 0.02719999999999966 0
855 0.01799537413331618 0.03279999999999955 0
856 0.01799238175574952 0.03359999999999956 0
857 0.01799537413331627 0.03679999999999954 0
858 0.01799238175574956 0.03599999999999955 0
859 0.01314976884274706 0.002023932256574698 0
860 0.01385410357808778 0.002403988709428997 0
861 0.01379637341326694 0.001678237447484153 0
862 0.0145388374619536 0.002013704359485415 0
863 0.01245483254575426 0.001630809752546439 0
864 0.01444001375077296 0.001237205244407884 0
865 0.0166883077631786 0.03850586811995449 0
866 0.01379906010947397 0.03832641604684944 0
867 0.01444188175332057 0.03876541730613738 0
868 0.01518769557318683 0.001738710934184019 0
869 0.01870614872174345 0.01239999999999969 0
870 0.01870614872174334 0.008399999999999762 0
871 0.01870614872174393 0.03639999999999952 0
872 0.01112318815841863 0.00149073275727718 0
873 0.01112300494045269 0.03851129658438192 0
874 0.009662334230469445 0.001487023548793171 0
875 0.009006664199357512 0.002000000000000009 0
876 0.009006699825073249 0.002800394594211497 0
877 0.008313849813949266 0.002400065765701898 0
878 0.004156921938164813 0.001599999999999886 0
879 0.006930606168622173 0.03838361603809323 0
880 0.008308664604704578 0.001614298792620799 0
881 0.007620161330968088 0.00200239409305375 0
882 0.00762088083918327 0.00280040997645925 0
883 0.007612394221030622 0.001212840301972745 0
884 0.006928203230274904 0.001599999999999911 0
885 0.00830214857216191 0.03839102762092306 0
886 0.00277784816781969 0.03842129156748169 0
887 0.002079566570152071 0.03800356785807586 0
888 0.002078460969082822 0.03879999999999997 0
889 0.00350507193275478 0.03881463238589272 0
890 0.004163829847378841 0.03840416265493956 0
891 0.004159200503203125 0.03760194271101835 0
892 0.002771281292109557 0.02959999999999983 0
893 0.002078460969082081 0.02999999999999976 0
894 0.004849742261192342 0.02839999999999987 0
895 0.004849742261192542 0.0267999999999999 0
896 0.004849742261192601 0.02599999999999991 0
897 0.005542562584220036 0.02479999999999989 0
898 0.002771281292109778 0.03039999999999981 0
899 0.00138284769965087 0.03839543795839998 0
900 0.001303129479760162 0.03926327983140095 0
901 0.001385359421832676 0.03759983430274594 0
902 0.004849742261192526 0.02919999999999994 0
903 0.008313375472800928 0.03680066656249521 0
904 0.004849742261192386 0.02519999999999988 0
905 0.007621023553303094 0.03799999999999999 0
906 0.007611625326320173 0.03878593760898451 0
907 0.005542562584219915 0.02399999999999986 0
908 0.006235382907247424 0.02359999999999981 0
909 0.006235382907247299 0.02279999999999978 0
910 0.00692820323027508 0.02319999999999982 0
911 0.006928203230275005 0.02239999999999976 0
912 0.006928521518983806 0.03679947488200717 0
913 0.007620998534166201 0.03640002357408365 0
914 0.00762102355330312 0.03719999999999997 0
915 0.01593486742963355 0.02759999999999972 0
916 0.01177794549146775 0.001999999999999877 0
917 0.00207846096908213 0.00439999999999988 0
918 0.01108512516844059 0.02319999999999981 0
919 0.01593451795318036 0.0259999999999997 0
920 0.01177794549146815 0.02359999999999979 0
921 0.01247076581449568 0.02319999999999977 0
922 0.01316358613752289 0.004399999999999873 0
923 0.003464101615137225 0.001994648048466226 0
924 0.002774602503226233 0.001578909708931594 0
925 0.002079014504268284 0.001996484951488534 0
926 0.002078460969082093 0.001199999999999868 0
927 0.003498737635968863 0.001186148897398105 0
928 0.01385640646055044 0.00479999999999986 0
929 0.001385640646055118 0.0328 0
930 0.002078460969082693 0.03319999999999998 0
931 0.001385640646055149 0.0336 0
932 0.002078460969082731 0.03399999999999999 0
933 0.002771281292110265 0.03359999999999994 0
934 0.001385640646055133 0.03440000000000001 0
935 0.01039184426892081 0.03640099240441621 0
936 0.009698947183144492 0.0360011578051523 0
937 0.002771281292110286 0.03439999999999995 0
938 0.003464101615137819 0.03399999999999993 0
939 0.01593412162436821 0.02839999999999969 0
940 0.01662600004838967 0.01039999999999977 0
941 0.01595364832670625 0.03800261470841276 0
942 0.01662768775266121 0.03359999999999962 0
943 0.01521401546509138 0.002466491392186805 0
944 0.01315506754424541 0.03798680894724227 0
945 0.0124557156626711 0.03837098044808954 0
946 0.01731701696852764 0.03399999999999959 0
947 0.01800925544036168 0.03439999999999957 0
948 0.01867138233225731 0.03386666666666637 0
949 0.01870614872174391 0.03479999999999955 0
950 0.01039213852612435 0.03560035836826127 0
951 0.01108509744855936 0.03520005972804335 0
952 0.01593486742963351 0.02679999999999972 0
953 0.002771281292109555 0.02239999999999984 0
954 0.002078460969082116 0.02199999999999987 0
955 0.002771281292109558 0.02159999999999984 0
956 0.002078460969082117 0.02119999999999987 0
957 0.002771281292109564 0.02079999999999984 0
958 0.002078460969082124 0.02039999999999987 0
959 0.002771281292109569 0.01999999999999984 0
960 0.00207846096908209 0.01959999999999984 0
961 0.002771281292109566 0.01919999999999984 0
962 0.002078460969081991 0.01879999999999984 0
963 0.01731826186702872 0.005206900166688216 0
964 0.01799320663518733 0.005606998160887257 0
965 0.01873667861574512 0.005246563147901196 0
966 0.0006928203230275667 0.034 0
967 0.001385640646055154 0.03520000000000001 0
968 0.01932812631993922 0.018 0
969 0.01864844691703891 0.01773333333333323 0
970 0.01861435935394491 0.0168 0
971 0.0006928203230275251 0.005199999999999996 0
972 0.0006928203230275095 0.005999999999999986 0
973 0.009699484522385698 0.03279999999999981 0
974 0.01931015689022168 0.002005156684612635 0
975 0.01861783276940233 0.001606016132048055 0
976 0.01869696773010463 0.0007369278958058757 0
977 0.01792153903091735 0.001199999999999948 0
978 0.01795985296821549 0.001966741391196403 0
979 0.01724537462669984 0.001535963831660901 0
980 0.01650527329047485 0.001167551659580154 0
981 0.01659978374209801 0.001870001864335089 0
982 0.01863977438034576 0.002396319034642855 0
983 0.01856718655608094 0.003285791374995246 0
984 0.002771281292109622 0.007199999999999851 0
985 0.002078460969082161 0.007599999999999867 0
986 0.002771281292109614 0.007999999999999854 0
987 0.002078460969082112 0.008399999999999859 0
988 0.002771281292109593 0.008799999999999853 0
989 0.002078460969082123 0.009199999999999871 0
990 0.002771281292109583 0.009599999999999855 0
991 0.002078460969082012 0.009999999999999854 0
992 0.002771281292109551 0.01039999999999985 0
993 0.002078460969082038 0.01079999999999985 0
994 0.002771281292109538 0.01119999999999985 0
995 0.002078460969081916 0.01159999999999982 0
996 0.002771281292109496 0.01199999999999984 0
997 0.002078460969081986 0.01239999999999984 0
998 0.002771281292109462 0.01279999999999984 0
999 0.002078460969081895 0.01319999999999984 0
1000 0.002771281292109426 0.01359999999999984 0
1001 0.002078460969081935 0.01399999999999984 0
1002 0.002771281292109409 0.01439999999999984 0
1003 0.002078460969081946 0.01479999999999989 0
1004 0.002771281292109365 0.01519999999999985 0
1005 0.002078460969081836 0.01559999999999989 0
1006 0.002771281292109335 0.01599999999999985 0
1007 0.002078460969081817 0.01639999999999986 0
1008 0.001385640646054516 0.01600000000000005 0
1009 0.002771281292109311 0.01679999999999984 0
1010 0.002078460969081699 0.01719999999999981 0
1011 0.002771281292109265 0.01759999999999983 0
1012 0.003464101615136979 0.01479999999999985 0
1013 0.003464101615136874 0.01719999999999985 0
1014 0.002078460969081888 0.0179999999999999 0
1015 0.002771281292109504 0.01839999999999985 0
1016 0.001385640646054641 0.01839999999999993 0
1017 0.01931541200860987 0.03081424698074551 0
1018 0.0185647306779249 0.0304881255058281 0
1019 0.01862404217334166 0.02961468758430468 0
1020 0.0193311186975059 0.0196 0
1021 0.01861435935394491 0.0192 0
1022 0.01931017205453913 0.0284 0
1023 0.01861435935394491 0.028 0
1024 0.009006360799855681 0.03640063886683752 0
1025 0.0006928203230274523 0.01079999999999997 0
1026 0.0159348674296334 0.02039999999999972 0
1027 0.01316358613752333 0.02839999999999975 0
1028 0.01039230484541316 0.02839999999999982 0
1029 0.01039230484541298 0.01959999999999982 0
1030 0.009699484522385156 0.006399999999999892 0
1031 0.009006664199357604 0.006799999999999893 0
1032 0.008313843876330046 0.006399999999999888 0
1033 0.008313843876330053 0.007199999999999897 0
1034 0.007621023553302488 0.005999999999999893 0
1035 0.01316358613752332 0.02759999999999975 0
1036 0.00554256258422038 0.03199999999999991 0
1037 0.005542562584220078 0.02799999999999989 0
1038 0.0048497422611929 0.03479999999999991 0
1039 0.0193311186975059 0.0212 0
1040 0.01861435935394491 0.0208 0
1041 0.009006664199358153 0.03319999999999983 0
1042 0.005542562584219785 0.01279999999999986 0
1043 0.006235382907247332 0.01319999999999987 0
1044 0.006235382907247334 0.01399999999999989 0
1045 0.006928203230274902 0.0135999999999999 0
1046 0.006928203230274987 0.01439999999999992 0
1047 0.006928203230274904 0.01279999999999989 0
1048 0.00623538290724734 0.01239999999999987 0
1049 0.006235382907247344 0.01159999999999987 0
1050 0.006928203230274937 0.01199999999999989 0
1051 0.006928203230274967 0.0111999999999999 0
1052 0.007621023553302483 0.006799999999999895 0
1053 0.006928203230274931 0.007199999999999897 0
1054 0.007621023553302503 0.007599999999999899 0
1055 0.006928203230274946 0.007999999999999896 0
1056 0.007621023553302521 0.008399999999999908 0
1057 0.006928203230274963 0.008799999999999909 0
1058 0.006928203230274987 0.009599999999999914 0
1059 0.006235382907247403 0.009199999999999903 0
1060 0.006235382907247409 0.009999999999999905 0
1061 0.00623538290724739 0.008399999999999897 0
1062 0.0006928203230274002 0.01239999999999996 0
1063 0.00900666419935762 0.007599999999999897 0
1064 0.004156921938164744 0.004799999999999858 0
1065 0.004849742261192295 0.005199999999999864 0
1066 0.00484974226119229 0.004399999999999876 0
1067 0.009006664199358135 0.03239999999999982 0
1068 0.009006664199358123 0.03159999999999984 0
1069 0.006235447057834955 0.03639991248033444 0
1070 0.002078460969082055 0.02759999999999982 0
1071 0.00900652407623424 0.03560029944533152 0
1072 0.01454922678357804 0.007599999999999819 0
1073 0.01385640646055049 0.007999999999999823 0
1074 0.01385640646055048 0.007199999999999832 0
1075 0.010392304845413 0.02119999999999982 0
1076 0.003464101615137174 0.006799999999999855 0
1077 0.01177794549146848 0.03799999999999973 0
1078 0.01799142625571938 0.03919219080016301 0
1079 0.01079474313052507 0.03930668256316179 0
1080 0.009699484522385482 0.02239999999999985 0
1081 0.01800002891095811 0.03203377192667491 0
1082 0.01873662530009985 0.03244537528606557 0
1083 0.01933111869750592 0.0268 0
1084 0.0186143593539449 0.02639999999999999 0
1085 0.01933441549239286 0.01400571021624637 0
1086 0.01859118659612484 0.01364811030762393 0
1087 0.01177794549146781 0.006799999999999858 0
1088 0.00692820323027552 0.03359999999999987 0
1089 0.009218066754617289 0.0007057547187035475 0
1090 0.01242614899911314 0.0008075364453734475 0
1091 0.01931646122699277 0.01000571021624637 0
1092 0.01861435935394489 0.00959999999999999 0
1093 0.0186494951124478 0.01053428503604097 0
1094 0.0006928203230274158 0.007599999999999954 0
1095 0.01242627515867293 0.03919271929757447 0
1096 0.009213087756182327 0.03931053235422974 0
1097 0.009640623503541909 0.03855203699991704 0
1098 0.005991595496289502 0.03929542474622422 0
1099 0.0052 0.03930717967697245 0
1100 0.000692820323027598 0.03639999999999997 0
1101 0.01316358613752345 0.03319999999999973 0
1102 0.01316358613752343 0.03239999999999973 0
1103 0.01247076581449587 0.03199999999999975 0
1104 0.01662768775266068 0.006399999999999805 0
1105 0.01730255381028817 0.006799999999999796 0
1106 0.01732050807568837 0.01319999999999972 0
1107 0.01247076581449548 0.01119999999999981 0
1108 0.01177794549146792 0.01079999999999981 0
1109 0.01108512516844038 0.01119999999999982 0
1110 0.01108512516844034 0.01039999999999983 0
1111 0.01039230484541282 0.01079999999999984 0
1112 0.01039230484541283 0.01159999999999984 0
1113 0.0006928203230274019 0.02039999999999997 0
1114 0.00762102355330265 0.01479999999999991 0
1115 0.00692820323027507 0.01519999999999995 0
1116 0.006928203230275145 0.01599999999999995 0
1117 0.00623538290724746 0.01559999999999993 0
1118 0.00623538290724759 0.01639999999999997 0
1119 0.006928203230275192 0.01679999999999994 0
1120 0.006235382907247575 0.01719999999999996 0
1121 0.005542562584219896 0.01759999999999991 0
1122 0.006235382907247516 0.01799999999999994 0
1123 0.01524190978155617 0.01759999999999974 0
1124 0.01799452656621423 0.03759628507930224 0
1125 0.01800896603175033 0.03835026480786095 0
1126 0.018706148721744 0.03799999999999953 0
1127 0.01932812631993922 0.0228 0
1128 0.0186143593539449 0.0224 0
1129 0.01932862504953367 0.0236 0
1130 0.0186143593539449 0.024 0
1131 0.01864495580987783 0.02493333333333322 0
1132 0.01933322572926138 0.0252222222222222 0
1133 0.0006898431097781786 0.002005156684612659 0
1134 0.00623538290724778 0.02839999999999989 0
1135 0.005542562584219818 0.009599999999999876 0
1136 0.01863556035600614 0.02883551012926944 0
1137 0.007621023553302552 0.009999999999999908 0
1138 0.01247076581449542 0.009599999999999836 0
1139 0.003464101615137135 0.009999999999999856 0
1140 0.0006928203230273672 0.01399999999999997 0
1141 0.000692820323027421 0.009199999999999965 0
1142 0.009699484522385251 0.01119999999999988 0
1143 0.01039230484541284 0.01239999999999985 0
1144 0.003464101615137101 0.01959999999999984 0
1145 0.003464101615137087 0.02359999999999983 0
1146 0.01593444187307317 0.02359999999999971 0
1147 0.01524183750567656 0.02399999999999972 0
1148 0.01593445954410792 0.02279999999999972 0
1149 0.01524197912568496 0.02239999999999972 0
1150 0.0006928203230274349 0.03079999999999997 0
1151 0.0006928203230274176 0.02199999999999997 0
1152 0.006928203230275386 0.02799999999999989 0
1153 0.01932812631993921 0.0156 0
1154 0.01861435935394491 0.0152 0
1155 0.006235382907247913 0.03079999999999989 0
1156 0.009006664199358028 0.02679999999999986 0
1157 0.009006664199358042 0.02759999999999985 0
1158 0.01524188689404789 0.01679999999999974 0
1159 0.01593444796700282 0.01639999999999973 0
1160 0.003464101615137154 0.02919999999999996 0
1161 0.01385640646055061 0.01279999999999977 0
1162 0.005991072529102607 0.0007045040856128032 0
1163 0.005199999999999993 0.000692820323027539 0
1164 0.006928203230275385 0.02719999999999989 0
1165 0.01039230484541308 0.02439999999999984 0
1166 0.009699484522385522 0.02399999999999985 0
1167 0.007621023553302875 0.02439999999999988 0
1168 0.007621023553302798 0.02279999999999986 0
1169 0.006928203230275065 0.02159999999999982 0
1170 0.01177794549146831 0.03159999999999977 0
1171 0.0124707658144956 0.01839999999999978 0
1172 0.01593428557843977 0.01479999999999973 0
1173 0.01593412376669641 0.01559999999999973 0
1174 0.00554256258421982 0.008799999999999876 0
1175 0.003464101615137091 0.02279999999999983 0
1176 0.007621023553302783 0.01959999999999991 0
1177 0.006928203230275227 0.01999999999999989 0
1178 0.006928203230275167 0.01919999999999992 0
1179 0.006235382907247652 0.01959999999999993 0
1180 0.006235382907247578 0.0203999999999999 0
1181 0.00554256258422001 0.01999999999999992 0
1182 0.009699484522385286 0.01279999999999988 0
1183 0.01039230484541285 0.01319999999999985 0
1184 0.01524196659675817 0.01519999999999974 0
1185 0.003464101615137164 0.008399999999999859 0
1186 0.003464101615137115 0.01159999999999985 0
1187 0.005542562584219856 0.0159999999999999 0
1188 0.01039230484541295 0.01799999999999981 0
1189 0.0107947510793817 0.0006941315098685195 0
1190 0.01932862504953366 0.0164 0
1191 0.009699484522385317 0.01439999999999987 0
1192 0.009699484522385336 0.01519999999999987 0
1193 0.01316358613752311 0.01559999999999977 0
1194 0.006928203230275548 0.03439999999999986 0
1195 0.01247076581449555 0.01519999999999979 0
1196 0.01316358613752307 0.01319999999999978 0
1197 0.01247076581449558 0.01679999999999978 0
1198 0.004156921938164722 0.02719999999999985 0
1199 0.000692820323027598 0.0356 0
1200 0.006235382907247379 0.007599999999999902 0
1201 0.006235382907247377 0.006799999999999893 0
1202 0.01385602264680665 0.003200664784904717 0
1203 0.01454237550702049 0.002814141541000931 0
1204 0.01523811906888526 0.003217228333828186 0
1205 0.01636655810637538 0.03931665906352519 0
1206 0.01593486742963367 0.03399999999999964 0
1207 0.01524192280572842 0.0279999999999997 0
1208 0.01524203577645238 0.02159999999999972 0
1209 0.01385640646055046 0.005599999999999853 0
1210 0.01925141296945335 0.0116854818844731 0
1211 0.0110851251684403 0.008799999999999863 0
1212 0.01524204710660571 0.01279999999999975 0
1213 0.003464101615137095 0.02119999999999984 0
1214 0.01108512516844042 0.01359999999999982 0
1215 0.000689330748007224 0.03799405535891167 0
1216 0.015242047106606 0.02959999999999968 0
1217 0.01524204710660561 0.009599999999999807 0
1218 0.007621023553302762 0.01879999999999991 0
1219 0.01316358613752319 0.02119999999999976 0
1220 0.01316358613752318 0.02039999999999976 0
1221 0.01247076581449563 0.01999999999999977 0
1222 0.01247076581449562 0.01919999999999978 0
1223 0.01316358613752316 0.01879999999999976 0
1224 0.01731378770275689 0.006002316387929113 0
1225 0.01806526051531208 0.006486812534303974 0
1226 0.01316352216856558 0.003600110797484013 0
1227 0.01662686030590971 0.004802202061363564 0
1228 0.003464101615137048 0.01319999999999985 0
1229 0.005542562584220154 0.0255999999999999 0
1230 0.01247076581449559 0.01759999999999978 0
1231 0.01316358613752313 0.01719999999999977 0
1232 0.01593486742963342 0.02119999999999972 0
1233 0.007621023553302532 0.0131999999999999 0
1234 0.01385640646055101 0.0335999999999997 0
1235 0.005542562584219783 0.01439999999999989 0
1236 0.005542562584219801 0.01119999999999987 0
1237 0.01385640646055093 0.03039999999999973 0
1238 0.01385640646055095 0.03119999999999972 0
1239 0.01454922678357849 0.0307999999999997 0
1240 0.01316358613752341 0.03159999999999974 0
1241 0.008313843876330579 0.03279999999999984 0
1242 0.007621023553302567 0.01159999999999991 0
1243 0.01454922678357861 0.03559999999999969 0
1244 0.01454922678357804 0.00679999999999983 0
1245 0.007621023553302899 0.02519999999999988 0
1246 0.01454922678357814 0.01159999999999976 0
1247 0.007621023553302989 0.02999999999999987 0
1248 0.01039230484541317 0.02919999999999982 0
1249 0.01247076581449586 0.03119999999999976 0
1250 0.01385640646055098 0.03279999999999971 0
1251 0.01454922678357852 0.03239999999999969 0
1252 0.006928203230275463 0.03119999999999988 0
1253 0.01039230484541291 0.01559999999999982 0
1254 0.004849742261192822 0.03159999999999992 0
1255 0.01177794549146833 0.03239999999999977 0
1256 0.009699484522385598 0.02799999999999983 0
1257 0.009006664199358052 0.02839999999999984 0
1258 0.01593451807540322 0.01879999999999973 0
1259 0.01593396635553367 0.01799999999999973 0
1260 0.004156921938165303 0.03279999999999995 0
1261 0.01524198888090079 0.01919999999999973 0
1262 0.01524203740232166 0.01999999999999973 0
1263 0.01247076581449565 0.02159999999999977 0
1264 0.01524198886053042 0.02639999999999971 0
1265 0.01247076581449567 0.02239999999999976 0
1266 0.01247076581449572 0.02479999999999978 0
1267 0.008313843876330563 0.03119999999999985 0
1268 0.007621023553303005 0.03079999999999987 0
1269 0.01930754987563246 0.003628545543244724 0
1270 0.01039230484541306 0.02359999999999983 0
1271 0.009699484522385539 0.02479999999999985 0
1272 0.008313843876330048 0.005599999999999892 0
1273 0.01177794549146825 0.02839999999999979 0
1274 0.0193325573186601 0.006827351982305635 0
1275 0.01860109623384248 0.007199793924034654 0
1276 0.0006928203230274418 0.003599999999999957 0
1277 0.006928203230275331 0.0239999999999999 0
1278 0.01247076581449556 0.01599999999999979 0
1279 0.01931282571014323 0.02920836628559569 0
1280 0.01789046085044273 0.02924772182705119 0
1281 0.007621023553303075 0.03399999999999985 0
1282 0.006235382907247395 0.004399999999999894 0
1283 0.01039230484541292 0.01639999999999982 0
1284 0.01108512054846058 0.03440000995467371 0
1285 0.01039227173555484 0.03480007134182962 0
1286 0.01385640646055062 0.01359999999999977 0
1287 0.0117779454914678 0.005999999999999867 0
1288 0.01108512516844072 0.0295999999999998 0
1289 0.01593477905709084 0.03160015306573367 0
1290 0.01177794087148818 0.03560000995467368 0
1291 0.002771281292109537 0.02559999999999984 0
1292 0.0110851251684404 0.01199999999999982 0
1293 0.006928203230275123 0.01839999999999994 0
1294 0.009699484522385208 0.009599999999999883 0
1295 0.01316358613752352 0.03559999999999972 0
1296 0.01177793933149473 0.03480001327289833 0
1297 0.01316358613752324 0.02359999999999976 0
1298 0.01039230484541268 0.00439999999999989 0
1299 0.01454922678357815 0.01239999999999976 0
1300 0.006235382907247925 0.03159999999999989 0
1301 0.009699484522385365 0.01679999999999986 0
1302 0.009006664199358107 0.03079999999999983 0
1303 0.01454922678357801 0.005199999999999831 0
1304 0.009699484522385169 0.007199999999999891 0
1305 0.004156921938165285 0.03199999999999993 0
1306 0.009699484522385664 0.03119999999999982 0
1307 0.01177794549146822 0.0267999999999998 0
1308 0.01108512516844067 0.02639999999999982 0
1309 0.01593398017334788 0.02519999999999971 0
1310 0.01524196342158621 0.02479999999999972 0
1311 0.009699484522385379 0.01759999999999986 0
1312 0.01316358613752293 0.00759999999999984 0
1313 0.003464101615137031 0.01799999999999985 0
1314 0.01662718902306624 0.007999999999999799 0
1315 0.002078460969081984 0.02519999999999982 0
1316 0.01039230484541296 0.01879999999999982 0
1317 0.004157368429711299 0.03680043936614338 0
1318 0.006235382907247401 0.01479999999999991 0
1319 0.01316358613752322 0.02279999999999975 0
1320 0.01247076581449581 0.02879999999999977 0
1321 0.01454922678357863 0.03639999999999968 0
1322 0.004849742261192892 0.03399999999999992 0
1323 0.01454922678357851 0.03159999999999969 0
1324 0.01108512516844071 0.0287999999999998 0
1325 0.01247076504449928 0.03600000165911205 0
1326 0.002771281292110231 0.03279999999999995 0
1327 0.004156921938164735 0.003999999999999868 0
1328 0.01385640646055108 0.0359999999999997 0
1329 0.007621023553302714 0.01639999999999992 0
1330 0.01247076581449579 0.02799999999999977 0
1331 0.009699484522385419 0.01919999999999985 0
1332 0.005542562584219821 0.007199999999999885 0
1333 0.00207846096908219 0.005199999999999913 0
1334 0.003464101615136972 0.01559999999999985 0
1335 0.01039230484541299 0.02039999999999982 0
1336 0.007621023553302736 0.01719999999999993 0
1337 0.005542562584219726 0.02239999999999983 0
1338 0.01247076581449577 0.02719999999999977 0
1339 0.004156921938165361 0.03439999999999993 0
1340 0.01039230484541268 0.003599999999999909 0
1341 0.00969948452238545 0.02079999999999985 0
1342 0.01385640646055096 0.03199999999999972 0
1343 0.007621023553303047 0.03319999999999985 0
1344 0.01108512516844023 0.003999999999999893 0
1345 0.01247076581449575 0.02639999999999977 0
1346 0.01799120419976266 0.03519999999999956 0
1347 0.01732050807568825 0.007599999999999791 0
1348 0.01524194400530616 0.03120017857668938 0
1349 0.01247076581449535 0.006399999999999868 0
1350 0.01039230484541276 0.009999999999999856 0
1351 0.01039230484541302 0.02199999999999982 0
1352 0.0131635861375233 0.02599999999999975 0
1353 0.004849703879817924 0.003600066478490382 0
1354 0.01039230484541286 0.01399999999999984 0
1355 0.0124707658144957 0.02399999999999978 0
1356 0.002078460969082735 0.03559999999999999 0
1357 0.002078553224946583 0.002799414158581322 0
1358 0.01662768775266127 0.03599999999999962 0
1359 0.01524194155051329 0.03040018282851533 0
1360 0.01316358613752328 0.02519999999999976 0
1361 0.01039230484541303 0.02279999999999982 0
1362 0.003464101615137816 0.03479999999999996 0
1363 0.01732050807568881 0.03559999999999958 0
1364 0.01108512516844031 0.009599999999999848 0
1365 0.00692820323027499 0.01039999999999989 0
1366 0.01730058482197198 0.01079999999999974 0
1367 0.01521767390104494 0.03834089387477306 0
1368 0.01316358613752293 0.006799999999999855 0
1369 0.01316358613752302 0.01079999999999981 0
1370 0.01662768775266113 0.02879999999999965 0
1371 0.01593458614558803 0.01079999999999978 0
1372 0.01593115047904273 0.03000125499729123 0
1373 0.005542517805949736 0.004000077558238804 0
1374 0.006235382907247389 0.01079999999999989 0
1375 0.01454922678357811 0.01079999999999979 0
1376 0.006235382907247423 0.001999999999999971 0
1377 0.01662403904565534 0.01119999999999975 0
1378 0.01524200022593144 0.01039999999999979 0
1379 0.004156921938165346 0.03359999999999993 0
1380 0.002078609487008267 0.03720058629029921 0
1381 0.001385618528339022 0.03680007009884084 0
1382 0.01385640646055054 0.0103999999999998 0
1383 0.01247076581449545 0.01039999999999982 0
1384 0.01177794549146788 0.009999999999999832 0
1385 0.006928203230275149 0.01759999999999994 0
1386 0.007620999767615931 0.003600068329409827 0
1387 0.006235382907247428 0.01879999999999994 0
1388 0.01593104288688142 0.02920036223194897 0
1389 0.00346410161513778 0.03319999999999994 0
1390 0.006235292284557869 0.003600156963102473 0
1391 0.01385640646055047 0.006399999999999847 0
1392 0.009699526085720089 0.003200460359913386 0
1393 0.005542562584219873 0.0183999999999999 0
1394 0.005542562584219745 0.02079999999999989 0
1395 0.001385636959769142 0.03600001168314013 0
1396 0.008313833252480467 0.003200079818518886 0
1397 0.009006675293557767 0.003600155795440582 0
1398 0.004849742261192416 0.02759999999999987 0
1399 0.002078460969082718 0.0348 0
1400 0.006927990962595875 0.002400544903157709 0
1401 0.006235382907247346 0.02199999999999982 0
1402 0.006235382907247352 0.02119999999999986 0
1403 0.006928080220309101 0.00320027425359376 0
1404 0.007621023553302768 0.02119999999999984 0
1405 0.006928203230275159 0.02079999999999979 0
1406 0.002078460969082338 0.03079999999999988 0
1407 0.004156921938164946 0.02959999999999994 0
1408 0.0006928203230273326 0.02679999999999995 0
1409 0.001385640646054655 0.02959999999999977 0
1410 0.001385640646054589 0.02479999999999966 0
1411 0.00138525207568836 0.002400175965780387 0
1412 0.001385640646054818 0.003999999999999934 0
1413 0.001382194724733957 0.001605459618259676 0
1414 0.001385640646054743 0.01919999999999983 0
1415 0.001385640646054816 0.004799999999999967 0
1416 0.001385605370518878 0.003199951205281073 0
1417 0.001385640646054778 0.006399999999999966 0
1418 0.0013856406460548 0.005599999999999973 0
1419 0.001385640646054783 0.007199999999999934 0
1420 0.001385640646054793 0.007999999999999901 0
1421 0.001385640646054766 0.008799999999999931 0
1422 0.001385640646054767 0.01999999999999989 0
1423 0.0006928203230273759 0.0235999999999999 0
1424 0.0006928203230273152 0.01800000000000005 0
1425 0.001385640646054783 0.0207999999999999 0
1426 0.001385640646054771 0.02159999999999993 0
1427 0.001385640646054766 0.02239999999999993 0
1428 0.001385640646054748 0.02319999999999987 0
1429 0.0006928203230272649 0.02439999999999983 0
1430 0.0006928203230273482 0.02919999999999985 0
1431 0.0006928203230272493 0.01640000000000001 0
1432 0.00138564064605462 0.02560000000000008 0
1433 0.001385640646054759 0.03039999999999994 0
1434 0.0006928203230273742 0.02839999999999989 0
1435 0.00138564064605471 0.02719999999999988 0
1436 0.001385640646054731 0.00959999999999997 0
1437 0.0006928203230272649 0.02599999999999999 0
1438 0.00138564064605471 0.02799999999999984 0
1439 0.001385640646054721 0.01039999999999996 0
1440 0.001385640646054795 0.0111999999999998 0
1441 0.001385640646054722 0.01199999999999986 0
1442 0.0006928203230273516 0.01879999999999997 0
1443 0.001385640646054653 0.01279999999999999 0
1444 0.001385640646054655 0.01359999999999997 0
1445 0.001385640646054617 0.01439999999999998 0
1446 0.001385640646054525 0.01520000000000003 0
1447 0.0006928203230272649 0.01560000000000002 0
1448 0.001385640646054535 0.01679999999999995 0
1449 0.001385640646054578 0.01759999999999994 0
1450 0.001303036197629026 0.0007368483938361044 0
1451 0.004852140394474187 0.03799999999999983 0
1452 0.01401316381289799 0.0394120817003015 0
1453 0.01401285247914003 0.0005883553914559185 0
1454 0.01876076951545866 0.03932982940778279 0
1455 0.004804788995618538 0.001297919741218685 0
1456 0.01039013528398661 0.03873878610809877 0
1457 0.01039809481337076 0.001281788602031791 0
1458 0.004809949463194889 0.03870548670006986 0
1459 0.0158241724396369 0.03875628488323838 0
1460 0.01795638299871172 0.002702296786011346 0
1461 0.01874648533006295 0.004000577056148126 0
1462 0.01856624312251318 0.005987749406880896 0
1463 0.01945854127342275 0.005226409006474864 0
1464 0.01930855110603346 0.008399999999999947 0
1465 0.01788543262763603 0.007201779328715241 0
1466 0.01784350964295078 0.009617301936710367 0
1467 0.01794108403752978 0.01032280797294641 0
1468 0.01872208494634533 0.0112 0
1469 0.01937630737451997 0.01246167610262077 0
1470 0.01786249854567029 0.01362786863247947 0
1471 0.01877568475671021 0.014410764104774 0
1472 0.01784781168720642 0.01519999999999976 0
1473 0.01877975969521573 0.01599999999999994 0
1474 0.01782829277966833 0.01679999999999976 0
1475 0.01795246907101445 0.01748888888888868 0
1476 0.01878587898640231 0.01842666666666658 0
1477 0.01784755445659131 0.01919999999999976 0
1478 0.01877965994929685 0.01999999999999993 0
1479 0.01784743649312087 0.02079999999999975 0
1480 0.01877965994929687 0.02159999999999994 0
1481 0.01784742976759034 0.02239999999999975 0
1482 0.01877975969521576 0.02319999999999994 0
1483 0.01782826965988667 0.02399999999999974 0
1484 0.01795188167025906 0.02468888888888866 0
1485 0.01805970787214197 0.0299897816216991 0
1486 0.01876788187526625 0.02562222222222215 0
1487 0.01784755423372915 0.02639999999999973 0
1488 0.01716457166518646 0.02922682442118544 0
1489 0.01877965994929689 0.02719999999999993 0
1490 0.01786736998389856 0.02797677101515685 0
1491 0.01875732504404847 0.03119809718621958 0
1492 0.01945853061029373 0.03242617143410773 0
1493 0.01854058863967906 0.03318240839054622 0
1494 0.0193499360000578 0.03411111111111099 0
1495 0.0185406126151945 0.03559999999999964 0
1496 0.01947265287975483 0.03482222222222211 0
1497 0.01946410161513776 0.0363999999999999 0
1498 0.01854187556399817 0.03719925701586017 0
1499 0.01945771651735626 0.03798323795424893 0
1500 0.01582266351548191 0.001447321367478063 0
1501 0.006319421937684556 0.03868214379791732 0
1502 0.006315759753743162 0.001310664764007183 0
1503 0.0148 0.03944046366413555 0
1504 0.0148 0.0005595363358643496 0
1505 0.008936389766072254 0.001321718888923254 0
1506 0.01186775351483267 0.03867132749793302 0
1507 0.01186758830313034 0.00132948755911548 0
1508 0.008906314333348601 0.03869761897214968 0
1509 0.01857196537494338 0.03870382200871829 0
1510 0.01742215538020954 0.03866266623072306 0
1511 0.0179909344210868 0.0005342464891973375 0
1512 0.002009070639818407 0.03946576432542184 0
1513 0.001999999999999993 0.0005358983848621178 0
1514 0.007600000000000002 0.03946648250425269 0
1515 0.0076 0.0005335174957472391 0
1516 0.01308068236886885 0.03865640646055091 0
1517 0.01308068236886809 0.001343593539448865 0
1518 0.003599999999999995 0.0005233511802554616 0
1519 0.0164 0.0005220501082527536 0
1520 0.003599999999999999 0.03947794989174727 0
1521 0.01661385161554018 0.00255199278503087 0
1522 0.01589579412370878 0.002156433902364151 0
1523 0.0005856406460551106 0.0005856406460550898 0
1524 0.0005856406460550898 0.03941435935394488 0
1525 0.01941435935394487 0.03941435935394488 0
1526 0.0194143593539449 0.0005856406460550828 0
1527 0.01805672287773165 0.02855282409941306 0
1528 0.01874549993761098 0.006562647381615619 0
1529 0.01856912035096986 0.004538614952684922 0
1530 0.01787876019764417 0.003370098141837849 0
1531 0.01857187486217334 0.01176387451248288 0
1532 0.0178893429221615 0.03057355862125041 0
1533 0.01857029709930767 0.03173767586211376 0
1534 0.01873304396987588 0.01300556778486925 0
1535 0.01875352525049753 0.008979168995650419 0
1536 0.01728342152196014 0.002266520027837615 0
1537 0.01875349873193477 0.00782146368085166 0
1538 0.01513230663450659 0.03896751110356532 0
1539 0.01515988117380903 0.001084841576190997 0
1540 0.01371533140917719 0.03890496818496569 0
1541 0.01371435820267447 0.001096574442361484 0
$EndNodes
$Elements
3084
1 15 2 0 1 1
2 15 2 0 2 2
3 15 2 0 3 3
4 15 2 0 4 4
5 1 2 0 1 1 5
6 1 2 0 1 5 6
7 1 2 0 1 6 7
8 1 2 0 1 7 8
9 1 2 0 1 8 9
10 1 2 0 1 9 10
11 1 2 0 1 10 11
12 1 2 0 1 11 12
13 1 2 0 1 12 13
14 1 2 0 1 13 14
15 1 2 0 1 14 15
16 1 2 0 1 15 16
17 1 2 0 1 16 17
18 1 2 0 1 17 18
19 1 2 0 1 18 19
20 1 2 0 1 19 20
21 1 2 0 1 20 21
22 1 2 0 1 21 22
23 1 2 0 1 22 23
24 1 2 0 1 23 24
25 1 2 0 1 24 25
26 1 2 0 1 25 26
27 1 2 0 1 26 27
28 1 2 0 1 27 28
29 1 2 0 1 28 2
30 1 2 0 2 2 29
31 1 2 0 2 29 30
32 1 2 0 2 30 31
33 1 2 0 2 31 32
34 1 2 0 2 32 33
35 1 2 0 2 33 34
36 1 2 0 2 34 35
37 1 2 0 2 35 36
38 1 2 0 2 36 37
39 1 2 0 2 37 38
40 1 2 0 2 38 39
41 1 2 0 2 39 40
42 1 2 0 2 40 41
43 1 2 0 2 41 42
44 1 2 0 2 42 43
45 1 2 0 2 43 44
46 1 2 0 2 44 45
47 1 2 0 2 45 46
48 1 2 0 2 46 47
49 1 2 0 2 47 48
50 1 2 0 2 48 49
51 1 2 0 2 49 50
52 1 2 0 2 50 51
53 1 2 0 2 51 52
54 1 2 0 2 52 53
55 1 2 0 2 53 54
56 1 2 0 2 54 55
57 1 2 0 2 55 56
58 1 2 0 2 56 57
59 1 2 0 2 57 58
60 1 2 0 2 58 59
61 1 2 0 2 59 60
62 1 2 0 2 60 61
63 1 2 0 2 61 62
64 1 2 0 2 62 63
65 1 2 0 2 63 64
66 1 2 0 2 64 65
67 1 2 0 2 65 66
68 1 2 0 2 66 67
69 1 2 0 2 67 68
70 1 2 0 2 68 69
71 1 2 0 2 69 70
72 1 2 0 2 70 71
73 1 2 0 2 71 72
74 1 2 0 2 72 73
75 1 2 0 2 73 74
76 1 2 0 2 74 75
77 1 2 0 2 75 76
78 1 2 0 2 76 77
79 1 2 0 2 77 3
80 1 2 0 3 3 78
81 1 2 0 3 78 79
82 1 2 0 3 79 80
83 1 2 0 3 80 81
84 1 2 0 3 81 82
85 1 2 0 3 82 83
86 1 2 0 3 83 84
87 1 2 0 3 84 85
88 1 2 0 3 85 86
89 1 2 0 3 86 87
90 1 2 0 3 87 88
91 1 2 0 3 88 89
92 1 2 0 3 89 90
93 1 2 0 3 90 91
94 1 2 0 3 91 92
95 1 2 0 3 92 93
96 1 2 0 3 93 94
97 1 2 0 3 94 95
98 1 2 0 3 95 96
99 1 2 0 3 96 97
100 1 2 0 3 97 98
101 1 2 0 3 98 99
102 1 2 0 3 99 100
103 1 2 0 3 100 101
104 1 2 0 3 101 4
105 1 2 0 4 4 102
106 1 2 0 4 102 103
107 1 2 0 4 103 104
108 1 2 0 4 104 105
109 1 2 0 4 105 106
110 1 2 0 4 106 107
111 1 2 0 4 107 108
112 1 2 0 4 108 109
113 1 2 0 4 109 110
114 1 2 0 4 110 111
115 1 2 0 4 111 112
116 1 2 0 4 112 113
117 1 2 0 4 113 114
118 1 2 0 4 114 115
119 1 2 0 4 115 116
120 1 2 0 4 116 117
121 1 2 0 4 117 118
122 1 2 0 4 118 119
123 1 2 0 4 119 120
124 1 2 0 4 120 121
125 1 2 0 4 121 122
126 1 2 0 4 122 123
127 1 2 0 4 123 124
128 1 2 0 4 124 125
129 1 2 0 4 125 126
130 1 2 0 4 126 127
131 1 2 0 4 127 128
132 1 2 0 4 128 129
133 1 2 0 4 129 130
134 1 2 0 4 130 131
135 1 2 0 4 131 132
136 1 2 0 4 132 133
137 1 2 0 4 133 134
138 1 2 0 4 134 135
139 1 2 0 4 135 136
140 1 2 0 4 136 137
141 1 2 0 4 137 138
142 1 2 0 4 138 139
143 1 2 0 4 139 140
144 1 2 0 4 140 141
145 1 2 0 4 141 142
146 1 2 0 4 142 143
147 1 2 0 4 143 144
148 1 2 0 4 144 145
149 1 2 0 4 145 146
150 1 2 0 4 146 147
151 1 2 0 4 147 148
152 1 2 0 4 148 149
153 1 2 0 4 149 150
154 1 2 0 4 150 1
155 2 2 0 1 207 1205 865
156 2 2 0 1 836 1097 837
157 2 2 0 1 878 927 177
158 2 2 0 1 204 1079 873
159 2 2 0 1 872 1189 196
160 2 2 0 1 874 1089 161
161 2 2 0 1 889 890 179
162 2 2 0 1 1098 1099 795
163 2 2 0 1 790 1163 1162
164 2 2 0 1 865 1510 207
165 2 2 0 1 1092 1467 1466
166 2 2 0 1 1093 1467 1092
167 2 2 0 1 969 1475 970
168 2 2 0 1 970 1475 1474
169 2 2 0 1 1130 1484 1483
170 2 2 0 1 1131 1484 1130
171 2 2 0 1 1494 1496 949
172 2 2 0 1 948 1494 949
173 2 2 0 1 980 1500 180
174 2 2 0 1 837 1097 840
175 2 2 0 1 927 1518 177
176 2 2 0 1 196 1507 872
177 2 2 0 1 873 1506 204
178 2 2 0 1 879 906 167
179 2 2 0 1 883 884 169
180 2 2 0 1 180 1519 980
181 2 2 0 1 179 1520 889
182 2 2 0 1 874 1505 1089
183 2 2 0 1 6 1450 5
184 2 2 0 1 101 900 100
185 2 2 0 1 28 976 27
186 2 2 0 1 880 883 190
187 2 2 0 1 201 906 885
188 2 2 0 1 1162 1502 790
189 2 2 0 1 795 1501 1098
190 2 2 0 1 836 1456 1097
191 2 2 0 1 202 1462 965
192 2 2 0 1 965 1463 202
193 2 2 0 1 1275 1465 1225
194 2 2 0 1 1092 1466 846
195 2 2 0 1 1086 1470 791
196 2 2 0 1 848 1471 1154
197 2 2 0 1 1154 1472 848
198 2 2 0 1 691 1473 970
199 2 2 0 1 970 1474 691
200 2 2 0 1 1021 1477 849
201 2 2 0 1 849 1476 1021
202 2 2 0 1 850 1478 1040
203 2 2 0 1 1040 1479 850
204 2 2 0 1 1128 1481 851
205 2 2 0 1 851 1480 1128
206 2 2 0 1 710 1482 1130
207 2 2 0 1 1130 1483 710
208 2 2 0 1 166 1493 1082
209 2 2 0 1 1082 1492 166
210 2 2 0 1 1084 1487 852
211 2 2 0 1 852 1486 1084
212 2 2 0 1 1023 1490 854
213 2 2 0 1 1280 1488 763
214 2 2 0 1 854 1489 1023
215 2 2 0 1 185 1498 871
216 2 2 0 1 871 1497 185
217 2 2 0 1 178 1495 949
218 2 2 0 1 949 1496 178
219 2 2 0 1 1126 1499 209
220 2 2 0 1 983 1461 844
221 2 2 0 1 172 1463 965
222 2 2 0 1 847 1465 1275
223 2 2 0 1 1093 1468 792
224 2 2 0 1 792 1467 1093
225 2 2 0 1 1210 1469 869
226 2 2 0 1 1086 1471 848
227 2 2 0 1 848 1470 1086
228 2 2 0 1 691 1472 1154
229 2 2 0 1 1154 1473 691
230 2 2 0 1 849 1475 969
231 2 2 0 1 969 1476 849
232 2 2 0 1 850 1477 1021
233 2 2 0 1 1021 1478 850
234 2 2 0 1 851 1479 1040
235 2 2 0 1 1040 1480 851
236 2 2 0 1 710 1481 1128
237 2 2 0 1 1128 1482 710
238 2 2 0 1 1131 1486 852
239 2 2 0 1 852 1484 1131
240 2 2 0 1 1084 1489 854
241 2 2 0 1 854 1487 1084
242 2 2 0 1 1280 1485 659
243 2 2 0 1 659 1488 1280
244 2 2 0 1 1018 1491 853
245 2 2 0 1 194 1492 1082
246 2 2 0 1 948 1493 166
247 2 2 0 1 166 1494 948
248 2 2 0 1 871 1495 178
249 2 2 0 1 1126 1498 185
250 2 2 0 1 178 1497 871
251 2 2 0 1 185 1499 1126
252 2 2 0 1 1225 1528 1275
253 2 2 0 1 763 1527 1280
254 2 2 0 1 844 1530 983
255 2 2 0 1 965 1529 172
256 2 2 0 1 869 1531 1210
257 2 2 0 1 853 1532 1018
258 2 2 0 1 1082 1533 194
259 2 2 0 1 791 1534 1086
260 2 2 0 1 846 1535 1092
261 2 2 0 1 1275 1537 847
262 2 2 0 1 209 1509 1126
263 2 2 0 1 1500 1539 180
264 2 2 0 1 924 926 198
265 2 2 0 1 199 888 886
266 2 2 0 1 977 979 188
267 2 2 0 1 1450 1523 5
268 2 2 0 1 101 1524 900
269 2 2 0 1 28 1526 976
270 2 2 0 1 945 1516 1095
271 2 2 0 1 1090 1517 863
272 2 2 0 1 886 889 199
273 2 2 0 1 979 980 188
274 2 2 0 1 790 1455 1163
275 2 2 0 1 1099 1458 795
276 2 2 0 1 631 1522 1521
277 2 2 0 1 198 927 924
278 2 2 0 1 868 1539 1500
279 2 2 0 1 1521 1522 981
280 2 2 0 1 906 1514 167
281 2 2 0 1 169 1515 883
282 2 2 0 1 1125 1509 1078
283 2 2 0 1 161 1457 874
284 2 2 0 1 1078 1510 1125
285 2 2 0 1 1079 1456 873
286 2 2 0 1 872 1457 1189
287 2 2 0 1 867 1540 866
288 2 2 0 1 861 1541 864
289 2 2 0 1 1452 1540 867
290 2 2 0 1 864 1541 1453
291 2 2 0 1 1095 1516 170
292 2 2 0 1 168 1517 1090
293 2 2 0 1 883 1515 190
294 2 2 0 1 201 1514 906
295 2 2 0 1 1095 1506 945
296 2 2 0 1 863 1507 1090
297 2 2 0 1 190 1505 880
298 2 2 0 1 177 1455 878
299 2 2 0 1 785 889 886
300 2 2 0 1 1205 1459 865
301 2 2 0 1 167 1501 879
302 2 2 0 1 884 1502 169
303 2 2 0 1 890 1458 179
304 2 2 0 1 885 1508 201
305 2 2 0 1 923 927 878
306 2 2 0 1 924 927 923
307 2 2 0 1 785 890 889
308 2 2 0 1 979 981 980
309 2 2 0 1 1460 1536 978
310 2 2 0 1 191 1534 1469
311 2 2 0 1 1464 1537 164
312 2 2 0 1 193 1535 1464
313 2 2 0 1 619 1317 891
314 2 2 0 1 785 891 890
315 2 2 0 1 926 1513 198
316 2 2 0 1 188 1511 977
317 2 2 0 1 199 1512 888
318 2 2 0 1 619 891 785
319 2 2 0 1 891 1317 743
320 2 2 0 1 220 898 423
321 2 2 0 1 423 898 892
322 2 2 0 1 215 1406 218
323 2 2 0 1 1037 1398 797
324 2 2 0 1 226 902 329
325 2 2 0 1 329 902 894
326 2 2 0 1 894 1037 329
327 2 2 0 1 895 1198 571
328 2 2 0 1 894 1398 1037
329 2 2 0 1 571 896 895
330 2 2 0 1 1401 1402 1169
331 2 2 0 1 560 896 571
332 2 2 0 1 479 1168 911
333 2 2 0 1 897 904 543
334 2 2 0 1 798 1407 1160
335 2 2 0 1 911 1168 910
336 2 2 0 1 218 898 220
337 2 2 0 1 897 1229 904
338 2 2 0 1 224 902 226
339 2 2 0 1 910 1168 312
340 2 2 0 1 312 1277 910
341 2 2 0 1 523 1181 525
342 2 2 0 1 1424 1442 128
343 2 2 0 1 911 1401 1169
344 2 2 0 1 560 904 896
345 2 2 0 1 892 1160 423
346 2 2 0 1 907 908 817
347 2 2 0 1 1118 1120 589
348 2 2 0 1 1120 1121 589
349 2 2 0 1 1178 1387 1293
350 2 2 0 1 910 1277 908
351 2 2 0 1 218 1406 898
352 2 2 0 1 543 907 897
353 2 2 0 1 1315 1432 1410
354 2 2 0 1 1402 1405 1169
355 2 2 0 1 589 1187 1118
356 2 2 0 1 911 1169 479
357 2 2 0 1 1118 1187 1117
358 2 2 0 1 588 1181 523
359 2 2 0 1 518 1013 516
360 2 2 0 1 556 1009 1006
361 2 2 0 1 1179 1181 588
362 2 2 0 1 908 1277 817
363 2 2 0 1 514 1334 512
364 2 2 0 1 904 1229 896
365 2 2 0 1 797 1398 895
366 2 2 0 1 485 1114 1046
367 2 2 0 1 897 907 817
368 2 2 0 1 1117 1187 635
369 2 2 0 1 485 1046 1045
370 2 2 0 1 517 1121 519
371 2 2 0 1 895 1398 1198
372 2 2 0 1 512 1334 1012
373 2 2 0 1 1047 1050 316
374 2 2 0 1 589 1121 517
375 2 2 0 1 885 906 905
376 2 2 0 1 1014 1015 962
377 2 2 0 1 566 1002 1000
378 2 2 0 1 276 1233 278
379 2 2 0 1 1114 1115 1046
380 2 2 0 1 1293 1387 1122
381 2 2 0 1 512 1012 510
382 2 2 0 1 1199 1395 1100
383 2 2 0 1 208 1215 899
384 2 2 0 1 183 1381 901
385 2 2 0 1 1011 1015 1014
386 2 2 0 1 1050 1242 316
387 2 2 0 1 1180 1394 1181
388 2 2 0 1 899 1215 901
389 2 2 0 1 899 900 208
390 2 2 0 1 1180 1402 1394
391 2 2 0 1 1011 1313 1015
392 2 2 0 1 588 1387 1179
393 2 2 0 1 677 1160 678
394 2 2 0 1 1051 1242 1050
395 2 2 0 1 901 1215 183
396 2 2 0 1 1013 1313 1011
397 2 2 0 1 556 1013 1009
398 2 2 0 1 508 1228 506
399 2 2 0 1 476 1242 1051
400 2 2 0 1 516 1013 556
401 2 2 0 1 171 966 934
402 2 2 0 1 565 998 996
403 2 2 0 1 1404 1405 313
404 2 2 0 1 635 1318 1117
405 2 2 0 1 885 905 841
406 2 2 0 1 1121 1393 519
407 2 2 0 1 1044 1318 1235
408 2 2 0 1 893 1433 1409
409 2 2 0 1 633 908 907
410 2 2 0 1 566 1012 1002
411 2 2 0 1 903 914 913
412 2 2 0 1 1179 1387 1178
413 2 2 0 1 518 1313 1013
414 2 2 0 1 1181 1394 525
415 2 2 0 1 996 1186 565
416 2 2 0 1 903 913 466
417 2 2 0 1 994 1186 996
418 2 2 0 1 934 966 931
419 2 2 0 1 1160 1407 423
420 2 2 0 1 564 1186 994
421 2 2 0 1 1006 1334 556
422 2 2 0 1 1045 1233 485
423 2 2 0 1 510 1012 566
424 2 2 0 1 519 1393 521
425 2 2 0 1 556 1334 514
426 2 2 0 1 905 914 841
427 2 2 0 1 564 994 992
428 2 2 0 1 278 1233 316
429 2 2 0 1 1180 1405 1402
430 2 2 0 1 1000 1228 566
431 2 2 0 1 992 1139 564
432 2 2 0 1 937 1399 932
433 2 2 0 1 214 1406 215
434 2 2 0 1 990 1139 992
435 2 2 0 1 633 909 908
436 2 2 0 1 485 1233 276
437 2 2 0 1 543 904 544
438 2 2 0 1 316 1233 1047
439 2 2 0 1 1100 1381 183
440 2 2 0 1 563 1139 990
441 2 2 0 1 1051 1365 476
442 2 2 0 1 934 967 171
443 2 2 0 1 544 904 560
444 2 2 0 1 638 1135 1060
445 2 2 0 1 1122 1385 1293
446 2 2 0 1 798 1160 677
447 2 2 0 1 913 914 912
448 2 2 0 1 466 1024 903
449 2 2 0 1 565 1228 998
450 2 2 0 1 678 1160 892
451 2 2 0 1 506 1228 565
452 2 2 0 1 1120 1122 1121
453 2 2 0 1 566 1228 508
454 2 2 0 1 1115 1318 1046
455 2 2 0 1 1060 1135 1059
456 2 2 0 1 931 966 189
457 2 2 0 1 633 907 533
458 2 2 0 1 1235 1318 635
459 2 2 0 1 902 1407 798
460 2 2 0 1 395 950 936
461 2 2 0 1 563 990 988
462 2 2 0 1 1046 1318 1044
463 2 2 0 1 1120 1385 1122
464 2 2 0 1 533 907 543
465 2 2 0 1 887 1380 671
466 2 2 0 1 929 931 189
467 2 2 0 1 773 1391 1368
468 2 2 0 1 1100 1395 1381
469 2 2 0 1 928 1303 1209
470 2 2 0 1 988 1185 563
471 2 2 0 1 593 1399 937
472 2 2 0 1 841 914 903
473 2 2 0 1 1135 1174 1059
474 2 2 0 1 865 941 669
475 2 2 0 1 424 913 912
476 2 2 0 1 975 982 978
477 2 2 0 1 767 920 918
478 2 2 0 1 315 1115 1114
479 2 2 0 1 986 1185 988
480 2 2 0 1 667 944 683
481 2 2 0 1 1117 1318 1115
482 2 2 0 1 317 1057 1056
483 2 2 0 1 952 1264 919
484 2 2 0 1 912 1069 424
485 2 2 0 1 1386 1403 882
486 2 2 0 1 403 1207 939
487 2 2 0 1 317 1058 1057
488 2 2 0 1 939 1207 915
489 2 2 0 1 723 1183 1143
490 2 2 0 1 673 923 878
491 2 2 0 1 683 944 822
492 2 2 0 1 918 920 770
493 2 2 0 1 362 1310 360
494 2 2 0 1 1059 1174 1061
495 2 2 0 1 213 929 212
496 2 2 0 1 872 916 754
497 2 2 0 1 284 1137 290
498 2 2 0 1 216 929 213
499 2 2 0 1 919 1264 413
500 2 2 0 1 936 1071 395
501 2 2 0 1 466 1071 1024
502 2 2 0 1 838 935 827
503 2 2 0 1 730 1354 1214
504 2 2 0 1 90 1096 160
505 2 2 0 1 562 1185 986
506 2 2 0 1 590 1200 1061
507 2 2 0 1 1339 1362 938
508 2 2 0 1 788 1373 1353
509 2 2 0 1 967 1395 1199
510 2 2 0 1 315 1116 1115
511 2 2 0 1 570 1069 745
512 2 2 0 1 810 1254 1036
513 2 2 0 1 915 1207 483
514 2 2 0 1 1002 1012 1004
515 2 2 0 1 303 1054 1033
516 2 2 0 1 413 1309 919
517 2 2 0 1 764 1351 1075
518 2 2 0 1 1026 1262 804
519 2 2 0 1 1297 1355 921
520 2 2 0 1 1111 1142 598
521 2 2 0 1 936 950 935
522 2 2 0 1 938 1362 937
523 2 2 0 1 303 1056 1054
524 2 2 0 1 1041 1241 1067
525 2 2 0 1 286 1142 1112
526 2 2 0 1 1112 1143 286
527 2 2 0 1 617 923 673
528 2 2 0 1 1368 1391 1074
529 2 2 0 1 402 1147 364
530 2 2 0 1 487 1251 653
531 2 2 0 1 1209 1303 594
532 2 2 0 1 1024 1071 936
533 2 2 0 1 1143 1183 1182
534 2 2 0 1 317 1056 295
535 2 2 0 1 962 1016 1014
536 2 2 0 1 1061 1174 590
537 2 2 0 1 767 921 920
538 2 2 0 1 1033 1063 303
539 2 2 0 1 364 1147 362
540 2 2 0 1 483 952 915
541 2 2 0 1 967 1399 1356
542 2 2 0 1 1146 1147 402
543 2 2 0 1 1147 1310 362
544 2 2 0 1 838 936 935
545 2 2 0 1 416 1194 397
546 2 2 0 1 1112 1142 1111
547 2 2 0 1 951 1285 1284
548 2 2 0 1 944 945 822
549 2 2 0 1 609 917 779
550 2 2 0 1 1243 1328 393
551 2 2 0 1 1224 1225 1105
552 2 2 0 1 639 1201 460
553 2 2 0 1 669 941 615
554 2 2 0 1 627 1081 626
555 2 2 0 1 216 930 929
556 2 2 0 1 426 1194 416
557 2 2 0 1 626 1081 855
558 2 2 0 1 827 935 825
559 2 2 0 1 1104 1224 1105
560 2 2 0 1 216 1326 930
561 2 2 0 1 1358 1363 771
562 2 2 0 1 928 1209 747
563 2 2 0 1 206 974 31
564 2 2 0 1 723 1214 1183
565 2 2 0 1 921 1355 920
566 2 2 0 1 1054 1055 1053
567 2 2 0 1 370 1208 368
568 2 2 0 1 368 1208 1149
569 2 2 0 1 562 986 984
570 2 2 0 1 104 1215 103
571 2 2 0 1 1026 1232 414
572 2 2 0 1 909 910 908
573 2 2 0 1 87 1095 86
574 2 2 0 1 466 913 415
575 2 2 0 1 483 1264 952
576 2 2 0 1 1056 1057 1055
577 2 2 0 1 1253 1283 287
578 2 2 0 1 1392 1397 876
579 2 2 0 1 1031 1063 1033
580 2 2 0 1 1032 1052 1034
581 2 2 0 1 932 1399 934
582 2 2 0 1 162 212 111
583 2 2 0 1 1060 1374 638
584 2 2 0 1 862 1203 860
585 2 2 0 1 476 1365 1137
586 2 2 0 1 1061 1200 1055
587 2 2 0 1 476 1137 284
588 2 2 0 1 441 928 811
589 2 2 0 1 537 1289 585
590 2 2 0 1 538 1204 440
591 2 2 0 1 586 1363 1358
592 2 2 0 1 839 1024 838
593 2 2 0 1 856 948 947
594 2 2 0 1 477 1251 487
595 2 2 0 1 295 1056 303
596 2 2 0 1 307 1305 1260
597 2 2 0 1 984 1076 562
598 2 2 0 1 811 928 922
599 2 2 0 1 843 1392 876
600 2 2 0 1 412 1259 1258
601 2 2 0 1 1258 1261 412
602 2 2 0 1 715 952 919
603 2 2 0 1 1033 1052 1032
604 2 2 0 1 1054 1056 1055
605 2 2 0 1 402 1148 1146
606 2 2 0 1 469 1311 1188
607 2 2 0 1 1067 1241 813
608 2 2 0 1 826 827 825
609 2 2 0 1 934 1399 967
610 2 2 0 1 1088 1343 1281
611 2 2 0 1 1316 1331 469
612 2 2 0 1 1283 1301 287
613 2 2 0 1 546 1344 643
614 2 2 0 1 803 1192 1191
615 2 2 0 1 1052 1054 1053
616 2 2 0 1 1143 1182 286
617 2 2 0 1 80 1078 79
618 2 2 0 1 302 318 310
619 2 2 0 1 1281 1343 420
620 2 2 0 1 1350 1364 1110
621 2 2 0 1 81 1205 207
622 2 2 0 1 290 1137 317
623 2 2 0 1 82 1205 81
624 2 2 0 1 86 1095 170
625 2 2 0 1 95 1099 1098
626 2 2 0 1 394 1243 393
627 2 2 0 1 770 1270 918
628 2 2 0 1 803 1253 1192
629 2 2 0 1 414 1262 1026
630 2 2 0 1 428 1069 570
631 2 2 0 1 308 1304 328
632 2 2 0 1 324 1312 330
633 2 2 0 1 959 1144 567
634 2 2 0 1 724 1226 644
635 2 2 0 1 89 1079 88
636 2 2 0 1 88 1079 204
637 2 2 0 1 346 395 389
638 2 2 0 1 406 1243 394
639 2 2 0 1 425 1069 428
640 2 2 0 1 801 802 586
641 2 2 0 1 601 1088 599
642 2 2 0 1 706 1148 704
643 2 2 0 1 943 1203 862
644 2 2 0 1 974 982 975
645 2 2 0 1 449 1030 646
646 2 2 0 1 806 1301 1283
647 2 2 0 1 856 947 946
648 2 2 0 1 1048 1050 1047
649 2 2 0 1 1353 1373 1066
650 2 2 0 1 1091 1093 1092
651 2 2 0 1 1192 1253 287
652 2 2 0 1 425 426 416
653 2 2 0 1 746 1349 1287
654 2 2 0 1 1009 1013 1011
655 2 2 0 1 521 1393 588
656 2 2 0 1 591 593 551
657 2 2 0 1 813 1267 1068
658 2 2 0 1 1064 1327 1066
659 2 2 0 1 420 1343 1241
660 2 2 0 1 856 946 628
661 2 2 0 1 206 982 974
662 2 2 0 1 368 1149 366
663 2 2 0 1 633 1337 909
664 2 2 0 1 804 1262 1261
665 2 2 0 1 813 1068 1067
666 2 2 0 1 360 1310 413
667 2 2 0 1 567 1213 957
668 2 2 0 1 955 1213 568
669 2 2 0 1 823 825 824
670 2 2 0 1 1335 1341 289
671 2 2 0 1 644 1226 642
672 2 2 0 1 1051 1374 1365
673 2 2 0 1 1075 1351 484
674 2 2 0 1 964 1225 1224
675 2 2 0 1 31 974 30
676 2 2 0 1 1365 1374 1060
677 2 2 0 1 1214 1354 1183
678 2 2 0 1 91 1096 90
679 2 2 0 1 414 1208 370
680 2 2 0 1 912 914 794
681 2 2 0 1 998 1228 1000
682 2 2 0 1 1112 1292 1143
683 2 2 0 1 539 616 615
684 2 2 0 1 650 1196 548
685 2 2 0 1 667 682 665
686 2 2 0 1 1029 1331 1316
687 2 2 0 1 1200 1332 1201
688 2 2 0 1 576 1104 435
689 2 2 0 1 539 615 569
690 2 2 0 1 957 959 567
691 2 2 0 1 1030 1031 646
692 2 2 0 1 824 1325 821
693 2 2 0 1 903 1024 839
694 2 2 0 1 930 932 931
695 2 2 0 1 194 1017 67
696 2 2 0 1 392 1073 1072
697 2 2 0 1 405 1206 404
698 2 2 0 1 420 1241 1041
699 2 2 0 1 445 1030 449
700 2 2 0 1 537 584 536
701 2 2 0 1 961 1144 959
702 2 2 0 1 1043 1048 1047
703 2 2 0 1 1058 1059 1057
704 2 2 0 1 106 1199 1100
705 2 2 0 1 536 1206 405
706 2 2 0 1 460 1201 462
707 2 2 0 1 810 1036 680
708 2 2 0 1 1252 1268 812
709 2 2 0 1 881 1400 884
710 2 2 0 1 1083 1084 186
711 2 2 0 1 1053 1201 639
712 2 2 0 1 754 916 645
713 2 2 0 1 52 1020 203
714 2 2 0 1 151 1020 53
715 2 2 0 1 877 1396 882
716 2 2 0 1 110 189 109
717 2 2 0 1 414 1232 1208
718 2 2 0 1 628 946 942
719 2 2 0 1 822 823 821
720 2 2 0 1 1111 1350 1110
721 2 2 0 1 1321 1328 1243
722 2 2 0 1 203 968 51
723 2 2 0 1 236 1257 655
724 2 2 0 1 577 1347 1314
725 2 2 0 1 745 1069 912
726 2 2 0 1 1237 1239 1238
727 2 2 0 1 153 1279 65
728 2 2 0 1 531 1337 633
729 2 2 0 1 1122 1393 1121
730 2 2 0 1 349 393 348
731 2 2 0 1 542 1317 552
732 2 2 0 1 805 1159 689
733 2 2 0 1 1260 1305 810
734 2 2 0 1 1057 1061 1055
735 2 2 0 1 399 477 405
736 2 2 0 1 682 1328 1321
737 2 2 0 1 1246 1299 814
738 2 2 0 1 1370 1388 939
739 2 2 0 1 1064 1066 1065
740 2 2 0 1 317 1137 1058
741 2 2 0 1 652 1101 338
742 2 2 0 1 1028 1248 655
743 2 2 0 1 1073 1074 1072
744 2 2 0 1 47 1153 154
745 2 2 0 1 54 1039 151
746 2 2 0 1 63 1022 173
747 2 2 0 1 1123 1259 412
748 2 2 0 1 495 1174 497
749 2 2 0 1 629 630 627
750 2 2 0 1 668 916 863
751 2 2 0 1 697 698 696
752 2 2 0 1 794 914 905
753 2 2 0 1 1158 1159 805
754 2 2 0 1 1103 1255 1170
755 2 2 0 1 1256 1257 1157
756 2 2 0 1 1027 1035 353
757 2 2 0 1 402 1149 1148
758 2 2 0 1 440 1204 540
759 2 2 0 1 704 1148 800
760 2 2 0 1 882 1403 1400
761 2 2 0 1 1124 1126 1125
762 2 2 0 1 120 1429 175
763 2 2 0 1 1096 1097 160
764 2 2 0 1 570 744 743
765 2 2 0 1 1081 1082 855
766 2 2 0 1 61 1083 186
767 2 2 0 1 1022 1023 173
768 2 2 0 1 288 1361 1270
769 2 2 0 1 456 1272 1034
770 2 2 0 1 579 940 768
771 2 2 0 1 749 750 601
772 2 2 0 1 705 706 704
773 2 2 0 1 1116 1117 1115
774 2 2 0 1 56 1127 192
775 2 2 0 1 1290 1296 408
776 2 2 0 1 474 582 580
777 2 2 0 1 489 1286 1161
778 2 2 0 1 961 1015 557
779 2 2 0 1 1209 1391 773
780 2 2 0 1 1188 1311 806
781 2 2 0 1 806 1311 1301
782 2 2 0 1 1336 1385 1119
783 2 2 0 1 181 1205 82
784 2 2 0 1 464 1065 461
785 2 2 0 1 630 853 627
786 2 2 0 1 804 1261 1258
787 2 2 0 1 57 1129 1127
788 2 2 0 1 1085 1086 191
789 2 2 0 1 583 604 582
790 2 2 0 1 722 1076 984
791 2 2 0 1 1143 1292 723
792 2 2 0 1 59 1132 155
793 2 2 0 1 103 1215 208
794 2 2 0 1 1170 1255 302
795 2 2 0 1 343 1041 973
796 2 2 0 1 349 394 393
797 2 2 0 1 349 1234 399
798 2 2 0 1 557 1144 961
799 2 2 0 1 666 667 665
800 2 2 0 1 1148 1149 800
801 2 2 0 1 831 1246 814
802 2 2 0 1 930 931 929
803 2 2 0 1 45 1085 191
804 2 2 0 1 197 1151 124
805 2 2 0 1 195 1141 140
806 2 2 0 1 315 1329 1116
807 2 2 0 1 350 352 341
808 2 2 0 1 535 1065 464
809 2 2 0 1 1042 1043 636
810 2 2 0 1 745 794 793
811 2 2 0 1 192 1039 55
812 2 2 0 1 111 212 110
813 2 2 0 1 145 971 144
814 2 2 0 1 435 1104 433
815 2 2 0 1 475 1302 1267
816 2 2 0 1 953 955 568
817 2 2 0 1 568 1175 953
818 2 2 0 1 576 1227 963
819 2 2 0 1 621 792 663
820 2 2 0 1 717 952 715
821 2 2 0 1 176 1190 49
822 2 2 0 1 330 1312 1073
823 2 2 0 1 410 1217 391
824 2 2 0 1 537 585 584
825 2 2 0 1 845 964 963
826 2 2 0 1 845 965 964
827 2 2 0 1 960 962 961
828 2 2 0 1 1034 1272 1032
829 2 2 0 1 541 1317 542
830 2 2 0 1 626 628 584
831 2 2 0 1 1123 1158 805
832 2 2 0 1 957 1213 955
833 2 2 0 1 30 974 211
834 2 2 0 1 48 1190 1153
835 2 2 0 1 88 204 87
836 2 2 0 1 206 983 982
837 2 2 0 1 353 355 354
838 2 2 0 1 772 940 579
839 2 2 0 1 641 922 747
840 2 2 0 1 942 946 801
841 2 2 0 1 808 1175 1145
842 2 2 0 1 1290 1325 824
843 2 2 0 1 881 884 883
844 2 2 0 1 1047 1233 1045
845 2 2 0 1 62 1083 61
846 2 2 0 1 86 170 85
847 2 2 0 1 95 1098 94
848 2 2 0 1 592 676 591
849 2 2 0 1 687 1173 685
850 2 2 0 1 860 1202 724
851 2 2 0 1 825 828 824
852 2 2 0 1 843 875 874
853 2 2 0 1 901 1381 1380
854 2 2 0 1 909 911 910
855 2 2 0 1 36 1274 202
856 2 2 0 1 40 1091 193
857 2 2 0 1 42 1210 159
858 2 2 0 1 443 490 406
859 2 2 0 1 590 1174 495
860 2 2 0 1 540 587 575
861 2 2 0 1 681 1227 575
862 2 2 0 1 655 1256 1028
863 2 2 0 1 845 963 681
864 2 2 0 1 1202 1226 724
865 2 2 0 1 760 847 846
866 2 2 0 1 901 1380 887
867 2 2 0 1 1055 1200 1053
868 2 2 0 1 143 972 165
869 2 2 0 1 210 1133 149
870 2 2 0 1 348 1295 408
871 2 2 0 1 462 1332 465
872 2 2 0 1 628 942 584
873 2 2 0 1 937 1362 593
874 2 2 0 1 1195 1278 732
875 2 2 0 1 823 824 821
876 2 2 0 1 945 1077 822
877 2 2 0 1 841 903 839
878 2 2 0 1 892 898 893
879 2 2 0 1 1379 1389 1260
880 2 2 0 1 212 929 189
881 2 2 0 1 352 1237 341
882 2 2 0 1 369 371 370
883 2 2 0 1 487 653 537
884 2 2 0 1 562 1076 492
885 2 2 0 1 559 1291 660
886 2 2 0 1 582 1106 580
887 2 2 0 1 915 952 717
888 2 2 0 1 725 1256 1157
889 2 2 0 1 1149 1208 800
890 2 2 0 1 810 1305 1254
891 2 2 0 1 877 881 880
892 2 2 0 1 54 151 53
893 2 2 0 1 1017 1018 153
894 2 2 0 1 555 1064 535
895 2 2 0 1 590 1332 1200
896 2 2 0 1 753 754 645
897 2 2 0 1 720 1196 650
898 2 2 0 1 771 857 670
899 2 2 0 1 801 946 802
900 2 2 0 1 949 1346 947
901 2 2 0 1 1287 1349 1087
902 2 2 0 1 1161 1286 1196
903 2 2 0 1 63 173 62
904 2 2 0 1 65 1279 64
905 2 2 0 1 162 213 212
906 2 2 0 1 299 300 293
907 2 2 0 1 304 1304 308
908 2 2 0 1 599 1194 426
909 2 2 0 1 615 941 664
910 2 2 0 1 655 1257 1256
911 2 2 0 1 1075 1341 1335
912 2 2 0 1 1109 1292 1112
913 2 2 0 1 149 1133 148
914 2 2 0 1 1018 1019 153
915 2 2 0 1 237 475 235
916 2 2 0 1 389 390 347
917 2 2 0 1 425 427 426
918 2 2 0 1 568 1213 528
919 2 2 0 1 638 1374 1236
920 2 2 0 1 725 1157 1156
921 2 2 0 1 774 1388 1370
922 2 2 0 1 1170 1249 1103
923 2 2 0 1 1251 1342 1323
924 2 2 0 1 296 1063 304
925 2 2 0 1 320 1087 326
926 2 2 0 1 337 1296 1284
927 2 2 0 1 366 1149 402
928 2 2 0 1 1064 1065 535
929 2 2 0 1 585 629 627
930 2 2 0 1 759 1308 602
931 2 2 0 1 796 1229 632
932 2 2 0 1 767 1265 921
933 2 2 0 1 886 888 887
934 2 2 0 1 1030 1304 1031
935 2 2 0 1 1267 1302 1068
936 2 2 0 1 97 179 96
937 2 2 0 1 1091 1092 193
938 2 2 0 1 542 550 429
939 2 2 0 1 680 749 601
940 2 2 0 1 613 677 614
941 2 2 0 1 805 1259 1123
942 2 2 0 1 254 255 253
943 2 2 0 1 258 259 257
944 2 2 0 1 272 274 273
945 2 2 0 1 840 841 839
946 2 2 0 1 1059 1061 1057
947 2 2 0 1 215 216 213
948 2 2 0 1 260 261 259
949 2 2 0 1 262 263 261
950 2 2 0 1 268 1336 1329
951 2 2 0 1 277 1182 467
952 2 2 0 1 346 389 347
953 2 2 0 1 420 1041 347
954 2 2 0 1 409 632 596
955 2 2 0 1 428 429 427
956 2 2 0 1 768 1217 486
957 2 2 0 1 507 1042 636
958 2 2 0 1 640 796 632
959 2 2 0 1 640 807 797
960 2 2 0 1 1291 1315 660
961 2 2 0 1 1193 1278 1195
962 2 2 0 1 52 203 51
963 2 2 0 1 99 199 98
964 2 2 0 1 110 212 189
965 2 2 0 1 399 1234 477
966 2 2 0 1 413 1310 1309
967 2 2 0 1 448 1344 546
968 2 2 0 1 622 844 681
969 2 2 0 1 645 916 668
970 2 2 0 1 866 944 667
971 2 2 0 1 1312 1368 1074
972 2 2 0 1 46 1085 45
973 2 2 0 1 186 1132 60
974 2 2 0 1 268 269 267
975 2 2 0 1 389 396 390
976 2 2 0 1 548 1196 418
977 2 2 0 1 428 570 541
978 2 2 0 1 617 673 618
979 2 2 0 1 695 697 696
980 2 2 0 1 1161 1196 720
981 2 2 0 1 753 775 754
982 2 2 0 1 895 896 796
983 2 2 0 1 953 1175 808
984 2 2 0 1 1043 1045 1044
985 2 2 0 1 56 192 55
986 2 2 0 1 204 1095 87
987 2 2 0 1 90 160 89
988 2 2 0 1 96 1099 95
989 2 2 0 1 179 1099 96
990 2 2 0 1 112 1150 162
991 2 2 0 1 114 1430 187
992 2 2 0 1 239 1306 1302
993 2 2 0 1 246 1156 243
994 2 2 0 1 284 285 283
995 2 2 0 1 290 291 285
996 2 2 0 1 348 408 344
997 2 2 0 1 365 367 366
998 2 2 0 1 419 1219 369
999 2 2 0 1 371 373 372
1000 2 2 0 1 373 375 374
1001 2 2 0 1 379 381 380
1002 2 2 0 1 401 1158 382
1003 2 2 0 1 580 581 473
1004 2 2 0 1 1250 1251 477
1005 2 2 0 1 567 1144 524
1006 2 2 0 1 653 1289 537
1007 2 2 0 1 963 1224 576
1008 2 2 0 1 728 1299 1246
1009 2 2 0 1 922 928 747
1010 2 2 0 1 756 758 757
1011 2 2 0 1 765 767 766
1012 2 2 0 1 823 826 825
1013 2 2 0 1 951 1296 1290
1014 2 2 0 1 986 988 987
1015 2 2 0 1 1058 1060 1059
1016 2 2 0 1 41 1091 40
1017 2 2 0 1 155 1129 58
1018 2 2 0 1 83 181 82
1019 2 2 0 1 92 201 91
1020 2 2 0 1 94 167 93
1021 2 2 0 1 189 966 109
1022 2 2 0 1 162 1150 214
1023 2 2 0 1 244 1245 245
1024 2 2 0 1 341 1237 334
1025 2 2 0 1 377 379 378
1026 2 2 0 1 552 592 591
1027 2 2 0 1 1171 1222 740
1028 2 2 0 1 742 756 755
1029 2 2 0 1 794 905 879
1030 2 2 0 1 990 992 991
1031 2 2 0 1 48 1153 47
1032 2 2 0 1 59 155 58
1033 2 2 0 1 173 1083 62
1034 2 2 0 1 66 1017 153
1035 2 2 0 1 138 1025 137
1036 2 2 0 1 152 1025 138
1037 2 2 0 1 468 1193 383
1038 2 2 0 1 490 1243 406
1039 2 2 0 1 575 1227 439
1040 2 2 0 1 449 646 451
1041 2 2 0 1 452 488 450
1042 2 2 0 1 677 678 614
1043 2 2 0 1 632 1229 675
1044 2 2 0 1 1371 1377 654
1045 2 2 0 1 675 897 817
1046 2 2 0 1 679 798 677
1047 2 2 0 1 679 894 798
1048 2 2 0 1 683 822 821
1049 2 2 0 1 703 705 704
1050 2 2 0 1 705 707 706
1051 2 2 0 1 716 854 718
1052 2 2 0 1 736 738 737
1053 2 2 0 1 860 1203 1202
1054 2 2 0 1 1031 1033 1032
1055 2 2 0 1 1033 1054 1052
1056 2 2 0 1 37 1274 36
1057 2 2 0 1 108 966 171
1058 2 2 0 1 1134 1152 230
1059 2 2 0 1 475 1247 235
1060 2 2 0 1 331 1138 325
1061 2 2 0 1 328 1304 1030
1062 2 2 0 1 339 1073 392
1063 2 2 0 1 390 420 347
1064 2 2 0 1 437 576 435
1065 2 2 0 1 1201 1332 462
1066 2 2 0 1 1188 1316 469
1067 2 2 0 1 725 1156 478
1068 2 2 0 1 550 1362 1339
1069 2 2 0 1 777 783 606
1070 2 2 0 1 734 736 735
1071 2 2 0 1 840 885 841
1072 2 2 0 1 843 876 875
1073 2 2 0 1 861 862 860
1074 2 2 0 1 1270 1361 918
1075 2 2 0 1 276 278 277
1076 2 2 0 1 328 444 319
1077 2 2 0 1 320 326 324
1078 2 2 0 1 339 392 391
1079 2 2 0 1 441 1303 928
1080 2 2 0 1 453 456 455
1081 2 2 0 1 492 1076 491
1082 2 2 0 1 1015 1313 557
1083 2 2 0 1 730 1214 647
1084 2 2 0 1 1251 1323 653
1085 2 2 0 1 689 1159 687
1086 2 2 0 1 859 860 724
1087 2 2 0 1 732 734 733
1088 2 2 0 1 1036 1300 749
1089 2 2 0 1 842 872 754
1090 2 2 0 1 838 1024 936
1091 2 2 0 1 877 882 881
1092 2 2 0 1 1162 1163 11
1093 2 2 0 1 67 1017 66
1094 2 2 0 1 1019 1279 153
1095 2 2 0 1 240 242 241
1096 2 2 0 1 1191 1192 273
1097 2 2 0 1 1155 1300 294
1098 2 2 0 1 486 1217 410
1099 2 2 0 1 637 1042 505
1100 2 2 0 1 635 1187 513
1101 2 2 0 1 587 622 575
1102 2 2 0 1 678 780 614
1103 2 2 0 1 780 1070 614
1104 2 2 0 1 642 922 641
1105 2 2 0 1 778 782 661
1106 2 2 0 1 664 666 665
1107 2 2 0 1 809 954 953
1108 2 2 0 1 975 977 976
1109 2 2 0 1 43 1210 42
1110 2 2 0 1 154 1085 46
1111 2 2 0 1 49 1190 48
1112 2 2 0 1 51 968 50
1113 2 2 0 1 137 1025 184
1114 2 2 0 1 975 976 211
1115 2 2 0 1 280 282 281
1116 2 2 0 1 409 640 632
1117 2 2 0 1 411 431 430
1118 2 2 0 1 415 913 424
1119 2 2 0 1 546 642 641
1120 2 2 0 1 600 601 599
1121 2 2 0 1 617 618 610
1122 2 2 0 1 728 829 654
1123 2 2 0 1 656 1107 762
1124 2 2 0 1 837 838 827
1125 2 2 0 1 935 950 828
1126 2 2 0 1 950 1285 951
1127 2 2 0 1 168 1090 20
1128 2 2 0 1 127 174 126
1129 2 2 0 1 162 214 213
1130 2 2 0 1 217 1326 216
1131 2 2 0 1 289 1331 1029
1132 2 2 0 1 1029 1335 289
1133 2 2 0 1 324 325 323
1134 2 2 0 1 425 428 427
1135 2 2 0 1 429 1038 427
1136 2 2 0 1 434 1244 594
1137 2 2 0 1 442 1206 801
1138 2 2 0 1 445 449 447
1139 2 2 0 1 499 500 498
1140 2 2 0 1 501 502 500
1141 2 2 0 1 503 1236 637
1142 2 2 0 1 507 508 506
1143 2 2 0 1 511 512 510
1144 2 2 0 1 685 1172 581
1145 2 2 0 1 1043 1044 636
1146 2 2 0 1 641 747 746
1147 2 2 0 1 1146 1148 706
1148 2 2 0 1 896 1229 796
1149 2 2 0 1 946 947 802
1150 2 2 0 1 932 934 931
1151 2 2 0 1 954 956 955
1152 2 2 0 1 1042 1048 1043
1153 2 2 0 1 1116 1118 1117
1154 2 2 0 1 148 205 147
1155 2 2 0 1 230 1152 232
1156 2 2 0 1 232 240 234
1157 2 2 0 1 238 239 237
1158 2 2 0 1 286 1182 279
1159 2 2 0 1 598 1142 283
1160 2 2 0 1 298 299 293
1161 2 2 0 1 299 302 300
1162 2 2 0 1 326 1312 324
1163 2 2 0 1 483 1207 354
1164 2 2 0 1 427 549 426
1165 2 2 0 1 456 1034 458
1166 2 2 0 1 503 637 505
1167 2 2 0 1 505 1042 507
1168 2 2 0 1 855 856 628
1169 2 2 0 1 657 1108 1107
1170 2 2 0 1 658 774 659
1171 2 2 0 1 668 859 724
1172 2 2 0 1 673 786 674
1173 2 2 0 1 930 1326 933
1174 2 2 0 1 1049 1050 1048
1175 2 2 0 1 1200 1201 1053
1176 2 2 0 1 15 190 14
1177 2 2 0 1 40 193 39
1178 2 2 0 1 125 197 124
1179 2 2 0 1 135 163 134
1180 2 2 0 1 163 1140 134
1181 2 2 0 1 141 195 140
1182 2 2 0 1 182 971 145
1183 2 2 0 1 148 1133 205
1184 2 2 0 1 219 307 217
1185 2 2 0 1 273 1192 271
1186 2 2 0 1 1036 1254 294
1187 2 2 0 1 302 1255 318
1188 2 2 0 1 383 1193 385
1189 2 2 0 1 386 1184 384
1190 2 2 0 1 392 1072 411
1191 2 2 0 1 404 1206 442
1192 2 2 0 1 439 1227 437
1193 2 2 0 1 540 575 439
1194 2 2 0 1 449 451 450
1195 2 2 0 1 451 453 452
1196 2 2 0 1 585 626 584
1197 2 2 0 1 609 779 611
1198 2 2 0 1 683 820 682
1199 2 2 0 1 24 180 23
1200 2 2 0 1 220 423 222
1201 2 2 0 1 1156 1157 241
1202 2 2 0 1 301 478 246
1203 2 2 0 1 275 1191 273
1204 2 2 0 1 301 1271 595
1205 2 2 0 1 311 322 321
1206 2 2 0 1 573 1249 321
1207 2 2 0 1 361 363 362
1208 2 2 0 1 363 365 364
1209 2 2 0 1 388 489 472
1210 2 2 0 1 1193 1195 417
1211 2 2 0 1 553 574 478
1212 2 2 0 1 578 579 486
1213 2 2 0 1 547 647 548
1214 2 2 0 1 684 759 602
1215 2 2 0 1 629 658 630
1216 2 2 0 1 751 1252 812
1217 2 2 0 1 843 874 842
1218 2 2 0 1 1022 1136 1023
1219 2 2 0 1 1178 1293 1218
1220 2 2 0 1 1020 1021 203
1221 2 2 0 1 220 222 221
1222 2 2 0 1 224 225 223
1223 2 2 0 1 232 233 231
1224 2 2 0 1 232 234 233
1225 2 2 0 1 236 238 237
1226 2 2 0 1 236 655 238
1227 2 2 0 1 238 1248 292
1228 2 2 0 1 293 1306 239
1229 2 2 0 1 245 248 247
1230 2 2 0 1 248 250 249
1231 2 2 0 1 292 298 293
1232 2 2 0 1 351 1207 403
1233 2 2 0 1 453 1272 456
1234 2 2 0 1 472 1212 474
1235 2 2 0 1 494 1185 562
1236 2 2 0 1 497 499 498
1237 2 2 0 1 498 1139 563
1238 2 2 0 1 502 564 500
1239 2 2 0 1 502 1186 564
1240 2 2 0 1 507 509 508
1241 2 2 0 1 603 770 769
1242 2 2 0 1 658 659 630
1243 2 2 0 1 1031 1032 646
1244 2 2 0 1 660 778 661
1245 2 2 0 1 808 1145 661
1246 2 2 0 1 722 984 784
1247 2 2 0 1 818 1028 726
1248 2 2 0 1 775 842 754
1249 2 2 0 1 992 993 991
1250 2 2 0 1 1248 1324 1288
1251 2 2 0 1 13 169 12
1252 2 2 0 1 143 165 142
1253 2 2 0 1 312 1168 252
1254 2 2 0 1 318 332 327
1255 2 2 0 1 333 337 332
1256 2 2 0 1 1171 1230 407
1257 2 2 0 1 434 594 436
1258 2 2 0 1 461 1065 463
1259 2 2 0 1 1182 1183 467
1260 2 2 0 1 501 503 502
1261 2 2 0 1 506 565 504
1262 2 2 0 1 505 507 506
1263 2 2 0 1 509 511 510
1264 2 2 0 1 513 515 514
1265 2 2 0 1 549 600 599
1266 2 2 0 1 604 620 582
1267 2 2 0 1 583 728 654
1268 2 2 0 1 649 723 651
1269 2 2 0 1 656 720 650
1270 2 2 0 1 652 1103 1102
1271 2 2 0 1 786 787 674
1272 2 2 0 1 762 814 720
1273 2 2 0 1 1165 1270 770
1274 2 2 0 1 782 809 808
1275 2 2 0 1 1167 1245 816
1276 2 2 0 1 988 990 989
1277 2 2 0 1 1012 1334 1004
1278 2 2 0 1 50 968 176
1279 2 2 0 1 146 182 145
1280 2 2 0 1 240 1164 242
1281 2 2 0 1 478 1156 246
1282 2 2 0 1 248 249 247
1283 2 2 0 1 247 1271 301
1284 2 2 0 1 250 251 249
1285 2 2 0 1 301 595 553
1286 2 2 0 1 1037 1134 329
1287 2 2 0 1 332 1284 336
1288 2 2 0 1 353 354 351
1289 2 2 0 1 355 421 357
1290 2 2 0 1 355 1035 421
1291 2 2 0 1 371 372 370
1292 2 2 0 1 373 374 372
1293 2 2 0 1 372 1262 414
1294 2 2 0 1 381 382 380
1295 2 2 0 1 401 1173 1159
1296 2 2 0 1 550 1038 429
1297 2 2 0 1 432 1244 434
1298 2 2 0 1 457 1282 482
1299 2 2 0 1 458 1034 639
1300 2 2 0 1 574 725 478
1301 2 2 0 1 497 1135 499
1302 2 2 0 1 499 638 501
1303 2 2 0 1 501 1236 503
1304 2 2 0 1 570 745 744
1305 2 2 0 1 574 727 726
1306 2 2 0 1 625 685 581
1307 2 2 0 1 619 785 671
1308 2 2 0 1 621 663 620
1309 2 2 0 1 626 855 628
1310 2 2 0 1 675 817 816
1311 2 2 0 1 686 687 685
1312 2 2 0 1 685 1173 1172
1313 2 2 0 1 688 689 687
1314 2 2 0 1 693 694 692
1315 2 2 0 1 693 695 694
1316 2 2 0 1 695 696 694
1317 2 2 0 1 804 1258 696
1318 2 2 0 1 697 699 698
1319 2 2 0 1 699 700 698
1320 2 2 0 1 698 1026 804
1321 2 2 0 1 701 702 700
1322 2 2 0 1 700 1232 1026
1323 2 2 0 1 714 715 713
1324 2 2 0 1 714 716 715
1325 2 2 0 1 716 717 715
1326 2 2 0 1 729 1268 1252
1327 2 2 0 1 1197 1230 736
1328 2 2 0 1 756 1221 815
1329 2 2 0 1 758 764 757
1330 2 2 0 1 765 1265 767
1331 2 2 0 1 772 1366 940
1332 2 2 0 1 1208 1232 800
1333 2 2 0 1 812 1267 813
1334 2 2 0 1 888 900 899
1335 2 2 0 1 996 998 997
1336 2 2 0 1 1252 1300 1155
1337 2 2 0 1 12 1162 11
1338 2 2 0 1 64 1279 1022
1339 2 2 0 1 66 153 65
1340 2 2 0 1 135 1062 163
1341 2 2 0 1 155 1132 1131
1342 2 2 0 1 214 215 213
1343 2 2 0 1 228 1134 230
1344 2 2 0 1 251 1166 249
1345 2 2 0 1 252 253 251
1346 2 2 0 1 290 317 295
1347 2 2 0 1 296 297 291
1348 2 2 0 1 318 327 310
1349 2 2 0 1 355 356 354
1350 2 2 0 1 358 1264 356
1351 2 2 0 1 359 360 358
1352 2 2 0 1 377 1223 407
1353 2 2 0 1 383 384 382
1354 2 2 0 1 384 1184 401
1355 2 2 0 1 433 577 431
1356 2 2 0 1 581 1172 473
1357 2 2 0 1 494 562 492
1358 2 2 0 1 493 495 494
1359 2 2 0 1 661 1145 558
1360 2 2 0 1 612 1070 777
1361 2 2 0 1 672 923 617
1362 2 2 0 1 1034 1052 639
1363 2 2 0 1 657 1109 1108
1364 2 2 0 1 686 688 687
1365 2 2 0 1 1159 1173 687
1366 2 2 0 1 703 704 702
1367 2 2 0 1 756 757 755
1368 2 2 0 1 767 918 766
1369 2 2 0 1 825 935 828
1370 2 2 0 1 868 943 862
1371 2 2 0 1 962 1015 961
1372 2 2 0 1 984 986 985
1373 2 2 0 1 1009 1010 1007
1374 2 2 0 1 36 202 35
1375 2 2 0 1 58 1129 57
1376 2 2 0 1 60 1132 59
1377 2 2 0 1 160 1079 89
1378 2 2 0 1 218 220 219
1379 2 2 0 1 480 1211 323
1380 2 2 0 1 427 1038 549
1381 2 2 0 1 451 452 450
1382 2 2 0 1 465 492 491
1383 2 2 0 1 554 555 535
1384 2 2 0 1 550 1339 1038
1385 2 2 0 1 593 1362 551
1386 2 2 0 1 552 619 592
1387 2 2 0 1 605 607 555
1388 2 2 0 1 963 1227 681
1389 2 2 0 1 701 703 702
1390 2 2 0 1 992 994 993
1391 2 2 0 1 1019 1280 1136
1392 2 2 0 1 1045 1046 1044
1393 2 2 0 1 1169 1405 1404
1394 2 2 0 1 169 1162 12
1395 2 2 0 1 81 207 80
1396 2 2 0 1 124 1151 123
1397 2 2 0 1 137 184 136
1398 2 2 0 1 165 1094 142
1399 2 2 0 1 970 1190 176
1400 2 2 0 1 220 221 219
1401 2 2 0 1 222 223 221
1402 2 2 0 1 248 1245 1167
1403 2 2 0 1 250 312 252
1404 2 2 0 1 250 1167 312
1405 2 2 0 1 255 1080 253
1406 2 2 0 1 253 1080 288
1407 2 2 0 1 254 479 256
1408 2 2 0 1 256 257 255
1409 2 2 0 1 257 484 255
1410 2 2 0 1 261 289 259
1411 2 2 0 1 272 1114 274
1412 2 2 0 1 274 1114 485
1413 2 2 0 1 304 305 297
1414 2 2 0 1 334 573 321
1415 2 2 0 1 332 336 327
1416 2 2 0 1 337 1284 332
1417 2 2 0 1 333 652 338
1418 2 2 0 1 381 1231 468
1419 2 2 0 1 385 386 384
1420 2 2 0 1 388 472 471
1421 2 2 0 1 1230 1231 407
1422 2 2 0 1 458 639 460
1423 2 2 0 1 472 474 473
1424 2 2 0 1 554 722 605
1425 2 2 0 1 607 608 555
1426 2 2 0 1 608 1064 555
1427 2 2 0 1 622 681 575
1428 2 2 0 1 580 1106 624
1429 2 2 0 1 624 625 581
1430 2 2 0 1 629 1289 761
1431 2 2 0 1 652 1102 1101
1432 2 2 0 1 782 808 661
1433 2 2 0 1 709 711 708
1434 2 2 0 1 711 1309 799
1435 2 2 0 1 719 915 717
1436 2 2 0 1 722 784 776
1437 2 2 0 1 736 737 735
1438 2 2 0 1 738 739 737
1439 2 2 0 1 740 741 739
1440 2 2 0 1 742 755 741
1441 2 2 0 1 1029 1316 741
1442 2 2 0 1 807 1037 797
1443 2 2 0 1 988 989 987
1444 2 2 0 1 990 991 989
1445 2 2 0 1 1088 1281 1194
1446 2 2 0 1 1166 1270 1165
1447 2 2 0 1 1165 1271 1166
1448 2 2 0 1 1323 1342 1238
1449 2 2 0 1 15 1089 190
1450 2 2 0 1 38 164 37
1451 2 2 0 1 53 1020 52
1452 2 2 0 1 77 209 76
1453 2 2 0 1 409 596 244
1454 2 2 0 1 258 313 260
1455 2 2 0 1 262 1218 264
1456 2 2 0 1 264 265 263
1457 2 2 0 1 264 1218 314
1458 2 2 0 1 265 1311 469
1459 2 2 0 1 272 273 271
1460 2 2 0 1 274 275 273
1461 2 2 0 1 276 277 275
1462 2 2 0 1 277 467 275
1463 2 2 0 1 320 324 323
1464 2 2 0 1 336 346 343
1465 2 2 0 1 1284 1285 336
1466 2 2 0 1 344 1296 337
1467 2 2 0 1 436 1303 438
1468 2 2 0 1 458 460 459
1469 2 2 0 1 462 465 464
1470 2 2 0 1 465 493 492
1471 2 2 0 1 489 1212 472
1472 2 2 0 1 1273 1320 481
1473 2 2 0 1 495 496 494
1474 2 2 0 1 497 1174 1135
1475 2 2 0 1 499 1135 638
1476 2 2 0 1 503 504 502
1477 2 2 0 1 505 506 504
1478 2 2 0 1 511 513 512
1479 2 2 0 1 511 1235 635
1480 2 2 0 1 513 514 512
1481 2 2 0 1 547 648 647
1482 2 2 0 1 583 1212 728
1483 2 2 0 1 671 1380 592
1484 2 2 0 1 613 614 612
1485 2 2 0 1 791 1106 620
1486 2 2 0 1 637 1049 1048
1487 2 2 0 1 1323 1348 653
1488 2 2 0 1 675 1229 897
1489 2 2 0 1 727 818 726
1490 2 2 0 1 732 733 731
1491 2 2 0 1 734 735 733
1492 2 2 0 1 733 1283 1253
1493 2 2 0 1 737 1188 806
1494 2 2 0 1 781 834 780
1495 2 2 0 1 948 949 947
1496 2 2 0 1 986 987 985
1497 2 2 0 1 1000 1001 999
1498 2 2 0 1 1043 1047 1045
1499 2 2 0 1 1178 1218 1176
1500 2 2 0 1 34 172 33
1501 2 2 0 1 201 1096 91
1502 2 2 0 1 123 1151 158
1503 2 2 0 1 270 271 269
1504 2 2 0 1 271 1192 287
1505 2 2 0 1 278 279 277
1506 2 2 0 1 308 328 319
1507 2 2 0 1 319 320 309
1508 2 2 0 1 385 417 387
1509 2 2 0 1 388 471 386
1510 2 2 0 1 395 1071 389
1511 2 2 0 1 392 410 391
1512 2 2 0 1 401 1184 1173
1513 2 2 0 1 448 545 446
1514 2 2 0 1 459 1282 457
1515 2 2 0 1 491 535 464
1516 2 2 0 1 491 554 535
1517 2 2 0 1 510 566 508
1518 2 2 0 1 515 1187 589
1519 2 2 0 1 533 534 532
1520 2 2 0 1 533 543 534
1521 2 2 0 1 543 544 534
1522 2 2 0 1 540 631 587
1523 2 2 0 1 649 650 548
1524 2 2 0 1 571 572 561
1525 2 2 0 1 572 612 606
1526 2 2 0 1 667 683 682
1527 2 2 0 1 731 1253 803
1528 2 2 0 1 1124 1125 835
1529 2 2 0 1 925 926 924
1530 2 2 0 1 1004 1005 1003
1531 2 2 0 1 1009 1011 1010
1532 2 2 0 1 1136 1279 1019
1533 2 2 0 1 1049 1051 1050
1534 2 2 0 1 1119 1120 1118
1535 2 2 0 1 1177 1179 1178
1536 2 2 0 1 1177 1180 1179
1537 2 2 0 1 161 1089 16
1538 2 2 0 1 17 1189 161
1539 2 2 0 1 21 168 20
1540 2 2 0 1 133 200 132
1541 2 2 0 1 155 1131 1130
1542 2 2 0 1 226 329 228
1543 2 2 0 1 237 1302 475
1544 2 2 0 1 242 409 244
1545 2 2 0 1 278 316 280
1546 2 2 0 1 280 281 279
1547 2 2 0 1 282 283 281
1548 2 2 0 1 283 1142 281
1549 2 2 0 1 281 1142 286
1550 2 2 0 1 282 1242 476
1551 2 2 0 1 285 598 283
1552 2 2 0 1 342 353 351
1553 2 2 0 1 383 385 384
1554 2 2 0 1 385 387 386
1555 2 2 0 1 396 415 397
1556 2 2 0 1 415 424 416
1557 2 2 0 1 417 547 418
1558 2 2 0 1 1035 1338 421
1559 2 2 0 1 646 1272 451
1560 2 2 0 1 515 516 514
1561 2 2 0 1 515 517 516
1562 2 2 0 1 517 518 516
1563 2 2 0 1 519 520 518
1564 2 2 0 1 521 522 520
1565 2 2 0 1 523 524 522
1566 2 2 0 1 522 1144 557
1567 2 2 0 1 525 526 524
1568 2 2 0 1 527 528 526
1569 2 2 0 1 529 530 528
1570 2 2 0 1 530 1175 568
1571 2 2 0 1 1145 1175 532
1572 2 2 0 1 544 559 558
1573 2 2 0 1 560 561 559
1574 2 2 0 1 648 1195 732
1575 2 2 0 1 651 656 650
1576 2 2 0 1 656 762 720
1577 2 2 0 1 657 1292 1109
1578 2 2 0 1 731 803 730
1579 2 2 0 1 958 959 957
1580 2 2 0 1 996 997 995
1581 2 2 0 1 1006 1007 1005
1582 2 2 0 1 1109 1112 1111
1583 2 2 0 1 10 177 9
1584 2 2 0 1 17 161 16
1585 2 2 0 1 159 1093 1091
1586 2 2 0 1 1152 1164 240
1587 2 2 0 1 282 476 284
1588 2 2 0 1 357 359 358
1589 2 2 0 1 432 434 433
1590 2 2 0 1 436 438 437
1591 2 2 0 1 453 455 454
1592 2 2 0 1 465 491 464
1593 2 2 0 1 602 1308 553
1594 2 2 0 1 554 605 555
1595 2 2 0 1 578 662 579
1596 2 2 0 1 585 627 626
1597 2 2 0 1 816 1245 596
1598 2 2 0 1 604 621 620
1599 2 2 0 1 637 1048 1042
1600 2 2 0 1 657 1107 656
1601 2 2 0 1 690 693 692
1602 2 2 0 1 699 701 700
1603 2 2 0 1 712 714 713
1604 2 2 0 1 787 789 788
1605 2 2 0 1 812 1268 1267
1606 2 2 0 1 815 1221 1220
1607 2 2 0 1 19 196 18
1608 2 2 0 1 30 211 29
1609 2 2 0 1 45 191 44
1610 2 2 0 1 184 1062 136
1611 2 2 0 1 1254 1305 221
1612 2 2 0 1 226 228 227
1613 2 2 0 1 228 230 229
1614 2 2 0 1 233 236 235
1615 2 2 0 1 274 276 275
1616 2 2 0 1 296 304 297
1617 2 2 0 1 303 1063 296
1618 2 2 0 1 748 1294 297
1619 2 2 0 1 417 418 387
1620 2 2 0 1 547 548 418
1621 2 2 0 1 434 436 435
1622 2 2 0 1 594 1303 436
1623 2 2 0 1 648 732 731
1624 2 2 0 1 673 878 786
1625 2 2 0 1 787 788 674
1626 2 2 0 1 697 850 699
1627 2 2 0 1 1212 1299 728
1628 2 2 0 1 803 1354 730
1629 2 2 0 1 809 953 808
1630 2 2 0 1 933 938 937
1631 2 2 0 1 956 957 955
1632 2 2 0 1 998 1000 999
1633 2 2 0 1 32 206 31
1634 2 2 0 1 105 1100 183
1635 2 2 0 1 125 1113 197
1636 2 2 0 1 140 1141 139
1637 2 2 0 1 484 1080 255
1638 2 2 0 1 315 1114 272
1639 2 2 0 1 313 1177 1176
1640 2 2 0 1 325 480 323
1641 2 2 0 1 343 973 327
1642 2 2 0 1 347 1041 343
1643 2 2 0 1 345 1234 349
1644 2 2 0 1 393 1295 348
1645 2 2 0 1 407 1223 1171
1646 2 2 0 1 430 578 486
1647 2 2 0 1 457 482 455
1648 2 2 0 1 461 463 459
1649 2 2 0 1 484 1341 1075
1650 2 2 0 1 499 501 500
1651 2 2 0 1 503 505 504
1652 2 2 0 1 507 636 509
1653 2 2 0 1 509 1235 511
1654 2 2 0 1 540 1204 631
1655 2 2 0 1 571 1198 572
1656 2 2 0 1 609 611 610
1657 2 2 0 1 637 1236 1049
1658 2 2 0 1 844 845 681
1659 2 2 0 1 707 709 708
1660 2 2 0 1 799 1146 708
1661 2 2 0 1 718 763 719
1662 2 2 0 1 814 1161 720
1663 2 2 0 1 745 912 794
1664 2 2 0 1 797 895 796
1665 2 2 0 1 105 183 104
1666 2 2 0 1 112 162 111
1667 2 2 0 1 139 152 138
1668 2 2 0 1 215 218 217
1669 2 2 0 1 329 1134 228
1670 2 2 0 1 240 241 234
1671 2 2 0 1 242 243 241
1672 2 2 0 1 245 246 243
1673 2 2 0 1 247 301 246
1674 2 2 0 1 249 1271 247
1675 2 2 0 1 1176 1218 262
1676 2 2 0 1 266 268 267
1677 2 2 0 1 301 553 478
1678 2 2 0 1 304 308 305
1679 2 2 0 1 308 319 309
1680 2 2 0 1 323 1211 309
1681 2 2 0 1 325 1138 480
1682 2 2 0 1 398 1138 331
1683 2 2 0 1 338 344 337
1684 2 2 0 1 367 419 369
1685 2 2 0 1 369 1219 371
1686 2 2 0 1 372 414 370
1687 2 2 0 1 374 1262 372
1688 2 2 0 1 380 1123 378
1689 2 2 0 1 382 1158 380
1690 2 2 0 1 404 406 394
1691 2 2 0 1 401 1159 1158
1692 2 2 0 1 477 487 405
1693 2 2 0 1 419 1263 1219
1694 2 2 0 1 438 440 439
1695 2 2 0 1 447 448 446
1696 2 2 0 1 451 1272 453
1697 2 2 0 1 493 590 495
1698 2 2 0 1 595 602 553
1699 2 2 0 1 620 1106 582
1700 2 2 0 1 583 654 604
1701 2 2 0 1 603 684 602
1702 2 2 0 1 663 791 620
1703 2 2 0 1 624 848 625
1704 2 2 0 1 649 651 650
1705 2 2 0 1 651 657 656
1706 2 2 0 1 835 865 669
1707 2 2 0 1 684 830 759
1708 2 2 0 1 769 1266 684
1709 2 2 0 1 692 805 689
1710 2 2 0 1 694 1259 692
1711 2 2 0 1 693 849 695
1712 2 2 0 1 696 1258 694
1713 2 2 0 1 698 804 696
1714 2 2 0 1 700 1026 698
1715 2 2 0 1 702 1232 700
1716 2 2 0 1 701 851 703
1717 2 2 0 1 704 800 702
1718 2 2 0 1 715 919 713
1719 2 2 0 1 751 812 752
1720 2 2 0 1 1307 1308 759
1721 2 2 0 1 892 893 781
1722 2 2 0 1 984 985 784
1723 2 2 0 1 807 1152 1134
1724 2 2 0 1 807 1164 1152
1725 2 2 0 1 1366 1377 940
1726 2 2 0 1 994 995 993
1727 2 2 0 1 1002 1004 1003
1728 2 2 0 1 183 1215 104
1729 2 2 0 1 150 210 149
1730 2 2 0 1 242 1164 409
1731 2 2 0 1 245 1245 248
1732 2 2 0 1 253 288 251
1733 2 2 0 1 268 270 269
1734 2 2 0 1 330 1073 339
1735 2 2 0 1 360 413 358
1736 2 2 0 1 375 377 376
1737 2 2 0 1 375 1223 377
1738 2 2 0 1 412 1261 376
1739 2 2 0 1 445 446 444
1740 2 2 0 1 449 450 447
1741 2 2 0 1 487 537 536
1742 2 2 0 1 498 563 496
1743 2 2 0 1 563 1185 496
1744 2 2 0 1 526 1213 567
1745 2 2 0 1 531 533 532
1746 2 2 0 1 641 746 545
1747 2 2 0 1 643 753 645
1748 2 2 0 1 666 866 667
1749 2 2 0 1 712 852 714
1750 2 2 0 1 1247 1268 729
1751 2 2 0 1 749 751 750
1752 2 2 0 1 815 1263 758
1753 2 2 0 1 766 1351 764
1754 2 2 0 1 1263 1265 765
1755 2 2 0 1 1309 1310 799
1756 2 2 0 1 951 1290 828
1757 2 2 0 1 975 978 977
1758 2 2 0 1 994 996 995
1759 2 2 0 1 1003 1446 1445
1760 2 2 0 1 1031 1304 1063
1761 2 2 0 1 8 198 7
1762 2 2 0 1 16 1089 15
1763 2 2 0 1 42 159 41
1764 2 2 0 1 159 1091 41
1765 2 2 0 1 47 154 46
1766 2 2 0 1 103 208 102
1767 2 2 0 1 968 969 176
1768 2 2 0 1 655 1248 238
1769 2 2 0 1 596 1245 244
1770 2 2 0 1 248 1167 250
1771 2 2 0 1 252 1168 254
1772 2 2 0 1 316 1242 280
1773 2 2 0 1 288 1270 1166
1774 2 2 0 1 1167 1277 312
1775 2 2 0 1 324 330 325
1776 2 2 0 1 328 1030 445
1777 2 2 0 1 330 339 331
1778 2 2 0 1 339 391 340
1779 2 2 0 1 349 399 394
1780 2 2 0 1 470 1223 375
1781 2 2 0 1 381 383 382
1782 2 2 0 1 471 1184 386
1783 2 2 0 1 392 411 410
1784 2 2 0 1 399 405 404
1785 2 2 0 1 411 432 431
1786 2 2 0 1 428 541 429
1787 2 2 0 1 432 433 431
1788 2 2 0 1 1072 1244 432
1789 2 2 0 1 448 546 545
1790 2 2 0 1 456 458 457
1791 2 2 0 1 579 768 486
1792 2 2 0 1 497 498 496
1793 2 2 0 1 511 635 513
1794 2 2 0 1 517 519 518
1795 2 2 0 1 519 521 520
1796 2 2 0 1 521 523 522
1797 2 2 0 1 523 525 524
1798 2 2 0 1 529 531 530
1799 2 2 0 1 558 1145 534
1800 2 2 0 1 546 643 642
1801 2 2 0 1 615 664 569
1802 2 2 0 1 576 1224 1104
1803 2 2 0 1 587 623 622
1804 2 2 0 1 603 1165 770
1805 2 2 0 1 722 776 605
1806 2 2 0 1 609 610 608
1807 2 2 0 1 616 771 670
1808 2 2 0 1 631 1204 943
1809 2 2 0 1 643 644 642
1810 2 2 0 1 686 691 688
1811 2 2 0 1 708 1146 706
1812 2 2 0 1 713 1309 711
1813 2 2 0 1 755 1029 741
1814 2 2 0 1 777 832 783
1815 2 2 0 1 956 958 957
1816 2 2 0 1 958 960 959
1817 2 2 0 1 978 979 977
1818 2 2 0 1 998 999 997
1819 2 2 0 1 1004 1006 1005
1820 2 2 0 1 1011 1014 1010
1821 2 2 0 1 1074 1244 1072
1822 2 2 0 1 1119 1385 1120
1823 2 2 0 1 1197 1231 1230
1824 2 2 0 1 282 284 283
1825 2 2 0 1 284 290 285
1826 2 2 0 1 309 1211 305
1827 2 2 0 1 330 331 325
1828 2 2 0 1 339 340 331
1829 2 2 0 1 391 400 340
1830 2 2 0 1 407 1231 379
1831 2 2 0 1 430 486 410
1832 2 2 0 1 445 447 446
1833 2 2 0 1 458 459 457
1834 2 2 0 1 474 580 473
1835 2 2 0 1 611 672 617
1836 2 2 0 1 640 797 796
1837 2 2 0 1 740 742 741
1838 2 2 0 1 814 1299 1161
1839 2 2 0 1 974 975 211
1840 2 2 0 1 221 1305 219
1841 2 2 0 1 260 1176 262
1842 2 2 0 1 269 1301 267
1843 2 2 0 1 290 295 291
1844 2 2 0 1 335 1027 342
1845 2 2 0 1 345 349 348
1846 2 2 0 1 352 1239 1237
1847 2 2 0 1 434 435 433
1848 2 2 0 1 433 1104 577
1849 2 2 0 1 436 437 435
1850 2 2 0 1 438 439 437
1851 2 2 0 1 437 1227 576
1852 2 2 0 1 440 540 439
1853 2 2 0 1 441 811 538
1854 2 2 0 1 460 462 461
1855 2 2 0 1 474 1212 583
1856 2 2 0 1 481 1324 1273
1857 2 2 0 1 489 1299 1212
1858 2 2 0 1 495 497 496
1859 2 2 0 1 504 1186 502
1860 2 2 0 1 509 510 508
1861 2 2 0 1 570 743 541
1862 2 2 0 1 1237 1238 573
1863 2 2 0 1 578 760 662
1864 2 2 0 1 600 721 680
1865 2 2 0 1 613 1198 679
1866 2 2 0 1 645 668 644
1867 2 2 0 1 647 1214 649
1868 2 2 0 1 705 710 707
1869 2 2 0 1 737 806 735
1870 2 2 0 1 806 1283 735
1871 2 2 0 1 1314 1347 760
1872 2 2 0 1 786 790 787
1873 2 2 0 1 861 864 862
1874 2 2 0 1 1302 1306 1068
1875 2 2 0 1 1116 1329 1119
1876 2 2 0 1 94 1098 167
1877 2 2 0 1 113 1150 112
1878 2 2 0 1 271 287 269
1879 2 2 0 1 320 323 309
1880 2 2 0 1 328 445 444
1881 2 2 0 1 463 1282 459
1882 2 2 0 1 531 532 530
1883 2 2 0 1 942 1206 536
1884 2 2 0 1 580 624 581
1885 2 2 0 1 611 617 610
1886 2 2 0 1 771 858 857
1887 2 2 0 1 888 899 887
1888 2 2 0 1 964 1224 963
1889 2 2 0 1 1027 1330 1035
1890 2 2 0 1 281 286 279
1891 2 2 0 1 292 1288 298
1892 2 2 0 1 298 311 306
1893 2 2 0 1 322 335 334
1894 2 2 0 1 438 441 440
1895 2 2 0 1 460 461 459
1896 2 2 0 1 462 464 461
1897 2 2 0 1 638 1236 501
1898 2 2 0 1 528 1213 526
1899 2 2 0 1 1038 1322 549
1900 2 2 0 1 560 571 561
1901 2 2 0 1 1067 1068 597
1902 2 2 0 1 607 609 608
1903 2 2 0 1 607 917 609
1904 2 2 0 1 1032 1272 646
1905 2 2 0 1 723 1292 651
1906 2 2 0 1 785 886 671
1907 2 2 0 1 680 1036 749
1908 2 2 0 1 733 1253 731
1909 2 2 0 1 778 833 782
1910 2 2 0 1 894 902 798
1911 2 2 0 1 960 961 959
1912 2 2 0 1 1103 1249 1240
1913 2 2 0 1 1109 1111 1110
1914 2 2 0 1 270 272 271
1915 2 2 0 1 467 1191 275
1916 2 2 0 1 1248 1288 292
1917 2 2 0 1 335 342 341
1918 2 2 0 1 487 536 405
1919 2 2 0 1 411 1072 432
1920 2 2 0 1 442 801 586
1921 2 2 0 1 493 494 492
1922 2 2 0 1 546 641 545
1923 2 2 0 1 678 781 780
1924 2 2 0 1 747 773 746
1925 2 2 0 1 794 879 793
1926 2 2 0 1 1284 1296 951
1927 2 2 0 1 1007 1008 1005
1928 2 2 0 1 1073 1312 1074
1929 2 2 0 1 164 1274 37
1930 2 2 0 1 1127 1128 192
1931 2 2 0 1 222 224 223
1932 2 2 0 1 224 226 225
1933 2 2 0 1 729 1155 227
1934 2 2 0 1 230 232 231
1935 2 2 0 1 235 1247 231
1936 2 2 0 1 481 1320 322
1937 2 2 0 1 333 1255 652
1938 2 2 0 1 342 351 350
1939 2 2 0 1 441 538 440
1940 2 2 0 1 456 457 455
1941 2 2 0 1 513 1187 515
1942 2 2 0 1 743 1317 541
1943 2 2 0 1 1240 1249 573
1944 2 2 0 1 750 1088 601
1945 2 2 0 1 678 892 781
1946 2 2 0 1 1273 1324 818
1947 2 2 0 1 954 955 953
1948 2 2 0 1 1000 1002 1001
1949 2 2 0 1 50 176 49
1950 2 2 0 1 55 1039 54
1951 2 2 0 1 64 1022 63
1952 2 2 0 1 1153 1154 154
1953 2 2 0 1 232 1152 240
1954 2 2 0 1 241 1157 234
1955 2 2 0 1 239 1302 237
1956 2 2 0 1 297 1294 291
1957 2 2 0 1 453 454 452
1958 2 2 0 1 542 552 551
1959 2 2 0 1 1238 1240 573
1960 2 2 0 1 574 1308 727
1961 2 2 0 1 632 675 596
1962 2 2 0 1 613 679 677
1963 2 2 0 1 629 761 658
1964 2 2 0 1 1052 1053 639
1965 2 2 0 1 672 925 924
1966 2 2 0 1 726 1256 725
1967 2 2 0 1 728 1246 829
1968 2 2 0 1 793 795 744
1969 2 2 0 1 1002 1003 1001
1970 2 2 0 1 1273 1330 1320
1971 2 2 0 1 1307 1345 1338
1972 2 2 0 1 114 187 113
1973 2 2 0 1 174 1113 126
1974 2 2 0 1 243 1156 241
1975 2 2 0 1 244 245 243
1976 2 2 0 1 245 247 246
1977 2 2 0 1 294 1300 1036
1978 2 2 0 1 302 310 300
1979 2 2 0 1 356 1264 483
1980 2 2 0 1 361 362 360
1981 2 2 0 1 361 422 363
1982 2 2 0 1 363 364 362
1983 2 2 0 1 365 366 364
1984 2 2 0 1 366 402 364
1985 2 2 0 1 367 368 366
1986 2 2 0 1 369 370 368
1987 2 2 0 1 371 1220 373
1988 2 2 0 1 373 1220 470
1989 2 2 0 1 375 376 374
1990 2 2 0 1 377 378 376
1991 2 2 0 1 378 412 376
1992 2 2 0 1 379 380 378
1993 2 2 0 1 378 1123 412
1994 2 2 0 1 380 1158 1123
1995 2 2 0 1 419 1265 1263
1996 2 2 0 1 422 1355 1297
1997 2 2 0 1 443 539 490
1998 2 2 0 1 447 1298 448
1999 2 2 0 1 1065 1066 463
2000 2 2 0 1 564 1139 500
2001 2 2 0 1 553 1308 574
2002 2 2 0 1 554 1076 722
2003 2 2 0 1 595 603 602
2004 2 2 0 1 643 645 644
2005 2 2 0 1 684 1266 830
2006 2 2 0 1 756 815 758
2007 2 2 0 1 758 1263 765
2008 2 2 0 1 765 766 764
2009 2 2 0 1 815 1220 1219
2010 2 2 0 1 1219 1263 815
2011 2 2 0 1 1266 1360 830
2012 2 2 0 1 830 1360 1352
2013 2 2 0 1 921 1319 1297
2014 2 2 0 1 57 1127 56
2015 2 2 0 1 61 186 60
2016 2 2 0 1 270 315 272
2017 2 2 0 1 295 303 296
2018 2 2 0 1 305 1211 748
2019 2 2 0 1 310 973 597
2020 2 2 0 1 311 1288 481
2021 2 2 0 1 335 341 334
2022 2 2 0 1 342 350 341
2023 2 2 0 1 357 358 356
2024 2 2 0 1 422 1297 363
2025 2 2 0 1 373 470 375
2026 2 2 0 1 377 407 379
2027 2 2 0 1 379 1231 381
2028 2 2 0 1 381 468 383
2029 2 2 0 1 442 443 406
2030 2 2 0 1 1345 1352 421
2031 2 2 0 1 1221 1222 470
2032 2 2 0 1 1222 1223 470
2033 2 2 0 1 472 473 471
2034 2 2 0 1 473 1172 471
2035 2 2 0 1 1172 1184 471
2036 2 2 0 1 525 527 526
2037 2 2 0 1 527 529 528
2038 2 2 0 1 544 560 559
2039 2 2 0 1 1104 1105 577
2040 2 2 0 1 595 1271 1165
2041 2 2 0 1 603 769 684
2042 2 2 0 1 800 1232 702
2043 2 2 0 1 919 1309 713
2044 2 2 0 1 740 1222 742
2045 2 2 0 1 742 1221 756
2046 2 2 0 1 742 1222 1221
2047 2 2 0 1 764 1075 757
2048 2 2 0 1 881 883 880
2049 2 2 0 1 196 1189 18
2050 2 2 0 1 126 1113 125
2051 2 2 0 1 136 1062 135
2052 2 2 0 1 254 1168 479
2053 2 2 0 1 257 1341 484
2054 2 2 0 1 279 1182 277
2055 2 2 0 1 318 1255 333
2056 2 2 0 1 354 1207 351
2057 2 2 0 1 387 388 386
2058 2 2 0 1 391 1217 400
2059 2 2 0 1 396 466 415
2060 2 2 0 1 549 599 426
2061 2 2 0 1 491 1076 554
2062 2 2 0 1 547 1195 648
2063 2 2 0 1 853 1081 627
2064 2 2 0 1 736 1230 738
2065 2 2 0 1 739 1188 737
2066 2 2 0 1 738 1171 740
2067 2 2 0 1 738 1230 1171
2068 2 2 0 1 755 1335 1029
2069 2 2 0 1 770 920 769
2070 2 2 0 1 826 1077 873
2071 2 2 0 1 18 1189 17
2072 2 2 0 1 75 185 74
2073 2 2 0 1 108 171 107
2074 2 2 0 1 225 294 223
2075 2 2 0 1 231 1247 229
2076 2 2 0 1 229 1247 729
2077 2 2 0 1 261 1331 289
2078 2 2 0 1 280 1242 282
2079 2 2 0 1 385 1193 417
2080 2 2 0 1 409 1164 640
2081 2 2 0 1 468 1278 1193
2082 2 2 0 1 468 1231 1197
2083 2 2 0 1 496 1185 494
2084 2 2 0 1 675 816 596
2085 2 2 0 1 625 686 685
2086 2 2 0 1 683 821 820
2087 2 2 0 1 732 1278 734
2088 2 2 0 1 734 1197 736
2089 2 2 0 1 734 1278 1197
2090 2 2 0 1 738 740 739
2091 2 2 0 1 817 1277 816
2092 2 2 0 1 816 1277 1167
2093 2 2 0 1 26 188 25
2094 2 2 0 1 117 156 116
2095 2 2 0 1 120 175 119
2096 2 2 0 1 123 158 122
2097 2 2 0 1 130 157 129
2098 2 2 0 1 141 1094 195
2099 2 2 0 1 266 267 265
2100 2 2 0 1 270 1329 315
2101 2 2 0 1 342 1027 353
2102 2 2 0 1 353 1035 355
2103 2 2 0 1 388 1286 489
2104 2 2 0 1 417 1195 547
2105 2 2 0 1 1288 1324 481
2106 2 2 0 1 636 1235 509
2107 2 2 0 1 647 649 548
2108 2 2 0 1 572 1198 613
2109 2 2 0 1 648 730 647
2110 2 2 0 1 648 731 730
2111 2 2 0 1 760 846 662
2112 2 2 0 1 735 1283 733
2113 2 2 0 1 1265 1319 921
2114 2 2 0 1 1177 1178 1176
2115 2 2 0 1 20 1090 19
2116 2 2 0 1 395 1285 950
2117 2 2 0 1 411 430 410
2118 2 2 0 1 565 1186 504
2119 2 2 0 1 515 589 517
2120 2 2 0 1 660 661 558
2121 2 2 0 1 572 606 561
2122 2 2 0 1 649 1214 723
2123 2 2 0 1 652 1255 1103
2124 2 2 0 1 1006 1009 1007
2125 2 2 0 1 70 166 69
2126 2 2 0 1 242 244 243
2127 2 2 0 1 285 1294 598
2128 2 2 0 1 338 1101 345
2129 2 2 0 1 1297 1319 365
2130 2 2 0 1 474 583 582
2131 2 2 0 1 557 1313 520
2132 2 2 0 1 526 567 524
2133 2 2 0 1 527 634 529
2134 2 2 0 1 559 660 558
2135 2 2 0 1 857 1124 670
2136 2 2 0 1 672 924 923
2137 2 2 0 1 711 799 708
2138 2 2 0 1 747 1209 773
2139 2 2 0 1 762 831 814
2140 2 2 0 1 799 1147 1146
2141 2 2 0 1 807 1134 1037
2142 2 2 0 1 826 836 827
2143 2 2 0 1 1022 1279 1136
2144 2 2 0 1 1320 1330 1027
2145 2 2 0 1 1239 1323 1238
2146 2 2 0 1 106 1100 105
2147 2 2 0 1 298 1288 311
2148 2 2 0 1 403 1216 350
2149 2 2 0 1 1088 1194 599
2150 2 2 0 1 673 674 618
2151 2 2 0 1 640 1164 807
2152 2 2 0 1 847 870 846
2153 2 2 0 1 1109 1110 1108
2154 2 2 0 1 109 966 108
2155 2 2 0 1 187 1150 113
2156 2 2 0 1 230 231 229
2157 2 2 0 1 233 235 231
2158 2 2 0 1 236 237 235
2159 2 2 0 1 292 293 239
2160 2 2 0 1 264 314 266
2161 2 2 0 1 268 1329 270
2162 2 2 0 1 295 296 291
2163 2 2 0 1 1063 1304 304
2164 2 2 0 1 340 398 331
2165 2 2 0 1 333 338 337
2166 2 2 0 1 399 404 394
2167 2 2 0 1 577 1314 431
2168 2 2 0 1 619 671 592
2169 2 2 0 1 819 1273 818
2170 2 2 0 1 864 868 862
2171 2 2 0 1 133 1140 200
2172 2 2 0 1 294 1254 223
2173 2 2 0 1 278 280 279
2174 2 2 0 1 305 748 297
2175 2 2 0 1 308 309 305
2176 2 2 0 1 552 591 551
2177 2 2 0 1 1007 1448 1008
2178 2 2 0 1 139 1141 152
2179 2 2 0 1 338 345 344
2180 2 2 0 1 408 1296 344
2181 2 2 0 1 363 1297 365
2182 2 2 0 1 367 369 368
2183 2 2 0 1 1219 1220 371
2184 2 2 0 1 376 1261 374
2185 2 2 0 1 1261 1262 374
2186 2 2 0 1 384 401 382
2187 2 2 0 1 419 1319 1265
2188 2 2 0 1 1220 1221 470
2189 2 2 0 1 531 633 533
2190 2 2 0 1 574 726 725
2191 2 2 0 1 668 863 859
2192 2 2 0 1 727 1308 1307
2193 2 2 0 1 858 871 857
2194 2 2 0 1 930 933 932
2195 2 2 0 1 1171 1223 1222
2196 2 2 0 1 1173 1184 1172
2197 2 2 0 1 68 194 67
2198 2 2 0 1 134 1140 133
2199 2 2 0 1 1039 1040 151
2200 2 2 0 1 206 1269 983
2201 2 2 0 1 215 217 216
2202 2 2 0 1 218 219 217
2203 2 2 0 1 238 292 239
2204 2 2 0 1 250 252 251
2205 2 2 0 1 288 1166 251
2206 2 2 0 1 274 485 276
2207 2 2 0 1 298 306 299
2208 2 2 0 1 319 1087 320
2209 2 2 0 1 322 334 321
2210 2 2 0 1 334 1237 573
2211 2 2 0 1 351 403 350
2212 2 2 0 1 350 1216 352
2213 2 2 0 1 355 357 356
2214 2 2 0 1 413 1264 358
2215 2 2 0 1 359 361 360
2216 2 2 0 1 387 1286 388
2217 2 2 0 1 516 556 514
2218 2 2 0 1 522 557 520
2219 2 2 0 1 521 588 523
2220 2 2 0 1 524 1144 522
2221 2 2 0 1 530 568 528
2222 2 2 0 1 532 1175 530
2223 2 2 0 1 534 1145 532
2224 2 2 0 1 544 558 534
2225 2 2 0 1 746 1287 545
2226 2 2 0 1 595 1165 603
2227 2 2 0 1 612 777 606
2228 2 2 0 1 643 1344 753
2229 2 2 0 1 682 1321 665
2230 2 2 0 1 801 1206 942
2231 2 2 0 1 969 970 176
2232 2 2 0 1 226 227 225
2233 2 2 0 1 228 229 227
2234 2 2 0 1 256 258 257
2235 2 2 0 1 306 1249 1170
2236 2 2 0 1 539 569 490
2237 2 2 0 1 500 1139 498
2238 2 2 0 1 727 819 818
2239 2 2 0 1 142 1094 141
2240 2 2 0 1 1410 1432 175
2241 2 2 0 1 225 1155 294
2242 2 2 0 1 229 729 227
2243 2 2 0 1 1044 1235 636
2244 2 2 0 1 663 869 791
2245 2 2 0 1 922 1226 811
2246 2 2 0 1 967 1199 171
2247 2 2 0 1 264 266 265
2248 2 2 0 1 1301 1311 267
2249 2 2 0 1 287 1301 269
2250 2 2 0 1 356 483 354
2251 2 2 0 1 438 1303 441
2252 2 2 0 1 578 1314 760
2253 2 2 0 1 812 813 752
2254 2 2 0 1 859 861 860
2255 2 2 0 1 877 880 875
2256 2 2 0 1 933 937 932
2257 2 2 0 1 971 972 144
2258 2 2 0 1 155 1130 1129
2259 2 2 0 1 415 416 397
2260 2 2 0 1 424 425 416
2261 2 2 0 1 1203 1204 538
2262 2 2 0 1 549 1322 600
2263 2 2 0 1 561 1291 559
2264 2 2 0 1 662 772 579
2265 2 2 0 1 668 724 644
2266 2 2 0 1 751 752 750
2267 2 2 0 1 1075 1335 757
2268 2 2 0 1 164 1275 1274
2269 2 2 0 1 327 973 310
2270 2 2 0 1 318 333 332
2271 2 2 0 1 1338 1345 421
2272 2 2 0 1 424 1069 425
2273 2 2 0 1 775 843 842
2274 2 2 0 1 233 1257 236
2275 2 2 0 1 321 1249 306
2276 2 2 0 1 336 343 327
2277 2 2 0 1 616 669 615
2278 2 2 0 1 718 719 717
2279 2 2 0 1 719 939 915
2280 2 2 0 1 1004 1334 1006
2281 2 2 0 1 1028 1324 1248
2282 2 2 0 1 144 972 143
2283 2 2 0 1 265 469 263
2284 2 2 0 1 311 481 322
2285 2 2 0 1 346 347 343
2286 2 2 0 1 1196 1286 418
2287 2 2 0 1 585 1289 629
2288 2 2 0 1 614 1070 612
2289 2 2 0 1 660 1315 778
2290 2 2 0 1 716 718 717
2291 2 2 0 1 721 1260 810
2292 2 2 0 1 876 877 875
2293 2 2 0 1 313 1176 260
2294 2 2 0 1 300 1306 293
2295 2 2 0 1 475 1268 1247
2296 2 2 0 1 886 887 671
2297 2 2 0 1 727 1307 819
2298 2 2 0 1 1180 1181 1179
2299 2 2 0 1 1166 1271 249
2300 2 2 0 1 1101 1234 345
2301 2 2 0 1 365 1319 367
2302 2 2 0 1 367 1319 419
2303 2 2 0 1 389 1071 396
2304 2 2 0 1 688 690 689
2305 2 2 0 1 690 692 689
2306 2 2 0 1 692 1259 805
2307 2 2 0 1 1258 1259 694
2308 2 2 0 1 749 1300 751
2309 2 2 0 1 769 1355 1266
2310 2 2 0 1 799 1310 1147
2311 2 2 0 1 1103 1240 1102
2312 2 2 0 1 1329 1336 1119
2313 2 2 0 1 1239 1359 1348
2314 2 2 0 1 73 178 72
2315 2 2 0 1 207 1078 80
2316 2 2 0 1 311 321 306
2317 2 2 0 1 442 586 443
2318 2 2 0 1 760 1347 847
2319 2 2 0 1 783 1315 1291
2320 2 2 0 1 252 254 253
2321 2 2 0 1 254 256 255
2322 2 2 0 1 542 551 550
2323 2 2 0 1 670 1124 835
2324 2 2 0 1 707 708 706
2325 2 2 0 1 709 712 711
2326 2 2 0 1 712 713 711
2327 2 2 0 1 1028 1256 726
2328 2 2 0 1 739 1316 1188
2329 2 2 0 1 258 260 259
2330 2 2 0 1 1218 1293 314
2331 2 2 0 1 418 1286 387
2332 2 2 0 1 1161 1299 489
2333 2 2 0 1 651 1292 657
2334 2 2 0 1 818 1324 1028
2335 2 2 0 1 260 262 261
2336 2 2 0 1 262 264 263
2337 2 2 0 1 310 597 300
2338 2 2 0 1 352 1359 1239
2339 2 2 0 1 572 613 612
2340 2 2 0 1 1191 1354 803
2341 2 2 0 1 19 1090 196
2342 2 2 0 1 172 1269 33
2343 2 2 0 1 664 665 569
2344 2 2 0 1 758 765 764
2345 2 2 0 1 950 951 828
2346 2 2 0 1 10 1163 177
2347 2 2 0 1 421 1352 357
2348 2 2 0 1 520 1313 518
2349 2 2 0 1 552 1317 619
2350 2 2 0 1 665 1321 569
2351 2 2 0 1 598 1350 1111
2352 2 2 0 1 654 1377 604
2353 2 2 0 1 813 1241 752
2354 2 2 0 1 234 1257 233
2355 2 2 0 1 822 1077 823
2356 2 2 0 1 1041 1067 973
2357 2 2 0 1 1238 1342 1240
2358 2 2 0 1 267 1311 265
2359 2 2 0 1 1197 1278 468
2360 2 2 0 1 943 1204 1203
2361 2 2 0 1 396 397 390
2362 2 2 0 1 404 442 406
2363 2 2 0 1 450 1298 447
2364 2 2 0 1 759 1345 1307
2365 2 2 0 1 819 1330 1273
2366 2 2 0 1 1087 1349 326
2367 2 2 0 1 541 542 429
2368 2 2 0 1 444 1287 1087
2369 2 2 0 1 606 1291 561
2370 2 2 0 1 729 1252 1155
2371 2 2 0 1 837 839 838
2372 2 2 0 1 1038 1339 1322
2373 2 2 0 1 32 1269 206
2374 2 2 0 1 299 1170 302
2375 2 2 0 1 444 1087 319
2376 2 2 0 1 1396 1397 454
2377 2 2 0 1 465 1332 493
2378 2 2 0 1 741 1316 739
2379 2 2 0 1 773 1349 746
2380 2 2 0 1 1116 1119 1118
2381 2 2 0 1 223 1254 221
2382 2 2 0 1 263 1331 261
2383 2 2 0 1 306 1170 299
2384 2 2 0 1 642 1226 922
2385 2 2 0 1 1371 1378 768
2386 2 2 0 1 826 873 836
2387 2 2 0 1 938 1389 1379
2388 2 2 0 1 430 1314 578
2389 2 2 0 1 1234 1250 477
2390 2 2 0 1 821 1325 820
2391 2 2 0 1 11 1163 10
2392 2 2 0 1 973 1067 597
2393 2 2 0 1 788 1353 674
2394 2 2 0 1 357 1352 359
2395 2 2 0 1 488 1298 450
2396 2 2 0 1 480 1384 1364
2397 2 2 0 1 529 1337 531
2398 2 2 0 1 905 906 879
2399 2 2 0 1 289 1341 259
2400 2 2 0 1 291 1294 285
2401 2 2 0 1 1266 1355 422
2402 2 2 0 1 422 1360 1266
2403 2 2 0 1 227 1155 225
2404 2 2 0 1 469 1331 263
2405 2 2 0 1 1102 1250 1101
2406 2 2 0 1 1267 1268 475
2407 2 2 0 1 745 793 744
2408 2 2 0 1 361 1360 422
2409 2 2 0 1 396 1071 466
2410 2 2 0 1 1068 1306 597
2411 2 2 0 1 600 1322 721
2412 2 2 0 1 618 1327 610
2413 2 2 0 1 653 1348 1289
2414 2 2 0 1 836 837 827
2415 2 2 0 1 899 901 887
2416 2 2 0 1 1016 1442 1424
2417 2 2 0 1 1330 1338 1035
2418 2 2 0 1 545 1287 446
2419 2 2 0 1 584 942 536
2420 2 2 0 1 918 1361 766
2421 2 2 0 1 1250 1342 1251
2422 2 2 0 1 205 1276 147
2423 2 2 0 1 1080 1361 288
2424 2 2 0 1 748 1364 1350
2425 2 2 0 1 107 1199 106
2426 2 2 0 1 408 1325 1290
2427 2 2 0 1 616 670 669
2428 2 2 0 1 882 1396 1386
2429 2 2 0 1 307 1326 217
2430 2 2 0 1 811 1202 538
2431 2 2 0 1 828 1290 824
2432 2 2 0 1 1101 1250 1234
2433 2 2 0 1 33 1269 32
2434 2 2 0 1 431 1314 430
2435 2 2 0 1 1105 1347 577
2436 2 2 0 1 608 1327 1064
2437 2 2 0 1 837 840 839
2438 2 2 0 1 1157 1257 234
2439 2 2 0 1 340 1382 398
2440 2 2 0 1 751 1300 1252
2441 2 2 0 1 940 1377 1371
2442 2 2 0 1 219 1305 307
2443 2 2 0 1 586 1358 443
2444 2 2 0 1 1298 1344 448
2445 2 2 0 1 490 1321 1243
2446 2 2 0 1 783 1291 606
2447 2 2 0 1 757 1335 755
2448 2 2 0 1 259 1341 257
2449 2 2 0 1 771 1363 858
2450 2 2 0 1 947 1346 802
2451 2 2 0 1 811 1226 1202
2452 2 2 0 1 335 1320 1027
2453 2 2 0 1 1194 1281 397
2454 2 2 0 1 610 1327 608
2455 2 2 0 1 820 1325 1295
2456 2 2 0 1 1236 1374 1049
2457 2 2 0 1 670 835 669
2458 2 2 0 1 1107 1383 1369
2459 2 2 0 1 591 1356 593
2460 2 2 0 1 1327 1353 1066
2461 2 2 0 1 748 1350 1294
2462 2 2 0 1 1239 1348 1323
2463 2 2 0 1 266 1336 268
2464 2 2 0 1 493 1332 590
2465 2 2 0 1 1294 1350 598
2466 2 2 0 1 1246 1375 829
2467 2 2 0 1 721 810 680
2468 2 2 0 1 830 1352 1345
2469 2 2 0 1 1364 1384 1110
2470 2 2 0 1 467 1354 1191
2471 2 2 0 1 600 680 601
2472 2 2 0 1 1169 1404 479
2473 2 2 0 1 397 1281 390
2474 2 2 0 1 446 1287 444
2475 2 2 0 1 1102 1342 1250
2476 2 2 0 1 482 1403 1386
2477 2 2 0 1 1352 1360 359
2478 2 2 0 1 1107 1369 762
2479 2 2 0 1 322 1320 335
2480 2 2 0 1 1295 1325 408
2481 2 2 0 1 480 1364 1211
2482 2 2 0 1 398 1383 1138
2483 2 2 0 1 1282 1390 482
2484 2 2 0 1 634 1337 529
2485 2 2 0 1 940 1371 768
2486 2 2 0 1 768 1378 1217
2487 2 2 0 1 1387 1393 1122
2488 2 2 0 1 146 1276 182
2489 2 2 0 1 345 348 344
2490 2 2 0 1 482 1386 455
2491 2 2 0 1 484 1351 1080
2492 2 2 0 1 752 1343 750
2493 2 2 0 1 787 1376 789
2494 2 2 0 1 802 1363 586
2495 2 2 0 1 1383 1384 1138
2496 2 2 0 1 1202 1203 538
2497 2 2 0 1 1183 1354 467
2498 2 2 0 1 672 1357 925
2499 2 2 0 1 1137 1365 1058
2500 2 2 0 1 569 1321 490
2501 2 2 0 1 776 1333 605
2502 2 2 0 1 750 1343 1088
2503 2 2 0 1 1260 1389 307
2504 2 2 0 1 819 1338 1330
2505 2 2 0 1 829 1378 1371
2506 2 2 0 1 1108 1384 1383
2507 2 2 0 1 359 1360 361
2508 2 2 0 1 884 1400 1376
2509 2 2 0 1 171 1199 107
2510 2 2 0 1 766 1361 1351
2511 2 2 0 1 605 1333 607
2512 2 2 0 1 607 1333 917
2513 2 2 0 1 1241 1343 752
2514 2 2 0 1 1289 1348 761
2515 2 2 0 1 314 1336 266
2516 2 2 0 1 597 1306 300
2517 2 2 0 1 393 1328 1295
2518 2 2 0 1 831 1382 1375
2519 2 2 0 1 1375 1382 400
2520 2 2 0 1 336 1285 346
2521 2 2 0 1 831 1375 1246
2522 2 2 0 1 1058 1365 1060
2523 2 2 0 1 1110 1384 1108
2524 2 2 0 1 488 1340 1298
2525 2 2 0 1 753 1340 775
2526 2 2 0 1 1307 1338 819
2527 2 2 0 1 398 1382 1369
2528 2 2 0 1 1369 1383 398
2529 2 2 0 1 1217 1378 400
2530 2 2 0 1 762 1369 831
2531 2 2 0 1 1216 1359 352
2532 2 2 0 1 939 1388 403
2533 2 2 0 1 763 1370 719
2534 2 2 0 1 1348 1359 761
2535 2 2 0 1 1240 1342 1102
2536 2 2 0 1 616 1358 771
2537 2 2 0 1 938 1379 1339
2538 2 2 0 1 920 1355 769
2539 2 2 0 1 719 1370 939
2540 2 2 0 1 604 1377 621
2541 2 2 0 1 1198 1398 679
2542 2 2 0 1 790 1376 787
2543 2 2 0 1 147 1276 146
2544 2 2 0 1 1340 1344 1298
2545 2 2 0 1 314 1385 1336
2546 2 2 0 1 346 1285 395
2547 2 2 0 1 621 1377 1366
2548 2 2 0 1 761 1372 658
2549 2 2 0 1 666 867 866
2550 2 2 0 1 1375 1378 829
2551 2 2 0 1 1351 1361 1080
2552 2 2 0 1 454 1397 452
2553 2 2 0 1 830 1345 759
2554 2 2 0 1 823 1077 826
2555 2 2 0 1 658 1372 774
2556 2 2 0 1 594 1391 1209
2557 2 2 0 1 666 1367 867
2558 2 2 0 1 1211 1364 748
2559 2 2 0 1 1049 1374 1051
2560 2 2 0 1 390 1281 420
2561 2 2 0 1 1346 1363 802
2562 2 2 0 1 753 1344 1340
2563 2 2 0 1 621 1366 792
2564 2 2 0 1 551 1362 550
2565 2 2 0 1 611 1357 672
2566 2 2 0 1 676 1356 591
2567 2 2 0 1 592 1380 676
2568 2 2 0 1 1066 1373 463
2569 2 2 0 1 779 1357 611
2570 2 2 0 1 1356 1395 967
2571 2 2 0 1 403 1388 1216
2572 2 2 0 1 829 1371 654
2573 2 2 0 1 1108 1383 1107
2574 2 2 0 1 1138 1384 480
2575 2 2 0 1 820 1328 682
2576 2 2 0 1 326 1368 1312
2577 2 2 0 1 463 1373 1282
2578 2 2 0 1 525 1394 527
2579 2 2 0 1 858 1363 1346
2580 2 2 0 1 455 1386 454
2581 2 2 0 1 789 1390 788
2582 2 2 0 1 1216 1388 1372
2583 2 2 0 1 1293 1385 314
2584 2 2 0 1 1244 1391 594
2585 2 2 0 1 1359 1372 761
2586 2 2 0 1 1216 1372 1359
2587 2 2 0 1 1372 1388 774
2588 2 2 0 1 400 1378 1375
2589 2 2 0 1 1369 1382 831
2590 2 2 0 1 400 1382 340
2591 2 2 0 1 941 1367 664
2592 2 2 0 1 1380 1381 676
2593 2 2 0 1 539 1358 616
2594 2 2 0 1 307 1389 1326
2595 2 2 0 1 443 1358 539
2596 2 2 0 1 1326 1389 933
2597 2 2 0 1 488 1397 1392
2598 2 2 0 1 1295 1328 820
2599 2 2 0 1 1339 1379 1322
2600 2 2 0 1 876 1397 1396
2601 2 2 0 1 882 1400 881
2602 2 2 0 1 933 1389 938
2603 2 2 0 1 773 1368 1349
2604 2 2 0 1 1394 1402 634
2605 2 2 0 1 118 1437 1408
2606 2 2 0 1 721 1379 1260
2607 2 2 0 1 1356 1399 593
2608 2 2 0 1 674 1353 618
2609 2 2 0 1 1074 1391 1244
2610 2 2 0 1 664 1367 666
2611 2 2 0 1 452 1397 488
2612 2 2 0 1 618 1353 1327
2613 2 2 0 1 527 1394 634
2614 2 2 0 1 1349 1368 326
2615 2 2 0 1 679 1398 894
2616 2 2 0 1 876 1396 877
2617 2 2 0 1 479 1404 256
2618 2 2 0 1 1400 1403 789
2619 2 2 0 1 1376 1400 789
2620 2 2 0 1 788 1390 1373
2621 2 2 0 1 131 1447 1431
2622 2 2 0 1 1322 1379 721
2623 2 2 0 1 909 1401 911
2624 2 2 0 1 258 1404 313
2625 2 2 0 1 775 1392 843
2626 2 2 0 1 1373 1390 1282
2627 2 2 0 1 224 1407 902
2628 2 2 0 1 1337 1401 909
2629 2 2 0 1 588 1393 1387
2630 2 2 0 1 488 1392 1340
2631 2 2 0 1 1386 1396 454
2632 2 2 0 1 634 1401 1337
2633 2 2 0 1 115 1434 1430
2634 2 2 0 1 634 1402 1401
2635 2 2 0 1 676 1395 1356
2636 2 2 0 1 313 1405 1177
2637 2 2 0 1 1409 1433 187
2638 2 2 0 1 1381 1395 676
2639 2 2 0 1 1340 1392 775
2640 2 2 0 1 1276 1416 1412
2641 2 2 0 1 1423 1429 121
2642 2 2 0 1 1445 1446 200
2643 2 2 0 1 1390 1403 482
2644 2 2 0 1 256 1404 258
2645 2 2 0 1 222 1407 224
2646 2 2 0 1 1419 1420 1094
2647 2 2 0 1 118 1408 117
2648 2 2 0 1 1315 1410 778
2649 2 2 0 1 789 1403 1390
2650 2 2 0 1 893 1409 781
2651 2 2 0 1 1412 1416 779
2652 2 2 0 1 989 1436 1421
2653 2 2 0 1 985 1420 1419
2654 2 2 0 1 1421 1436 1141
2655 2 2 0 1 1422 1425 1113
2656 2 2 0 1 834 1438 780
2657 2 2 0 1 954 1427 1426
2658 2 2 0 1 1408 1437 832
2659 2 2 0 1 958 1425 1422
2660 2 2 0 1 129 1424 128
2661 2 2 0 1 1177 1405 1180
2662 2 2 0 1 833 1428 782
2663 2 2 0 1 122 1423 121
2664 2 2 0 1 1426 1427 1151
2665 2 2 0 1 116 1434 115
2666 2 2 0 1 777 1435 832
2667 2 2 0 1 175 1437 119
2668 2 2 0 1 1150 1433 214
2669 2 2 0 1 131 1431 130
2670 2 2 0 1 205 1416 1276
2671 2 2 0 1 783 1432 1315
2672 2 2 0 1 1016 1449 1014
2673 2 2 0 1 917 1412 779
2674 2 2 0 1 1441 1443 1062
2675 2 2 0 1 997 1443 1441
2676 2 2 0 1 917 1415 1412
2677 2 2 0 1 925 1413 926
2678 2 2 0 1 1333 1418 1415
2679 2 2 0 1 175 1429 1410
2680 2 2 0 1 165 1419 1094
2681 2 2 0 1 187 1430 1409
2682 2 2 0 1 128 1442 127
2683 2 2 0 1 776 1418 1333
2684 2 2 0 1 784 1417 776
2685 2 2 0 1 1357 1411 925
2686 2 2 0 1 1417 1418 776
2687 2 2 0 1 195 1421 1141
2688 2 2 0 1 1411 1413 925
2689 2 2 0 1 1431 1447 1008
2690 2 2 0 1 1333 1415 917
2691 2 2 0 1 987 1420 985
2692 2 2 0 1 200 1447 132
2693 2 2 0 1 1005 1446 1003
2694 2 2 0 1 991 1436 989
2695 2 2 0 1 1434 1438 834
2696 2 2 0 1 898 1406 893
2697 2 2 0 1 423 1407 222
2698 2 2 0 1 781 1409 834
2699 2 2 0 1 117 1408 156
2700 2 2 0 1 1432 1437 175
2701 2 2 0 1 1435 1438 156
2702 2 2 0 1 778 1410 833
2703 2 2 0 1 1430 1434 834
2704 2 2 0 1 174 1422 1113
2705 2 2 0 1 1412 1415 182
2706 2 2 0 1 809 1427 954
2707 2 2 0 1 197 1426 1151
2708 2 2 0 1 1423 1428 833
2709 2 2 0 1 121 1429 120
2710 2 2 0 1 993 1439 991
2711 2 2 0 1 991 1439 1436
2712 2 2 0 1 115 1430 114
2713 2 2 0 1 833 1429 1423
2714 2 2 0 1 956 1425 958
2715 2 2 0 1 1025 1440 184
2716 2 2 0 1 962 1414 1016
2717 2 2 0 1 1440 1441 184
2718 2 2 0 1 1133 1411 205
2719 2 2 0 1 999 1444 1443
2720 2 2 0 1 1276 1412 182
2721 2 2 0 1 960 1414 962
2722 2 2 0 1 1414 1422 174
2723 2 2 0 1 184 1441 1062
2724 2 2 0 1 182 1415 971
2725 2 2 0 1 210 1413 1133
2726 2 2 0 1 972 1417 165
2727 2 2 0 1 1008 1448 1431
2728 2 2 0 1 1133 1413 1411
2729 2 2 0 1 999 1443 997
2730 2 2 0 1 1415 1418 971
2731 2 2 0 1 832 1435 1408
2732 2 2 0 1 779 1416 1357
2733 2 2 0 1 972 1418 1417
2734 2 2 0 1 214 1433 1406
2735 2 2 0 1 1001 1444 999
2736 2 2 0 1 971 1418 972
2737 2 2 0 1 960 1422 1414
2738 2 2 0 1 1446 1447 200
2739 2 2 0 1 1140 1445 200
2740 2 2 0 1 985 1419 784
2741 2 2 0 1 1094 1420 195
2742 2 2 0 1 158 1423 122
2743 2 2 0 1 157 1424 129
2744 2 2 0 1 782 1428 809
2745 2 2 0 1 119 1437 118
2746 2 2 0 1 1113 1425 197
2747 2 2 0 1 989 1421 987
2748 2 2 0 1 187 1433 1150
2749 2 2 0 1 832 1432 783
2750 2 2 0 1 954 1426 956
2751 2 2 0 1 1070 1435 777
2752 2 2 0 1 780 1438 1070
2753 2 2 0 1 130 1431 157
2754 2 2 0 1 958 1422 960
2755 2 2 0 1 1151 1427 158
2756 2 2 0 1 156 1434 116
2757 2 2 0 1 1070 1438 1435
2758 2 2 0 1 152 1439 1025
2759 2 2 0 1 1141 1436 152
2760 2 2 0 1 1010 1449 1448
2761 2 2 0 1 1436 1439 152
2762 2 2 0 1 995 1441 1440
2763 2 2 0 1 1424 1449 1016
2764 2 2 0 1 1406 1433 893
2765 2 2 0 1 1010 1448 1007
2766 2 2 0 1 1357 1416 1411
2767 2 2 0 1 995 1440 993
2768 2 2 0 1 1014 1449 1010
2769 2 2 0 1 1408 1435 156
2770 2 2 0 1 1411 1416 205
2771 2 2 0 1 127 1442 174
2772 2 2 0 1 997 1441 995
2773 2 2 0 1 1443 1444 163
2774 2 2 0 1 1062 1443 163
2775 2 2 0 1 1417 1419 165
2776 2 2 0 1 784 1419 1417
2777 2 2 0 1 163 1444 1140
2778 2 2 0 1 1420 1421 195
2779 2 2 0 1 987 1421 1420
2780 2 2 0 1 1425 1426 197
2781 2 2 0 1 832 1437 1432
2782 2 2 0 1 809 1428 1427
2783 2 2 0 1 956 1426 1425
2784 2 2 0 1 158 1428 1423
2785 2 2 0 1 1003 1445 1001
2786 2 2 0 1 156 1438 1434
2787 2 2 0 1 1427 1428 158
2788 2 2 0 1 1008 1446 1005
2789 2 2 0 1 993 1440 1439
2790 2 2 0 1 1439 1440 1025
2791 2 2 0 1 1409 1430 834
2792 2 2 0 1 132 1447 131
2793 2 2 0 1 1410 1429 833
2794 2 2 0 1 174 1442 1414
2795 2 2 0 1 1448 1449 157
2796 2 2 0 1 1414 1442 1016
2797 2 2 0 1 1008 1447 1446
2798 2 2 0 1 1444 1445 1140
2799 2 2 0 1 1001 1445 1444
2800 2 2 0 1 1431 1448 157
2801 2 2 0 1 157 1449 1424
2802 2 2 0 1 1413 1450 926
2803 2 2 0 1 210 1450 1413
2804 2 2 0 1 743 1451 891
2805 2 2 0 1 744 1451 743
2806 2 2 0 1 891 1451 890
2807 2 2 0 1 795 1451 744
2808 2 2 0 1 207 1510 1078
2809 2 2 0 1 1078 1509 1454
2810 2 2 0 1 85 1452 84
2811 2 2 0 1 22 1453 21
2812 2 2 0 1 623 1536 1460
2813 2 2 0 1 870 1537 1464
2814 2 2 0 1 1469 1534 869
2815 2 2 0 1 1464 1535 870
2816 2 2 0 1 1459 1538 1367
2817 2 2 0 1 79 1454 78
2818 2 2 0 1 170 1452 85
2819 2 2 0 1 21 1453 168
2820 2 2 0 1 22 1504 1453
2821 2 2 0 1 1452 1503 84
2822 2 2 0 1 1090 1507 196
2823 2 2 0 1 204 1506 1095
2824 2 2 0 1 979 1536 981
2825 2 2 0 1 980 1519 188
2826 2 2 0 1 889 1520 199
2827 2 2 0 1 786 1455 790
2828 2 2 0 1 1097 1456 160
2829 2 2 0 1 1089 1505 190
2830 2 2 0 1 941 1459 1367
2831 2 2 0 1 982 1460 978
2832 2 2 0 1 34 1463 172
2833 2 2 0 1 38 1464 164
2834 2 2 0 1 965 1462 964
2835 2 2 0 1 202 1463 35
2836 2 2 0 1 1225 1465 1105
2837 2 2 0 1 193 1464 39
2838 2 2 0 1 791 1470 1106
2839 2 2 0 1 1269 1461 983
2840 2 2 0 1 191 1469 44
2841 2 2 0 1 846 1466 662
2842 2 2 0 1 1154 1471 154
2843 2 2 0 1 159 1468 1093
2844 2 2 0 1 848 1472 625
2845 2 2 0 1 1347 1465 847
2846 2 2 0 1 1085 1471 1086
2847 2 2 0 1 1153 1473 1154
2848 2 2 0 1 970 1473 1190
2849 2 2 0 1 1021 1476 203
2850 2 2 0 1 43 1469 1210
2851 2 2 0 1 691 1474 688
2852 2 2 0 1 1040 1478 151
2853 2 2 0 1 849 1477 695
2854 2 2 0 1 968 1476 969
2855 2 2 0 1 697 1477 850
2856 2 2 0 1 1366 1467 792
2857 2 2 0 1 693 1475 849
2858 2 2 0 1 1128 1480 192
2859 2 2 0 1 686 1472 691
2860 2 2 0 1 624 1470 848
2861 2 2 0 1 1017 1491 1018
2862 2 2 0 1 1020 1478 1021
2863 2 2 0 1 1132 1486 1131
2864 2 2 0 1 1039 1480 1040
2865 2 2 0 1 1127 1482 1128
2866 2 2 0 1 705 1481 710
2867 2 2 0 1 701 1479 851
2868 2 2 0 1 851 1481 703
2869 2 2 0 1 852 1487 714
2870 2 2 0 1 1083 1489 1084
2871 2 2 0 1 1124 1498 1126
2872 2 2 0 1 1130 1482 1129
2873 2 2 0 1 763 1488 1370
2874 2 2 0 1 850 1479 699
2875 2 2 0 1 712 1484 852
2876 2 2 0 1 1084 1486 186
2877 2 2 0 1 710 1483 707
2878 2 2 0 1 1019 1485 1280
2879 2 2 0 1 185 1497 74
2880 2 2 0 1 1023 1489 173
2881 2 2 0 1 856 1493 948
2882 2 2 0 1 854 1490 718
2883 2 2 0 1 68 1492 194
2884 2 2 0 1 70 1494 166
2885 2 2 0 1 949 1495 1346
2886 2 2 0 1 716 1487 854
2887 2 2 0 1 73 1497 178
2888 2 2 0 1 166 1492 69
2889 2 2 0 1 1082 1493 855
2890 2 2 0 1 178 1496 72
2891 2 2 0 1 858 1495 871
2892 2 2 0 1 75 1499 185
2893 2 2 0 1 871 1498 857
2894 2 2 0 1 209 1499 76
2895 2 2 0 1 774 1488 659
2896 2 2 0 1 1078 1454 79
2897 2 2 0 1 181 1538 1459
2898 2 2 0 1 198 1518 927
2899 2 2 0 1 795 1458 1451
2900 2 2 0 1 1453 1504 864
2901 2 2 0 1 867 1503 1452
2902 2 2 0 1 793 1501 795
2903 2 2 0 1 790 1502 1376
2904 2 2 0 1 83 1503 181
2905 2 2 0 1 180 1504 23
2906 2 2 0 1 875 1505 874
2907 2 2 0 1 872 1507 916
2908 2 2 0 1 1077 1506 873
2909 2 2 0 1 201 1508 1096
2910 2 2 0 1 835 1510 865
2911 2 2 0 1 26 1511 188
2912 2 2 0 1 198 1513 7
2913 2 2 0 1 99 1512 199
2914 2 2 0 1 92 1514 201
2915 2 2 0 1 167 1514 93
2916 2 2 0 1 13 1515 169
2917 2 2 0 1 190 1515 14
2918 2 2 0 1 866 1516 944
2919 2 2 0 1 859 1517 861
2920 2 2 0 1 177 1518 9
2921 2 2 0 1 8 1518 198
2922 2 2 0 1 188 1519 25
2923 2 2 0 1 199 1520 98
2924 2 2 0 1 24 1519 180
2925 2 2 0 1 97 1520 179
2926 2 2 0 1 169 1502 1162
2927 2 2 0 1 1098 1501 167
2928 2 2 0 1 631 1521 587
2929 2 2 0 1 868 1522 943
2930 2 2 0 1 900 1524 208
2931 2 2 0 1 3 1525 77
2932 2 2 0 1 78 1525 3
2933 2 2 0 1 1 1523 150
2934 2 2 0 1 4 1524 101
2935 2 2 0 1 976 1526 211
2936 2 2 0 1 5 1523 1
2937 2 2 0 1 102 1524 4
2938 2 2 0 1 29 1526 2
2939 2 2 0 1 2 1526 28
2940 2 2 0 1 210 1523 1450
2941 2 2 0 1 874 1457 842
2942 2 2 0 1 1274 1528 202
2943 2 2 0 1 1136 1527 1023
2944 2 2 0 1 844 1529 845
2945 2 2 0 1 853 1533 1081
2946 2 2 0 1 623 1530 622
2947 2 2 0 1 792 1531 663
2948 2 2 0 1 659 1532 630
2949 2 2 0 1 981 1536 1521
2950 2 2 0 1 873 1456 836
2951 2 2 0 1 842 1457 872
2952 2 2 0 1 1097 1508 840
2953 2 2 0 1 181 1459 1205
2954 2 2 0 1 179 1458 1099
2955 2 2 0 1 878 1455 786
2956 2 2 0 1 1163 1455 177
2957 2 2 0 1 160 1456 1079
2958 2 2 0 1 1189 1457 161
2959 2 2 0 1 1451 1458 890
2960 2 2 0 1 865 1459 941
2961 2 2 0 1 983 1460 982
2962 2 2 0 1 172 1461 1269
2963 2 2 0 1 964 1462 1225
2964 2 2 0 1 35 1463 34
2965 2 2 0 1 39 1464 38
2966 2 2 0 1 662 1466 772
2967 2 2 0 1 1105 1465 1347
2968 2 2 0 1 1210 1468 159
2969 2 2 0 1 1466 1467 772
2970 2 2 0 1 44 1469 43
2971 2 2 0 1 772 1467 1366
2972 2 2 0 1 1106 1470 624
2973 2 2 0 1 154 1471 1085
2974 2 2 0 1 1190 1473 1153
2975 2 2 0 1 625 1472 686
2976 2 2 0 1 1474 1475 690
2977 2 2 0 1 688 1474 690
2978 2 2 0 1 690 1475 693
2979 2 2 0 1 203 1476 968
2980 2 2 0 1 695 1477 697
2981 2 2 0 1 151 1478 1020
2982 2 2 0 1 699 1479 701
2983 2 2 0 1 192 1480 1039
2984 2 2 0 1 1129 1482 1127
2985 2 2 0 1 703 1481 705
2986 2 2 0 1 707 1483 709
2987 2 2 0 1 1483 1484 709
2988 2 2 0 1 1018 1485 1019
2989 2 2 0 1 709 1484 712
2990 2 2 0 1 186 1486 1132
2991 2 2 0 1 714 1487 716
2992 2 2 0 1 173 1489 1083
2993 2 2 0 1 718 1490 763
2994 2 2 0 1 194 1491 1017
2995 2 2 0 1 1370 1488 774
2996 2 2 0 1 69 1492 68
2997 2 2 0 1 71 1496 1494
2998 2 2 0 1 71 1494 70
2999 2 2 0 1 72 1496 71
3000 2 2 0 1 855 1493 856
3001 2 2 0 1 74 1497 73
3002 2 2 0 1 1346 1495 858
3003 2 2 0 1 857 1498 1124
3004 2 2 0 1 76 1499 75
3005 2 2 0 1 981 1500 980
3006 2 2 0 1 1460 1530 623
3007 2 2 0 1 1461 1529 844
3008 2 2 0 1 202 1528 1462
3009 2 2 0 1 1468 1531 792
3010 2 2 0 1 1491 1533 853
3011 2 2 0 1 1485 1532 659
3012 2 2 0 1 1023 1527 1490
3013 2 2 0 1 6 1513 1450
3014 2 2 0 1 900 1512 100
3015 2 2 0 1 976 1511 27
3016 2 2 0 1 1500 1522 868
3017 2 2 0 1 879 1501 793
3018 2 2 0 1 1376 1502 884
3019 2 2 0 1 84 1503 83
3020 2 2 0 1 23 1504 22
3021 2 2 0 1 840 1508 885
3022 2 2 0 1 870 1535 846
3023 2 2 0 1 847 1537 870
3024 2 2 0 1 869 1534 791
3025 2 2 0 1 880 1505 875
3026 2 2 0 1 945 1506 1077
3027 2 2 0 1 916 1507 863
3028 2 2 0 1 1096 1508 1097
3029 2 2 0 1 1126 1509 1125
3030 2 2 0 1 1125 1510 835
3031 2 2 0 1 100 1512 99
3032 2 2 0 1 977 1511 976
3033 2 2 0 1 27 1511 26
3034 2 2 0 1 888 1512 900
3035 2 2 0 1 7 1513 6
3036 2 2 0 1 1450 1513 926
3037 2 2 0 1 93 1514 92
3038 2 2 0 1 14 1515 13
3039 2 2 0 1 944 1516 945
3040 2 2 0 1 863 1517 859
3041 2 2 0 1 9 1518 8
3042 2 2 0 1 25 1519 24
3043 2 2 0 1 98 1520 97
3044 2 2 0 1 1454 1525 78
3045 2 2 0 1 1454 1509 209
3046 2 2 0 1 587 1521 623
3047 2 2 0 1 866 1540 1516
3048 2 2 0 1 1517 1541 861
3049 2 2 0 1 943 1522 631
3050 2 2 0 1 208 1524 102
3051 2 2 0 1 150 1523 210
3052 2 2 0 1 77 1525 209
3053 2 2 0 1 211 1526 29
3054 2 2 0 1 180 1539 1504
3055 2 2 0 1 1503 1538 181
3056 2 2 0 1 1280 1527 1136
3057 2 2 0 1 1275 1528 1274
3058 2 2 0 1 845 1529 965
3059 2 2 0 1 622 1530 844
3060 2 2 0 1 663 1531 869
3061 2 2 0 1 1081 1533 1082
3062 2 2 0 1 630 1532 853
3063 2 2 0 1 1086 1534 191
3064 2 2 0 1 1092 1535 193
3065 2 2 0 1 978 1536 979
3066 2 2 0 1 164 1537 1275
3067 2 2 0 1 864 1539 868
3068 2 2 0 1 1367 1538 867
3069 2 2 0 1 983 1530 1460
3070 2 2 0 1 1462 1528 1225
3071 2 2 0 1 172 1529 1461
3072 2 2 0 1 1210 1531 1468
3073 2 2 0 1 1490 1527 763
3074 2 2 0 1 1018 1532 1485
3075 2 2 0 1 194 1533 1491
3076 2 2 0 1 209 1525 1454
3077 2 2 0 1 981 1522 1500
3078 2 2 0 1 170 1540 1452
3079 2 2 0 1 1453 1541 168
3080 2 2 0 1 1521 1536 623
3081 2 2 0 1 1504 1539 864
3082 2 2 0 1 867 1538 1503
3083 2 2 0 1 168 1541 1517
3084 2 2 0 1 1516 1540 170
$EndElements
