$MeshFormat
2.2 0 8
$EndMeshFormat
$Nodes
6938
1 0 0 0
2 0.04 0 0
3 0.04 0.08 0
4 0 0.08 0
5 0.000777789089372058 0 0
6 0.001547502827559782 0 0
7 0.002324062161507494 0 0
8 0.003090908544713094 0 0
9 0.003874357728368958 0 0
10 0.004618266769789969 0 0
11 0.005417284998439731 0 0
12 0.006141567562616457 0 0
13 0.006945975605619939 0 0
14 0.007682324281083543 0 0
15 0.008466064498838587 0 0
16 0.009232857416832517 0 0
17 0.01000152051252332 0 0
18 0.01077888316138823 0 0
19 0.01154591726696478 0 0
20 0.01231680633615061 0 0
21 0.01309181786578993 0 0
22 0.01385590643830083 0 0
23 0.01463377038381298 0 0
24 0.01540431453145562 0 0
25 0.01616374369032371 0 0
26 0.01695349470718442 0 0
27 0.01768349661714585 0 0
28 0.01848952650595307 0 0
29 0.0192170098756713 0 0
30 0.02001027532551698 0 0
31 0.02076301070040928 0 0
32 0.02154413957661328 0 0
33 0.02231321429760694 0 0
34 0.02309066174622329 0 0
35 0.02385692763334089 0 0
36 0.02463748437245687 0 0
37 0.02539047539885172 0 0
38 0.02617829677968212 0 0
39 0.02692933255466654 0 0
40 0.02770934389317395 0 0
41 0.02848006235393849 0 0
42 0.02922913792756033 0 0
43 0.03002564049500485 0 0
44 0.03075891063815815 0 0
45 0.03155360656002852 0 0
46 0.0323000174906459 0 0
47 0.03308483833028206 0 0
48 0.03384872427079509 0 0
49 0.03463088627045686 0 0
50 0.0353964175719135 0 0
51 0.03618022729440012 0 0
52 0.03693071446680284 0 0
53 0.03772303946869867 0 0
54 0.03845702264805576 0 0
55 0.03925516328812215 0 0
56 0.04 0.0007212116366071389 0
57 0.04 0.001429091219505703 0
58 0.04 0.002141428041734169 0
59 0.04 0.002862964536805637 0
60 0.04 0.003573013334010547 0
61 0.04 0.004282624615816502 0
62 0.04 0.005004042646418278 0
63 0.04 0.00571681509929826 0
64 0.04 0.006424370642233884 0
65 0.04 0.007144546483728608 0
66 0.04 0.007860143857525433 0
67 0.04 0.008566762365133958 0
68 0.04 0.009284588789068344 0
69 0.04 0.0100030766943179 0
70 0.04 0.01070989218341809 0
71 0.04 0.01142499628127492 0
72 0.04 0.01214572045522723 0
73 0.04 0.01285384284168755 0
74 0.04 0.01356632942513553 0
75 0.04 0.01428818886187801 0
76 0.04 0.01499864161800323 0
77 0.04 0.01570867366235858 0
78 0.04 0.01643060356012859 0
79 0.04 0.01714386355854364 0
80 0.04 0.01785210362476362 0
81 0.04 0.01857309201120001 0
82 0.04 0.01928921457575672 0
83 0.04 0.01999669215486035 0
84 0.04 0.0207157908705642 0
85 0.04 0.02143479982121141 0
86 0.04 0.02214250576862186 0
87 0.04 0.02285930134366104 0
88 0.04 0.0235807509535448 0
89 0.04 0.02428960409275147 0
90 0.04 0.02500423674909964 0
91 0.04 0.02572720793093756 0
92 0.04 0.0264380419312973 0
93 0.04 0.02715066028322909 0
94 0.04 0.02787431582927117 0
95 0.04 0.02858768349283949 0
96 0.04 0.02929862921840276 0
97 0.04 0.03002222337709336 0
98 0.04 0.030738224074003 0
99 0.04 0.03144819788121155 0
100 0.04 0.03217108679758541 0
101 0.04 0.03288968735264615 0
102 0.04 0.03359941952253225 0
103 0.04 0.03432106580667581 0
104 0.04 0.03504222062294138 0
105 0.04 0.03575234537832435 0
106 0.04 0.03647251817246795 0
107 0.04 0.03719597312396886 0
108 0.04 0.03790702369153362 0
109 0.04 0.03862589457447377 0
110 0.04 0.03935109700100568 0
111 0.04 0.04006350489763317 0
112 0.04 0.04078125785430971 0
113 0.04 0.04150774666746323 0
114 0.04 0.04222183862033208 0
115 0.04 0.04293866263087893 0
116 0.04 0.04366607609537166 0
117 0.04 0.04438203840921393 0
118 0.04 0.04509816479737261 0
119 0.04 0.04582623801720064 0
120 0.04 0.04654409157213373 0
121 0.04 0.0472598210026842 0
122 0.04 0.04798838256607404 0
123 0.04 0.04870804112663533 0
124 0.04 0.0494236933653008 0
125 0.04 0.05015265885300686 0
126 0.04 0.05087399055829604 0
127 0.04 0.05158984736391092 0
128 0.04 0.05231921062089102 0
129 0.04 0.05304206872254929 0
130 0.04 0.05375835230877769 0
131 0.04 0.05448817569650805 0
132 0.04 0.05521240082581338 0
133 0.04 0.05592928423589898 0
134 0.04 0.05665968472444047 0
135 0.04 0.05738510453677435 0
136 0.04 0.05810272330569595 0
137 0.04 0.05883385774445247 0
138 0.04 0.05956028865452737 0
139 0.04 0.06027875941181179 0
140 0.04 0.06101080918750898 0
141 0.04 0.06173805507138384 0
142 0.04 0.06245749189930386 0
143 0.04 0.06319063993098481 0
144 0.04 0.06391849360725238 0
145 0.04 0.06463902777362131 0
146 0.04 0.0653734383222779 0
147 0.04 0.06610168207454917 0
148 0.04 0.06682348630476016 0
149 0.04 0.0675592797447602 0
150 0.04 0.06828768632241029 0
151 0.04 0.06901099846629075 0
152 0.04 0.0697482239141477 0
153 0.04 0.07047655733695098 0
154 0.04 0.07120170944389301 0
155 0.04 0.07194031433211009 0
156 0.04 0.0726683510285927 0
157 0.04 0.07339577791059147 0
158 0.04 0.07413557789754165 0
159 0.04 0.07486319920034432 0
160 0.04 0.07559338142342462 0
161 0.04 0.07633402457694746 0
162 0.04 0.07706134112500301 0
163 0.04 0.07779471658032044 0
164 0.04 0.07853564617462162 0
165 0.04 0.07926304463193264 0
166 0.03927296216238815 0.08 0
167 0.0384693649864971 0.08 0
168 0.03773519169535444 0.08 0
169 0.03694706266982239 0.08 0
170 0.03618568542994957 0.08 0
171 0.03540567069952164 0.08 0
172 0.0346343929931985 0.08 0
173 0.03385517970391494 0.08 0
174 0.03309418607535942 0.08 0
175 0.03230944848988619 0.08 0
176 0.03156452175966613 0.08 0
177 0.03077151274956286 0.08 0
178 0.03002239044778791 0.08 0
179 0.02924516583165316 0.08 0
180 0.02846860522545279 0.08 0
181 0.02772340902365156 0.08 0
182 0.02692578972748216 0.08 0
183 0.0261886616619146 0.08 0
184 0.02539917030931903 0.08 0
185 0.02464442757471746 0.08 0
186 0.02386262215871686 0.08 0
187 0.0230932201736075 0.08 0
188 0.02231218050192922 0.08 0
189 0.02154762177984715 0.08 0
190 0.02076214506658486 0.08 0
191 0.02002031459285605 0.08 0
192 0.01922213133746492 0.08 0
193 0.01849219519789479 0.08 0
194 0.01769388851817401 0.08 0
195 0.01694434163494381 0.08 0
196 0.01617388879354781 0.08 0
197 0.01539180398449611 0.08 0
198 0.0146393015161645 0.08 0
199 0.01385294181820497 0.08 0
200 0.01309678875242229 0.08 0
201 0.012318933860061 0.08 0
202 0.01154881665075859 0.08 0
203 0.01077416992497404 0.08 0
204 0.01000198574878559 0.08 0
205 0.00922174440971462 0.08 0
206 0.008470773073024795 0.08 0
207 0.007675277374722414 0.08 0
208 0.006950428330198939 0.08 0
209 0.006143387768251928 0.08 0
210 0.005413019334011261 0.08 0
211 0.00462443367136052 0.08 0
212 0.003861584340897797 0.08 0
213 0.003091162465454836 0.08 0
214 0.002311918634579649 0.08 0
215 0.00154648769062276 0.08 0
216 0.0007733057467581086 0.08 0
217 0 0.07928568393543178 0
218 0 0.07855931195222123 0
219 0 0.0778423352434317 0
220 0 0.07712959668279155 0
221 0 0.07640409010925342 0
222 0 0.07568571209857369 0
223 0 0.07497418966906184 0
224 0 0.07424996360182426 0
225 0 0.0735300671392578 0
226 0 0.07281933454549026 0
227 0 0.07209684752698731 0
228 0 0.07137532252552267 0
229 0 0.07066490774841785 0
230 0 0.06994450789858025 0
231 0 0.06922140077547592 0
232 0 0.06851079027186234 0
233 0 0.06779247806194146 0
234 0 0.06706821748197243 0
235 0 0.06635686580530194 0
236 0 0.06564061903817435 0
237 0 0.06491568648036249 0
238 0 0.06420303017969012 0
239 0 0.0634888110800105 0
240 0 0.06276371488252921 0
241 0 0.06204931105148534 0
242 0 0.061336938039144 0
243 0 0.06061220649589791 0
244 0 0.05989587243959563 0
245 0 0.05918489228153311 0
246 0 0.05846106258143538 0
247 0 0.0577427333625236 0
248 0 0.05703256886927564 0
249 0 0.05631017517883091 0
250 0 0.05558979560479238 0
251 0 0.05487986600590726 0
252 0 0.0541593646397913 0
253 0 0.05343695657056814 0
254 0 0.05272669061891595 0
255 0 0.05200808513167558 0
256 0 0.05128410998580384 0
257 0 0.05057295243919582 0
258 0 0.04985615861218619 0
259 0 0.04913114049072992 0
260 0 0.04841856475194201 0
261 0 0.04770349228542314 0
262 0 0.04697793160662526 0
263 0 0.04626352298793093 0
264 0 0.04554999786302519 0
265 0 0.04482436014625027 0
266 0 0.04410794543226721 0
267 0 0.04339559042044423 0
268 0 0.04267030034284194 0
269 0 0.04195186811213401 0
270 0 0.04124019140539441 0
271 0 0.04051562238701494 0
272 0 0.03979518331037615 0
273 0 0.03908372082748781 0
274 0 0.03836019032594451 0
275 0 0.03763776680476412 0
276 0 0.0369261044340467 0
277 0 0.03620379935307985 0
278 0 0.03547949050955776 0
279 0 0.03476726875213819 0
280 0 0.03404607920328923 0
281 0 0.03332022574665433 0
282 0 0.03260714269378753 0
283 0 0.03188692519951138 0
284 0 0.03115984037045205 0
285 0 0.03044565626499594 0
286 0 0.02972626168277465 0
287 0 0.02899820200887254 0
288 0 0.02828273928263617 0
289 0 0.02756401269736344 0
290 0 0.02683517759191571 0
291 0 0.02611833357382074 0
292 0 0.02540010185924604 0
293 0 0.02467063461737126 0
294 0 0.02395239404757493 0
295 0 0.02323445320773022 0
296 0 0.02250444137183135 0
297 0 0.02178485309359808 0
298 0 0.02106698806572409 0
299 0 0.02033646869609496 0
300 0 0.01961562263185632 0
301 0 0.01889762572546481 0
302 0 0.01816659045550691 0
303 0 0.01744460215490153 0
304 0 0.01672628211691103 0
305 0 0.01599468432346572 0
306 0 0.01527168421711353 0
307 0 0.01455286951909808 0
308 0 0.01382063343128222 0
309 0 0.01309676310419329 0
310 0 0.01237729549513535 0
311 0 0.01164432728908485 0
312 0 0.01091973903945144 0
313 0 0.01019946196240219 0
314 0 0.00946566271081857 0
315 0 0.008740519206762457 0
316 0 0.008019264176159766 0
317 0 0.007284545025992989 0
318 0 0.006559018819058737 0
319 0 0.005836589450213106 0
320 0 0.005100888694605218 0
321 0 0.004375158044230956 0
322 0 0.003651317008912372 0
323 0 0.002914619519191267 0
324 0 0.002188852740143007 0
325 0 0.001463315512158017 0
326 0 0.0007256739851535798 0
327 0.0200014913902191 0.03539728300063287 0
328 0.01995954827080244 0.05735070757819614 0
329 0.02250455374787037 0.01749798359165362 0
330 0.01291472871398958 0.04675457466085336 0
331 0.02709351531873316 0.04696342581736282 0
332 0.01262790645234551 0.06760660432414289 0
333 0.02746142245312833 0.06746379614662829 0
334 0.01235885512006187 0.02583622776757358 0
335 0.01177459858039647 0.01193015644556518 0
336 0.02844965323146224 0.02751248805625013 0
337 0.02997785084972032 0.03735008693815905 0
338 0.009884390809168357 0.05736857274727088 0
339 0.03003827198734422 0.05757885184612667 0
340 0.02979588891721854 0.01037978007172371 0
341 0.01008898337226579 0.0366093433476296 0
342 0.03154938983624628 0.01964295336530854 0
343 0.02118676160357276 0.008708112300663186 0
344 0.01952373023781911 0.07185656608054578 0
345 0.02053093898740495 0.02720970355951009 0
346 0.007870705514821384 0.01925662417866055 0
347 0.007312852852460687 0.07269507663728375 0
348 0.02024020124753711 0.0434165827014573 0
349 0.03289650571129488 0.05123191896110348 0
350 0.03275080050636248 0.07265894435712023 0
351 0.006777068376888904 0.006600618299508108 0
352 0.0330987037985747 0.04348496223602159 0
353 0.007073670897831104 0.05095504792752462 0
354 0.03345295998973841 0.03174558293452645 0
355 0.006914366530135517 0.0300859589738853 0
356 0.02114454438706138 0.05042700800873087 0
357 0.006972462211980853 0.04298389973909616 0
358 0.01532469888723639 0.01899981122387599 0
359 0.02082452185133197 0.06457763846920911 0
360 0.006780837591340376 0.06393031199616171 0
361 0.03318698462755199 0.0644641875637334 0
362 0.01495804221294407 0.0529899902078235 0
363 0.03417271184563192 0.02543900063539687 0
364 0.02652855391481002 0.07378884647086439 0
365 0.02564451210438303 0.03299876517072489 0
366 0.01449863413512706 0.03186969298737638 0
367 0.01522125531042038 0.06144229341692454 0
368 0.03376627137178057 0.006085597680689343 0
369 0.01503064348127735 0.006350994397943323 0
370 0.01359742757807004 0.07367138189861652 0
371 0.005957372694413994 0.01343971307013939 0
372 0.02556376744713329 0.04130631214925562 0
373 0.02653234993966282 0.05285322841843008 0
374 0.01553454001661623 0.03945395843152007 0
375 0.03428061564277991 0.01392725914350678 0
376 0.005642022758775773 0.02451782751605186 0
377 0.02455257553128444 0.02308426647443463 0
378 0.02655381466717433 0.005679649860455827 0
379 0.02482295230300325 0.06037456416349934 0
380 0.005075083754522276 0.03514718607746039 0
381 0.03502188914378606 0.03817498543503076 0
382 0.0176746308736148 0.01341096534735849 0
383 0.02769095453061591 0.01551947152496385 0
384 0.005094526829433314 0.05882297743148424 0
385 0.03490126234918935 0.05629448448016972 0
386 0.004627124120746597 0.06826497780277817 0
387 0.0194932821771306 0.02227064630130838 0
388 0.03536620220646559 0.06872006895409366 0
389 0.01752929885974533 0.04731275628729859 0
390 0.03554140027231809 0.04762410178437912 0
391 0.004345442171660198 0.03946288671283113 0
392 0.01725948302924588 0.06766567859644004 0
393 0.004445530189966197 0.04722090986649997 0
394 0.03564007195438114 0.01805454992134504 0
395 0.02512131347447095 0.01151078055347262 0
396 0.01111572523112288 0.04103322122188159 0
397 0.01885326819081218 0.004324611263295843 0
398 0.01082128835614638 0.004564507919839256 0
399 0.0286700717966081 0.06305709309144363 0
400 0.0229232226821087 0.06877373414665944 0
401 0.02192990114088818 0.07554428156786264 0
402 0.02886637225436756 0.02317996039600467 0
403 0.02298356421990105 0.04651279515465854 0
404 0.004357773560050918 0.05450764208886096 0
405 0.03572603125800897 0.07573567980227724 0
406 0.03571922221587857 0.06062655666416447 0
407 0.00422026859618772 0.01720847113547997 0
408 0.03575248609065428 0.009942457201417437 0
409 0.004300516006875289 0.07578854800358012 0
410 0.01744825287104901 0.07569913991863569 0
411 0.02415046089851164 0.02878036084340948 0
412 0.01145490848678382 0.01646921191546318 0
413 0.02261147845943283 0.05417680901428634 0
414 0.01663446841190381 0.02525419656504614 0
415 0.004073433628224418 0.003808685295174391 0
416 0.004071414577631466 0.009858360841997919 0
417 0.01163376578980734 0.02129105195309601 0
418 0.01035975926966821 0.03244408261988205 0
419 0.03017399813630797 0.07587337307301105 0
420 0.01073194633026073 0.06168445616645984 0
421 0.02391912472229497 0.03702572699588755 0
422 0.03039227556658149 0.00409922380485353 0
423 0.01883367696996939 0.0312130809481507 0
424 0.003802081693720177 0.02769037553238902 0
425 0.02939533407214103 0.03141877207258832 0
426 0.0360534882840348 0.02889363540808305 0
427 0.01136867333074685 0.050721405938128 0
428 0.03152890900661023 0.04736410282851458 0
429 0.01581628136839845 0.05730825079008329 0
430 0.0157254198230194 0.04359704954589734 0
431 0.01887623318925152 0.0535402478242623 0
432 0.003707094052217946 0.0214166679914547 0
433 0.02576610355450058 0.05657596479849557 0
434 0.02287511830475298 0.004027076634389191 0
435 0.008584288449776413 0.04713459175788319 0
436 0.03591556700662639 0.02208555592737858 0
437 0.0103813688785976 0.07593467797155612 0
438 0.01370306724146042 0.03583696220426483 0
439 0.02480273595218473 0.06438876268361635 0
440 0.03121117596029857 0.06902115861216343 0
441 0.01932963905482254 0.03944870206668132 0
442 0.03632476579647991 0.03463557173495975 0
443 0.02968036845711331 0.04137153469995667 0
444 0.008682651041820864 0.026806243421904 0
445 0.02639148032550104 0.01949460040134693 0
446 0.03630971816704243 0.05268063967172016 0
447 0.01551753070083798 0.01024620815299111 0
448 0.0320090912142152 0.02838915406003858 0
449 0.00359703874691961 0.03152338278498171 0
450 0.02117513033177844 0.06083199440355996 0
451 0.003527100257013305 0.06240651296700725 0
452 0.008374781485085817 0.0105102886478248 0
453 0.008536437859438813 0.06733360760078402 0
454 0.003646828985915607 0.07179063823428597 0
455 0.00344735904320977 0.05097864829327049 0
456 0.02907921614485862 0.05007564051199339 0
457 0.0299643964519976 0.05360030137047848 0
458 0.03643722311633839 0.04187079979309632 0
459 0.007925704786889072 0.03943517968970656 0
460 0.01175467855287922 0.008189479879974634 0
461 0.03139388651390082 0.01579568799669737 0
462 0.02164761291220206 0.01358889043854569 0
463 0.01085651217309935 0.0710119306492881 0
464 0.03652591970450716 0.003485418213218044 0
465 0.01589331602079161 0.07094362296687777 0
466 0.003563623718179108 0.04373712387385 0
467 0.02463256469730167 0.04981264515366354 0
468 0.009344415579772251 0.05379859942351681 0
469 0.02316509617053366 0.07218888816260906 0
470 0.01862032218710673 0.0171254635113035 0
471 0.03635901521726671 0.07214330407355807 0
472 0.03200344390475195 0.06083892249033773 0
473 0.03663610922763709 0.06500623304794959 0
474 0.007504403139775226 0.003483924742259226 0
475 0.01210067468260576 0.02929722509969116 0
476 0.008158030714562916 0.01594748884966013 0
477 0.02938981492473455 0.07185782500065271 0
478 0.008470114215175961 0.02258640965321285 0
479 0.03129359225244665 0.03425413776693535 0
480 0.01429286246708872 0.0144614520309648 0
481 0.01468664188972812 0.04956520537830808 0
482 0.01582706345331665 0.003170079207410248 0
483 0.003054807326740638 0.01280394713601613 0
484 0.02959467523946821 0.0445022492893317 0
485 0.01058375291203447 0.04429241772754315 0
486 0.02216568790071188 0.0326673936657632 0
487 0.01742062008350996 0.06422343936174546 0
488 0.007345266301637874 0.07674569194346045 0
489 0.01426709956927984 0.07671181207004764 0
490 0.01558478448193208 0.02855278431197228 0
491 0.0249943117119839 0.07677693451604593 0
492 0.01810455327719353 0.007542269175495706 0
493 0.01777484585959033 0.0504879988256991 0
494 0.00302185913446712 0.007067788564374282 0
495 0.0216499464586898 0.02442332759375841 0
496 0.03710643810576038 0.01321008613341158 0
497 0.02710344058031344 0.03593509765570059 0
498 0.03702643714099762 0.02536572234001859 0
499 0.03298482748114727 0.01111261522849452 0
500 0.02229674385493688 0.0207241407064542 0
501 0.02237551650702897 0.04088907125375266 0
502 0.01282075981902865 0.05555280733101108 0
503 0.03707096437989716 0.04474010160329327 0
504 0.01686313496882865 0.03436278507570974 0
505 0.03223780230655639 0.03953307052722015 0
506 0.002872941905552286 0.025206069155846 0
507 0.02571352127907717 0.02603664997578154 0
508 0.002913919086267116 0.06527815275926846 0
509 0.0161237815950445 0.02206337280961234 0
510 0.03719129059690702 0.006867678814056713 0
511 0.03061905608159883 0.06585511085741107 0
512 0.03300751397940688 0.02241809877171482 0
513 0.02585039280091122 0.07032614466495953 0
514 0.007430123117130254 0.0331152841149307 0
515 0.01289623392023687 0.05917348856323594 0
516 0.01779208751965837 0.05983885295946234 0
517 0.01414248624532653 0.06455684285426995 0
518 0.02296993574277573 0.05809597487769423 0
519 0.0202762030293074 0.06750364730884104 0
520 0.02455629245377301 0.01499774132660727 0
521 0.03089278855121971 0.02551233033614708 0
522 0.01241236012650579 0.03836620414763831 0
523 0.007677938448895343 0.06076458015792595 0
524 0.02529210598613665 0.04422658686823179 0
525 0.03703713656633721 0.03180964233939849 0
526 0.03327155512889944 0.003111843399227959 0
527 0.03090653060035312 0.007397057617311513 0
528 0.007132927300369605 0.05601403138729251 0
529 0.02783437531620969 0.03919800112543704 0
530 0.02439514450564734 0.008196236873272714 0
531 0.03297132374361939 0.05413051205660183 0
532 0.01855977653742385 0.01059384332907035 0
533 0.01371986191059523 0.0416565230755307 0
534 0.003022248512411965 0.03683965458375998 0
535 0.03711642902919348 0.05814096230139301 0
536 0.01741446462757477 0.04149493453072042 0
537 0.02985666277137614 0.01338416157619689 0
538 0.008831972380125709 0.01311049909320052 0
539 0.01063591983629573 0.06492859203879983 0
540 0.01962122296516048 0.07727112953453491 0
541 0.02781041239009017 0.06013196073410528 0
542 0.02559911830497213 0.002805546997885794 0
543 0.02691741226926442 0.02989998826965865 0
544 0.007346901083785891 0.03672961225919485 0
545 0.02755662713470445 0.008414643661778409 0
546 0.00280604944226838 0.05692928641436312 0
547 0.01739623815977566 0.03719885499855925 0
548 0.03267495873728146 0.03656533446179572 0
549 0.02027600959910037 0.04765420947965385 0
550 0.02902655116879799 0.01819029694552067 0
551 0.03731440871038941 0.04978908124139624 0
552 0.01299705117877914 0.002829126385090905 0
553 0.02799496528989037 0.05515345542249595 0
554 0.03741985126509099 0.01599311022171883 0
555 0.03742422576542533 0.05552532531843705 0
556 0.03736322428572621 0.03940665356771275 0
557 0.03321277987856243 0.07716198934370506 0
558 0.02105707859157467 0.006120178008050411 0
559 0.02780862506159564 0.07722325150539816 0
560 0.01783964370045907 0.01999984968076201 0
561 0.02168532557772904 0.02973210724106632 0
562 0.002689312190903508 0.05984277930823902 0
563 0.03286920523917847 0.06692601844853016 0
564 0.002424446291016093 0.01913996435051497 0
565 0.02072845818602284 0.002622763740797104 0
566 0.03376816416824693 0.05872533196750256 0
567 0.002540289800211648 0.03428251196871115 0
568 0.01061370774000296 0.01895611399061028 0
569 0.009502795159550456 0.02998868920061735 0
570 0.01354144076922103 0.07006941848231815 0
571 0.01368619463518434 0.02323376731815292 0
572 0.006252769156135865 0.02126671949244833 0
573 0.03752839840195395 0.06254210122721801 0
574 0.002589509112923816 0.04132561505972032 0
575 0.002449533477566285 0.04868048410249624 0
576 0.01956625062601001 0.07435817970675715 0
577 0.02753564138096886 0.0430310964829856 0
578 0.002417985916528611 0.07756517750380246 0
579 0.02284460253930551 0.04348908901223273 0
580 0.01794655814563299 0.04473639164180143 0
581 0.01890336660513808 0.0620816039779495 0
582 0.007116736223361297 0.06975947168512048 0
583 0.03742955577294305 0.01989286036081203 0
584 0.02149253068970547 0.03780234575995121 0
585 0.01325684377163877 0.04415640304602748 0
586 0.02872121851702237 0.03388098844106535 0
587 0.02811765358476815 0.002476004144829097 0
588 0.01733445225587259 0.07335063180660872 0
589 0.002386138723991509 0.04594523974678524 0
590 0.009152786812681018 0.04947853205384305 0
591 0.02320841959099082 0.05193018712139395 0
592 0.0202611642211433 0.01926591494710627 0
593 0.03244168622767189 0.05664773152296706 0
594 0.006122895201720806 0.01108541501638906 0
595 0.03425261491474371 0.02017475405976968 0
596 0.006162977372175858 0.02698442588205807 0
597 0.01786121854447032 0.05590743246702658 0
598 0.03743826863574488 0.06739631703294055 0
599 0.002489266987486444 0.05308117401439056 0
600 0.009599835347340937 0.006781597977970032 0
601 0.03749676222710605 0.03690400394649527 0
602 0.03333265430531163 0.07028916644278334 0
603 0.01904131516210616 0.02463635113104532 0
604 0.01800807471893581 0.02883039580443535 0
605 0.03327646458194094 0.008539042976000145 0
606 0.01231239940484289 0.05309765833929887 0
607 0.01166128529200242 0.03460901960883098 0
608 0.01589979214415004 0.01643452616278421 0
609 0.01089280979741526 0.07354562896191111 0
610 0.01534397426631958 0.04606537623457099 0
611 0.00240229558464472 0.07382616516672059 0
612 0.002506083448704701 0.06958901250462456 0
613 0.03750833658517101 0.07750140997874644 0
614 0.02251856451072954 0.03512292806891506 0
615 0.006449220677958575 0.04563939658401965 0
616 0.03380605368329161 0.01638072789236283 0
617 0.006688710679778522 0.05346312323837048 0
618 0.02106659786583582 0.05265439796712953 0
619 0.02284070122557571 0.06620987925239726 0
620 0.02503997716091991 0.06720387743307843 0
621 0.01003762503128288 0.02456155468136012 0
622 0.02727687619523425 0.01298362684706214 0
623 0.02284749581589921 0.02671616033683056 0
624 0.03366550536485756 0.04603861330859857 0
625 0.008841736355090259 0.04161120073712889 0
626 0.002549665853836217 0.015275575430551 0
627 0.006697765537378352 0.04836374132907789 0
628 0.03369676106172799 0.0342220392244381 0
629 0.01121324549623995 0.04829792411447199 0
630 0.01028035309228258 0.03900938039675566 0
631 0.02984027224093326 0.02923462278153787 0
632 0.02251135140819048 0.01105410028396364 0
633 0.01808651156154946 0.002211500190094938 0
634 0.01282700344627802 0.01845155689283553 0
635 0.03342463160035088 0.04865594392271527 0
636 0.02325571002625132 0.06243539363765144 0
637 0.01963889806222038 0.01496962240271374 0
638 0.03434310810130054 0.04068048066544238 0
639 0.002342875743424271 0.002348213958793116 0
640 0.01816776974369009 0.06983408240538005 0
641 0.01477189049703599 0.06824630235155935 0
642 0.02050170747779738 0.05512470863236744 0
643 0.009356927044034069 0.03446943744693655 0
644 0.03768024745881265 0.0700256214285363 0
645 0.02490929292031052 0.05447824802641176 0
646 0.02874849715141637 0.06949845394633673 0
647 0.03776970705778966 0.00892567557710118 0
648 0.02099713010455253 0.06978413370061505 0
649 0.00779370592384878 0.05834985849748264 0
650 0.00635343784947962 0.06627981735371453 0
651 0.01307271628768055 0.005137388660797729 0
652 0.03764515340349647 0.07445458231037319 0
653 0.0377268647757792 0.04697256455874164 0
654 0.009613198296580854 0.002420567843366868 0
655 0.02675063998613688 0.02193521751847983 0
656 0.03209403299534005 0.01344628270524463 0
657 0.03124461570558202 0.04960535130271974 0
658 0.01209143666907297 0.0776576181055627 0
659 0.02637458045038753 0.06249429246088987 0
660 0.005718031088317029 0.06164628221101898 0
661 0.002027075319051455 0.008990918473822964 0
662 0.02922954311916097 0.04800722027210706 0
663 0.0378596104901941 0.02322002614860293 0
664 0.002232946346699054 0.02930915398938815 0
665 0.0269087743797962 0.04910036123184711 0
666 0.002103878992053027 0.02286944728978076 0
667 0.004896756473394126 0.04184441494371553 0
668 0.005191853707625815 0.07777058343189328 0
669 0.01107079993825177 0.01423484142064435 0
670 0.02258045725632292 0.07769521254037816 0
671 0.03110677362084192 0.06355092050929219 0
672 0.002137572724000628 0.06752147354512612 0
673 0.02407616259820283 0.07444156783938242 0
674 0.01645872732755248 0.07775842354234577 0
675 0.007967367550796637 0.02486244818705139 0
676 0.03771580870910009 0.06025802011871585 0
677 0.02420383697005522 0.005900388655745735 0
678 0.02727935488269265 0.06496126006444519 0
679 0.01964948065512897 0.01255753361242868 0
680 0.01683235335807476 0.005145369922713583 0
681 0.02894139122469355 0.006026932772984987 0
682 0.02792894577017358 0.02529149352557677 0
683 0.03518505520929219 0.05069580894116319 0
684 0.01404768943937558 0.00845118806563195 0
685 0.005532594861997473 0.00229804951513124 0
686 0.02850483487544942 0.05215799097949624 0
687 0.01660544107050715 0.03055327938415028 0
688 0.004999549518664622 0.007867201158947582 0
689 0.01457030462167383 0.02635454815875011 0
690 0.03780639685761129 0.02751189669536145 0
691 0.02410948765589527 0.03123518242944419 0
692 0.03361316977829186 0.07482486830965927 0
693 0.01409402745698094 0.02100521070489136 0
694 0.008425369206806256 0.07478500011655795 0
695 0.005943993579368222 0.01576265484456379 0
696 0.03410908652636682 0.02761868330674434 0
697 0.03391492145943706 0.06207724925841091 0
698 0.03790516910057043 0.01108624843913127 0
699 0.002154328666850388 0.03925906268201432 0
700 0.01892883717190131 0.06572396651127496 0
701 0.02413685375694296 0.03950204344067349 0
702 0.02593174969895798 0.01699010572328474 0
703 0.01556391566901617 0.01255059367124151 0
704 0.008694520285615006 0.06273087519934872 0
705 0.03066523668861839 0.07377121381314944 0
706 0.009708693360923178 0.05961912692437772 0
707 0.01062056719877648 0.01011676535423067 0
708 0.009452964219424095 0.0516100818763772 0
709 0.03151839484592404 0.03069210961808963 0
710 0.02927415572021722 0.02076210124485638 0
711 0.01249250791149213 0.07550421010531908 0
712 0.01571370192361306 0.05513338948347836 0
713 0.006273714173416224 0.07503061867947644 0
714 0.03527556332025659 0.01202520407958685 0
715 0.01531219453495696 0.07491681028986737 0
716 0.004711836668026175 0.01942020795861924 0
717 0.01296540524601734 0.06262067754899052 0
718 0.009245551790065407 0.07779403321966388 0
719 0.03134296609810297 0.07106918323615083 0
720 0.02452563317426038 0.02084513559833577 0
721 0.002131659882674289 0.005043284287025426 0
722 0.01235601994685623 0.03146896676003774 0
723 0.0248130517889205 0.03504173358777434 0
724 0.01076854896170689 0.02742813746046567 0
725 0.005036185279897316 0.03731404969467677 0
726 0.03539241546542859 0.0778548104157018 0
727 0.0105206883311356 0.06862908952863314 0
728 0.02255194351663785 0.04869957909225096 0
729 0.01601258208097314 0.06585811216144255 0
730 0.03103292413990969 0.04304633379832692 0
731 0.02000078171508356 0.03319826730609675 0
732 0.02508779869849626 0.04753341604867535 0
733 0.005016720180424606 0.05668001708606139 0
734 0.03502873817127267 0.06648602651833259 0
735 0.03366032648841887 0.02966294381132704 0
736 0.03799104917349583 0.01801340742336828 0
737 0.03806653239905774 0.02962716595593036 0
738 0.005103662823221645 0.03300865683948356 0
739 0.00204865177633777 0.01717273241838191 0
740 0.02365759698999266 0.05620421266606059 0
741 0.02107900554213924 0.04542526940311054 0
742 0.02769070342790639 0.05774708786909027 0
743 0.0314032785357797 0.002148838364712198 0
744 0.009312300642754541 0.0207831129345288 0
745 0.02366162022166111 0.002085605517913647 0
746 0.02760168290807055 0.01077181606428021 0
747 0.004689462842729961 0.06415599839585806 0
748 0.004849259097972316 0.05251213322748201 0
749 0.01344029195196751 0.05122626913981866 0
750 0.004375731287109212 0.01450568078004873 0
751 0.006243356127265591 0.01785932539624408 0
752 0.03538383335162386 0.0152667340371104 0
753 0.03085410216348081 0.05166022173804401 0
754 0.004564543654380497 0.07372174095345171 0
755 0.01563549221778196 0.05946982581720674 0
756 0.02585894852884222 0.03820865646524023 0
757 0.008463843416174548 0.04493173253897588 0
758 0.02839924768375749 0.07502242891611924 0
759 0.01951367021209656 0.05149200333847676 0
760 0.008288480155782289 0.008420147871723911 0
761 0.03047889133440758 0.05569484533056511 0
762 0.03156782789312047 0.04517864058858094 0
763 0.03472282801798834 0.02345940629241783 0
764 0.001951867070546148 0.05523483080534982 0
765 0.03526702101560607 0.03273583007196078 0
766 0.01358596395074124 0.01651589387797436 0
767 0.02974446930442981 0.03934639987659737 0
768 0.01743451138718274 0.03937982051694773 0
769 0.03524525855830205 0.04359426782461275 0
770 0.01594716791229522 0.05120769926188241 0
771 0.03118582461076617 0.07789213089529129 0
772 0.001750136590613217 0.02729403816723601 0
773 0.0379505387366045 0.00197055468630717 0
774 0.01943961508494366 0.0373507389551772 0
775 0.005116038973731354 0.04985186469711516 0
776 0.03100446199704897 0.02332964323465175 0
777 0.0212972938784239 0.07318288198828235 0
778 0.01953006846962866 0.04137039903622505 0
779 0.005942225154232558 0.004942662893226701 0
780 0.004454521596874518 0.02613656168022528 0
781 0.008470353994996842 0.06517330748518127 0
782 0.02642424182318263 0.02789578501743287 0
783 0.01217824195626691 0.04249961791000871 0
784 0.03794097529174905 0.004975636130044113 0
785 0.03793595286633552 0.04309599936708967 0
786 0.03824033981201017 0.04111742673517794 0
787 0.004775620589340501 0.02982519863700201 0
788 0.00614680141460135 0.04030735056825978 0
789 0.02588434625869757 0.05870311996918375 0
790 0.01536078576796785 0.03734930160921331 0
791 0.004036641147619886 0.02339687083693688 0
792 0.01654246814597985 0.04891497080762329 0
793 0.01605912242273792 0.008023773355079658 0
794 0.03807367139706412 0.05343549128681915 0
795 0.02732822668034707 0.07172389318733741 0
796 0.01975074875078841 0.05948527162707682 0
797 0.02754824953166359 0.03223892956479646 0
798 0.01247201211869022 0.07190606013704966 0
799 0.001910808261258459 0.01117302502974885 0
800 0.009640641888436854 0.01730142815200485 0
801 0.001994998380167045 0.06348577492175272 0
802 0.02069430498846991 0.01093817244239208 0
803 0.03806044133857072 0.03396024266460403 0
804 0.03322500790316522 0.01839042906916077 0
805 0.0213745380484481 0.02246614434982224 0
806 0.02985259957809629 0.06102889793844377 0
807 0.01944102700280353 0.04933340148025032 0
808 0.01696719074506408 0.0623002965325871 0
809 0.02963732289514837 0.06761198456315921 0
810 0.001747995844133397 0.06167974313432978 0
811 0.03521332259306675 0.0635995216545456 0
812 0.03172645540245049 0.05886730544000372 0
813 0.03531923747750002 0.007890878853213774 0
814 0.03249065792378797 0.02652125677924457 0
815 0.01568962036481333 0.04163621494799149 0
816 0.01407453629843052 0.02998691091391057 0
817 0.03476393941918671 0.03608779201342496 0
818 0.02762077706653708 0.04503674017658993 0
819 0.008969640700811526 0.004915430858963885 0
820 0.01805516506074955 0.05810380026769681 0
821 0.02414722368995044 0.01878986632326749 0
822 0.02166226639214264 0.01564209160232894 0
823 0.01064918964258727 0.05530598306720414 0
824 0.03199067301058597 0.005466021524388985 0
825 0.01843226999746974 0.02677404530453614 0
826 0.03504578601227025 0.05428025091188526 0
827 0.02981166184474422 0.03551298080944519 0
828 0.03522147308090524 0.001883300179807437 0
829 0.0177535010398603 0.0232360180295171 0
830 0.03809892526146269 0.05149686589548603 0
831 0.008769569457511629 0.07114092500148909 0
832 0.01391172143583675 0.01140023425816339 0
833 0.001846018711501096 0.04305245388391228 0
834 0.01364687156327336 0.03373696009366846 0
835 0.0304201189134623 0.02740091393536691 0
836 0.007511663218353351 0.0283643853788381 0
837 0.01901147455661901 0.06418050503141971 0
838 0.005054734987869972 0.07008788442742346 0
839 0.001704204994366413 0.05088719288048303 0
840 0.0323899073916666 0.04147041350588324 0
841 0.01279347998525589 0.04939944347069126 0
842 0.002129923453065244 0.03274039779106612 0
843 0.001856586170563838 0.02107425170337235 0
844 0.02397434272077464 0.02501769994456034 0
845 0.01067979896125286 0.04637196008806883 0
846 0.02092382465084242 0.06253832392293962 0
847 0.03141298876918261 0.009232202226156807 0
848 0.02526074610021281 0.07224621728931573 0
849 0.02356940542306779 0.01315087919701281 0
850 0.01378621909704655 0.05724943360804025 0
851 0.01110551575428169 0.006209596837023365 0
852 0.01262166290097772 0.009976226857686798 0
853 0.02922124028708518 0.007992316151653238 0
854 0.02775913095093621 0.04110427720323719 0
855 0.01356962390135102 0.02808493847541194 0
856 0.004519247007644524 0.0456078967737906 0
857 0.01445118537953973 0.04767743231950613 0
858 0.001837665440525386 0.07173608502625498 0
859 0.0238442713921357 0.07035917059410898 0
860 0.01169525503163117 0.02357042024898176 0
861 0.01560582309049832 0.063585116275193 0
862 0.02488653615575277 0.05272821543700747 0
863 0.0169162516294916 0.05343557600152415 0
864 0.01141856458308618 0.00194760320914017 0
865 0.01270853587776085 0.04021264307975528 0
866 0.008396813594686664 0.03135270388094174 0
867 0.01708931219041562 0.01190710045879293 0
868 0.014611149246092 0.001790536918035435 0
869 0.02623455237899768 0.02409865516879687 0
870 0.02795815916057837 0.00440571337957435 0
871 0.03550663413526363 0.05888177132187148 0
872 0.02325716815990199 0.05998048786036435 0
873 0.001933204096470503 0.07568102064691738 0
874 0.03446735107350127 0.07186355039218995 0
875 0.0226844821502247 0.06418137118728631 0
876 0.01543246671127585 0.0728588988623529 0
877 0.02638592865174061 0.07826567005617059 0
878 0.01921860297880481 0.04622509667862361 0
879 0.03820829010138709 0.06409055008557893 0
880 0.02614689611097727 0.05096658509559066 0
881 0.0170079223579186 0.01818204526524691 0
882 0.01624645930850557 0.06935602973831087 0
883 0.02260602258713546 0.007322899316593655 0
884 0.03572358688257574 0.02655743064338945 0
885 0.03437469060920386 0.05244891406439257 0
886 0.02821039930369782 0.03739651047689119 0
887 0.01769245671392553 0.01566546891844714 0
888 0.03824106641292165 0.01461555843009723 0
889 0.02960821550085788 0.01525658304227426 0
890 0.03577666754740429 0.005227834897574356 0
891 0.02127280926550415 0.03944870348647957 0
892 0.03134338349508211 0.02154696097476803 0
893 0.0064828795489222 0.009177642827548831 0
894 0.01185433713262121 0.03667308535904658 0
895 0.03530910801412979 0.03079862184538314 0
896 0.006897354369243564 0.03492320418771482 0
897 0.03835246386124372 0.07226537198795113 0
898 0.02356894558175881 0.03351321622502084 0
899 0.0217688949632696 0.05657570332113891 0
900 0.02059305743281107 0.01734023075754303 0
901 0.03098253281858769 0.03241326762941382 0
902 0.006437181091781907 0.03171485034058406 0
903 0.02651956439420502 0.07567018798967795 0
904 0.03820385793447368 0.02141946163135987 0
905 0.03284075751833685 0.0148502614805294 0
906 0.01790697141120254 0.02151402020576163 0
907 0.02580502303152729 0.009667534884884386 0
908 0.01933211396838112 0.008910434084199354 0
909 0.006876578785232481 0.02325863128924945 0
910 0.008074194389961056 0.001714108556678806 0
911 0.006904816580119445 0.06800896621183014 0
912 0.008940186338808045 0.05553710288893403 0
913 0.02447864333338651 0.04271766199873946 0
914 0.001583718109269626 0.05852772365691786 0
915 0.004482307671722726 0.06629876253135621 0
916 0.02066901589177624 0.02083863678346281 0
917 0.02066722604890418 0.03135261424462352 0
918 0.01839238307390474 0.04297253932704073 0
919 0.03547370471229828 0.04568718316280713 0
920 0.004422846254349308 0.01162690036586841 0
921 0.02857756596970895 0.06593583071467647 0
922 0.01992304192405487 0.02907956891166067 0
923 0.03269005674464957 0.02422685291191818 0
924 0.03840662533265292 0.05706584885528894 0
925 0.008855303892673458 0.06929060462209195 0
926 0.01188485902541107 0.05778945078587366 0
927 0.004271473286322592 0.06074291863193441 0
928 0.03107146850910725 0.0117239844642424 0
929 0.02978776873786323 0.001794894593515874 0
930 0.003928069767229397 0.001708546164673974 0
931 0.01213575548956544 0.06093047331329525 0
932 0.01602668490122162 0.01423658062808847 0
933 0.02927207582136361 0.07817817593889305 0
934 0.03402528115728386 0.06040307909459488 0
935 0.03530404530835109 0.07380851621245531 0
936 0.01233737345918815 0.06539417219157301 0
937 0.01544303040272283 0.02378140928952398 0
938 0.005339714735539666 0.04378376319912879 0
939 0.03071156796420935 0.01790471725360163 0
940 0.01822472106711896 0.07829134264965967 0
941 0.01749647831480403 0.009137534897537207 0
942 0.02401707514730862 0.01002561750704022 0
943 0.03597445362577606 0.04028157889819235 0
944 0.0182242700798296 0.005587452728991159 0
945 0.03838951504764541 0.04840385776807765 0
946 0.008756149933653916 0.03789714703500513 0
947 0.01004751116338533 0.008482223751678626 0
948 0.01072714366449224 0.06671325131374656 0
949 0.00169683143837307 0.01370102674298649 0
950 0.001633040749066735 0.0358058926528949 0
951 0.03246339750962357 0.03314690646039086 0
952 0.00917960357023863 0.07303320796035249 0
953 0.03834656569092258 0.07604773167687269 0
954 0.006487393418142466 0.03867250392098419 0
955 0.01404267876206892 0.06646978246744284 0
956 0.004346291196162876 0.005741546087310895 0
957 0.02997183195662837 0.04633575878389477 0
958 0.007698338747712304 0.01436078252394314 0
959 0.02260642069069192 0.0503286289431447 0
960 0.01654103376553563 0.02696221790993178 0
961 0.02301563168163685 0.02228896166961601 0
962 0.03296578811488822 0.06861787399591544 0
963 0.02895844946231721 0.01186095118388889 0
964 0.007381630441603955 0.01230718842102761 0
965 0.009752817090698912 0.01168290890302901 0
966 0.001599242471964 0.0473407119460242 0
967 0.02696135837752602 0.03419115747560381 0
968 0.02261337283244094 0.03871370885756272 0
969 0.01648507707795408 0.001621800175547285 0
970 0.02550123208590763 0.01342964321315059 0
971 0.02581034684183137 0.04597395962085209 0
972 0.005612189905298316 0.07205185947280379 0
973 0.01469113075349397 0.004662760002001137 0
974 0.01498827342447111 0.07834964103312833 0
975 0.0102446539539358 0.02240858539428565 0
976 0.01740410381222139 0.003654783400541144 0
977 0.03838129585856381 0.03824680600920308 0
978 0.01023413175444139 0.04260905443633101 0
979 0.01570377566649842 0.03561012000522069 0
980 0.02949448721563796 0.0431104650407755 0
981 0.0212834399574988 0.05859219819173855 0
982 0.01329796566713545 0.01314237650550649 0
983 0.02056023037093573 0.004377007550036074 0
984 0.03453343367824614 0.0219415215921095 0
985 0.02615832650213318 0.007349727755298838 0
986 0.01631459571902696 0.03242581936130827 0
987 0.01406804247803886 0.03849150606241158 0
988 0.0210440208530596 0.07822968130082325 0
989 0.02829803188171078 0.07325341392793772 0
990 0.0162960182949671 0.02040968011889167 0
991 0.01460413571421885 0.0447384475653827 0
992 0.007880555026701618 0.01759886594932862 0
993 0.02601018944940713 0.06863978581940902 0
994 0.01795985490999076 0.05211209598022219 0
995 0.007292560752044056 0.07848199630775135 0
996 0.03557926279352969 0.07046545132674063 0
997 0.006129556534945037 0.02870380782516837 0
998 0.03170616796903623 0.03794120496279945 0
999 0.02655381466717433 0.001596932990382466 0
1000 0.03207300422229585 0.06546387465202914 0
1001 0.001542323879522946 0.007580939146559149 0
1002 0.02180979317108835 0.06733481767821928 0
1003 0.0141578797577685 0.05468358418130344 0
1004 0.02952688575617881 0.02625893149076005 0
1005 0.01307203225821922 0.006777847900506402 0
1006 0.01829382798019281 0.03540111508240651 0
1007 0.01655523842960115 0.0608334736391804 0
1008 0.0326056138529853 0.006980638469139128 0
1009 0.02208510218526678 0.001626176259453306 0
1010 0.02419220559634023 0.01704559123995628 0
1011 0.02433170322024581 0.07830007381130591 0
1012 0.004054061598708959 0.03397040392946902 0
1013 0.03494210940123858 0.003798121882649726 0
1014 0.01439562510959188 0.07152879687709196 0
1015 0.03041213979775669 0.005819562098974197 0
1016 0.02586316419592205 0.03130221683595048 0
1017 0.02934258867410248 0.06460087792851288 0
1018 0.01197232247643872 0.04531729915014368 0
1019 0.03553974792293511 0.02488429857879101 0
1020 0.009997302118876396 0.01548918839918615 0
1021 0.03236241039814639 0.06219938707769748 0
1022 0.02187099559547116 0.02803169502333697 0
1023 0.01134829583246804 0.06340478484094768 0
1024 0.03854338843806452 0.007475399958260076 0
1025 0.0142809353489063 0.04304730966083986 0
1026 0.02648048319870058 0.06082776849985443 0
1027 0.003550974472248225 0.008476724847212576 0
1028 0.03849192848714494 0.01239605350209136 0
1029 0.02452470351396072 0.004284169255095366 0
1030 0.0219401510041601 0.01909101912014204 0
1031 0.01807994158303666 0.03288323478487726 0
1032 0.03376520394210743 0.01242539314485414 0
1033 0.03850878142941509 0.04544390798943399 0
1034 0.01944659086082349 0.00158174822434351 0
1035 0.0122230745020947 0.06901840117389341 0
1036 0.01883368136096791 0.0759275152834375 0
1037 0.03483642846111966 0.04211098257786331 0
1038 0.02269059584747296 0.009034284250105773 0
1039 0.02482252994184748 0.06207380071330695 0
1040 0.001588615545198173 0.0309107713960594 0
1041 0.03180021768878748 0.05319411312591063 0
1042 0.02399878885465138 0.04108112275321274 0
1043 0.00641287035013054 0.01941915009922386 0
1044 0.03588481479545445 0.0203585784893714 0
1045 0.01591308978377363 0.07635567575359135 0
1046 0.02772142611836353 0.06174049779793233 0
1047 0.0340853382282205 0.01001721129456588 0
1048 0.006707871916565388 0.02560606710032168 0
1049 0.0333767200575424 0.03830831114663312 0
1050 0.006060119089013776 0.0602117292653838 0
1051 0.01272938369100067 0.01461185025982633 0
1052 0.01787885744321556 0.07163350114228584 0
1053 0.02132349071433027 0.03389408731635882 0
1054 0.007952611912806822 0.05236024094707005 0
1055 0.01341717127582871 0.07849638156746916 0
1056 0.0203124537385054 0.02339106700336856 0
1057 0.02754435150766702 0.01725474880467991 0
1058 0.02550499544037022 0.03658109915646324 0
1059 0.023624482457502 0.04501302751721878 0
1060 0.005869776166237801 0.05486948958489045 0
1061 0.03186155032854992 0.003613402937481573 0
1062 0.01085313627133334 0.05238106975729799 0
1063 0.02162603634670071 0.07136935533665942 0
1064 0.02249065486271387 0.03652142684641693 0
1065 0.03853716657594691 0.00349123916355449 0
1066 0.03126928268126451 0.0672683195641447 0
1067 0.01393455934479672 0.06042860189447719 0
1068 0.01645233979132046 0.04494731800226145 0
1069 0.01477248533378539 0.05610966884325726 0
1070 0.01199829295990259 0.01981050477336596 0
1071 0.02750009077391795 0.006979687606963207 0
1072 0.02831689245552292 0.02909677823033953 0
1073 0.01981865663308743 0.007246622886580359 0
1074 0.02352681843033313 0.07599525417808524 0
1075 0.03831787296778703 0.0659653640186818 0
1076 0.03209954278203585 0.07567137833111288 0
1077 0.03852921580328815 0.07854734787393272 0
1078 0.001363517672544438 0.03727920706917408 0
1079 0.00915336805806039 0.06113977487852579 0
1080 0.03327578407526648 0.004387876938445098 0
1081 0.01639686023320202 0.006732824887621509 0
1082 0.0213832814191101 0.02601214930343913 0
1083 0.00143857848278682 0.02431554314108845 0
1084 0.003607583610939987 0.03556671389105614 0
1085 0.001411568362495782 0.06596103123176096 0
1086 0.01069909865060023 0.07841620138491154 0
1087 0.02455036843621059 0.0686236500240765 0
1088 0.02154391113939256 0.04239935193194073 0
1089 0.02849894310606058 0.01412831883666069 0
1090 0.03284321934184846 0.001429304281037103 0
1091 0.01908106008456383 0.0207771123273036 0
1092 0.01599126114967915 0.04750163502467589 0
1093 0.03107510314971778 0.0363857779811427 0
1094 0.008791209919558556 0.07611189429014308 0
1095 0.02788838014275018 0.0196833444527741 0
1096 0.03853519083721017 0.02536572234001859 0
1097 0.03849952541001392 0.0685919296279464 0
1098 0.03395895340274733 0.07823149778136637 0
1099 0.01804988684860929 0.0486374040798545 0
1100 0.01877772282502522 0.06830512311314219 0
1101 0.00349847461437456 0.05849585450052597 0
1102 0.001455199879717255 0.04458445305091396 0
1103 0.01119535892237544 0.05914196973958083 0
1104 0.02115056109707129 0.04889237169100467 0
1105 0.01372717509489013 0.02510975243880997 0
1106 0.02634676865146656 0.06628699976281675 0
1107 0.001527608678478884 0.003640132294147065 0
1108 0.03232940513828095 0.07406643996401246 0
1109 0.02445552402848305 0.02722918629063543 0
1110 0.02251567174814072 0.07413912595209227 0
1111 0.03108326922199527 0.01431237154258335 0
1112 0.008721198723239681 0.04328529681369626 0
1113 0.02613101636114182 0.0149729289043093 0
1114 0.02297656260701839 0.01454368475331734 0
1115 0.03375515116919418 0.05711833993579243 0
1116 0.004844039517878989 0.02218266246263629 0
1117 0.02631083400703359 0.03973777683640971 0
1118 0.03655547088060151 0.001444952323030914 0
1119 0.02256275246075277 0.03096762010877918 0
1120 0.03856719377652849 0.03542079317966104 0
1121 0.02490456533550792 0.001416498662912498 0
1122 0.03872998532509174 0.03183419659721302 0
1123 0.02955787661953735 0.05959733165868878 0
1124 0.001422886016832235 0.05659336250964279 0
1125 0.03125581635920553 0.04072766027010462 0
1126 0.008127441347446772 0.05421537283514145 0
1127 0.03591696451681251 0.03703659469794128 0
1128 0.007123259770117119 0.0468917245486883 0
1129 0.01188638883734182 0.03301065724669841 0
1130 0.02599311681124302 0.04301117359085782 0
1131 0.03855794652307751 0.05833543484381027 0
1132 0.03246042038464422 0.03507237710194615 0
1133 0.01078358984951294 0.03081509393572426 0
1134 0.01896111445003133 0.06061656999236756 0
1135 0.02260679403021435 0.005678580201921198 0
1136 0.01883371685322691 0.01877453868603106 0
1137 0.00980020955819803 0.0404640846590211 0
1138 0.009394924520270799 0.02837182508623848 0
1139 0.01237482227403564 0.02734895671306633 0
1140 0.02626437522934159 0.05535697363059259 0
1141 0.01544815161530791 0.03367739329024472 0
1142 0.03616707077246702 0.02350948686176163 0
1143 0.008954624407340808 0.0329449055297894 0
1144 0.01484591045090514 0.07030861836864261 0
1145 0.02419685909749304 0.05906723191291975 0
1146 0.02440632099384792 0.05754205967503719 0
1147 0.03663268934079845 0.07853540957141553 0
1148 0.03640087617098914 0.05674741562383025 0
1149 0.01105482697352873 0.0538519634470002 0
1150 0.01978735367277471 0.04481989191793341 0
1151 0.02738545858657455 0.07023073981771548 0
1152 0.03577622275659199 0.04915748466507248 0
1153 0.03291902513647772 0.02105610011102018 0
1154 0.03538071076992742 0.06204839285196634 0
1155 0.0385857921260972 0.01673180634605823 0
1156 0.0071522168614577 0.06234986783337833 0
1157 0.03579115807095598 0.01395336144408763 0
1158 0.02139516423683686 0.01204663940163594 0
1159 0.02970071135312286 0.01668992203629607 0
1160 0.02878606432283752 0.0565575341251684 0
1161 0.01082917207806369 0.02594462683913692 0
1162 0.03852458693750711 0.0191885766825212 0
1163 0.008094793644007147 0.04843376997874112 0
1164 0.006297536622294616 0.05749002372705593 0
1165 0.0209341072127061 0.06609894926227686 0
1166 0.007498899188433493 0.005506613844967985 0
1167 0.003834903194500847 0.078379136491248 0
1168 0.02755773453527048 0.05050687772710881 0
1169 0.03359828674390856 0.05575437142072201 0
1170 0.02641694413558808 0.004169634469095289 0
1171 0.03671165057560159 0.05413016018129324 0
1172 0.02320177315332917 0.02374612028453649 0
1173 0.01424895251906133 0.05873063560543838 0
1174 0.009590771024668649 0.04808858324569661 0
1175 0.0387001038598002 0.006070592870766015 0
1176 0.008338619304331203 0.05699179671412007 0
1177 0.008681483838236142 0.0358928697260978 0
1178 0.01759362826973463 0.06566004281695403 0
1179 0.001414382829322415 0.01604452943752239 0
1180 0.01677312234087568 0.0584173904266506 0
1181 0.03244505115975671 0.0170760808893184 0
1182 0.006591496861996931 0.001551970037728896 0
1183 0.0346737038355002 0.06501137309990124 0
1184 0.003363789795201924 0.05561918040716388 0
1185 0.01687340982449774 0.04269654443629184 0
1186 0.001405534769062043 0.0257592177165334 0
1187 0.004010084721400256 0.04890265206767391 0
1188 0.02181454707633317 0.05151141109445247 0
1189 0.02719203569678511 0.0266253705346904 0
1190 0.01638952237231038 0.03834943759798847 0
1191 0.0366493721983792 0.05114261402689241 0
1192 0.02244383464193245 0.05288492134410669 0
1193 0.02362626353807361 0.06737517502334694 0
1194 0.03292373607600915 0.04735585299353549 0
1195 0.03662929246586689 0.04326494814889742 0
1196 0.01351294279954472 0.06863370082459433 0
1197 0.001385192720228485 0.07859843590315907 0
1198 0.01934592737790393 0.05605509748830372 0
1199 0.03119852308807101 0.05437594156499451 0
1200 0.02856684902139768 0.05375730190447566 0
1201 0.01154386938855987 0.01791337800043981 0
1202 0.004540567247051664 0.01316357754766421 0
1203 0.01887752840660589 0.07308209149670705 0
1204 0.03861547711811066 0.03964679056721417 0
1205 0.03865668208131456 0.04416302812538951 0
1206 0.005948537271408438 0.07343975977357102 0
1207 0.009999025289415072 0.07469362910221111 0
1208 0.01162989547018447 0.003319903743121778 0
1209 0.001384583860630714 0.00626478104817467 0
1210 0.01391771365780389 0.07509840532665328 0
1211 0.01807154546599635 0.06310823708176384 0
1212 0.01415798571713456 0.04018217218897581 0
1213 0.001330220916169942 0.06025403946774679 0
1214 0.02966235534714622 0.03280925142603906 0
1215 0.0203479307083844 0.0756838144912358 0
1216 0.01921164607417918 0.003018132921569883 0
1217 0.02121396070100118 0.03619768745865447 0
1218 0.007760785841437605 0.02076724825153894 0
1219 0.02741875653615432 0.06348793326125395 0
1220 0.03021025032749299 0.07009693174534284 0
1221 0.03092804012667803 0.06226065321378171 0
1222 0.01102608780216275 0.03769277020137075 0
1223 0.02181761676772219 0.04748303285861523 0
1224 0.005820246008456922 0.06492485662650731 0
1225 0.02131674906928505 0.04425467414521032 0
1226 0.02233052120750458 0.04509018252723396 0
1227 0.004330491972037848 0.02464161747193582 0
1228 0.02954956752568171 0.0246013395151465 0
1229 0.002939260537409769 0.04713451408868415 0
1230 0.02866695114411121 0.009258427047621375 0
1231 0.009065405710088962 0.01858117566808034 0
1232 0.02791396561777815 0.07866036867256751 0
1233 0.01483313184801034 0.01741456092593381 0
1234 0.007232295147846738 0.04146953354913163 0
1235 0.01808213896088064 0.07452774325550855 0
1236 0.03414307168247681 0.06766728876979486 0
1237 0.01884680678250679 0.03417136930692038 0
1238 0.003668395138590935 0.04227354662478606 0
1239 0.01296728007932973 0.06411418066988919 0
1240 0.01416006928394446 0.01012437586061603 0
1241 0.02437607865257959 0.06588693086777273 0
1242 0.02443022970486544 0.05118305205485373 0
1243 0.02832454985916926 0.03052605684880034 0
1244 0.005637365643629115 0.07631397217694311 0
1245 0.0184850515048044 0.03840727980136243 0
1246 0.001296816563995357 0.001271994733845185 0
1247 0.001396766542182307 0.04049349319781953 0
1248 0.001341548285395087 0.06883001086590357 0
1249 0.03466346719593649 0.07657044842021268 0
1250 0.03299427432898298 0.05268299435647764 0
1251 0.03678453728574672 0.01732122695725389 0
1252 0.0368578268926633 0.01869700058576933 0
1253 0.02128869813881727 0.05398027524168808 0
1254 0.0385251660570697 0.05466730936030367 0
1255 0.03599750224560364 0.05538957469795375 0
1256 0.02310888947012347 0.01614503936038581 0
1257 0.003852412411538088 0.0409904688431947 0
1258 0.001424469281050892 0.01240381081620754 0
1259 0.02036252057575692 0.03838175456365687 0
1260 0.02846674864310743 0.04618948330542681 0
1261 0.01963968739912935 0.07863073506822184 0
1262 0.004970263109482946 0.02076841151251345 0
1263 0.001339876941295212 0.0702976759225326 0
1264 0.02831592421476361 0.04909851478856472 0
1265 0.03255498427376685 0.07864410122685696 0
1266 0.03860099330260837 0.06131751171777539 0
1267 0.008182603753535959 0.006538603669078984 0
1268 0.001204437875408537 0.01850385121112832 0
1269 0.02447136119551654 0.04618005467262912 0
1270 0.01048427495178152 0.04950639747452505 0
1271 0.01274264902979754 0.001303265796278937 0
1272 0.006907418487594767 0.07137775582831649 0
1273 0.03436097420681666 0.04477255440836975 0
1274 0.0223271104611358 0.07000710835048454 0
1275 0.003863627283359174 0.03809335240356043 0
1276 0.03010500315242518 0.01920900740432099 0
1277 0.02345487853029625 0.01997980905725581 0
1278 0.01660429999614019 0.04039971834293113 0
1279 0.02115317575172331 0.07680799331251731 0
1280 0.02837603045055826 0.03530023932957695 0
1281 0.03697677723719293 0.01483173597062177 0
1282 0.01425487027742688 0.06324560775103308 0
1283 0.001309704928823773 0.07317470084237414 0
1284 0.003332924044528975 0.06382238594725236 0
1285 0.001343487434654247 0.03371586960413814 0
1286 0.0254495350823238 0.02985733713018223 0
1287 0.001365485408368457 0.0539900987506693 0
1288 0.03691147346078018 0.04821333969895904 0
1289 0.01129828707126468 0.03980233064204722 0
1290 0.01894843513910391 0.04751076414412015 0
1291 0.01335411849674273 0.03717697683447017 0
1292 0.01672056061116264 0.02932530090735641 0
1293 0.003861427640831753 0.01583634888949903 0
1294 0.01969669470585229 0.005268365907989452 0
1295 0.03684033591879049 0.06876762118306273 0
1296 0.009785652003185362 0.06358139698495291 0
1297 0.01843906701247307 0.04036865076491803 0
1298 0.0165204106292907 0.05616675385117494 0
1299 0.03392906667138136 0.07343571045859636 0
1300 0.01786115344470424 0.0543735583342304 0
1301 0.03565810130757899 0.006591262237360687 0
1302 0.007821897368844564 0.04973894524697776 0
1303 0.03699160181502425 0.02104845758864982 0
1304 0.01128385971015095 0.0749890807866045 0
1305 0.006232237941673808 0.05209564174315201 0
1306 0.03864107676709259 0.05018112915526064 0
1307 0.02996504361625352 0.009035452296083386 0
1308 0.02086879066712266 0.0408957916997628 0
1309 0.01761183141616503 0.07696799684603164 0
1310 0.009682298121322605 0.003668846034262048 0
1311 0.03713522483791048 0.07618664178118829 0
1312 0.00629326763949117 0.03378129452622804 0
1313 0.005370217017111812 0.003696213030313943 0
1314 0.01784351277063382 0.03011263573716321 0
1315 0.00551493414227445 0.00658036344275903 0
1316 0.02353831303592108 0.04779208773243951 0
1317 0.003447233896649131 0.02017967973850998 0
1318 0.003834439804531294 0.06930032724909467 0
1319 0.01954114684434062 0.07024119221488628 0
1320 0.02633998636428102 0.04793596170891478 0
1321 0.005001068566369084 0.03112811757968794 0
1322 0.01665823831357372 0.07456844437074403 0
1323 0.02386528967827572 0.0537226985060647 0
1324 0.01348586205749128 0.04541713069348847 0
1325 0.03413845154935048 0.03721455977585279 0
1326 0.03282683443254171 0.0596852107609534 0
1327 0.006988514377451266 0.01657988104414659 0
1328 0.03640452990877843 0.01121207201823031 0
1329 0.01471123106854878 0.02230862004938384 0
1330 0.01214760745427942 0.07047396962153003 0
1331 0.02197371698017322 0.002993761226322618 0
1332 0.02682421576344302 0.03716707657526717 0
1333 0.03082290218046761 0.06002291087686219 0
1334 0.03661436377704129 0.03322763652208097 0
1335 0.029161755144359 0.0767402298021006 0
1336 0.02994764394152995 0.04911636530922778 0
1337 0.03143917641727487 0.07256209889860452 0
1338 0.003359510917561929 0.01101314209781844 0
1339 0.02555891555007008 0.07470388830031552 0
1340 0.03377193144987651 0.0501807100307914 0
1341 0.03643346276218147 0.03837173839658524 0
1342 0.01069524473253177 0.02893678384120384 0
1343 0.005684240989121713 0.04668207363923436 0
1344 0.03522980951188488 0.01680515355751486 0
1345 0.009974935570393466 0.005525493813747756 0
1346 0.009464323393662644 0.06620054699855446 0
1347 0.03877475658755958 0.0773132783475826 0
1348 0.01592550620975505 0.06722742195123269 0
1349 0.01388007721397412 0.01952948152611 0
1350 0.02094000612994117 0.07431105772282466 0
1351 0.02385848446984652 0.06132697837064413 0
1352 0.0108451335735756 0.06041453117164278 0
1353 0.001289547362524786 0.01984093975575811 0
1354 0.02290109896656865 0.02902538697966727 0
1355 0.01971712581791825 0.01636862259997791 0
1356 0.007106969767970091 0.04443092054697281 0
1357 0.02949712443856711 0.05478229757886901 0
1358 0.03675526491534664 0.04602870492724127 0
1359 0.005944831239255384 0.0362230159772039 0
1360 0.03401937884211306 0.03939574326341502 0
1361 0.01780083466470144 0.06132196149085066 0
1362 0.001278994004781077 0.05236738787529576 0
1363 0.001329113377362114 0.04958260657008463 0
1364 0.001305579766850425 0.04185928331857534 0
1365 0.02903942413204188 0.00348083998191509 0
1366 0.01902380080527523 0.01364097237916016 0
1367 0.01070951220306871 0.01271698968079219 0
1368 0.02187240544324372 0.004722314603548203 0
1369 0.005257554278427105 0.01003617050500276 0
1370 0.02711181001688769 0.056421028992217 0
1371 0.009000439861428388 0.02379776603836653 0
1372 0.009049275876329938 0.02544520995446613 0
1373 0.01542835668079126 0.02980813909804667 0
1374 0.005271190249118943 0.04854548934430852 0
1375 0.005914186554966909 0.06903425088609839 0
1376 0.02193030141753554 0.06522025854702804 0
1377 0.03662281875613677 0.008094951318517653 0
1378 0.01991359736678197 0.02607483452125844 0
1379 0.009244218689214453 0.04585074853629167 0
1380 0.0143265529248236 0.003175674692898207 0
1381 0.02977333927691264 0.02210488095228695 0
1382 0.0316595055387528 0.01053528474543488 0
1383 0.03271560682139167 0.009760411956391116 0
1384 0.0226091472735632 0.02526879231320371 0
1385 0.0386632416124584 0.07357107801189389 0
1386 0.01133799359656292 0.02471034945959884 0
1387 0.03867852569747528 0.07108288812064174 0
1388 0.03644852310705451 0.06641534503205189 0
1389 0.02740787663185027 0.02309233305337543 0
1390 0.03863246077531449 0.009917116979596366 0
1391 0.003719685832330726 0.01845074053701616 0
1392 0.008213675294302565 0.02952533867356228 0
1393 0.02334135351367567 0.03231247102760711 0
1394 0.02652967904267728 0.0118364523236648 0
1395 0.0340282938512293 0.01515108425034111 0
1396 0.02614198790668592 0.06387910073234759 0
1397 0.02424997224085465 0.07305922417590494 0
1398 0.03344624252935938 0.06564878353503134 0
1399 0.0130295139496224 0.0221445068345593 0
1400 0.02825581401702351 0.02182511906799588 0
1401 0.001260040545242917 0.01005585553496282 0
1402 0.03611203168547004 0.06768429446358609 0
1403 0.02531042750759387 0.01820847691751906 0
1404 0.01073131514899626 0.0203979761795924 0
1405 0.03122668677676002 0.02948972766986094 0
1406 0.01451332288830532 0.01317854947999426 0
1407 0.01842820799221789 0.06698303688370762 0
1408 0.02747520089540129 0.06883866189314036 0
1409 0.002921817800843836 0.05428826527144044 0
1410 0.003200531695831735 0.02661232954252312 0
1411 0.01455692229345148 0.05175582460930427 0
1412 0.01371074412154709 0.05264751518797083 0
1413 0.01655331536182388 0.04632863259279249 0
1414 0.001267159723506273 0.07451734402028361 0
1415 0.03872301068160491 0.06282406591514429 0
1416 0.02077936406473986 0.001347414418653332 0
1417 0.006454292684572783 0.05892834405279349 0
1418 0.0326370014484397 0.07140171087561922 0
1419 0.01293519586215012 0.04815466942037685 0
1420 0.03867193827787664 0.03686390864703473 0
1421 0.0151129127414677 0.02516858696266104 0
1422 0.003138924286594232 0.01412272900028148 0
1423 0.03876035134584973 0.06721149809801952 0
1424 0.01041410622131743 0.03522676857222027 0
1425 0.02313068332860965 0.0421562523518776 0
1426 0.02537876129794426 0.02188561579478751 0
1427 0.02588202203553027 0.02067799847421475 0
1428 0.03205624010298439 0.04854189085960662 0
1429 0.03200525098032012 0.02517079242584905 0
1430 0.02199187646269688 0.05526308558873844 0
1431 0.03496783404038595 0.03484466818869503 0
1432 0.003553587008164581 0.07462624962520312 0
1433 0.007389531556671084 0.07555391372243311 0
1434 0.01492071450002464 0.01567415641499177 0
1435 0.003619800187825855 0.05226476690073342 0
1436 0.005088307994248167 0.02766827021823916 0
1437 0.003582127783113495 0.0673904453580737 0
1438 0.03395654394507591 0.03292543695754568 0
1439 0.003443426793161241 0.03024807308064052 0
1440 0.02036808443181335 0.01375165744099451 0
1441 0.03669996996354329 0.03040364804925576 0
1442 0.01982120888804409 0.05272771192353476 0
1443 0.02366113397174856 0.03578453542973677 0
1444 0.007257399433110141 0.07405491766318667 0
1445 0.03286546682326667 0.04480938900978049 0
1446 0.01049807540711924 0.03377007793383515 0
1447 0.01165712344209993 0.05623765779981683 0
1448 0.01686629380655648 0.01041750611056481 0
1449 0.004764692879450635 0.06285973330648575 0
1450 0.008348996787779957 0.05957293964855459 0
1451 0.02263141856329296 0.01234510868373806 0
1452 0.03211230979811467 0.03180880925051344 0
1453 0.01194593462577403 0.04397579726675371 0
1454 0.03663574855497427 0.06373367614304934 0
1455 0.0342083361559565 0.04719292754213947 0
1456 0.03502204974276724 0.05763068840019953 0
1457 0.02376272575171783 0.01158880667916317 0
1458 0.01243577918649564 0.07428441032626826 0
1459 0.001175257113769382 0.06449526145595766 0
1460 0.01770806854752732 0.02459488405261682 0
1461 0.01729869055135983 0.01706079785563039 0
1462 0.02890573679293652 0.04046970929304246 0
1463 0.02185828711042899 0.009901049509684047 0
1464 0.01919581695344936 0.02797260044658763 0
1465 0.0336313208248749 0.03550238599762202 0
1466 0.03207902609092597 0.06990418748695772 0
1467 0.005026600097512955 0.001164424703496703 0
1468 0.007399855669587027 0.02655531874650468 0
1469 0.02116899889762572 0.007400210728086463 0
1470 0.01897518240981306 0.02329220595546934 0
1471 0.008026317592339134 0.06391978423725762 0
1472 0.02668561510991016 0.04420585084255288 0
1473 0.03271226560444984 0.0581212376395067 0
1474 0.03139831046333647 0.0575914990508737 0
1475 0.00121283632243754 0.0461886400344891 0
1476 0.02191955504612412 0.06207898724824975 0
1477 0.02001285307459947 0.06143005818572163 0
1478 0.0302062801610679 0.05046303821250252 0
1479 0.001269643223188163 0.07678004690047338 0
1480 0.007709617139593518 0.06629614690288127 0
1481 0.01298325625989281 0.05420659721802513 0
1482 0.01738562770759156 0.03169508860665204 0
1483 0.00512242904744882 0.02348868401410328 0
1484 0.005429656291944512 0.05364054545199144 0
1485 0.03251209285141508 0.04989090483131136 0
1486 0.01298242543525463 0.07673549046776243 0
1487 0.02910613326480684 0.004869744094629862 0
1488 0.03668695251649047 0.07351216535686059 0
1489 0.02991246436510955 0.03396438493424454 0
1490 0.03398755943998625 0.007422550008064563 0
1491 0.01165059254029324 0.07640540868022958 0
1492 0.003618689559561506 0.07710039526135004 0
1493 0.01980054521332861 0.05048263462491316 0
1494 0.002694439404783831 0.001157548474542663 0
1495 0.007898870202051548 0.04594620980384567 0
1496 0.03419386608132977 0.01130249389639128 0
1497 0.02557604934815414 0.04884716415668715 0
1498 0.0291129652521589 0.03649006349234351 0
1499 0.01798054209179397 0.04599645047371909 0
1500 0.00347743404555894 0.002875812117297781 0
1501 0.01038954185609316 0.07232358777080393 0
1502 0.02819068870608987 0.001216701450400377 0
1503 0.03024221841898656 0.03045313599368823 0
1504 0.01415264822127635 0.04645327578350796 0
1505 0.01271666962346179 0.02435552672486674 0
1506 0.03217925319316341 0.05534370990074344 0
1507 0.02922306104378652 0.07410810853487945 0
1508 0.02456052695126948 0.03824772325833272 0
1509 0.01218022727453223 0.05177299212779532 0
1510 0.009699247478344365 0.03136980885833718 0
1511 0.00913085969245591 0.0584488895919236 0
1512 0.0366787287781193 0.05951625774077986 0
1513 0.03415698852795897 0.001312918140751726 0
1514 0.002739763017910169 0.04465429910714091 0
1515 0.03456753920746325 0.04849947184794805 0
1516 0.02731074116063974 0.01856277903152592 0
1517 0.03405728530256995 0.06921048056254557 0
1518 0.03692543510901271 0.06125922486264184 0
1519 0.007140160403274247 0.01034971428834418 0
1520 0.02915221185574662 0.0382339494295576 0
1521 0.03869381389404981 0.02411543368015286 0
1522 0.03884946490011908 0.02250090355614148 0
1523 0.03882089474929801 0.02038550379772788 0
1524 0.03883585994617864 0.001135095538725858 0
1525 0.008842605034699646 0.01477494394113461 0
1526 0.01666585692868019 0.05219171370047818 0
1527 0.01849363778553786 0.01192329646441505 0
1528 0.003066010242391306 0.06116938529696366 0
1529 0.01029051446966765 0.001264016457242507 0
1530 0.034707876720189 0.0288215174835619 0
1531 0.004823153352389226 0.05119564000652237 0
1532 0.03683350264855342 0.005707370050133179 0
1533 0.02788902241961756 0.005704869750174507 0
1534 0.03876402914255912 0.02669728860986756 0
1535 0.02717980940436287 0.05392224757516023 0
1536 0.0282962816960627 0.07111754734305265 0
1537 0.02426535487683656 0.06325206041523912 0
1538 0.02683245150232293 0.00284915673568141 0
1539 0.01535702898149288 0.02130019839283082 0
1540 0.005585839852812092 0.01457490816698429 0
1541 0.008375957082872539 0.05088536700231084 0
1542 0.001199785477894968 0.02851605115197546 0
1543 0.005677236602399709 0.01232227122562601 0
1544 0.03355317888594185 0.02340321819607863 0
1545 0.02171312720398884 0.06870510867567042 0
1546 0.03520473311303376 0.01925623063916207 0
1547 0.03099940484210176 0.06472569013434334 0
1548 0.01536628196185125 0.04857625622980148 0
1549 0.02372400065957722 0.03001068834732741 0
1550 0.02504779859662854 0.02431881778631585 0
1551 0.007646610440363043 0.03824366221856756 0
1552 0.02331185575428699 0.02789472053589649 0
1553 0.038830271440062 0.04206228600234407 0
1554 0.02847105094327956 0.04399373819091566 0
1555 0.01331735804812697 0.03243432567559039 0
1556 0.02608230990883419 0.03521473789637124 0
1557 0.008036257739507429 0.03415853250421322 0
1558 0.02005565108482167 0.07314783331857128 0
1559 0.002725656475844631 0.07084783796237316 0
1560 0.003329919143316311 0.03280592885950914 0
1561 0.009417700370051432 0.009620754951162762 0
1562 0.02381845239012788 0.007072650439845611 0
1563 0.01480871228425264 0.02754259428663105 0
1564 0.03415324550824311 0.01760003146900822 0
1565 0.01654167052725087 0.05011679632927016 0
1566 0.005026766403568819 0.07486368593286881 0
1567 0.03647363251459117 0.0274886904748558 0
1568 0.02063326537377409 0.05146739040496053 0
1569 0.03281403612780161 0.03065885094010102 0
1570 0.00616193399767883 0.07881675780978151 0
1571 0.02601880716814537 0.05396336407358591 0
1572 0.01250522862198132 0.01714136177724349 0
1573 0.01388089765169374 0.06170625728118022 0
1574 0.01278429803780935 0.03027522955726913 0
1575 0.006182858995553226 0.04201494438267996 0
1576 0.007194414262022015 0.06510850822137018 0
1577 0.02481220934190288 0.05570464807979158 0
1578 0.03188664340003956 0.07689058695786018 0
1579 0.004063544875222487 0.05738134667331742 0
1580 0.02607942990870466 0.06512741715721264 0
1581 0.01669578827449537 0.01937784261693981 0
1582 0.03153696294393336 0.02721031022647948 0
1583 0.02414556409357153 0.04388090195815385 0
1584 0.003498781828958682 0.07302566542300178 0
1585 0.02508659206622661 0.04021475589872577 0
1586 0.03223061245713636 0.0463463289132013 0
1587 0.03199949014742486 0.008081132448201259 0
1588 0.004657065083182813 0.03626678122338195 0
1589 0.01196378095478744 0.0132107096731555 0
1590 0.01985365934388883 0.03028348141361471 0
1591 0.02674132892647299 0.04195420741516394 0
1592 0.002725867584798716 0.04999585631715263 0
1593 0.007276888193997841 0.02216287765171557 0
1594 0.03885388048039121 0.04663596809408679 0
1595 0.01999135256640136 0.06883011255334566 0
1596 0.01197987187588002 0.0787847638769795 0
1597 0.03207697086122331 0.01835418766716211 0
1598 0.01368361583977882 0.07245374480983766 0
1599 0.01173189938825437 0.0470651700991739 0
1600 0.02944249000255546 0.02815331663817261 0
1601 0.008451936887434173 0.07879793752453004 0
1602 0.03288662655541507 0.02758995368710235 0
1603 0.02501499401668856 0.01967108088718601 0
1604 0.03369926586616991 0.02650505634882302 0
1605 0.005461113875109582 0.01694680691851885 0
1606 0.02974902683113993 0.05240586181516431 0
1607 0.03312062864046306 0.04039894863127518 0
1608 0.03704199612386697 0.00997522123791484 0
1609 0.03876117043032033 0.0283080231973038 0
1610 0.03631110671361076 0.07718185835146235 0
1611 0.01006254732132928 0.06985832534524944 0
1612 0.01629452128947234 0.06469064815331925 0
1613 0.00503359663503236 0.01828040777655168 0
1614 0.03456963259773268 0.004973978040677611 0
1615 0.009813835776516854 0.06759327748694388 0
1616 0.01663083301646306 0.02341492333423023 0
1617 0.01348078822762817 0.02688410319400574 0
1618 0.0271787226747107 0.05173847309565483 0
1619 0.03078105322825183 0.04424924089085243 0
1620 0.0216969208227208 0.059738399543646 0
1621 0.01262087296391247 0.003968605753844494 0
1622 0.03103027618259744 0.03908962966809357 0
1623 0.002773280164759521 0.01633273597401567 0
1624 0.003018209075855902 0.07612755100976884 0
1625 0.01686185159287378 0.03581987134517186 0
1626 0.0305368788836357 0.02039230091472499 0
1627 0.008106202773735544 0.04063205372863726 0
1628 0.03406265376425796 0.06327514176074053 0
1629 0.02037801208840116 0.04645179684677659 0
1630 0.006567722535252094 0.04970845820583678 0
1631 0.009098616727125419 0.03939684762294964 0
1632 0.001134367976855826 0.02199135430243114 0
1633 0.01506364757651614 0.01143640119282189 0
1634 0.02748447103839342 0.04803690455389133 0
1635 0.03100540801357 0.07491297775715078 0
1636 0.01754832707529714 0.001167104766734699 0
1637 0.01717400158035081 0.07883804155074418 0
1638 0.03873473599720979 0.0306357344724334 0
1639 0.003043311151986947 0.06845470457746955 0
1640 0.02000161833393165 0.05383279732745647 0
1641 0.02985711561166679 0.006936977441026407 0
1642 0.02714820223475402 0.05889010760495998 0
1643 0.02841148459848234 0.05880458866617624 0
1644 0.02383320169874713 0.003315703218635835 0
1645 0.03078900174038045 0.00121621751008489 0
1646 0.01225715935196575 0.0412872232530698 0
1647 0.023572344141529 0.05490969854666314 0
1648 0.01030333387357396 0.07723609518552935 0
1649 0.0149957117205893 0.007631563549149734 0
1650 0.01181017694096725 0.05483714627666942 0
1651 0.01949606567864674 0.0100944609497515 0
1652 0.00847908687701681 0.01173548493417856 0
1653 0.03488159204526727 0.009145238866857086 0
1654 0.01188583187430339 0.06205426652108255 0
1655 0.01288605618938349 0.008775182326474028 0
1656 0.01923305753063156 0.058338230017554 0
1657 0.03891327265021166 0.0329752782270183 0
1658 0.03233516135419561 0.06365496821431994 0
1659 0.002757231143586704 0.003863977051918537 0
1660 0.003128784940451025 0.005741899507842589 0
1661 0.02349650959120782 0.04954557496503893 0
1662 0.02540564874836533 0.07350874100184991 0
1663 0.00542618709662788 0.06711045960068593 0
1664 0.02342208047897349 0.02111466154165641 0
1665 0.03897546443603588 0.004643333631117283 0
1666 0.02494817842347344 0.01615713701293901 0
1667 0.00286370838400863 0.009874497205090586 0
1668 0.03710295125117863 0.03563708822788294 0
1669 0.00647080219777966 0.0776413261310283 0
1670 0.01063297209489696 0.007387551668950838 0
1671 0.02465665817631095 0.03242235001572153 0
1672 0.03877006160794319 0.05246679607347432 0
1673 0.02004483946988452 0.06531588582379005 0
1674 0.03527580798343143 0.02770587031051903 0
1675 0.009856569049394972 0.05623609489943603 0
1676 0.03407153151702617 0.05131092374589901 0
1677 0.01599478985008208 0.07883306974983718 0
1678 0.03034014654262261 0.002838219681787234 0
1679 0.01297513022114592 0.03489871737420714 0
1680 0.0388237658340746 0.07487162443463902 0
1681 0.02050727930646449 0.03705195808581455 0
1682 0.01666667991148575 0.07221099507419357 0
1683 0.03280453725731038 0.01957500353456045 0
1684 0.01599159247347205 0.0175969279202984 0
1685 0.001108435091635544 0.002551736129667193 0
1686 0.01440330909491266 0.02887997188485884 0
1687 0.03031320906275915 0.0788845243238311 0
1688 0.001122167416540375 0.008605979463730498 0
1689 0.0285048927623507 0.01647612738281628 0
1690 0.01001870422881045 0.05059317783953594 0
1691 0.00623935882925045 0.007962469333724763 0
1692 0.03193078429089705 0.04396932196953707 0
1693 0.004260535029229937 0.006941140340119049 0
1694 0.01409545850373668 0.01835434000838407 0
1695 0.02175487315069505 0.04637260164647608 0
1696 0.005135825799877234 0.03846969584583902 0
1697 0.02039269883850322 0.02473776903195147 0
1698 0.03540365058470975 0.05193645482062756 0
1699 0.00116885689386528 0.04833897137420999 0
1700 0.01914543745180463 0.03620858931479249 0
1701 0.005510435071681972 0.04485659318250494 0
1702 0.001058781532301028 0.03883773053451261 0
1703 0.0151884500579116 0.009018086259946087 0
1704 0.01631348972738793 0.009382875617852254 0
1705 0.008544188764999792 0.002842053028293122 0
1706 0.03349234571769637 0.04231997664772925 0
1707 0.02501014276831032 0.07108351986042397 0
1708 0.02536538900470035 0.005205252151462371 0
1709 0.02531151747491143 0.06307404161242561 0
1710 0.038851320753895 0.05598089640527662 0
1711 0.001097742012471137 0.01491227686810579 0
1712 0.02749233887123698 0.02827489232497132 0
1713 0.02859952432065326 0.04196265196460697 0
1714 0.01706506782210107 0.04384781416591688 0
1715 0.00557241976975925 0.02565110145652461 0
1716 0.01567900734989574 0.005449736311381695 0
1717 0.01572672681907506 0.02625374447531547 0
1718 0.02854497968348628 0.06817028061704646 0
1719 0.01321064692221499 0.02914607893057844 0
1720 0.004595381093711505 0.04302998292749778 0
1721 0.003561761034672713 0.04613321025531014 0
1722 0.00323634375272908 0.02252453956071649 0
1723 0.01906550791758692 0.05481704199616506 0
1724 0.01165445380364024 0.01073530372437252 0
1725 0.02990621428656052 0.06353199913007511 0
1726 0.0115368458491149 0.009397654760007007 0
1727 0.003841695428460731 0.07054813397939166 0
1728 0.02750049915698686 0.06613743720655052 0
1729 0.02662380077660134 0.07688334789984089 0
1730 0.02707117156211263 0.03116274090598943 0
1731 0.0308707161553738 0.04841910787532181 0
1732 0.02303712251031464 0.0398974710898527 0
1733 0.0215847708086704 0.06357586405125407 0
1734 0.001127786226101438 0.03495838358688544 0
1735 0.03100268343180159 0.01294940650900313 0
1736 0.0300440104468558 0.01223699303765862 0
1737 0.02649568875520434 0.05768317924125601 0
1738 0.02247083547383583 0.03393751165787488 0
1739 0.03504999089118564 0.01312410858853852 0
1740 0.03403178122408979 0.05353413102690747 0
1741 0.036650004158416 0.04710713509007757 0
1742 0.02618916360755864 0.07139562676905473 0
1743 0.01282211400512876 0.02081011043444868 0
1744 0.01577057581811082 0.05389723736623431 0
1745 0.001148178449307181 0.06259789970198114 0
1746 0.003796608647774459 0.05962245325864592 0
1747 0.03243365324989437 0.02950225410063641 0
1748 0.001168623207218542 0.02986038937289725 0
1749 0.02051950292359212 0.07093640600661447 0
1750 0.02682893684006384 0.01630867759669056 0
1751 0.03313598146509016 0.06118517979327778 0
1752 0.01001210239844511 0.04145379214412604 0
1753 0.002876943988686684 0.0238214984774764 0
1754 0.01718839985125872 0.07059327746930436 0
1755 0.03882322043256604 0.06982937241918985 0
1756 0.01138552812077826 0.06779361173160138 0
1757 0.009897599771007291 0.02670415712477121 0
1758 0.02998176090342891 0.06892105625595893 0
1759 0.02935951844460018 0.05126912725704356 0
1760 0.03887803595290756 0.008596260938082828 0
1761 0.007050262930749099 0.01541321612313204 0
1762 0.03741189525470334 0.07132255816411999 0
1763 0.02364510146818611 0.005092329678762789 0
1764 0.03518489246588322 0.07889213385302209 0
1765 0.02137214164149471 0.03507828270429794 0
1766 0.03175424742706973 0.05088404136642356 0
1767 0.03201069002817575 0.05201067428120187 0
1768 0.03589677153548618 0.04463689800446218 0
1769 0.03715894009808404 0.0241959842950453 0
1770 0.001083088987216596 0.00483190753913694 0
1771 0.0262466758681071 0.06746174716793979 0
1772 0.002893431112127101 0.04016270868608212 0
1773 0.02636969087825681 0.07260432220236174 0
1774 0.02053244869695867 0.05643950702898175 0
1775 0.02588553583885114 0.05988417163161038 0
1776 0.01566955265222401 0.03137715246090735 0
1777 0.006226829262052024 0.03740652218009048 0
1778 0.004760583758948377 0.009035605946547003 0
1779 0.00911772855372781 0.001170835133010834 0
1780 0.02356056658169519 0.03466965879319082 0
1781 0.004094162363176935 0.06517984236152793 0
1782 0.01701181969458821 0.0281218564687239 0
1783 0.03328346203161511 0.01343494299903597 0
1784 0.01746088133726909 0.06884778095287952 0
1785 0.03750368251728139 0.04202744248454923 0
1786 0.01616968804278822 0.004267050587812966 0
1787 0.01473679215688579 0.0739378676397284 0
1788 0.02529270578826074 0.006465487344979572 0
1789 0.01272569209467647 0.01111228282207485 0
1790 0.02479295461466667 0.03381852080665779 0
1791 0.01050643410391192 0.02345648250228879 0
1792 0.01169366086580218 0.0282190539475224 0
1793 0.02393265410435148 0.02617108257987401 0
1794 0.01939096467379773 0.011284025042592 0
1795 0.02447317955158208 0.04850280665352873 0
1796 0.02664154328441041 0.02526250602448756 0
1797 0.02458465776086864 0.0755189338912971 0
1798 0.005787387411861394 0.03031147788911822 0
1799 0.002701540550017225 0.07887682266856078 0
1800 0.0364550396240104 0.07473926965768371 0
1801 0.01655647584997176 0.01315511514773963 0
1802 0.02703045545154532 0.009685444828236293 0
1803 0.005917788878398854 0.05084539024181579 0
1804 0.01671747521599595 0.0633462575639363 0
1805 0.0230872651268636 0.001121885844195925 0
1806 0.02577879414905827 0.06161877798152302 0
1807 0.03880161508420331 0.05968290887397329 0
1808 0.009609228402796453 0.07897186297913565 0
1809 0.02562236471492904 0.00843890514178517 0
1810 0.01365970094653029 0.03113203016236422 0
1811 0.01385820107163119 0.00603187499552589 0
1812 0.02210866089749068 0.07889196231942996 0
1813 0.01849010688595295 0.06466259223123165 0
1814 0.03218252572722154 0.01210182885448065 0
1815 0.0238852388484324 0.07716303726689591 0
1816 0.009856537008393198 0.03768309661196392 0
1817 0.02692465454123799 0.04582848864345283 0
1818 0.009778317162917225 0.05481286328492906 0
1819 0.03722709081938046 0.02222141053820759 0
1820 0.03325075510073588 0.07598000218920667 0
1821 0.006898101854257073 0.02450135168169866 0
1822 0.03073767018671315 0.04189760390771619 0
1823 0.01158178527800987 0.01523812877415955 0
1824 0.01250558355570541 0.01594346192090776 0
1825 0.003858250128036683 0.05341435034930542 0
1826 0.01976249053073139 0.01810660365970699 0
1827 0.02830483849864297 0.07216893889564598 0
1828 0.008108761325257959 0.07761154122543062 0
1829 0.01784704668358096 0.004815407525666268 0
1830 0.02102153430644157 0.01839323290496652 0
1831 0.0009853707348894403 0.01718599705575666 0
1832 0.009848798538179208 0.01399994209183745 0
1833 0.003875328583298202 0.02902372243423575 0
1834 0.01495507537711169 0.05059938775874101 0
1835 0.01657902610202888 0.01531289564152255 0
1836 0.01184220454430385 0.005246139295304202 0
1837 0.02421281561077123 0.02193995081638238 0
1838 0.01395574534612761 0.04878947128080788 0
1839 0.03444936764207538 0.07068609175478917 0
1840 0.03463648831711755 0.03177282098112624 0
1841 0.02368901476422225 0.05069178370752767 0
1842 0.0111758303046728 0.0697389699904464 0
1843 0.02568617243415778 0.02303765369648892 0
1844 0.02695170937929768 0.03837618745937545 0
1845 0.03212202047436914 0.02308587527722718 0
1846 0.006688345159800988 0.002608576252377585 0
1847 0.03527233894301821 0.05314818913387295 0
1848 0.02298953808614854 0.01857160547436577 0
1849 0.03624855453008403 0.01633280182655039 0
1850 0.007910530379950105 0.04246226634920109 0
1851 0.001082100689515728 0.03183416874891135 0
1852 0.03244799004998489 0.002744063785503653 0
1853 0.02778096248780543 0.01192789795005671 0
1854 0.005018726502685892 0.07898232241673436 0
1855 0.02746305730699896 0.02083407655831683 0
1856 0.02278312050359609 0.07111847869775831 0
1857 0.03482337733297759 0.07492354918901684 0
1858 0.03473726211540079 0.04963485708944676 0
1859 0.03897279256966523 0.01106744423234653 0
1860 0.0009942882501315538 0.04385430059532393 0
1861 0.03885946812541158 0.01353179548571762 0
1862 0.03569618862388772 0.06559814945905468 0
1863 0.0117280243958207 0.04965460484833262 0
1864 0.02095725141658361 0.03249296844246471 0
1865 0.02330410876338579 0.07876503550555575 0
1866 0.0189031031931018 0.02957395458985881 0
1867 0.01545611629476888 0.001057742965680314 0
1868 0.004891761243600107 0.05548686892410224 0
1869 0.03703454398307992 0.04076916625591145 0
1870 0.001028701972202686 0.05571255189028555 0
1871 0.02338628685883509 0.008037213013766656 0
1872 0.002590099094878676 0.007899574908429643 0
1873 0.002637997003477922 0.02821631032162234 0
1874 0.03744308429935468 0.05244962892372662 0
1875 0.03220653095200671 0.04267684447225661 0
1876 0.02667367832874308 0.04080281978163594 0
1877 0.02576521905004673 0.05197477808102657 0
1878 0.02867753053515512 0.0104453710336937 0
1879 0.007040704938814351 0.05970105214151921 0
1880 0.006025894408665034 0.05603822357400502 0
1881 0.03205138545007098 0.001100729041624449 0
1882 0.03086473090693038 0.02835323179322358 0
1883 0.005662103311036204 0.06366637844721504 0
1884 0.02422666919063234 0.001034283014931726 0
1885 0.03899816306924133 0.002420326255014628 0
1886 0.01486454031566115 0.06563871053629244 0
1887 0.00122101213569778 0.06742600768183811 0
1888 0.03888785981436885 0.0156058834685273 0
1889 0.004328089739389675 0.04433241272928602 0
1890 0.01143576554404382 0.03194740705518441 0
1891 0.006617778781965636 0.06119558139743797 0
1892 0.007955291838821361 0.02565830912366585 0
1893 0.0207419111914813 0.02830775158823437 0
1894 0.02039986275241234 0.04212399910672234 0
1895 0.02723669226306753 0.01422546523672756 0
1896 0.01585082967164052 0.06247656730294718 0
1897 0.01053638014184281 0.003128264201570308 0
1898 0.02902966330152972 0.01960025566369227 0
1899 0.03276254264671913 0.01601789156966836 0
1900 0.01180889429156071 0.06654348893564931 0
1901 0.008214683490160354 0.06172524539748371 0
1902 0.02250324016577446 0.07656692806621104 0
1903 0.007808039678597785 0.06878844179093438 0
1904 0.01261292386679381 0.07306141544782592 0
1905 0.02771242446642481 0.03335261630504669 0
1906 0.01554614999485047 0.07743449542453612 0
1907 0.03587932273350714 0.03582527164147457 0
1908 0.01153933557440355 0.07245425689129567 0
1909 0.03531875592629734 0.02125055751809925 0
1910 0.006987882979803389 0.01865788576514727 0
1911 0.01179049643132873 0.06457595998096094 0
1912 0.004096376047679141 0.05006590341716899 0
1913 0.01531906500032317 0.04061524629148437 0
1914 0.01248910837353942 0.05044898015654276 0
1915 0.03900955531853606 0.01816510226119453 0
1916 0.0277531865281461 0.07599974120814643 0
1917 0.03030504992117972 0.07723827581622379 0
1918 0.02263917619559579 0.06116511311584852 0
1919 0.00235169279381935 0.05192086595214404 0
1920 0.03406013886107395 0.0307535132462958 0
1921 0.0171570907055976 0.0223783048831134 0
1922 0.0132017800872975 0.04293263145683095 0
1923 0.01712881469004713 0.05721721987759215 0
1924 0.006976970454188316 0.00452546898464741 0
1925 0.007040344354123203 0.05484673985415042 0
1926 0.02828202097926089 0.02643188686015071 0
1927 0.02757922729484845 0.07424967012233954 0
1928 0.01269788898106634 0.05681165972437666 0
1929 0.01085234561920735 0.01156047111100964 0
1930 0.005104540564653599 0.0406554439910395 0
1931 0.02160117279734594 0.01678457199312412 0
1932 0.03748329044134478 0.00398021141056857 0
1933 0.001073306544574278 0.0112570456051283 0
1934 0.008294277262003612 0.0736787988929322 0
1935 0.02030368453786923 0.03407309643086355 0
1936 0.02883336922398849 0.05768411025794398 0
1937 0.03457519571648301 0.05945667334536404 0
1938 0.02846460738395426 0.01291793810954007 0
1939 0.009755016831547192 0.06240661678453334 0
1940 0.002375055772585271 0.03556194440015675 0
1941 0.002296351062938583 0.07276839426009937 0
1942 0.0029277427070236 0.06646748363796917 0
1943 0.01672577332141867 0.05949683113680694 0
1944 0.01332867615340973 0.07116313218732284 0
1945 0.01726722261170426 0.02620167583108955 0
1946 0.01981293861640821 0.06644648334823472 0
1947 0.02977410532143293 0.07298357564662973 0
1948 0.01700293933918324 0.02064472220116086 0
1949 0.02082639768205374 0.07211567748125222 0
1950 0.02767278829135611 0.05293945315918827 0
1951 0.02641428013739713 0.0321579178565206 0
1952 0.03458890526129005 0.06113142335172049 0
1953 0.009414791496449488 0.0443317597742808 0
1954 0.01511953307464859 0.06044835705366416 0
1955 0.00514128697893316 0.03403462542697841 0
1956 0.01367365341728493 0.05010663411820392 0
1957 0.03732447814408316 0.01211109280269521 0
1958 0.01198792008645018 0.05988145413124168 0
1959 0.03586922684838416 0.03182354787427644 0
1960 0.02823805605598691 0.06445753378977644 0
1961 0.004739257286334009 0.01559995881409034 0
1962 0.02830210407946904 0.04725827889267824 0
1963 0.03762193719567461 0.03104606149706783 0
1964 0.03471312294432007 0.02989987442811908 0
1965 0.00643732340768156 0.005946876988707391 0
1966 0.03895548472171724 0.03470006277915863 0
1967 0.007878223096872475 0.009462965419178553 0
1968 0.02870710865445345 0.06099301795655933 0
1969 0.01839772043532704 0.02250277194296829 0
1970 0.01386064552347606 0.06759145229547378 0
1971 0.0147311667421406 0.03490058266801276 0
1972 0.01558253565616011 0.05841377810657508 0
1973 0.03544651154350784 0.02264734302735479 0
1974 0.0341573367438997 0.02433463444407456 0
1975 0.004509735460940726 0.002603723922757172 0
1976 0.02350902620012656 0.06506191648040462 0
1977 0.02434914779944601 0.002403445812069104 0
1978 0.03895268506354051 0.04756763649626964 0
1979 0.02585024146157089 0.03408703388287581 0
1980 0.01770152470544889 0.01891363145578857 0
1981 0.02540215072051237 0.03908969053292079 0
1982 0.01682535968382564 0.002830177307279691 0
1983 0.005369533143034722 0.05761896320156221 0
1984 0.03762366865894443 0.02635056755573228 0
1985 0.0129156212322447 0.05805345410326908 0
1986 0.02637943578256314 0.01790076268574262 0
1987 0.03056051118277708 0.05875507293480006 0
1988 0.03014652244401634 0.04036483885431713 0
1989 0.02954531082697746 0.06212983478275419 0
1990 0.01915669324717112 0.03238786092354551 0
1991 0.01495290619543418 0.07603240858237402 0
1992 0.03023606097063399 0.03830099722971617 0
1993 0.03025655595350571 0.04747117529344882 0
1994 0.03511539728989957 0.01086739676572945 0
1995 0.03190221033439967 0.06806907161003994 0
1996 0.002342765235145868 0.03813535313971297 0
1997 0.02181559664752679 0.04967210822969664 0
1998 0.03901162177159985 0.04329477460876759 0
1999 0.004776513905552643 0.004723385306219255 0
2000 0.01448417714931702 0.0690690782299231 0
2001 0.01684446344960302 0.06659843590437048 0
2002 0.001015521179156525 0.05758957839249344 0
2003 0.02201489416532247 0.00830629865516605 0
2004 0.02075541437707302 0.0149628236277854 0
2005 0.03653192888562017 0.004466473212530978 0
2006 0.01487478702871001 0.03634185000649237 0
2007 0.03728948403961044 0.02859490969504285 0
2008 0.02524368626201854 0.02811769745367455 0
2009 0.0262786286732179 0.04693982743272772 0
2010 0.03626350305793748 0.05017277413652426 0
2011 0.01718926078404763 0.008125500435039651 0
2012 0.02863848961692514 0.007030893847950699 0
2013 0.004517859588301856 0.07255079792593275 0
2014 0.03091585193473315 0.008369330897557439 0
2015 0.03174290042968944 0.006523090608187294 0
2016 0.002446267514442411 0.06259167980770725 0
2017 0.009748249732055639 0.04690451316106697 0
2018 0.02815989936557908 0.02408377007277238 0
2019 0.01625453159215071 0.03690561861014605 0
2020 0.01516459366268789 0.03840152951134631 0
2021 0.02127001627082456 0.02009152133138518 0
2022 0.03042209667238572 0.0453276222716447 0
2023 0.03110964765833295 0.04622013328565061 0
2024 0.03449734968603801 0.002805105301017734 0
2025 0.01884589779671744 0.04398977776390824 0
2026 0.01051330265120306 0.01718634820342303 0
2027 0.009423214488125624 0.01065894147392276 0
2028 0.02264235888538621 0.01004203668139177 0
2029 0.01954943825801196 0.06283980528242997 0
2030 0.03573549622874025 0.06452085988811553 0
2031 0.0135717483168988 0.05622924944495329 0
2032 0.00893120874014787 0.00596461775554618 0
2033 0.007378457981877746 0.007947446601226892 0
2034 0.03562290004065541 0.001119286214866511 0
2035 0.02864987287813344 0.03226993707686113 0
2036 0.009361406704029296 0.06483845168082406 0
2037 0.02039404542284888 0.01159758348526645 0
2038 0.0312858448833296 0.05645921971766683 0
2039 0.01849325957816439 0.009541325008184824 0
2040 0.01846831573042741 0.05140991179250307 0
2041 0.02216582839416693 0.02177930302757795 0
2042 0.01069145498857778 0.0581935535671928 0
2043 0.02967457202652075 0.06668416932497229 0
2044 0.008717329677452756 0.007399263949738118 0
2045 0.004730400336439382 0.07653932846149139 0
2046 0.02281123949722451 0.05695685737485853 0
2047 0.03135570733670491 0.004642163692252746 0
2048 0.03474627100123411 0.05527091297731069 0
2049 0.01988299495108581 0.003742492772742356 0
2050 0.01664281384742542 0.05448661905633321 0
2051 0.03571682579268098 0.04275079048201112 0
2052 0.03907904287590531 0.0649938605517659 0
2053 0.02020154813374964 0.02244125815377487 0
2054 0.01579987101993176 0.04970982407147106 0
2055 0.007758873446069788 0.02352660592112943 0
2056 0.0360936449924866 0.05778565444920832 0
2057 0.009114546354769692 0.05275250777056518 0
2058 0.01844461802660512 0.03739353430077692 0
2059 0.03070274263524009 0.06798248709486931 0
2060 0.004408422651742974 0.03210657753459718 0
2061 0.0210332434398403 0.05751174035634417 0
2062 0.0353074168200563 0.07264585213089342 0
2063 0.03465317014371989 0.03371503941011651 0
2064 0.02480760755271013 0.06982658178536617 0
2065 0.02554612416906202 0.02718505852672689 0
2066 0.01125298077485065 0.02963398907804361 0
2067 0.0362778284846404 0.002326333588935386 0
2068 0.01841263099759055 0.003458061838079424 0
2069 0.0188792485700187 0.05021285971883487 0
2070 0.02969868735686274 0.07519922578473651 0
2071 0.008130274680241491 0.07017299114231079 0
2072 0.01486714121678588 0.02009424049573745 0
2073 0.03627622547902018 0.01251805698907285 0
2074 0.03389948989407936 0.06654107595853007 0
2075 0.004746933957207558 0.0713169429059804 0
2076 0.02473262891698073 0.03622477386737294 0
2077 0.03051414118422249 0.03148014735447447 0
2078 0.009256713210498814 0.07543193358641215 0
2079 0.01924418853486692 0.01971395907689293 0
2080 0.008772673777774688 0.01982863019194411 0
2081 0.01390635967412053 0.00102652904659567 0
2082 0.02200490308316587 0.0233328698426496 0
2083 0.03587631357058506 0.02965159728719506 0
2084 0.0188318224784019 0.01567856473570712 0
2085 0.02619252715572603 0.01067933973376707 0
2086 0.001213584267960297 0.05917589177287122 0
2087 0.02789438691102468 0.03648767191877829 0
2088 0.01307998339676717 0.0120820011625722 0
2089 0.0327434392875589 0.03411031613048653 0
2090 0.006164464421838286 0.07038243402708419 0
2091 0.02191820478188925 0.006360539758613511 0
2092 0.03376202052370866 0.02864341682865838 0
2093 0.002502046181148944 0.0316084949359291 0
2094 0.02429643062281054 0.07198251770551002 0
2095 0.02211242729880924 0.07242093754420735 0
2096 0.02938059463175385 0.02715969512909559 0
2097 0.02029961118741297 0.06060124589417894 0
2098 0.004855079751870791 0.05978384496777427 0
2099 0.03048100448881388 0.07169281007194755 0
2100 0.03083118709512974 0.03522191841214736 0
2101 0.003301062675742875 0.03911913462710309 0
2102 0.01130667868301446 0.0421033588502753 0
2103 0.01117830737051081 0.04315389366625175 0
2104 0.02274912726527978 0.01335727424295825 0
2105 0.01889429447976856 0.07092147349953339 0
2106 0.02532750622049765 0.07888248565993554 0
2107 0.003119329130159033 0.01747720281381545 0
2108 0.03139877061104632 0.06625217156157606 0
2109 0.004848223725593813 0.04636735554122143 0
2110 0.03424598325298417 0.04317797413975473 0
2111 0.01291782061645225 0.06641768560673517 0
2112 0.01352031541523764 0.06554434608671821 0
2113 0.03772381445528709 0.03267487980511062 0
2114 0.03311028153376919 0.00570246764627793 0
2115 0.0389437137467191 0.05388446744438939 0
2116 0.0181638152103042 0.02553211124451139 0
2117 0.01424612166718474 0.07906671766254392 0
2118 0.01501055538106709 0.06706203371276043 0
2119 0.01833442196143538 0.01454995214296749 0
2120 0.03065358137887721 0.0168298347157398 0
2121 0.02368607922253895 0.05264903649075887 0
2122 0.006136582636103621 0.02239674131539084 0
2123 0.01830629778381727 0.008231881068245732 0
2124 0.03908761031535324 0.02966042629774806 0
2125 0.03067148837265432 0.02445074327032794 0
2126 0.007216617940654299 0.01999930242372693 0
2127 0.01853317097900129 0.056806347541536 0
2128 0.0355115362479376 0.04119661167268789 0
2129 0.01711594352248021 0.05124952246346477 0
2130 0.01848121947940625 0.04185803685922944 0
2131 0.001061663410323609 0.02310799848798712 0
2132 0.01856354004877147 0.001088493026933604 0
2133 0.02034480974504989 0.008374889937963106 0
2134 0.03185537503210487 0.01522770441388363 0
2135 0.006815044605043296 0.03936916168022549 0
2136 0.02473679958161014 0.01258395272808286 0
2137 0.00240262492724155 0.01822353583442372 0
2138 0.02613271476356825 0.04993051645057963 0
2139 0.02042027404456652 0.01294034349741053 0
2140 0.02054828779342392 0.009636284653937576 0
2141 0.03524743592378647 0.03940677787251931 0
2142 0.02447738245399312 0.01388142948869072 0
2143 0.008329730102425485 0.07223632452281124 0
2144 0.02932660180053868 0.07103093857111123 0
2145 0.01019388270332488 0.05284300188232628 0
2146 0.002326618870176815 0.05615859895201459 0
2147 0.02480052012745684 0.009267338058827908 0
2148 0.02658200039637728 0.06954037138569374 0
2149 0.01375118285082353 0.004193061316480701 0
2150 0.03347255290875312 0.02147538321000835 0
2151 0.03453496972425707 0.04613061943009888 0
2152 0.03742795833584038 0.001042144657817295 0
2153 0.02318293626611697 0.07495845830635522 0
2154 0.03758659064376229 0.07896748306525392 0
2155 0.002551468619982417 0.02151292487743115 0
2156 0.007457480401025495 0.03203361066672931 0
2157 0.0213681876825098 0.02688791202777333 0
2158 0.03642501090295992 0.06985943644126599 0
2159 0.01869742734350877 0.05931959043127834 0
2160 0.02494119643399588 0.03071183804702807 0
2161 0.008529550822955605 0.003900585998213142 0
2162 0.006827881312297026 0.02744770019713832 0
2163 0.02315647860857402 0.006704039328780116 0
2164 0.03001194264567178 0.0567795580074212 0
2165 0.004789161895251845 0.02859182489521368 0
2166 0.01147934445281731 0.01900461766578322 0
2167 0.03781453229462061 0.05431654994196527 0
2168 0.0301335085435082 0.01117073643285993 0
2169 0.02398486122009832 0.06004739532744241 0
2170 0.03728170049964914 0.05718986755550698 0
2171 0.009777325294749901 0.07132011786951875 0
2172 0.02590213241406614 0.01237821739859998 0
2173 0.0314989089253558 0.07896600793875402 0
2174 0.02292442369434676 0.03762547137775792 0
2175 0.02155186871764958 0.01116516015999779 0
2176 0.02030696645597598 0.06367183914236629 0
2177 0.03072235907439831 0.05281080458533831 0
2178 0.01553639180056905 0.002319780106397377 0
2179 0.01630091374025462 0.07541723802625078 0
2180 0.01590108288256805 0.07403051733270161 0
2181 0.01558313501466129 0.05217863249782483 0
2182 0.01478538178244977 0.05753670755536414 0
2183 0.009295963644155084 0.02182615191175529 0
2184 0.02382255904006562 0.008944091488801147 0
2185 0.008834883878440229 0.03670133427969331 0
2186 0.0364362945503423 0.02628806505563002 0
2187 0.004698142538230627 0.0108136970738086 0
2188 0.03424569643706019 0.01871370413215202 0
2189 0.03890741142584457 0.05116420544713916 0
2190 0.007183144004470517 0.03105808022793979 0
2191 0.00106519174085629 0.07119310498911433 0
2192 0.008687579465105368 0.01702849465657505 0
2193 0.01602935264079322 0.0680405151460565 0
2194 0.004428070223075805 0.06181131923774584 0
2195 0.0372226447218531 0.0657961858631092 0
2196 0.02998505221594075 0.02359280891438924 0
2197 0.0254328788045973 0.05765637246077823 0
2198 0.03070764633624395 0.01011760888591989 0
2199 0.01319198473222098 0.03916622028060043 0
2200 0.02996956534049636 0.01426277317996481 0
2201 0.01086236122045059 0.03592632802312068 0
2202 0.007121864279221317 0.01323066674446141 0
2203 0.02378843537138049 0.01799658039246416 0
2204 0.03501343868181566 0.01468068833236644 0
2205 0.03650355596052935 0.01958016275849032 0
2206 0.01522268258433201 0.03272068629656796 0
2207 0.01354269940531363 0.01529784714877418 0
2208 0.01928827411100889 0.006361347560731638 0
2209 0.01134614588759333 0.02245189330955109 0
2210 0.03789462728243995 0.04386286678489511 0
2211 0.01782476787508621 0.05312218551756549 0
2212 0.005380089685965178 0.02640521158281806 0
2213 0.03769648847231811 0.0590660745662847 0
2214 0.006883525202616625 0.02906341694407814 0
2215 0.0009719986084637741 0.03294401418561017 0
2216 0.006573634930737763 0.07629359079850598 0
2217 0.02640795088230548 0.02912736772015387 0
2218 0.01547792902567992 0.07180368529965736 0
2219 0.02377427336932595 0.06943117326555923 0
2220 0.001071218491567844 0.07227430793149429 0
2221 0.03369702805301246 0.04123604660164393 0
2222 0.01792691761682776 0.01791988313608069 0
2223 0.03165220799023886 0.02421208612558348 0
2224 0.01250996138031475 0.03388495673468646 0
2225 0.02473947559628505 0.0454026859435888 0
2226 0.001143293768217285 0.02068393329798061 0
2227 0.03307789413534387 0.02570618755240248 0
2228 0.002724068377644426 0.01168944532658556 0
2229 0.02586493669240494 0.0009267859216089691 0
2230 0.03160385708856156 0.0333039090715978 0
2231 0.02207649291112513 0.06644787649070991 0
2232 0.0008131555202364089 0.04525291958194501 0
2233 0.03130597269215733 0.003207514507530582 0
2234 0.02116974433407897 0.003489934566132433 0
2235 0.01105358564572332 0.05686554354821814 0
2236 0.03755934027556777 0.002962903285679802 0
2237 0.01892839172193893 0.05232613317522896 0
2238 0.01518341425984276 0.06451287862319968 0
2239 0.02046930786102995 0.0400280210253995 0
2240 0.03369269489540964 0.07252878929845022 0
2241 0.003226232621885889 0.04825508942058165 0
2242 0.01961973859034483 0.04824733700518248 0
2243 0.003850490509010616 0.03694845951074838 0
2244 0.002729483122956722 0.03056287025058083 0
2245 0.01684122243949641 0.04799489438208723 0
2246 0.005005670116599165 0.06920118821621624 0
2247 0.01234842676284009 0.006115174763017012 0
2248 0.01549407546085315 0.02726144586162314 0
2249 0.006229736217258291 0.03298055760170795 0
2250 0.02960440715075559 0.06537908814735187 0
2251 0.02883062624859548 0.03931810006567546 0
2252 0.01852505502789083 0.03929458971721421 0
2253 0.0140943934906389 0.00704572836364592 0
2254 0.008954799695311683 0.06832477220091125 0
2255 0.01265005547823241 0.0229502867429188 0
2256 0.02055364874211412 0.01625616489469507 0
2257 0.01204723433196753 0.0009756757060688376 0
2258 0.02501932103310444 0.01032763804268533 0
2259 0.0360658934462522 0.008939559028331639 0
2260 0.03503335125039378 0.005644546316122261 0
2261 0.01289468550145582 0.03596479809595296 0
2262 0.03767268316374354 0.01700404116375141 0
2263 0.001048900597962817 0.02718224317552306 0
2264 0.01934585845134465 0.02673076800794275 0
2265 0.03065715108875063 0.01560423946055164 0
2266 0.02869311857907779 0.04513675980989276 0
2267 0.01135223779130012 0.02669555673965451 0
2268 0.0221866719207855 0.05771499258799894 0
2269 0.02486250570672294 0.0252016348584488 0
2270 0.01521200813024871 0.01486296395889792 0
2271 0.02915331906313139 0.02983316800656249 0
2272 0.01136676050427382 0.03867860954412097 0
2273 0.02022699520601998 0.05836218103193885 0
2274 0.01451549510822018 0.02421794443693684 0
2275 0.01937593195584953 0.04256793616633903 0
2276 0.01740616920644171 0.006036781468143446 0
2277 0.02611291151921242 0.0450404249531119 0
2278 0.005846934891570706 0.06800905132158624 0
2279 0.006354647395313946 0.0477105543161359 0
2280 0.008229381404797764 0.05344869140939745 0
2281 0.03573575726660166 0.04677530531714225 0
2282 0.02565831412579754 0.07587863302795528 0
2283 0.03789036814580111 0.07326265515107588 0
2284 0.01905814170994438 0.06931500177636071 0
2285 0.01362176677195181 0.05361112652273996 0
2286 0.03002319187456293 0.04381689947498472 0
2287 0.01416627426961016 0.03708300001082937 0
2288 0.03020661367138027 0.03633510810043197 0
2289 0.00546360832216396 0.06082002116833039 0
2290 0.02531934024758148 0.06624251003580452 0
2291 0.01523140526639539 0.04265874664102415 0
2292 0.03171215082763101 0.02645799943758426 0
2293 0.01035847927851001 0.02121168033918636 0
2294 0.03631497089684727 0.06264196317180602 0
2295 0.01170624335260174 0.07139902413688599 0
2296 0.03509091417816588 0.06745479555776165 0
2297 0.006436632282328767 0.04397097460620081 0
2298 0.01198008716561464 0.007257306730146899 0
2299 0.03729753477664032 0.03791496994086716 0
2300 0.01619785673584776 0.01156252445454992 0
2301 0.01757306118141611 0.04945414296399957 0
2302 0.02257730508664019 0.05907725634093634 0
2303 0.01720590349101477 0.01449898535459633 0
2304 0.0376107830591302 0.04618299666197935 0
2305 0.01735712844606085 0.03819870160497962 0
2306 0.01869990171705412 0.07742657973705611 0
2307 0.03907291189866018 0.04123753124537977 0
2308 0.01496666327696741 0.03098027228689314 0
2309 0.002221886127601453 0.02586848791906796 0
2310 0.02907142602472844 0.0009922565274951139 0
2311 0.02695330997568486 0.07890004693614038 0
2312 0.01174159339909732 0.004277446930766614 0
2313 0.02257304554529778 0.0557707936111102 0
2314 0.03579210200874668 0.03378829400334854 0
2315 0.01263109054262268 0.0281442772420241 0
2316 0.01940128214633237 0.03826686748150206 0
2317 0.002288763140701814 0.04387124003389196 0
2318 0.02672491733692867 0.03318665844533129 0
2319 0.005458849051518956 0.01997357517202143 0
2320 0.007939321111493194 0.004506796253293213 0
2321 0.00581404678397316 0.04273938857025879 0
2322 0.006471908701468609 0.06278893203317611 0
2323 0.007401420381574295 0.01132435152334026 0
2324 0.01023985096091282 0.05884816294263147 0
2325 0.02193037091185712 0.01454113940569812 0
2326 0.009877188295126346 0.01974459387538099 0
2327 0.02784720672286126 0.04014773065604717 0
2328 0.02846843579080875 0.06706584765650983 0
2329 0.002575260941106827 0.02028523500565163 0
2330 0.03047463388888358 0.03354641570174836 0
2331 0.010292708894633 0.04532703729340594 0
2332 0.01295675431079813 0.06023315679664097 0
2333 0.005413585776800432 0.0658658837907006 0
2334 0.03913210996608797 0.0723043326803513 0
2335 0.01864131503774575 0.07203594250095871 0
2336 0.007946292109843701 0.04389889876450481 0
2337 0.03101136962790519 0.03719393894573404 0
2338 0.01756641530335931 0.05864272761719451 0
2339 0.03217490490945167 0.0405881085445604 0
2340 0.01628210348826853 0.02407114564705083 0
2341 0.03542961813841713 0.07153857686096822 0
2342 0.01821852221428811 0.02766647081449317 0
2343 0.02058167453331643 0.0298689803373195 0
2344 0.03097947738257735 0.061058353614465 0
2345 0.00105257088984631 0.06375932066080497 0
2346 0.02499235066093798 0.007466001341310459 0
2347 0.01513048453380989 0.04702557847935322 0
2348 0.003450793638606117 0.01498228040812161 0
2349 0.01411774433557174 0.07756701901810534 0
2350 0.002136694967730942 0.006748973102739295 0
2351 0.02073636655210082 0.04449696945929912 0
2352 0.01332892306057214 0.02590114673248541 0
2353 0.008135817036849759 0.02732015500973828 0
2354 0.03308520298407853 0.06305689164209125 0
2355 0.03551129605389431 0.07695558688397816 0
2356 0.01216643354957462 0.03073804617989613 0
2357 0.01555061828977487 0.02277568217261783 0
2358 0.03250680037867374 0.03735103345920143 0
2359 0.0371719611817778 0.05334130638603453 0
2360 0.03912469859576961 0.05763067115003611 0
2361 0.002512751690572589 0.04227419877180751 0
2362 0.03403104038215636 0.003971432019629788 0
2363 0.01682651790319111 0.07667570427052417 0
2364 0.006242288317284829 0.06703354338989913 0
2365 0.02756244388142429 0.07289130807063665 0
2366 0.01664063866314169 0.04183315806113785 0
2367 0.02528428756338517 0.04352896276663719 0
2368 0.02521074670139668 0.03762388535917333 0
2369 0.02651350502948801 0.01356538398373484 0
2370 0.02149991114729702 0.03164066347002772 0
2371 0.002211178715816567 0.03351038967917868 0
2372 0.009873849098488223 0.02575983704501659 0
2373 0.02683474064448439 0.01998362898164012 0
2374 0.03093831809977365 0.01880729692132161 0
2375 0.03224342754309774 0.02170321429330953 0
2376 0.02479199454983853 0.04163725482402775 0
2377 0.007957005153033152 0.05543605408167115 0
2378 0.03792169220208342 0.00647627312342379 0
2379 0.01888334883554951 0.0788686873372266 0
2380 0.02256860766474408 0.04782252460432225 0
2381 0.01405463654193099 0.05559338875151203 0
2382 0.01884996532373972 0.04521384183893433 0
2383 0.03891596637669768 0.04922761324703864 0
2384 0.02099825894955104 0.06843477950821018 0
2385 0.002111967842613895 0.06470128880127748 0
2386 0.002530369965399942 0.05902889283987042 0
2387 0.002527361129321431 0.0577730563798641 0
2388 0.01062598734926598 0.04021883307951423 0
2389 0.03183797932652715 0.05986032379750224 0
2390 0.0373024359202741 0.007734429226028114 0
2391 0.0009266352356588764 0.06178362711307392 0
2392 0.0009423442747239046 0.05166005896302962 0
2393 0.03431928633727945 0.07768840311663178 0
2394 0.004111043536817734 0.02692838829514854 0
2395 0.03382939810645186 0.03636172488944457 0
2396 0.003638206974258155 0.02567058181733927 0
2397 0.03399650886772077 0.04799218051139776 0
2398 0.00957610718355076 0.03567961872839804 0
2399 0.03473458830211673 0.01607417514851802 0
2400 0.01624670781728564 0.01872814771660088 0
2401 0.02707798542903318 0.02431870756287501 0
2402 0.009214322582968773 0.02306088179662208 0
2403 0.01291763007084561 0.06164115521433758 0
2404 0.01828306221590497 0.01625966110270855 0
2405 0.02045572571808427 0.04936647378206734 0
2406 0.01460996594720651 0.0414639796844641 0
2407 0.01351749205674935 0.0176870378808136 0
2408 0.01368716802186212 0.07601195989180351 0
2409 0.01946254565394109 0.04030293914847553 0
2410 0.01237526956458226 0.03913187996295094 0
2411 0.01356390237910902 0.00200740499004913 0
2412 0.001033654692312192 0.03650913916534979 0
2413 0.01643341892500536 0.0393990295994233 0
2414 0.01039824455548615 0.0658505553625362 0
2415 0.02694711552958935 0.05994589037461492 0
2416 0.006071328720579713 0.03528146708745541 0
2417 0.01757082659996713 0.04042606005423764 0
2418 0.006437623524788123 0.0143798974681025 0
2419 0.01558361597703007 0.04452825073732998 0
2420 0.01570345178146637 0.05640601643100249 0
2421 0.0008298785964921049 0.0753198641731315 0
2422 0.0121976177175748 0.04857000651622542 0
2423 0.02878413082791401 0.01555802755924026 0
2424 0.02321577939165155 0.07323702980480692 0
2425 0.01698103627732735 0.03328478181539699 0
2426 0.02761320245212526 0.003277794047615246 0
2427 0.01853835987582488 0.02147281170465094 0
2428 0.01396708802286798 0.01252775753932127 0
2429 0.005517415397828579 0.03203400204846195 0
2430 0.01351567136710003 0.0139945407845859 0
2431 0.01911623474665749 0.007976759737422123 0
2432 0.0107226037097411 0.04755119739830739 0
2433 0.007418900143076668 0.05686451992105793 0
2434 0.03033548447608399 0.05458719281089634 0
2435 0.02084719210733114 0.0594057790439063 0
2436 0.03090385664719218 0.02247982552639393 0
2437 0.03305557605121968 0.07365659061302721 0
2438 0.0348041116637909 0.06959563833328225 0
2439 0.01785727984473948 0.03451396264404581 0
2440 0.03170775311498869 0.02061898847611147 0
2441 0.01200583998021613 0.05839624338706307 0
2442 0.02358753545674183 0.06402262737213088 0
2443 0.03248329674307265 0.00468986916677832 0
2444 0.01211734141969722 0.002524986005415522 0
2445 0.00548217883302742 0.03956168586249919 0
2446 0.02293443089536029 0.00274931479816401 0
2447 0.01614399346276689 0.05322759302340321 0
2448 0.01596984078179215 0.07013750335322572 0
2449 0.03030553906695952 0.0263928994542873 0
2450 0.02557179537666593 0.003944005979028456 0
2451 0.03320059524691743 0.03935169876440429 0
2452 0.02528771817664748 0.05364522017393992 0
2453 0.03382703255358345 0.00211542150209898 0
2454 0.01488614075344897 0.055169057548681 0
2455 0.02683351634327059 0.07478067055345197 0
2456 0.01294983275127942 0.04228082379490171 0
2457 0.01018368143256799 0.07357415754645616 0
2458 0.009174322363102465 0.07401350298360782 0
2459 0.01835064451567977 0.01285248763297606 0
2460 0.01813223201070673 0.02077780766715207 0
2461 0.02888170901091577 0.07904087718326107 0
2462 0.03903771375001358 0.06056705452578649 0
2463 0.02983390495912076 0.01784375055146044 0
2464 0.008001007725631172 0.03050547429114765 0
2465 0.03225168536610075 0.03866682409342546 0
2466 0.03165317566007582 0.01717965688039751 0
2467 0.0217030282187482 0.03860521516250182 0
2468 0.01143004182173833 0.06555507490806219 0
2469 0.02941006541389667 0.05554131202037021 0
2470 0.009246606653004924 0.05044823112434711 0
2471 0.004349211422719403 0.03052900463313527 0
2472 0.02398194060207851 0.02398149877743357 0
2473 0.03324247500927442 0.02471443592450035 0
2474 0.03487454360420771 0.02555887162772428 0
2475 0.0329574479926719 0.003792096925528621 0
2476 0.0009887338076945903 0.05461135297394269 0
2477 0.03464461493826901 0.05852714939121541 0
2478 0.01286515482545262 0.0193787341353532 0
2479 0.02239705495119512 0.06297165908565916 0
2480 0.03419421541291098 0.0755787421752224 0
2481 0.01622791846439799 0.02802566299542658 0
2482 0.02530446125707404 0.0775800916736072 0
2483 0.009654430815610003 0.01255556885907388 0
2484 0.007472924927264629 0.001012994568674798 0
2485 0.01112493720359624 0.005384748133493329 0
2486 0.03918090681529923 0.006816660229546953 0
2487 0.000862203698480609 0.006979295833033777 0
2488 0.02151899606977163 0.03093958164365201 0
2489 0.01413340961442495 0.07048683404091813 0
2490 0.007683566182204336 0.03583474465621 0
2491 0.001103066308886787 0.07763321588025215 0
2492 0.02029460153927007 0.07658717852280825 0
2493 0.02038704290297854 0.07908921914565176 0
2494 0.00335915732469811 0.004815315888103175 0
2495 0.02213049540290141 0.04000430491954059 0
2496 0.01027978618586511 0.01807735446491768 0
2497 0.03186949861514151 0.07328097326845953 0
2498 0.001091340155416873 0.05033000304600933 0
2499 0.004364356276736776 0.05604342757130867 0
2500 0.006358506358070334 0.003585257914622497 0
2501 0.02665416259983008 0.006651659496606753 0
2502 0.03412523503226532 0.02280015513829822 0
2503 0.02273746631825011 0.02996865896312694 0
2504 0.02681925565473689 0.06185719448938968 0
2505 0.01459698447604857 0.04571086363413038 0
2506 0.02983869209503524 0.04238422669382095 0
2507 0.0181433017387111 0.06223296194835473 0
2508 0.01759610477976783 0.02699764804262269 0
2509 0.0365702535386083 0.0709850989164017 0
2510 0.0008203533552216674 0.05316430859712112 0
2511 0.02100354668144518 0.0233892471096793 0
2512 0.03131500932142613 0.076230790685235 0
2513 0.02735226907686711 0.0008352030358497187 0
2514 0.02371114764346674 0.03841646561238788 0
2515 0.02907495430413257 0.002463322888916222 0
2516 0.02696407339356281 0.007678578861072573 0
2517 0.03787803323224766 0.0402087043000622 0
2518 0.02008693761603452 0.03207343631366875 0
2519 0.03465466513886423 0.0267463375349298 0
2520 0.01485537014666432 0.02316355605112434 0
2521 0.02841583835427785 0.008419346343153049 0
2522 0.01414562045640407 0.04394088413922973 0
2523 0.02388845354953248 0.06815443759909585 0
2524 0.03807870862409349 0.01390204181583029 0
2525 0.0008557423997553812 0.02504814961548179 0
2526 0.01615626311315154 0.06181353236178686 0
2527 0.01987772884852718 0.06448213738222938 0
2528 0.03240280263464641 0.06451490178048006 0
2529 0.02243749271189239 0.01981666829584919 0
2530 0.03282240806759511 0.05889055807680262 0
2531 0.02818519807874503 0.05098626814845826 0
2532 0.01868953005893521 0.07396948038736392 0
2533 0.02218382334823869 0.03577721053686543 0
2534 0.01907253111117185 0.03522763832081994 0
2535 0.01727481856075027 0.006827235919766132 0
2536 0.002596686782871067 0.07492356494342017 0
2537 0.0009432378962026984 0.01322514943953724 0
2538 0.0341790149536419 0.008330421201460034 0
2539 0.001096748329802506 0.03968494431092135 0
2540 0.01775279266401837 0.01012551815694621 0
2541 0.01038418565029372 0.006568704285060456 0
2542 0.01536723407856325 0.01352979586996868 0
2543 0.02796715738523693 0.03824486578305921 0
2544 0.001136933783282529 0.04264515368166717 0
2545 0.03896347202473485 0.06367819270507577 0
2546 0.03756043286669411 0.07542767999796497 0
2547 0.007620822372095135 0.06319392329878186 0
2548 0.02527286582006665 0.0584387562369076 0
2549 0.03344838479558648 0.07135131138527352 0
2550 0.01716354981362654 0.05553615676487347 0
2551 0.02278625103225075 0.06759272994148458 0
2552 0.007104299726198438 0.05247259068658081 0
2553 0.02486162776963172 0.01747580591015979 0
2554 0.02003439089508354 0.04549308490224577 0
2555 0.0196591219064541 0.01729879733046674 0
2556 0.005731597116147813 0.008710415140468296 0
2557 0.02711098876315814 0.004882840562340077 0
2558 0.0252763055988055 0.06810118878040701 0
2559 0.008579276071332635 0.02863266842481407 0
2560 0.004533546002076824 0.06723626983963715 0
2561 0.03747607365695363 0.05074243169842525 0
2562 0.02834694610585109 0.02050982157950262 0
2563 0.03572277690740889 0.05387096094223575 0
2564 0.02583917027561422 0.00210365043957559 0
2565 0.03377731935847203 0.05451760153372332 0
2566 0.0279445302828863 0.009864309967487911 0
2567 0.02500111875114642 0.05048386994332871 0
2568 0.005495334825717147 0.0189938418411185 0
2569 0.004239350915045733 0.0009314702452642987 0
2570 0.0007863590294441523 0.03080274831772399 0
2571 0.02293540158073911 0.03300694316747267 0
2572 0.0372732634070799 0.03452036092732789 0
2573 0.03683815431160305 0.009104018464622204 0
2574 0.008493140530735448 0.06039765189541191 0
2575 0.007350230058854679 0.0404378604546706 0
2576 0.03911140216389883 0.02116893205585284 0
2577 0.03322487214176039 0.07914737083442067 0
2578 0.03157807101884424 0.04169309536949078 0
2579 0.03665629785740514 0.04912178679925114 0
2580 0.01606514437727963 0.04281656054823547 0
2581 0.02499583550428253 0.05960346476305545 0
2582 0.01375992703511054 0.04708279632258258 0
2583 0.03660496591733504 0.02966352464683719 0
2584 0.02913458943901758 0.03500941367579474 0
2585 0.0379865927799282 0.02464600398174123 0
2586 0.0372917033573702 0.06429523250786283 0
2587 0.008984698171553777 0.06362461897287276 0
2588 0.0007584737624244664 0.0473407119460242 0
2589 0.02789111910529303 0.03446198805430705 0
2590 0.02932125361662462 0.05318541490389168 0
2591 0.03198148598537737 0.03592526946370784 0
2592 0.03361730757573623 0.01449877366326226 0
2593 0.03638844977578087 0.0393425145167744 0
2594 0.00907256622676471 0.05442434940913723 0
2595 0.003659130234039163 0.0449387757457837 0
2596 0.02110435468155806 0.04317426656207852 0
2597 0.03927342881604594 0.03902428395930462 0
2598 0.01511420493764242 0.01668562643069686 0
2599 0.03659574707866571 0.06036634688151062 0
2600 0.02582595258026141 0.01583044882889628 0
2601 0.02820542444339006 0.0653008098538304 0
2602 0.002087135661370185 0.06069035585438875 0
2603 0.02798593568376925 0.05684107285301905 0
2604 0.003574526018568603 0.03473743213276397 0
2605 0.01986367081639035 0.0212018265791756 0
2606 0.002434905899703695 0.04792954077149421 0
2607 0.007591873438232066 0.06732393457690213 0
2608 0.005250441070519935 0.005766459479262784 0
2609 0.007557420409567582 0.07107393459359952 0
2610 0.01495366962359018 0.0538139650466789 0
2611 0.02872812020987013 0.06189932809839305 0
2612 0.009201950372386792 0.0703449596750918 0
2613 0.03544311382938972 0.02394988024379504 0
2614 0.01801801742035153 0.03647826239649804 0
2615 0.01777690391214385 0.01108931229257912 0
2616 0.002045375112002965 0.05731509631370307 0
2617 0.003948994000302679 0.01370757454637573 0
2618 0.03914506335563613 0.04490387151393135 0
2619 0.01552519388106783 0.006999764236326415 0
2620 0.03770990698391218 0.01872756399457383 0
2621 0.0272622064852753 0.07796996002620676 0
2622 0.01298985317448368 0.0776358172852199 0
2623 0.0118230242456376 0.04047533181996878 0
2624 0.01116086942335816 0.07760668463351049 0
2625 0.03100078362443086 0.05370208090088942 0
2626 0.01203125722294541 0.03745948291407372 0
2627 0.007286134509981093 0.04530388102076225 0
2628 0.0008011968706239832 0.0695829543370281 0
2629 0.02353256107284947 0.07116390863646388 0
2630 0.02403037191267873 0.01617769460446966 0
2631 0.009374104543797022 0.01597315560079618 0
2632 0.02280717114395417 0.05511808722783079 0
2633 0.02748181738371127 0.06090045199353749 0
2634 0.01087849047816827 0.01580414644633997 0
2635 0.01000263937274115 0.0607781662599383 0
2636 0.005898433107321799 0.05294506528026691 0
2637 0.03495039910564153 0.03690220134545068 0
2638 0.007783100798074438 0.04753902888784774 0
2639 0.03475398403719222 0.006819942979835965 0
2640 0.01678162963159999 0.02171614382312931 0
2641 0.01639624347555335 0.07300482874307213 0
2642 0.01707392689190522 0.01593563476432924 0
2643 0.03202923245391698 0.05400827955585853 0
2644 0.03802106370437638 0.02057018697479153 0
2645 0.005753358941511345 0.07114366764010731 0
2646 0.009850339200848567 0.04899400543863129 0
2647 0.02728218504291428 0.06264206870676815 0
2648 0.02564124229469526 0.06925892735660397 0
2649 0.03918554630773215 0.07602247811983508 0
2650 0.005703234349192312 0.04598290145989685 0
2651 0.0301478231948995 0.007743927685425998 0
2652 0.02159347386849859 0.07042914382765299 0
2653 0.008189943778584407 0.01847394251114944 0
2654 0.02888487076702715 0.02531617962483522 0
2655 0.03017667293070798 0.06492886752869677 0
2656 0.01377052650909176 0.03455801351118304 0
2657 0.02531052196896485 0.01438348133100738 0
2658 0.02944675919187647 0.05846642864803844 0
2659 0.008206947923124625 0.005728726913074494 0
2660 0.01414103075155377 0.03295100628340646 0
2661 0.02475140881731812 0.00336524776415445 0
2662 0.01655861919875407 0.0007866410832129966 0
2663 0.02867406765541826 0.07753231149259029 0
2664 0.03332614159446622 0.06780866292564575 0
2665 0.03915940699741724 0.02322064541180572 0
2666 0.02102822316108127 0.06705685295952549 0
2667 0.03913860536252872 0.01478715923811019 0
2668 0.00344548336537618 0.04957811350031069 0
2669 0.005803621229747469 0.0009034317038913442 0
2670 0.0282176720665825 0.03136149898975386 0
2671 0.03539252548250707 0.003106357871320756 0
2672 0.03184096420288306 0.01411729796228204 0
2673 0.0008124274807042621 0.01410347837980878 0
2674 0.03793327876516581 0.0577314926543844 0
2675 0.00678301308147369 0.06891840877547499 0
2676 0.01575005477429022 0.01560157625033971 0
2677 0.0180398163779033 0.07621434285713186 0
2678 0.01324079099139876 0.007959266790668482 0
2679 0.01375357843904833 0.05948843525872203 0
2680 0.0332802851731624 0.05645264583313561 0
2681 0.03269960228758969 0.07496783476039504 0
2682 0.02808031616688562 0.01878549988956003 0
2683 0.02930337949275166 0.01265860530230123 0
2684 0.0292209440607473 0.04694901242430413 0
2685 0.03232303666190028 0.00893721551053555 0
2686 0.002900364537685569 0.07164062933620255 0
2687 0.01444337611875188 0.03928805106127633 0
2688 0.01520468751740401 0.07099062955403729 0
2689 0.03335376331446153 0.01717507766692599 0
2690 0.01763577251640942 0.04227527549111921 0
2691 0.01044132182395664 0.002200608882620941 0
2692 0.01101525030158029 0.008734123334255529 0
2693 0.008422396822920543 0.02164995477015995 0
2694 0.03184815234080944 0.03679953206344071 0
2695 0.02365799830013434 0.04327721154837634 0
2696 0.009320090198375401 0.04241518597621125 0
2697 0.03601998298411999 0.007426942626959289 0
2698 0.0324115882543897 0.07764867094956282 0
2699 0.004224728540776844 0.03493976815975925 0
2700 0.00765708383001068 0.002598424752381451 0
2701 0.0301044090467255 0.01614387600118655 0
2702 0.02187155556381644 0.05067121108014223 0
2703 0.009753475145853245 0.004718958078234095 0
2704 0.03595652745116952 0.01711365316424533 0
2705 0.03058985604591405 0.01365149445114823 0
2706 0.03768675944135504 0.04783686534980543 0
2707 0.03607916539200608 0.06145738123376528 0
2708 0.009675611007764257 0.007860933972374112 0
2709 0.02861785858005508 0.02831742498961878 0
2710 0.00921344377618203 0.03854151389030105 0
2711 0.01098700640119499 0.0330844573671082 0
2712 0.002201662942934213 0.04676774171005377 0
2713 0.006831902217637003 0.07915100659968939 0
2714 0.0159055438390704 0.03460038066083942 0
2715 0.03695875901054478 0.002171494841518622 0
2716 0.0131393959515279 0.04096540103909393 0
2717 0.03133164825246119 0.03989786710653009 0
2718 0.02306112569479729 0.04563753629492937 0
2719 0.004301234839682293 0.03301793159868433 0
2720 0.03774465415660992 0.07666916528513457 0
2721 0.01811264366305968 0.07537082083883713 0
2722 0.02297569363693924 0.04443936842910487 0
2723 0.01489722151285025 0.06250551692131798 0
2724 0.02644625370939502 0.008945992403127705 0
2725 0.00270599176616786 0.05113869794958547 0
2726 0.03103203054072639 0.07705050783686629 0
2727 0.008912898620094306 0.04854110193105206 0
2728 0.01741950773096486 0.04540479809570825 0
2729 0.01176470708500167 0.03556323041622723 0
2730 0.03920562958267793 0.06209777348534386 0
2731 0.03796262208725159 0.005722164417661255 0
2732 0.02261173182964068 0.05117174680729941 0
2733 0.02865800920283177 0.07605871027625158 0
2734 0.02347065004408341 0.0230081042644568 0
2735 0.02315721564742824 0.05930074906648018 0
2736 0.02180352773583642 0.07461665872461273 0
2737 0.01285891190452686 0.04488417216194215 0
2738 0.01270552566259395 0.04583131196865114 0
2739 0.02353170485268595 0.04868660858688127 0
2740 0.03538958675385236 0.05976366020783271 0
2741 0.008215608586506858 0.07563847063180673 0
2742 0.003743020800605883 0.00761720355437405 0
2743 0.01910171585144574 0.0573783977695915 0
2744 0.01491110909321024 0.07937709794608347 0
2745 0.009085947060004797 0.008716902722077341 0
2746 0.01833345841092086 0.02393560090428269 0
2747 0.02232206421479414 0.03794242364411138 0
2748 0.02065968327404114 0.05337695398240022 0
2749 0.03207943593602164 0.06892664341458692 0
2750 0.03566329953807411 0.004335578134734119 0
2751 0.01308310214423059 0.05203971520619579 0
2752 0.02743418592623454 0.001871157360859334 0
2753 0.02621734744560972 0.03037406392614845 0
2754 0.01742015213363306 0.06053121596317249 0
2755 0.03924089804746535 0.02749190577020775 0
2756 0.01539470383752168 0.0692579841670164 0
2757 0.009839484783034407 0.03311592973106045 0
2758 0.03394388061929979 0.04398705998578724 0
2759 0.02119917636204698 0.02149508281017036 0
2760 0.007350211111148256 0.04878486612386353 0
2761 0.03249691641203643 0.07627287610618061 0
2762 0.002158826524436837 0.07650850142988569 0
2763 0.001740354989811222 0.04548278896482944 0
2764 0.004436959005336007 0.0163951810476094 0
2765 0.03810144133198091 0.04943536054913753 0
2766 0.0203437974410445 0.03619728976604562 0
2767 0.01884688475721823 0.07492374041185298 0
2768 0.03175476838097264 0.03518753232504022 0
2769 0.008596977906801561 0.06643203404668852 0
2770 0.0391526806254854 0.03753770055889244 0
2771 0.0007349524278244327 0.06524619542757661 0
2772 0.0346495663604183 0.06261445465009152 0
2773 0.004178213502699979 0.02246559841792797 0
2774 0.0292792715513907 0.06042322110818418 0
2775 0.01736725208565505 0.07794652324592613 0
2776 0.0213856506914132 0.02896040283749941 0
2777 0.01926047857897177 0.06747684620716347 0
2778 0.008482188168042394 0.0386781995876409 0
2779 0.02646476247246707 0.03643201965558907 0
2780 0.02114564181721492 0.06177789760850001 0
2781 0.03028139628671767 0.07454783230750608 0
2782 0.01144213269204332 0.04615232780330471 0
2783 0.02875850249280614 0.01729710152915929 0
2784 0.009274770322589693 0.07216951371626107 0
2785 0.03712381451845526 0.07217606254120582 0
2786 0.003610644892810717 0.06597435355651012 0
2787 0.01261661252045379 0.04356894451089998 0
2788 0.02431962863659309 0.0108156092063589 0
2789 0.03602812775586643 0.04836841068462576 0
2790 0.006100322016605531 0.02949622276511103 0
2791 0.02382757658094668 0.04023655449944746 0
2792 0.01430892179039043 0.07310987485752998 0
2793 0.01856416111517974 0.04660969724490367 0
2794 0.02016858533557614 0.006423532493575891 0
2795 0.01094242755078593 0.0008489365806193735 0
2796 0.01018506778871743 0.01097016104370094 0
2797 0.01234062957317935 0.06329529584866506 0
2798 0.006503483847729065 0.01257533016715962 0
2799 0.01787436385509533 0.07252582417892869 0
2800 0.02558772754155458 0.03209027586447541 0
2801 0.00701817000574447 0.01745386784022795 0
2802 0.02623312552315121 0.03887107566659543 0
2803 0.01445671519874358 0.05699146815958796 0
2804 0.002038045762418797 0.06841624079625691 0
2805 0.02049911475065155 0.07748910142968649 0
2806 0.02582237162057006 0.02481255510825376 0
2807 0.03184932783462444 0.06164562000769699 0
2808 0.01007588937541858 0.01643456148726305 0
2809 0.02841282341340877 0.07414044224891844 0
2810 0.02739990831399489 0.029141024730263 0
2811 0.00886192652287815 0.03067080528920641 0
2812 0.03917069735081813 0.06651957184736108 0
2813 0.003918355088355818 0.01240999670419495 0
2814 0.03920276531504465 0.01750998316795908 0
2815 0.002304279928316302 0.01447576412794822 0
2816 0.02972494830304316 0.005343470953170441 0
2817 0.03914670186021171 0.07914833426800612 0
2818 0.03918817447316193 0.06788460360646356 0
2819 0.03413892883213906 0.03810746324606987 0
2820 0.0360007942540727 0.06919794170824843 0
2821 0.02690005378228094 0.07104770944878111 0
2822 0.02365186020588133 0.01535184928961383 0
2823 0.01320883658188323 0.07449342433757633 0
2824 0.002380357396807403 0.03626896038880133 0
2825 0.00636234204514545 0.07260495445611614 0
2826 0.01472636495049682 0.05954117964321749 0
2827 0.02175026884415215 0.07762783131152862 0
2828 0.02810359793751998 0.0498195911065778 0
2829 0.01202088416697408 0.05392359416901792 0
2830 0.01886796852077119 0.002284710442979718 0
2831 0.02974447059431268 0.0456764711856048 0
2832 0.03591281728475604 0.07904206766554926 0
2833 0.02895433763514824 0.07267167462510429 0
2834 0.01317853299747344 0.01051921320467539 0
2835 0.03273871173527455 0.04570781136572841 0
2836 0.01771427576367901 0.05670389687077772 0
2837 0.02518720630109882 0.06529504161673047 0
2838 0.009632845855548036 0.07665254413074574 0
2839 0.02178359810384667 0.0368391564947059 0
2840 0.02187916561019331 0.01274149505829876 0
2841 0.01887373634879428 0.005208380247083422 0
2842 0.03775127965425026 0.06168249064701747 0
2843 0.02106434660317921 0.00506490301081481 0
2844 0.02171360296400318 0.005580359210189678 0
2845 0.02160272220997022 0.0008604515347165539 0
2846 0.02263244959157103 0.004795563253534071 0
2847 0.03381503881625086 0.05960356036288193 0
2848 0.008898343150650832 0.00202329468392496 0
2849 0.03289039565421219 0.01259222921345229 0
2850 0.01446681254478444 0.005617278701418184 0
2851 0.02833427487735335 0.01125015109711711 0
2852 0.03916043382480494 0.03614200750021194 0
2853 0.02315418310516582 0.06335732973793917 0
2854 0.01082328387317982 0.05140417689211584 0
2855 0.006257760795761444 0.02367943261486003 0
2856 0.029138688412522 0.0373475570271762 0
2857 0.02158823585881648 0.04152678793883025 0
2858 0.02486707467943843 0.02621819317228013 0
2859 0.02910413090633063 0.04926704287329725 0
2860 0.004381804920101855 0.05824321171493424 0
2861 0.003663290086165658 0.02412303322885621 0
2862 0.01613086071876101 0.03340752260718452 0
2863 0.03915098668935693 0.01192610643359551 0
2864 0.03627427918497246 0.02432806476817598 0
2865 0.03776099128717906 0.06345320317167212 0
2866 0.01269437232268274 0.07920538081937448 0
2867 0.002137204795060715 0.01298875806881027 0
2868 0.01450116850820413 0.04222926436766039 0
2869 0.001969531158078547 0.0102374453460957 0
2870 0.01382610274786955 0.02241769653136351 0
2871 0.0228587700801118 0.001922509988688072 0
2872 0.03367485915405043 0.01068012414309477 0
2873 0.02712542623915499 0.03977625935495402 0
2874 0.02196052726769376 0.04319872161571017 0
2875 0.02187314579229466 0.0483114668432538 0
2876 0.00632735125326421 0.02033920741891801 0
2877 0.005086511549023632 0.07311053450501631 0
2878 0.02397342013092961 0.05186616640166011 0
2879 0.0143883817826145 0.01669502280362826 0
2880 0.02912110586836875 0.02161191731330508 0
2881 0.03921508842116995 0.02476062301041324 0
2882 0.03764830688565854 0.06907349208528821 0
2883 0.00639746192385531 0.04637384639913127 0
2884 0.0283081651674368 0.07011404819010873 0
2885 0.03661659176006945 0.01539334134359117 0
2886 0.003169566361075602 0.002114665068872625 0
2887 0.01835191927468301 0.04946032948107712 0
2888 0.006186736501171816 0.0103207711228117 0
2889 0.03922310757238968 0.02606157090473967 0
2890 0.01071201812653578 0.06296734080372617 0
2891 0.007646412656156541 0.07918527995874622 0
2892 0.005291018288957864 0.0137734001773099 0
2893 0.02196752303687383 0.003843340246350864 0
2894 0.01339410698326811 0.06334827894918878 0
2895 0.01464377535515557 0.07228520129891838 0
2896 0.0276007987908005 0.02746333886204506 0
2897 0.0297408920969096 0.0254100976443652 0
2898 0.02925021160689248 0.01102438821476538 0
2899 0.008153769313556724 0.03268277859581598 0
2900 0.02038109885730157 0.003313954371431671 0
2901 0.01983986063355443 0.02041808177358876 0
2902 0.01329058648239755 0.009537914638534973 0
2903 0.03444735261420541 0.06411490549597515 0
2904 0.01999555675137388 0.00220447409097517 0
2905 0.01219575586487452 0.02232863416571342 0
2906 0.01253455603429036 0.06971922071192971 0
2907 0.02017907290055752 0.01549561090160633 0
2908 0.02120500457603721 0.0469162716429816 0
2909 0.01000020385271028 0.04346473232141108 0
2910 0.02988029583982788 0.0009181941986002237 0
2911 0.0225610699698735 0.02752750185789545 0
2912 0.0007599657263985989 0.01921791091914181 0
2913 0.01269108049091987 0.03312005475089029 0
2914 0.02161293140901392 0.04492915497180855 0
2915 0.002110041792296902 0.05442960845961058 0
2916 0.0236823676597224 0.0581831456953877 0
2917 0.02656752254478652 0.02281141928822588 0
2918 0.03637735195844849 0.058618719269124 0
2919 0.02311233380602229 0.02465477854294508 0
2920 0.005329250026382536 0.01150757036137727 0
2921 0.007842832638844114 0.01671816724315372 0
2922 0.03142925916309693 0.05552198256451931 0
2923 0.003792162392777597 0.06856022889566221 0
2924 0.002247091301485375 0.005851500783834791 0
2925 0.01968208604168965 0.0469074818275341 0
2926 0.02260372826471571 0.06688791388750086 0
2927 0.03383160013876128 0.009171024412116608 0
2928 0.01901759459774989 0.02591749843256565 0
2929 0.003073423296808795 0.02748096463563593 0
2930 0.009509815577528934 0.03220897545700235 0
2931 0.02112419578238383 0.07517287210557692 0
2932 0.003082416720817032 0.03359997894215858 0
2933 0.0007249528027106315 0.04087654163354787 0
2934 0.03656484172571405 0.02269514173164992 0
2935 0.0361437864774292 0.02109974127160013 0
2936 0.0393370254555087 0.04836935717634892 0
2937 0.03116035226157759 0.06984280152861327 0
2938 0.0337158016173348 0.01940308693116713 0
2939 0.01824058895813366 0.03200499818669891 0
2940 0.03143649704289446 0.06282889539832026 0
2941 0.02222518119185411 0.02615905138462905 0
2942 0.02563831625477694 0.06079514799020715 0
2943 0.03592470459568679 0.01884960636141592 0
2944 0.03922110699023384 0.0312179128756701 0
2945 0.03576161044985258 0.06691228315747966 0
2946 0.03621506569653787 0.02552237561424368 0
2947 0.007159859537614584 0.03397451530667394 0
2948 0.008142194306133615 0.06813053578630394 0
2949 0.009914128661354778 0.02756213110665484 0
2950 0.03228992289543058 0.06621791190377369 0
2951 0.009194383280291181 0.02457274376344129 0
2952 0.01594014762324689 0.01960252287499101 0
2953 0.01124268665003344 0.07918086615749981 0
2954 0.02153462251148409 0.03312102492035532 0
2955 0.002801586996331491 0.04319865334739856 0
2956 0.02765336924349522 0.0420669204055753 0
2957 0.02681451483848667 0.06810005040074167 0
2958 0.02764622181578877 0.04406200788543532 0
2959 0.02926486539019606 0.008772988962349539 0
2960 0.03491056404103426 0.06050407533454295 0
2961 0.03353011313400944 0.01161804182173734 0
2962 0.01649728035365559 0.03174407933854415 0
2963 0.02211604794613787 0.07325788587228012 0
2964 0.02136022263061315 0.07913425238124802 0
2965 0.007108200635267356 0.07487909486426653 0
2966 0.02163133030297348 0.01765638888935874 0
2967 0.0246051437469727 0.05677668228864168 0
2968 0.01952959771772818 0.07255216720031338 0
2969 0.003323721557523238 0.06992764154597465 0
2970 0.0317356371452189 0.0113812617645925 0
2971 0.01843866062031388 0.006859446921484665 0
2972 0.02944898623642084 0.009621563728826697 0
2973 0.02308449937051158 0.01703961806589143 0
2974 0.03609518456542211 0.03105152388726821 0
2975 0.02554043931511556 0.0421936116449363 0
2976 0.03045502798917529 0.02124824694563649 0
2977 0.03054474833655083 0.06660996629018673 0
2978 0.03910329161553447 0.03385589397055368 0
2979 0.02691794809082839 0.03507037172603882 0
2980 0.009705804085437812 0.06902537235823777 0
2981 0.03922324278806447 0.003953355668561365 0
2982 0.02933024943951481 0.0540083547568606 0
2983 0.03447020136210896 0.07406276772434967 0
2984 0.0252343299501453 0.02897719948114409 0
2985 0.03309927848880363 0.06201496667211817 0
2986 0.004040078049953103 0.05154908474143734 0
2987 0.0377095069077947 0.0152589384527093 0
2988 0.006847245956942995 0.03584959376440326 0
2989 0.0008447773086359515 0.07914688467921695 0
2990 0.02427100388153616 0.07932564341476531 0
2991 0.03548156493865366 0.04994887243698055 0
2992 0.03053629614204188 0.06299161895110213 0
2993 0.02782016086742132 0.00775779571379414 0
2994 0.006313378227471883 0.04119637922929936 0
2995 0.02379267768136829 0.06649116623331432 0
2996 0.02234449292563431 0.06916087897267975 0
2997 0.001908856679171088 0.07091406293248974 0
2998 0.004926174243313677 0.06497791275709931 0
2999 0.01796635901436622 0.04395032061151841 0
3000 0.01077582178866229 0.06405553532765777 0
3001 0.008945248246431342 0.05625218330197433 0
3002 0.01754367769938474 0.01264602630921841 0
3003 0.007453904748529945 0.006256710724011405 0
3004 0.02007271586952221 0.0008706652049970051 0
3005 0.01487708281809003 0.06379361975056072 0
3006 0.03910958626540734 0.05675271299229182 0
3007 0.02601857732584702 0.03732622331390777 0
3008 0.005418276292909464 0.05183732263657172 0
3009 0.006145450522085288 0.02781815217220011 0
3010 0.003372826247200623 0.009363539131192134 0
3011 0.03632125153712348 0.01332220597567326 0
3012 0.01714729495551398 0.02384635272449171 0
3013 0.0253432713530499 0.03569339397781533 0
3014 0.007980738934147105 0.0151279063799546 0
3015 0.03551659305430967 0.05692207864003027 0
3016 0.0234763742141929 0.05742617146993925 0
3017 0.03909553188973464 0.07793210606534336 0
3018 0.005866141429843111 0.05944403842430627 0
3019 0.005580501219187654 0.07546868158072528 0
3020 0.01423408228670409 0.0510104102570887 0
3021 0.03750998264159268 0.04880004856777117 0
3022 0.02200731413298051 0.06054120825950338 0
3023 0.02242035629392448 0.01531815731993221 0
3024 0.02852101094148483 0.0331515749397385 0
3025 0.02175811928368538 0.02523605043550407 0
3026 0.0007342098789401251 0.003282968264051826 0
3027 0.02331562585645316 0.01098901753408798 0
3028 0.008149987249497583 0.03507999803376466 0
3029 0.004413209720589895 0.07775427844258284 0
3030 0.0007287809986117957 0.03802592786834981 0
3031 0.008381562803103024 0.01399177328512946 0
3032 0.03497039709761476 0.01005447183604881 0
3033 0.0007860439733191199 0.007831439537727775 0
3034 0.03216087280404478 0.04772653256383107 0
3035 0.003375304637835509 0.06038716051850725 0
3036 0.03813954285631894 0.03905592282788262 0
3037 0.0379321547519783 0.06506262669037358 0
3038 0.01814477297106036 0.06400702728145791 0
3039 0.03281284691187018 0.06936269299423442 0
3040 0.01705077217072204 0.06496204673692049 0
3041 0.006146885630576176 0.007129138659438955 0
3042 0.0007521632387772516 0.06672057030061398 0
3043 0.03209005091619722 0.07208562926957719 0
3044 0.01145636274551939 0.06124484944516861 0
3045 0.02297593476607192 0.05346835289034416 0
3046 0.008254396619391794 0.03718737411403627 0
3047 0.01149579508484941 0.03376048634403675 0
3048 0.01793260925366425 0.03097955804781773 0
3049 0.03333465798291288 0.03348991176389741 0
3050 0.01507535260789885 0.003758029996108081 0
3051 0.02453533741631887 0.0299871275686427 0
3052 0.01454648015378879 0.01095068784919491 0
3053 0.03930413260763702 0.005365999488302443 0
3054 0.01887418522059528 0.06283994580848146 0
3055 0.008497130431825812 0.05003157270449127 0
3056 0.003893508724097852 0.06319594913584269 0
3057 0.008124480266395359 0.01994333046664749 0
3058 0.02978243655497012 0.01999583973777598 0
3059 0.02467926499001693 0.0612305646470753 0
3060 0.001915490099812272 0.05944373282765786 0
3061 0.03347607771636595 0.05797754424514787 0
3062 0.006137700950899983 0.02612609279713103 0
3063 0.01426612705401187 0.009178336368504039 0
3064 0.02030575838928409 0.07481317439369128 0
3065 0.03776220020548776 0.04465889979184866 0
3066 0.01266081258912044 0.06832125611081863 0
3067 0.03918232040933624 0.04575769628375022 0
3068 0.02630715062475585 0.02662873572894674 0
3069 0.01392762445336012 0.00500615846169019 0
3070 0.01636508278822955 0.005796403926185294 0
3071 0.03049672627894572 0.06414228248150523 0
3072 0.0107781106887818 0.03690904194433342 0
3073 0.002227922822295822 0.003260066068408639 0
3074 0.03067558987946037 0.05723086521924408 0
3075 0.01464463222500427 0.001038660886395128 0
3076 0.02408621956212773 0.06245868456762902 0
3077 0.0127052095650486 0.01360333169001336 0
3078 0.00566774434054455 0.07436717904608006 0
3079 0.03919867577977733 0.01970903587412384 0
3080 0.03320648812191913 0.07796268658825073 0
3081 0.02686039197247906 0.06421352909618913 0
3082 0.02412852610552858 0.04707556731555795 0
3083 0.00407841082402902 0.04165691212534804 0
3084 0.01047110931285442 0.03139984469080032 0
3085 0.01024032643427077 0.009332349424968168 0
3086 0.02890574787130699 0.04124513425488203 0
3087 0.004542590225494112 0.02141674166801584 0
3088 0.03462861452756875 0.07274081681994315 0
3089 0.02344739601319962 0.02556296138980311 0
3090 0.02705133393878401 0.01505610404291416 0
3091 0.01587910881685368 0.04668819173379093 0
3092 0.03209160143303239 0.06739858481545916 0
3093 0.008361294143343554 0.0009253249006172873 0
3094 0.03421542200201893 0.01311518485080113 0
3095 0.0006636857407523802 0.01780681777130423 0
3096 0.03606906298776002 0.01477251844351501 0
3097 0.0007217211660222669 0.0264723884177922 0
3098 0.03420980685203404 0.07929795388637222 0
3099 0.00347637340317632 0.0792372060254021 0
3100 0.03261823289376337 0.000620125471450475 0
3101 0.03923433406216018 0.04032736657706479 0
3102 0.01724087718146742 0.001988535034747704 0
3103 0.02213819966223289 0.02264665585652025 0
3104 0.006711156780672443 0.01166374849181449 0
3105 0.01971178736109092 0.03125365192767476 0
3106 0.02425384954306816 0.07638926545286848 0
3107 0.007982606579926808 0.01300350946716432 0
3108 0.02430342430742346 0.03333350408796473 0
3109 0.002997034696249689 0.02901788759955114 0
3110 0.003029877049885547 0.02092195715632938 0
3111 0.01673463250929244 0.007563190410879911 0
3112 0.01803665748226787 0.07919311649790782 0
3113 0.00907218954904934 0.05757214078240406 0
3114 0.02340489511367205 0.03916780488356437 0
3115 0.02154061535264505 0.002295836368550824 0
3116 0.03804426990572772 0.05611641633197218 0
3117 0.02371754456982883 0.004077703069981425 0
3118 0.0072325147100663 0.008919896448115899 0
3119 0.008389228612848066 0.04917170594887045 0
3120 0.02204660143117288 0.05357946845688377 0
3121 0.01674761691555859 0.01744356288539882 0
3122 0.03170127165182324 0.06421505323010464 0
3123 0.03323369573469067 0.03256690694967272 0
3124 0.02343129281206592 0.01917002269610811 0
3125 0.02519523239073755 0.04664404045458702 0
3126 0.006106835344158554 0.04905208560572487 0
3127 0.0007218753580619554 0.005493530266333084 0
3128 0.007747080082567286 0.05150305036811053 0
3129 0.008582556233074785 0.05175144309734203 0
3130 0.00696515472432732 0.05173670571129761 0
3131 0.03297843724526279 0.05729191847093965 0
3132 0.0206215956519838 0.02642693275350693 0
3133 0.01770349163333491 0.06651419573106446 0
3134 0.01705302988684884 0.06968903270877502 0
3135 0.01743429169495428 0.07492151403214711 0
3136 0.0007694664505714238 0.07387632760054241 0
3137 0.01372962550782825 0.04242659006622297 0
3138 0.0154479934214935 0.0180947988975715 0
3139 0.01274018391419069 0.02657563293608761 0
3140 0.01880357954941664 0.03333252478063394 0
3141 0.01810811732048866 0.03368125600421529 0
3142 0.0138205549438713 0.06251453689310937 0
3143 0.006200582116400725 0.01714783547238337 0
3144 0.03093924288713949 0.01091877619195571 0
3145 0.03664880470606376 0.03639848676095732 0
3146 0.02289824227791519 0.03582028474078309 0
3147 0.03315337142574086 0.007637654167551779 0
3148 0.02031095645335015 0.04876761657387246 0
3149 0.01488888772741263 0.01231202037285813 0
3150 0.02222277046904452 0.05846099525542338 0
3151 0.008835446541785068 0.01780102426657271 0
3152 0.02465436245882922 0.0737975196720346 0
3153 0.03357690677369372 0.05222216972698006 0
3154 0.02260173998775204 0.04956048652782874 0
3155 0.006127250650530044 0.05410078470869154 0
3156 0.0355389162537393 0.06290927803426917 0
3157 0.02975235876195961 0.07933664456218041 0
3158 0.001991625961634682 0.03485247161127074 0
3159 0.01327861425357332 0.03809220712833597 0
3160 0.01495840787907349 0.04393412073859324 0
3161 0.03059737631907644 0.002006794794543881 0
3162 0.03353362877113344 0.04680666305124991 0
3163 0.036402436498376 0.03232163703133329 0
3164 0.01061235505866331 0.05950476843180716 0
3165 0.005084198633033962 0.02502675025442987 0
3166 0.001941062547681952 0.02507701663385397 0
3167 0.009837340103504576 0.04990168863605557 0
3168 0.01735235831504873 0.02547156990024307 0
3169 0.02454695339320537 0.01814388277490571 0
3170 0.02173034418035218 0.06434713688475456 0
3171 0.01237884722169877 0.03232088391562636 0
3172 0.009974012238673044 0.06681285929005981 0
3173 0.02211647771208457 0.01176733087102242 0
3174 0.03187073568476304 0.07488569231277591 0
3175 0.03616838754765836 0.005973854916403197 0
3176 0.0006688726964974474 0.03580643382745414 0
3177 0.0007381255439353578 0.05678830357796888 0
3178 0.02667933111677663 0.06328767797053134 0
3179 0.02764647221306216 0.03703634966671453 0
3180 0.03679551609897666 0.05203864627436696 0
3181 0.00345898454298443 0.0363733124600568 0
3182 0.03174424606379973 0.02239103857873997 0
3183 0.001966093543871294 0.0792434867075239 0
3184 0.02564953794236823 0.04811579330997524 0
3185 0.02076914405211759 0.06538634069234815 0
3186 0.01069646192830817 0.05616568479617496 0
3187 0.01150065701751104 0.05298248214975694 0
3188 0.005190594866940656 0.05452149814225674 0
3189 0.03756830603125183 0.06828723586211874 0
3190 0.008633095980316412 0.00968689825473372 0
3191 0.004225235691837113 0.05522370772264963 0
3192 0.03446897772725618 0.04141086358400965 0
3193 0.02862192455907834 0.0557649049859149 0
3194 0.03279890975902539 0.02874039755706674 0
3195 0.03344258255079281 0.006788488104380569 0
3196 0.03188678859126934 0.03442653194922855 0
3197 0.03507779148173185 0.02045089899050071 0
3198 0.03286707270346879 0.03572218023085114 0
3199 0.02568659021543006 0.05288667418358554 0
3200 0.02612220476152355 0.07912049569754365 0
3201 0.0052495971359066 0.04762553179106512 0
3202 0.01646021975435069 0.02632835382594709 0
3203 0.007454369644372814 0.05367236856641124 0
3204 0.008945192163385284 0.04074898979781551 0
3205 0.03440309739517515 0.01207010995091088 0
3206 0.03003887296926817 0.04824802773428176 0
3207 0.01171303970677918 0.07315861468828191 0
3208 0.03452666217913533 0.02107457778215164 0
3209 0.01386545710414345 0.05185060934039658 0
3210 0.005560945243624294 0.04136191111508236 0
3211 0.0008264434785438257 0.009400595287766555 0
3212 0.02271784002552204 0.0756762444140389 0
3213 0.01960516727138114 0.075343864030628 0
3214 0.01688612239273311 0.004338475520561109 0
3215 0.03680271420899292 0.04004518747305356 0
3216 0.004098281631503439 0.02070053252999119 0
3217 0.0372627481859831 0.04270470473331743 0
3218 0.01898142295442703 0.04889432553618994 0
3219 0.001972354463819576 0.0007388880827432012 0
3220 0.0190260267442253 0.07809262994498936 0
3221 0.03323142234718215 0.03484559337723812 0
3222 0.03250000874415273 0.05330090792025966 0
3223 0.03821949357920275 0.004234798584993128 0
3224 0.0007834278675261097 0.06087255006587894 0
3225 0.02853709637713447 0.005321110771001718 0
3226 0.02936879607075053 0.03062490881185996 0
3227 0.02968361743011931 0.02286105057479325 0
3228 0.03419001334348872 0.04911103821590167 0
3229 0.03929964023489096 0.01042785640821877 0
3230 0.02832985529467956 0.04808868383318744 0
3231 0.02318771136818921 0.04081457044073182 0
3232 0.02367542729786635 0.02697121656046027 0
3233 0.03820751908383844 0.0678396780114872 0
3234 0.02508569968618092 0.0007064229760233645 0
3235 0.01083212247205075 0.01498376464409167 0
3236 0.02366331564801552 0.01394846773219495 0
3237 0.01852219387681224 0.02012408174739005 0
3238 0.02107067265099716 0.01920249695063776 0
3239 0.02701306050360058 0.06677218706888975 0
3240 0.003593565140294162 0.03971087702655247 0
3241 0.03684550080976805 0.07774441164903906 0
3242 0.01716570313311786 0.03510179363887082 0
3243 0.03265265494256444 0.04903734861845898 0
3244 0.02233403964370483 0.01834100534129066 0
3245 0.01867470731694529 0.05551767053260011 0
3246 0.009751657041658021 0.02381643858413884 0
3247 0.03119560284460323 0.03177816156988343 0
3248 0.01049712419736585 0.07518889700623568 0
3249 0.02194914626311504 0.009040749861534043 0
3250 0.02262316338434044 0.02841336767925463 0
3251 0.03374258445718234 0.0684405712951114 0
3252 0.008145476150139101 0.07680885085556372 0
3253 0.01989060173224171 0.004631733174381418 0
3254 0.01679601012087297 0.06832008629024425 0
3255 0.003256817748005361 0.07776464520256514 0
3256 0.02796759817574557 0.05162654081955979 0
3257 0.01430681477647794 0.02566638618174322 0
3258 0.0367001592116999 0.02039516734339156 0
3259 0.02828351660607579 0.04273043802634961 0
3260 0.001892834333717293 0.008272803548415079 0
3261 0.03467753587948458 0.02488015553577357 0
3262 0.007287847693190325 0.07766866102997715 0
3263 0.00738052438058227 0.04813077718931916 0
3264 0.03925931838990362 0.007641996849139861 0
3265 0.03814816913318159 0.03744948765928469 0
3266 0.01132226043737648 0.06895163040734865 0
3267 0.03814759549121446 0.02879719730396181 0
3268 0.0008095053002877724 0.02388057418723979 0
3269 0.01143798381029288 0.02050705616191853 0
3270 0.02333470452095682 0.03641433134986347 0
3271 0.0267978231030063 0.06563496841265135 0
3272 0.03932305234919525 0.001793343677947798 0
3273 0.02871199316919058 0.054512543094344 0
3274 0.0007176960561573534 0.001857699878635349 0
3275 0.03913739690071828 0.0741984414582909 0
3276 0.03668336440044091 0.05503002300792029 0
3277 0.02237779085273127 0.05210445685844172 0
3278 0.006199169094025136 0.0768935793191112 0
3279 0.03699231727639045 0.0233801237142046 0
3280 0.01407103745114599 0.07424454910918121 0
3281 0.0348803748819554 0.04691118033147152 0
3282 0.02188291458662362 0.05446946630954374 0
3283 0.02043609095406833 0.0216875775717665 0
3284 0.0007294168170090994 0.06813049654100825 0
3285 0.01099855966173015 0.003756687999547662 0
3286 0.0240830126301585 0.0420042395365418 0
3287 0.0261594464023719 0.005016122574642214 0
3288 0.02417688802226273 0.01960351112681177 0
3289 0.02525540176450299 0.01530580886550916 0
3290 0.02444189794556628 0.0280216209172498 0
3291 0.0291876225855494 0.06876041311821907 0
3292 0.03129714912193174 0.0248233403443773 0
3293 0.003072547964531835 0.04547930645940986 0
3294 0.008914034174029143 0.01239449542496715 0
3295 0.01498820943902322 0.002864253220890595 0
3296 0.0299894606609727 0.03229328152739255 0
3297 0.004624723568656848 0.003375836188306898 0
3298 0.006239192077200407 0.04466882836851892 0
3299 0.0245151503313211 0.005105970508069768 0
3300 0.0113949251532104 0.04460638336155352 0
3301 0.009835902006028113 0.02906087246164546 0
3302 0.03919620096192707 0.03228958036031188 0
3303 0.01377277317198462 0.04466952882854401 0
3304 0.03828817508432091 0.01986227501037534 0
3305 0.007973165403082077 0.05618382629946128 0
3306 0.003572637231512233 0.006411434312008059 0
3307 0.01556192408325892 0.0366745910194029 0
3308 0.01591247903025059 0.02926595258809067 0
3309 0.03518154556025752 0.04050400156420562 0
3310 0.0275503352653323 0.07516344610124251 0
3311 0.02588247634296485 0.04048162400374784 0
3312 0.0006374024223460527 0.02786971155903942 0
3313 0.01816756822110314 0.0478571269501159 0
3314 0.03937737303682244 0.02898249799158065 0
3315 0.01671922169267766 0.0470903586506709 0
3316 0.02866314501417692 0.001760094935877615 0
3317 0.02153490083224761 0.07383837278730061 0
3318 0.004632338444843676 0.05333821509103553 0
3319 0.03278833483035343 0.01400683743576154 0
3320 0.03439342731358888 0.06582637988119876 0
3321 0.004853056381267427 0.0491609430662954 0
3322 0.03474940646385444 0.047751681214281 0
3323 0.03066119360847686 0.05800314870870327 0
3324 0.01244172000803608 0.04733781495338654 0
3325 0.02906112726978956 0.02900095728831165 0
3326 0.01598055309293897 0.06028000904049034 0
3327 0.03770808727224706 0.0255084464562081 0
3328 0.004311631047539208 0.008367371418375777 0
3329 0.03916331741085373 0.009301140139238231 0
3330 0.03557561150894949 0.07461762065810515 0
3331 0.03053386116248402 0.07090248556477301 0
3332 0.02812086973588011 0.01785923840697251 0
3333 0.02212125762078768 0.02686634754525161 0
3334 0.00191273341073055 0.03015946144270874 0
3335 0.006903645771708305 0.05811605741615229 0
3336 0.03621772390334733 0.04541642751149513 0
3337 0.01006669139833818 0.03058020281997971 0
3338 0.02196152284155406 0.03450225092300124 0
3339 0.03042631004721942 0.04108364669982336 0
3340 0.0379854393617642 0.02231981681860605 0
3341 0.03037279354034032 0.004994636360663135 0
3342 0.02667023201574371 0.0171233671433077 0
3343 0.01351928599071497 0.02033510008502086 0
3344 0.003561777039555361 0.05641385668914038 0
3345 0.002728518565738247 0.05498556282938645 0
3346 0.02917045355907646 0.0637449421375038 0
3347 0.01113112144759544 0.04538959656593115 0
3348 0.02270341053853089 0.03183723958404034 0
3349 0.02337588634311221 0.03151672287321929 0
3350 0.03522230874788039 0.02209162522301787 0
3351 0.008884521054287412 0.02769537297082313 0
3352 0.01239515563687685 0.003269163342357807 0
3353 0.02814928683121683 0.02266743101162504 0
3354 0.01808483534532238 0.06777302808448273 0
3355 0.02278384779373875 0.06533173798235313 0
3356 0.01707392244254215 0.02002621758533987 0
3357 0.02011105293274209 0.009081371894914377 0
3358 0.002088897752591006 0.06542279703465444 0
3359 0.03618935350117596 0.07641988597195526 0
3360 0.01753676864715703 0.02936969005311707 0
3361 0.0367344068739355 0.03720560433089673 0
3362 0.01659873795099337 0.05768411433509942 0
3363 0.0006740465455190928 0.01062696937582634 0
3364 0.008174469226618389 0.03340930695862426 0
3365 0.000722622101409158 0.01561209152533656 0
3366 0.01111703448581116 0.019685985124869 0
3367 0.01258244465061678 0.07834905747656398 0
3368 0.007878710548947659 0.00730858622750117 0
3369 0.02782630265670291 0.05600040590466327 0
3370 0.03921139032986246 0.06927450291483145 0
3371 0.0335863580180769 0.04523046646676733 0
3372 0.008714455479481183 0.0643994411138154 0
3373 0.02870309378243787 0.05967436407191809 0
3374 0.03823590887195061 0.07781268924457903 0
3375 0.01706618002480702 0.06148806690694883 0
3376 0.02636568619817596 0.0561126223704586 0
3377 0.02646666373920242 0.05687440841940094 0
3378 0.005657919022870009 0.03449806727454029 0
3379 0.03660274972831723 0.05587428870135441 0
3380 0.01445146852300381 0.06105536115341718 0
3381 0.01266937072594682 0.01268028608211329 0
3382 0.01173894489295969 0.01724085938288083 0
3383 0.03375079623822166 0.005210320200573389 0
3384 0.0007624589520930404 0.0007534737105764078 0
3385 0.02352297998308807 0.078000788867989 0
3386 0.01305248955910372 0.0649930604445033 0
3387 0.01291905854830746 0.02515627414889207 0
3388 0.01232852954024818 0.004766664252803955 0
3389 0.006995083113460244 0.06672866031776865 0
3390 0.03032603704657663 0.01847329733420319 0
3391 0.01359291902008564 0.003371958983661751 0
3392 0.02389598823183385 0.07527174742784901 0
3393 0.02932663675968473 0.01608187666111359 0
3394 0.003553274736373929 0.01171883651337289 0
3395 0.01359225291725136 0.07939744328136139 0
3396 0.02225515237575117 0.04197811174813204 0
3397 0.01708222070701979 0.07148034346465043 0
3398 0.02062842543137646 0.02907804935235198 0
3399 0.02706821889996661 0.05814041525560354 0
3400 0.03490324903263001 0.04291075309891425 0
3401 0.01367661204006893 0.05817826958275455 0
3402 0.01628955944883829 0.04413290836805679 0
3403 0.01337313041782966 0.06076506312233503 0
3404 0.01058771354065532 0.07432057940765277 0
3405 0.001863398547382492 0.02801367811122061 0
3406 0.03055336387235062 0.07254768943038806 0
3407 0.004307548141961541 0.07925223514879901 0
3408 0.02404601216012511 0.0341469266731644 0
3409 0.02824002986280792 0.006458524517975447 0
3410 0.006360276652540693 0.03097609478272889 0
3411 0.03899465229307371 0.01279028482311785 0
3412 0.02780398577286333 0.01363453075849333 0
3413 0.03408991749551184 0.05635143714911366 0
3414 0.03341414856768726 0.01577651220260669 0
3415 0.01905521801065512 0.07665400386514892 0
3416 0.02477252166206832 0.03159621026373972 0
3417 0.008936328208131863 0.04777206345469291 0
3418 0.007657723150574154 0.02280067049955502 0
3419 0.03626751925494023 0.04110164623251158 0
3420 0.013474530215672 0.0240438796141308 0
3421 0.008596737195750119 0.04561235712206357 0
3422 0.01029462614703208 0.07924295684268276 0
3423 0.03139962495250907 0.07413556808678506 0
3424 0.00698950819558886 0.03754643059295557 0
3425 0.006092879082651711 0.02514893017353381 0
3426 0.01944067517580651 0.02390451456866427 0
3427 0.01468010098967372 0.0378182674912604 0
3428 0.02788851597073283 0.01473686596839938 0
3429 0.02920706690576443 0.01455039681734781 0
3430 0.03779507298605278 0.01033297929775075 0
3431 0.00740536353543203 0.07188204908897688 0
3432 0.02023562927024133 0.07397364363708002 0
3433 0.02752674302496514 0.04619851790578231 0
3434 0.03942867108063015 0.05056534651399333 0
3435 0.0006462420919323558 0.02137707274083806 0
3436 0.004104278463746731 0.04807375546555921 0
3437 0.03095888032391457 0.03826871021275484 0
3438 0.004650955659800469 0.00184886596678651 0
3439 0.02330594948743133 0.005902516147307205 0
3440 0.02900131200396085 0.01341469786078755 0
3441 0.005803234736895497 0.05679263138175032 0
3442 0.005008460067104479 0.02426713601567811 0
3443 0.02324106268213152 0.07672799691768109 0
3444 0.01862555396350313 0.03036957076297881 0
3445 0.0008540502789426349 0.05838551823362163 0
3446 0.02111825792773225 0.04790260933251973 0
3447 0.0246148933406515 0.006737086972806908 0
3448 0.0170500557147637 0.02996498918285307 0
3449 0.01860933337567358 0.06134329566722177 0
3450 0.0106465504711091 0.02668539652909351 0
3451 0.02784350272433322 0.02981119595482112 0
3452 0.00994012129173707 0.03970546828332436 0
3453 0.03331135632480015 0.02020747513236198 0
3454 0.02051210579756655 0.03918200926979262 0
3455 0.01600142057538183 0.04571676756045118 0
3456 0.001719751911240994 0.01526257082643881 0
3457 0.02512248084458542 0.04585807242439702 0
3458 0.02544642465807995 0.05517090400612718 0
3459 0.03497536876997252 0.01759384883410513 0
3460 0.0101026563831582 0.03447436117835502 0
3461 0.0006248070570975227 0.04441601350324727 0
3462 0.01526322154302833 0.04780180180496642 0
3463 0.005066813870349412 0.04250660240930367 0
3464 0.03679515000906446 0.06795832754236253 0
3465 0.01151854184173089 0.02547327670296331 0
3466 0.000693990944928724 0.01191574954876944 0
3467 0.02110751507941377 0.07602493336134547 0
3468 0.02582684077451063 0.07707383619562475 0
3469 0.0105623544669872 0.02514964590111575 0
3470 0.03347141110412336 0.0007837588360581071 0
3471 0.0282350051888821 0.06248132211500624 0
3472 0.01117468873025101 0.002701684794352864 0
3473 0.01524134577915161 0.04526429913864517 0
3474 0.03101461361118223 0.05042432654543328 0
3475 0.02396765205473125 0.05683326478184095 0
3476 0.03274824127353784 0.04819362107228967 0
3477 0.01809236662062422 0.004135104461823941 0
3478 0.009033163494664683 0.02926472490993781 0
3479 0.02627385321249631 0.04860507616323344 0
3480 0.03055345846567578 0.06937440716013994 0
3481 0.0372296258097073 0.0180576634151908 0
3482 0.01560181676955216 0.06513852880837083 0
3483 0.001661724412876736 0.0695852260732399 0
3484 0.02116812334271508 0.01027335992773982 0
3485 0.0006766779025670216 0.07618207645611587 0
3486 0.02651242214905158 0.01275037611225031 0
3487 0.02245335621068813 0.01665192186630136 0
3488 0.03823223549314068 0.01597526253262705 0
3489 0.003535624114578681 0.06468195131204951 0
3490 0.01060298241763309 0.05448519024220606 0
3491 0.03493536661368979 0.000702991919609576 0
3492 0.01183095175766691 0.01451899714219774 0
3493 0.02709601230565395 0.05563704075006221 0
3494 0.01961387733667586 0.02290809921077135 0
3495 0.03933266971986885 0.05849501397667216 0
3496 0.0336988466595267 0.04002541026592251 0
3497 0.006308497624704416 0.01515691634173197 0
3498 0.01223564979339956 0.01779710830442731 0
3499 0.01510751462924596 0.07676002882853934 0
3500 0.03655547088060151 0.0006737521494006513 0
3501 0.03933870962635308 0.05327079957069854 0
3502 0.009243693590019987 0.02628577327280783 0
3503 0.01438740626232526 0.05243040152573131 0
3504 0.03312550126714566 0.002255806584941462 0
3505 0.03175597853851782 0.007304387859835074 0
3506 0.02240296194668467 0.0008181969537845446 0
3507 0.02232933066324604 0.06823609524818874 0
3508 0.03409226827782085 0.03499636832515461 0
3509 0.02488748715406548 0.01889646609202984 0
3510 0.03775513934118773 0.06660544956268333 0
3511 0.005669041881328406 0.06277816307794883 0
3512 0.02207845927472953 0.04412999481234467 0
3513 0.03930676348050872 0.07680957670389138 0
3514 0.01627957805198946 0.01241195769927708 0
3515 0.03073451626409924 0.01964156694563923 0
3516 0.01994589610249741 0.02835953327357525 0
3517 0.02721217515019107 0.02574377807795454 0
3518 0.022296915312869 0.02470136086873495 0
3519 0.009122895758070475 0.06204205907355167 0
3520 0.01212172828502679 0.02495129669252161 0
3521 0.006839751886730902 0.07340785524180572 0
3522 0.01607810261418437 0.02123641109636596 0
3523 0.01059960278605735 0.0676591890627177 0
3524 0.00308140378011014 0.06305198351787263 0
3525 0.008881308486279943 0.07716787146389104 0
3526 0.01540750880345063 0.008275403239748028 0
3527 0.0227105634150388 0.0793175251200807 0
3528 0.02052890352527822 0.01997145607042258 0
3529 0.03565715789368581 0.07839125737020039 0
3530 0.02482167174648366 0.04092610167292198 0
3531 0.03151227301162591 0.01230274072760702 0
3532 0.009181244494161482 0.04500048637156544 0
3533 0.009654605118297055 0.06549003360700603 0
3534 0.003009092108416954 0.07681968175494001 0
3535 0.01605353419893107 0.03759115925792786 0
3536 0.02405677308458507 0.01244242147544164 0
3537 0.006542054459912992 0.07424977579365254 0
3538 0.005319732816253326 0.02140848061692725 0
3539 0.01964315388320063 0.04395947547055948 0
3540 0.005276874694358828 0.03586737145686598 0
3541 0.02682270134417434 0.04980685689640157 0
3542 0.01109919512546186 0.07194070343801429 0
3543 0.03270377115882753 0.01786805057173153 0
3544 0.03450955708328304 0.05700345434554296 0
3545 0.02765178905459015 0.01637274915151022 0
3546 0.01616819044294628 0.01073545832583243 0
3547 0.006043400474142566 0.05816816260271768 0
3548 0.02972581743596544 0.04986334261498156 0
3549 0.01605254561600807 0.04830711271871101 0
3550 0.01260052104258309 0.07116258531815953 0
3551 0.0337381982035027 0.07654935540455776 0
3552 0.002253844177554237 0.04062108047044161 0
3553 0.01925833107080012 0.02885798177991215 0
3554 0.02434209129649605 0.06707295204773465 0
3555 0.01735790966798341 0.07417550173985807 0
3556 0.01651428147269 0.04339542531470783 0
3557 0.02723345729890867 0.07359577865100903 0
3558 0.01819785738145977 0.07324406248116884 0
3559 0.010433772614718 0.04835805336044366 0
3560 0.005863454922879801 0.03807500518913866 0
3561 0.002893208493176536 0.06195347350740633 0
3562 0.02798828298148602 0.00902482296784371 0
3563 0.03204998556891533 0.01638082467336574 0
3564 0.01162731292368789 0.02747987013933496 0
3565 0.02083794682768927 0.04385975906954429 0
3566 0.01499232342023257 0.0399220253756988 0
3567 0.005876693951311105 0.002883291505033858 0
3568 0.0180040501865952 0.0707589910325197 0
3569 0.03248875268949113 0.06146690399724807 0
3570 0.007151553212723814 0.0705885265348235 0
3571 0.01441158666490467 0.0339355985948377 0
3572 0.007416789049255027 0.02973880159905314 0
3573 0.01394635789751386 0.0275226438243696 0
3574 0.001822751883603022 0.05011125037023549 0
3575 0.03923515112058375 0.06561796380406244 0
3576 0.0007456156790917358 0.004108338285919333 0
3577 0.03383122976829384 0.06488322770849045 0
3578 0.03515204924568899 0.04496711126954419 0
3579 0.03197301911205871 0.009801115094612227 0
3580 0.02076606219612556 0.03341698953301851 0
3581 0.01762868612931422 0.04313954087976138 0
3582 0.01627916613120624 0.07710473579189636 0
3583 0.01080364276570143 0.03832637351955421 0
3584 0.03332623960454438 0.03690448603659993 0
3585 0.005402545298087588 0.01299620700427882 0
3586 0.007383777235879791 0.06433229220763623 0
3587 0.01258872661587606 0.0005562100639838197 0
3588 0.0311637350360398 0.005306134499627656 0
3589 0.00397846850898036 0.01058209927345994 0
3590 0.02013024699783776 0.06964596568039032 0
3591 0.01699312600198219 0.03252453064218049 0
3592 0.03918171066514003 0.07047085785051707 0
3593 0.03040626853466244 0.03970729646309042 0
3594 0.02599147161978316 0.04379361660490864 0
3595 0.03308709766046027 0.05040033217694222 0
3596 0.01552606871156198 0.06651459777564296 0
3597 0.00275931060825842 0.00860311343415774 0
3598 0.03811068011958896 0.03632362965941795 0
3599 0.02656317917860069 0.07030255411362298 0
3600 0.007839962726105019 0.04664606279891494 0
3601 0.03653589107386433 0.04409660987517585 0
3602 0.0211897769312977 0.05585328508689068 0
3603 0.03659867224101415 0.07551009040142306 0
3604 0.006928859686818424 0.04222184233336135 0
3605 0.007296809033806858 0.001897214833568306 0
3606 0.0080464840654601 0.06249039183495898 0
3607 0.003683788021584644 0.04686329868322847 0
3608 0.02673713404295565 0.04337203686456407 0
3609 0.02456927863211931 0.04456261604932654 0
3610 0.0173408332614494 0.06280448464389461 0
3611 0.024855861719785 0.05198739498328908 0
3612 0.006709322558346177 0.005223179574075566 0
3613 0.01016801391367931 0.05204137977498801 0
3614 0.03919435400624541 0.05543430247389497 0
3615 0.01340728724473694 0.03987807876579564 0
3616 0.0272157701078444 0.01933708653943579 0
3617 0.001864659692615692 0.02197616744841544 0
3618 0.03340560379623954 0.04957183056904531 0
3619 0.03308642613550612 0.05506236484205732 0
3620 0.03590304656179837 0.07322891627660794 0
3621 0.01575563951602864 0.05050320417130588 0
3622 0.0254537986091894 0.06373829056089643 0
3623 0.009954784577978569 0.07794787509559156 0
3624 0.03663060234127652 0.07939014038667852 0
3625 0.01647116783858324 0.003680128869323007 0
3626 0.007750347545289622 0.05920034900765148 0
3627 0.0264801078794394 0.01864688857151647 0
3628 0.006981862487513056 0.02074740145523074 0
3629 0.001970179923848351 0.01186301245181218 0
3630 0.02651028660002065 0.05213462785275978 0
3631 0.02526801182637935 0.02113961112676003 0
3632 0.004214276290005647 0.005104007467149653 0
3633 0.00310076948123611 0.03831410106227118 0
3634 0.007059182660767861 0.06590034309996939 0
3635 0.03660225801096346 0.06716492289352655 0
3636 0.001603418075229165 0.01916850167165579 0
3637 0.01774889073810132 0.00293483592014273 0
3638 0.02010301493331962 0.03766434616157846 0
3639 0.03214941488746985 0.00193560132767899 0
3640 0.02713669570892653 0.05720463680385088 0
3641 0.003879226050291569 0.01931767521755647 0
3642 0.009016386674122575 0.03513173725755543 0
3643 0.01897305196189039 0.01639686132605606 0
3644 0.03940841343943343 0.06122933138124315 0
3645 0.003693226178305753 0.06170221233323175 0
3646 0.004473603073206973 0.02008524220339697 0
3647 0.01970265530189412 0.01334249267005837 0
3648 0.03568786506690977 0.04196396682965952 0
3649 0.02153903429215401 0.06277340142278838 0
3650 0.01535317757183933 0.05450405886828134 0
3651 0.01724046761649341 0.04875694743751862 0
3652 0.01429952303073937 0.002334691363560661 0
3653 0.006387679542424326 0.06967168644629643 0
3654 0.004492250105247264 0.05927163589126067 0
3655 0.0221995207456063 0.0291346721439083 0
3656 0.01665098596288152 0.07376485193885325 0
3657 0.008034089950668035 0.04143150409361758 0
3658 0.02701293444292518 0.05477775817994589 0
3659 0.03589775318293621 0.05084347130915641 0
3660 0.002160408610677136 0.02367257249027439 0
3661 0.01980721103364267 0.03674514302332459 0
3662 0.03926966116022766 0.07151972537559045 0
3663 0.03809493859487929 0.03477010754791961 0
3664 0.002050731603951264 0.01646312151664 0
3665 0.03467981839451129 0.03986318134422998 0
3666 0.003714514781835557 0.07382368351203317 0
3667 0.009973246687979076 0.06163530866209362 0
3668 0.00852981212594575 0.03995612284273801 0
3669 0.002384382337625762 0.02440918232457304 0
3670 0.03237033570934199 0.006011301324717 0
3671 0.03109480989542185 0.05929400591990433 0
3672 0.02040826142757333 0.05221095360399542 0
3673 0.02899010723028225 0.02397820404953304 0
3674 0.03572455574721879 0.03784495547133895 0
3675 0.02699259299328074 0.04767939969832471 0
3676 0.02742694842652722 0.0223204695753697 0
3677 0.00716581830167811 0.04613352019256034 0
3678 0.01964196343361329 0.07615161940885321 0
3679 0.009285775162311325 0.003035691439301436 0
3680 0.0215659246196613 0.02075091780338913 0
3681 0.02188716511137609 0.06131321576880605 0
3682 0.03934777299315939 0.04263326054790611 0
3683 0.02103603335549884 0.01426841876592782 0
3684 0.02789801984288281 0.0694976677070631 0
3685 0.02825671472670141 0.06887848732319345 0
3686 0.02349007651319266 0.03075725602833277 0
3687 0.01022503564373454 0.05371491857777289 0
3688 0.03424329348431649 0.05783555634544101 0
3689 0.02671967730256654 0.02066195172546561 0
3690 0.03429488722657613 0.02619970213861657 0
3691 0.0283127059147289 0.07667335784960205 0
3692 0.02732864926518344 0.004040107808671353 0
3693 0.03377429186767484 0.05289700033346197 0
3694 0.02052840652467993 0.02555370381748824 0
3695 0.01824425697846944 0.01936812740886015 0
3696 0.03033703307363895 0.05946198043271933 0
3697 0.03613195754532378 0.07400710775166541 0
3698 0.0007316840473113942 0.01649999837861557 0
3699 0.02991378303469022 0.0035038995812256 0
3700 0.00812789352962255 0.03644262138407699 0
3701 0.01952050198048722 0.03376491922788547 0
3702 0.03141321402813392 0.04239034390474749 0
3703 0.03462752731803322 0.0440604612589453 0
3704 0.01230117134604345 0.009279892702508525 0
3705 0.004116594069926489 0.05073312496159839 0
3706 0.02294532179288785 0.01166262618858146 0
3707 0.01673612352582893 0.06410146017852011 0
3708 0.02267413242782108 0.06193290540086595 0
3709 0.03934490144109581 0.05187502564312709 0
3710 0.001730761773435469 0.0316011923647021 0
3711 0.03928371700126709 0.0188451703635158 0
3712 0.018929665368184 0.01502458245776649 0
3713 0.006261027870558496 0.01858042449832383 0
3714 0.03083291275609633 0.02686749074230914 0
3715 0.03284994473367912 0.06519342012118096 0
3716 0.01036892496222592 0.02968356327148988 0
3717 0.004980771060098404 0.07594405463742984 0
3718 0.03456074872810901 0.06835058861715099 0
3719 0.03584281243011381 0.05616973667411373 0
3720 0.01900194783272459 0.01797633783109106 0
3721 0.03139950189008853 0.01355904895058813 0
3722 0.014110226311291 0.04096185652796345 0
3723 0.03781564936508988 0.03195383656115142 0
3724 0.008000028665246062 0.06950641239313136 0
3725 0.02433275042330799 0.001732405014668238 0
3726 0.03213948024530831 0.07936800414749606 0
3727 0.007376368119269488 0.0614743971258969 0
3728 0.01920116026344986 0.06508499844842421 0
3729 0.01023352713256227 0.01329567007435907 0
3730 0.01616343434726019 0.05892498866023532 0
3731 0.003786184823912558 0.01661217607706584 0
3732 0.03058189620951943 0.00662832185260892 0
3733 0.0383166300115206 0.06222847796316106 0
3734 0.03012750748997389 0.07813244232898559 0
3735 0.02618159830577778 0.003366003679487709 0
3736 0.004357146146711347 0.04026992910414769 0
3737 0.03771551299519399 0.0126963407222405 0
3738 0.01299809848600561 0.05290906406975864 0
3739 0.02937644007631291 0.01894046584201173 0
3740 0.008837134998869612 0.0110486628356681 0
3741 0.006234065428758217 0.03943845302764569 0
3742 0.006620340129557502 0.05659941596421222 0
3743 0.01817594135538838 0.06052968328253724 0
3744 0.03438726296993862 0.01687647865583517 0
3745 0.03842036437061398 0.07926585069674963 0
3746 0.01293863887444828 0.002071384930441018 0
3747 0.02173025887248603 0.06960069250224066 0
3748 0.02679712256510593 0.02726721259709282 0
3749 0.01005778269369395 0.07071828491658762 0
3750 0.02942537529684478 0.07597635476857334 0
3751 0.01138883985811342 0.0555012905838085 0
3752 0.03002137112940794 0.05165726144678962 0
3753 0.0159693477484143 0.0409189301729338 0
3754 0.02564039880779685 0.05587472384352218 0
3755 0.02556999860674959 0.062318294906054 0
3756 0.005689926077765398 0.02075445425890677 0
3757 0.0230129766331196 0.07045805143170454 0
3758 0.01540303464475726 0.02203312478925313 0
3759 0.01824583467992174 0.06900941702560875 0
3760 0.02911088373078136 0.03575891160692529 0
3761 0.01965125472355198 0.05531718424199936 0
3762 0.03221237553739259 0.05744990365184937 0
3763 0.01309464121837944 0.02748399210081831 0
3764 0.0005543239639901124 0.03356609115627109 0
3765 0.01431543244234161 0.05323849348873286 0
3766 0.02786971842576901 0.05428539276716304 0
3767 0.03324704135910383 0.06041481583098843 0
3768 0.01580883251778863 0.04011815136899858 0
3769 0.01123941656882676 0.06260793212943835 0
3770 0.01337441983206759 0.05498958904476899 0
3771 0.03005561919274669 0.06022509483604549 0
3772 0.02752253451923501 0.04879115197753062 0
3773 0.0005864255986507624 0.03715718287254129 0
3774 0.01931193639527546 0.0007625389506107846 0
3775 0.03280810447428607 0.03136906508266517 0
3776 0.01160589081403682 0.07411099842937705 0
3777 0.02226783211591202 0.07165747154321532 0
3778 0.02932116192577405 0.05713855399938705 0
3779 0.02080184015037666 0.03556748204204187 0
3780 0.001643277014405566 0.06680431402443272 0
3781 0.03699752691660246 0.07695258856253663 0
3782 0.007775111165297771 0.07618597412713767 0
3783 0.03610623209497232 0.06841107734774288 0
3784 0.003787539899084494 0.07640864364781547 0
3785 0.01736831500888152 0.0579154585332108 0
3786 0.01965043696528445 0.0621614362437731 0
3787 0.02691203193018006 0.05106441156420106 0
3788 0.02718198831287899 0.01795258322373223 0
3789 0.02121925578325637 0.004210986011382242 0
3790 0.02338204041246814 0.07406939833949673 0
3791 0.03704531470688148 0.02692186427616629 0
3792 0.0006972632061980379 0.02929908769933469 0
3793 0.03640496036240008 0.01810811641457949 0
3794 0.007713551592244402 0.05049526037309901 0
3795 0.01966379407851857 0.01410502138323772 0
3796 0.01162029684627972 0.0415243384489955 0
3797 0.009807523407938513 0.0189817838072735 0
3798 0.00477580164444397 0.006386403390096884 0
3799 0.002124499148675966 0.001595583852531432 0
3800 0.01110140623927832 0.05000555339175154 0
3801 0.01677362754100953 0.04109470684416092 0
3802 0.01576856924863523 0.0387994012076225 0
3803 0.03209992927210977 0.03024666313857109 0
3804 0.007173149612456048 0.009604995206804964 0
3805 0.002018417756368723 0.004260437775016154 0
3806 0.01114146926429639 0.07577877309868991 0
3807 0.01082311407125665 0.03457509461429803 0
3808 0.02614934827834155 0.02139571322149961 0
3809 0.03236207274777517 0.01064446981615629 0
3810 0.03810396484413296 0.008218158101478003 0
3811 0.01910979303575983 0.007038617428183937 0
3812 0.002651838583706607 0.03234654416952999 0
3813 0.03738286777233828 0.05161193491549591 0
3814 0.01122473000766915 0.0490713824323631 0
3815 0.01852713037357065 0.05867698551704914 0
3816 0.01107412208477327 0.01834733540099357 0
3817 0.02871171052809591 0.004240755280466399 0
3818 0.02963081611728217 0.06949534379690325 0
3819 0.00343858572587016 0.07549407253566935 0
3820 0.0160379051303137 0.07231761318070372 0
3821 0.02339786264220053 0.02859815403024697 0
3822 0.01378939442291497 0.03655983670604272 0
3823 0.01950161472260971 0.0793662560879722 0
3824 0.02927867590306391 0.03342561440569577 0
3825 0.02302530733244732 0.05263684458215549 0
3826 0.03725935700819729 0.033795562183957 0
3827 0.007284647779103587 0.02510409683981352 0
3828 0.03701156504645431 0.01657701316753633 0
3829 0.004915274882200227 0.007143912570925774 0
3830 0.01146527553090071 0.02889603035611976 0
3831 0.03933716302992563 0.07303206446959218 0
3832 0.0205369649695168 0.03061274631043052 0
3833 0.03679036593037383 0.06209853341872876 0
3834 0.02432225924127719 0.05043956847010008 0
3835 0.01493835968616319 0.009732835235750033 0
3836 0.01417177488249461 0.02176366009560843 0
3837 0.03477324481058791 0.02418846599411497 0
3838 0.005689499918561231 0.07935054533114705 0
3839 0.01904274234158582 0.03886353540112197 0
3840 0.0260218840326985 0.01399327707172923 0
3841 0.03726702310551533 0.004604710673591778 0
3842 0.03585410908669953 0.001801426620500514 0
3843 0.002164983777338893 0.0784193900911313 0
3844 0.0260028581839029 0.03590047877008872 0
3845 0.02671253771530878 0.023496228471254 0
3846 0.01687535163555695 0.008855144977669802 0
3847 0.03795915749541422 0.01186797798294401 0
3848 0.02584486072436299 0.005939693035653254 0
3849 0.03641258828201659 0.06569351919131956 0
3850 0.02496553946348986 0.07298926940250837 0
3851 0.03563193101132014 0.01970049824864504 0
3852 0.00829796664149395 0.05773207227111145 0
3853 0.02948866408705396 0.04067053431700954 0
3854 0.01800305993256759 0.04110464618076832 0
3855 0.0330641143710781 0.07199717727703603 0
3856 0.03562960250372883 0.03882082924510714 0
3857 0.01194724851278984 0.01004138841838894 0
3858 0.01225468729335402 0.0769254105540851 0
3859 0.02554122019426872 0.0108405918624421 0
3860 0.03809187752147455 0.0006431054561838595 0
3861 0.021367793676025 0.0532805256537865 0
3862 0.03465873123980857 0.02811525343425349 0
3863 0.01098422692021193 0.02818670197711754 0
3864 0.02046022250644371 0.007645492908723919 0
3865 0.03925230556641088 0.0162029304405952 0
3866 0.01398239053707049 0.06398412049519933 0
3867 0.03839294014482514 0.07429198782516894 0
3868 0.005694397770147464 0.0369245890466492 0
3869 0.03389287912456815 0.06129013539307123 0
3870 0.03179382122597454 0.05014009621161689 0
3871 0.00321058607890555 0.05917056413077457 0
3872 0.02757019811582043 0.03527200370902725 0
3873 0.01727222455769975 0.05260198494984451 0
3874 0.006085519015191934 0.06420589073014879 0
3875 0.03716383328876391 0.01391943211982658 0
3876 0.01361398256055892 0.07717429398172601 0
3877 0.0006226094164965001 0.04159602975876421 0
3878 0.02692197505491109 0.04512504023552945 0
3879 0.0264709329734573 0.03786450410514312 0
3880 0.0006084248647247256 0.0704088767629811 0
3881 0.01425468294661556 0.06980174949533177 0
3882 0.01564592550598219 0.02463280120374033 0
3883 0.03254497665736356 0.0705809937053118 0
3884 0.02439722944999263 0.05506209912478589 0
3885 0.02416380907924844 0.05436010297056541 0
3886 0.03210477614990812 0.04467597272348507 0
3887 0.01966427240879827 0.06803046633279296 0
3888 0.01315963795880967 0.0752983836445742 0
3889 0.0233633561732132 0.05420746878749616 0
3890 0.009664038075384764 0.0007498518544511168 0
3891 0.007781935491509125 0.07454660426755404 0
3892 0.02170485111357962 0.04564551024732183 0
3893 0.02601076187257815 0.0222637381289641 0
3894 0.03643981018607829 0.04254663324299978 0
3895 0.0006032150045339746 0.07309686275063543 0
3896 0.01094877246158815 0.03911964580312998 0
3897 0.007465084513304913 0.01602013811137862 0
3898 0.03595013146485598 0.01198890888012911 0
3899 0.03943088382909365 0.04406460853129894 0
3900 0.01478432821832859 0.03565545637187399 0
3901 0.001551754887905675 0.03806270914793176 0
3902 0.03150702988643306 0.03865488762659093 0
3903 0.009886850951322388 0.01013800104538793 0
3904 0.02897492261300143 0.02237505988600182 0
3905 0.01467242959825639 0.04893277719040637 0
3906 0.02457174532002112 0.07753559411711741 0
3907 0.02108170527410577 0.04616698894696984 0
3908 0.02765004554161942 0.07118468265455047 0
3909 0.02179528555383285 0.07635346016807196 0
3910 0.005872096136507368 0.004230050206916892 0
3911 0.01569886628700722 0.006182558126927265 0
3912 0.007751587271149399 0.04314552976466554 0
3913 0.03070583483132686 0.04684723291384259 0
3914 0.004650441763308776 0.03798595765642258 0
3915 0.03137072884104065 0.05242210538342974 0
3916 0.01571386262736718 0.03063505591906156 0
3917 0.02581057441519241 0.06678390004457682 0
3918 0.0216820740151545 0.05219298160860546 0
3919 0.003057221046813552 0.05357161817902447 0
3920 0.02425884962731867 0.06513175413630881 0
3921 0.007314079371559154 0.03897462742300795 0
3922 0.006501311889692976 0.05543108022710041 0
3923 0.03413775992958409 0.07005550420839643 0
3924 0.01306129243412824 0.006051551704499745 0
3925 0.002607219724911167 0.01358595875039959 0
3926 0.02442574008402602 0.04776515200549424 0
3927 0.004412727724052204 0.01869207392354762 0
3928 0.0352265095251818 0.0293543590057849 0
3929 0.01430803027730483 0.01522966435483464 0
3930 0.02582914232641765 0.0740123917074368 0
3931 0.00363590126005878 0.0249108560807971 0
3932 0.009224080050459105 0.06691881427613247 0
3933 0.03809424221013086 0.05272900039041407 0
3934 0.02445390993000636 0.06775521348462323 0
3935 0.01831382820169812 0.06606651820595898 0
3936 0.01143582409476393 0.07829998818628234 0
3937 0.03755637367578976 0.07818479189716111 0
3938 0.004206126854438191 0.04353758796548341 0
3939 0.003746874723967855 0.04305721892842825 0
3940 0.01187172591681375 0.04784427998983781 0
3941 0.0006250896860553953 0.04660263738667385 0
3942 0.003568460951495309 0.05479166107912394 0
3943 0.0292026364233669 0.04387342159765803 0
3944 0.03121737366726593 0.0654340426337007 0
3945 0.005417367696204316 0.06851191670268195 0
3946 0.003121168749384576 0.01567565753979721 0
3947 0.02953405548338148 0.004140695227945329 0
3948 0.02724585955942289 0.01155179009001309 0
3949 0.03829301183946902 0.002719940866745943 0
3950 0.0210609338080375 0.03826206113492536 0
3951 0.003118537025361173 0.04085178215571897 0
3952 0.01189433800921805 0.02420433435785641 0
3953 0.01335295454468745 0.06700634290735072 0
3954 0.01655698007404529 0.07929561290834547 0
3955 0.001884979340922865 0.02040673766624569 0
3956 0.01068658066499797 0.04178667372912623 0
3957 0.02302859224237456 0.02044626671648127 0
3958 0.02751921915170063 0.02158345289619655 0
3959 0.03028761798016908 0.04308647044324534 0
3960 0.02388290939236886 0.02049778953037805 0
3961 0.03531490671954025 0.05498242790870174 0
3962 0.02236608696956933 0.01391080636855055 0
3963 0.03012532598947909 0.02846159690660494 0
3964 0.005941883097821354 0.001652929551075176 0
3965 0.01569333450313254 0.07817358427860552 0
3966 0.01921909245784563 0.04324436550286485 0
3967 0.01960461666721859 0.018927032874064 0
3968 0.01042847832573852 0.04089331221847758 0
3969 0.01745723633109143 0.046449566102383 0
3970 0.03611870811679446 0.05461775735398385 0
3971 0.006844317260432773 0.02819335906556719 0
3972 0.012938477609347 0.06908758765328378 0
3973 0.01106559988450151 0.02394117973263373 0
3974 0.02381856785630817 0.04574951476857022 0
3975 0.03096646807207527 0.03021034816315292 0
3976 0.02824760913815307 0.06371135931721252 0
3977 0.01675877123992173 0.06585718293162747 0
3978 0.01349038463816428 0.04619430781102837 0
3979 0.01185662393078331 0.06828318925882415 0
3980 0.00430340519993477 0.07495833214105524 0
3981 0.003269283911009432 0.04171884731456202 0
3982 0.005093980070385959 0.03042841057658061 0
3983 0.03499802161165539 0.0138850463751145 0
3984 0.03037396072295297 0.02311535129475723 0
3985 0.0247437074126211 0.07475548691880522 0
3986 0.003166866879547568 0.05168885275529446 0
3987 0.0005937325834346543 0.006226643083362675 0
3988 0.02348561477940124 0.04703104465651756 0
3989 0.03708748049475678 0.03868813718701145 0
3990 0.01509247350478109 0.02593160041374303 0
3991 0.00662025601630283 0.01589014219893281 0
3992 0.01509256705524289 0.05892893405286392 0
3993 0.02124866843558849 0.05483975869554615 0
3994 0.02275193822612488 0.02133285353421142 0
3995 0.027385994958635 0.07657269928821259 0
3996 0.03798639525759454 0.06095284562955636 0
3997 0.01462868635533507 0.01939859200687946 0
3998 0.01910577663060026 0.003704654652044642 0
3999 0.02809145202599128 0.07936952986503407 0
4000 0.01093554030172964 0.07667791652316494 0
4001 0.0005971625791448623 0.02006610061362355 0
4002 0.03523239278389899 0.03561772092482199 0
4003 0.002865562347358085 0.06771729251244112 0
4004 0.03555335719825845 0.01615611433461537 0
4005 0.0304978716839968 0.0497600073014117 0
4006 0.03366477187808842 0.07414212529946616 0
4007 0.01145050258478657 0.01263057403628146 0
4008 0.01107458176259185 0.01340211352175249 0
4009 0.03420527209830271 0.04553652197719893 0
4010 0.00152898464788459 0.005425595477042987 0
4011 0.01756148128840807 0.05373368947708479 0
4012 0.0156689491458982 0.009539496664878605 0
4013 0.01658687070644076 0.0675944954655516 0
4014 0.02335625208671236 0.06075160979908698 0
4015 0.02664178780754634 0.05357770267322917 0
4016 0.02522844107337543 0.03439664580848577 0
4017 0.03215822379267535 0.01919082240914945 0
4018 0.003325735688551643 0.0006874322609977945 0
4019 0.03501882710921274 0.01854358877053782 0
4020 0.03642601063021356 0.01036355257069754 0
4021 0.001704450774450052 0.05593758694858725 0
4022 0.03209410558727026 0.02772730196137345 0
4023 0.01203710558787867 0.07488967240320539 0
4024 0.008950986211737871 0.006744209680563044 0
4025 0.01502211834538953 0.01415830812640829 0
4026 0.001622699517130965 0.07385166047051106 0
4027 0.02780080074417746 0.06692583560678499 0
4028 0.01595901872053195 0.02552860539177054 0
4029 0.03376401970336937 0.07762587792207144 0
4030 0.008897882641352212 0.03383903565235949 0
4031 0.02550890540349416 0.05121456286384644 0
4032 0.004293046540761344 0.03868091576873605 0
4033 0.02987507451340254 0.07661963870216577 0
4034 0.008702886488947443 0.03209388227924218 0
4035 0.02717038273987858 0.01226351610436197 0
4036 0.001717951396114616 0.0366236639408983 0
4037 0.01790453627252768 0.03886257826992019 0
4038 0.006509254158846289 0.05051531414172129 0
4039 0.004058343638407253 0.02974155423256088 0
4040 0.0316897636953397 0.03256056678733251 0
4041 0.02628026471331572 0.008111667706461316 0
4042 0.03071753090556162 0.01230034518178577 0
4043 0.03117294757963469 0.00399719329471028 0
4044 0.0005772057251967957 0.05226210479079629 0
4045 0.01022681471492001 0.03597766372109273 0
4046 0.02169606829298531 0.04081740813385862 0
4047 0.01306950937704151 0.03171021529446186 0
4048 0.01480528163147522 0.07533730595740827 0
4049 0.02735905183136299 0.03782206119479193 0
4050 0.009567659020785317 0.0147105677813887 0
4051 0.03855326784702177 0.005252504824174629 0
4052 0.001665780720769582 0.01774708993815515 0
4053 0.00172295798931842 0.07729543671313893 0
4054 0.03935059161238537 0.03030744826143377 0
4055 0.01632038919896129 0.035236688703676 0
4056 0.02840821824403032 0.05295108381043725 0
4057 0.03832493315259573 0.0261416080962493 0
4058 0.01275468345096651 0.03756250014750202 0
4059 0.0277955054653556 0.05230688818073274 0
4060 0.01486187584508108 0.07763077641902777 0
4061 0.01580656860415213 0.06096353310240926 0
4062 0.009022185178330309 0.0591947374920006 0
4063 0.008439702975998938 0.05883322472578215 0
4064 0.03707611455082686 0.04669898291683086 0
4065 0.0393043235548038 0.0219351658355425 0
4066 0.01086930198873145 0.0218680960147674 0
4067 0.02475217815677954 0.06276504601084004 0
4068 0.02564723094637764 0.06447270710599474 0
4069 0.01638685552015028 0.05693122225332859 0
4070 0.01182186340460712 0.01587724887446344 0
4071 0.00859795180626003 0.02070614593709298 0
4072 0.03830761779981988 0.05545719270670479 0
4073 0.03069891694306735 0.009284362629292265 0
4074 0.03585578977229546 0.06382091992576247 0
4075 0.001501597203919822 0.06102945388922448 0
4076 0.01021492318544475 0.02830182893248061 0
4077 0.03183252349307913 0.05610976742556173 0
4078 0.03191833566768609 0.04930686056510866 0
4079 0.02520929604024406 0.02351183568540388 0
4080 0.03342370387431957 0.03103817992636894 0
4081 0.006411439542657001 0.06207804489517452 0
4082 0.0139134100249524 0.03774419186559134 0
4083 0.01391023600788771 0.01337272840404854 0
4084 0.02646343176287949 0.05938130200891084 0
4085 0.000629083116475547 0.07821102493689877 0
4086 0.0371532416941172 0.01073094516207689 0
4087 0.02478441461207061 0.02236554986376499 0
4088 0.01365188231049685 0.06936897336924101 0
4089 0.004084915445371776 0.05277492749929731 0
4090 0.01706162379611688 0.009653093112009171 0
4091 0.03495855779202643 0.07595428925699979 0
4092 0.02190779459546885 0.007207081117873784 0
4093 0.001682558247846702 0.05314065904267111 0
4094 0.009383488242161942 0.06031984877168628 0
4095 0.01463506651861151 0.02956665740199636 0
4096 0.02024746043835319 0.07827394321810792 0
4097 0.01240787255575991 0.02154499925046735 0
4098 0.01848905088731117 0.05281588112107015 0
4099 0.0191568835216228 0.06652749551594014 0
4100 0.01855324961619915 0.05424078168093206 0
4101 0.01930053355405594 0.05407638876305084 0
4102 0.0169947901035553 0.03109080929413086 0
4103 0.03660682707002332 0.02821839042148982 0
4104 0.02879413324241337 0.03112358531959379 0
4105 0.03712678110605692 0.04536140972196492 0
4106 0.005712653702597804 0.03146524018685341 0
4107 0.03834239647560539 0.01733346097330591 0
4108 0.005552874285527278 0.01765700343622672 0
4109 0.002063719906547804 0.07018347170587659 0
4110 0.01212004203571156 0.001680561127709909 0
4111 0.0393850422894396 0.064350982645308 0
4112 0.02859193512108377 0.03861320860877539 0
4113 0.003389599892848569 0.05776189730358093 0
4114 0.01222127962652356 0.01900861552080158 0
4115 0.02420976862527744 0.0305291436315957 0
4116 0.02061260827840341 0.06902934991574276 0
4117 0.01225033167309739 0.01526761429378303 0
4118 0.01915161968602845 0.05981043676759546 0
4119 0.02748362534830005 0.0305231688677683 0
4120 0.01123467354374368 0.04381221787056098 0
4121 0.006290947520282406 0.0717182935972789 0
4122 0.009899368025736616 0.07285424198959406 0
4123 0.005916390071574983 0.009567424723997166 0
4124 0.004310107883854487 0.06983462508377211 0
4125 0.03327901840222838 0.05341703856860547 0
4126 0.02068340200384746 0.006921390181282114 0
4127 0.001855757888515608 0.04124217193780291 0
4128 0.00671162268843286 0.0006478166220400955 0
4129 0.03272793756646331 0.05592090428267045 0
4130 0.004869742302599168 0.01232724721615778 0
4131 0.03580104246187966 0.02724229374861176 0
4132 0.03449921259532933 0.002138285410223068 0
4133 0.01615861383803427 0.03616237721752527 0
4134 0.0006803622559525616 0.02269001844237581 0
4135 0.003159337824307683 0.06921260667290074 0
4136 0.02582720026581918 0.04730938938735106 0
4137 0.02059373781766226 0.05431097231042294 0
4138 0.02731297890048774 0.00619062187125452 0
4139 0.01602311621903364 0.00876949596277235 0
4140 0.02248068612355415 0.04266507843106379 0
4141 0.03534545162442879 0.02850032153015322 0
4142 0.0347233721818565 0.05177586015153963 0
4143 0.01246326568896621 0.00782291286817894 0
4144 0.009359184901868328 0.06298325695608537 0
4145 0.03636233335438854 0.06436452663645477 0
4146 0.007606118061756546 0.07338392355031106 0
4147 0.00932346969842747 0.02706047626433945 0
4148 0.01157928690759471 0.05136370763366972 0
4149 0.02776774405745153 0.06814822820921113 0
4150 0.03944560695248284 0.02676789349986827 0
4151 0.01945617792129939 0.07350913610883433 0
4152 0.009531598947483745 0.05557609602740311 0
4153 0.03937551987482224 0.03528984544585099 0
4154 0.01956745257459118 0.05673758904513393 0
4155 0.02469567788732048 0.03896810904908536 0
4156 0.00639479771672931 0.06547888397266241 0
4157 0.01094792305061332 0.07277827628598597 0
4158 0.03942270362623047 0.04978817610915383 0
4159 0.002044085960358506 0.06906121629939987 0
4160 0.03941072287654449 0.05923767553052969 0
4161 0.01913579285370546 0.05099626739977881 0
4162 0.001647871039427443 0.05166650701078817 0
4163 0.03147983740873836 0.07555401614853574 0
4164 0.006540406515216656 0.03673935805453492 0
4165 0.02097222900998319 0.06010949046629599 0
4166 0.007779008919276371 0.06552373502362778 0
4167 0.03596528947442236 0.008271588053391773 0
4168 0.02585425089203365 0.0657752525229597 0
4169 0.005388872207876439 0.07702566684471016 0
4170 0.0345979812201644 0.01526278843246407 0
4171 0.03485244482078698 0.07815653638981668 0
4172 0.004669543646221143 0.00962434294115691 0
4173 0.007362493689803823 0.02598889162117306 0
4174 0.002580355876452681 0.06390757158505747 0
4175 0.01033744742836821 0.01207996543655358 0
4176 0.01033547675394998 0.0005725609784625954 0
4177 0.01683963103105445 0.03772755525338926 0
4178 0.006866677707590956 0.03243410281543051 0
4179 0.03810762529913907 0.04235528955855197 0
4180 0.0005733009541139603 0.07458753781296872 0
4181 0.006745352908579937 0.07557308828492207 0
4182 0.03626439381195288 0.009615452292988779 0
4183 0.03402712215782824 0.03219506002531083 0
4184 0.03029194907157329 0.01286636710468303 0
4185 0.03447551359980427 0.05042700091074621 0
4186 0.006987134789208798 0.06053123912971248 0
4187 0.03061050547358566 0.03442882534822395 0
4188 0.02358168266469767 0.0006605284341434092 0
4189 0.02230328934534215 0.04688220620419966 0
4190 0.009015292607734808 0.06563832839243799 0
4191 0.005319182451760093 0.02917380059409676 0
4192 0.02655048642598472 0.02597389225245757 0
4193 0.03510786181654633 0.04905006089867417 0
4194 0.02515861634495842 0.004523167400666883 0
4195 0.02516026922269283 0.02041200077730787 0
4196 0.02573468651037807 0.01989048389576444 0
4197 0.009668194110422131 0.001669610291963435 0
4198 0.0007656126167471279 0.04886551188402651 0
4199 0.009881807568520973 0.05812921521058641 0
4200 0.03380498959873085 0.02084930984931143 0
4201 0.008432206976364362 0.02331101415565098 0
4202 0.03129342187686179 0.0006829963714894416 0
4203 0.002690464411694536 0.01070705756353353 0
4204 0.03298317467848524 0.0268927485169749 0
4205 0.03830911461496297 0.04736627545067934 0
4206 0.03043540311942964 0.0297192767539366 0
4207 0.01558542084280671 0.07558523596118834 0
4208 0.03843517469121959 0.01850494863252769 0
4209 0.03940521823671184 0.01393129820484548 0
4210 0.02083996663614668 0.02410014006243011 0
4211 0.02951934079688227 0.07741840965702565 0
4212 0.03928777136133146 0.05454477874590013 0
4213 0.004150813988628661 0.01513343699383998 0
4214 0.02120380743883432 0.05111258673058781 0
4215 0.0114730675230499 0.03128644420209398 0
4216 0.0006159184993448467 0.05395133633451044 0
4217 0.0253764232012372 0.04507691518413209 0
4218 0.01866375768441813 0.04583554796687871 0
4219 0.01233796714474552 0.02360592345576809 0
4220 0.02992261395898888 0.07131670229130302 0
4221 0.006749944582342307 0.01095210264629163 0
4222 0.02875275443285426 0.02690763490632813 0
4223 0.0372623296572546 0.05637302382268206 0
4224 0.01960559652036858 0.02526272796451251 0
4225 0.003330250579122375 0.0232416587520128 0
4226 0.005692017518281321 0.06977356687179191 0
4227 0.002163839850647126 0.03725313066220882 0
4228 0.01335002475409887 0.02133989026721877 0
4229 0.01623845928914042 0.02992545284659311 0
4230 0.03596128512687406 0.04365619646145783 0
4231 0.01794473091085289 0.0171592156752577 0
4232 0.008034719298588351 0.02645867060292187 0
4233 0.01796308681295869 0.006429796225611059 0
4234 0.001588275286158167 0.02653103122726915 0
4235 0.02303265186871183 0.06955634477235129 0
4236 0.009840034188026692 0.06824919540395072 0
4237 0.02111001648001785 0.04978749816075424 0
4238 0.01741827068821451 0.005346405761691764 0
4239 0.006661134263006905 0.008509933071795005 0
4240 0.02967866373799502 0.006120912020022094 0
4241 0.03842117468649427 0.009200520933173598 0
4242 0.01215446650285986 0.0165469142201409 0
4243 0.02552313988034472 0.07157974374182295 0
4244 0.01921145302831149 0.01065855768809072 0
4245 0.01318320487230143 0.04875780821315591 0
4246 0.01546573694722627 0.0278593052446012 0
4247 0.02260248600467421 0.003395214415786094 0
4248 0.0328992898894657 0.04650455836519428 0
4249 0.0126970671550653 0.03671762971299194 0
4250 0.01348756567713833 0.01893536806990072 0
4251 0.001987991690258657 0.03989495187681567 0
4252 0.003731298718954605 0.06672478307344522 0
4253 0.0321101329451063 0.03374512129313239 0
4254 0.01932328555800759 0.06150344752333789 0
4255 0.020522861393321 0.001927740481231066 0
4256 0.01955064836660921 0.05337198065498207 0
4257 0.01422237635759792 0.02817866460014965 0
4258 0.03365480630059547 0.02209973035222322 0
4259 0.01217126683045903 0.0446216938867933 0
4260 0.02840336170884518 0.00313313038096065 0
4261 0.03150528547359485 0.04807264086247903 0
4262 0.01877934558002518 0.03688574298669321 0
4263 0.007760212380467112 0.0600344942466883 0
4264 0.02287489842276063 0.03446306775655999 0
4265 0.0159600479378092 0.07471503184431728 0
4266 0.01516830439447626 0.0267428064989109 0
4267 0.0007069396210426689 0.03436321561612932 0
4268 0.03471984933436499 0.03757480255550602 0
4269 0.01299115934825737 0.07040152604365416 0
4270 0.006631916993459074 0.07831491197116652 0
4271 0.03924367406252863 0.03835780756258077 0
4272 0.008239341463627849 0.0729381977786296 0
4273 0.03291680183908839 0.011902839908343 0
4274 0.02430181398352651 0.01315530656404978 0
4275 0.02028939839361302 0.04145544952538999 0
4276 0.03867883525718788 0.07177745335254575 0
4277 0.0169523778366537 0.07728124293489669 0
4278 0.008333919275475358 0.02415720431637369 0
4279 0.01658841372136196 0.05092027550955653 0
4280 0.0005836036710383762 0.05961725367269798 0
4281 0.03930133312223986 0.003112876849992535 0
4282 0.02210053630669291 0.0392125599864759 0
4283 0.01894087154805767 0.03987374510513987 0
4284 0.03456220267327064 0.0531038708083655 0
4285 0.01807610901669081 0.0005395273190871297 0
4286 0.01137380556261384 0.070465806101107 0
4287 0.02050313495204223 0.06668611268630259 0
4288 0.006863871389410836 0.05416365875852157 0
4289 0.0005673724767889833 0.06240651296700725 0
4290 0.008526565475995614 0.0463036874855117 0
4291 0.02942341907617428 0.03996343350518044 0
4292 0.03941204443482815 0.06296712178416186 0
4293 0.008732895280786787 0.01553944828787749 0
4294 0.02671378851342676 0.06894696158865668 0
4295 0.006403567530012422 0.05968320681694864 0
4296 0.02353085676811919 0.02932478805053836 0
4297 0.02024681309971671 0.01690779421092565 0
4298 0.03609112035256498 0.05989088931144098 0
4299 0.03349227709304912 0.02409964281779328 0
4300 0.03175840535040401 0.07818832109365687 0
4301 0.01059077917834377 0.06935520604615734 0
4302 0.01391291747238169 0.03195709546181985 0
4303 0.03645760374097115 0.01418398406942 0
4304 0.028865097918177 0.06515439898975846 0
4305 0.02548438547399054 0.04970873245238131 0
4306 0.01356577740264726 0.0435156488988557 0
4307 0.02094229354970697 0.00800272010408113 0
4308 0.03088098578791442 0.05518238411141173 0
4309 0.0152484157616273 0.05140129603626963 0
4310 0.02156030565999106 0.06807872525586262 0
4311 0.03524510295046004 0.05566962214806583 0
4312 0.009670382527797668 0.006137260743626693 0
4313 0.003971500476178474 0.06413108446790322 0
4314 0.002791466103441963 0.02979520707166581 0
4315 0.02406434248871607 0.03503906297878407 0
4316 0.01975009366268269 0.07104487102574987 0
4317 0.007154962905184324 0.05005746674923101 0
4318 0.03688993088469353 0.0742145023205311 0
4319 0.003416439227506687 0.003517460521487714 0
4320 0.02699780337509902 0.03909462125351807 0
4321 0.02570588787033187 0.01760086420864653 0
4322 0.01892340021922275 0.03779282618125426 0
4323 0.03747709765089373 0.0215900586824877 0
4324 0.03241553057605825 0.05066429944674371 0
4325 0.03941155787812221 0.03967513921925096 0
4326 0.03855722568064547 0.07284902315023437 0
4327 0.02342678215473502 0.04150914401894426 0
4328 0.03850634689396778 0.04052521568703124 0
4329 0.004195358869642625 0.07427386986485743 0
4330 0.02407084864990787 0.04911261276208724 0
4331 0.003313627697154424 0.01344041122207092 0
4332 0.0111507139049411 0.03529937100233414 0
4333 0.03843976298198611 0.04353181085414162 0
4334 0.02368153787398426 0.03773445662552748 0
4335 0.02396454262707167 0.01456906490320566 0
4336 0.006738793830543124 0.02657780293968575 0
4337 0.02227852709871143 0.002317519728235767 0
4338 0.02012402220906707 0.04081052008705058 0
4339 0.009241098940924387 0.07469437435115213 0
4340 0.01445550588205047 0.02484515480371348 0
4341 0.00877454725230287 0.02996381456021088 0
4342 0.002919571839404628 0.04647177950143979 0
4343 0.0006035052137029415 0.06889356209086861 0
4344 0.03933831432891718 0.0006593488015408516 0
4345 0.02874242549147782 0.07164755016490627 0
4346 0.008957500412092929 0.07931735114717545 0
4347 0.01189282463546607 0.06973747204285291 0
4348 0.02093468588643538 0.04182734026886627 0
4349 0.01413067018320281 0.01599004874459794 0
4350 0.03217323385813156 0.03101315331260703 0
4351 0.003293756660759404 0.03084132621990545 0
4352 0.03672058951584058 0.02172796282758418 0
4353 0.021571244253643 0.07194836655637041 0
4354 0.02346689026725089 0.04387567366707354 0
4355 0.03792614253373633 0.05017684763369181 0
4356 0.03819112635406112 0.05078157694879255 0
4357 0.008543857284426056 0.01917128772067945 0
4358 0.02445004245682931 0.04002908286627772 0
4359 0.000619348532224312 0.02571124006930792 0
4360 0.0005256178685119038 0.01851855921650922 0
4361 0.01240865703056259 0.05616017002460705 0
4362 0.01301787532449817 0.07605082352328499 0
4363 0.004423275476828213 0.02387398938555345 0
4364 0.03327226210678324 0.04410614915433185 0
4365 0.004141614965256266 0.0284622759513756 0
4366 0.01252455779348211 0.0548228859241596 0
4367 0.03299568208474591 0.06619708075623301 0
4368 0.02496576594914786 0.07939449793992404 0
4369 0.01288662813577849 0.07371914087711112 0
4370 0.039384387912997 0.07525952720640497 0
4371 0.01412007472633333 0.06822637183653615 0
4372 0.02902913650893669 0.07345157914852021 0
4373 0.03287571911406533 0.02348405697889036 0
4374 0.03238433042838084 0.05465791786341725 0
4375 0.007168645785244362 0.01930993957578211 0
4376 0.01137654635304959 0.007532932599307894 0
4377 0.03940203540186646 0.006095780519876429 0
4378 0.01798795561430817 0.03787031759755653 0
4379 0.01219782505719191 0.07250851020946179 0
4380 0.003439041916318525 0.03751729506267215 0
4381 0.0005302163057458731 0.04597154357081282 0
4382 0.01640115061761531 0.02867496718411781 0
4383 0.0260580089733394 0.07513702056466823 0
4384 0.03684060948027807 0.03111334629618069 0
4385 0.02078796000354527 0.0376552465556541 0
4386 0.008694232762307436 0.04415353751156832 0
4387 0.01189545259819073 0.04323358790776652 0
4388 0.02860486845391703 0.01487530701774928 0
4389 0.01917809848706232 0.01190047515935012 0
4390 0.004347303337082283 0.0313371334578417 0
4391 0.007986631905508006 0.04528834519336818 0
4392 0.03214743833636479 0.015755474793526 0
4393 0.02275927736670117 0.007994681215659341 0
4394 0.01876847240404618 0.01124158499601623 0
4395 0.01377895963636856 0.04802826216687649 0
4396 0.01887857089003146 0.02730415599995373 0
4397 0.03697792741941176 0.04155869355759593 0
4398 0.03563496941108218 0.01268873754247501 0
4399 0.02854512246184267 0.007671469107857952 0
4400 0.01420009527145681 0.007702199552350797 0
4401 0.03945019126637631 0.04193253261668505 0
4402 0.02926044125617835 0.04632685001184019 0
4403 0.01885419953616701 0.01007103576601399 0
4404 0.001760119202493922 0.07252502527979579 0
4405 0.03192794610154577 0.05818994876682845 0
4406 0.0212874942979087 0.04023884585300821 0
4407 0.03685403808213211 0.05038294201211143 0
4408 0.001494968243990202 0.009418207333631128 0
4409 0.0203616665461698 0.005635105947519328 0
4410 0.03526562573792153 0.03148789937228726 0
4411 0.005268075707019591 0.01618226877205147 0
4412 0.01275045765241239 0.02014003920308162 0
4413 0.008578796457457081 0.02489569403756009 0
4414 0.003546492928887406 0.05024794055903192 0
4415 0.0296160717213229 0.01168998131781753 0
4416 0.03143227923384727 0.04450334760423173 0
4417 0.02978717616261947 0.002458294324629386 0
4418 0.005368482323453595 0.06431733731980091 0
4419 0.0327193778887784 0.04218158646526258 0
4420 0.03483870262321166 0.02276465284305627 0
4421 0.01846552957843834 0.002781448262573344 0
4422 0.03665277039950901 0.03399348507433483 0
4423 0.001485375222305334 0.06804867352242933 0
4424 0.007809381038818352 0.01011958414389627 0
4425 0.03946623873883579 0.04698472436622007 0
4426 0.01878955460956011 0.07024707509414035 0
4427 0.000625664527314277 0.03230988145046304 0
4428 0.01376392770016647 0.07174897946496556 0
4429 0.02267079431156849 0.01910566719513428 0
4430 0.003430392274943139 0.02838529349907605 0
4431 0.01549394134512307 0.01721381859632542 0
4432 0.009564913068794013 0.04105721563580174 0
4433 0.0269223689311017 0.04264356292608013 0
4434 0.005583381589558229 0.03349420180022728 0
4435 0.0111863116313025 0.02314807225920847 0
4436 0.02890017734784774 0.04862450994289816 0
4437 0.03666780089593433 0.05752577413443773 0
4438 0.01886361050017715 0.04110071870358765 0
4439 0.0017934855075088 0.04232234465059231 0
4440 0.007874556022911906 0.02892671370349675 0
4441 0.02953886559548116 0.05059997815012333 0
4442 0.01190720347227292 0.05696601387795312 0
4443 0.03465421789796864 0.007526385734275151 0
4444 0.03237505627398299 0.02019430017580892 0
4445 0.01232191433220935 0.01060635780275838 0
4446 0.01000056574314634 0.04475945500710625 0
4447 0.03265251343935061 0.008182353081259086 0
4448 0.02380647024624544 0.07250073214124178 0
4449 0.02651373618424285 0.0006135410708408146 0
4450 0.0293517591589344 0.03215483472335384 0
4451 0.01787765609850359 0.055156193379759 0
4452 0.03121503786578645 0.07183061975872096 0
4453 0.01410626759271208 0.01736115213053599 0
4454 0.0340232402109166 0.03362259840333953 0
4455 0.01290310552332761 0.03098550439693817 0
4456 0.02357110727580568 0.02177845579541898 0
4457 0.02356265191541623 0.06570894439765185 0
4458 0.03847845180803734 0.01066003326768303 0
4459 0.03127644847446934 0.06829843226888657 0
4460 0.03449158678782917 0.06705430844398914 0
4461 0.01417270153372573 0.0657394003543313 0
4462 0.01691970166297279 0.01105007093248955 0
4463 0.004532868107897483 0.02300918521437782 0
4464 0.003162962832088483 0.01945312343827018 0
4465 0.03346735248355369 0.0376691868230595 0
4466 0.0120164830859358 0.05245699080179564 0
4467 0.03942384463396596 0.06719968792027291 0
4468 0.02751673186631473 0.04950012062802846 0
4469 0.03947603261867701 0.05999524521604817 0
4470 0.03733611744748894 0.02054657995770369 0
4471 0.01534333606380999 0.06855439656257972 0
4472 0.01512774543821828 0.0631001037691557 0
4473 0.01969639081828458 0.03459085874006127 0
4474 0.0291725151228771 0.06710805965233518 0
4475 0.005522123317054994 0.01073019814834641 0
4476 0.01985239330409769 0.05457984887857702 0
4477 0.01510126309177959 0.04329743328796548 0
4478 0.02512948771807388 0.04282471974251967 0
4479 0.03400860457641947 0.004583925670809362 0
4480 0.02045393553929788 0.01801051760602706 0
4481 0.004621461758131364 0.07843039483348915 0
4482 0.02435215203906294 0.05322281504123803 0
4483 0.02928333412992071 0.07021634347057365 0
4484 0.02398950761729517 0.0320012495684917 0
4485 0.004313041890073189 0.01795638287934724 0
4486 0.03006995726939875 0.05523458478317095 0
4487 0.0142124035995271 0.02014696177634953 0
4488 0.01795186489104318 0.03982944158489272 0
4489 0.03186259690047688 0.02908378107389333 0
4490 0.009201211559864062 0.04662292519687523 0
4491 0.01779532435249809 0.06481128931301892 0
4492 0.03732985439980528 0.06070232107185872 0
4493 0.02241840143677616 0.07500531183699621 0
4494 0.03720766028152229 0.00851199008218665 0
4495 0.01302374151809328 0.02350160695117606 0
4496 0.03515634236329439 0.004886627308578709 0
4497 0.01138021924044867 0.0670730518098407 0
4498 0.0005659529680319755 0.03153124334728839 0
4499 0.03473068570824398 0.07345500822319531 0
4500 0.001937710022678982 0.03409860478841566 0
4501 0.02119215817970734 0.0277653837396646 0
4502 0.01699933565005049 0.03881975482742135 0
4503 0.03541558426681175 0.03631607742948008 0
4504 0.02404935271738353 0.02128084279878781 0
4505 0.02298190798270978 0.012808859854059 0
4506 0.00376516767184077 0.01435438868382508 0
4507 0.01438489141406854 0.05025286275100186 0
4508 0.01531625749392877 0.0677643281857512 0
4509 0.01268566265043316 0.05118210441261274 0
4510 0.007344249740984618 0.03971480289631904 0
4511 0.02268162872479816 0.07847480033719789 0
4512 0.011816571214272 0.07560640518120265 0
4513 0.001848807474958594 0.06290263356313046 0
4514 0.007407211388769345 0.01817026808762735 0
4515 0.008735076008065765 0.05383372784409328 0
4516 0.0281103528172105 0.04555491552405418 0
4517 0.02049794980444616 0.05078666210972394 0
4518 0.01983564649452029 0.03890970993295868 0
4519 0.01474127114153487 0.06634209571771303 0
4520 0.01620695633154014 0.01007157839569633 0
4521 0.009693236701236606 0.03499638463669306 0
4522 0.02647608482866992 0.03153235713270178 0
4523 0.02042972870441744 0.05775752630705795 0
4524 0.03083934699237958 0.0309473639358066 0
4525 0.03643686847387013 0.05340768901088096 0
4526 0.02859908971038767 0.02462288182067068 0
4527 0.006291411821709185 0.06846378118089133 0
4528 0.02236409139017496 0.04597946938402073 0
4529 0.004881707599389207 0.07197588515855034 0
4530 0.03842153879795279 0.03249928240761748 0
4531 0.03040596041304545 0.07523609946546853 0
4532 0.009746837520586847 0.03386254505783149 0
4533 0.01646456760843465 0.06274028899915299 0
4534 0.0383724041432635 0.03117207579954863 0
4535 0.02855471047355784 0.07825357418526988 0
4536 0.02803957768832172 0.07790739159430109 0
4537 0.03550747014373572 0.05817198670508022 0
4538 0.0393970105456334 0.03684242160051518 0
4539 0.03436432055023037 0.01458244071891037 0
4540 0.02979336069182421 0.029965767861811 0
4541 0.02215043821311749 0.07087602059826636 0
4542 0.0259615238585638 0.02852984562338302 0
4543 0.002471303349884161 0.0267679517660652 0
4544 0.01326883258829001 0.06795362945242689 0
4545 0.030307440942639 0.06157524085668806 0
4546 0.0106787246929828 0.07022221547427784 0
4547 0.0005780437026763445 0.05094816699066848 0
4548 0.03805721551476501 0.02391295455066776 0
4549 0.0005946832133932947 0.01266431341659926 0
4550 0.02117590813373148 0.03705044271955699 0
4551 0.03740178303266842 0.03020804312159807 0
4552 0.03812276552335288 0.03039864333966266 0
4553 0.0262110763504353 0.07632539827323727 0
4554 0.00432773764427475 0.0356623949211063 0
4555 0.0207503668726315 0.07278063967989676 0
4556 0.02325885124217462 0.007413526627829133 0
4557 0.02436248237864595 0.007580022731254521 0
4558 0.02980077712569803 0.02141618217365663 0
4559 0.03504999831672811 0.05248749140834881 0
4560 0.03581445571128636 0.003624557558816847 0
4561 0.01183483398614579 0.0502576139686347 0
4562 0.0209404698321573 0.01563009337470431 0
4563 0.0394136618625274 0.02399341142973362 0
4564 0.01118421899150951 0.05492033279364301 0
4565 0.005733548219752622 0.04420861355912527 0
4566 0.009362476019815252 0.005406313020100167 0
4567 0.01241775153679341 0.03528861640648932 0
4568 0.0109730577888075 0.01083975709598742 0
4569 0.01308436300191922 0.05740104161770102 0
4570 0.007833039944268424 0.0446009033345253 0
4571 0.02774300012547288 0.05849175612052476 0
4572 0.03272909439046495 0.02508156061095605 0
4573 0.005085109857100915 0.04431910416095688 0
4574 0.03449416796828976 0.01933355785357677 0
4575 0.03313788008882247 0.01652943341641898 0
4576 0.0005647006006932465 0.07682842816374988 0
4577 0.02141695505668996 0.001623968917993913 0
4578 0.01513908518781099 0.05695105719163766 0
4579 0.009989299832548874 0.04613942888984141 0
4580 0.0004694306561757525 0.06454121883468743 0
4581 0.003359445029620857 0.04436770083320588 0
4582 0.0293606986144199 0.01394583061103336 0
4583 0.03341972514489776 0.009825366434558586 0
4584 0.0005797368058194918 0.06598505636068557 0
4585 0.03259221276652447 0.06801264852887551 0
4586 0.01476932130803967 0.0745677303163446 0
4587 0.03030603544235107 0.06739601292978131 0
4588 0.03640965770865546 0.006754908250441817 0
4589 0.02109206986013585 0.02501052337409524 0
4590 0.02859442091612811 0.02117630595063652 0
4591 0.02832498182020395 0.0407434980245187 0
4592 0.03834932246240032 0.0703480417702691 0
4593 0.02828188156552273 0.05808082849325101 0
4594 0.02264958212170918 0.07271868925149318 0
4595 0.03638260284871327 0.04772888731107596 0
4596 0.007928054580665891 0.06474284471481474 0
4597 0.03602273620938065 0.05179285783923621 0
4598 0.003710786999652684 0.05407744393056699 0
4599 0.03592715235062889 0.03297846729618324 0
4600 0.0341957141541812 0.04252374841196302 0
4601 0.0367127595811281 0.007394248073607383 0
4602 0.007132320676245637 0.04363627791932562 0
4603 0.0150106956637807 0.02440371265044732 0
4604 0.009702216198920487 0.07592339824659594 0
4605 0.02682554086963734 0.02849678039162715 0
4606 0.02572850243579401 0.0727958078367292 0
4607 0.0006038599452873016 0.0431196844774468 0
4608 0.02243885664567435 0.03723445619393784 0
4609 0.008364936686095271 0.06328779624209814 0
4610 0.02972627987093869 0.03791673498794876 0
4611 0.0220128762810691 0.04902807631503835 0
4612 0.03824781233950451 0.07542932395772041 0
4613 0.03276772763040427 0.0519469547833504 0
4614 0.00159908700282858 0.03308564129943337 0
4615 0.03465464502619985 0.03112185956064267 0
4616 0.004901873018076422 0.01749672042280965 0
4617 0.01955157840649985 0.05214183629261846 0
4618 0.01550734000005604 0.0204330359294187 0
4619 0.001608534573908783 0.0438983472575943 0
4620 0.02095602467492685 0.03452368473436995 0
4621 0.0152595222513212 0.04930438501557972 0
4622 0.001750723588812217 0.002765705543655544 0
4623 0.03432231390797393 0.02939288923945224 0
4624 0.00591553952223273 0.0481140938476868 0
4625 0.0311058090981266 0.07322480884580948 0
4626 0.01618150613622213 0.06661564376632641 0
4627 0.02486611232542313 0.04901794565831023 0
4628 0.002060485888117216 0.07443260622229705 0
4629 0.001809856417917862 0.04803418055985104 0
4630 0.02785751002620517 0.05928750883406757 0
4631 0.001382519326369791 0.01068872940989553 0
4632 0.01773830835150244 0.02259500070419802 0
4633 0.03034794503194908 0.03897367204766185 0
4634 0.03469859065292438 0.02739827468708906 0
4635 0.02564967515601696 0.0189363175159037 0
4636 0.02098580041742288 0.01152780651646383 0
4637 0.002166060225823559 0.04946594529882024 0
4638 0.0369124880636021 0.0630488406452205 0
4639 0.005322842522680416 0.05061794725527925 0
4640 0.01689469279995917 0.0138440194406808 0
4641 0.00744329413308681 0.02413532772281894 0
4642 0.01210168581404233 0.05551865965667874 0
4643 0.01595998024764815 0.05574421291274228 0
4644 0.02802287441028881 0.043438828125067 0
4645 0.009036257991422374 0.004176786803522368 0
4646 0.02246415628754443 0.009499828500783916 0
4647 0.02123358446059503 0.009448587878421871 0
4648 0.03651474048265618 0.07277783688366971 0
4649 0.02096629972521797 0.06389586946236984 0
4650 0.02453170317148085 0.01184724993609181 0
4651 0.03066736991957989 0.05645516806179632 0
4652 0.006609931971603393 0.06466345729241443 0
4653 0.03088018518519791 0.07933375694937141 0
4654 0.03761489724658508 0.01452454751185979 0
4655 0.01740522842064016 0.06359848435188636 0
4656 0.03715091281563272 0.01928152887681385 0
4657 0.02329003614619886 0.009447587800229272 0
4658 0.02927285972272097 0.06139813786304363 0
4659 0.01988753152797719 0.01094005734909234 0
4660 0.008215477577873186 0.01234289208875472 0
4661 0.007593851570227288 0.05764493298359941 0
4662 0.01586025410271391 0.0490328310563885 0
4663 0.01957944108131428 0.02970272691604224 0
4664 0.01282477612272096 0.01653605057985313 0
4665 0.005019433495335422 0.0005595319932461609 0
4666 0.02427452720728418 0.0256047016025433 0
4667 0.02196195639198861 0.07706249365352784 0
4668 0.02978994745749976 0.008413587441310745 0
4669 0.03943541039156059 0.07738220376442817 0
4670 0.03830149714237024 0.01309588193838801 0
4671 0.0121957256009107 0.04652178462211175 0
4672 0.004994871646781678 0.06352491670482201 0
4673 0.03404972515026999 0.03143320098467751 0
4674 0.008102216595684282 0.07159358497926524 0
4675 0.03148401719035578 0.02797256289091796 0
4676 0.001970905448143618 0.05251784030328157 0
4677 0.0140807059521892 0.04951285603672543 0
4678 0.00569984833775059 0.06657339779434281 0
4679 0.03013681587534614 0.01723682183045971 0
4680 0.003895193874089767 0.002366473456516312 0
4681 0.03836068304351679 0.04606733244021522 0
4682 0.02837614966101502 0.01221208615062621 0
4683 0.02783401890537657 0.0125647120806843 0
4684 0.01381604242440285 0.03934091777304644 0
4685 0.01915341789092824 0.04464494688956127 0
4686 0.02285780031801955 0.0229602390812928 0
4687 0.01330800471879351 0.07303902673429968 0
4688 0.01730601086013319 0.0005882227857613859 0
4689 0.03529540594629937 0.03214490138649581 0
4690 0.005905901408654549 0.02308307022198886 0
4691 0.02282347624229632 0.02593813442986782 0
4692 0.03228864358710118 0.0592606615729309 0
4693 0.01008703722275779 0.06427479573910201 0
4694 0.004519536011903857 0.03683164719176053 0
4695 0.00483701339086272 0.03345965657395061 0
4696 0.0120817590592023 0.01124596351509989 0
4697 0.02808027821744606 0.02337615737865784 0
4698 0.004594679688173332 0.01388320902199448 0
4699 0.03134366346910848 0.06052443190830135 0
4700 0.02053868770541191 0.05709622004517657 0
4701 0.01578402911088966 0.0005446339809375977 0
4702 0.0145700507243759 0.0620048452555108 0
4703 0.005284556934265707 0.06776585173551258 0
4704 0.03449525226014986 0.01073443923899537 0
4705 0.03307250502669412 0.07433157178931202 0
4706 0.001484548334669322 0.02348010211390938 0
4707 0.002145138264565832 0.06630042374157114 0
4708 0.0005060275972270101 0.07173629819105459 0
4709 0.02585077488161756 0.01151171607655933 0
4710 0.03937750603417565 0.07856923465908143 0
4711 0.02657619887992879 0.01565102664206612 0
4712 0.03592648630773776 0.02808206556559746 0
4713 0.02494863617410228 0.005869873405024623 0
4714 0.03948186935999453 0.03322585526782906 0
4715 0.01476093502529067 0.04645999273896546 0
4716 0.01442113701539856 0.003949536363942803 0
4717 0.009165866021594976 0.01397883354260254 0
4718 0.01100616920326759 0.02105517212971214 0
4719 0.02870168595335666 0.05145614468598916 0
4720 0.00562493649357366 0.05550171638097074 0
4721 0.01251829060053416 0.01185932183683282 0
4722 0.02809042035978496 0.0005414949227618704 0
4723 0.02723019174539084 0.04050157886593325 0
4724 0.0006526259766333059 0.06315520545923589 0
4725 0.02206781627402601 0.0105254620737871 0
4726 0.004146382205054415 0.07314012985988158 0
4727 0.03797307819155925 0.07384753022670532 0
4728 0.03016138602631546 0.009813706769462815 0
4729 0.003414249546668593 0.07108912150181772 0
4730 0.0006059613364643723 0.0401342061514353 0
4731 0.02850238144782491 0.03682117491799588 0
4732 0.009520754122567353 0.01804326668108218 0
4733 0.004214635724039326 0.06243399169368292 0
4734 0.01726170773702749 0.04464459196337836 0
4735 0.01698362848341481 0.02471185587593783 0
4736 0.02985120842889375 0.07380917527877828 0
4737 0.03708346742094812 0.05884618286874457 0
4738 0.005593697940729534 0.008082513941865731 0
4739 0.01668692031181192 0.06011479254769461 0
4740 0.01856275154229623 0.00174601107417293 0
4741 0.03294201995091163 0.02995360350709012 0
4742 0.03350442440104592 0.03036364085204338 0
4743 0.01579775501890354 0.06422454904866212 0
4744 0.0371724381946265 0.02782802276472527 0
4745 0.02556736542924917 0.05437737860742504 0
4746 0.01246215104751656 0.005496265829197017 0
4747 0.02215213291863602 0.01605818867554822 0
4748 0.0120497964729527 0.02998990374700208 0
4749 0.01829032236731234 0.01377810167021567 0
4750 0.03255867687487142 0.06044513324506168 0
4751 0.01676728144399064 0.016597718802482 0
4752 0.01474421144339459 0.006987979548947761 0
4753 0.0006358857234526963 0.04965649334686133 0
4754 0.03529509304544009 0.04840853518249676 0
4755 0.01469523854783947 0.008418418328685992 0
4756 0.01199838508356427 0.05913542848402874 0
4757 0.01714677772211738 0.02302168937174227 0
4758 0.0116899705640611 0.06042575295523045 0
4759 0.02224071463943364 0.03331766043317196 0
4760 0.03128077256928515 0.04373893772106995 0
4761 0.02379961361003943 0.006453281799697945 0
4762 0.006796982213287386 0.0490762771428552 0
4763 0.009199556363324153 0.04010384418961278 0
4764 0.005144701372758829 0.002864268316932844 0
4765 0.03145696183707346 0.01796866385600902 0
4766 0.01136653549794623 0.05976142161188555 0
4767 0.03297109323772715 0.06386004104633236 0
4768 0.02636402794804929 0.03452871208426608 0
4769 0.01619506615388122 0.004965064527360667 0
4770 0.02517244141279411 0.03844441923507619 0
4771 0.01625413715915618 0.002310942686805574 0
4772 0.01704695135553979 0.0398957773812836 0
4773 0.001875867358295192 0.02873795156863306 0
4774 0.02528196376496132 0.06877729878479813 0
4775 0.01397645675955587 0.02636683803323731 0
4776 0.02933228957743325 0.04188750708808417 0
4777 0.01948011901484285 0.01566246431567481 0
4778 0.03764800319469655 0.03542413939469326 0
4779 0.03026790667801486 0.04468594428463988 0
4780 0.0317459862157399 0.06341043265647262 0
4781 0.01721632951134766 0.05066524688160694 0
4782 0.01266529209496414 0.07487468365004213 0
4783 0.00308119248744013 0.07359919559392961 0
4784 0.01737517122863213 0.01947836208323124 0
4785 0.02080230801138453 0.07353907152232594 0
4786 0.003170847908774917 0.04895593174925007 0
4787 0.02321336724872016 0.05013495070466763 0
4788 0.02692036875124712 0.04835814255562366 0
4789 0.003746354127308189 0.03226058392980952 0
4790 0.004082418142336244 0.07123022769116119 0
4791 0.004259761898634869 0.0568071994136386 0
4792 0.01173292019631594 0.02611170628791067 0
4793 0.009066528982961295 0.01014172803201542 0
4794 0.005031258464705639 0.06216503087022983 0
4795 0.03042635016023165 0.03769962007725564 0
4796 0.01630056639166248 0.07163285010135358 0
4797 0.02740470789359662 0.07940427238711922 0
4798 0.0220078498449838 0.07946874796415174 0
4799 0.0348823269714981 0.01145031692380635 0
4800 0.01963156734255969 0.04757994811412265 0
4801 0.001614838834880374 0.04882794996491478 0
4802 0.004764089941471171 0.03456958385735309 0
4803 0.03158327341145642 0.0466460844428119 0
4804 0.02661084768806968 0.05419306794643201 0
4805 0.03708325173914175 0.06666059437854126 0
4806 0.01338730058241317 0.0006974461432871573 0
4807 0.02455213876565467 0.02020590358400389 0
4808 0.02153616730475108 0.06580506904743522 0
4809 0.01728618801342676 0.07211683777060329 0
4810 0.003691908075631151 0.03334856083245527 0
4811 0.03827619862341131 0.05900421266180159 0
4812 0.03345206714290597 0.06966140971594867 0
4813 0.01118055311919786 0.06628952937072011 0
4814 0.01034649157216232 0.004104857381959197 0
4815 0.03550653747998381 0.06806304412846166 0
4816 0.03947014080897548 0.02823099966105534 0
4817 0.009609510141989692 0.03710279915412125 0
4818 0.0155185626406617 0.004585970192555799 0
4819 0.002781354576607428 0.006381611759113094 0
4820 0.003110442491250212 0.01878465772972464 0
4821 0.000599467724056349 0.04806577917403779 0
4822 0.0242164145792836 0.06387682747103292 0
4823 0.0194422172684844 0.04549602719516789 0
4824 0.005087901999802795 0.06659752456866827 0
4825 0.009517084827686526 0.05685281545077515 0
4826 0.03140003680214522 0.001496368099269806 0
4827 0.02589299664559659 0.006701684900255966 0
4828 0.003575202695221231 0.04756588408089497 0
4829 0.03068157934474457 0.003400609740039452 0
4830 0.02134039243197336 0.002856247092570381 0
4831 0.01433431103743202 0.006444138479759234 0
4832 0.03224351052764746 0.0513724154602035 0
4833 0.03809551543222391 0.02686605271092959 0
4834 0.002809473459804444 0.05248364020779483 0
4835 0.03008828457260399 0.05297241825059415 0
4836 0.004350285716706186 0.02533575903563258 0
4837 0.02474579707511233 0.01678832957914153 0
4838 0.03541631062753373 0.008655873532412303 0
4839 0.03440665333517953 0.03659079406815473 0
4840 0.01353171732977504 0.0351875055386027 0
4841 0.0281811990957792 0.01710192206306978 0
4842 0.005968004017345976 0.07807956934290228 0
4843 0.01838100971954628 0.0248526924944382 0
4844 0.00793994042524605 0.07830829353721788 0
4845 0.0224620322423644 0.05975353642907061 0
4846 0.01518062007754084 0.05001313001372427 0
4847 0.02701601773149971 0.03189770688960958 0
4848 0.02470316487313489 0.02157611766646975 0
4849 0.01822396437299552 0.0452970248091414 0
4850 0.01314770979731464 0.00447178639895876 0
4851 0.01709792108334874 0.01884031895798285 0
4852 0.01240226688257102 0.03452462422013469 0
4853 0.02421422906353497 0.0618094496076917 0
4854 0.03333403498673353 0.07308352545620998 0
4855 0.01428317214611576 0.07830661503798078 0
4856 0.0311455474563119 0.05111857706074083 0
4857 0.03205397655913133 0.07103715651005471 0
4858 0.02313515262193908 0.01790654412099387 0
4859 0.01801709715153468 0.07761075387427696 0
4860 0.03226256931932606 0.04701703718061985 0
4861 0.03835897795422856 0.06039940020321867 0
4862 0.008969981228384036 0.008039149842841632 0
4863 0.01723359192587342 0.0562062363195934 0
4864 0.005139929851748673 0.04696763673085101 0
4865 0.0122971954790002 0.0625911926914403 0
4866 0.01137354853907757 0.05844881107977637 0
4867 0.02641579233426649 0.002288704556946096 0
4868 0.03868385206518374 0.02920283863626971 0
4869 0.02659179491387463 0.04635158290876937 0
4870 0.02595188736152854 0.07208046652122201 0
4871 0.02664008126700425 0.07186108128804769 0
4872 0.01652532373927757 0.07040688955306007 0
4873 0.02957773536882499 0.06290616397042785 0
4874 0.03942619453859483 0.02039519095062582 0
4875 0.01158855743456865 0.03802627088507043 0
4876 0.03458893512724463 0.06189384064602039 0
4877 0.02470213280352183 0.03690801380679772 0
4878 0.02364672197896169 0.07939729194985681 0
4879 0.02890833353633741 0.04453583731658097 0
4880 0.008414748654851751 0.0687779242641493 0
4881 0.001329029940036999 0.02142055589860752 0
4882 0.02891851922468268 0.0551658800578584 0
4883 0.01141259723517858 0.03717237588024732 0
4884 0.03365689472470391 0.06268323192045976 0
4885 0.02151247860488627 0.05793797633271677 0
4886 0.03524511311849993 0.04430822108906248 0
4887 0.02414036301393548 0.06074622246154963 0
4888 0.03691391197538788 0.01259704685585449 0
4889 0.0227494765933013 0.04147075295139772 0
4890 0.003266942444454073 0.07231099370689058 0
4891 0.02829375614262444 0.05747830812939994 0
4892 0.00212500751290829 0.04493371173226593 0
4893 0.01309602915242377 0.03422728246738792 0
4894 0.02321013396920697 0.03518932294908413 0
4895 0.00387006686387048 0.04557391938868248 0
4896 0.03760098958446397 0.009596199599283043 0
4897 0.009481862445839786 0.04310058311720019 0
4898 0.02206349112056395 0.03034416446613556 0
4899 0.002981812055307811 0.03590894185081121 0
4900 0.03264630123203027 0.01869678199278052 0
4901 0.03292824677658229 0.02181886158145737 0
4902 0.02321264995561112 0.07734880900912271 0
4903 0.02519494276397352 0.07043311532649243 0
4904 0.005237861177413934 0.04319030087393669 0
4905 0.002739238994566219 0.00457017595971216 0
4906 0.02998218506300695 0.02078807868432105 0
4907 0.02984378629484753 0.06418323690008385 0
4908 0.02766770472585861 0.04740456497747656 0
4909 0.02834195370991447 0.02578475861679042 0
4910 0.02710921390028379 0.01366199307239596 0
4911 0.03000478859743709 0.03108957721921856 0
4912 0.02391566342040128 0.07372094796632513 0
4913 0.02904752505806654 0.07473790995302866 0
4914 0.000634560355312605 0.03008876160892767 0
4915 0.01896602278698692 0.02268111469016047 0
4916 0.02364610945841479 0.001441838431653845 0
4917 0.03363463693046555 0.06720862208817109 0
4918 0.004637552362501482 0.06561812678768505 0
4919 0.03411553011335808 0.02369955942057201 0
4920 0.03140661915865173 0.007878381842144788 0
4921 0.01848060665076599 0.05620115847683974 0
4922 0.01910821573498913 0.01296649108234491 0
4923 0.02993901913061979 0.06820771374696392 0
4924 0.01062199742698794 0.06108092287601755 0
4925 0.02023026122847389 0.01021736349094492 0
4926 0.03860004465687213 0.04278932625365174 0
4927 0.0193504614510018 0.06864496367411002 0
4928 0.01731911507655891 0.07947039834650416 0
4929 0.01647170604747962 0.02267342250239993 0
4930 0.03790948681903164 0.02814642677784226 0
4931 0.001508465130438223 0.006944417647369742 0
4932 0.01739398020068386 0.07634697865539952 0
4933 0.02500441913327593 0.03316422448981467 0
4934 0.001514536501172725 0.02931368253748956 0
4935 0.005244396635897994 0.07377325720634481 0
4936 0.03101851986420893 0.02085955947696677 0
4937 0.0005162433658829971 0.02861633171443666 0
4938 0.03084825924865329 0.04908761982360535 0
4939 0.03706325973645123 0.07488274381587919 0
4940 0.0005116224502419997 0.008379891691461076 0
4941 0.004345144252026617 0.04235906079299762 0
4942 0.03738945262493407 0.05959786669605918 0
4943 0.03578862983526161 0.0662263724002258 0
4944 0.02365812664190881 0.04636441881047713 0
4945 0.0005521061138611637 0.009949708974355292 0
4946 0.004096056314772143 0.06779339722018286 0
4947 0.02876956168736483 0.01897809757540601 0
4948 0.03515137856892383 0.06430453984976081 0
4949 0.03943129184994627 0.07364985642530859 0
4950 0.02984854131124639 0.05893271315999037 0
4951 0.001595378724006634 0.002065530174862433 0
4952 0.03373777242754814 0.0388082043939696 0
4953 0.004733692451850529 0.05185789591488667 0
4954 0.007830490799886593 0.01074417067211894 0
4955 0.02923288621723549 0.03887271443101766 0
4956 0.003086691915617834 0.02449412785350975 0
4957 0.03598581489013631 0.04613258923249841 0
4958 0.001604445673811253 0.01448523153308925 0
4959 0.01534552106918667 0.0578173646569887 0
4960 0.01655439749294201 0.07848183765462871 0
4961 0.02247733027252349 0.006743900880561086 0
4962 0.01212958359467388 0.02859014110547056 0
4963 0.01235275282446016 0.06469395892824552 0
4964 0.01445103603900543 0.04693981512878307 0
4965 0.008576329379951689 0.02597872187840869 0
4966 0.03701562925282211 0.06946404622710171 0
4967 0.01837303669917323 0.02307505913141797 0
4968 0.01331619879532085 0.02983127540545987 0
4969 0.01270375755323391 0.02957490030374207 0
4970 0.03280784745754603 0.03987296757828523 0
4971 0.03833744562275899 0.05405221749760105 0
4972 0.002681500052675128 0.0005167737636567263 0
4973 0.00679593284381705 0.03325715087299423 0
4974 0.01480834592463419 0.02077481653460704 0
4975 0.01701474821499913 0.03652536716009919 0
4976 0.01572052090902178 0.03216522988049327 0
4977 0.03939467736615396 0.02538387218704174 0
4978 0.03462103479958544 0.03309820391234106 0
4979 0.01748177737815964 0.03382169730814029 0
4980 0.01002113015622563 0.03831770963288265 0
4981 0.03190754394262672 0.0762307037478938 0
4982 0.03858416643765674 0.001898956609600148 0
4983 0.008252983983217787 0.06109574725814654 0
4984 0.0133923349731405 0.05874278284505411 0
4985 0.01291122702430247 0.07248350809146402 0
4986 0.004621082913284048 0.04118682273605686 0
4987 0.01857978068283848 0.02838211630666244 0
4988 0.02043462084472986 0.06203948263470216 0
4989 0.03643546367648069 0.03536917429527561 0
4990 0.03361456021346051 0.04294153469294965 0
4991 0.03364910260032748 0.007982417088269134 0
4992 0.01203039785266681 0.06401617320504482 0
4993 0.006080422611942037 0.01641826487509948 0
4994 0.01591611416296324 0.0268271630519259 0
4995 0.02721408252976644 0.06942561507188388 0
4996 0.02560246885098254 0.03975130435470899 0
4997 0.02616714379206286 0.02973061329689052 0
4998 0.0157146282914209 0.07941182813396122 0
4999 0.004291569066680032 0.06005814341368746 0
5000 0.01818911848064098 0.05370411790601869 0
5001 0.01688596918571109 0.04949446623250357 0
5002 0.0255654538493341 0.007795536386969323 0
5003 0.02224081941086175 0.06581639808133946 0
5004 0.02326911745326702 0.05565982836218775 0
5005 0.0236503448499809 0.002752272461538356 0
5006 0.009743497550675884 0.02509779826907998 0
5007 0.02320372673527873 0.06152410201318749 0
5008 0.03527917700551655 0.007147238959319464 0
5009 0.03947199224515417 0.01535365764018089 0
5010 0.01077932595316818 0.05317511182870658 0
5011 0.01825403678115923 0.02953675615136711 0
5012 0.00283707074768752 0.002862831388662918 0
5013 0.02904519747406091 0.02767932649459854 0
5014 0.02496083597584963 0.00864411779022476 0
5015 0.02578734247748432 0.02771832140544589 0
5016 0.01975374624676844 0.0274468766378664 0
5017 0.01597605191607743 0.01494244654973665 0
5018 0.03086143820144837 0.04774925796259936 0
5019 0.02441481381049344 0.03750796120914376 0
5020 0.006117502904540266 0.06082739832475254 0
5021 0.03812716779993486 0.03327334647521453 0
5022 0.03690835877695547 0.002870834459736162 0
5023 0.02068980288936467 0.0006509361458038737 0
5024 0.02393205118314371 0.06449879778567917 0
5025 0.01740892013263882 0.0176396016936576 0
5026 0.01959528939455564 0.06587760520373559 0
5027 0.02969889793593067 0.03678317612045801 0
5028 0.01090338367310803 0.009517525871071422 0
5029 0.002137661946504343 0.007415369656248255 0
5030 0.01756568879708952 0.04811182582737497 0
5031 0.009040328135638927 0.05110771624123599 0
5032 0.009605510883072516 0.07733680767637308 0
5033 0.01235240507537374 0.07620488441390857 0
5034 0.03539196740469494 0.0650549676255637 0
5035 0.01071651985257474 0.03023086085309461 0
5036 0.02191001113212847 0.05908353905458318 0
5037 0.002787642839216193 0.07825570283000743 0
5038 0.02600171623391933 0.0630822534746063 0
5039 0.01536882431299546 0.07366495683093213 0
5040 0.03220997009895966 0.05264075557959257 0
5041 0.03857039918083663 0.07668093549941216 0
5042 0.03533640430629468 0.06127261141221231 0
5043 0.03043764281204164 0.01490675375681991 0
5044 0.03155760260796012 0.008533616741621723 0
5045 0.03704546231009564 0.07042791704087659 0
5046 0.02181884436149181 0.07831758321077485 0
5047 0.005390048019892601 0.0282673155615845 0
5048 0.0285193344699116 0.01987346320955875 0
5049 0.02922754867396108 0.05194138454277525 0
5050 0.0005367922450681198 0.05597727681450111 0
5051 0.03768151721100143 0.03862369976002705 0
5052 0.01013425814372684 0.05126407948636297 0
5053 0.002614056300443531 0.01699563715108454 0
5054 0.03178420572500643 0.04585438469463413 0
5055 0.03120176877544367 0.05847588366353768 0
5056 0.005687584052698843 0.05881167774087116 0
5057 0.03108395826188538 0.00616599275217361 0
5058 0.03223984166052236 0.06297753812587607 0
5059 0.002064765493033607 0.06010593992381026 0
5060 0.002762277809159708 0.03950506341713036 0
5061 0.00845600785768497 0.009072509108083143 0
5062 0.01790689108258705 0.02617138570542987 0
5063 0.00460285164556511 0.04854034754530209 0
5064 0.02233607581610098 0.02400409959078718 0
5065 0.006843147655874883 0.07211639820157306 0
5066 0.03946262317938368 0.05629654591040172 0
5067 0.03463926086680184 0.03893959782862024 0
5068 0.0005086693172192611 0.0149011560690174 0
5069 0.002207050161673593 0.05373301810121321 0
5070 0.01776202384950629 0.05121661997325442 0
5071 0.01161862524556161 0.07705460769931055 0
5072 0.0275451561746054 0.05119378965555242 0
5073 0.03260315518886214 0.04411778590033364 0
5074 0.008153723914892991 0.03788646885934537 0
5075 0.03301412318915091 0.04102755522617212 0
5076 0.03051167791917712 0.0006556691489621597 0
5077 0.03057466142600032 0.03570848587798505 0
5078 0.03275998926801679 0.07564100016013656 0
5079 0.01538774780459777 0.03502194213831909 0
5080 0.02065153048785677 0.06128608027585758 0
5081 0.01773877243267284 0.06719068521518728 0
5082 0.03039221781476948 0.02501277534631167 0
5083 0.001796081695958969 0.03869843763323115 0
5084 0.03723209508746517 0.04352809332192807 0
5085 0.01583769584544184 0.00166446886673164 0
5086 0.009433359767181395 0.03633520692520363 0
5087 0.0384253813016551 0.06670345792080491 0
5088 0.03472850480981926 0.004424943842846557 0
5089 0.02043332910745325 0.03491084615324543 0
5090 0.03484968892192356 0.04555160580712616 0
5091 0.02802165498288114 0.02690995274683555 0
5092 0.02447559387560148 0.01567094645849462 0
5093 0.007648680279068421 0.01373203485088851 0
5094 0.03433790745297018 0.005620245298978817 0
5095 0.03060344580582881 0.06867952228440122 0
5096 0.01462765400516432 0.01798613259718312 0
5097 0.03671972224145089 0.07161731631260476 0
5098 0.005891779722749976 0.006068495593996519 0
5099 0.02713263344945319 0.07724847045080613 0
5100 0.005556490097223669 0.02719922676383553 0
5101 0.004122828958298175 0.009120990854413723 0
5102 0.003657717883049624 0.06098152546297746 0
5103 0.01474783081228197 0.03328823553888588 0
5104 0.01186706501602059 0.008815306027654773 0
5105 0.03645500619787907 0.005126784800781936 0
5106 0.02183064213214088 0.02018512696366048 0
5107 0.01975556267077846 0.05873414871743702 0
5108 0.003763087799755715 0.00558487818234224 0
5109 0.01140043024745222 0.00480245216858393 0
5110 0.03115973679032516 0.01507823453398336 0
5111 0.01002625053056475 0.02046344906880034 0
5112 0.01469179353977256 0.04080785210854616 0
5113 0.004772620471784214 0.05398533488545565 0
5114 0.01416170351206542 0.03515563400464784 0
5115 0.004587984561295713 0.07063755648948868 0
5116 0.008108726586016491 0.06684643078181399 0
5117 0.03853930463801173 0.02088602111493303 0
5118 0.01216153606031346 0.02081182018144785 0
5119 0.02850313055579074 0.03994305312733035 0
5120 0.02517281892579666 0.05714472471452291 0
5121 0.02463496233469691 0.07881754087969901 0
5122 0.0135792299801075 0.06453415526534742 0
5123 0.03558685761586071 0.03452960890428707 0
5124 0.03842958278820194 0.02750359896025207 0
5125 0.005679080972502264 0.01829031067544698 0
5126 0.03044844668102781 0.05220409858785818 0
5127 0.03832967260443422 0.06932583977232365 0
5128 0.0301189957274371 0.02425346197533258 0
5129 0.03054157080775507 0.02380010611561209 0
5130 0.03510772115233647 0.06578100801352753 0
5131 0.009914633511802932 0.002944662130076804 0
5132 0.006449581267310295 0.042640667931384 0
5133 0.02989184108661225 0.02773612604492911 0
5134 0.004424382543683266 0.007601558536848525 0
5135 0.009578572276121047 0.05100465731357184 0
5136 0.02592230201413665 0.05805697617720487 0
5137 0.01327703201126361 0.02282025785121897 0
5138 0.03543688032674011 0.02321126328406771 0
5139 0.02311955083859669 0.05872502940229568 0
5140 0.01516778278064687 0.02910259641543856 0
5141 0.0335069144554618 0.00157088131982791 0
5142 0.008162473188779109 0.02806229826858609 0
5143 0.01766129499941738 0.03578955705497738 0
5144 0.02434533282894804 0.02444558032966109 0
5145 0.00586509519591074 0.07743197459459172 0
5146 0.00515094842820275 0.03657615791501778 0
5147 0.0129665518006345 0.03863494462953446 0
5148 0.002377816216651462 0.06134282638273378 0
5149 0.01562723808803087 0.007667032490990509 0
5150 0.02926169662440472 0.007282466656721165 0
5151 0.03415467743727513 0.03582900316419295 0
5152 0.005272707843264246 0.05602294077991991 0
5153 0.03479776913292764 0.001448853899286451 0
5154 0.01038392217358183 0.0715839788138892 0
5155 0.002721509296405151 0.0605316631298896 0
5156 0.002432100928070689 0.06320343166044085 0
5157 0.01763461835319867 0.008568871294488065 0
5158 0.03666401782746433 0.01198365246462881 0
5159 0.03348861136502815 0.01783694566593776 0
5160 0.01190191517306324 0.02300920503035694 0
5161 0.009570110369869551 0.05315465385452232 0
5162 0.0004409725750007219 0.03874940432504535 0
5163 0.03217448545196276 0.02705310127149929 0
5164 0.01425276066259649 0.0539955097160152 0
5165 0.03488529530477445 0.01981541846770254 0
5166 0.007464240342427955 0.004187954792970697 0
5167 0.01069251358312268 0.02446170688015145 0
5168 0.01144592743073604 0.01137712955047319 0
5169 0.005468522813621054 0.01534744519053916 0
5170 0.02227137460338603 0.06365081012568248 0
5171 0.02312719111003236 0.02726727288384796 0
5172 0.02757174706059322 0.02379166357726975 0
5173 0.02505616206717689 0.02750100470049419 0
5174 0.006401647466720468 0.0344973931643953 0
5175 0.01654979551288849 0.05156808995403927 0
5176 0.03239200287834279 0.02585390070457554 0
5177 0.002863706989341026 0.01471889372950348 0
5178 0.0120553494000743 0.02667379458493761 0
5179 0.03142937917712756 0.04880874754221522 0
5180 0.002250178334870383 0.01583767254894938 0
5181 0.0271037928818655 0.05249282644971596 0
5182 0.008905534320544951 0.05328658841984158 0
5183 0.00822896987659397 0.07943898309276418 0
5184 0.01177297144470436 0.005888482215378771 0
5185 0.009020153479807082 0.03145063996681913 0
5186 0.03208758286387509 0.02455692155873639 0
5187 0.02692139022835049 0.03251242864830377 0
5188 0.03549705911949844 0.009376750081744562 0
5189 0.01000962479133646 0.007296607178741907 0
5190 0.03241214593811664 0.04339028927270044 0
5191 0.03171272865305819 0.04320201185643974 0
5192 0.001375363807050139 0.04675036240210668 0
5193 0.004734689536860716 0.04800120680254698 0
5194 0.02775175922684737 0.0535890504265565 0
5195 0.021644303147348 0.05725691248672168 0
5196 0.0237654789075838 0.03281055714466698 0
5197 0.01722894064911674 0.02877534308086953 0
5198 0.01462869289629904 0.06499329007187005 0
5199 0.0255417582468892 0.01641439656176396 0
5200 0.03611537500342756 0.07154769051660562 0
5201 0.03166983109244952 0.07752771691349654 0
5202 0.01374451799642988 0.02868913304351256 0
5203 0.02542769089101713 0.03503507662127171 0
5204 0.02628514315859855 0.06453262364637063 0
5205 0.003319821209223126 0.05293174619175767 0
5206 0.001988168763532548 0.05669565863298683 0
5207 0.01000920737707528 0.04750734688094213 0
5208 0.006783165592206554 0.007502260888494192 0
5209 0.02752462443521045 0.02020286444768696 0
5210 0.03707230320597842 0.04742629582091508 0
5211 0.01963807766660085 0.06087432445529185 0
5212 0.01091099770678181 0.001480673822365781 0
5213 0.02980255246465981 0.004704628855062176 0
5214 0.03733732437944724 0.006043262527992782 0
5215 0.03245234590458475 0.02239036200383701 0
5216 0.02394320574010537 0.02255470157332615 0
5217 0.0184064189186985 0.07678608195269572 0
5218 0.001618786383034313 0.03927502540749902 0
5219 0.03601850182441837 0.06506773829691315 0
5220 0.02135163877740685 0.006760969918629151 0
5221 0.003871853246665152 0.07251443640378855 0
5222 0.02809897994374452 0.03258246974947727 0
5223 0.02547418048645271 0.009111236898126908 0
5224 0.0394608919259536 0.008224906829168724 0
5225 0.02070514696512811 0.04260991226540518 0
5226 0.01572784353525155 0.03820747583050737 0
5227 0.008473137632175843 0.0550463903422514 0
5228 0.01153383091750319 0.04262676476137415 0
5229 0.00959778557936004 0.05241405568448165 0
5230 0.03467573356551309 0.06325333212619041 0
5231 0.03419171778247905 0.0005706964671984213 0
5232 0.02427673613711289 0.05617818046100331 0
5233 0.03466106766634951 0.03048359311588007 0
5234 0.03866735515875475 0.05180064722964652 0
5235 0.01026789188174951 0.0568308119483503 0
5236 0.0190137221160438 0.05172885063899747 0
5237 0.03177769587987102 0.05691197137045698 0
5238 0.03098698229016221 0.002647042631798199 0
5239 0.002402065013678973 0.01235820391758404 0
5240 0.02027657561628571 0.06596856283611466 0
5241 0.009379341135414856 0.07097731760127751 0
5242 0.03501655823495232 0.07100621480258208 0
5243 0.009505061402126388 0.04170186219687468 0
5244 0.00992775076092688 0.04203286022140032 0
5245 0.01301411779256501 0.05625648866925741 0
5246 0.01107193602163142 0.01208301948959817 0
5247 0.01121413115947795 0.04044887702170812 0
5248 0.0004948165238787237 0.002551736129667186 0
5249 0.02399410182632254 0.05560163465551281 0
5250 0.037433146077571 0.03618267275673197 0
5251 0.02155372188265449 0.03230425161923047 0
5252 0.03415105926076065 0.003320919849652181 0
5253 0.0006239209961753193 0.05522214871299881 0
5254 0.00857291188918393 0.0425290485957755 0
5255 0.02375638181747659 0.04435431752417551 0
5256 0.01677644092267376 0.07596426343277957 0
5257 0.02856828464727065 0.03444501816004281 0
5258 0.01349954173288743 0.06617013341496043 0
5259 0.01296011046167867 0.06577397859683974 0
5260 0.004740895240726708 0.004068046014576415 0
5261 0.03607220998985816 0.01571828930139002 0
5262 0.02092042808379024 0.06325451651730024 0
5263 0.0005974166907429836 0.024440868882212 0
5264 0.03837507107542894 0.06340494370857135 0
5265 0.03335333730454063 0.02799620749597741 0
5266 0.004485302120626394 0.02919915164360484 0
5267 0.01031179285466707 0.02627350438450456 0
5268 0.01103230427434954 0.04695199080651831 0
5269 0.02483422494439444 0.07178611913729624 0
5270 0.0360518045232644 0.07777711968456941 0
5271 0.02987282125722848 0.07231538598315615 0
5272 0.004883413532534525 0.01490318490623049 0
5273 0.02962112148835742 0.02396695099215453 0
5274 0.01735354512122117 0.05929606001845794 0
5275 0.0104188048157324 0.005087547565411986 0
5276 0.02540214330404282 0.03365770152416598 0
5277 0.01980228638776805 0.04976072534173105 0
5278 0.02359594306906395 0.0185345422945565 0
5279 0.03946263909046803 0.02253170438315452 0
5280 0.0153596450601997 0.05568031722877605 0
5281 0.01326821285265838 0.0114227231719432 0
5282 0.001705794567426942 0.06404253377546315 0
5283 0.01202296542049869 0.05095780070623054 0
5284 0.009531461554184778 0.01332274870333634 0
5285 0.01245887724424546 0.05750096067825042 0
5286 0.0197844347056826 0.05798686523696257 0
5287 0.01504775921447103 0.03904606738775895 0
5288 0.01243312198720283 0.06612447383654838 0
5289 0.007448606517549116 0.004846793494728163 0
5290 0.02652403424473462 0.05861141084497606 0
5291 0.03625158270829168 0.0632309355840215 0
5292 0.003448328714262035 0.06799702004579522 0
5293 0.01487701709358253 0.05823307454646071 0
5294 0.03340186396752515 0.02283330294298433 0
5295 0.004667381769815302 0.05033103362839943 0
5296 0.02564362170230463 0.03069926539039508 0
5297 0.00768762453527585 0.03144323674065357 0
5298 0.03410112725606147 0.01575550059162414 0
5299 0.002884750151956675 0.03494053430588524 0
5300 0.0108265319499296 0.01658003618930633 0
5301 0.02036240231930498 0.0186509664904181 0
5302 0.008332628959673037 0.0658142994978503 0
5303 0.00938664991620148 0.06414374089831343 0
5304 0.003743148103758559 0.02635961636619283 0
5305 0.02706199320389933 0.04130448386906246 0
5306 0.01634369271012828 0.06530130375833612 0
5307 0.03364901463677457 0.025907743464746 0
5308 0.01025216914223693 0.01453473868904822 0
5309 0.01602421997824902 0.05449484470637564 0
5310 0.0384205974678552 0.02345889373313879 0
5311 0.002943316613297081 0.06712004533044365 0
5312 0.007089081791246617 0.01475202684510141 0
5313 0.02701851189541449 0.01037683426205493 0
5314 0.03312688825814238 0.07087285604783618 0
5315 0.01355131065303279 0.03043617512156377 0
5316 0.002011416793274247 0.04180472274769968 0
5317 0.02681370694565245 0.06739256401418262 0
5318 0.02810400147944136 0.00185066354051866 0
5319 0.03639093579383149 0.0466374740440398 0
5320 0.02272931333160303 0.04042050662035462 0
5321 0.006217676865657884 0.05132013529368347 0
5322 0.0133250913635122 0.06207323458065554 0
5323 0.01381123450365981 0.06107592647083519 0
5324 0.03562732536836043 0.06986221833225142 0
5325 0.02894817943301219 0.009889963227243684 0
5326 0.008648110170272954 0.03455769536979206 0
5327 0.03412499497941798 0.03011576097561819 0
5328 0.03440351943595593 0.03427126468685271 0
5329 0.02971538497362481 0.07867673128458176 0
5330 0.01228992289254704 0.06152395852810003 0
5331 0.004457896589870079 0.02781033205796232 0
5332 0.02019860041486593 0.01458491175498689 0
5333 0.01191633493994855 0.01840928207589285 0
5334 0.007722394776747743 0.0529709995198864 0
5335 0.0171948700394309 0.01512787390897139 0
5336 0.0336356217585999 0.04742395483946974 0
5337 0.03068111195843574 0.04358757646569587 0
5338 0.02102659090320711 0.03883947008441528 0
5339 0.03775234634225492 0.05848290115896031 0
5340 0.03165421142006671 0.07046591755704026 0
5341 0.01045418927751781 0.03744262792594409 0
5342 0.01847167887653236 0.03478471591794972 0
5343 0.03691969635659452 0.05277754530880172 0
5344 0.03241421159632283 0.007624614419190733 0
5345 0.02410221346563721 0.07583315006476594 0
5346 0.03378376384239172 0.07180359545070195 0
5347 0.0004950269795656083 0.03512337963084797 0
5348 0.01556063712434511 0.01188065953575803 0
5349 0.03216525058694281 0.02385398662126865 0
5350 0.0184149073239101 0.05981652542520489 0
5351 0.03360578835484865 0.04458112380500733 0
5352 0.01712517436148567 0.04210561905831808 0
5353 0.01920285190994246 0.05282063183194945 0
5354 0.01431317258363443 0.07582125844154611 0
5355 0.02802058042453674 0.06586575780802584 0
5356 0.009094936400284786 0.01178589122217605 0
5357 0.005655441929088432 0.02390219789145167 0
5358 0.02946617638467791 0.04865504886092581 0
5359 0.03787840970650234 0.003471068658284629 0
5360 0.03169623386687449 0.05494183657941462 0
5361 0.02631426002835765 0.04139709954282911 0
5362 0.005506404420336746 0.04204193364200665 0
5363 0.0209946046808718 0.01699015072795063 0
5364 0.008623671103056323 0.07802880120807107 0
5365 0.009233336665057233 0.07849374826367356 0
5366 0.0325601728254231 0.07695744728717627 0
5367 0.02096325112834741 0.01346308875289645 0
5368 0.03247052752047837 0.003373808731441517 0
5369 0.006531646907639561 0.03795455023516951 0
5370 0.02593358099599586 0.04443848294006766 0
5371 0.0268745691321995 0.003540539348110196 0
5372 0.00221310140618132 0.03099701915323434 0
5373 0.02563790900581516 0.02403974617697163 0
5374 0.0325212151741613 0.005288931005882035 0
5375 0.03953608348240924 0.03180964233939849 0
5376 0.005188169210370278 0.04549041529799099 0
5377 0.01195693627188316 0.07943420217077077 0
5378 0.03340611438588333 0.0690586057127511 0
5379 0.001420016485893343 0.02266836494824363 0
5380 0.0295992131596685 0.03612189297637183 0
5381 0.005979218033748684 0.01397569629803477 0
5382 0.0145303931826549 0.06762477878342341 0
5383 0.00829345253390559 0.002294470255319585 0
5384 0.01382061169475694 0.0108527509206253 0
5385 0.003507861521222275 0.01015536263248293 0
5386 0.01063297397239141 0.04348596670702258 0
5387 0.03248967450961145 0.03244435642397116 0
5388 0.02664822914111047 0.01436978017249724 0
5389 0.0288844192213666 0.05078657718961174 0
5390 0.01419613342419332 0.07369848513616817 0
5391 0.01365991345340986 0.01464836815803905 0
5392 0.009596679352228639 0.05884802643230396 0
5393 0.0286814266532726 0.03783439123618265 0
5394 0.01805858549753806 0.0592651236614412 0
5395 0.01209687936751778 0.003708779942522673 0
5396 0.002835283729721041 0.06451418092808781 0
5397 0.005251492726577271 0.05302048249971002 0
5398 0.005502642125455886 0.05247563764427284 0
5399 0.003776480861809595 0.0130930407071084 0
5400 0.03075307940016812 0.0403123796555094 0
5401 0.01355723343174078 0.005496297006785514 0
5402 0.0204735286359667 0.05280462002354634 0
5403 0.004682648379560603 0.05734893162266652 0
5404 0.007583381532071456 0.03470531730083043 0
5405 0.03288223600749923 0.03199858093215777 0
5406 0.008918550219526835 0.059855827107297 0
5407 0.01482437374546506 0.03691570572267949 0
5408 0.01731805992056355 0.05002273633948114 0
5409 0.03308629430179059 0.02630459742324561 0
5410 0.007329818090427365 0.02148036321122195 0
5411 0.03309424662225084 0.009231952249839286 0
5412 0.03071444311618509 0.01626783869832443 0
5413 0.01055501075116375 0.008047799549623098 0
5414 0.005652361357451542 0.0727328028216232 0
5415 0.03811890724479166 0.06716960182578474 0
5416 0.03730904951813736 0.02487023230405094 0
5417 0.02810740401876717 0.04469717802576426 0
5418 0.01642103743252375 0.05389528385681291 0
5419 0.02035323336443843 0.004971775469960311 0
5420 0.0309639568875719 0.02755672045147298 0
5421 0.004840743703897726 0.07423934309254383 0
5422 0.02795060592821021 0.04679618777534936 0
5423 0.01588140328445701 0.01307872164908689 0
5424 0.03163249756220594 0.06942369776058033 0
5425 0.03214067420518767 0.04203734174420199 0
5426 0.002991254143998812 0.0505778277899769 0
5427 0.03260905293364161 0.0281082944250086 0
5428 0.00517346027396404 0.07083567735781468 0
5429 0.0385484754128307 0.0115450699668646 0
5430 0.008166985950334084 0.003394136333434356 0
5431 0.001977441000865589 0.07324226822605509 0
5432 0.03271857239619666 0.07945254498140107 0
5433 0.01345227348174519 0.03311822545317511 0
5434 0.01475757382648478 0.02153093842776244 0
5435 0.0357522485318589 0.03240087673204992 0
5436 0.01749949571924767 0.007528670209519445 0
5437 0.01511835667035464 0.01295078917016552 0
5438 0.03849814194360072 0.04487062166389417 0
5439 0.03692427828501859 0.04214165476231174 0
5440 0.02372367397140785 0.06191092163936076 0
5441 0.01367736604807555 0.05424814345734636 0
5442 0.003669996904260654 0.01779285989708706 0
5443 0.003090564334938713 0.01805909256692598 0
5444 0.0385971902285232 0.02473021227046111 0
5445 0.03221506803299232 0.04526826478254031 0
5446 0.0232460417396621 0.003457556180831385 0
5447 0.01519827915608955 0.001694959638640629 0
5448 0.03950048792571265 0.04634974366667829 0
5449 0.03292394408477222 0.04283253229782002 0
5450 0.00262010266872675 0.02226596587258095 0
5451 0.0394079183937344 0.06990438578806064 0
5452 0.03792385725319219 0.03961304692950066 0
5453 0.001512685100807556 0.07512596357883164 0
5454 0.0262680236995742 0.06190760776267066 0
5455 0.03409495590761304 0.02699493294016438 0
5456 0.0361401400679761 0.04717458070934294 0
5457 0.03742695785149375 0.001727426090371208 0
5458 0.004415663107722352 0.06360541833082525 0
5459 0.02209458489856706 0.0314815354617814 0
5460 0.005856761312537626 0.04999592034246413 0
5461 0.01529349054075821 0.07426670021540005 0
5462 0.03718758411520434 0.003444296809513171 0
5463 0.001402434624849739 0.07606192616212647 0
5464 0.03051541691132249 0.02190659262173848 0
5465 0.006745120308900931 0.02259803154728688 0
5466 0.006576297812565631 0.02196351231655691 0
5467 0.03474762889300484 0.05110055993958253 0
5468 0.02523224752885473 0.07535972515554162 0
5469 0.03125226615172773 0.0166442350771639 0
5470 0.0238566367580252 0.02758719523584998 0
5471 0.03429569591089737 0.05410659258414795 0
5472 0.001470275906021081 0.06515266903501638 0
5473 0.002721321431999175 0.02306594707380697 0
5474 0.03783953938844086 0.054941861837713 0
5475 0.0154919714641967 0.05333755039576255 0
5476 0.002929551177163179 0.0439240521790631 0
5477 0.03727065301470967 0.0650400695273238 0
5478 0.01692391576497916 0.01266881708719458 0
5479 0.009215201922722143 0.06759947762685925 0
5480 0.02759579446960567 0.06549614526583916 0
5481 0.01203685648033181 0.03357682309390261 0
5482 0.03814082029153749 0.06289055839715336 0
5483 0.03132854250322305 0.009982852833033365 0
5484 0.0192446043573623 0.03072738989657727 0
5485 0.009384066973350874 0.06967419570487912 0
5486 0.00333158635757478 0.001409314487173706 0
5487 0.03565381956507407 0.05254654547629912 0
5488 0.0135231781497184 0.008839136161845326 0
5489 0.03799138921496458 0.05209186906493228 0
5490 0.01316357927763834 0.05057982085408719 0
5491 0.02488546865736833 0.07607325610508625 0
5492 0.02570525393907094 0.07093639159860601 0
5493 0.02272112623930311 0.03244947427366306 0
5494 0.01146585648569787 0.001256976652729842 0
5495 0.03160988803083115 0.03927172668455551 0
5496 0.03340939273848335 0.0150608067014146 0
5497 0.006566918697628196 0.01371290045740662 0
5498 0.003676225805071483 0.02206329289766018 0
5499 0.01002132545424464 0.02296266416208678 0
5500 0.01350468622049025 0.04044003032031682 0
5501 0.004160467292179434 0.04638813979148965 0
5502 0.02110957011942668 0.05190772622568745 0
5503 0.02872826233242656 0.04327147037476241 0
5504 0.02459678640120181 0.0098945281723955 0
5505 0.02115845597732061 0.07092086441326416 0
5506 0.03495072250843027 0.07028381951987052 0
5507 0.005326591711742575 0.001711878911181373 0
5508 0.03111415490907513 0.04134163924297632 0
5509 0.02607502036641716 0.07334216177568252 0
5510 0.01662647023506122 0.05277271065641025 0
5511 0.002577076270969602 0.07564689399035428 0
5512 0.001536565988219836 0.01685142952459219 0
5513 0.0319060453418538 0.06676571048335408 0
5514 0.03065376802696176 0.02897979830445909 0
5515 0.02042616217935499 0.05895013401962873 0
5516 0.03153909559630921 0.02566259887851277 0
5517 0.02982601809968242 0.03470412712736913 0
5518 0.03726697685320933 0.01147493126793742 0
5519 0.03473506438614294 0.06904407946187222 0
5520 0.03766277957143539 0.04075050259416119 0
5521 0.0116374037007984 0.01379349512840591 0
5522 0.004841391583499895 0.02702466509970482 0
5523 0.01126540710162442 0.01014944552562608 0
5524 0.01421474441541778 0.03063588142519251 0
5525 0.006126202786585572 0.002198963372269352 0
5526 0.01511367024179726 0.03182305097194446 0
5527 0.02878235993759987 0.07062527547754147 0
5528 0.0005361809661377261 0.04230902762259866 0
5529 0.01364757289399232 0.00661615093416499 0
5530 0.009845207982789995 0.07527798829501223 0
5531 0.03163597288539841 0.01879278484379014 0
5532 0.004819494842340453 0.07728274084346734 0
5533 0.03700914467099179 0.02599284021633316 0
5534 0.01646576105840759 0.05519048798652208 0
5535 0.0381374675865002 0.07720346344025256 0
5536 0.03468940427350731 0.03243086136769586 0
5537 0.002701540550017225 0.07950598981576315 0
5538 0.03624944177101001 0.04956096476199245 0
5539 0.002942941323125756 0.05606326277691846 0
5540 0.02048425437657774 0.04504731670900597 0
5541 0.02132335622983667 0.01620896116602615 0
5542 0.01777174735264763 0.02823641199269246 0
5543 0.02666042860509624 0.06489395967537379 0
5544 0.00893340973347268 0.0005627078795071155 0
5545 0.02318520323504107 0.008621825694500596 0
5546 0.004746444469432367 0.07539856033823794 0
5547 0.02785172373638702 0.005093057269062964 0
5548 0.02015857137075779 0.07233396066381627 0
5549 0.02030017391668946 0.07163412843159178 0
5550 0.03869089758301192 0.02186885597950055 0
5551 0.02755346112185901 0.06435200782490812 0
5552 0.03367259373223468 0.04065133874766197 0
5553 0.005814545583967047 0.04355086676907613 0
5554 0.01082121941713825 0.04485589767269504 0
5555 0.006462349462211539 0.0546278449225765 0
5556 0.03105556535992028 0.04559020983214061 0
5557 0.02429145291556175 0.003697104128710958 0
5558 0.02899519528290934 0.0201864854860026 0
5559 0.0133446446873766 0.05678477925818613 0
5560 0.03367926276172776 0.05079273774619248 0
5561 0.01441682333563372 0.0138425272535275 0
5562 0.001550662858750024 0.05472865175351663 0
5563 0.01849507575716056 0.03599848419269792 0
5564 0.03110941159263576 0.0202310738357502 0
5565 0.03559185949334159 0.005836722455900403 0
5566 0.02717900754099728 0.036529177133267 0
5567 0.0265965878764608 0.02462514019717501 0
5568 0.006348157953137911 0.07946238246477848 0
5569 0.02194868796838969 0.05594793283085972 0
5570 0.02424424015681306 0.071259127352287 0
5571 0.03311938599439179 0.02930052316095574 0
5572 0.02986135663676595 0.04696682189359178 0
5573 0.03167877140362663 0.06487071248613158 0
5574 0.03952532280934527 0.01108341175254487 0
5575 0.02711622508638597 0.05318563859219869 0
5576 0.02911693668905608 0.01673754303789076 0
5577 0.03574306006768768 0.01060302608438424 0
5578 0.002918582764339976 0.07424687131348098 0
5579 0.03320343884414744 0.04168440040620489 0
5580 0.01993571144440781 0.01978528332232975 0
5581 0.03717557603027943 0.07300144775250403 0
5582 0.01466650728090376 0.01868648832912079 0
5583 0.009290908807307815 0.01664035902907265 0
5584 0.02274438856351101 0.06043839109277477 0
5585 0.009547150398132675 0.008950625526155942 0
5586 0.03013298808481659 0.041809332652437 0
5587 0.03441039272133929 0.009493726640163971 0
5588 0.00985672190995078 0.07194695879312588 0
5589 0.00716807384981016 0.05882912806941337 0
5590 0.00851346013111921 0.05266474001603052 0
5591 0.003513261033127692 0.05705511692078849 0
5592 0.02133753161488673 0.06499519499491113 0
5593 0.02447905773836427 0.0433097582800928 0
5594 0.002737268540651653 0.06588864214599466 0
5595 0.03090907335885614 0.07845242179865758 0
5596 0.01758360733980326 0.0681978964625842 0
5597 0.01278728101793344 0.0535496080637681 0
5598 0.01282190554018515 0.01542555799367706 0
5599 0.02399338941022294 0.0482988156872208 0
5600 0.02438690259924339 0.06933381895530238 0
5601 0.0251099663132752 0.02291090342406059 0
5602 0.03862062526273664 0.05309396236925468 0
5603 0.01818544285613093 0.04721927510339981 0
5604 0.02096002436928642 0.01770634389340132 0
5605 0.01250760077708108 0.06686287659634363 0
5606 0.01602867342688983 0.02334346645579015 0
5607 0.0211178924806877 0.05678889472087563 0
5608 0.02096926730151318 0.06773658518347209 0
5609 0.003984949751330406 0.01117342986265977 0
5610 0.004798713909598981 0.04369885864271493 0
5611 0.03581752811742594 0.03518280948436987 0
5612 0.029453390724684 0.02343675560398781 0
5613 0.02002809851400596 0.05167377567903426 0
5614 0.02844203111115796 0.05033230438406273 0
5615 0.03803163825721892 0.05965378904386481 0
5616 0.03321137980100118 0.01898565567200306 0
5617 0.02290814337482556 0.04718827799321484 0
5618 0.03735928510036676 0.07956436209106449 0
5619 0.02650028412318791 0.03385374521617121 0
5620 0.03674423781143898 0.006249765698633988 0
5621 0.0285094544557559 0.06047903224096431 0
5622 0.007262376538499678 0.04947223444977293 0
5623 0.03332448054382363 0.04790140975579844 0
5624 0.03950044905794298 0.008794731812138416 0
5625 0.01090110977063321 0.04261519712588024 0
5626 0.02036651015147428 0.07030998747801956 0
5627 0.03851635468429721 0.006721727032862307 0
5628 0.01504239706364476 0.03443845503897187 0
5629 0.02743784073565038 0.002528150111573112 0
5630 0.03053072305057762 0.05398899589513016 0
5631 0.01519607071860484 0.005755902053712715 0
5632 0.02313155038666184 0.03709264489823187 0
5633 0.03653560940838713 0.02493341857124265 0
5634 0.02781719675406019 0.07362612260416829 0
5635 0.02636885976891176 0.03094293622472847 0
5636 0.0258995480811386 0.05729132408826475 0
5637 0.02920549623693139 0.0680626633774695 0
5638 0.00920723327939736 0.07151075795597768 0
5639 0.03487132153739941 0.07737275095653143 0
5640 0.02140079347581334 0.01501483232881537 0
5641 0.01055779952086149 0.0778086824869198 0
5642 0.03002870991866871 0.02695468392449875 0
5643 0.03954489890112851 0.04906586724596806 0
5644 0.03450625993674752 0.01810971395606744 0
5645 0.02123897678267988 0.06912508403706927 0
5646 0.02802639605061289 0.07165271876724208 0
5647 0.005341391339536185 0.004455140677524505 0
5648 0.02775678369586305 0.0261916292088729 0
5649 0.01393476627236005 0.02931886058654931 0
5650 0.01524663511929699 0.04123846095051539 0
5651 0.01701953402228121 0.02673778128514165 0
5652 0.007541018929293292 0.04096554982796779 0
5653 0.02910289777974886 0.006642784542780139 0
5654 0.03642594353301057 0.03157260061202431 0
5655 0.03733313520831548 0.05394173884455931 0
5656 0.02032344212422789 0.05980533898519315 0
5657 0.02299585434410641 0.01393389711391562 0
5658 0.005272833832389566 0.03786456406429228 0
5659 0.02372634710151691 0.06296807356773641 0
5660 0.000454717987112236 0.05741942332786403 0
5661 0.03946460152162507 0.05257921915159612 0
5662 0.02628273430960673 0.04239422828308196 0
5663 0.005474177200279913 0.07853062956123297 0
5664 0.03156313774062104 0.05157800588167392 0
5665 0.03038389564593745 0.007186973446426229 0
5666 0.01526990844638934 0.01965436991318742 0
5667 0.004070232900382748 0.03627488486635168 0
5668 0.03792404912468762 0.0454122721902236 0
5669 0.02413236968866252 0.02948734323726383 0
5670 0.004963449586674853 0.02567047767073034 0
5671 0.004841623982623841 0.06128595733167347 0
5672 0.02807662822174047 0.06113392875920577 0
5673 0.02559233276272647 0.07944820063293567 0
5674 0.004077910855965754 0.00305970088346634 0
5675 0.02538775817425276 0.01283130652757086 0
5676 0.001683549235475396 0.06228772281166585 0
5677 0.02116896396814324 0.03016508722819144 0
5678 0.01825243394642166 0.01843850588838006 0
5679 0.01705936625886694 0.07266802393704604 0
5680 0.004337808427490406 0.06892977820137809 0
5681 0.006257697755169735 0.06343940615348055 0
5682 0.01937013277670211 0.03297652431467983 0
5683 0.0042697445928414 0.03744564519462221 0
5684 0.003433119962911669 0.02956528888373082 0
5685 0.02651029619419575 0.07752229023444344 0
5686 0.02118209335965925 0.01283606903869516 0
5687 0.02097700404336733 0.03188088671436412 0
5688 0.0305115025820975 0.06355420526799366 0
5689 0.0310954658104963 0.02405862800421379 0
5690 0.03785447813073199 0.07082032918710629 0
5691 0.007481979627807896 0.0682660229242731 0
5692 0.0336931438872058 0.0794512237037753 0
5693 0.01598848633207472 0.04215186514615734 0
5694 0.01321280228686829 0.003876887090998822 0
5695 0.02434866053589481 0.008805037167146281 0
5696 0.03528600000035166 0.03747022454377166 0
5697 0.03602253605378743 0.06208524413887558 0
5698 0.02721037060320285 0.0249757219528261 0
5699 0.03414058810909025 0.04660284731701456 0
5700 0.007861122929395146 0.0221561755158093 0
5701 0.03940817260151054 0.01680383741465695 0
5702 0.007001834304052764 0.03161517008088143 0
5703 0.01227946900546193 0.04187004958058264 0
5704 0.03860691226577637 0.03001341913582005 0
5705 0.001540325045686807 0.01304906597095912 0
5706 0.014385941983264 0.02697933056852576 0
5707 0.01359626227074542 0.002613580470843792 0
5708 0.03033091177097446 0.07949559261368587 0
5709 0.01784173203128779 0.0120171616459014 0
5710 0.02869672030477936 0.05713217284795963 0
5711 0.02033950866700491 0.03270943016839579 0
5712 0.01992743171244885 0.05109298836664308 0
5713 0.0371239501617411 0.03249153745957804 0
5714 0.01510880455250851 0.005204218960407965 0
5715 0.01517965349372326 0.04193897250186276 0
5716 0.01260257851964897 0.04426523512279478 0
5717 0.02604903297458786 0.02550560868519548 0
5718 0.0353570341019069 0.05132484543666867 0
5719 0.02225419158067891 0.05709927716934873 0
5720 0.03379022150118051 0.07075534645660644 0
5721 0.01735325023942009 0.02114240475256237 0
5722 0.0357883224331568 0.0004592435384503102 0
5723 0.03304214382483858 0.01039836152718113 0
5724 0.03594840549571149 0.07257642815100657 0
5725 0.03039874472393385 0.03277963875947074 0
5726 0.02521254683955786 0.009727078876265356 0
5727 0.03797364696548114 0.07172459212798178 0
5728 0.006924907172933176 0.003930876181720083 0
5729 0.005714947797454335 0.03882161800448479 0
5730 0.02817650040845029 0.003777817771976458 0
5731 0.01212089554599095 0.04925165174230611 0
5732 0.02666539454293915 0.04021074456781828 0
5733 0.02619057011821806 0.01641752023968271 0
5734 0.002435830534843145 0.02085498701066708 0
5735 0.01151014505857334 0.03249434525536125 0
5736 0.002450435038183697 0.055613244448926 0
5737 0.0112394093771522 0.05755848520682066 0
5738 0.001854877656485218 0.04626173138937498 0
5739 0.02020671408029511 0.04428656270893401 0
5740 0.02370200389945675 0.05881773916295438 0
5741 0.01986133118256211 0.02184231346294533 0
5742 0.01835841651004074 0.05068909304343083 0
5743 0.01210973454283615 0.03972842432775673 0
5744 0.0132490071214543 0.03644125314847463 0
5745 0.01766231854176114 0.07849351695154537 0
5746 0.03732687696775075 0.0004670457064653508 0
5747 0.02023273133952019 0.0557364294960055 0
5748 0.00549863932590745 0.04021345696256168 0
5749 0.0129467565672974 0.04999150908709749 0
5750 0.02551492761339596 0.007101856868741402 0
5751 0.007909933095753802 0.01179929129602137 0
5752 0.000510116004874054 0.004781964566045106 0
5753 0.03832706965435757 0.0417201877156617 0
5754 0.0172993881461597 0.004777503664512753 0
5755 0.0252550802829164 0.01211053720339625 0
5756 0.02813969366517979 0.06760688405025637 0
5757 0.03764279877746611 0.05299741156197207 0
5758 0.01648257773868397 0.01985321588941811 0
5759 0.02321742821207125 0.06810848982032483 0
5760 0.02642966180345113 0.04565406656335781 0
5761 0.02455699351023627 0.07047817537631555 0
5762 0.01923329050797229 0.03176503943130144 0
5763 0.02338808922556577 0.03413080971602634 0
5764 0.006178038894035062 0.006507198540754537 0
5765 0.03541315370770417 0.07940580137256428 0
5766 0.02575051044554083 0.004533806296116757 0
5767 0.03037331440186283 0.07321922013889517 0
5768 0.0321682223401901 0.02107304034278681 0
5769 0.01831600648174557 0.009982643177602588 0
5770 0.001414550991132142 0.01172252869033327 0
5771 0.0180879507385279 0.05744715814973596 0
5772 0.03831661537350222 0.01529416091065529 0
5773 0.02881667160237705 0.03171013324558504 0
5774 0.01974252779636869 0.03598132422864217 0
5775 0.005813201471519975 0.04738716069980851 0
5776 0.01744831427736915 0.02189231255371825 0
5777 0.0309211215109234 0.04492250091201505 0
5778 0.003097182495247687 0.03192303855178368 0
5779 0.02633701029490493 0.05151557309217988 0
5780 0.02046851133178439 0.0501018336713201 0
5781 0.03586447516956531 0.05323363998398903 0
5782 0.006133322919491792 0.07577167655331464 0
5783 0.01314841230992122 0.02862018688498579 0
5784 0.002665869950804183 0.009294922438393763 0
5785 0.004930485135936946 0.039135168142917 0
5786 0.03293319662559974 0.03876020782447384 0
5787 0.01766268054559203 0.03240897059611719 0
5788 0.02640766603106972 0.009959935504174414 0
5789 0.03686884652826601 0.003968364414570442 0
5790 0.01494211699109474 0.0283526527906086 0
5791 0.02521481822403329 0.06158099989361521 0
5792 0.008233920303901231 0.00775663393892384 0
5793 0.01949901731037049 0.06351056353261472 0
5794 0.01226560538615863 0.07364105754145539 0
5795 0.002080030060956951 0.01976454044310029 0
5796 0.03560937412677433 0.01335965783054106 0
5797 0.02847173635083727 0.02967257969284069 0
5798 0.01336713646049821 0.05572430464830056 0
5799 0.02592301265733749 0.01828080453169576 0
5800 0.008015185011882739 0.03201321104205646 0
5801 0.02941854973092192 0.000518438787422873 0
5802 0.003251990750208364 0.05976790617232779 0
5803 0.01786126893284115 0.009579486706563219 0
5804 0.01872424762835702 0.008858034096191431 0
5805 0.03192681202533722 0.0004573704427508485 0
5806 0.03955611279954878 0.04762410178437912 0
5807 0.028305056805597 0.0562909794671914 0
5808 0.008430939030312268 0.05570506846336648 0
5809 0.01658773719911455 0.01467118745301493 0
5810 0.01427632579650316 0.02288973916707016 0
5811 0.02460841749579735 0.05390475373627258 0
5812 0.006919979484681153 0.06324890766353494 0
5813 0.02885815733744765 0.05829969275991258 0
5814 0.001183103697220432 0.04779013577264213 0
5815 0.02642266738710069 0.06688286256536388 0
5816 0.02333433146558812 0.01223139307951352 0
5817 0.005110629619838623 0.008536410377869112 0
5818 0.0201198205344871 0.02413475963814115 0
5819 0.01041401505909627 0.03302434936479366 0
5820 0.002490167864981699 0.01761254845379779 0
5821 0.01499367197000429 0.05218837732852191 0
5822 0.0219420717783189 0.03524660394338874 0
5823 0.02271113589020065 0.05750611810298009 0
5824 0.03049468682204487 0.04597095554211461 0
5825 0.01036357731450388 0.04690440620412417 0
5826 0.02523835529926068 0.0741556055200884 0
5827 0.02265728443320439 0.03939916994739925 0
5828 0.0280530774236711 0.02803869397020147 0
5829 0.03953804208439991 0.004645035416551972 0
5830 0.03957099190512502 0.04330236936312529 0
5831 0.03491140667793382 0.01254168081571694 0
5832 0.03528666019068714 0.04628430119112031 0
5833 0.03837738774628281 0.02286864803597864 0
5834 0.02904217644824107 0.05252834721035295 0
5835 0.03664815183297849 0.02385341490979688 0
5836 0.02410182027053434 0.03886042924880877 0
5837 0.0377321084565636 0.07605479552978819 0
5838 0.03597601235417379 0.03029155552593633 0
5839 0.03806760158022056 0.001389051399746224 0
5840 0.03366829718264082 0.06392973774787879 0
5841 0.01911831822587268 0.005772995979539917 0
5842 0.03185536440780193 0.004333224113266261 0
5843 0.02604506799124473 0.05337708461236061 0
5844 0.009340902894790325 0.01534348411254702 0
5845 0.01993630235240955 0.00289403859680129 0
5846 0.01974497927971797 0.009531217191312176 0
5847 0.03954428187872956 0.002502196289269974 0
5848 0.02090357408994781 0.0221526610985352 0
5849 0.01971818926464848 0.07793846044825239 0
5850 0.0200078660834332 0.04271793302136596 0
5851 0.02972991444228225 0.01845287438297318 0
5852 0.01143976984282905 0.0641987681756922 0
5853 0.03255154681289815 0.07325019395494646 0
5854 0.02407791684294685 0.07774987351582706 0
5855 0.00668483996568303 0.04168607159938707 0
5856 0.01548255908352759 0.01089969627642237 0
5857 0.03602686512155238 0.05929064971098336 0
5858 0.002816930429588971 0.04941714258197276 0
5859 0.002681055323344356 0.0330006478882885 0
5860 0.001365138267960395 0.07943401926919008 0
5861 0.01625350506843114 0.03405074599400835 0
5862 0.03597782903167417 0.07514493458730286 0
5863 0.009345009391928654 0.04733833728285951 0
5864 0.02809504348407567 0.03381703894293806 0
5865 0.01725821625103754 0.05185866943531498 0
5866 0.001479222945983356 0.03237029710286311 0
5867 0.01987743762906438 0.007938343125002627 0
5868 0.01640575434747802 0.01805276687882762 0
5869 0.0189753478873078 0.04958338751163465 0
5870 0.0265142638472692 0.03571054114075769 0
5871 0.03415927451494795 0.07124435170702384 0
5872 0.0223109898173873 0.06472060752407437 0
5873 0.02563445318006076 0.07829152361042943 0
5874 0.0250003708346093 0.01087365491623974 0
5875 0.02153977730338245 0.0237592545332975 0
5876 0.0315260905241406 0.05367947804475717 0
5877 0.03734250143476123 0.02284793554410951 0
5878 0.006394025329692722 0.04324857821538421 0
5879 0.02671893480404036 0.07948496300416066 0
5880 0.01131435575707974 0.04754211248166188 0
5881 0.02956579578843812 0.002973840490481605 0
5882 0.03083791648535378 0.07434189799114785 0
5883 0.00853565140822404 0.07417259160019257 0
5884 0.0005302476435882601 0.05896492370843186 0
5885 0.03596774872385239 0.0228977972182444 0
5886 0.03096519790263742 0.07047333334296899 0
5887 0.02489563095646904 0.03959249769039869 0
5888 0.001423350678869513 0.03438848856650137 0
5889 0.02743919147149332 0.04555597034512213 0
5890 0.02382343043855345 0.008384620238817836 0
5891 0.004786784609065425 0.005281176990767279 0
5892 0.02182273380966989 0.0274157680387844 0
5893 0.03046460114707115 0.06076701784154614 0
5894 0.03740130726063708 0.02926888051853022 0
5895 0.02631730807156473 0.02015816020097965 0
5896 0.008269257931602906 0.07072433308805215 0
5897 0.01975419635195504 0.04203485792265203 0
5898 0.02868239206876993 0.0005517641312502569 0
5899 0.02958058021433123 0.01944104067593797 0
5900 0.03135014850261666 0.02871137596539892 0
5901 0.03607950554601831 0.002989333448902669 0
5902 0.006825650132648674 0.06737339074471271 0
5903 0.002721186488775004 0.005204435285303628 0
5904 0.0349211116007441 0.04107060256528743 0
5905 0.01132891486149482 0.01474393299527333 0
5906 0.000431092582608629 0.01345869826773772 0
5907 0.03052490824956013 0.05106302986193875 0
5908 0.01240005940742705 0.04071960174302253 0
5909 0.03529368901245666 0.03007993353471643 0
5910 0.004346698034662873 0.04950055780798997 0
5911 0.0210227476232313 0.07151728933157217 0
5912 0.01518436151679991 0.0005368343492530361 0
5913 0.03302231588200487 0.006305712655161749 0
5914 0.02195883320349233 0.02123264142406441 0
5915 0.03166141036868153 0.01299073415118341 0
5916 0.02695196251340615 0.07417279253520008 0
5917 0.003187884873608202 0.01219284588359304 0
5918 0.0104481868355761 0.07305357226580091 0
5919 0.03223214815785216 0.01468096136528391 0
5920 0.007474028150347005 0.02723164037974059 0
5921 0.0231874104862154 0.04282073883431638 0
5922 0.001291759707488523 0.02772168275166435 0
5923 0.03178529436671747 0.002771188053578524 0
5924 0.03627654612174055 0.06089852381356498 0
5925 0.02691226538971269 0.06621051364799053 0
5926 0.007340081916223231 0.06374815753175614 0
5927 0.01665284198185232 0.02102337390440543 0
5928 0.02150071373399209 0.03567259740674333 0
5929 0.02886140723240528 0.06760428665279609 0
5930 0.006268364293763439 0.02435278376561213 0
5931 0.03480402905263331 0.008320071137730492 0
5932 0.01542182405952004 0.07043808025315709 0
5933 0.01717606803109542 0.06706904336736778 0
5934 0.0256362948397175 0.06752352697414914 0
5935 0.02583367660606915 0.04660879877525562 0
5936 0.005361152694222604 0.005115931548067429 0
5937 0.03369203585022928 0.0138370901715055 0
5938 0.002326837361564901 0.05064293464028078 0
5939 0.02248036349044008 0.01292161476842669 0
5940 0.007273067996851439 0.0304037660019351 0
5941 0.01052975355958401 0.06232516326451759 0
5942 0.03035999479910876 0.01060321754129103 0
5943 0.006829980890893886 0.01803729425942324 0
5944 0.03557867569821953 0.02581329864630051 0
5945 0.008988329700404769 0.02127701283811149 0
5946 0.00384087051117854 0.03911325864458255 0
5947 0.01646542272214829 0.069854726778843 0
5948 0.009332061274299124 0.03788507363895317 0
5949 0.03735662276008622 0.005311143259196391 0
5950 0.01694410608602289 0.001261371647190333 0
5951 0.02818606445822217 0.01588283299183202 0
5952 0.01686944023802542 0.02741455227466343 0
5953 0.002576214260682323 0.03883852542691051 0
5954 0.01973374724449135 0.00602099991519485 0
5955 0.03482176361182586 0.05367399923456915 0
5956 0.01756436058592295 0.01833363207873237 0
5957 0.006983334325701645 0.04761602231788368 0
5958 0.02560775892334061 0.07648136149384346 0
5959 0.02813950465086633 0.01058291204064474 0
5960 0.02734370569736496 0.00551020786265758 0
5961 0.0004480880735229092 0.01710267878298773 0
5962 0.03651223290638323 0.008612796819506066 0
5963 0.03957657404179609 0.06500623304794959 0
5964 0.01458130391086198 0.04830100016539413 0
5965 0.03858764591633231 0.06529415661314025 0
5966 0.02354997105623336 0.05131829830237135 0
5967 0.01478720940127899 0.03023888602927589 0
5968 0.01723565096900024 0.05477143913067671 0
5969 0.03412765265316824 0.006810176188501202 0
5970 0.02900295146398178 0.04253611836085004 0
5971 0.02313465543356047 0.06463617638865474 0
5972 0.006013889407415266 0.01172984678229955 0
5973 0.0149289997816524 0.0103907606749949 0
5974 0.0183037907670213 0.01534188899369133 0
5975 0.0107237204476828 0.05072277312408294 0
5976 0.01433645762803861 0.03130069341987013 0
5977 0.009611865079250109 0.07953166034493919 0
5978 0.01850654103073596 0.04453731059899936 0
5979 0.02533583196879147 0.04071573198515499 0
5980 0.01536403515786765 0.07879372779585232 0
5981 0.00278484695329087 0.03758042049672183 0
5982 0.01339814477162235 0.00145331136034544 0
5983 0.0281088153280959 0.0727099674493209 0
5984 0.003037151917506111 0.02597396222825134 0
5985 0.01692362750850108 0.07531411995611144 0
5986 0.01010242734613827 0.05561934441502946 0
5987 0.0394617290995074 0.07098121225479806 0
5988 0.003835095132053001 0.07760144890697354 0
5989 0.01257862382366016 0.05858092355716333 0
5990 0.03464222239171352 0.03547511052325791 0
5991 0.02183078208047532 0.05278279198149228 0
5992 0.02809042246165728 0.04162698107337268 0
5993 0.001152390201103866 0.03130669785650854 0
5994 0.01748039754646226 0.02051820037739544 0
5995 0.01793237766502633 0.07385348393410163 0
5996 0.03168662863055324 0.0313034218457018 0
5997 0.007914308506326583 0.07513066604217755 0
5998 0.01860100391098508 0.05798891434432547 0
5999 0.008184296708504107 0.005068137480893936 0
6000 0.03497927435951327 0.02627554324714094 0
6001 0.0112314897557543 0.006918749229898109 0
6002 0.02655942101663822 0.05048302113562815 0
6003 0.01995001440749302 0.03954614800050408 0
6004 0.02478120935831664 0.0285371106259984 0
6005 0.02035522161906764 0.0648504310603682 0
6006 0.0005405184382968227 0.06742755401347485 0
6007 0.001326078254037591 0.0005652927672240363 0
6008 0.01261351282103763 0.06208408084743441 0
6009 0.01211804730657774 0.02786862312512086 0
6010 0.016414016271273 0.01597647032429154 0
6011 0.03952145298977074 0.0181958067235138 0
6012 0.007701988426805194 0.05485310429139402 0
6013 0.00424588986122321 0.07710013564399354 0
6014 0.01407452104874285 0.04522159890290693 0
6015 0.03047220514119163 0.03690963113216331 0
6016 0.02838860918298197 0.01345893033688846 0
6017 0.02442105452957394 0.05962085748611282 0
6018 0.03425053069026276 0.07468408620368502 0
6019 0.02369115403573506 0.01738590013264441 0
6020 0.03125235916095099 0.03561328986328998 0
6021 0.005635746265619371 0.03750585057794516 0
6022 0.01167831517097291 0.03919313979140904 0
6023 0.0004360922186657651 0.07240473018913238 0
6024 0.01678894789844259 0.06897009972764143 0
6025 0.02913765214017134 0.05896251982745408 0
6026 0.03107888502415442 0.03370905026914411 0
6027 0.02499780582213046 0.04824752243860751 0
6028 0.01696859031314224 0.005707696215371608 0
6029 0.02261678282656909 0.00141124975546135 0
6030 0.02629334993688565 0.07443260168865615 0
6031 0.03858476873678144 0.01788006622758181 0
6032 0.02778786519576056 0.02457674912156652 0
6033 0.03887116357444263 0.07962437507071907 0
6034 0.01842275470420711 0.06534342159773149 0
6035 0.02334121243410696 0.02630030252742479 0
6036 0.02295150987150698 0.04504455470404968 0
6037 0.03181328517288382 0.02970649455810315 0
6038 0.01751002478798985 0.01644641618647584 0
6039 0.01148407183655254 0.0005734715739864754 0
6040 0.03353990969517515 0.02729345313117643 0
6041 0.0004359288405616051 0.07107570204341811 0
6042 0.006776629072307146 0.07710178970323403 0
6043 0.0186689073047577 0.007514820522667873 0
6044 0.0278951033079544 0.06308510002913573 0
6045 0.0216283749975256 0.01853390622315968 0
6046 0.00123444343841194 0.04328416117027967 0
6047 0.02461092444746132 0.0665367656356833 0
6048 0.01236876426115551 0.05806420650232391 0
6049 0.001224437766990948 0.04118917975232361 0
6050 0.005016622954953228 0.07955439260335934 0
6051 0.03257777907152211 0.06575146007856827 0
6052 0.03243637298809025 0.01142860311441339 0
6053 0.01395151705032228 0.04579766985095075 0
6054 0.02608108516455336 0.04190714578161424 0
6055 0.02640154531365815 0.06022716342877033 0
6056 0.02410713142399531 0.03632222461716222 0
6057 0.02551321575613751 0.0592966235174576 0
6058 0.03024101587363335 0.001395378053243503 0
6059 0.01670640094041506 0.04563456037057126 0
6060 0.01620679313260136 0.06367613114387036 0
6061 0.01746260722575885 0.06199004729299758 0
6062 0.01424868390682287 0.05780578682012729 0
6063 0.02309662152044713 0.04906323067516592 0
6064 0.0104709151675017 0.01391828232117243 0
6065 0.02844443759881917 0.03613467942413769 0
6066 0.01711867859758193 0.01314498866643838 0
6067 0.01068828978248399 0.04579261318309658 0
6068 0.01619098450567496 0.0597181449987236 0
6069 0.005379543019143618 0.06002531913414776 0
6070 0.01891558171033331 0.01243974602653104 0
6071 0.02085889750401553 0.02277358013495328 0
6072 0.008462893455064074 0.004438105318757463 0
6073 0.02269987329036573 0.07708028803738418 0
6074 0.008625143425809797 0.001498525324734788 0
6075 0.02018871589435421 0.0629201030981591 0
6076 0.01913012979663255 0.04190801695376923 0
6077 0.005568283490615913 0.007460933184610316 0
6078 0.03874892641791302 0.01417081440552377 0
6079 0.01402952104818629 0.001636954593129868 0
6080 0.01057422545434444 0.05749482489920018 0
6081 0.01296020781299038 0.003439112508578646 0
6082 0.01876637974628378 0.0004650682780799539 0
6083 0.01985464228434865 0.04614171515284211 0
6084 0.01323526645964487 0.01595147671096408 0
6085 0.006465133134461707 0.05273026245072656 0
6086 0.01529797670192131 0.03789004544541497 0
6087 0.01106339362747437 0.0176218691189768 0
6088 0.0259706799995762 0.06799463882303149 0
6089 0.03636779303708693 0.03772335725684673 0
6090 0.01623338457184399 0.01704245069716769 0
6091 0.00253813485626838 0.0732703852282436 0
6092 0.02924020849519441 0.03423825779070206 0
6093 0.006989477764297513 0.03830441100353851 0
6094 0.02068128491122674 0.003768416091411077 0
6095 0.02715984264879654 0.01578160579162898 0
6096 0.007565500203927466 0.04201897164358148 0
6097 0.0141660700135369 0.06705283623641459 0
6098 0.02773366798571667 0.01830926556653761 0
6099 0.02497833062088772 0.008017976187175674 0
6100 0.006953181500177938 0.003222050334423326 0
6101 0.02369720693918653 0.07177898009450792 0
6102 0.03501368639756873 0.002592129723996049 0
6103 0.0004207686697804969 0.03296368422022093 0
6104 0.02770683793697679 0.03106934460395094 0
6105 0.03229554375262848 0.05866594229921448 0
6106 0.008968285481874604 0.0569172340623184 0
6107 0.002125814160430166 0.05134856241434822 0
6108 0.02365879503048358 0.01673493212593908 0
6109 0.009674383079968507 0.03900698122331521 0
6110 0.01250143478321445 0.04786916576300952 0
6111 0.0185163925549575 0.05203305340470296 0
6112 0.01875341035071764 0.0482293915430926 0
6113 0.02300791835914315 0.0716746561614568 0
6114 0.006362931404336733 0.04707637497534092 0
6115 0.01415393927442966 0.05641358896493483 0
6116 0.01438315777928255 0.01172881822388809 0
6117 0.03206718613539137 0.01768932797292371 0
6118 0.01285511645414779 0.04149427417829512 0
6119 0.03724789186697489 0.05461882600906665 0
6120 0.02785703427818106 0.01418129520007024 0
6121 0.0289344273133709 0.04570459758608081 0
6122 0.0261997464203633 0.04933311789185503 0
6123 0.03326579799532428 0.03621122232326267 0
6124 0.005360104921457684 0.02270370625592331 0
6125 0.0131456110935584 0.07185184629923116 0
6126 0.01611094749917865 0.05815293852758145 0
6127 0.02908993340994684 0.005473146761542903 0
6128 0.002323583597254729 0.07135956163265957 0
6129 0.01413802796112994 0.0005441626231999577 0
6130 0.004252663699672227 0.05218732484516744 0
6131 0.02995207636840161 0.03172405201568777 0
6132 0.03066930044160506 0.04249668003124844 0
6133 0.01049827919375431 0.04898245967649077 0
6134 0.02195203290625827 0.02860453430940276 0
6135 0.03555054443900346 0.05443784927920165 0
6136 0.02477924164201646 0.06354952012243027 0
6137 0.02389198707854438 0.07871155993756773 0
6138 0.0244164001272855 0.05842187408010555 0
6139 0.03110044487212426 0.06415473433434789 0
6140 0.02778255759181976 0.01136446470639297 0
6141 0.03739751007896832 0.04000588977785174 0
6142 0.01530828260067933 0.01611395397642803 0
6143 0.03481821391793927 0.07940966691720912 0
6144 0.0134858878339083 0.03873341977490659 0
6145 0.03939112587851651 0.06858160882423785 0
6146 0.02900510254481756 0.062484999380798 0
6147 0.009240777169601156 0.01939899070567804 0
6148 0.005724860955251715 0.04074690837324853 0
6149 0.03093435157832833 0.02612024779895789 0
6150 0.03357372124989517 0.05393708050982696 0
6151 0.00424743138371398 0.04508226460016156 0
6152 0.02301057813880002 0.03368248776976277 0
6153 0.03521542307242533 0.03341875596733539 0
6154 0.02803589149954046 0.02118575521052968 0
6155 0.02078709222580936 0.01223595708338361 0
6156 0.01276244885695156 0.03961120520273256 0
6157 0.02450345552583734 0.07249207315300145 0
6158 0.03509816179126467 0.07217500551885971 0
6159 0.03565780839677991 0.07208623139030376 0
6160 0.03714191831812488 0.06008816250178484 0
6161 0.02730203991102152 0.009055151855954298 0
6162 0.0004461238677943291 0.07749714729857422 0
6163 0.008478544417621124 0.03929772100904064 0
6164 0.02095658732494268 0.07044068436482995 0
6165 0.00571127000074112 0.02200837723771257 0
6166 0.02039600379415712 0.02783704418635292 0
6167 0.02308193478074473 0.03820911255397271 0
6168 0.02999533642086887 0.05826743441785526 0
6169 0.03223523100609975 0.01273409608201764 0
6170 0.03736973064044033 0.03309259248918823 0
6171 0.004860623073626072 0.04495831836326501 0
6172 0.02616326032058131 0.002743040235382403 0
6173 0.03783438839020296 0.01940756495442777 0
6174 0.03266460731978222 0.01542962148169145 0
6175 0.0005277247910789526 0.06030889751306227 0
6176 0.02679747126527477 0.07309717920631716 0
6177 0.03676608083402744 0.02889795291831992 0
6178 0.0005544963090373528 0.02336990442708066 0
6179 0.02509646413891097 0.002113049354745836 0
6180 0.0281471052284586 0.03198963117186904 0
6181 0.02511513190265443 0.05635202125831824 0
6182 0.003136851991435537 0.02178422472602881 0
6183 0.005838831290779181 0.06753815105496946 0
6184 0.0385425076295889 0.05652929014595442 0
6185 0.03351013542004029 0.05153736365734542 0
6186 0.02406041790103445 0.004640144259244409 0
6187 0.0270712197963041 0.07239051853147487 0
6188 0.01815910803549859 0.06839849589132571 0
6189 0.000436943739284941 0.06384592062985024 0
6190 0.03666753789577483 0.0498055097902551 0
6191 0.03947166864829195 0.001198500513245035 0
6192 0.03947777921065509 0.07467586896162359 0
6193 0.03640365261943081 0.01683599948577032 0
6194 0.02719939264669268 0.07570411365316013 0
6195 0.0340446732547559 0.04856465862449069 0
6196 0.02773365670590454 0.0722562241502763 0
6197 0.01977898518452511 0.06711184189987915 0
6198 0.0230212299906831 0.056333268706334 0
6199 0.01185421346029855 0.07201825463849665 0
6200 0.02991579071210294 0.05103862181300463 0
6201 0.03042083316533462 0.01176420386848053 0
6202 0.02611467720715791 0.02721192294921016 0
6203 0.006496742575289717 0.07090569175712155 0
6204 0.01258184807869567 0.04295149232718427 0
6205 0.01575027360799755 0.00384646250512774 0
6206 0.02569638404754234 0.01020035315070311 0
6207 0.031594203487255 0.023590005606651 0
6208 0.03152581406443391 0.02299981437696113 0
6209 0.009060784798895778 0.02238879091035426 0
6210 0.02362331823104886 0.03969291925526802 0
6211 0.02961730387568934 0.02871262340365677 0
6212 0.03620052456693273 0.0704192896005556 0
6213 0.01627130899252744 0.02483542342926122 0
6214 0.02054396061420457 0.04707523620709621 0
6215 0.002378813693929404 0.02757180575524654 0
6216 0.02427400968473029 0.06988578399533046 0
6217 0.02136214545125897 0.06657414562145465 0
6218 0.02002984909881708 0.02675396986766506 0
6219 0.01193143529703599 0.06746503225346046 0
6220 0.01540628327312234 0.0659173089411067 0
6221 0.008365875437970757 0.04784488277127134 0
6222 0.03059947288753605 0.07776976906071287 0
6223 0.02922415934573983 0.01027221325525064 0
6224 0.02431886090763404 0.003032733751427083 0
6225 0.01001511727697412 0.0218415469840522 0
6226 0.009670508945679361 0.02133524481641067 0
6227 0.0132000121020841 0.01712229746351602 0
6228 0.01923000537501329 0.0301431578778656 0
6229 0.03762186611462139 0.04135350577358318 0
6230 0.01236082115667448 0.008437217258907323 0
6231 0.004313858086051552 0.06462259475989653 0
6232 0.01776483161333782 0.008005858459642065 0
6233 0.01905083564499958 0.07150117685519625 0
6234 0.03949344803830972 0.0795677326871202 0
6235 0.003656792357622972 0.007001732761992251 0
6236 0.005038737939878935 0.03238942325126887 0
6237 0.01129631928489929 0.06479615778131123 0
6238 0.01415165900621759 0.01898085398807901 0
6239 0.03059524578413527 0.07644327908640669 0
6240 0.0334165112613569 0.01288885966314119 0
6241 0.01349743504606288 0.007259733628325021 0
6242 0.007629274413013814 0.03742596134147701 0
6243 0.03394442457084519 0.002711503923406862 0
6244 0.01345944993076481 0.01828112217769916 0
6245 0.017744701448512 0.02383349801137232 0
6246 0.03554862779058579 0.01448877444803798 0
6247 0.03398232215956888 0.04188100303823568 0
6248 0.02429111510951596 0.02669960330600438 0
6249 0.009751079528114926 0.07410106135410925 0
6250 0.01049082778022462 0.01959228688371622 0
6251 0.009304523703680252 0.02015415378557088 0
6252 0.02890494816707891 0.07543135012779237 0
6253 0.03170752128019771 0.04112580622803529 0
6254 0.001860141577932985 0.01855658860117559 0
6255 0.01676784431953652 0.02579508424939099 0
6256 0.009062243478276177 0.05219403519157407 0
6257 0.01697156546937737 0.05666560178009934 0
6258 0.02414593956635443 0.009397366699073394 0
6259 0.01110357287483261 0.06830046313650394 0
6260 0.02418409588519244 0.04532987200991903 0
6261 0.03717880543842841 0.06366891166830033 0
6262 0.0004123365753318682 0.04375176792635572 0
6263 0.03881923612552021 0.07553061109856324 0
6264 0.03118512149916762 0.006778301300680814 0
6265 0.0306403718443345 0.06525987359109572 0
6266 0.02499130162936954 0.01388133372087813 0
6267 0.02886949907317183 0.06659451984434274 0
6268 0.009837604862545379 0.05420366696199584 0
6269 0.02706989629811576 0.02782821118715375 0
6270 0.006445209559158329 0.03018036637599327 0
6271 0.02941674124349223 0.05786839120947277 0
6272 0.01673412600269709 0.03718760213563975 0
6273 0.0242054631223928 0.01763020881529381 0
6274 0.03124143231724297 0.03481281238528602 0
6275 0.03444966043213833 0.07875925755454424 0
6276 0.02301865703447075 0.00526488589844018 0
6277 0.01084706922359872 0.03202906657798779 0
6278 0.0260434539175676 0.01316738894616795 0
6279 0.01691645808682701 0.05895559957186906 0
6280 0.01626140646441698 0.0310969837880086 0
6281 0.02148418112358271 0.06028623035717913 0
6282 0.02684885059312883 0.03058240635838064 0
6283 0.029428903756375 0.01733257265513116 0
6284 0.00290543476886895 0.03124268864940252 0
6285 0.01295747265854286 0.01774674741608919 0
6286 0.01928997668549844 0.004756618574754533 0
6287 0.00732668467191522 0.0554092685101344 0
6288 0.0004918384556187802 0.05793155016283871 0
6289 0.009098193751031828 0.002571321510769657 0
6290 0.01477027105976476 0.01627488525579714 0
6291 0.01118920620229229 0.03655676484739764 0
6292 0.01755939775575687 0.07009158777383098 0
6293 0.01179359016976859 0.0421231092267976 0
6294 0.02536941501582012 0.05243486568511037 0
6295 0.01602430750556171 0.001135057414421964 0
6296 0.03414027625083595 0.04976835845576055 0
6297 0.02599057827030025 0.02356987911671007 0
6298 0.03174239874486 0.06227211787225463 0
6299 0.02692038840514891 0.02128208238399168 0
6300 0.01553931075677555 0.05274811251236187 0
6301 0.0107590891921603 0.02263407326727752 0
6302 0.03956064920619069 0.01256080056913635 0
6303 0.003133750417950443 0.0425803695479085 0
6304 0.00515012599989291 0.07248437597678528 0
6305 0.02624160866168448 0.07080168531900488 0
6306 0.01800040148187634 0.00164032881853677 0
6307 0.02475405880271539 0.04390176518448843 0
6308 0.0378047690850844 0.01645337489309713 0
6309 0.005415298507990695 0.02984702209238172 0
6310 0.0013434586743672 0.03039455127273018 0
6311 0.0004195187405194103 0.05163250517239476 0
6312 0.0382074550988669 0.04665871479354348 0
6313 0.02606079692361732 0.03178003478067479 0
6314 0.01460612766624563 0.03243496125666683 0
6315 0.002916251873607507 0.05843653279113374 0
6316 0.005989475623223358 0.01288171434527508 0
6317 0.007700177405217666 0.03366440972111053 0
6318 0.01768801744429599 0.0694766087087146 0
6319 0.03879564754654966 0.0004875099592901166 0
6320 0.02353697042893517 0.05319799161864627 0
6321 0.02390409403210616 0.04995618929384751 0
6322 0.02881186278759812 0.06428988214525001 0
6323 0.001399853293497726 0.004297349671500361 0
6324 0.01585360770308889 0.03288954796311325 0
6325 0.0350001390329552 0.07437257750386211 0
6326 0.01397547746054695 0.07108525933809152 0
6327 0.02790959422375139 0.02865811082860833 0
6328 0.03102175575658602 0.0330454030085767 0
6329 0.01594992066905485 0.0734648107415824 0
6330 0.02424720600289888 0.0004347559285585306 0
6331 0.02077871473168333 0.03655706797646882 0
6332 0.02522661058552665 0.03263542224309102 0
6333 0.03427279630716426 0.0589667352060879 0
6334 0.03412259077633849 0.07708481278040327 0
6335 0.007314149943351738 0.0004185034219455347 0
6336 0.002472231345025357 0.07215846792193542 0
6337 0.01221051348303372 0.03603085466507355 0
6338 0.01614529818283456 0.01356884654711289 0
6339 0.0394868592424148 0.0346418177250361 0
6340 0.03363507799822048 0.04353953604176902 0
6341 0.03326625361540761 0.07533518661733205 0
6342 0.02489938131810995 0.01329382870707049 0
6343 0.01082037579444301 0.05874275049738532 0
6344 0.02189319740609226 0.03737282141999216 0
6345 0.01450806639719781 0.06018089007140971 0
6346 0.0374944001540083 0.02362924007533073 0
6347 0.003532128998809836 0.06530537110382209 0
6348 0.01043308919421153 0.05014591809319021 0
6349 0.01008036291990785 0.0786038611662232 0
6350 0.004987903151071237 0.03177012794978125 0
6351 0.01355220423784103 0.07660530628290638 0
6352 0.0029869950111856 0.06250091244999836 0
6353 0.01359435408352136 0.0219164384321875 0
6354 0.0350572720655586 0.05925150903554543 0
6355 0.0236308173994067 0.06879308623176328 0
6356 0.005241049748526341 0.009251728272506875 0
6357 0.01475773368237481 0.05449435135674882 0
6358 0.006966854847372876 0.05734299000241555 0
6359 0.02606138623077867 0.03342897867979348 0
6360 0.03168276139900171 0.03732777768108504 0
6361 0.007616122594982726 0.07022304237686053 0
6362 0.001049078135571778 0.0562316393983424 0
6363 0.03721829179087759 0.04416071839629256 0
6364 0.01382137190251155 0.06504943661285011 0
6365 0.01062986172699757 0.03959739524372097 0
6366 0.01459754887102638 0.06436127810322878 0
6367 0.01884186624201502 0.02524027625341461 0
6368 0.02369269629068716 0.02447844435178925 0
6369 0.01994590812031347 0.0563623166726733 0
6370 0.03211448898904947 0.07271706941973825 0
6371 0.03599299563621529 0.01766865124650196 0
6372 0.0155308081396185 0.04309244750578061 0
6373 0.006650372985268237 0.02494264591219596 0
6374 0.005539947582407169 0.05116328708677452 0
6375 0.01609287514778223 0.007380065953980164 0
6376 0.002243298658560856 0.04741092024202915 0
6377 0.02555744179929888 0.001477223390874791 0
6378 0.002775022906829985 0.07021522170356881 0
6379 0.02302705151055945 0.04833133440890379 0
6380 0.008694491767056124 0.07526171194765219 0
6381 0.02991922414798247 0.05414634125427466 0
6382 0.02964365279259635 0.0475234762245355 0
6383 0.03520083063523943 0.02695625607199701 0
6384 0.02378996702390894 0.0634953837128157 0
6385 0.004793971163053034 0.05495941722447473 0
6386 0.02844332531755703 0.004759990936516204 0
6387 0.007857893497818513 0.008885657129202543 0
6388 0.0004610539163091842 0.05027275488698423 0
6389 0.026846089906112 0.008395697307251732 0
6390 0.01440204182480922 0.06267065194315787 0
6391 0.02160802762313883 0.02195541363981749 0
6392 0.03454897030045545 0.0547065805877107 0
6393 0.01030670696629451 0.02709495555524631 0
6394 0.0298656655229192 0.04506900182465523 0
6395 0.01976011761663694 0.0489623313722557 0
6396 0.01610024489913205 0.05245971907765347 0
6397 0.02623156420361113 0.03274654136665828 0
6398 0.003573068269303783 0.02082740118896766 0
6399 0.008652713763462459 0.06994270573299818 0
6400 0.02889548652063018 0.0474315879000303 0
6401 0.001468575904195114 0.05716320744055443 0
6402 0.001673335659227213 0.05784962469629254 0
6403 0.03849669422829693 0.03437082859053835 0
6404 0.007427313292631856 0.05432087273512086 0
6405 0.009405105535170906 0.01122561657213398 0
6406 0.03955211174980052 0.06362108613455657 0
6407 0.01204305890092733 0.01247117203039374 0
6408 0.002252125757761982 0.06198485329078015 0
6409 0.02994024224802275 0.03330490669892883 0
6410 0.01112342209329001 0.008029115072792081 0
6411 0.02679987387833369 0.07624265526370751 0
6412 0.00685163888983163 0.04087675881081212 0
6413 0.01146458836262945 0.05431769748871161 0
6414 0.005917294436488831 0.04534706483017185 0
6415 0.01336125718111373 0.01251214747224146 0
6416 0.03532150067180975 0.07322722990063202 0
6417 0.02148664371378167 0.0230612919711537 0
6418 0.01863031001647501 0.03272748651658718 0
6419 0.02010133749971856 0.05322281278238397 0
6420 0.0344572972311514 0.060021136144899 0
6421 0.02468812783392782 0.01438316354774578 0
6422 0.003437520252750802 0.004175737079637538 0
6423 0.03306844921780332 0.07655722105720947 0
6424 0.007458829356204176 0.05201967630705578 0
6425 0.01978432952606317 0.01177207455902993 0
6426 0.03604632181972407 0.05728804955478083 0
6427 0.02798540841433675 0.07464399684715493 0
6428 0.03521454193779706 0.07539648278927734 0
6429 0.01256399615138865 0.05243206086004916 0
6430 0.007573844531265122 0.03253004362053322 0
6431 0.02342354509060005 0.01029275865298903 0
6432 0.02057909208557624 0.0482100591824277 0
6433 0.01721564513832313 0.05984186882070008 0
6434 0.008561957454555054 0.06216064660227362 0
6435 0.006110600131472445 0.05347762924975913 0
6436 0.02451949449020365 0.03562381504451372 0
6437 0.01236017162156801 0.06037785731000637 0
6438 0.01788659573961607 0.007023919077111321 0
6439 0.006844631899934915 0.03059783939099031 0
6440 0.002478832115956186 0.04533082045821776 0
6441 0.03095744778225135 0.01731603252457923 0
6442 0.03057546317130623 0.05336790072167891 0
6443 0.03563985467972321 0.00244981357224381 0
6444 0.02532380500213203 0.06004710942791545 0
6445 0.01432229276585052 0.03628975249266574 0
6446 0.01026010955709258 0.07660628954269599 0
6447 0.0153460556075717 0.06207482800379102 0
6448 0.01844662384065426 0.05482731199068849 0
6449 0.03392038071534793 0.01820873530516022 0
6450 0.007223971411897148 0.07952904096249665 0
6451 0.03019973720164146 0.0166576836833066 0
6452 0.00362133733575544 0.01719878109987128 0
6453 0.003206042605319454 0.01682312709971663 0
6454 0.03388212968257457 0.02483332148553035 0
6455 0.004953072029649494 0.0398830951293327 0
6456 0.02020646250452282 0.01228538787996724 0
6457 0.01910747761157237 0.009501084515942212 0
6458 0.02722754755654929 0.03363067777780881 0
6459 0.02233687409411039 0.004347073684455582 0
6460 0.006692085474487592 0.04509369981966248 0
6461 0.0187201991049283 0.06352925574714753 0
6462 0.00739786119417821 0.04260086631696917 0
6463 0.01488251463955194 0.06965423175607448 0
6464 0.03510315105284909 0.03409460519343921 0
6465 0.03038345949642114 0.04872191175347249 0
6466 0.03159185040470672 0.03386507420143653 0
6467 0.01361652273618017 0.07062206038939602 0
6468 0.002204230611186606 0.00956319815940683 0
6469 0.03760594771045139 0.02103494896699852 0
6470 0.03889984152200614 0.0589344599003833 0
6471 0.01424612166718474 0.07961617963878079 0
6472 0.01100921841447992 0.03406404499960411 0
6473 0.03842230028850236 0.004776568292582287 0
6474 0.01482234465284161 0.07286313449582996 0
6475 0.02990001212073674 0.06600622903439909 0
6476 0.03045319475681119 0.02790171782631951 0
6477 0.02820084440411012 0.07559347106804491 0
6478 0.02472119270078566 0.02933375137640121 0
6479 0.01010451533128847 0.06296167091020524 0
6480 0.02452203150404482 0.02379327019707637 0
6481 0.02985533227588506 0.07071268032862074 0
6482 0.02804285352816339 0.07065841632103509 0
6483 0.02302643254449996 0.01964194941998881 0
6484 0.03123249380437118 0.05700482446071789 0
6485 0.01188425256018069 0.03867922086623794 0
6486 0.01945558665031925 0.002428845913925393 0
6487 0.03960614400130073 0.06064478429966037 0
6488 0.02534451031048877 0.00337136736026606 0
6489 0.01865310443928863 0.06765295944730548 0
6490 0.02781246911231421 0.0648697536906688 0
6491 0.01918592439255105 0.05906077717966512 0
6492 0.03471385935834932 0.04349941151510765 0
6493 0.02673983924048813 0.0111213247583899 0
6494 0.0302221563501714 0.06235253088794543 0
6495 0.01125969075664048 0.06196818217167199 0
6496 0.01202239432258343 0.07827285691134712 0
6497 0.02192931808695176 0.03378846978219486 0
6498 0.00205688167759294 0.04440087088285447 0
6499 0.02752492838515504 0.03283304181843463 0
6500 0.03761672451418639 0.01756990444011698 0
6501 0.02973997554182228 0.0386074113337499 0
6502 0.000477339687858902 0.02070611268285225 0
6503 0.03149244080260033 0.06115098082463732 0
6504 0.03121652097232986 0.06166049439825395 0
6505 0.0004380248392963533 0.05455189990183558 0
6506 0.03790574407391447 0.07951283606830001 0
6507 0.02115987305536331 0.07744183722822359 0
6508 0.02744247580134603 0.03866893429709282 0
6509 0.03676446230018222 0.01592669687310058 0
6510 0.001290774552612887 0.003106427966337102 0
6511 0.007851239897281932 0.0400352039224143 0
6512 0.02866513710923461 0.04679468107559838 0
6513 0.03404831315933377 0.05519181852840578 0
6514 0.009359707338078569 0.03344060399276021 0
6515 0.01927480785262203 0.02159674980235361 0
6516 0.005195555705769146 0.05938369879189258 0
6517 0.02435080985361385 0.05249072567079071 0
6518 0.01686481030732387 0.00621828320190513 0
6519 0.0176691098830241 0.01414718650495905 0
6520 0.02500766362028002 0.07827629457057164 0
6521 0.003530498699293415 0.02708944294232893 0
6522 0.02733486875022849 0.03471854599486359 0
6523 0.03568194116802779 0.04518386241553345 0
6524 0.000504166852088532 0.008918580840680049 0
6525 0.006591996752125791 0.009761309516160957 0
6526 0.03695688946518313 0.03511726691602789 0
6527 0.02497127680893408 0.06927588100246942 0
6528 0.03734737018276625 0.07369887118120064 0
6529 0.01581968053072099 0.04511415885967195 0
6530 0.03345888661667738 0.02528037494558869 0
6531 0.013058064034787 0.04748947763554066 0
6532 0.02617458422306253 0.05462915675706044 0
6533 0.01964265271759616 0.006645742327316392 0
6534 0.03258463831232278 0.01652966763173148 0
6535 0.03156877775545598 0.005856761909892087 0
6536 0.03651980776819728 0.04054939471491723 0
6537 0.02140220063143324 0.05918211652626441 0
6538 0.01249965089711192 0.006674446342800726 0
6539 0.01188708677296508 0.0065444870679401 0
6540 0.03052008335511183 0.01428334823262907 0
6541 0.007813741286776548 0.07230699666124391 0
6542 0.01231884980900836 0.04983396721226749 0
6543 0.0004767103533615188 0.03940956066129479 0
6544 0.009195955376399336 0.05505074359280027 0
6545 0.009642027951862366 0.02241477019319271 0
6546 0.0103701144125255 0.02405569574972847 0
6547 0.02155067499584275 0.007884894644968984 0
6548 0.005645215977696455 0.03263443442380391 0
6549 0.02068933845142911 0.009110594068879947 0
6550 0.03248137433016901 0.004087044824596514 0
6551 0.01366190344475443 0.0119456136380216 0
6552 0.009990103897139911 0.0440971845333618 0
6553 0.009010556833847331 0.00923547042549084 0
6554 0.03402158188959492 0.02147772336620837 0
6555 0.003774860347919618 0.0229032254780732 0
6556 0.02474918329099208 0.04703329786956214 0
6557 0.01654288290662328 0.06702100809096979 0
6558 0.009488489863366711 0.03076488728540973 0
6559 0.01539625232804661 0.0360971741428411 0
6560 0.008874176135557632 0.003503016606171083 0
6561 0.007360096153477406 0.06919804562867363 0
6562 0.03946775766198077 0.009814055921847968 0
6563 0.0248047155093146 0.042275497549353 0
6564 0.02580557358663581 0.05046454799022582 0
6565 0.03640899178254083 0.05065990200593884 0
6566 0.003128349445426112 0.03427794260868451 0
6567 0.007694351104743207 0.06198810153841223 0
6568 0.007408985166997796 0.007025704401636794 0
6569 0.00325071277762003 0.07863350225160068 0
6570 0.03006202134663205 0.01558199853364476 0
6571 0.03555704034483422 0.02076725357546042 0
6572 0.02011324846279017 0.02960256138619782 0
6573 0.02240662214934038 0.05647254338546022 0
6574 0.006889450826337455 0.06177447281297193 0
6575 0.01851803650009679 0.07268092768390749 0
6576 0.00535269958596581 0.05829669228997771 0
6577 0.03961553828269185 0.02966042629774806 0
6578 0.01848276418406238 0.04354393518983041 0
6579 0.02338681854936488 0.05675075499980667 0
6580 0.03283513455660534 0.06999459209777636 0
6581 0.02935866636985323 0.05630597903588548 0
6582 0.002898124425144328 0.07280026653624608 0
6583 0.02036988144943197 0.06827782992601747 0
6584 0.01779117467040743 0.03512055814440872 0
6585 0.03556183483716272 0.01135782079197772 0
6586 0.02319917207647442 0.0668599248836709 0
6587 0.008834845601647795 0.07354130687570354 0
6588 0.001313450914087782 0.008065652031259897 0
6589 0.002461790369863767 0.02877643338674381 0
6590 0.01494609038037901 0.002219125392100146 0
6591 0.008481805310719782 0.04110593708929981 0
6592 0.006790338356345632 0.04002406457298879 0
6593 0.02139427531694025 0.02832999805697384 0
6594 0.03082924317953719 0.07570842270263463 0
6595 0.02542286556146014 0.06981709041963659 0
6596 0.01466263628565919 0.03860942497320785 0
6597 0.02214982835088151 0.02563074255387549 0
6598 0.03867443412589845 0.03882106369660227 0
6599 0.0163260465963175 0.04945377769945132 0
6600 0.03657466390540871 0.05805073995664442 0
6601 0.0327059703108347 0.01318908913894862 0
6602 0.03813402091771897 0.07489503970517331 0
6603 0.02435574735014055 0.04058293615518786 0
6604 0.01051334526255279 0.005894510932911767 0
6605 0.03573987054775153 0.03959219269996449 0
6606 0.004291266919969273 0.07189648805328319 0
6607 0.007524877889444578 0.01877373202367334 0
6608 0.002274681584355891 0.05840121835256257 0
6609 0.009082419926588963 0.03737766778961016 0
6610 0.01965325148717474 0.07666598283283632 0
6611 0.009320561377336053 0.007353627100371476 0
6612 0.02138278969010518 0.06227305832728491 0
6613 0.02717382735451618 0.0167648856740471 0
6614 0.02220367018930355 0.005858169434408159 0
6615 0.002600528865611025 0.06887466022201634 0
6616 0.008795565252825099 0.07247575187622127 0
6617 0.02696006684129416 0.06120029504182797 0
6618 0.02377832623995677 0.07664969447794258 0
6619 0.02909273484575256 0.03276224251433766 0
6620 0.0004816048372662252 0.02718470668832677 0
6621 0.02820623019323176 0.06642087147281506 0
6622 0.01202123302401388 0.0340711820003183 0
6623 0.02739639861318285 0.04462536343317437 0
6624 0.03382181530502412 0.07890659964984814 0
6625 0.03335342264904356 0.07857845121614856 0
6626 0.02478506512293414 0.05904719606836467 0
6627 0.003377273286046152 0.01619517331834597 0
6628 0.01791724829836338 0.04175157599741967 0
6629 0.03410432176634112 0.051899581857006 0
6630 0.0315205676786866 0.03013278153821975 0
6631 0.03101457585852126 0.05594750534672639 0
6632 0.006417310134809891 0.004501524099655693 0
6633 0.01968953182831699 0.02453667676898534 0
6634 0.005591073280750987 0.03086186820299381 0
6635 0.0395993679813452 0.05700223356026732 0
6636 0.005258221701733883 0.07152788601412569 0
6637 0.02579054225656939 0.03465244125865413 0
6638 0.01749352685586344 0.02768738791863913 0
6639 0.0374982411051657 0.0611492205527686 0
6640 0.02330327818516331 0.00460048360633946 0
6641 0.006019443716724041 0.005520873661333123 0
6642 0.02283273979803882 0.01058355909894308 0
6643 0.01702036131215076 0.04326983119916948 0
6644 0.0005398717081949306 0.001275186507104557 0
6645 0.03850563730416647 0.05769086187587993 0
6646 0.008690051318660829 0.06161473687390699 0
6647 0.02240411568892571 0.05470693353092675 0
6648 0.01481091384143041 0.07335553630375691 0
6649 0.02385421676793951 0.04268726534461775 0
6650 0.027294590404727 0.04354692073999933 0
6651 0.008580346965138364 0.05822077253874305 0
6652 0.003563018367206374 0.04039715316313919 0
6653 0.0175079032673871 0.004314999108138193 0
6654 0.007818755369851009 0.07391812227578308 0
6655 0.03026778745145502 0.03515615370796405 0
6656 0.02907143912487505 0.01506610632246993 0
6657 0.008656442383359116 0.01632961846729976 0
6658 0.03628089007355076 0.003976078306774086 0
6659 0.02160431286057685 0.05014568691531285 0
6660 0.0221181455037771 0.05011481136927275 0
6661 0.01754790395383383 0.07111539590523325 0
6662 0.02111057507370152 0.02951780842912399 0
6663 0.01461265255631175 0.04354000044211338 0
6664 0.02055543729210567 0.04583346025599833 0
6665 0.01598572390863328 0.06312884270100128 0
6666 0.00701115967784299 0.005881089073812046 0
6667 0.01880316182410527 0.04249557909105321 0
6668 0.0004678991671657716 0.0112754138838281 0
6669 0.01676716869982183 0.04439315812490337 0
6670 0.02769373675491461 0.03594822685317067 0
6671 0.004100299440326392 0.004449196175143409 0
6672 0.007928283966313896 0.03885633156486713 0
6673 0.03270698714675109 0.0381161280515988 0
6674 0.01180198470329573 0.06285322545387598 0
6675 0.005004616153535356 0.002313567421448642 0
6676 0.03951403894688073 0.05398931475325476 0
6677 0.01423717921230049 0.02368151050355251 0
6678 0.01898015044049099 0.01434470873934355 0
6679 0.003188315096024422 0.007930370738056136 0
6680 0.009714135315638493 0.04537608555804731 0
6681 0.03792647835954466 0.007262870513776963 0
6682 0.03629597422325407 0.02689966883973066 0
6683 0.005440776452162781 0.04932126061118161 0
6684 0.01458825870848196 0.07098135925763593 0
6685 0.03951826859442666 0.03271029760107816 0
6686 0.007744081561400702 0.07720851148569779 0
6687 0.02845745115368839 0.01938413215819823 0
6688 0.02626302939510127 0.06134715740282962 0
6689 0.02167357731097052 0.01963880086058915 0
6690 0.01847736149152166 0.004775438805464244 0
6691 0.02924852570984514 0.06595903934258349 0
6692 0.02852743856483365 0.02366883561932692 0
6693 0.0215259622103012 0.07261247955141274 0
6694 0.03955466475382817 0.0512188933498105 0
6695 0.01262079719407489 0.02896454832915708 0
6696 0.008361740513827549 0.007082308010856048 0
6697 0.0004577905974920797 0.03652053193049436 0
6698 0.001363316281205711 0.063224258292468 0
6699 0.03351897874362095 0.003687321062908783 0
6700 0.004142172677580939 0.06130754701525555 0
6701 0.0253940153060052 0.02249269218161322 0
6702 0.02620379036028861 0.06923358770645829 0
6703 0.03546805388951206 0.0762864886515473 0
6704 0.02014308370180223 0.01753278871293389 0
6705 0.0190182349755062 0.05651585047568725 0
6706 0.00175883734246024 0.07790233121829679 0
6707 0.02230842619084418 0.07607346103375232 0
6708 0.004266353920873635 0.0538645972690449 0
6709 0.01261301253187944 0.05973739045710535 0
6710 0.03581859871264462 0.07099372033730897 0
6711 0.01710639810192555 0.05411602764277702 0
6712 0.01315908486676862 0.06963388827952363 0
6713 0.03158375046493038 0.01465360101818006 0
6714 0.003875944873280735 0.05896074389922827 0
6715 0.02618809709822153 0.01739822483482465 0
6716 0.03089321740379683 0.07137377465789808 0
6717 0.03782015587341907 0.05678482940499154 0
6718 0.002359409464658541 0.06684274805590856 0
6719 0.009474888695601124 0.008375416275151371 0
6720 0.03552112961697013 0.01744205294235711 0
6721 0.01930069297097537 0.01844612826272328 0
6722 0.01596163172276167 0.05176683240548798 0
6723 0.02491451148780766 0.05786279230340119 0
6724 0.02607173114753662 0.06978189238192804 0
6725 0.01048115156235658 0.06351527557900219 0
6726 0.0273311079346962 0.05951823922325471 0
6727 0.01822021418099292 0.04242257973707598 0
6728 0.0133987232396066 0.06141753615103157 0
6729 0.01860253446201187 0.02901568350764781 0
6730 0.01723146549357918 0.06617366528469402 0
6731 0.00674881997242025 0.02398550541484784 0
6732 0.02177019595994915 0.04691352808806814 0
6733 0.0380921688291037 0.03688633376043039 0
6734 0.001632400913528384 0.004771714949944376 0
6735 0.0141953438783323 0.00447818038736511 0
6736 0.02609459480701923 0.05249379292518701 0
6737 0.03351076513447475 0.06164188277921952 0
6738 0.03366365329478187 0.01874032222192864 0
6739 0.02081867468200296 0.05818529270657083 0
6740 0.02383174279971813 0.02817641031253054 0
6741 0.02646687376069431 0.04740793453269893 0
6742 0.002658448624949582 0.001822082804195831 0
6743 0.01375734992685481 0.05066471374209026 0
6744 0.01882718951515736 0.07948561198462133 0
6745 0.0003850620103662758 0.0003697869239324969 0
6746 0.004189632620672502 0.021908992687539 0
6747 0.017751315864276 0.01487310460455118 0
6748 0.01808602843186375 0.008986188845201745 0
6749 0.0196665085582951 0.06023865967650674 0
6750 0.0172675869445175 0.04090197418067951 0
6751 0.0395100587505748 0.01320697119878907 0
6752 0.01226919456732131 0.06791902048681153 0
6753 0.01842224569380166 0.01773919070179237 0
6754 0.02701357344284061 0.06053892167878507 0
6755 0.03869260799329624 0.06457839488187374 0
6756 0.01184139676432293 0.06500306475803058 0
6757 0.02551724226289695 0.02544244006499695 0
6758 0.0005072641116320754 0.02201612155038081 0
6759 0.007514162431021116 0.02776785700023342 0
6760 0.008225811379915519 0.01456385153254045 0
6761 0.01150159521731632 0.05204295769516885 0
6762 0.004955902083284464 0.01430796314804698 0
6763 0.03325602892763389 0.05849411687621326 0
6764 0.0003866528733790474 0.07964284196771587 0
6765 0.01473229926632967 0.07880574572115286 0
6766 0.008106110271617627 0.01123917665841097 0
6767 0.007093751219944162 0.01402805148165059 0
6768 0.01194568442094701 0.03189893974865866 0
6769 0.03508002871102352 0.0415654642815876 0
6770 0.0279104072882543 0.0130931771129971 0
6771 0.02289515715641523 0.0005201222464247743 0
6772 0.01308445142596778 0.03543552537204415 0
6773 0.01277938210312698 0.06102510122054888 0
6774 0.02219871887103286 0.007725513720154148 0
6775 0.03000083935186101 0.05605401107705114 0
6776 0.006706407988691022 0.02964877811326127 0
6777 0.02268567260298859 0.006200565699782341 0
6778 0.0113737988330543 0.03044076374142185 0
6779 0.016099801644991 0.06874985193864153 0
6780 0.01361866566674785 0.07786749724614839 0
6781 0.03438482323471542 0.00889851986734097 0
6782 0.01869761689421277 0.006318216603174817 0
6783 0.01343892435674274 0.04942628703444699 0
6784 0.01804259188605207 0.05005452672875377 0
6785 0.03778465890588584 0.07261514014076501 0
6786 0.005274207986681051 0.05506779805133898 0
6787 0.02590324487325267 0.07773118933232837 0
6788 0.003235594389170308 0.07052684201309209 0
6789 0.009503816753568073 0.07351957978497055 0
6790 0.006068146682458999 0.0322105312361403 0
6791 0.02226469369710539 0.005260911991527818 0
6792 0.007106138213455872 0.0530844078639692 0
6793 0.006677514530173253 0.07025067946866914 0
6794 0.00382859646048879 0.03093397706787985 0
6795 0.01574048695886975 0.02165827677201557 0
6796 0.03590958589264159 0.07956760188495843 0
6797 0.007432307057991987 0.03527857158858463 0
6798 0.02962104608077108 0.07454403150306059 0
6799 0.02494175183705213 0.003873447848563888 0
6800 0.0253101898019009 0.03116449492047446 0
6801 0.01979081080439924 0.03266910380527732 0
6802 0.01848386784512659 0.07141688607662947 0
6803 0.03270625619438449 0.02289492888294837 0
6804 0.02083731553081298 0.03397696450365271 0
6805 0.007165779372584887 0.07607045177529186 0
6806 0.001371937816930201 0.05525849241673578 0
6807 0.01199655127750231 0.000421071468807821 0
6808 0.002098758587467928 0.03213338527281808 0
6809 0.03116594048735069 0.05319608046033403 0
6810 0.02220610747273339 0.01331867898327696 0
6811 0.01814557026679264 0.02201350392001396 0
6812 0.006570118432071281 0.05602068778815254 0
6813 0.004850482904800807 0.06045270077459129 0
6814 0.02925947352377895 0.04507639680125627 0
6815 0.02103798326192868 0.04490341391211367 0
6816 0.03451838279920941 0.006226616667520196 0
6817 0.02253669542576718 0.02339198595416993 0
6818 0.02528661458831958 0.01690307590572909 0
6819 0.01207892660799667 0.04595568088605283 0
6820 0.03582035121630003 0.016610636035652 0
6821 0.02875769712904712 0.02613987829977291 0
6822 0.02433154606006636 0.07691617125016278 0
6823 0.01918009144200589 0.01696166235440721 0
6824 0.01111941632167011 0.01701966496201003 0
6825 0.004183691995261349 0.00625015984904688 0
6826 0.01494518685157042 0.07149580503114131 0
6827 0.03530571318320516 0.0399333853617431 0
6828 0.01002647352741505 0.06503448429830451 0
6829 0.02181045444244913 0.03622833752216102 0
6830 0.01803350869675974 0.03710284222143004 0
6831 0.03029877914406091 0.02578454701180487 0
6832 0.02584409671308025 0.02924447265035075 0
6833 0.02299128091472129 0.05460715079705321 0
6834 0.03713188455562902 0.01549929623105357 0
6835 0.03018810402562673 0.06548583383179091 0
6836 0.02208648582768908 0.01709870212382575 0
6837 0.01331448606849705 0.01969316622153141 0
6838 0.01756488612585479 0.0331478754231105 0
6839 0.03511562626399669 0.006378441572464463 0
6840 0.03879288096934749 0.008011471966179927 0
6841 0.01624265511407245 0.04148397717395629 0
6842 0.03050542643345359 0.0320780914760538 0
6843 0.00190356880535961 0.05891549188997598 0
6844 0.03333468337450989 0.05913578352231477 0
6845 0.01016689357117874 0.06006672108483371 0
6846 0.006493237735474781 0.01318536485952151 0
6847 0.004913373963206973 0.01884663287495926 0
6848 0.02014973809360263 0.001550567741640259 0
6849 0.02313410111790168 0.05072908169300215 0
6850 0.02261586166926811 0.07213726475343196 0
6851 0.02498878019014441 0.02692243968325272 0
6852 0.01028325435702098 0.01159541698743963 0
6853 0.02147348810109785 0.04366213745358744 0
6854 0.03482751959640217 0.00315606016628929 0
6855 0.03649567012822825 0.04485032218714663 0
6856 0.02010880907361553 0.05679726807403234 0
6857 0.03530669957576651 0.06928398935794959 0
6858 0.02102595894867684 0.002009443145503401 0
6859 0.03753990951198334 0.002392629175030178 0
6860 0.009332943982137258 0.04371250642650262 0
6861 0.02922764212274052 0.001516969410730491 0
6862 0.02381263218861147 0.007723463608037141 0
6863 0.01307924321373539 0.03361749589996164 0
6864 0.02458896042516076 0.03448857797097327 0
6865 0.01396103424161862 0.02444530773134426 0
6866 0.03563721595060466 0.05755969154985983 0
6867 0.01006562056307303 0.03194240155956238 0
6868 0.019756329804379 0.008456359755900318 0
6869 0.00367987529845561 0.03866415250125066 0
6870 0.02810282018182117 0.007222928280966059 0
6871 0.0143973746865218 0.03454729404583932 0
6872 0.01331656183661021 0.02466599242285689 0
6873 0.03173382168891267 0.07152391824354412 0
6874 0.02215208692695803 0.04140733662142429 0
6875 0.02293064755652956 0.07624914523136887 0
6876 0.02044074933759642 0.06427754181321482 0
6877 0.02212307376784408 0.03206342634575103 0
6878 0.02250033670270945 0.008535930917687909 0
6879 0.03080003752656092 0.004573466106490003 0
6880 0.002883780082556287 0.04765918972073683 0
6881 0.01608571983983362 0.027391724556362 0
6882 0.01661187795143586 0.00827930866711786 0
6883 0.01481235410673771 0.023849626586317 0
6884 0.02693481703312973 0.002226820351088489 0
6885 0.03031701610636892 0.008556166453107569 0
6886 0.03448443545053175 0.05579640700706742 0
6887 0.02842926655285244 0.005851576741801083 0
6888 0.02864649250235488 0.04968997511113188 0
6889 0.02563635534801959 0.02666268876531746 0
6890 0.007851905835025952 0.0005203883492135505 0
6891 0.004840297350514359 0.0169001422524537 0
6892 0.01661150311705405 0.07101980925704622 0
6893 0.02378652709232538 0.05947241013604565 0
6894 0.03964051276583891 0.0446487224673368 0
6895 0.005567607228692994 0.07044464606484431 0
6896 0.00818495375576396 0.04201059828386091 0
6897 0.03286239143828216 0.062550041460591 0
6898 0.03025003819769992 0.02249354019399397 0
6899 0.008728831050056405 0.005449369068644946 0
6900 0.03304795633475476 0.005080996612958272 0
6901 0.008020051085494723 0.003962303501468568 0
6902 0.006543169752460829 0.06017376658282822 0
6903 0.002583403540370129 0.06816616613554297 0
6904 0.007806942415056599 0.04914604524773143 0
6905 0.01880262723244735 0.02208959972690928 0
6906 0.01339303705421 0.05999382197886361 0
6907 0.007406528939589041 0.0170641820430813 0
6908 0.008709673994727399 0.07181480886972108 0
6909 0.01279221034122894 0.007291919043437747 0
6910 0.007164805034834815 0.06099144945274333 0
6911 0.008425412220671341 0.02536807663623043 0
6912 0.01899911781957719 0.07251671776177412 0
6913 0.03177823244280079 0.004950198744807718 0
6914 0.02578438608926693 0.0003778977522965535 0
6915 0.03767319803123641 0.01336475654593939 0
6916 0.01739603515812129 0.01060988950877355 0
6917 0.002737986804363497 0.01976450859520941 0
6918 0.02760710383203189 0.03166860262405864 0
6919 0.01372227364031205 0.04297987459847873 0
6920 0.006358882900305913 0.06775448430717268 0
6921 0.02395961495180126 0.02337741127159121 0
6922 0.01058902372436813 0.03641156210386762 0
6923 0.02400297937715073 0.01353402074548706 0
6924 0.01153834669844445 0.03612166874934117 0
6925 0.03602765871018951 0.0364102497427938 0
6926 0.02177447697856542 0.02648136506527328 0
6927 0.01580769391057714 0.03713016762417253 0
6928 0.01545246312261396 0.06985159477180092 0
6929 0.02823090684828039 0.01531450101243696 0
6930 0.01217437899782712 0.01398802162866239 0
6931 0.01168057448276344 0.02195508930130088 0
6932 0.01732840401845354 0.03048801318576093 0
6933 0.01936111793116664 0.004247969082674538 0
6934 0.00450736563597069 0.01017674832655236 0
6935 0.001185889072589461 0.05105010167477125 0
6936 0.01924435676225744 0.06248069782815851 0
6937 0.02490991837979501 0.002848565173424723 0
6938 0.01645464528403728 0.0329064404778367 0
$EndNodes
$Elements
13548
1 2 2 1 1 784 3841 3223
2 2 2 1 1 2371 2932 567
3 2 2 1 1 1963 3723 525
4 2 2 1 1 3047 6472 2711
5 2 2 1 1 505 5786 2451
6 2 2 1 1 3658 3766 553
7 2 2 1 1 2791 3231 1732
8 2 2 1 1 346 3057 2126
9 2 2 1 1 1185 5693 2366
10 2 2 1 1 2319 2568 1043
11 2 2 1 1 823 5986 1818
12 2 2 1 1 642 3993 3602
13 2 2 1 1 966 5192 2712
14 2 2 1 1 2021 3680 916
15 2 2 1 1 4975 5143 2614
16 2 2 1 1 2895 4428 1014
17 2 2 1 1 1481 5597 2285
18 2 2 1 1 1995 4459 1066
19 2 2 1 1 113 2307 112
20 2 2 1 1 2089 3049 628
21 2 2 1 1 2664 4585 563
22 2 2 1 1 1343 4864 2109
23 2 2 1 1 1897 4814 1310
24 2 2 1 1 2339 2717 505
25 2 2 1 1 3724 4880 925
26 2 2 1 1 2286 4779 484
27 2 2 1 1 2593 3989 556
28 2 2 1 1 2037 4659 802
29 2 2 1 1 1903 4880 3724
30 2 2 1 1 1734 3158 950
31 2 2 1 1 3430 4896 1390
32 2 2 1 1 432 3216 3087
33 2 2 1 1 2406 2868 533
34 2 2 1 1 950 3176 1734
35 2 2 1 1 5526 5976 2308
36 2 2 1 1 1927 3310 2455
37 2 2 1 1 731 3580 1935
38 2 2 1 1 950 3158 1940
39 2 2 1 1 2200 5043 889
40 2 2 1 1 2239 3454 891
41 2 2 1 1 1102 3461 1860
42 2 2 1 1 1216 5845 2049
43 2 2 1 1 1614 4496 2260
44 2 2 1 1 1215 3467 2492
45 2 2 1 1 2217 2810 543
46 2 2 1 1 3707 4655 487
47 2 2 1 1 2051 3894 1195
48 2 2 1 1 2357 2520 1329
49 2 2 1 1 2014 2651 527
50 2 2 1 1 2375 3182 892
51 2 2 1 1 3019 3078 713
52 2 2 1 1 1921 4929 2640
53 2 2 1 1 2503 3686 1119
54 2 2 1 1 2069 5869 5277
55 2 2 1 1 2299 3361 601
56 2 2 1 1 1441 5838 2583
57 2 2 1 1 33 2845 32
58 2 2 1 1 537 2705 2200
59 2 2 1 1 3186 3751 1447
60 2 2 1 1 874 5242 2341
61 2 2 1 1 873 5453 2536
62 2 2 1 1 426 2583 2083
63 2 2 1 1 2956 3259 577
64 2 2 1 1 1125 2717 2339
65 2 2 1 1 1659 5012 4319
66 2 2 1 1 849 5657 2104
67 2 2 1 1 1889 4581 466
68 2 2 1 1 2422 5731 3814
69 2 2 1 1 2735 4845 2302
70 2 2 1 1 2192 3151 992
71 2 2 1 1 1118 2715 2067
72 2 2 1 1 2010 3659 2991
73 2 2 1 1 2126 2876 1043
74 2 2 1 1 2098 4999 3654
75 2 2 1 1 1881 3100 1090
76 2 2 1 1 2844 6614 2091
77 2 2 1 1 1096 3327 2585
78 2 2 1 1 858 2220 2191
79 2 2 1 1 2748 4137 1640
80 2 2 1 1 2582 3978 1504
81 2 2 1 1 3230 3772 1634
82 2 2 1 1 1907 4989 3145
83 2 2 1 1 180 2461 179
84 2 2 1 1 3602 5747 642
85 2 2 1 1 2387 6402 2616
86 2 2 1 1 1555 4302 2660
87 2 2 1 1 1342 3830 2066
88 2 2 1 1 1938 4682 2683
89 2 2 1 1 4008 6064 3729
90 2 2 1 1 3912 5254 1112
91 2 2 1 1 716 2568 2319
92 2 2 1 1 2705 6540 2200
93 2 2 1 1 1328 6585 5577
94 2 2 1 1 2139 3647 679
95 2 2 1 1 1306 2765 2383
96 2 2 1 1 1482 3048 2939
97 2 2 1 1 1195 4230 2051
98 2 2 1 1 3328 5101 1027
99 2 2 1 1 2425 5861 2862
100 2 2 1 1 2260 4496 890
101 2 2 1 1 1954 2826 755
102 2 2 1 1 2422 3814 629
103 2 2 1 1 877 2621 2311
104 2 2 1 1 413 3120 3045
105 2 2 1 1 2276 4238 944
106 2 2 1 1 3641 3646 1317
107 2 2 1 1 1948 5927 990
108 2 2 1 1 1276 3515 3058
109 2 2 1 1 2045 3784 409
110 2 2 1 1 1776 5526 2308
111 2 2 1 1 2330 6026 4187
112 2 2 1 1 4028 6255 3202
113 2 2 1 1 419 3750 2070
114 2 2 1 1 2845 5023 32
115 2 2 1 1 2452 4745 645
116 2 2 1 1 1595 3590 2284
117 2 2 1 1 2299 3265 977
118 2 2 1 1 859 4235 2219
119 2 2 1 1 3194 5427 5265
120 2 2 1 1 2233 5923 1061
121 2 2 1 1 2660 3571 834
122 2 2 1 1 717 2894 2797
123 2 2 1 1 5577 6585 1994
124 2 2 1 1 3032 5587 1653
125 2 2 1 1 2764 3731 1293
126 2 2 1 1 2189 4356 1306
127 2 2 1 1 2292 5176 814
128 2 2 1 1 837 3728 1813
129 2 2 1 1 532 2615 2540
130 2 2 1 1 1138 3478 2559
131 2 2 1 1 2861 4225 791
132 2 2 1 1 1306 3434 2189
133 2 2 1 1 1330 3550 2295
134 2 2 1 1 85 2576 84
135 2 2 1 1 2321 5362 1575
136 2 2 1 1 2341 6158 874
137 2 2 1 1 867 3514 2300
138 2 2 1 1 1074 3212 2153
139 2 2 1 1 544 2988 2490
140 2 2 1 1 3156 5230 2772
141 2 2 1 1 1161 4792 2267
142 2 2 1 1 2501 2516 985
143 2 2 1 1 823 3751 3186
144 2 2 1 1 585 3303 2737
145 2 2 1 1 191 2493 190
146 2 2 1 1 803 5021 2978
147 2 2 1 1 1066 4459 2059
148 2 2 1 1 2218 2688 465
149 2 2 1 1 1758 3818 3291
150 2 2 1 1 1000 2950 2108
151 2 2 1 1 1550 2806 2269
152 2 2 1 1 539 2468 2414
153 2 2 1 1 466 3938 1889
154 2 2 1 1 568 3797 2496
155 2 2 1 1 2197 5136 2548
156 2 2 1 1 1017 2655 2250
157 2 2 1 1 4232 5920 1468
158 2 2 1 1 2066 3830 475
159 2 2 1 1 2465 5786 505
160 2 2 1 1 2000 4371 641
161 2 2 1 1 65 2486 64
162 2 2 1 1 3145 4989 1668
163 2 2 1 1 936 5288 2468
164 2 2 1 1 2623 3796 396
165 2 2 1 1 5189 5413 2708
166 2 2 1 1 201 2866 200
167 2 2 1 1 1578 2726 2512
168 2 2 1 1 580 4734 2999
169 2 2 1 1 3757 4235 859
170 2 2 1 1 2793 5603 3969
171 2 2 1 1 3819 5511 2536
172 2 2 1 1 971 5760 4869
173 2 2 1 1 2822 3023 1114
174 2 2 1 1 1105 3257 2352
175 2 2 1 1 2109 2650 1343
176 2 2 1 1 2026 2496 800
177 2 2 1 1 1935 3701 731
178 2 2 1 1 2793 3969 1499
179 2 2 1 1 32 5023 31
180 2 2 1 1 799 4203 2228
181 2 2 1 1 94 2755 93
182 2 2 1 1 1852 3504 526
183 2 2 1 1 2245 3315 389
184 2 2 1 1 1119 5459 2488
185 2 2 1 1 1071 2516 2501
186 2 2 1 1 2178 4771 482
187 2 2 1 1 1906 3582 674
188 2 2 1 1 591 2878 2121
189 2 2 1 1 3815 6491 2159
190 2 2 1 1 2336 3912 1112
191 2 2 1 1 1829 6690 944
192 2 2 1 1 1228 2897 2654
193 2 2 1 1 3452 4763 1631
194 2 2 1 1 2361 2955 833
195 2 2 1 1 1763 3299 677
196 2 2 1 1 2173 4300 1265
197 2 2 1 1 2961 3205 1032
198 2 2 1 1 1137 4763 3452
199 2 2 1 1 620 6047 2290
200 2 2 1 1 2483 5356 965
201 2 2 1 1 2547 5812 1156
202 2 2 1 1 724 3450 2267
203 2 2 1 1 3197 3851 1044
204 2 2 1 1 1253 4137 2748
205 2 2 1 1 547 4975 2614
206 2 2 1 1 1804 4655 3707
207 2 2 1 1 237 2771 236
208 2 2 1 1 1182 3605 1846
209 2 2 1 1 1535 3766 3658
210 2 2 1 1 1120 3663 1966
211 2 2 1 1 4302 6314 2660
212 2 2 1 1 1430 2632 2313
213 2 2 1 1 3660 5473 1753
214 2 2 1 1 1440 3647 2139
215 2 2 1 1 1094 6380 2078
216 2 2 1 1 1338 3394 2228
217 2 2 1 1 1233 2879 2598
218 2 2 1 1 3061 3688 566
219 2 2 1 1 939 4765 2374
220 2 2 1 1 917 2488 2370
221 2 2 1 1 2387 6608 6402
222 2 2 1 1 2757 2930 418
223 2 2 1 1 2028 6642 4725
224 2 2 1 1 1092 3315 2245
225 2 2 1 1 1476 3708 2479
226 2 2 1 1 108 2770 107
227 2 2 1 1 1400 3904 3353
228 2 2 1 1 3150 5139 2302
229 2 2 1 1 2504 2647 659
230 2 2 1 1 1230 5325 2566
231 2 2 1 1 909 3418 2055
232 2 2 1 1 1713 3259 2956
233 2 2 1 1 12 2669 11
234 2 2 1 1 3577 3715 361
235 2 2 1 1 1378 4224 3694
236 2 2 1 1 2049 6094 983
237 2 2 1 1 2882 3189 1097
238 2 2 1 1 2754 3375 1007
239 2 2 1 1 1020 2808 2631
240 2 2 1 1 616 3744 2689
241 2 2 1 1 1961 2764 1293
242 2 2 1 1 1052 6802 2335
243 2 2 1 1 3351 4147 2949
244 2 2 1 1 5453 5463 2421
245 2 2 1 1 2180 3656 1322
246 2 2 1 1 1671 5196 4484
247 2 2 1 1 654 4197 2691
248 2 2 1 1 1981 4770 756
249 2 2 1 1 2153 3790 673
250 2 2 1 1 534 4899 3181
251 2 2 1 1 629 3559 2432
252 2 2 1 1 2331 6067 4579
253 2 2 1 1 1691 4239 2556
254 2 2 1 1 2028 4725 1463
255 2 2 1 1 3408 6864 4315
256 2 2 1 1 3024 6619 3824
257 2 2 1 1 2427 2460 1091
258 2 2 1 1 1311 3603 2546
259 2 2 1 1 1666 3289 2600
260 2 2 1 1 3008 5321 1305
261 2 2 1 1 2299 6089 3361
262 2 2 1 1 1700 5563 2534
263 2 2 1 1 944 4238 1829
264 2 2 1 1 1083 3166 2525
265 2 2 1 1 2999 4734 1714
266 2 2 1 1 489 5354 1991
267 2 2 1 1 2070 4531 419
268 2 2 1 1 2283 4326 1385
269 2 2 1 1 2383 2765 945
270 2 2 1 1 2259 5962 2573
271 2 2 1 1 1496 3205 2961
272 2 2 1 1 3969 6059 2728
273 2 2 1 1 4185 5467 1676
274 2 2 1 1 2034 3500 1118
275 2 2 1 1 1111 3721 2672
276 2 2 1 1 833 2955 2317
277 2 2 1 1 1447 4442 2235
278 2 2 1 1 3193 6581 1160
279 2 2 1 1 2160 3051 1286
280 2 2 1 1 2296 4815 3718
281 2 2 1 1 878 2925 2793
282 2 2 1 1 361 3715 2528
283 2 2 1 1 1586 5054 2835
284 2 2 1 1 218 2989 217
285 2 2 1 1 1688 3260 661
286 2 2 1 1 583 3258 2205
287 2 2 1 1 3008 6374 5321
288 2 2 1 1 3463 5362 2321
289 2 2 1 1 1375 4226 2246
290 2 2 1 1 3866 5122 1239
291 2 2 1 1 2445 5785 5729
292 2 2 1 1 565 4830 2234
293 2 2 1 1 2097 4165 450
294 2 2 1 1 2267 3450 1161
295 2 2 1 1 2780 3681 1476
296 2 2 1 1 2852 3598 1120
297 2 2 1 1 3976 5551 1219
298 2 2 1 1 660 5020 1891
299 2 2 1 1 1225 6815 2351
300 2 2 1 1 254 2510 253
301 2 2 1 1 2227 5176 4572
302 2 2 1 1 601 3265 2299
303 2 2 1 1 2290 6047 1241
304 2 2 1 1 367 4061 2526
305 2 2 1 1 2566 5325 1878
306 2 2 1 1 994 4098 2211
307 2 2 1 1 2342 2508 825
308 2 2 1 1 1362 4676 4093
309 2 2 1 1 2944 4054 98
310 2 2 1 1 3255 3534 1492
311 2 2 1 1 3920 4457 1976
312 2 2 1 1 1549 3686 2503
313 2 2 1 1 1256 3023 2822
314 2 2 1 1 2942 3059 379
315 2 2 1 1 1917 6239 2726
316 2 2 1 1 2521 2959 1230
317 2 2 1 1 4988 6075 3786
318 2 2 1 1 2087 6670 6065
319 2 2 1 1 1354 4296 2503
320 2 2 1 1 954 3921 2135
321 2 2 1 1 1940 2824 950
322 2 2 1 1 2041 3994 961
323 2 2 1 1 1510 3337 3084
324 2 2 1 1 1499 3969 2728
325 2 2 1 1 2650 2883 1343
326 2 2 1 1 2036 4190 781
327 2 2 1 1 1954 4061 367
328 2 2 1 1 1350 4785 3317
329 2 2 1 1 1045 3582 1906
330 2 2 1 1 661 4408 1688
331 2 2 1 1 2295 4286 1330
332 2 2 1 1 330 3978 2582
333 2 2 1 1 3020 4309 1411
334 2 2 1 1 2881 4563 89
335 2 2 1 1 2330 4187 1489
336 2 2 1 1 2640 4929 509
337 2 2 1 1 755 3326 1954
338 2 2 1 1 99 2944 98
339 2 2 1 1 961 5216 2734
340 2 2 1 1 1663 4703 2560
341 2 2 1 1 2092 5265 696
342 2 2 1 1 4579 6680 2331
343 2 2 1 1 2324 4199 2042
344 2 2 1 1 951 3049 2089
345 2 2 1 1 494 5029 2350
346 2 2 1 1 2488 5459 2370
347 2 2 1 1 1005 6538 3924
348 2 2 1 1 754 4726 2877
349 2 2 1 1 781 3372 2036
350 2 2 1 1 1332 3007 2779
351 2 2 1 1 1950 4059 4056
352 2 2 1 1 2042 6343 2324
353 2 2 1 1 566 3688 2477
354 2 2 1 1 2408 5354 489
355 2 2 1 1 2228 4203 1338
356 2 2 1 1 1432 3819 2536
357 2 2 1 1 2569 3438 930
358 2 2 1 1 1459 5282 2385
359 2 2 1 1 1581 2952 2400
360 2 2 1 1 1436 5100 5047
361 2 2 1 1 1434 3929 2270
362 2 2 1 1 2108 2977 511
363 2 2 1 1 1417 5589 1879
364 2 2 1 1 679 6456 2139
365 2 2 1 1 990 3356 1948
366 2 2 1 1 2493 2964 190
367 2 2 1 1 2518 5687 1864
368 2 2 1 1 677 3439 1763
369 2 2 1 1 1996 5953 5083
370 2 2 1 1 906 2460 2427
371 2 2 1 1 3953 5258 955
372 2 2 1 1 587 3316 2515
373 2 2 1 1 33 3506 2845
374 2 2 1 1 2092 3862 1530
375 2 2 1 1 1879 4295 1417
376 2 2 1 1 2202 2798 964
377 2 2 1 1 3569 4750 1751
378 2 2 1 1 3147 3195 1490
379 2 2 1 1 2762 4053 1479
380 2 2 1 1 1094 3782 2741
381 2 2 1 1 2414 3172 1346
382 2 2 1 1 1571 4745 2452
383 2 2 1 1 136 2360 135
384 2 2 1 1 3236 5657 849
385 2 2 1 1 2479 3708 636
386 2 2 1 1 2774 4658 1968
387 2 2 1 1 3311 5361 372
388 2 2 1 1 438 5744 2261
389 2 2 1 1 2154 3624 1147
390 2 2 1 1 2271 3226 1243
391 2 2 1 1 2710 2778 946
392 2 2 1 1 1361 3743 3449
393 2 2 1 1 4456 5216 961
394 2 2 1 1 3757 4541 1274
395 2 2 1 1 1876 5361 3311
396 2 2 1 1 2364 6183 1663
397 2 2 1 1 2468 5288 1900
398 2 2 1 1 3901 4227 1996
399 2 2 1 1 1909 2935 436
400 2 2 1 1 450 3681 2780
401 2 2 1 1 1154 3156 2772
402 2 2 1 1 2877 4726 2013
403 2 2 1 1 2595 4581 1889
404 2 2 1 1 1476 6612 2780
405 2 2 1 1 2536 5453 4628
406 2 2 1 1 2311 2621 1232
407 2 2 1 1 1994 4799 4704
408 2 2 1 1 2501 4827 3848
409 2 2 1 1 2109 5501 856
410 2 2 1 1 2160 3416 691
411 2 2 1 1 2164 3074 339
412 2 2 1 1 2705 3721 1111
413 2 2 1 1 1420 3598 2852
414 2 2 1 1 2583 5838 2083
415 2 2 1 1 1852 3639 3504
416 2 2 1 1 1856 3757 2629
417 2 2 1 1 1684 5868 3138
418 2 2 1 1 992 2921 2192
419 2 2 1 1 515 6906 6709
420 2 2 1 1 30 3774 29
421 2 2 1 1 3084 3337 1133
422 2 2 1 1 2291 4477 1025
423 2 2 1 1 348 5225 2596
424 2 2 1 1 2083 3928 426
425 2 2 1 1 3523 6259 727
426 2 2 1 1 1295 3189 2882
427 2 2 1 1 563 5513 2950
428 2 2 1 1 1566 3078 3019
429 2 2 1 1 2981 3223 1065
430 2 2 1 1 1658 4767 2528
431 2 2 1 1 483 3925 2867
432 2 2 1 1 353 3794 3128
433 2 2 1 1 2525 3166 1186
434 2 2 1 1 862 3199 2452
435 2 2 1 1 1860 4619 1102
436 2 2 1 1 4578 4959 2182
437 2 2 1 1 1129 3047 2711
438 2 2 1 1 3064 3213 576
439 2 2 1 1 2534 5774 1700
440 2 2 1 1 1653 5188 3032
441 2 2 1 1 2387 2616 546
442 2 2 1 1 445 3616 2373
443 2 2 1 1 4925 5846 2140
444 2 2 1 1 3949 4281 1065
445 2 2 1 1 1187 4786 2241
446 2 2 1 1 1295 4966 2820
447 2 2 1 1 2591 2694 1093
448 2 2 1 1 1826 3720 2555
449 2 2 1 1 242 2391 241
450 2 2 1 1 2654 2897 1004
451 2 2 1 1 1156 5812 2322
452 2 2 1 1 916 3528 2021
453 2 2 1 1 3194 4489 448
454 2 2 1 1 1663 4678 2364
455 2 2 1 1 3512 6853 2874
456 2 2 1 1 2226 3955 843
457 2 2 1 1 563 4367 2074
458 2 2 1 1 1818 3490 823
459 2 2 1 1 1361 3375 2754
460 2 2 1 1 1021 6298 2807
461 2 2 1 1 1025 2868 2291
462 2 2 1 1 1101 4113 2860
463 2 2 1 1 3294 5356 2483
464 2 2 1 1 1267 2659 2032
465 2 2 1 1 806 4658 2774
466 2 2 1 1 800 3151 2192
467 2 2 1 1 2051 4230 769
468 2 2 1 1 492 6043 2123
469 2 2 1 1 674 3965 1906
470 2 2 1 1 2691 4197 1529
471 2 2 1 1 2339 6253 1125
472 2 2 1 1 2353 5920 4232
473 2 2 1 1 477 4345 2144
474 2 2 1 1 483 4331 3925
475 2 2 1 1 5054 5445 2835
476 2 2 1 1 2750 5105 890
477 2 2 1 1 696 3862 2092
478 2 2 1 1 3073 5012 1659
479 2 2 1 1 2296 3718 1236
480 2 2 1 1 301 2912 300
481 2 2 1 1 235 3042 234
482 2 2 1 1 3924 6538 2247
483 2 2 1 1 2466 3563 1181
484 2 2 1 1 3580 6804 1935
485 2 2 1 1 808 4533 2526
486 2 2 1 1 1631 2778 2710
487 2 2 1 1 977 3265 2770
488 2 2 1 1 2649 5041 953
489 2 2 1 1 1355 2907 2256
490 2 2 1 1 3171 4047 1555
491 2 2 1 1 4334 5632 421
492 2 2 1 1 1164 3547 1983
493 2 2 1 1 1117 4320 2873
494 2 2 1 1 2435 5515 981
495 2 2 1 1 1846 5525 1182
496 2 2 1 1 265 2232 264
497 2 2 1 1 3223 3841 1932
498 2 2 1 1 2420 4578 1069
499 2 2 1 1 1646 3796 2623
500 2 2 1 1 176 4653 2173
501 2 2 1 1 5515 6739 981
502 2 2 1 1 446 5487 4597
503 2 2 1 1 2040 6111 994
504 2 2 1 1 2152 5457 1118
505 2 2 1 1 3238 5301 1830
506 2 2 1 1 1598 2895 2792
507 2 2 1 1 2808 5583 2631
508 2 2 1 1 1399 5137 2255
509 2 2 1 1 2606 6880 2241
510 2 2 1 1 2292 5516 5176
511 2 2 1 1 894 4249 2626
512 2 2 1 1 2234 2900 565
513 2 2 1 1 2475 6699 1080
514 2 2 1 1 1264 3772 3230
515 2 2 1 1 1061 5923 5368
516 2 2 1 1 2079 2901 1091
517 2 2 1 1 152 3370 151
518 2 2 1 1 367 3380 1954
519 2 2 1 1 628 3221 2089
520 2 2 1 1 1463 4646 2028
521 2 2 1 1 103 2978 102
522 2 2 1 1 2170 2674 535
523 2 2 1 1 1813 3038 837
524 2 2 1 1 2179 5256 1045
525 2 2 1 1 2786 4918 915
526 2 2 1 1 889 3429 2200
527 2 2 1 1 3362 6126 429
528 2 2 1 1 763 4919 2502
529 2 2 1 1 856 5376 2109
530 2 2 1 1 2578 6253 840
531 2 2 1 1 3529 4171 726
532 2 2 1 1 2270 4025 932
533 2 2 1 1 1244 4169 2045
534 2 2 1 1 3077 3381 982
535 2 2 1 1 92 2889 91
536 2 2 1 1 800 2808 2026
537 2 2 1 1 2580 5693 1185
538 2 2 1 1 1656 6491 3815
539 2 2 1 1 5289 5999 1166
540 2 2 1 1 2069 5277 1493
541 2 2 1 1 4017 4444 342
542 2 2 1 1 1390 4896 4241
543 2 2 1 1 2928 5062 2116
544 2 2 1 1 1878 2898 2851
545 2 2 1 1 1563 4266 2248
546 2 2 1 1 2192 5583 800
547 2 2 1 1 2080 4071 3057
548 2 2 1 1 2051 3400 1037
549 2 2 1 1 980 3959 2286
550 2 2 1 1 1318 4124 2969
551 2 2 1 1 3301 3478 1138
552 2 2 1 1 2055 4641 909
553 2 2 1 1 2439 3141 1237
554 2 2 1 1 1665 3223 2981
555 2 2 1 1 1297 3854 2417
556 2 2 1 1 2609 3431 1272
557 2 2 1 1 1003 2454 2381
558 2 2 1 1 366 5976 5526
559 2 2 1 1 2573 4182 2259
560 2 2 1 1 4203 5385 1338
561 2 2 1 1 2620 3481 736
562 2 2 1 1 2126 3057 1218
563 2 2 1 1 626 3456 2815
564 2 2 1 1 1594 4425 1978
565 2 2 1 1 2743 5771 2127
566 2 2 1 1 1060 3188 3155
567 2 2 1 1 1619 4779 2286
568 2 2 1 1 3125 4136 732
569 2 2 1 1 2689 5159 3543
570 2 2 1 1 2255 2905 1399
571 2 2 1 1 3935 4099 1407
572 2 2 1 1 2354 5840 4767
573 2 2 1 1 1142 2864 2613
574 2 2 1 1 1960 5551 3976
575 2 2 1 1 1314 5011 3444
576 2 2 1 1 2978 5021 1657
577 2 2 1 1 2078 4604 1094
578 2 2 1 1 2689 3543 1181
579 2 2 1 1 4031 5779 1877
580 2 2 1 1 2185 3700 1177
581 2 2 1 1 472 4750 3569
582 2 2 1 1 1118 3500 2152
583 2 2 1 1 2858 6757 507
584 2 2 1 1 998 3437 2337
585 2 2 1 1 2054 6599 1565
586 2 2 1 1 4363 4463 1483
587 2 2 1 1 575 2606 2241
588 2 2 1 1 746 5313 2566
589 2 2 1 1 2121 3825 591
590 2 2 1 1 1711 3456 3365
591 2 2 1 1 716 3646 3641
592 2 2 1 1 2089 4253 951
593 2 2 1 1 1705 5430 2700
594 2 2 1 1 3854 6750 2417
595 2 2 1 1 2635 3667 1079
596 2 2 1 1 2076 3013 1058
597 2 2 1 1 2492 3467 1279
598 2 2 1 1 1965 6666 351
599 2 2 1 1 2928 4224 1378
600 2 2 1 1 1153 4200 2150
601 2 2 1 1 1553 5753 2307
602 2 2 1 1 504 4055 2714
603 2 2 1 1 1988 4291 3593
604 2 2 1 1 1856 4541 3757
605 2 2 1 1 1891 4081 660
606 2 2 1 1 875 2853 2442
607 2 2 1 1 90 2881 89
608 2 2 1 1 2410 5147 2199
609 2 2 1 1 3413 3544 1115
610 2 2 1 1 2386 3871 562
611 2 2 1 1 2269 6757 2858
612 2 2 1 1 528 3305 2433
613 2 2 1 1 2175 3173 1158
614 2 2 1 1 1293 4213 1961
615 2 2 1 1 874 5871 5242
616 2 2 1 1 934 2960 1952
617 2 2 1 1 2680 3413 1115
618 2 2 1 1 954 6093 3921
619 2 2 1 1 559 3995 3691
620 2 2 1 1 2432 5880 629
621 2 2 1 1 2943 3793 1252
622 2 2 1 1 2366 5352 1185
623 2 2 1 1 526 5368 1852
624 2 2 1 1 4438 6076 2130
625 2 2 1 1 1209 2924 2350
626 2 2 1 1 2033 6387 3118
627 2 2 1 1 1088 4140 2874
628 2 2 1 1 1723 3761 3245
629 2 2 1 1 1043 3713 1910
630 2 2 1 1 4640 5809 932
631 2 2 1 1 2335 2799 1052
632 2 2 1 1 934 3869 3767
633 2 2 1 1 1070 5118 3269
634 2 2 1 1 1117 4996 2802
635 2 2 1 1 2430 5561 480
636 2 2 1 1 1066 3092 1995
637 2 2 1 1 223 2421 222
638 2 2 1 1 1128 3677 3600
639 2 2 1 1 4627 6027 1497
640 2 2 1 1 2205 2943 1252
641 2 2 1 1 853 2959 2521
642 2 2 1 1 1989 4658 4545
643 2 2 1 1 1201 5333 3816
644 2 2 1 1 2538 2927 605
645 2 2 1 1 1114 3023 2325
646 2 2 1 1 2679 6906 515
647 2 2 1 1 3786 6075 2029
648 2 2 1 1 3398 3516 1893
649 2 2 1 1 2834 5281 1789
650 2 2 1 1 1110 2963 2424
651 2 2 1 1 2788 5504 2258
652 2 2 1 1 106 2852 105
653 2 2 1 1 2381 2454 1069
654 2 2 1 1 1560 4789 2719
655 2 2 1 1 1090 3639 1881
656 2 2 1 1 1753 4225 2861
657 2 2 1 1 1927 6427 3310
658 2 2 1 1 563 4585 3092
659 2 2 1 1 2059 4587 1066
660 2 2 1 1 3105 3832 917
661 2 2 1 1 2123 6232 492
662 2 2 1 1 1910 4375 1043
663 2 2 1 1 884 5944 2186
664 2 2 1 1 2540 5769 532
665 2 2 1 1 3004 3774 30
666 2 2 1 1 1012 2699 2604
667 2 2 1 1 1872 5029 494
668 2 2 1 1 774 3638 2316
669 2 2 1 1 1357 3273 2982
670 2 2 1 1 3087 3216 1262
671 2 2 1 1 1441 4551 4384
672 2 2 1 1 2829 4366 1650
673 2 2 1 1 534 3181 2243
674 2 2 1 1 3024 3824 586
675 2 2 1 1 523 4983 3727
676 2 2 1 1 2174 5632 4334
677 2 2 1 1 2755 5124 1534
678 2 2 1 1 3128 3794 1541
679 2 2 1 1 2356 4455 722
680 2 2 1 1 2323 5751 964
681 2 2 1 1 130 3501 129
682 2 2 1 1 5678 6753 3720
683 2 2 1 1 2243 4380 534
684 2 2 1 1 1241 2837 2290
685 2 2 1 1 728 2875 2380
686 2 2 1 1 3396 4140 1088
687 2 2 1 1 1598 4428 2895
688 2 2 1 1 1413 6059 3969
689 2 2 1 1 722 4047 3171
690 2 2 1 1 6709 6906 2332
691 2 2 1 1 505 5495 2465
692 2 2 1 1 2032 4024 1267
693 2 2 1 1 2737 3303 1324
694 2 2 1 1 579 3512 2874
695 2 2 1 1 1445 3371 2835
696 2 2 1 1 190 2964 189
697 2 2 1 1 436 3350 1909
698 2 2 1 1 887 5974 2404
699 2 2 1 1 2534 5563 1006
700 2 2 1 1 348 5850 5225
701 2 2 1 1 1099 2887 2301
702 2 2 1 1 3602 3993 1430
703 2 2 1 1 1271 4110 2257
704 2 2 1 1 293 2525 292
705 2 2 1 1 2261 6772 438
706 2 2 1 1 2706 3021 1288
707 2 2 1 1 4811 5339 1131
708 2 2 1 1 2539 5218 4251
709 2 2 1 1 890 5565 2260
710 2 2 1 1 2367 3594 524
711 2 2 1 1 756 4770 2368
712 2 2 1 1 2756 6779 882
713 2 2 1 1 1398 3320 2074
714 2 2 1 1 4869 5935 971
715 2 2 1 1 2201 4045 1424
716 2 2 1 1 863 3873 2211
717 2 2 1 1 907 5223 2724
718 2 2 1 1 3513 5041 2649
719 2 2 1 1 2422 6110 1419
720 2 2 1 1 644 5127 4592
721 2 2 1 1 3518 5064 2919
722 2 2 1 1 2240 3088 1299
723 2 2 1 1 1147 3937 2154
724 2 2 1 1 4595 5210 1288
725 2 2 1 1 2469 6581 3193
726 2 2 1 1 2741 6380 1094
727 2 2 1 1 2786 4252 1942
728 2 2 1 1 2311 3200 877
729 2 2 1 1 556 3215 2593
730 2 2 1 1 1978 4205 1594
731 2 2 1 1 1132 3196 2089
732 2 2 1 1 1781 4918 2786
733 2 2 1 1 2770 3265 1420
734 2 2 1 1 2446 2871 745
735 2 2 1 1 5277 5869 807
736 2 2 1 1 2539 4251 1247
737 2 2 1 1 1590 3832 3105
738 2 2 1 1 1523 3304 3079
739 2 2 1 1 470 4231 2404
740 2 2 1 1 1868 5152 2499
741 2 2 1 1 1479 5463 2762
742 2 2 1 1 1078 4227 3901
743 2 2 1 1 3252 3782 1094
744 2 2 1 1 592 5301 3238
745 2 2 1 1 3691 3995 1916
746 2 2 1 1 191 3823 2493
747 2 2 1 1 5896 6399 2612
748 2 2 1 1 998 6673 2465
749 2 2 1 1 1210 4586 4048
750 2 2 1 1 3257 4775 2352
751 2 2 1 1 971 4217 2277
752 2 2 1 1 2217 4605 2810
753 2 2 1 1 2308 3916 1776
754 2 2 1 1 994 5070 2040
755 2 2 1 1 1362 4093 2510
756 2 2 1 1 2488 4898 1119
757 2 2 1 1 2928 6367 4224
758 2 2 1 1 1080 6550 2475
759 2 2 1 1 3442 4363 1483
760 2 2 1 1 94 4816 2755
761 2 2 1 1 3189 3233 1097
762 2 2 1 1 1169 4129 3619
763 2 2 1 1 5133 5642 835
764 2 2 1 1 727 4236 3523
765 2 2 1 1 3138 5868 2400
766 2 2 1 1 3291 4923 1758
767 2 2 1 1 3488 3865 1155
768 2 2 1 1 2099 4452 3406
769 2 2 1 1 4704 4799 1496
770 2 2 1 1 847 4073 2014
771 2 2 1 1 382 3002 2459
772 2 2 1 1 2368 4770 1508
773 2 2 1 1 4685 4823 2382
774 2 2 1 1 3598 5250 4778
775 2 2 1 1 2430 3077 982
776 2 2 1 1 1998 3899 1205
777 2 2 1 1 4405 5055 1474
778 2 2 1 1 3767 3869 1751
779 2 2 1 1 3125 5935 4136
780 2 2 1 1 1574 4455 2356
781 2 2 1 1 2479 3649 1476
782 2 2 1 1 908 5804 2431
783 2 2 1 1 862 6294 3199
784 2 2 1 1 1686 5790 5140
785 2 2 1 1 2214 2790 997
786 2 2 1 1 1082 6926 2157
787 2 2 1 1 5600 6355 1087
788 2 2 1 1 2849 4273 1032
789 2 2 1 1 2203 3169 821
790 2 2 1 1 2191 2997 858
791 2 2 1 1 2399 3744 616
792 2 2 1 1 1955 4802 1012
793 2 2 1 1 1906 3499 1045
794 2 2 1 1 1080 6699 2362
795 2 2 1 1 948 3172 2414
796 2 2 1 1 345 3132 2157
797 2 2 1 1 986 4976 2962
798 2 2 1 1 3732 4240 1015
799 2 2 1 1 596 4336 2162
800 2 2 1 1 578 3534 3255
801 2 2 1 1 2583 4551 1441
802 2 2 1 1 2758 6340 2110
803 2 2 1 1 2885 3096 1281
804 2 2 1 1 2501 3848 378
805 2 2 1 1 2284 3590 1319
806 2 2 1 1 2404 5974 2084
807 2 2 1 1 237 4580 2771
808 2 2 1 1 769 3400 2051
809 2 2 1 1 3738 6429 2751
810 2 2 1 1 1470 3426 2746
811 2 2 1 1 4442 5737 2235
812 2 2 1 1 4496 5088 2750
813 2 2 1 1 2482 6520 3906
814 2 2 1 1 346 4357 3057
815 2 2 1 1 2719 4810 1560
816 2 2 1 1 2527 3728 837
817 2 2 1 1 2086 3060 1213
818 2 2 1 1 3079 3304 1162
819 2 2 1 1 2820 4966 2158
820 2 2 1 1 482 3295 2178
821 2 2 1 1 1983 5403 733
822 2 2 1 1 1995 4585 2749
823 2 2 1 1 2306 3415 540
824 2 2 1 1 2482 3906 491
825 2 2 1 1 242 3224 2391
826 2 2 1 1 1944 6125 3550
827 2 2 1 1 2108 3944 1000
828 2 2 1 1 2615 4394 1527
829 2 2 1 1 1477 5211 2097
830 2 2 1 1 2443 6550 1080
831 2 2 1 1 2559 3351 1138
832 2 2 1 1 2153 4493 1110
833 2 2 1 1 1467 3438 2569
834 2 2 1 1 4030 5326 1557
835 2 2 1 1 2379 3112 940
836 2 2 1 1 504 5861 2425
837 2 2 1 1 1153 4901 2375
838 2 2 1 1 2830 6486 1216
839 2 2 1 1 2919 3089 1384
840 2 2 1 1 2096 5642 5133
841 2 2 1 1 1062 5010 2145
842 2 2 1 1 2447 5418 1744
843 2 2 1 1 1263 2997 2191
844 2 2 1 1 331 6741 2009
845 2 2 1 1 1983 3441 1164
846 2 2 1 1 945 4205 1978
847 2 2 1 1 5410 5466 572
848 2 2 1 1 2711 6277 5735
849 2 2 1 1 2340 5606 1616
850 2 2 1 1 2683 4415 1736
851 2 2 1 1 407 3731 2764
852 2 2 1 1 3207 4157 1908
853 2 2 1 1 1977 6224 5005
854 2 2 1 1 387 5741 2053
855 2 2 1 1 1923 5771 3785
856 2 2 1 1 2053 6071 1056
857 2 2 1 1 2551 6586 1193
858 2 2 1 1 1412 3738 2751
859 2 2 1 1 4182 5188 2259
860 2 2 1 1 3694 4224 1697
861 2 2 1 1 1909 3350 984
862 2 2 1 1 791 4463 4363
863 2 2 1 1 3458 3884 645
864 2 2 1 1 672 4423 1887
865 2 2 1 1 2591 2768 1132
866 2 2 1 1 581 3054 2507
867 2 2 1 1 378 3287 2557
868 2 2 1 1 1093 2694 2337
869 2 2 1 1 715 4207 4048
870 2 2 1 1 1603 4635 4196
871 2 2 1 1 548 2694 2591
872 2 2 1 1 1205 3065 2210
873 2 2 1 1 440 4459 2749
874 2 2 1 1 2277 5760 971
875 2 2 1 1 3046 3700 2185
876 2 2 1 1 2358 2694 548
877 2 2 1 1 778 6076 4438
878 2 2 1 1 3594 3608 1472
879 2 2 1 1 2490 3028 1177
880 2 2 1 1 1241 4457 3920
881 2 2 1 1 2270 2676 1434
882 2 2 1 1 2708 5413 947
883 2 2 1 1 1037 3648 2051
884 2 2 1 1 1424 4332 2201
885 2 2 1 1 2749 4459 1995
886 2 2 1 1 2372 5006 3469
887 2 2 1 1 2532 2767 1235
888 2 2 1 1 883 4961 2163
889 2 2 1 1 1959 4410 2974
890 2 2 1 1 2557 3287 1170
891 2 2 1 1 2043 4587 809
892 2 2 1 1 2746 3426 603
893 2 2 1 1 2080 6251 4071
894 2 2 1 1 2455 6194 903
895 2 2 1 1 733 3441 1983
896 2 2 1 1 524 6307 2367
897 2 2 1 1 462 3962 2325
898 2 2 1 1 2364 4678 650
899 2 2 1 1 3593 4291 767
900 2 2 1 1 4033 6239 1917
901 2 2 1 1 2213 5339 4811
902 2 2 1 1 1151 3599 2148
903 2 2 1 1 2611 3471 1046
904 2 2 1 1 1088 2874 2596
905 2 2 1 1 1317 3110 2329
906 2 2 1 1 3269 3366 1070
907 2 2 1 1 2991 4185 1858
908 2 2 1 1 1991 4207 1045
909 2 2 1 1 1982 3625 482
910 2 2 1 1 670 5046 2827
911 2 2 1 1 4252 5311 1942
912 2 2 1 1 1130 3608 3594
913 2 2 1 1 1761 5312 3014
914 2 2 1 1 4545 4658 806
915 2 2 1 1 498 5533 2946
916 2 2 1 1 1805 4916 2871
917 2 2 1 1 2325 3683 462
918 2 2 1 1 576 3213 2767
919 2 2 1 1 2507 3449 581
920 2 2 1 1 5295 5910 775
921 2 2 1 1 2110 6492 2758
922 2 2 1 1 2333 4156 650
923 2 2 1 1 4199 6080 2042
924 2 2 1 1 2851 2898 963
925 2 2 1 1 2372 3469 1161
926 2 2 1 1 922 3516 3398
927 2 2 1 1 2450 3735 1170
928 2 2 1 1 509 4929 2357
929 2 2 1 1 1398 3577 3320
930 2 2 1 1 3226 4104 1243
931 2 2 1 1 2074 4367 1398
932 2 2 1 1 3014 3897 1761
933 2 2 1 1 6065 6670 1280
934 2 2 1 1 180 3999 2461
935 2 2 1 1 1733 3649 2479
936 2 2 1 1 245 5884 4280
937 2 2 1 1 937 2520 2357
938 2 2 1 1 1461 6038 4231
939 2 2 1 1 2939 3048 423
940 2 2 1 1 1043 2876 2319
941 2 2 1 1 852 3704 2902
942 2 2 1 1 3827 4641 675
943 2 2 1 1 2824 4899 534
944 2 2 1 1 2428 4083 982
945 2 2 1 1 2851 4682 1853
946 2 2 1 1 1565 3621 2054
947 2 2 1 1 1168 5614 2531
948 2 2 1 1 2121 6517 4482
949 2 2 1 1 3426 3494 1056
950 2 2 1 1 2187 6934 1369
951 2 2 1 1 2310 3316 1502
952 2 2 1 1 2689 3744 1564
953 2 2 1 1 1032 3205 3094
954 2 2 1 1 2438 3923 1517
955 2 2 1 1 879 3037 2586
956 2 2 1 1 2089 3221 1132
957 2 2 1 1 2797 2894 1239
958 2 2 1 1 1176 4661 2433
959 2 2 1 1 1086 3936 2953
960 2 2 1 1 607 4567 2729
961 2 2 1 1 2548 5136 789
962 2 2 1 1 4511 5046 670
963 2 2 1 1 2503 4296 1549
964 2 2 1 1 186 2990 185
965 2 2 1 1 318 2487 317
966 2 2 1 1 3444 5011 1866
967 2 2 1 1 4580 6189 1459
968 2 2 1 1 475 4748 2066
969 2 2 1 1 2604 2699 1084
970 2 2 1 1 92 4150 2889
971 2 2 1 1 2526 6447 367
972 2 2 1 1 1193 3934 2523
973 2 2 1 1 1641 4240 3732
974 2 2 1 1 3094 3983 375
975 2 2 1 1 2286 3943 980
976 2 2 1 1 1110 3790 2153
977 2 2 1 1 760 6387 2033
978 2 2 1 1 370 4687 2792
979 2 2 1 1 343 6549 2133
980 2 2 1 1 4659 6425 1794
981 2 2 1 1 2068 3998 397
982 2 2 1 1 3720 6823 2555
983 2 2 1 1 1717 4028 3202
984 2 2 1 1 3231 5320 1732
985 2 2 1 1 836 4440 2214
986 2 2 1 1 2230 4040 951
987 2 2 1 1 2835 3371 624
988 2 2 1 1 1404 4718 2293
989 2 2 1 1 2531 5072 1168
990 2 2 1 1 1008 3195 3147
991 2 2 1 1 983 3789 2843
992 2 2 1 1 2320 5999 5289
993 2 2 1 1 1091 2901 2605
994 2 2 1 1 872 4845 2735
995 2 2 1 1 4384 4551 1963
996 2 2 1 1 2123 6043 2431
997 2 2 1 1 2711 6472 1446
998 2 2 1 1 2487 3033 317
999 2 2 1 1 2307 3101 112
1000 2 2 1 1 1590 6572 2343
1001 2 2 1 1 3180 3813 1874
1002 2 2 1 1 2246 4226 838
1003 2 2 1 1 942 5504 2788
1004 2 2 1 1 3005 4743 2238
1005 2 2 1 1 2929 4430 1873
1006 2 2 1 1 2793 2925 1290
1007 2 2 1 1 1265 3726 2173
1008 2 2 1 1 40 2513 39
1009 2 2 1 1 2682 3616 1516
1010 2 2 1 1 3069 4850 2149
1011 2 2 1 1 2803 4578 2182
1012 2 2 1 1 72 2863 71
1013 2 2 1 1 3654 6516 2098
1014 2 2 1 1 3797 4732 2496
1015 2 2 1 1 1045 4207 2179
1016 2 2 1 1 394 3793 2943
1017 2 2 1 1 2669 4665 11
1018 2 2 1 1 2559 3478 1392
1019 2 2 1 1 327 5774 2534
1020 2 2 1 1 397 3477 2068
1021 2 2 1 1 2037 6425 4659
1022 2 2 1 1 867 5478 3514
1023 2 2 1 1 5047 5100 3009
1024 2 2 1 1 3183 3843 1799
1025 2 2 1 1 4690 5465 909
1026 2 2 1 1 964 3104 2323
1027 2 2 1 1 1097 3233 2818
1028 2 2 1 1 4765 5531 2374
1029 2 2 1 1 2953 3422 1086
1030 2 2 1 1 320 3127 319
1031 2 2 1 1 2544 5528 1364
1032 2 2 1 1 1004 5642 2096
1033 2 2 1 1 981 6537 2435
1034 2 2 1 1 1158 3173 2840
1035 2 2 1 1 3316 6861 2515
1036 2 2 1 1 2079 3695 1136
1037 2 2 1 1 2229 4449 999
1038 2 2 1 1 882 6928 2756
1039 2 2 1 1 414 6255 4028
1040 2 2 1 1 5621 5672 541
1041 2 2 1 1 2404 3643 470
1042 2 2 1 1 2419 3160 430
1043 2 2 1 1 2513 2752 999
1044 2 2 1 1 574 3981 2361
1045 2 2 1 1 2211 4011 863
1046 2 2 1 1 4207 4265 2179
1047 2 2 1 1 2366 3801 536
1048 2 2 1 1 1130 3594 2367
1049 2 2 1 1 1310 5131 1897
1050 2 2 1 1 3727 4983 1901
1051 2 2 1 1 1884 3234 1121
1052 2 2 1 1 3140 5682 3701
1053 2 2 1 1 1322 5985 2179
1054 2 2 1 1 2009 4869 331
1055 2 2 1 1 1138 3351 2949
1056 2 2 1 1 1318 4135 2923
1057 2 2 1 1 1216 3998 2068
1058 2 2 1 1 2464 5940 3572
1059 2 2 1 1 2441 4866 926
1060 2 2 1 1 2431 5804 2123
1061 2 2 1 1 2205 3258 1044
1062 2 2 1 1 3863 4076 724
1063 2 2 1 1 1012 4695 1955
1064 2 2 1 1 2173 3726 176
1065 2 2 1 1 2503 4898 561
1066 2 2 1 1 1208 3472 2444
1067 2 2 1 1 1132 3221 3198
1068 2 2 1 1 1299 4854 2240
1069 2 2 1 1 2423 3393 1689
1070 2 2 1 1 3198 3221 1465
1071 2 2 1 1 3519 4144 704
1072 2 2 1 1 3280 4586 1210
1073 2 2 1 1 2000 4088 1196
1074 2 2 1 1 4412 5118 1070
1075 2 2 1 1 2284 4426 640
1076 2 2 1 1 561 3655 2503
1077 2 2 1 1 2235 3186 1447
1078 2 2 1 1 2150 4901 1153
1079 2 2 1 1 3228 6296 3618
1080 2 2 1 1 245 4280 244
1081 2 2 1 1 2128 3309 943
1082 2 2 1 1 2683 4682 963
1083 2 2 1 1 3814 5731 1863
1084 2 2 1 1 194 3112 193
1085 2 2 1 1 2724 5788 907
1086 2 2 1 1 2169 4887 4014
1087 2 2 1 1 977 5051 2299
1088 2 2 1 1 2551 3507 1002
1089 2 2 1 1 4464 4820 3641
1090 2 2 1 1 2798 5972 3104
1091 2 2 1 1 576 2767 2532
1092 2 2 1 1 658 3936 2624
1093 2 2 1 1 482 4771 1982
1094 2 2 1 1 2270 3929 480
1095 2 2 1 1 2754 3743 1361
1096 2 2 1 1 3056 3524 451
1097 2 2 1 1 203 2953 202
1098 2 2 1 1 2257 3587 1271
1099 2 2 1 1 1667 5385 4203
1100 2 2 1 1 2251 5119 529
1101 2 2 1 1 1331 2893 2234
1102 2 2 1 1 3027 6431 2788
1103 2 2 1 1 3600 3677 1495
1104 2 2 1 1 2991 3659 683
1105 2 2 1 1 590 2727 2646
1106 2 2 1 1 441 6003 2409
1107 2 2 1 1 2750 5088 1013
1108 2 2 1 1 2464 3572 1392
1109 2 2 1 1 715 4265 4207
1110 2 2 1 1 636 2853 2479
1111 2 2 1 1 984 3208 1909
1112 2 2 1 1 2140 5846 3357
1113 2 2 1 1 1764 4171 3529
1114 2 2 1 1 1353 3955 2226
1115 2 2 1 1 2853 5170 2479
1116 2 2 1 1 1543 5972 2798
1117 2 2 1 1 1075 3510 2195
1118 2 2 1 1 2923 4135 1639
1119 2 2 1 1 2289 6069 1050
1120 2 2 1 1 2506 3959 980
1121 2 2 1 1 3698 5512 1831
1122 2 2 1 1 2503 3655 1354
1123 2 2 1 1 2946 5533 2186
1124 2 2 1 1 2086 3445 914
1125 2 2 1 1 645 5811 2452
1126 2 2 1 1 3603 4939 2546
1127 2 2 1 1 967 6458 2589
1128 2 2 1 1 2589 6458 5864
1129 2 2 1 1 2902 3063 1240
1130 2 2 1 1 1977 5005 745
1131 2 2 1 1 4461 6364 5198
1132 2 2 1 1 4471 6779 2756
1133 2 2 1 1 1637 4960 2775
1134 2 2 1 1 4899 5299 1084
1135 2 2 1 1 3139 3763 1139
1136 2 2 1 1 4193 4754 1152
1137 2 2 1 1 2193 4508 1348
1138 2 2 1 1 2622 3858 1486
1139 2 2 1 1 1519 4954 2323
1140 2 2 1 1 1490 4443 2538
1141 2 2 1 1 992 3151 2653
1142 2 2 1 1 843 5734 2155
1143 2 2 1 1 2743 5998 5771
1144 2 2 1 1 2894 3866 1239
1145 2 2 1 1 2420 4069 429
1146 2 2 1 1 1008 3505 2015
1147 2 2 1 1 4453 6227 766
1148 2 2 1 1 2515 6861 929
1149 2 2 1 1 607 4852 4567
1150 2 2 1 1 3327 5416 2585
1151 2 2 1 1 1960 4304 2601
1152 2 2 1 1 925 6399 3724
1153 2 2 1 1 2148 4995 1151
1154 2 2 1 1 2433 3305 1176
1155 2 2 1 1 658 3858 2622
1156 2 2 1 1 557 3080 2698
1157 2 2 1 1 2268 5823 518
1158 2 2 1 1 3554 3934 1193
1159 2 2 1 1 2740 6420 1937
1160 2 2 1 1 1066 2977 2108
1161 2 2 1 1 2912 4001 300
1162 2 2 1 1 3310 6194 2455
1163 2 2 1 1 2295 3550 798
1164 2 2 1 1 961 3103 2041
1165 2 2 1 1 2290 3917 620
1166 2 2 1 1 1069 4578 2803
1167 2 2 1 1 3023 5640 2325
1168 2 2 1 1 3040 3707 487
1169 2 2 1 1 609 3404 2457
1170 2 2 1 1 2630 4837 1010
1171 2 2 1 1 3403 6773 2332
1172 2 2 1 1 445 3627 3616
1173 2 2 1 1 906 5721 2460
1174 2 2 1 1 1737 5290 5136
1175 2 2 1 1 1834 4309 3020
1176 2 2 1 1 1468 5920 4336
1177 2 2 1 1 831 5896 2612
1178 2 2 1 1 1197 3843 3183
1179 2 2 1 1 1012 6566 2932
1180 2 2 1 1 1470 3494 3426
1181 2 2 1 1 1179 5512 3698
1182 2 2 1 1 825 5062 2928
1183 2 2 1 1 1242 3834 2567
1184 2 2 1 1 2758 6492 3703
1185 2 2 1 1 5043 6570 889
1186 2 2 1 1 1973 3350 436
1187 2 2 1 1 2180 6329 3656
1188 2 2 1 1 2772 4884 697
1189 2 2 1 1 1912 5910 5295
1190 2 2 1 1 2408 3888 1210
1191 2 2 1 1 2483 5284 538
1192 2 2 1 1 997 3971 2214
1193 2 2 1 1 1827 4345 2833
1194 2 2 1 1 2700 5430 474
1195 2 2 1 1 1228 5128 5082
1196 2 2 1 1 1113 3289 2657
1197 2 2 1 1 491 3468 2482
1198 2 2 1 1 2749 4585 962
1199 2 2 1 1 1952 3869 934
1200 2 2 1 1 1108 3423 2497
1201 2 2 1 1 2168 2898 340
1202 2 2 1 1 1945 5062 2508
1203 2 2 1 1 1659 3805 3073
1204 2 2 1 1 558 2844 2091
1205 2 2 1 1 3217 4179 785
1206 2 2 1 1 418 6277 2711
1207 2 2 1 1 429 6126 4959
1208 2 2 1 1 3058 3515 1626
1209 2 2 1 1 5735 6768 3171
1210 2 2 1 1 876 2895 2218
1211 2 2 1 1 2104 4505 849
1212 2 2 1 1 443 3853 3339
1213 2 2 1 1 1123 3771 2774
1214 2 2 1 1 1885 4281 3949
1215 2 2 1 1 978 5386 2909
1216 2 2 1 1 1344 3744 2399
1217 2 2 1 1 317 3033 316
1218 2 2 1 1 1887 3780 672
1219 2 2 1 1 1745 4289 2391
1220 2 2 1 1 2785 5097 1762
1221 2 2 1 1 2779 3007 1058
1222 2 2 1 1 1317 3646 3216
1223 2 2 1 1 2716 3722 533
1224 2 2 1 1 2786 5594 508
1225 2 2 1 1 2872 5723 4583
1226 2 2 1 1 2500 6632 3910
1227 2 2 1 1 1077 3745 2154
1228 2 2 1 1 963 4682 2851
1229 2 2 1 1 980 5970 2506
1230 2 2 1 1 675 6911 1892
1231 2 2 1 1 814 5163 2292
1232 2 2 1 1 2449 5642 1004
1233 2 2 1 1 5293 6062 2182
1234 2 2 1 1 2153 3392 1074
1235 2 2 1 1 964 3107 2202
1236 2 2 1 1 1319 4426 2284
1237 2 2 1 1 2917 6297 1843
1238 2 2 1 1 296 4134 295
1239 2 2 1 1 2117 3395 1055
1240 2 2 1 1 3256 5072 2531
1241 2 2 1 1 2228 3629 799
1242 2 2 1 1 2455 5916 1927
1243 2 2 1 1 2931 3064 1350
1244 2 2 1 1 424 4430 2929
1245 2 2 1 1 2969 4124 1727
1246 2 2 1 1 2254 2948 453
1247 2 2 1 1 2399 4004 1344
1248 2 2 1 1 1947 4736 4372
1249 2 2 1 1 2232 3461 1102
1250 2 2 1 1 4482 6320 2121
1251 2 2 1 1 484 3943 2286
1252 2 2 1 1 5852 6237 3000
1253 2 2 1 1 3852 4661 1176
1254 2 2 1 1 2566 5313 1802
1255 2 2 1 1 2163 4556 883
1256 2 2 1 1 757 4386 3532
1257 2 2 1 1 891 4406 2239
1258 2 2 1 1 1676 5560 4185
1259 2 2 1 1 3285 3472 1208
1260 2 2 1 1 2186 5944 2946
1261 2 2 1 1 1673 3728 2527
1262 2 2 1 1 2626 4249 4058
1263 2 2 1 1 4929 5606 2357
1264 2 2 1 1 3155 3188 1484
1265 2 2 1 1 951 4253 2230
1266 2 2 1 1 278 3176 277
1267 2 2 1 1 3406 4452 1337
1268 2 2 1 1 2190 5940 2464
1269 2 2 1 1 734 4460 2074
1270 2 2 1 1 2775 4960 674
1271 2 2 1 1 88 2665 87
1272 2 2 1 1 2819 5067 4952
1273 2 2 1 1 2982 3273 1200
1274 2 2 1 1 1648 4000 2624
1275 2 2 1 1 825 4396 2342
1276 2 2 1 1 2917 3676 1389
1277 2 2 1 1 4000 5071 2624
1278 2 2 1 1 1269 6260 2225
1279 2 2 1 1 3511 4081 2322
1280 2 2 1 1 2840 3173 1451
1281 2 2 1 1 1497 6027 3184
1282 2 2 1 1 5020 6902 4186
1283 2 2 1 1 4345 5527 2144
1284 2 2 1 1 1982 3637 976
1285 2 2 1 1 2221 5552 638
1286 2 2 1 1 118 3067 2618
1287 2 2 1 1 3504 3639 1090
1288 2 2 1 1 3906 6520 1011
1289 2 2 1 1 1095 5048 2562
1290 2 2 1 1 4056 4059 686
1291 2 2 1 1 1075 3575 2812
1292 2 2 1 1 880 5779 4031
1293 2 2 1 1 2340 3882 937
1294 2 2 1 1 2003 3249 343
1295 2 2 1 1 3112 6744 193
1296 2 2 1 1 756 2802 1981
1297 2 2 1 1 1058 4877 2076
1298 2 2 1 1 755 3992 3730
1299 2 2 1 1 2368 3007 756
1300 2 2 1 1 4876 5042 1154
1301 2 2 1 1 584 2747 2467
1302 2 2 1 1 4930 5124 1609
1303 2 2 1 1 3057 4357 2080
1304 2 2 1 1 2504 6617 1046
1305 2 2 1 1 2465 5495 3902
1306 2 2 1 1 875 5170 2853
1307 2 2 1 1 3404 6249 2457
1308 2 2 1 1 2145 3613 1062
1309 2 2 1 1 2342 4396 1464
1310 2 2 1 1 3525 5364 1828
1311 2 2 1 1 1628 5840 2354
1312 2 2 1 1 2518 3105 917
1313 2 2 1 1 1027 5101 3010
1314 2 2 1 1 1481 4366 2829
1315 2 2 1 1 3730 3992 1972
1316 2 2 1 1 2778 6672 1551
1317 2 2 1 1 3364 4030 1557
1318 2 2 1 1 538 3294 2483
1319 2 2 1 1 3170 5170 875
1320 2 2 1 1 2327 2873 529
1321 2 2 1 1 2970 3531 928
1322 2 2 1 1 940 3220 2379
1323 2 2 1 1 3353 3676 1400
1324 2 2 1 1 3408 4315 1780
1325 2 2 1 1 2157 3132 1082
1326 2 2 1 1 610 3091 2347
1327 2 2 1 1 892 3182 2436
1328 2 2 1 1 2370 5687 917
1329 2 2 1 1 2282 4383 903
1330 2 2 1 1 436 5885 1973
1331 2 2 1 1 2880 3904 1400
1332 2 2 1 1 2375 5768 1153
1333 2 2 1 1 130 6676 3501
1334 2 2 1 1 937 5606 2340
1335 2 2 1 1 3833 4638 2294
1336 2 2 1 1 5013 5133 1600
1337 2 2 1 1 932 4025 2542
1338 2 2 1 1 3423 4625 2497
1339 2 2 1 1 2963 4594 2424
1340 2 2 1 1 1620 4165 2435
1341 2 2 1 1 1283 3895 2220
1342 2 2 1 1 1545 5645 2384
1343 2 2 1 1 638 3192 2221
1344 2 2 1 1 2499 5152 733
1345 2 2 1 1 2647 3178 659
1346 2 2 1 1 562 3060 2386
1347 2 2 1 1 1248 4423 2804
1348 2 2 1 1 2418 3497 1540
1349 2 2 1 1 1254 5474 2167
1350 2 2 1 1 892 5768 2375
1351 2 2 1 1 406 2960 2740
1352 2 2 1 1 1617 3763 3139
1353 2 2 1 1 2029 5793 3054
1354 2 2 1 1 4952 5067 1360
1355 2 2 1 1 739 5820 4052
1356 2 2 1 1 1046 2647 2504
1357 2 2 1 1 1460 4843 2116
1358 2 2 1 1 2343 3832 1590
1359 2 2 1 1 2252 4037 1245
1360 2 2 1 1 5721 5994 2460
1361 2 2 1 1 2467 4282 891
1362 2 2 1 1 372 2975 2376
1363 2 2 1 1 1478 4005 3474
1364 2 2 1 1 3197 5165 3851
1365 2 2 1 1 2105 4426 1319
1366 2 2 1 1 608 4431 2598
1367 2 2 1 1 2285 5441 1481
1368 2 2 1 1 2286 5337 1619
1369 2 2 1 1 3000 6237 539
1370 2 2 1 1 1152 4754 2789
1371 2 2 1 1 2285 5597 3738
1372 2 2 1 1 2353 4232 444
1373 2 2 1 1 1550 5373 2806
1374 2 2 1 1 3037 5477 2586
1375 2 2 1 1 2719 6236 738
1376 2 2 1 1 2479 5170 1733
1377 2 2 1 1 863 5418 2447
1378 2 2 1 1 2547 4609 1471
1379 2 2 1 1 5321 6374 1803
1380 2 2 1 1 4418 4672 1883
1381 2 2 1 1 2215 4614 1285
1382 2 2 1 1 163 4710 3017
1383 2 2 1 1 2049 5845 2900
1384 2 2 1 1 1850 5254 3912
1385 2 2 1 1 2231 5003 619
1386 2 2 1 1 896 2988 2416
1387 2 2 1 1 2962 4976 1776
1388 2 2 1 1 2575 6511 1627
1389 2 2 1 1 334 3387 2352
1390 2 2 1 1 3267 4930 1609
1391 2 2 1 1 1341 6089 2299
1392 2 2 1 1 2114 3383 368
1393 2 2 1 1 1315 3798 2608
1394 2 2 1 1 2169 6017 379
1395 2 2 1 1 933 5329 2461
1396 2 2 1 1 1960 6322 4304
1397 2 2 1 1 132 4212 131
1398 2 2 1 1 1152 2789 2579
1399 2 2 1 1 489 4060 2349
1400 2 2 1 1 2643 3222 531
1401 2 2 1 1 444 3351 2353
1402 2 2 1 1 218 4085 2989
1403 2 2 1 1 4025 5561 2542
1404 2 2 1 1 2376 3286 1042
1405 2 2 1 1 5793 6461 3054
1406 2 2 1 1 2611 6146 3471
1407 2 2 1 1 2499 3344 1184
1408 2 2 1 1 2586 2865 879
1409 2 2 1 1 1394 3486 2172
1410 2 2 1 1 1617 3139 2352
1411 2 2 1 1 955 6097 3953
1412 2 2 1 1 2240 4854 350
1413 2 2 1 1 5540 5739 2351
1414 2 2 1 1 1251 3828 2262
1415 2 2 1 1 3628 5410 572
1416 2 2 1 1 5198 6364 517
1417 2 2 1 1 1552 3821 3250
1418 2 2 1 1 5277 6395 2405
1419 2 2 1 1 2374 3515 1276
1420 2 2 1 1 2409 6003 2239
1421 2 2 1 1 540 3220 2306
1422 2 2 1 1 3559 5207 2432
1423 2 2 1 1 1242 5966 1841
1424 2 2 1 1 3332 3788 1057
1425 2 2 1 1 3332 6098 3788
1426 2 2 1 1 2379 3220 1261
1427 2 2 1 1 1527 6070 2459
1428 2 2 1 1 18 6039 2795
1429 2 2 1 1 2254 2980 925
1430 2 2 1 1 2074 4917 563
1431 2 2 1 1 1143 2930 2757
1432 2 2 1 1 2693 5700 5410
1433 2 2 1 1 308 2673 307
1434 2 2 1 1 615 2883 2650
1435 2 2 1 1 922 4663 3553
1436 2 2 1 1 338 4199 3113
1437 2 2 1 1 3694 4589 1082
1438 2 2 1 1 2528 4767 361
1439 2 2 1 1 80 2814 79
1440 2 2 1 1 3350 4420 984
1441 2 2 1 1 5728 6632 2500
1442 2 2 1 1 3045 3120 1192
1443 2 2 1 1 624 4009 2151
1444 2 2 1 1 3201 5775 4624
1445 2 2 1 1 2556 4239 893
1446 2 2 1 1 2693 6209 478
1447 2 2 1 1 2053 3494 387
1448 2 2 1 1 393 5501 2109
1449 2 2 1 1 1746 4999 3035
1450 2 2 1 1 2157 4501 345
1451 2 2 1 1 641 4471 2000
1452 2 2 1 1 421 5632 3270
1453 2 2 1 1 3250 3821 1354
1454 2 2 1 1 2655 6835 2250
1455 2 2 1 1 2566 5959 746
1456 2 2 1 1 803 3663 2572
1457 2 2 1 1 2378 6681 510
1458 2 2 1 1 926 5737 4442
1459 2 2 1 1 1196 4371 2000
1460 2 2 1 1 3457 4217 971
1461 2 2 1 1 1262 3538 3087
1462 2 2 1 1 1966 4153 1120
1463 2 2 1 1 767 4291 2251
1464 2 2 1 1 1624 5511 3819
1465 2 2 1 1 2679 6345 1067
1466 2 2 1 1 2724 5223 1809
1467 2 2 1 1 982 6415 2428
1468 2 2 1 1 538 4660 3294
1469 2 2 1 1 2549 3855 1418
1470 2 2 1 1 873 5463 5453
1471 2 2 1 1 4775 5706 1617
1472 2 2 1 1 1474 5055 3323
1473 2 2 1 1 2646 2727 1174
1474 2 2 1 1 3017 3374 1347
1475 2 2 1 1 2492 3678 1215
1476 2 2 1 1 1407 4099 2777
1477 2 2 1 1 2660 5433 1555
1478 2 2 1 1 962 3039 2749
1479 2 2 1 1 2507 3054 1211
1480 2 2 1 1 5192 5738 2712
1481 2 2 1 1 1527 5709 2615
1482 2 2 1 1 2118 3596 1348
1483 2 2 1 1 1215 3064 2931
1484 2 2 1 1 3073 3805 1107
1485 2 2 1 1 975 6225 4066
1486 2 2 1 1 40 4722 2513
1487 2 2 1 1 578 4053 2762
1488 2 2 1 1 1536 5527 4345
1489 2 2 1 1 2872 4583 1047
1490 2 2 1 1 673 3392 2153
1491 2 2 1 1 951 3123 3049
1492 2 2 1 1 1388 3849 2195
1493 2 2 1 1 944 4233 2276
1494 2 2 1 1 3966 5850 348
1495 2 2 1 1 2919 5064 1172
1496 2 2 1 1 837 6461 5793
1497 2 2 1 1 869 3845 2401
1498 2 2 1 1 927 6813 5671
1499 2 2 1 1 1473 3131 3061
1500 2 2 1 1 1213 4280 2086
1501 2 2 1 1 632 3173 2175
1502 2 2 1 1 1327 4993 3991
1503 2 2 1 1 2358 6360 2694
1504 2 2 1 1 1276 3390 2374
1505 2 2 1 1 2074 3320 734
1506 2 2 1 1 2307 5753 786
1507 2 2 1 1 944 6690 2841
1508 2 2 1 1 2732 6849 5966
1509 2 2 1 1 2674 6717 924
1510 2 2 1 1 1888 3865 3488
1511 2 2 1 1 2461 3157 179
1512 2 2 1 1 3156 5291 4074
1513 2 2 1 1 990 4618 2952
1514 2 2 1 1 2830 4740 1034
1515 2 2 1 1 353 5321 4038
1516 2 2 1 1 470 6823 3720
1517 2 2 1 1 2385 5472 1459
1518 2 2 1 1 3245 3761 1198
1519 2 2 1 1 2421 3485 222
1520 2 2 1 1 3140 3701 1237
1521 2 2 1 1 3540 4554 380
1522 2 2 1 1 926 6048 2441
1523 2 2 1 1 1475 4381 2232
1524 2 2 1 1 1220 4483 3818
1525 2 2 1 1 3200 5873 877
1526 2 2 1 1 559 4536 2621
1527 2 2 1 1 3031 3107 538
1528 2 2 1 1 1942 5594 2786
1529 2 2 1 1 1132 3198 2591
1530 2 2 1 1 2111 5258 3953
1531 2 2 1 1 533 3722 2406
1532 2 2 1 1 724 4076 2949
1533 2 2 1 1 1762 5727 2785
1534 2 2 1 1 4336 5920 2162
1535 2 2 1 1 1133 4215 3084
1536 2 2 1 1 2542 5561 1406
1537 2 2 1 1 825 2928 2264
1538 2 2 1 1 2788 6431 942
1539 2 2 1 1 1462 5119 4291
1540 2 2 1 1 2297 4602 1356
1541 2 2 1 1 2802 4996 1981
1542 2 2 1 1 1841 3834 1242
1543 2 2 1 1 984 4420 2502
1544 2 2 1 1 4215 6277 3084
1545 2 2 1 1 4304 6691 921
1546 2 2 1 1 1747 4489 3194
1547 2 2 1 1 1367 4008 3729
1548 2 2 1 1 1518 6639 2842
1549 2 2 1 1 2953 3936 1596
1550 2 2 1 1 1341 3989 2593
1551 2 2 1 1 2045 3717 1244
1552 2 2 1 1 930 5486 2569
1553 2 2 1 1 2444 3472 864
1554 2 2 1 1 2305 4177 547
1555 2 2 1 1 2325 3962 1114
1556 2 2 1 1 463 4286 2295
1557 2 2 1 1 1963 4534 3723
1558 2 2 1 1 4099 6197 2777
1559 2 2 1 1 2323 4221 1519
1560 2 2 1 1 2499 4791 3344
1561 2 2 1 1 1820 6341 2480
1562 2 2 1 1 1864 5711 2518
1563 2 2 1 1 2600 5199 1666
1564 2 2 1 1 511 3944 2108
1565 2 2 1 1 1879 5589 3626
1566 2 2 1 1 2367 4478 1130
1567 2 2 1 1 1658 5058 2354
1568 2 2 1 1 545 2993 2521
1569 2 2 1 1 532 4394 2615
1570 2 2 1 1 1346 3533 2414
1571 2 2 1 1 1859 5429 4458
1572 2 2 1 1 1324 2738 2737
1573 2 2 1 1 2068 4421 1216
1574 2 2 1 1 5729 5785 1696
1575 2 2 1 1 1993 5018 3206
1576 2 2 1 1 525 4384 1963
1577 2 2 1 1 3948 6493 746
1578 2 2 1 1 103 6339 2978
1579 2 2 1 1 601 3361 3145
1580 2 2 1 1 3114 6167 2514
1581 2 2 1 1 3840 6278 2369
1582 2 2 1 1 3092 5513 563
1583 2 2 1 1 1219 3178 2647
1584 2 2 1 1 1381 3904 2880
1585 2 2 1 1 2609 6361 5896
1586 2 2 1 1 4645 6560 1310
1587 2 2 1 1 2962 6280 4102
1588 2 2 1 1 1821 4641 3827
1589 2 2 1 1 2195 3037 1075
1590 2 2 1 1 2291 5715 5693
1591 2 2 1 1 3689 6299 3808
1592 2 2 1 1 1923 3785 3362
1593 2 2 1 1 2368 4877 1058
1594 2 2 1 1 2212 5670 1715
1595 2 2 1 1 1611 3749 2612
1596 2 2 1 1 2514 4334 1508
1597 2 2 1 1 650 4678 2333
1598 2 2 1 1 2495 4406 891
1599 2 2 1 1 344 6912 2335
1600 2 2 1 1 3900 5079 979
1601 2 2 1 1 856 5501 4895
1602 2 2 1 1 1364 4439 2544
1603 2 2 1 1 1148 4223 2170
1604 2 2 1 1 3416 4484 691
1605 2 2 1 1 2629 3757 859
1606 2 2 1 1 2463 4679 939
1607 2 2 1 1 379 4887 2169
1608 2 2 1 1 2135 3741 954
1609 2 2 1 1 1348 4508 2118
1610 2 2 1 1 1551 5074 2778
1611 2 2 1 1 2374 3390 939
1612 2 2 1 1 3376 3493 1370
1613 2 2 1 1 335 5246 5168
1614 2 2 1 1 164 4710 163
1615 2 2 1 1 1790 3408 3108
1616 2 2 1 1 2033 6568 3368
1617 2 2 1 1 1368 2844 2843
1618 2 2 1 1 4458 5429 698
1619 2 2 1 1 2212 5522 780
1620 2 2 1 1 1043 4375 2126
1621 2 2 1 1 1322 4265 2180
1622 2 2 1 1 821 3509 3288
1623 2 2 1 1 3492 4117 1823
1624 2 2 1 1 1361 3449 2507
1625 2 2 1 1 2942 5791 3059
1626 2 2 1 1 945 3021 2706
1627 2 2 1 1 567 4500 2371
1628 2 2 1 1 2373 5895 445
1629 2 2 1 1 2464 5297 2190
1630 2 2 1 1 1673 5026 3728
1631 2 2 1 1 219 6162 4085
1632 2 2 1 1 1513 4132 2453
1633 2 2 1 1 5282 6698 801
1634 2 2 1 1 3365 3456 1179
1635 2 2 1 1 2834 5384 5281
1636 2 2 1 1 2960 6420 2740
1637 2 2 1 1 3718 4815 388
1638 2 2 1 1 2187 2920 920
1639 2 2 1 1 1130 4433 3608
1640 2 2 1 1 518 5139 3150
1641 2 2 1 1 1502 2752 2513
1642 2 2 1 1 3156 4074 811
1643 2 2 1 1 1666 5092 3289
1644 2 2 1 1 1630 5460 3126
1645 2 2 1 1 1802 5788 2724
1646 2 2 1 1 4910 5388 2369
1647 2 2 1 1 1084 5667 3181
1648 2 2 1 1 1004 6831 2449
1649 2 2 1 1 3087 3538 1116
1650 2 2 1 1 2475 5368 526
1651 2 2 1 1 1244 5782 2216
1652 2 2 1 1 2066 3716 1342
1653 2 2 1 1 1616 3012 2340
1654 2 2 1 1 1861 6078 2524
1655 2 2 1 1 409 3717 2045
1656 2 2 1 1 2243 5683 4380
1657 2 2 1 1 1891 5020 4186
1658 2 2 1 1 1034 4740 2132
1659 2 2 1 1 198 2744 197
1660 2 2 1 1 2690 3581 1185
1661 2 2 1 1 681 5653 3409
1662 2 2 1 1 4040 5387 951
1663 2 2 1 1 1150 4823 4685
1664 2 2 1 1 1558 5548 4555
1665 2 2 1 1 3052 5973 5856
1666 2 2 1 1 2902 3704 1655
1667 2 2 1 1 198 6471 2744
1668 2 2 1 1 2298 4143 460
1669 2 2 1 1 745 5005 2446
1670 2 2 1 1 260 4821 4198
1671 2 2 1 1 1045 5256 2363
1672 2 2 1 1 2300 4462 867
1673 2 2 1 1 3919 4598 1409
1674 2 2 1 1 2918 4537 2056
1675 2 2 1 1 2352 3387 1105
1676 2 2 1 1 2660 5103 3571
1677 2 2 1 1 2643 5360 1199
1678 2 2 1 1 2843 3789 1368
1679 2 2 1 1 2428 3149 1406
1680 2 2 1 1 1666 4837 2630
1681 2 2 1 1 1846 6100 2500
1682 2 2 1 1 2438 5506 3923
1683 2 2 1 1 389 5030 2245
1684 2 2 1 1 370 3280 2823
1685 2 2 1 1 2407 6227 4453
1686 2 2 1 1 3271 4168 1580
1687 2 2 1 1 2096 5133 5013
1688 2 2 1 1 2544 4439 833
1689 2 2 1 1 2312 3285 1208
1690 2 2 1 1 3736 4986 1257
1691 2 2 1 1 527 4920 2014
1692 2 2 1 1 2267 3564 724
1693 2 2 1 1 2380 2875 1223
1694 2 2 1 1 3291 3818 646
1695 2 2 1 1 874 3088 2240
1696 2 2 1 1 3291 5637 4923
1697 2 2 1 1 1129 5735 3171
1698 2 2 1 1 2567 4031 1242
1699 2 2 1 1 2214 3971 836
1700 2 2 1 1 4291 5119 2251
1701 2 2 1 1 1319 4316 2105
1702 2 2 1 1 2260 5094 1614
1703 2 2 1 1 2885 5261 3096
1704 2 2 1 1 2610 3765 362
1705 2 2 1 1 2784 5588 4122
1706 2 2 1 1 2560 4703 386
1707 2 2 1 1 1070 4114 2478
1708 2 2 1 1 2166 4114 1070
1709 2 2 1 1 4592 5127 1755
1710 2 2 1 1 2740 4298 406
1711 2 2 1 1 2601 4304 921
1712 2 2 1 1 2762 5511 1624
1713 2 2 1 1 3622 5038 1396
1714 2 2 1 1 1243 5797 2271
1715 2 2 1 1 1283 4026 3136
1716 2 2 1 1 1612 3707 3040
1717 2 2 1 1 828 5153 2034
1718 2 2 1 1 5416 5633 1769
1719 2 2 1 1 65 3264 2486
1720 2 2 1 1 1051 3077 2430
1721 2 2 1 1 1769 4548 2585
1722 2 2 1 1 2829 3187 606
1723 2 2 1 1 320 5752 3127
1724 2 2 1 1 2605 6515 1091
1725 2 2 1 1 2565 3619 531
1726 2 2 1 1 3113 4199 1511
1727 2 2 1 1 2986 3986 455
1728 2 2 1 1 3108 5196 1671
1729 2 2 1 1 2207 5598 1051
1730 2 2 1 1 2480 6341 692
1731 2 2 1 1 2232 2763 1475
1732 2 2 1 1 2005 5105 2750
1733 2 2 1 1 1382 3809 2970
1734 2 2 1 1 2590 4835 457
1735 2 2 1 1 983 3253 2049
1736 2 2 1 1 2405 6395 3148
1737 2 2 1 1 2179 4265 1322
1738 2 2 1 1 924 3006 2360
1739 2 2 1 1 2345 6698 5282
1740 2 2 1 1 2287 6445 5407
1741 2 2 1 1 1939 4144 3519
1742 2 2 1 1 1237 3141 3140
1743 2 2 1 1 3205 5831 3094
1744 2 2 1 1 622 4910 2369
1745 2 2 1 1 1978 2936 945
1746 2 2 1 1 3345 3942 1184
1747 2 2 1 1 3986 4834 1919
1748 2 2 1 1 1625 4133 4055
1749 2 2 1 1 933 4211 3734
1750 2 2 1 1 1895 5388 4910
1751 2 2 1 1 551 3021 2765
1752 2 2 1 1 610 3455 3091
1753 2 2 1 1 2209 5160 4435
1754 2 2 1 1 3399 5290 1737
1755 2 2 1 1 351 5764 1965
1756 2 2 1 1 1225 6853 3512
1757 2 2 1 1 3533 4190 2036
1758 2 2 1 1 1130 5662 4433
1759 2 2 1 1 1331 4337 2446
1760 2 2 1 1 1940 5299 4899
1761 2 2 1 1 2022 5824 2831
1762 2 2 1 1 2352 3139 334
1763 2 2 1 1 2448 6928 882
1764 2 2 1 1 1241 6047 2995
1765 2 2 1 1 782 4605 4542
1766 2 2 1 1 2333 2998 1224
1767 2 2 1 1 1412 3765 2285
1768 2 2 1 1 1733 5170 3170
1769 2 2 1 1 1095 3616 2682
1770 2 2 1 1 2271 3325 631
1771 2 2 1 1 978 5625 5386
1772 2 2 1 1 1357 4486 2469
1773 2 2 1 1 1032 4273 2961
1774 2 2 1 1 518 3150 2268
1775 2 2 1 1 2309 4234 1186
1776 2 2 1 1 2412 3176 950
1777 2 2 1 1 2502 4919 1544
1778 2 2 1 1 1058 3007 2368
1779 2 2 1 1 792 3549 2245
1780 2 2 1 1 2234 4830 1331
1781 2 2 1 1 2484 3093 910
1782 2 2 1 1 133 3614 132
1783 2 2 1 1 991 3160 2419
1784 2 2 1 1 3035 4999 927
1785 2 2 1 1 2579 2789 1288
1786 2 2 1 1 2034 3842 828
1787 2 2 1 1 3288 3960 1277
1788 2 2 1 1 2307 4401 1553
1789 2 2 1 1 3100 3470 1090
1790 2 2 1 1 2376 3530 372
1791 2 2 1 1 1764 3529 2832
1792 2 2 1 1 2495 5827 1732
1793 2 2 1 1 2381 6115 2031
1794 2 2 1 1 2732 5966 591
1795 2 2 1 1 2486 4377 64
1796 2 2 1 1 569 3716 3337
1797 2 2 1 1 2655 3071 1547
1798 2 2 1 1 2587 3372 1471
1799 2 2 1 1 799 5770 1933
1800 2 2 1 1 376 3425 3165
1801 2 2 1 1 917 5687 2518
1802 2 2 1 1 201 5377 2866
1803 2 2 1 1 488 6042 2216
1804 2 2 1 1 976 3625 1982
1805 2 2 1 1 4524 5996 3247
1806 2 2 1 1 2618 6894 118
1807 2 2 1 1 5348 5856 2300
1808 2 2 1 1 1704 4139 3846
1809 2 2 1 1 2494 6671 3632
1810 2 2 1 1 523 4263 2574
1811 2 2 1 1 2309 4543 4234
1812 2 2 1 1 2097 5080 1477
1813 2 2 1 1 2241 3436 1187
1814 2 2 1 1 2956 5305 854
1815 2 2 1 1 1207 6249 3404
1816 2 2 1 1 2850 5401 3069
1817 2 2 1 1 1208 5395 2312
1818 2 2 1 1 1530 4623 2092
1819 2 2 1 1 1736 4184 2683
1820 2 2 1 1 1540 5381 2418
1821 2 2 1 1 113 4401 2307
1822 2 2 1 1 1364 5528 3877
1823 2 2 1 1 2613 2864 1019
1824 2 2 1 1 1045 3499 1991
1825 2 2 1 1 4597 5487 1698
1826 2 2 1 1 794 5602 2115
1827 2 2 1 1 3338 4620 1053
1828 2 2 1 1 2071 6399 5896
1829 2 2 1 1 4055 5079 2714
1830 2 2 1 1 2646 3167 590
1831 2 2 1 1 3305 6287 2377
1832 2 2 1 1 1121 3725 1884
1833 2 2 1 1 2459 4749 382
1834 2 2 1 1 1563 5706 4266
1835 2 2 1 1 2672 6713 1111
1836 2 2 1 1 4315 6864 723
1837 2 2 1 1 2628 3483 1263
1838 2 2 1 1 747 4672 4418
1839 2 2 1 1 3749 5154 2171
1840 2 2 1 1 1256 2822 2630
1841 2 2 1 1 1285 3764 2215
1842 2 2 1 1 341 5341 4817
1843 2 2 1 1 3696 3771 1123
1844 2 2 1 1 2299 3989 1341
1845 2 2 1 1 1020 5308 3235
1846 2 2 1 1 2444 3352 1208
1847 2 2 1 1 136 3495 2360
1848 2 2 1 1 3190 4424 1967
1849 2 2 1 1 1161 3469 3465
1850 2 2 1 1 4174 5156 3524
1851 2 2 1 1 2108 5513 1066
1852 2 2 1 1 1575 3210 2994
1853 2 2 1 1 2882 5127 644
1854 2 2 1 1 2313 5569 1430
1855 2 2 1 1 838 4124 2246
1856 2 2 1 1 2191 3880 1263
1857 2 2 1 1 4083 5561 2430
1858 2 2 1 1 853 5150 2651
1859 2 2 1 1 2968 5548 1558
1860 2 2 1 1 539 6237 2468
1861 2 2 1 1 2240 5346 874
1862 2 2 1 1 2608 5098 1315
1863 2 2 1 1 3194 5265 2092
1864 2 2 1 1 494 6679 1872
1865 2 2 1 1 1897 3472 3285
1866 2 2 1 1 476 3897 3014
1867 2 2 1 1 1541 3129 3128
1868 2 2 1 1 3496 4970 2451
1869 2 2 1 1 2134 4392 461
1870 2 2 1 1 1177 5086 2185
1871 2 2 1 1 1056 3494 2053
1872 2 2 1 1 231 2628 230
1873 2 2 1 1 3956 5625 978
1874 2 2 1 1 2860 4113 1579
1875 2 2 1 1 2813 3394 920
1876 2 2 1 1 3617 5450 666
1877 2 2 1 1 949 2673 2537
1878 2 2 1 1 2535 6518 2276
1879 2 2 1 1 2833 4345 477
1880 2 2 1 1 291 3097 290
1881 2 2 1 1 1895 3428 3090
1882 2 2 1 1 2749 3039 1466
1883 2 2 1 1 2468 4813 2414
1884 2 2 1 1 1067 6906 2679
1885 2 2 1 1 2067 3842 1118
1886 2 2 1 1 1141 6324 2862
1887 2 2 1 1 1076 3174 2681
1888 2 2 1 1 2282 5468 4383
1889 2 2 1 1 667 4986 3210
1890 2 2 1 1 529 5119 2327
1891 2 2 1 1 2133 4307 343
1892 2 2 1 1 1228 5082 2897
1893 2 2 1 1 2611 5672 1968
1894 2 2 1 1 844 3089 2919
1895 2 2 1 1 2139 5367 1440
1896 2 2 1 1 4395 5964 1838
1897 2 2 1 1 780 5522 2394
1898 2 2 1 1 2245 3549 1092
1899 2 2 1 1 5771 5998 820
1900 2 2 1 1 2788 4650 1457
1901 2 2 1 1 2225 3457 1269
1902 2 2 1 1 473 5477 2195
1903 2 2 1 1 3228 3618 635
1904 2 2 1 1 1994 4704 3032
1905 2 2 1 1 875 5872 3170
1906 2 2 1 1 2402 3246 1371
1907 2 2 1 1 453 2948 2607
1908 2 2 1 1 3015 3544 385
1909 2 2 1 1 2161 6560 4645
1910 2 2 1 1 173 3098 172
1911 2 2 1 1 504 4979 2439
1912 2 2 1 1 2126 4375 346
1913 2 2 1 1 3241 3937 1147
1914 2 2 1 1 452 4424 3190
1915 2 2 1 1 891 4282 2495
1916 2 2 1 1 2431 3811 1073
1917 2 2 1 1 1091 3237 2079
1918 2 2 1 1 3227 3904 1381
1919 2 2 1 1 2205 4656 583
1920 2 2 1 1 2167 5655 794
1921 2 2 1 1 889 3393 2423
1922 2 2 1 1 2219 6216 859
1923 2 2 1 1 637 5332 2907
1924 2 2 1 1 2635 4924 3667
1925 2 2 1 1 1814 3531 2970
1926 2 2 1 1 110 2597 109
1927 2 2 1 1 2292 5163 1582
1928 2 2 1 1 2316 3638 1259
1929 2 2 1 1 2562 6154 1855
1930 2 2 1 1 2604 6566 1012
1931 2 2 1 1 2264 2928 1378
1932 2 2 1 1 1224 4156 2333
1933 2 2 1 1 2991 4193 1152
1934 2 2 1 1 2607 3389 1480
1935 2 2 1 1 633 3637 3102
1936 2 2 1 1 2210 5084 785
1937 2 2 1 1 3623 6349 5365
1938 2 2 1 1 368 5913 2114
1939 2 2 1 1 3376 3754 1140
1940 2 2 1 1 631 4540 2271
1941 2 2 1 1 2251 4955 767
1942 2 2 1 1 390 3281 2281
1943 2 2 1 1 2784 4122 952
1944 2 2 1 1 848 6157 5269
1945 2 2 1 1 3654 4999 1746
1946 2 2 1 1 1319 5626 4316
1947 2 2 1 1 1230 3562 2521
1948 2 2 1 1 2347 3091 1092
1949 2 2 1 1 2879 4453 766
1950 2 2 1 1 4890 6582 6336
1951 2 2 1 1 156 2334 155
1952 2 2 1 1 2716 5500 3722
1953 2 2 1 1 3242 4055 504
1954 2 2 1 1 430 3402 2419
1955 2 2 1 1 502 4366 3770
1956 2 2 1 1 1055 4855 2117
1957 2 2 1 1 2470 3055 590
1958 2 2 1 1 840 6253 2339
1959 2 2 1 1 2332 6773 6437
1960 2 2 1 1 2106 5873 3200
1961 2 2 1 1 1419 4245 2422
1962 2 2 1 1 3875 4303 3011
1963 2 2 1 1 203 3422 2953
1964 2 2 1 1 2337 6360 998
1965 2 2 1 1 332 4544 3066
1966 2 2 1 1 2857 3396 1088
1967 2 2 1 1 3974 4944 2718
1968 2 2 1 1 2417 6750 1278
1969 2 2 1 1 1010 6108 2630
1970 2 2 1 1 2132 3774 1034
1971 2 2 1 1 3969 5603 389
1972 2 2 1 1 2058 6830 4262
1973 2 2 1 1 2929 4543 1410
1974 2 2 1 1 4657 6258 942
1975 2 2 1 1 3550 6125 798
1976 2 2 1 1 1102 2763 2232
1977 2 2 1 1 2060 4789 449
1978 2 2 1 1 660 4081 3511
1979 2 2 1 1 398 5275 4814
1980 2 2 1 1 2283 6785 4326
1981 2 2 1 1 2322 5681 3511
1982 2 2 1 1 1933 4631 799
1983 2 2 1 1 457 2982 2590
1984 2 2 1 1 1455 3322 2397
1985 2 2 1 1 2608 3798 956
1986 2 2 1 1 3339 3853 1988
1987 2 2 1 1 2550 4451 597
1988 2 2 1 1 1741 5210 4595
1989 2 2 1 1 1261 3823 2379
1990 2 2 1 1 683 4185 2991
1991 2 2 1 1 2169 4014 872
1992 2 2 1 1 3108 3408 898
1993 2 2 1 1 2951 4278 1371
1994 2 2 1 1 978 5244 3956
1995 2 2 1 1 3523 4236 1615
1996 2 2 1 1 5140 5790 490
1997 2 2 1 1 1682 5679 2641
1998 2 2 1 1 788 6412 2994
1999 2 2 1 1 254 4044 2510
2000 2 2 1 1 2643 5876 1041
2001 2 2 1 1 2526 4533 1896
2002 2 2 1 1 2634 3235 1823
2003 2 2 1 1 1073 4126 3864
2004 2 2 1 1 2405 3148 1104
2005 2 2 1 1 809 4474 2043
2006 2 2 1 1 1112 4386 2336
2007 2 2 1 1 535 4437 2170
2008 2 2 1 1 3372 4596 1471
2009 2 2 1 1 568 3816 2166
2010 2 2 1 1 827 3760 2584
2011 2 2 1 1 4231 6038 2404
2012 2 2 1 1 5966 6849 1841
2013 2 2 1 1 3981 6303 2361
2014 2 2 1 1 3164 6343 1103
2015 2 2 1 1 1218 3628 2126
2016 2 2 1 1 2770 4538 107
2017 2 2 1 1 1636 4285 2132
2018 2 2 1 1 1892 3827 675
2019 2 2 1 1 547 4378 2305
2020 2 2 1 1 3343 4228 1743
2021 2 2 1 1 3038 4491 487
2022 2 2 1 1 2416 3540 380
2023 2 2 1 1 939 3390 2463
2024 2 2 1 1 1078 3901 3030
2025 2 2 1 1 3465 4792 1161
2026 2 2 1 1 3362 3785 1180
2027 2 2 1 1 3614 4212 132
2028 2 2 1 1 834 5433 2660
2029 2 2 1 1 2433 3742 528
2030 2 2 1 1 1019 3837 2613
2031 2 2 1 1 775 5910 3321
2032 2 2 1 1 1151 6482 3908
2033 2 2 1 1 2439 3242 504
2034 2 2 1 1 865 5500 2716
2035 2 2 1 1 6412 6592 2575
2036 2 2 1 1 1171 4525 2359
2037 2 2 1 1 2962 4102 1482
2038 2 2 1 1 2860 5403 1983
2039 2 2 1 1 2200 4582 537
2040 2 2 1 1 616 5298 2399
2041 2 2 1 1 2154 3937 1077
2042 2 2 1 1 450 5080 2097
2043 2 2 1 1 3068 4192 1189
2044 2 2 1 1 2500 3910 1313
2045 2 2 1 1 1190 4177 2305
2046 2 2 1 1 802 3484 2175
2047 2 2 1 1 2304 6312 653
2048 2 2 1 1 1559 4729 2686
2049 2 2 1 1 3169 3509 821
2050 2 2 1 1 1182 4128 2484
2051 2 2 1 1 379 6017 2581
2052 2 2 1 1 3474 4005 657
2053 2 2 1 1 5073 5190 352
2054 2 2 1 1 3102 3637 1982
2055 2 2 1 1 1709 5038 3622
2056 2 2 1 1 441 4283 2252
2057 2 2 1 1 2802 4320 1117
2058 2 2 1 1 1459 6189 2345
2059 2 2 1 1 446 4597 3180
2060 2 2 1 1 811 5230 3156
2061 2 2 1 1 2576 4874 84
2062 2 2 1 1 2154 5618 3624
2063 2 2 1 1 1318 5680 4124
2064 2 2 1 1 746 6493 5313
2065 2 2 1 1 1472 3878 2277
2066 2 2 1 1 3469 5006 621
2067 2 2 1 1 2400 2952 358
2068 2 2 1 1 4139 6882 3846
2069 2 2 1 1 2445 3741 788
2070 2 2 1 1 1769 6346 4548
2071 2 2 1 1 2657 6266 970
2072 2 2 1 1 822 5640 3023
2073 2 2 1 1 243 3224 242
2074 2 2 1 1 3511 5681 1883
2075 2 2 1 1 2305 4502 1190
2076 2 2 1 1 3734 4211 1917
2077 2 2 1 1 3133 3935 1407
2078 2 2 1 1 2907 5332 2004
2079 2 2 1 1 4542 4605 2217
2080 2 2 1 1 2459 5709 1527
2081 2 2 1 1 2614 5563 4262
2082 2 2 1 1 2804 4423 672
2083 2 2 1 1 3288 4807 3960
2084 2 2 1 1 152 5451 3370
2085 2 2 1 1 3507 4310 1002
2086 2 2 1 1 3816 5333 2166
2087 2 2 1 1 1193 5759 2551
2088 2 2 1 1 1991 3499 489
2089 2 2 1 1 1737 3640 3399
2090 2 2 1 1 3326 4739 1007
2091 2 2 1 1 1136 5678 3720
2092 2 2 1 1 1883 4672 3511
2093 2 2 1 1 2285 3738 1412
2094 2 2 1 1 2549 5346 3855
2095 2 2 1 1 1046 5672 2611
2096 2 2 1 1 4604 5530 437
2097 2 2 1 1 2492 2805 540
2098 2 2 1 1 577 4433 2956
2099 2 2 1 1 583 3304 2644
2100 2 2 1 1 1413 3315 3091
2101 2 2 1 1 1231 4732 3797
2102 2 2 1 1 1238 6303 3981
2103 2 2 1 1 1984 4833 3791
2104 2 2 1 1 2866 3395 200
2105 2 2 1 1 2664 3251 962
2106 2 2 1 1 461 5110 2134
2107 2 2 1 1 529 4112 2251
2108 2 2 1 1 2297 5878 4602
2109 2 2 1 1 2824 4227 4036
2110 2 2 1 1 1174 5863 5207
2111 2 2 1 1 2280 4515 1126
2112 2 2 1 1 2794 4126 1073
2113 2 2 1 1 2678 6230 4143
2114 2 2 1 1 3471 6146 399
2115 2 2 1 1 1482 3591 2962
2116 2 2 1 1 2842 3833 1518
2117 2 2 1 1 350 3855 2240
2118 2 2 1 1 2719 4789 2060
2119 2 2 1 1 2416 2988 1359
2120 2 2 1 1 2398 5086 1177
2121 2 2 1 1 1578 5201 2726
2122 2 2 1 1 2045 6013 3784
2123 2 2 1 1 2264 4396 825
2124 2 2 1 1 1270 3167 2646
2125 2 2 1 1 1356 3298 2297
2126 2 2 1 1 2593 3215 943
2127 2 2 1 1 2735 6893 872
2128 2 2 1 1 3770 5798 502
2129 2 2 1 1 3465 3469 1386
2130 2 2 1 1 1534 5124 4833
2131 2 2 1 1 2823 3280 1210
2132 2 2 1 1 2279 5957 627
2133 2 2 1 1 2116 3168 1460
2134 2 2 1 1 4048 4207 1991
2135 2 2 1 1 2717 3593 1622
2136 2 2 1 1 1580 5543 3271
2137 2 2 1 1 2384 5645 4116
2138 2 2 1 1 963 4415 2683
2139 2 2 1 1 2563 5955 1847
2140 2 2 1 1 5045 5690 1762
2141 2 2 1 1 1897 5131 2691
2142 2 2 1 1 839 6935 2498
2143 2 2 1 1 3415 5217 1036
2144 2 2 1 1 2291 5693 2580
2145 2 2 1 1 1082 4589 3025
2146 2 2 1 1 1173 6062 5293
2147 2 2 1 1 1949 6693 4555
2148 2 2 1 1 1627 3668 3204
2149 2 2 1 1 2823 4369 370
2150 2 2 1 1 1367 3729 2483
2151 2 2 1 1 339 3778 2164
2152 2 2 1 1 671 2992 2940
2153 2 2 1 1 2466 5469 3563
2154 2 2 1 1 2586 4145 1454
2155 2 2 1 1 3042 6006 234
2156 2 2 1 1 342 4444 2440
2157 2 2 1 1 119 3067 118
2158 2 2 1 1 2170 4437 1148
2159 2 2 1 1 2983 4006 1299
2160 2 2 1 1 3140 3141 1031
2161 2 2 1 1 4037 4378 1245
2162 2 2 1 1 1404 3366 3269
2163 2 2 1 1 1777 4164 3424
2164 2 2 1 1 400 6355 4235
2165 2 2 1 1 374 3802 2413
2166 2 2 1 1 1042 3231 2791
2167 2 2 1 1 2206 6324 1141
2168 2 2 1 1 752 4004 2399
2169 2 2 1 1 342 3515 2374
2170 2 2 1 1 1079 4983 2574
2171 2 2 1 1 3826 6170 5021
2172 2 2 1 1 1077 3374 3017
2173 2 2 1 1 1455 5699 3281
2174 2 2 1 1 1986 3788 3627
2175 2 2 1 1 1237 5342 2439
2176 2 2 1 1 4857 5340 3883
2177 2 2 1 1 3091 3315 1092
2178 2 2 1 1 544 4164 2988
2179 2 2 1 1 4484 5196 1393
2180 2 2 1 1 4262 6830 2614
2181 2 2 1 1 3883 5340 1466
2182 2 2 1 1 1855 5209 2562
2183 2 2 1 1 3346 6322 3976
2184 2 2 1 1 2860 6714 1101
2185 2 2 1 1 2293 5111 1404
2186 2 2 1 1 358 3138 2400
2187 2 2 1 1 2308 5967 3916
2188 2 2 1 1 410 2721 2677
2189 2 2 1 1 3417 5863 1174
2190 2 2 1 1 2752 6884 999
2191 2 2 1 1 3809 6052 2970
2192 2 2 1 1 2337 6015 1093
2193 2 2 1 1 640 3759 2284
2194 2 2 1 1 518 3016 2916
2195 2 2 1 1 1983 6576 2860
2196 2 2 1 1 2172 4709 1394
2197 2 2 1 1 2424 4448 1397
2198 2 2 1 1 899 5607 3602
2199 2 2 1 1 3493 3658 553
2200 2 2 1 1 2737 5716 585
2201 2 2 1 1 2583 5894 4551
2202 2 2 1 1 1858 4193 2991
2203 2 2 1 1 2049 3998 1216
2204 2 2 1 1 1041 3222 2643
2205 2 2 1 1 541 5672 2633
2206 2 2 1 1 2378 2731 1175
2207 2 2 1 1 2859 3548 456
2208 2 2 1 1 552 3352 2444
2209 2 2 1 1 3552 3951 574
2210 2 2 1 1 1918 3708 3681
2211 2 2 1 1 1106 4168 3271
2212 2 2 1 1 4736 6798 1507
2213 2 2 1 1 2461 4535 933
2214 2 2 1 1 886 4731 2856
2215 2 2 1 1 2339 4970 1607
2216 2 2 1 1 442 4422 2572
2217 2 2 1 1 4491 6034 1178
2218 2 2 1 1 2775 5745 1637
2219 2 2 1 1 351 6568 5208
2220 2 2 1 1 2744 6471 2117
2221 2 2 1 1 3128 3129 1054
2222 2 2 1 1 2162 3009 596
2223 2 2 1 1 2500 3567 1846
2224 2 2 1 1 1258 5705 2537
2225 2 2 1 1 4554 5667 1084
2226 2 2 1 1 1428 3476 3243
2227 2 2 1 1 1236 3251 2664
2228 2 2 1 1 2842 3996 1266
2229 2 2 1 1 1141 5861 2714
2230 2 2 1 1 2916 3016 1146
2231 2 2 1 1 1204 4328 2517
2232 2 2 1 1 2807 3569 1021
2233 2 2 1 1 1224 4652 4156
2234 2 2 1 1 1223 3446 2908
2235 2 2 1 1 871 4537 2918
2236 2 2 1 1 2897 6831 1004
2237 2 2 1 1 2812 5087 1075
2238 2 2 1 1 551 4355 2561
2239 2 2 1 1 1172 6921 2472
2240 2 2 1 1 3716 5035 3337
2241 2 2 1 1 543 4997 2217
2242 2 2 1 1 3825 6320 3045
2243 2 2 1 1 2195 4805 1388
2244 2 2 1 1 2613 5138 1142
2245 2 2 1 1 1044 3258 2935
2246 2 2 1 1 260 4198 259
2247 2 2 1 1 2338 6279 1180
2248 2 2 1 1 4572 6530 2227
2249 2 2 1 1 1056 6071 2511
2250 2 2 1 1 2777 3887 1100
2251 2 2 1 1 1084 5299 2604
2252 2 2 1 1 600 4312 2541
2253 2 2 1 1 1366 4749 2459
2254 2 2 1 1 640 4426 3568
2255 2 2 1 1 2195 3849 473
2256 2 2 1 1 2391 5676 1745
2257 2 2 1 1 910 5383 2700
2258 2 2 1 1 2539 6543 1702
2259 2 2 1 1 1118 3842 2034
2260 2 2 1 1 3558 6575 1203
2261 2 2 1 1 912 4152 3001
2262 2 2 1 1 3204 4432 625
2263 2 2 1 1 1119 3686 3349
2264 2 2 1 1 4052 5820 2137
2265 2 2 1 1 2464 2811 866
2266 2 2 1 1 3206 5018 1731
2267 2 2 1 1 3287 3848 1708
2268 2 2 1 1 3453 4200 1153
2269 2 2 1 1 1968 5672 5621
2270 2 2 1 1 429 4578 2420
2271 2 2 1 1 2399 4170 752
2272 2 2 1 1 3806 4000 437
2273 2 2 1 1 1279 2805 2492
2274 2 2 1 1 1392 4341 2464
2275 2 2 1 1 3865 5009 77
2276 2 2 1 1 2211 3873 994
2277 2 2 1 1 3499 4060 489
2278 2 2 1 1 4124 5680 2246
2279 2 2 1 1 655 3676 2917
2280 2 2 1 1 4974 5434 693
2281 2 2 1 1 331 4869 3433
2282 2 2 1 1 50 5722 3491
2283 2 2 1 1 979 5079 4055
2284 2 2 1 1 3238 3528 592
2285 2 2 1 1 1177 3700 2490
2286 2 2 1 1 2361 5316 574
2287 2 2 1 1 2265 5110 461
2288 2 2 1 1 850 6115 2803
2289 2 2 1 1 1997 4237 1104
2290 2 2 1 1 2216 3278 1244
2291 2 2 1 1 3072 5341 341
2292 2 2 1 1 536 5352 2366
2293 2 2 1 1 943 3419 2128
2294 2 2 1 1 2502 4258 984
2295 2 2 1 1 2778 5074 946
2296 2 2 1 1 1298 4069 2420
2297 2 2 1 1 852 2902 2834
2298 2 2 1 1 3532 4386 1953
2299 2 2 1 1 1051 5391 2207
2300 2 2 1 1 2578 3702 1822
2301 2 2 1 1 1285 4614 2371
2302 2 2 1 1 3553 4663 1866
2303 2 2 1 1 2506 5970 4776
2304 2 2 1 1 2345 5282 1459
2305 2 2 1 1 2614 6830 547
2306 2 2 1 1 2385 5396 508
2307 2 2 1 1 2962 3591 986
2308 2 2 1 1 788 5748 2445
2309 2 2 1 1 835 5642 3714
2310 2 2 1 1 4102 6280 687
2311 2 2 1 1 406 4298 2599
2312 2 2 1 1 2718 4944 403
2313 2 2 1 1 2541 5189 600
2314 2 2 1 1 2144 4220 477
2315 2 2 1 1 1846 3605 2700
2316 2 2 1 1 4435 5160 860
2317 2 2 1 1 2480 3551 1820
2318 2 2 1 1 2691 5131 654
2319 2 2 1 1 161 2649 160
2320 2 2 1 1 872 6893 2169
2321 2 2 1 1 4205 6312 1594
2322 2 2 1 1 2850 3069 973
2323 2 2 1 1 3002 5709 2459
2324 2 2 1 1 2584 3760 1280
2325 2 2 1 1 1201 6087 3382
2326 2 2 1 1 465 4796 2218
2327 2 2 1 1 2799 6575 3558
2328 2 2 1 1 1514 6498 2317
2329 2 2 1 1 2651 5150 1641
2330 2 2 1 1 1402 4815 2296
2331 2 2 1 1 1167 3407 3099
2332 2 2 1 1 2559 5142 3351
2333 2 2 1 1 2491 6162 4576
2334 2 2 1 1 982 4083 2430
2335 2 2 1 1 1329 3758 2357
2336 2 2 1 1 1562 4556 2163
2337 2 2 1 1 1050 6902 5020
2338 2 2 1 1 1493 4161 2069
2339 2 2 1 1 2352 4775 1617
2340 2 2 1 1 1042 3530 2376
2341 2 2 1 1 709 5996 4524
2342 2 2 1 1 3619 4129 1506
2343 2 2 1 1 2573 4896 1608
2344 2 2 1 1 976 3637 2068
2345 2 2 1 1 1406 4083 2428
2346 2 2 1 1 2371 4500 1285
2347 2 2 1 1 718 5364 3525
2348 2 2 1 1 2600 3289 1113
2349 2 2 1 1 1248 3483 2628
2350 2 2 1 1 429 4959 4578
2351 2 2 1 1 1126 3203 2280
2352 2 2 1 1 1409 3942 3345
2353 2 2 1 1 3598 4778 1120
2354 2 2 1 1 575 4801 4629
2355 2 2 1 1 2593 6605 3856
2356 2 2 1 1 2362 5252 1013
2357 2 2 1 1 408 5188 4182
2358 2 2 1 1 780 5670 2212
2359 2 2 1 1 1360 3496 2451
2360 2 2 1 1 2146 5539 546
2361 2 2 1 1 2256 4297 1355
2362 2 2 1 1 460 4376 2298
2363 2 2 1 1 979 6559 3900
2364 2 2 1 1 2698 3080 1265
2365 2 2 1 1 2021 3528 3238
2366 2 2 1 1 2657 3840 1113
2367 2 2 1 1 2014 5044 847
2368 2 2 1 1 830 4356 2189
2369 2 2 1 1 717 3142 2894
2370 2 2 1 1 1683 4444 4017
2371 2 2 1 1 1628 4884 2772
2372 2 2 1 1 995 2891 2713
2373 2 2 1 1 1146 6138 2916
2374 2 2 1 1 3144 5483 1382
2375 2 2 1 1 1296 5303 2587
2376 2 2 1 1 1011 5854 3906
2377 2 2 1 1 2710 6109 1631
2378 2 2 1 1 3107 4660 538
2379 2 2 1 1 436 4352 2934
2380 2 2 1 1 1265 6625 2577
2381 2 2 1 1 1072 3451 2810
2382 2 2 1 1 4349 6084 2207
2383 2 2 1 1 1772 3951 3552
2384 2 2 1 1 4037 4502 2305
2385 2 2 1 1 1398 3715 3577
2386 2 2 1 1 2726 5201 771
2387 2 2 1 1 1151 3908 2821
2388 2 2 1 1 994 5865 5070
2389 2 2 1 1 2527 5793 2176
2390 2 2 1 1 3067 4681 1033
2391 2 2 1 1 2556 4738 1691
2392 2 2 1 1 3627 3788 1516
2393 2 2 1 1 1188 5502 4214
2394 2 2 1 1 2354 4767 1658
2395 2 2 1 1 647 4896 2573
2396 2 2 1 1 3320 3577 1183
2397 2 2 1 1 861 4743 3005
2398 2 2 1 1 536 6750 3854
2399 2 2 1 1 2668 4786 1187
2400 2 2 1 1 2817 4710 165
2401 2 2 1 1 1137 3452 2388
2402 2 2 1 1 1924 6632 5728
2403 2 2 1 1 867 4462 2615
2404 2 2 1 1 2127 6705 2743
2405 2 2 1 1 798 6199 2295
2406 2 2 1 1 2619 4752 369
2407 2 2 1 1 1765 4620 3338
2408 2 2 1 1 3533 6828 2414
2409 2 2 1 1 3504 5141 2453
2410 2 2 1 1 3606 4609 2547
2411 2 2 1 1 474 6100 2700
2412 2 2 1 1 2241 4786 575
2413 2 2 1 1 1359 3540 2416
2414 2 2 1 1 3143 4993 1327
2415 2 2 1 1 1150 5739 5540
2416 2 2 1 1 5460 6683 3126
2417 2 2 1 1 2015 3670 1008
2418 2 2 1 1 3215 6141 1869
2419 2 2 1 1 473 4145 2586
2420 2 2 1 1 1401 4408 2869
2421 2 2 1 1 1812 5046 4511
2422 2 2 1 1 522 5147 2410
2423 2 2 1 1 1223 4189 2380
2424 2 2 1 1 546 4113 2387
2425 2 2 1 1 1782 4382 2481
2426 2 2 1 1 2920 4130 920
2427 2 2 1 1 2602 4075 1213
2428 2 2 1 1 2115 4212 1254
2429 2 2 1 1 2199 6156 2410
2430 2 2 1 1 1001 3033 2487
2431 2 2 1 1 494 4819 3306
2432 2 2 1 1 1362 4044 2392
2433 2 2 1 1 644 5690 5045
2434 2 2 1 1 509 3522 2640
2435 2 2 1 1 1843 3893 2917
2436 2 2 1 1 2284 3759 1100
2437 2 2 1 1 2532 3558 1203
2438 2 2 1 1 1519 4221 2888
2439 2 2 1 1 2593 3856 1341
2440 2 2 1 1 3871 5802 562
2441 2 2 1 1 1610 5270 2355
2442 2 2 1 1 1104 4611 1997
2443 2 2 1 1 3810 4494 2390
2444 2 2 1 1 2902 5488 3063
2445 2 2 1 1 2693 5410 1218
2446 2 2 1 1 827 5077 2288
2447 2 2 1 1 1403 3169 2553
2448 2 2 1 1 2524 6078 888
2449 2 2 1 1 1200 4056 2590
2450 2 2 1 1 929 6861 2910
2451 2 2 1 1 794 4971 2167
2452 2 2 1 1 940 4859 2306
2453 2 2 1 1 2239 4406 1308
2454 2 2 1 1 2397 3322 1515
2455 2 2 1 1 2816 3341 1015
2456 2 2 1 1 1930 4986 3736
2457 2 2 1 1 2242 6112 1290
2458 2 2 1 1 1782 5197 4382
2459 2 2 1 1 1369 4475 2187
2460 2 2 1 1 510 6681 2390
2461 2 2 1 1 480 4025 2270
2462 2 2 1 1 1284 3524 3056
2463 2 2 1 1 526 6699 2475
2464 2 2 1 1 642 4476 4137
2465 2 2 1 1 4791 5591 3344
2466 2 2 1 1 5265 5427 1602
2467 2 2 1 1 917 3832 2488
2468 2 2 1 1 998 6360 2358
2469 2 2 1 1 1607 4970 3496
2470 2 2 1 1 1811 5401 2850
2471 2 2 1 1 5919 6174 2134
2472 2 2 1 1 534 4227 2824
2473 2 2 1 1 2932 6566 567
2474 2 2 1 1 843 4881 2226
2475 2 2 1 1 6437 6773 931
2476 2 2 1 1 2700 6100 1846
2477 2 2 1 1 970 3840 2657
2478 2 2 1 1 1136 3967 2079
2479 2 2 1 1 1456 3544 3015
2480 2 2 1 1 2675 3653 1375
2481 2 2 1 1 4980 5341 3583
2482 2 2 1 1 3334 4934 664
2483 2 2 1 1 4038 5321 1803
2484 2 2 1 1 505 4970 2339
2485 2 2 1 1 2782 3347 1018
2486 2 2 1 1 1173 2826 2679
2487 2 2 1 1 3091 3455 1413
2488 2 2 1 1 1388 3635 2945
2489 2 2 1 1 1457 3027 2788
2490 2 2 1 1 922 3553 3516
2491 2 2 1 1 2562 5209 1095
2492 2 2 1 1 1888 5772 2667
2493 2 2 1 1 2818 3233 1423
2494 2 2 1 1 989 5634 2365
2495 2 2 1 1 2324 3164 706
2496 2 2 1 1 837 5793 2527
2497 2 2 1 1 2462 3644 1266
2498 2 2 1 1 2470 5031 1541
2499 2 2 1 1 2459 4922 1366
2500 2 2 1 1 2499 3191 1868
2501 2 2 1 1 2319 3756 1262
2502 2 2 1 1 2223 5186 3292
2503 2 2 1 1 2384 4310 1545
2504 2 2 1 1 1252 3481 2620
2505 2 2 1 1 1655 6230 2678
2506 2 2 1 1 2358 6673 998
2507 2 2 1 1 5208 6568 2033
2508 2 2 1 1 2569 5486 4018
2509 2 2 1 1 4186 4263 523
2510 2 2 1 1 2184 6258 4657
2511 2 2 1 1 1046 6617 2633
2512 2 2 1 1 1785 4179 3217
2513 2 2 1 1 2529 6689 1030
2514 2 2 1 1 1464 4987 2342
2515 2 2 1 1 2242 4800 549
2516 2 2 1 1 3326 6068 4739
2517 2 2 1 1 2183 6209 2693
2518 2 2 1 1 2226 4001 1353
2519 2 2 1 1 2577 5692 174
2520 2 2 1 1 603 4843 2746
2521 2 2 1 1 2792 4687 1598
2522 2 2 1 1 1651 5846 4925
2523 2 2 1 1 3949 4982 1885
2524 2 2 1 1 3787 6002 1168
2525 2 2 1 1 3609 4217 2225
2526 2 2 1 1 528 6287 3305
2527 2 2 1 1 2765 3021 945
2528 2 2 1 1 2621 5099 559
2529 2 2 1 1 910 3605 2484
2530 2 2 1 1 2535 3111 1081
2531 2 2 1 1 2855 4690 909
2532 2 2 1 1 1789 4445 2834
2533 2 2 1 1 329 3487 2973
2534 2 2 1 1 965 4175 2483
2535 2 2 1 1 133 5066 3614
2536 2 2 1 1 1215 3678 3213
2537 2 2 1 1 2493 3823 1261
2538 2 2 1 1 3061 3131 1115
2539 2 2 1 1 682 4526 2654
2540 2 2 1 1 3228 4193 1858
2541 2 2 1 1 2736 2931 1350
2542 2 2 1 1 1474 3323 3074
2543 2 2 1 1 1589 3381 3077
2544 2 2 1 1 1771 5317 2957
2545 2 2 1 1 3145 3361 1127
2546 2 2 1 1 499 6052 3809
2547 2 2 1 1 2587 4144 1296
2548 2 2 1 1 1411 3209 3020
2549 2 2 1 1 788 6592 6412
2550 2 2 1 1 820 3815 2338
2551 2 2 1 1 3172 3523 1615
2552 2 2 1 1 1541 3055 2470
2553 2 2 1 1 2173 5595 4300
2554 2 2 1 1 2371 4614 842
2555 2 2 1 1 656 3319 2672
2556 2 2 1 1 3602 5607 1774
2557 2 2 1 1 2842 3733 573
2558 2 2 1 1 2355 5270 726
2559 2 2 1 1 26 2662 25
2560 2 2 1 1 2538 4991 1490
2561 2 2 1 1 1823 4070 2634
2562 2 2 1 1 1403 3509 3169
2563 2 2 1 1 4156 4652 1576
2564 2 2 1 1 3165 3425 1715
2565 2 2 1 1 2009 5935 4869
2566 2 2 1 1 4196 4635 445
2567 2 2 1 1 868 6079 3075
2568 2 2 1 1 2096 4222 1004
2569 2 2 1 1 2807 6503 472
2570 2 2 1 1 2973 4858 329
2571 2 2 1 1 2329 6917 1317
2572 2 2 1 1 2802 3879 1844
2573 2 2 1 1 1565 4279 3621
2574 2 2 1 1 1001 5029 3260
2575 2 2 1 1 1050 5020 2289
2576 2 2 1 1 2282 5491 5468
2577 2 2 1 1 2685 3579 847
2578 2 2 1 1 3835 5973 1240
2579 2 2 1 1 4007 5246 335
2580 2 2 1 1 3340 4323 904
2581 2 2 1 1 5466 6165 572
2582 2 2 1 1 2818 6145 1097
2583 2 2 1 1 2068 3477 976
2584 2 2 1 1 2871 4916 745
2585 2 2 1 1 1369 4123 2888
2586 2 2 1 1 668 5663 4481
2587 2 2 1 1 2736 3317 1110
2588 2 2 1 1 2400 4851 1581
2589 2 2 1 1 857 4964 2347
2590 2 2 1 1 4443 5931 2538
2591 2 2 1 1 2560 4252 915
2592 2 2 1 1 2567 3834 467
2593 2 2 1 1 2673 5068 307
2594 2 2 1 1 1069 6115 2381
2595 2 2 1 1 2151 5699 624
2596 2 2 1 1 2430 5391 1051
2597 2 2 1 1 2634 2808 1020
2598 2 2 1 1 2379 6744 3112
2599 2 2 1 1 752 4170 2204
2600 2 2 1 1 2248 4246 1563
2601 2 2 1 1 4432 5243 625
2602 2 2 1 1 2623 5908 1646
2603 2 2 1 1 590 3167 2470
2604 2 2 1 1 1679 4893 2656
2605 2 2 1 1 2163 4761 1562
2606 2 2 1 1 2995 6047 3554
2607 2 2 1 1 2391 4075 810
2608 2 2 1 1 1515 4193 3228
2609 2 2 1 1 1288 5210 2706
2610 2 2 1 1 1245 3839 2252
2611 2 2 1 1 2317 5476 1514
2612 2 2 1 1 1765 5089 4620
2613 2 2 1 1 2467 3950 584
2614 2 2 1 1 437 5530 3248
2615 2 2 1 1 3643 4777 1355
2616 2 2 1 1 1070 3366 2166
2617 2 2 1 1 1543 4130 2920
2618 2 2 1 1 2335 6575 2799
2619 2 2 1 1 2099 5271 4220
2620 2 2 1 1 2389 4692 1326
2621 2 2 1 1 3306 4819 1660
2622 2 2 1 1 2831 6394 2022
2623 2 2 1 1 2900 6094 2049
2624 2 2 1 1 1213 5059 2602
2625 2 2 1 1 399 6044 3471
2626 2 2 1 1 2667 5772 888
2627 2 2 1 1 2894 3142 1282
2628 2 2 1 1 3827 6373 1821
2629 2 2 1 1 2516 4041 985
2630 2 2 1 1 3609 6260 1059
2631 2 2 1 1 1602 5163 4204
2632 2 2 1 1 1069 5280 2420
2633 2 2 1 1 2742 3328 1027
2634 2 2 1 1 1690 5135 2470
2635 2 2 1 1 1034 6486 2830
2636 2 2 1 1 5566 6670 2087
2637 2 2 1 1 438 6772 4840
2638 2 2 1 1 2561 3813 1191
2639 2 2 1 1 1092 3549 3462
2640 2 2 1 1 841 5731 2422
2641 2 2 1 1 2401 5567 869
2642 2 2 1 1 2314 4599 1334
2643 2 2 1 1 876 6474 2895
2644 2 2 1 1 1348 4013 2193
2645 2 2 1 1 1891 6574 4081
2646 2 2 1 1 2115 4971 794
2647 2 2 1 1 2250 6691 4304
2648 2 2 1 1 859 5570 2629
2649 2 2 1 1 2468 6756 936
2650 2 2 1 1 3714 5642 2449
2651 2 2 1 1 891 5338 2467
2652 2 2 1 1 1146 3475 2967
2653 2 2 1 1 1159 3393 2701
2654 2 2 1 1 3445 6402 914
2655 2 2 1 1 2170 6717 2674
2656 2 2 1 1 3618 6296 1340
2657 2 2 1 1 637 4777 3712
2658 2 2 1 1 2033 5792 760
2659 2 2 1 1 2536 5511 873
2660 2 2 1 1 1577 3884 3458
2661 2 2 1 1 1307 2972 2959
2662 2 2 1 1 3660 4706 666
2663 2 2 1 1 2610 5475 1744
2664 2 2 1 1 1290 4800 2242
2665 2 2 1 1 508 3358 2385
2666 2 2 1 1 1385 4727 2283
2667 2 2 1 1 2165 5331 5047
2668 2 2 1 1 12 4128 2669
2669 2 2 1 1 2132 6306 1636
2670 2 2 1 1 844 5144 2269
2671 2 2 1 1 2610 5164 3765
2672 2 2 1 1 3684 3685 646
2673 2 2 1 1 2688 5932 465
2674 2 2 1 1 2477 6333 566
2675 2 2 1 1 3470 5141 1090
2676 2 2 1 1 3177 6401 2002
2677 2 2 1 1 2560 4824 1663
2678 2 2 1 1 2131 5379 4706
2679 2 2 1 1 879 6755 3037
2680 2 2 1 1 507 4192 3068
2681 2 2 1 1 1371 4201 2402
2682 2 2 1 1 4224 6367 603
2683 2 2 1 1 1175 5627 2378
2684 2 2 1 1 2191 6041 3880
2685 2 2 1 1 398 3285 2312
2686 2 2 1 1 2262 6500 1251
2687 2 2 1 1 5468 5491 1797
2688 2 2 1 1 1002 2926 2551
2689 2 2 1 1 4090 5803 2540
2690 2 2 1 1 1607 5075 2339
2691 2 2 1 1 1061 4043 2233
2692 2 2 1 1 3292 5186 1429
2693 2 2 1 1 3447 5750 2346
2694 2 2 1 1 2834 4445 852
2695 2 2 1 1 2112 5259 3386
2696 2 2 1 1 366 6314 4302
2697 2 2 1 1 1093 6015 2288
2698 2 2 1 1 318 3987 2487
2699 2 2 1 1 988 2964 2493
2700 2 2 1 1 4890 6336 2686
2701 2 2 1 1 61 2981 60
2702 2 2 1 1 826 5955 2563
2703 2 2 1 1 1286 5296 2160
2704 2 2 1 1 1471 5926 2547
2705 2 2 1 1 2580 3556 430
2706 2 2 1 1 1119 3349 3348
2707 2 2 1 1 1409 5069 3919
2708 2 2 1 1 1769 5633 2864
2709 2 2 1 1 1634 4908 3230
2710 2 2 1 1 2509 5045 1762
2711 2 2 1 1 4282 5827 2495
2712 2 2 1 1 1816 5341 4980
2713 2 2 1 1 766 6084 4349
2714 2 2 1 1 1211 3610 2507
2715 2 2 1 1 3176 6697 277
2716 2 2 1 1 1671 3416 2800
2717 2 2 1 1 873 5511 2762
2718 2 2 1 1 5787 6838 3591
2719 2 2 1 1 1948 5994 5721
2720 2 2 1 1 541 6754 2415
2721 2 2 1 1 2347 3462 857
2722 2 2 1 1 2085 6493 4709
2723 2 2 1 1 2526 4061 1007
2724 2 2 1 1 2296 2945 1402
2725 2 2 1 1 1770 4010 3127
2726 2 2 1 1 2910 6861 2310
2727 2 2 1 1 2392 4162 1362
2728 2 2 1 1 1153 4444 3453
2729 2 2 1 1 921 5355 2601
2730 2 2 1 1 2451 4970 505
2731 2 2 1 1 2914 6815 1225
2732 2 2 1 1 1521 4563 2881
2733 2 2 1 1 3051 6478 1286
2734 2 2 1 1 2888 4221 594
2735 2 2 1 1 2176 6876 2527
2736 2 2 1 1 2572 3826 803
2737 2 2 1 1 1896 4472 2723
2738 2 2 1 1 925 4880 2254
2739 2 2 1 1 4120 4387 1453
2740 2 2 1 1 1795 6027 4627
2741 2 2 1 1 1638 4054 2944
2742 2 2 1 1 3734 6222 5595
2743 2 2 1 1 2978 6403 803
2744 2 2 1 1 932 6338 4640
2745 2 2 1 1 4984 5989 1985
2746 2 2 1 1 1186 3166 2309
2747 2 2 1 1 418 5819 2757
2748 2 2 1 1 3102 4771 969
2749 2 2 1 1 219 4085 218
2750 2 2 1 1 549 6432 2242
2751 2 2 1 1 857 5964 4395
2752 2 2 1 1 3334 5372 1040
2753 2 2 1 1 2263 4234 772
2754 2 2 1 1 1836 5184 2485
2755 2 2 1 1 1437 4252 2560
2756 2 2 1 1 2647 6044 1219
2757 2 2 1 1 2968 6912 344
2758 2 2 1 1 1012 4802 2699
2759 2 2 1 1 2069 6784 2887
2760 2 2 1 1 50 3491 49
2761 2 2 1 1 343 6547 2003
2762 2 2 1 1 2309 3166 506
2763 2 2 1 1 2915 3345 764
2764 2 2 1 1 2167 4971 1254
2765 2 2 1 1 1371 3246 2951
2766 2 2 1 1 1922 6204 2456
2767 2 2 1 1 1623 5180 3946
2768 2 2 1 1 4374 5360 2643
2769 2 2 1 1 6422 6671 2494
2770 2 2 1 1 2155 3617 843
2771 2 2 1 1 2974 4410 895
2772 2 2 1 1 3882 4028 1421
2773 2 2 1 1 2182 6062 2803
2774 2 2 1 1 575 4629 2606
2775 2 2 1 1 3341 6879 3588
2776 2 2 1 1 1044 3851 2205
2777 2 2 1 1 3480 3818 1758
2778 2 2 1 1 2349 3876 489
2779 2 2 1 1 1356 4602 2336
2780 2 2 1 1 1236 4460 2296
2781 2 2 1 1 2369 3486 622
2782 2 2 1 1 1002 6217 2231
2783 2 2 1 1 3824 6619 1214
2784 2 2 1 1 3210 4986 1930
2785 2 2 1 1 2084 4777 3643
2786 2 2 1 1 2800 6800 1016
2787 2 2 1 1 916 3680 2759
2788 2 2 1 1 2909 4897 978
2789 2 2 1 1 78 3865 77
2790 2 2 1 1 2444 3746 552
2791 2 2 1 1 2109 5376 2650
2792 2 2 1 1 1205 4333 1998
2793 2 2 1 1 1480 5116 2607
2794 2 2 1 1 3462 3549 1548
2795 2 2 1 1 1517 5519 2438
2796 2 2 1 1 66 3264 65
2797 2 2 1 1 2212 3062 596
2798 2 2 1 1 897 6785 5727
2799 2 2 1 1 2595 3293 1514
2800 2 2 1 1 76 2667 75
2801 2 2 1 1 3437 4795 2337
2802 2 2 1 1 1191 4407 2561
2803 2 2 1 1 4756 5989 515
2804 2 2 1 1 142 2730 141
2805 2 2 1 1 2246 5680 386
2806 2 2 1 1 1046 3471 2647
2807 2 2 1 1 2304 4064 1358
2808 2 2 1 1 1257 3981 3951
2809 2 2 1 1 395 4650 2788
2810 2 2 1 1 833 4439 2361
2811 2 2 1 1 2350 4819 494
2812 2 2 1 1 1694 6244 2407
2813 2 2 1 1 4588 4601 2697
2814 2 2 1 1 1205 3899 2618
2815 2 2 1 1 2678 6241 4400
2816 2 2 1 1 1220 6481 4483
2817 2 2 1 1 1305 3130 2552
2818 2 2 1 1 2659 3003 1166
2819 2 2 1 1 3712 4777 2084
2820 2 2 1 1 2591 3198 548
2821 2 2 1 1 1192 3825 3045
2822 2 2 1 1 1952 5042 4876
2823 2 2 1 1 3341 3588 1015
2824 2 2 1 1 2348 3946 626
2825 2 2 1 1 3456 4958 2815
2826 2 2 1 1 4510 6511 2575
2827 2 2 1 1 2781 6798 4736
2828 2 2 1 1 496 3875 3011
2829 2 2 1 1 2300 5856 3546
2830 2 2 1 1 2407 4453 1694
2831 2 2 1 1 2425 4979 504
2832 2 2 1 1 2393 4171 1098
2833 2 2 1 1 1817 5760 3878
2834 2 2 1 1 1380 5707 3652
2835 2 2 1 1 262 2588 261
2836 2 2 1 1 1094 4604 2838
2837 2 2 1 1 1373 4229 3916
2838 2 2 1 1 948 3523 3172
2839 2 2 1 1 4380 5683 1275
2840 2 2 1 1 1055 3395 2866
2841 2 2 1 1 503 6363 3065
2842 2 2 1 1 3074 3323 339
2843 2 2 1 1 3325 5797 1072
2844 2 2 1 1 1649 4752 2619
2845 2 2 1 1 1951 6397 2800
2846 2 2 1 1 369 4831 2850
2847 2 2 1 1 2365 5983 989
2848 2 2 1 1 4334 5019 1508
2849 2 2 1 1 692 6018 2480
2850 2 2 1 1 4236 5479 1615
2851 2 2 1 1 994 6111 4098
2852 2 2 1 1 559 3691 2663
2853 2 2 1 1 3845 5172 2401
2854 2 2 1 1 745 3725 1977
2855 2 2 1 1 1278 6750 3801
2856 2 2 1 1 3791 4744 1567
2857 2 2 1 1 2413 3768 374
2858 2 2 1 1 2102 5625 3956
2859 2 2 1 1 2954 3580 1864
2860 2 2 1 1 10 2569 9
2861 2 2 1 1 2334 3662 155
2862 2 2 1 1 690 4744 3791
2863 2 2 1 1 1768 4886 4230
2864 2 2 1 1 4134 6178 295
2865 2 2 1 1 2480 6428 4091
2866 2 2 1 1 1819 4323 3340
2867 2 2 1 1 1092 3462 2347
2868 2 2 1 1 4372 4736 1507
2869 2 2 1 1 1397 3850 3152
2870 2 2 1 1 1036 5217 2677
2871 2 2 1 1 1600 6211 3325
2872 2 2 1 1 1241 3920 2837
2873 2 2 1 1 6677 6865 3420
2874 2 2 1 1 2284 4927 1595
2875 2 2 1 1 2653 3151 1231
2876 2 2 1 1 1249 3551 2480
2877 2 2 1 1 1594 4681 3067
2878 2 2 1 1 1019 5944 2474
2879 2 2 1 1 2220 4404 1283
2880 2 2 1 1 1397 4912 2424
2881 2 2 1 1 1518 3833 2707
2882 2 2 1 1 2671 4560 1013
2883 2 2 1 1 3179 5566 2087
2884 2 2 1 1 2973 6019 4858
2885 2 2 1 1 1774 5747 3602
2886 2 2 1 1 1020 3235 2634
2887 2 2 1 1 854 4723 2327
2888 2 2 1 1 2678 4400 684
2889 2 2 1 1 1035 4347 3266
2890 2 2 1 1 449 4390 2060
2891 2 2 1 1 3615 5500 865
2892 2 2 1 1 2289 5020 660
2893 2 2 1 1 3302 4530 1122
2894 2 2 1 1 2862 5861 1141
2895 2 2 1 1 1889 6151 2595
2896 2 2 1 1 2645 6895 2090
2897 2 2 1 1 4555 6693 777
2898 2 2 1 1 651 4850 3069
2899 2 2 1 1 2414 4813 948
2900 2 2 1 1 2843 5419 983
2901 2 2 1 1 3025 3518 1384
2902 2 2 1 1 2073 4398 3898
2903 2 2 1 1 2490 3700 544
2904 2 2 1 1 2611 4658 1989
2905 2 2 1 1 945 2936 2383
2906 2 2 1 1 2122 5465 4690
2907 2 2 1 1 3037 6755 5965
2908 2 2 1 1 2834 2902 1240
2909 2 2 1 1 1207 3404 3248
2910 2 2 1 1 619 2926 2231
2911 2 2 1 1 177 4653 176
2912 2 2 1 1 1071 2993 2516
2913 2 2 1 1 3610 6061 2507
2914 2 2 1 1 2498 3574 839
2915 2 2 1 1 2219 6355 5600
2916 2 2 1 1 2381 3770 1003
2917 2 2 1 1 2633 6754 541
2918 2 2 1 1 1670 5413 5189
2919 2 2 1 1 3687 5161 2145
2920 2 2 1 1 148 2812 147
2921 2 2 1 1 786 4328 2307
2922 2 2 1 1 3049 3123 1438
2923 2 2 1 1 43 5076 2910
2924 2 2 1 1 956 5891 2608
2925 2 2 1 1 846 6075 4988
2926 2 2 1 1 2862 6938 2425
2927 2 2 1 1 3511 4672 1449
2928 2 2 1 1 1089 4582 3429
2929 2 2 1 1 2987 3488 554
2930 2 2 1 1 903 4553 2282
2931 2 2 1 1 1210 5354 2408
2932 2 2 1 1 2269 5144 1550
2933 2 2 1 1 881 4851 2400
2934 2 2 1 1 1019 5633 2946
2935 2 2 1 1 2838 3525 1094
2936 2 2 1 1 2186 6682 884
2937 2 2 1 1 2758 3703 1273
2938 2 2 1 1 1748 4934 3334
2939 2 2 1 1 3645 4733 451
2940 2 2 1 1 2456 3137 1922
2941 2 2 1 1 1254 4971 2115
2942 2 2 1 1 794 5655 2359
2943 2 2 1 1 3281 3322 1455
2944 2 2 1 1 2383 4158 1306
2945 2 2 1 1 4066 6225 2293
2946 2 2 1 1 2414 6828 539
2947 2 2 1 1 2204 6246 752
2948 2 2 1 1 233 3284 232
2949 2 2 1 1 2398 4521 1424
2950 2 2 1 1 2831 5824 957
2951 2 2 1 1 2515 4260 587
2952 2 2 1 1 2305 4378 4037
2953 2 2 1 1 3946 5180 626
2954 2 2 1 1 1889 5610 4573
2955 2 2 1 1 5365 6349 1808
2956 2 2 1 1 1170 5766 2450
2957 2 2 1 1 2700 5383 1705
2958 2 2 1 1 999 4449 2513
2959 2 2 1 1 406 5042 2960
2960 2 2 1 1 3293 4342 589
2961 2 2 1 1 3501 6676 2115
2962 2 2 1 1 2391 4289 241
2963 2 2 1 1 2638 5957 1128
2964 2 2 1 1 1456 4537 2477
2965 2 2 1 1 591 3277 2732
2966 2 2 1 1 555 6119 5474
2967 2 2 1 1 1496 2961 2872
2968 2 2 1 1 1190 4502 2413
2969 2 2 1 1 834 3571 2656
2970 2 2 1 1 3916 5967 1373
2971 2 2 1 1 789 6057 2548
2972 2 2 1 1 2574 4263 1450
2973 2 2 1 1 3152 3850 1662
2974 2 2 1 1 1617 5706 3573
2975 2 2 1 1 271 2933 270
2976 2 2 1 1 5083 5953 699
2977 2 2 1 1 2657 3289 520
2978 2 2 1 1 2348 4506 4213
2979 2 2 1 1 3379 4223 1148
2980 2 2 1 1 1016 6313 2800
2981 2 2 1 1 522 4875 2626
2982 2 2 1 1 1104 4237 2405
2983 2 2 1 1 2677 2721 1036
2984 2 2 1 1 112 3101 111
2985 2 2 1 1 970 6278 3840
2986 2 2 1 1 4189 4528 403
2987 2 2 1 1 2528 3122 1658
2988 2 2 1 1 3135 3555 1235
2989 2 2 1 1 4699 5893 1333
2990 2 2 1 1 1446 4532 2757
2991 2 2 1 1 1744 5475 2447
2992 2 2 1 1 3983 4539 375
2993 2 2 1 1 614 3146 2533
2994 2 2 1 1 2324 6343 3164
2995 2 2 1 1 787 3982 2471
2996 2 2 1 1 915 4918 2333
2997 2 2 1 1 3014 5312 958
2998 2 2 1 1 2669 5507 1467
2999 2 2 1 1 2856 5393 886
3000 2 2 1 1 3813 5489 1874
3001 2 2 1 1 2951 3246 621
3002 2 2 1 1 4681 6312 2304
3003 2 2 1 1 1308 4338 2239
3004 2 2 1 1 1110 4493 2736
3005 2 2 1 1 123 2936 122
3006 2 2 1 1 556 5051 3036
3007 2 2 1 1 2413 3802 1190
3008 2 2 1 1 2537 4549 1258
3009 2 2 1 1 653 4064 2304
3010 2 2 1 1 2296 4460 734
3011 2 2 1 1 937 6883 2520
3012 2 2 1 1 2262 6308 1155
3013 2 2 1 1 1588 4554 3540
3014 2 2 1 1 4618 5666 2952
3015 2 2 1 1 2319 3646 716
3016 2 2 1 1 1502 5898 2310
3017 2 2 1 1 3882 6213 4028
3018 2 2 1 1 2287 4082 1291
3019 2 2 1 1 4814 5275 2703
3020 2 2 1 1 1757 3502 2372
3021 2 2 1 1 2395 6123 1465
3022 2 2 1 1 359 4649 3170
3023 2 2 1 1 914 6843 2086
3024 2 2 1 1 2103 4387 4120
3025 2 2 1 1 1176 3305 3001
3026 2 2 1 1 700 4099 3935
3027 2 2 1 1 3676 3958 1400
3028 2 2 1 1 2654 4526 1228
3029 2 2 1 1 4050 5308 1020
3030 2 2 1 1 2452 5843 1571
3031 2 2 1 1 5742 6784 2069
3032 2 2 1 1 2683 4184 537
3033 2 2 1 1 2359 5757 794
3034 2 2 1 1 1073 5867 2431
3035 2 2 1 1 3616 3627 1516
3036 2 2 1 1 1068 4734 2728
3037 2 2 1 1 538 5284 4717
3038 2 2 1 1 1739 3983 3094
3039 2 2 1 1 2312 5395 1621
3040 2 2 1 1 106 4538 2852
3041 2 2 1 1 2827 4667 670
3042 2 2 1 1 2382 4823 4218
3043 2 2 1 1 1649 4755 4400
3044 2 2 1 1 1184 3191 2499
3045 2 2 1 1 506 5984 2309
3046 2 2 1 1 1418 5314 2549
3047 2 2 1 1 2166 3366 568
3048 2 2 1 1 2723 6447 1896
3049 2 2 1 1 2579 3021 551
3050 2 2 1 1 3641 4820 1391
3051 2 2 1 1 3418 4201 2055
3052 2 2 1 1 3994 4456 961
3053 2 2 1 1 2966 5604 5363
3054 2 2 1 1 1158 4636 2175
3055 2 2 1 1 2471 3982 1321
3056 2 2 1 1 2641 3820 1682
3057 2 2 1 1 4462 6916 2615
3058 2 2 1 1 524 4217 3609
3059 2 2 1 1 463 5154 3749
3060 2 2 1 1 896 5174 2947
3061 2 2 1 1 2973 3487 1256
3062 2 2 1 1 3207 5794 3776
3063 2 2 1 1 4572 5176 1429
3064 2 2 1 1 2491 4576 1479
3065 2 2 1 1 2796 6405 2027
3066 2 2 1 1 3703 4886 1273
3067 2 2 1 1 2084 3643 2404
3068 2 2 1 1 659 5454 2504
3069 2 2 1 1 2836 5771 1923
3070 2 2 1 1 773 4982 3949
3071 2 2 1 1 2363 3582 1045
3072 2 2 1 1 3516 3553 1464
3073 2 2 1 1 1825 4598 3919
3074 2 2 1 1 1600 3325 2709
3075 2 2 1 1 2175 4725 632
3076 2 2 1 1 666 5473 3660
3077 2 2 1 1 693 4228 3343
3078 2 2 1 1 774 3661 3638
3079 2 2 1 1 2306 3220 940
3080 2 2 1 1 597 4863 2550
3081 2 2 1 1 2289 6813 6069
3082 2 2 1 1 2508 5062 825
3083 2 2 1 1 1291 3822 2287
3084 2 2 1 1 2651 5665 527
3085 2 2 1 1 2562 5558 710
3086 2 2 1 1 785 4333 2210
3087 2 2 1 1 1013 4560 2750
3088 2 2 1 1 952 6587 4272
3089 2 2 1 1 2682 6687 1095
3090 2 2 1 1 2706 4205 945
3091 2 2 1 1 634 4250 2478
3092 2 2 1 1 1363 3574 2498
3093 2 2 1 1 1857 6428 2480
3094 2 2 1 1 380 4554 2699
3095 2 2 1 1 1896 6447 2526
3096 2 2 1 1 1365 4260 2515
3097 2 2 1 1 2322 4081 1156
3098 2 2 1 1 3288 3509 1603
3099 2 2 1 1 5559 6115 850
3100 2 2 1 1 2422 4245 841
3101 2 2 1 1 3090 3428 383
3102 2 2 1 1 4677 6783 1838
3103 2 2 1 1 598 3233 3189
3104 2 2 1 1 5252 6854 1013
3105 2 2 1 1 1113 4711 2600
3106 2 2 1 1 2557 5960 378
3107 2 2 1 1 2245 3651 792
3108 2 2 1 1 2762 3534 578
3109 2 2 1 1 1169 6886 3413
3110 2 2 1 1 1140 3493 3376
3111 2 2 1 1 421 6056 4877
3112 2 2 1 1 1424 4045 2398
3113 2 2 1 1 215 3183 214
3114 2 2 1 1 2543 4049 886
3115 2 2 1 1 948 4497 3523
3116 2 2 1 1 3810 4241 647
3117 2 2 1 1 2416 5174 896
3118 2 2 1 1 455 3705 2986
3119 2 2 1 1 2483 4175 1367
3120 2 2 1 1 3046 6609 946
3121 2 2 1 1 2295 3542 463
3122 2 2 1 1 3808 6299 655
3123 2 2 1 1 222 3485 221
3124 2 2 1 1 1546 4019 2943
3125 2 2 1 1 2945 3635 1402
3126 2 2 1 1 1079 3667 3519
3127 2 2 1 1 771 6222 2726
3128 2 2 1 1 3453 4444 1683
3129 2 2 1 1 2698 5201 1578
3130 2 2 1 1 3243 3476 635
3131 2 2 1 1 846 4988 2780
3132 2 2 1 1 1274 4541 2652
3133 2 2 1 1 2728 4849 1499
3134 2 2 1 1 3551 6334 557
3135 2 2 1 1 1682 4796 3397
3136 2 2 1 1 972 6636 2645
3137 2 2 1 1 2955 3939 466
3138 2 2 1 1 2357 3758 509
3139 2 2 1 1 2440 5768 892
3140 2 2 1 1 2587 4609 704
3141 2 2 1 1 3675 6741 331
3142 2 2 1 1 2384 6583 5608
3143 2 2 1 1 2137 4820 564
3144 2 2 1 1 3001 4152 1675
3145 2 2 1 1 2810 3451 543
3146 2 2 1 1 1284 4174 3524
3147 2 2 1 1 734 2945 2296
3148 2 2 1 1 1422 4506 2348
3149 2 2 1 1 2355 3359 1610
3150 2 2 1 1 609 4157 3207
3151 2 2 1 1 2244 5372 3334
3152 2 2 1 1 510 5214 2378
3153 2 2 1 1 3027 3706 632
3154 2 2 1 1 2938 3453 1683
3155 2 2 1 1 5671 6700 927
3156 2 2 1 1 1299 4006 2437
3157 2 2 1 1 1194 4248 3162
3158 2 2 1 1 2388 3968 1137
3159 2 2 1 1 4283 4488 2252
3160 2 2 1 1 1715 3425 3062
3161 2 2 1 1 2714 5861 504
3162 2 2 1 1 467 6321 4330
3163 2 2 1 1 2787 5716 1453
3164 2 2 1 1 3252 3525 1828
3165 2 2 1 1 1378 6218 2264
3166 2 2 1 1 2683 3440 1938
3167 2 2 1 1 2977 4587 2043
3168 2 2 1 1 3509 4635 1603
3169 2 2 1 1 3240 5060 2101
3170 2 2 1 1 1721 4342 3293
3171 2 2 1 1 2434 4486 1357
3172 2 2 1 1 2301 3651 1099
3173 2 2 1 1 858 4404 2220
3174 2 2 1 1 4579 6067 845
3175 2 2 1 1 56 4344 2
3176 2 2 1 1 2713 4270 995
3177 2 2 1 1 812 4692 2389
3178 2 2 1 1 1278 4772 2417
3179 2 2 1 1 733 4791 2499
3180 2 2 1 1 2470 3167 1690
3181 2 2 1 1 3583 4875 2272
3182 2 2 1 1 213 3099 212
3183 2 2 1 1 3056 4313 1284
3184 2 2 1 1 1316 5617 3988
3185 2 2 1 1 1124 6401 3177
3186 2 2 1 1 3432 4785 1350
3187 2 2 1 1 5106 6689 2529
3188 2 2 1 1 854 5992 2956
3189 2 2 1 1 3446 6214 2908
3190 2 2 1 1 1205 5438 3065
3191 2 2 1 1 3785 5771 820
3192 2 2 1 1 2934 4352 1819
3193 2 2 1 1 1209 4010 2924
3194 2 2 1 1 693 5434 3836
3195 2 2 1 1 2957 6088 1771
3196 2 2 1 1 2737 2738 1018
3197 2 2 1 1 2453 6243 3504
3198 2 2 1 1 2939 5762 1990
3199 2 2 1 1 2663 3691 1335
3200 2 2 1 1 3236 4335 1114
3201 2 2 1 1 1228 4526 3673
3202 2 2 1 1 461 5412 2265
3203 2 2 1 1 5232 6181 2967
3204 2 2 1 1 2951 4413 4278
3205 2 2 1 1 1098 4029 2393
3206 2 2 1 1 691 4115 2160
3207 2 2 1 1 2621 4536 1232
3208 2 2 1 1 3828 6308 2262
3209 2 2 1 1 2572 6526 442
3210 2 2 1 1 1878 5959 2566
3211 2 2 1 1 2087 4731 3179
3212 2 2 1 1 1516 6098 2682
3213 2 2 1 1 3010 3597 1027
3214 2 2 1 1 4364 5073 352
3215 2 2 1 1 2688 6684 1144
3216 2 2 1 1 1120 4153 2852
3217 2 2 1 1 886 5393 2543
3218 2 2 1 1 1195 5084 3601
3219 2 2 1 1 2471 6794 1439
3220 2 2 1 1 950 4036 2412
3221 2 2 1 1 703 5348 3514
3222 2 2 1 1 3065 6363 2210
3223 2 2 1 1 2445 5729 3741
3224 2 2 1 1 2799 3558 588
3225 2 2 1 1 19 6039 18
3226 2 2 1 1 2863 5574 71
3227 2 2 1 1 3055 3794 1302
3228 2 2 1 1 63 3053 62
3229 2 2 1 1 2456 6118 533
3230 2 2 1 1 3854 4438 2130
3231 2 2 1 1 3791 4833 690
3232 2 2 1 1 2552 6085 1305
3233 2 2 1 1 3638 3661 1681
3234 2 2 1 1 2136 4274 3536
3235 2 2 1 1 4909 5648 682
3236 2 2 1 1 2275 5850 3966
3237 2 2 1 1 2826 6345 2679
3238 2 2 1 1 5952 6881 960
3239 2 2 1 1 2142 4335 3236
3240 2 2 1 1 2327 4591 854
3241 2 2 1 1 1273 4886 3578
3242 2 2 1 1 4854 5853 350
3243 2 2 1 1 5545 6878 4393
3244 2 2 1 1 2426 5371 1538
3245 2 2 1 1 4748 6778 2066
3246 2 2 1 1 2821 4871 1742
3247 2 2 1 1 2288 5077 1093
3248 2 2 1 1 1350 3317 2736
3249 2 2 1 1 582 3653 2675
3250 2 2 1 1 1183 3577 2903
3251 2 2 1 1 3393 5576 1689
3252 2 2 1 1 650 3389 2364
3253 2 2 1 1 1931 4747 3487
3254 2 2 1 1 3689 3808 1427
3255 2 2 1 1 1809 4041 2724
3256 2 2 1 1 641 5382 4508
3257 2 2 1 1 1086 5641 2624
3258 2 2 1 1 1443 3270 3146
3259 2 2 1 1 3359 3781 1610
3260 2 2 1 1 1702 6543 5162
3261 2 2 1 1 2424 3790 1110
3262 2 2 1 1 2748 5402 618
3263 2 2 1 1 4133 4975 2019
3264 2 2 1 1 1715 3062 2212
3265 2 2 1 1 3060 5059 1213
3266 2 2 1 1 1149 3187 2829
3267 2 2 1 1 385 3719 3015
3268 2 2 1 1 3416 6800 2800
3269 2 2 1 1 753 5664 3915
3270 2 2 1 1 2553 6273 1010
3271 2 2 1 1 2533 5822 614
3272 2 2 1 1 3399 3640 742
3273 2 2 1 1 2762 5463 873
3274 2 2 1 1 2417 4772 4488
3275 2 2 1 1 1631 6109 3452
3276 2 2 1 1 4280 5884 2086
3277 2 2 1 1 2857 4348 1308
3278 2 2 1 1 2934 3279 1142
3279 2 2 1 1 2725 3986 1919
3280 2 2 1 1 1235 2767 2721
3281 2 2 1 1 495 4589 4210
3282 2 2 1 1 3381 4721 2088
3283 2 2 1 1 5727 6785 2785
3284 2 2 1 1 2561 4407 551
3285 2 2 1 1 453 5479 2254
3286 2 2 1 1 1467 4665 2669
3287 2 2 1 1 3845 6297 2917
3288 2 2 1 1 2648 4774 993
3289 2 2 1 1 400 4235 2996
3290 2 2 1 1 2774 3373 1123
3291 2 2 1 1 3266 4347 1842
3292 2 2 1 1 2437 4854 1299
3293 2 2 1 1 2566 3562 1230
3294 2 2 1 1 4046 4406 2495
3295 2 2 1 1 704 4144 2587
3296 2 2 1 1 886 4049 3179
3297 2 2 1 1 1597 5531 4765
3298 2 2 1 1 2686 4729 454
3299 2 2 1 1 3346 4873 1725
3300 2 2 1 1 1333 3671 2389
3301 2 2 1 1 2935 3258 1303
3302 2 2 1 1 3161 4417 929
3303 2 2 1 1 2932 4810 1012
3304 2 2 1 1 3497 3991 695
3305 2 2 1 1 3924 5529 1005
3306 2 2 1 1 2461 3999 1232
3307 2 2 1 1 2077 4524 3247
3308 2 2 1 1 465 5932 2448
3309 2 2 1 1 2091 5220 558
3310 2 2 1 1 1093 6020 2591
3311 2 2 1 1 1627 5652 2575
3312 2 2 1 1 859 5761 5570
3313 2 2 1 1 1018 3347 3300
3314 2 2 1 1 2481 5952 1782
3315 2 2 1 1 2426 5629 587
3316 2 2 1 1 1762 5097 2509
3317 2 2 1 1 3519 3667 1939
3318 2 2 1 1 920 5609 2187
3319 2 2 1 1 1621 3388 2312
3320 2 2 1 1 905 3319 2592
3321 2 2 1 1 3386 5259 936
3322 2 2 1 1 1267 3003 2659
3323 2 2 1 1 845 6067 2782
3324 2 2 1 1 2733 3750 1335
3325 2 2 1 1 5176 5516 1429
3326 2 2 1 1 1216 4421 2830
3327 2 2 1 1 3052 5856 1633
3328 2 2 1 1 3149 5437 1406
3329 2 2 1 1 458 3648 3419
3330 2 2 1 1 155 3662 154
3331 2 2 1 1 3353 3904 402
3332 2 2 1 1 866 5297 2464
3333 2 2 1 1 6513 6886 1169
3334 2 2 1 1 2397 5336 1455
3335 2 2 1 1 2423 6656 889
3336 2 2 1 1 2231 2926 1002
3337 2 2 1 1 1200 5194 4056
3338 2 2 1 1 2481 6881 5952
3339 2 2 1 1 1792 3863 3564
3340 2 2 1 1 756 3879 2802
3341 2 2 1 1 2409 4338 778
3342 2 2 1 1 2733 3691 1916
3343 2 2 1 1 536 6628 2690
3344 2 2 1 1 3521 3537 1206
3345 2 2 1 1 1377 4601 2390
3346 2 2 1 1 3826 5021 803
3347 2 2 1 1 2644 3304 1523
3348 2 2 1 1 2967 5120 1146
3349 2 2 1 1 3273 4882 553
3350 2 2 1 1 870 5547 2557
3351 2 2 1 1 1031 6838 5787
3352 2 2 1 1 550 6283 2463
3353 2 2 1 1 2556 6356 5817
3354 2 2 1 1 5047 5331 1436
3355 2 2 1 1 1144 5932 2688
3356 2 2 1 1 2837 4068 1580
3357 2 2 1 1 592 5580 3967
3358 2 2 1 1 3784 3819 409
3359 2 2 1 1 1508 5019 2368
3360 2 2 1 1 1280 5257 2584
3361 2 2 1 1 2943 4019 394
3362 2 2 1 1 2395 4839 1325
3363 2 2 1 1 2634 4070 412
3364 2 2 1 1 1822 5508 2578
3365 2 2 1 1 2109 4864 393
3366 2 2 1 1 265 3461 2232
3367 2 2 1 1 879 5264 2545
3368 2 2 1 1 390 3322 3281
3369 2 2 1 1 2453 5141 1513
3370 2 2 1 1 2497 5853 1108
3371 2 2 1 1 2690 5352 536
3372 2 2 1 1 2872 2961 499
3373 2 2 1 1 2133 6549 3357
3374 2 2 1 1 1875 5191 3702
3375 2 2 1 1 2850 4831 1811
3376 2 2 1 1 3568 4426 2105
3377 2 2 1 1 430 3556 3402
3378 2 2 1 1 2522 3160 991
3379 2 2 1 1 2624 3936 1086
3380 2 2 1 1 4573 5610 938
3381 2 2 1 1 30 5023 3004
3382 2 2 1 1 553 4882 3193
3383 2 2 1 1 2637 4268 1325
3384 2 2 1 1 351 6666 3003
3385 2 2 1 1 1336 3548 2859
3386 2 2 1 1 1251 6371 2704
3387 2 2 1 1 830 3813 2561
3388 2 2 1 1 1174 3559 2646
3389 2 2 1 1 2529 6483 3957
3390 2 2 1 1 1232 4797 2311
3391 2 2 1 1 1259 5338 3454
3392 2 2 1 1 3391 5707 1380
3393 2 2 1 1 2390 4601 510
3394 2 2 1 1 1163 6904 2760
3395 2 2 1 1 3145 6925 1907
3396 2 2 1 1 2577 5432 1265
3397 2 2 1 1 6087 6824 3382
3398 2 2 1 1 1357 6381 2434
3399 2 2 1 1 2396 5984 506
3400 2 2 1 1 1062 3613 2854
3401 2 2 1 1 2947 5404 896
3402 2 2 1 1 1035 3979 3066
3403 2 2 1 1 548 3584 2358
3404 2 2 1 1 2198 5483 3144
3405 2 2 1 1 3230 4908 1962
3406 2 2 1 1 1946 6197 4099
3407 2 2 1 1 2347 4715 610
3408 2 2 1 1 2521 3562 545
3409 2 2 1 1 3305 5808 3001
3410 2 2 1 1 2598 6142 608
3411 2 2 1 1 847 5483 4073
3412 2 2 1 1 1708 5766 3287
3413 2 2 1 1 3976 6044 399
3414 2 2 1 1 1215 3213 3064
3415 2 2 1 1 1415 4292 2545
3416 2 2 1 1 1893 6593 2776
3417 2 2 1 1 2956 4433 1591
3418 2 2 1 1 2806 5373 869
3419 2 2 1 1 3338 4264 614
3420 2 2 1 1 1458 4369 2823
3421 2 2 1 1 2765 4355 551
3422 2 2 1 1 677 4713 3447
3423 2 2 1 1 2533 3146 1064
3424 2 2 1 1 4866 5737 926
3425 2 2 1 1 396 5247 2623
3426 2 2 1 1 1314 3444 3048
3427 2 2 1 1 550 3332 2783
3428 2 2 1 1 423 5762 2939
3429 2 2 1 1 892 5464 2976
3430 2 2 1 1 2496 3816 568
3431 2 2 1 1 2372 3502 1372
3432 2 2 1 1 1695 4528 4189
3433 2 2 1 1 2246 3945 1375
3434 2 2 1 1 2529 3957 500
3435 2 2 1 1 1013 5088 2362
3436 2 2 1 1 455 3986 2725
3437 2 2 1 1 916 3283 2605
3438 2 2 1 1 13 4128 12
3439 2 2 1 1 903 4383 2455
3440 2 2 1 1 1325 3584 2395
3441 2 2 1 1 477 5271 2833
3442 2 2 1 1 2238 4743 3482
3443 2 2 1 1 669 6064 4008
3444 2 2 1 1 2959 2972 1230
3445 2 2 1 1 3373 4630 1643
3446 2 2 1 1 1448 4090 2540
3447 2 2 1 1 1439 4351 2244
3448 2 2 1 1 2599 4492 1518
3449 2 2 1 1 489 6351 2408
3450 2 2 1 1 2601 6490 1960
3451 2 2 1 1 2194 4733 3645
3452 2 2 1 1 2457 5918 609
3453 2 2 1 1 472 3569 2807
3454 2 2 1 1 1852 5923 3639
3455 2 2 1 1 1289 5247 2388
3456 2 2 1 1 3146 3270 1064
3457 2 2 1 1 3964 5507 2669
3458 2 2 1 1 378 3848 3287
3459 2 2 1 1 2884 3684 646
3460 2 2 1 1 468 5161 3687
3461 2 2 1 1 1786 6205 3625
3462 2 2 1 1 4213 4506 750
3463 2 2 1 1 808 6061 3610
3464 2 2 1 1 2843 2844 558
3465 2 2 1 1 2641 6329 876
3466 2 2 1 1 1471 4609 2587
3467 2 2 1 1 2402 4201 478
3468 2 2 1 1 2682 3332 550
3469 2 2 1 1 2521 4399 853
3470 2 2 1 1 3237 3695 2079
3471 2 2 1 1 1189 5091 2896
3472 2 2 1 1 5407 6445 2006
3473 2 2 1 1 2617 4506 1422
3474 2 2 1 1 1854 5663 3838
3475 2 2 1 1 1582 3714 2292
3476 2 2 1 1 3032 5188 408
3477 2 2 1 1 4022 5163 1602
3478 2 2 1 1 596 5100 2212
3479 2 2 1 1 2874 6853 2596
3480 2 2 1 1 587 5318 3316
3481 2 2 1 1 1110 3317 2963
3482 2 2 1 1 2510 4093 1287
3483 2 2 1 1 2421 5463 3485
3484 2 2 1 1 735 5571 2092
3485 2 2 1 1 2002 6402 3445
3486 2 2 1 1 1383 3579 2685
3487 2 2 1 1 2008 4542 2984
3488 2 2 1 1 1989 6146 2611
3489 2 2 1 1 401 3909 3467
3490 2 2 1 1 2770 4271 977
3491 2 2 1 1 920 4130 2813
3492 2 2 1 1 2317 4619 833
3493 2 2 1 1 515 6709 4756
3494 2 2 1 1 2374 5531 342
3495 2 2 1 1 3614 4072 1254
3496 2 2 1 1 1007 3375 2526
3497 2 2 1 1 4220 5271 477
3498 2 2 1 1 1079 4094 2635
3499 2 2 1 1 2926 6586 2551
3500 2 2 1 1 2002 5660 3177
3501 2 2 1 1 1760 4241 3810
3502 2 2 1 1 2060 6236 2719
3503 2 2 1 1 2185 6609 3046
3504 2 2 1 1 549 4800 2925
3505 2 2 1 1 2864 5633 1019
3506 2 2 1 1 2472 6368 1172
3507 2 2 1 1 2312 5109 398
3508 2 2 1 1 2940 2992 1221
3509 2 2 1 1 5123 5611 1431
3510 2 2 1 1 3607 5501 393
3511 2 2 1 1 1454 6261 2586
3512 2 2 1 1 1836 5109 3388
3513 2 2 1 1 3065 4105 503
3514 2 2 1 1 1085 4584 2771
3515 2 2 1 1 2541 6604 851
3516 2 2 1 1 285 2570 284
3517 2 2 1 1 1508 5836 2514
3518 2 2 1 1 1262 3646 2319
3519 2 2 1 1 2467 2747 968
3520 2 2 1 1 2574 4983 523
3521 2 2 1 1 2774 3771 806
3522 2 2 1 1 1378 3694 3132
3523 2 2 1 1 2252 4488 4037
3524 2 2 1 1 1218 4071 2693
3525 2 2 1 1 2527 6005 1673
3526 2 2 1 1 1261 4096 2493
3527 2 2 1 1 5386 5625 2103
3528 2 2 1 1 795 4871 2821
3529 2 2 1 1 2476 4216 1287
3530 2 2 1 1 2565 6513 3619
3531 2 2 1 1 2836 4921 2127
3532 2 2 1 1 3201 4624 1374
3533 2 2 1 1 2825 3521 1206
3534 2 2 1 1 2175 4636 802
3535 2 2 1 1 3066 6752 332
3536 2 2 1 1 928 3144 2970
3537 2 2 1 1 468 6268 2594
3538 2 2 1 1 1266 4861 2462
3539 2 2 1 1 1285 5888 4267
3540 2 2 1 1 2303 5809 4640
3541 2 2 1 1 1369 6934 4172
3542 2 2 1 1 2871 6029 1805
3543 2 2 1 1 3129 6256 5590
3544 2 2 1 1 2216 6805 488
3545 2 2 1 1 85 4065 2576
3546 2 2 1 1 1955 4434 3378
3547 2 2 1 1 1504 4964 2582
3548 2 2 1 1 3113 3852 1176
3549 2 2 1 1 2473 6530 4572
3550 2 2 1 1 3850 6157 848
3551 2 2 1 1 2477 4537 871
3552 2 2 1 1 3179 4731 886
3553 2 2 1 1 2516 2993 545
3554 2 2 1 1 1078 3773 2412
3555 2 2 1 1 2189 5234 830
3556 2 2 1 1 1916 6477 2733
3557 2 2 1 1 1206 4935 2877
3558 2 2 1 1 2536 5578 1432
3559 2 2 1 1 1059 5255 3609
3560 2 2 1 1 2991 5538 2010
3561 2 2 1 1 4276 5727 1387
3562 2 2 1 1 3870 4078 1485
3563 2 2 1 1 2519 5455 3690
3564 2 2 1 1 4408 6468 2869
3565 2 2 1 1 5671 6813 2289
3566 2 2 1 1 4364 6340 2758
3567 2 2 1 1 3043 3855 350
3568 2 2 1 1 3621 4279 770
3569 2 2 1 1 2771 4580 1459
3570 2 2 1 1 1114 4335 2822
3571 2 2 1 1 2350 4931 1209
3572 2 2 1 1 968 6167 3114
3573 2 2 1 1 2863 6302 3411
3574 2 2 1 1 2692 3085 947
3575 2 2 1 1 3075 6079 2081
3576 2 2 1 1 3890 4197 1779
3577 2 2 1 1 1268 3636 2912
3578 2 2 1 1 323 3026 322
3579 2 2 1 1 4162 4676 1362
3580 2 2 1 1 1233 4431 3138
3581 2 2 1 1 2333 4824 915
3582 2 2 1 1 2439 4979 3141
3583 2 2 1 1 2526 3375 808
3584 2 2 1 1 3291 3685 1718
3585 2 2 1 1 2181 5821 4309
3586 2 2 1 1 646 3685 3291
3587 2 2 1 1 3856 6605 2141
3588 2 2 1 1 2512 4981 1578
3589 2 2 1 1 4014 4887 1351
3590 2 2 1 1 2351 3565 1225
3591 2 2 1 1 5084 6363 3601
3592 2 2 1 1 3063 3835 1240
3593 2 2 1 1 4667 6073 670
3594 2 2 1 1 2389 3671 812
3595 2 2 1 1 2798 3104 964
3596 2 2 1 1 2599 5924 406
3597 2 2 1 1 992 4514 2801
3598 2 2 1 1 2782 6067 3347
3599 2 2 1 1 1107 3576 3026
3600 2 2 1 1 3419 3648 2128
3601 2 2 1 1 2335 6233 344
3602 2 2 1 1 3527 4878 187
3603 2 2 1 1 2850 5631 369
3604 2 2 1 1 2605 2901 916
3605 2 2 1 1 546 5206 2146
3606 2 2 1 1 5608 6583 519
3607 2 2 1 1 2953 5377 202
3608 2 2 1 1 4508 5382 2118
3609 2 2 1 1 3619 6513 1169
3610 2 2 1 1 1541 3794 3055
3611 2 2 1 1 3224 4075 2391
3612 2 2 1 1 2813 4130 1202
3613 2 2 1 1 533 6118 2716
3614 2 2 1 1 2803 6062 850
3615 2 2 1 1 658 6496 3936
3616 2 2 1 1 1552 3250 2911
3617 2 2 1 1 363 3261 2474
3618 2 2 1 1 993 6702 2648
3619 2 2 1 1 348 5739 3539
3620 2 2 1 1 2970 3144 1382
3621 2 2 1 1 2092 4623 735
3622 2 2 1 1 2252 3839 441
3623 2 2 1 1 821 5278 2203
3624 2 2 1 1 1073 6533 2794
3625 2 2 1 1 932 5017 2270
3626 2 2 1 1 4641 6731 909
3627 2 2 1 1 2034 5722 3500
3628 2 2 1 1 3841 5949 5105
3629 2 2 1 1 303 3095 302
3630 2 2 1 1 3957 6483 1277
3631 2 2 1 1 5872 5971 3355
3632 2 2 1 1 2 4344 55
3633 2 2 1 1 4519 6097 955
3634 2 2 1 1 2031 6115 5559
3635 2 2 1 1 1671 4484 3416
3636 2 2 1 1 2244 4314 1439
3637 2 2 1 1 3317 4785 777
3638 2 2 1 1 3447 4713 1788
3639 2 2 1 1 2442 5971 875
3640 2 2 1 1 4353 6693 1949
3641 2 2 1 1 1129 3171 2913
3642 2 2 1 1 3251 3718 1517
3643 2 2 1 1 5514 5900 1405
3644 2 2 1 1 2344 5893 4699
3645 2 2 1 1 4873 6494 2992
3646 2 2 1 1 1575 5132 2321
3647 2 2 1 1 1091 6515 2427
3648 2 2 1 1 1152 5538 2991
3649 2 2 1 1 2585 4548 1521
3650 2 2 1 1 3056 5458 4313
3651 2 2 1 1 1546 4574 4019
3652 2 2 1 1 2528 3715 1000
3653 2 2 1 1 1570 4270 2713
3654 2 2 1 1 3104 4221 2323
3655 2 2 1 1 605 5411 2685
3656 2 2 1 1 1714 3581 2999
3657 2 2 1 1 3728 5026 700
3658 2 2 1 1 2755 4816 1609
3659 2 2 1 1 3369 3493 553
3660 2 2 1 1 1065 4281 2981
3661 2 2 1 1 2815 3925 1422
3662 2 2 1 1 3290 5173 2008
3663 2 2 1 1 2232 4381 264
3664 2 2 1 1 2281 5456 390
3665 2 2 1 1 1108 5853 2437
3666 2 2 1 1 3248 3806 437
3667 2 2 1 1 2930 5185 1510
3668 2 2 1 1 2551 5759 3507
3669 2 2 1 1 2663 4536 559
3670 2 2 1 1 2525 5263 1083
3671 2 2 1 1 1616 5606 4929
3672 2 2 1 1 2780 6612 846
3673 2 2 1 1 3050 6205 4818
3674 2 2 1 1 4453 5096 1694
3675 2 2 1 1 3113 4825 338
3676 2 2 1 1 2899 3364 514
3677 2 2 1 1 3928 4141 426
3678 2 2 1 1 5058 6298 1021
3679 2 2 1 1 3989 5051 556
3680 2 2 1 1 2360 6645 924
3681 2 2 1 1 2870 3836 1329
3682 2 2 1 1 629 3940 2422
3683 2 2 1 1 2085 4709 3859
3684 2 2 1 1 2513 4722 1502
3685 2 2 1 1 3660 3669 1083
3686 2 2 1 1 4258 6554 984
3687 2 2 1 1 2413 4502 768
3688 2 2 1 1 3382 3498 1201
3689 2 2 1 1 2680 3131 593
3690 2 2 1 1 2734 6921 1172
3691 2 2 1 1 778 4438 2409
3692 2 2 1 1 2450 6488 3735
3693 2 2 1 1 2254 4880 2948
3694 2 2 1 1 2400 5868 881
3695 2 2 1 1 2912 3636 1353
3696 2 2 1 1 3449 3743 1134
3697 2 2 1 1 3045 3889 413
3698 2 2 1 1 458 3894 3648
3699 2 2 1 1 889 6570 3393
3700 2 2 1 1 2607 5116 453
3701 2 2 1 1 576 4151 3432
3702 2 2 1 1 2904 6486 1034
3703 2 2 1 1 3751 4642 1447
3704 2 2 1 1 974 4060 3965
3705 2 2 1 1 3371 4009 624
3706 2 2 1 1 1237 4473 2534
3707 2 2 1 1 2249 4973 1312
3708 2 2 1 1 1642 6726 4084
3709 2 2 1 1 1411 3503 3209
3710 2 2 1 1 3491 5722 2034
3711 2 2 1 1 1272 3570 2609
3712 2 2 1 1 2348 4213 1293
3713 2 2 1 1 469 4448 2424
3714 2 2 1 1 2461 5329 3157
3715 2 2 1 1 2415 6055 4084
3716 2 2 1 1 3915 5126 753
3717 2 2 1 1 2471 4039 787
3718 2 2 1 1 1321 4390 2471
3719 2 2 1 1 2705 4184 1735
3720 2 2 1 1 2652 3747 1274
3721 2 2 1 1 4055 4133 979
3722 2 2 1 1 1212 4684 2687
3723 2 2 1 1 3723 4534 1122
3724 2 2 1 1 2537 5705 949
3725 2 2 1 1 3648 3894 2051
3726 2 2 1 1 1177 3642 2398
3727 2 2 1 1 2434 5630 1199
3728 2 2 1 1 1453 5716 4259
3729 2 2 1 1 2269 4666 844
3730 2 2 1 1 2446 4337 2871
3731 2 2 1 1 1859 4458 3229
3732 2 2 1 1 2177 5126 3915
3733 2 2 1 1 2484 3605 1182
3734 2 2 1 1 5896 6361 2071
3735 2 2 1 1 3244 4858 1848
3736 2 2 1 1 2800 6397 365
3737 2 2 1 1 3663 4778 2572
3738 2 2 1 1 4019 4574 2188
3739 2 2 1 1 2866 3367 1055
3740 2 2 1 1 4198 4801 1363
3741 2 2 1 1 478 6209 2402
3742 2 2 1 1 165 4710 164
3743 2 2 1 1 2380 5617 1316
3744 2 2 1 1 1457 3706 3027
3745 2 2 1 1 2404 6038 887
3746 2 2 1 1 2858 4666 2269
3747 2 2 1 1 4501 6166 345
3748 2 2 1 1 3165 3442 376
3749 2 2 1 1 3891 6654 5883
3750 2 2 1 1 2372 5267 1757
3751 2 2 1 1 2948 4880 1903
3752 2 2 1 1 2632 5004 2313
3753 2 2 1 1 993 4774 2558
3754 2 2 1 1 4639 5460 1803
3755 2 2 1 1 829 4967 2746
3756 2 2 1 1 1111 6540 2705
3757 2 2 1 1 1316 3988 3082
3758 2 2 1 1 573 3833 2842
3759 2 2 1 1 757 3532 3421
3760 2 2 1 1 3020 3209 749
3761 2 2 1 1 1710 4072 3614
3762 2 2 1 1 1301 4588 2697
3763 2 2 1 1 2517 5452 1204
3764 2 2 1 1 946 5948 2710
3765 2 2 1 1 3128 3130 353
3766 2 2 1 1 2419 3402 1068
3767 2 2 1 1 3391 4716 2149
3768 2 2 1 1 1115 3131 2680
3769 2 2 1 1 2339 5075 840
3770 2 2 1 1 401 3467 2931
3771 2 2 1 1 1394 4035 3486
3772 2 2 1 1 1100 6489 2777
3773 2 2 1 1 3623 5365 718
3774 2 2 1 1 918 6667 3966
3775 2 2 1 1 3050 3295 482
3776 2 2 1 1 1788 5750 3447
3777 2 2 1 1 1313 3567 2500
3778 2 2 1 1 1189 5648 5091
3779 2 2 1 1 1761 3991 3497
3780 2 2 1 1 3565 5739 348
3781 2 2 1 1 3195 5913 368
3782 2 2 1 1 3923 5506 1839
3783 2 2 1 1 1431 5611 4002
3784 2 2 1 1 1989 6494 4873
3785 2 2 1 1 2174 6167 2747
3786 2 2 1 1 4316 5626 1749
3787 2 2 1 1 3401 4984 1985
3788 2 2 1 1 2944 5375 1122
3789 2 2 1 1 2590 2982 1200
3790 2 2 1 1 1726 5523 5028
3791 2 2 1 1 800 5583 2808
3792 2 2 1 1 1624 3819 3784
3793 2 2 1 1 542 6179 2564
3794 2 2 1 1 929 4417 2515
3795 2 2 1 1 1166 5999 2659
3796 2 2 1 1 3580 5711 1864
3797 2 2 1 1 2515 5881 1365
3798 2 2 1 1 751 4108 3143
3799 2 2 1 1 3193 3369 553
3800 2 2 1 1 1660 5903 2494
3801 2 2 1 1 2385 5282 4174
3802 2 2 1 1 6552 6860 2909
3803 2 2 1 1 3281 5699 2151
3804 2 2 1 1 1155 4107 2262
3805 2 2 1 1 999 6377 2229
3806 2 2 1 1 1280 3872 2589
3807 2 2 1 1 4749 6678 2119
3808 2 2 1 1 1678 4417 3161
3809 2 2 1 1 3207 3776 609
3810 2 2 1 1 3299 4194 1708
3811 2 2 1 1 478 4201 3418
3812 2 2 1 1 2832 5765 1764
3813 2 2 1 1 165 6234 2817
3814 2 2 1 1 682 5648 3517
3815 2 2 1 1 2534 4473 327
3816 2 2 1 1 1140 3754 3458
3817 2 2 1 1 2617 4698 750
3818 2 2 1 1 3336 4105 1358
3819 2 2 1 1 2797 4992 1023
3820 2 2 1 1 2680 4129 1169
3821 2 2 1 1 2668 5910 1912
3822 2 2 1 1 3032 5577 1994
3823 2 2 1 1 3702 5191 730
3824 2 2 1 1 1396 3178 3081
3825 2 2 1 1 2678 5488 1655
3826 2 2 1 1 3668 4763 3204
3827 2 2 1 1 5957 6114 1128
3828 2 2 1 1 799 4631 2869
3829 2 2 1 1 1288 3021 2579
3830 2 2 1 1 1560 5778 4789
3831 2 2 1 1 508 6347 2786
3832 2 2 1 1 401 2931 2736
3833 2 2 1 1 3048 3444 423
3834 2 2 1 1 3346 3976 399
3835 2 2 1 1 2118 6097 4519
3836 2 2 1 1 626 5177 2348
3837 2 2 1 1 5410 5700 1593
3838 2 2 1 1 1168 4468 2828
3839 2 2 1 1 2362 4479 1080
3840 2 2 1 1 2344 6504 4545
3841 2 2 1 1 1000 5573 2528
3842 2 2 1 1 3552 4251 1772
3843 2 2 1 1 3136 4026 1414
3844 2 2 1 1 1202 4698 2617
3845 2 2 1 1 3568 6802 1052
3846 2 2 1 1 802 4636 2037
3847 2 2 1 1 2582 4964 857
3848 2 2 1 1 2651 4668 853
3849 2 2 1 1 2700 3605 910
3850 2 2 1 1 2557 3692 870
3851 2 2 1 1 3784 6013 1492
3852 2 2 1 1 4189 5617 2380
3853 2 2 1 1 45 4202 44
3854 2 2 1 1 225 3136 224
3855 2 2 1 1 1494 3799 3219
3856 2 2 1 1 1409 4598 3942
3857 2 2 1 1 1081 6518 2535
3858 2 2 1 1 3500 5746 2152
3859 2 2 1 1 1596 3367 2866
3860 2 2 1 1 892 4936 2440
3861 2 2 1 1 3944 5573 1000
3862 2 2 1 1 1754 4872 3134
3863 2 2 1 1 3830 3863 1792
3864 2 2 1 1 3013 3844 1058
3865 2 2 1 1 1606 4835 2590
3866 2 2 1 1 833 6046 2544
3867 2 2 1 1 1090 5141 3504
3868 2 2 1 1 3433 4869 1817
3869 2 2 1 1 4310 5608 1002
3870 2 2 1 1 2388 6365 1289
3871 2 2 1 1 840 5425 2578
3872 2 2 1 1 3681 3708 1476
3873 2 2 1 1 2879 6290 2598
3874 2 2 1 1 3292 5082 2125
3875 2 2 1 1 2408 4362 3888
3876 2 2 1 1 2903 5230 811
3877 2 2 1 1 682 6032 4526
3878 2 2 1 1 560 4784 3695
3879 2 2 1 1 1099 5030 3313
3880 2 2 1 1 2889 4150 1534
3881 2 2 1 1 4194 5766 1708
3882 2 2 1 1 6069 6813 2098
3883 2 2 1 1 2602 5148 4075
3884 2 2 1 1 697 4884 2985
3885 2 2 1 1 1079 6646 4983
3886 2 2 1 1 6298 6504 2807
3887 2 2 1 1 1389 3676 3353
3888 2 2 1 1 2895 6474 2792
3889 2 2 1 1 1181 4575 2689
3890 2 2 1 1 2436 5464 892
3891 2 2 1 1 2866 5377 1596
3892 2 2 1 1 2801 3143 1327
3893 2 2 1 1 3381 6407 4721
3894 2 2 1 1 2585 5444 1096
3895 2 2 1 1 4543 5984 1410
3896 2 2 1 1 2336 4570 1356
3897 2 2 1 1 3438 4680 930
3898 2 2 1 1 2913 3171 1555
3899 2 2 1 1 1324 3978 2738
3900 2 2 1 1 2940 6298 5058
3901 2 2 1 1 2772 4876 1154
3902 2 2 1 1 1178 6034 3935
3903 2 2 1 1 378 4138 2501
3904 2 2 1 1 1768 4230 3601
3905 2 2 1 1 590 3119 2727
3906 2 2 1 1 1384 6597 3025
3907 2 2 1 1 2413 4772 1278
3908 2 2 1 1 1312 4434 2249
3909 2 2 1 1 3913 5572 957
3910 2 2 1 1 780 5304 2396
3911 2 2 1 1 2469 4882 1357
3912 2 2 1 1 4434 6548 2249
3913 2 2 1 1 2946 5944 1019
3914 2 2 1 1 1168 6002 3541
3915 2 2 1 1 4382 5197 1292
3916 2 2 1 1 2464 4341 2811
3917 2 2 1 1 4706 5379 666
3918 2 2 1 1 824 5374 3670
3919 2 2 1 1 915 4824 2560
3920 2 2 1 1 4218 4823 878
3921 2 2 1 1 516 3743 2754
3922 2 2 1 1 2696 5254 625
3923 2 2 1 1 666 5379 3617
3924 2 2 1 1 2687 4684 987
3925 2 2 1 1 3539 3966 348
3926 2 2 1 1 2757 5819 1446
3927 2 2 1 1 1059 3974 2718
3928 2 2 1 1 2598 4431 1233
3929 2 2 1 1 1100 4927 2284
3930 2 2 1 1 1869 6141 5520
3931 2 2 1 1 1252 4656 2205
3932 2 2 1 1 2624 5071 658
3933 2 2 1 1 4271 6598 977
3934 2 2 1 1 2868 3137 533
3935 2 2 1 1 3359 3603 1311
3936 2 2 1 1 1131 5339 2674
3937 2 2 1 1 26 4688 2662
3938 2 2 1 1 1334 4422 2314
3939 2 2 1 1 2668 4414 1592
3940 2 2 1 1 1538 5629 2426
3941 2 2 1 1 3890 5544 16
3942 2 2 1 1 1422 4331 2617
3943 2 2 1 1 31 5023 30
3944 2 2 1 1 1624 3534 2762
3945 2 2 1 1 3742 6358 1164
3946 2 2 1 1 4545 5893 2344
3947 2 2 1 1 2779 5870 497
3948 2 2 1 1 2508 5651 1945
3949 2 2 1 1 1122 5375 3302
3950 2 2 1 1 1957 3847 3737
3951 2 2 1 1 2480 6018 1857
3952 2 2 1 1 4300 5595 771
3953 2 2 1 1 3440 4582 1089
3954 2 2 1 1 2574 4094 1079
3955 2 2 1 1 3274 4951 1685
3956 2 2 1 1 2190 5702 3410
3957 2 2 1 1 150 2818 149
3958 2 2 1 1 3031 5093 3107
3959 2 2 1 1 4251 5060 1772
3960 2 2 1 1 3810 6681 1024
3961 2 2 1 1 2727 3417 1174
3962 2 2 1 1 3260 3597 661
3963 2 2 1 1 2656 4840 1679
3964 2 2 1 1 371 5381 2892
3965 2 2 1 1 2845 3506 1009
3966 2 2 1 1 1293 3946 2348
3967 2 2 1 1 2865 4638 573
3968 2 2 1 1 2502 4420 763
3969 2 2 1 1 3666 5578 4783
3970 2 2 1 1 874 6158 3088
3971 2 2 1 1 3062 3425 1048
3972 2 2 1 1 549 6214 3446
3973 2 2 1 1 5639 6334 1249
3974 2 2 1 1 2690 6727 3581
3975 2 2 1 1 4202 5076 44
3976 2 2 1 1 1791 6301 4435
3977 2 2 1 1 1002 5608 2666
3978 2 2 1 1 537 3440 2683
3979 2 2 1 1 1975 4680 3438
3980 2 2 1 1 2409 4438 1297
3981 2 2 1 1 1167 4481 3407
3982 2 2 1 1 1435 4834 3986
3983 2 2 1 1 2759 3283 916
3984 2 2 1 1 4110 5494 2257
3985 2 2 1 1 1807 4469 2462
3986 2 2 1 1 3917 4168 1106
3987 2 2 1 1 2489 3881 1144
3988 2 2 1 1 3132 3694 1082
3989 2 2 1 1 2990 4368 185
3990 2 2 1 1 3734 5595 1687
3991 2 2 1 1 1306 4355 2765
3992 2 2 1 1 1384 3518 2919
3993 2 2 1 1 1353 4001 2912
3994 2 2 1 1 1370 3369 2603
3995 2 2 1 1 1485 4078 3243
3996 2 2 1 1 1529 5212 2691
3997 2 2 1 1 2594 5227 1126
3998 2 2 1 1 3409 5653 2012
3999 2 2 1 1 4365 5331 2165
4000 2 2 1 1 472 4699 2389
4001 2 2 1 1 2545 5264 1415
4002 2 2 1 1 2618 3067 1033
4003 2 2 1 1 408 5577 3032
4004 2 2 1 1 1308 4348 4275
4005 2 2 1 1 2721 2767 1036
4006 2 2 1 1 3584 4465 2358
4007 2 2 1 1 2769 4190 1346
4008 2 2 1 1 3388 5109 2312
4009 2 2 1 1 2727 6221 3417
4010 2 2 1 1 2931 3467 1215
4011 2 2 1 1 1903 6561 5691
4012 2 2 1 1 4717 5284 1832
4013 2 2 1 1 2446 4247 1331
4014 2 2 1 1 2390 4494 1377
4015 2 2 1 1 533 3137 2456
4016 2 2 1 1 2277 5370 1472
4017 2 2 1 1 1058 3844 2779
4018 2 2 1 1 2865 5264 879
4019 2 2 1 1 768 4772 2413
4020 2 2 1 1 1633 5856 5348
4021 2 2 1 1 571 6677 3420
4022 2 2 1 1 1185 3556 2580
4023 2 2 1 1 4269 6712 570
4024 2 2 1 1 1971 5079 3900
4025 2 2 1 1 3838 5663 1570
4026 2 2 1 1 1879 4263 4186
4027 2 2 1 1 1877 5779 3630
4028 2 2 1 1 1450 5406 2574
4029 2 2 1 1 1240 5973 3052
4030 2 2 1 1 1017 4907 2655
4031 2 2 1 1 2282 5958 5491
4032 2 2 1 1 386 3945 2246
4033 2 2 1 1 500 5106 2529
4034 2 2 1 1 1444 3537 3521
4035 2 2 1 1 3097 4234 2263
4036 2 2 1 1 381 5696 3674
4037 2 2 1 1 588 5679 2799
4038 2 2 1 1 17 3890 16
4039 2 2 1 1 1591 5305 2956
4040 2 2 1 1 3626 4063 1450
4041 2 2 1 1 2929 6215 4543
4042 2 2 1 1 5254 6896 625
4043 2 2 1 1 4084 6726 2415
4044 2 2 1 1 1770 6734 4010
4045 2 2 1 1 2451 4952 1360
4046 2 2 1 1 1007 4061 3326
4047 2 2 1 1 595 3453 2938
4048 2 2 1 1 5386 6552 2909
4049 2 2 1 1 2393 6334 5639
4050 2 2 1 1 722 4215 2356
4051 2 2 1 1 3577 5840 2903
4052 2 2 1 1 750 4506 2617
4053 2 2 1 1 362 5475 2610
4054 2 2 1 1 1278 3768 2413
4055 2 2 1 1 2863 3411 1028
4056 2 2 1 1 2290 4168 3917
4057 2 2 1 1 1625 5143 4975
4058 2 2 1 1 1452 4350 3775
4059 2 2 1 1 1096 4977 2889
4060 2 2 1 1 3189 3464 598
4061 2 2 1 1 4230 4886 769
4062 2 2 1 1 627 4762 3126
4063 2 2 1 1 1890 6768 5735
4064 2 2 1 1 1141 5103 2206
4065 2 2 1 1 1194 4860 4248
4066 2 2 1 1 1608 4182 2573
4067 2 2 1 1 47 3100 46
4068 2 2 1 1 768 4502 4037
4069 2 2 1 1 2986 3705 1531
4070 2 2 1 1 541 4630 3373
4071 2 2 1 1 3055 3119 590
4072 2 2 1 1 5105 5949 1532
4073 2 2 1 1 1342 3863 3830
4074 2 2 1 1 674 4960 3965
4075 2 2 1 1 978 4897 2696
4076 2 2 1 1 1229 4342 3607
4077 2 2 1 1 1625 4055 3242
4078 2 2 1 1 2481 4382 490
4079 2 2 1 1 176 3726 175
4080 2 2 1 1 481 4677 3905
4081 2 2 1 1 885 3693 3153
4082 2 2 1 1 1184 5736 3345
4083 2 2 1 1 439 4068 2837
4084 2 2 1 1 995 4844 2891
4085 2 2 1 1 1460 4735 3012
4086 2 2 1 1 553 3766 3273
4087 2 2 1 1 1199 5876 2643
4088 2 2 1 1 338 6080 4199
4089 2 2 1 1 3504 6243 526
4090 2 2 1 1 623 5171 2911
4091 2 2 1 1 1243 4104 2670
4092 2 2 1 1 2365 5634 3557
4093 2 2 1 1 1491 4000 3806
4094 2 2 1 1 1783 6240 3094
4095 2 2 1 1 570 3881 2489
4096 2 2 1 1 2640 5776 1921
4097 2 2 1 1 1147 5270 3241
4098 2 2 1 1 942 6431 4657
4099 2 2 1 1 1370 3493 3369
4100 2 2 1 1 2822 5092 2630
4101 2 2 1 1 1210 3888 2823
4102 2 2 1 1 1185 5352 2690
4103 2 2 1 1 2389 4699 1333
4104 2 2 1 1 2874 4140 579
4105 2 2 1 1 2419 3473 991
4106 2 2 1 1 3583 5341 1222
4107 2 2 1 1 340 5942 2168
4108 2 2 1 1 807 6395 5277
4109 2 2 1 1 3278 4169 1244
4110 2 2 1 1 1326 4750 2389
4111 2 2 1 1 3968 4432 1137
4112 2 2 1 1 1409 3345 2915
4113 2 2 1 1 605 4991 2538
4114 2 2 1 1 2756 6463 2000
4115 2 2 1 1 1901 6567 3727
4116 2 2 1 1 3724 6399 2071
4117 2 2 1 1 2798 6316 1543
4118 2 2 1 1 634 5333 3498
4119 2 2 1 1 2220 4708 2191
4120 2 2 1 1 2360 6635 135
4121 2 2 1 1 2431 6868 908
4122 2 2 1 1 2026 6087 2496
4123 2 2 1 1 3557 6176 2365
4124 2 2 1 1 706 5392 2324
4125 2 2 1 1 1919 4676 4162
4126 2 2 1 1 893 4123 2556
4127 2 2 1 1 461 4392 3563
4128 2 2 1 1 3507 5759 400
4129 2 2 1 1 1147 3624 2832
4130 2 2 1 1 941 5803 4090
4131 2 2 1 1 2983 6018 4006
4132 2 2 1 1 3219 4972 1494
4133 2 2 1 1 1465 5151 2395
4134 2 2 1 1 2424 4594 469
4135 2 2 1 1 289 3312 288
4136 2 2 1 1 2589 6522 967
4137 2 2 1 1 3286 6563 913
4138 2 2 1 1 1249 6703 2355
4139 2 2 1 1 2137 6254 4052
4140 2 2 1 1 5227 6012 1126
4141 2 2 1 1 2681 3174 1108
4142 2 2 1 1 7 3219 6
4143 2 2 1 1 3170 4649 1733
4144 2 2 1 1 2474 3261 1019
4145 2 2 1 1 1772 5060 3240
4146 2 2 1 1 1435 3986 2986
4147 2 2 1 1 3895 6023 2220
4148 2 2 1 1 1871 5545 4393
4149 2 2 1 1 2473 4572 923
4150 2 2 1 1 1635 3423 3174
4151 2 2 1 1 742 3640 2603
4152 2 2 1 1 1732 5320 2495
4153 2 2 1 1 2783 6283 550
4154 2 2 1 1 3401 4569 850
4155 2 2 1 1 2478 4114 634
4156 2 2 1 1 2852 4153 105
4157 2 2 1 1 413 3282 3120
4158 2 2 1 1 2314 4422 442
4159 2 2 1 1 627 4624 2279
4160 2 2 1 1 2732 3277 1188
4161 2 2 1 1 2751 3209 1412
4162 2 2 1 1 5082 5128 2125
4163 2 2 1 1 2494 5108 1660
4164 2 2 1 1 2271 5797 3325
4165 2 2 1 1 557 6334 4029
4166 2 2 1 1 4056 5194 1950
4167 2 2 1 1 3741 6592 788
4168 2 2 1 1 2609 5896 4674
4169 2 2 1 1 3692 5730 870
4170 2 2 1 1 2486 3264 1024
4171 2 2 1 1 1515 6195 2397
4172 2 2 1 1 3671 3696 1987
4173 2 2 1 1 3348 3349 1393
4174 2 2 1 1 2218 3820 876
4175 2 2 1 1 1968 4658 2611
4176 2 2 1 1 1242 3611 2878
4177 2 2 1 1 3779 5089 1765
4178 2 2 1 1 4488 4772 768
4179 2 2 1 1 399 4873 3346
4180 2 2 1 1 3683 5332 1440
4181 2 2 1 1 1670 5189 2541
4182 2 2 1 1 905 6174 5919
4183 2 2 1 1 1064 6829 2533
4184 2 2 1 1 3608 6650 1472
4185 2 2 1 1 1311 3781 3359
4186 2 2 1 1 1937 6354 2740
4187 2 2 1 1 471 5097 2785
4188 2 2 1 1 2095 4353 3777
4189 2 2 1 1 467 4305 2567
4190 2 2 1 1 1187 5910 2668
4191 2 2 1 1 1439 4039 2471
4192 2 2 1 1 608 6090 4431
4193 2 2 1 1 3916 4229 687
4194 2 2 1 1 4482 6517 862
4195 2 2 1 1 2474 3690 363
4196 2 2 1 1 3261 3837 1019
4197 2 2 1 1 179 3157 178
4198 2 2 1 1 1873 4773 3405
4199 2 2 1 1 1071 4138 3409
4200 2 2 1 1 2462 4861 1807
4201 2 2 1 1 4030 6514 4532
4202 2 2 1 1 1129 5481 3047
4203 2 2 1 1 3564 3863 724
4204 2 2 1 1 2603 3640 1370
4205 2 2 1 1 2117 6765 2744
4206 2 2 1 1 1708 4713 3299
4207 2 2 1 1 1119 4898 2503
4208 2 2 1 1 2667 5009 1888
4209 2 2 1 1 3262 4844 995
4210 2 2 1 1 3222 4125 531
4211 2 2 1 1 3018 5056 1417
4212 2 2 1 1 3086 5992 4591
4213 2 2 1 1 2522 3303 585
4214 2 2 1 1 2788 5874 395
4215 2 2 1 1 3030 3901 1702
4216 2 2 1 1 817 4503 2637
4217 2 2 1 1 635 5623 2397
4218 2 2 1 1 1375 4527 2675
4219 2 2 1 1 6241 6909 1005
4220 2 2 1 1 2460 5994 560
4221 2 2 1 1 1291 4082 3159
4222 2 2 1 1 3005 3866 1282
4223 2 2 1 1 610 3473 3455
4224 2 2 1 1 1726 5028 2692
4225 2 2 1 1 1818 5986 4152
4226 2 2 1 1 1738 4264 3338
4227 2 2 1 1 902 5702 4178
4228 2 2 1 1 2193 6779 4471
4229 2 2 1 1 2505 3473 610
4230 2 2 1 1 3878 5760 2277
4231 2 2 1 1 1967 4424 3804
4232 2 2 1 1 4137 4476 1640
4233 2 2 1 1 1199 5630 2625
4234 2 2 1 1 1302 3119 3055
4235 2 2 1 1 2624 5641 1648
4236 2 2 1 1 1310 6560 3679
4237 2 2 1 1 3822 5744 438
4238 2 2 1 1 1495 3677 2627
4239 2 2 1 1 2279 6114 5957
4240 2 2 1 1 4602 5878 357
4241 2 2 1 1 1222 4875 3583
4242 2 2 1 1 1087 6355 2523
4243 2 2 1 1 1900 4813 2468
4244 2 2 1 1 2968 4151 1203
4245 2 2 1 1 1262 3756 3538
4246 2 2 1 1 2360 3495 1131
4247 2 2 1 1 4091 6703 1249
4248 2 2 1 1 1175 4377 2486
4249 2 2 1 1 2883 3677 1128
4250 2 2 1 1 480 5391 2430
4251 2 2 1 1 1959 5654 3163
4252 2 2 1 1 3430 4086 1608
4253 2 2 1 1 2607 5691 911
4254 2 2 1 1 380 3378 2416
4255 2 2 1 1 3550 4269 1944
4256 2 2 1 1 2960 5042 1952
4257 2 2 1 1 2441 5989 4756
4258 2 2 1 1 2510 4216 253
4259 2 2 1 1 2881 4977 1096
4260 2 2 1 1 5138 5885 1142
4261 2 2 1 1 2626 4883 894
4262 2 2 1 1 2947 4973 514
4263 2 2 1 1 3229 4458 1390
4264 2 2 1 1 2799 5679 4809
4265 2 2 1 1 1578 5366 2698
4266 2 2 1 1 3126 4624 627
4267 2 2 1 1 1900 6219 4497
4268 2 2 1 1 1358 4105 2304
4269 2 2 1 1 2619 5149 1649
4270 2 2 1 1 2436 6208 776
4271 2 2 1 1 2837 3920 439
4272 2 2 1 1 3625 6205 482
4273 2 2 1 1 2586 5477 473
4274 2 2 1 1 3247 4040 901
4275 2 2 1 1 4045 5086 2398
4276 2 2 1 1 1130 4478 2975
4277 2 2 1 1 80 6011 2814
4278 2 2 1 1 1004 6821 2654
4279 2 2 1 1 4411 5169 695
4280 2 2 1 1 751 3143 2801
4281 2 2 1 1 3099 3407 212
4282 2 2 1 1 1379 6680 4579
4283 2 2 1 1 2563 4525 1171
4284 2 2 1 1 573 4638 3833
4285 2 2 1 1 1273 5351 2758
4286 2 2 1 1 2031 5798 2381
4287 2 2 1 1 909 5465 3418
4288 2 2 1 1 1641 5665 2651
4289 2 2 1 1 3030 3773 1078
4290 2 2 1 1 4383 5468 1339
4291 2 2 1 1 2134 6174 4392
4292 2 2 1 1 3042 4584 1085
4293 2 2 1 1 564 6254 2137
4294 2 2 1 1 3607 4342 1721
4295 2 2 1 1 569 3478 3301
4296 2 2 1 1 4085 6162 2491
4297 2 2 1 1 510 4601 4588
4298 2 2 1 1 4073 5483 2198
4299 2 2 1 1 1051 4117 3492
4300 2 2 1 1 4204 5163 814
4301 2 2 1 1 2694 6360 2337
4302 2 2 1 1 2326 6250 5111
4303 2 2 1 1 3965 4060 1906
4304 2 2 1 1 2612 5241 831
4305 2 2 1 1 3976 6322 1960
4306 2 2 1 1 1346 3932 2769
4307 2 2 1 1 1180 3785 2338
4308 2 2 1 1 663 5877 3340
4309 2 2 1 1 2204 4539 3983
4310 2 2 1 1 3011 4398 2073
4311 2 2 1 1 2480 4091 1249
4312 2 2 1 1 2214 4440 3572
4313 2 2 1 1 2389 4750 472
4314 2 2 1 1 1518 5924 2599
4315 2 2 1 1 2876 3756 2319
4316 2 2 1 1 1050 6069 3018
4317 2 2 1 1 4292 6406 2545
4318 2 2 1 1 1087 3934 2558
4319 2 2 1 1 2530 6105 1473
4320 2 2 1 1 1822 6132 5586
4321 2 2 1 1 2768 3196 1132
4322 2 2 1 1 1150 5540 2554
4323 2 2 1 1 3276 3379 1255
4324 2 2 1 1 2833 5271 1947
4325 2 2 1 1 1657 4530 3302
4326 2 2 1 1 3695 4784 1980
4327 2 2 1 1 2792 5390 370
4328 2 2 1 1 1322 3555 3135
4329 2 2 1 1 1194 3476 3034
4330 2 2 1 1 1285 4267 3764
4331 2 2 1 1 2572 4422 3826
4332 2 2 1 1 3891 5883 694
4333 2 2 1 1 3218 5869 2887
4334 2 2 1 1 3080 6625 1265
4335 2 2 1 1 3209 3503 1412
4336 2 2 1 1 6333 6354 1937
4337 2 2 1 1 1128 3600 2638
4338 2 2 1 1 3733 5482 573
4339 2 2 1 1 968 4282 2467
4340 2 2 1 1 1583 4354 2695
4341 2 2 1 1 2913 5481 1129
4342 2 2 1 1 1372 5006 2372
4343 2 2 1 1 991 3473 2505
4344 2 2 1 1 842 5859 2371
4345 2 2 1 1 2869 4631 1401
4346 2 2 1 1 531 6150 2565
4347 2 2 1 1 2916 5139 518
4348 2 2 1 1 1443 6436 6056
4349 2 2 1 1 3552 4127 1247
4350 2 2 1 1 2582 6531 330
4351 2 2 1 1 1163 6221 2727
4352 2 2 1 1 2743 6705 4154
4353 2 2 1 1 275 3030 274
4354 2 2 1 1 223 4180 2421
4355 2 2 1 1 2348 5177 1422
4356 2 2 1 1 1838 6783 4245
4357 2 2 1 1 2805 5849 540
4358 2 2 1 1 5467 5718 4142
4359 2 2 1 1 3939 4941 1720
4360 2 2 1 1 2465 3902 998
4361 2 2 1 1 2276 4233 2535
4362 2 2 1 1 442 5123 2314
4363 2 2 1 1 2666 6217 1002
4364 2 2 1 1 6057 6626 2548
4365 2 2 1 1 3925 4331 1422
4366 2 2 1 1 2876 3628 572
4367 2 2 1 1 4187 6026 479
4368 2 2 1 1 1328 5577 4020
4369 2 2 1 1 2409 4283 441
4370 2 2 1 1 2697 4601 1377
4371 2 2 1 1 770 4309 3621
4372 2 2 1 1 3230 6400 662
4373 2 2 1 1 2440 5564 342
4374 2 2 1 1 3967 5580 2079
4375 2 2 1 1 3541 4468 1168
4376 2 2 1 1 1802 6161 2566
4377 2 2 1 1 2594 6268 1818
4378 2 2 1 1 738 6548 4434
4379 2 2 1 1 4162 6935 839
4380 2 2 1 1 3403 6906 1067
4381 2 2 1 1 3922 4720 1060
4382 2 2 1 1 2493 4096 988
4383 2 2 1 1 2714 5628 1141
4384 2 2 1 1 1699 4801 4198
4385 2 2 1 1 2823 4782 1458
4386 2 2 1 1 698 4086 3430
4387 2 2 1 1 715 5461 4265
4388 2 2 1 1 2678 6909 6241
4389 2 2 1 1 2356 4748 1574
4390 2 2 1 1 2433 6358 3742
4391 2 2 1 1 1753 3669 3660
4392 2 2 1 1 2889 4057 1096
4393 2 2 1 1 2380 6379 728
4394 2 2 1 1 2004 4562 2907
4395 2 2 1 1 618 3861 2748
4396 2 2 1 1 3749 5241 2612
4397 2 2 1 1 2635 6845 1352
4398 2 2 1 1 2828 5614 1168
4399 2 2 1 1 3990 4028 1717
4400 2 2 1 1 2709 3325 1072
4401 2 2 1 1 625 5243 2696
4402 2 2 1 1 3042 3780 1887
4403 2 2 1 1 776 3984 2436
4404 2 2 1 1 1489 6409 2330
4405 2 2 1 1 498 5416 3327
4406 2 2 1 1 2357 5606 937
4407 2 2 1 1 3326 4061 1954
4408 2 2 1 1 1156 3606 2547
4409 2 2 1 1 5586 6132 2506
4410 2 2 1 1 597 4921 2836
4411 2 2 1 1 3832 5677 2488
4412 2 2 1 1 341 5086 4045
4413 2 2 1 1 2485 5184 851
4414 2 2 1 1 1246 4951 3274
4415 2 2 1 1 710 4590 2562
4416 2 2 1 1 3378 4434 1312
4417 2 2 1 1 1861 4670 3411
4418 2 2 1 1 3083 3981 1257
4419 2 2 1 1 2888 4475 1369
4420 2 2 1 1 3127 5752 1770
4421 2 2 1 1 1529 4197 3890
4422 2 2 1 1 2781 4736 705
4423 2 2 1 1 2848 4197 654
4424 2 2 1 1 3154 4787 959
4425 2 2 1 1 3016 3475 1146
4426 2 2 1 1 2753 5296 1286
4427 2 2 1 1 3530 6603 1585
4428 2 2 1 1 3572 5940 355
4429 2 2 1 1 1021 3569 2985
4430 2 2 1 1 5185 6558 1510
4431 2 2 1 1 2622 3367 658
4432 2 2 1 1 2417 4488 1297
4433 2 2 1 1 2681 5078 1076
4434 2 2 1 1 4679 6441 939
4435 2 2 1 1 628 3508 3221
4436 2 2 1 1 1099 3218 2887
4437 2 2 1 1 1242 4031 3611
4438 2 2 1 1 1446 3807 3460
4439 2 2 1 1 2540 6916 1448
4440 2 2 1 1 2757 6514 1143
4441 2 2 1 1 1452 5996 4350
4442 2 2 1 1 4173 4336 1048
4443 2 2 1 1 928 6201 3144
4444 2 2 1 1 957 5824 3913
4445 2 2 1 1 156 3831 2334
4446 2 2 1 1 3822 6445 2287
4447 2 2 1 1 3319 5937 2592
4448 2 2 1 1 2877 4935 754
4449 2 2 1 1 1573 4702 3142
4450 2 2 1 1 3514 5348 2300
4451 2 2 1 1 5605 6219 1900
4452 2 2 1 1 2579 5538 1152
4453 2 2 1 1 1913 3768 3753
4454 2 2 1 1 2645 4121 972
4455 2 2 1 1 2412 6697 3176
4456 2 2 1 1 1735 3721 2705
4457 2 2 1 1 3543 5159 804
4458 2 2 1 1 1625 4975 4133
4459 2 2 1 1 2726 6222 1917
4460 2 2 1 1 1297 4488 4283
4461 2 2 1 1 1258 5239 2867
4462 2 2 1 1 1155 5701 2814
4463 2 2 1 1 877 5685 2621
4464 2 2 1 1 1450 4263 3626
4465 2 2 1 1 1865 4511 3385
4466 2 2 1 1 555 3379 3276
4467 2 2 1 1 3065 5668 4105
4468 2 2 1 1 540 5849 3220
4469 2 2 1 1 1838 5964 3905
4470 2 2 1 1 4019 5644 3459
4471 2 2 1 1 643 5326 4030
4472 2 2 1 1 1023 6725 2890
4473 2 2 1 1 3482 4743 1612
4474 2 2 1 1 520 6421 2657
4475 2 2 1 1 705 4625 3423
4476 2 2 1 1 1725 4873 2992
4477 2 2 1 1 810 5676 2391
4478 2 2 1 1 1146 6723 6138
4479 2 2 1 1 959 2732 2702
4480 2 2 1 1 985 4827 2501
4481 2 2 1 1 763 5138 2613
4482 2 2 1 1 2637 4839 817
4483 2 2 1 1 684 5488 2678
4484 2 2 1 1 854 5305 4723
4485 2 2 1 1 2202 6846 2798
4486 2 2 1 1 3663 6403 1966
4487 2 2 1 1 588 3656 2641
4488 2 2 1 1 2924 4010 721
4489 2 2 1 1 3819 3980 409
4490 2 2 1 1 2626 4058 522
4491 2 2 1 1 325 3274 324
4492 2 2 1 1 161 3513 2649
4493 2 2 1 1 86 4065 85
4494 2 2 1 1 565 5845 2904
4495 2 2 1 1 4174 5282 801
4496 2 2 1 1 4400 4752 1649
4497 2 2 1 1 1432 5578 3666
4498 2 2 1 1 2728 4734 580
4499 2 2 1 1 3393 6570 2701
4500 2 2 1 1 287 3792 286
4501 2 2 1 1 1292 4229 3308
4502 2 2 1 1 2810 6327 1072
4503 2 2 1 1 2586 6261 2865
4504 2 2 1 1 196 4998 3954
4505 2 2 1 1 3534 3784 1492
4506 2 2 1 1 2210 4333 1205
4507 2 2 1 1 2957 4149 1408
4508 2 2 1 1 3654 6714 2860
4509 2 2 1 1 3300 4120 1453
4510 2 2 1 1 3199 5843 2452
4511 2 2 1 1 1542 5922 3405
4512 2 2 1 1 1075 5965 3575
4513 2 2 1 1 1689 5951 2423
4514 2 2 1 1 545 6389 2516
4515 2 2 1 1 851 6604 2485
4516 2 2 1 1 2420 4643 1298
4517 2 2 1 1 2892 3585 371
4518 2 2 1 1 4272 6616 952
4519 2 2 1 1 634 6285 6244
4520 2 2 1 1 2253 4752 4400
4521 2 2 1 1 2381 5798 3770
4522 2 2 1 1 1608 4086 4020
4523 2 2 1 1 2525 4359 292
4524 2 2 1 1 5941 6495 3769
4525 2 2 1 1 3777 4353 1063
4526 2 2 1 1 1430 6647 2632
4527 2 2 1 1 3621 4309 1834
4528 2 2 1 1 2656 4893 834
4529 2 2 1 1 2216 6042 3278
4530 2 2 1 1 2925 6214 549
4531 2 2 1 1 4123 6525 2888
4532 2 2 1 1 4371 4544 1970
4533 2 2 1 1 638 3665 3309
4534 2 2 1 1 3026 3576 322
4535 2 2 1 1 4507 4677 481
4536 2 2 1 1 1238 4941 3939
4537 2 2 1 1 381 5067 2819
4538 2 2 1 1 1931 5541 4747
4539 2 2 1 1 1148 3719 3379
4540 2 2 1 1 6176 6187 2365
4541 2 2 1 1 2589 5257 1280
4542 2 2 1 1 4084 6055 1775
4543 2 2 1 1 864 3472 2691
4544 2 2 1 1 995 4270 3262
4545 2 2 1 1 2518 6801 1990
4546 2 2 1 1 1298 5534 2550
4547 2 2 1 1 2851 5959 1878
4548 2 2 1 1 1609 4868 3267
4549 2 2 1 1 1837 5216 4456
4550 2 2 1 1 1325 4839 2637
4551 2 2 1 1 3570 6361 2609
4552 2 2 1 1 375 4539 2592
4553 2 2 1 1 3097 6620 290
4554 2 2 1 1 2906 6712 4269
4555 2 2 1 1 572 3756 2876
4556 2 2 1 1 2724 6389 6161
4557 2 2 1 1 1250 5040 4613
4558 2 2 1 1 6402 6608 914
4559 2 2 1 1 2122 6165 5466
4560 2 2 1 1 522 4058 3159
4561 2 2 1 1 3898 4398 714
4562 2 2 1 1 3812 5778 1560
4563 2 2 1 1 2359 5655 1171
4564 2 2 1 1 1305 5398 3008
4565 2 2 1 1 2501 4138 1071
4566 2 2 1 1 943 6605 2593
4567 2 2 1 1 435 6221 2638
4568 2 2 1 1 1779 4197 2848
4569 2 2 1 1 2915 5069 1409
4570 2 2 1 1 580 4849 2728
4571 2 2 1 1 4114 5333 634
4572 2 2 1 1 672 6903 2804
4573 2 2 1 1 354 4183 3123
4574 2 2 1 1 4178 6790 902
4575 2 2 1 1 540 6610 2492
4576 2 2 1 1 1085 3780 3042
4577 2 2 1 1 1547 6265 2655
4578 2 2 1 1 3234 6377 1121
4579 2 2 1 1 47 3470 3100
4580 2 2 1 1 1380 3295 3050
4581 2 2 1 1 2964 5046 1812
4582 2 2 1 1 1982 4771 3102
4583 2 2 1 1 1076 4981 4163
4584 2 2 1 1 2934 5885 436
4585 2 2 1 1 3481 3793 1251
4586 2 2 1 1 3260 5029 1872
4587 2 2 1 1 3125 3457 971
4588 2 2 1 1 1143 4030 3364
4589 2 2 1 1 2126 3628 2876
4590 2 2 1 1 1169 3413 2680
4591 2 2 1 1 1342 3716 3301
4592 2 2 1 1 2487 3987 1209
4593 2 2 1 1 2627 3677 615
4594 2 2 1 1 1680 3867 3275
4595 2 2 1 1 3704 3857 1726
4596 2 2 1 1 1067 6345 3380
4597 2 2 1 1 4845 5584 3022
4598 2 2 1 1 537 4184 2705
4599 2 2 1 1 4849 5978 2382
4600 2 2 1 1 1985 4569 3401
4601 2 2 1 1 3103 6417 805
4602 2 2 1 1 5070 5865 2129
4603 2 2 1 1 554 6308 3828
4604 2 2 1 1 1908 4157 3542
4605 2 2 1 1 2665 5279 87
4606 2 2 1 1 4959 6126 1972
4607 2 2 1 1 2746 4967 1470
4608 2 2 1 1 1572 3498 3382
4609 2 2 1 1 1525 4717 4050
4610 2 2 1 1 2392 6935 4162
4611 2 2 1 1 3629 5770 799
4612 2 2 1 1 1514 4581 2595
4613 2 2 1 1 1408 4149 3685
4614 2 2 1 1 2250 4304 1017
4615 2 2 1 1 2713 6450 208
4616 2 2 1 1 627 3263 2760
4617 2 2 1 1 6203 6793 3570
4618 2 2 1 1 3129 5590 1054
4619 2 2 1 1 1295 3464 3189
4620 2 2 1 1 2856 4731 1498
4621 2 2 1 1 4191 5047 997
4622 2 2 1 1 392 5596 3254
4623 2 2 1 1 1189 4192 3517
4624 2 2 1 1 1304 3806 3248
4625 2 2 1 1 2685 5044 1587
4626 2 2 1 1 606 5597 2829
4627 2 2 1 1 2776 3398 1893
4628 2 2 1 1 2966 5363 1931
4629 2 2 1 1 3034 3476 1428
4630 2 2 1 1 923 4299 2473
4631 2 2 1 1 587 4260 2426
4632 2 2 1 1 588 5995 3555
4633 2 2 1 1 3868 4164 1777
4634 2 2 1 1 4299 4919 1974
4635 2 2 1 1 3152 3985 673
4636 2 2 1 1 3451 4119 543
4637 2 2 1 1 668 4481 3029
4638 2 2 1 1 1813 4491 3038
4639 2 2 1 1 3523 4497 1756
4640 2 2 1 1 2727 3119 1163
4641 2 2 1 1 1711 5068 2673
4642 2 2 1 1 2911 5171 1552
4643 2 2 1 1 3639 5923 743
4644 2 2 1 1 433 3754 3376
4645 2 2 1 1 2821 3599 1151
4646 2 2 1 1 3474 5907 1478
4647 2 2 1 1 1256 6108 2973
4648 2 2 1 1 5168 5246 1929
4649 2 2 1 1 268 5528 4607
4650 2 2 1 1 3284 4423 1248
4651 2 2 1 1 2293 6226 5111
4652 2 2 1 1 2531 5389 4719
4653 2 2 1 1 991 3303 2522
4654 2 2 1 1 538 4717 3031
4655 2 2 1 1 4869 5760 1817
4656 2 2 1 1 896 6797 2988
4657 2 2 1 1 1317 6398 3110
4658 2 2 1 1 2642 5335 887
4659 2 2 1 1 1037 6247 3192
4660 2 2 1 1 2867 3925 949
4661 2 2 1 1 394 4019 3459
4662 2 2 1 1 689 4775 3257
4663 2 2 1 1 871 5857 2740
4664 2 2 1 1 2996 3747 1545
4665 2 2 1 1 2581 6444 379
4666 2 2 1 1 4066 6301 975
4667 2 2 1 1 3887 6197 519
4668 2 2 1 1 1013 6854 2671
4669 2 2 1 1 1453 4259 3300
4670 2 2 1 1 2505 6014 991
4671 2 2 1 1 2701 6451 1159
4672 2 2 1 1 1049 6673 4465
4673 2 2 1 1 1143 3364 2899
4674 2 2 1 1 2550 4863 1298
4675 2 2 1 1 1803 5460 4038
4676 2 2 1 1 3088 6416 4499
4677 2 2 1 1 3977 5306 3040
4678 2 2 1 1 1703 3835 3063
4679 2 2 1 1 2554 4823 1150
4680 2 2 1 1 2777 6197 3887
4681 2 2 1 1 716 6847 2568
4682 2 2 1 1 2265 6570 5043
4683 2 2 1 1 2538 6781 2927
4684 2 2 1 1 4473 5089 327
4685 2 2 1 1 2356 6778 4748
4686 2 2 1 1 911 5902 2607
4687 2 2 1 1 4963 4992 1239
4688 2 2 1 1 2437 5853 4854
4689 2 2 1 1 757 4570 4386
4690 2 2 1 1 3996 4861 1266
4691 2 2 1 1 9 4018 8
4692 2 2 1 1 4452 6873 3043
4693 2 2 1 1 4856 5907 3474
4694 2 2 1 1 1286 6478 2984
4695 2 2 1 1 2760 3263 1163
4696 2 2 1 1 791 4363 2861
4697 2 2 1 1 405 3603 3359
4698 2 2 1 1 1029 4194 3299
4699 2 2 1 1 3545 4841 1057
4700 2 2 1 1 1744 3650 2610
4701 2 2 1 1 1344 6820 2704
4702 2 2 1 1 647 4494 3810
4703 2 2 1 1 3126 4762 1630
4704 2 2 1 1 1328 5518 5158
4705 2 2 1 1 727 4301 2980
4706 2 2 1 1 660 5671 2289
4707 2 2 1 1 5004 6198 2313
4708 2 2 1 1 965 6405 2796
4709 2 2 1 1 863 5510 3873
4710 2 2 1 1 4872 5947 3134
4711 2 2 1 1 3651 5030 1099
4712 2 2 1 1 1446 6472 3807
4713 2 2 1 1 989 4372 2809
4714 2 2 1 1 3476 5623 635
4715 2 2 1 1 3143 4108 1605
4716 2 2 1 1 4309 5821 1411
4717 2 2 1 1 752 6246 3096
4718 2 2 1 1 4711 5733 2600
4719 2 2 1 1 1104 3446 2875
4720 2 2 1 1 2817 3745 1077
4721 2 2 1 1 2891 4844 1601
4722 2 2 1 1 2692 5028 3085
4723 2 2 1 1 888 4654 2524
4724 2 2 1 1 1667 4203 2869
4725 2 2 1 1 2342 6638 2508
4726 2 2 1 1 3275 3867 1385
4727 2 2 1 1 3012 4735 2340
4728 2 2 1 1 347 3521 2825
4729 2 2 1 1 2435 6537 1620
4730 2 2 1 1 2548 6723 2197
4731 2 2 1 1 2675 6561 582
4732 2 2 1 1 2860 6576 384
4733 2 2 1 1 726 5639 2355
4734 2 2 1 1 2373 5209 3689
4735 2 2 1 1 3070 4769 680
4736 2 2 1 1 1917 4211 4033
4737 2 2 1 1 2980 4301 1611
4738 2 2 1 1 520 5092 2822
4739 2 2 1 1 2428 6116 3149
4740 2 2 1 1 2242 6432 3148
4741 2 2 1 1 3227 3984 2196
4742 2 2 1 1 3878 5889 1817
4743 2 2 1 1 1620 6281 4165
4744 2 2 1 1 4796 6892 3397
4745 2 2 1 1 749 3209 2751
4746 2 2 1 1 2452 4482 862
4747 2 2 1 1 1221 6298 2940
4748 2 2 1 1 2510 4044 1362
4749 2 2 1 1 1558 4151 2968
4750 2 2 1 1 1830 6045 3238
4751 2 2 1 1 2543 4112 529
4752 2 2 1 1 388 3783 2820
4753 2 2 1 1 3984 5129 2196
4754 2 2 1 1 1696 4032 3914
4755 2 2 1 1 3464 3635 598
4756 2 2 1 1 1990 5762 2518
4757 2 2 1 1 2644 4470 583
4758 2 2 1 1 2641 5679 588
4759 2 2 1 1 4181 5782 713
4760 2 2 1 1 2810 4605 1712
4761 2 2 1 1 3626 4263 1879
4762 2 2 1 1 3424 4164 544
4763 2 2 1 1 3000 6725 1023
4764 2 2 1 1 425 4104 3226
4765 2 2 1 1 2059 4923 4587
4766 2 2 1 1 805 6391 3103
4767 2 2 1 1 1047 5587 3032
4768 2 2 1 1 852 3857 3704
4769 2 2 1 1 3241 3781 613
4770 2 2 1 1 1126 4515 2594
4771 2 2 1 1 1961 5169 4411
4772 2 2 1 1 772 5922 2263
4773 2 2 1 1 2828 4468 1264
4774 2 2 1 1 2890 3769 1023
4775 2 2 1 1 2265 5412 2701
4776 2 2 1 1 4613 6185 3153
4777 2 2 1 1 1063 5505 2652
4778 2 2 1 1 2779 5566 1332
4779 2 2 1 1 616 4575 3414
4780 2 2 1 1 3943 5503 980
4781 2 2 1 1 2685 4447 605
4782 2 2 1 1 2428 6551 6116
4783 2 2 1 1 330 4671 2738
4784 2 2 1 1 385 3544 3413
4785 2 2 1 1 930 4680 2886
4786 2 2 1 1 3718 5519 1517
4787 2 2 1 1 2625 5876 1199
4788 2 2 1 1 1615 3932 3172
4789 2 2 1 1 671 4780 3122
4790 2 2 1 1 1918 3681 3022
4791 2 2 1 1 2596 3565 348
4792 2 2 1 1 3566 5287 374
4793 2 2 1 1 3324 4671 330
4794 2 2 1 1 3689 5209 1855
4795 2 2 1 1 3212 4493 2153
4796 2 2 1 1 649 4063 3626
4797 2 2 1 1 1835 5335 2642
4798 2 2 1 1 1416 5023 2845
4799 2 2 1 1 2363 4932 1309
4800 2 2 1 1 3289 5092 520
4801 2 2 1 1 1184 3942 3191
4802 2 2 1 1 476 6657 2921
4803 2 2 1 1 875 5971 5872
4804 2 2 1 1 2689 4575 616
4805 2 2 1 1 10 4665 2569
4806 2 2 1 1 3690 5455 1604
4807 2 2 1 1 3248 3404 1304
4808 2 2 1 1 1620 4845 3022
4809 2 2 1 1 2497 4625 1337
4810 2 2 1 1 3152 5826 3985
4811 2 2 1 1 83 3079 82
4812 2 2 1 1 2105 6802 3568
4813 2 2 1 1 2867 5705 1258
4814 2 2 1 1 1192 5991 3277
4815 2 2 1 1 1220 3818 3480
4816 2 2 1 1 1010 4837 2553
4817 2 2 1 1 1077 3937 3374
4818 2 2 1 1 3496 3665 638
4819 2 2 1 1 2254 5479 4236
4820 2 2 1 1 1335 3691 2733
4821 2 2 1 1 3267 5894 2007
4822 2 2 1 1 3793 6371 1251
4823 2 2 1 1 1579 5403 2860
4824 2 2 1 1 3459 3744 1344
4825 2 2 1 1 3009 5100 596
4826 2 2 1 1 5539 5736 1184
4827 2 2 1 1 1117 5732 3311
4828 2 2 1 1 2911 3250 1022
4829 2 2 1 1 3740 4793 2027
4830 2 2 1 1 3255 6569 5037
4831 2 2 1 1 2568 3713 1043
4832 2 2 1 1 680 4769 3214
4833 2 2 1 1 1628 5230 2903
4834 2 2 1 1 490 4246 2481
4835 2 2 1 1 3431 5065 1272
4836 2 2 1 1 3340 5833 663
4837 2 2 1 1 3158 4500 567
4838 2 2 1 1 2569 4018 9
4839 2 2 1 1 1482 4102 3048
4840 2 2 1 1 1387 4592 3592
4841 2 2 1 1 3362 4069 1923
4842 2 2 1 1 2587 5303 3372
4843 2 2 1 1 3497 5169 1540
4844 2 2 1 1 204 3422 203
4845 2 2 1 1 4990 5449 1706
4846 2 2 1 1 3886 4416 1692
4847 2 2 1 1 3804 4424 1519
4848 2 2 1 1 2676 6142 1434
4849 2 2 1 1 3002 5478 867
4850 2 2 1 1 1232 4535 2461
4851 2 2 1 1 2767 3213 1036
4852 2 2 1 1 3335 3547 1164
4853 2 2 1 1 572 6165 3538
4854 2 2 1 1 4024 4312 600
4855 2 2 1 1 2636 5398 1305
4856 2 2 1 1 760 4862 2745
4857 2 2 1 1 1297 4283 2409
4858 2 2 1 1 5296 5635 1016
4859 2 2 1 1 440 5424 2937
4860 2 2 1 1 1322 3656 3555
4861 2 2 1 1 1116 4463 2773
4862 2 2 1 1 4033 4211 1335
4863 2 2 1 1 2800 6313 1951
4864 2 2 1 1 1472 6650 2958
4865 2 2 1 1 915 4252 2786
4866 2 2 1 1 3145 5250 601
4867 2 2 1 1 974 4855 4060
4868 2 2 1 1 416 5385 3010
4869 2 2 1 1 2090 6203 2645
4870 2 2 1 1 659 5038 3755
4871 2 2 1 1 3745 6506 2154
4872 2 2 1 1 1521 5444 2585
4873 2 2 1 1 2541 6001 1670
4874 2 2 1 1 2315 3763 855
4875 2 2 1 1 4185 5560 1340
4876 2 2 1 1 847 5044 2685
4877 2 2 1 1 4319 5012 1500
4878 2 2 1 1 1178 3977 3040
4879 2 2 1 1 2463 5851 550
4880 2 2 1 1 2477 3688 1456
4881 2 2 1 1 2371 5859 2932
4882 2 2 1 1 2718 4528 1226
4883 2 2 1 1 1668 5250 3145
4884 2 2 1 1 4597 5718 3659
4885 2 2 1 1 2478 4412 1070
4886 2 2 1 1 2938 4574 595
4887 2 2 1 1 1273 4009 3371
4888 2 2 1 1 1366 6678 4749
4889 2 2 1 1 4478 5593 913
4890 2 2 1 1 1191 4597 3659
4891 2 2 1 1 2724 6161 1802
4892 2 2 1 1 4131 4712 1674
4893 2 2 1 1 3410 5702 902
4894 2 2 1 1 4312 6604 2541
4895 2 2 1 1 3961 3970 1255
4896 2 2 1 1 2804 4159 1248
4897 2 2 1 1 1259 4518 2316
4898 2 2 1 1 2561 4356 830
4899 2 2 1 1 5111 6250 1404
4900 2 2 1 1 2646 6133 1270
4901 2 2 1 1 1235 5995 2532
4902 2 2 1 1 2948 5691 2607
4903 2 2 1 1 827 6655 5077
4904 2 2 1 1 1137 4432 3204
4905 2 2 1 1 2460 3237 1091
4906 2 2 1 1 3276 6119 555
4907 2 2 1 1 2354 4884 1628
4908 2 2 1 1 1392 4440 2559
4909 2 2 1 1 4404 5431 1283
4910 2 2 1 1 2637 4503 1127
4911 2 2 1 1 2662 4701 25
4912 2 2 1 1 2793 4218 878
4913 2 2 1 1 1157 4303 3096
4914 2 2 1 1 2978 6339 1966
4915 2 2 1 1 1612 4743 3707
4916 2 2 1 1 2721 3135 1235
4917 2 2 1 1 3185 5592 4808
4918 2 2 1 1 3156 5697 2294
4919 2 2 1 1 2623 5247 1289
4920 2 2 1 1 2394 5304 780
4921 2 2 1 1 4674 5896 831
4922 2 2 1 1 4346 5365 1808
4923 2 2 1 1 1922 4306 2787
4924 2 2 1 1 2274 6865 6677
4925 2 2 1 1 2613 3837 763
4926 2 2 1 1 3468 4553 1729
4927 2 2 1 1 1144 6684 2489
4928 2 2 1 1 3075 5447 868
4929 2 2 1 1 3711 4208 1915
4930 2 2 1 1 3098 6143 172
4931 2 2 1 1 2075 6606 4790
4932 2 2 1 1 3613 5229 708
4933 2 2 1 1 2976 4936 892
4934 2 2 1 1 3613 5052 2854
4935 2 2 1 1 2663 4211 933
4936 2 2 1 1 1419 6531 4395
4937 2 2 1 1 747 4418 2998
4938 2 2 1 1 864 4110 2444
4939 2 2 1 1 186 4878 2990
4940 2 2 1 1 3629 5239 1258
4941 2 2 1 1 1479 4053 2491
4942 2 2 1 1 3301 4076 1342
4943 2 2 1 1 3112 5745 940
4944 2 2 1 1 3064 3432 1350
4945 2 2 1 1 1171 3970 2563
4946 2 2 1 1 3421 3532 1379
4947 2 2 1 1 2736 4493 401
4948 2 2 1 1 3308 4229 1373
4949 2 2 1 1 3701 5682 731
4950 2 2 1 1 1380 3652 3295
4951 2 2 1 1 2719 4695 1012
4952 2 2 1 1 3465 3520 334
4953 2 2 1 1 1996 5083 3901
4954 2 2 1 1 3437 4633 1992
4955 2 2 1 1 2977 6475 511
4956 2 2 1 1 3968 5247 396
4957 2 2 1 1 5450 6182 1722
4958 2 2 1 1 1447 4642 4361
4959 2 2 1 1 1417 3547 3335
4960 2 2 1 1 434 6459 2893
4961 2 2 1 1 1967 3804 3118
4962 2 2 1 1 774 4262 3661
4963 2 2 1 1 2704 6193 1251
4964 2 2 1 1 1783 5937 3319
4965 2 2 1 1 4414 5426 1592
4966 2 2 1 1 3474 3870 1766
4967 2 2 1 1 566 6333 2847
4968 2 2 1 1 1414 5453 2421
4969 2 2 1 1 3013 6436 723
4970 2 2 1 1 4328 5520 2517
4971 2 2 1 1 2872 4704 1496
4972 2 2 1 1 3277 5991 3918
4973 2 2 1 1 3791 5533 1984
4974 2 2 1 1 1828 4844 3262
4975 2 2 1 1 3088 6158 2062
4976 2 2 1 1 4806 5982 1271
4977 2 2 1 1 3881 4088 2000
4978 2 2 1 1 3633 5953 1996
4979 2 2 1 1 1872 3597 3260
4980 2 2 1 1 2485 5109 1836
4981 2 2 1 1 1567 4712 4131
4982 2 2 1 1 3592 4592 1755
4983 2 2 1 1 2278 4527 3945
4984 2 2 1 1 876 3820 2641
4985 2 2 1 1 1689 4841 3545
4986 2 2 1 1 546 5539 3344
4987 2 2 1 1 2691 3472 1897
4988 2 2 1 1 1449 5458 3056
4989 2 2 1 1 3667 4924 420
4990 2 2 1 1 2315 6009 1139
4991 2 2 1 1 4483 6481 2144
4992 2 2 1 1 3127 4010 1209
4993 2 2 1 1 3081 3178 1219
4994 2 2 1 1 2741 3782 1433
4995 2 2 1 1 2546 4939 652
4996 2 2 1 1 1337 4452 3043
4997 2 2 1 1 3301 3716 569
4998 2 2 1 1 4702 6390 3142
4999 2 2 1 1 4386 4570 2336
5000 2 2 1 1 1206 3537 3078
5001 2 2 1 1 334 3520 3387
5002 2 2 1 1 2523 3934 1087
5003 2 2 1 1 4128 6335 2484
5004 2 2 1 1 2573 4494 647
5005 2 2 1 1 501 4046 2495
5006 2 2 1 1 4591 5992 854
5007 2 2 1 1 2865 6261 4638
5008 2 2 1 1 2000 4471 2756
5009 2 2 1 1 1437 5311 4252
5010 2 2 1 1 2760 4762 627
5011 2 2 1 1 1015 4240 2816
5012 2 2 1 1 4987 5542 2342
5013 2 2 1 1 1973 4420 3350
5014 2 2 1 1 4319 5674 415
5015 2 2 1 1 2738 3978 330
5016 2 2 1 1 1380 4716 3391
5017 2 2 1 1 4446 5554 2331
5018 2 2 1 1 2911 3333 623
5019 2 2 1 1 521 5082 3292
5020 2 2 1 1 593 4129 2680
5021 2 2 1 1 1688 4408 3211
5022 2 2 1 1 1406 5437 2542
5023 2 2 1 1 3173 3706 1451
5024 2 2 1 1 2520 5810 1329
5025 2 2 1 1 3010 5784 3597
5026 2 2 1 1 1386 3520 3465
5027 2 2 1 1 3898 6585 1328
5028 2 2 1 1 514 6317 2947
5029 2 2 1 1 410 3135 2721
5030 2 2 1 1 697 4876 2772
5031 2 2 1 1 2338 3785 820
5032 2 2 1 1 2670 6104 1243
5033 2 2 1 1 2553 4321 1403
5034 2 2 1 1 1890 6277 4215
5035 2 2 1 1 3591 6838 2425
5036 2 2 1 1 560 3237 2460
5037 2 2 1 1 3417 6221 435
5038 2 2 1 1 2224 5481 2913
5039 2 2 1 1 4265 5461 2180
5040 2 2 1 1 610 4715 2505
5041 2 2 1 1 2394 5331 424
5042 2 2 1 1 3360 3448 1292
5043 2 2 1 1 3938 5610 1889
5044 2 2 1 1 857 4395 2582
5045 2 2 1 1 3436 4828 393
5046 2 2 1 1 644 5045 4966
5047 2 2 1 1 2535 5436 3111
5048 2 2 1 1 5693 5715 815
5049 2 2 1 1 2576 5550 904
5050 2 2 1 1 1825 4089 3318
5051 2 2 1 1 607 6472 3047
5052 2 2 1 1 3018 4295 1050
5053 2 2 1 1 2454 5280 1069
5054 2 2 1 1 311 3466 310
5055 2 2 1 1 2532 4151 576
5056 2 2 1 1 3699 5881 1678
5057 2 2 1 1 2681 4705 692
5058 2 2 1 1 2239 4338 2409
5059 2 2 1 1 1486 3876 2622
5060 2 2 1 1 2135 6592 3741
5061 2 2 1 1 1908 4379 3207
5062 2 2 1 1 3536 4274 849
5063 2 2 1 1 3168 5062 1945
5064 2 2 1 1 2746 4843 1460
5065 2 2 1 1 1843 6701 3893
5066 2 2 1 1 495 3518 3025
5067 2 2 1 1 2584 5517 827
5068 2 2 1 1 662 4436 3230
5069 2 2 1 1 1873 6589 4773
5070 2 2 1 1 1034 3774 3004
5071 2 2 1 1 3670 5374 2114
5072 2 2 1 1 2001 4626 3977
5073 2 2 1 1 1848 4429 3244
5074 2 2 1 1 1953 6860 6552
5075 2 2 1 1 1197 4085 2491
5076 2 2 1 1 3342 3788 1986
5077 2 2 1 1 3066 3972 1035
5078 2 2 1 1 3138 4431 1684
5079 2 2 1 1 1947 4372 2833
5080 2 2 1 1 4073 6885 2014
5081 2 2 1 1 2318 6499 6458
5082 2 2 1 1 793 6882 4139
5083 2 2 1 1 3755 5454 659
5084 2 2 1 1 174 5432 2577
5085 2 2 1 1 1250 4613 3153
5086 2 2 1 1 2787 4306 585
5087 2 2 1 1 1081 6375 2619
5088 2 2 1 1 2193 4013 3254
5089 2 2 1 1 3038 6461 837
5090 2 2 1 1 713 5782 3019
5091 2 2 1 1 3735 6488 542
5092 2 2 1 1 617 6435 6085
5093 2 2 1 1 3414 4575 1899
5094 2 2 1 1 3158 5299 1940
5095 2 2 1 1 3285 4814 1897
5096 2 2 1 1 904 6469 2644
5097 2 2 1 1 1786 3625 3214
5098 2 2 1 1 2734 4686 961
5099 2 2 1 1 738 4695 2719
5100 2 2 1 1 3869 4876 697
5101 2 2 1 1 5076 6058 2910
5102 2 2 1 1 4481 5663 1854
5103 2 2 1 1 1174 5207 3559
5104 2 2 1 1 1691 5208 4239
5105 2 2 1 1 652 6602 2546
5106 2 2 1 1 3169 6273 2553
5107 2 2 1 1 48 3470 47
5108 2 2 1 1 2615 6916 2540
5109 2 2 1 1 2415 6726 541
5110 2 2 1 1 3187 5010 1062
5111 2 2 1 1 2165 5047 4191
5112 2 2 1 1 293 5263 2525
5113 2 2 1 1 1007 4739 2754
5114 2 2 1 1 1379 4490 4290
5115 2 2 1 1 1320 3479 3184
5116 2 2 1 1 988 6507 2827
5117 2 2 1 1 2655 4907 3071
5118 2 2 1 1 173 5692 3098
5119 2 2 1 1 567 5299 3158
5120 2 2 1 1 2901 3528 916
5121 2 2 1 1 583 4470 3258
5122 2 2 1 1 887 6038 2642
5123 2 2 1 1 2619 3911 1081
5124 2 2 1 1 3558 5995 588
5125 2 2 1 1 2740 6354 871
5126 2 2 1 1 648 3747 2652
5127 2 2 1 1 1545 4310 3507
5128 2 2 1 1 3641 3927 716
5129 2 2 1 1 1743 4228 4097
5130 2 2 1 1 2665 5833 1522
5131 2 2 1 1 3389 3634 1480
5132 2 2 1 1 3187 6761 4466
5133 2 2 1 1 2811 6558 5185
5134 2 2 1 1 4512 5033 1491
5135 2 2 1 1 568 6250 3797
5136 2 2 1 1 4268 5696 381
5137 2 2 1 1 5908 6118 1646
5138 2 2 1 1 594 4475 2888
5139 2 2 1 1 2571 5196 898
5140 2 2 1 1 785 5084 3217
5141 2 2 1 1 876 6329 5039
5142 2 2 1 1 2333 4918 2998
5143 2 2 1 1 1024 5627 2486
5144 2 2 1 1 3616 5209 2373
5145 2 2 1 1 746 5959 2851
5146 2 2 1 1 2158 5324 2820
5147 2 2 1 1 2288 5380 827
5148 2 2 1 1 1714 6643 3581
5149 2 2 1 1 2781 4531 2070
5150 2 2 1 1 4188 4916 1805
5151 2 2 1 1 2162 6759 3971
5152 2 2 1 1 3336 6855 4105
5153 2 2 1 1 1596 5377 2953
5154 2 2 1 1 5491 5958 491
5155 2 2 1 1 3080 4029 1098
5156 2 2 1 1 1300 6711 4011
5157 2 2 1 1 3448 4229 1292
5158 2 2 1 1 1909 3208 3197
5159 2 2 1 1 3471 6044 2647
5160 2 2 1 1 2456 6204 783
5161 2 2 1 1 403 4528 2718
5162 2 2 1 1 2630 6108 1256
5163 2 2 1 1 3259 4644 577
5164 2 2 1 1 3739 5851 1276
5165 2 2 1 1 3334 4314 2244
5166 2 2 1 1 1471 4596 3586
5167 2 2 1 1 2004 5332 3683
5168 2 2 1 1 3058 5558 1898
5169 2 2 1 1 2785 4648 471
5170 2 2 1 1 2447 5510 863
5171 2 2 1 1 2797 4865 717
5172 2 2 1 1 1541 5031 3129
5173 2 2 1 1 644 4966 2882
5174 2 2 1 1 451 4733 3056
5175 2 2 1 1 2997 4109 1559
5176 2 2 1 1 4877 6056 2076
5177 2 2 1 1 1266 3733 2842
5178 2 2 1 1 1014 6826 2895
5179 2 2 1 1 1387 5727 5690
5180 2 2 1 1 4861 5615 1807
5181 2 2 1 1 485 6552 5386
5182 2 2 1 1 1402 3635 3464
5183 2 2 1 1 988 5046 2964
5184 2 2 1 1 1763 6186 3299
5185 2 2 1 1 3697 4318 1800
5186 2 2 1 1 2149 6735 3069
5187 2 2 1 1 3066 4544 1196
5188 2 2 1 1 3857 5523 1726
5189 2 2 1 1 3761 5747 1198
5190 2 2 1 1 432 6398 3216
5191 2 2 1 1 303 5961 3095
5192 2 2 1 1 305 3698 304
5193 2 2 1 1 1622 4633 3437
5194 2 2 1 1 58 3272 57
5195 2 2 1 1 2390 6681 3810
5196 2 2 1 1 1072 6327 2709
5197 2 2 1 1 3232 5470 5171
5198 2 2 1 1 3736 6455 1930
5199 2 2 1 1 1199 4308 2434
5200 2 2 1 1 2979 3872 497
5201 2 2 1 1 183 5673 3200
5202 2 2 1 1 4093 5069 1287
5203 2 2 1 1 890 5105 3175
5204 2 2 1 1 1247 4730 2539
5205 2 2 1 1 3814 6133 3559
5206 2 2 1 1 3266 3979 1035
5207 2 2 1 1 2755 4150 93
5208 2 2 1 1 2367 5593 4478
5209 2 2 1 1 2558 4774 1087
5210 2 2 1 1 629 3814 3559
5211 2 2 1 1 1962 6400 3230
5212 2 2 1 1 2376 6563 3286
5213 2 2 1 1 1170 3692 2557
5214 2 2 1 1 1661 4787 3154
5215 2 2 1 1 2213 4942 4737
5216 2 2 1 1 4173 4232 1468
5217 2 2 1 1 1172 6368 2919
5218 2 2 1 1 2870 5137 1399
5219 2 2 1 1 1595 4116 3590
5220 2 2 1 1 1557 5404 2947
5221 2 2 1 1 1131 6645 2360
5222 2 2 1 1 5197 5542 604
5223 2 2 1 1 2746 6245 829
5224 2 2 1 1 2427 6811 906
5225 2 2 1 1 4037 4488 768
5226 2 2 1 1 972 4121 2825
5227 2 2 1 1 3262 4270 1669
5228 2 2 1 1 2426 5730 3692
5229 2 2 1 1 3069 6735 973
5230 2 2 1 1 1181 6117 2466
5231 2 2 1 1 1047 4704 2872
5232 2 2 1 1 3737 3847 1028
5233 2 2 1 1 4038 4317 353
5234 2 2 1 1 2495 5320 501
5235 2 2 1 1 1523 4874 2576
5236 2 2 1 1 4514 5943 2801
5237 2 2 1 1 2910 6058 929
5238 2 2 1 1 4416 4760 1692
5239 2 2 1 1 3136 3895 1283
5240 2 2 1 1 4235 6355 2219
5241 2 2 1 1 2558 3934 620
5242 2 2 1 1 5747 6369 1198
5243 2 2 1 1 1191 3813 3180
5244 2 2 1 1 2546 5837 1311
5245 2 2 1 1 4309 6722 2181
5246 2 2 1 1 2316 3839 1245
5247 2 2 1 1 5007 5440 636
5248 2 2 1 1 750 5272 4213
5249 2 2 1 1 5691 6561 2675
5250 2 2 1 1 3159 5147 522
5251 2 2 1 1 3126 6683 1374
5252 2 2 1 1 4142 4559 885
5253 2 2 1 1 3833 5697 2707
5254 2 2 1 1 576 3432 3064
5255 2 2 1 1 4071 6251 744
5256 2 2 1 1 1107 4622 3073
5257 2 2 1 1 2674 6645 1131
5258 2 2 1 1 3312 5922 1542
5259 2 2 1 1 1278 3801 3753
5260 2 2 1 1 2032 4312 4024
5261 2 2 1 1 4395 6531 2582
5262 2 2 1 1 1068 6529 2419
5263 2 2 1 1 1109 5173 3290
5264 2 2 1 1 818 6623 5417
5265 2 2 1 1 2847 6333 1937
5266 2 2 1 1 1204 6598 2597
5267 2 2 1 1 4093 4676 599
5268 2 2 1 1 635 3618 3243
5269 2 2 1 1 2638 6221 1163
5270 2 2 1 1 1504 6053 2505
5271 2 2 1 1 3844 5870 2779
5272 2 2 1 1 4402 5572 2684
5273 2 2 1 1 3238 6045 1030
5274 2 2 1 1 1534 4057 2889
5275 2 2 1 1 4020 4086 1328
5276 2 2 1 1 412 5300 2634
5277 2 2 1 1 393 4828 3607
5278 2 2 1 1 1492 5988 3255
5279 2 2 1 1 2325 5640 3683
5280 2 2 1 1 2882 4966 1295
5281 2 2 1 1 4030 4532 643
5282 2 2 1 1 4966 5045 2158
5283 2 2 1 1 650 3634 3389
5284 2 2 1 1 5590 6256 2057
5285 2 2 1 1 2695 5593 1583
5286 2 2 1 1 2940 4780 671
5287 2 2 1 1 897 4276 2334
5288 2 2 1 1 544 3700 3046
5289 2 2 1 1 2988 4164 1359
5290 2 2 1 1 3094 5937 1783
5291 2 2 1 1 2812 3575 147
5292 2 2 1 1 3409 4138 1533
5293 2 2 1 1 1635 4531 2781
5294 2 2 1 1 2892 4698 1202
5295 2 2 1 1 3122 4780 1658
5296 2 2 1 1 3999 4797 1232
5297 2 2 1 1 781 4596 3372
5298 2 2 1 1 539 4693 3000
5299 2 2 1 1 2649 4370 160
5300 2 2 1 1 1335 4211 2663
5301 2 2 1 1 1751 4750 3767
5302 2 2 1 1 3548 4005 1478
5303 2 2 1 1 3544 3688 1115
5304 2 2 1 1 3973 4435 860
5305 2 2 1 1 2225 4217 3457
5306 2 2 1 1 384 3654 2860
5307 2 2 1 1 54 3860 53
5308 2 2 1 1 1326 4692 2530
5309 2 2 1 1 1167 6569 3255
5310 2 2 1 1 361 5840 3577
5311 2 2 1 1 1930 6455 5748
5312 2 2 1 1 933 4535 2663
5313 2 2 1 1 3905 4677 1838
5314 2 2 1 1 2975 5662 1130
5315 2 2 1 1 1080 6900 2443
5316 2 2 1 1 2692 5104 1726
5317 2 2 1 1 569 6558 2811
5318 2 2 1 1 506 3931 2396
5319 2 2 1 1 1880 4720 3922
5320 2 2 1 1 1245 4322 2316
5321 2 2 1 1 2776 3655 561
5322 2 2 1 1 1729 5685 3468
5323 2 2 1 1 3266 6259 3979
5324 2 2 1 1 3161 4826 743
5325 2 2 1 1 3506 6029 1009
5326 2 2 1 1 1961 4411 2764
5327 2 2 1 1 3776 5794 1458
5328 2 2 1 1 2947 5174 1312
5329 2 2 1 1 1865 4878 3527
5330 2 2 1 1 3242 6584 5143
5331 2 2 1 1 3432 4151 1558
5332 2 2 1 1 1853 6140 2851
5333 2 2 1 1 1465 6123 3198
5334 2 2 1 1 2523 5759 1193
5335 2 2 1 1 322 3576 321
5336 2 2 1 1 3460 3807 1424
5337 2 2 1 1 231 4343 2628
5338 2 2 1 1 3036 6598 1204
5339 2 2 1 1 4075 5148 810
5340 2 2 1 1 6244 6285 2407
5341 2 2 1 1 949 3925 2815
5342 2 2 1 1 3422 6349 1086
5343 2 2 1 1 656 6601 3319
5344 2 2 1 1 3379 3719 1255
5345 2 2 1 1 1379 4290 3421
5346 2 2 1 1 2905 4097 1399
5347 2 2 1 1 1506 4077 2922
5348 2 2 1 1 402 4697 3353
5349 2 2 1 1 2188 4574 2938
5350 2 2 1 1 2722 3512 579
5351 2 2 1 1 3588 6879 2047
5352 2 2 1 1 1337 4625 3406
5353 2 2 1 1 1265 4300 2698
5354 2 2 1 1 2701 6570 2265
5355 2 2 1 1 3539 4685 2025
5356 2 2 1 1 3451 5797 1243
5357 2 2 1 1 333 4149 2957
5358 2 2 1 1 1032 6240 2849
5359 2 2 1 1 430 6372 2580
5360 2 2 1 1 3315 3969 389
5361 2 2 1 1 4109 6378 1559
5362 2 2 1 1 3764 6103 2215
5363 2 2 1 1 3221 3508 1465
5364 2 2 1 1 1094 3525 3252
5365 2 2 1 1 1408 4294 2957
5366 2 2 1 1 3484 4925 2140
5367 2 2 1 1 2847 3767 1326
5368 2 2 1 1 2742 6679 494
5369 2 2 1 1 3314 4868 1609
5370 2 2 1 1 3685 4149 1718
5371 2 2 1 1 3974 6260 1269
5372 2 2 1 1 2711 5735 1129
5373 2 2 1 1 2777 6489 1407
5374 2 2 1 1 2617 5399 1202
5375 2 2 1 1 2811 5185 866
5376 2 2 1 1 1458 4023 3776
5377 2 2 1 1 2627 4391 1495
5378 2 2 1 1 542 6937 6179
5379 2 2 1 1 3096 5261 752
5380 2 2 1 1 3385 6137 1865
5381 2 2 1 1 3587 4806 1271
5382 2 2 1 1 2910 5801 43
5383 2 2 1 1 3183 5537 214
5384 2 2 1 1 1523 5117 2644
5385 2 2 1 1 3109 4314 664
5386 2 2 1 1 3736 6652 3240
5387 2 2 1 1 1499 4218 2793
5388 2 2 1 1 1672 5489 5234
5389 2 2 1 1 3401 6062 1173
5390 2 2 1 1 1151 3684 2884
5391 2 2 1 1 2988 6797 2490
5392 2 2 1 1 2829 5597 1481
5393 2 2 1 1 2753 5635 5296
5394 2 2 1 1 4122 5588 1501
5395 2 2 1 1 3358 5472 2385
5396 2 2 1 1 2487 4931 1001
5397 2 2 1 1 1162 4208 3711
5398 2 2 1 1 3966 6667 2275
5399 2 2 1 1 4332 6924 2201
5400 2 2 1 1 3661 4262 1700
5401 2 2 1 1 3776 4023 1304
5402 2 2 1 1 3123 4183 1438
5403 2 2 1 1 4007 4008 1367
5404 2 2 1 1 855 5783 2315
5405 2 2 1 1 2498 4753 1363
5406 2 2 1 1 1408 3685 3684
5407 2 2 1 1 2782 5268 845
5408 2 2 1 1 3340 5877 1819
5409 2 2 1 1 3183 5860 1197
5410 2 2 1 1 2644 5117 904
5411 2 2 1 1 2742 5134 3328
5412 2 2 1 1 3899 6894 2618
5413 2 2 1 1 3611 6517 2878
5414 2 2 1 1 2832 3529 1147
5415 2 2 1 1 2673 4958 1711
5416 2 2 1 1 4098 6111 2237
5417 2 2 1 1 2030 4948 4074
5418 2 2 1 1 2687 5287 3566
5419 2 2 1 1 4234 4543 772
5420 2 2 1 1 3015 3719 1148
5421 2 2 1 1 2307 4328 3101
5422 2 2 1 1 1068 6669 4734
5423 2 2 1 1 3874 4418 1883
5424 2 2 1 1 2669 4128 1182
5425 2 2 1 1 3144 6201 2168
5426 2 2 1 1 2963 3317 777
5427 2 2 1 1 1439 6794 4351
5428 2 2 1 1 1161 5267 2372
5429 2 2 1 1 2730 3733 1266
5430 2 2 1 1 851 6001 2541
5431 2 2 1 1 1564 3744 3459
5432 2 2 1 1 452 4793 3740
5433 2 2 1 1 1323 3889 3045
5434 2 2 1 1 514 6430 2899
5435 2 2 1 1 1305 6085 2636
5436 2 2 1 1 1706 5449 4419
5437 2 2 1 1 3185 4808 1165
5438 2 2 1 1 2412 4036 1078
5439 2 2 1 1 3529 5270 1147
5440 2 2 1 1 531 4374 2643
5441 2 2 1 1 1033 5438 2618
5442 2 2 1 1 987 6596 2687
5443 2 2 1 1 4269 6467 1944
5444 2 2 1 1 1022 5892 2911
5445 2 2 1 1 5229 6256 708
5446 2 2 1 1 1034 6848 2904
5447 2 2 1 1 3012 4757 829
5448 2 2 1 1 2118 4519 3596
5449 2 2 1 1 3050 4818 973
5450 2 2 1 1 2861 4956 1753
5451 2 2 1 1 3945 4527 1375
5452 2 2 1 1 2555 6704 1826
5453 2 2 1 1 3674 3856 381
5454 2 2 1 1 3892 3907 741
5455 2 2 1 1 818 5417 4516
5456 2 2 1 1 1423 5087 2812
5457 2 2 1 1 4171 5639 726
5458 2 2 1 1 329 3244 2966
5459 2 2 1 1 3174 3423 1108
5460 2 2 1 1 5773 6180 2670
5461 2 2 1 1 557 4029 3080
5462 2 2 1 1 1221 6504 6298
5463 2 2 1 1 2594 4515 468
5464 2 2 1 1 2602 5155 5148
5465 2 2 1 1 391 3736 3240
5466 2 2 1 1 929 6058 3161
5467 2 2 1 1 3111 5436 2011
5468 2 2 1 1 3313 6112 1099
5469 2 2 1 1 1830 5604 2966
5470 2 2 1 1 1082 6597 2941
5471 2 2 1 1 2616 5206 546
5472 2 2 1 1 1450 4063 4062
5473 2 2 1 1 4213 5272 1961
5474 2 2 1 1 3016 5823 2046
5475 2 2 1 1 5417 6623 2958
5476 2 2 1 1 2316 4322 774
5477 2 2 1 1 723 5203 3013
5478 2 2 1 1 1599 4671 3324
5479 2 2 1 1 2937 5886 1220
5480 2 2 1 1 1491 5071 4000
5481 2 2 1 1 3811 6782 2208
5482 2 2 1 1 2543 5393 4112
5483 2 2 1 1 2652 6164 648
5484 2 2 1 1 620 3934 3554
5485 2 2 1 1 1867 5447 3075
5486 2 2 1 1 971 5935 3125
5487 2 2 1 1 2073 4888 3011
5488 2 2 1 1 1107 6510 4622
5489 2 2 1 1 70 3229 69
5490 2 2 1 1 4111 6406 144
5491 2 2 1 1 3286 4327 1042
5492 2 2 1 1 3118 6387 1967
5493 2 2 1 1 4222 6821 1004
5494 2 2 1 1 3380 6345 1954
5495 2 2 1 1 1354 3655 3250
5496 2 2 1 1 2937 3480 440
5497 2 2 1 1 3792 4914 286
5498 2 2 1 1 2638 3600 435
5499 2 2 1 1 2743 4154 328
5500 2 2 1 1 3860 5746 53
5501 2 2 1 1 1299 4499 2983
5502 2 2 1 1 586 5864 3024
5503 2 2 1 1 1057 3788 3342
5504 2 2 1 1 2966 6045 1830
5505 2 2 1 1 3243 3618 1485
5506 2 2 1 1 1678 5238 4829
5507 2 2 1 1 692 6341 2681
5508 2 2 1 1 2958 4644 1554
5509 2 2 1 1 4044 6311 2392
5510 2 2 1 1 1466 5424 2749
5511 2 2 1 1 454 4890 2686
5512 2 2 1 1 200 3395 199
5513 2 2 1 1 181 3999 180
5514 2 2 1 1 1186 4359 2525
5515 2 2 1 1 3387 3520 1505
5516 2 2 1 1 5207 5863 2017
5517 2 2 1 1 5269 6157 2094
5518 2 2 1 1 428 4860 3034
5519 2 2 1 1 2332 6906 3403
5520 2 2 1 1 1095 5209 3616
5521 2 2 1 1 3386 4963 1239
5522 2 2 1 1 3561 3645 451
5523 2 2 1 1 5428 6895 2645
5524 2 2 1 1 2921 6657 2192
5525 2 2 1 1 1012 4810 2719
5526 2 2 1 1 1352 4924 2635
5527 2 2 1 1 4424 4954 1519
5528 2 2 1 1 1160 5710 2603
5529 2 2 1 1 2477 6354 6333
5530 2 2 1 1 2780 5080 450
5531 2 2 1 1 298 3435 297
5532 2 2 1 1 1905 5222 3024
5533 2 2 1 1 2942 6055 1026
5534 2 2 1 1 934 3767 2847
5535 2 2 1 1 2591 6020 2768
5536 2 2 1 1 1309 5217 4859
5537 2 2 1 1 1196 4544 4371
5538 2 2 1 1 1418 3855 3043
5539 2 2 1 1 2748 3861 1253
5540 2 2 1 1 2524 4670 1861
5541 2 2 1 1 3360 5197 604
5542 2 2 1 1 411 4296 3821
5543 2 2 1 1 3439 6777 1135
5544 2 2 1 1 1309 4277 2363
5545 2 2 1 1 352 6340 4364
5546 2 2 1 1 3127 3987 319
5547 2 2 1 1 2355 5639 1249
5548 2 2 1 1 2900 5845 565
5549 2 2 1 1 1064 4608 2839
5550 2 2 1 1 4465 6673 2358
5551 2 2 1 1 3153 3693 1250
5552 2 2 1 1 262 3941 2588
5553 2 2 1 1 3579 3809 1382
5554 2 2 1 1 1258 4549 3466
5555 2 2 1 1 1282 3866 2894
5556 2 2 1 1 2772 5230 1628
5557 2 2 1 1 2654 4909 682
5558 2 2 1 1 1859 5574 2863
5559 2 2 1 1 4803 4860 428
5560 2 2 1 1 3701 4473 1237
5561 2 2 1 1 2273 6739 5515
5562 2 2 1 1 1359 4164 3868
5563 2 2 1 1 1906 4060 3499
5564 2 2 1 1 2751 4509 749
5565 2 2 1 1 2816 5213 3341
5566 2 2 1 1 110 4325 2597
5567 2 2 1 1 1356 4570 2627
5568 2 2 1 1 1345 6604 4312
5569 2 2 1 1 4330 6321 1661
5570 2 2 1 1 3040 4491 1178
5571 2 2 1 1 1077 4710 2817
5572 2 2 1 1 1775 6055 2942
5573 2 2 1 1 3928 4623 1530
5574 2 2 1 1 1266 3644 2730
5575 2 2 1 1 4163 4981 2512
5576 2 2 1 1 1323 6320 4482
5577 2 2 1 1 213 5537 3099
5578 2 2 1 1 1742 6305 2821
5579 2 2 1 1 1308 4046 2857
5580 2 2 1 1 2578 5425 3702
5581 2 2 1 1 2155 6182 5450
5582 2 2 1 1 4743 6060 3707
5583 2 2 1 1 1800 4939 3603
5584 2 2 1 1 4413 6911 675
5585 2 2 1 1 2511 4210 1056
5586 2 2 1 1 1622 5495 2717
5587 2 2 1 1 563 4917 2664
5588 2 2 1 1 2782 4671 1599
5589 2 2 1 1 4898 5677 561
5590 2 2 1 1 1640 6419 2748
5591 2 2 1 1 2564 6377 999
5592 2 2 1 1 1874 5343 3180
5593 2 2 1 1 570 4088 3881
5594 2 2 1 1 2691 5212 864
5595 2 2 1 1 1389 3845 2917
5596 2 2 1 1 2892 5381 1540
5597 2 2 1 1 2890 5941 3769
5598 2 2 1 1 778 4338 4275
5599 2 2 1 1 3887 4927 1100
5600 2 2 1 1 3043 6873 1418
5601 2 2 1 1 2489 6467 570
5602 2 2 1 1 2978 4714 102
5603 2 2 1 1 3011 4303 1157
5604 2 2 1 1 1176 6106 3113
5605 2 2 1 1 3392 3985 1797
5606 2 2 1 1 5499 6301 1791
5607 2 2 1 1 1610 3781 3241
5608 2 2 1 1 1420 4538 2770
5609 2 2 1 1 2848 5383 910
5610 2 2 1 1 2550 5968 4451
5611 2 2 1 1 1585 6603 4358
5612 2 2 1 1 529 6508 2543
5613 2 2 1 1 3120 3282 1253
5614 2 2 1 1 2704 6720 1344
5615 2 2 1 1 3327 4057 1984
5616 2 2 1 1 2203 6273 3169
5617 2 2 1 1 1310 4814 2703
5618 2 2 1 1 1189 3748 3068
5619 2 2 1 1 3595 3618 1340
5620 2 2 1 1 2971 6782 3811
5621 2 2 1 1 2920 5972 1543
5622 2 2 1 1 2580 6372 2291
5623 2 2 1 1 3620 3697 935
5624 2 2 1 1 2229 6377 3234
5625 2 2 1 1 2396 4836 780
5626 2 2 1 1 2949 4147 1757
5627 2 2 1 1 3311 5732 1876
5628 2 2 1 1 3014 4293 476
5629 2 2 1 1 2564 6172 542
5630 2 2 1 1 3950 5338 1259
5631 2 2 1 1 3933 5489 1672
5632 2 2 1 1 3074 6484 1474
5633 2 2 1 1 490 4382 3308
5634 2 2 1 1 818 5889 3878
5635 2 2 1 1 2585 5416 1769
5636 2 2 1 1 1484 5397 2636
5637 2 2 1 1 3770 4366 1481
5638 2 2 1 1 455 4414 3705
5639 2 2 1 1 5817 6356 1778
5640 2 2 1 1 2172 5755 4709
5641 2 2 1 1 5016 6166 3516
5642 2 2 1 1 2981 4281 60
5643 2 2 1 1 678 5543 3081
5644 2 2 1 1 2672 3721 656
5645 2 2 1 1 3526 4755 1649
5646 2 2 1 1 60 4281 59
5647 2 2 1 1 3236 6923 2142
5648 2 2 1 1 2783 4841 1689
5649 2 2 1 1 885 4284 3693
5650 2 2 1 1 2781 5882 1635
5651 2 2 1 1 2674 5339 535
5652 2 2 1 1 1393 5196 2571
5653 2 2 1 1 1139 3763 2315
5654 2 2 1 1 1222 4883 4875
5655 2 2 1 1 1976 5024 3920
5656 2 2 1 1 1257 6652 3736
5657 2 2 1 1 2855 5357 4690
5658 2 2 1 1 499 5723 2872
5659 2 2 1 1 3197 3208 595
5660 2 2 1 1 347 4272 4146
5661 2 2 1 1 1181 6534 4575
5662 2 2 1 1 44 5076 43
5663 2 2 1 1 946 5074 3046
5664 2 2 1 1 931 5330 3044
5665 2 2 1 1 2090 4226 3653
5666 2 2 1 1 3993 4137 1253
5667 2 2 1 1 4214 5502 1568
5668 2 2 1 1 1227 3931 2861
5669 2 2 1 1 1245 4378 4322
5670 2 2 1 1 4034 5185 2930
5671 2 2 1 1 1485 3618 3595
5672 2 2 1 1 2720 5535 613
5673 2 2 1 1 2206 5526 4976
5674 2 2 1 1 2875 3446 1223
5675 2 2 1 1 353 4317 3794
5676 2 2 1 1 4778 6526 2572
5677 2 2 1 1 3052 6116 832
5678 2 2 1 1 2996 3507 400
5679 2 2 1 1 1163 3263 2638
5680 2 2 1 1 1273 5090 4009
5681 2 2 1 1 1556 3844 3013
5682 2 2 1 1 1509 4509 2751
5683 2 2 1 1 1417 4295 3018
5684 2 2 1 1 2388 5247 3968
5685 2 2 1 1 1785 5753 4179
5686 2 2 1 1 3119 6904 1163
5687 2 2 1 1 1054 5334 2552
5688 2 2 1 1 108 4271 2770
5689 2 2 1 1 4903 5492 1707
5690 2 2 1 1 952 6616 2784
5691 2 2 1 1 3956 5244 1752
5692 2 2 1 1 4050 4717 1832
5693 2 2 1 1 3797 6250 2326
5694 2 2 1 1 1182 3964 2669
5695 2 2 1 1 802 4925 3484
5696 2 2 1 1 1650 6413 2829
5697 2 2 1 1 1150 4685 3539
5698 2 2 1 1 1757 4147 3502
5699 2 2 1 1 208 5568 2713
5700 2 2 1 1 3806 4512 1491
5701 2 2 1 1 2652 4541 1063
5702 2 2 1 1 3983 5796 1157
5703 2 2 1 1 478 5700 2693
5704 2 2 1 1 2893 4247 434
5705 2 2 1 1 2218 6826 2688
5706 2 2 1 1 2957 4294 993
5707 2 2 1 1 632 6642 3027
5708 2 2 1 1 855 3763 3573
5709 2 2 1 1 1055 3367 2622
5710 2 2 1 1 4619 6046 833
5711 2 2 1 1 3349 3686 691
5712 2 2 1 1 1329 5810 2870
5713 2 2 1 1 4817 5341 1816
5714 2 2 1 1 3953 4544 332
5715 2 2 1 1 3242 5143 1625
5716 2 2 1 1 2505 4715 1504
5717 2 2 1 1 1928 4442 4361
5718 2 2 1 1 1421 4028 3990
5719 2 2 1 1 3634 4166 1480
5720 2 2 1 1 3865 5701 1155
5721 2 2 1 1 2933 3877 270
5722 2 2 1 1 2090 6895 4226
5723 2 2 1 1 5457 5839 773
5724 2 2 1 1 6161 6389 545
5725 2 2 1 1 2609 4674 3431
5726 2 2 1 1 4667 6507 1279
5727 2 2 1 1 554 6834 2987
5728 2 2 1 1 2698 5366 557
5729 2 2 1 1 1325 4268 2819
5730 2 2 1 1 3159 4082 987
5731 2 2 1 1 184 5673 183
5732 2 2 1 1 1831 5512 4052
5733 2 2 1 1 2906 4269 1330
5734 2 2 1 1 3139 5178 334
5735 2 2 1 1 1937 6420 2847
5736 2 2 1 1 3995 6194 1916
5737 2 2 1 1 2086 6843 3060
5738 2 2 1 1 1964 4623 3928
5739 2 2 1 1 3276 3970 1171
5740 2 2 1 1 3918 5502 1188
5741 2 2 1 1 1036 3678 3415
5742 2 2 1 1 1665 6473 3223
5743 2 2 1 1 3204 4763 1137
5744 2 2 1 1 2725 5426 455
5745 2 2 1 1 3070 3911 1716
5746 2 2 1 1 452 6766 4954
5747 2 2 1 1 4600 6247 1037
5748 2 2 1 1 1713 5970 3259
5749 2 2 1 1 5628 6871 3571
5750 2 2 1 1 2630 5092 1666
5751 2 2 1 1 2826 3992 755
5752 2 2 1 1 1919 4834 4676
5753 2 2 1 1 1473 6763 2530
5754 2 2 1 1 4060 4855 2349
5755 2 2 1 1 3115 4577 1009
5756 2 2 1 1 3047 6622 607
5757 2 2 1 1 2027 3903 2796
5758 2 2 1 1 2334 4326 897
5759 2 2 1 1 1121 6179 3725
5760 2 2 1 1 695 5169 3497
5761 2 2 1 1 665 4788 3772
5762 2 2 1 1 3231 4889 501
5763 2 2 1 1 555 4223 3379
5764 2 2 1 1 3856 5067 381
5765 2 2 1 1 72 6302 2863
5766 2 2 1 1 4516 5417 2266
5767 2 2 1 1 2715 5022 2067
5768 2 2 1 1 1686 5140 4095
5769 2 2 1 1 2571 4759 486
5770 2 2 1 1 1226 3512 2722
5771 2 2 1 1 3631 3808 1426
5772 2 2 1 1 3971 6759 836
5773 2 2 1 1 2628 3880 230
5774 2 2 1 1 4643 5534 1298
5775 2 2 1 1 1172 4686 2734
5776 2 2 1 1 2599 4298 1512
5777 2 2 1 1 2822 4335 520
5778 2 2 1 1 712 5280 2454
5779 2 2 1 1 620 5934 2558
5780 2 2 1 1 3803 4741 1569
5781 2 2 1 1 2597 6598 4271
5782 2 2 1 1 369 3911 2619
5783 2 2 1 1 3665 5067 2141
5784 2 2 1 1 2129 5865 5175
5785 2 2 1 1 249 3177 248
5786 2 2 1 1 4835 5126 2177
5787 2 2 1 1 3271 5480 1728
5788 2 2 1 1 313 3363 312
5789 2 2 1 1 2634 5300 2808
5790 2 2 1 1 800 4732 3151
5791 2 2 1 1 1272 6203 3570
5792 2 2 1 1 2917 3893 655
5793 2 2 1 1 3538 3756 572
5794 2 2 1 1 2927 5411 605
5795 2 2 1 1 701 4358 2791
5796 2 2 1 1 2488 5677 4898
5797 2 2 1 1 1514 5476 4581
5798 2 2 1 1 2716 6118 5908
5799 2 2 1 1 1595 6583 4116
5800 2 2 1 1 807 5869 3218
5801 2 2 1 1 3267 4868 737
5802 2 2 1 1 681 6127 4240
5803 2 2 1 1 2976 5464 4558
5804 2 2 1 1 3522 4618 990
5805 2 2 1 1 949 5705 2867
5806 2 2 1 1 1647 5004 2632
5807 2 2 1 1 2791 6210 701
5808 2 2 1 1 2454 3650 712
5809 2 2 1 1 1294 5419 4409
5810 2 2 1 1 2448 4872 465
5811 2 2 1 1 424 6521 2394
5812 2 2 1 1 306 3365 305
5813 2 2 1 1 2163 6777 3439
5814 2 2 1 1 1575 5362 3210
5815 2 2 1 1 4884 6897 2985
5816 2 2 1 1 632 3706 3173
5817 2 2 1 1 4751 6038 1461
5818 2 2 1 1 689 5706 4775
5819 2 2 1 1 1066 4587 2977
5820 2 2 1 1 3207 4379 1904
5821 2 2 1 1 3542 4157 1501
5822 2 2 1 1 2369 5388 3840
5823 2 2 1 1 3076 4853 1039
5824 2 2 1 1 233 6006 3284
5825 2 2 1 1 2612 5485 1611
5826 2 2 1 1 1381 6898 3227
5827 2 2 1 1 4074 4948 811
5828 2 2 1 1 2702 2732 1188
5829 2 2 1 1 3255 5037 578
5830 2 2 1 1 1818 6544 2594
5831 2 2 1 1 2771 5472 1085
5832 2 2 1 1 3411 4670 1028
5833 2 2 1 1 558 4126 2794
5834 2 2 1 1 2597 4271 109
5835 2 2 1 1 1315 3829 3798
5836 2 2 1 1 212 3407 211
5837 2 2 1 1 3079 3711 82
5838 2 2 1 1 3632 5108 2494
5839 2 2 1 1 3652 6590 3295
5840 2 2 1 1 3463 4941 667
5841 2 2 1 1 3608 4433 577
5842 2 2 1 1 2254 4236 2980
5843 2 2 1 1 1664 4456 3994
5844 2 2 1 1 2411 6079 3652
5845 2 2 1 1 4671 6819 2738
5846 2 2 1 1 990 5758 3356
5847 2 2 1 1 3823 6744 2379
5848 2 2 1 1 3196 4253 2089
5849 2 2 1 1 1252 3793 3481
5850 2 2 1 1 2820 3783 1295
5851 2 2 1 1 2225 6260 3609
5852 2 2 1 1 3011 5796 4398
5853 2 2 1 1 4198 4821 1699
5854 2 2 1 1 680 6028 3070
5855 2 2 1 1 3082 3926 1316
5856 2 2 1 1 2121 6320 3825
5857 2 2 1 1 3439 4761 2163
5858 2 2 1 1 1226 6036 2718
5859 2 2 1 1 145 4111 144
5860 2 2 1 1 1227 3442 3165
5861 2 2 1 1 1097 6145 3370
5862 2 2 1 1 1446 5819 2711
5863 2 2 1 1 4052 6254 1268
5864 2 2 1 1 782 6269 4605
5865 2 2 1 1 323 5248 3026
5866 2 2 1 1 2766 3779 1217
5867 2 2 1 1 617 4288 3155
5868 2 2 1 1 1464 5016 3516
5869 2 2 1 1 1740 4125 3693
5870 2 2 1 1 2827 6507 4667
5871 2 2 1 1 3541 6122 665
5872 2 2 1 1 890 4496 2750
5873 2 2 1 1 82 3711 81
5874 2 2 1 1 2596 5225 1088
5875 2 2 1 1 3489 5396 1284
5876 2 2 1 1 2115 5602 3501
5877 2 2 1 1 2771 4584 236
5878 2 2 1 1 398 5109 2485
5879 2 2 1 1 3705 4414 1912
5880 2 2 1 1 2677 4932 410
5881 2 2 1 1 519 4287 2666
5882 2 2 1 1 88 4563 2665
5883 2 2 1 1 4017 4900 1683
5884 2 2 1 1 3035 5802 1746
5885 2 2 1 1 2518 5762 3105
5886 2 2 1 1 4868 5704 737
5887 2 2 1 1 3571 6871 2656
5888 2 2 1 1 2726 6239 2512
5889 2 2 1 1 2195 5477 3037
5890 2 2 1 1 5368 5923 1852
5891 2 2 1 1 2965 5997 1433
5892 2 2 1 1 3441 5152 1880
5893 2 2 1 1 21 3587 20
5894 2 2 1 1 2592 4539 1395
5895 2 2 1 1 2411 5707 3746
5896 2 2 1 1 3740 6766 452
5897 2 2 1 1 420 6495 5941
5898 2 2 1 1 2908 6732 1223
5899 2 2 1 1 3922 6287 528
5900 2 2 1 1 5090 5832 2151
5901 2 2 1 1 329 4858 3244
5902 2 2 1 1 3311 4996 1117
5903 2 2 1 1 919 5832 5090
5904 2 2 1 1 4808 5592 1376
5905 2 2 1 1 5864 6458 1905
5906 2 2 1 1 1743 4412 3343
5907 2 2 1 1 2686 6128 1559
5908 2 2 1 1 2632 6833 1647
5909 2 2 1 1 1921 5776 4632
5910 2 2 1 1 3230 4436 1264
5911 2 2 1 1 1525 4293 3014
5912 2 2 1 1 2696 5244 978
5913 2 2 1 1 2326 6251 6147
5914 2 2 1 1 673 3985 3392
5915 2 2 1 1 337 4610 2856
5916 2 2 1 1 604 5542 4987
5917 2 2 1 1 3915 5664 1767
5918 2 2 1 1 2878 5966 1242
5919 2 2 1 1 2486 5627 1175
5920 2 2 1 1 2974 5654 1959
5921 2 2 1 1 2753 4997 543
5922 2 2 1 1 1048 4336 3062
5923 2 2 1 1 2393 5639 4171
5924 2 2 1 1 1750 5733 4711
5925 2 2 1 1 1705 5383 2848
5926 2 2 1 1 1589 4008 4007
5927 2 2 1 1 3179 4049 1332
5928 2 2 1 1 2513 4449 39
5929 2 2 1 1 3409 6870 1071
5930 2 2 1 1 3067 5448 1594
5931 2 2 1 1 898 6152 2571
5932 2 2 1 1 1195 3894 3217
5933 2 2 1 1 3028 3642 1177
5934 2 2 1 1 456 6888 2859
5935 2 2 1 1 3031 4717 1525
5936 2 2 1 1 3624 6796 2832
5937 2 2 1 1 1993 5572 3913
5938 2 2 1 1 1785 6229 5753
5939 2 2 1 1 3708 5007 636
5940 2 2 1 1 1076 5078 2761
5941 2 2 1 1 2790 4191 997
5942 2 2 1 1 2629 6113 1856
5943 2 2 1 1 2653 4357 346
5944 2 2 1 1 2794 4409 558
5945 2 2 1 1 3353 4697 1389
5946 2 2 1 1 485 5554 4446
5947 2 2 1 1 613 3937 3241
5948 2 2 1 1 2794 5954 4409
5949 2 2 1 1 4818 6205 1786
5950 2 2 1 1 1448 4462 3546
5951 2 2 1 1 623 3333 2941
5952 2 2 1 1 4307 6547 343
5953 2 2 1 1 2899 4034 1143
5954 2 2 1 1 2062 6416 3088
5955 2 2 1 1 3555 3656 588
5956 2 2 1 1 157 3831 156
5957 2 2 1 1 349 6185 4613
5958 2 2 1 1 1912 4414 2668
5959 2 2 1 1 1018 6819 2782
5960 2 2 1 1 3376 3377 433
5961 2 2 1 1 3118 3804 893
5962 2 2 1 1 4759 6152 1738
5963 2 2 1 1 3796 3956 396
5964 2 2 1 1 1512 6160 2599
5965 2 2 1 1 3297 4764 1313
5966 2 2 1 1 4210 4589 1697
5967 2 2 1 1 4021 5206 1124
5968 2 2 1 1 2747 4608 2174
5969 2 2 1 1 196 3954 195
5970 2 2 1 1 2886 4680 1500
5971 2 2 1 1 1974 6454 4299
5972 2 2 1 1 1497 6122 4305
5973 2 2 1 1 1287 4216 2510
5974 2 2 1 1 4326 6785 897
5975 2 2 1 1 2615 5709 867
5976 2 2 1 1 1778 5101 3328
5977 2 2 1 1 1003 6357 2454
5978 2 2 1 1 3254 5596 1784
5979 2 2 1 1 2730 3644 141
5980 2 2 1 1 401 4493 3212
5981 2 2 1 1 162 3513 161
5982 2 2 1 1 1532 5949 5214
5983 2 2 1 1 1624 3784 3534
5984 2 2 1 1 1053 3580 2954
5985 2 2 1 1 1360 5067 3665
5986 2 2 1 1 2886 5012 639
5987 2 2 1 1 3182 6208 2436
5988 2 2 1 1 2729 4332 607
5989 2 2 1 1 740 6198 5004
5990 2 2 1 1 96 3314 95
5991 2 2 1 1 706 5406 4062
5992 2 2 1 1 3414 6174 5496
5993 2 2 1 1 3848 4713 1708
5994 2 2 1 1 2963 6693 2095
5995 2 2 1 1 4052 5512 739
5996 2 2 1 1 1637 4928 3954
5997 2 2 1 1 993 6088 2957
5998 2 2 1 1 4087 4848 1426
5999 2 2 1 1 2739 6379 1316
6000 2 2 1 1 2769 3932 453
6001 2 2 1 1 2933 4730 1247
6002 2 2 1 1 5187 6499 2318
6003 2 2 1 1 3546 4462 2300
6004 2 2 1 1 702 5733 3342
6005 2 2 1 1 3508 5990 5151
6006 2 2 1 1 2983 4499 935
6007 2 2 1 1 3082 4944 1269
6008 2 2 1 1 1853 4035 3948
6009 2 2 1 1 4607 5528 2544
6010 2 2 1 1 594 4221 3104
6011 2 2 1 1 3299 4713 677
6012 2 2 1 1 1456 3688 3544
6013 2 2 1 1 3521 4146 1444
6014 2 2 1 1 2695 4354 579
6015 2 2 1 1 486 5493 2571
6016 2 2 1 1 482 6205 3050
6017 2 2 1 1 4002 4503 817
6018 2 2 1 1 2907 4562 2256
6019 2 2 1 1 957 5572 4402
6020 2 2 1 1 1236 3718 3251
6021 2 2 1 1 432 6182 3110
6022 2 2 1 1 1506 4129 4077
6023 2 2 1 1 1327 3897 2921
6024 2 2 1 1 3017 4710 1077
6025 2 2 1 1 1911 6237 5852
6026 2 2 1 1 2839 6829 1064
6027 2 2 1 1 2809 4372 1507
6028 2 2 1 1 2825 5065 347
6029 2 2 1 1 3044 4758 931
6030 2 2 1 1 1006 5342 2534
6031 2 2 1 1 1370 3377 3376
6032 2 2 1 1 4875 4883 2626
6033 2 2 1 1 493 6784 5742
6034 2 2 1 1 2994 6148 788
6035 2 2 1 1 1793 4666 2858
6036 2 2 1 1 1696 5785 4032
6037 2 2 1 1 6085 6435 2636
6038 2 2 1 1 3961 6135 3970
6039 2 2 1 1 2603 5807 1160
6040 2 2 1 1 3193 4882 2469
6041 2 2 1 1 3913 5824 2023
6042 2 2 1 1 3800 3814 1863
6043 2 2 1 1 606 6429 3738
6044 2 2 1 1 2995 6586 619
6045 2 2 1 1 3318 4089 748
6046 2 2 1 1 4127 6049 1247
6047 2 2 1 1 2545 6755 879
6048 2 2 1 1 5363 5604 900
6049 2 2 1 1 2693 5945 2183
6050 2 2 1 1 308 5906 2673
6051 2 2 1 1 3101 4328 1204
6052 2 2 1 1 2854 5975 427
6053 2 2 1 1 4756 4866 2441
6054 2 2 1 1 2631 5844 1020
6055 2 2 1 1 1143 4034 2930
6056 2 2 1 1 3129 5031 708
6057 2 2 1 1 3235 5308 669
6058 2 2 1 1 5214 5949 2731
6059 2 2 1 1 4054 5704 2124
6060 2 2 1 1 1202 3585 2892
6061 2 2 1 1 105 4153 104
6062 2 2 1 1 3490 3687 1149
6063 2 2 1 1 2835 4248 1586
6064 2 2 1 1 2214 6776 2790
6065 2 2 1 1 630 6365 3452
6066 2 2 1 1 2025 5978 2999
6067 2 2 1 1 3330 3697 1800
6068 2 2 1 1 2775 4859 940
6069 2 2 1 1 3590 5626 1319
6070 2 2 1 1 3346 4907 1017
6071 2 2 1 1 2861 4363 1227
6072 2 2 1 1 3147 5344 1008
6073 2 2 1 1 3048 6932 1314
6074 2 2 1 1 1025 3137 2868
6075 2 2 1 1 2932 5859 1560
6076 2 2 1 1 1410 5984 5304
6077 2 2 1 1 1009 4577 2845
6078 2 2 1 1 773 6859 5457
6079 2 2 1 1 253 4216 252
6080 2 2 1 1 5171 5470 1552
6081 2 2 1 1 806 5893 4545
6082 2 2 1 1 2677 5217 1309
6083 2 2 1 1 1919 6107 2725
6084 2 2 1 1 415 6671 6422
6085 2 2 1 1 1276 5851 3390
6086 2 2 1 1 3203 4288 617
6087 2 2 1 1 1487 5213 2816
6088 2 2 1 1 2824 4036 950
6089 2 2 1 1 1352 6845 3164
6090 2 2 1 1 5685 6787 3468
6091 2 2 1 1 2808 5300 2026
6092 2 2 1 1 1645 4826 3161
6093 2 2 1 1 2754 6433 516
6094 2 2 1 1 1712 6327 2810
6095 2 2 1 1 949 4958 2673
6096 2 2 1 1 3001 5808 912
6097 2 2 1 1 2806 5567 1796
6098 2 2 1 1 346 6607 2653
6099 2 2 1 1 615 3677 2883
6100 2 2 1 1 1814 4273 2849
6101 2 2 1 1 1160 5807 3193
6102 2 2 1 1 460 5104 2692
6103 2 2 1 1 4178 5702 2156
6104 2 2 1 1 3836 4228 693
6105 2 2 1 1 2896 3748 1189
6106 2 2 1 1 1202 4130 3585
6107 2 2 1 1 4097 4228 1399
6108 2 2 1 1 3341 5213 422
6109 2 2 1 1 3163 5654 525
6110 2 2 1 1 385 4311 3719
6111 2 2 1 1 3911 5631 1716
6112 2 2 1 1 2880 4558 1381
6113 2 2 1 1 1122 4534 2944
6114 2 2 1 1 4249 6337 2261
6115 2 2 1 1 1587 4447 2685
6116 2 2 1 1 1314 3448 3360
6117 2 2 1 1 1112 5254 2696
6118 2 2 1 1 3566 3768 1913
6119 2 2 1 1 3578 5090 1273
6120 2 2 1 1 1545 3507 2996
6121 2 2 1 1 2944 4534 1638
6122 2 2 1 1 2903 4948 1183
6123 2 2 1 1 2914 3512 1226
6124 2 2 1 1 4041 5002 985
6125 2 2 1 1 3005 6366 3866
6126 2 2 1 1 924 6645 2674
6127 2 2 1 1 1564 5159 2689
6128 2 2 1 1 2316 4518 3839
6129 2 2 1 1 5143 5563 2614
6130 2 2 1 1 3052 5384 1240
6131 2 2 1 1 61 5829 2981
6132 2 2 1 1 1480 5302 2769
6133 2 2 1 1 3441 3742 1164
6134 2 2 1 1 1567 4744 4103
6135 2 2 1 1 2160 4115 3051
6136 2 2 1 1 3257 3990 689
6137 2 2 1 1 1386 3952 3520
6138 2 2 1 1 2639 6839 5008
6139 2 2 1 1 2916 5740 5139
6140 2 2 1 1 3548 4441 456
6141 2 2 1 1 562 5802 3035
6142 2 2 1 1 2809 4913 758
6143 2 2 1 1 1038 6878 5545
6144 2 2 1 1 3633 5981 4380
6145 2 2 1 1 1088 4348 2857
6146 2 2 1 1 3977 4626 729
6147 2 2 1 1 3006 6635 2360
6148 2 2 1 1 419 4033 3750
6149 2 2 1 1 1702 5218 2539
6150 2 2 1 1 2437 4705 1108
6151 2 2 1 1 1513 5153 4132
6152 2 2 1 1 2679 4984 1173
6153 2 2 1 1 1887 6006 3042
6154 2 2 1 1 1264 4468 3772
6155 2 2 1 1 1681 3661 2766
6156 2 2 1 1 1626 4936 2976
6157 2 2 1 1 518 5823 3016
6158 2 2 1 1 1560 4810 2932
6159 2 2 1 1 336 5828 2896
6160 2 2 1 1 1413 3969 3315
6161 2 2 1 1 1534 4150 2755
6162 2 2 1 1 1062 6761 3187
6163 2 2 1 1 1209 3987 3127
6164 2 2 1 1 3917 5934 620
6165 2 2 1 1 1233 5096 4453
6166 2 2 1 1 378 5960 4138
6167 2 2 1 1 3219 3799 1246
6168 2 2 1 1 3365 3698 305
6169 2 2 1 1 2439 6584 3242
6170 2 2 1 1 2653 4514 992
6171 2 2 1 1 2070 6798 2781
6172 2 2 1 1 1535 5575 5194
6173 2 2 1 1 382 6066 3002
6174 2 2 1 1 3410 6634 1798
6175 2 2 1 1 1554 5417 2958
6176 2 2 1 1 76 5009 2667
6177 2 2 1 1 948 4813 4497
6178 2 2 1 1 1799 5537 3183
6179 2 2 1 1 1097 5127 2882
6180 2 2 1 1 1601 5365 4346
6181 2 2 1 1 1236 4917 4460
6182 2 2 1 1 1725 4907 3346
6183 2 2 1 1 2013 6304 2877
6184 2 2 1 1 999 4867 2564
6185 2 2 1 1 3468 5958 4553
6186 2 2 1 1 627 5957 3263
6187 2 2 1 1 2150 6554 4258
6188 2 2 1 1 3159 4058 1291
6189 2 2 1 1 3096 4303 1281
6190 2 2 1 1 776 5129 3984
6191 2 2 1 1 1213 4075 3224
6192 2 2 1 1 2795 4176 18
6193 2 2 1 1 2569 4665 1467
6194 2 2 1 1 192 3823 191
6195 2 2 1 1 1244 3717 3019
6196 2 2 1 1 3216 3646 1262
6197 2 2 1 1 3381 6415 982
6198 2 2 1 1 466 5476 2955
6199 2 2 1 1 2965 3537 1444
6200 2 2 1 1 1239 5122 3386
6201 2 2 1 1 2744 4998 197
6202 2 2 1 1 1282 6390 4472
6203 2 2 1 1 2852 4538 1420
6204 2 2 1 1 783 5703 2456
6205 2 2 1 1 4472 6390 2723
6206 2 2 1 1 3024 5864 1905
6207 2 2 1 1 3286 6649 1425
6208 2 2 1 1 2718 6036 1059
6209 2 2 1 1 3954 4928 195
6210 2 2 1 1 3634 4156 1576
6211 2 2 1 1 2687 3566 1212
6212 2 2 1 1 3581 6578 2999
6213 2 2 1 1 720 4195 3631
6214 2 2 1 1 710 4558 2880
6215 2 2 1 1 34 6771 33
6216 2 2 1 1 1488 3697 3620
6217 2 2 1 1 259 4753 258
6218 2 2 1 1 2905 5160 2209
6219 2 2 1 1 2998 4418 1224
6220 2 2 1 1 3868 5146 1359
6221 2 2 1 1 1445 5445 3886
6222 2 2 1 1 3040 5306 1612
6223 2 2 1 1 3160 4477 430
6224 2 2 1 1 4316 6233 2105
6225 2 2 1 1 3693 4125 1250
6226 2 2 1 1 3090 5388 1895
6227 2 2 1 1 2309 5984 4543
6228 2 2 1 1 2116 5062 3168
6229 2 2 1 1 1309 4932 2677
6230 2 2 1 1 2856 5027 337
6231 2 2 1 1 2206 6314 5526
6232 2 2 1 1 571 5137 2870
6233 2 2 1 1 869 5567 2806
6234 2 2 1 1 2942 6444 1775
6235 2 2 1 1 2618 5438 1205
6236 2 2 1 1 2007 4930 3267
6237 2 2 1 1 2410 6485 522
6238 2 2 1 1 1930 6148 3210
6239 2 2 1 1 2141 5067 3856
6240 2 2 1 1 2394 5522 5331
6241 2 2 1 1 2905 6931 4097
6242 2 2 1 1 3467 3909 1279
6243 2 2 1 1 4046 6874 2857
6244 2 2 1 1 2956 5992 1713
6245 2 2 1 1 2399 5298 4170
6246 2 2 1 1 1743 5118 4412
6247 2 2 1 1 4709 6493 1394
6248 2 2 1 1 1030 4429 2529
6249 2 2 1 1 2566 6161 3562
6250 2 2 1 1 3153 6629 885
6251 2 2 1 1 2328 5756 4027
6252 2 2 1 1 1115 3688 3061
6253 2 2 1 1 3514 5423 703
6254 2 2 1 1 492 6438 2971
6255 2 2 1 1 3672 5502 618
6256 2 2 1 1 2571 5493 1393
6257 2 2 1 1 2927 5587 1047
6258 2 2 1 1 613 3781 2720
6259 2 2 1 1 171 6143 5765
6260 2 2 1 1 4142 5718 1698
6261 2 2 1 1 1031 6418 3140
6262 2 2 1 1 207 5183 206
6263 2 2 1 1 3282 3993 1253
6264 2 2 1 1 3566 5112 1212
6265 2 2 1 1 2711 5819 418
6266 2 2 1 1 674 4277 2775
6267 2 2 1 1 1577 6181 5232
6268 2 2 1 1 4613 5040 1767
6269 2 2 1 1 1260 5422 3433
6270 2 2 1 1 1333 3696 3671
6271 2 2 1 1 1442 4617 3672
6272 2 2 1 1 3284 4343 232
6273 2 2 1 1 844 4666 3089
6274 2 2 1 1 3133 5933 2001
6275 2 2 1 1 4065 5550 2576
6276 2 2 1 1 4723 5305 1876
6277 2 2 1 1 1463 4647 3249
6278 2 2 1 1 3568 6292 640
6279 2 2 1 1 1374 4624 3126
6280 2 2 1 1 3109 5684 4314
6281 2 2 1 1 1206 5414 2825
6282 2 2 1 1 1779 5544 3890
6283 2 2 1 1 3049 4454 628
6284 2 2 1 1 2267 5178 3564
6285 2 2 1 1 3068 6889 507
6286 2 2 1 1 2837 4168 2290
6287 2 2 1 1 2745 5061 760
6288 2 2 1 1 147 3575 146
6289 2 2 1 1 1419 4395 4245
6290 2 2 1 1 1609 5124 2755
6291 2 2 1 1 1009 4337 3115
6292 2 2 1 1 2800 6332 1671
6293 2 2 1 1 137 3495 136
6294 2 2 1 1 1756 6259 3523
6295 2 2 1 1 2840 5686 1158
6296 2 2 1 1 664 4314 3334
6297 2 2 1 1 426 6177 2583
6298 2 2 1 1 2887 6784 2301
6299 2 2 1 1 2590 5834 1606
6300 2 2 1 1 3484 4725 2175
6301 2 2 1 1 4859 5217 2306
6302 2 2 1 1 3755 4067 1039
6303 2 2 1 1 5656 6749 796
6304 2 2 1 1 786 5520 4328
6305 2 2 1 1 4191 5266 2165
6306 2 2 1 1 1689 5576 2783
6307 2 2 1 1 1270 3814 3800
6308 2 2 1 1 4315 6436 1443
6309 2 2 1 1 2158 6212 5324
6310 2 2 1 1 2935 4352 436
6311 2 2 1 1 334 5178 4792
6312 2 2 1 1 1510 6558 3337
6313 2 2 1 1 2095 4594 2963
6314 2 2 1 1 2891 5183 207
6315 2 2 1 1 3089 4666 1793
6316 2 2 1 1 878 6083 2925
6317 2 2 1 1 2955 6303 3939
6318 2 2 1 1 633 4740 2830
6319 2 2 1 1 3253 5419 1294
6320 2 2 1 1 1044 6571 3197
6321 2 2 1 1 2722 5255 1059
6322 2 2 1 1 3633 4380 1275
6323 2 2 1 1 1837 4848 4087
6324 2 2 1 1 2025 3966 3539
6325 2 2 1 1 1154 5697 3156
6326 2 2 1 1 28 4285 27
6327 2 2 1 1 1202 5399 2813
6328 2 2 1 1 2326 6147 3797
6329 2 2 1 1 594 5972 2920
6330 2 2 1 1 3380 4702 1573
6331 2 2 1 1 1752 4432 3968
6332 2 2 1 1 1269 3457 3125
6333 2 2 1 1 4992 5852 1023
6334 2 2 1 1 787 5266 4191
6335 2 2 1 1 22 6129 4806
6336 2 2 1 1 2853 6384 2442
6337 2 2 1 1 3214 4769 1786
6338 2 2 1 1 3702 5425 1875
6339 2 2 1 1 3249 6878 1038
6340 2 2 1 1 1597 6117 3543
6341 2 2 1 1 4719 5389 1759
6342 2 2 1 1 2851 6140 746
6343 2 2 1 1 1336 4938 4005
6344 2 2 1 1 2922 6631 4308
6345 2 2 1 1 973 5714 2850
6346 2 2 1 1 515 4984 2679
6347 2 2 1 1 1896 6665 4472
6348 2 2 1 1 1599 5268 2782
6349 2 2 1 1 3563 4392 1899
6350 2 2 1 1 3752 5049 1759
6351 2 2 1 1 4116 6583 2384
6352 2 2 1 1 393 4864 3201
6353 2 2 1 1 2186 5533 3791
6354 2 2 1 1 1264 6888 2828
6355 2 2 1 1 1888 5009 3865
6356 2 2 1 1 1683 5616 2938
6357 2 2 1 1 3447 4761 677
6358 2 2 1 1 1806 5791 2942
6359 2 2 1 1 3798 3829 1693
6360 2 2 1 1 1488 4318 3697
6361 2 2 1 1 3581 6727 918
6362 2 2 1 1 2421 4180 1414
6363 2 2 1 1 1154 5042 2707
6364 2 2 1 1 4062 4063 1511
6365 2 2 1 1 4096 5849 2805
6366 2 2 1 1 2235 6080 5235
6367 2 2 1 1 527 6264 3505
6368 2 2 1 1 1279 6507 2805
6369 2 2 1 1 3025 6597 1082
6370 2 2 1 1 1051 6930 3077
6371 2 2 1 1 1316 6379 2380
6372 2 2 1 1 624 4248 2835
6373 2 2 1 1 1072 5797 3451
6374 2 2 1 1 2875 4611 1104
6375 2 2 1 1 126 3434 125
6376 2 2 1 1 1018 4259 2737
6377 2 2 1 1 4688 5950 2662
6378 2 2 1 1 1047 4583 2927
6379 2 2 1 1 1988 5400 3339
6380 2 2 1 1 3460 4532 1446
6381 2 2 1 1 3478 4341 1392
6382 2 2 1 1 546 5591 4113
6383 2 2 1 1 3063 4755 1703
6384 2 2 1 1 3368 5792 2033
6385 2 2 1 1 512 4901 4258
6386 2 2 1 1 1103 4866 4756
6387 2 2 1 1 1606 5049 3752
6388 2 2 1 1 1083 3669 3166
6389 2 2 1 1 4104 5773 2670
6390 2 2 1 1 2050 5968 5534
6391 2 2 1 1 4477 6663 1025
6392 2 2 1 1 2038 6631 4077
6393 2 2 1 1 2187 4475 2920
6394 2 2 1 1 813 5008 2697
6395 2 2 1 1 1286 4997 2753
6396 2 2 1 1 3655 6134 3250
6397 2 2 1 1 1231 4357 2653
6398 2 2 1 1 4914 6310 2570
6399 2 2 1 1 1055 6780 4855
6400 2 2 1 1 1716 4769 3070
6401 2 2 1 1 1812 4511 3527
6402 2 2 1 1 882 5947 2448
6403 2 2 1 1 420 4924 3044
6404 2 2 1 1 3448 6932 687
6405 2 2 1 1 2747 6167 968
6406 2 2 1 1 2053 5741 3283
6407 2 2 1 1 1544 5294 2502
6408 2 2 1 1 3184 3479 1497
6409 2 2 1 1 4558 5464 1381
6410 2 2 1 1 1264 4436 2859
6411 2 2 1 1 1757 6393 2949
6412 2 2 1 1 4077 6631 2922
6413 2 2 1 1 2664 4917 1236
6414 2 2 1 1 2921 3897 476
6415 2 2 1 1 2697 4167 813
6416 2 2 1 1 1363 4801 4637
6417 2 2 1 1 871 6354 2477
6418 2 2 1 1 3057 4071 1218
6419 2 2 1 1 1274 3747 2996
6420 2 2 1 1 1263 3880 2628
6421 2 2 1 1 2880 4590 710
6422 2 2 1 1 3535 6272 4177
6423 2 2 1 1 1343 5775 4864
6424 2 2 1 1 3115 4830 565
6425 2 2 1 1 1466 5340 2937
6426 2 2 1 1 4545 6504 1221
6427 2 2 1 1 1107 6323 3576
6428 2 2 1 1 1028 5429 2863
6429 2 2 1 1 3013 5203 1556
6430 2 2 1 1 2375 5215 3182
6431 2 2 1 1 1309 4859 2775
6432 2 2 1 1 2813 5399 483
6433 2 2 1 1 4136 5935 2009
6434 2 2 1 1 5965 6755 2052
6435 2 2 1 1 3339 5400 1125
6436 2 2 1 1 1153 5768 4444
6437 2 2 1 1 1747 4741 3803
6438 2 2 1 1 3610 4655 1804
6439 2 2 1 1 427 4148 2854
6440 2 2 1 1 1421 3990 3257
6441 2 2 1 1 1250 4125 3222
6442 2 2 1 1 1374 6683 3321
6443 2 2 1 1 4737 4942 1512
6444 2 2 1 1 1986 6715 3342
6445 2 2 1 1 2588 4821 261
6446 2 2 1 1 4077 4129 593
6447 2 2 1 1 3385 4511 670
6448 2 2 1 1 1432 3980 3819
6449 2 2 1 1 3427 5407 790
6450 2 2 1 1 3216 6398 1317
6451 2 2 1 1 1081 3911 3070
6452 2 2 1 1 402 3904 3227
6453 2 2 1 1 2072 4487 3997
6454 2 2 1 1 1134 5350 4118
6455 2 2 1 1 3332 4841 2783
6456 2 2 1 1 1233 4453 2879
6457 2 2 1 1 2775 4277 1309
6458 2 2 1 1 2603 4891 742
6459 2 2 1 1 3093 6074 910
6460 2 2 1 1 7 4972 3219
6461 2 2 1 1 2145 5010 3687
6462 2 2 1 1 1108 4705 2681
6463 2 2 1 1 849 5816 3536
6464 2 2 1 1 3851 5165 1546
6465 2 2 1 1 3817 5730 1365
6466 2 2 1 1 1337 6370 2497
6467 2 2 1 1 1886 5198 3482
6468 2 2 1 1 4049 6508 1844
6469 2 2 1 1 678 5480 3271
6470 2 2 1 1 3182 5215 1845
6471 2 2 1 1 882 6024 3134
6472 2 2 1 1 812 5055 4405
6473 2 2 1 1 496 6915 3875
6474 2 2 1 1 1544 4919 4299
6475 2 2 1 1 1453 4387 2787
6476 2 2 1 1 1182 5525 3964
6477 2 2 1 1 2773 6746 1116
6478 2 2 1 1 2835 5445 1445
6479 2 2 1 1 3121 4751 1461
6480 2 2 1 1 3915 5040 1041
6481 2 2 1 1 3088 4499 1299
6482 2 2 1 1 3761 4476 642
6483 2 2 1 1 3116 4223 555
6484 2 2 1 1 291 4359 3097
6485 2 2 1 1 1440 3795 3647
6486 2 2 1 1 1417 5056 3547
6487 2 2 1 1 1025 6663 2522
6488 2 2 1 1 3482 5198 2238
6489 2 2 1 1 3337 6558 569
6490 2 2 1 1 1913 5112 3566
6491 2 2 1 1 3954 4960 1637
6492 2 2 1 1 5968 6711 1300
6493 2 2 1 1 448 4675 4022
6494 2 2 1 1 1810 4302 4047
6495 2 2 1 1 4625 5767 3406
6496 2 2 1 1 3647 3795 1366
6497 2 2 1 1 1576 4166 3634
6498 2 2 1 1 3980 5421 1566
6499 2 2 1 1 3343 4487 693
6500 2 2 1 1 1371 4278 4201
6501 2 2 1 1 2673 5906 2537
6502 2 2 1 1 3753 3768 1278
6503 2 2 1 1 3118 4239 2033
6504 2 2 1 1 4486 6775 2469
6505 2 2 1 1 485 4120 3300
6506 2 2 1 1 2696 4897 1112
6507 2 2 1 1 2072 5666 4618
6508 2 2 1 1 3988 4944 3082
6509 2 2 1 1 2682 6098 3332
6510 2 2 1 1 268 4607 267
6511 2 2 1 1 1102 4892 2763
6512 2 2 1 1 2706 5210 653
6513 2 2 1 1 3103 6391 2041
6514 2 2 1 1 172 6143 171
6515 2 2 1 1 1196 3972 3066
6516 2 2 1 1 2576 5117 1523
6517 2 2 1 1 1140 3658 3493
6518 2 2 1 1 3175 4588 1301
6519 2 2 1 1 3046 6242 544
6520 2 2 1 1 266 3461 265
6521 2 2 1 1 2749 5424 440
6522 2 2 1 1 2821 3908 795
6523 2 2 1 1 3085 3903 1561
6524 2 2 1 1 1243 4119 3451
6525 2 2 1 1 2567 6564 4031
6526 2 2 1 1 608 6142 2676
6527 2 2 1 1 3022 3681 450
6528 2 2 1 1 1118 5457 2715
6529 2 2 1 1 2315 6695 4962
6530 2 2 1 1 2235 5235 3186
6531 2 2 1 1 3847 5429 1028
6532 2 2 1 1 1225 3512 2914
6533 2 2 1 1 1631 6163 2778
6534 2 2 1 1 1462 3853 3086
6535 2 2 1 1 4036 4227 1078
6536 2 2 1 1 5866 6808 842
6537 2 2 1 1 3263 5957 2638
6538 2 2 1 1 1675 4825 3001
6539 2 2 1 1 741 6815 2914
6540 2 2 1 1 3191 3942 404
6541 2 2 1 1 448 5427 3194
6542 2 2 1 1 3105 5484 1590
6543 2 2 1 1 904 5117 2576
6544 2 2 1 1 1312 4973 2947
6545 2 2 1 1 3099 5537 1799
6546 2 2 1 1 3187 4466 606
6547 2 2 1 1 1873 4430 3109
6548 2 2 1 1 1976 5971 5024
6549 2 2 1 1 2819 4268 381
6550 2 2 1 1 733 5152 3441
6551 2 2 1 1 2532 5995 3558
6552 2 2 1 1 3929 4349 2207
6553 2 2 1 1 4988 5080 2780
6554 2 2 1 1 1267 6696 3368
6555 2 2 1 1 2825 5414 972
6556 2 2 1 1 4057 4833 1984
6557 2 2 1 1 819 4645 2703
6558 2 2 1 1 422 3947 3699
6559 2 2 1 1 1006 5563 5143
6560 2 2 1 1 3693 4284 1740
6561 2 2 1 1 3106 6618 1074
6562 2 2 1 1 3802 5287 2020
6563 2 2 1 1 2102 3956 3796
6564 2 2 1 1 1057 4841 3332
6565 2 2 1 1 1280 6670 3872
6566 2 2 1 1 4201 4278 2055
6567 2 2 1 1 6458 6499 1905
6568 2 2 1 1 767 6501 4633
6569 2 2 1 1 4676 4834 599
6570 2 2 1 1 3130 5321 353
6571 2 2 1 1 615 6460 2627
6572 2 2 1 1 3710 6808 5866
6573 2 2 1 1 2248 6881 4246
6574 2 2 1 1 1616 4757 3012
6575 2 2 1 1 3269 4718 1404
6576 2 2 1 1 225 3895 3136
6577 2 2 1 1 1968 5621 2774
6578 2 2 1 1 3953 6097 1970
6579 2 2 1 1 2971 6043 492
6580 2 2 1 1 491 6822 3106
6581 2 2 1 1 1935 5089 4473
6582 2 2 1 1 3138 5096 1233
6583 2 2 1 1 1331 4830 3115
6584 2 2 1 1 927 5102 3035
6585 2 2 1 1 2378 5214 2731
6586 2 2 1 1 3274 5248 324
6587 2 2 1 1 551 6190 2579
6588 2 2 1 1 653 4205 2706
6589 2 2 1 1 1393 5493 3348
6590 2 2 1 1 2816 6127 1487
6591 2 2 1 1 3355 4457 619
6592 2 2 1 1 1678 5881 4417
6593 2 2 1 1 3667 5941 1939
6594 2 2 1 1 2936 5806 122
6595 2 2 1 1 3407 4481 1854
6596 2 2 1 1 698 5429 3847
6597 2 2 1 1 2805 6507 988
6598 2 2 1 1 3418 5465 1593
6599 2 2 1 1 2019 6272 3535
6600 2 2 1 1 957 4402 2831
6601 2 2 1 1 3508 5151 1465
6602 2 2 1 1 1141 5628 3571
6603 2 2 1 1 3520 3952 1505
6604 2 2 1 1 1530 4141 3928
6605 2 2 1 1 1880 3742 3441
6606 2 2 1 1 4605 6269 1712
6607 2 2 1 1 4900 5616 1683
6608 2 2 1 1 2697 5008 1301
6609 2 2 1 1 722 6768 4215
6610 2 2 1 1 3858 5033 1486
6611 2 2 1 1 417 4718 3269
6612 2 2 1 1 1377 4167 2697
6613 2 2 1 1 327 3779 2766
6614 2 2 1 1 2751 6429 1509
6615 2 2 1 1 3615 4684 1212
6616 2 2 1 1 4571 4630 1642
6617 2 2 1 1 3273 3766 1200
6618 2 2 1 1 1895 4910 3412
6619 2 2 1 1 2888 6525 1519
6620 2 2 1 1 2814 6011 1915
6621 2 2 1 1 612 4135 2969
6622 2 2 1 1 1427 3808 3631
6623 2 2 1 1 1473 6105 4405
6624 2 2 1 1 1953 4446 3532
6625 2 2 1 1 330 6531 3324
6626 2 2 1 1 3954 4998 1677
6627 2 2 1 1 1035 3972 2906
6628 2 2 1 1 2995 4457 1241
6629 2 2 1 1 2245 5030 3651
6630 2 2 1 1 185 4368 184
6631 2 2 1 1 2496 4732 800
6632 2 2 1 1 1425 4140 3396
6633 2 2 1 1 1809 5002 4041
6634 2 2 1 1 784 4051 2731
6635 2 2 1 1 2914 3892 741
6636 2 2 1 1 962 5378 3039
6637 2 2 1 1 589 4342 2712
6638 2 2 1 1 1098 6625 3080
6639 2 2 1 1 4551 5894 737
6640 2 2 1 1 3801 6841 3753
6641 2 2 1 1 2555 6823 1355
6642 2 2 1 1 1165 6217 4287
6643 2 2 1 1 5059 5155 2602
6644 2 2 1 1 1239 4992 2797
6645 2 2 1 1 3106 5491 491
6646 2 2 1 1 158 6192 3275
6647 2 2 1 1 429 4069 3362
6648 2 2 1 1 22 4806 21
6649 2 2 1 1 328 5286 2743
6650 2 2 1 1 4487 4974 693
6651 2 2 1 1 3746 5707 552
6652 2 2 1 1 728 4611 2875
6653 2 2 1 1 210 3838 209
6654 2 2 1 1 1720 4941 3463
6655 2 2 1 1 1198 4921 3245
6656 2 2 1 1 3735 5371 1170
6657 2 2 1 1 2507 6061 1361
6658 2 2 1 1 1990 6418 2939
6659 2 2 1 1 2814 4107 1155
6660 2 2 1 1 1645 6058 5076
6661 2 2 1 1 1892 4232 4173
6662 2 2 1 1 774 4322 4262
6663 2 2 1 1 2534 5342 1237
6664 2 2 1 1 2796 3903 707
6665 2 2 1 1 1728 4027 3239
6666 2 2 1 1 1347 5041 3513
6667 2 2 1 1 3184 4136 1320
6668 2 2 1 1 1443 4894 4315
6669 2 2 1 1 4170 5298 1395
6670 2 2 1 1 4031 6564 880
6671 2 2 1 1 2707 5924 1518
6672 2 2 1 1 2827 5046 988
6673 2 2 1 1 909 6731 2855
6674 2 2 1 1 2645 6203 4121
6675 2 2 1 1 1316 5599 2739
6676 2 2 1 1 2839 4550 1217
6677 2 2 1 1 1629 6214 2925
6678 2 2 1 1 2327 4723 2873
6679 2 2 1 1 657 3870 3474
6680 2 2 1 1 2759 5848 3283
6681 2 2 1 1 3530 5979 372
6682 2 2 1 1 4461 5198 1886
6683 2 2 1 1 2833 4372 989
6684 2 2 1 1 3948 4035 1394
6685 2 2 1 1 3275 4949 158
6686 2 2 1 1 2912 4360 1268
6687 2 2 1 1 1336 4005 3548
6688 2 2 1 1 1076 4163 3174
6689 2 2 1 1 2811 4341 569
6690 2 2 1 1 565 6858 3115
6691 2 2 1 1 2665 4563 1521
6692 2 2 1 1 1274 4235 3757
6693 2 2 1 1 4322 4378 2058
6694 2 2 1 1 3211 4945 314
6695 2 2 1 1 3096 6246 1157
6696 2 2 1 1 1490 5969 4443
6697 2 2 1 1 4090 4520 1704
6698 2 2 1 1 1507 4913 2809
6699 2 2 1 1 1347 4669 3017
6700 2 2 1 1 2995 3554 1193
6701 2 2 1 1 2542 6338 932
6702 2 2 1 1 1636 4688 4285
6703 2 2 1 1 3012 6245 1460
6704 2 2 1 1 2597 4325 1204
6705 2 2 1 1 1197 5860 2989
6706 2 2 1 1 167 6506 3745
6707 2 2 1 1 1138 4076 3301
6708 2 2 1 1 792 4662 3549
6709 2 2 1 1 2628 4343 1248
6710 2 2 1 1 910 6074 2848
6711 2 2 1 1 1732 6210 2791
6712 2 2 1 1 4778 5250 1668
6713 2 2 1 1 704 4609 3606
6714 2 2 1 1 4373 5294 1544
6715 2 2 1 1 4098 5000 2211
6716 2 2 1 1 4058 4249 1291
6717 2 2 1 1 4072 5474 1254
6718 2 2 1 1 5593 6649 913
6719 2 2 1 1 1796 5717 2806
6720 2 2 1 1 686 4059 3256
6721 2 2 1 1 1792 4962 3830
6722 2 2 1 1 1157 6246 3983
6723 2 2 1 1 690 5124 4930
6724 2 2 1 1 2302 5139 2735
6725 2 2 1 1 3542 5154 463
6726 2 2 1 1 2869 4203 799
6727 2 2 1 1 3385 4902 1815
6728 2 2 1 1 3292 5689 2223
6729 2 2 1 1 459 4510 3921
6730 2 2 1 1 1976 4457 3355
6731 2 2 1 1 3775 4350 1569
6732 2 2 1 1 2560 4946 1437
6733 2 2 1 1 2958 6650 4644
6734 2 2 1 1 5534 5968 2550
6735 2 2 1 1 2310 5801 2910
6736 2 2 1 1 2941 4691 623
6737 2 2 1 1 3510 4805 2195
6738 2 2 1 1 1511 6651 3113
6739 2 2 1 1 2870 5810 571
6740 2 2 1 1 2713 5568 1570
6741 2 2 1 1 1365 5730 4260
6742 2 2 1 1 1191 6565 4407
6743 2 2 1 1 5008 6839 1301
6744 2 2 1 1 1327 6907 2801
6745 2 2 1 1 1251 6500 3481
6746 2 2 1 1 3590 4116 648
6747 2 2 1 1 1042 4327 3231
6748 2 2 1 1 174 5692 173
6749 2 2 1 1 5148 5155 1528
6750 2 2 1 1 2491 6706 1197
6751 2 2 1 1 2397 6195 635
6752 2 2 1 1 3746 5982 2411
6753 2 2 1 1 3243 4078 1428
6754 2 2 1 1 3078 3537 713
6755 2 2 1 1 3053 4051 1665
6756 2 2 1 1 811 4948 2903
6757 2 2 1 1 3631 4195 1427
6758 2 2 1 1 4305 6564 2567
6759 2 2 1 1 3378 4802 1955
6760 2 2 1 1 1219 5551 3081
6761 2 2 1 1 275 3773 3030
6762 2 2 1 1 142 4292 2730
6763 2 2 1 1 988 4096 2805
6764 2 2 1 1 2946 5633 498
6765 2 2 1 1 2764 6891 407
6766 2 2 1 1 1615 5479 3932
6767 2 2 1 1 558 4409 2843
6768 2 2 1 1 486 4759 2954
6769 2 2 1 1 1601 5183 2891
6770 2 2 1 1 1585 4996 3311
6771 2 2 1 1 2666 5608 519
6772 2 2 1 1 1609 4816 3314
6773 2 2 1 1 2187 5609 3589
6774 2 2 1 1 1038 4646 3249
6775 2 2 1 1 168 6506 167
6776 2 2 1 1 4239 5208 2033
6777 2 2 1 1 1452 4040 3247
6778 2 2 1 1 1306 4158 3434
6779 2 2 1 1 3535 6086 790
6780 2 2 1 1 3839 4518 441
6781 2 2 1 1 3404 3776 1304
6782 2 2 1 1 1083 5263 3268
6783 2 2 1 1 3165 4836 1227
6784 2 2 1 1 2740 5857 4298
6785 2 2 1 1 3864 4307 2133
6786 2 2 1 1 1142 5835 2864
6787 2 2 1 1 737 5894 3267
6788 2 2 1 1 2531 4719 3256
6789 2 2 1 1 1355 4297 2555
6790 2 2 1 1 2018 6692 3673
6791 2 2 1 1 3172 3932 1346
6792 2 2 1 1 2969 4135 1318
6793 2 2 1 1 1929 5246 4175
6794 2 2 1 1 406 5924 2707
6795 2 2 1 1 507 6889 2858
6796 2 2 1 1 3063 5488 684
6797 2 2 1 1 1209 4931 2487
6798 2 2 1 1 314 6524 3211
6799 2 2 1 1 3213 3678 1036
6800 2 2 1 1 611 5578 4628
6801 2 2 1 1 1390 4458 3430
6802 2 2 1 1 194 4928 3112
6803 2 2 1 1 652 6528 4727
6804 2 2 1 1 3351 5142 2353
6805 2 2 1 1 2877 5414 1206
6806 2 2 1 1 687 4229 3448
6807 2 2 1 1 1433 4181 2965
6808 2 2 1 1 3032 4704 1047
6809 2 2 1 1 790 5407 3307
6810 2 2 1 1 940 5745 2775
6811 2 2 1 1 1825 5205 4089
6812 2 2 1 1 1125 5400 2717
6813 2 2 1 1 2125 5689 3292
6814 2 2 1 1 1787 4586 3280
6815 2 2 1 1 507 5717 4192
6816 2 2 1 1 591 3825 3277
6817 2 2 1 1 2830 4421 633
6818 2 2 1 1 3743 5350 1134
6819 2 2 1 1 1692 5190 5073
6820 2 2 1 1 3244 4429 1030
6821 2 2 1 1 672 5311 4003
6822 2 2 1 1 3009 3971 997
6823 2 2 1 1 759 5236 4161
6824 2 2 1 1 3158 5888 4500
6825 2 2 1 1 4077 5237 2038
6826 2 2 1 1 1956 4677 4507
6827 2 2 1 1 4822 6136 439
6828 2 2 1 1 2979 5870 1556
6829 2 2 1 1 1183 5130 3320
6830 2 2 1 1 1220 3480 2937
6831 2 2 1 1 751 5943 3713
6832 2 2 1 1 2377 6012 5227
6833 2 2 1 1 386 4946 2560
6834 2 2 1 1 3875 6915 2524
6835 2 2 1 1 4299 6454 2473
6836 2 2 1 1 1173 3992 2826
6837 2 2 1 1 713 3537 2965
6838 2 2 1 1 1556 4768 2979
6839 2 2 1 1 1312 5174 3378
6840 2 2 1 1 4722 5898 1502
6841 2 2 1 1 694 5883 4339
6842 2 2 1 1 3313 5603 1290
6843 2 2 1 1 3090 4711 1113
6844 2 2 1 1 1303 4352 2935
6845 2 2 1 1 5120 6723 1146
6846 2 2 1 1 4272 6587 1934
6847 2 2 1 1 4198 4753 259
6848 2 2 1 1 420 5941 3667
6849 2 2 1 1 2552 6424 1054
6850 2 2 1 1 4330 4627 467
6851 2 2 1 1 1788 4713 3848
6852 2 2 1 1 3235 5905 1823
6853 2 2 1 1 1500 5012 2886
6854 2 2 1 1 5021 6170 2113
6855 2 2 1 1 2088 6415 3381
6856 2 2 1 1 1281 6834 2885
6857 2 2 1 1 2921 6907 1327
6858 2 2 1 1 3078 4935 1206
6859 2 2 1 1 2076 6436 3013
6860 2 2 1 1 1186 4234 3097
6861 2 2 1 1 3101 4325 111
6862 2 2 1 1 2343 5677 3832
6863 2 2 1 1 2140 4647 3484
6864 2 2 1 1 4103 4712 1567
6865 2 2 1 1 3714 5420 835
6866 2 2 1 1 593 5237 4077
6867 2 2 1 1 3368 6568 1267
6868 2 2 1 1 1678 4829 3699
6869 2 2 1 1 1203 4151 2532
6870 2 2 1 1 1240 5384 2834
6871 2 2 1 1 372 6054 2975
6872 2 2 1 1 209 5568 208
6873 2 2 1 1 4829 5238 2233
6874 2 2 1 1 777 6693 2963
6875 2 2 1 1 905 5919 3319
6876 2 2 1 1 3163 5435 1959
6877 2 2 1 1 3371 5351 1273
6878 2 2 1 1 2168 4415 2898
6879 2 2 1 1 1941 5431 4404
6880 2 2 1 1 2955 5476 2317
6881 2 2 1 1 2568 6847 1613
6882 2 2 1 1 560 3695 3237
6883 2 2 1 1 487 4491 3040
6884 2 2 1 1 3095 5961 1831
6885 2 2 1 1 3056 4733 1449
6886 2 2 1 1 2854 6761 1062
6887 2 2 1 1 3044 5330 1654
6888 2 2 1 1 1659 6422 4905
6889 2 2 1 1 2728 6059 1068
6890 2 2 1 1 1884 4916 4188
6891 2 2 1 1 1360 3665 3496
6892 2 2 1 1 445 5895 4196
6893 2 2 1 1 336 5013 2709
6894 2 2 1 1 574 4127 3552
6895 2 2 1 1 2806 6757 2269
6896 2 2 1 1 3358 4707 1085
6897 2 2 1 1 2845 4577 1416
6898 2 2 1 1 3300 4259 1018
6899 2 2 1 1 2859 6888 1264
6900 2 2 1 1 2310 6861 3316
6901 2 2 1 1 497 5870 2979
6902 2 2 1 1 374 3768 3566
6903 2 2 1 1 3329 6562 1390
6904 2 2 1 1 2287 5407 3427
6905 2 2 1 1 3874 4652 1224
6906 2 2 1 1 1555 5433 2913
6907 2 2 1 1 6085 6792 617
6908 2 2 1 1 3020 4507 1834
6909 2 2 1 1 235 4584 3042
6910 2 2 1 1 1638 5704 4054
6911 2 2 1 1 3254 4013 392
6912 2 2 1 1 2571 6152 4759
6913 2 2 1 1 3554 6047 620
6914 2 2 1 1 992 6907 2921
6915 2 2 1 1 1606 5126 4835
6916 2 2 1 1 2043 6475 2977
6917 2 2 1 1 2994 5855 1575
6918 2 2 1 1 710 5558 3058
6919 2 2 1 1 732 6556 3125
6920 2 2 1 1 1975 4764 3297
6921 2 2 1 1 4864 5775 3201
6922 2 2 1 1 1791 4435 3973
6923 2 2 1 1 2790 6270 1798
6924 2 2 1 1 2930 6867 418
6925 2 2 1 1 2712 4342 1229
6926 2 2 1 1 556 6141 3215
6927 2 2 1 1 3111 6375 1081
6928 2 2 1 1 2685 5411 1383
6929 2 2 1 1 1940 4899 2824
6930 2 2 1 1 2937 5424 1466
6931 2 2 1 1 3673 4526 2018
6932 2 2 1 1 1755 5127 3370
6933 2 2 1 1 3342 5733 1750
6934 2 2 1 1 1605 6891 4411
6935 2 2 1 1 3011 4888 496
6936 2 2 1 1 2761 4981 1076
6937 2 2 1 1 1178 3935 3133
6938 2 2 1 1 4663 6572 1590
6939 2 2 1 1 380 4802 3378
6940 2 2 1 1 962 4585 2664
6941 2 2 1 1 3614 5066 1710
6942 2 2 1 1 2044 6696 4024
6943 2 2 1 1 1220 5886 3331
6944 2 2 1 1 1952 4876 3869
6945 2 2 1 1 4084 6057 789
6946 2 2 1 1 2485 5275 398
6947 2 2 1 1 609 3776 3404
6948 2 2 1 1 1127 5696 2637
6949 2 2 1 1 3489 6231 1781
6950 2 2 1 1 736 4208 2620
6951 2 2 1 1 579 4354 2722
6952 2 2 1 1 2301 5001 3651
6953 2 2 1 1 1795 4627 4330
6954 2 2 1 1 4286 4347 1330
6955 2 2 1 1 3170 5872 1376
6956 2 2 1 1 37 3234 36
6957 2 2 1 1 5242 6710 2341
6958 2 2 1 1 1528 3645 3561
6959 2 2 1 1 3308 4382 1292
6960 2 2 1 1 3620 4648 1488
6961 2 2 1 1 2873 5732 1117
6962 2 2 1 1 4365 5266 1833
6963 2 2 1 1 2662 5950 969
6964 2 2 1 1 2194 4794 4733
6965 2 2 1 1 2768 6274 3196
6966 2 2 1 1 1984 5533 3327
6967 2 2 1 1 388 4815 3783
6968 2 2 1 1 561 6662 2776
6969 2 2 1 1 1498 5027 2856
6970 2 2 1 1 3053 5829 62
6971 2 2 1 1 821 3288 3124
6972 2 2 1 1 707 4568 2796
6973 2 2 1 1 188 3527 187
6974 2 2 1 1 3841 5105 2005
6975 2 2 1 1 1134 5211 4254
6976 2 2 1 1 100 6685 3302
6977 2 2 1 1 2819 4952 1049
6978 2 2 1 1 52 3500 51
6979 2 2 1 1 642 4137 3993
6980 2 2 1 1 3377 3640 1737
6981 2 2 1 1 4721 6407 335
6982 2 2 1 1 5374 6913 2443
6983 2 2 1 1 2717 5495 505
6984 2 2 1 1 3405 4773 1542
6985 2 2 1 1 3324 3940 1599
6986 2 2 1 1 3511 4794 660
6987 2 2 1 1 1385 4326 3831
6988 2 2 1 1 1341 3856 3674
6989 2 2 1 1 1823 5905 3492
6990 2 2 1 1 1448 6916 4462
6991 2 2 1 1 1359 5146 3540
6992 2 2 1 1 2989 5860 216
6993 2 2 1 1 1023 6674 2797
6994 2 2 1 1 3259 5970 5503
6995 2 2 1 1 1459 5472 2771
6996 2 2 1 1 941 4090 3846
6997 2 2 1 1 411 6740 3290
6998 2 2 1 1 4400 6241 2253
6999 2 2 1 1 1229 6880 6376
7000 2 2 1 1 5776 6811 4632
7001 2 2 1 1 677 4761 3439
7002 2 2 1 1 654 6289 2848
7003 2 2 1 1 1661 6063 2739
7004 2 2 1 1 1434 4349 3929
7005 2 2 1 1 4285 4688 27
7006 2 2 1 1 2263 6620 3097
7007 2 2 1 1 687 6932 4102
7008 2 2 1 1 1633 6116 3052
7009 2 2 1 1 2222 6753 5678
7010 2 2 1 1 2919 6368 844
7011 2 2 1 1 2795 5212 1529
7012 2 2 1 1 923 4373 4299
7013 2 2 1 1 1709 6136 4067
7014 2 2 1 1 2841 6286 1294
7015 2 2 1 1 5433 6863 2913
7016 2 2 1 1 4233 6782 2971
7017 2 2 1 1 3664 5053 739
7018 2 2 1 1 3196 6274 479
7019 2 2 1 1 4027 5756 333
7020 2 2 1 1 3755 5038 1709
7021 2 2 1 1 824 6913 5374
7022 2 2 1 1 2838 5032 3525
7023 2 2 1 1 2938 6738 2188
7024 2 2 1 1 1580 4168 2837
7025 2 2 1 1 4040 6328 901
7026 2 2 1 1 3482 6220 1886
7027 2 2 1 1 2592 5496 905
7028 2 2 1 1 2563 6135 826
7029 2 2 1 1 849 6923 3236
7030 2 2 1 1 2034 5153 3491
7031 2 2 1 1 3026 5248 1685
7032 2 2 1 1 3308 5140 490
7033 2 2 1 1 645 4745 3458
7034 2 2 1 1 1332 4049 3879
7035 2 2 1 1 3817 3947 1487
7036 2 2 1 1 3100 5805 46
7037 2 2 1 1 1905 6499 5222
7038 2 2 1 1 543 6282 2753
7039 2 2 1 1 3175 5105 1532
7040 2 2 1 1 3124 3288 1277
7041 2 2 1 1 935 3697 3330
7042 2 2 1 1 170 6796 3624
7043 2 2 1 1 3836 6353 4228
7044 2 2 1 1 2896 5091 336
7045 2 2 1 1 2985 3569 1751
7046 2 2 1 1 3864 5867 1073
7047 2 2 1 1 3007 3879 756
7048 2 2 1 1 2820 6857 388
7049 2 2 1 1 2522 4306 1025
7050 2 2 1 1 3995 6411 6194
7051 2 2 1 1 2722 6036 1226
7052 2 2 1 1 1226 3892 2914
7053 2 2 1 1 1695 6732 2908
7054 2 2 1 1 3113 6651 3852
7055 2 2 1 1 4543 6215 772
7056 2 2 1 1 182 5879 4797
7057 2 2 1 1 1198 6705 4921
7058 2 2 1 1 2858 6889 6851
7059 2 2 1 1 3563 5469 461
7060 2 2 1 1 4015 5575 1535
7061 2 2 1 1 3402 3556 1714
7062 2 2 1 1 3585 4130 1543
7063 2 2 1 1 3573 3763 1617
7064 2 2 1 1 1445 5351 3371
7065 2 2 1 1 1096 4057 3327
7066 2 2 1 1 2729 6924 4332
7067 2 2 1 1 4262 5563 1700
7068 2 2 1 1 1998 5830 3899
7069 2 2 1 1 2092 5571 3194
7070 2 2 1 1 3830 4962 475
7071 2 2 1 1 1116 6746 3087
7072 2 2 1 1 2856 4610 1520
7073 2 2 1 1 3653 4226 1375
7074 2 2 1 1 657 4078 3870
7075 2 2 1 1 585 4306 2522
7076 2 2 1 1 703 5437 3149
7077 2 2 1 1 3254 6779 2193
7078 2 2 1 1 1075 5087 3510
7079 2 2 1 1 3180 5343 446
7080 2 2 1 1 3214 3625 976
7081 2 2 1 1 3165 5670 4836
7082 2 2 1 1 1505 4495 3420
7083 2 2 1 1 1289 5743 2623
7084 2 2 1 1 6001 6539 2298
7085 2 2 1 1 2592 5937 375
7086 2 2 1 1 3255 5988 1167
7087 2 2 1 1 2939 5787 1482
7088 2 2 1 1 2138 6122 3541
7089 2 2 1 1 416 5101 4172
7090 2 2 1 1 2814 5701 79
7091 2 2 1 1 3131 3762 593
7092 2 2 1 1 3482 5306 729
7093 2 2 1 1 3051 4115 1549
7094 2 2 1 1 601 6733 3265
7095 2 2 1 1 2848 6074 1779
7096 2 2 1 1 232 4343 231
7097 2 2 1 1 3249 4647 343
7098 2 2 1 1 1775 6057 4084
7099 2 2 1 1 2014 6885 2651
7100 2 2 1 1 5310 5833 2665
7101 2 2 1 1 3872 6522 2589
7102 2 2 1 1 641 4508 4471
7103 2 2 1 1 1134 4254 3449
7104 2 2 1 1 1531 6374 3008
7105 2 2 1 1 3022 5584 1918
7106 2 2 1 1 148 4467 2812
7107 2 2 1 1 4318 6528 652
7108 2 2 1 1 263 3941 262
7109 2 2 1 1 2266 6121 4516
7110 2 2 1 1 2958 6623 1472
7111 2 2 1 1 3555 5995 1235
7112 2 2 1 1 2886 5486 930
7113 2 2 1 1 4308 6631 761
7114 2 2 1 1 3386 6364 2112
7115 2 2 1 1 3747 5645 1545
7116 2 2 1 1 4024 6611 2044
7117 2 2 1 1 1302 6904 3119
7118 2 2 1 1 358 5582 3138
7119 2 2 1 1 3454 5338 891
7120 2 2 1 1 3406 5271 2099
7121 2 2 1 1 1287 5069 2915
7122 2 2 1 1 598 4805 3510
7123 2 2 1 1 2893 3789 2234
7124 2 2 1 1 3109 4430 1833
7125 2 2 1 1 2444 4110 3746
7126 2 2 1 1 4305 6122 2138
7127 2 2 1 1 1301 5565 3175
7128 2 2 1 1 3837 4919 763
7129 2 2 1 1 4258 4901 2150
7130 2 2 1 1 2985 6737 697
7131 2 2 1 1 4240 6127 2816
7132 2 2 1 1 1277 3960 3957
7133 2 2 1 1 4166 5302 1480
7134 2 2 1 1 3979 6259 1756
7135 2 2 1 1 3360 5011 1314
7136 2 2 1 1 3358 5594 4707
7137 2 2 1 1 3330 6428 1857
7138 2 2 1 1 437 6446 4604
7139 2 2 1 1 1167 5988 3029
7140 2 2 1 1 4834 5205 599
7141 2 2 1 1 2234 6094 2900
7142 2 2 1 1 2146 5206 4021
7143 2 2 1 1 4079 6297 5373
7144 2 2 1 1 2667 4209 75
7145 2 2 1 1 3238 6689 2021
7146 2 2 1 1 2791 6603 1042
7147 2 2 1 1 3195 5969 1490
7148 2 2 1 1 182 4797 181
7149 2 2 1 1 2976 4906 1626
7150 2 2 1 1 1333 3771 3696
7151 2 2 1 1 2999 5978 580
7152 2 2 1 1 2884 6482 1151
7153 2 2 1 1 1777 5369 3560
7154 2 2 1 1 2950 4367 563
7155 2 2 1 1 483 5917 2813
7156 2 2 1 1 4245 4395 1838
7157 2 2 1 1 672 6718 5311
7158 2 2 1 1 4461 4519 955
7159 2 2 1 1 4587 4923 809
7160 2 2 1 1 3256 4059 1618
7161 2 2 1 1 1540 6762 2892
7162 2 2 1 1 3149 5348 703
7163 2 2 1 1 4437 6426 1148
7164 2 2 1 1 1357 4882 3273
7165 2 2 1 1 4304 6322 1017
7166 2 2 1 1 951 5387 3123
7167 2 2 1 1 4246 6881 2481
7168 2 2 1 1 1103 4766 3164
7169 2 2 1 1 276 3773 275
7170 2 2 1 1 2939 6418 1031
7171 2 2 1 1 246 6288 3445
7172 2 2 1 1 4006 6018 692
7173 2 2 1 1 2627 6460 1356
7174 2 2 1 1 895 5838 2974
7175 2 2 1 1 1415 3733 2730
7176 2 2 1 1 796 6749 4118
7177 2 2 1 1 1296 6725 4693
7178 2 2 1 1 619 4457 2995
7179 2 2 1 1 5158 5518 1957
7180 2 2 1 1 4530 5021 2113
7181 2 2 1 1 3965 4960 1677
7182 2 2 1 1 5936 6641 2608
7183 2 2 1 1 443 4776 3086
7184 2 2 1 1 1690 5975 5052
7185 2 2 1 1 4026 5431 611
7186 2 2 1 1 3163 5713 1334
7187 2 2 1 1 3612 5289 1166
7188 2 2 1 1 5175 5865 1526
7189 2 2 1 1 4376 6001 2298
7190 2 2 1 1 2336 4602 3912
7191 2 2 1 1 3010 5385 1667
7192 2 2 1 1 2908 3907 1695
7193 2 2 1 1 1884 6330 3234
7194 2 2 1 1 2761 5078 1820
7195 2 2 1 1 1000 6051 2950
7196 2 2 1 1 2887 5869 2069
7197 2 2 1 1 1165 5240 3185
7198 2 2 1 1 2695 6649 5593
7199 2 2 1 1 1395 5496 2592
7200 2 2 1 1 2046 6579 3016
7201 2 2 1 1 2112 6364 4461
7202 2 2 1 1 5005 5446 2446
7203 2 2 1 1 4745 6532 3458
7204 2 2 1 1 1255 3970 3276
7205 2 2 1 1 3666 4726 754
7206 2 2 1 1 1536 6482 5527
7207 2 2 1 1 1204 5452 3036
7208 2 2 1 1 4171 6275 1098
7209 2 2 1 1 415 5674 3297
7210 2 2 1 1 2847 6420 934
7211 2 2 1 1 3162 4248 624
7212 2 2 1 1 4411 6891 2764
7213 2 2 1 1 3135 5985 1322
7214 2 2 1 1 4241 4896 647
7215 2 2 1 1 700 5026 4099
7216 2 2 1 1 918 6578 3581
7217 2 2 1 1 3035 5155 562
7218 2 2 1 1 2716 5908 865
7219 2 2 1 1 3134 6024 1784
7220 2 2 1 1 5517 6092 1489
7221 2 2 1 1 1330 4269 3550
7222 2 2 1 1 1549 5669 3051
7223 2 2 1 1 497 5566 2779
7224 2 2 1 1 4672 5458 1449
7225 2 2 1 1 2717 5400 3593
7226 2 2 1 1 170 3624 169
7227 2 2 1 1 111 4325 110
7228 2 2 1 1 4071 5945 2693
7229 2 2 1 1 3843 6706 578
7230 2 2 1 1 311 6668 3466
7231 2 2 1 1 2675 4527 911
7232 2 2 1 1 555 4072 3116
7233 2 2 1 1 1307 4728 2972
7234 2 2 1 1 5686 6155 1158
7235 2 2 1 1 3680 5106 500
7236 2 2 1 1 2766 6331 1681
7237 2 2 1 1 1039 4067 3076
7238 2 2 1 1 5058 6897 2354
7239 2 2 1 1 4628 5578 2536
7240 2 2 1 1 5308 6064 669
7241 2 2 1 1 2012 6870 3409
7242 2 2 1 1 2584 6092 5517
7243 2 2 1 1 2476 6505 4216
7244 2 2 1 1 547 6830 4378
7245 2 2 1 1 1685 5248 3274
7246 2 2 1 1 2761 5366 1578
7247 2 2 1 1 646 4483 2884
7248 2 2 1 1 3124 4429 1848
7249 2 2 1 1 3307 5407 2006
7250 2 2 1 1 2925 6083 1629
7251 2 2 1 1 423 5484 3105
7252 2 2 1 1 3913 5018 1993
7253 2 2 1 1 2588 5192 966
7254 2 2 1 1 2786 6347 1781
7255 2 2 1 1 68 6562 3329
7256 2 2 1 1 2907 4777 637
7257 2 2 1 1 3473 6529 3455
7258 2 2 1 1 4123 6356 2556
7259 2 2 1 1 1784 6318 3134
7260 2 2 1 1 1217 6829 2839
7261 2 2 1 1 3430 4458 698
7262 2 2 1 1 1562 4761 3447
7263 2 2 1 1 3086 3853 443
7264 2 2 1 1 3846 4090 1704
7265 2 2 1 1 1430 3993 3282
7266 2 2 1 1 2739 4330 1661
7267 2 2 1 1 2895 6826 2218
7268 2 2 1 1 2152 5839 5457
7269 2 2 1 1 1104 6432 3446
7270 2 2 1 1 1149 6413 3490
7271 2 2 1 1 2799 4809 1052
7272 2 2 1 1 2998 6231 747
7273 2 2 1 1 1899 6174 3414
7274 2 2 1 1 4529 6606 2075
7275 2 2 1 1 953 6263 2649
7276 2 2 1 1 4845 5036 2302
7277 2 2 1 1 3232 5171 623
7278 2 2 1 1 3914 4032 1275
7279 2 2 1 1 3527 4511 1865
7280 2 2 1 1 3900 6559 2006
7281 2 2 1 1 1612 5306 3482
7282 2 2 1 1 894 6337 4249
7283 2 2 1 1 2975 6563 2376
7284 2 2 1 1 2841 5841 944
7285 2 2 1 1 1695 3907 3892
7286 2 2 1 1 3882 4603 937
7287 2 2 1 1 5914 6391 2759
7288 2 2 1 1 1390 6562 3229
7289 2 2 1 1 187 4878 186
7290 2 2 1 1 2011 6882 3111
7291 2 2 1 1 1304 4512 3806
7292 2 2 1 1 2294 5697 3833
7293 2 2 1 1 1383 3809 3579
7294 2 2 1 1 911 5691 2675
7295 2 2 1 1 2490 6797 3028
7296 2 2 1 1 128 3709 127
7297 2 2 1 1 2443 6900 5374
7298 2 2 1 1 655 3958 3676
7299 2 2 1 1 2947 6317 1557
7300 2 2 1 1 3140 6418 5682
7301 2 2 1 1 1882 5900 5514
7302 2 2 1 1 495 5064 3518
7303 2 2 1 1 3632 5891 956
7304 2 2 1 1 3412 6120 1895
7305 2 2 1 1 535 4737 2918
7306 2 2 1 1 285 4914 2570
7307 2 2 1 1 2996 4235 1274
7308 2 2 1 1 383 6095 3090
7309 2 2 1 1 3136 4180 224
7310 2 2 1 1 550 4947 2682
7311 2 2 1 1 4932 5256 410
7312 2 2 1 1 4765 6117 1597
7313 2 2 1 1 1629 3907 2908
7314 2 2 1 1 33 6771 3506
7315 2 2 1 1 1911 4992 4963
7316 2 2 1 1 2062 5724 3620
7317 2 2 1 1 3310 6477 1916
7318 2 2 1 1 1332 3879 3007
7319 2 2 1 1 1421 4603 3882
7320 2 2 1 1 2703 4645 1310
7321 2 2 1 1 587 5629 2752
7322 2 2 1 1 1363 4637 3574
7323 2 2 1 1 3775 4080 354
7324 2 2 1 1 2072 4974 4487
7325 2 2 1 1 1999 5891 3632
7326 2 2 1 1 2759 6391 5848
7327 2 2 1 1 721 5903 2924
7328 2 2 1 1 1698 4559 4142
7329 2 2 1 1 1486 5033 4362
7330 2 2 1 1 3592 5451 153
7331 2 2 1 1 1808 5977 4346
7332 2 2 1 1 1766 4856 3474
7333 2 2 1 1 562 5155 5059
7334 2 2 1 1 447 4520 3546
7335 2 2 1 1 1709 4067 3755
7336 2 2 1 1 2924 4819 2350
7337 2 2 1 1 3342 6613 1057
7338 2 2 1 1 3896 6365 630
7339 2 2 1 1 1024 6681 5627
7340 2 2 1 1 997 5047 3009
7341 2 2 1 1 1502 5318 2752
7342 2 2 1 1 2961 4273 499
7343 2 2 1 1 3115 4337 1331
7344 2 2 1 1 2205 3851 2943
7345 2 2 1 1 3307 4133 2019
7346 2 2 1 1 6116 6551 832
7347 2 2 1 1 1257 4986 3083
7348 2 2 1 1 3490 6413 4564
7349 2 2 1 1 3086 4591 1462
7350 2 2 1 1 1039 4853 3059
7351 2 2 1 1 4497 4813 1900
7352 2 2 1 1 519 6197 4287
7353 2 2 1 1 3018 6516 5056
7354 2 2 1 1 3017 4669 163
7355 2 2 1 1 2702 4214 356
7356 2 2 1 1 3162 5336 1194
7357 2 2 1 1 408 4182 4020
7358 2 2 1 1 1155 6308 3488
7359 2 2 1 1 1006 6584 5342
7360 2 2 1 1 2692 6410 460
7361 2 2 1 1 4444 5768 2440
7362 2 2 1 1 2993 4399 2521
7363 2 2 1 1 3204 6591 1627
7364 2 2 1 1 3313 5030 389
7365 2 2 1 1 5916 6030 364
7366 2 2 1 1 1038 4657 4646
7367 2 2 1 1 4210 5875 495
7368 2 2 1 1 3601 4230 1195
7369 2 2 1 1 562 5059 3060
7370 2 2 1 1 292 4359 291
7371 2 2 1 1 2116 6367 2928
7372 2 2 1 1 1816 5948 4817
7373 2 2 1 1 1842 4347 4286
7374 2 2 1 1 2940 5058 4780
7375 2 2 1 1 2733 6252 3750
7376 2 2 1 1 1954 6345 2826
7377 2 2 1 1 2809 6427 1927
7378 2 2 1 1 865 5908 2623
7379 2 2 1 1 4062 5392 706
7380 2 2 1 1 2998 4918 1781
7381 2 2 1 1 3278 5145 4169
7382 2 2 1 1 63 4377 3053
7383 2 2 1 1 3503 5821 362
7384 2 2 1 1 384 6516 3654
7385 2 2 1 1 3134 6292 1754
7386 2 2 1 1 1327 3991 3897
7387 2 2 1 1 2258 5874 2788
7388 2 2 1 1 1529 4176 2795
7389 2 2 1 1 3087 6746 432
7390 2 2 1 1 1614 5088 4496
7391 2 2 1 1 3161 5238 1678
7392 2 2 1 1 1522 5279 2665
7393 2 2 1 1 367 4702 3380
7394 2 2 1 1 2965 4181 713
7395 2 2 1 1 3824 6409 1489
7396 2 2 1 1 987 4082 3427
7397 2 2 1 1 5457 6859 2715
7398 2 2 1 1 2982 6381 1357
7399 2 2 1 1 1657 4714 2978
7400 2 2 1 1 4022 4675 1582
7401 2 2 1 1 1355 4777 2907
7402 2 2 1 1 1711 4958 3456
7403 2 2 1 1 1987 5055 3671
7404 2 2 1 1 1654 6674 3769
7405 2 2 1 1 501 6874 4046
7406 2 2 1 1 4885 6739 2061
7407 2 2 1 1 3372 5303 2036
7408 2 2 1 1 2082 6417 3103
7409 2 2 1 1 2249 6790 4178
7410 2 2 1 1 3116 4072 1710
7411 2 2 1 1 3617 5379 1632
7412 2 2 1 1 3546 4520 1448
7413 2 2 1 1 1290 5603 2793
7414 2 2 1 1 3429 4582 2200
7415 2 2 1 1 301 4360 2912
7416 2 2 1 1 585 5716 2787
7417 2 2 1 1 4301 4546 1611
7418 2 2 1 1 141 3644 140
7419 2 2 1 1 3197 6571 1909
7420 2 2 1 1 3542 6199 1908
7421 2 2 1 1 779 5647 3910
7422 2 2 1 1 4905 6422 2494
7423 2 2 1 1 3073 4622 639
7424 2 2 1 1 356 6659 2702
7425 2 2 1 1 2050 5534 5309
7426 2 2 1 1 537 4582 3440
7427 2 2 1 1 1265 5432 3726
7428 2 2 1 1 2270 5017 2676
7429 2 2 1 1 4315 4894 1780
7430 2 2 1 1 374 5287 3802
7431 2 2 1 1 580 5978 4849
7432 2 2 1 1 3239 5815 1106
7433 2 2 1 1 947 5413 2692
7434 2 2 1 1 1269 6556 3082
7435 2 2 1 1 2633 5672 1046
7436 2 2 1 1 134 6635 5066
7437 2 2 1 1 5713 6170 1334
7438 2 2 1 1 3458 3754 1577
7439 2 2 1 1 1843 6297 4079
7440 2 2 1 1 428 5018 3913
7441 2 2 1 1 1490 4991 3147
7442 2 2 1 1 43 5801 42
7443 2 2 1 1 3175 5565 890
7444 2 2 1 1 2979 4768 967
7445 2 2 1 1 3218 6395 807
7446 2 2 1 1 829 6245 3012
7447 2 2 1 1 508 5396 3489
7448 2 2 1 1 4099 5026 1946
7449 2 2 1 1 734 5130 4943
7450 2 2 1 1 4693 6725 3000
7451 2 2 1 1 3567 5525 1846
7452 2 2 1 1 1428 4261 3034
7453 2 2 1 1 2731 5949 784
7454 2 2 1 1 2972 5325 1230
7455 2 2 1 1 422 5213 3947
7456 2 2 1 1 639 6742 2886
7457 2 2 1 1 969 6295 2662
7458 2 2 1 1 5052 5975 2854
7459 2 2 1 1 270 3877 269
7460 2 2 1 1 1323 5811 3885
7461 2 2 1 1 4043 6879 422
7462 2 2 1 1 2255 5137 4495
7463 2 2 1 1 1418 6873 4857
7464 2 2 1 1 5022 5901 2067
7465 2 2 1 1 4084 5290 1642
7466 2 2 1 1 2129 5175 4279
7467 2 2 1 1 2950 5513 2108
7468 2 2 1 1 1748 6310 4914
7469 2 2 1 1 1501 5918 4122
7470 2 2 1 1 4855 6780 2349
7471 2 2 1 1 368 5969 3195
7472 2 2 1 1 5650 5715 2406
7473 2 2 1 1 4248 4860 1586
7474 2 2 1 1 1557 5326 3028
7475 2 2 1 1 271 4730 2933
7476 2 2 1 1 117 3899 116
7477 2 2 1 1 4195 4196 1427
7478 2 2 1 1 4852 4893 1679
7479 2 2 1 1 691 4484 3349
7480 2 2 1 1 2848 6289 1705
7481 2 2 1 1 1008 5344 3505
7482 2 2 1 1 4746 5184 1836
7483 2 2 1 1 893 4239 3118
7484 2 2 1 1 4519 6220 3596
7485 2 2 1 1 1059 6036 2722
7486 2 2 1 1 1554 5503 3943
7487 2 2 1 1 3526 4139 1703
7488 2 2 1 1 379 6444 2942
7489 2 2 1 1 2431 6043 3811
7490 2 2 1 1 1330 4347 2906
7491 2 2 1 1 4105 6855 503
7492 2 2 1 1 3664 5512 1179
7493 2 2 1 1 2636 6435 1484
7494 2 2 1 1 3266 4301 727
7495 2 2 1 1 5547 6386 3225
7496 2 2 1 1 3319 5919 2672
7497 2 2 1 1 2785 5581 4648
7498 2 2 1 1 3921 4510 2135
7499 2 2 1 1 597 4451 3245
7500 2 2 1 1 2906 4347 1035
7501 2 2 1 1 1368 3789 2893
7502 2 2 1 1 1496 4799 3205
7503 2 2 1 1 4443 5969 2639
7504 2 2 1 1 3257 4340 1421
7505 2 2 1 1 2833 5983 1827
7506 2 2 1 1 3296 5725 1214
7507 2 2 1 1 386 5680 2923
7508 2 2 1 1 2769 5116 1480
7509 2 2 1 1 375 5937 3094
7510 2 2 1 1 3323 5055 1987
7511 2 2 1 1 3657 6896 6096
7512 2 2 1 1 2925 4800 1290
7513 2 2 1 1 2752 5318 587
7514 2 2 1 1 206 4346 205
7515 2 2 1 1 3838 6050 1854
7516 2 2 1 1 4262 4322 2058
7517 2 2 1 1 5471 6150 1740
7518 2 2 1 1 1619 4760 4416
7519 2 2 1 1 3318 5397 1484
7520 2 2 1 1 5225 5850 1894
7521 2 2 1 1 2570 4498 284
7522 2 2 1 1 3879 4049 1844
7523 2 2 1 1 1503 4540 4206
7524 2 2 1 1 1574 5315 4455
7525 2 2 1 1 3029 4481 1167
7526 2 2 1 1 991 6014 3303
7527 2 2 1 1 1801 5423 3514
7528 2 2 1 1 215 5860 3183
7529 2 2 1 1 4549 5906 309
7530 2 2 1 1 281 3764 280
7531 2 2 1 1 3870 4324 1766
7532 2 2 1 1 2003 6878 3249
7533 2 2 1 1 705 5882 2781
7534 2 2 1 1 1391 3927 3641
7535 2 2 1 1 1315 6077 3829
7536 2 2 1 1 151 6145 150
7537 2 2 1 1 4617 5353 2237
7538 2 2 1 1 2620 4656 1252
7539 2 2 1 1 1842 4546 4301
7540 2 2 1 1 3036 5452 556
7541 2 2 1 1 4051 6473 1665
7542 2 2 1 1 2849 6169 1814
7543 2 2 1 1 3821 6740 411
7544 2 2 1 1 1864 5251 2954
7545 2 2 1 1 1603 4196 4195
7546 2 2 1 1 2703 5275 1345
7547 2 2 1 1 6147 6251 2080
7548 2 2 1 1 2987 4654 888
7549 2 2 1 1 2801 6907 992
7550 2 2 1 1 1539 4618 3522
7551 2 2 1 1 115 3682 114
7552 2 2 1 1 4023 4512 1304
7553 2 2 1 1 989 5983 2833
7554 2 2 1 1 2165 5266 4365
7555 2 2 1 1 2918 6600 535
7556 2 2 1 1 1811 5529 3924
7557 2 2 1 1 4948 5034 1183
7558 2 2 1 1 1475 5738 5192
7559 2 2 1 1 69 6562 68
7560 2 2 1 1 5108 6825 3306
7561 2 2 1 1 3322 4754 1515
7562 2 2 1 1 509 6795 3522
7563 2 2 1 1 3427 6596 987
7564 2 2 1 1 4460 4917 2074
7565 2 2 1 1 1282 4472 3005
7566 2 2 1 1 2712 6376 966
7567 2 2 1 1 2929 6521 424
7568 2 2 1 1 3411 6751 1861
7569 2 2 1 1 1528 5155 3035
7570 2 2 1 1 2565 6150 5471
7571 2 2 1 1 2699 4802 380
7572 2 2 1 1 1503 4206 3975
7573 2 2 1 1 3821 4296 1354
7574 2 2 1 1 1581 5758 2952
7575 2 2 1 1 1112 6860 4386
7576 2 2 1 1 2099 4220 3331
7577 2 2 1 1 2424 4912 3790
7578 2 2 1 1 1300 5000 4100
7579 2 2 1 1 5560 6185 349
7580 2 2 1 1 5257 5864 586
7581 2 2 1 1 5281 5384 832
7582 2 2 1 1 4396 5016 1464
7583 2 2 1 1 4140 5921 579
7584 2 2 1 1 3758 5434 1539
7585 2 2 1 1 2077 4911 4524
7586 2 2 1 1 1753 5473 4225
7587 2 2 1 1 2703 4566 819
7588 2 2 1 1 2546 6602 4612
7589 2 2 1 1 390 4595 2789
7590 2 2 1 1 4839 5151 817
7591 2 2 1 1 434 5446 3117
7592 2 2 1 1 3564 5178 1139
7593 2 2 1 1 1578 4981 2761
7594 2 2 1 1 2904 4255 565
7595 2 2 1 1 3170 5592 359
7596 2 2 1 1 2395 5151 4839
7597 2 2 1 1 515 5989 4984
7598 2 2 1 1 3201 5193 393
7599 2 2 1 1 1040 5993 2570
7600 2 2 1 1 3699 3947 1365
7601 2 2 1 1 3092 4585 1995
7602 2 2 1 1 1660 5108 3306
7603 2 2 1 1 2642 6038 4751
7604 2 2 1 1 2530 6844 1326
7605 2 2 1 1 4327 4889 3231
7606 2 2 1 1 1671 4933 3108
7607 2 2 1 1 4143 6909 2678
7608 2 2 1 1 3607 4828 1229
7609 2 2 1 1 584 6344 2747
7610 2 2 1 1 3535 4177 1190
7611 2 2 1 1 5111 6226 744
7612 2 2 1 1 6414 6460 615
7613 2 2 1 1 4400 4755 684
7614 2 2 1 1 3597 6679 1027
7615 2 2 1 1 578 6706 4053
7616 2 2 1 1 3265 6733 1420
7617 2 2 1 1 1256 4747 3023
7618 2 2 1 1 3713 5943 1910
7619 2 2 1 1 3348 5459 1119
7620 2 2 1 1 1247 4251 3552
7621 2 2 1 1 4542 6832 2984
7622 2 2 1 1 2699 4554 1084
7623 2 2 1 1 487 4655 3038
7624 2 2 1 1 4756 4766 1103
7625 2 2 1 1 3271 5925 1106
7626 2 2 1 1 3110 6182 2155
7627 2 2 1 1 4014 5007 1918
7628 2 2 1 1 3483 4109 1263
7629 2 2 1 1 4865 6674 1654
7630 2 2 1 1 1366 4922 3647
7631 2 2 1 1 2893 6459 1368
7632 2 2 1 1 3125 6556 1269
7633 2 2 1 1 1932 5359 3223
7634 2 2 1 1 3675 4788 1320
7635 2 2 1 1 6219 6752 3979
7636 2 2 1 1 1281 4654 2987
7637 2 2 1 1 2707 5042 406
7638 2 2 1 1 3458 6532 1140
7639 2 2 1 1 4011 5000 1300
7640 2 2 1 1 4681 5668 1033
7641 2 2 1 1 1253 3861 3120
7642 2 2 1 1 272 6543 4730
7643 2 2 1 1 344 6233 4316
7644 2 2 1 1 3024 5222 2035
7645 2 2 1 1 577 6650 3608
7646 2 2 1 1 2731 4051 1175
7647 2 2 1 1 3223 5359 1065
7648 2 2 1 1 444 4147 3351
7649 2 2 1 1 3174 4163 1635
7650 2 2 1 1 1054 6424 3128
7651 2 2 1 1 524 5370 4217
7652 2 2 1 1 3595 5560 349
7653 2 2 1 1 1812 4798 2964
7654 2 2 1 1 3399 4571 1642
7655 2 2 1 1 3112 4928 1637
7656 2 2 1 1 1842 4301 3266
7657 2 2 1 1 2402 5499 3246
7658 2 2 1 1 1307 6885 4073
7659 2 2 1 1 197 4998 196
7660 2 2 1 1 3942 4598 404
7661 2 2 1 1 3335 4661 649
7662 2 2 1 1 1433 5997 2741
7663 2 2 1 1 3807 6472 607
7664 2 2 1 1 5821 6300 362
7665 2 2 1 1 1493 5712 4161
7666 2 2 1 1 1346 4190 3533
7667 2 2 1 1 2985 6897 1021
7668 2 2 1 1 1810 5976 4302
7669 2 2 1 1 2506 6132 3959
7670 2 2 1 1 1881 5805 3100
7671 2 2 1 1 3961 4311 2048
7672 2 2 1 1 3651 5001 792
7673 2 2 1 1 3347 5554 3300
7674 2 2 1 1 376 5930 3425
7675 2 2 1 1 4308 4486 2434
7676 2 2 1 1 3147 4991 605
7677 2 2 1 1 4329 5421 3980
7678 2 2 1 1 1700 5774 3661
7679 2 2 1 1 5034 5130 1183
7680 2 2 1 1 3502 4147 444
7681 2 2 1 1 1120 4778 3663
7682 2 2 1 1 2224 4893 4852
7683 2 2 1 1 4020 4182 1608
7684 2 2 1 1 3997 4487 1349
7685 2 2 1 1 1074 5345 3106
7686 2 2 1 1 848 4606 3850
7687 2 2 1 1 4728 5942 340
7688 2 2 1 1 2935 6571 1044
7689 2 2 1 1 1473 3762 3131
7690 2 2 1 1 3114 5836 701
7691 2 2 1 1 3298 6460 6414
7692 2 2 1 1 4243 4870 848
7693 2 2 1 1 1162 6173 2620
7694 2 2 1 1 1569 4080 3775
7695 2 2 1 1 1317 6917 4464
7696 2 2 1 1 4633 6501 1992
7697 2 2 1 1 779 5936 5647
7698 2 2 1 1 4157 5918 1501
7699 2 2 1 1 3312 4937 288
7700 2 2 1 1 5883 6654 1934
7701 2 2 1 1 2987 6834 1281
7702 2 2 1 1 289 6620 3312
7703 2 2 1 1 6 6007 5
7704 2 2 1 1 6336 6582 1941
7705 2 2 1 1 3059 4887 379
7706 2 2 1 1 2124 5704 4868
7707 2 2 1 1 3166 3669 506
7708 2 2 1 1 2133 5867 3864
7709 2 2 1 1 4013 5933 392
7710 2 2 1 1 2035 6619 3024
7711 2 2 1 1 1835 6010 2676
7712 2 2 1 1 742 4571 3399
7713 2 2 1 1 3374 3937 613
7714 2 2 1 1 337 6015 4795
7715 2 2 1 1 2331 5554 3347
7716 2 2 1 1 3206 6382 1993
7717 2 2 1 1 3117 5446 1644
7718 2 2 1 1 2989 4085 1197
7719 2 2 1 1 5304 6521 1410
7720 2 2 1 1 1449 4794 3511
7721 2 2 1 1 1211 6461 3038
7722 2 2 1 1 347 5065 3431
7723 2 2 1 1 1796 5698 3517
7724 2 2 1 1 1451 5939 2840
7725 2 2 1 1 3957 3960 1664
7726 2 2 1 1 1643 6025 3373
7727 2 2 1 1 216 5860 215
7728 2 2 1 1 3045 6320 1323
7729 2 2 1 1 3239 4027 333
7730 2 2 1 1 1974 4919 3837
7731 2 2 1 1 3960 4807 720
7732 2 2 1 1 2155 5450 3617
7733 2 2 1 1 3331 5886 719
7734 2 2 1 1 2980 4236 727
7735 2 2 1 1 1621 4850 3388
7736 2 2 1 1 2873 4320 529
7737 2 2 1 1 1806 5454 3755
7738 2 2 1 1 1334 4599 3163
7739 2 2 1 1 1128 6114 2883
7740 2 2 1 1 3180 4597 1191
7741 2 2 1 1 832 5384 3052
7742 2 2 1 1 4056 5834 2590
7743 2 2 1 1 4086 5518 1328
7744 2 2 1 1 3044 4924 1352
7745 2 2 1 1 1248 4159 3483
7746 2 2 1 1 2406 5715 2868
7747 2 2 1 1 2042 5737 4866
7748 2 2 1 1 573 5482 2865
7749 2 2 1 1 2654 6821 4909
7750 2 2 1 1 3342 6715 702
7751 2 2 1 1 1660 4819 2924
7752 2 2 1 1 153 5451 152
7753 2 2 1 1 4482 5811 1323
7754 2 2 1 1 2829 6413 1149
7755 2 2 1 1 3034 4261 428
7756 2 2 1 1 1460 6245 2746
7757 2 2 1 1 2809 5634 989
7758 2 2 1 1 6113 6850 3777
7759 2 2 1 1 2558 6088 993
7760 2 2 1 1 1345 4566 2703
7761 2 2 1 1 2570 6310 1040
7762 2 2 1 1 4023 4782 711
7763 2 2 1 1 2642 6010 1835
7764 2 2 1 1 2596 6853 3565
7765 2 2 1 1 120 5448 119
7766 2 2 1 1 4097 6931 417
7767 2 2 1 1 4334 6167 2174
7768 2 2 1 1 872 5584 4845
7769 2 2 1 1 431 5000 4098
7770 2 2 1 1 947 6719 2708
7771 2 2 1 1 4183 5536 1438
7772 2 2 1 1 3383 4479 1614
7773 2 2 1 1 1391 4485 3927
7774 2 2 1 1 2595 4895 3293
7775 2 2 1 1 2056 6600 2918
7776 2 2 1 1 1203 6912 2968
7777 2 2 1 1 4516 6121 1260
7778 2 2 1 1 3760 6065 1280
7779 2 2 1 1 2090 6793 6203
7780 2 2 1 1 1398 6051 3715
7781 2 2 1 1 1260 6512 5422
7782 2 2 1 1 3923 5720 602
7783 2 2 1 1 5066 6635 3006
7784 2 2 1 1 4591 5119 1462
7785 2 2 1 1 1193 6586 2995
7786 2 2 1 1 3938 3939 1720
7787 2 2 1 1 996 6710 5242
7788 2 2 1 1 3586 4652 360
7789 2 2 1 1 3361 6089 1127
7790 2 2 1 1 1742 4870 4243
7791 2 2 1 1 3487 4747 1256
7792 2 2 1 1 862 6517 3611
7793 2 2 1 1 1026 6688 2942
7794 2 2 1 1 1895 6120 3428
7795 2 2 1 1 4931 5029 1001
7796 2 2 1 1 2011 5157 3846
7797 2 2 1 1 2032 4566 4312
7798 2 2 1 1 3549 4662 1548
7799 2 2 1 1 64 4377 63
7800 2 2 1 1 4638 5291 2294
7801 2 2 1 1 3750 4033 1335
7802 2 2 1 1 1410 6521 2929
7803 2 2 1 1 3008 4953 1531
7804 2 2 1 1 636 5659 2853
7805 2 2 1 1 498 5633 5416
7806 2 2 1 1 2627 4570 4391
7807 2 2 1 1 1122 4530 3723
7808 2 2 1 1 3168 4735 1460
7809 2 2 1 1 2709 6327 5828
7810 2 2 1 1 1841 6321 3834
7811 2 2 1 1 671 6139 3071
7812 2 2 1 1 3670 6535 824
7813 2 2 1 1 758 6427 2809
7814 2 2 1 1 1831 4052 3095
7815 2 2 1 1 650 4156 3634
7816 2 2 1 1 2989 6764 217
7817 2 2 1 1 1416 6848 3004
7818 2 2 1 1 1329 5434 3758
7819 2 2 1 1 2676 5017 1835
7820 2 2 1 1 599 5205 3919
7821 2 2 1 1 1229 6376 2712
7822 2 2 1 1 1457 4650 3536
7823 2 2 1 1 4604 6446 2838
7824 2 2 1 1 1105 4340 3257
7825 2 2 1 1 809 5929 4474
7826 2 2 1 1 1980 5678 3695
7827 2 2 1 1 1405 5900 4489
7828 2 2 1 1 1728 5925 3271
7829 2 2 1 1 3424 6242 1551
7830 2 2 1 1 624 5699 3162
7831 2 2 1 1 4323 4352 1303
7832 2 2 1 1 3433 5422 331
7833 2 2 1 1 731 5711 3580
7834 2 2 1 1 1444 3891 2965
7835 2 2 1 1 1593 5466 5410
7836 2 2 1 1 3244 6045 2966
7837 2 2 1 1 27 4688 26
7838 2 2 1 1 3727 6910 523
7839 2 2 1 1 1370 3640 3377
7840 2 2 1 1 2999 6578 2025
7841 2 2 1 1 3010 5101 416
7842 2 2 1 1 422 4829 4043
7843 2 2 1 1 3363 6668 312
7844 2 2 1 1 2815 5177 626
7845 2 2 1 1 1551 6093 3424
7846 2 2 1 1 1297 4438 3854
7847 2 2 1 1 4399 5150 853
7848 2 2 1 1 3321 5910 1187
7849 2 2 1 1 1455 5336 3162
7850 2 2 1 1 1898 5899 3058
7851 2 2 1 1 1217 6331 2766
7852 2 2 1 1 2350 5029 4931
7853 2 2 1 1 365 6332 2800
7854 2 2 1 1 5496 6174 905
7855 2 2 1 1 3193 5807 3369
7856 2 2 1 1 709 4524 3975
7857 2 2 1 1 2941 6926 1082
7858 2 2 1 1 1385 4949 3275
7859 2 2 1 1 625 6591 3204
7860 2 2 1 1 762 5445 5054
7861 2 2 1 1 3132 6218 1378
7862 2 2 1 1 4624 5775 2279
7863 2 2 1 1 3897 3991 1761
7864 2 2 1 1 528 6812 3922
7865 2 2 1 1 3347 6067 2331
7866 2 2 1 1 2271 4540 3226
7867 2 2 1 1 3222 5040 1250
7868 2 2 1 1 2209 6301 4066
7869 2 2 1 1 3097 4359 1186
7870 2 2 1 1 1945 6255 3168
7871 2 2 1 1 2964 4798 189
7872 2 2 1 1 3028 5404 1557
7873 2 2 1 1 1162 3711 3079
7874 2 2 1 1 1254 4212 3614
7875 2 2 1 1 3517 4192 1796
7876 2 2 1 1 2114 6900 3383
7877 2 2 1 1 3154 6063 1661
7878 2 2 1 1 1422 5177 2815
7879 2 2 1 1 1531 4953 2986
7880 2 2 1 1 1819 5877 2934
7881 2 2 1 1 3680 5914 2759
7882 2 2 1 1 2198 5942 4728
7883 2 2 1 1 1275 5683 3914
7884 2 2 1 1 1639 5292 2923
7885 2 2 1 1 2623 5743 865
7886 2 2 1 1 3388 4746 1836
7887 2 2 1 1 3249 4646 1463
7888 2 2 1 1 392 5081 3354
7889 2 2 1 1 4628 5453 1414
7890 2 2 1 1 3274 6644 1246
7891 2 2 1 1 326 6644 325
7892 2 2 1 1 885 4559 4284
7893 2 2 1 1 924 6184 3006
7894 2 2 1 1 341 6922 3072
7895 2 2 1 1 4339 6380 694
7896 2 2 1 1 3058 4906 710
7897 2 2 1 1 2838 6446 1648
7898 2 2 1 1 3370 5127 1097
7899 2 2 1 1 3355 5971 1976
7900 2 2 1 1 2545 6406 4111
7901 2 2 1 1 4922 6070 679
7902 2 2 1 1 1510 6867 2930
7903 2 2 1 1 4222 5013 336
7904 2 2 1 1 5423 5437 703
7905 2 2 1 1 3036 5051 977
7906 2 2 1 1 1396 4068 3622
7907 2 2 1 1 488 3782 3252
7908 2 2 1 1 3319 6601 1783
7909 2 2 1 1 3855 5346 2240
7910 2 2 1 1 4047 4455 1810
7911 2 2 1 1 569 4341 3478
7912 2 2 1 1 1331 4247 2893
7913 2 2 1 1 2789 4595 1288
7914 2 2 1 1 1927 5634 2809
7915 2 2 1 1 1287 5562 2476
7916 2 2 1 1 1246 6007 3219
7917 2 2 1 1 453 5116 2769
7918 2 2 1 1 3162 5699 1455
7919 2 2 1 1 2743 5286 1656
7920 2 2 1 1 3662 4276 1387
7921 2 2 1 1 1271 5982 3746
7922 2 2 1 1 3072 4883 1222
7923 2 2 1 1 1646 5703 3796
7924 2 2 1 1 123 5643 2936
7925 2 2 1 1 2162 3971 3009
7926 2 2 1 1 1882 5420 4675
7927 2 2 1 1 4523 4700 2061
7928 2 2 1 1 226 3895 225
7929 2 2 1 1 3808 3893 1426
7930 2 2 1 1 762 4416 3886
7931 2 2 1 1 1096 5444 2881
7932 2 2 1 1 2061 6739 4523
7933 2 2 1 1 454 5221 4890
7934 2 2 1 1 495 5875 5064
7935 2 2 1 1 3370 6145 151
7936 2 2 1 1 278 5347 3176
7937 2 2 1 1 2750 6658 2005
7938 2 2 1 1 2924 5903 1660
7939 2 2 1 1 3268 5263 294
7940 2 2 1 1 2041 6391 5914
7941 2 2 1 1 3454 4518 1259
7942 2 2 1 1 150 6145 2818
7943 2 2 1 1 5309 5534 712
7944 2 2 1 1 3573 4257 855
7945 2 2 1 1 1677 4960 3954
7946 2 2 1 1 657 5179 4078
7947 2 2 1 1 1317 4464 3641
7948 2 2 1 1 3025 4589 495
7949 2 2 1 1 4047 4302 1555
7950 2 2 1 1 3731 6627 1293
7951 2 2 1 1 692 4705 4006
7952 2 2 1 1 411 5669 4296
7953 2 2 1 1 558 5220 4126
7954 2 2 1 1 3314 4816 95
7955 2 2 1 1 2702 6660 959
7956 2 2 1 1 3210 6148 2994
7957 2 2 1 1 3071 4907 1725
7958 2 2 1 1 2951 5006 1372
7959 2 2 1 1 2237 5236 4617
7960 2 2 1 1 3099 6569 1167
7961 2 2 1 1 3505 6264 2015
7962 2 2 1 1 1284 5396 4174
7963 2 2 1 1 3138 5582 5096
7964 2 2 1 1 402 6692 4697
7965 2 2 1 1 4471 4508 2193
7966 2 2 1 1 3490 6268 3687
7967 2 2 1 1 1935 4473 3701
7968 2 2 1 1 2334 4276 3662
7969 2 2 1 1 3831 4949 1385
7970 2 2 1 1 1365 3947 3817
7971 2 2 1 1 3277 3918 1188
7972 2 2 1 1 5810 6677 571
7973 2 2 1 1 1212 5112 3722
7974 2 2 1 1 3686 4115 691
7975 2 2 1 1 4249 5744 1291
7976 2 2 1 1 3658 4804 1535
7977 2 2 1 1 1882 6476 5420
7978 2 2 1 1 3409 6887 681
7979 2 2 1 1 5862 6428 3330
7980 2 2 1 1 5 6007 3384
7981 2 2 1 1 1579 5591 4791
7982 2 2 1 1 758 6477 3310
7983 2 2 1 1 2622 6780 1055
7984 2 2 1 1 5783 6695 2315
7985 2 2 1 1 3283 5741 2605
7986 2 2 1 1 2867 5239 483
7987 2 2 1 1 1525 6760 3031
7988 2 2 1 1 4214 4517 356
7989 2 2 1 1 2010 6565 3659
7990 2 2 1 1 3931 4956 2861
7991 2 2 1 1 954 5729 3560
7992 2 2 1 1 3039 6580 1466
7993 2 2 1 1 5091 5648 1926
7994 2 2 1 1 1707 5492 4243
7995 2 2 1 1 1142 5885 2934
7996 2 2 1 1 3622 6136 1709
7997 2 2 1 1 1894 5897 4275
7998 2 2 1 1 2934 5877 3279
7999 2 2 1 1 853 4668 2959
8000 2 2 1 1 1179 3698 3365
8001 2 2 1 1 1099 6112 3218
8002 2 2 1 1 883 4556 4393
8003 2 2 1 1 1805 6029 3506
8004 2 2 1 1 5848 6391 805
8005 2 2 1 1 5877 6346 3279
8006 2 2 1 1 15 5544 3093
8007 2 2 1 1 1923 6257 2836
8008 2 2 1 1 4148 6761 2854
8009 2 2 1 1 2247 4746 3924
8010 2 2 1 1 1513 5141 3470
8011 2 2 1 1 3575 5965 2052
8012 2 2 1 1 2171 5241 3749
8013 2 2 1 1 3419 4397 458
8014 2 2 1 1 966 5814 2588
8015 2 2 1 1 347 6541 4272
8016 2 2 1 1 2959 4668 1307
8017 2 2 1 1 3008 5398 748
8018 2 2 1 1 2272 6022 3896
8019 2 2 1 1 5226 6086 3535
8020 2 2 1 1 1833 4430 4365
8021 2 2 1 1 3864 4126 1469
8022 2 2 1 1 2954 5251 486
8023 2 2 1 1 2943 3851 1546
8024 2 2 1 1 3723 4530 2113
8025 2 2 1 1 1284 4313 3489
8026 2 2 1 1 3794 4317 1302
8027 2 2 1 1 2155 5734 3110
8028 2 2 1 1 1060 5555 3922
8029 2 2 1 1 3015 6866 1456
8030 2 2 1 1 2923 5680 1318
8031 2 2 1 1 2021 5106 3680
8032 2 2 1 1 389 5603 3313
8033 2 2 1 1 3026 6510 1107
8034 2 2 1 1 2957 5317 333
8035 2 2 1 1 6453 6627 3731
8036 2 2 1 1 2196 5612 3227
8037 2 2 1 1 6376 6880 2606
8038 2 2 1 1 964 4660 3107
8039 2 2 1 1 707 3903 3085
8040 2 2 1 1 3848 4827 1788
8041 2 2 1 1 4361 4442 1447
8042 2 2 1 1 967 6522 2979
8043 2 2 1 1 300 4001 299
8044 2 2 1 1 2769 5302 4190
8045 2 2 1 1 1373 5140 3308
8046 2 2 1 1 3503 3765 1412
8047 2 2 1 1 3850 4606 1662
8048 2 2 1 1 3750 6252 2070
8049 2 2 1 1 4146 4272 1934
8050 2 2 1 1 3104 5972 594
8051 2 2 1 1 1148 6426 3015
8052 2 2 1 1 1998 4926 3682
8053 2 2 1 1 1111 5110 5043
8054 2 2 1 1 1815 5854 3385
8055 2 2 1 1 1847 5781 2563
8056 2 2 1 1 1703 4139 4012
8057 2 2 1 1 619 6586 2926
8058 2 2 1 1 1294 6286 3253
8059 2 2 1 1 3019 5546 1566
8060 2 2 1 1 3536 4650 2136
8061 2 2 1 1 640 6318 3759
8062 2 2 1 1 2863 5429 1859
8063 2 2 1 1 3927 4485 1613
8064 2 2 1 1 2314 6153 4599
8065 2 2 1 1 4106 6634 3410
8066 2 2 1 1 3682 4926 1553
8067 2 2 1 1 4583 5411 2927
8068 2 2 1 1 1907 4503 4002
8069 2 2 1 1 2241 4828 3436
8070 2 2 1 1 5304 5984 2396
8071 2 2 1 1 2209 6931 2905
8072 2 2 1 1 953 5837 4612
8073 2 2 1 1 2294 5291 3156
8074 2 2 1 1 601 5250 3598
8075 2 2 1 1 3867 4727 1385
8076 2 2 1 1 3829 5134 1693
8077 2 2 1 1 4373 6803 5294
8078 2 2 1 1 2720 3781 1311
8079 2 2 1 1 1349 6837 4250
8080 2 2 1 1 1703 4012 3835
8081 2 2 1 1 4892 6498 1514
8082 2 2 1 1 4278 4641 2055
8083 2 2 1 1 1389 5172 3845
8084 2 2 1 1 4739 6068 1943
8085 2 2 1 1 3963 5514 631
8086 2 2 1 1 3232 6035 1793
8087 2 2 1 1 89 4563 88
8088 2 2 1 1 1784 6188 3759
8089 2 2 1 1 3846 5157 941
8090 2 2 1 1 3075 6129 23
8091 2 2 1 1 1349 4487 3343
8092 2 2 1 1 3038 4655 1211
8093 2 2 1 1 414 4735 3168
8094 2 2 1 1 3309 5904 638
8095 2 2 1 1 2085 6206 5788
8096 2 2 1 1 1887 4423 3284
8097 2 2 1 1 3029 5532 668
8098 2 2 1 1 3148 6432 1104
8099 2 2 1 1 3120 5991 1192
8100 2 2 1 1 1425 6649 5921
8101 2 2 1 1 1463 4725 3484
8102 2 2 1 1 1943 6068 3730
8103 2 2 1 1 748 5397 3318
8104 2 2 1 1 2819 4465 1325
8105 2 2 1 1 501 5320 3231
8106 2 2 1 1 2763 6440 589
8107 2 2 1 1 3951 3981 574
8108 2 2 1 1 1539 5434 4974
8109 2 2 1 1 793 6375 3111
8110 2 2 1 1 3004 5023 1416
8111 2 2 1 1 901 6842 3247
8112 2 2 1 1 4100 4101 1723
8113 2 2 1 1 1832 5284 3729
8114 2 2 1 1 987 6144 3159
8115 2 2 1 1 4250 6837 2478
8116 2 2 1 1 3070 6518 1081
8117 2 2 1 1 3122 6139 671
8118 2 2 1 1 3919 5069 599
8119 2 2 1 1 2172 6278 5675
8120 2 2 1 1 1662 5826 3152
8121 2 2 1 1 4632 4967 829
8122 2 2 1 1 2891 6450 2713
8123 2 2 1 1 3210 5362 667
8124 2 2 1 1 3565 6853 1225
8125 2 2 1 1 5735 6277 1890
8126 2 2 1 1 3966 6578 918
8127 2 2 1 1 2836 4863 597
8128 2 2 1 1 3652 6079 868
8129 2 2 1 1 1904 4687 4369
8130 2 2 1 1 1031 5787 2939
8131 2 2 1 1 1352 4758 3044
8132 2 2 1 1 5024 5971 2442
8133 2 2 1 1 5520 6141 2517
8134 2 2 1 1 3050 4716 1380
8135 2 2 1 1 761 6775 4486
8136 2 2 1 1 2709 5013 1600
8137 2 2 1 1 1650 4642 3751
8138 2 2 1 1 3033 4940 316
8139 2 2 1 1 3185 5240 1673
8140 2 2 1 1 481 4846 4507
8141 2 2 1 1 1468 4336 4173
8142 2 2 1 1 1017 6322 3346
8143 2 2 1 1 1533 5547 3225
8144 2 2 1 1 924 6717 6184
8145 2 2 1 1 4369 4687 370
8146 2 2 1 1 1584 4726 3666
8147 2 2 1 1 1509 5283 4509
8148 2 2 1 1 3218 6112 2242
8149 2 2 1 1 3171 6768 722
8150 2 2 1 1 2035 6180 5773
8151 2 2 1 1 4106 6350 1321
8152 2 2 1 1 3672 5402 1442
8153 2 2 1 1 2164 4651 3074
8154 2 2 1 1 2818 4467 149
8155 2 2 1 1 1885 4982 3272
8156 2 2 1 1 3397 4809 1682
8157 2 2 1 1 1676 6629 6185
8158 2 2 1 1 3452 6109 630
8159 2 2 1 1 3683 5640 2004
8160 2 2 1 1 3704 6230 1655
8161 2 2 1 1 5693 6841 2366
8162 2 2 1 1 1374 5193 3201
8163 2 2 1 1 3502 4965 1372
8164 2 2 1 1 3245 4921 597
8165 2 2 1 1 2954 6497 1053
8166 2 2 1 1 1400 4590 2880
8167 2 2 1 1 760 5792 4862
8168 2 2 1 1 2363 5256 4932
8169 2 2 1 1 3329 5624 68
8170 2 2 1 1 3560 5369 954
8171 2 2 1 1 1592 5858 2668
8172 2 2 1 1 578 5037 3843
8173 2 2 1 1 5841 6782 944
8174 2 2 1 1 864 5494 4110
8175 2 2 1 1 4102 6932 3048
8176 2 2 1 1 4032 5785 391
8177 2 2 1 1 5357 5930 376
8178 2 2 1 1 272 4730 271
8179 2 2 1 1 2117 6471 3395
8180 2 2 1 1 3117 6640 434
8181 2 2 1 1 3611 4031 1877
8182 2 2 1 1 3083 4986 667
8183 2 2 1 1 614 5822 3338
8184 2 2 1 1 3327 5533 498
8185 2 2 1 1 4646 4657 2028
8186 2 2 1 1 639 4951 3799
8187 2 2 1 1 1966 6403 2978
8188 2 2 1 1 848 4870 4606
8189 2 2 1 1 4094 6845 2635
8190 2 2 1 1 2676 6010 608
8191 2 2 1 1 139 4469 138
8192 2 2 1 1 1149 5010 3187
8193 2 2 1 1 3442 5357 376
8194 2 2 1 1 1987 6168 3323
8195 2 2 1 1 3177 5660 248
8196 2 2 1 1 3345 5736 764
8197 2 2 1 1 2847 6844 566
8198 2 2 1 1 3945 4703 2278
8199 2 2 1 1 1401 4945 3211
8200 2 2 1 1 1364 5316 4439
8201 2 2 1 1 4733 4794 1449
8202 2 2 1 1 665 4468 3541
8203 2 2 1 1 3098 6275 6143
8204 2 2 1 1 699 5060 4251
8205 2 2 1 1 3058 5899 1276
8206 2 2 1 1 2543 6508 4049
8207 2 2 1 1 4048 5354 1210
8208 2 2 1 1 5948 6609 4817
8209 2 2 1 1 3696 4950 1987
8210 2 2 1 1 2983 6325 6018
8211 2 2 1 1 579 5921 2695
8212 2 2 1 1 2427 6905 6811
8213 2 2 1 1 3884 5249 1647
8214 2 2 1 1 3953 5605 2111
8215 2 2 1 1 3705 5295 1531
8216 2 2 1 1 3200 5879 183
8217 2 2 1 1 734 4943 2945
8218 2 2 1 1 2230 6328 4040
8219 2 2 1 1 2528 5573 3122
8220 2 2 1 1 935 6325 2983
8221 2 2 1 1 1926 5648 4909
8222 2 2 1 1 114 4401 113
8223 2 2 1 1 1313 5260 3297
8224 2 2 1 1 4161 5236 2040
8225 2 2 1 1 2904 6848 4255
8226 2 2 1 1 5455 6040 1604
8227 2 2 1 1 4629 4801 1699
8228 2 2 1 1 2272 3896 3583
8229 2 2 1 1 2913 6863 2224
8230 2 2 1 1 846 6612 3649
8231 2 2 1 1 3340 5550 1522
8232 2 2 1 1 1647 3889 3885
8233 2 2 1 1 3275 6192 1680
8234 2 2 1 1 2883 6114 1343
8235 2 2 1 1 2382 5978 4685
8236 2 2 1 1 294 6178 3268
8237 2 2 1 1 4651 6484 3074
8238 2 2 1 1 706 6845 4094
8239 2 2 1 1 3710 5866 1851
8240 2 2 1 1 3658 6532 4804
8241 2 2 1 1 1781 6231 2998
8242 2 2 1 1 3638 4385 1259
8243 2 2 1 1 522 6485 4875
8244 2 2 1 1 1101 6315 4113
8245 2 2 1 1 3076 4067 1537
8246 2 2 1 1 4509 5490 749
8247 2 2 1 1 3384 6644 326
8248 2 2 1 1 4615 4673 1920
8249 2 2 1 1 2871 4337 1009
8250 2 2 1 1 3983 6246 2204
8251 2 2 1 1 3061 6763 1473
8252 2 2 1 1 1106 5925 3239
8253 2 2 1 1 1751 6737 2985
8254 2 2 1 1 607 4332 3807
8255 2 2 1 1 1388 4943 3849
8256 2 2 1 1 3349 4484 1393
8257 2 2 1 1 1915 6031 2814
8258 2 2 1 1 2766 5774 327
8259 2 2 1 1 6185 6629 3153
8260 2 2 1 1 2803 6115 1069
8261 2 2 1 1 4795 6015 2337
8262 2 2 1 1 294 5263 293
8263 2 2 1 1 1023 5852 3000
8264 2 2 1 1 4409 5954 1294
8265 2 2 1 1 754 4329 3666
8266 2 2 1 1 4525 5343 2359
8267 2 2 1 1 5253 6806 1870
8268 2 2 1 1 1041 5040 3222
8269 2 2 1 1 3164 4766 1352
8270 2 2 1 1 3004 6848 1034
8271 2 2 1 1 1049 4465 2819
8272 2 2 1 1 2247 5184 4746
8273 2 2 1 1 1754 6292 3568
8274 2 2 1 1 3674 5696 1127
8275 2 2 1 1 3437 3902 1622
8276 2 2 1 1 3905 4621 481
8277 2 2 1 1 240 4724 239
8278 2 2 1 1 3181 4899 1084
8279 2 2 1 1 4108 4616 1605
8280 2 2 1 1 3433 4516 1260
8281 2 2 1 1 1268 4360 3095
8282 2 2 1 1 2707 5697 1154
8283 2 2 1 1 729 4626 3596
8284 2 2 1 1 1441 4384 2974
8285 2 2 1 1 895 5909 5838
8286 2 2 1 1 4858 5278 1848
8287 2 2 1 1 4599 6153 765
8288 2 2 1 1 1196 4088 3972
8289 2 2 1 1 138 4160 137
8290 2 2 1 1 3579 5483 847
8291 2 2 1 1 3394 5609 920
8292 2 2 1 1 310 4549 309
8293 2 2 1 1 732 4136 3184
8294 2 2 1 1 3610 4533 808
8295 2 2 1 1 3378 5174 2416
8296 2 2 1 1 3134 5947 882
8297 2 2 1 1 1861 6751 4209
8298 2 2 1 1 5274 6279 2338
8299 2 2 1 1 3205 4799 714
8300 2 2 1 1 1342 4076 3863
8301 2 2 1 1 721 6734 3805
8302 2 2 1 1 1454 4145 4074
8303 2 2 1 1 3199 6736 373
8304 2 2 1 1 3211 4408 1401
8305 2 2 1 1 1248 4343 3284
8306 2 2 1 1 5242 5871 1839
8307 2 2 1 1 3586 5926 1471
8308 2 2 1 1 98 4054 97
8309 2 2 1 1 1124 6362 4021
8310 2 2 1 1 1372 4413 2951
8311 2 2 1 1 589 5738 2763
8312 2 2 1 1 1691 6077 3041
8313 2 2 1 1 618 5402 3672
8314 2 2 1 1 2790 6776 6270
8315 2 2 1 1 4250 6244 1694
8316 2 2 1 1 5569 6573 899
8317 2 2 1 1 1630 4317 4038
8318 2 2 1 1 3440 6016 1938
8319 2 2 1 1 444 4965 3502
8320 2 2 1 1 3725 6179 1977
8321 2 2 1 1 2942 6688 1806
8322 2 2 1 1 1823 4117 4070
8323 2 2 1 1 2990 6137 5121
8324 2 2 1 1 3365 5068 1711
8325 2 2 1 1 207 6450 2891
8326 2 2 1 1 4003 6903 672
8327 2 2 1 1 4300 5201 2698
8328 2 2 1 1 1520 5393 2856
8329 2 2 1 1 4867 6172 2564
8330 2 2 1 1 1931 6836 2966
8331 2 2 1 1 704 6434 3519
8332 2 2 1 1 4127 5316 1364
8333 2 2 1 1 4702 6447 2723
8334 2 2 1 1 3269 5118 417
8335 2 2 1 1 493 5070 4781
8336 2 2 1 1 815 6841 5693
8337 2 2 1 1 1924 5289 3612
8338 2 2 1 1 1613 5125 2568
8339 2 2 1 1 888 6078 2667
8340 2 2 1 1 4275 4348 1894
8341 2 2 1 1 3111 6882 793
8342 2 2 1 1 2813 5917 3394
8343 2 2 1 1 1767 5040 3915
8344 2 2 1 1 4756 6709 1958
8345 2 2 1 1 4299 4373 1544
8346 2 2 1 1 457 6381 2982
8347 2 2 1 1 3428 6929 383
8348 2 2 1 1 439 6136 3622
8349 2 2 1 1 1009 6029 2871
8350 2 2 1 1 2658 6271 6168
8351 2 2 1 1 1292 5197 3360
8352 2 2 1 1 743 5238 3161
8353 2 2 1 1 1336 6465 4938
8354 2 2 1 1 1187 5063 3321
8355 2 2 1 1 2455 6030 5916
8356 2 2 1 1 356 5780 4237
8357 2 2 1 1 3729 5284 2483
8358 2 2 1 1 435 5863 3417
8359 2 2 1 1 717 6008 5322
8360 2 2 1 1 1247 6049 2933
8361 2 2 1 1 2920 4475 594
8362 2 2 1 1 3071 5688 671
8363 2 2 1 1 688 5134 3829
8364 2 2 1 1 3226 4540 1503
8365 2 2 1 1 2514 5836 3114
8366 2 2 1 1 5930 6373 3425
8367 2 2 1 1 2361 6303 2955
8368 2 2 1 1 3929 5391 480
8369 2 2 1 1 3270 6056 421
8370 2 2 1 1 1332 5566 3179
8371 2 2 1 1 1814 6169 3531
8372 2 2 1 1 1636 5950 4688
8373 2 2 1 1 4684 6144 987
8374 2 2 1 1 4895 5501 1721
8375 2 2 1 1 3930 5826 1662
8376 2 2 1 1 4035 4683 622
8377 2 2 1 1 4088 6712 3972
8378 2 2 1 1 1425 4327 3286
8379 2 2 1 1 3023 4747 822
8380 2 2 1 1 4313 6231 3489
8381 2 2 1 1 1226 4528 3892
8382 2 2 1 1 1478 4441 3548
8383 2 2 1 1 5748 6148 1930
8384 2 2 1 1 775 5460 4639
8385 2 2 1 1 1547 5573 3944
8386 2 2 1 1 2986 6130 1435
8387 2 2 1 1 295 6178 294
8388 2 2 1 1 340 6223 2972
8389 2 2 1 1 1272 5065 4121
8390 2 2 1 1 4087 5216 1837
8391 2 2 1 1 1438 5536 4978
8392 2 2 1 1 1973 5885 5138
8393 2 2 1 1 3421 4290 1495
8394 2 2 1 1 3737 4888 1957
8395 2 2 1 1 621 5167 3469
8396 2 2 1 1 362 3765 3503
8397 2 2 1 1 613 5535 3374
8398 2 2 1 1 16 5544 15
8399 2 2 1 1 4308 5360 2922
8400 2 2 1 1 1618 5072 3256
8401 2 2 1 1 1614 5094 3383
8402 2 2 1 1 1033 5668 5438
8403 2 2 1 1 2922 5360 1506
8404 2 2 1 1 4862 5792 2044
8405 2 2 1 1 4622 4951 639
8406 2 2 1 1 2987 5772 3488
8407 2 2 1 1 3215 6536 943
8408 2 2 1 1 2801 5943 751
8409 2 2 1 1 2119 6678 3712
8410 2 2 1 1 3619 4374 531
8411 2 2 1 1 766 4349 2879
8412 2 2 1 1 623 6035 3232
8413 2 2 1 1 1481 5441 3770
8414 2 2 1 1 764 5736 4021
8415 2 2 1 1 2730 4292 1415
8416 2 2 1 1 1657 5021 4530
8417 2 2 1 1 3006 6184 1710
8418 2 2 1 1 3248 5530 1207
8419 2 2 1 1 3928 5909 1964
8420 2 2 1 1 3412 4910 622
8421 2 2 1 1 462 5686 2840
8422 2 2 1 1 5305 5361 1876
8423 2 2 1 1 412 4242 3382
8424 2 2 1 1 2194 6700 5671
8425 2 2 1 1 39 4449 38
8426 2 2 1 1 1878 6223 2898
8427 2 2 1 1 3200 5673 2106
8428 2 2 1 1 4617 5236 759
8429 2 2 1 1 4062 5406 1450
8430 2 2 1 1 3894 5439 3217
8431 2 2 1 1 1448 4520 4090
8432 2 2 1 1 1051 5598 4117
8433 2 2 1 1 2120 6441 4679
8434 2 2 1 1 3395 6471 199
8435 2 2 1 1 3044 6495 420
8436 2 2 1 1 2898 4415 963
8437 2 2 1 1 3673 5273 1228
8438 2 2 1 1 2881 5444 1521
8439 2 2 1 1 1784 6024 3254
8440 2 2 1 1 319 3987 318
8441 2 2 1 1 431 4101 4100
8442 2 2 1 1 3853 4291 1988
8443 2 2 1 1 1526 6722 5175
8444 2 2 1 1 655 3893 3808
8445 2 2 1 1 3181 5667 2243
8446 2 2 1 1 1313 4764 3567
8447 2 2 1 1 1194 5623 3476
8448 2 2 1 1 5274 5394 516
8449 2 2 1 1 1438 4454 3049
8450 2 2 1 1 1853 4683 4035
8451 2 2 1 1 1259 4385 3950
8452 2 2 1 1 2142 6421 4335
8453 2 2 1 1 3271 5543 678
8454 2 2 1 1 1739 5796 3983
8455 2 2 1 1 3524 5156 2016
8456 2 2 1 1 5938 6107 839
8457 2 2 1 1 241 4289 240
8458 2 2 1 1 3223 6473 784
8459 2 2 1 1 3479 4788 665
8460 2 2 1 1 4455 5315 1810
8461 2 2 1 1 4644 6650 577
8462 2 2 1 1 3594 5370 524
8463 2 2 1 1 4618 4974 2072
8464 2 2 1 1 1469 4307 3864
8465 2 2 1 1 1151 4995 3684
8466 2 2 1 1 4490 4579 2017
8467 2 2 1 1 3505 4920 527
8468 2 2 1 1 1927 5916 3557
8469 2 2 1 1 1925 6287 3922
8470 2 2 1 1 101 6685 100
8471 2 2 1 1 675 4641 4278
8472 2 2 1 1 711 5033 4512
8473 2 2 1 1 1916 6194 3310
8474 2 2 1 1 3484 4647 1463
8475 2 2 1 1 3545 6095 383
8476 2 2 1 1 1396 5038 3178
8477 2 2 1 1 3094 5831 1739
8478 2 2 1 1 3108 4933 1790
8479 2 2 1 1 1833 5684 3109
8480 2 2 1 1 2789 4754 390
8481 2 2 1 1 3753 5650 1913
8482 2 2 1 1 1542 4937 3312
8483 2 2 1 1 4943 5130 1862
8484 2 2 1 1 639 5012 3073
8485 2 2 1 1 2101 5946 3240
8486 2 2 1 1 3576 5752 321
8487 2 2 1 1 2864 5835 1769
8488 2 2 1 1 1886 4519 4461
8489 2 2 1 1 3515 5564 1626
8490 2 2 1 1 961 4686 3103
8491 2 2 1 1 445 4635 3627
8492 2 2 1 1 1643 4630 4571
8493 2 2 1 1 407 6452 3731
8494 2 2 1 1 1057 6613 3545
8495 2 2 1 1 306 5068 3365
8496 2 2 1 1 1819 4352 4323
8497 2 2 1 1 1116 6124 4463
8498 2 2 1 1 3239 5925 1728
8499 2 2 1 1 3486 4035 622
8500 2 2 1 1 11 4665 10
8501 2 2 1 1 3331 6716 2099
8502 2 2 1 1 2242 6395 3218
8503 2 2 1 1 3085 5028 707
8504 2 2 1 1 718 5032 3623
8505 2 2 1 1 3194 5571 1747
8506 2 2 1 1 2857 6874 3396
8507 2 2 1 1 121 4425 120
8508 2 2 1 1 1648 5032 2838
8509 2 2 1 1 3673 6692 402
8510 2 2 1 1 3492 6930 1051
8511 2 2 1 1 3105 5762 423
8512 2 2 1 1 1008 5913 3195
8513 2 2 1 1 2949 4076 1138
8514 2 2 1 1 2304 5668 4681
8515 2 2 1 1 1127 6089 3674
8516 2 2 1 1 3150 5036 981
8517 2 2 1 1 3790 4912 673
8518 2 2 1 1 1113 5388 3090
8519 2 2 1 1 2113 5713 3723
8520 2 2 1 1 1333 5893 3771
8521 2 2 1 1 3081 5543 5204
8522 2 2 1 1 1637 5745 3112
8523 2 2 1 1 3082 6556 3926
8524 2 2 1 1 314 4945 313
8525 2 2 1 1 3094 6240 1032
8526 2 2 1 1 1914 5490 4509
8527 2 2 1 1 2346 4557 3447
8528 2 2 1 1 3849 4943 1862
8529 2 2 1 1 3206 5358 662
8530 2 2 1 1 3086 4776 1713
8531 2 2 1 1 3952 3973 860
8532 2 2 1 1 1089 4388 3428
8533 2 2 1 1 2620 4208 1162
8534 2 2 1 1 466 3939 3938
8535 2 2 1 1 1301 6839 5565
8536 2 2 1 1 3510 5415 598
8537 2 2 1 1 4367 6051 1398
8538 2 2 1 1 4787 6321 1841
8539 2 2 1 1 2524 4654 3875
8540 2 2 1 1 3881 6463 1144
8541 2 2 1 1 4048 4586 715
8542 2 2 1 1 1844 4320 2802
8543 2 2 1 1 1338 5385 3589
8544 2 2 1 1 2984 6004 2008
8545 2 2 1 1 4617 5613 3672
8546 2 2 1 1 3405 5922 772
8547 2 2 1 1 4275 5897 778
8548 2 2 1 1 4371 5382 641
8549 2 2 1 1 1881 4826 4202
8550 2 2 1 1 4094 5406 706
8551 2 2 1 1 1175 4051 3053
8552 2 2 1 1 3208 4200 595
8553 2 2 1 1 679 6070 4389
8554 2 2 1 1 230 3880 229
8555 2 2 1 1 722 4455 4047
8556 2 2 1 1 1485 4324 3870
8557 2 2 1 1 4368 5673 184
8558 2 2 1 1 2949 6393 724
8559 2 2 1 1 2152 5746 3860
8560 2 2 1 1 137 4160 3495
8561 2 2 1 1 2079 5580 2901
8562 2 2 1 1 4302 5976 366
8563 2 2 1 1 41 4722 40
8564 2 2 1 1 119 5448 3067
8565 2 2 1 1 3053 4377 1175
8566 2 2 1 1 904 5550 3340
8567 2 2 1 1 496 4888 3737
8568 2 2 1 1 1407 5081 3133
8569 2 2 1 1 612 4109 3483
8570 2 2 1 1 643 4532 3460
8571 2 2 1 1 2429 6350 4106
8572 2 2 1 1 3247 6842 2077
8573 2 2 1 1 2159 5394 3815
8574 2 2 1 1 3251 5378 962
8575 2 2 1 1 3081 5551 678
8576 2 2 1 1 195 4928 194
8577 2 2 1 1 5167 6546 3973
8578 2 2 1 1 3657 6096 1234
8579 2 2 1 1 1645 5076 4202
8580 2 2 1 1 643 4521 3642
8581 2 2 1 1 913 6649 3286
8582 2 2 1 1 3337 5035 1133
8583 2 2 1 1 2855 5930 5357
8584 2 2 1 1 4321 6818 702
8585 2 2 1 1 2896 5828 1712
8586 2 2 1 1 2418 5312 3497
8587 2 2 1 1 836 5142 4440
8588 2 2 1 1 1565 5408 4781
8589 2 2 1 1 3682 4401 114
8590 2 2 1 1 224 4180 223
8591 2 2 1 1 3460 4521 643
8592 2 2 1 1 3687 5010 1149
8593 2 2 1 1 4103 4744 2007
8594 2 2 1 1 4224 6633 1697
8595 2 2 1 1 3410 6439 2190
8596 2 2 1 1 1001 6588 3033
8597 2 2 1 1 2008 6004 3290
8598 2 2 1 1 969 5950 3102
8599 2 2 1 1 700 6034 3728
8600 2 2 1 1 3626 5589 649
8601 2 2 1 1 4074 4145 2030
8602 2 2 1 1 649 4661 3852
8603 2 2 1 1 419 6239 4033
8604 2 2 1 1 2255 5160 2905
8605 2 2 1 1 959 6849 2732
8606 2 2 1 1 4612 5837 2546
8607 2 2 1 1 4923 5637 809
8608 2 2 1 1 2001 6730 3133
8609 2 2 1 1 1587 4920 3505
8610 2 2 1 1 3041 6077 1315
8611 2 2 1 1 3380 5323 1067
8612 2 2 1 1 2138 6564 4305
8613 2 2 1 1 1011 6137 3385
8614 2 2 1 1 1608 4896 3430
8615 2 2 1 1 3955 5734 843
8616 2 2 1 1 3788 6098 1516
8617 2 2 1 1 1710 5066 3006
8618 2 2 1 1 247 6288 246
8619 2 2 1 1 3826 4422 1334
8620 2 2 1 1 791 6555 4463
8621 2 2 1 1 4089 5205 1435
8622 2 2 1 1 1957 5518 3847
8623 2 2 1 1 422 6879 3341
8624 2 2 1 1 1458 4782 4023
8625 2 2 1 1 4567 4852 1679
8626 2 2 1 1 2008 5015 4542
8627 2 2 1 1 1338 5609 3394
8628 2 2 1 1 257 4547 256
8629 2 2 1 1 595 4200 3453
8630 2 2 1 1 21 4806 3587
8631 2 2 1 1 3103 6817 2082
8632 2 2 1 1 3497 5312 1761
8633 2 2 1 1 1452 5387 4040
8634 2 2 1 1 621 5006 2951
8635 2 2 1 1 2725 6107 5938
8636 2 2 1 1 1534 4833 4057
8637 2 2 1 1 1063 4541 3777
8638 2 2 1 1 1263 4109 2997
8639 2 2 1 1 3109 6589 1873
8640 2 2 1 1 3635 4805 598
8641 2 2 1 1 990 5927 3522
8642 2 2 1 1 4389 4394 1794
8643 2 2 1 1 973 4716 3050
8644 2 2 1 1 3328 5817 1778
8645 2 2 1 1 5526 6314 366
8646 2 2 1 1 1731 6465 3206
8647 2 2 1 1 264 4381 263
8648 2 2 1 1 3464 3783 1402
8649 2 2 1 1 3444 5484 423
8650 2 2 1 1 1626 4906 3058
8651 2 2 1 1 2553 6818 4321
8652 2 2 1 1 68 5624 67
8653 2 2 1 1 4690 5357 1483
8654 2 2 1 1 3415 6610 540
8655 2 2 1 1 2804 6903 6615
8656 2 2 1 1 3717 5546 3019
8657 2 2 1 1 2012 5150 4399
8658 2 2 1 1 638 5904 3192
8659 2 2 1 1 345 6166 5016
8660 2 2 1 1 622 6770 3412
8661 2 2 1 1 3466 5770 1258
8662 2 2 1 1 1085 5472 3358
8663 2 2 1 1 3809 5723 499
8664 2 2 1 1 1839 5720 3923
8665 2 2 1 1 3861 5991 3120
8666 2 2 1 1 6616 6908 2784
8667 2 2 1 1 688 5817 3328
8668 2 2 1 1 55 6319 54
8669 2 2 1 1 2868 5715 2291
8670 2 2 1 1 3591 6938 986
8671 2 2 1 1 3219 6007 6
8672 2 2 1 1 2918 5857 871
8673 2 2 1 1 1040 6310 3334
8674 2 2 1 1 1376 5592 3170
8675 2 2 1 1 5595 6222 771
8676 2 2 1 1 410 5985 3135
8677 2 2 1 1 3730 6068 755
8678 2 2 1 1 1670 6410 5413
8679 2 2 1 1 4957 5832 919
8680 2 2 1 1 605 4447 3147
8681 2 2 1 1 1537 5659 3076
8682 2 2 1 1 3668 6511 459
8683 2 2 1 1 1521 5310 2665
8684 2 2 1 1 4534 4552 1638
8685 2 2 1 1 3885 3889 1323
8686 2 2 1 1 2264 5016 4396
8687 2 2 1 1 3505 5344 1587
8688 2 2 1 1 2650 6414 615
8689 2 2 1 1 1407 6489 3354
8690 2 2 1 1 1442 5353 4617
8691 2 2 1 1 1918 5007 3708
8692 2 2 1 1 3859 6206 2085
8693 2 2 1 1 4312 4566 1345
8694 2 2 1 1 1561 5585 3085
8695 2 2 1 1 3777 4541 1856
8696 2 2 1 1 3996 4492 676
8697 2 2 1 1 1246 6644 3384
8698 2 2 1 1 3812 5859 842
8699 2 2 1 1 3639 4826 1881
8700 2 2 1 1 4923 5095 1758
8701 2 2 1 1 1749 5911 5549
8702 2 2 1 1 5637 5929 809
8703 2 2 1 1 1361 6061 3375
8704 2 2 1 1 1826 6721 3720
8705 2 2 1 1 3732 5665 1641
8706 2 2 1 1 3560 6021 1777
8707 2 2 1 1 1477 5080 4988
8708 2 2 1 1 1815 4902 3443
8709 2 2 1 1 4809 5679 1682
8710 2 2 1 1 4968 5649 816
8711 2 2 1 1 1405 6630 3975
8712 2 2 1 1 3354 5081 1407
8713 2 2 1 1 3811 6043 2971
8714 2 2 1 1 1568 5502 3672
8715 2 2 1 1 3975 4524 1503
8716 2 2 1 1 42 5898 41
8717 2 2 1 1 2131 6178 4134
8718 2 2 1 1 4284 4559 1847
8719 2 2 1 1 1281 4303 3875
8720 2 2 1 1 1623 5053 3664
8721 2 2 1 1 6286 6690 397
8722 2 2 1 1 1204 4325 3101
8723 2 2 1 1 727 6259 3266
8724 2 2 1 1 1243 6104 4119
8725 2 2 1 1 3014 6760 1525
8726 2 2 1 1 2329 5734 3955
8727 2 2 1 1 720 4807 4195
8728 2 2 1 1 459 6163 3668
8729 2 2 1 1 4608 6344 2839
8730 2 2 1 1 4330 5599 1795
8731 2 2 1 1 2226 4881 3435
8732 2 2 1 1 102 4714 101
8733 2 2 1 1 1295 3783 3464
8734 2 2 1 1 2773 6555 5498
8735 2 2 1 1 2710 5948 4980
8736 2 2 1 1 1066 5513 3092
8737 2 2 1 1 936 4963 3386
8738 2 2 1 1 1127 6925 3145
8739 2 2 1 1 1061 5842 4043
8740 2 2 1 1 3028 5326 3642
8741 2 2 1 1 2145 5229 3613
8742 2 2 1 1 443 5586 4776
8743 2 2 1 1 1399 6353 2870
8744 2 2 1 1 3287 5766 1170
8745 2 2 1 1 3664 5180 1623
8746 2 2 1 1 339 6271 3778
8747 2 2 1 1 2660 6314 5103
8748 2 2 1 1 2763 5738 1475
8749 2 2 1 1 216 6764 2989
8750 2 2 1 1 662 6382 3206
8751 2 2 1 1 2918 4737 1512
8752 2 2 1 1 4709 5755 395
8753 2 2 1 1 3679 5131 1310
8754 2 2 1 1 1634 4788 3675
8755 2 2 1 1 829 4757 4632
8756 2 2 1 1 670 4902 3385
8757 2 2 1 1 3513 4669 1347
8758 2 2 1 1 3670 5913 1008
8759 2 2 1 1 3871 6315 1101
8760 2 2 1 1 3666 4783 1584
8761 2 2 1 1 3429 4388 1089
8762 2 2 1 1 2969 6378 612
8763 2 2 1 1 3110 6398 432
8764 2 2 1 1 1367 5246 4007
8765 2 2 1 1 4505 5816 849
8766 2 2 1 1 251 5253 250
8767 2 2 1 1 3805 6734 6323
8768 2 2 1 1 1958 4766 4756
8769 2 2 1 1 743 4826 3639
8770 2 2 1 1 1899 6534 3563
8771 2 2 1 1 3277 3825 1192
8772 2 2 1 1 3424 5369 1777
8773 2 2 1 1 3780 6718 672
8774 2 2 1 1 4145 5219 2030
8775 2 2 1 1 1909 6571 2935
8776 2 2 1 1 1515 4754 4193
8777 2 2 1 1 446 5343 4525
8778 2 2 1 1 3901 5083 1702
8779 2 2 1 1 604 5011 3360
8780 2 2 1 1 4365 4430 424
8781 2 2 1 1 4767 5840 361
8782 2 2 1 1 944 6782 4233
8783 2 2 1 1 2812 4467 1423
8784 2 2 1 1 1311 5837 2720
8785 2 2 1 1 3336 4957 919
8786 2 2 1 1 1559 6128 2997
8787 2 2 1 1 23 6129 22
8788 2 2 1 1 1472 6623 3878
8789 2 2 1 1 3279 5835 1142
8790 2 2 1 1 1565 6599 5001
8791 2 2 1 1 4738 6077 1691
8792 2 2 1 1 3642 4521 2398
8793 2 2 1 1 3807 4332 1424
8794 2 2 1 1 1725 5688 3071
8795 2 2 1 1 527 5665 3732
8796 2 2 1 1 977 6598 3036
8797 2 2 1 1 3299 6186 1029
8798 2 2 1 1 683 5467 4185
8799 2 2 1 1 1978 5806 2936
8800 2 2 1 1 160 4370 159
8801 2 2 1 1 3517 5698 682
8802 2 2 1 1 633 4421 3637
8803 2 2 1 1 1898 4947 3739
8804 2 2 1 1 3623 5032 1648
8805 2 2 1 1 3692 5371 2426
8806 2 2 1 1 5172 6032 2401
8807 2 2 1 1 158 4949 157
8808 2 2 1 1 342 5564 3515
8809 2 2 1 1 2038 6484 4651
8810 2 2 1 1 2659 6899 2032
8811 2 2 1 1 3884 3885 645
8812 2 2 1 1 3469 5167 1386
8813 2 2 1 1 2059 5095 4923
8814 2 2 1 1 1509 6429 4466
8815 2 2 1 1 1548 4621 3905
8816 2 2 1 1 3803 4350 709
8817 2 2 1 1 3083 4941 1238
8818 2 2 1 1 1067 5323 3403
8819 2 2 1 1 1901 6434 3606
8820 2 2 1 1 934 6420 2960
8821 2 2 1 1 373 5843 3199
8822 2 2 1 1 1495 4391 3421
8823 2 2 1 1 3354 5596 392
8824 2 2 1 1 25 4701 24
8825 2 2 1 1 1712 6269 2896
8826 2 2 1 1 1845 6208 3182
8827 2 2 1 1 830 5489 3813
8828 2 2 1 1 3373 6025 1123
8829 2 2 1 1 3304 6173 1162
8830 2 2 1 1 326 6745 3384
8831 2 2 1 1 2020 5226 3802
8832 2 2 1 1 334 4792 3465
8833 2 2 1 1 1713 5992 3086
8834 2 2 1 1 1790 5276 4016
8835 2 2 1 1 1080 4479 3383
8836 2 2 1 1 280 4267 279
8837 2 2 1 1 4797 5879 2311
8838 2 2 1 1 2199 4684 3615
8839 2 2 1 1 4632 4757 1921
8840 2 2 1 1 1188 4214 2702
8841 2 2 1 1 2936 5643 2383
8842 2 2 1 1 1588 5667 4554
8843 2 2 1 1 2869 6468 1667
8844 2 2 1 1 4316 5549 344
8845 2 2 1 1 4574 5165 595
8846 2 2 1 1 1573 5323 3380
8847 2 2 1 1 3449 4254 581
8848 2 2 1 1 134 5066 133
8849 2 2 1 1 1538 5371 3735
8850 2 2 1 1 1462 4291 3853
8851 2 2 1 1 3234 6914 2229
8852 2 2 1 1 5144 6480 1550
8853 2 2 1 1 586 6092 5257
8854 2 2 1 1 619 5003 3355
8855 2 2 1 1 3622 4068 439
8856 2 2 1 1 4615 5233 895
8857 2 2 1 1 347 4146 3521
8858 2 2 1 1 2537 5906 4549
8859 2 2 1 1 3302 6685 1657
8860 2 2 1 1 2859 5358 1336
8861 2 2 1 1 745 4916 3725
8862 2 2 1 1 1710 6184 3116
8863 2 2 1 1 4643 5280 712
8864 2 2 1 1 2227 5409 5176
8865 2 2 1 1 126 6694 3434
8866 2 2 1 1 4092 4961 883
8867 2 2 1 1 956 6825 5108
8868 2 2 1 1 4113 6315 2387
8869 2 2 1 1 3293 4895 1721
8870 2 2 1 1 1635 5882 3423
8871 2 2 1 1 4244 4394 532
8872 2 2 1 1 3041 5208 1691
8873 2 2 1 1 4634 5455 2519
8874 2 2 1 1 5345 5491 3106
8875 2 2 1 1 4013 6557 5933
8876 2 2 1 1 4550 6344 584
8877 2 2 1 1 761 4486 4308
8878 2 2 1 1 4050 5844 1525
8879 2 2 1 1 3720 6753 470
8880 2 2 1 1 667 4941 3083
8881 2 2 1 1 4440 5142 2559
8882 2 2 1 1 2259 5188 4838
8883 2 2 1 1 1440 5367 3683
8884 2 2 1 1 1222 5341 3072
8885 2 2 1 1 1920 4673 4080
8886 2 2 1 1 708 6256 3129
8887 2 2 1 1 2293 4718 4066
8888 2 2 1 1 2030 5034 4948
8889 2 2 1 1 2981 5829 1665
8890 2 2 1 1 570 6467 4269
8891 2 2 1 1 1611 4546 3749
8892 2 2 1 1 1390 4241 3329
8893 2 2 1 1 2127 5771 2836
8894 2 2 1 1 513 5492 4903
8895 2 2 1 1 1344 6720 3459
8896 2 2 1 1 1647 3885 3884
8897 2 2 1 1 4955 6501 767
8898 2 2 1 1 3298 6414 1701
8899 2 2 1 1 238 4580 237
8900 2 2 1 1 748 4953 3008
8901 2 2 1 1 6359 6397 2318
8902 2 2 1 1 3836 5434 1329
8903 2 2 1 1 3405 6215 1873
8904 2 2 1 1 2386 6315 3871
8905 2 2 1 1 3772 4788 1634
8906 2 2 1 1 3759 6318 1784
8907 2 2 1 1 328 4700 4523
8908 2 2 1 1 2552 6792 6085
8909 2 2 1 1 2044 6611 4862
8910 2 2 1 1 401 6707 3909
8911 2 2 1 1 1970 4544 3953
8912 2 2 1 1 414 6213 4735
8913 2 2 1 1 3151 4732 1231
8914 2 2 1 1 4735 6213 2340
8915 2 2 1 1 3543 4900 1597
8916 2 2 1 1 3483 4159 612
8917 2 2 1 1 3107 5093 2202
8918 2 2 1 1 4254 5211 1477
8919 2 2 1 1 2945 4943 1388
8920 2 2 1 1 3834 6321 467
8921 2 2 1 1 281 6103 3764
8922 2 2 1 1 1424 4521 3460
8923 2 2 1 1 4287 6217 2666
8924 2 2 1 1 2239 6003 3454
8925 2 2 1 1 2966 6836 329
8926 2 2 1 1 839 6107 4162
8927 2 2 1 1 1532 5620 3175
8928 2 2 1 1 1756 6219 3979
8929 2 2 1 1 1214 4450 3296
8930 2 2 1 1 2997 6128 858
8931 2 2 1 1 1238 3981 3083
8932 2 2 1 1 591 5966 2878
8933 2 2 1 1 3290 5470 1109
8934 2 2 1 1 602 5314 3883
8935 2 2 1 1 5761 6216 2064
8936 2 2 1 1 3698 5961 304
8937 2 2 1 1 255 4044 254
8938 2 2 1 1 1723 4476 3761
8939 2 2 1 1 2516 6389 4041
8940 2 2 1 1 3224 6175 1213
8941 2 2 1 1 3382 4242 1572
8942 2 2 1 1 2110 4600 3400
8943 2 2 1 1 1224 4418 3874
8944 2 2 1 1 2514 6167 4334
8945 2 2 1 1 6267 6691 2043
8946 2 2 1 1 2858 6248 1793
8947 2 2 1 1 2952 5758 990
8948 2 2 1 1 1869 4397 3419
8949 2 2 1 1 1199 5360 4308
8950 2 2 1 1 1355 6823 3643
8951 2 2 1 1 5801 5898 42
8952 2 2 1 1 2295 6199 3542
8953 2 2 1 1 344 5548 2968
8954 2 2 1 1 1738 6152 4264
8955 2 2 1 1 4454 4978 2063
8956 2 2 1 1 4376 6410 1670
8957 2 2 1 1 2176 5262 4649
8958 2 2 1 1 249 5050 3177
8959 2 2 1 1 1030 6689 3238
8960 2 2 1 1 3037 5965 1075
8961 2 2 1 1 1401 4631 3363
8962 2 2 1 1 908 6868 3357
8963 2 2 1 1 3225 6386 1487
8964 2 2 1 1 3071 6139 1547
8965 2 2 1 1 1037 6769 3648
8966 2 2 1 1 2842 6639 3996
8967 2 2 1 1 1804 4533 3610
8968 2 2 1 1 4950 6025 2658
8969 2 2 1 1 953 5041 2720
8970 2 2 1 1 402 5612 3673
8971 2 2 1 1 3396 4889 1425
8972 2 2 1 1 3647 4922 679
8973 2 2 1 1 4535 4536 2663
8974 2 2 1 1 1671 6332 4933
8975 2 2 1 1 2351 5739 3565
8976 2 2 1 1 1569 4350 3803
8977 2 2 1 1 1170 5371 3692
8978 2 2 1 1 1644 5446 5005
8979 2 2 1 1 1856 6113 3777
8980 2 2 1 1 4495 5137 571
8981 2 2 1 1 354 4673 4183
8982 2 2 1 1 2898 6223 340
8983 2 2 1 1 1585 5979 3530
8984 2 2 1 1 4524 4911 1503
8985 2 2 1 1 4741 4742 1569
8986 2 2 1 1 3852 6651 649
8987 2 2 1 1 1472 5370 3594
8988 2 2 1 1 2738 6819 1018
8989 2 2 1 1 93 4150 92
8990 2 2 1 1 5576 6283 2783
8991 2 2 1 1 3959 5337 2286
8992 2 2 1 1 2903 5840 1628
8993 2 2 1 1 210 6050 3838
8994 2 2 1 1 1631 4763 3668
8995 2 2 1 1 1029 6186 3117
8996 2 2 1 1 1565 4781 4279
8997 2 2 1 1 1290 6112 3313
8998 2 2 1 1 4018 4972 8
8999 2 2 1 1 3211 6524 1688
9000 2 2 1 1 2889 4977 91
9001 2 2 1 1 2796 4568 1929
9002 2 2 1 1 1294 5841 2841
9003 2 2 1 1 5 6745 1
9004 2 2 1 1 893 6525 4123
9005 2 2 1 1 1484 6435 3155
9006 2 2 1 1 3374 5535 1347
9007 2 2 1 1 2327 5119 4591
9008 2 2 1 1 138 4469 4160
9009 2 2 1 1 3076 5659 636
9010 2 2 1 1 4507 4846 1834
9011 2 2 1 1 3245 6448 1723
9012 2 2 1 1 4781 5070 2129
9013 2 2 1 1 3318 6708 1825
9014 2 2 1 1 1123 6025 4950
9015 2 2 1 1 4073 4728 1307
9016 2 2 1 1 1604 6040 4204
9017 2 2 1 1 1109 5470 3232
9018 2 2 1 1 315 6524 314
9019 2 2 1 1 2462 6487 3644
9020 2 2 1 1 1611 5485 2980
9021 2 2 1 1 5176 5409 814
9022 2 2 1 1 1549 4115 3686
9023 2 2 1 1 3888 4362 711
9024 2 2 1 1 4592 5690 644
9025 2 2 1 1 3388 4850 651
9026 2 2 1 1 3420 4495 571
9027 2 2 1 1 1083 4706 3660
9028 2 2 1 1 3560 5729 1696
9029 2 2 1 1 1840 4615 4410
9030 2 2 1 1 4412 6837 3343
9031 2 2 1 1 57 6191 56
9032 2 2 1 1 4747 5541 822
9033 2 2 1 1 3485 4576 221
9034 2 2 1 1 3487 6836 1931
9035 2 2 1 1 1074 6875 3212
9036 2 2 1 1 3957 3994 500
9037 2 2 1 1 4621 4846 481
9038 2 2 1 1 3030 5162 274
9039 2 2 1 1 3466 4549 310
9040 2 2 1 1 2261 5744 4249
9041 2 2 1 1 3077 6930 1589
9042 2 2 1 1 3815 5394 2338
9043 2 2 1 1 3272 4982 1524
9044 2 2 1 1 3031 6760 958
9045 2 2 1 1 4354 5255 2722
9046 2 2 1 1 5503 5970 980
9047 2 2 1 1 717 5322 3142
9048 2 2 1 1 2004 5640 4562
9049 2 2 1 1 1052 4809 3397
9050 2 2 1 1 3364 6317 514
9051 2 2 1 1 3093 5544 1779
9052 2 2 1 1 637 6678 3795
9053 2 2 1 1 1140 6532 3658
9054 2 2 1 1 3883 5314 1418
9055 2 2 1 1 1693 5134 2742
9056 2 2 1 1 3283 5848 2053
9057 2 2 1 1 770 6722 4309
9058 2 2 1 1 1382 5483 3579
9059 2 2 1 1 3089 4691 1384
9060 2 2 1 1 1429 5516 3292
9061 2 2 1 1 4428 6125 1944
9062 2 2 1 1 3123 5405 354
9063 2 2 1 1 3155 5555 1060
9064 2 2 1 1 3370 5451 1755
9065 2 2 1 1 263 4381 3941
9066 2 2 1 1 3637 4421 2068
9067 2 2 1 1 4847 5187 1951
9068 2 2 1 1 4217 5370 2277
9069 2 2 1 1 739 5512 3664
9070 2 2 1 1 368 6816 5969
9071 2 2 1 1 4635 5799 3627
9072 2 2 1 1 4892 6440 2763
9073 2 2 1 1 3874 5681 360
9074 2 2 1 1 4980 6109 2710
9075 2 2 1 1 2436 6898 5464
9076 2 2 1 1 684 4755 3063
9077 2 2 1 1 4148 5283 1509
9078 2 2 1 1 1692 5191 5190
9079 2 2 1 1 6018 6325 1857
9080 2 2 1 1 95 4816 94
9081 2 2 1 1 3527 4798 1812
9082 2 2 1 1 3962 5657 1114
9083 2 2 1 1 3775 5405 1452
9084 2 2 1 1 2589 5864 5257
9085 2 2 1 1 167 6033 166
9086 2 2 1 1 4293 6657 476
9087 2 2 1 1 4551 4552 1963
9088 2 2 1 1 3148 6395 2242
9089 2 2 1 1 902 4106 3410
9090 2 2 1 1 426 4712 4103
9091 2 2 1 1 4980 5948 1816
9092 2 2 1 1 2020 6596 3427
9093 2 2 1 1 1430 5569 3602
9094 2 2 1 1 1996 5981 3633
9095 2 2 1 1 2720 5837 953
9096 2 2 1 1 159 6192 158
9097 2 2 1 1 4393 4556 1871
9098 2 2 1 1 3531 6169 5915
9099 2 2 1 1 1830 5301 4480
9100 2 2 1 1 1255 4311 3961
9101 2 2 1 1 4503 6925 1127
9102 2 2 1 1 3553 4987 1464
9103 2 2 1 1 535 5339 4737
9104 2 2 1 1 708 5052 3613
9105 2 2 1 1 4410 4615 895
9106 2 2 1 1 1156 6574 3727
9107 2 2 1 1 1495 4290 3600
9108 2 2 1 1 3084 6867 1510
9109 2 2 1 1 2324 5392 4199
9110 2 2 1 1 3818 4483 646
9111 2 2 1 1 1748 4914 3792
9112 2 2 1 1 1368 6791 2844
9113 2 2 1 1 1016 5635 4522
9114 2 2 1 1 3447 4557 1562
9115 2 2 1 1 3316 5318 1502
9116 2 2 1 1 6056 6436 2076
9117 2 2 1 1 390 4754 3322
9118 2 2 1 1 2054 4846 4621
9119 2 2 1 1 1576 4652 3586
9120 2 2 1 1 3367 6496 658
9121 2 2 1 1 3582 4277 674
9122 2 2 1 1 1429 5186 4572
9123 2 2 1 1 3909 4667 1279
9124 2 2 1 1 719 6716 3331
9125 2 2 1 1 4474 6267 2043
9126 2 2 1 1 3522 5927 2640
9127 2 2 1 1 2739 5599 4330
9128 2 2 1 1 2218 4796 3820
9129 2 2 1 1 1667 5784 3010
9130 2 2 1 1 1351 4887 3059
9131 2 2 1 1 711 4512 4023
9132 2 2 1 1 297 6758 296
9133 2 2 1 1 4275 4338 1308
9134 2 2 1 1 4634 6383 1674
9135 2 2 1 1 3154 4611 728
9136 2 2 1 1 3913 4803 428
9137 2 2 1 1 1974 3837 3261
9138 2 2 1 1 1522 5833 3340
9139 2 2 1 1 1159 6283 5576
9140 2 2 1 1 1858 6296 3228
9141 2 2 1 1 66 5224 3264
9142 2 2 1 1 3284 6006 1887
9143 2 2 1 1 288 4937 287
9144 2 2 1 1 2972 4728 340
9145 2 2 1 1 2160 6800 3416
9146 2 2 1 1 3765 5164 2285
9147 2 2 1 1 2302 5036 3150
9148 2 2 1 1 958 6760 3014
9149 2 2 1 1 3226 4911 425
9150 2 2 1 1 3891 5997 2965
9151 2 2 1 1 2015 6535 3670
9152 2 2 1 1 720 4504 3960
9153 2 2 1 1 503 6855 3601
9154 2 2 1 1 298 6502 3435
9155 2 2 1 1 2908 6214 1629
9156 2 2 1 1 5725 6842 901
9157 2 2 1 1 1718 5637 3291
9158 2 2 1 1 1794 4394 4244
9159 2 2 1 1 1143 6514 4030
9160 2 2 1 1 1969 4967 4632
9161 2 2 1 1 1798 6309 2790
9162 2 2 1 1 1619 5777 4779
9163 2 2 1 1 3294 4660 1652
9164 2 2 1 1 3896 6022 1289
9165 2 2 1 1 2476 6806 5253
9166 2 2 1 1 1618 5181 3630
9167 2 2 1 1 3155 6435 617
9168 2 2 1 1 4390 6350 2060
9169 2 2 1 1 4526 6032 2018
9170 2 2 1 1 4101 4256 1640
9171 2 2 1 1 3922 5555 1925
9172 2 2 1 1 3186 5235 1675
9173 2 2 1 1 3357 6868 2133
9174 2 2 1 1 2878 6517 2121
9175 2 2 1 1 3615 6156 2199
9176 2 2 1 1 3320 5130 734
9177 2 2 1 1 3888 4782 2823
9178 2 2 1 1 5103 6314 2206
9179 2 2 1 1 5016 6218 345
9180 2 2 1 1 4121 6203 1272
9181 2 2 1 1 3124 6483 4429
9182 2 2 1 1 3459 5644 1564
9183 2 2 1 1 3095 4052 1268
9184 2 2 1 1 3164 6845 706
9185 2 2 1 1 1903 5691 2948
9186 2 2 1 1 3188 6385 404
9187 2 2 1 1 4172 5101 1778
9188 2 2 1 1 364 6030 3930
9189 2 2 1 1 3328 5134 688
9190 2 2 1 1 1950 5575 5181
9191 2 2 1 1 1950 5181 4059
9192 2 2 1 1 3699 4829 422
9193 2 2 1 1 889 6656 3429
9194 2 2 1 1 2496 6087 3816
9195 2 2 1 1 4020 5577 408
9196 2 2 1 1 1776 6280 2962
9197 2 2 1 1 3528 5580 592
9198 2 2 1 1 1563 4257 3573
9199 2 2 1 1 998 3902 3437
9200 2 2 1 1 485 5386 4120
9201 2 2 1 1 3991 4993 695
9202 2 2 1 1 3354 6489 1100
9203 2 2 1 1 1387 5987 3662
9204 2 2 1 1 2909 6860 4897
9205 2 2 1 1 2712 5738 589
9206 2 2 1 1 1414 4180 3136
9207 2 2 1 1 3859 5874 2258
9208 2 2 1 1 1052 6661 3568
9209 2 2 1 1 3466 6668 1933
9210 2 2 1 1 1558 4785 3432
9211 2 2 1 1 6382 6400 2684
9212 2 2 1 1 6614 6777 2091
9213 2 2 1 1 3498 5333 1201
9214 2 2 1 1 696 5455 4634
9215 2 2 1 1 266 6262 3461
9216 2 2 1 1 5243 5244 2696
9217 2 2 1 1 2026 6824 6087
9218 2 2 1 1 369 5631 3911
9219 2 2 1 1 2027 4793 3903
9220 2 2 1 1 6184 6717 3116
9221 2 2 1 1 3311 5979 1585
9222 2 2 1 1 876 6648 6474
9223 2 2 1 1 3602 5569 899
9224 2 2 1 1 550 5851 3739
9225 2 2 1 1 1574 4969 4968
9226 2 2 1 1 5322 6008 2403
9227 2 2 1 1 377 5216 4087
9228 2 2 1 1 5001 5408 1565
9229 2 2 1 1 4776 5586 2506
9230 2 2 1 1 1633 5348 3149
9231 2 2 1 1 3801 6750 536
9232 2 2 1 1 5022 6859 2236
9233 2 2 1 1 6186 6640 3117
9234 2 2 1 1 1698 5487 4559
9235 2 2 1 1 3588 6913 824
9236 2 2 1 1 4686 6817 3103
9237 2 2 1 1 4339 5883 2458
9238 2 2 1 1 3606 6567 1901
9239 2 2 1 1 519 6583 3887
9240 2 2 1 1 4740 6306 2132
9241 2 2 1 1 935 6416 3620
9242 2 2 1 1 1779 6074 3093
9243 2 2 1 1 1566 5421 3078
9244 2 2 1 1 2972 6223 5325
9245 2 2 1 1 4725 6642 632
9246 2 2 1 1 3212 6707 401
9247 2 2 1 1 228 4708 227
9248 2 2 1 1 143 4292 142
9249 2 2 1 1 4355 4356 2561
9250 2 2 1 1 3762 5237 593
9251 2 2 1 1 204 5977 3422
9252 2 2 1 1 1440 5332 3795
9253 2 2 1 1 4237 5780 2405
9254 2 2 1 1 3749 4546 463
9255 2 2 1 1 4938 5179 657
9256 2 2 1 1 1420 6733 3598
9257 2 2 1 1 5703 6293 3796
9258 2 2 1 1 3300 5554 485
9259 2 2 1 1 473 5219 4145
9260 2 2 1 1 730 5337 3959
9261 2 2 1 1 1291 5744 3822
9262 2 2 1 1 1840 4673 4615
9263 2 2 1 1 1735 4042 3531
9264 2 2 1 1 1326 6844 2847
9265 2 2 1 1 2573 5962 4494
9266 2 2 1 1 4803 5054 1586
9267 2 2 1 1 2238 6366 3005
9268 2 2 1 1 4323 6469 904
9269 2 2 1 1 2176 6075 5262
9270 2 2 1 1 1173 4984 3401
9271 2 2 1 1 3730 6279 1943
9272 2 2 1 1 397 6690 3477
9273 2 2 1 1 1820 6423 2761
9274 2 2 1 1 3330 6325 935
9275 2 2 1 1 3498 6285 634
9276 2 2 1 1 4219 4495 1505
9277 2 2 1 1 813 5931 4443
9278 2 2 1 1 1358 4957 3336
9279 2 2 1 1 3847 5518 698
9280 2 2 1 1 1644 5557 3117
9281 2 2 1 1 6110 6531 1419
9282 2 2 1 1 3475 5232 2967
9283 2 2 1 1 2343 6572 3398
9284 2 2 1 1 3427 4082 2287
9285 2 2 1 1 4264 6152 5763
9286 2 2 1 1 1664 3994 3957
9287 2 2 1 1 1652 5356 3294
9288 2 2 1 1 566 6763 3061
9289 2 2 1 1 1717 4266 3990
9290 2 2 1 1 5136 5636 1737
9291 2 2 1 1 6060 6665 1804
9292 2 2 1 1 4758 4766 1958
9293 2 2 1 1 1674 6383 4131
9294 2 2 1 1 18 4176 17
9295 2 2 1 1 506 4956 3931
9296 2 2 1 1 2377 5808 3305
9297 2 2 1 1 3967 5301 592
9298 2 2 1 1 4175 6852 1929
9299 2 2 1 1 3596 4626 1348
9300 2 2 1 1 90 4977 2881
9301 2 2 1 1 3384 6007 1246
9302 2 2 1 1 898 5196 3108
9303 2 2 1 1 867 5709 3002
9304 2 2 1 1 2306 5217 3415
9305 2 2 1 1 4555 4785 1558
9306 2 2 1 1 2338 5394 5274
9307 2 2 1 1 4278 4413 675
9308 2 2 1 1 3583 3896 630
9309 2 2 1 1 4257 5202 855
9310 2 2 1 1 4737 5339 2213
9311 2 2 1 1 1477 4988 3786
9312 2 2 1 1 4132 6243 2453
9313 2 2 1 1 642 5747 3761
9314 2 2 1 1 3418 5700 478
9315 2 2 1 1 325 6644 3274
9316 2 2 1 1 1591 5361 5305
9317 2 2 1 1 2197 6723 5120
9318 2 2 1 1 4936 5564 2440
9319 2 2 1 1 3746 4110 1271
9320 2 2 1 1 345 6218 3132
9321 2 2 1 1 1403 4635 3509
9322 2 2 1 1 552 5707 3391
9323 2 2 1 1 3489 6347 508
9324 2 2 1 1 6811 6905 1969
9325 2 2 1 1 3773 6697 2412
9326 2 2 1 1 3090 6095 4711
9327 2 2 1 1 5498 6555 1722
9328 2 2 1 1 1654 6495 3044
9329 2 2 1 1 1893 6166 4501
9330 2 2 1 1 4657 6431 2028
9331 2 2 1 1 332 5605 3953
9332 2 2 1 1 1539 6795 3758
9333 2 2 1 1 4080 4673 354
9334 2 2 1 1 3683 5367 462
9335 2 2 1 1 736 6500 4107
9336 2 2 1 1 83 4874 3079
9337 2 2 1 1 1227 4363 3442
9338 2 2 1 1 17 4176 3890
9339 2 2 1 1 5056 6516 384
9340 2 2 1 1 5048 6687 1898
9341 2 2 1 1 884 6682 4131
9342 2 2 1 1 3456 5180 1179
9343 2 2 1 1 4361 4642 502
9344 2 2 1 1 1668 6526 4778
9345 2 2 1 1 4522 4847 1951
9346 2 2 1 1 4314 5684 1439
9347 2 2 1 1 1042 6603 3530
9348 2 2 1 1 1379 4579 4490
9349 2 2 1 1 3960 4504 1664
9350 2 2 1 1 3102 5950 1636
9351 2 2 1 1 192 6744 3823
9352 2 2 1 1 5593 6307 1583
9353 2 2 1 1 3270 5632 1064
9354 2 2 1 1 4378 6830 2058
9355 2 2 1 1 4070 4117 1824
9356 2 2 1 1 109 4271 108
9357 2 2 1 1 4206 4540 631
9358 2 2 1 1 3387 6872 1105
9359 2 2 1 1 1386 3973 3952
9360 2 2 1 1 1027 6679 2742
9361 2 2 1 1 15 6890 14
9362 2 2 1 1 4427 5866 2215
9363 2 2 1 1 3203 6404 4288
9364 2 2 1 1 497 6670 5566
9365 2 2 1 1 4021 5736 2146
9366 2 2 1 1 6396 6722 1526
9367 2 2 1 1 850 6062 3401
9368 2 2 1 1 2301 5408 5001
9369 2 2 1 1 514 4973 4178
9370 2 2 1 1 4202 4826 1645
9371 2 2 1 1 1872 6679 3597
9372 2 2 1 1 2047 6879 4043
9373 2 2 1 1 3390 5851 2463
9374 2 2 1 1 3723 5713 525
9375 2 2 1 1 3727 6574 1891
9376 2 2 1 1 4883 6291 894
9377 2 2 1 1 3783 4815 1402
9378 2 2 1 1 1506 4374 3619
9379 2 2 1 1 2024 6854 5252
9380 2 2 1 1 4724 6189 239
9381 2 2 1 1 2984 6832 1286
9382 2 2 1 1 3298 4565 2297
9383 2 2 1 1 189 4798 188
9384 2 2 1 1 1860 6046 4619
9385 2 2 1 1 1339 6030 4383
9386 2 2 1 1 2236 6859 3949
9387 2 2 1 1 1207 5530 4339
9388 2 2 1 1 5043 5110 2265
9389 2 2 1 1 765 5435 4599
9390 2 2 1 1 1500 5674 4319
9391 2 2 1 1 4118 6491 796
9392 2 2 1 1 3144 5942 2198
9393 2 2 1 1 3142 6390 1282
9394 2 2 1 1 1305 5321 3130
9395 2 2 1 1 1642 5290 3399
9396 2 2 1 1 5527 6482 2884
9397 2 2 1 1 1781 6347 3489
9398 2 2 1 1 4266 4994 2248
9399 2 2 1 1 360 5926 3586
9400 2 2 1 1 3574 4637 1592
9401 2 2 1 1 3329 4241 1760
9402 2 2 1 1 4231 5025 1461
9403 2 2 1 1 599 5069 4093
9404 2 2 1 1 3095 4360 302
9405 2 2 1 1 3712 6678 637
9406 2 2 1 1 434 6640 2846
9407 2 2 1 1 3020 6743 4507
9408 2 2 1 1 2574 5406 4094
9409 2 2 1 1 1665 5829 3053
9410 2 2 1 1 3019 5782 1244
9411 2 2 1 1 671 5688 2992
9412 2 2 1 1 4069 6257 1923
9413 2 2 1 1 2923 4946 386
9414 2 2 1 1 2603 5710 4891
9415 2 2 1 1 243 6175 3224
9416 2 2 1 1 3601 6363 503
9417 2 2 1 1 1179 5180 3664
9418 2 2 1 1 3956 3968 396
9419 2 2 1 1 860 4219 3952
9420 2 2 1 1 1454 5291 4638
9421 2 2 1 1 3771 5893 806
9422 2 2 1 1 5257 6092 2584
9423 2 2 1 1 3059 4853 1351
9424 2 2 1 1 1531 5295 4639
9425 2 2 1 1 4183 4673 1840
9426 2 2 1 1 5026 5240 1946
9427 2 2 1 1 3883 6580 602
9428 2 2 1 1 2128 5904 3309
9429 2 2 1 1 1656 5998 2743
9430 2 2 1 1 1655 5488 2902
9431 2 2 1 1 3546 5856 447
9432 2 2 1 1 4286 4546 1842
9433 2 2 1 1 4586 5461 715
9434 2 2 1 1 3914 5683 725
9435 2 2 1 1 3306 6235 494
9436 2 2 1 1 1431 5990 3508
9437 2 2 1 1 3604 5132 1575
9438 2 2 1 1 555 5474 4072
9439 2 2 1 1 4513 5676 2016
9440 2 2 1 1 3514 5478 1801
9441 2 2 1 1 1484 5113 3318
9442 2 2 1 1 3531 4042 928
9443 2 2 1 1 2151 5832 3281
9444 2 2 1 1 3190 6553 1561
9445 2 2 1 1 3176 5347 1734
9446 2 2 1 1 2467 5338 3950
9447 2 2 1 1 4691 6597 1384
9448 2 2 1 1 3384 6745 5
9449 2 2 1 1 4903 5761 2064
9450 2 2 1 1 3519 6646 1079
9451 2 2 1 1 5342 6584 2439
9452 2 2 1 1 3501 5661 129
9453 2 2 1 1 1826 5301 3967
9454 2 2 1 1 676 5615 4861
9455 2 2 1 1 1133 6778 4215
9456 2 2 1 1 5627 6681 2378
9457 2 2 1 1 1719 5649 4968
9458 2 2 1 1 1071 6870 2993
9459 2 2 1 1 852 4445 3857
9460 2 2 1 1 2814 6031 4107
9461 2 2 1 1 1171 6119 3276
9462 2 2 1 1 1404 6250 3366
9463 2 2 1 1 1697 6633 5818
9464 2 2 1 1 3186 5986 823
9465 2 2 1 1 377 6921 5216
9466 2 2 1 1 13 6335 4128
9467 2 2 1 1 4640 6338 1801
9468 2 2 1 1 3461 6262 1860
9469 2 2 1 1 3307 6559 4133
9470 2 2 1 1 3854 6628 536
9471 2 2 1 1 4210 5818 1056
9472 2 2 1 1 4565 4573 938
9473 2 2 1 1 1618 5779 3787
9474 2 2 1 1 3190 4793 452
9475 2 2 1 1 1620 5036 4845
9476 2 2 1 1 3398 6572 922
9477 2 2 1 1 3357 6549 2140
9478 2 2 1 1 4256 6419 1640
9479 2 2 1 1 1553 4401 3682
9480 2 2 1 1 793 4139 3526
9481 2 2 1 1 3369 5807 2603
9482 2 2 1 1 5064 5875 2082
9483 2 2 1 1 3161 6058 1645
9484 2 2 1 1 3110 5734 2329
9485 2 2 1 1 1717 4994 4266
9486 2 2 1 1 5778 6284 449
9487 2 2 1 1 4261 5018 428
9488 2 2 1 1 4346 5977 205
9489 2 2 1 1 663 6346 5877
9490 2 2 1 1 3407 6050 211
9491 2 2 1 1 4806 6129 2081
9492 2 2 1 1 4461 5258 2112
9493 2 2 1 1 3859 4709 395
9494 2 2 1 1 581 4254 3786
9495 2 2 1 1 4012 4139 1704
9496 2 2 1 1 3279 6346 1769
9497 2 2 1 1 2203 5278 4858
9498 2 2 1 1 3695 5678 1136
9499 2 2 1 1 3060 6843 2386
9500 2 2 1 1 1649 5149 3526
9501 2 2 1 1 181 4797 3999
9502 2 2 1 1 3912 4602 357
9503 2 2 1 1 1308 4406 4046
9504 2 2 1 1 3592 5987 1387
9505 2 2 1 1 37 6914 3234
9506 2 2 1 1 4074 5291 1454
9507 2 2 1 1 3920 5024 439
9508 2 2 1 1 664 6589 3109
9509 2 2 1 1 1704 4520 4012
9510 2 2 1 1 1647 5249 5004
9511 2 2 1 1 479 6466 3196
9512 2 2 1 1 4267 5888 1734
9513 2 2 1 1 5890 6862 530
9514 2 2 1 1 1970 5382 4371
9515 2 2 1 1 1771 5934 3917
9516 2 2 1 1 3636 6254 564
9517 2 2 1 1 1697 4589 3694
9518 2 2 1 1 1753 4956 3669
9519 2 2 1 1 1582 5420 3714
9520 2 2 1 1 3820 4796 1682
9521 2 2 1 1 188 4798 3527
9522 2 2 1 1 541 6726 4630
9523 2 2 1 1 785 4926 4333
9524 2 2 1 1 3770 5441 1003
9525 2 2 1 1 1461 5025 3121
9526 2 2 1 1 3240 5946 391
9527 2 2 1 1 1799 6569 3099
9528 2 2 1 1 816 5649 4095
9529 2 2 1 1 3157 5708 178
9530 2 2 1 1 3709 6694 127
9531 2 2 1 1 3924 4746 651
9532 2 2 1 1 382 6519 4640
9533 2 2 1 1 3805 4905 721
9534 2 2 1 1 711 4782 3888
9535 2 2 1 1 958 5093 3031
9536 2 2 1 1 3297 5260 415
9537 2 2 1 1 755 6068 3326
9538 2 2 1 1 3400 4600 1037
9539 2 2 1 1 3886 5445 762
9540 2 2 1 1 1283 5431 4026
9541 2 2 1 1 1368 6459 2846
9542 2 2 1 1 1074 6618 3443
9543 2 2 1 1 2081 6129 3075
9544 2 2 1 1 5235 6080 338
9545 2 2 1 1 4279 4781 2129
9546 2 2 1 1 1423 4467 2818
9547 2 2 1 1 1703 4755 3526
9548 2 2 1 1 5077 6655 2100
9549 2 2 1 1 2542 5437 5423
9550 2 2 1 1 3877 5528 269
9551 2 2 1 1 1473 4405 3762
9552 2 2 1 1 3141 6838 1031
9553 2 2 1 1 3866 6366 517
9554 2 2 1 1 3862 4141 1530
9555 2 2 1 1 2311 5879 3200
9556 2 2 1 1 3202 6255 1945
9557 2 2 1 1 4858 6019 2203
9558 2 2 1 1 2425 6938 3591
9559 2 2 1 1 804 4900 3543
9560 2 2 1 1 4420 5138 763
9561 2 2 1 1 3241 5270 1610
9562 2 2 1 1 67 5224 66
9563 2 2 1 1 3659 6565 1191
9564 2 2 1 1 2018 6032 5172
9565 2 2 1 1 3906 6822 491
9566 2 2 1 1 2016 5156 4513
9567 2 2 1 1 360 4652 3874
9568 2 2 1 1 2631 6657 4293
9569 2 2 1 1 107 4538 106
9570 2 2 1 1 1831 5961 3698
9571 2 2 1 1 1600 5133 3963
9572 2 2 1 1 4459 5095 2059
9573 2 2 1 1 3373 5621 541
9574 2 2 1 1 3739 4947 550
9575 2 2 1 1 3282 6647 1430
9576 2 2 1 1 2363 4277 3582
9577 2 2 1 1 685 5525 3567
9578 2 2 1 1 923 5349 4373
9579 2 2 1 1 3312 6620 2263
9580 2 2 1 1 3436 5063 1187
9581 2 2 1 1 3766 5194 1200
9582 2 2 1 1 4942 6160 1512
9583 2 2 1 1 777 4785 4555
9584 2 2 1 1 1100 6188 3354
9585 2 2 1 1 1891 6910 3727
9586 2 2 1 1 1139 5178 3139
9587 2 2 1 1 3722 5112 2406
9588 2 2 1 1 2100 6274 6020
9589 2 2 1 1 900 6704 4297
9590 2 2 1 1 3142 5322 1573
9591 2 2 1 1 2159 6491 4118
9592 2 2 1 1 5143 6584 1006
9593 2 2 1 1 4387 6204 2787
9594 2 2 1 1 2178 5085 4771
9595 2 2 1 1 279 5347 278
9596 2 2 1 1 2024 6243 4132
9597 2 2 1 1 3338 5822 1765
9598 2 2 1 1 5682 6418 1990
9599 2 2 1 1 3623 5641 1086
9600 2 2 1 1 5725 6409 1214
9601 2 2 1 1 1688 4940 3033
9602 2 2 1 1 834 6863 5433
9603 2 2 1 1 651 4746 3388
9604 2 2 1 1 1933 6668 3363
9605 2 2 1 1 2096 5013 4222
9606 2 2 1 1 442 6526 4989
9607 2 2 1 1 404 5113 3188
9608 2 2 1 1 3541 6002 2138
9609 2 2 1 1 3593 5400 1988
9610 2 2 1 1 851 6539 6001
9611 2 2 1 1 125 4158 124
9612 2 2 1 1 5856 5973 447
9613 2 2 1 1 1411 5821 3503
9614 2 2 1 1 714 5831 3205
9615 2 2 1 1 3450 6393 1757
9616 2 2 1 1 3054 6461 1211
9617 2 2 1 1 3150 4885 2268
9618 2 2 1 1 1443 6056 3270
9619 2 2 1 1 1570 5568 3838
9620 2 2 1 1 2815 4958 949
9621 2 2 1 1 1056 5818 3426
9622 2 2 1 1 3841 5789 1932
9623 2 2 1 1 789 5290 4084
9624 2 2 1 1 3252 6686 488
9625 2 2 1 1 4018 5486 1494
9626 2 2 1 1 52 5746 3500
9627 2 2 1 1 2709 5828 336
9628 2 2 1 1 602 4812 3923
9629 2 2 1 1 1782 5542 5197
9630 2 2 1 1 1866 6729 3553
9631 2 2 1 1 5048 5558 2562
9632 2 2 1 1 1060 6786 3188
9633 2 2 1 1 3961 6392 826
9634 2 2 1 1 3093 6890 15
9635 2 2 1 1 3196 6466 4253
9636 2 2 1 1 5122 6364 3386
9637 2 2 1 1 1267 6568 3003
9638 2 2 1 1 955 5258 4461
9639 2 2 1 1 449 6284 4351
9640 2 2 1 1 2314 6464 6153
9641 2 2 1 1 3598 6733 601
9642 2 2 1 1 4862 6611 2708
9643 2 2 1 1 1659 4905 3805
9644 2 2 1 1 2008 5173 5015
9645 2 2 1 1 1904 5794 3207
9646 2 2 1 1 673 4912 3152
9647 2 2 1 1 2056 6426 4437
9648 2 2 1 1 4901 5215 2375
9649 2 2 1 1 1487 6127 3225
9650 2 2 1 1 3973 6546 1791
9651 2 2 1 1 868 6590 3652
9652 2 2 1 1 261 4821 260
9653 2 2 1 1 1792 6009 4962
9654 2 2 1 1 1336 5358 3206
9655 2 2 1 1 2761 6423 5366
9656 2 2 1 1 3557 5916 364
9657 2 2 1 1 2321 4904 3463
9658 2 2 1 1 4022 5427 448
9659 2 2 1 1 1605 4993 3143
9660 2 2 1 1 4112 5393 1520
9661 2 2 1 1 3485 5463 1479
9662 2 2 1 1 4008 5521 669
9663 2 2 1 1 3563 6534 1181
9664 2 2 1 1 5313 6493 2085
9665 2 2 1 1 5028 5523 707
9666 2 2 1 1 1542 4934 3792
9667 2 2 1 1 3764 4267 280
9668 2 2 1 1 636 5440 3076
9669 2 2 1 1 4833 5124 690
9670 2 2 1 1 5464 6898 1381
9671 2 2 1 1 919 5090 3578
9672 2 2 1 1 3572 6776 2214
9673 2 2 1 1 1512 5857 2918
9674 2 2 1 1 199 6471 198
9675 2 2 1 1 1164 6358 3335
9676 2 2 1 1 1234 6096 3604
9677 2 2 1 1 1306 4356 4355
9678 2 2 1 1 3421 4391 757
9679 2 2 1 1 2974 5838 1441
9680 2 2 1 1 694 6380 5997
9681 2 2 1 1 463 4546 4286
9682 2 2 1 1 1740 6150 4125
9683 2 2 1 1 28 6082 4285
9684 2 2 1 1 4364 5351 1445
9685 2 2 1 1 542 6172 3735
9686 2 2 1 1 1039 5791 3755
9687 2 2 1 1 3261 6454 1974
9688 2 2 1 1 6294 6736 3199
9689 2 2 1 1 956 5108 3632
9690 2 2 1 1 357 5132 3604
9691 2 2 1 1 1883 5681 3874
9692 2 2 1 1 4451 5968 1300
9693 2 2 1 1 3571 5103 1141
9694 2 2 1 1 1356 6460 3298
9695 2 2 1 1 4637 4801 575
9696 2 2 1 1 1607 5552 5075
9697 2 2 1 1 1434 6290 4349
9698 2 2 1 1 75 4209 74
9699 2 2 1 1 2097 5656 4165
9700 2 2 1 1 1452 5405 5387
9701 2 2 1 1 1685 6510 3026
9702 2 2 1 1 1630 5622 4317
9703 2 2 1 1 1426 6701 4087
9704 2 2 1 1 1959 4689 4410
9705 2 2 1 1 3375 6061 808
9706 2 2 1 1 494 6235 2742
9707 2 2 1 1 3324 6531 6110
9708 2 2 1 1 4002 5990 1431
9709 2 2 1 1 3234 6330 36
9710 2 2 1 1 1325 4465 3584
9711 2 2 1 1 983 5419 3253
9712 2 2 1 1 831 6908 4674
9713 2 2 1 1 3545 5951 1689
9714 2 2 1 1 1793 6035 3089
9715 2 2 1 1 3113 6106 4825
9716 2 2 1 1 3434 4158 125
9717 2 2 1 1 3343 6837 1349
9718 2 2 1 1 3930 6030 1339
9719 2 2 1 1 1963 4552 4534
9720 2 2 1 1 3363 4631 1933
9721 2 2 1 1 8 4972 7
9722 2 2 1 1 371 5497 5381
9723 2 2 1 1 2083 5909 3928
9724 2 2 1 1 1746 6714 3654
9725 2 2 1 1 23 5912 3075
9726 2 2 1 1 398 4814 3285
9727 2 2 1 1 5361 6054 372
9728 2 2 1 1 2744 5980 4998
9729 2 2 1 1 4112 4955 2251
9730 2 2 1 1 3500 5722 51
9731 2 2 1 1 394 6371 3793
9732 2 2 1 1 4425 5806 1978
9733 2 2 1 1 649 5589 3335
9734 2 2 1 1 2023 4803 3913
9735 2 2 1 1 3188 5113 1484
9736 2 2 1 1 885 6629 4142
9737 2 2 1 1 1436 5522 5100
9738 2 2 1 1 3506 6771 1805
9739 2 2 1 1 725 5146 3868
9740 2 2 1 1 544 6242 3424
9741 2 2 1 1 1428 5179 4261
9742 2 2 1 1 1721 5501 3607
9743 2 2 1 1 3229 6562 69
9744 2 2 1 1 1818 6268 3490
9745 2 2 1 1 171 6796 170
9746 2 2 1 1 4165 5656 2435
9747 2 2 1 1 4485 5442 407
9748 2 2 1 1 129 5661 128
9749 2 2 1 1 3443 6618 1815
9750 2 2 1 1 5268 5880 2432
9751 2 2 1 1 484 4879 3943
9752 2 2 1 1 2933 6049 3877
9753 2 2 1 1 2992 5688 1725
9754 2 2 1 1 99 5375 2944
9755 2 2 1 1 3488 6308 554
9756 2 2 1 1 3719 4311 1255
9757 2 2 1 1 3702 6132 1822
9758 2 2 1 1 2215 5866 4614
9759 2 2 1 1 648 5626 3590
9760 2 2 1 1 3903 4793 1561
9761 2 2 1 1 287 4937 3792
9762 2 2 1 1 431 4256 4101
9763 2 2 1 1 3712 5974 2119
9764 2 2 1 1 4016 5276 1979
9765 2 2 1 1 4340 4603 1421
9766 2 2 1 1 4739 6433 2754
9767 2 2 1 1 4877 5019 421
9768 2 2 1 1 4616 6891 1605
9769 2 2 1 1 3247 5996 1452
9770 2 2 1 1 4447 5344 3147
9771 2 2 1 1 779 6641 5936
9772 2 2 1 1 3292 5516 521
9773 2 2 1 1 1538 6884 5629
9774 2 2 1 1 1489 6092 3824
9775 2 2 1 1 939 6441 4765
9776 2 2 1 1 3772 4468 665
9777 2 2 1 1 3344 5591 546
9778 2 2 1 1 3800 4561 427
9779 2 2 1 1 3079 4874 1523
9780 2 2 1 1 3 6234 165
9781 2 2 1 1 3022 6281 1620
9782 2 2 1 1 3490 4564 823
9783 2 2 1 1 3666 4329 1432
9784 2 2 1 1 1351 5007 4014
9785 2 2 1 1 649 6651 4063
9786 2 2 1 1 4808 6217 1165
9787 2 2 1 1 4161 5712 759
9788 2 2 1 1 324 5248 323
9789 2 2 1 1 1813 6034 4491
9790 2 2 1 1 2846 6459 434
9791 2 2 1 1 421 5019 4334
9792 2 2 1 1 1166 6666 3612
9793 2 2 1 1 3420 6872 1505
9794 2 2 1 1 1797 5491 5345
9795 2 2 1 1 4362 6351 1486
9796 2 2 1 1 1687 5329 3734
9797 2 2 1 1 372 5979 3311
9798 2 2 1 1 3526 5149 793
9799 2 2 1 1 2522 6663 3160
9800 2 2 1 1 3412 6016 1089
9801 2 2 1 1 70 5574 3229
9802 2 2 1 1 749 6743 3020
9803 2 2 1 1 3157 5329 1687
9804 2 2 1 1 388 5519 3718
9805 2 2 1 1 175 5432 174
9806 2 2 1 1 2774 5621 3373
9807 2 2 1 1 3949 6859 773
9808 2 2 1 1 3214 5754 680
9809 2 2 1 1 4463 6555 2773
9810 2 2 1 1 1640 4476 4101
9811 2 2 1 1 1085 4707 3780
9812 2 2 1 1 3787 5072 1618
9813 2 2 1 1 4267 5347 279
9814 2 2 1 1 2980 5485 925
9815 2 2 1 1 1857 6325 3330
9816 2 2 1 1 4199 5392 1511
9817 2 2 1 1 3632 6671 1999
9818 2 2 1 1 327 5089 3779
9819 2 2 1 1 4823 6083 878
9820 2 2 1 1 4195 4807 1603
9821 2 2 1 1 162 4669 3513
9822 2 2 1 1 3117 5557 1029
9823 2 2 1 1 1435 6130 4089
9824 2 2 1 1 3952 4219 1505
9825 2 2 1 1 3532 6680 1379
9826 2 2 1 1 491 5958 3468
9827 2 2 1 1 3759 6188 1100
9828 2 2 1 1 149 4467 148
9829 2 2 1 1 332 6219 5605
9830 2 2 1 1 1734 5888 3158
9831 2 2 1 1 77 5009 76
9832 2 2 1 1 4431 6090 1684
9833 2 2 1 1 1557 6317 3364
9834 2 2 1 1 4169 5532 2045
9835 2 2 1 1 1114 5657 3236
9836 2 2 1 1 3671 5055 812
9837 2 2 1 1 178 5708 177
9838 2 2 1 1 3831 4326 2334
9839 2 2 1 1 1687 5708 3157
9840 2 2 1 1 283 4427 282
9841 2 2 1 1 3876 6351 489
9842 2 2 1 1 4590 6154 2562
9843 2 2 1 1 1466 6580 3883
9844 2 2 1 1 1376 5872 3355
9845 2 2 1 1 2472 6480 5144
9846 2 2 1 1 1902 4667 3909
9847 2 2 1 1 4101 4476 1723
9848 2 2 1 1 3706 5816 1451
9849 2 2 1 1 4066 4718 417
9850 2 2 1 1 1687 5595 4653
9851 2 2 1 1 5331 5522 1436
9852 2 2 1 1 1577 5249 3884
9853 2 2 1 1 2091 6777 4961
9854 2 2 1 1 1815 6822 3906
9855 2 2 1 1 3035 5102 1528
9856 2 2 1 1 1869 6536 3215
9857 2 2 1 1 1869 6229 4397
9858 2 2 1 1 1212 5500 3615
9859 2 2 1 1 3536 5816 1457
9860 2 2 1 1 3926 6556 732
9861 2 2 1 1 5997 6380 2741
9862 2 2 1 1 5619 6359 2318
9863 2 2 1 1 4175 5246 1367
9864 2 2 1 1 2189 6694 3709
9865 2 2 1 1 564 4820 4464
9866 2 2 1 1 3355 5003 1376
9867 2 2 1 1 3875 4654 1281
9868 2 2 1 1 838 5115 4124
9869 2 2 1 1 1426 4848 3631
9870 2 2 1 1 3203 5334 2280
9871 2 2 1 1 58 5847 3272
9872 2 2 1 1 4410 4689 1840
9873 2 2 1 1 3739 5899 1898
9874 2 2 1 1 966 6376 4629
9875 2 2 1 1 888 5772 2987
9876 2 2 1 1 3732 6264 527
9877 2 2 1 1 4006 4705 2437
9878 2 2 1 1 3394 5917 2228
9879 2 2 1 1 4287 6197 1946
9880 2 2 1 1 2896 6269 3748
9881 2 2 1 1 1770 5752 3576
9882 2 2 1 1 1947 5271 3406
9883 2 2 1 1 3741 5729 954
9884 2 2 1 1 364 6176 3557
9885 2 2 1 1 3206 6465 1336
9886 2 2 1 1 2340 6213 3882
9887 2 2 1 1 4232 4965 444
9888 2 2 1 1 4290 4490 435
9889 2 2 1 1 1249 6334 3551
9890 2 2 1 1 4009 5090 2151
9891 2 2 1 1 3280 5390 1787
9892 2 2 1 1 512 5215 4901
9893 2 2 1 1 1886 6220 4519
9894 2 2 1 1 3217 5084 1195
9895 2 2 1 1 772 6215 3405
9896 2 2 1 1 1674 4712 4141
9897 2 2 1 1 1021 6897 5058
9898 2 2 1 1 4007 6407 1589
9899 2 2 1 1 5215 6803 1845
9900 2 2 1 1 3886 5073 1445
9901 2 2 1 1 331 4908 3675
9902 2 2 1 1 2226 6502 4001
9903 2 2 1 1 3062 4336 596
9904 2 2 1 1 1917 6222 3734
9905 2 2 1 1 6096 6896 1850
9906 2 2 1 1 450 6281 3022
9907 2 2 1 1 4904 5553 938
9908 2 2 1 1 4507 6743 1956
9909 2 2 1 1 4548 5310 1521
9910 2 2 1 1 2796 6852 965
9911 2 2 1 1 3443 6073 1902
9912 2 2 1 1 2281 5832 4957
9913 2 2 1 1 1674 4141 3862
9914 2 2 1 1 4501 5892 1022
9915 2 2 1 1 630 6109 4980
9916 2 2 1 1 1160 6581 3778
9917 2 2 1 1 3445 5884 246
9918 2 2 1 1 3620 6416 2062
9919 2 2 1 1 618 5502 3918
9920 2 2 1 1 3146 4894 1443
9921 2 2 1 1 2368 5019 4877
9922 2 2 1 1 881 5868 3121
9923 2 2 1 1 5149 6375 793
9924 2 2 1 1 1727 6788 2969
9925 2 2 1 1 3481 6500 736
9926 2 2 1 1 3975 4206 1405
9927 2 2 1 1 2000 6463 3881
9928 2 2 1 1 1832 5308 4050
9929 2 2 1 1 1015 5057 3732
9930 2 2 1 1 5759 6355 400
9931 2 2 1 1 2723 6390 4702
9932 2 2 1 1 6143 6275 1764
9933 2 2 1 1 3525 5032 718
9934 2 2 1 1 3463 4904 1720
9935 2 2 1 1 2081 5982 4806
9936 2 2 1 1 1653 6781 5931
9937 2 2 1 1 5367 5686 462
9938 2 2 1 1 4579 5825 2017
9939 2 2 1 1 3335 5589 1417
9940 2 2 1 1 744 6226 5945
9941 2 2 1 1 559 5099 3995
9942 2 2 1 1 221 4576 220
9943 2 2 1 1 3778 6271 1936
9944 2 2 1 1 2442 6384 4822
9945 2 2 1 1 349 4324 3595
9946 2 2 1 1 3152 4912 1397
9947 2 2 1 1 1391 5442 4485
9948 2 2 1 1 2023 5054 4803
9949 2 2 1 1 3742 6812 528
9950 2 2 1 1 3720 6721 1136
9951 2 2 1 1 3593 4633 1622
9952 2 2 1 1 1494 4972 4018
9953 2 2 1 1 3402 6669 1068
9954 2 2 1 1 3620 5724 4648
9955 2 2 1 1 3192 6247 2221
9956 2 2 1 1 3722 5500 1212
9957 2 2 1 1 5438 5668 3065
9958 2 2 1 1 1693 6235 3306
9959 2 2 1 1 983 6094 3789
9960 2 2 1 1 1789 5281 4721
9961 2 2 1 1 1570 4842 4270
9962 2 2 1 1 3246 5499 1791
9963 2 2 1 1 386 4703 3945
9964 2 2 1 1 1793 6248 3232
9965 2 2 1 1 1551 6242 5074
9966 2 2 1 1 316 4940 315
9967 2 2 1 1 2581 6626 6057
9968 2 2 1 1 4707 6718 3780
9969 2 2 1 1 3599 6724 2148
9970 2 2 1 1 4264 4894 614
9971 2 2 1 1 2608 6641 5098
9972 2 2 1 1 3078 5421 4935
9973 2 2 1 1 3114 6210 1732
9974 2 2 1 1 5107 6491 1656
9975 2 2 1 1 4138 5960 1533
9976 2 2 1 1 1675 5986 3186
9977 2 2 1 1 3168 6255 414
9978 2 2 1 1 4170 4539 2204
9979 2 2 1 1 2745 6553 5061
9980 2 2 1 1 3946 6627 1623
9981 2 2 1 1 3452 6365 2388
9982 2 2 1 1 3260 6588 1001
9983 2 2 1 1 2715 6859 5022
9984 2 2 1 1 5600 6216 2219
9985 2 2 1 1 363 6454 3261
9986 2 2 1 1 2840 6810 462
9987 2 2 1 1 3725 4916 1884
9988 2 2 1 1 440 5095 4459
9989 2 2 1 1 4134 5379 2131
9990 2 2 1 1 4294 4995 2148
9991 2 2 1 1 2016 6352 3524
9992 2 2 1 1 1722 6182 5498
9993 2 2 1 1 2901 5580 3528
9994 2 2 1 1 1627 6511 3668
9995 2 2 1 1 3445 6288 2002
9996 2 2 1 1 3752 5126 1606
9997 2 2 1 1 1218 5410 3628
9998 2 2 1 1 2839 6344 4550
9999 2 2 1 1 3949 5359 2236
10000 2 2 1 1 5676 6408 2016
10001 2 2 1 1 730 5191 4760
10002 2 2 1 1 3878 6623 818
10003 2 2 1 1 3408 5763 898
10004 2 2 1 1 2048 6886 6513
10005 2 2 1 1 1632 5379 4134
10006 2 2 1 1 3217 5439 1785
10007 2 2 1 1 2941 6597 4691
10008 2 2 1 1 5104 6230 3704
10009 2 2 1 1 2215 6103 4427
10010 2 2 1 1 5431 6091 611
10011 2 2 1 1 1395 4539 4170
10012 2 2 1 1 4822 6384 1537
10013 2 2 1 1 710 4906 4558
10014 2 2 1 1 2321 5553 4904
10015 2 2 1 1 1123 4950 3696
10016 2 2 1 1 4485 4616 1613
10017 2 2 1 1 1750 6095 3545
10018 2 2 1 1 4124 5115 1727
10019 2 2 1 1 1505 6872 3387
10020 2 2 1 1 1929 6852 2796
10021 2 2 1 1 2408 6351 4362
10022 2 2 1 1 1180 6126 3362
10023 2 2 1 1 701 6210 3114
10024 2 2 1 1 3434 6694 2189
10025 2 2 1 1 1873 6215 2929
10026 2 2 1 1 166 6234 3
10027 2 2 1 1 2355 6703 3359
10028 2 2 1 1 3588 5057 1015
10029 2 2 1 1 1030 6045 3244
10030 2 2 1 1 4215 6768 1890
10031 2 2 1 1 1535 4804 4015
10032 2 2 1 1 2648 6595 6527
10033 2 2 1 1 4089 6130 748
10034 2 2 1 1 355 6776 3572
10035 2 2 1 1 3578 6523 919
10036 2 2 1 1 4028 6213 414
10037 2 2 1 1 539 6828 4693
10038 2 2 1 1 3524 6352 451
10039 2 2 1 1 153 5987 3592
10040 2 2 1 1 5233 5909 895
10041 2 2 1 1 3923 4812 1517
10042 2 2 1 1 3081 5204 1396
10043 2 2 1 1 465 6892 4796
10044 2 2 1 1 3599 6305 513
10045 2 2 1 1 6057 6444 2581
10046 2 2 1 1 1524 5839 3860
10047 2 2 1 1 3310 6427 758
10048 2 2 1 1 1780 5763 3408
10049 2 2 1 1 5675 6278 970
10050 2 2 1 1 4446 6680 3532
10051 2 2 1 1 383 5951 3545
10052 2 2 1 1 4678 4824 2333
10053 2 2 1 1 508 5594 3358
10054 2 2 1 1 1866 6228 3444
10055 2 2 1 1 823 4564 3751
10056 2 2 1 1 471 6159 5200
10057 2 2 1 1 1568 4517 4214
10058 2 2 1 1 1773 6187 6176
10059 2 2 1 1 3963 6476 1882
10060 2 2 1 1 1745 6698 4724
10061 2 2 1 1 1863 4561 3800
10062 2 2 1 1 1732 5827 3114
10063 2 2 1 1 4771 5085 969
10064 2 2 1 1 5314 5720 2549
10065 2 2 1 1 3296 6842 5725
10066 2 2 1 1 1862 5219 3849
10067 2 2 1 1 3604 5855 1234
10068 2 2 1 1 2984 6478 6004
10069 2 2 1 1 2207 5391 3929
10070 2 2 1 1 350 6370 3043
10071 2 2 1 1 4721 5281 2088
10072 2 2 1 1 1701 4565 3298
10073 2 2 1 1 333 5317 3239
10074 2 2 1 1 3383 6900 1080
10075 2 2 1 1 284 4498 283
10076 2 2 1 1 5969 6816 2639
10077 2 2 1 1 4026 4628 1414
10078 2 2 1 1 1774 5607 4700
10079 2 2 1 1 1874 5757 5343
10080 2 2 1 1 1828 6686 3252
10081 2 2 1 1 236 4584 235
10082 2 2 1 1 2197 5636 5136
10083 2 2 1 1 728 6379 6063
10084 2 2 1 1 286 4914 285
10085 2 2 1 1 3710 5993 1040
10086 2 2 1 1 5721 5927 1948
10087 2 2 1 1 753 5126 3752
10088 2 2 1 1 3880 6041 229
10089 2 2 1 1 3728 6034 1813
10090 2 2 1 1 4561 5283 427
10091 2 2 1 1 3191 6385 1868
10092 2 2 1 1 2257 6807 3587
10093 2 2 1 1 3258 4470 1303
10094 2 2 1 1 5082 6831 2897
10095 2 2 1 1 2979 6522 3872
10096 2 2 1 1 1388 4805 3635
10097 2 2 1 1 1702 5162 3030
10098 2 2 1 1 1913 5650 5112
10099 2 2 1 1 3178 5038 659
10100 2 2 1 1 3256 4719 686
10101 2 2 1 1 1569 4742 4080
10102 2 2 1 1 3335 6358 4661
10103 2 2 1 1 1321 6350 4390
10104 2 2 1 1 4409 5419 2843
10105 2 2 1 1 1880 6812 3742
10106 2 2 1 1 975 6301 5499
10107 2 2 1 1 4748 4969 1574
10108 2 2 1 1 4760 5191 1692
10109 2 2 1 1 517 5122 3866
10110 2 2 1 1 611 4628 4026
10111 2 2 1 1 2354 6897 4884
10112 2 2 1 1 4613 4832 349
10113 2 2 1 1 1168 5072 3787
10114 2 2 1 1 3167 6348 1690
10115 2 2 1 1 595 5165 3197
10116 2 2 1 1 3600 4290 435
10117 2 2 1 1 1213 6175 4280
10118 2 2 1 1 6168 6271 339
10119 2 2 1 1 1157 5796 3011
10120 2 2 1 1 2640 5927 5721
10121 2 2 1 1 4279 5175 770
10122 2 2 1 1 2394 6521 5304
10123 2 2 1 1 2157 5892 4501
10124 2 2 1 1 3630 5181 373
10125 2 2 1 1 5236 6111 2040
10126 2 2 1 1 35 4188 34
10127 2 2 1 1 214 5537 213
10128 2 2 1 1 1576 4596 4166
10129 2 2 1 1 1681 4385 3638
10130 2 2 1 1 1800 5862 3330
10131 2 2 1 1 3041 5764 351
10132 2 2 1 1 1773 6176 5509
10133 2 2 1 1 1752 5243 4432
10134 2 2 1 1 3567 4764 685
10135 2 2 1 1 996 5506 5324
10136 2 2 1 1 5275 6604 1345
10137 2 2 1 1 3669 4956 506
10138 2 2 1 1 3043 6370 1337
10139 2 2 1 1 4311 6886 2048
10140 2 2 1 1 4419 5425 840
10141 2 2 1 1 4550 6331 1217
10142 2 2 1 1 4759 6497 2954
10143 2 2 1 1 3752 5907 753
10144 2 2 1 1 3799 4951 1246
10145 2 2 1 1 2662 6295 4701
10146 2 2 1 1 662 5358 4436
10147 2 2 1 1 3609 5255 1583
10148 2 2 1 1 2091 4961 4092
10149 2 2 1 1 3034 4860 1194
10150 2 2 1 1 4270 4842 1669
10151 2 2 1 1 1415 5482 3733
10152 2 2 1 1 1068 6059 3455
10153 2 2 1 1 3824 6092 586
10154 2 2 1 1 1967 5061 3190
10155 2 2 1 1 5075 5552 2221
10156 2 2 1 1 1851 5866 4427
10157 2 2 1 1 3233 5415 1423
10158 2 2 1 1 866 5185 4034
10159 2 2 1 1 3102 6306 633
10160 2 2 1 1 3475 6579 740
10161 2 2 1 1 1973 5138 4420
10162 2 2 1 1 3400 6492 2110
10163 2 2 1 1 725 5658 3914
10164 2 2 1 1 3990 4266 689
10165 2 2 1 1 1352 4766 4758
10166 2 2 1 1 1159 5576 3393
10167 2 2 1 1 1798 6270 3410
10168 2 2 1 1 743 5923 5238
10169 2 2 1 1 1276 5899 3739
10170 2 2 1 1 1261 5849 4096
10171 2 2 1 1 370 5390 3280
10172 2 2 1 1 3321 6683 775
10173 2 2 1 1 3561 5148 1528
10174 2 2 1 1 4339 6249 1207
10175 2 2 1 1 4867 6884 1538
10176 2 2 1 1 1038 5545 4657
10177 2 2 1 1 3397 6892 1754
10178 2 2 1 1 5743 6156 865
10179 2 2 1 1 4021 6362 1870
10180 2 2 1 1 1041 6809 3915
10181 2 2 1 1 1789 4696 4445
10182 2 2 1 1 3492 5905 669
10183 2 2 1 1 1694 6238 4250
10184 2 2 1 1 1728 6621 4027
10185 2 2 1 1 4838 5188 1653
10186 2 2 1 1 1648 5641 3623
10187 2 2 1 1 1877 6736 6294
10188 2 2 1 1 1533 6887 3409
10189 2 2 1 1 669 5905 3235
10190 2 2 1 1 3857 4445 1724
10191 2 2 1 1 1757 5267 3450
10192 2 2 1 1 845 5825 4579
10193 2 2 1 1 3915 6809 2177
10194 2 2 1 1 5190 5191 1875
10195 2 2 1 1 2101 5953 3633
10196 2 2 1 1 3978 6053 1504
10197 2 2 1 1 1780 4894 4264
10198 2 2 1 1 454 6606 5221
10199 2 2 1 1 986 6324 4976
10200 2 2 1 1 4043 5842 2047
10201 2 2 1 1 3431 6541 347
10202 2 2 1 1 3675 4908 1634
10203 2 2 1 1 1829 6653 3477
10204 2 2 1 1 53 5746 52
10205 2 2 1 1 521 6831 5082
10206 2 2 1 1 1561 4793 3190
10207 2 2 1 1 3130 6424 2552
10208 2 2 1 1 321 5752 320
10209 2 2 1 1 4572 5186 923
10210 2 2 1 1 3595 4324 1485
10211 2 2 1 1 4730 6543 2539
10212 2 2 1 1 5557 6224 2661
10213 2 2 1 1 3366 6250 568
10214 2 2 1 1 1517 5378 3251
10215 2 2 1 1 3735 6172 1538
10216 2 2 1 1 2742 6235 1693
10217 2 2 1 1 3435 6502 2226
10218 2 2 1 1 1457 5816 3706
10219 2 2 1 1 4817 5086 341
10220 2 2 1 1 3356 5994 1948
10221 2 2 1 1 4095 5140 1373
10222 2 2 1 1 1234 5652 3657
10223 2 2 1 1 3589 5385 416
10224 2 2 1 1 3539 5739 1150
10225 2 2 1 1 3229 5574 1859
10226 2 2 1 1 208 6450 207
10227 2 2 1 1 4762 5622 1630
10228 2 2 1 1 4041 6389 2724
10229 2 2 1 1 959 6660 3154
10230 2 2 1 1 3033 6588 1688
10231 2 2 1 1 742 4593 4571
10232 2 2 1 1 728 6063 3154
10233 2 2 1 1 737 4552 4551
10234 2 2 1 1 169 5618 168
10235 2 2 1 1 560 5994 3356
10236 2 2 1 1 1219 6044 3976
10237 2 2 1 1 1527 4394 4389
10238 2 2 1 1 3517 5648 1189
10239 2 2 1 1 1854 6050 3407
10240 2 2 1 1 4339 5530 2078
10241 2 2 1 1 248 5660 247
10242 2 2 1 1 24 5912 23
10243 2 2 1 1 1882 5514 3963
10244 2 2 1 1 3659 5718 683
10245 2 2 1 1 3344 5539 1184
10246 2 2 1 1 3383 5094 368
10247 2 2 1 1 1821 6373 5930
10248 2 2 1 1 5515 5656 796
10249 2 2 1 1 1623 6627 6453
10250 2 2 1 1 1065 5359 3949
10251 2 2 1 1 1997 4611 3154
10252 2 2 1 1 2457 6789 4122
10253 2 2 1 1 3963 6211 1600
10254 2 2 1 1 2639 5008 4443
10255 2 2 1 1 4920 5044 2014
10256 2 2 1 1 3581 6643 1185
10257 2 2 1 1 2258 6206 3859
10258 2 2 1 1 3069 5401 651
10259 2 2 1 1 3321 5063 1374
10260 2 2 1 1 1715 5670 3165
10261 2 2 1 1 1651 4659 4244
10262 2 2 1 1 1964 5327 4623
10263 2 2 1 1 1749 5549 4316
10264 2 2 1 1 3220 5849 1261
10265 2 2 1 1 4653 5595 2173
10266 2 2 1 1 598 5415 3233
10267 2 2 1 1 5256 5985 410
10268 2 2 1 1 2320 5289 5166
10269 2 2 1 1 351 5208 3041
10270 2 2 1 1 1864 5687 5251
10271 2 2 1 1 1408 4995 4294
10272 2 2 1 1 880 6002 3787
10273 2 2 1 1 4614 5866 842
10274 2 2 1 1 1599 5880 5268
10275 2 2 1 1 3357 5846 908
10276 2 2 1 1 4577 6858 1416
10277 2 2 1 1 1503 4911 3226
10278 2 2 1 1 3397 6661 1052
10279 2 2 1 1 3307 6927 790
10280 2 2 1 1 1731 5018 4261
10281 2 2 1 1 5324 5506 2438
10282 2 2 1 1 4786 5858 575
10283 2 2 1 1 464 5901 5022
10284 2 2 1 1 5054 5556 762
10285 2 2 1 1 2320 6901 6072
10286 2 2 1 1 416 6934 3589
10287 2 2 1 1 5107 5286 2273
10288 2 2 1 1 1759 5049 4719
10289 2 2 1 1 5194 5575 1950
10290 2 2 1 1 2313 6573 5569
10291 2 2 1 1 49 5231 48
10292 2 2 1 1 5027 6015 337
10293 2 2 1 1 4449 6914 38
10294 2 2 1 1 797 5187 4847
10295 2 2 1 1 417 5118 4097
10296 2 2 1 1 4494 5962 1377
10297 2 2 1 1 3661 5774 2766
10298 2 2 1 1 329 6836 3487
10299 2 2 1 1 4003 5292 1639
10300 2 2 1 1 4333 4926 1998
10301 2 2 1 1 4253 6466 2230
10302 2 2 1 1 2048 6392 3961
10303 2 2 1 1 801 5156 4174
10304 2 2 1 1 2110 4990 4600
10305 2 2 1 1 3815 5998 1656
10306 2 2 1 1 3652 5707 2411
10307 2 2 1 1 1511 5392 4062
10308 2 2 1 1 2131 4706 3268
10309 2 2 1 1 4583 5723 1383
10310 2 2 1 1 1676 5467 4142
10311 2 2 1 1 1438 4978 4454
10312 2 2 1 1 4982 5839 1524
10313 2 2 1 1 5186 5349 923
10314 2 2 1 1 4285 6082 2132
10315 2 2 1 1 4812 6580 3039
10316 2 2 1 1 4454 5328 628
10317 2 2 1 1 1698 5718 4597
10318 2 2 1 1 3085 5585 947
10319 2 2 1 1 228 6041 4708
10320 2 2 1 1 5261 6509 1849
10321 2 2 1 1 1525 5844 4293
10322 2 2 1 1 3486 6278 2172
10323 2 2 1 1 4144 6479 1296
10324 2 2 1 1 602 6580 4812
10325 2 2 1 1 3586 4596 1576
10326 2 2 1 1 5442 6452 407
10327 2 2 1 1 6020 6274 2768
10328 2 2 1 1 1769 5835 3279
10329 2 2 1 1 600 6611 4024
10330 2 2 1 1 335 5168 4696
10331 2 2 1 1 3543 6117 1181
10332 2 2 1 1 3762 4405 1474
10333 2 2 1 1 2120 6451 5412
10334 2 2 1 1 4621 4662 2054
10335 2 2 1 1 3325 6211 631
10336 2 2 1 1 5324 6212 996
10337 2 2 1 1 3709 5234 2189
10338 2 2 1 1 5800 6430 2156
10339 2 2 1 1 3303 6014 1324
10340 2 2 1 1 313 4945 3363
10341 2 2 1 1 1613 4616 4108
10342 2 2 1 1 2217 6832 4542
10343 2 2 1 1 3133 6730 1178
10344 2 2 1 1 3576 6323 1770
10345 2 2 1 1 626 5180 3456
10346 2 2 1 1 2229 6914 4449
10347 2 2 1 1 2846 6791 1368
10348 2 2 1 1 117 6894 3899
10349 2 2 1 1 2915 5562 1287
10350 2 2 1 1 1028 4670 3737
10351 2 2 1 1 3984 6898 2436
10352 2 2 1 1 4783 6582 1584
10353 2 2 1 1 1657 6685 4714
10354 2 2 1 1 4067 6136 1537
10355 2 2 1 1 1365 5881 3699
10356 2 2 1 1 393 5193 3436
10357 2 2 1 1 1520 4955 4112
10358 2 2 1 1 2599 6160 4492
10359 2 2 1 1 5596 6188 1784
10360 2 2 1 1 733 5403 4791
10361 2 2 1 1 3538 6165 1116
10362 2 2 1 1 4779 5777 2022
10363 2 2 1 1 530 6862 4557
10364 2 2 1 1 307 5068 306
10365 2 2 1 1 5567 5698 1796
10366 2 2 1 1 3754 6181 1577
10367 2 2 1 1 3568 6661 1754
10368 2 2 1 1 3674 6089 1341
10369 2 2 1 1 3368 6696 5792
10370 2 2 1 1 3363 4945 1401
10371 2 2 1 1 4215 6778 2356
10372 2 2 1 1 302 4360 301
10373 2 2 1 1 3459 6720 394
10374 2 2 1 1 3306 6825 1693
10375 2 2 1 1 1180 6279 3730
10376 2 2 1 1 3992 5293 1972
10377 2 2 1 1 1669 5145 3278
10378 2 2 1 1 2362 5088 4479
10379 2 2 1 1 1752 3968 3956
10380 2 2 1 1 2273 5286 4523
10381 2 2 1 1 3950 4385 584
10382 2 2 1 1 3835 4012 447
10383 2 2 1 1 3789 6094 2234
10384 2 2 1 1 769 6492 3400
10385 2 2 1 1 4853 5440 1351
10386 2 2 1 1 5366 6423 557
10387 2 2 1 1 3630 5779 1618
10388 2 2 1 1 1575 5855 3604
10389 2 2 1 1 4790 6606 454
10390 2 2 1 1 4305 4627 1497
10391 2 2 1 1 3624 5618 169
10392 2 2 1 1 5014 6099 1809
10393 2 2 1 1 631 6211 3963
10394 2 2 1 1 4043 4829 2233
10395 2 2 1 1 5189 6611 600
10396 2 2 1 1 1673 6005 3185
10397 2 2 1 1 79 5701 78
10398 2 2 1 1 4703 6183 2278
10399 2 2 1 1 1328 5158 3898
10400 2 2 1 1 5520 6229 1869
10401 2 2 1 1 3727 6567 1156
10402 2 2 1 1 3740 5356 1652
10403 2 2 1 1 1692 5073 3886
10404 2 2 1 1 4523 5286 328
10405 2 2 1 1 6239 6594 2512
10406 2 2 1 1 1568 5712 4517
10407 2 2 1 1 427 5975 3800
10408 2 2 1 1 5100 5522 2212
10409 2 2 1 1 790 6927 3535
10410 2 2 1 1 3792 4937 1542
10411 2 2 1 1 1705 6289 3679
10412 2 2 1 1 3684 4995 1408
10413 2 2 1 1 681 6887 6127
10414 2 2 1 1 6270 6776 355
10415 2 2 1 1 6091 6582 4783
10416 2 2 1 1 5565 6839 2260
10417 2 2 1 1 4118 5350 2159
10418 2 2 1 1 6037 6630 1405
10419 2 2 1 1 5788 6206 907
10420 2 2 1 1 581 6936 3054
10421 2 2 1 1 764 5562 2915
10422 2 2 1 1 4694 5146 725
10423 2 2 1 1 1499 4849 4218
10424 2 2 1 1 2025 6578 3966
10425 2 2 1 1 3185 6005 359
10426 2 2 1 1 3584 6123 2395
10427 2 2 1 1 2992 6494 1221
10428 2 2 1 1 3516 6166 1893
10429 2 2 1 1 3192 6769 1037
10430 2 2 1 1 354 5405 3775
10431 2 2 1 1 1926 6821 4222
10432 2 2 1 1 5588 5638 2171
10433 2 2 1 1 3005 4472 861
10434 2 2 1 1 1663 6183 4703
10435 2 2 1 1 442 5611 5123
10436 2 2 1 1 3334 6310 1748
10437 2 2 1 1 719 5340 4857
10438 2 2 1 1 5039 6329 2180
10439 2 2 1 1 5087 5415 3510
10440 2 2 1 1 1586 4860 4803
10441 2 2 1 1 1675 5235 4825
10442 2 2 1 1 669 5521 3492
10443 2 2 1 1 5381 5497 2418
10444 2 2 1 1 2886 6742 5486
10445 2 2 1 1 251 6505 5253
10446 2 2 1 1 1597 4900 4017
10447 2 2 1 1 919 6523 3336
10448 2 2 1 1 4136 6741 1320
10449 2 2 1 1 1971 6871 5628
10450 2 2 1 1 4606 4870 1773
10451 2 2 1 1 5097 5200 2509
10452 2 2 1 1 1190 5226 3535
10453 2 2 1 1 3603 5862 1800
10454 2 2 1 1 3359 6703 405
10455 2 2 1 1 3689 5895 2373
10456 2 2 1 1 4070 4242 412
10457 2 2 1 1 1522 5550 4065
10458 2 2 1 1 4 6764 216
10459 2 2 1 1 4133 6559 979
10460 2 2 1 1 1603 4807 3288
10461 2 2 1 1 2276 6028 4238
10462 2 2 1 1 775 6683 5460
10463 2 2 1 1 2006 6559 3307
10464 2 2 1 1 3331 6481 1220
10465 2 2 1 1 602 5720 5314
10466 2 2 1 1 6851 6889 2065
10467 2 2 1 1 2223 5349 5186
10468 2 2 1 1 4004 6820 1344
10469 2 2 1 1 1418 4857 3883
10470 2 2 1 1 2967 6181 5120
10471 2 2 1 1 3232 6248 1109
10472 2 2 1 1 4962 6009 2315
10473 2 2 1 1 3302 5375 100
10474 2 2 1 1 1089 6120 3412
10475 2 2 1 1 432 6746 5498
10476 2 2 1 1 3679 6289 654
10477 2 2 1 1 1696 5658 3560
10478 2 2 1 1 4769 4818 1786
10479 2 2 1 1 4261 5179 1731
10480 2 2 1 1 3423 5882 705
10481 2 2 1 1 2211 5000 4011
10482 2 2 1 1 4483 5527 2884
10483 2 2 1 1 2047 6913 3588
10484 2 2 1 1 3642 5326 643
10485 2 2 1 1 4751 6010 2642
10486 2 2 1 1 4107 6500 2262
10487 2 2 1 1 634 6244 4250
10488 2 2 1 1 1910 5943 4514
10489 2 2 1 1 3734 5329 933
10490 2 2 1 1 4097 5118 1743
10491 2 2 1 1 3003 6666 1166
10492 2 2 1 1 3601 6855 1768
10493 2 2 1 1 282 6103 281
10494 2 2 1 1 244 6175 243
10495 2 2 1 1 729 5306 3977
10496 2 2 1 1 3272 6191 57
10497 2 2 1 1 2078 5530 4604
10498 2 2 1 1 3443 6875 1074
10499 2 2 1 1 4513 5156 801
10500 2 2 1 1 4560 6658 2750
10501 2 2 1 1 6153 6464 2063
10502 2 2 1 1 1666 6818 4837
10503 2 2 1 1 3422 5977 1808
10504 2 2 1 1 740 5232 3475
10505 2 2 1 1 20 6807 19
10506 2 2 1 1 1862 5130 5034
10507 2 2 1 1 1126 6404 3203
10508 2 2 1 1 5216 6921 2734
10509 2 2 1 1 2078 6380 4339
10510 2 2 1 1 1807 5615 4811
10511 2 2 1 1 815 5715 5650
10512 2 2 1 1 403 4944 3988
10513 2 2 1 1 4318 4939 1800
10514 2 2 1 1 3262 6042 488
10515 2 2 1 1 4499 6416 935
10516 2 2 1 1 1824 4664 4242
10517 2 2 1 1 1086 6349 3623
10518 2 2 1 1 3751 4564 1650
10519 2 2 1 1 2208 6533 3811
10520 2 2 1 1 4015 4804 1571
10521 2 2 1 1 1277 6483 3124
10522 2 2 1 1 2264 6218 5016
10523 2 2 1 1 3559 6133 2646
10524 2 2 1 1 3352 6081 1621
10525 2 2 1 1 981 4885 3150
10526 2 2 1 1 4427 6103 282
10527 2 2 1 1 2885 6509 5261
10528 2 2 1 1 3557 5634 1927
10529 2 2 1 1 2671 6443 5901
10530 2 2 1 1 4120 5386 2103
10531 2 2 1 1 6004 6478 411
10532 2 2 1 1 2952 5666 358
10533 2 2 1 1 229 6041 228
10534 2 2 1 1 2367 6307 5593
10535 2 2 1 1 3802 5226 1190
10536 2 2 1 1 3871 6714 1746
10537 2 2 1 1 5036 6537 981
10538 2 2 1 1 1790 6864 3408
10539 2 2 1 1 404 6385 3191
10540 2 2 1 1 3786 4254 1477
10541 2 2 1 1 2019 6927 3307
10542 2 2 1 1 1479 4576 3485
10543 2 2 1 1 902 6790 4106
10544 2 2 1 1 4142 6629 1676
10545 2 2 1 1 3477 6690 1829
10546 2 2 1 1 211 6050 210
10547 2 2 1 1 4693 5303 1296
10548 2 2 1 1 938 5553 4565
10549 2 2 1 1 1651 6457 5846
10550 2 2 1 1 1716 4818 4769
10551 2 2 1 1 4593 4891 1936
10552 2 2 1 1 1902 6875 3443
10553 2 2 1 1 2684 6512 4402
10554 2 2 1 1 1653 5931 4838
10555 2 2 1 1 744 5945 4071
10556 2 2 1 1 4111 6755 2545
10557 2 2 1 1 1270 6348 3167
10558 2 2 1 1 4415 6201 1736
10559 2 2 1 1 5894 6177 2007
10560 2 2 1 1 4160 4469 1807
10561 2 2 1 1 1804 6665 4533
10562 2 2 1 1 3849 5219 473
10563 2 2 1 1 570 6712 4088
10564 2 2 1 1 5112 5650 2406
10565 2 2 1 1 4095 5649 1686
10566 2 2 1 1 900 5604 4480
10567 2 2 1 1 425 5773 4104
10568 2 2 1 1 3737 6915 496
10569 2 2 1 1 3649 5262 846
10570 2 2 1 1 1314 6932 3448
10571 2 2 1 1 3729 6064 1832
10572 2 2 1 1 3597 5784 661
10573 2 2 1 1 513 6724 3599
10574 2 2 1 1 1 6745 326
10575 2 2 1 1 367 6447 4702
10576 2 2 1 1 2061 5195 4885
10577 2 2 1 1 1595 4927 3887
10578 2 2 1 1 1714 6669 3402
10579 2 2 1 1 4765 6441 2466
10580 2 2 1 1 163 4669 162
10581 2 2 1 1 817 5990 4002
10582 2 2 1 1 5238 5923 2233
10583 2 2 1 1 824 6535 3588
10584 2 2 1 1 5614 6888 456
10585 2 2 1 1 3385 5854 1011
10586 2 2 1 1 2023 5556 5054
10587 2 2 1 1 4434 4695 738
10588 2 2 1 1 1986 5799 4321
10589 2 2 1 1 3578 4886 1768
10590 2 2 1 1 3177 6362 1124
10591 2 2 1 1 4640 6519 2303
10592 2 2 1 1 729 6220 3482
10593 2 2 1 1 724 6393 3450
10594 2 2 1 1 2410 6156 5743
10595 2 2 1 1 2369 6278 3486
10596 2 2 1 1 3753 6841 815
10597 2 2 1 1 427 5283 4148
10598 2 2 1 1 3606 6434 704
10599 2 2 1 1 2401 5698 5567
10600 2 2 1 1 5199 6818 1666
10601 2 2 1 1 1669 6042 3262
10602 2 2 1 1 658 5071 3858
10603 2 2 1 1 1938 4683 4682
10604 2 2 1 1 3572 4440 1392
10605 2 2 1 1 2784 5638 5588
10606 2 2 1 1 1524 6191 3272
10607 2 2 1 1 1851 5993 3710
10608 2 2 1 1 1898 6687 4947
10609 2 2 1 1 4143 6230 460
10610 2 2 1 1 3240 6652 1772
10611 2 2 1 1 3228 6195 1515
10612 2 2 1 1 4562 5640 822
10613 2 2 1 1 4808 5003 2231
10614 2 2 1 1 1747 5571 4741
10615 2 2 1 1 2143 6908 6616
10616 2 2 1 1 1632 6758 3435
10617 2 2 1 1 2836 6257 4863
10618 2 2 1 1 618 5991 3861
10619 2 2 1 1 2094 6101 5570
10620 2 2 1 1 3755 5791 1806
10621 2 2 1 1 1185 6643 3556
10622 2 2 1 1 73 6302 72
10623 2 2 1 1 964 5751 4660
10624 2 2 1 1 870 6386 5547
10625 2 2 1 1 2243 5667 4694
10626 2 2 1 1 1487 6386 3817
10627 2 2 1 1 2005 5789 3841
10628 2 2 1 1 984 6554 3208
10629 2 2 1 1 4379 4985 1904
10630 2 2 1 1 635 6195 3228
10631 2 2 1 1 3877 6049 1364
10632 2 2 1 1 5355 6621 1728
10633 2 2 1 1 4353 5911 1063
10634 2 2 1 1 4116 5645 648
10635 2 2 1 1 3713 5125 751
10636 2 2 1 1 3795 5332 637
10637 2 2 1 1 3501 5602 1672
10638 2 2 1 1 2366 6841 3801
10639 2 2 1 1 1985 6048 5285
10640 2 2 1 1 1855 6154 3958
10641 2 2 1 1 335 6407 4007
10642 2 2 1 1 2143 6616 4272
10643 2 2 1 1 1685 4951 4622
10644 2 2 1 1 1386 5167 3973
10645 2 2 1 1 413 6647 3282
10646 2 2 1 1 3491 5231 49
10647 2 2 1 1 483 5399 4331
10648 2 2 1 1 5549 5911 1949
10649 2 2 1 1 4218 4849 2382
10650 2 2 1 1 3281 5832 2281
10651 2 2 1 1 3792 4934 1748
10652 2 2 1 1 1602 5427 4022
10653 2 2 1 1 3906 5854 1815
10654 2 2 1 1 4620 5089 1935
10655 2 2 1 1 667 5362 3463
10656 2 2 1 1 1519 6525 3804
10657 2 2 1 1 826 6135 3961
10658 2 2 1 1 3424 6093 5369
10659 2 2 1 1 5547 5960 2557
10660 2 2 1 1 1824 4242 4070
10661 2 2 1 1 1491 5033 3858
10662 2 2 1 1 4162 6107 1919
10663 2 2 1 1 1733 5262 3649
10664 2 2 1 1 78 5701 3865
10665 2 2 1 1 3890 4176 1529
10666 2 2 1 1 3428 6120 1089
10667 2 2 1 1 1232 4536 4535
10668 2 2 1 1 4306 6919 1025
10669 2 2 1 1 1763 6640 6186
10670 2 2 1 1 1548 4662 4621
10671 2 2 1 1 48 5231 3470
10672 2 2 1 1 269 5528 268
10673 2 2 1 1 1121 6377 6179
10674 2 2 1 1 652 4727 3867
10675 2 2 1 1 5412 6451 2701
10676 2 2 1 1 4790 5115 2075
10677 2 2 1 1 4245 6783 841
10678 2 2 1 1 3816 6087 1201
10679 2 2 1 1 1635 6594 4531
10680 2 2 1 1 2821 6305 3599
10681 2 2 1 1 2511 5875 4210
10682 2 2 1 1 4599 5435 3163
10683 2 2 1 1 4968 5315 1574
10684 2 2 1 1 4694 5667 1588
10685 2 2 1 1 2520 6677 5810
10686 2 2 1 1 2804 6615 4159
10687 2 2 1 1 4773 4934 1542
10688 2 2 1 1 1589 6407 3381
10689 2 2 1 1 2494 5903 4905
10690 2 2 1 1 2124 4868 3314
10691 2 2 1 1 296 6758 4134
10692 2 2 1 1 3535 6927 2019
10693 2 2 1 1 3468 6787 2482
10694 2 2 1 1 701 5887 4358
10695 2 2 1 1 2148 6702 4294
10696 2 2 1 1 767 4633 3593
10697 2 2 1 1 5014 5223 2147
10698 2 2 1 1 3636 5795 1353
10699 2 2 1 1 1572 6285 3498
10700 2 2 1 1 3253 6933 2049
10701 2 2 1 1 250 5050 249
10702 2 2 1 1 3227 5612 402
10703 2 2 1 1 6138 6723 2548
10704 2 2 1 1 3985 5468 1797
10705 2 2 1 1 5136 5290 789
10706 2 2 1 1 781 5302 4166
10707 2 2 1 1 3995 5099 1729
10708 2 2 1 1 4251 5218 699
10709 2 2 1 1 4757 4929 1921
10710 2 2 1 1 2346 5750 5002
10711 2 2 1 1 525 5713 3163
10712 2 2 1 1 614 4894 3146
10713 2 2 1 1 309 5906 308
10714 2 2 1 1 3612 6632 1924
10715 2 2 1 1 3059 5791 1039
10716 2 2 1 1 1636 6306 3102
10717 2 2 1 1 4349 6290 2879
10718 2 2 1 1 1673 5240 5026
10719 2 2 1 1 3406 5767 1947
10720 2 2 1 1 2093 5778 3812
10721 2 2 1 1 4246 5790 1563
10722 2 2 1 1 154 5987 153
10723 2 2 1 1 5974 6747 2119
10724 2 2 1 1 3352 5395 1208
10725 2 2 1 1 3643 6823 470
10726 2 2 1 1 664 4934 4773
10727 2 2 1 1 3918 5991 618
10728 2 2 1 1 4003 5311 1437
10729 2 2 1 1 1639 6903 4003
10730 2 2 1 1 4206 5514 1405
10731 2 2 1 1 4038 5460 1630
10732 2 2 1 1 3225 6887 1533
10733 2 2 1 1 2259 4838 4167
10734 2 2 1 1 5428 6636 2075
10735 2 2 1 1 2649 6263 4370
10736 2 2 1 1 4608 5632 2174
10737 2 2 1 1 96 6577 3314
10738 2 2 1 1 4179 4926 785
10739 2 2 1 1 4289 4724 240
10740 2 2 1 1 4242 4664 1572
10741 2 2 1 1 5486 6742 1494
10742 2 2 1 1 4878 6137 2990
10743 2 2 1 1 3649 6612 1476
10744 2 2 1 1 4106 6790 2429
10745 2 2 1 1 2063 5328 4454
10746 2 2 1 1 1835 5809 5335
10747 2 2 1 1 5334 5590 2280
10748 2 2 1 1 3128 6424 3130
10749 2 2 1 1 500 5914 3680
10750 2 2 1 1 1593 5700 3418
10751 2 2 1 1 4446 6552 485
10752 2 2 1 1 6128 6336 858
10753 2 2 1 1 3290 6004 411
10754 2 2 1 1 1351 5440 5007
10755 2 2 1 1 452 4954 4424
10756 2 2 1 1 3791 6682 2186
10757 2 2 1 1 1797 5345 3392
10758 2 2 1 1 2349 6780 3876
10759 2 2 1 1 3309 6827 943
10760 2 2 1 1 459 6672 6163
10761 2 2 1 1 3740 6405 5356
10762 2 2 1 1 3919 5205 1825
10763 2 2 1 1 1701 4573 4565
10764 2 2 1 1 1227 4836 3931
10765 2 2 1 1 3979 6752 3066
10766 2 2 1 1 5081 5933 3133
10767 2 2 1 1 3268 6178 2131
10768 2 2 1 1 2149 5694 3391
10769 2 2 1 1 3933 5757 1874
10770 2 2 1 1 1606 5834 5049
10771 2 2 1 1 4794 5671 660
10772 2 2 1 1 2216 5782 4181
10773 2 2 1 1 2274 4603 4340
10774 2 2 1 1 1945 5651 3202
10775 2 2 1 1 480 5561 4025
10776 2 2 1 1 1587 5044 4920
10777 2 2 1 1 1734 5347 4267
10778 2 2 1 1 407 4616 4485
10779 2 2 1 1 4004 5261 1849
10780 2 2 1 1 5613 5712 1568
10781 2 2 1 1 1320 4788 3479
10782 2 2 1 1 2136 5755 5675
10783 2 2 1 1 4890 5221 1584
10784 2 2 1 1 3075 5912 1867
10785 2 2 1 1 3435 4881 1632
10786 2 2 1 1 3574 5938 839
10787 2 2 1 1 2140 6549 4647
10788 2 2 1 1 1089 6016 3440
10789 2 2 1 1 662 6400 6382
10790 2 2 1 1 4166 4596 781
10791 2 2 1 1 1920 5233 4615
10792 2 2 1 1 38 6914 37
10793 2 2 1 1 4078 5179 1428
10794 2 2 1 1 390 5456 4595
10795 2 2 1 1 1697 5818 4210
10796 2 2 1 1 3908 5646 795
10797 2 2 1 1 2653 6607 4514
10798 2 2 1 1 124 5643 123
10799 2 2 1 1 2122 5466 5465
10800 2 2 1 1 3293 6440 1514
10801 2 2 1 1 4638 6261 1454
10802 2 2 1 1 4238 6028 680
10803 2 2 1 1 1437 5292 4003
10804 2 2 1 1 157 4949 3831
10805 2 2 1 1 3122 5573 1547
10806 2 2 1 1 3413 6886 385
10807 2 2 1 1 5251 5687 2370
10808 2 2 1 1 312 6668 311
10809 2 2 1 1 3414 5496 1395
10810 2 2 1 1 2136 6342 4274
10811 2 2 1 1 2458 6249 4339
10812 2 2 1 1 1592 5938 3574
10813 2 2 1 1 3114 5827 968
10814 2 2 1 1 5079 5628 2714
10815 2 2 1 1 205 5977 204
10816 2 2 1 1 2124 6577 4054
10817 2 2 1 1 1933 5770 3466
10818 2 2 1 1 3564 6009 1792
10819 2 2 1 1 1663 4824 4678
10820 2 2 1 1 695 4993 4411
10821 2 2 1 1 4005 4938 657
10822 2 2 1 1 4095 5967 816
10823 2 2 1 1 3662 5987 154
10824 2 2 1 1 1808 6349 3422
10825 2 2 1 1 3885 5811 645
10826 2 2 1 1 3477 6653 976
10827 2 2 1 1 3914 5658 1696
10828 2 2 1 1 1376 5003 4808
10829 2 2 1 1 2531 5614 5389
10830 2 2 1 1 5901 6443 2067
10831 2 2 1 1 5093 6767 2202
10832 2 2 1 1 4690 6124 2122
10833 2 2 1 1 468 5182 5161
10834 2 2 1 1 1313 5647 5260
10835 2 2 1 1 534 5981 4227
10836 2 2 1 1 2095 6850 4594
10837 2 2 1 1 3547 6576 1983
10838 2 2 1 1 3827 4173 1048
10839 2 2 1 1 3494 4915 387
10840 2 2 1 1 5206 6401 1124
10841 2 2 1 1 4059 5181 1618
10842 2 2 1 1 3149 6116 1633
10843 2 2 1 1 3262 6686 1828
10844 2 2 1 1 1552 6740 3821
10845 2 2 1 1 1760 5624 3329
10846 2 2 1 1 5494 6039 2257
10847 2 2 1 1 4875 6485 2272
10848 2 2 1 1 3246 6546 621
10849 2 2 1 1 4080 4742 1920
10850 2 2 1 1 3596 6220 729
10851 2 2 1 1 3295 6590 2178
10852 2 2 1 1 625 6896 3657
10853 2 2 1 1 3323 6168 339
10854 2 2 1 1 1539 4974 4618
10855 2 2 1 1 652 4939 4318
10856 2 2 1 1 4297 6704 2555
10857 2 2 1 1 4450 6131 3296
10858 2 2 1 1 4319 6422 1659
10859 2 2 1 1 3455 6529 1068
10860 2 2 1 1 4976 5526 1776
10861 2 2 1 1 1892 4173 3827
10862 2 2 1 1 2188 5644 4019
10863 2 2 1 1 719 5886 5340
10864 2 2 1 1 3338 6497 1738
10865 2 2 1 1 2970 6052 1814
10866 2 2 1 1 4416 5777 1619
10867 2 2 1 1 3916 6280 1776
10868 2 2 1 1 1904 4985 4687
10869 2 2 1 1 405 5862 3603
10870 2 2 1 1 3121 5868 1684
10871 2 2 1 1 1585 5887 4996
10872 2 2 1 1 4257 5790 1686
10873 2 2 1 1 3767 4750 1326
10874 2 2 1 1 4789 5778 449
10875 2 2 1 1 1720 5610 3938
10876 2 2 1 1 4042 4184 1736
10877 2 2 1 1 4780 5058 1658
10878 2 2 1 1 3829 6077 688
10879 2 2 1 1 1106 5815 3917
10880 2 2 1 1 4187 5517 1489
10881 2 2 1 1 2331 6680 4446
10882 2 2 1 1 513 6305 5492
10883 2 2 1 1 1644 6224 5557
10884 2 2 1 1 5465 5466 1593
10885 2 2 1 1 5164 6357 1003
10886 2 2 1 1 4509 5283 1914
10887 2 2 1 1 472 6503 4699
10888 2 2 1 1 1848 5278 3124
10889 2 2 1 1 3777 6850 2095
10890 2 2 1 1 143 6406 4292
10891 2 2 1 1 3955 5795 2329
10892 2 2 1 1 1498 6065 3760
10893 2 2 1 1 1775 6444 6057
10894 2 2 1 1 705 5767 4625
10895 2 2 1 1 2087 6065 4731
10896 2 2 1 1 1173 5293 3992
10897 2 2 1 1 3668 6163 1631
10898 2 2 1 1 1746 5802 3871
10899 2 2 1 1 4996 5887 1981
10900 2 2 1 1 1817 5889 3433
10901 2 2 1 1 3892 4528 1695
10902 2 2 1 1 2504 6688 6617
10903 2 2 1 1 771 5201 4300
10904 2 2 1 1 5343 5757 2359
10905 2 2 1 1 769 4886 3703
10906 2 2 1 1 3001 6106 1176
10907 2 2 1 1 3621 4846 2054
10908 2 2 1 1 4478 6563 2975
10909 2 2 1 1 4425 5448 120
10910 2 2 1 1 2278 6920 4527
10911 2 2 1 1 2036 6828 3533
10912 2 2 1 1 5234 5489 830
10913 2 2 1 1 2181 6300 5821
10914 2 2 1 1 4219 5160 2255
10915 2 2 1 1 1394 6493 3948
10916 2 2 1 1 4542 5015 782
10917 2 2 1 1 1613 6847 3927
10918 2 2 1 1 4598 6708 404
10919 2 2 1 1 1907 5611 4989
10920 2 2 1 1 273 6543 272
10921 2 2 1 1 4758 6437 931
10922 2 2 1 1 475 4969 4748
10923 2 2 1 1 87 5279 86
10924 2 2 1 1 1662 5509 3930
10925 2 2 1 1 858 6336 4404
10926 2 2 1 1 5792 6696 2044
10927 2 2 1 1 1744 5418 5309
10928 2 2 1 1 3540 5146 1588
10929 2 2 1 1 1621 5395 3352
10930 2 2 1 1 4100 5000 431
10931 2 2 1 1 1508 4770 4155
10932 2 2 1 1 860 5160 4219
10933 2 2 1 1 51 5722 50
10934 2 2 1 1 4474 5929 2328
10935 2 2 1 1 4165 6281 450
10936 2 2 1 1 4227 5981 1996
10937 2 2 1 1 4650 5755 2136
10938 2 2 1 1 653 5210 4064
10939 2 2 1 1 2795 6039 5494
10940 2 2 1 1 4266 5706 689
10941 2 2 1 1 5505 5911 1749
10942 2 2 1 1 1581 4851 4784
10943 2 2 1 1 4169 5145 668
10944 2 2 1 1 4594 6850 469
10945 2 2 1 1 342 5531 4017
10946 2 2 1 1 4154 6856 328
10947 2 2 1 1 3121 5025 881
10948 2 2 1 1 1289 6365 3896
10949 2 2 1 1 583 6173 3304
10950 2 2 1 1 4989 5611 442
10951 2 2 1 1 2179 5985 5256
10952 2 2 1 1 3898 5158 2073
10953 2 2 1 1 1955 4695 4434
10954 2 2 1 1 5490 5749 1956
10955 2 2 1 1 2341 6710 5200
10956 2 2 1 1 2420 5280 4643
10957 2 2 1 1 1745 4724 4289
10958 2 2 1 1 5133 6476 3963
10959 2 2 1 1 4490 5863 435
10960 2 2 1 1 3940 5880 1599
10961 2 2 1 1 2899 5800 4034
10962 2 2 1 1 2446 5446 4247
10963 2 2 1 1 4280 6175 244
10964 2 2 1 1 4568 5168 1929
10965 2 2 1 1 3551 6423 1820
10966 2 2 1 1 4064 5210 1741
10967 2 2 1 1 2787 6204 1922
10968 2 2 1 1 1563 5790 4257
10969 2 2 1 1 4185 6296 1858
10970 2 2 1 1 56 6191 4344
10971 2 2 1 1 3941 4381 1475
10972 2 2 1 1 337 4795 4610
10973 2 2 1 1 4297 5363 900
10974 2 2 1 1 4441 5389 456
10975 2 2 1 1 5740 6138 1145
10976 2 2 1 1 1135 6276 3439
10977 2 2 1 1 2066 5035 3716
10978 2 2 1 1 2484 6890 3093
10979 2 2 1 1 1912 5295 3705
10980 2 2 1 1 1789 4721 4696
10981 2 2 1 1 206 5183 4346
10982 2 2 1 1 4610 4795 1992
10983 2 2 1 1 5159 6449 804
10984 2 2 1 1 1946 5240 4287
10985 2 2 1 1 552 6081 3352
10986 2 2 1 1 4445 4696 1724
10987 2 2 1 1 2610 6357 5164
10988 2 2 1 1 3958 6154 1400
10989 2 2 1 1 5474 6119 2167
10990 2 2 1 1 1750 6613 3342
10991 2 2 1 1 4141 4712 426
10992 2 2 1 1 5753 6229 786
10993 2 2 1 1 1583 6307 3609
10994 2 2 1 1 5232 5249 1577
10995 2 2 1 1 395 5874 3859
10996 2 2 1 1 1972 6126 3730
10997 2 2 1 1 1985 5285 4569
10998 2 2 1 1 4194 6799 2450
10999 2 2 1 1 2086 5884 3445
11000 2 2 1 1 3392 5345 1074
11001 2 2 1 1 2370 6877 5251
11002 2 2 1 1 5675 6342 2136
11003 2 2 1 1 5005 6224 1644
11004 2 2 1 1 2097 6749 5656
11005 2 2 1 1 2485 6604 5275
11006 2 2 1 1 4010 6734 721
11007 2 2 1 1 1596 6496 3367
11008 2 2 1 1 4783 5578 611
11009 2 2 1 1 3657 5652 1627
11010 2 2 1 1 2846 6640 6276
11011 2 2 1 1 5646 6196 795
11012 2 2 1 1 418 6867 6277
11013 2 2 1 1 4012 4520 447
11014 2 2 1 1 238 6189 4580
11015 2 2 1 1 687 6280 3916
11016 2 2 1 1 1433 6805 4181
11017 2 2 1 1 2299 5051 3989
11018 2 2 1 1 1754 6661 3397
11019 2 2 1 1 4856 5664 753
11020 2 2 1 1 359 6876 4649
11021 2 2 1 1 5651 5952 960
11022 2 2 1 1 784 6473 4051
11023 2 2 1 1 2554 6083 4823
11024 2 2 1 1 3617 4881 843
11025 2 2 1 1 5436 6438 492
11026 2 2 1 1 4433 5662 1591
11027 2 2 1 1 4555 5548 1949
11028 2 2 1 1 359 5592 3185
11029 2 2 1 1 4515 5182 468
11030 2 2 1 1 3980 5546 409
11031 2 2 1 1 2346 6099 4557
11032 2 2 1 1 1773 5509 4606
11033 2 2 1 1 1258 5770 3629
11034 2 2 1 1 4081 6574 1156
11035 2 2 1 1 1724 5168 4568
11036 2 2 1 1 3738 5597 606
11037 2 2 1 1 5015 5173 2065
11038 2 2 1 1 3887 6583 1595
11039 2 2 1 1 4828 6880 1229
11040 2 2 1 1 4411 4993 1605
11041 2 2 1 1 3587 6807 20
11042 2 2 1 1 5493 6877 3348
11043 2 2 1 1 144 6406 143
11044 2 2 1 1 4600 4990 1706
11045 2 2 1 1 4985 6125 1598
11046 2 2 1 1 45 5805 4202
11047 2 2 1 1 3455 6059 1413
11048 2 2 1 1 3631 4848 720
11049 2 2 1 1 4366 4642 1650
11050 2 2 1 1 5123 6464 2314
11051 2 2 1 1 2402 6545 5499
11052 2 2 1 1 820 5998 3815
11053 2 2 1 1 4885 5195 2268
11054 2 2 1 1 3585 6316 371
11055 2 2 1 1 4167 5962 2259
11056 2 2 1 1 3435 6758 297
11057 2 2 1 1 3975 6630 709
11058 2 2 1 1 1760 6840 5224
11059 2 2 1 1 5161 5182 2057
11060 2 2 1 1 5227 6544 912
11061 2 2 1 1 1053 6497 3338
11062 2 2 1 1 4724 6698 2345
11063 2 2 1 1 3909 6707 1902
11064 2 2 1 1 2263 5922 3312
11065 2 2 1 1 1730 4847 4522
11066 2 2 1 1 815 5650 3753
11067 2 2 1 1 1730 6918 4847
11068 2 2 1 1 3039 5378 4812
11069 2 2 1 1 654 5131 3679
11070 2 2 1 1 803 6403 3663
11071 2 2 1 1 2017 5863 4490
11072 2 2 1 1 735 4742 4741
11073 2 2 1 1 4629 6376 2606
11074 2 2 1 1 202 5377 201
11075 2 2 1 1 1334 6170 3826
11076 2 2 1 1 3278 6042 1669
11077 2 2 1 1 447 5973 3835
11078 2 2 1 1 1991 5354 4048
11079 2 2 1 1 2645 6636 5428
11080 2 2 1 1 2435 5656 5515
11081 2 2 1 1 3227 6898 3984
11082 2 2 1 1 3678 6610 3415
11083 2 2 1 1 816 5967 5524
11084 2 2 1 1 2667 6078 4209
11085 2 2 1 1 762 5777 4416
11086 2 2 1 1 3462 5964 857
11087 2 2 1 1 1833 5266 4039
11088 2 2 1 1 730 6132 3702
11089 2 2 1 1 4998 5980 1677
11090 2 2 1 1 6002 6564 2138
11091 2 2 1 1 582 6361 3570
11092 2 2 1 1 4391 4570 757
11093 2 2 1 1 1809 6099 5002
11094 2 2 1 1 661 6468 4408
11095 2 2 1 1 1567 6682 3791
11096 2 2 1 1 4188 6330 1884
11097 2 2 1 1 2890 6479 5941
11098 2 2 1 1 4383 6030 2455
11099 2 2 1 1 3268 4706 1083
11100 2 2 1 1 3724 6361 582
11101 2 2 1 1 4117 5598 1824
11102 2 2 1 1 4744 4930 2007
11103 2 2 1 1 4158 5643 124
11104 2 2 1 1 2256 5363 4297
11105 2 2 1 1 741 6664 5540
11106 2 2 1 1 3679 6560 1705
11107 2 2 1 1 3612 6666 1965
11108 2 2 1 1 36 6330 35
11109 2 2 1 1 4479 5088 1614
11110 2 2 1 1 3778 6581 2164
11111 2 2 1 1 3779 5928 1217
11112 2 2 1 1 4836 5670 780
11113 2 2 1 1 608 6010 4751
11114 2 2 1 1 6063 6379 2739
11115 2 2 1 1 2621 5685 5099
11116 2 2 1 1 3811 6533 1073
11117 2 2 1 1 2470 5135 5031
11118 2 2 1 1 5626 6164 1749
11119 2 2 1 1 5570 6101 2629
11120 2 2 1 1 4573 6171 1889
11121 2 2 1 1 4562 5541 2256
11122 2 2 1 1 936 6756 4963
11123 2 2 1 1 84 4874 83
11124 2 2 1 1 471 5200 5097
11125 2 2 1 1 4350 5996 709
11126 2 2 1 1 4436 5358 2859
11127 2 2 1 1 1759 5389 4441
11128 2 2 1 1 4870 4871 1773
11129 2 2 1 1 794 5757 3933
11130 2 2 1 1 2384 5608 4310
11131 2 2 1 1 4472 6665 861
11132 2 2 1 1 3202 4994 1717
11133 2 2 1 1 1767 4832 4613
11134 2 2 1 1 1425 4889 4327
11135 2 2 1 1 3843 5037 1799
11136 2 2 1 1 3730 6126 1180
11137 2 2 1 1 4153 6339 104
11138 2 2 1 1 4692 6105 2530
11139 2 2 1 1 1911 5852 4992
11140 2 2 1 1 4155 4770 1981
11141 2 2 1 1 4822 5024 2442
11142 2 2 1 1 4679 6283 1159
11143 2 2 1 1 1482 5787 3591
11144 2 2 1 1 5085 6295 969
11145 2 2 1 1 365 6397 6359
11146 2 2 1 1 3391 6081 552
11147 2 2 1 1 4000 6446 437
11148 2 2 1 1 5524 5976 1810
11149 2 2 1 1 1735 4184 4042
11150 2 2 1 1 5262 6075 846
11151 2 2 1 1 4571 4593 1643
11152 2 2 1 1 697 6737 3869
11153 2 2 1 1 4121 5065 2825
11154 2 2 1 1 4760 5337 730
11155 2 2 1 1 1787 5461 4586
11156 2 2 1 1 4237 6659 356
11157 2 2 1 1 3314 6577 2124
11158 2 2 1 1 3611 6294 862
11159 2 2 1 1 3339 5586 443
11160 2 2 1 1 2776 6662 3398
11161 2 2 1 1 2185 5086 4817
11162 2 2 1 1 3931 4836 2396
11163 2 2 1 1 5182 5590 2057
11164 2 2 1 1 1533 5960 5547
11165 2 2 1 1 1875 5425 4419
11166 2 2 1 1 2508 5952 5651
11167 2 2 1 1 1483 5357 3442
11168 2 2 1 1 1936 5710 3778
11169 2 2 1 1 4687 4985 1598
11170 2 2 1 1 5499 6545 975
11171 2 2 1 1 488 6805 3782
11172 2 2 1 1 4178 4973 2249
11173 2 2 1 1 2041 5914 3994
11174 2 2 1 1 3076 5440 4853
11175 2 2 1 1 4362 5033 711
11176 2 2 1 1 589 6440 3293
11177 2 2 1 1 2753 6282 5635
11178 2 2 1 1 4402 6512 1260
11179 2 2 1 1 2016 6408 3561
11180 2 2 1 1 5508 6253 2578
11181 2 2 1 1 3657 6591 625
11182 2 2 1 1 2298 6909 4143
11183 2 2 1 1 1324 6053 3978
11184 2 2 1 1 582 6561 3724
11185 2 2 1 1 668 5532 4169
11186 2 2 1 1 4002 5611 1907
11187 2 2 1 1 3760 5380 1498
11188 2 2 1 1 1902 6073 4667
11189 2 2 1 1 1135 6791 6276
11190 2 2 1 1 1686 5202 4257
11191 2 2 1 1 4700 5607 2061
11192 2 2 1 1 1849 6820 4004
11193 2 2 1 1 1735 5915 3721
11194 2 2 1 1 2509 6212 5045
11195 2 2 1 1 1363 4753 4198
11196 2 2 1 1 1470 4967 4915
11197 2 2 1 1 812 6105 4692
11198 2 2 1 1 1672 5234 3709
11199 2 2 1 1 686 5834 4056
11200 2 2 1 1 220 6162 219
11201 2 2 1 1 5002 5750 985
11202 2 2 1 1 1211 4655 3610
11203 2 2 1 1 2817 6033 3745
11204 2 2 1 1 4619 6498 1102
11205 2 2 1 1 276 6697 3773
11206 2 2 1 1 1758 5095 3480
11207 2 2 1 1 3982 6309 1798
11208 2 2 1 1 4979 6838 3141
11209 2 2 1 1 4294 6702 993
11210 2 2 1 1 3774 6082 29
11211 2 2 1 1 6124 6165 2122
11212 2 2 1 1 2027 6405 3740
11213 2 2 1 1 5795 6917 2329
11214 2 2 1 1 46 5805 45
11215 2 2 1 1 3561 6352 2016
11216 2 2 1 1 1501 5154 3542
11217 2 2 1 1 5121 6137 1011
11218 2 2 1 1 2616 6401 5206
11219 2 2 1 1 3297 5674 1975
11220 2 2 1 1 304 5961 303
11221 2 2 1 1 784 5949 3841
11222 2 2 1 1 4565 5553 2297
11223 2 2 1 1 516 5350 3743
11224 2 2 1 1 2166 5333 4114
11225 2 2 1 1 746 6140 3948
11226 2 2 1 1 1024 6840 3810
11227 2 2 1 1 5039 6648 876
11228 2 2 1 1 3389 5902 2364
11229 2 2 1 1 4122 6789 952
11230 2 2 1 1 2607 5902 3389
11231 2 2 1 1 439 5024 4822
11232 2 2 1 1 2280 5182 4515
11233 2 2 1 1 3124 5278 821
11234 2 2 1 1 4456 4504 1837
11235 2 2 1 1 4196 5895 1427
11236 2 2 1 1 2651 6885 4668
11237 2 2 1 1 451 6352 3561
11238 2 2 1 1 582 6793 3653
11239 2 2 1 1 4231 6753 2222
11240 2 2 1 1 4118 6749 1134
11241 2 2 1 1 3272 5847 1885
11242 2 2 1 1 4324 4832 1766
11243 2 2 1 1 4657 5545 2184
11244 2 2 1 1 1742 4871 4870
11245 2 2 1 1 4174 5396 2385
11246 2 2 1 1 352 5449 4990
11247 2 2 1 1 4525 5781 446
11248 2 2 1 1 2231 6217 4808
11249 2 2 1 1 5422 6512 1962
11250 2 2 1 1 2841 6690 6286
11251 2 2 1 1 1474 5237 3762
11252 2 2 1 1 3589 6934 2187
11253 2 2 1 1 5875 6417 2082
11254 2 2 1 1 4259 5716 2737
11255 2 2 1 1 3817 6386 870
11256 2 2 1 1 5239 5917 483
11257 2 2 1 1 1102 6498 4892
11258 2 2 1 1 612 6615 4135
11259 2 2 1 1 2104 5657 3962
11260 2 2 1 1 523 6910 4186
11261 2 2 1 1 2018 5172 4697
11262 2 2 1 1 3710 5372 2093
11263 2 2 1 1 848 5269 4243
11264 2 2 1 1 4547 6311 256
11265 2 2 1 1 617 6792 3203
11266 2 2 1 1 4581 5476 466
11267 2 2 1 1 683 5718 5467
11268 2 2 1 1 135 6635 134
11269 2 2 1 1 3996 6639 4492
11270 2 2 1 1 4697 5172 1389
11271 2 2 1 1 1535 5194 3766
11272 2 2 1 1 4731 6065 1498
11273 2 2 1 1 3687 6268 468
11274 2 2 1 1 257 6388 4547
11275 2 2 1 1 1656 5286 5107
11276 2 2 1 1 91 4977 90
11277 2 2 1 1 3948 6140 1853
11278 2 2 1 1 4675 5420 1582
11279 2 2 1 1 638 5552 3496
11280 2 2 1 1 4603 6883 937
11281 2 2 1 1 1627 6591 3657
11282 2 2 1 1 1583 5255 4354
11283 2 2 1 1 4480 5604 1830
11284 2 2 1 1 899 6573 5719
11285 2 2 1 1 2758 5351 4364
11286 2 2 1 1 1339 5826 3930
11287 2 2 1 1 4439 5316 2361
11288 2 2 1 1 5883 6587 2458
11289 2 2 1 1 685 5507 3964
11290 2 2 1 1 2071 6361 3724
11291 2 2 1 1 502 4642 4366
11292 2 2 1 1 5045 6212 2158
11293 2 2 1 1 1914 5283 4561
11294 2 2 1 1 676 4861 3996
11295 2 2 1 1 1589 5521 4008
11296 2 2 1 1 3154 6660 1997
11297 2 2 1 1 127 6694 126
11298 2 2 1 1 4321 5799 1403
11299 2 2 1 1 1740 5955 5471
11300 2 2 1 1 1744 5309 3650
11301 2 2 1 1 869 6297 3845
11302 2 2 1 1 5187 6397 1951
11303 2 2 1 1 3137 6919 1922
11304 2 2 1 1 1486 6351 3876
11305 2 2 1 1 2228 5239 3629
11306 2 2 1 1 4842 5663 668
11307 2 2 1 1 4177 6272 547
11308 2 2 1 1 575 5858 4637
11309 2 2 1 1 3985 5826 1339
11310 2 2 1 1 6425 6456 679
11311 2 2 1 1 1648 6446 4000
11312 2 2 1 1 1315 5764 3041
11313 2 2 1 1 798 4985 4379
11314 2 2 1 1 648 5645 3747
11315 2 2 1 1 1101 6714 3871
11316 2 2 1 1 4915 4967 1969
11317 2 2 1 1 3869 6737 1751
11318 2 2 1 1 4146 6654 1444
11319 2 2 1 1 5083 5218 1702
11320 2 2 1 1 2036 5303 4693
11321 2 2 1 1 870 5730 3817
11322 2 2 1 1 391 6455 3736
11323 2 2 1 1 1877 6294 3611
11324 2 2 1 1 1822 5586 3339
11325 2 2 1 1 2255 4495 4219
11326 2 2 1 1 1632 4881 3617
11327 2 2 1 1 976 6653 3214
11328 2 2 1 1 3438 6675 1975
11329 2 2 1 1 5838 5909 2083
11330 2 2 1 1 2648 6527 4774
11331 2 2 1 1 5389 5614 456
11332 2 2 1 1 2535 6438 5436
11333 2 2 1 1 3604 6462 357
11334 2 2 1 1 5336 5623 1194
11335 2 2 1 1 1059 6260 3974
11336 2 2 1 1 4825 5235 338
11337 2 2 1 1 1688 6588 3260
11338 2 2 1 1 1566 5546 3980
11339 2 2 1 1 2280 5590 5182
11340 2 2 1 1 3899 5830 116
11341 2 2 1 1 3842 6443 828
11342 2 2 1 1 5426 5938 1592
11343 2 2 1 1 4682 4683 1853
11344 2 2 1 1 3828 6509 554
11345 2 2 1 1 6248 6851 1109
11346 2 2 1 1 5200 6159 2341
11347 2 2 1 1 2157 6926 3333
11348 2 2 1 1 1727 4790 4729
11349 2 2 1 1 3902 5495 1622
11350 2 2 1 1 631 5514 4206
11351 2 2 1 1 3943 4879 1554
11352 2 2 1 1 3414 5298 616
11353 2 2 1 1 1383 5723 3809
11354 2 2 1 1 6392 6513 2565
11355 2 2 1 1 1992 4795 3437
11356 2 2 1 1 511 6265 3944
11357 2 2 1 1 2899 6430 5800
11358 2 2 1 1 2093 6284 5778
11359 2 2 1 1 1777 6021 3868
11360 2 2 1 1 3787 5779 880
11361 2 2 1 1 3805 6323 1107
11362 2 2 1 1 2308 5976 5524
11363 2 2 1 1 5157 6232 2123
11364 2 2 1 1 433 5636 5120
11365 2 2 1 1 3648 6769 2128
11366 2 2 1 1 4644 5503 1554
11367 2 2 1 1 6277 6867 3084
11368 2 2 1 1 4209 6078 1861
11369 2 2 1 1 5397 5398 2636
11370 2 2 1 1 2007 6177 4103
11371 2 2 1 1 6202 6889 3068
11372 2 2 1 1 1898 5558 5048
11373 2 2 1 1 2502 5294 4258
11374 2 2 1 1 226 6023 3895
11375 2 2 1 1 2579 6190 5538
11376 2 2 1 1 4132 5153 828
11377 2 2 1 1 4167 4838 813
11378 2 2 1 1 3382 6824 412
11379 2 2 1 1 1427 5895 3689
11380 2 2 1 1 4699 6503 2344
11381 2 2 1 1 283 4498 4427
11382 2 2 1 1 4784 4851 1980
11383 2 2 1 1 1936 6271 5813
11384 2 2 1 1 5944 6000 2474
11385 2 2 1 1 4179 5753 1553
11386 2 2 1 1 5034 5219 1862
11387 2 2 1 1 4696 5168 1724
11388 2 2 1 1 943 6536 3419
11389 2 2 1 1 3184 6027 732
11390 2 2 1 1 1025 6919 3137
11391 2 2 1 1 3496 5552 1607
11392 2 2 1 1 3324 6110 3940
11393 2 2 1 1 2057 6256 5229
11394 2 2 1 1 5850 5897 1894
11395 2 2 1 1 3470 5231 1513
11396 2 2 1 1 3910 6632 779
11397 2 2 1 1 4079 5373 1550
11398 2 2 1 1 751 5125 4108
11399 2 2 1 1 1395 5298 3414
11400 2 2 1 1 1755 5451 3592
11401 2 2 1 1 4904 5610 1720
11402 2 2 1 1 1874 5489 3933
11403 2 2 1 1 1553 4926 4179
11404 2 2 1 1 373 6736 3630
11405 2 2 1 1 1772 6652 3951
11406 2 2 1 1 4163 6594 1635
11407 2 2 1 1 1726 5104 3704
11408 2 2 1 1 4389 6425 679
11409 2 2 1 1 1270 6133 3814
11410 2 2 1 1 2345 6189 4724
11411 2 2 1 1 1959 5435 4689
11412 2 2 1 1 1680 6602 3867
11413 2 2 1 1 3259 5503 4644
11414 2 2 1 1 3972 6712 2906
11415 2 2 1 1 3627 5799 1986
11416 2 2 1 1 3690 6000 2519
11417 2 2 1 1 3927 6847 716
11418 2 2 1 1 5120 6181 433
11419 2 2 1 1 4066 6931 2209
11420 2 2 1 1 5031 5135 708
11421 2 2 1 1 779 6632 3612
11422 2 2 1 1 5556 5777 762
11423 2 2 1 1 6000 6383 2519
11424 2 2 1 1 5335 5809 2303
11425 2 2 1 1 3917 5815 1771
11426 2 2 1 1 1619 5337 4760
11427 2 2 1 1 1053 6804 3580
11428 2 2 1 1 2916 6138 5740
11429 2 2 1 1 1547 6139 3122
11430 2 2 1 1 865 6156 3615
11431 2 2 1 1 2030 5219 5034
11432 2 2 1 1 1979 5619 4768
11433 2 2 1 1 458 5439 3894
11434 2 2 1 1 267 6262 266
11435 2 2 1 1 2168 6201 4415
11436 2 2 1 1 409 5546 3717
11437 2 2 1 1 4243 5492 1742
11438 2 2 1 1 1320 6741 3675
11439 2 2 1 1 3930 5509 364
11440 2 2 1 1 115 5830 3682
11441 2 2 1 1 455 5426 4414
11442 2 2 1 1 5313 5788 1802
11443 2 2 1 1 782 6202 3748
11444 2 2 1 1 2583 6177 5894
11445 2 2 1 1 3748 6202 3068
11446 2 2 1 1 3488 5772 1888
11447 2 2 1 1 467 4627 4305
11448 2 2 1 1 4419 5579 1706
11449 2 2 1 1 5166 5289 1924
11450 2 2 1 1 1936 5813 4593
11451 2 2 1 1 1340 6296 4185
11452 2 2 1 1 2405 5780 5277
11453 2 2 1 1 2492 6610 3678
11454 2 2 1 1 1834 4846 3621
11455 2 2 1 1 3947 5213 1487
11456 2 2 1 1 5945 6226 2183
11457 2 2 1 1 2221 6247 5579
11458 2 2 1 1 4155 5836 1508
11459 2 2 1 1 4187 6655 5517
11460 2 2 1 1 2194 5671 4794
11461 2 2 1 1 4612 6263 953
11462 2 2 1 1 3940 6110 2422
11463 2 2 1 1 1548 5964 3462
11464 2 2 1 1 274 5162 273
11465 2 2 1 1 2911 5892 3333
11466 2 2 1 1 2009 6741 4136
11467 2 2 1 1 3905 5964 1548
11468 2 2 1 1 35 6330 4188
11469 2 2 1 1 1198 6369 4154
11470 2 2 1 1 4781 5408 493
11471 2 2 1 1 4489 6037 1405
11472 2 2 1 1 4272 6541 2143
11473 2 2 1 1 2588 5814 4821
11474 2 2 1 1 1918 5584 4014
11475 2 2 1 1 1340 5560 3595
11476 2 2 1 1 2137 5443 4820
11477 2 2 1 1 2776 6134 3655
11478 2 2 1 1 4202 5805 1881
11479 2 2 1 1 532 4403 4244
11480 2 2 1 1 3994 5914 500
11481 2 2 1 1 2990 5121 4368
11482 2 2 1 1 548 6123 3584
11483 2 2 1 1 5579 6247 1706
11484 2 2 1 1 3673 5612 5273
11485 2 2 1 1 488 6686 3262
11486 2 2 1 1 4630 6726 1642
11487 2 2 1 1 5931 6781 2538
11488 2 2 1 1 5748 6455 2445
11489 2 2 1 1 2237 5353 4098
11490 2 2 1 1 177 5708 4653
11491 2 2 1 1 1040 5372 3710
11492 2 2 1 1 4039 5266 787
11493 2 2 1 1 1616 4929 4757
11494 2 2 1 1 3054 6936 2029
11495 2 2 1 1 3450 5267 1161
11496 2 2 1 1 2106 5673 4368
11497 2 2 1 1 4689 5435 765
11498 2 2 1 1 4346 5183 1601
11499 2 2 1 1 4274 6342 2142
11500 2 2 1 1 3933 5602 794
11501 2 2 1 1 1798 6634 3982
11502 2 2 1 1 1589 6930 5521
11503 2 2 1 1 1964 5909 5233
11504 2 2 1 1 4729 4790 454
11505 2 2 1 1 1581 4784 3356
11506 2 2 1 1 4011 6711 863
11507 2 2 1 1 5469 6441 2120
11508 2 2 1 1 1469 5220 4092
11509 2 2 1 1 1737 5636 3377
11510 2 2 1 1 2130 6628 3854
11511 2 2 1 1 2292 6149 5516
11512 2 2 1 1 3745 6033 167
11513 2 2 1 1 183 5879 182
11514 2 2 1 1 1467 5507 3438
11515 2 2 1 1 2310 5898 5801
11516 2 2 1 1 2744 6765 5980
11517 2 2 1 1 4749 6519 382
11518 2 2 1 1 574 5316 4127
11519 2 2 1 1 690 4930 4744
11520 2 2 1 1 3967 6721 1826
11521 2 2 1 1 2620 6173 4656
11522 2 2 1 1 3650 5309 712
11523 2 2 1 1 1397 6157 3850
11524 2 2 1 1 4015 5843 373
11525 2 2 1 1 4532 6514 2757
11526 2 2 1 1 1172 6817 4686
11527 2 2 1 1 4835 6442 457
11528 2 2 1 1 4576 6162 220
11529 2 2 1 1 3609 6307 524
11530 2 2 1 1 1029 6799 4194
11531 2 2 1 1 1269 4944 3974
11532 2 2 1 1 6163 6672 2778
11533 2 2 1 1 1054 5590 5334
11534 2 2 1 1 5050 6362 3177
11535 2 2 1 1 819 6072 4645
11536 2 2 1 1 4091 6428 405
11537 2 2 1 1 1652 6766 3740
11538 2 2 1 1 5364 5365 1601
11539 2 2 1 1 3016 6579 3475
11540 2 2 1 1 653 6312 4205
11541 2 2 1 1 630 4980 3583
11542 2 2 1 1 5025 5956 881
11543 2 2 1 1 1416 6858 4255
11544 2 2 1 1 3491 5153 1513
11545 2 2 1 1 4752 4831 369
11546 2 2 1 1 3121 6090 4751
11547 2 2 1 1 4865 6008 717
11548 2 2 1 1 6104 6918 1730
11549 2 2 1 1 884 6000 5944
11550 2 2 1 1 385 6886 4311
11551 2 2 1 1 753 5907 4856
11552 2 2 1 1 827 5380 3760
11553 2 2 1 1 2275 5897 5850
11554 2 2 1 1 3703 6492 769
11555 2 2 1 1 960 4994 3202
11556 2 2 1 1 6614 6791 1135
11557 2 2 1 1 3828 6193 1849
11558 2 2 1 1 897 5727 4276
11559 2 2 1 1 3665 6827 3309
11560 2 2 1 1 3495 6470 1131
11561 2 2 1 1 4016 6864 1790
11562 2 2 1 1 4244 4659 1794
11563 2 2 1 1 5980 6765 974
11564 2 2 1 1 3027 6642 6431
11565 2 2 1 1 719 6873 4452
11566 2 2 1 1 2671 5901 4560
11567 2 2 1 1 104 6339 103
11568 2 2 1 1 1406 5561 4083
11569 2 2 1 1 5570 5761 1707
11570 2 2 1 1 3769 6674 1023
11571 2 2 1 1 4293 5844 2631
11572 2 2 1 1 1849 6509 3828
11573 2 2 1 1 4155 5887 701
11574 2 2 1 1 2377 6287 6012
11575 2 2 1 1 5224 5624 1760
11576 2 2 1 1 470 6753 4231
11577 2 2 1 1 4527 6920 911
11578 2 2 1 1 457 6442 5630
11579 2 2 1 1 2094 5570 5269
11580 2 2 1 1 4288 6404 1925
11581 2 2 1 1 4119 6104 1730
11582 2 2 1 1 4450 6619 2035
11583 2 2 1 1 557 6423 3551
11584 2 2 1 1 6276 6640 1763
11585 2 2 1 1 234 6006 233
11586 2 2 1 1 4226 6895 838
11587 2 2 1 1 3480 5095 440
11588 2 2 1 1 4034 5800 866
11589 2 2 1 1 3724 6561 1903
11590 2 2 1 1 3939 6303 1238
11591 2 2 1 1 5120 5636 2197
11592 2 2 1 1 1349 6238 3997
11593 2 2 1 1 4092 5220 2091
11594 2 2 1 1 4403 6457 1651
11595 2 2 1 1 1651 4925 4659
11596 2 2 1 1 2598 6290 6142
11597 2 2 1 1 4558 4906 2976
11598 2 2 1 1 1582 5163 4022
11599 2 2 1 1 4402 6121 2831
11600 2 2 1 1 3726 5432 175
11601 2 2 1 1 1556 5870 3844
11602 2 2 1 1 3858 5071 1491
11603 2 2 1 1 1303 6469 4323
11604 2 2 1 1 742 4891 4593
11605 2 2 1 1 2549 5871 5346
11606 2 2 1 1 4340 6865 2274
11607 2 2 1 1 5720 5871 2549
11608 2 2 1 1 4317 5622 1302
11609 2 2 1 1 4466 6429 606
11610 2 2 1 1 4404 6336 1941
11611 2 2 1 1 344 5549 5548
11612 2 2 1 1 1470 4915 3494
11613 2 2 1 1 5941 6479 1939
11614 2 2 1 1 1251 6193 3828
11615 2 2 1 1 1550 6480 4079
11616 2 2 1 1 3556 6643 1714
11617 2 2 1 1 4053 6706 2491
11618 2 2 1 1 86 5279 4065
11619 2 2 1 1 3868 6021 725
11620 2 2 1 1 3198 6123 548
11621 2 2 1 1 14 6335 13
11622 2 2 1 1 331 5422 4908
11623 2 2 1 1 1672 5661 3501
11624 2 2 1 1 1289 6022 5743
11625 2 2 1 1 1953 6552 4446
11626 2 2 1 1 3356 4784 560
11627 2 2 1 1 1134 6749 5211
11628 2 2 1 1 4181 6805 2216
11629 2 2 1 1 6509 6834 554
11630 2 2 1 1 3922 6812 1880
11631 2 2 1 1 5154 5588 2171
11632 2 2 1 1 4132 6102 2024
11633 2 2 1 1 3656 6329 2641
11634 2 2 1 1 1928 5285 4442
11635 2 2 1 1 698 5518 4086
11636 2 2 1 1 3575 5963 146
11637 2 2 1 1 2658 6025 5813
11638 2 2 1 1 6240 6601 2849
11639 2 2 1 1 629 5880 3940
11640 2 2 1 1 1672 5602 3933
11641 2 2 1 1 766 6227 4664
11642 2 2 1 1 425 6131 4450
11643 2 2 1 1 1647 6833 3889
11644 2 2 1 1 3630 6736 1877
11645 2 2 1 1 1747 6037 4489
11646 2 2 1 1 3644 6487 140
11647 2 2 1 1 4126 5220 1469
11648 2 2 1 1 2198 4728 4073
11649 2 2 1 1 239 6189 238
11650 2 2 1 1 3202 5651 960
11651 2 2 1 1 3098 6624 6275
11652 2 2 1 1 438 6445 3822
11653 2 2 1 1 336 5091 4222
11654 2 2 1 1 2156 5702 5297
11655 2 2 1 1 5619 6458 967
11656 2 2 1 1 1727 5115 4790
11657 2 2 1 1 2139 6155 5686
11658 2 2 1 1 4649 6876 2176
11659 2 2 1 1 4921 6705 2127
11660 2 2 1 1 2006 6445 3900
11661 2 2 1 1 4656 6173 583
11662 2 2 1 1 2207 6084 5598
11663 2 2 1 1 4968 4969 1719
11664 2 2 1 1 3908 6482 1536
11665 2 2 1 1 1432 4329 3980
11666 2 2 1 1 2776 6593 6134
11667 2 2 1 1 2113 6170 5713
11668 2 2 1 1 29 6082 28
11669 2 2 1 1 4557 6099 530
11670 2 2 1 1 1561 6553 5585
11671 2 2 1 1 433 6181 3754
11672 2 2 1 1 1158 6155 4636
11673 2 2 1 1 4844 5364 1601
11674 2 2 1 1 5583 6657 2631
11675 2 2 1 1 3812 6808 2093
11676 2 2 1 1 1214 6409 3824
11677 2 2 1 1 1339 5468 3985
11678 2 2 1 1 3778 5710 1160
11679 2 2 1 1 816 5315 4968
11680 2 2 1 1 4734 6669 1714
11681 2 2 1 1 2686 6336 6128
11682 2 2 1 1 1880 5152 4720
11683 2 2 1 1 3250 6134 1022
11684 2 2 1 1 349 4832 4324
11685 2 2 1 1 250 5253 5050
11686 2 2 1 1 6236 6548 738
11687 2 2 1 1 2523 6355 5759
11688 2 2 1 1 4134 6758 1632
11689 2 2 1 1 490 5790 4246
11690 2 2 1 1 1020 5844 4050
11691 2 2 1 1 4100 6448 1300
11692 2 2 1 1 2858 6851 6248
11693 2 2 1 1 405 6703 4091
11694 2 2 1 1 4398 5831 714
11695 2 2 1 1 2463 6283 4679
11696 2 2 1 1 2452 5811 4482
11697 2 2 1 1 4204 6040 1602
11698 2 2 1 1 1752 5244 5243
11699 2 2 1 1 3573 5706 1563
11700 2 2 1 1 3944 6265 1547
11701 2 2 1 1 828 6102 4132
11702 2 2 1 1 2077 6842 6131
11703 2 2 1 1 6628 6727 2690
11704 2 2 1 1 2733 6477 6252
11705 2 2 1 1 3690 5307 363
11706 2 2 1 1 3840 5388 1113
11707 2 2 1 1 4103 6177 426
11708 2 2 1 1 2708 6611 5189
11709 2 2 1 1 3561 6408 5148
11710 2 2 1 1 805 6417 6071
11711 2 2 1 1 2790 6309 4191
11712 2 2 1 1 912 5808 5227
11713 2 2 1 1 655 6299 3958
11714 2 2 1 1 4287 5240 1165
11715 2 2 1 1 2454 6357 3650
11716 2 2 1 1 255 6311 4044
11717 2 2 1 1 725 5683 4694
11718 2 2 1 1 4933 5276 1790
11719 2 2 1 1 2401 6032 5698
11720 2 2 1 1 3653 6793 2090
11721 2 2 1 1 1990 6801 5682
11722 2 2 1 1 4405 6105 812
11723 2 2 1 1 3682 5830 1998
11724 2 2 1 1 3545 6613 1750
11725 2 2 1 1 1958 6437 4758
11726 2 2 1 1 3427 6086 2020
11727 2 2 1 1 3936 6496 1596
11728 2 2 1 1 5015 6202 782
11729 2 2 1 1 3997 5666 2072
11730 2 2 1 1 2383 5643 4158
11731 2 2 1 1 4373 5349 1845
11732 2 2 1 1 4024 6696 1267
11733 2 2 1 1 932 5809 5017
11734 2 2 1 1 2595 6151 4895
11735 2 2 1 1 4200 6554 2150
11736 2 2 1 1 3339 5508 1822
11737 2 2 1 1 1543 6316 3585
11738 2 2 1 1 3711 6011 81
11739 2 2 1 1 6527 6595 2064
11740 2 2 1 1 3935 6034 700
11741 2 2 1 1 3715 6051 1000
11742 2 2 1 1 748 5398 5397
11743 2 2 1 1 6083 6664 1629
11744 2 2 1 1 1892 4965 4232
11745 2 2 1 1 4092 6774 6547
11746 2 2 1 1 2687 6596 5287
11747 2 2 1 1 4976 6324 2206
11748 2 2 1 1 5975 6348 3800
11749 2 2 1 1 5982 6079 2411
11750 2 2 1 1 3786 6936 581
11751 2 2 1 1 4450 5773 425
11752 2 2 1 1 502 5245 4361
11753 2 2 1 1 787 6309 3982
11754 2 2 1 1 4674 6541 3431
11755 2 2 1 1 4522 5635 1730
11756 2 2 1 1 464 6658 4560
11757 2 2 1 1 3333 6926 2941
11758 2 2 1 1 2241 6880 4828
11759 2 2 1 1 968 5827 4282
11760 2 2 1 1 2570 5993 4498
11761 2 2 1 1 2419 6529 3473
11762 2 2 1 1 1706 6247 4600
11763 2 2 1 1 2222 5025 4231
11764 2 2 1 1 4001 6502 299
11765 2 2 1 1 1791 6546 3246
11766 2 2 1 1 4623 5327 735
11767 2 2 1 1 5181 5575 373
11768 2 2 1 1 1664 4504 4456
11769 2 2 1 1 4258 5294 512
11770 2 2 1 1 3769 6495 1654
11771 2 2 1 1 4122 5918 2457
11772 2 2 1 1 707 5523 4568
11773 2 2 1 1 3116 6717 4223
11774 2 2 1 1 2745 6719 5585
11775 2 2 1 1 3998 6933 397
11776 2 2 1 1 3941 5192 2588
11777 2 2 1 1 1223 6732 4189
11778 2 2 1 1 1934 6587 5883
11779 2 2 1 1 1475 5192 3941
11780 2 2 1 1 3003 6568 351
11781 2 2 1 1 1972 5293 4959
11782 2 2 1 1 6291 6922 2201
11783 2 2 1 1 740 5249 5232
11784 2 2 1 1 814 5409 4204
11785 2 2 1 1 4696 4721 335
11786 2 2 1 1 5382 6097 2118
11787 2 2 1 1 4027 6621 2328
11788 2 2 1 1 4827 5750 1788
11789 2 2 1 1 2084 5974 3712
11790 2 2 1 1 564 5795 3636
11791 2 2 1 1 4850 5694 2149
11792 2 2 1 1 2637 5696 4268
11793 2 2 1 1 2094 6157 4448
11794 2 2 1 1 3570 6793 582
11795 2 2 1 1 2052 5963 3575
11796 2 2 1 1 6615 6903 1639
11797 2 2 1 1 4852 6622 2224
11798 2 2 1 1 4017 5531 1597
11799 2 2 1 1 2253 4831 4752
11800 2 2 1 1 2288 6015 5027
11801 2 2 1 1 4719 5049 686
11802 2 2 1 1 2498 6388 4753
11803 2 2 1 1 139 6487 4469
11804 2 2 1 1 1646 6118 5703
11805 2 2 1 1 6449 6738 804
11806 2 2 1 1 4500 5888 1285
11807 2 2 1 1 3970 6135 2563
11808 2 2 1 1 1514 6440 4892
11809 2 2 1 1 4189 6732 1695
11810 2 2 1 1 2199 6144 4684
11811 2 2 1 1 6707 6875 1902
11812 2 2 1 1 6431 6642 2028
11813 2 2 1 1 1216 6486 5845
11814 2 2 1 1 4768 5619 967
11815 2 2 1 1 486 6877 5493
11816 2 2 1 1 4092 6547 1469
11817 2 2 1 1 1377 5962 4167
11818 2 2 1 1 5224 6840 3264
11819 2 2 1 1 2658 6168 4950
11820 2 2 1 1 3964 5525 685
11821 2 2 1 1 3707 6060 1804
11822 2 2 1 1 4537 6866 2056
11823 2 2 1 1 2656 5114 4840
11824 2 2 1 1 740 6579 6198
11825 2 2 1 1 1865 6137 4878
11826 2 2 1 1 4469 6487 2462
11827 2 2 1 1 4489 5900 448
11828 2 2 1 1 4952 5786 1049
11829 2 2 1 1 4243 5269 1707
11830 2 2 1 1 2828 6888 5614
11831 2 2 1 1 4559 5487 1847
11832 2 2 1 1 6127 6887 3225
11833 2 2 1 1 217 6764 4
11834 2 2 1 1 4419 5449 1875
11835 2 2 1 1 4708 6041 2191
11836 2 2 1 1 1570 5663 4842
11837 2 2 1 1 2192 6657 5583
11838 2 2 1 1 4560 5901 464
11839 2 2 1 1 1347 5535 5041
11840 2 2 1 1 4223 6717 2170
11841 2 2 1 1 193 6744 192
11842 2 2 1 1 2132 6082 3774
11843 2 2 1 1 2147 5726 5504
11844 2 2 1 1 4548 6346 663
11845 2 2 1 1 5471 6392 2565
11846 2 2 1 1 4087 6701 5601
11847 2 2 1 1 4451 6448 3245
11848 2 2 1 1 4510 6592 2135
11849 2 2 1 1 2228 5917 5239
11850 2 2 1 1 1231 6147 4357
11851 2 2 1 1 1681 4550 4385
11852 2 2 1 1 4186 6910 1891
11853 2 2 1 1 3264 6840 1024
11854 2 2 1 1 1513 5231 3491
11855 2 2 1 1 2760 5622 4762
11856 2 2 1 1 2451 5786 4952
11857 2 2 1 1 2784 6908 5638
11858 2 2 1 1 3333 5892 2157
11859 2 2 1 1 5743 6022 2410
11860 2 2 1 1 5017 5809 1835
11861 2 2 1 1 2057 5229 5161
11862 2 2 1 1 5294 6803 512
11863 2 2 1 1 2450 5766 4194
11864 2 2 1 1 1730 6282 4119
11865 2 2 1 1 1766 5664 4856
11866 2 2 1 1 4288 5555 3155
11867 2 2 1 1 3377 5636 433
11868 2 2 1 1 4385 4550 584
11869 2 2 1 1 3633 6869 2101
11870 2 2 1 1 4335 6421 520
11871 2 2 1 1 1063 5911 5505
11872 2 2 1 1 1828 5364 4844
11873 2 2 1 1 2556 5817 4738
11874 2 2 1 1 2855 6731 5930
11875 2 2 1 1 2168 5942 3144
11876 2 2 1 1 2975 6054 5662
11877 2 2 1 1 2146 5736 5539
11878 2 2 1 1 5412 5469 2120
11879 2 2 1 1 5516 6149 521
11880 2 2 1 1 2035 5773 4450
11881 2 2 1 1 4427 4498 1851
11882 2 2 1 1 3522 6795 1539
11883 2 2 1 1 712 5534 4643
11884 2 2 1 1 3531 5915 1735
11885 2 2 1 1 861 6060 4743
11886 2 2 1 1 5166 6901 2320
11887 2 2 1 1 5459 6877 2370
11888 2 2 1 1 3175 5620 4588
11889 2 2 1 1 3932 5479 453
11890 2 2 1 1 3356 5758 1581
11891 2 2 1 1 3002 6066 5478
11892 2 2 1 1 373 5575 4015
11893 2 2 1 1 2141 6827 3665
11894 2 2 1 1 4811 6470 1807
11895 2 2 1 1 357 6462 3912
11896 2 2 1 1 405 6428 5862
11897 2 2 1 1 2547 5926 5812
11898 2 2 1 1 4397 5439 458
11899 2 2 1 1 840 5579 4419
11900 2 2 1 1 4187 6274 2100
11901 2 2 1 1 121 5806 4425
11902 2 2 1 1 1680 6192 4370
11903 2 2 1 1 2612 6399 5485
11904 2 2 1 1 1947 5767 4736
11905 2 2 1 1 5114 6871 1971
11906 2 2 1 1 2885 6834 6509
11907 2 2 1 1 3860 6319 1524
11908 2 2 1 1 4250 6238 1349
11909 2 2 1 1 5297 5702 2190
11910 2 2 1 1 1722 5473 5450
11911 2 2 1 1 2119 6519 4749
11912 2 2 1 1 3589 5609 1338
11913 2 2 1 1 4244 4403 1651
11914 2 2 1 1 1759 6200 3752
11915 2 2 1 1 801 6698 4513
11916 2 2 1 1 4344 6319 55
11917 2 2 1 1 4902 6073 3443
11918 2 2 1 1 3876 6780 2622
11919 2 2 1 1 5630 6442 2625
11920 2 2 1 1 3838 5568 209
11921 2 2 1 1 2568 5125 3713
11922 2 2 1 1 1943 6433 4739
11923 2 2 1 1 4054 6577 97
11924 2 2 1 1 5277 5780 1493
11925 2 2 1 1 1268 6254 3636
11926 2 2 1 1 493 5742 5070
11927 2 2 1 1 1537 6136 4822
11928 2 2 1 1 71 5574 70
11929 2 2 1 1 1839 5506 5242
11930 2 2 1 1 2196 5129 5128
11931 2 2 1 1 4098 5353 431
11932 2 2 1 1 1826 6704 4480
11933 2 2 1 1 1594 5448 4425
11934 2 2 1 1 4172 6934 416
11935 2 2 1 1 256 6311 255
11936 2 2 1 1 6134 6593 1022
11937 2 2 1 1 1621 5694 4850
11938 2 2 1 1 3028 6797 5404
11939 2 2 1 1 603 6633 4224
11940 2 2 1 1 333 5756 4149
11941 2 2 1 1 5719 5823 2268
11942 2 2 1 1 54 6319 3860
11943 2 2 1 1 365 5276 4933
11944 2 2 1 1 1724 5523 3857
11945 2 2 1 1 2656 6871 5114
11946 2 2 1 1 2067 6443 3842
11947 2 2 1 1 1641 5653 4240
11948 2 2 1 1 2253 5529 4831
11949 2 2 1 1 899 5719 5195
11950 2 2 1 1 5233 5327 1964
11951 2 2 1 1 3997 5582 358
11952 2 2 1 1 5056 6576 3547
11953 2 2 1 1 5242 5506 996
11954 2 2 1 1 3446 6432 549
11955 2 2 1 1 1801 6066 4640
11956 2 2 1 1 1048 6373 3827
11957 2 2 1 1 6179 6377 2564
11958 2 2 1 1 5307 5409 2227
11959 2 2 1 1 2011 6232 5157
11960 2 2 1 1 1626 5564 4936
11961 2 2 1 1 6142 6290 1434
11962 2 2 1 1 783 6204 4387
11963 2 2 1 1 4125 6150 531
11964 2 2 1 1 5164 5441 2285
11965 2 2 1 1 3965 5980 974
11966 2 2 1 1 525 5654 4384
11967 2 2 1 1 2347 4964 4715
11968 2 2 1 1 4029 6334 2393
11969 2 2 1 1 6121 6814 2831
11970 2 2 1 1 59 5847 58
11971 2 2 1 1 1765 5928 3779
11972 2 2 1 1 4154 6705 1198
11973 2 2 1 1 3799 6742 639
11974 2 2 1 1 1064 5632 4608
11975 2 2 1 1 5162 6543 273
11976 2 2 1 1 5050 5253 1870
11977 2 2 1 1 790 6086 3427
11978 2 2 1 1 6131 6842 3296
11979 2 2 1 1 1435 5205 4834
11980 2 2 1 1 1528 5102 3645
11981 2 2 1 1 1749 6164 5505
11982 2 2 1 1 958 6767 5093
11983 2 2 1 1 4648 5724 471
11984 2 2 1 1 1598 6125 4428
11985 2 2 1 1 5309 5418 2050
11986 2 2 1 1 4492 6639 1518
11987 2 2 1 1 4108 5125 1613
11988 2 2 1 1 1125 6253 5508
11989 2 2 1 1 3797 6147 1231
11990 2 2 1 1 5443 5820 2107
11991 2 2 1 1 4708 6023 227
11992 2 2 1 1 4723 5732 2873
11993 2 2 1 1 3958 6299 1855
11994 2 2 1 1 1723 6448 4100
11995 2 2 1 1 2760 6904 5622
11996 2 2 1 1 1125 5508 3339
11997 2 2 1 1 73 6751 6302
11998 2 2 1 1 4192 5717 1796
11999 2 2 1 1 1768 6523 3578
12000 2 2 1 1 3803 6037 1747
12001 2 2 1 1 3910 5647 1313
12002 2 2 1 1 4448 6157 1397
12003 2 2 1 1 1353 5795 3955
12004 2 2 1 1 5039 5461 1787
12005 2 2 1 1 2049 6933 3998
12006 2 2 1 1 2064 6216 5600
12007 2 2 1 1 5828 6327 1712
12008 2 2 1 1 4384 5654 2974
12009 2 2 1 1 1156 6567 3606
12010 2 2 1 1 5954 6533 2208
12011 2 2 1 1 4113 5591 1579
12012 2 2 1 1 5190 5449 352
12013 2 2 1 1 4064 5319 1358
12014 2 2 1 1 3672 5613 1568
12015 2 2 1 1 4831 5529 1811
12016 2 2 1 1 1136 6721 3967
12017 2 2 1 1 4273 6052 499
12018 2 2 1 1 1971 5628 5079
12019 2 2 1 1 5585 6719 947
12020 2 2 1 1 3921 6093 1551
12021 2 2 1 1 4256 5353 1442
12022 2 2 1 1 4428 6326 1014
12023 2 2 1 1 4407 6565 2010
12024 2 2 1 1 2575 6592 4510
12025 2 2 1 1 404 6708 5113
12026 2 2 1 1 4645 6072 2161
12027 2 2 1 1 448 5900 4675
12028 2 2 1 1 4358 6603 2791
12029 2 2 1 1 118 6894 117
12030 2 2 1 1 1875 5449 5190
12031 2 2 1 1 4281 5847 59
12032 2 2 1 1 1949 5911 4353
12033 2 2 1 1 6728 6773 3403
12034 2 2 1 1 258 6388 257
12035 2 2 1 1 4647 6549 343
12036 2 2 1 1 4983 6646 1901
12037 2 2 1 1 3959 6132 730
12038 2 2 1 1 2725 5938 5426
12039 2 2 1 1 3426 6633 603
12040 2 2 1 1 5845 6486 2904
12041 2 2 1 1 752 5261 4004
12042 2 2 1 1 391 5946 4032
12043 2 2 1 1 628 5328 3508
12044 2 2 1 1 4689 5536 1840
12045 2 2 1 1 3912 6462 1850
12046 2 2 1 1 1444 6654 3891
12047 2 2 1 1 5169 5272 1540
12048 2 2 1 1 901 6328 5725
12049 2 2 1 1 1670 6001 4376
12050 2 2 1 1 387 6515 5741
12051 2 2 1 1 3645 6700 2194
12052 2 2 1 1 3924 5401 1811
12053 2 2 1 1 5480 6490 2601
12054 2 2 1 1 5227 5808 2377
12055 2 2 1 1 1396 5204 4068
12056 2 2 1 1 1728 5480 5355
12057 2 2 1 1 227 6023 226
12058 2 2 1 1 3433 5889 4516
12059 2 2 1 1 1961 5272 5169
12060 2 2 1 1 1951 6313 4522
12061 2 2 1 1 1221 6494 4545
12062 2 2 1 1 6617 6688 1026
12063 2 2 1 1 4480 5301 1826
12064 2 2 1 1 4811 5615 2213
12065 2 2 1 1 419 6594 6239
12066 2 2 1 1 2100 6020 5077
12067 2 2 1 1 4021 6806 764
12068 2 2 1 1 1684 6090 3121
12069 2 2 1 1 4726 5221 2013
12070 2 2 1 1 1588 5146 4694
12071 2 2 1 1 431 5353 4256
12072 2 2 1 1 4313 5458 747
12073 2 2 1 1 609 5918 4157
12074 2 2 1 1 1739 5831 4398
12075 2 2 1 1 723 6864 4016
12076 2 2 1 1 1975 5674 4680
12077 2 2 1 1 4240 5653 681
12078 2 2 1 1 4640 6066 382
12079 2 2 1 1 1679 6772 4567
12080 2 2 1 1 5951 6929 2423
12081 2 2 1 1 2114 5913 3670
12082 2 2 1 1 1716 5714 4818
12083 2 2 1 1 2222 5956 5025
12084 2 2 1 1 3748 6269 782
12085 2 2 1 1 708 5135 5052
12086 2 2 1 1 4978 6153 2063
12087 2 2 1 1 4016 5203 723
12088 2 2 1 1 6207 6208 1845
12089 2 2 1 1 5355 5480 2601
12090 2 2 1 1 759 5613 4617
12091 2 2 1 1 3921 6672 459
12092 2 2 1 1 1506 5360 4374
12093 2 2 1 1 1105 6865 4340
12094 2 2 1 1 479 6274 4187
12095 2 2 1 1 2021 6689 5106
12096 2 2 1 1 3072 6922 6291
12097 2 2 1 1 3951 6652 1257
12098 2 2 1 1 4697 6692 2018
12099 2 2 1 1 1538 6172 4867
12100 2 2 1 1 5269 5570 1707
12101 2 2 1 1 4225 5473 1722
12102 2 2 1 1 1546 5165 4574
12103 2 2 1 1 2085 5788 5313
12104 2 2 1 1 4516 5889 818
12105 2 2 1 1 2318 6458 5619
12106 2 2 1 1 2221 5579 5075
12107 2 2 1 1 4209 6751 74
12108 2 2 1 1 1139 6009 3564
12109 2 2 1 1 5812 5926 360
12110 2 2 1 1 4522 6313 1016
12111 2 2 1 1 2180 5461 5039
12112 2 2 1 1 4588 5620 510
12113 2 2 1 1 5629 6884 2752
12114 2 2 1 1 2273 5515 5107
12115 2 2 1 1 5098 5764 1315
12116 2 2 1 1 5703 6118 2456
12117 2 2 1 1 5297 5800 2156
12118 2 2 1 1 1915 6011 3711
12119 2 2 1 1 663 5310 4548
12120 2 2 1 1 424 5331 4365
12121 2 2 1 1 4648 5581 1488
12122 2 2 1 1 5498 6182 432
12123 2 2 1 1 4649 5262 1733
12124 2 2 1 1 5253 6505 2476
12125 2 2 1 1 4443 5008 813
12126 2 2 1 1 804 5616 4900
12127 2 2 1 1 4361 5245 1928
12128 2 2 1 1 1501 5588 5154
12129 2 2 1 1 5107 5515 796
12130 2 2 1 1 6323 6734 1770
12131 2 2 1 1 1997 6659 4237
12132 2 2 1 1 1560 5859 3812
12133 2 2 1 1 5317 5815 3239
12134 2 2 1 1 1741 5319 4064
12135 2 2 1 1 4255 6848 1416
12136 2 2 1 1 5436 6232 2011
12137 2 2 1 1 2668 5858 4786
12138 2 2 1 1 5698 6032 682
12139 2 2 1 1 2511 6417 5875
12140 2 2 1 1 4160 6470 3495
12141 2 2 1 1 2594 6544 5227
12142 2 2 1 1 1693 6825 3798
12143 2 2 1 1 5128 5129 2125
12144 2 2 1 1 100 5375 99
12145 2 2 1 1 3508 5328 1431
12146 2 2 1 1 4776 5970 1713
12147 2 2 1 1 3810 6840 1760
12148 2 2 1 1 1729 6411 3995
12149 2 2 1 1 4039 5684 1833
12150 2 2 1 1 714 6585 3898
12151 2 2 1 1 2544 6046 4607
12152 2 2 1 1 2050 6711 5968
12153 2 2 1 1 2850 5714 5631
12154 2 2 1 1 5681 5812 360
12155 2 2 1 1 4284 5955 1740
12156 2 2 1 1 1364 6049 4127
12157 2 2 1 1 4711 6095 1750
12158 2 2 1 1 2266 5417 4879
12159 2 2 1 1 4545 6494 1989
12160 2 2 1 1 3795 6678 1366
12161 2 2 1 1 2039 6748 5804
12162 2 2 1 1 2474 6000 3690
12163 2 2 1 1 5368 6550 1061
12164 2 2 1 1 3988 5617 403
12165 2 2 1 1 913 6563 4478
12166 2 2 1 1 4331 5399 2617
12167 2 2 1 1 4392 6174 1899
12168 2 2 1 1 4032 6869 1275
12169 2 2 1 1 2156 6430 4178
12170 2 2 1 1 2213 5615 4942
12171 2 2 1 1 1855 6299 3689
12172 2 2 1 1 4298 5857 1512
12173 2 2 1 1 709 6630 3803
12174 2 2 1 1 5540 6815 741
12175 2 2 1 1 4804 6532 1571
12176 2 2 1 1 1571 6532 4745
12177 2 2 1 1 2177 6442 4835
12178 2 2 1 1 4260 5730 2426
12179 2 2 1 1 2061 5607 5195
12180 2 2 1 1 1445 5073 4364
12181 2 2 1 1 74 6751 73
12182 2 2 1 1 4691 6035 623
12183 2 2 1 1 4787 6849 959
12184 2 2 1 1 4742 5327 1920
12185 2 2 1 1 4818 5714 973
12186 2 2 1 1 4216 6505 252
12187 2 2 1 1 4553 5958 2282
12188 2 2 1 1 5585 6553 2745
12189 2 2 1 1 1260 6121 4402
12190 2 2 1 1 1197 6706 3843
12191 2 2 1 1 747 5458 4672
12192 2 2 1 1 3562 6161 545
12193 2 2 1 1 4553 6411 1729
12194 2 2 1 1 985 5750 4827
12195 2 2 1 1 62 5829 61
12196 2 2 1 1 5813 6271 2658
12197 2 2 1 1 1620 6537 5036
12198 2 2 1 1 737 5704 4552
12199 2 2 1 1 469 6850 6113
12200 2 2 1 1 1850 6896 5254
12201 2 2 1 1 2512 6594 4163
12202 2 2 1 1 5754 6653 1829
12203 2 2 1 1 2994 6412 5855
12204 2 2 1 1 4222 5091 1926
12205 2 2 1 1 246 5884 245
12206 2 2 1 1 5749 6783 1956
12207 2 2 1 1 5150 5653 1641
12208 2 2 1 1 3212 6875 6707
12209 2 2 1 1 3889 6833 413
12210 2 2 1 1 1741 5456 5319
12211 2 2 1 1 2318 6397 5187
12212 2 2 1 1 5214 5620 1532
12213 2 2 1 1 680 5754 4238
12214 2 2 1 1 6252 6477 758
12215 2 2 1 1 1451 5816 4505
12216 2 2 1 1 128 5661 3709
12217 2 2 1 1 603 6367 4843
12218 2 2 1 1 3900 5114 1971
12219 2 2 1 1 1768 6855 3336
12220 2 2 1 1 4660 5751 1652
12221 2 2 1 1 1494 6742 3799
12222 2 2 1 1 403 5617 4189
12223 2 2 1 1 4369 5794 1904
12224 2 2 1 1 2554 6664 6083
12225 2 2 1 1 2392 6311 4547
12226 2 2 1 1 4792 5178 2267
12227 2 2 1 1 2142 6342 6266
12228 2 2 1 1 822 5541 4562
12229 2 2 1 1 4380 5981 534
12230 2 2 1 1 1571 5843 4015
12231 2 2 1 1 1821 6731 4641
12232 2 2 1 1 1604 5307 3690
12233 2 2 1 1 4908 5422 1962
12234 2 2 1 1 981 6739 4885
12235 2 2 1 1 4663 6228 1866
12236 2 2 1 1 4707 5594 1942
12237 2 2 1 1 4435 6301 2209
12238 2 2 1 1 2111 5259 5258
12239 2 2 1 1 4296 5669 1549
12240 2 2 1 1 5258 5259 2112
12241 2 2 1 1 5855 6412 1234
12242 2 2 1 1 1847 5955 4284
12243 2 2 1 1 6179 6937 1977
12244 2 2 1 1 4398 5796 1739
12245 2 2 1 1 5724 6159 471
12246 2 2 1 1 1934 6654 4146
12247 2 2 1 1 4105 5668 2304
12248 2 2 1 1 4466 6761 1509
12249 2 2 1 1 415 6422 4319
12250 2 2 1 1 4351 6284 2244
12251 2 2 1 1 4358 5887 1585
12252 2 2 1 1 3867 6602 652
12253 2 2 1 1 1783 6601 6240
12254 2 2 1 1 1061 6550 5842
12255 2 2 1 1 4119 6282 543
12256 2 2 1 1 1840 5536 4183
12257 2 2 1 1 4178 6430 514
12258 2 2 1 1 4107 6031 736
12259 2 2 1 1 3336 6523 1768
12260 2 2 1 1 5897 6076 778
12261 2 2 1 1 5430 6901 474
12262 2 2 1 1 2449 6149 3714
12263 2 2 1 1 3650 6357 2610
12264 2 2 1 1 1925 5555 4288
12265 2 2 1 1 4959 5293 2182
12266 2 2 1 1 2111 5605 5288
12267 2 2 1 1 4683 6770 622
12268 2 2 1 1 4504 4848 1837
12269 2 2 1 1 788 6148 5748
12270 2 2 1 1 4716 6735 2149
12271 2 2 1 1 1889 6171 6151
12272 2 2 1 1 3873 5510 1526
12273 2 2 1 1 1003 5441 5164
12274 2 2 1 1 3900 6445 438
12275 2 2 1 1 4370 6263 1680
12276 2 2 1 1 4975 6272 2019
12277 2 2 1 1 1551 6672 3921
12278 2 2 1 1 5346 5871 874
12279 2 2 1 1 5340 5886 2937
12280 2 2 1 1 4204 5409 1604
12281 2 2 1 1 5111 6251 2326
12282 2 2 1 1 5043 6540 1111
12283 2 2 1 1 2107 6452 5442
12284 2 2 1 1 5813 6025 1643
12285 2 2 1 1 3454 6003 4518
12286 2 2 1 1 4840 6772 1679
12287 2 2 1 1 2459 6070 4922
12288 2 2 1 1 1980 5956 5678
12289 2 2 1 1 4014 5584 872
12290 2 2 1 1 2351 6815 5540
12291 2 2 1 1 1383 5411 4583
12292 2 2 1 1 1944 6326 4428
12293 2 2 1 1 696 4634 3862
12294 2 2 1 1 1771 5815 5317
12295 2 2 1 1 5485 6399 925
12296 2 2 1 1 4480 6704 900
12297 2 2 1 1 4442 5285 926
12298 2 2 1 1 2147 5695 5014
12299 2 2 1 1 884 6383 6000
12300 2 2 1 1 2208 6782 5841
12301 2 2 1 1 6102 6854 2024
12302 2 2 1 1 4741 5571 735
12303 2 2 1 1 4386 6860 1953
12304 2 2 1 1 5161 5229 2145
12305 2 2 1 1 1214 6619 4450
12306 2 2 1 1 1839 5871 5720
12307 2 2 1 1 5647 5936 1999
12308 2 2 1 1 4895 6151 856
12309 2 2 1 1 5063 5193 1374
12310 2 2 1 1 4715 4964 1504
12311 2 2 1 1 3208 6554 4200
12312 2 2 1 1 4620 6804 1053
12313 2 2 1 1 2253 6241 5529
12314 2 2 1 1 816 5524 5315
12315 2 2 1 1 4720 6786 1060
12316 2 2 1 1 736 6031 4208
12317 2 2 1 1 5195 5719 2268
12318 2 2 1 1 1587 5344 4447
12319 2 2 1 1 116 5830 115
12320 2 2 1 1 2343 6662 5677
12321 2 2 1 1 912 6544 4152
12322 2 2 1 1 5004 5249 740
12323 2 2 1 1 4547 6388 2498
12324 2 2 1 1 2519 6383 4634
12325 2 2 1 1 2266 6814 6121
12326 2 2 1 1 6519 6747 2303
12327 2 2 1 1 922 6572 4663
12328 2 2 1 1 5631 5714 1716
12329 2 2 1 1 5223 5726 2147
12330 2 2 1 1 906 6811 5776
12331 2 2 1 1 5060 5953 2101
12332 2 2 1 1 4517 5780 356
12333 2 2 1 1 3398 6662 2343
12334 2 2 1 1 407 6891 4616
12335 2 2 1 1 122 5806 121
12336 2 2 1 1 6400 6512 2684
12337 2 2 1 1 417 6931 4066
12338 2 2 1 1 1602 6040 5265
12339 2 2 1 1 4264 5763 1780
12340 2 2 1 1 5221 6606 2013
12341 2 2 1 1 3907 6664 741
12342 2 2 1 1 4063 6651 1511
12343 2 2 1 1 5675 5755 2172
12344 2 2 1 1 1498 5380 5027
12345 2 2 1 1 4842 5145 1669
12346 2 2 1 1 5077 6020 1093
12347 2 2 1 1 2423 6929 4388
12348 2 2 1 1 252 6505 251
12349 2 2 1 1 4774 6527 1087
12350 2 2 1 1 6224 6937 2661
12351 2 2 1 1 5052 5135 1690
12352 2 2 1 1 2328 6267 4474
12353 2 2 1 1 1785 5439 4397
12354 2 2 1 1 1387 5690 4592
12355 2 2 1 1 1966 6339 4153
12356 2 2 1 1 4593 5813 1643
12357 2 2 1 1 5690 5727 1762
12358 2 2 1 1 2478 6837 4412
12359 2 2 1 1 4693 6828 2036
12360 2 2 1 1 1962 6512 6400
12361 2 2 1 1 4909 6821 1926
12362 2 2 1 1 678 6490 5480
12363 2 2 1 1 3479 6122 1497
12364 2 2 1 1 67 5624 5224
12365 2 2 1 1 2870 6353 3836
12366 2 2 1 1 688 6077 4738
12367 2 2 1 1 3997 6238 5582
12368 2 2 1 1 5251 6877 486
12369 2 2 1 1 718 5365 5364
12370 2 2 1 1 2075 6636 4529
12371 2 2 1 1 4564 6413 1650
12372 2 2 1 1 1492 6013 5988
12373 2 2 1 1 2317 6498 4619
12374 2 2 1 1 1584 6582 4890
12375 2 2 1 1 1809 5223 5014
12376 2 2 1 1 3982 6634 1321
12377 2 2 1 1 290 6620 289
12378 2 2 1 1 4700 6856 1774
12379 2 2 1 1 2466 6441 5469
12380 2 2 1 1 5334 6792 2552
12381 2 2 1 1 3115 6858 4577
12382 2 2 1 1 2046 5823 5719
12383 2 2 1 1 792 6599 4662
12384 2 2 1 1 5853 6370 350
12385 2 2 1 1 5450 5473 666
12386 2 2 1 1 2137 5820 5443
12387 2 2 1 1 383 6929 5951
12388 2 2 1 1 3758 6795 509
12389 2 2 1 1 1870 6806 4021
12390 2 2 1 1 5202 5649 1719
12391 2 2 1 1 2073 5158 4888
12392 2 2 1 1 4172 6356 1369
12393 2 2 1 1 795 6196 6187
12394 2 2 1 1 5509 6176 364
12395 2 2 1 1 4441 6200 1759
12396 2 2 1 1 4388 6929 3428
12397 2 2 1 1 4345 5646 1536
12398 2 2 1 1 3862 4634 1674
12399 2 2 1 1 4463 6124 1483
12400 2 2 1 1 3796 6293 2102
12401 2 2 1 1 880 6564 6002
12402 2 2 1 1 6426 6866 3015
12403 2 2 1 1 881 5956 4851
12404 2 2 1 1 2184 5890 5695
12405 2 2 1 1 4190 5302 781
12406 2 2 1 1 4791 5403 1579
12407 2 2 1 1 2466 6117 4765
12408 2 2 1 1 842 6808 3812
12409 2 2 1 1 1425 5921 4140
12410 2 2 1 1 4068 5204 1580
12411 2 2 1 1 4161 5742 2069
12412 2 2 1 1 4087 5601 377
12413 2 2 1 1 4729 6788 1727
12414 2 2 1 1 2797 6674 4865
12415 2 2 1 1 1456 6866 4537
12416 2 2 1 1 6076 6667 2130
12417 2 2 1 1 1807 6470 4160
12418 2 2 1 1 5581 6785 2283
12419 2 2 1 1 5319 5456 2281
12420 2 2 1 1 5070 5742 2040
12421 2 2 1 1 4368 5121 2106
12422 2 2 1 1 4135 6615 1639
12423 2 2 1 1 2010 6190 4407
12424 2 2 1 1 701 5836 4155
12425 2 2 1 1 2321 5878 5553
12426 2 2 1 1 5548 5549 1949
12427 2 2 1 1 699 5218 5083
12428 2 2 1 1 6275 6624 1098
12429 2 2 1 1 726 5270 3529
12430 2 2 1 1 720 4848 4504
12431 2 2 1 1 5630 6381 457
12432 2 2 1 1 5264 5482 1415
12433 2 2 1 1 1907 6925 4503
12434 2 2 1 1 2100 6655 4187
12435 2 2 1 1 1795 5599 3926
12436 2 2 1 1 2110 6340 4990
12437 2 2 1 1 1707 5761 4903
12438 2 2 1 1 921 6691 6267
12439 2 2 1 1 4498 5993 1851
12440 2 2 1 1 1832 6064 5308
12441 2 2 1 1 2020 6086 5226
12442 2 2 1 1 2065 6889 6202
12443 2 2 1 1 4321 6715 1986
12444 2 2 1 1 6019 6108 1010
12445 2 2 1 1 2022 5777 5556
12446 2 2 1 1 502 5798 5245
12447 2 2 1 1 859 6216 5761
12448 2 2 1 1 1400 6154 4590
12449 2 2 1 1 797 6180 5222
12450 2 2 1 1 5741 6515 2605
12451 2 2 1 1 2261 6337 4567
12452 2 2 1 1 4567 6337 2729
12453 2 2 1 1 5622 6904 1302
12454 2 2 1 1 4065 5279 1522
12455 2 2 1 1 1590 6228 4663
12456 2 2 1 1 2048 6513 6392
12457 2 2 1 1 1584 5221 4726
12458 2 2 1 1 4152 5986 1675
12459 2 2 1 1 4935 5421 754
12460 2 2 1 1 5260 5647 1999
12461 2 2 1 1 2322 5812 5681
12462 2 2 1 1 1863 6542 4561
12463 2 2 1 1 3089 6035 4691
12464 2 2 1 1 999 6884 4867
12465 2 2 1 1 2210 6363 5084
12466 2 2 1 1 2224 6863 4893
12467 2 2 1 1 5099 5685 1729
12468 2 2 1 1 4448 6101 2094
12469 2 2 1 1 5504 5726 2258
12470 2 2 1 1 4636 6155 2037
12471 2 2 1 1 516 5394 5350
12472 2 2 1 1 510 5620 5214
12473 2 2 1 1 4606 5509 1662
12474 2 2 1 1 612 6378 4109
12475 2 2 1 1 2200 6540 5043
12476 2 2 1 1 5075 5579 840
12477 2 2 1 1 1920 5327 5233
12478 2 2 1 1 1145 6893 5740
12479 2 2 1 1 81 6011 80
12480 2 2 1 1 3926 5599 1316
12481 2 2 1 1 2403 6773 6728
12482 2 2 1 1 4552 5704 1638
12483 2 2 1 1 5402 6419 1442
12484 2 2 1 1 2283 6528 5581
12485 2 2 1 1 2973 6108 6019
12486 2 2 1 1 5423 6338 2542
12487 2 2 1 1 4357 6147 2080
12488 2 2 1 1 6012 6287 1925
12489 2 2 1 1 1827 5646 4345
12490 2 2 1 1 1965 6641 3612
12491 2 2 1 1 883 6774 4092
12492 2 2 1 1 5128 5273 2196
12493 2 2 1 1 2274 6883 4603
12494 2 2 1 1 5919 6713 2672
12495 2 2 1 1 1914 5749 5490
12496 2 2 1 1 2844 6791 6614
12497 2 2 1 1 747 6231 4313
12498 2 2 1 1 1369 6356 4123
12499 2 2 1 1 4567 6772 2261
12500 2 2 1 1 4832 5664 1766
12501 2 2 1 1 2475 6550 5368
12502 2 2 1 1 388 6857 5519
12503 2 2 1 1 4595 5456 1741
12504 2 2 1 1 146 5963 145
12505 2 2 1 1 4840 5114 438
12506 2 2 1 1 4913 6798 2070
12507 2 2 1 1 2704 6820 6193
12508 2 2 1 1 41 5898 4722
12509 2 2 1 1 6677 6883 2274
12510 2 2 1 1 725 6021 5658
12511 2 2 1 1 4736 5767 705
12512 2 2 1 1 2029 6936 3786
12513 2 2 1 1 2202 6767 5497
12514 2 2 1 1 1087 6527 5600
12515 2 2 1 1 4698 6762 750
12516 2 2 1 1 2093 6808 3710
12517 2 2 1 1 1604 5409 5307
12518 2 2 1 1 6187 6196 2365
12519 2 2 1 1 5658 6021 3560
12520 2 2 1 1 1876 5732 4723
12521 2 2 1 1 530 6099 5014
12522 2 2 1 1 1474 6484 5237
12523 2 2 1 1 145 5963 4111
12524 2 2 1 1 3612 6641 779
12525 2 2 1 1 4851 5956 1980
12526 2 2 1 1 2236 5462 5022
12527 2 2 1 1 2441 6048 5989
12528 2 2 1 1 4694 5683 2243
12529 2 2 1 1 2447 6396 5510
12530 2 2 1 1 1621 6081 5694
12531 2 2 1 1 3714 6149 2292
12532 2 2 1 1 5207 5825 2432
12533 2 2 1 1 1701 6414 5376
12534 2 2 1 1 277 6697 276
12535 2 2 1 1 2103 5228 4387
12536 2 2 1 1 1343 6114 5775
12537 2 2 1 1 4149 5756 1718
12538 2 2 1 1 2040 5742 4161
12539 2 2 1 1 5841 5954 2208
12540 2 2 1 1 5053 5820 739
12541 2 2 1 1 535 6600 4437
12542 2 2 1 1 3444 6228 5484
12543 2 2 1 1 3962 6810 2104
12544 2 2 1 1 3721 5915 656
12545 2 2 1 1 299 6502 298
12546 2 2 1 1 1731 5179 4938
12547 2 2 1 1 1507 6798 4913
12548 2 2 1 1 4477 6372 430
12549 2 2 1 1 4989 6526 1668
12550 2 2 1 1 3872 6670 497
12551 2 2 1 1 3134 6318 6292
12552 2 2 1 1 2330 6409 5725
12553 2 2 1 1 5202 5783 855
12554 2 2 1 1 6071 6417 2511
12555 2 2 1 1 4568 5523 1724
12556 2 2 1 1 5195 5607 899
12557 2 2 1 1 5581 6528 1488
12558 2 2 1 1 3439 6276 1763
12559 2 2 1 1 5572 6382 2684
12560 2 2 1 1 1764 6275 4171
12561 2 2 1 1 938 5610 4904
12562 2 2 1 1 4990 6340 352
12563 2 2 1 1 2017 5825 5207
12564 2 2 1 1 1478 6200 4441
12565 2 2 1 1 3425 6373 1048
12566 2 2 1 1 5507 6675 3438
12567 2 2 1 1 4891 5710 1936
12568 2 2 1 1 2301 6784 5408
12569 2 2 1 1 460 6410 4376
12570 2 2 1 1 4429 6483 2529
12571 2 2 1 1 1131 6470 4811
12572 2 2 1 1 2403 6728 5322
12573 2 2 1 1 4825 6106 3001
12574 2 2 1 1 2223 6207 5349
12575 2 2 1 1 2785 6785 5581
12576 2 2 1 1 5115 5428 2075
12577 2 2 1 1 2971 6438 4233
12578 2 2 1 1 5288 5605 1900
12579 2 2 1 1 547 6272 4975
12580 2 2 1 1 4680 5674 1500
12581 2 2 1 1 877 6787 5685
12582 2 2 1 1 931 6773 5330
12583 2 2 1 1 2865 5482 5264
12584 2 2 1 1 5274 6433 1943
12585 2 2 1 1 6005 6876 359
12586 2 2 1 1 461 5469 5412
12587 2 2 1 1 5529 6241 1005
12588 2 2 1 1 6276 6791 2846
12589 2 2 1 1 5330 6773 2403
12590 2 2 1 1 6193 6820 1849
12591 2 2 1 1 4637 5858 1592
12592 2 2 1 1 5891 5936 2608
12593 2 2 1 1 5376 6171 1701
12594 2 2 1 1 4879 5417 1554
12595 2 2 1 1 5151 5990 817
12596 2 2 1 1 4720 5152 1868
12597 2 2 1 1 4393 6774 883
12598 2 2 1 1 5867 6868 2431
12599 2 2 1 1 5678 5956 2222
12600 2 2 1 1 5842 6550 2443
12601 2 2 1 1 4607 6046 1860
12602 2 2 1 1 4561 6542 1914
12603 2 2 1 1 5785 6455 391
12604 2 2 1 1 2130 6727 6628
12605 2 2 1 1 5540 6664 2554
12606 2 2 1 1 2237 6111 5236
12607 2 2 1 1 2782 6819 4671
12608 2 2 1 1 3926 6027 1795
12609 2 2 1 1 5074 6242 3046
12610 2 2 1 1 2256 5541 5363
12611 2 2 1 1 1300 6448 4451
12612 2 2 1 1 5387 5405 3123
12613 2 2 1 1 5376 6414 2650
12614 2 2 1 1 2792 6648 5390
12615 2 2 1 1 1403 5799 4635
12616 2 2 1 1 4843 6367 2116
12617 2 2 1 1 6302 6751 3411
12618 2 2 1 1 2429 6548 6236
12619 2 2 1 1 4727 6528 2283
12620 2 2 1 1 5002 6099 2346
12621 2 2 1 1 735 5327 4742
12622 2 2 1 1 97 6577 96
12623 2 2 1 1 1844 6508 4320
12624 2 2 1 1 676 6160 4942
12625 2 2 1 1 1536 5646 3908
12626 2 2 1 1 685 6675 5507
12627 2 2 1 1 942 6258 5504
12628 2 2 1 1 4389 6070 1527
12629 2 2 1 1 4905 5903 721
12630 2 2 1 1 1298 6257 4069
12631 2 2 1 1 3804 6525 893
12632 2 2 1 1 5519 6857 2438
12633 2 2 1 1 1439 5684 4039
12634 2 2 1 1 4464 6917 564
12635 2 2 1 1 4661 6358 2433
12636 2 2 1 1 5315 5524 1810
12637 2 2 1 1 4225 6555 791
12638 2 2 1 1 651 5401 3924
12639 2 2 1 1 4437 6600 2056
12640 2 2 1 1 863 6711 5418
12641 2 2 1 1 3798 6825 956
12642 2 2 1 1 750 6762 5272
12643 2 2 1 1 4670 6915 3737
12644 2 2 1 1 358 5666 3997
12645 2 2 1 1 140 6487 139
12646 2 2 1 1 328 6856 4700
12647 2 2 1 1 4131 6383 884
12648 2 2 1 1 2950 6051 4367
12649 2 2 1 1 1488 6528 4318
12650 2 2 1 1 5350 5394 2159
12651 2 2 1 1 2134 6713 5919
12652 2 2 1 1 2247 6539 5184
12653 2 2 1 1 1939 6479 4144
12654 2 2 1 1 2619 6375 5149
12655 2 2 1 1 2062 6159 5724
12656 2 2 1 1 3419 6536 1869
12657 2 2 1 1 3846 6882 2011
12658 2 2 1 1 723 6436 4315
12659 2 2 1 1 3860 5839 2152
12660 2 2 1 1 5322 6728 1573
12661 2 2 1 1 131 6676 130
12662 2 2 1 1 2139 5686 5367
12663 2 2 1 1 2291 6372 4477
12664 2 2 1 1 4529 6636 972
12665 2 2 1 1 1778 6356 4172
12666 2 2 1 1 2111 5288 5259
12667 2 2 1 1 798 6125 4985
12668 2 2 1 1 5199 5733 702
12669 2 2 1 1 4639 5295 775
12670 2 2 1 1 4191 6309 787
12671 2 2 1 1 392 5933 5081
12672 2 2 1 1 2517 6141 5452
12673 2 2 1 1 2098 6813 4999
12674 2 2 1 1 4247 5446 434
12675 2 2 1 1 5452 6141 556
12676 2 2 1 1 1979 6637 4016
12677 2 2 1 1 6072 6901 2161
12678 2 2 1 1 1981 5887 4155
12679 2 2 1 1 1943 6279 5274
12680 2 2 1 1 2625 6809 5876
12681 2 2 1 1 3709 5661 1672
12682 2 2 1 1 5721 5776 2640
12683 2 2 1 1 2445 6455 5785
12684 2 2 1 1 5484 6228 1590
12685 2 2 1 1 4379 6199 798
12686 2 2 1 1 1754 6892 4872
12687 2 2 1 1 1805 6771 4188
12688 2 2 1 1 4111 5963 2052
12689 2 2 1 1 1559 6788 4729
12690 2 2 1 1 1591 6054 5361
12691 2 2 1 1 5041 5535 2720
12692 2 2 1 1 4492 6160 676
12693 2 2 1 1 973 6735 4716
12694 2 2 1 1 5349 6207 1845
12695 2 2 1 1 1293 6627 3946
12696 2 2 1 1 4953 6130 2986
12697 2 2 1 1 2795 5494 5212
12698 2 2 1 1 4497 6219 1756
12699 2 2 1 1 2070 6252 4913
12700 2 2 1 1 4186 6902 1879
12701 2 2 1 1 4871 6187 1773
12702 2 2 1 1 4513 6698 1745
12703 2 2 1 1 4659 4925 802
12704 2 2 1 1 2681 6341 5078
12705 2 2 1 1 5492 6305 1742
12706 2 2 1 1 3873 5865 994
12707 2 2 1 1 1458 5794 4369
12708 2 2 1 1 1145 6626 6017
12709 2 2 1 1 1677 5980 3965
12710 2 2 1 1 4812 5378 1517
12711 2 2 1 1 1661 6321 4787
12712 2 2 1 1 668 5145 4842
12713 2 2 1 1 5731 6542 1863
12714 2 2 1 1 1234 6412 5652
12715 2 2 1 1 2052 6755 4111
12716 2 2 1 1 2095 6693 4353
12717 2 2 1 1 1782 6638 5542
12718 2 2 1 1 6014 6053 1324
12719 2 2 1 1 6225 6226 2293
12720 2 2 1 1 5669 6478 3051
12721 2 2 1 1 1935 6804 4620
12722 2 2 1 1 2648 6724 6595
12723 2 2 1 1 5200 6710 2509
12724 2 2 1 1 1908 6199 4379
12725 2 2 1 1 5328 6464 1431
12726 2 2 1 1 2520 6883 6677
12727 2 2 1 1 2747 6344 4608
12728 2 2 1 1 5390 6648 1787
12729 2 2 1 1 4714 6685 101
12730 2 2 1 1 6337 6924 2729
12731 2 2 1 1 5057 6264 3732
12732 2 2 1 1 2320 6072 5999
12733 2 2 1 1 3893 6701 1426
12734 2 2 1 1 887 6747 5974
12735 2 2 1 1 3436 5193 5063
12736 2 2 1 1 3429 6656 4388
12737 2 2 1 1 3782 6805 1433
12738 2 2 1 1 5272 6762 1540
12739 2 2 1 1 1373 5967 4095
12740 2 2 1 1 6667 6727 2130
12741 2 2 1 1 4547 6935 2392
12742 2 2 1 1 1774 6856 6369
12743 2 2 1 1 438 5114 3900
12744 2 2 1 1 1925 6404 6012
12745 2 2 1 1 4773 6589 664
12746 2 2 1 1 761 6631 4651
12747 2 2 1 1 2794 6533 5954
12748 2 2 1 1 2144 5527 4483
12749 2 2 1 1 665 6122 3479
12750 2 2 1 1 2328 5929 5756
12751 2 2 1 1 2275 6076 5897
12752 2 2 1 1 4820 5443 1391
12753 2 2 1 1 459 6511 4510
12754 2 2 1 1 5454 6688 2504
12755 2 2 1 1 1524 6319 4344
12756 2 2 1 1 748 6130 4953
12757 2 2 1 1 446 5781 5487
12758 2 2 1 1 4629 5814 966
12759 2 2 1 1 4946 5292 1437
12760 2 2 1 1 395 5755 4650
12761 2 2 1 1 4838 5931 813
12762 2 2 1 1 567 6566 5299
12763 2 2 1 1 5725 6328 2330
12764 2 2 1 1 5359 5462 2236
12765 2 2 1 1 4220 6481 3331
12766 2 2 1 1 5132 5878 2321
12767 2 2 1 1 2600 5733 5199
12768 2 2 1 1 2099 6716 4452
12769 2 2 1 1 4417 5881 2515
12770 2 2 1 1 2201 6922 4045
12771 2 2 1 1 4079 6480 377
12772 2 2 1 1 5553 5878 2297
12773 2 2 1 1 3072 6291 4883
12774 2 2 1 1 6265 6835 2655
12775 2 2 1 1 2081 6079 5982
12776 2 2 1 1 1942 6718 4707
12777 2 2 1 1 2148 6724 6702
12778 2 2 1 1 4607 6262 267
12779 2 2 1 1 5259 5288 936
12780 2 2 1 1 4612 6602 1680
12781 2 2 1 1 2220 6023 4708
12782 2 2 1 1 2817 6234 6033
12783 2 2 1 1 1701 6171 4573
12784 2 2 1 1 4651 6775 761
12785 2 2 1 1 4685 5978 2025
12786 2 2 1 1 2418 6767 5312
12787 2 2 1 1 475 6695 4969
12788 2 2 1 1 694 5997 3891
12789 2 2 1 1 5222 6180 2035
12790 2 2 1 1 2178 5447 5085
12791 2 2 1 1 4388 6656 2423
12792 2 2 1 1 1688 6524 4940
12793 2 2 1 1 4751 6090 608
12794 2 2 1 1 2224 6622 5481
12795 2 2 1 1 2107 5820 5053
12796 2 2 1 1 5478 6066 1801
12797 2 2 1 1 1718 5929 5637
12798 2 2 1 1 4208 6031 1915
12799 2 2 1 1 4375 6607 346
12800 2 2 1 1 4913 6252 758
12801 2 2 1 1 765 6153 4978
12802 2 2 1 1 844 6368 5144
12803 2 2 1 1 5695 5890 530
12804 2 2 1 1 1442 6419 4256
12805 2 2 1 1 6300 6396 2447
12806 2 2 1 1 1275 6869 3633
12807 2 2 1 1 517 6364 5122
12808 2 2 1 1 2498 6935 4547
12809 2 2 1 1 1526 5865 3873
12810 2 2 1 1 5211 6749 2097
12811 2 2 1 1 1423 5415 5087
12812 2 2 1 1 2540 5803 5769
12813 2 2 1 1 5369 6093 954
12814 2 2 1 1 5442 5443 2107
12815 2 2 1 1 4569 5285 1928
12816 2 2 1 1 1088 5225 4348
12817 2 2 1 1 4738 5817 688
12818 2 2 1 1 4622 6510 1685
12819 2 2 1 1 5035 6778 1133
12820 2 2 1 1 4045 6922 341
12821 2 2 1 1 2563 5781 4525
12822 2 2 1 1 1975 6675 4764
12823 2 2 1 1 1095 6687 5048
12824 2 2 1 1 2434 6381 5630
12825 2 2 1 1 3159 6144 5147
12826 2 2 1 1 5803 6748 2039
12827 2 2 1 1 1680 6263 4612
12828 2 2 1 1 1992 6501 4610
12829 2 2 1 1 1719 6695 5783
12830 2 2 1 1 5011 6729 1866
12831 2 2 1 1 4131 6682 1567
12832 2 2 1 1 2449 6831 6149
12833 2 2 1 1 986 6938 6324
12834 2 2 1 1 5689 6207 2223
12835 2 2 1 1 1794 6425 4389
12836 2 2 1 1 4255 6858 565
12837 2 2 1 1 4370 6192 159
12838 2 2 1 1 2260 6816 5094
12839 2 2 1 1 511 6835 6265
12840 2 2 1 1 1705 6560 5430
12841 2 2 1 1 6292 6318 640
12842 2 2 1 1 796 6491 5107
12843 2 2 1 1 4228 6353 1399
12844 2 2 1 1 1960 6490 5551
12845 2 2 1 1 5228 5625 2102
12846 2 2 1 1 4390 6794 2471
12847 2 2 1 1 1885 5847 4281
12848 2 2 1 1 1814 6052 4273
12849 2 2 1 1 4518 6003 441
12850 2 2 1 1 5876 6809 1041
12851 2 2 1 1 2143 6541 4674
12852 2 2 1 1 1979 6359 5619
12853 2 2 1 1 4903 6595 513
12854 2 2 1 1 1676 6185 5560
12855 2 2 1 1 759 5712 5613
12856 2 2 1 1 566 6844 6763
12857 2 2 1 1 5538 6190 2010
12858 2 2 1 1 6595 6724 513
12859 2 2 1 1 1667 6468 5784
12860 2 2 1 1 2661 6799 5557
12861 2 2 1 1 1965 5764 5098
12862 2 2 1 1 5373 6297 869
12863 2 2 1 1 6225 6545 2183
12864 2 2 1 1 4675 5900 1882
12865 2 2 1 1 5556 5824 2022
12866 2 2 1 1 2923 5292 4946
12867 2 2 1 1 5652 6412 2575
12868 2 2 1 1 6055 6754 1026
12869 2 2 1 1 2106 6520 5873
12870 2 2 1 1 1932 5462 5359
12871 2 2 1 1 5356 6405 965
12872 2 2 1 1 5542 6638 2342
12873 2 2 1 1 5717 6757 2806
12874 2 2 1 1 2432 5825 5268
12875 2 2 1 1 4653 5708 1687
12876 2 2 1 1 4470 6469 1303
12877 2 2 1 1 399 6146 4873
12878 2 2 1 1 4575 6534 1899
12879 2 2 1 1 1116 6165 6124
12880 2 2 1 1 6158 6159 2062
12881 2 2 1 1 906 5776 5721
12882 2 2 1 1 4701 6295 1867
12883 2 2 1 1 3553 6729 4987
12884 2 2 1 1 5204 5543 1580
12885 2 2 1 1 4188 6771 34
12886 2 2 1 1 6026 6328 2230
12887 2 2 1 1 5237 6484 2038
12888 2 2 1 1 4679 6451 2120
12889 2 2 1 1 3800 6348 1270
12890 2 2 1 1 6463 6928 1144
12891 2 2 1 1 365 6359 5276
12892 2 2 1 1 4639 6374 1531
12893 2 2 1 1 2927 6781 5587
12894 2 2 1 1 5027 5380 2288
12895 2 2 1 1 5915 6169 656
12896 2 2 1 1 1745 5676 4513
12897 2 2 1 1 3977 6730 2001
12898 2 2 1 1 4873 6146 1989
12899 2 2 1 1 3588 6535 5057
12900 2 2 1 1 4950 6168 1987
12901 2 2 1 1 6286 6933 3253
12902 2 2 1 1 6033 6234 166
12903 2 2 1 1 1629 6664 3907
12904 2 2 1 1 5988 6013 3029
12905 2 2 1 1 2064 6595 4903
12906 2 2 1 1 4344 6191 1524
12907 2 2 1 1 5096 5582 1694
12908 2 2 1 1 2181 6396 6300
12909 2 2 1 1 4387 5228 783
12910 2 2 1 1 1870 6362 5050
12911 2 2 1 1 5144 6368 2472
12912 2 2 1 1 5756 5929 1718
12913 2 2 1 1 6369 6856 4154
12914 2 2 1 1 2032 6899 4566
12915 2 2 1 1 6434 6646 3519
12916 2 2 1 1 1803 6374 4639
12917 2 2 1 1 6865 6872 3420
12918 2 2 1 1 3348 6877 5459
12919 2 2 1 1 702 6715 4321
12920 2 2 1 1 5930 6731 1821
12921 2 2 1 1 4452 6716 719
12922 2 2 1 1 5655 6119 1171
12923 2 2 1 1 5989 6048 1985
12924 2 2 1 1 2183 6226 6225
12925 2 2 1 1 2013 6606 4529
12926 2 2 1 1 4947 6687 2682
12927 2 2 1 1 5299 6566 2604
12928 2 2 1 1 1022 6593 4501
12929 2 2 1 1 1867 5912 4701
12930 2 2 1 1 3106 6822 6618
12931 2 2 1 1 773 5839 4982
12932 2 2 1 1 3160 6663 4477
12933 2 2 1 1 903 6411 4553
12934 2 2 1 1 4407 6190 551
12935 2 2 1 1 4888 5158 1957
12936 2 2 1 1 6183 6920 2278
12937 2 2 1 1 5769 5803 2039
12938 2 2 1 1 4764 6675 685
12939 2 2 1 1 4664 6227 1572
12940 2 2 1 1 2425 6838 4979
12941 2 2 1 1 6324 6938 2862
12942 2 2 1 1 1825 6708 4598
12943 2 2 1 1 5430 6560 2161
12944 2 2 1 1 2303 6747 5335
12945 2 2 1 1 5481 6622 3047
12946 2 2 1 1 4531 6594 419
12947 2 2 1 1 1871 6862 5890
12948 2 2 1 1 838 6895 5428
12949 2 2 1 1 1294 5954 5841
12950 2 2 1 1 6069 6516 3018
12951 2 2 1 1 2144 6481 4220
12952 2 2 1 1 1509 6761 4148
12953 2 2 1 1 19 6807 6039
12954 2 2 1 1 2104 5939 4505
12955 2 2 1 1 6479 6725 1296
12956 2 2 1 1 1774 6369 5747
12957 2 2 1 1 4399 6870 2012
12958 2 2 1 1 1686 5649 5202
12959 2 2 1 1 2497 6370 5853
12960 2 2 1 1 5677 6662 561
12961 2 2 1 1 3396 6874 4889
12962 2 2 1 1 4397 6229 1785
12963 2 2 1 1 2890 6725 6479
12964 2 2 1 1 5245 5798 2031
12965 2 2 1 1 4393 6878 2003
12966 2 2 1 1 5198 6366 2238
12967 2 2 1 1 484 6814 4879
12968 2 2 1 1 1914 6542 5749
12969 2 2 1 1 1493 5780 4517
12970 2 2 1 1 6016 6770 1938
12971 2 2 1 1 6024 6779 3254
12972 2 2 1 1 4999 6813 927
12973 2 2 1 1 5662 6054 1591
12974 2 2 1 1 5510 6396 1526
12975 2 2 1 1 5252 6699 526
12976 2 2 1 1 1738 6497 4759
12977 2 2 1 1 4821 5814 1699
12978 2 2 1 1 4866 6343 2042
12979 2 2 1 1 5907 6200 1478
12980 2 2 1 1 861 6665 6060
12981 2 2 1 1 1358 5319 4957
12982 2 2 1 1 2066 6778 5035
12983 2 2 1 1 5740 6893 2735
12984 2 2 1 1 2527 6876 6005
12985 2 2 1 1 4238 5754 1829
12986 2 2 1 1 1999 6671 5260
12987 2 2 1 1 2171 5638 5241
12988 2 2 1 1 5287 6596 2020
12989 2 2 1 1 943 6827 6605
12990 2 2 1 1 648 6164 5626
12991 2 2 1 1 1010 6273 6019
12992 2 2 1 1 2103 5625 5228
12993 2 2 1 1 2616 6402 6401
12994 2 2 1 1 5418 6711 2050
12995 2 2 1 1 1594 6312 4681
12996 2 2 1 1 965 6852 4175
12997 2 2 1 1 3354 6188 5596
12998 2 2 1 1 4274 6923 849
12999 2 2 1 1 5471 5955 826
13000 2 2 1 1 5014 5695 530
13001 2 2 1 1 5268 5825 845
13002 2 2 1 1 2330 6328 6026
13003 2 2 1 1 462 6810 3962
13004 2 2 1 1 744 6251 5111
13005 2 2 1 1 1321 6634 4106
13006 2 2 1 1 5933 6557 2001
13007 2 2 1 1 1994 6585 4799
13008 2 2 1 1 1159 6451 4679
13009 2 2 1 1 2443 6913 5842
13010 2 2 1 1 5049 5834 686
13011 2 2 1 1 474 6901 5166
13012 2 2 1 1 732 6027 3926
13013 2 2 1 1 2023 5824 5556
13014 2 2 1 1 4501 6593 1893
13015 2 2 1 1 1111 6713 5110
13016 2 2 1 1 1956 6783 4677
13017 2 2 1 1 4969 6695 1719
13018 2 2 1 1 5921 6649 2695
13019 2 2 1 1 1228 5273 5128
13020 2 2 1 1 776 6208 6207
13021 2 2 1 1 856 6171 5376
13022 2 2 1 1 1654 6008 4865
13023 2 2 1 1 1135 6777 6614
13024 2 2 1 1 2671 6854 6102
13025 2 2 1 1 838 5428 5115
13026 2 2 1 1 1103 6343 4866
13027 2 2 1 1 1868 6786 4720
13028 2 2 1 1 2119 6747 6519
13029 2 2 1 1 4651 6631 2038
13030 2 2 1 1 492 6232 5436
13031 2 2 1 1 5157 6748 941
13032 2 2 1 1 5222 6499 797
13033 2 2 1 1 1841 6849 4787
13034 2 2 1 1 607 6622 4852
13035 2 2 1 1 776 5689 5129
13036 2 2 1 1 2756 6928 6463
13037 2 2 1 1 4517 5712 1493
13038 2 2 1 1 4159 6615 612
13039 2 2 1 1 4857 6873 719
13040 2 2 1 1 2029 6075 5793
13041 2 2 1 1 4042 6201 928
13042 2 2 1 1 6194 6411 903
13043 2 2 1 1 5078 6341 1820
13044 2 2 1 1 512 6803 5215
13045 2 2 1 1 5363 5541 1931
13046 2 2 1 1 2644 6469 4470
13047 2 2 1 1 1722 6555 4225
13048 2 2 1 1 4079 5601 1843
13049 2 2 1 1 776 6207 5689
13050 2 2 1 1 1910 6607 4375
13051 2 2 1 1 5061 6553 3190
13052 2 2 1 1 5085 5447 1867
13053 2 2 1 1 5148 6408 810
13054 2 2 1 1 6442 6809 2625
13055 2 2 1 1 5660 6288 247
13056 2 2 1 1 5902 6920 2364
13057 2 2 1 1 377 5601 4079
13058 2 2 1 1 5999 6072 819
13059 2 2 1 1 2065 6202 5015
13060 2 2 1 1 4505 5939 1451
13061 2 2 1 1 2161 6901 5430
13062 2 2 1 1 6702 6724 2648
13063 2 2 1 1 2505 6053 6014
13064 2 2 1 1 4799 6585 714
13065 2 2 1 1 4855 6765 2117
13066 2 2 1 1 1469 6547 4307
13067 2 2 1 1 1938 6770 4683
13068 2 2 1 1 5142 6759 2353
13069 2 2 1 1 5726 6206 2258
13070 2 2 1 1 5551 6490 678
13071 2 2 1 1 2993 6870 4399
13072 2 2 1 1 866 5800 5297
13073 2 2 1 1 974 6765 4855
13074 2 2 1 1 4863 6257 1298
13075 2 2 1 1 6452 6453 3731
13076 2 2 1 1 1860 6262 4607
13077 2 2 1 1 4320 6508 529
13078 2 2 1 1 4963 6756 1911
13079 2 2 1 1 5940 6439 355
13080 2 2 1 1 1932 5789 5462
13081 2 2 1 1 1144 6928 5932
13082 2 2 1 1 4987 6729 604
13083 2 2 1 1 621 6546 5167
13084 2 2 1 1 2190 6439 5940
13085 2 2 1 1 797 6499 5187
13086 2 2 1 1 4348 5225 1894
13087 2 2 1 1 516 6433 5274
13088 2 2 1 1 5022 5462 464
13089 2 2 1 1 5490 6743 749
13090 2 2 1 1 2524 6915 4670
13091 2 2 1 1 2077 6131 4911
13092 2 2 1 1 5053 6453 2107
13093 2 2 1 1 4664 6084 766
13094 2 2 1 1 4872 6892 465
13095 2 2 1 1 2275 6667 6076
13096 2 2 1 1 2063 6464 5328
13097 2 2 1 1 387 6905 6515
13098 2 2 1 1 1999 5936 5891
13099 2 2 1 1 1431 6464 5123
13100 2 2 1 1 5265 6040 696
13101 2 2 1 1 5521 6930 3492
13102 2 2 1 1 4862 6719 2745
13103 2 2 1 1 1286 6832 4997
13104 2 2 1 1 670 6073 4902
13105 2 2 1 1 5616 6738 2938
13106 2 2 1 1 5139 5740 2735
13107 2 2 1 1 4662 6599 2054
13108 2 2 1 1 1520 6501 4955
13109 2 2 1 1 5952 6638 1782
13110 2 2 1 1 795 6187 4871
13111 2 2 1 1 1970 6097 5382
13112 2 2 1 1 4701 5912 24
13113 2 2 1 1 4351 6794 449
13114 2 2 1 1 2448 5947 4872
13115 2 2 1 1 5184 6539 851
13116 2 2 1 1 5692 6624 3098
13117 2 2 1 1 4152 6544 1818
13118 2 2 1 1 1824 6084 4664
13119 2 2 1 1 4962 6695 475
13120 2 2 1 1 2012 5653 5150
13121 2 2 1 1 532 5769 4403
13122 2 2 1 1 5904 6769 3192
13123 2 2 1 1 4753 6388 258
13124 2 2 1 1 4403 5769 2039
13125 2 2 1 1 1372 6911 4413
13126 2 2 1 1 2001 6557 4626
13127 2 2 1 1 6138 6626 1145
13128 2 2 1 1 4911 6131 425
13129 2 2 1 1 5765 6143 1764
13130 2 2 1 1 2877 6304 5414
13131 2 2 1 1 765 5536 4689
13132 2 2 1 1 5983 6196 1827
13133 2 2 1 1 4893 6863 834
13134 2 2 1 1 1483 6124 4690
13135 2 2 1 1 2115 6676 4212
13136 2 2 1 1 4566 6899 819
13137 2 2 1 1 4295 6902 1050
13138 2 2 1 1 2328 6621 6267
13139 2 2 1 1 5121 6520 2106
13140 2 2 1 1 699 5953 5060
13141 2 2 1 1 1867 6295 5085
13142 2 2 1 1 5504 6258 2147
13143 2 2 1 1 2832 6796 5765
13144 2 2 1 1 826 6392 5471
13145 2 2 1 1 2142 6923 4274
13146 2 2 1 1 4233 6438 2535
13147 2 2 1 1 2042 6080 5737
13148 2 2 1 1 5497 6846 2202
13149 2 2 1 1 5175 6722 770
13150 2 2 1 1 5311 6718 1942
13151 2 2 1 1 6618 6822 1815
13152 2 2 1 1 5312 6767 958
13153 2 2 1 1 4779 6394 484
13154 2 2 1 1 1958 6709 6437
13155 2 2 1 1 4957 5319 2281
13156 2 2 1 1 5420 6476 835
13157 2 2 1 1 4514 6607 1910
13158 2 2 1 1 4529 6304 2013
13159 2 2 1 1 2362 6699 5252
13160 2 2 1 1 1105 6872 6865
13161 2 2 1 1 2003 6774 4393
13162 2 2 1 1 4889 6874 501
13163 2 2 1 1 5793 6075 2176
13164 2 2 1 1 2403 6008 5330
13165 2 2 1 1 633 6306 4740
13166 2 2 1 1 1911 6756 6237
13167 2 2 1 1 1956 6743 5490
13168 2 2 1 1 836 6759 5142
13169 2 2 1 1 2892 6762 4698
13170 2 2 1 1 4212 6676 131
13171 2 2 1 1 5618 6506 168
13172 2 2 1 1 469 6101 4448
13173 2 2 1 1 1690 6348 5975
13174 2 2 1 1 972 6304 4529
13175 2 2 1 1 797 6918 6180
13176 2 2 1 1 2577 6624 5692
13177 2 2 1 1 2276 6518 6028
13178 2 2 1 1 2177 6809 6442
13179 2 2 1 1 6326 6684 1014
13180 2 2 1 1 384 6576 5056
13181 2 2 1 1 696 6040 5455
13182 2 2 1 1 2022 6394 4779
13183 2 2 1 1 5285 6048 926
13184 2 2 1 1 1537 6384 5659
13185 2 2 1 1 6316 6846 371
13186 2 2 1 1 1348 6557 4013
13187 2 2 1 1 1787 6648 5039
13188 2 2 1 1 604 6729 5011
13189 2 2 1 1 5545 5890 2184
13190 2 2 1 1 2364 6920 6183
13191 2 2 1 1 4610 6501 1520
13192 2 2 1 1 2397 5623 5336
13193 2 2 1 1 1924 5728 5166
13194 2 2 1 1 394 6720 6371
13195 2 2 1 1 1391 5443 5442
13196 2 2 1 1 5644 6449 1564
13197 2 2 1 1 564 6917 5795
13198 2 2 1 1 2167 6119 5655
13199 2 2 1 1 4668 6885 1307
13200 2 2 1 1 6547 6774 2003
13201 2 2 1 1 1941 6091 5431
13202 2 2 1 1 754 5421 4329
13203 2 2 1 1 1573 6728 5323
13204 2 2 1 1 6437 6709 2332
13205 2 2 1 1 6017 6626 2581
13206 2 2 1 1 1827 6196 5646
13207 2 2 1 1 907 5726 5223
13208 2 2 1 1 2183 6545 6209
13209 2 2 1 1 1767 5664 4832
13210 2 2 1 1 357 5878 5132
13211 2 2 1 1 5775 6114 2279
13212 2 2 1 1 5273 5612 2196
13213 2 2 1 1 805 6071 5848
13214 2 2 1 1 6019 6273 2203
13215 2 2 1 1 412 6824 5300
13216 2 2 1 1 5659 6384 2853
13217 2 2 1 1 894 6924 6337
13218 2 2 1 1 5094 6816 368
13219 2 2 1 1 1928 5559 4569
13220 2 2 1 1 1736 6201 4042
13221 2 2 1 1 4556 6862 1871
13222 2 2 1 1 5946 6869 4032
13223 2 2 1 1 1967 6387 5061
13224 2 2 1 1 1109 6851 5173
13225 2 2 1 1 5920 6759 2162
13226 2 2 1 1 2037 6456 6425
13227 2 2 1 1 6028 6518 3070
13228 2 2 1 1 5404 6797 896
13229 2 2 1 1 5323 6728 3403
13230 2 2 1 1 4942 5615 676
13231 2 2 1 1 3412 6770 6016
13232 2 2 1 1 6378 6788 1559
13233 2 2 1 1 5173 6851 2065
13234 2 2 1 1 1562 6862 4556
13235 2 2 1 1 2482 6787 5873
13236 2 2 1 1 4897 6860 1112
13237 2 2 1 1 2708 6719 4862
13238 2 2 1 1 4879 6814 2266
13239 2 2 1 1 5413 6410 2692
13240 2 2 1 1 4523 6739 2273
13241 2 2 1 1 1026 6754 6617
13242 2 2 1 1 4994 6881 2248
13243 2 2 1 1 4933 6332 365
13244 2 2 1 1 5475 6300 2447
13245 2 2 1 1 2323 6766 5751
13246 2 2 1 1 5587 6781 1653
13247 2 2 1 1 1681 6331 4550
13248 2 2 1 1 1623 6453 5053
13249 2 2 1 1 5682 6801 731
13250 2 2 1 1 975 6545 6225
13251 2 2 1 1 1871 5890 5545
13252 2 2 1 1 5694 6081 3391
13253 2 2 1 1 4961 6777 2163
13254 2 2 1 1 5728 6100 474
13255 2 2 1 1 5524 5967 2308
13256 2 2 1 1 5557 6799 1029
13257 2 2 1 1 2533 5928 5822
13258 2 2 1 1 2657 6421 6266
13259 2 2 1 1 4940 6524 315
13260 2 2 1 1 2181 6722 6396
13261 2 2 1 1 2123 6748 5157
13262 2 2 1 1 6227 6285 1572
13263 2 2 1 1 2107 6453 6452
13264 2 2 1 1 5737 6080 2235
13265 2 2 1 1 611 6091 4783
13266 2 2 1 1 449 6794 4390
13267 2 2 1 1 5751 6766 1652
13268 2 2 1 1 2164 6775 4651
13269 2 2 1 1 1011 6520 5121
13270 2 2 1 1 2577 6625 6624
13271 2 2 1 1 6149 6831 521
13272 2 2 1 1 1564 6449 5159
13273 2 2 1 1 1977 6937 6224
13274 2 2 1 1 2002 6288 5660
13275 2 2 1 1 2056 6866 6426
13276 2 2 1 1 4016 6637 5203
13277 2 2 1 1 6180 6918 2670
13278 2 2 1 1 810 6408 5676
13279 2 2 1 1 4817 6609 2185
13280 2 2 1 1 6475 6691 2250
13281 2 2 1 1 5260 6671 415
13282 2 2 1 1 5408 6784 493
13283 2 2 1 1 5241 5638 831
13284 2 2 1 1 5873 6520 2482
13285 2 2 1 1 2500 6100 5728
13286 2 2 1 1 2188 6449 5644
13287 2 2 1 1 5719 6573 2046
13288 2 2 1 1 5245 5559 1928
13289 2 2 1 1 5414 6304 972
13290 2 2 1 1 5505 6164 2652
13291 2 2 1 1 4978 5536 765
13292 2 2 1 1 397 6933 6286
13293 2 2 1 1 371 6846 5497
13294 2 2 1 1 5325 6223 1878
13295 2 2 1 1 362 6300 5475
13296 2 2 1 1 3752 6200 5907
13297 2 2 1 1 5786 6673 1049
13298 2 2 1 1 5057 6535 2015
13299 2 2 1 1 5252 6243 2024
13300 2 2 1 1 6474 6648 2792
13301 2 2 1 1 4626 6557 1348
13302 2 2 1 1 1879 6902 4295
13303 2 2 1 1 5166 5728 474
13304 2 2 1 1 2798 6846 6316
13305 2 2 1 1 2031 5559 5245
13306 2 2 1 1 1801 6338 5423
13307 2 2 1 1 6209 6545 2402
13308 2 2 1 1 5212 5494 864
13309 2 2 1 1 3290 6740 5470
13310 2 2 1 1 5462 5789 464
13311 2 2 1 1 5276 6359 1979
13312 2 2 1 1 6394 6814 484
13313 2 2 1 1 5330 6008 1654
13314 2 2 1 1 6237 6756 2468
13315 2 2 1 1 2098 6516 6069
13316 2 2 1 1 6266 6421 2142
13317 2 2 1 1 2533 6829 5928
13318 2 2 1 1 5203 6637 1556
13319 2 2 1 1 5600 6527 2064
13320 2 2 1 1 6401 6402 2002
13321 2 2 1 1 4569 5559 850
13322 2 2 1 1 5763 6152 898
13323 2 2 1 1 2147 6258 5695
13324 2 2 1 1 882 6779 6024
13325 2 2 1 1 2748 6419 5402
13326 2 2 1 1 5934 6088 2558
13327 2 2 1 1 5324 6857 2820
13328 2 2 1 1 907 6206 5726
13329 2 2 1 1 2465 6673 5786
13330 2 2 1 1 1944 6467 6326
13331 2 2 1 1 2415 6754 6055
13332 2 2 1 1 2438 6857 5324
13333 2 2 1 1 2015 6264 5057
13334 2 2 1 1 6012 6404 1126
13335 2 2 1 1 2509 6710 6212
13336 2 2 1 1 5804 6748 2123
13337 2 2 1 1 4632 6811 1969
13338 2 2 1 1 1901 6646 6434
13339 2 2 1 1 6763 6844 2530
13340 2 2 1 1 6480 6921 377
13341 2 2 1 1 411 6478 5669
13342 2 2 1 1 5928 6829 1217
13343 2 2 1 1 2365 6196 5983
13344 2 2 1 1 460 6230 5104
13345 2 2 1 1 4557 6862 1562
13346 2 2 1 1 5281 6551 2088
13347 2 2 1 1 2082 6817 5064
13348 2 2 1 1 6096 6462 3604
13349 2 2 1 1 841 6783 5749
13350 2 2 1 1 2341 6159 6158
13351 2 2 1 1 5939 6810 2840
13352 2 2 1 1 5372 6284 2093
13353 2 2 1 1 5487 5781 1847
13354 2 2 1 1 2849 6601 6169
13355 2 2 1 1 1178 6730 3977
13356 2 2 1 1 2469 6775 6581
13357 2 2 1 1 2139 6456 6155
13358 2 2 1 1 6022 6485 2410
13359 2 2 1 1 1993 6382 5572
13360 2 2 1 1 2102 6293 5228
13361 2 2 1 1 3214 6653 5754
13362 2 2 1 1 2128 6769 5904
13363 2 2 1 1 5061 6387 760
13364 2 2 1 1 5497 6767 2418
13365 2 2 1 1 6291 6924 894
13366 2 2 1 1 786 6229 5520
13367 2 2 1 1 960 6881 4994
13368 2 2 1 1 5147 6144 2199
13369 2 2 1 1 828 6443 6102
13370 2 2 1 1 2043 6691 6475
13371 2 2 1 1 5335 6747 887
13372 2 2 1 1 526 6243 5252
13373 2 2 1 1 2386 6608 6315
13374 2 2 1 1 2154 6506 5618
13375 2 2 1 1 4997 6832 2217
13376 2 2 1 1 6102 6443 2671
13377 2 2 1 1 1699 5814 4629
13378 2 2 1 1 6538 6539 2247
13379 2 2 1 1 355 6439 6270
13380 2 2 1 1 1922 6919 4306
13381 2 2 1 1 6212 6710 996
13382 2 2 1 1 2831 6814 6394
13383 2 2 1 1 4965 6911 1372
13384 2 2 1 1 5498 6746 2773
13385 2 2 1 1 5873 6787 877
13386 2 2 1 1 4847 6918 797
13387 2 2 1 1 5765 6796 171
13388 2 2 1 1 5848 6071 2053
13389 2 2 1 1 2335 6802 6233
13390 2 2 1 1 5598 6084 1824
13391 2 2 1 1 5129 5689 2125
13392 2 2 1 1 5113 6708 3318
13393 2 2 1 1 6475 6835 511
13394 2 2 1 1 5582 6238 1694
13395 2 2 1 1 911 6920 5902
13396 2 2 1 1 6039 6807 2257
13397 2 2 1 1 5784 6468 661
13398 2 2 1 1 5517 6655 827
13399 2 2 1 1 5932 6928 2448
13400 2 2 1 1 4768 6637 1979
13401 2 2 1 1 1556 6637 4768
13402 2 2 1 1 413 6833 6647
13403 2 2 1 1 363 6530 6454
13404 2 2 1 1 5818 6633 3426
13405 2 2 1 1 2508 6638 5952
13406 2 2 1 1 5300 6824 2026
13407 2 2 1 1 6101 6113 2629
13408 2 2 1 1 5110 6713 2134
13409 2 2 1 1 2807 6504 6503
13410 2 2 1 1 6371 6720 2704
13411 2 2 1 1 946 6609 5948
13412 2 2 1 1 832 6551 5281
13413 2 2 1 1 5374 6900 2114
13414 2 2 1 1 2039 6457 4403
13415 2 2 1 1 5635 6282 1730
13416 2 2 1 1 4533 6665 1896
13417 2 2 1 1 1892 6911 4965
13418 2 2 1 1 921 6621 5355
13419 2 2 1 1 2260 6839 6816
13420 2 2 1 1 1719 5783 5202
13421 2 2 1 1 6155 6456 2037
13422 2 2 1 1 1845 6803 4373
13423 2 2 1 1 5562 6806 2476
13424 2 2 1 1 6538 6909 2298
13425 2 2 1 1 6315 6608 2387
13426 2 2 1 1 1005 6909 6538
13427 2 2 1 1 3029 6013 5532
13428 2 2 1 1 2227 6530 5307
13429 2 2 1 1 841 6542 5731
13430 2 2 1 1 1016 6800 5296
13431 2 2 1 1 835 6476 5133
13432 2 2 1 1 783 6293 5703
13433 2 2 1 1 5001 6599 792
13434 2 2 1 1 702 6818 5199
13435 2 2 1 1 6198 6579 2046
13436 2 2 1 1 2969 6788 6378
13437 2 2 1 1 4938 6465 1731
13438 2 2 1 1 517 6366 5198
13439 2 2 1 1 2244 6284 5372
13440 2 2 1 1 5789 6658 464
13441 2 2 1 1 6270 6439 3410
13442 2 2 1 1 507 6757 5717
13443 2 2 1 1 5532 6013 2045
13444 2 2 1 1 6454 6530 2473
13445 2 2 1 1 6581 6775 2164
13446 2 2 1 1 2489 6684 6326
13447 2 2 1 1 6624 6625 1098
13448 2 2 1 1 1771 6088 5934
13449 2 2 1 1 2407 6285 6227
13450 2 2 1 1 6233 6802 2105
13451 2 2 1 1 1941 6582 6091
13452 2 2 1 1 6515 6905 2427
13453 2 2 1 1 5307 6530 363
13454 2 2 1 1 2178 6590 5447
13455 2 2 1 1 5037 6569 1799
13456 2 2 1 1 4837 6818 2553
13457 2 2 1 1 5098 6641 1965
13458 2 2 1 1 2472 6921 6480
13459 2 2 1 1 2548 6626 6138
13460 2 2 1 1 970 6342 5675
13461 2 2 1 1 4674 6908 2143
13462 2 2 1 1 5695 6258 2184
13463 2 2 1 1 2670 6918 6104
13464 2 2 1 1 731 6801 5711
13465 2 2 1 1 5822 5928 1765
13466 2 2 1 1 4954 6766 2323
13467 2 2 1 1 5064 6817 1172
13468 2 2 1 1 6236 6350 2429
13469 2 2 1 1 2133 6868 5867
13470 2 2 1 1 5470 6740 1552
13471 2 2 1 1 2188 6738 6449
13472 2 2 1 1 5846 6457 908
13473 2 2 1 1 3203 6792 5334
13474 2 2 1 1 6326 6467 2489
13475 2 2 1 1 6575 6912 1203
13476 2 2 1 1 2046 6573 6198
13477 2 2 1 1 6617 6754 2633
13478 2 2 1 1 2353 6759 5920
13479 2 2 1 1 804 6738 5616
13480 2 2 1 1 5749 6542 841
13481 2 2 1 1 6659 6660 2702
13482 2 2 1 1 5228 6293 783
13483 2 2 1 1 2272 6485 6022
13484 2 2 1 1 764 6806 5562
13485 2 2 1 1 918 6727 6667
13486 2 2 1 1 2688 6826 6684
13487 2 2 1 1 5804 6457 2039
13488 2 2 1 1 663 5833 5310
13489 2 2 1 1 6684 6826 1014
13490 2 2 1 1 6816 6839 2639
13491 2 2 1 1 5711 6801 2518
13492 2 2 1 1 6385 6786 1868
13493 2 2 1 1 3803 6630 6037
13494 2 2 1 1 5638 6908 831
13495 2 2 1 1 941 6748 5803
13496 2 2 1 1 2005 6658 5789
13497 2 2 1 1 2060 6350 6236
13498 2 2 1 1 6017 6893 1145
13499 2 2 1 1 332 6752 6219
13500 2 2 1 1 1850 6462 6096
13501 2 2 1 1 2335 6912 6575
13502 2 2 1 1 6026 6466 479
13503 2 2 1 1 6587 6789 2458
13504 2 2 1 1 819 6899 5999
13505 2 2 1 1 6647 6833 2632
13506 2 2 1 1 6488 6799 2661
13507 2 2 1 1 469 6113 6101
13508 2 2 1 1 6151 6171 856
13509 2 2 1 1 5601 6701 1843
13510 2 2 1 1 908 6457 5804
13511 2 2 1 1 6548 6790 2249
13512 2 2 1 1 6169 6601 656
13513 2 2 1 1 2230 6466 6026
13514 2 2 1 1 5296 6800 2160
13515 2 2 1 1 2201 6924 6291
13516 2 2 1 1 4915 6905 387
13517 2 2 1 1 1806 6688 5454
13518 2 2 1 1 2298 6539 6538
13519 2 2 1 1 6198 6573 2313
13520 2 2 1 1 2250 6835 6475
13521 2 2 1 1 1997 6660 6659
13522 2 2 1 1 6249 6789 2457
13523 2 2 1 1 6267 6621 921
13524 2 2 1 1 2104 6810 5939
13525 2 2 1 1 6503 6504 2344
13526 2 2 1 1 5102 6700 3645
13527 2 2 1 1 2088 6551 6415
13528 2 2 1 1 2458 6789 6249
13529 2 2 1 1 2429 6790 6548
13530 2 2 1 1 2661 6937 6488
13531 2 2 1 1 2450 6799 6488
13532 2 2 1 1 2386 6843 6608
13533 2 2 1 1 3188 6786 6385
13534 2 2 1 1 6266 6342 970
13535 2 2 1 1 2101 6869 5946
13536 2 2 1 1 5447 6590 868
13537 2 2 1 1 5999 6899 2659
13538 2 2 1 1 952 6789 6587
13539 2 2 1 1 6605 6827 2141
13540 2 2 1 1 5842 6913 2047
13541 2 2 1 1 1969 6905 4915
13542 2 2 1 1 6415 6551 2428
13543 2 2 1 1 6488 6937 542
13544 2 2 1 1 927 6700 5102
13545 2 2 1 1 2169 6893 6017
13546 2 2 1 1 14 6890 6335
13547 2 2 1 1 6608 6843 914
13548 2 2 1 1 6335 6890 2484
$EndElements
