$MeshFormat
2.2 0 8
$EndMeshFormat
$Nodes
2767
1 0.026840402866513 0.001206147584281763 0
2 0.04 0.02 0
3 0.01315959713348677 0.001206147584281808 0
4 0.01315959713348676 0.03879385241571819 0
5 0.02684040286651299 0.03879385241571824 0
6 0.02758295964659531 0.001493278977676593 0
7 0.02827463856396697 0.001792024916655043 0
8 0.02894081143955716 0.002109726363124464 0
9 0.02964945853781246 0.002481782341601124 0
10 0.03034631338071486 0.002884106817695995 0
11 0.03101013504968105 0.0033033857866996 0
12 0.0316862325063911 0.003769412524293268 0
13 0.03232728583852813 0.004250777039637034 0
14 0.03292769415224045 0.004739766584153175 0
15 0.03350580586353355 0.00524895908837133 0
16 0.03404729619004586 0.005763656728319487 0
17 0.03458073856330504 0.006310512684963352 0
18 0.03509275165568904 0.006877163132169331 0
19 0.03559736421050782 0.007481125063138862 0
20 0.03605287434385188 0.008070824617749047 0
21 0.03648737283523874 0.008678933928651784 0
22 0.0368974189298081 0.009300596581558256 0
23 0.03730883053818385 0.00997980112969636 0
24 0.03768202095652633 0.01065408458774832 0
25 0.03801722698809244 0.01131786134298967 0
26 0.03832578529689779 0.0119896571077135 0
27 0.03861044498052855 0.01267529265931261 0
28 0.03887922025242422 0.01339886050287867 0
29 0.0391245879260494 0.01414763836910213 0
30 0.03933952572076631 0.01490267276939982 0
31 0.03952012013417616 0.01564512802170596 0
32 0.03966495933562773 0.01635454058751058 0
33 0.03979030961215249 0.01711146309437724 0
34 0.03988515028624517 0.01785972008993135 0
35 0.0399502629091918 0.01859038662955897 0
36 0.03998776038117553 0.01930040372734692 0
37 0.02605769937153741 0.001206147584281832 0
38 0.02531398506293268 0.001206147584281832 0
39 0.02454966881114954 0.001206147584281832 0
40 0.02379187056413939 0.001206147584281832 0
41 0.02302970072541997 0.001206147584281832 0
42 0.02226984590200323 0.001206147584281832 0
43 0.02150409982570837 0.001206147584281832 0
44 0.02074952783917971 0.001206147584281832 0
45 0.01998491169038909 0.001206147584281832 0
46 0.01922833686653155 0.001206147584281832 0
47 0.01847894162224617 0.001206147584281832 0
48 0.01770708429498709 0.001206147584281832 0
49 0.0169762306523593 0.001206147584281832 0
50 0.01619239694907609 0.001206147584281832 0
51 0.01546103437108275 0.001206147584281832 0
52 0.01468107691491519 0.001206147584281832 0
53 0.01393694496046734 0.001206147584281832 0
54 0.01241596038929438 0.03850627848010637 0
55 0.01170648681102516 0.03819938567601391 0
56 0.01105851237385702 0.03788993569109548 0
57 0.01037585838701741 0.03753213900849685 0
58 0.009685193587687886 0.03713489914404298 0
59 0.009017046916064159 0.03671450691932204 0
60 0.008335826087943188 0.03624644721006083 0
61 0.00770272593281752 0.0357726678313024 0
62 0.007124393198567525 0.03530420692146136 0
63 0.006557202931179631 0.03480848428997764 0
64 0.005996732260754365 0.03427965309883271 0
65 0.005459030463191317 0.03373172257692391 0
66 0.004955305095369617 0.03317790405286777 0
67 0.004439702245692892 0.03256491678433666 0
68 0.003990283117289904 0.03198703321658313 0
69 0.003547152544676344 0.03137118334263633 0
70 0.003133731062677517 0.03074844045124272 0
71 0.002722990949825862 0.03007496691211445 0
72 0.002349171944024023 0.02940469398430227 0
73 0.002007134974283543 0.02873251442405619 0
74 0.001698799485878859 0.02806635355919464 0
75 0.001413953761945676 0.02738639866490476 0
76 0.00114015921261653 0.02665630569269072 0
77 0.0008925083180264665 0.02590794055685332 0
78 0.000677440094419092 0.02516126715983944 0
79 0.0004916922120716885 0.02440748536599449 0
80 0.0003455946896593447 0.02370193893748303 0
81 0.0002218910406063743 0.02297092678980038 0
82 0.0001221043189816966 0.02220664072620668 0
83 5.292442906085562e-05 0.02145402069010136 0
84 1.32315867954827e-05 0.02072738462791718 0
85 5.922655550022471e-09 0.02001539175710978 0
86 1.25863180417754e-05 0.01929056761684492 0
87 5.187190528124774e-05 0.0185604912238224 0
88 0.0001195114302452553 0.01781684305927151 0
89 0.0002198952429895325 0.0170423901877205 0
90 0.0003446612423208956 0.01630302037862289 0
91 0.00049126021275624 0.01559442717531395 0
92 0.0006755187065128655 0.01484593143840075 0
93 0.0008871644221900912 0.01410937047713882 0
94 0.001131777553182771 0.01336749054298281 0
95 0.001406856532137929 0.01263148481826237 0
96 0.00169640294032013 0.01193908598998362 0
97 0.002014972630454991 0.01125135493252144 0
98 0.002353008794791611 0.01058810851086256 0
99 0.002716630927804154 0.009935947460676482 0
100 0.0031216879941195 0.009270480726884817 0
101 0.003552018602018502 0.008621779228207309 0
102 0.003984663169663671 0.008020476377965911 0
103 0.004455012708961365 0.007416146451843641 0
104 0.004958492013109496 0.006818458455844053 0
105 0.005492981005084323 0.006232414885639683 0
106 0.005998045161804275 0.00571905952994946 0
107 0.00659320302978462 0.005158915302464455 0
108 0.007187692034698137 0.004642761817232161 0
109 0.007780133480321054 0.004167285064107622 0
110 0.008355137573303948 0.003739705443525244 0
111 0.00899822947145624 0.003297873032536664 0
112 0.009602645723711611 0.002915064411788158 0
113 0.0102245187629103 0.002551791880444937 0
114 0.01090749995317589 0.002186341114231934 0
115 0.01167194360951035 0.00181639538604008 0
116 0.01243836251614056 0.001484556754895339 0
117 0.01394221412587415 0.03879385241571817 0
118 0.01467805540053589 0.03879385241571817 0
119 0.01545671820295178 0.03879385241571817 0
120 0.01619795489432689 0.03879385241571817 0
121 0.01697177994209225 0.03879385241571817 0
122 0.01771897156777993 0.03879385241571817 0
123 0.01848719065813267 0.03879385241571817 0
124 0.01924028704612679 0.03879385241571817 0
125 0.02000204659980195 0.03879385241571817 0
126 0.02076116483240208 0.03879385241571817 0
127 0.02151581554859935 0.03879385241571817 0
128 0.02228131110239625 0.03879385241571817 0
129 0.02302905155512987 0.03879385241571817 0
130 0.02380094799882496 0.03879385241571817 0
131 0.02454300468503298 0.03879385241571817 0
132 0.02532057093625252 0.03879385241571817 0
133 0.02605846963874203 0.03879385241571817 0
134 0.03998704293598256 0.02071980183049891 0
135 0.03994839319083862 0.02143583045785476 0
136 0.03988337021192574 0.02215675427796123 0
137 0.03978606333320074 0.02291748140946417 0
138 0.03965827592433087 0.02368132960801846 0
139 0.03951074763535059 0.02439667223132013 0
140 0.03933090911418285 0.02512990768135279 0
141 0.03911651213446003 0.02587868725252863 0
142 0.03887294949821637 0.02661904655050669 0
143 0.03859984277873734 0.02735158816897767 0
144 0.0383096764881995 0.0280470955566263 0
145 0.03799197176731259 0.02873435469420763 0
146 0.03765766923651252 0.02939184311697759 0
147 0.03729223667055977 0.03004880843330931 0
148 0.03688558739159398 0.03071806598416162 0
149 0.03645820149445579 0.03136343273698108 0
150 0.03603422215515605 0.03195423439117299 0
151 0.03555900231614614 0.03256652087596879 0
152 0.03506328293705159 0.03315665258180554 0
153 0.03452399260997168 0.0337496777658783 0
154 0.03402159801688485 0.03426165449914177 0
155 0.03343277505342809 0.03481757585990367 0
156 0.03283530067579077 0.03533802648850383 0
157 0.03222794750470354 0.03582647464921403 0
158 0.03165642335146985 0.03625200894201416 0
159 0.03101292473919583 0.03669477429283812 0
160 0.0304069955111934 0.03707906450687509 0
161 0.02978879831407739 0.03744074045349897 0
162 0.0291055792385423 0.03780697691161045 0
163 0.02833311750178695 0.03818128578240307 0
164 0.0275719826475081 0.0385112149462383 0
165 0.02122553414814045 0.01997855896119521 0
166 0.01050455051673586 0.0201790056649342 0
167 0.01520328908189045 0.01127762873572965 0
168 0.01591085240580095 0.02892834626793672 0
169 0.02547728394898876 0.02865526653029256 0
170 0.03061296687951386 0.01981432338295708 0
171 0.02477269459886535 0.01077521452376662 0
172 0.008554379849724113 0.01343592886839112 0
173 0.008931969732745017 0.02694187518052842 0
174 0.03119795721356214 0.0126138740985832 0
175 0.03174817621997869 0.02647504996897547 0
176 0.01988221134417696 0.007384814231960857 0
177 0.01594402755820115 0.01731389299240691 0
178 0.02033786735291266 0.03275857127863945 0
179 0.00528862131773856 0.02028273316372988 0
180 0.02020861802014304 0.01374467385712158 0
181 0.01122003646905113 0.008109847793926175 0
182 0.01563498831211536 0.02299907989150646 0
183 0.02068293144379135 0.0257253384175236 0
184 0.02586006425324655 0.01651345287086659 0
185 0.01129155330099399 0.03167411729469776 0
186 0.025968937800302 0.02315255158088122 0
187 0.03447364690502431 0.01647915280294964 0
188 0.02551221418154538 0.03365807687677991 0
189 0.026176741114378 0.006018968018692327 0
190 0.01553987806879702 0.0339711963398714 0
191 0.03481585596943233 0.02239267950403637 0
192 0.02997132821343858 0.03121721904706957 0
193 0.01542562363118992 0.006018354031020478 0
194 0.03013257408944268 0.008105158184045247 0
195 0.004962889911104284 0.01587666213547999 0
196 0.004865909791328359 0.02459119017069478 0
197 0.01267886103644183 0.01454237505305586 0
198 0.01181636497077425 0.02416064829780095 0
199 0.007269646371154268 0.009965087000326386 0
200 0.007627523187151201 0.03042607160377945 0
201 0.02763756765097766 0.01319681852070672 0
202 0.008519221688709132 0.0173164154133371 0
203 0.03641222955215137 0.01935259208528926 0
204 0.03481859521398371 0.01290100399897052 0
205 0.02191747204407177 0.02930922270892712 0
206 0.03329565561637098 0.02968338177073171 0
207 0.02263307740247967 0.004839816275125031 0
208 0.0280846971146569 0.02607151789820636 0
209 0.01861026513235301 0.01069372135885887 0
210 0.008144536909212288 0.02286923625417317 0
211 0.01223450513656721 0.02812001312085572 0
212 0.0222947111133289 0.01659304540801911 0
213 0.03526318212508193 0.02599077924169483 0
214 0.02462317317172184 0.01979066984111417 0
215 0.02959271654292666 0.0163573519118195 0
216 0.02256574835897487 0.03545120681207839 0
217 0.01245278614828469 0.03489479457454048 0
218 0.03315437685827614 0.009838974932357957 0
219 0.01767755098807085 0.02012986375062465 0
220 0.02899768349170367 0.03422717359383659 0
221 0.03034688156767422 0.02328250742482928 0
222 0.01406139390592942 0.02012446083758271 0
223 0.01854403398307264 0.0354886824145253 0
224 0.005269160442757197 0.02798669358457272 0
225 0.01676750543862347 0.01439213005658145 0
226 0.02267036121293251 0.02294170674515104 0
227 0.005079260431623104 0.01259241993951603 0
228 0.01739421263917769 0.02581587565223576 0
229 0.01200934063196592 0.0113201459401978 0
230 0.02183501331876008 0.0098046716283955 0
231 0.01885363924438886 0.004326905477679697 0
232 0.0240193018505658 0.01389993011381855 0
233 0.02423414334566169 0.02591071071405245 0
234 0.01761493611810888 0.03153706150833208 0
235 0.01908165862950367 0.01682469781756926 0
236 0.01198542844228259 0.004949836387880949 0
237 0.002992107571084271 0.0184530241324194 0
238 0.003074941757622619 0.02220976955588104 0
239 0.01422094526169547 0.03127642066937498 0
240 0.02328825100237929 0.03174390628287194 0
241 0.01223214699863407 0.0176317171263462 0
242 0.019398871879342 0.0227869712689172 0
243 0.01876817806078527 0.02890078605107515 0
244 0.02785141456565842 0.01023832387641525 0
245 0.01426924743159731 0.02576205410148522 0
246 0.02699434484133582 0.03124615652662719 0
247 0.02854554431925195 0.0289346951955638 0
248 0.02774575841594275 0.01891666712870198 0
249 0.008612266009880448 0.03295375136646327 0
250 0.01645040340225178 0.008676465218797599 0
251 0.02892964610329147 0.005498043908917453 0
252 0.03353897121665723 0.01926936520547916 0
253 0.02411144430139639 0.00810665465793097 0
254 0.008253867680105668 0.00744773248977515 0
255 0.03708768902674428 0.01651124415807412 0
256 0.007960185890219363 0.0203157333699196 0
257 0.0320215332349067 0.01525482271653444 0
258 0.01375332781465419 0.009122134749218139 0
259 0.03689045676260214 0.02402839391412071 0
260 0.02817947117531309 0.02148354719333342 0
261 0.03234731280337963 0.03211087076399691 0
262 0.01449876253110268 0.03629399434720725 0
263 0.02583577351739962 0.0362819229507268 0
264 0.02505731173114526 0.003808417201066054 0
265 0.009999305654655993 0.02933551431364303 0
266 0.01658431380071769 0.003567011432623172 0
267 0.03325213344212608 0.02448351992457528 0
268 0.02724469413704297 0.003866026848720061 0
269 0.03534027144603898 0.02850222108118515 0
270 0.03755928373459565 0.021511947213315 0
271 0.01420010659831212 0.003760807091541848 0
272 0.009394111985128274 0.01119472857233371 0
273 0.01036067714182065 0.01550506049576342 0
274 0.003562030922127549 0.0264359478268456 0
275 0.03237319279158996 0.02173473596346191 0
276 0.03234034791581453 0.007482154213247402 0
277 0.02224931058036971 0.01227387939575633 0
278 0.006013712969970801 0.0223421142774511 0
279 0.00613517141872191 0.01799712550949412 0
280 0.0317078673189166 0.01765524642451399 0
281 0.002688863090795923 0.01618218087074379 0
282 0.01768447784904107 0.006394874394856765 0
283 0.01334478468480482 0.02234551527642607 0
284 0.002737823681945653 0.02432091635264869 0
285 0.02766684979247315 0.007749665223688185 0
286 0.007305529956694336 0.02504537929222668 0
287 0.005377628629850063 0.03017238541252936 0
288 0.009674082361026697 0.005845763860386191 0
289 0.03093394392467553 0.02901621819787077 0
290 0.02809357672583267 0.023809342053651 0
291 0.009462195039971151 0.02477817620425368 0
292 0.0112443503483798 0.02619008754869099 0
293 0.03098224060085665 0.005955476048220588 0
294 0.0224498517912696 0.02707323069481532 0
295 0.007180367023034559 0.01525222200491783 0
296 0.00206983910294898 0.02033306272537598 0
297 0.01015119898883537 0.03478822975706526 0
298 0.03012290830948455 0.01055105788154372 0
299 0.01032999131120787 0.02233500549026925 0
300 0.01083816195586943 0.01327238641953564 0
301 0.02100468024322252 0.003421759275085579 0
302 0.02047673633933606 0.03654505363278469 0
303 0.0366970842942206 0.01421459970740061 0
304 0.02623779338049743 0.02512187319309974 0
305 0.003306356929392539 0.01400381940099388 0
306 0.01471463310133493 0.01347031940434453 0
307 0.03518203447226658 0.01079534704182116 0
308 0.01665678472130211 0.03662059946132701 0
309 0.02964822833240998 0.01415086379086431 0
310 0.0311841308332545 0.03405051748093865 0
311 0.02786651918759604 0.03601792136624528 0
312 0.01784703390970884 0.03333090015518783 0
313 0.02002538738380313 0.03055795090661764 0
314 0.005131651959340082 0.01035792009985454 0
315 0.02207313175696635 0.007060643400489027 0
316 0.02765116427143111 0.01538150307366 0
317 0.02606581817175058 0.009198972104588421 0
318 0.007403441309168562 0.02840362891902846 0
319 0.01337143808540078 0.006794651092962019 0
320 0.013691796950485 0.03324129782647292 0
321 0.01394022381707068 0.01629686626697444 0
322 0.02564105416125525 0.0126707482694609 0
323 0.0194237801109272 0.01887507249674884 0
324 0.02413099131111811 0.01774481083446079 0
325 0.006896922830518543 0.03226053282149271 0
326 0.02509459720002264 0.03084307242082886 0
327 0.01255130155372699 0.03013423139844296 0
328 0.03002450158401992 0.02536697748075298 0
329 0.017188122665784 0.01204238086789823 0
330 0.007076508370858558 0.01208802134084425 0
331 0.02059685490530801 0.005382614578568562 0
332 0.0244004850304889 0.02181839288279176 0
333 0.01756016846439363 0.02372201997487714 0
334 0.02923404107684659 0.01226334658159071 0
335 0.01758495148509355 0.01811610552838265 0
336 0.03361742341536286 0.0273614216303333 0
337 0.01009124253010442 0.01804069453416005 0
338 0.0220760489320129 0.01454248826172693 0
339 0.02639763273450983 0.02106900531985136 0
340 0.01409099640497051 0.02783446983070761 0
341 0.006642608407330627 0.02674278328533563 0
342 0.02249027699600782 0.02494965218930586 0
343 0.01589142767677464 0.02109704013990702 0
344 0.03383889742113519 0.01459210153435402 0
345 0.02627948147760881 0.02712530417639391 0
346 0.00937255438338078 0.0313279073194476 0
347 0.02419888524246375 0.02391656435390552 0
348 0.02580725235010838 0.01459564307443841 0
349 0.02046383186247522 0.01570965661414595 0
350 0.009369833849486434 0.009084067494062008 0
351 0.02851546803034829 0.03240125894677225 0
352 0.0186923103273119 0.008611018484884695 0
353 0.0330824703898417 0.01177905223565045 0
354 0.03808230984847194 0.01836424858800334 0
355 0.00604794000488788 0.008356788197151037 0
356 0.02033133318361649 0.03466743703052333 0
357 0.03000922989212072 0.02726960238247656 0
358 0.02024422750546934 0.01180997406946604 0
359 0.02070762742743017 0.01761672845805716 0
360 0.02406945174065083 0.01584289146760286 0
361 0.03680926738134206 0.02701284105578327 0
362 0.01360926307011415 0.01202947298771372 0
363 0.01280744224995487 0.03662781340308309 0
364 0.01855954398162426 0.01493477351067194 0
365 0.003622775835472349 0.02816663522614057 0
366 0.02061985032222972 0.02768353514675773 0
367 0.02363865046970555 0.02864118638702949 0
368 0.03506916196616106 0.02046364668491045 0
369 0.01684002017523943 0.0104310560080445 0
370 0.03471641575796428 0.0305921785373403 0
371 0.01056589186579075 0.01010032283336501 0
372 0.01401952159263957 0.02397578543336552 0
373 0.02404907806538996 0.006098553480081381 0
374 0.02313321468125816 0.003164060674715537 0
375 0.01850541927166784 0.01309337437491716 0
376 0.03401727802978654 0.008288509398496301 0
377 0.01903435630892921 0.0266785316465372 0
378 0.01908654430619528 0.02482780654260261 0
379 0.01594053747599213 0.03204504549257656 0
380 0.01730917322872159 0.01623878084808746 0
381 0.02113706726753501 0.02186220664619134 0
382 0.02600509997255792 0.01847723516378772 0
383 0.01937031967534191 0.02076152885939674 0
384 0.01421667668900551 0.01816991702603013 0
385 0.02238643420825696 0.0185322702319097 0
386 0.0366149949301485 0.01236113486640685 0
387 0.01231742326567403 0.02076068214898179 0
388 0.005698740691860809 0.01424026371206025 0
389 0.02385886680649626 0.03687291428860985 0
390 0.03143470527058704 0.009326817622131393 0
391 0.03504596300622367 0.01823048450347793 0
392 0.0154865200259796 0.02445152232785582 0
393 0.02216685115313419 0.03350056646440069 0
394 0.01809497490705903 0.002889093531901348 0
395 0.03486847563171497 0.02429736630124858 0
396 0.01417494629199327 0.02944575198279896 0
397 0.01579624807719033 0.02685168230658595 0
398 0.02956492038060298 0.01824710974886646 0
399 0.03826928969155249 0.02023901234974833 0
400 0.02742081020408707 0.03370936444569433 0
401 0.01582535526900975 0.01909932603319344 0
402 0.02091308916495796 0.02379089247426534 0
403 0.01134990783925826 0.03352629645312799 0
404 0.003367970681995756 0.01229573774710338 0
405 0.02139316921625 0.03151826002447185 0
406 0.01540093246912694 0.01517770841639557 0
407 0.01056433270358957 0.02778483233050719 0
408 0.02741427801071569 0.01697152347502209 0
409 0.0324674589017639 0.01376901076840317 0
410 0.02646166782492856 0.01123870705660806 0
411 0.01688172968110555 0.03485576883473945 0
412 0.0329071814255763 0.01659125668969065 0
413 0.02880981771876191 0.00387333607991271 0
414 0.01066464124508468 0.004110316451731297 0
415 0.01504167308513478 0.007672119968036894 0
416 0.02299926332277475 0.0205276374677231 0
417 0.0171275119388967 0.02224300636586746 0
418 0.003750323655970191 0.02060323274476782 0
419 0.0300431068197808 0.02156909492109197 0
420 0.01126164456616345 0.03609711356218192 0
421 0.03155977039647117 0.02450688938427228 0
422 0.02987721350547388 0.03557388696244856 0
423 0.01724531195805547 0.02778342576114209 0
424 0.03173266124303892 0.03070823235102067 0
425 0.01735927982060747 0.02946831817985481 0
426 0.01600503307336941 0.0304139606197473 0
427 0.005132912284132107 0.02639386670230636 0
428 0.0151309270422643 0.009791033233392095 0
429 0.02213440949789357 0.0370007150896785 0
430 0.02351648317485438 0.009745928660596703 0
431 0.02382922011905095 0.01221513154027637 0
432 0.01832639524363207 0.03698672846206507 0
433 0.02022068949995006 0.009043906725201833 0
434 0.0238823629828821 0.03346995895378846 0
435 0.02462321111810051 0.02735038536871575 0
436 0.02619961657271866 0.002762596040337437 0
437 0.03009043126267728 0.00444070163280018 0
438 0.02989151882009301 0.03277222405628064 0
439 0.01280979313691481 0.02656719986528806 0
440 0.004528812936518505 0.01751555364372222 0
441 0.01923421440407283 0.005824038059343423 0
442 0.001765988488247019 0.0231132830273434 0
443 0.0231048830673694 0.03011095997695989 0
444 0.01238638660841704 0.009749704379400962 0
445 0.01204950186311799 0.01918495105013586 0
446 0.03761117820752871 0.02557199758870321 0
447 0.01882436003698014 0.03235996579342575 0
448 0.02738677935094183 0.005219497439739353 0
449 0.03168540642416709 0.01087700991187138 0
450 0.01247894742536313 0.003244648816291433 0
451 0.0140899182618984 0.01050940758874735 0
452 0.004466657260064401 0.0229298117491366 0
453 0.007138678812630975 0.01374299536849472 0
454 0.01757861355081742 0.00480406084406261 0
455 0.001670925852044716 0.01763339331787731 0
456 0.008825334247547559 0.01891609814526893 0
457 0.008868139023038804 0.0151930045558669 0
458 0.02893575522516681 0.0200260047163649 0
459 0.008839888246245226 0.02167931721032665 0
460 0.0383358176997798 0.02306183721419697 0
461 0.0257847075088691 0.03215145210121776 0
462 0.01183103290405827 0.01595830335739744 0
463 0.03538798832269595 0.01513578352606233 0
464 0.02831923328954404 0.03035356875683578 0
465 0.02704378712383703 0.02953204379642123 0
466 0.005575867574874901 0.03162476110465404 0
467 0.008834017899630047 0.0283877892184598 0
468 0.02895616989246104 0.007005180389195271 0
469 0.02472229306598185 0.03494385185754748 0
470 0.03098658032435524 0.01634028970346089 0
471 0.02558576600825551 0.007655052340217681 0
472 0.00738176903556283 0.02167785686957751 0
473 0.01097758141631497 0.006549702368921179 0
474 0.03337122280470736 0.02310772418642205 0
475 0.03200415309117882 0.02007915356344193 0
476 0.03338194459648292 0.0207113034696643 0
477 0.008518785275301952 0.0343526426835208 0
478 0.007087513512275059 0.02364637898000368 0
479 0.01312471011069679 0.02497857620075427 0
480 0.03405142482593357 0.031981051712833 0
481 0.01277645615667063 0.03166882639975704 0
482 0.01583942294783345 0.0126160825717944 0
483 0.03242651920262212 0.02836298890067794 0
484 0.02914624005679042 0.009524769390485827 0
485 0.01849662973788671 0.03030366122433871 0
486 0.008194569094288215 0.005965144444253227 0
487 0.03645848676238404 0.02256270755402533 0
488 0.02251120371549792 0.00849854976457309 0
489 0.01358017842464558 0.005254750803250831 0
490 0.0153398398264082 0.002684823556841947 0
491 0.007271652397668998 0.03368774565877367 0
492 0.01076166823330219 0.01188051932208101 0
493 0.01102922884454376 0.03019531835118832 0
494 0.02655665057606379 0.03494928758649145 0
495 0.006645243943626759 0.01947319243514853 0
496 0.003993996893397234 0.02956223855822368 0
497 0.006822466190906869 0.006829662699332837 0
498 0.006152254386523963 0.0289700320963486 0
499 0.02035519545985165 0.02901364906907371 0
500 0.01950217904524284 0.002688998179205381 0
501 0.01423565588189682 0.03459002913646826 0
502 0.02614891025149386 0.004536232042045252 0
503 0.004363668551023481 0.01908002283368907 0
504 0.001433281538859025 0.02179650814931513 0
505 0.03506452094812516 0.009231656727786393 0
506 0.01012338731133912 0.03252997089209128 0
507 0.0278370535612305 0.0117599201822188 0
508 0.02715790653830201 0.02257451973962678 0
509 0.03379442795910342 0.02581435775877331 0
510 0.009850542672678424 0.007299913337919833 0
511 0.008126117242948705 0.03171190938761852 0
512 0.0310429077557926 0.01405658000311612 0
513 0.01641922202336278 0.007149672480477747 0
514 0.002324761328367658 0.02573391579276234 0
515 0.03238827733460316 0.006082189365911227 0
516 0.0123601281448993 0.01317797056013478 0
517 0.006329324112324983 0.01651249445601055 0
518 0.01188550896614355 0.0222611676241915 0
519 0.02115895477494523 0.008026889444424978 0
520 0.003890264155345616 0.0109990069031373 0
521 0.0378513437038691 0.01519982609118301 0
522 0.00204811734615774 0.01483128930757391 0
523 0.00822203218464105 0.02420810287703478 0
524 0.03634286311525547 0.01795456027597384 0
525 0.02676967112543067 0.03730214031971109 0
526 0.001372964343788998 0.01902650893914205 0
527 0.01544723422413491 0.0372624235447729 0
528 0.02742132460895279 0.0202746472943113 0
529 0.004785401261776255 0.02148148673133524 0
530 0.03116789946515042 0.0210030022405949 0
531 0.01893143364327085 0.03415374401123231 0
532 0.008478807671910163 0.01213713925739947 0
533 0.03836571718221057 0.01685234753910476 0
534 0.03185081785161402 0.0230891557990673 0
535 0.01455856141625888 0.02202461345743377 0
536 0.009542549119069418 0.02335673920738324 0
537 0.01392908794083253 0.037568454350433 0
538 0.03370090662671951 0.01776775776482722 0
539 0.02898908721421736 0.02271527085747726 0
540 0.02777463991899099 0.02742508940278979 0
541 0.008630833034307089 0.02945641587981345 0
542 0.02874927969970462 0.02503167236209554 0
543 0.01261788000963469 0.008199018282331973 0
544 0.03330351152652641 0.0331833824811453 0
545 0.03227583848989368 0.01883927572834792 0
546 0.006066204024644549 0.02546243665321331 0
547 0.01555568213486296 0.03531104573768587 0
548 0.008501526625319488 0.01005459993163518 0
549 0.02058025678220434 0.01033920801072607 0
550 0.01544464240779915 0.004438335766642704 0
551 0.01122143651717515 0.02893032955857811 0
552 0.02298713725090219 0.01104954610509664 0
553 0.004956387033091892 0.00899563917413468 0
554 0.00805361236519906 0.008792894427688432 0
555 0.03622604501646295 0.02068518348779896 0
556 0.009865229721823047 0.01418081237052526 0
557 0.009812978600377355 0.01671215159920109 0
558 0.008486813475886165 0.02558693151533051 0
559 0.02401923160107393 0.004772284757127234 0
560 0.005887323357253388 0.01145380709493602 0
561 0.004484797139017192 0.01467142524698732 0
562 0.03650737619094416 0.01108941723635406 0
563 0.03667860378711289 0.02839227805860818 0
564 0.009274179745896706 0.02007718157491162 0
565 0.01132616809041801 0.01444239069762783 0
566 0.0218869728638558 0.002510193416809969 0
567 0.003768492213325394 0.02525874838954011 0
568 0.02506011825327788 0.03747544120428328 0
569 0.03588731758414566 0.02976797197898676 0
570 0.0310494756585525 0.007216804540916708 0
571 0.01856697685290117 0.02173503980153969 0
572 0.002575817279372224 0.02731531992477076 0
573 0.01848360297366998 0.01188487312881209 0
574 0.02750327727495026 0.02495974355061071 0
575 0.01408701203441908 0.01471422337514388 0
576 0.0357886146999236 0.01677009609640783 0
577 0.03105539751932076 0.03193175736700482 0
578 0.02488113231482661 0.002458195503388154 0
579 0.02805120509865569 0.002973803331660932 0
580 0.01346069010880149 0.002522446857256406 0
581 0.02986472798857202 0.02987608549506657 0
582 0.02889903407318935 0.01098711721036522 0
583 0.01065810540121153 0.02488259633076886 0
584 0.009854453806809991 0.02602670968540668 0
585 0.02486095749479637 0.009416974830252741 0
586 0.03341159256159624 0.006805062226198972 0
587 0.02622735302834396 0.01970826100012482 0
588 0.02090645825029988 0.006614483259707409 0
589 0.02727398085933581 0.0323982356147296 0
590 0.009328143360316921 0.004465259296436342 0
591 0.03874617795408317 0.02154645863090006 0
592 0.006427398587810921 0.02078039199703156 0
593 0.03609068172717943 0.02501125413481749 0
594 0.02134452912403271 0.01337809261797799 0
595 0.0245503166653135 0.02955075050840791 0
596 0.02548741756016289 0.02614265450361637 0
597 0.0278813173434431 0.006557732470407385 0
598 0.009712786749676192 0.01276640563596531 0
599 0.03254005723796987 0.008758526148142844 0
600 0.01753569022134702 0.007778907370587042 0
601 0.0340047285124717 0.0286315919930229 0
602 0.02278001680817416 0.01345048238193932 0
603 0.007440460591633658 0.01818997948959393 0
604 0.0165529359648224 0.03297699976896402 0
605 0.03819849505153225 0.02435703766699957 0
606 0.03398216985389767 0.01076962379343106 0
607 0.02836459718788891 0.01426793781940162 0
608 0.01291886559738753 0.02353938476771366 0
609 0.02985278244551258 0.006208333325120113 0
610 0.006436149191220668 0.03077791612890678 0
611 0.0194419605343044 0.03756386288056356 0
612 0.02365285039944212 0.01900131654807777 0
613 0.03557077990389962 0.02725261583016372 0
614 0.02741993330640763 0.009075581609630529 0
615 0.02904460018901256 0.03642599954034345 0
616 0.02131344441851106 0.03574525736483658 0
617 0.01658164948820124 0.005830953059964299 0
618 0.03307468266858707 0.03105855888873332 0
619 0.01664965733537779 0.002343183556748337 0
620 0.01340525965223808 0.03557259411898327 0
621 0.01307396307495852 0.02902554684458261 0
622 0.03101192801159608 0.03531119079834184 0
623 0.03102634969260207 0.02226136668178489 0
624 0.02159995735405857 0.01112508238552849 0
625 0.02913675139836914 0.02637963914667531 0
626 0.02005803227310838 0.004303126809892924 0
627 0.02452677560172403 0.03247636359188861 0
628 0.03022106038817939 0.01168074337099103 0
629 0.03039291632040743 0.01518902521099368 0
630 0.02128537648827239 0.02677269238926932 0
631 0.02306465450612106 0.02604627104550603 0
632 0.02173900024088268 0.02808312339690832 0
633 0.01322795011734089 0.01882653924230186 0
634 0.03747437287298427 0.01317980930550082 0
635 0.03074922869991731 0.01855386964247154 0
636 0.02684140422867597 0.0239241465791954 0
637 0.02882065540770337 0.008242725411721091 0
638 0.01107510963352366 0.01696671382780851 0
639 0.006015895983331311 0.0153665279691801 0
640 0.02328319474243484 0.007192730828692939 0
641 0.02327200611525398 0.01495481549658891 0
642 0.02066684927268492 0.01884386867487239 0
643 0.03244317530760472 0.03400378069266793 0
644 0.001562376136438316 0.01618348087478743 0
645 0.0311910155068606 0.027713332507637 0
646 0.022571613058392 0.02169428436861117 0
647 0.006110702206459586 0.01312159109424459 0
648 0.03238332915850817 0.02546549574916695 0
649 0.004630401324104114 0.03095909962439465 0
650 0.02667737245557037 0.007117708933127333 0
651 0.01116605544372826 0.02122192658021903 0
652 0.004370239461356853 0.02726482761564075 0
653 0.007868786085308974 0.01107825796994692 0
654 0.01867809464435901 0.007111291356994315 0
655 0.01350700580758928 0.01353604181235276 0
656 0.009981990509272025 0.03596675529317198 0
657 0.02091724601111997 0.03768607411889109 0
658 0.02793204730767231 0.0348108473651256 0
659 0.02508288660921824 0.02486671716780394 0
660 0.0148895858485589 0.03289070802264581 0
661 0.02669135363031151 0.0282634533139194 0
662 0.02871750394218365 0.01733869289702383 0
663 0.03026035691304724 0.009383408746898594 0
664 0.002478277845458763 0.01308266234400965 0
665 0.02606286680459118 0.03038855144757021 0
666 0.03009862566593605 0.01302861043346107 0
667 0.02015040606556011 0.02671705960355906 0
668 0.01231213990886111 0.03284438269056567 0
669 0.02503949344441251 0.00534717812463106 0
670 0.02983137774481116 0.02854920179637093 0
671 0.02281076866366959 0.006081956752775945 0
672 0.008045656697841987 0.01605599724836671 0
673 0.01872924169625372 0.01792983952720814 0
674 0.02140004140685431 0.004524388775472671 0
675 0.02168800607358385 0.005758470199445056 0
676 0.01831394584517223 0.0275002390344031 0
677 0.03471128577135649 0.01938159087424041 0
678 0.0355518474762072 0.01183854033955567 0
679 0.005764155745406846 0.02366353854669006 0
680 0.007709243020777081 0.02721391194207986 0
681 0.02903825704199465 0.01527441446484433 0
682 0.006030633527854367 0.009572553026138035 0
683 0.01644467649996473 0.02384588607992971 0
684 0.03314189024683804 0.01563219584130737 0
685 0.01348463171996254 0.02113855682712109 0
686 0.02679592997917076 0.01240708427138165 0
687 0.003283056353245561 0.02332653103481486 0
688 0.01720432332266349 0.03769180539873201 0
689 0.01340795324839721 0.01737875365145069 0
690 0.003776161467058975 0.01568107374542039 0
691 0.02642676105017434 0.01354564894397404 0
692 0.003273175981204884 0.01726439063076874 0
693 0.03490922160953742 0.01405885986325753 0
694 0.006506887677169636 0.02776591296282221 0
695 0.01173360109231609 0.03707916479218742 0
696 0.03553575635095843 0.02156875009014935 0
697 0.01293043452063721 0.004341953779792861 0
698 0.02300331315631789 0.03771729582144043 0
699 0.02470490140675265 0.01670802425566593 0
700 0.01703834385995042 0.01916517970202104 0
701 0.009772915199559931 0.03364427340650117 0
702 0.03647344380143028 0.01542362449411279 0
703 0.02347657305523789 0.02754062630057023 0
704 0.003058615498651846 0.01965188265164452 0
705 0.03895915836064449 0.01899872761983029 0
706 0.02109623729642531 0.03014509884769018 0
707 0.01952264351695645 0.01275872248153805 0
708 0.02808002249431937 0.004777544648400637 0
709 0.001655668219837935 0.02452181377700085 0
710 0.02694810770487257 0.02601121322936562 0
711 0.01786280551761174 0.003892471332806277 0
712 0.02558561951425166 0.02193692991950769 0
713 0.03015687699287865 0.03447395275941878 0
714 0.01082974662531195 0.005215952398710266 0
715 0.005051288610738679 0.02903108009586684 0
716 0.001146113839904074 0.02035229585744469 0
717 0.01125822913350283 0.0349030426475937 0
718 0.03124464292121468 0.00484742535682248 0
719 0.0221697171100734 0.003644502286742242 0
720 0.006532172288911793 0.03336369319498401 0
721 0.03206980569047281 0.02950093040859917 0
722 0.0178177740734164 0.009712468205166103 0
723 0.01293915768445725 0.01073783423551861 0
724 0.01968301435411748 0.03569438204787342 0
725 0.01958086553854607 0.02765452470175316 0
726 0.004399558414551578 0.01349221553822968 0
727 0.004754026574286783 0.01147255870322182 0
728 0.03045479900064781 0.02661503764855147 0
729 0.03586550716673167 0.01336288238581846 0
730 0.01941270352454507 0.01575607851200062 0
731 0.0200106173184216 0.0317285864281109 0
732 0.01624234297330344 0.01619369366745611 0
733 0.0101373710046854 0.03051145087975117 0
734 0.02879973049082988 0.03540218464585242 0
735 0.03372828821626899 0.0133965559922629 0
736 0.01823652147033039 0.01908851062716356 0
737 0.02101933034942983 0.03375498890466551 0
738 0.02928211136733287 0.02387454457895277 0
739 0.01469308220978986 0.0191597037896253 0
740 0.02504179794997861 0.006670033156968042 0
741 0.02648257016602986 0.01553667848914625 0
742 0.0145607712665571 0.01217292844519137 0
743 0.01623880022829214 0.01160396638276701 0
744 0.01473765288718811 0.01710053314790139 0
745 0.0251916768316388 0.01557222660964524 0
746 0.03600169372604877 0.009934499889152361 0
747 0.01877837957564425 0.02371529299480603 0
748 0.02898950448376768 0.0132816398633901 0
749 0.03473375017726119 0.0294985073963053 0
750 0.01454804742210558 0.02284844247298859 0
751 0.02723081047703397 0.01432302702206327 0
752 0.0122796357178209 0.006175745320386321 0
753 0.01186186988968975 0.02528797848092446 0
754 0.0164760841924606 0.01820738578904059 0
755 0.03805260368993595 0.01414690389085555 0
756 0.009734842602984324 0.01008489180239044 0
757 0.007514118325168023 0.02610617766809609 0
758 0.01787577220810496 0.03472819610948995 0
759 0.03386946339947746 0.02187913271753669 0
760 0.02344959331763544 0.01681523545557452 0
761 0.02095332096570292 0.01447837079268326 0
762 0.03057669063051267 0.01742042499309911 0
763 0.005542892613326713 0.01909964136498869 0
764 0.02176481425749181 0.01565677073215933 0
765 0.03781149744418087 0.02661508442492909 0
766 0.01477121033413426 0.03041277194629029 0
767 0.02077056820593799 0.002273816074998374 0
768 0.01742361673725749 0.03248345077589373 0
769 0.01931430652221954 0.009873160195334506 0
770 0.002654989638965176 0.02124119281476641 0
771 0.02581397963515266 0.01025881402820625 0
772 0.02361161689320805 0.02481694453802228 0
773 0.03147681049792185 0.008240905698746583 0
774 0.01305940453976156 0.01556736930275478 0
775 0.007208458253427988 0.02942610432613083 0
776 0.01346137618443657 0.03040564198810723 0
777 0.01754667415869536 0.01088223036503744 0
778 0.006458785591356174 0.02456480156471516 0
779 0.01425967240926294 0.006126801024268781 0
780 0.01750639287714187 0.01511317566726154 0
781 0.01753669340478076 0.03593290947413144 0
782 0.01581349028878645 0.01370332983884779 0
783 0.02512994698668395 0.01369095489275476 0
784 0.01458964741531197 0.02674075207870708 0
785 0.01540369175231387 0.02580609342384528 0
786 0.03635516595767059 0.02610049546120363 0
787 0.03425994291703244 0.009869231199422252 0
788 0.01156743021345952 0.02722490216265629 0
789 0.02827880639022231 0.01629853300318254 0
790 0.02489698022477305 0.01189785435993996 0
791 0.01391874188132407 0.007750416967727275 0
792 0.02016961577677184 0.01666504483220279 0
793 0.03496875971500434 0.03165935006137219 0
794 0.01801965769132488 0.0170770528160893 0
795 0.007903460726997078 0.01446503112576319 0
796 0.02485352392802834 0.02290690818270711 0
797 0.02373414773275655 0.02279297064204582 0
798 0.01711960778717234 0.02473372669088351 0
799 0.004102647410248881 0.02409861446563671 0
800 0.01737593324770483 0.01309123388525115 0
801 0.02484133109515704 0.01869213994088139 0
802 0.03429330320281505 0.02340711678393465 0
803 0.02005512623923331 0.01981398322589686 0
804 0.009951167394905636 0.01923454036150399 0
805 0.01627862142047608 0.0277409694151382 0
806 0.01123736642256361 0.003194353872671852 0
807 0.02800026392358086 0.03714963314963758 0
808 0.02637237954042668 0.01748078066716451 0
809 0.01529888830502835 0.01815325201077478 0
810 0.01045572331861912 0.008979483548091379 0
811 0.02522319603243502 0.02083456860613794 0
812 0.004098953026901709 0.009756581763953772 0
813 0.01157430945078198 0.01231660054772661 0
814 0.01072018020220514 0.02346683336627912 0
815 0.009054664447860648 0.03549306003758787 0
816 0.03436442904015962 0.01187723432608202 0
817 0.02017809250078629 0.02469955849753008 0
818 0.03277520569481893 0.02642009417554252 0
819 0.02150110673509749 0.03258421192514762 0
820 0.01644729955291906 0.02001649753568976 0
821 0.01685210738188409 0.02670076991816366 0
822 0.03736382526197186 0.02054202376786578 0
823 0.007371743385286922 0.02290249649770195 0
824 0.01724875316764473 0.03053617577198841 0
825 0.02191663705703163 0.02591986407687995 0
826 0.03736474882818742 0.01735683548242771 0
827 0.02375263432810361 0.03572563868939659 0
828 0.02352408974901984 0.03456976201658993 0
829 0.02916044928326682 0.03327141649057484 0
830 0.03161116871965714 0.03293807192948259 0
831 0.03071293179319575 0.03046106059872886 0
832 0.03456780192135332 0.02681197706262861 0
833 0.0168165497097369 0.02864123318079759 0
834 0.01476460394321658 0.005036218489947602 0
835 0.02894695506558977 0.03143143122663322 0
836 0.0258293382280439 0.02411346169364172 0
837 0.0244169485923695 0.01485734280089711 0
838 0.01214865148325502 0.03573085120422163 0
839 0.01915820894110384 0.01407660699696186 0
840 0.03035782186633936 0.02447980278420689 0
841 0.03436533897765345 0.01550430787174041 0
842 0.01482974420574912 0.02857130535446993 0
843 0.008971921843779354 0.008016259554449238 0
844 0.007351033889865542 0.01692786449516027 0
845 0.01960051703370248 0.02570580621907798 0
846 0.008641958581022562 0.03066002413127898 0
847 0.01771157256112403 0.02856145757009664 0
848 0.01005341199853517 0.02115466876427367 0
849 0.02230055774410939 0.0196452741617087 0
850 0.01131947809988954 0.01827410872226524 0
851 0.01848129816475706 0.02572517416399822 0
852 0.01802744413309066 0.02675434100973361 0
853 0.01538709952097258 0.01999168358813214 0
854 0.01923701619835202 0.02004831165488605 0
855 0.02300436719878055 0.02397513004790159 0
856 0.02981754412567846 0.003710904895921158 0
857 0.02154041720435083 0.0229480899949844 0
858 0.01170989591274985 0.03083623365783195 0
859 0.007737472870451335 0.03264461183994424 0
860 0.02675990590758651 0.03610875440682067 0
861 0.01947731544146722 0.0297026649561991 0
862 0.0129556838366554 0.02000045982695363 0
863 0.01693965238554552 0.02097839961073425 0
864 0.01625840094015156 0.004769066466668803 0
865 0.01995180500945794 0.01473016214966075 0
866 0.02913234367868974 0.02103062034690553 0
867 0.02653121499445117 0.008198256031945487 0
868 0.007740828559581987 0.01930146354081028 0
869 0.02622266641892474 0.03769365401766468 0
870 0.02183625338970174 0.0346047088018103 0
871 0.0148046809706608 0.008610047170707085 0
872 0.01694177834464482 0.01722758527116757 0
873 0.006586387070521865 0.01098919042449627 0
874 0.00715532990934584 0.007968003244205794 0
875 0.0182926779744876 0.00515980248986225 0
876 0.01987688634765824 0.02175625810169053 0
877 0.0205908439437586 0.02085896930480165 0
878 0.01427040848849884 0.002082173968437989 0
879 0.02134127069863748 0.02480060645352872 0
880 0.007801018512782379 0.01300150619229435 0
881 0.03567671367659115 0.02327683430885909 0
882 0.03754442835285077 0.01931733397136944 0
883 0.01594297759105623 0.02186753053585502 0
884 0.01990650725658766 0.01769874931917489 0
885 0.01832244114444513 0.01598249687320832 0
886 0.0289208580339853 0.02780464105654438 0
887 0.005397705793299656 0.01690062912458353 0
888 0.008972364801384171 0.006347035516687853 0
889 0.02533803830823233 0.01756364081761534 0
890 0.01967124328721232 0.01114349971867015 0
891 0.03196464576450014 0.03489663848262265 0
892 0.02395524847984935 0.03104101485295532 0
893 0.02699421763819647 0.002555260664732304 0
894 0.02401760583227286 0.03783904270635742 0
895 0.03123987524379758 0.02555811576216002 0
896 0.01800619421855231 0.01408925562882682 0
897 0.01987054045066239 0.0336543684032914 0
898 0.02061176131372515 0.02255995894767943 0
899 0.02273818169806763 0.02813728871144884 0
900 0.01574674115847 0.03635519257113964 0
901 0.03287903703394912 0.01094671726798861 0
902 0.01947875662972869 0.008281479913855467 0
903 0.02187094492361294 0.01764399761193743 0
904 0.01527142634684353 0.03129777606089976 0
905 0.009183150186313802 0.01786904796134399 0
906 0.02123057658499452 0.0165833630431547 0
907 0.0164827115937284 0.01502742071350071 0
908 0.02171144502717549 0.0210032514964909 0
909 0.02386210047224058 0.01068627496200941 0
910 0.01458206973410053 0.02066128668771621 0
911 0.01798384167533608 0.02272478509907292 0
912 0.02457931006159066 0.02835484075773854 0
913 0.01298071676438334 0.02757953251072517 0
914 0.01511142234640454 0.02383241911376745 0
915 0.02456685779523564 0.03626925306058194 0
916 0.02201254054415506 0.02386093763277441 0
917 0.005701022001756106 0.03260908673753737 0
918 0.01152139672774351 0.009089633531915588 0
919 0.03860285224112511 0.01610179266457474 0
920 0.01299223171692648 0.03761823315532704 0
921 0.009499220099504881 0.02741990198612481 0
922 0.009094977613784009 0.01610262555101226 0
923 0.01688656942670601 0.03421641799709144 0
924 0.03468069225117582 0.0252147636815916 0
925 0.002043089361063625 0.01391733216335151 0
926 0.0129508134238064 0.03384003224754625 0
927 0.005842419499349466 0.02693295662244298 0
928 0.006026894054010818 0.02144871851910521 0
929 0.02566933879462838 0.02769800954786401 0
930 0.03213660057300131 0.01008866311980684 0
931 0.01449954618279376 0.02502485922881971 0
932 0.02311996409242668 0.01767874498342682 0
933 0.03272471346501372 0.01756877677697564 0
934 0.01628653417954873 0.0378297264345679 0
935 0.02619983105143119 0.003658474744298305 0
936 0.02925201645111898 0.004806748078953239 0
937 0.02287902806121323 0.03640535683357168 0
938 0.02405948904501611 0.02076577555941256 0
939 0.007228627417316747 0.03130578640367854 0
940 0.02797042907303052 0.03157786458366264 0
941 0.009950774611478513 0.02857760022599434 0
942 0.02700229808917153 0.02162878318304578 0
943 0.01049248253771754 0.01094512461297073 0
944 0.0288008153276144 0.0189672942778223 0
945 0.02722992343042747 0.01802223310549127 0
946 0.02396362274385543 0.02666643286621083 0
947 0.0267587188115691 0.01895407505221979 0
948 0.01211973131646293 0.007152946500362438 0
949 0.006951069878399082 0.008973387053994879 0
950 0.006505286532304842 0.01468296463330215 0
951 0.01893921701566823 0.003324254691175522 0
952 0.01633044043793023 0.02945271792398603 0
953 0.01245639940219702 0.00244434968990645 0
954 0.005409935811282946 0.00770964882283357 0
955 0.02309479783872876 0.03300783304332605 0
956 0.01359974195706778 0.03214567921945431 0
957 0.01263317137272284 0.01663971160283059 0
958 0.0299656742418443 0.007222714904655057 0
959 0.03580120110865148 0.03056637189939758 0
960 0.02866252664705492 0.02679492863557431 0
961 0.01901322526834796 0.03653497854283531 0
962 0.03092178701501424 0.01034236818713831 0
963 0.01885486838492422 0.03132435460909079 0
964 0.03227904358164439 0.012597629368761 0
965 0.02073629922432391 0.01267530910111726 0
966 0.03889028059631618 0.02067422528165264 0
967 0.01040427850728703 0.03134199901873928 0
968 0.01640667711577042 0.02546875280073661 0
969 0.007724756163054569 0.03462125527945383 0
970 0.0008858414693154112 0.0182741765062319 0
971 0.008973886872674575 0.0320764196915808 0
972 0.01173969741204645 0.004203777612855949 0
973 0.0163824552269898 0.0315111220243058 0
974 0.01996290591892091 0.02366657671968504 0
975 0.0238502992675784 0.00225515969059438 0
976 0.02270389645563937 0.02934687343377905 0
977 0.004404271575500936 0.0258290496067686 0
978 0.02218827837502753 0.03056941399123383 0
979 0.003333552944618214 0.02899802630456631 0
980 0.02303071965700355 0.01576554613245153 0
981 0.01877406053907235 0.002136370253154045 0
982 0.001004081562355399 0.02248805836810716 0
983 0.02498313043694496 0.008475087963403662 0
984 0.02632753187784759 0.03285671670539286 0
985 0.0157825050868509 0.01047153888142169 0
986 0.03463600602870091 0.02805481304400546 0
987 0.01482266265366863 0.01030461119317104 0
988 0.03451532939602786 0.01746829414375368 0
989 0.03741428984896877 0.01200153922548343 0
990 0.003938738569554422 0.02218255951532483 0
991 0.01162723875130138 0.02015891909867134 0
992 0.007215339494639124 0.006157042881390754 0
993 0.02680631146526895 0.0100212177527804 0
994 0.01510229077060108 0.01618699666583331 0
995 0.03188497112372132 0.01624548684380718 0
996 0.03885550540555713 0.0176805782348096 0
997 0.03385615072363906 0.03049234908300701 0
998 0.03761799555020251 0.02762140286977435 0
999 0.008174822079791243 0.0288368543860612 0
1000 0.01195303949814706 0.02923613269341186 0
1001 0.01815640320861326 0.02461332951383927 0
1002 0.008492728900141406 0.005031672602434104 0
1003 0.0198685327861785 0.006176472050316285 0
1004 0.01519900498921675 0.02759523617793791 0
1005 0.0348653529767759 0.00839985078000435 0
1006 0.01317893382871156 0.0096846885140538 0
1007 0.01654293184683066 0.02294885112399683 0
1008 0.02291355578265315 0.00227494648787481 0
1009 0.03233266017858419 0.02732638064301606 0
1010 0.03008300100497701 0.02048305699897971 0
1011 0.01035741108495348 0.02418666438144733 0
1012 0.02548967439203976 0.02967742242290105 0
1013 0.009986144577338631 0.008157818405867431 0
1014 0.0239263700694908 0.003754107213243457 0
1015 0.003141573696148481 0.01494883068596367 0
1016 0.03238013632478291 0.02400127212564229 0
1017 0.03575458093283548 0.02002358110801106 0
1018 0.02272187344416052 0.03429645190058956 0
1019 0.01022938909095304 0.02701628368793292 0
1020 0.01439898347149442 0.009694302125074711 0
1021 0.01167840151400278 0.01039536175671962 0
1022 0.008217039530172913 0.02202655119639994 0
1023 0.01422873310072692 0.01141499711571064 0
1024 0.004170295823341882 0.01655324676354682 0
1025 0.01753977291125779 0.00888450732027329 0
1026 0.01614272842600879 0.009394328601539551 0
1027 0.01733864977914169 0.002220935546442707 0
1028 0.02695693082012252 0.01656401209580721 0
1029 0.02560564801149432 0.03492042726006477 0
1030 0.03163724659714025 0.01943152626200036 0
1031 0.01284353510839829 0.0180478391113992 0
1032 0.005848318587564242 0.01066905598217698 0
1033 0.03724855631413543 0.01859895797672473 0
1034 0.01446376000997532 0.01560870532577306 0
1035 0.02984386950314658 0.01926778811969394 0
1036 0.01656002972390918 0.01312731514090509 0
1037 0.01561177048540778 0.02952836277136455 0
1038 0.02965128956175705 0.01728419588687157 0
1039 0.01266739234027058 0.01198470545272176 0
1040 0.02831669025826839 0.03313173991452571 0
1041 0.03432880587493239 0.007324440926695309 0
1042 0.02119176182398965 0.009214316271457934 0
1043 0.02349718203158263 0.0088953265095795 0
1044 0.01271046695355608 0.02164664842340788 0
1045 0.02629038604370903 0.02219864681099692 0
1046 0.01380472991661701 0.02647456814746776 0
1047 0.03260341421553525 0.01459723242094305 0
1048 0.004997514795073267 0.01816031961971142 0
1049 0.03672841532151672 0.0293153215723149 0
1050 0.02443437134904893 0.01276616508693056 0
1051 0.02485115588950452 0.03328810940226405 0
1052 0.02263831747450244 0.00942303009037217 0
1053 0.002781968011290121 0.02825022697306847 0
1054 0.01102864230432254 0.01933776314956316 0
1055 0.009200161762495881 0.02253481952428222 0
1056 0.02326762724694716 0.02159031899886188 0
1057 0.03579054702070141 0.01854712917040059 0
1058 0.01357399713766138 0.0363052719707648 0
1059 0.01167458133299679 0.03243453698194965 0
1060 0.02758038174998317 0.03017653068652194 0
1061 0.00524753923481714 0.0133425784414267 0
1062 0.0182402513854551 0.02938803529387203 0
1063 0.002361610461521332 0.0190175879900998 0
1064 0.01052150980077067 0.03666324888234314 0
1065 0.03420988426809419 0.01868538080939975 0
1066 0.0215916874018911 0.01901076598213898 0
1067 0.01182150645909309 0.01376666382640206 0
1068 0.0222691366197767 0.03784470838943548 0
1069 0.01562751273498363 0.00882377231320686 0
1070 0.02989371868959618 0.02245928840830689 0
1071 0.01202945771381865 0.02304327006364566 0
1072 0.01291420659405543 0.009025411564972014 0
1073 0.0206228029858743 0.03124659274144581 0
1074 0.004562468674866448 0.02836244616003028 0
1075 0.0326904394188223 0.02103646296172677 0
1076 0.02131147148406813 0.03656283927148862 0
1077 0.02974814001937976 0.005478214283128812 0
1078 0.01322815721776431 0.03469682130172824 0
1079 0.01483758406827406 0.03777199685051223 0
1080 0.03241465470443979 0.03036737426845262 0
1081 0.03734246791500913 0.02255070074522756 0
1082 0.03315563546257909 0.01989251616423297 0
1083 0.001979473003007243 0.02672406816444442 0
1084 0.005175371429891716 0.02550311711204748 0
1085 0.02568584221723504 0.002006966510981818 0
1086 0.03326356515242675 0.007834326714950827 0
1087 0.01862411762066495 0.03327889081581709 0
1088 0.0384769693570388 0.02521608058002138 0
1089 0.002248291473941871 0.02213492808795905 0
1090 0.01804283583848891 0.03801288997008002 0
1091 0.01489779950652905 0.01437286189476712 0
1092 0.01961029072199956 0.005173991189500484 0
1093 0.02614687824987585 0.03129883533053267 0
1094 0.03657653255182433 0.02171443454020438 0
1095 0.002938827928662954 0.01145309626157323 0
1096 0.02857662095950066 0.006271804869436537 0
1097 0.02817690840224901 0.009066731021187695 0
1098 0.02244628196097964 0.03196414799773223 0
1099 0.03597442520227655 0.02411393647700504 0
1100 0.0320870515714951 0.005182284277819776 0
1101 0.02935014869385377 0.03217939260221919 0
1102 0.01470278685969869 0.03397221963333262 0
1103 0.0269317375644459 0.006216363747027102 0
1104 0.001183020888698455 0.023917381695851 0
1105 0.03529785241784613 0.01603904320747826 0
1106 0.02440485121354541 0.007214102641195956 0
1107 0.002550451608203084 0.01225903100211497 0
1108 0.02821882252848128 0.01783969654159513 0
1109 0.01593275177774578 0.007977744052566016 0
1110 0.01138555069292212 0.02802264786352739 0
1111 0.01983410987550034 0.02829971551126937 0
1112 0.01021187543746209 0.006489611515419352 0
1113 0.03226856497751009 0.03134889744596933 0
1114 0.02569219151646607 0.01135949400981133 0
1115 0.0305941933599122 0.03593262410558899 0
1116 0.01637053874544418 0.0358609981903244 0
1117 0.03579183784961486 0.01426662492695303 0
1118 0.03372910421612585 0.01686803321372372 0
1119 0.02986280811923632 0.03642478055043195 0
1120 0.003178728481485562 0.02575120751734006 0
1121 0.01625294846947468 0.03443272785047516 0
1122 0.02932630571930309 0.01025079267501035 0
1123 0.01162805880721608 0.03419620552526381 0
1124 0.00862699543330942 0.01135178733515467 0
1125 0.0266629804935074 0.03408631770588703 0
1126 0.004406653990226599 0.02001314110963985 0
1127 0.02110387226957267 0.01186289092245011 0
1128 0.02302810242121062 0.004018904551785909 0
1129 0.006568100277344143 0.02978971961530253 0
1130 0.01279596898118276 0.005523297140816176 0
1131 0.01440774419366495 0.007043133724600694 0
1132 0.02766600663840186 0.02880398632135017 0
1133 0.02092584679765462 0.02870558957130057 0
1134 0.02988291328928386 0.03364874828973391 0
1135 0.01474611762305138 0.03215818149628823 0
1136 0.0341623979894959 0.02448749689152417 0
1137 0.03174153668050382 0.01189658618674421 0
1138 0.009344057107671524 0.01197779193317585 0
1139 0.02815478927293212 0.0125735793772718 0
1140 0.003623107060854024 0.02727860449165352 0
1141 0.00902008876802857 0.01428171903826361 0
1142 0.03182653713567862 0.006816072151146347 0
1143 0.03114240135286728 0.02359173319561749 0
1144 0.01844652387038476 0.02074373433144522 0
1145 0.02691184225078766 0.004664710575467853 0
1146 0.00389587942193639 0.01826006987349514 0
1147 0.01340503033017994 0.02580752587790715 0
1148 0.02264325873033584 0.007608791362028593 0
1149 0.03877971884349188 0.02381569370788271 0
1150 0.0108835746801259 0.03415387762244873 0
1151 0.03245210899787204 0.03320185004548073 0
1152 0.02497202428691328 0.03177816800627309 0
1153 0.007067737409969504 0.01607735135911323 0
1154 0.009887509362578609 0.003769713435462126 0
1155 0.009688405650128582 0.01492949640164298 0
1156 0.0039340391840182 0.03057421430291862 0
1157 0.008390323780531492 0.03366327897652011 0
1158 0.007242684187774087 0.02076675907468071 0
1159 0.03383559825766198 0.02003419210400591 0
1160 0.02218414403866248 0.03603842101864839 0
1161 0.01059961088872807 0.007162866505599247 0
1162 0.01561971736839238 0.006752504801130137 0
1163 0.01700678879964816 0.002933658318860881 0
1164 0.02845437455998275 0.02068046606607434 0
1165 0.001484076368814646 0.02529731013633178 0
1166 0.02371007188052989 0.01994903910262294 0
1167 0.03912026055457868 0.01988724238879495 0
1168 0.03416482914217608 0.03293243696838215 0
1169 0.03129630317765152 0.02985344410184363 0
1170 0.02893320136146447 0.002961135708354618 0
1171 0.02925846772614379 0.02186269336256172 0
1172 0.03113743147746918 0.01493243567120155 0
1173 0.01326214166892413 0.00339991907800297 0
1174 0.02361525273643925 0.01308073960433384 0
1175 0.01591717759989996 0.001996655878370335 0
1176 0.02748071225698182 0.02671403403981687 0
1177 0.03387445891778672 0.01604443529678022 0
1178 0.03325280309312455 0.006057319643388634 0
1179 0.03086587365262829 0.008786527688169166 0
1180 0.003260032585689045 0.01314040666138794 0
1181 0.03815220215939295 0.02097709511298088 0
1182 0.03447041337003266 0.02146987136508298 0
1183 0.01065672234920289 0.03542973867037232 0
1184 0.03906115611126838 0.02240399580398788 0
1185 0.02501588353241021 0.03415638452433725 0
1186 0.02827866920379652 0.01954656530665622 0
1187 0.004811778630960439 0.03180870089664086 0
1188 0.01371904981451253 0.0232057540115032 0
1189 0.0007364261593884418 0.01967659346087007 0
1190 0.03666424524108271 0.01326184049835003 0
1191 0.02804694947967136 0.003890639334121378 0
1192 0.004057954999123314 0.01274159993404744 0
1193 0.002382128279225494 0.01704732754694363 0
1194 0.005167540332773023 0.02254079257949883 0
1195 0.006839095971218474 0.02570987915522661 0
1196 0.03014892684615248 0.03195329502995514 0
1197 0.01788826176824166 0.0213397773860921 0
1198 0.02734416782131795 0.01099493221050442 0
1199 0.008054053314416911 0.02790246079574679 0
1200 0.02652822555320698 0.005281252691539774 0
1201 0.02271970794881907 0.03126018630934495 0
1202 0.03184175685753626 0.01435408078698128 0
1203 0.0007655218494503416 0.02106289749750397 0
1204 0.009310968265963693 0.02996773161182168 0
1205 0.03081237614181032 0.0110673264080761 0
1206 0.02255904792836735 0.01029133329427464 0
1207 0.01862531793551175 0.009414071346197915 0
1208 0.03334088968186193 0.0281635640720204 0
1209 0.03851874785594916 0.01472434249754582 0
1210 0.03566492496586363 0.01760424917169872 0
1211 0.02301043375066764 0.01196317807155993 0
1212 0.008471527671602344 0.01963448173040206 0
1213 0.001347143250210729 0.0153625995462046 0
1214 0.004621883702408673 0.02081298989911437 0
1215 0.02242714910408448 0.0152349892547208 0
1216 0.0113189899522455 0.02286004358368569 0
1217 0.00589238037272727 0.006931545319649285 0
1218 0.02526099287509643 0.004614461954651603 0
1219 0.01941418793465364 0.01197581107629046 0
1220 0.009270332262668202 0.02895660132681535 0
1221 0.03113573385046213 0.03123643201370314 0
1222 0.0236604186843961 0.02950951694400137 0
1223 0.01742828034282577 0.03680402751856338 0
1224 0.0197758658263477 0.00348970632252894 0
1225 0.02968349570876557 0.01121796313284921 0
1226 0.03436373101323857 0.03118977572857968 0
1227 0.01193499035301961 0.02656963675008066 0
1228 0.01234473648739868 0.02725346661954077 0
1229 0.006098462322858813 0.02614324032645979 0
1230 0.0255752583387695 0.01908979107671649 0
1231 0.002609959749635887 0.02278746792750785 0
1232 0.001034797551349151 0.01679972114418329 0
1233 0.03256285018412066 0.02257220009251261 0
1234 0.005116393634988966 0.01494937164264577 0
1235 0.006300973633174178 0.03148163519715545 0
1236 0.0336820124216031 0.01244800358091544 0
1237 0.0109900065946979 0.0160640414457836 0
1238 0.01791333623073259 0.01255488837411995 0
1239 0.01560918552906729 0.003529823508864414 0
1240 0.01388523195559931 0.02465816152256092 0
1241 0.03342144573445142 0.008972256629842142 0
1242 0.03309354194708466 0.01847556445471336 0
1243 0.03084479405359748 0.03322889818930996 0
1244 0.0195561211621137 0.03298990589724477 0
1245 0.01408481046596072 0.01297322344147456 0
1246 0.03088339329061698 0.004126348685360316 0
1247 0.02841778490969259 0.007585280776216336 0
1248 0.006269246200560151 0.01228268217642585 0
1249 0.02815260708047262 0.01100154042285453 0
1250 0.00756529650340019 0.02433844497915927 0
1251 0.02798483494266472 0.02953670962585375 0
1252 0.02335257865143605 0.005479628174113302 0
1253 0.02946953441983609 0.02462519238690181 0
1254 0.01774144945036852 0.00561990936604384 0
1255 0.01891478085023942 0.03815678654978605 0
1256 0.02306404107425419 0.02228211375541196 0
1257 0.01396952660432441 0.02861073316569424 0
1258 0.01066229721409851 0.01404251668748667 0
1259 0.02813568069351398 0.005625553423239192 0
1260 0.007979748937983552 0.01526081082050615 0
1261 0.008350509130177859 0.01803032312233992 0
1262 0.03710284194944674 0.02627745132665709 0
1263 0.03164758351909856 0.01339199512658718 0
1264 0.02924518824996841 0.03072369370236195 0
1265 0.03801444069036575 0.02220430273783326 0
1266 0.006587513259872892 0.03406600674249274 0
1267 0.01923124741221367 0.03508496774990538 0
1268 0.0048633618019489 0.02378388799563599 0
1269 0.02809650452864412 0.02290105001387832 0
1270 0.0329050031511488 0.01291036165133303 0
1271 0.02033341825636859 0.008056812655391848 0
1272 0.00207920754877472 0.0238967596310663 0
1273 0.0100833755504998 0.004976285034673188 0
1274 0.03324196817198858 0.0340286844025149 0
1275 0.0294573786042034 0.03494053527233794 0
1276 0.02494490197521628 0.02365645809355653 0
1277 0.02612529091523155 0.01201035738725584 0
1278 0.01347179706902334 0.00600353090749503 0
1279 0.02479012580820921 0.02643006616011561 0
1280 0.03020859369827067 0.01670967042751706 0
1281 0.006666844781484405 0.01723603116766769 0
1282 0.00866989741283552 0.02064442140945489 0
1283 0.01507378254736336 0.03462443599089023 0
1284 0.02932008698320918 0.007665079810243097 0
1285 0.03134136142987584 0.02028077956808514 0
1286 0.002869335389396498 0.02053089602955819 0
1287 0.03572316337610125 0.01264778323463659 0
1288 0.02738476173515391 0.03533245781092107 0
1289 0.01693586920591088 0.009478987059987993 0
1290 0.003293430923910632 0.02141940519556787 0
1291 0.007762774871667396 0.006677327407313773 0
1292 0.02433872924155247 0.01152793159983513 0
1293 0.01571494676340373 0.0330626266568328 0
1294 0.0140491148390274 0.004687557558989652 0
1295 0.01203948363137842 0.01512349717010569 0
1296 0.01260921432768552 0.02256513489839751 0
1297 0.01072422959321992 0.02947084738861356 0
1298 0.01261787217249601 0.02424172100672402 0
1299 0.0101322848964518 0.01342884953286479 0
1300 0.02688197148295735 0.03804659287294579 0
1301 0.03323620148303418 0.02148321559288972 0
1302 0.02432543062618293 0.03032204597410222 0
1303 0.03781234729478487 0.01603633063994047 0
1304 0.03832931250435671 0.02604903788122331 0
1305 0.01051760807978661 0.003299461193638342 0
1306 0.0262744703397329 0.02906308224275401 0
1307 0.0331650012817476 0.03186627078523474 0
1308 0.03402292969915904 0.02972190957600773 0
1309 0.002194342018769471 0.01834223670779859 0
1310 0.006972001447354378 0.01287555393688594 0
1311 0.02078530648423917 0.01119676309256482 0
1312 0.03177690441841988 0.02237521744120929 0
1313 0.02890209167944375 0.02973131187769115 0
1314 0.02862254065759991 0.01185217675260148 0
1315 0.02823686628286138 0.03406997058395884 0
1316 0.02000279136029492 0.01850853549256157 0
1317 0.02025931204366477 0.03807927371917992 0
1318 0.01258695898481715 0.02556909135399744 0
1319 0.008246821591734068 0.03515878031717519 0
1320 0.008608340390288887 0.009334549938626745 0
1321 0.02558301063546368 0.003341385631919307 0
1322 0.02532375699030102 0.01994364216428696 0
1323 0.03047048065622846 0.006657835421033275 0
1324 0.004036240391947856 0.01184246069750543 0
1325 0.02593102081150414 0.008430012778402074 0
1326 0.01661894144031126 0.0322632361531606 0
1327 0.01004268334462041 0.02527116883061988 0
1328 0.01848400388900644 0.006355517881902783 0
1329 0.02763409019559365 0.01620838960562824 0
1330 0.03619928369221075 0.02759851408773636 0
1331 0.007896041045115182 0.01377463050781729 0
1332 0.0105007991814522 0.03322810556626038 0
1333 0.03040389018449498 0.02800006270554298 0
1334 0.01685830444887208 0.006508118623615704 0
1335 0.02682261540370375 0.003317707576438688 0
1336 0.003548596799259517 0.01902613373607416 0
1337 0.002793012300264196 0.02635414289793065 0
1338 0.01115079437964614 0.01530433438207338 0
1339 0.01827010478208263 0.0361607264498011 0
1340 0.03701361607448955 0.02486388833495676 0
1341 0.009468977621763483 0.03439582951634991 0
1342 0.004762922045721065 0.008218071283685395 0
1343 0.02864290111822271 0.01026697340777001 0
1344 0.01120868202915859 0.01106280324562193 0
1345 0.03641778619877288 0.02344800637207347 0
1346 0.03771600923737337 0.02370501375841337 0
1347 0.02050174217919751 0.03582121158375219 0
1348 0.02427707417759227 0.002982215570542825 0
1349 0.02196566793017864 0.009090076953967154 0
1350 0.02432653011635855 0.02503559695671 0
1351 0.01693557932675219 0.004258996579996677 0
1352 0.01465249274301101 0.03537529504437741 0
1353 0.02609505099836581 0.0369831758239593 0
1354 0.00152855766057633 0.01979812269803657 0
1355 0.02667881838909483 0.0203856384200876 0
1356 0.02762774188418782 0.03765800257798832 0
1357 0.005686648820705001 0.03087810750675134 0
1358 0.02130561312806797 0.0182018889167587 0
1359 0.009286342436387688 0.02545722267726933 0
1360 0.006084018724255826 0.0200566698963833 0
1361 0.03035536336369967 0.01446609018007761 0
1362 0.02069685029298421 0.009663930318482129 0
1363 0.0193805317472976 0.006750201490716859 0
1364 0.001636865302592726 0.02098961083620198 0
1365 0.02520649300195882 0.03562126607282635 0
1366 0.03740384452744329 0.01458620455364807 0
1367 0.0332399739015056 0.02890795498300972 0
1368 0.01771122470306058 0.030069641130403 0
1369 0.002245377961884839 0.02498010521889362 0
1370 0.03159043033186176 0.02845338974150538 0
1371 0.00772940810823127 0.02351072926736774 0
1372 0.01675085738878497 0.00786748494644356 0
1373 0.01194920948673088 0.03002415136351499 0
1374 0.02724247739341511 0.03445502621311836 0
1375 0.0273608278088207 0.01943967859029445 0
1376 0.0249386139969307 0.02560141713336972 0
1377 0.009098458934027954 0.007193077938153788 0
1378 0.01391472243186053 0.02179919327764663 0
1379 0.01940371670004493 0.009143342362815013 0
1380 0.002647800765401363 0.01444039583446502 0
1381 0.03707877847527981 0.02323392510775945 0
1382 0.009492625089544144 0.01864348123442047 0
1383 0.01289354870852198 0.03087357138376051 0
1384 0.00652843331311731 0.02186854842973201 0
1385 0.016153463738831 0.02620301097549192 0
1386 0.01401990110082492 0.01880905707903253 0
1387 0.007877323953849751 0.02966399249128234 0
1388 0.03214682675288916 0.01700912466890216 0
1389 0.01467583966750629 0.03704771583704054 0
1390 0.002054357883726727 0.01568955007825468 0
1391 0.007446184636901819 0.005358037311219331 0
1392 0.004636921847317465 0.03007648528818471 0
1393 0.02484801791473241 0.007740236565021274 0
1394 0.03054956728949837 0.005299880994679025 0
1395 0.008944720917294155 0.005662259337891931 0
1396 0.008827415689555607 0.02763884420902237 0
1397 0.02583537435825205 0.006846318573617168 0
1398 0.02198788609397316 0.0223722619099626 0
1399 0.02270638482147022 0.01428642091934369 0
1400 0.01586105675678636 0.01451818163820533 0
1401 0.03652566359406258 0.01718591760281768 0
1402 0.02305914852459667 0.01949642635864677 0
1403 0.03124246285486527 0.017055232101898 0
1404 0.02328144188498689 0.0268382627885595 0
1405 0.01338087520722196 0.0240998971571036 0
1406 0.01354701817223951 0.03822358950820934 0
1407 0.03569332262244643 0.008739924712220119 0
1408 0.0308806556364242 0.02502430861056303 0
1409 0.01372242637250823 0.01550354741783896 0
1410 0.02968048551095769 0.01558867239590487 0
1411 0.01953909854068223 0.001864042861249141 0
1412 0.01201836835046941 0.03189296111292966 0
1413 0.0292093838132663 0.02719237938473092 0
1414 0.02081849471351013 0.03213259566859574 0
1415 0.03317501135419883 0.02528441891523306 0
1416 0.01409102996300343 0.002917853393349833 0
1417 0.02647854729006124 0.001930497139230238 0
1418 0.02562677851160584 0.03297850928122074 0
1419 0.01199751595495398 0.01680404886597083 0
1420 0.03153344575946324 0.0185143479958031 0
1421 0.03599749586748839 0.0289608675717757 0
1422 0.008956587825607969 0.01276858969776911 0
1423 0.01095258639415642 0.03094973137645275 0
1424 0.02128217671793175 0.02749820199081073 0
1425 0.02356351028139131 0.02347148588196986 0
1426 0.01153303936349587 0.005751063540930506 0
1427 0.006722266487539957 0.01858855108942047 0
1428 0.00360112661729883 0.01024705194087767 0
1429 0.01050892869965583 0.01473410183918659 0
1430 0.01041618604055127 0.0127068224861171 0
1431 0.01224033828664172 0.03775932023299532 0
1432 0.02106748824056085 0.03488161175138355 0
1433 0.00895760701155751 0.02404787699766279 0
1434 0.02930768388222193 0.02555477003445305 0
1435 0.02042954752487473 0.02989124146805442 0
1436 0.02114250389585664 0.02938010034050954 0
1437 0.007339276555445768 0.01983848466481371 0
1438 0.02941327159311097 0.008724340691186902 0
1439 0.01209045453124019 0.01836118321632679 0
1440 0.01561200426423308 0.005257599081454685 0
1441 0.0262859441459154 0.02586341921787894 0
1442 0.01504494047141424 0.001962742281979925 0
1443 0.02427920130598986 0.008885246837529937 0
1444 0.01656863089469299 0.01241684260429174 0
1445 0.01084717315214745 0.0323313687697705 0
1446 0.0345765516936043 0.01482433916119061 0
1447 0.01102809676890536 0.0241708465829303 0
1448 0.01037088350503923 0.01735867105399246 0
1449 0.03608947582655984 0.0267730236052369 0
1450 0.002666032351465768 0.01775218797621967 0
1451 0.03309456867334374 0.02372319838838905 0
1452 0.02234909403591372 0.0115574134915645 0
1453 0.007116401015225255 0.03300671760857094 0
1454 0.03331337092905678 0.01409021679600561 0
1455 0.01344443139060066 0.008352000556365338 0
1456 0.02651872508268999 0.01431131517636963 0
1457 0.03268225791313445 0.006796324320571144 0
1458 0.03634570519620853 0.01618281455862404 0
1459 0.02133314267759927 0.007287059013398376 0
1460 0.001427549960113624 0.01448789217244796 0
1461 0.01220181378638565 0.03356530329523253 0
1462 0.0152922149478207 0.0224190167998665 0
1463 0.01026391450688437 0.01614682564298607 0
1464 0.007814757768246007 0.01175262663345749 0
1465 0.03485260691910086 0.03238652538955336 0
1466 0.03667396863118607 0.0201704715068158 0
1467 0.01818426018473285 0.03197361882124661 0
1468 0.01355313892213327 0.01109659589329973 0
1469 0.008080340860609162 0.02121923917216718 0
1470 0.003407657895053907 0.01646503601123825 0
1471 0.03547945074191659 0.02531840057334321 0
1472 0.008726695367785513 0.02486167531898063 0
1473 0.01269921980212118 0.007242171751019984 0
1474 0.009382311918277821 0.01351505426827902 0
1475 0.01539428964684682 0.01327073843650256 0
1476 0.03078949929967494 0.01320753026930462 0
1477 0.004959583841878163 0.01407066212227965 0
1478 0.02835422009401095 0.01502474558696132 0
1479 0.02669592601334307 0.03209858466270168 0
1480 0.03198192701168366 0.02087977245193911 0
1481 0.03413873549791274 0.02258762107054068 0
1482 0.01354764527004063 0.001812507960348802 0
1483 0.01870183622378684 0.02247896797177956 0
1484 0.009720267261465248 0.02188251219872771 0
1485 0.02540367284002242 0.02702661023424562 0
1486 0.03664046860947939 0.01035153751116628 0
1487 0.01929182290365557 0.0303850433820105 0
1488 0.006324977638643292 0.006385948555801718 0
1489 0.01964545662222611 0.0368499014727857 0
1490 0.007967806494641679 0.009623468828124673 0
1491 0.0213175794596431 0.01046174030146559 0
1492 0.001744743205248953 0.01325097009385396 0
1493 0.0305831229090783 0.02966766920710994 0
1494 0.009798505940404682 0.03184665432405018 0
1495 0.01250189201870115 0.01382222703227676 0
1496 0.03816807868984534 0.01344376502643481 0
1497 0.02367545014728045 0.02552669786501297 0
1498 0.02429253917448761 0.005438358060120389 0
1499 0.03786654617280388 0.01259198255276012 0
1500 0.004233407256934267 0.009012844634031281 0
1501 0.03648628292289589 0.03020436637408665 0
1502 0.01732792815488726 0.02306327433566198 0
1503 0.03452155905830703 0.01115154822656225 0
1504 0.02069701595711711 0.004697472584583549 0
1505 0.03139513253656231 0.01569370094424452 0
1506 0.03727468153955976 0.01127631782866704 0
1507 0.02480588741183566 0.03816246280397983 0
1508 0.008718854327245614 0.03124019893726947 0
1509 0.02973284503916586 0.01487593542586817 0
1510 0.01048528245563534 0.02890602993036632 0
1511 0.02629893346477703 0.01286384857882819 0
1512 0.01839533705145253 0.007842402768837358 0
1513 0.02711519003660599 0.0117233452081858 0
1514 0.007886150475466865 0.01036264689400633 0
1515 0.02575742430494281 0.005281765798297382 0
1516 0.01112110833578369 0.02210296977493465 0
1517 0.005674361129998248 0.009006982685170688 0
1518 0.03519375556322848 0.0301101947211638 0
1519 0.01952097986018007 0.02424719664535963 0
1520 0.01309676807350857 0.01277558653097292 0
1521 0.006599495666773186 0.02300628002765482 0
1522 0.02278525304408854 0.01269728126738042 0
1523 0.01687253080081604 0.01564116440438766 0
1524 0.03422116582286173 0.00904893740689269 0
1525 0.03521838250993915 0.01004930568820848 0
1526 0.03830827925800524 0.01939659264243394 0
1527 0.0169584221211469 0.01130135244042124 0
1528 0.01385913318138435 0.03393232661687177 0
1529 0.02742035167054905 0.03668208920846039 0
1530 0.02525139363985357 0.0162596553837641 0
1531 0.00533501464895389 0.009652810105424115 0
1532 0.03165930525100511 0.0355012000807006 0
1533 0.01926997385826073 0.02148909465003367 0
1534 0.009923247248789169 0.02045367847205973 0
1535 0.03743243509248705 0.02824744102601627 0
1536 0.02613286849039266 0.03565009614891444 0
1537 0.005833147451238519 0.0247581113821959 0
1538 0.005010074752201315 0.01957028270906302 0
1539 0.006505951936743181 0.007647857775580507 0
1540 0.02398781284671043 0.02802175188535082 0
1541 0.006659411519236682 0.02837299493176652 0
1542 0.03550561582889603 0.02237934900090911 0
1543 0.005975048743326541 0.02825589873273316 0
1544 0.01531901816805563 0.01188985221550659 0
1545 0.02414725933655238 0.03182623242595287 0
1546 0.01822247173509283 0.03406877240164898 0
1547 0.003545589494913886 0.02455010041243979 0
1548 0.006597623774424714 0.01165008133234401 0
1549 0.03501267105130161 0.01699356743540693 0
1550 0.02698898368190587 0.0274128030403225 0
1551 0.003400952123154177 0.02990791048686999 0
1552 0.0388471990668417 0.0246225975683305 0
1553 0.02812364777167993 0.02536978729709907 0
1554 0.02217135550139679 0.02040979364006214 0
1555 0.03076300913863352 0.02159091849030817 0
1556 0.02442084435010294 0.01014099043002712 0
1557 0.02881696488506683 0.01822858277620179 0
1558 0.0180991959446782 0.001834008274750797 0
1559 0.005705083778362681 0.01606681862276179 0
1560 0.008203642927117701 0.0263723017468749 0
1561 0.01888588466245716 0.01252593756187887 0
1562 0.021426524142149 0.001937153552177742 0
1563 0.03433847287311406 0.02074529644014407 0
1564 0.00563644015377622 0.02948414616461792 0
1565 0.02668403317008052 0.02323366511727206 0
1566 0.02743276563583739 0.02341097412497425 0
1567 0.007998598815800572 0.02492805587872637 0
1568 0.004143790947279763 0.02141761373421816 0
1569 0.0345362454163531 0.0261162799163421 0
1570 0.01490700096410094 0.003816402105067531 0
1571 0.03176294183820111 0.03362585660048933 0
1572 0.03235862533224314 0.01136454263597156 0
1573 0.02508261205693811 0.01488273446735907 0
1574 0.01319557119625709 0.02972433597587249 0
1575 0.005472719455636302 0.01212341522862037 0
1576 0.02744620224003734 0.0124727930527162 0
1577 0.02227766126037606 0.02856777698974466 0
1578 0.01147544399651144 0.02477203399726844 0
1579 0.03561794706781193 0.02083986346188949 0
1580 0.02860651027806456 0.03477990013855505 0
1581 0.02217154333046955 0.006295186451845351 0
1582 0.02065228263808004 0.007361645610781103 0
1583 0.03573228536504529 0.0112407676891999 0
1584 0.03615774671298486 0.0118177158501176 0
1585 0.02172499929549088 0.00317684871438156 0
1586 0.02210092335355496 0.01380115940843263 0
1587 0.01880973060453145 0.0186145336574637 0
1588 0.01639065944826393 0.02459261649987045 0
1589 0.03247883521694146 0.01958815689132124 0
1590 0.0323674931461784 0.02478469301094631 0
1591 0.02851074106013092 0.02208414710025886 0
1592 0.005141083441629869 0.02726176715886193 0
1593 0.03546888117381389 0.01934529612148695 0
1594 0.03106458123970995 0.01791211954674044 0
1595 0.009433470273067566 0.03275431603691904 0
1596 0.02212778135857753 0.01304036240908958 0
1597 0.01559582101222176 0.03807440598308189 0
1598 0.01949104546353991 0.02897334962019584 0
1599 0.02379511992971539 0.03271333435507166 0
1600 0.02358924952942193 0.01148945793378741 0
1601 0.01676613324731997 0.01654408890945738 0
1602 0.0281054153270036 0.02459417582287518 0
1603 0.02473186193878923 0.018023485680234 0
1604 0.0341783418566263 0.01399007857013751 0
1605 0.009533684212309716 0.02672375226103599 0
1606 0.03492552659799003 0.00752966416850649 0
1607 0.02826565889110561 0.0281267787467999 0
1608 0.01897552098166835 0.01128728521071263 0
1609 0.01181183725189946 0.008469558849597131 0
1610 0.009032789693350814 0.03362734866437905 0
1611 0.02875430758539795 0.02343764072389497 0
1612 0.01630708850470658 0.03369502068702615 0
1613 0.01743697081887431 0.03522999102865665 0
1614 0.01101959534086021 0.03717608795748477 0
1615 0.03026513904742251 0.01807161002484394 0
1616 0.02915367145315141 0.03708771054072035 0
1617 0.03388094323679824 0.02669502897067327 0
1618 0.02189528916224796 0.00783195833332519 0
1619 0.01353214747000747 0.03132201704217321 0
1620 0.005313419694625699 0.01102469382005276 0
1621 0.01798906177085939 0.03085884551015443 0
1622 0.02348333118600748 0.03816504716698484 0
1623 0.02810187499298521 0.008376549825949174 0
1624 0.03113565712264087 0.02693434506743719 0
1625 0.007803136101982045 0.01743719817142265 0
1626 0.03072820113367888 0.02053235547889696 0
1627 0.0242174555478243 0.02890787071979804 0
1628 0.02753405754255264 0.004483683769289858 0
1629 0.02239360855071171 0.02998758662719244 0
1630 0.01161779167439551 0.002742615528331969 0
1631 0.02687095654399986 0.0246812459253519 0
1632 0.02041074089528923 0.002958009404704611 0
1633 0.009994093820798189 0.01150636578821714 0
1634 0.01776472642946982 0.02521716886998743 0
1635 0.003989990976814184 0.02881692776993849 0
1636 0.03249508073689426 0.01577398108191957 0
1637 0.008048485777490934 0.03096692847419161 0
1638 0.009292280912972109 0.01937074105307063 0
1639 0.01797901026453269 0.007120194499517698 0
1640 0.01192073955322711 0.0214721375724393 0
1641 0.01097618319938544 0.02682693282691075 0
1642 0.0222733897502826 0.03279006784154349 0
1643 0.03035451786406215 0.03511957404225395 0
1644 0.02415094588995427 0.03428711500390833 0
1645 0.008361335702803303 0.00816722759995224 0
1646 0.02701256441299443 0.0149867667530614 0
1647 0.02121252313096995 0.005202391377765776 0
1648 0.01416565264757832 0.01393057970042657 0
1649 0.01333604790076282 0.01675451217127362 0
1650 0.03088994678589075 0.007941517261810886 0
1651 0.01615385779483633 0.002900324076744815 0
1652 0.0165922184426007 0.02156883577762079 0
1653 0.03911509438112042 0.01681955297857942 0
1654 0.02902123950056932 0.01454772341044071 0
1655 0.01894183828940004 0.005017126180066733 0
1656 0.03258448690438272 0.03466855185665985 0
1657 0.02580407048815871 0.01587434908552569 0
1658 0.01818067769786886 0.0326853652723142 0
1659 0.01701738340649935 0.02032195523711608 0
1660 0.03471750196264497 0.02881850367517171 0
1661 0.0181345843983316 0.01535190627048569 0
1662 0.009162103298895271 0.01700834417366828 0
1663 0.009090742008823875 0.01054516500148418 0
1664 0.03575931613648469 0.03133397603020841 0
1665 0.0008986812855903033 0.0232134839579121 0
1666 0.01614691313960586 0.03709852955875684 0
1667 0.02764088878235726 0.02106250629470925 0
1668 0.03621774956221628 0.009302839989502727 0
1669 0.01586946402995626 0.03106304699868304 0
1670 0.01326835183541641 0.01482307079642246 0
1671 0.008053850518947143 0.01865891120754679 0
1672 0.02422101065570026 0.01846321408162984 0
1673 0.02472670752207765 0.005998605321729075 0
1674 0.03754475130927332 0.02437152641910041 0
1675 0.02817355711841446 0.03540843255927641 0
1676 0.01950014304879259 0.01353411208703089 0
1677 0.004303272455838985 0.01042032720345743 0
1678 0.03280784188383034 0.005474281529861258 0
1679 0.0006975220328331901 0.02182526304129375 0
1680 0.02242918233172062 0.003043928287743632 0
1681 0.005431780403768554 0.01766451394490409 0
1682 0.03167170029501214 0.006080334849553563 0
1683 0.0122471585106484 0.01985048460774518 0
1684 0.0175074498600384 0.02723792679261747 0
1685 0.03164034734691534 0.007601940360811505 0
1686 0.02129181953194339 0.02611957881651933 0
1687 0.02155209672749608 0.01249324532489408 0
1688 0.01614775128822387 0.006375525494395571 0
1689 0.01412493324774594 0.008448413877205716 0
1690 0.0307885106763602 0.03458423045556481 0
1691 0.02924814805320495 0.006164991710758991 0
1692 0.01132629290006186 0.004747278530294052 0
1693 0.02894859217257545 0.01596561123174422 0
1694 0.03225493882284292 0.01814589556924475 0
1695 0.005088048305957701 0.03250899707898502 0
1696 0.009678792829148752 0.03529750825848948 0
1697 0.003541017689349078 0.0227130335393584 0
1698 0.02750566677140337 0.02423344346137116 0
1699 0.02860176160540943 0.03595496361505889 0
1700 0.004005121598395559 0.01411179407409601 0
1701 0.02411945903140614 0.01708403955968558 0
1702 0.03690031112226975 0.02111558718749545 0
1703 0.01912266653552501 0.007579067028891943 0
1704 0.01409546691311397 0.01755196199244672 0
1705 0.006304027839563867 0.01382797566620983 0
1706 0.0295351001389502 0.02328169944728088 0
1707 0.03157276025644092 0.02164203519143426 0
1708 0.01578061942187933 0.02367033390400543 0
1709 0.02514805712464328 0.01015498838677575 0
1710 0.03386205666152634 0.03360261485208962 0
1711 0.03111032026459196 0.02288254457827511 0
1712 0.02576946102360279 0.01330515080332887 0
1713 0.02685295285558553 0.03048786633836548 0
1714 0.03174794034593168 0.03225178745674348 0
1715 0.01404966279305651 0.03571456143734722 0
1716 0.01305138214227868 0.02834603487705473 0
1717 0.007190020447540052 0.02774755560567565 0
1718 0.004420674176014026 0.01533724205219341 0
1719 0.02928625949949995 0.03584985150233244 0
1720 0.007546657272209403 0.0320218895653353 0
1721 0.03396169258446555 0.02792361030866881 0
1722 0.01050397956752591 0.0216261924802271 0
1723 0.02273237268338585 0.006729365566686449 0
1724 0.01205157194939976 0.03645865538820389 0
1725 0.02338901360674166 0.006420773649176374 0
1726 0.03322339647335955 0.02223672833405481 0
1727 0.004481571662593869 0.0251719082025138 0
1728 0.01401703315390847 0.02244470369919965 0
1729 0.0245504352753377 0.004232553665389466 0
1730 0.02660342413214736 0.01810236929777896 0
1731 0.0182246367887117 0.004503537109921477 0
1732 0.03407750814947997 0.006776804881428372 0
1733 0.0128316991184317 0.03597422260169707 0
1734 0.02785610096640305 0.009576949066025266 0
1735 0.01064099414137399 0.02566377270135526 0
1736 0.0256724022584811 0.004018413745642189 0
1737 0.004225922845708507 0.02655477599634957 0
1738 0.0007845621154728283 0.01753200803990006 0
1739 0.02561921214827564 0.02537943252606098 0
1740 0.03385075104229526 0.01524649585548995 0
1741 0.02191449444336604 0.02661068638682061 0
1742 0.003083977964829041 0.01066950044614612 0
1743 0.03590633869778694 0.01557023858052277 0
1744 0.01204671584263519 0.01436653378422068 0
1745 0.008786443603342544 0.02313152399041733 0
1746 0.01511671964094854 0.02142579074020953 0
1747 0.01957167741482747 0.03827752559619317 0
1748 0.005150968405275373 0.02316896010439596 0
1749 0.01058554999288404 0.01872653545826223 0
1750 0.01423700970090032 0.0301685257391999 0
1751 0.0149089870852567 0.006461526348469134 0
1752 0.02989278568906565 0.02606433294962775 0
1753 0.02023488859016215 0.00178712506592376 0
1754 0.01720459369932344 0.007136542052583088 0
1755 0.01801348993576295 0.01041714722288202 0
1756 0.0381627114763073 0.01767520288308883 0
1757 0.02296868392985279 0.03707210321819299 0
1758 0.02089385913223836 0.01386875965587432 0
1759 0.02150794890955894 0.01417785713643353 0
1760 0.03603624704184955 0.01486181886744833 0
1761 0.03538645921228719 0.02929751644708548 0
1762 0.02560512205305223 0.02262481046660571 0
1763 0.02329999209609184 0.007976817615904474 0
1764 0.0270816757328167 0.01369104213470253 0
1765 0.02983332382247683 0.009839489605456742 0
1766 0.0374328909612829 0.01390122992146297 0
1767 0.02457805346750729 0.03693780407724893 0
1768 0.03376118938554039 0.01155286408859374 0
1769 0.03035220577259549 0.01592796570832695 0
1770 0.03252923925685328 0.02334241876498927 0
1771 0.01763131212417212 0.01878704736029272 0
1772 0.01766675982759669 0.01944992171007179 0
1773 0.01974678114751867 0.03435281559126115 0
1774 0.002390342345461444 0.01969772831083185 0
1775 0.02195991373266392 0.02448986340949047 0
1776 0.009226629702249909 0.03602422716994792 0
1777 0.01000984686676988 0.009469625664279639 0
1778 0.01283528711374021 0.01131754918581303 0
1779 0.02440492192608908 0.001869442279588639 0
1780 0.01350156495144326 0.00412082067742826 0
1781 0.02069169322571421 0.02706994211817751 0
1782 0.02004991405223019 0.01916263565223668 0
1783 0.02545930183477037 0.009024608827973547 0
1784 0.02559992519181271 0.009652681396325805 0
1785 0.0006230978448562609 0.01894404803923249 0
1786 0.01257554272561668 0.01886578322493522 0
1787 0.02208108083160845 0.004343546173093238 0
1788 0.02189112505148895 0.005000979740553458 0
1789 0.03724491269069911 0.01552345886989387 0
1790 0.02957986333836222 0.02787313495392551 0
1791 0.02779371960508796 0.01469415823433392 0
1792 0.008816170534607709 0.008681443228304945 0
1793 0.02147193883935604 0.01498498154063123 0
1794 0.01926936841592663 0.01486994692076514 0
1795 0.01901645637398598 0.03709752898509309 0
1796 0.002012898625717924 0.02751100852993075 0
1797 0.0210367106264549 0.005906711445318602 0
1798 0.009049484431876047 0.02618479884440764 0
1799 0.01784402022229 0.02201462491500263 0
1800 0.00743249174289091 0.007306343028531224 0
1801 0.007220063006664931 0.01140501114850199 0
1802 0.02347903783442848 0.00175673637082438 0
1803 0.01363524719618013 0.01813067801711019 0
1804 0.02696683405616269 0.01302456835154718 0
1805 0.01565171431185595 0.01668864651238144 0
1806 0.01642788872810288 0.01940073866297431 0
1807 0.02787683651539128 0.03223190654126355 0
1808 0.01149609807370102 0.03546397641613777 0
1809 0.02217837508282272 0.001887520827255226 0
1810 0.02542958978234027 0.006027144832322509 0
1811 0.01527323386867706 0.008257764711857015 0
1812 0.02763654724516369 0.03095904597416523 0
1813 0.01780437382768264 0.01170463420634816 0
1814 0.01708629599900708 0.03346924599368001 0
1815 0.01750053145084115 0.03411268657791692 0
1816 0.0392874318413019 0.018388546517926 0
1817 0.02753654510562633 0.02566172705086654 0
1818 0.01962463410437222 0.0311526265938253 0
1819 0.01292962483490298 0.03240836511811734 0
1820 0.01485638756519369 0.02971078887257884 0
1821 0.02723201345518468 0.008331393468057788 0
1822 0.02433238349456906 0.01919166839532851 0
1823 0.02689549563773886 0.02534041204786072 0
1824 0.02774139456417161 0.01392734202874201 0
1825 0.02297321608633389 0.0185498725339749 0
1826 0.03120587592414981 0.006547762072015422 0
1827 0.01481287447070529 0.02610994476549073 0
1828 0.0351873994455086 0.01343611570101195 0
1829 0.01612849926585148 0.004115484994681961 0
1830 0.02738678301737473 0.007200011022614096 0
1831 0.01152226721162521 0.0175879232648694 0
1832 0.03296897043636816 0.03037011643934503 0
1833 0.03258281880656812 0.02906637172091716 0
1834 0.02336688370047713 0.03386732836102056 0
1835 0.03583644362557993 0.01057023644276083 0
1836 0.03233550634761677 0.0261044893112375 0
1837 0.0105516167923519 0.005804729786506781 0
1838 0.02965557673794269 0.01992723140512039 0
1839 0.01183802540086235 0.02862510930456888 0
1840 0.01331278988933583 0.007588489330337159 0
1841 0.0038557808343378 0.01479236420094245 0
1842 0.005791700098795038 0.02078573372936727 0
1843 0.02981505361415013 0.01231228330216928 0
1844 0.009675054253496445 0.01574166302658285 0
1845 0.009069404192071815 0.003837357277884142 0
1846 0.02194179323581917 0.03529244089275287 0
1847 0.02083947727990149 0.0195187492724597 0
1848 0.01982719516353257 0.0323486395660232 0
1849 0.01905374069844963 0.02605350637199371 0
1850 0.02254672091595952 0.01714809074002678 0
1851 0.001564195646166507 0.02606390806861652 0
1852 0.02698161591513329 0.007719693406847536 0
1853 0.009393262062440315 0.02094057539900222 0
1854 0.006117524926912404 0.01879846687626539 0
1855 0.01631097045692719 0.01090420268689857 0
1856 0.02153792446445802 0.003863375131476842 0
1857 0.03938547707174115 0.02174845307048633 0
1858 0.01935109720919931 0.01816509697312435 0
1859 0.0293926482924784 0.02910762573410328 0
1860 0.01529568006116439 0.01878378390338464 0
1861 0.03674538510015048 0.02557657230365021 0
1862 0.03721184984001169 0.01264035828881092 0
1863 0.03524968614527994 0.02665354174923781 0
1864 0.0237927777021684 0.02206715006749033 0
1865 0.02082026348552356 0.008585634312547727 0
1866 0.03342888647415457 0.01038692413572168 0
1867 0.01811964590259137 0.02338321888753173 0
1868 0.01693749282927407 0.005232497064721002 0
1869 0.03891205960670888 0.01542962238489851 0
1870 0.007260928765066765 0.01460052072431555 0
1871 0.01140616556354188 0.01169163141736775 0
1872 0.01730455561784683 0.03832713363549727 0
1873 0.003743869694243711 0.01976020339013868 0
1874 0.01016562529195751 0.02302829861636439 0
1875 0.01777996309928111 0.02797951292049435 0
1876 0.02328295765713638 0.03090153324555638 0
1877 0.01157483405717104 0.01306897635672635 0
1878 0.03193504058758946 0.02781375779189818 0
1879 0.0130813010219877 0.02294482986396603 0
1880 0.02770251073063267 0.002344602202402023 0
1881 0.03064203144989302 0.03247987747289964 0
1882 0.02487742941344977 0.02899219004970024 0
1883 0.02529554459571993 0.03688012579723919 0
1884 0.01537575255461047 0.03072485134189796 0
1885 0.02495465784182948 0.02223180422834257 0
1886 0.02506253233701558 0.02153877982919165 0
1887 0.02433328344465018 0.02250639566631636 0
1888 0.02426410843262937 0.02322114799452057 0
1889 0.008326753009494037 0.03232725084033068 0
1890 0.02677499040644149 0.01064986578955758 0
1891 0.01299099571705254 0.02070665776613619 0
1892 0.02460649712758417 0.01423343813040268 0
1893 0.02910444036149486 0.0284229223978873 0
1894 0.02064917326842846 0.02019930200767615 0
1895 0.0158657359124784 0.01846461566405227 0
1896 0.01705616523486028 0.02408149561943313 0
1897 0.00649147526065646 0.01022078456528925 0
1898 0.03055067114344433 0.03397015752750633 0
1899 0.002693715454091836 0.02356201344810213 0
1900 0.01663957904520396 0.001731098862607128 0
1901 0.001754180092980513 0.01680625688864324 0
1902 0.01112774175712699 0.02058603222602808 0
1903 0.0370180275334754 0.02764410256742395 0
1904 0.01945314173104475 0.004538532995338726 0
1905 0.03098163456170961 0.01184441451322836 0
1906 0.01411106999155043 0.0326098237902811 0
1907 0.01148268645949169 0.009766141210718376 0
1908 0.01474706245829814 0.01990704745212833 0
1909 0.01483467503562321 0.02554812813591668 0
1910 0.02868958066036591 0.02586193678591858 0
1911 0.02335813742969231 0.01393527030199464 0
1912 0.007982690447396234 0.01678171835671555 0
1913 0.01238929150086484 0.0106366543304473 0
1914 0.03381293259922001 0.02505691143433948 0
1915 0.02774206145017391 0.02201181514825925 0
1916 0.01327880720359993 0.03704862748199055 0
1917 0.0266423039618004 0.008778095452626162 0
1918 0.01926621737980279 0.003937257185219881 0
1919 0.03087565039903748 0.009614746675187684 0
1920 0.02014308120510108 0.02536011654209663 0
1921 0.02333113517486309 0.004626776983668961 0
1922 0.01846298238039738 0.03485286424413847 0
1923 0.01861399848789233 0.01727229177103131 0
1924 0.0256314801981726 0.03807568960539776 0
1925 0.01926271537438544 0.03357067504579057 0
1926 0.01350443785939965 0.01960491050487607 0
1927 0.02835849226807063 0.006877780747592314 0
1928 0.006691671366174297 0.02509693991882731 0
1929 0.03352376924231715 0.03247923337681148 0
1930 0.02496058477539091 0.03008862853068935 0
1931 0.02993909416904045 0.02390880165072476 0
1932 0.009173652791465802 0.009732222925406181 0
1933 0.02874237085418463 0.02422876132139521 0
1934 0.01513480569266238 0.03593808360736112 0
1935 0.01678149749622281 0.02742583601501112 0
1936 0.006967023892165074 0.03037003787709567 0
1937 0.03301858605581755 0.02693244546373635 0
1938 0.0147627450211981 0.003161338237912741 0
1939 0.02504057093584915 0.02785629970530658 0
1940 0.0209285375004072 0.004087682329784209 0
1941 0.02156967059178685 0.03811851148240218 0
1942 0.02738917756933599 0.03176058534818158 0
1943 0.03545026050975564 0.02783945517131891 0
1944 0.003967829126400157 0.02345886291795699 0
1945 0.02392187848967356 0.0145146575440093 0
1946 0.02396821558113375 0.01521682099457921 0
1947 0.02101309066820515 0.02310851632455353 0
1948 0.01879546160801922 0.002759827064189643 0
1949 0.02616553570650883 0.01906970284716151 0
1950 0.02605041393239902 0.02824409607477005 0
1951 0.01957277600290757 0.01642304196057554 0
1952 0.00276502460428199 0.0136923270380494 0
1953 0.02011207211180017 0.02733690575249997 0
1954 0.01795059513940633 0.01347213246945866 0
1955 0.01859073738356769 0.01433296282120378 0
1956 0.0376778540314686 0.0199117760167836 0
1957 0.01849461767790345 0.01662779119137686 0
1958 0.00157253478683711 0.01841456120673569 0
1959 0.01957162753228376 0.02701503776363783 0
1960 0.01959231641771463 0.02637463171528162 0
1961 0.01899807067546088 0.02730131946606652 0
1962 0.02490572363308185 0.003115974281906481 0
1963 0.03370219810262917 0.03131760123967755 0
1964 0.01471403808425195 0.01847737948636372 0
1965 0.02886502128027528 0.01666388359830446 0
1966 0.01082742182884435 0.01782577447689298 0
1967 0.01473149451485582 0.01783234885946385 0
1968 0.03450460038425041 0.03008302786276483 0
1969 0.006860408031483628 0.01794108882392183 0
1970 0.006342567198040116 0.03275162406318549 0
1971 0.02457104416463021 0.01545345305613819 0
1972 0.008446184148899595 0.006801843030864778 0
1973 0.002937388147194159 0.02506384274738129 0
1974 0.02324357536653188 0.01037992158391539 0
1975 0.01470428509385844 0.004386233566990441 0
1976 0.02096994096282365 0.03300459399309363 0
1977 0.01400019087868505 0.02072312600022996 0
1978 0.01292556839791589 0.001982996282428432 0
1979 0.02574252888780108 0.0212535610590433 0
1980 0.03912420638241433 0.02317606754871004 0
1981 0.02281322872392564 0.03826295124185942 0
1982 0.03727950399898498 0.02883472471057478 0
1983 0.0206348907063839 0.01630379377483118 0
1984 0.005992165301919901 0.017262158840532 0
1985 0.02027047509722611 0.03729164547463723 0
1986 0.005843963250530481 0.03322591995001212 0
1987 0.02256403977828971 0.02561911692992835 0
1988 0.03046172783946544 0.03650479845375476 0
1989 0.02568378133049129 0.03087476713793215 0
1990 0.02171095065799659 0.02999505681764323 0
1991 0.01151939297983761 0.02353677755582437 0
1992 0.02070713402166366 0.02507441219459866 0
1993 0.006815015673548608 0.02130808143347679 0
1994 0.01852593521896916 0.003811263827258115 0
1995 0.03771442899029791 0.01683138148213226 0
1996 0.03647189015230869 0.0244935597534079 0
1997 0.01526897054639429 0.03191801970944756 0
1998 0.02593221434374762 0.020532446094922 0
1999 0.02179704663608679 0.0215532284864543 0
2000 0.01198128141296711 0.02590168269691923 0
2001 0.006628422973121747 0.01561796377960628 0
2002 0.03325008938134831 0.01488770668628592 0
2003 0.02238291002156989 0.005529245909838443 0
2004 0.02810971744266519 0.01699804041928838 0
2005 0.02623826596382025 0.02369571575574003 0
2006 0.02257493650245229 0.02643752218040007 0
2007 0.000956047678615065 0.01604864982382243 0
2008 0.01638961041165837 0.02066168338648174 0
2009 0.02740117992524879 0.02812492260573227 0
2010 0.009724071624146015 0.01739778186447317 0
2011 0.007850565503116714 0.004705542462892308 0
2012 0.03177510628090592 0.02716440556353382 0
2013 0.02315595481353491 0.0351193408833267 0
2014 0.009434133911844843 0.008433811123571191 0
2015 0.0254902337767277 0.002694033256659137 0
2016 0.01375644652438626 0.02722740546897053 0
2017 0.0121883630066258 0.009088611348351171 0
2018 0.03548210231553641 0.02464401048308367 0
2019 0.02394690582964055 0.03505129226831528 0
2020 0.01473563994826749 0.03098701482218834 0
2021 0.03209703326880935 0.0081437426488288 0
2022 0.007526000848626254 0.02901117892997086 0
2023 0.03597308740133741 0.02827524714918854 0
2024 0.01246801335028221 0.0287911827664119 0
2025 0.02036629183230033 0.01436073620314037 0
2026 0.01823898783497205 0.01114498191544187 0
2027 0.01534159948957929 0.026448891581784 0
2028 0.01552734596018809 0.02820628671816277 0
2029 0.03463281776228858 0.01052701118988904 0
2030 0.02303221780029911 0.02459594246313729 0
2031 0.03182156310719425 0.008799157956619931 0
2032 0.00266127688307986 0.02890857742195495 0
2033 0.02238220175677536 0.01599061748772835 0
2034 0.003352004466728342 0.01781471323384285 0
2035 0.02588114734741094 0.01719008952462768 0
2036 0.03022023376976804 0.01373653914839294 0
2037 0.02959228490263361 0.01348469193498124 0
2038 0.01835774477237869 0.01978722243045798 0
2039 0.02701210932529979 0.02092235027597882 0
2040 0.001066188100599316 0.02466737289483417 0
2041 0.01930529486239724 0.0221062434914179 0
2042 0.0219428241393532 0.01055098180605102 0
2043 0.01058907411738045 0.02634475729005932 0
2044 0.02741544730281856 0.005995361048942792 0
2045 0.03256599771891797 0.009458645719053829 0
2046 0.03053286452709299 0.02264038819882243 0
2047 0.01804739109648288 0.01471700318252337 0
2048 0.02625249526352309 0.007646225057155733 0
2049 0.003101204560982233 0.01563959702788565 0
2050 0.03189405565441475 0.03433415728188803 0
2051 0.03004047342363068 0.03063253359920742 0
2052 0.03661348064130517 0.01855820292731852 0
2053 0.02527081962692109 0.02425992882266817 0
2054 0.01788363637648678 0.008388161864110243 0
2055 0.02953447874820932 0.006770158314681756 0
2056 0.02515228835972336 0.03253452047657285 0
2057 0.01530862227267643 0.01940612140899888 0
2058 0.02413005378067669 0.009474901305937249 0
2059 0.03044571980387003 0.003600441718396602 0
2060 0.009561464841315866 0.006635080433713404 0
2061 0.03136059076677757 0.005469043145301031 0
2062 0.03950804359121518 0.02043388715879475 0
2063 0.03495191873787051 0.02361171844815763 0
2064 0.0206169651838601 0.03053932858486746 0
2065 0.03046464585933332 0.01911176261446216 0
2066 0.030044195424592 0.01867657811698611 0
2067 0.02012254178258938 0.01307958718655142 0
2068 0.01882449959204503 0.02970498207067416 0
2069 0.01451450187476334 0.01646956122116458 0
2070 0.01850639206153107 0.02637393489475404 0
2071 0.01857604180483681 0.0269216732102989 0
2072 0.03158342899437661 0.02910689510993711 0
2073 0.02357977115709 0.02420289711040092 0
2074 0.03196597039307739 0.03009776234938269 0
2075 0.005971147618158743 0.03027225440999897 0
2076 0.01290995719906836 0.03310639474030241 0
2077 0.02757379000863174 0.03299677789185466 0
2078 0.03045180977354111 0.02210421134006287 0
2079 0.02070757960377401 0.02641374333865546 0
2080 0.001701652660809166 0.02245566669313773 0
2081 0.007332649297457057 0.02668042676977728 0
2082 0.01234624618085818 0.004150669718360592 0
2083 0.01131034086502227 0.02544969195932121 0
2084 0.01000318602913195 0.01218233391850902 0
2085 0.01230559028417962 0.02485825527213319 0
2086 0.02227599851438623 0.02773289904819105 0
2087 0.02278523971732291 0.02104947979033057 0
2088 0.0132455505485262 0.004811553223557592 0
2089 0.0185114803812983 0.02507614767730256 0
2090 0.02151131631788278 0.0234917488216226 0
2091 0.02529743130204207 0.0169159920245178 0
2092 0.01674429271948401 0.03722648757178379 0
2093 0.009353559410628718 0.03078480760066124 0
2094 0.008635651097933043 0.01656144045422512 0
2095 0.0266804051917874 0.004039023552827779 0
2096 0.01274643267553357 0.01723131587499476 0
2097 0.03295351008585617 0.02587918260636627 0
2098 0.03063173663383027 0.02735202177107235 0
2099 0.01471588962149682 0.01500137229088923 0
2100 0.03060233930872029 0.02577623020984279 0
2101 0.01817788290043059 0.01837355180633995 0
2102 0.01678418618428376 0.02804682683325412 0
2103 0.01989302006523843 0.02999001732394302 0
2104 0.02871830507586801 0.004451142258457524 0
2105 0.02060527681388015 0.0150688816352529 0
2106 0.02472044721639009 0.01733999886202991 0
2107 0.0170121513345746 0.01849151667605374 0
2108 0.02874310648623993 0.03368396229097293 0
2109 0.02079054882992872 0.02443992069977619 0
2110 0.01878171317885154 0.01551773768025206 0
2111 0.02581516682699851 0.01395373572254496 0
2112 0.02354062984934902 0.01616974854899868 0
2113 0.03425606946408802 0.02734463640043534 0
2114 0.01902137482275622 0.02811442590132497 0
2115 0.0197420431078984 0.01420130711315667 0
2116 0.03174685217164445 0.02379344511214907 0
2117 0.02505353143363071 0.001786609226586893 0
2118 0.004171487725621988 0.0313682970932431 0
2119 0.006715549992354627 0.005755800716165145 0
2120 0.00968647410320893 0.03650072748176561 0
2121 0.0344946209104059 0.0134578594806428 0
2122 0.01628289005381131 0.03512473140216434 0
2123 0.01107051050800545 0.01989262972793357 0
2124 0.01561628565690899 0.01581876426287532 0
2125 0.02288545022686312 0.02753811786523189 0
2126 0.02155929082324876 0.02868153920168986 0
2127 0.01894431835969274 0.01618864067249711 0
2128 0.03034394511057569 0.005947975440921321 0
2129 0.017430765509805 0.01018437777222361 0
2130 0.006364297997651709 0.008981754785891125 0
2131 0.0191094260591422 0.03586967192927633 0
2132 0.01939890265213625 0.02343861118029019 0
2133 0.01969736024339203 0.01704130343398479 0
2134 0.0203992441568072 0.03337172695745839 0
2135 0.01290467672342194 0.002827435170349325 0
2136 0.02328762722104103 0.02809560715351835 0
2137 0.0171127580574879 0.01262454049839527 0
2138 0.02191133770461882 0.02520602071834789 0
2139 0.02461163219168473 0.02043730915131702 0
2140 0.03615147149197817 0.02131158827566465 0
2141 0.02749033801229156 0.003277444638415474 0
2142 0.02697047120607174 0.01741506097389339 0
2143 0.008360957651104494 0.01412122446636786 0
2144 0.01281331072399476 0.03537385676023413 0
2145 0.03017727487279819 0.02914180076484239 0
2146 0.02409014671924255 0.01644596196049537 0
2147 0.01504351026272204 0.03834752217970418 0
2148 0.01336693623131759 0.01034216438407677 0
2149 0.01056576488986486 0.007796874191804351 0
2150 0.01543657122148947 0.03247128474895166 0
2151 0.02636064927739921 0.02771513930706297 0
2152 0.008479352168211978 0.004324470357879962 0
2153 0.03051730512386871 0.01244790933128959 0
2154 0.007117765017963079 0.03450520747434865 0
2155 0.02184819162233296 0.02726272097867976 0
2156 0.0228740961016753 0.01641371396213316 0
2157 0.01414820609978057 0.005502177613577689 0
2158 0.02139902969097541 0.03078294676129292 0
2159 0.03916301713975166 0.01607012732745384 0
2160 0.0304252217697451 0.02105959404489868 0
2161 0.01952958657605603 0.01943259910766501 0
2162 0.03493442128056024 0.01225592916284087 0
2163 0.03309046270414689 0.008412960810746582 0
2164 0.01726784650093531 0.003580033221877867 0
2165 0.03433706118049693 0.01272276442361909 0
2166 0.005260232138119943 0.02113591705266554 0
2167 0.0235473093442429 0.03633216751427003 0
2168 0.01696094941709865 0.03556310442907687 0
2169 0.02454663668688808 0.03118524549262652 0
2170 0.0284027436337713 0.01340574263353143 0
2171 0.01018422037256525 0.03413468509241556 0
2172 0.01741625932066948 0.01682632323729521 0
2173 0.0175101933293834 0.01746818908470969 0
2174 0.0215140122062251 0.03737309256258572 0
2175 0.02362533443127841 0.01812438672067089 0
2176 0.02129216629951822 0.01726691594018798 0
2177 0.02014400257522165 0.02607045609503381 0
2178 0.01579816967061978 0.02530674079963958 0
2179 0.003869454600202143 0.01720940772718433 0
2180 0.02600817171044665 0.0265642941890835 0
2181 0.01587264667308955 0.01970989350437007 0
2182 0.01698956227841792 0.01784910630198836 0
2183 0.02620369305388862 0.02161738525848901 0
2184 0.0284422816669893 0.02740035218950809 0
2185 0.02540026581014668 0.01195759186189913 0
2186 0.01508854210926665 0.03656694802803356 0
2187 0.01228747865247729 0.02365270926829752 0
2188 0.02022120069214402 0.006730677015209081 0
2189 0.02848180521392238 0.009599296871488876 0
2190 0.02558792960402751 0.02368161547159034 0
2191 0.01641221498435053 0.01758385546257594 0
2192 0.03948255782165459 0.02106343291685465 0
2193 0.03326547643335885 0.01719895611130431 0
2194 0.02942855233010182 0.01284854650953196 0
2195 0.01814630040887637 0.02401662111623162 0
2196 0.02576500825181475 0.01522535896730396 0
2197 0.01727169581011043 0.02832169657599997 0
2198 0.03511906871596852 0.01986879747263791 0
2199 0.01701068933573716 0.03175972707801071 0
2200 0.03094325809432827 0.02833685966252231 0
2201 0.02538814015911457 0.01828076982446528 0
2202 0.02839639430882419 0.0310892003348205 0
2203 0.00604708203728742 0.03214548175748783 0
2204 0.003388443586807663 0.02388617310526653 0
2205 0.03425350940655615 0.02917961140565292 0
2206 0.03803317788478602 0.02718820561950365 0
2207 0.02153828466553413 0.006544152498415615 0
2208 0.03495094834860334 0.0273289948780539 0
2209 0.002945461947865234 0.01905688590500981 0
2210 0.0325725682232683 0.02981456240320604 0
2211 0.01514340183628701 0.03344539103848385 0
2212 0.01811176232479693 0.009002045444126449 0
2213 0.009328967135505649 0.005174942951888334 0
2214 0.02167531934210296 0.03396664221791689 0
2215 0.02831752169430468 0.01569219949433678 0
2216 0.03378131606792975 0.00747125847316249 0
2217 0.005370309204996405 0.008457426032595076 0
2218 0.007685225406396176 0.02552780128962634 0
2219 0.01785983058654247 0.01640540222966714 0
2220 0.006368284832551739 0.02387813965863494 0
2221 0.02465555656854226 0.0243763405150918 0
2222 0.01903903899434579 0.01311447367811622 0
2223 0.01087343925170427 0.009420944197752858 0
2224 0.01163183975421156 0.02083993952526791 0
2225 0.007131828898147334 0.01909076275679356 0
2226 0.01889518987141546 0.01927463240352422 0
2227 0.02638555770066048 0.01616846601899003 0
2228 0.02014511799437793 0.0352439355829034 0
2229 0.03517699821707308 0.01458469893976486 0
2230 0.01427409855293244 0.02129019767444514 0
2231 0.02878099397920976 0.008872130610429626 0
2232 0.01999986509296018 0.005610738136237499 0
2233 0.03711442995275038 0.0219826908374377 0
2234 0.0236074401542542 0.0374423577174176 0
2235 0.02003130582034263 0.01604442505090634 0
2236 0.00378314091423677 0.02591459979917385 0
2237 0.0358515222794526 0.02572276688849897 0
2238 0.03165812403660314 0.03163072415215948 0
2239 0.004717426369928703 0.01217998813837793 0
2240 0.03377850079385191 0.02387990112405844 0
2241 0.02960699773772456 0.03419640051990627 0
2242 0.01675211108332372 0.02997315664918396 0
2243 0.02160098971547845 0.03326684522446131 0
2244 0.01999068078253126 0.02047441756104676 0
2245 0.01524308263287722 0.02902733099248666 0
2246 0.03042400269257509 0.009977281657417765 0
2247 0.03169486840777763 0.004405170519307116 0
2248 0.01333787700568597 0.02172680008953244 0
2249 0.01267431729311991 0.01518552082229837 0
2250 0.0269504610000014 0.02886001071791188 0
2251 0.02850535952468614 0.0318158610338076 0
2252 0.03783570114465667 0.02488942479700379 0
2253 0.00503898535684048 0.0295785012479106 0
2254 0.0135734645367032 0.0279887063916569 0
2255 0.01499876007215449 0.009209631888577791 0
2256 0.02974058995869392 0.0267041983024124 0
2257 0.02678725057715715 0.03349088211267013 0
2258 0.01868372042579706 0.02437606750583689 0
2259 0.01741386641371595 0.02640928806146304 0
2260 0.002914183180336663 0.01269445943865399 0
2261 0.01990165279842548 0.01041309715347772 0
2262 0.01922542042849461 0.01052979751786773 0
2263 0.008549449573610013 0.01576540214598553 0
2264 0.01707061897601237 0.008383947332305026 0
2265 0.0328458455505051 0.03260336290367973 0
2266 0.03497470380598548 0.02184588278102181 0
2267 0.01507943746291593 0.0232575567579251 0
2268 0.01456067021168927 0.02355877188246042 0
2269 0.02070899139384653 0.01695138022953852 0
2270 0.02641933663359231 0.02980875152748019 0
2271 0.038568294195376 0.01394111731533292 0
2272 0.02299909502966157 0.02869467177147881 0
2273 0.02975722972865568 0.003116575048862123 0
2274 0.006925828307581955 0.02233686970117827 0
2275 0.0173018281783946 0.02889645781280314 0
2276 0.0172250320289554 0.01377087360534033 0
2277 0.0239162060093267 0.02727461485409364 0
2278 0.01364844306953843 0.02928682390255387 0
2279 0.02850080447996005 0.03754087398465731 0
2280 0.006708875457000508 0.02015538067469839 0
2281 0.03230808806978172 0.02672356740223905 0
2282 0.01522306902687291 0.01381753353238074 0
2283 0.02571378632978242 0.02471072152008788 0
2284 0.02203179823127101 0.03138319400243877 0
2285 0.02205899743639956 0.02315987041283661 0
2286 0.03811802613460938 0.0215599509237573 0
2287 0.007557962293319526 0.01572322284928464 0
2288 0.01534161661817113 0.01752198423684977 0
2289 0.008337527687358735 0.03013352307826568 0
2290 0.005597606351104362 0.01968364371283348 0
2291 0.02932797796292954 0.00412565609787852 0
2292 0.02175932507542588 0.01625736516715703 0
2293 0.0005322598716387787 0.02036691264016914 0
2294 0.01094457718006194 0.02737511977430691 0
2295 0.01349955565294743 0.02038302862714994 0
2296 0.00579994417628428 0.0148515125690656 0
2297 0.02378636779225876 0.007475576554795594 0
2298 0.02849994536033248 0.003439600098935243 0
2299 0.01742251025056541 0.01448021725576033 0
2300 0.01131758454990203 0.03669485411648023 0
2301 0.02368028818752261 0.02617034060330382 0
2302 0.03697625928729499 0.01909413304903862 0
2303 0.01995571524110461 0.01536319181378862 0
2304 0.01049739254420278 0.01953228944436294 0
2305 0.005417979810963971 0.02859224545342763 0
2306 0.007377935744171431 0.008542702876090966 0
2307 0.01779047025828042 0.0374620278328448 0
2308 0.01236399023626602 0.03422861556921603 0
2309 0.009512542978935973 0.00780592205551019 0
2310 0.01250863345229275 0.01596859459852032 0
2311 0.03632293946090778 0.03080965837634973 0
2312 0.0129055990760083 0.01347239732633138 0
2313 0.01400530777354936 0.01692536474186858 0
2314 0.0228005577040001 0.03355192053963676 0
2315 0.02843071108055583 0.002474538436907484 0
2316 0.02920881479033074 0.01772983822704844 0
2317 0.01438418900942097 0.03332146545972924 0
2318 0.01287102913971777 0.03818025475847125 0
2319 0.01627794386905124 0.02841776484201784 0
2320 0.03605223684254166 0.0219457108864503 0
2321 0.01090095697856639 0.002794912717863807 0
2322 0.01158015684850329 0.03763077522389677 0
2323 0.0259313715766483 0.01784914754923991 0
2324 0.009930426625044196 0.008813950255514975 0
2325 0.01131591518356755 0.007355214591091196 0
2326 0.03270240156310451 0.01522918774939807 0
2327 0.0172720214347168 0.02148470973893926 0
2328 0.020435571347675 0.003652056828399253 0
2329 0.004492647542519979 0.02912840927835417 0
2330 0.02024398187592544 0.01095241216798948 0
2331 0.01391424565759335 0.03518986020778088 0
2332 0.006733754245199855 0.008411748988819053 0
2333 0.01599044891317905 0.02249983698670388 0
2334 0.03655914567177723 0.009774772357067718 0
2335 0.03118126137821839 0.02617606012983804 0
2336 0.02276043831071644 0.03067904372151566 0
2337 0.02089345988619801 0.03707287415823203 0
2338 0.01598682036065509 0.00580420195812454 0
2339 0.01673355468469962 0.03830327232210134 0
2340 0.02932727279370225 0.01168959381733608 0
2341 0.03438365590948293 0.007802744749372988 0
2342 0.03944452702424139 0.01932849227206802 0
2343 0.01189855254733393 0.02765432084014469 0
2344 0.02169871694865376 0.01960442077918683 0
2345 0.03369845433099893 0.0095321197058047 0
2346 0.02332070506699974 0.01246529446642559 0
2347 0.02623394101569915 0.009800582840931238 0
2348 0.01793132330695704 0.02604929710869535 0
2349 0.03739880129057227 0.02705984797734523 0
2350 0.02117616184102052 0.02252190573163124 0
2351 0.01118890292536054 0.03291277931972656 0
2352 0.03504023553836574 0.01764732250532948 0
2353 0.02165204331814313 0.00850981701503707 0
2354 0.01848210291426532 0.005705397188851182 0
2355 0.0272263043950377 0.01034297580495954 0
2356 0.03445141145651169 0.0180417343734749 0
2357 0.01060546680635226 0.03603921410201734 0
2358 0.03286019100099793 0.03360442440545222 0
2359 0.02314311321415731 0.03581113086613213 0
2360 0.02645584655434953 0.006561635875999186 0
2361 0.01586713970803872 0.02034984625564082 0
2362 0.01527676370485032 0.02061783576756958 0
2363 0.009791718949239185 0.02262747500740536 0
2364 0.03270345855930692 0.007996764835227339 0
2365 0.0196357278369342 0.02497141329530192 0
2366 0.02001957876597143 0.009746107461006213 0
2367 0.006915454801560354 0.02627111324488397 0
2368 0.02258902905139988 0.01910797267275508 0
2369 0.005862853969753576 0.02762125202028135 0
2370 0.002088381096633396 0.01638175925187456 0
2371 0.00943920276567535 0.02809963792561546 0
2372 0.009971326921291258 0.02790460887610294 0
2373 0.004993992979931649 0.01876760885145261 0
2374 0.03119191288421926 0.0359448360747682 0
2375 0.01858881651648853 0.03754663744673876 0
2376 0.02246740490752087 0.01796553421252866 0
2377 0.02687381441024544 0.01976734475887404 0
2378 0.03564632267433612 0.009456632378624052 0
2379 0.005644453267014793 0.01269111095079462 0
2380 0.03047266588134671 0.00752434774219239 0
2381 0.01054700330209861 0.0208453055896702 0
2382 0.02406802952639722 0.02444131537746898 0
2383 0.02000797999279854 0.01245988078299264 0
2384 0.004663031501223616 0.01295802365705765 0
2385 0.01278344807481631 0.006640062574257985 0
2386 0.01245669085804687 0.03708412135692497 0
2387 0.03863789567501767 0.01846488787105735 0
2388 0.0156930909572349 0.01114597050998706 0
2389 0.02812217454817803 0.02675143607524427 0
2390 0.01183489184541309 0.006604122482658273 0
2391 0.02761276131766655 0.01760975599585415 0
2392 0.02566097209289219 0.03742161728970884 0
2393 0.003771112605073897 0.01356904998818251 0
2394 0.006719248709197635 0.009531726994024397 0
2395 0.03288928507667411 0.007348878475447575 0
2396 0.003126857117989438 0.02692959543358463 0
2397 0.02112231674784873 0.0157990750209028 0
2398 0.01699062121713885 0.03615658452498044 0
2399 0.02920914887851984 0.01945180503371304 0
2400 0.00984936700704787 0.03111655494163523 0
2401 0.01014276070958229 0.02362686447686056 0
2402 0.01177532156379008 0.003555330124351906 0
2403 0.02632699812106194 0.03828072826548892 0
2404 0.02540775768935976 0.01076209344025662 0
2405 0.01431722061058403 0.03830307367065369 0
2406 0.01573150644024946 0.009885509117934371 0
2407 0.01434710123824662 0.02628750019328864 0
2408 0.01459143028131485 0.02740435009043727 0
2409 0.002932303356606259 0.01675246060180145 0
2410 0.007490000811664444 0.009211927712727164 0
2411 0.0103744358909041 0.03197182407633676 0
2412 0.02096231720004208 0.03822555204555485 0
2413 0.03374770120189807 0.02923441953150077 0
2414 0.01256297841194013 0.0295058768559294 0
2415 0.009713767407147031 0.02414862963747274 0
2416 0.0212040809409909 0.002712963406359643 0
2417 0.01379883458542103 0.007168058236362925 0
2418 0.01480981055995773 0.01158657737689594 0
2419 0.02389966541776936 0.006820256400206403 0
2420 0.01103303194753518 0.01264906102643734 0
2421 0.03525925728869295 0.03097741351739873 0
2422 0.01761182143870193 0.0243559269998764 0
2423 0.01261604157422097 0.004940939381067756 0
2424 0.01014281585641639 0.004352670489090622 0
2425 0.009878694136873825 0.01072943310179354 0
2426 0.01441613711534197 0.00901690596215669 0
2427 0.01698637404018731 0.02353230542677976 0
2428 0.01144355691787709 0.01889337752741218 0
2429 0.03045791451077937 0.02861602163488788 0
2430 0.02048751711914866 0.02168789385217003 0
2431 0.004678526967887436 0.01085490134594477 0
2432 0.01472283128910708 0.03155532338902631 0
2433 0.0152301395336505 0.02706092084222456 0
2434 0.01697851203122466 0.02529714736704863 0
2435 0.01573782802997538 0.02742751958246493 0
2436 0.03150953260537145 0.00993653575308023 0
2437 0.02455813715814375 0.02111630351509542 0
2438 0.02368906843677296 0.01748944351076372 0
2439 0.02443903680418409 0.03552226038973352 0
2440 0.0105025785681045 0.01664968071395435 0
2441 0.02974238117466755 0.00925884107811948 0
2442 0.01763288431153527 0.01573550547159056 0
2443 0.01986894353104678 0.03624515898376945 0
2444 0.01906155140355616 0.02539330904504616 0
2445 0.007622935445339749 0.02232297924699076 0
2446 0.01384157761922081 0.02530034552540712 0
2447 0.0228861048953773 0.03238902357280458 0
2448 0.03679381784452122 0.01170922500140579 0
2449 0.03504776278209099 0.01152656113101031 0
2450 0.02593205130199466 0.03423263613309215 0
2451 0.001999542311019616 0.0126387097807624 0
2452 0.0227177668483563 0.003480176719564798 0
2453 0.005310057314104305 0.02185782104690287 0
2454 0.0199310369544499 0.02117136038818989 0
2455 0.01068022656548689 0.004715137233117476 0
2456 0.01634741742840409 0.02703829638685223 0
2457 0.020548956540562 0.01819449013167432 0
2458 0.01607764585511146 0.03258110351930045 0
2459 0.01182956712485176 0.03478047877772186 0
2460 0.02124759724462593 0.02061203331781391 0
2461 0.01135225641278085 0.02954975087666683 0
2462 0.006367213502965038 0.02723940243130806 0
2463 0.02631722405272748 0.01493115249206393 0
2464 0.02937700492155037 0.02047088558647495 0
2465 0.03181457280715501 0.02578171975143738 0
2466 0.02254985023968024 0.02361551084508172 0
2467 0.0199719003453027 0.02234570507947338 0
2468 0.01071914372471882 0.02836055002806102 0
2469 0.02614146782394301 0.03355052313584047 0
2470 0.007220418044962229 0.01067016300042786 0
2471 0.03623858366792754 0.01381092698263124 0
2472 0.002572371378482513 0.01526287976108264 0
2473 0.02953018177088243 0.03161414987862417 0
2474 0.01174546915857247 0.03305665974812048 0
2475 0.03290856446663122 0.01921297568881893 0
2476 0.01996652701472234 0.02303265422053781 0
2477 0.02044417613964207 0.03409154537041637 0
2478 0.01280777389689453 0.01941716076395194 0
2479 0.03678508693941329 0.01489771861244964 0
2480 0.02864420240107391 0.004995382949883468 0
2481 0.004676447730176805 0.009699353830142638 0
2482 0.006016019322174979 0.01941848530651777 0
2483 0.01777812317885303 0.02904180482235701 0
2484 0.03576180646680898 0.02624812138917442 0
2485 0.01147341627180845 0.01644827687424009 0
2486 0.03005871348791229 0.008822196956569337 0
2487 0.008394840125645725 0.01067849142644545 0
2488 0.006073682455913918 0.0337214890745742 0
2489 0.03280941975424247 0.02773269891948214 0
2490 0.02177086619348215 0.0118625023040387 0
2491 0.02706356207886447 0.0157293997303089 0
2492 0.007824737176019817 0.03402044356637839 0
2493 0.0282927273645938 0.01858795152303458 0
2494 0.02048737343281631 0.0282686704275779 0
2495 0.02711972763439974 0.001905957313664573 0
2496 0.03791737638375117 0.0188636038951875 0
2497 0.02316957820843243 0.02283860563660467 0
2498 0.02666523349628852 0.02661517798214356 0
2499 0.02449671364611928 0.0134584727937505 0
2500 0.0244244200337522 0.006560310200036171 0
2501 0.02515184260400109 0.007243741967736562 0
2502 0.02173200749147767 0.03202476648544253 0
2503 0.03709509629754773 0.0197062997952311 0
2504 0.001383711582020736 0.01386182536050761 0
2505 0.00484869516264632 0.01649157748343991 0
2506 0.0290030996735068 0.01385643324210157 0
2507 0.00417600835435657 0.02778633262523808 0
2508 0.004714985947761853 0.02774050515739721 0
2509 0.02843555908725276 0.03660329428940388 0
2510 0.0068092514126964 0.02904286854628031 0
2511 0.02023802041960565 0.01719464125459163 0
2512 0.03502372030377205 0.02302455439121444 0
2513 0.02628859077913664 0.02437452744451944 0
2514 0.01810598759839641 0.01770617175562684 0
2515 0.03220087528346912 0.03262118861987669 0
2516 0.02454338297732957 0.003578653586429656 0
2517 0.0171606748131514 0.00591727050184032 0
2518 0.008727501319099147 0.02890941520278745 0
2519 0.01389577862976268 0.006620929794791463 0
2520 0.03174169941022641 0.01281864594466023 0
2521 0.03940068971461234 0.01754098591616338 0
2522 0.0079251404215988 0.03329253132565331 0
2523 0.02971985765348114 0.02107932421015209 0
2524 0.01867861957106234 0.01367327400807363 0
2525 0.01576068847466022 0.007351678055940876 0
2526 0.03071907055743751 0.004673424197094569 0
2527 0.01143073852856109 0.02670288982208467 0
2528 0.02463253847408163 0.00488096731238395 0
2529 0.02298935598606401 0.009960053407289726 0
2530 0.01823048699334671 0.02849803737051761 0
2531 0.007678156064695189 0.01240950054164885 0
2532 0.01220057364987476 0.03129775423522412 0
2533 0.03235664134802732 0.01070648488640312 0
2534 0.02726160272335645 0.01859934683474256 0
2535 0.02921632426216152 0.00351879246057232 0
2536 0.03101355976915834 0.01908520087016223 0
2537 0.03385929914442826 0.02125776391706355 0
2538 0.004635364280925362 0.02206834755940276 0
2539 0.02306486011346464 0.02525611996955473 0
2540 0.005121140160781999 0.03068059589127382 0
2541 0.005137294204200732 0.0312544009749328 0
2542 0.02109248941610344 0.02810898673509113 0
2543 0.02241891014103148 0.03492074779969601 0
2544 0.0324775044515279 0.01208819034552531 0
2545 0.03272353737677593 0.01025549149637723 0
2546 0.02178791460106826 0.01691106479705389 0
2547 0.01942833500164615 0.03178283459809519 0
2548 0.0158897612617817 0.01787416435928338 0
2549 0.01104264196049633 0.008715109768727197 0
2550 0.0154336971245774 0.0301078405761741 0
2551 0.03085167471218558 0.015573198540957 0
2552 0.03504158192999458 0.01885324393954765 0
2553 0.01306220133534322 0.01405016069591966 0
2554 0.01341176035968633 0.03272027546543377 0
2555 0.01197331858881254 0.01195647422122019 0
2556 0.004717539508206834 0.02686880936828965 0
2557 0.0107054909479989 0.03473642088610979 0
2558 0.02657615064386633 0.03667161654193565 0
2559 0.005483884343757364 0.01547679354995576 0
2560 0.03701227746451334 0.01793822452424612 0
2561 0.005692923739087332 0.01371100620532067 0
2562 0.03412234669571541 0.01945867784380339 0
2563 0.03505212646982067 0.02113663790224208 0
2564 0.006650912913021473 0.0133862890180891 0
2565 0.00911516573469889 0.03489632295512944 0
2566 0.02903316659130278 0.03267767856950042 0
2567 0.03200304595042155 0.00936960900234577 0
2568 0.01476168988169588 0.00577414500093279 0
2569 0.01642807271481215 0.01374410285966867 0
2570 0.01123188026751358 0.003795915197599632 0
2571 0.03382817415578689 0.006303788506738822 0
2572 0.01120870400325409 0.01374351667995367 0
2573 0.02346454238383749 0.02090980226591271 0
2574 0.02494245399610835 0.01929850403418606 0
2575 0.02232287520488513 0.01094087075583082 0
2576 0.01375761992161523 0.009870539472234156 0
2577 0.003571796924018295 0.009614071973597814 0
2578 0.01626857665500822 0.00536983631799098 0
2579 0.01024022067261375 0.02989617250900355 0
2580 0.0084264790214305 0.01466435800135354 0
2581 0.01464746444676241 0.0291186617590903 0
2582 0.01449381055922777 0.007882286342200666 0
2583 0.01285474168604726 0.0101814646705235 0
2584 0.01922997725380479 0.01748866314034879 0
2585 0.002666006910944516 0.02175359388400014 0
2586 0.01823011467880409 0.0314118448512496 0
2587 0.0211498274772568 0.02124304185413849 0
2588 0.02417197634192897 0.03837605722776984 0
2589 0.01568320650671148 0.03469989287516278 0
2590 0.01699672153166638 0.01486618999886005 0
2591 0.03172776345640332 0.02516577538370751 0
2592 0.0344108681583332 0.0220557344271126 0
2593 0.02092722485947784 0.03614828413712147 0
2594 0.02675382427290473 0.009447498192682795 0
2595 0.0122299898334985 0.005565267900019679 0
2596 0.009957642991354706 0.03303916647544296 0
2597 0.03547063173252447 0.03200737122878659 0
2598 0.02250899485970963 0.02428912906130353 0
2599 0.0260934803759946 0.0107590319153318 0
2600 0.03833734448702397 0.02673912991830758 0
2601 0.02700194415829477 0.03295656176808858 0
2602 0.005844026325458497 0.02309997086572095 0
2603 0.0370990569662829 0.01071689960451511 0
2604 0.01467870395083027 0.0243627440955389 0
2605 0.01474306272992253 0.01097030936130892 0
2606 0.01406718078182896 0.03071570618046798 0
2607 0.006978393655940314 0.02719832217567491 0
2608 0.0165361813198852 0.03075487047950908 0
2609 0.003122896078179383 0.0276168695148865 0
2610 0.02523885446873162 0.01427370144440403 0
2611 0.01157700359959657 0.01956358995102633 0
2612 0.002168433069382424 0.02144998738500683 0
2613 0.008335031122797858 0.01271510638237167 0
2614 0.01892226763600453 0.008078492049117364 0
2615 0.02366578770298684 0.03037701419871504 0
2616 0.007173546755651903 0.0174526294998437 0
2617 0.01238727314555687 0.03231448843959593 0
2618 0.01734915066624523 0.001628584458871166 0
2619 0.002337901506408824 0.02082959324201968 0
2620 0.03024521068626122 0.01111660220385757 0
2621 0.002905338747234625 0.02949225394782818 0
2622 0.00415284211448208 0.02473411232816504 0
2623 0.03833947014048743 0.01549838285562851 0
2624 0.009843934548363183 0.01982326230398048 0
2625 0.006909900285709512 0.01662018878750735 0
2626 0.0122085721097498 0.01250879346075543 0
2627 0.03463252791500312 0.01591906534824109 0
2628 0.007249685912787631 0.02993518518271816 0
2629 0.01750814745986567 0.02079001813750709 0
2630 0.006912846960408631 0.02442834739892784 0
2631 0.01607931004177836 0.01539615551713678 0
2632 0.02505240314338878 0.01136571116612718 0
2633 0.02937736905712929 0.01880732855157861 0
2634 0.005228983090346175 0.01165089259704178 0
2635 0.003340611749994036 0.02017372585076495 0
2636 0.03130523845204771 0.01142133425498001 0
2637 0.02634127712108916 0.02275683874307654 0
2638 0.008345264936922465 0.02721387877485047 0
2639 0.01596916522088306 0.0131949589033503 0
2640 0.01707806905939304 0.01974435712847711 0
2641 0.02448589442992727 0.03750537406151312 0
2642 0.01799750551946748 0.03549388001039026 0
2643 0.02392384309443363 0.02137795721492744 0
2644 0.02123563386285527 0.009852253928768236 0
2645 0.004435743308033098 0.0159879604360161 0
2646 0.0142051755068484 0.01952103593264899 0
2647 0.01375210078817369 0.02981945005321816 0
2648 0.00217724697215135 0.0244229306638648 0
2649 0.01494040397010722 0.01277385885538486 0
2650 0.02853914607372498 0.02637189170832377 0
2651 0.01646776463838685 0.02223678199351903 0
2652 0.02465684496966125 0.01605583247544464 0
2653 0.01644092654942944 0.0188047937545559 0
2654 0.02927823005764377 0.03380554023700491 0
2655 0.00848726038983735 0.03567130651177066 0
2656 0.03101874784727808 0.02422920140330579 0
2657 0.03056098936063988 0.02389840929173684 0
2658 0.0288053619091699 0.01270417195298625 0
2659 0.01534433347137402 0.0102178914968836 0
2660 0.0157465707252352 0.03156700205718255 0
2661 0.0236691606177071 0.002836109619388089 0
2662 0.03769750280356157 0.02295115591268612 0
2663 0.02010259266093685 0.002334704862242361 0
2664 0.01713034615653753 0.03115963372871675 0
2665 0.02357620458867823 0.01558996452804423 0
2666 0.03342675062747669 0.01108703630427711 0
2667 0.0243007671059284 0.03312630367696651 0
2668 0.01885363924438886 0.001599197926126745 0
2669 0.01325895502270226 0.01610459784450485 0
2670 0.03141709603185513 0.03477965576334276 0
2671 0.0354272108236339 0.0238750074726642 0
2672 0.005450582360222559 0.03214107554530128 0
2673 0.02043827039222425 0.006070282747559575 0
2674 0.0203121806551948 0.02413275726160129 0
2675 0.03658918777875481 0.02654095286222022 0
2676 0.02878084066585892 0.02148930771292705 0
2677 0.004490308501958796 0.01842997833774319 0
2678 0.02510937211499245 0.01306414936710766 0
2679 0.01681838612730243 0.0292291350639072 0
2680 0.008585271579400885 0.02246804615096893 0
2681 0.02770805029700897 0.03426130215197428 0
2682 0.02448748688229964 0.01220282012154953 0
2683 0.02553639771523443 0.03138925899935691 0
2684 0.01684346290845904 0.02594965636887218 0
2685 0.02720714763587432 0.006655834190675884 0
2686 0.01468234682035313 0.02796731614407596 0
2687 0.03205008834780544 0.02886471539406479 0
2688 0.01872837690582565 0.02312658124405213 0
2689 0.00777242885741937 0.008037483944373969 0
2690 0.02190714921853527 0.0182402291738963 0
2691 0.01505983170562183 0.0155587093923533 0
2692 0.00752696667812011 0.01638436503620792 0
2693 0.007549777337452499 0.01414579443159769 0
2694 0.01632636856994598 0.01692529380257423 0
2695 0.01206493601275379 0.00781311938633512 0
2696 0.03051330033697207 0.03129919322556113 0
2697 0.005495151623404835 0.02413213482029976 0
2698 0.02142144654803765 0.02414566158190962 0
2699 0.03761191567638285 0.01812804583994106 0
2700 0.03220567115379881 0.0131176187795513 0
2701 0.01734177703074402 0.03465688959975853 0
2702 0.0140259529760694 0.03686342274464016 0
2703 0.01514776204142181 0.007056192579635547 0
2704 0.01470179275410456 0.002561786287704485 0
2705 0.01413110451706599 0.03184035314754435 0
2706 0.03337464936030993 0.02628882802771024 0
2707 0.009421409968540125 0.003446040582405885 0
2708 0.01051235650056746 0.008426156762821952 0
2709 0.0230059064725523 0.02336693904966385 0
2710 0.03427213638257606 0.01695397326304934 0
2711 0.01643083450996435 0.02893383945572908 0
2712 0.03118026641768002 0.0325660784830881 0
2713 0.03544808954026128 0.008039131940259091 0
2714 0.01258526346267134 0.02314906577240407 0
2715 0.002218271396384509 0.02798753807188047 0
2716 0.01856602435897802 0.01009492681681911 0
2717 0.01112006572981128 0.01047397117155123 0
2718 0.03454944943399991 0.02003141614269522 0
2719 0.02066116945666548 0.01334928448372851 0
2720 0.01002959401790876 0.02469152304304436 0
2721 0.01516209299947197 0.02505432867961942 0
2722 0.03795663494429938 0.01466431925830811 0
2723 0.002405010593176781 0.01168143760314875 0
2724 0.02729385989580592 0.03594511965963032 0
2725 0.02046325912262105 0.02338189265805374 0
2726 0.01552628694313214 0.009420855030930136 0
2727 0.02940131746202137 0.01078645027206186 0
2728 0.0222073399880748 0.02114200755638982 0
2729 0.01990700396823838 0.02944581580870867 0
2730 0.008288535238319277 0.02351242580803364 0
2731 0.02794224546621085 0.007194094048103662 0
2732 0.03229279201539224 0.03528754736453074 0
2733 0.01806769786716423 0.006020938066311432 0
2734 0.02636332760939927 0.01029427809455845 0
2735 0.0250041984595991 0.0124350538589862 0
2736 0.01598202873474878 0.02985630790516564 0
2737 0.02692102456148341 0.005680399171525146 0
2738 0.005553814159328298 0.01835998033277471 0
2739 0.02772693263007805 0.01826260852156995 0
2740 0.01527600648955772 0.01073055620913562 0
2741 0.008831760062069302 0.01833494760897492 0
2742 0.03264593413532534 0.02037500148106941 0
2743 0.001874627477731892 0.01882767821668418 0
2744 0.001905620457816001 0.01927352523095889 0
2745 0.0136298888626155 0.01423221231087474 0
2746 0.03772507562625634 0.02611039919046829 0
2747 0.02679428150291762 0.03554646948452369 0
2748 0.01290386694944518 0.003851602413975225 0
2749 0.02545830090050715 0.03037448839198433 0
2750 0.02731898149528008 0.009783757717082297 0
2751 0.03075358187700096 0.01688140430649376 0
2752 0.03488513202768383 0.01548033781207413 0
2753 0.01230291675215873 0.03064370095951317 0
2754 0.03441091927114967 0.02393671990978469 0
2755 0.01072449230497479 0.02279793651187757 0
2756 0.02017300551451673 0.004962374672461665 0
2757 0.02130852174294772 0.02547430344623302 0
2758 0.02539208307212527 0.02320446875906818 0
2759 0.02012685425617852 0.02784867030797163 0
2760 0.02639408080929762 0.01690897139151773 0
2761 0.00576741879687381 0.01009462475577659 0
2762 0.03254280497677357 0.03088720661285289 0
2763 0.007945288951770334 0.01976610080164493 0
2764 0.01629059996519778 0.01009427039263778 0
2765 0.02276339121733209 0.01999659533846506 0
2766 0.02452849759589713 0.03375240780878452 0
2767 0.0345928171707869 0.006956258102581273 0
$EndNodes
$Elements
5368
1 2 2 1 1 1043 1052 488
2 2 2 1 1 1095 1324 404
3 2 2 1 1 1066 2344 1847
4 2 2 1 1 250 2264 1289
5 2 2 1 1 1289 2264 1025
6 2 2 1 1 680 2081 1560
7 2 2 1 1 1757 2167 389
8 2 2 1 1 533 1303 919
9 2 2 1 1 338 1399 1215
10 2 2 1 1 1006 1072 258
11 2 2 1 1 288 2060 888
12 2 2 1 1 1398 2350 381
13 2 2 1 1 816 2165 1236
14 2 2 1 1 902 1271 433
15 2 2 1 1 238 1290 990
16 2 2 1 1 803 2244 854
17 2 2 1 1 888 1395 288
18 2 2 1 1 1415 1590 267
19 2 2 1 1 450 1630 953
20 2 2 1 1 480 1226 793
21 2 2 1 1 898 2467 2430
22 2 2 1 1 395 2018 924
23 2 2 1 1 273 1429 1338
24 2 2 1 1 1072 2017 543
25 2 2 1 1 838 2459 217
26 2 2 1 1 831 1169 424
27 2 2 1 1 240 1876 892
28 2 2 1 1 538 1242 933
29 2 2 1 1 1458 1789 255
30 2 2 1 1 559 1921 1014
31 2 2 1 1 969 1319 62
32 2 2 1 1 1040 1807 351
33 2 2 1 1 762 1615 1038
34 2 2 1 1 1236 1270 353
35 2 2 1 1 104 1217 954
36 2 2 1 1 1238 1561 375
37 2 2 1 1 1057 1210 524
38 2 2 1 1 381 1999 1398
39 2 2 1 1 328 1253 840
40 2 2 1 1 520 1324 1095
41 2 2 1 1 312 1814 768
42 2 2 1 1 560 1032 873
43 2 2 1 1 1212 1282 256
44 2 2 1 1 1414 1848 731
45 2 2 1 1 676 1684 852
46 2 2 1 1 1030 1589 475
47 2 2 1 1 520 2431 727
48 2 2 1 1 1065 1242 538
49 2 2 1 1 799 1268 196
50 2 2 1 1 98 1095 97
51 2 2 1 1 450 2402 1630
52 2 2 1 1 684 1177 412
53 2 2 1 1 383 1533 1144
54 2 2 1 1 482 2649 1544
55 2 2 1 1 735 1454 1270
56 2 2 1 1 1044 1891 685
57 2 2 1 1 391 1210 1057
58 2 2 1 1 533 1995 1303
59 2 2 1 1 767 1753 44
60 2 2 1 1 491 1266 720
61 2 2 1 1 387 2224 991
62 2 2 1 1 1154 2707 112
63 2 2 1 1 381 2350 898
64 2 2 1 1 444 1072 1006
65 2 2 1 1 362 1023 742
66 2 2 1 1 750 1728 535
67 2 2 1 1 1290 1568 990
68 2 2 1 1 852 2071 676
69 2 2 1 1 315 1618 1459
70 2 2 1 1 829 2566 438
71 2 2 1 1 1227 2000 439
72 2 2 1 1 861 2068 1598
73 2 2 1 1 564 1282 1212
74 2 2 1 1 358 1219 890
75 2 2 1 1 944 2399 1186
76 2 2 1 1 648 1590 1415
77 2 2 1 1 1560 2081 757
78 2 2 1 1 1197 2629 1144
79 2 2 1 1 543 2017 1609
80 2 2 1 1 1426 1837 714
81 2 2 1 1 569 1501 959
82 2 2 1 1 1007 1708 182
83 2 2 1 1 1014 1921 1128
84 2 2 1 1 557 1844 1463
85 2 2 1 1 800 2276 1036
86 2 2 1 1 802 2240 474
87 2 2 1 1 1588 1708 683
88 2 2 1 1 508 1045 942
89 2 2 1 1 167 2388 1544
90 2 2 1 1 2430 2467 876
91 2 2 1 1 1388 1403 995
92 2 2 1 1 1338 1429 565
93 2 2 1 1 1144 2629 219
94 2 2 1 1 112 1305 1154
95 2 2 1 1 1019 2372 921
96 2 2 1 1 252 1242 1065
97 2 2 1 1 1066 1847 642
98 2 2 1 1 487 1345 881
99 2 2 1 1 972 2082 236
100 2 2 1 1 547 1116 900
101 2 2 1 1 275 1480 1075
102 2 2 1 1 987 1020 428
103 2 2 1 1 389 2167 915
104 2 2 1 1 868 1671 1212
105 2 2 1 1 1215 1399 641
106 2 2 1 1 900 1116 308
107 2 2 1 1 1099 1345 259
108 2 2 1 1 2162 2165 816
109 2 2 1 1 1098 1201 240
110 2 2 1 1 250 1289 1026
111 2 2 1 1 1252 2003 207
112 2 2 1 1 917 1986 66
113 2 2 1 1 992 1291 497
114 2 2 1 1 902 1379 352
115 2 2 1 1 1843 2340 628
116 2 2 1 1 451 1020 987
117 2 2 1 1 429 1160 937
118 2 2 1 1 2034 2179 1146
119 2 2 1 1 905 1261 202
120 2 2 1 1 229 1778 1039
121 2 2 1 1 137 1184 136
122 2 2 1 1 768 1658 312
123 2 2 1 1 505 1524 1005
124 2 2 1 1 915 2167 827
125 2 2 1 1 454 1351 711
126 2 2 1 1 41 1809 42
127 2 2 1 1 683 1708 1007
128 2 2 1 1 830 1571 1243
129 2 2 1 1 104 954 103
130 2 2 1 1 952 1037 168
131 2 2 1 1 840 1408 328
132 2 2 1 1 229 1913 1778
133 2 2 1 1 892 1545 240
134 2 2 1 1 370 2421 1226
135 2 2 1 1 1212 1671 456
136 2 2 1 1 727 1324 520
137 2 2 1 1 383 1144 854
138 2 2 1 1 352 2614 902
139 2 2 1 1 52 878 53
140 2 2 1 1 512 1263 1202
141 2 2 1 1 473 1837 1426
142 2 2 1 1 907 1400 225
143 2 2 1 1 493 1373 858
144 2 2 1 1 826 1401 255
145 2 2 1 1 1144 1533 571
146 2 2 1 1 1907 2017 444
147 2 2 1 1 991 1683 387
148 2 2 1 1 357 2256 728
149 2 2 1 1 1026 1069 250
150 2 2 1 1 994 1805 744
151 2 2 1 1 768 1814 604
152 2 2 1 1 618 1307 1113
153 2 2 1 1 1937 2706 1617
154 2 2 1 1 70 1156 69
155 2 2 1 1 1045 1762 712
156 2 2 1 1 392 1708 1588
157 2 2 1 1 986 1660 601
158 2 2 1 1 1117 1828 729
159 2 2 1 1 1564 2305 498
160 2 2 1 1 605 1346 1149
161 2 2 1 1 1537 2697 2220
162 2 2 1 1 720 1453 491
163 2 2 1 1 711 2164 394
164 2 2 1 1 1130 2385 752
165 2 2 1 1 711 1731 454
166 2 2 1 1 870 2214 1018
167 2 2 1 1 1432 2214 870
168 2 2 1 1 295 2001 950
169 2 2 1 1 387 1891 1044
170 2 2 1 1 153 1168 152
171 2 2 1 1 1446 1740 344
172 2 2 1 1 967 2400 733
173 2 2 1 1 926 2076 320
174 2 2 1 1 854 2161 803
175 2 2 1 1 1294 2157 489
176 2 2 1 1 2220 2602 1521
177 2 2 1 1 196 2622 799
178 2 2 1 1 161 1119 160
179 2 2 1 1 1479 2601 984
180 2 2 1 1 330 1310 1248
181 2 2 1 1 1084 1229 427
182 2 2 1 1 439 2000 1318
183 2 2 1 1 1167 1526 705
184 2 2 1 1 82 982 81
185 2 2 1 1 827 2439 915
186 2 2 1 1 1045 2637 1762
187 2 2 1 1 493 1423 733
188 2 2 1 1 1639 1754 282
189 2 2 1 1 1808 2459 838
190 2 2 1 1 1289 2764 1026
191 2 2 1 1 273 1338 1237
192 2 2 1 1 412 1636 684
193 2 2 1 1 461 1479 984
194 2 2 1 1 898 2430 381
195 2 2 1 1 980 1215 641
196 2 2 1 1 513 1372 1109
197 2 2 1 1 858 2532 185
198 2 2 1 1 1278 2385 1130
199 2 2 1 1 320 1528 926
200 2 2 1 1 1176 1817 208
201 2 2 1 1 1202 1263 409
202 2 2 1 1 911 1799 1483
203 2 2 1 1 433 1379 902
204 2 2 1 1 185 2532 1412
205 2 2 1 1 394 1558 981
206 2 2 1 1 1005 1524 376
207 2 2 1 1 557 1662 922
208 2 2 1 1 1270 1454 409
209 2 2 1 1 389 2234 1757
210 2 2 1 1 546 1229 1084
211 2 2 1 1 343 1652 883
212 2 2 1 1 937 2167 1757
213 2 2 1 1 1195 2367 1229
214 2 2 1 1 1186 2399 458
215 2 2 1 1 857 2350 1398
216 2 2 1 1 417 1799 911
217 2 2 1 1 676 1875 1684
218 2 2 1 1 399 1526 1167
219 2 2 1 1 394 2164 1163
220 2 2 1 1 1484 1853 848
221 2 2 1 1 213 1569 924
222 2 2 1 1 2184 2389 960
223 2 2 1 1 1184 1857 136
224 2 2 1 1 535 1462 750
225 2 2 1 1 188 1185 1051
226 2 2 1 1 429 2174 1076
227 2 2 1 1 44 1562 767
228 2 2 1 1 351 2566 1040
229 2 2 1 1 769 2716 1207
230 2 2 1 1 2082 2423 236
231 2 2 1 1 701 1610 1595
232 2 2 1 1 1164 2464 866
233 2 2 1 1 841 1740 1446
234 2 2 1 1 1133 1436 499
235 2 2 1 1 926 1528 1078
236 2 2 1 1 995 1403 470
237 2 2 1 1 80 1104 79
238 2 2 1 1 633 1803 1386
239 2 2 1 1 961 1795 432
240 2 2 1 1 1226 2421 793
241 2 2 1 1 430 1052 1043
242 2 2 1 1 486 1395 888
243 2 2 1 1 951 1994 394
244 2 2 1 1 411 1121 923
245 2 2 1 1 768 2199 234
246 2 2 1 1 233 1279 946
247 2 2 1 1 1069 2255 871
248 2 2 1 1 939 1936 200
249 2 2 1 1 787 2029 606
250 2 2 1 1 1060 1251 464
251 2 2 1 1 924 1136 395
252 2 2 1 1 1195 1229 546
253 2 2 1 1 329 1444 743
254 2 2 1 1 1013 2309 510
255 2 2 1 1 578 1348 975
256 2 2 1 1 911 1502 417
257 2 2 1 1 1599 2447 240
258 2 2 1 1 952 2736 1037
259 2 2 1 1 147 1049 146
260 2 2 1 1 983 1393 471
261 2 2 1 1 822 1181 270
262 2 2 1 1 1073 1414 731
263 2 2 1 1 922 1844 557
264 2 2 1 1 336 1937 1617
265 2 2 1 1 161 1616 1119
266 2 2 1 1 1069 2726 2255
267 2 2 1 1 1323 2055 609
268 2 2 1 1 1039 2555 229
269 2 2 1 1 708 1259 448
270 2 2 1 1 880 2613 172
271 2 2 1 1 702 1789 1458
272 2 2 1 1 728 2098 357
273 2 2 1 1 1076 1160 429
274 2 2 1 1 176 1271 902
275 2 2 1 1 776 1383 327
276 2 2 1 1 1794 2303 730
277 2 2 1 1 831 2696 2051
278 2 2 1 1 580 1416 1173
279 2 2 1 1 471 1325 983
280 2 2 1 1 1248 1310 647
281 2 2 1 1 943 1344 492
282 2 2 1 1 1142 1457 276
283 2 2 1 1 912 1540 435
284 2 2 1 1 813 2420 492
285 2 2 1 1 1475 2649 482
286 2 2 1 1 628 2340 1225
287 2 2 1 1 90 1232 89
288 2 2 1 1 838 1724 420
289 2 2 1 1 105 1217 104
290 2 2 1 1 1533 2041 571
291 2 2 1 1 717 1150 1123
292 2 2 1 1 529 2538 1568
293 2 2 1 1 1021 1907 444
294 2 2 1 1 1554 2460 165
295 2 2 1 1 266 1651 1163
296 2 2 1 1 958 2055 1323
297 2 2 1 1 905 2010 337
298 2 2 1 1 1027 1558 394
299 2 2 1 1 178 2134 1244
300 2 2 1 1 1130 2088 489
301 2 2 1 1 453 1310 880
302 2 2 1 1 215 1769 1280
303 2 2 1 1 883 1746 343
304 2 2 1 1 1163 1651 619
305 2 2 1 1 1031 1803 633
306 2 2 1 1 884 2511 359
307 2 2 1 1 756 1777 371
308 2 2 1 1 465 1251 1060
309 2 2 1 1 854 2244 383
310 2 2 1 1 318 1717 1199
311 2 2 1 1 448 1200 1145
312 2 2 1 1 62 1319 61
313 2 2 1 1 370 1226 997
314 2 2 1 1 425 2483 1062
315 2 2 1 1 1662 2094 922
316 2 2 1 1 1516 1640 518
317 2 2 1 1 948 2385 1473
318 2 2 1 1 467 2371 1220
319 2 2 1 1 846 2289 1204
320 2 2 1 1 448 1628 708
321 2 2 1 1 211 1228 913
322 2 2 1 1 438 1134 829
323 2 2 1 1 141 1088 140
324 2 2 1 1 737 2214 1432
325 2 2 1 1 337 1382 905
326 2 2 1 1 888 1972 486
327 2 2 1 1 919 2159 1653
328 2 2 1 1 116 953 115
329 2 2 1 1 868 2225 1671
330 2 2 1 1 1155 1844 457
331 2 2 1 1 881 1542 487
332 2 2 1 1 1277 1513 686
333 2 2 1 1 979 1053 365
334 2 2 1 1 469 1185 1029
335 2 2 1 1 1385 2027 785
336 2 2 1 1 1805 2288 744
337 2 2 1 1 881 1345 1099
338 2 2 1 1 454 1731 875
339 2 2 1 1 1339 2131 961
340 2 2 1 1 500 1224 951
341 2 2 1 1 784 2016 1046
342 2 2 1 1 1439 1831 241
343 2 2 1 1 1779 1802 40
344 2 2 1 1 843 1645 254
345 2 2 1 1 589 2601 1479
346 2 2 1 1 2051 2696 192
347 2 2 1 1 327 1574 776
348 2 2 1 1 729 1828 1287
349 2 2 1 1 1078 2308 926
350 2 2 1 1 253 1393 983
351 2 2 1 1 962 1205 298
352 2 2 1 1 983 1443 253
353 2 2 1 1 595 1302 1222
354 2 2 1 1 975 2661 1008
355 2 2 1 1 1391 2119 107
356 2 2 1 1 217 2308 1078
357 2 2 1 1 113 1305 112
358 2 2 1 1 525 1300 869
359 2 2 1 1 306 1648 1245
360 2 2 1 1 604 1326 768
361 2 2 1 1 245 2407 1046
362 2 2 1 1 973 1326 379
363 2 2 1 1 822 1956 399
364 2 2 1 1 2013 2543 1018
365 2 2 1 1 541 1387 999
366 2 2 1 1 139 1149 138
367 2 2 1 1 910 1977 222
368 2 2 1 1 139 1552 1149
369 2 2 1 1 969 2492 477
370 2 2 1 1 1598 2114 1111
371 2 2 1 1 556 1155 1141
372 2 2 1 1 1397 1810 189
373 2 2 1 1 510 2149 1013
374 2 2 1 1 2255 2726 428
375 2 2 1 1 233 1376 1279
376 2 2 1 1 547 1352 1283
377 2 2 1 1 1132 1251 465
378 2 2 1 1 2276 2569 1036
379 2 2 1 1 1112 1161 510
380 2 2 1 1 1190 1766 303
381 2 2 1 1 1545 1599 240
382 2 2 1 1 392 2604 914
383 2 2 1 1 1539 1800 874
384 2 2 1 1 407 2372 1019
385 2 2 1 1 865 2303 1794
386 2 2 1 1 1014 1128 374
387 2 2 1 1 399 1181 822
388 2 2 1 1 950 2001 639
389 2 2 1 1 257 1202 1047
390 2 2 1 1 1104 2040 79
391 2 2 1 1 98 1742 1095
392 2 2 1 1 458 2464 1164
393 2 2 1 1 936 1077 251
394 2 2 1 1 887 1681 440
395 2 2 1 1 1083 1796 75
396 2 2 1 1 731 1818 1073
397 2 2 1 1 1069 1109 250
398 2 2 1 1 828 2013 1018
399 2 2 1 1 259 1996 1099
400 2 2 1 1 430 1556 909
401 2 2 1 1 438 1243 1134
402 2 2 1 1 528 1186 1164
403 2 2 1 1 486 1391 1002
404 2 2 1 1 432 1339 961
405 2 2 1 1 190 1283 1102
406 2 2 1 1 860 2558 263
407 2 2 1 1 641 2665 980
408 2 2 1 1 1568 2538 990
409 2 2 1 1 188 2450 1185
410 2 2 1 1 234 1467 768
411 2 2 1 1 1243 1571 310
412 2 2 1 1 793 1465 480
413 2 2 1 1 1073 1818 313
414 2 2 1 1 1124 1464 653
415 2 2 1 1 225 2590 907
416 2 2 1 1 1150 1332 403
417 2 2 1 1 457 1844 922
418 2 2 1 1 189 2737 1103
419 2 2 1 1 1186 2493 944
420 2 2 1 1 1008 1809 41
421 2 2 1 1 862 1891 387
422 2 2 1 1 1560 2638 680
423 2 2 1 1 440 2505 887
424 2 2 1 1 664 1952 925
425 2 2 1 1 550 1829 864
426 2 2 1 1 1082 1159 476
427 2 2 1 1 165 2344 1554
428 2 2 1 1 1537 2220 778
429 2 2 1 1 1850 2156 760
430 2 2 1 1 252 1159 1082
431 2 2 1 1 1157 1610 477
432 2 2 1 1 627 2056 1051
433 2 2 1 1 591 1181 966
434 2 2 1 1 722 1289 1025
435 2 2 1 1 270 1702 822
436 2 2 1 1 497 1488 992
437 2 2 1 1 1847 2344 165
438 2 2 1 1 675 2207 1797
439 2 2 1 1 404 1192 1180
440 2 2 1 1 1295 2310 462
441 2 2 1 1 671 2003 1252
442 2 2 1 1 597 1259 1096
443 2 2 1 1 992 2119 1391
444 2 2 1 1 474 1481 802
445 2 2 1 1 1496 1499 27
446 2 2 1 1 2262 2716 769
447 2 2 1 1 265 1220 941
448 2 2 1 1 586 1457 1178
449 2 2 1 1 606 1866 787
450 2 2 1 1 127 1941 128
451 2 2 1 1 248 2493 1186
452 2 2 1 1 1347 1432 616
453 2 2 1 1 1410 1769 215
454 2 2 1 1 263 1536 860
455 2 2 1 1 1133 2126 1436
456 2 2 1 1 1302 2615 1222
457 2 2 1 1 1238 1954 800
458 2 2 1 1 1276 1888 796
459 2 2 1 1 191 2512 1481
460 2 2 1 1 1017 1466 555
461 2 2 1 1 1634 2422 1001
462 2 2 1 1 1123 1150 403
463 2 2 1 1 743 1444 482
464 2 2 1 1 869 1353 525
465 2 2 1 1 1056 1256 646
466 2 2 1 1 1231 2080 1089
467 2 2 1 1 929 1485 345
468 2 2 1 1 437 2059 1246
469 2 2 1 1 358 1127 965
470 2 2 1 1 925 1380 522
471 2 2 1 1 424 1221 831
472 2 2 1 1 447 1244 1087
473 2 2 1 1 494 1536 1029
474 2 2 1 1 394 1948 951
475 2 2 1 1 1144 2038 854
476 2 2 1 1 962 2436 449
477 2 2 1 1 1773 2228 1267
478 2 2 1 1 371 2425 756
479 2 2 1 1 375 1954 1238
480 2 2 1 1 475 1285 1030
481 2 2 1 1 1145 1200 502
482 2 2 1 1 420 1808 838
483 2 2 1 1 716 1354 296
484 2 2 1 1 491 2492 2154
485 2 2 1 1 1040 2077 1807
486 2 2 1 1 128 1941 1068
487 2 2 1 1 1179 2031 390
488 2 2 1 1 975 1802 1779
489 2 2 1 1 811 1998 1979
490 2 2 1 1 352 1379 1207
491 2 2 1 1 399 1167 966
492 2 2 1 1 785 2178 1385
493 2 2 1 1 733 2579 493
494 2 2 1 1 1146 2179 440
495 2 2 1 1 1038 1615 398
496 2 2 1 1 218 2045 1241
497 2 2 1 1 387 1683 862
498 2 2 1 1 260 1915 1667
499 2 2 1 1 434 1834 955
500 2 2 1 1 1185 2450 1029
501 2 2 1 1 798 2422 1634
502 2 2 1 1 1244 2134 897
503 2 2 1 1 873 1548 560
504 2 2 1 1 1227 1228 788
505 2 2 1 1 1288 1374 658
506 2 2 1 1 997 1963 618
507 2 2 1 1 2249 2310 1295
508 2 2 1 1 1210 1401 524
509 2 2 1 1 356 2228 1773
510 2 2 1 1 590 2213 1002
511 2 2 1 1 587 1322 1230
512 2 2 1 1 610 1936 939
513 2 2 1 1 1109 1372 250
514 2 2 1 1 120 1597 934
515 2 2 1 1 1287 1828 204
516 2 2 1 1 786 2237 1861
517 2 2 1 1 1018 2214 393
518 2 2 1 1 296 1364 716
519 2 2 1 1 396 2278 1257
520 2 2 1 1 1149 1346 460
521 2 2 1 1 729 1287 1190
522 2 2 1 1 787 1524 505
523 2 2 1 1 372 1405 1188
524 2 2 1 1 592 1993 928
525 2 2 1 1 948 2390 2385
526 2 2 1 1 436 1417 893
527 2 2 1 1 1200 2737 189
528 2 2 1 1 1204 2289 541
529 2 2 1 1 1028 1329 408
530 2 2 1 1 351 2251 1101
531 2 2 1 1 394 1994 711
532 2 2 1 1 777 1527 369
533 2 2 1 1 204 2165 2162
534 2 2 1 1 1090 1255 123
535 2 2 1 1 784 2408 2016
536 2 2 1 1 2064 2158 1073
537 2 2 1 1 688 2092 1223
538 2 2 1 1 614 1623 1097
539 2 2 1 1 856 2059 437
540 2 2 1 1 1166 1822 214
541 2 2 1 1 435 1939 912
542 2 2 1 1 1160 2359 937
543 2 2 1 1 275 1707 1480
544 2 2 1 1 1118 2710 538
545 2 2 1 1 634 1766 1190
546 2 2 1 1 1062 1368 425
547 2 2 1 1 908 2460 1554
548 2 2 1 1 2174 2337 1076
549 2 2 1 1 101 2577 100
550 2 2 1 1 452 1697 990
551 2 2 1 1 497 1800 1539
552 2 2 1 1 439 1147 1046
553 2 2 1 1 740 1810 1397
554 2 2 1 1 466 1357 1235
555 2 2 1 1 108 1391 107
556 2 2 1 1 525 1529 1356
557 2 2 1 1 1900 2618 1027
558 2 2 1 1 35 2342 1816
559 2 2 1 1 1023 2418 742
560 2 2 1 1 444 1913 1021
561 2 2 1 1 1024 2505 440
562 2 2 1 1 229 1344 1021
563 2 2 1 1 965 2383 358
564 2 2 1 1 1201 1876 240
565 2 2 1 1 612 1822 1166
566 2 2 1 1 706 2158 2064
567 2 2 1 1 1096 1691 468
568 2 2 1 1 742 1245 362
569 2 2 1 1 1598 2068 243
570 2 2 1 1 571 2041 1483
571 2 2 1 1 1220 2371 941
572 2 2 1 1 924 2018 1471
573 2 2 1 1 710 1817 1176
574 2 2 1 1 92 1213 91
575 2 2 1 1 918 2017 1907
576 2 2 1 1 269 1660 986
577 2 2 1 1 823 2445 210
578 2 2 1 1 1443 2058 1043
579 2 2 1 1 1108 2391 2004
580 2 2 1 1 1595 1610 249
581 2 2 1 1 977 1084 427
582 2 2 1 1 359 2457 884
583 2 2 1 1 850 1831 1439
584 2 2 1 1 1234 1477 388
585 2 2 1 1 448 2737 1200
586 2 2 1 1 474 2240 1451
587 2 2 1 1 1283 1352 501
588 2 2 1 1 255 1995 826
589 2 2 1 1 437 1077 936
590 2 2 1 1 438 2566 1101
591 2 2 1 1 1544 2388 743
592 2 2 1 1 452 1944 1697
593 2 2 1 1 912 1939 169
594 2 2 1 1 1342 1500 102
595 2 2 1 1 1204 2093 846
596 2 2 1 1 2170 2506 607
597 2 2 1 1 773 2031 1179
598 2 2 1 1 430 2529 1052
599 2 2 1 1 733 1423 967
600 2 2 1 1 258 2576 1006
601 2 2 1 1 369 2764 1289
602 2 2 1 1 966 1181 399
603 2 2 1 1 932 1850 760
604 2 2 1 1 921 1396 173
605 2 2 1 1 922 2263 457
606 2 2 1 1 485 1487 963
607 2 2 1 1 437 2291 856
608 2 2 1 1 1188 1405 608
609 2 2 1 1 246 1479 1093
610 2 2 1 1 272 1138 1124
611 2 2 1 1 1070 1171 419
612 2 2 1 1 1150 2171 1332
613 2 2 1 1 485 1368 1062
614 2 2 1 1 1156 2118 69
615 2 2 1 1 379 2660 973
616 2 2 1 1 1231 1899 442
617 2 2 1 1 1347 2228 1432
618 2 2 1 1 1329 2004 408
619 2 2 1 1 1128 1787 719
620 2 2 1 1 1063 1309 237
621 2 2 1 1 275 1726 1233
622 2 2 1 1 1500 2577 101
623 2 2 1 1 858 1423 493
624 2 2 1 1 1621 2664 824
625 2 2 1 1 935 1321 436
626 2 2 1 1 1050 1174 431
627 2 2 1 1 937 1757 429
628 2 2 1 1 693 1828 1117
629 2 2 1 1 1068 1757 698
630 2 2 1 1 1115 1119 422
631 2 2 1 1 954 1342 103
632 2 2 1 1 907 2631 1400
633 2 2 1 1 1045 2183 942
634 2 2 1 1 192 2473 1264
635 2 2 1 1 743 1527 329
636 2 2 1 1 715 2305 1564
637 2 2 1 1 76 1083 75
638 2 2 1 1 935 2095 502
639 2 2 1 1 893 1335 436
640 2 2 1 1 518 1296 1071
641 2 2 1 1 1113 1307 261
642 2 2 1 1 1671 2225 603
643 2 2 1 1 1466 1702 555
644 2 2 1 1 992 1391 486
645 2 2 1 1 540 2389 2184
646 2 2 1 1 421 2591 1408
647 2 2 1 1 1684 1875 423
648 2 2 1 1 343 2008 1652
649 2 2 1 1 1043 2058 430
650 2 2 1 1 1467 2586 963
651 2 2 1 1 878 1416 580
652 2 2 1 1 998 2206 144
653 2 2 1 1 826 2560 1401
654 2 2 1 1 88 970 87
655 2 2 1 1 410 1513 1277
656 2 2 1 1 1916 2386 363
657 2 2 1 1 274 1737 1140
658 2 2 1 1 122 1090 123
659 2 2 1 1 512 2036 1476
660 2 2 1 1 440 1681 1048
661 2 2 1 1 1105 1743 1458
662 2 2 1 1 1380 2472 522
663 2 2 1 1 1046 1147 245
664 2 2 1 1 1286 1290 770
665 2 2 1 1 1861 2237 593
666 2 2 1 1 185 2411 967
667 2 2 1 1 1485 1939 435
668 2 2 1 1 460 1265 1184
669 2 2 1 1 173 1605 921
670 2 2 1 1 125 1317 126
671 2 2 1 1 345 2151 929
672 2 2 1 1 1006 2583 444
673 2 2 1 1 459 1853 1484
674 2 2 1 1 942 2183 339
675 2 2 1 1 1402 1825 612
676 2 2 1 1 831 2051 581
677 2 2 1 1 2220 2697 679
678 2 2 1 1 376 1524 1241
679 2 2 1 1 1270 2544 353
680 2 2 1 1 1221 2696 831
681 2 2 1 1 2612 2619 770
682 2 2 1 1 538 2710 988
683 2 2 1 1 1306 1950 661
684 2 2 1 1 442 2080 1231
685 2 2 1 1 775 2628 1129
686 2 2 1 1 1105 1458 576
687 2 2 1 1 223 2131 1339
688 2 2 1 1 1264 1313 581
689 2 2 1 1 472 1469 1022
690 2 2 1 1 880 1331 453
691 2 2 1 1 1184 1265 591
692 2 2 1 1 568 2392 1924
693 2 2 1 1 1002 2152 590
694 2 2 1 1 1166 2139 938
695 2 2 1 1 482 1544 743
696 2 2 1 1 1581 2207 675
697 2 2 1 1 995 1505 257
698 2 2 1 1 369 2129 777
699 2 2 1 1 532 1464 1124
700 2 2 1 1 1400 2569 225
701 2 2 1 1 931 1909 245
702 2 2 1 1 744 2069 994
703 2 2 1 1 938 2573 1166
704 2 2 1 1 1229 2367 341
705 2 2 1 1 298 2246 962
706 2 2 1 1 884 2457 1316
707 2 2 1 1 505 1525 787
708 2 2 1 1 1385 2178 968
709 2 2 1 1 172 1331 880
710 2 2 1 1 1108 2004 662
711 2 2 1 1 153 1710 1168
712 2 2 1 1 1419 2310 957
713 2 2 1 1 2131 2443 961
714 2 2 1 1 568 1924 1507
715 2 2 1 1 1164 1186 458
716 2 2 1 1 997 1968 370
717 2 2 1 1 542 1933 1253
718 2 2 1 1 975 1779 578
719 2 2 1 1 799 1944 1268
720 2 2 1 1 1112 2060 288
721 2 2 1 1 219 2038 1144
722 2 2 1 1 1111 2114 725
723 2 2 1 1 1040 2566 829
724 2 2 1 1 545 1589 1030
725 2 2 1 1 758 2642 1613
726 2 2 1 1 925 1492 664
727 2 2 1 1 1102 2211 190
728 2 2 1 1 394 1163 1027
729 2 2 1 1 1322 2574 1230
730 2 2 1 1 1251 1313 464
731 2 2 1 1 619 1900 1027
732 2 2 1 1 1408 2591 895
733 2 2 1 1 1483 1799 571
734 2 2 1 1 616 1160 1076
735 2 2 1 1 951 1948 500
736 2 2 1 1 238 1231 1089
737 2 2 1 1 1112 1837 473
738 2 2 1 1 651 1640 1516
739 2 2 1 1 1368 1621 824
740 2 2 1 1 1081 1381 487
741 2 2 1 1 278 2274 1521
742 2 2 1 1 428 2659 987
743 2 2 1 1 1911 1945 641
744 2 2 1 1 1231 1697 687
745 2 2 1 1 66 1695 917
746 2 2 1 1 936 2291 437
747 2 2 1 1 26 989 25
748 2 2 1 1 943 2425 371
749 2 2 1 1 441 2232 1003
750 2 2 1 1 1003 1363 441
751 2 2 1 1 1793 2397 2105
752 2 2 1 1 573 1561 1238
753 2 2 1 1 1234 2559 195
754 2 2 1 1 1777 2223 371
755 2 2 1 1 1834 2314 955
756 2 2 1 1 946 2301 233
757 2 2 1 1 447 1467 963
758 2 2 1 1 914 1708 392
759 2 2 1 1 412 1177 1118
760 2 2 1 1 875 1254 454
761 2 2 1 1 312 1658 1087
762 2 2 1 1 238 1697 1231
763 2 2 1 1 913 1716 211
764 2 2 1 1 168 2711 952
765 2 2 1 1 481 1619 956
766 2 2 1 1 629 1361 1172
767 2 2 1 1 1178 1457 515
768 2 2 1 1 585 1443 983
769 2 2 1 1 90 2007 1232
770 2 2 1 1 981 1411 500
771 2 2 1 1 439 2016 913
772 2 2 1 1 1184 1980 460
773 2 2 1 1 60 2655 1776
774 2 2 1 1 924 1471 213
775 2 2 1 1 1046 2016 439
776 2 2 1 1 185 1423 858
777 2 2 1 1 515 1457 1142
778 2 2 1 1 1399 1911 641
779 2 2 1 1 1038 1280 762
780 2 2 1 1 169 1882 912
781 2 2 1 1 202 1662 905
782 2 2 1 1 178 1848 1414
783 2 2 1 1 971 1508 346
784 2 2 1 1 902 1703 176
785 2 2 1 1 1071 1216 518
786 2 2 1 1 245 2446 931
787 2 2 1 1 453 2693 1870
788 2 2 1 1 685 2248 1044
789 2 2 1 1 486 1291 992
790 2 2 1 1 185 1412 1059
791 2 2 1 1 280 1388 933
792 2 2 1 1 1265 2662 1081
793 2 2 1 1 1102 1283 501
794 2 2 1 1 981 1948 394
795 2 2 1 1 1141 1155 457
796 2 2 1 1 282 1754 1334
797 2 2 1 1 1391 2011 1002
798 2 2 1 1 431 2682 1050
799 2 2 1 1 206 1308 997
800 2 2 1 1 214 2139 1166
801 2 2 1 1 1253 1933 738
802 2 2 1 1 947 1949 382
803 2 2 1 1 429 1757 1068
804 2 2 1 1 947 2377 587
805 2 2 1 1 517 1984 887
806 2 2 1 1 412 1388 995
807 2 2 1 1 913 1228 439
808 2 2 1 1 642 1358 1066
809 2 2 1 1 308 1666 900
810 2 2 1 1 337 1749 1382
811 2 2 1 1 478 1521 823
812 2 2 1 1 1462 2267 750
813 2 2 1 1 1080 2762 424
814 2 2 1 1 552 1974 909
815 2 2 1 1 430 2058 1556
816 2 2 1 1 1544 2649 742
817 2 2 1 1 52 1442 878
818 2 2 1 1 1093 1713 246
819 2 2 1 1 478 2630 2220
820 2 2 1 1 267 1590 1016
821 2 2 1 1 550 1440 834
822 2 2 1 1 1477 1700 726
823 2 2 1 1 86 1189 85
824 2 2 1 1 1193 1450 455
825 2 2 1 1 169 1939 929
826 2 2 1 1 292 2083 2000
827 2 2 1 1 2239 2634 1575
828 2 2 1 1 1204 1220 265
829 2 2 1 1 439 1318 1147
830 2 2 1 1 595 1882 1012
831 2 2 1 1 919 1653 533
832 2 2 1 1 339 2039 942
833 2 2 1 1 1989 2683 326
834 2 2 1 1 1462 1746 883
835 2 2 1 1 1414 1976 178
836 2 2 1 1 955 2447 1599
837 2 2 1 1 449 1205 962
838 2 2 1 1 427 1737 977
839 2 2 1 1 576 1401 1210
840 2 2 1 1 254 1377 843
841 2 2 1 1 344 1604 1446
842 2 2 1 1 900 1666 527
843 2 2 1 1 1208 1367 483
844 2 2 1 1 1352 2331 501
845 2 2 1 1 1173 1416 271
846 2 2 1 1 1029 1536 1365
847 2 2 1 1 1046 2407 784
848 2 2 1 1 1042 1362 433
849 2 2 1 1 1027 1163 619
850 2 2 1 1 1047 1202 409
851 2 2 1 1 963 2547 447
852 2 2 1 1 1192 2393 1180
853 2 2 1 1 835 2202 1264
854 2 2 1 1 392 2721 2604
855 2 2 1 1 1047 2326 257
856 2 2 1 1 554 2689 1645
857 2 2 1 1 1268 1944 452
858 2 2 1 1 1655 1731 231
859 2 2 1 1 494 1374 1288
860 2 2 1 1 325 1235 939
861 2 2 1 1 84 1203 83
862 2 2 1 1 1286 1774 704
863 2 2 1 1 928 1993 1384
864 2 2 1 1 1356 1529 807
865 2 2 1 1 946 1279 435
866 2 2 1 1 1235 1357 610
867 2 2 1 1 1400 2631 406
868 2 2 1 1 326 2683 1152
869 2 2 1 1 182 2333 1007
870 2 2 1 1 920 2386 1916
871 2 2 1 1 1014 1729 559
872 2 2 1 1 1481 2512 802
873 2 2 1 1 1271 1865 433
874 2 2 1 1 195 1718 1234
875 2 2 1 1 1652 2008 863
876 2 2 1 1 1129 2075 1564
877 2 2 1 1 2306 2689 554
878 2 2 1 1 1384 2274 278
879 2 2 1 1 451 2605 1023
880 2 2 1 1 477 2492 1157
881 2 2 1 1 1172 1202 257
882 2 2 1 1 1008 1680 566
883 2 2 1 1 960 2650 625
884 2 2 1 1 1049 1421 563
885 2 2 1 1 1273 1837 288
886 2 2 1 1 1190 1287 386
887 2 2 1 1 1104 1272 709
888 2 2 1 1 2385 2390 752
889 2 2 1 1 1115 1988 1119
890 2 2 1 1 814 1991 1447
891 2 2 1 1 334 2340 1843
892 2 2 1 1 2310 2669 957
893 2 2 1 1 221 1711 1143
894 2 2 1 1 954 1539 355
895 2 2 1 1 760 2438 932
896 2 2 1 1 14 1100 13
897 2 2 1 1 210 1371 823
898 2 2 1 1 1632 2416 301
899 2 2 1 1 709 2040 1104
900 2 2 1 1 1595 2596 701
901 2 2 1 1 492 1871 813
902 2 2 1 1 1052 1349 488
903 2 2 1 1 436 1335 935
904 2 2 1 1 477 1610 1341
905 2 2 1 1 1124 1663 272
906 2 2 1 1 1404 2277 703
907 2 2 1 1 587 1949 947
908 2 2 1 1 1588 2434 968
909 2 2 1 1 1382 1749 804
910 2 2 1 1 776 1619 1383
911 2 2 1 1 1431 2318 54
912 2 2 1 1 501 1528 1102
913 2 2 1 1 569 1421 1049
914 2 2 1 1 1245 1648 655
915 2 2 1 1 321 1409 1034
916 2 2 1 1 443 1629 976
917 2 2 1 1 1243 1898 1134
918 2 2 1 1 1330 1943 613
919 2 2 1 1 1067 1877 516
920 2 2 1 1 1242 1694 933
921 2 2 1 1 1076 2593 616
922 2 2 1 1 890 2330 358
923 2 2 1 1 441 1363 1328
924 2 2 1 1 597 2044 1259
925 2 2 1 1 924 1569 509
926 2 2 1 1 776 2606 1619
927 2 2 1 1 1025 2212 722
928 2 2 1 1 964 2544 1270
929 2 2 1 1 1257 2581 396
930 2 2 1 1 601 1721 986
931 2 2 1 1 987 2605 451
932 2 2 1 1 473 1161 1112
933 2 2 1 1 959 1518 569
934 2 2 1 1 665 1713 1093
935 2 2 1 1 226 1398 1256
936 2 2 1 1 927 1592 427
937 2 2 1 1 909 1556 171
938 2 2 1 1 1012 2270 665
939 2 2 1 1 934 2339 120
940 2 2 1 1 12 1246 11
941 2 2 1 1 614 1821 1623
942 2 2 1 1 222 1908 910
943 2 2 1 1 963 1621 485
944 2 2 1 1 334 2658 1314
945 2 2 1 1 207 1787 1128
946 2 2 1 1 679 2602 2220
947 2 2 1 1 909 1974 430
948 2 2 1 1 581 1493 831
949 2 2 1 1 915 1365 263
950 2 2 1 1 60 1776 59
951 2 2 1 1 467 2518 999
952 2 2 1 1 1724 2300 420
953 2 2 1 1 210 2680 1745
954 2 2 1 1 2154 2492 969
955 2 2 1 1 427 1229 927
956 2 2 1 1 177 2288 1805
957 2 2 1 1 2142 2760 1028
958 2 2 1 1 1172 1361 512
959 2 2 1 1 1433 2730 1745
960 2 2 1 1 119 1597 120
961 2 2 1 1 1199 1717 680
962 2 2 1 1 788 2527 1227
963 2 2 1 1 207 1921 1252
964 2 2 1 1 105 1488 1217
965 2 2 1 1 714 1837 1273
966 2 2 1 1 206 2210 1833
967 2 2 1 1 179 1214 1126
968 2 2 1 1 1264 2473 835
969 2 2 1 1 920 1916 537
970 2 2 1 1 639 2296 950
971 2 2 1 1 549 1491 1311
972 2 2 1 1 726 2393 1192
973 2 2 1 1 934 2092 688
974 2 2 1 1 268 2095 1335
975 2 2 1 1 1175 1651 490
976 2 2 1 1 730 2110 1794
977 2 2 1 1 1793 2105 761
978 2 2 1 1 318 1199 999
979 2 2 1 1 619 1651 1175
980 2 2 1 1 1088 1304 446
981 2 2 1 1 1020 2576 258
982 2 2 1 1 994 2069 1034
983 2 2 1 1 346 1494 971
984 2 2 1 1 1322 1998 811
985 2 2 1 1 455 1450 1309
986 2 2 1 1 1445 2351 1332
987 2 2 1 1 1015 2472 1380
988 2 2 1 1 216 2359 1160
989 2 2 1 1 627 1545 1152
990 2 2 1 1 433 1865 1042
991 2 2 1 1 447 1848 1244
992 2 2 1 1 216 2543 2013
993 2 2 1 1 933 1388 412
994 2 2 1 1 1124 1138 532
995 2 2 1 1 1040 1315 400
996 2 2 1 1 1051 1418 188
997 2 2 1 1 823 1371 478
998 2 2 1 1 927 1229 341
999 2 2 1 1 1030 1420 545
1000 2 2 1 1 454 1868 1351
1001 2 2 1 1 834 1975 550
1002 2 2 1 1 444 2583 1913
1003 2 2 1 1 443 2336 1629
1004 2 2 1 1 1023 1468 451
1005 2 2 1 1 210 2445 1022
1006 2 2 1 1 1129 1564 498
1007 2 2 1 1 1000 2461 551
1008 2 2 1 1 1408 2656 421
1009 2 2 1 1 1413 2184 960
1010 2 2 1 1 1343 2189 484
1011 2 2 1 1 435 2277 946
1012 2 2 1 1 976 1629 205
1013 2 2 1 1 500 1948 981
1014 2 2 1 1 1161 2149 510
1015 2 2 1 1 1667 1915 942
1016 2 2 1 1 1081 2233 1265
1017 2 2 1 1 408 2142 1028
1018 2 2 1 1 933 2193 538
1019 2 2 1 1 1034 2691 994
1020 2 2 1 1 886 2184 1413
1021 2 2 1 1 1015 1380 305
1022 2 2 1 1 1075 2742 476
1023 2 2 1 1 864 1440 550
1024 2 2 1 1 551 1839 1000
1025 2 2 1 1 1364 2619 2612
1026 2 2 1 1 1897 2470 873
1027 2 2 1 1 58 1064 57
1028 2 2 1 1 1008 2661 374
1029 2 2 1 1 929 1939 1485
1030 2 2 1 1 1042 1349 230
1031 2 2 1 1 36 2342 35
1032 2 2 1 1 966 2192 591
1033 2 2 1 1 605 1552 1088
1034 2 2 1 1 1237 1338 462
1035 2 2 1 1 923 2701 411
1036 2 2 1 1 1145 1628 448
1037 2 2 1 1 946 2277 1404
1038 2 2 1 1 372 2604 1240
1039 2 2 1 1 240 2447 1098
1040 2 2 1 1 1749 1966 850
1041 2 2 1 1 1716 2254 1257
1042 2 2 1 1 1035 2065 170
1043 2 2 1 1 1019 2294 407
1044 2 2 1 1 1284 1438 637
1045 2 2 1 1 1017 1593 203
1046 2 2 1 1 819 1976 1414
1047 2 2 1 1 507 1314 1139
1048 2 2 1 1 487 1381 1345
1049 2 2 1 1 1279 1376 596
1050 2 2 1 1 471 2048 1325
1051 2 2 1 1 1501 2311 959
1052 2 2 1 1 1922 2642 758
1053 2 2 1 1 939 1720 325
1054 2 2 1 1 1002 2213 1395
1055 2 2 1 1 621 1716 1257
1056 2 2 1 1 1715 2331 1352
1057 2 2 1 1 462 2310 1419
1058 2 2 1 1 1088 1552 140
1059 2 2 1 1 205 1577 976
1060 2 2 1 1 555 1579 1017
1061 2 2 1 1 449 2436 930
1062 2 2 1 1 417 1502 1007
1063 2 2 1 1 625 1413 960
1064 2 2 1 1 1201 2284 978
1065 2 2 1 1 1344 1871 492
1066 2 2 1 1 688 2339 934
1067 2 2 1 1 1026 2726 1069
1068 2 2 1 1 283 1728 1188
1069 2 2 1 1 1118 1177 187
1070 2 2 1 1 141 1304 1088
1071 2 2 1 1 1119 1616 615
1072 2 2 1 1 964 2520 1137
1073 2 2 1 1 426 2736 2242
1074 2 2 1 1 580 1482 878
1075 2 2 1 1 1260 1870 795
1076 2 2 1 1 341 2462 927
1077 2 2 1 1 767 2416 1632
1078 2 2 1 1 480 1465 1168
1079 2 2 1 1 929 1950 169
1080 2 2 1 1 511 1508 971
1081 2 2 1 1 296 1774 1286
1082 2 2 1 1 283 1296 1044
1083 2 2 1 1 875 1731 1655
1084 2 2 1 1 442 1899 1272
1085 2 2 1 1 203 1466 1017
1086 2 2 1 1 39 1779 40
1087 2 2 1 1 1236 1768 816
1088 2 2 1 1 1461 2076 926
1089 2 2 1 1 247 1251 1132
1090 2 2 1 1 920 2318 1431
1091 2 2 1 1 814 1447 1011
1092 2 2 1 1 1314 2658 1139
1093 2 2 1 1 1106 1393 253
1094 2 2 1 1 1008 1802 975
1095 2 2 1 1 1432 2477 737
1096 2 2 1 1 1029 1365 469
1097 2 2 1 1 834 2157 1294
1098 2 2 1 1 1130 2423 2088
1099 2 2 1 1 901 2666 353
1100 2 2 1 1 878 1482 53
1101 2 2 1 1 1044 1296 518
1102 2 2 1 1 363 1733 1058
1103 2 2 1 1 540 1550 1176
1104 2 2 1 1 1256 1398 646
1105 2 2 1 1 999 1199 467
1106 2 2 1 1 355 2217 954
1107 2 2 1 1 867 1917 1325
1108 2 2 1 1 982 1679 504
1109 2 2 1 1 1011 1447 583
1110 2 2 1 1 1899 2204 284
1111 2 2 1 1 170 1838 1035
1112 2 2 1 1 1060 1713 465
1113 2 2 1 1 1126 1214 418
1114 2 2 1 1 358 1311 1127
1115 2 2 1 1 627 1599 1545
1116 2 2 1 1 618 1832 997
1117 2 2 1 1 502 2095 1145
1118 2 2 1 1 488 1763 1043
1119 2 2 1 1 1317 1985 657
1120 2 2 1 1 537 1389 1079
1121 2 2 1 1 1254 2517 1868
1122 2 2 1 1 1122 1343 484
1123 2 2 1 1 1079 2405 537
1124 2 2 1 1 1264 2202 464
1125 2 2 1 1 2105 2397 349
1126 2 2 1 1 1778 1913 723
1127 2 2 1 1 1166 2573 416
1128 2 2 1 1 325 1720 859
1129 2 2 1 1 1083 1337 572
1130 2 2 1 1 661 2250 1306
1131 2 2 1 1 382 1730 947
1132 2 2 1 1 1066 2368 849
1133 2 2 1 1 424 2238 1221
1134 2 2 1 1 203 1593 1057
1135 2 2 1 1 891 2050 1656
1136 2 2 1 1 263 1883 915
1137 2 2 1 1 217 2144 838
1138 2 2 1 1 171 1292 909
1139 2 2 1 1 668 2076 1461
1140 2 2 1 1 965 1687 594
1141 2 2 1 1 1629 2336 978
1142 2 2 1 1 939 1235 610
1143 2 2 1 1 572 1796 1083
1144 2 2 1 1 1880 2141 893
1145 2 2 1 1 1507 2588 894
1146 2 2 1 1 1323 2380 958
1147 2 2 1 1 561 1477 1234
1148 2 2 1 1 1055 2680 459
1149 2 2 1 1 1188 1879 283
1150 2 2 1 1 979 2032 1053
1151 2 2 1 1 582 1314 1249
1152 2 2 1 1 1077 2128 609
1153 2 2 1 1 634 1499 1496
1154 2 2 1 1 1440 2568 834
1155 2 2 1 1 986 1943 269
1156 2 2 1 1 1265 2233 270
1157 2 2 1 1 502 1736 935
1158 2 2 1 1 1148 1618 315
1159 2 2 1 1 1634 2434 798
1160 2 2 1 1 928 1842 592
1161 2 2 1 1 84 2293 1203
1162 2 2 1 1 243 2068 1062
1163 2 2 1 1 1650 1685 773
1164 2 2 1 1 1012 1882 169
1165 2 2 1 1 200 1637 939
1166 2 2 1 1 2028 2245 842
1167 2 2 1 1 1189 2293 85
1168 2 2 1 1 822 1702 1466
1169 2 2 1 1 1325 2048 867
1170 2 2 1 1 789 2004 1329
1171 2 2 1 1 718 2061 1394
1172 2 2 1 1 1330 2023 1943
1173 2 2 1 1 1024 1470 690
1174 2 2 1 1 1330 1449 361
1175 2 2 1 1 257 1636 995
1176 2 2 1 1 168 2245 2028
1177 2 2 1 1 508 2637 1045
1178 2 2 1 1 541 1220 1204
1179 2 2 1 1 1745 2680 1055
1180 2 2 1 1 404 1107 1095
1181 2 2 1 1 1109 2525 513
1182 2 2 1 1 1222 2272 367
1183 2 2 1 1 102 1500 101
1184 2 2 1 1 1096 1259 251
1185 2 2 1 1 847 2530 2483
1186 2 2 1 1 459 1484 1055
1187 2 2 1 1 1034 2069 321
1188 2 2 1 1 1401 2560 524
1189 2 2 1 1 1564 2075 287
1190 2 2 1 1 198 2085 1578
1191 2 2 1 1 478 2220 1521
1192 2 2 1 1 155 1656 1274
1193 2 2 1 1 1103 2360 189
1194 2 2 1 1 234 2664 1621
1195 2 2 1 1 527 1597 1079
1196 2 2 1 1 887 1559 517
1197 2 2 1 1 1099 2671 881
1198 2 2 1 1 602 1522 1174
1199 2 2 1 1 1216 2755 1516
1200 2 2 1 1 527 2186 900
1201 2 2 1 1 353 1768 1236
1202 2 2 1 1 1691 2055 468
1203 2 2 1 1 990 2538 452
1204 2 2 1 1 1022 1469 459
1205 2 2 1 1 1126 1873 503
1206 2 2 1 1 1630 2321 114
1207 2 2 1 1 1021 1913 229
1208 2 2 1 1 1282 1469 256
1209 2 2 1 1 536 1745 1055
1210 2 2 1 1 1325 1917 317
1211 2 2 1 1 1002 1395 486
1212 2 2 1 1 556 1299 1258
1213 2 2 1 1 1057 2552 391
1214 2 2 1 1 253 1443 1043
1215 2 2 1 1 2372 2468 941
1216 2 2 1 1 1527 1813 329
1217 2 2 1 1 1041 2341 2216
1218 2 2 1 1 460 1980 1149
1219 2 2 1 1 337 1966 1749
1220 2 2 1 1 1247 1284 637
1221 2 2 1 1 995 1636 412
1222 2 2 1 1 1446 1604 693
1223 2 2 1 1 1213 2007 91
1224 2 2 1 1 849 2344 1066
1225 2 2 1 1 353 1572 901
1226 2 2 1 1 1298 1405 479
1227 2 2 1 1 1298 2085 198
1228 2 2 1 1 1062 2068 485
1229 2 2 1 1 169 1306 1012
1230 2 2 1 1 204 2162 1287
1231 2 2 1 1 460 2662 1265
1232 2 2 1 1 956 1819 481
1233 2 2 1 1 1244 1925 1087
1234 2 2 1 1 1149 1552 605
1235 2 2 1 1 1300 1356 164
1236 2 2 1 1 522 1460 925
1237 2 2 1 1 2242 2608 426
1238 2 2 1 1 511 1720 939
1239 2 2 1 1 1052 1206 230
1240 2 2 1 1 1570 1938 1239
1241 2 2 1 1 463 2229 1760
1242 2 2 1 1 1061 1477 726
1243 2 2 1 1 1140 1737 652
1244 2 2 1 1 971 1889 511
1245 2 2 1 1 921 1605 1019
1246 2 2 1 1 1030 1285 170
1247 2 2 1 1 1087 1546 312
1248 2 2 1 1 479 1405 1240
1249 2 2 1 1 1051 2056 1418
1250 2 2 1 1 1373 2753 858
1251 2 2 1 1 144 1535 998
1252 2 2 1 1 506 1445 1332
1253 2 2 1 1 509 1914 924
1254 2 2 1 1 1132 1607 247
1255 2 2 1 1 1304 2746 446
1256 2 2 1 1 318 2510 1541
1257 2 2 1 1 571 1197 1144
1258 2 2 1 1 43 1562 44
1259 2 2 1 1 427 2556 1737
1260 2 2 1 1 26 1499 989
1261 2 2 1 1 464 1313 1264
1262 2 2 1 1 1570 1975 271
1263 2 2 1 1 1601 2694 732
1264 2 2 1 1 841 2627 1177
1265 2 2 1 1 385 2376 1825
1266 2 2 1 1 1217 1539 954
1267 2 2 1 1 871 2582 1811
1268 2 2 1 1 915 1767 389
1269 2 2 1 1 1240 2446 479
1270 2 2 1 1 1924 2392 869
1271 2 2 1 1 92 1460 1213
1272 2 2 1 1 953 1630 115
1273 2 2 1 1 62 2154 969
1274 2 2 1 1 1335 2095 935
1275 2 2 1 1 1656 2050 643
1276 2 2 1 1 495 2482 1854
1277 2 2 1 1 451 2576 1020
1278 2 2 1 1 249 1889 971
1279 2 2 1 1 983 1783 585
1280 2 2 1 1 230 1349 1052
1281 2 2 1 1 1351 1868 864
1282 2 2 1 1 340 2686 1257
1283 2 2 1 1 1516 2755 299
1284 2 2 1 1 255 1789 1303
1285 2 2 1 1 539 1171 1070
1286 2 2 1 1 1014 2661 1348
1287 2 2 1 1 976 1222 443
1288 2 2 1 1 271 1975 1294
1289 2 2 1 1 243 2114 1598
1290 2 2 1 1 442 1665 982
1291 2 2 1 1 503 1538 1126
1292 2 2 1 1 1188 2268 372
1293 2 2 1 1 1127 1311 624
1294 2 2 1 1 1630 2402 806
1295 2 2 1 1 1158 1469 472
1296 2 2 1 1 2279 2509 1616
1297 2 2 1 1 933 1694 280
1298 2 2 1 1 564 1853 1282
1299 2 2 1 1 955 1599 434
1300 2 2 1 1 909 1600 552
1301 2 2 1 1 291 1472 1433
1302 2 2 1 1 82 1679 982
1303 2 2 1 1 499 2494 1133
1304 2 2 1 1 928 1384 278
1305 2 2 1 1 462 1338 1295
1306 2 2 1 1 1020 2255 428
1307 2 2 1 1 1477 2561 388
1308 2 2 1 1 830 2515 1151
1309 2 2 1 1 1125 1374 494
1310 2 2 1 1 508 1915 1269
1311 2 2 1 1 376 2341 1005
1312 2 2 1 1 1226 1963 997
1313 2 2 1 1 311 2509 1529
1314 2 2 1 1 1367 1833 483
1315 2 2 1 1 1402 2368 1825
1316 2 2 1 1 1079 1389 527
1317 2 2 1 1 1275 1719 734
1318 2 2 1 1 123 1255 124
1319 2 2 1 1 491 2154 1266
1320 2 2 1 1 1525 2029 787
1321 2 2 1 1 1541 1717 318
1322 2 2 1 1 316 2215 1329
1323 2 2 1 1 37 1085 38
1324 2 2 1 1 1038 1965 215
1325 2 2 1 1 1624 2098 728
1326 2 2 1 1 984 1418 461
1327 2 2 1 1 941 1510 265
1328 2 2 1 1 521 1789 1366
1329 2 2 1 1 252 2562 1159
1330 2 2 1 1 1095 2723 97
1331 2 2 1 1 516 1495 1067
1332 2 2 1 1 1059 1445 185
1333 2 2 1 1 244 1249 1198
1334 2 2 1 1 495 1854 1427
1335 2 2 1 1 1241 2045 599
1336 2 2 1 1 591 2192 1857
1337 2 2 1 1 1137 2520 174
1338 2 2 1 1 590 2152 1845
1339 2 2 1 1 403 1461 1123
1340 2 2 1 1 2483 2530 1062
1341 2 2 1 1 1022 2680 210
1342 2 2 1 1 1031 1439 241
1343 2 2 1 1 1207 1379 769
1344 2 2 1 1 224 2305 1074
1345 2 2 1 1 631 2301 1404
1346 2 2 1 1 347 1888 1276
1347 2 2 1 1 558 1798 1560
1348 2 2 1 1 346 2400 1494
1349 2 2 1 1 1154 1305 414
1350 2 2 1 1 1092 2232 441
1351 2 2 1 1 144 2206 143
1352 2 2 1 1 70 1551 1156
1353 2 2 1 1 418 1873 1126
1354 2 2 1 1 206 1833 1367
1355 2 2 1 1 193 1688 1162
1356 2 2 1 1 16 1178 15
1357 2 2 1 1 1263 1476 174
1358 2 2 1 1 295 1870 1260
1359 2 2 1 1 1560 2218 558
1360 2 2 1 1 193 2568 1440
1361 2 2 1 1 464 1812 1060
1362 2 2 1 1 512 1476 1263
1363 2 2 1 1 735 1270 1236
1364 2 2 1 1 950 2296 388
1365 2 2 1 1 1365 2439 469
1366 2 2 1 1 1494 2400 967
1367 2 2 1 1 1032 1620 314
1368 2 2 1 1 1250 1567 286
1369 2 2 1 1 459 1469 1282
1370 2 2 1 1 1010 1838 170
1371 2 2 1 1 385 2368 1066
1372 2 2 1 1 537 2405 1406
1373 2 2 1 1 591 1857 1184
1374 2 2 1 1 227 2239 1575
1375 2 2 1 1 1734 2189 244
1376 2 2 1 1 1404 2301 946
1377 2 2 1 1 957 2096 1419
1378 2 2 1 1 874 2332 1539
1379 2 2 1 1 1031 2096 689
1380 2 2 1 1 1361 2036 512
1381 2 2 1 1 398 2316 1038
1382 2 2 1 1 182 2267 1462
1383 2 2 1 1 199 2470 1897
1384 2 2 1 1 1676 2524 2222
1385 2 2 1 1 1526 2496 2387
1386 2 2 1 1 1145 2095 268
1387 2 2 1 1 1254 1868 454
1388 2 2 1 1 459 2680 1022
1389 2 2 1 1 712 2183 1045
1390 2 2 1 1 1101 1196 438
1391 2 2 1 1 1034 1409 575
1392 2 2 1 1 1129 2628 1936
1393 2 2 1 1 474 1726 1481
1394 2 2 1 1 757 2218 1560
1395 2 2 1 1 818 2706 1937
1396 2 2 1 1 1559 2001 517
1397 2 2 1 1 1082 2475 252
1398 2 2 1 1 405 1414 1073
1399 2 2 1 1 1019 1605 584
1400 2 2 1 1 942 1915 508
1401 2 2 1 1 512 1202 1172
1402 2 2 1 1 1078 1528 501
1403 2 2 1 1 1126 1538 179
1404 2 2 1 1 453 1870 950
1405 2 2 1 1 1311 1491 624
1406 2 2 1 1 666 2153 1476
1407 2 2 1 1 821 2684 2259
1408 2 2 1 1 1101 2251 835
1409 2 2 1 1 421 2116 1016
1410 2 2 1 1 1093 1479 461
1411 2 2 1 1 988 2356 538
1412 2 2 1 1 484 1765 1122
1413 2 2 1 1 5 1300 164
1414 2 2 1 1 1476 2153 174
1415 2 2 1 1 961 2443 1489
1416 2 2 1 1 328 1434 1253
1417 2 2 1 1 439 1228 1227
1418 2 2 1 1 362 1468 1023
1419 2 2 1 1 959 2421 1518
1420 2 2 1 1 1459 1618 519
1421 2 2 1 1 468 1284 1247
1422 2 2 1 1 1394 2061 293
1423 2 2 1 1 1022 2445 472
1424 2 2 1 1 1237 1463 273
1425 2 2 1 1 1328 1363 654
1426 2 2 1 1 1279 1485 435
1427 2 2 1 1 1762 2637 186
1428 2 2 1 1 1400 2282 782
1429 2 2 1 1 990 1697 238
1430 2 2 1 1 633 1786 1031
1431 2 2 1 1 719 2452 1128
1432 2 2 1 1 570 1685 1650
1433 2 2 1 1 373 1725 1252
1434 2 2 1 1 553 2481 1500
1435 2 2 1 1 1050 2499 1174
1436 2 2 1 1 473 2390 2325
1437 2 2 1 1 690 2645 1024
1438 2 2 1 1 656 1696 1183
1439 2 2 1 1 477 1319 969
1440 2 2 1 1 147 1501 1049
1441 2 2 1 1 1177 2627 187
1442 2 2 1 1 1447 1991 198
1443 2 2 1 1 1091 2282 1400
1444 2 2 1 1 388 1705 950
1445 2 2 1 1 1528 2317 1102
1446 2 2 1 1 915 2439 1365
1447 2 2 1 1 1481 1726 759
1448 2 2 1 1 1049 1501 569
1449 2 2 1 1 957 2669 1649
1450 2 2 1 1 187 2710 1118
1451 2 2 1 1 1113 2238 424
1452 2 2 1 1 950 1705 453
1453 2 2 1 1 12 2247 1246
1454 2 2 1 1 1545 2169 1152
1455 2 2 1 1 99 2577 1428
1456 2 2 1 1 601 1367 1208
1457 2 2 1 1 1128 2452 374
1458 2 2 1 1 662 1965 1038
1459 2 2 1 1 1129 2510 775
1460 2 2 1 1 1075 1301 275
1461 2 2 1 1 1223 2092 308
1462 2 2 1 1 1520 2626 1039
1463 2 2 1 1 561 1700 1477
1464 2 2 1 1 55 1431 54
1465 2 2 1 1 1328 1639 282
1466 2 2 1 1 533 1653 996
1467 2 2 1 1 523 2730 1433
1468 2 2 1 1 881 2512 1542
1469 2 2 1 1 447 2547 1848
1470 2 2 1 1 570 2380 1323
1471 2 2 1 1 215 1280 1038
1472 2 2 1 1 2022 2510 318
1473 2 2 1 1 1016 1451 267
1474 2 2 1 1 407 2468 2372
1475 2 2 1 1 1105 1549 187
1476 2 2 1 1 1387 2022 999
1477 2 2 1 1 164 1356 163
1478 2 2 1 1 970 1738 455
1479 2 2 1 1 807 2509 2279
1480 2 2 1 1 579 2141 1880
1481 2 2 1 1 516 2626 1520
1482 2 2 1 1 1216 1516 518
1483 2 2 1 1 492 1633 943
1484 2 2 1 1 246 1942 1479
1485 2 2 1 1 374 2661 1014
1486 2 2 1 1 565 1429 1258
1487 2 2 1 1 214 2574 1322
1488 2 2 1 1 496 1551 979
1489 2 2 1 1 1017 1579 368
1490 2 2 1 1 280 1403 1388
1491 2 2 1 1 1073 2158 405
1492 2 2 1 1 244 2189 1343
1493 2 2 1 1 1500 2481 812
1494 2 2 1 1 979 1635 496
1495 2 2 1 1 931 2446 1240
1496 2 2 1 1 400 1374 1125
1497 2 2 1 1 1029 2450 494
1498 2 2 1 1 1319 2565 815
1499 2 2 1 1 1058 1733 620
1500 2 2 1 1 1248 1575 560
1501 2 2 1 1 1164 2676 260
1502 2 2 1 1 958 2380 194
1503 2 2 1 1 1816 2342 705
1504 2 2 1 1 707 1561 1219
1505 2 2 1 1 1223 2307 688
1506 2 2 1 1 414 2570 1692
1507 2 2 1 1 368 2198 1017
1508 2 2 1 1 900 1934 547
1509 2 2 1 1 839 2524 1676
1510 2 2 1 1 1049 1982 146
1511 2 2 1 1 724 2443 2131
1512 2 2 1 1 442 1272 1104
1513 2 2 1 1 1454 1604 344
1514 2 2 1 1 1301 1726 275
1515 2 2 1 1 274 2236 1737
1516 2 2 1 1 953 2135 450
1517 2 2 1 1 1176 2389 540
1518 2 2 1 1 1039 1778 362
1519 2 2 1 1 1174 2499 232
1520 2 2 1 1 487 2233 1081
1521 2 2 1 1 2220 2630 778
1522 2 2 1 1 886 1893 1607
1523 2 2 1 1 1147 1318 479
1524 2 2 1 1 801 2201 1230
1525 2 2 1 1 859 1453 325
1526 2 2 1 1 934 1597 527
1527 2 2 1 1 1171 2523 419
1528 2 2 1 1 1072 1455 258
1529 2 2 1 1 441 2354 1655
1530 2 2 1 1 236 1692 972
1531 2 2 1 1 376 2163 1086
1532 2 2 1 1 1125 2257 400
1533 2 2 1 1 537 1406 920
1534 2 2 1 1 1240 2604 931
1535 2 2 1 1 798 2434 1588
1536 2 2 1 1 1234 1718 561
1537 2 2 1 1 474 1770 1233
1538 2 2 1 1 515 1682 1100
1539 2 2 1 1 939 1637 511
1540 2 2 1 1 441 1655 1092
1541 2 2 1 1 274 1337 1120
1542 2 2 1 1 532 2613 2531
1543 2 2 1 1 514 1973 1120
1544 2 2 1 1 590 1845 1154
1545 2 2 1 1 1702 2140 555
1546 2 2 1 1 1005 1407 505
1547 2 2 1 1 1083 1851 514
1548 2 2 1 1 470 1505 995
1549 2 2 1 1 1653 2521 996
1550 2 2 1 1 452 2538 1194
1551 2 2 1 1 750 2268 1188
1552 2 2 1 1 476 2742 1082
1553 2 2 1 1 1274 1656 643
1554 2 2 1 1 1037 2245 168
1555 2 2 1 1 106 1488 105
1556 2 2 1 1 489 1278 1130
1557 2 2 1 1 613 1449 1330
1558 2 2 1 1 9 1170 8
1559 2 2 1 1 100 2577 99
1560 2 2 1 1 462 2485 1237
1561 2 2 1 1 1642 2314 393
1562 2 2 1 1 1111 2494 499
1563 2 2 1 1 413 2104 1191
1564 2 2 1 1 1055 2363 536
1565 2 2 1 1 999 2022 318
1566 2 2 1 1 1219 1608 890
1567 2 2 1 1 194 1284 958
1568 2 2 1 1 504 2080 982
1569 2 2 1 1 325 2203 1235
1570 2 2 1 1 419 2078 1070
1571 2 2 1 1 640 2297 1763
1572 2 2 1 1 28 1496 27
1573 2 2 1 1 1166 1402 612
1574 2 2 1 1 1007 2651 417
1575 2 2 1 1 397 2027 1385
1576 2 2 1 1 292 2000 1227
1577 2 2 1 1 1692 2570 972
1578 2 2 1 1 1233 1312 275
1579 2 2 1 1 535 1728 1378
1580 2 2 1 1 365 1635 979
1581 2 2 1 1 1985 2337 657
1582 2 2 1 1 42 1809 43
1583 2 2 1 1 525 1356 1300
1584 2 2 1 1 1512 1639 654
1585 2 2 1 1 103 1342 102
1586 2 2 1 1 1359 1472 291
1587 2 2 1 1 977 2236 567
1588 2 2 1 1 560 1620 1032
1589 2 2 1 1 982 2080 442
1590 2 2 1 1 997 1832 206
1591 2 2 1 1 1211 1452 552
1592 2 2 1 1 194 1650 1179
1593 2 2 1 1 303 1760 1117
1594 2 2 1 1 305 1841 1015
1595 2 2 1 1 374 1680 1008
1596 2 2 1 1 208 2389 1176
1597 2 2 1 1 860 2724 1529
1598 2 2 1 1 866 2676 1164
1599 2 2 1 1 315 1723 1148
1600 2 2 1 1 169 1950 1306
1601 2 2 1 1 409 1454 1047
1602 2 2 1 1 1394 2128 1077
1603 2 2 1 1 278 2453 928
1604 2 2 1 1 1230 2201 382
1605 2 2 1 1 1577 2086 899
1606 2 2 1 1 748 2506 2170
1607 2 2 1 1 713 1643 1275
1608 2 2 1 1 2373 2738 763
1609 2 2 1 1 1088 2252 605
1610 2 2 1 1 155 1274 154
1611 2 2 1 1 230 2644 1042
1612 2 2 1 1 1340 2252 446
1613 2 2 1 1 2227 2491 1028
1614 2 2 1 1 1410 1693 681
1615 2 2 1 1 1445 2411 185
1616 2 2 1 1 1485 2180 345
1617 2 2 1 1 256 1469 1158
1618 2 2 1 1 1016 2116 1770
1619 2 2 1 1 390 1919 1179
1620 2 2 1 1 58 2120 1064
1621 2 2 1 1 1773 1925 897
1622 2 2 1 1 1269 1915 1591
1623 2 2 1 1 1183 1808 420
1624 2 2 1 1 1687 2490 277
1625 2 2 1 1 479 2446 1147
1626 2 2 1 1 1074 2305 715
1627 2 2 1 1 1127 1687 965
1628 2 2 1 1 638 2440 1237
1629 2 2 1 1 510 2060 1112
1630 2 2 1 1 704 2635 1286
1631 2 2 1 1 1770 2116 534
1632 2 2 1 1 1713 2270 465
1633 2 2 1 1 1091 1400 406
1634 2 2 1 1 1550 2498 1176
1635 2 2 1 1 1655 2354 875
1636 2 2 1 1 66 1986 65
1637 2 2 1 1 424 2074 1080
1638 2 2 1 1 247 1313 1251
1639 2 2 1 1 2604 2721 931
1640 2 2 1 1 1156 1392 649
1641 2 2 1 1 649 2118 1156
1642 2 2 1 1 1241 2163 376
1643 2 2 1 1 1291 1800 497
1644 2 2 1 1 1179 1919 663
1645 2 2 1 1 968 2178 1588
1646 2 2 1 1 2000 2083 753
1647 2 2 1 1 1760 2229 1117
1648 2 2 1 1 806 2321 1630
1649 2 2 1 1 1258 1299 300
1650 2 2 1 1 1218 1515 669
1651 2 2 1 1 1115 1643 622
1652 2 2 1 1 71 1551 70
1653 2 2 1 1 50 1175 51
1654 2 2 1 1 477 2565 1319
1655 2 2 1 1 251 2480 936
1656 2 2 1 1 484 2441 1765
1657 2 2 1 1 1526 2387 705
1658 2 2 1 1 1332 2171 701
1659 2 2 1 1 1077 1691 251
1660 2 2 1 1 1066 2690 385
1661 2 2 1 1 1212 1638 564
1662 2 2 1 1 1162 1688 513
1663 2 2 1 1 673 2584 1858
1664 2 2 1 1 524 2052 1057
1665 2 2 1 1 1597 2147 1079
1666 2 2 1 1 1211 1522 277
1667 2 2 1 1 1419 2096 241
1668 2 2 1 1 288 1837 1112
1669 2 2 1 1 511 1889 1720
1670 2 2 1 1 816 2449 2162
1671 2 2 1 1 1825 2376 932
1672 2 2 1 1 1198 1249 507
1673 2 2 1 1 1116 2398 308
1674 2 2 1 1 473 2325 1161
1675 2 2 1 1 1085 1417 436
1676 2 2 1 1 1168 1929 480
1677 2 2 1 1 603 2225 1427
1678 2 2 1 1 1589 2475 1082
1679 2 2 1 1 1529 2509 807
1680 2 2 1 1 1012 1930 595
1681 2 2 1 1 247 1893 1859
1682 2 2 1 1 955 2314 1642
1683 2 2 1 1 37 1417 1085
1684 2 2 1 1 1036 2137 800
1685 2 2 1 1 982 1665 81
1686 2 2 1 1 1044 1640 387
1687 2 2 1 1 596 1739 1441
1688 2 2 1 1 225 2569 2276
1689 2 2 1 1 1215 1793 338
1690 2 2 1 1 1028 2491 1329
1691 2 2 1 1 241 2096 1031
1692 2 2 1 1 518 1640 1044
1693 2 2 1 1 1392 2329 2253
1694 2 2 1 1 211 2343 1228
1695 2 2 1 1 1151 1571 830
1696 2 2 1 1 496 2329 1392
1697 2 2 1 1 632 2086 1577
1698 2 2 1 1 575 1648 1091
1699 2 2 1 1 115 1630 114
1700 2 2 1 1 391 2552 1065
1701 2 2 1 1 1188 1728 750
1702 2 2 1 1 1340 1861 593
1703 2 2 1 1 547 2122 1116
1704 2 2 1 1 2028 2686 1004
1705 2 2 1 1 200 2289 1637
1706 2 2 1 1 755 1766 1496
1707 2 2 1 1 263 2558 1353
1708 2 2 1 1 665 2749 1012
1709 2 2 1 1 78 1165 77
1710 2 2 1 1 422 1719 1275
1711 2 2 1 1 1257 2686 842
1712 2 2 1 1 1428 1742 99
1713 2 2 1 1 1048 2677 440
1714 2 2 1 1 221 1706 1070
1715 2 2 1 1 362 1778 1468
1716 2 2 1 1 1317 2412 126
1717 2 2 1 1 796 2758 1276
1718 2 2 1 1 1295 1338 565
1719 2 2 1 1 412 2193 933
1720 2 2 1 1 1033 2496 882
1721 2 2 1 1 930 2533 449
1722 2 2 1 1 1441 2498 2180
1723 2 2 1 1 640 1763 1148
1724 2 2 1 1 1098 2284 1201
1725 2 2 1 1 717 1808 1183
1726 2 2 1 1 498 2305 1543
1727 2 2 1 1 1470 2049 690
1728 2 2 1 1 476 1301 1075
1729 2 2 1 1 1168 1465 152
1730 2 2 1 1 531 1546 1087
1731 2 2 1 1 1070 1706 539
1732 2 2 1 1 1306 2270 1012
1733 2 2 1 1 694 1717 1541
1734 2 2 1 1 1565 2637 508
1735 2 2 1 1 532 2531 1464
1736 2 2 1 1 362 1520 1039
1737 2 2 1 1 389 2641 2234
1738 2 2 1 1 1101 2566 351
1739 2 2 1 1 1390 2472 281
1740 2 2 1 1 531 1925 1773
1741 2 2 1 1 970 1958 526
1742 2 2 1 1 686 1511 1277
1743 2 2 1 1 116 1978 953
1744 2 2 1 1 522 1390 1213
1745 2 2 1 1 281 2472 2049
1746 2 2 1 1 732 2694 1805
1747 2 2 1 1 978 2284 2158
1748 2 2 1 1 727 2634 2239
1749 2 2 1 1 1487 1818 963
1750 2 2 1 1 1198 2355 244
1751 2 2 1 1 1877 2626 516
1752 2 2 1 1 1139 2170 201
1753 2 2 1 1 455 1958 970
1754 2 2 1 1 976 2272 1222
1755 2 2 1 1 566 1680 1585
1756 2 2 1 1 894 2641 1507
1757 2 2 1 1 1007 2427 683
1758 2 2 1 1 1222 2615 443
1759 2 2 1 1 1526 1956 882
1760 2 2 1 1 501 2331 1078
1761 2 2 1 1 1120 1973 567
1762 2 2 1 1 1730 2534 947
1763 2 2 1 1 1537 1928 546
1764 2 2 1 1 159 1988 1115
1765 2 2 1 1 418 1290 1286
1766 2 2 1 1 475 1480 1285
1767 2 2 1 1 973 2199 1326
1768 2 2 1 1 1385 2684 821
1769 2 2 1 1 2394 2410 199
1770 2 2 1 1 542 1910 1553
1771 2 2 1 1 580 2135 1978
1772 2 2 1 1 304 1823 1441
1773 2 2 1 1 297 1696 1341
1774 2 2 1 1 1641 2294 1019
1775 2 2 1 1 950 1870 295
1776 2 2 1 1 514 1851 1165
1777 2 2 1 1 1237 2485 638
1778 2 2 1 1 1018 2543 870
1779 2 2 1 1 502 1515 1218
1780 2 2 1 1 528 1375 1186
1781 2 2 1 1 1015 1841 690
1782 2 2 1 1 556 1429 1155
1783 2 2 1 1 1252 1725 671
1784 2 2 1 1 1061 2561 1477
1785 2 2 1 1 498 2510 1129
1786 2 2 1 1 1071 2187 1991
1787 2 2 1 1 249 1610 1157
1788 2 2 1 1 1148 1723 640
1789 2 2 1 1 1 1417 37
1790 2 2 1 1 1121 1612 923
1791 2 2 1 1 1113 2762 618
1792 2 2 1 1 1503 1768 606
1793 2 2 1 1 523 1567 1250
1794 2 2 1 1 662 1557 1108
1795 2 2 1 1 560 1548 1248
1796 2 2 1 1 967 1423 185
1797 2 2 1 1 1714 2238 261
1798 2 2 1 1 1032 1897 873
1799 2 2 1 1 1436 2126 205
1800 2 2 1 1 1329 2215 789
1801 2 2 1 1 1267 2228 724
1802 2 2 1 1 456 1638 1212
1803 2 2 1 1 424 2762 1113
1804 2 2 1 1 213 1863 1569
1805 2 2 1 1 253 2297 1106
1806 2 2 1 1 646 2087 1056
1807 2 2 1 1 592 2280 1158
1808 2 2 1 1 1193 2409 692
1809 2 2 1 1 404 1324 1192
1810 2 2 1 1 859 1889 249
1811 2 2 1 1 223 2642 1922
1812 2 2 1 1 494 2450 1125
1813 2 2 1 1 782 2569 1400
1814 2 2 1 1 1519 2258 747
1815 2 2 1 1 1249 1314 507
1816 2 2 1 1 1660 1761 749
1817 2 2 1 1 668 2474 1059
1818 2 2 1 1 842 2686 2028
1819 2 2 1 1 1682 2061 1100
1820 2 2 1 1 572 2609 1053
1821 2 2 1 1 692 1450 1193
1822 2 2 1 1 302 2593 1076
1823 2 2 1 1 371 2717 943
1824 2 2 1 1 416 2765 1166
1825 2 2 1 1 468 1927 1096
1826 2 2 1 1 410 1890 1198
1827 2 2 1 1 1214 1568 418
1828 2 2 1 1 1529 2558 860
1829 2 2 1 1 1158 2280 1437
1830 2 2 1 1 1053 2715 572
1831 2 2 1 1 1418 2469 188
1832 2 2 1 1 194 1438 1284
1833 2 2 1 1 690 2049 1015
1834 2 2 1 1 1100 2247 13
1835 2 2 1 1 779 1751 1131
1836 2 2 1 1 267 1914 1415
1837 2 2 1 1 526 1785 970
1838 2 2 1 1 99 1742 98
1839 2 2 1 1 1979 1998 339
1840 2 2 1 1 1277 1511 322
1841 2 2 1 1 882 2302 1033
1842 2 2 1 1 1158 1437 256
1843 2 2 1 1 1872 2339 688
1844 2 2 1 1 2261 2366 549
1845 2 2 1 1 1143 2657 221
1846 2 2 1 1 215 1693 1410
1847 2 2 1 1 247 1859 1313
1848 2 2 1 1 1250 2630 478
1849 2 2 1 1 812 1677 1428
1850 2 2 1 1 1183 1696 297
1851 2 2 1 1 1239 1938 490
1852 2 2 1 1 88 1738 970
1853 2 2 1 1 1127 2490 1687
1854 2 2 1 1 1168 1710 544
1855 2 2 1 1 549 2644 1491
1856 2 2 1 1 1908 2362 910
1857 2 2 1 1 1067 1744 565
1858 2 2 1 1 1554 2344 849
1859 2 2 1 1 1970 2203 325
1860 2 2 1 1 534 1312 1233
1861 2 2 1 1 1094 2140 1702
1862 2 2 1 1 978 2336 1201
1863 2 2 1 1 654 1639 1328
1864 2 2 1 1 1087 1925 531
1865 2 2 1 1 1776 2655 815
1866 2 2 1 1 837 1945 1892
1867 2 2 1 1 1057 2052 203
1868 2 2 1 1 1386 1803 384
1869 2 2 1 1 1086 2216 376
1870 2 2 1 1 545 1694 1242
1871 2 2 1 1 692 2179 2034
1872 2 2 1 1 643 1571 1151
1873 2 2 1 1 658 1675 1288
1874 2 2 1 1 826 1995 1756
1875 2 2 1 1 468 2055 1284
1876 2 2 1 1 1232 1738 89
1877 2 2 1 1 440 2179 1024
1878 2 2 1 1 1059 2617 668
1879 2 2 1 1 654 1703 1512
1880 2 2 1 1 1696 2565 1341
1881 2 2 1 1 289 2072 1169
1882 2 2 1 1 600 1639 1512
1883 2 2 1 1 1208 2489 336
1884 2 2 1 1 1210 1549 576
1885 2 2 1 1 774 1670 1409
1886 2 2 1 1 1177 1740 841
1887 2 2 1 1 1637 2289 846
1888 2 2 1 1 1866 2345 787
1889 2 2 1 1 1139 1576 507
1890 2 2 1 1 449 1572 1137
1891 2 2 1 1 1845 2707 1154
1892 2 2 1 1 528 2039 1355
1893 2 2 1 1 1794 2110 364
1894 2 2 1 1 1003 2188 1363
1895 2 2 1 1 193 2338 1688
1896 2 2 1 1 912 1627 1540
1897 2 2 1 1 1327 1359 291
1898 2 2 1 1 221 2046 1711
1899 2 2 1 1 469 1644 1185
1900 2 2 1 1 41 1802 1008
1901 2 2 1 1 1099 1996 593
1902 2 2 1 1 482 1444 1036
1903 2 2 1 1 492 2420 1430
1904 2 2 1 1 1120 1337 514
1905 2 2 1 1 418 2635 1873
1906 2 2 1 1 1062 2530 243
1907 2 2 1 1 1362 2644 549
1908 2 2 1 1 475 2742 1480
1909 2 2 1 1 566 1809 1008
1910 2 2 1 1 514 1337 1083
1911 2 2 1 1 576 1549 1105
1912 2 2 1 1 1186 1375 248
1913 2 2 1 1 306 2282 1091
1914 2 2 1 1 1569 1863 832
1915 2 2 1 1 463 2752 1446
1916 2 2 1 1 469 2019 1644
1917 2 2 1 1 444 2017 1072
1918 2 2 1 1 1446 2229 463
1919 2 2 1 1 1091 1648 306
1920 2 2 1 1 999 2518 541
1921 2 2 1 1 1502 1867 333
1922 2 2 1 1 455 1901 1193
1923 2 2 1 1 1246 2247 718
1924 2 2 1 1 1518 2421 370
1925 2 2 1 1 550 1570 1239
1926 2 2 1 1 1132 2009 1607
1927 2 2 1 1 260 1667 1164
1928 2 2 1 1 1612 1814 923
1929 2 2 1 1 1136 1914 267
1930 2 2 1 1 1167 2342 2
1931 2 2 1 1 870 1846 1432
1932 2 2 1 1 1146 1336 237
1933 2 2 1 1 1213 1390 644
1934 2 2 1 1 490 1442 1175
1935 2 2 1 1 565 2572 1067
1936 2 2 1 1 170 1626 1010
1937 2 2 1 1 68 1187 67
1938 2 2 1 1 1131 2582 791
1939 2 2 1 1 842 2581 1257
1940 2 2 1 1 386 2448 989
1941 2 2 1 1 410 1277 1114
1942 2 2 1 1 405 2502 1414
1943 2 2 1 1 598 1474 1422
1944 2 2 1 1 1819 2076 668
1945 2 2 1 1 543 1455 1072
1946 2 2 1 1 733 2400 2093
1947 2 2 1 1 1496 1766 634
1948 2 2 1 1 27 1499 26
1949 2 2 1 1 1253 1434 542
1950 2 2 1 1 51 1442 52
1951 2 2 1 1 897 1925 1244
1952 2 2 1 1 710 2498 1441
1953 2 2 1 1 1527 1855 369
1954 2 2 1 1 1078 2331 620
1955 2 2 1 1 1185 2766 1051
1956 2 2 1 1 1677 2431 520
1957 2 2 1 1 329 1813 1238
1958 2 2 1 1 1169 2072 721
1959 2 2 1 1 911 1867 1502
1960 2 2 1 1 2109 2698 879
1961 2 2 1 1 290 1566 1269
1962 2 2 1 1 1524 2345 1241
1963 2 2 1 1 276 1685 1142
1964 2 2 1 1 1207 2716 722
1965 2 2 1 1 1038 2316 662
1966 2 2 1 1 1302 2169 892
1967 2 2 1 1 527 1666 934
1968 2 2 1 1 1232 2007 644
1969 2 2 1 1 1397 2048 471
1970 2 2 1 1 73 2715 1053
1971 2 2 1 1 1363 2188 176
1972 2 2 1 1 1122 2727 582
1973 2 2 1 1 2325 2390 948
1974 2 2 1 1 971 1595 249
1975 2 2 1 1 981 2668 1411
1976 2 2 1 1 257 1505 1172
1977 2 2 1 1 268 1628 1145
1978 2 2 1 1 1078 2144 217
1979 2 2 1 1 455 1738 1232
1980 2 2 1 1 237 2209 1063
1981 2 2 1 1 848 1722 1484
1982 2 2 1 1 1080 2210 1832
1983 2 2 1 1 499 1598 1111
1984 2 2 1 1 422 1643 1115
1985 2 2 1 1 808 2760 2142
1986 2 2 1 1 1237 2440 1463
1987 2 2 1 1 286 2218 1195
1988 2 2 1 1 174 2520 1263
1989 2 2 1 1 925 1952 1380
1990 2 2 1 1 30 1209 29
1991 2 2 1 1 1219 1561 573
1992 2 2 1 1 2216 2341 376
1993 2 2 1 1 1016 1590 421
1994 2 2 1 1 277 1452 1211
1995 2 2 1 1 388 2296 1234
1996 2 2 1 1 529 1568 1214
1997 2 2 1 1 145 1535 144
1998 2 2 1 1 1589 2742 475
1999 2 2 1 1 1508 2093 346
2000 2 2 1 1 989 1506 25
2001 2 2 1 1 1403 1594 762
2002 2 2 1 1 1198 1513 410
2003 2 2 1 1 1194 2453 278
2004 2 2 1 1 1356 2279 163
2005 2 2 1 1 1540 1627 367
2006 2 2 1 1 249 2522 859
2007 2 2 1 1 1044 2248 283
2008 2 2 1 1 490 2704 1442
2009 2 2 1 1 319 1840 1473
2010 2 2 1 1 227 2379 1061
2011 2 2 1 1 187 2627 1105
2012 2 2 1 1 272 1633 1138
2013 2 2 1 1 64 1266 63
2014 2 2 1 1 1373 2414 327
2015 2 2 1 1 608 1879 1188
2016 2 2 1 1 963 2586 1621
2017 2 2 1 1 1540 2277 435
2018 2 2 1 1 764 1793 1215
2019 2 2 1 1 579 2298 1191
2020 2 2 1 1 1271 1582 519
2021 2 2 1 1 1148 1763 488
2022 2 2 1 1 1555 1707 623
2023 2 2 1 1 716 2293 1189
2024 2 2 1 1 465 2250 1132
2025 2 2 1 1 486 1972 1291
2026 2 2 1 1 1585 1680 719
2027 2 2 1 1 1018 1834 828
2028 2 2 1 1 1166 2765 1402
2029 2 2 1 1 1087 1658 447
2030 2 2 1 1 534 2116 1143
2031 2 2 1 1 1248 1548 330
2032 2 2 1 1 1878 2489 483
2033 2 2 1 1 1203 2293 716
2034 2 2 1 1 1094 2233 487
2035 2 2 1 1 888 2060 1377
2036 2 2 1 1 553 1500 1342
2037 2 2 1 1 78 2040 1165
2038 2 2 1 1 421 2656 2116
2039 2 2 1 1 1143 1711 534
2040 2 2 1 1 1165 2040 709
2041 2 2 1 1 1434 1910 542
2042 2 2 1 1 1722 2381 651
2043 2 2 1 1 1868 2517 617
2044 2 2 1 1 1084 1537 546
2045 2 2 1 1 327 2753 1373
2046 2 2 1 1 1131 2519 779
2047 2 2 1 1 1043 1763 253
2048 2 2 1 1 326 2169 1302
2049 2 2 1 1 1523 2590 780
2050 2 2 1 1 656 1776 1696
2051 2 2 1 1 433 2366 1379
2052 2 2 1 1 2116 2656 1143
2053 2 2 1 1 973 2660 1669
2054 2 2 1 1 461 2683 1093
2055 2 2 1 1 1058 1916 363
2056 2 2 1 1 889 2106 2091
2057 2 2 1 1 1358 2176 903
2058 2 2 1 1 1865 2353 1042
2059 2 2 1 1 1065 2562 252
2060 2 2 1 1 1000 2414 1373
2061 2 2 1 1 1064 2120 656
2062 2 2 1 1 624 2490 1127
2063 2 2 1 1 269 1761 1660
2064 2 2 1 1 201 1576 1139
2065 2 2 1 1 609 1691 1077
2066 2 2 1 1 1345 1381 259
2067 2 2 1 1 626 2328 1940
2068 2 2 1 1 591 2286 1181
2069 2 2 1 1 832 1617 1569
2070 2 2 1 1 1685 2021 773
2071 2 2 1 1 313 2064 1073
2072 2 2 1 1 871 1811 1069
2073 2 2 1 1 572 2715 1796
2074 2 2 1 1 778 1928 1537
2075 2 2 1 1 822 2503 1956
2076 2 2 1 1 1223 1339 432
2077 2 2 1 1 1154 2424 590
2078 2 2 1 1 567 1727 977
2079 2 2 1 1 1257 2254 340
2080 2 2 1 1 258 2426 1020
2081 2 2 1 1 517 2001 1153
2082 2 2 1 1 1124 2487 1663
2083 2 2 1 1 735 1604 1454
2084 2 2 1 1 1308 1968 997
2085 2 2 1 1 1275 1643 422
2086 2 2 1 1 1287 2162 678
2087 2 2 1 1 507 1576 1513
2088 2 2 1 1 1164 1667 528
2089 2 2 1 1 717 2557 1150
2090 2 2 1 1 1139 2658 2170
2091 2 2 1 1 1104 1665 442
2092 2 2 1 1 1432 1846 616
2093 2 2 1 1 1152 2056 627
2094 2 2 1 1 1386 1964 739
2095 2 2 1 1 218 2345 1866
2096 2 2 1 1 866 2523 1171
2097 2 2 1 1 440 2677 1146
2098 2 2 1 1 1030 2536 1420
2099 2 2 1 1 1011 2401 814
2100 2 2 1 1 570 1826 1142
2101 2 2 1 1 281 2409 1193
2102 2 2 1 1 1051 2667 627
2103 2 2 1 1 1369 1973 514
2104 2 2 1 1 1603 1672 324
2105 2 2 1 1 562 1835 1486
2106 2 2 1 1 1299 1430 300
2107 2 2 1 1 176 1703 1363
2108 2 2 1 1 1513 1576 686
2109 2 2 1 1 461 2056 1152
2110 2 2 1 1 947 2534 1375
2111 2 2 1 1 281 2049 1470
2112 2 2 1 1 271 1780 1173
2113 2 2 1 1 1858 2584 884
2114 2 2 1 1 549 2366 1362
2115 2 2 1 1 1053 2032 73
2116 2 2 1 1 777 1813 1527
2117 2 2 1 1 1880 2495 6
2118 2 2 1 1 1309 1450 237
2119 2 2 1 1 535 2230 1746
2120 2 2 1 1 1789 2479 1366
2121 2 2 1 1 1140 2507 365
2122 2 2 1 1 582 1343 1122
2123 2 2 1 1 970 1785 87
2124 2 2 1 1 1233 1770 534
2125 2 2 1 1 237 2034 1146
2126 2 2 1 1 1120 2236 274
2127 2 2 1 1 825 2757 2138
2128 2 2 1 1 620 1715 1058
2129 2 2 1 1 726 2384 1061
2130 2 2 1 1 1441 1823 710
2131 2 2 1 1 1191 2141 579
2132 2 2 1 1 840 2656 1408
2133 2 2 1 1 690 1841 1718
2134 2 2 1 1 1401 1458 255
2135 2 2 1 1 1240 1405 372
2136 2 2 1 1 1289 2129 369
2137 2 2 1 1 1368 2242 425
2138 2 2 1 1 276 2021 1685
2139 2 2 1 1 846 2093 1508
2140 2 2 1 1 815 2655 1319
2141 2 2 1 1 1295 1744 197
2142 2 2 1 1 2325 2695 181
2143 2 2 1 1 503 1336 1146
2144 2 2 1 1 1182 2592 759
2145 2 2 1 1 781 1339 1223
2146 2 2 1 1 697 2423 2082
2147 2 2 1 1 655 1520 1245
2148 2 2 1 1 1219 2383 707
2149 2 2 1 1 751 1791 1646
2150 2 2 1 1 1697 1944 687
2151 2 2 1 1 1892 1945 232
2152 2 2 1 1 1315 2681 400
2153 2 2 1 1 314 2761 1032
2154 2 2 1 1 1737 2236 977
2155 2 2 1 1 93 1460 92
2156 2 2 1 1 1284 2055 958
2157 2 2 1 1 209 2716 2262
2158 2 2 1 1 921 2371 1396
2159 2 2 1 1 608 1405 1298
2160 2 2 1 1 552 1600 1211
2161 2 2 1 1 1194 1748 452
2162 2 2 1 1 1645 1792 554
2163 2 2 1 1 1236 2165 735
2164 2 2 1 1 945 2534 1730
2165 2 2 1 1 76 1851 1083
2166 2 2 1 1 1293 1612 190
2167 2 2 1 1 1377 2060 510
2168 2 2 1 1 708 2480 1259
2169 2 2 1 1 989 1862 386
2170 2 2 1 1 1337 2396 572
2171 2 2 1 1 268 2141 1191
2172 2 2 1 1 1009 2489 1878
2173 2 2 1 1 321 2669 1409
2174 2 2 1 1 1806 2640 820
2175 2 2 1 1 2016 2408 340
2176 2 2 1 1 1466 2503 822
2177 2 2 1 1 622 2374 1115
2178 2 2 1 1 1123 2459 717
2179 2 2 1 1 1363 1703 654
2180 2 2 1 1 1353 1883 263
2181 2 2 1 1 1118 2193 412
2182 2 2 1 1 657 2337 2174
2183 2 2 1 1 639 2001 1559
2184 2 2 1 1 80 1665 1104
2185 2 2 1 1 1320 1490 554
2186 2 2 1 1 740 2501 1106
2187 2 2 1 1 2020 2606 766
2188 2 2 1 1 1175 1442 51
2189 2 2 1 1 1048 2738 2373
2190 2 2 1 1 563 1982 1049
2191 2 2 1 1 853 2362 1908
2192 2 2 1 1 722 2212 1207
2193 2 2 1 1 488 2353 1618
2194 2 2 1 1 2087 2728 1554
2195 2 2 1 1 1191 2104 708
2196 2 2 1 1 544 1929 1168
2197 2 2 1 1 1110 2294 788
2198 2 2 1 1 755 2271 1209
2199 2 2 1 1 504 2612 1089
2200 2 2 1 1 567 1973 1547
2201 2 2 1 1 688 2307 1090
2202 2 2 1 1 1644 2019 828
2203 2 2 1 1 499 1436 1435
2204 2 2 1 1 1074 1635 365
2205 2 2 1 1 1238 2137 329
2206 2 2 1 1 949 2410 2394
2207 2 2 1 1 307 2029 1525
2208 2 2 1 1 1213 1460 522
2209 2 2 1 1 604 1612 1293
2210 2 2 1 1 714 1692 1426
2211 2 2 1 1 1203 1679 83
2212 2 2 1 1 1426 1692 236
2213 2 2 1 1 1257 2278 621
2214 2 2 1 1 489 2088 1294
2215 2 2 1 1 1053 2609 365
2216 2 2 1 1 437 1394 1077
2217 2 2 1 1 431 2346 1211
2218 2 2 1 1 1756 2387 354
2219 2 2 1 1 1978 2135 953
2220 2 2 1 1 1616 2509 615
2221 2 2 1 1 705 2342 1167
2222 2 2 1 1 513 2525 1162
2223 2 2 1 1 288 2213 1273
2224 2 2 1 1 774 2249 1670
2225 2 2 1 1 1217 1488 497
2226 2 2 1 1 1255 1747 124
2227 2 2 1 1 1292 2682 431
2228 2 2 1 1 775 2022 1387
2229 2 2 1 1 1146 2677 503
2230 2 2 1 1 1192 2384 726
2231 2 2 1 1 1819 2554 2076
2232 2 2 1 1 996 1756 533
2233 2 2 1 1 725 2759 1111
2234 2 2 1 1 1756 1995 533
2235 2 2 1 1 1480 2742 1075
2236 2 2 1 1 1142 1682 515
2237 2 2 1 1 600 2264 1372
2238 2 2 1 1 280 1594 1403
2239 2 2 1 1 810 2223 1777
2240 2 2 1 1 650 2048 1397
2241 2 2 1 1 811 2139 1322
2242 2 2 1 1 359 2176 1358
2243 2 2 1 1 592 1842 1360
2244 2 2 1 1 45 1411 46
2245 2 2 1 1 576 1458 1401
2246 2 2 1 1 594 2719 965
2247 2 2 1 1 715 2329 1074
2248 2 2 1 1 616 1846 1160
2249 2 2 1 1 1090 1872 688
2250 2 2 1 1 303 2471 1190
2251 2 2 1 1 1359 1798 558
2252 2 2 1 1 1413 1790 886
2253 2 2 1 1 261 2238 1113
2254 2 2 1 1 1435 1436 706
2255 2 2 1 1 1170 2315 8
2256 2 2 1 1 807 2279 1356
2257 2 2 1 1 43 1809 1562
2258 2 2 1 1 1162 1751 193
2259 2 2 1 1 356 2477 1432
2260 2 2 1 1 1036 2639 482
2261 2 2 1 1 358 2383 1219
2262 2 2 1 1 1115 2374 159
2263 2 2 1 1 267 2240 1136
2264 2 2 1 1 1159 1563 476
2265 2 2 1 1 270 2233 1702
2266 2 2 1 1 156 1656 155
2267 2 2 1 1 1058 1715 262
2268 2 2 1 1 7 1880 6
2269 2 2 1 1 984 2469 1418
2270 2 2 1 1 620 2144 1078
2271 2 2 1 1 1014 2516 1729
2272 2 2 1 1 336 2489 1937
2273 2 2 1 1 941 2468 1510
2274 2 2 1 1 791 2417 1131
2275 2 2 1 1 1592 2369 224
2276 2 2 1 1 1269 1611 290
2277 2 2 1 1 800 2137 1238
2278 2 2 1 1 181 2695 1609
2279 2 2 1 1 584 2043 1019
2280 2 2 1 1 142 1304 141
2281 2 2 1 1 150 1664 149
2282 2 2 1 1 1991 2187 198
2283 2 2 1 1 1997 2150 1135
2284 2 2 1 1 1674 2252 1340
2285 2 2 1 1 1349 2353 488
2286 2 2 1 1 2219 2442 885
2287 2 2 1 1 1280 1769 470
2288 2 2 1 1 493 2579 1297
2289 2 2 1 1 196 1537 1084
2290 2 2 1 1 1522 2346 1174
2291 2 2 1 1 137 1980 1184
2292 2 2 1 1 414 2424 1154
2293 2 2 1 1 1157 2522 249
2294 2 2 1 1 1135 2150 660
2295 2 2 1 1 190 1612 1121
2296 2 2 1 1 538 2356 1065
2297 2 2 1 1 189 1515 1200
2298 2 2 1 1 399 1956 1526
2299 2 2 1 1 681 2215 1478
2300 2 2 1 1 1179 1650 773
2301 2 2 1 1 496 1392 1156
2302 2 2 1 1 544 1710 1274
2303 2 2 1 1 613 1863 1449
2304 2 2 1 1 1534 1853 564
2305 2 2 1 1 753 2085 1318
2306 2 2 1 1 535 1746 1462
2307 2 2 1 1 298 2727 1122
2308 2 2 1 1 365 2507 1074
2309 2 2 1 1 1360 1842 179
2310 2 2 1 1 1142 1685 570
2311 2 2 1 1 774 2669 2310
2312 2 2 1 1 415 2703 2525
2313 2 2 1 1 384 1964 1386
2314 2 2 1 1 1065 2356 391
2315 2 2 1 1 251 1691 1096
2316 2 2 1 1 1321 1736 264
2317 2 2 1 1 89 1738 88
2318 2 2 1 1 644 2007 1213
2319 2 2 1 1 1033 2699 2496
2320 2 2 1 1 2 2342 36
2321 2 2 1 1 507 1513 1198
2322 2 2 1 1 1096 1927 597
2323 2 2 1 1 539 1591 1171
2324 2 2 1 1 850 2428 1749
2325 2 2 1 1 598 1430 1299
2326 2 2 1 1 1702 2233 1094
2327 2 2 1 1 1667 2039 528
2328 2 2 1 1 1376 1739 596
2329 2 2 1 1 1771 2101 736
2330 2 2 1 1 1396 2371 467
2331 2 2 1 1 1375 2534 248
2332 2 2 1 1 1619 2606 239
2333 2 2 1 1 816 1768 1503
2334 2 2 1 1 1478 1654 681
2335 2 2 1 1 1432 2228 356
2336 2 2 1 1 1209 2271 29
2337 2 2 1 1 1611 1706 738
2338 2 2 1 1 271 1938 1570
2339 2 2 1 1 1913 2583 723
2340 2 2 1 1 637 2231 1623
2341 2 2 1 1 687 2204 1899
2342 2 2 1 1 1061 2384 227
2343 2 2 1 1 1230 1949 587
2344 2 2 1 1 709 1369 1165
2345 2 2 1 1 1258 1429 556
2346 2 2 1 1 759 2537 1182
2347 2 2 1 1 504 1679 1203
2348 2 2 1 1 2170 2658 748
2349 2 2 1 1 1703 2614 1512
2350 2 2 1 1 1239 1829 550
2351 2 2 1 1 233 1497 1350
2352 2 2 1 1 1318 2085 479
2353 2 2 1 1 790 2682 1292
2354 2 2 1 1 199 2410 1490
2355 2 2 1 1 519 1582 1459
2356 2 2 1 1 1156 1551 496
2357 2 2 1 1 602 1596 1522
2358 2 2 1 1 1064 1614 57
2359 2 2 1 1 290 1698 1566
2360 2 2 1 1 652 2507 1140
2361 2 2 1 1 747 2132 1519
2362 2 2 1 1 1327 1735 584
2363 2 2 1 1 489 2157 1278
2364 2 2 1 1 1433 1472 523
2365 2 2 1 1 636 2513 2005
2366 2 2 1 1 1095 1742 520
2367 2 2 1 1 1097 2231 2189
2368 2 2 1 1 1065 2552 677
2369 2 2 1 1 575 2099 1034
2370 2 2 1 1 1256 2497 226
2371 2 2 1 1 885 2442 1661
2372 2 2 1 1 729 2471 1117
2373 2 2 1 1 1069 1811 1109
2374 2 2 1 1 790 2632 2185
2375 2 2 1 1 1484 1722 299
2376 2 2 1 1 1211 1600 431
2377 2 2 1 1 558 1472 1359
2378 2 2 1 1 1375 2377 947
2379 2 2 1 1 801 1672 1603
2380 2 2 1 1 1642 2502 1098
2381 2 2 1 1 1063 2209 1774
2382 2 2 1 1 337 2010 1448
2383 2 2 1 1 2525 2703 1162
2384 2 2 1 1 1249 1343 582
2385 2 2 1 1 565 1744 1295
2386 2 2 1 1 2162 2449 678
2387 2 2 1 1 83 1679 82
2388 2 2 1 1 1539 2332 355
2389 2 2 1 1 1003 2673 2188
2390 2 2 1 1 1508 1637 846
2391 2 2 1 1 797 2497 1256
2392 2 2 1 1 718 2247 1100
2393 2 2 1 1 1195 2218 757
2394 2 2 1 1 1076 2337 302
2395 2 2 1 1 940 1942 1812
2396 2 2 1 1 122 1872 1090
2397 2 2 1 1 548 1490 1320
2398 2 2 1 1 1642 2243 819
2399 2 2 1 1 1155 1429 273
2400 2 2 1 1 1720 1889 859
2401 2 2 1 1 1563 2563 1182
2402 2 2 1 1 1089 2585 238
2403 2 2 1 1 1350 1497 772
2404 2 2 1 1 1244 1848 178
2405 2 2 1 1 1189 1785 526
2406 2 2 1 1 463 1743 1105
2407 2 2 1 1 1103 2685 2360
2408 2 2 1 1 1392 2540 649
2409 2 2 1 1 1223 2398 781
2410 2 2 1 1 567 2236 1120
2411 2 2 1 1 751 1646 1456
2412 2 2 1 1 1206 1974 552
2413 2 2 1 1 680 2638 1199
2414 2 2 1 1 1216 1991 814
2415 2 2 1 1 1074 2508 224
2416 2 2 1 1 1180 1952 664
2417 2 2 1 1 1379 2366 769
2418 2 2 1 1 1486 1835 746
2419 2 2 1 1 1646 1791 316
2420 2 2 1 1 1119 1988 160
2421 2 2 1 1 488 1618 1148
2422 2 2 1 1 487 2320 1094
2423 2 2 1 1 770 2619 1286
2424 2 2 1 1 691 1764 1456
2425 2 2 1 1 1138 1422 532
2426 2 2 1 1 35 1816 34
2427 2 2 1 1 57 1614 56
2428 2 2 1 1 1533 2454 876
2429 2 2 1 1 977 1727 1084
2430 2 2 1 1 1603 2106 889
2431 2 2 1 1 209 2026 1755
2432 2 2 1 1 1068 1981 128
2433 2 2 1 1 1863 2484 1449
2434 2 2 1 1 1495 1744 1067
2435 2 2 1 1 1106 2500 740
2436 2 2 1 1 1987 2006 825
2437 2 2 1 1 1232 1901 455
2438 2 2 1 1 1097 1734 614
2439 2 2 1 1 604 1814 1612
2440 2 2 1 1 1594 1615 762
2441 2 2 1 1 519 2353 1865
2442 2 2 1 1 1713 1812 246
2443 2 2 1 1 1757 2234 698
2444 2 2 1 1 1199 1396 467
2445 2 2 1 1 1071 1991 1216
2446 2 2 1 1 320 2317 1528
2447 2 2 1 1 1416 1938 271
2448 2 2 1 1 264 1736 1218
2449 2 2 1 1 212 2156 1850
2450 2 2 1 1 1227 2527 292
2451 2 2 1 1 539 1706 1611
2452 2 2 1 1 1516 1722 651
2453 2 2 1 1 713 2241 1134
2454 2 2 1 1 1253 1931 840
2455 2 2 1 1 1261 1671 603
2456 2 2 1 1 536 2363 1874
2457 2 2 1 1 722 2129 1289
2458 2 2 1 1 1256 1864 797
2459 2 2 1 1 1686 2757 825
2460 2 2 1 1 1588 2178 392
2461 2 2 1 1 1355 2377 528
2462 2 2 1 1 338 1586 1399
2463 2 2 1 1 626 1940 1504
2464 2 2 1 1 415 2582 1131
2465 2 2 1 1 1169 1493 289
2466 2 2 1 1 1089 2080 504
2467 2 2 1 1 1419 2485 462
2468 2 2 1 1 1174 1911 602
2469 2 2 1 1 14 1678 1100
2470 2 2 1 1 1389 2186 527
2471 2 2 1 1 1693 2215 681
2472 2 2 1 1 733 2093 1204
2473 2 2 1 1 382 1949 1230
2474 2 2 1 1 232 1911 1174
2475 2 2 1 1 173 2638 1560
2476 2 2 1 1 647 2561 1061
2477 2 2 1 1 303 2479 1760
2478 2 2 1 1 791 1689 1455
2479 2 2 1 1 1285 1480 530
2480 2 2 1 1 1205 1905 628
2481 2 2 1 1 1294 1780 271
2482 2 2 1 1 831 1493 1169
2483 2 2 1 1 615 1719 1119
2484 2 2 1 1 583 2720 1011
2485 2 2 1 1 1274 1710 154
2486 2 2 1 1 1288 1675 311
2487 2 2 1 1 1178 1678 15
2488 2 2 1 1 538 2193 1118
2489 2 2 1 1 593 2018 1099
2490 2 2 1 1 1239 1651 266
2491 2 2 1 1 1489 1795 961
2492 2 2 1 1 2335 2465 175
2493 2 2 1 1 1056 1864 1256
2494 2 2 1 1 596 1485 1279
2495 2 2 1 1 1560 1798 173
2496 2 2 1 1 1632 2328 1224
2497 2 2 1 1 1488 2119 992
2498 2 2 1 1 446 2252 1088
2499 2 2 1 1 1106 2501 1393
2500 2 2 1 1 1133 2542 2126
2501 2 2 1 1 1276 2190 2053
2502 2 2 1 1 1422 1474 172
2503 2 2 1 1 252 2475 1242
2504 2 2 1 1 265 2579 1204
2505 2 2 1 1 1825 2175 612
2506 2 2 1 1 2091 2106 699
2507 2 2 1 1 1273 2213 590
2508 2 2 1 1 1117 2229 693
2509 2 2 1 1 1455 1689 258
2510 2 2 1 1 1105 2752 463
2511 2 2 1 1 1398 1999 646
2512 2 2 1 1 1816 2521 34
2513 2 2 1 1 677 2562 1065
2514 2 2 1 1 1428 1677 520
2515 2 2 1 1 1137 2636 449
2516 2 2 1 1 598 1422 1138
2517 2 2 1 1 848 2381 1722
2518 2 2 1 1 1061 2379 647
2519 2 2 1 1 1542 2512 191
2520 2 2 1 1 497 1539 1217
2521 2 2 1 1 698 1981 1068
2522 2 2 1 1 319 2385 1278
2523 2 2 1 1 47 1558 48
2524 2 2 1 1 1354 1774 296
2525 2 2 1 1 526 1354 1189
2526 2 2 1 1 521 2623 1303
2527 2 2 1 1 1442 2704 878
2528 2 2 1 1 837 1892 1573
2529 2 2 1 1 420 2300 1064
2530 2 2 1 1 1063 2743 1309
2531 2 2 1 1 1559 2505 195
2532 2 2 1 1 1165 1851 77
2533 2 2 1 1 1532 2670 891
2534 2 2 1 1 2234 2641 894
2535 2 2 1 1 1151 2358 643
2536 2 2 1 1 450 2135 1173
2537 2 2 1 1 1031 1786 1439
2538 2 2 1 1 607 1654 1478
2539 2 2 1 1 1623 2231 1097
2540 2 2 1 1 513 1754 1372
2541 2 2 1 1 328 1752 1434
2542 2 2 1 1 170 2536 1030
2543 2 2 1 1 1692 2455 414
2544 2 2 1 1 500 1632 1224
2545 2 2 1 1 659 1376 1350
2546 2 2 1 1 1749 2428 1054
2547 2 2 1 1 590 2424 1273
2548 2 2 1 1 1351 2164 711
2549 2 2 1 1 1269 1566 508
2550 2 2 1 1 1350 1376 233
2551 2 2 1 1 863 2629 2327
2552 2 2 1 1 780 2442 1523
2553 2 2 1 1 1102 2317 2211
2554 2 2 1 1 1558 2618 48
2555 2 2 1 1 638 1966 1448
2556 2 2 1 1 1341 1610 701
2557 2 2 1 1 610 2075 1129
2558 2 2 1 1 1101 2473 1196
2559 2 2 1 1 1136 2754 395
2560 2 2 1 1 1122 1765 298
2561 2 2 1 1 1268 1748 679
2562 2 2 1 1 1152 2683 461
2563 2 2 1 1 1473 1840 543
2564 2 2 1 1 1623 1821 285
2565 2 2 1 1 1592 2556 427
2566 2 2 1 1 368 2563 1563
2567 2 2 1 1 1777 1932 350
2568 2 2 1 1 587 1998 1322
2569 2 2 1 1 593 1996 1340
2570 2 2 1 1 905 2741 1261
2571 2 2 1 1 1811 2582 415
2572 2 2 1 1 1556 1709 171
2573 2 2 1 1 2387 2496 354
2574 2 2 1 1 1689 2582 871
2575 2 2 1 1 1315 1580 658
2576 2 2 1 1 1365 1536 263
2577 2 2 1 1 174 1905 1137
2578 2 2 1 1 1877 2572 300
2579 2 2 1 1 531 1922 1546
2580 2 2 1 1 554 1792 1320
2581 2 2 1 1 278 2602 1194
2582 2 2 1 1 687 1899 1231
2583 2 2 1 1 1165 1369 514
2584 2 2 1 1 86 1785 1189
2585 2 2 1 1 1134 1898 713
2586 2 2 1 1 1412 2617 1059
2587 2 2 1 1 1241 2345 218
2588 2 2 1 1 266 1829 1239
2589 2 2 1 1 2188 2673 588
2590 2 2 1 1 766 2606 1750
2591 2 2 1 1 812 2577 1500
2592 2 2 1 1 1200 1515 502
2593 2 2 1 1 752 2390 1426
2594 2 2 1 1 788 2343 1110
2595 2 2 1 1 603 1625 1261
2596 2 2 1 1 241 1831 1419
2597 2 2 1 1 539 1611 1269
2598 2 2 1 1 1746 2230 910
2599 2 2 1 1 1832 2210 206
2600 2 2 1 1 887 2505 1559
2601 2 2 1 1 1285 1626 170
2602 2 2 1 1 400 2077 1040
2603 2 2 1 1 1686 1741 630
2604 2 2 1 1 683 1896 1588
2605 2 2 1 1 829 2108 1040
2606 2 2 1 1 824 2608 2242
2607 2 2 1 1 1196 2473 192
2608 2 2 1 1 1700 1841 305
2609 2 2 1 1 1261 1625 202
2610 2 2 1 1 1565 1566 636
2611 2 2 1 1 1824 2170 607
2612 2 2 1 1 1141 1474 556
2613 2 2 1 1 1313 1859 581
2614 2 2 1 1 1091 2099 575
2615 2 2 1 1 1340 1996 259
2616 2 2 1 1 864 1829 1351
2617 2 2 1 1 1441 1739 304
2618 2 2 1 1 996 2387 1756
2619 2 2 1 1 820 2640 1659
2620 2 2 1 1 345 2498 1550
2621 2 2 1 1 1060 1812 1713
2622 2 2 1 1 1173 2135 580
2623 2 2 1 1 1421 2023 563
2624 2 2 1 1 1233 1726 474
2625 2 2 1 1 308 2398 1223
2626 2 2 1 1 1322 2139 214
2627 2 2 1 1 407 2294 1110
2628 2 2 1 1 490 1651 1239
2629 2 2 1 1 2496 2699 354
2630 2 2 1 1 1093 1989 665
2631 2 2 1 1 1261 2741 1671
2632 2 2 1 1 1245 2649 306
2633 2 2 1 1 519 1865 1271
2634 2 2 1 1 1724 1733 363
2635 2 2 1 1 644 1901 1232
2636 2 2 1 1 825 1741 1686
2637 2 2 1 1 1263 2700 409
2638 2 2 1 1 2005 2513 836
2639 2 2 1 1 509 2097 1415
2640 2 2 1 1 131 1507 132
2641 2 2 1 1 1323 2128 293
2642 2 2 1 1 927 2369 1592
2643 2 2 1 1 1607 1893 247
2644 2 2 1 1 1593 2552 1057
2645 2 2 1 1 978 2158 1990
2646 2 2 1 1 1052 2529 1206
2647 2 2 1 1 763 2738 1854
2648 2 2 1 1 1309 1958 455
2649 2 2 1 1 152 1465 151
2650 2 2 1 1 77 1851 76
2651 2 2 1 1 393 2314 1018
2652 2 2 1 1 383 2454 1533
2653 2 2 1 1 672 2263 2094
2654 2 2 1 1 194 2380 1650
2655 2 2 1 1 1664 2311 149
2656 2 2 1 1 2599 2734 1890
2657 2 2 1 1 1243 2712 830
2658 2 2 1 1 1275 2241 713
2659 2 2 1 1 893 2141 1335
2660 2 2 1 1 1523 1601 732
2661 2 2 1 1 1286 2619 296
2662 2 2 1 1 415 2525 1109
2663 2 2 1 1 1282 1853 459
2664 2 2 1 1 1210 2352 1549
2665 2 2 1 1 1480 1707 530
2666 2 2 1 1 1774 2209 704
2667 2 2 1 1 609 2128 1323
2668 2 2 1 1 1250 1371 523
2669 2 2 1 1 1299 1474 598
2670 2 2 1 1 197 1744 1495
2671 2 2 1 1 1355 1998 587
2672 2 2 1 1 1696 1776 815
2673 2 2 1 1 1199 2638 1396
2674 2 2 1 1 1281 2625 844
2675 2 2 1 1 1326 2199 768
2676 2 2 1 1 50 1900 1175
2677 2 2 1 1 1399 1586 602
2678 2 2 1 1 1189 1354 716
2679 2 2 1 1 1456 1764 751
2680 2 2 1 1 1503 2449 816
2681 2 2 1 1 1303 1995 255
2682 2 2 1 1 1451 1770 474
2683 2 2 1 1 464 2202 1812
2684 2 2 1 1 689 1803 1031
2685 2 2 1 1 669 2528 1218
2686 2 2 1 1 2298 2535 413
2687 2 2 1 1 244 1343 1249
2688 2 2 1 1 358 2330 1311
2689 2 2 1 1 1323 1826 570
2690 2 2 1 1 889 2201 1603
2691 2 2 1 1 1152 2169 326
2692 2 2 1 1 530 1707 1555
2693 2 2 1 1 2053 2190 836
2694 2 2 1 1 1070 2046 221
2695 2 2 1 1 2189 2231 484
2696 2 2 1 1 804 1638 1382
2697 2 2 1 1 1797 2207 588
2698 2 2 1 1 1522 1596 277
2699 2 2 1 1 511 1637 1508
2700 2 2 1 1 584 1359 1327
2701 2 2 1 1 1228 2343 788
2702 2 2 1 1 1270 2700 964
2703 2 2 1 1 1583 1835 562
2704 2 2 1 1 1310 2564 647
2705 2 2 1 1 1160 1846 216
2706 2 2 1 1 1218 1729 264
2707 2 2 1 1 1274 2358 544
2708 2 2 1 1 1179 2486 194
2709 2 2 1 1 1411 2668 46
2710 2 2 1 1 1525 1835 307
2711 2 2 1 1 1267 2131 223
2712 2 2 1 1 534 1711 1312
2713 2 2 1 1 1193 2370 281
2714 2 2 1 1 537 2702 1389
2715 2 2 1 1 503 1873 1336
2716 2 2 1 1 924 1914 1136
2717 2 2 1 1 1191 1628 268
2718 2 2 1 1 1347 2593 302
2719 2 2 1 1 889 2323 2201
2720 2 2 1 1 684 1740 1177
2721 2 2 1 1 228 2434 1634
2722 2 2 1 1 1831 1966 638
2723 2 2 1 1 1242 2475 545
2724 2 2 1 1 530 1626 1285
2725 2 2 1 1 1371 2730 523
2726 2 2 1 1 1252 1498 373
2727 2 2 1 1 2185 2632 1114
2728 2 2 1 1 272 2425 1633
2729 2 2 1 1 1812 1942 246
2730 2 2 1 1 380 1601 1523
2731 2 2 1 1 734 1580 1275
2732 2 2 1 1 2257 2601 400
2733 2 2 1 1 1131 2703 415
2734 2 2 1 1 1483 2041 242
2735 2 2 1 1 1673 1810 740
2736 2 2 1 1 1272 1899 284
2737 2 2 1 1 907 2590 1523
2738 2 2 1 1 1566 1698 636
2739 2 2 1 1 600 1754 1639
2740 2 2 1 1 1100 2061 718
2741 2 2 1 1 179 2166 1214
2742 2 2 1 1 1149 1980 138
2743 2 2 1 1 1207 2212 352
2744 2 2 1 1 1119 1719 422
2745 2 2 1 1 2242 2736 952
2746 2 2 1 1 1174 2346 431
2747 2 2 1 1 1468 2148 451
2748 2 2 1 1 1425 2497 797
2749 2 2 1 1 515 1678 1178
2750 2 2 1 1 22 1668 21
2751 2 2 1 1 1305 2570 414
2752 2 2 1 1 1767 2641 389
2753 2 2 1 1 176 1582 1271
2754 2 2 1 1 140 1552 139
2755 2 2 1 1 1842 2166 179
2756 2 2 1 1 1137 2544 964
2757 2 2 1 1 1414 2502 819
2758 2 2 1 1 386 1862 1190
2759 2 2 1 1 832 2113 1617
2760 2 2 1 1 891 2732 1532
2761 2 2 1 1 508 1566 1565
2762 2 2 1 1 25 1506 24
2763 2 2 1 1 698 2234 1622
2764 2 2 1 1 819 2502 1642
2765 2 2 1 1 1147 2446 245
2766 2 2 1 1 1729 2516 264
2767 2 2 1 1 2054 2264 600
2768 2 2 1 1 828 1834 1644
2769 2 2 1 1 1173 2748 450
2770 2 2 1 1 1128 1921 207
2771 2 2 1 1 1421 1761 269
2772 2 2 1 1 626 1918 1224
2773 2 2 1 1 21 1407 20
2774 2 2 1 1 1259 2480 251
2775 2 2 1 1 1601 2172 872
2776 2 2 1 1 284 2204 1547
2777 2 2 1 1 391 2352 1210
2778 2 2 1 1 1419 1831 638
2779 2 2 1 1 190 2589 1283
2780 2 2 1 1 1451 2240 267
2781 2 2 1 1 125 1747 1317
2782 2 2 1 1 721 2074 1169
2783 2 2 1 1 1394 2526 718
2784 2 2 1 1 367 1627 1222
2785 2 2 1 1 1225 2340 582
2786 2 2 1 1 8 2315 7
2787 2 2 1 1 423 1935 1684
2788 2 2 1 1 746 1835 1525
2789 2 2 1 1 452 1748 1268
2790 2 2 1 1 1332 2351 403
2791 2 2 1 1 1370 1878 483
2792 2 2 1 1 546 1928 1195
2793 2 2 1 1 1546 1922 758
2794 2 2 1 1 1382 1638 456
2795 2 2 1 1 1596 1687 277
2796 2 2 1 1 146 1982 145
2797 2 2 1 1 573 1608 1219
2798 2 2 1 1 1383 1619 481
2799 2 2 1 1 1446 2752 841
2800 2 2 1 1 1312 1711 623
2801 2 2 1 1 259 1381 1346
2802 2 2 1 1 1483 2688 911
2803 2 2 1 1 1569 1617 509
2804 2 2 1 1 622 2670 1532
2805 2 2 1 1 1100 1678 515
2806 2 2 1 1 678 1584 1287
2807 2 2 1 1 1358 2690 1066
2808 2 2 1 1 1195 1928 286
2809 2 2 1 1 2562 2718 1159
2810 2 2 1 1 1387 2289 200
2811 2 2 1 1 1318 2000 753
2812 2 2 1 1 1397 2360 650
2813 2 2 1 1 1578 2085 753
2814 2 2 1 1 825 2006 1741
2815 2 2 1 1 1581 1723 315
2816 2 2 1 1 438 1881 1243
2817 2 2 1 1 531 1773 1267
2818 2 2 1 1 875 2354 1254
2819 2 2 1 1 1172 2551 629
2820 2 2 1 1 1351 1829 266
2821 2 2 1 1 724 2131 1267
2822 2 2 1 1 1225 2727 298
2823 2 2 1 1 716 1364 1203
2824 2 2 1 1 1718 1841 561
2825 2 2 1 1 418 1568 1290
2826 2 2 1 1 1169 2074 424
2827 2 2 1 1 629 1769 1410
2828 2 2 1 1 365 2609 1140
2829 2 2 1 1 1205 2636 1905
2830 2 2 1 1 264 1962 1321
2831 2 2 1 1 1316 1782 323
2832 2 2 1 1 1218 1736 502
2833 2 2 1 1 844 2616 1281
2834 2 2 1 1 1151 2265 544
2835 2 2 1 1 1245 1520 362
2836 2 2 1 1 44 1753 45
2837 2 2 1 1 844 1912 1625
2838 2 2 1 1 1238 1813 573
2839 2 2 1 1 2466 2598 916
2840 2 2 1 1 1281 1984 517
2841 2 2 1 1 943 2717 1344
2842 2 2 1 1 895 2100 1408
2843 2 2 1 1 1067 2572 1877
2844 2 2 1 1 1310 2531 880
2845 2 2 1 1 1203 1364 504
2846 2 2 1 1 660 1906 1135
2847 2 2 1 1 1190 1862 634
2848 2 2 1 1 159 2374 158
2849 2 2 1 1 611 1747 1255
2850 2 2 1 1 1212 2763 868
2851 2 2 1 1 293 1826 1323
2852 2 2 1 1 4 1406 117
2853 2 2 1 1 295 2287 1153
2854 2 2 1 1 1348 2516 1014
2855 2 2 1 1 1339 2642 223
2856 2 2 1 1 543 2695 1473
2857 2 2 1 1 1384 1993 472
2858 2 2 1 1 1631 2513 636
2859 2 2 1 1 148 1501 147
2860 2 2 1 1 525 2558 1529
2861 2 2 1 1 978 1990 1629
2862 2 2 1 1 2307 2375 1090
2863 2 2 1 1 1027 2618 1558
2864 2 2 1 1 1354 2744 1774
2865 2 2 1 1 310 1898 1243
2866 2 2 1 1 682 1531 1517
2867 2 2 1 1 81 1665 80
2868 2 2 1 1 1287 1584 386
2869 2 2 1 1 1252 1921 559
2870 2 2 1 1 509 2706 2097
2871 2 2 1 1 378 2258 1519
2872 2 2 1 1 478 1371 1250
2873 2 2 1 1 967 2411 1494
2874 2 2 1 1 447 1658 1467
2875 2 2 1 1 1205 2620 298
2876 2 2 1 1 158 1532 157
2877 2 2 1 1 1278 2157 779
2878 2 2 1 1 1671 2741 456
2879 2 2 1 1 53 1482 3
2880 2 2 1 1 582 2340 1314
2881 2 2 1 1 1588 1896 798
2882 2 2 1 1 735 2121 1604
2883 2 2 1 1 256 2763 1212
2884 2 2 1 1 436 2015 1085
2885 2 2 1 1 1132 2250 2009
2886 2 2 1 1 645 1878 1370
2887 2 2 1 1 959 2311 1664
2888 2 2 1 1 15 1678 14
2889 2 2 1 1 1294 1975 834
2890 2 2 1 1 838 1733 1724
2891 2 2 1 1 582 2727 1225
2892 2 2 1 1 813 2626 1877
2893 2 2 1 1 1222 1627 595
2894 2 2 1 1 416 2087 1554
2895 2 2 1 1 1361 1509 309
2896 2 2 1 1 1617 2113 336
2897 2 2 1 1 594 1687 1596
2898 2 2 1 1 305 1952 1180
2899 2 2 1 1 1181 2286 270
2900 2 2 1 1 87 1785 86
2901 2 2 1 1 190 2211 1293
2902 2 2 1 1 1068 2174 429
2903 2 2 1 1 23 2334 22
2904 2 2 1 1 2126 2542 632
2905 2 2 1 1 1586 1596 602
2906 2 2 1 1 935 1736 1321
2907 2 2 1 1 1107 2723 1095
2908 2 2 1 1 323 1858 1316
2909 2 2 1 1 1316 1858 884
2910 2 2 1 1 642 2457 1358
2911 2 2 1 1 445 2478 1683
2912 2 2 1 1 1353 2392 1883
2913 2 2 1 1 623 1707 1312
2914 2 2 1 1 1605 1798 584
2915 2 2 1 1 357 1790 1413
2916 2 2 1 1 674 1856 1787
2917 2 2 1 1 1473 2695 948
2918 2 2 1 1 895 2335 2100
2919 2 2 1 1 2004 2391 408
2920 2 2 1 1 2259 2684 228
2921 2 2 1 1 1082 2742 1589
2922 2 2 1 1 637 1623 1247
2923 2 2 1 1 380 2172 1601
2924 2 2 1 1 1204 2579 733
2925 2 2 1 1 824 2242 1368
2926 2 2 1 1 319 2417 1840
2927 2 2 1 1 1129 1936 610
2928 2 2 1 1 1290 2585 770
2929 2 2 1 1 1355 2039 339
2930 2 2 1 1 2360 2685 650
2931 2 2 1 1 679 2697 1268
2932 2 2 1 1 1386 1926 633
2933 2 2 1 1 1704 2313 744
2934 2 2 1 1 265 1510 1297
2935 2 2 1 1 220 1580 1315
2936 2 2 1 1 1085 2015 578
2937 2 2 1 1 9 2273 1170
2938 2 2 1 1 1378 1728 283
2939 2 2 1 1 1258 2572 565
2940 2 2 1 1 175 2465 1836
2941 2 2 1 1 685 2230 1378
2942 2 2 1 1 1342 2217 553
2943 2 2 1 1 299 1722 1516
2944 2 2 1 1 664 2260 1180
2945 2 2 1 1 559 1498 1252
2946 2 2 1 1 1587 1858 323
2947 2 2 1 1 1487 2068 861
2948 2 2 1 1 1372 1754 600
2949 2 2 1 1 1364 2612 504
2950 2 2 1 1 2 2062 1167
2951 2 2 1 1 629 1509 1361
2952 2 2 1 1 656 2357 1064
2953 2 2 1 1 431 1600 1292
2954 2 2 1 1 75 1796 74
2955 2 2 1 1 640 2419 2297
2956 2 2 1 1 445 2428 1439
2957 2 2 1 1 1303 1789 521
2958 2 2 1 1 499 2729 1598
2959 2 2 1 1 1607 2009 540
2960 2 2 1 1 863 2008 1659
2961 2 2 1 1 1208 1721 601
2962 2 2 1 1 806 2570 1305
2963 2 2 1 1 1607 2184 886
2964 2 2 1 1 1373 2461 1000
2965 2 2 1 1 571 1799 1197
2966 2 2 1 1 262 1715 1352
2967 2 2 1 1 432 2375 2307
2968 2 2 1 1 611 1985 1317
2969 2 2 1 1 1735 2043 584
2970 2 2 1 1 262 2702 1058
2971 2 2 1 1 1296 2714 1071
2972 2 2 1 1 211 1839 1110
2973 2 2 1 1 59 2120 58
2974 2 2 1 1 61 2655 60
2975 2 2 1 1 33 1653 32
2976 2 2 1 1 647 2379 1248
2977 2 2 1 1 1859 1893 670
2978 2 2 1 1 283 1879 1296
2979 2 2 1 1 273 1844 1155
2980 2 2 1 1 669 1673 1498
2981 2 2 1 1 1782 1847 803
2982 2 2 1 1 1269 1591 539
2983 2 2 1 1 1467 1658 768
2984 2 2 1 1 744 2313 2069
2985 2 2 1 1 3 1978 116
2986 2 2 1 1 2112 2146 760
2987 2 2 1 1 1110 1839 551
2988 2 2 1 1 1308 2205 749
2989 2 2 1 1 1303 2623 919
2990 2 2 1 1 1410 1509 629
2991 2 2 1 1 1187 1695 67
2992 2 2 1 1 2158 2284 405
2993 2 2 1 1 1153 2625 517
2994 2 2 1 1 172 2613 1422
2995 2 2 1 1 843 1792 1645
2996 2 2 1 1 797 1888 1425
2997 2 2 1 1 2009 2250 661
2998 2 2 1 1 1434 1752 625
2999 2 2 1 1 1109 1811 415
3000 2 2 1 1 485 1621 1368
3001 2 2 1 1 544 2358 1151
3002 2 2 1 1 681 1509 1410
3003 2 2 1 1 1531 2481 553
3004 2 2 1 1 579 2315 1170
3005 2 2 1 1 301 2328 1632
3006 2 2 1 1 1276 2221 347
3007 2 2 1 1 1472 1567 523
3008 2 2 1 1 336 1721 1208
3009 2 2 1 1 1954 2524 896
3010 2 2 1 1 1194 2602 1748
3011 2 2 1 1 1506 2448 562
3012 2 2 1 1 663 2486 1179
3013 2 2 1 1 760 2146 1701
3014 2 2 1 1 1856 1940 301
3015 2 2 1 1 1470 2179 692
3016 2 2 1 1 728 2256 1752
3017 2 2 1 1 1246 2526 437
3018 2 2 1 1 344 2002 1454
3019 2 2 1 1 197 2249 1295
3020 2 2 1 1 476 2537 1301
3021 2 2 1 1 581 2051 1264
3022 2 2 1 1 21 1668 1407
3023 2 2 1 1 1426 2595 752
3024 2 2 1 1 1464 1801 653
3025 2 2 1 1 774 2310 2249
3026 2 2 1 1 513 1688 1334
3027 2 2 1 1 892 2169 1545
3028 2 2 1 1 1476 2036 666
3029 2 2 1 1 1175 1900 619
3030 2 2 1 1 738 1931 1253
3031 2 2 1 1 677 2718 2562
3032 2 2 1 1 1553 1910 208
3033 2 2 1 1 736 2101 1587
3034 2 2 1 1 1755 2026 777
3035 2 2 1 1 569 1761 1421
3036 2 2 1 1 1224 2328 626
3037 2 2 1 1 232 1945 1911
3038 2 2 1 1 1230 2574 801
3039 2 2 1 1 1016 1770 1451
3040 2 2 1 1 655 2312 1520
3041 2 2 1 1 480 1963 1226
3042 2 2 1 1 1859 2145 581
3043 2 2 1 1 1262 2349 361
3044 2 2 1 1 366 1781 1424
3045 2 2 1 1 1546 1815 312
3046 2 2 1 1 876 2041 1533
3047 2 2 1 1 38 2117 39
3048 2 2 1 1 1196 1881 438
3049 2 2 1 1 1084 1727 196
3050 2 2 1 1 63 2154 62
3051 2 2 1 1 1090 2375 1255
3052 2 2 1 1 911 2688 1867
3053 2 2 1 1 624 2575 1452
3054 2 2 1 1 1389 2702 262
3055 2 2 1 1 1644 1834 434
3056 2 2 1 1 1275 1580 220
3057 2 2 1 1 673 1858 1587
3058 2 2 1 1 742 2649 1245
3059 2 2 1 1 651 2224 1640
3060 2 2 1 1 605 1674 1346
3061 2 2 1 1 1493 2145 289
3062 2 2 1 1 432 2307 1223
3063 2 2 1 1 915 1883 1767
3064 2 2 1 1 1425 2709 2497
3065 2 2 1 1 317 1783 1325
3066 2 2 1 1 1366 1766 755
3067 2 2 1 1 1622 2234 894
3068 2 2 1 1 577 1881 1196
3069 2 2 1 1 2053 2221 1276
3070 2 2 1 1 1283 2589 547
3071 2 2 1 1 239 2705 1619
3072 2 2 1 1 851 2348 1634
3073 2 2 1 1 1183 2557 717
3074 2 2 1 1 1498 1673 373
3075 2 2 1 1 403 2474 1461
3076 2 2 1 1 1519 2132 974
3077 2 2 1 1 411 2168 2122
3078 2 2 1 1 1255 2375 611
3079 2 2 1 1 1990 2158 706
3080 2 2 1 1 1121 2589 190
3081 2 2 1 1 311 2724 1288
3082 2 2 1 1 1427 2225 495
3083 2 2 1 1 172 1474 1141
3084 2 2 1 1 528 2377 1375
3085 2 2 1 1 1453 2522 491
3086 2 2 1 1 361 1903 1330
3087 2 2 1 1 1758 1759 761
3088 2 2 1 1 402 2698 2109
3089 2 2 1 1 1585 1856 301
3090 2 2 1 1 406 2099 1091
3091 2 2 1 1 700 2653 2107
3092 2 2 1 1 786 1861 1262
3093 2 2 1 1 1723 1725 640
3094 2 2 1 1 154 1710 153
3095 2 2 1 1 1334 1688 617
3096 2 2 1 1 1196 2696 577
3097 2 2 1 1 1479 1942 589
3098 2 2 1 1 662 2316 1557
3099 2 2 1 1 745 1971 1573
3100 2 2 1 1 449 2636 1205
3101 2 2 1 1 547 1934 1352
3102 2 2 1 1 749 1968 1308
3103 2 2 1 1 599 2163 1241
3104 2 2 1 1 918 2549 1609
3105 2 2 1 1 1064 2357 420
3106 2 2 1 1 393 2243 1642
3107 2 2 1 1 708 1628 1191
3108 2 2 1 1 1377 2309 843
3109 2 2 1 1 1191 2298 413
3110 2 2 1 1 689 2096 1649
3111 2 2 1 1 297 2557 1183
3112 2 2 1 1 1459 2207 315
3113 2 2 1 1 1609 2549 181
3114 2 2 1 1 111 1845 110
3115 2 2 1 1 481 2532 1383
3116 2 2 1 1 2674 2725 402
3117 2 2 1 1 631 2006 1987
3118 2 2 1 1 330 2531 1310
3119 2 2 1 1 296 2619 1364
3120 2 2 1 1 510 2309 1377
3121 2 2 1 1 765 2349 1262
3122 2 2 1 1 756 1932 1777
3123 2 2 1 1 1320 1792 350
3124 2 2 1 1 809 1895 1860
3125 2 2 1 1 670 1790 1333
3126 2 2 1 1 1320 1932 548
3127 2 2 1 1 703 2125 1404
3128 2 2 1 1 1490 2410 554
3129 2 2 1 1 1649 2096 957
3130 2 2 1 1 980 2033 1215
3131 2 2 1 1 1292 1600 909
3132 2 2 1 1 1631 1823 304
3133 2 2 1 1 1307 2265 261
3134 2 2 1 1 1860 1895 401
3135 2 2 1 1 1370 2072 289
3136 2 2 1 1 1448 2010 557
3137 2 2 1 1 1215 2033 764
3138 2 2 1 1 409 2700 1270
3139 2 2 1 1 238 2585 1290
3140 2 2 1 1 1110 2343 211
3141 2 2 1 1 749 1761 1518
3142 2 2 1 1 1221 2238 577
3143 2 2 1 1 1463 1844 273
3144 2 2 1 1 1614 2322 56
3145 2 2 1 1 298 2620 1225
3146 2 2 1 1 2531 2613 880
3147 2 2 1 1 128 1981 129
3148 2 2 1 1 1431 2386 920
3149 2 2 1 1 67 1695 66
3150 2 2 1 1 1107 2260 664
3151 2 2 1 1 19 1606 18
3152 2 2 1 1 1333 1790 357
3153 2 2 1 1 463 1760 1743
3154 2 2 1 1 1521 2602 278
3155 2 2 1 1 1591 2676 1171
3156 2 2 1 1 903 2546 1850
3157 2 2 1 1 1372 2264 250
3158 2 2 1 1 1519 2674 817
3159 2 2 1 1 162 1616 161
3160 2 2 1 1 556 1474 1299
3161 2 2 1 1 2396 2609 572
3162 2 2 1 1 1134 2654 829
3163 2 2 1 1 31 1869 30
3164 2 2 1 1 259 1674 1340
3165 2 2 1 1 1301 2537 759
3166 2 2 1 1 764 2397 1793
3167 2 2 1 1 2122 2168 1116
3168 2 2 1 1 1107 2451 96
3169 2 2 1 1 2211 2317 660
3170 2 2 1 1 752 2595 1130
3171 2 2 1 1 1420 1594 280
3172 2 2 1 1 1085 2117 38
3173 2 2 1 1 1153 2001 295
3174 2 2 1 1 320 2554 1906
3175 2 2 1 1 1640 2224 387
3176 2 2 1 1 131 2588 1507
3177 2 2 1 1 1110 2468 407
3178 2 2 1 1 1602 1933 542
3179 2 2 1 1 1681 1984 279
3180 2 2 1 1 1437 2225 868
3181 2 2 1 1 2532 2753 1383
3182 2 2 1 1 695 2300 1724
3183 2 2 1 1 634 1862 1499
3184 2 2 1 1 483 2687 1370
3185 2 2 1 1 1787 1856 719
3186 2 2 1 1 1306 2250 465
3187 2 2 1 1 653 2487 1124
3188 2 2 1 1 1904 2756 1092
3189 2 2 1 1 541 2518 1220
3190 2 2 1 1 350 1932 1320
3191 2 2 1 1 300 2572 1258
3192 2 2 1 1 338 1793 1759
3193 2 2 1 1 1659 2008 820
3194 2 2 1 1 1814 1815 923
3195 2 2 1 1 845 2444 2365
3196 2 2 1 1 1247 1927 468
3197 2 2 1 1 723 2148 1468
3198 2 2 1 1 1521 2274 823
3199 2 2 1 1 874 2689 2306
3200 2 2 1 1 1378 2230 535
3201 2 2 1 1 472 1993 1158
3202 2 2 1 1 1224 1918 951
3203 2 2 1 1 1624 2335 175
3204 2 2 1 1 1054 2304 1749
3205 2 2 1 1 695 2322 1614
3206 2 2 1 1 1577 2272 976
3207 2 2 1 1 594 1759 1758
3208 2 2 1 1 480 1929 1307
3209 2 2 1 1 543 1840 1455
3210 2 2 1 1 95 1492 94
3211 2 2 1 1 1786 2478 445
3212 2 2 1 1 734 1675 1580
3213 2 2 1 1 893 2495 1880
3214 2 2 1 1 1642 2447 955
3215 2 2 1 1 1647 1797 331
3216 2 2 1 1 835 2473 1101
3217 2 2 1 1 2052 2302 203
3218 2 2 1 1 342 2138 1775
3219 2 2 1 1 1235 2203 466
3220 2 2 1 1 1273 2455 714
3221 2 2 1 1 745 1657 1530
3222 2 2 1 1 706 2064 1435
3223 2 2 1 1 1916 2702 537
3224 2 2 1 1 1580 1675 658
3225 2 2 1 1 2024 2414 1000
3226 2 2 1 1 895 2465 2335
3227 2 2 1 1 1209 2722 755
3228 2 2 1 1 2296 2559 1234
3229 2 2 1 1 279 1984 1281
3230 2 2 1 1 548 1932 1663
3231 2 2 1 1 189 2360 1397
3232 2 2 1 1 30 1869 1209
3233 2 2 1 1 1268 2697 196
3234 2 2 1 1 49 1900 50
3235 2 2 1 1 1341 2171 297
3236 2 2 1 1 310 2670 1690
3237 2 2 1 1 552 2575 1206
3238 2 2 1 1 1325 1783 983
3239 2 2 1 1 1074 2329 1635
3240 2 2 1 1 1619 2705 956
3241 2 2 1 1 1532 2732 157
3242 2 2 1 1 355 2332 2130
3243 2 2 1 1 1190 2471 729
3244 2 2 1 1 1187 2541 466
3245 2 2 1 1 1481 2592 191
3246 2 2 1 1 635 1615 1594
3247 2 2 1 1 1631 1698 574
3248 2 2 1 1 2093 2400 346
3249 2 2 1 1 1807 2251 351
3250 2 2 1 1 578 2117 1085
3251 2 2 1 1 583 1735 1327
3252 2 2 1 1 307 1835 1583
3253 2 2 1 1 1439 2428 850
3254 2 2 1 1 287 2540 1392
3255 2 2 1 1 1151 2515 2265
3256 2 2 1 1 483 2489 1208
3257 2 2 1 1 1504 1647 331
3258 2 2 1 1 664 2451 1107
3259 2 2 1 1 1453 1970 325
3260 2 2 1 1 280 1694 1420
3261 2 2 1 1 1827 2027 784
3262 2 2 1 1 1435 2729 499
3263 2 2 1 1 675 2003 1581
3264 2 2 1 1 1444 2137 1036
3265 2 2 1 1 1277 2185 1114
3266 2 2 1 1 1459 1582 588
3267 2 2 1 1 1387 2628 775
3268 2 2 1 1 1176 2498 710
3269 2 2 1 1 1705 2564 453
3270 2 2 1 1 301 2416 1585
3271 2 2 1 1 108 2011 1391
3272 2 2 1 1 1140 2396 274
3273 2 2 1 1 1395 2213 288
3274 2 2 1 1 472 2274 1384
3275 2 2 1 1 974 2674 1519
3276 2 2 1 1 606 2029 1503
3277 2 2 1 1 1439 1786 445
3278 2 2 1 1 481 2617 1412
3279 2 2 1 1 446 1861 1340
3280 2 2 1 1 1611 1933 290
3281 2 2 1 1 1452 2490 624
3282 2 2 1 1 642 1782 1316
3283 2 2 1 1 1832 2762 1080
3284 2 2 1 1 303 1766 1366
3285 2 2 1 1 1468 1778 723
3286 2 2 1 1 585 1709 1556
3287 2 2 1 1 45 1753 1411
3288 2 2 1 1 1484 2363 1055
3289 2 2 1 1 551 2468 1110
3290 2 2 1 1 517 2625 1281
3291 2 2 1 1 550 1975 1570
3292 2 2 1 1 1297 2461 493
3293 2 2 1 1 649 2541 1187
3294 2 2 1 1 1435 2064 313
3295 2 2 1 1 242 2688 1483
3296 2 2 1 1 658 2681 1315
3297 2 2 1 1 758 1815 1546
3298 2 2 1 1 2239 2384 1192
3299 2 2 1 1 1608 2262 890
3300 2 2 1 1 587 2377 1355
3301 2 2 1 1 1494 1595 971
3302 2 2 1 1 198 1578 1447
3303 2 2 1 1 1267 1922 531
3304 2 2 1 1 1759 1793 761
3305 2 2 1 1 457 2580 1141
3306 2 2 1 1 1447 1578 583
3307 2 2 1 1 1864 1887 797
3308 2 2 1 1 338 1759 1586
3309 2 2 1 1 1517 1531 553
3310 2 2 1 1 1602 1698 290
3311 2 2 1 1 1247 1623 285
3312 2 2 1 1 1815 2701 923
3313 2 2 1 1 2094 2263 922
3314 2 2 1 1 601 2413 1367
3315 2 2 1 1 129 1622 130
3316 2 2 1 1 229 1871 1344
3317 2 2 1 1 906 2397 2292
3318 2 2 1 1 126 2412 127
3319 2 2 1 1 74 2715 73
3320 2 2 1 1 96 2723 1107
3321 2 2 1 1 1947 2350 857
3322 2 2 1 1 1307 1963 480
3323 2 2 1 1 861 2103 1487
3324 2 2 1 1 1769 2551 470
3325 2 2 1 1 626 2756 1904
3326 2 2 1 1 400 2601 2077
3327 2 2 1 1 24 2603 23
3328 2 2 1 1 1418 2056 461
3329 2 2 1 1 1478 2215 316
3330 2 2 1 1 521 2722 1209
3331 2 2 1 1 1294 2088 1780
3332 2 2 1 1 1817 1823 574
3333 2 2 1 1 220 2241 1275
3334 2 2 1 1 616 2593 1347
3335 2 2 1 1 1529 2724 311
3336 2 2 1 1 1455 1840 791
3337 2 2 1 1 2054 2212 1025
3338 2 2 1 1 1005 2713 1407
3339 2 2 1 1 994 2124 1805
3340 2 2 1 1 1404 2125 294
3341 2 2 1 1 1150 2557 2171
3342 2 2 1 1 1433 2415 291
3343 2 2 1 1 471 2501 1397
3344 2 2 1 1 1264 2051 192
3345 2 2 1 1 316 1791 1478
3346 2 2 1 1 191 2266 1542
3347 2 2 1 1 1409 1670 575
3348 2 2 1 1 1117 2471 303
3349 2 2 1 1 302 2443 1347
3350 2 2 1 1 6 2495 1
3351 2 2 1 1 2297 2419 1106
3352 2 2 1 1 1509 1654 309
3353 2 2 1 1 611 1795 1489
3354 2 2 1 1 586 2395 1457
3355 2 2 1 1 1317 1747 611
3356 2 2 1 1 332 1887 1864
3357 2 2 1 1 642 1847 1782
3358 2 2 1 1 1348 2661 975
3359 2 2 1 1 1297 1510 551
3360 2 2 1 1 1704 1967 384
3361 2 2 1 1 282 2733 1328
3362 2 2 1 1 1454 2002 1047
3363 2 2 1 1 621 2414 2024
3364 2 2 1 1 524 2560 2052
3365 2 2 1 1 1708 2267 182
3366 2 2 1 1 1970 1986 917
3367 2 2 1 1 1280 2751 762
3368 2 2 1 1 1347 2443 724
3369 2 2 1 1 1735 2083 292
3370 2 2 1 1 671 1723 1581
3371 2 2 1 1 612 2175 1672
3372 2 2 1 1 1507 1924 132
3373 2 2 1 1 1141 2143 172
3374 2 2 1 1 96 2451 95
3375 2 2 1 1 991 2611 1683
3376 2 2 1 1 1904 1918 626
3377 2 2 1 1 218 2545 2045
3378 2 2 1 1 449 2533 1572
3379 2 2 1 1 2354 2733 1254
3380 2 2 1 1 410 2599 1890
3381 2 2 1 1 124 1747 125
3382 2 2 1 1 166 2624 2304
3383 2 2 1 1 632 2155 2086
3384 2 2 1 1 814 2755 1216
3385 2 2 1 1 209 2262 1608
3386 2 2 1 1 1609 2017 918
3387 2 2 1 1 279 1969 1427
3388 2 2 1 1 1962 2015 1321
3389 2 2 1 1 1024 2179 1470
3390 2 2 1 1 2171 2557 297
3391 2 2 1 1 1541 1543 694
3392 2 2 1 1 1042 2644 1362
3393 2 2 1 1 1919 2436 962
3394 2 2 1 1 577 2696 1221
3395 2 2 1 1 2327 2629 1197
3396 2 2 1 1 700 2640 1806
3397 2 2 1 1 739 1964 1860
3398 2 2 1 1 1532 2374 622
3399 2 2 1 1 1448 1966 337
3400 2 2 1 1 498 1543 1541
3401 2 2 1 1 557 2440 1448
3402 2 2 1 1 1114 2599 410
3403 2 2 1 1 779 2519 1278
3404 2 2 1 1 954 2217 1342
3405 2 2 1 1 585 1784 1709
3406 2 2 1 1 1977 2230 685
3407 2 2 1 1 1427 1969 603
3408 2 2 1 1 1321 2015 436
3409 2 2 1 1 136 1857 135
3410 2 2 1 1 2180 2498 345
3411 2 2 1 1 1352 1934 262
3412 2 2 1 1 940 2251 1807
3413 2 2 1 1 1848 2547 731
3414 2 2 1 1 607 2506 1654
3415 2 2 1 1 701 2171 1341
3416 2 2 1 1 1512 2614 352
3417 2 2 1 1 361 2349 1903
3418 2 2 1 1 1167 2062 966
3419 2 2 1 1 302 1985 1489
3420 2 2 1 1 138 1980 137
3421 2 2 1 1 1262 1861 446
3422 2 2 1 1 1518 1761 569
3423 2 2 1 1 614 2750 2594
3424 2 2 1 1 795 2580 1260
3425 2 2 1 1 751 1824 1791
3426 2 2 1 1 1427 1854 279
3427 2 2 1 1 1098 2447 1642
3428 2 2 1 1 330 1801 1464
3429 2 2 1 1 681 1654 1509
3430 2 2 1 1 848 1853 1534
3431 2 2 1 1 845 2365 1920
3432 2 2 1 1 1583 1584 678
3433 2 2 1 1 636 1698 1631
3434 2 2 1 1 493 2461 1373
3435 2 2 1 1 109 2011 108
3436 2 2 1 1 1706 1931 738
3437 2 2 1 1 731 2547 1818
3438 2 2 1 1 578 1962 1348
3439 2 2 1 1 2021 2364 599
3440 2 2 1 1 465 2270 1306
3441 2 2 1 1 1424 2155 632
3442 2 2 1 1 1553 1602 542
3443 2 2 1 1 618 2762 1832
3444 2 2 1 1 309 2036 1361
3445 2 2 1 1 580 1978 1482
3446 2 2 1 1 757 2367 1195
3447 2 2 1 1 1482 1978 3
3448 2 2 1 1 411 2122 1121
3449 2 2 1 1 1535 1903 998
3450 2 2 1 1 2130 2332 949
3451 2 2 1 1 466 2672 1187
3452 2 2 1 1 1946 2665 641
3453 2 2 1 1 1206 2042 230
3454 2 2 1 1 270 2286 1265
3455 2 2 1 1 470 2751 1280
3456 2 2 1 1 390 2436 1919
3457 2 2 1 1 2052 2560 1033
3458 2 2 1 1 1805 2124 732
3459 2 2 1 1 520 1742 1428
3460 2 2 1 1 1415 2097 648
3461 2 2 1 1 1565 2005 186
3462 2 2 1 1 1573 1971 837
3463 2 2 1 1 1406 2405 117
3464 2 2 1 1 294 2006 1404
3465 2 2 1 1 718 2526 1246
3466 2 2 1 1 1330 1903 563
3467 2 2 1 1 1820 2245 1037
3468 2 2 1 1 1780 2748 1173
3469 2 2 1 1 618 1963 1307
3470 2 2 1 1 1404 2006 631
3471 2 2 1 1 904 2020 1884
3472 2 2 1 1 1426 2390 473
3473 2 2 1 1 312 1815 1814
3474 2 2 1 1 1450 2034 237
3475 2 2 1 1 16 2571 1178
3476 2 2 1 1 574 1602 1553
3477 2 2 1 1 916 2598 1775
3478 2 2 1 1 581 2145 1493
3479 2 2 1 1 234 2586 1467
3480 2 2 1 1 2074 2210 1080
3481 2 2 1 1 1478 1791 607
3482 2 2 1 1 671 1725 1723
3483 2 2 1 1 1180 2260 404
3484 2 2 1 1 1360 2280 592
3485 2 2 1 1 1775 2138 879
3486 2 2 1 1 1312 1707 275
3487 2 2 1 1 157 2732 156
3488 2 2 1 1 1319 2655 61
3489 2 2 1 1 1767 1883 568
3490 2 2 1 1 413 2291 2104
3491 2 2 1 1 674 1647 1504
3492 2 2 1 1 574 1823 1631
3493 2 2 1 1 2401 2415 536
3494 2 2 1 1 1377 1972 888
3495 2 2 1 1 777 2129 1755
3496 2 2 1 1 738 1933 1611
3497 2 2 1 1 661 2151 1550
3498 2 2 1 1 322 2185 1277
3499 2 2 1 1 585 2058 1443
3500 2 2 1 1 1903 2349 998
3501 2 2 1 1 1408 2100 328
3502 2 2 1 1 1773 2477 356
3503 2 2 1 1 594 1596 1586
3504 2 2 1 1 68 2118 1187
3505 2 2 1 1 118 2147 119
3506 2 2 1 1 339 1998 1355
3507 2 2 1 1 160 1988 159
3508 2 2 1 1 1825 2368 385
3509 2 2 1 1 755 2722 1366
3510 2 2 1 1 1581 2003 671
3511 2 2 1 1 595 1930 1302
3512 2 2 1 1 1385 2456 397
3513 2 2 1 1 1346 1674 259
3514 2 2 1 1 200 2628 1387
3515 2 2 1 1 1183 2357 656
3516 2 2 1 1 1424 1781 630
3517 2 2 1 1 710 1823 1817
3518 2 2 1 1 1633 2425 943
3519 2 2 1 1 1550 2151 345
3520 2 2 1 1 1929 2265 1307
3521 2 2 1 1 79 2040 78
3522 2 2 1 1 1530 1657 184
3523 2 2 1 1 1378 2248 685
3524 2 2 1 1 1847 1894 803
3525 2 2 1 1 897 2477 1773
3526 2 2 1 1 804 2624 1638
3527 2 2 1 1 2021 2031 773
3528 2 2 1 1 879 2698 1775
3529 2 2 1 1 1684 1935 821
3530 2 2 1 1 1370 2200 645
3531 2 2 1 1 1807 2077 589
3532 2 2 1 1 638 2485 1419
3533 2 2 1 1 1727 2622 196
3534 2 2 1 1 97 2723 96
3535 2 2 1 1 313 2103 1435
3536 2 2 1 1 1334 1754 513
3537 2 2 1 1 759 2592 1481
3538 2 2 1 1 2027 2433 784
3539 2 2 1 1 17 2571 16
3540 2 2 1 1 735 2165 2121
3541 2 2 1 1 1438 2231 637
3542 2 2 1 1 996 2521 1816
3543 2 2 1 1 674 1940 1856
3544 2 2 1 1 186 2637 1565
3545 2 2 1 1 819 2243 1976
3546 2 2 1 1 1428 2577 812
3547 2 2 1 1 1248 2379 1575
3548 2 2 1 1 1056 2643 1864
3549 2 2 1 1 1712 2111 783
3550 2 2 1 1 503 2373 1538
3551 2 2 1 1 707 2222 1561
3552 2 2 1 1 73 2032 72
3553 2 2 1 1 282 2517 1254
3554 2 2 1 1 1415 1914 509
3555 2 2 1 1 985 2764 1855
3556 2 2 1 1 691 1712 1511
3557 2 2 1 1 1293 2211 660
3558 2 2 1 1 202 2094 1662
3559 2 2 1 1 485 2068 1487
3560 2 2 1 1 2453 2538 529
3561 2 2 1 1 1776 2120 59
3562 2 2 1 1 179 2290 1360
3563 2 2 1 1 1676 2115 839
3564 2 2 1 1 1586 1759 594
3565 2 2 1 1 283 2248 1378
3566 2 2 1 1 743 1855 1527
3567 2 2 1 1 669 1810 1673
3568 2 2 1 1 1398 2285 857
3569 2 2 1 1 694 2607 1717
3570 2 2 1 1 1158 1993 592
3571 2 2 1 1 1771 1772 700
3572 2 2 1 1 145 1982 1535
3573 2 2 1 1 867 2048 1852
3574 2 2 1 1 171 2632 1292
3575 2 2 1 1 1360 2482 495
3576 2 2 1 1 1433 1745 536
3577 2 2 1 1 470 2551 1505
3578 2 2 1 1 39 2117 1779
3579 2 2 1 1 1344 2717 1021
3580 2 2 1 1 495 2225 1437
3581 2 2 1 1 548 1514 1490
3582 2 2 1 1 787 2345 1524
3583 2 2 1 1 1194 2538 2453
3584 2 2 1 1 584 1798 1359
3585 2 2 1 1 1503 2029 307
3586 2 2 1 1 562 2603 1506
3587 2 2 1 1 1625 1912 202
3588 2 2 1 1 719 1856 1585
3589 2 2 1 1 47 2668 1558
3590 2 2 1 1 192 2696 1196
3591 2 2 1 1 1272 2648 709
3592 2 2 1 1 1542 2266 696
3593 2 2 1 1 127 2412 1941
3594 2 2 1 1 1743 1760 702
3595 2 2 1 1 1328 2354 441
3596 2 2 1 1 1850 2546 212
3597 2 2 1 1 821 2456 1385
3598 2 2 1 1 855 2598 2466
3599 2 2 1 1 1458 1743 702
3600 2 2 1 1 685 2295 1977
3601 2 2 1 1 728 2335 1624
3602 2 2 1 1 1486 2334 23
3603 2 2 1 1 734 1719 1699
3604 2 2 1 1 293 2128 1394
3605 2 2 1 1 536 2415 1433
3606 2 2 1 1 1366 2722 521
3607 2 2 1 1 1311 2330 549
3608 2 2 1 1 254 1800 1291
3609 2 2 1 1 691 1804 1764
3610 2 2 1 1 1021 2717 1907
3611 2 2 1 1 1672 1822 612
3612 2 2 1 1 1170 2298 579
3613 2 2 1 1 1302 1930 326
3614 2 2 1 1 796 1885 1762
3615 2 2 1 1 1178 2571 586
3616 2 2 1 1 64 2488 1266
3617 2 2 1 1 1017 2198 1593
3618 2 2 1 1 1548 1801 330
3619 2 2 1 1 1163 2164 266
3620 2 2 1 1 1292 2632 790
3621 2 2 1 1 722 2716 1755
3622 2 2 1 1 347 2073 1425
3623 2 2 1 1 286 2630 1250
3624 2 2 1 1 479 2085 1298
3625 2 2 1 1 1288 2747 494
3626 2 2 1 1 1792 2014 350
3627 2 2 1 1 1551 2621 979
3628 2 2 1 1 1461 2308 1123
3629 2 2 1 1 1187 2118 649
3630 2 2 1 1 1291 1972 254
3631 2 2 1 1 1278 2519 319
3632 2 2 1 1 721 2210 2074
3633 2 2 1 1 775 2510 2022
3634 2 2 1 1 1891 2295 685
3635 2 2 1 1 1293 2458 604
3636 2 2 1 1 1875 2197 423
3637 2 2 1 1 107 2119 106
3638 2 2 1 1 563 1903 1535
3639 2 2 1 1 1025 2264 2054
3640 2 2 1 1 1561 2222 375
3641 2 2 1 1 2201 2323 382
3642 2 2 1 1 1059 2351 1445
3643 2 2 1 1 540 2184 1607
3644 2 2 1 1 1 2495 1417
3645 2 2 1 1 558 1567 1472
3646 2 2 1 1 522 2472 1390
3647 2 2 1 1 2065 2066 635
3648 2 2 1 1 1461 2474 668
3649 2 2 1 1 604 2458 1326
3650 2 2 1 1 1335 2141 268
3651 2 2 1 1 2065 2536 170
3652 2 2 1 1 1220 2518 467
3653 2 2 1 1 968 2684 1385
3654 2 2 1 1 221 1931 1706
3655 2 2 1 1 1462 2333 182
3656 2 2 1 1 720 1970 1453
3657 2 2 1 1 227 2384 2239
3658 2 2 1 1 7 2315 1880
3659 2 2 1 1 628 2620 1205
3660 2 2 1 1 1265 2286 591
3661 2 2 1 1 1262 2746 765
3662 2 2 1 1 457 2263 1260
3663 2 2 1 1 1558 2668 981
3664 2 2 1 1 113 2321 1305
3665 2 2 1 1 1138 2084 598
3666 2 2 1 1 1608 2026 209
3667 2 2 1 1 1346 2662 460
3668 2 2 1 1 1550 2009 661
3669 2 2 1 1 1906 2554 956
3670 2 2 1 1 1943 2023 269
3671 2 2 1 1 2222 2524 375
3672 2 2 1 1 1214 2166 529
3673 2 2 1 1 739 2057 1908
3674 2 2 1 1 1367 2413 206
3675 2 2 1 1 1557 2633 944
3676 2 2 1 1 1572 2533 901
3677 2 2 1 1 948 2695 2325
3678 2 2 1 1 262 2186 1389
3679 2 2 1 1 1783 1784 585
3680 2 2 1 1 223 1922 1267
3681 2 2 1 1 926 2308 1461
3682 2 2 1 1 741 2491 2227
3683 2 2 1 1 495 2280 1360
3684 2 2 1 1 1622 2588 130
3685 2 2 1 1 1937 2281 818
3686 2 2 1 1 736 2226 2038
3687 2 2 1 1 180 2115 1676
3688 2 2 1 1 574 1698 1602
3689 2 2 1 1 352 2212 2054
3690 2 2 1 1 657 2412 1317
3691 2 2 1 1 366 1953 1781
3692 2 2 1 1 2253 2329 715
3693 2 2 1 1 1315 2108 220
3694 2 2 1 1 1843 2153 666
3695 2 2 1 1 659 1739 1376
3696 2 2 1 1 796 1888 1887
3697 2 2 1 1 2227 2760 184
3698 2 2 1 1 929 2151 1950
3699 2 2 1 1 621 2278 1574
3700 2 2 1 1 49 2618 1900
3701 2 2 1 1 2059 2273 10
3702 2 2 1 1 2145 2429 289
3703 2 2 1 1 133 2403 5
3704 2 2 1 1 2265 2515 261
3705 2 2 1 1 151 2597 150
3706 2 2 1 1 335 2101 1771
3707 2 2 1 1 1180 2393 305
3708 2 2 1 1 1764 1824 751
3709 2 2 1 1 420 2357 1183
3710 2 2 1 1 736 1772 1771
3711 2 2 1 1 404 2260 1107
3712 2 2 1 1 1487 2103 313
3713 2 2 1 1 290 1933 1602
3714 2 2 1 1 1411 2663 500
3715 2 2 1 1 1801 2470 653
3716 2 2 1 1 781 2642 1339
3717 2 2 1 1 873 1801 1548
3718 2 2 1 1 1507 2641 568
3719 2 2 1 1 1425 1888 347
3720 2 2 1 1 208 1817 1553
3721 2 2 1 1 796 1887 1885
3722 2 2 1 1 1490 1514 199
3723 2 2 1 1 602 1911 1399
3724 2 2 1 1 289 2200 1370
3725 2 2 1 1 1140 2609 2396
3726 2 2 1 1 1926 2295 862
3727 2 2 1 1 817 2365 1519
3728 2 2 1 1 1326 2458 379
3729 2 2 1 1 611 2375 1795
3730 2 2 1 1 904 1884 1669
3731 2 2 1 1 1266 2154 63
3732 2 2 1 1 675 1797 1647
3733 2 2 1 1 713 1898 1690
3734 2 2 1 1 361 2675 1262
3735 2 2 1 1 1881 2712 1243
3736 2 2 1 1 230 2042 1491
3737 2 2 1 1 1758 2025 180
3738 2 2 1 1 1699 1719 615
3739 2 2 1 1 54 2318 4
3740 2 2 1 1 1489 1985 611
3741 2 2 1 1 855 2709 1425
3742 2 2 1 1 1218 2528 1729
3743 2 2 1 1 1656 2732 891
3744 2 2 1 1 1534 2624 166
3745 2 2 1 1 781 2168 1613
3746 2 2 1 1 406 2631 2124
3747 2 2 1 1 759 1726 1301
3748 2 2 1 1 198 2187 1298
3749 2 2 1 1 1298 2187 608
3750 2 2 1 1 1009 2281 1937
3751 2 2 1 1 635 2066 1615
3752 2 2 1 1 1266 2488 720
3753 2 2 1 1 1058 2702 1916
3754 2 2 1 1 1890 2355 1198
3755 2 2 1 1 56 2322 55
3756 2 2 1 1 1790 1893 886
3757 2 2 1 1 1833 2210 721
3758 2 2 1 1 1983 2397 906
3759 2 2 1 1 1791 1824 607
3760 2 2 1 1 1041 2216 1732
3761 2 2 1 1 672 2094 1912
3762 2 2 1 1 1260 2580 457
3763 2 2 1 1 1749 2304 804
3764 2 2 1 1 717 2459 1808
3765 2 2 1 1 761 2025 1758
3766 2 2 1 1 309 2037 2036
3767 2 2 1 1 132 1924 133
3768 2 2 1 1 1170 2535 2298
3769 2 2 1 1 2018 2671 1099
3770 2 2 1 1 892 2615 1302
3771 2 2 1 1 302 2337 1985
3772 2 2 1 1 1908 2057 853
3773 2 2 1 1 313 1818 1487
3774 2 2 1 1 299 2363 1484
3775 2 2 1 1 724 2228 1347
3776 2 2 1 1 1641 2043 292
3777 2 2 1 1 670 2145 1859
3778 2 2 1 1 801 1822 1672
3779 2 2 1 1 2103 2729 1435
3780 2 2 1 1 1463 2440 557
3781 2 2 1 1 635 1594 1420
3782 2 2 1 1 31 2159 1869
3783 2 2 1 1 2111 2610 783
3784 2 2 1 1 1554 2728 908
3785 2 2 1 1 324 2106 1603
3786 2 2 1 1 894 2588 1622
3787 2 2 1 1 1336 1873 704
3788 2 2 1 1 232 2499 1892
3789 2 2 1 1 1997 2432 904
3790 2 2 1 1 555 2140 1579
3791 2 2 1 1 1465 2597 151
3792 2 2 1 1 1511 1804 691
3793 2 2 1 1 903 2690 1358
3794 2 2 1 1 1657 2196 741
3795 2 2 1 1 843 2014 1792
3796 2 2 1 1 808 2142 1730
3797 2 2 1 1 2112 2156 980
3798 2 2 1 1 165 1894 1847
3799 2 2 1 1 1499 1862 989
3800 2 2 1 1 631 2539 1497
3801 2 2 1 1 980 2156 2033
3802 2 2 1 1 1246 2059 11
3803 2 2 1 1 1334 2517 282
3804 2 2 1 1 1260 2263 672
3805 2 2 1 1 530 2160 1626
3806 2 2 1 1 1624 2012 645
3807 2 2 1 1 5 2403 1300
3808 2 2 1 1 456 2741 1382
3809 2 2 1 1 553 2217 1517
3810 2 2 1 1 1019 2043 1641
3811 2 2 1 1 189 1810 1515
3812 2 2 1 1 1613 2168 411
3813 2 2 1 1 1171 2676 866
3814 2 2 1 1 114 2321 113
3815 2 2 1 1 1555 2160 530
3816 2 2 1 1 163 2279 162
3817 2 2 1 1 1517 2217 355
3818 2 2 1 1 1731 1994 231
3819 2 2 1 1 1547 1973 284
3820 2 2 1 1 2216 2395 586
3821 2 2 1 1 914 2267 1708
3822 2 2 1 1 1730 2142 945
3823 2 2 1 1 674 1788 1647
3824 2 2 1 1 118 2405 2147
3825 2 2 1 1 1013 2708 2324
3826 2 2 1 1 1887 1888 797
3827 2 2 1 1 2033 2292 764
3828 2 2 1 1 1260 2287 295
3829 2 2 1 1 847 2197 1875
3830 2 2 1 1 696 2320 1542
3831 2 2 1 1 1425 2073 855
3832 2 2 1 1 562 1584 1583
3833 2 2 1 1 1576 1804 686
3834 2 2 1 1 398 2633 1557
3835 2 2 1 1 315 2207 1581
3836 2 2 1 1 40 1802 41
3837 2 2 1 1 896 2524 1955
3838 2 2 1 1 1591 1915 260
3839 2 2 1 1 1407 2713 20
3840 2 2 1 1 630 2155 1424
3841 2 2 1 1 1897 2761 682
3842 2 2 1 1 1902 2123 991
3843 2 2 1 1 1653 2159 32
3844 2 2 1 1 2114 2530 676
3845 2 2 1 1 1638 2624 564
3846 2 2 1 1 340 2254 2016
3847 2 2 1 1 720 1986 1970
3848 2 2 1 1 748 2194 2037
3849 2 2 1 1 1992 2109 879
3850 2 2 1 1 2404 2632 171
3851 2 2 1 1 1457 2395 276
3852 2 2 1 1 782 2282 1475
3853 2 2 1 1 1473 2385 319
3854 2 2 1 1 1884 2020 766
3855 2 2 1 1 1374 2681 658
3856 2 2 1 1 1583 2449 307
3857 2 2 1 1 1382 2741 905
3858 2 2 1 1 1892 2610 1573
3859 2 2 1 1 224 2369 1543
3860 2 2 1 1 1511 1712 322
3861 2 2 1 1 913 2254 1716
3862 2 2 1 1 643 2358 1274
3863 2 2 1 1 1314 2340 334
3864 2 2 1 1 811 1979 1886
3865 2 2 1 1 1305 2321 806
3866 2 2 1 1 1420 2536 635
3867 2 2 1 1 446 2746 1262
3868 2 2 1 1 2104 2291 936
3869 2 2 1 1 1885 1887 332
3870 2 2 1 1 1225 2620 628
3871 2 2 1 1 1504 1940 674
3872 2 2 1 1 260 2676 1591
3873 2 2 1 1 23 2603 1486
3874 2 2 1 1 206 2413 1308
3875 2 2 1 1 423 2102 1935
3876 2 2 1 1 197 2553 1670
3877 2 2 1 1 887 1984 1681
3878 2 2 1 1 395 2671 2018
3879 2 2 1 1 743 2388 1855
3880 2 2 1 1 29 2271 28
3881 2 2 1 1 1886 1979 712
3882 2 2 1 1 1840 2417 791
3883 2 2 1 1 1806 2653 700
3884 2 2 1 1 1763 2297 253
3885 2 2 1 1 1040 2108 1315
3886 2 2 1 1 692 2034 1450
3887 2 2 1 1 730 2303 2235
3888 2 2 1 1 1211 2346 1522
3889 2 2 1 1 1670 2249 197
3890 2 2 1 1 201 1824 1764
3891 2 2 1 1 557 2010 1662
3892 2 2 1 1 1409 2669 774
3893 2 2 1 1 1794 1955 839
3894 2 2 1 1 1523 2442 380
3895 2 2 1 1 352 2054 1512
3896 2 2 1 1 2050 2670 310
3897 2 2 1 1 838 2144 1733
3898 2 2 1 1 1849 1960 377
3899 2 2 1 1 1491 2042 624
3900 2 2 1 1 506 1595 1494
3901 2 2 1 1 2423 2595 236
3902 2 2 1 1 328 2100 1752
3903 2 2 1 1 665 2270 1713
3904 2 2 1 1 1436 1990 706
3905 2 2 1 1 540 2009 1550
3906 2 2 1 1 2462 2607 694
3907 2 2 1 1 878 2704 1416
3908 2 2 1 1 1332 2596 506
3909 2 2 1 1 2132 2688 242
3910 2 2 1 1 837 1971 1946
3911 2 2 1 1 883 2333 1462
3912 2 2 1 1 1420 1694 545
3913 2 2 1 1 689 2313 1704
3914 2 2 1 1 1632 2663 767
3915 2 2 1 1 898 2350 1947
3916 2 2 1 1 1281 1969 279
3917 2 2 1 1 1341 2565 477
3918 2 2 1 1 1209 2623 521
3919 2 2 1 1 713 1690 1643
3920 2 2 1 1 1663 1932 756
3921 2 2 1 1 697 2748 1780
3922 2 2 1 1 1042 2353 1349
3923 2 2 1 1 1741 2155 630
3924 2 2 1 1 1262 2675 786
3925 2 2 1 1 1064 2300 1614
3926 2 2 1 1 1643 1690 622
3927 2 2 1 1 1634 2348 228
3928 2 2 1 1 226 2285 1398
3929 2 2 1 1 1259 2044 448
3930 2 2 1 1 364 1955 1794
3931 2 2 1 1 1397 2501 740
3932 2 2 1 1 1603 2201 801
3933 2 2 1 1 10 2273 9
3934 2 2 1 1 625 2256 1413
3935 2 2 1 1 1704 1803 689
3936 2 2 1 1 1424 2542 366
3937 2 2 1 1 117 2405 118
3938 2 2 1 1 353 2666 1768
3939 2 2 1 1 795 2693 1331
3940 2 2 1 1 32 2159 31
3941 2 2 1 1 899 2272 1577
3942 2 2 1 1 1907 2717 371
3943 2 2 1 1 156 2732 1656
3944 2 2 1 1 492 2084 1633
3945 2 2 1 1 1518 1968 749
3946 2 2 1 1 354 2699 1756
3947 2 2 1 1 1787 1788 674
3948 2 2 1 1 703 2277 1540
3949 2 2 1 1 287 2075 1357
3950 2 2 1 1 1448 2440 638
3951 2 2 1 1 541 2289 1387
3952 2 2 1 1 466 2541 1357
3953 2 2 1 1 805 2456 1935
3954 2 2 1 1 701 2596 1332
3955 2 2 1 1 1799 2327 1197
3956 2 2 1 1 130 2588 131
3957 2 2 1 1 1013 2324 2014
3958 2 2 1 1 1805 2694 177
3959 2 2 1 1 1161 2325 2149
3960 2 2 1 1 765 2746 1304
3961 2 2 1 1 2428 2611 1054
3962 2 2 1 1 120 2339 121
3963 2 2 1 1 1327 2720 583
3964 2 2 1 1 1756 2699 826
3965 2 2 1 1 2069 2313 321
3966 2 2 1 1 1666 2092 934
3967 2 2 1 1 2014 2309 1013
3968 2 2 1 1 1028 2760 2227
3969 2 2 1 1 1854 2482 763
3970 2 2 1 1 2089 2444 851
3971 2 2 1 1 1688 2338 617
3972 2 2 1 1 1827 1909 785
3973 2 2 1 1 1860 1964 809
3974 2 2 1 1 769 2366 2261
3975 2 2 1 1 1130 2595 2423
3976 2 2 1 1 46 2668 47
3977 2 2 1 1 106 2119 1488
3978 2 2 1 1 1584 2448 386
3979 2 2 1 1 1333 2098 645
3980 2 2 1 1 1662 2010 905
3981 2 2 1 1 173 1798 1605
3982 2 2 1 1 1906 2317 320
3983 2 2 1 1 484 2231 1438
3984 2 2 1 1 388 2561 1705
3985 2 2 1 1 588 2207 1459
3986 2 2 1 1 1633 2084 1138
3987 2 2 1 1 186 2758 1762
3988 2 2 1 1 1663 2487 548
3989 2 2 1 1 2045 2567 599
3990 2 2 1 1 1909 2721 785
3991 2 2 1 1 2088 2423 697
3992 2 2 1 1 558 2218 1567
3993 2 2 1 1 384 1803 1704
3994 2 2 1 1 645 2098 1624
3995 2 2 1 1 1386 2646 1926
3996 2 2 1 1 721 2687 1833
3997 2 2 1 1 91 2007 90
3998 2 2 1 1 851 2444 1849
3999 2 2 1 1 873 2470 1801
4000 2 2 1 1 788 2294 1641
4001 2 2 1 1 2196 2463 741
4002 2 2 1 1 1864 2643 332
4003 2 2 1 1 1383 2753 327
4004 2 2 1 1 1495 2553 197
4005 2 2 1 1 400 2681 1374
4006 2 2 1 1 749 2205 1660
4007 2 2 1 1 1475 2282 306
4008 2 2 1 1 1512 2054 600
4009 2 2 1 1 1668 2378 1407
4010 2 2 1 1 676 2530 1875
4011 2 2 1 1 859 2522 1453
4012 2 2 1 1 1331 2143 795
4013 2 2 1 1 857 2090 1947
4014 2 2 1 1 779 2568 1751
4015 2 2 1 1 648 2097 1836
4016 2 2 1 1 48 2618 49
4017 2 2 1 1 2038 2226 854
4018 2 2 1 1 269 2023 1421
4019 2 2 1 1 121 1872 122
4020 2 2 1 1 672 2287 1260
4021 2 2 1 1 355 2130 1517
4022 2 2 1 1 1885 1886 712
4023 2 2 1 1 593 2237 1471
4024 2 2 1 1 1646 2463 1456
4025 2 2 1 1 1556 2058 585
4026 2 2 1 1 1762 1885 712
4027 2 2 1 1 563 2023 1330
4028 2 2 1 1 201 1804 1576
4029 2 2 1 1 856 2273 2059
4030 2 2 1 1 33 2521 1653
4031 2 2 1 1 617 2517 1334
4032 2 2 1 1 693 2229 1446
4033 2 2 1 1 869 2392 1353
4034 2 2 1 1 19 2713 1606
4035 2 2 1 1 329 2137 1444
4036 2 2 1 1 762 2751 1403
4037 2 2 1 1 1852 2048 650
4038 2 2 1 1 1362 2366 433
4039 2 2 1 1 210 2730 1371
4040 2 2 1 1 1750 1820 766
4041 2 2 1 1 625 2650 1910
4042 2 2 1 1 744 1967 1704
4043 2 2 1 1 1286 2635 418
4044 2 2 1 1 357 2098 1333
4045 2 2 1 1 639 2559 2296
4046 2 2 1 1 692 2409 1470
4047 2 2 1 1 1059 2474 2351
4048 2 2 1 1 287 2253 1564
4049 2 2 1 1 2072 2687 721
4050 2 2 1 1 588 2673 1797
4051 2 2 1 1 632 2542 1424
4052 2 2 1 1 380 2442 2219
4053 2 2 1 1 110 2152 109
4054 2 2 1 1 11 2059 10
4055 2 2 1 1 1324 2239 1192
4056 2 2 1 1 603 2616 1625
4057 2 2 1 1 1430 2084 492
4058 2 2 1 1 1456 2111 691
4059 2 2 1 1 793 2597 1465
4060 2 2 1 1 925 2504 1492
4061 2 2 1 1 1496 2271 755
4062 2 2 1 1 1593 2198 677
4063 2 2 1 1 285 1852 1830
4064 2 2 1 1 284 2648 1272
4065 2 2 1 1 1470 2409 281
4066 2 2 1 1 1553 1817 574
4067 2 2 1 1 2166 2453 529
4068 2 2 1 1 1647 1788 675
4069 2 2 1 1 1114 2632 2404
4070 2 2 1 1 2278 2647 1574
4071 2 2 1 1 1300 2403 869
4072 2 2 1 1 1538 2373 763
4073 2 2 1 1 1182 2563 2266
4074 2 2 1 1 785 2027 1827
4075 2 2 1 1 1412 2532 481
4076 2 2 1 1 1807 1942 940
4077 2 2 1 1 245 1909 1827
4078 2 2 1 1 828 2019 2013
4079 2 2 1 1 375 2524 1954
4080 2 2 1 1 85 2293 84
4081 2 2 1 1 215 1965 1693
4082 2 2 1 1 293 2061 1682
4083 2 2 1 1 702 2479 1789
4084 2 2 1 1 274 2396 1337
4085 2 2 1 1 1641 2527 788
4086 2 2 1 1 34 2521 33
4087 2 2 1 1 1542 2320 487
4088 2 2 1 1 1011 2415 2401
4089 2 2 1 1 222 2295 1926
4090 2 2 1 1 1969 2616 603
4091 2 2 1 1 1901 2370 1193
4092 2 2 1 1 1417 2495 893
4093 2 2 1 1 2045 2545 930
4094 2 2 1 1 1562 1809 566
4095 2 2 1 1 13 2247 12
4096 2 2 1 1 205 1990 1436
4097 2 2 1 1 401 2057 1860
4098 2 2 1 1 599 2364 2163
4099 2 2 1 1 727 2239 1324
4100 2 2 1 1 1254 2733 282
4101 2 2 1 1 1505 2551 1172
4102 2 2 1 1 2435 2456 805
4103 2 2 1 1 1629 1990 205
4104 2 2 1 1 1818 2547 963
4105 2 2 1 1 636 2005 1565
4106 2 2 1 1 812 2481 1677
4107 2 2 1 1 736 2038 1772
4108 2 2 1 1 1634 2089 851
4109 2 2 1 1 1819 2617 481
4110 2 2 1 1 196 2697 1537
4111 2 2 1 1 1699 2509 311
4112 2 2 1 1 2202 2251 940
4113 2 2 1 1 1001 2258 2089
4114 2 2 1 1 119 2147 1597
4115 2 2 1 1 284 1973 1369
4116 2 2 1 1 1393 2501 471
4117 2 2 1 1 1621 2586 234
4118 2 2 1 1 231 1904 1655
4119 2 2 1 1 1907 2223 918
4120 2 2 1 1 1659 2629 863
4121 2 2 1 1 1449 2484 786
4122 2 2 1 1 402 2725 1947
4123 2 2 1 1 1606 2713 1005
4124 2 2 1 1 396 1820 1750
4125 2 2 1 1 2168 2398 1116
4126 2 2 1 1 561 1841 1700
4127 2 2 1 1 2351 2474 403
4128 2 2 1 1 862 2295 1891
4129 2 2 1 1 599 2567 2031
4130 2 2 1 1 864 2578 1440
4131 2 2 1 1 817 1992 1920
4132 2 2 1 1 1906 2705 1135
4133 2 2 1 1 1753 2663 1411
4134 2 2 1 1 1519 2365 378
4135 2 2 1 1 55 2322 1431
4136 2 2 1 1 1406 2318 920
4137 2 2 1 1 516 2312 1495
4138 2 2 1 1 1572 2544 1137
4139 2 2 1 1 1497 2301 631
4140 2 2 1 1 1946 1971 360
4141 2 2 1 1 942 2039 1667
4142 2 2 1 1 1983 2269 792
4143 2 2 1 1 162 2279 1616
4144 2 2 1 1 491 2522 2492
4145 2 2 1 1 370 1968 1518
4146 2 2 1 1 2016 2254 913
4147 2 2 1 1 1729 2528 559
4148 2 2 1 1 304 2513 1631
4149 2 2 1 1 1135 2432 1997
4150 2 2 1 1 1543 2305 224
4151 2 2 1 1 1510 2468 551
4152 2 2 1 1 912 1882 1627
4153 2 2 1 1 1760 2479 702
4154 2 2 1 1 1845 2152 110
4155 2 2 1 1 417 2327 1799
4156 2 2 1 1 1725 2419 640
4157 2 2 1 1 2240 2754 1136
4158 2 2 1 1 1740 2002 344
4159 2 2 1 1 1380 1952 305
4160 2 2 1 1 1732 2571 17
4161 2 2 1 1 1329 2491 316
4162 2 2 1 1 643 2050 1571
4163 2 2 1 1 1820 2581 2245
4164 2 2 1 1 1549 2710 187
4165 2 2 1 1 551 2461 1297
4166 2 2 1 1 1604 2121 693
4167 2 2 1 1 906 2269 1983
4168 2 2 1 1 1353 2558 525
4169 2 2 1 1 1741 2006 294
4170 2 2 1 1 1564 2253 715
4171 2 2 1 1 645 2200 1333
4172 2 2 1 1 1669 1884 426
4173 2 2 1 1 1497 2539 772
4174 2 2 1 1 1635 2329 496
4175 2 2 1 1 562 2448 1584
4176 2 2 1 1 1843 2194 334
4177 2 2 1 1 1054 2611 2123
4178 2 2 1 1 1947 2725 898
4179 2 2 1 1 802 2512 2063
4180 2 2 1 1 843 2309 2014
4181 2 2 1 1 1709 1784 771
4182 2 2 1 1 1680 2452 719
4183 2 2 1 1 837 1946 1945
4184 2 2 1 1 406 2691 2099
4185 2 2 1 1 1086 2395 2216
4186 2 2 1 1 1957 2127 235
4187 2 2 1 1 1517 2130 682
4188 2 2 1 1 2030 2073 772
4189 2 2 1 1 573 2026 1608
4190 2 2 1 1 855 2073 2030
4191 2 2 1 1 1682 1826 293
4192 2 2 1 1 885 2127 1957
4193 2 2 1 1 1690 1898 310
4194 2 2 1 1 254 1972 1377
4195 2 2 1 1 1431 2322 695
4196 2 2 1 1 867 1852 1821
4197 2 2 1 1 748 2658 2194
4198 2 2 1 1 1677 2481 314
4199 2 2 1 1 1081 2662 1381
4200 2 2 1 1 1449 2675 361
4201 2 2 1 1 1543 2369 694
4202 2 2 1 1 1536 2747 860
4203 2 2 1 1 1441 2180 596
4204 2 2 1 1 166 2123 1902
4205 2 2 1 1 377 2070 1849
4206 2 2 1 1 799 2622 1547
4207 2 2 1 1 2149 2325 181
4208 2 2 1 1 69 2118 68
4209 2 2 1 1 332 1886 1885
4210 2 2 1 1 1336 2209 237
4211 2 2 1 1 1660 2205 601
4212 2 2 1 1 2594 2750 993
4213 2 2 1 1 1358 2457 359
4214 2 2 1 1 678 2449 1583
4215 2 2 1 1 1097 2189 1734
4216 2 2 1 1 1357 2540 287
4217 2 2 1 1 1350 2221 659
4218 2 2 1 1 1869 2159 919
4219 2 2 1 1 599 2031 2021
4220 2 2 1 1 1683 2611 445
4221 2 2 1 1 437 2526 1394
4222 2 2 1 1 291 2720 1327
4223 2 2 1 1 300 2420 1877
4224 2 2 1 1 1732 2216 586
4225 2 2 1 1 308 2092 1666
4226 2 2 1 1 2283 2513 304
4227 2 2 1 1 175 2012 1624
4228 2 2 1 1 1709 2404 171
4229 2 2 1 1 1745 2730 210
4230 2 2 1 1 1392 2253 287
4231 2 2 1 1 506 2411 1445
4232 2 2 1 1 1821 1852 285
4233 2 2 1 1 2308 2459 1123
4234 2 2 1 1 656 2120 1776
4235 2 2 1 1 277 2490 1452
4236 2 2 1 1 1959 1961 377
4237 2 2 1 1 1430 2420 300
4238 2 2 1 1 333 2427 1502
4239 2 2 1 1 453 2564 1310
4240 2 2 1 1 316 2491 1646
4241 2 2 1 1 1187 2672 1695
4242 2 2 1 1 65 2488 64
4243 2 2 1 1 673 2514 1923
4244 2 2 1 1 1381 2662 1346
4245 2 2 1 1 660 2150 1293
4246 2 2 1 1 364 2047 1955
4247 2 2 1 1 1438 2441 484
4248 2 2 1 1 1860 2057 739
4249 2 2 1 1 2013 2019 827
4250 2 2 1 1 2273 2535 1170
4251 2 2 1 1 691 2111 1712
4252 2 2 1 1 734 1699 1675
4253 2 2 1 1 1627 1882 595
4254 2 2 1 1 882 2496 1526
4255 2 2 1 1 1771 2107 335
4256 2 2 1 1 732 2631 1523
4257 2 2 1 1 1714 2515 830
4258 2 2 1 1 988 2710 1549
4259 2 2 1 1 545 2475 1589
4260 2 2 1 1 72 2621 71
4261 2 2 1 1 1693 1965 789
4262 2 2 1 1 547 2589 2122
4263 2 2 1 1 1582 2188 588
4264 2 2 1 1 2044 2685 1103
4265 2 2 1 1 1142 1826 1682
4266 2 2 1 1 850 1966 1831
4267 2 2 1 1 1001 2089 1634
4268 2 2 1 1 2082 2402 450
4269 2 2 1 1 236 2595 1426
4270 2 2 1 1 1515 1810 669
4271 2 2 1 1 1297 2579 265
4272 2 2 1 1 1892 2499 783
4273 2 2 1 1 815 2565 1696
4274 2 2 1 1 217 2459 2308
4275 2 2 1 1 1573 2196 745
4276 2 2 1 1 1440 2338 193
4277 2 2 1 1 2492 2522 1157
4278 2 2 1 1 1035 2066 2065
4279 2 2 1 1 596 2180 1485
4280 2 2 1 1 1032 2761 1897
4281 2 2 1 1 609 2055 1691
4282 2 2 1 1 896 2299 2276
4283 2 2 1 1 1520 2312 516
4284 2 2 1 1 760 2156 2112
4285 2 2 1 1 877 2244 1894
4286 2 2 1 1 1739 2283 304
4287 2 2 1 1 111 2707 1845
4288 2 2 1 1 1547 2622 567
4289 2 2 1 1 1615 2066 398
4290 2 2 1 1 1920 2177 845
4291 2 2 1 1 347 2382 2073
4292 2 2 1 1 877 2454 2244
4293 2 2 1 1 2070 2348 851
4294 2 2 1 1 627 2667 1599
4295 2 2 1 1 1486 2603 562
4296 2 2 1 1 1781 2079 630
4297 2 2 1 1 1396 2638 173
4298 2 2 1 1 1579 2140 696
4299 2 2 1 1 1357 2075 610
4300 2 2 1 1 625 1910 1434
4301 2 2 1 1 782 2639 2569
4302 2 2 1 1 704 2209 1336
4303 2 2 1 1 670 1893 1790
4304 2 2 1 1 650 2685 1830
4305 2 2 1 1 802 2754 2240
4306 2 2 1 1 917 2203 1970
4307 2 2 1 1 1758 2719 594
4308 2 2 1 1 20 2713 19
4309 2 2 1 1 1331 2693 453
4310 2 2 1 1 1774 2744 1063
4311 2 2 1 1 1979 2183 712
4312 2 2 1 1 1849 2070 851
4313 2 2 1 1 2032 2621 72
4314 2 2 1 1 150 2597 1664
4315 2 2 1 1 1711 2046 623
4316 2 2 1 1 1549 2352 988
4317 2 2 1 1 1813 2026 573
4318 2 2 1 1 1836 2097 818
4319 2 2 1 1 1877 2420 813
4320 2 2 1 1 1659 2640 219
4321 2 2 1 1 2206 2349 765
4322 2 2 1 1 1673 2500 373
4323 2 2 1 1 1765 2441 663
4324 2 2 1 1 989 2448 1506
4325 2 2 1 1 2266 2563 696
4326 2 2 1 1 763 2290 1538
4327 2 2 1 1 285 2731 1247
4328 2 2 1 1 1304 2600 765
4329 2 2 1 1 1498 2528 669
4330 2 2 1 1 1800 2689 874
4331 2 2 1 1 148 2311 1501
4332 2 2 1 1 998 2349 2206
4333 2 2 1 1 1661 2047 364
4334 2 2 1 1 2042 2575 624
4335 2 2 1 1 1794 2115 865
4336 2 2 1 1 1407 2378 505
4337 2 2 1 1 793 2421 1664
4338 2 2 1 1 94 2504 93
4339 2 2 1 1 224 2508 1592
4340 2 2 1 1 1535 1982 563
4341 2 2 1 1 628 2153 1843
4342 2 2 1 1 1820 2550 766
4343 2 2 1 1 583 2083 1735
4344 2 2 1 1 1855 2764 369
4345 2 2 1 1 1955 2047 896
4346 2 2 1 1 777 2026 1813
4347 2 2 1 1 332 2437 1886
4348 2 2 1 1 143 2600 142
4349 2 2 1 1 1716 2024 211
4350 2 2 1 1 1645 2689 254
4351 2 2 1 1 2099 2691 1034
4352 2 2 1 1 172 2143 1331
4353 2 2 1 1 974 2725 2674
4354 2 2 1 1 1614 2300 695
4355 2 2 1 1 2352 2356 988
4356 2 2 1 1 868 2763 1437
4357 2 2 1 1 845 1960 1849
4358 2 2 1 1 1896 2427 333
4359 2 2 1 1 28 2271 1496
4360 2 2 1 1 207 1788 1787
4361 2 2 1 1 1333 2429 670
4362 2 2 1 1 1609 2695 543
4363 2 2 1 1 2147 2405 1079
4364 2 2 1 1 2190 2758 186
4365 2 2 1 1 2036 2037 666
4366 2 2 1 1 786 2675 1449
4367 2 2 1 1 1555 2078 419
4368 2 2 1 1 1830 2731 285
4369 2 2 1 1 676 2071 1961
4370 2 2 1 1 121 2339 1872
4371 2 2 1 1 377 1960 1959
4372 2 2 1 1 613 2208 1863
4373 2 2 1 1 292 2043 1735
4374 2 2 1 1 700 2107 1771
4375 2 2 1 1 730 2235 1951
4376 2 2 1 1 1923 1957 235
4377 2 2 1 1 1923 2584 673
4378 2 2 1 1 135 2192 134
4379 2 2 1 1 391 2356 2352
4380 2 2 1 1 1663 2425 272
4381 2 2 1 1 559 2528 1498
4382 2 2 1 1 1918 1994 951
4383 2 2 1 1 1437 2763 256
4384 2 2 1 1 1587 2101 673
4385 2 2 1 1 1976 2243 737
4386 2 2 1 1 1701 2106 324
4387 2 2 1 1 2292 2397 764
4388 2 2 1 1 629 2551 1769
4389 2 2 1 1 2100 2335 728
4390 2 2 1 1 1661 2110 885
4391 2 2 1 1 1523 2631 907
4392 2 2 1 1 266 2164 1351
4393 2 2 1 1 1839 2024 1000
4394 2 2 1 1 2172 2219 794
4395 2 2 1 1 526 2744 1354
4396 2 2 1 1 772 2539 2030
4397 2 2 1 1 1413 2256 357
4398 2 2 1 1 231 1994 1918
4399 2 2 1 1 233 2301 1497
4400 2 2 1 1 219 2640 1772
4401 2 2 1 1 1781 1953 667
4402 2 2 1 1 1857 2192 135
4403 2 2 1 1 307 2449 1503
4404 2 2 1 1 327 2414 1574
4405 2 2 1 1 2089 2258 378
4406 2 2 1 1 1755 2129 722
4407 2 2 1 1 1471 2237 213
4408 2 2 1 1 1402 2765 849
4409 2 2 1 1 175 2281 2012
4410 2 2 1 1 1830 1852 650
4411 2 2 1 1 839 2115 1794
4412 2 2 1 1 1652 2651 883
4413 2 2 1 1 1669 2660 904
4414 2 2 1 1 1093 2683 1989
4415 2 2 1 1 2132 2476 974
4416 2 2 1 1 1863 2208 832
4417 2 2 1 1 1780 2088 697
4418 2 2 1 1 808 2323 2035
4419 2 2 1 1 1920 1992 183
4420 2 2 1 1 1437 2280 495
4421 2 2 1 1 1390 2370 644
4422 2 2 1 1 870 2543 1846
4423 2 2 1 1 183 2177 1920
4424 2 2 1 1 566 2416 1562
4425 2 2 1 1 281 2370 1390
4426 2 2 1 1 746 2334 1486
4427 2 2 1 1 276 2364 2021
4428 2 2 1 1 201 2170 1824
4429 2 2 1 1 932 2376 1850
4430 2 2 1 1 469 2439 2019
4431 2 2 1 1 1788 2003 675
4432 2 2 1 1 2198 2718 677
4433 2 2 1 1 1464 2531 330
4434 2 2 1 1 1182 2537 1563
4435 2 2 1 1 621 2024 1716
4436 2 2 1 1 598 2084 1430
4437 2 2 1 1 2205 2413 601
4438 2 2 1 1 1855 2388 985
4439 2 2 1 1 1622 1981 698
4440 2 2 1 1 22 2334 1668
4441 2 2 1 1 1201 2336 1876
4442 2 2 1 1 112 2707 111
4443 2 2 1 1 936 2480 2104
4444 2 2 1 1 1987 2539 631
4445 2 2 1 1 2223 2549 918
4446 2 2 1 1 785 2721 2178
4447 2 2 1 1 494 2747 1536
4448 2 2 1 1 134 2062 2
4449 2 2 1 1 1159 2718 1563
4450 2 2 1 1 662 2004 1965
4451 2 2 1 1 1964 1967 809
4452 2 2 1 1 1452 2575 552
4453 2 2 1 1 1751 2568 193
4454 2 2 1 1 166 2381 1534
4455 2 2 1 1 1646 2491 741
4456 2 2 1 1 1422 2613 532
4457 2 2 1 1 825 2138 1987
4458 2 2 1 1 109 2152 2011
4459 2 2 1 1 1821 1917 867
4460 2 2 1 1 1492 2504 94
4461 2 2 1 1 623 2078 1555
4462 2 2 1 1 1650 2380 570
4463 2 2 1 1 699 2106 1701
4464 2 2 1 1 1574 2414 621
4465 2 2 1 1 1538 2290 179
4466 2 2 1 1 2130 2394 682
4467 2 2 1 1 2012 2281 1009
4468 2 2 1 1 849 2765 1554
4469 2 2 1 1 2002 2326 1047
4470 2 2 1 1 817 2109 1992
4471 2 2 1 1 577 2238 1714
4472 2 2 1 1 1655 1904 1092
4473 2 2 1 1 1525 2378 746
4474 2 2 1 1 684 2002 1740
4475 2 2 1 1 1530 2652 745
4476 2 2 1 1 1649 2313 689
4477 2 2 1 1 1494 2411 506
4478 2 2 1 1 2123 2304 1054
4479 2 2 1 1 1491 2644 230
4480 2 2 1 1 1489 2443 302
4481 2 2 1 1 1037 2550 1820
4482 2 2 1 1 426 2608 1669
4483 2 2 1 1 2033 2156 212
4484 2 2 1 1 1033 2302 2052
4485 2 2 1 1 1103 2737 2044
4486 2 2 1 1 780 2047 1661
4487 2 2 1 1 1935 2102 805
4488 2 2 1 1 709 2648 1369
4489 2 2 1 1 2569 2639 1036
4490 2 2 1 1 1945 1946 641
4491 2 2 1 1 745 2196 1657
4492 2 2 1 1 648 2591 1590
4493 2 2 1 1 1681 2738 1048
4494 2 2 1 1 1625 2616 844
4495 2 2 1 1 1947 2090 402
4496 2 2 1 1 1701 2146 699
4497 2 2 1 1 2107 2182 335
4498 2 2 1 1 1534 2381 848
4499 2 2 1 1 1812 2202 940
4500 2 2 1 1 165 2460 1894
4501 2 2 1 1 211 2024 1839
4502 2 2 1 1 142 2600 1304
4503 2 2 1 1 645 2012 1878
4504 2 2 1 1 1950 2151 661
4505 2 2 1 1 972 2402 2082
4506 2 2 1 1 1668 2334 746
4507 2 2 1 1 1965 2004 789
4508 2 2 1 1 1563 2718 368
4509 2 2 1 1 379 2458 2150
4510 2 2 1 1 1772 2038 219
4511 2 2 1 1 254 2689 1800
4512 2 2 1 1 1961 2071 377
4513 2 2 1 1 684 2326 2002
4514 2 2 1 1 1502 2427 1007
4515 2 2 1 1 1895 2548 754
4516 2 2 1 1 1598 2729 861
4517 2 2 1 1 419 2160 1555
4518 2 2 1 1 711 1994 1731
4519 2 2 1 1 1866 2545 218
4520 2 2 1 1 818 2281 1836
4521 2 2 1 1 374 2452 1680
4522 2 2 1 1 896 2276 1954
4523 2 2 1 1 149 2311 148
4524 2 2 1 1 725 2114 1961
4525 2 2 1 1 1669 2608 973
4526 2 2 1 1 332 2643 2437
4527 2 2 1 1 1705 2561 647
4528 2 2 1 1 1316 2457 642
4529 2 2 1 1 1575 2379 227
4530 2 2 1 1 364 2110 1661
4531 2 2 1 1 1850 2376 903
4532 2 2 1 1 203 2503 1466
4533 2 2 1 1 384 1967 1964
4534 2 2 1 1 18 2767 17
4535 2 2 1 1 377 2071 2070
4536 2 2 1 1 2066 2633 398
4537 2 2 1 1 1868 2578 864
4538 2 2 1 1 2053 2283 659
4539 2 2 1 1 746 2378 1668
4540 2 2 1 1 323 2226 1587
4541 2 2 1 1 1018 2314 1834
4542 2 2 1 1 1035 2633 2066
4543 2 2 1 1 1492 2451 664
4544 2 2 1 1 207 2003 1788
4545 2 2 1 1 707 2067 1676
4546 2 2 1 1 184 2760 2035
4547 2 2 1 1 667 2079 1781
4548 2 2 1 1 1676 2222 707
4549 2 2 1 1 1585 2416 566
4550 2 2 1 1 129 1981 1622
4551 2 2 1 1 857 2285 2090
4552 2 2 1 1 4 2318 1406
4553 2 2 1 1 993 2355 1890
4554 2 2 1 1 714 2455 1692
4555 2 2 1 1 1884 2550 426
4556 2 2 1 1 659 2283 1739
4557 2 2 1 1 2107 2653 754
4558 2 2 1 1 1676 2067 180
4559 2 2 1 1 1894 2244 803
4560 2 2 1 1 314 2431 1677
4561 2 2 1 1 686 1804 1511
4562 2 2 1 1 1954 2276 800
4563 2 2 1 1 695 2386 1431
4564 2 2 1 1 229 2555 1871
4565 2 2 1 1 397 2433 2027
4566 2 2 1 1 1836 2281 175
4567 2 2 1 1 1956 2503 882
4568 2 2 1 1 578 2015 1962
4569 2 2 1 1 1999 2587 908
4570 2 2 1 1 1626 2160 1010
4571 2 2 1 1 390 2567 2436
4572 2 2 1 1 366 2542 2494
4573 2 2 1 1 753 2083 1578
4574 2 2 1 1 1905 2153 628
4575 2 2 1 1 371 2223 1907
4576 2 2 1 1 792 2235 1983
4577 2 2 1 1 292 2527 1641
4578 2 2 1 1 2312 2553 1495
4579 2 2 1 1 1541 2510 498
4580 2 2 1 1 707 2383 2067
4581 2 2 1 1 500 2663 1632
4582 2 2 1 1 682 2394 1897
4583 2 2 1 1 2199 2664 234
4584 2 2 1 1 908 2728 1999
4585 2 2 1 1 1912 2094 202
4586 2 2 1 1 1974 2529 430
4587 2 2 1 1 1838 2399 1035
4588 2 2 1 1 1976 2134 178
4589 2 2 1 1 620 2331 1715
4590 2 2 1 1 597 2685 2044
4591 2 2 1 1 1953 1959 667
4592 2 2 1 1 396 2647 2278
4593 2 2 1 1 1618 2353 519
4594 2 2 1 1 630 2079 1686
4595 2 2 1 1 176 2188 1582
4596 2 2 1 1 852 2348 2070
4597 2 2 1 1 317 1784 1783
4598 2 2 1 1 1867 2195 333
4599 2 2 1 1 1471 2018 593
4600 2 2 1 1 1959 1960 667
4601 2 2 1 1 2235 2303 349
4602 2 2 1 1 1721 2113 986
4603 2 2 1 1 1961 2114 676
4604 2 2 1 1 1098 2502 2284
4605 2 2 1 1 1883 2392 568
4606 2 2 1 1 1620 2431 314
4607 2 2 1 1 417 2651 1652
4608 2 2 1 1 1940 2328 301
4609 2 2 1 1 1775 2698 916
4610 2 2 1 1 213 2484 1863
4611 2 2 1 1 1683 2478 862
4612 2 2 1 1 1544 2418 167
4613 2 2 1 1 242 2476 2132
4614 2 2 1 1 725 1961 1959
4615 2 2 1 1 239 2606 2020
4616 2 2 1 1 2101 2514 673
4617 2 2 1 1 677 2552 1593
4618 2 2 1 1 1999 2728 646
4619 2 2 1 1 1987 2138 342
4620 2 2 1 1 651 2381 1902
4621 2 2 1 1 194 2486 1438
4622 2 2 1 1 71 2621 1551
4623 2 2 1 1 244 2750 1734
4624 2 2 1 1 1587 2226 736
4625 2 2 1 1 849 2368 1402
4626 2 2 1 1 1578 2083 583
4627 2 2 1 1 2019 2439 827
4628 2 2 1 1 348 2610 2111
4629 2 2 1 1 2467 2476 242
4630 2 2 1 1 1752 2256 625
4631 2 2 1 1 1506 2603 24
4632 2 2 1 1 2625 2692 844
4633 2 2 1 1 1836 2465 648
4634 2 2 1 1 1977 2295 222
4635 2 2 1 1 2049 2472 1015
4636 2 2 1 1 1557 2316 398
4637 2 2 1 1 1752 2100 728
4638 2 2 1 1 1755 2716 209
4639 2 2 1 1 1617 2706 509
4640 2 2 1 1 1567 2218 286
4641 2 2 1 1 419 2523 2160
4642 2 2 1 1 727 2431 1620
4643 2 2 1 1 2172 2173 872
4644 2 2 1 1 1664 2421 959
4645 2 2 1 1 2109 2674 402
4646 2 2 1 1 725 1959 1953
4647 2 2 1 1 737 2243 2214
4648 2 2 1 1 1830 2685 597
4649 2 2 1 1 1748 2602 679
4650 2 2 1 1 1874 2363 299
4651 2 2 1 1 1764 1804 201
4652 2 2 1 1 693 2121 1828
4653 2 2 1 1 898 2725 2476
4654 2 2 1 1 423 2197 2102
4655 2 2 1 1 949 2332 2306
4656 2 2 1 1 174 2153 1905
4657 2 2 1 1 1880 2315 579
4658 2 2 1 1 2122 2589 1121
4659 2 2 1 1 2585 2612 770
4660 2 2 1 1 2276 2299 225
4661 2 2 1 1 1575 2634 560
4662 2 2 1 1 1686 2079 183
4663 2 2 1 1 505 2378 1525
4664 2 2 1 1 348 2111 1456
4665 2 2 1 1 784 2407 1827
4666 2 2 1 1 1751 2703 1131
4667 2 2 1 1 2365 2444 378
4668 2 2 1 1 180 2719 1758
4669 2 2 1 1 2086 2125 899
4670 2 2 1 1 1675 1699 311
4671 2 2 1 1 2553 2745 1670
4672 2 2 1 1 1873 2635 704
4673 2 2 1 1 2436 2567 930
4674 2 2 1 1 617 2578 1868
4675 2 2 1 1 2324 2708 810
4676 2 2 1 1 928 2453 2166
4677 2 2 1 1 847 2275 2197
4678 2 2 1 1 754 2548 2191
4679 2 2 1 1 973 2664 2199
4680 2 2 1 1 1797 2673 331
4681 2 2 1 1 401 2181 2057
4682 2 2 1 1 560 2634 1620
4683 2 2 1 1 1806 2181 401
4684 2 2 1 1 367 2136 1540
4685 2 2 1 1 2148 2576 451
4686 2 2 1 1 2008 2361 820
4687 2 2 1 1 703 2136 2125
4688 2 2 1 1 835 2251 2202
4689 2 2 1 1 2105 2303 865
4690 2 2 1 1 317 2347 1784
4691 2 2 1 1 294 2125 2086
4692 2 2 1 1 2494 2542 1133
4693 2 2 1 1 614 1917 1821
4694 2 2 1 1 1919 2246 663
4695 2 2 1 1 699 2652 1530
4696 2 2 1 1 789 2215 1693
4697 2 2 1 1 458 2399 1838
4698 2 2 1 1 381 2587 1999
4699 2 2 1 1 544 2265 1929
4700 2 2 1 1 1606 2341 1041
4701 2 2 1 1 1827 2407 245
4702 2 2 1 1 2232 2756 331
4703 2 2 1 1 1730 2323 808
4704 2 2 1 1 1162 2703 1751
4705 2 2 1 1 740 2500 1673
4706 2 2 1 1 1041 2767 1606
4707 2 2 1 1 1690 2670 622
4708 2 2 1 1 373 2419 1725
4709 2 2 1 1 810 2549 2223
4710 2 2 1 1 1010 2464 1838
4711 2 2 1 1 1563 2537 476
4712 2 2 1 1 1540 2136 703
4713 2 2 1 1 166 2304 2123
4714 2 2 1 1 771 2404 1709
4715 2 2 1 1 666 2194 1843
4716 2 2 1 1 1005 2341 1606
4717 2 2 1 1 360 2146 2112
4718 2 2 1 1 2160 2523 1010
4719 2 2 1 1 2113 2208 986
4720 2 2 1 1 1926 2478 633
4721 2 2 1 1 772 2382 1350
4722 2 2 1 1 2195 2422 333
4723 2 2 1 1 235 2127 1951
4724 2 2 1 1 1664 2597 793
4725 2 2 1 1 2140 2320 696
4726 2 2 1 1 2011 2152 1002
4727 2 2 1 1 1309 2743 1958
4728 2 2 1 1 1514 2487 653
4729 2 2 1 1 2266 2592 1182
4730 2 2 1 1 606 2666 1866
4731 2 2 1 1 1768 2666 606
4732 2 2 1 1 324 2438 1701
4733 2 2 1 1 1006 2576 2148
4734 2 2 1 1 205 2126 1577
4735 2 2 1 1 794 2219 1957
4736 2 2 1 1 1579 2563 368
4737 2 2 1 1 1983 2235 349
4738 2 2 1 1 2044 2737 448
4739 2 2 1 1 1782 2161 323
4740 2 2 1 1 820 2181 1806
4741 2 2 1 1 1460 2504 925
4742 2 2 1 1 2197 2275 833
4743 2 2 1 1 231 1918 1904
4744 2 2 1 1 1562 2416 767
4745 2 2 1 1 901 2545 1866
4746 2 2 1 1 1734 2750 614
4747 2 2 1 1 2465 2591 648
4748 2 2 1 1 1403 2751 470
4749 2 2 1 1 195 2559 1559
4750 2 2 1 1 865 2115 2025
4751 2 2 1 1 589 1942 1807
4752 2 2 1 1 2194 2658 334
4753 2 2 1 1 261 2515 1714
4754 2 2 1 1 1366 2479 303
4755 2 2 1 1 597 2731 1830
4756 2 2 1 1 1577 2126 632
4757 2 2 1 1 2167 2359 827
4758 2 2 1 1 1779 2117 578
4759 2 2 1 1 614 2594 1917
4760 2 2 1 1 294 2155 1741
4761 2 2 1 1 2035 2323 889
4762 2 2 1 1 1714 2712 577
4763 2 2 1 1 1838 2464 458
4764 2 2 1 1 956 2705 1906
4765 2 2 1 1 1475 2639 782
4766 2 2 1 1 994 2691 2124
4767 2 2 1 1 767 2663 1753
4768 2 2 1 1 794 1957 1923
4769 2 2 1 1 2290 2482 1360
4770 2 2 1 1 2161 2226 323
4771 2 2 1 1 1869 2623 1209
4772 2 2 1 1 1951 2133 235
4773 2 2 1 1 1876 2615 892
4774 2 2 1 1 902 2614 1703
4775 2 2 1 1 2244 2454 383
4776 2 2 1 1 871 2426 1689
4777 2 2 1 1 1701 2438 760
4778 2 2 1 1 1890 2734 993
4779 2 2 1 1 932 2175 1825
4780 2 2 1 1 350 2324 1777
4781 2 2 1 1 1592 2508 652
4782 2 2 1 1 872 2694 1601
4783 2 2 1 1 184 2091 1530
4784 2 2 1 1 979 2621 2032
4785 2 2 1 1 2550 2736 426
4786 2 2 1 1 2041 2467 242
4787 2 2 1 1 657 2174 1941
4788 2 2 1 1 814 2401 1874
4789 2 2 1 1 482 2639 1475
4790 2 2 1 1 1620 2634 727
4791 2 2 1 1 944 2633 2399
4792 2 2 1 1 575 2745 1648
4793 2 2 1 1 1531 2761 314
4794 2 2 1 1 672 2692 2287
4795 2 2 1 1 747 2195 1867
4796 2 2 1 1 336 2113 1721
4797 2 2 1 1 1874 2755 814
4798 2 2 1 1 212 2292 2033
4799 2 2 1 1 1654 2506 309
4800 2 2 1 1 1772 2640 700
4801 2 2 1 1 299 2755 1874
4802 2 2 1 1 2081 2367 757
4803 2 2 1 1 2125 2136 899
4804 2 2 1 1 2110 2127 885
4805 2 2 1 1 314 2481 1531
4806 2 2 1 1 991 2224 1902
4807 2 2 1 1 2090 2285 916
4808 2 2 1 1 1902 2224 651
4809 2 2 1 1 2087 2573 1056
4810 2 2 1 1 670 2429 2145
4811 2 2 1 1 2138 2757 879
4812 2 2 1 1 95 2451 1492
4813 2 2 1 1 771 2734 2599
4814 2 2 1 1 1941 2174 1068
4815 2 2 1 1 809 2548 1895
4816 2 2 1 1 928 2166 1842
4817 2 2 1 1 745 2652 1971
4818 2 2 1 1 331 2756 1504
4819 2 2 1 1 1661 2442 780
4820 2 2 1 1 2123 2611 991
4821 2 2 1 1 2399 2633 1035
4822 2 2 1 1 1920 2365 817
4823 2 2 1 1 803 2161 1782
4824 2 2 1 1 279 2738 1681
4825 2 2 1 1 863 2327 1652
4826 2 2 1 1 930 2567 2045
4827 2 2 1 1 2037 2194 666
4828 2 2 1 1 2434 2684 968
4829 2 2 1 1 2102 2197 833
4830 2 2 1 1 696 2563 1579
4831 2 2 1 1 858 2753 2532
4832 2 2 1 1 1894 2460 877
4833 2 2 1 1 2150 2458 1293
4834 2 2 1 1 380 2219 2172
4835 2 2 1 1 659 2221 2053
4836 2 2 1 1 1001 2422 2195
4837 2 2 1 1 2214 2243 393
4838 2 2 1 1 986 2208 1943
4839 2 2 1 1 1712 2678 322
4840 2 2 1 1 1514 2470 199
4841 2 2 1 1 1206 2529 1974
4842 2 2 1 1 1896 2422 798
4843 2 2 1 1 158 2374 1532
4844 2 2 1 1 1599 2667 434
4845 2 2 1 1 1369 2648 284
4846 2 2 1 1 306 2649 1475
4847 2 2 1 1 1530 2091 699
4848 2 2 1 1 830 2712 1714
4849 2 2 1 1 1870 2693 795
4850 2 2 1 1 1784 2347 771
4851 2 2 1 1 781 2398 2168
4852 2 2 1 1 1762 2758 796
4853 2 2 1 1 879 2757 1992
4854 2 2 1 1 305 2393 1700
4855 2 2 1 1 1936 2628 200
4856 2 2 1 1 910 2230 1977
4857 2 2 1 1 739 2646 1386
4858 2 2 1 1 341 2367 2081
4859 2 2 1 1 1816 2387 996
4860 2 2 1 1 309 2506 2037
4861 2 2 1 1 2466 2709 855
4862 2 2 1 1 1928 2630 286
4863 2 2 1 1 660 2317 1906
4864 2 2 1 1 1796 2715 74
4865 2 2 1 1 1571 2050 310
4866 2 2 1 1 1554 2765 416
4867 2 2 1 1 2419 2500 1106
4868 2 2 1 1 219 2629 1659
4869 2 2 1 1 794 2173 2172
4870 2 2 1 1 243 2530 2114
4871 2 2 1 1 2306 2410 949
4872 2 2 1 1 2306 2332 874
4873 2 2 1 1 549 2330 2261
4874 2 2 1 1 2505 2645 195
4875 2 2 1 1 353 2544 1572
4876 2 2 1 1 801 2574 1822
4877 2 2 1 1 339 2183 1979
4878 2 2 1 1 348 2196 1573
4879 2 2 1 1 756 2425 1663
4880 2 2 1 1 910 2362 1746
4881 2 2 1 1 898 2476 2467
4882 2 2 1 1 2014 2324 350
4883 2 2 1 1 1930 2749 326
4884 2 2 1 1 379 2150 1997
4885 2 2 1 1 321 2313 1649
4886 2 2 1 1 820 2361 2181
4887 2 2 1 1 1962 2516 1348
4888 2 2 1 1 367 2272 2136
4889 2 2 1 1 668 2617 1819
4890 2 2 1 1 397 2456 2435
4891 2 2 1 1 333 2422 1896
4892 2 2 1 1 1718 2645 690
4893 2 2 1 1 2035 2091 184
4894 2 2 1 1 1879 2714 1296
4895 2 2 1 1 2025 2115 180
4896 2 2 1 1 2046 2078 623
4897 2 2 1 1 1670 2745 575
4898 2 2 1 1 663 2246 1765
4899 2 2 1 1 1504 2756 626
4900 2 2 1 1 2146 2652 699
4901 2 2 1 1 2157 2568 779
4902 2 2 1 1 633 2478 1786
4903 2 2 1 1 2355 2750 244
4904 2 2 1 1 1951 2235 792
4905 2 2 1 1 2070 2071 852
4906 2 2 1 1 322 2735 2185
4907 2 2 1 1 363 2386 1724
4908 2 2 1 1 472 2445 2274
4909 2 2 1 1 937 2359 2167
4910 2 2 1 1 1746 2362 343
4911 2 2 1 1 1094 2320 2140
4912 2 2 1 1 605 2252 1674
4913 2 2 1 1 1938 2704 490
4914 2 2 1 1 984 2601 2257
4915 2 2 1 1 2057 2181 853
4916 2 2 1 1 832 2208 2113
4917 2 2 1 1 2086 2155 294
4918 2 2 1 1 568 2641 1767
4919 2 2 1 1 1684 2259 852
4920 2 2 1 1 2067 2383 965
4921 2 2 1 1 445 2611 2428
4922 2 2 1 1 1986 2488 65
4923 2 2 1 1 2464 2523 866
4924 2 2 1 1 916 2698 2090
4925 2 2 1 1 904 2432 2020
4926 2 2 1 1 413 2535 2291
4927 2 2 1 1 1905 2636 1137
4928 2 2 1 1 586 2571 1732
4929 2 2 1 1 2028 2319 168
4930 2 2 1 1 889 2091 2035
4931 2 2 1 1 827 2359 2013
4932 2 2 1 1 348 2463 2196
4933 2 2 1 1 1967 2288 809
4934 2 2 1 1 680 2607 2081
4935 2 2 1 1 1849 2444 845
4936 2 2 1 1 1700 2393 726
4937 2 2 1 1 763 2482 2290
4938 2 2 1 1 737 2134 1976
4939 2 2 1 1 1672 2175 324
4940 2 2 1 1 791 2582 1689
4941 2 2 1 1 221 2657 1931
4942 2 2 1 1 1717 2607 680
4943 2 2 1 1 744 2288 1967
4944 2 2 1 1 195 2645 1718
4945 2 2 1 1 836 2283 2053
4946 2 2 1 1 1590 2591 421
4947 2 2 1 1 2175 2438 324
4948 2 2 1 1 653 2470 1514
4949 2 2 1 1 1557 2493 1108
4950 2 2 1 1 2031 2567 390
4951 2 2 1 1 1206 2575 2042
4952 2 2 1 1 2257 2469 984
4953 2 2 1 1 784 2433 2408
4954 2 2 1 1 257 2326 1636
4955 2 2 1 1 1574 2647 776
4956 2 2 1 1 1370 2687 2072
4957 2 2 1 1 741 2463 1646
4958 2 2 1 1 2573 2643 1056
4959 2 2 1 1 652 2508 2507
4960 2 2 1 1 326 2749 1989
4961 2 2 1 1 378 2444 2089
4962 2 2 1 1 792 2133 1951
4963 2 2 1 1 944 2493 1557
4964 2 2 1 1 1989 2749 665
4965 2 2 1 1 1866 2666 901
4966 2 2 1 1 1943 2208 613
4967 2 2 1 1 1135 2705 2432
4968 2 2 1 1 1416 2704 1938
4969 2 2 1 1 577 2712 1881
4970 2 2 1 1 2182 2191 872
4971 2 2 1 1 1010 2523 2464
4972 2 2 1 1 1613 2642 781
4973 2 2 1 1 395 2754 2063
4974 2 2 1 1 1795 2375 432
4975 2 2 1 1 881 2671 2063
4976 2 2 1 1 1689 2426 258
4977 2 2 1 1 1089 2612 2585
4978 2 2 1 1 1547 2204 799
4979 2 2 1 1 1020 2426 2255
4980 2 2 1 1 1958 2743 526
4981 2 2 1 1 723 2583 2148
4982 2 2 1 1 1846 2543 216
4983 2 2 1 1 754 2182 2107
4984 2 2 1 1 1050 2678 2499
4985 2 2 1 1 1037 2736 2550
4986 2 2 1 1 1777 2324 810
4987 2 2 1 1 1878 2012 1009
4988 2 2 1 1 1649 2669 321
4989 2 2 1 1 2424 2455 1273
4990 2 2 1 1 1440 2578 2338
4991 2 2 1 1 821 2259 1684
4992 2 2 1 1 1897 2394 199
4993 2 2 1 1 349 2303 2105
4994 2 2 1 1 1875 2530 847
4995 2 2 1 1 450 2748 2082
4996 2 2 1 1 1125 2469 2257
4997 2 2 1 1 683 2427 1896
4998 2 2 1 1 682 2761 1531
4999 2 2 1 1 608 2714 1879
5000 2 2 1 1 705 2387 1816
5001 2 2 1 1 876 2467 2041
5002 2 2 1 1 1092 2756 2232
5003 2 2 1 1 1606 2767 18
5004 2 2 1 1 2284 2502 405
5005 2 2 1 1 1957 2219 885
5006 2 2 1 1 766 2550 1884
5007 2 2 1 1 2261 2330 890
5008 2 2 1 1 93 2504 1460
5009 2 2 1 1 1559 2559 639
5010 2 2 1 1 2136 2272 899
5011 2 2 1 1 1657 2227 184
5012 2 2 1 1 938 2643 2573
5013 2 2 1 1 980 2665 2112
5014 2 2 1 1 904 2660 1997
5015 2 2 1 1 2134 2477 897
5016 2 2 1 1 1153 2692 2625
5017 2 2 1 1 1992 2757 183
5018 2 2 1 1 1733 2144 620
5019 2 2 1 1 2499 2678 783
5020 2 2 1 1 1871 2555 813
5021 2 2 1 1 264 2516 1962
5022 2 2 1 1 1927 2731 597
5023 2 2 1 1 1724 2386 695
5024 2 2 1 1 1775 2598 342
5025 2 2 1 1 1923 2514 794
5026 2 2 1 1 2173 2182 872
5027 2 2 1 1 343 2361 2008
5028 2 2 1 1 554 2410 2306
5029 2 2 1 1 1456 2463 348
5030 2 2 1 1 2079 2177 183
5031 2 2 1 1 1931 2657 840
5032 2 2 1 1 2678 2735 322
5033 2 2 1 1 949 2394 2130
5034 2 2 1 1 2163 2364 1086
5035 2 2 1 1 2090 2698 402
5036 2 2 1 1 2097 2706 818
5037 2 2 1 1 2181 2361 853
5038 2 2 1 1 2376 2690 903
5039 2 2 1 1 2373 2677 1048
5040 2 2 1 1 1141 2580 2143
5041 2 2 1 1 397 2435 2433
5042 2 2 1 1 1357 2541 2540
5043 2 2 1 1 503 2677 2373
5044 2 2 1 1 181 2708 2149
5045 2 2 1 1 1822 2574 214
5046 2 2 1 1 836 2513 2283
5047 2 2 1 1 434 2766 1644
5048 2 2 1 1 833 2319 2102
5049 2 2 1 1 1874 2401 536
5050 2 2 1 1 564 2624 1534
5051 2 2 1 1 2333 2651 1007
5052 2 2 1 1 956 2554 1819
5053 2 2 1 1 335 2182 2173
5054 2 2 1 1 2176 2546 903
5055 2 2 1 1 747 2258 2195
5056 2 2 1 1 2299 2590 225
5057 2 2 1 1 615 2509 1699
5058 2 2 1 1 647 2564 1705
5059 2 2 1 1 1955 2524 839
5060 2 2 1 1 921 2372 2371
5061 2 2 1 1 2142 2391 945
5062 2 2 1 1 2287 2692 1153
5063 2 2 1 1 2288 2548 809
5064 2 2 1 1 368 2718 2198
5065 2 2 1 1 786 2484 2237
5066 2 2 1 1 2063 2671 395
5067 2 2 1 1 317 2594 2347
5068 2 2 1 1 567 2622 1727
5069 2 2 1 1 1935 2456 821
5070 2 2 1 1 2408 2433 1004
5071 2 2 1 1 655 2553 2312
5072 2 2 1 1 845 2177 1960
5073 2 2 1 1 1886 2437 811
5074 2 2 1 1 2030 2539 342
5075 2 2 1 1 2418 2605 167
5076 2 2 1 1 2432 2705 239
5077 2 2 1 1 134 2192 2062
5078 2 2 1 1 183 2757 1686
5079 2 2 1 1 2304 2624 804
5080 2 2 1 1 742 2418 1544
5081 2 2 1 1 2062 2192 966
5082 2 2 1 1 2195 2258 1001
5083 2 2 1 1 914 2268 2267
5084 2 2 1 1 411 2701 1613
5085 2 2 1 1 2259 2348 852
5086 2 2 1 1 652 2556 1592
5087 2 2 1 1 1350 2382 2221
5088 2 2 1 1 844 2692 1912
5089 2 2 1 1 276 2395 2364
5090 2 2 1 1 805 2319 2028
5091 2 2 1 1 862 2478 1926
5092 2 2 1 1 416 2573 2087
5093 2 2 1 1 2124 2631 732
5094 2 2 1 1 2493 2739 1108
5095 2 2 1 1 1644 2766 1185
5096 2 2 1 1 1876 2336 443
5097 2 2 1 1 2292 2546 906
5098 2 2 1 1 1960 2177 667
5099 2 2 1 1 248 2739 2493
5100 2 2 1 1 1613 2701 758
5101 2 2 1 1 1944 2204 687
5102 2 2 1 1 2549 2708 181
5103 2 2 1 1 1833 2687 483
5104 2 2 1 1 854 2226 2161
5105 2 2 1 1 1750 2647 396
5106 2 2 1 1 382 2323 1730
5107 2 2 1 1 1024 2645 2505
5108 2 2 1 1 927 2462 2369
5109 2 2 1 1 360 2665 1946
5110 2 2 1 1 2206 2600 143
5111 2 2 1 1 2073 2382 772
5112 2 2 1 1 2417 2519 1131
5113 2 2 1 1 1071 2714 2187
5114 2 2 1 1 1937 2489 1009
5115 2 2 1 1 2369 2462 694
5116 2 2 1 1 2124 2691 406
5117 2 2 1 1 2724 2747 1288
5118 2 2 1 1 635 2536 2065
5119 2 2 1 1 1828 2121 204
5120 2 2 1 1 228 2348 2259
5121 2 2 1 1 2176 2269 906
5122 2 2 1 1 882 2503 2302
5123 2 2 1 1 2415 2720 291
5124 2 2 1 1 667 2177 2079
5125 2 2 1 1 2433 2435 1004
5126 2 2 1 1 366 2759 1953
5127 2 2 1 1 2520 2700 1263
5128 2 2 1 1 2005 2190 186
5129 2 2 1 1 783 2610 1892
5130 2 2 1 1 2275 2679 833
5131 2 2 1 1 2364 2395 1086
5132 2 2 1 1 1953 2759 725
5133 2 2 1 1 548 2487 1514
5134 2 2 1 1 2063 2512 881
5135 2 2 1 1 1924 2403 133
5136 2 2 1 1 1308 2413 2205
5137 2 2 1 1 1912 2692 672
5138 2 2 1 1 1910 2650 208
5139 2 2 1 1 2450 2469 1125
5140 2 2 1 1 1926 2646 222
5141 2 2 1 1 1070 2078 2046
5142 2 2 1 1 646 2728 2087
5143 2 2 1 1 836 2190 2005
5144 2 2 1 1 188 2469 2450
5145 2 2 1 1 1438 2486 2441
5146 2 2 1 1 799 2204 1944
5147 2 2 1 1 2494 2759 366
5148 2 2 1 1 790 2735 2682
5149 2 2 1 1 2047 2299 896
5150 2 2 1 1 2035 2760 808
5151 2 2 1 1 414 2455 2424
5152 2 2 1 1 235 2584 1923
5153 2 2 1 1 359 2511 2269
5154 2 2 1 1 1895 2653 401
5155 2 2 1 1 1737 2556 652
5156 2 2 1 1 1573 2610 348
5157 2 2 1 1 2025 2105 865
5158 2 2 1 1 1765 2246 298
5159 2 2 1 1 1750 2606 776
5160 2 2 1 1 443 2615 1876
5161 2 2 1 1 834 2568 2157
5162 2 2 1 1 1902 2381 166
5163 2 2 1 1 747 2688 2132
5164 2 2 1 1 962 2246 1919
5165 2 2 1 1 869 2403 1924
5166 2 2 1 1 737 2477 2134
5167 2 2 1 1 792 2511 2133
5168 2 2 1 1 2268 2604 372
5169 2 2 1 1 1951 2127 730
5170 2 2 1 1 191 2592 2266
5171 2 2 1 1 778 2630 1928
5172 2 2 1 1 2285 2466 916
5173 2 2 1 1 1652 2327 417
5174 2 2 1 1 931 2721 1909
5175 2 2 1 1 780 2299 2047
5176 2 2 1 1 2255 2426 871
5177 2 2 1 1 2133 2511 884
5178 2 2 1 1 359 2269 2176
5179 2 2 1 1 226 2466 2285
5180 2 2 1 1 644 2370 1901
5181 2 2 1 1 1917 2594 317
5182 2 2 1 1 2679 2711 833
5183 2 2 1 1 2173 2514 335
5184 2 2 1 1 2371 2372 941
5185 2 2 1 1 2441 2486 663
5186 2 2 1 1 2507 2508 1074
5187 2 2 1 1 1941 2412 657
5188 2 2 1 1 754 2191 2182
5189 2 2 1 1 506 2596 1595
5190 2 2 1 1 2267 2268 750
5191 2 2 1 1 1636 2326 684
5192 2 2 1 1 2076 2554 320
5193 2 2 1 1 2237 2484 213
5194 2 2 1 1 890 2262 2261
5195 2 2 1 1 914 2604 2268
5196 2 2 1 1 2347 2594 993
5197 2 2 1 1 2013 2359 216
5198 2 2 1 1 860 2747 2724
5199 2 2 1 1 964 2700 2520
5200 2 2 1 1 2185 2735 790
5201 2 2 1 1 2037 2506 748
5202 2 2 1 1 1281 2616 1969
5203 2 2 1 1 2389 2650 960
5204 2 2 1 1 2081 2607 341
5205 2 2 1 1 730 2127 2110
5206 2 2 1 1 2605 2740 167
5207 2 2 1 1 1247 2731 1927
5208 2 2 1 1 2437 2643 938
5209 2 2 1 1 1997 2660 379
5210 2 2 1 1 741 2227 1657
5211 2 2 1 1 2404 2599 1114
5212 2 2 1 1 2077 2601 589
5213 2 2 1 1 776 2647 1750
5214 2 2 1 1 993 2734 2347
5215 2 2 1 1 2030 2598 855
5216 2 2 1 1 2338 2578 617
5217 2 2 1 1 1908 2646 739
5218 2 2 1 1 783 2678 1712
5219 2 2 1 1 1026 2764 2406
5220 2 2 1 1 319 2519 2417
5221 2 2 1 1 2148 2583 1006
5222 2 2 1 1 408 2391 2142
5223 2 2 1 1 2143 2580 795
5224 2 2 1 1 331 2673 2232
5225 2 2 1 1 2667 2766 434
5226 2 2 1 1 1867 2688 747
5227 2 2 1 1 212 2546 2292
5228 2 2 1 1 906 2546 2176
5229 2 2 1 1 349 2397 1983
5230 2 2 1 1 2020 2432 239
5231 2 2 1 1 2274 2445 823
5232 2 2 1 1 876 2454 2430
5233 2 2 1 1 2275 2483 425
5234 2 2 1 1 2391 2739 945
5235 2 2 1 1 2302 2503 203
5236 2 2 1 1 2028 2435 805
5237 2 2 1 1 2187 2714 608
5238 2 2 1 1 228 2684 2434
5239 2 2 1 1 222 2646 1908
5240 2 2 1 1 861 2729 2103
5241 2 2 1 1 932 2438 2175
5242 2 2 1 1 2133 2584 235
5243 2 2 1 1 761 2105 2025
5244 2 2 1 1 754 2653 1895
5245 2 2 1 1 1934 2186 262
5246 2 2 1 1 720 2488 1986
5247 2 2 1 1 208 2650 2389
5248 2 2 1 1 2406 2659 428
5249 2 2 1 1 1051 2766 2667
5250 2 2 1 1 2121 2165 204
5251 2 2 1 1 17 2767 1732
5252 2 2 1 1 2406 2764 985
5253 2 2 1 1 401 2653 1806
5254 2 2 1 1 2261 2262 769
5255 2 2 1 1 2102 2319 805
5256 2 2 1 1 2269 2511 792
5257 2 2 1 1 883 2651 2333
5258 2 2 1 1 2540 2541 649
5259 2 2 1 1 826 2699 2560
5260 2 2 1 1 1695 2672 917
5261 2 2 1 1 2291 2535 856
5262 2 2 1 1 817 2674 2109
5263 2 2 1 1 1012 2749 1930
5264 2 2 1 1 847 2483 2275
5265 2 2 1 1 1004 2435 2028
5266 2 2 1 1 919 2623 1869
5267 2 2 1 1 2067 2719 180
5268 2 2 1 1 385 2690 2376
5269 2 2 1 1 2347 2734 771
5270 2 2 1 1 2112 2665 360
5271 2 2 1 1 985 2659 2406
5272 2 2 1 1 794 2514 2173
5273 2 2 1 1 2149 2708 1013
5274 2 2 1 1 2191 2548 177
5275 2 2 1 1 972 2570 2402
5276 2 2 1 1 373 2500 2419
5277 2 2 1 1 428 2726 2406
5278 2 2 1 1 2361 2362 853
5279 2 2 1 1 342 2539 1987
5280 2 2 1 1 2402 2570 806
5281 2 2 1 1 1732 2767 1041
5282 2 2 1 1 335 2514 2101
5283 2 2 1 1 2388 2740 985
5284 2 2 1 1 1023 2605 2418
5285 2 2 1 1 2139 2437 938
5286 2 2 1 1 2063 2754 802
5287 2 2 1 1 2476 2725 974
5288 2 2 1 1 856 2535 2273
5289 2 2 1 1 811 2437 2139
5290 2 2 1 1 1111 2759 2494
5291 2 2 1 1 1108 2739 2391
5292 2 2 1 1 2656 2657 1143
5293 2 2 1 1 342 2598 2030
5294 2 2 1 1 2082 2748 697
5295 2 2 1 1 900 2186 1934
5296 2 2 1 1 1276 2758 2190
5297 2 2 1 1 895 2591 2465
5298 2 2 1 1 1648 2745 655
5299 2 2 1 1 2242 2679 425
5300 2 2 1 1 987 2740 2605
5301 2 2 1 1 2406 2726 1026
5302 2 2 1 1 891 2670 2050
5303 2 2 1 1 1011 2720 2415
5304 2 2 1 1 993 2750 2355
5305 2 2 1 1 1854 2738 279
5306 2 2 1 1 780 2590 2299
5307 2 2 1 1 2104 2480 708
5308 2 2 1 1 2232 2673 1003
5309 2 2 1 1 396 2581 1820
5310 2 2 1 1 2608 2664 973
5311 2 2 1 1 177 2548 2288
5312 2 2 1 1 985 2740 2659
5313 2 2 1 1 884 2584 2133
5314 2 2 1 1 343 2362 2361
5315 2 2 1 1 2430 2454 877
5316 2 2 1 1 2319 2711 168
5317 2 2 1 1 908 2587 2460
5318 2 2 1 1 167 2740 2388
5319 2 2 1 1 833 2711 2319
5320 2 2 1 1 1039 2626 2555
5321 2 2 1 1 425 2679 2275
5322 2 2 1 1 2627 2752 1105
5323 2 2 1 1 2497 2709 226
5324 2 2 1 1 2533 2545 901
5325 2 2 1 1 840 2657 2656
5326 2 2 1 1 2241 2654 1134
5327 2 2 1 1 2560 2699 1033
5328 2 2 1 1 2555 2626 813
5329 2 2 1 1 758 2701 1815
5330 2 2 1 1 360 2652 2146
5331 2 2 1 1 824 2664 2608
5332 2 2 1 1 2743 2744 526
5333 2 2 1 1 341 2607 2462
5334 2 2 1 1 220 2654 2241
5335 2 2 1 1 2191 2694 872
5336 2 2 1 1 945 2739 2534
5337 2 2 1 1 1328 2733 2354
5338 2 2 1 1 1063 2744 2743
5339 2 2 1 1 289 2429 2200
5340 2 2 1 1 2108 2654 220
5341 2 2 1 1 917 2672 2203
5342 2 2 1 1 2682 2735 1050
5343 2 2 1 1 177 2694 2191
5344 2 2 1 1 1971 2652 360
5345 2 2 1 1 810 2708 2549
5346 2 2 1 1 2203 2672 466
5347 2 2 1 1 2534 2739 248
5348 2 2 1 1 226 2709 2466
5349 2 2 1 1 2245 2581 842
5350 2 2 1 1 829 2654 2108
5351 2 2 1 1 2430 2587 381
5352 2 2 1 1 771 2599 2404
5353 2 2 1 1 1050 2735 2678
5354 2 2 1 1 2460 2587 877
5355 2 2 1 1 2408 2686 340
5356 2 2 1 1 765 2600 2206
5357 2 2 1 1 930 2545 2533
5358 2 2 1 1 841 2752 2627
5359 2 2 1 1 952 2679 2242
5360 2 2 1 1 2221 2382 347
5361 2 2 1 1 2178 2721 392
5362 2 2 1 1 2659 2740 987
5363 2 2 1 1 1004 2686 2408
5364 2 2 1 1 952 2711 2679
5365 2 2 1 1 877 2587 2430
5366 2 2 1 1 2200 2429 1333
5367 2 2 1 1 965 2719 2067
5368 2 2 1 1 655 2745 2553
$EndElements
