$MeshFormat
2.2 0 8
$EndMeshFormat
$PhysicalNames
2
3 1 "rock"
3 2 "insert"
$EndPhysicalNames
$Nodes
4109
1 0 0 0.05
2 0 0 0
3 0 0.08 0.05
4 0 0.08 0
5 0.08 0 0.05
6 0.08 0 0
7 0.08 0.08 0.05
8 0.08 0.08 0
9 0.04 0.04 0.0725
10 0.04 0.04 0.0505
11 0 0 0.004166666666666672
12 0 0 0.008333333333333347
13 0 0 0.01250000000000001
14 0 0 0.01666666666666668
15 0 0 0.02083333333333334
16 0 0 0.02500000000000001
17 0 0 0.02916666666666667
18 0 0 0.03333333333333334
19 0 0 0.03750000000000001
20 0 0 0.04166666666666667
21 0 0 0.04583333333333334
22 0 0.004444444444444451 0.05
23 0 0.008888888888888899 0.05
24 0 0.01333333333333336 0.05
25 0 0.01777777777777781 0.05
26 0 0.02222222222222225 0.05
27 0 0.0266666666666667 0.05
28 0 0.03111111111111114 0.05
29 0 0.03555555555555558 0.05
30 0 0.04000000000000002 0.05
31 0 0.04444444444444447 0.05
32 0 0.04888888888888891 0.05
33 0 0.05333333333333335 0.05
34 0 0.0577777777777778 0.05
35 0 0.06222222222222224 0.05
36 0 0.06666666666666668 0.05
37 0 0.07111111111111112 0.05
38 0 0.07555555555555556 0.05
39 0 0.08 0.004166666666666672
40 0 0.08 0.008333333333333347
41 0 0.08 0.01250000000000001
42 0 0.08 0.01666666666666668
43 0 0.08 0.02083333333333334
44 0 0.08 0.02500000000000001
45 0 0.08 0.02916666666666667
46 0 0.08 0.03333333333333334
47 0 0.08 0.03750000000000001
48 0 0.08 0.04166666666666667
49 0 0.08 0.04583333333333334
50 0 0.004444444444444451 0
51 0 0.008888888888888899 0
52 0 0.01333333333333336 0
53 0 0.01777777777777781 0
54 0 0.02222222222222225 0
55 0 0.0266666666666667 0
56 0 0.03111111111111114 0
57 0 0.03555555555555558 0
58 0 0.04000000000000002 0
59 0 0.04444444444444447 0
60 0 0.04888888888888891 0
61 0 0.05333333333333335 0
62 0 0.0577777777777778 0
63 0 0.06222222222222224 0
64 0 0.06666666666666668 0
65 0 0.07111111111111112 0
66 0 0.07555555555555556 0
67 0.08 0 0.004166666666666672
68 0.08 0 0.008333333333333347
69 0.08 0 0.01250000000000001
70 0.08 0 0.01666666666666668
71 0.08 0 0.02083333333333334
72 0.08 0 0.02500000000000001
73 0.08 0 0.02916666666666667
74 0.08 0 0.03333333333333334
75 0.08 0 0.03750000000000001
76 0.08 0 0.04166666666666667
77 0.08 0 0.04583333333333334
78 0.08 0.004444444444444451 0.05
79 0.08 0.008888888888888899 0.05
80 0.08 0.01333333333333336 0.05
81 0.08 0.01777777777777781 0.05
82 0.08 0.02222222222222225 0.05
83 0.08 0.0266666666666667 0.05
84 0.08 0.03111111111111114 0.05
85 0.08 0.03555555555555558 0.05
86 0.08 0.04000000000000002 0.05
87 0.08 0.04444444444444447 0.05
88 0.08 0.04888888888888891 0.05
89 0.08 0.05333333333333335 0.05
90 0.08 0.0577777777777778 0.05
91 0.08 0.06222222222222224 0.05
92 0.08 0.06666666666666668 0.05
93 0.08 0.07111111111111112 0.05
94 0.08 0.07555555555555556 0.05
95 0.08 0.08 0.004166666666666672
96 0.08 0.08 0.008333333333333347
97 0.08 0.08 0.01250000000000001
98 0.08 0.08 0.01666666666666668
99 0.08 0.08 0.02083333333333334
100 0.08 0.08 0.02500000000000001
101 0.08 0.08 0.02916666666666667
102 0.08 0.08 0.03333333333333334
103 0.08 0.08 0.03750000000000001
104 0.08 0.08 0.04166666666666667
105 0.08 0.08 0.04583333333333334
106 0.08 0.004444444444444451 0
107 0.08 0.008888888888888899 0
108 0.08 0.01333333333333336 0
109 0.08 0.01777777777777781 0
110 0.08 0.02222222222222225 0
111 0.08 0.0266666666666667 0
112 0.08 0.03111111111111114 0
113 0.08 0.03555555555555558 0
114 0.08 0.04000000000000002 0
115 0.08 0.04444444444444447 0
116 0.08 0.04888888888888891 0
117 0.08 0.05333333333333335 0
118 0.08 0.0577777777777778 0
119 0.08 0.06222222222222224 0
120 0.08 0.06666666666666668 0
121 0.08 0.07111111111111112 0
122 0.08 0.07555555555555556 0
123 0.004444444444444451 0 0
124 0.008888888888888899 0 0
125 0.01333333333333336 0 0
126 0.01777777777777781 0 0
127 0.02222222222222225 0 0
128 0.0266666666666667 0 0
129 0.03111111111111114 0 0
130 0.03555555555555558 0 0
131 0.04000000000000002 0 0
132 0.04444444444444447 0 0
133 0.04888888888888891 0 0
134 0.05333333333333335 0 0
135 0.0577777777777778 0 0
136 0.06222222222222224 0 0
137 0.06666666666666668 0 0
138 0.07111111111111112 0 0
139 0.07555555555555556 0 0
140 0.004444444444444451 0 0.05
141 0.008888888888888899 0 0.05
142 0.01333333333333336 0 0.05
143 0.01777777777777781 0 0.05
144 0.02222222222222225 0 0.05
145 0.0266666666666667 0 0.05
146 0.03111111111111114 0 0.05
147 0.03555555555555558 0 0.05
148 0.04000000000000002 0 0.05
149 0.04444444444444447 0 0.05
150 0.04888888888888891 0 0.05
151 0.05333333333333335 0 0.05
152 0.0577777777777778 0 0.05
153 0.06222222222222224 0 0.05
154 0.06666666666666668 0 0.05
155 0.07111111111111112 0 0.05
156 0.07555555555555556 0 0.05
157 0.004444444444444451 0.08 0
158 0.008888888888888899 0.08 0
159 0.01333333333333336 0.08 0
160 0.01777777777777781 0.08 0
161 0.02222222222222225 0.08 0
162 0.0266666666666667 0.08 0
163 0.03111111111111114 0.08 0
164 0.03555555555555558 0.08 0
165 0.04000000000000002 0.08 0
166 0.04444444444444447 0.08 0
167 0.04888888888888891 0.08 0
168 0.05333333333333335 0.08 0
169 0.0577777777777778 0.08 0
170 0.06222222222222224 0.08 0
171 0.06666666666666668 0.08 0
172 0.07111111111111112 0.08 0
173 0.07555555555555556 0.08 0
174 0.004444444444444451 0.08 0.05
175 0.008888888888888899 0.08 0.05
176 0.01333333333333336 0.08 0.05
177 0.01777777777777781 0.08 0.05
178 0.02222222222222225 0.08 0.05
179 0.0266666666666667 0.08 0.05
180 0.03111111111111114 0.08 0.05
181 0.03555555555555558 0.08 0.05
182 0.04000000000000002 0.08 0.05
183 0.04444444444444447 0.08 0.05
184 0.04888888888888891 0.08 0.05
185 0.05333333333333335 0.08 0.05
186 0.0577777777777778 0.08 0.05
187 0.06222222222222224 0.08 0.05
188 0.06666666666666668 0.08 0.05
189 0.07111111111111112 0.08 0.05
190 0.07555555555555556 0.08 0.05
191 0.04263247230716313 0.04 0.05081964000831343
192 0.04511195489248146 0.04 0.05175998371781469
193 0.04729434924064875 0.04 0.05326638177011789
194 0.04905282252483022 0.04 0.05525128778595728
195 0.05028517866953956 0.04 0.0575993462425321
196 0.05091979761507859 0.04 0.06017409651719145
197 0.05091979761507859 0.04 0.06282590348280856
198 0.05028517866953956 0.04 0.06540065375746788
199 0.04905282252483022 0.04 0.0677487122140427
200 0.04729434924064875 0.04 0.06973361822988211
201 0.04511195489248146 0.04 0.07124001628218531
202 0.04263247230716314 0.04 0.07218035999168657
203 0 0.03777185880178488 0.04615052503569535
204 0 0.05099343785990178 0.003922915656226583
205 0 0.02442229626284656 0.003853261036440172
206 0 0.003387824298017918 0.0272998425295231
207 0 0.07643598913002331 0.02754945315630713
208 0 0.05089853247780913 0.04569342294350723
209 0 0.0377679280035834 0.003852927849549796
210 0 0.02443947695992751 0.04616170664443774
211 0 0.06432492991182531 0.003875874114682873
212 0 0.003856579339485107 0.01477718234534658
213 0 0.06489026368989624 0.04609016392024663
214 0 0.07610528425885893 0.01482930657595595
215 0 0.01558674190534376 0.04596156033109068
216 0 0.01553553271211215 0.003837211515202383
217 0 0.07639156081756485 0.03541666666666667
218 0 0.003295566362950272 0.03552010780221885
219 0 0.07357784382923512 0.04645853465212763
220 0 0.07314494450124506 0.003722955223764008
221 0 0.006869534601173812 0.003725492370760875
222 0 0.00662745253054074 0.04602719277128142
223 0 0.0111299292186356 0.00383813715515262
224 0 0.01332526375928668 0.007629853886568788
225 0 0.01773077577583443 0.007648918479789546
226 0 0.01551538959464446 0.01141775203147338
227 0 0.01989351441445764 0.01144580425313725
228 0 0.01767644052199489 0.01520011730502156
229 0 0.0220276535152214 0.01522809082493495
230 0 0.01982121608558338 0.01899212571104899
231 0 0.02418402275661067 0.01900899197113777
232 0 0.02197500252677199 0.0227873144522792
233 0 0.02635016467606957 0.02280441351563606
234 0 0.02413927035335415 0.0265771928907495
235 0 0.02852315584309581 0.02660697515711489
236 0 0.03073763303141221 0.02284458762010271
237 0 0.03291906026515455 0.0266216000960367
238 0 0.03514102656663996 0.0228599251178112
239 0 0.03732576377936138 0.02665247207419968
240 0 0.03955260232292864 0.02285276323595883
241 0 0.04174435356206617 0.02666375183619015
242 0 0.04397536263394593 0.0228677166953422
243 0 0.04617468652753583 0.02670393085860192
244 0 0.04839999721141248 0.02289988926196138
245 0 0.05060851380146317 0.02672460277903577
246 0 0.05282180828306837 0.02291748936985179
247 0 0.05501746161704768 0.02673992476344968
248 0 0.0572287236358207 0.02295128374238446
249 0 0.05940262642017093 0.02676297407476586
250 0 0.01977058150342131 0.02656018176197091
251 0 0.0305410160323604 0.03053889868603857
252 0 0.05720222880781414 0.03054190151090962
253 0 0.043591580960751 0.03122051620676336
254 0 0.06159808342700216 0.022978372527674
255 0 0.05944000116459912 0.0191892849599118
256 0 0.02642571804731883 0.01525359618021769
257 0 0.04621335772790761 0.01910473682748863
258 0 0.021930400773922 0.03034330462533982
259 0 0.06156529919845011 0.03054698001843307
260 0 0.01756832281919873 0.03031705223145478
261 0 0.03738154029026854 0.01909488934744157
262 0 0.01531116564382714 0.01905106626264939
263 0 0.06357943372315522 0.0193478908952027
264 0 0.05937949708892845 0.03432750701749061
265 0 0.05500307426529386 0.03433011592962513
266 0 0.06373532443766723 0.03432848899790279
267 0 0.01972298782153042 0.03410070073659685
268 0 0.01537638932286716 0.03405864207207333
269 0 0.06172646836873447 0.01538373547950568
270 0 0.05729022281211509 0.01538025747120474
271 0 0.06564926733042625 0.02319146077394304
272 0 0.0666578376264665 0.01595824607352816
273 0 0.05719406855688364 0.03812698553121532
274 0 0.01323907003408929 0.03030409960206621
275 0 0.05962969790218007 0.01153858313517432
276 0 0.06590611041039166 0.03056989972735156
277 0 0.0527973067414701 0.03811688026313458
278 0 0.02408745079490416 0.03414206135492295
279 0 0.0551444626588779 0.01156090707126639
280 0 0.06805025459707935 0.03432313352963557
281 0 0.02140829142959705 0.03819740163630447
282 0 0.0254261505886205 0.03835653265945591
283 0 0.01116172085533463 0.0114036924503272
284 0 0.06590644509662168 0.03807316858144717
285 0 0.01112092410697167 0.03399017854696981
286 0 0.01319597207006065 0.03777576578155119
287 0 0.07005808991805715 0.03797021871938267
288 0 0.05741371091122888 0.007789009241255558
289 0 0.05060308186267088 0.03431875372842686
290 0 0.04885204355018697 0.03846935672508838
291 0 0.05288597188268319 0.01534880082208825
292 0 0.0507550749443163 0.01154046322833403
293 0 0.06999931815757146 0.03050358025010382
294 0 0.00931504991700635 0.03001927355675051
295 0 0.01135506266319311 0.02660281243662878
296 0 0.009142965958646139 0.03769554326388846
297 0 0.01100329632230063 0.04131688879471027
298 0 0.05461987170725771 0.04261890311269967
299 0 0.05918918206842733 0.04215625436745207
300 0 0.06777060358925764 0.04193856991633214
301 0 0.00666452244660572 0.04145883298462527
302 0 0.06196500085179142 0.007722993070672229
303 0 0.01531403939142932 0.04154542604963071
304 0 0.06781496793681729 0.0269373229803535
305 0 0.008977983259507325 0.007614691409143282
306 0 0.004177265247996216 0.007073170754282144
307 0 0.006743794152779441 0.01116670866854124
308 0 0.008544990907011208 0.01505392351770243
309 0 0.00601207925099603 0.01888268248205286
310 0 0.01058677757870088 0.01959674394728306
311 0 0.007520031227477348 0.02226733278801887
312 0 0.01998497920284956 0.003837390268448254
313 0 0.07238830510473113 0.0418170610085831
314 0 0.0691649029053793 0.04610840187921723
315 0 0.01109221304200468 0.04638038097877618
316 0 0.02214605077190334 0.007662257559651373
317 0 0.02658473749151645 0.007685157947411065
318 0 0.06885745889773839 0.003803835498543699
319 0 0.07108313430668814 0.007582191993463072
320 0 0.07585878104043046 0.007047751613905941
321 0 0.07332433679967743 0.01114270123008136
322 0 0.06896680048947401 0.01136568241047843
323 0 0.07150181657038097 0.01516951648621074
324 0 0.07400742240040457 0.01889730531924182
325 0 0.07015450141219758 0.019363978181798
326 0 0.07246379228025816 0.02235993771574867
327 0 0.06428861040273945 0.01159398918344734
328 0 0.02014884991300244 0.0462151845570662
329 0 0.02279137898467687 0.04235040642541175
330 0 0.06371995252200284 0.02677148234604669
331 0 0.02885761961009547 0.003868116726426636
332 0 0.03104969217881075 0.007703085491912441
333 0 0.0287523406155857 0.01150627001051421
334 0 0.03320288278700056 0.01152386974635456
335 0 0.03090182705720428 0.01530901010836578
336 0 0.035478769570814 0.007710184594713626
337 0 0.03758936242025011 0.01154172886404166
338 0 0.01545794904756154 0.02657068677131291
339 0 0.01342841014351681 0.02304307221863696
340 0 0.01762738749178036 0.02283407452964973
341 0 0.01313274751691887 0.01528721591907617
342 0 0.02888042638798852 0.04616074917744074
343 0 0.03332549551692224 0.04615495940526647
344 0 0.03554537530925874 0.04230766321827185
345 0 0.03998804243589646 0.04230337518738399
346 0 0.03776637464558937 0.03846256941509179
347 0 0.03333297051445934 0.03846350530327445
348 0 0.03606598013255673 0.03458051175741841
349 0 0.04220033594670288 0.03845679251924372
350 0 0.04442167589810237 0.04229119649967028
351 0 0.03124820440574513 0.04239579759813636
352 0 0.03990355222586919 0.007741702843784889
353 0 0.04197218271999079 0.01156262875285603
354 0 0.04431586755865888 0.007737116122274627
355 0 0.03997597257608207 0.0346250506465571
356 0 0.04221436683970825 0.04614474099030214
357 0 0.04640727185486152 0.04619133892955102
358 0 0.03330344600499505 0.003855719110433749
359 0 0.04219405446793939 0.003876073653543606
360 0 0.04659299930331812 0.003879706799031878
361 0 0.02708732834523049 0.04239536189955887
362 0 0.06152660182267759 0.0381366667160249
363 0 0.04178543518504561 0.01909222000074412
364 0 0.02859156713258514 0.01906333348933823
365 0 0.07642310312844139 0.03162526113367549
366 0 0.0466540284378935 0.03484815589860758
367 0 0.07649550086591178 0.03960839905698608
368 0 0.003302068207939046 0.03137561108464923
369 0 0.02627824914029487 0.03039718338189212
370 0 0.07256590799820713 0.03390455673465755
371 0 0.05280629725728053 0.03053062986604808
372 0 0.05506258870870201 0.01915362225001732
373 0 0.05977237845602321 0.003931736458894507
374 0 0.01727942651516346 0.03808476995654481
375 0 0.02800404540260595 0.0345817703372179
376 0 0.06658098914337612 0.007657427711881272
377 0 0.0506312496012187 0.01912246581111808
378 0 0.04840636480793249 0.03072443155624726
379 0 0.04848459565413488 0.01534275591218312
380 0 0.06346176621532429 0.04206385884256944
381 0 0.02430500247600055 0.01146352946264442
382 0 0.05306332754929151 0.007765228215528522
383 0 0.05732117896761495 0.0456583246292562
384 0 0.050948695411388 0.04158344723765128
385 0 0.07227643648666576 0.02647228201977781
386 0 0.03490444118668364 0.03049852452581507
387 0 0.03909972094893998 0.03060694221448992
388 0 0.03298955328456259 0.01910036274662974
389 0 0.04637665493781092 0.01155460129145402
390 0 0.0352747825289655 0.01532454666745094
391 0 0.04868289369221624 0.007733338552141608
392 0 0.03964460472583649 0.01534813429332831
393 0 0.04405988163214054 0.01535370204384356
394 0 0.05539232764792607 0.003901481595317528
395 0 0.003835722961734141 0.02276174947286667
396 0 0.07632726990841845 0.02287626177437382
397 0 0.07656578918736176 0.04373327601677432
398 0 0.003271154541573234 0.04359794703162007
399 0 0.003162623446715906 0.03957174752038176
400 0 0.006930608382259003 0.03367367859029247
401 0 0.007379237646302888 0.02596559901677254
402 0 0.003044201295826737 0.01083862433699915
403 0 0.07693388852288691 0.0108544811609904
404 0 0.06078351509175408 0.04660336085454092
405 0 0.02950862872861546 0.03855032247436176
406 0 0.03205951366621358 0.03453558884735436
407 0 0.01868384494671495 0.04262984041930137
408 0 0.07363331120185057 0.03749999999999999
409 0 0.06928708296353626 0.02343443250768232
410 0 0.002617225525369987 0.01875000000000002
411 0 0.003296218738167189 0.003228929617007964
412 0 0.0767037812618328 0.003228929617007914
413 0 0.07741888531968029 0.01875000000000002
414 0 0.002924555735371725 0.0470707313338851
415 0 0.0771398377144305 0.04720502880044706
416 0 0.07340571816688529 0.02999303684313869
417 0 0.006038995458028443 0.02952390544447445
418 0 0.005744497329166214 0.03768693063715968
419 0 0.009037717527573817 0.04380013184763881
420 0 0.04334667487226977 0.03551523827562115
421 0 0.04763715371116049 0.04281537591739835
422 0 0.04538804262936658 0.03907639915418871
423 0 0.06682674138335584 0.02001137384075439
424 0 0.054379912691999 0.04688213472764007
425 0 0.01026188257935442 0.02364151566695318
426 0 0.01293555056849334 0.04377306728272051
427 0.08 0.03777185880178488 0.04615052503569535
428 0.08 0.05099343785990178 0.003922915656226583
429 0.08 0.02442229626284656 0.003853261036440172
430 0.08 0.003387824298017918 0.0272998425295231
431 0.08 0.07643598913002331 0.02754945315630713
432 0.08 0.05089853247780913 0.04569342294350723
433 0.08 0.0377679280035834 0.003852927849549796
434 0.08 0.02443947695992751 0.04616170664443774
435 0.08 0.06432492991182531 0.003875874114682873
436 0.08 0.003856579339485107 0.01477718234534658
437 0.08 0.06489026368989624 0.04609016392024663
438 0.08 0.07610528425885893 0.01482930657595595
439 0.08 0.01558674190534376 0.04596156033109068
440 0.08 0.01553553271211215 0.003837211515202383
441 0.08 0.07639156081756485 0.03541666666666667
442 0.08 0.003295566362950272 0.03552010780221885
443 0.08 0.07357784382923512 0.04645853465212763
444 0.08 0.07314494450124506 0.003722955223764008
445 0.08 0.006869534601173812 0.003725492370760875
446 0.08 0.00662745253054074 0.04602719277128142
447 0.08 0.0111299292186356 0.00383813715515262
448 0.08 0.01332526375928668 0.007629853886568788
449 0.08 0.01773077577583443 0.007648918479789546
450 0.08 0.01551538959464446 0.01141775203147338
451 0.08 0.01989351441445764 0.01144580425313725
452 0.08 0.01767644052199489 0.01520011730502156
453 0.08 0.0220276535152214 0.01522809082493495
454 0.08 0.01982121608558338 0.01899212571104899
455 0.08 0.02418402275661067 0.01900899197113777
456 0.08 0.02197500252677199 0.0227873144522792
457 0.08 0.02635016467606957 0.02280441351563606
458 0.08 0.02413927035335415 0.0265771928907495
459 0.08 0.02852315584309581 0.02660697515711489
460 0.08 0.03073763303141221 0.02284458762010271
461 0.08 0.03291906026515455 0.0266216000960367
462 0.08 0.03514102656663996 0.0228599251178112
463 0.08 0.03732576377936138 0.02665247207419968
464 0.08 0.03955260232292864 0.02285276323595883
465 0.08 0.04174435356206617 0.02666375183619015
466 0.08 0.04397536263394593 0.0228677166953422
467 0.08 0.04617468652753583 0.02670393085860192
468 0.08 0.04839999721141248 0.02289988926196138
469 0.08 0.05060851380146317 0.02672460277903577
470 0.08 0.05282180828306837 0.02291748936985179
471 0.08 0.05501746161704768 0.02673992476344968
472 0.08 0.0572287236358207 0.02295128374238446
473 0.08 0.05940262642017093 0.02676297407476586
474 0.08 0.01977058150342131 0.02656018176197091
475 0.08 0.0305410160323604 0.03053889868603857
476 0.08 0.05720222880781414 0.03054190151090962
477 0.08 0.043591580960751 0.03122051620676336
478 0.08 0.06159808342700216 0.022978372527674
479 0.08 0.05944000116459912 0.0191892849599118
480 0.08 0.02642571804731883 0.01525359618021769
481 0.08 0.04621335772790761 0.01910473682748863
482 0.08 0.021930400773922 0.03034330462533982
483 0.08 0.06156529919845011 0.03054698001843307
484 0.08 0.01756832281919873 0.03031705223145478
485 0.08 0.03738154029026854 0.01909488934744157
486 0.08 0.01531116564382714 0.01905106626264939
487 0.08 0.06357943372315522 0.0193478908952027
488 0.08 0.05937949708892845 0.03432750701749061
489 0.08 0.05500307426529386 0.03433011592962513
490 0.08 0.06373532443766723 0.03432848899790279
491 0.08 0.01972298782153042 0.03410070073659685
492 0.08 0.01537638932286716 0.03405864207207333
493 0.08 0.06172646836873447 0.01538373547950568
494 0.08 0.05729022281211509 0.01538025747120474
495 0.08 0.06564926733042625 0.02319146077394304
496 0.08 0.0666578376264665 0.01595824607352816
497 0.08 0.05719406855688364 0.03812698553121532
498 0.08 0.01323907003408929 0.03030409960206621
499 0.08 0.05962969790218007 0.01153858313517432
500 0.08 0.06590611041039166 0.03056989972735156
501 0.08 0.0527973067414701 0.03811688026313458
502 0.08 0.02408745079490416 0.03414206135492295
503 0.08 0.0551444626588779 0.01156090707126639
504 0.08 0.06805025459707935 0.03432313352963557
505 0.08 0.02140829142959705 0.03819740163630447
506 0.08 0.0254261505886205 0.03835653265945591
507 0.08 0.01116172085533463 0.0114036924503272
508 0.08 0.06590644509662168 0.03807316858144717
509 0.08 0.01112092410697167 0.03399017854696981
510 0.08 0.01319597207006065 0.03777576578155119
511 0.08 0.07005808991805715 0.03797021871938267
512 0.08 0.05741371091122888 0.007789009241255558
513 0.08 0.05060308186267088 0.03431875372842686
514 0.08 0.04885204355018697 0.03846935672508838
515 0.08 0.05288597188268319 0.01534880082208825
516 0.08 0.0507550749443163 0.01154046322833403
517 0.08 0.06999931815757146 0.03050358025010382
518 0.08 0.00931504991700635 0.03001927355675051
519 0.08 0.01135506266319311 0.02660281243662878
520 0.08 0.009142965958646139 0.03769554326388846
521 0.08 0.01100329632230063 0.04131688879471027
522 0.08 0.05461987170725771 0.04261890311269967
523 0.08 0.05918918206842733 0.04215625436745207
524 0.08 0.06777060358925764 0.04193856991633214
525 0.08 0.00666452244660572 0.04145883298462527
526 0.08 0.06196500085179142 0.007722993070672229
527 0.08 0.01531403939142932 0.04154542604963071
528 0.08 0.06781496793681729 0.0269373229803535
529 0.08 0.008977983259507325 0.007614691409143282
530 0.08 0.004177265247996216 0.007073170754282144
531 0.08 0.006743794152779441 0.01116670866854124
532 0.08 0.008544990907011208 0.01505392351770243
533 0.08 0.00601207925099603 0.01888268248205286
534 0.08 0.01058677757870088 0.01959674394728306
535 0.08 0.007520031227477348 0.02226733278801887
536 0.08 0.01998497920284956 0.003837390268448254
537 0.08 0.07238830510473113 0.0418170610085831
538 0.08 0.0691649029053793 0.04610840187921723
539 0.08 0.01109221304200468 0.04638038097877618
540 0.08 0.02214605077190334 0.007662257559651373
541 0.08 0.02658473749151645 0.007685157947411065
542 0.08 0.06885745889773839 0.003803835498543699
543 0.08 0.07108313430668814 0.007582191993463072
544 0.08 0.07585878104043046 0.007047751613905941
545 0.08 0.07332433679967743 0.01114270123008136
546 0.08 0.06896680048947401 0.01136568241047843
547 0.08 0.07150181657038097 0.01516951648621074
548 0.08 0.07400742240040457 0.01889730531924182
549 0.08 0.07015450141219758 0.019363978181798
550 0.08 0.07246379228025816 0.02235993771574867
551 0.08 0.06428861040273945 0.01159398918344734
552 0.08 0.02014884991300244 0.0462151845570662
553 0.08 0.02279137898467687 0.04235040642541175
554 0.08 0.06371995252200284 0.02677148234604669
555 0.08 0.02885761961009547 0.003868116726426636
556 0.08 0.03104969217881075 0.007703085491912441
557 0.08 0.0287523406155857 0.01150627001051421
558 0.08 0.03320288278700056 0.01152386974635456
559 0.08 0.03090182705720428 0.01530901010836578
560 0.08 0.035478769570814 0.007710184594713626
561 0.08 0.03758936242025011 0.01154172886404166
562 0.08 0.01545794904756154 0.02657068677131291
563 0.08 0.01342841014351681 0.02304307221863696
564 0.08 0.01762738749178036 0.02283407452964973
565 0.08 0.01313274751691887 0.01528721591907617
566 0.08 0.02888042638798852 0.04616074917744074
567 0.08 0.03332549551692224 0.04615495940526647
568 0.08 0.03554537530925874 0.04230766321827185
569 0.08 0.03998804243589646 0.04230337518738399
570 0.08 0.03776637464558937 0.03846256941509179
571 0.08 0.03333297051445934 0.03846350530327445
572 0.08 0.03606598013255673 0.03458051175741841
573 0.08 0.04220033594670288 0.03845679251924372
574 0.08 0.04442167589810237 0.04229119649967028
575 0.08 0.03124820440574513 0.04239579759813636
576 0.08 0.03990355222586919 0.007741702843784889
577 0.08 0.04197218271999079 0.01156262875285603
578 0.08 0.04431586755865888 0.007737116122274627
579 0.08 0.03997597257608207 0.0346250506465571
580 0.08 0.04221436683970825 0.04614474099030214
581 0.08 0.04640727185486152 0.04619133892955102
582 0.08 0.03330344600499505 0.003855719110433749
583 0.08 0.04219405446793939 0.003876073653543606
584 0.08 0.04659299930331812 0.003879706799031878
585 0.08 0.02708732834523049 0.04239536189955887
586 0.08 0.06152660182267759 0.0381366667160249
587 0.08 0.04178543518504561 0.01909222000074412
588 0.08 0.02859156713258514 0.01906333348933823
589 0.08 0.07642310312844139 0.03162526113367549
590 0.08 0.0466540284378935 0.03484815589860758
591 0.08 0.07649550086591178 0.03960839905698608
592 0.08 0.003302068207939046 0.03137561108464923
593 0.08 0.02627824914029487 0.03039718338189212
594 0.08 0.07256590799820713 0.03390455673465755
595 0.08 0.05280629725728053 0.03053062986604808
596 0.08 0.05506258870870201 0.01915362225001732
597 0.08 0.05977237845602321 0.003931736458894507
598 0.08 0.01727942651516346 0.03808476995654481
599 0.08 0.02800404540260595 0.0345817703372179
600 0.08 0.06658098914337612 0.007657427711881272
601 0.08 0.0506312496012187 0.01912246581111808
602 0.08 0.04840636480793249 0.03072443155624726
603 0.08 0.04848459565413488 0.01534275591218312
604 0.08 0.06346176621532429 0.04206385884256944
605 0.08 0.02430500247600055 0.01146352946264442
606 0.08 0.05306332754929151 0.007765228215528522
607 0.08 0.05732117896761495 0.0456583246292562
608 0.08 0.050948695411388 0.04158344723765128
609 0.08 0.07227643648666576 0.02647228201977781
610 0.08 0.03490444118668364 0.03049852452581507
611 0.08 0.03909972094893998 0.03060694221448992
612 0.08 0.03298955328456259 0.01910036274662974
613 0.08 0.04637665493781092 0.01155460129145402
614 0.08 0.0352747825289655 0.01532454666745094
615 0.08 0.04868289369221624 0.007733338552141608
616 0.08 0.03964460472583649 0.01534813429332831
617 0.08 0.04405988163214054 0.01535370204384356
618 0.08 0.05539232764792607 0.003901481595317528
619 0.08 0.003835722961734141 0.02276174947286667
620 0.08 0.07632726990841845 0.02287626177437382
621 0.08 0.07656578918736176 0.04373327601677432
622 0.08 0.003271154541573234 0.04359794703162007
623 0.08 0.003162623446715906 0.03957174752038176
624 0.08 0.006930608382259003 0.03367367859029247
625 0.08 0.007379237646302888 0.02596559901677254
626 0.08 0.003044201295826737 0.01083862433699915
627 0.08 0.07693388852288691 0.0108544811609904
628 0.08 0.06078351509175408 0.04660336085454092
629 0.08 0.02950862872861546 0.03855032247436176
630 0.08 0.03205951366621358 0.03453558884735436
631 0.08 0.01868384494671495 0.04262984041930137
632 0.08 0.07363331120185057 0.03749999999999999
633 0.08 0.06928708296353626 0.02343443250768232
634 0.08 0.002617225525369987 0.01875000000000002
635 0.08 0.003296218738167189 0.003228929617007964
636 0.08 0.0767037812618328 0.003228929617007914
637 0.08 0.07741888531968029 0.01875000000000002
638 0.08 0.002924555735371725 0.0470707313338851
639 0.08 0.0771398377144305 0.04720502880044706
640 0.08 0.07340571816688529 0.02999303684313869
641 0.08 0.006038995458028443 0.02952390544447445
642 0.08 0.005744497329166214 0.03768693063715968
643 0.08 0.009037717527573817 0.04380013184763881
644 0.08 0.04334667487226977 0.03551523827562115
645 0.08 0.04763715371116049 0.04281537591739835
646 0.08 0.04538804262936658 0.03907639915418871
647 0.08 0.06682674138335584 0.02001137384075439
648 0.08 0.054379912691999 0.04688213472764007
649 0.08 0.01026188257935442 0.02364151566695318
650 0.08 0.01293555056849334 0.04377306728272051
651 0.05111111111111113 0 0.0038490017945975
652 0.03333333333333336 0 0.003849001794597501
653 0.02443112129658698 0 0.04614809031788537
654 0.04222757825785499 0 0.04615017902878158
655 0.07639156081756485 0 0.02708333333333334
656 0.003307640729928662 0 0.02281978861947741
657 0.05549506812611826 0 0.046121217618128
658 0.02029574914436023 0 0.003112084545940827
659 0.06491168043348375 0 0.003897637025074117
660 0.003820427362041079 0 0.03523673793162937
661 0.07636855459087372 0 0.01512873891142585
662 0.06436202540201549 0 0.04617579040495225
663 0.0419508433349176 0 0.003679782025650878
664 0.01553867351217854 0 0.04616142760234782
665 0.03333333333333336 0 0.0461509982054025
666 0.003608439182435158 0 0.01458333333333335
667 0.07610406332408751 0 0.03517305898194383
668 0.01160296172257396 0 0.00373097208008263
669 0.07314476686200198 0 0.04627735413159779
670 0.07359219255515576 0 0.003534490963219598
671 0.006867250710344223 0 0.04627363358026668
672 0.003608439182435163 0 0.00625000000000001
673 0.01112618008385772 0 0.04615969828087415
674 0.01332623497354414 0 0.04236163281599931
675 0.01773838729767686 0 0.04234448002563535
676 0.01549796395504948 0 0.03856650616729677
677 0.01990582491407026 0 0.0385396378244683
678 0.01768190301143616 0 0.03477426770350568
679 0.02205496735515664 0 0.03474712217380588
680 0.02006945321760541 0 0.03110427067837585
681 0.02425990907007769 0 0.03097764058237091
682 0.02227770439494768 0 0.02732615515473105
683 0.02644751263377817 0 0.0271813202552626
684 0.02423624955827941 0 0.02339404591632243
685 0.02859381445989746 0 0.02339423094692858
686 0.03079121722226789 0 0.02713724186493129
687 0.03296946808827913 0 0.02334707074579567
688 0.03520009060800397 0 0.02710073685201668
689 0.03739034234475432 0 0.02329047330079911
690 0.03961803852969229 0 0.02707312096625389
691 0.04181025132140904 0 0.02326211277796943
692 0.04403872440107327 0 0.02706961879732736
693 0.04623119316616812 0 0.02324314914990844
694 0.04845922727100174 0 0.0270343608676291
695 0.05065116028614027 0 0.02322642309206912
696 0.0528763104846605 0 0.02702827809916367
697 0.05506245735284749 0 0.02321889982130076
698 0.05727890483603149 0 0.02700578965097369
699 0.0594580972667919 0 0.02320276278568906
700 0.01979521898199726 0 0.02339303714676387
701 0.02609576406196574 0 0.01975718122509052
702 0.05724943514566053 0 0.01942128925928622
703 0.05072863624568159 0 0.03082499762723916
704 0.06164947904907371 0 0.0269871904122027
705 0.05948957495930307 0 0.03076953215548811
706 0.06162265151172945 0 0.01941890866128046
707 0.03751864629785552 0 0.03083987159372879
708 0.03968178903260778 0 0.01867197887432933
709 0.04858086257978478 0 0.01950571461030836
710 0.01541005409356849 0 0.03036107807207163
711 0.02645707985505393 0 0.03473202590833183
712 0.06362317705940823 0 0.03061362083783754
713 0.05943772737177021 0 0.01563437943703307
714 0.06379679766426422 0 0.01563653735019784
715 0.0659665835479878 0 0.0193971807487005
716 0.06175339532663762 0 0.03457930833670307
717 0.06665997885455147 0 0.03402909267562231
718 0.06573318939087158 0 0.02675503250664234
719 0.0550483549318339 0 0.01562708288155215
720 0.05725122665860916 0 0.01183226701620694
721 0.05734281628941574 0 0.03457729364463513
722 0.05295919965125795 0 0.01188068220125335
723 0.05965885833687751 0 0.03842111534144617
724 0.05528946381051057 0 0.03838585787562052
725 0.06810788479641032 0 0.0156468459711786
726 0.07025660413776634 0 0.01937953997807933
727 0.01109599260461237 0 0.03860322418818669
728 0.06596419854007494 0 0.0118915132438438
729 0.07011121558686109 0 0.0120052761603182
730 0.05473172175116905 0 0.007296687540784797
731 0.05925398315169578 0 0.007804451724522429
732 0.06782392830508147 0 0.008032815034030923
733 0.06808484317316248 0 0.02308153225895313
734 0.07276577418051851 0 0.02382142254168569
735 0.07431396758518845 0 0.01928192495869623
736 0.00895089414334261 0 0.04239600114718162
737 0.004152709425591268 0 0.04294544128246076
738 0.006688797817160769 0 0.03885253961616507
739 0.008474755918250206 0 0.03495713625488596
740 0.005971000867820894 0 0.03113002014450768
741 0.01033602939740129 0 0.03091377069319561
742 0.007465378109642614 0 0.02746137056382102
743 0.01187992161828227 0 0.02689154497232572
744 0.00903544409430989 0 0.02356219281228025
745 0.01306726913739129 0 0.02278916943053007
746 0.01042752953033342 0 0.019531600675226
747 0.01437342153336276 0 0.01866714692093038
748 0.01171070055377773 0 0.01542642473218939
749 0.01586521004302598 0 0.01461997709013356
750 0.01312755966700307 0 0.01134839034348972
751 0.01728125771401365 0 0.01065166857479128
752 0.02025247648190755 0 0.01376045853640563
753 0.02163905927764552 0 0.009887137907336016
754 0.02462916409297581 0 0.01289693147420591
755 0.02608637989139515 0 0.008992028991931512
756 0.02886462856768362 0 0.01220428313141097
757 0.009197791559498087 0 0.01198536041652452
758 0.03056217689442989 0 0.007469737132854542
759 0.03322283804836085 0 0.01152913346146995
760 0.03186819381146265 0 0.01560800646778576
761 0.03611478728362497 0 0.01497316635631149
762 0.03760067955295061 0 0.01096766576643711
763 0.04040778533580357 0 0.01417967788120898
764 0.0419370651130333 0 0.01013970906267962
765 0.04471489636140248 0 0.0132534286426215
766 0.04627625816557271 0 0.009232177238152457
767 0.01594242648117753 0 0.02551874365757563
768 0.01435209627072236 0 0.007364606424059232
769 0.0269201653608441 0 0.004642055895142981
770 0.03501128945612968 0 0.01932956087860081
771 0.01308278316338633 0 0.03469599717985705
772 0.06886155957560153 0 0.04620050956500239
773 0.07108168139857403 0 0.04241510783813131
774 0.07585841896242523 0 0.04295235118801565
775 0.07332411724388724 0 0.03885891588473142
776 0.06896859089086625 0 0.03863716360076497
777 0.07150125354225954 0 0.03483254822649053
778 0.07410093180995493 0 0.03143634740303047
779 0.07044588745252076 0 0.03086093737657772
780 0.0642534042399437 0 0.03838920931074374
781 0.06189424472843642 0 0.04227608890282412
782 0.01998829966994028 0 0.04616125474341838
783 0.06375247398993615 0 0.0231404345622447
784 0.07245922124234755 0 0.008149854676994405
785 0.02216038170060984 0 0.04233147975178525
786 0.0266327655911139 0 0.04230701478537697
787 0.06918594213480922 0 0.003880429593068645
788 0.05110856576847181 0 0.04615640452776855
789 0.04667616691834142 0 0.04615174497761258
790 0.04445429060502088 0 0.04230576320182154
791 0.04000994285981322 0 0.04230220347929955
792 0.04223355994544971 0 0.03846143582984106
793 0.04661434950987772 0 0.038464125408919
794 0.03776990195444006 0 0.03847248480586486
795 0.04428132353050916 0 0.03462798632894194
796 0.04885207971733158 0 0.04229829906207411
797 0.03556602965225913 0 0.04230198551826496
798 0.03333043959683024 0 0.03847352047740185
799 0.02245777486683862 0 0.02018608242747125
800 0.03111274061987737 0 0.04230438708741028
801 0.02882177274088494 0 0.03848775832214032
802 0.03099931356537293 0 0.03466947487588769
803 0.03984444908694899 0 0.03464407729578253
804 0.02887878669904057 0 0.04614446174438486
805 0.06657025103923957 0 0.04234897827040313
806 0.03777889593133142 0 0.04615127773230968
807 0.03746418664112176 0 0.003773251595460349
808 0.04672828345105436 0 0.00455267482326809
809 0.0444068364845778 0 0.0195027800042108
810 0.06158738845001863 0 0.01182532234479778
811 0.003537036658742283 0 0.01860301105750162
812 0.02866046066024154 0 0.03091349837188332
813 0.05287302448438773 0 0.01943690681427703
814 0.003377671976924716 0 0.01041666666666668
815 0.05319799324571196 0 0.04221829391600243
816 0.07650912638127896 0 0.01047698782029226
817 0.007301232517739269 0 0.0161606722451083
818 0.05510522808310769 0 0.0308065862815915
819 0.05092040095431893 0 0.01577257898537184
820 0.01030976754431853 0 0.007743520142842101
821 0.05301622666465029 0 0.03461228878324854
822 0.06351483770880598 0 0.007904425189379567
823 0.07223452675624609 0 0.01567572893780443
824 0.02433879869281491 0 0.03852417312765142
825 0.05987806953679321 0 0.04609445125771147
826 0.05736783926432726 0 0.00431631948365772
827 0.06952254751606882 0 0.02712236923842598
828 0.04630563590202905 0 0.03079294260599766
829 0.07685136773364211 0 0.02246166902784143
830 0.03309797358759479 0 0.03089499015787316
831 0.0419344696246847 0 0.03084126959800536
832 0.03542678734817375 0 0.03466573653442315
833 0.0509459375699363 0 0.03845058142070176
834 0.04866492135171067 0 0.03465619268131886
835 0.05055416652028449 0 0.008117468615408269
836 0.006932282784866444 0 0.003863339361486974
837 0.05756894963074131 0 0.04225283748528878
838 0.003624639132027705 0 0.02736927650624105
839 0.07658227091717912 0 0.006274278679592864
840 0.0302950680306302 0 0.01954279587381075
841 0.03499724563856842 0 0.00761383496755998
842 0.01901071854598119 0 0.01841575761937266
843 0.0231122303411282 0 0.005956817830467597
844 0.01582272135603241 0 0.003484708891064312
845 0.04881151802306457 0 0.01230603413769155
846 0.02759083510052101 0 0.0160960559393852
847 0.006545080820579884 0 0.008793147764586718
848 0.03947990508518146 0 0.00724701119073134
849 0.006658506841656499 0 0.02078836859061522
850 0.01643781093598201 0 0.02175677095503452
851 0.003011378234414722 0 0.03918370472037402
852 0.07693364107270659 0 0.03914631872080798
853 0.01859768724338964 0 0.006822487503282668
854 0.06081450432074179 0 0.003378747505761057
855 0.07353652891152149 0 0.01228731730136703
856 0.04697666116217979 0 0.01609427270348522
857 0.02379219203840804 0 0.01656713746400731
858 0.002584116111425126 0 0.03125000000000001
859 0.00329621873816719 0 0.04677107038299205
860 0.07670378126183286 0 0.04677107038299212
861 0.07741591826880836 0 0.03125000000000001
862 0.07281829165219401 0 0.02812173940038291
863 0.04349844937470404 0 0.006995068370645246
864 0.003080114534506559 0 0.002998418466436625
865 0.0771460038055781 0 0.002795087261895827
866 0.02422540738270972 0 0.002605294705834115
867 0.04308150641562292 0 0.01626685845134335
868 0.07763690381858089 0 0.01875000000000002
869 0.05441821351831828 0 0.003099287468489498
870 0.02995562775275191 0 0.003142427708836064
871 0.01877451078975599 0 0.02766080312246425
872 0.06697956934670546 0 0.02992400354084034
873 0.006044338105376644 0 0.02475708954921452
874 0.005886574601383647 0 0.01247080281269366
875 0.05111111111111113 0.08 0.04615099820540251
876 0.03333333333333336 0.08 0.0461509982054025
877 0.02443112129658698 0.08 0.003851909682114637
878 0.0422251882235303 0.08 0.003847382378676919
879 0.07639156081756485 0.08 0.02291666666666667
880 0.003307640729928684 0.08 0.02718021138052261
881 0.0554928488095385 0.08 0.003880050080480224
882 0.02029574914436025 0.08 0.04688791545405916
883 0.06491168043348378 0.08 0.04610236297492595
884 0.003820427362041085 0.08 0.01476326206837064
885 0.07636855459087369 0.08 0.0348712610885742
886 0.06436477153302786 0.08 0.003825785279213224
887 0.04195084333491764 0.08 0.04632021797434911
888 0.01553867351217854 0.08 0.003838572397652186
889 0.03333096740259602 0.08 0.003850011280796163
890 0.00360843918243516 0.08 0.03541666666666667
891 0.07610406332408765 0.08 0.01482694101805614
892 0.01160296172257401 0.08 0.04626902791991737
893 0.07359219255515581 0.08 0.04646550903678046
894 0.07314476686200203 0.08 0.003722645868402212
895 0.006867250710344227 0.08 0.003726366419733327
896 0.00360843918243516 0.08 0.04375000000000002
897 0.01112618008385772 0.08 0.003840301719125857
898 0.01332623497354414 0.08 0.007638367184000695
899 0.01773838729767686 0.08 0.007655519974364654
900 0.01549796395504947 0.08 0.01143349383270323
901 0.01990582491407025 0.08 0.01146036217553171
902 0.01768190301143613 0.08 0.01522573229649434
903 0.02205496735515661 0.08 0.01525287782619415
904 0.02006945321760537 0.08 0.01889572932162416
905 0.02425990907007763 0.08 0.01902235941762914
906 0.02227770439494762 0.08 0.02267384484526898
907 0.02644751263377809 0.08 0.02281867974473746
908 0.02423626729561638 0.08 0.02660303165507074
909 0.0285938174161202 0.08 0.02660528198163701
910 0.03079121722226781 0.08 0.02286275813506881
911 0.03296946858098284 0.08 0.02665284807563199
912 0.03520009620188185 0.08 0.02289758601291381
913 0.03739034234475422 0.08 0.02670952669920106
914 0.03961804105584291 0.08 0.02292625025774768
915 0.04181025174243406 0.08 0.026737782426031
916 0.04403872545193317 0.08 0.02293015087160116
917 0.0462311934114822 0.08 0.02675679499557988
918 0.04845922943898065 0.08 0.02296517811041559
919 0.05065116068835571 0.08 0.02677349076185326
920 0.0528763109130262 0.08 0.02297163070616438
921 0.05506245749127762 0.08 0.02678107062190788
922 0.05727890490350714 0.08 0.02299419597385235
923 0.05945809726679183 0.08 0.02679723721431129
924 0.01979521898199716 0.08 0.02660696285323615
925 0.02609481562916605 0.08 0.03023835254477391
926 0.05724943516873214 0.08 0.03057870581458218
927 0.05072939466022287 0.08 0.01917408176616029
928 0.0616494790603196 0.08 0.02301280719193528
929 0.05948957497242333 0.08 0.01923046504933944
930 0.06162265151557467 0.08 0.03058109051769787
931 0.03751902408495697 0.08 0.01915458762984507
932 0.0396817890927542 0.08 0.0313280061548136
933 0.04858086268770628 0.08 0.03049426172292691
934 0.0154100540935685 0.08 0.01963892192792835
935 0.02645504894218199 0.08 0.01526717380411976
936 0.06362317706346927 0.08 0.0193863782969903
937 0.05943772737625633 0.08 0.03436561960510826
938 0.06379679766525602 0.08 0.03436346243803091
939 0.06596658354879391 0.08 0.03060281907916751
940 0.06175339532950121 0.08 0.01542069105323971
941 0.06665997885554083 0.08 0.01597090711363071
942 0.06573318939342272 0.08 0.02324496694985214
943 0.05504835493642676 0.08 0.03437291613778304
944 0.05725122666012228 0.08 0.03816773266070603
945 0.05734281629207974 0.08 0.01542270578782678
946 0.05295919965227561 0.08 0.03811931758145488
947 0.05965885258585069 0.08 0.01157888135403176
948 0.05528969661612909 0.08 0.01161428651849444
949 0.06810788479670996 0.08 0.03435315396483765
950 0.0702566041379506 0.08 0.03062045998256819
951 0.01109599260461238 0.08 0.0113967758118133
952 0.0659641985402902 0.08 0.03810848671019719
953 0.07011121558694694 0.08 0.03799472382135807
954 0.05473172175153058 0.08 0.04270331238201835
955 0.05925398315200819 0.08 0.04219554820876371
956 0.06782392830511735 0.08 0.04196718495831651
957 0.06808484317375268 0.08 0.02691846761521533
958 0.07276577418062907 0.08 0.02617857743471664
959 0.07431396758523751 0.08 0.03071807503081211
960 0.008950894143342616 0.08 0.007603998852818386
961 0.004152709425591272 0.08 0.007054558717539248
962 0.006688797817160776 0.08 0.01114746038383493
963 0.008474755918250218 0.08 0.01504286374511403
964 0.005971000867820918 0.08 0.01886997985549232
965 0.01033602939740132 0.08 0.01908622930680438
966 0.007465378109642666 0.08 0.02253862943617899
967 0.01187992161828232 0.08 0.02310845502767426
968 0.009035444094309963 0.08 0.02643780718771975
969 0.01306726913739134 0.08 0.0272108305694699
970 0.01042752953033349 0.08 0.03046839932477399
971 0.01437389839186272 0.08 0.03133268083705025
972 0.01171078003019446 0.08 0.03457354656080738
973 0.01586597036741201 0.08 0.03537974827953556
974 0.01312769963380362 0.08 0.03865155910028792
975 0.01728140776254482 0.08 0.03934827722744981
976 0.02025232619356361 0.08 0.03623826996856381
977 0.02163905923767679 0.08 0.0401126411438657
978 0.02462816941919373 0.08 0.0371018442336341
979 0.02608621410577008 0.08 0.04100773013457541
980 0.0288644351577825 0.08 0.03779547267431348
981 0.009197828133367694 0.08 0.03801462637293788
982 0.03056212558078335 0.08 0.04253019357174991
983 0.03322281723853547 0.08 0.03847083988124503
984 0.03186815810817491 0.08 0.03439194839028746
985 0.03611478483442997 0.08 0.03502682987919494
986 0.0376006756764473 0.08 0.03903232916326639
987 0.04040778533580367 0.08 0.03582032211879089
988 0.04193706487758011 0.08 0.03986029062935764
989 0.04471489634710149 0.08 0.03674657133867319
990 0.04627625816557284 0.08 0.04076782276184739
991 0.01594242648117752 0.08 0.02448125634242435
992 0.01435214460661103 0.08 0.04263537611694388
993 0.02692012917763217 0.08 0.04535789241004225
994 0.03501128782488082 0.08 0.03067043282819455
995 0.01308278316338633 0.08 0.01530400282014294
996 0.06886476339511594 0.08 0.003801328733190583
997 0.07108496149950554 0.08 0.007586774229066224
998 0.07585888754827266 0.08 0.007047917678726821
999 0.07332474202501721 0.08 0.01114144260425854
1000 0.06896859089086647 0.08 0.01136283639923507
1001 0.07150135767261288 0.08 0.01516751148654996
1002 0.07410093632761929 0.08 0.01856365518760194
1003 0.07044590556068861 0.08 0.01913907297224334
1004 0.06425614941309374 0.08 0.01161236568586732
1005 0.06189610933962021 0.08 0.007724981065858759
1006 0.01998829966994028 0.08 0.003838745256581625
1007 0.06375247399310922 0.08 0.02685956476136324
1008 0.0724592212423476 0.08 0.04185014532300579
1009 0.02216038170060984 0.08 0.007668520248214758
1010 0.02662301655302624 0.08 0.007689173433856064
1011 0.06918594213481236 0.08 0.0461195704062807
1012 0.05110610072105764 0.08 0.003846034942164523
1013 0.02245722630714984 0.08 0.02981097981236161
1014 0.02887878669904057 0.08 0.003855538255615141
1015 0.03110480195305987 0.08 0.007694460507996354
1016 0.03555414666612276 0.08 0.007692471697507545
1017 0.03331253482873286 0.08 0.01151778385470732
1018 0.03776753491880447 0.08 0.01153038737492942
1019 0.02881214156092932 0.08 0.01150822048806344
1020 0.03098913006803763 0.08 0.01532375481812236
1021 0.04666695574518286 0.08 0.003846213661723861
1022 0.04444946044664463 0.08 0.007690267526321967
1023 0.04885897517443775 0.08 0.007699861229649185
1024 0.04660774995859499 0.08 0.01153478163394517
1025 0.0422207361450177 0.08 0.01153158204506687
1026 0.04428048432937545 0.08 0.01536804156726474
1027 0.03984057285210452 0.08 0.0153516078136296
1028 0.03999918968503925 0.08 0.007690153852530971
1029 0.03777750792214064 0.08 0.003846669868251933
1030 0.06657255767853827 0.08 0.007652345232071861
1031 0.04672828345105442 0.08 0.0454473251767319
1032 0.03746418664112182 0.08 0.04622674840453964
1033 0.04440683662364565 0.08 0.03049718678110037
1034 0.06158738845127174 0.08 0.03817467738763729
1035 0.02865843043696761 0.08 0.01908357625721943
1036 0.05287302459709294 0.08 0.03056306897298468
1037 0.003537036658742299 0.08 0.03139698894249839
1038 0.003377671976924733 0.08 0.03958333333333333
1039 0.05319864583939505 0.08 0.007782186980439955
1040 0.07650912638127898 0.08 0.03952301217970778
1041 0.007301249096351631 0.08 0.03383932176667157
1042 0.05510522808310769 0.08 0.01919341371840879
1043 0.05092040099202517 0.08 0.03422741283505162
1044 0.01030980502374503 0.08 0.04225646631953175
1045 0.05301739892749758 0.08 0.01538731520291184
1046 0.06351483770902228 0.08 0.0420955747644431
1047 0.07223452675629868 0.08 0.03432427105095821
1048 0.02433523017099571 0.08 0.01147438799599665
1049 0.05987846235578116 0.08 0.003906197859274978
1050 0.05736783926446203 0.08 0.04568368048756014
1051 0.06952255053463882 0.08 0.02287763237088846
1052 0.04630602158518089 0.08 0.01920497784034664
1053 0.03309473274399094 0.08 0.0191004957443817
1054 0.0768513677336687 0.08 0.02753833096647702
1055 0.0354205882494379 0.08 0.01532976953926924
1056 0.04193381155989898 0.08 0.01915593599673915
1057 0.05094708586113227 0.08 0.01154855276837793
1058 0.04864802255366733 0.08 0.01536962512983443
1059 0.05055416652036836 0.08 0.04188253136670504
1060 0.006932284736106908 0.08 0.046136659933722
1061 0.05756910259105244 0.08 0.007747763976430018
1062 0.003624639132027729 0.08 0.02263072349375897
1063 0.07658227091717915 0.08 0.0437257213204072
1064 0.03029490431089525 0.08 0.03045635647364361
1065 0.03499723917598559 0.08 0.04238615644205079
1066 0.01900996434890589 0.08 0.03158274103253036
1067 0.02311220629246088 0.08 0.04404312103654356
1068 0.01582272711030488 0.08 0.04651528903048367
1069 0.04881151802598212 0.08 0.03769396485832515
1070 0.0275894761582067 0.08 0.03390183059058572
1071 0.006545093488002658 0.08 0.04120684765992082
1072 0.0394799038263078 0.08 0.0427529871463343
1073 0.006658508815300867 0.08 0.02921163069650144
1074 0.01643775546826693 0.08 0.0282428943269422
1075 0.003011378234414727 0.08 0.01081629527962599
1076 0.07693375264076563 0.08 0.01085374529508298
1077 0.01859770867792018 0.08 0.04317747013755126
1078 0.06081450432074176 0.08 0.04662125249423893
1079 0.07353652891154919 0.08 0.03771268269272082
1080 0.04697666117878042 0.08 0.03390572328268351
1081 0.02378637432402782 0.08 0.03342700922686179
1082 0.002584116111425131 0.08 0.01875000000000002
1083 0.00329621873816719 0.08 0.003228929617007967
1084 0.0767037812618328 0.08 0.003228929617007921
1085 0.07741591826880846 0.08 0.01875000000000002
1086 0.07281829531569584 0.08 0.02187826267464141
1087 0.04349844926578822 0.08 0.04300493148570333
1088 0.003080114534506518 0.08 0.04700158153356342
1089 0.07714600380557811 0.08 0.0472049127381042
1090 0.02422540299263105 0.08 0.04739469707056503
1091 0.0430815064261141 0.08 0.03373313883009758
1092 0.07763690381858082 0.08 0.03125000000000001
1093 0.05441821351834405 0.08 0.0469007125259931
1094 0.02995561882450106 0.08 0.04685755994522413
1095 0.01877451078975596 0.08 0.02233919687753575
1096 0.06697957088710929 0.08 0.02007599721271023
1097 0.006044338105376705 0.08 0.02524291045078552
1098 0.00588657802807594 0.08 0.03752919594957987
1099 0.0038490017945975 0.0377777777777778 0
1100 0.07615099820540264 0.0422222222222222 0
1101 0.03806078410149266 0.07645571996866507 0
1102 0.04193175677631009 0.004090369757569361 0
1103 0.02444444444444448 0.003849001794597503 0
1104 0.07615099820540247 0.02444444444444444 0
1105 0.004032916858319354 0.05603247385303248 0
1106 0.05616134852043744 0.07582101151273106 0
1107 0.003849001794597503 0.02444444444444448 0
1108 0.02448544618256285 0.07668891556843901 0
1109 0.0761509982054025 0.05555555555555557 0
1110 0.05576501073411658 0.003728072790872134 0
1111 0.003610162004524472 0.04685692014333404 0
1112 0.04681163729019271 0.07601938321066146 0
1113 0.06444444444444446 0.00384900179459749 0
1114 0.0038490017945975 0.06444444444444446 0
1115 0.07615099820540247 0.06444444444444447 0
1116 0.003890418168924362 0.01561689282065988 0
1117 0.06448534221785143 0.07605091990791962 0
1118 0.03359424032086762 0.004244489450554314 0
1119 0.07615099820540247 0.01555555555555544 0
1120 0.0761509982054025 0.03333333333333331 0
1121 0.0156619211403325 0.003971954515134309 0
1122 0.01580096488389936 0.07600911755344195 0
1123 0.07574261046818438 0.007049399858121538 0
1124 0.07625023864704367 0.07316144384624534 0
1125 0.006427220419519571 0.07646483215359212 0
1126 0.006838556153754732 0.003749761352956353 0
1127 0.07616753827900934 0.06886024064104092 0
1128 0.07230475308973944 0.06666189195869202 0
1129 0.07230245585729406 0.0622214264375598 0
1130 0.06845353063711138 0.06444351602900494 0
1131 0.06845316052743963 0.05999971263331636 0
1132 0.06460410981029929 0.06222201959186838 0
1133 0.06460403997159686 0.0577776961116049 0
1134 0.06075501838345849 0.0599999526172456 0
1135 0.06075500344475124 0.05555553404740108 0
1136 0.05690599586144574 0.0577777662959597 0
1137 0.0569059924068765 0.05333332783500466 0
1138 0.05305698907173281 0.05555555272553118 0
1139 0.05305698823921354 0.05111110972305238 0
1140 0.04920798604910513 0.05333333263031962 0
1141 0.04920798584443344 0.04888888854037696 0
1142 0.04535898394980548 0.051111110935857 0
1143 0.04535898389902179 0.04666666657937248 0
1144 0.0415099820792886 0.04888888884513102 0
1145 0.04150998206663534 0.04444444442260261 0
1146 0.04535898385912396 0.04222222220403303 0
1147 0.04150998205787679 0.03999999999332835 0
1148 0.04535898385101451 0.03777777777363446 0
1149 0.03766098026217103 0.04222222221747018 0
1150 0.03766098026052653 0.03777777777587406 0
1151 0.03381197846547025 0.03999999999889096 0
1152 0.03381197846511966 0.03555555555505367 0
1153 0.02996297667038729 0.03777777777750957 0
1154 0.02996297667036487 0.04222222222199293 0
1155 0.02996297667030633 0.03333333333320526 0
1156 0.03381197846489033 0.03111111111100636 0
1157 0.02996297667025458 0.02888888888885037 0
1158 0.03381197846484345 0.02666666666664304 0
1159 0.05690598989505822 0.04888888774115781 0
1160 0.04150998207509933 0.05333333329683149 0
1161 0.02611397487565073 0.03111111111108367 0
1162 0.026113974875641 0.026666666666656 0
1163 0.04920798598318672 0.05777777718893819 0
1164 0.02611397487564723 0.03999999999997882 0
1165 0.02611397487565898 0.04444444444440299 0
1166 0.02226497308104085 0.0288888888888829 0
1167 0.02226497308103873 0.02444444444444203 0
1168 0.02611397487563585 0.02222222222222036 0
1169 0.02226497308104338 0.04222222222221211 0
1170 0.02226497308104237 0.0466666666666584 0
1171 0.02611397487563972 0.04888888888888088 0
1172 0.02226497308103903 0.05111111111110872 0
1173 0.02611397487563599 0.05333333333333187 0
1174 0.02226497308103788 0.05555555555555523 0
1175 0.02611397487563519 0.05777777777777774 0
1176 0.02226497308103748 0.01999999999999965 0
1177 0.02226497308103756 0.06000000000000023 0
1178 0.06460400274956425 0.05333331613761225 0
1179 0.02611397487563503 0.06222222222222251 0
1180 0.02611397487563476 0.01777777777777773 0
1181 0.01841597128644003 0.05777777777777807 0
1182 0.01841597128644098 0.04888888888888748 0
1183 0.01841597128644048 0.02666666666666568 0
1184 0.05690599489666113 0.06222221241146014 0
1185 0.01841597128643997 0.0622222222222226 0
1186 0.03766098025943954 0.02888888888886769 0
1187 0.0376609802594282 0.02444444444444281 0
1188 0.04150998205402684 0.02666666666666303 0
1189 0.04150998205402509 0.02222222222222153 0
1190 0.04535898384862253 0.02444444444444385 0
1191 0.04537148216792335 0.02002164772403881 0
1192 0.04921006869643649 0.02222583017622868 0
1193 0.0491939043460408 0.01785506486297004 0
1194 0.05305498773049003 0.02001348250653318 0
1195 0.05305700132879872 0.02444729285453445 0
1196 0.05690598923241453 0.0222222222222223 0
1197 0.05690599154757822 0.02666714140168174 0
1198 0.05690565594785997 0.01778002486220003 0
1199 0.06075493547958626 0.02000037451407037 0
1200 0.04150818713302911 0.01778435203799391 0
1201 0.04920798564536878 0.03999999999627802 0
1202 0.02996297667023252 0.06000000000000026 0
1203 0.01841597128644041 0.03111111111111033 0
1204 0.02996297667023253 0.06444444444444478 0
1205 0.03381197846483 0.06222222222222252 0
1206 0.02226497308103706 0.01555555555555585 0
1207 0.01841597128643955 0.01777777777777817 0
1208 0.0607220336732087 0.01561296405378367 0
1209 0.01456696949184217 0.02888888888888939 0
1210 0.0145669694918423 0.0333333333333337 0
1211 0.01456696949184244 0.06000000000000041 0
1212 0.01456696949184244 0.06444444444444486 0
1213 0.06459849067140462 0.01778740827982748 0
1214 0.06460306653867115 0.02222388972490884 0
1215 0.04920798564341671 0.0355555555552145 0
1216 0.05305698743820842 0.03777777777710076 0
1217 0.02996297667023337 0.05111111111110975 0
1218 0.01841597128643993 0.06666666666666712 0
1219 0.01071796769724466 0.03111111111111172 0
1220 0.02611397487563448 0.0133333333333337 0
1221 0.02996297667023199 0.0155555555555559 0
1222 0.03381197846483007 0.066666666666667 0
1223 0.03766098025942752 0.06444444444444472 0
1224 0.06456469035580172 0.01364601659772727 0
1225 0.01841597128643943 0.01333333333333384 0
1226 0.01456854199312637 0.01555555555555614 0
1227 0.06460410165654218 0.06666647815903445 0
1228 0.05659884813619129 0.01371104762161571 0
1229 0.06845192321068312 0.02000188300078923 0
1230 0.06845266166813012 0.02444503619502359 0
1231 0.06460378294977384 0.02666704320887762 0
1232 0.02611397487563506 0.0666666666666671 0
1233 0.06845290414622189 0.02888905027102039 0
1234 0.06460394276463977 0.03111120076516822 0
1235 0.01456723157538939 0.02000000000000059 0
1236 0.03381197846482996 0.05777777777777807 0
1237 0.01456696949184245 0.05555555555555598 0
1238 0.06845297119504834 0.0333333751726979 0
1239 0.06460398057525538 0.03555557747112588 0
1240 0.06075498064312499 0.03333335192827136 0
1241 0.06075499004520664 0.03777777953531428 0
1242 0.06460399061691706 0.04000000394551777 0
1243 0.03002804558994056 0.01122381378604054 0
1244 0.03382282328478085 0.01335211711248856 0
1245 0.01447110927714496 0.01139392533689405 0
1246 0.01450040720899101 0.06877359963312289 0
1247 0.01084696459134946 0.02666666666666731 0
1248 0.01084696459134957 0.03555555555555617 0
1249 0.01458846897419305 0.03777777777777833 0
1250 0.01087204732075887 0.04000000000000065 0
1251 0.06075499049592994 0.04222222317273142 0
1252 0.0646039923656479 0.04444444526044903 0
1253 0.053056987438241 0.04222222222148923 0
1254 0.05305699013884131 0.02888944274640648 0
1255 0.04535898384905372 0.03333333333258609 0
1256 0.03381378593482139 0.0177809084076373 0
1257 0.01459623267615308 0.04222222222222281 0
1258 0.01044758775083663 0.04492497917047725 0
1259 0.03766098026143772 0.05111111110762932 0
1260 0.02226497308104032 0.0377777777777729 0
1261 0.06845299417276535 0.04222222301580917 0
1262 0.06845299446630691 0.04666666693493197 0
1263 0.03758352142090662 0.0687547262450755 0
1264 0.04149707224760491 0.06664430622603124 0
1265 0.04150783041962162 0.06221849548211648 0
1266 0.04535647360848531 0.06444009658098762 0
1267 0.03364584755709281 0.07105614475473616 0
1268 0.04529577843797084 0.06877941390632675 0
1269 0.04919703303475528 0.06664769619233013 0
1270 0.01083587087754122 0.06664745179070602 0
1271 0.01082537465621306 0.05796381208779743 0
1272 0.01071796769724495 0.05333333333333377 0
1273 0.01084919513455204 0.01777668887495299 0
1274 0.01080224888169978 0.07093968796072697 0
1275 0.0180527900486442 0.0082920486320417 0
1276 0.0181960192110463 0.07171295557510861 0
1277 0.04911311469380535 0.07172025457521705 0
1278 0.05305698743781766 0.06888888888888869 0
1279 0.006868965902647096 0.02888888888888961 0
1280 0.006817439243991424 0.068837432208747 0
1281 0.007014523331298622 0.04179325869495826 0
1282 0.02633084847009304 0.008264189179488754 0
1283 0.03385340998382108 0.008990180140517192 0
1284 0.03766098025942689 0.01111111111111148 0
1285 0.03772135786203797 0.006714837572687781 0
1286 0.04160313299460906 0.008921917012906804 0
1287 0.04571000201348666 0.007031312989347173 0
1288 0.04532943202513509 0.01136398530495401 0
1289 0.04930217418056405 0.009403574778361389 0
1290 0.04934235308316372 0.005076971439656772 0
1291 0.0607549910270136 0.04666666666666694 0
1292 0.05690598833779815 0.03111128564235632 0
1293 0.05690598898040282 0.04000000045110604 0
1294 0.07230176235187122 0.02222263468078349 0
1295 0.05690598714709302 0.03555558811124702 0
1296 0.07230177883339522 0.0177781603543361 0
1297 0.06075497936120695 0.02888893808963291 0
1298 0.07232175260983544 0.0710768923706261 0
1299 0.07276099746912738 0.07590584245088856 0
1300 0.06845299461620755 0.07333333333333369 0
1301 0.07230197742894748 0.03111114498136028 0
1302 0.0411001775801461 0.07055001063367905 0
1303 0.02993528818560972 0.06887972782949339 0
1304 0.02980901358177611 0.07305575909084519 0
1305 0.02620969150694295 0.0707538375810403 0
1306 0.02223714203055399 0.06885073186890489 0
1307 0.06845685423850764 0.06888220382696704 0
1308 0.06457190463850426 0.07122184857043345 0
1309 0.06074832033336079 0.06890773336102723 0
1310 0.06047881749042815 0.073372686424752 0
1311 0.05685980432798653 0.07111665564078115 0
1312 0.01088451628122719 0.06225002546123232 0
1313 0.006842478517497043 0.06018438384761469 0
1314 0.06075479085153848 0.0244449348602323 0
1315 0.06845298823026609 0.03777778919345097 0
1316 0.05305698739142953 0.03333346015723938 0
1317 0.05111111111111111 0.07615099820540247 0
1318 0.07230210063709183 0.05777759725255342 0
1319 0.06845304915211747 0.05555546109658854 0
1320 0.06845300533520152 0.05111109254670738 0
1321 0.07230202465767022 0.05333328440856747 0
1322 0.0453589838486945 0.02888888888876374 0
1323 0.003778516582779457 0.05116784340483087 0
1324 0.007706977817390805 0.04902511639300151 0
1325 0.07615097861129486 0.02000003449236083 0
1326 0.07245727496038583 0.01360241024248066 0
1327 0.02004279959303518 0.07617315683903197 0
1328 0.01842084848382697 0.04444444444444143 0
1329 0.06885256436616546 0.003828029821624911 0
1330 0.06661455493029346 0.007423378331637012 0
1331 0.0623064762221888 0.007392016700099483 0
1332 0.07100199931059062 0.007273009474411882 0
1333 0.01456696949184227 0.0466666666666673 0
1334 0.04150998205411108 0.03111111111096167 0
1335 0.0108903789938427 0.02222204073841865 0
1336 0.006868965902646953 0.02000000000000071 0
1337 0.07615099820540261 0.0377777777777777 0
1338 0.04239088866370373 0.07651139385558595 0
1339 0.07615109215086514 0.05999983728168554 0
1340 0.04535898392244121 0.05555555542769779 0
1341 0.01111111111111113 0.003849001794597514 0
1342 0.008959924461315098 0.007349368838465375 0
1343 0.004099417096531679 0.0071920198806299 0
1344 0.007094981667641589 0.01145133634576191 0
1345 0.02000000000000002 0.00384900179459751 0
1346 0.06000000000000001 0.003849001794597497 0
1347 0.05794264124446472 0.007395860465521598 0
1348 0.02996297667025942 0.04666666666662009 0
1349 0.0299629766702394 0.02444444444443213 0
1350 0.07615099820540265 0.04666666666666661 0
1351 0.02226497308103688 0.01111111111111164 0
1352 0.007166811280513915 0.03407407407407452 0
1353 0.02878976601607144 0.003921210410466161 0
1354 0.03381197846542045 0.04444444444342172 0
1355 0.02226033457262358 0.06443808494111407 0
1356 0.07615100291321347 0.05111110295698346 0
1357 0.01842259507977999 0.0399999999999982 0
1358 0.05305698771543033 0.04666666618582761 0
1359 0.01841601496703128 0.02222222222222187 0
1360 0.05305698830438448 0.05999999849906199 0
1361 0.04920798573360322 0.04444444428789621 0
1362 0.05298133446239908 0.01566384819411641 0
1363 0.0376609802596853 0.03333333333288655 0
1364 0.02996297667023258 0.05555555555555566 0
1365 0.01096425637103555 0.07551297527342887 0
1366 0.03381197846526804 0.04888888888813023 0
1367 0.03766098026670352 0.04666666665406417 0
1368 0.04150998205537799 0.03555555555321186 0
1369 0.0376413130799044 0.01556030366709421 0
1370 0.02611397487567817 0.03555555555548068 0
1371 0.02996327791523216 0.020000521771641 0
1372 0.03766098026327487 0.05555555554889177 0
1373 0.06075392238545616 0.06444751046788375 0
1374 0.03381197846587942 0.0533333333315158 0
1375 0.01458529516937139 0.02444443342137615 0
1376 0.03766098025942702 0.02000000000000038 0
1377 0.04920833558410219 0.02666783503691474 0
1378 0.02226497308104837 0.03333333333331442 0
1379 0.03381232991733193 0.02222283095579944 0
1380 0.01841597128644046 0.05333333333333284 0
1381 0.03766062165433479 0.05999937887553858 0
1382 0.0184206584990574 0.03555555555555131 0
1383 0.04920804440925632 0.03111141928618748 0
1384 0.04150956369723238 0.05777705310517939 0
1385 0.07230188366766262 0.02666686657692015 0
1386 0.01469596638594751 0.05111111111111115 0
1387 0.04535813721236456 0.05999853333452362 0
1388 0.06847584608965941 0.01562953533008398 0
1389 0.06075499539081232 0.05111110355278871 0
1390 0.04920560093016564 0.06221809104004766 0
1391 0.05305476563936655 0.06444059228307587 0
1392 0.05690598925867932 0.0444444444064965 0
1393 0.05689663250344147 0.06667059884218614 0
1394 0.07615097625123583 0.02888892785230601 0
1395 0.07623753675708457 0.0114427016250131 0
1396 0.07230198827931208 0.03555557007643671 0
1397 0.07230200366476668 0.0488888763263835 0
1398 0.07230199391732567 0.04000000445502348 0
1399 0.07230199710532831 0.04444444327017281 0
1400 0.06460399688909108 0.04888888184985938 0
1401 0.05330792854700581 0.007361151428373137 0
1402 0.01099905401083321 0.01362235575821636 0
1403 0.03346677543203128 0.07572092763994041 0
1404 0.04148710846614194 0.01338417988498218 0
1405 0.04535304496960976 0.01567811954721912 0
1406 0.07316838027780942 0.003567333049818149 0
1407 0.003840021793334638 0.07288035447153021 0
1408 0.06866187814281575 0.0111258208623746 0
1409 0.04908675424668598 0.01361797086656633 0
1410 0.06032356959925795 0.01115673704231666 0
1411 0.01333333333333336 0.007244834612721366 0
1412 0.05330090230036862 0.07281115736035677 0
1413 0.02221861120884372 0.007073070502367423 0
1414 0.02301396260325303 0.07305862669389501 0
1415 0.05266492290358358 0.01160532108728158 0
1416 0.04412414856344033 0.07291175406560113 0
1417 0.007856105250358038 0.01565218829668558 0
1418 0.006749957322438153 0.05324610567997401 0
1419 0.002901292566384713 0.06878800178049989 0
1420 0.007845861342970875 0.0644727475505489 0
1421 0.002944879434082779 0.06013226042901834 0
1422 0.01162709382865243 0.0490122413349182 0
1423 0.003261032988520104 0.04241203229460015 0
1424 0.007949869663703696 0.03784013322047348 0
1425 0.003493299901287793 0.03271604938271626 0
1426 0.002842253519706479 0.02876543209876563 0
1427 0.007864855437016744 0.02444440814768415 0
1428 0.002921677173233763 0.02001226745302103 0
1429 0.03051926207615875 0.007328776593413394 0
1430 0.04606348904125877 0.003239730837314661 0
1431 0.01408558402087711 0.0726045045133285 0
1432 0.0288353391279676 0.07682506830887667 0
1433 0.003016963386619526 0.01129649425385479 0
1434 0.06883852797867021 0.07703195803035286 0
1435 0.03777777777777781 0.002963986087485145 0
1436 0.007770237341916193 0.07292705641360504 0
1437 0.03719622722830172 0.07252835747045162 0
1438 0.06011484777844052 0.0770738042474825 0
1439 0.003253559144750569 0.003253559144750569 0
1440 0.07674644085524948 0.07674644085524948 0
1441 0.0767464408552494 0.00325355914475057 0
1442 0.003155807008350713 0.07682401540095667 0
1443 0.007742215766374992 0.0563005188047279 0
1444 0.01116453990116872 0.0101120746041021 0
1445 0.006588310902763236 0.04516917675789549 0
1446 0.05593163320401345 0.01025261429140431 0
1447 0.05229970386450837 0.003155231895595346 0
1448 0.0644444444444445 0.0100797741885827 0
1449 0.07298174325666795 0.01017999160230427 0
1450 0.02668717378166446 0.07412332534195447 0
1451 0.04030939191512614 0.07383975136859575 0
1452 0.0038490017945975 0.0377777777777778 0.05
1453 0.07615099820540264 0.03777777777777776 0.05
1454 0.03806078410149264 0.07645571996866492 0.05
1455 0.0380607841014928 0.003544280031334926 0.05
1456 0.05616134852043739 0.07582101151273098 0.05
1457 0.004145573570695082 0.05603609028158765 0.05
1458 0.05605658923382887 0.004161504520625487 0.05
1459 0.07615099820540254 0.05111111111111122 0.05
1460 0.004032916858319584 0.02492136274192118 0.05
1461 0.07615099820540255 0.02444444444444444 0.05
1462 0.02448544618256279 0.07668891556843872 0.05
1463 0.02448544618256292 0.003311084431560962 0.05
1464 0.07615099820540248 0.06444444444444446 0.05
1465 0.003849001794597503 0.04666666666666668 0.05
1466 0.04679125876711857 0.003444458916397518 0.05
1467 0.0468116372901927 0.07601938321066133 0.05
1468 0.06449328578439328 0.00394956619069864 0.05
1469 0.0038490017945975 0.06444444444444446 0.05
1470 0.003610162004524664 0.01574580903222279 0.05
1471 0.06448534221785143 0.07605091990791958 0.05
1472 0.07615099820540255 0.01555555555555559 0.05
1473 0.01580096488389964 0.00399088244655803 0.05
1474 0.01580096488389941 0.07600911755344167 0.05
1475 0.07625023864704375 0.006838556153754811 0.05
1476 0.07625023864704367 0.07316144384624534 0.05
1477 0.006427220419519539 0.07646483215359204 0.05
1478 0.006427220419519767 0.003535167846407851 0.05
1479 0.07616753827900934 0.0688602406410409 0.05
1480 0.07230475308973944 0.06666189195869202 0.05
1481 0.07230245585729408 0.06222142643755978 0.05
1482 0.0684535306371114 0.0644435160290049 0.05
1483 0.06845316052743969 0.05999971263331633 0.05
1484 0.06460410981029935 0.0622220195918683 0.05
1485 0.06460403997159696 0.05777769611160481 0.05
1486 0.06075501838345856 0.05999995261724542 0.05
1487 0.06075500344475139 0.05555553404740089 0.05
1488 0.05690599586144585 0.05777776629595945 0.05
1489 0.05690599240687669 0.05333332783500439 0.05
1490 0.05305698907173297 0.05555555272553085 0.05
1491 0.05305698823921379 0.05111110972305203 0.05
1492 0.04920798604910537 0.0533333326303192 0.05
1493 0.04920798584443371 0.04888888854037652 0.05
1494 0.04535898394980579 0.05111111093585648 0.05
1495 0.04535898389902213 0.04666666657937198 0.05
1496 0.04150998207928892 0.04888888884513044 0.05
1497 0.04150998206663574 0.04444444442260204 0.05
1498 0.04535898385912438 0.04222222220403253 0.05
1499 0.04150998205787728 0.03999999999332778 0.05
1500 0.04535898385101506 0.03777777777363396 0.05
1501 0.0376609802621715 0.04222222221746955 0.05
1502 0.03766098026052708 0.03777777777587339 0.05
1503 0.03381197846547077 0.03999999999889021 0.05
1504 0.03381197846512029 0.03555555555505292 0.05
1505 0.02996297667038787 0.03777777777750873 0.05
1506 0.02996297667036532 0.04222222222199213 0.05
1507 0.02996297667030702 0.03333333333320442 0.05
1508 0.03381197846489107 0.0311111111110056 0.05
1509 0.0299629766702554 0.02888888888884951 0.05
1510 0.05690598989505814 0.04888888774115745 0.05
1511 0.04150998207509963 0.0533333332968309 0.05
1512 0.0338119784648443 0.02666666666664227 0.05
1513 0.02611397487565148 0.03111111111108271 0.05
1514 0.02611397487564189 0.02666666666665502 0.05
1515 0.02611397487564775 0.03999999999997791 0.05
1516 0.02611397487565938 0.04444444444440208 0.05
1517 0.04920798598318686 0.05777777718893776 0.05
1518 0.02226497308104166 0.02888888888888182 0.05
1519 0.0222649730810397 0.02444444444444093 0.05
1520 0.02611397487563691 0.02222222222221937 0.05
1521 0.02226497308104385 0.04222222222221112 0.05
1522 0.02226497308104275 0.0466666666666574 0.05
1523 0.02611397487564003 0.04888888888887996 0.05
1524 0.02226497308103931 0.05111111111110772 0.05
1525 0.02611397487563623 0.05333333333333094 0.05
1526 0.02226497308103809 0.05555555555555422 0.05
1527 0.02611397487563537 0.05777777777777682 0.05
1528 0.02226497308103772 0.05999999999999923 0.05
1529 0.02226497308103861 0.01999999999999854 0.05
1530 0.02611397487563514 0.06222222222222164 0.05
1531 0.02611397487563595 0.01777777777777674 0.05
1532 0.01841597128644092 0.02222222222222092 0.05
1533 0.01841597128644071 0.04444444444444304 0.05
1534 0.01841597128644052 0.05333333333333215 0.05
1535 0.05690599489666118 0.06222221241145998 0.05
1536 0.0184159712864408 0.01777777777777687 0.05
1537 0.01841597128644135 0.03999999999999754 0.05
1538 0.04920798564536924 0.0399999999962776 0.05
1539 0.04920798564341732 0.03555555555521406 0.05
1540 0.05305698743820879 0.03777777777710034 0.05
1541 0.05305698743791581 0.03333333333316338 0.05
1542 0.0492079856432695 0.03111111111102571 0.05
1543 0.05305698743784236 0.02888888888884621 0.05
1544 0.04920798564323266 0.02666666666664515 0.05
1545 0.05305698743782401 0.02444444444443363 0.05
1546 0.05690598923243576 0.03111111111107564 0.05
1547 0.04920798564322349 0.02222222222221668 0.05
1548 0.05305698743781948 0.01999999999999716 0.05
1549 0.05690598923241669 0.02222222222221991 0.05
1550 0.0569059892324156 0.01777777777777744 0.05
1551 0.06075499102701319 0.01999999999999956 0.05
1552 0.04920798564322124 0.01777777777777623 0.05
1553 0.04535898384862359 0.01999999999999864 0.05
1554 0.02996297667023265 0.05999999999999941 0.05
1555 0.06460400274956438 0.05333331613761205 0.05
1556 0.02996297667023259 0.06444444444444397 0.05
1557 0.03381197846483011 0.06222222222222172 0.05
1558 0.02226497308103759 0.06444444444444386 0.05
1559 0.01841597128644011 0.06222222222222155 0.05
1560 0.04535898384862322 0.0155555555555549 0.05
1561 0.04150998205402562 0.01777777777777725 0.05
1562 0.06075499102701306 0.01555555555555542 0.05
1563 0.01469596638594796 0.01999999999999909 0.05
1564 0.01458846897419386 0.02444444444444355 0.05
1565 0.01471746586829883 0.01555555555555473 0.05
1566 0.014566969491843 0.04222222222222119 0.05
1567 0.014566969491843 0.03777777777777681 0.05
1568 0.02996297667023362 0.05111111111110894 0.05
1569 0.04535898384863311 0.02888888888887087 0.05
1570 0.06460399282161054 0.01777777777777768 0.05
1571 0.06460399282161043 0.0222222222222222 0.05
1572 0.04919891681617331 0.01345535260365333 0.05
1573 0.01844105401585006 0.01333333333333263 0.05
1574 0.0338119784648301 0.06666666666666619 0.05
1575 0.0376609802594276 0.06444444444444397 0.05
1576 0.04150998205402556 0.01333333333333295 0.05
1577 0.03766098025942802 0.01555555555555522 0.05
1578 0.06460399282161056 0.01333333333333328 0.05
1579 0.01841597128644002 0.06666666666666604 0.05
1580 0.01456696949184255 0.06444444444444376 0.05
1581 0.06460410165654219 0.0666664781590344 0.05
1582 0.05693667874817483 0.01338648913388788 0.05
1583 0.01456696949184283 0.04666666666666586 0.05
1584 0.03381197846483011 0.0577777777777773 0.05
1585 0.04150998205402557 0.0222222222222217 0.05
1586 0.02996297667023335 0.01999999999999909 0.05
1587 0.01456696949184265 0.0599999999999993 0.05
1588 0.02996297667023318 0.01555555555555513 0.05
1589 0.02611397487563577 0.01333333333333276 0.05
1590 0.02996297667023325 0.01111111111111069 0.05
1591 0.06845299461620795 0.01999999999999999 0.05
1592 0.06845299461620789 0.02444444444444444 0.05
1593 0.06460399282161046 0.02666666666666667 0.05
1594 0.06845299461620788 0.02888888888888888 0.05
1595 0.06460399282161042 0.0311111111111111 0.05
1596 0.06845299461620788 0.03333333333333331 0.05
1597 0.0646039928216104 0.03555555555555553 0.05
1598 0.06845299461620791 0.03777777777777774 0.05
1599 0.06460399282161043 0.03999999999999997 0.05
1600 0.06845299461620788 0.0422222222222222 0.05
1601 0.06460399282161033 0.0444444444444444 0.05
1602 0.06075499102701282 0.04222222222222213 0.05
1603 0.06845299461620773 0.04666666666666673 0.05
1604 0.0299629766702326 0.06888888888888842 0.05
1605 0.01450040720899112 0.06877359963312187 0.05
1606 0.01452967039330267 0.01122640036687684 0.05
1607 0.01841597128644051 0.03555555555555461 0.05
1608 0.01456696949184288 0.03333333333333258 0.05
1609 0.05305698743824105 0.04222222222148879 0.05
1610 0.03766098026143802 0.05111111110762868 0.05
1611 0.07230210063709192 0.05777759725255344 0.05
1612 0.03766098025944032 0.02888888888886702 0.05
1613 0.07230199641080531 0.0311111111111111 0.05
1614 0.0723019964108052 0.04444444444444454 0.05
1615 0.02225784793790165 0.06880997004658301 0.05
1616 0.03758352142090707 0.01124527375492444 0.05
1617 0.03758352142090662 0.06875472624507481 0.05
1618 0.04149707224760495 0.0666443062260306 0.05
1619 0.04150783041962175 0.06221849548211583 0.05
1620 0.04535647360848534 0.06444009658098709 0.05
1621 0.04529577843797084 0.06877941390632626 0.05
1622 0.04919703303475523 0.06664769619232977 0.05
1623 0.01043756696085023 0.01383033795304588 0.05
1624 0.01071796769724554 0.02222222222222137 0.05
1625 0.01082895790327204 0.02685270097668527 0.05
1626 0.01084696459135015 0.03555555555555485 0.05
1627 0.01084696459135011 0.04444444444444374 0.05
1628 0.01055248076125254 0.04936580718636522 0.05
1629 0.01084696459134995 0.06222222222222144 0.05
1630 0.010978306969669 0.05796803125444441 0.05
1631 0.04111286344965845 0.009428016795787916 0.05
1632 0.01074074209297034 0.009139943663231511 0.05
1633 0.01820378291300679 0.0082870444248913 0.05
1634 0.0491131146938053 0.07172025457521679 0.05
1635 0.05305698743781757 0.06888888888888847 0.05
1636 0.006868965902648311 0.01111111111111015 0.05
1637 0.006868084841812593 0.0600943517837718 0.05
1638 0.02623996676912337 0.009198373201978881 0.05
1639 0.02986231546275116 0.006985133725374642 0.05
1640 0.01075796554726726 0.03114211682944697 0.05
1641 0.006868965902647801 0.03333333333333271 0.05
1642 0.006982148536396924 0.02872888644364442 0.05
1643 0.07232175260983544 0.07107689237062609 0.05
1644 0.07276099746912738 0.07590584245088856 0.05
1645 0.06845299461620755 0.07333333333333369 0.05
1646 0.056905989232551 0.03999999999976477 0.05
1647 0.01459571741490947 0.02892506222694748 0.05
1648 0.0607549911374532 0.04666666647537805 0.05
1649 0.01085737035989211 0.06664745179070487 0.05
1650 0.01080583212875831 0.07093968796072622 0.05
1651 0.006818745092044836 0.06883743220874608 0.05
1652 0.06075499102701626 0.03333333333332739 0.05
1653 0.06075499102701315 0.02444444444444397 0.05
1654 0.06845304915211758 0.05555546109658852 0.05
1655 0.06845685423850767 0.06888220382696703 0.05
1656 0.06457190463850426 0.07122184857043343 0.05
1657 0.06074832033336076 0.06890773336102721 0.05
1658 0.06047881749042811 0.07337268642475193 0.05
1659 0.05685980432798643 0.07111665564078105 0.05
1660 0.01842076260695213 0.03111714000078589 0.05
1661 0.06075499102701307 0.01111111111111105 0.05
1662 0.05670954945392576 0.008990426545515403 0.05
1663 0.06458554164874103 0.008776676115855066 0.05
1664 0.06844991942072974 0.01109240898227215 0.05
1665 0.06845299461620813 0.006666666666666692 0.05
1666 0.060433326191317 0.006649465173463241 0.05
1667 0.05251875254214624 0.00731740879168586 0.05
1668 0.02611278735177908 0.06665351352628193 0.05
1669 0.02623858132462411 0.07078628146757193 0.05
1670 0.02986208455533418 0.07301230871954995 0.05
1671 0.03362903220460968 0.07100264065243836 0.05
1672 0.02226577163445981 0.0333343381482729 0.05
1673 0.05305698771543035 0.04666666618582722 0.05
1674 0.05690598940762442 0.04444444414097307 0.05
1675 0.02611410796791529 0.03555572302463732 0.05
1676 0.04110017758014615 0.07055001063367856 0.05
1677 0.04535898384906427 0.03333333333256845 0.05
1678 0.05111111111111111 0.07615099820540247 0.05
1679 0.06075392238545619 0.06444751046788363 0.05
1680 0.01819500133345553 0.07170168145477862 0.05
1681 0.06845300536018499 0.05111109250199648 0.05
1682 0.003791023464978994 0.0513772345421357 0.05
1683 0.007627485681616302 0.05319513729123217 0.05
1684 0.0761509982054026 0.02000000000000002 0.05
1685 0.02004273776859453 0.07617247206495939 0.05
1686 0.03766098026653243 0.04666666665436056 0.05
1687 0.03381197846660047 0.04444444444137788 0.05
1688 0.05309128040169633 0.01563790720125521 0.05
1689 0.03766098025942798 0.01999999999999966 0.05
1690 0.01088996355605178 0.03999999999999922 0.05
1691 0.00686896590264774 0.04222222222222163 0.05
1692 0.05690598923252341 0.0355555555553682 0.05
1693 0.03766098025967156 0.03333333333291084 0.05
1694 0.04239088866370377 0.07651139385558578 0.05
1695 0.003778516582779521 0.02005673229371975 0.05
1696 0.00770624743911207 0.01791520571145863 0.05
1697 0.01095546968693167 0.004498400672850868 0.05
1698 0.02004327114927672 0.003826843160968005 0.05
1699 0.05305698830438454 0.05999999849906171 0.05
1700 0.03766062165369373 0.05999937887664856 0.05
1701 0.07616753827900949 0.01113975935895915 0.05
1702 0.01842514440742963 0.02667370037128677 0.05
1703 0.04238749224319147 0.003399246498923889 0.05
1704 0.04920798573360348 0.04444444428789578 0.05
1705 0.0109647682634725 0.07551297527342854 0.05
1706 0.04519089219768846 0.01139518937562664 0.05
1707 0.01841597128644146 0.04888888888888611 0.05
1708 0.06075499540921898 0.05111110352090696 0.05
1709 0.01456696949184268 0.05111111111111052 0.05
1710 0.03766098025942909 0.02444444444444212 0.05
1711 0.02226512835532475 0.0377779731584419 0.05
1712 0.04535898392244148 0.05555555542769722 0.05
1713 0.04150998205536343 0.03555555555323753 0.05
1714 0.06845248208362821 0.01555243853408239 0.05
1715 0.02996297667055484 0.04666666666610825 0.05
1716 0.02226915353593991 0.01555555555555468 0.05
1717 0.0453589838486273 0.02444444444443656 0.05
1718 0.07615101557645035 0.05555552546801819 0.05
1719 0.07230202755700874 0.05333327938652617 0.05
1720 0.02996297667024039 0.02444444444443119 0.05
1721 0.02996297667023272 0.05555555555555479 0.05
1722 0.0646039970157066 0.04888888162450078 0.05
1723 0.04150998205436635 0.03111111111052017 0.05
1724 0.05690598923241981 0.02666666666665882 0.05
1725 0.02224835905529636 0.01114130326159814 0.05
1726 0.0761510950460398 0.05999983226709597 0.05
1727 0.03381197846516538 0.05333333333275223 0.05
1728 0.03381197846675413 0.04888888888555609 0.05
1729 0.04150998205408696 0.02666666666655974 0.05
1730 0.06075499102705406 0.03777777777770633 0.05
1731 0.01841597128644031 0.0577777777777769 0.05
1732 0.06075499102701763 0.0288888888888806 0.05
1733 0.03766092049570867 0.05555545202823584 0.05
1734 0.03381197846483427 0.02222222222221529 0.05
1735 0.04150955373586462 0.05777703585192132 0.05
1736 0.03381197846483123 0.01777777777777622 0.05
1737 0.04535813555213669 0.05999853045898019 0.05
1738 0.04920560065346103 0.06221809056079012 0.05
1739 0.03362907068917959 0.008996933088381865 0.05
1740 0.0338119784648306 0.01333333333333296 0.05
1741 0.05305476559324911 0.06444059220319942 0.05
1742 0.01473935626468488 0.05558726446833268 0.05
1743 0.0568966324957552 0.06667059882887329 0.05
1744 0.07230199641080529 0.03555555555555553 0.05
1745 0.07230200339250195 0.04888887679623533 0.05
1746 0.07615099820540262 0.02888888888888889 0.05
1747 0.07615099820540261 0.04222222222222227 0.05
1748 0.07230199641080524 0.02222222222222224 0.05
1749 0.07615099820540264 0.03333333333333333 0.05
1750 0.07230199641080526 0.02666666666666666 0.05
1751 0.07615099936901872 0.04666666465122445 0.05
1752 0.07230199641080526 0.03999999999999999 0.05
1753 0.07230191098870864 0.01777725827419894 0.05
1754 0.07230414089804732 0.01333438493232618 0.05
1755 0.07232113804530728 0.008919370089737318 0.05
1756 0.07276090967419485 0.004093623614877726 0.05
1757 0.0334392262583512 0.07583788240746814 0.05
1758 0.03343925374732966 0.004161813121689316 0.05
1759 0.003840208343056524 0.07288035447152999 0.05
1760 0.003847382744571601 0.007112294574163627 0.05
1761 0.05111111111111113 0.003480727605487048 0.05
1762 0.05306917439242935 0.01138832639886488 0.05
1763 0.04900977031408034 0.009482216878021877 0.05
1764 0.05330090230036842 0.07281115736035658 0.05
1765 0.02302204860708585 0.07305524722219604 0.05
1766 0.02302225052744059 0.006932080958358617 0.05
1767 0.04412414856344036 0.07291175406560081 0.05
1768 0.04485691491825414 0.007115340736247666 0.05
1769 0.003322923005251026 0.01145121523240268 0.05
1770 0.01165504287029093 0.01790466428845594 0.05
1771 0.006749811246782713 0.02213523465477615 0.05
1772 0.003493175287888824 0.02968244893833491 0.05
1773 0.002842228597026824 0.03349204534322243 0.05
1774 0.007864772349458994 0.03777777777777724 0.05
1775 0.002913393898368549 0.04222222222222213 0.05
1776 0.007834194977046852 0.04654084705374031 0.05
1777 0.01124032729965282 0.0536670431740681 0.05
1778 0.002972532041421035 0.06011497730196078 0.05
1779 0.007848033335939399 0.06444918048997772 0.05
1780 0.002901591045939772 0.06878800178049967 0.05
1781 0.01408602362972074 0.07260289392470941 0.05
1782 0.01404612599402222 0.007428534314881708 0.05
1783 0.02885174631531146 0.0768640983854038 0.05
1784 0.02885175752576181 0.003135777446457728 0.05
1785 0.06888888888888889 0.0029772132492347 0.05
1786 0.06883852797867021 0.07703195803035284 0.05
1787 0.007771354849370343 0.07292705641360457 0.05
1788 0.007767956169328339 0.007079383573552801 0.05
1789 0.03719622722830174 0.07252835747045128 0.05
1790 0.03719622722830211 0.007471642529548369 0.05
1791 0.06007166189573902 0.002923760427230242 0.05
1792 0.06011484777844052 0.07707380424748245 0.05
1793 0.07674644085524948 0.07674644085524948 0.05
1794 0.0767464408552494 0.00325355914475057 0.05
1795 0.003156190231551395 0.003175601896299422 0.05
1796 0.003155816720435358 0.07682401540095665 0.05
1797 0.006823044335752133 0.04959369746259266 0.05
1798 0.007691444795205074 0.02526036005113629 0.05
1799 0.006869804930871633 0.01435404036959429 0.05
1800 0.007762692518337432 0.05651305831842407 0.05
1801 0.04908571450477527 0.006040215840353262 0.05
1802 0.02675949568070924 0.005858687372504182 0.05
1803 0.02675936233648701 0.07413907510030071 0.05
1804 0.04030939191512622 0.07383975136859541 0.05
1805 0.04052583876722086 0.006168341452509992 0.05
1806 0.05043881102970951 0.03774139117197461 0.06413247230716314
1807 0.04061475848425725 0.04194658061113894 0.05069107332200039
1808 0.04592104555613 0.03760234837771997 0.05254497424792027
1809 0.0405069926728049 0.03777813588678692 0.07226133255187935
1810 0.0481787018129235 0.03796275180920071 0.06856812962985023
1811 0.0495652088543368 0.03766215899880779 0.05659680930147914
1812 0.04129683049180139 0.03770911782832918 0.05081964000835857
1813 0.04279153118921861 0.03720548245488795 0.07176635404170734
1814 0.04247498016729093 0.04246025459083375 0.05106823981679995
1815 0.04805308027026298 0.04229088217150741 0.05436559343484192
1816 0.05075880378463472 0.04229088217150723 0.06150000000000001
1817 0.04611169714704871 0.04229088217150741 0.07035432193106994
1818 0.04129683049171828 0.04229088217150739 0.07218035999168658
1819 0.0494638316382534 0.04237058352677722 0.06658096688292361
1820 0.04533733011308089 0.037326394718021 0.07073930419783729
1821 0.04526786647224892 0.04312360290176761 0.05236256667643344
1822 0.04789796456314348 0.03754393667219092 0.05424810999193166
1823 0.04632325648799787 0.03538591922419927 0.05377169578876588
1824 0.04428357408598297 0.03543547875673186 0.05245477259160119
1825 0.04827431273767424 0.03551276395515373 0.05580785968224656
1826 0.04946743040127368 0.03559002692836873 0.05804747931149921
1827 0.05076501255724545 0.03773876332039811 0.06153623977332668
1828 0.04996581128868523 0.03551879150414654 0.06276545477003515
1829 0.04795283509395005 0.03355409781839209 0.05747473491139045
1830 0.04450351957660383 0.03346027812339696 0.05388748732678719
1831 0.04223999771125125 0.0336879361050072 0.05277416137903539
1832 0.04934476726917505 0.03564936434175682 0.06534022057363605
1833 0.04859048004504618 0.03355204340593075 0.06387223699420234
1834 0.04774164623708588 0.03379265804329992 0.06624719068211979
1835 0.04670934016011532 0.03192979519667723 0.06479492777588367
1836 0.04037118503273258 0.03578265467398794 0.07165264596411396
1837 0.04250559927567794 0.03179888702552715 0.05461060828159297
1838 0.0400631931673743 0.03237433881574902 0.05357249735877653
1839 0.04030532534644577 0.03070349291446238 0.05562788518152391
1840 0.0456059940241551 0.03243933542230541 0.06719290630036465
1841 0.04443899480271703 0.03076706888107964 0.06550603396075511
1842 0.04267254768306298 0.03046003901486084 0.05672018480652471
1843 0.04047859195610031 0.02960344320907653 0.05793874226815032
1844 0.04318093975303307 0.03150990401956863 0.06772895597436977
1845 0.04188944058578701 0.03009492488717227 0.06589539546366666
1846 0.04056640627835247 0.03106781004970875 0.06789493288625914
1847 0.03924122605470144 0.02997511149808665 0.0659638405688534
1848 0.03792355410668025 0.03127204368491125 0.06786483707678508
1849 0.03663761034630017 0.03041059999591862 0.06571162004202852
1850 0.0354001247715151 0.03197759042561017 0.06745668469059
1851 0.03423157105522566 0.03137580289371155 0.06515355330890019
1852 0.03314694847869417 0.033188219206608 0.06675693135480232
1853 0.03214908124618928 0.03285029346324119 0.06437137095466459
1854 0.03129641246503358 0.034832798532385 0.06580669165534921
1855 0.03055778203183189 0.03464071502220474 0.06326708357707875
1856 0.03250824009912218 0.03538361854738828 0.06810019362379481
1857 0.03087817971271698 0.03713807389175562 0.06694075119790099
1858 0.03789877874628939 0.03154532505349716 0.0547840979167403
1859 0.03235297375550521 0.03783300841184652 0.06910441562994027
1860 0.03185381041411885 0.03261323340208345 0.06177436191205367
1861 0.03035311485840514 0.03478335798329725 0.06064896936926593
1862 0.02950238808867407 0.03677928657304862 0.06215356650820176
1863 0.02956997674631176 0.03710927999433786 0.0595357309816659
1864 0.0307001853669706 0.03523474077954474 0.0580640500071802
1865 0.03023234224810957 0.0376424910533318 0.05702395111640699
1866 0.03767434921687022 0.03346185196886299 0.05296513217689535
1867 0.03560367500976704 0.03007734095396421 0.06329253006568296
1868 0.03165071319326734 0.03587721487078513 0.0556440583509358
1869 0.03138646335483677 0.03837926888989487 0.0548531799233643
1870 0.04503603146571855 0.03038434493869305 0.06328257252818915
1871 0.03229083862379887 0.03366519116673464 0.05686977020854561
1872 0.03800761583375676 0.03756728448528733 0.07204098195419095
1873 0.03309864016713161 0.03661069498954232 0.05363337149705432
1874 0.03313029700097635 0.03926727514925762 0.05294019305134105
1875 0.03169011211085396 0.04098257066282693 0.05435994970869421
1876 0.04018875693707619 0.04407189353028561 0.05128314853309868
1877 0.02939288430099212 0.03954742347759484 0.05862175903732364
1878 0.03360138307303982 0.04186996974371739 0.05275009059592042
1879 0.03237805005267501 0.0435432094039853 0.05440411766444914
1880 0.03411693665889383 0.04435986459248804 0.05329139802038728
1881 0.03331043736682991 0.04586925254803413 0.05503458227921124
1882 0.03153924620478426 0.04496286684309198 0.05652148637498292
1883 0.03286591333450128 0.04716493945105251 0.05716774306949546
1884 0.03098816891600461 0.03969546617638176 0.06780033012339884
1885 0.0349767009786612 0.04791913417321431 0.05575075823357151
1886 0.03118629370642542 0.046039239219414 0.05888348112536992
1887 0.03273039153612709 0.04804877713314713 0.05966424962401878
1888 0.0312866977506115 0.0467138223167024 0.06144565102990725
1889 0.03306761403383782 0.04850723872536736 0.06225426393640929
1890 0.03269027225035234 0.0403924728721648 0.06971059347858885
1891 0.03185620665766296 0.0470066126588292 0.06386347393606134
1892 0.03385776704083157 0.04851338693762412 0.06478560757328017
1893 0.0352617218811437 0.04982127073508977 0.06294615407769599
1894 0.03621293511130121 0.04955613180106376 0.06541643773466177
1895 0.03774322723005287 0.0505773549539769 0.06350662374211147
1896 0.03878289129329717 0.05001637042128176 0.06588074993348628
1897 0.04036439988190915 0.05073397414385868 0.06387676498733845
1898 0.04141663568547269 0.04986706109743725 0.06615126312243091
1899 0.04297188593594894 0.05028093761814481 0.06404366186344093
1900 0.04187046227632746 0.05083802155781299 0.0616966204089529
1901 0.04440655614766214 0.05007362192329211 0.06182311648684278
1902 0.04249915310823672 0.04493462924578003 0.05199191565307273
1903 0.03731997195920975 0.04873814718925746 0.06762063995015635
1904 0.04321258853474112 0.05032239927126654 0.05946841239642348
1905 0.04563635108541003 0.04925729501806707 0.05962009697312127
1906 0.04394264286113588 0.04913696064608622 0.06618737852337594
1907 0.04668225312409548 0.04872351620082853 0.06199775323142928
1908 0.03033944046425809 0.04505421471463177 0.06295893902366946
1909 0.04494160654325398 0.04547277782237027 0.05333732717312267
1910 0.03250339619937324 0.04653976710442794 0.0661938659627508
1911 0.04234451842009025 0.04846380849365203 0.06812323026631578
1912 0.04064729187753231 0.0507733299629682 0.0593748235992529
1913 0.04188591198354131 0.04996267973248629 0.05723521998946695
1914 0.0476926170662918 0.04769456934566478 0.05988220976138681
1915 0.03523718675795344 0.04013790748978478 0.05158553624517961
1916 0.04477504243308159 0.0474145280616103 0.0680744766625081
1917 0.04054502657894305 0.02925083581146123 0.06377121449363141
1918 0.04851091144832446 0.04692969565330497 0.06223736318822263
1919 0.03677898423375027 0.03301070033737108 0.06935969132088188
1920 0.04306893060723696 0.04655880932251374 0.06978031914837049
1921 0.04650394255581083 0.04793417906592412 0.05753168376001051
1922 0.04862264022612883 0.04591144737832118 0.05807876258875759
1923 0.039239716069873 0.05009505968563417 0.05719747303447447
1924 0.04050899119185296 0.04897289158704661 0.05515743391569908
1925 0.0315661010168346 0.04225363412506363 0.06819256910103365
1926 0.03350031733201385 0.04291162847682286 0.06988311068926294
1927 0.03482808481871753 0.04100175387306205 0.07115648914126792
1928 0.03581020774570173 0.04346321331554295 0.07106304315565229
1929 0.04249915310810175 0.03506537075429134 0.07100808434699978
1930 0.03464003837333787 0.04527910172698808 0.06952507920937986
1931 0.03013658339832663 0.04155837708046759 0.06611350992378985
1932 0.03709072365442524 0.04570179600974236 0.07044570474632185
1933 0.04279594188251785 0.02960671728819322 0.05922791209192053
1934 0.03418793257124676 0.03614419609792264 0.0700060360022957
1935 0.04730988048744015 0.04771113906767998 0.0643467492931836
1936 0.03683271497947075 0.05052737037738111 0.06112213952817248
1937 0.03675222916266184 0.04184518948260393 0.07184636459638957
1938 0.04494777355667112 0.03075745182593041 0.05816910821522091
1939 0.03013174061016077 0.04367285236391663 0.058317609054858
1940 0.04308139298254576 0.04857983399394961 0.05534439556798973
1941 0.03558426561210066 0.03279724065009244 0.05445574364727954
1942 0.03597309583363412 0.03104043759163654 0.05654921377097078
1943 0.04896045563418837 0.03362025702119725 0.06140453088374237
1944 0.04885518973492457 0.04579426788037107 0.06450201174031459
1945 0.04050668631247327 0.047276118799019 0.06973415837856636
1946 0.04009634437194868 0.03393220929678671 0.07067456449887362
1947 0.03828931987029692 0.04406298283557455 0.07157798313015386
1948 0.0464078955390769 0.03443548587113047 0.06849821814963565
1949 0.03101086269359828 0.04403312198774057 0.06639176220994647
1950 0.0472313303628953 0.04632852017738027 0.06685328810612312
1951 0.04055370876452406 0.0290566322936677 0.06053247230112384
1952 0.03827581663677317 0.02934697720112994 0.0593692027368315
1953 0.03817266684586806 0.02916320626217263 0.06197408335511363
1954 0.0411654028447121 0.04513725205574658 0.07115662868320329
1955 0.04372813363440757 0.04439181038991833 0.07087086021147496
1956 0.04564191273352956 0.045477399668597 0.06919200322267811
1957 0.04765811204667418 0.04384908746841416 0.06839476943349673
1958 0.04289903929432984 0.02939779843982295 0.06193461850778696
1959 0.03786496519257262 0.04883866721316646 0.05530971824017923
1960 0.03943719787519865 0.04768570105338006 0.05365058899748575
1961 0.03671020365619398 0.04968575193222757 0.05745482391932928
1962 0.03538671058824198 0.03484597749255028 0.05294701146989761
1963 0.03765054366270461 0.03575230872890745 0.0516289730126685
1964 0.04706111383114271 0.04613029052520155 0.05570688257151046
1965 0.03521399344784298 0.03718994407734286 0.05200275160932127
1966 0.03782876081783836 0.03828211767441183 0.05085412752615937
1967 0.04664890245102515 0.03356506505510583 0.05555157933130721
1968 0.03744044954717017 0.04148332307162955 0.05090526290346994
1969 0.03736232032171134 0.04399467172664839 0.05159620054165781
1970 0.03880176989636466 0.04602183735876682 0.05237302243657287
1971 0.0446740987609364 0.03188743647803385 0.05572599672020555
1972 0.03678067221232238 0.04723198627347695 0.05386231035353441
1973 0.03828732472315104 0.03559541634603766 0.07143309550096635
1974 0.04994671141207332 0.04459752247342097 0.06246214302019996
1975 0.03347301831240279 0.03418574028922219 0.05482220889324946
1976 0.03600442316068225 0.02979324843638629 0.06057393939735211
1977 0.03383893173464945 0.03088789379955797 0.06139627718883362
1978 0.03445313986666725 0.03092334998612869 0.05869879183441612
1979 0.05048255208846508 0.04225338689893163 0.06395730527129612
1980 0.05004146541028138 0.04413193322338534 0.05974042611646824
1981 0.04947934248845885 0.04214501925431835 0.05634820823546774
1982 0.0495239506624417 0.03782953187924873 0.06655800671373405
1983 0.04384586661691869 0.03816283596765114 0.05135928314747355
1984 0.05047715134662251 0.03772085123576524 0.05904342096189574
1985 0.03417182366009218 0.03864786202459888 0.07073060580061877
1986 0.03921477182508783 0.03238998078536261 0.06940386135165424
1987 0.03257107539881412 0.04476053551607391 0.06806874271608304
1988 0.03164345664904258 0.03321448386025297 0.05923616388826358
1989 0.03448435610715818 0.03400871162782856 0.06889473705339412
1990 0.03627213483246335 0.03474749064241849 0.07041707164607224
1991 0.04535437601316738 0.04924473680000672 0.0641202097259989
1992 0.044214633651029 0.04928857208513508 0.05738183392675048
1993 0.03997256243944488 0.04886239090604651 0.06801592469329526
1994 0.0345879848264907 0.04952946490262482 0.06055163802725605
1995 0.03928083211814895 0.05097640890410729 0.06146471363509722
1996 0.04168941111037944 0.04731346332656877 0.05345890901238767
1997 0.03485234024909532 0.04809969278390842 0.06687555354314489
1998 0.02994359556160808 0.0443835720627524 0.06069189991823539
1999 0.02947967967166115 0.04306481318286178 0.06246425118267858
2000 0.03077102223045185 0.04256506664002619 0.0560920056895915
2001 0.03035552237763479 0.0401641048353432 0.05621255061539935
2002 0.02903672672507598 0.03911464251014232 0.06134906552915349
2003 0.02928841297157148 0.03871061556658321 0.06364461910726925
2004 0.02999826615877664 0.0367029909596787 0.06467727108654062
2005 0.03815815572206992 0.03009876600179333 0.0570758418915445
2006 0.04413487289986327 0.03333262199049538 0.06921031105600484
2007 0.0399345930509114 0.03445682570844478 0.0519990031731164
2008 0.04715850858562099 0.03168519434735006 0.06228724950825715
2009 0.04726422884494552 0.03199771972862275 0.05945195465221403
2010 0.04518170295757035 0.03032823159035468 0.0607209940374468
2011 0.03449382593960361 0.0489655940075005 0.05829061200393454
2012 0.048576227205424 0.04413260770161442 0.05598911254828205
2013 0.0292074703855993 0.04183701589970718 0.06042916989839333
2014 0.0417797816011878 0.03260801995077747 0.06944927722525573
2015 0.03616714605123302 0.03921269584671513 0.07178053416791373
2016 0.03566797481276388 0.03694307118689601 0.07113788068035533
2017 0.05000830983205664 0.03558832636545467 0.06032915840191086
2018 0.05045853603768248 0.04210578927087172 0.05881957550093674
2019 0.03606968899184993 0.04708848827101683 0.06893679967532212
2020 0.043828741232275 0.04210247240140168 0.07159556092436778
2021 0.0354314541593699 0.04291532127860256 0.05192768101531355
2022 0.02995407478793756 0.04334889705349593 0.06447729326045226
2023 0.02998517555825224 0.03894121536315411 0.06592518547563271
2024 0.04823087764421533 0.03584861506509855 0.06750155449264852
2025 0.04879489778475177 0.04449602135558942 0.06634102932503537
2026 0.04589141344714988 0.04808638424983907 0.06607183085412138
2027 0.04511946015062475 0.04764445152684665 0.05547061457361888
2028 0.04706723355782434 0.04390235021587663 0.05402832865873979
2029 0.03807973752923837 0.05060701370355818 0.05930823077494152
2030 0.03844107390168738 0.04744236021467327 0.06944864918429844
2031 0.03933282311816195 0.04618682808365568 0.07057072396623501
2032 0.03798784099743233 0.02952348033628414 0.06418211705265836
2033 0.04191589024591318 0.03582424335554063 0.0515053803968401
2034 0.03403321108881407 0.03227415182920172 0.05642962524746727
2035 0.04093616511992682 0.04598275032022309 0.05231684730203712
2036 0.04644974969409436 0.0321607761413764 0.05726357483508606
2037 0.02976906836176858 0.04156867101445959 0.05777611640055309
2038 0.02924756025528662 0.04100604291505206 0.06359115212009589
2039 0.0364609729054019 0.0300536065657623 0.05841057531649439
2040 0.04812994188978303 0.04174012596013636 0.0687025000181611
2041 0.04914766760613372 0.04600423753500654 0.06037336386046321
2042 0.03624134623663056 0.04524664237094733 0.05259240404382366
2043 0.03983876862445692 0.03608829384049439 0.05122028408149202
2044 0.04458938776461788 0.03519842327829289 0.0702682598576648
2045 0.0430728578280492 0.02978249351400161 0.06417583743474405
2046 0.04370786147924834 0.04702728534798018 0.05389283075718902
2047 0.04962881484496168 0.04373902451635842 0.0577177228621482
2048 0.04656706774449368 0.03634485488289339 0.0695320318358509
2049 0.03296870871088359 0.03221019214069574 0.05820154031058172
2050 0.03803414936423793 0.04137200625975099 0.07223559640174117
2051 0.04892878274012379 0.03399538325060423 0.05921495810267225
2052 0.04451310908715976 0.04150329654673661 0.05158173675183171
2053 0.03281333006563518 0.03182515554863889 0.05991138631173367
2054 0.04655991872466199 0.04195861141306867 0.05289004601299019
2055 0.03333821296470776 0.03144067113880724 0.06333261641986662
2056 0.0339498412737708 0.04654464895831508 0.06794694884420979
2057 0.04971622332407095 0.04397600489658977 0.06478426390216649
2058 0.03094110610898245 0.04531012211835019 0.06477704814726501
2059 0.04674384682199455 0.03826899253953014 0.07001611080325237
2060 0.0360719727690609 0.05004435889216088 0.05933633262295947
2061 0.03807965525367139 0.03392145165178382 0.07046457059951264
2062 0.03497278831227452 0.04599296282783583 0.05376620796821027
2063 0.04415469408169358 0.03874256156357828 0.07160729269716425
2064 0.05531580749309479 0.02533770263235739 0.02515708428216347
2065 0.02712125729200555 0.05497673173845555 0.02481454946822054
2066 0.02481803272513068 0.02452931289362966 0.02437210203185903
2067 0.0546270882152828 0.0539414661595364 0.02485051858367597
2068 0.04011039487148095 0.03908607821975425 0.02986443589448181
2069 0.04068364925009851 0.01872284016917986 0.03103099811827656
2070 0.01953805734086065 0.040994597651847 0.01766752894600507
2071 0.06264286550998284 0.04065143951540261 0.01714069145263943
2072 0.04129071193418729 0.06316415297361301 0.01584125773920479
2073 0.03875709877374266 0.02638076494228666 0.01719479603858623
2074 0.0568271840434821 0.04030735455445119 0.03367420044135739
2075 0.0442770801053215 0.06399383318597975 0.03408273523654546
2076 0.02360155824722912 0.04084104560391454 0.03312565724715171
2077 0.01536290714417636 0.06269726941933802 0.03471782183419544
2078 0.04649167354506959 0.04448116197552861 0.01505823655459668
2079 0.0644168267137714 0.01619765896037237 0.01585429936384403
2080 0.06402475297366868 0.06415004998315846 0.03451134306743036
2081 0.0146358703340716 0.06329182197610615 0.01655080798366799
2082 0.06336886148362034 0.01535601273264767 0.03473948714782042
2083 0.01687076015303995 0.01482524022651571 0.01610322911837448
2084 0.04899880620093289 0.0155016778228097 0.01483406504719107
2085 0.01507923440430765 0.01424029815698968 0.03617312362193277
2086 0.06393110262185342 0.06495730094068718 0.01416158677019229
2087 0.03230272882302616 0.04589958293182438 0.01510625388662096
2088 0.03178109434300985 0.0145318120704534 0.01472150749304748
2089 0.037267126205568 0.04952720084547931 0.03471879414966827
2090 0.02919834324788795 0.06398280746796634 0.03411024217946859
2091 0.01548102626318692 0.04769115317695778 0.03029020134630525
2092 0.06767831772845308 0.04966841650544185 0.03447174060689978
2093 0.04731607019064862 0.028788751462876 0.03636258497426435
2094 0.03317774102279406 0.02920297192247956 0.035226224288419
2095 0.06568087509164391 0.03082704407535703 0.0376929424241714
2096 0.01423163975550743 0.03018941607515164 0.03637397742654772
2097 0.02765399464719387 0.03133217038947978 0.01256047452939683
2098 0.05280422715815981 0.03146947594384888 0.01221859378922038
2099 0.01375688743372533 0.02929812711310256 0.01307407036059964
2100 0.04883380023388138 0.04957325616692885 0.03380896864598994
2101 0.05229792680309538 0.01238177547737666 0.02781947652791823
2102 0.0284039709547725 0.01279382060026634 0.02835501307567368
2103 0.06657259657184254 0.02713950573130602 0.0106306421722454
2104 0.0680809730076839 0.05200106792032328 0.01353067733215503
2105 0.03017588028282421 0.06632647484980377 0.01313691804531408
2106 0.05281812160947475 0.05963187152951156 0.01222058560258639
2107 0.05184804167813124 0.06748893780603246 0.02401939343598925
2108 0.01228646717844034 0.05232864566334637 0.01339318718334281
2109 0.03911097342617993 0.05170608061289435 0.02263604646898056
2110 0.02435143870064426 0.0521632694835345 0.03798473026156408
2111 0.06671772383791992 0.0572416904798706 0.02540860534280945
2112 0.06851032257545024 0.02495073443527369 0.02450335729848448
2113 0.01167108173078625 0.02470493512802248 0.02530108940348682
2114 0.02530118078705807 0.06948885691850995 0.02486000090156661
2115 0.02631447487571896 0.0549313201044819 0.01057056335393896
2116 0.06887064444739165 0.04013449924702062 0.02696797764682297
2117 0.01051710269224334 0.04175311380344957 0.039901878868391
2118 0.05373395251051618 0.01894210484977213 0.03815797712473448
2119 0.02579708685276888 0.01895161084489463 0.03864665216121032
2120 0.02986233426869012 0.03905212803978696 0.02454698849527627
2121 0.0704498324519828 0.01054061902790932 0.0255770172787086
2122 0.05043522475390841 0.03733112388762171 0.02455950204471341
2123 0.03907350438571316 0.05270599664380878 0.01082612782654636
2124 0.01015233027920183 0.03779155523228614 0.02796908350864384
2125 0.05229192158666808 0.06889777056964118 0.01125563910387417
2126 0.03995036262051568 0.03758150902301232 0.01111432050282701
2127 0.070140695752845 0.06950986182757105 0.0242244236159575
2128 0.04796590691272011 0.03865878675177068 0.0376849466194597
2129 0.0530420475178984 0.06126031965358421 0.03978399695424922
2130 0.01092385080086692 0.009866764566634217 0.02503786925662387
2131 0.01363215229677675 0.07082588676144938 0.02401093481299076
2132 0.03502211048074748 0.04226159018393431 0.04008288134233817
2133 0.03449407996151461 0.009933883484689371 0.03997339470015135
2134 0.03831632209384285 0.01109704576521627 0.02233905125581758
2135 0.05731078124496359 0.04764334576138488 0.01008351469930328
2136 0.04616823238790438 0.01016064590652449 0.03907809492678909
2137 0.05561364000423581 0.02236005370298287 0.008884736465834835
2138 0.02347967736070632 0.02074082919681196 0.008970715892537902
2139 0.03601363404856622 0.06953870345028644 0.0275109627501085
2140 0.01324385634680911 0.05362268328554216 0.04094048031666751
2141 0.04027098679235925 0.02921579057876728 0.0271364350066046
2142 0.04872124873294819 0.04543088057455617 0.02686857674518081
2143 0.009883269208630462 0.05675813139584437 0.02281536993674657
2144 0.03947830193908004 0.008937034228039195 0.01071710973152348
2145 0.07031333902167065 0.03984588601653274 0.04083075127250481
2146 0.07038075387383839 0.03910765462335627 0.009286501513098705
2147 0.04656591245383987 0.01928275218869674 0.02278216899524753
2148 0.03430496341023473 0.01994189917676707 0.02406141480208194
2149 0.009779674007831474 0.03855321487423185 0.01110267969587844
2150 0.05653727078331787 0.07085342014130985 0.0323387111272408
2151 0.02298843707543067 0.01266561335657864 0.02049043913739068
2152 0.03942115915127491 0.07081488866593992 0.04175813847188437
2153 0.05507152469520642 0.03195606742391305 0.04056626674486173
2154 0.02365354513948496 0.03159069418128207 0.04080872084737358
2155 0.05670164119657694 0.009166909354604576 0.01970964629272556
2156 0.0587442489515311 0.008667660168312059 0.04025053103917504
2157 0.02367320586921853 0.0454634692223562 0.008714667687099661
2158 0.04554381216939559 0.02211631868364624 0.008770880032835009
2159 0.009432113705197734 0.07103913762269257 0.04026550968405312
2160 0.03124964988184906 0.0476910536359586 0.03092454981633104
2161 0.01065326684674517 0.009151553596557003 0.009088468391378947
2162 0.0390948582859089 0.0708433179333386 0.00882456706093474
2163 0.07021018724727231 0.03542535222947906 0.02051754827533414
2164 0.069637694027022 0.04630878864044741 0.02219592492587215
2165 0.03351451296284074 0.02445731316262486 0.009003134751357451
2166 0.008126108891092231 0.009761756574092352 0.04114534313758993
2167 0.05966927437556912 0.04750054930676833 0.02763270108773585
2168 0.0205689568308915 0.07060858862441391 0.04052417705743934
2169 0.04017716412042541 0.02412324996563143 0.04107072268792096
2170 0.0238982135844458 0.008775415884351918 0.03868601758932787
2171 0.06047569332262437 0.0350182871564447 0.02503648085746137
2172 0.04932319807248153 0.0707314366759364 0.04023933836117687
2173 0.07052468752908292 0.05788503310753837 0.04122734935017741
2174 0.05790206602067827 0.01215888628110471 0.009648018796315843
2175 0.07088425750536337 0.0226015702333373 0.04123144442972675
2176 0.04608051475507254 0.05789369488415215 0.02568903883483773
2177 0.06999622184913154 0.009459816710952581 0.008980175832412356
2178 0.00935956154879789 0.04571258955735006 0.02065570080820491
2179 0.009327619803470723 0.07085722212073109 0.008509154329853762
2180 0.06017559183102086 0.06331787780638999 0.02515857581005633
2181 0.07155949565584029 0.07089909473039895 0.04042002640784095
2182 0.03342724179031404 0.05690394882979121 0.01758922913311787
2183 0.05839675043885433 0.0491287615338561 0.04079924240783596
2184 0.03540940242528454 0.0583859598328064 0.02820821245501702
2185 0.07086538328529292 0.02114044325436445 0.009275543087400084
2186 0.06035744942101425 0.01702354425377078 0.02515321200190786
2187 0.07094216740121981 0.009655619006207664 0.03986659784604935
2188 0.01643265755708631 0.03210514926261147 0.02232586429385997
2189 0.009055739753807069 0.01966815681350234 0.009302165027853811
2190 0.01995252337416008 0.05055705785022683 0.02013796074773952
2191 0.06118956309230306 0.03569596787610732 0.008533207955255664
2192 0.07149317279879613 0.06072627751282036 0.009633069203277795
2193 0.03822634697882199 0.06038938677715693 0.04134831983834436
2194 0.0194273817748172 0.01669422876699971 0.02525343468924851
2195 0.02232097590888977 0.00998206823601391 0.009427925501502106
2196 0.05822687050969517 0.07146897614123036 0.009158759393687328
2197 0.02092045282278529 0.07087934942635031 0.009766094306598243
2198 0.02014115740446129 0.03612235627470158 0.008657095838986491
2199 0.03841332797914503 0.04057650930840515 0.01822616094395796
2200 0.04058076966369835 0.03403486952210742 0.04121910664206405
2201 0.05753044560991424 0.05461690916208574 0.03378381653961308
2202 0.009155687679606258 0.06033510790947824 0.008108195860161113
2203 0.06810714856659546 0.07122200712447077 0.00830132197217924
2204 0.01831765172641849 0.02285665535152373 0.04130796804443072
2205 0.06088387860975112 0.05691497734869894 0.008857209235031355
2206 0.03612992629189312 0.06058184411891605 0.008038634588911592
2207 0.05953353417117328 0.07141026120386829 0.04189645583874657
2208 0.02058656395173972 0.04448702926803359 0.04155046876476226
2209 0.06045742841787663 0.00801769180923062 0.02853258067003455
2210 0.05115812317918064 0.04074543635422922 0.008123076987551834
2211 0.0447871929158849 0.07213921018241236 0.01944845598518583
2212 0.04000181304005535 0.007983347464886999 0.0314255397421048
2213 0.02076197041359533 0.007696893543997323 0.02928207052971709
2214 0.01697252493074972 0.05998829375133981 0.02620089436327152
2215 0.06021222195500874 0.02393964439639516 0.0423586050741022
2216 0.04098587160199626 0.02019493760006151 0.01420942734664886
2217 0.009736498163037394 0.03368813322397043 0.01681664848755299
2218 0.05882468089766819 0.07174563447512176 0.02096407660388663
2219 0.008504299611975973 0.02027155095418826 0.04060863362933097
2220 0.03225161858475235 0.02979031549183295 0.02079100487614587
2221 0.06158480629551245 0.02406111623049701 0.01879348163185899
2222 0.02367012953649385 0.04415709241158083 0.02474529788561735
2223 0.04845223820258666 0.05059562724697664 0.008064730216863089
2224 0.04490465479280795 0.06060114715572247 0.007787098769333583
2225 0.04650147131124708 0.05366075090502712 0.01780090465870992
2226 0.0209451422738493 0.03224313685254483 0.029946995058661
2227 0.04280696345961678 0.04824699507837787 0.04140063096048961
2228 0.008210164246612087 0.05736375650410293 0.03255904613244152
2229 0.03150125486259527 0.007884091413106495 0.00860015933301181
2230 0.0720670972726835 0.06213098985965481 0.01911242361194751
2231 0.02538055236363329 0.06168766071556752 0.03953561945580625
2232 0.06220557062335639 0.05639464603961521 0.01854635127769784
2233 0.04706158772236851 0.07142001603358016 0.03009502285708419
2234 0.07215022826514812 0.02020913281308238 0.03136391401381573
2235 0.06156632096482756 0.02456415792007987 0.03093611518645979
2236 0.01797006887968734 0.07243966065037141 0.03025022984962749
2237 0.04707014370543572 0.02833162756007467 0.02082428180406433
2238 0.03089514467514877 0.04039381601721818 0.007989952766901912
2239 0.03531565021239531 0.07191626173955482 0.01764120840727572
2240 0.06109740203569158 0.05739481547911696 0.0421618907487663
2241 0.03059566919839645 0.04810050456266286 0.04199605562630576
2242 0.01762599825064662 0.07200881813460977 0.0201857222141585
2243 0.05254654301347265 0.06163506621372856 0.03022877474503081
2244 0.05397724677665431 0.04854677069075627 0.02015944497954004
2245 0.02529345072415046 0.0618401939139847 0.01778358232977354
2246 0.01909987314753072 0.02366003827925697 0.0191194466434895
2247 0.04812626428459684 0.05707977634518985 0.04121963497431075
2248 0.03163066183226106 0.05162720964311526 0.008787600976694884
2249 0.01986646137346706 0.02226894108897258 0.03236123127213522
2250 0.07215941464846798 0.06125122502240314 0.03207313940138103
2251 0.07162832466047458 0.03145799556673069 0.02848079632451058
2252 0.04690031859969028 0.008090161856543715 0.02116179911074278
2253 0.07245022624258794 0.01846741958674959 0.02004775043727349
2254 0.00798680798462491 0.06063957445179443 0.04186693019140421
2255 0.01910916137014191 0.06209946681738762 0.004632560138993987
2256 0.03123312262729687 0.02068332296814228 0.03385410307004971
2257 0.008432903451678415 0.01763790314010865 0.03008855845278447
2258 0.007694854642417838 0.01815357987120727 0.02118441098545555
2259 0.0484411002048309 0.02329640679643539 0.03194634058020357
2260 0.04294067763113412 0.04997501276958598 0.0307862433260139
2261 0.06166489469133273 0.03847534161333159 0.04157217038340533
2262 0.05487282433108795 0.0325291466423878 0.03193895278071682
2263 0.04882064063008595 0.008179951012818459 0.009414920341088139
2264 0.03178639368254816 0.007729232025181186 0.02221230859571715
2265 0.02766083676385332 0.07310675527407093 0.03292243911469877
2266 0.04493484528437868 0.03133720787179998 0.007871047377809259
2267 0.05559683228590812 0.03962271533973388 0.01646255499442053
2268 0.03833882038856747 0.04489710522183515 0.008398786838745452
2269 0.02947301532024066 0.07151238153070809 0.04204754478490457
2270 0.04556154788683899 0.0358838471389415 0.01635209738382276
2271 0.06358644397988719 0.07187749089552313 0.03122520855077346
2272 0.0318978208664332 0.03746778298831236 0.03284399539494985
2273 0.008523388806062753 0.06497690571819746 0.0172457100979265
2274 0.07120837556825467 0.04991999561655171 0.02889570561164519
2275 0.009312349836979527 0.06424277544340026 0.03268412955455593
2276 0.07120340112884899 0.03202141564477404 0.04439000651099993
2277 0.008991407158819803 0.03419122806707928 0.04128071737451037
2278 0.07179835773715278 0.04817293610224339 0.04228272754395665
2279 0.06016000271315079 0.03145201729428759 0.01622252082100361
2280 0.06447065261590737 0.007919434437601675 0.01900000445185821
2281 0.07273826270990025 0.07189940057404329 0.03004381941761076
2282 0.02480018379269953 0.06047134570497084 0.03266021536794651
2283 0.007097452970072081 0.04568311186096508 0.007409153226194521
2284 0.02819553992931716 0.022889988834729 0.01845449583279968
2285 0.05486098509113971 0.06430270246866837 0.01659927582708797
2286 0.05283389696997199 0.01892238598263278 0.01895013877821853
2287 0.06438059605059047 0.04615421993284234 0.007757396752917453
2288 0.01696431834499728 0.03332484913448162 0.04078827505302612
2289 0.009070880820478683 0.02967354453006138 0.02846930604712908
2290 0.02535241584441218 0.04051150140962903 0.01640964726682907
2291 0.06209414817942856 0.01729148306913591 0.006865971388181904
2292 0.03002195957937418 0.05717528516598495 0.04071696029847867
2293 0.01870391240019624 0.05125243485117029 0.007214777045082175
2294 0.01329489219261647 0.008477932313531984 0.01906243383177204
2295 0.005984369796590237 0.04800231111119674 0.03455071949632298
2296 0.04952506451765762 0.02379656865742666 0.042938809856909
2297 0.0256551571966387 0.03862067052867805 0.04201817717646294
2298 0.03353063104714008 0.01897291631128999 0.04298034785228012
2299 0.06386932537517463 0.01587380253909556 0.04298869064137364
2300 0.01507911898897912 0.01755627521432546 0.01002976322008959
2301 0.07140253990063561 0.009032435334127998 0.03182815129440038
2302 0.03540945665659802 0.01583696141928801 0.006373411065045648
2303 0.008112845197788227 0.008174421661596527 0.03119879278846591
2304 0.07214224978782527 0.0332019569444397 0.007983150988683501
2305 0.02575019443436945 0.07544743439163308 0.01769783800293226
2306 0.05217611474875521 0.008344829038009215 0.03574938373758111
2307 0.008971243961220069 0.0261115514803176 0.01659798704290579
2308 0.07149586374780428 0.02453937828749117 0.01970578058373061
2309 0.02962257918259362 0.04855669752448356 0.02124931743715701
2310 0.01454915035333421 0.06110075042345513 0.04129649698119077
2311 0.04960852061584391 0.01767011568780886 0.008653970482544215
2312 0.07242790997652128 0.04768173242573032 0.006835993646555602
2313 0.01575745768265218 0.01383118109635576 0.04392045388743886
2314 0.02211483493655005 0.05034024854188229 0.03015816149414025
2315 0.05473206753058963 0.06249020347580235 0.007824966914168808
2316 0.03262520428139982 0.06486375546527444 0.02045303535403584
2317 0.07124423837592601 0.07321919819629442 0.01739021798185296
2318 0.02910768995870359 0.02675247676636023 0.04225499130354994
2319 0.04019013597780095 0.03494218861899614 0.02127670559394677
2320 0.05110723829885708 0.03836221869521318 0.03073026140900732
2321 0.007987804939112917 0.02686924248170622 0.04374437337286011
2322 0.0601311963687773 0.02685085154679739 0.006175335781055153
2323 0.02664160020513604 0.07186624986781726 0.004817241212441248
2324 0.07354491954580762 0.00634744186011624 0.01662447307107946
2325 0.03627003919392014 0.02909960653428436 0.004970226098070076
2326 0.006817619466342614 0.04662410878401527 0.04273807638934918
2327 0.04948948712867071 0.033435714509212 0.04372492082931261
2328 0.01637991180610204 0.04109128094943783 0.03112925851846872
2329 0.05597692134273786 0.04031122239362041 0.04498597626090008
2330 0.02735495725684247 0.06026757622489908 0.006821614857550719
2331 0.05519686949123225 0.05492452473426524 0.04172828794065213
2332 0.03448465512474725 0.03673832317694352 0.01784351789322348
2333 0.0550500110522264 0.04875786021540889 0.03242015608143918
2334 0.06276976564930076 0.04972661350062652 0.01743229313463017
2335 0.01892943080780585 0.02701002911838833 0.008340434600574034
2336 0.04278549608987729 0.04481861266073148 0.03381094612797689
2337 0.02956983636897972 0.0313839890734364 0.02965749329018099
2338 0.03330199808102069 0.007644054213444129 0.03303190303408157
2339 0.008895871215689341 0.03212928676557315 0.007969430705542246
2340 0.03251509776807188 0.033787766083795 0.04229320463381588
2341 0.07203788712195799 0.05354727201704038 0.01842373900877017
2342 0.0645900228664112 0.04315171432825991 0.03338255257199069
2343 0.04136839742500854 0.01631606126970914 0.04497980308860292
2344 0.06354275293761201 0.0649621557211132 0.006290902641754441
2345 0.04423676710005845 0.06668696553370411 0.0252280577374493
2346 0.04790827550684078 0.03088487153803968 0.02650335296641713
2347 0.06669811743061102 0.06342407893693901 0.04493610033538847
2348 0.04045446889389781 0.008453694989558001 0.0448126430341844
2349 0.0504361780747565 0.07248840894788926 0.018149768838767
2350 0.04318180724847873 0.01634176974526833 0.005680420654556525
2351 0.006197998113229931 0.07404675443236643 0.01629286316041633
2352 0.06560568100612182 0.04563612296061227 0.0435967623687218
2353 0.02823060887814048 0.005151375691715451 0.04227067325610791
2354 0.0174639318613839 0.04525038887576158 0.009853508150527691
2355 0.05216219986831935 0.02674593127769061 0.004767277798927072
2356 0.005191945828290837 0.05205660340025721 0.02573061033873506
2357 0.0163526841843377 0.007330173275835441 0.008820058026716024
2358 0.05000636034540613 0.06165060928349842 0.0183167517836812
2359 0.01747723160868009 0.05629807821930616 0.03424449738423245
2360 0.07295328576587519 0.04359821774141753 0.03333209317694872
2361 0.007595063259007712 0.05636576635602496 0.01624281417491121
2362 0.06416518453662341 0.006197540981473828 0.009996919080466238
2363 0.06486593522702974 0.005002934126871646 0.03771247508674888
2364 0.01525690908191674 0.007923584135211324 0.03602340646592327
2365 0.03499684891007989 0.07313219905660852 0.0335845272748985
2366 0.04361037718387133 0.06634640385570305 0.04416391828574845
2367 0.02677716696539679 0.03008288610169778 0.02180789588755013
2368 0.02901927438854952 0.05350807998707901 0.03153332783530147
2369 0.06444566016528099 0.03272610612135024 0.04406900473531025
2370 0.02726310980188601 0.02787511615455472 0.006930047280817749
2371 0.02321333757215031 0.0160791044140874 0.01677952031861781
2372 0.07289841535248286 0.04034921260377607 0.01624964832414223
2373 0.04567205052181028 0.006904031003133099 0.0147204235945631
2374 0.03050163494616275 0.07348370238113081 0.02555906713803018
2375 0.04570980215105253 0.005005434453032428 0.02895037359765452
2376 0.04156167732936872 0.03363658622171545 0.03349107109017044
2377 0.04436590389191004 0.04473047957905907 0.006874612288474065
2378 0.02060499118600126 0.03071010202604641 0.01368901528581437
2379 0.06356398636253101 0.05668561069479106 0.03284535829725121
2380 0.01723814185223701 0.05675724791380821 0.01557355487789335
2381 0.05259555767285047 0.01512957378734706 0.04504756136311638
2382 0.01825821208422818 0.05542750463430939 0.04281636136005952
2383 0.05367859647897164 0.02595467271221242 0.03578815937353195
2384 0.01112099005438463 0.07426216005067983 0.032165911457564
2385 0.03814368911310447 0.01409566959903078 0.0284789609592136
2386 0.05665864692654926 0.01717162328119839 0.03181288681513968
2387 0.0369600737856876 0.05383616873601028 0.04512105521695316
2388 0.01105913707294073 0.02039091287268488 0.03516739744773375
2389 0.04093579436961731 0.02608245860931724 0.007226358870576151
2390 0.07332753711550476 0.02585887760756185 0.03489332443428433
2391 0.03997096658447288 0.04118572881175656 0.04365424109459554
2392 0.0315988265134872 0.06308771010815482 0.04525892022721083
2393 0.04936137754894519 0.04789881849623315 0.04305097812689298
2394 0.05429209193472298 0.05181251107187486 0.005276764548811807
2395 0.03782229951783025 0.04906217464634553 0.01703610189854164
2396 0.01572618433892118 0.005264391150819532 0.04380682398768807
2397 0.062178698356266 0.03741992027261816 0.03515107260287519
2398 0.01599898436979899 0.04822207344506785 0.03778443527524598
2399 0.006464382526587586 0.03804146637504676 0.03283753553827273
2400 0.07464587280860117 0.05355094194254788 0.03570397936817706
2401 0.02919848881224109 0.005961834161607795 0.01498263814728065
2402 0.04454063674812194 0.0142834026327016 0.02678421457803434
2403 0.006621136107829993 0.04349472791103889 0.02779846687099658
2404 0.05328031484326152 0.02470549887038852 0.01679836152361427
2405 0.02377884587175895 0.01369731389667241 0.04358941832457485
2406 0.05501782692039063 0.04192316715069421 0.02741812007953058
2407 0.03159171760913505 0.06434465225773947 0.02820186862735068
2408 0.03784629773550995 0.0470144379454725 0.02841013334769342
2409 0.02848167484674215 0.01629896603559325 0.0221831884150319
2410 0.02723573486218037 0.01670856780145166 0.006154399752319693
2411 0.0389339643566709 0.06619700339081175 0.03295382455520895
2412 0.02522613406540356 0.0277937296829898 0.03448314037873429
2413 0.07425389375212342 0.01522916768172453 0.04390351678043055
2414 0.02678553181298915 0.04693523230710473 0.03629918236367894
2415 0.04787399087986444 0.02172768674984109 0.01560797478023478
2416 0.05841193273649218 0.04074790765746424 0.006191612434838871
2417 0.0542500624717859 0.006329490683094415 0.02542774827054161
2418 0.06547856496543701 0.07166219929628474 0.01620698370839895
2419 0.03679419289972362 0.005381466458523434 0.01877544944310468
2420 0.04365642248347461 0.07478315031108854 0.03633493064575934
2421 0.005192939844866184 0.006976523487912417 0.02219641065210623
2422 0.0557570224030287 0.07236987816915587 0.02621595970829321
2423 0.06565533366586467 0.02855537444075319 0.03022409018929199
2424 0.04664332739978919 0.04056630638928222 0.01965181826693081
2425 0.0493749026081522 0.05573969449137234 0.03025883316872082
2426 0.0664633042330373 0.04599905988419296 0.01391078795863905
2427 0.01704366997887932 0.0375445990285642 0.02622532416782217
2428 0.0056691552827339 0.05467454857869261 0.006664593670269769
2429 0.01476728718843797 0.0740727852097295 0.01331217457062428
2430 0.02207556626782422 0.01704943246951873 0.03418218302500786
2431 0.05167737328663057 0.07488820619721076 0.007174053296348894
2432 0.05231684531618119 0.006533239535262077 0.01479989908578297
2433 0.04570125277819004 0.01787205277648722 0.03759039006651691
2434 0.005708137413869507 0.07403780133587992 0.02386940487391147
2435 0.02365015648002265 0.06681325264923439 0.03468446689502504
2436 0.0654131262870266 0.02864877261267592 0.01986410082163973
2437 0.02470167273591469 0.04937738260260701 0.0145912496385802
2438 0.07377171902740202 0.03547879176102091 0.03528843040350473
2439 0.07583688006757447 0.06390713748573795 0.02377803750395319
2440 0.02569724444978175 0.00503719642072558 0.02569075819497797
2441 0.006088631946607795 0.04353771369774358 0.01449319754795835
2442 0.01489663943303003 0.02819433976061673 0.04297780721984905
2443 0.01539871133020908 0.06624649167663249 0.004792239621695937
2444 0.005376052324995981 0.0631983265233319 0.02614170840572129
2445 0.05461706614898794 0.02695960970766045 0.04511930060140721
2446 0.07405170975184427 0.04087077285381464 0.02361757778630913
2447 0.06159788492836394 0.0533886369594875 0.02690745372201095
2448 0.01611298303455615 0.04348430669002161 0.02537790115815007
2449 0.005011115903358444 0.01560430238383045 0.01338705565458328
2450 0.05042536932928605 0.005220468517839914 0.04156892844507803
2451 0.07363276407231986 0.02668103243910763 0.009722062765697618
2452 0.07424096883106882 0.01512782983854045 0.01335256396553392
2453 0.0664778307823196 0.02261322004214424 0.0153332223053694
2454 0.06469686225532985 0.005961688172830472 0.04298949891072182
2455 0.01617067598273823 0.04986269719708748 0.0445082498027532
2456 0.06553666613479132 0.05277210123796903 0.04416471700939677
2457 0.06938747624760452 0.02717512868357594 0.005508404013938001
2458 0.05236080267297943 0.03288137752215709 0.007130822588464099
2459 0.01678352787056328 0.03607749395741894 0.03557867384086929
2460 0.01702300832322062 0.006344612907352163 0.02377604706602047
2461 0.01551892683651839 0.07374036303322132 0.005523323464550541
2462 0.03805785534715696 0.05810933814817299 0.02271542793590548
2463 0.0745271490198036 0.06564554427952356 0.03520744762836898
2464 0.01633609642968403 0.07433847965141711 0.04420263484039583
2465 0.01441871111826607 0.02192689480119411 0.01644042968041044
2466 0.03181447025596455 0.0671245079387076 0.004913878500655433
2467 0.07466624556131154 0.07457137984366312 0.02396537095699111
2468 0.06665103332416301 0.05459207699356116 0.006878918736496448
2469 0.06585116915147639 0.03455961330294106 0.01437390535060762
2470 0.04554365866224903 0.0722919157187817 0.00772000553896643
2471 0.04266088089342701 0.05471439954437311 0.03898299600206966
2472 0.0431972236405482 0.03408441963669396 0.0276236517328646
2473 0.0551479979447839 0.0660186836497384 0.044717621867982
2474 0.02419971987138347 0.06475083677482385 0.01255814980038772
2475 0.07265751235710066 0.06404731623970125 0.04427248915494465
2476 0.02503034375069477 0.03413287363970084 0.004727944895898647
2477 0.07417262489971568 0.06509800407210246 0.01308977205562967
2478 0.03344473832540961 0.04378001015142642 0.02429415874748009
2479 0.03839105728148245 0.02423065979501126 0.03334100295645374
2480 0.07297603937292979 0.01473833745352787 0.03585218285717716
2481 0.01233418135106549 0.05114400231768682 0.02150897428840159
2482 0.04533189032977562 0.07363285199848763 0.04463215355609521
2483 0.0286199644969263 0.04526959222568866 0.005834989573044526
2484 0.03125466104722146 0.01503872653176665 0.03550226044820801
2485 0.005741352765477986 0.02600009358851939 0.03614176939679024
2486 0.07382381597494576 0.0545653864166012 0.01133803768937564
2487 0.07542170368429664 0.03337032492919841 0.01459183795230214
2488 0.03754442938651446 0.004688811998669724 0.02520370214815472
2489 0.006404352729302522 0.01415359848632902 0.03572037290471299
2490 0.005189155320835481 0.01539989192961711 0.04368067527560834
2491 0.03372798025283988 0.03018817337323774 0.01235527418388062
2492 0.05490133876752739 0.06133956518815618 0.02129787008115621
2493 0.03501592449754978 0.02232663490355777 0.0148422422182466
2494 0.0519872507068704 0.01990918663980909 0.02649735707948425
2495 0.00617757971532227 0.01455380615319907 0.006564611298480813
2496 0.05375164102884479 0.03178830195395516 0.02238286150220883
2497 0.06416421370150897 0.07484397126193484 0.02301658272549882
2498 0.005221077278438523 0.02532287865245828 0.00991977007918407
2499 0.05306382066793647 0.03613214375496673 0.03572744738682047
2500 0.05115808099599468 0.04673344813253986 0.03747236319659071
2501 0.01577757672512106 0.03624408260773297 0.01429873427341456
2502 0.04955696269993847 0.01461129614630967 0.02274323738836949
2503 0.06655002697657504 0.01917541879426134 0.02816515865049576
2504 0.04106268134782443 0.03914862045861427 0.03710345700865397
2505 0.06708098823761975 0.06264510925744321 0.0290238262807951
2506 0.03492010592858668 0.0282271729447552 0.04446053497582576
2507 0.005928128820522016 0.049816587362857 0.01638212834865264
2508 0.04283576783436872 0.07285788655336829 0.02655758506676615
2509 0.01437652094461433 0.0294917586180634 0.02985283884450743
2510 0.07366984048271466 0.01549263267093869 0.005623446528679434
2511 0.004552472864592419 0.05571775016468374 0.04451111580582985
2512 0.07318941580128722 0.0491512132443224 0.01409181771596182
2513 0.02721001472464321 0.02037708910744041 0.02827112349121638
2514 0.02570667445695606 0.05066569944196234 0.005745653569792564
2515 0.03174835592079994 0.05277313913718476 0.02629629118431085
2516 0.01882907396953071 0.0057071849710654 0.01458872557934672
2517 0.05828425390080531 0.0603732324550593 0.03156345338637744
2518 0.07463695660334337 0.01507032759742795 0.02856307914519142
2519 0.01130095863441556 0.02579315700355344 0.005396440228125634
2520 0.03868211305050033 0.02411977813034136 0.02297749922713567
2521 0.05434835700382288 0.07459597400793092 0.03957402512977169
2522 0.00426979550048759 0.004837100919688783 0.04557144504129956
2523 0.04808334169862413 0.0738381323567141 0.02363083338676336
2524 0.05228847570425584 0.05411840827054481 0.01771760964633641
2525 0.03368325456611125 0.07053512388162318 0.01018623703443636
2526 0.04902987165161698 0.05981060717295877 0.03461753189918901
2527 0.02406473276424517 0.0500045638684441 0.04494407031152703
2528 0.02079122380164762 0.07459858786507527 0.02480685677929999
2529 0.01267290907583345 0.05466050927093111 0.006264560824630528
2530 0.05077453140532895 0.06605599509245842 0.03354364071598506
2531 0.06431418813053538 0.04818956658004559 0.02984383604373082
2532 0.07573395758019641 0.02281255096747995 0.02490141994053583
2533 0.06533447097445019 0.05819980873519114 0.01579736266746727
2534 0.06163783888494749 0.05119088734409252 0.006991109447893157
2535 0.04405765712127813 0.05519681502099354 0.006528578809455872
2536 0.07231327921443913 0.06713335249899229 0.007570843258404293
2537 0.05696308717596135 0.004510835063645284 0.004617010244093685
2538 0.01812783072214095 0.04137618274335577 0.004883853506014877
2539 0.03686176910766286 0.06503703977941735 0.01300758603210075
2540 0.04312580305448913 0.0284925328002634 0.0454528181613241
2541 0.005559515026208425 0.03974592905626587 0.04140199860205621
2542 0.0500123572157617 0.01484203275807148 0.03703980594193176
2543 0.02271089634860223 0.02199054288591032 0.04449245650404771
2544 0.02591047193282028 0.005190455614780589 0.005339634635705469
2545 0.004917477250465256 0.07512932893331652 0.03404943645752249
2546 0.04127185554204239 0.004869695393561213 0.005598179471619703
2547 0.004981719209490049 0.0230854791942997 0.02538109692655133
2548 0.04938338158902428 0.05243827490112001 0.02409495860337446
2549 0.0750913341901232 0.07506822221259507 0.004886282171243126
2550 0.03716971337922635 0.0340454551552704 0.02740866438850282
2551 0.06333331227256082 0.07507084919478633 0.004875207842794088
2552 0.005248797576613325 0.06468906281649767 0.006317337626683773
2553 0.06668063558261796 0.006441505014353866 0.02885968001975192
2554 0.06654839855663938 0.03634297917698768 0.004919346743789583
2555 0.01861790953005638 0.06789100310240133 0.02553797287301224
2556 0.03695391381213565 0.04722565039721828 0.04337472621436683
2557 0.06739971296833706 0.02414920190559562 0.03484331081038324
2558 0.06432519370106544 0.06075970599405938 0.02236034419769764
2559 0.07422088282742011 0.04254787422681095 0.04427371945501686
2560 0.005591512394086343 0.03411763664440826 0.02378566844149294
2561 0.01339041001646365 0.06418788503074879 0.02877313746231422
2562 0.005807984098564859 0.004940032656884659 0.01425314646898434
2563 0.05109131715521401 0.05886102216664155 0.005204388408070336
2564 0.04460078872350308 0.02649721258180182 0.01334297656359896
2565 0.07534760925734411 0.004928184310586146 0.04489883094436689
2566 0.02690458190183364 0.05608583014761407 0.01699984852760903
2567 0.005843596586754351 0.0733029028096423 0.0451431105134355
2568 0.05707112301669741 0.01824218782128441 0.04357960815103307
2569 0.06320679547867111 0.04427874354045584 0.02296528710175838
2570 0.01454792112162559 0.03543468707422522 0.00497814919647982
2571 0.02609768600174078 0.03624337956496052 0.02891415936074402
2572 0.05824022896411427 0.01601254768837564 0.01463202851231337
2573 0.01323593082547006 0.01751168431924187 0.02465165554300157
2574 0.005344649197666634 0.03817850878149427 0.005650036193833714
2575 0.0395993936458097 0.05894830873296485 0.03384634173388609
2576 0.07489821504828716 0.005450446521892977 0.02362123885385251
2577 0.04750588348310043 0.04767371171794368 0.02021908064698535
2578 0.03463411784502397 0.0451904366963366 0.0346249992409796
2579 0.04069319136806509 0.0137345843638574 0.03594864322069281
2580 0.0740407218924269 0.05389502337720588 0.02526241886719447
2581 0.04319603553005084 0.07486830503576956 0.01313782456582093
2582 0.02488271347304419 0.00551418509505627 0.03291072367841151
2583 0.01694686899828548 0.05329669775983983 0.02418759709949136
2584 0.0406628108752498 0.06406050608993133 0.004512735237945043
2585 0.06517270110936199 0.07469077701081597 0.03818493398517293
2586 0.04268175641206239 0.03782490649864866 0.004782125573595364
2587 0.01512216288570833 0.07413130489461012 0.03746027958189399
2588 0.06708733902136563 0.02815922980062686 0.04520528779353863
2589 0.05946119881917165 0.03031044776727524 0.03468300949710042
2590 0.02961583858050359 0.03473357368527594 0.03775037866982194
2591 0.03066908078524917 0.01337762304237686 0.04528290567501924
2592 0.01070888911670486 0.03070537628449217 0.02181640086042138
2593 0.06504638353042212 0.01248730739601831 0.004463432721107223
2594 0.03491280756230401 0.015489801701848 0.02021337826463745
2595 0.05989333318640629 0.00631797286676184 0.02335181702980817
2596 0.02249252987327244 0.0691993843618499 0.01933578680248017
2597 0.01567757846700859 0.04354098359340192 0.04450522857901659
2598 0.05253263395146589 0.04629146866448228 0.005835228027837439
2599 0.004477215687094097 0.07489812406636578 0.004325476650101526
2600 0.02366303871429013 0.06602944727638178 0.005536510952878261
2601 0.01796809488377715 0.0233137624212038 0.02627064535950727
2602 0.03608847880213563 0.05479836740681614 0.005001870135162787
2603 0.0433912160092703 0.05637426649751411 0.012989009348241
2604 0.04193092423608308 0.04315918053064942 0.01249704830725518
2605 0.07497047485682211 0.04118760713604279 0.004947079887531244
2606 0.004868780233368771 0.03467883050937677 0.01228087511909098
2607 0.06486823721835096 0.07406969894667731 0.04457807888030318
2608 0.07520493662204589 0.02602525238791254 0.04487569997406737
2609 0.06125912552943166 0.02437597911667223 0.02517153846684889
2610 0.05670923338716316 0.05347774954101487 0.0116295248431405
2611 0.004853162926635822 0.054078005851887 0.0363297497357161
2612 0.04076836169209053 0.01820513132858881 0.02390167470360788
2613 0.05997078481064704 0.06399413294727996 0.04060590353811325
2614 0.01714449278977371 0.01236206880142703 0.0221157361798852
2615 0.01445194676045316 0.004274176606774195 0.0282423021340629
2616 0.06644766274577166 0.03413234528959266 0.02570468207687148
2617 0.06004865193911842 0.04045822490670223 0.02804390747960352
2618 0.03885054228398024 0.02034922552253766 0.0086741546296903
2619 0.004855777759178528 0.0717961921896272 0.02995792688402121
2620 0.004871263882128029 0.0407471363684462 0.02206341869910069
2621 0.02509804488175891 0.06756252490093451 0.04528562516200198
2622 0.06548028690592957 0.02033265889819472 0.02105967314453806
2623 0.06661201217083566 0.05242396403771142 0.01912709689323511
2624 0.004673422048865542 0.01197226821007277 0.0289307105391908
2625 0.02557506752385605 0.06131274993889885 0.02665129110890931
2626 0.02168220597902762 0.05713730207003953 0.02088300032698031
2627 0.01274993257384214 0.05757665458595772 0.04513656874666053
2628 0.03562866093333118 0.03515445201286659 0.03711880852381015
2629 0.02818716747626667 0.06043801090156813 0.01357284327136524
2630 0.04990677018343259 0.06289749955954793 0.04559754139690073
2631 0.05997369662981783 0.04865635285934592 0.0343623326076537
2632 0.03907025195212905 0.05492564891297731 0.01804911595652823
2633 0.03380599867813137 0.05123195411919846 0.01906284584860696
2634 0.07480795764794557 0.02428143124242658 0.005098200712298552
2635 0.05874369004998575 0.04052822440128102 0.02240841547804302
2636 0.03782923219592815 0.004397724917916387 0.03802536010593048
2637 0.04007657158764782 0.03103900816493022 0.01170448318419914
2638 0.0389051857424946 0.07417008883678092 0.004744828034257931
2639 0.06133613943181229 0.02402576715067137 0.01202954682162345
2640 0.01491909683755196 0.07542744357251244 0.02702532832311835
2641 0.05846451676235287 0.04160325399074805 0.01239088275714992
2642 0.05906507294558776 0.00530850883987317 0.03421505699356644
2643 0.01179937156674105 0.06422750221626113 0.02249544571354933
2644 0.04549218105532957 0.0524620188058009 0.04425565289095191
2645 0.05078244522410142 0.05012800830050724 0.01444230784556026
2646 0.01448345847845711 0.03767115782110129 0.0208013942017987
2647 0.06496617275254449 0.01340418418691192 0.02145744153192049
2648 0.07439589923395713 0.02130568705960947 0.01453099760610474
2649 0.05967879998924201 0.05257797416996743 0.04491303082893702
2650 0.04341464661285458 0.06679929289910816 0.01059949509341354
2651 0.04550056689802806 0.006218971781227402 0.03491576159630894
2652 0.0368956541393979 0.04012594381968473 0.005446993753575452
2653 0.02698288303962472 0.05542752711045313 0.04563546135889644
2654 0.04624556029265366 0.03989082619047899 0.01102764678511777
2655 0.03479016033907575 0.00491290317677046 0.04396898632532572
2656 0.07464629821656159 0.03757656588264808 0.02907338970668415
2657 0.01231076506041229 0.0142538813984672 0.005079654544178638
2658 0.01917981401202767 0.02678195596129513 0.03746893156222163
2659 0.02509284533612525 0.07425832048992734 0.04407103169123229
2660 0.00492139330940417 0.02323228924621644 0.0049621234232087
2661 0.05777767167338775 0.006084436714612701 0.01477819515461626
2662 0.04706485073557084 0.01840197027802176 0.04594688002579304
2663 0.07568155176618577 0.02817148677750278 0.02413138685826783
2664 0.01292077965506995 0.07020940562810306 0.01722030117567161
2665 0.04270272015188376 0.02397763080646528 0.02702050964033872
2666 0.0151502245644048 0.0466918321694124 0.0169052902836502
2667 0.04136418020433122 0.07089511345152033 0.03225703400994215
2668 0.05953460364632104 0.01894757093063963 0.03844211039693776
2669 0.04673350361519384 0.06639744360134998 0.00528823471148245
2670 0.01426041075391002 0.04627916048463557 0.004684383035540605
2671 0.05696164465513319 0.02731079263851715 0.01271273180211038
2672 0.02608613483302414 0.07534718188200774 0.03821078161077027
2673 0.03544716641093896 0.0750953635687439 0.04508342356510091
2674 0.0701576563970672 0.06677736727108548 0.01715988325281635
2675 0.03202943104139468 0.04340520469951985 0.04428662298612417
2676 0.04238401074879079 0.0485196718554466 0.005325743542241572
2677 0.05662326726715068 0.01772242382389922 0.004317454533947968
2678 0.01316993265115251 0.01893533133570072 0.04527350418764097
2679 0.03466619360853244 0.02510248753860222 0.0393096526851351
2680 0.005219263940172952 0.004831030839066952 0.02710097861745249
2681 0.07506708878043983 0.05441478515579391 0.0453370379389003
2682 0.03730102620038851 0.06543640110148163 0.04486845296298385
2683 0.07492550573748177 0.01219297797783901 0.02024821240717299
2684 0.004906496319765436 0.02104411469443106 0.01478591653302378
2685 0.07556328987991509 0.069244773572641 0.02115456496652566
2686 0.02404348078406657 0.03898885809861279 0.02096289593701689
2687 0.05600364635848005 0.06044124927440035 0.04529183116109973
2688 0.03832782664253424 0.06665345855341769 0.02055634708353311
2689 0.02086054262537335 0.02719317237698951 0.04424261767693412
2690 0.05109890589539786 0.07603153028766975 0.04608392917031234
2691 0.0178300687371874 0.02211529718443684 0.01018495162262483
2692 0.04223967415479818 0.01104099735633749 0.01617919123529749
2693 0.04828641082769487 0.03351272877328062 0.03277675129729941
2694 0.05411683932498294 0.04756071884209693 0.02628721186077598
2695 0.07589568535726979 0.07468245359836354 0.03814463921496012
2696 0.0362501749717256 0.004707207058314906 0.008028513132904785
2697 0.0202087063227267 0.01694655657901326 0.03994876382648978
2698 0.05654393358958373 0.07454234297791346 0.01619488788846097
2699 0.04131227495924598 0.06187594818755131 0.02830068102822331
2700 0.005187540499567142 0.06651794900362849 0.04449412934079975
2701 0.05920458531115353 0.05852058233490951 0.01429030346212164
2702 0.02120066992640364 0.03822582565154187 0.03890383290677729
2703 0.06402791428677361 0.04062198368195428 0.009802049998521092
2704 0.03526859805154599 0.07596119124157455 0.02239757698813433
2705 0.03467699358394156 0.06027817541007234 0.03532364031558769
2706 0.03197929836519908 0.05927610320582432 0.02370599722412963
2707 0.04452669545836893 0.03807969239926626 0.0441981071621438
2708 0.06000612934098407 0.07000537569944824 0.0262673176372531
2709 0.004395630626970773 0.004442949760467754 0.004914439742440436
2710 0.01886985011962117 0.04985864407054923 0.01433024652296944
2711 0.07420356450978874 0.004084435053836267 0.004100528048382832
2712 0.02095967559721775 0.07535338794920303 0.01532963095888041
2713 0.03589708792251054 0.01912234930435634 0.03722017658188004
2714 0.004730378591378806 0.02843220156133876 0.02384917416357289
2715 0.04964886059845516 0.06742620107008132 0.0186250912473742
2716 0.06809445194698412 0.03783888928112379 0.04566821704209385
2717 0.06873799871581428 0.01632895828473541 0.0401316554374135
2718 0.02952509501379871 0.02011223829231881 0.01172706016050241
2719 0.05666342633029786 0.07575705486516753 0.04613768885576369
2720 0.02321262120264357 0.02026149260397072 0.02161084332653258
2721 0.01019462838158024 0.04108595803687485 0.01738767614754344
2722 0.03415255847608636 0.04157103015379387 0.02980574065275775
2723 0.0228720164445712 0.05654404509420513 0.005627837731714306
2724 0.0748232896163612 0.005542525370496488 0.03722750746077212
2725 0.02166727908685089 0.004898434358222371 0.04179886466461751
2726 0.06693526030893505 0.005408557322301525 0.004842009271511354
2727 0.07402491822171797 0.05646711487382013 0.00581653571249019
2728 0.07020051026433757 0.01338061692988277 0.01805848700117598
2729 0.01281167812376443 0.05877940497013381 0.01379280056933902
2730 0.04915687637882454 0.07592423095700138 0.03509529167673581
2731 0.02127956827965555 0.0361325871791788 0.01504597057006255
2732 0.02265601957936618 0.03592013676581895 0.0454935005498581
2733 0.004821413508652255 0.05728414956243835 0.02713901705222323
2734 0.01163025053298456 0.01366463047793383 0.03056481279919389
2735 0.06916965213893274 0.004786306183628488 0.01380399848528354
2736 0.005437122695921824 0.005153992375961395 0.03752394097652714
2737 0.03009206717682636 0.05169895455198401 0.01530578534293681
2738 0.07634679934186665 0.07611553950396986 0.04498248892008033
2739 0.04190599347022668 0.005465224514902565 0.02065250848954057
2740 0.03508303629629509 0.02568847953826886 0.02714528807598926
2741 0.0596830898508494 0.0751607173040485 0.03605545544014647
2742 0.05752325275151332 0.01117937203826736 0.02522938209851923
2743 0.004972926736671649 0.02004163833538282 0.04526368491992003
2744 0.04609926192485849 0.005385138555299178 0.04494292842062925
2745 0.02386608582600657 0.04562637475122319 0.01962629763541456
2746 0.04440633297795914 0.02356226929282898 0.03661236542652758
2747 0.04151132430103805 0.0561251620218941 0.04434119240820161
2748 0.02827672732486124 0.025369695050379 0.01183154978073818
2749 0.04685711925785536 0.01035253806601483 0.03181534386363198
2750 0.06813264355737302 0.01292911812622457 0.03073919107974759
2751 0.06598816537206882 0.03647030362713016 0.03921992101490805
2752 0.0482279842946283 0.04164109686747713 0.04493223305896302
2753 0.06502006790856678 0.04909740811167088 0.02437506363901395
2754 0.02041928614865065 0.02087490203241482 0.005052007379898426
2755 0.005637530030264457 0.06109959204934786 0.03600485456431388
2756 0.05436834198164324 0.03598039358400434 0.04509941460417986
2757 0.05946573797130292 0.01120591676348924 0.03528504701905541
2758 0.03709849879177406 0.05249101425224423 0.02885647210024556
2759 0.02530195678297842 0.04036251146193258 0.004563721833999665
2760 0.004753350382316184 0.06668942905399589 0.02181896241712328
2761 0.00409484598348307 0.01299474381777875 0.02214111167517101
2762 0.01917250805645216 0.0597291709198975 0.03843412730402006
2763 0.03642265645995317 0.01257047242833274 0.0456136080701112
2764 0.03727679197558497 0.01319351006824162 0.01547268688453593
2765 0.0677224623837088 0.01343686809768914 0.04580114756239625
2766 0.07592410603238171 0.03781445204449531 0.04587300772011408
2767 0.05262325135191089 0.04377138486068364 0.01431987836631434
2768 0.005541727013458174 0.06606505808524586 0.01177600922943281
2769 0.04519564200957838 0.04948452959901463 0.01390160342840972
2770 0.03575528377405504 0.038597015005601 0.0241146819925001
2771 0.04719599309492623 0.06277851496930324 0.01370848780508069
2772 0.0594157361870951 0.02961802024855035 0.02167028605819207
2773 0.05862861300049649 0.005011764249133828 0.04502477983194848
2774 0.004829379938870525 0.04201465292875479 0.03624599395807606
2775 0.04073727183187968 0.03263305946543919 0.004986323738207727
2776 0.01041137468361676 0.07573704144760775 0.02112308308401847
2777 0.06825033590933467 0.01518085624554737 0.00961688614776976
2778 0.004982862491538334 0.06075998935644326 0.02176709057667239
2779 0.04534816524973057 0.0346192143684764 0.03848761283495213
2780 0.02369956974450424 0.02625446039889271 0.01786479876827206
2781 0.06903037473925823 0.06953544899491859 0.03502310491353887
2782 0.0149742546915328 0.01883131710879707 0.02936611452458841
2783 0.03187402989408916 0.004392424696137746 0.03761913646428636
2784 0.02237222297896394 0.01136148093990611 0.02636227780915002
2785 0.07504799008843735 0.05967192328447373 0.0145666515767406
2786 0.01123474253772259 0.03799370713149721 0.04476445161484461
2787 0.01195790540639485 0.03356158456106931 0.03235040333311619
2788 0.06107426545451869 0.01121784425007928 0.01552585194310182
2789 0.0634064856551067 0.03450421080693259 0.0200441414793624
2790 0.02103289351717803 0.04596251731504223 0.03427982965109944
2791 0.0343537634925449 0.03850441116733803 0.04549443084544044
2792 0.05674475406964072 0.02358060865026707 0.00382005762990214
2793 0.01662920319371501 0.01222818665644817 0.0106192895272455
2794 0.02976015310030974 0.02253442693265369 0.0047082734256429
2795 0.008076485793968829 0.03231476666218167 0.03581231882121454
2796 0.04853618260343876 0.07536840965518944 0.01276049961864111
2797 0.04281040858409995 0.04396102571125242 0.02694224663696143
2798 0.02962576425563134 0.0417565515112755 0.03505425239407733
2799 0.04216477008938083 0.02934119426937283 0.02218467236037316
2800 0.02822590537493509 0.01854244463710893 0.0454511243796327
2801 0.0122529291208596 0.0588742322438843 0.03659915781153111
2802 0.03172606625869653 0.0565434806579788 0.004782294510196438
2803 0.0590899155039644 0.05032288635460986 0.02278463657530653
2804 0.05267339517085639 0.02558963509569177 0.02929095245255242
2805 0.03783909248317018 0.05867996553886905 0.01394032366360629
2806 0.05695725847689363 0.03520523223211775 0.01386347498627185
2807 0.03830529199456294 0.01272775146382817 0.004397771462636221
2808 0.06226212229665802 0.06694478010275377 0.01993577593032795
2809 0.04687174972066824 0.02720933906626098 0.004012371196971547
2810 0.01130173361194312 0.004360654014853215 0.00444049644492945
2811 0.07235006552774809 0.065713776453526 0.02938674549354301
2812 0.03942852076547853 0.04525417453247012 0.03805897204558924
2813 0.004457967224925977 0.06791440065107228 0.03825341018231678
2814 0.05268638243965052 0.0122054275399024 0.004706737790587672
2815 0.01203843187221609 0.003812728735559737 0.02252645772077548
2816 0.07492357763740144 0.07141282592494068 0.01103227106242583
2817 0.01395406596684081 0.0691199468341176 0.03129580454565824
2818 0.06593655777005318 0.02127536571955511 0.0444586297457215
2819 0.01190195470897377 0.05231574039450571 0.03465197567088327
2820 0.06866502575345412 0.03470169757939379 0.03204175795847029
2821 0.05329611597205575 0.0419310888455284 0.02169873520253812
2822 0.04013154468599226 0.03491820432380901 0.01595803896873343
2823 0.02722916364578478 0.03231590221280575 0.04438744516462086
2824 0.05863288422235401 0.03052749153880594 0.0277715495668918
2825 0.06023483674763676 0.05774084248977585 0.02406731077900232
2826 0.06557307481331494 0.05548624562236409 0.03864543709852194
2827 0.06757585730333382 0.004935833829267716 0.02355959085279019
2828 0.06979475992326065 0.076023908767969 0.02177385958653283
2829 0.06011727826264707 0.06154797957105575 0.01885433855732053
2830 0.01265845016310191 0.06488561573705733 0.01152977288815254
2831 0.03548490009361665 0.04063861293287137 0.01261295442084963
2832 0.06974231432789291 0.04494525911952146 0.03881489305793519
2833 0.05444119259180941 0.01299824787852018 0.01606635730203768
2834 0.02629988361338279 0.03694822758204345 0.01032404721059856
2835 0.04357283592578164 0.01178677221487575 0.04604992927581181
2836 0.00454566144907023 0.05513685759976881 0.02123434351319898
2837 0.05764169694671789 0.01291557892740981 0.04532326330595164
2838 0.02810628748465068 0.04173046998663325 0.02886367267876042
2839 0.07533647425983425 0.05961442119127146 0.0356066824265681
2840 0.07574457824150405 0.05552427542118267 0.03108495471692525
2841 0.074912043527346 0.04345401094846525 0.01056917426050759
2842 0.03187347330822202 0.04121577731011569 0.01935953488424962
2843 0.05066093776019482 0.02322638621344089 0.02138554322417871
2844 0.06624399230959324 0.04150628504470372 0.00453954627302026
2845 0.02736473259474681 0.0760907630957848 0.01399206024122974
2846 0.06627297000708601 0.0583877824689816 0.04523969334355624
2847 0.004413871304718769 0.05325550456589967 0.03085063034007305
2848 0.05971344538285388 0.04481478193520873 0.04482082569047572
2849 0.06974248415717473 0.075514420311113 0.02710429422718583
2850 0.04386900287583089 0.05906586660088278 0.0194063733296192
2851 0.07491987855028823 0.005189906834757262 0.0115696988891432
2852 0.0515830695247798 0.02443374617256165 0.01118189547421833
2853 0.03480927072321444 0.06581273567227425 0.03771525296759901
2854 0.03998697817677407 0.07597994169215122 0.01787243095122612
2855 0.01128444954076335 0.04147381618081106 0.005261860283549996
2856 0.03610431213579864 0.02201532827220358 0.00411957242746857
2857 0.04843324930334154 0.06453986834386831 0.0398472829524002
2858 0.04156491295096689 0.02869922834907651 0.03773570630434332
2859 0.07130010506436746 0.025505796687098 0.02908670597582957
2860 0.008389315263765204 0.01284395410694851 0.01857033340259613
2861 0.01506693591578407 0.05809322613083932 0.02017286401509368
2862 0.05173508563995084 0.05538516475747876 0.03629574766939818
2863 0.05252506935723689 0.07590387684604162 0.03012120721921569
2864 0.03266046742215765 0.05683526348482467 0.0111468612572843
2865 0.04942177148229637 0.06628897554497723 0.02777391083159544
2866 0.0297041621518589 0.0587070230769845 0.02996334797139025
2867 0.004934031079107571 0.02068654109277519 0.03484669263826577
2868 0.06681991553444737 0.0609845189298723 0.005049095787164131
2869 0.04451856261568019 0.01720616456525242 0.01173643558298132
2870 0.04529560422011108 0.01196327429308741 0.01072329844107782
2871 0.02248585200601837 0.05604658628326218 0.02727443909282207
2872 0.05312341994250388 0.01882058493291117 0.01349535367584018
2873 0.03372659950423097 0.07544752022195705 0.004766920632879708
2874 0.02057241384718599 0.07491112269455527 0.005125407985765728
2875 0.06774850651106076 0.01802291157033087 0.004376049103187392
2876 0.05874953828257545 0.06399466732348334 0.01155847080990316
2877 0.01294939740381218 0.02424155348968538 0.03961038525417039
2878 0.007704162468915165 0.02340944830223604 0.03045960728967411
2879 0.01041154883630684 0.04366031518860265 0.03362013916070563
2880 0.04712113117685379 0.0123377507711976 0.004579289448342156
2881 0.0146732015177569 0.06791323952116284 0.03696131262811074
2882 0.04345322593819954 0.06849874007081011 0.03811230600042956
2883 0.07054843677327752 0.06391371925618812 0.03881582997822705
2884 0.07578085076301523 0.03676078189320515 0.008779484983876243
2885 0.05483095333186913 0.049259255296585 0.04557521479024201
2886 0.07556505027444546 0.02095643024037857 0.0357492511168753
2887 0.04860138065451071 0.03643511037140044 0.00488123273327213
2888 0.07536481873123614 0.04781721728883581 0.02466689819568034
2889 0.02327364041639248 0.05001700314152011 0.02432999566904013
2890 0.06146451632655606 0.06703713698400729 0.04579574026351293
2891 0.02618829810912726 0.04503444522784927 0.04534759913549304
2892 0.06418922378173164 0.02270367656556976 0.004751496961979496
2893 0.02275434467454633 0.01630174949367948 0.004145344559508088
2894 0.05879190485245132 0.04455716299895635 0.01844283582816117
2895 0.05008350521659852 0.02238333792369651 0.004396538900137393
2896 0.05116710857899708 0.03471854648104233 0.01820891970441624
2897 0.06211553450434415 0.04916237371683378 0.01180755849160012
2898 0.03513069922104266 0.07570555672899083 0.03814858844740476
2899 0.01450080527696425 0.02740332361487265 0.01926633605169055
2900 0.0609099727291838 0.07574760517283306 0.01176197791989533
2901 0.03487338191272581 0.04895963249249208 0.01227250039622814
2902 0.04282508637586765 0.02270446529061871 0.003915678398324287
2903 0.07564143913351405 0.039976509735141 0.03801541141432149
2904 0.01317398449670768 0.004351216217947168 0.01247863424571167
2905 0.0592168091763929 0.01571157038049057 0.01974043842927428
2906 0.01630399553115564 0.01252728103630547 0.02693736344654136
2907 0.05705958197842897 0.06427329447669798 0.03490905398868625
2908 0.02546957796050526 0.02190677459743924 0.03342580765124632
2909 0.04438211470351509 0.05770226626699195 0.03114619039583972
2910 0.05803650164721523 0.07543737683884896 0.005170530088028185
2911 0.01393420500783404 0.05999628325630935 0.003531026285779892
2912 0.06058376375342672 0.06933774291837985 0.03640983114052681
2913 0.03304672644246957 0.05747044529320927 0.04546745470630352
2914 0.02367805588266507 0.0341887570496428 0.03490691234235071
2915 0.05990883467598442 0.02904419496116941 0.04583854765747764
2916 0.05689877048500876 0.03651043403401909 0.03009358650481548
2917 0.004144848908254894 0.05262849665317698 0.01135870414974178
2918 0.0676175884492904 0.0494885710116663 0.004408516548312302
2919 0.04871456643511277 0.02863898132408292 0.0456799719587385
2920 0.04129982649460894 0.05591582568191285 0.02682425658151692
2921 0.03673988320020028 0.0491313326305353 0.005135850803643558
2922 0.06827063207823933 0.06488850468838012 0.01034326883457922
2923 0.01354116375886951 0.05840728128095183 0.0312221127852365
2924 0.004768979373341411 0.03493231505823383 0.04544624121284069
2925 0.02891657841326921 0.06989983057896235 0.02024770773792647
2926 0.03579602307794027 0.01183943827938385 0.03433772941560641
2927 0.07577626999166631 0.04802797216959553 0.0368788779433756
2928 0.04095109981303088 0.05912968790551934 0.004342412698042231
2929 0.03648368535246514 0.02290408827178754 0.04596361298520968
2930 0.05955954882411733 0.07587899455000856 0.02949260406006043
2931 0.06115479092455865 0.05311972993906805 0.03813742843286753
2932 0.05335467654135241 0.004226256436314188 0.01989452859751254
2933 0.05693082848942285 0.03747201436280739 0.03956800942132385
2934 0.02766712656385667 0.01068217667973297 0.004958745076265563
2935 0.07545337315351615 0.03418464663395254 0.02451606978774689
2936 0.02344305158464277 0.03217935090426893 0.009335533202381754
2937 0.03074000319133855 0.02585880986048037 0.02329234252765324
2938 0.0174469908156361 0.01842092421815378 0.02057387179808074
2939 0.04235154595631221 0.02237405985906496 0.04590633485456943
2940 0.02050663472838348 0.04691744264659001 0.004295003137236833
2941 0.05532550583835333 0.06603639219603737 0.02851008757527966
2942 0.05824909529654092 0.04724347524360263 0.004531164215719574
2943 0.03214166355686534 0.00486951029015902 0.02768512876864634
2944 0.02384811235819838 0.03038804318230767 0.02599822665274903
2945 0.04537718011726814 0.01683047108520308 0.01844008374139407
2946 0.0529185198296627 0.02047449189006157 0.04603147134944565
2947 0.0355388621526373 0.06384937051518004 0.02471442179545614
2948 0.06476659486308714 0.01108615964394955 0.04053639388411966
2949 0.02695343567214465 0.04318149859570482 0.01145114065497401
2950 0.06783379608165385 0.04057883285598969 0.01906195556837941
2951 0.02468468902039351 0.02525584767983521 0.03976966098312518
2952 0.02088210442970673 0.04053887380014343 0.0114120592657754
2953 0.06173693591111315 0.05918183268732687 0.03680405474175595
2954 0.05918015892878276 0.03133209730036906 0.005058739412654516
2955 0.06341301589019424 0.01347995743331096 0.02740890948896988
2956 0.0114529839367809 0.06659632952583755 0.04586268016511347
2957 0.05837404249298961 0.06638569999691936 0.00522463294544518
2958 0.02674182073383178 0.01165366625249994 0.01454762476314576
2959 0.0401665776105989 0.04574102138994035 0.02208732540838394
2960 0.01705180506136903 0.04227658482184163 0.03676670444539342
2961 0.06924342917353861 0.04527593121981046 0.02786248924645868
2962 0.05510588998167348 0.05103335770620796 0.03696463046139302
2963 0.01090133954604339 0.004159600934907523 0.03868174608431198
2964 0.02978052165607905 0.07053037701556655 0.03640516235823354
2965 0.01339046679646801 0.02020112405996314 0.005057306558335617
2966 0.02091971587282309 0.01171098213577456 0.01446874089645583
2967 0.05060559355046559 0.02849444829937709 0.04080024538059417
2968 0.05695751077729922 0.0215591806146447 0.02824136427704386
2969 0.01957053742372048 0.04730298618398793 0.0262524858665929
2970 0.004448114602664671 0.030768009969575 0.01790376998699509
2971 0.02868160841815373 0.01020651535370948 0.03991749968998996
2972 0.05171599477216083 0.05774488189276054 0.04630731623477573
2973 0.02697052202194845 0.004753411065480981 0.02020251456730122
2974 0.03143501198130302 0.02665481045795912 0.003681063332225469
2975 0.04160493550126537 0.03891721570970824 0.02429187705445061
2976 0.02056880032661704 0.004996151755301637 0.03592948970220416
2977 0.02084272089717002 0.07617258899580222 0.03390399138866283
2978 0.0107883288510052 0.01499570055728891 0.04075448852938723
2979 0.01870752715282737 0.0177638108285713 0.04609873362640745
2980 0.03990458786254374 0.003902043283787757 0.01225942706131778
2981 0.07531531095294224 0.0589879832626936 0.02197218185955145
2982 0.05943821339308472 0.0133456194941198 0.004373787365936517
2983 0.01919350288033406 0.01037711467207191 0.04587029645094421
2984 0.04719141550967587 0.05350393261107955 0.01190823389496808
2985 0.03072138620277584 0.07541840162117344 0.01936259193464044
2986 0.004737498892291322 0.04112847743615706 0.01015430733678324
2987 0.01944298363874734 0.06528968030171436 0.03836888138610033
2988 0.03617647553538998 0.0294814272197391 0.02381277121830547
2989 0.04914843245409724 0.02324148201355464 0.03808725229663941
2990 0.004843455857738707 0.05897254310416136 0.004890029743462697
2991 0.008200393027922619 0.07556334902475892 0.01073644879349141
2992 0.01957656220113113 0.05940729134012777 0.04456998701313659
2993 0.02464722878909992 0.003754617306266755 0.01221065070626406
2994 0.03135734632038243 0.01732615589130071 0.02843157116380923
2995 0.01888836807620699 0.06303210498368417 0.02228869064285517
2996 0.03082920404457605 0.05019551480222671 0.0363868506613669
2997 0.05648208341900381 0.06645138318305729 0.02300031243352715
2998 0.02843431551858317 0.04844695312068863 0.01106263720152556
2999 0.05970633092603873 0.06104665715811731 0.00475124021317467
3000 0.03994859650573909 0.06995443114224974 0.01545691956594882
3001 0.07485495243866189 0.004853331020722304 0.02843108552634585
3002 0.02051169959330116 0.03200947919709597 0.003944617775142861
3003 0.003976246554074202 0.04655179998562811 0.02391290086484308
3004 0.003471419209810382 0.03765942352504321 0.02711628457190589
3005 0.07548177364744342 0.05154483973404039 0.005211132407989045
3006 0.009901139986914761 0.03093362580160192 0.04582982857801359
3007 0.0224677698988905 0.06484109412375823 0.02908001640089864
3008 0.01837840932916514 0.01239238737617492 0.004654223810366009
3009 0.01072158773394439 0.01341032171107689 0.04607927258934519
3010 0.01891905995765632 0.06864152064187747 0.04616044498788403
3011 0.01988001252638618 0.01065664948147934 0.03464062697299446
3012 0.05531098495799941 0.008763865800356683 0.03083477690309383
3013 0.02776484452355361 0.04254964345325825 0.0221059020011495
3014 0.004773317301657518 0.03857167350707714 0.01639270556816003
3015 0.04116573888315275 0.0187786843774109 0.0379752920613795
3016 0.07007171420699596 0.07580770536908318 0.01215071909340275
3017 0.07105581113277556 0.03777580396660334 0.003829320698977212
3018 0.01820798004798111 0.06921855500512274 0.01489929032539685
3019 0.0506005261885329 0.05778832834911245 0.02162295356272546
3020 0.04232258209117599 0.00859339669961987 0.02603962885544416
3021 0.03666227409879839 0.0299452670984602 0.03082201291550457
3022 0.0309256758149916 0.05273763301267487 0.04566941899691416
3023 0.07633273924976429 0.06914394692888456 0.02688783281161526
3024 0.0461857448171692 0.04641146090478157 0.03863549410543632
3025 0.02494925719336341 0.07050742368195652 0.01446505707535909
3026 0.03503783532278928 0.01761482518481924 0.01260328887553163
3027 0.04930099348361171 0.06827416182713564 0.0458943055428049
3028 0.04394121254081678 0.06075251802767262 0.0386636418068449
3029 0.04386885037971573 0.02803399167421818 0.03183580194171638
3030 0.06773082070979829 0.06634339675192298 0.004114539781836796
3031 0.05530427770810928 0.07553767564242929 0.02071630329278095
3032 0.04611581960883705 0.03432451598985685 0.02222353196734384
3033 0.03143222356206975 0.07167496359428521 0.03034918324959246
3034 0.05239097519459578 0.004860354191918425 0.004449468552507927
3035 0.05286736842505812 0.06454599156434805 0.003816095666493586
3036 0.01223746590676034 0.0354904059103453 0.03760271815498129
3037 0.01016631484873483 0.004030941040374189 0.04461477328910718
3038 0.03135506573049388 0.03627752983164139 0.004332597278396339
3039 0.07544225611315154 0.01955191756655007 0.04538830679705585
3040 0.010325096704258 0.05221400018137239 0.04502607556959758
3041 0.0665094256280659 0.05303382927246161 0.02830808810030623
3042 0.009792992498256966 0.06493622591017495 0.03949327438361801
3043 0.05436956290031004 0.008389195558257838 0.045279536512995
3044 0.06316528461057887 0.06942708861819681 0.0102575071864932
3045 0.05855240606349357 0.04465779505009754 0.0316675583263727
3046 0.02119817073891912 0.07604503630714812 0.02038237371128301
3047 0.01075616872042554 0.01382971204814327 0.01226562447805839
3048 0.05072160687796669 0.03712583212389031 0.01287745800893907
3049 0.06462608794105308 0.02997482619092176 0.005300746990478196
3050 0.05922888897050298 0.04299183283373732 0.03831411973833634
3051 0.07619659856554006 0.04406941929205228 0.02021313793842359
3052 0.05959850780375036 0.03502614809768079 0.04524016957023753
3053 0.05690777678801549 0.05175719941734498 0.02928370930366504
3054 0.04329655590612486 0.02311691982565075 0.01990503561400852
3055 0.03274434453482983 0.03459289994825348 0.02265466429021157
3056 0.05957079771575175 0.07001316495819121 0.01480676779055054
3057 0.07086083016209813 0.02799219879004667 0.03990613391526041
3058 0.0647057814115036 0.02056013801487337 0.03913023835476514
3059 0.003984099646888425 0.05932333817281301 0.01158591204914395
3060 0.03406481933063198 0.004258708391262494 0.01243963218116674
3061 0.06916501384828506 0.04353445437619354 0.04557301814864586
3062 0.02133713435088522 0.04058914962745032 0.04568314161438317
3063 0.05571543577628935 0.01397831671913536 0.03899534543986249
3064 0.009714004916304831 0.0759887969294228 0.0280385934089695
3065 0.06621503542529877 0.01115061306188486 0.01404597506724389
3066 0.03192625964146602 0.03560571717831346 0.01150363445928509
3067 0.06961706629404543 0.03940763562228844 0.03490664250669685
3068 0.01053305356817826 0.04707835633901934 0.03965790503435312
3069 0.03379254819718759 0.06925713741255868 0.04597766050831355
3070 0.01942060147263159 0.05970474228951763 0.03153903005598141
3071 0.05141203129902122 0.005032033457459709 0.02920970943351919
3072 0.03764720955252344 0.0259844491500671 0.01193928143323576
3073 0.03130511195643423 0.02338865459457556 0.04588030888111762
3074 0.02891702278745386 0.009918567059737969 0.0346773761930272
3075 0.04800435420006795 0.06303950089242048 0.02312788485649496
3076 0.04315439950742887 0.04969520865813401 0.02513077289700085
3077 0.06951194900836692 0.004385644239644432 0.03353050496537882
3078 0.0109362326861908 0.07609215080049929 0.03654475048687955
3079 0.06205529832349613 0.004491624267861563 0.004303128598127793
3080 0.06857455124941254 0.07564387551083915 0.03239099216513273
3081 0.05315541449143098 0.03151935158078108 0.02780759184867805
3082 0.06200141659957108 0.03868447731118454 0.003796652997218818
3083 0.04937281394436255 0.01681612980060628 0.03058855420417214
3084 0.03745909361446176 0.07542754139428989 0.02803888725453704
3085 0.03217506533835673 0.01157410729925848 0.004311870940461732
3086 0.04492803333475689 0.03822036001494898 0.03293777477989388
3087 0.05482581841545205 0.06818791614909571 0.03871173515287106
3088 0.01001244197439898 0.06922130153162877 0.003795407365916811
3089 0.05253313978211095 0.02029976416507979 0.03311771206323647
3090 0.02860220435489133 0.04286737602824382 0.04040703339950192
3091 0.0611868175163968 0.07588758068858643 0.01811224885389674
3092 0.04075592199388402 0.05018289532274364 0.04605026568192138
3093 0.06192535068148907 0.03110814663901644 0.01090948505173015
3094 0.0601909945773374 0.003507922802904653 0.03885203230944877
3095 0.02785957145808342 0.02514911168336961 0.02888815935249871
3096 0.06267775094518441 0.05909619178371301 0.02827518249998003
3097 0.03150871543620012 0.004424986152086616 0.004625650694200344
3098 0.0206900458066139 0.01640592618593023 0.01011627138047803
3099 0.0763308727360624 0.0376041865422539 0.01872041864367695
3100 0.0404835718908743 0.07064389019349418 0.04664577580191571
3101 0.04157606847296274 0.06241175252691002 0.02271892728244464
3102 0.03228144520856283 0.06214356846398042 0.003938272549888392
3103 0.01663558771937989 0.02638941352233383 0.03268612043828738
3104 0.07575777408345395 0.01145270620297776 0.04572316218682847
3105 0.07655498948045628 0.01101675783720911 0.0407329773811684
3106 0.07573908603686662 0.03081531412162283 0.03836788852918475
3107 0.06903833301479725 0.07602944377771648 0.004501741509098225
3108 0.003319164892397356 0.01053581975609793 0.04067603569578994
3109 0.01819548071753012 0.05582102593911318 0.01032086566980039
3110 0.02544709915895136 0.0682438383154205 0.03967673466734223
3111 0.04356091334590659 0.04499471729383795 0.04539951730752766
3112 0.0112416411698204 0.02384841342858151 0.04605848482519286
3113 0.02619885637035613 0.0761080683993548 0.02815603645592133
3114 0.02014822348790099 0.07587587817057763 0.03878347497884717
3115 0.07526927319077004 0.02847101895065715 0.004656368007659907
3116 0.02032124888334716 0.05022002115814565 0.04112077960279983
3117 0.03642328265899071 0.02081571802974765 0.02870841803275801
3118 0.03937137611973605 0.03161969079954968 0.04598164671829131
3119 0.0200286639154963 0.02689231009969801 0.02287991702621326
3120 0.06279680729016797 0.05414095603207902 0.01300327704171869
3121 0.07635023456506068 0.02094341984746485 0.0201180545424627
3122 0.0758021019006133 0.04399708766139482 0.02851225154627695
3123 0.004261465198771412 0.03053108544036047 0.04594854882701762
3124 0.07617321176307579 0.03162394318553486 0.04587284048430922
3125 0.05579327503345596 0.05976280418751267 0.02628029234846185
3126 0.004006068567795681 0.0169931932804855 0.02505946082397615
3127 0.02904310689546432 0.03689315725623431 0.0196116277618181
3128 0.06847721948709941 0.06882508249635647 0.0458579248149485
3129 0.0701071409661327 0.004005908043481736 0.04212306808128671
3130 0.07602561286728757 0.01595250593128407 0.02386060106992533
3131 0.0264968630690047 0.05093496591393449 0.02794532205919653
3132 0.0117723554876269 0.03402961302325906 0.01152734856950088
3133 0.07550897191971472 0.03111255157889424 0.01966939180896893
3134 0.03083099445365025 0.01373904655302731 0.009429105688302486
3135 0.02900771366609218 0.01207889274760705 0.01884784712387887
3136 0.02591582926092169 0.06124715211036955 0.04596471118460867
3137 0.04982879816649943 0.05368900365981492 0.004215801306587013
3138 0.05523875215459964 0.05886841955175355 0.003720914052544563
3139 0.07038498898314792 0.07636440588535909 0.04039769954601553
3140 0.03010013252512744 0.07575381519107172 0.04568282592531301
3141 0.0381518111256671 0.07576277600921091 0.01309935791708067
3142 0.05974403263643164 0.02891138883055452 0.04040877778966365
3143 0.06497417238212146 0.06039091838439404 0.01049089489964134
3144 0.07017842973440801 0.03014698045384608 0.02379237581814804
3145 0.009931979003283693 0.04755718151060866 0.0256790983988817
3146 0.02127994668444026 0.04483367415592171 0.01428030324853793
3147 0.003991825654327028 0.01955900332907471 0.009049085869535298
3148 0.02509305975534456 0.04616466662527214 0.02991104231510396
3149 0.05218034096640033 0.0101374525924584 0.02250284137866533
3150 0.01075315009079009 0.04532668996188802 0.01147652142413397
3151 0.0356918965507463 0.04017918745027137 0.03536705631646889
3152 0.01755389479887145 0.003949759990512828 0.03207825238394076
3153 0.00405350977805072 0.07126957930577725 0.01015777092210043
3154 0.03201617333418354 0.01897126791077028 0.01822237819009879
3155 0.05445881935008921 0.0587028547718428 0.0172826126675989
3156 0.003938167693569455 0.04444676261456634 0.01836393542866771
3157 0.05460420725674432 0.007930805997931971 0.009298585415000558
3158 0.06518947341087795 0.06791526649490398 0.04042179960186647
3159 0.03973800243358207 0.01470023160782118 0.009766567832935537
3160 0.07678482425302625 0.07663341462393564 0.02787669488219388
3161 0.04157350843881323 0.003322050797659794 0.02866895289457988
3162 0.04992426600595136 0.003986040673801414 0.02404371650220407
3163 0.03401388079950923 0.04426233148446364 0.003727993043368123
3164 0.004550784622429338 0.04405622768187511 0.004197761031185038
3165 0.03225953878625594 0.003721025910032898 0.01801251197610986
3166 0.07611335997385738 0.0113543905789177 0.009957998324550268
3167 0.003867793938744016 0.0229476168683517 0.01999085709393067
3168 0.004328866404108736 0.01008783431930415 0.01055492684771552
3169 0.05126124538569995 0.01262268836393865 0.01103024756488398
3170 0.0439459313199823 0.05391416071097706 0.02218835896687721
3171 0.02217591000455658 0.02669747090812054 0.02990386646764939
3172 0.01684492294404052 0.02038305256572261 0.03554079272697442
3173 0.009960283852444953 0.04283437012253894 0.04588768791824251
3174 0.04609470762417965 0.0383975242751404 0.02723098893048988
3175 0.07644921359361068 0.0180066736190945 0.009927041981133681
3176 0.02942101609142915 0.03002085013297089 0.03902663873836718
3177 0.04367098649505571 0.03110336367221939 0.01703494325710962
3178 0.01925781249203254 0.009987235506775868 0.04018503199121989
3179 0.07012319151190149 0.03050145693729119 0.01659880025097895
3180 0.04677007499601595 0.07608844771602863 0.01754925347833403
3181 0.04182670089982443 0.04527907407082207 0.01698473309196974
3182 0.003676723601320178 0.01046833255780837 0.01732363395451239
3183 0.06313353203605838 0.01317599241615223 0.01014722738582438
3184 0.04067268259540798 0.04419039872837673 0.003631750825136159
3185 0.04851658213711457 0.04202270568395536 0.004229750566551562
3186 0.04761375256206422 0.03263156639270266 0.01221745596245006
3187 0.05509085424059457 0.003882901221566148 0.03900914201429127
3188 0.03623186133101552 0.003861784484719971 0.03113798985028781
3189 0.04288504314106057 0.04984171218520782 0.0363979642829972
3190 0.05353689776156376 0.03864711555161589 0.00449571722092265
3191 0.01826620109483534 0.05610557098384957 0.004036540634099767
3192 0.04441121351026493 0.06613733999356869 0.01887578184159436
3193 0.01678271660465737 0.02425192010748972 0.04609911127671546
3194 0.004720447945340552 0.05019981963361666 0.04547905924986046
3195 0.0696925279647754 0.01050842121375999 0.003747307928848723
3196 0.01128575085292057 0.0419301633960522 0.02360981907945819
3197 0.05516366120856432 0.01553684730330381 0.02400275284393051
3198 0.04812598486901418 0.04568556380066685 0.01011063583200624
3199 0.01831098258785713 0.07598693501994218 0.01006925704593589
3200 0.06459041511372444 0.06790477738066286 0.02590063662533726
3201 0.06726034416519913 0.01124088823173199 0.03588649520561085
3202 0.07661967678931307 0.06403964631172675 0.03134658787217653
3203 0.02035679703821403 0.0041955851626339 0.004733705267575958
3204 0.009609575203697996 0.01011836830957159 0.003710450302204279
3205 0.03261537229830728 0.01318387977737433 0.02442957094018354
3206 0.04414555536952938 0.01272435896562973 0.02176630075535206
3207 0.01596799529929826 0.03183245410480796 0.00865734064444525
3208 0.04326060498086021 0.07608596343039112 0.0312069033692663
3209 0.03717481836266001 0.06886979696278459 0.003573955284920064
3210 0.0647401608426041 0.008701370201008411 0.02518294430476392
3211 0.0764513040532965 0.02364965035311935 0.03168039057549831
3212 0.02265094762930376 0.02785499068225962 0.004250171934008501
3213 0.04115002886861276 0.008534646026520905 0.03726627465657969
3214 0.0574855567253759 0.003806399518327444 0.02918981642151393
3215 0.04899186758101388 0.04796750366097515 0.003922994195245742
3216 0.03220069129004008 0.07645916121199439 0.0303429197815187
3217 0.0407090754573391 0.0618126136220043 0.0102203698963508
3218 0.07630302432539254 0.06786772514646877 0.03938963439517681
3219 0.06211537195138811 0.01053106460423713 0.04577657241941178
3220 0.05234455161032198 0.04460447626259541 0.03196562561355473
3221 0.03279177885563996 0.009438814706306435 0.01387964862739888
3222 0.03475677275907724 0.047311387396101 0.03917676802340531
3223 0.003857907805301456 0.04710202286710973 0.01173980311994114
3224 0.0185685026807219 0.06555685256100031 0.01001947363065034
3225 0.004600383247785728 0.04477791184989089 0.04572004066028106
3226 0.004384813021392774 0.06091958158233224 0.04550809597245301
3227 0.07555377709946899 0.06226648761020746 0.009731576105245223
3228 0.02185549509846069 0.05386178470968853 0.01563451838023527
3229 0.05717002210288448 0.02183588180285969 0.01553882434891323
3230 0.02150930467582984 0.003624815198105249 0.02044831704242357
3231 0.05237563208191715 0.01052024207040719 0.04112910590491527
3232 0.07633974657421339 0.0517255864726622 0.04102111367045962
3233 0.06296072295974461 0.003782666987597686 0.03141348892746343
3234 0.03533451783861517 0.04517595000896189 0.01885716641285633
3235 0.06831731654424777 0.04856125505477909 0.0460626529984267
3236 0.03749629186365504 0.02010399347031124 0.01866482492285104
3237 0.05746996000817233 0.04852027787801046 0.01520052148092239
3238 0.05964667167720913 0.07636858280773867 0.04094047033616062
3239 0.004380080957781252 0.03038256153437883 0.04034528808137578
3240 0.02260282409260162 0.05877311366511492 0.01431870644815697
3241 0.06982760958349084 0.05176785290638406 0.0229014255583088
3242 0.003495652986154264 0.04914557249502179 0.03897363281152329
3243 0.0716596950355361 0.05961098764707312 0.02686588936502808
3244 0.003735731113625185 0.06163981847310866 0.0307772007016578
3245 0.04027316788512963 0.07592512364627836 0.04621589991817923
3246 0.06170510578168702 0.05214294591935314 0.03162942243936821
3247 0.003714022643503675 0.02312541169600676 0.0400472106517749
3248 0.004394107331162654 0.05016350343063991 0.004733120590288136
3249 0.02769491032164868 0.06784784532256993 0.03023836024472737
3250 0.04895046243449011 0.003625233079291322 0.03716556382697343
3251 0.04645719529302397 0.01923288321429313 0.003540792732349611
3252 0.04848244449572015 0.02432413645293993 0.02614418411820537
3253 0.003530432733599394 0.06769956080079771 0.02742760916295851
3254 0.02428586734707913 0.05485681870522753 0.03209207096987859
3255 0.01088851712133512 0.07207417443614854 0.04617208569844756
3256 0.0439724865736645 0.06094625613379777 0.04552919965381998
3257 0.0190920296879773 0.01971726608848173 0.01541747956957794
3258 0.03657529128834975 0.05581192952525735 0.03914842097953223
3259 0.06951618198338751 0.01758010500071044 0.01527871774013892
3260 0.02771045467362158 0.04557767422768185 0.01652849660761353
3261 0.01631944761966522 0.02996083858909805 0.00375288288113232
3262 0.04487160077692041 0.004085304598068024 0.01078855381379661
3263 0.07606247772029438 0.02827931009891187 0.02930783085221508
3264 0.01961569978511024 0.06905704096362743 0.00433824855448475
3265 0.06174955278723972 0.06155856096316119 0.04599066224678111
3266 0.07593565824137116 0.05878807420057821 0.04143602098821537
3267 0.05536565490629186 0.07619851178202215 0.01098138858967328
3268 0.02070702027598013 0.04256727477323426 0.02852117748686523
3269 0.0573611386576752 0.03472216120387245 0.03531549378536158
3270 0.00406284148854002 0.03550770193632533 0.03739012463382389
3271 0.01484315639421287 0.07694948204112492 0.03157346859440326
3272 0.02236339253471151 0.05037291627879609 0.01022888034121184
3273 0.05412908093027542 0.05655965989259668 0.03056967793064784
3274 0.0387016072349331 0.01818196819503568 0.00352385895705703
3275 0.02765266403037917 0.06832724147298525 0.002946209338493371
3276 0.02538375034294594 0.003842757916445094 0.03786427426633673
3277 0.009827719685946524 0.003660095773240629 0.01764425086577321
3278 0.05792350688805909 0.03569485049128432 0.01967762418875126
3279 0.02837312794728863 0.06566501738993374 0.0173656204043532
3280 0.01581088776132229 0.0350622179691738 0.03028907020616952
3281 0.04769606076401623 0.003919737827689364 0.01865618050346642
3282 0.01857018598402218 0.03133981798074653 0.04642653557977924
3283 0.04917578586571271 0.01024382936835849 0.017039317744141
3284 0.05500454195073092 0.02368251911482834 0.04071661539062885
3285 0.03023289961793165 0.07600122887839234 0.03528796375290226
3286 0.009743327118117019 0.05618080382604767 0.01068541278502346
3287 0.009138961496510185 0.04966431252812647 0.003688037382104116
3288 0.07099013186889397 0.05952860983269351 0.04624070028706144
3289 0.02027737707338057 0.003650229043784745 0.02602229554223191
3290 0.04917844071011917 0.00941940156501803 0.04601762008131702
3291 0.06956439401750471 0.04914639990474894 0.01729090329062599
3292 0.07018654788403215 0.02179576467005061 0.003560433831540195
3293 0.0575807545251255 0.02076077565653157 0.0221883667852017
3294 0.06722641410666587 0.03311926773371988 0.008996204004036707
3295 0.03648919162278869 0.03123723257577053 0.01799426321873721
3296 0.06851638538624379 0.05934300719506002 0.03587958904644943
3297 0.0298893238016926 0.03909551777032846 0.01439575584158684
3298 0.07548198553716962 0.0495196924797434 0.01938466486308454
3299 0.02011999639336615 0.04684370153792871 0.04633423373359883
3300 0.07628808291278659 0.009863138063874389 0.02611353917100975
3301 0.06945139094255033 0.06339788401659982 0.02285199182494456
3302 0.07592581485219332 0.06398682037526658 0.01758484423281459
3303 0.06342596288199159 0.05717779273788482 0.00395795686582296
3304 0.03917863053821782 0.03707288087364673 0.04623747042419648
3305 0.07529721445186387 0.06806951827916904 0.04496844013984182
3306 0.04480650237767415 0.01586106158678816 0.03297611441658663
3307 0.01020362423856933 0.02233169708393214 0.02064142925673236
3308 0.06998949236933462 0.05234610016649981 0.03985841192589074
3309 0.06955936444794249 0.05593876544836762 0.03153527963270573
3310 0.07124625052468674 0.03589610594939936 0.0138694823810676
3311 0.06885287699005961 0.05749532532324821 0.02101507915962972
3312 0.06118585957293438 0.0189328748819765 0.02979325164301759
3313 0.06977117746179949 0.04443392540183584 0.003761047793188594
3314 0.03070065735800789 0.07597561044534033 0.04044668381123448
3315 0.03888530935446112 0.07624558189453362 0.03385343467088502
3316 0.04071849655411072 0.04777187880334779 0.01138762803557258
3317 0.07641765927810099 0.03525498027709798 0.04024245412413861
3318 0.01107129656514772 0.05410829876528784 0.01813666531245649
3319 0.02359345078749805 0.02142048277289484 0.01443186456147419
3320 0.03053034939363064 0.03135836793236718 0.008167718531657507
3321 0.04276413039098894 0.06931167821816726 0.004013322934072932
3322 0.0609523225035536 0.0251712033778981 0.03658520814988486
3323 0.008812524927053698 0.003535491530719745 0.00920805254200531
3324 0.004471470506207067 0.03381342326907751 0.03070610173965473
3325 0.03298880360262826 0.0450651082162389 0.00936363971638118
3326 0.05144347720423507 0.07121604874903173 0.02769518199815832
3327 0.0298173239783288 0.03598300352935905 0.04551224023813043
3328 0.07576633052162553 0.0346031170630959 0.004187821001428931
3329 0.05136891502181012 0.05287228848443767 0.04585172620149729
3330 0.04708177949181847 0.07660006232707092 0.04045169541317849
3331 0.07600485412705879 0.06231952370831163 0.004183542874117428
3332 0.01078547727456687 0.02998372066450346 0.03997786450507188
3333 0.05055039527006927 0.03778546603635002 0.04671668780065965
3334 0.02809674647267279 0.02876460645746087 0.01629754924695788
3335 0.04576164566918853 0.0546836666115111 0.03508681205916814
3336 0.05897573454275948 0.07625856033141777 0.02400944598863048
3337 0.03018949181038556 0.07145005844588723 0.01504924672596178
3338 0.06938823895103552 0.04538942569622986 0.009619263124079768
3339 0.05718461448302078 0.05821034112412094 0.03806460886984457
3340 0.01703965940927567 0.02412304559376733 0.003413921994765826
3341 0.01477747914136347 0.0699187180097552 0.009361455223754402
3342 0.07533652766558027 0.0483412289794383 0.0459271028513698
3343 0.02792105033047214 0.05189037337319186 0.04127773455903635
3344 0.003540731907988901 0.003797946095408855 0.03173148926407326
3345 0.05757402999871131 0.02365363024370337 0.0461560775375907
3346 0.01769040867753544 0.05422770473401888 0.03853747308636799
3347 0.03435201433205225 0.02427853982044416 0.02027001733211762
3348 0.06965131215624785 0.01800374904920675 0.04610873554070454
3349 0.03199405666194245 0.01761480439820121 0.003542155426850758
3350 0.04411251293071605 0.004117654635985698 0.03964770527023278
3351 0.02349186331468351 0.02679587276669764 0.01134961723708616
3352 0.01935127337777315 0.03615805560217957 0.02009769177486887
3353 0.004646077142911729 0.02775704595568526 0.004593098312013844
3354 0.03637183437466837 0.01536240786735955 0.0406015675744523
3355 0.03971469009936116 0.05713191008443119 0.00871543374088316
3356 0.046703681826779 0.06196968024901334 0.00348507893929392
3357 0.008470422023438787 0.01954531391544694 0.004054038053544744
3358 0.01063541830005747 0.06201935211388047 0.04653682237294963
3359 0.02618668625624924 0.07596208265614861 0.02267994492947864
3360 0.02003952350033977 0.03738299597330731 0.003414781088598119
3361 0.07659615331547513 0.01945589136854983 0.02838640560857784
3362 0.05195444948939665 0.04439878829788826 0.04657208152453737
3363 0.05352090251367687 0.003659516335534601 0.04566252892858409
3364 0.03650306476522432 0.03709722599512083 0.04138958957726187
3365 0.01534769262714903 0.03902674926864565 0.009547615861946733
3366 0.06333358905980672 0.004077779364347029 0.01496236517222877
3367 0.04439569316585112 0.0766922174120611 0.02248824734024406
3368 0.03977823717339952 0.06478036138645386 0.0382442286029622
3369 0.02477179258043788 0.003418437702131908 0.04646625978079495
3370 0.05771909069716294 0.04489997835175466 0.02368110240943054
3371 0.01210361012151753 0.02367730280251628 0.01148261470622256
3372 0.01623490572296363 0.03239480917867119 0.01765290805898087
3373 0.06096965996873793 0.036571900456363 0.01469409553858654
3374 0.01041665023643103 0.009578680239370193 0.03608387198023155
3375 0.03848657265407709 0.04334768038568254 0.03231827904029978
3376 0.03041723320829703 0.05481550186784143 0.02072722008574077
3377 0.04283516384312708 0.03943024875700704 0.01554376798464645
3378 0.05523389919139903 0.03771736992914992 0.009865868908919441
3379 0.003953010928928595 0.06870872262674682 0.01633049344812913
3380 0.02243836733655971 0.02054218025891317 0.02870502922091247
3381 0.07631272093657407 0.0199931715699713 0.003766316229906373
3382 0.03661389219918135 0.06148717675054176 0.01884436726744587
3383 0.06519266338093781 0.04164760620383458 0.04034314507717784
3384 0.06380840697479828 0.02793432683818273 0.01481244915118451
3385 0.07602412093702449 0.04747809174581287 0.03266724104661087
3386 0.02491482699963328 0.01371071538031431 0.03742142363605098
3387 0.03516462841169865 0.05346085118777898 0.01443776534521254
3388 0.06079143286512732 0.03391856109966509 0.03942128293750598
3389 0.01249327364717782 0.01516556957447517 0.01945686543661665
3390 0.06295071781562099 0.06956530666673447 0.004003812866302724
3391 0.003483750313633452 0.04826511724752774 0.03002677668816736
3392 0.06167035686652532 0.0452122570482771 0.01372385181480611
3393 0.05547110547539308 0.03677823748212215 0.02502466441821499
3394 0.03729242836657057 0.01827295403547746 0.04656815116725981
3395 0.05485588984360222 0.01608374030520618 0.009946815783360399
3396 0.04940179020700888 0.06298636650996869 0.008448560892139365
3397 0.003662811980821655 0.03527757203402042 0.01971822146593069
3398 0.07502266404597359 0.07543913232441747 0.01535437852452491
3399 0.06801870305009083 0.003334638392698901 0.01857649250195625
3400 0.0150450816439625 0.04781902382664918 0.02299233681289894
3401 0.01292785949577436 0.03330767707631183 0.02596870069051206
3402 0.04741221351815694 0.06932149684045646 0.02338690996550087
3403 0.06517368187461749 0.06094996853667341 0.04029360893912989
3404 0.003646851042706037 0.03051947367608817 0.01033062247268293
3405 0.01086740872978494 0.07635715096108656 0.01596937027743141
3406 0.07626973031664717 0.01076421899887903 0.03347568428942985
3407 0.03768589091815319 0.05992765874036002 0.04661834030856176
3408 0.07641550506246314 0.02494535932915889 0.03863870746485495
3409 0.03117222305943021 0.04951481621923956 0.003974168882990836
3410 0.03517863119117984 0.01133651350486268 0.009475817703824817
3411 0.04974286927032191 0.003752782254775451 0.01149182135908916
3412 0.003533634938287166 0.05847819158239307 0.03950071338412431
3413 0.03487971584961887 0.04882496552745722 0.02395996272394461
3414 0.06121093881669481 0.06603024312702538 0.03022639319556812
3415 0.0299606672154466 0.003523150627089008 0.009122309896480541
3416 0.01479796938955077 0.01852115510102403 0.04021408362704389
3417 0.01127931492448659 0.05336448341579327 0.02754140888585573
3418 0.06032405549160502 0.01355353551235601 0.04055634119115807
3419 0.0314144129011089 0.06338493584600409 0.009183082730023304
3420 0.02651293430089308 0.07614950874613671 0.003962507531938113
3421 0.02415494866332584 0.042679098984353 0.03834056084112665
3422 0.03554162975710266 0.0172021625528227 0.03228611447833684
3423 0.04840258740301006 0.07576392763460706 0.003572785914947493
3424 0.06166980971826263 0.02009478434344729 0.01621733144368095
3425 0.06153051230108558 0.04379647132306533 0.003789658084968449
3426 0.0165012789677464 0.07651586011360195 0.02234358859513049
3427 0.03579523470480014 0.03114066215656394 0.04023430185693302
3428 0.06428145126192415 0.009469192008419773 0.03203554656496872
3429 0.04487545040226595 0.03335755663436189 0.04642674697600239
3430 0.06973002594279908 0.02310248065871104 0.04663246167049356
3431 0.04711234408746934 0.0763333525756517 0.02823566957743308
3432 0.003500531799114351 0.02003477707155233 0.02932104941378258
3433 0.02478946975814068 0.04677552723986646 0.003134452262717261
3434 0.05181351380732762 0.05440919404078339 0.01023790059947855
3435 0.03254490353754152 0.02571203539406659 0.03205754587526854
3436 0.02057859666445646 0.05110407111424272 0.03504711681916293
3437 0.07081459739591485 0.03002802132241585 0.03388935923105181
3438 0.01210907722350923 0.04319724034363563 0.02833361219430425
3439 0.0760055615966138 0.03256764517448101 0.03198594223602385
3440 0.01113129618623229 0.07549418927061805 0.004472995136851279
3441 0.03086068109409828 0.02975960067247384 0.04610955299912129
3442 0.02271024353681547 0.06050167377631851 0.009095603359836927
3443 0.01023317124604921 0.02738892470683033 0.03362050752663415
3444 0.02608408763552461 0.0152106905071277 0.011513449621655
3445 0.05547770837848666 0.02919023999030796 0.003370872910503127
3446 0.003326515479680068 0.07660365793492681 0.01164063730113619
3447 0.02041555077229175 0.07640502982188324 0.04638922350536574
3448 0.02509774223904112 0.009209818970257692 0.04550366116775118
3449 0.04807329848597344 0.009039927379021345 0.0259214618501967
3450 0.02426819125491921 0.01174198216270822 0.03200329091784897
3451 0.06958009526608022 0.008820409699603711 0.04585380352889563
3452 0.07638716450453013 0.03115458358537985 0.009902019948861831
3453 0.01479237143688202 0.02843652756304047 0.02454178180971392
3454 0.07650006948738355 0.01066254560739987 0.01424546461233901
3455 0.00434953885698674 0.02764190724938381 0.02926402518669484
3456 0.063142611509467 0.05560959973545865 0.04683518690602294
3457 0.01868318281379086 0.06627393938573094 0.0316823637637866
3458 0.0463404940668393 0.05268319571416659 0.02841308372874829
3459 0.07655984338329766 0.07664032765980876 0.01047325697404513
3460 0.003231037642802847 0.07680460643880539 0.0194432022405249
3461 0.07621595192545291 0.01729292363473705 0.01790661092527417
3462 0.03018033258764564 0.06059586543834609 0.01890702462959409
3463 0.05010763454217858 0.02864574347415795 0.03175800501781059
3464 0.05608061634089968 0.0578465167291473 0.00837289328951742
3465 0.00389609192037943 0.01668774813835937 0.01833898353705002
3466 0.05728412433147605 0.02222451080977712 0.03369791342152882
3467 0.07590910359939687 0.0762965769540388 0.0201476394565596
3468 0.01269607245527721 0.0390039196631497 0.03452126277890692
3469 0.06299708669129432 0.04640462833063708 0.03903538378335193
3470 0.0638392267300967 0.03873433795207031 0.02353591769416635
3471 0.04519859801150193 0.02618917007016983 0.04137996708934641
3472 0.04664301649658799 0.06952792090108918 0.03496885474902149
3473 0.02484649537464503 0.04754750212801911 0.04043593635029547
3474 0.008316406965519213 0.0620113237732015 0.003346020858360467
3475 0.02041901528954609 0.07643309951449181 0.02917704678971751
3476 0.03659537733560937 0.03539910228416409 0.003422741478401495
3477 0.01932310301132337 0.07058141402913594 0.0349426206751262
3478 0.003272182836993107 0.05729608012379536 0.03365883308334741
3479 0.05718972860409911 0.05656901559550337 0.02076250336848936
3480 0.01849202386644627 0.02594571573657873 0.01463416051276854
3481 0.07578927357650155 0.07021781144185942 0.03332211654393766
3482 0.03655842519538393 0.008315706871009597 0.004181094608614277
3483 0.02399871144684192 0.06182827236498096 0.003448252115997225
3484 0.03999519661246353 0.07623203768911795 0.04043385140849944
3485 0.0574423125795239 0.05607232657056256 0.04629166179523796
3486 0.05327447308670132 0.0318244795099497 0.04616210772501409
3487 0.0635839970527918 0.003624038032225727 0.02656189933272748
3488 0.07637178713672686 0.004120992564245393 0.03292943273274664
3489 0.02766687502160451 0.01027528226725333 0.02424148970426758
3490 0.0586502463669792 0.05608275752648763 0.02917085844878307
3491 0.003303372292215257 0.01751521026133342 0.03840205624569758
3492 0.03034123132856623 0.01625499269079127 0.04040444519020804
3493 0.0340526032969009 0.06999915518946548 0.02210499392298314
3494 0.03916650232097679 0.05127337172729263 0.04054987841784322
3495 0.07685592835642047 0.003270356765207702 0.01830423026563271
3496 0.008507589910710078 0.05645419785062871 0.003303919251081848
3497 0.05080089628972604 0.0584916796124475 0.02653521638781748
3498 0.06981109545243361 0.06919519014892381 0.01295039227340126
3499 0.06343631138478568 0.04068529949025104 0.04620511461326819
3500 0.05009204437046776 0.02849951539234615 0.01609785105905112
3501 0.07590522705617164 0.04656810652989655 0.004319254447519492
3502 0.01399851836698861 0.01021802330987102 0.0143535170585409
3503 0.02428020707951976 0.07560545191181629 0.009710927109189778
3504 0.02890824529378421 0.064178940265088 0.02311532277546626
3505 0.02226256672912324 0.009423610081598194 0.00402278957569259
3506 0.003608953807624278 0.06344018885301231 0.04000291341304891
3507 0.01564005533256761 0.003802664200974039 0.01823738012506866
3508 0.01804632045169414 0.05365440758409952 0.02957116705124199
3509 0.03220991933438697 0.04701772441823186 0.04668765254166141
3510 0.004498029002993171 0.01146574861864622 0.04597183639714018
3511 0.01892489765099327 0.008802130039559399 0.01869835089147662
3512 0.003254516911330724 0.01087156699985477 0.003801355046143488
3513 0.06953572960772787 0.01572201270596113 0.02227134329235
3514 0.01591081363326393 0.003662198497050827 0.03836400062910896
3515 0.02921805393544397 0.02098974806932302 0.02360736216723862
3516 0.050746481334398 0.03070679436433797 0.003120940296280213
3517 0.07625809592459076 0.05544812627756416 0.01581180289570299
3518 0.0488174177478785 0.02815023240894673 0.008503706126465704
3519 0.03531686671879159 0.05458912156258724 0.02339685016699221
3520 0.0408104460411472 0.04134477854561992 0.008322317587715193
3521 0.07645266452882538 0.04980020912772677 0.01063293862857749
3522 0.06570647481719728 0.04588485719284398 0.018915351415922
3523 0.02514400579887341 0.02012251534388594 0.003283402815724044
3524 0.01862587378598972 0.03042166036938386 0.02636423092530592
3525 0.03364562980256559 0.07595755284141648 0.01553391691951652
3526 0.07632445388195347 0.03858484639552651 0.01305756842854904
3527 0.0034671283822195 0.01608591872475793 0.03152450998034052
3528 0.06914671855773637 0.05703277526176247 0.01079666185343667
3529 0.06964359419677117 0.03176466525276559 0.003569689542618162
3530 0.02199386410659509 0.03481748352994603 0.0241886810702871
3531 0.02163339345670116 0.02178426913068481 0.03728360932789207
3532 0.04214544593477917 0.05044636312774446 0.01776450026244968
3533 0.07581348125577725 0.02726227944896934 0.01472546471950181
3534 0.02730653128575929 0.008765951085416198 0.01056667264266858
3535 0.04044156502302526 0.01603929730052028 0.01912495427634466
3536 0.00931767640616166 0.05010624380564453 0.00875419145928067
3537 0.038403599407081 0.07091742095497598 0.03672310356899638
3538 0.04052411130938293 0.00394994617990297 0.04590602638834917
3539 0.04663983522914485 0.07039200408308516 0.01465721442581077
3540 0.06781199810578767 0.01777248728040362 0.03445250036810806
3541 0.01311583369253784 0.07654274071563957 0.009827293599256647
3542 0.009152959770905489 0.048744688232825 0.03036253795702014
3543 0.03901081998742613 0.02649693897214549 0.04665177990764725
3544 0.02484281277029191 0.01588680561167365 0.02675708192129964
3545 0.02376690555650916 0.07148858339475683 0.02998347570192458
3546 0.02041744607561 0.03719324430586322 0.03139332380464618
3547 0.05295765744995888 0.0308666087174721 0.03556061012604461
3548 0.04749028974189946 0.06197583449841151 0.02914591926516868
3549 0.02109424693697868 0.05250602150655966 0.04620909723844802
3550 0.06213115670578263 0.04895318705187646 0.04600052818904295
3551 0.03161291544096141 0.03874487591129305 0.04029705488108893
3552 0.00966092645044103 0.05980376715053631 0.02747935956114539
3553 0.01993762432584266 0.04105319137746232 0.02291017083123735
3554 0.05472589292210504 0.06929106464380151 0.01864498819136917
3555 0.03819600621646497 0.04238277734292945 0.02605485106694266
3556 0.03353662279175926 0.01025554319851152 0.01872565441336435
3557 0.04776303836646296 0.0428710521111802 0.03549345478288188
3558 0.003695208807801929 0.0687789830909158 0.003721058612901825
3559 0.06981205249375334 0.003387821252471889 0.02710050600542458
3560 0.0161299992474659 0.07574164342785171 0.01757111536309044
3561 0.05633126433123344 0.02528755657146659 0.02036790125862398
3562 0.04877890593115509 0.05721055119599993 0.01526057460460617
3563 0.06372198856515138 0.04760266600684646 0.003385740569296034
3564 0.05997159774424367 0.0212033921390928 0.007081414582568261
3565 0.04118626699684488 0.07618084530454088 0.008981308726017505
3566 0.05584212423004606 0.04575517850796068 0.03601312996410587
3567 0.07627764678710468 0.04513710651341679 0.04017006498993936
3568 0.01615443679069204 0.05247229221451482 0.01845013199899153
3569 0.009848151725146902 0.03696098117237779 0.003890151333668805
3570 0.05541129754289273 0.03015135728060063 0.01717835700780593
3571 0.02745877492506902 0.06869242126943102 0.009205544820045939
3572 0.05885560069931347 0.01312884936725162 0.0298254893632781
3573 0.003981416846047517 0.009293150424278815 0.0353465686108904
3574 0.03345614338010115 0.05220970795297296 0.04066891889813979
3575 0.01906772067137564 0.003786983078453994 0.01034602764217963
3576 0.04197042907947022 0.003474464051596635 0.03322109777151484
3577 0.008346629729328288 0.06977806116911879 0.02004093190422393
3578 0.009117500150384525 0.07023792809729423 0.01358306664108227
3579 0.03684704637962922 0.03594642049050761 0.03249113779175702
3580 0.02342873857130814 0.05577511977237792 0.04160756870007224
3581 0.05178684623596603 0.05134543725960394 0.04060849482832595
3582 0.03437585734974902 0.009297766148832987 0.02775695292610954
3583 0.01812530428567382 0.06079365897477061 0.0120348255985584
3584 0.02898542524967871 0.03109673289111264 0.003311140211473412
3585 0.008699040031565304 0.01782875962393075 0.04639262433244118
3586 0.05406472883806927 0.059840463494658 0.03458737590960147
3587 0.03259063703362675 0.06188483308573578 0.03987777914083504
3588 0.04303135841239029 0.02908029567554151 0.003194277320392937
3589 0.01479118899266444 0.00930111104141291 0.03102530629553908
3590 0.06071472769931147 0.008903588900805257 0.004985103821001018
3591 0.003386079823358441 0.003326774685405642 0.01043593228380519
3592 0.07630259833121526 0.05984118892886101 0.0288331708992291
3593 0.0523204108537824 0.06294745573748985 0.02545069440721841
3594 0.06480660129129198 0.01976990229433184 0.01065590022045975
3595 0.02611382559276073 0.02646927202064629 0.04601442155093026
3596 0.05906877389069654 0.003696531651191376 0.01905517397616373
3597 0.02773965568270497 0.05468526880017757 0.03696991511372882
3598 0.0360916025879937 0.05953894627494077 0.003467965415168567
3599 0.04668042766296094 0.0038331902594909 0.004355568805530212
3600 0.03989915488067851 0.06677186153721947 0.02702920381642454
3601 0.06836332638731378 0.04111020383854727 0.0136025941923568
3602 0.03356371452305128 0.05470442450869531 0.03390189900401041
3603 0.07024432716551085 0.05261215901343087 0.003686711447089
3604 0.03260595803779628 0.03660069722674465 0.02822041816112147
3605 0.06260335712675522 0.02051032431335668 0.03422041688510356
3606 0.01894819345826063 0.01482885264545292 0.0306971909549672
3607 0.05313630073560335 0.05271144219754327 0.03271280713181421
3608 0.03745693774322074 0.0451026596051738 0.01384074125759098
3609 0.069212640950458 0.06457257620748624 0.03331151367704504
3610 0.05883774433040034 0.05467010338563155 0.003839573781703606
3611 0.01458403920918129 0.06039355339064048 0.008211115646741242
3612 0.03009371977242957 0.007817941823025828 0.04610235640456741
3613 0.07605483086767713 0.06958627510842932 0.01625340196726959
3614 0.0101688772394155 0.06022309223389286 0.0182716714816978
3615 0.05514529265032165 0.04332791972967118 0.008691877957454726
3616 0.01716744719533481 0.03771059590665269 0.0461460430045367
3617 0.02380705920628958 0.01791022519427767 0.04607474550236167
3618 0.01585831675658305 0.006722489338364351 0.004096852208209255
3619 0.07106689937968416 0.06281212580231604 0.004984581854630238
3620 0.05117177583158302 0.03739084732025068 0.04145064665355293
3621 0.06773019400882865 0.06861609947502319 0.03006220119189985
3622 0.05439103086575672 0.04591633887849802 0.0410672599983678
3623 0.06562509101391942 0.07686210548775607 0.02861707276583153
3624 0.07017016940351423 0.008543406574580907 0.02041826539180178
3625 0.06340341666013863 0.02539356442329799 0.04665636321380761
3626 0.06987361180145907 0.05365826609988835 0.04629809679377937
3627 0.009423478970170381 0.07026802934408098 0.03473032105031235
3628 0.07648838185779901 0.03938417123734392 0.03305242280046689
3629 0.05640417920435607 0.02723513078292385 0.03099671059966933
3630 0.02607021655125058 0.03848050494633889 0.03751788869652606
3631 0.06352610420206796 0.05386032006343077 0.0222920647458106
3632 0.04810901125429867 0.05723362403282729 0.00926910458125022
3633 0.06987625800093927 0.0580699209051563 0.003435067966047513
3634 0.01942327238442527 0.003777422261167914 0.04631500617002521
3635 0.04697176893332373 0.05118262606883101 0.03901517495685002
3636 0.07676355244249572 0.007785611000175724 0.01992740284689604
3637 0.06852693130758776 0.003666321018260243 0.04663566281815969
3638 0.008186834370340184 0.03825756156209946 0.0378760230904896
3639 0.07078705706932252 0.05169703297611809 0.008707258199128515
3640 0.06020909386935708 0.04492758373002581 0.008772068264524714
3641 0.01404304240001214 0.03342028344823045 0.04594084161928243
3642 0.01128446689008177 0.06462606806895131 0.005800165525879628
3643 0.01006814009280424 0.0184613063616976 0.01531823422825503
3644 0.01888350463691616 0.03121674501025956 0.03444468875912536
3645 0.05285054580732791 0.04868337637996303 0.01044780821845113
3646 0.03733395366058055 0.003086218430134207 0.003421416727092106
3647 0.03631087134784092 0.03505297922817525 0.01358642489685378
3648 0.008351648534499063 0.06127125297490606 0.013760394359981
3649 0.0643584319147881 0.02616464786382013 0.04116029340186252
3650 0.01459775852858146 0.04977120935350829 0.009764677615329191
3651 0.02901254815848339 0.07016909888449165 0.04656393949019473
3652 0.07010355085264554 0.003650064677221512 0.009236203566541168
3653 0.01501526325529967 0.05107294383907635 0.003513129090900953
3654 0.03057163081463352 0.06670824099062726 0.04130473376414114
3655 0.04686130595486386 0.03177929556123504 0.003865449248379803
3656 0.02119103127682057 0.06257155822029505 0.03481995794284168
3657 0.00355763661542186 0.04009815462420333 0.04586389585435843
3658 0.01680068695491965 0.06726696240857113 0.01987848363353709
3659 0.004695403745262055 0.0758763285163763 0.02789993899806672
3660 0.01071981349952057 0.048570141122032 0.01694470593345641
3661 0.04228718614593668 0.003312365692988289 0.01626618704897685
3662 0.07636084297353758 0.06913210988816744 0.003828131077153639
3663 0.059399298653458 0.003994419780717775 0.009918010366279142
3664 0.07513297001679206 0.07610222922178969 0.0329660118142359
3665 0.00440990376068134 0.03372863044324149 0.004504253427006487
3666 0.07672140223716861 0.01794356406951879 0.03271883129555525
3667 0.03377139315866147 0.06734922988948643 0.01672022216643906
3668 0.04030240298183928 0.05357769411432729 0.03404662325310249
3669 0.003510336234459674 0.0536548922557353 0.04039269867417436
3670 0.02042064952178894 0.06411410477836442 0.04427799697631585
3671 0.0406234754645692 0.01271710871920701 0.04138414532865511
3672 0.04552367715629362 0.03094078087347041 0.04152158232205684
3673 0.003609668224097379 0.06419290933531674 0.0163501904655659
3674 0.00401703526677552 0.06849973914564096 0.03302078613151142
3675 0.02395820178675827 0.06459336826903297 0.02213574052435332
3676 0.07523312739090054 0.009755155399311457 0.00430679881269574
3677 0.06128037865784607 0.01111659294415047 0.02269447082948173
3678 0.05255021647973111 0.06500236413327962 0.0209058554752329
3679 0.05503609144179217 0.0766202534946713 0.03426113584037974
3680 0.0590286556379042 0.02693495074084226 0.01691578762420433
3681 0.04350665482875733 0.03521928447263383 0.01126282960447614
3682 0.01074112321588117 0.04753019130737135 0.04624567983939892
3683 0.06393836909243308 0.003377989355198659 0.02070848890425402
3684 0.07068833411553199 0.05738386822838831 0.01642545699262779
3685 0.04469933547244496 0.003967605619883698 0.02421061797296157
3686 0.009344079718186711 0.06921543505528033 0.02807562173202765
3687 0.03632848206658913 0.0655165038746862 0.007769253330363641
3688 0.003319336876803121 0.003209568742038957 0.0184477961108374
3689 0.00851472412562258 0.01496255910839312 0.02482541654568905
3690 0.02939390227578498 0.02186019851881839 0.04103803858419734
3691 0.06113333693706734 0.01922287644980824 0.04624210836895084
3692 0.003778931766823423 0.02974809870290517 0.03370425048709651
3693 0.02411104825450622 0.07181599579862839 0.03529799063452715
3694 0.04935366730738627 0.07037297614603318 0.003876444603057908
3695 0.0765341709470216 0.05050051542600752 0.02940045564561056
3696 0.05166769236351482 0.07178268126810611 0.03425062641816555
3697 0.04481335409774532 0.02092739166869999 0.04172395456028326
3698 0.07077132795385224 0.03491422724993625 0.03940467262574386
3699 0.01063707636959326 0.07611424474811518 0.04222093591597531
3700 0.07057286433445786 0.06156763006424085 0.01411733382788413
3701 0.02265831904964802 0.05717390046407349 0.03617718233150601
3702 0.03082500914244011 0.00351183287225814 0.02327250130599437
3703 0.003585696459543508 0.04284320664680102 0.03154435038119365
3704 0.07650799279225444 0.06108177353415305 0.04626978023814696
3705 0.04628316020261012 0.05665048139307111 0.04656631534483972
3706 0.05266413256963101 0.07175367759042335 0.02248380628681239
3707 0.03776857085549707 0.03062354416496092 0.03532096520782797
3708 0.02760725662010129 0.01756365628994317 0.01638307851147923
3709 0.004315144658570851 0.02564014104281434 0.04598925991127675
3710 0.01929739289144021 0.04563534029519026 0.02070839585697699
3711 0.01194605211208435 0.008242607690624499 0.04618380402057221
3712 0.07647044437074338 0.02325699898587024 0.01022354028867674
3713 0.06348220405952855 0.03002491794319315 0.02513997872332581
3714 0.06318152317380206 0.01594120663089055 0.002902898324524467
3715 0.008713380161275154 0.05622654071211002 0.0401366086409975
3716 0.02717708122160104 0.01638187914594992 0.03229612535723069
3717 0.06597355437811873 0.05010485909738323 0.009304174742208396
3718 0.05042682954578041 0.07668125348825011 0.02073674134045703
3719 0.01478760459158455 0.06927795067117656 0.04239465930531221
3720 0.07166679993064605 0.01990945200258777 0.02486132722577181
3721 0.06526437793534222 0.04971968715281292 0.04102060940483096
3722 0.01292995953946863 0.02325540326745676 0.03036805680180957
3723 0.04647102973243225 0.04321327141827202 0.0308022313626451
3724 0.05632121246029509 0.009782163517438797 0.003463292856213745
3725 0.038377952071818 0.02003073659453032 0.04239372499711545
3726 0.0272940902545003 0.05493227768785389 0.003884576057031755
3727 0.03524821353824143 0.0634782104356499 0.03086945065809671
3728 0.04639754049878652 0.04839785995647894 0.04667798519085821
3729 0.06972730268668653 0.07627248947865264 0.0462351389361698
3730 0.06953633053651688 0.07117319960064226 0.003562162514666241
3731 0.02502589238558004 0.03411390072313152 0.01737084117052768
3732 0.03627805529452498 0.04353965768545278 0.04623268956255147
3733 0.05336122744156325 0.01355296930329279 0.03360181140430709
3734 0.05717028580951702 0.03182069702157391 0.01031837948247338
3735 0.04067830872549996 0.05339083856088937 0.004079145350935135
3736 0.02839725838518969 0.04655037518704119 0.02577042109325705
3737 0.01114031171465104 0.004170193005895841 0.0331694247093785
3738 0.02706365983898435 0.03507044547055863 0.02423756669511808
3739 0.05429749337337823 0.07115611354974974 0.04561054174696019
3740 0.04404261635010493 0.04239659812847799 0.04011132197324592
3741 0.03295922708426822 0.06205004857994292 0.01481815991284144
3742 0.04300166348890374 0.009751703133397243 0.005396641144345212
3743 0.003818914835495333 0.07613645222670452 0.03972502836942234
3744 0.07019985913549115 0.02581856790717643 0.01444011563202416
3745 0.009413453539812804 0.003612040149109302 0.028452217153273
3746 0.007711157523078855 0.05054670893143274 0.02161560483960256
3747 0.00908480695696472 0.03718118670168548 0.02139560334709027
3748 0.003467436350308848 0.04443921427043689 0.0397860580161087
3749 0.02352366665188945 0.03138130263287666 0.04652199754140753
3750 0.03601325061874046 0.03523494031644882 0.008263410315571264
3751 0.007736912879547276 0.05163545094164866 0.04027628039511526
3752 0.003538068328728368 0.0763462766822345 0.04595912342344431
3753 0.07632970741735827 0.06329600544465955 0.03876333076615961
3754 0.06591324468618784 0.07599480396490617 0.009472421164943201
3755 0.02594260781462503 0.05036939864040697 0.03297868352224243
3756 0.03521071242457624 0.03360494297176388 0.04604587479233568
3757 0.01535304094726493 0.04169417173563825 0.01449530415707124
3758 0.02536002085588294 0.02369374321061328 0.005973663709839447
3759 0.05054573150273144 0.02468077007529937 0.04690965153696464
3760 0.04003489348919024 0.07149118230641033 0.02212385306514827
3761 0.06180139187179916 0.03379771450399258 0.03060025770056096
3762 0.003403625874184977 0.07116236296539719 0.01996549809969039
3763 0.04603207731824886 0.01923489638718254 0.02793088846764443
3764 0.03250245481368653 0.02647159713019361 0.01593187979952317
3765 0.05172564841099642 0.05086827611640963 0.02906776618739247
3766 0.04591275322118293 0.01504225072690634 0.04177065168741959
3767 0.01624570858440399 0.05505866733563442 0.04670248069702811
3768 0.04851339291023408 0.003507128295610688 0.03245829790312084
3769 0.05944070230549913 0.07098070977189692 0.04661125755242872
3770 0.02565206567182021 0.05145893211119226 0.01941738377099141
3771 0.02198015738275448 0.05662712369532109 0.04666934345406573
3772 0.03012133965817697 0.07577487668967695 0.009602723587279958
3773 0.01345581932793267 0.009336287938857445 0.04105905289184175
3774 0.01703921987663165 0.01661715778648861 0.003414993329692253
3775 0.0628281179233309 0.003476460929443979 0.04657008658324614
3776 0.02208718028688494 0.05222383473947573 0.003299214940990282
3777 0.04427401785682686 0.06687781531777932 0.03010360208070101
3778 0.02003055093588048 0.06292926322522105 0.01703369573793196
3779 0.04555134339786463 0.0515956160892704 0.00333225326922175
3780 0.04383508694122842 0.05096228801144616 0.009150016075832421
3781 0.03350505031175947 0.06817035833015378 0.03344826237113554
3782 0.07220860899640322 0.003279369888357311 0.02059206026855047
3783 0.02972766832558096 0.003713569153409211 0.03310954284502873
3784 0.0280201143387633 0.04964565624237775 0.04587938837903054
3785 0.04666246387506411 0.05730218648591787 0.003540057942007939
3786 0.05317112808960685 0.04147965844917733 0.03743508187629019
3787 0.06634002029987042 0.07644618430143434 0.0167392671882109
3788 0.03272637905523047 0.01928231819836943 0.007821584925847258
3789 0.003248390425971037 0.05403146698647243 0.01627122466195413
3790 0.0575019943362603 0.05287475362632881 0.01761112545136486
3791 0.03002059702812404 0.003301688546557606 0.04646862657396108
3792 0.07087727747516938 0.07548206952884719 0.03629928768853041
3793 0.0273635613273535 0.037263154482838 0.03356122258238003
3794 0.00319358716481229 0.05047269975021824 0.02131234687755547
3795 0.03597262799768183 0.0762664204146884 0.008927648163841307
3796 0.01078164097289042 0.0313671727998571 0.003474675620922128
3797 0.01607256645927432 0.06230235799703397 0.04646835212418794
3798 0.01529402941787 0.02365010099087883 0.02210184231305009
3799 0.03598621082097669 0.06397486875337821 0.003321583874676541
3800 0.06464152337521477 0.03815836532367863 0.02935886875918686
3801 0.03120135172226561 0.04549651687812055 0.03785884617885218
3802 0.0516914818461968 0.02747482397099982 0.02261250005675646
3803 0.03127002941438016 0.03287422702707118 0.01682431726863239
3804 0.02824888870475022 0.00812111667473191 0.02970458161362541
3805 0.05726386692974337 0.03554474564377479 0.003782957929485613
3806 0.02707357309755833 0.05940736464714004 0.02176241641455411
3807 0.02893201498719927 0.02450125099544588 0.03658621348568003
3808 0.05613478940629485 0.07104455472041189 0.003782582937256667
3809 0.05489594229851375 0.04318288577944785 0.0035113661724975
3810 0.06101825362721013 0.07681261455141401 0.0461993798701412
3811 0.06731891762464103 0.06241994885334178 0.01729162200214988
3812 0.02801880686949947 0.06366640149363649 0.003626656552999338
3813 0.05253147730870098 0.07624241236374754 0.02472559404351947
3814 0.07689792079819607 0.05779967509312119 0.01023901739723499
3815 0.003400465695013858 0.0264639143772558 0.0150575964735043
3816 0.06365739010427438 0.07686154584982938 0.03379966570003849
3817 0.0255675160029439 0.07659219680501927 0.03259290902621464
3818 0.03256379539562326 0.07118532653850675 0.003181577523778794
3819 0.03254858916969437 0.01804621370892762 0.04689259015615866
3820 0.04978972039696094 0.04339354120448047 0.04067317713363021
3821 0.05427353160816925 0.003466890608496595 0.01112949070173458
3822 0.07681767899440171 0.05455735656923484 0.02061103238584677
3823 0.07683011064707869 0.06679154892760938 0.009788642497048392
3824 0.07666450104772593 0.04408439946311449 0.01537546435643714
3825 0.07588370561629174 0.01760883884765932 0.03932722763687152
3826 0.07130863262789523 0.02795421017355995 0.04661897589950401
3827 0.008296351789894092 0.05698824736881025 0.04656457372751597
3828 0.07695732330259324 0.002965408298811181 0.04028545862406845
3829 0.05034343697438783 0.01660542837395317 0.003398337878673336
3830 0.03228856055710448 0.01270564379078267 0.03088605396058636
3831 0.03120176986474703 0.06818696392121508 0.02512126393116142
3832 0.05250331875864108 0.07667663575940516 0.01565542217858423
3833 0.04952545168996306 0.01919546982451884 0.04093652485822617
3834 0.02869408116086817 0.05871237570115914 0.03506859356960198
3835 0.05942429211755567 0.01848054590166657 0.01096690481439206
3836 0.04947237462967188 0.003351284928143435 0.0467979347454564
3837 0.06381686380255316 0.04370900428369677 0.02807521235642371
3838 0.02404950907412311 0.007011362043721295 0.01624952119037043
3839 0.05390364957596408 0.00378531278156525 0.03329140950365141
3840 0.04246691599602427 0.07622126999986467 0.003522011074714477
3841 0.003442877782143586 0.01772895203801887 0.003944055602993715
3842 0.07116752413855135 0.03557649091984836 0.02598183534269366
3843 0.02789575595784797 0.04054556464678889 0.04614977723451305
3844 0.02214614806768495 0.007652812936577368 0.02270191423219318
3845 0.07124434371668288 0.01031034158026637 0.01442705063735389
3846 0.03414197510767174 0.07071107946515151 0.03980093314700964
3847 0.03987777768844666 0.02884653220382316 0.04191932715871
3848 0.02058576207354509 0.03074731735050334 0.019785659156746
3849 0.00819553130296821 0.02951453962977599 0.01273128795317141
3850 0.002990845462388879 0.02408652997959689 0.03154359215605545
3851 0.04629421242961826 0.02466550162371384 0.04643112237698506
3852 0.04997628441801538 0.03303998062295655 0.03834161116001448
3853 0.07112556683522966 0.0304680613501313 0.0118713749980208
3854 0.02389292123934224 0.03929388037446851 0.02624520446312249
3855 0.05497733965805976 0.02814869397793495 0.008074548407139785
3856 0.008916592520787614 0.0203185422851882 0.02633170101495387
3857 0.03374344577491648 0.0332794073785902 0.03264045908629603
3858 0.05739562469261967 0.002924027836473218 0.0246045147797567
3859 0.07075241495569692 0.02000660076470506 0.03675783416430093
3860 0.04628842449548755 0.07672513592657693 0.008585843994388883
3861 0.07663407230748437 0.02521220517478262 0.01934959326072773
3862 0.002947925595475423 0.002836135900770684 0.03993453092494032
3863 0.0223199968596379 0.003114338139838736 0.02987769766892415
3864 0.06311978344576863 0.03369948076250318 0.003093960452214229
3865 0.008679306839461647 0.009058182256453334 0.01516230209707065
3866 0.01501179729550029 0.04298216667554303 0.02023506012740005
3867 0.003973395021584211 0.05948698437778674 0.01697620444244841
3868 0.03173102472223661 0.02204230298031663 0.02790597019141788
3869 0.07132601171958811 0.04468805924429223 0.01682322439981621
3870 0.04429838848457762 0.0208891337506022 0.0327980212068297
3871 0.03478941369946693 0.05022589376081894 0.04651550028088245
3872 0.02828562089736797 0.002913771033332866 0.02871764701549097
3873 0.04856707970469577 0.01944976154397895 0.03522477476635346
3874 0.01658083929137135 0.03889138687986501 0.04098201304068317
3875 0.0778346433772517 0.02736962126205759 0.04776249215110356
3876 0.07783170324720433 0.02584139499585814 0.002146254226923958
3877 0.07799578987813161 0.04356608036985499 0.002054426865048833
3878 0.07740799885626629 0.03091604589939632 0.002589473639005029
3879 0.07783019085719436 0.01499703016179101 0.04761247309411782
3880 0.002057106930508735 0.07795398727365198 0.03435610137174869
3881 0.07801573491932971 0.04965857937356612 0.002083404524781268
3882 0.01728536120480546 0.07707567236247871 0.002724639844956725
3883 0.01383987248719592 0.002748987147954997 0.04694618364985265
3884 0.03428285893657509 0.07803897181039626 0.001930423115093916
3885 0.02225695849022676 0.07744474667047492 0.002652440144426164
3886 0.0770543172521045 0.01360639830530394 0.002743970036648263
3887 0.0772238932324239 0.04430269039223413 0.04726522505465529
3888 0.03571310543059408 0.00262835195532752 0.04752310181980266
3889 0.07714410444080125 0.05823936675198611 0.002896983637295992
3890 0.002633616405477751 0.03953686272868266 0.002735109767930616
3891 0.07776588943608678 0.05241290912881372 0.04784288022182321
3892 0.04450077448155617 0.002541457876890474 0.04734462645033533
3893 0.07795751198118231 0.07415120861759111 0.002027022665337838
3894 0.07762374973464112 0.005945666371047643 0.001870539226202344
3895 0.07756791985275346 0.007554334485783605 0.04740220021013331
3896 0.002498466056729031 0.02163489474467035 0.002712238512380666
3897 0.06988892439424267 0.07830417649068896 0.001948441197555956
3898 0.002203512334489382 0.01706419516965292 0.04713044104193584
3899 0.007232452589815933 0.07749403715125329 0.002103489962988374
3900 0.008053758139897695 0.002723243909877104 0.04762066201502902
3901 0.00198948943779554 0.04783546132546883 0.002134154698686729
3902 0.00240645751103497 0.03050771389961674 0.002714448241034511
3903 0.001808197473405959 0.02522843713581897 0.04801658676656179
3904 0.02490282773154251 0.002258356920736302 0.002543500650753664
3905 0.001753523148657043 0.03219128574692052 0.0479066978198025
3906 0.05381711725867217 0.07691868824559828 0.002968830338610247
3907 0.0469909033389364 0.07763745420361619 0.04756306977248875
3908 0.05789778218559907 0.002090477238848488 0.04776058229478934
3909 0.0773439196162591 0.002629286871265537 0.02568312107855036
3910 0.007180034017754834 0.001981283116609552 0.002092773621752301
3911 0.03228874638017051 0.07784443365348828 0.04798274016271617
3912 0.07725814807338272 0.07787350876266748 0.03615203690691327
3913 0.07777517806760742 0.00251570333861756 0.01183330194374874
3914 0.05958300736331509 0.07816267511979767 0.00231647201118212
3915 0.07791135760788914 0.06679754067603723 0.04783812561325459
3916 0.002145913350097311 0.04681010661747193 0.047928995562878
3917 0.06364862594314039 0.002121109230947309 0.002047958869710507
3918 0.01674222947883624 0.002521839328877495 0.001867440750095253
3919 0.07762712121045433 0.07769692728168803 0.01671135348352504
3920 0.05128198435303925 0.002161577849088293 0.002044589877177349
3921 0.002935620182321824 0.05557552411535234 0.002522396718709888
3922 0.00954651798014995 0.07664008603077682 0.04717879118063178
3923 0.002157553078325563 0.00860959232337506 0.04739787273426032
3924 0.0024936092299604 0.07743365548578959 0.02521204742838727
3925 0.07732730630217577 0.07143787759113861 0.04717898404176917
3926 0.002960278308459159 0.0690367090483643 0.04772940132125841
3927 0.0778687218441366 0.07786285754530368 0.005799801380124246
3928 0.02857034970364627 0.002163440390718334 0.00233150974379652
3929 0.001736829725533679 0.07829840461973757 0.04466325359395851
3930 0.002884900628019518 0.05446427726832302 0.04792691901624031
3931 0.07792105601691332 0.001886854629777945 0.04437297161299611
3932 0.05576528901413581 0.002090506532668016 0.001935885651612072
3933 0.002009028252233987 0.001873217224225172 0.04450054985299193
3934 0.001979573306721584 0.0588085813280023 0.04776935650425531
3935 0.07729698128829073 0.02275829028240112 0.04725747278580718
3936 0.001858102528971405 0.05162161973007814 0.001985097819448993
3937 0.001933414768555304 0.07411284465148452 0.04805637878135981
3938 0.07815245143801439 0.07786981456354328 0.03907548687716664
3939 0.01221943006562862 0.001923113811936319 0.001822273472058952
3940 0.07408741158002147 0.002127692123614344 0.04795932764705801
3941 0.04372370792193851 0.07722032285932622 0.04722269198299071
3942 0.07770113329512718 0.07771619170270706 0.00225966252226016
3943 0.07784744568893616 0.002190122315502393 0.002081781287640993
3944 0.07387801445343349 0.07777680918467841 0.002089463872033013
3945 0.01219671918909365 0.07793160858989936 0.001945030674410848
3946 0.07783077995530423 0.03933176816926106 0.002153941640570915
3947 0.06781536455398111 0.002180619839688327 0.002107145221232459
3948 0.07822722995116398 0.04661958087606775 0.001809123888118196
3949 0.002942126404009551 0.002894178155356187 0.02395683907419169
3950 0.07718375635878282 0.05381858527677574 0.002399405621475558
3951 0.07791082239712505 0.009910771508219349 0.001968858095181889
3952 0.03791425810263278 0.07774869791671732 0.002278200285476264
3953 0.01102626658059857 0.002026099331213658 0.04801356775509519
3954 0.07759687917567033 0.002501836068801273 0.02973178258222364
3955 0.07728056075837761 0.05673257968019248 0.04779159404996015
3956 0.002669753436426646 0.02198497501622365 0.04742364543561857
3957 0.002185147333534798 0.002156297793960869 0.01457256170303145
3958 0.03067279531219171 0.07735192957556349 0.002148708842165559
3959 0.001899446016181256 0.04366799915152656 0.002024985470950972
3960 0.001855608558070551 0.01244759059472875 0.04810453499005293
3961 0.001982766403510752 0.02837015129919373 0.04812478165573748
3962 0.02543470537891719 0.07688864516612137 0.04729234131846181
3963 0.001867024509179772 0.04359866030110599 0.04790224144528799
3964 0.002514291452188975 0.06203307185059552 0.002932077728599145
3965 0.02140505492609108 0.001975290704264005 0.002079973921834087
3966 0.01383435722517901 0.07682528517518279 0.0470124062469508
3967 0.002523798555370147 0.07751639684891415 0.02997217134126161
3968 0.03632648660601647 0.07790072323137424 0.04784637888121434
3969 0.07731113335731372 0.002257180900290754 0.006795641593342238
3970 0.06478004239874249 0.07765711272120099 0.04768453217003937
3971 0.0748260836593985 0.07803794461025269 0.04805632279694404
3972 0.07729095124183905 0.002075692847510493 0.03676800643514005
3973 0.03231859435947535 0.002151109858090893 0.001961605377170219
3974 0.07825213786312209 0.078026114139057 0.03251245663115624
3975 0.04196131206657601 0.002265978811599469 0.002259153837095568
3976 0.002032069324863906 0.0778499316799751 0.005738809077271582
3977 0.07810233995103277 0.00221971206772334 0.02253289368782618
3978 0.002061901792451677 0.03632464156568695 0.04790196474268328
3979 0.002030722055146114 0.00581344769358704 0.002032540876127737
3980 0.07780848768137816 0.07777299734476532 0.02327229799178942
3981 0.0286822647388803 0.0782123019502724 0.04793335433541235
3982 0.005886852519372292 0.07807265038873355 0.04796599623785812
3983 0.002091451533353059 0.06344140584232105 0.04785422434955744
3984 0.06523051258021097 0.07795096823148201 0.002116943421759569
3985 0.07802417117664502 0.01163981896114996 0.04821485255493052
3986 0.00212248255621582 0.02577321969366779 0.002182917408408076
3987 0.002241002261269657 0.00201869326919562 0.03561583210736322
3988 0.00227163215143741 0.07789614663266903 0.002171704165677148
3989 0.07768179650587796 0.002285467770484906 0.04779384380949248
3990 0.07803931395289315 0.01895498456037439 0.04801094520961554
3991 0.002229960610391998 0.002231664475587424 0.002001226968946214
3992 0.001915780957720937 0.001901149636037605 0.04789208220618538
3993 0.002064482066246171 0.07798892293929779 0.04801457966844519
3994 0.002040844249463417 0.05054263803469367 0.04804441994654522
3995 0.001946593334212231 0.03450050817250087 0.002008508839771938
3996 0.002145588509580154 0.002020077637938613 0.02735542741161352
3997 0.0595565212816106 0.002020299833974344 0.00207581356900138
3998 0.03967327095766755 0.04003969958943999 0.06147124162414964
3999 0.03656064541233657 0.03657109982013677 0.05959056496151888
4000 0.03788898222002134 0.04432577433787294 0.06038180840172833
4001 0.03819490801708822 0.03686843586374135 0.0660376248811471
4002 0.04303873645891682 0.04442926134974456 0.06376873694495701
4003 0.04446655607477541 0.03925027394543079 0.06478799277403513
4004 0.04432098710843869 0.03636972296698003 0.0591115997026811
4005 0.0358116712425146 0.04124535163355227 0.05786371549223997
4006 0.03788010310025183 0.04271289429422574 0.06638748191908296
4007 0.0450966085882326 0.04184405444557508 0.05935055198654138
4008 0.03338791302326587 0.04097523975425622 0.0634192017547526
4009 0.04011570934510974 0.03690875075831066 0.05766102257542349
4010 0.04294445689394508 0.0348141301240049 0.06410535176215779
4011 0.04002271311589338 0.0436706744481986 0.05710128449957855
4012 0.03956593481767453 0.03261813493778647 0.06017967690895409
4013 0.0416506050857786 0.0405964135234632 0.05426709898681846
4014 0.03383627740034956 0.03669975933025785 0.06465506995661877
4015 0.04120959292657528 0.03937671552529337 0.06868615813119415
4016 0.04750910982463495 0.03871822636997839 0.06098508280831204
4017 0.04172729441074463 0.04719969145997414 0.06091053811612111
4018 0.03771870693477342 0.0323328255080456 0.06380057729634209
4019 0.04728668417139241 0.0427794170672465 0.06284345174673782
4020 0.0396305442459591 0.04681816027759136 0.06461516034344464
4021 0.03546237121816243 0.04001002757807332 0.06774480590266942
4022 0.03264370192516647 0.03928974671879318 0.05934864462619884
4023 0.03488723909547782 0.04512799093941054 0.06553699749541381
4024 0.03404981911678755 0.04512127240079377 0.05831365743559793
4025 0.04429917868028577 0.04257267805548386 0.06725321364600108
4026 0.03572448849815526 0.03628431633125976 0.05646344887809995
4027 0.04554916309223381 0.04523252354635218 0.0605308872909871
4028 0.04181376433870373 0.03536773795687217 0.06773066469622897
4029 0.04695937218543519 0.03865179463493904 0.05734122107759972
4030 0.04655075649881237 0.03551425984774794 0.06322469861467922
4031 0.0391574825022588 0.04038020919821766 0.05814312381083976
4032 0.03894427569751909 0.03606476870947477 0.06200682016812703
4033 0.03707906643774327 0.03355692826161262 0.05773294645414455
4034 0.04186982588490514 0.03372456351527264 0.05673950359070412
4035 0.03702387989824703 0.03977656434669292 0.06447084836298199
4036 0.04198313403901183 0.04281546210254622 0.06003486989324101
4037 0.04118134904367269 0.04115694041381953 0.06535410987624067
4038 0.03889793580024298 0.04739896795326524 0.05742882046077508
4039 0.04495498885262935 0.03312187676738833 0.06158319101705393
4040 0.04423610537477447 0.04493381132923093 0.05696445353137238
4041 0.03665841219482092 0.04492402962616152 0.05636857315785396
4042 0.042970753692626 0.03849988160123693 0.06158727659960025
4043 0.03790324179713254 0.0403975328447722 0.05432950843011993
4044 0.04126609356673813 0.04503647797771811 0.06776827500318203
4045 0.03574259684242509 0.03937003250481148 0.06151189086434402
4046 0.03436321860776555 0.03332518004719394 0.06288012516733205
4047 0.03544184277881279 0.03424792010631172 0.06595851281169983
4048 0.04002535157733162 0.04322731137643892 0.06334333825308644
4049 0.04300911995260965 0.03655806432786583 0.05539111758987579
4050 0.03668457647334711 0.03218331021988823 0.06066522698409474
4051 0.03422837764282783 0.04623601984797145 0.06182715262672013
4052 0.04508030111762334 0.03680321858636407 0.06741493036290588
4053 0.03383762214135715 0.04222872374484808 0.06640796264443276
4054 0.04094403692309635 0.03776474184242868 0.06472604280455019
4055 0.03151593439296073 0.03862106062585871 0.06269766278662653
4056 0.03881543298621129 0.0335807861234703 0.06732210571752377
4057 0.0456953414798465 0.04188650279079266 0.05551106641660186
4058 0.0390423811065133 0.04866917149249194 0.06129636251631777
4059 0.03419734126028822 0.03355700192174679 0.05954150428032347
4060 0.03233156039824693 0.04187565551088658 0.05768930037172176
4061 0.03780664880475772 0.04579796398665088 0.06784241152797715
4062 0.04718947082224897 0.03545088973400395 0.05933123798887858
4063 0.04801575298488098 0.03853293826093875 0.06455720148685182
4064 0.03595291000528306 0.04340080241286928 0.06845913177045884
4065 0.03633629058566783 0.03669659726187673 0.06871435601811253
4066 0.04823595714683872 0.04210328713680506 0.05981303387664234
4067 0.03949953045764808 0.03657388172922962 0.06943646371776457
4068 0.04469736322314754 0.03989360298976467 0.06894463145747004
4069 0.04319608214594253 0.0394414709232656 0.0579682137060864
4070 0.03637441484577227 0.04776599210529047 0.05976720294670304
4071 0.04096918084084858 0.03173738402971398 0.06293396607849848
4072 0.03387434132763475 0.039132596910725 0.05544274175037074
4073 0.043059412312777 0.04683124553446685 0.06580954485580676
4074 0.04470770999693397 0.03323909099206546 0.05856771611345234
4075 0.04729744989844094 0.04120916366081033 0.06615156781598303
4076 0.04622027397034571 0.04502862034583583 0.06522290251277316
4077 0.04221354718106732 0.04368261369315149 0.05410303166327188
4078 0.04043303106184858 0.04254812132136223 0.06953387698921551
4079 0.03239703614169091 0.04375349580182399 0.063790872248546
4080 0.04361710205384284 0.04167310748419677 0.06265792811705997
4081 0.04189942106124207 0.04682544226663415 0.05632118483197302
4082 0.03856550763057081 0.03977840941331733 0.06728459617343756
4083 0.03259352866667625 0.03922332328765975 0.06621458223632251
4084 0.03281218769314346 0.03592246359648739 0.06121469082437787
4085 0.04192087155594908 0.03264416212706657 0.06575354517677358
4086 0.03628925696840263 0.04320878386778993 0.06332276099221749
4087 0.03889846482251586 0.0441471913199379 0.05401559407467032
4088 0.03179103622036423 0.04306224947327454 0.06100103447275248
4089 0.03917925153177608 0.03421285358594641 0.05508699678994548
4090 0.04097687802581245 0.03747367907503762 0.05326060488984657
4091 0.03746478883679846 0.04048765869769544 0.06971033091601563
4092 0.03671069908824617 0.0477455993750018 0.06397027976094735
4093 0.04699410164395683 0.0443748836749845 0.05806187587329997
4094 0.04498609243723209 0.04721174313436489 0.06258449468717699
4095 0.03490583919752444 0.04300071097366599 0.05497062858768953
4096 0.04211580360299675 0.03492973288000659 0.06110908701977266
4097 0.03616857497717522 0.03553280994087087 0.06291724487220045
4098 0.04269269710741019 0.04214597929383647 0.05701779828958405
4099 0.04479498603451063 0.0336605063000481 0.06574463743729819
4100 0.03298648824568024 0.03587093767745324 0.05811337280618553
4101 0.04232936653221518 0.03170856211364251 0.05954225314197496
4102 0.03760817303476258 0.03648093473696014 0.05381882254016808
4103 0.03906886463620779 0.03173969380668325 0.05758389711873305
4104 0.03448111340165134 0.0426367724566729 0.06075093278051744
4105 0.04466381614934772 0.0390444310176159 0.05406712097358602
4106 0.03976662738727304 0.03474900971703768 0.06466571531659909
4107 0.04388166994648831 0.04772209524262102 0.05893429572165044
4108 0.04253582422005849 0.03754547975250438 0.06994795875379624
4109 0.04559428559930882 0.03515514210281013 0.05644675571655644
$EndNodes
$Elements
17873
1 4 2 1 1 2783 2133 3074 2971
2 4 2 1 1 2970 3167 2307 2714
3 4 2 1 1 3618 768 844 3203
4 4 2 1 1 3373 2267 2806 3278
5 4 2 1 1 2783 3074 2133 2338
6 4 2 1 1 1249 2570 2538 2855
7 4 2 1 1 3910 1439 3991 2709
8 4 2 1 1 2496 2346 2237 3802
9 4 2 1 1 2093 2259 3029 3463
10 4 2 1 1 1560 1576 1561 2343
11 4 2 1 1 314 2567 3926 2700
12 4 2 1 1 2093 2259 2746 3029
13 4 2 1 1 313 2567 2700 2813
14 4 2 1 1 3618 768 3203 2357
15 4 2 1 1 2156 2757 2306 3063
16 4 2 1 1 2550 2337 2988 3021
17 4 2 1 1 2295 366 3391 3703
18 4 2 1 1 3373 2267 3278 2071
19 4 2 1 1 2070 2290 2952 3146
20 4 2 1 1 860 3931 3989 77
21 4 2 1 1 2790 3436 3116 3473
22 4 2 1 1 2070 2290 2731 2952
23 4 2 1 1 1560 1576 2343 2835
24 4 2 1 1 2357 3502 2904 2516
25 4 2 1 1 2469 2436 2279 3384
26 4 2 1 1 3167 2714 364 233
27 4 2 1 1 2122 3032 2496 2346
28 4 2 1 1 2306 2156 2642 2757
29 4 2 1 1 3910 1439 123 3991
30 4 2 1 1 2469 2279 2436 2789
31 4 2 1 1 2376 2472 2141 2550
32 4 2 1 1 2386 2494 2101 3083
33 4 2 1 1 302 2990 2552 3059
34 4 2 1 1 237 2714 3324 3455
35 4 2 1 1 1621 2366 1618 3100
36 4 2 1 1 2896 3177 3186 3500
37 4 2 1 1 2073 2493 2216 3236
38 4 2 1 1 2694 2821 2142 2577
39 4 2 1 1 1249 2538 2570 3360
40 4 2 1 1 2360 2656 3122 3628
41 4 2 1 1 2602 3409 1374 2921
42 4 2 1 1 3938 2695 591 2738
43 4 2 1 1 2360 2656 3628 3067
44 4 2 1 1 1228 2677 1362 2814
45 4 2 1 1 2305 2845 1035 2985
46 4 2 1 1 1719 3342 3626 2681
47 4 2 1 1 2259 2093 2746 2989
48 4 2 1 1 2259 2093 2383 3463
49 4 2 1 1 2896 3186 3177 2270
50 4 2 1 1 2602 3409 2921 2248
51 4 2 1 1 2366 1621 2482 3100
52 4 2 1 1 2081 2273 2664 2830
53 4 2 1 1 2567 1651 3926 2700
54 4 2 1 1 1765 2621 3010 2659
55 4 2 1 1 2141 2472 2319 2550
56 4 2 1 1 2654 3185 2586 2377
57 4 2 1 1 1362 2814 2677 3829
58 4 2 1 1 3989 3931 860 2565
59 4 2 1 1 2208 2790 3473 3421
60 4 2 1 1 2213 2976 2582 3011
61 4 2 1 1 2586 2652 1150 3476
62 4 2 1 1 1314 1231 1297 2322
63 4 2 1 1 1368 2586 1150 3476
64 4 2 1 1 2124 2289 2560 3401
65 4 2 1 1 237 2714 2560 3324
66 4 2 1 1 1231 2322 1314 2892
67 4 2 1 1 3738 3604 2337 3055
68 4 2 1 1 1289 3034 2880 3599
69 4 2 1 1 1439 2 123 3991
70 4 2 1 1 1482 2347 2475 3288
71 4 2 1 1 578 3501 2841 3521
72 4 2 1 1 2306 3063 2757 3733
73 4 2 1 1 2550 2988 2337 3055
74 4 2 1 1 2186 2609 2503 2622
75 4 2 1 1 2949 3146 2290 3260
76 4 2 1 1 266 2755 3244 3674
77 4 2 1 1 1560 2343 1561 2662
78 4 2 1 1 2112 2436 2609 3713
79 4 2 1 1 2592 2714 2560 2970
80 4 2 1 1 3618 768 2357 2810
81 4 2 1 1 2219 2321 2743 3112
82 4 2 1 1 3899 1442 3988 157
83 4 2 1 1 1560 2343 2662 2835
84 4 2 1 1 2419 2144 3060 3221
85 4 2 1 1 1289 2814 2880 3034
86 4 2 1 1 2295 2774 366 3703
87 4 2 1 1 3988 4 157 1442
88 4 2 1 1 2671 3229 2639 3680
89 4 2 1 1 2112 2423 2859 3144
90 4 2 1 1 2137 2639 2671 3229
91 4 2 1 1 364 233 231 3167
92 4 2 1 1 2118 3063 2568 2381
93 4 2 1 1 3899 1442 2599 3988
94 4 2 1 1 1572 2835 2662 3290
95 4 2 1 1 1498 2707 1499 3111
96 4 2 1 1 2512 3338 2104 3639
97 4 2 1 1 3185 2654 3198 2377
98 4 2 1 1 2099 2519 2339 3207
99 4 2 1 1 1618 2366 1619 2682
100 4 2 1 1 3989 3931 638 77
101 4 2 1 1 1556 2392 2621 3651
102 4 2 1 1 2257 2734 2573 2782
103 4 2 1 1 2147 2945 2612 3054
104 4 2 1 1 407 3898 2490 2743
105 4 2 1 1 2917 3223 391 3248
106 4 2 1 1 2068 2472 2376 2550
107 4 2 1 1 3949 873 2421 2680
108 4 2 1 1 391 382 2917 3248
109 4 2 1 1 1528 3670 3136 2992
110 4 2 1 1 2208 2790 2398 3116
111 4 2 1 1 2208 3473 2790 3116
112 4 2 1 1 2081 2273 2830 3648
113 4 2 1 1 2877 3103 2658 3172
114 4 2 1 1 2654 3185 2210 2887
115 4 2 1 1 3620 2153 3852 2499
116 4 2 1 1 247 2356 246 2836
117 4 2 1 1 935 1035 2305 2845
118 4 2 1 1 3989 77 5 860
119 4 2 1 1 2503 3720 2859 2234
120 4 2 1 1 2880 3034 2263 3599
121 4 2 1 1 2153 2327 2756 3620
122 4 2 1 1 585 575 3106 3124
123 4 2 1 1 3594 2892 2875 2291
124 4 2 1 1 2133 2926 2338 3074
125 4 2 1 1 2124 2289 2787 3324
126 4 2 1 1 2147 2612 2945 3206
127 4 2 1 1 3075 2699 3548 2345
128 4 2 1 1 2155 3283 2932 3149
129 4 2 1 1 2087 2309 2633 2737
130 4 2 1 1 2434 3253 2760 3686
131 4 2 1 1 2421 2130 2294 2860
132 4 2 1 1 2112 2663 2532 2308
133 4 2 1 1 2911 3191 1181 2255
134 4 2 1 1 344 346 2541 3270
135 4 2 1 1 2419 2144 2980 3060
136 4 2 1 1 638 3931 3989 2565
137 4 2 1 1 2078 2577 2424 2767
138 4 2 1 1 2305 905 2712 3046
139 4 2 1 1 1498 2752 2707 3111
140 4 2 1 1 2790 2414 3436 3473
141 4 2 1 1 2112 2609 2423 3713
142 4 2 1 1 3075 2699 2345 3101
143 4 2 1 1 2074 2916 2499 2320
144 4 2 1 1 2296 2967 3284 2989
145 4 2 1 1 344 346 345 2541
146 4 2 1 1 585 3106 2608 3124
147 4 2 1 1 2577 2821 2424 2767
148 4 2 1 1 2494 3083 2386 3089
149 4 2 1 1 2366 2482 1621 3027
150 4 2 1 1 903 2305 905 2712
151 4 2 1 1 2296 3284 2967 2445
152 4 2 1 1 1429 3085 2934 3097
153 4 2 1 1 2503 2859 3720 2112
154 4 2 1 1 2144 3060 3221 3410
155 4 2 1 1 638 3931 622 77
156 4 2 1 1 2263 2880 2814 3034
157 4 2 1 1 1228 2677 2814 2982
158 4 2 1 1 2311 2137 2677 2895
159 4 2 1 1 2568 3063 2837 2381
160 4 2 1 1 1572 1560 2662 2835
161 4 2 1 1 67 3943 865 3969
162 4 2 1 1 2556 3092 1686 3111
163 4 2 1 1 67 3943 3969 635
164 4 2 1 1 344 2541 2924 3270
165 4 2 1 1 2289 2124 2560 3324
166 4 2 1 1 1528 3670 2992 1559
167 4 2 1 1 276 3244 3253 3674
168 4 2 1 1 2080 2907 2613 2912
169 4 2 1 1 2321 2219 2877 3112
170 4 2 1 1 1199 2677 2291 3564
171 4 2 1 1 294 2624 2303 2680
172 4 2 1 1 2162 2873 2525 3795
173 4 2 1 1 2987 2435 2231 3656
174 4 2 1 1 2987 2435 3110 2231
175 4 2 1 1 3943 3969 2711 865
176 4 2 1 1 2421 2294 2130 2815
177 4 2 1 1 2360 2656 3067 2116
178 4 2 1 1 622 3931 638 2565
179 4 2 1 1 3081 2346 2496 3802
180 4 2 1 1 2494 2502 2286 3197
181 4 2 1 1 3020 3582 2488 2212
182 4 2 1 1 2378 2501 2198 3207
183 4 2 1 1 2272 3151 2798 3551
184 4 2 1 1 2388 2485 2219 2877
185 4 2 1 1 2949 2952 2290 3146
186 4 2 1 1 2966 3502 2516 3511
187 4 2 1 1 2386 3197 2186 3572
188 4 2 1 1 2074 2499 2916 3269
189 4 2 1 1 479 2785 2981 3302
190 4 2 1 1 3738 3604 3055 2120
191 4 2 1 1 2272 2628 3151 3551
192 4 2 1 1 1483 2347 3288 2846
193 4 2 1 1 2671 3384 3680 2639
194 4 2 1 1 3982 1796 3993 3752
195 4 2 1 1 2949 2952 3146 2157
196 4 2 1 1 2499 2916 2262 2320
197 4 2 1 1 2275 3244 2755 3674
198 4 2 1 1 2073 3236 2216 3054
199 4 2 1 1 2522 3992 22 414
200 4 2 1 1 3982 1796 174 3993
201 4 2 1 1 247 2733 2356 2836
202 4 2 1 1 479 2981 2785 3517
203 4 2 1 1 2322 2671 2639 3093
204 4 2 1 1 2365 2411 3537 3781
205 4 2 1 1 3406 2187 3105 2480
206 4 2 1 1 2147 2402 2612 3206
207 4 2 1 1 2155 2932 3283 2432
208 4 2 1 1 289 2847 2295 3391
209 4 2 1 1 2251 2859 2423 3144
210 4 2 1 1 2437 3146 2949 3260
211 4 2 1 1 2386 2968 2186 3197
212 4 2 1 1 2294 2516 3502 3511
213 4 2 1 1 2123 2769 2603 3532
214 4 2 1 1 2141 2665 2479 2740
215 4 2 1 1 2198 2501 2378 2731
216 4 2 1 1 2099 3371 2307 3849
217 4 2 1 1 2104 2512 2426 3338
218 4 2 1 1 313 2567 2813 3743
219 4 2 1 1 2374 2114 3249 3545
220 4 2 1 1 2280 2155 2661 3596
221 4 2 1 1 2101 2494 2386 3197
222 4 2 1 1 1796 3 174 3993
223 4 2 1 1 2165 3072 2389 2325
224 4 2 1 1 2436 2469 3179 3384
225 4 2 1 1 2153 2383 3142 3284
226 4 2 1 1 2217 2592 2560 2970
227 4 2 1 1 2099 2339 2519 3849
228 4 2 1 1 2731 2936 2834 3731
229 4 2 1 1 1039 3906 2910 2431
230 4 2 1 1 2237 3177 2896 3500
231 4 2 1 1 2516 2966 2793 3502
232 4 2 1 1 3414 3621 3200 2271
233 4 2 1 1 2286 2843 2494 3293
234 4 2 1 1 2262 2916 2499 3269
235 4 2 1 1 3992 140 2522 1795
236 4 2 1 1 2155 3149 2833 3283
237 4 2 1 1 2986 392 337 3014
238 4 2 1 1 2297 2154 2590 2823
239 4 2 1 1 3112 2219 3585 2743
240 4 2 1 1 2124 2427 2328 3280
241 4 2 1 1 289 2295 366 3391
242 4 2 1 1 1244 2302 3349 3085
243 4 2 1 1 2148 2385 2594 2612
244 4 2 1 1 2184 2866 2515 3602
245 4 2 1 1 2488 3188 2212 3582
246 4 2 1 1 1197 2322 2792 1314
247 4 2 1 1 2424 2577 2142 2821
248 4 2 1 1 2479 2740 2665 3117
249 4 2 1 1 294 417 2680 3344
250 4 2 1 1 2986 392 353 337
251 4 2 1 1 1328 2670 2538 2940
252 4 2 1 1 2512 2341 2104 3291
253 4 2 1 1 2129 2687 2613 2473
254 4 2 1 1 1556 3069 2392 3651
255 4 2 1 1 2357 3502 2516 2793
256 4 2 1 1 433 2605 3946 3328
257 4 2 1 1 2080 2379 3096 2505
258 4 2 1 1 2386 3083 2101 3733
259 4 2 1 1 2155 2280 2661 2788
260 4 2 1 1 1020 1035 2845 2985
261 4 2 1 1 2124 2787 2289 3401
262 4 2 1 1 2099 2465 2307 3371
263 4 2 1 1 3039 3408 553 3825
264 4 2 1 1 2087 2633 2309 3234
265 4 2 1 1 3790 2334 3120 2232
266 4 2 1 1 2592 2217 2646 3372
267 4 2 1 1 3790 3120 2334 3237
268 4 2 1 1 2099 2339 3132 3207
269 4 2 1 1 1669 2621 2659 3651
270 4 2 1 1 2312 3338 2512 3639
271 4 2 1 1 3621 2271 2080 2781
272 4 2 1 1 2332 2770 2842 3055
273 4 2 1 1 2104 2334 2623 3120
274 4 2 1 1 3476 2586 3750 2775
275 4 2 1 1 1194 2677 2895 3829
276 4 2 1 1 3743 890 47 1038
277 4 2 1 1 2502 3083 2494 3763
278 4 2 1 1 2342 2074 2617 2397
279 4 2 1 1 2362 2661 2174 3663
280 4 2 1 1 1499 2707 2391 3111
281 4 2 1 1 2365 2411 3781 2139
282 4 2 1 1 2187 2480 2301 3201
283 4 2 1 1 2095 2589 2423 3322
284 4 2 1 1 2307 3371 2498 3849
285 4 2 1 1 2709 864 11 3991
286 4 2 1 1 2 11 864 3991
287 4 2 1 1 294 2680 2303 3344
288 4 2 1 1 956 2585 3139 2607
289 4 2 1 1 1482 2475 2347 3128
290 4 2 1 1 997 3016 2549 3459
291 4 2 1 1 2360 2656 2116 3122
292 4 2 1 1 2169 2479 2713 2679
293 4 2 1 1 2556 3111 1686 3732
294 4 2 1 1 1053 931 2704 3525
295 4 2 1 1 2289 2592 2560 3401
296 4 2 1 1 2144 2696 3060 3410
297 4 2 1 1 2238 1154 3163 3038
298 4 2 1 1 3893 1440 3942 122
299 4 2 1 1 2123 2603 2632 3532
300 4 2 1 1 2279 3093 2469 3384
301 4 2 1 1 1440 122 8 3942
302 4 2 1 1 2909 2920 2176 3458
303 4 2 1 1 2446 2950 2164 3869
304 4 2 1 1 3510 3711 3009 1636
305 4 2 1 1 1202 2330 1175 3726
306 4 2 1 1 3893 1440 2549 3942
307 4 2 1 1 2133 2484 2926 3074
308 4 2 1 1 245 2356 247 2847
309 4 2 1 1 2219 2485 2388 2867
310 4 2 1 1 613 578 2841 3521
311 4 2 1 1 2367 3334 3803 2220
312 4 2 1 1 3142 3284 2383 3322
313 4 2 1 1 2130 2294 2614 2460
314 4 2 1 1 2696 2980 2144 3060
315 4 2 1 1 2356 2733 247 2847
316 4 2 1 1 1795 3992 22 2522
317 4 2 1 1 2365 2411 2139 2667
318 4 2 1 1 2892 3049 2103 2457
319 4 2 1 1 997 2549 3016 3107
320 4 2 1 1 3178 3448 2405 2983
321 4 2 1 1 2602 3409 2248 2802
322 4 2 1 1 2740 2988 2337 3021
323 4 2 1 1 2308 2112 2663 3144
324 4 2 1 1 3178 3448 2983 2725
325 4 2 1 1 2201 2931 2379 2953
326 4 2 1 1 2087 2309 2737 3260
327 4 2 1 1 3268 2448 2091 2969
328 4 2 1 1 346 2774 2541 3270
329 4 2 1 1 2383 2153 2967 3284
330 4 2 1 1 2445 2967 2153 3284
331 4 2 1 1 2159 3743 2813 2567
332 4 2 1 1 3212 1161 2476 3584
333 4 2 1 1 1788 3510 3711 2522
334 4 2 1 1 2738 1793 7 3971
335 4 2 1 1 2130 2815 2294 2460
336 4 2 1 1 2103 2322 2639 3093
337 4 2 1 1 2434 2619 3253 3686
338 4 2 1 1 1012 2431 3906 1039
339 4 2 1 1 3971 7 190 1793
340 4 2 1 1 2602 3409 2802 1374
341 4 2 1 1 2734 2782 2257 2388
342 4 2 1 1 2582 2976 2213 3863
343 4 2 1 1 432 3891 2681 3342
344 4 2 1 1 873 744 2421 2680
345 4 2 1 1 2277 3332 2288 3641
346 4 2 1 1 1083 39 4 3988
347 4 2 1 1 2303 2680 2130 3745
348 4 2 1 1 2291 2677 1199 3714
349 4 2 1 1 3976 3988 39 1083
350 4 2 1 1 2388 3103 2877 3172
351 4 2 1 1 2103 3049 2322 3093
352 4 2 1 1 2372 2950 2446 3869
353 4 2 1 1 2684 2307 3371 2498
354 4 2 1 1 2095 2397 2589 3388
355 4 2 1 1 1185 2911 1181 2255
356 4 2 1 1 2101 3197 2386 3572
357 4 2 1 1 3278 2789 2772 2279
358 4 2 1 1 2081 3614 2273 3648
359 4 2 1 1 3577 3686 2434 2760
360 4 2 1 1 2135 2534 2394 2610
361 4 2 1 1 1572 2662 2381 3290
362 4 2 1 1 346 349 2541 2774
363 4 2 1 1 3825 3408 2175 3039
364 4 2 1 1 2428 2917 382 3248
365 4 2 1 1 2418 3787 3754 2900
366 4 2 1 1 2153 3142 2445 3284
367 4 2 1 1 3976 3988 1083 2599
368 4 2 1 1 1329 2711 1332 2726
369 4 2 1 1 2155 2833 2432 3283
370 4 2 1 1 2162 2873 3209 2525
371 4 2 1 1 2068 2550 2376 3579
372 4 2 1 1 2379 2931 2826 2953
373 4 2 1 1 3212 2476 1161 3002
374 4 2 1 1 1199 2291 2892 3564
375 4 2 1 1 1570 2299 1578 3691
376 4 2 1 1 2515 2866 2368 3602
377 4 2 1 1 3949 849 2421 873
378 4 2 1 1 2099 2519 3371 3849
379 4 2 1 1 3989 5 78 1794
380 4 2 1 1 1369 3274 1256 3349
381 4 2 1 1 3278 2772 2789 2171
382 4 2 1 1 2217 2501 2646 3372
383 4 2 1 1 2277 3036 2288 3332
384 4 2 1 1 2756 2153 3052 3486
385 4 2 1 1 2235 2423 2589 3322
386 4 2 1 1 1406 1332 1329 2711
387 4 2 1 1 2080 2517 2907 3414
388 4 2 1 1 2964 2435 3693 3249
389 4 2 1 1 1562 1570 1578 3691
390 4 2 1 1 3370 2617 2406 2635
391 4 2 1 1 1194 2677 2792 2895
392 4 2 1 1 1570 1578 2299 2765
393 4 2 1 1 3895 3989 78 1794
394 4 2 1 1 3738 2337 2571 2944
395 4 2 1 1 1202 2802 2330 3726
396 4 2 1 1 2311 2895 2677 3829
397 4 2 1 1 1733 2387 2913 3407
398 4 2 1 1 1562 1578 3219 3691
399 4 2 1 1 2301 3077 3001 3488
400 4 2 1 1 2915 3052 2153 3486
401 4 2 1 1 2466 2525 3209 3818
402 4 2 1 1 2286 2494 3197 3293
403 4 2 1 1 2573 2782 2734 2906
404 4 2 1 1 292 391 382 2917
405 4 2 1 1 3643 2307 3371 2684
406 4 2 1 1 2097 2834 2936 3731
407 4 2 1 1 2949 2952 2759 2834
408 4 2 1 1 1497 1686 3111 3732
409 4 2 1 1 1614 3061 3235 3342
410 4 2 1 1 3895 3989 1794 2565
411 4 2 1 1 2512 2104 2341 2486
412 4 2 1 1 3311 2232 2533 2623
413 4 2 1 1 2812 3189 2089 3494
414 4 2 1 1 246 247 245 2356
415 4 2 1 1 2552 2768 327 3059
416 4 2 1 1 2165 2325 2491 3072
417 4 2 1 1 2945 3206 2612 3535
418 4 2 1 1 227 2684 2449 3147
419 4 2 1 1 2232 2623 2334 3120
420 4 2 1 1 2294 2516 2904 3502
421 4 2 1 1 3178 3448 2725 2170
422 4 2 1 1 3419 2474 2330 2629
423 4 2 1 1 2066 2937 2284 2367
424 4 2 1 1 2496 2237 2346 3032
425 4 2 1 1 767 2460 2615 3289
426 4 2 1 1 2080 2907 2912 3414
427 4 2 1 1 2848 3050 2329 3622
428 4 2 1 1 2586 1368 2775 3476
429 4 2 1 1 276 3244 3674 266
430 4 2 1 1 2260 2920 2909 3458
431 4 2 1 1 2218 2708 2497 3336
432 4 2 1 1 2766 3124 1744 2276
433 4 2 1 1 2427 3196 3438 2448
434 4 2 1 1 2154 2412 3644 2914
435 4 2 1 1 1558 2621 3136 3670
436 4 2 1 1 1369 2302 3274 3349
437 4 2 1 1 2157 2949 2437 3146
438 4 2 1 1 1053 2704 2985 3525
439 4 2 1 1 859 21 3992 3933
440 4 2 1 1 1783 179 3981 3962
441 4 2 1 1 935 1020 1035 2845
442 4 2 1 1 3947 787 2711 2726
443 4 2 1 1 2183 2331 2931 2962
444 4 2 1 1 292 391 2917 3223
445 4 2 1 1 2136 2306 2651 2749
446 4 2 1 1 3178 3448 2170 2405
447 4 2 1 1 1297 2322 1231 3049
448 4 2 1 1 1460 3956 26 3903
449 4 2 1 1 2080 2379 2517 3096
450 4 2 1 1 2644 2747 3494 3092
451 4 2 1 1 2764 3026 2594 3236
452 4 2 1 1 2225 2603 2769 3532
453 4 2 1 1 185 184 2690 1678
454 4 2 1 1 1244 2302 3085 2807
455 4 2 1 1 2448 2646 2427 3196
456 4 2 1 1 2066 2284 2780 2367
457 4 2 1 1 2377 2676 1143 3184
458 4 2 1 1 1585 3394 2929 2939
459 4 2 1 1 1041 3064 2384 2545
460 4 2 1 1 669 2565 3129 3637
461 4 2 1 1 254 2444 249 2778
462 4 2 1 1 1556 2621 2392 3136
463 4 2 1 1 1520 3073 2800 3595
464 4 2 1 1 2299 3219 1578 3691
465 4 2 1 1 2365 2411 2667 3537
466 4 2 1 1 2386 3089 3083 3733
467 4 2 1 1 2498 2519 2339 3849
468 4 2 1 1 184 2690 1467 3907
469 4 2 1 1 2236 2817 2640 2131
470 4 2 1 1 2122 2496 3081 2346
471 4 2 1 1 2147 2502 2494 3763
472 4 2 1 1 2979 1716 2405 3617
473 4 2 1 1 1346 3932 135 3997
474 4 2 1 1 3232 3567 2278 2927
475 4 2 1 1 3232 3567 2927 514
476 4 2 1 1 2183 3050 2848 3622
477 4 2 1 1 1199 2892 2792 3564
478 4 2 1 1 903 2305 2712 2845
479 4 2 1 1 911 2374 910 2704
480 4 2 1 1 227 228 2449 2684
481 4 2 1 1 1175 2330 1202 3812
482 4 2 1 1 1197 2322 1314 1297
483 4 2 1 1 3001 2121 3559 2301
484 4 2 1 1 85 86 2766 1453
485 4 2 1 1 3311 2232 2623 3631
486 4 2 1 1 2679 2929 2506 3073
487 4 2 1 1 302 2552 327 3059
488 4 2 1 1 1314 2792 1199 2892
489 4 2 1 1 2183 2331 2649 2931
490 4 2 1 1 2605 3017 1337 3328
491 4 2 1 1 2220 2337 2937 2988
492 4 2 1 1 2945 3535 2612 3054
493 4 2 1 1 2154 3644 2412 2658
494 4 2 1 1 2537 3997 3932 1346
495 4 2 1 1 219 3926 2567 3937
496 4 2 1 1 2191 2554 2703 3294
497 4 2 1 1 910 2704 2374 2985
498 4 2 1 1 2678 2877 2219 3112
499 4 2 1 1 2085 2364 3178 3773
500 4 2 1 1 899 3882 2874 2461
501 4 2 1 1 2124 2427 2646 3196
502 4 2 1 1 2482 2882 2172 2366
503 4 2 1 1 2085 2782 2734 2388
504 4 2 1 1 2076 2960 2328 3546
505 4 2 1 1 2070 2745 2290 3146
506 4 2 1 1 2071 2635 2267 3278
507 4 2 1 1 1589 2591 2405 2800
508 4 2 1 1 2482 2882 2366 2152
509 4 2 1 1 2303 2130 2615 3745
510 4 2 1 1 2887 3048 2654 3186
511 4 2 1 1 1616 2835 2348 2763
512 4 2 1 1 337 2606 2574 2986
513 4 2 1 1 1346 3917 3079 3997
514 4 2 1 1 2275 3253 3244 3674
515 4 2 1 1 2498 3371 2519 3849
516 4 2 1 1 1346 3917 3997 136
517 4 2 1 1 2661 3157 2174 3663
518 4 2 1 1 3875 1461 1746 2608
519 4 2 1 1 2201 2379 2931 3246
520 4 2 1 1 1483 2347 2846 1484
521 4 2 1 1 3243 3301 2981 3311
522 4 2 1 1 3754 3787 2418 3016
523 4 2 1 1 1346 135 136 3997
524 4 2 1 1 1246 2461 2443 3264
525 4 2 1 1 1733 2747 2387 3407
526 4 2 1 1 2654 3185 2887 2586
527 4 2 1 1 2964 2435 3249 2090
528 4 2 1 1 2141 2520 2665 2740
529 4 2 1 1 2234 2518 2503 3720
530 4 2 1 1 2931 2962 2331 3339
531 4 2 1 1 2644 3494 2747 2471
532 4 2 1 1 2216 3026 2764 3236
533 4 2 1 1 3887 2559 580 2766
534 4 2 1 1 1228 2982 2814 3724
535 4 2 1 1 2274 2580 3041 3309
536 4 2 1 1 3921 1418 2428 3248
537 4 2 1 1 1561 2662 2343 2939
538 4 2 1 1 2589 3142 2383 3322
539 4 2 1 1 2124 3280 2328 3468
540 4 2 1 1 2127 2317 2467 2685
541 4 2 1 1 1557 2392 1574 2682
542 4 2 1 1 2403 2620 241 3003
543 4 2 1 1 1266 2669 2584 3356
544 4 2 1 1 2662 1547 3759 3851
545 4 2 1 1 2974 1162 2794 2370
546 4 2 1 1 2573 2601 2194 2938
547 4 2 1 1 2080 2517 2379 2953
548 4 2 1 1 2130 2303 2624 2680
549 4 2 1 1 2137 2792 2677 2895
550 4 2 1 1 2137 2852 2895 2311
551 4 2 1 1 2073 2520 3236 3054
552 4 2 1 1 2606 2986 337 3014
553 4 2 1 1 1768 2348 2744 3538
554 4 2 1 1 585 2608 3106 3408
555 4 2 1 1 2383 3322 3284 3466
556 4 2 1 1 2141 2472 2346 2799
557 4 2 1 1 2549 3016 2816 3459
558 4 2 1 1 2234 3361 2518 3720
559 4 2 1 1 2841 3501 2312 3521
560 4 2 1 1 931 2854 2704 3525
561 4 2 1 1 2443 2461 1246 3088
562 4 2 1 1 2567 3926 1651 1759
563 4 2 1 1 2216 2618 2493 3072
564 4 2 1 1 3949 838 3996 16
565 4 2 1 1 3252 3463 2346 3029
566 4 2 1 1 1542 2327 1539 3486
567 4 2 1 1 237 235 2714 3455
568 4 2 1 1 2150 2271 2708 2930
569 4 2 1 1 2362 2174 2661 2788
570 4 2 1 1 3600 3760 2508 2345
571 4 2 1 1 2339 2519 2498 3353
572 4 2 1 1 3415 2696 841 3097
573 4 2 1 1 2783 3188 832 3783
574 4 2 1 1 3415 2696 3097 2229
575 4 2 1 1 2127 2467 2317 2828
576 4 2 1 1 2377 3316 3198 3780
577 4 2 1 1 3618 768 2810 844
578 4 2 1 1 1177 2255 2723 3483
579 4 2 1 1 2161 2657 2357 3618
580 4 2 1 1 1041 2545 2384 3078
581 4 2 1 1 2519 2660 2498 3353
582 4 2 1 1 3198 3316 2769 3780
583 4 2 1 1 1576 2763 2343 2835
584 4 2 1 1 2590 2272 2798 3551
585 4 2 1 1 1181 3191 1177 2255
586 4 2 1 1 3567 3342 3232 2278
587 4 2 1 1 3921 2428 394 3248
588 4 2 1 1 2892 3049 2457 1231
589 4 2 1 1 2353 2133 2655 2783
590 4 2 1 1 3049 3093 2103 3294
591 4 2 1 1 2892 3049 1231 2322
592 4 2 1 1 1199 2792 2677 3564
593 4 2 1 1 3996 3344 17 838
594 4 2 1 1 2150 2741 2271 2930
595 4 2 1 1 3996 17 16 838
596 4 2 1 1 2273 2081 2643 3614
597 4 2 1 1 2203 3016 2549 3107
598 4 2 1 1 3619 2922 3030 2868
599 4 2 1 1 3772 3337 2845 3571
600 4 2 1 1 1577 2343 2763 3394
601 4 2 1 1 2191 2703 2469 3294
602 4 2 1 1 2327 3333 1539 3486
603 4 2 1 1 1429 1243 2934 3085
604 4 2 1 1 3949 838 2680 3996
605 4 2 1 1 2076 2798 2838 3148
606 4 2 1 1 3773 2085 3374 2978
607 4 2 1 1 624 2724 520 3406
608 4 2 1 1 2665 2740 2520 3117
609 4 2 1 1 1749 85 2766 1453
610 4 2 1 1 2289 2787 2509 3401
611 4 2 1 1 838 2680 3996 3344
612 4 2 1 1 2724 3105 520 3406
613 4 2 1 1 2584 2669 1266 3321
614 4 2 1 1 2785 3517 2981 3684
615 4 2 1 1 2519 1427 3357 2660
616 4 2 1 1 3879 439 2413 3039
617 4 2 1 1 2370 3212 2476 3584
618 4 2 1 1 3995 3902 56 1425
619 4 2 1 1 2137 2639 2322 2671
620 4 2 1 1 2446 2164 2950 2116
621 4 2 1 1 2444 2733 249 2778
622 4 2 1 1 3396 2650 2771 2125
623 4 2 1 1 3396 2650 2125 2669
624 4 2 1 1 3995 3902 1425 3665
625 4 2 1 1 1805 2348 1768 3538
626 4 2 1 1 3177 3186 2637 3681
627 4 2 1 1 2518 3130 519 3300
628 4 2 1 1 2176 2920 3170 3458
629 4 2 1 1 1187 1188 2389 2902
630 4 2 1 1 1041 3064 2545 1073
631 4 2 1 1 3370 2617 2635 2569
632 4 2 1 1 2583 2861 2626 3568
633 4 2 1 1 1572 2662 1552 2381
634 4 2 1 1 3253 409 2434 2760
635 4 2 1 1 1099 3995 3890 57
636 4 2 1 1 2590 2628 2272 3551
637 4 2 1 1 2203 2816 2549 3016
638 4 2 1 1 3340 3774 2754 2965
639 4 2 1 1 2822 3177 2637 3681
640 4 2 1 1 1157 1162 2974 3584
641 4 2 1 1 2665 3029 2259 3252
642 4 2 1 1 2681 3232 432 3342
643 4 2 1 1 2964 2435 2090 3110
644 4 2 1 1 2228 2847 2733 3417
645 4 2 1 1 1746 3875 2608 3124
646 4 2 1 1 2328 2427 2124 3438
647 4 2 1 1 2370 2974 1162 3584
648 4 2 1 1 1596 2588 2369 2276
649 4 2 1 1 2766 3887 86 580
650 4 2 1 1 3995 56 57 1425
651 4 2 1 1 2497 2708 2218 2808
652 4 2 1 1 2110 3436 2414 3473
653 4 2 1 1 899 3882 2461 888
654 4 2 1 1 992 2587 2464 3699
655 4 2 1 1 2921 3184 1144 2676
656 4 2 1 1 1099 3995 57 1425
657 4 2 1 1 1349 1157 1162 2974
658 4 2 1 1 912 911 910 2704
659 4 2 1 1 2656 3067 2438 3628
660 4 2 1 1 2345 3075 2865 3548
661 4 2 1 1 2191 3093 3049 3294
662 4 2 1 1 3419 2474 2629 2105
663 4 2 1 1 2342 2617 2074 3045
664 4 2 1 1 2489 2490 2166 2978
665 4 2 1 1 1258 2670 2283 2855
666 4 2 1 1 2601 2938 2573 3798
667 4 2 1 1 1368 1147 1150 2586
668 4 2 1 1 3558 1114 3964 64
669 4 2 1 1 2359 2801 2077 2923
670 4 2 1 1 3964 63 64 1114
671 4 2 1 1 2071 2267 2635 2894
672 4 2 1 1 2132 2798 3151 3551
673 4 2 1 1 401 3949 2421 2680
674 4 2 1 1 2654 2767 2424 3048
675 4 2 1 1 2071 2641 2267 2894
676 4 2 1 1 2113 2601 2573 3798
677 4 2 1 1 1114 3964 2552 3558
678 4 2 1 1 2824 3081 2916 3393
679 4 2 1 1 433 2884 2605 3328
680 4 2 1 1 3851 2662 1553 2939
681 4 2 1 1 2374 3084 911 3216
682 4 2 1 1 2286 2415 2404 2872
683 4 2 1 1 2767 2894 2641 3237
684 4 2 1 1 3474 3964 2990 2552
685 4 2 1 1 3930 33 3994 1682
686 4 2 1 1 2423 2609 2235 2824
687 4 2 1 1 2163 2446 2372 2950
688 4 2 1 1 800 801 786 2353
689 4 2 1 1 2366 2482 2152 3100
690 4 2 1 1 873 744 849 2421
691 4 2 1 1 905 935 1035 2305
692 4 2 1 1 2270 3032 2424 2319
693 4 2 1 1 1187 2389 2856 2902
694 4 2 1 1 2103 3093 2639 3384
695 4 2 1 1 3774 3008 1206 2893
696 4 2 1 1 2278 2832 2559 3061
697 4 2 1 1 1405 2350 1404 2880
698 4 2 1 1 1404 2350 3742 2880
699 4 2 1 1 3224 3442 2600 2474
700 4 2 1 1 2299 2765 1578 3219
701 4 2 1 1 3930 1682 3994 3194
702 4 2 1 1 2626 2871 2583 2889
703 4 2 1 1 1565 2313 1606 3009
704 4 2 1 1 2583 2626 2190 3568
705 4 2 1 1 2498 2684 381 3147
706 4 2 1 1 2374 3113 2114 3545
707 4 2 1 1 3772 3337 3571 2525
708 4 2 1 1 2949 2952 2834 2290
709 4 2 1 1 563 519 3130 3300
710 4 2 1 1 2172 2482 2366 3027
711 4 2 1 1 1465 3994 3916 32
712 4 2 1 1 2357 2657 2161 2793
713 4 2 1 1 3994 33 32 1682
714 4 2 1 1 2313 2085 2697 3178
715 4 2 1 1 1465 3994 32 1682
716 4 2 1 1 2374 2114 3113 3359
717 4 2 1 1 2194 2601 2573 2782
718 4 2 1 1 3937 2567 219 3752
719 4 2 1 1 800 801 2353 2783
720 4 2 1 1 1196 2677 1199 2792
721 4 2 1 1 2200 2504 2376 2628
722 4 2 1 1 2121 2518 2301 3300
723 4 2 1 1 1369 2302 2807 3274
724 4 2 1 1 3340 3774 2965 1235
725 4 2 1 1 2346 2237 2799 3032
726 4 2 1 1 744 2421 2680 2815
727 4 2 1 1 2135 2767 2641 3237
728 4 2 1 1 2777 2875 2510 3195
729 4 2 1 1 2222 2889 2745 3710
730 4 2 1 1 2939 3394 2343 1561
731 4 2 1 1 2240 2649 2331 2931
732 4 2 1 1 2141 2319 2472 2799
733 4 2 1 1 2154 2702 2297 3630
734 4 2 1 1 2573 2601 2113 2782
735 4 2 1 1 2370 2936 2476 3212
736 4 2 1 1 2974 2794 1162 1349
737 4 2 1 1 2331 2240 2931 3339
738 4 2 1 1 2694 3045 2406 2167
739 4 2 1 1 2677 2174 3835 3395
740 4 2 1 1 2489 2490 2219 3491
741 4 2 1 1 3610 2610 2394 2534
742 4 2 1 1 2322 2137 2671 3855
743 4 2 1 1 2313 2678 1565 2979
744 4 2 1 1 1796 38 3 3993
745 4 2 1 1 1378 1161 2476 3002
746 4 2 1 1 2220 2337 2988 3055
747 4 2 1 1 2534 2610 2135 2897
748 4 2 1 1 2104 2897 2334 3120
749 4 2 1 1 3937 3993 38 1796
750 4 2 1 1 2230 2981 2785 3302
751 4 2 1 1 2936 3002 2476 3212
752 4 2 1 1 2280 2155 2595 3677
753 4 2 1 1 2981 3517 2341 3684
754 4 2 1 1 354 2283 391 3223
755 4 2 1 1 2136 2306 2542 3231
756 4 2 1 1 3937 3993 1796 3752
757 4 2 1 1 2970 3167 2714 364
758 4 2 1 1 2852 3855 2098 2671
759 4 2 1 1 2210 2654 2887 3048
760 4 2 1 1 1206 3008 3774 1225
761 4 2 1 1 2080 3296 2379 2505
762 4 2 1 1 2372 2446 2163 3099
763 4 2 1 1 2169 2713 2479 3015
764 4 2 1 1 2309 2087 2842 3260
765 4 2 1 1 1613 1744 3124 2276
766 4 2 1 1 2615 3152 871 3289
767 4 2 1 1 3743 3699 1071 2567
768 4 2 1 1 2236 2555 2817 2131
769 4 2 1 1 2133 2971 2484 3074
770 4 2 1 1 2528 2555 2236 2131
771 4 2 1 1 3992 1 21 859
772 4 2 1 1 2083 2294 2614 3389
773 4 2 1 1 2677 3835 2174 2291
774 4 2 1 1 2365 3033 2139 3781
775 4 2 1 1 2289 3324 2714 3455
776 4 2 1 1 2319 2550 2472 2975
777 4 2 1 1 226 2449 2495 3147
778 4 2 1 1 1388 2875 2593 3195
779 4 2 1 1 2095 2751 2397 3388
780 4 2 1 1 3200 2558 2180 2808
781 4 2 1 1 2149 2570 2339 3569
782 4 2 1 1 3419 2474 2105 3571
783 4 2 1 1 3396 2650 2669 2224
784 4 2 1 1 732 2362 3652 2726
785 4 2 1 1 558 2884 2487 3526
786 4 2 1 1 2400 2840 513 3695
787 4 2 1 1 2108 3318 2507 3660
788 4 2 1 1 2377 2586 1146 3185
789 4 2 1 1 2501 2099 2378 3372
790 4 2 1 1 3760 3084 914 2704
791 4 2 1 1 1614 2559 3061 3342
792 4 2 1 1 1496 1686 3092 3111
793 4 2 1 1 2170 2971 2405 3448
794 4 2 1 1 3268 2091 2448 2328
795 4 2 1 1 509 624 520 3406
796 4 2 1 1 2528 3113 2114 3359
797 4 2 1 1 2137 2852 2355 2895
798 4 2 1 1 972 1041 2384 3078
799 4 2 1 1 2694 3045 3220 2406
800 4 2 1 1 3992 140 859 2522
801 4 2 1 1 2133 2353 2655 3612
802 4 2 1 1 975 2464 2587 3114
803 4 2 1 1 1719 3342 2681 1459
804 4 2 1 1 1574 2682 2392 3069
805 4 2 1 1 2575 2920 2909 3668
806 4 2 1 1 2208 2960 2790 3421
807 4 2 1 1 414 3933 3992 21
808 4 2 1 1 2398 2790 2208 2960
809 4 2 1 1 3742 3599 1287 2880
810 4 2 1 1 2112 2609 2622 2503
811 4 2 1 1 1570 2765 2299 3348
812 4 2 1 1 2283 2670 1258 3287
813 4 2 1 1 391 2283 354 3164
814 4 2 1 1 2095 2820 2423 3761
815 4 2 1 1 2733 2847 2356 3417
816 4 2 1 1 3861 3121 453 455
817 4 2 1 1 2656 2820 2438 3067
818 4 2 1 1 3023 554 500 3202
819 4 2 1 1 2621 2659 2168 3010
820 4 2 1 1 2136 3250 2450 3350
821 4 2 1 1 2271 2150 3414 2912
822 4 2 1 1 2146 2703 2554 3294
823 4 2 1 1 2386 2494 2968 3197
824 4 2 1 1 3414 3621 2271 2080
825 4 2 1 1 3518 3855 2852 2355
826 4 2 1 1 1175 3483 2330 3812
827 4 2 1 1 2099 2307 2465 2899
828 4 2 1 1 2149 2339 2574 3569
829 4 2 1 1 2212 2926 2385 3582
830 4 2 1 1 2198 2834 2731 2936
831 4 2 1 1 3450 3544 2784 3606
832 4 2 1 1 2218 2422 2708 3336
833 4 2 1 1 2237 3032 2896 3177
834 4 2 1 1 3851 1553 2662 1547
835 4 2 1 1 3600 3760 2345 2688
836 4 2 1 1 2309 3413 2515 3736
837 4 2 1 1 2783 3188 3783 2338
838 4 2 1 1 767 2615 2460 2815
839 4 2 1 1 3232 3567 514 645
840 4 2 1 1 2409 2151 2371 3135
841 4 2 1 1 337 336 2574 2606
842 4 2 1 1 2338 2212 3188 3582
843 4 2 1 1 2160 2838 2798 3148
844 4 2 1 1 2740 2937 2337 2988
845 4 2 1 1 2385 2612 2148 3117
846 4 2 1 1 2430 3544 3450 3606
847 4 2 1 1 407 3898 2743 328
848 4 2 1 1 2367 3055 3803 3127
849 4 2 1 1 2170 2353 2971 3448
850 4 2 1 1 562 519 2518 3130
851 4 2 1 1 2593 2875 2777 3195
852 4 2 1 1 3600 3760 2688 2139
853 4 2 1 1 2837 3063 2568 3418
854 4 2 1 1 3620 3852 2153 2327
855 4 2 1 1 2105 3337 2525 3571
856 4 2 1 1 2981 3243 2439 3301
857 4 2 1 1 2213 3011 2582 3450
858 4 2 1 1 2068 2336 3086 3723
859 4 2 1 1 3200 2558 2808 3301
860 4 2 1 1 2954 3093 2322 3049
861 4 2 1 1 1258 2855 2283 3164
862 4 2 1 1 2402 3083 2502 3763
863 4 2 1 1 3396 2650 2224 2771
864 4 2 1 1 2507 3318 2836 3746
865 4 2 1 1 2724 3406 624 3488
866 4 2 1 1 2317 3467 2685 3613
867 4 2 1 1 2560 2714 2289 3324
868 4 2 1 1 2174 2661 2788 2833
869 4 2 1 1 2325 2165 2491 3320
870 4 2 1 1 2517 2941 2180 3125
871 4 2 1 1 515 2512 603 3298
872 4 2 1 1 2517 2180 2941 3414
873 4 2 1 1 3084 2374 2704 2139
874 4 2 1 1 1719 3342 1459 1745
875 4 2 1 1 2496 2824 2171 3393
876 4 2 1 1 2296 2662 3759 3851
877 4 2 1 1 2298 2679 2929 3725
878 4 2 1 1 3992 140 1 859
879 4 2 1 1 2924 3239 344 3270
880 4 2 1 1 2632 2850 2805 3382
881 4 2 1 1 2377 2604 3198 3316
882 4 2 1 1 2150 2271 2741 2912
883 4 2 1 1 1779 3226 2700 3358
884 4 2 1 1 3406 2187 2480 2301
885 4 2 1 1 2108 2507 3318 2361
886 4 2 1 1 3252 3463 3029 2259
887 4 2 1 1 3746 3318 3660 2507
888 4 2 1 1 3112 3585 2219 2678
889 4 2 1 1 294 2303 2624 3573
890 4 2 1 1 3619 2922 2868 2192
891 4 2 1 1 2306 2757 3012 3733
892 4 2 1 1 240 2560 238 3397
893 4 2 1 1 3861 453 3121 2648
894 4 2 1 1 2398 2819 2091 2879
895 4 2 1 1 2111 3301 3243 3311
896 4 2 1 1 489 513 2400 2840
897 4 2 1 1 2427 3438 3196 2124
898 4 2 1 1 2154 2297 2732 2823
899 4 2 1 1 289 2295 2611 3242
900 4 2 1 1 289 366 2295 3242
901 4 2 1 1 2083 2614 2294 3511
902 4 2 1 1 1175 2330 2723 3726
903 4 2 1 1 1367 2921 3163 3184
904 4 2 1 1 2479 3029 3021 3707
905 4 2 1 1 2496 3081 2824 3393
906 4 2 1 1 3808 3906 1412 2431
907 4 2 1 1 2076 2414 2798 3148
908 4 2 1 1 856 3411 2373 3281
909 4 2 1 1 2127 2317 2418 2828
910 4 2 1 1 2087 2633 2395 2901
911 4 2 1 1 1520 2800 2543 3595
912 4 2 1 1 2471 2747 2193 3258
913 4 2 1 1 2082 2948 2757 3201
914 4 2 1 1 794 792 803 2636
915 4 2 1 1 2575 2705 2193 3368
916 4 2 1 1 2392 2682 1557 3407
917 4 2 1 1 287 2813 2545 3743
918 4 2 1 1 463 2446 464 2935
919 4 2 1 1 3026 3154 2594 3236
920 4 2 1 1 3102 1202 2330 3812
921 4 2 1 1 2671 3384 2279 3680
922 4 2 1 1 2385 2148 2994 3117
923 4 2 1 1 2355 2792 2137 2895
924 4 2 1 1 1265 1266 2584 3356
925 4 2 1 1 2207 2613 2473 3087
926 4 2 1 1 2136 2450 2744 3350
927 4 2 1 1 736 2963 2736 3037
928 4 2 1 1 2362 2174 3590 3663
929 4 2 1 1 2184 2575 2758 2920
930 4 2 1 1 2291 2174 2677 2982
931 4 2 1 1 3253 2434 409 385
932 4 2 1 1 2116 2656 2446 3122
933 4 2 1 1 2125 2285 2715 2771
934 4 2 1 1 2283 3164 391 3248
935 4 2 1 1 3933 2522 3992 859
936 4 2 1 1 2345 2508 2233 3402
937 4 2 1 1 1314 2322 2792 2892
938 4 2 1 1 2507 3156 379 3223
939 4 2 1 1 401 2624 2421 295
940 4 2 1 1 1441 139 6 3943
941 4 2 1 1 2174 2661 2833 3157
942 4 2 1 1 242 241 2620 3003
943 4 2 1 1 1621 1767 3100 1676
944 4 2 1 1 1146 2586 2377 3184
945 4 2 1 1 2301 2553 2121 3559
946 4 2 1 1 2210 3048 2887 2458
947 4 2 1 1 2478 2842 2309 3234
948 4 2 1 1 214 2351 3446 3460
949 4 2 1 1 2268 3163 2921 3184
950 4 2 1 1 1616 2835 2763 1576
951 4 2 1 1 2426 2512 2104 3291
952 4 2 1 1 240 2620 2560 3397
953 4 2 1 1 3373 2267 2071 2641
954 4 2 1 1 2747 3258 2471 3494
955 4 2 1 1 2222 2969 2889 3710
956 4 2 1 1 2068 2472 2550 2975
957 4 2 1 1 2330 1202 3102 2802
958 4 2 1 1 2705 2853 2193 3368
959 4 2 1 1 2392 1557 2913 3407
960 4 2 1 1 226 2495 2449 3168
961 4 2 1 1 3100 1767 1621 2482
962 4 2 1 1 2495 2657 2189 3047
963 4 2 1 1 2469 2163 2436 3179
964 4 2 1 1 1546 3052 2915 3486
965 4 2 1 1 1558 1530 1528 3136
966 4 2 1 1 2328 2960 2459 3546
967 4 2 1 1 2398 3116 2790 3436
968 4 2 1 1 823 2735 2324 2851
969 4 2 1 1 2847 3417 2819 3542
970 4 2 1 1 2384 2640 2236 2817
971 4 2 1 1 2170 2582 2976 3011
972 4 2 1 1 2083 2294 3389 3502
973 4 2 1 1 1178 2468 2534 2918
974 4 2 1 1 2291 2174 3183 3835
975 4 2 1 1 395 2421 3949 3688
976 4 2 1 1 2116 2820 2656 3067
977 4 2 1 1 599 3263 2390 3439
978 4 2 1 1 2096 2288 3036 3332
979 4 2 1 1 2757 2948 2363 3201
980 4 2 1 1 1199 2892 2291 3714
981 4 2 1 1 2363 2757 3201 3428
982 4 2 1 1 2711 3943 139 1441
983 4 2 1 1 1439 50 2 3991
984 4 2 1 1 2309 2842 2087 3234
985 4 2 1 1 1652 2369 1595 2915
986 4 2 1 1 2160 2798 2414 3148
987 4 2 1 1 1091 1080 2420 3208
988 4 2 1 1 1185 1211 1181 2911
989 4 2 1 1 2177 2777 2510 3195
990 4 2 1 1 3619 2922 2192 2536
991 4 2 1 1 2931 2379 2092 3246
992 4 2 1 1 2189 2657 2300 3047
993 4 2 1 1 2168 2659 2621 3110
994 4 2 1 1 1565 2678 2313 3009
995 4 2 1 1 2144 2870 2373 3262
996 4 2 1 1 2783 3188 2338 2636
997 4 2 1 1 2519 2339 3207 3796
998 4 2 1 1 778 3077 3488 3001
999 4 2 1 1 899 3882 888 1006
1000 4 2 1 1 3600 2688 3101 2947
1001 4 2 1 1 3979 3991 50 1439
1002 4 2 1 1 562 563 519 3130
1003 4 2 1 1 3219 1662 1661 2837
1004 4 2 1 1 550 2685 2467 3467
1005 4 2 1 1 2937 3334 2284 2367
1006 4 2 1 1 2508 3600 3777 2667
1007 4 2 1 1 2297 2823 2590 3327
1008 4 2 1 1 2189 2300 2657 2965
1009 4 2 1 1 599 2390 3106 3439
1010 4 2 1 1 2074 2320 2499 3786
1011 4 2 1 1 786 2353 801 3276
1012 4 2 1 1 2530 2129 2526 3586
1013 4 2 1 1 2160 2515 3413 3736
1014 4 2 1 1 2298 2929 2679 3073
1015 4 2 1 1 2400 513 3385 3695
1016 4 2 1 1 3704 437 91 628
1017 4 2 1 1 2512 3298 515 3517
1018 4 2 1 1 3567 3232 3342 645
1019 4 2 1 1 1151 2652 3038 3476
1020 4 2 1 1 2278 3342 2681 3626
1021 4 2 1 1 2981 3517 479 3822
1022 4 2 1 1 2100 2500 2333 2962
1023 4 2 1 1 1195 2355 1377 2895
1024 4 2 1 1 2431 2470 2125 2796
1025 4 2 1 1 3084 2374 2139 3033
1026 4 2 1 1 853 844 768 3203
1027 4 2 1 1 2275 2561 2444 3686
1028 4 2 1 1 2080 2912 2271 3414
1029 4 2 1 1 2353 2783 801 3276
1030 4 2 1 1 569 2766 2559 2903
1031 4 2 1 1 1405 1200 1404 2350
1032 4 2 1 1 2722 2798 2160 2838
1033 4 2 1 1 2748 2794 2718 3758
1034 4 2 1 1 1132 2344 2868 3030
1035 4 2 1 1 3004 238 240 2560
1036 4 2 1 1 767 2615 871 3289
1037 4 2 1 1 2787 3324 2399 2124
1038 4 2 1 1 2361 2108 2917 3286
1039 4 2 1 1 3979 3991 1439 2709
1040 4 2 1 1 899 3882 1006 2874
1041 4 2 1 1 3704 91 437 3915
1042 4 2 1 1 313 2700 300 2813
1043 4 2 1 1 2072 2805 2850 3382
1044 4 2 1 1 2636 2655 2133 2783
1045 4 2 1 1 3619 2922 2536 3030
1046 4 2 1 1 3027 1741 2630 2473
1047 4 2 1 1 2121 3130 2683 3513
1048 4 2 1 1 2252 3020 2739 3685
1049 4 2 1 1 294 3344 2303 3573
1050 4 2 1 1 2227 2644 2471 3494
1051 4 2 1 1 3786 3220 3557 2500
1052 4 2 1 1 2252 2739 3020 3206
1053 4 2 1 1 2095 2397 2820 3761
1054 4 2 1 1 1616 2835 1576 1631
1055 4 2 1 1 1020 2985 2845 3525
1056 4 2 1 1 2202 2552 2990 3059
1057 4 2 1 1 1089 105 7 2738
1058 4 2 1 1 1577 2343 3394 1561
1059 4 2 1 1 1583 2597 2455 3299
1060 4 2 1 1 912 1053 931 2704
1061 4 2 1 1 3023 554 3202 2439
1062 4 2 1 1 2082 3201 2757 3428
1063 4 2 1 1 2704 910 1053 2985
1064 4 2 1 1 2621 2659 2269 3110
1065 4 2 1 1 2301 2518 2121 2750
1066 4 2 1 1 1765 2659 3010 3447
1067 4 2 1 1 1589 2800 2405 3617
1068 4 2 1 1 2317 2127 2674 2685
1069 4 2 1 1 2625 2871 2282 3070
1070 4 2 1 1 2579 2136 2433 3766
1071 4 2 1 1 2485 2219 2321 3247
1072 4 2 1 1 2577 2769 3181 3532
1073 4 2 1 1 2108 2507 2917 3536
1074 4 2 1 1 2907 2953 2613 3339
1075 4 2 1 1 732 2362 2726 822
1076 4 2 1 1 2184 2706 2515 2866
1077 4 2 1 1 2108 3150 2507 3536
1078 4 2 1 1 464 2935 2446 3099
1079 4 2 1 1 3551 3151 3364 2628
1080 4 2 1 1 2139 2667 2411 3600
1081 4 2 1 1 2976 3152 2213 3863
1082 4 2 1 1 2139 2508 2667 3600
1083 4 2 1 1 2262 2916 2824 3081
1084 4 2 1 1 2394 2534 2135 2942
1085 4 2 1 1 2139 2365 2667 3084
1086 4 2 1 1 2555 2561 2214 3457
1087 4 2 1 1 2530 2526 2129 2857
1088 4 2 1 1 2101 2494 2502 3083
1089 4 2 1 1 2071 2789 3278 3373
1090 4 2 1 1 2524 2610 3155 3790
1091 4 2 1 1 2738 3971 7 1089
1092 4 2 1 1 2812 2227 3189 3494
1093 4 2 1 1 379 3156 393 3223
1094 4 2 1 1 2917 3248 3536 3223
1095 4 2 1 1 2146 2469 2703 3294
1096 4 2 1 1 2324 2735 823 3399
1097 4 2 1 1 1264 2584 1266 3321
1098 4 2 1 1 997 999 3016 3459
1099 4 2 1 1 471 473 2981 3592
1100 4 2 1 1 3268 2969 3553 2448
1101 4 2 1 1 3074 2971 3276 2783
1102 4 2 1 1 2389 2637 2325 3072
1103 4 2 1 1 2517 2953 2907 3339
1104 4 2 1 1 2632 2462 2850 3382
1105 4 2 1 1 558 2487 2884 3452
1106 4 2 1 1 2214 2871 2625 3070
1107 4 2 1 1 2470 2796 2431 3860
1108 4 2 1 1 2111 3243 3301 2505
1109 4 2 1 1 1583 1533 2597 3299
1110 4 2 1 1 2336 2089 2812 3189
1111 4 2 1 1 3203 768 3575 2357
1112 4 2 1 1 3880 3967 2545 365
1113 4 2 1 1 2273 2664 2830 3578
1114 4 2 1 1 2348 2655 2133 2636
1115 4 2 1 1 2495 2657 1417 3357
1116 4 2 1 1 2528 2236 2640 2131
1117 4 2 1 1 2204 2877 2658 3172
1118 4 2 1 1 852 75 3972 3828
1119 4 2 1 1 2218 2708 2422 2997
1120 4 2 1 1 1798 2321 1625 3112
1121 4 2 1 1 2378 3334 2097 3731
1122 4 2 1 1 2284 3334 2937 3764
1123 4 2 1 1 3880 3967 365 46
1124 4 2 1 1 2969 3268 3148 2790
1125 4 2 1 1 2361 2836 2507 3318
1126 4 2 1 1 2451 2457 2304 3115
1127 4 2 1 1 2199 2770 2478 2842
1128 4 2 1 1 2997 3125 2941 3593
1129 4 2 1 1 2654 2424 2767 2078
1130 4 2 1 1 514 645 608 3232
1131 4 2 1 1 2154 2951 2318 3595
1132 4 2 1 1 2330 2864 2802 3419
1133 4 2 1 1 2121 3130 3513 2518
1134 4 2 1 1 1132 1227 2344 3030
1135 4 2 1 1 2109 2408 2758 3413
1136 4 2 1 1 2862 2331 2962 3339
1137 4 2 1 1 1254 1377 1195 2355
1138 4 2 1 1 2391 2556 2132 3732
1139 4 2 1 1 3234 2309 3413 2633
1140 4 2 1 1 2166 2490 2489 3108
1141 4 2 1 1 2380 2861 2626 3778
1142 4 2 1 1 2080 2781 2271 2912
1143 4 2 1 1 2785 2981 2230 3684
1144 4 2 1 1 2648 3533 453 3712
1145 4 2 1 1 3048 3186 2887 2458
1146 4 2 1 1 2171 2772 2496 3278
1147 4 2 1 1 1588 2591 1589 2800
1148 4 2 1 1 2141 2346 2472 3029
1149 4 2 1 1 2404 2415 2286 2843
1150 4 2 1 1 2141 2376 3021 3029
1151 4 2 1 1 1178 2534 2468 3303
1152 4 2 1 1 422 3242 3748 366
1153 4 2 1 1 2544 1429 2934 3097
1154 4 2 1 1 2892 2103 2322 2639
1155 4 2 1 1 3021 3029 2376 3707
1156 4 2 1 1 2574 2986 2855 3164
1157 4 2 1 1 2941 2997 2180 3125
1158 4 2 1 1 2569 2950 2164 2116
1159 4 2 1 1 422 3242 366 290
1160 4 2 1 1 2371 2151 2958 3135
1161 4 2 1 1 2583 2889 2871 3508
1162 4 2 1 1 2066 2601 2720 3380
1163 4 2 1 1 2434 409 326 3762
1164 4 2 1 1 2227 3092 2644 3494
1165 4 2 1 1 2976 3011 2213 3152
1166 4 2 1 1 775 3972 2724 3828
1167 4 2 1 1 3837 2342 3800 2116
1168 4 2 1 1 2130 2303 3589 2734
1169 4 2 1 1 2776 968 966 2434
1170 4 2 1 1 2970 236 2560 3397
1171 4 2 1 1 3969 67 68 839
1172 4 2 1 1 3969 865 67 839
1173 4 2 1 1 3020 3582 2212 2385
1174 4 2 1 1 956 2585 2607 1046
1175 4 2 1 1 669 3940 2565 3637
1176 4 2 1 1 1148 2586 2887 3185
1177 4 2 1 1 2361 2917 2108 2507
1178 4 2 1 1 615 3501 578 3521
1179 4 2 1 1 2066 2284 2937 3515
1180 4 2 1 1 2609 3629 2064 2968
1181 4 2 1 1 376 2768 2552 3153
1182 4 2 1 1 1445 3248 3164 3287
1183 4 2 1 1 2334 2426 2104 3291
1184 4 2 1 1 884 2351 3460 3446
1185 4 2 1 1 3074 3276 2971 2170
1186 4 2 1 1 1547 2946 2662 3759
1187 4 2 1 1 2517 3339 2907 3586
1188 4 2 1 1 2154 2297 2590 3630
1189 4 2 1 1 2141 2472 2376 3029
1190 4 2 1 1 2206 2864 2805 3741
1191 4 2 1 1 3224 3442 2474 3583
1192 4 2 1 1 2070 2290 2686 2731
1193 4 2 1 1 921 2863 2422 2930
1194 4 2 1 1 764 2546 848 2980
1195 4 2 1 1 2416 2191 3082 2703
1196 4 2 1 1 1448 2726 3590 3079
1197 4 2 1 1 2806 3048 2267 3378
1198 4 2 1 1 1542 1539 2327 3429
1199 4 2 1 1 1783 1462 179 3962
1200 4 2 1 1 2291 2174 2982 3183
1201 4 2 1 1 728 2362 2735 3652
1202 4 2 1 1 2099 2307 2899 2217
1203 4 2 1 1 2282 3007 2625 3070
1204 4 2 1 1 2306 2136 2651 3250
1205 4 2 1 1 3510 3711 2522 2166
1206 4 2 1 1 1143 2676 2377 3215
1207 4 2 1 1 2975 3032 2424 3174
1208 4 2 1 1 1505 1503 2791 3843
1209 4 2 1 1 2345 2233 2508 3777
1210 4 2 1 1 1057 2796 2431 3267
1211 4 2 1 1 2496 2896 2237 3032
1212 4 2 1 1 2992 3767 1731 3797
1213 4 2 1 1 2297 2702 2154 2732
1214 4 2 1 1 2112 2423 3144 3713
1215 4 2 1 1 2806 2641 2191 3378
1216 4 2 1 1 2141 3021 2479 3029
1217 4 2 1 1 2149 2574 2339 2606
1218 4 2 1 1 3027 1741 2473 1635
1219 4 2 1 1 2090 3249 2964 3781
1220 4 2 1 1 2244 2821 2694 2577
1221 4 2 1 1 2140 2455 2398 3346
1222 4 2 1 1 471 2981 2580 3592
1223 4 2 1 1 2346 3029 2665 3252
1224 4 2 1 1 1200 1404 2350 3274
1225 4 2 1 1 3357 1335 2519 2965
1226 4 2 1 1 340 3167 3126 3465
1227 4 2 1 1 2109 2758 2408 3076
1228 4 2 1 1 2073 2216 2493 3072
1229 4 2 1 1 2641 2416 2191 3378
1230 4 2 1 1 2177 2593 2777 3195
1231 4 2 1 1 2122 2424 3032 3174
1232 4 2 1 1 3837 3800 2342 2617
1233 4 2 1 1 1385 2457 2634 3115
1234 4 2 1 1 2206 2802 2864 3419
1235 4 2 1 1 3470 3278 2789 2171
1236 4 2 1 1 548 2685 550 3467
1237 4 2 1 1 271 263 2760 2778
1238 4 2 1 1 3874 2786 3616 2597
1239 4 2 1 1 2181 3128 2607 3158
1240 4 2 1 1 2986 392 3014 2441
1241 4 2 1 1 2971 3612 2133 2591
1242 4 2 1 1 2433 2542 2136 3306
1243 4 2 1 1 2524 3155 3479 3790
1244 4 2 1 1 2214 2625 3007 3070
1245 4 2 1 1 2335 3371 2519 2691
1246 4 2 1 1 2230 2981 3301 3311
1247 4 2 1 1 1462 1783 1803 3962
1248 4 2 1 1 2164 3051 2446 3869
1249 4 2 1 1 2446 3051 2372 3869
1250 4 2 1 1 2434 2619 385 3253
1251 4 2 1 1 1765 3962 1803 2659
1252 4 2 1 1 2168 2672 2659 3110
1253 4 2 1 1 241 2620 2403 3004
1254 4 2 1 1 2496 2772 2171 2824
1255 4 2 1 1 2640 2817 2384 3686
1256 4 2 1 1 2986 392 2441 353
1257 4 2 1 1 2668 2568 3063 3418
1258 4 2 1 1 2574 2606 336 3665
1259 4 2 1 1 2896 3032 2270 3177
1260 4 2 1 1 2136 2306 2450 3250
1261 4 2 1 1 2096 2658 2877 3103
1262 4 2 1 1 3055 3127 2367 3738
1263 4 2 1 1 596 479 3517 3822
1264 4 2 1 1 2147 2502 2402 3206
1265 4 2 1 1 3918 844 3203 3618
1266 4 2 1 1 2080 3609 3296 2505
1267 4 2 1 1 3967 880 3924 45
1268 4 2 1 1 3163 3038 1151 2652
1269 4 2 1 1 2875 2892 2185 3292
1270 4 2 1 1 2146 3294 2304 3310
1271 4 2 1 1 2398 2455 2140 3068
1272 4 2 1 1 2446 2950 2163 2116
1273 4 2 1 1 1790 2348 2655 2763
1274 4 2 1 1 2278 2352 2832 3061
1275 4 2 1 1 2780 3334 2378 3731
1276 4 2 1 1 2607 3158 3128 2890
1277 4 2 1 1 2776 968 2434 3064
1278 4 2 1 1 2543 2204 2689 2951
1279 4 2 1 1 2235 2824 2609 3629
1280 4 2 1 1 353 393 392 2441
1281 4 2 1 1 2575 2758 2920 3668
1282 4 2 1 1 2235 2609 2968 3629
1283 4 2 1 1 1618 2366 2682 3100
1284 4 2 1 1 2832 3308 2927 2092
1285 4 2 1 1 2184 2699 2575 2920
1286 4 2 1 1 45 3924 44 880
1287 4 2 1 1 2927 3308 2400 2092
1288 4 2 1 1 1744 2766 2276 2716
1289 4 2 1 1 2407 3727 2139 3781
1290 4 2 1 1 2191 3049 2554 3294
1291 4 2 1 1 2675 2791 1503 3843
1292 4 2 1 1 3967 880 3659 3924
1293 4 2 1 1 1035 905 2305 3359
1294 4 2 1 1 472 471 473 2981
1295 4 2 1 1 2189 2657 2495 3357
1296 4 2 1 1 2158 2618 2350 2869
1297 4 2 1 1 2214 2561 3070 3457
1298 4 2 1 1 3600 3101 2688 2345
1299 4 2 1 1 3212 3351 2335 3758
1300 4 2 1 1 2969 3268 2790 2091
1301 4 2 1 1 974 2587 3699 3078
1302 4 2 1 1 558 2487 614 3526
1303 4 2 1 1 2546 2696 848 2980
1304 4 2 1 1 27 26 3903 1460
1305 4 2 1 1 1273 1417 2657 3357
1306 4 2 1 1 2178 2721 2441 3660
1307 4 2 1 1 1585 3394 2939 1561
1308 4 2 1 1 3874 3616 2786 2288
1309 4 2 1 1 921 926 2863 2930
1310 4 2 1 1 1080 2730 2420 3208
1311 4 2 1 1 2544 1429 3097 1353
1312 4 2 1 1 1719 3342 1745 3626
1313 4 2 1 1 2087 2737 2633 2901
1314 4 2 1 1 2146 2304 2884 3310
1315 4 2 1 1 2294 3502 2083 3511
1316 4 2 1 1 3083 3089 2542 3733
1317 4 2 1 1 2864 3741 3419 2629
1318 4 2 1 1 2114 2528 2555 3545
1319 4 2 1 1 2378 2097 3334 3351
1320 4 2 1 1 2167 2406 2694 3370
1321 4 2 1 1 856 845 3262 3411
1322 4 2 1 1 1606 2313 1573 2983
1323 4 2 1 1 2122 2896 2496 3032
1324 4 2 1 1 2144 2870 3262 3742
1325 4 2 1 1 2155 2280 2788 3677
1326 4 2 1 1 2344 2922 2868 3030
1327 4 2 1 1 2571 2272 2337 3604
1328 4 2 1 1 2371 2938 2720 3257
1329 4 2 1 1 2220 2937 3334 3764
1330 4 2 1 1 489 595 513 2840
1331 4 2 1 1 2508 914 3367 3760
1332 4 2 1 1 2431 2796 1057 3860
1333 4 2 1 1 2250 2839 2463 2883
1334 4 2 1 1 2659 2672 2269 3110
1335 4 2 1 1 2184 2920 2758 3519
1336 4 2 1 1 1585 3394 1561 1689
1337 4 2 1 1 2299 1570 2818 3691
1338 4 2 1 1 2641 2191 2416 2703
1339 4 2 1 1 548 2685 3467 3613
1340 4 2 1 1 2425 2909 2176 3458
1341 4 2 1 1 2586 2775 1255 3655
1342 4 2 1 1 2272 2798 2722 2838
1343 4 2 1 1 2070 2686 2290 2745
1344 4 2 1 1 2066 2284 2720 2780
1345 4 2 1 1 2445 2946 2296 3284
1346 4 2 1 1 2237 3252 3802 2346
1347 4 2 1 1 2190 2626 2583 2889
1348 4 2 1 1 302 3964 2552 2990
1349 4 2 1 1 856 2373 3411 3262
1350 4 2 1 1 2508 3777 3600 2345
1351 4 2 1 1 2769 3198 2604 3316
1352 4 2 1 1 1039 3906 1012 881
1353 4 2 1 1 2158 2350 2618 2902
1354 4 2 1 1 2095 2589 3142 3388
1355 4 2 1 1 1605 2464 3010 3719
1356 4 2 1 1 515 603 2512 3521
1357 4 2 1 1 2464 1605 3255 3719
1358 4 2 1 1 409 385 304 3253
1359 4 2 1 1 2114 2374 3249 3831
1360 4 2 1 1 2352 3061 2278 3235
1361 4 2 1 1 2237 3252 2346 2665
1362 4 2 1 1 3163 3038 2652 2238
1363 4 2 1 1 2325 2637 2491 3072
1364 4 2 1 1 2442 2204 2658 2689
1365 4 2 1 1 2278 3232 2681 3342
1366 4 2 1 1 1187 1189 1188 2902
1367 4 2 1 1 2824 2916 2171 3393
1368 4 2 1 1 2317 1001 1003 3398
1369 4 2 1 1 2118 2668 2568 3063
1370 4 2 1 1 2185 2510 2452 2777
1371 4 2 1 1 1505 2791 3327 3843
1372 4 2 1 1 2084 2502 2945 3283
1373 4 2 1 1 2113 2714 3307 2547
1374 4 2 1 1 3910 3991 123 864
1375 4 2 1 1 2956 3010 1580 3797
1376 4 2 1 1 2066 2720 2513 3380
1377 4 2 1 1 2219 2490 2978 3585
1378 4 2 1 1 1177 2723 2255 3191
1379 4 2 1 1 1585 3394 1689 2929
1380 4 2 1 1 2674 3302 2477 3613
1381 4 2 1 1 2193 2853 2705 3587
1382 4 2 1 1 463 2656 2446 2935
1383 4 2 1 1 2132 2556 2391 2812
1384 4 2 1 1 2371 2938 3257 2083
1385 4 2 1 1 3760 3084 2704 2139
1386 4 2 1 1 2339 2149 2606 3132
1387 4 2 1 1 2138 2335 3351 3758
1388 4 2 1 1 2121 2553 2301 2750
1389 4 2 1 1 414 3933 21 398
1390 4 2 1 1 1287 2880 3599 1289
1391 4 2 1 1 2301 3077 2553 3559
1392 4 2 1 1 3921 1418 3248 1323
1393 4 2 1 1 1404 2807 2350 3274
1394 4 2 1 1 884 2351 3446 963
1395 4 2 1 1 2993 2195 2516 3838
1396 4 2 1 1 2073 3236 2520 3347
1397 4 2 1 1 2217 2970 2560 3397
1398 4 2 1 1 2156 2773 2454 3219
1399 4 2 1 1 2160 2722 2578 2798
1400 4 2 1 1 2296 3284 2946 3833
1401 4 2 1 1 2767 3048 2210 3378
1402 4 2 1 1 3742 3599 2880 2263
1403 4 2 1 1 2610 2897 2534 3120
1404 4 2 1 1 3296 3308 2826 3309
1405 4 2 1 1 849 2815 2421 744
1406 4 2 1 1 1460 3956 3903 3709
1407 4 2 1 1 3322 2383 3629 3466
1408 4 2 1 1 1771 3956 1460 3709
1409 4 2 1 1 2888 2446 466 3122
1410 4 2 1 1 401 2624 295 294
1411 4 2 1 1 2273 2643 2081 2664
1412 4 2 1 1 2658 2689 2204 2951
1413 4 2 1 1 3935 1684 3990 82
1414 4 2 1 1 1388 2593 1408 3195
1415 4 2 1 1 1684 82 81 3990
1416 4 2 1 1 2068 2797 2336 3723
1417 4 2 1 1 2796 2125 2431 3267
1418 4 2 1 1 2806 2641 3378 2267
1419 4 2 1 1 2205 2534 2468 3120
1420 4 2 1 1 2173 2475 2347 3288
1421 4 2 1 1 3898 1695 1470 2743
1422 4 2 1 1 2233 2667 2508 3777
1423 4 2 1 1 563 3130 2683 3300
1424 4 2 1 1 2979 2405 1716 2983
1425 4 2 1 1 2550 3604 2337 3857
1426 4 2 1 1 3935 1684 3039 3990
1427 4 2 1 1 2515 2758 2184 3602
1428 4 2 1 1 2168 3447 2659 3114
1429 4 2 1 1 2613 2473 3265 2890
1430 4 2 1 1 595 513 2840 3695
1431 4 2 1 1 2400 3308 3296 3309
1432 4 2 1 1 1573 2979 1716 2983
1433 4 2 1 1 2272 2337 3604 3857
1434 4 2 1 1 2098 2458 3048 3378
1435 4 2 1 1 1472 3990 81 3879
1436 4 2 1 1 2424 3032 2975 2319
1437 4 2 1 1 2989 3284 2296 3833
1438 4 2 1 1 2173 3296 2400 3308
1439 4 2 1 1 2162 3000 3141 2525
1440 4 2 1 1 1472 3990 3879 3039
1441 4 2 1 1 2721 3150 2441 3660
1442 4 2 1 1 2099 2307 2217 3849
1443 4 2 1 1 2226 2412 2914 3644
1444 4 2 1 1 1148 1146 2586 3185
1445 4 2 1 1 2477 3498 2674 3613
1446 4 2 1 1 2468 3120 2534 3717
1447 4 2 1 1 3891 1718 3955 2681
1448 4 2 1 1 2627 3767 2992 3797
1449 4 2 1 1 2139 2947 2688 3600
1450 4 2 1 1 1497 3111 2391 3732
1451 4 2 1 1 3470 3278 2171 2635
1452 4 2 1 1 2909 3028 2575 3335
1453 4 2 1 1 2112 3144 2436 3713
1454 4 2 1 1 2110 3116 3436 3473
1455 4 2 1 1 376 3153 2552 3558
1456 4 2 1 1 3891 1718 89 3955
1457 4 2 1 1 1718 90 89 3955
1458 4 2 1 1 3103 3171 2601 3524
1459 4 2 1 1 2114 2555 2528 2596
1460 4 2 1 1 2111 2558 2505 3301
1461 4 2 1 1 2073 2493 3236 3347
1462 4 2 1 1 2252 3149 2932 3283
1463 4 2 1 1 1373 1132 2344 2999
1464 4 2 1 1 1264 1265 1266 2584
1465 4 2 1 1 3179 2436 3384 3744
1466 4 2 1 1 2721 3014 2620 3156
1467 4 2 1 1 316 2498 3147 2660
1468 4 2 1 1 2411 2139 3727 3781
1469 4 2 1 1 1625 2321 3006 3112
1470 4 2 1 1 2131 2817 2640 3686
1471 4 2 1 1 832 802 2783 3783
1472 4 2 1 1 2442 2288 3332 3641
1473 4 2 1 1 173 3942 3944 1440
1474 4 2 1 1 2449 2684 228 3465
1475 4 2 1 1 2470 2125 2796 3539
1476 4 2 1 1 1412 3906 1106 1317
1477 4 2 1 1 2521 2912 2207 3087
1478 4 2 1 1 2373 2432 2263 3283
1479 4 2 1 1 1554 2653 3136 2913
1480 4 2 1 1 515 2512 3517 3521
1481 4 2 1 1 2366 2193 3028 3256
1482 4 2 1 1 2921 3325 2248 3409
1483 4 2 1 1 989 1091 1080 2420
1484 4 2 1 1 2150 2907 2941 3414
1485 4 2 1 1 2096 2509 2787 3644
1486 4 2 1 1 381 2684 2498 3815
1487 4 2 1 1 2279 3278 2789 3373
1488 4 2 1 1 3737 3514 771 3152
1489 4 2 1 1 2149 2339 2570 3132
1490 4 2 1 1 2543 2979 2697 3617
1491 4 2 1 1 2470 2796 2581 3539
1492 4 2 1 1 3914 886 1049 2551
1493 4 2 1 1 2954 3093 3049 2191
1494 4 2 1 1 2866 2871 2065 3254
1495 4 2 1 1 2378 3334 2780 3351
1496 4 2 1 1 2452 2510 2177 2777
1497 4 2 1 1 3942 3944 1440 2549
1498 4 2 1 1 864 3910 2709 836
1499 4 2 1 1 173 3942 1440 8
1500 4 2 1 1 2929 2679 2169 3725
1501 4 2 1 1 2674 3498 2317 3613
1502 4 2 1 1 302 3964 2990 373
1503 4 2 1 1 2771 2125 2285 2106
1504 4 2 1 1 2575 2699 2909 2920
1505 4 2 1 1 156 5 3989 1794
1506 4 2 1 1 1652 1597 1595 2369
1507 4 2 1 1 2335 3371 2691 3480
1508 4 2 1 1 2555 2214 3007 3457
1509 4 2 1 1 3743 3699 2159 3078
1510 4 2 1 1 903 2305 2845 935
1511 4 2 1 1 2170 2725 2353 3448
1512 4 2 1 1 2599 3088 1436 3440
1513 4 2 1 1 2159 2700 2567 2813
1514 4 2 1 1 3311 2232 3631 2558
1515 4 2 1 1 1652 1595 1732 2915
1516 4 2 1 1 2075 2575 2411 2699
1517 4 2 1 1 1373 1132 1227 2344
1518 4 2 1 1 1255 2586 1368 2775
1519 4 2 1 1 2165 2718 2748 2794
1520 4 2 1 1 2252 3449 3020 3685
1521 4 2 1 1 2334 2104 2426 2897
1522 4 2 1 1 2156 2454 2948 3219
1523 4 2 1 1 3940 3989 1794 156
1524 4 2 1 1 3112 1771 3709 2743
1525 4 2 1 1 2348 2133 2655 2763
1526 4 2 1 1 3054 3252 2843 2237
1527 4 2 1 1 1297 2322 2954 3445
1528 4 2 1 1 2431 1057 1023 3860
1529 4 2 1 1 2592 2646 2188 3372
1530 4 2 1 1 3023 3202 500 3481
1531 4 2 1 1 2357 2810 768 2904
1532 4 2 1 1 3993 49 3 1088
1533 4 2 1 1 2304 2146 2554 3294
1534 4 2 1 1 1041 970 972 2384
1535 4 2 1 1 227 2449 226 3147
1536 4 2 1 1 2509 3280 2787 3644
1537 4 2 1 1 1483 2347 1484 1482
1538 4 2 1 1 1616 2835 1631 2348
1539 4 2 1 1 2479 2665 2141 3029
1540 4 2 1 1 2246 2720 2601 2938
1541 4 2 1 1 2759 2834 2238 2949
1542 4 2 1 1 576 2605 433 2884
1543 4 2 1 1 2304 2554 2146 3017
1544 4 2 1 1 2847 2819 3417 2228
1545 4 2 1 1 2662 2946 2296 3759
1546 4 2 1 1 1008 2695 2738 3139
1547 4 2 1 1 1647 3282 3193 2442
1548 4 2 1 1 1197 2322 1297 3445
1549 4 2 1 1 2156 2363 2757 2948
1550 4 2 1 1 2307 2714 2592 2970
1551 4 2 1 1 3940 3989 2565 1794
1552 4 2 1 1 3600 3760 2139 2508
1553 4 2 1 1 2583 2969 2889 3508
1554 4 2 1 1 227 381 2684 3147
1555 4 2 1 1 2077 2923 2801 2275
1556 4 2 1 1 66 4 3988 1442
1557 4 2 1 1 2698 3056 2218 3554
1558 4 2 1 1 3212 3261 2335 3002
1559 4 2 1 1 2457 3115 1385 3529
1560 4 2 1 1 2387 3258 2747 3494
1561 4 2 1 1 2698 2125 3056 3554
1562 4 2 1 1 393 3156 2441 3223
1563 4 2 1 1 2092 2531 2342 2631
1564 4 2 1 1 2083 3502 2966 3511
1565 4 2 1 1 583 3946 2605 3877
1566 4 2 1 1 2599 3988 1442 66
1567 4 2 1 1 3715 3751 3669 2611
1568 4 2 1 1 2888 466 2446 3051
1569 4 2 1 1 1260 2476 2759 3360
1570 4 2 1 1 2407 2139 3033 3781
1571 4 2 1 1 3476 3750 2586 2652
1572 4 2 1 1 2629 3442 2330 2115
1573 4 2 1 1 2503 2518 3513 3720
1574 4 2 1 1 2548 2694 2142 2577
1575 4 2 1 1 2248 2921 2901 3325
1576 4 2 1 1 394 3936 3921 3248
1577 4 2 1 1 956 2585 1046 952
1578 4 2 1 1 3112 3709 1771 1798
1579 4 2 1 1 2225 2632 2603 3532
1580 4 2 1 1 2120 2722 2838 3604
1581 4 2 1 1 2793 2966 2516 2195
1582 4 2 1 1 3168 3047 2495 2449
1583 4 2 1 1 2469 2103 3179 3384
1584 4 2 1 1 3914 2551 1049 2910
1585 4 2 1 1 2141 2550 2988 3021
1586 4 2 1 1 1565 1573 2313 2979
1587 4 2 1 1 2078 2767 2654 3198
1588 4 2 1 1 2111 2505 2558 3096
1589 4 2 1 1 1287 3742 2880 1288
1590 4 2 1 1 2969 3148 3268 2222
1591 4 2 1 1 3825 2175 3408 2886
1592 4 2 1 1 2522 2736 736 3862
1593 4 2 1 1 2096 2658 2442 2877
1594 4 2 1 1 2178 2721 2620 3156
1595 4 2 1 1 2617 2406 2074 3045
1596 4 2 1 1 1642 1625 1798 2321
1597 4 2 1 1 2489 3108 2490 3491
1598 4 2 1 1 2066 2720 2284 3515
1599 4 2 1 1 687 688 2488 2943
1600 4 2 1 1 1647 3193 3282 1702
1601 4 2 1 1 2391 3111 2556 3732
1602 4 2 1 1 19 660 3987 3862
1603 4 2 1 1 2283 391 3223 3248
1604 4 2 1 1 988 2420 3330 3484
1605 4 2 1 1 3743 2159 3699 2567
1606 4 2 1 1 3344 660 3987 18
1607 4 2 1 1 949 3080 1047 3792
1608 4 2 1 1 3621 2080 2505 3609
1609 4 2 1 1 2921 1144 3184 1367
1610 4 2 1 1 2156 3063 2306 3231
1611 4 2 1 1 2490 3009 2978 3585
1612 4 2 1 1 2971 3612 2591 3448
1613 4 2 1 1 2368 2866 2065 3254
1614 4 2 1 1 3212 3261 3002 1183
1615 4 2 1 1 2156 2306 2642 3187
1616 4 2 1 1 3987 19 18 660
1617 4 2 1 1 3084 2374 3033 3216
1618 4 2 1 1 2376 2200 2779 2504
1619 4 2 1 1 2366 2630 1620 3256
1620 4 2 1 1 2220 3334 2937 2367
1621 4 2 1 1 2730 3208 1080 3431
1622 4 2 1 1 1388 2510 2875 3195
1623 4 2 1 1 583 3946 3877 114
1624 4 2 1 1 1208 1199 2677 3714
1625 4 2 1 1 2154 2689 2951 3595
1626 4 2 1 1 2324 3399 823 3782
1627 4 2 1 1 1501 2391 3304 3732
1628 4 2 1 1 660 3987 2736 3344
1629 4 2 1 1 687 2943 2488 3702
1630 4 2 1 1 2502 3206 2945 3283
1631 4 2 1 1 2101 3071 2749 3449
1632 4 2 1 1 1195 1254 2355 3445
1633 4 2 1 1 2412 2337 3095 3171
1634 4 2 1 1 2085 3011 2697 3178
1635 4 2 1 1 2564 3186 3177 3500
1636 4 2 1 1 3918 2810 844 3618
1637 4 2 1 1 2934 3085 2229 3097
1638 4 2 1 1 1357 2538 1249 3360
1639 4 2 1 1 1260 2476 3360 1378
1640 4 2 1 1 1260 2476 1378 1370
1641 4 2 1 1 3662 2816 2536 3823
1642 4 2 1 1 228 226 227 2449
1643 4 2 1 1 1542 2919 2327 3486
1644 4 2 1 1 2848 2885 1510 3550
1645 4 2 1 1 2983 3711 2313 3773
1646 4 2 1 1 271 254 263 2778
1647 4 2 1 1 2637 3177 2564 3186
1648 4 2 1 1 1609 2329 1540 3333
1649 4 2 1 1 3715 3669 3751 2511
1650 4 2 1 1 2127 2418 2317 2674
1651 4 2 1 1 2101 3071 3449 2417
1652 4 2 1 1 1577 2343 1561 1576
1653 4 2 1 1 3234 3413 2309 2478
1654 4 2 1 1 2096 2787 2509 3443
1655 4 2 1 1 3595 3441 3073 2318
1656 4 2 1 1 1144 1367 1145 3184
1657 4 2 1 1 2357 2793 2516 2195
1658 4 2 1 1 3033 3249 2374 3831
1659 4 2 1 1 3590 3157 2537 3663
1660 4 2 1 1 2573 2734 2257 3689
1661 4 2 1 1 2350 2311 2870 2880
1662 4 2 1 1 1675 3327 2732 3843
1663 4 2 1 1 660 2736 3987 3862
1664 4 2 1 1 3739 2172 2690 2521
1665 4 2 1 1 2366 2682 2152 3368
1666 4 2 1 1 3823 3331 526 3227
1667 4 2 1 1 354 2986 2283 3223
1668 4 2 1 1 2330 2864 2629 2115
1669 4 2 1 1 2643 3686 2444 2561
1670 4 2 1 1 2176 2548 2425 3458
1671 4 2 1 1 2184 2706 2407 2947
1672 4 2 1 1 2160 2414 2798 3801
1673 4 2 1 1 214 2351 3460 324
1674 4 2 1 1 3590 3157 3663 2174
1675 4 2 1 1 2580 2840 3243 3309
1676 4 2 1 1 2403 2620 3196 2124
1677 4 2 1 1 1565 1573 1606 2313
1678 4 2 1 1 3206 3283 2252 2692
1679 4 2 1 1 2590 2823 2340 3327
1680 4 2 1 1 2087 2737 2998 3260
1681 4 2 1 1 2164 2446 2961 2116
1682 4 2 1 1 2098 2852 2671 3500
1683 4 2 1 1 1314 1196 1199 2792
1684 4 2 1 1 3823 526 3331 600
1685 4 2 1 1 2579 2433 2136 3306
1686 4 2 1 1 1597 2369 1652 3052
1687 4 2 1 1 471 2981 3822 2580
1688 4 2 1 1 2247 3028 2526 3335
1689 4 2 1 1 3156 392 2441 3014
1690 4 2 1 1 2377 2676 3316 3780
1691 4 2 1 1 2946 1545 2445 3759
1692 4 2 1 1 340 3126 2761 3465
1693 4 2 1 1 2406 2694 2142 3220
1694 4 2 1 1 1426 3986 3902 55
1695 4 2 1 1 1287 2880 1289 1288
1696 4 2 1 1 1620 2630 2366 3027
1697 4 2 1 1 3896 1107 3986 2660
1698 4 2 1 1 2471 2575 3028 3335
1699 4 2 1 1 2403 3004 2620 2124
1700 4 2 1 1 2492 3125 2997 3593
1701 4 2 1 1 2473 2613 2129 3087
1702 4 2 1 1 615 578 613 3521
1703 4 2 1 1 3184 1143 1144 2676
1704 4 2 1 1 2699 3548 2345 3777
1705 4 2 1 1 2184 2758 2515 3519
1706 4 2 1 1 3458 3335 2260 2100
1707 4 2 1 1 378 289 366 3391
1708 4 2 1 1 1404 3742 2350 2807
1709 4 2 1 1 2234 2859 2532 3720
1710 4 2 1 1 2236 2587 2384 2817
1711 4 2 1 1 271 330 254 2444
1712 4 2 1 1 1499 1501 2391 3304
1713 4 2 1 1 2380 2626 3240 3778
1714 4 2 1 1 2114 3113 2528 3545
1715 4 2 1 1 2068 2376 2472 3086
1716 4 2 1 1 2630 1738 3256 3705
1717 4 2 1 1 2164 2961 2569 2116
1718 4 2 1 1 2247 2471 3028 3335
1719 4 2 1 1 2745 2889 2190 3710
1720 4 2 1 1 3896 1107 54 3986
1721 4 2 1 1 2086 2674 2418 2808
1722 4 2 1 1 2442 2658 2204 2877
1723 4 2 1 1 351 344 2924 3239
1724 4 2 1 1 2909 2920 2260 3668
1725 4 2 1 1 2268 2831 2652 3520
1726 4 2 1 1 2411 2699 2575 3727
1727 4 2 1 1 1774 3173 2786 3657
1728 4 2 1 1 2137 2311 2677 3395
1729 4 2 1 1 505 3408 2886 3825
1730 4 2 1 1 2437 2998 2737 3260
1731 4 2 1 1 2205 2876 2999 3464
1732 4 2 1 1 2237 3252 2843 3802
1733 4 2 1 1 2065 2368 2515 2866
1734 4 2 1 1 2414 2160 2996 3801
1735 4 2 1 1 687 2488 2419 3702
1736 4 2 1 1 2150 2941 2708 3414
1737 4 2 1 1 2411 2705 2575 3368
1738 4 2 1 1 2235 2609 2423 2503
1739 4 2 1 1 54 55 3986 1107
1740 4 2 1 1 1426 3986 55 1107
1741 4 2 1 1 3986 2660 1107 3353
1742 4 2 1 1 669 3129 772 3637
1743 4 2 1 1 1388 1326 2510 3195
1744 4 2 1 1 3230 684 701 2973
1745 4 2 1 1 2219 2978 2678 3585
1746 4 2 1 1 2617 2074 2406 2916
1747 4 2 1 1 2124 3004 2560 3324
1748 4 2 1 1 2198 2834 2759 2952
1749 4 2 1 1 2134 2402 2612 2385
1750 4 2 1 1 313 2813 287 3743
1751 4 2 1 1 1221 2410 2934 3085
1752 4 2 1 1 2666 3150 2721 3660
1753 4 2 1 1 2161 2357 2810 3618
1754 4 2 1 1 1197 2322 3445 2792
1755 4 2 1 1 3184 1144 1143 1145
1756 4 2 1 1 2156 2948 2757 3418
1757 4 2 1 1 3691 2668 3058 2299
1758 4 2 1 1 3895 1701 3985 3104
1759 4 2 1 1 2531 2753 2274 2961
1760 4 2 1 1 83 1461 1746 3875
1761 4 2 1 1 2901 3316 2921 2123
1762 4 2 1 1 1129 3633 3331 3619
1763 4 2 1 1 2829 2876 2285 2808
1764 4 2 1 1 2189 2965 2657 3357
1765 4 2 1 1 2760 2778 263 3673
1766 4 2 1 1 1003 2317 3398 3467
1767 4 2 1 1 2590 3327 2340 3551
1768 4 2 1 1 3380 3544 2430 3606
1769 4 2 1 1 2117 3068 2960 2879
1770 4 2 1 1 2201 2962 2931 3339
1771 4 2 1 1 2308 2663 2532 3861
1772 4 2 1 1 2198 2759 2538 2952
1773 4 2 1 1 2161 2657 2495 3047
1774 4 2 1 1 3895 1701 79 3985
1775 4 2 1 1 1194 2792 1195 2895
1776 4 2 1 1 1057 2431 1039 3267
1777 4 2 1 1 3130 3513 2518 3720
1778 4 2 1 1 2306 3012 2757 2642
1779 4 2 1 1 1573 2313 2979 2983
1780 4 2 1 1 2224 2535 2603 3355
1781 4 2 1 1 302 3964 373 211
1782 4 2 1 1 518 3300 3001 3406
1783 4 2 1 1 2205 2876 2701 3143
1784 4 2 1 1 2334 3120 2897 3237
1785 4 2 1 1 738 2736 736 2963
1786 4 2 1 1 1008 2695 1040 2738
1787 4 2 1 1 3219 1662 2837 2773
1788 4 2 1 1 3171 2658 2249 2412
1789 4 2 1 1 2234 2750 3540 2503
1790 4 2 1 1 2373 2263 2870 3283
1791 4 2 1 1 3737 3514 3152 2364
1792 4 2 1 1 2297 3327 2590 3551
1793 4 2 1 1 3606 2734 2782 2906
1794 4 2 1 1 3508 2214 3417 2923
1795 4 2 1 1 2176 3170 2548 3458
1796 4 2 1 1 2964 3249 3033 3781
1797 4 2 1 1 2776 968 3064 967
1798 4 2 1 1 2653 3549 1525 3771
1799 4 2 1 1 2653 3549 3771 3580
1800 4 2 1 1 2711 2726 787 3652
1801 4 2 1 1 1129 3331 3633 1318
1802 4 2 1 1 2727 3331 3633 3619
1803 4 2 1 1 2784 2460 2614 3844
1804 4 2 1 1 2970 2560 236 2714
1805 4 2 1 1 2076 2328 3268 3546
1806 4 2 1 1 3739 2207 2521 2719
1807 4 2 1 1 316 2498 2660 317
1808 4 2 1 1 3969 865 839 2711
1809 4 2 1 1 2691 3371 2965 2300
1810 4 2 1 1 2074 2617 2397 2916
1811 4 2 1 1 1549 2946 1545 3345
1812 4 2 1 1 629 585 575 3106
1813 4 2 1 1 2559 2766 2145 2903
1814 4 2 1 1 2193 2682 2366 3368
1815 4 2 1 1 2087 2395 2633 3234
1816 4 2 1 1 1515 2732 3062 3843
1817 4 2 1 1 2173 2347 2475 2883
1818 4 2 1 1 2132 2675 2556 3222
1819 4 2 1 1 1003 2828 2317 3467
1820 4 2 1 1 3952 2638 1029 2873
1821 4 2 1 1 2958 2966 2195 3838
1822 4 2 1 1 2317 1001 3398 3016
1823 4 2 1 1 2207 2912 2613 3087
1824 4 2 1 1 2286 2872 2404 3229
1825 4 2 1 1 2268 2921 2676 3184
1826 4 2 1 1 2449 3182 3168 3865
1827 4 2 1 1 2186 3197 2742 3572
1828 4 2 1 1 2609 2064 3629 2824
1829 4 2 1 1 1472 3985 3879 80
1830 4 2 1 1 1039 3906 881 2910
1831 4 2 1 1 2175 2413 2717 3825
1832 4 2 1 1 2727 3633 3331 1318
1833 4 2 1 1 2147 2612 2402 3763
1834 4 2 1 1 1195 2792 2355 2895
1835 4 2 1 1 3985 79 80 1701
1836 4 2 1 1 2474 2629 2105 3279
1837 4 2 1 1 2245 2629 2474 3279
1838 4 2 1 1 2274 2840 2580 3309
1839 4 2 1 1 2704 1053 910 912
1840 4 2 1 1 1472 3985 80 1701
1841 4 2 1 1 2360 2116 2961 3122
1842 4 2 1 1 2378 2936 2731 3731
1843 4 2 1 1 2466 2323 2525 3818
1844 4 2 1 1 2221 2639 3229 3680
1845 4 2 1 1 1438 3984 3914 2551
1846 4 2 1 1 2263 2432 2373 3411
1847 4 2 1 1 2411 2853 2705 3368
1848 4 2 1 1 2568 2668 2215 3691
1849 4 2 1 1 1438 3984 2551 1117
1850 4 2 1 1 2274 2753 2531 3041
1851 4 2 1 1 2277 3239 2924 3270
1852 4 2 1 1 1434 3984 3897 171
1853 4 2 1 1 2542 2749 2136 3306
1854 4 2 1 1 2210 2767 2654 3048
1855 4 2 1 1 2471 2644 2247 2747
1856 4 2 1 1 3164 3248 2283 3287
1857 4 2 1 1 2455 3040 2140 3068
1858 4 2 1 1 2120 2722 2478 2838
1859 4 2 1 1 2085 2313 2697 3416
1860 4 2 1 1 2205 2610 2534 3120
1861 4 2 1 1 2737 3770 3376 2566
1862 4 2 1 1 2956 3255 1605 3719
1863 4 2 1 1 394 2428 382 3248
1864 4 2 1 1 800 2655 2353 3791
1865 4 2 1 1 1662 2837 2773 3043
1866 4 2 1 1 2125 2470 2431 3694
1867 4 2 1 1 2210 2654 2767 3198
1868 4 2 1 1 3875 1746 84 3124
1869 4 2 1 1 2141 2376 2550 3021
1870 4 2 1 1 2893 2138 2410 3523
1871 4 2 1 1 254 330 249 2444
1872 4 2 1 1 3860 3840 1021 3423
1873 4 2 1 1 2080 2781 3609 3621
1874 4 2 1 1 170 171 3984 1117
1875 4 2 1 1 2425 2548 2176 3497
1876 4 2 1 1 2349 2523 2211 3402
1877 4 2 1 1 1497 2391 1501 3732
1878 4 2 1 1 2359 2819 2801 2923
1879 4 2 1 1 2671 2852 2404 3500
1880 4 2 1 1 2234 2750 2503 2518
1881 4 2 1 1 2154 2318 2823 3595
1882 4 2 1 1 1146 2377 1143 3184
1883 4 2 1 1 2457 3049 2103 3294
1884 4 2 1 1 3825 3859 2175 2886
1885 4 2 1 1 2104 2486 2512 3639
1886 4 2 1 1 719 2432 3821 819
1887 4 2 1 1 2130 2624 2303 2734
1888 4 2 1 1 3126 3167 2258 3465
1889 4 2 1 1 2370 2794 2748 3758
1890 4 2 1 1 2848 3050 2261 2329
1891 4 2 1 1 1434 3984 171 1117
1892 4 2 1 1 1580 2956 1605 3010
1893 4 2 1 1 2341 2512 2486 3517
1894 4 2 1 1 1265 2584 2928 3356
1895 4 2 1 1 2158 2564 2415 2852
1896 4 2 1 1 3474 3964 2552 1114
1897 4 2 1 1 2908 3171 3095 3380
1898 4 2 1 1 2957 3035 2999 2315
1899 4 2 1 1 2197 2600 2474 3224
1900 4 2 1 1 2207 2521 2741 2912
1901 4 2 1 1 3984 2551 1117 3107
1902 4 2 1 1 458 2663 2532 3263
1903 4 2 1 1 3737 3514 2364 2963
1904 4 2 1 1 2308 2532 3121 3861
1905 4 2 1 1 1196 1194 2677 2792
1906 4 2 1 1 2604 2654 2377 3198
1907 4 2 1 1 952 2585 949 3792
1908 4 2 1 1 2283 2986 354 3164
1909 4 2 1 1 1498 1500 1499 2707
1910 4 2 1 1 2140 2455 2382 3767
1911 4 2 1 1 2630 2972 1738 3705
1912 4 2 1 1 3882 1327 3885 2874
1913 4 2 1 1 2299 2082 2717 2948
1914 4 2 1 1 2776 968 967 966
1915 4 2 1 1 2603 3780 2535 2984
1916 4 2 1 1 2141 2550 2319 2988
1917 4 2 1 1 1431 3088 2461 3440
1918 4 2 1 1 3941 1087 2482 3245
1919 4 2 1 1 3882 1327 160 3885
1920 4 2 1 1 2766 2903 569 3317
1921 4 2 1 1 2458 2210 3048 3378
1922 4 2 1 1 2299 2082 2948 3418
1923 4 2 1 1 2312 1397 2918 3603
1924 4 2 1 1 674 3883 2396 3037
1925 4 2 1 1 160 161 3885 1327
1926 4 2 1 1 2957 2999 3035 1184
1927 4 2 1 1 2150 2741 2521 2912
1928 4 2 1 1 2944 3095 2337 3171
1929 4 2 1 1 1146 1143 1145 3184
1930 4 2 1 1 3120 2468 3143 3528
1931 4 2 1 1 849 2815 744 746
1932 4 2 1 1 2965 3371 2189 2300
1933 4 2 1 1 1483 2347 1482 3288
1934 4 2 1 1 3040 3068 2455 3682
1935 4 2 1 1 266 2813 2755 3674
1936 4 2 1 1 2150 2912 2521 3087
1937 4 2 1 1 2277 2288 2786 3641
1938 4 2 1 1 1626 2924 2786 3006
1939 4 2 1 1 1765 2621 2659 1669
1940 4 2 1 1 2181 2607 2585 3158
1941 4 2 1 1 3860 1021 3840 1022
1942 4 2 1 1 1296 1388 2510 2875
1943 4 2 1 1 2147 2402 2502 3763
1944 4 2 1 1 1520 1720 3073 3595
1945 4 2 1 1 3369 1698 3634 144
1946 4 2 1 1 3748 2295 366 3242
1947 4 2 1 1 949 2585 3080 3792
1948 4 2 1 1 3921 394 2428 2990
1949 4 2 1 1 2133 2783 2353 2971
1950 4 2 1 1 2112 2532 2663 2859
1951 4 2 1 1 2078 2604 2769 3198
1952 4 2 1 1 457 2532 458 2663
1953 4 2 1 1 800 2353 2655 2783
1954 4 2 1 1 2784 2906 2614 2460
1955 4 2 1 1 2214 3508 2583 2871
1956 4 2 1 1 1382 3002 2570 3261
1957 4 2 1 1 2327 2919 1542 3429
1958 4 2 1 1 1509 3441 1720 3595
1959 4 2 1 1 2304 2457 2451 3853
1960 4 2 1 1 983 3285 2898 3314
1961 4 2 1 1 2605 2841 578 3501
1962 4 2 1 1 2223 3632 3137 2535
1963 4 2 1 1 2101 2742 3197 3572
1964 4 2 1 1 2197 2600 3224 3264
1965 4 2 1 1 1217 1374 2802 3409
1966 4 2 1 1 964 2776 3460 2351
1967 4 2 1 1 1625 2321 1642 3006
1968 4 2 1 1 2208 2702 2297 3062
1969 4 2 1 1 2140 2382 2455 3346
1970 4 2 1 1 2960 3068 2398 2879
1971 4 2 1 1 2620 2124 2560 3747
1972 4 2 1 1 2168 3447 3114 2464
1973 4 2 1 1 1557 1556 1574 2392
1974 4 2 1 1 2123 2603 2535 3355
1975 4 2 1 1 1554 2653 2913 1721
1976 4 2 1 1 800 2655 798 2783
1977 4 2 1 1 2682 3256 3407 2193
1978 4 2 1 1 1166 1161 3002 3212
1979 4 2 1 1 2378 2731 2501 3372
1980 4 2 1 1 2111 2580 3041 3241
1981 4 2 1 1 983 3285 984 2898
1982 4 2 1 1 3406 3488 3001 518
1983 4 2 1 1 2855 2986 2283 3164
1984 4 2 1 1 2440 682 3863 3289
1985 4 2 1 1 2963 736 674 3037
1986 4 2 1 1 2490 2166 3009 3510
1987 4 2 1 1 1790 1616 2348 2763
1988 4 2 1 1 798 2783 2655 2636
1989 4 2 1 1 2410 3085 1221 3349
1990 4 2 1 1 2374 911 3084 2704
1991 4 2 1 1 3406 3001 3488 2301
1992 4 2 1 1 2252 3206 3020 3449
1993 4 2 1 1 1061 2910 2900 3267
1994 4 2 1 1 3634 143 144 1698
1995 4 2 1 1 2195 3838 2966 2516
1996 4 2 1 1 246 2356 245 3794
1997 4 2 1 1 47 3880 46 890
1998 4 2 1 1 2224 2603 2535 3632
1999 4 2 1 1 2106 2524 2610 3155
2000 4 2 1 1 2364 3011 2085 3178
2001 4 2 1 1 2707 3740 3111 2752
2002 4 2 1 1 2620 3196 2124 3747
2003 4 2 1 1 738 736 727 2963
2004 4 2 1 1 3461 2728 3259 2452
2005 4 2 1 1 1385 2634 2457 3292
2006 4 2 1 1 2480 2518 2234 3666
2007 4 2 1 1 1184 2957 1393 3035
2008 4 2 1 1 2140 3068 3040 3751
2009 4 2 1 1 2791 1501 3304 3732
2010 4 2 1 1 3863 683 681 682
2011 4 2 1 1 2142 3220 2694 3765
2012 4 2 1 1 3805 1293 1216 3190
2013 4 2 1 1 2691 2965 2519 3340
2014 4 2 1 1 2593 2875 1388 3714
2015 4 2 1 1 2861 2995 2626 3778
2016 4 2 1 1 2978 3009 2678 3585
2017 4 2 1 1 2234 2750 2518 2480
2018 4 2 1 1 774 2565 3931 3828
2019 4 2 1 1 2160 2798 2578 3801
2020 4 2 1 1 2149 2855 2574 2986
2021 4 2 1 1 3697 3851 2939 2662
2022 4 2 1 1 2655 2763 2133 3612
2023 4 2 1 1 2415 2564 2237 3500
2024 4 2 1 1 2349 2211 2523 3180
2025 4 2 1 1 2771 3562 2850 2603
2026 4 2 1 1 2167 2406 2617 3045
2027 4 2 1 1 2119 2405 2800 3617
2028 4 2 1 1 2366 1620 1619 3256
2029 4 2 1 1 3805 1216 1293 1295
2030 4 2 1 1 458 2532 3211 3263
2031 4 2 1 1 2537 3157 3034 3821
2032 4 2 1 1 2178 2666 2721 3660
2033 4 2 1 1 2911 1237 1181 3191
2034 4 2 1 1 2676 3735 2921 2123
2035 4 2 1 1 2669 2470 2650 2125
2036 4 2 1 1 949 1047 953 3792
2037 4 2 1 1 2383 2589 2153 3142
2038 4 2 1 1 2669 2470 3321 2650
2039 4 2 1 1 3743 3929 48 397
2040 4 2 1 1 2195 3008 2793 3098
2041 4 2 1 1 3340 3774 1235 1359
2042 4 2 1 1 271 330 2444 3253
2043 4 2 1 1 651 134 3920 869
2044 4 2 1 1 2683 565 2452 3461
2045 4 2 1 1 2076 2790 2328 2960
2046 4 2 1 1 2236 2555 2528 3545
2047 4 2 1 1 2451 2634 2457 3115
2048 4 2 1 1 1132 2868 2344 2999
2049 4 2 1 1 2199 2842 2478 3234
2050 4 2 1 1 2084 2945 2692 3283
2051 4 2 1 1 2994 3544 3716 2513
2052 4 2 1 1 1187 2856 1189 2902
2053 4 2 1 1 2463 2250 2883 3609
2054 4 2 1 1 1574 2392 1556 3069
2055 4 2 1 1 2122 2896 3032 2424
2056 4 2 1 1 3649 2915 2369 3142
2057 4 2 1 1 3926 1469 3983 2700
2058 4 2 1 1 856 3262 3661 2373
2059 4 2 1 1 3276 3783 3074 2783
2060 4 2 1 1 2380 2710 3228 3568
2061 4 2 1 1 2326 3040 3068 3751
2062 4 2 1 1 3163 3325 2921 3409
2063 4 2 1 1 2854 3367 914 3760
2064 4 2 1 1 2165 2748 2370 2794
2065 4 2 1 1 2578 2996 2160 3801
2066 4 2 1 1 3926 1469 36 3983
2067 4 2 1 1 2524 2645 2610 3790
2068 4 2 1 1 1273 2657 2965 3357
2069 4 2 1 1 2887 3186 2654 3681
2070 4 2 1 1 2737 2566 2115 2437
2071 4 2 1 1 2187 2301 2724 3077
2072 4 2 1 1 2413 2480 2187 2717
2073 4 2 1 1 2085 2978 2313 3416
2074 4 2 1 1 1162 2794 2370 3758
2075 4 2 1 1 952 949 953 3792
2076 4 2 1 1 2208 2297 2891 3062
2077 4 2 1 1 2600 2255 3224 3264
2078 4 2 1 1 2280 3624 2735 3845
2079 4 2 1 1 2164 2274 3241 2753
2080 4 2 1 1 2218 2808 2708 2997
2081 4 2 1 1 3746 3660 3318 2481
2082 4 2 1 1 3393 2617 2406 2916
2083 4 2 1 1 2173 2839 2400 3296
2084 4 2 1 1 2518 2480 2301 3406
2085 4 2 1 1 439 3990 3039 3879
2086 4 2 1 1 2455 2597 1583 3682
2087 4 2 1 1 36 35 3983 1469
2088 4 2 1 1 1732 2915 1595 3625
2089 4 2 1 1 591 2695 537 2738
2090 4 2 1 1 1618 1621 1620 2366
2091 4 2 1 1 3559 872 3077 2553
2092 4 2 1 1 3743 48 896 1038
2093 4 2 1 1 2603 3780 2123 2535
2094 4 2 1 1 3390 2196 3808 2957
2095 4 2 1 1 2356 3417 2847 3542
2096 4 2 1 1 2098 2458 3378 3734
2097 4 2 1 1 2441 3014 2721 3156
2098 4 2 1 1 2338 2212 3582 2926
2099 4 2 1 1 1733 2387 1727 2913
2100 4 2 1 1 2278 2559 2832 3567
2101 4 2 1 1 2603 2224 3217 2771
2102 4 2 1 1 2707 2752 2128 3740
2103 4 2 1 1 1195 2355 2792 3445
2104 4 2 1 1 3413 2758 3519 2515
2105 4 2 1 1 914 2508 915 3084
2106 4 2 1 1 2508 2523 2233 3402
2107 4 2 1 1 2830 2273 2768 3648
2108 4 2 1 1 849 2815 746 3277
2109 4 2 1 1 2214 2561 2555 2643
2110 4 2 1 1 2362 2726 2177 3652
2111 4 2 1 1 2362 2177 2735 3652
2112 4 2 1 1 2575 2699 2184 3727
2113 4 2 1 1 1274 1436 3088 3440
2114 4 2 1 1 2559 2832 2145 3061
2115 4 2 1 1 1778 3983 3934 35
2116 4 2 1 1 2179 2552 3153 3558
2117 4 2 1 1 2277 2786 2288 3036
2118 4 2 1 1 2132 2675 3222 3801
2119 4 2 1 1 1382 2570 1210 3261
2120 4 2 1 1 3073 3595 2318 3690
2121 4 2 1 1 2242 2555 2528 2131
2122 4 2 1 1 2285 2829 2701 2876
2123 4 2 1 1 2366 1619 1620 1618
2124 4 2 1 1 1778 3983 35 1469
2125 4 2 1 1 3983 2700 1469 3226
2126 4 2 1 1 2121 2503 2518 3513
2127 4 2 1 1 453 3533 605 3712
2128 4 2 1 1 2111 2558 3311 3631
2129 4 2 1 1 2108 2507 3150 3660
2130 4 2 1 1 1652 2369 2915 3052
2131 4 2 1 1 2326 2541 2117 3173
2132 4 2 1 1 2515 2706 2184 3519
2133 4 2 1 1 1790 1616 1631 2348
2134 4 2 1 1 2415 2237 2564 3054
2135 4 2 1 1 1482 1484 1581 2347
2136 4 2 1 1 2299 2668 2568 3691
2137 4 2 1 1 2528 2555 2242 2596
2138 4 2 1 1 2196 2910 2551 3390
2139 4 2 1 1 3564 3594 2892 2639
2140 4 2 1 1 2621 1558 3010 3670
2141 4 2 1 1 2482 2882 2152 2420
2142 4 2 1 1 2492 2180 2997 3125
2143 4 2 1 1 3922 1477 3982 2567
2144 4 2 1 1 2793 3008 2300 3098
2145 4 2 1 1 605 3533 453 480
2146 4 2 1 1 341 3168 2449 3182
2147 4 2 1 1 2608 3106 2276 3124
2148 4 2 1 1 2707 2128 2504 3740
2149 4 2 1 1 1577 2343 1576 2763
2150 4 2 1 1 1296 1388 1326 2510
2151 4 2 1 1 2437 2115 2737 2998
2152 4 2 1 1 84 83 1746 3875
2153 4 2 1 1 2087 2998 2901 3325
2154 4 2 1 1 2204 2543 2697 3531
2155 4 2 1 1 3922 1477 175 3982
2156 4 2 1 1 2519 2965 2691 3371
2157 4 2 1 1 2315 2999 2876 3464
2158 4 2 1 1 3773 3374 2085 2364
2159 4 2 1 1 2330 2600 2474 3571
2160 4 2 1 1 3639 2727 3528 2486
2161 4 2 1 1 2190 2889 2583 2969
2162 4 2 1 1 1589 2405 2591 3448
2163 4 2 1 1 3120 3143 2468 2205
2164 4 2 1 1 2893 2138 3523 2754
2165 4 2 1 1 3451 2413 1754 3104
2166 4 2 1 1 3639 3528 2727 2468
2167 4 2 1 1 2397 2617 2342 3800
2168 4 2 1 1 3876 2634 1104 3381
2169 4 2 1 1 3982 175 174 1477
2170 4 2 1 1 2414 3343 2110 3473
2171 4 2 1 1 2187 2301 3077 3201
2172 4 2 1 1 2645 3237 2610 3790
2173 4 2 1 1 2580 2274 3041 3241
2174 4 2 1 1 2698 1042 3031 929
2175 4 2 1 1 2301 3406 2724 3488
2176 4 2 1 1 2335 3212 2936 3351
2177 4 2 1 1 2154 2914 2702 3630
2178 4 2 1 1 2103 3594 2639 2892
2179 4 2 1 1 2125 3539 2470 2650
2180 4 2 1 1 2113 2714 2547 2289
2181 4 2 1 1 1237 2911 2529 3191
2182 4 2 1 1 1613 2276 3124 3826
2183 4 2 1 1 2945 3206 2692 3283
2184 4 2 1 1 2129 2907 2613 3339
2185 4 2 1 1 2133 2636 2926 3213
2186 4 2 1 1 2277 3006 3332 3641
2187 4 2 1 1 3578 2429 2991 3405
2188 4 2 1 1 1061 1005 2900 2910
2189 4 2 1 1 2200 2628 2376 3707
2190 4 2 1 1 2539 3382 2688 3667
2191 4 2 1 1 3982 3993 1088 3752
2192 4 2 1 1 2657 1417 3204 2495
2193 4 2 1 1 2173 2347 2846 3288
2194 4 2 1 1 989 2420 1080 2730
2195 4 2 1 1 2185 2457 2451 2634
2196 4 2 1 1 2328 2448 2427 3438
2197 4 2 1 1 1208 2677 2982 3714
2198 4 2 1 1 2469 3093 2103 3384
2199 4 2 1 1 2104 3338 2426 3717
2200 4 2 1 1 2181 537 3218 2695
2201 4 2 1 1 2993 3534 2195 3838
2202 4 2 1 1 2665 2259 3029 3870
2203 4 2 1 1 2479 2858 3029 3707
2204 4 2 1 1 2612 2665 3054 2520
2205 4 2 1 1 2661 2932 719 3596
2206 4 2 1 1 3982 3993 174 1088
2207 4 2 1 1 2112 2423 2609 2503
2208 4 2 1 1 2476 2936 2370 3320
2209 4 2 1 1 3518 3855 2355 2458
2210 4 2 1 1 3949 849 873 656
2211 4 2 1 1 2710 2745 3146 2437
2212 4 2 1 1 2069 2402 2612 3763
2213 4 2 1 1 2612 3054 2665 2147
2214 4 2 1 1 3982 2567 1477 3752
2215 4 2 1 1 2691 2754 3098 2300
2216 4 2 1 1 3627 3042 2881 2159
2217 4 2 1 1 3649 2369 2915 2588
2218 4 2 1 1 2958 2195 3534 3838
2219 4 2 1 1 2570 3002 1382 3360
2220 4 2 1 1 3941 1087 3245 887
2221 4 2 1 1 2161 3204 2657 3618
2222 4 2 1 1 2458 3734 2098 3855
2223 4 2 1 1 3911 1783 3981 3140
2224 4 2 1 1 3911 1783 180 3981
2225 4 2 1 1 2295 3068 2819 3751
2226 4 2 1 1 2664 3405 2776 3560
2227 4 2 1 1 179 180 1783 3981
2228 4 2 1 1 2431 1023 1057 1039
2229 4 2 1 1 2332 2770 3055 2319
2230 4 2 1 1 2546 1286 3482 3742
2231 4 2 1 1 1669 2621 3651 1668
2232 4 2 1 1 179 993 3981 3962
2233 4 2 1 1 3824 613 577 2841
2234 4 2 1 1 3510 3711 2166 3009
2235 4 2 1 1 2355 2809 1377 2895
2236 4 2 1 1 2309 2065 2515 3376
2237 4 2 1 1 3140 3981 3962 1783
2238 4 2 1 1 401 2624 294 2680
2239 4 2 1 1 2480 2750 2301 3201
2240 4 2 1 1 2147 2945 2502 3206
2241 4 2 1 1 3824 577 613 617
2242 4 2 1 1 2086 2876 2829 2808
2243 4 2 1 1 2268 2901 2921 3325
2244 4 2 1 1 2735 3624 2324 3845
2245 4 2 1 1 1597 2716 2369 3052
2246 4 2 1 1 246 2836 2356 3794
2247 4 2 1 1 2671 2852 3229 2404
2248 4 2 1 1 2140 2819 3068 3751
2249 4 2 1 1 2223 3632 2535 2984
2250 4 2 1 1 3980 3160 100 879
2251 4 2 1 1 1448 1330 2726 3079
2252 4 2 1 1 251 237 3324 3455
2253 4 2 1 1 3518 3855 2458 2098
2254 4 2 1 1 992 3966 3699 2464
2255 4 2 1 1 2236 2640 2384 3271
2256 4 2 1 1 2541 3270 2774 3638
2257 4 2 1 1 100 99 3980 879
2258 4 2 1 1 289 2611 2295 2847
2259 4 2 1 1 2780 2284 3334 2367
2260 4 2 1 1 2235 2589 2423 2824
2261 4 2 1 1 2408 2478 2160 3413
2262 4 2 1 1 3980 879 99 3467
2263 4 2 1 1 271 2444 2760 3253
2264 4 2 1 1 2319 2770 2550 2975
2265 4 2 1 1 3594 2892 2185 2875
2266 4 2 1 1 2069 2612 2402 2385
2267 4 2 1 1 1515 2732 1711 3062
2268 4 2 1 1 2745 3013 2309 3736
2269 4 2 1 1 2103 2639 2453 3384
2270 4 2 1 1 1651 2700 2567 3255
2271 4 2 1 1 2119 2800 2543 3617
2272 4 2 1 1 2278 2832 2352 3721
2273 4 2 1 1 2193 2575 2471 3258
2274 4 2 1 1 1805 2348 3538 1790
2275 4 2 1 1 3856 3126 3432 2547
2276 4 2 1 1 1539 3333 2327 3429
2277 4 2 1 1 2937 2284 3347 3515
2278 4 2 1 1 1499 1502 1501 3304
2279 4 2 1 1 2301 3001 3300 3406
2280 4 2 1 1 2248 2901 2998 3325
2281 4 2 1 1 2079 3259 2622 3513
2282 4 2 1 1 2704 2854 2239 3525
2283 4 2 1 1 3311 2232 2558 2533
2284 4 2 1 1 2694 2821 2406 2142
2285 4 2 1 1 3980 2467 879 3467
2286 4 2 1 1 541 2451 2634 3712
2287 4 2 1 1 2363 2642 2156 2757
2288 4 2 1 1 1609 2329 3333 3362
2289 4 2 1 1 2179 3153 2599 3558
2290 4 2 1 1 2610 3237 2645 3645
2291 4 2 1 1 2308 2436 3179 3744
2292 4 2 1 1 2225 3019 2850 3170
2293 4 2 1 1 2222 3013 2745 3736
2294 4 2 1 1 2427 2448 2328 3268
2295 4 2 1 1 2215 2445 3142 3284
2296 4 2 1 1 2362 2593 2177 2726
2297 4 2 1 1 1541 1539 3333 3486
2298 4 2 1 1 393 2441 353 3223
2299 4 2 1 1 1180 1220 2410 2893
2300 4 2 1 1 2297 2208 2891 3421
2301 4 2 1 1 2697 2979 2405 3617
2302 4 2 1 1 2309 2515 2065 3131
2303 4 2 1 1 3980 879 2467 3160
2304 4 2 1 1 2174 2814 2677 2982
2305 4 2 1 1 2313 2697 2405 3178
2306 4 2 1 1 1046 2585 2607 3238
2307 4 2 1 1 3966 3255 3699 2464
2308 4 2 1 1 2446 2935 2163 3099
2309 4 2 1 1 1498 1500 2707 2752
2310 4 2 1 1 2609 2824 3713 2772
2311 4 2 1 1 1791 153 152 3908
2312 4 2 1 1 3406 2187 2301 2724
2313 4 2 1 1 2334 2104 2623 3291
2314 4 2 1 1 3796 3665 3353 2339
2315 4 2 1 1 3786 3557 3220 2320
2316 4 2 1 1 2333 2694 3220 3765
2317 4 2 1 1 3595 3073 3441 1720
2318 4 2 1 1 2160 3413 2478 3736
2319 4 2 1 1 2645 3434 2610 3645
2320 4 2 1 1 1438 3984 1117 170
2321 4 2 1 1 2746 3029 2259 3870
2322 4 2 1 1 3910 2709 836 2810
2323 4 2 1 1 2452 2510 2185 3175
2324 4 2 1 1 2601 2720 2194 2938
2325 4 2 1 1 2603 2984 2535 3632
2326 4 2 1 1 2065 2515 2706 2866
2327 4 2 1 1 2160 2478 2408 2722
2328 4 2 1 1 2336 2068 2504 3375
2329 4 2 1 1 2103 3594 2892 2185
2330 4 2 1 1 439 3879 2413 3104
2331 4 2 1 1 2454 2156 2363 3094
2332 4 2 1 1 3419 2474 3571 2330
2333 4 2 1 1 3230 2440 3289 684
2334 4 2 1 1 2158 2415 2564 2216
2335 4 2 1 1 2496 2171 3278 3393
2336 4 2 1 1 638 446 622 2565
2337 4 2 1 1 2215 2445 2915 3142
2338 4 2 1 1 2503 2647 2121 2955
2339 4 2 1 1 2519 2498 2189 3371
2340 4 2 1 1 1190 2895 2902 3251
2341 4 2 1 1 3856 3432 3126 2257
2342 4 2 1 1 1377 2355 1254 3516
2343 4 2 1 1 2242 2712 2596 3018
2344 4 2 1 1 2065 2515 2368 3131
2345 4 2 1 1 2320 2074 2406 3220
2346 4 2 1 1 2154 2318 2951 3176
2347 4 2 1 1 2313 3711 3009 3773
2348 4 2 1 1 2121 2647 2503 3513
2349 4 2 1 1 2455 3116 2398 3346
2350 4 2 1 1 2250 2839 2883 3296
2351 4 2 1 1 364 236 2714 2970
2352 4 2 1 1 2133 3354 2484 3492
2353 4 2 1 1 2883 3128 2347 2475
2354 4 2 1 1 2099 3132 2339 3849
2355 4 2 1 1 1557 1554 2392 2913
2356 4 2 1 1 3908 1791 153 3775
2357 4 2 1 1 2280 2728 3624 3845
2358 4 2 1 1 1313 3964 3474 1114
2359 4 2 1 1 575 3106 3124 3317
2360 4 2 1 1 3018 2830 2664 3341
2361 4 2 1 1 2645 3237 2767 3645
2362 4 2 1 1 2153 2499 3547 3852
2363 4 2 1 1 1531 2800 1589 3617
2364 4 2 1 1 2081 2729 2380 2861
2365 4 2 1 1 1148 2887 1201 3185
2366 4 2 1 1 2509 3103 2601 3524
2367 4 2 1 1 2484 3354 2713 3492
2368 4 2 1 1 796 3250 793 3350
2369 4 2 1 1 1572 1706 1560 2835
2370 4 2 1 1 2282 2871 2866 3254
2371 4 2 1 1 2662 3290 2835 3766
2372 4 2 1 1 2184 2407 2706 2866
2373 4 2 1 1 2135 3237 2610 3645
2374 4 2 1 1 2911 1181 1237 1211
2375 4 2 1 1 2410 1180 2893 3523
2376 4 2 1 1 2861 2481 2143 3318
2377 4 2 1 1 2207 2473 2613 2890
2378 4 2 1 1 2442 2689 2658 2288
2379 4 2 1 1 2996 3597 3574 3602
2380 4 2 1 1 3027 1741 1635 1622
2381 4 2 1 1 2242 2664 2776 3560
2382 4 2 1 1 2407 2947 2706 3504
2383 4 2 1 1 488 2840 2839 3592
2384 4 2 1 1 2995 2625 2626 3675
2385 4 2 1 1 2414 2996 2160 3755
2386 4 2 1 1 2292 3574 3597 3602
2387 4 2 1 1 2432 3169 2263 3283
2388 4 2 1 1 3932 1346 1110 2537
2389 4 2 1 1 2133 2926 2579 3213
2390 4 2 1 1 1565 1536 1573 2979
2391 4 2 1 1 2112 2859 2663 3144
2392 4 2 1 1 3461 2728 2452 2683
2393 4 2 1 1 2068 3579 2722 3604
2394 4 2 1 1 1431 1274 3088 3440
2395 4 2 1 1 2397 2342 3067 3800
2396 4 2 1 1 3691 3058 2668 2215
2397 4 2 1 1 3646 652 130 807
2398 4 2 1 1 2698 1042 929 945
2399 4 2 1 1 3908 2773 1791 3775
2400 4 2 1 1 3077 2301 3428 3201
2401 4 2 1 1 2173 2826 3296 3308
2402 4 2 1 1 424 3994 3930 33
2403 4 2 1 1 2348 2744 2136 2835
2404 4 2 1 1 1515 2732 1675 1711
2405 4 2 1 1 2299 2082 2668 3058
2406 4 2 1 1 3220 3786 3566 2500
2407 4 2 1 1 2065 2625 2626 2871
2408 4 2 1 1 2125 3267 2796 3832
2409 4 2 1 1 2391 2707 2504 3740
2410 4 2 1 1 2107 2422 2941 2997
2411 4 2 1 1 1596 2588 2276 1594
2412 4 2 1 1 1046 3238 2607 3810
2413 4 2 1 1 823 2851 2324 3495
2414 4 2 1 1 719 2432 819 2932
2415 4 2 1 1 424 3994 33 208
2416 4 2 1 1 2807 3482 1286 3742
2417 4 2 1 1 2629 2864 2330 3419
2418 4 2 1 1 1768 2348 1631 2835
2419 4 2 1 1 2234 2557 2390 2859
2420 4 2 1 1 517 3023 500 3481
2421 4 2 1 1 2855 2574 1281 3569
2422 4 2 1 1 2714 3307 2307 2592
2423 4 2 1 1 2065 3131 2368 3254
2424 4 2 1 1 553 3408 505 3825
2425 4 2 1 1 2078 2654 2604 3198
2426 4 2 1 1 2108 2380 2729 3318
2427 4 2 1 1 2904 3277 2294 3865
2428 4 2 1 1 2348 2136 2744 3350
2429 4 2 1 1 2421 2130 2680 2815
2430 4 2 1 1 214 2351 324 323
2431 4 2 1 1 185 875 2690 184
2432 4 2 1 1 2150 2941 2530 3326
2433 4 2 1 1 229 227 381 2684
2434 4 2 1 1 3451 2413 3104 2187
2435 4 2 1 1 744 2815 2680 3745
2436 4 2 1 1 3802 2804 2346 3252
2437 4 2 1 1 2388 2782 2257 3722
2438 4 2 1 1 494 479 2785 3517
2439 4 2 1 1 2130 2680 2624 2421
2440 4 2 1 1 2468 3603 2727 3639
2441 4 2 1 1 2148 2409 2594 3205
2442 4 2 1 1 2683 2728 2452 3845
2443 4 2 1 1 457 2532 2663 3861
2444 4 2 1 1 1472 2413 1753 3039
2445 4 2 1 1 1214 1213 2875 2892
2446 4 2 1 1 2666 3150 3757 2721
2447 4 2 1 1 2861 2481 3318 3568
2448 4 2 1 1 2280 2595 2155 3596
2449 4 2 1 1 2694 3045 2167 2333
2450 4 2 1 1 2290 3146 2745 3260
2451 4 2 1 1 1004 2900 3754 3787
2452 4 2 1 1 247 2733 252 2847
2453 4 2 1 1 3154 3347 2284 3515
2454 4 2 1 1 2088 2594 2764 3026
2455 4 2 1 1 2137 2322 2639 3564
2456 4 2 1 1 2141 2799 2346 2665
2457 4 2 1 1 2346 2799 2237 2665
2458 4 2 1 1 2478 3413 2309 3736
2459 4 2 1 1 2077 2359 2923 3070
2460 4 2 1 1 2519 2189 2498 2660
2461 4 2 1 1 2690 185 1456 2719
2462 4 2 1 1 728 2735 2362 3366
2463 4 2 1 1 1581 2347 1484 3265
2464 4 2 1 1 3512 1343 3979 51
2465 4 2 1 1 3743 3699 3078 981
2466 4 2 1 1 2136 2749 2579 3306
2467 4 2 1 1 2139 3033 2365 3084
2468 4 2 1 1 3142 3052 2915 2369
2469 4 2 1 1 3979 50 51 1343
2470 4 2 1 1 50 3979 1439 1343
2471 4 2 1 1 2449 2495 2189 3047
2472 4 2 1 1 2691 3098 2754 2138
2473 4 2 1 1 2193 2747 2471 3028
2474 4 2 1 1 2619 3627 2545 3674
2475 4 2 1 1 3900 1788 3037 2522
2476 4 2 1 1 2412 2226 3171 3644
2477 4 2 1 1 2068 2550 3579 3604
2478 4 2 1 1 2287 3313 2844 3563
2479 4 2 1 1 2094 2628 2590 3427
2480 4 2 1 1 2670 1328 1182 2940
2481 4 2 1 1 541 3115 2451 3452
2482 4 2 1 1 3112 3585 1771 2743
2483 4 2 1 1 2536 2816 2477 3823
2484 4 2 1 1 2299 2668 2082 3418
2485 4 2 1 1 3546 3530 3854 2571
2486 4 2 1 1 822 2362 2726 3079
2487 4 2 1 1 3979 2709 1343 3512
2488 4 2 1 1 2148 2994 2409 3205
2489 4 2 1 1 691 2739 2488 3685
2490 4 2 1 1 2088 2594 3026 3154
2491 4 2 1 1 892 3966 3922 3699
2492 4 2 1 1 3876 1104 2634 3115
2493 4 2 1 1 2135 2767 3237 3645
2494 4 2 1 1 2111 2825 2558 3631
2495 4 2 1 1 2138 2335 2691 3351
2496 4 2 1 1 2236 2587 2817 3477
2497 4 2 1 1 2384 2817 2587 3627
2498 4 2 1 1 1781 2464 1605 3255
2499 4 2 1 1 664 675 2396 3634
2500 4 2 1 1 2094 3427 2590 3176
2501 4 2 1 1 2261 2933 2329 3050
2502 4 2 1 1 2471 2247 2644 3635
2503 4 2 1 1 697 2417 2932 3162
2504 4 2 1 1 2084 2870 2869 2311
2505 4 2 1 1 3761 2617 2916 2397
2506 4 2 1 1 2410 2893 1220 2934
2507 4 2 1 1 2791 1501 3732 1503
2508 4 2 1 1 2419 2764 2144 3221
2509 4 2 1 1 2860 3689 2130 3389
2510 4 2 1 1 2201 2862 2962 3339
2511 4 2 1 1 2157 2437 2949 2998
2512 4 2 1 1 2791 3304 2391 3732
2513 4 2 1 1 1596 2369 1595 1597
2514 4 2 1 1 2662 2381 3290 3766
2515 4 2 1 1 2908 3095 2513 3380
2516 4 2 1 1 2139 2407 2947 3727
2517 4 2 1 1 1257 1249 2538 2855
2518 4 2 1 1 2328 2459 3280 3546
2519 4 2 1 1 3738 2337 2944 2367
2520 4 2 1 1 2225 2769 2603 2984
2521 4 2 1 1 2380 2626 2861 3568
2522 4 2 1 1 2064 3252 2804 3802
2523 4 2 1 1 2441 2986 353 3223
2524 4 2 1 1 247 252 371 2847
2525 4 2 1 1 2081 2380 2729 3583
2526 4 2 1 1 2084 3169 2870 2311
2527 4 2 1 1 3578 2991 2429 2179
2528 4 2 1 1 3979 1439 1343 2709
2529 4 2 1 1 394 382 204 3248
2530 4 2 1 1 2312 2918 1397 3313
2531 4 2 1 1 1373 2344 1227 3390
2532 4 2 1 1 2377 3198 2223 3780
2533 4 2 1 1 2144 2692 2373 2870
2534 4 2 1 1 3790 3155 2701 2610
2535 4 2 1 1 1773 3978 3905 29
2536 4 2 1 1 1370 1378 1161 2476
2537 4 2 1 1 2226 2944 2337 3171
2538 4 2 1 1 2582 3011 2170 3450
2539 4 2 1 1 2550 3055 2337 3604
2540 4 2 1 1 2493 2718 2284 3764
2541 4 2 1 1 2801 2819 2228 2923
2542 4 2 1 1 2683 2452 3454 3845
2543 4 2 1 1 2652 2831 2126 3520
2544 4 2 1 1 1059 2521 2690 3330
2545 4 2 1 1 2471 3335 2247 3635
2546 4 2 1 1 2333 2201 2631 3053
2547 4 2 1 1 2379 2201 2517 3490
2548 4 2 1 1 2068 2336 2797 3375
2549 4 2 1 1 3743 3699 981 1071
2550 4 2 1 1 2328 3280 2427 3546
2551 4 2 1 1 1621 1620 2366 3027
2552 4 2 1 1 2994 3544 2409 2102
2553 4 2 1 1 2640 2528 924 3475
2554 4 2 1 1 2581 2470 3539 2650
2555 4 2 1 1 3790 2701 3155 3479
2556 4 2 1 1 966 2776 2434 3460
2557 4 2 1 1 1178 2918 2534 3563
2558 4 2 1 1 2603 3780 2984 2769
2559 4 2 1 1 2215 3284 3142 3322
2560 4 2 1 1 2268 2921 2901 3316
2561 4 2 1 1 248 254 249 2778
2562 4 2 1 1 2111 2825 3096 2558
2563 4 2 1 1 1378 3002 2476 3360
2564 4 2 1 1 2333 2631 2201 2962
2565 4 2 1 1 2596 3675 2925 2114
2566 4 2 1 1 226 2495 225 3147
2567 4 2 1 1 2345 2233 2865 3402
2568 4 2 1 1 1431 1246 2461 3088
2569 4 2 1 1 2509 2787 2289 3443
2570 4 2 1 1 2101 3071 2417 3012
2571 4 2 1 1 2100 2862 2425 3335
2572 4 2 1 1 2299 2717 2082 3058
2573 4 2 1 1 3739 3087 2521 2207
2574 4 2 1 1 1335 1247 1427 2519
2575 4 2 1 1 2889 2969 2190 3710
2576 4 2 1 1 2621 3651 2392 3654
2577 4 2 1 1 2121 2518 2503 2750
2578 4 2 1 1 2415 2852 2404 2872
2579 4 2 1 1 1397 2312 3005 3603
2580 4 2 1 1 2884 3017 2605 3328
2581 4 2 1 1 2208 2297 2702 3421
2582 4 2 1 1 2654 2424 2078 3377
2583 4 2 1 1 2433 2579 3015 3306
2584 4 2 1 1 841 759 3060 3415
2585 4 2 1 1 839 865 670 2711
2586 4 2 1 1 2121 2553 2750 3210
2587 4 2 1 1 1276 3882 2874 1327
2588 4 2 1 1 2708 2941 2422 2997
2589 4 2 1 1 3646 3097 841 2696
2590 4 2 1 1 2134 3020 2402 2385
2591 4 2 1 1 2714 3167 3307 2547
2592 4 2 1 1 2228 2755 2611 3715
2593 4 2 1 1 3015 3766 2579 2433
2594 4 2 1 1 2108 2729 2380 3109
2595 4 2 1 1 3665 3569 2574 2339
2596 4 2 1 1 2936 3212 2370 3351
2597 4 2 1 1 2106 2610 2701 3155
2598 4 2 1 1 434 3875 2608 3935
2599 4 2 1 1 3978 30 29 1452
2600 4 2 1 1 2412 2658 3531 2951
2601 4 2 1 1 2517 2941 2907 3414
2602 4 2 1 1 3756 2506 1612 1508
2603 4 2 1 1 1541 1542 1539 3486
2604 4 2 1 1 2590 3427 2340 3176
2605 4 2 1 1 2802 2864 2330 2115
2606 4 2 1 1 2710 2745 2437 2190
2607 4 2 1 1 3023 495 554 2439
2608 4 2 1 1 2113 2714 2289 2592
2609 4 2 1 1 2158 2350 3251 2311
2610 4 2 1 1 1581 2347 3265 2890
2611 4 2 1 1 251 235 237 3455
2612 4 2 1 1 2373 2252 3283 2692
2613 4 2 1 1 2459 2328 3280 3468
2614 4 2 1 1 3969 2851 530 2711
2615 4 2 1 1 2391 2132 2791 3732
2616 4 2 1 1 2946 2445 1545 3345
2617 4 2 1 1 2458 2887 1316 3516
2618 4 2 1 1 2456 2173 2846 3626
2619 4 2 1 1 2276 2716 2766 3698
2620 4 2 1 1 2133 2348 2636 3213
2621 4 2 1 1 2860 3689 3389 2258
2622 4 2 1 1 2214 2626 2625 2871
2623 4 2 1 1 3756 1612 2506 3118
2624 4 2 1 1 3546 3530 2571 2226
2625 4 2 1 1 2680 2815 2130 3745
2626 4 2 1 1 2892 3049 2322 2103
2627 4 2 1 1 1228 1198 1362 2677
2628 4 2 1 1 30 1452 3978 3657
2629 4 2 1 1 1004 3754 3016 3787
2630 4 2 1 1 2116 2446 2961 3122
2631 4 2 1 1 1452 2924 3978 3657
2632 4 2 1 1 2641 3378 2767 3615
2633 4 2 1 1 2903 2766 3698 3317
2634 4 2 1 1 2392 2292 3136 2231
2635 4 2 1 1 3168 341 308 3182
2636 4 2 1 1 2392 3651 3069 3654
2637 4 2 1 1 2370 3351 3212 3758
2638 4 2 1 1 2518 3361 3130 3720
2639 4 2 1 1 2287 2844 3425 3563
2640 4 2 1 1 929 3031 2698 3091
2641 4 2 1 1 1773 3978 29 1452
2642 4 2 1 1 2644 2747 1511 3705
2643 4 2 1 1 2515 3131 2309 3736
2644 4 2 1 1 3909 829 3977 72
2645 4 2 1 1 800 2353 786 3791
2646 4 2 1 1 2603 2805 2632 2850
2647 4 2 1 1 72 71 829 3977
2648 4 2 1 1 2467 2685 2317 3467
2649 4 2 1 1 1169 2538 2759 2940
2650 4 2 1 1 2156 2837 2773 3219
2651 4 2 1 1 821 3768 834 3250
2652 4 2 1 1 821 3768 703 834
2653 4 2 1 1 2184 2462 2920 3519
2654 4 2 1 1 2619 3627 3674 3686
2655 4 2 1 1 2413 2765 1754 3348
2656 4 2 1 1 936 2497 928 3091
2657 4 2 1 1 3909 829 2576 3977
2658 4 2 1 1 2110 2996 2414 3755
2659 4 2 1 1 691 2488 3161 3685
2660 4 2 1 1 1279 2519 3796 3353
2661 4 2 1 1 2150 2912 2907 3414
2662 4 2 1 1 1273 1417 1402 2657
2663 4 2 1 1 2453 2639 2221 3384
2664 4 2 1 1 3384 2436 2453 3744
2665 4 2 1 1 3027 1741 1622 2630
2666 4 2 1 1 1217 3409 2802 3726
2667 4 2 1 1 3977 71 829 3495
2668 4 2 1 1 1618 1619 1575 2682
2669 4 2 1 1 2080 3096 2517 3414
2670 4 2 1 1 905 3046 2305 3359
2671 4 2 1 1 2173 2456 3308 3626
2672 4 2 1 1 2454 2773 2156 3094
2673 4 2 1 1 3965 866 127 3904
2674 4 2 1 1 2585 2607 2207 3158
2675 4 2 1 1 1207 2754 1359 3774
2676 4 2 1 1 2850 3192 2358 2771
2677 4 2 1 1 2783 3188 2636 832
2678 4 2 1 1 1482 2347 1581 3128
2679 4 2 1 1 3777 2411 3600 2699
2680 4 2 1 1 1221 2410 1220 2934
2681 4 2 1 1 585 3106 629 3408
2682 4 2 1 1 1103 3965 127 3904
2683 4 2 1 1 689 2739 2419 2488
2684 4 2 1 1 2072 2688 2539 3382
2685 4 2 1 1 3192 2850 3075 3101
2686 4 2 1 1 2587 2881 2817 3477
2687 4 2 1 1 2803 3053 2694 2167
2688 4 2 1 1 1270 2443 3088 3642
2689 4 2 1 1 1214 2892 2875 3292
2690 4 2 1 1 2405 2979 2313 2983
2691 4 2 1 1 2082 3540 2503 3605
2692 4 2 1 1 2829 2533 2232 2701
2693 4 2 1 1 3865 2860 3047 2449
2694 4 2 1 1 3183 2177 3065 2362
2695 4 2 1 1 3934 2511 3226 1457
2696 4 2 1 1 2590 2628 2340 3427
2697 4 2 1 1 2150 3326 2530 3696
2698 4 2 1 1 2263 3169 2870 3283
2699 4 2 1 1 3664 1079 3792 2695
2700 4 2 1 1 313 2567 314 2700
2701 4 2 1 1 829 3495 2576 3977
2702 4 2 1 1 2691 2754 2965 3340
2703 4 2 1 1 1587 1731 1742 3767
2704 4 2 1 1 2682 3256 2193 2366
2705 4 2 1 1 829 2576 3495 3782
2706 4 2 1 1 1531 1588 1589 2800
2707 4 2 1 1 1642 2321 1798 3709
2708 4 2 1 1 2141 2988 2740 3021
2709 4 2 1 1 2967 2989 2383 3284
2710 4 2 1 1 2263 3262 2870 3742
2711 4 2 1 1 1116 53 52 3841
2712 4 2 1 1 1768 2348 2835 2744
2713 4 2 1 1 233 2714 2547 3167
2714 4 2 1 1 337 2574 352 2986
2715 4 2 1 1 1562 3219 2837 3691
2716 4 2 1 1 3737 3514 2963 771
2717 4 2 1 1 2201 2333 2962 3607
2718 4 2 1 1 2995 2596 2555 3675
2719 4 2 1 1 2068 3086 3174 3723
2720 4 2 1 1 2425 2862 2526 3335
2721 4 2 1 1 2332 2770 2319 2199
2722 4 2 1 1 2161 2810 3204 3618
2723 4 2 1 1 2283 2986 2855 3150
2724 4 2 1 1 347 344 3239 3270
2725 4 2 1 1 1190 2895 2809 2902
2726 4 2 1 1 2992 1559 3670 3797
2727 4 2 1 1 2213 2460 2784 3844
2728 4 2 1 1 2068 2550 2770 2975
2729 4 2 1 1 1621 1618 1676 3100
2730 4 2 1 1 3665 3569 2339 3796
2731 4 2 1 1 3077 3428 2301 2553
2732 4 2 1 1 2519 3353 2339 3796
2733 4 2 1 1 2227 3092 2556 3111
2734 4 2 1 1 2133 2338 2636 2783
2735 4 2 1 1 2518 2301 2480 2750
2736 4 2 1 1 2817 2881 2587 3627
2737 4 2 1 1 3451 2413 2187 2765
2738 4 2 1 1 3665 3569 3796 1352
2739 4 2 1 1 1310 3390 2910 3808
2740 4 2 1 1 2064 2804 3081 3802
2741 4 2 1 1 2173 3288 2846 3626
2742 4 2 1 1 2175 3039 2413 3825
2743 4 2 1 1 921 2422 2863 3813
2744 4 2 1 1 3557 3786 2500 3820
2745 4 2 1 1 3451 2413 2765 1754
2746 4 2 1 1 2138 2691 2335 2754
2747 4 2 1 1 248 249 2733 2778
2748 4 2 1 1 2570 2855 1249 3569
2749 4 2 1 1 2691 2965 2754 2300
2750 4 2 1 1 257 2507 3794 3156
2751 4 2 1 1 1674 2885 2848 3362
2752 4 2 1 1 3913 531 530 2851
2753 4 2 1 1 2135 3237 2641 3392
2754 4 2 1 1 2474 3025 2596 3279
2755 4 2 1 1 848 2696 2546 3646
2756 4 2 1 1 2441 3156 2507 3223
2757 4 2 1 1 3748 2295 3242 3068
2758 4 2 1 1 52 3512 1116 3841
2759 4 2 1 1 2080 2505 3096 3414
2760 4 2 1 1 2277 2924 2541 3270
2761 4 2 1 1 2768 2202 2830 3648
2762 4 2 1 1 2466 2323 3571 2525
2763 4 2 1 1 2156 2642 2363 3094
2764 4 2 1 1 226 224 2495 3168
2765 4 2 1 1 3913 531 626 530
2766 4 2 1 1 2213 2906 2784 2460
2767 4 2 1 1 2335 3371 2099 2519
2768 4 2 1 1 2313 2405 2697 2979
2769 4 2 1 1 2588 3625 2915 3649
2770 4 2 1 1 2109 2632 2462 3170
2771 4 2 1 1 2400 3296 2839 3309
2772 4 2 1 1 2138 2748 2718 3758
2773 4 2 1 1 2148 2937 3347 3515
2774 4 2 1 1 2230 2685 2674 3301
2775 4 2 1 1 2704 2854 914 3760
2776 4 2 1 1 2421 3865 2294 3277
2777 4 2 1 1 2202 2552 2768 3642
2778 4 2 1 1 3024 2812 3189 2336
2779 4 2 1 1 488 2839 3202 3592
2780 4 2 1 1 3865 3047 2860 3502
2781 4 2 1 1 2201 3053 2333 3607
2782 4 2 1 1 1249 2570 1382 3360
2783 4 2 1 1 2099 2378 3480 2335
2784 4 2 1 1 2753 3041 2274 3241
2785 4 2 1 1 3580 2292 3136 2653
2786 4 2 1 1 2072 2805 2603 2850
2787 4 2 1 1 625 3909 3001 2576
2788 4 2 1 1 1787 1651 2567 3255
2789 4 2 1 1 2202 2768 2552 3059
2790 4 2 1 1 2423 2589 2095 3761
2791 4 2 1 1 3486 2327 2153 2967
2792 4 2 1 1 2714 3307 3167 2307
2793 4 2 1 1 1190 1192 2895 3251
2794 4 2 1 1 3292 2510 1296 3381
2795 4 2 1 1 2894 2641 3237 3392
2796 4 2 1 1 2409 3135 2371 3708
2797 4 2 1 1 2671 3229 2852 2137
2798 4 2 1 1 2101 3071 3012 2749
2799 4 2 1 1 2193 2366 3028 3368
2800 4 2 1 1 2396 3711 2983 3773
2801 4 2 1 1 3808 1393 1309 2957
2802 4 2 1 1 2551 2900 1005 2910
2803 4 2 1 1 2087 2737 2901 2998
2804 4 2 1 1 671 2522 3900 3037
2805 4 2 1 1 2600 3442 2255 3483
2806 4 2 1 1 2069 2612 2665 3763
2807 4 2 1 1 1624 3112 2678 3585
2808 4 2 1 1 3912 1079 3664 2695
2809 4 2 1 1 2883 3128 2475 2181
2810 4 2 1 1 2153 2967 2327 3852
2811 4 2 1 1 2562 3277 2904 3865
2812 4 2 1 1 2077 2881 3042 2310
2813 4 2 1 1 2173 2681 3288 3626
2814 4 2 1 1 2553 2750 3210 3428
2815 4 2 1 1 2082 2750 2503 3540
2816 4 2 1 1 1364 1217 1374 2802
2817 4 2 1 1 2986 3014 2606 2149
2818 4 2 1 1 3976 39 40 961
2819 4 2 1 1 2995 2625 3675 3007
2820 4 2 1 1 2270 2424 3377 2319
2821 4 2 1 1 2366 2152 2882 3368
2822 4 2 1 1 489 2839 488 2840
2823 4 2 1 1 2100 2500 3581 3635
2824 4 2 1 1 2710 2745 2190 3710
2825 4 2 1 1 2387 2193 2913 3407
2826 4 2 1 1 2173 3308 2681 3626
2827 4 2 1 1 2244 2645 3237 2767
2828 4 2 1 1 3976 1083 39 961
2829 4 2 1 1 2377 2223 2676 3780
2830 4 2 1 1 3080 3664 1047 3792
2831 4 2 1 1 2227 2556 2391 3111
2832 4 2 1 1 3579 3857 3604 2550
2833 4 2 1 1 3157 3411 3034 3821
2834 4 2 1 1 2839 2883 3266 3753
2835 4 2 1 1 2072 3192 2850 2771
2836 4 2 1 1 2677 2814 2174 3395
2837 4 2 1 1 40 961 3446 3976
2838 4 2 1 1 728 2362 810 3366
2839 4 2 1 1 2400 3266 2173 3232
2840 4 2 1 1 2624 2761 295 3126
2841 4 2 1 1 2076 2328 2790 3268
2842 4 2 1 1 1397 3005 2312 3501
2843 4 2 1 1 288 2428 394 2990
2844 4 2 1 1 2469 2703 2191 3373
2845 4 2 1 1 465 2446 463 2656
2846 4 2 1 1 2657 3204 1417 1402
2847 4 2 1 1 3808 1309 1393 1311
2848 4 2 1 1 3367 3431 915 2508
2849 4 2 1 1 2287 2426 3338 3717
2850 4 2 1 1 2157 2759 2483 2949
2851 4 2 1 1 3486 2153 2327 2756
2852 4 2 1 1 2485 2321 2219 2877
2853 4 2 1 1 2331 2649 2240 3485
2854 4 2 1 1 3976 1083 961 2599
2855 4 2 1 1 2118 3733 2542 3089
2856 4 2 1 1 2493 2618 2165 3072
2857 4 2 1 1 3761 2617 2397 3800
2858 4 2 1 1 350 3657 3748 3225
2859 4 2 1 1 2081 2861 2380 3778
2860 4 2 1 1 2114 2374 2925 3359
2861 4 2 1 1 1276 1431 1246 2461
2862 4 2 1 1 3976 2599 961 3446
2863 4 2 1 1 383 3930 424 2511
2864 4 2 1 1 1012 2431 1039 1023
2865 4 2 1 1 1605 3010 2956 3719
2866 4 2 1 1 1147 2586 1146 3184
2867 4 2 1 1 2109 2632 2395 2633
2868 4 2 1 1 3500 2843 2237 2415
2869 4 2 1 1 3604 3857 3579 2272
2870 4 2 1 1 2424 2959 2199 2975
2871 4 2 1 1 2718 2748 2284 3764
2872 4 2 1 1 3252 3463 2259 2804
2873 4 2 1 1 832 3188 830 3783
2874 4 2 1 1 1270 1312 1212 3642
2875 4 2 1 1 1026 2854 2581 3180
2876 4 2 1 1 350 3748 3657 345
2877 4 2 1 1 1220 1221 1180 2410
2878 4 2 1 1 2238 1154 3038 2759
2879 4 2 1 1 2278 2352 3235 3721
2880 4 2 1 1 1312 2911 1212 3642
2881 4 2 1 1 2429 3405 2664 3560
2882 4 2 1 1 2131 2561 2555 2817
2883 4 2 1 1 2307 2970 2592 2217
2884 4 2 1 1 3613 2685 2674 3302
2885 4 2 1 1 2691 3351 2335 3480
2886 4 2 1 1 2272 2798 2838 3793
2887 4 2 1 1 2739 3206 2252 2692
2888 4 2 1 1 2405 3178 2697 3386
2889 4 2 1 1 2066 3171 2601 3380
2890 4 2 1 1 132 1102 3975 3599
2891 4 2 1 1 2113 2592 2899 3307
2892 4 2 1 1 316 2498 317 381
2893 4 2 1 1 414 398 222 2522
2894 4 2 1 1 2674 2685 2230 3302
2895 4 2 1 1 2065 3376 2309 3770
2896 4 2 1 1 2841 3601 2372 3869
2897 4 2 1 1 2356 2847 245 3391
2898 4 2 1 1 2271 2781 2585 2912
2899 4 2 1 1 493 2785 2477 3227
2900 4 2 1 1 2541 3748 3657 3225
2901 4 2 1 1 2121 3130 2518 3300
2902 4 2 1 1 2349 2211 2715 3402
2903 4 2 1 1 2139 3600 2411 3727
2904 4 2 1 1 2767 3378 2210 3615
2905 4 2 1 1 2148 3347 3154 3515
2906 4 2 1 1 1102 131 132 3975
2907 4 2 1 1 2541 3657 3748 345
2908 4 2 1 1 401 2624 2680 2421
2909 4 2 1 1 2086 2701 2829 2876
2910 4 2 1 1 2811 3202 3023 3481
2911 4 2 1 1 2832 2559 2903 3567
2912 4 2 1 1 407 3898 328 215
2913 4 2 1 1 3739 3087 2207 2473
2914 4 2 1 1 2359 2762 2077 2801
2915 4 2 1 1 2378 2335 3351 3480
2916 4 2 1 1 946 2730 2521 3330
2917 4 2 1 1 719 2432 2932 2661
2918 4 2 1 1 1347 3079 1331 3590
2919 4 2 1 1 1276 2461 1246 3264
2920 4 2 1 1 1741 2687 2630 2473
2921 4 2 1 1 1102 131 3975 3646
2922 4 2 1 1 1770 3009 3585 2678
2923 4 2 1 1 2111 2558 3301 3311
2924 4 2 1 1 2088 3026 2764 3410
2925 4 2 1 1 1060 3699 892 3922
2926 4 2 1 1 2130 2421 2761 2860
2927 4 2 1 1 3353 1427 2519 2660
2928 4 2 1 1 3171 2658 2412 3644
2929 4 2 1 1 2121 3130 3300 2683
2930 4 2 1 1 345 346 349 2541
2931 4 2 1 1 2072 2539 2688 3000
2932 4 2 1 1 3890 1423 1099 58
2933 4 2 1 1 2365 2898 984 3285
2934 4 2 1 1 3975 2546 1102 3646
2935 4 2 1 1 2065 2309 2889 3770
2936 4 2 1 1 1102 2546 3975 3599
2937 4 2 1 1 2165 2618 2493 3026
2938 4 2 1 1 2287 2897 2426 3717
2939 4 2 1 1 2153 2915 2445 3142
2940 4 2 1 1 2482 2882 2420 2172
2941 4 2 1 1 2500 2393 3581 3635
2942 4 2 1 1 3920 3932 134 1447
2943 4 2 1 1 2757 2948 2082 3418
2944 4 2 1 1 2260 2758 3076 2408
2945 4 2 1 1 2329 3362 2848 3622
2946 4 2 1 1 1469 2700 1779 3226
2947 4 2 1 1 2514 2940 2157 3272
2948 4 2 1 1 1497 1499 1501 2391
2949 4 2 1 1 2542 2381 2118 3833
2950 4 2 1 1 2371 2938 2083 2151
2951 4 2 1 1 133 134 1447 3920
2952 4 2 1 1 1357 1257 1249 2538
2953 4 2 1 1 2124 2328 2879 3468
2954 4 2 1 1 2309 2065 2889 3131
2955 4 2 1 1 2707 3111 3740 2391
2956 4 2 1 1 1283 3085 1429 3097
2957 4 2 1 1 3023 550 2685 2467
2958 4 2 1 1 2118 3733 3089 2386
2959 4 2 1 1 2904 2294 3502 3865
2960 4 2 1 1 226 224 225 2495
2961 4 2 1 1 3920 3932 869 134
2962 4 2 1 1 2280 2647 2728 3065
2963 4 2 1 1 2326 3242 3068 3748
2964 4 2 1 1 1601 3061 2352 3235
2965 4 2 1 1 2885 3329 1489 3485
2966 4 2 1 1 2400 3266 3232 497
2967 4 2 1 1 3705 1511 1735 2747
2968 4 2 1 1 1198 1208 1199 2677
2969 4 2 1 1 2471 2644 2227 3635
2970 4 2 1 1 2418 2086 3044 3498
2971 4 2 1 1 2414 3343 2996 2110
2972 4 2 1 1 3228 3272 2710 3109
2973 4 2 1 1 2335 2691 2519 3340
2974 4 2 1 1 2591 2133 2763 3612
2975 4 2 1 1 3470 3278 2635 2071
2976 4 2 1 1 2860 3389 2294 3502
2977 4 2 1 1 2670 1182 1328 1333
2978 4 2 1 1 3613 2674 2685 2317
2979 4 2 1 1 2065 2866 2625 2871
2980 4 2 1 1 2643 3552 2214 2561
2981 4 2 1 1 2682 3256 1619 3407
2982 4 2 1 1 764 2546 2980 3262
2983 4 2 1 1 473 2981 3592 2439
2984 4 2 1 1 3890 359 58 209
2985 4 2 1 1 3739 3087 2473 2172
2986 4 2 1 1 489 2400 2839 2840
2987 4 2 1 1 1491 1489 2885 3329
2988 4 2 1 1 2420 2730 989 3330
2989 4 2 1 1 1587 1742 2627 3767
2990 4 2 1 1 2088 3134 3026 3410
2991 4 2 1 1 2201 3339 2517 3586
2992 4 2 1 1 2649 1510 2885 3550
2993 4 2 1 1 41 884 42 3446
2994 4 2 1 1 3895 638 3989 2565
2995 4 2 1 1 1674 1510 2848 2885
2996 4 2 1 1 42 3446 884 3460
2997 4 2 1 1 765 856 845 3262
2998 4 2 1 1 2689 3193 1702 3282
2999 4 2 1 1 2625 2866 2282 2871
3000 4 2 1 1 2100 2425 2862 3607
3001 4 2 1 1 495 3023 2685 2439
3002 4 2 1 1 1632 1636 3009 3711
3003 4 2 1 1 2819 2801 3346 2359
3004 4 2 1 1 3993 49 1088 3929
3005 4 2 1 1 3993 49 3929 415
3006 4 2 1 1 2180 2558 2505 3096
3007 4 2 1 1 819 813 719 2932
3008 4 2 1 1 3993 1088 3752 3929
3009 4 2 1 1 1556 1668 2621 3136
3010 4 2 1 1 1187 2389 1188 2325
3011 4 2 1 1 696 2417 697 3162
3012 4 2 1 1 3144 2436 3179 2308
3013 4 2 1 1 1377 2809 2355 3516
3014 4 2 1 1 2812 2089 2578 3222
3015 4 2 1 1 2475 2883 2181 3218
3016 4 2 1 1 1297 2954 2322 3049
3017 4 2 1 1 3883 1697 142 1473
3018 4 2 1 1 2414 2790 3421 3473
3019 4 2 1 1 749 2904 2516 3575
3020 4 2 1 1 749 2516 2904 3507
3021 4 2 1 1 2803 2894 3237 2334
3022 4 2 1 1 2392 2292 2913 3136
3023 4 2 1 1 2647 2788 2280 3677
3024 4 2 1 1 2078 2424 3181 3377
3025 4 2 1 1 914 913 2704 3084
3026 4 2 1 1 2397 2095 2589 3761
3027 4 2 1 1 1436 3088 2599 3558
3028 4 2 1 1 2178 2441 2721 3156
3029 4 2 1 1 1201 3185 2887 3190
3030 4 2 1 1 2072 2650 2539 3000
3031 4 2 1 1 3382 2850 3101 2462
3032 4 2 1 1 3558 1407 65 2599
3033 4 2 1 1 2359 3254 3070 3701
3034 4 2 1 1 518 624 3406 3488
3035 4 2 1 1 2318 2679 2506 3073
3036 4 2 1 1 2304 2146 2884 3017
3037 4 2 1 1 1226 2965 2657 3774
3038 4 2 1 1 730 2537 3034 3821
3039 4 2 1 1 2954 3093 2191 3734
3040 4 2 1 1 2555 2596 2995 3658
3041 4 2 1 1 2603 2771 3562 3632
3042 4 2 1 1 675 2725 2396 3634
3043 4 2 1 1 849 2815 3277 2421
3044 4 2 1 1 3754 997 3016 3107
3045 4 2 1 1 2411 2882 3368 2075
3046 4 2 1 1 3230 2440 684 2973
3047 4 2 1 1 2379 2517 2201 2953
3048 4 2 1 1 2252 2373 2739 2692
3049 4 2 1 1 1270 2443 3642 1212
3050 4 2 1 1 2335 2138 2754 3758
3051 4 2 1 1 2371 2938 2151 2720
3052 4 2 1 1 3941 1087 887 1031
3053 4 2 1 1 2599 65 66 1407
3054 4 2 1 1 2630 2687 2129 2473
3055 4 2 1 1 3518 3855 2098 2852
3056 4 2 1 1 737 2522 3862 3933
3057 4 2 1 1 2268 2676 2921 3316
3058 4 2 1 1 2537 3997 1346 3079
3059 4 2 1 1 2682 3256 2366 1619
3060 4 2 1 1 2633 2901 2737 3387
3061 4 2 1 1 2385 2134 2594 2612
3062 4 2 1 1 513 2927 2400 3385
3063 4 2 1 1 2673 2898 1065 3484
3064 4 2 1 1 2604 2831 2268 3520
3065 4 2 1 1 3891 648 432 2681
3066 4 2 1 1 2868 2922 2344 3143
3067 4 2 1 1 2119 2697 2543 3531
3068 4 2 1 1 2290 2834 2731 2952
3069 4 2 1 1 3610 2610 2534 2205
3070 4 2 1 1 439 3990 3879 81
3071 4 2 1 1 2078 2424 2577 3181
3072 4 2 1 1 974 2587 3078 973
3073 4 2 1 1 3665 3569 1352 2574
3074 4 2 1 1 1442 2599 66 1407
3075 4 2 1 1 2162 2873 3795 2638
3076 4 2 1 1 2395 2901 2633 3387
3077 4 2 1 1 3091 945 940 2900
3078 4 2 1 1 2068 3174 2797 3723
3079 4 2 1 1 2412 3531 2658 2249
3080 4 2 1 1 2198 2731 2378 2936
3081 4 2 1 1 1410 1331 1448 3590
3082 4 2 1 1 3738 2337 2367 3055
3083 4 2 1 1 2228 2923 2819 3417
3084 4 2 1 1 3778 2626 3675 2995
3085 4 2 1 1 2069 2665 2612 3117
3086 4 2 1 1 885 3974 3912 3664
3087 4 2 1 1 2110 2414 3436 3755
3088 4 2 1 1 1595 2588 1593 3625
3089 4 2 1 1 234 2547 233 2714
3090 4 2 1 1 1511 2387 2747 3092
3091 4 2 1 1 885 3974 3664 1092
3092 4 2 1 1 2072 2650 3000 3192
3093 4 2 1 1 2295 2819 2611 3751
3094 4 2 1 1 2096 2442 2658 2288
3095 4 2 1 1 2438 3067 2903 3628
3096 4 2 1 1 434 3875 3935 83
3097 4 2 1 1 2875 2892 1213 3714
3098 4 2 1 1 2278 3308 2832 3721
3099 4 2 1 1 1546 1652 2915 3052
3100 4 2 1 1 2239 2525 3141 3000
3101 4 2 1 1 1565 2678 1563 2979
3102 4 2 1 1 2096 3103 2509 3644
3103 4 2 1 1 1183 3002 1203 3261
3104 4 2 1 1 1614 3235 1745 3342
3105 4 2 1 1 2489 2219 2490 2978
3106 4 2 1 1 936 2497 3091 3787
3107 4 2 1 1 2694 3045 2333 3220
3108 4 2 1 1 2478 2309 2842 3013
3109 4 2 1 1 2837 3219 2299 3691
3110 4 2 1 1 2197 2474 2600 3571
3111 4 2 1 1 2862 3635 2247 3335
3112 4 2 1 1 1056 2854 1026 3180
3113 4 2 1 1 2688 3382 2316 3667
3114 4 2 1 1 964 3405 2351 963
3115 4 2 1 1 2118 3733 2386 3063
3116 4 2 1 1 102 101 3974 1092
3117 4 2 1 1 692 2375 694 3685
3118 4 2 1 1 2190 2889 2745 3770
3119 4 2 1 1 3023 554 495 528
3120 4 2 1 1 2446 2656 465 3122
3121 4 2 1 1 3825 3859 2886 2480
3122 4 2 1 1 1309 3390 1310 3808
3123 4 2 1 1 1722 2456 3235 3550
3124 4 2 1 1 911 3084 2704 913
3125 4 2 1 1 3231 2837 3063 2381
3126 4 2 1 1 2424 2797 2959 2975
3127 4 2 1 1 288 2428 2990 3059
3128 4 2 1 1 2772 3278 3570 2496
3129 4 2 1 1 339 295 2761 3126
3130 4 2 1 1 2657 2793 2357 3008
3131 4 2 1 1 964 3405 963 965
3132 4 2 1 1 2848 3362 2885 3622
3133 4 2 1 1 1737 3256 1738 3705
3134 4 2 1 1 1496 1497 1686 3111
3135 4 2 1 1 3160 3974 101 1092
3136 4 2 1 1 3802 2346 2804 3081
3137 4 2 1 1 2079 2728 3259 3513
3138 4 2 1 1 964 3405 965 2776
3139 4 2 1 1 1722 2456 3550 1555
3140 4 2 1 1 2270 3032 2896 2424
3141 4 2 1 1 2117 3068 3173 2597
3142 4 2 1 1 1781 3966 2464 3255
3143 4 2 1 1 3662 2816 3823 543
3144 4 2 1 1 1244 2302 2807 1369
3145 4 2 1 1 2209 3677 3210 2595
3146 4 2 1 1 3018 2830 3341 3224
3147 4 2 1 1 904 2712 905 3046
3148 4 2 1 1 1774 1690 2786 3173
3149 4 2 1 1 3559 3077 872 779
3150 4 2 1 1 674 664 675 2396
3151 4 2 1 1 2079 2728 2647 3065
3152 4 2 1 1 3070 3254 3508 2871
3153 4 2 1 1 2139 2947 3600 3727
3154 4 2 1 1 2297 2891 3090 3421
3155 4 2 1 1 2330 2629 2474 3442
3156 4 2 1 1 3187 3231 2306 2450
3157 4 2 1 1 2736 2963 2166 3037
3158 4 2 1 1 2103 3594 2185 2453
3159 4 2 1 1 3974 1092 3160 3664
3160 4 2 1 1 846 2401 2993 3838
3161 4 2 1 1 697 2932 2417 3858
3162 4 2 1 1 2102 2409 2994 3205
3163 4 2 1 1 285 2624 3573 294
3164 4 2 1 1 2154 2732 2702 2288
3165 4 2 1 1 3779 1144 1160 1142
3166 4 2 1 1 2227 3024 2393 3111
3167 4 2 1 1 2195 2893 3008 3098
3168 4 2 1 1 2639 2221 3384 3680
3169 4 2 1 1 285 2624 294 274
3170 4 2 1 1 2472 2693 2376 3029
3171 4 2 1 1 2117 3068 2326 3173
3172 4 2 1 1 2245 2474 2596 3279
3173 4 2 1 1 2747 3028 2193 3256
3174 4 2 1 1 3888 147 148 1455
3175 4 2 1 1 1561 1553 2662 2939
3176 4 2 1 1 448 2510 3166 3175
3177 4 2 1 1 148 3888 1455 3538
3178 4 2 1 1 2143 2356 3746 3417
3179 4 2 1 1 2697 3178 3011 3386
3180 4 2 1 1 2935 3263 461 3439
3181 4 2 1 1 1614 3061 1603 3235
3182 4 2 1 1 2481 3145 3417 3746
3183 4 2 1 1 2227 2391 2556 2812
3184 4 2 1 1 2526 3028 2909 3335
3185 4 2 1 1 2387 2747 2193 3407
3186 4 2 1 1 394 3936 3248 204
3187 4 2 1 1 351 2924 3123 3239
3188 4 2 1 1 2493 2618 2216 3026
3189 4 2 1 1 1214 2875 1229 3292
3190 4 2 1 1 2519 3357 1427 1335
3191 4 2 1 1 685 684 2440 2973
3192 4 2 1 1 767 2460 850 2815
3193 4 2 1 1 956 2585 952 3139
3194 4 2 1 1 1549 2568 2946 3345
3195 4 2 1 1 1790 3888 2655 3538
3196 4 2 1 1 2755 2813 266 3506
3197 4 2 1 1 2500 3024 2393 3635
3198 4 2 1 1 2204 2951 2543 3531
3199 4 2 1 1 2420 2482 2172 3330
3200 4 2 1 1 1511 2747 2644 3092
3201 4 2 1 1 3292 2510 3381 2185
3202 4 2 1 1 2377 2676 2223 3215
3203 4 2 1 1 2503 2955 2082 3312
3204 4 2 1 1 2120 3127 3055 3738
3205 4 2 1 1 2105 3025 2474 3279
3206 4 2 1 1 2100 3024 2500 3635
3207 4 2 1 1 2411 2882 2075 2667
3208 4 2 1 1 2108 2380 3318 3568
3209 4 2 1 1 2357 2657 3008 3618
3210 4 2 1 1 969 3064 2640 3271
3211 4 2 1 1 826 3997 135 3932
3212 4 2 1 1 2576 3495 3782 3636
3213 4 2 1 1 2257 2624 2489 3527
3214 4 2 1 1 2922 3044 2086 3498
3215 4 2 1 1 1635 2473 3027 3739
3216 4 2 1 1 2110 3597 2996 3755
3217 4 2 1 1 2104 2426 2897 3717
3218 4 2 1 1 2808 3811 2086 2674
3219 4 2 1 1 599 3211 2390 3263
3220 4 2 1 1 3899 1442 1125 2599
3221 4 2 1 1 2100 3458 2425 3765
3222 4 2 1 1 3445 3805 1316 2458
3223 4 2 1 1 2251 2616 2423 2820
3224 4 2 1 1 3779 1160 1144 3735
3225 4 2 1 1 2226 3171 3103 3524
3226 4 2 1 1 2307 2899 2592 3307
3227 4 2 1 1 1448 1331 1330 3079
3228 4 2 1 1 2200 2504 2628 3364
3229 4 2 1 1 2136 2744 2450 3290
3230 4 2 1 1 1706 2835 1572 3290
3231 4 2 1 1 2949 2998 2437 3260
3232 4 2 1 1 2075 3548 2699 3777
3233 4 2 1 1 1216 1201 2887 3190
3234 4 2 1 1 942 2497 2828 2849
3235 4 2 1 1 1200 2350 1405 3251
3236 4 2 1 1 3076 3170 2920 3458
3237 4 2 1 1 2187 2480 2413 3105
3238 4 2 1 1 2704 2239 2985 3525
3239 4 2 1 1 2098 3734 2671 3855
3240 4 2 1 1 697 2932 695 3162
3241 4 2 1 1 3200 2558 3301 2505
3242 4 2 1 1 2687 3339 2331 2129
3243 4 2 1 1 3774 3098 3008 2893
3244 4 2 1 1 2104 2623 2533 3120
3245 4 2 1 1 3913 531 2851 436
3246 4 2 1 1 2537 3997 3079 826
3247 4 2 1 1 2878 3443 3455 2485
3248 4 2 1 1 2745 2889 2309 3770
3249 4 2 1 1 3756 3364 3427 2340
3250 4 2 1 1 2228 2801 2755 3715
3251 4 2 1 1 893 1063 1089 2738
3252 4 2 1 1 2471 2575 2193 3028
3253 4 2 1 1 702 719 2932 3596
3254 4 2 1 1 3415 2696 2229 3060
3255 4 2 1 1 2157 2940 2514 3433
3256 4 2 1 1 2537 3997 826 3932
3257 4 2 1 1 371 245 247 2847
3258 4 2 1 1 2389 2856 2165 2325
3259 4 2 1 1 2393 3111 3024 3820
3260 4 2 1 1 1194 1362 2677 3829
3261 4 2 1 1 3940 860 2565 3989
3262 4 2 1 1 448 3166 450 3175
3263 4 2 1 1 2149 2574 2606 2986
3264 4 2 1 1 2522 2736 2166 3037
3265 4 2 1 1 2954 3093 3734 2322
3266 4 2 1 1 2214 3070 3007 3457
3267 4 2 1 1 3077 872 3233 2553
3268 4 2 1 1 2186 2503 2609 3312
3269 4 2 1 1 3001 2121 2301 3300
3270 4 2 1 1 2557 2859 2234 2503
3271 4 2 1 1 2225 2850 3019 3562
3272 4 2 1 1 2323 2873 2525 3818
3273 4 2 1 1 1231 1230 2457 2892
3274 4 2 1 1 3052 2329 2933 2756
3275 4 2 1 1 2245 2596 2474 3778
3276 4 2 1 1 3020 3582 2385 2134
3277 4 2 1 1 219 3926 3937 37
3278 4 2 1 1 2079 2905 2622 3424
3279 4 2 1 1 1528 3670 1559 1558
3280 4 2 1 1 2133 2636 2338 2926
3281 4 2 1 1 2522 736 2736 3037
3282 4 2 1 1 1528 2992 3136 3771
3283 4 2 1 1 2243 2941 2517 3125
3284 4 2 1 1 3243 2811 2505 2250
3285 4 2 1 1 869 2537 3932 3034
3286 4 2 1 1 2075 2411 2575 3368
3287 4 2 1 1 2469 2436 2163 2789
3288 4 2 1 1 1398 1261 3017 3313
3289 4 2 1 1 2905 3293 2622 3424
3290 4 2 1 1 2396 2725 675 3514
3291 4 2 1 1 2780 3731 2378 3848
3292 4 2 1 1 3883 664 2396 3634
3293 4 2 1 1 1397 2312 3313 3501
3294 4 2 1 1 2191 2469 3093 3294
3295 4 2 1 1 2538 2759 2198 3360
3296 4 2 1 1 2384 2587 2236 3271
3297 4 2 1 1 3778 3675 2626 2245
3298 4 2 1 1 1255 2887 2586 3655
3299 4 2 1 1 2078 2645 2769 2577
3300 4 2 1 1 130 1118 3973 3646
3301 4 2 1 1 554 473 3592 2439
3302 4 2 1 1 1118 129 130 3973
3303 4 2 1 1 2487 2884 2304 3310
3304 4 2 1 1 473 478 2981 2439
3305 4 2 1 1 1353 3973 3928 129
3306 4 2 1 1 2902 1200 2350 3274
3307 4 2 1 1 2422 2997 2107 3706
3308 4 2 1 1 2434 2131 2776 3064
3309 4 2 1 1 2232 2533 2623 3120
3310 4 2 1 1 1151 3038 1152 3476
3311 4 2 1 1 2878 3455 3443 2289
3312 4 2 1 1 843 3904 3203 2544
3313 4 2 1 1 3414 3621 2080 2505
3314 4 2 1 1 389 393 353 3223
3315 4 2 1 1 2092 2342 2832 3469
3316 4 2 1 1 2089 3222 2812 3494
3317 4 2 1 1 2675 2241 3222 3801
3318 4 2 1 1 1276 3882 1327 1122
3319 4 2 1 1 1353 3973 129 1118
3320 4 2 1 1 846 2401 2973 3165
3321 4 2 1 1 2946 2118 2381 3833
3322 4 2 1 1 2341 3517 2981 3822
3323 4 2 1 1 2427 2646 2448 3553
3324 4 2 1 1 3692 3455 3443 2485
3325 4 2 1 1 1252 3313 1262 3563
3326 4 2 1 1 1156 3038 2325 3476
3327 4 2 1 1 1148 2586 1255 2887
3328 4 2 1 1 2257 3722 2782 3856
3329 4 2 1 1 2091 3400 3145 3417
3330 4 2 1 1 2698 3554 3031 2349
3331 4 2 1 1 2683 2452 565 3454
3332 4 2 1 1 2093 2779 2376 2858
3333 4 2 1 1 3203 3575 768 853
3334 4 2 1 1 3144 2436 2308 2112
3335 4 2 1 1 3009 3510 1799 2490
3336 4 2 1 1 863 848 764 2546
3337 4 2 1 1 2249 2430 3172 3606
3338 4 2 1 1 2207 3158 2607 2890
3339 4 2 1 1 2503 3540 2557 3605
3340 4 2 1 1 1118 3097 3973 3646
3341 4 2 1 1 2072 3101 2850 3192
3342 4 2 1 1 456 2532 457 3861
3343 4 2 1 1 2533 2623 2104 3684
3344 4 2 1 1 674 3883 3037 673
3345 4 2 1 1 2970 3167 364 3815
3346 4 2 1 1 75 74 667 3972
3347 4 2 1 1 3353 1427 2660 1107
3348 4 2 1 1 2864 3419 3741 2206
3349 4 2 1 1 1647 3006 2442 3112
3350 4 2 1 1 964 2776 965 966
3351 4 2 1 1 2096 2509 3103 3443
3352 4 2 1 1 3950 428 618 3005
3353 4 2 1 1 3231 3043 3290 2450
3354 4 2 1 1 738 736 2736 3862
3355 4 2 1 1 2678 2978 2313 3009
3356 4 2 1 1 316 3896 205 2660
3357 4 2 1 1 2194 2784 3544 3606
3358 4 2 1 1 346 355 2774 3270
3359 4 2 1 1 3692 3443 3455 2289
3360 4 2 1 1 3052 2933 2329 2261
3361 4 2 1 1 3346 2819 3436 2398
3362 4 2 1 1 2417 3162 3071 3449
3363 4 2 1 1 1557 1554 1556 2392
3364 4 2 1 1 1035 2305 2985 3359
3365 4 2 1 1 2189 2495 2449 3147
3366 4 2 1 1 3972 667 75 852
3367 4 2 1 1 2360 644 2927 3567
3368 4 2 1 1 3500 2843 2415 2404
3369 4 2 1 1 2489 2624 2257 2734
3370 4 2 1 1 3631 3311 3241 2623
3371 4 2 1 1 3187 3231 2450 3043
3372 4 2 1 1 1615 2621 1558 3010
3373 4 2 1 1 3928 2544 3097 1353
3374 4 2 1 1 2613 2912 2907 3087
3375 4 2 1 1 1260 2476 1370 2759
3376 4 2 1 1 3955 607 2681 3704
3377 4 2 1 1 489 2400 497 2839
3378 4 2 1 1 2735 3065 2280 3845
3379 4 2 1 1 3962 3140 1803 2659
3380 4 2 1 1 2176 3497 3075 3548
3381 4 2 1 1 1597 3499 2716 3052
3382 4 2 1 1 2162 2873 2638 3209
3383 4 2 1 1 2393 2885 1493 3362
3384 4 2 1 1 2183 2331 2962 3581
3385 4 2 1 1 2839 3266 2883 2173
3386 4 2 1 1 928 3091 2497 3336
3387 4 2 1 1 3884 1101 2873 1403
3388 4 2 1 1 1798 2321 3112 3709
3389 4 2 1 1 667 3972 74 3488
3390 4 2 1 1 1381 1265 1223 2584
3391 4 2 1 1 2146 2841 3338 3601
3392 4 2 1 1 3229 3293 2905 3424
3393 4 2 1 1 2576 3495 3636 619
3394 4 2 1 1 884 2351 963 964
3395 4 2 1 1 1753 1472 1754 2413
3396 4 2 1 1 1224 2593 1388 3714
3397 4 2 1 1 2477 2536 2192 2922
3398 4 2 1 1 1207 2893 2754 3774
3399 4 2 1 1 2326 3040 3751 3194
3400 4 2 1 1 2844 3017 1261 3313
3401 4 2 1 1 1583 2597 1566 3173
3402 4 2 1 1 2477 2785 493 3302
3403 4 2 1 1 2531 2342 3045 3837
3404 4 2 1 1 667 2724 3972 3488
3405 4 2 1 1 3897 894 996 3107
3406 4 2 1 1 2790 3436 2414 3755
3407 4 2 1 1 3445 3805 2458 2954
3408 4 2 1 1 837 2773 3187 3363
3409 4 2 1 1 2572 3229 2905 3424
3410 4 2 1 1 2281 640 3664 3481
3411 4 2 1 1 2154 2823 2318 3176
3412 4 2 1 1 2204 2697 2543 2979
3413 4 2 1 1 2985 3337 2845 3525
3414 4 2 1 1 2373 2870 2263 3262
3415 4 2 1 1 2303 2624 2489 2734
3416 4 2 1 1 1328 2538 1169 2940
3417 4 2 1 1 2421 2294 3865 2860
3418 4 2 1 1 2206 3102 2802 3419
3419 4 2 1 1 2082 2668 2386 2757
3420 4 2 1 1 2142 2577 2424 2797
3421 4 2 1 1 2292 3258 3574 3602
3422 4 2 1 1 1379 2794 2856 2974
3423 4 2 1 1 1132 2868 1130 3030
3424 4 2 1 1 1265 2584 1381 2928
3425 4 2 1 1 775 3972 3828 852
3426 4 2 1 1 2398 2819 2140 3346
3427 4 2 1 1 2556 2675 2132 3732
3428 4 2 1 1 2178 2620 2403 3003
3429 4 2 1 1 2154 2658 2412 2951
3430 4 2 1 1 3738 3604 2120 2571
3431 4 2 1 1 488 476 2840 3592
3432 4 2 1 1 3930 424 2511 3194
3433 4 2 1 1 2082 2503 2750 2955
3434 4 2 1 1 2666 3757 3150 2354
3435 4 2 1 1 2189 2660 2519 3357
3436 4 2 1 1 2860 3689 2258 2761
3437 4 2 1 1 1644 189 190 3971
3438 4 2 1 1 2839 490 2463 3753
3439 4 2 1 1 3883 3711 2396 3037
3440 4 2 1 1 2118 3733 3063 2542
3441 4 2 1 1 3406 2187 2724 3105
3442 4 2 1 1 853 768 751 3575
3443 4 2 1 1 2384 3064 970 3271
3444 4 2 1 1 768 3323 2904 2810
3445 4 2 1 1 3498 2536 2477 2922
3446 4 2 1 1 2116 2360 2961 2342
3447 4 2 1 1 2184 2462 2699 2920
3448 4 2 1 1 2610 2645 2524 3434
3449 4 2 1 1 2083 2966 2371 2151
3450 4 2 1 1 2114 3359 2925 2596
3451 4 2 1 1 2114 2555 2596 3675
3452 4 2 1 1 2183 2649 2331 2885
3453 4 2 1 1 1212 2911 2443 3642
3454 4 2 1 1 2098 3048 2806 3378
3455 4 2 1 1 2451 3533 2648 3712
3456 4 2 1 1 2599 3088 2179 3558
3457 4 2 1 1 2475 3266 2883 3753
3458 4 2 1 1 889 3884 1029 2873
3459 4 2 1 1 3756 3427 3364 2200
3460 4 2 1 1 3699 3719 2587 2464
3461 4 2 1 1 1713 3118 3304 3429
3462 4 2 1 1 846 2973 2401 3838
3463 4 2 1 1 888 3882 2461 3440
3464 4 2 1 1 2769 2577 2225 3532
3465 4 2 1 1 2290 3013 2686 3127
3466 4 2 1 1 3971 190 1644 1793
3467 4 2 1 1 352 3890 3164 2574
3468 4 2 1 1 2902 2350 1200 3251
3469 4 2 1 1 3897 894 172 996
3470 4 2 1 1 835 3821 3034 3411
3471 4 2 1 1 3748 2295 3068 2774
3472 4 2 1 1 2149 2855 2986 3150
3473 4 2 1 1 1739 2763 2655 3612
3474 4 2 1 1 2096 2442 2288 3332
3475 4 2 1 1 2899 2246 3480 3848
3476 4 2 1 1 1713 3118 3429 1723
3477 4 2 1 1 1230 1385 2457 3292
3478 4 2 1 1 1499 2391 2707 3304
3479 4 2 1 1 2761 3126 2258 3465
3480 4 2 1 1 2357 3502 2793 2161
3481 4 2 1 1 3415 2696 3060 841
3482 4 2 1 1 2139 2667 2508 3084
3483 4 2 1 1 3592 2811 2439 3243
3484 4 2 1 1 2285 2358 2492 3678
3485 4 2 1 1 2552 2179 3088 3558
3486 4 2 1 1 958 2828 2467 2849
3487 4 2 1 1 2274 2400 2092 3385
3488 4 2 1 1 2497 2708 2271 2930
3489 4 2 1 1 2126 2775 2637 3750
3490 4 2 1 1 2246 2938 2601 3798
3491 4 2 1 1 2096 3036 2795 3332
3492 4 2 1 1 2232 2334 2623 3631
3493 4 2 1 1 2133 2348 3213 3671
3494 4 2 1 1 2274 2360 3122 3385
3495 4 2 1 1 2313 2979 2697 3416
3496 4 2 1 1 2824 2496 2064 3081
3497 4 2 1 1 100 99 620 3980
3498 4 2 1 1 1519 2543 1532 3193
3499 4 2 1 1 3971 3729 1644 189
3500 4 2 1 1 921 926 1036 2863
3501 4 2 1 1 2650 3217 2224 2771
3502 4 2 1 1 490 2839 586 3753
3503 4 2 1 1 2904 3277 748 3507
3504 4 2 1 1 2925 3025 3279 2596
3505 4 2 1 1 3109 3228 3240 2380
3506 4 2 1 1 625 3909 2576 619
3507 4 2 1 1 2869 2870 2692 3159
3508 4 2 1 1 2189 2519 2965 3357
3509 4 2 1 1 3971 2738 1644 3729
3510 4 2 1 1 3962 3140 2659 993
3511 4 2 1 1 3262 3411 766 3599
3512 4 2 1 1 2199 3377 2424 2319
3513 4 2 1 1 2483 2248 2998 3325
3514 4 2 1 1 3633 3528 2868 2468
3515 4 2 1 1 954 2719 2521 3238
3516 4 2 1 1 3192 3075 2850 2358
3517 4 2 1 1 2938 3307 2465 3389
3518 4 2 1 1 1242 2554 1315 2844
3519 4 2 1 1 2158 2869 2350 2311
3520 4 2 1 1 2154 2590 2914 3630
3521 4 2 1 1 2336 3557 3086 3723
3522 4 2 1 1 252 2847 2733 3478
3523 4 2 1 1 2129 2687 2630 2972
3524 4 2 1 1 3932 869 826 2537
3525 4 2 1 1 2101 2502 2494 3197
3526 4 2 1 1 1597 3499 3052 1730
3527 4 2 1 1 3432 3527 338 3126
3528 4 2 1 1 2784 2213 3450 3606
3529 4 2 1 1 3432 338 3527 260
3530 4 2 1 1 2488 2264 2419 3702
3531 4 2 1 1 2168 3447 2464 3010
3532 4 2 1 1 2632 2850 2462 3170
3533 4 2 1 1 2155 2595 2417 2932
3534 4 2 1 1 942 2497 2849 3623
3535 4 2 1 1 3390 3808 2196 2910
3536 4 2 1 1 2575 3335 2471 3668
3537 4 2 1 1 1233 2457 1385 3529
3538 4 2 1 1 2178 2403 2620 3196
3539 4 2 1 1 2083 2151 3511 2966
3540 4 2 1 1 1183 1166 3002 3212
3541 4 2 1 1 2555 2214 2643 2995
3542 4 2 1 1 2088 2764 3221 3410
3543 4 2 1 1 2304 2457 3294 3529
3544 4 2 1 1 2498 2660 317 3353
3545 4 2 1 1 2074 2916 2397 3269
3546 4 2 1 1 1378 1166 1161 3002
3547 4 2 1 1 1183 1166 1203 3002
3548 4 2 1 1 1725 2405 3448 2983
3549 4 2 1 1 2243 2530 2526 3586
3550 4 2 1 1 2557 2503 2234 3540
3551 4 2 1 1 2345 3402 3192 3760
3552 4 2 1 1 2285 2358 3678 2715
3553 4 2 1 1 1389 1159 2942 3610
3554 4 2 1 1 1644 3971 1793 2738
3555 4 2 1 1 541 2634 2451 3115
3556 4 2 1 1 1176 2754 1207 2893
3557 4 2 1 1 2485 2867 2219 3247
3558 4 2 1 1 3738 3604 2571 2337
3559 4 2 1 1 2276 3124 3106 3317
3560 4 2 1 1 1642 3006 2321 3123
3561 4 2 1 1 2597 3173 1583 3682
3562 4 2 1 1 2120 2686 3013 3127
3563 4 2 1 1 786 2725 3369 2353
3564 4 2 1 1 3598 2584 1381 3799
3565 4 2 1 1 2274 2961 2360 2092
3566 4 2 1 1 3292 2510 2185 2875
3567 4 2 1 1 2247 2471 2747 3028
3568 4 2 1 1 1381 2584 1223 3799
3569 4 2 1 1 1579 3670 1559 3797
3570 4 2 1 1 2083 2966 2793 3098
3571 4 2 1 1 1410 1448 2593 3590
3572 4 2 1 1 947 1061 2900 3267
3573 4 2 1 1 479 493 2785 3302
3574 4 2 1 1 997 999 1000 3016
3575 4 2 1 1 2659 977 1067 979
3576 4 2 1 1 2182 2805 2864 3741
3577 4 2 1 1 2192 2922 2868 3143
3578 4 2 1 1 992 3966 2464 1068
3579 4 2 1 1 692 2375 3685 3161
3580 4 2 1 1 2076 2838 2798 3793
3581 4 2 1 1 2640 2776 2131 3064
3582 4 2 1 1 2554 2703 2146 2844
3583 4 2 1 1 94 2738 443 3925
3584 4 2 1 1 2803 2894 2334 2569
3585 4 2 1 1 3729 1471 188 3970
3586 4 2 1 1 2909 3335 2575 3668
3587 4 2 1 1 3783 3074 3804 2582
3588 4 2 1 1 3804 2213 2582 3450
3589 4 2 1 1 1581 3265 1679 2890
3590 4 2 1 1 2234 2390 2557 3859
3591 4 2 1 1 576 2841 2605 2884
3592 4 2 1 1 2335 2378 2936 3207
3593 4 2 1 1 2772 2789 2171 3713
3594 4 2 1 1 3899 895 1083 2599
3595 4 2 1 1 2225 2548 3019 3170
3596 4 2 1 1 187 188 1471 3970
3597 4 2 1 1 2244 2894 2803 3370
3598 4 2 1 1 2478 2722 2160 2838
3599 4 2 1 1 1217 2802 1364 3726
3600 4 2 1 1 3187 3043 3363 2773
3601 4 2 1 1 1515 2732 3843 1675
3602 4 2 1 1 2820 3698 2095 3437
3603 4 2 1 1 984 3216 2365 3285
3604 4 2 1 1 697 2417 696 3858
3605 4 2 1 1 3173 2597 3068 3682
3606 4 2 1 1 3970 3810 1471 187
3607 4 2 1 1 2720 2938 2246 3257
3608 4 2 1 1 2114 2528 3359 2596
3609 4 2 1 1 1651 2956 2700 3255
3610 4 2 1 1 928 936 942 2497
3611 4 2 1 1 2243 2526 2530 3548
3612 4 2 1 1 2398 2455 3068 2597
3613 4 2 1 1 963 2991 2351 3446
3614 4 2 1 1 2824 2064 2496 2772
3615 4 2 1 1 2286 2905 3229 3293
3616 4 2 1 1 2341 2104 2623 3684
3617 4 2 1 1 387 3004 2399 3324
3618 4 2 1 1 2454 2363 2156 2948
3619 4 2 1 1 2111 2825 3631 2447
3620 4 2 1 1 3970 2607 1471 3810
3621 4 2 1 1 3970 1471 2607 3729
3622 4 2 1 1 2393 1493 2885 3329
3623 4 2 1 1 2223 3632 2984 3434
3624 4 2 1 1 1554 2392 2913 3136
3625 4 2 1 1 2603 3780 2769 2123
3626 4 2 1 1 1187 2856 2389 2325
3627 4 2 1 1 2215 3142 2915 3649
3628 4 2 1 1 2803 3370 2894 2569
3629 4 2 1 1 3292 2510 2875 1296
3630 4 2 1 1 3646 841 3097 652
3631 4 2 1 1 2576 3495 619 3977
3632 4 2 1 1 214 2351 323 3446
3633 4 2 1 1 3445 3805 2954 1292
3634 4 2 1 1 2784 2906 2213 3606
3635 4 2 1 1 2346 2693 2472 3029
3636 4 2 1 1 1204 1222 2466 3102
3637 4 2 1 1 2083 3098 2793 2300
3638 4 2 1 1 2899 3119 2246 3848
3639 4 2 1 1 2117 2541 2786 3173
3640 4 2 1 1 2425 2526 2243 3548
3641 4 2 1 1 2799 3032 2472 2346
3642 4 2 1 1 2582 2976 679 3276
3643 4 2 1 1 2198 2476 2759 2834
3644 4 2 1 1 728 822 810 2362
3645 4 2 1 1 841 3097 758 3415
3646 4 2 1 1 620 3160 100 3980
3647 4 2 1 1 2728 2280 3065 3845
3648 4 2 1 1 2987 2231 3110 3670
3649 4 2 1 1 1741 2687 2473 1535
3650 4 2 1 1 2697 2979 2204 3416
3651 4 2 1 1 3097 3482 2696 3646
3652 4 2 1 1 1139 3215 2394 3137
3653 4 2 1 1 352 3890 2574 209
3654 4 2 1 1 2463 2883 2839 3753
3655 4 2 1 1 2626 3675 2625 3806
3656 4 2 1 1 2411 3600 2699 3727
3657 4 2 1 1 2688 3101 2947 3382
3658 4 2 1 1 684 683 685 2440
3659 4 2 1 1 768 3323 2810 820
3660 4 2 1 1 316 2498 381 3147
3661 4 2 1 1 2286 2905 2572 3229
3662 4 2 1 1 1556 2621 1668 3651
3663 4 2 1 1 2536 2816 2549 2203
3664 4 2 1 1 2618 2869 2158 2216
3665 4 2 1 1 2595 2742 3677 2155
3666 4 2 1 1 2409 2151 3135 3489
3667 4 2 1 1 1532 2543 2979 3193
3668 4 2 1 1 1499 2391 1497 3111
3669 4 2 1 1 2079 2622 2647 3513
3670 4 2 1 1 1733 2913 1584 3407
3671 4 2 1 1 2452 450 3166 3175
3672 4 2 1 1 2637 2775 2389 2325
3673 4 2 1 1 3810 186 187 1078
3674 4 2 1 1 233 2547 232 3167
3675 4 2 1 1 2098 3378 2806 3734
3676 4 2 1 1 2191 2703 2641 3373
3677 4 2 1 1 1199 1213 2892 3714
3678 4 2 1 1 457 456 458 2532
3679 4 2 1 1 2845 3337 3025 3571
3680 4 2 1 1 1337 2605 1398 3017
3681 4 2 1 1 3893 444 636 2549
3682 4 2 1 1 2538 2855 2570 3365
3683 4 2 1 1 262 340 2761 3465
3684 4 2 1 1 2708 2930 2497 3336
3685 4 2 1 1 1332 2726 2711 3195
3686 4 2 1 1 2215 2915 3625 3649
3687 4 2 1 1 2324 823 3495 3782
3688 4 2 1 1 2181 3481 2781 3792
3689 4 2 1 1 2925 3025 2596 2305
3690 4 2 1 1 3969 2851 816 3913
3691 4 2 1 1 1790 2655 1739 2763
3692 4 2 1 1 2140 2819 2398 3068
3693 4 2 1 1 3212 3261 1183 3340
3694 4 2 1 1 1287 3742 1288 1286
3695 4 2 1 1 1790 2655 2348 3538
3696 4 2 1 1 2517 2243 2907 2941
3697 4 2 1 1 753 2993 2544 3575
3698 4 2 1 1 2404 2843 2286 3561
3699 4 2 1 1 2328 2879 2960 2091
3700 4 2 1 1 816 3913 68 3969
3701 4 2 1 1 2601 2720 2246 3119
3702 4 2 1 1 2205 2701 2876 3464
3703 4 2 1 1 2768 2830 2202 3642
3704 4 2 1 1 1554 2653 1721 1527
3705 4 2 1 1 1214 1213 1229 2875
3706 4 2 1 1 620 3160 431 100
3707 4 2 1 1 1525 2527 1524 3549
3708 4 2 1 1 843 3904 2544 769
3709 4 2 1 1 2194 2720 2601 3380
3710 4 2 1 1 2345 3548 2865 3777
3711 4 2 1 1 2104 3639 3338 3717
3712 4 2 1 1 2092 2631 2342 3469
3713 4 2 1 1 2076 2790 2414 3148
3714 4 2 1 1 3445 3805 1292 1316
3715 4 2 1 1 2546 3482 2144 3742
3716 4 2 1 1 2108 2729 3109 3286
3717 4 2 1 1 2193 2392 2913 3407
3718 4 2 1 1 2140 2627 2382 2310
3719 4 2 1 1 2379 2092 3041 3309
3720 4 2 1 1 3049 3294 2457 3529
3721 4 2 1 1 527 3105 2413 3825
3722 4 2 1 1 2395 2109 2633 3413
3723 4 2 1 1 843 3904 769 866
3724 4 2 1 1 2411 2882 2667 3537
3725 4 2 1 1 2186 2622 2503 2647
3726 4 2 1 1 237 236 2560 2714
3727 4 2 1 1 2570 3207 2339 3796
3728 4 2 1 1 786 2725 2353 3276
3729 4 2 1 1 3088 3558 1420 2552
3730 4 2 1 1 2149 2441 2721 3150
3731 4 2 1 1 241 240 2620 3004
3732 4 2 1 1 2125 2349 2796 3539
3733 4 2 1 1 1420 3558 3088 1280
3734 4 2 1 1 1126 1342 2709 2810
3735 4 2 1 1 2233 3326 2865 3402
3736 4 2 1 1 2546 2144 3482 2696
3737 4 2 1 1 327 2552 376 2768
3738 4 2 1 1 2160 3131 2515 3736
3739 4 2 1 1 2100 2425 3607 3765
3740 4 2 1 1 668 3910 2810 3939
3741 4 2 1 1 1262 3313 2918 3563
3742 4 2 1 1 2225 2548 2524 3019
3743 4 2 1 1 3023 550 2467 609
3744 4 2 1 1 3230 2440 2973 3844
3745 4 2 1 1 2144 2373 2980 3262
3746 4 2 1 1 2118 3063 2381 2542
3747 4 2 1 1 1303 2466 3275 1204
3748 4 2 1 1 2108 2666 3150 3650
3749 4 2 1 1 2398 2960 2879 2091
3750 4 2 1 1 2285 2358 2715 2771
3751 4 2 1 1 2137 2322 2792 3855
3752 4 2 1 1 2130 2624 2761 2421
3753 4 2 1 1 2491 2165 3072 3764
3754 4 2 1 1 3185 1143 2377 3215
3755 4 2 1 1 2703 2844 2554 3082
3756 4 2 1 1 2077 2923 2561 3070
3757 4 2 1 1 2883 3218 2475 3753
3758 4 2 1 1 2611 2755 2228 3478
3759 4 2 1 1 1118 3482 3097 3646
3760 4 2 1 1 784 3969 2711 2851
3761 4 2 1 1 2478 2770 2120 2842
3762 4 2 1 1 2787 2795 2096 3036
3763 4 2 1 1 68 816 3969 839
3764 4 2 1 1 249 2733 2444 3244
3765 4 2 1 1 2395 2959 2109 3413
3766 4 2 1 1 2186 2647 2955 3677
3767 4 2 1 1 2121 2955 2647 3210
3768 4 2 1 1 784 3969 2851 816
3769 4 2 1 1 302 376 327 2552
3770 4 2 1 1 1754 2413 1472 3104
3771 4 2 1 1 3807 2256 3095 3435
3772 4 2 1 1 1196 1195 1194 2792
3773 4 2 1 1 2085 2489 2978 2388
3774 4 2 1 1 2408 2578 2160 2722
3775 4 2 1 1 2892 2103 2185 2457
3776 4 2 1 1 979 2659 2672 3314
3777 4 2 1 1 2388 2257 2878 3722
3778 4 2 1 1 3807 3095 2256 2908
3779 4 2 1 1 2597 2786 1566 3173
3780 4 2 1 1 249 2444 330 3244
3781 4 2 1 1 2230 2981 2439 3301
3782 4 2 1 1 569 2903 2559 3567
3783 4 2 1 1 2416 2703 3082 3425
3784 4 2 1 1 3187 3043 2773 2156
3785 4 2 1 1 3925 1479 3915 93
3786 4 2 1 1 2710 2745 3710 3146
3787 4 2 1 1 979 3140 2659 3314
3788 4 2 1 1 3162 2932 709 3281
3789 4 2 1 1 969 3271 970 3064
3790 4 2 1 1 3041 3631 2753 2447
3791 4 2 1 1 3915 92 93 1479
3792 4 2 1 1 3025 3503 2845 3571
3793 4 2 1 1 2992 3136 2231 3670
3794 4 2 1 1 2839 3296 2250 3309
3795 4 2 1 1 2109 2920 2758 3076
3796 4 2 1 1 678 3152 771 3514
3797 4 2 1 1 2198 2759 2476 3360
3798 4 2 1 1 2733 2228 3417 3552
3799 4 2 1 1 2766 569 580 427
3800 4 2 1 1 2406 2821 2694 3370
3801 4 2 1 1 3491 3527 2867 2489
3802 4 2 1 1 2274 3122 2360 2961
3803 4 2 1 1 2186 2955 2742 3677
3804 4 2 1 1 674 2963 2396 3514
3805 4 2 1 1 2344 2086 2922 3044
3806 4 2 1 1 2481 2583 2143 3417
3807 4 2 1 1 1236 1374 2602 2802
3808 4 2 1 1 2268 2377 2676 3316
3809 4 2 1 1 2653 2913 1721 3022
3810 4 2 1 1 3643 2307 2684 3307
3811 4 2 1 1 2565 1756 3451 3637
3812 4 2 1 1 2850 3019 2176 3170
3813 4 2 1 1 2790 2969 2314 3148
3814 4 2 1 1 2819 3346 2801 2140
3815 4 2 1 1 2440 2582 2213 3863
3816 4 2 1 1 3925 1479 3305 3915
3817 4 2 1 1 2802 3102 2330 3419
3818 4 2 1 1 3796 3665 1352 1279
3819 4 2 1 1 1431 2461 1122 3440
3820 4 2 1 1 1579 1558 1559 3670
3821 4 2 1 1 2531 2342 2631 3045
3822 4 2 1 1 2400 3266 497 2839
3823 4 2 1 1 1309 2957 3390 3808
3824 4 2 1 1 1154 3038 2759 1153
3825 4 2 1 1 2243 2526 2425 3273
3826 4 2 1 1 2432 2833 2661 3157
3827 4 2 1 1 489 488 476 2840
3828 4 2 1 1 2260 3076 2920 3458
3829 4 2 1 1 3085 3097 1283 3482
3830 4 2 1 1 2140 2801 2819 3715
3831 4 2 1 1 1757 3968 3911 181
3832 4 2 1 1 3213 3350 2636 3576
3833 4 2 1 1 2110 3343 2996 3597
3834 4 2 1 1 1293 1251 2416 3082
3835 4 2 1 1 3378 3805 3734 2458
3836 4 2 1 1 316 3896 2660 3841
3837 4 2 1 1 711 2582 679 3276
3838 4 2 1 1 1233 1230 1385 2457
3839 4 2 1 1 2526 2862 2425 3273
3840 4 2 1 1 1239 1315 1242 2554
3841 4 2 1 1 3734 3805 3378 2191
3842 4 2 1 1 2345 3192 2688 3760
3843 4 2 1 1 649 563 2683 3300
3844 4 2 1 1 2376 2628 2504 3579
3845 4 2 1 1 2336 2504 2068 3086
3846 4 2 1 1 2087 3325 3297 2949
3847 4 2 1 1 2577 3181 2769 2078
3848 4 2 1 1 3041 3631 2447 2111
3849 4 2 1 1 2085 2489 2388 2734
3850 4 2 1 1 2134 2764 2419 3556
3851 4 2 1 1 3968 182 181 1454
3852 4 2 1 1 2353 2971 2783 3276
3853 4 2 1 1 404 35 34 3934
3854 4 2 1 1 2842 3013 2309 3260
3855 4 2 1 1 2493 3072 2165 3764
3856 4 2 1 1 1060 3699 3922 2567
3857 4 2 1 1 2120 2842 2770 3055
3858 4 2 1 1 1222 2466 3102 3799
3859 4 2 1 1 1454 3968 182 3245
3860 4 2 1 1 2273 2778 2760 3673
3861 4 2 1 1 1757 3968 181 1454
3862 4 2 1 1 2653 2913 2292 3136
3863 4 2 1 1 1242 2554 2844 3082
3864 4 2 1 1 2921 3735 2602 2123
3865 4 2 1 1 2640 924 2528 3426
3866 4 2 1 1 3968 1454 2673 3245
3867 4 2 1 1 2140 2382 3346 2310
3868 4 2 1 1 832 798 2636 2783
3869 4 2 1 1 2379 3041 2092 3246
3870 4 2 1 1 1182 2670 2940 3653
3871 4 2 1 1 2165 2493 2718 3026
3872 4 2 1 1 2803 3237 2894 2244
3873 4 2 1 1 358 3902 56 3995
3874 4 2 1 1 1556 2392 1554 3136
3875 4 2 1 1 2125 2771 3396 2106
3876 4 2 1 1 2067 2425 2548 3765
3877 4 2 1 1 2939 3394 2929 3725
3878 4 2 1 1 2849 3080 2281 3664
3879 4 2 1 1 2088 3221 3134 3410
3880 4 2 1 1 358 3902 3995 3665
3881 4 2 1 1 1788 3037 2522 3711
3882 4 2 1 1 3297 3325 2087 2831
3883 4 2 1 1 753 2544 3203 3575
3884 4 2 1 1 3240 3442 3109 3583
3885 4 2 1 1 1532 2543 1529 2979
3886 4 2 1 1 2421 3277 2562 3865
3887 4 2 1 1 2360 2274 2092 3385
3888 4 2 1 1 2666 3146 3757 2354
3889 4 2 1 1 2498 2189 2684 3147
3890 4 2 1 1 3171 2658 3644 3103
3891 4 2 1 1 3796 3665 1279 3353
3892 4 2 1 1 179 180 3981 1094
3893 4 2 1 1 3319 3480 2246 2780
3894 4 2 1 1 2340 2823 2590 3176
3895 4 2 1 1 2156 3219 2948 3418
3896 4 2 1 1 2845 2985 2305 3337
3897 4 2 1 1 2351 3153 323 3446
3898 4 2 1 1 2405 2170 3178 3386
3899 4 2 1 1 2855 1281 2574 3164
3900 4 2 1 1 2184 2699 2462 2947
3901 4 2 1 1 337 336 352 2574
3902 4 2 1 1 3498 2536 2922 2203
3903 4 2 1 1 1279 3902 3353 3665
3904 4 2 1 1 2183 3550 3469 3721
3905 4 2 1 1 2079 2647 2622 2905
3906 4 2 1 1 2501 2731 2198 2952
3907 4 2 1 1 1745 3342 3235 3626
3908 4 2 1 1 1597 3499 1730 1599
3909 4 2 1 1 2413 2717 2187 2765
3910 4 2 1 1 3075 3548 3497 3593
3911 4 2 1 1 2498 2684 2189 3371
3912 4 2 1 1 2281 640 3481 3023
3913 4 2 1 1 830 3188 2943 3783
3914 4 2 1 1 1059 946 2521 3330
3915 4 2 1 1 3245 2152 2673 3484
3916 4 2 1 1 1660 1702 1647 3282
3917 4 2 1 1 2304 3310 3294 3853
3918 4 2 1 1 2201 2953 2517 3339
3919 4 2 1 1 1224 1408 1388 2593
3920 4 2 1 1 3808 3906 2431 2910
3921 4 2 1 1 2248 2901 2737 2998
3922 4 2 1 1 3276 3074 3783 2582
3923 4 2 1 1 2855 2354 2670 3150
3924 4 2 1 1 2275 2817 2561 3686
3925 4 2 1 1 3808 3906 2910 1106
3926 4 2 1 1 2177 2510 2452 3166
3927 4 2 1 1 2456 2649 2240 2931
3928 4 2 1 1 3843 1505 1675 3327
3929 4 2 1 1 2081 2729 2861 3614
3930 4 2 1 1 2312 2841 2605 3501
3931 4 2 1 1 2326 3173 3068 3682
3932 4 2 1 1 1313 3964 1114 1421
3933 4 2 1 1 2087 2998 2949 3260
3934 4 2 1 1 2708 2941 2180 3414
3935 4 2 1 1 2321 2219 2743 3247
3936 4 2 1 1 2150 2422 2863 2930
3937 4 2 1 1 2468 2727 3603 3633
3938 4 2 1 1 3404 336 2606 3665
3939 4 2 1 1 282 2485 405 3239
3940 4 2 1 1 3142 3052 2369 3388
3941 4 2 1 1 1597 3499 1599 2716
3942 4 2 1 1 2407 2706 2625 3504
3943 4 2 1 1 2439 2685 2127 3023
3944 4 2 1 1 2487 612 3099 3133
3945 4 2 1 1 3843 1675 1505 1515
3946 4 2 1 1 2311 2814 2677 3395
3947 4 2 1 1 2566 3228 2626 3240
3948 4 2 1 1 3973 3097 652 3646
3949 4 2 1 1 800 797 798 2655
3950 4 2 1 1 2140 2382 2627 3767
3951 4 2 1 1 3487 3683 3210 2827
3952 4 2 1 1 2539 2206 2805 3741
3953 4 2 1 1 2187 3201 3077 2363
3954 4 2 1 1 2075 2909 2526 3028
3955 4 2 1 1 2463 2181 2883 3218
3956 4 2 1 1 973 2977 2587 3271
3957 4 2 1 1 2499 3786 2320 2128
3958 4 2 1 1 2181 537 2695 2738
3959 4 2 1 1 1572 2381 1762 3290
3960 4 2 1 1 1185 1181 1177 2255
3961 4 2 1 1 2766 580 569 2559
3962 4 2 1 1 978 2977 2672 3114
3963 4 2 1 1 1519 1529 1532 2543
3964 4 2 1 1 295 339 338 3126
3965 4 2 1 1 3210 3683 3487 2595
3966 4 2 1 1 1605 2464 1680 3010
3967 4 2 1 1 3052 2933 3388 2153
3968 4 2 1 1 2487 612 3133 559
3969 4 2 1 1 1316 1216 1215 2887
3970 4 2 1 1 3264 3341 2461 2443
3971 4 2 1 1 2226 2337 2412 3171
3972 4 2 1 1 2183 2848 2885 3622
3973 4 2 1 1 1579 3010 3670 3797
3974 4 2 1 1 2708 2808 2497 3200
3975 4 2 1 1 2268 2831 2604 3608
3976 4 2 1 1 2475 2173 2883 3266
3977 4 2 1 1 554 478 473 2439
3978 4 2 1 1 1556 1604 3069 3651
3979 4 2 1 1 1500 2707 3333 3429
3980 4 2 1 1 2245 3240 2629 2566
3981 4 2 1 1 1579 1580 3010 3797
3982 4 2 1 1 2173 2681 3232 3266
3983 4 2 1 1 2349 2715 2211 3539
3984 4 2 1 1 2299 2818 1570 3348
3985 4 2 1 1 2330 3571 3419 3812
3986 4 2 1 1 2652 2831 2268 3325
3987 4 2 1 1 797 798 2655 2636
3988 4 2 1 1 1500 3333 1539 3429
3989 4 2 1 1 3880 1037 3967 46
3990 4 2 1 1 2506 2929 1512 3073
3991 4 2 1 1 3876 3878 555 111
3992 4 2 1 1 3637 669 155 772
3993 4 2 1 1 2262 3761 2916 3269
3994 4 2 1 1 2108 2710 2666 3650
3995 4 2 1 1 3772 3571 2845 3503
3996 4 2 1 1 2487 3310 2304 3853
3997 4 2 1 1 1781 1680 1605 2464
3998 4 2 1 1 2927 2092 2400 3385
3999 4 2 1 1 2273 3648 3614 3867
4000 4 2 1 1 3212 3261 3340 2335
4001 4 2 1 1 2732 2823 2297 3327
4002 4 2 1 1 2203 2549 2536 3730
4003 4 2 1 1 2279 2772 2436 2789
4004 4 2 1 1 1478 140 1795 2522
4005 4 2 1 1 2367 3803 3055 2220
4006 4 2 1 1 2197 3503 3025 3571
4007 4 2 1 1 1162 1168 2794 3758
4008 4 2 1 1 693 3162 3281 3685
4009 4 2 1 1 1159 2394 2942 3610
4010 4 2 1 1 2403 2295 3391 3703
4011 4 2 1 1 2487 612 559 614
4012 4 2 1 1 2086 2344 2876 3044
4013 4 2 1 1 3806 3504 3675 2625
4014 4 2 1 1 2285 3056 2125 3554
4015 4 2 1 1 2389 2637 2266 2775
4016 4 2 1 1 2562 3168 308 3182
4017 4 2 1 1 3880 1037 2545 3967
4018 4 2 1 1 2595 2742 2155 2417
4019 4 2 1 1 3185 3198 2654 2210
4020 4 2 1 1 1065 2898 986 3484
4021 4 2 1 1 2295 2403 2879 3703
4022 4 2 1 1 2212 2926 2636 3213
4023 4 2 1 1 2140 3040 2455 3767
4024 4 2 1 1 351 347 344 3239
4025 4 2 1 1 1601 3235 2352 3550
4026 4 2 1 1 417 206 2680 3344
4027 4 2 1 1 2856 2974 2165 2325
4028 4 2 1 1 2364 3011 2976 3152
4029 4 2 1 1 3806 3675 3504 2245
4030 4 2 1 1 2232 3479 2701 3790
4031 4 2 1 1 2375 3020 3449 3685
4032 4 2 1 1 2400 3232 2173 3308
4033 4 2 1 1 3797 1587 3767 1731
4034 4 2 1 1 2871 2889 2314 3508
4035 4 2 1 1 2617 3045 2342 3837
4036 4 2 1 1 1686 3092 2556 3871
4037 4 2 1 1 2677 2814 2311 3829
4038 4 2 1 1 2141 2319 2799 2988
4039 4 2 1 1 2642 716 705 3233
4040 4 2 1 1 1063 1008 1040 2738
4041 4 2 1 1 2169 2713 3015 3725
4042 4 2 1 1 1134 1132 2999 3303
4043 4 2 1 1 1096 2497 936 3787
4044 4 2 1 1 2356 3003 245 3794
4045 4 2 1 1 3305 3729 3128 1643
4046 4 2 1 1 2743 3112 2321 3709
4047 4 2 1 1 3747 3014 2620 2721
4048 4 2 1 1 2299 2717 2818 3348
4049 4 2 1 1 3264 3341 2197 2461
4050 4 2 1 1 2106 2610 2524 3434
4051 4 2 1 1 2487 612 614 3099
4052 4 2 1 1 1506 2675 1503 3843
4053 4 2 1 1 1037 46 45 3967
4054 4 2 1 1 2596 3279 2925 3675
4055 4 2 1 1 2067 2548 2425 3497
4056 4 2 1 1 2371 3135 2958 3708
4057 4 2 1 1 2279 2789 2469 3373
4058 4 2 1 1 1738 1741 1699 2630
4059 4 2 1 1 639 621 443 2738
4060 4 2 1 1 846 2401 756 2993
4061 4 2 1 1 3967 880 45 1037
4062 4 2 1 1 346 355 349 2774
4063 4 2 1 1 3891 1718 2681 1459
4064 4 2 1 1 2320 2406 2074 2916
4065 4 2 1 1 2474 2600 2330 3442
4066 4 2 1 1 2117 2879 2774 3068
4067 4 2 1 1 2185 2453 2648 3744
4068 4 2 1 1 1389 2942 2534 3610
4069 4 2 1 1 2335 2754 3212 3758
4070 4 2 1 1 2820 2095 3698 2751
4071 4 2 1 1 458 3211 2532 3361
4072 4 2 1 1 2925 3025 2305 3337
4073 4 2 1 1 690 691 2488 3161
4074 4 2 1 1 2363 716 2642 3233
4075 4 2 1 1 1073 3967 3659 2545
4076 4 2 1 1 2463 3218 2883 3753
4077 4 2 1 1 1648 2848 1510 3550
4078 4 2 1 1 1550 2946 1549 2568
4079 4 2 1 1 3967 3924 207 45
4080 4 2 1 1 234 232 233 2547
4081 4 2 1 1 2218 2997 2422 3706
4082 4 2 1 1 3996 2680 206 3344
4083 4 2 1 1 3715 2819 3751 2611
4084 4 2 1 1 837 3187 815 3363
4085 4 2 1 1 2474 2629 2245 3240
4086 4 2 1 1 2079 2788 2647 2905
4087 4 2 1 1 3225 3194 3682 2326
4088 4 2 1 1 2155 2661 2432 2833
4089 4 2 1 1 3149 3283 2502 2833
4090 4 2 1 1 2136 2450 2306 3231
4091 4 2 1 1 565 2683 3454 534
4092 4 2 1 1 2426 3291 2334 3522
4093 4 2 1 1 2230 2685 3301 2439
4094 4 2 1 1 240 242 241 2620
4095 4 2 1 1 2556 2675 2241 3222
4096 4 2 1 1 2099 2378 2335 3207
4097 4 2 1 1 2216 2869 2692 3159
4098 4 2 1 1 2441 3014 2986 2149
4099 4 2 1 1 2273 3614 2778 3867
4100 4 2 1 1 2596 2712 2305 3025
4101 4 2 1 1 2643 2214 3552 2143
4102 4 2 1 1 3614 3648 2361 3867
4103 4 2 1 1 2608 3057 2276 3106
4104 4 2 1 1 1236 2802 2602 3598
4105 4 2 1 1 2136 2348 2835 3671
4106 4 2 1 1 2150 2708 2422 2930
4107 4 2 1 1 1239 2554 1242 3082
4108 4 2 1 1 3747 3014 2721 2217
4109 4 2 1 1 2178 2441 2507 3660
4110 4 2 1 1 2903 3067 2360 3628
4111 4 2 1 1 2604 3181 2769 3316
4112 4 2 1 1 3447 1474 177 3966
4113 4 2 1 1 734 3909 829 2576
4114 4 2 1 1 2917 288 3059 2428
4115 4 2 1 1 2072 2603 3217 2771
4116 4 2 1 1 2137 2852 2671 3855
4117 4 2 1 1 3742 3599 3262 2546
4118 4 2 1 1 2375 2212 2651 2749
4119 4 2 1 1 884 2351 964 3460
4120 4 2 1 1 2077 3070 2561 3457
4121 4 2 1 1 2612 2665 2520 3117
4122 4 2 1 1 2237 2896 2496 3500
4123 4 2 1 1 2349 2211 3180 3539
4124 4 2 1 1 578 2605 576 2841
4125 4 2 1 1 2066 3095 2944 3171
4126 4 2 1 1 3038 3320 2476 3584
4127 4 2 1 1 3025 3337 2105 3571
4128 4 2 1 1 2344 2957 1373 2999
4129 4 2 1 1 2093 2693 2376 2779
4130 4 2 1 1 2605 1398 3017 3313
4131 4 2 1 1 1373 2957 2344 3390
4132 4 2 1 1 1510 1489 2649 2885
4133 4 2 1 1 3966 177 176 1474
4134 4 2 1 1 2183 2649 3550 3721
4135 4 2 1 1 626 68 69 3913
4136 4 2 1 1 2460 2294 2614 3511
4137 4 2 1 1 3322 3629 2383 2589
4138 4 2 1 1 1523 1522 2527 2891
4139 4 2 1 1 3038 2476 3320 2834
4140 4 2 1 1 3057 3106 2608 3408
4141 4 2 1 1 2154 2689 2658 2951
4142 4 2 1 1 2325 2637 2775 3750
4143 4 2 1 1 2158 2902 2618 2389
4144 4 2 1 1 3571 3812 2466 3419
4145 4 2 1 1 3077 872 779 717
4146 4 2 1 1 2285 3056 3554 2808
4147 4 2 1 1 2185 2648 2451 3744
4148 4 2 1 1 2158 2350 2902 3251
4149 4 2 1 1 3393 2617 2916 2171
4150 4 2 1 1 2555 2561 2131 2643
4151 4 2 1 1 2125 2715 2349 3539
4152 4 2 1 1 3305 3729 1643 2738
4153 4 2 1 1 2153 2589 2383 3547
4154 4 2 1 1 2862 3273 2526 3586
4155 4 2 1 1 3245 2152 3484 2482
4156 4 2 1 1 2159 3743 3078 2545
4157 4 2 1 1 2198 2936 2378 3207
4158 4 2 1 1 3536 3223 3248 2283
4159 4 2 1 1 2333 2962 2500 3566
4160 4 2 1 1 2245 3675 2626 3806
4161 4 2 1 1 909 910 911 2374
4162 4 2 1 1 2354 3150 2666 3650
4163 4 2 1 1 3662 2816 543 2549
4164 4 2 1 1 954 2690 2521 2719
4165 4 2 1 1 2309 2633 2515 3413
4166 4 2 1 1 685 2973 2440 3702
4167 4 2 1 1 2758 2920 2109 3519
4168 4 2 1 1 926 2863 2930 3679
4169 4 2 1 1 1240 3805 1292 2954
4170 4 2 1 1 3790 2701 3120 2610
4171 4 2 1 1 2097 2936 2378 3731
4172 4 2 1 1 2094 2479 2679 3435
4173 4 2 1 1 2117 2786 2597 3173
4174 4 2 1 1 3893 1440 1124 2549
4175 4 2 1 1 2360 2903 644 3567
4176 4 2 1 1 1211 1271 1237 2911
4177 4 2 1 1 964 3405 2776 2351
4178 4 2 1 1 3610 2610 2205 3464
4179 4 2 1 1 2365 984 2898 985
4180 4 2 1 1 2163 2436 3179 3144
4181 4 2 1 1 1410 1347 1331 3590
4182 4 2 1 1 694 2375 828 3768
4183 4 2 1 1 3590 1347 2537 3724
4184 4 2 1 1 1705 3966 3922 176
4185 4 2 1 1 2399 2774 355 3270
4186 4 2 1 1 1566 1583 1533 2597
4187 4 2 1 1 1579 1580 1605 3010
4188 4 2 1 1 2411 2882 3537 3368
4189 4 2 1 1 423 2760 263 3673
4190 4 2 1 1 2604 2654 2078 3377
4191 4 2 1 1 1310 2551 1438 2910
4192 4 2 1 1 376 319 3153 3558
4193 4 2 1 1 2268 2377 2604 3520
4194 4 2 1 1 2152 2482 2420 3484
4195 4 2 1 1 959 2849 3160 3664
4196 4 2 1 1 1566 2786 2597 3616
4197 4 2 1 1 461 2935 2663 3263
4198 4 2 1 1 2080 2953 2379 3296
4199 4 2 1 1 2338 2212 2926 2636
4200 4 2 1 1 2365 3084 3033 3216
4201 4 2 1 1 2083 2938 2465 3389
4202 4 2 1 1 2304 3294 2457 3853
4203 4 2 1 1 2249 2601 3103 3171
4204 4 2 1 1 640 3481 594 3664
4205 4 2 1 1 3966 1474 2464 3447
4206 4 2 1 1 3225 3682 3194 1776
4207 4 2 1 1 2163 2436 3144 2616
4208 4 2 1 1 390 2970 2606 3397
4209 4 2 1 1 2666 3757 3146 2070
4210 4 2 1 1 439 631 2413 3039
4211 4 2 1 1 1705 3966 176 1474
4212 4 2 1 1 2972 1488 2687 1699
4213 4 2 1 1 2416 2703 3425 3640
4214 4 2 1 1 1061 1005 947 2900
4215 4 2 1 1 2538 2940 2670 2354
4216 4 2 1 1 295 338 2624 3126
4217 4 2 1 1 2213 3289 2615 2460
4218 4 2 1 1 3075 2865 3548 3593
4219 4 2 1 1 529 2851 2711 530
4220 4 2 1 1 2157 2538 2759 2952
4221 4 2 1 1 2254 3358 2310 3042
4222 4 2 1 1 2868 2999 1132 3303
4223 4 2 1 1 2609 3713 2824 2423
4224 4 2 1 1 819 2932 2432 3281
4225 4 2 1 1 2232 2334 3631 3790
4226 4 2 1 1 1292 3805 1240 1295
4227 4 2 1 1 1536 1565 1563 2979
4228 4 2 1 1 2193 2913 2392 3587
4229 4 2 1 1 2413 650 3104 3105
4230 4 2 1 1 2134 3020 2739 3206
4231 4 2 1 1 2375 2651 2212 3576
4232 4 2 1 1 265 2611 289 2847
4233 4 2 1 1 2972 1488 1699 1490
4234 4 2 1 1 3921 3496 2428 1418
4235 4 2 1 1 337 334 336 2606
4236 4 2 1 1 140 671 2522 3900
4237 4 2 1 1 2135 2534 2897 3640
4238 4 2 1 1 458 482 3211 3361
4239 4 2 1 1 2329 2933 2756 3620
4240 4 2 1 1 2855 2354 3150 3365
4241 4 2 1 1 2178 2507 2441 3156
4242 4 2 1 1 695 696 697 3162
4243 4 2 1 1 3390 3730 1307 1308
4244 4 2 1 1 2832 2903 3067 2360
4245 4 2 1 1 2338 2212 2636 3188
4246 4 2 1 1 1675 2732 2823 3749
4247 4 2 1 1 1620 2630 1738 3256
4248 4 2 1 1 1575 2682 1619 3407
4249 4 2 1 1 2191 2703 2554 3082
4250 4 2 1 1 2143 2778 2361 2836
4251 4 2 1 1 2870 2880 2311 3169
4252 4 2 1 1 1642 3123 2321 3709
4253 4 2 1 1 1188 2389 2902 3588
4254 4 2 1 1 1367 3163 1149 3184
4255 4 2 1 1 3158 2890 2207 2613
4256 4 2 1 1 2065 2626 2566 3770
4257 4 2 1 1 2068 2770 2550 3604
4258 4 2 1 1 3158 2890 2613 2347
4259 4 2 1 1 3873 2746 2433 2989
4260 4 2 1 1 2182 2864 2629 3741
4261 4 2 1 1 2766 2716 2145 3698
4262 4 2 1 1 2425 2243 3497 3548
4263 4 2 1 1 2715 3706 3554 2349
4264 4 2 1 1 242 3003 2620 3156
4265 4 2 1 1 3390 1307 3730 3030
4266 4 2 1 1 2078 2769 2604 3181
4267 4 2 1 1 1285 2546 3482 3646
4268 4 2 1 1 2268 2921 3163 3325
4269 4 2 1 1 2972 1488 1490 3485
4270 4 2 1 1 1379 1349 2794 2974
4271 4 2 1 1 1572 1688 1762 2381
4272 4 2 1 1 2972 1488 3485 2687
4273 4 2 1 1 2256 2679 2479 3435
4274 4 2 1 1 2157 2514 2483 3433
4275 4 2 1 1 288 2428 382 394
4276 4 2 1 1 2188 2646 2592 3401
4277 4 2 1 1 2341 2104 3684 2486
4278 4 2 1 1 1316 1292 1295 3805
4279 4 2 1 1 2075 2575 2909 3028
4280 4 2 1 1 2806 2641 2267 3373
4281 4 2 1 1 1776 3173 3225 3682
4282 4 2 1 1 3966 3255 3922 3699
4283 4 2 1 1 2883 3128 2181 3158
4284 4 2 1 1 1169 2759 2538 3360
4285 4 2 1 1 2170 3011 3178 3386
4286 4 2 1 1 2092 2379 2826 3309
4287 4 2 1 1 2192 2536 2477 3227
4288 4 2 1 1 2335 2936 2378 3351
4289 4 2 1 1 3000 3192 2650 3539
4290 4 2 1 1 213 2700 3983 3226
4291 4 2 1 1 1744 2276 1596 2716
4292 4 2 1 1 3880 217 2545 3743
4293 4 2 1 1 2274 2400 3385 3695
4294 4 2 1 1 2567 2700 2159 3255
4295 4 2 1 1 3458 3335 2100 2425
4296 4 2 1 1 1162 2370 3212 3758
4297 4 2 1 1 2271 3414 2150 2708
4298 4 2 1 1 381 229 2684 3815
4299 4 2 1 1 2085 2364 3374 3589
4300 4 2 1 1 2844 3082 2703 3425
4301 4 2 1 1 2832 2903 2559 2145
4302 4 2 1 1 1226 2965 3774 1235
4303 4 2 1 1 2264 2419 3556 2134
4304 4 2 1 1 2280 3399 2735 3624
4305 4 2 1 1 2448 3268 2427 3553
4306 4 2 1 1 2091 2583 3400 3417
4307 4 2 1 1 2163 2436 2616 2789
4308 4 2 1 1 1072 1065 986 3484
4309 4 2 1 1 2124 3401 2560 3747
4310 4 2 1 1 2295 2774 2879 3068
4311 4 2 1 1 2191 2554 3049 3864
4312 4 2 1 1 2415 2852 2564 3500
4313 4 2 1 1 2377 2654 2604 3520
4314 4 2 1 1 2375 2212 3161 3576
4315 4 2 1 1 3185 1143 3215 1361
4316 4 2 1 1 3268 3553 2969 2222
4317 4 2 1 1 3848 2944 3524 3119
4318 4 2 1 1 2439 2127 2811 3023
4319 4 2 1 1 324 323 2351 3762
4320 4 2 1 1 3547 3629 2589 2383
4321 4 2 1 1 2884 3328 560 3452
4322 4 2 1 1 1690 1566 2786 3173
4323 4 2 1 1 3848 3524 2944 3530
4324 4 2 1 1 2313 2405 2983 3178
4325 4 2 1 1 2916 3393 3081 2320
4326 4 2 1 1 2148 2740 2520 3347
4327 4 2 1 1 1765 3010 1680 3447
4328 4 2 1 1 1370 2476 3038 2759
4329 4 2 1 1 1727 2913 2387 3022
4330 4 2 1 1 2374 2985 2704 3493
4331 4 2 1 1 3556 2134 3205 2264
4332 4 2 1 1 2138 2718 2410 3758
4333 4 2 1 1 423 3379 2760 3673
4334 4 2 1 1 3556 3205 2134 2594
4335 4 2 1 1 1103 3965 3904 3203
4336 4 2 1 1 2629 2115 2864 2566
4337 4 2 1 1 2141 2346 3029 2665
4338 4 2 1 1 3100 1804 1767 3245
4339 4 2 1 1 3904 1353 1103 2544
4340 4 2 1 1 3179 3853 3310 2487
4341 4 2 1 1 3137 3434 2563 3632
4342 4 2 1 1 2360 2832 2903 3567
4343 4 2 1 1 2328 2448 3438 2091
4344 4 2 1 1 2367 3334 2780 3731
4345 4 2 1 1 1533 3062 2597 3299
4346 4 2 1 1 2347 2846 1484 3265
4347 4 2 1 1 3657 2541 344 345
4348 4 2 1 1 2544 2934 2229 3097
4349 4 2 1 1 2806 2641 3373 2191
4350 4 2 1 1 3168 3047 2449 3865
4351 4 2 1 1 2447 3041 2111 3096
4352 4 2 1 1 2363 2642 716 3094
4353 4 2 1 1 3345 2946 3284 2568
4354 4 2 1 1 1489 3329 1490 3485
4355 4 2 1 1 2370 2097 2936 3351
4356 4 2 1 1 2698 3031 3554 2218
4357 4 2 1 1 2166 2978 2490 3009
4358 4 2 1 1 2114 2555 3007 3545
4359 4 2 1 1 2065 2871 3131 3254
4360 4 2 1 1 1103 3965 3203 1345
4361 4 2 1 1 2319 2988 2550 3055
4362 4 2 1 1 693 3162 709 3281
4363 4 2 1 1 2193 2682 2392 3407
4364 4 2 1 1 3657 344 2541 2924
4365 4 2 1 1 1345 126 127 3965
4366 4 2 1 1 3797 3767 1587 2627
4367 4 2 1 1 822 2362 3079 3663
4368 4 2 1 1 2949 2759 2952 2157
4369 4 2 1 1 2778 3614 2361 3867
4370 4 2 1 1 1227 2344 3030 3390
4371 4 2 1 1 2274 2400 3309 2092
4372 4 2 1 1 2144 3262 2546 3742
4373 4 2 1 1 649 519 563 3300
4374 4 2 1 1 2134 2594 2764 3556
4375 4 2 1 1 2092 2826 3308 3309
4376 4 2 1 1 2506 2679 2318 3176
4377 4 2 1 1 1554 2653 1527 3136
4378 4 2 1 1 2486 3521 2512 3639
4379 4 2 1 1 785 2725 675 3634
4380 4 2 1 1 2479 2746 2169 3015
4381 4 2 1 1 1300 3107 2551 3730
4382 4 2 1 1 2200 3304 3118 3429
4383 4 2 1 1 2156 2837 3219 3418
4384 4 2 1 1 2259 2383 2093 2989
4385 4 2 1 1 2111 2825 2447 3096
4386 4 2 1 1 899 2461 2874 3199
4387 4 2 1 1 2476 2834 2198 2936
4388 4 2 1 1 3918 3965 126 1345
4389 4 2 1 1 3730 2203 3390 3030
4390 4 2 1 1 2407 2625 2706 2866
4391 4 2 1 1 2185 2510 2777 2875
4392 4 2 1 1 3918 3965 1345 3203
4393 4 2 1 1 3610 1178 3303 2534
4394 4 2 1 1 2106 2358 3155 2285
4395 4 2 1 1 2243 2526 3273 3586
4396 4 2 1 1 2599 412 3988 66
4397 4 2 1 1 1375 2519 1335 2965
4398 4 2 1 1 324 2351 3460 3762
4399 4 2 1 1 3705 1511 1494 1712
4400 4 2 1 1 1132 1130 1227 3030
4401 4 2 1 1 421 384 3194 3242
4402 4 2 1 1 2065 2889 2626 3770
4403 4 2 1 1 3921 1421 3964 2990
4404 4 2 1 1 2136 2651 3250 3350
4405 4 2 1 1 2446 2163 2935 3842
4406 4 2 1 1 3921 1421 62 3964
4407 4 2 1 1 2218 3554 3056 2808
4408 4 2 1 1 63 62 1421 3964
4409 4 2 1 1 2688 2947 2316 3382
4410 4 2 1 1 1557 1574 1575 2682
4411 4 2 1 1 672 11 12 2709
4412 4 2 1 1 2557 2390 2175 3859
4413 4 2 1 1 1787 3922 2567 1477
4414 4 2 1 1 1581 3128 2347 2890
4415 4 2 1 1 2086 2876 2344 3143
4416 4 2 1 1 2279 2469 3093 3373
4417 4 2 1 1 3705 1494 1511 2644
4418 4 2 1 1 3591 672 12 2709
4419 4 2 1 1 2709 3991 11 411
4420 4 2 1 1 2438 3106 572 3317
4421 4 2 1 1 3342 2278 3061 3235
4422 4 2 1 1 1523 2891 2527 3784
4423 4 2 1 1 1231 2457 1233 3049
4424 4 2 1 1 384 3194 3242 3669
4425 4 2 1 1 2388 2867 2485 2878
4426 4 2 1 1 282 2485 3239 3247
4427 4 2 1 1 2095 2397 2751 2820
4428 4 2 1 1 2257 2782 2573 3856
4429 4 2 1 1 2311 2880 2350 3251
4430 4 2 1 1 1647 1625 3006 3112
4431 4 2 1 1 3256 2857 2366 2630
4432 4 2 1 1 1147 1148 1146 2586
4433 4 2 1 1 2610 3237 3120 3790
4434 4 2 1 1 456 3121 2532 3861
4435 4 2 1 1 2431 2910 1039 3267
4436 4 2 1 1 2348 3213 2136 3350
4437 4 2 1 1 1674 2848 2329 3362
4438 4 2 1 1 3109 3286 2729 3611
4439 4 2 1 1 2262 3761 2824 2916
4440 4 2 1 1 2615 2130 2815 3745
4441 4 2 1 1 1556 1530 1668 3136
4442 4 2 1 1 3972 442 2724 3828
4443 4 2 1 1 248 2733 247 2836
4444 4 2 1 1 2613 2907 2129 3087
4445 4 2 1 1 3219 1662 2773 1666
4446 4 2 1 1 2233 2345 2865 3777
4447 4 2 1 1 3342 3061 2278 2559
4448 4 2 1 1 1519 2689 2543 3193
4449 4 2 1 1 2943 3188 2338 3783
4450 4 2 1 1 2570 3132 2339 3207
4451 4 2 1 1 969 970 3271 971
4452 4 2 1 1 2269 2659 2621 3651
4453 4 2 1 1 2148 2520 2740 3117
4454 4 2 1 1 2079 2647 2728 3513
4455 4 2 1 1 3345 3284 2946 2445
4456 4 2 1 1 3168 308 341 283
4457 4 2 1 1 2732 3327 2297 3843
4458 4 2 1 1 3162 709 2932 695
4459 4 2 1 1 2154 2288 2914 3644
4460 4 2 1 1 2521 2730 946 3679
4461 4 2 1 1 1059 2521 954 2690
4462 4 2 1 1 2955 3210 2750 3428
4463 4 2 1 1 1279 2519 3353 1427
4464 4 2 1 1 1308 2551 3390 3730
4465 4 2 1 1 2715 3706 2107 3554
4466 4 2 1 1 390 2606 3014 3397
4467 4 2 1 1 3662 2816 2549 2536
4468 4 2 1 1 2199 3181 2424 3377
4469 4 2 1 1 778 3077 3001 779
4470 4 2 1 1 3224 2255 2443 3264
4471 4 2 1 1 2551 2203 3044 3390
4472 4 2 1 1 3256 2857 2630 2247
4473 4 2 1 1 2135 2942 2534 3640
4474 4 2 1 1 2707 3304 2200 3429
4475 4 2 1 1 2086 2344 2922 3143
4476 4 2 1 1 2635 3370 2894 2821
4477 4 2 1 1 2584 2669 2224 3356
4478 4 2 1 1 2118 2386 2668 3063
4479 4 2 1 1 257 2507 377 3794
4480 4 2 1 1 685 2440 683 3872
4481 4 2 1 1 2508 3402 2345 3760
4482 4 2 1 1 3735 2123 3355 2602
4483 4 2 1 1 2249 3171 2908 3380
4484 4 2 1 1 2175 2818 2717 3348
4485 4 2 1 1 362 3412 264 2755
4486 4 2 1 1 2281 2127 3621 2849
4487 4 2 1 1 1696 1470 1695 2743
4488 4 2 1 1 31 30 3963 1775
4489 4 2 1 1 2121 2750 2955 3210
4490 4 2 1 1 264 3412 362 273
4491 4 2 1 1 2266 2637 2564 3186
4492 4 2 1 1 2382 2992 2627 3767
4493 4 2 1 1 3963 1775 30 3657
4494 4 2 1 1 2251 2423 2616 3144
4495 4 2 1 1 2297 3062 2732 3843
4496 4 2 1 1 2367 3731 2780 3848
4497 4 2 1 1 3187 837 723 3094
4498 4 2 1 1 2281 3160 2849 3664
4499 4 2 1 1 1601 1603 3061 3235
4500 4 2 1 1 2144 2692 2870 3159
4501 4 2 1 1 2170 2582 3074 3276
4502 4 2 1 1 807 652 841 3646
4503 4 2 1 1 674 3883 673 664
4504 4 2 1 1 1775 3963 3225 3657
4505 4 2 1 1 2366 2152 2682 3100
4506 4 2 1 1 1465 3963 31 3916
4507 4 2 1 1 2072 2539 2650 3217
4508 4 2 1 1 2263 2373 3262 3411
4509 4 2 1 1 2449 2684 2189 3147
4510 4 2 1 1 3111 3740 3024 3820
4511 4 2 1 1 2154 2412 2914 3176
4512 4 2 1 1 3140 3962 3981 993
4513 4 2 1 1 2065 2626 2625 3806
4514 4 2 1 1 1787 3922 1477 1705
4515 4 2 1 1 1169 2940 2759 3433
4516 4 2 1 1 289 3391 371 2847
4517 4 2 1 1 2335 3371 3480 2099
4518 4 2 1 1 2213 3152 2615 3289
4519 4 2 1 1 335 3404 2970 3815
4520 4 2 1 1 1675 2823 2732 3327
4521 4 2 1 1 1465 3963 3916 3225
4522 4 2 1 1 1753 2413 1754 3348
4523 4 2 1 1 2413 650 3105 527
4524 4 2 1 1 2134 2764 2594 3535
4525 4 2 1 1 823 2735 725 3399
4526 4 2 1 1 2429 2179 3341 3578
4527 4 2 1 1 3921 3496 1418 1105
4528 4 2 1 1 2162 2650 2581 3000
4529 4 2 1 1 2249 3380 2430 3606
4530 4 2 1 1 295 2761 2624 2421
4531 4 2 1 1 3595 3690 2800 2543
4532 4 2 1 1 1512 2929 2506 3543
4533 4 2 1 1 2129 2907 3339 3586
4534 4 2 1 1 3542 3438 3145 2091
4535 4 2 1 1 855 2735 823 2851
4536 4 2 1 1 1805 2348 1790 1631
4537 4 2 1 1 942 2828 1051 2849
4538 4 2 1 1 3187 723 837 724
4539 4 2 1 1 2853 3727 2411 2705
4540 4 2 1 1 967 2776 2640 3064
4541 4 2 1 1 3023 640 3481 517
4542 4 2 1 1 1512 1710 2929 3543
4543 4 2 1 1 1601 2352 3061 3499
4544 4 2 1 1 2613 2687 2240 3265
4545 4 2 1 1 2117 2786 2541 3638
4546 4 2 1 1 2647 2905 2788 3677
4547 4 2 1 1 2527 2653 1525 3784
4548 4 2 1 1 497 489 501 2400
4549 4 2 1 1 1567 2786 1566 3616
4550 4 2 1 1 2787 3280 2509 3401
4551 4 2 1 1 1270 3474 1312 3642
4552 4 2 1 1 2370 2097 3351 2748
4553 4 2 1 1 2417 2932 2595 3858
4554 4 2 1 1 1169 1328 1357 2538
4555 4 2 1 1 551 493 2477 3227
4556 4 2 1 1 179 178 3962 1462
4557 4 2 1 1 2878 3722 2257 3856
4558 4 2 1 1 2640 3426 2528 2131
4559 4 2 1 1 2429 3341 2664 3578
4560 4 2 1 1 2513 3380 2720 3544
4561 4 2 1 1 2120 2838 2478 3013
4562 4 2 1 1 3367 915 3431 917
4563 4 2 1 1 2278 3235 3342 3626
4564 4 2 1 1 3052 2933 2153 2756
4565 4 2 1 1 2418 2828 2317 3787
4566 4 2 1 1 2786 3173 2541 3657
4567 4 2 1 1 2642 2757 2363 3428
4568 4 2 1 1 2065 2871 2626 2889
4569 4 2 1 1 2395 3316 2123 3532
4570 4 2 1 1 2462 2632 2182 3382
4571 4 2 1 1 1178 2534 1389 3563
4572 4 2 1 1 2085 2697 2430 3172
4573 4 2 1 1 3448 1802 3369 3612
4574 4 2 1 1 2069 3117 2612 2385
4575 4 2 1 1 2762 2801 2359 3346
4576 4 2 1 1 376 322 2768 3153
4577 4 2 1 1 1370 2476 1161 3584
4578 4 2 1 1 2144 2764 2692 3159
4579 4 2 1 1 2830 2443 3224 3611
4580 4 2 1 1 968 1097 966 2434
4581 4 2 1 1 2948 3451 2187 2765
4582 4 2 1 1 2688 3000 2539 3667
4583 4 2 1 1 1382 1249 1210 2570
4584 4 2 1 1 2972 3485 3329 2331
4585 4 2 1 1 950 3080 2849 3664
4586 4 2 1 1 2366 2172 2857 2882
4587 4 2 1 1 3850 234 2547 3432
4588 4 2 1 1 2369 3698 2716 2276
4589 4 2 1 1 1276 2874 2461 3264
4590 4 2 1 1 2301 2750 2553 3428
4591 4 2 1 1 2442 3193 2689 3282
4592 4 2 1 1 2185 2875 2777 3594
4593 4 2 1 1 2413 650 527 439
4594 4 2 1 1 2848 3469 2183 3550
4595 4 2 1 1 2186 2647 2503 2955
4596 4 2 1 1 2498 2684 2307 3815
4597 4 2 1 1 3200 2558 2505 2180
4598 4 2 1 1 2972 3329 3485 1490
4599 4 2 1 1 914 915 913 3084
4600 4 2 1 1 2456 2240 2826 2931
4601 4 2 1 1 2626 2245 3240 3778
4602 4 2 1 1 2133 2591 3354 3492
4603 4 2 1 1 2735 3399 2324 3624
4604 4 2 1 1 1489 1491 1490 3329
4605 4 2 1 1 2068 2722 2770 3604
4606 4 2 1 1 465 464 463 2446
4607 4 2 1 1 2170 2971 2353 3276
4608 4 2 1 1 2262 2916 3081 2320
4609 4 2 1 1 2488 2943 2264 3702
4610 4 2 1 1 2539 2162 2650 3687
4611 4 2 1 1 3595 2800 3690 3073
4612 4 2 1 1 773 2565 3828 3129
4613 4 2 1 1 3447 3962 178 1462
4614 4 2 1 1 3850 2547 234 3455
4615 4 2 1 1 2271 2708 2497 3200
4616 4 2 1 1 501 2400 513 2927
4617 4 2 1 1 2899 3480 3372 3848
4618 4 2 1 1 3491 3527 2489 268
4619 4 2 1 1 2209 3677 2595 2742
4620 4 2 1 1 1787 1651 1759 2567
4621 4 2 1 1 2424 2199 2959 3181
4622 4 2 1 1 1316 3190 2458 3805
4623 4 2 1 1 2718 2794 2410 3758
4624 4 2 1 1 2132 2556 2812 3222
4625 4 2 1 1 1765 3962 2659 3447
4626 4 2 1 1 3739 2172 2473 3027
4627 4 2 1 1 3598 2584 3799 2206
4628 4 2 1 1 2948 3451 2765 3219
4629 4 2 1 1 2351 323 3153 3379
4630 4 2 1 1 3961 28 27 1772
4631 4 2 1 1 2405 2119 2800 3492
4632 4 2 1 1 2418 2674 2086 3498
4633 4 2 1 1 2278 3235 3308 3721
4634 4 2 1 1 3537 3781 2853 3846
4635 4 2 1 1 2568 2946 2118 2381
4636 4 2 1 1 3496 1313 1105 2990
4637 4 2 1 1 2939 3394 3725 2343
4638 4 2 1 1 972 3078 2384 3271
4639 4 2 1 1 2123 2632 2395 3532
4640 4 2 1 1 1506 2891 3843 1516
4641 4 2 1 1 2926 3074 2484 3830
4642 4 2 1 1 3496 1105 1313 1443
4643 4 2 1 1 2159 3743 2545 2813
4644 4 2 1 1 2240 2687 2613 3339
4645 4 2 1 1 558 561 2884 3526
4646 4 2 1 1 1357 1169 2538 3360
4647 4 2 1 1 2456 1555 3456 3550
4648 4 2 1 1 2918 3313 2287 3563
4649 4 2 1 1 3816 1034 952 938
4650 4 2 1 1 2809 2389 2266 3588
4651 4 2 1 1 2260 3189 2100 3335
4652 4 2 1 1 1207 1359 1235 3774
4653 4 2 1 1 2271 2497 2849 3200
4654 4 2 1 1 3816 952 1034 2585
4655 4 2 1 1 1506 1503 1505 3843
4656 4 2 1 1 762 2980 2696 3060
4657 4 2 1 1 2161 2810 2357 2904
4658 4 2 1 1 3961 3905 28 1772
4659 4 2 1 1 1221 1180 2410 3349
4660 4 2 1 1 2173 3232 2681 3308
4661 4 2 1 1 832 802 798 2783
4662 4 2 1 1 1071 981 1044 3699
4663 4 2 1 1 2355 3445 1254 3516
4664 4 2 1 1 3075 2699 3101 2176
4665 4 2 1 1 1312 3474 2911 3642
4666 4 2 1 1 2223 3215 3137 2394
4667 4 2 1 1 3112 1771 3585 1624
4668 4 2 1 1 2209 2757 2642 3428
4669 4 2 1 1 2166 3374 2736 3573
4670 4 2 1 1 1199 1213 1214 2892
4671 4 2 1 1 2142 2548 3076 3458
4672 4 2 1 1 961 2991 3446 2599
4673 4 2 1 1 782 785 675 3634
4674 4 2 1 1 2319 3177 2799 3295
4675 4 2 1 1 1313 3964 1421 2990
4676 4 2 1 1 2181 2607 3128 3729
4677 4 2 1 1 2578 2798 2722 3151
4678 4 2 1 1 1610 2387 3092 3871
4679 4 2 1 1 1095 3046 2528 3426
4680 4 2 1 1 863 2546 764 3262
4681 4 2 1 1 2452 3166 450 3454
4682 4 2 1 1 182 183 3941 887
4683 4 2 1 1 631 3039 553 3825
4684 4 2 1 1 3547 3629 2262 2589
4685 4 2 1 1 2224 2928 2584 3356
4686 4 2 1 1 768 750 751 2904
4687 4 2 1 1 3067 2903 3698 2438
4688 4 2 1 1 2566 3462 2245 3806
4689 4 2 1 1 1460 3961 3903 27
4690 4 2 1 1 1765 2621 1669 1615
4691 4 2 1 1 3243 2811 2439 3301
4692 4 2 1 1 1217 2514 3409 3726
4693 4 2 1 1 3389 3643 3047 2860
4694 4 2 1 1 1405 2350 2880 3251
4695 4 2 1 1 2481 3145 3400 3417
4696 4 2 1 1 2457 3294 2103 3853
4697 4 2 1 1 2418 2317 3016 3787
4698 4 2 1 1 1316 1216 3190 3805
4699 4 2 1 1 1420 3088 2552 3474
4700 4 2 1 1 2242 2528 3426 2131
4701 4 2 1 1 2412 2226 2914 2337
4702 4 2 1 1 3110 2231 2621 3670
4703 4 2 1 1 2488 2943 688 3188
4704 4 2 1 1 3643 3371 2465 2300
4705 4 2 1 1 3945 888 3440 3882
4706 4 2 1 1 3192 3402 2211 3760
4707 4 2 1 1 3047 3643 3389 2083
4708 4 2 1 1 2358 3019 2850 3562
4709 4 2 1 1 2706 2947 2316 3504
4710 4 2 1 1 2483 2759 2157 3433
4711 4 2 1 1 2199 2424 2975 2319
4712 4 2 1 1 1194 1362 1198 2677
4713 4 2 1 1 1584 2913 1557 3407
4714 4 2 1 1 2419 2144 2764 2692
4715 4 2 1 1 387 2399 348 3324
4716 4 2 1 1 3252 3463 2804 2346
4717 4 2 1 1 2104 3120 2468 3717
4718 4 2 1 1 2073 2799 3177 3295
4719 4 2 1 1 2073 2520 2988 3347
4720 4 2 1 1 2278 2927 2832 3308
4721 4 2 1 1 2860 3689 2761 2130
4722 4 2 1 1 3961 3123 1772 3709
4723 4 2 1 1 2721 3196 2620 3747
4724 4 2 1 1 2447 3053 2803 2167
4725 4 2 1 1 2375 694 3071 3768
4726 4 2 1 1 2375 3071 694 3162
4727 4 2 1 1 717 2363 3077 3233
4728 4 2 1 1 1208 2677 1228 2982
4729 4 2 1 1 2155 2788 2661 2833
4730 4 2 1 1 3457 3545 2435 3007
4731 4 2 1 1 2117 2879 2960 3468
4732 4 2 1 1 2328 2960 2879 3468
4733 4 2 1 1 2147 2665 2612 3763
4734 4 2 1 1 2771 2850 3562 2358
4735 4 2 1 1 2073 2493 3347 3764
4736 4 2 1 1 784 2711 787 3652
4737 4 2 1 1 1293 3082 2416 3805
4738 4 2 1 1 2073 3347 3295 3764
4739 4 2 1 1 2707 2779 2128 3620
4740 4 2 1 1 2664 3341 2830 3578
4741 4 2 1 1 2104 2468 3120 3528
4742 4 2 1 1 2209 3677 2742 2955
4743 4 2 1 1 2154 2702 2914 2288
4744 4 2 1 1 3319 3444 3708 2371
4745 4 2 1 1 2811 2505 3609 3621
4746 4 2 1 1 2483 3325 3163 3409
4747 4 2 1 1 2387 2193 2747 3258
4748 4 2 1 1 2349 2125 2698 3554
4749 4 2 1 1 2837 1762 2381 3043
4750 4 2 1 1 253 3391 366 3703
4751 4 2 1 1 3223 353 354 2986
4752 4 2 1 1 2117 3036 2786 3638
4753 4 2 1 1 3761 2617 3800 2171
4754 4 2 1 1 2389 2618 2165 2856
4755 4 2 1 1 903 2305 935 905
4756 4 2 1 1 2557 2175 2390 3057
4757 4 2 1 1 755 2544 753 2993
4758 4 2 1 1 2469 2191 3093 3373
4759 4 2 1 1 2463 2181 3218 3481
4760 4 2 1 1 3715 3751 2819 2140
4761 4 2 1 1 2286 3561 2843 3293
4762 4 2 1 1 2232 2558 2825 3631
4763 4 2 1 1 3319 3480 2780 3351
4764 4 2 1 1 2182 2737 2633 3376
4765 4 2 1 1 935 903 1048 2845
4766 4 2 1 1 2250 3296 2883 3609
4767 4 2 1 1 2465 3389 3307 3643
4768 4 2 1 1 248 247 246 2836
4769 4 2 1 1 3824 3521 2841 2512
4770 4 2 1 1 2178 2620 2721 3196
4771 4 2 1 1 3633 3528 2468 2727
4772 4 2 1 1 3264 3341 2443 3224
4773 4 2 1 1 2098 2852 3500 3518
4774 4 2 1 1 2409 2720 2371 2151
4775 4 2 1 1 3526 576 2884 2841
4776 4 2 1 1 3047 3502 3389 2860
4777 4 2 1 1 3739 2207 2719 3769
4778 4 2 1 1 2649 2885 1489 3485
4779 4 2 1 1 2089 2996 3574 3602
4780 4 2 1 1 3179 3384 2103 3744
4781 4 2 1 1 3389 3502 3047 2083
4782 4 2 1 1 2168 3447 3010 2659
4783 4 2 1 1 3109 3240 3228 2115
4784 4 2 1 1 2586 2887 2654 3681
4785 4 2 1 1 2220 2937 2337 2367
4786 4 2 1 1 3777 2411 2699 2075
4787 4 2 1 1 2571 2838 2272 3604
4788 4 2 1 1 1460 3961 27 1772
4789 4 2 1 1 3961 3905 1772 3123
4790 4 2 1 1 2338 3074 2926 3830
4791 4 2 1 1 2412 2249 2908 3531
4792 4 2 1 1 2576 2683 2121 3300
4793 4 2 1 1 2551 2910 1310 3390
4794 4 2 1 1 2464 2587 2168 3719
4795 4 2 1 1 2182 2566 2737 3376
4796 4 2 1 1 2585 2912 2781 3158
4797 4 2 1 1 836 864 672 2709
4798 4 2 1 1 2758 2920 2260 3076
4799 4 2 1 1 2154 2658 2288 3644
4800 4 2 1 1 2191 3049 2954 3864
4801 4 2 1 1 2326 421 3242 3748
4802 4 2 1 1 1003 3398 1002 3467
4803 4 2 1 1 2076 3148 2838 3268
4804 4 2 1 1 2420 2172 2882 3472
4805 4 2 1 1 2342 3045 2074 3050
4806 4 2 1 1 1056 2854 3180 3367
4807 4 2 1 1 2424 2797 2577 2959
4808 4 2 1 1 2352 3469 2848 3550
4809 4 2 1 1 2837 1762 3043 1662
4810 4 2 1 1 2193 2705 2575 3258
4811 4 2 1 1 2183 2885 2331 3581
4812 4 2 1 1 2584 2224 2669 2650
4813 4 2 1 1 810 2362 822 3663
4814 4 2 1 1 2457 2892 1230 3292
4815 4 2 1 1 2501 2952 2198 3365
4816 4 2 1 1 3923 1769 3960 23
4817 4 2 1 1 2129 2630 2473 2857
4818 4 2 1 1 2530 2941 2865 3326
4819 4 2 1 1 23 24 1769 3960
4820 4 2 1 1 2786 2924 1774 3657
4821 4 2 1 1 2142 3076 2548 2577
4822 4 2 1 1 487 2981 2439 3302
4823 4 2 1 1 3923 1769 3510 3960
4824 4 2 1 1 2361 2143 2836 3318
4825 4 2 1 1 2385 2579 3422 2926
4826 4 2 1 1 1654 3456 2846 3626
4827 4 2 1 1 3024 2812 2336 3740
4828 4 2 1 1 2328 2427 3268 3546
4829 4 2 1 1 2075 2882 2857 3472
4830 4 2 1 1 2396 1633 2983 3711
4831 4 2 1 1 2396 1633 3634 2983
4832 4 2 1 1 1470 3960 24 3898
4833 4 2 1 1 1138 2563 2394 3138
4834 4 2 1 1 2820 2616 3761 3800
4835 4 2 1 1 2443 3611 3642 2911
4836 4 2 1 1 2516 857 2993 3838
4837 4 2 1 1 2251 3263 2935 3439
4838 4 2 1 1 2073 2637 2491 3295
4839 4 2 1 1 641 518 3001 3488
4840 4 2 1 1 3739 2207 3769 2473
4841 4 2 1 1 2075 2857 2530 3472
4842 4 2 1 1 2539 2650 2162 3000
4843 4 2 1 1 1781 3966 3255 1705
4844 4 2 1 1 2157 2998 2514 3272
4845 4 2 1 1 910 2374 909 3359
4846 4 2 1 1 3081 3629 3463 2804
4847 4 2 1 1 2509 2226 3103 3524
4848 4 2 1 1 1470 3960 3898 3510
4849 4 2 1 1 661 70 69 3913
4850 4 2 1 1 1549 1548 1545 2946
4851 4 2 1 1 2666 2710 2354 3650
4852 4 2 1 1 2777 2875 2291 3594
4853 4 2 1 1 2148 2409 2994 3515
4854 4 2 1 1 2471 3258 2575 3668
4855 4 2 1 1 3824 3521 2512 603
4856 4 2 1 1 2224 2650 2584 3217
4857 4 2 1 1 1733 1727 1584 2913
4858 4 2 1 1 3319 3444 2371 3098
4859 4 2 1 1 2197 3025 2474 3571
4860 4 2 1 1 2138 2718 2748 3319
4861 4 2 1 1 243 2403 3391 3703
4862 4 2 1 1 1256 3274 2856 3349
4863 4 2 1 1 3719 3797 3010 2956
4864 4 2 1 1 3142 3388 2369 2095
4865 4 2 1 1 2488 2739 2134 3020
4866 4 2 1 1 1429 1243 1282 2934
4867 4 2 1 1 2155 2788 2833 2905
4868 4 2 1 1 2356 245 3003 3391
4869 4 2 1 1 3888 806 2655 3538
4870 4 2 1 1 578 576 577 2841
4871 4 2 1 1 2463 2839 2250 3202
4872 4 2 1 1 604 3305 2475 3704
4873 4 2 1 1 3595 2154 3749 2823
4874 4 2 1 1 2512 3338 2841 3869
4875 4 2 1 1 2589 2397 3269 3388
4876 4 2 1 1 3750 2491 2637 3647
4877 4 2 1 1 2536 2922 2203 3030
4878 4 2 1 1 2515 2633 2309 3376
4879 4 2 1 1 2331 2240 2687 3485
4880 4 2 1 1 282 375 405 2485
4881 4 2 1 1 2325 2974 2165 3320
4882 4 2 1 1 999 3398 3016 3459
4883 4 2 1 1 2180 2708 2808 2997
4884 4 2 1 1 3739 2172 3027 2690
4885 4 2 1 1 3940 860 3989 156
4886 4 2 1 1 2100 3220 2142 3765
4887 4 2 1 1 796 790 2744 3350
4888 4 2 1 1 2853 3727 2705 2090
4889 4 2 1 1 2165 2618 2389 3072
4890 4 2 1 1 40 403 320 3446
4891 4 2 1 1 465 466 2446 3122
4892 4 2 1 1 2065 2706 2515 3376
4893 4 2 1 1 1086 2467 2828 3467
4894 4 2 1 1 2425 2176 3548 3497
4895 4 2 1 1 664 782 675 3634
4896 4 2 1 1 2595 2742 2417 2209
4897 4 2 1 1 2176 2699 2909 3548
4898 4 2 1 1 102 101 589 3974
4899 4 2 1 1 1536 1716 1573 2979
4900 4 2 1 1 2437 2737 2566 3770
4901 4 2 1 1 3103 2877 3443 2388
4902 4 2 1 1 2664 3560 3018 2429
4903 4 2 1 1 661 70 3913 3495
4904 4 2 1 1 1360 1163 1138 2563
4905 4 2 1 1 1165 1154 2483 2759
4906 4 2 1 1 2584 2650 2162 3687
4907 4 2 1 1 1673 1493 2885 3362
4908 4 2 1 1 2630 2687 1699 2972
4909 4 2 1 1 661 2851 816 855
4910 4 2 1 1 2369 3649 3142 2095
4911 4 2 1 1 3890 1423 3959 3164
4912 4 2 1 1 417 368 206 3344
4913 4 2 1 1 3183 2177 2362 2593
4914 4 2 1 1 2154 2590 2823 3176
4915 4 2 1 1 2326 3225 3173 3682
4916 4 2 1 1 1347 3590 1410 3724
4917 4 2 1 1 2203 3390 2344 3044
4918 4 2 1 1 497 2400 501 3232
4919 4 2 1 1 1375 1247 1335 2519
4920 4 2 1 1 2180 2808 2558 2829
4921 4 2 1 1 2820 3761 2616 2423
4922 4 2 1 1 2645 2524 3434 3562
4923 4 2 1 1 2194 3544 3380 3606
4924 4 2 1 1 2185 2648 2453 3259
4925 4 2 1 1 2516 3230 857 3838
4926 4 2 1 1 2301 3201 2750 3428
4927 4 2 1 1 2559 2145 2766 2716
4928 4 2 1 1 557 541 2451 3452
4929 4 2 1 1 3900 1788 2522 1478
4930 4 2 1 1 2581 3000 2650 3539
4931 4 2 1 1 1360 2563 1138 3138
4932 4 2 1 1 3730 3390 2203 2551
4933 4 2 1 1 2643 3686 2561 2131
4934 4 2 1 1 3890 1423 58 3959
4935 4 2 1 1 2661 2788 2280 3366
4936 4 2 1 1 2786 3036 2117 3874
4937 4 2 1 1 2150 2930 2863 3679
4938 4 2 1 1 2876 3143 2086 2701
4939 4 2 1 1 2100 2962 2333 3607
4940 4 2 1 1 3065 2788 2647 2079
4941 4 2 1 1 2197 2323 3503 3571
4942 4 2 1 1 2931 2092 2379 2826
4943 4 2 1 1 2402 2134 2612 3206
4944 4 2 1 1 3873 2746 2989 2259
4945 4 2 1 1 1482 2475 1481 3288
4946 4 2 1 1 933 2863 2730 3431
4947 4 2 1 1 2613 2687 2129 3339
4948 4 2 1 1 1423 59 58 3959
4949 4 2 1 1 2381 3043 1762 3290
4950 4 2 1 1 2637 2491 3295 3647
4951 4 2 1 1 3610 1178 2534 1389
4952 4 2 1 1 3065 2647 2788 2280
4953 4 2 1 1 3187 3231 3043 2156
4954 4 2 1 1 2700 3226 2254 3358
4955 4 2 1 1 2385 3422 2579 2069
4956 4 2 1 1 2486 606 2727 3814
4957 4 2 1 1 3156 392 3014 363
4958 4 2 1 1 958 2828 2849 1051
4959 4 2 1 1 3171 2658 3103 2249
4960 4 2 1 1 2204 2689 2442 3193
4961 4 2 1 1 604 3218 2475 3305
4962 4 2 1 1 2223 3632 3434 3137
4963 4 2 1 1 2664 3405 2429 3578
4964 4 2 1 1 2614 2784 2194 2906
4965 4 2 1 1 2483 2248 3325 3409
4966 4 2 1 1 1111 3959 3901 59
4967 4 2 1 1 2478 2838 2160 3736
4968 4 2 1 1 2430 2249 3172 3531
4969 4 2 1 1 2740 2988 2520 3347
4970 4 2 1 1 2371 2720 2409 3708
4971 4 2 1 1 1774 2786 1626 2924
4972 4 2 1 1 2164 2950 2569 3522
4973 4 2 1 1 1111 3959 59 1423
4974 4 2 1 1 2224 2771 2603 3632
4975 4 2 1 1 3084 3216 2365 3315
4976 4 2 1 1 2153 3547 2967 3852
4977 4 2 1 1 2233 3208 2730 3431
4978 4 2 1 1 941 1004 3016 3787
4979 4 2 1 1 169 168 1106 3906
4980 4 2 1 1 2241 2556 3574 3871
4981 4 2 1 1 2234 2532 3361 3720
4982 4 2 1 1 1738 2630 1699 2972
4983 4 2 1 1 3899 1436 3440 2599
4984 4 2 1 1 3815 364 335 256
4985 4 2 1 1 1049 2551 1005 2910
4986 4 2 1 1 2116 2446 2656 3842
4987 4 2 1 1 2137 3395 2872 2311
4988 4 2 1 1 462 463 464 2935
4989 4 2 1 1 2384 3064 2640 3686
4990 4 2 1 1 2572 2833 2788 2905
4991 4 2 1 1 716 2363 717 3233
4992 4 2 1 1 756 2993 2401 3415
4993 4 2 1 1 675 674 2396 3514
4994 4 2 1 1 2181 2781 3481 2463
4995 4 2 1 1 557 3712 605 3533
4996 4 2 1 1 2956 1779 1651 2700
4997 4 2 1 1 2442 3006 1647 3641
4998 4 2 1 1 1020 3525 2845 3772
4999 4 2 1 1 2089 3494 3189 3668
5000 4 2 1 1 1304 2323 3275 3818
5001 4 2 1 1 2281 2467 3023 2127
5002 4 2 1 1 2362 2174 2788 3183
5003 4 2 1 1 2348 2133 2763 3671
5004 4 2 1 1 2109 2959 2395 3532
5005 4 2 1 1 3914 3906 169 1106
5006 4 2 1 1 2066 2513 2720 3515
5007 4 2 1 1 3815 335 364 2970
5008 4 2 1 1 2702 3062 2208 3874
5009 4 2 1 1 3128 3158 2347 2890
5010 4 2 1 1 2436 2789 2772 3713
5011 4 2 1 1 3413 3519 2758 2109
5012 4 2 1 1 2233 2530 3326 3696
5013 4 2 1 1 451 452 2648 3175
5014 4 2 1 1 3818 1437 1403 2873
5015 4 2 1 1 2179 2830 2768 3642
5016 4 2 1 1 2613 3265 2473 2687
5017 4 2 1 1 3914 3906 1106 2910
5018 4 2 1 1 2468 2534 2205 3303
5019 4 2 1 1 2085 3172 2430 3606
5020 4 2 1 1 2221 2639 2453 3424
5021 4 2 1 1 1391 1184 1393 3035
5022 4 2 1 1 3818 1403 1437 1267
5023 4 2 1 1 2284 2718 2493 3154
5024 4 2 1 1 2376 2693 2093 3029
5025 4 2 1 1 3808 3906 1106 1412
5026 4 2 1 1 2376 2093 2858 3029
5027 4 2 1 1 2253 2622 3259 3513
5028 4 2 1 1 843 753 2544 3203
5029 4 2 1 1 3958 162 163 1432
5030 4 2 1 1 3958 162 1432 3420
5031 4 2 1 1 1403 3958 3884 163
5032 4 2 1 1 3803 3297 3731 3127
5033 4 2 1 1 710 871 2615 3152
5034 4 2 1 1 3070 3508 3254 2359
5035 4 2 1 1 525 2565 643 3105
5036 4 2 1 1 2134 2764 3535 2692
5037 4 2 1 1 2560 3401 2592 3747
5038 4 2 1 1 2206 2539 3419 3741
5039 4 2 1 1 1525 3549 1526 3771
5040 4 2 1 1 1725 2405 2983 1716
5041 4 2 1 1 2138 2691 3319 3351
5042 4 2 1 1 2889 2969 2314 3508
5043 4 2 1 1 2545 3078 981 3743
5044 4 2 1 1 3944 2549 894 3107
5045 4 2 1 1 3256 2857 2247 3028
5046 4 2 1 1 2672 2659 977 3114
5047 4 2 1 1 1480 2475 1482 3128
5048 4 2 1 1 2689 2288 2442 3282
5049 4 2 1 1 1480 1481 1482 2475
5050 4 2 1 1 2357 3502 2161 2904
5051 4 2 1 1 333 2498 317 3404
5052 4 2 1 1 2270 2424 2654 3377
5053 4 2 1 1 3024 2812 3740 2227
5054 4 2 1 1 2959 2975 2797 3555
5055 4 2 1 1 1771 3956 1695 1460
5056 4 2 1 1 1215 1216 1201 2887
5057 4 2 1 1 2084 2502 3283 2833
5058 4 2 1 1 1304 3958 3420 2873
5059 4 2 1 1 2123 3316 2769 3532
5060 4 2 1 1 2919 2967 2296 3471
5061 4 2 1 1 2618 2216 2158 2389
5062 4 2 1 1 1403 3958 163 1432
5063 4 2 1 1 1060 3699 2567 1071
5064 4 2 1 1 2852 2895 2158 3518
5065 4 2 1 1 2083 3389 2465 3643
5066 4 2 1 1 2250 2840 2839 3309
5067 4 2 1 1 1771 3956 2743 1695
5068 4 2 1 1 1470 1799 2490 3585
5069 4 2 1 1 1714 1754 2765 3348
5070 4 2 1 1 2230 3302 2685 2439
5071 4 2 1 1 973 3114 975 2587
5072 4 2 1 1 2272 2838 2722 3604
5073 4 2 1 1 1233 1231 1230 2457
5074 4 2 1 1 14 13 3957 666
5075 4 2 1 1 2108 2529 3109 3650
5076 4 2 1 1 1281 3890 3164 1423
5077 4 2 1 1 2097 3066 3297 3803
5078 4 2 1 1 1368 1255 1148 2586
5079 4 2 1 1 2378 3351 2780 3480
5080 4 2 1 1 2136 2542 2306 2749
5081 4 2 1 1 1732 1595 1593 3625
5082 4 2 1 1 2282 3070 3254 3701
5083 4 2 1 1 408 287 2545 3743
5084 4 2 1 1 3142 3052 3388 2153
5085 4 2 1 1 67 3943 6 865
5086 4 2 1 1 379 257 393 3156
5087 4 2 1 1 2287 2844 2703 3425
5088 4 2 1 1 2327 2779 2707 3620
5089 4 2 1 1 3532 3181 3316 2769
5090 4 2 1 1 2274 2840 2400 3695
5091 4 2 1 1 2889 3736 2745 2309
5092 4 2 1 1 1026 2581 1024 2796
5093 4 2 1 1 2081 2380 3583 3778
5094 4 2 1 1 1686 1497 1501 3732
5095 4 2 1 1 1217 2514 3726 1173
5096 4 2 1 1 1774 1691 3173 3657
5097 4 2 1 1 2077 2561 2923 2275
5098 4 2 1 1 2564 2216 2415 3054
5099 4 2 1 1 361 3247 3239 3709
5100 4 2 1 1 2370 2476 3320 3584
5101 4 2 1 1 2446 2888 3051 2164
5102 4 2 1 1 846 760 756 2401
5103 4 2 1 1 3024 2812 2227 3189
5104 4 2 1 1 2376 2779 2200 2858
5105 4 2 1 1 2266 2775 2586 3655
5106 4 2 1 1 2562 2904 2161 3865
5107 4 2 1 1 494 596 479 3517
5108 4 2 1 1 2398 3068 2819 2879
5109 4 2 1 1 2128 2779 2707 2504
5110 4 2 1 1 1270 3088 1420 3474
5111 4 2 1 1 2413 650 439 3104
5112 4 2 1 1 1100 1398 1337 2605
5113 4 2 1 1 1401 2814 1289 3034
5114 4 2 1 1 2446 2116 2163 3842
5115 4 2 1 1 349 2541 2774 3748
5116 4 2 1 1 2523 3402 2349 3706
5117 4 2 1 1 2430 3544 3380 3716
5118 4 2 1 1 1525 1524 1526 3549
5119 4 2 1 1 3052 2933 2261 3388
5120 4 2 1 1 3245 2152 2482 3100
5121 4 2 1 1 1517 1738 2972 3705
5122 4 2 1 1 2231 2762 2992 3670
5123 4 2 1 1 886 2551 3984 3107
5124 4 2 1 1 2489 2624 2303 3573
5125 4 2 1 1 2292 2231 2392 3587
5126 4 2 1 1 2173 2826 2456 2846
5127 4 2 1 1 2530 2907 2129 3586
5128 4 2 1 1 2745 3736 2889 2222
5129 4 2 1 1 2153 2445 2915 3486
5130 4 2 1 1 915 2508 914 3367
5131 4 2 1 1 2446 2888 2164 2961
5132 4 2 1 1 2355 2895 2852 3518
5133 4 2 1 1 3761 2617 2171 2916
5134 4 2 1 1 2440 682 3289 684
5135 4 2 1 1 2136 3213 2348 3671
5136 4 2 1 1 3532 3316 3181 2395
5137 4 2 1 1 1401 1110 2537 3034
5138 4 2 1 1 2228 2801 2923 2275
5139 4 2 1 1 3591 3957 13 666
5140 4 2 1 1 3927 636 2549 3942
5141 4 2 1 1 407 3898 215 2490
5142 4 2 1 1 3023 554 528 500
5143 4 2 1 1 2344 2203 2922 3030
5144 4 2 1 1 2524 2548 2225 2577
5145 4 2 1 1 556 560 3328 3452
5146 4 2 1 1 2168 2987 3670 3719
5147 4 2 1 1 2148 2594 2409 3154
5148 4 2 1 1 1194 2895 1193 3829
5149 4 2 1 1 2244 2548 2577 2694
5150 4 2 1 1 909 2374 911 3216
5151 4 2 1 1 2241 3509 2556 3871
5152 4 2 1 1 2622 2647 2186 2905
5153 4 2 1 1 133 134 3920 651
5154 4 2 1 1 2144 2980 2546 3262
5155 4 2 1 1 3633 2727 1321 1318
5156 4 2 1 1 2100 2500 2962 3581
5157 4 2 1 1 1191 2902 1200 3251
5158 4 2 1 1 2234 2750 2480 3540
5159 4 2 1 1 2185 2452 2648 3259
5160 4 2 1 1 1725 2405 1716 1589
5161 4 2 1 1 756 2401 3060 3415
5162 4 2 1 1 2580 2840 471 3592
5163 4 2 1 1 756 2401 760 3060
5164 4 2 1 1 3957 3688 14 666
5165 4 2 1 1 2656 2935 461 3439
5166 4 2 1 1 3633 1321 2727 3603
5167 4 2 1 1 1074 969 2640 3271
5168 4 2 1 1 3577 3686 2760 2643
5169 4 2 1 1 2527 2891 1522 3299
5170 4 2 1 1 2839 2250 3202 3592
5171 4 2 1 1 2238 2831 2652 3325
5172 4 2 1 1 2749 2385 2579 3306
5173 4 2 1 1 3727 2699 2947 3600
5174 4 2 1 1 2134 2739 2488 2419
5175 4 2 1 1 2233 2523 2508 3431
5176 4 2 1 1 462 2935 464 3099
5177 4 2 1 1 3976 412 3988 2599
5178 4 2 1 1 1575 1557 2682 3407
5179 4 2 1 1 2421 2562 3182 3865
5180 4 2 1 1 2231 2292 3580 3597
5181 4 2 1 1 2281 640 3023 3160
5182 4 2 1 1 2082 2757 2386 3572
5183 4 2 1 1 2109 2395 2632 3532
5184 4 2 1 1 3962 3140 1783 1803
5185 4 2 1 1 2334 2753 2803 2569
5186 4 2 1 1 2386 2757 2668 3063
5187 4 2 1 1 2222 2889 2969 3148
5188 4 2 1 1 2298 3354 2591 3492
5189 4 2 1 1 2268 2604 2377 3316
5190 4 2 1 1 2190 2745 2437 3770
5191 4 2 1 1 2171 2916 2824 3761
5192 4 2 1 1 2380 3228 2626 3568
5193 4 2 1 1 3231 2837 2381 3043
5194 4 2 1 1 232 2547 250 3126
5195 4 2 1 1 2251 2820 2423 3437
5196 4 2 1 1 2637 3295 3177 2822
5197 4 2 1 1 2563 3137 2394 3434
5198 4 2 1 1 2462 2184 2706 3519
5199 4 2 1 1 466 467 2888 3122
5200 4 2 1 1 1163 1138 2563 3137
5201 4 2 1 1 895 2599 3899 3440
5202 4 2 1 1 1281 2855 1258 3164
5203 4 2 1 1 591 537 621 2738
5204 4 2 1 1 666 2562 3957 3688
5205 4 2 1 1 2105 3025 3279 3337
5206 4 2 1 1 2891 1506 2675 3509
5207 4 2 1 1 3875 566 2608 3124
5208 4 2 1 1 2375 2212 2749 3020
5209 4 2 1 1 2109 2462 2920 3170
5210 4 2 1 1 313 300 287 2813
5211 4 2 1 1 1031 3941 2482 3907
5212 4 2 1 1 2187 2413 3104 3105
5213 4 2 1 1 2447 2753 2167 2803
5214 4 2 1 1 3825 3859 2480 2717
5215 4 2 1 1 3698 3057 2095 3437
5216 4 2 1 1 666 3957 2562 3591
5217 4 2 1 1 3898 1695 3956 25
5218 4 2 1 1 694 2375 3162 3685
5219 4 2 1 1 2501 2378 2099 3207
5220 4 2 1 1 2485 3332 2877 3443
5221 4 2 1 1 850 2815 2460 3507
5222 4 2 1 1 1165 2759 2483 3433
5223 4 2 1 1 2498 3353 317 3404
5224 4 2 1 1 2163 3179 2469 3310
5225 4 2 1 1 2343 2939 2662 3697
5226 4 2 1 1 2226 2944 2571 2337
5227 4 2 1 1 2219 2877 2678 3416
5228 4 2 1 1 1506 2891 1715 3509
5229 4 2 1 1 3965 843 3904 3203
5230 4 2 1 1 2190 2626 3228 3568
5231 4 2 1 1 2773 2837 2156 3043
5232 4 2 1 1 1070 1081 925 3817
5233 4 2 1 1 26 25 3956 1695
5234 4 2 1 1 1136 1134 2999 3610
5235 4 2 1 1 2376 2693 2472 3086
5236 4 2 1 1 2412 2337 2914 3176
5237 4 2 1 1 2217 2646 2501 2721
5238 4 2 1 1 2366 2172 3027 2857
5239 4 2 1 1 2203 2344 2922 3044
5240 4 2 1 1 3050 2848 3383 3469
5241 4 2 1 1 2295 2879 2403 3542
5242 4 2 1 1 2700 3226 380 3506
5243 4 2 1 1 3898 1695 2743 3956
5244 4 2 1 1 3979 411 3991 2709
5245 4 2 1 1 2123 2632 2603 2805
5246 4 2 1 1 2637 2775 2126 3681
5247 4 2 1 1 2082 2386 3312 3572
5248 4 2 1 1 3894 635 2711 3943
5249 4 2 1 1 933 2730 1080 3431
5250 4 2 1 1 3903 3956 26 210
5251 4 2 1 1 3187 3043 2450 3363
5252 4 2 1 1 2072 3000 2688 3192
5253 4 2 1 1 2755 2813 2275 3674
5254 4 2 1 1 2404 3229 2671 3680
5255 4 2 1 1 1626 1641 2924 3006
5256 4 2 1 1 2671 3093 2322 3734
5257 4 2 1 1 3698 3057 3437 3106
5258 4 2 1 1 1460 3956 1695 26
5259 4 2 1 1 1043 2730 933 2863
5260 4 2 1 1 3742 3599 2546 1287
5261 4 2 1 1 2106 3434 2524 3562
5262 4 2 1 1 2175 2717 2413 3348
5263 4 2 1 1 1068 3966 2464 3447
5264 4 2 1 1 3300 3636 2576 2683
5265 4 2 1 1 1300 2551 1308 3730
5266 4 2 1 1 2287 3425 2703 3640
5267 4 2 1 1 685 3702 2440 3872
5268 4 2 1 1 2809 2902 2158 2389
5269 4 2 1 1 1521 2891 3062 3299
5270 4 2 1 1 1656 3128 2890 2607
5271 4 2 1 1 2891 2675 1506 3843
5272 4 2 1 1 3895 638 2565 446
5273 4 2 1 1 2917 3536 3248 2428
5274 4 2 1 1 3380 2066 3095 2513
5275 4 2 1 1 650 3105 527 521
5276 4 2 1 1 2317 2674 2418 3498
5277 4 2 1 1 1154 1348 2483 3163
5278 4 2 1 1 3020 3582 2134 2488
5279 4 2 1 1 2876 3056 2285 2808
5280 4 2 1 1 2116 3800 3067 2342
5281 4 2 1 1 622 3931 2565 3828
5282 4 2 1 1 1178 2468 2918 3603
5283 4 2 1 1 2379 3041 2447 3096
5284 4 2 1 1 2272 2838 2571 3793
5285 4 2 1 1 2661 3366 2280 3596
5286 4 2 1 1 2131 2664 2643 3577
5287 4 2 1 1 2179 2552 2768 3153
5288 4 2 1 1 2173 2883 2839 3296
5289 4 2 1 1 317 333 381 2498
5290 4 2 1 1 1138 2394 1137 3610
5291 4 2 1 1 1586 2800 1520 3073
5292 4 2 1 1 1251 2416 3082 3425
5293 4 2 1 1 3522 2623 2164 3291
5294 4 2 1 1 2386 2668 2082 3605
5295 4 2 1 1 2144 3221 2764 3410
5296 4 2 1 1 1726 90 3955 3704
5297 4 2 1 1 2650 3192 2072 2771
5298 4 2 1 1 2585 2741 2271 2912
5299 4 2 1 1 2066 2720 2601 3119
5300 4 2 1 1 1596 1744 1613 2276
5301 4 2 1 1 1041 3064 1073 970
5302 4 2 1 1 2482 3330 2420 3484
5303 4 2 1 1 2308 3144 3133 3179
5304 4 2 1 1 2632 2805 2182 3382
5305 4 2 1 1 2091 3145 2448 3438
5306 4 2 1 1 2083 2465 2938 3257
5307 4 2 1 1 2246 2938 2465 3257
5308 4 2 1 1 1718 1726 90 3955
5309 4 2 1 1 2181 2695 3481 3792
5310 4 2 1 1 2154 2658 2689 2288
5311 4 2 1 1 3381 540 429 2634
5312 4 2 1 1 1610 2387 3871 1727
5313 4 2 1 1 1611 3955 2681 3704
5314 4 2 1 1 2443 2911 1212 2255
5315 4 2 1 1 2565 3104 643 3105
5316 4 2 1 1 719 2432 2661 3821
5317 4 2 1 1 1611 3955 3704 1726
5318 4 2 1 1 2565 3451 3129 3637
5319 4 2 1 1 2560 3004 237 3324
5320 4 2 1 1 2561 3070 2923 2214
5321 4 2 1 1 3698 3057 3106 2276
5322 4 2 1 1 3381 429 540 536
5323 4 2 1 1 2393 2227 3111 3728
5324 4 2 1 1 2472 2799 2319 3032
5325 4 2 1 1 3606 2734 2906 3589
5326 4 2 1 1 2257 2878 2867 2388
5327 4 2 1 1 2712 3046 2242 2596
5328 4 2 1 1 74 73 861 3954
5329 4 2 1 1 3954 861 74 3488
5330 4 2 1 1 1651 1650 2956 3255
5331 4 2 1 1 3204 1402 1245 1444
5332 4 2 1 1 2438 2820 2656 3439
5333 4 2 1 1 2656 2820 2251 3439
5334 4 2 1 1 452 2648 2452 3461
5335 4 2 1 1 2331 3329 2885 3485
5336 4 2 1 1 537 2695 511 3218
5337 4 2 1 1 3256 2857 3028 2366
5338 4 2 1 1 2146 3313 3017 2844
5339 4 2 1 1 1248 3569 1352 3796
5340 4 2 1 1 429 2634 3876 3381
5341 4 2 1 1 2260 2758 2408 2089
5342 4 2 1 1 778 3954 3001 3488
5343 4 2 1 1 2407 2184 2947 3727
5344 4 2 1 1 1787 3922 1705 3255
5345 4 2 1 1 333 3404 335 3815
5346 4 2 1 1 379 2507 2917 3789
5347 4 2 1 1 655 3954 73 3909
5348 4 2 1 1 1287 3742 1286 2546
5349 4 2 1 1 915 3208 2508 3431
5350 4 2 1 1 2374 2704 2139 3493
5351 4 2 1 1 501 2400 2927 3232
5352 4 2 1 1 778 3077 779 777
5353 4 2 1 1 3193 2877 2678 3112
5354 4 2 1 1 1056 914 2854 3367
5355 4 2 1 1 2083 2938 2614 2151
5356 4 2 1 1 2523 3326 2233 3402
5357 4 2 1 1 1567 1690 1566 2786
5358 4 2 1 1 2070 2731 2686 3352
5359 4 2 1 1 2520 2740 2141 2988
5360 4 2 1 1 2324 532 3495 2851
5361 4 2 1 1 2220 2337 3055 2367
5362 4 2 1 1 2223 2598 3215 2394
5363 4 2 1 1 379 2917 2507 3223
5364 4 2 1 1 2395 2632 2123 3387
5365 4 2 1 1 2146 3313 2844 3338
5366 4 2 1 1 3722 3172 2388 2782
5367 4 2 1 1 2544 1429 1353 1282
5368 4 2 1 1 655 3954 3909 3001
5369 4 2 1 1 2308 2648 3533 3861
5370 4 2 1 1 2119 2430 2908 3716
5371 4 2 1 1 1552 2662 2946 2381
5372 4 2 1 1 809 693 3281 3685
5373 4 2 1 1 2125 3694 3808 3035
5374 4 2 1 1 2107 2941 2422 3326
5375 4 2 1 1 1288 2880 1404 3742
5376 4 2 1 1 2850 2920 2176 3101
5377 4 2 1 1 3193 2877 3112 2442
5378 4 2 1 1 3698 3057 2276 2095
5379 4 2 1 1 846 2973 840 3165
5380 4 2 1 1 1259 2602 1374 2921
5381 4 2 1 1 2399 3324 3004 2124
5382 4 2 1 1 355 2774 2399 3703
5383 4 2 1 1 3254 3436 2359 3508
5384 4 2 1 1 3204 1245 1402 2657
5385 4 2 1 1 2713 2926 2579 3354
5386 4 2 1 1 2405 2971 2591 3448
5387 4 2 1 1 2066 2780 2720 3119
5388 4 2 1 1 2284 2748 2718 3319
5389 4 2 1 1 1189 2902 2856 3274
5390 4 2 1 1 3883 1697 3953 142
5391 4 2 1 1 2261 2751 2369 3388
5392 4 2 1 1 2605 3313 2146 3338
5393 4 2 1 1 2126 2831 2604 3520
5394 4 2 1 1 2082 2503 3312 3605
5395 4 2 1 1 3480 3257 2465 2691
5396 4 2 1 1 2369 2588 3649 2095
5397 4 2 1 1 2108 3150 2666 3660
5398 4 2 1 1 2064 2609 2772 2824
5399 4 2 1 1 215 2490 3898 3510
5400 4 2 1 1 2339 3569 2570 3796
5401 4 2 1 1 1540 2329 2756 3333
5402 4 2 1 1 2127 2849 2497 3200
5403 4 2 1 1 2583 3568 3400 2481
5404 4 2 1 1 2504 3086 2336 3557
5405 4 2 1 1 2903 3698 2766 2145
5406 4 2 1 1 2168 2587 2464 3114
5407 4 2 1 1 295 425 2761 2421
5408 4 2 1 1 3986 331 3353 3902
5409 4 2 1 1 2093 2779 2858 3672
5410 4 2 1 1 232 250 340 3126
5411 4 2 1 1 1003 1086 2828 3467
5412 4 2 1 1 3050 3383 2848 2261
5413 4 2 1 1 2404 2872 2852 3229
5414 4 2 1 1 3309 3096 2111 3041
5415 4 2 1 1 2434 2776 2351 3460
5416 4 2 1 1 921 2930 2422 3336
5417 4 2 1 1 1134 3303 2999 3610
5418 4 2 1 1 3168 3182 2562 3865
5419 4 2 1 1 2607 2890 1656 3769
5420 4 2 1 1 687 688 689 2488
5421 4 2 1 1 1733 1584 1700 3407
5422 4 2 1 1 773 772 669 3129
5423 4 2 1 1 2154 2951 2412 3176
5424 4 2 1 1 2115 2437 2566 3228
5425 4 2 1 1 3305 3729 2738 2181
5426 4 2 1 1 2267 2635 2894 2821
5427 4 2 1 1 1704 3362 2752 3728
5428 4 2 1 1 2167 2803 2753 2569
5429 4 2 1 1 3015 3766 2433 3697
5430 4 2 1 1 846 760 2401 3165
5431 4 2 1 1 2502 3149 2252 3283
5432 4 2 1 1 3366 728 725 714
5433 4 2 1 1 2146 2372 3601 3310
5434 4 2 1 1 1139 3215 3137 1141
5435 4 2 1 1 3041 3631 2111 3241
5436 4 2 1 1 3370 2617 2569 2167
5437 4 2 1 1 3480 3257 2691 3319
5438 4 2 1 1 2417 2595 2209 3214
5439 4 2 1 1 2734 2573 2130 3689
5440 4 2 1 1 2207 2741 2585 2912
5441 4 2 1 1 2585 1046 1034 3238
5442 4 2 1 1 2108 3536 2529 3650
5443 4 2 1 1 689 687 2488 2419
5444 4 2 1 1 1376 2856 1256 3274
5445 4 2 1 1 2518 2480 3406 3666
5446 4 2 1 1 2150 2422 2708 2941
5447 4 2 1 1 2118 2668 2386 3466
5448 4 2 1 1 3245 2152 3100 2673
5449 4 2 1 1 3522 2164 2623 2753
5450 4 2 1 1 2819 3508 3417 2923
5451 4 2 1 1 2361 2778 2143 3614
5452 4 2 1 1 2072 3101 2688 3382
5453 4 2 1 1 2272 2722 3579 3604
5454 4 2 1 1 2287 2534 2942 3640
5455 4 2 1 1 3366 725 728 2735
5456 4 2 1 1 2127 2811 2505 3301
5457 4 2 1 1 2629 3462 2245 2566
5458 4 2 1 1 2580 3243 2981 3311
5459 4 2 1 1 2695 3218 2181 3481
5460 4 2 1 1 568 575 3124 3317
5461 4 2 1 1 914 2704 931 2854
5462 4 2 1 1 74 73 3954 592
5463 4 2 1 1 942 2849 957 3623
5464 4 2 1 1 141 142 3953 1697
5465 4 2 1 1 2850 3075 3019 2358
5466 4 2 1 1 1579 3010 1558 3670
5467 4 2 1 1 2304 3115 2457 3529
5468 4 2 1 1 2287 2897 2534 3640
5469 4 2 1 1 1248 2570 3569 3796
5470 4 2 1 1 942 1051 957 2849
5471 4 2 1 1 2642 3233 2209 3428
5472 4 2 1 1 2166 2736 3108 3573
5473 4 2 1 1 785 3276 677 2725
5474 4 2 1 1 19 660 3862 851
5475 4 2 1 1 2538 2570 2198 3365
5476 4 2 1 1 2363 3233 2642 3428
5477 4 2 1 1 785 677 3276 824
5478 4 2 1 1 2355 2137 2792 3855
5479 4 2 1 1 2284 2937 3347 3764
5480 4 2 1 1 2336 2797 2408 2260
5481 4 2 1 1 2262 3081 2824 3629
5482 4 2 1 1 2555 2817 2561 3457
5483 4 2 1 1 3953 3900 141 1697
5484 4 2 1 1 2623 2753 2164 3241
5485 4 2 1 1 3883 1697 3037 3953
5486 4 2 1 1 2976 677 3276 2725
5487 4 2 1 1 1348 1165 1154 2483
5488 4 2 1 1 2732 3874 3062 2702
5489 4 2 1 1 2261 2369 2751 2716
5490 4 2 1 1 2199 3181 2604 3608
5491 4 2 1 1 2608 553 3039 3408
5492 4 2 1 1 3193 2877 2442 2204
5493 4 2 1 1 2242 2596 2555 3658
5494 4 2 1 1 1144 2921 2676 3735
5495 4 2 1 1 2197 2474 3018 3224
5496 4 2 1 1 1550 2837 2568 3691
5497 4 2 1 1 433 576 583 2605
5498 4 2 1 1 1294 3381 1104 2634
5499 4 2 1 1 234 2547 2714 3455
5500 4 2 1 1 1546 2445 3486 2915
5501 4 2 1 1 1700 1584 1557 3407
5502 4 2 1 1 2664 3018 3560 2242
5503 4 2 1 1 2400 3266 2839 2173
5504 4 2 1 1 2597 2786 2117 3874
5505 4 2 1 1 3953 3900 1697 3037
5506 4 2 1 1 2295 2879 2774 3703
5507 4 2 1 1 3884 1101 3952 2873
5508 4 2 1 1 1217 2514 1173 1171
5509 4 2 1 1 1190 1191 1192 3251
5510 4 2 1 1 1208 1228 2677 1198
5511 4 2 1 1 2483 2238 2949 2759
5512 4 2 1 1 2164 2623 3241 3291
5513 4 2 1 1 3884 1101 164 3952
5514 4 2 1 1 2746 3015 2479 3870
5515 4 2 1 1 2247 3028 2747 3256
5516 4 2 1 1 2266 2637 3186 3681
5517 4 2 1 1 973 2977 3271 1066
5518 4 2 1 1 2199 3234 3181 3608
5519 4 2 1 1 2223 2394 3434 3645
5520 4 2 1 1 961 2991 2599 960
5521 4 2 1 1 1101 165 164 3952
5522 4 2 1 1 2485 2321 2877 3332
5523 4 2 1 1 3840 3952 165 1101
5524 4 2 1 1 2667 3084 2365 3315
5525 4 2 1 1 1563 2979 2678 3193
5526 4 2 1 1 3952 2638 1101 3840
5527 4 2 1 1 1101 2638 3952 2873
5528 4 2 1 1 2212 2579 2926 3213
5529 4 2 1 1 2521 2207 2741 3238
5530 4 2 1 1 2089 3574 3258 3602
5531 4 2 1 1 2144 3482 2807 3742
5532 4 2 1 1 441 3938 3912 2695
5533 4 2 1 1 1026 2581 2796 3180
5534 4 2 1 1 2850 3019 3075 2176
5535 4 2 1 1 1190 2902 1191 3251
5536 4 2 1 1 2303 3589 2734 3374
5537 4 2 1 1 2108 3109 2529 3286
5538 4 2 1 1 2512 3521 2312 3639
5539 4 2 1 1 3009 1799 3510 1636
5540 4 2 1 1 2084 2872 2833 3169
5541 4 2 1 1 2434 409 3762 2760
5542 4 2 1 1 2395 3234 2959 3413
5543 4 2 1 1 830 688 2943 3188
5544 4 2 1 1 1324 3248 1445 3287
5545 4 2 1 1 3469 3550 2352 3721
5546 4 2 1 1 2231 2435 2282 3656
5547 4 2 1 1 387 2399 3004 3703
5548 4 2 1 1 2303 3589 3374 3737
5549 4 2 1 1 2859 3211 2532 3263
5550 4 2 1 1 2187 2717 2480 3201
5551 4 2 1 1 2111 3309 3243 2505
5552 4 2 1 1 2383 2118 2989 3089
5553 4 2 1 1 2349 3180 2523 3718
5554 4 2 1 1 625 3909 619 430
5555 4 2 1 1 1379 2856 1158 2974
5556 4 2 1 1 677 675 2725 3514
5557 4 2 1 1 3873 2746 2259 3870
5558 4 2 1 1 1104 3381 1294 1325
5559 4 2 1 1 2162 2581 2470 3565
5560 4 2 1 1 2199 2975 2770 2319
5561 4 2 1 1 1188 2325 2389 3588
5562 4 2 1 1 643 3895 3104 2565
5563 4 2 1 1 3243 2811 3301 2505
5564 4 2 1 1 3114 3477 2587 2977
5565 4 2 1 1 2503 2121 2750 2955
5566 4 2 1 1 1162 1168 1349 2794
5567 4 2 1 1 2102 2784 3450 3544
5568 4 2 1 1 2406 2122 2320 2142
5569 4 2 1 1 1610 2387 1727 1733
5570 4 2 1 1 1048 2712 903 901
5571 4 2 1 1 976 2977 978 3114
5572 4 2 1 1 949 3080 2585 3816
5573 4 2 1 1 2272 2722 3151 3579
5574 4 2 1 1 2180 2941 2708 2997
5575 4 2 1 1 2304 2884 2487 3452
5576 4 2 1 1 2839 2840 2400 3309
5577 4 2 1 1 3114 3477 2168 2587
5578 4 2 1 1 747 3277 2815 3507
5579 4 2 1 1 1144 1259 2921 3735
5580 4 2 1 1 3576 828 2375 3768
5581 4 2 1 1 2118 3284 2989 3833
5582 4 2 1 1 285 2624 274 3527
5583 4 2 1 1 2134 2419 2764 2692
5584 4 2 1 1 2486 3005 606 3521
5585 4 2 1 1 2971 3612 3448 2353
5586 4 2 1 1 2162 2470 2581 2650
5587 4 2 1 1 2584 3217 2650 3687
5588 4 2 1 1 1123 3951 3894 107
5589 4 2 1 1 1734 3073 2929 3819
5590 4 2 1 1 2101 3149 2417 3449
5591 4 2 1 1 981 2545 1041 3078
5592 4 2 1 1 3951 108 107 1395
5593 4 2 1 1 2225 2769 2645 2577
5594 4 2 1 1 3187 3231 2156 2306
5595 4 2 1 1 1008 1079 1040 2695
5596 4 2 1 1 448 3886 3676 2510
5597 4 2 1 1 1048 2712 2845 903
5598 4 2 1 1 809 3281 2739 3685
5599 4 2 1 1 1304 2873 2323 3818
5600 4 2 1 1 2614 2151 2784 3844
5601 4 2 1 1 2255 3109 3442 3583
5602 4 2 1 1 1776 3194 1628 3682
5603 4 2 1 1 2573 3307 2938 3389
5604 4 2 1 1 2310 2987 3670 2762
5605 4 2 1 1 2221 2772 2609 2436
5606 4 2 1 1 2095 2423 2820 3437
5607 4 2 1 1 665 3888 806 2655
5608 4 2 1 1 302 3964 211 2552
5609 4 2 1 1 2235 3322 2557 2423
5610 4 2 1 1 3381 110 109 1325
5611 4 2 1 1 1550 1562 2837 3691
5612 4 2 1 1 1117 2551 1300 3107
5613 4 2 1 1 1151 1153 1152 3038
5614 4 2 1 1 2188 3119 2899 3848
5615 4 2 1 1 3116 3580 3549 2527
5616 4 2 1 1 2083 3511 2151 2614
5617 4 2 1 1 1060 175 174 3982
5618 4 2 1 1 2175 2717 2818 3058
5619 4 2 1 1 2994 3544 2513 3515
5620 4 2 1 1 2456 3308 3235 3721
5621 4 2 1 1 2299 2818 2717 3058
5622 4 2 1 1 2704 2985 2239 3493
5623 4 2 1 1 2168 3670 3010 3719
5624 4 2 1 1 2819 3417 3508 2091
5625 4 2 1 1 1379 1158 1349 2974
5626 4 2 1 1 2456 2826 2240 2846
5627 4 2 1 1 3933 2522 3862 398
5628 4 2 1 1 2833 3169 2872 3395
5629 4 2 1 1 1734 2929 3394 3819
5630 4 2 1 1 3381 1104 110 1325
5631 4 2 1 1 3670 2992 2310 2762
5632 4 2 1 1 2571 2944 2226 3530
5633 4 2 1 1 2421 3182 2860 3865
5634 4 2 1 1 1126 1341 1342 2810
5635 4 2 1 1 2846 3456 2456 3626
5636 4 2 1 1 3876 1394 111 1104
5637 4 2 1 1 2421 395 309 3688
5638 4 2 1 1 1123 3951 107 1395
5639 4 2 1 1 1026 1027 2581 2854
5640 4 2 1 1 2173 2347 2883 3403
5641 4 2 1 1 2434 2131 3064 3686
5642 4 2 1 1 2073 3295 2491 3764
5643 4 2 1 1 3951 3886 108 1395
5644 4 2 1 1 2173 2846 2347 3403
5645 4 2 1 1 441 3938 2695 591
5646 4 2 1 1 2281 2467 2127 2849
5647 4 2 1 1 1319 1178 2468 3303
5648 4 2 1 1 1057 2796 3267 3832
5649 4 2 1 1 363 2620 261 3014
5650 4 2 1 1 1418 1443 1105 3496
5651 4 2 1 1 784 3969 816 839
5652 4 2 1 1 796 793 790 3350
5653 4 2 1 1 1767 2482 3100 3245
5654 4 2 1 1 889 3958 3884 2873
5655 4 2 1 1 2670 1258 1257 2855
5656 4 2 1 1 2637 3295 2822 3647
5657 4 2 1 1 323 3379 2351 3762
5658 4 2 1 1 2200 3304 3364 3756
5659 4 2 1 1 2074 2342 3050 2397
5660 4 2 1 1 2298 2763 2591 3354
5661 4 2 1 1 3766 3290 3231 2381
5662 4 2 1 1 749 2904 748 3507
5663 4 2 1 1 3444 2718 3319 3708
5664 4 2 1 1 2209 3677 2955 3210
5665 4 2 1 1 2421 309 395 311
5666 4 2 1 1 513 501 489 2400
5667 4 2 1 1 2900 945 3267 2698
5668 4 2 1 1 2967 3471 2919 3672
5669 4 2 1 1 3309 3096 3041 2379
5670 4 2 1 1 2282 2625 3007 2090
5671 4 2 1 1 248 2778 2733 2836
5672 4 2 1 1 674 2396 2963 3037
5673 4 2 1 1 2240 2649 2456 3456
5674 4 2 1 1 337 390 2606 3014
5675 4 2 1 1 3408 599 3211 2390
5676 4 2 1 1 1581 1484 1679 3265
5677 4 2 1 1 2732 2288 2154 3282
5678 4 2 1 1 42 413 214 3460
5679 4 2 1 1 2963 674 736 727
5680 4 2 1 1 668 3910 3939 124
5681 4 2 1 1 2120 2722 3604 2770
5682 4 2 1 1 2432 2661 2155 2932
5683 4 2 1 1 1505 2791 1504 3327
5684 4 2 1 1 2314 3436 2790 3755
5685 4 2 1 1 2474 2197 3018 3025
5686 4 2 1 1 1347 1110 1346 2537
5687 4 2 1 1 1173 3776 1171 2514
5688 4 2 1 1 721 3094 2642 3187
5689 4 2 1 1 2858 2376 3029 3707
5690 4 2 1 1 2155 2595 2932 3596
5691 4 2 1 1 967 2640 969 3064
5692 4 2 1 1 2803 3631 2334 3790
5693 4 2 1 1 2376 2550 3021 3579
5694 4 2 1 1 841 758 759 3415
5695 4 2 1 1 2509 3722 3443 2289
5696 4 2 1 1 1612 1512 1508 2506
5697 4 2 1 1 614 2487 3099 3526
5698 4 2 1 1 2387 2913 2193 3258
5699 4 2 1 1 440 3886 2510 3381
5700 4 2 1 1 2532 2859 2112 3720
5701 4 2 1 1 3951 3886 1395 3676
5702 4 2 1 1 2216 2945 2415 3054
5703 4 2 1 1 574 3887 3342 2559
5704 4 2 1 1 2718 3026 2493 3154
5705 4 2 1 1 2268 2676 2377 3184
5706 4 2 1 1 436 532 2851 3495
5707 4 2 1 1 548 2685 3613 549
5708 4 2 1 1 2412 2337 2094 3435
5709 4 2 1 1 1097 2434 968 3659
5710 4 2 1 1 2462 2920 2850 3101
5711 4 2 1 1 727 3514 2963 674
5712 4 2 1 1 3381 429 110 3876
5713 4 2 1 1 2748 3351 2370 3758
5714 4 2 1 1 2299 2765 2717 3348
5715 4 2 1 1 387 355 2399 3703
5716 4 2 1 1 3414 3621 2505 3200
5717 4 2 1 1 644 2903 2360 3628
5718 4 2 1 1 2647 3210 2280 3624
5719 4 2 1 1 2405 2697 2119 3386
5720 4 2 1 1 3091 945 2900 2698
5721 4 2 1 1 1269 2669 3356 3035
5722 4 2 1 1 2073 2988 2799 3295
5723 4 2 1 1 2420 2730 2233 3208
5724 4 2 1 1 3004 238 2560 237
5725 4 2 1 1 1356 3950 3881 117
5726 4 2 1 1 2811 2463 3202 3481
5727 4 2 1 1 1012 2431 1023 3423
5728 4 2 1 1 3319 3480 3351 2691
5729 4 2 1 1 1589 2591 1590 3448
5730 4 2 1 1 1805 2348 1631 1768
5731 4 2 1 1 414 1 21 3992
5732 4 2 1 1 548 3467 3398 3613
5733 4 2 1 1 2426 2287 2703 3392
5734 4 2 1 1 1752 2559 2766 2716
5735 4 2 1 1 727 3514 674 676
5736 4 2 1 1 3680 2436 2221 3384
5737 4 2 1 1 2390 2234 2886 3859
5738 4 2 1 1 1138 2394 2563 3137
5739 4 2 1 1 2405 2800 2591 3492
5740 4 2 1 1 1506 2891 1516 1715
5741 4 2 1 1 2389 2775 2266 3588
5742 4 2 1 1 2672 977 2659 979
5743 4 2 1 1 380 2700 213 3226
5744 4 2 1 1 2073 2520 2799 2988
5745 4 2 1 1 3369 3612 1802 3791
5746 4 2 1 1 3542 3438 2091 2879
5747 4 2 1 1 3757 2646 2721 2501
5748 4 2 1 1 3203 3505 1275 3618
5749 4 2 1 1 1005 1049 886 2551
5750 4 2 1 1 2196 3044 2957 3390
5751 4 2 1 1 333 335 256 3815
5752 4 2 1 1 1171 3776 1173 1172
5753 4 2 1 1 2164 2274 2753 2961
5754 4 2 1 1 2151 2371 2958 2966
5755 4 2 1 1 1614 1603 1745 3235
5756 4 2 1 1 2408 2797 2336 3375
5757 4 2 1 1 2111 3243 2580 3311
5758 4 2 1 1 2331 2972 2687 2129
5759 4 2 1 1 2647 3210 2955 3677
5760 4 2 1 1 2419 2980 2144 2692
5761 4 2 1 1 1656 3128 1581 2890
5762 4 2 1 1 2177 2362 2735 3065
5763 4 2 1 1 2431 3423 1412 3694
5764 4 2 1 1 2127 2439 2811 3301
5765 4 2 1 1 1508 2506 1512 3441
5766 4 2 1 1 1209 2519 1375 3340
5767 4 2 1 1 1722 2456 1555 1681
5768 4 2 1 1 3760 3084 2139 2508
5769 4 2 1 1 2732 3874 2702 2288
5770 4 2 1 1 2227 2391 2812 3740
5771 4 2 1 1 906 2528 1095 3046
5772 4 2 1 1 3273 3765 2067 3053
5773 4 2 1 1 2366 2882 2857 3028
5774 4 2 1 1 2666 2710 2190 3710
5775 4 2 1 1 2781 3481 2281 3792
5776 4 2 1 1 2106 2563 3434 3632
5777 4 2 1 1 3404 336 3665 332
5778 4 2 1 1 3949 873 2680 838
5779 4 2 1 1 2557 2503 2235 2423
5780 4 2 1 1 3181 3234 2395 3608
5781 4 2 1 1 936 941 1096 3787
5782 4 2 1 1 2597 2208 3062 3874
5783 4 2 1 1 2069 3117 2385 3422
5784 4 2 1 1 1656 3128 2607 1645
5785 4 2 1 1 2426 2703 2287 3338
5786 4 2 1 1 255 2778 248 2836
5787 4 2 1 1 1401 1415 1289 2814
5788 4 2 1 1 237 235 236 2714
5789 4 2 1 1 2515 2368 2160 3602
5790 4 2 1 1 2181 2781 2463 2883
5791 4 2 1 1 2219 2388 2877 3416
5792 4 2 1 1 1210 2570 1248 3796
5793 4 2 1 1 3091 945 2698 929
5794 4 2 1 1 638 77 5 3989
5795 4 2 1 1 426 2490 215 3510
5796 4 2 1 1 3051 464 2446 3099
5797 4 2 1 1 570 569 2903 3317
5798 4 2 1 1 3300 3636 2683 649
5799 4 2 1 1 2450 2744 796 3836
5800 4 2 1 1 2085 2430 2697 3011
5801 4 2 1 1 2271 3200 2849 3621
5802 4 2 1 1 3015 3766 3697 2343
5803 4 2 1 1 2470 2162 2638 3321
5804 4 2 1 1 1014 3958 2873 3420
5805 4 2 1 1 2081 2664 2643 3658
5806 4 2 1 1 696 2417 3071 3214
5807 4 2 1 1 2180 2825 2558 3096
5808 4 2 1 1 2147 2415 2843 2286
5809 4 2 1 1 3149 3162 2417 3449
5810 4 2 1 1 2839 2463 490 3202
5811 4 2 1 1 3091 945 929 940
5812 4 2 1 1 2658 2951 2204 3531
5813 4 2 1 1 835 766 3411 3599
5814 4 2 1 1 3950 118 117 1109
5815 4 2 1 1 3950 3889 118 1109
5816 4 2 1 1 1356 3950 117 1109
5817 4 2 1 1 2811 3023 2281 3481
5818 4 2 1 1 2175 2390 2886 3859
5819 4 2 1 1 2310 3670 2987 3719
5820 4 2 1 1 2196 2551 3044 3390
5821 4 2 1 1 3631 3241 3311 2111
5822 4 2 1 1 2390 2175 2886 3408
5823 4 2 1 1 3924 2434 1097 3659
5824 4 2 1 1 2409 2720 2284 3708
5825 4 2 1 1 752 2516 857 2993
5826 4 2 1 1 2212 2749 2579 3213
5827 4 2 1 1 2802 3409 2248 3726
5828 4 2 1 1 529 2851 530 531
5829 4 2 1 1 2092 3308 2400 3309
5830 4 2 1 1 1095 2528 924 3426
5831 4 2 1 1 3380 3095 2066 3171
5832 4 2 1 1 2076 3854 3268 2838
5833 4 2 1 1 1715 3509 2891 3784
5834 4 2 1 1 2115 3272 3228 3109
5835 4 2 1 1 2700 2956 2159 3255
5836 4 2 1 1 3480 3257 3319 2246
5837 4 2 1 1 2249 3172 2782 3606
5838 4 2 1 1 2064 2843 2494 3252
5839 4 2 1 1 2282 3070 2871 3254
5840 4 2 1 1 2530 2865 2233 3326
5841 4 2 1 1 1321 3950 2727 3005
5842 4 2 1 1 383 424 298 2511
5843 4 2 1 1 2227 2393 3024 3635
5844 4 2 1 1 3950 3889 1109 2727
5845 4 2 1 1 2126 3750 2586 2775
5846 4 2 1 1 2459 2914 2702 2288
5847 4 2 1 1 2453 2103 3384 3744
5848 4 2 1 1 2583 2626 2214 2871
5849 4 2 1 1 743 2615 767 2815
5850 4 2 1 1 2203 2344 3390 3030
5851 4 2 1 1 2766 1747 86 3887
5852 4 2 1 1 2967 2989 2296 3471
5853 4 2 1 1 3722 3172 2782 2249
5854 4 2 1 1 2472 3086 2693 3174
5855 4 2 1 1 1624 1771 1798 3112
5856 4 2 1 1 1217 2514 1171 3409
5857 4 2 1 1 3231 2837 3043 2156
5858 4 2 1 1 2166 2522 3037 3711
5859 4 2 1 1 87 86 1747 3887
5860 4 2 1 1 2369 2716 2261 3052
5861 4 2 1 1 2339 2606 2574 3665
5862 4 2 1 1 2930 937 3679 2741
5863 4 2 1 1 1614 3887 2559 3342
5864 4 2 1 1 2293 2940 2514 3272
5865 4 2 1 1 2069 2579 2385 3306
5866 4 2 1 1 2793 2966 2083 3502
5867 4 2 1 1 262 340 339 2761
5868 4 2 1 1 2351 2991 963 3405
5869 4 2 1 1 2151 2614 3511 3844
5870 4 2 1 1 2895 3251 1193 3829
5871 4 2 1 1 3219 1662 1666 1661
5872 4 2 1 1 1537 2597 1533 3062
5873 4 2 1 1 1079 2695 1008 3139
5874 4 2 1 1 2859 3263 3437 2390
5875 4 2 1 1 954 2521 944 3238
5876 4 2 1 1 2371 3257 2720 3319
5877 4 2 1 1 2530 2526 2075 3548
5878 4 2 1 1 300 313 314 2700
5879 4 2 1 1 2135 2897 3237 3392
5880 4 2 1 1 2390 2886 2234 3211
5881 4 2 1 1 2364 3589 3152 3737
5882 4 2 1 1 2376 3579 3021 3707
5883 4 2 1 1 3408 3211 599 502
5884 4 2 1 1 1747 2559 3887 2766
5885 4 2 1 1 2179 2768 2552 3642
5886 4 2 1 1 1347 1401 1110 2537
5887 4 2 1 1 2179 3088 2599 3440
5888 4 2 1 1 2750 3201 2480 3540
5889 4 2 1 1 1704 2752 3111 3728
5890 4 2 1 1 761 2419 2980 3060
5891 4 2 1 1 2414 3343 3473 2241
5892 4 2 1 1 558 614 561 3526
5893 4 2 1 1 2859 3437 3263 2251
5894 4 2 1 1 1310 1117 1438 2551
5895 4 2 1 1 656 15 16 3949
5896 4 2 1 1 2501 2070 2952 3757
5897 4 2 1 1 2308 3121 2648 3861
5898 4 2 1 1 2186 2622 2905 3293
5899 4 2 1 1 337 392 390 3014
5900 4 2 1 1 3273 3765 3053 3607
5901 4 2 1 1 284 266 2813 3506
5902 4 2 1 1 2689 2154 2288 3282
5903 4 2 1 1 1004 940 2900 3787
5904 4 2 1 1 1060 892 3699 1044
5905 4 2 1 1 768 3323 820 750
5906 4 2 1 1 379 2917 291 3789
5907 4 2 1 1 1521 1522 2891 3299
5908 4 2 1 1 2132 2391 2791 3364
5909 4 2 1 1 2065 2871 2889 3131
5910 4 2 1 1 426 2490 3510 3108
5911 4 2 1 1 3949 838 16 656
5912 4 2 1 1 1182 3653 2940 3776
5913 4 2 1 1 2314 2969 2889 3148
5914 4 2 1 1 2611 2755 3412 3715
5915 4 2 1 1 2930 3679 937 926
5916 4 2 1 1 2504 3557 2336 3740
5917 4 2 1 1 2574 2855 2149 3569
5918 4 2 1 1 2592 2646 2217 3747
5919 4 2 1 1 2453 2622 2221 3424
5920 4 2 1 1 2266 3186 2887 3681
5921 4 2 1 1 2175 2608 3039 3408
5922 4 2 1 1 2335 2754 2691 3340
5923 4 2 1 1 769 3097 2544 3415
5924 4 2 1 1 2882 3028 2366 3368
5925 4 2 1 1 2115 2998 2437 3272
5926 4 2 1 1 2539 2650 3217 3687
5927 4 2 1 1 1190 2895 1377 2809
5928 4 2 1 1 973 3114 2587 2977
5929 4 2 1 1 1509 1720 1514 3595
5930 4 2 1 1 3075 2699 2176 3548
5931 4 2 1 1 255 248 372 2836
5932 4 2 1 1 3625 3430 1571 2818
5933 4 2 1 1 2528 2640 2236 3475
5934 4 2 1 1 3576 2375 828 3161
5935 4 2 1 1 1654 1555 3456 3626
5936 4 2 1 1 3949 3688 656 15
5937 4 2 1 1 2361 2143 3318 3614
5938 4 2 1 1 3984 996 3107 3897
5939 4 2 1 1 2555 3545 3457 3007
5940 4 2 1 1 3949 3996 206 16
5941 4 2 1 1 2086 2418 3056 2808
5942 4 2 1 1 568 3124 2766 3317
5943 4 2 1 1 2333 3220 2100 3765
5944 4 2 1 1 286 285 268 2489
5945 4 2 1 1 1316 1295 1216 3805
5946 4 2 1 1 1727 3022 2387 3871
5947 4 2 1 1 1647 3282 2442 3641
5948 4 2 1 1 2596 3018 2712 3025
5949 4 2 1 1 2442 3332 3006 3641
5950 4 2 1 1 856 3281 2373 3661
5951 4 2 1 1 1734 1512 2929 3073
5952 4 2 1 1 3949 849 656 3688
5953 4 2 1 1 2987 3110 2168 3670
5954 4 2 1 1 2188 2427 3524 3530
5955 4 2 1 1 265 2611 2847 3478
5956 4 2 1 1 599 3106 2390 3408
5957 4 2 1 1 1560 1561 1553 2662
5958 4 2 1 1 1512 3073 1720 3441
5959 4 2 1 1 2084 2869 2415 2311
5960 4 2 1 1 2203 2551 3107 3730
5961 4 2 1 1 2477 493 496 3302
5962 4 2 1 1 1571 3430 3625 1592
5963 4 2 1 1 2140 2627 3040 3767
5964 4 2 1 1 1764 2719 3739 2690
5965 4 2 1 1 423 271 263 2760
5966 4 2 1 1 716 721 723 3094
5967 4 2 1 1 2314 2889 2871 3131
5968 4 2 1 1 233 364 236 2714
5969 4 2 1 1 267 374 268 3491
5970 4 2 1 1 2263 2432 3157 3169
5971 4 2 1 1 2405 3386 2119 3492
5972 4 2 1 1 2287 2703 2844 3338
5973 4 2 1 1 2629 3240 2474 3442
5974 4 2 1 1 3767 2992 3771 2382
5975 4 2 1 1 3020 2749 3449 2402
5976 4 2 1 1 2447 2753 2531 2167
5977 4 2 1 1 3949 873 838 656
5978 4 2 1 1 3590 1448 3079 1331
5979 4 2 1 1 1316 3445 2458 3516
5980 4 2 1 1 3725 2713 2679 2169
5981 4 2 1 1 3444 3319 2718 2138
5982 4 2 1 1 553 3935 2608 3039
5983 4 2 1 1 2331 2687 2240 3339
5984 4 2 1 1 459 2663 458 3263
5985 4 2 1 1 2747 3256 2193 3407
5986 4 2 1 1 2430 2119 3386 3716
5987 4 2 1 1 679 2976 2582 3863
5988 4 2 1 1 1500 2707 2752 3333
5989 4 2 1 1 745 767 850 2815
5990 4 2 1 1 2454 2948 2187 2363
5991 4 2 1 1 2157 2483 2514 2998
5992 4 2 1 1 3183 2177 2593 2777
5993 4 2 1 1 1790 3888 3538 1455
5994 4 2 1 1 571 572 3106 3317
5995 4 2 1 1 1209 1247 1375 2519
5996 4 2 1 1 1704 3111 1495 3728
5997 4 2 1 1 3877 1350 3948 115
5998 4 2 1 1 2138 3351 2748 3758
5999 4 2 1 1 1158 2856 1187 2325
6000 4 2 1 1 3026 3134 2718 3788
6001 4 2 1 1 339 295 425 2761
6002 4 2 1 1 1158 2974 2856 2325
6003 4 2 1 1 1350 115 116 3948
6004 4 2 1 1 2234 2859 2390 3211
6005 4 2 1 1 3546 3530 2226 2427
6006 4 2 1 1 2108 2729 2361 3318
6007 4 2 1 1 2172 2521 2730 3330
6008 4 2 1 1 2077 2762 2359 3070
6009 4 2 1 1 2591 2763 2298 3819
6010 4 2 1 1 2373 2432 3281 3411
6011 4 2 1 1 2590 2798 2272 3793
6012 4 2 1 1 1270 2443 1212 1246
6013 4 2 1 1 782 3369 785 3634
6014 4 2 1 1 1541 3333 2756 3486
6015 4 2 1 1 846 2993 857 3838
6016 4 2 1 1 2925 2985 2374 3493
6017 4 2 1 1 2832 3067 2903 2145
6018 4 2 1 1 599 593 3211 3263
6019 4 2 1 1 2842 3013 2290 3127
6020 4 2 1 1 3530 3731 3352 2686
6021 4 2 1 1 3948 3881 116 1350
6022 4 2 1 1 3398 3467 2317 3613
6023 4 2 1 1 2231 2987 2762 3670
6024 4 2 1 1 3026 3134 2302 3410
6025 4 2 1 1 2225 3019 2524 3562
6026 4 2 1 1 673 3900 3953 3037
6027 4 2 1 1 828 3161 831 3576
6028 4 2 1 1 261 363 240 2620
6029 4 2 1 1 3038 3320 3066 2834
6030 4 2 1 1 2658 3103 2249 3172
6031 4 2 1 1 1410 2593 2982 3590
6032 4 2 1 1 3054 2415 2147 2945
6033 4 2 1 1 2914 2337 2590 3176
6034 4 2 1 1 644 477 2360 3385
6035 4 2 1 1 2064 2843 3252 3802
6036 4 2 1 1 1226 2965 1235 1273
6037 4 2 1 1 2682 2853 2152 3368
6038 4 2 1 1 179 178 1090 3962
6039 4 2 1 1 2424 2959 2577 3181
6040 4 2 1 1 2484 3386 2119 3716
6041 4 2 1 1 3526 576 2841 577
6042 4 2 1 1 1648 1674 1510 2848
6043 4 2 1 1 1033 1080 3208 3431
6044 4 2 1 1 3877 1350 3501 3948
6045 4 2 1 1 3809 2598 1361 3185
6046 4 2 1 1 753 755 843 2544
6047 4 2 1 1 214 3446 42 3460
6048 4 2 1 1 2773 3094 837 3187
6049 4 2 1 1 2281 2467 2849 3160
6050 4 2 1 1 2281 2467 3160 3023
6051 4 2 1 1 3189 3494 2471 3668
6052 4 2 1 1 1713 3118 1693 3304
6053 4 2 1 1 2568 2668 2299 3418
6054 4 2 1 1 1185 1212 2911 2255
6055 4 2 1 1 2296 2919 2445 2967
6056 4 2 1 1 2287 2942 2534 3563
6057 4 2 1 1 3106 572 3439 2438
6058 4 2 1 1 2395 2633 3234 3413
6059 4 2 1 1 3343 3580 2292 3597
6060 4 2 1 1 2244 2694 2821 3370
6061 4 2 1 1 614 558 559 2487
6062 4 2 1 1 1238 3017 2554 3529
6063 4 2 1 1 2072 2850 2603 2771
6064 4 2 1 1 2641 2703 2416 3640
6065 4 2 1 1 503 2486 606 3521
6066 4 2 1 1 2667 3315 2365 3537
6067 4 2 1 1 954 1059 946 2521
6068 4 2 1 1 2349 3180 2796 3539
6069 4 2 1 1 3590 2537 1347 3079
6070 4 2 1 1 2535 3632 3137 3785
6071 4 2 1 1 3948 3881 1350 3501
6072 4 2 1 1 2575 2705 2411 3727
6073 4 2 1 1 2148 2612 2520 3117
6074 4 2 1 1 3637 669 3940 155
6075 4 2 1 1 2412 2094 2337 3176
6076 4 2 1 1 1713 3118 1723 1693
6077 4 2 1 1 3001 2121 3300 2576
6078 4 2 1 1 3728 2644 1492 3329
6079 4 2 1 1 3331 120 1115 3662
6080 4 2 1 1 2227 2812 2556 3494
6081 4 2 1 1 3949 849 3688 2421
6082 4 2 1 1 3011 2430 3386 3450
6083 4 2 1 1 2384 3064 2619 2545
6084 4 2 1 1 786 2725 3276 785
6085 4 2 1 1 3331 120 3662 435
6086 4 2 1 1 1372 1236 1374 2602
6087 4 2 1 1 3352 3372 2731 3848
6088 4 2 1 1 2506 2169 2929 2679
6089 4 2 1 1 846 857 2973 3838
6090 4 2 1 1 2073 3054 2564 3177
6091 4 2 1 1 2092 3041 2531 3246
6092 4 2 1 1 2172 2420 2730 3472
6093 4 2 1 1 643 3895 2565 446
6094 4 2 1 1 2235 3466 3322 3629
6095 4 2 1 1 985 2898 2365 3315
6096 4 2 1 1 2139 2947 2407 3831
6097 4 2 1 1 243 241 2403 3703
6098 4 2 1 1 2445 2296 2946 3759
6099 4 2 1 1 2956 1779 2700 3358
6100 4 2 1 1 2711 1329 138 3947
6101 4 2 1 1 2076 2914 2702 3546
6102 4 2 1 1 1333 2670 1182 3653
6103 4 2 1 1 2859 2503 2557 2423
6104 4 2 1 1 2859 2557 3437 2423
6105 4 2 1 1 2523 3180 2211 3367
6106 4 2 1 1 2833 3169 2432 3283
6107 4 2 1 1 2429 2179 2991 3541
6108 4 2 1 1 3728 1492 2644 1494
6109 4 2 1 1 237 3004 386 3324
6110 4 2 1 1 2188 2899 3372 3848
6111 4 2 1 1 3809 1361 2598 1358
6112 4 2 1 1 3824 3521 603 613
6113 4 2 1 1 2239 3000 2688 3667
6114 4 2 1 1 2425 2909 2526 3548
6115 4 2 1 1 768 3323 750 2904
6116 4 2 1 1 1122 3945 3440 3882
6117 4 2 1 1 2964 3033 3249 2265
6118 4 2 1 1 3444 2966 3098 2195
6119 4 2 1 1 3444 2966 2195 2958
6120 4 2 1 1 762 848 2696 2980
6121 4 2 1 1 3470 3278 2071 2789
6122 4 2 1 1 2244 2548 2694 2067
6123 4 2 1 1 3481 2781 2811 2463
6124 4 2 1 1 2260 2920 2758 3668
6125 4 2 1 1 138 137 3947 1329
6126 4 2 1 1 601 515 603 3298
6127 4 2 1 1 3767 3771 2992 1731
6128 4 2 1 1 774 2565 860 3931
6129 4 2 1 1 1717 1547 1553 3851
6130 4 2 1 1 2206 2802 2602 2864
6131 4 2 1 1 773 2565 3129 669
6132 4 2 1 1 774 2565 669 860
6133 4 2 1 1 2182 2706 2462 3382
6134 4 2 1 1 2484 2119 2256 3716
6135 4 2 1 1 3738 3731 3530 2686
6136 4 2 1 1 2116 2656 2820 3842
6137 4 2 1 1 557 3712 3533 2451
6138 4 2 1 1 3480 3257 2246 2465
6139 4 2 1 1 2179 2461 3088 3440
6140 4 2 1 1 3811 2829 2558 2808
6141 4 2 1 1 3340 3774 1359 2754
6142 4 2 1 1 1500 1539 1677 3429
6143 4 2 1 1 2498 2660 2189 3147
6144 4 2 1 1 2519 3207 3261 3796
6145 4 2 1 1 363 242 240 2620
6146 4 2 1 1 992 1077 1068 2464
6147 4 2 1 1 1113 3947 3917 137
6148 4 2 1 1 1226 2965 1273 2657
6149 4 2 1 1 802 832 830 3783
6150 4 2 1 1 961 2991 960 962
6151 4 2 1 1 1315 2554 1238 3017
6152 4 2 1 1 2397 3269 2916 3761
6153 4 2 1 1 2422 2930 2708 3336
6154 4 2 1 1 2506 3073 1512 3441
6155 4 2 1 1 1113 3947 137 1329
6156 4 2 1 1 2124 2646 2427 3401
6157 4 2 1 1 3580 3136 2992 3771
6158 4 2 1 1 2681 3308 2278 3626
6159 4 2 1 1 2934 3444 3534 3134
6160 4 2 1 1 1329 3947 2711 2726
6161 4 2 1 1 2412 2908 2951 3531
6162 4 2 1 1 1799 3009 2490 3585
6163 4 2 1 1 2624 2489 285 3573
6164 4 2 1 1 2262 2693 2499 2320
6165 4 2 1 1 2149 3150 2721 3757
6166 4 2 1 1 2981 3243 2580 3592
6167 4 2 1 1 977 978 2672 3114
6168 4 2 1 1 1178 1400 2918 3563
6169 4 2 1 1 407 3247 2743 3491
6170 4 2 1 1 2221 2453 3384 2436
6171 4 2 1 1 554 3202 2439 3592
6172 4 2 1 1 3066 2332 3297 3803
6173 4 2 1 1 470 469 2580 2888
6174 4 2 1 1 3812 1204 2466 3102
6175 4 2 1 1 2207 2607 2585 3238
6176 4 2 1 1 1647 3112 2442 3193
6177 4 2 1 1 1545 2445 1724 3345
6178 4 2 1 1 2399 2795 2787 3036
6179 4 2 1 1 2457 2892 3292 2185
6180 4 2 1 1 2323 3275 2466 3571
6181 4 2 1 1 3662 3331 3823 2536
6182 4 2 1 1 2112 2503 2859 2423
6183 4 2 1 1 2274 3309 3041 2092
6184 4 2 1 1 1730 3052 2329 3499
6185 4 2 1 1 2932 819 709 3281
6186 4 2 1 1 2282 3007 2435 2090
6187 4 2 1 1 2839 2840 2250 3592
6188 4 2 1 1 2088 2718 3026 3134
6189 4 2 1 1 1537 2597 3062 3616
6190 4 2 1 1 2097 2378 2936 3351
6191 4 2 1 1 2814 2982 2174 3724
6192 4 2 1 1 2298 2713 2679 3725
6193 4 2 1 1 1372 1374 1259 2602
6194 4 2 1 1 2934 3534 3444 2195
6195 4 2 1 1 1513 3441 3595 2823
6196 4 2 1 1 1713 3304 2707 3429
6197 4 2 1 1 1089 7 190 3971
6198 4 2 1 1 3300 3636 649 535
6199 4 2 1 1 1096 2497 3787 2828
6200 4 2 1 1 683 2440 3863 3872
6201 4 2 1 1 2 11 3991 411
6202 4 2 1 1 2720 2780 2246 3119
6203 4 2 1 1 2572 2174 3395 3835
6204 4 2 1 1 1138 3138 2394 3610
6205 4 2 1 1 3881 1356 1350 3501
6206 4 2 1 1 2815 850 747 3507
6207 4 2 1 1 2752 3362 2393 3728
6208 4 2 1 1 2682 3587 2853 2193
6209 4 2 1 1 2616 2789 2436 3713
6210 4 2 1 1 1546 2445 2915 1724
6211 4 2 1 1 2453 2436 2308 3744
6212 4 2 1 1 2312 2841 2512 3338
6213 4 2 1 1 2227 3024 3111 3740
6214 4 2 1 1 2064 2494 2804 3252
6215 4 2 1 1 2069 2579 2713 3422
6216 4 2 1 1 3595 3749 2154 2689
6217 4 2 1 1 2065 2566 3376 3770
6218 4 2 1 1 2579 2749 2212 2385
6219 4 2 1 1 2131 2434 2776 3577
6220 4 2 1 1 979 977 978 2672
6221 4 2 1 1 2399 2795 3036 3638
6222 4 2 1 1 2146 2844 2703 3338
6223 4 2 1 1 2883 3128 3158 2347
6224 4 2 1 1 2872 3169 2084 2311
6225 4 2 1 1 255 2778 2836 3867
6226 4 2 1 1 3058 3540 2557 3859
6227 4 2 1 1 2292 3602 3597 3834
6228 4 2 1 1 2315 2563 3464 2106
6229 4 2 1 1 2486 2727 606 3005
6230 4 2 1 1 3023 550 609 633
6231 4 2 1 1 786 2725 785 3369
6232 4 2 1 1 2205 3143 2468 3303
6233 4 2 1 1 2137 2355 2852 3855
6234 4 2 1 1 1077 1068 2464 3447
6235 4 2 1 1 2641 2767 2267 2894
6236 4 2 1 1 3881 3005 1356 3501
6237 4 2 1 1 3812 2466 1204 3275
6238 4 2 1 1 390 335 2606 2970
6239 4 2 1 1 1255 2775 3588 3655
6240 4 2 1 1 3824 3521 613 2841
6241 4 2 1 1 286 285 2489 3573
6242 4 2 1 1 2195 2793 2966 3098
6243 4 2 1 1 507 450 3166 3454
6244 4 2 1 1 2284 2720 2409 3515
6245 4 2 1 1 2472 3032 2975 3174
6246 4 2 1 1 2415 2216 2869 2945
6247 4 2 1 1 3152 3589 2615 3737
6248 4 2 1 1 2753 3241 2623 3631
6249 4 2 1 1 2687 3265 1486 3485
6250 4 2 1 1 1461 1748 1750 2608
6251 4 2 1 1 3119 3171 3524 2601
6252 4 2 1 1 461 2663 459 3263
6253 4 2 1 1 2694 2067 2548 3765
6254 4 2 1 1 2099 2378 3372 3480
6255 4 2 1 1 994 3216 3084 3315
6256 4 2 1 1 2270 2822 3377 3681
6257 4 2 1 1 1519 2543 2689 3595
6258 4 2 1 1 2603 2632 2225 2850
6259 4 2 1 1 389 354 391 3223
6260 4 2 1 1 3223 354 353 389
6261 4 2 1 1 1550 2946 2568 2381
6262 4 2 1 1 2666 3146 2710 3710
6263 4 2 1 1 2512 2426 3338 3869
6264 4 2 1 1 2133 3213 2579 3671
6265 4 2 1 1 2386 2082 3312 3605
6266 4 2 1 1 3058 3540 2082 3605
6267 4 2 1 1 2575 2184 2758 3602
6268 4 2 1 1 1704 2752 1498 3111
6269 4 2 1 1 2435 3007 2282 3656
6270 4 2 1 1 2370 2748 2165 3320
6271 4 2 1 1 2068 3086 2472 3174
6272 4 2 1 1 1511 2387 3092 1610
6273 4 2 1 1 3626 3308 3235 2456
6274 4 2 1 1 2357 3505 3203 3618
6275 4 2 1 1 3876 1394 3878 111
6276 4 2 1 1 3235 3308 3626 2278
6277 4 2 1 1 3346 3436 2359 3701
6278 4 2 1 1 2578 2089 2812 3375
6279 4 2 1 1 2820 3067 2751 3698
6280 4 2 1 1 1144 2676 1143 3779
6281 4 2 1 1 2515 2160 2758 3602
6282 4 2 1 1 1472 1753 1684 3039
6283 4 2 1 1 1286 1288 1404 3742
6284 4 2 1 1 2572 3183 2174 3835
6285 4 2 1 1 3120 3143 2533 3528
6286 4 2 1 1 2585 1034 1046 952
6287 4 2 1 1 2085 2489 2734 3374
6288 4 2 1 1 1708 1510 1489 2649
6289 4 2 1 1 3727 2947 2699 2184
6290 4 2 1 1 2185 2777 2452 3259
6291 4 2 1 1 280 2813 266 3674
6292 4 2 1 1 3428 3077 3233 2553
6293 4 2 1 1 3266 607 523 3704
6294 4 2 1 1 2791 2340 3364 3756
6295 4 2 1 1 2202 2768 3059 3648
6296 4 2 1 1 2108 2361 2729 3286
6297 4 2 1 1 2308 2663 3133 3144
6298 4 2 1 1 3491 3527 268 267
6299 4 2 1 1 2110 3436 3346 3701
6300 4 2 1 1 3071 3162 2375 3449
6301 4 2 1 1 960 2991 2599 3440
6302 4 2 1 1 2139 2374 3493 3831
6303 4 2 1 1 1708 1510 2649 3550
6304 4 2 1 1 2373 2144 2980 2692
6305 4 2 1 1 2378 2731 3372 3848
6306 4 2 1 1 1143 2676 3215 3779
6307 4 2 1 1 498 484 2518 3666
6308 4 2 1 1 2229 3097 3085 3482
6309 4 2 1 1 363 242 2620 3156
6310 4 2 1 1 2496 3500 2896 3570
6311 4 2 1 1 2186 2968 2386 3312
6312 4 2 1 1 2548 2176 3019 3170
6313 4 2 1 1 1394 111 112 3878
6314 4 2 1 1 255 2836 372 3867
6315 4 2 1 1 2165 2491 2748 3764
6316 4 2 1 1 2172 2473 3027 2857
6317 4 2 1 1 3758 1162 1167 3212
6318 4 2 1 1 3876 1394 3115 3878
6319 4 2 1 1 2182 2632 2462 3519
6320 4 2 1 1 1337 113 114 3946
6321 4 2 1 1 113 3946 1337 3328
6322 4 2 1 1 1065 2673 3140 3314
6323 4 2 1 1 3437 2557 2390 3057
6324 4 2 1 1 3367 918 3431 2523
6325 4 2 1 1 314 313 219 2567
6326 4 2 1 1 2277 2795 3036 3332
6327 4 2 1 1 2546 3262 863 3599
6328 4 2 1 1 424 298 2511 3194
6329 4 2 1 1 2545 2813 287 3674
6330 4 2 1 1 3429 1713 1500 2707
6331 4 2 1 1 1100 3946 114 3877
6332 4 2 1 1 1517 1737 1738 3705
6333 4 2 1 1 1023 3423 2431 3860
6334 4 2 1 1 1100 3946 3877 2605
6335 4 2 1 1 2705 3602 2292 3834
6336 4 2 1 1 219 2567 313 3752
6337 4 2 1 1 2404 2852 2415 3500
6338 4 2 1 1 2669 2470 2125 3694
6339 4 2 1 1 1304 3958 2873 1403
6340 4 2 1 1 1704 1498 1495 3111
6341 4 2 1 1 1190 1188 2902 3588
6342 4 2 1 1 401 3949 2680 206
6343 4 2 1 1 1384 2928 2535 3785
6344 4 2 1 1 2314 2969 2790 2091
6345 4 2 1 1 3429 1500 1713 1677
6346 4 2 1 1 815 833 2450 3187
6347 4 2 1 1 3428 3233 3077 2363
6348 4 2 1 1 3946 2605 1337 3328
6349 4 2 1 1 1203 3002 1382 3261
6350 4 2 1 1 2136 2579 2749 3213
6351 4 2 1 1 2122 2424 2142 2821
6352 4 2 1 1 2185 2451 2648 3712
6353 4 2 1 1 1139 3215 1141 1358
6354 4 2 1 1 1203 1382 1210 3261
6355 4 2 1 1 2185 2648 2452 3175
6356 4 2 1 1 2189 2300 3643 3047
6357 4 2 1 1 1784 146 145 3791
6358 4 2 1 1 1633 1606 2983 3711
6359 4 2 1 1 2663 2859 2532 3263
6360 4 2 1 1 2486 2341 3517 3684
6361 4 2 1 1 145 3369 1784 3791
6362 4 2 1 1 98 97 3919 891
6363 4 2 1 1 2079 2622 2453 3424
6364 4 2 1 1 1372 1236 2602 3598
6365 4 2 1 1 673 3900 3037 671
6366 4 2 1 1 643 3895 446 539
6367 4 2 1 1 2150 2422 2941 3326
6368 4 2 1 1 2126 2775 2586 3681
6369 4 2 1 1 2150 2907 2530 2941
6370 4 2 1 1 3100 1804 3245 1789
6371 4 2 1 1 449 2510 448 3175
6372 4 2 1 1 2631 3053 2201 3246
6373 4 2 1 1 3935 1748 2608 3039
6374 4 2 1 1 2084 2415 2872 2311
6375 4 2 1 1 1270 3088 3474 3642
6376 4 2 1 1 2543 2689 2204 3193
6377 4 2 1 1 1593 1595 1594 2588
6378 4 2 1 1 2870 2311 2350 2869
6379 4 2 1 1 1175 2723 2330 3483
6380 4 2 1 1 1255 2775 1334 3588
6381 4 2 1 1 2410 3349 1180 3523
6382 4 2 1 1 2146 2703 2469 3601
6383 4 2 1 1 558 2884 560 3452
6384 4 2 1 1 1552 2662 1547 2946
6385 4 2 1 1 2258 3126 2547 3167
6386 4 2 1 1 3127 3297 2332 3803
6387 4 2 1 1 1136 2999 3138 3610
6388 4 2 1 1 3239 3247 2321 3709
6389 4 2 1 1 2252 2739 2373 3281
6390 4 2 1 1 3284 3322 2668 3466
6391 4 2 1 1 2101 3572 2386 3733
6392 4 2 1 1 2545 3627 2813 3674
6393 4 2 1 1 2210 2598 3185 3198
6394 4 2 1 1 1265 2928 1387 3356
6395 4 2 1 1 2699 2920 2462 3101
6396 4 2 1 1 2393 3362 1493 3728
6397 4 2 1 1 2165 2718 2794 3788
6398 4 2 1 1 2176 3075 2850 3101
6399 4 2 1 1 2755 3042 2813 3506
6400 4 2 1 1 949 2585 952 3816
6401 4 2 1 1 2367 3119 2944 3848
6402 4 2 1 1 2702 2914 2459 3546
6403 4 2 1 1 3919 3398 891 3459
6404 4 2 1 1 2362 2174 3183 3590
6405 4 2 1 1 2468 3143 2868 3303
6406 4 2 1 1 2201 2517 3273 3586
6407 4 2 1 1 2157 3272 2940 2354
6408 4 2 1 1 677 675 785 2725
6409 4 2 1 1 2075 2575 2699 2909
6410 4 2 1 1 2223 2598 2394 3645
6411 4 2 1 1 3119 3171 2944 3524
6412 4 2 1 1 3020 3449 2749 2375
6413 4 2 1 1 2410 3523 2138 3758
6414 4 2 1 1 2163 2487 3179 3310
6415 4 2 1 1 1276 3882 1122 2461
6416 4 2 1 1 2328 3438 2879 2091
6417 4 2 1 1 2423 2824 2589 3761
6418 4 2 1 1 3919 3459 891 97
6419 4 2 1 1 2305 3046 2712 2596
6420 4 2 1 1 1199 1196 1198 2677
6421 4 2 1 1 2483 2248 3409 2514
6422 4 2 1 1 1645 3128 2607 3729
6423 4 2 1 1 3380 3544 2513 3716
6424 4 2 1 1 2663 2859 2251 3144
6425 4 2 1 1 871 767 710 2615
6426 4 2 1 1 992 3966 1068 892
6427 4 2 1 1 3795 1029 2638 2873
6428 4 2 1 1 320 3153 2599 3446
6429 4 2 1 1 2226 3103 3171 3644
6430 4 2 1 1 85 84 1749 3124
6431 4 2 1 1 2113 2899 2592 3453
6432 4 2 1 1 2076 3854 3546 3268
6433 4 2 1 1 1681 2456 1555 3626
6434 4 2 1 1 1358 3215 2598 2394
6435 4 2 1 1 2675 2791 2132 3732
6436 4 2 1 1 2118 2383 2989 3284
6437 4 2 1 1 2362 810 3366 3663
6438 4 2 1 1 625 3909 430 3001
6439 4 2 1 1 2706 2625 3504 3806
6440 4 2 1 1 2678 3112 1563 3193
6441 4 2 1 1 2219 2678 2978 3416
6442 4 2 1 1 1289 2814 1409 2880
6443 4 2 1 1 2243 2530 2907 2941
6444 4 2 1 1 2937 3095 2337 2367
6445 4 2 1 1 1664 2765 1754 3451
6446 4 2 1 1 2503 2647 2622 3513
6447 4 2 1 1 3924 385 396 2434
6448 4 2 1 1 2399 2879 2774 3638
6449 4 2 1 1 2085 2489 3374 2978
6450 4 2 1 1 2372 2163 2950 3310
6451 4 2 1 1 262 2761 3182 3465
6452 4 2 1 1 407 2743 2490 3491
6453 4 2 1 1 2178 3145 2403 3196
6454 4 2 1 1 85 1749 2766 3124
6455 4 2 1 1 2398 3068 2960 2597
6456 4 2 1 1 3386 3450 3716 3074
6457 4 2 1 1 760 3060 2401 3165
6458 4 2 1 1 2076 2571 2838 3793
6459 4 2 1 1 3031 3091 929 3336
6460 4 2 1 1 1739 2591 2763 3612
6461 4 2 1 1 2504 2779 2376 3086
6462 4 2 1 1 600 435 3331 3662
6463 4 2 1 1 1083 4 157 3988
6464 4 2 1 1 3643 3371 2189 2684
6465 4 2 1 1 737 2522 3933 859
6466 4 2 1 1 3500 2843 2404 3802
6467 4 2 1 1 2483 2248 2514 2998
6468 4 2 1 1 2343 2939 3697 3725
6469 4 2 1 1 1293 2416 1251 3809
6470 4 2 1 1 2135 2394 2598 3645
6471 4 2 1 1 3692 3270 3239 2795
6472 4 2 1 1 2196 2900 2551 2910
6473 4 2 1 1 2217 2501 3132 2149
6474 4 2 1 1 2357 3008 2793 2195
6475 4 2 1 1 2098 2896 3186 3500
6476 4 2 1 1 2407 2947 3504 3831
6477 4 2 1 1 2606 2970 335 3404
6478 4 2 1 1 320 2599 3976 3446
6479 4 2 1 1 1007 2930 2497 3623
6480 4 2 1 1 2079 2453 2622 3259
6481 4 2 1 1 958 2828 1051 1086
6482 4 2 1 1 3265 3456 1486 3485
6483 4 2 1 1 2514 2248 3409 3726
6484 4 2 1 1 2161 2793 2657 3047
6485 4 2 1 1 1060 2567 3982 3752
6486 4 2 1 1 1122 3945 3882 159
6487 4 2 1 1 1190 2902 2809 3588
6488 4 2 1 1 2345 3600 2699 3777
6489 4 2 1 1 2801 3346 2762 2310
6490 4 2 1 1 2294 2904 2516 3507
6491 4 2 1 1 2267 2767 3048 2424
6492 4 2 1 1 2068 3151 2722 3579
6493 4 2 1 1 2291 2982 2677 3714
6494 4 2 1 1 2159 3078 2587 3627
6495 4 2 1 1 2167 2617 2569 3837
6496 4 2 1 1 2217 2606 3132 3849
6497 4 2 1 1 2410 2138 3098 3444
6498 4 2 1 1 3945 158 159 1365
6499 4 2 1 1 3033 3113 2265 3216
6500 4 2 1 1 3156 392 363 393
6501 4 2 1 1 2820 3437 2438 3698
6502 4 2 1 1 2246 2720 3257 3319
6503 4 2 1 1 2585 2741 1034 3816
6504 4 2 1 1 2399 3468 2879 3638
6505 4 2 1 1 3016 3398 2816 3459
6506 4 2 1 1 785 3369 2725 3634
6507 4 2 1 1 2252 3281 3162 3685
6508 4 2 1 1 784 3969 839 2711
6509 4 2 1 1 1618 2682 1617 3100
6510 4 2 1 1 2405 2591 2971 3492
6511 4 2 1 1 2706 2947 2462 3382
6512 4 2 1 1 2316 2947 2706 3382
6513 4 2 1 1 2640 3064 2131 3686
6514 4 2 1 1 2736 739 3344 3737
6515 4 2 1 1 2356 3417 3145 3746
6516 4 2 1 1 2081 2995 2861 3778
6517 4 2 1 1 2724 776 775 3129
6518 4 2 1 1 1309 1310 1311 3808
6519 4 2 1 1 2427 3280 3401 3524
6520 4 2 1 1 2124 2787 3280 3468
6521 4 2 1 1 2330 2600 3571 3812
6522 4 2 1 1 1304 2323 2873 3420
6523 4 2 1 1 1122 3945 159 1365
6524 4 2 1 1 737 2522 859 671
6525 4 2 1 1 2556 2387 3574 3871
6526 4 2 1 1 2589 2824 2235 3629
6527 4 2 1 1 3008 1225 1206 1351
6528 4 2 1 1 2449 2189 2684 3643
6529 4 2 1 1 1774 1691 1690 3173
6530 4 2 1 1 2087 2901 2395 3608
6531 4 2 1 1 1716 1589 2405 3617
6532 4 2 1 1 3680 2436 3384 2279
6533 4 2 1 1 1220 2934 2893 3505
6534 4 2 1 1 3319 3444 3098 2138
6535 4 2 1 1 522 3232 2681 3266
6536 4 2 1 1 2440 2213 3289 3863
6537 4 2 1 1 3774 3098 2893 2754
6538 4 2 1 1 1618 1575 1617 2682
6539 4 2 1 1 2821 2894 2267 2767
6540 4 2 1 1 2103 2451 2457 3853
6541 4 2 1 1 2904 757 2562 3323
6542 4 2 1 1 959 2849 3664 950
6543 4 2 1 1 923 1007 2930 3336
6544 4 2 1 1 2085 3374 2734 3589
6545 4 2 1 1 2731 3731 3352 3848
6546 4 2 1 1 2092 2531 2631 3246
6547 4 2 1 1 2643 3658 2664 2131
6548 4 2 1 1 2900 3267 945 947
6549 4 2 1 1 1031 3941 3907 183
6550 4 2 1 1 1384 1340 2535 3735
6551 4 2 1 1 2751 2369 3388 2095
6552 4 2 1 1 1752 3061 2559 2716
6553 4 2 1 1 3899 3945 1365 158
6554 4 2 1 1 2182 2633 2632 3519
6555 4 2 1 1 2253 3259 2622 2308
6556 4 2 1 1 2925 3359 2305 2596
6557 4 2 1 1 1190 1377 2895 1192
6558 4 2 1 1 510 3105 2480 3406
6559 4 2 1 1 3617 2697 2119 2405
6560 4 2 1 1 3899 3945 3440 1365
6561 4 2 1 1 2184 2407 2866 3727
6562 4 2 1 1 2275 2813 2755 3042
6563 4 2 1 1 1681 3235 2456 3626
6564 4 2 1 1 572 2903 2438 3317
6565 4 2 1 1 2957 3044 2344 3390
6566 4 2 1 1 2583 3400 3568 2190
6567 4 2 1 1 2221 2622 2453 2436
6568 4 2 1 1 2117 2960 3068 2597
6569 4 2 1 1 1319 1133 1178 3303
6570 4 2 1 1 3610 1178 1389 1135
6571 4 2 1 1 2164 2753 2569 2961
6572 4 2 1 1 3944 172 173 1299
6573 4 2 1 1 2418 2218 3056 2808
6574 4 2 1 1 2568 2299 2837 3418
6575 4 2 1 1 173 1440 3944 1299
6576 4 2 1 1 436 2851 3913 3495
6577 4 2 1 1 1351 2893 3008 3505
6578 4 2 1 1 650 3105 521 643
6579 4 2 1 1 3897 3944 1299 172
6580 4 2 1 1 1351 2893 1206 3008
6581 4 2 1 1 1799 1470 2490 3510
6582 4 2 1 1 2130 2614 2573 2906
6583 4 2 1 1 2108 2917 3286 3536
6584 4 2 1 1 761 2980 2419 3661
6585 4 2 1 1 2819 2923 2359 3508
6586 4 2 1 1 3067 3698 2903 2145
6587 4 2 1 1 2702 2732 2297 3062
6588 4 2 1 1 3617 2119 2697 2543
6589 4 2 1 1 1336 3896 2660 1107
6590 4 2 1 1 1637 3226 1779 3358
6591 4 2 1 1 740 2680 838 3344
6592 4 2 1 1 3303 2999 3143 2868
6593 4 2 1 1 2481 3400 2583 3417
6594 4 2 1 1 2484 2256 2994 3716
6595 4 2 1 1 3758 1167 1162 1168
6596 4 2 1 1 1596 2588 1594 1595
6597 4 2 1 1 3897 3944 3107 1299
6598 4 2 1 1 2682 3587 3654 2853
6599 4 2 1 1 2324 2683 3454 3845
6600 4 2 1 1 3303 3143 2999 2205
6601 4 2 1 1 2237 2564 3054 3177
6602 4 2 1 1 1293 1241 1251 3082
6603 4 2 1 1 1601 2352 2848 3550
6604 4 2 1 1 2257 2489 2734 2388
6605 4 2 1 1 784 670 787 2711
6606 4 2 1 1 2171 2635 2617 3470
6607 4 2 1 1 3643 2307 3307 2465
6608 4 2 1 1 22 2522 222 3923
6609 4 2 1 1 2098 3500 3186 3518
6610 4 2 1 1 2076 2790 2960 3421
6611 4 2 1 1 307 308 2562 3168
6612 4 2 1 1 642 525 520 2724
6613 4 2 1 1 1511 2644 1494 3092
6614 4 2 1 1 3862 738 660 2736
6615 4 2 1 1 2581 2796 2470 3860
6616 4 2 1 1 1299 2549 3944 3107
6617 4 2 1 1 2456 3456 1555 3626
6618 4 2 1 1 2092 2832 3308 3721
6619 4 2 1 1 620 3980 2467 3160
6620 4 2 1 1 2334 2803 2753 3631
6621 4 2 1 1 1505 1503 1504 2791
6622 4 2 1 1 2938 3307 2573 3798
6623 4 2 1 1 2098 2806 2896 3570
6624 4 2 1 1 725 823 729 2735
6625 4 2 1 1 616 3526 3099 3824
6626 4 2 1 1 2232 2825 2558 2829
6627 4 2 1 1 3133 3144 2163 3179
6628 4 2 1 1 2115 3240 2629 3442
6629 4 2 1 1 2269 2672 2659 3314
6630 4 2 1 1 1079 3792 2695 3139
6631 4 2 1 1 3186 3500 2564 3518
6632 4 2 1 1 2395 2123 2901 3387
6633 4 2 1 1 2280 2788 3065 3366
6634 4 2 1 1 2091 2583 2969 3400
6635 4 2 1 1 2172 2690 2521 3330
6636 4 2 1 1 3733 3083 2749 2542
6637 4 2 1 1 3117 3435 2479 2740
6638 4 2 1 1 870 129 128 3928
6639 4 2 1 1 2795 3332 2485 3443
6640 4 2 1 1 2853 3727 2090 3781
6641 4 2 1 1 3106 3439 572 630
6642 4 2 1 1 1609 3333 1538 3362
6643 4 2 1 1 500 3202 504 3481
6644 4 2 1 1 2353 2725 2170 3276
6645 4 2 1 1 1431 1122 1365 3440
6646 4 2 1 1 2668 3063 2757 3418
6647 4 2 1 1 1260 1370 1164 2759
6648 4 2 1 1 2563 2106 3396 3632
6649 4 2 1 1 451 452 453 2648
6650 4 2 1 1 503 606 2486 3814
6651 4 2 1 1 3927 636 3942 95
6652 4 2 1 1 2120 2722 2770 2478
6653 4 2 1 1 2379 3246 2201 3490
6654 4 2 1 1 3389 2130 2294 2614
6655 4 2 1 1 2264 2419 3165 3556
6656 4 2 1 1 3862 660 738 851
6657 4 2 1 1 2150 2741 2930 3679
6658 4 2 1 1 2326 3040 3682 3068
6659 4 2 1 1 1401 2814 3034 3724
6660 4 2 1 1 1752 3061 2716 1600
6661 4 2 1 1 2199 2975 2959 3555
6662 4 2 1 1 2164 2950 3522 3869
6663 4 2 1 1 2434 3064 2619 3686
6664 4 2 1 1 2359 2923 3070 3508
6665 4 2 1 1 1570 1714 2765 3348
6666 4 2 1 1 2326 3040 3194 3682
6667 4 2 1 1 3610 1178 1135 3303
6668 4 2 1 1 2403 3391 2295 3542
6669 4 2 1 1 3316 3181 3608 2604
6670 4 2 1 1 2073 2564 2637 3177
6671 4 2 1 1 2593 2726 2362 3590
6672 4 2 1 1 2198 3002 2570 3360
6673 4 2 1 1 3098 2083 2371 3257
6674 4 2 1 1 2862 2425 3273 3607
6675 4 2 1 1 2560 2592 2217 3747
6676 4 2 1 1 2373 2870 2692 3283
6677 4 2 1 1 1370 3038 2476 3584
6678 4 2 1 1 3315 3484 2898 3537
6679 4 2 1 1 898 888 899 2461
6680 4 2 1 1 429 3876 2634 3115
6681 4 2 1 1 2256 2484 2994 3422
6682 4 2 1 1 2236 2817 2555 3457
6683 4 2 1 1 2125 3035 2669 3694
6684 4 2 1 1 1316 2887 1215 3516
6685 4 2 1 1 2848 2352 3383 3469
6686 4 2 1 1 2601 3103 2509 3722
6687 4 2 1 1 2881 2987 2168 3719
6688 4 2 1 1 3448 1802 3612 1638
6689 4 2 1 1 1387 3356 2928 3785
6690 4 2 1 1 3944 1299 1440 2549
6691 4 2 1 1 3367 3431 918 917
6692 4 2 1 1 1658 2607 3810 1471
6693 4 2 1 1 2365 3033 2964 3285
6694 4 2 1 1 644 2360 477 3628
6695 4 2 1 1 1174 2723 1177 3191
6696 4 2 1 1 2165 2794 2370 2974
6697 4 2 1 1 2682 2392 3069 3654
6698 4 2 1 1 2439 3023 2811 3202
6699 4 2 1 1 3052 3486 1692 2756
6700 4 2 1 1 2601 3171 2249 3380
6701 4 2 1 1 2131 2561 2817 3686
6702 4 2 1 1 2492 2180 2825 2829
6703 4 2 1 1 452 2452 2648 3175
6704 4 2 1 1 2401 2973 2264 3135
6705 4 2 1 1 2119 2543 2951 3531
6706 4 2 1 1 2453 3259 2648 2308
6707 4 2 1 1 2738 1793 94 7
6708 4 2 1 1 2555 3007 2995 3675
6709 4 2 1 1 979 993 2659 3140
6710 4 2 1 1 2457 2634 2185 3292
6711 4 2 1 1 3034 835 3411 3599
6712 4 2 1 1 368 18 17 3344
6713 4 2 1 1 2357 3008 3505 3618
6714 4 2 1 1 723 3094 721 3187
6715 4 2 1 1 1223 2584 1264 3209
6716 4 2 1 1 973 3114 2977 976
6717 4 2 1 1 2117 2879 3468 3638
6718 4 2 1 1 2682 3587 2193 2392
6719 4 2 1 1 790 2744 3350 3538
6720 4 2 1 1 702 719 813 2932
6721 4 2 1 1 2846 3288 1654 3626
6722 4 2 1 1 270 3789 3059 3867
6723 4 2 1 1 1692 3486 3052 1546
6724 4 2 1 1 2501 3207 3132 3365
6725 4 2 1 1 3662 1128 3331 2536
6726 4 2 1 1 1755 3895 3104 1701
6727 4 2 1 1 2705 3258 2193 3587
6728 4 2 1 1 370 2545 287 3674
6729 4 2 1 1 2623 2753 2334 3522
6730 4 2 1 1 2081 2729 3614 3648
6731 4 2 1 1 1609 1674 2329 3362
6732 4 2 1 1 399 19 218 3862
6733 4 2 1 1 2194 2906 2784 3606
6734 4 2 1 1 2738 94 1476 3925
6735 4 2 1 1 257 2507 3156 379
6736 4 2 1 1 2778 3552 2444 2733
6737 4 2 1 1 2778 3552 2643 2444
6738 4 2 1 1 3976 412 2599 320
6739 4 2 1 1 3546 3530 2427 3854
6740 4 2 1 1 2706 3504 3462 3806
6741 4 2 1 1 2151 3489 2409 3544
6742 4 2 1 1 2077 2762 2987 2310
6743 4 2 1 1 2485 2877 2388 3443
6744 4 2 1 1 537 3925 2738 3305
6745 4 2 1 1 2229 3060 2696 3410
6746 4 2 1 1 1171 3409 2514 3433
6747 4 2 1 1 227 229 228 2684
6748 4 2 1 1 1764 2719 2690 1456
6749 4 2 1 1 3692 3270 2795 3324
6750 4 2 1 1 3163 1367 1366 2921
6751 4 2 1 1 3444 2966 2958 2371
6752 4 2 1 1 3230 850 700 2460
6753 4 2 1 1 1413 1103 2544 3203
6754 4 2 1 1 690 691 689 2488
6755 4 2 1 1 2853 3727 3781 2411
6756 4 2 1 1 2073 2216 2564 3054
6757 4 2 1 1 1513 3441 2823 1507
6758 4 2 1 1 2238 1154 2759 2483
6759 4 2 1 1 790 3350 791 3538
6760 4 2 1 1 1413 1275 3203 3505
6761 4 2 1 1 2499 2693 2262 3547
6762 4 2 1 1 564 2532 3130 474
6763 4 2 1 1 2417 3214 696 3858
6764 4 2 1 1 3437 2557 3057 2095
6765 4 2 1 1 2067 2447 2803 2825
6766 4 2 1 1 2071 2950 2426 3522
6767 4 2 1 1 3943 106 6 1441
6768 4 2 1 1 1074 971 969 3271
6769 4 2 1 1 3894 3943 1441 106
6770 4 2 1 1 2438 3067 2820 3698
6771 4 2 1 1 2668 2757 2082 3418
6772 4 2 1 1 2084 2415 2869 2945
6773 4 2 1 1 591 632 537 2695
6774 4 2 1 1 75 623 442 3828
6775 4 2 1 1 2931 2953 2201 3339
6776 4 2 1 1 1666 2773 3219 3775
6777 4 2 1 1 2580 2981 2341 3311
6778 4 2 1 1 848 2546 663 3646
6779 4 2 1 1 2806 3278 2896 3570
6780 4 2 1 1 2074 3045 2406 3220
6781 4 2 1 1 2692 2869 2216 2945
6782 4 2 1 1 3230 850 842 700
6783 4 2 1 1 972 973 3078 3271
6784 4 2 1 1 2360 2092 2961 2342
6785 4 2 1 1 2223 2984 2535 3780
6786 4 2 1 1 3667 2525 3000 2539
6787 4 2 1 1 2501 2952 2070 2731
6788 4 2 1 1 949 952 938 3816
6789 4 2 1 1 3444 2966 2371 3098
6790 4 2 1 1 3790 3120 2701 2232
6791 4 2 1 1 3338 3639 2918 3717
6792 4 2 1 1 3667 3000 2525 2239
6793 4 2 1 1 3263 3437 2390 3439
6794 4 2 1 1 3114 3477 2977 3693
6795 4 2 1 1 2079 3183 2572 3835
6796 4 2 1 1 2587 3078 973 3271
6797 4 2 1 1 3802 3561 3570 2496
6798 4 2 1 1 2235 3322 2589 3629
6799 4 2 1 1 2519 2965 1375 3340
6800 4 2 1 1 2626 2861 2214 2995
6801 4 2 1 1 2278 2681 3232 3308
6802 4 2 1 1 2120 3013 2842 3127
6803 4 2 1 1 689 2739 2488 691
6804 4 2 1 1 2187 2565 3104 3451
6805 4 2 1 1 3802 3570 3561 2404
6806 4 2 1 1 3481 2811 2781 2281
6807 4 2 1 1 2540 2200 3118 3429
6808 4 2 1 1 2372 3099 3526 3824
6809 4 2 1 1 3894 3943 2711 1441
6810 4 2 1 1 3772 3337 2525 3525
6811 4 2 1 1 2917 288 2428 382
6812 4 2 1 1 3883 3711 3037 1697
6813 4 2 1 1 2561 2275 2444 3552
6814 4 2 1 1 67 3943 635 6
6815 4 2 1 1 95 8 3942 1084
6816 4 2 1 1 2073 2491 2637 3072
6817 4 2 1 1 2247 2630 3256 3705
6818 4 2 1 1 2132 2578 2812 3151
6819 4 2 1 1 3461 2728 2683 2253
6820 4 2 1 1 340 339 2761 3126
6821 4 2 1 1 2579 2926 2713 3422
6822 4 2 1 1 3019 3125 3479 2492
6823 4 2 1 1 2265 2964 3033 3285
6824 4 2 1 1 958 2849 2467 3160
6825 4 2 1 1 2745 3146 2437 3260
6826 4 2 1 1 2784 3489 2151 3544
6827 4 2 1 1 2621 2168 3110 3670
6828 4 2 1 1 2118 2946 2568 3284
6829 4 2 1 1 2812 2089 2336 3375
6830 4 2 1 1 1361 3185 1253 3809
6831 4 2 1 1 819 3281 2432 3411
6832 4 2 1 1 2380 3240 3109 3583
6833 4 2 1 1 3894 635 3943 106
6834 4 2 1 1 2117 2774 2879 3638
6835 4 2 1 1 2590 2337 2094 3176
6836 4 2 1 1 2715 2125 2349 3554
6837 4 2 1 1 916 915 914 3367
6838 4 2 1 1 2261 2716 2751 3383
6839 4 2 1 1 2217 3014 2721 2149
6840 4 2 1 1 3341 3088 2179 2461
6841 4 2 1 1 2326 421 3748 3225
6842 4 2 1 1 909 3113 2374 3216
6843 4 2 1 1 690 2488 688 3188
6844 4 2 1 1 2215 3058 2818 3691
6845 4 2 1 1 2486 3517 2512 3521
6846 4 2 1 1 1572 1560 1552 2662
6847 4 2 1 1 562 498 484 2518
6848 4 2 1 1 2374 3113 3033 3216
6849 4 2 1 1 535 625 649 3300
6850 4 2 1 1 1401 3034 2537 3724
6851 4 2 1 1 2294 3277 2904 3507
6852 4 2 1 1 2237 3500 2496 3802
6853 4 2 1 1 522 432 2681 3232
6854 4 2 1 1 2073 2988 3295 3347
6855 4 2 1 1 2499 2320 2693 2128
6856 4 2 1 1 2531 2753 2447 3041
6857 4 2 1 1 2648 3259 2253 2308
6858 4 2 1 1 2065 2706 2625 2866
6859 4 2 1 1 1577 1576 1616 2763
6860 4 2 1 1 2128 3086 2504 3557
6861 4 2 1 1 2752 3740 3111 3820
6862 4 2 1 1 564 3130 3121 3461
6863 4 2 1 1 2552 3474 3088 3642
6864 4 2 1 1 2393 1493 3329 3728
6865 4 2 1 1 1538 3333 2752 3362
6866 4 2 1 1 2410 2718 2138 3444
6867 4 2 1 1 480 3861 453 455
6868 4 2 1 1 2081 2861 2643 3614
6869 4 2 1 1 2172 2730 2420 3330
6870 4 2 1 1 1351 2893 3505 1220
6871 4 2 1 1 2674 2685 2127 3301
6872 4 2 1 1 1704 1493 3362 3728
6873 4 2 1 1 2198 3207 2501 3365
6874 4 2 1 1 761 770 2419 3165
6875 4 2 1 1 568 2766 569 3317
6876 4 2 1 1 480 453 3861 3533
6877 4 2 1 1 3734 2279 2671 3093
6878 4 2 1 1 1361 1253 1358 3809
6879 4 2 1 1 173 3942 8 1084
6880 4 2 1 1 1347 1401 2537 3724
6881 4 2 1 1 1178 1319 2468 3603
6882 4 2 1 1 2799 2988 2319 3295
6883 4 2 1 1 1286 1404 2807 3742
6884 4 2 1 1 1521 3062 2891 3843
6885 4 2 1 1 2650 3539 3192 2771
6886 4 2 1 1 2648 3861 453 3533
6887 4 2 1 1 2226 3524 2427 3530
6888 4 2 1 1 2860 3182 2761 3465
6889 4 2 1 1 2534 3120 2897 3717
6890 4 2 1 1 2130 2573 2614 3389
6891 4 2 1 1 2130 3589 2303 2615
6892 4 2 1 1 2461 2874 2197 3264
6893 4 2 1 1 3011 2976 3178 2364
6894 4 2 1 1 695 813 709 2932
6895 4 2 1 1 2587 2881 2168 3719
6896 4 2 1 1 2653 3549 3580 2527
6897 4 2 1 1 3179 3310 3853 2469
6898 4 2 1 1 2082 3058 2717 3540
6899 4 2 1 1 3777 2411 2075 2667
6900 4 2 1 1 2469 2789 2163 2950
6901 4 2 1 1 448 449 440 2510
6902 4 2 1 1 557 3712 2451 541
6903 4 2 1 1 3290 3363 1667 3836
6904 4 2 1 1 2601 2249 3103 3722
6905 4 2 1 1 316 3896 3841 312
6906 4 2 1 1 1564 1563 3112 3193
6907 4 2 1 1 1104 110 111 3876
6908 4 2 1 1 2119 2908 2256 3716
6909 4 2 1 1 2084 2869 2692 2945
6910 4 2 1 1 2556 3222 2241 3574
6911 4 2 1 1 1079 3792 3139 953
6912 4 2 1 1 2386 2186 3312 3572
6913 4 2 1 1 2995 2625 3007 2214
6914 4 2 1 1 3395 2311 3169 2872
6915 4 2 1 1 2918 3338 2312 3639
6916 4 2 1 1 2349 2125 2796 3832
6917 4 2 1 1 1119 1296 2510 3381
6918 4 2 1 1 746 2815 747 3277
6919 4 2 1 1 3547 3629 2383 3463
6920 4 2 1 1 2599 2991 2179 3440
6921 4 2 1 1 3183 2177 2777 3065
6922 4 2 1 1 2163 2372 3099 3310
6923 4 2 1 1 2258 2547 3126 3856
6924 4 2 1 1 2144 2696 2546 2980
6925 4 2 1 1 2601 2782 2249 3722
6926 4 2 1 1 2563 3137 3632 3785
6927 4 2 1 1 2622 3259 2453 2308
6928 4 2 1 1 1209 3261 2519 3340
6929 4 2 1 1 3053 3246 2631 2167
6930 4 2 1 1 1148 1201 1146 3185
6931 4 2 1 1 299 2511 3226 383
6932 4 2 1 1 1098 890 2545 3743
6933 4 2 1 1 2786 2924 2277 3006
6934 4 2 1 1 450 2452 452 3175
6935 4 2 1 1 2541 2924 2786 3657
6936 4 2 1 1 2341 3298 2512 3517
6937 4 2 1 1 1634 3027 2690 3739
6938 4 2 1 1 3125 3019 2067 3497
6939 4 2 1 1 2585 2607 2181 3139
6940 4 2 1 1 3766 3231 3290 2136
6941 4 2 1 1 2516 2904 2357 3575
6942 4 2 1 1 2084 2692 2869 2870
6943 4 2 1 1 2365 3781 3537 3846
6944 4 2 1 1 3927 3942 1084 95
6945 4 2 1 1 1128 3030 2536 3730
6946 4 2 1 1 2243 2865 2530 2941
6947 4 2 1 1 2094 2590 2628 3857
6948 4 2 1 1 3300 3636 535 2576
6949 4 2 1 1 2203 3044 2418 3754
6950 4 2 1 1 3341 3088 2461 2443
6951 4 2 1 1 2751 2820 2397 3067
6952 4 2 1 1 1024 2796 2581 3860
6953 4 2 1 1 2375 3071 3449 2749
6954 4 2 1 1 3927 3942 2549 1084
6955 4 2 1 1 836 2709 847 3323
6956 4 2 1 1 2128 3557 2504 3740
6957 4 2 1 1 1167 3523 1168 3758
6958 4 2 1 1 2142 2577 2797 3076
6959 4 2 1 1 2478 3013 2838 3736
6960 4 2 1 1 2437 2710 2190 3228
6961 4 2 1 1 2285 2125 2715 3554
6962 4 2 1 1 3897 894 3107 3944
6963 4 2 1 1 543 2549 2816 3459
6964 4 2 1 1 3942 1084 3944 2549
6965 4 2 1 1 527 439 631 2413
6966 4 2 1 1 2526 2247 2862 2129
6967 4 2 1 1 1795 1 22 3992
6968 4 2 1 1 3992 140 1795 1
6969 4 2 1 1 2129 2907 2530 3087
6970 4 2 1 1 2806 2896 2267 3048
6971 4 2 1 1 2522 22 1760 3923
6972 4 2 1 1 257 2507 379 377
6973 4 2 1 1 2285 2125 2876 2106
6974 4 2 1 1 2098 2896 2806 3048
6975 4 2 1 1 1283 1243 1429 3085
6976 4 2 1 1 1387 2928 1384 3785
6977 4 2 1 1 2477 2674 2922 3700
6978 4 2 1 1 466 464 465 2446
6979 4 2 1 1 572 2438 2903 3628
6980 4 2 1 1 1611 3955 1726 1718
6981 4 2 1 1 1586 1520 1720 3073
6982 4 2 1 1 42 884 1082 3460
6983 4 2 1 1 2359 3436 3254 3701
6984 4 2 1 1 863 3262 766 3599
6985 4 2 1 1 1017 3525 1020 3772
6986 4 2 1 1 2649 2931 2456 3721
6987 4 2 1 1 1688 2946 1550 2381
6988 4 2 1 1 2344 2999 2868 3143
6989 4 2 1 1 2214 2995 2555 3007
6990 4 2 1 1 1162 3212 2370 3584
6991 4 2 1 1 1550 2946 1548 1549
6992 4 2 1 1 1122 3945 1365 3440
6993 4 2 1 1 2943 3582 3489 3804
6994 4 2 1 1 3108 418 2736 301
6995 4 2 1 1 2200 2858 2779 3672
6996 4 2 1 1 2326 421 3225 3194
6997 4 2 1 1 2514 2115 2248 3726
6998 4 2 1 1 488 3202 483 3592
6999 4 2 1 1 2127 2685 2467 3023
7000 4 2 1 1 2494 2386 2968 3089
7001 4 2 1 1 1181 1174 1177 3191
7002 4 2 1 1 2108 3286 2529 3536
7003 4 2 1 1 238 2560 236 3397
7004 4 2 1 1 3119 2367 2780 3848
7005 4 2 1 1 3804 2213 3450 2784
7006 4 2 1 1 1334 1255 1368 2775
7007 4 2 1 1 2831 3234 2842 2199
7008 4 2 1 1 2069 3306 2402 3763
7009 4 2 1 1 2398 2455 2208 3116
7010 4 2 1 1 2756 3333 2327 3486
7011 4 2 1 1 537 632 511 2695
7012 4 2 1 1 2736 2963 739 3737
7013 4 2 1 1 484 3361 2518 3666
7014 4 2 1 1 2777 3259 3065 3845
7015 4 2 1 1 2242 2776 3426 3560
7016 4 2 1 1 611 465 2656 3122
7017 4 2 1 1 1007 2497 2930 3336
7018 4 2 1 1 361 282 3239 3247
7019 4 2 1 1 987 1091 989 2420
7020 4 2 1 1 2451 3115 2304 3452
7021 4 2 1 1 761 2980 762 3060
7022 4 2 1 1 2808 3811 2674 3301
7023 4 2 1 1 2192 2727 2486 3528
7024 4 2 1 1 3023 640 609 3160
7025 4 2 1 1 2152 2898 3484 3537
7026 4 2 1 1 3023 640 517 609
7027 4 2 1 1 3692 2485 405 375
7028 4 2 1 1 182 183 1694 3941
7029 4 2 1 1 2251 2663 2935 3263
7030 4 2 1 1 3872 830 2943 3783
7031 4 2 1 1 2693 3086 2320 3174
7032 4 2 1 1 757 748 2904 3277
7033 4 2 1 1 2479 2141 2740 3021
7034 4 2 1 1 366 2774 420 3703
7035 4 2 1 1 2572 2286 2872 2833
7036 4 2 1 1 2490 2219 2743 3585
7037 4 2 1 1 874 817 757 2562
7038 4 2 1 1 964 2776 966 3460
7039 4 2 1 1 1413 3203 2544 3505
7040 4 2 1 1 3692 405 2485 3239
7041 4 2 1 1 3570 2772 3561 3680
7042 4 2 1 1 1031 3330 2690 2482
7043 4 2 1 1 1147 2652 3184 1149
7044 4 2 1 1 460 2663 461 2935
7045 4 2 1 1 1464 2475 3305 3704
7046 4 2 1 1 3987 2736 218 3862
7047 4 2 1 1 1315 2844 2554 3017
7048 4 2 1 1 2778 3552 2733 2143
7049 4 2 1 1 2218 2497 3091 3336
7050 4 2 1 1 2683 3130 486 3461
7051 4 2 1 1 1734 1512 1710 2929
7052 4 2 1 1 1223 1264 1263 3209
7053 4 2 1 1 515 3298 3822 3517
7054 4 2 1 1 3972 2724 442 3488
7055 4 2 1 1 2306 2651 2749 3768
7056 4 2 1 1 2566 2626 2065 3806
7057 4 2 1 1 1303 2466 1204 1222
7058 4 2 1 1 1572 1552 1688 2381
7059 4 2 1 1 2113 2782 2601 3722
7060 4 2 1 1 3671 3015 3766 2579
7061 4 2 1 1 2217 3132 2606 2149
7062 4 2 1 1 643 3895 539 3104
7063 4 2 1 1 2473 3739 1743 3769
7064 4 2 1 1 3754 997 3107 1030
7065 4 2 1 1 1043 946 2730 3679
7066 4 2 1 1 334 390 335 2606
7067 4 2 1 1 1667 3290 3043 3363
7068 4 2 1 1 2428 3287 1418 3496
7069 4 2 1 1 604 437 3305 3704
7070 4 2 1 1 765 3262 2980 3661
7071 4 2 1 1 2363 3201 3077 3428
7072 4 2 1 1 2812 3222 2556 3494
7073 4 2 1 1 1464 2475 3704 1481
7074 4 2 1 1 2084 2872 2415 2286
7075 4 2 1 1 2096 2459 3036 2288
7076 4 2 1 1 2571 2914 2226 2337
7077 4 2 1 1 2165 3026 2718 3788
7078 4 2 1 1 1694 182 3941 3245
7079 4 2 1 1 2133 2591 2763 3354
7080 4 2 1 1 2085 3011 2364 3589
7081 4 2 1 1 1722 2456 1681 3235
7082 4 2 1 1 1645 1643 3128 3729
7083 4 2 1 1 2533 3311 2623 3684
7084 4 2 1 1 2850 2920 2462 3170
7085 4 2 1 1 2531 3045 2631 2167
7086 4 2 1 1 2185 2634 2451 3712
7087 4 2 1 1 2715 3706 2349 3402
7088 4 2 1 1 2127 3200 2808 3301
7089 4 2 1 1 2452 3166 2510 3175
7090 4 2 1 1 3163 1366 1367 1354
7091 4 2 1 1 3774 3098 2754 2300
7092 4 2 1 1 2109 2462 2632 3519
7093 4 2 1 1 2067 3019 2548 3497
7094 4 2 1 1 2535 2928 1384 3735
7095 4 2 1 1 2123 2632 2805 3387
7096 4 2 1 1 2136 2542 2433 3766
7097 4 2 1 1 1467 3941 183 3907
7098 4 2 1 1 2361 3059 3789 3867
7099 4 2 1 1 2317 2828 2467 3467
7100 4 2 1 1 2247 2972 2630 3705
7101 4 2 1 1 3114 3477 3693 2168
7102 4 2 1 1 1622 2630 1620 3027
7103 4 2 1 1 2527 1525 1523 3784
7104 4 2 1 1 1467 3941 3907 2482
7105 4 2 1 1 2365 2964 3781 3846
7106 4 2 1 1 2071 2426 2950 3601
7107 4 2 1 1 679 2582 681 3863
7108 4 2 1 1 2081 2830 2729 3648
7109 4 2 1 1 2134 3206 2739 2692
7110 4 2 1 1 2164 2274 2961 2888
7111 4 2 1 1 459 457 458 2663
7112 4 2 1 1 924 1074 2640 3475
7113 4 2 1 1 2462 2947 2699 3101
7114 4 2 1 1 1379 2856 2794 3349
7115 4 2 1 1 2265 3216 3113 3817
7116 4 2 1 1 2897 3120 2610 3237
7117 4 2 1 1 2216 2692 2764 3159
7118 4 2 1 1 2438 572 3439 3628
7119 4 2 1 1 2252 2739 3281 3685
7120 4 2 1 1 280 284 266 2813
7121 4 2 1 1 1767 3941 2482 3245
7122 4 2 1 1 2420 3484 3315 3537
7123 4 2 1 1 2076 2960 2702 3421
7124 4 2 1 1 2128 2752 2707 3620
7125 4 2 1 1 1069 2730 946 3330
7126 4 2 1 1 2444 2275 3244 3552
7127 4 2 1 1 3766 3697 2343 2662
7128 4 2 1 1 1147 2652 1149 1150
7129 4 2 1 1 3940 155 156 1756
7130 4 2 1 1 2562 2161 2904 3323
7131 4 2 1 1 1794 3940 156 1756
7132 4 2 1 1 2303 2734 2489 3374
7133 4 2 1 1 2426 2897 2287 3392
7134 4 2 1 1 557 3712 541 605
7135 4 2 1 1 2135 3392 2641 3640
7136 4 2 1 1 2334 2897 2426 3392
7137 4 2 1 1 2127 2828 2497 2849
7138 4 2 1 1 1656 3128 1645 1655
7139 4 2 1 1 2109 2632 2633 3519
7140 4 2 1 1 1370 3038 1153 2759
7141 4 2 1 1 2200 2376 2858 3707
7142 4 2 1 1 1119 1296 1326 2510
7143 4 2 1 1 3957 212 2562 3591
7144 4 2 1 1 2556 3092 2227 3494
7145 4 2 1 1 3825 3859 2717 2175
7146 4 2 1 1 3913 531 436 626
7147 4 2 1 1 1524 1523 1522 2527
7148 4 2 1 1 2114 3007 2555 3675
7149 4 2 1 1 2904 3502 2161 3865
7150 4 2 1 1 3637 3940 1756 155
7151 4 2 1 1 3063 2306 2542 3733
7152 4 2 1 1 2762 2992 2382 3580
7153 4 2 1 1 1434 3984 1117 3107
7154 4 2 1 1 2395 2633 2632 3387
7155 4 2 1 1 1794 3940 1756 2565
7156 4 2 1 1 1138 3137 1139 2394
7157 4 2 1 1 857 2516 842 3230
7158 4 2 1 1 2127 2497 2808 3200
7159 4 2 1 1 243 2403 241 3003
7160 4 2 1 1 2383 2259 3463 2804
7161 4 2 1 1 2635 3278 2171 3393
7162 4 2 1 1 2118 2386 3089 3466
7163 4 2 1 1 2556 3574 3494 3222
7164 4 2 1 1 888 2461 898 3440
7165 4 2 1 1 1141 3215 3137 3779
7166 4 2 1 1 1340 1384 2535 3785
7167 4 2 1 1 3054 3252 2237 2665
7168 4 2 1 1 2252 3206 2502 3283
7169 4 2 1 1 2286 3229 2404 3561
7170 4 2 1 1 1521 1515 3062 3843
7171 4 2 1 1 1313 3964 2990 3474
7172 4 2 1 1 2374 3113 909 3359
7173 4 2 1 1 3500 3570 2496 3802
7174 4 2 1 1 2393 2752 3111 3820
7175 4 2 1 1 1628 3194 3040 3682
7176 4 2 1 1 2678 2979 2313 3416
7177 4 2 1 1 1736 1734 3394 3819
7178 4 2 1 1 3734 2279 3093 2806
7179 4 2 1 1 2087 3260 2949 3297
7180 4 2 1 1 2136 2835 2744 3290
7181 4 2 1 1 3033 3216 2265 3285
7182 4 2 1 1 2082 2717 2948 3201
7183 4 2 1 1 3487 3233 872 2553
7184 4 2 1 1 1367 1144 1259 2921
7185 4 2 1 1 2175 2413 3039 3348
7186 4 2 1 1 2067 2803 2447 3053
7187 4 2 1 1 2297 2891 3062 3843
7188 4 2 1 1 2182 2632 2633 3387
7189 4 2 1 1 872 3233 3487 712
7190 4 2 1 1 3499 2716 3061 1600
7191 4 2 1 1 1365 1274 1431 3440
7192 4 2 1 1 2177 2452 2777 3845
7193 4 2 1 1 2226 3280 2427 3524
7194 4 2 1 1 3872 830 3783 812
7195 4 2 1 1 2292 2392 2913 3587
7196 4 2 1 1 334 2606 335 3404
7197 4 2 1 1 2876 2957 2344 2999
7198 4 2 1 1 564 2532 474 456
7199 4 2 1 1 1231 1214 1230 2892
7200 4 2 1 1 2187 3077 2724 3129
7201 4 2 1 1 3499 2716 1600 1599
7202 4 2 1 1 3940 1756 2565 3637
7203 4 2 1 1 2265 3285 3216 3817
7204 4 2 1 1 2364 3011 3152 3589
7205 4 2 1 1 1221 2934 1243 3085
7206 4 2 1 1 2203 2418 3016 3754
7207 4 2 1 1 1504 3327 2791 3756
7208 4 2 1 1 3081 3393 2122 2320
7209 4 2 1 1 972 981 1041 3078
7210 4 2 1 1 2383 2093 3547 3463
7211 4 2 1 1 2231 2992 2762 3580
7212 4 2 1 1 2544 3575 2993 2195
7213 4 2 1 1 2277 3270 2541 3638
7214 4 2 1 1 1732 1546 1652 2915
7215 4 2 1 1 2079 2788 2572 3183
7216 4 2 1 1 2162 2470 2638 3565
7217 4 2 1 1 426 2490 3108 303
7218 4 2 1 1 663 2546 863 3599
7219 4 2 1 1 2807 3085 1244 3482
7220 4 2 1 1 618 3889 3950 2727
7221 4 2 1 1 559 2487 558 3452
7222 4 2 1 1 2586 2652 2126 3520
7223 4 2 1 1 521 525 643 3105
7224 4 2 1 1 276 3244 266 259
7225 4 2 1 1 2970 3815 3404 3849
7226 4 2 1 1 1647 1625 1640 3006
7227 4 2 1 1 3826 2175 3057 2608
7228 4 2 1 1 3142 3052 2153 2915
7229 4 2 1 1 611 3122 2656 3628
7230 4 2 1 1 294 417 401 2680
7231 4 2 1 1 2365 3216 3033 3285
7232 4 2 1 1 2653 2292 3343 3580
7233 4 2 1 1 352 2986 2574 3164
7234 4 2 1 1 276 3244 330 3253
7235 4 2 1 1 2462 2706 2182 3519
7236 4 2 1 1 1121 3939 3918 2810
7237 4 2 1 1 2066 3095 2937 2367
7238 4 2 1 1 2536 2549 3662 3730
7239 4 2 1 1 2847 252 265 3478
7240 4 2 1 1 1121 3939 2810 1341
7241 4 2 1 1 2314 3131 2871 3254
7242 4 2 1 1 2433 2989 2746 3697
7243 4 2 1 1 2275 2444 3253 3686
7244 4 2 1 1 2159 2587 2881 3627
7245 4 2 1 1 556 3328 3115 3452
7246 4 2 1 1 3389 2294 2130 2860
7247 4 2 1 1 3722 3172 3103 2388
7248 4 2 1 1 2277 2786 2541 2924
7249 4 2 1 1 2904 2562 757 3277
7250 4 2 1 1 124 125 1341 3939
7251 4 2 1 1 3722 3172 2249 3103
7252 4 2 1 1 796 815 833 2450
7253 4 2 1 1 562 2518 484 3361
7254 4 2 1 1 856 3661 3262 765
7255 4 2 1 1 3939 3910 1341 124
7256 4 2 1 1 2382 3116 2455 3346
7257 4 2 1 1 286 2489 268 3491
7258 4 2 1 1 2404 3570 3500 3802
7259 4 2 1 1 2067 2694 2803 3053
7260 4 2 1 1 470 3298 2580 3822
7261 4 2 1 1 2436 3144 2616 3713
7262 4 2 1 1 1668 1558 1615 2621
7263 4 2 1 1 2535 2928 2224 3785
7264 4 2 1 1 3939 3910 2810 1341
7265 4 2 1 1 2085 2782 2388 3172
7266 4 2 1 1 1442 1407 1125 2599
7267 4 2 1 1 2140 3346 2801 2310
7268 4 2 1 1 2732 3874 2288 3616
7269 4 2 1 1 2430 3172 2697 3531
7270 4 2 1 1 2584 3209 1223 3799
7271 4 2 1 1 3767 2627 1777 1742
7272 4 2 1 1 510 2480 492 3406
7273 4 2 1 1 1067 3962 3447 2659
7274 4 2 1 1 2158 2895 2852 2311
7275 4 2 1 1 2123 2805 2603 3355
7276 4 2 1 1 2560 2714 2592 2289
7277 4 2 1 1 3491 3527 267 2867
7278 4 2 1 1 502 3211 2886 3408
7279 4 2 1 1 2134 2612 3206 3535
7280 4 2 1 1 2158 3251 2895 2311
7281 4 2 1 1 2246 2465 2938 3798
7282 4 2 1 1 2211 3192 3000 3539
7283 4 2 1 1 2277 3036 2795 3638
7284 4 2 1 1 1308 1300 1117 2551
7285 4 2 1 1 2425 3548 2176 2909
7286 4 2 1 1 525 2724 642 3828
7287 4 2 1 1 1555 1708 3456 3550
7288 4 2 1 1 2521 2172 2730 3696
7289 4 2 1 1 1169 2759 1165 3433
7290 4 2 1 1 2226 2509 3103 3644
7291 4 2 1 1 1518 3282 2689 1702
7292 4 2 1 1 3767 1777 2627 3040
7293 4 2 1 1 3431 1033 915 3208
7294 4 2 1 1 2264 3489 2943 3582
7295 4 2 1 1 2146 3017 3313 2605
7296 4 2 1 1 2122 2896 2424 2821
7297 4 2 1 1 2245 3462 3504 3806
7298 4 2 1 1 2595 3214 2417 3858
7299 4 2 1 1 1722 3235 1601 3550
7300 4 2 1 1 2273 3673 3648 3867
7301 4 2 1 1 2340 2628 2590 3551
7302 4 2 1 1 2101 2402 3449 2749
7303 4 2 1 1 2151 3135 2973 3838
7304 4 2 1 1 1410 2982 2593 3714
7305 4 2 1 1 3872 830 812 686
7306 4 2 1 1 792 3350 795 3576
7307 4 2 1 1 1663 2454 3219 3451
7308 4 2 1 1 2126 2654 2604 3377
7309 4 2 1 1 2086 2418 3044 3056
7310 4 2 1 1 2360 2116 3067 2342
7311 4 2 1 1 1671 2673 3069 3140
7312 4 2 1 1 2129 3087 2530 2857
7313 4 2 1 1 2240 2953 2931 3339
7314 4 2 1 1 2126 2604 2654 3520
7315 4 2 1 1 2637 3177 3295 2073
7316 4 2 1 1 2096 2795 2787 3443
7317 4 2 1 1 3286 3648 3059 2361
7318 4 2 1 1 1032 3968 2673 3245
7319 4 2 1 1 2815 747 850 745
7320 4 2 1 1 2263 3411 3262 3599
7321 4 2 1 1 908 2528 906 3359
7322 4 2 1 1 2493 3154 3026 3236
7323 4 2 1 1 3026 3159 2764 3410
7324 4 2 1 1 2464 1680 3010 3447
7325 4 2 1 1 1488 2687 1486 3485
7326 4 2 1 1 2738 1040 104 3938
7327 4 2 1 1 2146 2372 3310 3526
7328 4 2 1 1 2766 1752 1747 2559
7329 4 2 1 1 2607 2181 3139 3729
7330 4 2 1 1 2669 2470 3694 3321
7331 4 2 1 1 1717 1553 2939 3851
7332 4 2 1 1 2315 2957 2876 2999
7333 4 2 1 1 340 230 3167 3465
7334 4 2 1 1 2087 2842 2831 3234
7335 4 2 1 1 3872 830 686 2943
7336 4 2 1 1 3938 104 103 1040
7337 4 2 1 1 2686 3127 2120 3738
7338 4 2 1 1 1348 1165 2483 3433
7339 4 2 1 1 1600 1598 1599 2716
7340 4 2 1 1 2369 3052 2261 3388
7341 4 2 1 1 3938 3912 1040 103
7342 4 2 1 1 3065 3259 2728 3845
7343 4 2 1 1 2213 3152 3011 3589
7344 4 2 1 1 2284 2780 2748 3319
7345 4 2 1 1 3431 915 1033 917
7346 4 2 1 1 2158 2869 2415 2216
7347 4 2 1 1 3312 3466 2386 3605
7348 4 2 1 1 2252 3162 3149 3449
7349 4 2 1 1 2228 2819 2611 2847
7350 4 2 1 1 1503 2791 2675 3732
7351 4 2 1 1 3968 876 2673 3911
7352 4 2 1 1 2469 2950 2163 3310
7353 4 2 1 1 2535 2123 3355 3735
7354 4 2 1 1 2444 2561 3552 2643
7355 4 2 1 1 2618 2856 2389 2902
7356 4 2 1 1 3748 2295 2774 366
7357 4 2 1 1 2391 2132 2504 3364
7358 4 2 1 1 1570 1714 1578 2765
7359 4 2 1 1 3662 3331 1128 1115
7360 4 2 1 1 2181 537 2738 3305
7361 4 2 1 1 1611 3955 1718 2681
7362 4 2 1 1 1459 1719 1718 2681
7363 4 2 1 1 2166 2490 3108 3510
7364 4 2 1 1 2118 3089 2383 3466
7365 4 2 1 1 3938 3912 2695 1040
7366 4 2 1 1 458 2532 474 3361
7367 4 2 1 1 2529 3286 3109 3611
7368 4 2 1 1 2316 3493 2688 3667
7369 4 2 1 1 1040 2695 3938 2738
7370 4 2 1 1 1346 1347 2537 3079
7371 4 2 1 1 2657 2793 2300 3047
7372 4 2 1 1 3023 550 633 2685
7373 4 2 1 1 2947 2316 3504 3831
7374 4 2 1 1 2217 2721 2501 2149
7375 4 2 1 1 515 3822 3298 601
7376 4 2 1 1 2381 2542 3231 3766
7377 4 2 1 1 1765 1615 1680 3010
7378 4 2 1 1 2353 3369 786 3791
7379 4 2 1 1 2600 2330 3442 3483
7380 4 2 1 1 2834 3320 2936 2476
7381 4 2 1 1 3286 3059 3648 2202
7382 4 2 1 1 2834 2936 3320 2097
7383 4 2 1 1 2726 3079 2362 3590
7384 4 2 1 1 2352 2832 3061 3383
7385 4 2 1 1 2254 3226 2700 3506
7386 4 2 1 1 2194 2720 3380 3544
7387 4 2 1 1 641 624 518 3488
7388 4 2 1 1 761 2419 708 3661
7389 4 2 1 1 2147 2945 2415 2286
7390 4 2 1 1 2534 2942 1389 3563
7391 4 2 1 1 2289 2795 2787 3324
7392 4 2 1 1 2959 3181 2395 3532
7393 4 2 1 1 2070 2646 2501 3352
7394 4 2 1 1 743 2615 2815 3745
7395 4 2 1 1 2118 3089 2542 3873
7396 4 2 1 1 2461 3440 2179 3541
7397 4 2 1 1 2362 3065 2788 3366
7398 4 2 1 1 330 3244 2444 3253
7399 4 2 1 1 531 436 532 2851
7400 4 2 1 1 948 947 945 3267
7401 4 2 1 1 1563 1532 2979 3193
7402 4 2 1 1 348 387 355 2399
7403 4 2 1 1 3643 3371 2300 2189
7404 4 2 1 1 3106 2390 3437 3439
7405 4 2 1 1 2176 2920 2699 3101
7406 4 2 1 1 2195 2410 3444 2934
7407 4 2 1 1 2778 3552 2143 2643
7408 4 2 1 1 2186 3197 2968 3293
7409 4 2 1 1 954 955 2719 3238
7410 4 2 1 1 2768 3153 322 3379
7411 4 2 1 1 3230 700 684 3289
7412 4 2 1 1 796 2450 833 3250
7413 4 2 1 1 1078 1046 883 3810
7414 4 2 1 1 2414 3343 2241 2996
7415 4 2 1 1 1262 1397 2918 3313
7416 4 2 1 1 1507 3441 3327 3756
7417 4 2 1 1 3680 2436 2279 2772
7418 4 2 1 1 3930 1683 3194 2511
7419 4 2 1 1 3822 472 479 2981
7420 4 2 1 1 1703 149 148 3892
7421 4 2 1 1 599 3106 630 3439
7422 4 2 1 1 2303 3589 3737 2615
7423 4 2 1 1 1790 1739 1616 2763
7424 4 2 1 1 2530 2075 2526 2857
7425 4 2 1 1 3116 3549 3580 2382
7426 4 2 1 1 2172 2530 2857 3472
7427 4 2 1 1 1392 3425 2942 3809
7428 4 2 1 1 2091 2448 3145 3400
7429 4 2 1 1 3309 3096 2379 2505
7430 4 2 1 1 2446 2888 2961 3122
7431 4 2 1 1 2132 3090 2675 3801
7432 4 2 1 1 2669 3396 3356 3035
7433 4 2 1 1 2855 2354 3365 2538
7434 4 2 1 1 2106 2358 2285 2771
7435 4 2 1 1 2139 2407 3033 3831
7436 4 2 1 1 388 236 2970 3397
7437 4 2 1 1 2585 2741 2207 3238
7438 4 2 1 1 2108 2666 2710 3568
7439 4 2 1 1 1703 3892 148 3538
7440 4 2 1 1 2139 3033 2374 3831
7441 4 2 1 1 2177 2726 2711 3652
7442 4 2 1 1 2137 2872 2852 2311
7443 4 2 1 1 2380 2861 2729 3318
7444 4 2 1 1 1748 1750 2608 3430
7445 4 2 1 1 2115 3228 2566 3240
7446 4 2 1 1 2477 496 493 551
7447 4 2 1 1 2126 2831 2652 3750
7448 4 2 1 1 2071 2789 2469 2950
7449 4 2 1 1 2380 2710 3568 2108
7450 4 2 1 1 2152 3484 2420 3537
7451 4 2 1 1 2364 3374 3589 3737
7452 4 2 1 1 2262 3761 3269 2589
7453 4 2 1 1 2419 3060 761 3165
7454 4 2 1 1 1514 1513 1509 3595
7455 4 2 1 1 2342 2631 3045 3050
7456 4 2 1 1 1041 3064 970 2384
7457 4 2 1 1 2084 2415 2945 2286
7458 4 2 1 1 1067 3962 2659 993
7459 4 2 1 1 2078 3181 2604 3377
7460 4 2 1 1 2480 2717 2413 3825
7461 4 2 1 1 2763 2835 2348 3671
7462 4 2 1 1 3305 3729 2181 3128
7463 4 2 1 1 730 2537 869 3034
7464 4 2 1 1 241 239 240 3004
7465 4 2 1 1 429 555 3876 3115
7466 4 2 1 1 3742 3262 3599 2263
7467 4 2 1 1 2084 2870 3169 3283
7468 4 2 1 1 3589 2130 2734 2906
7469 4 2 1 1 2110 3116 2527 3580
7470 4 2 1 1 1412 3906 1317 3423
7471 4 2 1 1 3041 3631 3241 2753
7472 4 2 1 1 2812 3151 2578 3375
7473 4 2 1 1 2069 2385 2402 3306
7474 4 2 1 1 2383 2259 2804 3089
7475 4 2 1 1 2568 2837 1550 2381
7476 4 2 1 1 440 2510 449 3381
7477 4 2 1 1 2631 2333 3053 2167
7478 4 2 1 1 3571 2466 3812 3275
7479 4 2 1 1 3822 479 472 596
7480 4 2 1 1 889 3958 2873 1014
7481 4 2 1 1 2544 3203 3575 2195
7482 4 2 1 1 2722 2798 2272 3151
7483 4 2 1 1 3007 3070 2282 3656
7484 4 2 1 1 525 2565 2724 3828
7485 4 2 1 1 3185 3198 2598 3215
7486 4 2 1 1 762 764 848 2980
7487 4 2 1 1 895 961 1083 2599
7488 4 2 1 1 3876 1394 1104 3115
7489 4 2 1 1 2073 3764 3072 2493
7490 4 2 1 1 1730 2329 1602 3499
7491 4 2 1 1 2317 1001 3016 3787
7492 4 2 1 1 2468 2868 3143 3528
7493 4 2 1 1 3634 664 143 3883
7494 4 2 1 1 666 2562 874 3591
7495 4 2 1 1 910 2985 2374 3359
7496 4 2 1 1 2417 2742 2101 3012
7497 4 2 1 1 2164 2274 2888 3241
7498 4 2 1 1 2192 3143 2868 3528
7499 4 2 1 1 2118 2568 2668 3284
7500 4 2 1 1 1768 3892 3538 2744
7501 4 2 1 1 2269 3069 3651 3654
7502 4 2 1 1 1279 3902 3665 1425
7503 4 2 1 1 2187 2765 2717 2948
7504 4 2 1 1 426 2490 303 215
7505 4 2 1 1 1321 3950 3005 1356
7506 4 2 1 1 790 3892 2744 3538
7507 4 2 1 1 2315 3396 2563 2106
7508 4 2 1 1 1552 1553 1547 2662
7509 4 2 1 1 38 37 3937 1759
7510 4 2 1 1 2194 2784 2614 2151
7511 4 2 1 1 2514 2940 2293 3776
7512 4 2 1 1 1041 981 1098 2545
7513 4 2 1 1 2175 2390 3057 3408
7514 4 2 1 1 2087 2842 3260 3297
7515 4 2 1 1 2370 2165 2974 3320
7516 4 2 1 1 1757 3968 1454 2673
7517 4 2 1 1 3076 3532 2577 2959
7518 4 2 1 1 1330 2726 1332 3195
7519 4 2 1 1 2093 2383 2967 2989
7520 4 2 1 1 2313 2978 2678 3416
7521 4 2 1 1 1626 3006 2786 3641
7522 4 2 1 1 914 912 931 2704
7523 4 2 1 1 618 606 2727 3005
7524 4 2 1 1 2106 2358 2771 3562
7525 4 2 1 1 2289 2787 2795 3443
7526 4 2 1 1 3162 3449 2252 3685
7527 4 2 1 1 2738 3139 2181 3729
7528 4 2 1 1 2662 2835 2343 3766
7529 4 2 1 1 3011 3178 2976 2170
7530 4 2 1 1 2450 3231 2136 3290
7531 4 2 1 1 285 268 2489 3527
7532 4 2 1 1 2766 1747 1752 1453
7533 4 2 1 1 2143 3614 2778 2643
7534 4 2 1 1 3633 3528 2727 2192
7535 4 2 1 1 2380 2710 2108 3109
7536 4 2 1 1 1412 2431 3694 3808
7537 4 2 1 1 2400 2840 2274 3309
7538 4 2 1 1 2233 2420 2667 3472
7539 4 2 1 1 2082 3312 2955 3572
7540 4 2 1 1 511 3218 2695 3481
7541 4 2 1 1 3529 3864 3049 2554
7542 4 2 1 1 736 2522 3862 737
7543 4 2 1 1 2113 2573 2782 3856
7544 4 2 1 1 329 3956 2743 3709
7545 4 2 1 1 2973 3135 2401 3838
7546 4 2 1 1 712 717 872 3233
7547 4 2 1 1 3072 3764 2073 2491
7548 4 2 1 1 2158 2415 2869 2311
7549 4 2 1 1 1770 3009 2678 1565
7550 4 2 1 1 2212 3020 2375 3161
7551 4 2 1 1 1194 1192 1193 2895
7552 4 2 1 1 2091 2819 3417 3542
7553 4 2 1 1 2125 2669 3035 3396
7554 4 2 1 1 3103 3443 2877 2096
7555 4 2 1 1 1528 3136 1527 3771
7556 4 2 1 1 2136 3231 2542 3766
7557 4 2 1 1 981 1098 2545 3743
7558 4 2 1 1 2157 2759 2538 2940
7559 4 2 1 1 2188 2427 3401 3524
7560 4 2 1 1 2220 2988 3295 3055
7561 4 2 1 1 3081 3463 3629 2262
7562 4 2 1 1 1179 1175 1202 3812
7563 4 2 1 1 1024 2581 1025 3860
7564 4 2 1 1 2209 2742 2417 3012
7565 4 2 1 1 2065 2625 2706 3806
7566 4 2 1 1 490 2463 504 3202
7567 4 2 1 1 2887 3185 2210 3190
7568 4 2 1 1 1596 2369 1597 2716
7569 4 2 1 1 599 475 3263 3439
7570 4 2 1 1 795 3350 2651 3576
7571 4 2 1 1 2106 2358 3562 3155
7572 4 2 1 1 2235 2609 2503 3312
7573 4 2 1 1 3297 3731 2290 2834
7574 4 2 1 1 2088 3026 2718 3154
7575 4 2 1 1 2611 2819 2295 2847
7576 4 2 1 1 320 3153 3446 321
7577 4 2 1 1 2163 3133 2935 3144
7578 4 2 1 1 2587 3078 2384 3627
7579 4 2 1 1 1759 3937 38 1796
7580 4 2 1 1 348 2399 3270 3324
7581 4 2 1 1 1796 1759 3937 3752
7582 4 2 1 1 2343 2835 2763 3671
7583 4 2 1 1 2529 3650 3536 3653
7584 4 2 1 1 696 3071 818 3214
7585 4 2 1 1 2094 2337 2590 3857
7586 4 2 1 1 945 947 940 2900
7587 4 2 1 1 2456 2826 2173 3308
7588 4 2 1 1 940 3091 2900 3787
7589 4 2 1 1 2741 1034 944 3238
7590 4 2 1 1 2221 3229 2639 3424
7591 4 2 1 1 2900 2910 2196 3267
7592 4 2 1 1 2135 2942 2598 2394
7593 4 2 1 1 2188 2427 2646 3401
7594 4 2 1 1 2419 3221 3165 3556
7595 4 2 1 1 3060 3165 2419 3221
7596 4 2 1 1 928 929 3091 3336
7597 4 2 1 1 2120 2838 2571 3604
7598 4 2 1 1 2217 2646 2721 3747
7599 4 2 1 1 3352 2188 2427 2646
7600 4 2 1 1 2550 2770 2319 3055
7601 4 2 1 1 1787 1650 1651 3255
7602 4 2 1 1 1422 1258 2670 3287
7603 4 2 1 1 2462 2706 2184 2947
7604 4 2 1 1 2096 2459 2787 3036
7605 4 2 1 1 498 2518 3406 3666
7606 4 2 1 1 3937 3926 1759 37
7607 4 2 1 1 2212 2651 2749 3213
7608 4 2 1 1 2375 3449 3162 3685
7609 4 2 1 1 2851 661 3913 3495
7610 4 2 1 1 439 552 631 3039
7611 4 2 1 1 1545 1543 1724 2445
7612 4 2 1 1 3804 2213 2784 2440
7613 4 2 1 1 1759 2567 3937 3752
7614 4 2 1 1 2715 3706 3402 2107
7615 4 2 1 1 2884 3310 2487 3526
7616 4 2 1 1 2454 3219 2773 3775
7617 4 2 1 1 2233 2730 2420 3472
7618 4 2 1 1 3937 3926 2567 1759
7619 4 2 1 1 2316 2947 2688 3493
7620 4 2 1 1 562 519 498 2518
7621 4 2 1 1 504 3202 2463 3481
7622 4 2 1 1 261 3014 2620 3397
7623 4 2 1 1 2686 3352 2731 3731
7624 4 2 1 1 1323 3901 3248 3936
7625 4 2 1 1 1323 3901 3936 60
7626 4 2 1 1 803 3188 2636 3576
7627 4 2 1 1 2258 3126 3689 3856
7628 4 2 1 1 2187 3077 3129 2363
7629 4 2 1 1 251 3455 3324 3692
7630 4 2 1 1 2653 3549 2527 1525
7631 4 2 1 1 2322 3734 2954 3855
7632 4 2 1 1 642 520 624 2724
7633 4 2 1 1 2575 3602 2758 3668
7634 4 2 1 1 510 492 2480 3825
7635 4 2 1 1 3592 2811 3243 2250
7636 4 2 1 1 2132 2812 2504 3151
7637 4 2 1 1 1084 998 894 2549
7638 4 2 1 1 2712 902 2429 3560
7639 4 2 1 1 2395 2901 2123 3316
7640 4 2 1 1 2387 3092 2556 3494
7641 4 2 1 1 3897 894 3944 172
7642 4 2 1 1 2744 2835 1768 3290
7643 4 2 1 1 60 61 3936 1323
7644 4 2 1 1 2262 3761 2589 2824
7645 4 2 1 1 2145 3061 2832 3383
7646 4 2 1 1 2711 2726 2177 3195
7647 4 2 1 1 522 497 3232 3266
7648 4 2 1 1 1251 2416 3425 3809
7649 4 2 1 1 1179 3483 1175 3812
7650 4 2 1 1 2642 716 3094 721
7651 4 2 1 1 2383 2259 3089 2989
7652 4 2 1 1 2374 2114 2925 3831
7653 4 2 1 1 740 2680 3344 3745
7654 4 2 1 1 3165 3221 2401 3556
7655 4 2 1 1 3936 3921 1323 61
7656 4 2 1 1 2660 3147 316 3841
7657 4 2 1 1 463 461 2656 2935
7658 4 2 1 1 1276 1122 1431 2461
7659 4 2 1 1 1259 2602 2921 3735
7660 4 2 1 1 630 571 572 3106
7661 4 2 1 1 2075 2667 3472 3777
7662 4 2 1 1 679 681 2582 711
7663 4 2 1 1 243 3391 253 3703
7664 4 2 1 1 2406 3393 2122 2821
7665 4 2 1 1 826 869 730 2537
7666 4 2 1 1 525 2724 2565 3105
7667 4 2 1 1 3936 3921 3248 1323
7668 4 2 1 1 2215 2668 2568 3284
7669 4 2 1 1 3168 3047 3865 2161
7670 4 2 1 1 1196 1194 1198 2677
7671 4 2 1 1 2516 2993 752 3575
7672 4 2 1 1 560 2884 433 3328
7673 4 2 1 1 2928 3356 2224 3785
7674 4 2 1 1 2148 2612 2594 3236
7675 4 2 1 1 2867 278 2485 3850
7676 4 2 1 1 2240 2826 2931 2953
7677 4 2 1 1 2156 3063 2837 3418
7678 4 2 1 1 2629 3240 2115 2566
7679 4 2 1 1 2238 3038 2652 3750
7680 4 2 1 1 1282 1103 1353 2544
7681 4 2 1 1 2606 2970 2217 3397
7682 4 2 1 1 921 2863 919 3813
7683 4 2 1 1 915 916 917 3367
7684 4 2 1 1 2121 3210 2647 3624
7685 4 2 1 1 3969 530 635 2711
7686 4 2 1 1 83 82 1461 3935
7687 4 2 1 1 451 2648 453 3712
7688 4 2 1 1 642 2724 442 3828
7689 4 2 1 1 2103 2451 3853 3744
7690 4 2 1 1 2809 3518 2266 2389
7691 4 2 1 1 3266 607 3704 2681
7692 4 2 1 1 2645 3434 2984 3562
7693 4 2 1 1 2420 2233 2667 3208
7694 4 2 1 1 2085 2697 3172 3416
7695 4 2 1 1 2275 3674 3627 3686
7696 4 2 1 1 2235 3466 3312 3605
7697 4 2 1 1 3045 2167 2531 3837
7698 4 2 1 1 2195 2410 3098 3444
7699 4 2 1 1 45 207 44 3924
7700 4 2 1 1 1065 2898 2673 3314
7701 4 2 1 1 2158 2902 2895 3251
7702 4 2 1 1 3352 2427 2188 3530
7703 4 2 1 1 2439 2127 2685 3301
7704 4 2 1 1 271 304 330 3253
7705 4 2 1 1 2127 2467 2828 2849
7706 4 2 1 1 486 2683 563 3130
7707 4 2 1 1 1617 2682 1574 3069
7708 4 2 1 1 2180 2492 2825 3125
7709 4 2 1 1 3935 1684 82 1461
7710 4 2 1 1 2501 3352 2646 3372
7711 4 2 1 1 1233 3049 2457 3529
7712 4 2 1 1 593 458 3211 3263
7713 4 2 1 1 1437 1302 1451 2638
7714 4 2 1 1 2334 2894 3237 3392
7715 4 2 1 1 2415 2843 2237 3054
7716 4 2 1 1 3935 3990 552 82
7717 4 2 1 1 2239 2985 2925 3493
7718 4 2 1 1 2675 3090 2241 3801
7719 4 2 1 1 2607 2207 3769 3810
7720 4 2 1 1 307 283 308 3168
7721 4 2 1 1 2932 3596 2595 3858
7722 4 2 1 1 2329 3622 3050 3786
7723 4 2 1 1 3935 1748 3039 1684
7724 4 2 1 1 3739 3087 2172 2521
7725 4 2 1 1 2266 2887 3186 2458
7726 4 2 1 1 2227 2393 2644 3728
7727 4 2 1 1 1247 2519 1209 3796
7728 4 2 1 1 2759 2940 2157 3433
7729 4 2 1 1 3979 411 2709 221
7730 4 2 1 1 1588 1590 1589 2591
7731 4 2 1 1 2417 2742 2155 3149
7732 4 2 1 1 2479 2858 2746 3029
7733 4 2 1 1 345 2541 349 3748
7734 4 2 1 1 1087 2482 3245 3484
7735 4 2 1 1 2304 3328 2884 3452
7736 4 2 1 1 3193 2877 2204 2678
7737 4 2 1 1 2084 2833 2872 2286
7738 4 2 1 1 3760 3084 2508 914
7739 4 2 1 1 2565 2187 3104 3105
7740 4 2 1 1 2717 3540 3058 3859
7741 4 2 1 1 2087 2395 3234 3608
7742 4 2 1 1 1445 1258 1324 3287
7743 4 2 1 1 3598 2584 2928 1381
7744 4 2 1 1 2377 2223 3198 3215
7745 4 2 1 1 2332 2319 3055 3295
7746 4 2 1 1 2538 2198 2570 3360
7747 4 2 1 1 1748 2608 3039 3430
7748 4 2 1 1 2155 2932 2661 3596
7749 4 2 1 1 2318 2679 3073 3690
7750 4 2 1 1 997 894 2549 3107
7751 4 2 1 1 3826 2175 2608 3430
7752 4 2 1 1 2238 2652 3163 3325
7753 4 2 1 1 276 330 3244 259
7754 4 2 1 1 302 211 376 2552
7755 4 2 1 1 2281 2127 3023 2811
7756 4 2 1 1 1297 2954 3049 3864
7757 4 2 1 1 2083 3257 3098 2300
7758 4 2 1 1 2943 3188 2488 3582
7759 4 2 1 1 2337 3021 2550 3857
7760 4 2 1 1 1448 3590 2726 2593
7761 4 2 1 1 2325 3320 3038 3584
7762 4 2 1 1 2143 2733 2778 2836
7763 4 2 1 1 1361 2598 1358 3215
7764 4 2 1 1 2076 2414 2790 3421
7765 4 2 1 1 2235 2968 2609 3312
7766 4 2 1 1 2124 3280 2787 3401
7767 4 2 1 1 2585 2207 2912 3158
7768 4 2 1 1 3935 3875 1461 83
7769 4 2 1 1 3611 3191 2529 2911
7770 4 2 1 1 1001 3016 999 3398
7771 4 2 1 1 902 901 2712 3199
7772 4 2 1 1 3016 3107 2203 3754
7773 4 2 1 1 1251 3425 1392 3809
7774 4 2 1 1 3598 2584 2206 2928
7775 4 2 1 1 1167 3212 1183 3340
7776 4 2 1 1 2564 2637 2266 2389
7777 4 2 1 1 2194 2614 2573 2938
7778 4 2 1 1 3491 281 267 374
7779 4 2 1 1 1025 1024 1026 2581
7780 4 2 1 1 520 2724 525 3105
7781 4 2 1 1 2925 3025 3337 3279
7782 4 2 1 1 1189 2856 1376 3274
7783 4 2 1 1 2508 2667 2233 3208
7784 4 2 1 1 512 3889 618 2727
7785 4 2 1 1 3491 267 281 2867
7786 4 2 1 1 2205 2701 2610 3120
7787 4 2 1 1 3072 2564 2389 2637
7788 4 2 1 1 2101 2742 2417 3149
7789 4 2 1 1 1087 990 1031 3330
7790 4 2 1 1 2434 3064 968 3659
7791 4 2 1 1 2303 2736 3374 3573
7792 4 2 1 1 2613 3265 2240 3403
7793 4 2 1 1 2290 2686 2731 3731
7794 4 2 1 1 2581 2854 2211 3180
7795 4 2 1 1 2367 3803 3731 3127
7796 4 2 1 1 2493 2284 3154 3347
7797 4 2 1 1 2225 2850 2632 3170
7798 4 2 1 1 2146 2469 3294 3310
7799 4 2 1 1 2150 2863 2422 3326
7800 4 2 1 1 2166 3108 2522 3510
7801 4 2 1 1 2152 2898 2673 3484
7802 4 2 1 1 2285 2876 2125 3056
7803 4 2 1 1 2331 3339 2862 2129
7804 4 2 1 1 2169 2746 2479 2858
7805 4 2 1 1 2580 2888 469 3695
7806 4 2 1 1 2237 2564 3177 3500
7807 4 2 1 1 2653 3022 1525 3784
7808 4 2 1 1 391 3164 360 3248
7809 4 2 1 1 3750 2491 3647 3066
7810 4 2 1 1 2195 2410 2934 2893
7811 4 2 1 1 2485 3239 2321 3332
7812 4 2 1 1 553 3935 3039 552
7813 4 2 1 1 2405 2971 3386 3492
7814 4 2 1 1 3935 3875 2608 1461
7815 4 2 1 1 2336 2408 2089 2260
7816 4 2 1 1 2429 2197 2712 3018
7817 4 2 1 1 2534 2897 2287 3717
7818 4 2 1 1 1336 3896 1107 1428
7819 4 2 1 1 2145 2751 2716 3383
7820 4 2 1 1 2492 2829 2285 2997
7821 4 2 1 1 3168 3047 2161 2495
7822 4 2 1 1 2238 2652 2831 3750
7823 4 2 1 1 2401 3165 3060 3221
7824 4 2 1 1 1776 1628 3194 1797
7825 4 2 1 1 2693 3547 2499 3852
7826 4 2 1 1 988 2420 3484 987
7827 4 2 1 1 2606 2217 3014 3397
7828 4 2 1 1 3230 850 2460 3507
7829 4 2 1 1 1293 1241 3082 3805
7830 4 2 1 1 2138 3523 2754 3758
7831 4 2 1 1 2172 2857 2882 3472
7832 4 2 1 1 2367 3731 3803 3334
7833 4 2 1 1 2097 3803 3731 3334
7834 4 2 1 1 1184 1373 2957 2999
7835 4 2 1 1 34 383 3934 3930
7836 4 2 1 1 1534 2455 1709 3767
7837 4 2 1 1 1148 1215 1201 2887
7838 4 2 1 1 2220 3347 2937 3764
7839 4 2 1 1 2500 2962 3581 3622
7840 4 2 1 1 3853 2469 3310 3294
7841 4 2 1 1 2102 2409 3489 3544
7842 4 2 1 1 1617 1575 1574 2682
7843 4 2 1 1 310 311 309 2421
7844 4 2 1 1 1372 2602 1259 3735
7845 4 2 1 1 1128 2536 3662 3730
7846 4 2 1 1 2267 2896 2806 3278
7847 4 2 1 1 1590 3448 2591 3612
7848 4 2 1 1 924 2640 991 3426
7849 4 2 1 1 556 3878 555 3115
7850 4 2 1 1 2658 2204 3172 3531
7851 4 2 1 1 2674 2922 2086 3498
7852 4 2 1 1 1261 2844 1315 3017
7853 4 2 1 1 791 2655 3538 2636
7854 4 2 1 1 2435 2168 2987 3110
7855 4 2 1 1 2072 2805 2539 3217
7856 4 2 1 1 2483 3163 1348 3409
7857 4 2 1 1 461 460 459 2663
7858 4 2 1 1 2694 3053 2333 2167
7859 4 2 1 1 696 3071 2417 3162
7860 4 2 1 1 2522 301 2736 3862
7861 4 2 1 1 2342 3067 2832 3383
7862 4 2 1 1 3832 3267 945 2698
7863 4 2 1 1 2187 3129 2454 2363
7864 4 2 1 1 1167 2754 3212 3340
7865 4 2 1 1 515 516 603 3521
7866 4 2 1 1 1167 2754 3523 3758
7867 4 2 1 1 2516 749 842 3507
7868 4 2 1 1 2444 2778 2760 2643
7869 4 2 1 1 2760 2778 2273 2643
7870 4 2 1 1 3098 2371 2083 2966
7871 4 2 1 1 1214 1230 2892 3292
7872 4 2 1 1 945 3267 3832 948
7873 4 2 1 1 2198 3002 2936 3207
7874 4 2 1 1 2590 3551 2798 3630
7875 4 2 1 1 1050 186 2719 3810
7876 4 2 1 1 3680 2436 2772 2221
7877 4 2 1 1 1353 128 3928 3904
7878 4 2 1 1 3934 35 34 1778
7879 4 2 1 1 2263 3034 3411 3599
7880 4 2 1 1 2070 2501 2731 3352
7881 4 2 1 1 3570 2772 3680 2279
7882 4 2 1 1 2179 3440 2991 3541
7883 4 2 1 1 587 616 3099 3824
7884 4 2 1 1 2258 3307 2573 3389
7885 4 2 1 1 2264 3165 2401 3556
7886 4 2 1 1 2291 2892 2875 3714
7887 4 2 1 1 2297 3327 3551 3843
7888 4 2 1 1 2371 3319 2720 3708
7889 4 2 1 1 3934 2511 1457 3930
7890 4 2 1 1 2956 1779 3358 1649
7891 4 2 1 1 749 2516 752 3575
7892 4 2 1 1 3843 3551 3090 2675
7893 4 2 1 1 3756 2506 1508 3441
7894 4 2 1 1 360 391 354 3164
7895 4 2 1 1 1778 3983 1469 3226
7896 4 2 1 1 2382 2627 2992 2310
7897 4 2 1 1 2312 2605 2841 3338
7898 4 2 1 1 2075 2857 2882 3028
7899 4 2 1 1 2943 3489 2440 3804
7900 4 2 1 1 747 748 3277 3507
7901 4 2 1 1 2569 2961 2753 3837
7902 4 2 1 1 1014 162 163 3958
7903 4 2 1 1 3185 1143 1361 1146
7904 4 2 1 1 451 3175 2648 3712
7905 4 2 1 1 2936 3002 2335 3207
7906 4 2 1 1 2538 2952 2157 2354
7907 4 2 1 1 2112 2503 2622 3720
7908 4 2 1 1 2543 2951 2689 3595
7909 4 2 1 1 2193 2853 2682 3368
7910 4 2 1 1 3466 2968 3312 2386
7911 4 2 1 1 3934 2511 3930 383
7912 4 2 1 1 408 287 370 2545
7913 4 2 1 1 3122 3695 2274 3385
7914 4 2 1 1 2577 3076 2548 3170
7915 4 2 1 1 2092 3469 2832 3721
7916 4 2 1 1 824 785 786 3276
7917 4 2 1 1 3547 2693 2093 3852
7918 4 2 1 1 2200 2779 2707 3672
7919 4 2 1 1 659 3947 3917 2726
7920 4 2 1 1 3466 3312 2968 2235
7921 4 2 1 1 2450 815 3187 3363
7922 4 2 1 1 1286 2807 1284 3482
7923 4 2 1 1 2269 2659 3140 3314
7924 4 2 1 1 2224 2928 2535 3355
7925 4 2 1 1 2429 2712 2197 3199
7926 4 2 1 1 1336 3357 2660 3841
7927 4 2 1 1 3154 3135 2088 2594
7928 4 2 1 1 3108 418 301 296
7929 4 2 1 1 1778 3983 3226 3934
7930 4 2 1 1 3529 3864 2554 1238
7931 4 2 1 1 594 2695 441 3664
7932 4 2 1 1 2940 3653 2293 3776
7933 4 2 1 1 2310 3719 2881 3042
7934 4 2 1 1 1651 1650 1649 2956
7935 4 2 1 1 2192 2477 2922 3700
7936 4 2 1 1 2809 2895 2158 2902
7937 4 2 1 1 2093 2989 2967 3471
7938 4 2 1 1 2591 2800 1588 3819
7939 4 2 1 1 2162 3321 2470 2650
7940 4 2 1 1 2113 2714 2592 3307
7941 4 2 1 1 2153 2589 3269 3388
7942 4 2 1 1 3719 3797 2956 2310
7943 4 2 1 1 1801 3290 1667 3836
7944 4 2 1 1 1640 1647 3006 3641
7945 4 2 1 1 2165 2618 3026 3788
7946 4 2 1 1 2522 2736 301 3108
7947 4 2 1 1 3284 2668 3322 2215
7948 4 2 1 1 2320 3220 2406 2142
7949 4 2 1 1 2134 2594 2612 3535
7950 4 2 1 1 218 2736 418 3862
7951 4 2 1 1 458 474 482 3361
7952 4 2 1 1 606 512 2727 3814
7953 4 2 1 1 1461 1750 1746 2608
7954 4 2 1 1 2465 3307 2938 3798
7955 4 2 1 1 2353 3448 3369 3612
7956 4 2 1 1 2177 2726 2593 3195
7957 4 2 1 1 1162 1161 3212 3584
7958 4 2 1 1 2569 3470 2116 3837
7959 4 2 1 1 3933 21 20 737
7960 4 2 1 1 2861 2995 2643 2214
7961 4 2 1 1 734 3909 2576 3001
7962 4 2 1 1 2178 2666 2481 3400
7963 4 2 1 1 2748 3319 2780 3351
7964 4 2 1 1 286 2489 3108 3573
7965 4 2 1 1 2080 3158 2613 3403
7966 4 2 1 1 3933 859 21 737
7967 4 2 1 1 2264 2401 3135 3556
7968 4 2 1 1 2652 2268 3163 3325
7969 4 2 1 1 419 3108 3510 2522
7970 4 2 1 1 2194 2938 2720 2151
7971 4 2 1 1 2158 2564 2852 3518
7972 4 2 1 1 690 3161 2488 3188
7973 4 2 1 1 2428 3248 1418 3287
7974 4 2 1 1 1328 1257 1357 2538
7975 4 2 1 1 2738 105 7 639
7976 4 2 1 1 2272 2628 2590 3857
7977 4 2 1 1 1669 2621 1668 1615
7978 4 2 1 1 1521 1515 1711 3062
7979 4 2 1 1 2120 3127 2842 3055
7980 4 2 1 1 3031 3718 1042 3832
7981 4 2 1 1 2231 3597 3580 3701
7982 4 2 1 1 3156 392 393 2441
7983 4 2 1 1 1100 3946 1337 114
7984 4 2 1 1 3904 127 128 866
7985 4 2 1 1 2672 3114 2977 3693
7986 4 2 1 1 1167 3212 2754 3758
7987 4 2 1 1 2500 2100 2333 3220
7988 4 2 1 1 2181 2738 2695 3139
7989 4 2 1 1 1522 1524 2527 3299
7990 4 2 1 1 2659 2672 2168 3114
7991 4 2 1 1 2741 2930 937 3816
7992 4 2 1 1 604 2475 3218 3753
7993 4 2 1 1 2183 2931 2649 3721
7994 4 2 1 1 2064 2804 2494 2968
7995 4 2 1 1 2101 2402 2749 3083
7996 4 2 1 1 1366 3163 2921 3409
7997 4 2 1 1 3008 1275 3505 3618
7998 4 2 1 1 2322 2671 3734 3855
7999 4 2 1 1 2366 3027 2630 2857
8000 4 2 1 1 2118 2946 3284 3833
8001 4 2 1 1 817 757 2562 3277
8002 4 2 1 1 1467 2690 2482 3907
8003 4 2 1 1 2109 2408 2959 3076
8004 4 2 1 1 1777 2627 3040 3827
8005 4 2 1 1 2814 3157 3034 3724
8006 4 2 1 1 2848 3050 2183 3469
8007 4 2 1 1 1645 1643 1655 3128
8008 4 2 1 1 2964 2853 2090 3781
8009 4 2 1 1 2095 2557 3057 3649
8010 4 2 1 1 1285 3482 1118 3646
8011 4 2 1 1 2320 3174 3086 3723
8012 4 2 1 1 3688 2421 3182 309
8013 4 2 1 1 2214 2626 2583 2861
8014 4 2 1 1 574 3887 2559 580
8015 4 2 1 1 926 1036 2863 3679
8016 4 2 1 1 2932 3162 3149 2252
8017 4 2 1 1 2867 2485 278 3247
8018 4 2 1 1 418 2736 301 3862
8019 4 2 1 1 3926 1651 1759 1780
8020 4 2 1 1 1144 1143 1142 3779
8021 4 2 1 1 2288 2702 2459 3874
8022 4 2 1 1 2170 2405 2971 3386
8023 4 2 1 1 3149 3162 2932 2417
8024 4 2 1 1 20 3933 737 3862
8025 4 2 1 1 1026 1056 1027 2854
8026 4 2 1 1 2624 285 2489 3527
8027 4 2 1 1 2448 3553 2646 3866
8028 4 2 1 1 2623 2334 3291 3522
8029 4 2 1 1 958 2467 879 3160
8030 4 2 1 1 1574 1556 1604 3069
8031 4 2 1 1 2481 3145 3746 2178
8032 4 2 1 1 709 809 693 3281
8033 4 2 1 1 2573 2614 2194 2906
8034 4 2 1 1 886 1030 2551 3107
8035 4 2 1 1 2494 2843 2064 3293
8036 4 2 1 1 1282 1413 2544 3505
8037 4 2 1 1 2440 2213 2784 3844
8038 4 2 1 1 2337 2094 3021 3857
8039 4 2 1 1 961 2991 962 3446
8040 4 2 1 1 1132 1134 1133 3303
8041 4 2 1 1 2537 730 3663 3821
8042 4 2 1 1 2465 2899 2307 3307
8043 4 2 1 1 236 238 237 2560
8044 4 2 1 1 2347 3265 2613 3403
8045 4 2 1 1 1390 1269 3356 3035
8046 4 2 1 1 576 433 560 2884
8047 4 2 1 1 2340 3364 2628 3551
8048 4 2 1 1 2734 2130 2573 2906
8049 4 2 1 1 2079 2572 2788 2905
8050 4 2 1 1 2178 2481 2666 3660
8051 4 2 1 1 571 3106 575 3317
8052 4 2 1 1 490 2839 3202 488
8053 4 2 1 1 791 2655 2636 797
8054 4 2 1 1 2243 2907 2530 3586
8055 4 2 1 1 2077 2881 2987 3457
8056 4 2 1 1 1683 2511 3040 3194
8057 4 2 1 1 791 3538 3350 2636
8058 4 2 1 1 2383 2967 2153 3547
8059 4 2 1 1 531 3166 2851 3454
8060 4 2 1 1 2755 3412 264 3478
8061 4 2 1 1 2113 2573 3307 3798
8062 4 2 1 1 1299 2549 3107 3730
8063 4 2 1 1 736 2522 671 3037
8064 4 2 1 1 3051 464 3099 587
8065 4 2 1 1 2511 3194 298 3669
8066 4 2 1 1 2422 2107 3326 3706
8067 4 2 1 1 2379 2517 3096 3490
8068 4 2 1 1 2133 2579 2926 3354
8069 4 2 1 1 3154 3135 2594 2409
8070 4 2 1 1 2504 3151 2812 3375
8071 4 2 1 1 2284 3347 2493 3764
8072 4 2 1 1 241 3004 2403 3703
8073 4 2 1 1 2190 2969 2583 3400
8074 4 2 1 1 1436 1280 3088 3558
8075 4 2 1 1 2198 2476 3002 3360
8076 4 2 1 1 889 1029 1016 2873
8077 4 2 1 1 778 3077 777 3488
8078 4 2 1 1 1802 1638 1639 3612
8079 4 2 1 1 604 524 3218 3305
8080 4 2 1 1 3323 2810 836 2709
8081 4 2 1 1 3323 836 2810 820
8082 4 2 1 1 134 1110 1447 3932
8083 4 2 1 1 1185 1212 1211 2911
8084 4 2 1 1 2225 3170 2632 3532
8085 4 2 1 1 2575 3258 2705 3602
8086 4 2 1 1 564 3121 454 3461
8087 4 2 1 1 134 135 1110 3932
8088 4 2 1 1 1663 3219 2454 3775
8089 4 2 1 1 2729 3286 2361 3648
8090 4 2 1 1 3734 2279 2806 3570
8091 4 2 1 1 2625 3249 3007 2090
8092 4 2 1 1 2315 3464 2876 2106
8093 4 2 1 1 2094 2679 3176 3807
8094 4 2 1 1 3197 2155 2833 2905
8095 4 2 1 1 623 642 442 3828
8096 4 2 1 1 2477 2922 2674 3498
8097 4 2 1 1 3541 3341 2429 2179
8098 4 2 1 1 3108 426 303 297
8099 4 2 1 1 2519 3207 2335 3261
8100 4 2 1 1 240 261 2620 3397
8101 4 2 1 1 1302 2638 3209 3321
8102 4 2 1 1 2987 3457 2881 3477
8103 4 2 1 1 1767 3941 3245 1694
8104 4 2 1 1 2787 2795 2399 3324
8105 4 2 1 1 1132 1133 2868 3303
8106 4 2 1 1 1549 1550 2568 3691
8107 4 2 1 1 2396 3514 2963 3773
8108 4 2 1 1 2120 2478 2842 3013
8109 4 2 1 1 2178 3003 2403 3145
8110 4 2 1 1 2293 3109 2529 3650
8111 4 2 1 1 2325 2974 3320 3584
8112 4 2 1 1 1396 3328 3017 3529
8113 4 2 1 1 519 498 2518 3300
8114 4 2 1 1 3750 3320 3066 3038
8115 4 2 1 1 603 3298 2512 3824
8116 4 2 1 1 3185 1143 1146 2377
8117 4 2 1 1 2264 2973 2401 3165
8118 4 2 1 1 2490 3108 303 3491
8119 4 2 1 1 2705 3258 2292 3602
8120 4 2 1 1 2543 2800 1520 3617
8121 4 2 1 1 504 3218 3481 2463
8122 4 2 1 1 1364 2802 1202 3726
8123 4 2 1 1 3122 3695 3385 602
8124 4 2 1 1 2249 2782 3380 3606
8125 4 2 1 1 2159 2881 2587 3719
8126 4 2 1 1 266 264 259 3244
8127 4 2 1 1 2147 2843 2415 3054
8128 4 2 1 1 1740 2763 2591 3819
8129 4 2 1 1 3932 1346 135 1110
8130 4 2 1 1 2445 2153 2967 3486
8131 4 2 1 1 3133 3099 462 612
8132 4 2 1 1 2134 2739 2419 2692
8133 4 2 1 1 2292 2913 2653 3022
8134 4 2 1 1 931 1055 2854 3525
8135 4 2 1 1 2111 2580 3241 3311
8136 4 2 1 1 2679 2318 3176 3807
8137 4 2 1 1 828 3576 795 3768
8138 4 2 1 1 2664 2429 3018 3341
8139 4 2 1 1 534 2683 3454 3636
8140 4 2 1 1 2302 3159 3026 3410
8141 4 2 1 1 2126 3377 2822 3681
8142 4 2 1 1 930 937 2930 3816
8143 4 2 1 1 2712 2429 902 3199
8144 4 2 1 1 3133 462 3099 2935
8145 4 2 1 1 2072 3217 2650 2771
8146 4 2 1 1 2341 3241 2580 3311
8147 4 2 1 1 2343 3697 3015 3725
8148 4 2 1 1 1447 3932 1110 3034
8149 4 2 1 1 1007 2497 942 3623
8150 4 2 1 1 419 3108 2522 301
8151 4 2 1 1 1721 1525 2653 3022
8152 4 2 1 1 3475 3545 3113 3817
8153 4 2 1 1 928 2497 1007 3336
8154 4 2 1 1 3059 3789 279 2917
8155 4 2 1 1 2081 2643 2861 2995
8156 4 2 1 1 2440 682 684 683
8157 4 2 1 1 2127 2849 3200 3621
8158 4 2 1 1 2500 3566 2962 3622
8159 4 2 1 1 316 3896 312 205
8160 4 2 1 1 2558 2825 2180 2829
8161 4 2 1 1 2174 2788 2572 2833
8162 4 2 1 1 2889 3148 2222 3736
8163 4 2 1 1 1663 2765 3451 3219
8164 4 2 1 1 1534 2455 3767 3549
8165 4 2 1 1 3932 2537 1110 3034
8166 4 2 1 1 2334 2753 2623 3631
8167 4 2 1 1 2519 3261 1209 3796
8168 4 2 1 1 640 594 589 3664
8169 4 2 1 1 2227 3111 2391 3740
8170 4 2 1 1 2395 3181 2959 3234
8171 4 2 1 1 2751 3383 3067 2397
8172 4 2 1 1 1274 1365 1436 3440
8173 4 2 1 1 2377 2268 3184 3520
8174 4 2 1 1 2073 2799 2520 3054
8175 4 2 1 1 2899 2113 3307 3798
8176 4 2 1 1 1064 3113 3216 3817
8177 4 2 1 1 2210 2598 3198 3615
8178 4 2 1 1 2609 2622 2186 3293
8179 4 2 1 1 2890 1535 2473 3265
8180 4 2 1 1 2781 2912 2080 3158
8181 4 2 1 1 2068 2376 2504 3579
8182 4 2 1 1 2952 3365 2501 3757
8183 4 2 1 1 77 76 774 3931
8184 4 2 1 1 2441 2507 3150 3223
8185 4 2 1 1 1372 2928 2602 3735
8186 4 2 1 1 2221 2622 2609 3293
8187 4 2 1 1 2520 2612 2148 3236
8188 4 2 1 1 1344 2495 3512 3204
8189 4 2 1 1 1019 1020 2845 3772
8190 4 2 1 1 2755 2801 2254 3715
8191 4 2 1 1 468 2888 470 3298
8192 4 2 1 1 1663 2765 1664 3451
8193 4 2 1 1 1048 2712 901 3503
8194 4 2 1 1 2536 3030 1128 3619
8195 4 2 1 1 3086 2504 2779 2128
8196 4 2 1 1 2127 2497 2828 2418
8197 4 2 1 1 2254 2801 2755 3042
8198 4 2 1 1 399 218 418 3862
8199 4 2 1 1 2091 2969 2448 3400
8200 4 2 1 1 2646 3196 2721 3747
8201 4 2 1 1 2383 3547 2093 2967
8202 4 2 1 1 618 606 512 2727
8203 4 2 1 1 2075 3028 2882 3368
8204 4 2 1 1 2376 2628 3579 3707
8205 4 2 1 1 3577 3686 2643 2131
8206 4 2 1 1 3931 774 77 860
8207 4 2 1 1 2365 2964 2898 3285
8208 4 2 1 1 2096 2787 2459 3644
8209 4 2 1 1 2258 2860 2761 3465
8210 4 2 1 1 2369 3698 2276 2095
8211 4 2 1 1 1371 1180 3349 3523
8212 4 2 1 1 1630 1800 1637 3827
8213 4 2 1 1 774 3931 76 3828
8214 4 2 1 1 2079 3594 3183 3835
8215 4 2 1 1 2581 3565 1025 3860
8216 4 2 1 1 3034 3157 2537 3724
8217 4 2 1 1 2799 3032 3177 2319
8218 4 2 1 1 2570 3002 2198 3207
8219 4 2 1 1 2458 2887 2210 3190
8220 4 2 1 1 3005 3501 615 3521
8221 4 2 1 1 2342 3383 2832 3469
8222 4 2 1 1 2724 776 3129 3077
8223 4 2 1 1 744 2680 742 3745
8224 4 2 1 1 1634 1635 3027 3739
8225 4 2 1 1 2752 3333 2707 3620
8226 4 2 1 1 1597 1598 1596 2716
8227 4 2 1 1 2791 3364 3304 3756
8228 4 2 1 1 1622 1738 1620 2630
8229 4 2 1 1 773 2565 774 3828
8230 4 2 1 1 1223 3209 1222 3799
8231 4 2 1 1 2719 186 185 1456
8232 4 2 1 1 3909 73 72 430
8233 4 2 1 1 3536 3223 2507 2917
8234 4 2 1 1 2132 2798 2578 3151
8235 4 2 1 1 2542 3089 3083 3873
8236 4 2 1 1 2064 3629 3081 2804
8237 4 2 1 1 2225 2645 2524 2577
8238 4 2 1 1 1493 1491 2885 3329
8239 4 2 1 1 1294 2634 1385 3292
8240 4 2 1 1 1281 3890 1423 1099
8241 4 2 1 1 2732 3874 3616 3062
8242 4 2 1 1 1393 1184 1373 2957
8243 4 2 1 1 2628 3364 2340 3427
8244 4 2 1 1 1272 3287 2529 3496
8245 4 2 1 1 2747 3092 2387 3494
8246 4 2 1 1 289 2611 277 3242
8247 4 2 1 1 3536 2507 3223 3150
8248 4 2 1 1 2361 3059 2917 3789
8249 4 2 1 1 1320 2918 1397 3603
8250 4 2 1 1 3571 2525 3419 2466
8251 4 2 1 1 2690 1456 185 1678
8252 4 2 1 1 2719 1792 186 1456
8253 4 2 1 1 3081 3629 2064 2824
8254 4 2 1 1 1464 2475 1481 1480
8255 4 2 1 1 739 2736 738 2963
8256 4 2 1 1 899 898 2461 3541
8257 4 2 1 1 2329 3050 2933 3786
8258 4 2 1 1 1321 3005 2727 3603
8259 4 2 1 1 702 3596 2932 3858
8260 4 2 1 1 2864 3355 2805 2123
8261 4 2 1 1 2577 3181 2959 3532
8262 4 2 1 1 3584 1156 2325 2974
8263 4 2 1 1 1470 1696 1799 3585
8264 4 2 1 1 1609 1646 1540 2329
8265 4 2 1 1 1272 2529 3287 3653
8266 4 2 1 1 2864 2805 3387 2123
8267 4 2 1 1 2620 3014 363 3156
8268 4 2 1 1 2075 3472 2530 3777
8269 4 2 1 1 2942 2394 2534 3610
8270 4 2 1 1 872 3559 3487 2553
8271 4 2 1 1 2450 3187 833 3250
8272 4 2 1 1 1768 2835 1706 3290
8273 4 2 1 1 1384 1160 1340 3735
8274 4 2 1 1 2512 2841 2312 3521
8275 4 2 1 1 2790 3148 2076 3268
8276 4 2 1 1 1426 3986 1107 3353
8277 4 2 1 1 2158 2852 2415 2311
8278 4 2 1 1 2876 3464 2701 2106
8279 4 2 1 1 2456 2931 2826 3721
8280 4 2 1 1 2573 3307 2258 3856
8281 4 2 1 1 2149 2986 2441 3150
8282 4 2 1 1 3458 3335 2425 2909
8283 4 2 1 1 1130 3030 2868 3619
8284 4 2 1 1 3584 2325 1156 3038
8285 4 2 1 1 1080 933 1043 2730
8286 4 2 1 1 3230 684 700 799
8287 4 2 1 1 2961 2274 3122 2888
8288 4 2 1 1 1739 2591 3612 1590
8289 4 2 1 1 2923 3417 2228 3552
8290 4 2 1 1 2472 3174 2693 2346
8291 4 2 1 1 2070 2686 2745 3553
8292 4 2 1 1 2200 2707 3429 3672
8293 4 2 1 1 186 1792 2719 3810
8294 4 2 1 1 3059 279 3789 270
8295 4 2 1 1 874 2562 757 3323
8296 4 2 1 1 2076 2798 2414 3421
8297 4 2 1 1 3634 664 782 143
8298 4 2 1 1 2667 3208 3084 3315
8299 4 2 1 1 2197 2323 2874 3503
8300 4 2 1 1 2136 2749 2651 3213
8301 4 2 1 1 3772 1014 2873 3420
8302 4 2 1 1 1683 3040 2511 3827
8303 4 2 1 1 1284 2807 1244 3482
8304 4 2 1 1 1288 1405 1404 2880
8305 4 2 1 1 3122 2274 3695 2888
8306 4 2 1 1 116 3881 1356 1350
8307 4 2 1 1 2067 2425 3273 3497
8308 4 2 1 1 2521 2719 2690 3739
8309 4 2 1 1 1291 2942 1392 3425
8310 4 2 1 1 2573 2194 2782 2906
8311 4 2 1 1 3930 34 33 1457
8312 4 2 1 1 2753 2803 2447 3631
8313 4 2 1 1 2524 2645 2244 2577
8314 4 2 1 1 2114 3249 2625 3504
8315 4 2 1 1 33 3930 1457 1682
8316 4 2 1 1 2544 2934 1282 3505
8317 4 2 1 1 2649 3456 1708 3550
8318 4 2 1 1 3992 1 22 414
8319 4 2 1 1 2096 2877 3332 3443
8320 4 2 1 1 906 924 1095 2528
8321 4 2 1 1 299 2511 383 298
8322 4 2 1 1 2172 3087 2473 2857
8323 4 2 1 1 2570 3261 3207 3796
8324 4 2 1 1 2083 2465 3257 2300
8325 4 2 1 1 2640 2776 967 3426
8326 4 2 1 1 1457 34 3934 3930
8327 4 2 1 1 2547 2258 3307 3856
8328 4 2 1 1 2154 2914 2590 3176
8329 4 2 1 1 3995 209 3665 3890
8330 4 2 1 1 3930 1683 2511 1457
8331 4 2 1 1 2118 2383 3284 3466
8332 4 2 1 1 2866 3254 2368 3834
8333 4 2 1 1 2270 3377 2654 3681
8334 4 2 1 1 2856 3274 2302 3349
8335 4 2 1 1 1318 1321 1109 2727
8336 4 2 1 1 2890 1535 3265 1679
8337 4 2 1 1 2126 2637 3647 3750
8338 4 2 1 1 2459 2960 2328 3468
8339 4 2 1 1 2539 3000 2162 2525
8340 4 2 1 1 2986 3150 3223 2441
8341 4 2 1 1 2280 2728 2647 3624
8342 4 2 1 1 3060 762 841 2696
8343 4 2 1 1 2377 3198 3185 3215
8344 4 2 1 1 2182 2706 3382 3462
8345 4 2 1 1 2507 2836 2361 3789
8346 4 2 1 1 3692 3270 3324 406
8347 4 2 1 1 3011 3450 2213 3606
8348 4 2 1 1 1055 3141 2854 3525
8349 4 2 1 1 1228 1362 1415 2814
8350 4 2 1 1 294 400 3344 3573
8351 4 2 1 1 556 3878 3115 3328
8352 4 2 1 1 3258 3602 2575 3668
8353 4 2 1 1 3279 3504 2925 3675
8354 4 2 1 1 2490 2743 2219 3491
8355 4 2 1 1 2609 2622 2221 2436
8356 4 2 1 1 3930 1683 1457 1682
8357 4 2 1 1 1727 1721 2913 3022
8358 4 2 1 1 3230 2440 3844 3289
8359 4 2 1 1 1557 1584 1554 2913
8360 4 2 1 1 1176 2754 2893 3523
8361 4 2 1 1 3060 841 762 759
8362 4 2 1 1 1781 3966 1705 1474
8363 4 2 1 1 1477 2567 1759 3752
8364 4 2 1 1 1187 1188 1186 2325
8365 4 2 1 1 3525 3772 3795 2525
8366 4 2 1 1 1065 2673 876 3140
8367 4 2 1 1 1658 2607 1471 1656
8368 4 2 1 1 2204 2678 2877 3416
8369 4 2 1 1 3196 3400 3145 2448
8370 4 2 1 1 2196 2431 3808 2125
8371 4 2 1 1 781 2454 2773 3775
8372 4 2 1 1 2135 2897 2610 3237
8373 4 2 1 1 2720 3319 2284 3708
8374 4 2 1 1 2524 2645 2225 3562
8375 4 2 1 1 2898 3285 2964 3314
8376 4 2 1 1 470 2580 3298 2888
8377 4 2 1 1 1178 2918 1320 3603
8378 4 2 1 1 3795 1029 2873 1016
8379 4 2 1 1 377 2507 379 3789
8380 4 2 1 1 2072 2603 2805 3217
8381 4 2 1 1 1546 2445 1724 1543
8382 4 2 1 1 3934 2511 383 3226
8383 4 2 1 1 225 2495 224 3841
8384 4 2 1 1 2408 2722 2478 3555
8385 4 2 1 1 2582 2170 3074 3450
8386 4 2 1 1 2190 2626 2889 3770
8387 4 2 1 1 2200 3429 2540 3672
8388 4 2 1 1 348 2399 355 3270
8389 4 2 1 1 2500 3581 2393 3622
8390 4 2 1 1 2069 2713 2579 3015
8391 4 2 1 1 310 309 3182 2421
8392 4 2 1 1 842 3230 2516 3507
8393 4 2 1 1 294 400 417 3344
8394 4 2 1 1 2443 3642 3611 2830
8395 4 2 1 1 2066 3119 2944 2367
8396 4 2 1 1 3509 1686 3732 2556
8397 4 2 1 1 329 3956 3709 210
8398 4 2 1 1 40 961 1075 3446
8399 4 2 1 1 381 2498 333 3815
8400 4 2 1 1 1356 3950 3005 3881
8401 4 2 1 1 460 2935 462 3133
8402 4 2 1 1 490 2839 488 586
8403 4 2 1 1 1756 3637 155 1785
8404 4 2 1 1 2180 2808 2708 3200
8405 4 2 1 1 2851 661 3495 823
8406 4 2 1 1 2837 2299 3219 3418
8407 4 2 1 1 2832 3469 2352 3721
8408 4 2 1 1 2697 3011 2430 3386
8409 4 2 1 1 900 902 2429 3199
8410 4 2 1 1 3950 618 2727 3005
8411 4 2 1 1 3437 2557 2095 2423
8412 4 2 1 1 2195 2410 2893 3098
8413 4 2 1 1 2282 3254 2866 3834
8414 4 2 1 1 2260 3335 2909 3668
8415 4 2 1 1 2241 2891 2675 3509
8416 4 2 1 1 2583 2861 2143 2214
8417 4 2 1 1 2724 3129 775 3828
8418 4 2 1 1 2855 2354 2538 2670
8419 4 2 1 1 532 531 2851 3454
8420 4 2 1 1 155 154 1785 3637
8421 4 2 1 1 3651 3140 1671 3069
8422 4 2 1 1 1678 1456 1764 2690
8423 4 2 1 1 2244 2894 2821 2767
8424 4 2 1 1 1486 3456 1487 3485
8425 4 2 1 1 3038 3476 2652 3750
8426 4 2 1 1 3651 1671 3140 1670
8427 4 2 1 1 1149 3163 2652 3184
8428 4 2 1 1 2511 3226 1457 3827
8429 4 2 1 1 2137 2852 2872 3229
8430 4 2 1 1 2264 2488 2419 2134
8431 4 2 1 1 1639 1802 3612 3791
8432 4 2 1 1 3743 896 48 3929
8433 4 2 1 1 1140 1141 1139 3137
8434 4 2 1 1 3346 3436 2819 2359
8435 4 2 1 1 1537 2597 3616 1566
8436 4 2 1 1 2354 2710 2666 3146
8437 4 2 1 1 2635 3470 2071 2569
8438 4 2 1 1 781 3094 2454 2363
8439 4 2 1 1 3500 2843 3802 2237
8440 4 2 1 1 1176 1359 1207 2754
8441 4 2 1 1 1630 1742 1777 2627
8442 4 2 1 1 782 653 785 3369
8443 4 2 1 1 1674 1673 2885 3362
8444 4 2 1 1 2276 3057 2608 3826
8445 4 2 1 1 2240 2846 2826 3403
8446 4 2 1 1 1663 2454 3451 3637
8447 4 2 1 1 2731 3352 2501 3372
8448 4 2 1 1 2153 3142 2589 3388
8449 4 2 1 1 2165 2748 2491 3320
8450 4 2 1 1 896 49 48 3929
8451 4 2 1 1 1663 2765 3219 1578
8452 4 2 1 1 2359 3070 2762 3701
8453 4 2 1 1 2562 307 3168 3591
8454 4 2 1 1 225 3147 2495 3841
8455 4 2 1 1 896 1088 3929 3752
8456 4 2 1 1 1136 1135 1134 3610
8457 4 2 1 1 2086 3056 2876 2808
8458 4 2 1 1 1614 3887 3342 1751
8459 4 2 1 1 314 3926 213 2700
8460 4 2 1 1 333 2498 3404 3815
8461 4 2 1 1 2540 2939 2169 3471
8462 4 2 1 1 2776 3560 934 3426
8463 4 2 1 1 1159 1389 1137 3610
8464 4 2 1 1 3929 896 49 1088
8465 4 2 1 1 3349 1369 1244 1256
8466 4 2 1 1 3929 3743 896 3752
8467 4 2 1 1 2556 3494 3574 2387
8468 4 2 1 1 1244 2302 1369 3349
8469 4 2 1 1 2188 2646 3352 3372
8470 4 2 1 1 3881 117 116 1356
8471 4 2 1 1 1415 2814 1401 3724
8472 4 2 1 1 3174 2320 2693 2346
8473 4 2 1 1 3393 2617 2171 2635
8474 4 2 1 1 2403 3003 243 3391
8475 4 2 1 1 3547 3629 3463 2262
8476 4 2 1 1 1315 1239 1238 2554
8477 4 2 1 1 2611 3412 2755 3478
8478 4 2 1 1 154 153 1468 3775
8479 4 2 1 1 2382 2992 2762 2310
8480 4 2 1 1 1001 941 3016 3787
8481 4 2 1 1 2625 3249 2407 3504
8482 4 2 1 1 1159 1137 2394 3610
8483 4 2 1 1 1583 2455 1707 3299
8484 4 2 1 1 36 37 3926 314
8485 4 2 1 1 1724 2445 2915 3345
8486 4 2 1 1 2531 3246 2447 2167
8487 4 2 1 1 209 3890 2574 3665
8488 4 2 1 1 700 2460 767 3289
8489 4 2 1 1 154 1468 3637 3775
8490 4 2 1 1 3318 3660 3568 2481
8491 4 2 1 1 995 3405 2429 3560
8492 4 2 1 1 2302 3134 3026 3788
8493 4 2 1 1 1276 3882 2461 2874
8494 4 2 1 1 1752 3061 1600 1614
8495 4 2 1 1 2925 2985 2239 3337
8496 4 2 1 1 2948 3219 2299 3418
8497 4 2 1 1 1733 1735 2747 3407
8498 4 2 1 1 385 2619 2434 3659
8499 4 2 1 1 1180 1206 1220 2893
8500 4 2 1 1 2204 2979 2678 3416
8501 4 2 1 1 1262 1397 1320 2918
8502 4 2 1 1 3688 14 15 410
8503 4 2 1 1 205 2660 3986 3353
8504 4 2 1 1 3393 2617 2635 2406
8505 4 2 1 1 2475 2181 3128 3305
8506 4 2 1 1 2223 2394 3137 3434
8507 4 2 1 1 2271 2849 2497 3623
8508 4 2 1 1 2447 2531 3041 3246
8509 4 2 1 1 1229 2875 1296 3292
8510 4 2 1 1 2717 2765 2413 3348
8511 4 2 1 1 3064 2545 1073 3659
8512 4 2 1 1 1792 186 187 3810
8513 4 2 1 1 2597 3062 2208 3299
8514 4 2 1 1 796 815 2450 3363
8515 4 2 1 1 780 2363 717 716
8516 4 2 1 1 1752 3061 1614 2559
8517 4 2 1 1 2199 2959 3181 3234
8518 4 2 1 1 441 2695 3912 3664
8519 4 2 1 1 3772 1014 3420 1010
8520 4 2 1 1 1026 2796 1058 3180
8521 4 2 1 1 1673 1493 1491 2885
8522 4 2 1 1 2126 2604 2831 2199
8523 4 2 1 1 2067 2825 2803 3479
8524 4 2 1 1 564 2532 456 3121
8525 4 2 1 1 3443 3722 2878 2289
8526 4 2 1 1 2376 2779 2693 3086
8527 4 2 1 1 2433 3015 2746 3870
8528 4 2 1 1 734 3909 3001 655
8529 4 2 1 1 2310 2987 2881 3719
8530 4 2 1 1 3470 3800 2116 3837
8531 4 2 1 1 3192 3760 3000 2688
8532 4 2 1 1 2999 3610 3464 3138
8533 4 2 1 1 3132 3207 2570 3365
8534 4 2 1 1 2964 2853 3781 3846
8535 4 2 1 1 1440 1299 1124 2549
8536 4 2 1 1 2804 3466 2968 3629
8537 4 2 1 1 228 341 226 2449
8538 4 2 1 1 3120 3143 2205 2701
8539 4 2 1 1 1135 3303 1134 3610
8540 4 2 1 1 2696 3482 2546 3646
8541 4 2 1 1 2112 2622 2609 2436
8542 4 2 1 1 1393 3035 2957 3808
8543 4 2 1 1 1074 991 924 2640
8544 4 2 1 1 2183 2931 2631 2962
8545 4 2 1 1 1279 2519 1427 1247
8546 4 2 1 1 2217 2970 2606 3849
8547 4 2 1 1 253 378 366 3391
8548 4 2 1 1 2833 2872 2572 3395
8549 4 2 1 1 3662 3823 3331 600
8550 4 2 1 1 2159 2813 2545 3627
8551 4 2 1 1 2269 3651 2621 3654
8552 4 2 1 1 2586 2887 2266 3655
8553 4 2 1 1 2827 3559 733 3782
8554 4 2 1 1 2552 2202 2990 3474
8555 4 2 1 1 564 2532 3121 3130
8556 4 2 1 1 2494 2804 2259 3089
8557 4 2 1 1 1448 1224 1410 2593
8558 4 2 1 1 2496 2122 3081 3393
8559 4 2 1 1 803 3188 3576 707
8560 4 2 1 1 3541 3341 2179 2461
8561 4 2 1 1 3509 3732 1686 1687
8562 4 2 1 1 1471 1792 187 3810
8563 4 2 1 1 2927 3308 3232 2400
8564 4 2 1 1 2609 2772 2221 3561
8565 4 2 1 1 1070 2672 978 3817
8566 4 2 1 1 1062 2434 3460 966
8567 4 2 1 1 2737 2864 2248 2115
8568 4 2 1 1 2340 3327 3441 3756
8569 4 2 1 1 2470 3321 1416 3694
8570 4 2 1 1 795 3350 3250 2651
8571 4 2 1 1 1361 3185 2598 3215
8572 4 2 1 1 2746 3015 2433 3697
8573 4 2 1 1 216 224 3512 3841
8574 4 2 1 1 1139 1137 1138 2394
8575 4 2 1 1 2256 2679 2713 2479
8576 4 2 1 1 2266 2775 2637 3681
8577 4 2 1 1 751 2904 749 3575
8578 4 2 1 1 2078 2769 2645 3198
8579 4 2 1 1 2166 3711 3037 3773
8580 4 2 1 1 3803 3731 3297 2097
8581 4 2 1 1 2833 3157 2432 3169
8582 4 2 1 1 2535 2224 3632 3785
8583 4 2 1 1 3033 3249 3545 2374
8584 4 2 1 1 2324 532 2851 3454
8585 4 2 1 1 266 2755 264 3244
8586 4 2 1 1 2323 2466 3275 3818
8587 4 2 1 1 583 3877 2605 3501
8588 4 2 1 1 2290 2745 2686 3013
8589 4 2 1 1 2150 2907 2912 3087
8590 4 2 1 1 2924 3239 3006 3123
8591 4 2 1 1 535 2576 625 3300
8592 4 2 1 1 1715 2891 1523 3784
8593 4 2 1 1 879 3160 100 1054
8594 4 2 1 1 2937 2988 2740 3347
8595 4 2 1 1 3964 211 2552 3558
8596 4 2 1 1 1406 1441 1123 2711
8597 4 2 1 1 2603 2850 2225 3562
8598 4 2 1 1 1777 1630 2627 3827
8599 4 2 1 1 958 2828 1086 2467
8600 4 2 1 1 2776 934 3560 3405
8601 4 2 1 1 2494 2968 2804 3089
8602 4 2 1 1 1064 3216 3285 3817
8603 4 2 1 1 830 688 686 2943
8604 4 2 1 1 1012 2431 3423 3906
8605 4 2 1 1 795 3250 3350 793
8606 4 2 1 1 2099 2501 3132 2217
8607 4 2 1 1 2218 3091 2497 2418
8608 4 2 1 1 3545 3249 3033 2265
8609 4 2 1 1 1009 3885 2874 1006
8610 4 2 1 1 1210 1248 1219 3796
8611 4 2 1 1 908 3113 2528 3359
8612 4 2 1 1 918 3431 2523 3813
8613 4 2 1 1 2724 776 3077 777
8614 4 2 1 1 1212 1218 2443 2255
8615 4 2 1 1 2949 3260 2290 3297
8616 4 2 1 1 904 2712 3046 3560
8617 4 2 1 1 2932 709 819 813
8618 4 2 1 1 449 448 450 3175
8619 4 2 1 1 2602 2802 2206 3598
8620 4 2 1 1 2774 3270 2399 3638
8621 4 2 1 1 1070 3285 2672 3817
8622 4 2 1 1 2753 2961 2531 3837
8623 4 2 1 1 2096 3332 2795 3443
8624 4 2 1 1 469 471 470 2580
8625 4 2 1 1 2601 2509 2113 3722
8626 4 2 1 1 731 826 2537 3079
8627 4 2 1 1 3545 3113 3033 2374
8628 4 2 1 1 574 3887 580 581
8629 4 2 1 1 2125 2715 3539 2771
8630 4 2 1 1 648 522 432 2681
8631 4 2 1 1 1611 2681 3288 3704
8632 4 2 1 1 3939 844 3918 2810
8633 4 2 1 1 2078 2645 2577 2767
8634 4 2 1 1 3526 576 577 561
8635 4 2 1 1 1293 2416 3190 3805
8636 4 2 1 1 503 3517 2486 3521
8637 4 2 1 1 2254 3042 2755 3506
8638 4 2 1 1 2164 3291 3241 3298
8639 4 2 1 1 2859 3437 2557 2390
8640 4 2 1 1 2475 3218 2181 3305
8641 4 2 1 1 2202 3286 2729 3648
8642 4 2 1 1 2411 2853 3537 3781
8643 4 2 1 1 2815 3277 2294 3507
8644 4 2 1 1 1485 2846 1654 3456
8645 4 2 1 1 2935 3133 2663 3144
8646 4 2 1 1 2640 3064 2384 3271
8647 4 2 1 1 2848 3383 2352 3499
8648 4 2 1 1 1202 2802 1236 3102
8649 4 2 1 1 2755 3042 2801 2275
8650 4 2 1 1 919 2863 933 3431
8651 4 2 1 1 3230 850 3507 842
8652 4 2 1 1 3241 3291 2341 3298
8653 4 2 1 1 1054 100 101 3160
8654 4 2 1 1 2125 3539 2650 2771
8655 4 2 1 1 2208 2398 2960 2597
8656 4 2 1 1 3033 3113 3545 2265
8657 4 2 1 1 1658 2607 3769 3810
8658 4 2 1 1 2223 3198 2769 3780
8659 4 2 1 1 2867 3247 281 3491
8660 4 2 1 1 2102 2409 3205 3489
8661 4 2 1 1 2495 3512 224 3841
8662 4 2 1 1 2420 2882 2667 3472
8663 4 2 1 1 265 277 289 2611
8664 4 2 1 1 805 2454 781 3775
8665 4 2 1 1 460 462 612 3133
8666 4 2 1 1 1379 1256 2856 3349
8667 4 2 1 1 2262 2824 2589 3629
8668 4 2 1 1 2159 2567 3255 3699
8669 4 2 1 1 2441 3150 2507 3660
8670 4 2 1 1 1178 1389 1400 3563
8671 4 2 1 1 2120 3013 2686 3854
8672 4 2 1 1 1396 3017 1238 3529
8673 4 2 1 1 1737 1620 1738 3256
8674 4 2 1 1 2616 3144 2423 3713
8675 4 2 1 1 3814 3331 512 2727
8676 4 2 1 1 1496 3111 3092 3728
8677 4 2 1 1 1192 1193 2895 3251
8678 4 2 1 1 2249 2908 2430 3380
8679 4 2 1 1 1658 2607 1656 3769
8680 4 2 1 1 2575 2705 2184 3602
8681 4 2 1 1 2256 2908 2513 3716
8682 4 2 1 1 2679 2298 3073 3690
8683 4 2 1 1 101 1054 3160 1092
8684 4 2 1 1 2592 3401 2646 3747
8685 4 2 1 1 3975 2546 663 3599
8686 4 2 1 1 3007 3457 3070 3656
8687 4 2 1 1 2476 2936 2198 3002
8688 4 2 1 1 2525 3687 3209 2162
8689 4 2 1 1 979 982 3140 3314
8690 4 2 1 1 1372 2602 2928 3598
8691 4 2 1 1 1087 3245 1072 3484
8692 4 2 1 1 2664 3018 2242 3658
8693 4 2 1 1 2430 2119 2908 3531
8694 4 2 1 1 2900 3091 2418 3787
8695 4 2 1 1 1383 2809 3516 3655
8696 4 2 1 1 2693 3463 2262 3547
8697 4 2 1 1 3912 1079 2695 1040
8698 4 2 1 1 2994 3422 2484 3830
8699 4 2 1 1 376 2552 211 3558
8700 4 2 1 1 3572 2082 3428 2955
8701 4 2 1 1 2898 3314 2964 3846
8702 4 2 1 1 2087 2949 2998 3325
8703 4 2 1 1 2187 2724 2565 3129
8704 4 2 1 1 3571 3419 2525 2105
8705 4 2 1 1 2495 2657 2161 3204
8706 4 2 1 1 2229 3221 3060 3410
8707 4 2 1 1 2897 3392 2135 3640
8708 4 2 1 1 2120 2686 3738 3854
8709 4 2 1 1 921 3336 2422 3813
8710 4 2 1 1 2332 2319 3295 2822
8711 4 2 1 1 2290 3127 2686 3731
8712 4 2 1 1 1042 3718 927 3832
8713 4 2 1 1 2173 2826 2846 3403
8714 4 2 1 1 3928 129 128 1353
8715 4 2 1 1 2071 2469 2789 3373
8716 4 2 1 1 2359 2762 3346 3701
8717 4 2 1 1 1030 1005 886 2551
8718 4 2 1 1 746 745 747 2815
8719 4 2 1 1 3692 3270 406 3239
8720 4 2 1 1 2401 2229 3060 3415
8721 4 2 1 1 2188 2899 2592 3372
8722 4 2 1 1 128 769 3928 3904
8723 4 2 1 1 2181 2781 2883 3158
8724 4 2 1 1 1353 3973 1118 3097
8725 4 2 1 1 1154 3038 1153 1151
8726 4 2 1 1 2380 2710 3109 3228
8727 4 2 1 1 2585 2781 2181 3158
8728 4 2 1 1 1353 3973 3097 3928
8729 4 2 1 1 3928 2544 1353 3904
8730 4 2 1 1 2190 2710 2666 3568
8731 4 2 1 1 828 831 795 3576
8732 4 2 1 1 2492 2285 2829 3155
8733 4 2 1 1 448 3886 2510 440
8734 4 2 1 1 1500 2752 1538 3333
8735 4 2 1 1 1788 1697 3037 3711
8736 4 2 1 1 2488 2264 3582 2134
8737 4 2 1 1 2276 2588 3057 3826
8738 4 2 1 1 1410 2593 1224 3714
8739 4 2 1 1 611 465 463 2656
8740 4 2 1 1 3993 38 3 415
8741 4 2 1 1 3610 2610 3464 2394
8742 4 2 1 1 2228 2755 2801 2275
8743 4 2 1 1 3075 2715 2107 3678
8744 4 2 1 1 2453 2308 2648 3744
8745 4 2 1 1 2261 3383 2848 3499
8746 4 2 1 1 2377 2586 2654 3520
8747 4 2 1 1 3886 1326 3676 2510
8748 4 2 1 1 2127 2505 3200 3301
8749 4 2 1 1 727 739 738 2963
8750 4 2 1 1 2525 3209 3687 2466
8751 4 2 1 1 3699 3719 2464 3255
8752 4 2 1 1 2208 2891 3421 3473
8753 4 2 1 1 2142 2694 2548 3765
8754 4 2 1 1 3319 2691 3098 3257
8755 4 2 1 1 2570 2149 2855 3569
8756 4 2 1 1 2074 2933 2499 3269
8757 4 2 1 1 2948 3451 3219 2454
8758 4 2 1 1 2166 2489 2978 3374
8759 4 2 1 1 3119 3798 2601 3453
8760 4 2 1 1 1413 1103 1282 2544
8761 4 2 1 1 2293 2940 3272 2354
8762 4 2 1 1 2407 3249 2625 2090
8763 4 2 1 1 3090 3421 2891 3473
8764 4 2 1 1 2725 2976 677 3514
8765 4 2 1 1 3699 2587 2159 3078
8766 4 2 1 1 721 2642 705 3214
8767 4 2 1 1 721 3214 818 3839
8768 4 2 1 1 1722 1603 1601 3235
8769 4 2 1 1 91 90 1726 3704
8770 4 2 1 1 2547 3455 2878 2289
8771 4 2 1 1 3559 3077 3001 2301
8772 4 2 1 1 3526 576 561 2884
8773 4 2 1 1 631 2413 3039 3825
8774 4 2 1 1 2391 2504 2132 2812
8775 4 2 1 1 1753 3039 2413 3348
8776 4 2 1 1 2192 3227 2727 3619
8777 4 2 1 1 1582 1661 1662 2837
8778 4 2 1 1 2326 421 3194 3242
8779 4 2 1 1 2197 2874 2461 3199
8780 4 2 1 1 412 320 220 2599
8781 4 2 1 1 2856 2902 2618 3274
8782 4 2 1 1 3533 3744 3179 3853
8783 4 2 1 1 303 407 215 2490
8784 4 2 1 1 1264 3209 2584 3321
8785 4 2 1 1 2988 2319 3295 3055
8786 4 2 1 1 2556 3509 1686 3871
8787 4 2 1 1 2247 2857 2526 3028
8788 4 2 1 1 640 589 3160 3664
8789 4 2 1 1 3018 3224 2474 3778
8790 4 2 1 1 3001 3077 3559 779
8791 4 2 1 1 3711 1606 2313 3009
8792 4 2 1 1 3470 2163 2616 2789
8793 4 2 1 1 1790 3888 1455 1758
8794 4 2 1 1 2787 3280 2459 3644
8795 4 2 1 1 1543 2445 1545 3759
8796 4 2 1 1 2152 3537 2853 3846
8797 4 2 1 1 1609 1674 1646 2329
8798 4 2 1 1 1025 2581 1027 3141
8799 4 2 1 1 2179 2768 2830 3578
8800 4 2 1 1 3705 1735 1511 1712
8801 4 2 1 1 2491 2097 2748 3334
8802 4 2 1 1 2280 3210 2827 3624
8803 4 2 1 1 2804 3466 3629 2383
8804 4 2 1 1 2570 2855 2149 3365
8805 4 2 1 1 2427 3352 2646 3553
8806 4 2 1 1 2185 3259 2453 3594
8807 4 2 1 1 2249 2430 2908 3531
8808 4 2 1 1 2375 2749 2651 3768
8809 4 2 1 1 292 2917 379 3223
8810 4 2 1 1 570 568 569 3317
8811 4 2 1 1 2157 2437 2998 3272
8812 4 2 1 1 300 2813 2700 3506
8813 4 2 1 1 2353 3612 3369 3791
8814 4 2 1 1 2197 2712 3025 3503
8815 4 2 1 1 721 2642 3214 3839
8816 4 2 1 1 2277 2786 3036 3638
8817 4 2 1 1 2270 3048 2654 2424
8818 4 2 1 1 3955 90 607 3704
8819 4 2 1 1 2435 2168 3110 3693
8820 4 2 1 1 2144 2696 3410 3482
8821 4 2 1 1 3826 2175 3430 2588
8822 4 2 1 1 1725 2405 1589 3448
8823 4 2 1 1 3840 2638 1302 3321
8824 4 2 1 1 2264 2440 2943 3489
8825 4 2 1 1 2251 2820 2656 3842
8826 4 2 1 1 2234 2532 2859 3211
8827 4 2 1 1 361 3239 3123 3709
8828 4 2 1 1 1262 2918 1400 3563
8829 4 2 1 1 3058 2557 3540 3605
8830 4 2 1 1 1171 3433 2514 3776
8831 4 2 1 1 2242 2776 2664 2131
8832 4 2 1 1 2369 3698 2095 2751
8833 4 2 1 1 3062 3616 2597 3874
8834 4 2 1 1 2416 2191 3378 3805
8835 4 2 1 1 1104 1385 2634 3115
8836 4 2 1 1 1246 2443 1218 3264
8837 4 2 1 1 2934 3134 2410 3444
8838 4 2 1 1 2384 3078 2545 3627
8839 4 2 1 1 2545 3078 2159 3627
8840 4 2 1 1 3549 3580 2382 3771
8841 4 2 1 1 2618 3159 2302 3274
8842 4 2 1 1 1424 1281 2574 3569
8843 4 2 1 1 3711 2313 1606 2983
8844 4 2 1 1 2121 2683 2576 3624
8845 4 2 1 1 2544 1429 1282 2934
8846 4 2 1 1 2282 2866 2625 2090
8847 4 2 1 1 1486 2687 1535 3265
8848 4 2 1 1 2299 2717 2765 2948
8849 4 2 1 1 2303 2736 3344 3737
8850 4 2 1 1 2486 3528 2104 3684
8851 4 2 1 1 1537 2597 1566 1533
8852 4 2 1 1 700 850 767 2460
8853 4 2 1 1 2368 3597 2996 3602
8854 4 2 1 1 2746 2858 2093 3029
8855 4 2 1 1 1803 2659 3140 3651
8856 4 2 1 1 1184 3138 2999 3035
8857 4 2 1 1 2393 3024 2500 3820
8858 4 2 1 1 3883 3711 1697 1473
8859 4 2 1 1 1398 1261 1315 3017
8860 4 2 1 1 1005 2900 2551 3754
8861 4 2 1 1 544 636 444 2549
8862 4 2 1 1 2201 2631 2931 2962
8863 4 2 1 1 341 2449 228 3465
8864 4 2 1 1 2241 2675 2556 3509
8865 4 2 1 1 2291 2777 2593 2875
8866 4 2 1 1 2409 2148 3154 3515
8867 4 2 1 1 234 233 235 2714
8868 4 2 1 1 2709 2810 1342 3204
8869 4 2 1 1 1172 2940 3433 3776
8870 4 2 1 1 2146 2841 2605 3338
8871 4 2 1 1 2497 2930 2271 3623
8872 4 2 1 1 781 2454 805 2363
8873 4 2 1 1 2350 2869 2618 3159
8874 4 2 1 1 508 504 490 2463
8875 4 2 1 1 3907 2690 2482 1031
8876 4 2 1 1 1512 2506 1612 3543
8877 4 2 1 1 2540 3118 1723 3429
8878 4 2 1 1 2977 3545 3475 3817
8879 4 2 1 1 2259 3083 2494 3089
8880 4 2 1 1 2410 2794 2718 3788
8881 4 2 1 1 481 3298 603 3824
8882 4 2 1 1 1212 1218 1246 2443
8883 4 2 1 1 1627 1583 1566 3173
8884 4 2 1 1 1753 1754 1714 3348
8885 4 2 1 1 3404 3815 2498 3849
8886 4 2 1 1 3840 1302 2638 1451
8887 4 2 1 1 2251 2935 2656 3439
8888 4 2 1 1 2099 2501 2217 3372
8889 4 2 1 1 2485 2795 3239 3332
8890 4 2 1 1 2623 3311 2341 3684
8891 4 2 1 1 2554 3082 1239 3864
8892 4 2 1 1 549 633 550 2685
8893 4 2 1 1 2484 2713 2926 3422
8894 4 2 1 1 1702 2689 1519 3193
8895 4 2 1 1 2478 2199 2959 3555
8896 4 2 1 1 2258 3307 3389 3643
8897 4 2 1 1 998 95 96 3927
8898 4 2 1 1 3576 3768 2375 2651
8899 4 2 1 1 3037 3711 2396 3773
8900 4 2 1 1 900 2429 995 3541
8901 4 2 1 1 2401 2229 3415 3534
8902 4 2 1 1 3121 453 3461 2648
8903 4 2 1 1 3227 3331 2727 3619
8904 4 2 1 1 441 632 591 2695
8905 4 2 1 1 918 919 3431 3813
8906 4 2 1 1 1369 1244 1284 2807
8907 4 2 1 1 899 2461 3199 3541
8908 4 2 1 1 1352 1425 1279 3665
8909 4 2 1 1 504 3218 2463 508
8910 4 2 1 1 3927 998 95 1084
8911 4 2 1 1 1251 1291 1392 3425
8912 4 2 1 1 3719 3797 2310 3670
8913 4 2 1 1 3971 1089 2738 893
8914 4 2 1 1 1172 3433 1171 3776
8915 4 2 1 1 2379 3096 2447 3490
8916 4 2 1 1 2687 1535 3265 2473
8917 4 2 1 1 2602 2864 2248 2123
8918 4 2 1 1 2077 3042 2801 2310
8919 4 2 1 1 987 1091 2420 3315
8920 4 2 1 1 3873 2746 3870 2433
8921 4 2 1 1 243 253 241 3703
8922 4 2 1 1 2527 1523 1525 1524
8923 4 2 1 1 2249 2412 2908 3171
8924 4 2 1 1 2572 2788 2174 3183
8925 4 2 1 1 2864 2115 2737 2566
8926 4 2 1 1 2277 2786 3006 3641
8927 4 2 1 1 1399 1398 2605 3313
8928 4 2 1 1 252 2733 3244 3478
8929 4 2 1 1 805 3637 2454 3775
8930 4 2 1 1 2670 1257 1258 1333
8931 4 2 1 1 2668 2386 3466 3605
8932 4 2 1 1 2218 2422 3031 3706
8933 4 2 1 1 2705 2866 2184 3602
8934 4 2 1 1 2336 2812 2504 3740
8935 4 2 1 1 3572 3428 2082 2757
8936 4 2 1 1 3877 1100 2605 3501
8937 4 2 1 1 1364 1202 1175 3726
8938 4 2 1 1 487 2981 3302 479
8939 4 2 1 1 2208 2960 2702 3874
8940 4 2 1 1 2081 3224 3018 3778
8941 4 2 1 1 2284 2748 2780 3334
8942 4 2 1 1 2621 2231 3136 3670
8943 4 2 1 1 857 842 2516 752
8944 4 2 1 1 2891 3509 2241 3784
8945 4 2 1 1 2244 2548 2067 2524
8946 4 2 1 1 245 2847 371 3391
8947 4 2 1 1 645 514 646 3567
8948 4 2 1 1 529 2851 531 3166
8949 4 2 1 1 2529 2293 3650 3653
8950 4 2 1 1 989 2730 1069 3330
8951 4 2 1 1 2541 2774 2117 3638
8952 4 2 1 1 1206 1176 1207 2893
8953 4 2 1 1 1043 2730 2863 3679
8954 4 2 1 1 406 3239 405 3692
8955 4 2 1 1 2450 796 3363 3836
8956 4 2 1 1 2160 3148 2414 3755
8957 4 2 1 1 2214 3508 3070 2923
8958 4 2 1 1 1549 1551 1550 3691
8959 4 2 1 1 2720 2780 2284 3319
8960 4 2 1 1 537 3925 3305 538
8961 4 2 1 1 2168 3114 2672 3693
8962 4 2 1 1 3877 3948 584 115
8963 4 2 1 1 2161 2562 3168 3323
8964 4 2 1 1 2620 2560 2124 3004
8965 4 2 1 1 1788 3510 2522 1760
8966 4 2 1 1 379 292 291 2917
8967 4 2 1 1 821 833 3187 3250
8968 4 2 1 1 740 838 858 3344
8969 4 2 1 1 1065 3140 982 3314
8970 4 2 1 1 323 322 3153 3379
8971 4 2 1 1 1151 2652 1149 3163
8972 4 2 1 1 740 3344 3737 3745
8973 4 2 1 1 1777 3040 1683 3827
8974 4 2 1 1 429 2634 541 3115
8975 4 2 1 1 2178 2721 2666 3866
8976 4 2 1 1 3130 3361 2532 3720
8977 4 2 1 1 2288 3036 2786 3874
8978 4 2 1 1 1795 1760 1478 2522
8979 4 2 1 1 817 874 666 2562
8980 4 2 1 1 2742 2209 2955 3572
8981 4 2 1 1 2458 2355 3445 3855
8982 4 2 1 1 2491 2748 2097 3320
8983 4 2 1 1 2314 3436 3254 3508
8984 4 2 1 1 2394 3138 2563 3464
8985 4 2 1 1 2565 2724 2187 3105
8986 4 2 1 1 2496 2772 2064 3561
8987 4 2 1 1 1144 3735 2676 3779
8988 4 2 1 1 1412 3694 1278 3808
8989 4 2 1 1 3458 3335 2909 2260
8990 4 2 1 1 2510 2185 3175 3381
8991 4 2 1 1 2547 2714 3455 2289
8992 4 2 1 1 2100 3220 2500 3557
8993 4 2 1 1 3927 96 998 3459
8994 4 2 1 1 2209 3214 2595 3487
8995 4 2 1 1 1187 1376 1189 2856
8996 4 2 1 1 2413 3105 2480 3825
8997 4 2 1 1 2341 2981 2580 3822
8998 4 2 1 1 1039 2910 1061 3267
8999 4 2 1 1 1409 2880 2814 3829
9000 4 2 1 1 2890 2473 1743 3769
9001 4 2 1 1 2147 2502 2945 2286
9002 4 2 1 1 610 2656 3439 3628
9003 4 2 1 1 1340 2535 3735 3779
9004 4 2 1 1 2416 2191 3805 3082
9005 4 2 1 1 2521 2741 2150 3679
9006 4 2 1 1 3174 3032 2346 2472
9007 4 2 1 1 3899 1436 2599 1125
9008 4 2 1 1 3075 2107 2715 3402
9009 4 2 1 1 2618 2869 2216 3159
9010 4 2 1 1 2246 2780 2720 3319
9011 4 2 1 1 3927 998 2549 3459
9012 4 2 1 1 2729 3318 2861 3614
9013 4 2 1 1 1680 1781 1474 2464
9014 4 2 1 1 2200 2858 3672 3847
9015 4 2 1 1 1252 2844 1261 3313
9016 4 2 1 1 3814 512 3331 526
9017 4 2 1 1 1523 1516 1522 2891
9018 4 2 1 1 2739 3281 809 3661
9019 4 2 1 1 2071 2950 2569 3470
9020 4 2 1 1 2618 2856 2302 3788
9021 4 2 1 1 2127 2808 2497 2418
9022 4 2 1 1 2132 3090 2798 3551
9023 4 2 1 1 2487 3533 3179 3853
9024 4 2 1 1 2078 3198 2645 2767
9025 4 2 1 1 2829 2533 2701 2086
9026 4 2 1 1 3557 3786 3820 2128
9027 4 2 1 1 2744 1801 1466 3836
9028 4 2 1 1 2084 2692 2870 3283
9029 4 2 1 1 2478 2770 2199 3555
9030 4 2 1 1 2412 3095 2337 3435
9031 4 2 1 1 1376 1379 1256 2856
9032 4 2 1 1 2261 3052 2716 3499
9033 4 2 1 1 2452 3259 2777 3845
9034 4 2 1 1 2438 3437 3106 3698
9035 4 2 1 1 2242 2712 3018 3560
9036 4 2 1 1 2744 1801 3836 3290
9037 4 2 1 1 2214 3508 2871 3070
9038 4 2 1 1 2184 2705 2575 3727
9039 4 2 1 1 2340 2791 3364 3551
9040 4 2 1 1 697 702 2932 3858
9041 4 2 1 1 2271 2708 3200 3414
9042 4 2 1 1 2837 1762 1662 1582
9043 4 2 1 1 2098 3186 2458 3518
9044 4 2 1 1 998 1084 3927 2549
9045 4 2 1 1 3197 2155 2905 2742
9046 4 2 1 1 781 2773 2454 3094
9047 4 2 1 1 2772 3570 3278 2279
9048 4 2 1 1 2822 3177 2319 3295
9049 4 2 1 1 2568 3345 1549 3691
9050 4 2 1 1 2932 3162 2252 3281
9051 4 2 1 1 2699 3101 2947 3600
9052 4 2 1 1 3570 2772 2496 3561
9053 4 2 1 1 2175 3057 2557 3649
9054 4 2 1 1 320 3153 321 319
9055 4 2 1 1 2396 1633 3711 1473
9056 4 2 1 1 2249 2658 3172 3531
9057 4 2 1 1 1422 1258 1333 2670
9058 4 2 1 1 921 923 2930 3336
9059 4 2 1 1 3757 2646 2501 2070
9060 4 2 1 1 2927 3232 3308 2278
9061 4 2 1 1 1055 1027 2854 3141
9062 4 2 1 1 1147 2652 2586 3184
9063 4 2 1 1 1761 151 150 3836
9064 4 2 1 1 1147 2652 1150 2586
9065 4 2 1 1 1415 1409 1289 2814
9066 4 2 1 1 387 348 386 3324
9067 4 2 1 1 341 3182 2449 3465
9068 4 2 1 1 548 2685 549 550
9069 4 2 1 1 2778 3673 2273 3867
9070 4 2 1 1 1303 2466 1222 3818
9071 4 2 1 1 2602 2248 2864 2802
9072 4 2 1 1 184 1467 2690 1678
9073 4 2 1 1 151 1761 3363 3836
9074 4 2 1 1 2605 2841 2146 2884
9075 4 2 1 1 1372 1384 2928 3735
9076 4 2 1 1 3882 3885 160 1006
9077 4 2 1 1 1091 1033 1080 3208
9078 4 2 1 1 2130 2573 3389 3689
9079 4 2 1 1 3249 2090 2407 3781
9080 4 2 1 1 1351 2893 1220 1206
9081 4 2 1 1 2456 3456 2649 3550
9082 4 2 1 1 2328 2790 3268 2091
9083 4 2 1 1 406 347 3239 3270
9084 4 2 1 1 2108 2666 3568 3660
9085 4 2 1 1 2220 2988 2937 3347
9086 4 2 1 1 2205 2999 3303 3610
9087 4 2 1 1 2071 2789 2950 3470
9088 4 2 1 1 2280 3210 2595 3683
9089 4 2 1 1 450 565 452 2452
9090 4 2 1 1 2763 3394 2298 3819
9091 4 2 1 1 2358 3075 2715 3192
9092 4 2 1 1 2299 2818 3058 3691
9093 4 2 1 1 2199 2478 2959 3234
9094 4 2 1 1 2152 2682 3846 2853
9095 4 2 1 1 2240 2456 2846 3456
9096 4 2 1 1 3818 2525 3209 2873
9097 4 2 1 1 217 408 2545 3743
9098 4 2 1 1 527 2413 631 3825
9099 4 2 1 1 3738 3731 2686 3127
9100 4 2 1 1 2185 3292 2634 3381
9101 4 2 1 1 3957 2562 212 3688
9102 4 2 1 1 2803 2825 2447 3631
9103 4 2 1 1 2191 3093 2806 3734
9104 4 2 1 1 1013 3475 3113 3817
9105 4 2 1 1 957 1051 958 2849
9106 4 2 1 1 3987 218 2736 3344
9107 4 2 1 1 743 767 745 2815
9108 4 2 1 1 2437 2157 3146 3272
9109 4 2 1 1 1027 931 1055 2854
9110 4 2 1 1 1770 1563 1565 2678
9111 4 2 1 1 565 2452 450 3454
9112 4 2 1 1 2470 2431 3423 3860
9113 4 2 1 1 1499 2707 1713 3304
9114 4 2 1 1 2724 624 442 3488
9115 4 2 1 1 919 2863 3431 3813
9116 4 2 1 1 1754 3104 1755 3451
9117 4 2 1 1 819 3411 2432 3821
9118 4 2 1 1 2132 2812 2578 3222
9119 4 2 1 1 36 37 1780 3926
9120 4 2 1 1 2464 3114 1077 3447
9121 4 2 1 1 278 2485 282 3247
9122 4 2 1 1 3834 3587 2705 2090
9123 4 2 1 1 492 3666 2480 3825
9124 4 2 1 1 693 695 709 3162
9125 4 2 1 1 1048 2712 3503 2845
9126 4 2 1 1 1277 1412 3423 3694
9127 4 2 1 1 2455 3068 2597 3682
9128 4 2 1 1 461 610 2656 3439
9129 4 2 1 1 2186 2905 3197 3293
9130 4 2 1 1 3743 47 48 1038
9131 4 2 1 1 2081 3018 2664 3658
9132 4 2 1 1 2279 3093 2806 3373
9133 4 2 1 1 2626 3228 2380 3240
9134 4 2 1 1 2373 2252 3281 3283
9135 4 2 1 1 1262 1400 1252 3563
9136 4 2 1 1 2585 1034 2741 3238
9137 4 2 1 1 2397 3067 2820 3800
9138 4 2 1 1 2152 3846 2682 3069
9139 4 2 1 1 3542 3438 2879 2403
9140 4 2 1 1 1647 1564 3112 3193
9141 4 2 1 1 471 3822 2981 472
9142 4 2 1 1 2251 3437 3263 3439
9143 4 2 1 1 2806 3093 2191 3373
9144 4 2 1 1 434 566 585 2608
9145 4 2 1 1 2197 3199 2461 3341
9146 4 2 1 1 262 2761 310 3182
9147 4 2 1 1 902 901 903 2712
9148 4 2 1 1 2169 3471 2939 3697
9149 4 2 1 1 1245 2657 3204 3618
9150 4 2 1 1 556 558 560 3452
9151 4 2 1 1 2261 2329 3052 3499
9152 4 2 1 1 3007 2435 3457 3656
9153 4 2 1 1 1226 1273 1402 2657
9154 4 2 1 1 2380 2861 3318 3568
9155 4 2 1 1 1011 189 188 3729
9156 4 2 1 1 872 3487 3559 718
9157 4 2 1 1 820 836 847 3323
9158 4 2 1 1 1154 1354 1348 3163
9159 4 2 1 1 2449 3182 2860 3465
9160 4 2 1 1 2803 3479 2825 3631
9161 4 2 1 1 1474 1680 2464 3447
9162 4 2 1 1 2842 3127 2332 3055
9163 4 2 1 1 2948 3451 2454 2187
9164 4 2 1 1 2207 2473 2890 3769
9165 4 2 1 1 2188 2899 3119 3453
9166 4 2 1 1 790 3892 3538 654
9167 4 2 1 1 2222 3553 2969 3710
9168 4 2 1 1 1169 1170 2940 3433
9169 4 2 1 1 3115 3328 2304 3452
9170 4 2 1 1 3606 2734 3589 2085
9171 4 2 1 1 2211 3180 2854 3367
9172 4 2 1 1 2068 2504 2376 3086
9173 4 2 1 1 234 2714 235 3455
9174 4 2 1 1 2238 1154 2483 3163
9175 4 2 1 1 2281 640 3160 3664
9176 4 2 1 1 3654 3846 2682 2853
9177 4 2 1 1 2717 2480 3201 3540
9178 4 2 1 1 1390 2563 3035 3356
9179 4 2 1 1 2521 2719 2207 3238
9180 4 2 1 1 2079 2572 2905 3424
9181 4 2 1 1 503 3521 515 3517
9182 4 2 1 1 977 976 978 3114
9183 4 2 1 1 2302 3159 2807 3274
9184 4 2 1 1 2113 2547 2878 2289
9185 4 2 1 1 3654 2682 3846 3069
9186 4 2 1 1 2250 2811 2505 3609
9187 4 2 1 1 2234 2480 2886 3859
9188 4 2 1 1 915 3084 2508 3208
9189 4 2 1 1 366 420 2774 3748
9190 4 2 1 1 3592 2811 2250 3202
9191 4 2 1 1 2157 2949 2483 2998
9192 4 2 1 1 3450 3386 2170 3074
9193 4 2 1 1 332 3902 3665 3353
9194 4 2 1 1 2162 3209 2638 3321
9195 4 2 1 1 2212 2926 2579 2385
9196 4 2 1 1 3450 2170 3386 3011
9197 4 2 1 1 2440 682 683 3863
9198 4 2 1 1 1477 1759 2567 1787
9199 4 2 1 1 2200 3427 3118 3756
9200 4 2 1 1 1634 2690 3027 2482
9201 4 2 1 1 2102 2784 3489 3804
9202 4 2 1 1 1340 3735 1160 3779
9203 4 2 1 1 3335 2247 2862 2526
9204 4 2 1 1 927 3718 3180 3832
9205 4 2 1 1 3926 3983 213 2700
9206 4 2 1 1 2126 2831 3647 2199
9207 4 2 1 1 3163 1366 1348 3409
9208 4 2 1 1 2126 2654 3377 3681
9209 4 2 1 1 1707 1583 1709 2455
9210 4 2 1 1 2516 842 749 752
9211 4 2 1 1 2138 3319 2748 3351
9212 4 2 1 1 2314 3254 2871 3508
9213 4 2 1 1 701 846 857 2973
9214 4 2 1 1 1058 1026 1024 2796
9215 4 2 1 1 2206 2539 2805 3217
9216 4 2 1 1 2442 2321 2877 3112
9217 4 2 1 1 2185 3381 3712 3175
9218 4 2 1 1 2145 2832 3067 3383
9219 4 2 1 1 2215 3058 2668 3322
9220 4 2 1 1 1344 2495 1116 3512
9221 4 2 1 1 1091 3208 2420 3315
9222 4 2 1 1 821 3250 3187 3839
9223 4 2 1 1 2348 3350 3538 2636
9224 4 2 1 1 2109 2959 2408 3413
9225 4 2 1 1 407 281 3247 3491
9226 4 2 1 1 569 573 2903 3567
9227 4 2 1 1 3189 3335 2471 3635
9228 4 2 1 1 2862 3635 3581 2247
9229 4 2 1 1 1569 2540 1723 3429
9230 4 2 1 1 2075 2526 2857 3028
9231 4 2 1 1 1771 3956 3709 2743
9232 4 2 1 1 1133 2868 3303 3633
9233 4 2 1 1 1074 3271 2640 3475
9234 4 2 1 1 2068 2472 2975 3174
9235 4 2 1 1 37 1780 3926 1759
9236 4 2 1 1 928 942 1007 2497
9237 4 2 1 1 1480 2475 3128 3305
9238 4 2 1 1 2223 3215 2676 3779
9239 4 2 1 1 2489 2867 2219 2388
9240 4 2 1 1 2257 2867 2489 2388
9241 4 2 1 1 1249 1248 1210 2570
9242 4 2 1 1 1304 3958 1403 1432
9243 4 2 1 1 2533 3143 3120 2701
9244 4 2 1 1 2167 2694 2803 3370
9245 4 2 1 1 2318 3073 2506 3441
9246 4 2 1 1 444 2549 3893 3662
9247 4 2 1 1 2332 3066 2831 3647
9248 4 2 1 1 1113 2726 1330 3079
9249 4 2 1 1 1272 1237 2529 3653
9250 4 2 1 1 2158 2895 2809 3518
9251 4 2 1 1 2066 2780 3119 2367
9252 4 2 1 1 1617 2682 3069 3100
9253 4 2 1 1 1608 3282 1647 3641
9254 4 2 1 1 2580 3298 2888 3241
9255 4 2 1 1 2094 2412 3435 3807
9256 4 2 1 1 1584 1727 1721 2913
9257 4 2 1 1 2581 2854 1027 3141
9258 4 2 1 1 2152 2673 3069 3100
9259 4 2 1 1 2144 3410 2807 3482
9260 4 2 1 1 1067 3962 993 1090
9261 4 2 1 1 2072 2539 2805 3382
9262 4 2 1 1 2922 3700 2674 3811
9263 4 2 1 1 1687 2675 3509 3732
9264 4 2 1 1 2749 3020 2212 2385
9265 4 2 1 1 2218 3031 3554 3706
9266 4 2 1 1 206 3344 17 3996
9267 4 2 1 1 1473 1697 1782 3711
9268 4 2 1 1 567 85 2766 3124
9269 4 2 1 1 3227 3331 526 3814
9270 4 2 1 1 3926 3983 36 213
9271 4 2 1 1 2486 2727 2192 3814
9272 4 2 1 1 3935 1748 1684 1461
9273 4 2 1 1 2067 2447 2825 3490
9274 4 2 1 1 2489 2303 3374 3573
9275 4 2 1 1 1148 1255 1215 2887
9276 4 2 1 1 2464 2168 3010 3719
9277 4 2 1 1 895 960 2599 3440
9278 4 2 1 1 1172 2940 3776 1182
9279 4 2 1 1 2240 3456 3265 3485
9280 4 2 1 1 2484 3716 2994 3830
9281 4 2 1 1 754 846 756 2993
9282 4 2 1 1 2340 2506 3427 3756
9283 4 2 1 1 3121 3461 453 454
9284 4 2 1 1 2087 2831 2842 3297
9285 4 2 1 1 2132 2578 2798 3801
9286 4 2 1 1 687 2419 3165 3702
9287 4 2 1 1 2150 2863 3326 3696
9288 4 2 1 1 781 837 2773 3094
9289 4 2 1 1 206 3344 368 17
9290 4 2 1 1 2873 1437 3209 3818
9291 4 2 1 1 2151 2973 3135 3489
9292 4 2 1 1 1172 2940 1182 1170
9293 4 2 1 1 2585 2781 2271 3080
9294 4 2 1 1 508 2463 490 3753
9295 4 2 1 1 2121 2827 2576 3559
9296 4 2 1 1 2176 2920 2850 3170
9297 4 2 1 1 3168 3323 2562 3591
9298 4 2 1 1 3690 2713 2679 2298
9299 4 2 1 1 1172 2940 1170 3433
9300 4 2 1 1 2345 3101 2699 3600
9301 4 2 1 1 2253 2683 3130 3513
9302 4 2 1 1 2743 3247 2219 3491
9303 4 2 1 1 3545 2977 3477 3693
9304 4 2 1 1 883 3970 2607 3729
9305 4 2 1 1 2330 2115 2723 3726
9306 4 2 1 1 2134 2402 3020 3206
9307 4 2 1 1 2181 537 3305 3218
9308 4 2 1 1 3926 1651 1780 1469
9309 4 2 1 1 2785 3528 2486 3684
9310 4 2 1 1 2360 3067 2832 2342
9311 4 2 1 1 2831 3647 3066 3750
9312 4 2 1 1 2213 3606 3589 3011
9313 4 2 1 1 3508 3417 2214 2583
9314 4 2 1 1 1518 3282 1702 1660
9315 4 2 1 1 2155 2932 2417 3149
9316 4 2 1 1 2569 2753 2167 3837
9317 4 2 1 1 2398 2208 2455 2597
9318 4 2 1 1 2760 3379 2273 3673
9319 4 2 1 1 2309 3013 2478 3736
9320 4 2 1 1 1128 3331 2536 3619
9321 4 2 1 1 1509 1512 1720 3441
9322 4 2 1 1 2122 2142 2406 2821
9323 4 2 1 1 1058 927 3180 3832
9324 4 2 1 1 1061 1039 881 2910
9325 4 2 1 1 1005 2551 1030 3754
9326 4 2 1 1 619 71 3977 3495
9327 4 2 1 1 2151 2966 2958 3838
9328 4 2 1 1 742 2680 740 3745
9329 4 2 1 1 721 705 818 3214
9330 4 2 1 1 777 3077 2724 3488
9331 4 2 1 1 3326 3431 2863 3813
9332 4 2 1 1 2440 3489 2784 3804
9333 4 2 1 1 1744 2766 1749 3124
9334 4 2 1 1 620 2467 3980 3467
9335 4 2 1 1 2362 2788 2661 3366
9336 4 2 1 1 2555 3457 3545 2236
9337 4 2 1 1 2602 2206 2864 3355
9338 4 2 1 1 2474 3018 2596 3025
9339 4 2 1 1 2240 3265 2687 3485
9340 4 2 1 1 2543 2204 2979 3193
9341 4 2 1 1 2735 3366 725 3399
9342 4 2 1 1 1611 1654 3288 3626
9343 4 2 1 1 2707 2779 2327 3672
9344 4 2 1 1 2980 3262 2373 3661
9345 4 2 1 1 769 2544 755 3415
9346 4 2 1 1 471 2580 469 3695
9347 4 2 1 1 567 2766 568 3124
9348 4 2 1 1 725 3366 714 3399
9349 4 2 1 1 1390 2563 3356 1163
9350 4 2 1 1 1370 1155 3038 3584
9351 4 2 1 1 2792 2892 2322 3564
9352 4 2 1 1 2445 2215 2915 3345
9353 4 2 1 1 2873 3209 1437 2638
9354 4 2 1 1 3220 3786 2320 2074
9355 4 2 1 1 1384 1387 1265 2928
9356 4 2 1 1 3498 2536 2203 2816
9357 4 2 1 1 1466 1801 1761 3836
9358 4 2 1 1 3848 3480 2780 2246
9359 4 2 1 1 1054 958 879 3160
9360 4 2 1 1 3606 2734 2085 2782
9361 4 2 1 1 2196 2431 2125 3267
9362 4 2 1 1 2275 2881 3042 2077
9363 4 2 1 1 2556 3092 2387 3871
9364 4 2 1 1 1270 2443 1246 3088
9365 4 2 1 1 906 2528 3046 3359
9366 4 2 1 1 2620 3003 2178 3156
9367 4 2 1 1 2617 3800 3470 3837
9368 4 2 1 1 2330 3442 2723 2115
9369 4 2 1 1 556 3115 541 3452
9370 4 2 1 1 734 3001 2576 3559
9371 4 2 1 1 1416 3423 2470 3694
9372 4 2 1 1 2431 2470 3423 3694
9373 4 2 1 1 43 42 1082 3460
9374 4 2 1 1 2418 3016 2317 3498
9375 4 2 1 1 2203 3016 2418 3498
9376 4 2 1 1 2264 3135 2973 3489
9377 4 2 1 1 2094 3176 2412 3807
9378 4 2 1 1 3729 189 188 1786
9379 4 2 1 1 419 3108 301 297
9380 4 2 1 1 3264 3341 3224 2197
9381 4 2 1 1 2259 2804 2494 3252
9382 4 2 1 1 265 289 371 2847
9383 4 2 1 1 913 911 912 2704
9384 4 2 1 1 1285 2546 3646 1102
9385 4 2 1 1 2578 2722 2408 3375
9386 4 2 1 1 1729 2939 2540 3851
9387 4 2 1 1 2659 977 3114 3447
9388 4 2 1 1 2097 2748 3334 3351
9389 4 2 1 1 3719 3797 3670 3010
9390 4 2 1 1 477 3122 2360 3385
9391 4 2 1 1 1121 3939 1341 125
9392 4 2 1 1 797 665 806 2655
9393 4 2 1 1 3833 2381 3766 2542
9394 4 2 1 1 1666 3219 1663 3775
9395 4 2 1 1 2196 2431 3267 2910
9396 4 2 1 1 1601 2848 2352 3499
9397 4 2 1 1 2121 2647 3513 3624
9398 4 2 1 1 3319 3098 2691 2138
9399 4 2 1 1 2698 3056 2900 3091
9400 4 2 1 1 245 3003 244 3794
9401 4 2 1 1 2165 2856 2794 2974
9402 4 2 1 1 3154 3135 2409 3708
9403 4 2 1 1 732 2362 822 728
9404 4 2 1 1 2205 2610 2701 3464
9405 4 2 1 1 2069 2665 2479 3870
9406 4 2 1 1 2747 3256 1735 3705
9407 4 2 1 1 3899 897 3440 3945
9408 4 2 1 1 2258 3167 2547 3307
9409 4 2 1 1 1799 1769 1470 3510
9410 4 2 1 1 1163 3137 2563 3785
9411 4 2 1 1 1729 1723 1569 2540
9412 4 2 1 1 2248 2998 2737 2115
9413 4 2 1 1 3192 3000 3760 2211
9414 4 2 1 1 801 3276 2783 3783
9415 4 2 1 1 1723 2540 1729 3543
9416 4 2 1 1 2845 3025 2712 3503
9417 4 2 1 1 2421 3277 849 3688
9418 4 2 1 1 700 3230 2460 3289
9419 4 2 1 1 364 388 236 2970
9420 4 2 1 1 2093 2858 3471 3672
9421 4 2 1 1 2635 2406 3370 2821
9422 4 2 1 1 2186 2609 2968 3312
9423 4 2 1 1 2803 3479 3631 3790
9424 4 2 1 1 1713 1677 1723 3429
9425 4 2 1 1 1052 1056 3180 3367
9426 4 2 1 1 2218 3091 3031 3336
9427 4 2 1 1 2294 2815 2421 3277
9428 4 2 1 1 2153 2499 3269 3547
9429 4 2 1 1 2402 3206 2502 3449
9430 4 2 1 1 215 3960 3510 3898
9431 4 2 1 1 3266 607 2681 522
9432 4 2 1 1 2532 3211 2234 3361
9433 4 2 1 1 2271 2741 2585 3816
9434 4 2 1 1 3174 2320 2122 2142
9435 4 2 1 1 572 570 2903 3317
9436 4 2 1 1 2293 2940 2670 3653
9437 4 2 1 1 2870 3159 2350 3742
9438 4 2 1 1 2642 716 721 705
9439 4 2 1 1 2479 3021 2740 3435
9440 4 2 1 1 494 479 493 2785
9441 4 2 1 1 2454 3129 2187 3451
9442 4 2 1 1 922 3031 929 3336
9443 4 2 1 1 2991 3405 2351 3578
9444 4 2 1 1 2494 2843 2147 3252
9445 4 2 1 1 2780 3480 3848 2378
9446 4 2 1 1 2113 3307 2573 3856
9447 4 2 1 1 1799 1623 3009 3585
9448 4 2 1 1 2302 2856 2618 3274
9449 4 2 1 1 1786 3729 189 1644
9450 4 2 1 1 2401 3060 2229 3221
9451 4 2 1 1 3729 3970 188 883
9452 4 2 1 1 2379 2447 3246 3490
9453 4 2 1 1 2420 3315 2667 3537
9454 4 2 1 1 2802 2248 2115 3726
9455 4 2 1 1 2382 3116 3346 3580
9456 4 2 1 1 2774 2879 2399 3703
9457 4 2 1 1 2360 2927 2832 3567
9458 4 2 1 1 2126 2586 3750 2652
9459 4 2 1 1 3330 988 990 989
9460 4 2 1 1 1734 2929 1689 3394
9461 4 2 1 1 3196 3400 2448 3866
9462 4 2 1 1 2196 2431 2910 3808
9463 4 2 1 1 1303 2466 3818 3275
9464 4 2 1 1 852 76 75 3828
9465 4 2 1 1 2481 3145 2178 3400
9466 4 2 1 1 3734 2279 3570 2671
9467 4 2 1 1 2900 3056 2418 3091
9468 4 2 1 1 1789 3069 2673 3100
9469 4 2 1 1 855 2735 2851 3652
9470 4 2 1 1 564 486 3130 3461
9471 4 2 1 1 2069 2665 3117 2479
9472 4 2 1 1 2226 3280 2509 3644
9473 4 2 1 1 2169 3697 2939 3725
9474 4 2 1 1 1516 1521 1522 2891
9475 4 2 1 1 2226 2914 2571 3546
9476 4 2 1 1 2489 2867 2257 3527
9477 4 2 1 1 2531 2167 2753 3837
9478 4 2 1 1 2219 2867 2489 3491
9479 4 2 1 1 3330 1087 3484 2482
9480 4 2 1 1 1521 3062 1533 3299
9481 4 2 1 1 3470 2163 2789 2950
9482 4 2 1 1 2519 2099 2335 3207
9483 4 2 1 1 2146 2372 3526 2841
9484 4 2 1 1 2119 2951 2543 3690
9485 4 2 1 1 2644 3329 2393 3581
9486 4 2 1 1 2414 2996 2241 3801
9487 4 2 1 1 2973 857 3230 3838
9488 4 2 1 1 3746 3318 2143 2481
9489 4 2 1 1 2274 2580 2888 3241
9490 4 2 1 1 3924 2434 396 3460
9491 4 2 1 1 2444 3244 2275 3253
9492 4 2 1 1 2994 3544 3515 2409
9493 4 2 1 1 3972 75 442 3828
9494 4 2 1 1 837 724 815 3187
9495 4 2 1 1 2487 3133 2163 3179
9496 4 2 1 1 1302 2638 1437 3209
9497 4 2 1 1 2124 2427 3280 3401
9498 4 2 1 1 3942 122 8 636
9499 4 2 1 1 707 690 688 3188
9500 4 2 1 1 2075 2526 2909 3548
9501 4 2 1 1 1674 1673 1510 2885
9502 4 2 1 1 2625 2866 2407 2090
9503 4 2 1 1 3118 3427 2506 3756
9504 4 2 1 1 138 139 1406 2711
9505 4 2 1 1 2886 3211 2390 3408
9506 4 2 1 1 2428 2202 2990 3059
9507 4 2 1 1 2360 3122 477 3628
9508 4 2 1 1 2488 3582 2264 2943
9509 4 2 1 1 2280 2827 3210 3683
9510 4 2 1 1 838 740 742 2680
9511 4 2 1 1 2336 2504 2812 3375
9512 4 2 1 1 2331 2885 2649 3485
9513 4 2 1 1 2133 2971 2591 3492
9514 4 2 1 1 978 2672 2977 3817
9515 4 2 1 1 2442 2877 2321 3332
9516 4 2 1 1 2644 3581 2393 3635
9517 4 2 1 1 1794 1756 1475 2565
9518 4 2 1 1 1750 1746 2608 3826
9519 4 2 1 1 2152 3069 2673 3846
9520 4 2 1 1 2132 2675 3090 3551
9521 4 2 1 1 1636 1799 1623 3009
9522 4 2 1 1 3196 3400 3866 2178
9523 4 2 1 1 3141 3525 1017 3795
9524 4 2 1 1 1130 1128 3030 3619
9525 4 2 1 1 2122 2496 2896 3393
9526 4 2 1 1 1010 3503 3420 3772
9527 4 2 1 1 2402 2385 2749 3306
9528 4 2 1 1 3545 3477 2977 2236
9529 4 2 1 1 754 857 846 2993
9530 4 2 1 1 2956 1779 1649 1651
9531 4 2 1 1 1239 1238 2554 3864
9532 4 2 1 1 139 1406 2711 1441
9533 4 2 1 1 2096 2877 2442 3332
9534 4 2 1 1 764 2980 765 3262
9535 4 2 1 1 2077 2561 2817 3457
9536 4 2 1 1 468 466 2888 3051
9537 4 2 1 1 1210 3261 2570 3796
9538 4 2 1 1 2095 3322 2557 3649
9539 4 2 1 1 2126 3647 2831 3750
9540 4 2 1 1 3141 3565 2162 3795
9541 4 2 1 1 2129 2473 3087 2857
9542 4 2 1 1 2843 3561 2404 3802
9543 4 2 1 1 2264 2440 2973 3702
9544 4 2 1 1 3439 3437 2820 2251
9545 4 2 1 1 1004 941 940 3787
9546 4 2 1 1 376 319 322 3153
9547 4 2 1 1 2206 2928 2584 3217
9548 4 2 1 1 2168 2881 2587 3477
9549 4 2 1 1 2557 3540 2234 3859
9550 4 2 1 1 3197 2155 2742 3149
9551 4 2 1 1 3439 2820 3437 2438
9552 4 2 1 1 2284 2409 3154 3515
9553 4 2 1 1 2827 718 733 3559
9554 4 2 1 1 2264 2973 2440 3489
9555 4 2 1 1 3067 3383 2342 2397
9556 4 2 1 1 2180 2505 3200 3414
9557 4 2 1 1 2958 3135 2401 3221
9558 4 2 1 1 471 2840 2580 3695
9559 4 2 1 1 1774 1626 1641 2924
9560 4 2 1 1 2507 2361 2917 3789
9561 4 2 1 1 2730 2863 2233 3431
9562 4 2 1 1 2369 3698 2751 2716
9563 4 2 1 1 2711 3947 138 787
9564 4 2 1 1 1272 2529 1237 3496
9565 4 2 1 1 1191 1200 1405 3251
9566 4 2 1 1 2728 3513 2647 3624
9567 4 2 1 1 930 937 926 2930
9568 4 2 1 1 1492 2972 1490 3329
9569 4 2 1 1 2308 3533 2648 3744
9570 4 2 1 1 2070 2666 3757 3866
9571 4 2 1 1 3899 897 3945 158
9572 4 2 1 1 2648 3533 2451 3744
9573 4 2 1 1 1343 3204 3512 2709
9574 4 2 1 1 719 713 2661 3596
9575 4 2 1 1 2607 2207 2890 3769
9576 4 2 1 1 973 2977 1066 976
9577 4 2 1 1 70 868 71 3495
9578 4 2 1 1 902 995 900 2429
9579 4 2 1 1 1592 2588 3430 3625
9580 4 2 1 1 1329 1332 1330 2726
9581 4 2 1 1 2071 2426 3392 3522
9582 4 2 1 1 1723 3118 2540 3543
9583 4 2 1 1 2303 3344 2680 3745
9584 4 2 1 1 3525 3795 3772 1017
9585 4 2 1 1 2603 3217 2224 3355
9586 4 2 1 1 1245 3204 1411 3618
9587 4 2 1 1 704 3214 3487 3858
9588 4 2 1 1 2809 2895 2355 3518
9589 4 2 1 1 2707 2779 2200 2504
9590 4 2 1 1 1728 1686 3509 3871
9591 4 2 1 1 2408 2336 2089 3375
9592 4 2 1 1 71 868 829 3495
9593 4 2 1 1 1236 3102 2802 3598
9594 4 2 1 1 1687 1728 1686 3509
9595 4 2 1 1 1687 1506 1715 3509
9596 4 2 1 1 2368 3131 2515 2160
9597 4 2 1 1 1270 1280 1420 3088
9598 4 2 1 1 1415 1228 2814 3724
9599 4 2 1 1 452 2452 565 3461
9600 4 2 1 1 604 3266 2475 3753
9601 4 2 1 1 2657 3008 1245 3774
9602 4 2 1 1 512 3889 2727 3331
9603 4 2 1 1 19 20 851 3862
9604 4 2 1 1 2842 2290 3260 3297
9605 4 2 1 1 2471 3494 3258 3668
9606 4 2 1 1 1368 1148 1147 2586
9607 4 2 1 1 2894 3522 2071 3392
9608 4 2 1 1 2788 2905 2155 3677
9609 4 2 1 1 2327 2707 3333 3620
9610 4 2 1 1 2718 3154 2284 3708
9611 4 2 1 1 2088 3154 2718 3708
9612 4 2 1 1 2585 2181 2781 3792
9613 4 2 1 1 2097 3731 3297 2834
9614 4 2 1 1 407 2490 303 3491
9615 4 2 1 1 2259 2494 3763 3252
9616 4 2 1 1 2151 2958 3135 3838
9617 4 2 1 1 2110 3346 3116 3580
9618 4 2 1 1 2543 2800 2119 3690
9619 4 2 1 1 2947 3101 2462 3382
9620 4 2 1 1 919 933 2863 1036
9621 4 2 1 1 1352 2574 1099 3665
9622 4 2 1 1 2136 2835 3290 3766
9623 4 2 1 1 2528 3046 2242 3426
9624 4 2 1 1 2202 2529 2428 3496
9625 4 2 1 1 2622 3293 2221 3424
9626 4 2 1 1 1687 2675 3732 1503
9627 4 2 1 1 2448 2969 3553 3710
9628 4 2 1 1 332 3902 3353 331
9629 4 2 1 1 2305 2925 2985 3359
9630 4 2 1 1 553 3935 552 434
9631 4 2 1 1 2075 3472 2667 2882
9632 4 2 1 1 3134 3221 2958 3534
9633 4 2 1 1 2523 3367 2508 3431
9634 4 2 1 1 2071 2950 2469 3601
9635 4 2 1 1 2580 3298 3241 2341
9636 4 2 1 1 1031 2690 184 3907
9637 4 2 1 1 2145 2716 2751 3698
9638 4 2 1 1 2126 2822 2637 3681
9639 4 2 1 1 1665 3451 1756 3637
9640 4 2 1 1 2284 3154 2409 3708
9641 4 2 1 1 3154 3135 3708 2088
9642 4 2 1 1 2422 2218 3031 3336
9643 4 2 1 1 2508 2211 2523 3402
9644 4 2 1 1 736 2522 737 671
9645 4 2 1 1 2070 3146 2666 3710
9646 4 2 1 1 2172 3027 2690 2482
9647 4 2 1 1 921 919 2863 1036
9648 4 2 1 1 2442 3006 2321 3112
9649 4 2 1 1 3804 2213 2440 2582
9650 4 2 1 1 3045 3050 2631 3566
9651 4 2 1 1 522 523 497 3266
9652 4 2 1 1 286 3108 2489 3491
9653 4 2 1 1 1062 2434 966 1097
9654 4 2 1 1 2085 3011 3589 3606
9655 4 2 1 1 2165 2856 2618 3788
9656 4 2 1 1 2264 3165 2419 3702
9657 4 2 1 1 3470 2163 2950 2116
9658 4 2 1 1 3275 3571 2600 3812
9659 4 2 1 1 2396 1633 1473 3634
9660 4 2 1 1 1296 1294 3292 3381
9661 4 2 1 1 2548 3170 3076 3458
9662 4 2 1 1 3772 3571 3503 2323
9663 4 2 1 1 2283 2855 2670 3150
9664 4 2 1 1 3621 2127 2505 3200
9665 4 2 1 1 1692 2756 1540 2329
9666 4 2 1 1 902 995 2429 3560
9667 4 2 1 1 1458 3043 2773 3363
9668 4 2 1 1 2475 3266 604 3704
9669 4 2 1 1 2347 2890 2613 3265
9670 4 2 1 1 2068 2504 3151 3579
9671 4 2 1 1 3054 3252 2665 2147
9672 4 2 1 1 2287 3338 2918 3717
9673 4 2 1 1 2382 2455 3116 3549
9674 4 2 1 1 2073 2799 3054 3177
9675 4 2 1 1 2627 2992 2310 3797
9676 4 2 1 1 2715 3192 3075 3402
9677 4 2 1 1 773 2565 669 774
9678 4 2 1 1 1248 1352 1219 3796
9679 4 2 1 1 2577 2959 2797 3076
9680 4 2 1 1 2667 2882 2420 3537
9681 4 2 1 1 2234 2886 2480 3666
9682 4 2 1 1 2630 3027 2473 2857
9683 4 2 1 1 160 159 1122 3882
9684 4 2 1 1 2420 3208 2667 3315
9685 4 2 1 1 1768 3892 2744 1466
9686 4 2 1 1 2737 3376 3770 2309
9687 4 2 1 1 1755 3895 1701 1475
9688 4 2 1 1 3266 607 522 523
9689 4 2 1 1 2614 2460 3511 3844
9690 4 2 1 1 1583 3173 1627 3682
9691 4 2 1 1 2084 3169 2833 3283
9692 4 2 1 1 2207 2607 3238 3810
9693 4 2 1 1 2329 2933 3620 3786
9694 4 2 1 1 19 3987 218 3862
9695 4 2 1 1 2180 2829 2492 2997
9696 4 2 1 1 1476 94 93 3925
9697 4 2 1 1 3457 3545 2236 3477
9698 4 2 1 1 2219 2978 2489 2388
9699 4 2 1 1 3621 2505 2127 2811
9700 4 2 1 1 2999 3464 3610 2205
9701 4 2 1 1 3518 3516 2355 2809
9702 4 2 1 1 610 3439 572 3628
9703 4 2 1 1 2161 2793 3047 3502
9704 4 2 1 1 2831 2842 2332 2199
9705 4 2 1 1 3108 426 297 419
9706 4 2 1 1 2103 2451 3744 2185
9707 4 2 1 1 622 2565 525 3828
9708 4 2 1 1 1321 3950 1356 1109
9709 4 2 1 1 1504 1507 3327 3756
9710 4 2 1 1 472 470 471 3822
9711 4 2 1 1 1025 1026 1027 2581
9712 4 2 1 1 1297 3049 1234 3864
9713 4 2 1 1 2738 1476 94 1793
9714 4 2 1 1 2114 3249 3504 3831
9715 4 2 1 1 3777 2411 2667 3600
9716 4 2 1 1 2392 2231 2621 3654
9717 4 2 1 1 3661 809 856 3281
9718 4 2 1 1 3098 3257 2371 3319
9719 4 2 1 1 2332 3647 2831 2199
9720 4 2 1 1 1383 2809 3655 1322
9721 4 2 1 1 2216 2493 3026 3236
9722 4 2 1 1 2642 2757 2209 3012
9723 4 2 1 1 2091 2583 3417 3508
9724 4 2 1 1 1274 1436 1280 3088
9725 4 2 1 1 3925 1479 93 1476
9726 4 2 1 1 1492 1517 1490 2972
9727 4 2 1 1 2147 2494 3252 3763
9728 4 2 1 1 1663 2765 1578 1664
9729 4 2 1 1 3125 3019 3497 3593
9730 4 2 1 1 2725 3178 2976 3514
9731 4 2 1 1 2554 3017 2304 3529
9732 4 2 1 1 3530 3731 2367 3848
9733 4 2 1 1 1713 1499 1500 2707
9734 4 2 1 1 711 3276 801 3783
9735 4 2 1 1 1003 1001 1002 3398
9736 4 2 1 1 2378 3372 3480 3848
9737 4 2 1 1 2218 2418 3056 3091
9738 4 2 1 1 3925 3915 538 93
9739 4 2 1 1 2798 3551 3090 3630
9740 4 2 1 1 2122 3081 2320 2346
9741 4 2 1 1 2497 2808 2218 2418
9742 4 2 1 1 2233 2508 3208 3431
9743 4 2 1 1 2114 2925 3504 3675
9744 4 2 1 1 3374 2736 3737 2963
9745 4 2 1 1 2152 3069 2682 3100
9746 4 2 1 1 1521 2891 1516 3843
9747 4 2 1 1 2492 3075 3593 3678
9748 4 2 1 1 2699 2075 2909 3548
9749 4 2 1 1 3143 3811 2922 2086
9750 4 2 1 1 2508 2211 3402 3760
9751 4 2 1 1 3699 3719 3255 2159
9752 4 2 1 1 2497 2418 3091 3787
9753 4 2 1 1 685 686 3702 3872
9754 4 2 1 1 2337 2937 2740 3095
9755 4 2 1 1 3004 238 237 239
9756 4 2 1 1 2801 3042 2254 2310
9757 4 2 1 1 3661 856 809 867
9758 4 2 1 1 846 701 840 2973
9759 4 2 1 1 319 2599 3153 3558
9760 4 2 1 1 954 944 955 3238
9761 4 2 1 1 2234 3540 2480 3859
9762 4 2 1 1 2724 3077 2301 3488
9763 4 2 1 1 585 2608 566 3124
9764 4 2 1 1 984 3216 985 2365
9765 4 2 1 1 2163 3099 2487 3310
9766 4 2 1 1 2167 3370 2803 2569
9767 4 2 1 1 3671 3015 2579 3354
9768 4 2 1 1 984 985 3216 994
9769 4 2 1 1 3002 3207 2570 3261
9770 4 2 1 1 3273 3765 3607 2425
9771 4 2 1 1 605 480 557 3533
9772 4 2 1 1 2645 2769 2223 3198
9773 4 2 1 1 510 598 492 3825
9774 4 2 1 1 2428 3286 2202 3059
9775 4 2 1 1 3315 985 3216 2365
9776 4 2 1 1 2860 3465 3643 2449
9777 4 2 1 1 2166 2736 2522 3108
9778 4 2 1 1 1301 3328 1396 3529
9779 4 2 1 1 2136 2579 3671 3766
9780 4 2 1 1 256 381 333 3815
9781 4 2 1 1 2287 3313 2918 3338
9782 4 2 1 1 1486 1488 1535 2687
9783 4 2 1 1 2099 3132 2501 3207
9784 4 2 1 1 1164 1165 1169 2759
9785 4 2 1 1 2286 2572 2905 2833
9786 4 2 1 1 2218 3554 2997 3706
9787 4 2 1 1 2733 2847 2228 3478
9788 4 2 1 1 2408 2089 2758 2160
9789 4 2 1 1 3611 3191 2911 2255
9790 4 2 1 1 855 2735 3652 729
9791 4 2 1 1 2968 3089 2386 3466
9792 4 2 1 1 2508 2211 3760 3367
9793 4 2 1 1 2229 2696 3097 3482
9794 4 2 1 1 1281 1258 1445 3164
9795 4 2 1 1 921 922 3336 3813
9796 4 2 1 1 2114 3007 2625 3249
9797 4 2 1 1 2689 2154 3282 3749
9798 4 2 1 1 2088 2958 3135 3708
9799 4 2 1 1 3374 3737 2736 2303
9800 4 2 1 1 2963 3514 2364 3773
9801 4 2 1 1 1643 3925 3305 2738
9802 4 2 1 1 2149 2501 3132 3365
9803 4 2 1 1 1043 933 1036 2863
9804 4 2 1 1 2091 2969 2583 3508
9805 4 2 1 1 1062 44 43 3924
9806 4 2 1 1 2479 2169 2858 2679
9807 4 2 1 1 2284 3319 2718 3708
9808 4 2 1 1 723 721 724 3187
9809 4 2 1 1 2077 3457 2987 3656
9810 4 2 1 1 510 3105 527 3825
9811 4 2 1 1 43 1062 3924 3460
9812 4 2 1 1 2432 3157 2661 3821
9813 4 2 1 1 2229 2401 3221 3534
9814 4 2 1 1 1439 1126 1343 2709
9815 4 2 1 1 3924 1062 44 880
9816 4 2 1 1 2592 2899 2307 2217
9817 4 2 1 1 3877 1350 1100 3501
9818 4 2 1 1 2701 2829 2285 3155
9819 4 2 1 1 3315 3216 985 994
9820 4 2 1 1 1487 2649 3485 3456
9821 4 2 1 1 1448 1408 1224 2593
9822 4 2 1 1 2486 2192 2785 3814
9823 4 2 1 1 2256 2513 2908 3095
9824 4 2 1 1 2259 3763 2494 3083
9825 4 2 1 1 3214 3233 704 3487
9826 4 2 1 1 1696 2743 1771 3585
9827 4 2 1 1 2504 2812 2391 3740
9828 4 2 1 1 2177 3166 2452 3845
9829 4 2 1 1 583 584 3877 3501
9830 4 2 1 1 3780 3779 2535 2223
9831 4 2 1 1 2929 3073 2298 3819
9832 4 2 1 1 1062 2434 1097 3924
9833 4 2 1 1 3471 3672 2858 3847
9834 4 2 1 1 2069 3015 2579 3306
9835 4 2 1 1 1249 1248 2570 3569
9836 4 2 1 1 2644 2247 3329 3581
9837 4 2 1 1 2548 3019 2176 3497
9838 4 2 1 1 405 361 282 3239
9839 4 2 1 1 1072 2673 3484 3245
9840 4 2 1 1 2108 3109 2710 3650
9841 4 2 1 1 2814 2311 2880 3169
9842 4 2 1 1 1492 2972 3329 3705
9843 4 2 1 1 1367 1354 1149 3163
9844 4 2 1 1 3924 1097 1062 880
9845 4 2 1 1 658 3918 3203 3965
9846 4 2 1 1 2291 2875 2593 3714
9847 4 2 1 1 564 486 563 3130
9848 4 2 1 1 2763 3354 2298 3394
9849 4 2 1 1 2576 2827 2121 3624
9850 4 2 1 1 2644 2247 3581 3635
9851 4 2 1 1 2668 3322 3058 3605
9852 4 2 1 1 2143 3318 3746 2836
9853 4 2 1 1 2657 2965 2300 3774
9854 4 2 1 1 366 422 420 3748
9855 4 2 1 1 470 2580 471 3822
9856 4 2 1 1 2152 2420 2882 3537
9857 4 2 1 1 3529 3864 1238 1234
9858 4 2 1 1 2374 2985 2925 3359
9859 4 2 1 1 2477 2192 2785 3700
9860 4 2 1 1 2121 3513 2683 3624
9861 4 2 1 1 2849 3080 950 3623
9862 4 2 1 1 803 3188 707 832
9863 4 2 1 1 2638 2162 3565 3795
9864 4 2 1 1 585 553 2608 3408
9865 4 2 1 1 3923 23 22 1760
9866 4 2 1 1 2668 3466 3322 3605
9867 4 2 1 1 2492 2997 2285 3678
9868 4 2 1 1 2686 2745 2222 3013
9869 4 2 1 1 2529 3536 3287 3653
9870 4 2 1 1 1293 3190 2416 3809
9871 4 2 1 1 1709 3040 2455 3682
9872 4 2 1 1 2094 2679 2479 3707
9873 4 2 1 1 2141 2799 2520 2988
9874 4 2 1 1 2596 3018 2474 3778
9875 4 2 1 1 2402 3020 2749 2385
9876 4 2 1 1 1072 2673 1065 3484
9877 4 2 1 1 1151 1150 2652 3476
9878 4 2 1 1 3353 1427 1107 1279
9879 4 2 1 1 2401 3135 2958 3838
9880 4 2 1 1 2086 3044 2876 3056
9881 4 2 1 1 2563 3138 1360 3035
9882 4 2 1 1 1414 3885 1327 2874
9883 4 2 1 1 2186 2905 2742 3197
9884 4 2 1 1 2675 2891 2241 3090
9885 4 2 1 1 2797 3076 2408 2260
9886 4 2 1 1 1052 1056 1026 3180
9887 4 2 1 1 2278 2832 2927 3567
9888 4 2 1 1 622 446 525 2565
9889 4 2 1 1 569 2559 574 3567
9890 4 2 1 1 2233 3326 2863 3696
9891 4 2 1 1 2321 3239 2485 3247
9892 4 2 1 1 3589 2130 2906 2460
9893 4 2 1 1 1243 1221 1220 2934
9894 4 2 1 1 1788 3510 1760 1636
9895 4 2 1 1 1001 1003 941 3787
9896 4 2 1 1 3396 2106 2771 3632
9897 4 2 1 1 3518 3516 2809 3655
9898 4 2 1 1 2529 2428 3287 3536
9899 4 2 1 1 2163 2487 3099 3133
9900 4 2 1 1 2521 944 2741 3679
9901 4 2 1 1 1371 3349 2794 3523
9902 4 2 1 1 2525 3525 3141 3795
9903 4 2 1 1 2458 2954 3734 3855
9904 4 2 1 1 278 375 282 2485
9905 4 2 1 1 1457 3827 1683 2511
9906 4 2 1 1 230 2684 3167 3465
9907 4 2 1 1 2175 3057 2608 3408
9908 4 2 1 1 2099 2899 2465 3480
9909 4 2 1 1 2566 3376 2182 3462
9910 4 2 1 1 2142 3220 2100 3723
9911 4 2 1 1 2492 3075 3678 2358
9912 4 2 1 1 2133 2484 2971 3492
9913 4 2 1 1 1245 3008 2657 3618
9914 4 2 1 1 2277 2541 2786 3638
9915 4 2 1 1 2286 3197 2905 3293
9916 4 2 1 1 2529 3287 2428 3496
9917 4 2 1 1 2581 2162 3141 3565
9918 4 2 1 1 517 500 504 3481
9919 4 2 1 1 883 2607 956 3729
9920 4 2 1 1 2210 3198 2767 3615
9921 4 2 1 1 1359 2754 1167 3340
9922 4 2 1 1 3498 2536 2816 2477
9923 4 2 1 1 1518 3282 1672 3749
9924 4 2 1 1 2727 3331 3227 3814
9925 4 2 1 1 2186 2905 2647 3677
9926 4 2 1 1 2145 3067 2751 3383
9927 4 2 1 1 2742 2955 2186 3572
9928 4 2 1 1 2695 594 3481 3664
9929 4 2 1 1 2102 3450 2784 3804
9930 4 2 1 1 2819 3068 2295 2879
9931 4 2 1 1 2794 1168 3523 3758
9932 4 2 1 1 1201 1253 3185 3190
9933 4 2 1 1 2713 3422 2484 2256
9934 4 2 1 1 2110 2527 3343 3580
9935 4 2 1 1 2522 1760 22 1795
9936 4 2 1 1 3923 1769 23 1760
9937 4 2 1 1 2703 3338 2426 3601
9938 4 2 1 1 3196 3438 2403 2124
9939 4 2 1 1 291 377 379 3789
9940 4 2 1 1 2110 3436 3254 3755
9941 4 2 1 1 2683 3513 2728 3624
9942 4 2 1 1 2121 2553 2827 3559
9943 4 2 1 1 132 1102 3599 1430
9944 4 2 1 1 3923 3960 315 23
9945 4 2 1 1 1541 2756 1692 3486
9946 4 2 1 1 338 2624 3126 3527
9947 4 2 1 1 2186 2742 2905 3677
9948 4 2 1 1 1648 1601 2848 3550
9949 4 2 1 1 2332 2319 2822 2199
9950 4 2 1 1 2090 2705 2853 3587
9951 4 2 1 1 1059 2690 1031 3330
9952 4 2 1 1 2646 3196 2448 3866
9953 4 2 1 1 3157 3663 2661 3821
9954 4 2 1 1 1760 2522 3923 3510
9955 4 2 1 1 2732 3282 2154 3749
9956 4 2 1 1 2939 3471 2540 3851
9957 4 2 1 1 2965 2754 2300 3774
9958 4 2 1 1 2505 2180 3096 3414
9959 4 2 1 1 3318 3568 3660 2108
9960 4 2 1 1 2085 2430 3011 3606
9961 4 2 1 1 1534 3767 1731 3771
9962 4 2 1 1 1517 2972 1492 3705
9963 4 2 1 1 3143 3811 3700 2922
9964 4 2 1 1 509 510 492 3406
9965 4 2 1 1 2715 3075 2358 3678
9966 4 2 1 1 2074 3045 3220 3566
9967 4 2 1 1 2350 2618 2902 3274
9968 4 2 1 1 3143 3811 2086 2533
9969 4 2 1 1 2717 2187 2948 3201
9970 4 2 1 1 3591 13 12 814
9971 4 2 1 1 2458 3445 2954 3855
9972 4 2 1 1 2318 3441 2823 3595
9973 4 2 1 1 2820 3761 2397 3800
9974 4 2 1 1 2244 2821 2894 3370
9975 4 2 1 1 2517 2180 3096 3125
9976 4 2 1 1 1714 1754 1664 2765
9977 4 2 1 1 1191 1189 1200 2902
9978 4 2 1 1 1704 1538 2752 3362
9979 4 2 1 1 619 2576 535 3636
9980 4 2 1 1 2149 3132 2570 3365
9981 4 2 1 1 814 3591 13 666
9982 4 2 1 1 3031 3336 922 3813
9983 4 2 1 1 1025 2581 3141 3565
9984 4 2 1 1 3063 2542 2306 3231
9985 4 2 1 1 2379 3296 2826 3309
9986 4 2 1 1 2077 2801 2762 2310
9987 4 2 1 1 2414 2241 3090 3801
9988 4 2 1 1 1221 1371 1180 3349
9989 4 2 1 1 237 386 3004 239
9990 4 2 1 1 2219 3247 2867 3491
9991 4 2 1 1 711 2582 3276 3783
9992 4 2 1 1 2113 2782 3722 3856
9993 4 2 1 1 3273 3765 2425 2067
9994 4 2 1 1 2540 3471 2919 3851
9995 4 2 1 1 3700 2674 3302 2477
9996 4 2 1 1 1746 3124 2608 3826
9997 4 2 1 1 2203 2536 3030 3730
9998 4 2 1 1 1736 1734 1689 3394
9999 4 2 1 1 2122 2424 3174 2142
10000 4 2 1 1 1492 2644 1494 3705
10001 4 2 1 1 3050 3622 3566 3786
10002 4 2 1 1 2929 2298 3394 3819
10003 4 2 1 1 3700 3302 2674 2230
10004 4 2 1 1 2510 3175 449 3381
10005 4 2 1 1 249 252 2733 3244
10006 4 2 1 1 2523 3431 3326 3813
10007 4 2 1 1 2064 3561 2609 3293
10008 4 2 1 1 2068 2975 2797 3174
10009 4 2 1 1 2425 2243 3273 3497
10010 4 2 1 1 460 2663 2935 3133
10011 4 2 1 1 3044 2876 2957 2344
10012 4 2 1 1 2137 2639 3229 3835
10013 4 2 1 1 3220 3786 2074 3566
10014 4 2 1 1 2860 3643 3465 2258
10015 4 2 1 1 2246 2465 2899 3480
10016 4 2 1 1 2351 3379 3153 3578
10017 4 2 1 1 2720 2151 2409 3544
10018 4 2 1 1 2446 2935 2656 3842
10019 4 2 1 1 2324 532 3454 3636
10020 4 2 1 1 2832 3383 2352 3469
10021 4 2 1 1 2079 3424 2453 3594
10022 4 2 1 1 687 686 688 2943
10023 4 2 1 1 1494 3092 2644 3728
10024 4 2 1 1 2435 3545 3477 3693
10025 4 2 1 1 402 13 12 3591
10026 4 2 1 1 625 535 619 2576
10027 4 2 1 1 1113 1329 1330 2726
10028 4 2 1 1 2429 900 3199 3541
10029 4 2 1 1 2712 904 902 3560
10030 4 2 1 1 2350 3159 2618 3274
10031 4 2 1 1 2738 105 104 1063
10032 4 2 1 1 3386 3716 3450 2430
10033 4 2 1 1 835 3821 3411 722
10034 4 2 1 1 2471 2227 3189 3635
10035 4 2 1 1 1527 3136 2653 3771
10036 4 2 1 1 3697 3851 2662 2296
10037 4 2 1 1 2210 3185 2598 3809
10038 4 2 1 1 3143 3811 2533 3700
10039 4 2 1 1 2080 2613 2953 3403
10040 4 2 1 1 1345 3618 3203 1275
10041 4 2 1 1 2201 2931 2631 3246
10042 4 2 1 1 1546 1541 1692 3486
10043 4 2 1 1 2146 2554 2844 3017
10044 4 2 1 1 2064 2804 2968 3629
10045 4 2 1 1 2407 3504 3249 3831
10046 4 2 1 1 2613 3158 2347 3403
10047 4 2 1 1 2258 3689 2573 3856
10048 4 2 1 1 2947 3493 2316 3831
10049 4 2 1 1 3044 2957 2876 2196
10050 4 2 1 1 1729 1717 2939 3851
10051 4 2 1 1 2350 3159 2807 3742
10052 4 2 1 1 2174 2814 3169 3395
10053 4 2 1 1 3115 3328 1301 3529
10054 4 2 1 1 2860 3047 2449 3643
10055 4 2 1 1 2513 2994 2256 3716
10056 4 2 1 1 2968 3197 2494 3293
10057 4 2 1 1 1614 3887 1751 1747
10058 4 2 1 1 2146 2372 2841 3601
10059 4 2 1 1 2238 3163 2483 3325
10060 4 2 1 1 2721 3757 2666 3866
10061 4 2 1 1 1030 2551 3107 3754
10062 4 2 1 1 1264 1223 1265 2584
10063 4 2 1 1 2249 2782 2601 3380
10064 4 2 1 1 597 512 526 3331
10065 4 2 1 1 503 606 516 3521
10066 4 2 1 1 278 281 2867 3247
10067 4 2 1 1 1755 3895 1475 2565
10068 4 2 1 1 2349 3554 3031 3706
10069 4 2 1 1 1379 2794 1371 3349
10070 4 2 1 1 2445 2919 2296 3759
10071 4 2 1 1 1483 1654 2846 3288
10072 4 2 1 1 1585 2939 2929 3543
10073 4 2 1 1 2738 1089 105 1063
10074 4 2 1 1 2123 3735 2535 3780
10075 4 2 1 1 789 2744 3892 3836
10076 4 2 1 1 661 816 2851 3913
10077 4 2 1 1 1550 1562 1582 2837
10078 4 2 1 1 672 847 2709 3591
10079 4 2 1 1 23 24 3960 315
10080 4 2 1 1 2132 3222 2578 3801
10081 4 2 1 1 876 2673 3911 3140
10082 4 2 1 1 2274 2531 2961 2092
10083 4 2 1 1 2105 2474 3025 3571
10084 4 2 1 1 2144 3159 2870 3742
10085 4 2 1 1 1281 3890 1099 2574
10086 4 2 1 1 2132 2791 2675 3551
10087 4 2 1 1 707 3161 690 3188
10088 4 2 1 1 2388 3172 2877 3416
10089 4 2 1 1 2106 3562 2771 3632
10090 4 2 1 1 2738 3938 104 591
10091 4 2 1 1 2157 2940 2538 2354
10092 4 2 1 1 2182 2633 2737 3387
10093 4 2 1 1 1141 3137 1140 3779
10094 4 2 1 1 907 908 906 3359
10095 4 2 1 1 1189 1200 2902 3274
10096 4 2 1 1 2196 2551 2900 3044
10097 4 2 1 1 3541 3341 2461 3199
10098 4 2 1 1 293 385 2619 3253
10099 4 2 1 1 2477 3613 496 3823
10100 4 2 1 1 2807 3159 2350 3274
10101 4 2 1 1 2175 3348 3039 3430
10102 4 2 1 1 629 3106 599 3408
10103 4 2 1 1 780 2363 716 3094
10104 4 2 1 1 2540 2169 2939 3543
10105 4 2 1 1 3676 1332 2711 3195
10106 4 2 1 1 2070 3146 2952 3757
10107 4 2 1 1 1611 3288 2681 3626
10108 4 2 1 1 2215 2445 3284 3345
10109 4 2 1 1 908 2528 3113 3475
10110 4 2 1 1 2094 3021 2479 3435
10111 4 2 1 1 2092 2931 2631 3469
10112 4 2 1 1 501 513 514 2927
10113 4 2 1 1 510 2480 3105 3825
10114 4 2 1 1 2094 2479 3021 3707
10115 4 2 1 1 3303 3633 1319 1133
10116 4 2 1 1 1420 2552 1114 3474
10117 4 2 1 1 2140 2627 2310 3715
10118 4 2 1 1 2554 3294 3049 3529
10119 4 2 1 1 2109 2632 3170 3532
10120 4 2 1 1 2338 3188 2943 3582
10121 4 2 1 1 1608 1660 1647 3282
10122 4 2 1 1 1492 3329 1493 3728
10123 4 2 1 1 1735 1511 1733 2747
10124 4 2 1 1 1056 916 914 3367
10125 4 2 1 1 1473 3634 1698 143
10126 4 2 1 1 2283 3150 2670 3536
10127 4 2 1 1 2752 3333 2329 3362
10128 4 2 1 1 2113 2899 3453 3798
10129 4 2 1 1 734 862 3001 3559
10130 4 2 1 1 2172 2690 3330 2482
10131 4 2 1 1 2330 2802 2115 3726
10132 4 2 1 1 3382 3101 2850 2072
10133 4 2 1 1 2426 2071 2703 3601
10134 4 2 1 1 2311 3169 2814 3395
10135 4 2 1 1 635 106 6 3943
10136 4 2 1 1 2203 2418 3044 3498
10137 4 2 1 1 2334 3237 2897 3392
10138 4 2 1 1 1781 3966 1474 2464
10139 4 2 1 1 908 3113 1013 3475
10140 4 2 1 1 2590 3630 2798 3793
10141 4 2 1 1 3633 3528 2192 2868
10142 4 2 1 1 1529 2979 2543 3617
10143 4 2 1 1 2209 3012 2417 3214
10144 4 2 1 1 2631 2931 2092 3246
10145 4 2 1 1 3018 2830 3224 2081
10146 4 2 1 1 2569 2753 2164 3522
10147 4 2 1 1 1705 175 176 3922
10148 4 2 1 1 2107 3075 2865 3402
10149 4 2 1 1 2143 3417 3746 2481
10150 4 2 1 1 1390 2563 1163 1360
10151 4 2 1 1 1705 3966 3255 3922
10152 4 2 1 1 901 2712 3199 3503
10153 4 2 1 1 3183 3594 2291 3835
10154 4 2 1 1 978 1070 980 2672
10155 4 2 1 1 2693 3081 3463 2346
10156 4 2 1 1 3542 3438 2403 3145
10157 4 2 1 1 1518 3282 3749 2689
10158 4 2 1 1 2324 532 3636 3495
10159 4 2 1 1 2071 2641 2703 3373
10160 4 2 1 1 2378 3731 2731 3848
10161 4 2 1 1 2197 2429 3199 3341
10162 4 2 1 1 2403 2399 2879 3703
10163 4 2 1 1 2525 2239 3141 3525
10164 4 2 1 1 631 553 505 3825
10165 4 2 1 1 1663 2454 3637 3775
10166 4 2 1 1 3922 3982 1060 2567
10167 4 2 1 1 2245 3462 3279 3504
10168 4 2 1 1 2103 3093 2469 3294
10169 4 2 1 1 3772 3337 3525 2845
10170 4 2 1 1 2293 2710 3272 3109
10171 4 2 1 1 2068 3151 2504 3375
10172 4 2 1 1 1355 1232 2600 3483
10173 4 2 1 1 998 997 894 2549
10174 4 2 1 1 1692 1652 1546 3052
10175 4 2 1 1 2535 3355 2928 3735
10176 4 2 1 1 2563 3356 1163 3785
10177 4 2 1 1 2466 3102 3419 3812
10178 4 2 1 1 1583 1709 2455 3682
10179 4 2 1 1 503 515 3521 516
10180 4 2 1 1 1587 2627 1630 3358
10181 4 2 1 1 1622 1741 1738 2630
10182 4 2 1 1 2139 3493 2704 3760
10183 4 2 1 1 1457 1683 3827 1800
10184 4 2 1 1 2559 3061 2145 2716
10185 4 2 1 1 3473 3784 2527 2891
10186 4 2 1 1 883 2607 3970 3810
10187 4 2 1 1 1480 3128 1643 3305
10188 4 2 1 1 458 456 474 2532
10189 4 2 1 1 1787 3922 3255 2567
10190 4 2 1 1 1359 1167 1183 3340
10191 4 2 1 1 2995 2625 2214 2626
10192 4 2 1 1 804 786 3369 3791
10193 4 2 1 1 2222 2838 3148 3268
10194 4 2 1 1 2339 3404 2606 3665
10195 4 2 1 1 2276 3057 2588 2095
10196 4 2 1 1 250 2547 234 3432
10197 4 2 1 1 2449 3047 2189 3643
10198 4 2 1 1 2092 2931 3469 3721
10199 4 2 1 1 2232 2829 2701 3479
10200 4 2 1 1 3033 3249 2407 3781
10201 4 2 1 1 3922 3982 175 1060
10202 4 2 1 1 230 2684 3465 228
10203 4 2 1 1 62 61 1105 3921
10204 4 2 1 1 3163 1348 1366 1354
10205 4 2 1 1 1355 2255 2600 3264
10206 4 2 1 1 1614 1600 1603 3061
10207 4 2 1 1 1527 1721 1525 2653
10208 4 2 1 1 2563 3632 2224 3785
10209 4 2 1 1 370 2619 416 2545
10210 4 2 1 1 658 3918 3965 126
10211 4 2 1 1 3240 3442 2115 3109
10212 4 2 1 1 2806 3278 2279 3373
10213 4 2 1 1 1614 1747 1752 2559
10214 4 2 1 1 569 580 574 2559
10215 4 2 1 1 2711 784 2851 3652
10216 4 2 1 1 3921 3964 373 2990
10217 4 2 1 1 2079 3065 2777 3259
10218 4 2 1 1 2143 2356 3417 2733
10219 4 2 1 1 3303 1319 3633 2468
10220 4 2 1 1 2534 2918 2468 3717
10221 4 2 1 1 574 3887 581 3342
10222 4 2 1 1 663 2546 3975 3646
10223 4 2 1 1 2434 2351 2776 3577
10224 4 2 1 1 2544 3097 2229 3415
10225 4 2 1 1 390 388 2970 3397
10226 4 2 1 1 3311 3301 3811 2558
10227 4 2 1 1 825 657 3908 2773
10228 4 2 1 1 2086 2922 2674 3811
10229 4 2 1 1 2994 3716 3544 2102
10230 4 2 1 1 400 2736 3344 3573
10231 4 2 1 1 2186 2955 2503 3312
10232 4 2 1 1 2305 2985 2925 3337
10233 4 2 1 1 2403 3196 3145 3438
10234 4 2 1 1 543 2816 545 3459
10235 4 2 1 1 2540 2919 3471 3672
10236 4 2 1 1 1424 1281 1099 2574
10237 4 2 1 1 2719 3769 2207 3810
10238 4 2 1 1 659 2726 3917 3079
10239 4 2 1 1 2338 3804 3074 3830
10240 4 2 1 1 1492 1494 1712 3705
10241 4 2 1 1 615 606 3005 3521
10242 4 2 1 1 173 3942 1084 3944
10243 4 2 1 1 3676 1332 3195 1449
10244 4 2 1 1 1675 2823 1513 3749
10245 4 2 1 1 2253 2728 2683 3513
10246 4 2 1 1 980 2672 1070 3285
10247 4 2 1 1 2141 2520 2799 2665
10248 4 2 1 1 1487 2649 3456 1708
10249 4 2 1 1 1281 1250 2855 3569
10250 4 2 1 1 795 3576 2651 3768
10251 4 2 1 1 2332 2842 2831 3297
10252 4 2 1 1 3220 3557 2100 3723
10253 4 2 1 1 329 2743 407 3247
10254 4 2 1 1 2724 442 624 642
10255 4 2 1 1 508 3218 2463 3753
10256 4 2 1 1 3576 2636 792 3350
10257 4 2 1 1 3738 3731 3127 2367
10258 4 2 1 1 1561 1585 1553 2939
10259 4 2 1 1 3576 792 2636 803
10260 4 2 1 1 2919 3471 2296 3851
10261 4 2 1 1 1498 1538 1500 2752
10262 4 2 1 1 1156 3038 1155 3584
10263 4 2 1 1 1711 2732 1607 3616
10264 4 2 1 1 2601 2782 2194 3380
10265 4 2 1 1 2183 3469 2931 3721
10266 4 2 1 1 2083 3643 2465 2300
10267 4 2 1 1 672 847 836 2709
10268 4 2 1 1 2518 3300 498 3406
10269 4 2 1 1 2067 3273 3125 3497
10270 4 2 1 1 803 3188 832 2636
10271 4 2 1 1 2123 2676 3735 3780
10272 4 2 1 1 2107 2865 3326 3402
10273 4 2 1 1 710 771 3152 3737
10274 4 2 1 1 2433 3306 3870 3873
10275 4 2 1 1 408 313 287 3743
10276 4 2 1 1 1688 1582 1762 2381
10277 4 2 1 1 1417 1344 1402 3204
10278 4 2 1 1 2509 2601 3453 3524
10279 4 2 1 1 2066 3095 2513 3515
10280 4 2 1 1 2595 3487 699 3683
10281 4 2 1 1 1188 1189 1190 2902
10282 4 2 1 1 1740 3394 2763 3819
10283 4 2 1 1 2790 3148 2314 3755
10284 4 2 1 1 61 1323 1105 3921
10285 4 2 1 1 322 272 2768 3379
10286 4 2 1 1 1675 1507 2823 3327
10287 4 2 1 1 3346 3580 2110 3701
10288 4 2 1 1 1600 1601 1603 3061
10289 4 2 1 1 470 468 469 2888
10290 4 2 1 1 2618 3072 2216 2389
10291 4 2 1 1 2709 2810 2161 3323
10292 4 2 1 1 2321 3006 2442 3332
10293 4 2 1 1 2133 3354 2763 3671
10294 4 2 1 1 2429 2197 3018 3341
10295 4 2 1 1 2367 2944 3530 3848
10296 4 2 1 1 3316 3608 3181 2395
10297 4 2 1 1 3950 428 3005 3881
10298 4 2 1 1 2316 3382 2706 3462
10299 4 2 1 1 3921 3964 62 373
10300 4 2 1 1 763 765 2980 3661
10301 4 2 1 1 2068 2770 2722 3555
10302 4 2 1 1 2079 2777 3183 3594
10303 4 2 1 1 2088 3135 2958 3221
10304 4 2 1 1 1711 3062 2732 3616
10305 4 2 1 1 2434 326 3460 3762
10306 4 2 1 1 2963 3374 2364 3737
10307 4 2 1 1 463 461 610 2656
10308 4 2 1 1 967 969 968 3064
10309 4 2 1 1 1753 1748 3039 3348
10310 4 2 1 1 2106 2701 2610 3464
10311 4 2 1 1 2492 2829 2825 3479
10312 4 2 1 1 2399 3270 2795 3638
10313 4 2 1 1 2795 3270 2277 3638
10314 4 2 1 1 2258 3389 2573 3689
10315 4 2 1 1 2599 2179 2991 3153
10316 4 2 1 1 3965 843 3203 658
10317 4 2 1 1 2338 3582 3804 3830
10318 4 2 1 1 286 303 3108 3491
10319 4 2 1 1 264 3412 273 3478
10320 4 2 1 1 2459 2914 2288 3644
10321 4 2 1 1 2766 567 427 85
10322 4 2 1 1 3226 3358 1637 3827
10323 4 2 1 1 2809 2902 2389 3588
10324 4 2 1 1 2388 2878 2485 3443
10325 4 2 1 1 3921 3496 1105 2990
10326 4 2 1 1 2071 2569 2950 3522
10327 4 2 1 1 3921 1418 1323 1105
10328 4 2 1 1 2368 3131 2160 3755
10329 4 2 1 1 1757 2673 1671 3140
10330 4 2 1 1 954 946 944 2521
10331 4 2 1 1 2185 2648 3175 3712
10332 4 2 1 1 705 3214 2642 3233
10333 4 2 1 1 320 3153 319 2599
10334 4 2 1 1 1099 3995 1425 3665
10335 4 2 1 1 632 441 594 2695
10336 4 2 1 1 2766 1747 1453 86
10337 4 2 1 1 2315 2563 3138 3464
10338 4 2 1 1 3690 2713 2298 3492
10339 4 2 1 1 2459 2960 3468 3874
10340 4 2 1 1 274 2624 338 3527
10341 4 2 1 1 3922 3255 2567 3699
10342 4 2 1 1 2293 2670 2940 2354
10343 4 2 1 1 400 2736 3573 418
10344 4 2 1 1 2943 3702 686 3872
10345 4 2 1 1 2766 86 427 580
10346 4 2 1 1 800 798 801 2783
10347 4 2 1 1 2253 3259 2728 3513
10348 4 2 1 1 2908 3380 2513 3716
10349 4 2 1 1 2146 3338 2703 3601
10350 4 2 1 1 1010 1019 3503 3772
10351 4 2 1 1 1610 3092 1686 3871
10352 4 2 1 1 1373 1134 1132 2999
10353 4 2 1 1 2540 3672 3471 3847
10354 4 2 1 1 215 3960 3898 24
10355 4 2 1 1 961 895 960 2599
10356 4 2 1 1 3589 2130 2460 2615
10357 4 2 1 1 734 2576 829 3782
10358 4 2 1 1 2789 2616 2171 3713
10359 4 2 1 1 3536 3650 2670 3653
10360 4 2 1 1 1675 1507 1513 2823
10361 4 2 1 1 2202 2428 2990 3496
10362 4 2 1 1 3921 3496 2990 2428
10363 4 2 1 1 2544 2993 755 3415
10364 4 2 1 1 3833 2662 2381 2946
10365 4 2 1 1 1100 3946 2605 1337
10366 4 2 1 1 2093 3471 2967 3672
10367 4 2 1 1 2508 2211 3367 2523
10368 4 2 1 1 2093 2693 2779 3852
10369 4 2 1 1 2579 3354 2133 3671
10370 4 2 1 1 1646 1692 1540 2329
10371 4 2 1 1 438 3459 3919 97
10372 4 2 1 1 293 304 385 3253
10373 4 2 1 1 2789 2171 2616 3470
10374 4 2 1 1 1519 1702 1518 2689
10375 4 2 1 1 434 3875 83 566
10376 4 2 1 1 3194 1683 1628 3040
10377 4 2 1 1 3530 3731 3848 3352
10378 4 2 1 1 3920 1447 133 1290
10379 4 2 1 1 2471 3189 2227 3494
10380 4 2 1 1 2521 2741 944 3238
10381 4 2 1 1 2600 3483 1232 3812
10382 4 2 1 1 2455 3040 1709 3767
10383 4 2 1 1 2067 2694 3053 3765
10384 4 2 1 1 2698 3031 2218 3091
10385 4 2 1 1 1602 2329 2848 3499
10386 4 2 1 1 3420 3503 2323 3772
10387 4 2 1 1 2877 3172 2204 3416
10388 4 2 1 1 1072 2673 3245 1032
10389 4 2 1 1 3920 1447 1290 3034
10390 4 2 1 1 2161 2810 2709 3204
10391 4 2 1 1 2987 3457 2435 3656
10392 4 2 1 1 2178 2507 3156 3746
10393 4 2 1 1 3224 3442 3583 2255
10394 4 2 1 1 2312 3521 3005 3639
10395 4 2 1 1 2093 2858 2746 3471
10396 4 2 1 1 2176 2909 2699 2920
10397 4 2 1 1 2829 3155 2701 3479
10398 4 2 1 1 653 804 786 3369
10399 4 2 1 1 783 699 3487 3683
10400 4 2 1 1 1765 2621 1615 3010
10401 4 2 1 1 2693 3081 2346 2320
10402 4 2 1 1 1234 1297 1231 3049
10403 4 2 1 1 3920 1290 133 3599
10404 4 2 1 1 2508 3084 2667 3208
10405 4 2 1 1 387 386 3004 3324
10406 4 2 1 1 3194 1628 1683 1797
10407 4 2 1 1 2139 2688 2947 3493
10408 4 2 1 1 2725 2396 3178 3514
10409 4 2 1 1 2470 3423 1416 3840
10410 4 2 1 1 3920 3034 1290 3599
10411 4 2 1 1 1740 1616 1739 2763
10412 4 2 1 1 2168 2621 3010 3670
10413 4 2 1 1 2674 3700 2230 3811
10414 4 2 1 1 396 385 326 2434
10415 4 2 1 1 2247 2857 2630 2129
10416 4 2 1 1 2865 3075 2345 3402
10417 4 2 1 1 99 98 3919 1085
10418 4 2 1 1 2208 2597 2960 3874
10419 4 2 1 1 2076 3854 2838 2571
10420 4 2 1 1 2304 2451 3452 3853
10421 4 2 1 1 1422 2670 1333 3653
10422 4 2 1 1 3019 3479 3125 2067
10423 4 2 1 1 2963 3773 3037 2396
10424 4 2 1 1 2099 2465 3371 3480
10425 4 2 1 1 2456 3235 3550 3721
10426 4 2 1 1 2166 2963 2736 3374
10427 4 2 1 1 1464 2475 1480 3305
10428 4 2 1 1 2898 2964 2365 3846
10429 4 2 1 1 698 696 3214 3858
10430 4 2 1 1 1278 3694 3035 3808
10431 4 2 1 1 2559 2278 3342 3567
10432 4 2 1 1 1085 3919 99 3467
10433 4 2 1 1 2975 3032 2472 2319
10434 4 2 1 1 2435 2987 2168 3477
10435 4 2 1 1 2130 2624 2734 3689
10436 4 2 1 1 3699 3719 2159 2587
10437 4 2 1 1 3198 3615 2598 3645
10438 4 2 1 1 2246 2899 2465 3798
10439 4 2 1 1 2506 2340 3441 3756
10440 4 2 1 1 553 434 585 2608
10441 4 2 1 1 2113 2878 2547 3856
10442 4 2 1 1 2216 2764 2692 3535
10443 4 2 1 1 2302 3026 2618 3788
10444 4 2 1 1 2521 3087 2172 3696
10445 4 2 1 1 2582 2170 2976 3276
10446 4 2 1 1 3535 3236 2764 2594
10447 4 2 1 1 2462 2109 2920 3519
10448 4 2 1 1 2526 2857 2247 2129
10449 4 2 1 1 3381 110 429 536
10450 4 2 1 1 2614 2906 2130 2460
10451 4 2 1 1 2718 3134 2410 3788
10452 4 2 1 1 2883 3158 2080 3403
10453 4 2 1 1 2303 3737 3344 3745
10454 4 2 1 1 1436 1125 1407 2599
10455 4 2 1 1 668 836 820 2810
10456 4 2 1 1 295 338 274 2624
10457 4 2 1 1 1268 1266 2669 3321
10458 4 2 1 1 2866 3602 2705 3834
10459 4 2 1 1 2237 3054 2799 3177
10460 4 2 1 1 2285 3554 2997 2808
10461 4 2 1 1 3337 2525 2239 3667
10462 4 2 1 1 2709 3323 3168 3591
10463 4 2 1 1 2810 2904 2161 3323
10464 4 2 1 1 3119 3171 2601 2066
10465 4 2 1 1 2664 3577 2273 2643
10466 4 2 1 1 1114 2552 1420 3558
10467 4 2 1 1 2430 3380 2908 3716
10468 4 2 1 1 1494 1492 1493 3728
10469 4 2 1 1 2213 3589 3606 2906
10470 4 2 1 1 3381 110 1104 3876
10471 4 2 1 1 3592 2811 3202 2439
10472 4 2 1 1 3037 3773 2963 2166
10473 4 2 1 1 557 3452 2451 3533
10474 4 2 1 1 2514 3409 2483 3433
10475 4 2 1 1 2899 2217 2592 3372
10476 4 2 1 1 2384 3078 2587 3271
10477 4 2 1 1 1033 933 1080 3431
10478 4 2 1 1 1002 3919 3467 3398
10479 4 2 1 1 126 125 3918 1121
10480 4 2 1 1 2408 2578 2089 2160
10481 4 2 1 1 743 2815 744 3745
10482 4 2 1 1 2100 3335 3189 3635
10483 4 2 1 1 3005 3521 2486 3639
10484 4 2 1 1 1305 1303 1304 3275
10485 4 2 1 1 1121 3918 126 1345
10486 4 2 1 1 2653 2527 3343 3784
10487 4 2 1 1 2519 2189 2965 3371
10488 4 2 1 1 2112 2308 2532 3720
10489 4 2 1 1 2592 2899 2188 3453
10490 4 2 1 1 619 71 3495 634
10491 4 2 1 1 1236 1364 1374 2802
10492 4 2 1 1 1672 2732 1675 3749
10493 4 2 1 1 3770 2737 3260 2437
10494 4 2 1 1 2460 2815 2294 3507
10495 4 2 1 1 483 488 490 3202
10496 4 2 1 1 1348 2483 3409 3433
10497 4 2 1 1 2484 3074 3386 3716
10498 4 2 1 1 522 608 432 3232
10499 4 2 1 1 2074 2933 3269 2397
10500 4 2 1 1 2785 3528 2192 2486
10501 4 2 1 1 1351 3008 1275 3505
10502 4 2 1 1 584 3881 3948 3501
10503 4 2 1 1 1499 1497 1498 3111
10504 4 2 1 1 795 2651 3250 3768
10505 4 2 1 1 3939 844 2810 668
10506 4 2 1 1 1079 3792 953 1047
10507 4 2 1 1 258 3432 234 3850
10508 4 2 1 1 3770 3260 2737 2309
10509 4 2 1 1 1272 1418 3287 3496
10510 4 2 1 1 2119 2430 2697 3531
10511 4 2 1 1 156 5 860 3989
10512 4 2 1 1 2720 3515 2513 3544
10513 4 2 1 1 2098 3186 3048 2458
10514 4 2 1 1 3077 872 717 3233
10515 4 2 1 1 1069 1043 946 2730
10516 4 2 1 1 2762 3580 3346 3701
10517 4 2 1 1 2280 2595 3210 3677
10518 4 2 1 1 3915 3305 437 3704
10519 4 2 1 1 3103 3443 2509 3722
10520 4 2 1 1 2346 2693 3029 3463
10521 4 2 1 1 1344 2495 3204 1417
10522 4 2 1 1 1345 3618 1275 1121
10523 4 2 1 1 2254 2700 3358 3042
10524 4 2 1 1 2103 2451 2185 2457
10525 4 2 1 1 2317 1001 3787 1003
10526 4 2 1 1 2594 3236 2612 3535
10527 4 2 1 1 2429 3405 995 3541
10528 4 2 1 1 1803 1669 2659 3651
10529 4 2 1 1 3787 2317 1003 2828
10530 4 2 1 1 2499 3620 2933 3786
10531 4 2 1 1 2275 2881 2077 2817
10532 4 2 1 1 2071 2894 2635 2569
10533 4 2 1 1 3018 2830 2081 2664
10534 4 2 1 1 2414 3148 2790 3755
10535 4 2 1 1 2845 3503 1019 3772
10536 4 2 1 1 2071 2469 2703 3601
10537 4 2 1 1 1469 1779 1637 3226
10538 4 2 1 1 370 293 416 2619
10539 4 2 1 1 2894 3522 3392 2334
10540 4 2 1 1 2986 3223 3150 2283
10541 4 2 1 1 2358 2492 3019 3155
10542 4 2 1 1 3281 3283 2932 2432
10543 4 2 1 1 2668 3058 2082 3605
10544 4 2 1 1 1399 2605 1100 3501
10545 4 2 1 1 396 2434 326 3460
10546 4 2 1 1 1138 1136 3138 3610
10547 4 2 1 1 2231 2282 2435 2090
10548 4 2 1 1 3939 844 668 125
10549 4 2 1 1 732 2362 728 3652
10550 4 2 1 1 2445 1543 2919 3759
10551 4 2 1 1 2251 2423 2859 3437
10552 4 2 1 1 1519 1520 1529 2543
10553 4 2 1 1 583 3946 114 433
10554 4 2 1 1 1357 1249 1382 3360
10555 4 2 1 1 1186 2775 1363 2325
10556 4 2 1 1 2410 3134 3085 3349
10557 4 2 1 1 1273 2965 1335 3357
10558 4 2 1 1 2932 3283 3281 2252
10559 4 2 1 1 2438 3439 2656 3628
10560 4 2 1 1 501 2927 514 3232
10561 4 2 1 1 3876 3878 3115 555
10562 4 2 1 1 1121 2810 3918 3618
10563 4 2 1 1 2702 3421 2297 3630
10564 4 2 1 1 1527 2653 1525 3771
10565 4 2 1 1 2881 3457 2817 3477
10566 4 2 1 1 2266 2887 2586 3681
10567 4 2 1 1 2308 3179 3533 3744
10568 4 2 1 1 2604 3181 2199 3377
10569 4 2 1 1 2345 3101 2688 3192
10570 4 2 1 1 2737 3376 2309 2633
10571 4 2 1 1 3871 3022 2241 3509
10572 4 2 1 1 2830 2768 2273 3578
10573 4 2 1 1 2589 3269 2262 3547
10574 4 2 1 1 2496 3561 2064 3802
10575 4 2 1 1 2253 3121 2648 2308
10576 4 2 1 1 1345 3618 1121 3918
10577 4 2 1 1 1032 876 1065 2673
10578 4 2 1 1 2102 3489 2784 3544
10579 4 2 1 1 2295 3242 3068 3751
10580 4 2 1 1 2264 2943 2440 3702
10581 4 2 1 1 2942 1358 1159 1392
10582 4 2 1 1 1113 136 137 3917
10583 4 2 1 1 939 950 3080 3623
10584 4 2 1 1 3908 1791 2773 1458
10585 4 2 1 1 577 613 578 2841
10586 4 2 1 1 3917 3997 854 3079
10587 4 2 1 1 3871 2241 3022 3574
10588 4 2 1 1 3518 3516 3655 2458
10589 4 2 1 1 2312 3313 2605 3338
10590 4 2 1 1 2177 2711 2851 3652
10591 4 2 1 1 390 3014 261 3397
10592 4 2 1 1 2323 2525 2873 3772
10593 4 2 1 1 2958 3134 2088 3221
10594 4 2 1 1 2190 3228 2626 3770
10595 4 2 1 1 2295 2611 3242 3751
10596 4 2 1 1 2495 3357 1417 3841
10597 4 2 1 1 2239 2688 3000 3760
10598 4 2 1 1 2678 2979 2204 3193
10599 4 2 1 1 302 327 275 3059
10600 4 2 1 1 979 982 993 3140
10601 4 2 1 1 2874 3420 1009 3503
10602 4 2 1 1 2090 2866 2705 3834
10603 4 2 1 1 2351 3153 2991 3578
10604 4 2 1 1 555 3876 111 429
10605 4 2 1 1 2087 3234 2831 3608
10606 4 2 1 1 1740 1590 1588 2591
10607 4 2 1 1 250 232 234 2547
10608 4 2 1 1 644 590 477 3385
10609 4 2 1 1 2901 2921 2248 2123
10610 4 2 1 1 2352 3550 3235 3721
10611 4 2 1 1 2224 2584 2928 3217
10612 4 2 1 1 2594 3205 3135 3556
10613 4 2 1 1 3135 3205 2264 3556
10614 4 2 1 1 2616 2116 3470 3800
10615 4 2 1 1 555 3878 582 112
10616 4 2 1 1 2942 1358 1392 3809
10617 4 2 1 1 1661 2837 1562 3219
10618 4 2 1 1 2309 3260 2745 3770
10619 4 2 1 1 2254 3358 2627 2310
10620 4 2 1 1 2614 2938 2194 2151
10621 4 2 1 1 991 969 967 2640
10622 4 2 1 1 2116 2961 2569 3837
10623 4 2 1 1 2672 2269 2964 3314
10624 4 2 1 1 2289 3401 3453 2592
10625 4 2 1 1 3917 3997 136 854
10626 4 2 1 1 1674 2848 1602 2329
10627 4 2 1 1 1528 1530 1527 3136
10628 4 2 1 1 298 3412 2511 3669
10629 4 2 1 1 1729 1717 1585 2939
10630 4 2 1 1 954 2719 1050 1093
10631 4 2 1 1 3585 2743 1470 1696
10632 4 2 1 1 2085 3172 2388 3416
10633 4 2 1 1 2085 2782 3172 3606
10634 4 2 1 1 2140 3040 2627 3715
10635 4 2 1 1 2079 2728 3065 3259
10636 4 2 1 1 754 752 857 2993
10637 4 2 1 1 2275 2881 2817 3627
10638 4 2 1 1 917 918 919 3431
10639 4 2 1 1 2071 2703 2641 3392
10640 4 2 1 1 2156 3094 2773 3187
10641 4 2 1 1 3070 3656 2762 3701
10642 4 2 1 1 1648 1601 1602 2848
10643 4 2 1 1 1282 2934 1220 3505
10644 4 2 1 1 2702 2960 2459 3874
10645 4 2 1 1 2672 2964 2269 3110
10646 4 2 1 1 2539 2105 3419 3741
10647 4 2 1 1 273 2611 265 3478
10648 4 2 1 1 3585 1470 2743 2490
10649 4 2 1 1 419 3923 2522 3510
10650 4 2 1 1 3991 50 2 411
10651 4 2 1 1 803 792 795 3576
10652 4 2 1 1 2605 2884 2146 3017
10653 4 2 1 1 2262 3269 2499 3547
10654 4 2 1 1 2091 3417 3145 3542
10655 4 2 1 1 817 2562 666 3688
10656 4 2 1 1 1113 3947 1329 2726
10657 4 2 1 1 2942 1358 2394 1159
10658 4 2 1 1 2942 3425 2416 3809
10659 4 2 1 1 2830 3341 2179 3578
10660 4 2 1 1 1549 1545 1724 3345
10661 4 2 1 1 2185 3712 3381 2634
10662 4 2 1 1 2593 2777 2291 3183
10663 4 2 1 1 3808 1310 1106 2910
10664 4 2 1 1 734 733 3559 3782
10665 4 2 1 1 2120 2838 3013 3854
10666 4 2 1 1 2161 3502 3047 3865
10667 4 2 1 1 1487 2649 1708 1489
10668 4 2 1 1 3643 2307 2465 3371
10669 4 2 1 1 3685 3020 2488 3161
10670 4 2 1 1 3069 3140 2269 3651
10671 4 2 1 1 583 3946 433 2605
10672 4 2 1 1 3039 3348 1748 3430
10673 4 2 1 1 2334 3392 2426 3522
10674 4 2 1 1 2247 2747 2644 3705
10675 4 2 1 1 2084 2502 2833 2286
10676 4 2 1 1 872 718 712 3487
10677 4 2 1 1 1607 2732 1672 3282
10678 4 2 1 1 769 758 3097 3415
10679 4 2 1 1 2894 3522 2334 2569
10680 4 2 1 1 2242 3046 2712 3560
10681 4 2 1 1 744 743 745 2815
10682 4 2 1 1 2924 3006 3239 2277
10683 4 2 1 1 2459 3546 2914 3644
10684 4 2 1 1 2210 3190 3185 3809
10685 4 2 1 1 3685 2488 3020 2739
10686 4 2 1 1 2937 2740 3095 3868
10687 4 2 1 1 2372 3051 2446 3099
10688 4 2 1 1 1610 1496 1686 3092
10689 4 2 1 1 1511 2387 1610 1733
10690 4 2 1 1 589 594 441 3664
10691 4 2 1 1 2607 3139 956 3729
10692 4 2 1 1 761 763 2980 3661
10693 4 2 1 1 1426 1107 1279 3353
10694 4 2 1 1 2140 2310 2801 3715
10695 4 2 1 1 2797 3375 2408 3555
10696 4 2 1 1 2068 3375 2797 3555
10697 4 2 1 1 2713 3354 2298 3492
10698 4 2 1 1 2089 3258 3494 3668
10699 4 2 1 1 2580 2840 2274 3695
10700 4 2 1 1 1789 1617 3069 3100
10701 4 2 1 1 2266 2586 2775 3681
10702 4 2 1 1 2196 2125 2876 3056
10703 4 2 1 1 2942 3425 2287 3640
10704 4 2 1 1 2651 3350 3213 3576
10705 4 2 1 1 653 786 785 3369
10706 4 2 1 1 2269 3069 2673 3140
10707 4 2 1 1 504 3218 508 511
10708 4 2 1 1 537 3925 538 443
10709 4 2 1 1 3917 2726 1113 3079
10710 4 2 1 1 452 453 2648 3461
10711 4 2 1 1 1113 3947 2726 3917
10712 4 2 1 1 2202 2428 2529 3286
10713 4 2 1 1 1029 2638 3952 3840
10714 4 2 1 1 3988 39 4 412
10715 4 2 1 1 2232 3631 3479 3790
10716 4 2 1 1 2645 2769 2225 2984
10717 4 2 1 1 2791 3327 2340 3756
10718 4 2 1 1 1593 2588 1592 3625
10719 4 2 1 1 2927 644 646 3567
10720 4 2 1 1 2581 2211 2854 3000
10721 4 2 1 1 2387 3022 3574 3871
10722 4 2 1 1 1768 3892 1466 1703
10723 4 2 1 1 2300 2793 2657 3008
10724 4 2 1 1 2093 3029 2693 3463
10725 4 2 1 1 2653 3343 2527 3580
10726 4 2 1 1 2724 776 777 775
10727 4 2 1 1 2090 2705 2866 3727
10728 4 2 1 1 2960 3546 2702 2459
10729 4 2 1 1 1739 2591 1590 1740
10730 4 2 1 1 2288 2459 3036 3874
10731 4 2 1 1 620 2467 609 3160
10732 4 2 1 1 2615 2815 2130 2460
10733 4 2 1 1 2702 3546 2960 2076
10734 4 2 1 1 678 2976 3152 3514
10735 4 2 1 1 3877 1350 115 1100
10736 4 2 1 1 1662 2773 1458 3043
10737 4 2 1 1 3138 3464 2394 3610
10738 4 2 1 1 2074 3050 3045 3566
10739 4 2 1 1 3877 115 114 1100
10740 4 2 1 1 132 3975 663 3599
10741 4 2 1 1 2142 2548 3458 3765
10742 4 2 1 1 445 3894 2711 3676
10743 4 2 1 1 2538 2952 2354 3365
10744 4 2 1 1 559 3133 2487 3533
10745 4 2 1 1 1472 3985 1701 3104
10746 4 2 1 1 2764 3236 3535 2216
10747 4 2 1 1 2067 2524 3019 3479
10748 4 2 1 1 3843 3090 3551 2297
10749 4 2 1 1 3434 3562 3632 2984
10750 4 2 1 1 2159 2700 2813 3042
10751 4 2 1 1 583 2605 578 3501
10752 4 2 1 1 1706 1768 1631 2835
10753 4 2 1 1 604 437 524 3305
10754 4 2 1 1 3834 3587 2090 2231
10755 4 2 1 1 400 2736 418 218
10756 4 2 1 1 2669 3321 2584 2650
10757 4 2 1 1 2311 3251 2895 3829
10758 4 2 1 1 1366 2921 1374 3409
10759 4 2 1 1 1042 1045 945 3832
10760 4 2 1 1 1186 2775 2325 3588
10761 4 2 1 1 3017 3328 2304 3529
10762 4 2 1 1 1485 1654 1555 3456
10763 4 2 1 1 991 2640 967 3426
10764 4 2 1 1 2928 3355 2602 3735
10765 4 2 1 1 2333 3220 3045 3566
10766 4 2 1 1 2067 3053 2447 3490
10767 4 2 1 1 2257 2734 2624 3689
10768 4 2 1 1 2223 2769 2645 2984
10769 4 2 1 1 1570 2818 1591 3348
10770 4 2 1 1 2274 3041 2531 2092
10771 4 2 1 1 1410 3590 2982 3724
10772 4 2 1 1 3920 3932 1447 3034
10773 4 2 1 1 1268 1416 3321 3694
10774 4 2 1 1 1128 1129 3331 3619
10775 4 2 1 1 544 3927 2549 3459
10776 4 2 1 1 2286 3293 3229 3561
10777 4 2 1 1 3376 3462 2566 3806
10778 4 2 1 1 2350 2870 2869 3159
10779 4 2 1 1 1086 879 2467 3467
10780 4 2 1 1 2159 2881 3719 3042
10781 4 2 1 1 1554 1584 1721 2913
10782 4 2 1 1 2257 2867 2878 3432
10783 4 2 1 1 740 3344 739 3737
10784 4 2 1 1 133 1430 132 3599
10785 4 2 1 1 2631 2931 2183 3469
10786 4 2 1 1 2239 2704 3493 3760
10787 4 2 1 1 1520 1514 1720 3595
10788 4 2 1 1 2161 3168 2709 3323
10789 4 2 1 1 398 301 222 2522
10790 4 2 1 1 3119 3798 3453 2899
10791 4 2 1 1 2348 3350 2744 3538
10792 4 2 1 1 2595 3487 3214 3858
10793 4 2 1 1 439 3990 81 552
10794 4 2 1 1 2392 3136 2621 2231
10795 4 2 1 1 2193 3258 2913 3587
10796 4 2 1 1 848 663 2546 863
10797 4 2 1 1 2393 3111 2752 3728
10798 4 2 1 1 2088 2764 2594 3556
10799 4 2 1 1 2139 2688 3493 3760
10800 4 2 1 1 2239 3000 2854 3760
10801 4 2 1 1 257 3003 242 3156
10802 4 2 1 1 1550 2837 1582 2381
10803 4 2 1 1 2602 3355 2864 2123
10804 4 2 1 1 1007 942 957 3623
10805 4 2 1 1 1045 1042 927 3832
10806 4 2 1 1 2250 2463 2811 3609
10807 4 2 1 1 244 242 257 3003
10808 4 2 1 1 2218 2997 3554 2808
10809 4 2 1 1 3924 385 2434 3659
10810 4 2 1 1 221 306 411 2709
10811 4 2 1 1 3547 2093 2693 3463
10812 4 2 1 1 3227 3331 2536 3823
10813 4 2 1 1 625 2576 3001 3300
10814 4 2 1 1 530 445 635 2711
10815 4 2 1 1 301 2522 398 3862
10816 4 2 1 1 1434 1117 1300 3107
10817 4 2 1 1 713 2661 3366 3663
10818 4 2 1 1 2367 2944 3095 2337
10819 4 2 1 1 1601 1602 2848 3499
10820 4 2 1 1 3889 1318 2727 3331
10821 4 2 1 1 745 746 744 2815
10822 4 2 1 1 1465 31 32 3916
10823 4 2 1 1 2327 3333 2707 3429
10824 4 2 1 1 2064 2772 2609 3561
10825 4 2 1 1 1299 3107 1300 3730
10826 4 2 1 1 1519 1520 2543 3595
10827 4 2 1 1 2285 2997 2829 2808
10828 4 2 1 1 770 3165 687 2419
10829 4 2 1 1 1363 2775 1368 3476
10830 4 2 1 1 1156 1157 2974 3584
10831 4 2 1 1 2162 2584 3321 2650
10832 4 2 1 1 1399 1261 1398 3313
10833 4 2 1 1 499 2785 493 3227
10834 4 2 1 1 229 3167 2684 3815
10835 4 2 1 1 1301 1385 3115 3529
10836 4 2 1 1 704 3214 705 3233
10837 4 2 1 1 818 3214 3071 3839
10838 4 2 1 1 2126 3377 2604 2199
10839 4 2 1 1 2064 2968 2494 3293
10840 4 2 1 1 2639 3424 3229 3835
10841 4 2 1 1 95 8 636 3942
10842 4 2 1 1 2169 2506 2929 3543
10843 4 2 1 1 2825 3096 2180 3125
10844 4 2 1 1 2752 2128 3740 3820
10845 4 2 1 1 290 384 421 3242
10846 4 2 1 1 2306 3187 2450 3250
10847 4 2 1 1 1560 1706 1576 2835
10848 4 2 1 1 2919 2967 2327 3486
10849 4 2 1 1 375 3692 2485 3850
10850 4 2 1 1 2196 2900 2698 3056
10851 4 2 1 1 2162 2525 3141 3795
10852 4 2 1 1 2189 2495 3147 3357
10853 4 2 1 1 2367 3095 2944 2066
10854 4 2 1 1 2580 3243 2840 3592
10855 4 2 1 1 2941 3125 2243 3593
10856 4 2 1 1 2280 3210 2647 3677
10857 4 2 1 1 257 3003 3156 3794
10858 4 2 1 1 2427 3280 2226 3546
10859 4 2 1 1 2281 2127 2811 3621
10860 4 2 1 1 1192 1195 1377 2895
10861 4 2 1 1 2162 3000 2581 3141
10862 4 2 1 1 551 2477 496 3823
10863 4 2 1 1 2529 3286 2428 3536
10864 4 2 1 1 1371 1379 1349 2794
10865 4 2 1 1 244 3003 257 3794
10866 4 2 1 1 2064 2843 3561 3293
10867 4 2 1 1 2364 3374 2963 3773
10868 4 2 1 1 2263 3034 2814 3157
10869 4 2 1 1 332 3404 317 3353
10870 4 2 1 1 2116 2820 2616 3842
10871 4 2 1 1 2184 2866 2705 3727
10872 4 2 1 1 2827 718 3559 3487
10873 4 2 1 1 763 765 764 2980
10874 4 2 1 1 790 3892 654 789
10875 4 2 1 1 434 3875 566 2608
10876 4 2 1 1 2208 3062 2891 3299
10877 4 2 1 1 3833 3766 2381 2662
10878 4 2 1 1 2580 3298 2341 3822
10879 4 2 1 1 1041 1098 890 2545
10880 4 2 1 1 997 2549 998 3459
10881 4 2 1 1 584 3881 3501 428
10882 4 2 1 1 2958 3221 2401 3534
10883 4 2 1 1 3130 3121 3720 2532
10884 4 2 1 1 2645 2984 2225 3562
10885 4 2 1 1 1733 1700 1735 3407
10886 4 2 1 1 2243 2517 2907 3586
10887 4 2 1 1 3930 1683 1682 3194
10888 4 2 1 1 1583 1707 1533 3299
10889 4 2 1 1 2900 2418 3044 3754
10890 4 2 1 1 317 3404 332 333
10891 4 2 1 1 1017 1020 1019 3772
10892 4 2 1 1 2851 661 823 855
10893 4 2 1 1 1052 918 3367 3718
10894 4 2 1 1 899 2874 1009 3199
10895 4 2 1 1 2066 2937 3095 3515
10896 4 2 1 1 2488 3161 2212 3188
10897 4 2 1 1 2408 2478 2959 3555
10898 4 2 1 1 2526 2909 2425 3335
10899 4 2 1 1 761 770 708 2419
10900 4 2 1 1 1244 1221 3085 3349
10901 4 2 1 1 803 832 794 2636
10902 4 2 1 1 2320 2406 3393 2122
10903 4 2 1 1 2320 3393 2406 2916
10904 4 2 1 1 2653 3343 3022 3784
10905 4 2 1 1 2785 3302 2477 3700
10906 4 2 1 1 1156 1152 3038 3476
10907 4 2 1 1 930 923 1007 2930
10908 4 2 1 1 1790 3888 1758 2655
10909 4 2 1 1 2807 3159 2144 3742
10910 4 2 1 1 2586 3184 2652 3520
10911 4 2 1 1 3473 3784 3343 2527
10912 4 2 1 1 3878 1301 1394 3115
10913 4 2 1 1 731 3079 2537 3663
10914 4 2 1 1 1729 2939 1585 3543
10915 4 2 1 1 2831 2238 3297 3325
10916 4 2 1 1 1291 1389 2942 3563
10917 4 2 1 1 2253 3130 2683 3461
10918 4 2 1 1 2410 3134 3349 3788
10919 4 2 1 1 3470 2163 2116 2616
10920 4 2 1 1 2741 1034 3816 937
10921 4 2 1 1 1607 2732 3282 3616
10922 4 2 1 1 2894 3522 2569 2071
10923 4 2 1 1 2120 2571 2838 3854
10924 4 2 1 1 1283 3097 1118 3482
10925 4 2 1 1 2949 3297 2238 3325
10926 4 2 1 1 3877 3948 3501 584
10927 4 2 1 1 3040 3715 3827 2627
10928 4 2 1 1 540 3381 3175 3712
10929 4 2 1 1 2627 2254 2310 3715
10930 4 2 1 1 3743 217 47 3880
10931 4 2 1 1 2186 2968 2609 3293
10932 4 2 1 1 2097 2491 3066 3803
10933 4 2 1 1 3092 3111 2227 3728
10934 4 2 1 1 1465 3963 3225 1775
10935 4 2 1 1 3878 1301 1120 1394
10936 4 2 1 1 310 262 339 2761
10937 4 2 1 1 2822 3295 2332 3647
10938 4 2 1 1 2304 3294 2554 3529
10939 4 2 1 1 1587 2627 3358 3797
10940 4 2 1 1 2222 2745 2686 3553
10941 4 2 1 1 2351 3405 2664 3578
10942 4 2 1 1 1299 1434 1300 3107
10943 4 2 1 1 274 294 295 2624
10944 4 2 1 1 327 376 322 2768
10945 4 2 1 1 2527 3299 1524 3549
10946 4 2 1 1 1742 1630 1587 2627
10947 4 2 1 1 2171 2824 2772 3713
10948 4 2 1 1 2314 3508 2969 2091
10949 4 2 1 1 930 2930 1007 3623
10950 4 2 1 1 1465 3963 1775 31
10951 4 2 1 1 3878 1301 3115 3328
10952 4 2 1 1 3197 2155 3149 2833
10953 4 2 1 1 3518 3516 2458 2355
10954 4 2 1 1 747 749 748 3507
10955 4 2 1 1 1010 1019 1048 3503
10956 4 2 1 1 1789 1671 2673 3069
10957 4 2 1 1 2245 3504 3279 3675
10958 4 2 1 1 773 775 3129 3828
10959 4 2 1 1 1296 1229 1388 2875
10960 4 2 1 1 1465 3994 1682 3194
10961 4 2 1 1 1010 1009 3420 3503
10962 4 2 1 1 2212 2488 3020 3161
10963 4 2 1 1 2185 2777 3259 3594
10964 4 2 1 1 2151 3511 2966 3838
10965 4 2 1 1 2067 3125 2825 3479
10966 4 2 1 1 2414 3090 2241 3473
10967 4 2 1 1 2280 3065 2735 3366
10968 4 2 1 1 827 718 872 3559
10969 4 2 1 1 3811 2829 2808 2086
10970 4 2 1 1 2603 3562 2984 3632
10971 4 2 1 1 1519 2689 1518 3595
10972 4 2 1 1 357 3994 32 3916
10973 4 2 1 1 921 923 926 2930
10974 4 2 1 1 3001 518 625 3300
10975 4 2 1 1 512 3889 3331 597
10976 4 2 1 1 2324 3454 2683 3636
10977 4 2 1 1 3224 3442 2255 2600
10978 4 2 1 1 2070 2646 3553 3866
10979 4 2 1 1 3750 3320 3038 2325
10980 4 2 1 1 3136 1558 1668 2621
10981 4 2 1 1 1396 1315 1238 3017
10982 4 2 1 1 2426 3522 2950 3869
10983 4 2 1 1 2107 2997 2941 3593
10984 4 2 1 1 2246 3119 2780 3848
10985 4 2 1 1 1737 1735 3256 3705
10986 4 2 1 1 2084 2945 2502 2286
10987 4 2 1 1 2999 3138 2315 3035
10988 4 2 1 1 2200 3672 2540 3847
10989 4 2 1 1 2450 3363 3290 3836
10990 4 2 1 1 1465 3916 3194 3225
10991 4 2 1 1 2782 2906 2194 3606
10992 4 2 1 1 2302 3349 3134 3788
10993 4 2 1 1 3704 91 3915 1464
10994 4 2 1 1 3136 1668 1558 1530
10995 4 2 1 1 3098 3257 2691 2300
10996 4 2 1 1 1406 1123 1332 2711
10997 4 2 1 1 97 96 627 3459
10998 4 2 1 1 2698 3267 2125 3832
10999 4 2 1 1 2349 2523 3706 3718
11000 4 2 1 1 1369 2807 1404 3274
11001 4 2 1 1 92 91 1464 3915
11002 4 2 1 1 2434 409 385 326
11003 4 2 1 1 2362 3590 3079 3663
11004 4 2 1 1 2202 2911 2529 3496
11005 4 2 1 1 1291 1389 1159 2942
11006 4 2 1 1 1534 3549 3767 3771
11007 4 2 1 1 1187 1158 1379 2856
11008 4 2 1 1 1580 1649 2956 3358
11009 4 2 1 1 1653 1724 1732 2915
11010 4 2 1 1 1201 1216 1253 3190
11011 4 2 1 1 2067 3479 2803 3790
11012 4 2 1 1 1575 1700 1557 3407
11013 4 2 1 1 2170 2976 2725 3178
11014 4 2 1 1 1286 1404 1284 2807
11015 4 2 1 1 2439 3243 2981 3592
11016 4 2 1 1 2598 3198 2223 3215
11017 4 2 1 1 2231 3587 2090 3654
11018 4 2 1 1 1556 1668 1604 3651
11019 4 2 1 1 2103 2453 2185 3744
11020 4 2 1 1 543 546 2816 3823
11021 4 2 1 1 2244 2803 2694 3370
11022 4 2 1 1 3671 3015 3354 2343
11023 4 2 1 1 2270 3048 2896 3186
11024 4 2 1 1 2355 2458 3445 3516
11025 4 2 1 1 1496 3092 1494 3728
11026 4 2 1 1 3757 2646 2070 3866
11027 4 2 1 1 3341 3088 2443 3642
11028 4 2 1 1 2064 2609 2968 3293
11029 4 2 1 1 1128 1307 3030 3730
11030 4 2 1 1 2287 3425 2942 3563
11031 4 2 1 1 2148 2937 2740 3347
11032 4 2 1 1 619 533 3495 3636
11033 4 2 1 1 2152 3368 2853 3537
11034 4 2 1 1 987 3315 2420 3484
11035 4 2 1 1 690 689 688 2488
11036 4 2 1 1 2312 3501 3005 3521
11037 4 2 1 1 3146 3272 2157 2354
11038 4 2 1 1 2524 3019 2548 2067
11039 4 2 1 1 3457 3545 3477 2435
11040 4 2 1 1 230 2684 228 229
11041 4 2 1 1 1260 2759 1169 3360
11042 4 2 1 1 2443 2255 1218 3264
11043 4 2 1 1 1279 3902 1425 1426
11044 4 2 1 1 1082 884 964 3460
11045 4 2 1 1 3824 577 616 3526
11046 4 2 1 1 1464 1479 92 3915
11047 4 2 1 1 2385 3205 2594 2134
11048 4 2 1 1 447 3886 3951 3676
11049 4 2 1 1 2583 2143 3417 2214
11050 4 2 1 1 3878 1120 112 1394
11051 4 2 1 1 3765 2100 2333 3607
11052 4 2 1 1 1756 1755 2565 3451
11053 4 2 1 1 2468 3303 2868 3633
11054 4 2 1 1 2101 3149 2502 3197
11055 4 2 1 1 2492 3075 2358 3019
11056 4 2 1 1 2831 3608 3234 2199
11057 4 2 1 1 2755 2254 3412 3715
11058 4 2 1 1 2289 3443 2795 3692
11059 4 2 1 1 474 2532 3130 3361
11060 4 2 1 1 2691 3257 2465 2300
11061 4 2 1 1 2121 2827 2553 3210
11062 4 2 1 1 2435 3477 2168 3693
11063 4 2 1 1 2182 2805 2632 3387
11064 4 2 1 1 1592 1593 1594 2588
11065 4 2 1 1 2291 3183 2777 3594
11066 4 2 1 1 2215 2818 3625 3691
11067 4 2 1 1 2766 3124 2276 3317
11068 4 2 1 1 1230 1294 1385 3292
11069 4 2 1 1 2148 3236 3154 3347
11070 4 2 1 1 659 3947 2726 787
11071 4 2 1 1 2263 2880 2870 3169
11072 4 2 1 1 583 584 115 3877
11073 4 2 1 1 3119 3171 2066 2944
11074 4 2 1 1 3072 2564 2637 2073
11075 4 2 1 1 1355 1179 1232 3483
11076 4 2 1 1 2115 2437 3228 3272
11077 4 2 1 1 2634 3292 1294 3381
11078 4 2 1 1 2889 3131 2314 3148
11079 4 2 1 1 1464 1479 3915 3305
11080 4 2 1 1 2958 3444 3134 3534
11081 4 2 1 1 2823 3327 1507 3441
11082 4 2 1 1 556 3878 3328 582
11083 4 2 1 1 1464 3305 3915 3704
11084 4 2 1 1 1724 2915 1653 3345
11085 4 2 1 1 1388 1408 1326 3195
11086 4 2 1 1 1707 3299 2455 3549
11087 4 2 1 1 2441 2721 3014 2149
11088 4 2 1 1 539 3879 439 3104
11089 4 2 1 1 2952 3146 2354 3757
11090 4 2 1 1 2670 1257 1328 2538
11091 4 2 1 1 2122 3393 2896 2821
11092 4 2 1 1 515 601 596 3822
11093 4 2 1 1 1399 1398 1100 2605
11094 4 2 1 1 562 3130 2518 3361
11095 4 2 1 1 170 169 1438 3914
11096 4 2 1 1 3341 3088 3642 2179
11097 4 2 1 1 428 3005 3881 3501
11098 4 2 1 1 515 596 3517 3822
11099 4 2 1 1 1572 1762 1763 3290
11100 4 2 1 1 2854 3000 2239 3141
11101 4 2 1 1 1304 3275 1303 3818
11102 4 2 1 1 2516 2966 3511 3838
11103 4 2 1 1 835 3821 722 730
11104 4 2 1 1 2064 3561 2843 3802
11105 4 2 1 1 3611 3191 2255 3109
11106 4 2 1 1 954 2719 1093 2690
11107 4 2 1 1 640 517 594 3481
11108 4 2 1 1 2305 3025 2845 3337
11109 4 2 1 1 2201 2862 3339 3586
11110 4 2 1 1 2651 2306 3250 3768
11111 4 2 1 1 668 768 844 2810
11112 4 2 1 1 1046 2607 883 3810
11113 4 2 1 1 2154 2823 2732 3749
11114 4 2 1 1 2203 2551 3044 3754
11115 4 2 1 1 1199 1214 1314 2892
11116 4 2 1 1 2447 3041 2379 3246
11117 4 2 1 1 2244 2548 2524 2577
11118 4 2 1 1 3914 3984 886 2551
11119 4 2 1 1 3156 3746 2507 3794
11120 4 2 1 1 2492 3075 3019 3593
11121 4 2 1 1 2258 3126 2761 3689
11122 4 2 1 1 3154 3236 2493 3347
11123 4 2 1 1 3324 3455 2289 3692
11124 4 2 1 1 1019 2845 1048 3503
11125 4 2 1 1 2670 1257 1333 1328
11126 4 2 1 1 2312 2918 3313 3338
11127 4 2 1 1 2539 3382 3667 3741
11128 4 2 1 1 2878 3432 2547 3856
11129 4 2 1 1 3690 2713 3492 2256
11130 4 2 1 1 3580 3136 3771 2653
11131 4 2 1 1 3924 1097 880 3659
11132 4 2 1 1 1513 3441 1507 1509
11133 4 2 1 1 3209 1222 2466 3818
11134 4 2 1 1 3991 2 123 864
11135 4 2 1 1 2483 2998 2949 3325
11136 4 2 1 1 2308 3179 3133 3533
11137 4 2 1 1 2258 2684 3167 3307
11138 4 2 1 1 1513 3441 1509 3595
11139 4 2 1 1 243 241 242 3003
11140 4 2 1 1 2991 3405 2429 3541
11141 4 2 1 1 518 624 509 3406
11142 4 2 1 1 1310 1308 2551 3390
11143 4 2 1 1 435 3662 542 120
11144 4 2 1 1 169 1106 1438 3914
11145 4 2 1 1 711 681 2582 3783
11146 4 2 1 1 3750 3320 2325 2491
11147 4 2 1 1 1331 1113 1330 3079
11148 4 2 1 1 500 490 504 3202
11149 4 2 1 1 479 487 493 3302
11150 4 2 1 1 2224 3356 2563 3785
11151 4 2 1 1 2795 3443 2485 3692
11152 4 2 1 1 2307 3167 2684 3307
11153 4 2 1 1 2232 2533 3120 2701
11154 4 2 1 1 2071 2703 2469 3373
11155 4 2 1 1 2251 2859 2663 3263
11156 4 2 1 1 3564 3594 2639 3835
11157 4 2 1 1 1179 1232 3483 3812
11158 4 2 1 1 1672 1711 1675 2732
11159 4 2 1 1 839 670 784 2711
11160 4 2 1 1 1438 3914 1106 2910
11161 4 2 1 1 1491 1489 1510 2885
11162 4 2 1 1 2495 2161 3168 3204
11163 4 2 1 1 2643 3686 2760 2444
11164 4 2 1 1 1571 1591 1570 2818
11165 4 2 1 1 2238 2483 2949 3325
11166 4 2 1 1 2120 3738 2571 3854
11167 4 2 1 1 2421 2761 2860 3182
11168 4 2 1 1 2285 2492 2358 3155
11169 4 2 1 1 1563 2678 1624 3112
11170 4 2 1 1 1635 1743 2473 3739
11171 4 2 1 1 1643 3925 2738 1476
11172 4 2 1 1 2991 3440 960 3541
11173 4 2 1 1 1613 1744 1749 3124
11174 4 2 1 1 769 843 755 2544
11175 4 2 1 1 3125 3019 3593 2492
11176 4 2 1 1 1348 3409 1171 3433
11177 4 2 1 1 2373 3281 2739 3661
11178 4 2 1 1 2163 3099 2935 3133
11179 4 2 1 1 2150 2530 2907 3087
11180 4 2 1 1 370 2619 2545 3674
11181 4 2 1 1 2116 2616 2820 3800
11182 4 2 1 1 957 2849 950 3623
11183 4 2 1 1 1370 1155 1153 3038
11184 4 2 1 1 1716 2979 1529 3617
11185 4 2 1 1 2225 2548 3170 2577
11186 4 2 1 1 679 3152 2976 3863
11187 4 2 1 1 3133 3179 2487 3533
11188 4 2 1 1 697 813 695 2932
11189 4 2 1 1 2069 2479 3015 3870
11190 4 2 1 1 1641 2924 3006 3123
11191 4 2 1 1 401 3949 206 395
11192 4 2 1 1 2257 3432 2878 3856
11193 4 2 1 1 832 798 794 2636
11194 4 2 1 1 2264 3205 3489 3582
11195 4 2 1 1 3743 47 217 367
11196 4 2 1 1 1009 3885 1006 877
11197 4 2 1 1 826 3997 3079 854
11198 4 2 1 1 2639 2322 2892 3564
11199 4 2 1 1 2233 2865 2530 3777
11200 4 2 1 1 2243 3273 2517 3586
11201 4 2 1 1 1805 1768 1703 3538
11202 4 2 1 1 808 863 766 3599
11203 4 2 1 1 2555 3658 2643 2131
11204 4 2 1 1 88 1751 1459 3342
11205 4 2 1 1 2145 2716 3061 3383
11206 4 2 1 1 465 467 466 3122
11207 4 2 1 1 2307 3815 2970 3849
11208 4 2 1 1 1438 2551 3914 2910
11209 4 2 1 1 2825 3125 2492 3479
11210 4 2 1 1 3676 1332 1449 1123
11211 4 2 1 1 2504 2132 3151 3364
11212 4 2 1 1 2836 3789 372 3867
11213 4 2 1 1 2109 2920 3076 3170
11214 4 2 1 1 1043 2863 1036 3679
11215 4 2 1 1 2950 2116 2569 3470
11216 4 2 1 1 2745 3260 2437 3770
11217 4 2 1 1 1151 1150 1149 2652
11218 4 2 1 1 1766 2983 3448 3634
11219 4 2 1 1 2095 3142 3322 3649
11220 4 2 1 1 2565 3129 2724 3828
11221 4 2 1 1 1591 2818 1571 3430
11222 4 2 1 1 2077 2817 2561 2275
11223 4 2 1 1 3914 3984 170 886
11224 4 2 1 1 299 2511 298 3412
11225 4 2 1 1 2143 2733 3417 3552
11226 4 2 1 1 879 958 1086 2467
11227 4 2 1 1 567 568 575 3124
11228 4 2 1 1 2251 2935 2663 3144
11229 4 2 1 1 1768 1763 1801 3290
11230 4 2 1 1 958 950 957 2849
11231 4 2 1 1 273 3412 2611 3478
11232 4 2 1 1 3863 683 3872 681
11233 4 2 1 1 2780 3334 2748 3351
11234 4 2 1 1 2287 2844 3313 3338
11235 4 2 1 1 2309 3131 2889 3736
11236 4 2 1 1 2654 3048 2270 3186
11237 4 2 1 1 3676 2851 529 3166
11238 4 2 1 1 1204 1205 1222 3102
11239 4 2 1 1 2688 3493 2239 3667
11240 4 2 1 1 1729 2540 1569 3851
11241 4 2 1 1 2191 2954 3734 3805
11242 4 2 1 1 598 3666 492 3825
11243 4 2 1 1 1592 2588 1594 3826
11244 4 2 1 1 893 1008 2738 3729
11245 4 2 1 1 2373 3281 2432 3283
11246 4 2 1 1 1612 2506 3118 3543
11247 4 2 1 1 2712 902 904 903
11248 4 2 1 1 2693 3086 2779 2128
11249 4 2 1 1 2210 2598 3615 3809
11250 4 2 1 1 1372 2928 1381 3598
11251 4 2 1 1 3131 3148 2889 3736
11252 4 2 1 1 2934 3085 2410 3134
11253 4 2 1 1 2339 3353 2498 3404
11254 4 2 1 1 2236 2817 3457 3477
11255 4 2 1 1 1206 2893 1207 3774
11256 4 2 1 1 2613 2953 2240 3339
11257 4 2 1 1 2847 265 252 371
11258 4 2 1 1 2097 3066 2491 3320
11259 4 2 1 1 1343 3204 2709 1342
11260 4 2 1 1 530 2851 3969 3913
11261 4 2 1 1 2806 3570 2098 3734
11262 4 2 1 1 348 3270 406 3324
11263 4 2 1 1 775 3972 852 667
11264 4 2 1 1 1052 3367 3180 3718
11265 4 2 1 1 2305 2712 2845 3025
11266 4 2 1 1 2913 3258 2387 3574
11267 4 2 1 1 2423 3713 2824 3761
11268 4 2 1 1 1674 1602 1646 2329
11269 4 2 1 1 584 3881 428 116
11270 4 2 1 1 3231 2837 2156 3063
11271 4 2 1 1 449 3175 540 3381
11272 4 2 1 1 3913 68 69 816
11273 4 2 1 1 2572 2872 2286 3229
11274 4 2 1 1 2584 3209 2162 3321
11275 4 2 1 1 1644 1793 1476 2738
11276 4 2 1 1 1308 1117 1310 2551
11277 4 2 1 1 3697 3851 2296 3471
11278 4 2 1 1 3551 3364 3151 2132
11279 4 2 1 1 1069 989 1080 2730
11280 4 2 1 1 473 478 472 2981
11281 4 2 1 1 2292 3022 2653 3343
11282 4 2 1 1 2255 3442 2723 3483
11283 4 2 1 1 3969 3913 68 530
11284 4 2 1 1 1166 1162 1161 3212
11285 4 2 1 1 2893 1180 1176 3523
11286 4 2 1 1 3691 1549 1653 3345
11287 4 2 1 1 2070 2646 3352 3553
11288 4 2 1 1 69 661 3913 816
11289 4 2 1 1 247 249 252 2733
11290 4 2 1 1 1715 1523 2891 1516
11291 4 2 1 1 3697 3851 3471 2939
11292 4 2 1 1 936 928 929 3091
11293 4 2 1 1 224 2495 3168 3512
11294 4 2 1 1 559 2487 3452 3533
11295 4 2 1 1 3287 3536 2670 3653
11296 4 2 1 1 2703 3392 2287 3640
11297 4 2 1 1 3043 3290 2450 3363
11298 4 2 1 1 805 2454 3129 2363
11299 4 2 1 1 511 2695 594 3481
11300 4 2 1 1 2088 2718 3134 3444
11301 4 2 1 1 1568 3509 3022 3871
11302 4 2 1 1 2406 2635 3393 2821
11303 4 2 1 1 1371 2794 1168 3523
11304 4 2 1 1 2838 3268 2222 3854
11305 4 2 1 1 2670 1257 2538 2855
11306 4 2 1 1 1361 1358 1141 3215
11307 4 2 1 1 1531 1520 2800 3617
11308 4 2 1 1 1294 1104 1385 2634
11309 4 2 1 1 2600 2323 2197 3571
11310 4 2 1 1 2412 3095 2908 3171
11311 4 2 1 1 2263 3157 2432 3411
11312 4 2 1 1 3715 2819 2228 2801
11313 4 2 1 1 3835 2872 2572 3229
11314 4 2 1 1 2301 3300 2518 3406
11315 4 2 1 1 1740 1577 2763 3394
11316 4 2 1 1 2275 2881 3627 3042
11317 4 2 1 1 1527 1525 1526 3771
11318 4 2 1 1 3811 2829 2086 2533
11319 4 2 1 1 2767 3615 3198 3645
11320 4 2 1 1 3700 3143 3528 2533
11321 4 2 1 1 2787 2399 3036 3468
11322 4 2 1 1 471 2840 476 3592
11323 4 2 1 1 1195 2792 1197 3445
11324 4 2 1 1 3686 2760 2444 3253
11325 4 2 1 1 804 3369 145 3791
11326 4 2 1 1 2956 2310 3358 3042
11327 4 2 1 1 934 3405 995 3560
11328 4 2 1 1 2437 3228 2190 3770
11329 4 2 1 1 735 829 3495 3782
11330 4 2 1 1 3834 3587 2231 2292
11331 4 2 1 1 1186 2325 1188 3588
11332 4 2 1 1 2153 3269 2589 3547
11333 4 2 1 1 1067 3962 1090 3447
11334 4 2 1 1 2582 3783 681 3872
11335 4 2 1 1 2167 3045 2617 3837
11336 4 2 1 1 3912 103 102 885
11337 4 2 1 1 620 550 609 2467
11338 4 2 1 1 2302 2807 3159 3410
11339 4 2 1 1 351 2924 343 3123
11340 4 2 1 1 2182 3382 2805 3741
11341 4 2 1 1 1563 1532 1536 2979
11342 4 2 1 1 3715 2228 2819 2611
11343 4 2 1 1 2221 3561 2772 3680
11344 4 2 1 1 1740 2591 1588 3819
11345 4 2 1 1 2273 2778 3614 2643
11346 4 2 1 1 2074 2499 2933 3786
11347 4 2 1 1 2159 2956 2700 3042
11348 4 2 1 1 1222 3102 1205 3799
11349 4 2 1 1 2718 2410 3134 3444
11350 4 2 1 1 2595 699 3487 3858
11351 4 2 1 1 289 371 3391 378
11352 4 2 1 1 2914 3546 2226 3644
11353 4 2 1 1 2140 3040 3715 3751
11354 4 2 1 1 1336 3896 1428 3841
11355 4 2 1 1 3054 3252 2147 2843
11356 4 2 1 1 2749 3083 2402 3306
11357 4 2 1 1 3220 2142 2320 3723
11358 4 2 1 1 2139 3493 2947 3831
11359 4 2 1 1 2292 3258 2913 3574
11360 4 2 1 1 3601 3869 3338 2426
11361 4 2 1 1 3676 1332 1123 2711
11362 4 2 1 1 320 403 321 3446
11363 4 2 1 1 354 2986 352 3164
11364 4 2 1 1 2102 3489 3582 3804
11365 4 2 1 1 2097 3334 2491 3803
11366 4 2 1 1 441 3974 3664 3912
11367 4 2 1 1 3824 616 577 617
11368 4 2 1 1 655 734 862 3001
11369 4 2 1 1 3912 1040 103 885
11370 4 2 1 1 2288 2442 3282 3641
11371 4 2 1 1 2230 2981 3302 2439
11372 4 2 1 1 1598 1744 1596 2716
11373 4 2 1 1 721 3187 2642 3839
11374 4 2 1 1 1174 3726 2723 3776
11375 4 2 1 1 1306 1355 2600 3264
11376 4 2 1 1 2458 3518 2266 3655
11377 4 2 1 1 2616 2171 3761 3800
11378 4 2 1 1 2551 2203 3107 3754
11379 4 2 1 1 916 918 917 3367
11380 4 2 1 1 502 491 2886 3211
11381 4 2 1 1 2435 3457 2987 3477
11382 4 2 1 1 1372 1384 1381 2928
11383 4 2 1 1 2542 3306 2433 3873
11384 4 2 1 1 3174 2346 3032 2122
11385 4 2 1 1 2110 3343 2527 3473
11386 4 2 1 1 3123 3239 2321 3709
11387 4 2 1 1 741 2615 3745 3737
11388 4 2 1 1 2351 2776 2664 3405
11389 4 2 1 1 1422 3287 2670 3653
11390 4 2 1 1 458 482 593 3211
11391 4 2 1 1 2530 2865 2243 3548
11392 4 2 1 1 361 351 3123 3239
11393 4 2 1 1 1034 937 938 3816
11394 4 2 1 1 2164 3241 2888 3298
11395 4 2 1 1 2817 2881 2077 3457
11396 4 2 1 1 2702 2914 2076 3630
11397 4 2 1 1 2927 646 644 590
11398 4 2 1 1 1776 3173 1691 3225
11399 4 2 1 1 2113 2547 3307 3856
11400 4 2 1 1 2898 2365 3537 3846
11401 4 2 1 1 3690 2713 2256 2679
11402 4 2 1 1 2127 2674 2808 2418
11403 4 2 1 1 951 2991 960 3541
11404 4 2 1 1 3338 3869 3601 2841
11405 4 2 1 1 2511 3715 3040 3751
11406 4 2 1 1 1252 1261 1262 3313
11407 4 2 1 1 796 790 789 2744
11408 4 2 1 1 2370 2097 2748 3320
11409 4 2 1 1 1671 3069 1604 3651
11410 4 2 1 1 1065 876 982 3140
11411 4 2 1 1 229 231 3167 3815
11412 4 2 1 1 1237 3191 2529 3653
11413 4 2 1 1 2174 2833 2572 3395
11414 4 2 1 1 249 330 259 3244
11415 4 2 1 1 1278 1391 1393 3035
11416 4 2 1 1 2179 2991 3153 3578
11417 4 2 1 1 1727 1568 3022 3871
11418 4 2 1 1 2860 3502 2294 3865
11419 4 2 1 1 1414 2874 3264 2323
11420 4 2 1 1 1182 1380 3653 3776
11421 4 2 1 1 2841 3526 577 3824
11422 4 2 1 1 3076 3532 2959 2109
11423 4 2 1 1 694 703 3071 3768
11424 4 2 1 1 310 2761 425 2421
11425 4 2 1 1 739 660 2736 3344
11426 4 2 1 1 944 937 2741 3679
11427 4 2 1 1 2687 2972 2331 3485
11428 4 2 1 1 468 3051 2888 3298
11429 4 2 1 1 583 576 578 2605
11430 4 2 1 1 2089 2578 2996 2160
11431 4 2 1 1 2086 3143 2533 2701
11432 4 2 1 1 1586 3073 1734 3819
11433 4 2 1 1 923 928 1007 3336
11434 4 2 1 1 1424 2574 1352 3569
11435 4 2 1 1 3926 1651 1469 2700
11436 4 2 1 1 1293 1251 1392 3809
11437 4 2 1 1 1057 3267 948 3832
11438 4 2 1 1 3231 3043 2381 3290
11439 4 2 1 1 599 630 475 3439
11440 4 2 1 1 3145 3417 2356 3542
11441 4 2 1 1 2181 2585 3139 3792
11442 4 2 1 1 2146 2884 2841 3526
11443 4 2 1 1 2251 2616 2820 3842
11444 4 2 1 1 297 286 303 3108
11445 4 2 1 1 2101 2502 3149 3449
11446 4 2 1 1 2158 3518 2809 2389
11447 4 2 1 1 1138 1137 1136 3610
11448 4 2 1 1 1184 1136 2999 3138
11449 4 2 1 1 441 3974 3912 102
11450 4 2 1 1 2518 3361 2234 3666
11451 4 2 1 1 2276 2766 3317 3698
11452 4 2 1 1 2824 3713 2171 3761
11453 4 2 1 1 781 837 825 2773
11454 4 2 1 1 2370 2097 3320 2936
11455 4 2 1 1 2337 3095 2740 3435
11456 4 2 1 1 2484 2119 3386 3492
11457 4 2 1 1 3912 1079 1040 885
11458 4 2 1 1 2209 2553 3210 3428
11459 4 2 1 1 2118 2989 3089 3873
11460 4 2 1 1 2215 3625 3345 3691
11461 4 2 1 1 2547 2878 3455 3850
11462 4 2 1 1 3912 1079 885 3664
11463 4 2 1 1 505 502 2886 3408
11464 4 2 1 1 3153 3379 2768 3578
11465 4 2 1 1 180 181 1757 3911
11466 4 2 1 1 2243 3497 3548 3593
11467 4 2 1 1 2651 2136 3213 3350
11468 4 2 1 1 2504 3151 2628 3364
11469 4 2 1 1 2515 3376 2706 3519
11470 4 2 1 1 2458 3734 2954 3805
11471 4 2 1 1 3853 2103 2469 3294
11472 4 2 1 1 2064 3081 2496 3802
11473 4 2 1 1 3083 3870 3306 3873
11474 4 2 1 1 2535 3137 2223 3779
11475 4 2 1 1 2198 2731 2834 2952
11476 4 2 1 1 2601 2113 2509 3453
11477 4 2 1 1 2802 3102 2206 3598
11478 4 2 1 1 551 3227 2477 3823
11479 4 2 1 1 3121 3130 2253 3461
11480 4 2 1 1 506 599 502 3408
11481 4 2 1 1 2159 2813 3627 3042
11482 4 2 1 1 2285 2876 2701 2106
11483 4 2 1 1 1087 1072 988 3484
11484 4 2 1 1 2178 2666 3400 3866
11485 4 2 1 1 2805 2864 2206 3355
11486 4 2 1 1 2362 2735 3065 3366
11487 4 2 1 1 2670 3536 3150 3650
11488 4 2 1 1 2208 2891 2527 3299
11489 4 2 1 1 813 697 702 2932
11490 4 2 1 1 704 3487 699 3858
11491 4 2 1 1 3853 2469 2103 3179
11492 4 2 1 1 620 550 2467 3467
11493 4 2 1 1 584 3881 116 3948
11494 4 2 1 1 1643 3925 1476 1479
11495 4 2 1 1 2143 2643 2861 3614
11496 4 2 1 1 3085 3134 2302 3349
11497 4 2 1 1 439 3990 552 3039
11498 4 2 1 1 3240 3583 2380 3778
11499 4 2 1 1 401 3949 395 2421
11500 4 2 1 1 1609 1540 1538 3333
11501 4 2 1 1 775 3972 667 2724
11502 4 2 1 1 1177 1174 1175 2723
11503 4 2 1 1 2514 3272 2998 2115
11504 4 2 1 1 3911 3981 1094 3140
11505 4 2 1 1 2767 3378 2267 3048
11506 4 2 1 1 1337 3017 1396 3328
11507 4 2 1 1 2710 3109 2293 3650
11508 4 2 1 1 2335 3002 2936 3212
11509 4 2 1 1 781 2773 825 3775
11510 4 2 1 1 3911 3981 180 1094
11511 4 2 1 1 3350 796 2450 2744
11512 4 2 1 1 1416 3321 2470 3840
11513 4 2 1 1 540 541 429 2634
11514 4 2 1 1 548 3398 547 3613
11515 4 2 1 1 2517 3096 2180 3414
11516 4 2 1 1 510 521 527 3105
11517 4 2 1 1 3249 3545 2435 3693
11518 4 2 1 1 1571 3691 1653 3625
11519 4 2 1 1 2080 2912 2613 3158
11520 4 2 1 1 2322 3445 2792 3855
11521 4 2 1 1 2166 2963 3374 3773
11522 4 2 1 1 857 701 2973 3230
11523 4 2 1 1 2233 3472 2667 3777
11524 4 2 1 1 973 3114 976 975
11525 4 2 1 1 569 573 570 2903
11526 4 2 1 1 1687 2675 1503 1506
11527 4 2 1 1 3387 2248 2864 2123
11528 4 2 1 1 2485 3239 2795 3692
11529 4 2 1 1 1801 1763 1667 3290
11530 4 2 1 1 1753 1591 1748 3348
11531 4 2 1 1 815 724 833 3187
11532 4 2 1 1 2113 3722 2509 2289
11533 4 2 1 1 1728 3509 1568 3871
11534 4 2 1 1 3254 3436 2110 3701
11535 4 2 1 1 710 3152 2615 3737
11536 4 2 1 1 3350 2450 796 3250
11537 4 2 1 1 3664 1079 885 1047
11538 4 2 1 1 1200 1369 1404 3274
11539 4 2 1 1 3119 3798 2899 2246
11540 4 2 1 1 1757 3968 2673 3911
11541 4 2 1 1 2263 2814 2880 3169
11542 4 2 1 1 574 2559 3342 3567
11543 4 2 1 1 1345 3618 3918 3203
11544 4 2 1 1 2156 2642 3094 3187
11545 4 2 1 1 2797 2959 2408 3076
11546 4 2 1 1 3018 3658 3778 2596
11547 4 2 1 1 2358 3192 2715 2771
11548 4 2 1 1 3290 1762 1667 3043
11549 4 2 1 1 2130 2761 2624 3689
11550 4 2 1 1 2427 3553 3268 3854
11551 4 2 1 1 1529 2543 1520 3617
11552 4 2 1 1 3001 2121 2576 3559
11553 4 2 1 1 3911 2673 1757 3140
11554 4 2 1 1 3968 876 3911 181
11555 4 2 1 1 685 701 684 2973
11556 4 2 1 1 2823 3595 1513 3749
11557 4 2 1 1 2128 3620 3786 3820
11558 4 2 1 1 2459 2288 2096 3644
11559 4 2 1 1 2459 3280 3546 3644
11560 4 2 1 1 446 643 525 2565
11561 4 2 1 1 1540 2756 1541 3333
11562 4 2 1 1 2394 3434 2610 3464
11563 4 2 1 1 1356 3005 1397 3501
11564 4 2 1 1 893 1008 1063 2738
11565 4 2 1 1 2997 3593 3678 2492
11566 4 2 1 1 715 3399 714 3683
11567 4 2 1 1 1422 1333 1386 3653
11568 4 2 1 1 2644 3092 2227 3728
11569 4 2 1 1 1729 2540 2939 3543
11570 4 2 1 1 3910 1439 2709 1126
11571 4 2 1 1 2104 3528 2533 3684
11572 4 2 1 1 375 2485 278 3850
11573 4 2 1 1 1173 3726 1174 3776
11574 4 2 1 1 1592 3430 2588 3826
11575 4 2 1 1 3209 1264 1302 3321
11576 4 2 1 1 2228 3244 2755 2275
11577 4 2 1 1 3910 124 123 1126
11578 4 2 1 1 395 3688 3949 15
11579 4 2 1 1 2429 3018 2712 3560
11580 4 2 1 1 2239 3493 2688 3760
11581 4 2 1 1 448 3886 440 447
11582 4 2 1 1 727 3514 676 771
11583 4 2 1 1 3122 3695 602 467
11584 4 2 1 1 2175 3039 2608 3430
11585 4 2 1 1 1369 1376 1256 3274
11586 4 2 1 1 2814 2880 2311 3829
11587 4 2 1 1 2127 2808 2674 3301
11588 4 2 1 1 2558 3311 2533 3811
11589 4 2 1 1 2252 3149 2502 3449
11590 4 2 1 1 2357 3203 3505 2195
11591 4 2 1 1 2240 2953 2613 3403
11592 4 2 1 1 2613 2912 2207 3158
11593 4 2 1 1 1625 1642 1640 3006
11594 4 2 1 1 2579 3015 2713 3354
11595 4 2 1 1 2307 2498 3815 3849
11596 4 2 1 1 2272 2590 2337 3857
11597 4 2 1 1 2239 2925 3337 3667
11598 4 2 1 1 2180 2829 2997 2808
11599 4 2 1 1 3910 3991 864 2709
11600 4 2 1 1 2396 2983 2725 3178
11601 4 2 1 1 2794 2856 2165 3788
11602 4 2 1 1 3190 2887 1316 2458
11603 4 2 1 1 1571 1653 3691 1551
11604 4 2 1 1 3921 373 394 2990
11605 4 2 1 1 1009 3885 877 3420
11606 4 2 1 1 2104 3120 2533 3528
11607 4 2 1 1 1126 3910 124 1341
11608 4 2 1 1 461 3263 475 3439
11609 4 2 1 1 3130 3720 3121 2253
11610 4 2 1 1 959 2849 950 958
11611 4 2 1 1 1126 3910 1341 2810
11612 4 2 1 1 1292 1297 2954 3445
11613 4 2 1 1 3921 1421 2990 1105
11614 4 2 1 1 3072 2564 2073 2216
11615 4 2 1 1 2095 3142 2589 3322
11616 4 2 1 1 310 3182 2761 2421
11617 4 2 1 1 2913 3022 2292 3574
11618 4 2 1 1 2474 3442 3240 3583
11619 4 2 1 1 2253 3259 2648 3461
11620 4 2 1 1 2135 2598 2942 3615
11621 4 2 1 1 918 2523 3367 3718
11622 4 2 1 1 2226 3546 3280 3644
11623 4 2 1 1 2310 2956 3719 3042
11624 4 2 1 1 438 3398 3919 3459
11625 4 2 1 1 2562 3323 874 3591
11626 4 2 1 1 2101 3012 2742 3572
11627 4 2 1 1 1244 1256 1221 3349
11628 4 2 1 1 663 863 808 3599
11629 4 2 1 1 714 3399 3366 3683
11630 4 2 1 1 2821 2577 2244 2767
11631 4 2 1 1 2242 3018 2596 3658
11632 4 2 1 1 757 748 750 2904
11633 4 2 1 1 750 749 751 2904
11634 4 2 1 1 2179 3341 2830 3642
11635 4 2 1 1 2270 2896 3048 2424
11636 4 2 1 1 3190 1316 2887 1216
11637 4 2 1 1 1126 2709 3910 2810
11638 4 2 1 1 1458 1667 3043 3363
11639 4 2 1 1 286 268 374 3491
11640 4 2 1 1 1691 3225 3173 3657
11641 4 2 1 1 3945 888 3882 159
11642 4 2 1 1 789 796 2744 3836
11643 4 2 1 1 2568 2215 3345 3691
11644 4 2 1 1 1112 167 166 3423
11645 4 2 1 1 1748 3348 1591 3430
11646 4 2 1 1 2440 3289 2213 3844
11647 4 2 1 1 1112 3423 166 3840
11648 4 2 1 1 2862 2962 2331 3581
11649 4 2 1 1 2435 3249 3007 3545
11650 4 2 1 1 537 3925 443 2738
11651 4 2 1 1 1436 2599 1407 3558
11652 4 2 1 1 3330 988 1087 990
11653 4 2 1 1 2382 2455 3549 3767
11654 4 2 1 1 3905 343 2924 3123
11655 4 2 1 1 220 2599 319 3558
11656 4 2 1 1 2222 3268 3553 3854
11657 4 2 1 1 818 698 696 3214
11658 4 2 1 1 3071 3214 3012 3839
11659 4 2 1 1 334 337 390 2606
11660 4 2 1 1 3135 2401 3221 3556
11661 4 2 1 1 1704 1609 1538 3362
11662 4 2 1 1 1673 1704 1493 3362
11663 4 2 1 1 2080 2953 3296 3403
11664 4 2 1 1 647 3302 2685 3613
11665 4 2 1 1 655 73 72 3909
11666 4 2 1 1 324 214 413 3460
11667 4 2 1 1 352 336 209 2574
11668 4 2 1 1 507 565 450 3454
11669 4 2 1 1 2730 3679 2521 3696
11670 4 2 1 1 1096 2497 2828 942
11671 4 2 1 1 2251 2656 2935 3842
11672 4 2 1 1 2496 3278 2896 3393
11673 4 2 1 1 3196 3400 2178 3145
11674 4 2 1 1 2360 2832 2092 2342
11675 4 2 1 1 3040 3194 2511 3751
11676 4 2 1 1 2565 1755 3104 3451
11677 4 2 1 1 405 406 347 3239
11678 4 2 1 1 1580 3358 2956 3797
11679 4 2 1 1 2691 3371 2465 3480
11680 4 2 1 1 2808 3811 3301 2558
11681 4 2 1 1 2195 3444 2958 3534
11682 4 2 1 1 2089 2996 2578 3222
11683 4 2 1 1 1049 1005 1061 2910
11684 4 2 1 1 2241 3090 2891 3473
11685 4 2 1 1 2207 3238 2719 3810
11686 4 2 1 1 507 3166 531 3454
11687 4 2 1 1 821 3768 3250 3839
11688 4 2 1 1 2148 2594 3154 3236
11689 4 2 1 1 2790 2960 2398 2091
11690 4 2 1 1 3879 3985 3104 539
11691 4 2 1 1 2511 2254 3226 3827
11692 4 2 1 1 719 702 713 3596
11693 4 2 1 1 502 599 593 3211
11694 4 2 1 1 1178 1320 1319 3603
11695 4 2 1 1 2801 2310 2254 3715
11696 4 2 1 1 1279 2519 1247 3796
11697 4 2 1 1 2095 2557 3322 2423
11698 4 2 1 1 664 142 3883 673
11699 4 2 1 1 1186 2775 3588 1334
11700 4 2 1 1 3611 2255 2443 3224
11701 4 2 1 1 1658 2719 1792 3810
11702 4 2 1 1 2514 3726 1173 3776
11703 4 2 1 1 778 3954 3488 861
11704 4 2 1 1 1528 3670 1558 3136
11705 4 2 1 1 2164 3291 3298 3869
11706 4 2 1 1 2171 3713 2616 3761
11707 4 2 1 1 2161 3168 2562 3865
11708 4 2 1 1 2149 2501 3365 3757
11709 4 2 1 1 3909 829 72 655
11710 4 2 1 1 2961 2092 2531 2342
11711 4 2 1 1 1075 961 962 3446
11712 4 2 1 1 506 629 599 3408
11713 4 2 1 1 2804 3466 2383 3089
11714 4 2 1 1 2452 2648 3259 3461
11715 4 2 1 1 2851 3454 3166 3845
11716 4 2 1 1 2364 3152 2976 3514
11717 4 2 1 1 2245 3279 2596 3675
11718 4 2 1 1 655 3954 861 73
11719 4 2 1 1 3611 2443 2255 2911
11720 4 2 1 1 791 3350 792 2636
11721 4 2 1 1 1630 3358 2627 3827
11722 4 2 1 1 2616 3713 2423 3761
11723 4 2 1 1 2177 2851 3166 3845
11724 4 2 1 1 2110 2527 3116 3473
11725 4 2 1 1 1258 1281 1250 2855
11726 4 2 1 1 2723 3272 2115 3109
11727 4 2 1 1 685 683 686 3872
11728 4 2 1 1 1521 1533 1522 3299
11729 4 2 1 1 3909 3977 619 72
11730 4 2 1 1 2273 3379 3577 3578
11731 4 2 1 1 1735 3256 2747 3407
11732 4 2 1 1 2459 3280 2787 3468
11733 4 2 1 1 2364 2976 3178 3514
11734 4 2 1 1 2424 2797 2975 3174
11735 4 2 1 1 2991 3153 2351 3446
11736 4 2 1 1 906 908 924 2528
11737 4 2 1 1 2568 2837 2299 3691
11738 4 2 1 1 1339 1129 1318 3331
11739 4 2 1 1 2204 3172 2697 3416
11740 4 2 1 1 2135 2641 2767 3615
11741 4 2 1 1 537 3218 524 3305
11742 4 2 1 1 2825 3479 2232 3631
11743 4 2 1 1 1655 1643 1480 3128
11744 4 2 1 1 821 3768 3839 703
11745 4 2 1 1 221 2709 3979 3512
11746 4 2 1 1 2917 288 382 279
11747 4 2 1 1 2261 3383 2751 2397
11748 4 2 1 1 2997 3678 3593 2107
11749 4 2 1 1 265 273 277 2611
11750 4 2 1 1 790 791 654 3538
11751 4 2 1 1 1183 3261 1209 3340
11752 4 2 1 1 2200 3118 3304 3756
11753 4 2 1 1 1124 2549 1298 3662
11754 4 2 1 1 2779 3852 2693 2128
11755 4 2 1 1 2831 2268 3325 3608
11756 4 2 1 1 1671 1604 1670 3651
11757 4 2 1 1 3209 2466 1222 3799
11758 4 2 1 1 1640 1608 1647 3641
11759 4 2 1 1 2137 2792 2322 3564
11760 4 2 1 1 2566 2626 3228 3770
11761 4 2 1 1 2235 2968 3466 3629
11762 4 2 1 1 3161 3188 707 3576
11763 4 2 1 1 780 716 723 3094
11764 4 2 1 1 2575 2193 3028 3368
11765 4 2 1 1 979 2672 980 3314
11766 4 2 1 1 2238 3038 3066 2834
11767 4 2 1 1 3590 3157 2174 3724
11768 4 2 1 1 1785 1665 1756 3637
11769 4 2 1 1 164 889 3884 1029
11770 4 2 1 1 3845 2683 3624 2324
11771 4 2 1 1 1115 1128 1129 3331
11772 4 2 1 1 2762 3346 2382 2310
11773 4 2 1 1 343 351 344 2924
11774 4 2 1 1 226 283 224 3168
11775 4 2 1 1 734 3909 655 829
11776 4 2 1 1 811 14 15 3688
11777 4 2 1 1 2527 2891 2208 3473
11778 4 2 1 1 2510 3195 1326 3676
11779 4 2 1 1 2238 3066 3038 3750
11780 4 2 1 1 2549 2203 3107 3730
11781 4 2 1 1 713 3366 810 3663
11782 4 2 1 1 1760 1788 1478 2522
11783 4 2 1 1 540 2634 3381 3712
11784 4 2 1 1 2253 2622 3513 3720
11785 4 2 1 1 448 507 450 3166
11786 4 2 1 1 2267 3378 2767 2641
11787 4 2 1 1 3461 2728 2253 3259
11788 4 2 1 1 657 2773 837 3363
11789 4 2 1 1 2950 3601 2426 3869
11790 4 2 1 1 939 957 950 3623
11791 4 2 1 1 2209 3210 2553 3487
11792 4 2 1 1 2229 2934 2544 3534
11793 4 2 1 1 2340 3327 2791 3551
11794 4 2 1 1 1484 2846 1485 3265
11795 4 2 1 1 811 15 656 3688
11796 4 2 1 1 2256 2513 3095 3868
11797 4 2 1 1 3950 428 3881 117
11798 4 2 1 1 1297 1240 2954 3864
11799 4 2 1 1 1177 2723 1175 3483
11800 4 2 1 1 2306 2749 2542 3733
11801 4 2 1 1 2809 2266 3518 3655
11802 4 2 1 1 2917 2361 3286 3059
11803 4 2 1 1 379 393 389 3223
11804 4 2 1 1 811 666 14 3688
11805 4 2 1 1 662 3637 805 3775
11806 4 2 1 1 144 653 782 3369
11807 4 2 1 1 2188 3530 3524 3848
11808 4 2 1 1 2158 2216 2564 2389
11809 4 2 1 1 2520 3236 2148 3347
11810 4 2 1 1 877 1006 161 3885
11811 4 2 1 1 1458 152 151 3908
11812 4 2 1 1 711 679 824 3276
11813 4 2 1 1 2547 3432 2878 3850
11814 4 2 1 1 2898 3315 986 3484
11815 4 2 1 1 2144 3159 2807 3410
11816 4 2 1 1 2532 2308 3121 3720
11817 4 2 1 1 307 2562 212 3591
11818 4 2 1 1 2426 2703 2071 3392
11819 4 2 1 1 2456 3550 2649 3721
11820 4 2 1 1 1278 3035 1393 3808
11821 4 2 1 1 1055 1017 3141 3525
11822 4 2 1 1 925 1013 3113 3817
11823 4 2 1 1 3772 1014 1010 1015
11824 4 2 1 1 2208 3116 2455 3299
11825 4 2 1 1 370 293 2619 3674
11826 4 2 1 1 2599 3153 2991 3446
11827 4 2 1 1 151 1458 3908 3363
11828 4 2 1 1 543 2549 444 3662
11829 4 2 1 1 3057 3649 2588 2095
11830 4 2 1 1 2200 2391 3364 3304
11831 4 2 1 1 2215 3284 2568 3345
11832 4 2 1 1 2531 2631 3246 2167
11833 4 2 1 1 3845 3624 2683 2728
11834 4 2 1 1 2530 2172 3087 3696
11835 4 2 1 1 3835 2872 3229 2137
11836 4 2 1 1 795 3250 834 3768
11837 4 2 1 1 317 2660 205 3353
11838 4 2 1 1 1104 1394 1385 3115
11839 4 2 1 1 1192 1194 1195 2895
11840 4 2 1 1 825 2773 3908 3775
11841 4 2 1 1 805 3129 2454 3637
11842 4 2 1 1 3276 679 677 2976
11843 4 2 1 1 2172 2530 3087 2857
11844 4 2 1 1 2143 2356 2733 2836
11845 4 2 1 1 1116 2495 1417 3841
11846 4 2 1 1 249 247 248 2733
11847 4 2 1 1 1803 3140 1670 3651
11848 4 2 1 1 2079 2453 3259 3594
11849 4 2 1 1 2228 2847 2611 3478
11850 4 2 1 1 2250 2811 2463 3202
11851 4 2 1 1 1236 1202 1364 2802
11852 4 2 1 1 2169 2506 3543 3847
11853 4 2 1 1 3889 1318 3331 1339
11854 4 2 1 1 2206 3419 2539 3687
11855 4 2 1 1 2178 2481 3660 3746
11856 4 2 1 1 2746 2858 2169 3471
11857 4 2 1 1 541 2634 540 3712
11858 4 2 1 1 485 612 462 3099
11859 4 2 1 1 2283 3287 3248 3536
11860 4 2 1 1 1692 3052 2756 2329
11861 4 2 1 1 2143 2356 2836 3746
11862 4 2 1 1 2202 2529 2911 3611
11863 4 2 1 1 3173 3225 2541 3657
11864 4 2 1 1 3882 1122 2461 3440
11865 4 2 1 1 2409 3135 2594 3205
11866 4 2 1 1 2075 2530 3548 3777
11867 4 2 1 1 871 3289 3152 3863
11868 4 2 1 1 2428 3248 3287 3536
11869 4 2 1 1 2511 3226 2254 3412
11870 4 2 1 1 3224 3583 2830 3611
11871 4 2 1 1 1328 1169 1170 2940
11872 4 2 1 1 2101 2402 2502 3449
11873 4 2 1 1 492 3406 2480 3666
11874 4 2 1 1 2781 2811 2463 3609
11875 4 2 1 1 1013 2977 3475 3817
11876 4 2 1 1 2816 3498 2477 3613
11877 4 2 1 1 1425 1352 1099 3665
11878 4 2 1 1 3908 1458 2773 3363
11879 4 2 1 1 2698 2900 2196 3267
11880 4 2 1 1 184 183 3907 1467
11881 4 2 1 1 2959 3234 2478 3413
11882 4 2 1 1 2776 3577 2664 2131
11883 4 2 1 1 2587 2977 2236 3271
11884 4 2 1 1 305 2709 3168 3591
11885 4 2 1 1 322 323 272 3379
11886 4 2 1 1 893 2738 3971 3729
11887 4 2 1 1 2309 3013 2745 3260
11888 4 2 1 1 2928 3217 2206 3355
11889 4 2 1 1 1028 2638 1029 3840
11890 4 2 1 1 3883 3711 1473 2396
11891 4 2 1 1 353 337 352 2986
11892 4 2 1 1 616 614 3099 3526
11893 4 2 1 1 1507 1508 3441 3756
11894 4 2 1 1 1694 1767 1804 3245
11895 4 2 1 1 2407 2090 3727 3781
11896 4 2 1 1 1688 2946 2381 1552
11897 4 2 1 1 2524 3155 3019 3479
11898 4 2 1 1 288 2990 302 3059
11899 4 2 1 1 2150 3087 2521 3696
11900 4 2 1 1 2445 2919 1543 3486
11901 4 2 1 1 3711 1636 1788 1632
11902 4 2 1 1 3075 3497 3019 3593
11903 4 2 1 1 1268 1264 1266 3321
11904 4 2 1 1 2079 2572 3424 3835
11905 4 2 1 1 2672 2964 3285 3314
11906 4 2 1 1 1582 1562 1661 2837
11907 4 2 1 1 2537 3079 3590 3663
11908 4 2 1 1 2101 2402 3083 2502
11909 4 2 1 1 1767 3941 1694 1467
11910 4 2 1 1 1178 1400 1320 2918
11911 4 2 1 1 2512 3298 3291 3869
11912 4 2 1 1 2148 3515 2994 3868
11913 4 2 1 1 2324 2851 2735 3845
11914 4 2 1 1 2886 3211 491 3666
11915 4 2 1 1 428 615 3005 3501
11916 4 2 1 1 3018 3778 3658 2081
11917 4 2 1 1 273 2611 3412 3669
11918 4 2 1 1 1363 3476 1156 2325
11919 4 2 1 1 589 3974 3160 3664
11920 4 2 1 1 429 541 555 3115
11921 4 2 1 1 983 984 985 2898
11922 4 2 1 1 3573 2489 2166 3374
11923 4 2 1 1 1546 1732 1724 2915
11924 4 2 1 1 1727 1728 1568 3871
11925 4 2 1 1 1511 2387 1733 2747
11926 4 2 1 1 2392 3587 2231 3654
11927 4 2 1 1 2200 2391 3304 2707
11928 4 2 1 1 3834 3587 2292 2705
11929 4 2 1 1 2796 3180 2581 3539
11930 4 2 1 1 2564 2266 3518 2389
11931 4 2 1 1 1467 3941 1694 183
11932 4 2 1 1 2296 2662 3697 3833
11933 4 2 1 1 2328 2960 2790 2091
11934 4 2 1 1 769 870 3928 3097
11935 4 2 1 1 914 931 1056 2854
11936 4 2 1 1 744 742 2680 873
11937 4 2 1 1 1414 2874 1276 3264
11938 4 2 1 1 2567 3743 313 3752
11939 4 2 1 1 3573 2166 2489 3108
11940 4 2 1 1 2192 2536 3227 3619
11941 4 2 1 1 2514 3433 2940 3776
11942 4 2 1 1 1632 1636 1623 3009
11943 4 2 1 1 440 109 3886 3381
11944 4 2 1 1 3145 3196 2448 3438
11945 4 2 1 1 808 766 835 3599
11946 4 2 1 1 2706 3376 2182 3519
11947 4 2 1 1 2408 2089 2578 3375
11948 4 2 1 1 1226 2657 1245 3774
11949 4 2 1 1 99 98 637 3919
11950 4 2 1 1 177 178 1685 3447
11951 4 2 1 1 1462 1685 178 3447
11952 4 2 1 1 3061 3383 2716 3499
11953 4 2 1 1 908 3359 909 3113
11954 4 2 1 1 2380 3109 2729 3583
11955 4 2 1 1 2731 2834 2290 3731
11956 4 2 1 1 316 205 317 2660
11957 4 2 1 1 2243 3125 2517 3273
11958 4 2 1 1 2542 3083 2749 3306
11959 4 2 1 1 408 370 217 2545
11960 4 2 1 1 1267 1222 3209 3818
11961 4 2 1 1 2831 2604 3608 2199
11962 4 2 1 1 1585 2929 1710 3543
11963 4 2 1 1 2390 3106 3057 3408
11964 4 2 1 1 2252 2502 3206 3449
11965 4 2 1 1 528 500 517 3023
11966 4 2 1 1 2735 2851 2177 3845
11967 4 2 1 1 1486 3265 1485 3456
11968 4 2 1 1 1738 1699 1517 2972
11969 4 2 1 1 926 943 1036 3679
11970 4 2 1 1 2640 3271 2236 3475
11971 4 2 1 1 310 339 425 2761
11972 4 2 1 1 2210 2458 3190 3378
11973 4 2 1 1 3668 3189 3335 2471
11974 4 2 1 1 2291 2982 2593 3183
11975 4 2 1 1 2964 2853 3846 3654
11976 4 2 1 1 2256 2994 2513 3868
11977 4 2 1 1 574 3342 645 3567
11978 4 2 1 1 3611 3191 3109 2529
11979 4 2 1 1 1487 2649 1489 3485
11980 4 2 1 1 935 1019 1020 2845
11981 4 2 1 1 2180 3200 2708 3414
11982 4 2 1 1 2229 3410 2696 3482
11983 4 2 1 1 2475 2173 3266 3288
11984 4 2 1 1 3934 1457 3226 1778
11985 4 2 1 1 2104 2468 3639 3717
11986 4 2 1 1 3019 3155 2492 3479
11987 4 2 1 1 299 2511 3412 3226
11988 4 2 1 1 2098 2896 3048 3186
11989 4 2 1 1 448 3166 2510 3676
11990 4 2 1 1 3529 3864 1234 3049
11991 4 2 1 1 2316 3667 3382 3741
11992 4 2 1 1 3887 88 581 3342
11993 4 2 1 1 2291 2593 2982 3714
11994 4 2 1 1 2175 2818 2588 3649
11995 4 2 1 1 2827 718 3487 783
11996 4 2 1 1 2673 2269 3314 3846
11997 4 2 1 1 1116 3512 2495 3841
11998 4 2 1 1 3038 2834 2759 2476
11999 4 2 1 1 2143 2861 2643 2214
12000 4 2 1 1 2455 2208 3299 2597
12001 4 2 1 1 1789 1617 1671 3069
12002 4 2 1 1 2265 3545 3249 3693
12003 4 2 1 1 841 2696 848 3646
12004 4 2 1 1 2102 3489 3205 3582
12005 4 2 1 1 1770 1624 2678 3585
12006 4 2 1 1 2813 3042 2275 3627
12007 4 2 1 1 2465 3371 2691 2300
12008 4 2 1 1 222 301 419 2522
12009 4 2 1 1 2209 2757 3428 3572
12010 4 2 1 1 2323 3420 2874 3503
12011 4 2 1 1 2119 2697 2430 3386
12012 4 2 1 1 2654 3186 2270 3681
12013 4 2 1 1 2759 2834 3038 2238
12014 4 2 1 1 1309 2957 1373 3390
12015 4 2 1 1 3230 684 799 701
12016 4 2 1 1 3271 972 970 2384
12017 4 2 1 1 760 761 3060 3165
12018 4 2 1 1 3733 2749 3083 2101
12019 4 2 1 1 822 3079 731 3663
12020 4 2 1 1 575 571 629 3106
12021 4 2 1 1 983 2898 1065 3314
12022 4 2 1 1 3668 3335 3189 2260
12023 4 2 1 1 910 909 907 3359
12024 4 2 1 1 3447 3966 177 1068
12025 4 2 1 1 883 1046 956 2607
12026 4 2 1 1 667 777 2724 3488
12027 4 2 1 1 3878 1301 3328 1120
12028 4 2 1 1 2098 2896 3500 3570
12029 4 2 1 1 1737 1712 1735 3705
12030 4 2 1 1 2196 3044 2900 3056
12031 4 2 1 1 450 452 451 3175
12032 4 2 1 1 3271 970 972 971
12033 4 2 1 1 2893 1176 1180 1206
12034 4 2 1 1 2390 3057 3106 3437
12035 4 2 1 1 966 965 967 2776
12036 4 2 1 1 1062 2434 3924 3460
12037 4 2 1 1 1672 1607 1711 2732
12038 4 2 1 1 2317 3498 2816 3613
12039 4 2 1 1 2671 2098 3570 3734
12040 4 2 1 1 2512 3291 2426 3869
12041 4 2 1 1 2800 2591 2298 3819
12042 4 2 1 1 3908 153 152 825
12043 4 2 1 1 350 345 349 3748
12044 4 2 1 1 1512 1612 1710 3543
12045 4 2 1 1 2075 2575 3028 3368
12046 4 2 1 1 2781 2463 2883 3609
12047 4 2 1 1 2209 3233 3214 3487
12048 4 2 1 1 2068 2722 3151 3375
12049 4 2 1 1 1744 1752 1453 2766
12050 4 2 1 1 2627 2310 3358 3797
12051 4 2 1 1 1488 1486 1487 3485
12052 4 2 1 1 3003 3746 3156 3794
12053 4 2 1 1 1014 889 1015 2873
12054 4 2 1 1 1619 3256 1735 3407
12055 4 2 1 1 3661 765 856 867
12056 4 2 1 1 2804 3463 2383 3629
12057 4 2 1 1 2499 2693 3852 2128
12058 4 2 1 1 2896 3393 3278 2821
12059 4 2 1 1 2205 3303 2534 3610
12060 4 2 1 1 2539 3419 2105 2525
12061 4 2 1 1 3750 3320 2491 3066
12062 4 2 1 1 168 167 1317 3906
12063 4 2 1 1 2469 3310 2146 3601
12064 4 2 1 1 2341 3291 2512 3298
12065 4 2 1 1 1409 2814 1362 3829
12066 4 2 1 1 1319 2468 3603 3633
12067 4 2 1 1 2673 2269 3140 3314
12068 4 2 1 1 1136 1134 1184 2999
12069 4 2 1 1 427 569 568 2766
12070 4 2 1 1 1696 1771 1624 3585
12071 4 2 1 1 3676 2177 2510 3195
12072 4 2 1 1 1124 1299 1298 2549
12073 4 2 1 1 2218 3056 2698 3091
12074 4 2 1 1 1072 2673 1032 1065
12075 4 2 1 1 2852 2872 2415 2311
12076 4 2 1 1 806 665 147 3888
12077 4 2 1 1 2248 2514 2998 2115
12078 4 2 1 1 2239 2854 2704 3760
12079 4 2 1 1 318 376 211 3558
12080 4 2 1 1 724 821 833 3187
12081 4 2 1 1 2573 2938 2614 3389
12082 4 2 1 1 2083 2614 2938 3389
12083 4 2 1 1 1008 3139 2738 3729
12084 4 2 1 1 167 1317 3906 3423
12085 4 2 1 1 3935 3990 3039 552
12086 4 2 1 1 2265 2964 2672 3693
12087 4 2 1 1 3676 2851 3166 2177
12088 4 2 1 1 2440 3702 2943 3872
12089 4 2 1 1 3795 1029 1016 1028
12090 4 2 1 1 431 620 609 3160
12091 4 2 1 1 2082 2717 3201 3540
12092 4 2 1 1 1242 3082 2844 3425
12093 4 2 1 1 1412 3906 3423 2431
12094 4 2 1 1 3620 3852 2779 2128
12095 4 2 1 1 482 3211 3361 3666
12096 4 2 1 1 40 1075 41 3446
12097 4 2 1 1 2320 3557 3220 3723
12098 4 2 1 1 2781 2811 3609 3621
12099 4 2 1 1 2253 2308 2622 3720
12100 4 2 1 1 3023 633 495 2685
12101 4 2 1 1 2174 3157 2833 3169
12102 4 2 1 1 504 3218 511 3481
12103 4 2 1 1 2321 3123 3006 3239
12104 4 2 1 1 992 3966 892 3699
12105 4 2 1 1 1009 899 1006 2874
12106 4 2 1 1 2834 2949 2290 3297
12107 4 2 1 1 2351 2664 2776 3577
12108 4 2 1 1 2254 2511 3715 3827
12109 4 2 1 1 3023 495 633 528
12110 4 2 1 1 2529 2202 3286 3611
12111 4 2 1 1 2349 3031 2698 3832
12112 4 2 1 1 614 485 616 3099
12113 4 2 1 1 1266 1269 2669 3356
12114 4 2 1 1 1253 3185 3190 3809
12115 4 2 1 1 779 3001 862 3559
12116 4 2 1 1 2137 2677 2792 3564
12117 4 2 1 1 2177 2777 3065 3845
12118 4 2 1 1 1773 28 29 3905
12119 4 2 1 1 3345 3625 1653 3691
12120 4 2 1 1 720 2661 3821 719
12121 4 2 1 1 2983 2725 3448 3634
12122 4 2 1 1 2791 1501 1503 1502
12123 4 2 1 1 80 439 539 3879
12124 4 2 1 1 404 3983 3934 3226
12125 4 2 1 1 2500 3220 2333 3566
12126 4 2 1 1 2079 2777 3065 3183
12127 4 2 1 1 2479 3870 3029 2746
12128 4 2 1 1 2104 2468 3528 3639
12129 4 2 1 1 2316 3462 2706 3504
12130 4 2 1 1 3387 2248 2123 2901
12131 4 2 1 1 2224 3217 2928 3355
12132 4 2 1 1 2233 2863 2730 3696
12133 4 2 1 1 1403 2873 1304 3818
12134 4 2 1 1 113 433 3946 3328
12135 4 2 1 1 1405 3251 2880 3829
12136 4 2 1 1 2304 3452 2487 3853
12137 4 2 1 1 2852 2564 3500 3518
12138 4 2 1 1 2582 3863 2440 3872
12139 4 2 1 1 3119 3798 2246 2601
12140 4 2 1 1 305 2709 221 3512
12141 4 2 1 1 1424 1099 1352 2574
12142 4 2 1 1 2258 2684 3307 3643
12143 4 2 1 1 1231 1314 1214 2892
12144 4 2 1 1 2516 3575 2357 2195
12145 4 2 1 1 2174 3157 2814 3724
12146 4 2 1 1 696 694 3071 3162
12147 4 2 1 1 797 800 665 2655
12148 4 2 1 1 3029 3870 2479 2665
12149 4 2 1 1 812 681 3783 3872
12150 4 2 1 1 1592 1591 1571 3430
12151 4 2 1 1 481 3051 468 3298
12152 4 2 1 1 2337 3021 2094 3435
12153 4 2 1 1 2631 3050 2342 3469
12154 4 2 1 1 571 575 568 3317
12155 4 2 1 1 253 366 420 3703
12156 4 2 1 1 2804 3466 3089 2968
12157 4 2 1 1 263 3673 2778 3867
12158 4 2 1 1 2106 2610 3434 3464
12159 4 2 1 1 2236 2977 2587 3477
12160 4 2 1 1 2588 1595 2915 3625
12161 4 2 1 1 2470 3321 2638 3840
12162 4 2 1 1 848 841 762 2696
12163 4 2 1 1 3095 3435 2412 3807
12164 4 2 1 1 3036 3468 2399 3638
12165 4 2 1 1 2492 3155 2829 3479
12166 4 2 1 1 3950 428 117 618
12167 4 2 1 1 965 934 2776 3405
12168 4 2 1 1 1531 1520 1586 2800
12169 4 2 1 1 1640 3006 1626 3641
12170 4 2 1 1 1650 1605 2956 3255
12171 4 2 1 1 2188 3524 3119 3848
12172 4 2 1 1 3541 3341 3199 2429
12173 4 2 1 1 3664 1079 1047 3792
12174 4 2 1 1 481 3051 3298 3824
12175 4 2 1 1 3951 445 3676 3894
12176 4 2 1 1 3905 1773 28 1772
12177 4 2 1 1 1010 1009 877 3420
12178 4 2 1 1 2911 3474 1271 3496
12179 4 2 1 1 2372 3601 2950 3869
12180 4 2 1 1 468 466 467 2888
12181 4 2 1 1 2900 3044 2418 3056
12182 4 2 1 1 284 2813 300 3506
12183 4 2 1 1 1580 1629 1649 3358
12184 4 2 1 1 422 3242 290 421
12185 4 2 1 1 2853 3368 2411 3537
12186 4 2 1 1 1776 1465 3194 3225
12187 4 2 1 1 776 3129 3077 2363
12188 4 2 1 1 3436 3508 2314 2091
12189 4 2 1 1 1730 3052 1692 2329
12190 4 2 1 1 203 344 345 3657
12191 4 2 1 1 1492 3329 2644 3705
12192 4 2 1 1 2813 3627 2275 3674
12193 4 2 1 1 816 784 855 2851
12194 4 2 1 1 2799 3054 2237 2665
12195 4 2 1 1 2293 2529 3109 3191
12196 4 2 1 1 2722 2770 2478 3555
12197 4 2 1 1 846 840 760 3165
12198 4 2 1 1 733 3399 2827 3782
12199 4 2 1 1 618 3889 597 118
12200 4 2 1 1 2230 3302 2785 3700
12201 4 2 1 1 2408 2959 2478 3413
12202 4 2 1 1 1788 3510 1636 3711
12203 4 2 1 1 1409 1362 2814 1415
12204 4 2 1 1 1485 3265 2846 3456
12205 4 2 1 1 2723 3272 3109 2293
12206 4 2 1 1 3914 881 3906 2910
12207 4 2 1 1 2223 3198 2598 3645
12208 4 2 1 1 1571 2818 1570 3691
12209 4 2 1 1 1773 3978 1452 2924
12210 4 2 1 1 743 710 767 2615
12211 4 2 1 1 2588 2818 2175 3430
12212 4 2 1 1 1773 1772 3905 3123
12213 4 2 1 1 1245 1411 3204 1444
12214 4 2 1 1 2151 2973 3489 3844
12215 4 2 1 1 1596 2369 2716 2276
12216 4 2 1 1 2387 3022 2913 3574
12217 4 2 1 1 1515 1521 1516 3843
12218 4 2 1 1 1071 3743 2567 3752
12219 4 2 1 1 2407 2090 2866 3727
12220 4 2 1 1 2588 2915 1595 2369
12221 4 2 1 1 1569 2540 2919 3851
12222 4 2 1 1 1127 1128 1115 3662
12223 4 2 1 1 343 3978 29 3905
12224 4 2 1 1 3887 580 581 87
12225 4 2 1 1 1363 1368 1150 3476
12226 4 2 1 1 1215 2887 1255 3655
12227 4 2 1 1 2827 718 783 733
12228 4 2 1 1 2816 3016 2317 3398
12229 4 2 1 1 1569 2919 2540 3429
12230 4 2 1 1 1773 3905 2924 3123
12231 4 2 1 1 2403 3145 3391 3542
12232 4 2 1 1 2360 2832 2927 2092
12233 4 2 1 1 2528 3113 3475 3545
12234 4 2 1 1 3226 3412 299 3506
12235 4 2 1 1 2277 3006 3239 3332
12236 4 2 1 1 2321 3239 3006 3332
12237 4 2 1 1 1357 1260 1169 3360
12238 4 2 1 1 2245 2474 3240 3778
12239 4 2 1 1 3965 843 658 866
12240 4 2 1 1 840 3165 2973 3702
12241 4 2 1 1 2733 2228 3244 3478
12242 4 2 1 1 2437 3146 2710 3272
12243 4 2 1 1 2094 3435 2679 3807
12244 4 2 1 1 3007 3249 2435 2090
12245 4 2 1 1 1752 2766 1744 2716
12246 4 2 1 1 2386 2757 3063 3733
12247 4 2 1 1 2326 3068 3242 3751
12248 4 2 1 1 2652 3163 2268 3184
12249 4 2 1 1 3298 3517 2341 3822
12250 4 2 1 1 1093 875 954 2690
12251 4 2 1 1 3012 3071 2417 3214
12252 4 2 1 1 2364 3514 3178 3773
12253 4 2 1 1 2911 3496 1237 2529
12254 4 2 1 1 267 3432 2867 3527
12255 4 2 1 1 203 2924 344 3657
12256 4 2 1 1 2694 2803 2244 2067
12257 4 2 1 1 950 1047 3080 3664
12258 4 2 1 1 2576 3559 2827 3782
12259 4 2 1 1 2179 2552 3088 3642
12260 4 2 1 1 1031 1059 875 2690
12261 4 2 1 1 3473 3784 2891 2241
12262 4 2 1 1 2361 2836 2778 3867
12263 4 2 1 1 2203 3044 2922 3498
12264 4 2 1 1 951 3405 2991 3541
12265 4 2 1 1 1237 3496 2911 1271
12266 4 2 1 1 1250 1249 2855 3569
12267 4 2 1 1 1486 1535 1679 3265
12268 4 2 1 1 2511 3412 2254 3715
12269 4 2 1 1 1413 1351 1275 3505
12270 4 2 1 1 908 909 3359 907
12271 4 2 1 1 2628 2200 3427 3707
12272 4 2 1 1 2876 2957 2315 2125
12273 4 2 1 1 2196 2957 2876 2125
12274 4 2 1 1 2693 3081 2320 2262
12275 4 2 1 1 678 771 676 3514
12276 4 2 1 1 1103 127 128 3904
12277 4 2 1 1 835 3034 651 3599
12278 4 2 1 1 1151 1152 1150 3476
12279 4 2 1 1 1355 1232 1306 2600
12280 4 2 1 1 731 2537 730 3663
12281 4 2 1 1 752 2993 753 3575
12282 4 2 1 1 2517 2201 3273 3490
12283 4 2 1 1 440 536 109 3381
12284 4 2 1 1 2074 3050 3566 3786
12285 4 2 1 1 909 1064 3113 3216
12286 4 2 1 1 1803 1669 1765 2659
12287 4 2 1 1 1317 1277 1412 3423
12288 4 2 1 1 262 3182 341 3465
12289 4 2 1 1 2077 2762 3070 3656
12290 4 2 1 1 1411 3204 2810 3618
12291 4 2 1 1 2097 3297 3066 2834
12292 4 2 1 1 2460 3289 3230 3844
12293 4 2 1 1 2361 3648 3059 3867
12294 4 2 1 1 2174 3169 2833 3395
12295 4 2 1 1 2290 3297 3127 3731
12296 4 2 1 1 2137 3395 2677 3835
12297 4 2 1 1 3086 3557 2320 3723
12298 4 2 1 1 1325 1119 109 3381
12299 4 2 1 1 2155 2905 2742 3677
12300 4 2 1 1 3180 3367 2523 3718
12301 4 2 1 1 2206 2539 3217 3687
12302 4 2 1 1 2767 3198 2645 3645
12303 4 2 1 1 3530 3553 2686 3352
12304 4 2 1 1 1287 1430 1290 3599
12305 4 2 1 1 3914 881 2910 1049
12306 4 2 1 1 1568 1525 3022 3784
12307 4 2 1 1 2971 3612 2353 2133
12308 4 2 1 1 1336 1427 2660 3357
12309 4 2 1 1 2363 3201 2948 2187
12310 4 2 1 1 3884 1101 1403 164
12311 4 2 1 1 2209 3210 2955 3428
12312 4 2 1 1 1763 1768 1706 3290
12313 4 2 1 1 1546 2445 1543 3486
12314 4 2 1 1 3095 3515 2937 3868
12315 4 2 1 1 3904 1353 128 1103
12316 4 2 1 1 266 362 2755 3506
12317 4 2 1 1 2253 3121 2308 3720
12318 4 2 1 1 2758 3413 2160 2515
12319 4 2 1 1 2209 2553 3233 3487
12320 4 2 1 1 556 3878 582 555
12321 4 2 1 1 3811 3684 3311 2533
12322 4 2 1 1 2326 3242 3194 3751
12323 4 2 1 1 2365 3315 2898 3537
12324 4 2 1 1 1155 1156 1152 3038
12325 4 2 1 1 3757 2646 3866 2721
12326 4 2 1 1 795 793 834 3250
12327 4 2 1 1 657 3908 2773 3363
12328 4 2 1 1 2830 3341 2443 3642
12329 4 2 1 1 1120 113 1337 3328
12330 4 2 1 1 2201 3246 3053 3490
12331 4 2 1 1 2202 2830 3611 3642
12332 4 2 1 1 2598 1358 2942 3809
12333 4 2 1 1 914 913 912 2704
12334 4 2 1 1 2460 2213 3289 3844
12335 4 2 1 1 3824 3298 3869 3051
12336 4 2 1 1 3213 3350 2348 2636
12337 4 2 1 1 3965 866 658 127
12338 4 2 1 1 2280 2595 3596 3683
12339 4 2 1 1 2178 3156 3003 3746
12340 4 2 1 1 2160 3413 2758 2408
12341 4 2 1 1 2068 2797 2975 3555
12342 4 2 1 1 2150 2521 3679 3696
12343 4 2 1 1 2081 2729 2830 3583
12344 4 2 1 1 662 805 781 3775
12345 4 2 1 1 2295 2847 2819 3542
12346 4 2 1 1 1633 1606 1573 2983
12347 4 2 1 1 2290 2745 3013 3260
12348 4 2 1 1 1058 3180 2796 3832
12349 4 2 1 1 674 3883 664 2396
12350 4 2 1 1 2626 2566 2245 3806
12351 4 2 1 1 419 3923 3510 315
12352 4 2 1 1 2908 3095 2412 3807
12353 4 2 1 1 946 944 2521 3679
12354 4 2 1 1 1333 1182 1386 3653
12355 4 2 1 1 419 3923 315 222
12356 4 2 1 1 924 2528 908 3475
12357 4 2 1 1 2266 3588 2775 3655
12358 4 2 1 1 2797 3174 2424 2142
12359 4 2 1 1 2265 2672 2964 3285
12360 4 2 1 1 3995 209 3890 57
12361 4 2 1 1 3772 1014 1015 2873
12362 4 2 1 1 1139 3215 1358 2394
12363 4 2 1 1 444 543 544 2549
12364 4 2 1 1 2093 2967 3547 3852
12365 4 2 1 1 3824 3869 3298 2512
12366 4 2 1 1 3003 3145 2356 3391
12367 4 2 1 1 382 279 292 2917
12368 4 2 1 1 1342 1343 1126 2709
12369 4 2 1 1 1271 2911 1312 3474
12370 4 2 1 1 2225 2984 2603 3562
12371 4 2 1 1 2245 2566 2626 3240
12372 4 2 1 1 385 416 2619 3659
12373 4 2 1 1 2323 1304 1450 3420
12374 4 2 1 1 2436 3713 2772 2609
12375 4 2 1 1 2323 1450 1304 1305
12376 4 2 1 1 2077 3070 3457 3656
12377 4 2 1 1 2349 3718 3031 3832
12378 4 2 1 1 277 3242 2611 3669
12379 4 2 1 1 3385 2927 644 590
12380 4 2 1 1 3242 3669 3194 3751
12381 4 2 1 1 3648 3673 3059 3867
12382 4 2 1 1 2619 2545 3064 3659
12383 4 2 1 1 1025 3141 1018 3565
12384 4 2 1 1 920 3031 922 3813
12385 4 2 1 1 3019 3155 2524 3562
12386 4 2 1 1 2080 2883 2781 3158
12387 4 2 1 1 1645 2607 1471 3729
12388 4 2 1 1 2175 2557 3058 3649
12389 4 2 1 1 2090 3587 2853 3654
12390 4 2 1 1 698 3214 704 3858
12391 4 2 1 1 1542 1677 1539 3429
12392 4 2 1 1 2317 3016 2816 3498
12393 4 2 1 1 2816 3016 2203 3498
12394 4 2 1 1 2929 2939 2169 3543
12395 4 2 1 1 2297 3421 3090 3630
12396 4 2 1 1 3385 644 2927 2360
12397 4 2 1 1 113 1120 3878 3328
12398 4 2 1 1 2294 3507 2516 3511
12399 4 2 1 1 2231 2762 3656 3701
12400 4 2 1 1 827 733 718 3559
12401 4 2 1 1 2226 2944 3524 3530
12402 4 2 1 1 2153 3269 2499 2933
12403 4 2 1 1 663 808 132 3599
12404 4 2 1 1 496 2477 3302 3613
12405 4 2 1 1 3178 3514 2396 3773
12406 4 2 1 1 730 731 826 2537
12407 4 2 1 1 2271 3080 2781 3621
12408 4 2 1 1 2323 1304 3275 1305
12409 4 2 1 1 2487 3310 3099 3526
12410 4 2 1 1 2268 2652 3184 3520
12411 4 2 1 1 2479 2679 2858 3707
12412 4 2 1 1 2261 2716 3383 3499
12413 4 2 1 1 2840 2250 3243 3309
12414 4 2 1 1 1732 1653 2915 3625
12415 4 2 1 1 2707 2327 3429 3672
12416 4 2 1 1 2100 3189 3024 3635
12417 4 2 1 1 380 300 2700 3506
12418 4 2 1 1 2253 3513 3130 3720
12419 4 2 1 1 2741 1034 937 944
12420 4 2 1 1 2238 3297 2949 2834
12421 4 2 1 1 1569 1542 2919 3429
12422 4 2 1 1 2196 2125 2698 3267
12423 4 2 1 1 3369 3448 2725 3634
12424 4 2 1 1 2440 3489 2973 3844
12425 4 2 1 1 1481 3288 2475 3704
12426 4 2 1 1 2358 3155 3019 3562
12427 4 2 1 1 3290 1667 1762 1763
12428 4 2 1 1 2211 2581 3180 3539
12429 4 2 1 1 1231 1233 1234 3049
12430 4 2 1 1 357 421 3194 3225
12431 4 2 1 1 1721 1568 1525 3022
12432 4 2 1 1 755 753 754 2993
12433 4 2 1 1 2368 3602 2866 3834
12434 4 2 1 1 2873 1437 1101 2638
12435 4 2 1 1 2150 2530 3087 3696
12436 4 2 1 1 2914 2571 2076 3793
12437 4 2 1 1 558 561 560 2884
12438 4 2 1 1 343 3978 3905 2924
12439 4 2 1 1 2178 3196 2721 3866
12440 4 2 1 1 2873 1101 1437 1403
12441 4 2 1 1 308 2562 3182 3688
12442 4 2 1 1 2554 2191 3082 3864
12443 4 2 1 1 904 2712 903 905
12444 4 2 1 1 2169 2939 2929 3725
12445 4 2 1 1 598 2886 3666 3825
12446 4 2 1 1 1349 1168 1371 2794
12447 4 2 1 1 1130 1128 1307 3030
12448 4 2 1 1 1035 907 905 3359
12449 4 2 1 1 959 2849 958 3160
12450 4 2 1 1 549 647 2685 3613
12451 4 2 1 1 2608 3430 1750 3826
12452 4 2 1 1 280 266 276 3674
12453 4 2 1 1 1071 2567 1060 3752
12454 4 2 1 1 2573 3689 2257 3856
12455 4 2 1 1 2171 2616 3470 3800
12456 4 2 1 1 2334 3237 2803 3790
12457 4 2 1 1 609 2467 3023 3160
12458 4 2 1 1 2197 3224 3018 3341
12459 4 2 1 1 2621 3110 2269 3654
12460 4 2 1 1 1396 1337 1398 3017
12461 4 2 1 1 885 3974 1092 102
12462 4 2 1 1 2088 2594 3135 3556
12463 4 2 1 1 1035 2985 910 3359
12464 4 2 1 1 2581 2211 3000 3539
12465 4 2 1 1 1664 1754 1755 3451
12466 4 2 1 1 2379 2953 2826 3296
12467 4 2 1 1 3766 3697 2662 3833
12468 4 2 1 1 2914 2337 2571 3793
12469 4 2 1 1 430 3954 3001 3909
12470 4 2 1 1 2393 2500 3622 3820
12471 4 2 1 1 1267 1222 1263 3209
12472 4 2 1 1 2540 3471 2169 3847
12473 4 2 1 1 2232 2825 2829 3479
12474 4 2 1 1 2182 2864 2805 3387
12475 4 2 1 1 3102 3419 2206 3687
12476 4 2 1 1 3076 3532 2109 3170
12477 4 2 1 1 2666 3400 2190 3568
12478 4 2 1 1 1186 2775 1334 1363
12479 4 2 1 1 680 3152 679 3863
12480 4 2 1 1 3928 2544 3904 769
12481 4 2 1 1 441 3974 102 589
12482 4 2 1 1 1190 2809 1322 3588
12483 4 2 1 1 3641 1607 1608 3282
12484 4 2 1 1 263 2778 255 3867
12485 4 2 1 1 3126 3167 232 2547
12486 4 2 1 1 2169 3543 2540 3847
12487 4 2 1 1 216 3512 52 3841
12488 4 2 1 1 2166 2978 3009 3773
12489 4 2 1 1 2313 3009 2978 3773
12490 4 2 1 1 2242 3426 2776 2131
12491 4 2 1 1 1765 3962 3447 1462
12492 4 2 1 1 1495 3111 1496 3728
12493 4 2 1 1 1518 1513 3595 3749
12494 4 2 1 1 1267 3209 1437 3818
12495 4 2 1 1 2083 3047 3643 2300
12496 4 2 1 1 1638 3448 1590 3612
12497 4 2 1 1 739 660 738 2736
12498 4 2 1 1 720 2661 719 713
12499 4 2 1 1 1270 1420 1312 3474
12500 4 2 1 1 2069 3306 3763 3870
12501 4 2 1 1 88 3891 432 3342
12502 4 2 1 1 1330 1332 1408 3195
12503 4 2 1 1 2198 2952 2538 3365
12504 4 2 1 1 2089 2160 2996 3602
12505 4 2 1 1 2302 3085 2807 3410
12506 4 2 1 1 1289 1409 1288 2880
12507 4 2 1 1 2183 2962 2631 3566
12508 4 2 1 1 888 898 897 3440
12509 4 2 1 1 3108 418 296 3573
12510 4 2 1 1 567 427 568 2766
12511 4 2 1 1 2631 2962 2333 3566
12512 4 2 1 1 3019 3075 2176 3497
12513 4 2 1 1 2256 2679 3435 3807
12514 4 2 1 1 3387 2248 2901 2737
12515 4 2 1 1 2201 3273 2862 3586
12516 4 2 1 1 1736 1586 1734 3819
12517 4 2 1 1 1564 1563 1624 3112
12518 4 2 1 1 2466 3419 3102 3687
12519 4 2 1 1 1103 3904 2544 3203
12520 4 2 1 1 3126 232 3167 340
12521 4 2 1 1 1744 1453 1749 2766
12522 4 2 1 1 2794 3349 2856 3788
12523 4 2 1 1 2727 2192 3619 3633
12524 4 2 1 1 1454 1789 2673 3245
12525 4 2 1 1 3015 3697 2169 3725
12526 4 2 1 1 3811 3684 2533 3700
12527 4 2 1 1 2765 2299 2948 3219
12528 4 2 1 1 2132 3364 2791 3551
12529 4 2 1 1 678 2976 679 3152
12530 4 2 1 1 3997 135 136 854
12531 4 2 1 1 2519 3261 2335 3340
12532 4 2 1 1 905 3359 906 3046
12533 4 2 1 1 2506 2318 3441 3176
12534 4 2 1 1 434 82 3935 552
12535 4 2 1 1 2210 3615 3190 3809
12536 4 2 1 1 1601 3061 1600 3499
12537 4 2 1 1 2370 3320 2974 3584
12538 4 2 1 1 2513 3515 3095 3868
12539 4 2 1 1 1460 3961 1772 3709
12540 4 2 1 1 1064 925 3113 3817
12541 4 2 1 1 2110 3580 3343 3597
12542 4 2 1 1 113 582 433 3328
12543 4 2 1 1 420 349 355 2774
12544 4 2 1 1 2962 2183 3581 3622
12545 4 2 1 1 2854 3141 2239 3525
12546 4 2 1 1 2119 3492 2484 2256
12547 4 2 1 1 1299 1298 2549 3730
12548 4 2 1 1 2294 2460 3507 3511
12549 4 2 1 1 2964 3110 2672 3693
12550 4 2 1 1 1123 3951 1395 3676
12551 4 2 1 1 2950 3310 2469 3601
12552 4 2 1 1 1060 3699 1071 1044
12553 4 2 1 1 2645 3198 2223 3645
12554 4 2 1 1 922 1042 929 3031
12555 4 2 1 1 2368 2160 2996 3755
12556 4 2 1 1 2893 2934 2195 3505
12557 4 2 1 1 665 2655 800 3791
12558 4 2 1 1 2894 3370 2635 2569
12559 4 2 1 1 898 3440 2461 3541
12560 4 2 1 1 2188 3401 2592 3453
12561 4 2 1 1 2459 3468 3036 3874
12562 4 2 1 1 551 499 493 3227
12563 4 2 1 1 3275 1306 2600 2323
12564 4 2 1 1 2169 3471 2858 3847
12565 4 2 1 1 2306 2749 3071 3768
12566 4 2 1 1 545 2816 547 3398
12567 4 2 1 1 2804 3081 2346 3463
12568 4 2 1 1 2200 2391 2707 2504
12569 4 2 1 1 2334 3522 2753 2569
12570 4 2 1 1 1197 1196 1314 2792
12571 4 2 1 1 598 2886 491 3666
12572 4 2 1 1 2144 2764 3159 3410
12573 4 2 1 1 503 2486 3517 3814
12574 4 2 1 1 3817 3545 3693 2977
12575 4 2 1 1 250 3126 2547 3432
12576 4 2 1 1 1098 1038 890 3743
12577 4 2 1 1 2805 3382 2539 3741
12578 4 2 1 1 2284 2748 3334 3764
12579 4 2 1 1 2553 3487 2827 3559
12580 4 2 1 1 878 1028 1029 3840
12581 4 2 1 1 3224 3583 2474 3778
12582 4 2 1 1 3102 3687 2206 3799
12583 4 2 1 1 699 3596 2595 3683
12584 4 2 1 1 2962 3566 2183 3622
12585 4 2 1 1 2385 3117 2994 3422
12586 4 2 1 1 400 2736 218 3344
12587 4 2 1 1 2368 3597 3602 3834
12588 4 2 1 1 1101 2638 1451 3840
12589 4 2 1 1 618 3889 118 3950
12590 4 2 1 1 264 3244 2755 3478
12591 4 2 1 1 416 2545 2619 3659
12592 4 2 1 1 1242 2844 1252 3425
12593 4 2 1 1 2089 3189 2260 3668
12594 4 2 1 1 3137 3215 2223 3779
12595 4 2 1 1 2145 2751 3067 3698
12596 4 2 1 1 3117 3435 2740 3868
12597 4 2 1 1 2135 3615 2942 3640
12598 4 2 1 1 726 823 3399 3782
12599 4 2 1 1 595 489 476 2840
12600 4 2 1 1 406 405 375 3692
12601 4 2 1 1 2659 977 3447 1067
12602 4 2 1 1 1766 2983 3634 1633
12603 4 2 1 1 666 874 814 3591
12604 4 2 1 1 546 3613 2816 3823
12605 4 2 1 1 1800 1777 1683 3827
12606 4 2 1 1 2121 2827 3210 3624
12607 4 2 1 1 1653 3345 2915 3625
12608 4 2 1 1 899 3199 900 3541
12609 4 2 1 1 544 2549 543 3459
12610 4 2 1 1 1460 3961 3709 3903
12611 4 2 1 1 2996 2160 2368 3602
12612 4 2 1 1 1375 2965 1235 3340
12613 4 2 1 1 2878 3432 2867 3850
12614 4 2 1 1 2202 2830 2729 3611
12615 4 2 1 1 3711 1473 1633 1782
12616 4 2 1 1 1667 1662 1458 3043
12617 4 2 1 1 1615 1558 1579 3010
12618 4 2 1 1 1708 1648 1510 3550
12619 4 2 1 1 1646 1730 1692 2329
12620 4 2 1 1 1722 1708 1555 3550
12621 4 2 1 1 3254 3436 2314 3755
12622 4 2 1 1 847 3323 2709 3591
12623 4 2 1 1 2800 2298 2591 3492
12624 4 2 1 1 963 2991 951 3405
12625 4 2 1 1 2563 3464 3434 2394
12626 4 2 1 1 2071 2641 2894 3392
12627 4 2 1 1 1268 3321 2669 3694
12628 4 2 1 1 654 3892 149 789
12629 4 2 1 1 3882 1006 160 888
12630 4 2 1 1 1770 3009 1565 1623
12631 4 2 1 1 997 996 894 3107
12632 4 2 1 1 2390 3211 2859 3263
12633 4 2 1 1 336 209 2574 3665
12634 4 2 1 1 1043 1036 943 3679
12635 4 2 1 1 3401 3453 3524 2509
12636 4 2 1 1 2072 2688 3101 3192
12637 4 2 1 1 2196 2698 2125 3056
12638 4 2 1 1 273 277 2611 3669
12639 4 2 1 1 2212 3213 2636 3576
12640 4 2 1 1 3888 1455 1758 147
12641 4 2 1 1 543 546 545 2816
12642 4 2 1 1 3681 2270 3177 3186
12643 4 2 1 1 2248 2864 2802 2115
12644 4 2 1 1 1354 1154 1151 3163
12645 4 2 1 1 2433 2989 3697 3833
12646 4 2 1 1 3557 3786 2128 2320
12647 4 2 1 1 2637 2822 2126 3647
12648 4 2 1 1 2247 2630 2972 2129
12649 4 2 1 1 3903 210 27 342
12650 4 2 1 1 675 676 674 3514
12651 4 2 1 1 2805 3217 2603 3355
12652 4 2 1 1 3795 1029 1028 2638
12653 4 2 1 1 2274 2888 2580 3695
12654 4 2 1 1 2341 3241 2623 3291
12655 4 2 1 1 2347 3158 2883 3403
12656 4 2 1 1 948 1057 1039 3267
12657 4 2 1 1 1130 1132 1131 2868
12658 4 2 1 1 3434 3464 2563 2106
12659 4 2 1 1 2228 3244 2275 3552
12660 4 2 1 1 3691 1653 1549 1551
12661 4 2 1 1 796 833 793 3250
12662 4 2 1 1 2188 3372 3352 3848
12663 4 2 1 1 2177 3065 2735 3845
12664 4 2 1 1 1535 1488 1699 2687
12665 4 2 1 1 3187 721 821 3839
12666 4 2 1 1 2304 3328 3115 3529
12667 4 2 1 1 329 407 281 3247
12668 4 2 1 1 3396 2106 2315 2125
12669 4 2 1 1 2790 3436 2314 2091
12670 4 2 1 1 2831 3066 2238 3750
12671 4 2 1 1 1740 1577 1616 2763
12672 4 2 1 1 3690 2951 3595 2318
12673 4 2 1 1 445 2711 529 3676
12674 4 2 1 1 2629 3419 2105 3741
12675 4 2 1 1 3174 2142 2797 3723
12676 4 2 1 1 1597 1599 1598 2716
12677 4 2 1 1 1725 1573 1716 2983
12678 4 2 1 1 3275 1306 2323 1305
12679 4 2 1 1 404 3983 3226 213
12680 4 2 1 1 986 3315 987 3484
12681 4 2 1 1 1003 1002 1086 3467
12682 4 2 1 1 3113 3545 2265 3817
12683 4 2 1 1 1626 1640 1641 3006
12684 4 2 1 1 2079 3065 2788 3183
12685 4 2 1 1 838 3344 17 858
12686 4 2 1 1 3020 3206 2402 3449
12687 4 2 1 1 518 498 3300 3406
12688 4 2 1 1 2712 3018 2197 3025
12689 4 2 1 1 1672 3282 2732 3749
12690 4 2 1 1 2825 3096 3125 3490
12691 4 2 1 1 1321 1397 3005 3603
12692 4 2 1 1 1025 1027 1018 3141
12693 4 2 1 1 2257 3126 2624 3527
12694 4 2 1 1 3344 18 17 858
12695 4 2 1 1 638 5 78 3989
12696 4 2 1 1 444 3893 121 3662
12697 4 2 1 1 390 388 335 2970
12698 4 2 1 1 246 245 244 3794
12699 4 2 1 1 1175 2723 1174 3726
12700 4 2 1 1 2209 3012 2757 3572
12701 4 2 1 1 3192 3539 2715 2771
12702 4 2 1 1 3076 3532 3170 2577
12703 4 2 1 1 424 208 298 3194
12704 4 2 1 1 981 1071 1098 3743
12705 4 2 1 1 3743 47 890 3880
12706 4 2 1 1 267 278 281 2867
12707 4 2 1 1 3811 2829 2533 2558
12708 4 2 1 1 2315 3138 2999 3464
12709 4 2 1 1 900 901 902 3199
12710 4 2 1 1 2816 3398 545 3459
12711 4 2 1 1 2110 3254 3597 3755
12712 4 2 1 1 1634 2690 1764 3739
12713 4 2 1 1 2422 3326 2863 3813
12714 4 2 1 1 2416 3425 2942 3640
12715 4 2 1 1 1482 1481 1483 3288
12716 4 2 1 1 3194 384 298 3669
12717 4 2 1 1 2146 3310 2884 3526
12718 4 2 1 1 2914 2076 2571 3546
12719 4 2 1 1 2168 2987 2881 3477
12720 4 2 1 1 2322 2954 3445 3855
12721 4 2 1 1 2233 3472 2530 3696
12722 4 2 1 1 2263 2870 2880 3742
12723 4 2 1 1 1242 1251 3082 3425
12724 4 2 1 1 3344 3987 218 18
12725 4 2 1 1 992 2587 3699 974
12726 4 2 1 1 1454 1789 1757 2673
12727 4 2 1 1 3902 55 56 1426
12728 4 2 1 1 2548 2425 3458 3765
12729 4 2 1 1 802 801 2783 3783
12730 4 2 1 1 319 220 320 2599
12731 4 2 1 1 1426 56 3902 1425
12732 4 2 1 1 2178 3660 2507 3746
12733 4 2 1 1 1426 3986 3353 3902
12734 4 2 1 1 896 3743 1071 3752
12735 4 2 1 1 1483 1654 1485 2846
12736 4 2 1 1 1397 3313 1399 3501
12737 4 2 1 1 3180 3718 2349 3832
12738 4 2 1 1 2215 3625 2818 3649
12739 4 2 1 1 825 837 657 2773
12740 4 2 1 1 2243 3548 2865 3593
12741 4 2 1 1 2302 2856 3349 3788
12742 4 2 1 1 2578 3151 2722 3375
12743 4 2 1 1 1279 3902 1426 3353
12744 4 2 1 1 3986 331 3902 55
12745 4 2 1 1 2399 3468 2787 2124
12746 4 2 1 1 537 443 621 2738
12747 4 2 1 1 1469 1651 1779 2700
12748 4 2 1 1 600 435 526 3331
12749 4 2 1 1 1390 2563 1360 3035
12750 4 2 1 1 1156 2974 1158 2325
12751 4 2 1 1 3279 3337 2925 3667
12752 4 2 1 1 2485 2878 2867 3850
12753 4 2 1 1 254 248 255 2778
12754 4 2 1 1 2174 2814 3157 3169
12755 4 2 1 1 2216 2692 2945 3535
12756 4 2 1 1 1658 3769 2719 3810
12757 4 2 1 1 2541 3173 2326 3225
12758 4 2 1 1 2497 2828 2418 3787
12759 4 2 1 1 372 377 3789 3794
12760 4 2 1 1 2254 3715 2627 3827
12761 4 2 1 1 734 3559 2576 3782
12762 4 2 1 1 790 3892 789 2744
12763 4 2 1 1 1102 1287 2546 3599
12764 4 2 1 1 2629 3279 2245 3462
12765 4 2 1 1 2794 3349 2410 3523
12766 4 2 1 1 2737 2182 2864 2566
12767 4 2 1 1 2863 3326 2233 3431
12768 4 2 1 1 2080 3296 2883 3403
12769 4 2 1 1 2101 2742 3149 3197
12770 4 2 1 1 1202 1236 1205 3102
12771 4 2 1 1 3296 3609 2250 2505
12772 4 2 1 1 476 471 595 2840
12773 4 2 1 1 1067 979 993 2659
12774 4 2 1 1 2089 3602 3258 3668
12775 4 2 1 1 2466 3687 3102 3799
12776 4 2 1 1 3690 3595 2951 2543
12777 4 2 1 1 1399 3313 2605 3501
12778 4 2 1 1 1757 1671 1670 3140
12779 4 2 1 1 1741 2687 1535 1699
12780 4 2 1 1 2281 2811 2781 3621
12781 4 2 1 1 2273 3577 2664 3578
12782 4 2 1 1 2152 2882 3368 3537
12783 4 2 1 1 2300 3008 2657 3774
12784 4 2 1 1 1431 1274 1246 3088
12785 4 2 1 1 3681 3177 2270 2822
12786 4 2 1 1 2104 3528 2486 3639
12787 4 2 1 1 2192 2922 3143 3700
12788 4 2 1 1 377 2507 3789 3794
12789 4 2 1 1 1020 1053 1035 2985
12790 4 2 1 1 2955 3312 2186 3572
12791 4 2 1 1 2296 2946 2662 3833
12792 4 2 1 1 2717 2480 3540 3859
12793 4 2 1 1 2382 3580 2992 3771
12794 4 2 1 1 2672 3110 2168 3693
12795 4 2 1 1 644 2903 573 3567
12796 4 2 1 1 59 60 3901 1111
12797 4 2 1 1 325 3379 323 3762
12798 4 2 1 1 1158 1187 1186 2325
12799 4 2 1 1 2076 3854 2571 3546
12800 4 2 1 1 1128 3662 1298 3730
12801 4 2 1 1 2290 3013 2842 3260
12802 4 2 1 1 2208 2527 3116 3299
12803 4 2 1 1 3580 3136 2292 2231
12804 4 2 1 1 2200 2391 2504 3364
12805 4 2 1 1 3783 3074 2783 2338
12806 4 2 1 1 588 2663 3133 3861
12807 4 2 1 1 212 2562 308 3688
12808 4 2 1 1 2775 3476 1363 2325
12809 4 2 1 1 2795 3270 2399 3324
12810 4 2 1 1 3108 418 3573 2736
12811 4 2 1 1 565 2683 534 486
12812 4 2 1 1 2105 3279 2629 3741
12813 4 2 1 1 2198 2570 3207 3365
12814 4 2 1 1 740 3737 741 3745
12815 4 2 1 1 775 667 777 2724
12816 4 2 1 1 2327 2967 2919 3672
12817 4 2 1 1 3676 2177 3195 2711
12818 4 2 1 1 607 522 648 2681
12819 4 2 1 1 2329 2756 3333 3620
12820 4 2 1 1 2709 3168 2161 3204
12821 4 2 1 1 3083 3870 3873 2259
12822 4 2 1 1 1211 1312 1271 2911
12823 4 2 1 1 752 753 2993 754
12824 4 2 1 1 2297 3090 2891 3843
12825 4 2 1 1 949 950 1047 3080
12826 4 2 1 1 2723 2293 3776 2514
12827 4 2 1 1 2293 3650 2670 2354
12828 4 2 1 1 2306 3012 2749 3733
12829 4 2 1 1 2723 3272 2293 2514
12830 4 2 1 1 2152 2898 3537 3846
12831 4 2 1 1 711 812 681 3783
12832 4 2 1 1 113 3878 582 3328
12833 4 2 1 1 1275 1351 1225 3008
12834 4 2 1 1 2137 2677 3564 3835
12835 4 2 1 1 565 2683 486 3461
12836 4 2 1 1 1111 3959 1423 3164
12837 4 2 1 1 2183 3566 3050 3622
12838 4 2 1 1 2403 3145 3003 3391
12839 4 2 1 1 741 2615 3737 710
12840 4 2 1 1 1537 3062 1711 3616
12841 4 2 1 1 447 3886 440 108
12842 4 2 1 1 1416 1451 1302 3840
12843 4 2 1 1 2267 2424 2821 2767
12844 4 2 1 1 327 3059 2768 3673
12845 4 2 1 1 1095 924 991 3426
12846 4 2 1 1 1242 1261 1252 2844
12847 4 2 1 1 1120 112 113 3878
12848 4 2 1 1 1103 3965 1345 127
12849 4 2 1 1 1641 3006 1642 3123
12850 4 2 1 1 1471 1645 1656 2607
12851 4 2 1 1 2209 2595 3210 3487
12852 4 2 1 1 2351 2434 3460 3762
12853 4 2 1 1 2433 3306 3015 3870
12854 4 2 1 1 3951 445 3894 107
12855 4 2 1 1 1138 1140 1139 3137
12856 4 2 1 1 2402 3306 3083 3763
12857 4 2 1 1 1504 2791 1502 3756
12858 4 2 1 1 3083 3870 2259 3763
12859 4 2 1 1 2588 2369 2276 2095
12860 4 2 1 1 2586 2377 3184 3520
12861 4 2 1 1 1416 1302 3321 3840
12862 4 2 1 1 2818 3430 2588 3625
12863 4 2 1 1 1130 2868 1131 3619
12864 4 2 1 1 2831 2238 3066 3297
12865 4 2 1 1 1242 1315 1261 2844
12866 4 2 1 1 1151 1149 1354 3163
12867 4 2 1 1 1004 2900 1005 3754
12868 4 2 1 1 2182 2629 2864 2566
12869 4 2 1 1 372 3789 2836 3794
12870 4 2 1 1 686 2943 687 3702
12871 4 2 1 1 2876 3044 2196 3056
12872 4 2 1 1 2222 2745 3553 3710
12873 4 2 1 1 2101 3012 3572 3733
12874 4 2 1 1 904 3046 1095 3426
12875 4 2 1 1 2080 2781 2883 3609
12876 4 2 1 1 2191 2954 3805 3864
12877 4 2 1 1 2702 2960 2208 3421
12878 4 2 1 1 2584 2206 3687 3799
12879 4 2 1 1 2105 2539 3667 3741
12880 4 2 1 1 1482 1581 1655 3128
12881 4 2 1 1 2710 3228 2437 3272
12882 4 2 1 1 2737 2864 2182 3387
12883 4 2 1 1 362 3412 2755 3506
12884 4 2 1 1 2118 3284 2668 3466
12885 4 2 1 1 1719 1611 2681 3626
12886 4 2 1 1 988 2420 987 989
12887 4 2 1 1 471 595 2840 3695
12888 4 2 1 1 1285 2546 1102 1286
12889 4 2 1 1 2891 3090 2675 3843
12890 4 2 1 1 2191 3805 3082 3864
12891 4 2 1 1 600 542 435 3662
12892 4 2 1 1 2670 2354 3650 3150
12893 4 2 1 1 3700 3528 3143 2192
12894 4 2 1 1 732 787 2726 3652
12895 4 2 1 1 1552 1560 1553 2662
12896 4 2 1 1 121 1124 1127 3662
12897 4 2 1 1 2085 2388 2978 3416
12898 4 2 1 1 2126 3647 2822 2199
12899 4 2 1 1 2618 3026 2302 3159
12900 4 2 1 1 1111 3959 3164 3901
12901 4 2 1 1 1383 2809 1322 1377
12902 4 2 1 1 2770 3055 2550 3604
12903 4 2 1 1 546 496 3613 3823
12904 4 2 1 1 482 491 3211 3666
12905 4 2 1 1 532 3495 533 3636
12906 4 2 1 1 2729 2830 2202 3648
12907 4 2 1 1 1657 1581 1679 2890
12908 4 2 1 1 1149 1145 1367 3184
12909 4 2 1 1 1340 1160 1142 3779
12910 4 2 1 1 1242 1251 1241 3082
12911 4 2 1 1 3901 3936 204 3248
12912 4 2 1 1 2240 3265 2846 3403
12913 4 2 1 1 264 252 259 3244
12914 4 2 1 1 2571 3738 3530 3854
12915 4 2 1 1 2606 2970 3404 3849
12916 4 2 1 1 2113 2509 3453 2289
12917 4 2 1 1 447 3886 108 3951
12918 4 2 1 1 488 483 476 3592
12919 4 2 1 1 1167 2754 1176 3523
12920 4 2 1 1 3817 3693 3545 2265
12921 4 2 1 1 659 822 2726 3079
12922 4 2 1 1 2081 3583 3224 3778
12923 4 2 1 1 1226 1402 1245 2657
12924 4 2 1 1 2770 2975 2199 3555
12925 4 2 1 1 2477 3227 2536 3823
12926 4 2 1 1 2846 3265 2347 3403
12927 4 2 1 1 2360 2092 2927 3385
12928 4 2 1 1 2484 3074 2971 3386
12929 4 2 1 1 2348 3538 2655 2636
12930 4 2 1 1 2157 2952 3146 2354
12931 4 2 1 1 1518 1513 1514 3595
12932 4 2 1 1 1291 2942 3425 3563
12933 4 2 1 1 1131 2868 1133 3633
12934 4 2 1 1 2873 3420 2323 3772
12935 4 2 1 1 2973 3165 2264 3702
12936 4 2 1 1 2175 3058 2557 3859
12937 4 2 1 1 2779 3620 2327 3852
12938 4 2 1 1 2563 3396 2224 3632
12939 4 2 1 1 2069 3763 2665 3870
12940 4 2 1 1 781 780 3094 2363
12941 4 2 1 1 2517 3125 3096 3490
12942 4 2 1 1 2332 3647 3295 3803
12943 4 2 1 1 2623 3241 2341 3311
12944 4 2 1 1 235 233 236 2714
12945 4 2 1 1 2197 2600 3264 2323
12946 4 2 1 1 1564 1647 1702 3193
12947 4 2 1 1 1111 3901 3164 3248
12948 4 2 1 1 2266 3186 2564 3518
12949 4 2 1 1 755 2993 756 3415
12950 4 2 1 1 359 354 352 3164
12951 4 2 1 1 3641 1607 3282 3616
12952 4 2 1 1 230 232 340 3167
12953 4 2 1 1 1472 3879 2413 3039
12954 4 2 1 1 1730 1646 1602 2329
12955 4 2 1 1 761 762 759 3060
12956 4 2 1 1 2100 2962 2862 3581
12957 4 2 1 1 2710 3272 3146 2354
12958 4 2 1 1 380 300 213 2700
12959 4 2 1 1 2349 2698 2125 3832
12960 4 2 1 1 305 3168 307 3591
12961 4 2 1 1 254 255 263 2778
12962 4 2 1 1 3901 3936 60 204
12963 4 2 1 1 937 943 926 3679
12964 4 2 1 1 1687 2675 1506 3509
12965 4 2 1 1 2791 1501 1502 3304
12966 4 2 1 1 494 3517 2785 3814
12967 4 2 1 1 3924 44 43 396
12968 4 2 1 1 2118 3833 2989 3873
12969 4 2 1 1 3620 3786 2499 2128
12970 4 2 1 1 2399 2879 3468 2124
12971 4 2 1 1 2120 3055 2770 3604
12972 4 2 1 1 316 381 227 3147
12973 4 2 1 1 3090 3551 2297 3630
12974 4 2 1 1 2858 3427 2200 3707
12975 4 2 1 1 3268 3546 2427 3854
12976 4 2 1 1 2231 2762 2987 3656
12977 4 2 1 1 2244 2524 2067 3790
12978 4 2 1 1 1053 2985 1020 3525
12979 4 2 1 1 1215 3516 2887 3655
12980 4 2 1 1 3639 3005 2727 2486
12981 4 2 1 1 2113 3453 2592 2289
12982 4 2 1 1 2602 2248 2921 2123
12983 4 2 1 1 468 470 601 3298
12984 4 2 1 1 1286 1102 1287 2546
12985 4 2 1 1 2502 2286 3197 2833
12986 4 2 1 1 2831 3066 2332 3297
12987 4 2 1 1 2781 3080 2585 3792
12988 4 2 1 1 3473 3784 2241 3343
12989 4 2 1 1 511 594 2695 632
12990 4 2 1 1 2102 3074 3804 3830
12991 4 2 1 1 2250 3243 3309 2505
12992 4 2 1 1 2340 3427 2506 3176
12993 4 2 1 1 2183 2631 3050 3566
12994 4 2 1 1 2192 2727 3227 3814
12995 4 2 1 1 1503 1502 1504 2791
12996 4 2 1 1 2152 2673 2898 3846
12997 4 2 1 1 2339 3404 2498 3849
12998 4 2 1 1 141 140 1478 3900
12999 4 2 1 1 3924 385 3659 207
13000 4 2 1 1 3639 2727 3005 3603
13001 4 2 1 1 831 3161 707 3576
13002 4 2 1 1 2798 3090 2414 3421
13003 4 2 1 1 1478 140 2522 3900
13004 4 2 1 1 2110 3580 3597 3701
13005 4 2 1 1 1797 1776 1465 3194
13006 4 2 1 1 2242 3046 2528 2596
13007 4 2 1 1 2132 2798 3090 3801
13008 4 2 1 1 700 767 871 3289
13009 4 2 1 1 2229 3221 3134 3534
13010 4 2 1 1 1635 1622 1634 3027
13011 4 2 1 1 1351 1282 1220 3505
13012 4 2 1 1 3773 2313 2085 2978
13013 4 2 1 1 2880 3251 2311 3829
13014 4 2 1 1 88 432 581 3342
13015 4 2 1 1 2581 2470 3565 3860
13016 4 2 1 1 978 980 979 2672
13017 4 2 1 1 2235 2503 2557 3605
13018 4 2 1 1 554 483 3202 3592
13019 4 2 1 1 221 51 223 3512
13020 4 2 1 1 1571 1593 1592 3625
13021 4 2 1 1 2676 2123 3316 3780
13022 4 2 1 1 757 2904 750 3323
13023 4 2 1 1 1472 3990 1684 81
13024 4 2 1 1 3773 2085 2313 3178
13025 4 2 1 1 3895 1701 1475 79
13026 4 2 1 1 291 279 270 3789
13027 4 2 1 1 307 308 212 2562
13028 4 2 1 1 634 619 533 3495
13029 4 2 1 1 350 356 345 3657
13030 4 2 1 1 1239 1234 1238 3864
13031 4 2 1 1 1297 1234 1240 3864
13032 4 2 1 1 2200 3364 2628 3427
13033 4 2 1 1 678 710 771 3152
13034 4 2 1 1 1415 1401 1446 3724
13035 4 2 1 1 2102 3450 3074 3716
13036 4 2 1 1 1342 2810 1411 3204
13037 4 2 1 1 2327 3333 2756 3620
13038 4 2 1 1 1563 1770 1624 2678
13039 4 2 1 1 2169 3015 2746 3697
13040 4 2 1 1 3387 2248 2737 2864
13041 4 2 1 1 2673 3314 2898 3846
13042 4 2 1 1 378 245 371 3391
13043 4 2 1 1 557 556 541 3452
13044 4 2 1 1 2306 3012 3071 2749
13045 4 2 1 1 1009 3199 2874 3503
13046 4 2 1 1 3117 3435 3868 2256
13047 4 2 1 1 3402 3326 3706 2523
13048 4 2 1 1 2404 3570 3561 3680
13049 4 2 1 1 1087 2482 3330 1031
13050 4 2 1 1 2563 3356 2224 3396
13051 4 2 1 1 264 252 3244 3478
13052 4 2 1 1 3945 888 159 897
13053 4 2 1 1 2533 3684 3528 3700
13054 4 2 1 1 454 564 456 3121
13055 4 2 1 1 603 613 617 3824
13056 4 2 1 1 2106 2524 3155 3562
13057 4 2 1 1 2336 3723 2797 2260
13058 4 2 1 1 3530 3553 3352 2427
13059 4 2 1 1 3684 3311 2981 2230
13060 4 2 1 1 3072 2564 2216 2389
13061 4 2 1 1 1003 1086 1051 2828
13062 4 2 1 1 2876 2315 2106 2125
13063 4 2 1 1 2571 2944 3530 3738
13064 4 2 1 1 1484 1483 1485 2846
13065 4 2 1 1 2125 3808 3694 2431
13066 4 2 1 1 2422 3336 3031 3813
13067 4 2 1 1 1444 1342 1411 3204
13068 4 2 1 1 689 2739 691 708
13069 4 2 1 1 2523 2233 3326 3431
13070 4 2 1 1 793 795 792 3350
13071 4 2 1 1 3923 1769 1760 3510
13072 4 2 1 1 2631 3045 2333 2167
13073 4 2 1 1 2117 3468 2960 3874
13074 4 2 1 1 2362 3183 2593 3590
13075 4 2 1 1 2481 3400 2666 3568
13076 4 2 1 1 905 906 3359 907
13077 4 2 1 1 229 231 230 3167
13078 4 2 1 1 2445 2967 2919 3486
13079 4 2 1 1 1531 1586 1588 2800
13080 4 2 1 1 2740 3435 3095 3868
13081 4 2 1 1 2251 2935 3144 3842
13082 4 2 1 1 1307 1227 3030 3390
13083 4 2 1 1 1589 1590 1638 3448
13084 4 2 1 1 487 2981 479 478
13085 4 2 1 1 2208 3116 2527 3473
13086 4 2 1 1 1478 1697 141 3900
13087 4 2 1 1 121 542 444 3662
13088 4 2 1 1 2209 3428 2955 3572
13089 4 2 1 1 553 3935 434 2608
13090 4 2 1 1 1366 1259 1374 2921
13091 4 2 1 1 3900 1788 1478 1697
13092 4 2 1 1 1586 2800 3073 3819
13093 4 2 1 1 3951 445 107 447
13094 4 2 1 1 1340 2535 3779 3785
13095 4 2 1 1 2351 3577 3379 3578
13096 4 2 1 1 2829 2533 2558 2232
13097 4 2 1 1 1788 1632 1697 3711
13098 4 2 1 1 1018 1055 1017 3141
13099 4 2 1 1 2244 2803 3237 3790
13100 4 2 1 1 2942 3615 2416 3640
13101 4 2 1 1 2335 3212 2754 3340
13102 4 2 1 1 3166 3454 2452 3845
13103 4 2 1 1 2509 3401 3280 3524
13104 4 2 1 1 3916 357 3194 3225
13105 4 2 1 1 3684 2981 3311 2341
13106 4 2 1 1 2523 3718 918 3813
13107 4 2 1 1 291 2917 279 3789
13108 4 2 1 1 2438 3106 3437 3439
13109 4 2 1 1 3883 3953 3037 673
13110 4 2 1 1 1534 2455 3549 1707
13111 4 2 1 1 904 3046 3426 3560
13112 4 2 1 1 260 3432 267 3527
13113 4 2 1 1 2362 2788 3065 3183
13114 4 2 1 1 2070 3352 2686 3553
13115 4 2 1 1 2536 3331 3227 3619
13116 4 2 1 1 2983 3178 2396 3773
13117 4 2 1 1 975 2464 3114 1077
13118 4 2 1 1 3811 3684 3700 2230
13119 4 2 1 1 1789 3100 2673 3245
13120 4 2 1 1 230 2684 229 3167
13121 4 2 1 1 3071 2749 2375 3768
13122 4 2 1 1 2182 3376 2706 3462
13123 4 2 1 1 2905 3197 2286 2833
13124 4 2 1 1 2273 3379 2760 3577
13125 4 2 1 1 3899 897 158 895
13126 4 2 1 1 2654 2126 2586 3681
13127 4 2 1 1 975 2464 1077 992
13128 4 2 1 1 2092 2826 2931 3721
13129 4 2 1 1 2775 3476 2325 3750
13130 4 2 1 1 2729 2830 3583 3611
13131 4 2 1 1 763 867 765 3661
13132 4 2 1 1 2315 3138 2563 3035
13133 4 2 1 1 2826 3308 2456 3721
13134 4 2 1 1 3590 3157 3724 2537
13135 4 2 1 1 932 3084 915 3208
13136 4 2 1 1 2259 2665 3252 3763
13137 4 2 1 1 2183 3050 2631 3469
13138 4 2 1 1 2693 3081 2262 3463
13139 4 2 1 1 2491 3334 2748 3764
13140 4 2 1 1 2272 2337 2590 3793
13141 4 2 1 1 2506 2169 2679 3847
13142 4 2 1 1 2854 3000 2211 3760
13143 4 2 1 1 2692 3206 2945 3535
13144 4 2 1 1 3879 1472 2413 3104
13145 4 2 1 1 1285 1118 1435 3646
13146 4 2 1 1 1269 2669 3035 3694
13147 4 2 1 1 720 3663 730 3821
13148 4 2 1 1 2195 2544 2934 3534
13149 4 2 1 1 2182 3462 2629 2566
13150 4 2 1 1 2281 2781 3080 3621
13151 4 2 1 1 2142 3076 2797 2260
13152 4 2 1 1 2289 3453 3401 2509
13153 4 2 1 1 2785 3528 3684 3700
13154 4 2 1 1 2292 2913 3258 3587
13155 4 2 1 1 3747 3014 2217 3397
13156 4 2 1 1 2082 2955 2750 3428
13157 4 2 1 1 1799 1636 1769 3510
13158 4 2 1 1 2499 3852 3620 2128
13159 4 2 1 1 3900 1788 1697 3037
13160 4 2 1 1 2089 3222 3494 3574
13161 4 2 1 1 2340 2506 3441 3176
13162 4 2 1 1 79 446 3895 539
13163 4 2 1 1 2318 3690 2951 3807
13164 4 2 1 1 514 2927 646 3567
13165 4 2 1 1 1145 1147 1146 3184
13166 4 2 1 1 673 3900 671 141
13167 4 2 1 1 158 157 1125 3899
13168 4 2 1 1 547 3398 2816 3613
13169 4 2 1 1 2204 2697 3172 3531
13170 4 2 1 1 416 293 385 2619
13171 4 2 1 1 3479 2067 2524 3790
13172 4 2 1 1 1412 1277 1278 3694
13173 4 2 1 1 2484 3492 2713 2256
13174 4 2 1 1 350 3225 356 3657
13175 4 2 1 1 2354 3150 3365 3757
13176 4 2 1 1 3804 2943 3783 3872
13177 4 2 1 1 2068 2975 2770 3555
13178 4 2 1 1 372 2836 246 3794
13179 4 2 1 1 3401 3524 3453 2188
13180 4 2 1 1 2509 3280 2226 3524
13181 4 2 1 1 512 3889 597 618
13182 4 2 1 1 455 453 454 3121
13183 4 2 1 1 2077 2987 2762 3656
13184 4 2 1 1 817 3277 2562 3688
13185 4 2 1 1 3237 2767 2894 2244
13186 4 2 1 1 2313 3178 2983 3773
13187 4 2 1 1 602 3385 513 3695
13188 4 2 1 1 1571 3625 2818 3691
13189 4 2 1 1 2555 2995 2643 3658
13190 4 2 1 1 467 469 2888 3695
13191 4 2 1 1 2339 3132 2606 3849
13192 4 2 1 1 2997 3554 2285 3678
13193 4 2 1 1 3835 2872 2137 3395
13194 4 2 1 1 3899 1442 157 1125
13195 4 2 1 1 1552 1547 1548 2946
13196 4 2 1 1 991 1074 969 2640
13197 4 2 1 1 2287 3392 2897 3640
13198 4 2 1 1 474 3130 562 3361
13199 4 2 1 1 1004 1000 3016 3754
13200 4 2 1 1 2453 3424 2639 3594
13201 4 2 1 1 3279 3462 2316 3504
13202 4 2 1 1 2723 2255 3191 3109
13203 4 2 1 1 1125 1365 158 3899
13204 4 2 1 1 2725 2983 2396 3634
13205 4 2 1 1 2233 2530 3472 3777
13206 4 2 1 1 3899 1436 1125 1365
13207 4 2 1 1 481 601 603 3298
13208 4 2 1 1 1018 3141 1017 3795
13209 4 2 1 1 2222 2686 3013 3854
13210 4 2 1 1 2673 3069 2269 3846
13211 4 2 1 1 1375 1235 1359 3340
13212 4 2 1 1 2447 3053 3246 3490
13213 4 2 1 1 2200 2540 3118 3847
13214 4 2 1 1 2067 2825 3125 3490
13215 4 2 1 1 486 534 563 2683
13216 4 2 1 1 2989 3833 2433 3873
13217 4 2 1 1 2529 3191 2293 3653
13218 4 2 1 1 1534 2455 1707 1709
13219 4 2 1 1 2636 3188 2212 3576
13220 4 2 1 1 1710 1585 1689 2929
13221 4 2 1 1 2825 2447 3096 3490
13222 4 2 1 1 841 848 807 3646
13223 4 2 1 1 971 973 972 3271
13224 4 2 1 1 3899 1436 1365 3440
13225 4 2 1 1 3899 3988 1083 157
13226 4 2 1 1 2357 3505 3008 2195
13227 4 2 1 1 692 2375 828 694
13228 4 2 1 1 3967 416 3659 2545
13229 4 2 1 1 726 823 725 3399
13230 4 2 1 1 2964 3033 2365 3781
13231 4 2 1 1 2994 3117 2256 3422
13232 4 2 1 1 1539 1540 1541 3333
13233 4 2 1 1 2412 2951 2908 3807
13234 4 2 1 1 2195 2934 2544 3505
13235 4 2 1 1 3369 804 145 653
13236 4 2 1 1 2822 2319 3377 2199
13237 4 2 1 1 2602 2206 2928 3598
13238 4 2 1 1 2477 2785 2192 3227
13239 4 2 1 1 599 475 593 3263
13240 4 2 1 1 3566 3622 2500 3786
13241 4 2 1 1 2401 2958 3534 3838
13242 4 2 1 1 2259 3083 3089 3873
13243 4 2 1 1 1035 910 907 3359
13244 4 2 1 1 2862 3635 3335 2100
13245 4 2 1 1 3888 2655 665 3791
13246 4 2 1 1 1017 3772 1015 3795
13247 4 2 1 1 2250 3309 3296 2505
13248 4 2 1 1 761 763 762 2980
13249 4 2 1 1 2581 3000 2854 3141
13250 4 2 1 1 308 3182 309 3688
13251 4 2 1 1 3804 3783 2943 2338
13252 4 2 1 1 2837 1762 1582 2381
13253 4 2 1 1 3187 821 721 724
13254 4 2 1 1 1163 1140 1138 3137
13255 4 2 1 1 2973 685 840 3702
13256 4 2 1 1 649 2683 534 3636
13257 4 2 1 1 3898 25 24 1470
13258 4 2 1 1 692 2375 3161 828
13259 4 2 1 1 1470 3960 3510 1769
13260 4 2 1 1 1349 1158 1157 2974
13261 4 2 1 1 2341 2104 3291 2623
13262 4 2 1 1 2229 2544 3415 3534
13263 4 2 1 1 1545 2946 1547 3759
13264 4 2 1 1 463 462 461 2935
13265 4 2 1 1 2088 3134 2958 3444
13266 4 2 1 1 2602 2928 2206 3355
13267 4 2 1 1 54 205 312 3896
13268 4 2 1 1 2171 3470 2617 3800
13269 4 2 1 1 1643 3925 1479 3305
13270 4 2 1 1 1236 1205 3102 3598
13271 4 2 1 1 3636 3624 3782 2576
13272 4 2 1 1 2281 3080 2781 3792
13273 4 2 1 1 671 673 736 3037
13274 4 2 1 1 1064 3216 984 3285
13275 4 2 1 1 1169 1260 1164 2759
13276 4 2 1 1 2067 3273 3053 3490
13277 4 2 1 1 2893 2195 3008 3505
13278 4 2 1 1 1350 1399 1100 3501
13279 4 2 1 1 2865 3548 2530 3777
13280 4 2 1 1 1015 3772 2873 3795
13281 4 2 1 1 2407 3249 3033 3831
13282 4 2 1 1 817 748 757 3277
13283 4 2 1 1 2239 3493 2925 3667
13284 4 2 1 1 2862 2331 2247 3581
13285 4 2 1 1 548 3919 438 3398
13286 4 2 1 1 460 457 459 2663
13287 4 2 1 1 2202 3611 2911 3642
13288 4 2 1 1 3993 3 174 1088
13289 4 2 1 1 2619 3627 2384 2545
13290 4 2 1 1 1765 3962 1462 1803
13291 4 2 1 1 482 3361 484 3666
13292 4 2 1 1 831 828 692 3161
13293 4 2 1 1 706 3366 713 3596
13294 4 2 1 1 2619 3627 3686 2384
13295 4 2 1 1 2356 3391 3145 3542
13296 4 2 1 1 2635 2569 2617 3470
13297 4 2 1 1 1219 1352 1279 3796
13298 4 2 1 1 2658 3103 2096 3644
13299 4 2 1 1 2271 2585 3080 3816
13300 4 2 1 1 2240 2649 3456 3485
13301 4 2 1 1 2216 3026 2618 3159
13302 4 2 1 1 3898 1695 25 1470
13303 4 2 1 1 1265 1387 1266 3356
13304 4 2 1 1 2267 3048 2896 2424
13305 4 2 1 1 2211 2715 3192 3539
13306 4 2 1 1 3811 3684 2230 3311
13307 4 2 1 1 3370 2617 2167 2406
13308 4 2 1 1 1121 1411 2810 3618
13309 4 2 1 1 2114 2625 3007 3675
13310 4 2 1 1 498 3406 492 3666
13311 4 2 1 1 588 2663 3861 457
13312 4 2 1 1 1591 3348 2818 3430
13313 4 2 1 1 3792 3481 3664 2695
13314 4 2 1 1 1409 1405 2880 3829
13315 4 2 1 1 2964 2853 3654 2090
13316 4 2 1 1 2089 3494 3258 3574
13317 4 2 1 1 2933 3388 3269 2397
13318 4 2 1 1 1534 1731 1526 3771
13319 4 2 1 1 2076 2798 3421 3630
13320 4 2 1 1 2642 3012 3214 3839
13321 4 2 1 1 1257 1250 1249 2855
13322 4 2 1 1 849 3277 817 3688
13323 4 2 1 1 928 922 929 3336
13324 4 2 1 1 2082 2750 3201 3428
13325 4 2 1 1 741 2615 710 743
13326 4 2 1 1 2374 2925 3493 3831
13327 4 2 1 1 3840 1029 878 165
13328 4 2 1 1 1220 1282 1243 2934
13329 4 2 1 1 2070 2745 3146 3710
13330 4 2 1 1 2785 3528 3700 2192
13331 4 2 1 1 788 3363 796 3836
13332 4 2 1 1 2175 2818 3348 3430
13333 4 2 1 1 1195 1196 1197 2792
13334 4 2 1 1 1470 3960 1769 24
13335 4 2 1 1 3790 2244 2645 3237
13336 4 2 1 1 289 290 366 3242
13337 4 2 1 1 1245 3008 1225 3774
13338 4 2 1 1 357 3994 3916 3194
13339 4 2 1 1 2410 2794 3523 3758
13340 4 2 1 1 1626 2786 1567 3641
13341 4 2 1 1 211 64 318 3558
13342 4 2 1 1 3790 2645 2244 2524
13343 4 2 1 1 1172 1170 1171 3433
13344 4 2 1 1 1169 1165 1170 3433
13345 4 2 1 1 503 3517 494 3814
13346 4 2 1 1 911 3084 913 994
13347 4 2 1 1 2571 2337 2272 3793
13348 4 2 1 1 3898 2490 1470 3510
13349 4 2 1 1 1696 1695 1771 2743
13350 4 2 1 1 2669 2224 3356 3396
13351 4 2 1 1 694 703 696 3071
13352 4 2 1 1 1763 1706 1572 3290
13353 4 2 1 1 275 288 302 3059
13354 4 2 1 1 372 246 377 3794
13355 4 2 1 1 2209 2642 3012 3214
13356 4 2 1 1 3898 3956 328 25
13357 4 2 1 1 2375 3161 3020 3685
13358 4 2 1 1 2485 3455 2878 3850
13359 4 2 1 1 2092 3308 2826 3721
13360 4 2 1 1 2723 3191 1174 3776
13361 4 2 1 1 1532 1529 1536 2979
13362 4 2 1 1 1470 2490 3898 2743
13363 4 2 1 1 130 1118 3646 1435
13364 4 2 1 1 223 216 224 3512
13365 4 2 1 1 3984 996 3897 171
13366 4 2 1 1 995 3405 951 3541
13367 4 2 1 1 694 828 703 3768
13368 4 2 1 1 3840 1029 165 3952
13369 4 2 1 1 2235 3322 3466 3605
13370 4 2 1 1 2816 3613 2477 3823
13371 4 2 1 1 2565 2187 3129 3451
13372 4 2 1 1 2333 3045 2631 3566
13373 4 2 1 1 2672 3285 980 3314
13374 4 2 1 1 1475 1756 1755 2565
13375 4 2 1 1 2956 3358 2700 3042
13376 4 2 1 1 1208 2982 1410 3714
13377 4 2 1 1 409 2760 423 3762
13378 4 2 1 1 261 390 392 3014
13379 4 2 1 1 1435 130 131 3646
13380 4 2 1 1 563 534 649 2683
13381 4 2 1 1 1649 1650 1605 2956
13382 4 2 1 1 328 25 215 3898
13383 4 2 1 1 2122 2320 3174 2346
13384 4 2 1 1 2163 2616 3144 3842
13385 4 2 1 1 1335 1273 1235 2965
13386 4 2 1 1 2848 2329 2261 3499
13387 4 2 1 1 2182 3376 2633 3519
13388 4 2 1 1 1629 1779 1649 3358
13389 4 2 1 1 1563 1564 1532 3193
13390 4 2 1 1 696 703 818 3071
13391 4 2 1 1 2721 3196 2646 3866
13392 4 2 1 1 584 583 578 3501
13393 4 2 1 1 2215 2818 3058 3649
13394 4 2 1 1 2177 2851 2735 3652
13395 4 2 1 1 258 250 234 3432
13396 4 2 1 1 3276 677 679 824
13397 4 2 1 1 2530 3472 2172 3696
13398 4 2 1 1 1290 3034 1289 3599
13399 4 2 1 1 3143 2876 2999 2205
13400 4 2 1 1 2136 2579 3213 3671
13401 4 2 1 1 611 2656 610 3628
13402 4 2 1 1 3143 2999 2876 2344
13403 4 2 1 1 2799 3032 2237 3177
13404 4 2 1 1 1576 1706 1631 2835
13405 4 2 1 1 2345 3075 3101 3192
13406 4 2 1 1 2339 2606 3404 3849
13407 4 2 1 1 2434 2351 3577 3762
13408 4 2 1 1 2114 3007 3249 3545
13409 4 2 1 1 720 2661 713 3663
13410 4 2 1 1 1758 3612 2655 3791
13411 4 2 1 1 314 213 300 2700
13412 4 2 1 1 755 756 2993 754
13413 4 2 1 1 1211 1212 1312 2911
13414 4 2 1 1 2786 3616 1567 3641
13415 4 2 1 1 3205 2385 2148 2994
13416 4 2 1 1 338 3126 250 3432
13417 4 2 1 1 706 714 713 3366
13418 4 2 1 1 130 3973 652 3646
13419 4 2 1 1 3840 165 166 1338
13420 4 2 1 1 1633 1782 1606 3711
13421 4 2 1 1 3205 2148 2385 2594
13422 4 2 1 1 2242 3658 2555 2131
13423 4 2 1 1 3901 204 360 3248
13424 4 2 1 1 361 405 351 3239
13425 4 2 1 1 603 516 613 3521
13426 4 2 1 1 1719 1611 1718 2681
13427 4 2 1 1 2166 3009 3711 3773
13428 4 2 1 1 2622 2503 3513 3720
13429 4 2 1 1 853 658 844 3203
13430 4 2 1 1 3901 360 3164 3248
13431 4 2 1 1 3840 1101 165 1338
13432 4 2 1 1 2209 2742 3012 3572
13433 4 2 1 1 2164 3298 3051 3869
13434 4 2 1 1 1299 3897 172 1434
13435 4 2 1 1 2354 3365 2952 3757
13436 4 2 1 1 1629 1587 1630 3358
13437 4 2 1 1 3748 3068 2117 2774
13438 4 2 1 1 819 722 3411 3821
13439 4 2 1 1 2251 3144 2616 3842
13440 4 2 1 1 485 462 464 3099
13441 4 2 1 1 1659 1743 3739 3769
13442 4 2 1 1 2340 3327 2823 3441
13443 4 2 1 1 714 3366 706 3683
13444 4 2 1 1 2175 2588 3057 3649
13445 4 2 1 1 2622 2308 2453 2436
13446 4 2 1 1 1156 1157 1158 2974
13447 4 2 1 1 382 391 204 3248
13448 4 2 1 1 2190 3228 2710 3568
13449 4 2 1 1 2700 2254 3506 3042
13450 4 2 1 1 2576 2827 3624 3782
13451 4 2 1 1 2807 3410 3085 3482
13452 4 2 1 1 2438 3317 2903 3698
13453 4 2 1 1 349 2774 420 3748
13454 4 2 1 1 728 725 729 2735
13455 4 2 1 1 3967 416 2545 365
13456 4 2 1 1 972 973 974 3078
13457 4 2 1 1 715 725 714 3399
13458 4 2 1 1 1218 2255 1355 3264
13459 4 2 1 1 586 2839 497 3266
13460 4 2 1 1 1612 3118 1723 3543
13461 4 2 1 1 981 3078 974 3699
13462 4 2 1 1 2272 3151 2628 3579
13463 4 2 1 1 1111 3164 1445 3248
13464 4 2 1 1 227 226 225 3147
13465 4 2 1 1 3343 3574 2996 3597
13466 4 2 1 1 3882 1327 1122 160
13467 4 2 1 1 1473 3634 143 3883
13468 4 2 1 1 2227 2644 2393 3635
13469 4 2 1 1 796 788 815 3363
13470 4 2 1 1 572 2903 579 3628
13471 4 2 1 1 791 2655 797 806
13472 4 2 1 1 468 481 466 3051
13473 4 2 1 1 1209 1183 1203 3261
13474 4 2 1 1 857 799 701 3230
13475 4 2 1 1 1483 1611 1654 3288
13476 4 2 1 1 2609 2221 3293 3561
13477 4 2 1 1 2353 2725 3369 3448
13478 4 2 1 1 1736 3394 1740 3819
13479 4 2 1 1 2318 2679 3690 3807
13480 4 2 1 1 948 945 1045 3832
13481 4 2 1 1 2403 2399 3703 3004
13482 4 2 1 1 217 46 3880 365
13483 4 2 1 1 296 297 301 3108
13484 4 2 1 1 2119 2908 2951 3807
13485 4 2 1 1 2495 3204 3168 3512
13486 4 2 1 1 1766 3448 3369 3634
13487 4 2 1 1 712 704 3233 3487
13488 4 2 1 1 2970 2217 2307 3849
13489 4 2 1 1 3967 416 365 207
13490 4 2 1 1 1210 1209 3261 3796
13491 4 2 1 1 2451 3744 3533 3853
13492 4 2 1 1 3311 3811 3301 2230
13493 4 2 1 1 2849 3080 2271 3621
13494 4 2 1 1 2372 3824 2841 3869
13495 4 2 1 1 1212 1185 1218 2255
13496 4 2 1 1 2430 3450 3011 3606
13497 4 2 1 1 978 2977 1081 3817
13498 4 2 1 1 713 3366 2661 3596
13499 4 2 1 1 1663 3637 1468 3775
13500 4 2 1 1 1792 1658 1456 2719
13501 4 2 1 1 735 829 868 3495
13502 4 2 1 1 1434 172 171 3897
13503 4 2 1 1 2994 3515 2513 3868
13504 4 2 1 1 3402 3706 3326 2107
13505 4 2 1 1 1434 3984 3107 3897
13506 4 2 1 1 438 3459 97 627
13507 4 2 1 1 2973 840 685 701
13508 4 2 1 1 329 3247 361 3709
13509 4 2 1 1 1383 3516 1215 3655
13510 4 2 1 1 1363 1334 1368 2775
13511 4 2 1 1 3899 897 895 3440
13512 4 2 1 1 2336 3557 3024 3740
13513 4 2 1 1 3903 210 342 3709
13514 4 2 1 1 2271 3080 2849 3623
13515 4 2 1 1 1401 1447 1110 3034
13516 4 2 1 1 340 262 230 3465
13517 4 2 1 1 2142 3458 2100 3765
13518 4 2 1 1 324 325 323 3762
13519 4 2 1 1 2276 3317 3106 3698
13520 4 2 1 1 513 590 2927 3385
13521 4 2 1 1 1629 1637 1779 3358
13522 4 2 1 1 2074 3050 2933 2397
13523 4 2 1 1 1356 1321 1397 3005
13524 4 2 1 1 2438 3106 3317 3698
13525 4 2 1 1 2217 2606 3014 2149
13526 4 2 1 1 1370 1153 1164 2759
13527 4 2 1 1 1165 1164 1154 2759
13528 4 2 1 1 2117 3068 3748 2326
13529 4 2 1 1 462 460 461 2935
13530 4 2 1 1 3886 1326 2510 1119
13531 4 2 1 1 2350 2880 2870 3742
13532 4 2 1 1 2501 2149 2721 3757
13533 4 2 1 1 1597 1652 1730 3052
13534 4 2 1 1 2452 2728 3259 3845
13535 4 2 1 1 505 506 502 3408
13536 4 2 1 1 2382 3767 3549 3771
13537 4 2 1 1 233 232 231 3167
13538 4 2 1 1 342 3905 3961 3123
13539 4 2 1 1 2197 3264 2874 2323
13540 4 2 1 1 357 3963 3225 3916
13541 4 2 1 1 2068 2722 3375 3555
13542 4 2 1 1 362 264 266 2755
13543 4 2 1 1 2117 2541 3748 2774
13544 4 2 1 1 673 3900 141 3953
13545 4 2 1 1 1469 1637 1778 3226
13546 4 2 1 1 3995 209 57 358
13547 4 2 1 1 2209 3233 2553 3428
13548 4 2 1 1 360 60 204 3901
13549 4 2 1 1 575 585 566 3124
13550 4 2 1 1 2712 2197 3199 3503
13551 4 2 1 1 2330 3419 3102 3812
13552 4 2 1 1 1543 1544 2919 3759
13553 4 2 1 1 1383 1377 1254 3516
13554 4 2 1 1 1656 1581 3128 1655
13555 4 2 1 1 3022 3343 2292 3574
13556 4 2 1 1 243 3003 245 3391
13557 4 2 1 1 66 4 412 3988
13558 4 2 1 1 1612 1693 3118 3756
13559 4 2 1 1 1237 1380 3191 3653
13560 4 2 1 1 1758 1739 2655 3612
13561 4 2 1 1 2615 3152 2213 3589
13562 4 2 1 1 2081 2643 2995 3658
13563 4 2 1 1 2382 3346 2762 3580
13564 4 2 1 1 1292 1197 1297 3445
13565 4 2 1 1 521 520 525 3105
13566 4 2 1 1 570 572 571 3317
13567 4 2 1 1 488 489 497 2839
13568 4 2 1 1 1716 1529 2979 1536
13569 4 2 1 1 2760 3379 423 3762
13570 4 2 1 1 2814 2263 3157 3169
13571 4 2 1 1 329 3956 210 328
13572 4 2 1 1 329 3956 328 2743
13573 4 2 1 1 2153 3269 2933 3388
13574 4 2 1 1 569 574 573 3567
13575 4 2 1 1 1627 3173 1776 3682
13576 4 2 1 1 2841 3824 2512 3869
13577 4 2 1 1 1612 1508 1693 3756
13578 4 2 1 1 2729 3286 2202 3611
13579 4 2 1 1 260 338 250 3432
13580 4 2 1 1 3434 3632 3562 2106
13581 4 2 1 1 2220 3295 3347 3764
13582 4 2 1 1 1416 1277 3423 3694
13583 4 2 1 1 2291 3564 2677 3835
13584 4 2 1 1 2269 3140 2659 3651
13585 4 2 1 1 1229 1296 1294 3292
13586 4 2 1 1 750 748 749 2904
13587 4 2 1 1 3005 3603 2312 3639
13588 4 2 1 1 2239 2525 3337 3525
13589 4 2 1 1 2537 3663 3157 3821
13590 4 2 1 1 1588 2800 1586 3819
13591 4 2 1 1 680 678 679 3152
13592 4 2 1 1 2170 2725 2976 3276
13593 4 2 1 1 899 900 898 3541
13594 4 2 1 1 617 616 587 3824
13595 4 2 1 1 1299 3897 1434 3107
13596 4 2 1 1 2764 3026 2216 3159
13597 4 2 1 1 2820 3067 2116 3800
13598 4 2 1 1 3748 2541 2117 2326
13599 4 2 1 1 2791 3304 1502 3756
13600 4 2 1 1 3015 3354 2343 3725
13601 4 2 1 1 1480 1482 1655 3128
13602 4 2 1 1 2112 2622 2308 3720
13603 4 2 1 1 999 891 3398 3459
13604 4 2 1 1 3040 3827 3715 2511
13605 4 2 1 1 985 986 2898 3315
13606 4 2 1 1 2081 2830 3224 3583
13607 4 2 1 1 545 3398 438 3459
13608 4 2 1 1 2261 3050 3383 2397
13609 4 2 1 1 2860 2258 3389 3643
13610 4 2 1 1 2372 3310 2950 3601
13611 4 2 1 1 2729 2361 3614 3648
13612 4 2 1 1 2600 2255 1355 3483
13613 4 2 1 1 2221 3293 3229 3424
13614 4 2 1 1 2105 2539 2525 3667
13615 4 2 1 1 451 453 605 3712
13616 4 2 1 1 2163 3144 2935 3842
13617 4 2 1 1 2088 3135 3221 3556
13618 4 2 1 1 707 831 690 3161
13619 4 2 1 1 3986 331 55 205
13620 4 2 1 1 1641 1773 2924 3123
13621 4 2 1 1 2194 2151 2720 3544
13622 4 2 1 1 305 3168 2709 3512
13623 4 2 1 1 3122 3695 467 2888
13624 4 2 1 1 781 723 837 3094
13625 4 2 1 1 1107 1336 1427 2660
13626 4 2 1 1 1612 1723 1729 3543
13627 4 2 1 1 2500 3024 2100 3557
13628 4 2 1 1 1096 2497 942 936
13629 4 2 1 1 290 289 277 3242
13630 4 2 1 1 3034 3157 2263 3411
13631 4 2 1 1 1280 1114 1420 3558
13632 4 2 1 1 2306 3012 2642 3839
13633 4 2 1 1 470 601 3298 3822
13634 4 2 1 1 1790 1758 1739 2655
13635 4 2 1 1 1498 1704 1538 2752
13636 4 2 1 1 1140 1340 3779 3785
13637 4 2 1 1 939 3080 949 3816
13638 4 2 1 1 519 518 498 3300
13639 4 2 1 1 2143 2861 3318 3614
13640 4 2 1 1 1784 1463 1802 3369
13641 4 2 1 1 1077 3114 977 3447
13642 4 2 1 1 2119 2951 2908 3531
13643 4 2 1 1 1336 1335 1427 3357
13644 4 2 1 1 1015 2873 1016 3795
13645 4 2 1 1 401 417 206 2680
13646 4 2 1 1 2067 3125 3273 3490
13647 4 2 1 1 2951 3176 2318 3807
13648 4 2 1 1 2397 2589 3269 3761
13649 4 2 1 1 2528 3475 2236 3545
13650 4 2 1 1 1341 1121 1411 2810
13651 4 2 1 1 1306 3264 2600 2323
13652 4 2 1 1 802 801 798 2783
13653 4 2 1 1 1579 1605 1680 3010
13654 4 2 1 1 2740 3021 2337 3435
13655 4 2 1 1 1013 2977 1066 3475
13656 4 2 1 1 2303 2615 3737 3745
13657 4 2 1 1 3187 3250 2306 3839
13658 4 2 1 1 2352 3383 3061 3499
13659 4 2 1 1 2408 3375 2722 3555
13660 4 2 1 1 2100 2862 2962 3607
13661 4 2 1 1 586 2839 3266 3753
13662 4 2 1 1 1702 1519 1532 3193
13663 4 2 1 1 1064 3285 1070 3817
13664 4 2 1 1 564 454 486 3461
13665 4 2 1 1 1285 1283 1118 3482
13666 4 2 1 1 452 454 453 3461
13667 4 2 1 1 547 2816 546 3613
13668 4 2 1 1 2162 2539 2525 3687
13669 4 2 1 1 1324 1418 3248 3287
13670 4 2 1 1 1628 1683 1777 3040
13671 4 2 1 1 2923 2275 2561 3552
13672 4 2 1 1 2228 2275 2923 3552
13673 4 2 1 1 2628 3151 2504 3579
13674 4 2 1 1 3924 385 207 396
13675 4 2 1 1 1190 1322 1188 3588
13676 4 2 1 1 278 2867 267 3850
13677 4 2 1 1 2552 2202 3474 3642
13678 4 2 1 1 2401 3415 2993 3534
13679 4 2 1 1 2283 3223 3150 3536
13680 4 2 1 1 2288 3282 2732 3616
13681 4 2 1 1 2310 2992 3670 3797
13682 4 2 1 1 1191 1190 1189 2902
13683 4 2 1 1 2223 2984 2645 3434
13684 4 2 1 1 3965 843 866 3904
13685 4 2 1 1 2102 3205 2994 3830
13686 4 2 1 1 299 3412 362 3506
13687 4 2 1 1 2900 3044 2551 3754
13688 4 2 1 1 2315 2957 3035 2125
13689 4 2 1 1 2671 3384 2639 3093
13690 4 2 1 1 1383 2809 1377 3516
13691 4 2 1 1 2964 3314 2269 3846
13692 4 2 1 1 835 3821 730 3034
13693 4 2 1 1 651 3034 3920 3599
13694 4 2 1 1 615 606 428 3005
13695 4 2 1 1 2281 3664 3080 3792
13696 4 2 1 1 650 3105 643 3104
13697 4 2 1 1 644 579 2903 3628
13698 4 2 1 1 1562 1550 1551 3691
13699 4 2 1 1 1472 3990 3039 1684
13700 4 2 1 1 1266 1390 1269 3356
13701 4 2 1 1 769 755 758 3415
13702 4 2 1 1 1058 1045 927 3832
13703 4 2 1 1 2259 3089 2989 3873
13704 4 2 1 1 1666 1661 1663 3219
13705 4 2 1 1 2182 2629 3462 3741
13706 4 2 1 1 2860 3182 2449 3865
13707 4 2 1 1 1594 2588 2276 3826
13708 4 2 1 1 2421 3182 2562 3688
13709 4 2 1 1 1592 1750 3430 3826
13710 4 2 1 1 1009 3885 3420 2874
13711 4 2 1 1 2474 3583 3240 3778
13712 4 2 1 1 2379 3296 3309 2505
13713 4 2 1 1 2901 3325 2268 3608
13714 4 2 1 1 1081 2977 1013 3817
13715 4 2 1 1 2256 3117 2994 3868
13716 4 2 1 1 2212 2651 3213 3576
13717 4 2 1 1 3835 2872 3395 2572
13718 4 2 1 1 921 920 922 3813
13719 4 2 1 1 2326 2541 3225 3748
13720 4 2 1 1 420 2774 355 3703
13721 4 2 1 1 292 389 391 3223
13722 4 2 1 1 1541 1540 1692 2756
13723 4 2 1 1 2225 2577 3170 3532
13724 4 2 1 1 2713 3015 2069 2479
13725 4 2 1 1 218 18 368 3344
13726 4 2 1 1 656 849 811 3688
13727 4 2 1 1 934 967 2776 3426
13728 4 2 1 1 2433 3766 2542 3833
13729 4 2 1 1 2890 1535 1679 1743
13730 4 2 1 1 1285 1286 1284 3482
13731 4 2 1 1 3984 996 171 886
13732 4 2 1 1 1343 3204 1342 1344
13733 4 2 1 1 2310 2881 2987 2077
13734 4 2 1 1 1232 3275 2600 3812
13735 4 2 1 1 2681 3266 2173 3288
13736 4 2 1 1 911 3084 994 3216
13737 4 2 1 1 3570 3500 2671 2404
13738 4 2 1 1 2206 3217 2584 3687
13739 4 2 1 1 1756 1665 1755 3451
13740 4 2 1 1 2393 3329 2644 3728
13741 4 2 1 1 1235 1375 1335 2965
13742 4 2 1 1 97 96 3459 1076
13743 4 2 1 1 1465 3994 3194 3916
13744 4 2 1 1 1239 1242 1241 3082
13745 4 2 1 1 889 3958 1014 163
13746 4 2 1 1 2560 3397 2620 3747
13747 4 2 1 1 2332 3127 2842 3297
13748 4 2 1 1 2113 2878 3722 2289
13749 4 2 1 1 2863 3679 2730 3696
13750 4 2 1 1 2119 2951 3690 3807
13751 4 2 1 1 2450 3290 2744 3836
13752 4 2 1 1 128 769 3904 866
13753 4 2 1 1 3838 3844 3230 2973
13754 4 2 1 1 647 633 549 2685
13755 4 2 1 1 1530 1556 1554 3136
13756 4 2 1 1 287 2813 280 3674
13757 4 2 1 1 1625 1647 1564 3112
13758 4 2 1 1 802 711 801 3783
13759 4 2 1 1 783 3487 2827 3683
13760 4 2 1 1 2179 3153 2768 3578
13761 4 2 1 1 1450 3420 1414 2323
13762 4 2 1 1 1268 2669 1269 3694
13763 4 2 1 1 1340 1387 1384 3785
13764 4 2 1 1 2101 2749 3012 3733
13765 4 2 1 1 3024 3557 2500 3820
13766 4 2 1 1 2842 3127 2290 3297
13767 4 2 1 1 891 97 3459 1076
13768 4 2 1 1 1214 1229 1230 3292
13769 4 2 1 1 2422 3706 3326 3813
13770 4 2 1 1 2595 3596 699 3858
13771 4 2 1 1 2455 3299 3116 3549
13772 4 2 1 1 2398 3346 3116 3436
13773 4 2 1 1 343 3978 2924 203
13774 4 2 1 1 3558 64 65 1419
13775 4 2 1 1 733 2827 3399 3683
13776 4 2 1 1 3949 3996 2680 206
13777 4 2 1 1 494 2785 499 3814
13778 4 2 1 1 2304 3017 2884 3328
13779 4 2 1 1 1663 3451 1665 3637
13780 4 2 1 1 2391 3304 2791 3364
13781 4 2 1 1 2746 2989 2093 3471
13782 4 2 1 1 2361 3789 2836 3867
13783 4 2 1 1 3943 139 6 865
13784 4 2 1 1 360 3959 3901 3164
13785 4 2 1 1 502 491 505 2886
13786 4 2 1 1 430 3954 3909 73
13787 4 2 1 1 2279 3278 2806 3570
13788 4 2 1 1 3558 2599 65 220
13789 4 2 1 1 740 739 741 3737
13790 4 2 1 1 2335 3207 3002 3261
13791 4 2 1 1 2437 2566 3228 3770
13792 4 2 1 1 2110 3116 3346 3436
13793 4 2 1 1 1298 3662 2549 3730
13794 4 2 1 1 1012 1021 167 3423
13795 4 2 1 1 1017 1015 1016 3795
13796 4 2 1 1 3558 1114 64 1419
13797 4 2 1 1 706 3366 3596 3683
13798 4 2 1 1 641 3954 3488 3001
13799 4 2 1 1 1382 3002 1378 3360
13800 4 2 1 1 1356 1397 1350 3501
13801 4 2 1 1 1012 3906 168 881
13802 4 2 1 1 3326 3706 2523 3813
13803 4 2 1 1 872 779 827 3559
13804 4 2 1 1 2256 3422 3117 2479
13805 4 2 1 1 3984 996 886 3107
13806 4 2 1 1 2247 3329 2972 3705
13807 4 2 1 1 3826 2175 2588 3057
13808 4 2 1 1 360 3959 3164 359
13809 4 2 1 1 2115 3442 2723 3109
13810 4 2 1 1 248 246 372 2836
13811 4 2 1 1 791 2655 806 3538
13812 4 2 1 1 1671 1757 1789 2673
13813 4 2 1 1 2671 3500 3570 2098
13814 4 2 1 1 3258 3494 2387 3574
13815 4 2 1 1 1496 1511 1494 3092
13816 4 2 1 1 1381 1205 3598 3799
13817 4 2 1 1 3558 3964 211 64
13818 4 2 1 1 2255 3583 3224 3611
13819 4 2 1 1 733 3399 715 3683
13820 4 2 1 1 648 3955 90 607
13821 4 2 1 1 495 633 647 2685
13822 4 2 1 1 699 3596 702 3858
13823 4 2 1 1 300 284 287 2813
13824 4 2 1 1 1422 3653 1272 3287
13825 4 2 1 1 3330 988 3484 1087
13826 4 2 1 1 704 705 712 3233
13827 4 2 1 1 3580 3136 2231 2992
13828 4 2 1 1 2183 2885 3581 3622
13829 4 2 1 1 2257 3432 3126 3527
13830 4 2 1 1 65 220 318 3558
13831 4 2 1 1 2800 3492 2119 3690
13832 4 2 1 1 216 223 52 3512
13833 4 2 1 1 3125 3273 2243 3497
13834 4 2 1 1 990 989 1069 3330
13835 4 2 1 1 2211 3192 2715 3402
13836 4 2 1 1 2224 3396 2771 3632
13837 4 2 1 1 1644 2738 1643 3729
13838 4 2 1 1 1542 1543 2919 3486
13839 4 2 1 1 988 2420 989 3330
13840 4 2 1 1 1321 3950 1109 2727
13841 4 2 1 1 938 939 949 3816
13842 4 2 1 1 1496 1495 1497 3111
13843 4 2 1 1 2229 3085 3410 3482
13844 4 2 1 1 931 1053 1055 3525
13845 4 2 1 1 3754 997 1030 1000
13846 4 2 1 1 1784 3369 1802 3791
13847 4 2 1 1 585 629 506 3408
13848 4 2 1 1 1641 1640 1642 3006
13849 4 2 1 1 3896 53 54 1428
13850 4 2 1 1 1271 1272 1237 3496
13851 4 2 1 1 3896 53 1428 3841
13852 4 2 1 1 2660 3357 3147 3841
13853 4 2 1 1 1544 1569 1542 2919
13854 4 2 1 1 1760 1769 1636 3510
13855 4 2 1 1 342 3905 3123 343
13856 4 2 1 1 1210 1219 1209 3796
13857 4 2 1 1 3447 1068 177 882
13858 4 2 1 1 1140 3779 3137 3785
13859 4 2 1 1 3967 416 207 3659
13860 4 2 1 1 3636 3624 2576 2683
13861 4 2 1 1 342 3961 3903 3709
13862 4 2 1 1 1740 1736 1577 3394
13863 4 2 1 1 2166 3374 2978 3773
13864 4 2 1 1 2234 3211 2886 3666
13865 4 2 1 1 2484 3386 2971 3492
13866 4 2 1 1 2126 2822 3377 2199
13867 4 2 1 1 365 3880 217 2545
13868 4 2 1 1 2296 3697 2989 3833
13869 4 2 1 1 2642 3187 2306 3839
13870 4 2 1 1 1420 1114 1313 3474
13871 4 2 1 1 3575 2904 768 751
13872 4 2 1 1 1414 3885 2874 3420
13873 4 2 1 1 2202 3474 2911 3496
13874 4 2 1 1 3001 625 518 641
13875 4 2 1 1 1001 1000 999 3016
13876 4 2 1 1 3780 3779 2223 2676
13877 4 2 1 1 3008 1245 1275 3618
13878 4 2 1 1 1031 3941 183 887
13879 4 2 1 1 2664 3658 2242 2131
13880 4 2 1 1 3766 3697 3833 2433
13881 4 2 1 1 2261 2751 3388 2397
13882 4 2 1 1 1414 3420 2874 2323
13883 4 2 1 1 2236 3475 2977 3545
13884 4 2 1 1 657 3908 152 825
13885 4 2 1 1 2079 3424 3594 3835
13886 4 2 1 1 3747 3014 3397 2620
13887 4 2 1 1 370 287 280 3674
13888 4 2 1 1 2306 3071 3012 3839
13889 4 2 1 1 791 792 794 2636
13890 4 2 1 1 1422 1272 3653 1386
13891 4 2 1 1 1657 1679 1743 2890
13892 4 2 1 1 2147 3252 2665 3763
13893 4 2 1 1 708 2419 2739 3661
13894 4 2 1 1 2569 2617 3470 3837
13895 4 2 1 1 1717 1553 1585 2939
13896 4 2 1 1 1223 1222 3209 1263
13897 4 2 1 1 328 210 26 3956
13898 4 2 1 1 2162 3209 2584 3687
13899 4 2 1 1 306 221 305 2709
13900 4 2 1 1 941 1004 1000 3016
13901 4 2 1 1 1745 3235 1681 3626
13902 4 2 1 1 3896 3986 205 2660
13903 4 2 1 1 1507 1504 1508 3756
13904 4 2 1 1 566 3875 84 3124
13905 4 2 1 1 731 854 826 3079
13906 4 2 1 1 530 529 445 2711
13907 4 2 1 1 2231 3580 2762 3701
13908 4 2 1 1 567 84 85 3124
13909 4 2 1 1 2206 3598 3102 3799
13910 4 2 1 1 2329 3333 2752 3620
13911 4 2 1 1 1798 1771 1460 3709
13912 4 2 1 1 2082 3201 2750 3540
13913 4 2 1 1 215 315 426 3510
13914 4 2 1 1 2149 3365 2855 3150
13915 4 2 1 1 249 259 252 3244
13916 4 2 1 1 3898 3956 2743 328
13917 4 2 1 1 1355 2255 1177 3483
13918 4 2 1 1 1309 1393 1373 2957
13919 4 2 1 1 90 628 607 3704
13920 4 2 1 1 2102 3716 3074 3830
13921 4 2 1 1 2201 2862 3273 3607
13922 4 2 1 1 133 1290 1430 3599
13923 4 2 1 1 2342 3383 3050 2397
13924 4 2 1 1 286 3108 296 3573
13925 4 2 1 1 1018 3565 3141 3795
13926 4 2 1 1 955 1050 2719 3810
13927 4 2 1 1 1184 1360 3138 3035
13928 4 2 1 1 498 492 484 3666
13929 4 2 1 1 2562 3277 2421 3688
13930 4 2 1 1 2271 2930 2741 3816
13931 4 2 1 1 995 963 951 3405
13932 4 2 1 1 1233 1234 3049 3529
13933 4 2 1 1 3908 1791 1458 152
13934 4 2 1 1 3090 3421 2798 3630
13935 4 2 1 1 776 773 775 3129
13936 4 2 1 1 305 306 2709 3591
13937 4 2 1 1 212 3688 14 3957
13938 4 2 1 1 2628 2272 3579 3857
13939 4 2 1 1 2481 3568 2666 3660
13940 4 2 1 1 838 742 873 2680
13941 4 2 1 1 808 835 651 3599
13942 4 2 1 1 1649 1605 1580 2956
13943 4 2 1 1 2729 3583 3109 3611
13944 4 2 1 1 3779 1143 1141 3215
13945 4 2 1 1 1545 1547 2946 1548
13946 4 2 1 1 3194 298 384 208
13947 4 2 1 1 1657 2890 1743 3769
13948 4 2 1 1 1057 1058 2796 3832
13949 4 2 1 1 595 602 513 3695
13950 4 2 1 1 781 780 723 3094
13951 4 2 1 1 2608 3124 2276 3826
13952 4 2 1 1 2083 3047 2793 3502
13953 4 2 1 1 392 363 261 3014
13954 4 2 1 1 1504 1507 1505 3327
13955 4 2 1 1 1746 1749 84 3124
13956 4 2 1 1 2692 2134 3206 3535
13957 4 2 1 1 2338 2926 3582 3830
13958 4 2 1 1 430 72 3909 619
13959 4 2 1 1 3941 1087 1031 2482
13960 4 2 1 1 1688 2946 1552 1548
13961 4 2 1 1 2283 2670 3287 3536
13962 4 2 1 1 3074 3716 2484 3830
13963 4 2 1 1 1336 3896 3841 2660
13964 4 2 1 1 3896 3986 54 205
13965 4 2 1 1 1002 3919 3398 891
13966 4 2 1 1 78 79 3895 1475
13967 4 2 1 1 783 699 704 3487
13968 4 2 1 1 566 84 567 3124
13969 4 2 1 1 3636 3624 2683 2324
13970 4 2 1 1 2534 2287 2918 3717
13971 4 2 1 1 3008 1275 1245 1225
13972 4 2 1 1 1537 1711 1607 3616
13973 4 2 1 1 1388 1229 1213 2875
13974 4 2 1 1 3641 1607 3616 1567
13975 4 2 1 1 2969 3400 2190 3710
13976 4 2 1 1 2401 3534 2993 3838
13977 4 2 1 1 2192 3227 2785 3814
13978 4 2 1 1 3575 768 2904 2357
13979 4 2 1 1 1559 2992 1731 3797
13980 4 2 1 1 3050 3383 2342 3469
13981 4 2 1 1 1475 3895 78 1794
13982 4 2 1 1 3772 3571 2323 2525
13983 4 2 1 1 2104 2897 3120 3717
13984 4 2 1 1 1534 1526 3549 3771
13985 4 2 1 1 344 347 346 3270
13986 4 2 1 1 2648 3121 2253 3461
13987 4 2 1 1 1059 1069 946 3330
13988 4 2 1 1 2175 3058 2818 3649
13989 4 2 1 1 3895 3985 539 3104
13990 4 2 1 1 1484 1485 1486 3265
13991 4 2 1 1 1132 1133 1131 2868
13992 4 2 1 1 1268 1266 1269 2669
13993 4 2 1 1 2616 2163 2116 3842
13994 4 2 1 1 1185 1177 1355 2255
13995 4 2 1 1 2394 3645 2610 3434
13996 4 2 1 1 2752 3362 2329 3820
13997 4 2 1 1 668 3910 124 836
13998 4 2 1 1 1345 1413 1275 3203
13999 4 2 1 1 2285 3554 2715 3678
14000 4 2 1 1 886 996 1030 3107
14001 4 2 1 1 2268 2604 3316 3608
14002 4 2 1 1 1518 3595 2689 3749
14003 4 2 1 1 3895 3985 79 539
14004 4 2 1 1 1770 3009 1623 3585
14005 4 2 1 1 2212 3188 3161 3576
14006 4 2 1 1 329 2743 3247 3709
14007 4 2 1 1 548 3919 3398 3467
14008 4 2 1 1 2713 3354 3015 3725
14009 4 2 1 1 712 716 717 3233
14010 4 2 1 1 2419 2692 2739 3661
14011 4 2 1 1 2333 3053 2694 3765
14012 4 2 1 1 387 3004 241 3703
14013 4 2 1 1 3119 3453 2601 3524
14014 4 2 1 1 3641 1607 1567 1608
14015 4 2 1 1 3968 876 181 1032
14016 4 2 1 1 708 2739 809 3661
14017 4 2 1 1 1071 1060 896 3752
14018 4 2 1 1 2258 3167 2684 3465
14019 4 2 1 1 593 459 458 3263
14020 4 2 1 1 1307 1308 1227 3390
14021 4 2 1 1 2255 2723 3442 3109
14022 4 2 1 1 3709 3956 3903 210
14023 4 2 1 1 3191 3653 1380 3776
14024 4 2 1 1 2610 3645 2394 2135
14025 4 2 1 1 2331 2247 2972 2129
14026 4 2 1 1 369 234 3455 3850
14027 4 2 1 1 342 3123 3961 3709
14028 4 2 1 1 587 3099 3051 3824
14029 4 2 1 1 2384 2619 3064 3686
14030 4 2 1 1 1347 1446 1401 3724
14031 4 2 1 1 2235 2557 3322 3605
14032 4 2 1 1 1390 1391 1269 3035
14033 4 2 1 1 3411 819 856 845
14034 4 2 1 1 2164 2888 3051 3298
14035 4 2 1 1 2868 3619 2192 3633
14036 4 2 1 1 1265 1381 1384 2928
14037 4 2 1 1 3880 1037 46 890
14038 4 2 1 1 2867 3432 267 3850
14039 4 2 1 1 2682 3587 2392 3654
14040 4 2 1 1 1755 3895 2565 3104
14041 4 2 1 1 784 855 2851 3652
14042 4 2 1 1 2744 1801 3290 1768
14043 4 2 1 1 714 728 810 3366
14044 4 2 1 1 1112 166 1338 3840
14045 4 2 1 1 2282 3656 3070 3701
14046 4 2 1 1 1569 2919 1544 3851
14047 4 2 1 1 2220 3295 2988 3347
14048 4 2 1 1 733 783 2827 3683
14049 4 2 1 1 3117 3435 2256 2479
14050 4 2 1 1 3411 856 819 3281
14051 4 2 1 1 543 3662 600 3823
14052 4 2 1 1 2416 3378 2641 3615
14053 4 2 1 1 2117 3468 3036 3638
14054 4 2 1 1 2550 3021 3579 3857
14055 4 2 1 1 3254 3701 3597 3834
14056 4 2 1 1 3404 336 332 334
14057 4 2 1 1 380 3226 299 3506
14058 4 2 1 1 245 243 244 3003
14059 4 2 1 1 2102 3804 3582 3830
14060 4 2 1 1 572 570 579 2903
14061 4 2 1 1 2336 3024 2100 3189
14062 4 2 1 1 3063 3231 2381 2542
14063 4 2 1 1 2624 3126 2257 3689
14064 4 2 1 1 397 313 3743 3752
14065 4 2 1 1 657 837 815 3363
14066 4 2 1 1 534 3454 532 3636
14067 4 2 1 1 728 2735 729 3652
14068 4 2 1 1 166 1021 878 3840
14069 4 2 1 1 2175 2717 3058 3859
14070 4 2 1 1 2254 2627 3358 3827
14071 4 2 1 1 3774 3098 2300 3008
14072 4 2 1 1 1372 1160 1384 3735
14073 4 2 1 1 2801 3042 2077 2275
14074 4 2 1 1 658 3918 126 844
14075 4 2 1 1 678 677 2976 3514
14076 4 2 1 1 423 409 271 2760
14077 4 2 1 1 3250 3768 2306 3839
14078 4 2 1 1 2666 2190 3400 3710
14079 4 2 1 1 369 3692 375 3850
14080 4 2 1 1 1272 1386 1237 3653
14081 4 2 1 1 394 3936 204 61
14082 4 2 1 1 954 955 1050 2719
14083 4 2 1 1 587 616 485 3099
14084 4 2 1 1 1542 1543 1544 2919
14085 4 2 1 1 2491 3647 3066 3803
14086 4 2 1 1 2740 2937 2148 3868
14087 4 2 1 1 349 420 422 3748
14088 4 2 1 1 2997 3554 2107 3706
14089 4 2 1 1 2159 3255 2956 3719
14090 4 2 1 1 2615 3589 2213 2460
14091 4 2 1 1 1195 1197 1254 3445
14092 4 2 1 1 3909 3977 2576 619
14093 4 2 1 1 771 739 2963 3737
14094 4 2 1 1 166 3423 1021 3840
14095 4 2 1 1 1658 1659 2719 3769
14096 4 2 1 1 2210 3378 3190 3615
14097 4 2 1 1 1043 943 946 3679
14098 4 2 1 1 3366 2280 3596 3683
14099 4 2 1 1 1599 1730 1602 3499
14100 4 2 1 1 441 3938 591 103
14101 4 2 1 1 992 2587 974 975
14102 4 2 1 1 2244 2067 2803 3790
14103 4 2 1 1 727 3514 771 2963
14104 4 2 1 1 3209 1302 1264 1263
14105 4 2 1 1 2977 3271 1066 3475
14106 4 2 1 1 3075 3192 2345 3402
14107 4 2 1 1 830 707 688 3188
14108 4 2 1 1 2254 3358 3226 3827
14109 4 2 1 1 3190 3378 2416 3615
14110 4 2 1 1 2282 3701 3254 3834
14111 4 2 1 1 1067 1077 977 3447
14112 4 2 1 1 983 986 1065 2898
14113 4 2 1 1 424 3994 208 3194
14114 4 2 1 1 1348 1217 1171 3409
14115 4 2 1 1 2818 3625 2588 3649
14116 4 2 1 1 2995 3658 2596 3778
14117 4 2 1 1 1720 1512 1734 3073
14118 4 2 1 1 2277 3239 2795 3332
14119 4 2 1 1 1578 1714 1664 2765
14120 4 2 1 1 2292 3258 2705 3587
14121 4 2 1 1 1764 1634 1678 2690
14122 4 2 1 1 2065 3376 2566 3806
14123 4 2 1 1 889 3958 163 3884
14124 4 2 1 1 2485 3692 3455 3850
14125 4 2 1 1 3914 881 1049 169
14126 4 2 1 1 2142 2797 3723 2260
14127 4 2 1 1 908 925 1013 3113
14128 4 2 1 1 1690 1567 1626 2786
14129 4 2 1 1 2320 3086 2693 2128
14130 4 2 1 1 3447 1090 882 178
14131 4 2 1 1 1167 1176 1168 3523
14132 4 2 1 1 3168 226 341 2449
14133 4 2 1 1 3168 341 226 283
14134 4 2 1 1 436 3913 626 69
14135 4 2 1 1 1643 1644 1476 2738
14136 4 2 1 1 340 338 339 3126
14137 4 2 1 1 360 3959 359 59
14138 4 2 1 1 2332 3295 3055 3803
14139 4 2 1 1 1628 3040 1709 3682
14140 4 2 1 1 1475 3895 1794 2565
14141 4 2 1 1 1167 1359 1176 2754
14142 4 2 1 1 1073 3967 2545 1037
14143 4 2 1 1 215 3960 24 315
14144 4 2 1 1 3792 3139 952 2585
14145 4 2 1 1 1258 3287 3164 2283
14146 4 2 1 1 51 52 3512 1433
14147 4 2 1 1 1716 1531 1589 3617
14148 4 2 1 1 1282 1351 1413 3505
14149 4 2 1 1 388 238 236 3397
14150 4 2 1 1 3164 3287 1258 1445
14151 4 2 1 1 3309 2580 2111 3243
14152 4 2 1 1 16 206 3949 395
14153 4 2 1 1 3838 3844 2973 2151
14154 4 2 1 1 1660 1608 1607 3282
14155 4 2 1 1 2113 3453 2601 3798
14156 4 2 1 1 2465 2899 3307 3798
14157 4 2 1 1 978 976 1081 2977
14158 4 2 1 1 3792 952 3139 953
14159 4 2 1 1 779 778 862 3001
14160 4 2 1 1 2942 3615 2598 3809
14161 4 2 1 1 3512 1343 51 1433
14162 4 2 1 1 2222 3013 2838 3854
14163 4 2 1 1 853 753 3203 3575
14164 4 2 1 1 1323 3901 60 1111
14165 4 2 1 1 2416 3615 2942 3809
14166 4 2 1 1 3309 2111 2580 3041
14167 4 2 1 1 3676 2851 2177 2711
14168 4 2 1 1 1346 1331 1347 3079
14169 4 2 1 1 699 706 3596 3683
14170 4 2 1 1 707 830 832 3188
14171 4 2 1 1 2266 2458 3186 3518
14172 4 2 1 1 3253 3674 2275 3686
14173 4 2 1 1 619 535 533 3636
14174 4 2 1 1 3636 3624 2324 3782
14175 4 2 1 1 3565 3840 1022 3860
14176 4 2 1 1 2793 3047 2083 2300
14177 4 2 1 1 3914 881 169 3906
14178 4 2 1 1 1467 2690 1678 1634
14179 4 2 1 1 2700 3506 2813 3042
14180 4 2 1 1 1773 3978 2924 3905
14181 4 2 1 1 2312 3603 2918 3639
14182 4 2 1 1 2619 3674 3253 3686
14183 4 2 1 1 1627 1566 1690 3173
14184 4 2 1 1 902 934 995 3560
14185 4 2 1 1 293 3253 2619 3674
14186 4 2 1 1 1607 1672 1660 3282
14187 4 2 1 1 2782 2194 3380 3606
14188 4 2 1 1 1323 3901 1111 3248
14189 4 2 1 1 538 3915 3305 437
14190 4 2 1 1 1437 1451 1101 2638
14191 4 2 1 1 449 451 540 3175
14192 4 2 1 1 2896 3278 2496 3570
14193 4 2 1 1 1661 1562 1578 3219
14194 4 2 1 1 2178 3003 3145 3746
14195 4 2 1 1 2356 3145 3003 3746
14196 4 2 1 1 930 2930 3623 3816
14197 4 2 1 1 2107 2865 2941 3326
14198 4 2 1 1 1422 1324 1258 3287
14199 4 2 1 1 3968 876 1032 2673
14200 4 2 1 1 397 3743 3929 3752
14201 4 2 1 1 756 3060 759 3415
14202 4 2 1 1 461 459 475 3263
14203 4 2 1 1 2170 2971 3074 3386
14204 4 2 1 1 1474 1685 1680 3447
14205 4 2 1 1 3266 3288 2681 3704
14206 4 2 1 1 2324 3454 2851 3845
14207 4 2 1 1 2331 2862 2247 2129
14208 4 2 1 1 959 3160 1092 3664
14209 4 2 1 1 2398 3436 2790 2091
14210 4 2 1 1 1414 3264 1306 2323
14211 4 2 1 1 2223 2769 2984 3780
14212 4 2 1 1 824 786 801 3276
14213 4 2 1 1 2701 3155 2285 2106
14214 4 2 1 1 818 3071 703 3839
14215 4 2 1 1 357 3994 3194 208
14216 4 2 1 1 2074 2933 3050 3786
14217 4 2 1 1 2861 2481 2583 2143
14218 4 2 1 1 2107 2715 3554 3678
14219 4 2 1 1 1487 1486 1485 3456
14220 4 2 1 1 2861 2481 3568 2583
14221 4 2 1 1 2612 3236 2520 3054
14222 4 2 1 1 360 3959 59 3901
14223 4 2 1 1 2531 3837 2961 2342
14224 4 2 1 1 1363 1156 1186 2325
14225 4 2 1 1 3066 3647 2332 3803
14226 4 2 1 1 473 471 476 3592
14227 4 2 1 1 800 786 804 3791
14228 4 2 1 1 212 3688 410 14
14229 4 2 1 1 2934 2229 3134 3534
14230 4 2 1 1 1569 1723 1677 3429
14231 4 2 1 1 2826 3296 2953 3403
14232 4 2 1 1 1606 1632 3009 3711
14233 4 2 1 1 1019 935 1048 2845
14234 4 2 1 1 3419 2525 2539 3687
14235 4 2 1 1 2956 3358 2310 3797
14236 4 2 1 1 2088 3444 2958 3708
14237 4 2 1 1 602 3122 477 3385
14238 4 2 1 1 2621 2231 3110 3654
14239 4 2 1 1 2560 2217 3397 3747
14240 4 2 1 1 1377 1322 1190 2809
14241 4 2 1 1 133 132 808 3599
14242 4 2 1 1 224 3168 305 3512
14243 4 2 1 1 1396 1301 1120 3328
14244 4 2 1 1 559 3452 557 3533
14245 4 2 1 1 2229 3085 2934 3134
14246 4 2 1 1 2540 3429 2919 3672
14247 4 2 1 1 3512 3979 221 51
14248 4 2 1 1 2241 3022 3343 3784
14249 4 2 1 1 2267 2424 2896 2821
14250 4 2 1 1 286 296 285 3573
14251 4 2 1 1 2201 2962 2862 3607
14252 4 2 1 1 2182 3462 3382 3741
14253 4 2 1 1 474 564 562 3130
14254 4 2 1 1 627 545 438 3459
14255 4 2 1 1 999 1076 891 3459
14256 4 2 1 1 705 704 698 3214
14257 4 2 1 1 215 3960 315 3510
14258 4 2 1 1 1182 1328 1170 2940
14259 4 2 1 1 2925 2114 3504 3831
14260 4 2 1 1 2292 3574 3343 3597
14261 4 2 1 1 1320 1400 1262 2918
14262 4 2 1 1 407 374 281 3491
14263 4 2 1 1 2408 2959 2797 3555
14264 4 2 1 1 3168 3204 2709 3512
14265 4 2 1 1 901 3199 1009 3503
14266 4 2 1 1 2240 2826 2953 3403
14267 4 2 1 1 2230 3301 2674 3811
14268 4 2 1 1 1648 1602 1674 2848
14269 4 2 1 1 809 2739 691 3685
14270 4 2 1 1 2332 2822 3647 2199
14271 4 2 1 1 965 934 967 2776
14272 4 2 1 1 1681 1555 1654 3626
14273 4 2 1 1 3116 3299 2527 3549
14274 4 2 1 1 1719 1654 1611 3626
14275 4 2 1 1 482 484 491 3666
14276 4 2 1 1 1792 1471 1658 3810
14277 4 2 1 1 3309 3096 2505 2111
14278 4 2 1 1 266 284 362 3506
14279 4 2 1 1 1269 3035 1278 3694
14280 4 2 1 1 2847 2295 3391 3542
14281 4 2 1 1 3820 3557 3740 3024
14282 4 2 1 1 1689 1561 1577 3394
14283 4 2 1 1 107 106 3894 1123
14284 4 2 1 1 369 258 234 3850
14285 4 2 1 1 1123 106 3894 1441
14286 4 2 1 1 1301 1396 1238 3529
14287 4 2 1 1 1301 1233 1385 3529
14288 4 2 1 1 2460 3230 3511 3844
14289 4 2 1 1 2109 2633 3413 3519
14290 4 2 1 1 1764 2719 1456 1659
14291 4 2 1 1 3131 3254 2314 3755
14292 4 2 1 1 1521 1537 1533 3062
14293 4 2 1 1 668 3910 836 2810
14294 4 2 1 1 1283 1429 1118 3097
14295 4 2 1 1 1154 3038 1151 3163
14296 4 2 1 1 2320 2142 3174 3723
14297 4 2 1 1 659 3947 787 137
14298 4 2 1 1 994 3084 932 3315
14299 4 2 1 1 1672 1675 1513 3749
14300 4 2 1 1 3344 660 18 858
14301 4 2 1 1 1378 1203 1166 3002
14302 4 2 1 1 2642 3214 2209 3233
14303 4 2 1 1 772 3129 805 3637
14304 4 2 1 1 927 1052 3180 3718
14305 4 2 1 1 1123 3951 3676 3894
14306 4 2 1 1 983 3285 3314 980
14307 4 2 1 1 1028 2638 3565 3795
14308 4 2 1 1 1565 1606 1623 3009
14309 4 2 1 1 1767 3941 1467 2482
14310 4 2 1 1 975 2464 992 2587
14311 4 2 1 1 1456 1658 1659 2719
14312 4 2 1 1 548 547 549 3613
14313 4 2 1 1 2158 2564 3518 2389
14314 4 2 1 1 1183 1209 1375 3340
14315 4 2 1 1 1172 1173 1174 3776
14316 4 2 1 1 960 951 962 2991
14317 4 2 1 1 538 3915 437 92
14318 4 2 1 1 357 3994 208 32
14319 4 2 1 1 727 771 739 2963
14320 4 2 1 1 441 3938 103 3912
14321 4 2 1 1 582 556 560 3328
14322 4 2 1 1 1208 1410 1224 3714
14323 4 2 1 1 1121 3939 125 3918
14324 4 2 1 1 687 3165 840 3702
14325 4 2 1 1 681 3863 2582 3872
14326 4 2 1 1 974 2587 973 975
14327 4 2 1 1 2254 3412 3226 3506
14328 4 2 1 1 1650 1781 1605 3255
14329 4 2 1 1 1385 1394 1301 3115
14330 4 2 1 1 1213 1388 2875 3714
14331 4 2 1 1 3530 3553 2427 3854
14332 4 2 1 1 3939 844 125 3918
14333 4 2 1 1 3951 445 447 3676
14334 4 2 1 1 2641 3392 2703 3640
14335 4 2 1 1 1772 3123 1642 3709
14336 4 2 1 1 3229 3293 2221 3561
14337 4 2 1 1 587 3051 481 3824
14338 4 2 1 1 732 659 822 2726
14339 4 2 1 1 1758 1639 3612 3791
14340 4 2 1 1 1464 1480 1479 3305
14341 4 2 1 1 3894 1123 2711 3676
14342 4 2 1 1 1123 1441 3894 2711
14343 4 2 1 1 2096 2288 2658 3644
14344 4 2 1 1 327 2768 272 3673
14345 4 2 1 1 2226 2944 3171 3524
14346 4 2 1 1 2243 3125 3497 3593
14347 4 2 1 1 2671 3384 3093 2279
14348 4 2 1 1 540 3175 451 3712
14349 4 2 1 1 3843 3551 2791 3327
14350 4 2 1 1 1240 1292 1297 2954
14351 4 2 1 1 764 762 763 2980
14352 4 2 1 1 505 491 598 2886
14353 4 2 1 1 1166 1183 1167 3212
14354 4 2 1 1 2220 3055 3295 3803
14355 4 2 1 1 2491 3295 3647 3803
14356 4 2 1 1 691 809 708 2739
14357 4 2 1 1 2361 3318 2729 3614
14358 4 2 1 1 647 2685 3302 2439
14359 4 2 1 1 2514 2723 2115 3726
14360 4 2 1 1 2233 2730 3472 3696
14361 4 2 1 1 1413 1345 1103 3203
14362 4 2 1 1 776 3077 717 2363
14363 4 2 1 1 1193 3251 1405 3829
14364 4 2 1 1 1028 3565 2638 3840
14365 4 2 1 1 2563 3396 2315 3035
14366 4 2 1 1 3843 2791 3551 2675
14367 4 2 1 1 2989 3471 2746 3697
14368 4 2 1 1 3808 1106 1310 1311
14369 4 2 1 1 2598 2942 1358 2394
14370 4 2 1 1 588 2663 457 460
14371 4 2 1 1 331 317 205 3353
14372 4 2 1 1 2244 2577 2645 2767
14373 4 2 1 1 404 380 213 3226
14374 4 2 1 1 2100 3024 2336 3557
14375 4 2 1 1 2117 3036 3468 3874
14376 4 2 1 1 960 3440 898 3541
14377 4 2 1 1 901 899 1009 3199
14378 4 2 1 1 855 2735 729 823
14379 4 2 1 1 882 1067 1090 3447
14380 4 2 1 1 574 645 646 3567
14381 4 2 1 1 3190 3615 2416 3809
14382 4 2 1 1 240 238 261 3397
14383 4 2 1 1 2958 3444 2371 3708
14384 4 2 1 1 615 516 606 3521
14385 4 2 1 1 316 3147 225 3841
14386 4 2 1 1 3083 3306 2542 3873
14387 4 2 1 1 541 556 555 3115
14388 4 2 1 1 2099 2217 2899 3372
14389 4 2 1 1 3275 1306 1305 1232
14390 4 2 1 1 3919 98 637 438
14391 4 2 1 1 2917 2428 3286 3536
14392 4 2 1 1 2764 3221 2419 3556
14393 4 2 1 1 422 3242 421 3748
14394 4 2 1 1 1094 876 3911 3140
14395 4 2 1 1 1028 3565 1018 3795
14396 4 2 1 1 323 3153 321 3446
14397 4 2 1 1 1487 1555 1708 3456
14398 4 2 1 1 3906 1106 1317 168
14399 4 2 1 1 790 792 791 3350
14400 4 2 1 1 1699 1490 1517 2972
14401 4 2 1 1 720 2661 3663 3821
14402 4 2 1 1 1421 1105 1313 2990
14403 4 2 1 1 2994 3205 2385 3830
14404 4 2 1 1 3880 1037 890 2545
14405 4 2 1 1 2644 3329 2247 3705
14406 4 2 1 1 1366 1374 1217 3409
14407 4 2 1 1 2619 3064 2434 3659
14408 4 2 1 1 448 3886 447 3676
14409 4 2 1 1 3671 3015 2343 3766
14410 4 2 1 1 2672 3693 2977 3817
14411 4 2 1 1 3071 3768 703 3839
14412 4 2 1 1 3779 1141 1143 1142
14413 4 2 1 1 1294 1296 1325 3381
14414 4 2 1 1 1049 1061 881 2910
14415 4 2 1 1 3417 3552 2923 2214
14416 4 2 1 1 651 3920 133 3599
14417 4 2 1 1 947 948 1061 3267
14418 4 2 1 1 1381 1223 1205 3799
14419 4 2 1 1 3046 3359 2528 2596
14420 4 2 1 1 2211 3367 2854 3760
14421 4 2 1 1 1417 3357 1336 3841
14422 4 2 1 1 2267 3278 2635 2821
14423 4 2 1 1 2723 3272 2514 2115
14424 4 2 1 1 2553 3210 2827 3487
14425 4 2 1 1 2276 1613 1594 3826
14426 4 2 1 1 1004 947 1005 2900
14427 4 2 1 1 1309 1373 1227 3390
14428 4 2 1 1 1069 1080 1043 2730
14429 4 2 1 1 2706 3462 3376 3806
14430 4 2 1 1 284 280 287 2813
14431 4 2 1 1 2107 2865 3075 3593
14432 4 2 1 1 2088 3221 2764 3556
14433 4 2 1 1 976 977 975 3114
14434 4 2 1 1 1106 1412 1311 3808
14435 4 2 1 1 690 692 691 3161
14436 4 2 1 1 1096 1003 2828 3787
14437 4 2 1 1 1403 1304 1267 3818
14438 4 2 1 1 2796 3180 2349 3832
14439 4 2 1 1 2107 2941 2865 3593
14440 4 2 1 1 2368 3254 3131 3755
14441 4 2 1 1 2448 3400 2969 3710
14442 4 2 1 1 756 760 759 3060
14443 4 2 1 1 920 1042 3031 3718
14444 4 2 1 1 2665 3763 2259 3870
14445 4 2 1 1 2143 3552 3417 2214
14446 4 2 1 1 1731 2992 1528 3771
14447 4 2 1 1 428 584 615 3501
14448 4 2 1 1 2684 3167 2307 3815
14449 4 2 1 1 394 3936 61 3921
14450 4 2 1 1 2713 3422 2256 2479
14451 4 2 1 1 274 338 260 3527
14452 4 2 1 1 645 432 3232 3342
14453 4 2 1 1 2124 2879 2328 3438
14454 4 2 1 1 2247 3256 2747 3705
14455 4 2 1 1 1599 1601 1600 3499
14456 4 2 1 1 1225 1206 1207 3774
14457 4 2 1 1 2506 3427 3118 3847
14458 4 2 1 1 2867 3432 2257 3527
14459 4 2 1 1 611 477 3122 3628
14460 4 2 1 1 3922 1060 175 892
14461 4 2 1 1 3066 3320 2097 2834
14462 4 2 1 1 367 48 397 3743
14463 4 2 1 1 545 546 547 2816
14464 4 2 1 1 1700 1619 1735 3407
14465 4 2 1 1 1344 2495 1417 1116
14466 4 2 1 1 645 3232 432 608
14467 4 2 1 1 485 614 612 3099
14468 4 2 1 1 2329 3620 2752 3820
14469 4 2 1 1 1751 1614 1745 3342
14470 4 2 1 1 1156 1155 1157 3584
14471 4 2 1 1 1370 1161 1155 3584
14472 4 2 1 1 2605 3313 2312 3501
14473 4 2 1 1 2520 3054 2799 2665
14474 4 2 1 1 741 2615 743 3745
14475 4 2 1 1 390 261 388 3397
14476 4 2 1 1 2220 3295 3764 3803
14477 4 2 1 1 1637 1457 3226 3827
14478 4 2 1 1 2142 2100 3458 2260
14479 4 2 1 1 216 225 224 3841
14480 4 2 1 1 871 3152 680 3863
14481 4 2 1 1 27 342 3961 3903
14482 4 2 1 1 2865 2941 2243 3593
14483 4 2 1 1 1500 1538 1539 3333
14484 4 2 1 1 3279 3462 2629 3741
14485 4 2 1 1 2795 3239 2277 3270
14486 4 2 1 1 955 2719 3238 3810
14487 4 2 1 1 3412 3669 2611 3715
14488 4 2 1 1 2189 3147 2660 3357
14489 4 2 1 1 1327 1276 1414 2874
14490 4 2 1 1 532 507 531 3454
14491 4 2 1 1 2112 2308 2622 2436
14492 4 2 1 1 1283 1244 3085 3482
14493 4 2 1 1 2105 3337 3279 3667
14494 4 2 1 1 732 784 787 3652
14495 4 2 1 1 588 3133 559 3533
14496 4 2 1 1 921 922 923 3336
14497 4 2 1 1 285 274 268 3527
14498 4 2 1 1 951 960 898 3541
14499 4 2 1 1 1575 1619 1700 3407
14500 4 2 1 1 2874 3199 2197 3503
14501 4 2 1 1 1611 3288 1481 3704
14502 4 2 1 1 1140 3137 1163 3785
14503 4 2 1 1 3352 3530 2188 3848
14504 4 2 1 1 3962 1090 179 993
14505 4 2 1 1 3893 122 121 1124
14506 4 2 1 1 3893 1440 122 1124
14507 4 2 1 1 2343 3354 2763 3394
14508 4 2 1 1 472 478 479 2981
14509 4 2 1 1 1409 1405 1288 2880
14510 4 2 1 1 3921 1421 1105 62
14511 4 2 1 1 2654 2586 2126 3520
14512 4 2 1 1 2160 3131 3148 3755
14513 4 2 1 1 2119 3690 2256 3807
14514 4 2 1 1 3893 1124 121 3662
14515 4 2 1 1 3838 3844 2151 3511
14516 4 2 1 1 2511 3669 3412 3715
14517 4 2 1 1 1611 1481 1726 3704
14518 4 2 1 1 2740 2148 3117 3868
14519 4 2 1 1 2087 3325 2901 3608
14520 4 2 1 1 2672 2265 3693 3817
14521 4 2 1 1 223 305 221 3512
14522 4 2 1 1 1459 1751 1745 3342
14523 4 2 1 1 3981 993 1094 3140
14524 4 2 1 1 1408 1448 3195 2593
14525 4 2 1 1 1254 3445 1316 3516
14526 4 2 1 1 2890 1535 1743 2473
14527 4 2 1 1 3558 1407 1419 65
14528 4 2 1 1 621 104 591 2738
14529 4 2 1 1 1387 1163 1390 3356
14530 4 2 1 1 419 3923 222 2522
14531 4 2 1 1 3024 3189 2227 3635
14532 4 2 1 1 2761 3126 2624 3689
14533 4 2 1 1 322 272 327 2768
14534 4 2 1 1 3893 2549 1124 3662
14535 4 2 1 1 1240 1241 3805 3864
14536 4 2 1 1 1690 1626 1774 2786
14537 4 2 1 1 891 1001 999 3398
14538 4 2 1 1 2393 3362 2752 3820
14539 4 2 1 1 3893 3942 636 122
14540 4 2 1 1 3591 212 402 13
14541 4 2 1 1 892 3966 1068 176
14542 4 2 1 1 167 3906 1012 3423
14543 4 2 1 1 2113 3722 2878 3856
14544 4 2 1 1 150 149 1466 3892
14545 4 2 1 1 1096 1051 942 2828
14546 4 2 1 1 692 691 3161 3685
14547 4 2 1 1 3925 3915 3305 538
14548 4 2 1 1 438 545 547 3398
14549 4 2 1 1 281 278 282 3247
14550 4 2 1 1 1338 1101 1451 3840
14551 4 2 1 1 1184 1360 1136 3138
14552 4 2 1 1 357 3963 3916 31
14553 4 2 1 1 3447 1474 1685 177
14554 4 2 1 1 1466 150 3892 3836
14555 4 2 1 1 2281 3080 2849 3621
14556 4 2 1 1 536 449 540 3381
14557 4 2 1 1 3922 1477 1705 175
14558 4 2 1 1 1637 1800 1457 3827
14559 4 2 1 1 2491 3764 3295 3803
14560 4 2 1 1 2393 3329 2885 3581
14561 4 2 1 1 3754 997 1000 3016
14562 4 2 1 1 2757 3063 2156 3418
14563 4 2 1 1 208 357 421 3194
14564 4 2 1 1 2076 3421 2702 3630
14565 4 2 1 1 275 270 279 3059
14566 4 2 1 1 552 553 631 3039
14567 4 2 1 1 2273 3577 2760 2643
14568 4 2 1 1 700 799 842 3230
14569 4 2 1 1 1401 1289 1290 3034
14570 4 2 1 1 1408 3195 1448 1330
14571 4 2 1 1 1008 956 3139 3729
14572 4 2 1 1 1701 1754 1472 3104
14573 4 2 1 1 2945 2216 3535 3054
14574 4 2 1 1 2298 3492 2800 3690
14575 4 2 1 1 2149 3365 3150 3757
14576 4 2 1 1 3896 1107 1428 54
14577 4 2 1 1 373 62 3921 394
14578 4 2 1 1 1551 1571 1570 3691
14579 4 2 1 1 1343 3204 1344 3512
14580 4 2 1 1 2515 3413 2633 3519
14581 4 2 1 1 2787 3036 2459 3468
14582 4 2 1 1 1066 1013 1081 2977
14583 4 2 1 1 875 1059 954 2690
14584 4 2 1 1 618 428 606 3005
14585 4 2 1 1 2447 3246 3053 2167
14586 4 2 1 1 2972 2247 2331 3329
14587 4 2 1 1 2826 2173 3296 3403
14588 4 2 1 1 3591 672 814 12
14589 4 2 1 1 2726 3195 1448 2593
14590 4 2 1 1 3914 886 170 1049
14591 4 2 1 1 611 610 572 3628
14592 4 2 1 1 1255 3588 1322 3655
14593 4 2 1 1 1703 1466 149 3892
14594 4 2 1 1 985 987 986 3315
14595 4 2 1 1 551 496 546 3823
14596 4 2 1 1 2222 2838 3013 3736
14597 4 2 1 1 503 494 499 3814
14598 4 2 1 1 3021 3707 3579 3857
14599 4 2 1 1 1307 1300 1308 3730
14600 4 2 1 1 1369 1284 1404 2807
14601 4 2 1 1 2726 1448 3195 1330
14602 4 2 1 1 1411 1342 1341 2810
14603 4 2 1 1 312 316 225 3841
14604 4 2 1 1 708 763 761 3661
14605 4 2 1 1 2093 3672 2967 3852
14606 4 2 1 1 3591 2709 12 306
14607 4 2 1 1 2239 3337 2985 3525
14608 4 2 1 1 3935 1748 1461 2608
14609 4 2 1 1 3783 3074 2338 3804
14610 4 2 1 1 1255 1334 1322 3588
14611 4 2 1 1 402 307 212 3591
14612 4 2 1 1 1064 994 984 3216
14613 4 2 1 1 327 269 3059 3673
14614 4 2 1 1 2080 2883 3296 3609
14615 4 2 1 1 2150 3679 2863 3696
14616 4 2 1 1 2738 1040 1063 104
14617 4 2 1 1 2102 2994 3716 3830
14618 4 2 1 1 821 834 833 3250
14619 4 2 1 1 1163 3356 1387 3785
14620 4 2 1 1 3882 3885 1006 2874
14621 4 2 1 1 1438 3984 170 3914
14622 4 2 1 1 352 3890 209 359
14623 4 2 1 1 1263 1302 1437 3209
14624 4 2 1 1 2926 2385 3582 3830
14625 4 2 1 1 3069 3654 2269 3846
14626 4 2 1 1 3379 3577 2351 3762
14627 4 2 1 1 217 367 408 3743
14628 4 2 1 1 2169 2746 3471 3697
14629 4 2 1 1 2596 2245 3675 3778
14630 4 2 1 1 990 1059 1031 3330
14631 4 2 1 1 1662 1666 1458 2773
14632 4 2 1 1 2368 2996 3597 3755
14633 4 2 1 1 430 641 625 3001
14634 4 2 1 1 3792 3664 3481 2281
14635 4 2 1 1 2582 2440 3804 3872
14636 4 2 1 1 585 506 553 3408
14637 4 2 1 1 1791 2773 1666 3775
14638 4 2 1 1 2713 2298 3354 3725
14639 4 2 1 1 2257 3689 3126 3856
14640 4 2 1 1 166 167 1021 3423
14641 4 2 1 1 651 730 869 3034
14642 4 2 1 1 1052 916 1056 3367
14643 4 2 1 1 2236 3271 2977 3475
14644 4 2 1 1 2308 3133 2663 3861
14645 4 2 1 1 1415 1446 1228 3724
14646 4 2 1 1 2280 3366 2735 3399
14647 4 2 1 1 3676 2851 2711 529
14648 4 2 1 1 975 977 1077 3114
14649 4 2 1 1 647 495 2685 2439
14650 4 2 1 1 1632 1623 1606 3009
14651 4 2 1 1 3676 2177 3166 2510
14652 4 2 1 1 3564 3594 3835 2291
14653 4 2 1 1 2776 3426 2640 2131
14654 4 2 1 1 352 3890 359 3164
14655 4 2 1 1 2094 3427 2679 3707
14656 4 2 1 1 981 974 1044 3699
14657 4 2 1 1 1024 1057 1058 2796
14658 4 2 1 1 2416 3378 3190 3805
14659 4 2 1 1 538 537 524 3305
14660 4 2 1 1 2516 3511 3230 3838
14661 4 2 1 1 315 23 222 3923
14662 4 2 1 1 2556 3509 2675 3732
14663 4 2 1 1 2755 3412 2254 3506
14664 4 2 1 1 2698 1042 3832 3031
14665 4 2 1 1 1519 1514 1520 3595
14666 4 2 1 1 1316 1254 1292 3445
14667 4 2 1 1 610 611 463 2656
14668 4 2 1 1 3964 211 63 373
14669 4 2 1 1 3135 3205 2409 3489
14670 4 2 1 1 932 3208 1091 3315
14671 4 2 1 1 2094 2628 3427 3707
14672 4 2 1 1 2768 3379 2273 3578
14673 4 2 1 1 841 652 758 3097
14674 4 2 1 1 733 726 3399 3782
14675 4 2 1 1 1707 1524 3299 3549
14676 4 2 1 1 2679 3427 2858 3707
14677 4 2 1 1 2758 2089 2260 3668
14678 4 2 1 1 1204 1202 3102 3812
14679 4 2 1 1 2065 2706 3376 3806
14680 4 2 1 1 311 401 395 2421
14681 4 2 1 1 1173 1175 1174 3726
14682 4 2 1 1 2698 1042 945 3832
14683 4 2 1 1 3229 3561 2221 3680
14684 4 2 1 1 2484 3422 2926 3830
14685 4 2 1 1 500 554 483 3202
14686 4 2 1 1 352 354 353 2986
14687 4 2 1 1 1458 1666 1791 2773
14688 4 2 1 1 1449 1326 3195 3676
14689 4 2 1 1 72 71 3977 619
14690 4 2 1 1 2590 2297 3551 3630
14691 4 2 1 1 208 421 384 3194
14692 4 2 1 1 1052 1058 927 3180
14693 4 2 1 1 563 562 564 3130
14694 4 2 1 1 258 267 3432 3850
14695 4 2 1 1 1244 1221 1243 3085
14696 4 2 1 1 2883 3296 2173 3403
14697 4 2 1 1 3152 3289 2213 3863
14698 4 2 1 1 1621 1622 1620 3027
14699 4 2 1 1 772 773 805 3129
14700 4 2 1 1 590 514 513 2927
14701 4 2 1 1 2896 3278 2267 2821
14702 4 2 1 1 1414 1276 1306 3264
14703 4 2 1 1 658 3918 844 3203
14704 4 2 1 1 2711 1329 1406 138
14705 4 2 1 1 808 651 133 3599
14706 4 2 1 1 1766 2983 1633 1725
14707 4 2 1 1 1366 1367 1259 2921
14708 4 2 1 1 1727 1568 1721 3022
14709 4 2 1 1 1022 3565 1028 3840
14710 4 2 1 1 1710 1689 1734 2929
14711 4 2 1 1 2664 3577 2351 3578
14712 4 2 1 1 1184 1134 1373 2999
14713 4 2 1 1 2298 3073 2800 3819
14714 4 2 1 1 2088 2718 3444 3708
14715 4 2 1 1 2404 3561 3229 3680
14716 4 2 1 1 1156 1158 1186 2325
14717 4 2 1 1 1205 1204 1202 3102
14718 4 2 1 1 3229 3424 2572 3835
14719 4 2 1 1 384 3242 277 3669
14720 4 2 1 1 2265 2672 3285 3817
14721 4 2 1 1 2778 2444 271 254
14722 4 2 1 1 870 3973 3928 3097
14723 4 2 1 1 3358 1580 1587 3797
14724 4 2 1 1 651 869 3920 3034
14725 4 2 1 1 3404 336 334 2606
14726 4 2 1 1 2318 2823 3441 3176
14727 4 2 1 1 332 3902 331 358
14728 4 2 1 1 2633 3376 2515 3519
14729 4 2 1 1 2816 3398 2317 3613
14730 4 2 1 1 889 1016 1015 2873
14731 4 2 1 1 2296 3471 2989 3697
14732 4 2 1 1 2996 3343 2241 3574
14733 4 2 1 1 2768 3379 272 3673
14734 4 2 1 1 256 364 231 3815
14735 4 2 1 1 3218 508 604 3753
14736 4 2 1 1 1064 925 909 3113
14737 4 2 1 1 357 3963 31 356
14738 4 2 1 1 1378 1382 1203 3002
14739 4 2 1 1 3100 1804 1676 1767
14740 4 2 1 1 2957 2196 3808 2125
14741 4 2 1 1 2159 3719 2956 3042
14742 4 2 1 1 1634 1764 1635 3739
14743 4 2 1 1 2723 3442 2330 3483
14744 4 2 1 1 2200 3118 3427 3847
14745 4 2 1 1 2321 3247 2743 3709
14746 4 2 1 1 1239 3082 1241 3864
14747 4 2 1 1 1522 1707 1524 3299
14748 4 2 1 1 1306 1218 1355 3264
14749 4 2 1 1 1618 1617 1676 3100
14750 4 2 1 1 1246 1218 1276 3264
14751 4 2 1 1 2116 2961 3837 2342
14752 4 2 1 1 770 840 687 3165
14753 4 2 1 1 1392 1291 1159 2942
14754 4 2 1 1 909 911 1064 3216
14755 4 2 1 1 2114 3504 2625 3675
14756 4 2 1 1 2332 3055 3127 3803
14757 4 2 1 1 373 288 394 2990
14758 4 2 1 1 2124 3196 2646 3747
14759 4 2 1 1 3986 331 205 3353
14760 4 2 1 1 1187 1379 1376 2856
14761 4 2 1 1 1416 3423 1112 3840
14762 4 2 1 1 332 3902 358 3665
14763 4 2 1 1 1776 1627 1691 3173
14764 4 2 1 1 2389 2325 2775 3588
14765 4 2 1 1 1056 931 1027 2854
14766 4 2 1 1 1052 918 916 3367
14767 4 2 1 1 1189 1376 1200 3274
14768 4 2 1 1 983 3285 980 984
14769 4 2 1 1 1024 1057 2796 3860
14770 4 2 1 1 1559 1731 1587 3797
14771 4 2 1 1 1025 3565 1022 3860
14772 4 2 1 1 1755 1754 1701 3104
14773 4 2 1 1 2684 3465 2449 3643
14774 4 2 1 1 257 363 393 3156
14775 4 2 1 1 2256 3095 3435 3868
14776 4 2 1 1 1013 924 908 3475
14777 4 2 1 1 2733 3244 2228 3552
14778 4 2 1 1 1319 1131 1133 3633
14779 4 2 1 1 2982 3183 2174 3590
14780 4 2 1 1 560 561 576 2884
14781 4 2 1 1 3083 3870 3763 3306
14782 4 2 1 1 1129 1131 1318 3633
14783 4 2 1 1 1129 3619 1131 3633
14784 4 2 1 1 2600 2330 3483 3812
14785 4 2 1 1 863 764 766 3262
14786 4 2 1 1 2135 2598 3615 3645
14787 4 2 1 1 2933 3050 2261 2397
14788 4 2 1 1 2534 2918 2287 3563
14789 4 2 1 1 1656 2890 1657 3769
14790 4 2 1 1 1418 1272 1443 3496
14791 4 2 1 1 944 943 937 3679
14792 4 2 1 1 2325 3476 3038 3750
14793 4 2 1 1 402 12 306 3591
14794 4 2 1 1 641 3954 3001 430
14795 4 2 1 1 3577 3686 2131 2434
14796 4 2 1 1 2089 2758 2160 3602
14797 4 2 1 1 1227 1130 1307 3030
14798 4 2 1 1 3100 1804 1789 1676
14799 4 2 1 1 2292 3597 2231 3834
14800 4 2 1 1 539 439 650 3104
14801 4 2 1 1 2752 3620 2128 3820
14802 4 2 1 1 1491 1510 1673 2885
14803 4 2 1 1 505 2886 598 3825
14804 4 2 1 1 2409 3515 2720 3544
14805 4 2 1 1 499 2785 3227 3814
14806 4 2 1 1 922 920 1042 3031
14807 4 2 1 1 2089 2996 3222 3574
14808 4 2 1 1 2343 2763 3354 3671
14809 4 2 1 1 2362 3366 2661 3663
14810 4 2 1 1 1004 1005 1030 3754
14811 4 2 1 1 2419 2980 2692 3661
14812 4 2 1 1 1642 1798 1460 3709
14813 4 2 1 1 2800 3073 2298 3690
14814 4 2 1 1 523 586 497 3266
14815 4 2 1 1 3934 383 404 3226
14816 4 2 1 1 2305 3359 3046 2596
14817 4 2 1 1 963 962 2991 3446
14818 4 2 1 1 3082 3805 1241 3864
14819 4 2 1 1 487 2981 478 2439
14820 4 2 1 1 2846 3265 2240 3456
14821 4 2 1 1 2862 2129 3339 3586
14822 4 2 1 1 1283 1244 1243 3085
14823 4 2 1 1 1410 2982 1228 3724
14824 4 2 1 1 2443 2830 3224 3341
14825 4 2 1 1 2103 3594 2453 2639
14826 4 2 1 1 1310 1309 1308 3390
14827 4 2 1 1 3512 1116 1433 52
14828 4 2 1 1 514 590 646 2927
14829 4 2 1 1 1021 3423 1023 3860
14830 4 2 1 1 481 468 601 3298
14831 4 2 1 1 2234 3361 3211 3666
14832 4 2 1 1 1518 1672 3282 1660
14833 4 2 1 1 1659 3739 2719 3769
14834 4 2 1 1 1258 1250 1257 2855
14835 4 2 1 1 1136 1360 1138 3138
14836 4 2 1 1 1414 3885 3420 1108
14837 4 2 1 1 2723 3726 2514 3776
14838 4 2 1 1 96 1076 998 3459
14839 4 2 1 1 2081 3658 2995 3778
14840 4 2 1 1 2264 2134 3205 3582
14841 4 2 1 1 3892 2744 1466 3836
14842 4 2 1 1 3919 891 1085 98
14843 4 2 1 1 96 544 627 3459
14844 4 2 1 1 1709 3040 1777 3767
14845 4 2 1 1 2181 3139 2695 3792
14846 4 2 1 1 641 3954 430 592
14847 4 2 1 1 2105 3667 3279 3741
14848 4 2 1 1 1397 1399 1350 3501
14849 4 2 1 1 1637 3358 1630 3827
14850 4 2 1 1 1102 1430 1287 3599
14851 4 2 1 1 3911 1783 3140 1757
14852 4 2 1 1 1768 3892 1703 3538
14853 4 2 1 1 892 3966 176 3922
14854 4 2 1 1 766 3262 845 3411
14855 4 2 1 1 3358 1587 1580 1629
14856 4 2 1 1 2744 1801 1768 1466
14857 4 2 1 1 1569 1677 1542 3429
14858 4 2 1 1 2590 2337 2914 3793
14859 4 2 1 1 343 3978 203 29
14860 4 2 1 1 2099 2217 3132 3849
14861 4 2 1 1 591 104 103 3938
14862 4 2 1 1 3530 3553 3854 2686
14863 4 2 1 1 2760 3577 3379 3762
14864 4 2 1 1 1022 1021 1023 3860
14865 4 2 1 1 2079 3259 2777 3594
14866 4 2 1 1 2444 3244 2733 3552
14867 4 2 1 1 2778 271 2444 2760
14868 4 2 1 1 769 758 870 3097
14869 4 2 1 1 2414 3090 2798 3801
14870 4 2 1 1 1160 1259 1144 3735
14871 4 2 1 1 262 310 341 3182
14872 4 2 1 1 2428 2917 3286 3059
14873 4 2 1 1 1528 1731 1559 2992
14874 4 2 1 1 883 956 1011 3729
14875 4 2 1 1 2730 2172 3472 3696
14876 4 2 1 1 2135 2641 3615 3640
14877 4 2 1 1 381 256 229 3815
14878 4 2 1 1 467 602 469 3695
14879 4 2 1 1 3923 3960 3510 315
14880 4 2 1 1 548 3919 3467 637
14881 4 2 1 1 927 918 1052 3718
14882 4 2 1 1 282 361 329 3247
14883 4 2 1 1 1620 1737 1619 3256
14884 4 2 1 1 2142 3458 3076 2260
14885 4 2 1 1 2994 3117 2148 3868
14886 4 2 1 1 3084 3208 932 3315
14887 4 2 1 1 2679 2256 3690 3807
14888 4 2 1 1 1450 1108 1414 3420
14889 4 2 1 1 2148 2937 3515 3868
14890 4 2 1 1 2264 3205 3135 3489
14891 4 2 1 1 1758 1639 1739 3612
14892 4 2 1 1 1152 1153 1155 3038
14893 4 2 1 1 820 768 668 2810
14894 4 2 1 1 1380 1174 3191 3776
14895 4 2 1 1 715 714 706 3683
14896 4 2 1 1 3362 3622 2329 3820
14897 4 2 1 1 843 853 753 3203
14898 4 2 1 1 965 995 934 3405
14899 4 2 1 1 2862 3586 2526 2129
14900 4 2 1 1 2957 3808 3035 2125
14901 4 2 1 1 3423 3840 2470 3860
14902 4 2 1 1 878 1022 1028 3840
14903 4 2 1 1 748 746 747 3277
14904 4 2 1 1 2578 3222 2996 3801
14905 4 2 1 1 2316 3493 2925 3831
14906 4 2 1 1 2316 2925 3504 3831
14907 4 2 1 1 2268 3316 2901 3608
14908 4 2 1 1 1613 3124 1746 3826
14909 4 2 1 1 2273 2768 3648 3673
14910 4 2 1 1 3436 2398 2819 2091
14911 4 2 1 1 2416 3615 2641 3640
14912 4 2 1 1 1334 1186 1188 3588
14913 4 2 1 1 3452 3533 2487 3853
14914 4 2 1 1 2215 3322 3142 3649
14915 4 2 1 1 1459 89 88 3891
14916 4 2 1 1 3891 3955 648 2681
14917 4 2 1 1 318 64 65 3558
14918 4 2 1 1 2306 3768 3071 3839
14919 4 2 1 1 1737 1735 1619 3256
14920 4 2 1 1 207 3924 396 44
14921 4 2 1 1 2080 2953 2907 2517
14922 4 2 1 1 3022 3509 1568 3784
14923 4 2 1 1 2194 2784 2151 3544
14924 4 2 1 1 2340 3441 2823 3176
14925 4 2 1 1 351 405 347 3239
14926 4 2 1 1 2925 3279 2316 3504
14927 4 2 1 1 1233 1238 1234 3529
14928 4 2 1 1 1077 882 1068 3447
14929 4 2 1 1 3928 2544 769 3097
14930 4 2 1 1 2356 2847 3391 3542
14931 4 2 1 1 2105 2525 3337 3667
14932 4 2 1 1 1057 948 1045 3832
14933 4 2 1 1 88 1459 3891 3342
14934 4 2 1 1 2470 3840 3565 3860
14935 4 2 1 1 1753 1748 1684 3039
14936 4 2 1 1 2223 3434 2645 3645
14937 4 2 1 1 1313 3474 2990 3496
14938 4 2 1 1 2373 2692 2980 3661
14939 4 2 1 1 845 819 722 3411
14940 4 2 1 1 526 3227 551 3823
14941 4 2 1 1 609 633 528 3023
14942 4 2 1 1 461 475 610 3439
14943 4 2 1 1 2119 2256 2908 3807
14944 4 2 1 1 817 849 746 3277
14945 4 2 1 1 469 468 467 2888
14946 4 2 1 1 659 732 787 2726
14947 4 2 1 1 348 406 386 3324
14948 4 2 1 1 2258 3465 2684 3643
14949 4 2 1 1 2124 2646 3401 3747
14950 4 2 1 1 1416 1268 1277 3694
14951 4 2 1 1 3436 3508 2819 2359
14952 4 2 1 1 373 302 288 2990
14953 4 2 1 1 369 3455 3692 3850
14954 4 2 1 1 2451 3533 3452 3853
14955 4 2 1 1 93 3925 443 538
14956 4 2 1 1 2222 3148 2838 3736
14957 4 2 1 1 2907 2953 2080 2613
14958 4 2 1 1 2242 3426 3046 3560
14959 4 2 1 1 493 499 494 2785
14960 4 2 1 1 3218 604 508 524
14961 4 2 1 1 3051 464 587 466
14962 4 2 1 1 696 695 694 3162
14963 4 2 1 1 2887 2458 2266 3655
14964 4 2 1 1 2768 2273 3379 3673
14965 4 2 1 1 1499 1713 1502 3304
14966 4 2 1 1 1129 1128 1130 3619
14967 4 2 1 1 588 612 559 3133
14968 4 2 1 1 607 628 523 3704
14969 4 2 1 1 3591 212 13 3957
14970 4 2 1 1 1688 1550 1582 2381
14971 4 2 1 1 1371 1168 1180 3523
14972 4 2 1 1 1495 1493 1704 3728
14973 4 2 1 1 1741 1635 1743 2473
14974 4 2 1 1 1765 1685 1462 3447
14975 4 2 1 1 1260 1382 1378 3360
14976 4 2 1 1 2288 3616 2786 3641
14977 4 2 1 1 578 615 584 3501
14978 4 2 1 1 603 617 481 3824
14979 4 2 1 1 2235 3312 2503 3605
14980 4 2 1 1 2230 2785 3684 3700
14981 4 2 1 1 1348 1171 1165 3433
14982 4 2 1 1 1772 1642 1460 3709
14983 4 2 1 1 1547 1544 3759 3851
14984 4 2 1 1 279 291 292 2917
14985 4 2 1 1 1240 3805 2954 3864
14986 4 2 1 1 467 477 602 3122
14987 4 2 1 1 2557 3322 3058 3649
14988 4 2 1 1 1527 1530 1554 3136
14989 4 2 1 1 1112 1416 1277 3423
14990 4 2 1 1 1031 184 2690 875
14991 4 2 1 1 2819 3508 3436 2091
14992 4 2 1 1 2858 2679 2169 3847
14993 4 2 1 1 761 760 770 3165
14994 4 2 1 1 2293 3272 2710 2354
14995 4 2 1 1 3967 45 207 365
14996 4 2 1 1 930 926 923 2930
14997 4 2 1 1 376 318 319 3558
14998 4 2 1 1 611 477 465 3122
14999 4 2 1 1 1237 1386 1380 3653
15000 4 2 1 1 1199 1208 1213 3714
15001 4 2 1 1 423 272 3379 3673
15002 4 2 1 1 1495 1496 1494 3728
15003 4 2 1 1 2200 3427 2858 3847
15004 4 2 1 1 2593 3183 2982 3590
15005 4 2 1 1 2314 3148 3131 3755
15006 4 2 1 1 3563 1252 2844 3425
15007 4 2 1 1 1617 1574 1671 3069
15008 4 2 1 1 2270 2822 3177 2319
15009 4 2 1 1 358 331 56 3902
15010 4 2 1 1 1024 1025 1022 3860
15011 4 2 1 1 2276 1594 1613 1596
15012 4 2 1 1 2805 2206 3217 3355
15013 4 2 1 1 2404 2671 3570 3680
15014 4 2 1 1 2584 3687 3209 3799
15015 4 2 1 1 1182 1380 1386 3653
15016 4 2 1 1 2094 2628 3707 3857
15017 4 2 1 1 735 734 829 3782
15018 4 2 1 1 2279 3570 2671 3680
15019 4 2 1 1 1262 1399 1397 3313
15020 4 2 1 1 870 3973 3097 652
15021 4 2 1 1 1521 1711 1537 3062
15022 4 2 1 1 1637 1630 3358 1629
15023 4 2 1 1 679 678 677 2976
15024 4 2 1 1 713 714 810 3366
15025 4 2 1 1 2809 3588 2266 3655
15026 4 2 1 1 410 309 395 3688
15027 4 2 1 1 1778 1637 1457 3226
15028 4 2 1 1 1057 1045 1058 3832
15029 4 2 1 1 2137 3564 2639 3835
15030 4 2 1 1 1346 3917 136 1113
15031 4 2 1 1 2755 3244 2228 3478
15032 4 2 1 1 1319 3603 1321 3633
15033 4 2 1 1 2250 2840 3243 3592
15034 4 2 1 1 293 276 3253 3674
15035 4 2 1 1 3366 3399 2280 3683
15036 4 2 1 1 2806 3378 2191 3734
15037 4 2 1 1 3597 3701 2231 3834
15038 4 2 1 1 3913 626 68 530
15039 4 2 1 1 2269 3110 2964 3654
15040 4 2 1 1 3058 3322 2557 3605
15041 4 2 1 1 1547 1717 1544 3851
15042 4 2 1 1 2412 3176 2951 3807
15043 4 2 1 1 1803 1670 1669 3651
15044 4 2 1 1 711 824 801 3276
15045 4 2 1 1 1161 1162 1157 3584
15046 4 2 1 1 3967 3924 3659 207
15047 4 2 1 1 1570 1591 1714 3348
15048 4 2 1 1 224 305 223 3512
15049 4 2 1 1 3563 2844 1252 3313
15050 4 2 1 1 310 309 308 3182
15051 4 2 1 1 1263 1437 1267 3209
15052 4 2 1 1 1640 1626 1608 3641
15053 4 2 1 1 456 455 3121 3861
15054 4 2 1 1 2100 3557 2336 3723
15055 4 2 1 1 1319 1321 1318 3633
15056 4 2 1 1 3209 3687 2466 3799
15057 4 2 1 1 3102 3598 1205 3799
15058 4 2 1 1 2502 3197 3149 2833
15059 4 2 1 1 2270 3177 3032 2319
15060 4 2 1 1 1379 1371 1256 3349
15061 4 2 1 1 3750 2491 2325 2637
15062 4 2 1 1 503 512 606 3814
15063 4 2 1 1 1748 1592 1750 3430
15064 4 2 1 1 2103 3179 3744 3853
15065 4 2 1 1 1035 1053 910 2985
15066 4 2 1 1 2070 3553 2745 3710
15067 4 2 1 1 1694 1454 182 3245
15068 4 2 1 1 2967 3672 2327 3852
15069 4 2 1 1 3820 3740 3557 2128
15070 4 2 1 1 1232 1204 1303 3275
15071 4 2 1 1 2795 3324 2289 3692
15072 4 2 1 1 1438 1106 1310 2910
15073 4 2 1 1 809 709 856 3281
15074 4 2 1 1 604 3266 523 3704
15075 4 2 1 1 529 3166 448 3676
15076 4 2 1 1 386 251 237 3324
15077 4 2 1 1 1519 1518 1514 3595
15078 4 2 1 1 3780 3779 2676 3735
15079 4 2 1 1 40 3976 3446 320
15080 4 2 1 1 2202 2990 3474 3496
15081 4 2 1 1 445 529 447 3676
15082 4 2 1 1 893 1011 1008 3729
15083 4 2 1 1 588 3533 480 3861
15084 4 2 1 1 292 379 389 3223
15085 4 2 1 1 1380 1182 1172 3776
15086 4 2 1 1 3891 3955 89 648
15087 4 2 1 1 2356 2836 3746 3794
15088 4 2 1 1 2329 3622 3786 3820
15089 4 2 1 1 3059 269 270 3867
15090 4 2 1 1 2215 2915 3345 3625
15091 4 2 1 1 526 551 600 3823
15092 4 2 1 1 1777 1709 1628 3040
15093 4 2 1 1 1685 1765 1680 3447
15094 4 2 1 1 3354 2926 2484 2713
15095 4 2 1 1 3891 1459 2681 3342
15096 4 2 1 1 3890 3959 359 3164
15097 4 2 1 1 1204 3275 1232 3812
15098 4 2 1 1 2282 2866 2090 3834
15099 4 2 1 1 819 719 722 3821
15100 4 2 1 1 1739 2591 1740 2763
15101 4 2 1 1 2517 3273 3125 3490
15102 4 2 1 1 406 251 3324 3692
15103 4 2 1 1 1026 1058 1052 3180
15104 4 2 1 1 3890 57 58 1099
15105 4 2 1 1 1099 3995 3665 3890
15106 4 2 1 1 3564 3594 2291 2892
15107 4 2 1 1 388 364 335 2970
15108 4 2 1 1 1729 1569 1717 3851
15109 4 2 1 1 70 71 634 3495
15110 4 2 1 1 1092 959 1054 3160
15111 4 2 1 1 418 400 296 3573
15112 4 2 1 1 2315 3035 3396 2125
15113 4 2 1 1 766 765 845 3262
15114 4 2 1 1 3963 356 3225 3657
15115 4 2 1 1 2919 3429 2327 3672
15116 4 2 1 1 751 749 752 3575
15117 4 2 1 1 1291 3425 1252 3563
15118 4 2 1 1 3890 1099 2574 3665
15119 4 2 1 1 2711 787 138 670
15120 4 2 1 1 1336 1273 1335 3357
15121 4 2 1 1 1473 3883 2396 3634
15122 4 2 1 1 369 375 278 3850
15123 4 2 1 1 2670 3650 2293 3653
15124 4 2 1 1 2388 2878 3443 3722
15125 4 2 1 1 3995 209 358 3665
15126 4 2 1 1 1592 1594 1750 3826
15127 4 2 1 1 3354 2484 2926 2133
15128 4 2 1 1 587 481 617 3824
15129 4 2 1 1 3738 3731 2367 3530
15130 4 2 1 1 3888 665 146 3791
15131 4 2 1 1 1641 1772 1773 3123
15132 4 2 1 1 689 770 687 2419
15133 4 2 1 1 1217 1364 1173 3726
15134 4 2 1 1 3399 3624 2827 3782
15135 4 2 1 1 2827 3399 2280 3624
15136 4 2 1 1 3716 3544 3450 2430
15137 4 2 1 1 573 644 579 2903
15138 4 2 1 1 780 781 805 2363
15139 4 2 1 1 2885 3362 2393 3622
15140 4 2 1 1 167 1112 1317 3423
15141 4 2 1 1 2213 3589 2906 2460
15142 4 2 1 1 1681 1745 1603 3235
15143 4 2 1 1 885 3974 102 3912
15144 4 2 1 1 2107 3554 2997 3678
15145 4 2 1 1 2219 2978 2388 3416
15146 4 2 1 1 3964 1114 1421 63
15147 4 2 1 1 2087 2831 3325 3608
15148 4 2 1 1 342 361 3123 3709
15149 4 2 1 1 953 956 952 3139
15150 4 2 1 1 613 516 615 3521
15151 4 2 1 1 1128 1298 1307 3730
15152 4 2 1 1 809 691 693 3685
15153 4 2 1 1 524 537 511 3218
15154 4 2 1 1 913 915 932 3084
15155 4 2 1 1 1253 3190 1293 3809
15156 4 2 1 1 2582 3450 3074 3804
15157 4 2 1 1 734 733 827 3559
15158 4 2 1 1 699 783 706 3683
15159 4 2 1 1 2393 3581 2885 3622
15160 4 2 1 1 698 704 699 3858
15161 4 2 1 1 2395 2901 3316 3608
15162 4 2 1 1 346 348 355 3270
15163 4 2 1 1 3129 3451 2454 3637
15164 4 2 1 1 720 731 730 3663
15165 4 2 1 1 2336 2089 3189 2260
15166 4 2 1 1 920 927 1042 3718
15167 4 2 1 1 968 969 970 3064
15168 4 2 1 1 119 3889 597 3331
15169 4 2 1 1 1705 1650 1787 3255
15170 4 2 1 1 342 3905 343 28
15171 4 2 1 1 1066 3271 1074 3475
15172 4 2 1 1 548 3919 637 438
15173 4 2 1 1 1586 1720 1734 3073
15174 4 2 1 1 325 423 3379 3762
15175 4 2 1 1 1383 1316 1215 3516
15176 4 2 1 1 1119 1325 1296 3381
15177 4 2 1 1 2993 3575 2516 2195
15178 4 2 1 1 1680 1615 1579 3010
15179 4 2 1 1 2638 3565 2470 3840
15180 4 2 1 1 3780 3779 3735 2535
15181 4 2 1 1 735 3495 823 3782
15182 4 2 1 1 268 260 267 3527
15183 4 2 1 1 697 699 702 3858
15184 4 2 1 1 694 3162 693 3685
15185 4 2 1 1 3099 3310 2372 3526
15186 4 2 1 1 250 338 340 3126
15187 4 2 1 1 440 449 536 3381
15188 4 2 1 1 3716 3450 3544 2102
15189 4 2 1 1 2410 3349 2794 3788
15190 4 2 1 1 510 3406 520 3105
15191 4 2 1 1 1658 1656 1657 3769
15192 4 2 1 1 3160 100 101 431
15193 4 2 1 1 1192 1191 1193 3251
15194 4 2 1 1 3282 3616 2288 3641
15195 4 2 1 1 554 473 483 3592
15196 4 2 1 1 1021 1022 878 3840
15197 4 2 1 1 1064 1070 925 3817
15198 4 2 1 1 1269 1391 1278 3035
15199 4 2 1 1 1142 1141 1140 3779
15200 4 2 1 1 3447 1090 178 3962
15201 4 2 1 1 1777 1800 1630 3827
15202 4 2 1 1 2069 3015 3306 3870
15203 4 2 1 1 1337 1396 1120 3328
15204 4 2 1 1 3291 3522 2426 3869
15205 4 2 1 1 520 3406 510 509
15206 4 2 1 1 1495 1498 1497 3111
15207 4 2 1 1 357 3963 356 3225
15208 4 2 1 1 2486 3517 2785 3684
15209 4 2 1 1 665 804 146 3791
15210 4 2 1 1 2500 3786 3622 3820
15211 4 2 1 1 2516 3507 3230 3511
15212 4 2 1 1 3550 2885 2183 2848
15213 4 2 1 1 2271 3623 2930 3816
15214 4 2 1 1 119 1115 1339 3331
15215 4 2 1 1 1424 1250 1281 3569
15216 4 2 1 1 2331 2885 3329 3581
15217 4 2 1 1 1570 1562 1551 3691
15218 4 2 1 1 2241 3343 3022 3574
15219 4 2 1 1 1409 1193 1405 3829
15220 4 2 1 1 3059 270 269 275
15221 4 2 1 1 3934 1457 1778 34
15222 4 2 1 1 1674 1609 1673 3362
15223 4 2 1 1 294 285 400 3573
15224 4 2 1 1 343 344 203 2924
15225 4 2 1 1 1140 1340 1142 3779
15226 4 2 1 1 557 559 558 3452
15227 4 2 1 1 948 1039 1061 3267
15228 4 2 1 1 2142 3723 2100 2260
15229 4 2 1 1 2393 3622 3362 3820
15230 4 2 1 1 2090 2964 3110 3654
15231 4 2 1 1 496 3302 647 3613
15232 4 2 1 1 1315 1396 1398 3017
15233 4 2 1 1 3051 3099 2372 3824
15234 4 2 1 1 409 423 325 3762
15235 4 2 1 1 1596 2588 1595 2369
15236 4 2 1 1 788 151 657 3363
15237 4 2 1 1 2222 3553 2686 3854
15238 4 2 1 1 1729 1585 1710 3543
15239 4 2 1 1 684 700 682 3289
15240 4 2 1 1 2303 3344 2736 3573
15241 4 2 1 1 3941 182 887 3245
15242 4 2 1 1 3249 3693 2964 2265
15243 4 2 1 1 3331 120 435 119
15244 4 2 1 1 151 3908 657 3363
15245 4 2 1 1 1321 1320 1397 3603
15246 4 2 1 1 1621 1634 3027 2482
15247 4 2 1 1 1774 2924 1452 3657
15248 4 2 1 1 3053 3273 2201 3490
15249 4 2 1 1 2769 3316 2123 3780
15250 4 2 1 1 2982 3590 2174 3724
15251 4 2 1 1 2302 3134 3085 3410
15252 4 2 1 1 2229 3085 3134 3410
15253 4 2 1 1 481 587 466 3051
15254 4 2 1 1 1583 1628 1709 3682
15255 4 2 1 1 1226 1245 1225 3774
15256 4 2 1 1 260 258 267 3432
15257 4 2 1 1 2160 3148 3131 3736
15258 4 2 1 1 499 3227 526 3814
15259 4 2 1 1 717 777 779 3077
15260 4 2 1 1 342 361 351 3123
15261 4 2 1 1 2070 3710 2666 3866
15262 4 2 1 1 939 3623 3080 3816
15263 4 2 1 1 3968 1032 182 3245
15264 4 2 1 1 608 501 514 3232
15265 4 2 1 1 336 358 209 3665
15266 4 2 1 1 1624 1798 1625 3112
15267 4 2 1 1 502 482 491 3211
15268 4 2 1 1 328 407 329 2743
15269 4 2 1 1 385 207 416 3659
15270 4 2 1 1 497 586 488 2839
15271 4 2 1 1 940 947 1004 2900
15272 4 2 1 1 776 717 780 2363
15273 4 2 1 1 2887 3516 2458 3655
15274 4 2 1 1 3382 3462 2316 3741
15275 4 2 1 1 2343 3354 3394 3725
15276 4 2 1 1 3230 3507 2460 3511
15277 4 2 1 1 2582 3804 3783 3872
15278 4 2 1 1 2151 3489 2784 3844
15279 4 2 1 1 2316 3279 2925 3667
15280 4 2 1 1 2784 3489 2440 3844
15281 4 2 1 1 553 506 505 3408
15282 4 2 1 1 1293 1253 1216 3190
15283 4 2 1 1 1017 1055 1020 3525
15284 4 2 1 1 712 718 704 3487
15285 4 2 1 1 363 257 242 3156
15286 4 2 1 1 778 3954 861 655
15287 4 2 1 1 318 220 319 3558
15288 4 2 1 1 270 372 3789 3867
15289 4 2 1 1 1269 1278 1277 3694
15290 4 2 1 1 2160 2838 3148 3736
15291 4 2 1 1 2544 3505 3203 2195
15292 4 2 1 1 1304 1432 1450 3420
15293 4 2 1 1 2135 3615 2767 3645
15294 4 2 1 1 342 351 343 3123
15295 4 2 1 1 2241 3222 2996 3574
15296 4 2 1 1 531 507 529 3166
15297 4 2 1 1 1181 1237 1380 3191
15298 4 2 1 1 2215 3058 3322 3649
15299 4 2 1 1 421 3225 350 3748
15300 4 2 1 1 3890 3959 58 359
15301 4 2 1 1 2964 2435 3110 3693
15302 4 2 1 1 582 560 433 3328
15303 4 2 1 1 2388 3443 3103 3722
15304 4 2 1 1 2590 2914 3630 3793
15305 4 2 1 1 305 283 307 3168
15306 4 2 1 1 3550 2183 2885 2649
15307 4 2 1 1 539 650 643 3104
15308 4 2 1 1 1361 1201 1253 3185
15309 4 2 1 1 1770 1696 1624 3585
15310 4 2 1 1 2099 3372 2899 3480
15311 4 2 1 1 2231 2090 2435 3110
15312 4 2 1 1 333 334 335 3404
15313 4 2 1 1 1608 1626 1567 3641
15314 4 2 1 1 2480 3666 2886 3825
15315 4 2 1 1 1324 1111 1445 3248
15316 4 2 1 1 275 327 269 3059
15317 4 2 1 1 2993 3415 2544 3534
15318 4 2 1 1 899 901 900 3199
15319 4 2 1 1 2336 3189 2100 2260
15320 4 2 1 1 456 457 455 3861
15321 4 2 1 1 2282 2231 3701 3834
15322 4 2 1 1 730 651 835 3034
15323 4 2 1 1 810 720 713 3663
15324 4 2 1 1 342 3905 28 3961
15325 4 2 1 1 1281 3890 2574 3164
15326 4 2 1 1 934 904 3426 3560
15327 4 2 1 1 3004 2560 240 2620
15328 4 2 1 1 1208 1228 1410 2982
15329 4 2 1 1 544 543 545 3459
15330 4 2 1 1 1638 1590 1639 3612
15331 4 2 1 1 999 997 998 3459
15332 4 2 1 1 3945 888 897 3440
15333 4 2 1 1 3356 3396 2563 3035
15334 4 2 1 1 3838 3844 3511 3230
15335 4 2 1 1 1127 1298 1128 3662
15336 4 2 1 1 810 822 731 3663
15337 4 2 1 1 588 2663 460 3133
15338 4 2 1 1 946 943 944 3679
15339 4 2 1 1 1526 1528 1527 3771
15340 4 2 1 1 2076 3630 2914 3793
15341 4 2 1 1 1645 1471 1786 3729
15342 4 2 1 1 3889 119 118 1339
15343 4 2 1 1 1066 1081 976 2977
15344 4 2 1 1 3004 238 239 240
15345 4 2 1 1 2336 2100 3723 2260
15346 4 2 1 1 2069 3422 2713 2479
15347 4 2 1 1 273 3412 298 3669
15348 4 2 1 1 805 3129 776 2363
15349 4 2 1 1 1486 1679 1484 3265
15350 4 2 1 1 904 906 1095 3046
15351 4 2 1 1 2136 3671 2835 3766
15352 4 2 1 1 1529 1520 1531 3617
15353 4 2 1 1 212 308 309 3688
15354 4 2 1 1 2373 2739 2692 3661
15355 4 2 1 1 435 119 597 3331
15356 4 2 1 1 646 644 573 3567
15357 4 2 1 1 1215 1255 1383 3655
15358 4 2 1 1 1002 3919 891 1085
15359 4 2 1 1 423 263 272 3673
15360 4 2 1 1 1559 1580 1579 3797
15361 4 2 1 1 3764 2165 2718 2748
15362 4 2 1 1 119 1339 3889 3331
15363 4 2 1 1 675 677 676 3514
15364 4 2 1 1 2329 3786 3620 3820
15365 4 2 1 1 722 720 730 3821
15366 4 2 1 1 1274 1280 1270 3088
15367 4 2 1 1 1542 1541 1543 3486
15368 4 2 1 1 659 3947 137 3917
15369 4 2 1 1 920 3718 3031 3813
15370 4 2 1 1 2655 3612 2353 3791
15371 4 2 1 1 629 630 599 3106
15372 4 2 1 1 395 3688 15 410
15373 4 2 1 1 659 3917 854 3079
15374 4 2 1 1 592 74 442 3488
15375 4 2 1 1 2102 3582 3205 3830
15376 4 2 1 1 2282 2090 2231 3834
15377 4 2 1 1 441 3974 589 3664
15378 4 2 1 1 1181 1380 1174 3191
15379 4 2 1 1 3254 3597 2368 3834
15380 4 2 1 1 847 874 3323 3591
15381 4 2 1 1 2356 3746 3003 3794
15382 4 2 1 1 264 273 265 3478
15383 4 2 1 1 1146 1201 1361 3185
15384 4 2 1 1 430 3954 73 592
15385 4 2 1 1 2918 3639 2468 3717
15386 4 2 1 1 1750 1613 1746 3826
15387 4 2 1 1 1635 1659 1743 3739
15388 4 2 1 1 1064 984 1070 3285
15389 4 2 1 1 570 571 568 3317
15390 4 2 1 1 1567 1566 1537 3616
15391 4 2 1 1 939 950 949 3080
15392 4 2 1 1 1745 1681 1719 3626
15393 4 2 1 1 1109 3889 118 1339
15394 4 2 1 1 2293 2710 3650 2354
15395 4 2 1 1 1604 1671 1574 3069
15396 4 2 1 1 1055 1018 1027 3141
15397 4 2 1 1 883 3810 3970 187
15398 4 2 1 1 893 3729 3971 189
15399 4 2 1 1 3059 3648 2768 3673
15400 4 2 1 1 474 562 484 3361
15401 4 2 1 1 239 387 386 3004
15402 4 2 1 1 760 761 759 3060
15403 4 2 1 1 522 497 501 3232
15404 4 2 1 1 1741 2687 1699 2630
15405 4 2 1 1 3275 2323 2600 3571
15406 4 2 1 1 820 757 750 3323
15407 4 2 1 1 3190 3378 2458 3805
15408 4 2 1 1 1003 1051 1096 2828
15409 4 2 1 1 1490 1491 1492 3329
15410 4 2 1 1 2241 2996 3222 3801
15411 4 2 1 1 733 715 783 3683
15412 4 2 1 1 968 3064 1073 3659
15413 4 2 1 1 359 360 354 3164
15414 4 2 1 1 2911 3474 2202 3642
15415 4 2 1 1 1417 1273 1336 3357
15416 4 2 1 1 2679 3427 2094 3176
15417 4 2 1 1 1363 1152 1156 3476
15418 4 2 1 1 1252 1291 1251 3425
15419 4 2 1 1 532 436 533 3495
15420 4 2 1 1 3253 271 409 2760
15421 4 2 1 1 1303 1305 1232 3275
15422 4 2 1 1 3134 3221 2229 3410
15423 4 2 1 1 1299 1300 1298 3730
15424 4 2 1 1 1032 887 182 3245
15425 4 2 1 1 574 581 645 3342
15426 4 2 1 1 1775 3225 1691 3657
15427 4 2 1 1 1072 1087 887 3245
15428 4 2 1 1 2434 3577 2760 3762
15429 4 2 1 1 893 3729 189 1011
15430 4 2 1 1 2316 2925 3493 3667
15431 4 2 1 1 2466 2525 3419 3687
15432 4 2 1 1 3889 1318 1339 1109
15433 4 2 1 1 286 374 303 3491
15434 4 2 1 1 579 570 573 2903
15435 4 2 1 1 2862 3635 2100 3581
15436 4 2 1 1 709 819 856 3281
15437 4 2 1 1 1131 3619 2868 3633
15438 4 2 1 1 387 239 241 3004
15439 4 2 1 1 1493 1492 1491 3329
15440 4 2 1 1 2117 2960 2597 3874
15441 4 2 1 1 1145 1149 1147 3184
15442 4 2 1 1 243 378 253 3391
15443 4 2 1 1 2201 3273 3053 3607
15444 4 2 1 1 565 532 534 3454
15445 4 2 1 1 1194 1193 1362 3829
15446 4 2 1 1 3764 2718 2165 2493
15447 4 2 1 1 2293 3653 3191 3776
15448 4 2 1 1 1209 1203 1210 3261
15449 4 2 1 1 1008 1011 956 3729
15450 4 2 1 1 1692 1730 1652 3052
15451 4 2 1 1 764 765 766 3262
15452 4 2 1 1 1241 1295 1240 3805
15453 4 2 1 1 386 406 251 3324
15454 4 2 1 1 3889 1318 1109 2727
15455 4 2 1 1 3888 146 147 1758
15456 4 2 1 1 438 547 548 3398
15457 4 2 1 1 1776 1691 1465 3225
15458 4 2 1 1 2817 3627 2384 3686
15459 4 2 1 1 2372 3526 2841 3824
15460 4 2 1 1 982 983 1065 3314
15461 4 2 1 1 3137 3779 2535 3785
15462 4 2 1 1 1283 1284 1244 3482
15463 4 2 1 1 460 612 588 3133
15464 4 2 1 1 2511 3194 3669 3751
15465 4 2 1 1 689 2739 708 2419
15466 4 2 1 1 1502 3304 1693 3756
15467 4 2 1 1 3205 3582 2385 3830
15468 4 2 1 1 604 586 3266 3753
15469 4 2 1 1 3133 3533 588 3861
15470 4 2 1 1 2785 3517 2486 3814
15471 4 2 1 1 2089 2758 3602 3668
15472 4 2 1 1 1663 1664 1665 3451
15473 4 2 1 1 1305 1450 1414 2323
15474 4 2 1 1 2164 3522 3291 3869
15475 4 2 1 1 204 391 360 3248
15476 4 2 1 1 1681 1603 1722 3235
15477 4 2 1 1 3729 1471 1786 188
15478 4 2 1 1 2403 3438 2879 2124
15479 4 2 1 1 2491 3334 3764 3803
15480 4 2 1 1 3910 1439 1126 123
15481 4 2 1 1 1127 1124 1298 3662
15482 4 2 1 1 986 983 985 2898
15483 4 2 1 1 972 974 981 3078
15484 4 2 1 1 2757 3572 3012 3733
15485 4 2 1 1 2091 2879 2819 3542
15486 4 2 1 1 710 680 871 3152
15487 4 2 1 1 895 897 960 3440
15488 4 2 1 1 22 222 2522 414
15489 4 2 1 1 559 557 480 3533
15490 4 2 1 1 698 697 696 3858
15491 4 2 1 1 384 277 3242 290
15492 4 2 1 1 1073 968 970 3064
15493 4 2 1 1 694 695 693 3162
15494 4 2 1 1 1667 3363 1761 3836
15495 4 2 1 1 1758 3888 146 3791
15496 4 2 1 1 1766 2983 1725 3448
15497 4 2 1 1 2324 3624 3399 3782
15498 4 2 1 1 538 524 437 3305
15499 4 2 1 1 588 480 455 3861
15500 4 2 1 1 1489 1490 1488 3485
15501 4 2 1 1 3316 2123 2676 2921
15502 4 2 1 1 3895 638 446 78
15503 4 2 1 1 543 542 600 3662
15504 4 2 1 1 941 1000 1001 3016
15505 4 2 1 1 592 3954 74 3488
15506 4 2 1 1 1464 91 1726 3704
15507 4 2 1 1 43 413 42 3460
15508 4 2 1 1 678 676 677 3514
15509 4 2 1 1 2298 3394 3354 3725
15510 4 2 1 1 1133 1135 1178 3303
15511 4 2 1 1 2993 3534 2544 2195
15512 4 2 1 1 1033 932 915 3208
15513 4 2 1 1 1285 2546 1286 3482
15514 4 2 1 1 1167 1162 1166 3212
15515 4 2 1 1 2596 3675 2995 3778
15516 4 2 1 1 2723 2293 3109 3191
15517 4 2 1 1 2933 2261 3388 2397
15518 4 2 1 1 332 3404 3353 3665
15519 4 2 1 1 2506 3427 2679 3176
15520 4 2 1 1 2757 2386 3572 3733
15521 4 2 1 1 3236 3535 2216 3054
15522 4 2 1 1 70 661 868 3495
15523 4 2 1 1 938 937 930 3816
15524 4 2 1 1 251 369 235 3455
15525 4 2 1 1 1758 2655 3888 3791
15526 4 2 1 1 219 3926 37 314
15527 4 2 1 1 3400 3710 2448 3866
15528 4 2 1 1 2282 2231 3656 3701
15529 4 2 1 1 2295 2819 2879 3542
15530 4 2 1 1 934 904 1095 3426
15531 4 2 1 1 1449 1123 1395 3676
15532 4 2 1 1 3972 442 74 3488
15533 4 2 1 1 1690 1691 1627 3173
15534 4 2 1 1 3275 1306 1232 2600
15535 4 2 1 1 1372 1259 1160 3735
15536 4 2 1 1 3887 87 88 1751
15537 4 2 1 1 214 323 321 3446
15538 4 2 1 1 2188 3453 3119 3524
15539 4 2 1 1 598 510 527 3825
15540 4 2 1 1 1322 3588 2809 3655
15541 4 2 1 1 2093 2779 3672 3852
15542 4 2 1 1 1698 1766 1463 3369
15543 4 2 1 1 403 40 41 3446
15544 4 2 1 1 3278 3393 2635 2821
15545 4 2 1 1 1764 2719 1659 3739
15546 4 2 1 1 397 415 219 3752
15547 4 2 1 1 1143 1361 1141 3215
15548 4 2 1 1 3887 1747 87 1751
15549 4 2 1 1 1670 1803 1783 3140
15550 4 2 1 1 1667 1761 1801 3836
15551 4 2 1 1 1449 1395 1326 3676
15552 4 2 1 1 1709 1777 1742 3767
15553 4 2 1 1 797 794 798 2636
15554 4 2 1 1 1698 1766 3369 3634
15555 4 2 1 1 1751 88 3887 3342
15556 4 2 1 1 368 417 400 3344
15557 4 2 1 1 1242 1252 1251 3425
15558 4 2 1 1 778 3954 655 3001
15559 4 2 1 1 799 857 842 3230
15560 4 2 1 1 1648 1722 1601 3550
15561 4 2 1 1 2238 3066 3297 2834
15562 4 2 1 1 1742 1731 1534 3767
15563 4 2 1 1 951 963 962 2991
15564 4 2 1 1 939 930 3623 3816
15565 4 2 1 1 1137 1139 1159 2394
15566 4 2 1 1 682 3289 871 3863
15567 4 2 1 1 1468 1666 1663 3775
15568 4 2 1 1 276 330 304 3253
15569 4 2 1 1 305 307 306 3591
15570 4 2 1 1 2858 3427 2679 3847
15571 4 2 1 1 792 790 793 3350
15572 4 2 1 1 901 1009 1048 3503
15573 4 2 1 1 244 243 242 3003
15574 4 2 1 1 3919 637 99 3467
15575 4 2 1 1 918 3718 920 3813
15576 4 2 1 1 2738 639 621 105
15577 4 2 1 1 1715 1568 3509 3784
15578 4 2 1 1 449 450 451 3175
15579 4 2 1 1 784 729 855 3652
15580 4 2 1 1 1496 1610 1511 3092
15581 4 2 1 1 2270 3377 2822 2319
15582 4 2 1 1 1014 877 162 3420
15583 4 2 1 1 542 543 444 3662
15584 4 2 1 1 2076 2798 3630 3793
15585 4 2 1 1 877 3885 162 3420
15586 4 2 1 1 1480 1643 1479 3305
15587 4 2 1 1 2327 3672 2779 3852
15588 4 2 1 1 397 219 313 3752
15589 4 2 1 1 1573 1725 1633 2983
15590 4 2 1 1 644 477 579 3628
15591 4 2 1 1 2835 3671 2343 3766
15592 4 2 1 1 2873 3772 2525 3795
15593 4 2 1 1 641 3954 592 3488
15594 4 2 1 1 705 698 818 3214
15595 4 2 1 1 1002 3919 1085 3467
15596 4 2 1 1 544 96 3927 3459
15597 4 2 1 1 1079 1008 953 3139
15598 4 2 1 1 1025 1018 1028 3565
15599 4 2 1 1 151 1761 1458 3363
15600 4 2 1 1 694 693 692 3685
15601 4 2 1 1 528 517 609 3023
15602 4 2 1 1 1543 1545 1544 3759
15603 4 2 1 1 534 532 533 3636
15604 4 2 1 1 2507 3746 2836 3794
15605 4 2 1 1 630 572 610 3439
15606 4 2 1 1 2275 3627 2817 3686
15607 4 2 1 1 310 425 311 2421
15608 4 2 1 1 1526 1731 1528 3771
15609 4 2 1 1 1732 1593 1653 3625
15610 4 2 1 1 1758 146 1784 3791
15611 4 2 1 1 598 491 492 3666
15612 4 2 1 1 963 884 962 3446
15613 4 2 1 1 1508 1509 1507 3441
15614 4 2 1 1 253 387 241 3703
15615 4 2 1 1 234 235 369 3455
15616 4 2 1 1 1213 1224 1388 3714
15617 4 2 1 1 665 800 804 3791
15618 4 2 1 1 739 740 660 3344
15619 4 2 1 1 1134 1135 1133 3303
15620 4 2 1 1 1509 1508 1512 3441
15621 4 2 1 1 263 269 3673 3867
15622 4 2 1 1 3892 654 148 3538
15623 4 2 1 1 251 369 3455 3692
15624 4 2 1 1 523 604 586 3266
15625 4 2 1 1 1324 1418 1323 3248
15626 4 2 1 1 811 849 817 3688
15627 4 2 1 1 1179 1177 1175 3483
15628 4 2 1 1 3978 2924 203 3657
15629 4 2 1 1 380 404 299 3226
15630 4 2 1 1 519 649 625 3300
15631 4 2 1 1 2666 3710 3400 3866
15632 4 2 1 1 900 995 951 3541
15633 4 2 1 1 2338 3582 2943 3804
15634 4 2 1 1 492 498 509 3406
15635 4 2 1 1 1614 3887 1747 2559
15636 4 2 1 1 2368 3597 3254 3755
15637 4 2 1 1 1693 3304 3118 3756
15638 4 2 1 1 634 436 70 3495
15639 4 2 1 1 2723 2293 3191 3776
15640 4 2 1 1 3448 1802 1638 1766
15641 4 2 1 1 1280 1419 1114 3558
15642 4 2 1 1 2403 2399 3004 2124
15643 4 2 1 1 2108 3150 3536 3650
15644 4 2 1 1 2331 3329 2247 3581
15645 4 2 1 1 3893 444 122 636
15646 4 2 1 1 2792 3445 2355 3855
15647 4 2 1 1 1444 1402 1344 3204
15648 4 2 1 1 76 622 623 3828
15649 4 2 1 1 2241 3509 3022 3784
15650 4 2 1 1 43 1082 1062 3460
15651 4 2 1 1 667 74 861 3488
15652 4 2 1 1 1424 1352 1248 3569
15653 4 2 1 1 2357 3575 3203 2195
15654 4 2 1 1 2119 3690 3492 2256
15655 4 2 1 1 3895 638 78 3989
15656 4 2 1 1 2280 3399 2827 3683
15657 4 2 1 1 2298 2929 3394 3725
15658 4 2 1 1 2367 3530 2944 3738
15659 4 2 1 1 2542 3833 2118 3873
15660 4 2 1 1 616 561 614 3526
15661 4 2 1 1 494 515 596 3517
15662 4 2 1 1 822 854 731 3079
15663 4 2 1 1 2107 3593 3075 3678
15664 4 2 1 1 1023 1021 1012 3423
15665 4 2 1 1 148 654 806 3538
15666 4 2 1 1 1191 1405 1193 3251
15667 4 2 1 1 512 499 526 3814
15668 4 2 1 1 1073 3967 1037 880
15669 4 2 1 1 2612 3535 3236 3054
15670 4 2 1 1 518 509 498 3406
15671 4 2 1 1 263 255 269 3867
15672 4 2 1 1 1524 1534 1526 3549
15673 4 2 1 1 1749 1746 1613 3124
15674 4 2 1 1 474 484 482 3361
15675 4 2 1 1 219 3926 314 2567
15676 4 2 1 1 982 979 980 3314
15677 4 2 1 1 1645 1644 1643 3729
15678 4 2 1 1 870 3973 652 129
15679 4 2 1 1 3147 3357 2495 3841
15680 4 2 1 1 1054 959 958 3160
15681 4 2 1 1 1073 1041 1037 2545
15682 4 2 1 1 1028 1018 1016 3795
15683 4 2 1 1 1641 1642 1772 3123
15684 4 2 1 1 1267 1303 1222 3818
15685 4 2 1 1 2599 412 66 220
15686 4 2 1 1 1270 1246 1274 3088
15687 4 2 1 1 500 483 490 3202
15688 4 2 1 1 3927 636 95 544
15689 4 2 1 1 1116 1417 1336 3841
15690 4 2 1 1 1691 1775 1465 3225
15691 4 2 1 1 1247 1209 1219 3796
15692 4 2 1 1 273 299 298 3412
15693 4 2 1 1 356 30 203 3657
15694 4 2 1 1 145 146 804 3791
15695 4 2 1 1 3976 412 320 39
15696 4 2 1 1 2917 288 279 3059
15697 4 2 1 1 3530 3738 2686 3854
15698 4 2 1 1 3051 464 466 2446
15699 4 2 1 1 2836 3789 2507 3794
15700 4 2 1 1 2468 2918 3603 3639
15701 4 2 1 1 1113 1331 1346 3079
15702 4 2 1 1 726 733 734 3782
15703 4 2 1 1 401 425 295 2421
15704 4 2 1 1 971 1074 1066 3271
15705 4 2 1 1 1271 3474 1313 3496
15706 4 2 1 1 231 229 256 3815
15707 4 2 1 1 1592 1748 1591 3430
15708 4 2 1 1 1446 1410 1228 3724
15709 4 2 1 1 380 299 362 3506
15710 4 2 1 1 541 540 605 3712
15711 4 2 1 1 480 588 559 3533
15712 4 2 1 1 1682 1797 1465 3194
15713 4 2 1 1 3031 3706 2422 3813
15714 4 2 1 1 273 362 299 3412
15715 4 2 1 1 1346 3917 1113 3079
15716 4 2 1 1 994 932 985 3315
15717 4 2 1 1 1675 1505 1507 3327
15718 4 2 1 1 403 41 214 3446
15719 4 2 1 1 1568 1523 1525 3784
15720 4 2 1 1 1688 2946 1548 1550
15721 4 2 1 1 75 76 623 3828
15722 4 2 1 1 452 565 486 3461
15723 4 2 1 1 1268 1269 1277 3694
15724 4 2 1 1 130 807 131 3646
15725 4 2 1 1 936 3091 940 3787
15726 4 2 1 1 448 529 507 3166
15727 4 2 1 1 224 283 305 3168
15728 4 2 1 1 2333 3607 3053 3765
15729 4 2 1 1 2320 3557 3086 2128
15730 4 2 1 1 109 108 3886 1119
15731 4 2 1 1 1096 941 1003 3787
15732 4 2 1 1 1293 1295 1241 3805
15733 4 2 1 1 1650 1705 1781 3255
15734 4 2 1 1 3205 2134 2385 3582
15735 4 2 1 1 513 602 590 3385
15736 4 2 1 1 811 817 666 3688
15737 4 2 1 1 3253 409 271 304
15738 4 2 1 1 20 399 398 3862
15739 4 2 1 1 566 567 575 3124
15740 4 2 1 1 1622 1621 1634 3027
15741 4 2 1 1 2102 3074 3450 3804
15742 4 2 1 1 1280 1436 1407 3558
15743 4 2 1 1 1454 1804 1789 3245
15744 4 2 1 1 2923 3552 2561 2214
15745 4 2 1 1 1627 1776 1628 3682
15746 4 2 1 1 1504 1502 1693 3756
15747 4 2 1 1 3879 3985 539 80
15748 4 2 1 1 870 3973 129 3928
15749 4 2 1 1 685 686 687 3702
15750 4 2 1 1 2475 3288 3266 3704
15751 4 2 1 1 1533 1707 1522 3299
15752 4 2 1 1 1347 1410 1446 3724
15753 4 2 1 1 1324 1272 1418 3287
15754 4 2 1 1 1612 1693 1723 3118
15755 4 2 1 1 835 766 845 3411
15756 4 2 1 1 1389 1135 1137 3610
15757 4 2 1 1 1753 1714 1591 3348
15758 4 2 1 1 987 932 1091 3315
15759 4 2 1 1 647 3302 487 2439
15760 4 2 1 1 3893 3942 2549 636
15761 4 2 1 1 1010 1048 1009 3503
15762 4 2 1 1 529 448 447 3676
15763 4 2 1 1 1659 1657 1743 3769
15764 4 2 1 1 826 3997 854 135
15765 4 2 1 1 505 598 631 3825
15766 4 2 1 1 733 726 715 3399
15767 4 2 1 1 270 255 372 3867
15768 4 2 1 1 756 759 758 3415
15769 4 2 1 1 932 994 913 3084
15770 4 2 1 1 2414 3421 3090 3473
15771 4 2 1 1 312 53 3896 3841
15772 4 2 1 1 641 592 624 3488
15773 4 2 1 1 640 589 431 3160
15774 4 2 1 1 1683 1797 1682 3194
15775 4 2 1 1 1663 1661 1578 3219
15776 4 2 1 1 818 703 821 3839
15777 4 2 1 1 312 216 53 3841
15778 4 2 1 1 1075 884 41 3446
15779 4 2 1 1 3160 589 431 101
15780 4 2 1 1 1380 1172 1174 3776
15781 4 2 1 1 1014 162 3958 3420
15782 4 2 1 1 496 493 487 3302
15783 4 2 1 1 827 779 862 3559
15784 4 2 1 1 293 280 276 3674
15785 4 2 1 1 629 571 630 3106
15786 4 2 1 1 836 123 864 3910
15787 4 2 1 1 370 416 365 2545
15788 4 2 1 1 1218 1185 1355 2255
15789 4 2 1 1 602 477 590 3385
15790 4 2 1 1 699 706 702 3596
15791 4 2 1 1 2448 3710 3553 3866
15792 4 2 1 1 1372 1381 1236 3598
15793 4 2 1 1 1544 2919 3759 3851
15794 4 2 1 1 399 20 19 3862
15795 4 2 1 1 1094 982 876 3140
15796 4 2 1 1 1024 1023 1057 3860
15797 4 2 1 1 1712 1517 1492 3705
15798 4 2 1 1 554 495 478 2439
15799 4 2 1 1 407 303 374 3491
15800 4 2 1 1 2220 3764 3334 3803
15801 4 2 1 1 988 986 987 3484
15802 4 2 1 1 356 3963 30 3657
15803 4 2 1 1 2255 3109 3583 3611
15804 4 2 1 1 2926 3422 2385 3830
15805 4 2 1 1 3926 1469 1780 36
15806 4 2 1 1 521 510 520 3105
15807 4 2 1 1 2433 3833 2542 3873
15808 4 2 1 1 908 909 925 3113
15809 4 2 1 1 1601 1599 1602 3499
15810 4 2 1 1 148 806 3888 3538
15811 4 2 1 1 380 284 300 3506
15812 4 2 1 1 3883 3953 673 142
15813 4 2 1 1 577 561 616 3526
15814 4 2 1 1 1184 1391 1360 3035
15815 4 2 1 1 1102 1435 131 3646
15816 4 2 1 1 276 304 293 3253
15817 4 2 1 1 628 604 523 3704
15818 4 2 1 1 1728 1715 1568 3509
15819 4 2 1 1 717 776 777 3077
15820 4 2 1 1 297 296 286 3108
15821 4 2 1 1 986 988 1072 3484
15822 4 2 1 1 1433 1344 1116 3512
15823 4 2 1 1 1340 1140 1163 3785
15824 4 2 1 1 1256 1371 1221 3349
15825 4 2 1 1 1663 1665 1468 3637
15826 4 2 1 1 667 778 777 3488
15827 4 2 1 1 847 874 757 3323
15828 4 2 1 1 1369 1200 1376 3274
15829 4 2 1 1 1129 1130 1131 3619
15830 4 2 1 1 262 341 228 3465
15831 4 2 1 1 3160 589 101 3974
15832 4 2 1 1 716 712 705 3233
15833 4 2 1 1 581 432 645 3342
15834 4 2 1 1 982 1094 993 3140
15835 4 2 1 1 1091 932 1033 3208
15836 4 2 1 1 1359 1183 1375 3340
15837 4 2 1 1 1670 1783 1757 3140
15838 4 2 1 1 862 778 655 3001
15839 4 2 1 1 244 257 377 3794
15840 4 2 1 1 2070 3553 3710 3866
15841 4 2 1 1 803 831 707 3576
15842 4 2 1 1 955 3238 1046 3810
15843 4 2 1 1 1432 162 1108 3420
15844 4 2 1 1 3353 3404 2339 3665
15845 4 2 1 1 2316 3462 3279 3741
15846 4 2 1 1 1467 2690 1634 2482
15847 4 2 1 1 316 227 225 3147
15848 4 2 1 1 1002 1001 891 3398
15849 4 2 1 1 1302 1268 1416 3321
15850 4 2 1 1 736 673 674 3037
15851 4 2 1 1 502 593 482 3211
15852 4 2 1 1 2403 2399 2124 2879
15853 4 2 1 1 2269 3654 2964 3846
15854 4 2 1 1 1287 1290 1289 3599
15855 4 2 1 1 2385 3422 2994 3830
15856 4 2 1 1 939 938 930 3816
15857 4 2 1 1 2110 3597 3254 3701
15858 4 2 1 1 1085 99 879 3467
15859 4 2 1 1 769 870 128 3928
15860 4 2 1 1 1445 1111 1423 3164
15861 4 2 1 1 1326 1408 1449 3195
15862 4 2 1 1 1294 1230 1229 3292
15863 4 2 1 1 372 377 291 3789
15864 4 2 1 1 1261 1399 1262 3313
15865 4 2 1 1 471 469 595 3695
15866 4 2 1 1 454 456 455 3121
15867 4 2 1 1 1094 180 3911 876
15868 4 2 1 1 1472 3985 3104 3879
15869 4 2 1 1 1207 1235 1226 3774
15870 4 2 1 1 1703 148 1455 3538
15871 4 2 1 1 1395 3886 108 1119
15872 4 2 1 1 1452 1774 1641 2924
15873 4 2 1 1 1686 1501 1687 3732
15874 4 2 1 1 919 918 920 3813
15875 4 2 1 1 862 734 827 3559
15876 4 2 1 1 1247 1219 1279 3796
15877 4 2 1 1 1736 1740 1588 3819
15878 4 2 1 1 1724 1653 1549 3345
15879 4 2 1 1 2090 3110 2231 3654
15880 4 2 1 1 3913 70 436 3495
15881 4 2 1 1 906 904 905 3046
15882 4 2 1 1 1577 1736 1689 3394
15883 4 2 1 1 370 280 293 3674
15884 4 2 1 1 1382 1260 1357 3360
15885 4 2 1 1 1139 1358 1159 2394
15886 4 2 1 1 3886 109 1119 3381
15887 4 2 1 1 41 42 214 3446
15888 4 2 1 1 400 218 368 3344
15889 4 2 1 1 3031 3718 3706 3813
15890 4 2 1 1 3911 1783 1757 180
15891 4 2 1 1 3879 80 81 1472
15892 4 2 1 1 3886 1326 1119 1395
15893 4 2 1 1 710 741 771 3737
15894 4 2 1 1 807 663 131 3646
15895 4 2 1 1 154 772 662 3637
15896 4 2 1 1 3886 1119 2510 3381
15897 4 2 1 1 803 795 831 3576
15898 4 2 1 1 648 3955 607 2681
15899 4 2 1 1 1502 1713 1693 3304
15900 4 2 1 1 773 776 805 3129
15901 4 2 1 1 2970 3167 3815 2307
15902 4 2 1 1 333 332 334 3404
15903 4 2 1 1 3927 636 544 2549
15904 4 2 1 1 923 922 928 3336
15905 4 2 1 1 232 230 231 3167
15906 4 2 1 1 1030 996 997 3107
15907 4 2 1 1 2893 2138 3098 2410
15908 4 2 1 1 3448 1802 1766 3369
15909 4 2 1 1 526 499 551 3227
15910 4 2 1 1 1046 955 1034 3238
15911 4 2 1 1 557 558 556 3452
15912 4 2 1 1 3929 415 49 397
15913 4 2 1 1 3975 131 663 3646
15914 4 2 1 1 1393 1311 1278 3808
15915 4 2 1 1 1532 1564 1702 3193
15916 4 2 1 1 3976 412 39 3988
15917 4 2 1 1 3979 411 221 50
15918 4 2 1 1 1662 1667 1762 3043
15919 4 2 1 1 1401 1290 1447 3034
15920 4 2 1 1 1066 973 971 3271
15921 4 2 1 1 269 327 272 3673
15922 4 2 1 1 3982 1796 3752 1477
15923 4 2 1 1 690 831 692 3161
15924 4 2 1 1 883 3810 187 1078
15925 4 2 1 1 1506 1505 1515 3843
15926 4 2 1 1 2296 3759 2919 3851
15927 4 2 1 1 1452 1641 1773 2924
15928 4 2 1 1 934 991 967 3426
15929 4 2 1 1 3167 364 3815 231
15930 4 2 1 1 3891 1718 1459 89
15931 4 2 1 1 321 323 322 3153
15932 4 2 1 1 2372 3051 3824 3869
15933 4 2 1 1 1115 1129 1339 3331
15934 4 2 1 1 1712 1737 1517 3705
15935 4 2 1 1 1540 1539 1538 3333
15936 4 2 1 1 2308 3533 3133 3861
15937 4 2 1 1 1400 1389 1291 3563
15938 4 2 1 1 494 503 515 3517
15939 4 2 1 1 3940 860 156 669
15940 4 2 1 1 853 751 753 3575
15941 4 2 1 1 3944 1084 173 894
15942 4 2 1 1 2893 2138 2754 3098
15943 4 2 1 1 1632 1782 1697 3711
15944 4 2 1 1 1236 1381 1205 3598
15945 4 2 1 1 365 217 370 2545
15946 4 2 1 1 3894 635 106 445
15947 4 2 1 1 885 959 1092 3664
15948 4 2 1 1 508 524 511 3218
15949 4 2 1 1 325 272 323 3379
15950 4 2 1 1 1715 1728 1687 3509
15951 4 2 1 1 2679 3427 2506 3847
15952 4 2 1 1 2943 3804 2440 3872
15953 4 2 1 1 742 740 741 3745
15954 4 2 1 1 3495 3636 2324 3782
15955 4 2 1 1 1483 1481 1611 3288
15956 4 2 1 1 1598 1600 1752 2716
15957 4 2 1 1 2069 3117 3422 2479
15958 4 2 1 1 3929 415 397 3752
15959 4 2 1 1 357 356 350 3225
15960 4 2 1 1 995 965 963 3405
15961 4 2 1 1 936 929 940 3091
15962 4 2 1 1 1541 1546 1543 3486
15963 4 2 1 1 1137 1135 1136 3610
15964 4 2 1 1 1291 1252 1400 3563
15965 4 2 1 1 672 814 847 3591
15966 4 2 1 1 919 933 917 3431
15967 4 2 1 1 871 682 700 3289
15968 4 2 1 1 625 518 519 3300
15969 4 2 1 1 3886 1326 1395 3676
15970 4 2 1 1 3937 415 3993 3752
15971 4 2 1 1 1704 1673 1609 3362
15972 4 2 1 1 52 53 216 3841
15973 4 2 1 1 1628 1583 1627 3682
15974 4 2 1 1 1408 1332 1449 3195
15975 4 2 1 1 721 818 821 3839
15976 4 2 1 1 2094 3707 3021 3857
15977 4 2 1 1 1487 1485 1555 3456
15978 4 2 1 1 421 350 422 3748
15979 4 2 1 1 2271 3080 3623 3816
15980 4 2 1 1 678 680 710 3152
15981 4 2 1 1 1443 1271 1313 3496
15982 4 2 1 1 1516 1506 1515 3843
15983 4 2 1 1 743 744 742 3745
15984 4 2 1 1 833 834 793 3250
15985 4 2 1 1 161 162 3885 1108
15986 4 2 1 1 1266 1387 1390 3356
15987 4 2 1 1 2639 3594 3424 3835
15988 4 2 1 1 736 738 737 3862
15989 4 2 1 1 1789 1676 1617 3100
15990 4 2 1 1 1589 1638 1725 3448
15991 4 2 1 1 3885 1108 162 3420
15992 4 2 1 1 1081 1013 925 3817
15993 4 2 1 1 775 773 774 3828
15994 4 2 1 1 1004 1030 1000 3754
15995 4 2 1 1 324 3460 326 3762
15996 4 2 1 1 1638 1766 1725 3448
15997 4 2 1 1 3894 635 445 2711
15998 4 2 1 1 1097 968 1073 3659
15999 4 2 1 1 30 3978 203 3657
16000 4 2 1 1 91 628 90 3704
16001 4 2 1 1 3944 1084 894 2549
16002 4 2 1 1 3940 860 669 2565
16003 4 2 1 1 652 870 758 3097
16004 4 2 1 1 735 823 726 3782
16005 4 2 1 1 2349 3706 3031 3718
16006 4 2 1 1 1564 1624 1625 3112
16007 4 2 1 1 1037 1041 890 2545
16008 4 2 1 1 1588 1586 1736 3819
16009 4 2 1 1 348 347 406 3270
16010 4 2 1 1 34 424 383 3930
16011 4 2 1 1 547 546 496 3613
16012 4 2 1 1 1055 1053 1020 3525
16013 4 2 1 1 1179 1355 1177 3483
16014 4 2 1 1 1429 1353 1118 3097
16015 4 2 1 1 3059 3673 269 3867
16016 4 2 1 1 1253 1392 1358 3809
16017 4 2 1 1 623 525 642 3828
16018 4 2 1 1 1093 1050 186 2719
16019 4 2 1 1 1060 3982 1088 3752
16020 4 2 1 1 597 526 435 3331
16021 4 2 1 1 840 770 760 3165
16022 4 2 1 1 322 319 321 3153
16023 4 2 1 1 1240 1239 1241 3864
16024 4 2 1 1 3931 622 76 3828
16025 4 2 1 1 1011 188 883 3729
16026 4 2 1 1 1694 1804 1454 3245
16027 4 2 1 1 399 418 301 3862
16028 4 2 1 1 867 708 809 3661
16029 4 2 1 1 1204 1179 1202 3812
16030 4 2 1 1 659 3917 136 854
16031 4 2 1 1 1271 1312 1313 3474
16032 4 2 1 1 1458 1761 1667 3363
16033 4 2 1 1 1116 1428 53 3841
16034 4 2 1 1 1249 1250 1248 3569
16035 4 2 1 1 980 1070 984 3285
16036 4 2 1 1 3932 135 826 869
16037 4 2 1 1 273 298 277 3669
16038 4 2 1 1 2432 3411 3157 3821
16039 4 2 1 1 508 490 586 3753
16040 4 2 1 1 1064 911 994 3216
16041 4 2 1 1 934 902 904 3560
16042 4 2 1 1 896 1038 1071 3743
16043 4 2 1 1 649 534 535 3636
16044 4 2 1 1 2506 3118 3543 3847
16045 4 2 1 1 2540 3543 3118 3847
16046 4 2 1 1 681 812 683 3872
16047 4 2 1 1 1112 1277 1317 3423
16048 4 2 1 1 1018 1017 1016 3795
16049 4 2 1 1 378 243 245 3391
16050 4 2 1 1 802 830 812 3783
16051 4 2 1 1 1707 1534 1524 3549
16052 4 2 1 1 264 265 252 3478
16053 4 2 1 1 549 496 647 3613
16054 4 2 1 1 594 517 504 3481
16055 4 2 1 1 308 341 310 3182
16056 4 2 1 1 746 748 817 3277
16057 4 2 1 1 3926 213 36 314
16058 4 2 1 1 1715 1523 1568 3784
16059 4 2 1 1 397 313 367 3743
16060 4 2 1 1 487 647 496 3302
16061 4 2 1 1 1790 1805 1455 3538
16062 4 2 1 1 944 1034 955 3238
16063 4 2 1 1 1656 1581 1657 2890
16064 4 2 1 1 1253 1293 1392 3809
16065 4 2 1 1 1175 1173 1364 3726
16066 4 2 1 1 620 99 637 3467
16067 4 2 1 1 350 421 357 3225
16068 4 2 1 1 853 843 658 3203
16069 4 2 1 1 467 465 477 3122
16070 4 2 1 1 1154 1164 1153 2759
16071 4 2 1 1 43 396 413 3460
16072 4 2 1 1 1488 1487 1489 3485
16073 4 2 1 1 3979 411 50 3991
16074 4 2 1 1 1569 1544 1717 3851
16075 4 2 1 1 686 683 812 3872
16076 4 2 1 1 20 398 3933 3862
16077 4 2 1 1 1363 1150 1152 3476
16078 4 2 1 1 630 610 475 3439
16079 4 2 1 1 1127 1115 120 3662
16080 4 2 1 1 917 933 1033 3431
16081 4 2 1 1 1264 1268 1302 3321
16082 4 2 1 1 1383 1254 1316 3516
16083 4 2 1 1 3885 1327 161 1108
16084 4 2 1 1 349 422 350 3748
16085 4 2 1 1 930 1007 939 3623
16086 4 2 1 1 955 1078 1050 3810
16087 4 2 1 1 420 355 253 3703
16088 4 2 1 1 1019 1010 1015 3772
16089 4 2 1 1 270 372 291 3789
16090 4 2 1 1 1070 978 1081 3817
16091 4 2 1 1 806 654 791 3538
16092 4 2 1 1 834 828 795 3768
16093 4 2 1 1 2523 3706 3718 3813
16094 4 2 1 1 2690 1093 185 2719
16095 4 2 1 1 1366 1217 1348 3409
16096 4 2 1 1 788 151 3363 3836
16097 4 2 1 1 659 854 822 3079
16098 4 2 1 1 657 815 788 3363
16099 4 2 1 1 2316 3279 3667 3741
16100 4 2 1 1 2711 865 670 139
16101 4 2 1 1 154 1468 1785 3637
16102 4 2 1 1 342 210 361 3709
16103 4 2 1 1 94 443 2738 639
16104 4 2 1 1 543 600 546 3823
16105 4 2 1 1 1612 1729 1710 3543
16106 4 2 1 1 918 927 920 3718
16107 4 2 1 1 1686 1728 1610 3871
16108 4 2 1 1 662 154 3637 3775
16109 4 2 1 1 1774 1452 1691 3657
16110 4 2 1 1 250 258 260 3432
16111 4 2 1 1 511 594 504 3481
16112 4 2 1 1 1726 1481 1464 3704
16113 4 2 1 1 718 783 704 3487
16114 4 2 1 1 702 706 713 3596
16115 4 2 1 1 1320 1321 1319 3603
16116 4 2 1 1 1165 1171 1170 3433
16117 4 2 1 1 882 1077 1067 3447
16118 4 2 1 1 682 871 680 3863
16119 4 2 1 1 404 3983 213 35
16120 4 2 1 1 332 317 331 3353
16121 4 2 1 1 662 153 154 3775
16122 4 2 1 1 43 3924 396 3460
16123 4 2 1 1 852 774 76 3828
16124 4 2 1 1 432 3891 89 648
16125 4 2 1 1 3937 415 3752 219
16126 4 2 1 1 1653 1593 1571 3625
16127 4 2 1 1 1010 877 1014 3420
16128 4 2 1 1 30 1775 1452 3657
16129 4 2 1 1 939 1007 957 3623
16130 4 2 1 1 1669 1604 1668 3651
16131 4 2 1 1 1433 1343 1344 3512
16132 4 2 1 1 681 680 679 3863
16133 4 2 1 1 470 472 596 3822
16134 4 2 1 1 258 278 267 3850
16135 4 2 1 1 1633 1698 1473 3634
16136 4 2 1 1 1722 1648 1708 3550
16137 4 2 1 1 662 772 805 3637
16138 4 2 1 1 572 579 611 3628
16139 4 2 1 1 3937 415 219 38
16140 4 2 1 1 1493 1495 1494 3728
16141 4 2 1 1 1621 1767 1634 2482
16142 4 2 1 1 383 299 404 3226
16143 4 2 1 1 1073 3967 880 3659
16144 4 2 1 1 3892 150 789 3836
16145 4 2 1 1 609 640 431 3160
16146 4 2 1 1 1292 1254 1197 3445
16147 4 2 1 1 1121 1275 1411 3618
16148 4 2 1 1 646 573 574 3567
16149 4 2 1 1 540 451 605 3712
16150 4 2 1 1 1672 1513 1518 3749
16151 4 2 1 1 825 153 662 3775
16152 4 2 1 1 1017 1019 1015 3772
16153 4 2 1 1 1342 1444 1344 3204
16154 4 2 1 1 1752 1744 1598 2716
16155 4 2 1 1 770 689 708 2419
16156 4 2 1 1 1271 1443 1272 3496
16157 4 2 1 1 3982 1796 1477 174
16158 4 2 1 1 1338 1416 1112 3840
16159 4 2 1 1 992 892 1044 3699
16160 4 2 1 1 1428 1116 1336 3841
16161 4 2 1 1 1306 1276 1218 3264
16162 4 2 1 1 960 897 898 3440
16163 4 2 1 1 1267 1304 1303 3818
16164 4 2 1 1 1324 1422 1272 3287
16165 4 2 1 1 475 459 593 3263
16166 4 2 1 1 1022 1025 1028 3565
16167 4 2 1 1 1324 1323 1111 3248
16168 4 2 1 1 296 400 285 3573
16169 4 2 1 1 737 851 20 3862
16170 4 2 1 1 1414 3885 1108 1327
16171 4 2 1 1 1204 1232 1179 3812
16172 4 2 1 1 476 483 473 3592
16173 4 2 1 1 367 313 408 3743
16174 4 2 1 1 203 345 356 3657
16175 4 2 1 1 2711 865 139 3943
16176 4 2 1 1 608 522 501 3232
16177 4 2 1 1 788 789 150 3836
16178 4 2 1 1 3620 2933 2153 2499
16179 4 2 1 1 388 261 238 3397
16180 4 2 1 1 1069 1059 990 3330
16181 4 2 1 1 329 361 210 3709
16182 4 2 1 1 157 3899 895 1083
16183 4 2 1 1 825 3908 153 3775
16184 4 2 1 1 470 596 601 3822
16185 4 2 1 1 780 805 776 2363
16186 4 2 1 1 1227 1308 1309 3390
16187 4 2 1 1 2332 2770 2199 2842
16188 4 2 1 1 842 749 747 3507
16189 4 2 1 1 325 423 272 3379
16190 4 2 1 1 1222 1205 1223 3799
16191 4 2 1 1 847 814 874 3591
16192 4 2 1 1 85 86 427 2766
16193 4 2 1 1 936 940 941 3787
16194 4 2 1 1 3369 144 145 1463
16195 4 2 1 1 87 86 3887 580
16196 4 2 1 1 725 715 726 3399
16197 4 2 1 1 620 3980 99 3467
16198 4 2 1 1 823 735 661 3495
16199 4 2 1 1 84 83 3875 566
16200 4 2 1 1 3876 110 111 429
16201 4 2 1 1 3381 110 536 109
16202 4 2 1 1 109 108 440 3886
16203 4 2 1 1 262 228 230 3465
16204 4 2 1 1 47 217 46 3880
16205 4 2 1 1 964 966 1062 3460
16206 4 2 1 1 3878 111 112 555
16207 4 2 1 1 583 115 114 3877
16208 4 2 1 1 282 329 281 3247
16209 4 2 1 1 2611 3669 3242 3751
16210 4 2 1 1 1670 1604 1669 3651
16211 4 2 1 1 486 454 452 3461
16212 4 2 1 1 1390 1360 1391 3035
16213 4 2 1 1 3878 112 113 582
16214 4 2 1 1 3946 113 114 433
16215 4 2 1 1 660 740 858 3344
16216 4 2 1 1 1168 1176 1180 3523
16217 4 2 1 1 251 375 369 3692
16218 4 2 1 1 789 788 796 3836
16219 4 2 1 1 2628 3579 3707 3857
16220 4 2 1 1 1322 1334 1188 3588
16221 4 2 1 1 623 622 525 3828
16222 4 2 1 1 3948 115 116 584
16223 4 2 1 1 404 34 383 3934
16224 4 2 1 1 993 179 3981 1094
16225 4 2 1 1 246 244 377 3794
16226 4 2 1 1 771 741 739 3737
16227 4 2 1 1 437 604 628 3704
16228 4 2 1 1 347 348 346 3270
16229 4 2 1 1 850 842 747 3507
16230 4 2 1 1 1301 1238 1233 3529
16231 4 2 1 1 260 268 274 3527
16232 4 2 1 1 1060 174 1088 3982
16233 4 2 1 1 959 1047 950 3664
16234 4 2 1 1 898 900 951 3541
16235 4 2 1 1 439 80 81 3879
16236 4 2 1 1 301 398 399 3862
16237 4 2 1 1 428 117 116 3881
16238 4 2 1 1 1432 1108 1450 3420
16239 4 2 1 1 755 756 758 3415
16240 4 2 1 1 83 82 3935 434
16241 4 2 1 1 1665 1664 1755 3451
16242 4 2 1 1 1501 1503 1687 3732
16243 4 2 1 1 1567 1537 1607 3616
16244 4 2 1 1 140 671 859 2522
16245 4 2 1 1 2709 864 672 11
16246 4 2 1 1 3899 3988 2599 1083
16247 4 2 1 1 565 507 532 3454
16248 4 2 1 1 1610 1728 1727 3871
16249 4 2 1 1 2709 411 11 306
16250 4 2 1 1 1255 1322 1383 3655
16251 4 2 1 1 797 791 794 2636
16252 4 2 1 1 662 781 825 3775
16253 4 2 1 1 404 3983 35 3934
16254 4 2 1 1 3927 95 96 544
16255 4 2 1 1 3971 1089 893 190
16256 4 2 1 1 1716 1529 1531 3617
16257 4 2 1 1 212 309 410 3688
16258 4 2 1 1 320 39 40 3976
16259 4 2 1 1 1155 1161 1157 3584
16260 4 2 1 1 998 1076 999 3459
16261 4 2 1 1 1423 1281 1445 3164
16262 4 2 1 1 627 544 545 3459
16263 4 2 1 1 1791 1468 153 3775
16264 4 2 1 1 618 118 117 3950
16265 4 2 1 1 120 121 1127 3662
16266 4 2 1 1 78 79 446 3895
16267 4 2 1 1 98 97 438 3919
16268 4 2 1 1 120 121 3662 542
16269 4 2 1 1 587 485 464 3099
16270 4 2 1 1 414 3933 398 2522
16271 4 2 1 1 1709 1742 1534 3767
16272 4 2 1 1 1654 1719 1681 3626
16273 4 2 1 1 711 802 812 3783
16274 4 2 1 1 1639 1784 1802 3791
16275 4 2 1 1 1412 1278 1311 3808
16276 4 2 1 1 3810 1050 186 1078
16277 4 2 1 1 1338 1451 1416 3840
16278 4 2 1 1 932 987 985 3315
16279 4 2 1 1 3331 120 119 1115
16280 4 2 1 1 592 442 624 3488
16281 4 2 1 1 597 119 118 3889
16282 4 2 1 1 1508 1504 1693 3756
16283 4 2 1 1 924 1066 1074 3475
16284 4 2 1 1 1285 1284 1283 3482
16285 4 2 1 1 424 3994 3194 3930
16286 4 2 1 1 1072 887 1032 3245
16287 4 2 1 1 889 163 164 3884
16288 4 2 1 1 1784 1639 1758 3791
16289 4 2 1 1 1071 1038 1098 3743
16290 4 2 1 1 983 982 980 3314
16291 4 2 1 1 1239 1240 1234 3864
16292 4 2 1 1 3937 415 38 3993
16293 4 2 1 1 151 788 150 3836
16294 4 2 1 1 3891 89 88 432
16295 4 2 1 1 828 834 703 3768
16296 4 2 1 1 527 631 598 3825
16297 4 2 1 1 848 663 807 3646
16298 4 2 1 1 444 122 121 3893
16299 4 2 1 1 579 477 611 3628
16300 4 2 1 1 1008 956 953 3139
16301 4 2 1 1 145 1784 3369 1463
16302 4 2 1 1 1340 1163 1387 3785
16303 4 2 1 1 288 275 279 3059
16304 4 2 1 1 1407 1419 1280 3558
16305 4 2 1 1 685 687 840 3702
16306 4 2 1 1 1535 1741 1743 2473
16307 4 2 1 1 835 845 722 3411
16308 4 2 1 1 447 108 107 3951
16309 4 2 1 1 732 728 729 3652
16310 4 2 1 1 1319 1318 1131 3633
16311 4 2 1 1 919 920 921 3813
16312 4 2 1 1 469 602 595 3695
16313 4 2 1 1 782 143 144 3634
16314 4 2 1 1 160 161 1006 3885
16315 4 2 1 1 897 158 159 3945
16316 4 2 1 1 620 548 550 3467
16317 4 2 1 1 141 142 673 3953
16318 4 2 1 1 581 87 88 3887
16319 4 2 1 1 324 396 326 3460
16320 4 2 1 1 3973 129 130 652
16321 4 2 1 1 3620 2153 2933 2756
16322 4 2 1 1 332 358 336 3665
16323 4 2 1 1 3908 152 151 657
16324 4 2 1 1 491 484 492 3666
16325 4 2 1 1 665 146 147 3888
16326 4 2 1 1 3990 82 81 552
16327 4 2 1 1 169 168 3906 881
16328 4 2 1 1 14 13 212 3957
16329 4 2 1 1 1047 959 885 3664
16330 4 2 1 1 1547 1544 1545 3759
16331 4 2 1 1 403 214 321 3446
16332 4 2 1 1 533 436 634 3495
16333 4 2 1 1 3108 426 419 3510
16334 4 2 1 1 647 487 495 2439
16335 4 2 1 1 691 692 693 3685
16336 4 2 1 1 3369 1698 144 1463
16337 4 2 1 1 306 307 402 3591
16338 4 2 1 1 3369 3634 782 144
16339 4 2 1 1 992 1044 974 3699
16340 4 2 1 1 715 706 783 3683
16341 4 2 1 1 1775 1691 1452 3657
16342 4 2 1 1 272 263 269 3673
16343 4 2 1 1 170 171 886 3984
16344 4 2 1 1 180 181 3911 876
16345 4 2 1 1 1312 1420 1313 3474
16346 4 2 1 1 107 106 445 3894
16347 4 2 1 1 2286 2147 2494 2843
16348 4 2 1 1 890 3880 2545 3743
16349 4 2 1 1 2709 11 12 306
16350 4 2 1 1 726 734 735 3782
16351 4 2 1 1 387 253 355 3703
16352 4 2 1 1 414 3933 2522 3992
16353 4 2 1 1 1559 1587 1580 3797
16354 4 2 1 1 1075 962 884 3446
16355 4 2 1 1 216 312 225 3841
16356 4 2 1 1 415 3929 3993 3752
16357 4 2 1 1 62 61 3921 394
16358 4 2 1 1 894 172 173 3944
16359 4 2 1 1 669 155 156 3940
16360 4 2 1 1 1414 1306 1305 2323
16361 4 2 1 1 1435 1102 1285 3646
16362 4 2 1 1 150 149 3892 789
16363 4 2 1 1 847 757 820 3323
16364 4 2 1 1 1786 1644 1645 3729
16365 4 2 1 1 441 103 102 3912
16366 4 2 1 1 208 33 32 3994
16367 4 2 1 1 810 731 720 3663
16368 4 2 1 1 496 549 547 3613
16369 4 2 1 1 59 60 360 3901
16370 4 2 1 1 27 26 210 3903
16371 4 2 1 1 722 719 720 3821
16372 4 2 1 1 184 183 1031 3907
16373 4 2 1 1 222 23 22 3923
16374 4 2 1 1 215 25 24 3898
16375 4 2 1 1 1658 1657 1659 3769
16376 4 2 1 1 209 57 58 3890
16377 4 2 1 1 3922 175 176 892
16378 4 2 1 1 752 753 751 3575
16379 4 2 1 1 1761 150 1466 3836
16380 4 2 1 1 499 512 503 3814
16381 4 2 1 1 124 125 3939 668
16382 4 2 1 1 778 667 861 3488
16383 4 2 1 1 1086 1002 879 3467
16384 4 2 1 1 1594 1613 1750 3826
16385 4 2 1 1 3929 49 48 397
16386 4 2 1 1 380 362 284 3506
16387 4 2 1 1 1799 1696 1623 3585
16388 4 2 1 1 763 708 867 3661
16389 4 2 1 1 185 875 1093 2690
16390 4 2 1 1 3892 149 148 654
16391 4 2 1 1 160 159 3882 888
16392 4 2 1 1 539 79 80 3985
16393 4 2 1 1 3913 70 69 436
16394 4 2 1 1 878 165 166 3840
16395 4 2 1 1 1013 1066 924 3475
16396 4 2 1 1 3883 143 142 664
16397 4 2 1 1 221 50 51 3979
16398 4 2 1 1 1023 1024 1022 3860
16399 4 2 1 1 1698 1633 1766 3634
16400 4 2 1 1 697 698 699 3858
16401 4 2 1 1 3884 163 164 1403
16402 4 2 1 1 3969 530 67 635
16403 4 2 1 1 92 91 3915 437
16404 4 2 1 1 1082 964 1062 3460
16405 4 2 1 1 991 934 1095 3426
16406 4 2 1 1 3917 136 137 659
16407 4 2 1 1 868 661 735 3495
16408 4 2 1 1 604 508 586 3753
16409 4 2 1 1 1225 1207 1226 3774
16410 4 2 1 1 879 1002 1085 3467
16411 4 2 1 1 203 30 29 3978
16412 4 2 1 1 75 74 3972 442
16413 4 2 1 1 1606 1782 1632 3711
16414 4 2 1 1 54 55 205 3986
16415 4 2 1 1 1696 1770 1623 3585
16416 4 2 1 1 1304 3958 1432 3420
16417 4 2 1 1 1245 1411 1275 3618
16418 4 2 1 1 220 65 66 2599
16419 4 2 1 1 455 457 588 3861
16420 4 2 1 1 409 325 326 3762
16421 4 2 1 1 806 147 148 3888
16422 4 2 1 1 3884 3952 1029 2873
16423 4 2 1 1 653 144 145 3369
16424 4 2 1 1 161 162 877 3885
16425 4 2 1 1 3967 46 45 365
16426 4 2 1 1 369 278 258 3850
16427 4 2 1 1 60 61 204 3936
16428 4 2 1 1 538 92 93 3915
16429 4 2 1 1 3943 635 2711 3969
16430 4 2 1 1 218 19 18 3987
16431 4 2 1 1 1403 3958 2873 3884
16432 4 2 1 1 1796 1477 1759 3752
16433 4 2 1 1 1298 1300 1307 3730
16434 4 2 1 1 1193 1409 1362 3829
16435 4 2 1 1 3884 3952 164 1029
16436 4 2 1 1 535 534 533 3636
16437 4 2 1 1 1073 880 1097 3659
16438 4 2 1 1 138 137 787 3947
16439 4 2 1 1 1766 1802 1463 3369
16440 4 2 1 1 3952 165 164 1029
16441 4 2 1 1 187 188 3970 883
16442 4 2 1 1 3925 94 93 443
16443 4 2 1 1 1805 1703 1455 3538
16444 4 2 1 1 2286 2494 2147 2502
16445 4 2 1 1 1213 1208 1224 3714
16446 4 2 1 1 478 495 487 2439
16447 4 2 1 1 3993 49 415 3
16448 4 2 1 1 77 76 3931 622
16449 4 2 1 1 126 125 844 3918
16450 4 2 1 1 398 21 20 3933
16451 4 2 1 1 836 124 123 3910
16452 4 2 1 1 1639 1590 1739 3612
16453 4 2 1 1 342 28 27 3961
16454 4 2 1 1 1767 1467 1634 2482
16455 4 2 1 1 680 681 682 3863
16456 4 2 1 1 211 63 64 3964
16457 4 2 1 1 270 269 255 3867
16458 4 2 1 1 1060 1088 896 3752
16459 4 2 1 1 3743 47 367 48
16460 4 2 1 1 419 426 315 3510
16461 4 2 1 1 852 775 774 3828
16462 4 2 1 1 94 2738 7 639
16463 4 2 1 1 851 737 738 3862
16464 4 2 1 1 732 729 784 3652
16465 4 2 1 1 358 56 57 3995
16466 4 2 1 1 168 167 3906 1012
16467 4 2 1 1 406 375 251 3692
16468 4 2 1 1 138 139 2711 670
16469 4 2 1 1 3959 59 58 359
16470 4 2 1 1 530 67 68 3969
16471 4 2 1 1 3971 189 190 893
16472 4 2 1 1 1473 143 142 3883
16473 4 2 1 1 1032 182 181 3968
16474 4 2 1 1 1785 1468 1665 3637
16475 4 2 1 1 1791 1666 1468 3775
16476 4 2 1 1 134 135 3932 869
16477 4 2 1 1 955 1046 1078 3810
16478 4 2 1 1 298 384 277 3669
16479 4 2 1 1 1424 1248 1250 3569
16480 4 2 1 1 325 324 326 3762
16481 4 2 1 1 424 34 33 3930
16482 4 2 1 1 3916 31 32 357
16483 4 2 1 1 3975 131 132 663
16484 4 2 1 1 425 401 311 2421
16485 4 2 1 1 551 546 600 3823
16486 4 2 1 1 620 637 548 3467
16487 4 2 1 1 1093 186 185 2719
16488 4 2 1 1 51 52 223 3512
16489 4 2 1 1 396 324 413 3460
16490 4 2 1 1 1659 1635 1764 3739
16491 4 2 1 1 26 25 328 3956
16492 4 2 1 1 206 17 16 3996
16493 4 2 1 1 158 157 3899 895
16494 4 2 1 1 141 140 3900 671
16495 4 2 1 1 1068 177 176 3966
16496 4 2 1 1 3949 15 16 395
16497 4 2 1 1 3905 28 29 343
16498 4 2 1 1 621 105 104 2738
16499 4 2 1 1 3955 90 89 648
16500 4 2 1 1 38 37 219 3937
16501 4 2 1 1 31 30 356 3963
16502 4 2 1 1 312 53 54 3896
16503 4 2 1 1 331 55 56 3902
16504 4 2 1 1 36 35 213 3983
16505 4 2 1 1 170 169 3914 1049
16506 4 2 1 1 3897 172 171 996
16507 4 2 1 1 742 741 743 3745
16508 4 2 1 1 3920 3932 3034 869
16509 4 2 1 1 177 178 3447 882
16510 4 2 1 1 155 154 3637 772
16511 4 2 1 1 3965 126 127 658
16512 4 2 1 1 63 62 3964 373
16513 4 2 2 2 4000 4011 4017 4036
16514 4 2 2 2 1981 4057 4029 4066
16515 4 2 2 2 1809 2050 4015 4091
16516 4 2 2 2 1856 4065 4014 4083
16517 4 2 2 2 4030 2017 4062 4016
16518 4 2 2 2 4010 4003 4042 4054
16519 4 2 2 2 4030 2017 4016 1828
16520 4 2 2 2 4030 4042 4004 4096
16521 4 2 2 2 4018 4012 4071 1953
16522 4 2 2 2 1810 4063 2024 4052
16523 4 2 2 2 4003 4030 4010 4042
16524 4 2 2 2 1810 4063 4052 4075
16525 4 2 2 2 4010 4085 1870 4099
16526 4 2 2 2 2020 4015 4025 4068
16527 4 2 2 2 1809 4015 2050 9
16528 4 2 2 2 4014 1856 4047 4065
16529 4 2 2 2 4000 4017 4011 4038
16530 4 2 2 2 4057 4066 1981 4093
16531 4 2 2 2 4017 4000 4020 4058
16532 4 2 2 2 1841 1870 4085 4099
16533 4 2 2 2 195 4016 4066 4029
16534 4 2 2 2 195 4016 196 4066
16535 4 2 2 2 4008 2038 4055 4083
16536 4 2 2 2 4008 1931 4083 4053
16537 4 2 2 2 4026 4059 4100 2034
16538 4 2 2 2 1912 4038 4017 4058
16539 4 2 2 2 4004 4030 4016 4042
16540 4 2 2 2 4010 4071 1870 4085
16541 4 2 2 2 4008 1931 4053 4079
16542 4 2 2 2 2041 4019 1918 4027
16543 4 2 2 2 4078 4015 2050 4091
16544 4 2 2 2 4014 4055 4045 4084
16545 4 2 2 2 4066 4027 2041 4093
16546 4 2 2 2 4066 2041 1980 4093
16547 4 2 2 2 1870 4039 4010 4099
16548 4 2 2 2 1899 4094 1991 4073
16549 4 2 2 2 4004 4039 4030 4096
16550 4 2 2 2 2045 1870 4071 4085
16551 4 2 2 2 4008 1931 4079 2038
16552 4 2 2 2 2038 1999 4079 4088
16553 4 2 2 2 4010 4042 4030 4096
16554 4 2 2 2 4017 4020 4000 4048
16555 4 2 2 2 4016 4030 4004 4062
16556 4 2 2 2 4008 1931 2038 4083
16557 4 2 2 2 1958 4039 4101 4071
16558 4 2 2 2 4078 2050 4015 9
16559 4 2 2 2 4002 4037 4044 4048
16560 4 2 2 2 1900 1912 4017 4058
16561 4 2 2 2 1899 4094 1901 1991
16562 4 2 2 2 2024 4030 4052 4063
16563 4 2 2 2 2029 4038 1912 4058
16564 4 2 2 2 1859 4065 1856 4083
16565 4 2 2 2 4066 4027 4093 4007
16566 4 2 2 2 4087 4038 1972 4041
16567 4 2 2 2 1832 4030 2024 4063
16568 4 2 2 2 195 1981 4029 4066
16569 4 2 2 2 4077 4087 1996 2035
16570 4 2 2 2 2045 1841 1870 4085
16571 4 2 2 2 1810 2024 4063 1982
16572 4 2 2 2 2020 4025 4015 4078
16573 4 2 2 2 4087 4077 4081 4011
16574 4 2 2 2 4019 197 4016 4066
16575 4 2 2 2 4091 4015 1809 4067
16576 4 2 2 2 4003 4010 4052 4054
16577 4 2 2 2 1832 2024 1982 4063
16578 4 2 2 2 4087 1972 4038 1960
16579 4 2 2 2 4026 4059 2034 4033
16580 4 2 2 2 1853 4014 4047 4046
16581 4 2 2 2 2038 4008 4055 4088
16582 4 2 2 2 1909 4057 4040 4077
16583 4 2 2 2 197 4019 1816 4066
16584 4 2 2 2 2013 4055 4022 4088
16585 4 2 2 2 1853 4014 4046 1855
16586 4 2 2 2 1879 4060 4095 1882
16587 4 2 2 2 4003 4010 4030 4052
16588 4 2 2 2 1953 4012 4071 1951
16589 4 2 2 2 1974 1918 2041 4019
16590 4 2 2 2 1975 2034 4026 4100
16591 4 2 2 2 4030 4039 4004 4062
16592 4 2 2 2 4012 4009 4033 3999
16593 4 2 2 2 1909 4057 4077 1821
16594 4 2 2 2 4108 1836 1809 4067
16595 4 2 2 2 4108 1809 1836 1813
16596 4 2 2 2 191 4013 10 4090
16597 4 2 2 2 4015 4003 4052 4054
16598 4 2 2 2 4066 2041 4019 1974
16599 4 2 2 2 199 4063 1810 4075
16600 4 2 2 2 4012 4033 4009 4034
16601 4 2 2 2 2022 1931 2038 4079
16602 4 2 2 2 4045 4084 4097 4014
16603 4 2 2 2 4026 2034 1941 4033
16604 4 2 2 2 1810 4052 4068 4075
16605 4 2 2 2 4013 4043 10 4090
16606 4 2 2 2 2038 4079 4008 4088
16607 4 2 2 2 4016 4030 1828 4063
16608 4 2 2 2 4029 4057 4007 4066
16609 4 2 2 2 2039 4050 1952 4103
16610 4 2 2 2 4014 4008 4045 4055
16611 4 2 2 2 4030 2017 1828 1943
16612 4 2 2 2 4035 4053 4006 4086
16613 4 2 2 2 4005 4011 4031 4043
16614 4 2 2 2 1984 4016 4029 4062
16615 4 2 2 2 4030 2017 1943 4062
16616 4 2 2 2 4016 4019 4007 4080
16617 4 2 2 2 1918 4027 4019 4076
16618 4 2 2 2 197 1979 1816 4019
16619 4 2 2 2 4000 4036 4017 4048
16620 4 2 2 2 4005 4041 4011 4043
16621 4 2 2 2 1913 4017 1912 4038
16622 4 2 2 2 197 1979 4019 4063
16623 4 2 2 2 4045 4055 4022 4084
16624 4 2 2 2 1854 4014 1856 4047
16625 4 2 2 2 2057 4075 4076 4019
16626 4 2 2 2 4017 4036 4002 4048
16627 4 2 2 2 4000 4041 4070 4038
16628 4 2 2 2 4052 1820 4068 4108
16629 4 2 2 2 4021 4006 4035 4053
16630 4 2 2 2 1853 1854 1852 4047
16631 4 2 2 2 1853 4014 1855 1854
16632 4 2 2 2 4006 4044 4037 4048
16633 4 2 2 2 4056 4065 2061 4067
16634 4 2 2 2 1879 4060 1882 2000
16635 4 2 2 2 1901 4017 1904 4107
16636 4 2 2 2 1919 2061 4056 4065
16637 4 2 2 2 4016 4007 4042 4080
16638 4 2 2 2 4032 4009 4012 3999
16639 4 2 2 2 4045 4097 4084 3999
16640 4 2 2 2 1828 1827 4016 4063
16641 4 2 2 2 4052 2059 4068 1820
16642 4 2 2 2 4007 4066 4057 4093
16643 4 2 2 2 4106 4054 4096 4032
16644 4 2 2 2 4066 2041 1974 1980
16645 4 2 2 2 1871 4059 2034 4100
16646 4 2 2 2 4019 4016 197 4063
16647 4 2 2 2 197 196 4016 4066
16648 4 2 2 2 1859 4021 4065 4083
16649 4 2 2 2 2005 2039 1952 4103
16650 4 2 2 2 4002 4044 4020 4048
16651 4 2 2 2 4013 4031 4011 4043
16652 4 2 2 2 4005 4031 4011 4000
16653 4 2 2 2 1885 4024 1883 1881
16654 4 2 2 2 4085 2014 2006 4028
16655 4 2 2 2 4038 4041 4011 4000
16656 4 2 2 2 4011 4041 4038 4087
16657 4 2 2 2 4013 4009 4049 4069
16658 4 2 2 2 4017 4038 1913 4081
16659 4 2 2 2 4014 4046 1855 4084
16660 4 2 2 2 1923 1913 1912 4038
16661 4 2 2 2 4011 4041 4005 4000
16662 4 2 2 2 4007 4019 4016 4066
16663 4 2 2 2 194 4029 1981 4057
16664 4 2 2 2 4000 4070 4041 4024
16665 4 2 2 2 4052 4063 4003 4075
16666 4 2 2 2 4002 4037 4025 4044
16667 4 2 2 2 1827 2017 1828 4016
16668 4 2 2 2 1952 4050 4012 4103
16669 4 2 2 2 1952 4012 1843 4103
16670 4 2 2 2 4022 4060 2013 4088
16671 4 2 2 2 197 196 1827 4016
16672 4 2 2 2 4013 4043 4011 4087
16673 4 2 2 2 195 1981 194 4029
16674 4 2 2 2 4033 2039 1942 4103
16675 4 2 2 2 2004 4014 1855 4055
16676 4 2 2 2 1853 4014 1854 4047
16677 4 2 2 2 4015 4052 4028 4054
16678 4 2 2 2 4001 4021 4014 4065
16679 4 2 2 2 1953 4012 1951 1952
16680 4 2 2 2 1885 4024 1881 4041
16681 4 2 2 2 4014 4021 4001 4035
16682 4 2 2 2 4003 4019 4016 4080
16683 4 2 2 2 1807 4043 4013 4087
16684 4 2 2 2 4014 1855 4055 4084
16685 4 2 2 2 1975 1871 2034 4100
16686 4 2 2 2 4106 4096 4054 4010
16687 4 2 2 2 2013 2002 4022 4055
16688 4 2 2 2 1899 4020 1897 4017
16689 4 2 2 2 4021 4053 4035 4083
16690 4 2 2 2 202 4015 2020 4068
16691 4 2 2 2 1856 4014 1857 4083
16692 4 2 2 2 2057 4076 4075 2025
16693 4 2 2 2 1854 1857 1856 4014
16694 4 2 2 2 4014 4065 4021 4083
16695 4 2 2 2 4013 4031 4009 4069
16696 4 2 2 2 4089 4026 4102 1941
16697 4 2 2 2 4039 4071 4096 4101
16698 4 2 2 2 4095 2042 2062 4041
16699 4 2 2 2 4030 4039 4010 4096
16700 4 2 2 2 1881 4024 1882 4095
16701 4 2 2 2 195 4016 4029 1984
16702 4 2 2 2 1996 1960 2035 4087
16703 4 2 2 2 1912 1904 1900 4017
16704 4 2 2 2 199 4063 4075 198
16705 4 2 2 2 4033 4034 4012 4103
16706 4 2 2 2 4022 4055 4008 4088
16707 4 2 2 2 4018 4047 1849 4056
16708 4 2 2 2 1807 4013 4077 4087
16709 4 2 2 2 1870 1835 4039 4099
16710 4 2 2 2 4085 2006 2014 1844
16711 4 2 2 2 1996 4081 1960 4087
16712 4 2 2 2 2004 1854 1855 4014
16713 4 2 2 2 4014 4045 4035 4097
16714 4 2 2 2 1901 4094 4017 4107
16715 4 2 2 2 4024 4060 1882 4095
16716 4 2 2 2 1885 4041 4038 4070
16717 4 2 2 2 4011 4043 4041 4087
16718 4 2 2 2 4023 4006 4053 4086
16719 4 2 2 2 1885 4024 4041 4070
16720 4 2 2 2 1898 1896 1897 4020
16721 4 2 2 2 4016 4004 4042 4069
16722 4 2 2 2 4016 4019 4003 4063
16723 4 2 2 2 4008 4035 4014 4045
16724 4 2 2 2 4020 4061 1903 4092
16725 4 2 2 2 4031 4026 4005 4043
16726 4 2 2 2 2061 1946 4056 4067
16727 4 2 2 2 1850 1849 4047 4056
16728 4 2 2 2 197 4016 1827 4063
16729 4 2 2 2 4006 4037 4044 4078
16730 4 2 2 2 1993 4044 4020 4073
16731 4 2 2 2 4010 4054 4042 4096
16732 4 2 2 2 4030 4039 1835 4099
16733 4 2 2 2 2038 4055 2013 4088
16734 4 2 2 2 1854 1856 1852 4047
16735 4 2 2 2 4027 4036 4007 4080
16736 4 2 2 2 4008 4014 4035 4083
16737 4 2 2 2 4016 4029 4004 4069
16738 4 2 2 2 4095 2062 2042 1880
16739 4 2 2 2 1993 4020 1898 4073
16740 4 2 2 2 4049 4089 4090 1831
16741 4 2 2 2 4007 4016 4042 4069
16742 4 2 2 2 1897 4017 4020 4058
16743 4 2 2 2 2013 4022 1877 4060
16744 4 2 2 2 4006 4053 4021 4064
16745 4 2 2 2 4005 4022 4026 3999
16746 4 2 2 2 4049 4089 1831 4034
16747 4 2 2 2 1851 1849 4018 4047
16748 4 2 2 2 4008 4035 4053 4083
16749 4 2 2 2 1985 4065 4021 4091
16750 4 2 2 2 1811 1984 195 4029
16751 4 2 2 2 4031 4026 4043 4009
16752 4 2 2 2 4022 4045 4008 4055
16753 4 2 2 2 1926 4021 4053 4064
16754 4 2 2 2 1943 4039 4030 4062
16755 4 2 2 2 4005 4045 4022 3999
16756 4 2 2 2 4007 4029 4016 4069
16757 4 2 2 2 195 4016 1984 196
16758 4 2 2 2 4018 4046 1851 4047
16759 4 2 2 2 1944 4019 4076 1918
16760 4 2 2 2 1895 4020 4058 1897
16761 4 2 2 2 4006 4020 4048 4086
16762 4 2 2 2 4076 1957 1956 4025
16763 4 2 2 2 1850 1848 1849 4056
16764 4 2 2 2 4025 4044 4037 4078
16765 4 2 2 2 1826 4029 4062 1984
16766 4 2 2 2 1881 4041 4024 4095
16767 4 2 2 2 4076 1956 1957 1950
16768 4 2 2 2 4089 4026 1941 4033
16769 4 2 2 2 4026 1941 2034 1975
16770 4 2 2 2 4038 4058 2029 4070
16771 4 2 2 2 4003 4016 4042 4080
16772 4 2 2 2 2004 1857 1854 4014
16773 4 2 2 2 3999 4012 4032 4050
16774 4 2 2 2 4019 4027 4007 4080
16775 4 2 2 2 10 4013 1807 4043
16776 4 2 2 2 1831 4034 1830 4049
16777 4 2 2 2 4000 4086 4020 4092
16778 4 2 2 2 1807 10 191 4013
16779 4 2 2 2 4020 4044 1993 4061
16780 4 2 2 2 4028 4052 4010 4054
16781 4 2 2 2 2020 4015 202 4078
16782 4 2 2 2 4018 4012 1953 4050
16783 4 2 2 2 4032 4042 4054 4096
16784 4 2 2 2 4020 4044 4006 4048
16785 4 2 2 2 1847 4018 1849 4056
16786 4 2 2 2 4019 4063 1979 4075
16787 4 2 2 2 4014 4055 2004 4083
16788 4 2 2 2 3998 4032 4042 4054
16789 4 2 2 2 1901 1900 1904 4017
16790 4 2 2 2 4032 4009 4042 4096
16791 4 2 2 2 201 2063 202 4068
16792 4 2 2 2 1900 1995 1912 4058
16793 4 2 2 2 1926 4021 4064 1927
16794 4 2 2 2 4001 4014 4047 4065
16795 4 2 2 2 1832 1828 4030 4063
16796 4 2 2 2 1957 2025 4075 4076
16797 4 2 2 2 4013 4011 4077 4087
16798 4 2 2 2 2038 2013 1999 4088
16799 4 2 2 2 4002 4036 4027 4080
16800 4 2 2 2 1913 4038 1924 4081
16801 4 2 2 2 1960 1959 1972 4038
16802 4 2 2 2 4067 4015 4082 4091
16803 4 2 2 2 4028 2044 4108 1929
16804 4 2 2 2 1896 4020 1903 4092
16805 4 2 2 2 1828 1806 1827 4063
16806 4 2 2 2 4021 4035 4014 4083
16807 4 2 2 2 1886 4024 1887 4051
16808 4 2 2 2 1951 1843 1952 4012
16809 4 2 2 2 4003 4015 4052 4068
16810 4 2 2 2 4036 4042 3998 4069
16811 4 2 2 2 4025 4037 4015 4078
16812 4 2 2 2 2017 4016 1984 4062
16813 4 2 2 2 3998 4042 4032 4009
16814 4 2 2 2 2001 4022 1865 4072
16815 4 2 2 2 1865 4072 4022 4100
16816 4 2 2 2 2008 1835 4030 4039
16817 4 2 2 2 4020 4044 4002 4073
16818 4 2 2 2 1923 1912 2029 4038
16819 4 2 2 2 1857 4014 2004 4083
16820 4 2 2 2 1859 4021 1985 4065
16821 4 2 2 2 4028 2044 1929 2006
16822 4 2 2 2 4006 4023 4020 4086
16823 4 2 2 2 2013 2002 1877 4022
16824 4 2 2 2 1978 4033 2034 4059
16825 4 2 2 2 1903 4061 1997 4092
16826 4 2 2 2 202 2020 201 4068
16827 4 2 2 2 4012 3999 4033 4050
16828 4 2 2 2 4035 4045 4032 4097
16829 4 2 2 2 4011 4031 4013 4098
16830 4 2 2 2 2011 4024 1885 4070
16831 4 2 2 2 4015 4025 4003 4037
16832 4 2 2 2 1962 4026 1941 4102
16833 4 2 2 2 3998 4000 4045 4086
16834 4 2 2 2 4003 4016 4030 4042
16835 4 2 2 2 4004 4049 4034 4009
16836 4 2 2 2 4023 4061 2056 4064
16837 4 2 2 2 4001 4032 4035 4054
16838 4 2 2 2 3998 4045 4035 4086
16839 4 2 2 2 4009 4034 4033 4089
16840 4 2 2 2 1930 2056 4061 4064
16841 4 2 2 2 4003 4015 4037 4054
16842 4 2 2 2 4031 4036 3998 4069
16843 4 2 2 2 1985 2015 4065 4091
16844 4 2 2 2 1847 2032 4018 4071
16845 4 2 2 2 4052 2059 1820 2048
16846 4 2 2 2 4009 4031 4013 4043
16847 4 2 2 2 2052 191 4105 4013
16848 4 2 2 2 1894 1896 1903 4092
16849 4 2 2 2 1919 4056 4047 4065
16850 4 2 2 2 1958 4039 4071 1870
16851 4 2 2 2 1926 4021 1927 1890
16852 4 2 2 2 1899 4020 4017 4073
16853 4 2 2 2 4001 4015 4028 4054
16854 4 2 2 2 4003 4025 4015 4068
16855 4 2 2 2 4010 4030 4052 4099
16856 4 2 2 2 4001 4014 4035 4097
16857 4 2 2 2 1859 1934 1856 4065
16858 4 2 2 2 1984 2017 1827 4016
16859 4 2 2 2 2038 1999 2022 4079
16860 4 2 2 2 1888 1886 1887 4051
16861 4 2 2 2 1978 4050 4033 4059
16862 4 2 2 2 4023 4053 4006 4064
16863 4 2 2 2 2020 1955 4025 4078
16864 4 2 2 2 4031 4026 4009 3999
16865 4 2 2 2 1944 4019 1918 1974
16866 4 2 2 2 4017 4027 4002 4036
16867 4 2 2 2 3998 4036 4048 4080
16868 4 2 2 2 4072 1865 1868 4100
16869 4 2 2 2 1832 1806 1828 4063
16870 4 2 2 2 1953 4012 1952 4050
16871 4 2 2 2 4002 4048 4020 4017
16872 4 2 2 2 1863 4022 4055 4084
16873 4 2 2 2 1987 4023 2056 4064
16874 4 2 2 2 4052 4003 4068 4075
16875 4 2 2 2 1827 196 1984 4016
16876 4 2 2 2 4022 4084 1863 4100
16877 4 2 2 2 4019 4025 4002 4080
16878 4 2 2 2 4017 4038 4000 4058
16879 4 2 2 2 4032 4035 3998 4045
16880 4 2 2 2 3998 4048 4037 4080
16881 4 2 2 2 1867 1851 4018 4046
16882 4 2 2 2 1993 1903 4020 4061
16883 4 2 2 2 4025 4073 1956 4076
16884 4 2 2 2 4033 2039 4103 4050
16885 4 2 2 2 3998 4035 4032 4054
16886 4 2 2 2 4020 4086 4023 4092
16887 4 2 2 2 2007 4089 1831 4090
16888 4 2 2 2 4013 4049 4009 4090
16889 4 2 2 2 4027 4076 1918 4094
16890 4 2 2 2 3999 4032 4045 4097
16891 4 2 2 2 1912 1913 1904 4017
16892 4 2 2 2 4052 2059 2048 1810
16893 4 2 2 2 4017 4036 4011 4040
16894 4 2 2 2 4007 4042 4036 4069
16895 4 2 2 2 1819 2025 2057 4075
16896 4 2 2 2 1863 4055 1862 4084
16897 4 2 2 2 4034 1971 4109 4074
16898 4 2 2 2 1895 4020 1897 1896
16899 4 2 2 2 1956 4044 1920 4073
16900 4 2 2 2 4031 4026 3999 4005
16901 4 2 2 2 1975 1941 1962 4026
16902 4 2 2 2 1993 1911 4044 4073
16903 4 2 2 2 4005 4043 4026 4072
16904 4 2 2 2 4027 4036 4017 4040
16905 4 2 2 2 4008 4053 4035 4086
16906 4 2 2 2 1843 4012 4101 4103
16907 4 2 2 2 1956 4025 4044 4073
16908 4 2 2 2 1997 4061 4023 4092
16909 4 2 2 2 4033 2039 4050 1978
16910 4 2 2 2 2061 1946 1986 4056
16911 4 2 2 2 1965 4043 4072 4102
16912 4 2 2 2 2037 2013 1877 4060
16913 4 2 2 2 4001 4035 4032 4097
16914 4 2 2 2 1916 1956 4073 4076
16915 4 2 2 2 2024 4030 1834 4052
16916 4 2 2 2 2052 4105 191 192
16917 4 2 2 2 4089 4090 2007 4102
16918 4 2 2 2 4026 4072 1868 4100
16919 4 2 2 2 3998 4035 4048 4086
16920 4 2 2 2 4072 1868 1865 1869
16921 4 2 2 2 4074 4096 4034 4101
16922 4 2 2 2 4005 4041 4024 4000
16923 4 2 2 2 1957 4075 4025 4076
16924 4 2 2 2 4035 4054 4037 4082
16925 4 2 2 2 4033 4089 4034 4103
16926 4 2 2 2 1849 1847 2032 4018
16927 4 2 2 2 4025 4019 4003 4080
16928 4 2 2 2 4002 4027 4019 4080
16929 4 2 2 2 3999 4045 4022 4084
16930 4 2 2 2 1893 4070 1936 4092
16931 4 2 2 2 1951 1843 4012 4101
16932 4 2 2 2 1926 4021 1890 4053
16933 4 2 2 2 4034 4009 4012 4096
16934 4 2 2 2 4036 4042 4007 4080
16935 4 2 2 2 1859 1985 1934 4065
16936 4 2 2 2 4001 4015 4054 4082
16937 4 2 2 2 1890 4053 4021 4083
16938 4 2 2 2 4037 4078 4082 4015
16939 4 2 2 2 4026 4043 4009 4102
16940 4 2 2 2 2029 1912 1995 4058
16941 4 2 2 2 4019 4002 4025 4076
16942 4 2 2 2 4018 4012 4050 4032
16943 4 2 2 2 2031 4061 4044 4078
16944 4 2 2 2 4003 4052 4030 4063
16945 4 2 2 2 1892 4023 1891 4051
16946 4 2 2 2 2001 4060 4022 4072
16947 4 2 2 2 1896 1898 1993 4020
16948 4 2 2 2 4001 4028 4015 4067
16949 4 2 2 2 4034 4074 4004 4096
16950 4 2 2 2 1965 4043 4102 1966
16951 4 2 2 2 4012 4034 4096 4101
16952 4 2 2 2 4007 4036 4027 4040
16953 4 2 2 2 1893 4070 1994 1936
16954 4 2 2 2 4104 4079 4086 4051
16955 4 2 2 2 1867 4046 4018 4050
16956 4 2 2 2 1830 4049 4034 4109
16957 4 2 2 2 3998 4048 4000 4086
16958 4 2 2 2 1972 4038 1885 4041
16959 4 2 2 2 1873 4072 4026 4102
16960 4 2 2 2 2008 1870 1835 4039
16961 4 2 2 2 1891 4051 4023 4079
16962 4 2 2 2 3998 4035 4037 4048
16963 4 2 2 2 198 1979 4063 4075
16964 4 2 2 2 1930 2056 2019 4061
16965 4 2 2 2 4002 4027 4017 4094
16966 4 2 2 2 1853 1851 4046 4047
16967 4 2 2 2 4006 4037 4035 4048
16968 4 2 2 2 4066 4027 4007 4019
16969 4 2 2 2 4028 4052 4015 4108
16970 4 2 2 2 4000 4051 4024 4104
16971 4 2 2 2 3998 4037 4035 4054
16972 4 2 2 2 1867 4018 1953 4050
16973 4 2 2 2 4103 2039 1942 2005
16974 4 2 2 2 1949 4023 4053 4079
16975 4 2 2 2 1896 1993 1903 4020
16976 4 2 2 2 1834 2024 1832 4030
16977 4 2 2 2 4004 4049 4009 4069
16978 4 2 2 2 1869 2001 1865 4072
16979 4 2 2 2 3998 4032 4045 3999
16980 4 2 2 2 1974 1816 4019 4066
16981 4 2 2 2 1863 4084 1861 4100
16982 4 2 2 2 202 4015 9 4078
16983 4 2 2 2 4002 4044 4025 4073
16984 4 2 2 2 4028 4056 1946 4067
16985 4 2 2 2 4020 4023 4006 4061
16986 4 2 2 2 1943 2008 4030 4039
16987 4 2 2 2 4066 4027 4019 2041
16988 4 2 2 2 4021 4064 1927 4091
16989 4 2 2 2 1853 1852 1851 4047
16990 4 2 2 2 4000 4048 4020 4086
16991 4 2 2 2 2028 4093 4057 2012
16992 4 2 2 2 1867 1851 1849 4018
16993 4 2 2 2 1919 1850 4047 4056
16994 4 2 2 2 4018 4012 4032 4071
16995 4 2 2 2 2056 1997 2019 4061
16996 4 2 2 2 4078 4082 4015 4091
16997 4 2 2 2 4000 4086 4051 4104
16998 4 2 2 2 2002 1863 4022 4055
16999 4 2 2 2 4031 4036 4011 4000
17000 4 2 2 2 1842 4101 4034 4103
17001 4 2 2 2 1956 1920 1916 4073
17002 4 2 2 2 4009 4043 4013 4090
17003 4 2 2 2 4012 4032 4071 4096
17004 4 2 2 2 1919 1990 2061 4065
17005 4 2 2 2 1941 1866 4102 4089
17006 4 2 2 2 4044 1955 1956 1920
17007 4 2 2 2 2011 4024 4070 1887
17008 4 2 2 2 1993 4044 1945 4061
17009 4 2 2 2 1842 4074 4034 4101
17010 4 2 2 2 2008 1835 1833 4030
17011 4 2 2 2 1847 1849 1848 4056
17012 4 2 2 2 4025 4075 4019 4076
17013 4 2 2 2 1953 4018 2032 4071
17014 4 2 2 2 4008 4022 4088 4104
17015 4 2 2 2 4004 4009 4034 4096
17016 4 2 2 2 1960 1924 4038 4081
17017 4 2 2 2 4018 4071 4032 4106
17018 4 2 2 2 4014 4001 4047 4097
17019 4 2 2 2 4071 4096 4032 4106
17020 4 2 2 2 1985 2015 2016 4065
17021 4 2 2 2 2023 4055 2038 4083
17022 4 2 2 2 1863 1862 1861 4084
17023 4 2 2 2 1955 4044 4025 4078
17024 4 2 2 2 4001 4054 4035 4082
17025 4 2 2 2 4037 4042 4003 4054
17026 4 2 2 2 4037 4082 4078 4006
17027 4 2 2 2 1831 1830 1824 4049
17028 4 2 2 2 1987 4053 4023 4064
17029 4 2 2 2 2028 4093 2012 1964
17030 4 2 2 2 2028 4093 1964 4040
17031 4 2 2 2 4104 4079 4051 4088
17032 4 2 2 2 1936 2029 4058 4070
17033 4 2 2 2 1913 1904 4017 4107
17034 4 2 2 2 2049 1978 2034 4059
17035 4 2 2 2 3998 4009 4032 3999
17036 4 2 2 2 4016 4029 4007 4066
17037 4 2 2 2 4034 4109 1971 1830
17038 4 2 2 2 1993 1898 1911 4073
17039 4 2 2 2 4044 1956 1955 4025
17040 4 2 2 2 1895 4020 1896 4092
17041 4 2 2 2 1831 4049 1824 4090
17042 4 2 2 2 1915 4072 4043 4095
17043 4 2 2 2 4005 4026 4022 4072
17044 4 2 2 2 2030 1993 1945 4061
17045 4 2 2 2 1851 1850 1849 4047
17046 4 2 2 2 4022 4026 3999 4100
17047 4 2 2 2 4043 4087 2021 4095
17048 4 2 2 2 4040 4027 1921 4107
17049 4 2 2 2 1941 4102 1866 1962
17050 4 2 2 2 1958 4039 1870 2010
17051 4 2 2 2 2056 4023 1997 4061
17052 4 2 2 2 2011 4024 1887 1883
17053 4 2 2 2 4010 4052 4028 4099
17054 4 2 2 2 1936 4070 4058 4092
17055 4 2 2 2 4004 4029 4016 4062
17056 4 2 2 2 1965 4072 1873 4102
17057 4 2 2 2 1965 4072 1874 1873
17058 4 2 2 2 1936 2060 2029 4070
17059 4 2 2 2 2003 2038 2023 4055
17060 4 2 2 2 4105 191 4090 4013
17061 4 2 2 2 4036 3998 4042 4080
17062 4 2 2 2 2013 4060 1939 4088
17063 4 2 2 2 1949 4023 4079 1910
17064 4 2 2 2 1939 1882 4024 4060
17065 4 2 2 2 1890 1927 1985 4021
17066 4 2 2 2 3998 4042 4037 4054
17067 4 2 2 2 4014 4008 4055 4083
17068 4 2 2 2 4032 4097 4050 4018
17069 4 2 2 2 1989 4047 1856 4065
17070 4 2 2 2 2008 1833 1943 4030
17071 4 2 2 2 1939 4060 4024 4088
17072 4 2 2 2 4019 4027 4002 4076
17073 4 2 2 2 1921 4027 1914 1905
17074 4 2 2 2 2028 4093 4040 4057
17075 4 2 2 2 2001 1877 4022 4060
17076 4 2 2 2 1826 4029 1984 1811
17077 4 2 2 2 1890 1985 1859 4021
17078 4 2 2 2 4011 4040 4036 4098
17079 4 2 2 2 2043 2007 4090 4102
17080 4 2 2 2 4013 2052 4057 4105
17081 4 2 2 2 2020 4025 1817 4068
17082 4 2 2 2 2045 1870 1958 4071
17083 4 2 2 2 1890 4021 1859 4083
17084 4 2 2 2 1949 4023 1910 1987
17085 4 2 2 2 4013 4057 2052 4077
17086 4 2 2 2 4059 4097 4046 4050
17087 4 2 2 2 1883 1882 1881 4024
17088 4 2 2 2 4033 2039 1978 1942
17089 4 2 2 2 1942 2034 1978 4033
17090 4 2 2 2 4026 4072 4043 4102
17091 4 2 2 2 4003 4030 4016 4063
17092 4 2 2 2 2032 1953 1867 4018
17093 4 2 2 2 1856 1857 1859 4083
17094 4 2 2 2 1919 1848 1850 4056
17095 4 2 2 2 4092 1895 1936 1893
17096 4 2 2 2 1887 4051 4024 4070
17097 4 2 2 2 1926 1890 1925 4053
17098 4 2 2 2 4050 4097 4032 3999
17099 4 2 2 2 1891 4023 1910 4079
17100 4 2 2 2 4067 4082 4065 4091
17101 4 2 2 2 2042 2021 4087 4095
17102 4 2 2 2 4025 4037 4002 4080
17103 4 2 2 2 4005 4000 4024 4104
17104 4 2 2 2 1910 1891 1892 4023
17105 4 2 2 2 1834 4052 4030 4099
17106 4 2 2 2 3998 4045 4031 3999
17107 4 2 2 2 1881 1882 1879 4095
17108 4 2 2 2 1873 4072 1868 4026
17109 4 2 2 2 2042 4087 4041 4095
17110 4 2 2 2 1899 4094 4073 4017
17111 4 2 2 2 1893 4070 4092 4051
17112 4 2 2 2 1932 4061 1947 4064
17113 4 2 2 2 4015 4001 4067 4082
17114 4 2 2 2 2012 4057 1981 4093
17115 4 2 2 2 1988 4084 4059 4100
17116 4 2 2 2 1890 1925 4053 4083
17117 4 2 2 2 1977 4046 1867 4050
17118 4 2 2 2 4104 4079 4088 4008
17119 4 2 2 2 4060 4088 4022 4104
17120 4 2 2 2 1847 1845 4071 4085
17121 4 2 2 2 1810 200 199 4075
17122 4 2 2 2 4025 4003 4019 4075
17123 4 2 2 2 1930 1987 2056 4064
17124 4 2 2 2 1882 1886 1939 4024
17125 4 2 2 2 1893 4070 4051 1994
17126 4 2 2 2 1985 4021 1927 4091
17127 4 2 2 2 1810 4068 200 4075
17128 4 2 2 2 1916 4073 2026 4076
17129 4 2 2 2 1886 1939 4024 4088
17130 4 2 2 2 2013 2038 2002 4055
17131 4 2 2 2 197 1816 196 4066
17132 4 2 2 2 198 1819 1979 4075
17133 4 2 2 2 4041 4043 4005 4095
17134 4 2 2 2 1885 1972 1959 4038
17135 4 2 2 2 1914 4094 1905 4027
17136 4 2 2 2 4001 4065 4056 4067
17137 4 2 2 2 1913 4017 4081 4107
17138 4 2 2 2 1862 4055 1855 4084
17139 4 2 2 2 1877 2002 1863 4022
17140 4 2 2 2 194 1981 1815 4057
17141 4 2 2 2 1870 1841 1835 4099
17142 4 2 2 2 1951 4012 4071 4101
17143 4 2 2 2 4036 4069 4031 4098
17144 4 2 2 2 4051 4088 4024 4104
17145 4 2 2 2 1823 4105 4049 4109
17146 4 2 2 2 1878 4072 1915 4095
17147 4 2 2 2 1900 4017 1897 4058
17148 4 2 2 2 1893 1889 1994 4051
17149 4 2 2 2 1860 1855 4046 4084
17150 4 2 2 2 4105 4090 191 1983
17151 4 2 2 2 4017 4040 4011 4081
17152 4 2 2 2 4006 4048 4035 4086
17153 4 2 2 2 4056 4085 4018 4106
17154 4 2 2 2 1872 4067 4065 4091
17155 4 2 2 2 4031 3998 4009 4069
17156 4 2 2 2 1971 4034 1842 4074
17157 4 2 2 2 1947 4064 4061 4078
17158 4 2 2 2 1816 1979 1974 4019
17159 4 2 2 2 1914 4094 4027 1918
17160 4 2 2 2 4027 4094 1905 4107
17161 4 2 2 2 4039 4071 1870 4010
17162 4 2 2 2 4005 4031 4045 3999
17163 4 2 2 2 1865 2001 1877 4022
17164 4 2 2 2 4061 4064 4006 4078
17165 4 2 2 2 1931 2023 2038 4083
17166 4 2 2 2 2012 1815 1981 4057
17167 4 2 2 2 4023 4051 1892 4092
17168 4 2 2 2 4023 4061 4020 4092
17169 4 2 2 2 1974 1980 1816 4066
17170 4 2 2 2 4037 4054 4015 4082
17171 4 2 2 2 4002 4048 4036 4080
17172 4 2 2 2 2006 4085 4028 4099
17173 4 2 2 2 4005 4045 4031 4000
17174 4 2 2 2 1868 4072 1873 1869
17175 4 2 2 2 4052 4068 4015 4108
17176 4 2 2 2 4003 4037 4025 4080
17177 4 2 2 2 1914 4094 1918 1907
17178 4 2 2 2 1949 4023 1987 4053
17179 4 2 2 2 3998 4031 4045 4000
17180 4 2 2 2 4051 4086 4000 4092
17181 4 2 2 2 4024 4005 4060 4095
17182 4 2 2 2 4042 4009 3998 4069
17183 4 2 2 2 4003 4042 4037 4080
17184 4 2 2 2 193 4029 4057 4105
17185 4 2 2 2 1965 4072 1915 1874
17186 4 2 2 2 2007 4102 1866 4089
17187 4 2 2 2 4065 4082 4021 4091
17188 4 2 2 2 4018 4050 4046 4097
17189 4 2 2 2 202 4108 1809 4015
17190 4 2 2 2 4000 4020 4058 4092
17191 4 2 2 2 1961 1885 4038 4070
17192 4 2 2 2 3998 4048 4036 4000
17193 4 2 2 2 4028 4052 2006 4099
17194 4 2 2 2 1958 4039 2010 4101
17195 4 2 2 2 1823 1822 4105 4109
17196 4 2 2 2 4037 4042 3998 4080
17197 4 2 2 2 4002 4073 4025 4076
17198 4 2 2 2 199 4063 1982 1810
17199 4 2 2 2 4035 4037 4006 4082
17200 4 2 2 2 1950 2025 1957 4076
17201 4 2 2 2 1960 1972 1970 4087
17202 4 2 2 2 4011 4036 4031 4098
17203 4 2 2 2 4024 4041 4005 4095
17204 4 2 2 2 1977 1978 2053 4059
17205 4 2 2 2 1914 4094 1907 1905
17206 4 2 2 2 4057 4069 4013 4105
17207 4 2 2 2 1988 4084 4100 1861
17208 4 2 2 2 1894 1903 1997 4092
17209 4 2 2 2 1960 1924 1959 4038
17210 4 2 2 2 3998 4036 4031 4000
17211 4 2 2 2 2015 1872 4065 4091
17212 4 2 2 2 199 4063 198 1982
17213 4 2 2 2 1986 1919 2061 4056
17214 4 2 2 2 1919 4047 1989 4065
17215 4 2 2 2 1977 4046 4050 4059
17216 4 2 2 2 4039 4071 4010 4096
17217 4 2 2 2 4068 4108 202 4015
17218 4 2 2 2 1916 1950 1956 4076
17219 4 2 2 2 1914 2041 4027 4093
17220 4 2 2 2 4049 4089 4034 4009
17221 4 2 2 2 1974 1979 2057 4019
17222 4 2 2 2 1843 4101 1842 4103
17223 4 2 2 2 1822 4029 4105 4109
17224 4 2 2 2 2052 2054 4057 4105
17225 4 2 2 2 4000 4058 4038 4070
17226 4 2 2 2 2006 1844 4085 4099
17227 4 2 2 2 2056 1987 1910 4023
17228 4 2 2 2 1829 2009 4062 4074
17229 4 2 2 2 4011 4013 4077 4098
17230 4 2 2 2 1888 4051 4079 4088
17231 4 2 2 2 2023 2004 4055 4083
17232 4 2 2 2 1943 2051 2009 4062
17233 4 2 2 2 2034 1871 2049 4059
17234 4 2 2 2 4029 4069 4057 4105
17235 4 2 2 2 4018 4085 4071 4106
17236 4 2 2 2 4007 4036 4040 4098
17237 4 2 2 2 3998 4031 4009 3999
17238 4 2 2 2 1838 4034 1831 4089
17239 4 2 2 2 1899 4020 4073 1898
17240 4 2 2 2 4001 4035 4021 4082
17241 4 2 2 2 1921 4027 1905 4107
17242 4 2 2 2 4089 4026 4033 4009
17243 4 2 2 2 4092 1936 1895 4058
17244 4 2 2 2 1900 1897 1995 4058
17245 4 2 2 2 191 1983 192 4105
17246 4 2 2 2 1946 4028 2014 4056
17247 4 2 2 2 1961 2029 2060 4070
17248 4 2 2 2 4039 4062 2009 4074
17249 4 2 2 2 1943 2009 4039 4062
17250 4 2 2 2 1973 2061 4065 4067
17251 4 2 2 2 1895 4020 4092 4058
17252 4 2 2 2 1864 1863 1861 4100
17253 4 2 2 2 1993 1911 1945 4044
17254 4 2 2 2 2031 1947 4061 4078
17255 4 2 2 2 4104 4079 4008 4086
17256 4 2 2 2 2026 4073 1991 4094
17257 4 2 2 2 202 4108 4068 2063
17258 4 2 2 2 4093 1921 1914 1922
17259 4 2 2 2 1879 4060 2000 1875
17260 4 2 2 2 1981 4066 2047 4093
17261 4 2 2 2 2007 2043 1963 4102
17262 4 2 2 2 4051 4088 1886 4024
17263 4 2 2 2 1988 4084 1861 1860
17264 4 2 2 2 4049 4089 4009 4090
17265 4 2 2 2 1842 1971 1837 4034
17266 4 2 2 2 2001 2037 1877 4060
17267 4 2 2 2 1890 1884 1925 4083
17268 4 2 2 2 4046 4059 1860 4084
17269 4 2 2 2 1826 4029 1811 1825
17270 4 2 2 2 1867 2055 1851 4046
17271 4 2 2 2 4047 4056 4001 4065
17272 4 2 2 2 2047 1981 2018 4066
17273 4 2 2 2 2053 1860 1977 4059
17274 4 2 2 2 2061 1990 1973 4065
17275 4 2 2 2 4009 4090 4089 4102
17276 4 2 2 2 4001 4056 4047 4106
17277 4 2 2 2 4006 4044 4020 4061
17278 4 2 2 2 1960 1970 2035 4087
17279 4 2 2 2 4089 1839 4034 4103
17280 4 2 2 2 4009 4026 4033 3999
17281 4 2 2 2 4047 4097 4001 4106
17282 4 2 2 2 4002 4037 4048 4080
17283 4 2 2 2 1837 1831 1838 4034
17284 4 2 2 2 4021 4035 4006 4082
17285 4 2 2 2 1883 1887 1886 4024
17286 4 2 2 2 1862 2004 1855 4055
17287 4 2 2 2 4089 4026 4009 4102
17288 4 2 2 2 1976 1867 1953 4050
17289 4 2 2 2 2011 4024 1883 1885
17290 4 2 2 2 1865 4022 1863 4100
17291 4 2 2 2 1986 1946 2014 4056
17292 4 2 2 2 193 4029 4105 1822
17293 4 2 2 2 4029 1825 4062 4109
17294 4 2 2 2 4041 4087 4043 4095
17295 4 2 2 2 1950 1916 2026 4076
17296 4 2 2 2 4008 4045 4022 4104
17297 4 2 2 2 2032 1867 1849 4018
17298 4 2 2 2 4010 4039 4030 4099
17299 4 2 2 2 2018 1981 195 4066
17300 4 2 2 2 2041 1918 1914 4027
17301 4 2 2 2 1929 4028 1946 4067
17302 4 2 2 2 4011 4038 4017 4081
17303 4 2 2 2 2063 1813 202 4108
17304 4 2 2 2 1915 4043 2021 4095
17305 4 2 2 2 2026 4076 4073 4094
17306 4 2 2 2 1837 1830 1831 4034
17307 4 2 2 2 4051 1893 1892 4092
17308 4 2 2 2 1906 1898 1899 4073
17309 4 2 2 2 4051 1886 4088 1888
17310 4 2 2 2 2031 1947 1932 4061
17311 4 2 2 2 4010 4096 4071 4106
17312 4 2 2 2 1910 1949 2058 4079
17313 4 2 2 2 1879 4060 1875 4095
17314 4 2 2 2 1839 4034 4103 1842
17315 4 2 2 2 1976 1953 1952 4050
17316 4 2 2 2 1971 1830 1837 4034
17317 4 2 2 2 1944 4019 2057 4076
17318 4 2 2 2 4043 4072 4005 4095
17319 4 2 2 2 1826 2017 1984 4062
17320 4 2 2 2 1901 1905 4094 4107
17321 4 2 2 2 4019 4003 4063 4075
17322 4 2 2 2 4089 1839 4103 1858
17323 4 2 2 2 1829 2036 2009 4074
17324 4 2 2 2 1993 2030 1903 4061
17325 4 2 2 2 4023 4086 4051 4092
17326 4 2 2 2 1944 4019 1974 2057
17327 4 2 2 2 4020 4002 4017 4073
17328 4 2 2 2 1948 2006 4052 4099
17329 4 2 2 2 4047 4056 4018 4106
17330 4 2 2 2 4049 4105 4029 4109
17331 4 2 2 2 4022 4045 4005 4104
17332 4 2 2 2 1977 2055 1867 4046
17333 4 2 2 2 2007 1831 2033 4090
17334 4 2 2 2 4007 4057 4029 4069
17335 4 2 2 2 1828 1943 1833 4030
17336 4 2 2 2 1862 1855 1861 4084
17337 4 2 2 2 4018 4097 4047 4106
17338 4 2 2 2 4030 1835 1834 4099
17339 4 2 2 2 4027 4040 4017 4107
17340 4 2 2 2 2046 1996 4077 4081
17341 4 2 2 2 2026 1906 1991 4073
17342 4 2 2 2 2025 1944 2057 4076
17343 4 2 2 2 1831 1824 2033 4090
17344 4 2 2 2 4028 2044 2006 4052
17345 4 2 2 2 1921 4040 1964 4093
17346 4 2 2 2 1994 4051 1887 4070
17347 4 2 2 2 4030 1834 1835 1833
17348 4 2 2 2 2003 2023 2004 4055
17349 4 2 2 2 1826 4029 1825 4062
17350 4 2 2 2 1994 1889 1887 4051
17351 4 2 2 2 4034 4004 4074 4109
17352 4 2 2 2 1839 4034 1842 1837
17353 4 2 2 2 1895 1896 1894 4092
17354 4 2 2 2 4007 4069 4036 4098
17355 4 2 2 2 1824 4105 1983 4049
17356 4 2 2 2 1914 1922 2041 4093
17357 4 2 2 2 2039 1976 1952 4050
17358 4 2 2 2 1806 197 1827 4063
17359 4 2 2 2 1961 4038 2029 4070
17360 4 2 2 2 1945 4044 2031 4061
17361 4 2 2 2 1853 1860 1855 4046
17362 4 2 2 2 1847 4056 1846 4085
17363 4 2 2 2 4035 4045 4008 4086
17364 4 2 2 2 4026 4059 3999 4100
17365 4 2 2 2 4079 4053 4086 4023
17366 4 2 2 2 2015 1872 2016 4065
17367 4 2 2 2 1975 4026 1868 4100
17368 4 2 2 2 4012 4009 4032 4096
17369 4 2 2 2 1977 4050 1978 4059
17370 4 2 2 2 2030 1945 2031 4061
17371 4 2 2 2 194 1811 195 4029
17372 4 2 2 2 4012 4050 4033 4103
17373 4 2 2 2 2046 4077 4040 4081
17374 4 2 2 2 3999 4084 4022 4100
17375 4 2 2 2 4017 4094 4027 4107
17376 4 2 2 2 1860 4046 1977 4059
17377 4 2 2 2 1875 4060 4072 4095
17378 4 2 2 2 4064 4078 1947 4091
17379 4 2 2 2 4027 4002 4076 4094
17380 4 2 2 2 1883 1886 1882 4024
17381 4 2 2 2 1947 1928 4064 4091
17382 4 2 2 2 4033 4050 3999 4059
17383 4 2 2 2 2019 1997 1903 4061
17384 4 2 2 2 1983 4090 4049 4105
17385 4 2 2 2 1952 1843 2005 4103
17386 4 2 2 2 4079 4086 4053 4008
17387 4 2 2 2 1847 1917 2032 4071
17388 4 2 2 2 4006 4064 4021 4091
17389 4 2 2 2 1926 4053 1987 4064
17390 4 2 2 2 1832 1828 1833 4030
17391 4 2 2 2 1934 1989 1856 4065
17392 4 2 2 2 4081 2027 1992 4107
17393 4 2 2 2 1829 4074 4062 4109
17394 4 2 2 2 1852 1856 1989 4047
17395 4 2 2 2 4040 1921 4027 4093
17396 4 2 2 2 4004 4074 4039 4096
17397 4 2 2 2 4026 4059 4033 3999
17398 4 2 2 2 1877 1863 1865 4022
17399 4 2 2 2 2031 4044 1954 4078
17400 4 2 2 2 4032 4054 4001 4106
17401 4 2 2 2 1860 1861 1855 4084
17402 4 2 2 2 4059 4097 4050 3999
17403 4 2 2 2 1925 1931 4053 4083
17404 4 2 2 2 4049 4069 4029 4105
17405 4 2 2 2 1925 1884 1931 4083
17406 4 2 2 2 1929 1946 1836 4067
17407 4 2 2 2 1847 1845 1917 4071
17408 4 2 2 2 1861 1988 1864 4100
17409 4 2 2 2 4039 4096 4074 4101
17410 4 2 2 2 1966 4090 4043 4102
17411 4 2 2 2 4013 4069 4049 4105
17412 4 2 2 2 193 4029 1822 194
17413 4 2 2 2 1988 4084 1860 4059
17414 4 2 2 2 4028 4067 1929 4108
17415 4 2 2 2 4042 4009 4004 4096
17416 4 2 2 2 1839 4034 1837 1838
17417 4 2 2 2 4005 4022 4060 4072
17418 4 2 2 2 4025 2040 4075 1957
17419 4 2 2 2 4034 4049 4004 4109
17420 4 2 2 2 1983 1824 4049 4090
17421 4 2 2 2 10 4043 1966 4090
17422 4 2 2 2 1915 2021 1878 4095
17423 4 2 2 2 1858 1941 4033 4089
17424 4 2 2 2 4058 4070 4000 4092
17425 4 2 2 2 1824 4105 4049 1823
17426 4 2 2 2 1913 4081 1992 4107
17427 4 2 2 2 2042 1880 2021 4095
17428 4 2 2 2 4006 4021 4082 4091
17429 4 2 2 2 1818 2020 202 4078
17430 4 2 2 2 2014 4056 4028 4085
17431 4 2 2 2 1920 4044 1911 4073
17432 4 2 2 2 2052 2054 1821 4057
17433 4 2 2 2 1888 4079 1908 4088
17434 4 2 2 2 1942 1858 4033 4103
17435 4 2 2 2 4021 4065 4001 4082
17436 4 2 2 2 1878 1874 1915 4072
17437 4 2 2 2 2020 1817 201 4068
17438 4 2 2 2 1830 1823 4049 4109
17439 4 2 2 2 1975 1962 1873 4026
17440 4 2 2 2 4022 4072 4026 4100
17441 4 2 2 2 1899 4020 1898 1897
17442 4 2 2 2 2027 4081 4040 4107
17443 4 2 2 2 1932 1930 4061 4064
17444 4 2 2 2 4087 4081 4077 1996
17445 4 2 2 2 1913 1924 4038 1923
17446 4 2 2 2 1989 1919 1850 4047
17447 4 2 2 2 4001 4054 4028 4106
17448 4 2 2 2 2042 1972 4041 4087
17449 4 2 2 2 4081 1992 2027 1940
17450 4 2 2 2 4025 2040 1957 1817
17451 4 2 2 2 4028 2044 4052 4108
17452 4 2 2 2 1832 1982 1806 4063
17453 4 2 2 2 4045 4086 4000 4104
17454 4 2 2 2 191 2052 1814 4013
17455 4 2 2 2 1961 2011 1885 4070
17456 4 2 2 2 4034 4101 4012 4103
17457 4 2 2 2 4022 4005 4060 4104
17458 4 2 2 2 1954 4044 1955 4078
17459 4 2 2 2 1901 1904 1905 4107
17460 4 2 2 2 9 202 1809 4015
17461 4 2 2 2 1948 4052 1834 4099
17462 4 2 2 2 2007 1866 4102 1963
17463 4 2 2 2 4025 2040 1817 4068
17464 4 2 2 2 197 198 1979 4063
17465 4 2 2 2 4001 4056 4028 4067
17466 4 2 2 2 4028 4054 4010 4106
17467 4 2 2 2 1809 4067 1872 4091
17468 4 2 2 2 193 4029 194 4057
17469 4 2 2 2 4044 4061 4006 4078
17470 4 2 2 2 1948 2024 1834 4052
17471 4 2 2 2 1875 4060 2001 4072
17472 4 2 2 2 2006 1840 1844 4099
17473 4 2 2 2 4013 4069 4057 4098
17474 4 2 2 2 4007 4057 4069 4098
17475 4 2 2 2 4023 4006 4061 4064
17476 4 2 2 2 1975 1873 1868 4026
17477 4 2 2 2 4029 4049 4004 4069
17478 4 2 2 2 2042 2021 1969 4087
17479 4 2 2 2 4007 4057 4040 4093
17480 4 2 2 2 1925 1987 1926 4053
17481 4 2 2 2 1918 4076 1935 4094
17482 4 2 2 2 2040 200 4068 4075
17483 4 2 2 2 1932 1947 1928 4064
17484 4 2 2 2 1942 2005 1858 4103
17485 4 2 2 2 1873 4026 1962 4102
17486 4 2 2 2 4024 4051 4000 4070
17487 4 2 2 2 4007 4040 4027 4093
17488 4 2 2 2 2043 4090 1966 4102
17489 4 2 2 2 2020 1955 1817 4025
17490 4 2 2 2 4025 2040 4068 4075
17491 4 2 2 2 4006 4078 4064 4091
17492 4 2 2 2 4079 1949 1931 4053
17493 4 2 2 2 2052 4057 1821 4077
17494 4 2 2 2 1836 1929 4067 4108
17495 4 2 2 2 2010 4074 4101 4039
17496 4 2 2 2 1875 2000 2001 4060
17497 4 2 2 2 1832 1833 1834 4030
17498 4 2 2 2 4040 4077 4011 4081
17499 4 2 2 2 4051 4000 4070 4092
17500 4 2 2 2 2045 4071 1845 4085
17501 4 2 2 2 4014 4046 4084 4097
17502 4 2 2 2 1990 1919 1989 4065
17503 4 2 2 2 4003 4025 4068 4075
17504 4 2 2 2 1880 2062 1881 4095
17505 4 2 2 2 4004 4009 4042 4069
17506 4 2 2 2 1977 1867 1976 4050
17507 4 2 2 2 1908 4079 1999 4088
17508 4 2 2 2 1913 1992 1904 4107
17509 4 2 2 2 2062 4041 1881 4095
17510 4 2 2 2 1825 4029 1822 4109
17511 4 2 2 2 193 194 1815 4057
17512 4 2 2 2 1888 4051 1891 4079
17513 4 2 2 2 1889 1892 1891 4051
17514 4 2 2 2 1997 4023 1892 4092
17515 4 2 2 2 2019 1932 1930 4061
17516 4 2 2 2 1846 4056 2014 4085
17517 4 2 2 2 1824 4105 1823 1808
17518 4 2 2 2 1807 191 1814 4013
17519 4 2 2 2 1979 4075 2057 4019
17520 4 2 2 2 2058 1891 1910 4079
17521 4 2 2 2 1844 1841 4085 4099
17522 4 2 2 2 1943 2017 2051 4062
17523 4 2 2 2 2052 192 2054 4105
17524 4 2 2 2 2057 4075 1979 1819
17525 4 2 2 2 1973 1946 2061 4067
17526 4 2 2 2 1997 1910 1892 4023
17527 4 2 2 2 1899 4094 4017 1901
17528 4 2 2 2 1890 1859 1884 4083
17529 4 2 2 2 2056 1910 1997 4023
17530 4 2 2 2 1829 2036 4074 4109
17531 4 2 2 2 1809 4067 4015 4108
17532 4 2 2 2 4085 1847 4018 4071
17533 4 2 2 2 2062 1885 1881 4041
17534 4 2 2 2 4004 4062 4039 4074
17535 4 2 2 2 2048 1810 2024 4052
17536 4 2 2 2 4001 4097 4032 4106
17537 4 2 2 2 2023 1857 2004 4083
17538 4 2 2 2 1829 2009 2051 4062
17539 4 2 2 2 2034 1942 1941 4033
17540 4 2 2 2 2010 4074 4039 2009
17541 4 2 2 2 1808 1823 1822 4105
17542 4 2 2 2 2029 1995 1936 4058
17543 4 2 2 2 1888 1908 1998 4088
17544 4 2 2 2 1815 2012 2028 4057
17545 4 2 2 2 2007 1838 1831 4089
17546 4 2 2 2 1824 1830 1823 4049
17547 4 2 2 2 4023 4079 4051 4086
17548 4 2 2 2 4043 4090 4009 4102
17549 4 2 2 2 1961 1885 1959 4038
17550 4 2 2 2 4052 1820 4108 2044
17551 4 2 2 2 1971 4109 4074 2036
17552 4 2 2 2 1853 1851 2055 4046
17553 4 2 2 2 1864 1865 1863 4100
17554 4 2 2 2 1844 1840 1841 4099
17555 4 2 2 2 2013 1939 4060 2037
17556 4 2 2 2 4045 4008 4086 4104
17557 4 2 2 2 1985 1927 2015 4091
17558 4 2 2 2 4010 4028 4085 4099
17559 4 2 2 2 1807 4013 1814 4077
17560 4 2 2 2 1901 1899 1900 4017
17561 4 2 2 2 4051 1892 1893 1889
17562 4 2 2 2 4028 4010 4085 4106
17563 4 2 2 2 1969 2021 1968 4087
17564 4 2 2 2 4001 4028 4056 4106
17565 4 2 2 2 1942 1858 1941 4033
17566 4 2 2 2 2040 200 1817 4068
17567 4 2 2 2 1929 2014 1946 4028
17568 4 2 2 2 1948 2006 2044 4052
17569 4 2 2 2 4012 4096 4071 4101
17570 4 2 2 2 2021 4043 1968 4087
17571 4 2 2 2 1842 1938 4074 4101
17572 4 2 2 2 1901 1905 1907 4094
17573 4 2 2 2 1811 1822 1825 4029
17574 4 2 2 2 1948 1840 2006 4099
17575 4 2 2 2 1945 1911 1920 4044
17576 4 2 2 2 1814 4013 2052 4077
17577 4 2 2 2 1847 1848 1846 4056
17578 4 2 2 2 1923 2029 1961 4038
17579 4 2 2 2 1943 2009 2008 4039
17580 4 2 2 2 4059 4097 3999 4084
17581 4 2 2 2 1888 1887 1889 4051
17582 4 2 2 2 2020 1818 1955 4078
17583 4 2 2 2 202 1809 4108 1813
17584 4 2 2 2 1858 1866 1941 4089
17585 4 2 2 2 2010 4074 2009 1938
17586 4 2 2 2 1927 4064 1928 4091
17587 4 2 2 2 4004 4049 4029 4109
17588 4 2 2 2 2046 2027 1940 4081
17589 4 2 2 2 1920 1911 1916 4073
17590 4 2 2 2 1852 1850 1851 4047
17591 4 2 2 2 1843 1933 1842 4101
17592 4 2 2 2 3999 4059 4084 4100
17593 4 2 2 2 1998 1908 1999 4088
17594 4 2 2 2 2002 1862 1863 4055
17595 4 2 2 2 1810 2059 200 4068
17596 4 2 2 2 1888 1998 1886 4088
17597 4 2 2 2 1972 1885 2062 4041
17598 4 2 2 2 4085 4018 1847 4056
17599 4 2 2 2 4065 4067 4001 4082
17600 4 2 2 2 1899 4073 1991 1906
17601 4 2 2 2 4005 4024 4060 4104
17602 4 2 2 2 1957 2025 1819 4075
17603 4 2 2 2 4040 4057 4007 4098
17604 4 2 2 2 1847 1846 1845 4085
17605 4 2 2 2 2042 1970 1972 4087
17606 4 2 2 2 1935 4076 2026 4094
17607 4 2 2 2 1959 1924 1923 4038
17608 4 2 2 2 1899 1897 1900 4017
17609 4 2 2 2 4004 4029 4062 4109
17610 4 2 2 2 1936 1994 2060 4070
17611 4 2 2 2 196 2018 195 4066
17612 4 2 2 2 1858 4089 4033 4103
17613 4 2 2 2 1986 2014 1846 4056
17614 4 2 2 2 1939 2000 1882 4060
17615 4 2 2 2 1947 1937 1928 4091
17616 4 2 2 2 1965 4043 1966 1915
17617 4 2 2 2 2046 4040 2027 4081
17618 4 2 2 2 1978 1976 2039 4050
17619 4 2 2 2 1953 2032 1917 4071
17620 4 2 2 2 1975 1868 1871 4100
17621 4 2 2 2 1921 1964 1922 4093
17622 4 2 2 2 1921 2027 4040 4107
17623 4 2 2 2 202 9 1818 4078
17624 4 2 2 2 1876 1807 4077 4087
17625 4 2 2 2 2038 2003 2002 4055
17626 4 2 2 2 1985 2016 1934 4065
17627 4 2 2 2 1836 1813 1929 4108
17628 4 2 2 2 2008 2010 1870 4039
17629 4 2 2 2 1909 4057 1821 2028
17630 4 2 2 2 1980 2047 4066 4093
17631 4 2 2 2 1824 4105 1808 1983
17632 4 2 2 2 1986 1848 1919 4056
17633 4 2 2 2 1980 2047 2018 4066
17634 4 2 2 2 1871 1988 4059 4100
17635 4 2 2 2 1822 1811 194 4029
17636 4 2 2 2 2042 1972 2062 4041
17637 4 2 2 2 1913 1940 1992 4081
17638 4 2 2 2 2010 4074 1938 4101
17639 4 2 2 2 1932 1928 1930 4064
17640 4 2 2 2 4010 4071 4085 4106
17641 4 2 2 2 2063 4068 1820 4108
17642 4 2 2 2 1978 1977 1976 4050
17643 4 2 2 2 2053 1978 2049 4059
17644 4 2 2 2 1820 2063 201 4068
17645 4 2 2 2 2043 1966 1963 4102
17646 4 2 2 2 2003 2004 1862 4055
17647 4 2 2 2 4031 4069 4013 4098
17648 4 2 2 2 1926 1987 1930 4064
17649 4 2 2 2 4028 4085 4056 4106
17650 4 2 2 2 1935 2026 1991 4094
17651 4 2 2 2 4073 4076 4002 4094
17652 4 2 2 2 1968 4043 1807 4087
17653 4 2 2 2 1926 1928 1927 4064
17654 4 2 2 2 1888 1891 1908 4079
17655 4 2 2 2 1826 1825 1829 4062
17656 4 2 2 2 2055 1977 1860 4046
17657 4 2 2 2 1888 1889 1891 4051
17658 4 2 2 2 4049 4090 4013 4105
17659 4 2 2 2 4014 4047 4046 4097
17660 4 2 2 2 4046 4047 4018 4097
17661 4 2 2 2 4040 4081 4017 4107
17662 4 2 2 2 4017 4073 4002 4094
17663 4 2 2 2 2040 199 200 4075
17664 4 2 2 2 1907 1918 1935 4094
17665 4 2 2 2 2035 1876 4077 4087
17666 4 2 2 2 4089 1839 1858 1838
17667 4 2 2 2 1951 1933 1843 4101
17668 4 2 2 2 1812 191 10 4090
17669 4 2 2 2 1825 1829 4062 4109
17670 4 2 2 2 1973 1990 2016 4065
17671 4 2 2 2 1875 4072 1878 4095
17672 4 2 2 2 4089 1839 1838 4034
17673 4 2 2 2 1839 1843 1842 4103
17674 4 2 2 2 1951 4071 1958 4101
17675 4 2 2 2 1965 4043 1915 4072
17676 4 2 2 2 1971 1842 1938 4074
17677 4 2 2 2 1929 2006 2014 4028
17678 4 2 2 2 1988 2049 1871 4059
17679 4 2 2 2 4038 4087 4081 4011
17680 4 2 2 2 1872 1973 4065 4067
17681 4 2 2 2 1938 2009 2036 4074
17682 4 2 2 2 1957 1817 1956 4025
17683 4 2 2 2 1989 1850 1852 4047
17684 4 2 2 2 4015 4067 4028 4108
17685 4 2 2 2 1906 1911 1898 4073
17686 4 2 2 2 2031 1945 1954 4044
17687 4 2 2 2 2031 1932 2030 4061
17688 4 2 2 2 1949 1925 1931 4053
17689 4 2 2 2 1924 1960 1996 4081
17690 4 2 2 2 1995 1897 1895 4058
17691 4 2 2 2 1954 1920 1955 4044
17692 4 2 2 2 1944 1935 1918 4076
17693 4 2 2 2 4059 4097 4084 4046
17694 4 2 2 2 1908 2022 1999 4079
17695 4 2 2 2 198 199 1819 4075
17696 4 2 2 2 4081 4087 4038 1960
17697 4 2 2 2 10 1966 1812 4090
17698 4 2 2 2 1917 1845 2045 4071
17699 4 2 2 2 1983 2033 1824 4090
17700 4 2 2 2 1841 2045 1845 4085
17701 4 2 2 2 2031 1954 1947 4078
17702 4 2 2 2 1921 2027 1964 4040
17703 4 2 2 2 4006 4082 4078 4091
17704 4 2 2 2 1971 4109 2036 1967
17705 4 2 2 2 1971 4109 1967 1830
17706 4 2 2 2 4062 4074 4004 4109
17707 4 2 2 2 1988 1860 2053 4059
17708 4 2 2 2 196 1816 2018 4066
17709 4 2 2 2 4005 4072 4060 4095
17710 4 2 2 2 1825 1822 1823 4109
17711 4 2 2 2 1829 1967 2036 4109
17712 4 2 2 2 1853 2055 1860 4046
17713 4 2 2 2 1937 1927 1928 4091
17714 4 2 2 2 2044 2048 1948 4052
17715 4 2 2 2 1968 2021 1915 4043
17716 4 2 2 2 2012 1981 2047 4093
17717 4 2 2 2 1948 1834 1840 4099
17718 4 2 2 2 1956 1817 1955 4025
17719 4 2 2 2 1818 1954 1955 4078
17720 4 2 2 2 4011 4077 4040 4098
17721 4 2 2 2 1871 1864 1988 4100
17722 4 2 2 2 2022 2058 1949 4079
17723 4 2 2 2 2016 1872 1973 4065
17724 4 2 2 2 1954 1945 1920 4044
17725 4 2 2 2 1987 1925 1949 4053
17726 4 2 2 2 1881 1879 1880 4095
17727 4 2 2 2 2000 2037 2001 4060
17728 4 2 2 2 4040 4077 4057 4098
17729 4 2 2 2 2048 2024 1948 4052
17730 4 2 2 2 2018 1816 1980 4066
17731 4 2 2 2 10 1807 1968 4043
17732 4 2 2 2 2019 1903 2030 4061
17733 4 2 2 2 1965 1873 1962 4102
17734 4 2 2 2 1830 1967 1823 4109
17735 4 2 2 2 1826 2051 2017 4062
17736 4 2 2 2 1859 1857 1884 4083
17737 4 2 2 2 4005 4045 4000 4104
17738 4 2 2 2 1846 2014 1844 4085
17739 4 2 2 2 1812 1966 2043 4090
17740 4 2 2 2 1875 2001 1869 4072
17741 4 2 2 2 197 1806 198 4063
17742 4 2 2 2 1902 1996 2035 4077
17743 4 2 2 2 1995 1895 1936 4058
17744 4 2 2 2 1873 1874 1869 4072
17745 4 2 2 2 1815 2054 193 4057
17746 4 2 2 2 4052 1820 2044 2048
17747 4 2 2 2 1964 1909 2028 4040
17748 4 2 2 2 4057 4077 4013 4098
17749 4 2 2 2 1809 1872 2050 4091
17750 4 2 2 2 1878 1875 1874 4072
17751 4 2 2 2 2008 2009 2010 4039
17752 4 2 2 2 193 4057 2054 4105
17753 4 2 2 2 2043 2007 2033 4090
17754 4 2 2 2 2026 1916 1906 4073
17755 4 2 2 2 1917 1951 1953 4071
17756 4 2 2 2 1835 1841 1840 4099
17757 4 2 2 2 1986 1846 1848 4056
17758 4 2 2 2 1806 1982 198 4063
17759 4 2 2 2 1842 1933 1938 4101
17760 4 2 2 2 4032 4097 4018 4106
17761 4 2 2 2 1963 1962 1866 4102
17762 4 2 2 2 1957 1819 2040 4075
17763 4 2 2 2 1836 1946 1973 4067
17764 4 2 2 2 1921 4027 4093 1914
17765 4 2 2 2 201 2059 1820 4068
17766 4 2 2 2 1908 1891 2058 4079
17767 4 2 2 2 1821 2054 2028 4057
17768 4 2 2 2 1884 2023 1931 4083
17769 4 2 2 2 4024 4088 4060 4104
17770 4 2 2 2 1886 1998 1939 4088
17771 4 2 2 2 1875 1878 1879 4095
17772 4 2 2 2 1990 1989 1934 4065
17773 4 2 2 2 1939 2037 2000 4060
17774 4 2 2 2 1923 1961 1959 4038
17775 4 2 2 2 1994 1887 2011 4070
17776 4 2 2 2 1951 1958 1933 4101
17777 4 2 2 2 2019 2030 1932 4061
17778 4 2 2 2 1862 2002 2003 4055
17779 4 2 2 2 10 1968 1966 4043
17780 4 2 2 2 1980 2041 1922 4093
17781 4 2 2 2 2025 1950 1944 4076
17782 4 2 2 2 1895 1894 1893 4092
17783 4 2 2 2 1826 1829 2051 4062
17784 4 2 2 2 1864 1868 1865 4100
17785 4 2 2 2 1996 2046 1940 4081
17786 4 2 2 2 1998 1999 2013 4088
17787 4 2 2 2 1817 200 201 4068
17788 4 2 2 2 1913 1924 1940 4081
17789 4 2 2 2 1844 1841 1845 4085
17790 4 2 2 2 1876 1969 1968 4087
17791 4 2 2 2 2011 1961 2060 4070
17792 4 2 2 2 1928 1926 1930 4064
17793 4 2 2 2 1894 1997 1892 4092
17794 4 2 2 2 1902 2046 1996 4077
17795 4 2 2 2 1835 1840 1834 4099
17796 4 2 2 2 1902 2035 1876 4077
17797 4 2 2 2 1812 1983 191 4090
17798 4 2 2 2 1866 1838 2007 4089
17799 4 2 2 2 1924 1996 1940 4081
17800 4 2 2 2 192 193 2054 4105
17801 4 2 2 2 1911 1906 1916 4073
17802 4 2 2 2 1958 1917 2045 4071
17803 4 2 2 2 2005 1839 1858 4103
17804 4 2 2 2 1958 1951 1917 4071
17805 4 2 2 2 2026 1935 1950 4076
17806 4 2 2 2 1933 1958 2010 4101
17807 4 2 2 2 1902 1807 1814 4077
17808 4 2 2 2 1971 1938 2036 4074
17809 4 2 2 2 201 200 2059 4068
17810 4 2 2 2 1991 1901 1907 4094
17811 4 2 2 2 2058 2022 1908 4079
17812 4 2 2 2 1815 2028 2054 4057
17813 4 2 2 2 1915 1966 1968 4043
17814 4 2 2 2 1921 1992 2027 4107
17815 4 2 2 2 2049 1988 2053 4059
17816 4 2 2 2 1846 1844 1845 4085
17817 4 2 2 2 2005 1843 1839 4103
17818 4 2 2 2 1872 2015 2050 4091
17819 4 2 2 2 1838 1866 1858 4089
17820 4 2 2 2 1871 1868 1864 4100
17821 4 2 2 2 2010 1938 1933 4101
17822 4 2 2 2 1980 1922 2047 4093
17823 4 2 2 2 1905 1904 1992 4107
17824 4 2 2 2 1939 1998 2013 4088
17825 4 2 2 2 2040 1819 199 4075
17826 4 2 2 2 2012 1922 1964 4093
17827 4 2 2 2 1876 1968 1807 4087
17828 4 2 2 2 1878 2021 1880 4095
17829 4 2 2 2 1991 1907 1935 4094
17830 4 2 2 2 1874 1875 1869 4072
17831 4 2 2 2 1944 1950 1935 4076
17832 4 2 2 2 2011 2060 1994 4070
17833 4 2 2 2 1969 1970 2042 4087
17834 4 2 2 2 1964 2027 1909 4040
17835 4 2 2 2 1894 1892 1893 4092
17836 4 2 2 2 1909 4057 2028 4040
17837 4 2 2 2 1909 4040 2046 4077
17838 4 2 2 2 1825 1967 1829 4109
17839 4 2 2 2 1990 1934 2016 4065
17840 4 2 2 2 1937 2015 1927 4091
17841 4 2 2 2 1808 1822 193 4105
17842 4 2 2 2 2050 1937 1947 4091
17843 4 2 2 2 1818 1947 1954 4078
17844 4 2 2 2 1876 1807 1902 4077
17845 4 2 2 2 192 1983 1808 4105
17846 4 2 2 2 1823 1967 1825 4109
17847 4 2 2 2 2046 1909 2027 4040
17848 4 2 2 2 2023 1884 1857 4083
17849 4 2 2 2 2050 1947 4078 4091
17850 4 2 2 2 4052 2059 1810 4068
17851 4 2 2 2 1879 1878 1880 4095
17852 4 2 2 2 1983 1812 2033 4090
17853 4 2 2 2 1966 1965 1963 4102
17854 4 2 2 2 2012 2047 1922 4093
17855 4 2 2 2 2063 1820 1813 4108
17856 4 2 2 2 1872 1836 1973 4067
17857 4 2 2 2 1970 1876 2035 4087
17858 4 2 2 2 1808 193 192 4105
17859 4 2 2 2 1814 1821 1909 4077
17860 4 2 2 2 1814 1909 1902 4077
17861 4 2 2 2 1921 1905 1992 4107
17862 4 2 2 2 9 2050 1818 4078
17863 4 2 2 2 1965 1962 1963 4102
17864 4 2 2 2 2044 1813 1820 4108
17865 4 2 2 2 1970 1969 1876 4087
17866 4 2 2 2 2044 1929 1813 4108
17867 4 2 2 2 1814 2052 1821 4077
17868 4 2 2 2 1818 2050 1947 4078
17869 4 2 2 2 2043 2033 1812 4090
17870 4 2 2 2 1872 1809 1836 4067
17871 4 2 2 2 2050 2015 1937 4091
17872 4 2 2 2 1909 2046 1902 4077
17873 4 2 2 2 4079 1931 1949 2022
$EndElements
