regime,loi,dn_m,ds_m,sig_Pa,tau_Pa,phase
intact,plastic,-2.0075e-09,0.0,-6022500.0,0.0,13.0
intact,plastic,-2.00000000003e-09,2.2499999955e-11,-6000000.00009,33749.999964333336,10.0
intact,plastic,-2.00000000003e-09,5.25000000035e-11,-6000000.00009,78750.00000706666,10.0
intact,plastic,-2.00000000003e-09,8.2500000052e-11,-6000000.00009,123750.00004999999,10.0
intact,plastic,-2.00000000003e-09,1.12499999992e-10,-6000000.00009,168749.999984,10.0
intact,plastic,-2.00000000003e-09,1.42500000041e-10,-6000000.00009,213750.000027,10.0
intact,plastic,-2.00000000003e-09,1.72499999981e-10,-6000000.00009,258749.99996133335,10.0
intact,plastic,-2.00000000003e-09,2.02500000029e-10,-6000000.00009,303750.000004,10.0
intact,plastic,-2.00000000003e-09,2.32499999969e-10,-6000000.00009,348749.9999926667,10.0
intact,plastic,-2.00000000003e-09,2.62500000018e-10,-6000000.00009,393750.00003500003,10.0
intact,plastic,-2.00000000003e-09,2.92499999958e-10,-6000000.00009,438749.99996966665,10.0
intact,plastic,-2.00000000003e-09,3.22500000006e-10,-6000000.00009,483750.00001233333,10.0
intact,plastic,-2.00000000003e-09,3.52499999946e-10,-6000000.00009,528749.9999466666,10.0
intact,plastic,-2.00000000003e-09,3.82499999995e-10,-6000000.00009,573749.9999893334,10.0
intact,plastic,-2.00000000003e-09,4.12500000043e-10,-6000000.00009,618750.0000323333,10.0
intact,plastic,-2.00000000003e-09,4.42499999983e-10,-6000000.00009,663749.9999666667,10.0
intact,plastic,-2.00000000003e-09,4.72500000032e-10,-6000000.00009,708750.0000093334,10.0
intact,plastic,-2.00000000003e-09,5.02499999972e-10,-6000000.00009,753749.999998,10.0
intact,plastic,-2.00000000003e-09,5.3250000002e-10,-6000000.00009,798750.0000403334,10.0
intact,plastic,-2.00000000003e-09,5.6249999996e-10,-6000000.00009,843749.999975,10.0
intact,plastic,-2.00000000003e-09,5.92500000009e-10,-6000000.00009,888750.0000176666,10.0
intact,plastic,-2.00000000003e-09,6.22499999949e-10,-6000000.00009,933749.999952,10.0
intact,plastic,-2.00000000003e-09,6.52499999997e-10,-6000000.00009,978749.9999946667,10.0
intact,plastic,-2.00000000003e-09,6.82500000046e-10,-6000000.00009,1023750.00004,10.0
intact,plastic,-2.00000000003e-09,7.12499999986e-10,-6000000.00009,1068749.9999733334,10.0
intact,plastic,-2.00000000003e-09,7.42500000034e-10,-6000000.00009,1113750.0000133335,10.0
intact,plastic,-2.00000000003e-09,7.72499999975e-10,-6000000.00009,1158749.9999466666,10.0
intact,plastic,-2.00000000003e-09,8.02500000023e-10,-6000000.00009,1203750.0000433333,10.0
intact,plastic,-2.00000000003e-09,8.32499999963e-10,-6000000.00009,1248749.9999799998,10.0
intact,plastic,-2.00000000003e-09,8.62500000012e-10,-6000000.00009,1293750.0000233334,10.0
intact,plastic,-2.00000000003e-09,8.92499999952e-10,-6000000.00009,1338749.99996,10.0
intact,plastic,-2.00000000003e-09,9.225e-10,-6000000.00009,1383750.0,10.0
intact,plastic,-2.00000000003e-09,9.52500000049e-10,-6000000.00009,1428750.00004,10.0
intact,plastic,-2.00000000003e-09,9.82499999989e-10,-6000000.00009,1473749.9999766666,10.0
intact,plastic,-2.00000000003e-09,1.01250000004e-09,-6000000.00009,1518750.0000200002,10.0
intact,plastic,-2.00000000003e-09,1.04249999998e-09,-6000000.00009,1563749.9999566667,10.0
intact,plastic,-2.00000000003e-09,1.07250000003e-09,-6000000.00009,1608750.0000533334,10.0
intact,plastic,-2.00000000003e-09,1.10249999997e-09,-6000000.00009,1653749.9999866665,10.0
intact,plastic,-2.00000000003e-09,1.13250000001e-09,-6000000.00009,1698750.0000266666,10.0
intact,plastic,-2.00000000003e-09,1.16249999995e-09,-6000000.00009,1743749.99996,10.0
intact,plastic,-2.00000000003e-09,1.1925e-09,-6000000.00009,1788750.0000033334,10.0
intact,plastic,-2.00000000003e-09,1.22250000005e-09,-6000000.00009,1833750.00005,10.0
intact,plastic,-2.00000000003e-09,1.25249999999e-09,-6000000.00009,1878749.999983333,10.0
intact,plastic,-2.00000000003e-09,1.28250000004e-09,-6000000.00009,1923750.0000266666,10.0
intact,plastic,-2.00000000003e-09,1.31249999998e-09,-6000000.00009,1968749.99996,10.0
intact,plastic,-2.00000000003e-09,1.34250000003e-09,-6000000.00009,2013750.0,10.0
intact,plastic,-2.00000000003e-09,1.37249999997e-09,-6000000.00009,2058749.9999900002,10.0
intact,plastic,-2.00000000003e-09,1.40250000002e-09,-6000000.00009,2103750.0000366666,10.0
intact,plastic,-2.00000000003e-09,1.43249999996e-09,-6000000.00009,2148749.99997,10.0
intact,plastic,-2.00000000003e-09,1.46250000001e-09,-6000000.00009,2193750.0000133333,10.0
intact,plastic,-2.00000000003e-09,1.49250000005e-09,-6000000.00009,2238750.0000533336,10.0
intact,plastic,-2.00000000003e-09,1.52249999999e-09,-6000000.00009,2283749.9999866667,10.0
intact,plastic,-2.00000000003e-09,1.55250000004e-09,-6000000.00009,2328750.00003,10.0
intact,plastic,-2.00000000003e-09,1.58249999998e-09,-6000000.00009,2373749.9999633334,10.0
intact,plastic,-2.00000000003e-09,1.61250000003e-09,-6000000.00009,2418750.00001,10.0
intact,plastic,-2.00000000003e-09,1.64249999997e-09,-6000000.00009,2463749.9999966663,10.0
intact,plastic,-2.00000000003e-09,1.67250000002e-09,-6000000.00009,2508750.0000400003,10.0
intact,plastic,-2.00000000003e-09,1.70249999996e-09,-6000000.00009,2553749.9999733334,10.0
intact,plastic,-2.00000000003e-09,1.73250000001e-09,-6000000.00009,2598750.0000133333,10.0
intact,plastic,-2.00000000003e-09,1.76249999995e-09,-6000000.00009,2643749.9999499996,10.0
intact,plastic,-2.00000000003e-09,1.7925e-09,-6000000.00009,2688749.99999,10.0
intact,plastic,-2.00000000003e-09,1.82250000005e-09,-6000000.00009,2733750.0000366666,10.0
intact,plastic,-2.00000000003e-09,1.85249999999e-09,-6000000.00009,2778749.9999733334,10.0
intact,plastic,-2.00000000003e-09,1.88250000003e-09,-6000000.00009,2823750.0000133333,10.0
intact,plastic,-2.00000000003e-09,1.91249999997e-09,-6000000.00009,2868749.999946667,10.0
intact,plastic,-2.00000000003e-09,1.94250000002e-09,-6000000.00009,2913750.000043333,10.0
intact,plastic,-2.00000000003e-09,1.97249999996e-09,-6000000.00009,2958749.9999766666,10.0
intact,plastic,-2.00000000003e-09,2.00250000001e-09,-6000000.00009,3003750.000023334,10.0
intact,plastic,-2.00000000003e-09,2.03249999995e-09,-6000000.00009,3048749.999956667,10.0
intact,plastic,-2.00000000003e-09,2.0625e-09,-6000000.00009,3093750.0,10.0
intact,plastic,-2.00000000003e-09,2.09250000005e-09,-6000000.00009,3138750.00004,10.0
intact,plastic,-2.00000000003e-09,2.12249999999e-09,-6000000.00009,3183749.999973333,10.0
intact,plastic,-2.00000000003e-09,2.15250000004e-09,-6000000.00009,3228750.000016667,10.0
intact,plastic,-2.00000000003e-09,2.18249999998e-09,-6000000.00009,3273749.9999499996,10.0
intact,plastic,-2.00000000003e-09,2.21250000002e-09,-6000000.00009,3318750.0000500004,10.0
intact,plastic,-2.00000000003e-09,2.24249999996e-09,-6000000.00009,3363749.9999866667,10.0
intact,plastic,-2.00000000003e-09,2.27250000001e-09,-6000000.00009,3408750.000026667,10.0
intact,plastic,-2.00000000003e-09,2.30249999995e-09,-6000000.00009,3453749.99996,10.0
intact,plastic,-2.00000000003e-09,2.3325e-09,-6000000.00009,3498750.0000033337,10.0
intact,plastic,-2.00000000003e-09,2.36250000005e-09,-6000000.00009,3543750.0000466667,10.0
intact,plastic,-2.00000000003e-09,2.39249999999e-09,-6000000.00009,3588749.999983333,10.0
intact,plastic,-2.00000000003e-09,2.42250000004e-09,-6000000.00009,3633750.000026667,10.0
intact,plastic,-2.00000000003e-09,2.45249999998e-09,-6000000.00009,3678749.9999599997,10.0
intact,plastic,-2.00000000003e-09,2.48250000003e-09,-6000000.00009,3723750.0,10.0
intact,plastic,-2.00000000003e-09,2.51249999997e-09,-6000000.00009,3768749.9999866667,10.0
intact,plastic,-2.00000000003e-09,2.54250000002e-09,-6000000.00009,3813750.0000299998,10.0
intact,plastic,-2.00000000003e-09,2.57249999996e-09,-6000000.00009,3858749.9999666666,10.0
intact,plastic,-2.00000000003e-09,2.6025e-09,-6000000.00009,3903750.00001,10.0
intact,plastic,-2.00000000003e-09,2.63250000005e-09,-6000000.00009,3948750.0000533336,10.0
intact,plastic,-2.00000000003e-09,2.66249999999e-09,-6000000.00009,3993749.9999866667,10.0
intact,plastic,-2.00000000003e-09,2.69250000004e-09,-6000000.00009,4038750.000026667,10.0
intact,plastic,-2.00000000003e-09,2.72249999998e-09,-6000000.00009,4083749.9999633334,10.0
intact,plastic,-2.00000000003e-09,2.75250000003e-09,-6000000.00009,4128750.0000066664,10.0
intact,plastic,-2.00000000003e-09,2.78249999997e-09,-6000000.00009,4173749.9999966663,10.0
intact,plastic,-2.00000000003e-09,2.81250000002e-09,-6000000.00009,4218750.000039999,10.0
intact,plastic,-2.00000000003e-09,2.84249999996e-09,-6000000.00009,4263749.999973333,10.0
intact,plastic,-2.00000000003e-09,2.87250000001e-09,-6000000.00009,4308750.000013333,10.0
intact,plastic,-2.00000000003e-09,2.90249999995e-09,-6000000.00009,4353749.999946667,10.0
intact,plastic,-2.00000000003e-09,2.9325e-09,-6000000.00009,4398749.99999,10.0
intact,plastic,-2.00000000003e-09,2.96250000004e-09,-6000000.00009,4443750.000036667,10.0
intact,plastic,-2.00000000003e-09,2.99249999998e-09,-6000000.00009,4488749.99997,10.0
intact,plastic,-2.00000000003e-09,3.02250000003e-09,-6000000.00009,4533750.000013334,10.0
intact,plastic,-2.00000000003e-09,3.05249999997e-09,-6000000.00009,4578749.999946667,10.0
intact,plastic,-2.00000000003e-09,3.08250000002e-09,-6000000.00009,4623750.000039999,10.0
intact,plastic,-2.00000000003e-09,3.11249999996e-09,-6000000.00009,4668749.999976668,10.0
intact,plastic,-2.00000000003e-09,3.14250000001e-09,-6000000.00009,4713750.000016666,10.0
intact,plastic,-2.00000000003e-09,3.17249999995e-09,-6000000.00009,4758749.9999566665,10.0
intact,plastic,-2.00000000003e-09,3.2025e-09,-6000000.00009,4803750.0,10.0
intact,plastic,-2.00000000003e-09,3.23250000005e-09,-6000000.00009,4848750.000040001,10.0
intact,plastic,-2.00000000003e-09,3.26249999999e-09,-6000000.00009,4893749.999973333,10.0
intact,plastic,-2.00000000003e-09,3.29250000004e-09,-6000000.00009,4938750.000016667,10.0
intact,plastic,-2.00000000003e-09,3.32249999998e-09,-6000000.00009,4983749.99995,10.0
intact,plastic,-2.00000000003e-09,3.35250000002e-09,-6000000.00009,5028750.00005,10.0
intact,plastic,-2.00000000003e-09,3.38249999996e-09,-6000000.00009,5073749.999983333,10.0
intact,plastic,-2.00000000003e-09,3.41250000001e-09,-6000000.00009,5118750.000026667,10.0
intact,plastic,-2.00000000003e-09,3.44249999995e-09,-6000000.00009,5163749.999959999,10.0
intact,plastic,-2.00000000003e-09,3.4725e-09,-6000000.00009,5208750.0,10.0
intact,plastic,-2.00000000003e-09,3.50250000005e-09,-6000000.00009,5253750.0000433335,10.0
intact,plastic,-2.00000000003e-09,3.53249999999e-09,-6000000.00009,5298749.999976666,10.0
intact,plastic,-2.00000000003e-09,3.56250000004e-09,-6000000.00009,5343750.000023332,10.0
intact,plastic,-2.00000000003e-09,3.59249999998e-09,-6000000.00009,5388749.9999566665,10.0
intact,plastic,-2.00000000003e-09,3.62250000003e-09,-6000000.00009,5433750.000053333,10.0
intact,plastic,-2.00000000003e-09,3.65249999997e-09,-6000000.00009,5478749.999986666,10.0
intact,plastic,-2.00000000003e-09,3.68250000002e-09,-6000000.00009,5523750.00003,10.0
intact,plastic,-2.00000000003e-09,3.71249999996e-09,-6000000.00009,5568749.999963333,10.0
intact,plastic,-2.00000000003e-09,3.7425e-09,-6000000.00009,5613750.00001,10.0
intact,plastic,-2.00000000003e-09,3.77250000005e-09,-6000000.00009,5658750.000053334,10.0
intact,plastic,-2.00000000003e-09,3.80249999999e-09,-6000000.00009,5703749.999986667,10.0
intact,plastic,-2.00000000003e-09,3.83250000004e-09,-6000000.00009,5748750.000026667,10.0
intact,plastic,-2.00000000003e-09,3.86249999998e-09,-6000000.00009,5793749.999960001,10.0
intact,plastic,-2.00000000003e-09,3.89250000003e-09,-6000000.00009,5838750.000003333,10.0
intact,plastic,-2.00000000003e-09,3.92249999997e-09,-6000000.00009,5883749.9999933345,10.0
intact,plastic,-2.00000000003e-09,3.95250000002e-09,-6000000.00009,5928750.000036667,10.0
intact,plastic,-2.00000000003e-09,3.98249999996e-09,-6000000.00009,5973749.999973333,10.0
intact,plastic,-2.00000000003e-09,4.01250000001e-09,-6000000.00009,6018750.000013333,10.0
intact,plastic,-2.00000000003e-09,4.04249999995e-09,-6000000.00009,6063749.999946666,10.0
intact,plastic,-2.00000000003e-09,4.0725e-09,-6000000.00009,6108749.99999,10.0
intact,plastic,-2.00000000003e-09,4.10250000004e-09,-6000000.00009,6153750.000033333,10.0
intact,plastic,-2.00000000003e-09,4.13249999998e-09,-6000000.00009,6198749.99997,10.0
intact,plastic,-2.00000000003e-09,4.16250000003e-09,-6000000.00009,6243750.00001,10.0
intact,plastic,-2.00000000003e-09,4.19249999997e-09,-6000000.00009,6288750.0,10.0
intact,plastic,-2.00000000003e-09,4.22250000002e-09,-6000000.00009,6333750.000039999,10.0
intact,plastic,-2.00000000003e-09,4.25249999996e-09,-6000000.00009,6378749.999973333,10.0
intact,plastic,-2.00000000003e-09,4.28250000001e-09,-6000000.00009,6423750.000016666,10.0
intact,plastic,-2.00000000003e-09,4.31249999995e-09,-6000000.00009,6468749.999953333,10.0
intact,plastic,-2.00000000003e-09,4.3425e-09,-6000000.00009,6513749.999996667,10.0
intact,plastic,-2.00000000003e-09,4.37250000005e-09,-6000000.00009,6558750.000040001,10.0
intact,plastic,-2.00000000003e-09,4.40249999999e-09,-6000000.00009,6603749.999973333,10.0
intact,plastic,-2.00000000003e-09,4.43250000003e-09,-6000000.00009,6648750.000013334,10.0
intact,plastic,-2.00000000003e-09,4.46249999997e-09,-6000000.00009,6693749.999946666,10.0
intact,plastic,-2.00000000003e-09,4.49250000002e-09,-6000000.00009,6738750.000043333,10.0
intact,plastic,-2.00000000003e-09,4.52249999996e-09,-6000000.00009,6783749.999983333,10.0
intact,plastic,-2.00000000003e-09,4.55250000001e-09,-6000000.00009,6828750.000026667,10.0
intact,plastic,-2.00000000003e-09,4.58249999995e-09,-6000000.00009,6873749.999959999,10.0
intact,plastic,-2.00000000003e-09,4.6125e-09,-6000000.00009,6918750.0,10.0
intact,plastic,-2.00000000003e-09,4.64250000005e-09,-6000000.00009,6963750.0000433335,10.0
intact,plastic,-2.00000000003e-09,4.67249999999e-09,-6000000.00009,7008749.999976666,10.0
intact,plastic,-2.00000000003e-09,4.70250000004e-09,-6000000.00009,7053750.00002,10.0
intact,plastic,-2.00000000003e-09,4.73249999998e-09,-6000000.00009,7098749.999956667,10.0
intact,plastic,-2.00000000003e-09,4.76250000003e-09,-6000000.00009,7143750.000053334,10.0
intact,plastic,-2.00000000003e-09,4.79249999997e-09,-6000000.00009,7188749.999986666,10.0
intact,plastic,-2.00000000003e-09,4.82250000001e-09,-6000000.00009,7233750.000026667,10.0
intact,plastic,-2.00000000003e-09,4.85249999995e-09,-6000000.00009,7278749.999963333,10.0
intact,plastic,-2.00000000003e-09,4.8825e-09,-6000000.00009,7323750.000003333,10.0
intact,plastic,-2.00000000003e-09,4.91250000005e-09,-6000000.00009,7368750.00005,10.0
intact,plastic,-2.00000000003e-09,4.94249999999e-09,-6000000.00009,7413749.999983334,10.0
intact,plastic,-2.00000000003e-09,4.97250000004e-09,-6000000.00009,7458750.000026667,10.0
intact,plastic,-2.00000000003e-09,5.00249999998e-09,-6000000.00009,7503749.999960001,10.0
intact,plastic,-2.00000000003e-09,5.03250000003e-09,-6000000.00009,7548750.0,10.0
intact,plastic,-2.00000000003e-09,5.06249999997e-09,-6000000.00009,7593749.99999,10.0
intact,plastic,-2.00000000003e-09,5.09250000002e-09,-6000000.00009,7638750.000036667,10.0
intact,plastic,-2.00000000003e-09,5.12249999996e-09,-6000000.00009,7683749.99997,10.0
intact,plastic,-2.00000000003e-09,5.15250000001e-09,-6000000.00009,7728750.000013333,10.0
intact,plastic,-2.00000000003e-09,5.18249999995e-09,-6000000.00009,7773749.999946666,10.0
intact,plastic,-2.00000000003e-09,5.21249999999e-09,-6000000.00009,7818749.999986667,10.0
intact,plastic,-2.00000000003e-09,5.24250000004e-09,-6000000.00009,7863750.00003,10.0
intact,plastic,-2.00000000003e-09,5.27249999998e-09,-6000000.00009,7908749.999963333,10.0
intact,plastic,-2.00000000003e-09,5.30250000003e-09,-6000000.00009,7953750.00001,10.0
intact,plastic,-2.00000000003e-09,5.33249999997e-09,-6000000.00009,7998750.0,10.0
intact,plastic,-2.00000000003e-09,5.36250000002e-09,-6000000.00009,8043750.000039999,10.0
intact,plastic,-2.00000000003e-09,5.39249999996e-09,-6000000.00009,8088749.999973333,10.0
intact,plastic,-2.00000000003e-09,5.42250000001e-09,-6000000.00009,8133750.000016666,10.0
intact,plastic,-2.00000000003e-09,5.45249999995e-09,-6000000.00009,8178749.99995,10.0
intact,plastic,-2.00000000003e-09,5.4825e-09,-6000000.00009,8223749.999996667,10.0
intact,plastic,-2.00000000003e-09,5.51250000005e-09,-6000000.00009,8268750.000036667,10.0
intact,plastic,-2.00000000003e-09,5.54249999999e-09,-6000000.00009,8313749.999973333,10.0
intact,plastic,-2.00000000003e-09,5.57250000003e-09,-6000000.00009,8358750.000013334,10.0
intact,plastic,-2.00000000003e-09,5.60249999997e-09,-6000000.00009,8403749.999946667,10.0
intact,plastic,-2.00000000003e-09,5.63250000002e-09,-6000000.00009,8448750.000043334,10.0
intact,plastic,-2.00000000003e-09,5.66249999996e-09,-6000000.00009,8493749.99998,10.0
intact,plastic,-2.00000000003e-09,5.69250000001e-09,-6000000.00009,8538750.000023333,10.0
intact,plastic,-2.00000000003e-09,5.72249999995e-09,-6000000.00009,8583749.999956667,10.0
intact,plastic,-2.00000000003e-09,5.7525e-09,-6000000.00009,8628750.0,10.0
intact,plastic,-2.00000000003e-09,5.78250000005e-09,-6000000.00009,8673750.00004,10.0
intact,plastic,-2.00000000003e-09,5.81249999999e-09,-6000000.00009,8718749.999973334,10.0
intact,plastic,-2.00000000003e-09,5.84250000004e-09,-6000000.00009,8763750.000016667,10.0
intact,plastic,-2.00000000003e-09,5.87249999998e-09,-6000000.00009,8808749.999956666,10.0
intact,plastic,-2.00000000003e-09,5.90250000003e-09,-6000000.00009,8853750.000053333,10.0
intact,plastic,-2.00000000003e-09,5.93249999997e-09,-6000000.00009,8898749.999986667,10.0
intact,plastic,-2.00000000003e-09,5.96250000001e-09,-6000000.00009,8943750.000026666,10.0
intact,plastic,-2.00000000003e-09,5.99249999995e-09,-6000000.00009,8988749.99996,10.0
intact,plastic,-2.00000000003e-09,6.0225e-09,-6000000.00009,9033750.000003332,10.0
intact,plastic,-2.00000000003e-09,6.05250000005e-09,-6000000.00009,9078750.000046669,10.0
intact,plastic,-2.00000000003e-09,6.08249999999e-09,-6000000.00009,9123749.999983333,10.0
intact,plastic,-2.00000000003e-09,6.11250000004e-09,-6000000.00009,9168750.000026667,10.0
intact,plastic,-2.00000000003e-09,6.14249999998e-09,-6000000.00009,9213749.99996,10.0
intact,plastic,-2.00000000003e-09,6.17250000003e-09,-6000000.00009,9258750.0,10.0
intact,plastic,-2.00000000003e-09,6.20249999997e-09,-6000000.00009,9303749.99999,10.0
intact,plastic,-2.00000000003e-09,6.23250000002e-09,-6000000.00009,9348750.000029998,10.0
intact,plastic,-2.00000000003e-09,6.26249999996e-09,-6000000.00009,9393749.999966666,10.0
intact,plastic,-2.00000000003e-09,6.2925e-09,-6000000.00009,9438750.00001,10.0
intact,plastic,-2.00000000003e-09,6.32250000005e-09,-6000000.00009,9483750.000053333,10.0
intact,plastic,-2.00000000003e-09,6.35249999999e-09,-6000000.00009,9528749.999986665,10.0
intact,plastic,-2.00000000003e-09,6.38250000004e-09,-6000000.00009,9573750.000026667,10.0
intact,plastic,-2.00000000003e-09,6.41249999998e-09,-6000000.00009,9618749.999963334,10.0
intact,plastic,-2.00000000003e-09,6.44250000003e-09,-6000000.00009,9663750.000006666,10.0
intact,plastic,-2.00000000003e-09,6.47249999997e-09,-6000000.00009,9708749.999996668,10.0
intact,plastic,-2.00000000003e-09,6.50250000002e-09,-6000000.00009,9753750.00004,10.0
intact,plastic,-2.00000000003e-09,6.53249999996e-09,-6000000.00009,9798749.999973333,10.0
intact,plastic,-2.00000000003e-09,6.56250000001e-09,-6000000.00009,9843750.000013335,10.0
intact,plastic,-2.00000000003e-09,6.59249999995e-09,-6000000.00009,9888749.999946667,10.0
intact,plastic,-2.00000000003e-09,6.6225e-09,-6000000.00009,9933749.99999,10.0
intact,plastic,-2.00000000003e-09,6.65250000004e-09,-6000000.00009,9978750.000036666,10.0
intact,plastic,-2.00000000003e-09,6.68249999998e-09,-6000000.00009,10023750.0,10.0
intact,plastic,-2.00000000003e-09,6.71250000003e-09,-6000000.00009,10068750.0,10.0
intact,plastic,-2.00000000003e-09,6.74249999997e-09,-6000000.00009,10113749.999966666,10.0
intact,plastic,-2.00000000003e-09,6.77250000002e-09,-6000000.00009,10158750.000033334,10.0
intact,plastic,-2.00000000003e-09,6.80249999996e-09,-6000000.00009,10203749.999966666,10.0
intact,plastic,-2.00000000003e-09,6.83250000001e-09,-6000000.00009,10248750.0,10.0
intact,plastic,-2.00000000003e-09,6.86249999995e-09,-6000000.00009,10293749.999933334,10.0
intact,plastic,-2.00000000003e-09,6.8925e-09,-6000000.00009,10338750.0,10.0
intact,plastic,-2.00000000003e-09,6.92250000005e-09,-6000000.00009,10383750.000066666,10.0
intact,plastic,-2.00000000003e-09,6.95249999999e-09,-6000000.00009,10428750.0,10.0
intact,plastic,-2.00000000003e-09,6.98250000004e-09,-6000000.00009,10473750.000033334,10.0
intact,plastic,-2.00000000003e-09,7.01249999998e-09,-6000000.00009,10518749.999966666,10.0
intact,plastic,-2.00000000003e-09,7.04250000002e-09,-6000000.00009,10563750.000033334,10.0
intact,plastic,-2.00000000003e-09,7.07249999996e-09,-6000000.00009,10608749.999966666,10.0
intact,plastic,-2.00000000003e-09,7.10250000001e-09,-6000000.00009,10653750.0,10.0
intact,plastic,-2.00000000003e-09,7.13249999995e-09,-6000000.00009,10698749.999933334,10.0
intact,plastic,-2.00000000003e-09,7.1625e-09,-6000000.00009,10743750.0,10.0
intact,plastic,-2.00000000003e-09,7.19250000005e-09,-6000000.00009,10788750.000066666,10.0
intact,plastic,-2.00000000003e-09,7.22249999999e-09,-6000000.00009,10833750.0,10.0
intact,plastic,-2.00000000003e-09,7.25250000004e-09,-6000000.00009,10878750.000033334,10.0
intact,plastic,-2.00000000003e-09,7.28249999998e-09,-6000000.00009,10923749.999966666,10.0
intact,plastic,-2.00000000003e-09,7.31250000003e-09,-6000000.00009,10968750.000033334,10.0
intact,plastic,-2.00000000003e-09,7.34249999997e-09,-6000000.00009,11013750.0,10.0
intact,plastic,-2.00000000003e-09,7.37250000002e-09,-6000000.00009,11058750.0,10.0
intact,plastic,-2.00000000003e-09,7.40249999996e-09,-6000000.00009,11103749.999933334,10.0
intact,plastic,-2.00000000003e-09,7.4325e-09,-6000000.00009,11148750.0,10.0
intact,plastic,-2.00000000003e-09,7.46250000005e-09,-6000000.00009,11193750.000066668,10.0
intact,plastic,-2.00000000003e-09,7.49249999999e-09,-6000000.00009,11238750.0,10.0
intact,plastic,-2.00000000003e-09,7.52250000004e-09,-6000000.00009,11283750.000033334,10.0
intact,plastic,-2.00000000003e-09,7.55249999998e-09,-6000000.00009,11328749.999966666,10.0
intact,plastic,-2.00000000003e-09,7.58250000003e-09,-6000000.00009,11373750.0,10.0
intact,plastic,-2.00000000003e-09,7.61249999997e-09,-6000000.00009,11418750.0,10.0
intact,plastic,-2.00000000003e-09,7.64250000002e-09,-6000000.00009,11463750.000033334,10.0
intact,plastic,-2.00000000003e-09,7.67249999996e-09,-6000000.00009,11508749.999966666,10.0
intact,plastic,-2.00000000003e-09,7.70250000001e-09,-6000000.00009,11553750.0,10.0
intact,plastic,-2.00000000003e-09,7.73249999995e-09,-6000000.00009,11598749.999933332,10.0
intact,plastic,-2.00000000003e-09,7.7625e-09,-6000000.00009,11643750.0,10.0
intact,plastic,-2.00000000003e-09,7.79250000004e-09,-6000000.00009,11688750.000066668,10.0
intact,plastic,-2.00000000003e-09,7.82249999998e-09,-6000000.00009,11733750.0,10.0
intact,plastic,-2.00000000003e-09,7.85250000003e-09,-6000000.00009,11778750.0,10.0
intact,plastic,-2.00000000003e-09,7.88249999997e-09,-6000000.00009,11823750.0,10.0
intact,plastic,-2.00000000003e-09,7.91250000002e-09,-6000000.00009,11868750.000033334,10.0
intact,plastic,-2.00000000003e-09,7.94249999996e-09,-6000000.00009,11913749.999966666,10.0
intact,plastic,-2.00000000003e-09,7.97250000001e-09,-6000000.00009,11958750.0,10.0
intact,plastic,-2.00000000003e-09,8.00249999995e-09,-6000000.00009,12003749.999933332,10.0
intact,plastic,-2.00000000003e-09,8.0325e-09,-6000000.00009,12048750.0,10.0
intact,plastic,-2.00000000003e-09,8.06250000005e-09,-6000000.00009,12093750.000066668,10.0
intact,plastic,-2.00000000003e-09,8.09249999999e-09,-6000000.00009,12138750.0,10.0
intact,plastic,-2.00000000003e-09,8.12250000004e-09,-6000000.00009,12183750.000033334,10.0
intact,plastic,-2.00000000003e-09,8.15249999998e-09,-6000000.00009,12228749.999966666,10.0
intact,plastic,-2.00000000003e-09,8.18250000002e-09,-6000000.00009,12273750.000033334,10.0
intact,plastic,-2.00000000003e-09,8.21249999996e-09,-6000000.00009,12318749.999966666,10.0
intact,plastic,-2.00000000003e-09,8.24250000001e-09,-6000000.00009,12363750.0,10.0
intact,plastic,-2.00000000003e-09,8.27249999995e-09,-6000000.00009,12408749.999933332,10.0
intact,plastic,-2.00000000003e-09,8.3025e-09,-6000000.00009,12453750.0,10.0
intact,plastic,-2.00000000003e-09,8.33250000005e-09,-6000000.00009,12498750.000066668,10.0
intact,plastic,-2.00000000003e-09,8.36249999999e-09,-6000000.00009,12543750.0,10.0
intact,plastic,-2.00000000003e-09,8.39250000004e-09,-6000000.00009,12588750.000033334,10.0
intact,plastic,-2.00000000003e-09,8.42249999998e-09,-6000000.00009,12633749.999966666,10.0
intact,plastic,-2.00000000003e-09,8.45250000003e-09,-6000000.00009,12678750.000033334,10.0
intact,plastic,-2.00000000003e-09,8.48249999997e-09,-6000000.00009,12723749.999966666,10.0
intact,plastic,-2.00000000003e-09,8.51250000001e-09,-6000000.00009,12768750.0,10.0
intact,plastic,-2.00000000003e-09,8.54249999995e-09,-6000000.00009,12813749.999933332,10.0
intact,plastic,-2.00000000003e-09,8.5725e-09,-6000000.00009,12858750.0,10.0
intact,plastic,-2.00000000003e-09,8.60250000005e-09,-6000000.00009,12903750.000066668,10.0
intact,plastic,-2.00000000003e-09,8.63249999999e-09,-6000000.00009,12948750.0,10.0
intact,plastic,-2.00000000003e-09,8.66250000004e-09,-6000000.00009,12993750.000033334,10.0
intact,plastic,-2.00000000003e-09,8.69249999998e-09,-6000000.00009,13038749.999966666,10.0
intact,plastic,-2.00000000003e-09,8.72250000003e-09,-6000000.00009,13083750.0,10.0
intact,plastic,-2.00000000003e-09,8.75249999997e-09,-6000000.00009,13128750.0,10.0
intact,plastic,-2.00000000003e-09,8.78250000002e-09,-6000000.00009,13173750.000033334,10.0
intact,plastic,-2.00000000003e-09,8.81249999996e-09,-6000000.00009,13218749.999966666,10.0
intact,plastic,-2.00000000003e-09,8.84250000001e-09,-6000000.00009,13263750.0,10.0
intact,plastic,-2.00000000003e-09,8.87249999995e-09,-6000000.00009,13308749.999933332,10.0
intact,plastic,-2.00000000003e-09,8.90249999999e-09,-6000000.00009,13353750.0,10.0
intact,plastic,-2.00000000003e-09,8.93250000004e-09,-6000000.00009,13398750.000033334,10.0
intact,plastic,-2.00000000003e-09,8.96249999998e-09,-6000000.00009,13443749.999966666,10.0
intact,plastic,-2.00000000003e-09,8.99250000003e-09,-6000000.00009,13488750.0,10.0
intact,plastic,-2.00000000003e-09,9.02249999997e-09,-6000000.00009,13533750.0,10.0
intact,plastic,-2.00000000003e-09,9.05250000002e-09,-6000000.00009,13578750.000033334,10.0
intact,plastic,-2.00000000003e-09,9.08249999996e-09,-6000000.00009,13623749.999966666,10.0
intact,plastic,-2.00000000003e-09,9.11250000001e-09,-6000000.00009,13668750.0,10.0
intact,plastic,-2.00000000003e-09,9.14249999995e-09,-6000000.00009,13713749.999933332,10.0
intact,plastic,-2.00000000003e-09,9.1725e-09,-6000000.00009,13758750.0,10.0
intact,plastic,-2.00000000003e-09,9.20250000005e-09,-6000000.00009,13803750.000066668,10.0
intact,plastic,-2.00000000003e-09,9.23249999999e-09,-6000000.00009,13848750.0,10.0
intact,plastic,-2.00000000003e-09,9.26250000003e-09,-6000000.00009,13893750.000033334,10.0
intact,plastic,-2.00000000003e-09,9.29249999997e-09,-6000000.00009,13938749.999966666,10.0
intact,plastic,-2.00000000003e-09,9.32250000002e-09,-6000000.00009,13983750.000033334,10.0
intact,plastic,-2.00000000003e-09,9.35249999996e-09,-6000000.00009,14028749.999966666,10.0
intact,plastic,-2.00000000003e-09,9.38250000001e-09,-6000000.00009,14073750.0,10.0
intact,plastic,-2.00000000003e-09,9.41249999995e-09,-6000000.00009,14118749.999933332,10.0
intact,plastic,-2.00000000003e-09,9.4425e-09,-6000000.00009,14163750.0,10.0
intact,plastic,-2.00000000003e-09,9.47250000005e-09,-6000000.00009,14208750.000066668,10.0
intact,plastic,-2.00000000003e-09,9.50249999999e-09,-6000000.00009,14253750.0,10.0
intact,plastic,-2.00000000003e-09,9.53250000004e-09,-6000000.00009,14298750.000033334,10.0
intact,plastic,-2.00000000003e-09,9.56249999998e-09,-6000000.00009,14343749.999966666,10.0
intact,plastic,-2.00000000003e-09,9.59250000003e-09,-6000000.00009,14388750.000033334,10.0
intact,plastic,-2.00000000003e-09,9.62249999997e-09,-6000000.00009,14433749.999966666,10.0
intact,plastic,-2.00000000003e-09,9.65250000001e-09,-6000000.00009,14478750.0,10.0
intact,plastic,-2.00000000003e-09,9.68249999995e-09,-6000000.00009,14523749.999933332,10.0
intact,plastic,-2.00000000003e-09,9.7125e-09,-6000000.00009,14568750.0,10.0
intact,plastic,-2.00000000003e-09,9.74250000005e-09,-6000000.00009,14613750.000066668,10.0
intact,plastic,-2.00000000003e-09,9.77249999999e-09,-6000000.00009,14658750.0,10.0
intact,plastic,-2.00000000003e-09,9.80250000004e-09,-6000000.00009,14703750.000033334,10.0
intact,plastic,-2.00000000003e-09,9.83249999998e-09,-6000000.00009,14748749.999966666,10.0
intact,plastic,-2.00000000003e-09,9.86250000003e-09,-6000000.00009,14793750.0,10.0
intact,plastic,-2.00000000003e-09,9.89249999997e-09,-6000000.00009,14838750.0,10.0
intact,plastic,-2.00000000003e-09,9.92250000002e-09,-6000000.00009,14883750.000033334,10.0
intact,plastic,-2.00000000003e-09,9.95249999996e-09,-6000000.00009,14928749.999966666,10.0
intact,plastic,-2.00000000003e-09,9.98250000001e-09,-6000000.00009,14973750.0,10.0
intact,plastic,-2.00000000003e-09,1.00125000001e-08,-6000000.00009,15018750.000066668,10.0
intact,plastic,-2.00000000003e-09,1.00425e-08,-6000000.00009,15063750.0,10.0
intact,plastic,-2.00000000003e-09,1.00725e-08,-6000000.00009,15108750.000033334,10.0
intact,plastic,-2.00000000003e-09,1.01025e-08,-6000000.00009,15153749.999966666,10.0
intact,plastic,-2.00000000003e-09,1.01325e-08,-6000000.00009,15198750.0,10.0
intact,plastic,-2.00000000003e-09,1.01625e-08,-6000000.00009,15243750.0,10.0
intact,plastic,-2.00000000003e-09,1.01925e-08,-6000000.00009,15288750.000033334,10.0
intact,plastic,-2.00000000003e-09,1.02225e-08,-6000000.00009,15333749.999966666,10.0
intact,plastic,-2.00000000003e-09,1.02525e-08,-6000000.00009,15378750.0,10.0
intact,plastic,-2.00000000003e-09,1.02824999999e-08,-6000000.00009,15423749.999933332,10.0
intact,plastic,-2.00000000003e-09,1.03125e-08,-6000000.00009,15468750.0,10.0
intact,plastic,-2.00000000003e-09,1.03425e-08,-6000000.00009,15513750.000066668,10.0
intact,plastic,-2.00000000003e-09,1.03725e-08,-6000000.00009,15558750.0,10.0
intact,plastic,-2.00000000003e-09,1.04025e-08,-6000000.00009,15603750.000033334,10.0
intact,plastic,-2.00000000003e-09,1.04325e-08,-6000000.00009,15648749.999966666,10.0
intact,plastic,-2.00000000003e-09,1.04625e-08,-6000000.00009,15693750.000033334,10.0
intact,plastic,-2.00000000003e-09,1.04925e-08,-6000000.00009,15738749.999966666,10.0
intact,plastic,-2.00000000003e-09,1.05225e-08,-6000000.00009,15783750.0,10.0
intact,plastic,-2.00000000003e-09,1.05525e-08,-6000000.00009,15828749.999933332,10.0
intact,plastic,-2.00000000003e-09,1.05825e-08,-6000000.00009,15873750.0,10.0
intact,plastic,-2.00000000003e-09,1.06125e-08,-6000000.00009,15918750.000066668,10.0
intact,plastic,-2.00000000003e-09,1.06425e-08,-6000000.00009,15963750.0,10.0
intact,plastic,-2.00000000003e-09,1.06725e-08,-6000000.00009,16008750.000033334,10.0
intact,plastic,-2.00000000003e-09,1.07025e-08,-6000000.00009,16053749.999966666,10.0
intact,plastic,-2.00000000003e-09,1.07325e-08,-6000000.00009,16098750.000033334,10.0
intact,plastic,-2.00000000003e-09,1.07625e-08,-6000000.00009,16143749.999966666,10.0
intact,plastic,-2.00000000003e-09,1.07925e-08,-6000000.00009,16188750.0,10.0
intact,plastic,-2.00000000003e-09,1.08225e-08,-6000000.00009,16233749.999933332,10.0
intact,plastic,-2.00000000003e-09,1.08525e-08,-6000000.00009,16278750.0,10.0
intact,plastic,-2.00000000003e-09,1.08825000001e-08,-6000000.00009,16323750.000066668,10.0
intact,plastic,-2.00000000003e-09,1.09125e-08,-6000000.00009,16368750.0,10.0
intact,plastic,-2.00000000003e-09,1.09425e-08,-6000000.00009,16413750.000033334,10.0
intact,plastic,-2.00000000003e-09,1.09725e-08,-6000000.00009,16458749.999966666,10.0
intact,plastic,-2.00000000003e-09,1.10025e-08,-6000000.00009,16503750.0,10.0
intact,plastic,-2.00000000003e-09,1.10325e-08,-6000000.00009,16548750.0,10.0
intact,plastic,-2.00000000003e-09,1.10625e-08,-6000000.00009,16593750.0,10.0
intact,plastic,-2.00000000003e-09,1.10925e-08,-6000000.00009,16638749.999933332,10.0
intact,plastic,-2.00000000003e-09,1.11225e-08,-6000000.00009,16683750.0,10.0
intact,plastic,-2.00000000003e-09,1.11525000001e-08,-6000000.00009,16728750.000066668,10.0
intact,plastic,-2.00000000003e-09,1.11825e-08,-6000000.00009,16773750.0,10.0
intact,plastic,-2.00000000003e-09,1.12125e-08,-6000000.00009,16818750.000033334,10.0
intact,plastic,-2.00000000003e-09,1.12425e-08,-6000000.00009,16863749.999966666,10.0
intact,plastic,-2.00000000003e-09,1.12725e-08,-6000000.00009,16908750.0,10.0
intact,plastic,-2.00000000003e-09,1.13025e-08,-6000000.00009,16953750.0,10.0
intact,plastic,-2.00000000003e-09,1.13325e-08,-6000000.00009,16998750.000033334,10.0
intact,plastic,-2.00000000003e-09,1.13625e-08,-6000000.00009,17043749.999966666,10.0
intact,plastic,-2.00000000003e-09,1.13925e-08,-6000000.00009,17088750.0,10.0
intact,plastic,-2.00000000003e-09,1.14224999999e-08,-6000000.00009,17133749.999933332,10.0
intact,plastic,-2.00000000003e-09,1.14525e-08,-6000000.00009,17178750.0,10.0
intact,plastic,-2.00000000003e-09,1.14825e-08,-6000000.00009,17223750.000066668,10.0
intact,plastic,-2.00000000003e-09,1.15125e-08,-6000000.00009,17268750.0,10.0
intact,plastic,-2.00000000003e-09,1.15425e-08,-6000000.00009,17313750.0,10.0
intact,plastic,-2.00000000003e-09,1.15725e-08,-6000000.00009,17358750.0,10.0
intact,plastic,-2.00000000003e-09,1.16025e-08,-6000000.00009,17403750.000033334,10.0
intact,plastic,-2.00000000003e-09,1.16325e-08,-6000000.00009,17448749.999966666,10.0
intact,plastic,-2.00000000003e-09,1.16625e-08,-6000000.00009,17493750.0,10.0
intact,plastic,-2.00000000003e-09,1.16924999999e-08,-6000000.00009,17538749.999933332,10.0
intact,plastic,-2.00000000003e-09,1.17225e-08,-6000000.00009,17583750.0,10.0
intact,plastic,-2.00000000003e-09,1.17525e-08,-6000000.00009,17628750.000066668,10.0
intact,plastic,-2.00000000003e-09,1.17825e-08,-6000000.00009,17673750.0,10.0
intact,plastic,-2.00000000003e-09,1.18125e-08,-6000000.00009,17718750.000033334,10.0
intact,plastic,-2.00000000003e-09,1.18425e-08,-6000000.00009,17763749.999966666,10.0
intact,plastic,-2.00000000003e-09,1.18725e-08,-6000000.00009,17808750.000033334,10.0
intact,plastic,-2.00000000003e-09,1.19025e-08,-6000000.00009,17853749.999966666,10.0
intact,plastic,-2.00000000003e-09,1.19325e-08,-6000000.00009,17898750.0,10.0
intact,plastic,-2.00000000003e-09,1.19625e-08,-6000000.00009,17943749.999933332,10.0
intact,plastic,-2.00000000003e-09,1.19925e-08,-6000000.00009,17988750.0,10.0
intact,plastic,-2.00000000003e-09,1.20225e-08,-6000000.00009,18033750.000066668,10.0
intact,plastic,-2.00000000003e-09,1.20525e-08,-6000000.00009,18078750.0,10.0
intact,plastic,-2.00000000003e-09,1.20825e-08,-6000000.00009,18123750.000033334,10.0
intact,plastic,-2.00000000003e-09,1.21125e-08,-6000000.00009,18168749.999966666,10.0
intact,plastic,-2.00000000003e-09,1.21425e-08,-6000000.00009,18213750.000033334,10.0
intact,plastic,-2.00000000003e-09,1.21725e-08,-6000000.00009,18258750.0,10.0
intact,plastic,-2.00000000003e-09,1.22025e-08,-6000000.00009,18303750.0,10.0
intact,plastic,-2.00000000003e-09,1.22325e-08,-6000000.00009,18348749.999933332,10.0
intact,plastic,-2.00000000003e-09,1.22625e-08,-6000000.00009,18393750.0,10.0
intact,plastic,-2.00000000003e-09,1.22925000001e-08,-6000000.00009,18438750.000066668,10.0
intact,plastic,-2.00000000003e-09,1.23225e-08,-6000000.00009,18483750.0,10.0
intact,plastic,-2.00000000003e-09,1.23525e-08,-6000000.00009,18528750.000033334,10.0
intact,plastic,-2.00000000003e-09,1.23825e-08,-6000000.00009,18573749.999966666,10.0
intact,plastic,-2.00000000003e-09,1.24125e-08,-6000000.00009,18618750.0,10.0
intact,plastic,-2.00000000003e-09,1.24425e-08,-6000000.00009,18663750.0,10.0
intact,plastic,-2.00000000003e-09,1.24725e-08,-6000000.00009,18708750.000033334,10.0
intact,plastic,-2.00000000003e-09,1.25025e-08,-6000000.00009,18753749.999966666,10.0
intact,plastic,-2.00000000003e-09,1.25325e-08,-6000000.00009,18798750.0,10.0
intact,plastic,-2.00000000003e-09,1.25624999999e-08,-6000000.00009,18843749.999933332,10.0
intact,plastic,-2.00000000003e-09,1.25925e-08,-6000000.00009,18888750.0,10.0
intact,plastic,-2.00000000003e-09,1.26225e-08,-6000000.00009,18933750.000033334,10.0
intact,plastic,-2.00000000003e-09,1.26525e-08,-6000000.00009,18978750.0,10.0
intact,plastic,-2.00000000003e-09,1.26825e-08,-6000000.00009,19023750.0,10.0
intact,plastic,-2.00000000003e-09,1.27125e-08,-6000000.00009,19068750.0,10.0
intact,plastic,-2.00000000003e-09,1.27425e-08,-6000000.00009,19113750.000033334,10.0
intact,plastic,-2.00000000003e-09,1.27725e-08,-6000000.00009,19158749.999966666,10.0
intact,plastic,-2.00000000003e-09,1.28025e-08,-6000000.00009,19203750.0,10.0
intact,plastic,-2.00000000003e-09,1.28324999999e-08,-6000000.00009,19248749.999933332,10.0
intact,plastic,-2.00000000003e-09,1.28625e-08,-6000000.00009,19293750.0,10.0
intact,plastic,-2.00000000003e-09,1.28925e-08,-6000000.00009,19338750.000066668,10.0
intact,plastic,-2.00000000003e-09,1.29225e-08,-6000000.00009,19383750.0,10.0
intact,plastic,-2.00000000003e-09,1.29525e-08,-6000000.00009,19428750.000033334,10.0
intact,plastic,-2.00000000003e-09,1.29825e-08,-6000000.00009,19473749.999966666,10.0
intact,plastic,-2.00000000003e-09,1.30125e-08,-6000000.00009,19518750.000033334,10.0
intact,plastic,-2.00000000003e-09,1.30425e-08,-6000000.00009,19563749.999966666,10.0
intact,plastic,-2.00000000003e-09,1.30725e-08,-6000000.00009,19608750.0,10.0
intact,plastic,-2.00000000003e-09,1.31025e-08,-6000000.00009,19653749.999933332,10.0
intact,plastic,-2.00000000003e-09,1.31325e-08,-6000000.00009,19698750.0,10.0
intact,plastic,-2.00000000003e-09,1.31625e-08,-6000000.00009,19743750.000066668,10.0
intact,plastic,-2.00000000003e-09,1.31925e-08,-6000000.00009,19788750.0,10.0
intact,plastic,-2.00000000003e-09,1.32225e-08,-6000000.00009,19833750.000033334,10.0
intact,plastic,-2.00000000003e-09,1.32525e-08,-6000000.00009,19878749.999966666,10.0
intact,plastic,-2.00000000003e-09,1.32825e-08,-6000000.00009,19923750.000033334,10.0
intact,plastic,-2.00000000003e-09,1.33125e-08,-6000000.00009,19968749.999966666,10.0
intact,plastic,-2.00000000003e-09,1.33425e-08,-6000000.00009,20013750.0,10.0
intact,plastic,-2.00000000003e-09,1.33725e-08,-6000000.00009,20058749.999933332,10.0
intact,plastic,-2.00000000003e-09,1.34025e-08,-6000000.00009,20103750.0,10.0
intact,plastic,-2.00000000003e-09,1.34325000001e-08,-6000000.00009,20148750.000066668,10.0
intact,plastic,-2.00000000003e-09,1.34625e-08,-6000000.00009,20193750.0,10.0
intact,plastic,-2.00000000003e-09,1.34925e-08,-6000000.00009,20238750.000033334,10.0
intact,plastic,-2.00000000003e-09,1.35225e-08,-6000000.00009,20283749.999966666,10.0
intact,plastic,-2.00000000003e-09,1.35525e-08,-6000000.00009,20328750.0,10.0
intact,plastic,-2.00000000003e-09,1.35825e-08,-6000000.00009,20373750.0,10.0
intact,plastic,-2.00000000003e-09,1.36125e-08,-6000000.00009,20418750.000033334,10.0
intact,plastic,-2.00000000003e-09,1.36425e-08,-6000000.00009,20463749.999966666,10.0
intact,plastic,-2.00000000003e-09,1.36725e-08,-6000000.00009,20508750.0,10.0
intact,plastic,-2.00000000003e-09,1.37025000001e-08,-6000000.00009,20553750.000066668,10.0
intact,plastic,-2.00000000003e-09,1.37325e-08,-6000000.00009,20598750.0,10.0
intact,plastic,-2.00000000003e-09,1.37625e-08,-6000000.00009,20643750.000033334,10.0
intact,plastic,-2.00000000003e-09,1.37925e-08,-6000000.00009,20688749.999966666,10.0
intact,plastic,-2.00000000003e-09,1.38225e-08,-6000000.00009,20733750.0,10.0
intact,plastic,-2.00000000003e-09,1.38525e-08,-6000000.00009,20778750.0,10.0
intact,plastic,-2.00000000003e-09,1.38825e-08,-6000000.00009,20823750.000033334,10.0
intact,plastic,-2.00000000003e-09,1.39125e-08,-6000000.00009,20868749.999966666,10.0
intact,plastic,-2.00000000003e-09,1.39425e-08,-6000000.00009,20913750.0,10.0
intact,plastic,-2.00000000003e-09,1.39724999999e-08,-6000000.00009,20958749.999933332,10.0
intact,plastic,-2.00000000003e-09,1.40025e-08,-6000000.00009,21003750.0,10.0
intact,plastic,-2.00000000003e-09,1.40325e-08,-6000000.00009,21048750.000066668,10.0
intact,plastic,-2.00000000003e-09,1.40625e-08,-6000000.00009,21093750.0,10.0
intact,plastic,-2.00000000003e-09,1.40925e-08,-6000000.00009,21138750.000033334,10.0
intact,plastic,-2.00000000003e-09,1.41225e-08,-6000000.00009,21183749.999966666,10.0
intact,plastic,-2.00000000003e-09,1.41525e-08,-6000000.00009,21228750.000033334,10.0
intact,plastic,-2.00000000003e-09,1.41825e-08,-6000000.00009,21273749.999966666,10.0
intact,plastic,-2.00000000003e-09,1.42125e-08,-6000000.00009,21318750.0,10.0
intact,plastic,-2.00000000003e-09,1.42425e-08,-6000000.00009,21363749.999933332,10.0
intact,plastic,-2.00000000003e-09,1.42725e-08,-6000000.00009,21408750.0,10.0
intact,plastic,-2.00000000003e-09,1.43025e-08,-6000000.00009,21453750.000066668,10.0
intact,plastic,-2.00000000003e-09,1.43325e-08,-6000000.00009,21498750.0,10.0
intact,plastic,-2.00000000003e-09,1.43625e-08,-6000000.00009,21543750.000033334,10.0
intact,plastic,-2.00000000003e-09,1.43925e-08,-6000000.00009,21588749.999966666,10.0
intact,plastic,-2.00000000003e-09,1.44225e-08,-6000000.00009,21633750.000033334,10.0
intact,plastic,-2.00000000003e-09,1.44525e-08,-6000000.00009,21678749.999966666,10.0
intact,plastic,-2.00000000003e-09,1.44825e-08,-6000000.00009,21723750.0,10.0
intact,plastic,-2.00000000003e-09,1.45125e-08,-6000000.00009,21768749.999933332,10.0
intact,plastic,-2.00000000003e-09,1.45425e-08,-6000000.00009,21813750.0,10.0
intact,plastic,-2.00000000003e-09,1.45725000001e-08,-6000000.00009,21858750.000066668,10.0
intact,plastic,-2.00000000003e-09,1.46025e-08,-6000000.00009,21903750.0,10.0
intact,plastic,-2.00000000003e-09,1.46325e-08,-6000000.00009,21948750.000033334,10.0
intact,plastic,-2.00000000003e-09,1.46625e-08,-6000000.00009,21993749.999966666,10.0
intact,plastic,-2.00000000003e-09,1.46925e-08,-6000000.00009,22038750.0,10.0
intact,plastic,-2.00000000003e-09,1.47225e-08,-6000000.00009,22083750.0,10.0
intact,plastic,-2.00000000003e-09,1.47525e-08,-6000000.00009,22128750.0,10.0
intact,plastic,-2.00000000003e-09,1.47825e-08,-6000000.00009,22173749.999966666,10.0
intact,plastic,-2.00000000003e-09,1.48125e-08,-6000000.00009,22218750.0,10.0
intact,plastic,-2.00000000003e-09,1.48425000001e-08,-6000000.00009,22263750.000066668,10.0
intact,plastic,-2.00000000003e-09,1.48725e-08,-6000000.00009,22308750.0,10.0
intact,plastic,-2.00000000003e-09,1.49025e-08,-6000000.00009,22353750.000033334,10.0
intact,plastic,-2.00000000003e-09,1.49325e-08,-6000000.00009,22398749.999966666,10.0
intact,plastic,-2.00000000003e-09,1.49625e-08,-6000000.00009,22443750.0,10.0
intact,plastic,-2.00000000003e-09,1.49925e-08,-6000000.00009,22488750.0,10.0
intact,plastic,-2.02250000005e-09,1.5e-08,-6067500.00015,22499999.999933332,11.0
intact,plastic,-2.05250000004e-09,1.5e-08,-6157500.00012,22499999.999933332,11.0
intact,plastic,-2.08250000003e-09,1.5e-08,-6247500.00008,22499999.999933332,11.0
intact,plastic,-2.11250000002e-09,1.5e-08,-6337500.00005,22499999.999933332,11.0
intact,plastic,-2.1425e-09,1.5e-08,-6427500.00001,22499999.999933332,11.0
intact,plastic,-2.17249999999e-09,1.5e-08,-6517499.99998,22499999.999933332,11.0
intact,plastic,-2.20249999998e-09,1.5e-08,-6607499.99994,22499999.999933332,11.0
intact,plastic,-2.23249999997e-09,1.5e-08,-6697499.99991,22499999.999933332,11.0
intact,plastic,-2.26249999996e-09,1.5e-08,-6787499.99988,22499999.999933332,11.0
intact,plastic,-2.29249999995e-09,1.5e-08,-6877499.99984,22499999.999933332,11.0
intact,plastic,-2.32250000004e-09,1.5e-08,-6967500.0001300005,22499999.999933332,11.0
intact,plastic,-2.35250000003e-09,1.5e-08,-7057500.000099999,22499999.999933332,11.0
intact,plastic,-2.38250000002e-09,1.5e-08,-7147500.00006,22499999.999933332,11.0
intact,plastic,-2.41250000001e-09,1.5e-08,-7237500.00003,22499999.999933332,11.0
intact,plastic,-2.4425e-09,1.5e-08,-7327499.99999,22499999.999933332,11.0
intact,plastic,-2.47249999999e-09,1.5e-08,-7417499.999960001,22499999.999933332,11.0
intact,plastic,-2.50249999998e-09,1.5e-08,-7507499.999929999,22499999.999933332,11.0
intact,plastic,-2.53249999996e-09,1.5e-08,-7597499.99989,22499999.999933332,11.0
intact,plastic,-2.56249999995e-09,1.5e-08,-7687499.99986,22499999.999933332,11.0
intact,plastic,-2.59250000005e-09,1.5e-08,-7777500.00015,22499999.999933332,11.0
intact,plastic,-2.62250000004e-09,1.5e-08,-7867500.00011,22499999.999933332,11.0
intact,plastic,-2.65250000003e-09,1.5e-08,-7957500.00008,22499999.999933332,11.0
intact,plastic,-2.68250000001e-09,1.5e-08,-8047500.000039999,22499999.999933332,11.0
intact,plastic,-2.7125e-09,1.5e-08,-8137500.00001,22499999.999933332,11.0
intact,plastic,-2.74249999999e-09,1.5e-08,-8227499.99998,22499999.999933332,11.0
intact,plastic,-2.77249999998e-09,1.5e-08,-8317499.99994,22499999.999933332,11.0
intact,plastic,-2.80249999997e-09,1.5e-08,-8407499.99991,22499999.999933332,11.0
intact,plastic,-2.83249999996e-09,1.5e-08,-8497499.99987,22499999.999933332,11.0
intact,plastic,-2.86249999995e-09,1.5e-08,-8587499.99984,22499999.999933332,11.0
intact,plastic,-2.89250000004e-09,1.5e-08,-8677500.00013,22499999.999933332,11.0
intact,plastic,-2.92250000003e-09,1.5e-08,-8767500.00009,22499999.999933332,11.0
intact,plastic,-2.95250000002e-09,1.5e-08,-8857500.00006,22499999.999933332,11.0
intact,plastic,-2.98250000001e-09,1.5e-08,-8947500.00003,22499999.999933332,11.0
intact,plastic,-3.0125e-09,1.5e-08,-9037499.99999,22499999.999933332,11.0
intact,plastic,-3.04249999999e-09,1.5e-08,-9127499.99996,22499999.999933332,11.0
intact,plastic,-3.07249999997e-09,1.5e-08,-9217499.99992,22499999.999933332,11.0
intact,plastic,-3.10249999996e-09,1.5e-08,-9307499.99989,22499999.999933332,11.0
intact,plastic,-3.13249999995e-09,1.5e-08,-9397499.99985,22499999.999933332,11.0
intact,plastic,-3.16250000005e-09,1.5e-08,-9487500.00015,22499999.999933332,11.0
intact,plastic,-3.19250000004e-09,1.5e-08,-9577500.00011,22499999.999933332,11.0
intact,plastic,-3.22250000003e-09,1.5e-08,-9667500.00008,22499999.999933332,11.0
intact,plastic,-3.25250000001e-09,1.5e-08,-9757500.00004,22499999.999933332,11.0
intact,plastic,-3.2825e-09,1.5e-08,-9847500.00001,22499999.999933332,11.0
intact,plastic,-3.31249999999e-09,1.5e-08,-9937499.99997,22499999.999933332,11.0
intact,plastic,-3.34249999998e-09,1.5e-08,-10027499.9999,22499999.999933332,11.0
intact,plastic,-3.37249999997e-09,1.5e-08,-10117499.9999,22499999.999933332,11.0
intact,plastic,-3.40249999996e-09,1.5e-08,-10207499.9999,22499999.999933332,11.0
intact,plastic,-3.43250000005e-09,1.5e-08,-10297500.0002,22499999.999933332,11.0
intact,plastic,-3.46250000004e-09,1.5e-08,-10387500.0001,22499999.999933332,11.0
intact,plastic,-3.49250000003e-09,1.5e-08,-10477500.0001,22499999.999933332,11.0
intact,plastic,-3.52250000002e-09,1.5e-08,-10567500.0001,22499999.999933332,11.0
intact,plastic,-3.55250000001e-09,1.5e-08,-10657500.0,22499999.999933332,11.0
intact,plastic,-3.5825e-09,1.5e-08,-10747500.0,22499999.999933332,11.0
intact,plastic,-3.61249999999e-09,1.5e-08,-10837500.0,22499999.999933332,11.0
intact,plastic,-3.64249999997e-09,1.5e-08,-10927499.9999,22499999.999933332,11.0
intact,plastic,-3.67249999996e-09,1.5e-08,-11017499.9999,22499999.999933332,11.0
intact,plastic,-3.70249999995e-09,1.5e-08,-11107499.9999,22499999.999933332,11.0
intact,plastic,-3.73250000005e-09,1.5e-08,-11197500.0001,22499999.999933332,11.0
intact,plastic,-3.76250000004e-09,1.5e-08,-11287500.0001,22499999.999933332,11.0
intact,plastic,-3.79250000002e-09,1.5e-08,-11377500.0001,22499999.999933332,11.0
intact,plastic,-3.82250000001e-09,1.5e-08,-11467500.0,22499999.999933332,11.0
intact,plastic,-3.8525e-09,1.5e-08,-11557500.0,22499999.999933332,11.0
intact,plastic,-3.88249999999e-09,1.5e-08,-11647500.0,22499999.999933332,11.0
intact,plastic,-3.91249999998e-09,1.5e-08,-11737499.9999,22499999.999933332,11.0
intact,plastic,-3.94249999997e-09,1.5e-08,-11827499.9999,22499999.999933332,11.0
intact,plastic,-3.97249999996e-09,1.5e-08,-11917499.9999,22499999.999933332,11.0
intact,plastic,-4.00250000005e-09,1.5e-08,-12007500.000199998,22499999.999933332,11.0
intact,plastic,-4.03250000004e-09,1.5e-08,-12097500.0001,22499999.999933332,11.0
intact,plastic,-4.06250000003e-09,1.5e-08,-12187500.0001,22499999.999933332,11.0
intact,plastic,-4.09250000002e-09,1.5e-08,-12277500.0001,22499999.999933332,11.0
intact,plastic,-4.12250000001e-09,1.5e-08,-12367500.0,22499999.999933332,11.0
intact,plastic,-4.1525e-09,1.5e-08,-12457500.0,22499999.999933332,11.0
intact,plastic,-4.18249999998e-09,1.5e-08,-12547500.0,22499999.999933332,11.0
intact,plastic,-4.21249999997e-09,1.5e-08,-12637499.9999,22499999.999933332,11.0
intact,plastic,-4.24249999996e-09,1.5e-08,-12727499.9999,22499999.999933332,11.0
intact,plastic,-4.27249999995e-09,1.5e-08,-12817499.999800002,22499999.999933332,11.0
intact,plastic,-4.30250000005e-09,1.5e-08,-12907500.0001,22499999.999933332,11.0
intact,plastic,-4.33250000004e-09,1.5e-08,-12997500.0001,22499999.999933332,11.0
intact,plastic,-4.36250000002e-09,1.5e-08,-13087500.0001,22499999.999933332,11.0
intact,plastic,-4.39250000001e-09,1.5e-08,-13177500.0,22499999.999933332,11.0
intact,plastic,-4.4225e-09,1.5e-08,-13267500.0,22499999.999933332,11.0
intact,plastic,-4.45249999999e-09,1.5e-08,-13357500.0,22499999.999933332,11.0
intact,plastic,-4.48249999998e-09,1.5e-08,-13447499.9999,22499999.999933332,11.0
intact,plastic,-4.51249999997e-09,1.5e-08,-13537499.9999,22499999.999933332,11.0
intact,plastic,-4.54249999996e-09,1.5e-08,-13627499.9999,22499999.999933332,11.0
intact,plastic,-4.57250000005e-09,1.5e-08,-13717500.000199998,22499999.999933332,11.0
intact,plastic,-4.60250000004e-09,1.5e-08,-13807500.0001,22499999.999933332,11.0
intact,plastic,-4.63250000003e-09,1.5e-08,-13897500.0001,22499999.999933332,11.0
intact,plastic,-4.66250000002e-09,1.5e-08,-13987500.0001,22499999.999933332,11.0
intact,plastic,-4.69250000001e-09,1.5e-08,-14077500.0,22499999.999933332,11.0
intact,plastic,-4.72249999999e-09,1.5e-08,-14167500.0,22499999.999933332,11.0
intact,plastic,-4.75249999998e-09,1.5e-08,-14257500.0,22499999.999933332,11.0
intact,plastic,-4.78249999997e-09,1.5e-08,-14347499.9999,22499999.999933332,11.0
intact,plastic,-4.81249999996e-09,1.5e-08,-14437499.9999,22499999.999933332,11.0
intact,plastic,-4.84249999995e-09,1.5e-08,-14527499.999800002,22499999.999933332,11.0
intact,plastic,-4.87250000005e-09,1.5e-08,-14617500.0001,22499999.999933332,11.0
intact,plastic,-4.90250000003e-09,1.5e-08,-14707500.0001,22499999.999933332,11.0
intact,plastic,-4.93250000002e-09,1.5e-08,-14797500.0001,22499999.999933332,11.0
intact,plastic,-4.96250000001e-09,1.5e-08,-14887500.0,22499999.999933332,11.0
intact,plastic,-4.9925e-09,1.5e-08,-14977500.0,22499999.999933332,11.0
intact,plastic,-5.02249999999e-09,1.5e-08,-15067500.0,22499999.999933332,11.0
intact,plastic,-5.05249999998e-09,1.5e-08,-15157499.9999,22499999.999933332,11.0
intact,plastic,-5.08249999997e-09,1.5e-08,-15247499.9999,22499999.999933332,11.0
intact,plastic,-5.11249999995e-09,1.5e-08,-15337499.9999,22499999.999933332,11.0
intact,plastic,-5.14250000005e-09,1.5e-08,-15427500.000199998,22499999.999933332,11.0
intact,plastic,-5.17250000004e-09,1.5e-08,-15517500.0001,22499999.999933332,11.0
intact,plastic,-5.20250000003e-09,1.5e-08,-15607500.0001,22499999.999933332,11.0
intact,plastic,-5.23250000002e-09,1.5e-08,-15697500.0001,22499999.999933332,11.0
intact,plastic,-5.26250000001e-09,1.5e-08,-15787500.0,22499999.999933332,11.0
intact,plastic,-5.29249999999e-09,1.5e-08,-15877500.0,22499999.999933332,11.0
intact,plastic,-5.32249999998e-09,1.5e-08,-15967499.9999,22499999.999933332,11.0
intact,plastic,-5.35249999997e-09,1.5e-08,-16057499.9999,22499999.999933332,11.0
intact,plastic,-5.38249999996e-09,1.5e-08,-16147499.9999,22499999.999933332,11.0
intact,plastic,-5.41249999995e-09,1.5e-08,-16237499.999800002,22499999.999933332,11.0
intact,plastic,-5.44250000005e-09,1.5e-08,-16327500.0001,22499999.999933332,11.0
intact,plastic,-5.47250000003e-09,1.5e-08,-16417500.0001,22499999.999933332,11.0
intact,plastic,-5.50250000002e-09,1.5e-08,-16507500.0001,22499999.999933332,11.0
intact,plastic,-5.53250000001e-09,1.5e-08,-16597500.0,22499999.999933332,11.0
intact,plastic,-5.5625e-09,1.5e-08,-16687500.0,22499999.999933332,11.0
intact,plastic,-5.59249999999e-09,1.5e-08,-16777500.0,22499999.999933332,11.0
intact,plastic,-5.62249999998e-09,1.5e-08,-16867499.9999,22499999.999933332,11.0
intact,plastic,-5.65249999997e-09,1.5e-08,-16957499.9999,22499999.999933332,11.0
intact,plastic,-5.68249999995e-09,1.5e-08,-17047499.9999,22499999.999933332,11.0
intact,plastic,-5.71250000005e-09,1.5e-08,-17137500.0002,22499999.999933332,11.0
intact,plastic,-5.74250000004e-09,1.5e-08,-17227500.0001,22499999.999933332,11.0
intact,plastic,-5.77250000003e-09,1.5e-08,-17317500.0001,22499999.999933332,11.0
intact,plastic,-5.80250000002e-09,1.5e-08,-17407500.0,22499999.999933332,11.0
intact,plastic,-5.8325e-09,1.5e-08,-17497500.0,22499999.999933332,11.0
intact,plastic,-5.86249999999e-09,1.5e-08,-17587500.0,22499999.999933332,11.0
intact,plastic,-5.89249999998e-09,1.5e-08,-17677499.9999,22499999.999933332,11.0
intact,plastic,-5.92249999997e-09,1.5e-08,-17767499.9999,22499999.999933332,11.0
intact,plastic,-5.95249999996e-09,1.5e-08,-17857499.9999,22499999.999933332,11.0
intact,plastic,-5.98249999995e-09,1.5e-08,-17947499.9998,22499999.999933332,11.0
intact,plastic,-6.01250000004e-09,1.5e-08,-18037500.0001,22499999.999933332,11.0
intact,plastic,-6.04250000003e-09,1.5e-08,-18127500.0001,22499999.999933332,11.0
intact,plastic,-6.07250000002e-09,1.5e-08,-18217500.0001,22499999.999933332,11.0
intact,plastic,-6.10250000001e-09,1.5e-08,-18307500.0,22499999.999933332,11.0
intact,plastic,-6.1325e-09,1.5e-08,-18397500.0,22499999.999933332,11.0
intact,plastic,-6.16249999999e-09,1.5e-08,-18487500.0,22499999.999933332,11.0
intact,plastic,-6.19249999998e-09,1.5e-08,-18577499.9999,22499999.999933332,11.0
intact,plastic,-6.22249999996e-09,1.5e-08,-18667499.9999,22499999.999933332,11.0
intact,plastic,-6.25249999995e-09,1.5e-08,-18757499.9999,22499999.999933332,11.0
intact,plastic,-6.28250000005e-09,1.5e-08,-18847500.0001,22499999.999933332,11.0
intact,plastic,-6.31250000004e-09,1.5e-08,-18937500.0001,22499999.999933332,11.0
intact,plastic,-6.34250000003e-09,1.5e-08,-19027500.0001,22499999.999933332,11.0
intact,plastic,-6.37250000002e-09,1.5e-08,-19117500.0,22499999.999933332,11.0
intact,plastic,-6.4025e-09,1.5e-08,-19207500.0,22499999.999933332,11.0
intact,plastic,-6.43249999999e-09,1.5e-08,-19297500.0,22499999.999933332,11.0
intact,plastic,-6.46249999998e-09,1.5e-08,-19387499.9999,22499999.999933332,11.0
intact,plastic,-6.49249999997e-09,1.5e-08,-19477499.9999,22499999.999933332,11.0
intact,plastic,-6.52249999996e-09,1.5e-08,-19567499.9999,22499999.999933332,11.0
intact,plastic,-6.55249999995e-09,1.5e-08,-19657499.9998,22499999.999933332,11.0
intact,plastic,-6.58250000004e-09,1.5e-08,-19747500.0001,22499999.999933332,11.0
intact,plastic,-6.61250000003e-09,1.5e-08,-19837500.0001,22499999.999933332,11.0
intact,plastic,-6.64250000002e-09,1.5e-08,-19927500.0001,22499999.999933332,11.0
intact,plastic,-6.67250000001e-09,1.5e-08,-20017500.0,22499999.999933332,11.0
intact,plastic,-6.7025e-09,1.5e-08,-20107500.0,22499999.999933332,11.0
intact,plastic,-6.73249999999e-09,1.5e-08,-20197500.0,22499999.999933332,11.0
intact,plastic,-6.76249999998e-09,1.5e-08,-20287499.9999,22499999.999933332,11.0
intact,plastic,-6.79249999996e-09,1.5e-08,-20377499.9999,22499999.999933332,11.0
intact,plastic,-6.82249999995e-09,1.5e-08,-20467499.9999,22499999.999933332,11.0
intact,plastic,-6.85250000005e-09,1.5e-08,-20557500.0001,22499999.999933332,11.0
intact,plastic,-6.88250000004e-09,1.5e-08,-20647500.0001,22499999.999933332,11.0
intact,plastic,-6.91250000003e-09,1.5e-08,-20737500.0001,22499999.999933332,11.0
intact,plastic,-6.94250000001e-09,1.5e-08,-20827500.0,22499999.999933332,11.0
intact,plastic,-6.9725e-09,1.5e-08,-20917500.0,22499999.999933332,11.0
intact,plastic,-7.00249999999e-09,1.5e-08,-21007500.0,22499999.999933332,11.0
intact,plastic,-7.03249999998e-09,1.5e-08,-21097499.9999,22499999.999933332,11.0
intact,plastic,-7.06249999997e-09,1.5e-08,-21187499.9999,22499999.999933332,11.0
intact,plastic,-7.09249999996e-09,1.5e-08,-21277499.9999,22499999.999933332,11.0
intact,plastic,-7.12249999995e-09,1.5e-08,-21367499.9998,22499999.999933332,11.0
intact,plastic,-7.15250000004e-09,1.5e-08,-21457500.0001,22499999.999933332,11.0
intact,plastic,-7.18250000003e-09,1.5e-08,-21547500.0001,22499999.999933332,11.0
intact,plastic,-7.21250000002e-09,1.5e-08,-21637500.0001,22499999.999933332,11.0
intact,plastic,-7.24250000001e-09,1.5e-08,-21727500.0,22499999.999933332,11.0
intact,plastic,-7.2725e-09,1.5e-08,-21817500.0,22499999.999933332,11.0
intact,plastic,-7.30249999999e-09,1.5e-08,-21907500.0,22499999.999933332,11.0
intact,plastic,-7.33249999997e-09,1.5e-08,-21997499.9999,22499999.999933332,11.0
intact,plastic,-7.36249999996e-09,1.5e-08,-22087499.9999,22499999.999933332,11.0
intact,plastic,-7.39249999995e-09,1.5e-08,-22177499.9999,22499999.999933332,11.0
intact,plastic,-7.42250000005e-09,1.5e-08,-22267500.0001,22499999.999933332,11.0
intact,plastic,-7.45250000004e-09,1.5e-08,-22357500.0001,22499999.999933332,11.0
intact,plastic,-7.48250000003e-09,1.5e-08,-22447500.0001,22499999.999933332,11.0
intact,plastic,-7.51250000001e-09,1.5e-08,-22537500.0,22499999.999933332,11.0
intact,plastic,-7.5425e-09,1.5e-08,-22627500.0,22499999.999933332,11.0
intact,plastic,-7.57249999999e-09,1.5e-08,-22717500.0,22499999.999933332,11.0
intact,plastic,-7.60249999998e-09,1.5e-08,-22807499.9999,22499999.999933332,11.0
intact,plastic,-7.63249999997e-09,1.5e-08,-22897499.9999,22499999.999933332,11.0
intact,plastic,-7.66249999996e-09,1.5e-08,-22987499.9999,22499999.999933332,11.0
intact,plastic,-7.69250000005e-09,1.5e-08,-23077500.0002,22499999.999933332,11.0
intact,plastic,-7.72250000004e-09,1.5e-08,-23167500.0001,22499999.999933332,11.0
intact,plastic,-7.75250000003e-09,1.5e-08,-23257500.0001,22499999.999933332,11.0
intact,plastic,-7.78250000002e-09,1.5e-08,-23347500.0001,22499999.999933332,11.0
intact,plastic,-7.81250000001e-09,1.5e-08,-23437500.0,22499999.999933332,11.0
intact,plastic,-7.8425e-09,1.5e-08,-23527500.0,22499999.999933332,11.0
intact,plastic,-7.87249999998e-09,1.5e-08,-23617500.0,22499999.999933332,11.0
intact,plastic,-7.90249999997e-09,1.5e-08,-23707499.9999,22499999.999933332,11.0
intact,plastic,-7.93249999996e-09,1.5e-08,-23797499.9999,22499999.999933332,11.0
intact,plastic,-7.96249999995e-09,1.5e-08,-23887499.9999,22499999.999933332,11.0
intact,plastic,-7.99250000005e-09,1.5e-08,-23977500.0001,22499999.999933332,11.0
intact,plastic,-8.02250000004e-09,1.5e-08,-24067500.0001,22499999.999933332,11.0
intact,plastic,-8.05250000002e-09,1.5e-08,-24157500.0001,22499999.999933332,11.0
intact,plastic,-8.08250000001e-09,1.5e-08,-24247500.0,22499999.999933332,11.0
intact,plastic,-8.1125e-09,1.5e-08,-24337500.0,22499999.999933332,11.0
intact,plastic,-8.14249999999e-09,1.5e-08,-24427500.0,22499999.999933332,11.0
intact,plastic,-8.17249999998e-09,1.5e-08,-24517499.9999,22499999.999933332,11.0
intact,plastic,-8.20249999997e-09,1.5e-08,-24607499.9999,22499999.999933332,11.0
intact,plastic,-8.23249999996e-09,1.5e-08,-24697499.9999,22499999.999933332,11.0
intact,plastic,-8.26250000005e-09,1.5e-08,-24787500.0002,22499999.999933332,11.0
intact,plastic,-8.29250000004e-09,1.5e-08,-24877500.0001,22499999.999933332,11.0
intact,plastic,-8.32250000003e-09,1.5e-08,-24967500.0001,22499999.999933332,11.0
intact,plastic,-8.35250000002e-09,1.5e-08,-25057500.0001,22499999.999933332,11.0
intact,plastic,-8.38250000001e-09,1.5e-08,-25147500.0,22499999.999933332,11.0
intact,plastic,-8.4125e-09,1.5e-08,-25237500.0,22499999.999933332,11.0
intact,plastic,-8.44249999998e-09,1.5e-08,-25327500.0,22499999.999933332,11.0
intact,plastic,-8.47249999997e-09,1.5e-08,-25417499.9999,22499999.999933332,11.0
intact,plastic,-8.50249999996e-09,1.5e-08,-25507499.9999,22499999.999933332,11.0
intact,plastic,-8.53249999995e-09,1.5e-08,-25597499.9998,22499999.999933332,11.0
intact,plastic,-8.56250000005e-09,1.5e-08,-25687500.0001,22499999.999933332,11.0
intact,plastic,-8.59250000004e-09,1.5e-08,-25777500.0001,22499999.999933332,11.0
intact,plastic,-8.62250000002e-09,1.5e-08,-25867500.0001,22499999.999933332,11.0
intact,plastic,-8.65250000001e-09,1.5e-08,-25957500.0,22499999.999933332,11.0
intact,plastic,-8.6825e-09,1.5e-08,-26047500.0,22499999.999933332,11.0
intact,plastic,-8.71249999999e-09,1.5e-08,-26137500.0,22499999.999933332,11.0
intact,plastic,-8.74249999998e-09,1.5e-08,-26227499.9999,22499999.999933332,11.0
intact,plastic,-8.77249999997e-09,1.5e-08,-26317499.9999,22499999.999933332,11.0
intact,plastic,-8.80249999996e-09,1.5e-08,-26407499.9999,22499999.999933332,11.0
intact,plastic,-8.83250000005e-09,1.5e-08,-26497500.0002,22499999.999933332,11.0
intact,plastic,-8.86250000004e-09,1.5e-08,-26587500.0001,22499999.999933332,11.0
intact,plastic,-8.89250000003e-09,1.5e-08,-26677500.0001,22499999.999933332,11.0
intact,plastic,-8.92250000002e-09,1.5e-08,-26767500.0001,22499999.999933332,11.0
intact,plastic,-8.95250000001e-09,1.5e-08,-26857500.0,22499999.999933332,11.0
intact,plastic,-8.98249999999e-09,1.5e-08,-26947500.0,22499999.999933332,11.0
intact,plastic,-9.01249999998e-09,1.5e-08,-27037500.0,22499999.999933332,11.0
intact,plastic,-9.04249999997e-09,1.5e-08,-27127499.9999,22499999.999933332,11.0
intact,plastic,-9.07249999996e-09,1.5e-08,-27217499.9999,22499999.999933332,11.0
intact,plastic,-9.10249999995e-09,1.5e-08,-27307499.9998,22499999.999933332,11.0
intact,plastic,-9.13250000005e-09,1.5e-08,-27397500.0001,22499999.999933332,11.0
intact,plastic,-9.16250000003e-09,1.5e-08,-27487500.0001,22499999.999933332,11.0
intact,plastic,-9.19250000002e-09,1.5e-08,-27577500.0001,22499999.999933332,11.0
intact,plastic,-9.22250000001e-09,1.5e-08,-27667500.0,22499999.999933332,11.0
intact,plastic,-9.2525e-09,1.5e-08,-27757500.0,22499999.999933332,11.0
intact,plastic,-9.28249999999e-09,1.5e-08,-27847500.0,22499999.999933332,11.0
intact,plastic,-9.31249999998e-09,1.5e-08,-27937499.9999,22499999.999933332,11.0
intact,plastic,-9.34249999997e-09,1.5e-08,-28027499.9999,22499999.999933332,11.0
intact,plastic,-9.37249999995e-09,1.5e-08,-28117499.9999,22499999.999933332,11.0
intact,plastic,-9.40250000005e-09,1.5e-08,-28207500.0002,22499999.999933332,11.0
intact,plastic,-9.43250000004e-09,1.5e-08,-28297500.0001,22499999.999933332,11.0
intact,plastic,-9.46250000003e-09,1.5e-08,-28387500.0001,22499999.999933332,11.0
intact,plastic,-9.49250000002e-09,1.5e-08,-28477500.0001,22499999.999933332,11.0
intact,plastic,-9.52250000001e-09,1.5e-08,-28567500.0,22499999.999933332,11.0
intact,plastic,-9.55249999999e-09,1.5e-08,-28657500.0,22499999.999933332,11.0
intact,plastic,-9.58249999998e-09,1.5e-08,-28747499.9999,22499999.999933332,11.0
intact,plastic,-9.61249999997e-09,1.5e-08,-28837499.9999,22499999.999933332,11.0
intact,plastic,-9.64249999996e-09,1.5e-08,-28927499.9999,22499999.999933332,11.0
intact,plastic,-9.67249999995e-09,1.5e-08,-29017499.9998,22499999.999933332,11.0
intact,plastic,-9.70250000005e-09,1.5e-08,-29107500.0001,22499999.999933332,11.0
intact,plastic,-9.73250000003e-09,1.5e-08,-29197500.0001,22499999.999933332,11.0
intact,plastic,-9.76250000002e-09,1.5e-08,-29287500.0001,22499999.999933332,11.0
intact,plastic,-9.79250000001e-09,1.5e-08,-29377500.0,22499999.999933332,11.0
intact,plastic,-9.8225e-09,1.5e-08,-29467500.0,22499999.999933332,11.0
intact,plastic,-9.85249999999e-09,1.5e-08,-29557500.0,22499999.999933332,11.0
intact,plastic,-9.88249999998e-09,1.5e-08,-29647499.9999,22499999.999933332,11.0
intact,plastic,-9.91249999996e-09,1.5e-08,-29737499.9999,22499999.999933332,11.0
intact,plastic,-9.94249999995e-09,1.5e-08,-29827499.9999,22499999.999933332,11.0
intact,plastic,-9.97250000005e-09,1.5e-08,-29917500.0002,22499999.999933332,11.0
intact,plastic,-1.00025e-08,1.5e-08,-30007500.0001,22499999.999933332,11.0
intact,plastic,-1.00325e-08,1.5e-08,-30097500.0001,22499999.999933332,11.0
intact,plastic,-1.00625e-08,1.5e-08,-30187500.0,22499999.999933332,11.0
intact,plastic,-1.00925e-08,1.5e-08,-30277500.0,22499999.999933332,11.0
intact,plastic,-1.01225e-08,1.5e-08,-30367500.0,22499999.999933332,11.0
intact,plastic,-1.01525e-08,1.5e-08,-30457499.9999,22499999.999933332,11.0
intact,plastic,-1.01825e-08,1.5e-08,-30547499.9999,22499999.999933332,11.0
intact,plastic,-1.02125e-08,1.5e-08,-30637499.9999,22499999.999933332,11.0
intact,plastic,-1.02424999999e-08,1.5e-08,-30727499.9998,22499999.999933332,11.0
intact,plastic,-1.02725e-08,1.5e-08,-30817500.0001,22499999.999933332,11.0
intact,plastic,-1.03025e-08,1.5e-08,-30907500.0001,22499999.999933332,11.0
intact,plastic,-1.03325e-08,1.5e-08,-30997500.0001,22499999.999933332,11.0
intact,plastic,-1.03625e-08,1.5e-08,-31087500.0,22499999.999933332,11.0
intact,plastic,-1.03925e-08,1.5e-08,-31177500.0,22499999.999933332,11.0
intact,plastic,-1.04225e-08,1.5e-08,-31267500.0,22499999.999933332,11.0
intact,plastic,-1.04525e-08,1.5e-08,-31357499.9999,22499999.999933332,11.0
intact,plastic,-1.04825e-08,1.5e-08,-31447499.9999,22499999.999933332,11.0
intact,plastic,-1.05125e-08,1.5e-08,-31537499.9999,22499999.999933332,11.0
intact,plastic,-1.05425e-08,1.5e-08,-31627500.0001,22499999.999933332,11.0
intact,plastic,-1.05725e-08,1.5e-08,-31717500.0001,22499999.999933332,11.0
intact,plastic,-1.06025e-08,1.5e-08,-31807500.0001,22499999.999933332,11.0
intact,plastic,-1.06325e-08,1.5e-08,-31897500.0,22499999.999933332,11.0
intact,plastic,-1.06625e-08,1.5e-08,-31987500.0,22499999.999933332,11.0
intact,plastic,-1.06925e-08,1.5e-08,-32077500.0,22499999.999933332,11.0
intact,plastic,-1.07225e-08,1.5e-08,-32167499.9999,22499999.999933332,11.0
intact,plastic,-1.07525e-08,1.5e-08,-32257499.9999,22499999.999933332,11.0
intact,plastic,-1.07825e-08,1.5e-08,-32347499.9999,22499999.999933332,11.0
intact,plastic,-1.08124999999e-08,1.5e-08,-32437499.9998,22499999.999933332,11.0
intact,plastic,-1.08425e-08,1.5e-08,-32527500.0001,22499999.999933332,11.0
intact,plastic,-1.08725e-08,1.5e-08,-32617500.0001,22499999.999933332,11.0
intact,plastic,-1.09025e-08,1.5e-08,-32707500.0001,22499999.999933332,11.0
intact,plastic,-1.09325e-08,1.5e-08,-32797500.0,22499999.999933332,11.0
intact,plastic,-1.09625e-08,1.5e-08,-32887500.0,22499999.999933332,11.0
intact,plastic,-1.09925e-08,1.5e-08,-32977500.0,22499999.999933332,11.0
intact,plastic,-1.10225e-08,1.5e-08,-33067499.9999,22499999.999933332,11.0
intact,plastic,-1.10525e-08,1.5e-08,-33157499.9999,22499999.999933332,11.0
intact,plastic,-1.10825e-08,1.5e-08,-33247499.9999,22499999.999933332,11.0
intact,plastic,-1.11125e-08,1.5e-08,-33337500.0001,22499999.999933332,11.0
intact,plastic,-1.11425e-08,1.5e-08,-33427500.0001,22499999.999933332,11.0
intact,plastic,-1.11725e-08,1.5e-08,-33517500.0001,22499999.999933332,11.0
intact,plastic,-1.12025e-08,1.5e-08,-33607500.0,22499999.999933332,11.0
intact,plastic,-1.12325e-08,1.5e-08,-33697500.0,22499999.999933332,11.0
intact,plastic,-1.12625e-08,1.5e-08,-33787500.0,22499999.999933332,11.0
intact,plastic,-1.12925e-08,1.5e-08,-33877499.9999,22499999.999933332,11.0
intact,plastic,-1.13225e-08,1.5e-08,-33967499.9999,22499999.999933332,11.0
intact,plastic,-1.13525e-08,1.5e-08,-34057499.9999,22499999.999933332,11.0
intact,plastic,-1.13824999999e-08,1.5e-08,-34147499.9998,22499999.999933332,11.0
intact,plastic,-1.14125e-08,1.5e-08,-34237500.0001,22499999.999933332,11.0
intact,plastic,-1.14425e-08,1.5e-08,-34327500.0001,22499999.999933332,11.0
intact,plastic,-1.14725e-08,1.5e-08,-34417500.0001,22499999.999933332,11.0
intact,plastic,-1.15025e-08,1.5e-08,-34507500.0,22499999.999933332,11.0
intact,plastic,-1.15325e-08,1.5e-08,-34597500.0,22499999.999933332,11.0
intact,plastic,-1.15625e-08,1.5e-08,-34687500.0,22499999.999933332,11.0
intact,plastic,-1.15925e-08,1.5e-08,-34777499.9999,22499999.999933332,11.0
intact,plastic,-1.16225e-08,1.5e-08,-34867499.9999,22499999.999933332,11.0
intact,plastic,-1.16525e-08,1.5e-08,-34957499.9999,22499999.999933332,11.0
intact,plastic,-1.16825e-08,1.5e-08,-35047500.0001,22499999.999933332,11.0
intact,plastic,-1.17125e-08,1.5e-08,-35137500.0001,22499999.999933332,11.0
intact,plastic,-1.17425e-08,1.5e-08,-35227500.0001,22499999.999933332,11.0
intact,plastic,-1.17725e-08,1.5e-08,-35317500.0,22499999.999933332,11.0
intact,plastic,-1.18025e-08,1.5e-08,-35407500.0,22499999.999933332,11.0
intact,plastic,-1.18325e-08,1.5e-08,-35497500.0,22499999.999933332,11.0
intact,plastic,-1.18625e-08,1.5e-08,-35587499.9999,22499999.999933332,11.0
intact,plastic,-1.18925e-08,1.5e-08,-35677499.9999,22499999.999933332,11.0
intact,plastic,-1.19225e-08,1.5e-08,-35767499.9999,22499999.999933332,11.0
intact,plastic,-1.19525000001e-08,1.5e-08,-35857500.0002,22499999.999933332,11.0
intact,plastic,-1.19825e-08,1.5e-08,-35947500.0001,22499999.999933332,11.0
intact,plastic,-1.20125e-08,1.5e-08,-36037500.0001,22499999.999933332,11.0
intact,plastic,-1.20425e-08,1.5e-08,-36127500.0001,22499999.999933332,11.0
intact,plastic,-1.20725e-08,1.5e-08,-36217500.0,22499999.999933332,11.0
intact,plastic,-1.21025e-08,1.5e-08,-36307500.0,22499999.999933332,11.0
intact,plastic,-1.21325e-08,1.5e-08,-36397500.0,22499999.999933332,11.0
intact,plastic,-1.21625e-08,1.5e-08,-36487499.9999,22499999.999933332,11.0
intact,plastic,-1.21925e-08,1.5e-08,-36577499.9999,22499999.999933332,11.0
intact,plastic,-1.22225e-08,1.5e-08,-36667499.9999,22499999.999933332,11.0
intact,plastic,-1.22525e-08,1.5e-08,-36757500.0001,22499999.999933332,11.0
intact,plastic,-1.22825e-08,1.5e-08,-36847500.0001,22499999.999933332,11.0
intact,plastic,-1.23125e-08,1.5e-08,-36937500.0001,22499999.999933332,11.0
intact,plastic,-1.23425e-08,1.5e-08,-37027500.0,22499999.999933332,11.0
intact,plastic,-1.23725e-08,1.5e-08,-37117500.0,22499999.999933332,11.0
intact,plastic,-1.24025e-08,1.5e-08,-37207500.0,22499999.999933332,11.0
intact,plastic,-1.24325e-08,1.5e-08,-37297499.9999,22499999.999933332,11.0
intact,plastic,-1.24625e-08,1.5e-08,-37387499.9999,22499999.999933332,11.0
intact,plastic,-1.24925e-08,1.5e-08,-37477499.9999,22499999.999933332,11.0
intact,plastic,-1.25225000001e-08,1.5e-08,-37567500.0002,22499999.999933332,11.0
intact,plastic,-1.25525e-08,1.5e-08,-37657500.0001,22499999.999933332,11.0
intact,plastic,-1.25825e-08,1.5e-08,-37747500.0001,22499999.999933332,11.0
intact,plastic,-1.26125e-08,1.5e-08,-37837500.0001,22499999.999933332,11.0
intact,plastic,-1.26425e-08,1.5e-08,-37927500.0,22499999.999933332,11.0
intact,plastic,-1.26725e-08,1.5e-08,-38017500.0,22499999.999933332,11.0
intact,plastic,-1.27025e-08,1.5e-08,-38107500.0,22499999.999933332,11.0
intact,plastic,-1.27325e-08,1.5e-08,-38197499.9999,22499999.999933332,11.0
intact,plastic,-1.27625e-08,1.5e-08,-38287499.9999,22499999.999933332,11.0
intact,plastic,-1.27924999999e-08,1.5e-08,-38377499.9998,22499999.999933332,11.0
intact,plastic,-1.28225e-08,1.5e-08,-38467500.0001,22499999.999933332,11.0
intact,plastic,-1.28525e-08,1.5e-08,-38557500.0001,22499999.999933332,11.0
intact,plastic,-1.28825e-08,1.5e-08,-38647500.0001,22499999.999933332,11.0
intact,plastic,-1.29125e-08,1.5e-08,-38737500.0,22499999.999933332,11.0
intact,plastic,-1.29425e-08,1.5e-08,-38827500.0,22499999.999933332,11.0
intact,plastic,-1.29725e-08,1.5e-08,-38917500.0,22499999.999933332,11.0
intact,plastic,-1.30025e-08,1.5e-08,-39007499.9999,22499999.999933332,11.0
intact,plastic,-1.30325e-08,1.5e-08,-39097499.9999,22499999.999933332,11.0
intact,plastic,-1.30625e-08,1.5e-08,-39187499.9999,22499999.999933332,11.0
intact,plastic,-1.30925000001e-08,1.5e-08,-39277500.0002,22499999.999933332,11.0
intact,plastic,-1.31225e-08,1.5e-08,-39367500.0001,22499999.999933332,11.0
intact,plastic,-1.31525e-08,1.5e-08,-39457500.0001,22499999.999933332,11.0
intact,plastic,-1.31825e-08,1.5e-08,-39547500.0001,22499999.999933332,11.0
intact,plastic,-1.32125e-08,1.5e-08,-39637500.0,22499999.999933332,11.0
intact,plastic,-1.32425e-08,1.5e-08,-39727500.0,22499999.999933332,11.0
intact,plastic,-1.32725e-08,1.5e-08,-39817499.9999,22499999.999933332,11.0
intact,plastic,-1.33025e-08,1.5e-08,-39907499.9999,22499999.999933332,11.0
intact,plastic,-1.33325e-08,1.5e-08,-39997499.9999,22499999.999933332,11.0
intact,plastic,-1.33624999999e-08,1.5e-08,-40087499.9998,22499999.999933332,11.0
intact,plastic,-1.33925e-08,1.5e-08,-40177500.0001,22499999.999933332,11.0
intact,plastic,-1.34225e-08,1.5e-08,-40267500.0001,22499999.999933332,11.0
intact,plastic,-1.34525e-08,1.5e-08,-40357500.0001,22499999.999933332,11.0
intact,plastic,-1.34825e-08,1.5e-08,-40447500.0,22499999.999933332,11.0
intact,plastic,-1.35125e-08,1.5e-08,-40537500.0,22499999.999933332,11.0
intact,plastic,-1.35425e-08,1.5e-08,-40627500.0,22499999.999933332,11.0
intact,plastic,-1.35725e-08,1.5e-08,-40717499.9999,22499999.999933332,11.0
intact,plastic,-1.36025e-08,1.5e-08,-40807499.9999,22499999.999933332,11.0
intact,plastic,-1.36325e-08,1.5e-08,-40897499.9999,22499999.999933332,11.0
intact,plastic,-1.36625000001e-08,1.5e-08,-40987500.0002,22499999.999933332,11.0
intact,plastic,-1.36925e-08,1.5e-08,-41077500.0001,22499999.999933332,11.0
intact,plastic,-1.37225e-08,1.5e-08,-41167500.0001,22499999.999933332,11.0
intact,plastic,-1.37525e-08,1.5e-08,-41257500.0001,22499999.999933332,11.0
intact,plastic,-1.37825e-08,1.5e-08,-41347500.0,22499999.999933332,11.0
intact,plastic,-1.38125e-08,1.5e-08,-41437500.0,22499999.999933332,11.0
intact,plastic,-1.38425e-08,1.5e-08,-41527499.9999,22499999.999933332,11.0
intact,plastic,-1.38725e-08,1.5e-08,-41617499.9999,22499999.999933332,11.0
intact,plastic,-1.39025e-08,1.5e-08,-41707499.9999,22499999.999933332,11.0
intact,plastic,-1.39324999999e-08,1.5e-08,-41797499.9998,22499999.999933332,11.0
intact,plastic,-1.39625e-08,1.5e-08,-41887500.0001,22499999.999933332,11.0
intact,plastic,-1.39925e-08,1.5e-08,-41977500.0001,22499999.999933332,11.0
intact,plastic,-1.40225e-08,1.5e-08,-42067500.0001,22499999.999933332,11.0
intact,plastic,-1.40525e-08,1.5e-08,-42157500.0,22499999.999933332,11.0
intact,plastic,-1.40825e-08,1.5e-08,-42247500.0,22499999.999933332,11.0
intact,plastic,-1.41125e-08,1.5e-08,-42337500.0,22499999.999933332,11.0
intact,plastic,-1.41425e-08,1.5e-08,-42427499.9999,22499999.999933332,11.0
intact,plastic,-1.41725e-08,1.5e-08,-42517499.9999,22499999.999933332,11.0
intact,plastic,-1.42025e-08,1.5e-08,-42607499.9999,22499999.999933332,11.0
intact,plastic,-1.42325000001e-08,1.5e-08,-42697500.0002,22499999.999933332,11.0
intact,plastic,-1.42625e-08,1.5e-08,-42787500.0001,22499999.999933332,11.0
intact,plastic,-1.42925e-08,1.5e-08,-42877500.0001,22499999.999933332,11.0
intact,plastic,-1.43225e-08,1.5e-08,-42967500.0,22499999.999933332,11.0
intact,plastic,-1.43525e-08,1.5e-08,-43057500.0,22499999.999933332,11.0
intact,plastic,-1.43825e-08,1.5e-08,-43147500.0,22499999.999933332,11.0
intact,plastic,-1.44125e-08,1.5e-08,-43237499.9999,22499999.999933332,11.0
intact,plastic,-1.44425e-08,1.5e-08,-43327499.9999,22499999.999933332,11.0
intact,plastic,-1.44725e-08,1.5e-08,-43417499.9999,22499999.999933332,11.0
intact,plastic,-1.45024999999e-08,1.5e-08,-43507499.9998,22499999.999933332,11.0
intact,plastic,-1.45325e-08,1.5e-08,-43597500.0001,22499999.999933332,11.0
intact,plastic,-1.45625e-08,1.5e-08,-43687500.0001,22499999.999933332,11.0
intact,plastic,-1.45925e-08,1.5e-08,-43777500.0001,22499999.999933332,11.0
intact,plastic,-1.46225e-08,1.5e-08,-43867500.0,22499999.999933332,11.0
intact,plastic,-1.46525e-08,1.5e-08,-43957500.0,22499999.999933332,11.0
intact,plastic,-1.46825e-08,1.5e-08,-44047500.0,22499999.999933332,11.0
intact,plastic,-1.47125e-08,1.5e-08,-44137499.9999,22499999.999933332,11.0
intact,plastic,-1.47425e-08,1.5e-08,-44227499.9999,22499999.999933332,11.0
intact,plastic,-1.47725e-08,1.5e-08,-44317499.9999,22499999.999933332,11.0
intact,plastic,-1.48025e-08,1.5e-08,-44407500.0001,22499999.999933332,11.0
intact,plastic,-1.48325e-08,1.5e-08,-44497500.0001,22499999.999933332,11.0
intact,plastic,-1.48625e-08,1.5e-08,-44587500.0001,22499999.999933332,11.0
intact,plastic,-1.48925e-08,1.5e-08,-44677500.0,22499999.999933332,11.0
intact,plastic,-1.49225e-08,1.5e-08,-44767500.0,22499999.999933332,11.0
intact,plastic,-1.49525e-08,1.5e-08,-44857500.0,22499999.999933332,11.0
intact,plastic,-1.49825e-08,1.5e-08,-44947499.999900006,22499999.999933332,11.0
intact,plastic,-1.50125e-08,1.5e-08,-45037499.999900006,22499999.999933332,11.0
intact,plastic,-1.50425e-08,1.5e-08,-45127499.999900006,22499999.999933332,11.0
intact,plastic,-1.50724999999e-08,1.5e-08,-45217499.9998,22499999.999933332,11.0
intact,plastic,-1.51025e-08,1.5e-08,-45307500.000099994,22499999.999933332,11.0
intact,plastic,-1.51325e-08,1.5e-08,-45397500.000099994,22499999.999933332,11.0
intact,plastic,-1.51625e-08,1.5e-08,-45487500.000099994,22499999.999933332,11.0
intact,plastic,-1.51925e-08,1.5e-08,-45577500.0,22499999.999933332,11.0
intact,plastic,-1.52225e-08,1.5e-08,-45667500.0,22499999.999933332,11.0
intact,plastic,-1.52525e-08,1.5e-08,-45757500.0,22499999.999933332,11.0
intact,plastic,-1.52825e-08,1.5e-08,-45847499.999900006,22499999.999933332,11.0
intact,plastic,-1.53125e-08,1.5e-08,-45937499.999900006,22499999.999933332,11.0
intact,plastic,-1.53425e-08,1.5e-08,-46027499.999900006,22499999.999933332,11.0
intact,plastic,-1.53725e-08,1.5e-08,-46117500.000099994,22499999.999933332,11.0
intact,plastic,-1.54025e-08,1.5e-08,-46207500.000099994,22499999.999933332,11.0
intact,plastic,-1.54325e-08,1.5e-08,-46297500.000099994,22499999.999933332,11.0
intact,plastic,-1.54625e-08,1.5e-08,-46387500.0,22499999.999933332,11.0
intact,plastic,-1.54925e-08,1.5e-08,-46477500.0,22499999.999933332,11.0
intact,plastic,-1.55225e-08,1.5e-08,-46567500.0,22499999.999933332,11.0
intact,plastic,-1.55525e-08,1.5e-08,-46657499.999900006,22499999.999933332,11.0
intact,plastic,-1.55825e-08,1.5e-08,-46747499.999900006,22499999.999933332,11.0
intact,plastic,-1.56125e-08,1.5e-08,-46837499.999900006,22499999.999933332,11.0
intact,plastic,-1.56425000001e-08,1.5e-08,-46927500.0002,22499999.999933332,11.0
intact,plastic,-1.56725e-08,1.5e-08,-47017500.000099994,22499999.999933332,11.0
intact,plastic,-1.57025e-08,1.5e-08,-47107500.000099994,22499999.999933332,11.0
intact,plastic,-1.57325e-08,1.5e-08,-47197500.000099994,22499999.999933332,11.0
intact,plastic,-1.57625e-08,1.5e-08,-47287500.0,22499999.999933332,11.0
intact,plastic,-1.57925e-08,1.5e-08,-47377500.0,22499999.999933332,11.0
intact,plastic,-1.58225e-08,1.5e-08,-47467500.0,22499999.999933332,11.0
intact,plastic,-1.58525e-08,1.5e-08,-47557499.999900006,22499999.999933332,11.0
intact,plastic,-1.58825e-08,1.5e-08,-47647499.999900006,22499999.999933332,11.0
intact,plastic,-1.59125e-08,1.5e-08,-47737499.999900006,22499999.999933332,11.0
intact,plastic,-1.59425e-08,1.5e-08,-47827500.000099994,22499999.999933332,11.0
intact,plastic,-1.59725e-08,1.5e-08,-47917500.000099994,22499999.999933332,11.0
intact,plastic,-1.60025e-08,1.5e-08,-48007500.000099994,22499999.999933332,11.0
intact,plastic,-1.60325e-08,1.5e-08,-48097500.0,22499999.999933332,11.0
intact,plastic,-1.60625e-08,1.5e-08,-48187500.0,22499999.999933332,11.0
intact,plastic,-1.60925e-08,1.5e-08,-48277500.0,22499999.999933332,11.0
intact,plastic,-1.61225e-08,1.5e-08,-48367499.999900006,22499999.999933332,11.0
intact,plastic,-1.61525e-08,1.5e-08,-48457499.999900006,22499999.999933332,11.0
intact,plastic,-1.61825e-08,1.5e-08,-48547499.999900006,22499999.999933332,11.0
intact,plastic,-1.62125000001e-08,1.5e-08,-48637500.0002,22499999.999933332,11.0
intact,plastic,-1.62425e-08,1.5e-08,-48727500.000099994,22499999.999933332,11.0
intact,plastic,-1.62725e-08,1.5e-08,-48817500.000099994,22499999.999933332,11.0
intact,plastic,-1.63025e-08,1.5e-08,-48907500.000099994,22499999.999933332,11.0
intact,plastic,-1.63325e-08,1.5e-08,-48997500.0,22499999.999933332,11.0
intact,plastic,-1.63625e-08,1.5e-08,-49087500.0,22499999.999933332,11.0
intact,plastic,-1.63925e-08,1.5e-08,-49177500.0,22499999.999933332,11.0
intact,plastic,-1.64225e-08,1.5e-08,-49267499.999900006,22499999.999933332,11.0
intact,plastic,-1.64525e-08,1.5e-08,-49357499.999900006,22499999.999933332,11.0
intact,plastic,-1.64825e-08,1.5e-08,-49447499.999900006,22499999.999933332,11.0
intact,plastic,-1.65125e-08,1.5e-08,-49537500.000099994,22499999.999933332,11.0
intact,plastic,-1.65425e-08,1.5e-08,-49627500.000099994,22499999.999933332,11.0
intact,plastic,-1.65725e-08,1.5e-08,-49717500.000099994,22499999.999933332,11.0
intact,plastic,-1.66025e-08,1.5e-08,-49807500.0,22499999.999933332,11.0
intact,plastic,-1.66325e-08,1.5e-08,-49897500.0,22499999.999933332,11.0
intact,plastic,-1.66625e-08,1.5e-08,-49987500.0,22499999.999933332,11.0
intact,plastic,-1.66925e-08,1.5e-08,-50077499.999900006,22499999.999933332,11.0
intact,plastic,-1.67225e-08,1.5e-08,-50167499.999900006,22499999.999933332,11.0
intact,plastic,-1.67525e-08,1.5e-08,-50257499.999900006,22499999.999933332,11.0
intact,plastic,-1.67825000001e-08,1.5e-08,-50347500.0002,22499999.999933332,11.0
intact,plastic,-1.68125e-08,1.5e-08,-50437500.000099994,22499999.999933332,11.0
intact,plastic,-1.68425e-08,1.5e-08,-50527500.000099994,22499999.999933332,11.0
intact,plastic,-1.68725e-08,1.5e-08,-50617500.000099994,22499999.999933332,11.0
intact,plastic,-1.69025e-08,1.5e-08,-50707500.0,22499999.999933332,11.0
intact,plastic,-1.69325e-08,1.5e-08,-50797500.0,22499999.999933332,11.0
intact,plastic,-1.69625e-08,1.5e-08,-50887500.0,22499999.999933332,11.0
intact,plastic,-1.69925e-08,1.5e-08,-50977499.999900006,22499999.999933332,11.0
intact,plastic,-1.70225e-08,1.5e-08,-51067499.999900006,22499999.999933332,11.0
intact,plastic,-1.70524999999e-08,1.5e-08,-51157499.9998,22499999.999933332,11.0
intact,plastic,-1.70825e-08,1.5e-08,-51247500.000099994,22499999.999933332,11.0
intact,plastic,-1.71125e-08,1.5e-08,-51337500.000099994,22499999.999933332,11.0
intact,plastic,-1.71425e-08,1.5e-08,-51427500.000099994,22499999.999933332,11.0
intact,plastic,-1.71725e-08,1.5e-08,-51517500.0,22499999.999933332,11.0
intact,plastic,-1.72025e-08,1.5e-08,-51607500.0,22499999.999933332,11.0
intact,plastic,-1.72325e-08,1.5e-08,-51697500.0,22499999.999933332,11.0
intact,plastic,-1.72625e-08,1.5e-08,-51787499.999900006,22499999.999933332,11.0
intact,plastic,-1.72925e-08,1.5e-08,-51877499.999900006,22499999.999933332,11.0
intact,plastic,-1.73225e-08,1.5e-08,-51967499.999900006,22499999.999933332,11.0
intact,plastic,-1.73525000001e-08,1.5e-08,-52057500.0002,22499999.999933332,11.0
intact,plastic,-1.73825e-08,1.5e-08,-52147500.000099994,22499999.999933332,11.0
intact,plastic,-1.74125e-08,1.5e-08,-52237500.000099994,22499999.999933332,11.0
intact,plastic,-1.74425e-08,1.5e-08,-52327500.000099994,22499999.999933332,11.0
intact,plastic,-1.74725e-08,1.5e-08,-52417500.0,22499999.999933332,11.0
intact,plastic,-1.75025e-08,1.5e-08,-52507500.0,22499999.999933332,11.0
intact,plastic,-1.75325e-08,1.5e-08,-52597499.999900006,22499999.999933332,11.0
intact,plastic,-1.75625e-08,1.5e-08,-52687499.999900006,22499999.999933332,11.0
intact,plastic,-1.75925e-08,1.5e-08,-52777499.999900006,22499999.999933332,11.0
intact,plastic,-1.76224999999e-08,1.5e-08,-52867499.9998,22499999.999933332,11.0
intact,plastic,-1.76525e-08,1.5e-08,-52957500.000099994,22499999.999933332,11.0
intact,plastic,-1.76825e-08,1.5e-08,-53047500.000099994,22499999.999933332,11.0
intact,plastic,-1.77125e-08,1.5e-08,-53137500.000099994,22499999.999933332,11.0
intact,plastic,-1.77425e-08,1.5e-08,-53227500.0,22499999.999933332,11.0
intact,plastic,-1.77725e-08,1.5e-08,-53317500.0,22499999.999933332,11.0
intact,plastic,-1.78025e-08,1.5e-08,-53407500.0,22499999.999933332,11.0
intact,plastic,-1.78325e-08,1.5e-08,-53497499.999900006,22499999.999933332,11.0
intact,plastic,-1.78625e-08,1.5e-08,-53587499.999900006,22499999.999933332,11.0
intact,plastic,-1.78925e-08,1.5e-08,-53677499.999900006,22499999.999933332,11.0
intact,plastic,-1.79225000001e-08,1.5e-08,-53767500.0002,22499999.999933332,11.0
intact,plastic,-1.79525e-08,1.5e-08,-53857500.000099994,22499999.999933332,11.0
intact,plastic,-1.79825e-08,1.5e-08,-53947500.000099994,22499999.999933332,11.0
intact,plastic,-1.80125e-08,1.5e-08,-54037500.0,22499999.999933332,11.0
intact,plastic,-1.80425e-08,1.5e-08,-54127500.0,22499999.999933332,11.0
intact,plastic,-1.80725e-08,1.5e-08,-54217500.0,22499999.999933332,11.0
intact,plastic,-1.81025e-08,1.5e-08,-54307499.999900006,22499999.999933332,11.0
intact,plastic,-1.81325e-08,1.5e-08,-54397499.999900006,22499999.999933332,11.0
intact,plastic,-1.81625e-08,1.5e-08,-54487499.999900006,22499999.999933332,11.0
intact,plastic,-1.81924999999e-08,1.5e-08,-54577499.9998,22499999.999933332,11.0
intact,plastic,-1.82225e-08,1.5e-08,-54667500.000099994,22499999.999933332,11.0
intact,plastic,-1.82525e-08,1.5e-08,-54757500.000099994,22499999.999933332,11.0
intact,plastic,-1.82825e-08,1.5e-08,-54847500.000099994,22499999.999933332,11.0
intact,plastic,-1.83125e-08,1.5e-08,-54937500.0,22499999.999933332,11.0
intact,plastic,-1.83425e-08,1.5e-08,-55027500.0,22499999.999933332,11.0
intact,plastic,-1.83725e-08,1.5e-08,-55117500.0,22499999.999933332,11.0
intact,plastic,-1.84025e-08,1.5e-08,-55207499.999900006,22499999.999933332,11.0
intact,plastic,-1.84325e-08,1.5e-08,-55297499.999900006,22499999.999933332,11.0
intact,plastic,-1.84625e-08,1.5e-08,-55387499.999900006,22499999.999933332,11.0
intact,plastic,-1.84925000001e-08,1.5e-08,-55477500.0002,22499999.999933332,11.0
intact,plastic,-1.85225e-08,1.5e-08,-55567500.000099994,22499999.999933332,11.0
intact,plastic,-1.85525e-08,1.5e-08,-55657500.000099994,22499999.999933332,11.0
intact,plastic,-1.85825e-08,1.5e-08,-55747500.0,22499999.999933332,11.0
intact,plastic,-1.86125e-08,1.5e-08,-55837500.0,22499999.999933332,11.0
intact,plastic,-1.86425e-08,1.5e-08,-55927500.0,22499999.999933332,11.0
intact,plastic,-1.86725e-08,1.5e-08,-56017499.999900006,22499999.999933332,11.0
intact,plastic,-1.87025e-08,1.5e-08,-56107499.999900006,22499999.999933332,11.0
intact,plastic,-1.87325e-08,1.5e-08,-56197499.999900006,22499999.999933332,11.0
intact,plastic,-1.87624999999e-08,1.5e-08,-56287499.9998,22499999.999933332,11.0
intact,plastic,-1.87925e-08,1.5e-08,-56377500.000099994,22499999.999933332,11.0
intact,plastic,-1.88225e-08,1.5e-08,-56467500.000099994,22499999.999933332,11.0
intact,plastic,-1.88525e-08,1.5e-08,-56557500.000099994,22499999.999933332,11.0
intact,plastic,-1.88825e-08,1.5e-08,-56647500.0,22499999.999933332,11.0
intact,plastic,-1.89125e-08,1.5e-08,-56737500.0,22499999.999933332,11.0
intact,plastic,-1.89425e-08,1.5e-08,-56827500.0,22499999.999933332,11.0
intact,plastic,-1.89725e-08,1.5e-08,-56917499.999900006,22499999.999933332,11.0
intact,plastic,-1.90025e-08,1.5e-08,-57007499.999900006,22499999.999933332,11.0
intact,plastic,-1.90325e-08,1.5e-08,-57097499.999900006,22499999.999933332,11.0
intact,plastic,-1.90625e-08,1.5e-08,-57187500.000099994,22499999.999933332,11.0
intact,plastic,-1.90925e-08,1.5e-08,-57277500.000099994,22499999.999933332,11.0
intact,plastic,-1.91225e-08,1.5e-08,-57367500.000099994,22499999.999933332,11.0
intact,plastic,-1.91525e-08,1.5e-08,-57457500.0,22499999.999933332,11.0
intact,plastic,-1.91825e-08,1.5e-08,-57547500.0,22499999.999933332,11.0
intact,plastic,-1.92125e-08,1.5e-08,-57637500.0,22499999.999933332,11.0
intact,plastic,-1.92425e-08,1.5e-08,-57727499.999900006,22499999.999933332,11.0
intact,plastic,-1.92725e-08,1.5e-08,-57817499.999900006,22499999.999933332,11.0
intact,plastic,-1.93025e-08,1.5e-08,-57907499.999900006,22499999.999933332,11.0
intact,plastic,-1.93324999999e-08,1.5e-08,-57997499.9998,22499999.999933332,11.0
intact,plastic,-1.93625e-08,1.5e-08,-58087500.000099994,22499999.999933332,11.0
intact,plastic,-1.93925e-08,1.5e-08,-58177500.000099994,22499999.999933332,11.0
intact,plastic,-1.94225e-08,1.5e-08,-58267500.000099994,22499999.999933332,11.0
intact,plastic,-1.94525e-08,1.5e-08,-58357500.0,22499999.999933332,11.0
intact,plastic,-1.94825e-08,1.5e-08,-58447500.0,22499999.999933332,11.0
intact,plastic,-1.95125e-08,1.5e-08,-58537500.0,22499999.999933332,11.0
intact,plastic,-1.95425e-08,1.5e-08,-58627499.999900006,22499999.999933332,11.0
intact,plastic,-1.95725e-08,1.5e-08,-58717499.999900006,22499999.999933332,11.0
intact,plastic,-1.96025e-08,1.5e-08,-58807499.999900006,22499999.999933332,11.0
intact,plastic,-1.96325e-08,1.5e-08,-58897500.000099994,22499999.999933332,11.0
intact,plastic,-1.96625e-08,1.5e-08,-58987500.000099994,22499999.999933332,11.0
intact,plastic,-1.96925e-08,1.5e-08,-59077500.000099994,22499999.999933332,11.0
intact,plastic,-1.97225e-08,1.5e-08,-59167500.0,22499999.999933332,11.0
intact,plastic,-1.97525e-08,1.5e-08,-59257500.0,22499999.999933332,11.0
intact,plastic,-1.97825e-08,1.5e-08,-59347500.0,22499999.999933332,11.0
intact,plastic,-1.98125e-08,1.5e-08,-59437499.999900006,22499999.999933332,11.0
intact,plastic,-1.98425e-08,1.5e-08,-59527499.999900006,22499999.999933332,11.0
intact,plastic,-1.98725e-08,1.5e-08,-59617499.999900006,22499999.999933332,11.0
intact,plastic,-1.99025000001e-08,1.5e-08,-59707500.0002,22499999.999933332,11.0
intact,plastic,-1.99325e-08,1.5e-08,-59797500.000099994,22499999.999933332,11.0
intact,plastic,-1.99625e-08,1.5e-08,-59887500.000099994,22499999.999933332,11.0
intact,plastic,-1.99925e-08,1.5e-08,-59977500.000099994,22499999.999933332,11.0
intact,plastic,-2e-08,1.49775e-08,-60000000.0,22466250.0,12.0
intact,plastic,-2e-08,1.49475e-08,-60000000.0,22421249.999933332,12.0
intact,plastic,-2e-08,1.49175e-08,-60000000.0,22376250.0,12.0
intact,plastic,-2e-08,1.48875e-08,-60000000.0,22331249.999966666,12.0
intact,plastic,-2e-08,1.48575e-08,-60000000.0,22286250.000033334,12.0
intact,plastic,-2e-08,1.48275e-08,-60000000.0,22241249.999966666,12.0
intact,plastic,-2e-08,1.47975e-08,-60000000.0,22196250.000033334,12.0
intact,plastic,-2e-08,1.47675e-08,-60000000.0,22151250.0,12.0
intact,plastic,-2e-08,1.47375e-08,-60000000.0,22106250.000066668,12.0
intact,plastic,-2e-08,1.47075e-08,-60000000.0,22061250.0,12.0
intact,plastic,-2e-08,1.46774999999e-08,-60000000.0,22016249.999933332,12.0
intact,plastic,-2e-08,1.46475e-08,-60000000.0,21971250.0,12.0
intact,plastic,-2e-08,1.46175e-08,-60000000.0,21926249.999966666,12.0
intact,plastic,-2e-08,1.45875e-08,-60000000.0,21881250.000033334,12.0
intact,plastic,-2e-08,1.45575e-08,-60000000.0,21836250.0,12.0
intact,plastic,-2e-08,1.45275e-08,-60000000.0,21791250.0,12.0
intact,plastic,-2e-08,1.44975e-08,-60000000.0,21746250.0,12.0
intact,plastic,-2e-08,1.44675e-08,-60000000.0,21701250.000033334,12.0
intact,plastic,-2e-08,1.44375e-08,-60000000.0,21656250.0,12.0
intact,plastic,-2e-08,1.44074999999e-08,-60000000.0,21611249.999933332,12.0
intact,plastic,-2e-08,1.43775e-08,-60000000.0,21566250.0,12.0
intact,plastic,-2e-08,1.43475e-08,-60000000.0,21521249.999966666,12.0
intact,plastic,-2e-08,1.43175e-08,-60000000.0,21476250.000033334,12.0
intact,plastic,-2e-08,1.42875e-08,-60000000.0,21431250.0,12.0
intact,plastic,-2e-08,1.42575e-08,-60000000.0,21386250.0,12.0
intact,plastic,-2e-08,1.42275e-08,-60000000.0,21341249.999966666,12.0
intact,plastic,-2e-08,1.41975e-08,-60000000.0,21296250.000033334,12.0
intact,plastic,-2e-08,1.41675e-08,-60000000.0,21251250.0,12.0
intact,plastic,-2e-08,1.41375000001e-08,-60000000.0,21206250.000066668,12.0
intact,plastic,-2e-08,1.41075e-08,-60000000.0,21161250.0,12.0
intact,plastic,-2e-08,1.40775e-08,-60000000.0,21116249.999933332,12.0
intact,plastic,-2e-08,1.40475e-08,-60000000.0,21071250.0,12.0
intact,plastic,-2e-08,1.40175e-08,-60000000.0,21026250.0,12.0
intact,plastic,-2e-08,1.39875e-08,-60000000.0,20981250.000033334,12.0
intact,plastic,-2e-08,1.39575e-08,-60000000.0,20936249.999966666,12.0
intact,plastic,-2e-08,1.39275e-08,-60000000.0,20891250.000033334,12.0
intact,plastic,-2e-08,1.38975e-08,-60000000.0,20846250.0,12.0
intact,plastic,-2e-08,1.38675e-08,-60000000.0,20801250.000066668,12.0
intact,plastic,-2e-08,1.38375e-08,-60000000.0,20756250.0,12.0
intact,plastic,-2e-08,1.38075e-08,-60000000.0,20711249.999933332,12.0
intact,plastic,-2e-08,1.37775e-08,-60000000.0,20666250.0,12.0
intact,plastic,-2e-08,1.37475e-08,-60000000.0,20621249.999966666,12.0
intact,plastic,-2e-08,1.37175e-08,-60000000.0,20576250.000033334,12.0
intact,plastic,-2e-08,1.36875e-08,-60000000.0,20531249.999966666,12.0
intact,plastic,-2e-08,1.36575e-08,-60000000.0,20486250.000033334,12.0
intact,plastic,-2e-08,1.36275e-08,-60000000.0,20441250.0,12.0
intact,plastic,-2e-08,1.35975e-08,-60000000.0,20396250.000066668,12.0
intact,plastic,-2e-08,1.35675e-08,-60000000.0,20351250.0,12.0
intact,plastic,-2e-08,1.35375e-08,-60000000.0,20306249.999933332,12.0
intact,plastic,-2e-08,1.35075e-08,-60000000.0,20261250.0,12.0
intact,plastic,-2e-08,1.34775e-08,-60000000.0,20216249.999966666,12.0
intact,plastic,-2e-08,1.34475e-08,-60000000.0,20171250.000033334,12.0
intact,plastic,-2e-08,1.34175e-08,-60000000.0,20126249.999966666,12.0
intact,plastic,-2e-08,1.33875e-08,-60000000.0,20081250.0,12.0
intact,plastic,-2e-08,1.33575e-08,-60000000.0,20036250.0,12.0
intact,plastic,-2e-08,1.33275e-08,-60000000.0,19991250.000066668,12.0
intact,plastic,-2e-08,1.32975e-08,-60000000.0,19946250.0,12.0
intact,plastic,-2e-08,1.32674999999e-08,-60000000.0,19901249.999933332,12.0
intact,plastic,-2e-08,1.32375e-08,-60000000.0,19856250.0,12.0
intact,plastic,-2e-08,1.32075e-08,-60000000.0,19811249.999966666,12.0
intact,plastic,-2e-08,1.31775e-08,-60000000.0,19766250.000033334,12.0
intact,plastic,-2e-08,1.31475e-08,-60000000.0,19721250.0,12.0
intact,plastic,-2e-08,1.31175e-08,-60000000.0,19676250.0,12.0
intact,plastic,-2e-08,1.30875e-08,-60000000.0,19631249.999966666,12.0
intact,plastic,-2e-08,1.30575e-08,-60000000.0,19586250.000033334,12.0
intact,plastic,-2e-08,1.30275e-08,-60000000.0,19541250.0,12.0
intact,plastic,-2e-08,1.29975000001e-08,-60000000.0,19496250.000066668,12.0
intact,plastic,-2e-08,1.29675e-08,-60000000.0,19451250.0,12.0
intact,plastic,-2e-08,1.29375e-08,-60000000.0,19406249.999933332,12.0
intact,plastic,-2e-08,1.29075e-08,-60000000.0,19361250.0,12.0
intact,plastic,-2e-08,1.28775e-08,-60000000.0,19316250.0,12.0
intact,plastic,-2e-08,1.28475e-08,-60000000.0,19271250.0,12.0
intact,plastic,-2e-08,1.28175e-08,-60000000.0,19226249.999966666,12.0
intact,plastic,-2e-08,1.27875e-08,-60000000.0,19181250.000033334,12.0
intact,plastic,-2e-08,1.27575e-08,-60000000.0,19136250.0,12.0
intact,plastic,-2e-08,1.27275000001e-08,-60000000.0,19091250.000066668,12.0
intact,plastic,-2e-08,1.26975e-08,-60000000.0,19046250.0,12.0
intact,plastic,-2e-08,1.26675e-08,-60000000.0,19001249.999933332,12.0
intact,plastic,-2e-08,1.26375e-08,-60000000.0,18956250.0,12.0
intact,plastic,-2e-08,1.26075e-08,-60000000.0,18911249.999966666,12.0
intact,plastic,-2e-08,1.25775e-08,-60000000.0,18866250.000033334,12.0
intact,plastic,-2e-08,1.25475e-08,-60000000.0,18821249.999966666,12.0
intact,plastic,-2e-08,1.25175e-08,-60000000.0,18776250.000033334,12.0
intact,plastic,-2e-08,1.24875e-08,-60000000.0,18731250.0,12.0
intact,plastic,-2e-08,1.24575e-08,-60000000.0,18686250.000066668,12.0
intact,plastic,-2e-08,1.24275e-08,-60000000.0,18641250.0,12.0
intact,plastic,-2e-08,1.23975e-08,-60000000.0,18596249.999933332,12.0
intact,plastic,-2e-08,1.23675e-08,-60000000.0,18551250.0,12.0
intact,plastic,-2e-08,1.23375e-08,-60000000.0,18506249.999966666,12.0
intact,plastic,-2e-08,1.23075e-08,-60000000.0,18461250.000033334,12.0
intact,plastic,-2e-08,1.22775e-08,-60000000.0,18416249.999966666,12.0
intact,plastic,-2e-08,1.22475e-08,-60000000.0,18371250.000033334,12.0
intact,plastic,-2e-08,1.22175e-08,-60000000.0,18326250.0,12.0
intact,plastic,-2e-08,1.21875e-08,-60000000.0,18281250.000066668,12.0
intact,plastic,-2e-08,1.21575e-08,-60000000.0,18236250.0,12.0
intact,plastic,-2e-08,1.21274999999e-08,-60000000.0,18191249.999933332,12.0
intact,plastic,-2e-08,1.20975e-08,-60000000.0,18146250.0,12.0
intact,plastic,-2e-08,1.20675e-08,-60000000.0,18101249.999966666,12.0
intact,plastic,-2e-08,1.20375e-08,-60000000.0,18056250.000033334,12.0
intact,plastic,-2e-08,1.20075e-08,-60000000.0,18011250.0,12.0
intact,plastic,-2e-08,1.19775e-08,-60000000.0,17966250.0,12.0
intact,plastic,-2e-08,1.19475e-08,-60000000.0,17921249.999966666,12.0
intact,plastic,-2e-08,1.19175e-08,-60000000.0,17876250.000033334,12.0
intact,plastic,-2e-08,1.18875e-08,-60000000.0,17831250.0,12.0
intact,plastic,-2e-08,1.18575000001e-08,-60000000.0,17786250.000066668,12.0
intact,plastic,-2e-08,1.18275e-08,-60000000.0,17741250.0,12.0
intact,plastic,-2e-08,1.17975e-08,-60000000.0,17696249.999966666,12.0
intact,plastic,-2e-08,1.17675e-08,-60000000.0,17651250.000033334,12.0
intact,plastic,-2e-08,1.17375e-08,-60000000.0,17606250.0,12.0
intact,plastic,-2e-08,1.17075e-08,-60000000.0,17561250.0,12.0
intact,plastic,-2e-08,1.16775e-08,-60000000.0,17516249.999966666,12.0
intact,plastic,-2e-08,1.16475e-08,-60000000.0,17471250.000033334,12.0
intact,plastic,-2e-08,1.16175e-08,-60000000.0,17426250.0,12.0
intact,plastic,-2e-08,1.15875000001e-08,-60000000.0,17381250.000066668,12.0
intact,plastic,-2e-08,1.15575e-08,-60000000.0,17336250.0,12.0
intact,plastic,-2e-08,1.15275e-08,-60000000.0,17291249.999933332,12.0
intact,plastic,-2e-08,1.14975e-08,-60000000.0,17246250.0,12.0
intact,plastic,-2e-08,1.14675e-08,-60000000.0,17201249.999966666,12.0
intact,plastic,-2e-08,1.14375e-08,-60000000.0,17156250.000033334,12.0
intact,plastic,-2e-08,1.14075e-08,-60000000.0,17111249.999966666,12.0
intact,plastic,-2e-08,1.13775e-08,-60000000.0,17066250.000033334,12.0
intact,plastic,-2e-08,1.13475e-08,-60000000.0,17021250.0,12.0
intact,plastic,-2e-08,1.13175e-08,-60000000.0,16976250.000066668,12.0
intact,plastic,-2e-08,1.12875e-08,-60000000.0,16931250.0,12.0
intact,plastic,-2e-08,1.12575e-08,-60000000.0,16886249.999933332,12.0
intact,plastic,-2e-08,1.12275e-08,-60000000.0,16841250.0,12.0
intact,plastic,-2e-08,1.11975e-08,-60000000.0,16796249.999966666,12.0
intact,plastic,-2e-08,1.11675e-08,-60000000.0,16751250.000033334,12.0
intact,plastic,-2e-08,1.11375e-08,-60000000.0,16706249.999966666,12.0
intact,plastic,-2e-08,1.11075e-08,-60000000.0,16661250.000033334,12.0
intact,plastic,-2e-08,1.10775e-08,-60000000.0,16616250.0,12.0
intact,plastic,-2e-08,1.10475e-08,-60000000.0,16571250.000066668,12.0
intact,plastic,-2e-08,1.10175e-08,-60000000.0,16526250.0,12.0
intact,plastic,-2e-08,1.09874999999e-08,-60000000.0,16481249.999933332,12.0
intact,plastic,-2e-08,1.09575e-08,-60000000.0,16436250.0,12.0
intact,plastic,-2e-08,1.09275e-08,-60000000.0,16391249.999966666,12.0
intact,plastic,-2e-08,1.08975e-08,-60000000.0,16346250.000033334,12.0
intact,plastic,-2e-08,1.08675e-08,-60000000.0,16301250.0,12.0
intact,plastic,-2e-08,1.08375e-08,-60000000.0,16256250.0,12.0
intact,plastic,-2e-08,1.08075e-08,-60000000.0,16211249.999966666,12.0
intact,plastic,-2e-08,1.07775e-08,-60000000.0,16166250.000033334,12.0
intact,plastic,-2e-08,1.07475e-08,-60000000.0,16121250.0,12.0
intact,plastic,-2e-08,1.07174999999e-08,-60000000.0,16076249.999933332,12.0
intact,plastic,-2e-08,1.06875e-08,-60000000.0,16031250.0,12.0
intact,plastic,-2e-08,1.06575e-08,-60000000.0,15986249.999966666,12.0
intact,plastic,-2e-08,1.06275e-08,-60000000.0,15941250.000033334,12.0
intact,plastic,-2e-08,1.05975e-08,-60000000.0,15896250.0,12.0
intact,plastic,-2e-08,1.05675e-08,-60000000.0,15851250.0,12.0
intact,plastic,-2e-08,1.05375e-08,-60000000.0,15806249.999966666,12.0
intact,plastic,-2e-08,1.05075e-08,-60000000.0,15761250.000033334,12.0
intact,plastic,-2e-08,1.04775e-08,-60000000.0,15716250.0,12.0
intact,plastic,-2e-08,1.04475000001e-08,-60000000.0,15671250.000066668,12.0
intact,plastic,-2e-08,1.04175e-08,-60000000.0,15626250.0,12.0
intact,plastic,-2e-08,1.03875e-08,-60000000.0,15581249.999933332,12.0
intact,plastic,-2e-08,1.03575e-08,-60000000.0,15536250.0,12.0
intact,plastic,-2e-08,1.03275e-08,-60000000.0,15491249.999966666,12.0
intact,plastic,-2e-08,1.02975e-08,-60000000.0,15446250.000033334,12.0
intact,plastic,-2e-08,1.02675e-08,-60000000.0,15401249.999966666,12.0
intact,plastic,-2e-08,1.02375e-08,-60000000.0,15356250.000033334,12.0
intact,plastic,-2e-08,1.02075e-08,-60000000.0,15311250.0,12.0
intact,plastic,-2e-08,1.01775e-08,-60000000.0,15266250.000066668,12.0
intact,plastic,-2e-08,1.01475e-08,-60000000.0,15221250.0,12.0
intact,plastic,-2e-08,1.01175e-08,-60000000.0,15176249.999933332,12.0
intact,plastic,-2e-08,1.00875e-08,-60000000.0,15131250.0,12.0
intact,plastic,-2e-08,1.00575e-08,-60000000.0,15086249.999966666,12.0
intact,plastic,-2e-08,1.00275e-08,-60000000.0,15041250.000033334,12.0
intact,plastic,-2e-08,9.99749999998e-09,-60000000.0,14996249.999966666,12.0
intact,plastic,-2e-08,9.96750000004e-09,-60000000.0,14951250.000033334,12.0
intact,plastic,-2e-08,9.93749999999e-09,-60000000.0,14906250.0,12.0
intact,plastic,-2e-08,9.90750000005e-09,-60000000.0,14861250.000066668,12.0
intact,plastic,-2e-08,9.8775e-09,-60000000.0,14816250.0,12.0
intact,plastic,-2e-08,9.84749999995e-09,-60000000.0,14771249.999933332,12.0
intact,plastic,-2e-08,9.81750000001e-09,-60000000.0,14726250.0,12.0
intact,plastic,-2e-08,9.78749999996e-09,-60000000.0,14681249.999966666,12.0
intact,plastic,-2e-08,9.75750000002e-09,-60000000.0,14636250.000033334,12.0
intact,plastic,-2e-08,9.72749999997e-09,-60000000.0,14591250.0,12.0
intact,plastic,-2e-08,9.69750000003e-09,-60000000.0,14546250.0,12.0
intact,plastic,-2e-08,9.66749999998e-09,-60000000.0,14501250.0,12.0
intact,plastic,-2e-08,9.63750000004e-09,-60000000.0,14456250.000066668,12.0
intact,plastic,-2e-08,9.6075e-09,-60000000.0,14411250.0,12.0
intact,plastic,-2e-08,9.57749999995e-09,-60000000.0,14366249.999933332,12.0
intact,plastic,-2e-08,9.54750000001e-09,-60000000.0,14321250.0,12.0
intact,plastic,-2e-08,9.51749999996e-09,-60000000.0,14276249.999966666,12.0
intact,plastic,-2e-08,9.48750000002e-09,-60000000.0,14231250.000033334,12.0
intact,plastic,-2e-08,9.45749999997e-09,-60000000.0,14186250.0,12.0
intact,plastic,-2e-08,9.42750000003e-09,-60000000.0,14141250.0,12.0
intact,plastic,-2e-08,9.39749999998e-09,-60000000.0,14096249.999966666,12.0
intact,plastic,-2e-08,9.36750000004e-09,-60000000.0,14051250.000033334,12.0
intact,plastic,-2e-08,9.33749999999e-09,-60000000.0,14006250.0,12.0
intact,plastic,-2e-08,9.30750000005e-09,-60000000.0,13961250.000066668,12.0
intact,plastic,-2e-08,9.2775e-09,-60000000.0,13916250.0,12.0
intact,plastic,-2e-08,9.24749999996e-09,-60000000.0,13871249.999933332,12.0
intact,plastic,-2e-08,9.21750000002e-09,-60000000.0,13826250.0,12.0
intact,plastic,-2e-08,9.18749999997e-09,-60000000.0,13781250.0,12.0
intact,plastic,-2e-08,9.15750000003e-09,-60000000.0,13736250.0,12.0
intact,plastic,-2e-08,9.12749999998e-09,-60000000.0,13691249.999966666,12.0
intact,plastic,-2e-08,9.09750000004e-09,-60000000.0,13646250.000033334,12.0
intact,plastic,-2e-08,9.06749999999e-09,-60000000.0,13601250.0,12.0
intact,plastic,-2e-08,9.03750000005e-09,-60000000.0,13556250.000066668,12.0
intact,plastic,-2e-08,9.0075e-09,-60000000.0,13511250.0,12.0
intact,plastic,-2e-08,8.97749999995e-09,-60000000.0,13466249.999933332,12.0
intact,plastic,-2e-08,8.94750000001e-09,-60000000.0,13421250.0,12.0
intact,plastic,-2e-08,8.91749999996e-09,-60000000.0,13376249.999966666,12.0
intact,plastic,-2e-08,8.88750000002e-09,-60000000.0,13331250.000033334,12.0
intact,plastic,-2e-08,8.85749999998e-09,-60000000.0,13286249.999966666,12.0
intact,plastic,-2e-08,8.82750000004e-09,-60000000.0,13241250.000033334,12.0
intact,plastic,-2e-08,8.79749999999e-09,-60000000.0,13196250.0,12.0
intact,plastic,-2e-08,8.76750000005e-09,-60000000.0,13151250.000066668,12.0
intact,plastic,-2e-08,8.7375e-09,-60000000.0,13106250.0,12.0
intact,plastic,-2e-08,8.70749999995e-09,-60000000.0,13061249.999933332,12.0
intact,plastic,-2e-08,8.67750000001e-09,-60000000.0,13016250.0,12.0
intact,plastic,-2e-08,8.64749999996e-09,-60000000.0,12971249.999966666,12.0
intact,plastic,-2e-08,8.61750000002e-09,-60000000.0,12926250.000033334,12.0
intact,plastic,-2e-08,8.58749999997e-09,-60000000.0,12881249.999966666,12.0
intact,plastic,-2e-08,8.55750000003e-09,-60000000.0,12836250.000033334,12.0
intact,plastic,-2e-08,8.52749999998e-09,-60000000.0,12791250.0,12.0
intact,plastic,-2e-08,8.49750000004e-09,-60000000.0,12746250.000066668,12.0
intact,plastic,-2e-08,8.4675e-09,-60000000.0,12701250.0,12.0
intact,plastic,-2e-08,8.43749999995e-09,-60000000.0,12656249.999933332,12.0
intact,plastic,-2e-08,8.40750000001e-09,-60000000.0,12611250.0,12.0
intact,plastic,-2e-08,8.37749999996e-09,-60000000.0,12566249.999966666,12.0
intact,plastic,-2e-08,8.34750000002e-09,-60000000.0,12521250.000033334,12.0
intact,plastic,-2e-08,8.31749999997e-09,-60000000.0,12476250.0,12.0
intact,plastic,-2e-08,8.28750000003e-09,-60000000.0,12431250.0,12.0
intact,plastic,-2e-08,8.25749999998e-09,-60000000.0,12386249.999966666,12.0
intact,plastic,-2e-08,8.22750000004e-09,-60000000.0,12341250.000033334,12.0
intact,plastic,-2e-08,8.19749999999e-09,-60000000.0,12296250.0,12.0
intact,plastic,-2e-08,8.16750000005e-09,-60000000.0,12251250.000066668,12.0
intact,plastic,-2e-08,8.13750000001e-09,-60000000.0,12206250.0,12.0
intact,plastic,-2e-08,8.10749999996e-09,-60000000.0,12161249.999966666,12.0
intact,plastic,-2e-08,8.07750000002e-09,-60000000.0,12116250.0,12.0
intact,plastic,-2e-08,8.04749999997e-09,-60000000.0,12071250.0,12.0
intact,plastic,-2e-08,8.01750000003e-09,-60000000.0,12026250.0,12.0
intact,plastic,-2e-08,7.98749999998e-09,-60000000.0,11981249.999966666,12.0
intact,plastic,-2e-08,7.95750000004e-09,-60000000.0,11936250.000033334,12.0
intact,plastic,-2e-08,7.92749999999e-09,-60000000.0,11891250.0,12.0
intact,plastic,-2e-08,7.89750000005e-09,-60000000.0,11846250.000066668,12.0
intact,plastic,-2e-08,7.8675e-09,-60000000.0,11801250.0,12.0
intact,plastic,-2e-08,7.83749999995e-09,-60000000.0,11756249.999933332,12.0
intact,plastic,-2e-08,7.80750000001e-09,-60000000.0,11711250.0,12.0
intact,plastic,-2e-08,7.77749999997e-09,-60000000.0,11666249.999966666,12.0
intact,plastic,-2e-08,7.74750000003e-09,-60000000.0,11621250.000033334,12.0
intact,plastic,-2e-08,7.71749999998e-09,-60000000.0,11576249.999966666,12.0
intact,plastic,-2e-08,7.68750000004e-09,-60000000.0,11531250.000033334,12.0
intact,plastic,-2e-08,7.65749999999e-09,-60000000.0,11486250.0,12.0
intact,plastic,-2e-08,7.62750000005e-09,-60000000.0,11441250.000066668,12.0
intact,plastic,-2e-08,7.5975e-09,-60000000.0,11396250.0,12.0
intact,plastic,-2e-08,7.56749999995e-09,-60000000.0,11351249.999933332,12.0
intact,plastic,-2e-08,7.53750000001e-09,-60000000.0,11306250.0,12.0
intact,plastic,-2e-08,7.50749999996e-09,-60000000.0,11261249.999966666,12.0
intact,plastic,-2e-08,7.47750000002e-09,-60000000.0,11216250.000033334,12.0
intact,plastic,-2e-08,7.44749999997e-09,-60000000.0,11171249.999966666,12.0
intact,plastic,-2e-08,7.41750000003e-09,-60000000.0,11126250.000033334,12.0
intact,plastic,-2e-08,7.38749999999e-09,-60000000.0,11081250.0,12.0
intact,plastic,-2e-08,7.35750000005e-09,-60000000.0,11036250.000066666,12.0
intact,plastic,-2e-08,7.3275e-09,-60000000.0,10991250.0,12.0
intact,plastic,-2e-08,7.29749999995e-09,-60000000.0,10946249.999933334,12.0
intact,plastic,-2e-08,7.26750000001e-09,-60000000.0,10901250.0,12.0
intact,plastic,-2e-08,7.23749999996e-09,-60000000.0,10856249.999966666,12.0
intact,plastic,-2e-08,7.20750000002e-09,-60000000.0,10811250.000033334,12.0
intact,plastic,-2e-08,7.17749999997e-09,-60000000.0,10766250.0,12.0
intact,plastic,-2e-08,7.14750000003e-09,-60000000.0,10721250.0,12.0
intact,plastic,-2e-08,7.11749999998e-09,-60000000.0,10676249.999966666,12.0
intact,plastic,-2e-08,7.08750000004e-09,-60000000.0,10631250.000033334,12.0
intact,plastic,-2e-08,7.05749999999e-09,-60000000.0,10586250.0,12.0
intact,plastic,-2e-08,7.02749999995e-09,-60000000.0,10541249.999933334,12.0
intact,plastic,-2e-08,6.99750000001e-09,-60000000.0,10496250.0,12.0
intact,plastic,-2e-08,6.96749999996e-09,-60000000.0,10451249.999966666,12.0
intact,plastic,-2e-08,6.93750000002e-09,-60000000.0,10406250.000033334,12.0
intact,plastic,-2e-08,6.90749999997e-09,-60000000.0,10361250.0,12.0
intact,plastic,-2e-08,6.87750000003e-09,-60000000.0,10316250.0,12.0
intact,plastic,-2e-08,6.84749999998e-09,-60000000.0,10271249.999966666,12.0
intact,plastic,-2e-08,6.81750000004e-09,-60000000.0,10226250.000033334,12.0
intact,plastic,-2e-08,6.78749999999e-09,-60000000.0,10181250.0,12.0
intact,plastic,-2e-08,6.75750000005e-09,-60000000.0,10136250.000066666,12.0
intact,plastic,-2e-08,6.7275e-09,-60000000.0,10091250.0,12.0
intact,plastic,-2e-08,6.69749999995e-09,-60000000.0,10046249.999933334,12.0
intact,plastic,-2e-08,6.66750000001e-09,-60000000.0,10001250.0,12.0
intact,plastic,-2e-08,6.63749999997e-09,-60000000.0,9956249.999986667,12.0
intact,plastic,-2e-08,6.60750000003e-09,-60000000.0,9911250.000053333,12.0
intact,plastic,-2e-08,6.57749999998e-09,-60000000.0,9866249.999956666,12.0
intact,plastic,-2e-08,6.54750000004e-09,-60000000.0,9821250.000023333,12.0
intact,plastic,-2e-08,6.51749999999e-09,-60000000.0,9776249.999976667,12.0
intact,plastic,-2e-08,6.48750000005e-09,-60000000.0,9731250.000043333,12.0
intact,plastic,-2e-08,6.4575e-09,-60000000.0,9686250.0,12.0
intact,plastic,-2e-08,6.42749999995e-09,-60000000.0,9641249.99996,12.0
intact,plastic,-2e-08,6.39750000001e-09,-60000000.0,9596250.000026666,12.0
intact,plastic,-2e-08,6.36749999996e-09,-60000000.0,9551249.999983333,12.0
intact,plastic,-2e-08,6.33750000002e-09,-60000000.0,9506250.00005,12.0
intact,plastic,-2e-08,6.30749999997e-09,-60000000.0,9461249.999946667,12.0
intact,plastic,-2e-08,6.27750000003e-09,-60000000.0,9416250.000013333,12.0
intact,plastic,-2e-08,6.24749999999e-09,-60000000.0,9371249.999973334,12.0
intact,plastic,-2e-08,6.21750000005e-09,-60000000.0,9326250.00004,12.0
intact,plastic,-2e-08,6.1875e-09,-60000000.0,9281249.999996668,12.0
intact,plastic,-2e-08,6.15749999995e-09,-60000000.0,9236249.999953331,12.0
intact,plastic,-2e-08,6.12750000001e-09,-60000000.0,9191250.000016667,12.0
intact,plastic,-2e-08,6.09749999996e-09,-60000000.0,9146249.999973333,12.0
intact,plastic,-2e-08,6.06750000002e-09,-60000000.0,9101250.00004,12.0
intact,plastic,-2e-08,6.03749999997e-09,-60000000.0,9056250.0,12.0
intact,plastic,-2e-08,6.00750000003e-09,-60000000.0,9011250.000013333,12.0
intact,plastic,-2e-08,5.97749999998e-09,-60000000.0,8966249.999970002,12.0
intact,plastic,-2e-08,5.94750000004e-09,-60000000.0,8921250.000033334,12.0
intact,plastic,-2e-08,5.9175e-09,-60000000.0,8876249.99999,12.0
intact,plastic,-2e-08,5.88749999995e-09,-60000000.0,8831249.999946667,12.0
intact,plastic,-2e-08,5.85750000001e-09,-60000000.0,8786250.000013335,12.0
intact,plastic,-2e-08,5.82749999996e-09,-60000000.0,8741249.999973333,12.0
intact,plastic,-2e-08,5.79750000002e-09,-60000000.0,8696250.000036666,12.0
intact,plastic,-2e-08,5.76749999997e-09,-60000000.0,8651249.999993334,12.0
intact,plastic,-2e-08,5.73750000003e-09,-60000000.0,8606250.000003332,12.0
intact,plastic,-2e-08,5.70749999998e-09,-60000000.0,8561249.99996,12.0
intact,plastic,-2e-08,5.67750000004e-09,-60000000.0,8516250.000026667,12.0
intact,plastic,-2e-08,5.64749999999e-09,-60000000.0,8471249.999986665,12.0
intact,plastic,-2e-08,5.61750000005e-09,-60000000.0,8426250.000053333,12.0
intact,plastic,-2e-08,5.5875e-09,-60000000.0,8381250.00001,12.0
intact,plastic,-2e-08,5.55749999996e-09,-60000000.0,8336249.999963333,12.0
intact,plastic,-2e-08,5.52750000002e-09,-60000000.0,8291250.00003,12.0
intact,plastic,-2e-08,5.49749999997e-09,-60000000.0,8246249.999986666,12.0
intact,plastic,-2e-08,5.46750000003e-09,-60000000.0,8201250.000053334,12.0
intact,plastic,-2e-08,5.43749999998e-09,-60000000.0,8156249.999960001,12.0
intact,plastic,-2e-08,5.40750000004e-09,-60000000.0,8111250.000023332,12.0
intact,plastic,-2e-08,5.37749999999e-09,-60000000.0,8066249.999976666,12.0
intact,plastic,-2e-08,5.34750000005e-09,-60000000.0,8021250.0000433335,12.0
intact,plastic,-2e-08,5.3175e-09,-60000000.0,7976250.0,12.0
intact,plastic,-2e-08,5.28749999995e-09,-60000000.0,7931249.999959999,12.0
intact,plastic,-2e-08,5.25750000001e-09,-60000000.0,7886250.000026667,12.0
intact,plastic,-2e-08,5.22749999996e-09,-60000000.0,7841249.999983333,12.0
intact,plastic,-2e-08,5.19750000002e-09,-60000000.0,7796250.000050001,12.0
intact,plastic,-2e-08,5.16749999998e-09,-60000000.0,7751249.999949999,12.0
intact,plastic,-2e-08,5.13750000004e-09,-60000000.0,7706250.000016667,12.0
intact,plastic,-2e-08,5.10749999999e-09,-60000000.0,7661249.999973333,12.0
intact,plastic,-2e-08,5.07750000005e-09,-60000000.0,7616250.000040001,12.0
intact,plastic,-2e-08,5.0475e-09,-60000000.0,7571250.0,12.0
intact,plastic,-2e-08,5.01749999995e-09,-60000000.0,7526249.9999566665,12.0
intact,plastic,-2e-08,4.98750000001e-09,-60000000.0,7481250.000023334,12.0
intact,plastic,-2e-08,4.95749999996e-09,-60000000.0,7436249.999976668,12.0
intact,plastic,-2e-08,4.92750000002e-09,-60000000.0,7391250.000039999,12.0
intact,plastic,-2e-08,4.89749999997e-09,-60000000.0,7346249.999946666,12.0
intact,plastic,-2e-08,4.86750000003e-09,-60000000.0,7301250.000013334,12.0
intact,plastic,-2e-08,4.83749999998e-09,-60000000.0,7256249.99997,12.0
intact,plastic,-2e-08,4.80750000004e-09,-60000000.0,7211250.000036667,12.0
intact,plastic,-2e-08,4.7775e-09,-60000000.0,7166249.99999,12.0
intact,plastic,-2e-08,4.74749999995e-09,-60000000.0,7121249.999946666,12.0
intact,plastic,-2e-08,4.71750000001e-09,-60000000.0,7076250.000013333,12.0
intact,plastic,-2e-08,4.68749999996e-09,-60000000.0,7031249.999973333,12.0
intact,plastic,-2e-08,4.65750000002e-09,-60000000.0,6986250.000039999,12.0
intact,plastic,-2e-08,4.62749999997e-09,-60000000.0,6941249.999996667,12.0
intact,plastic,-2e-08,4.59750000003e-09,-60000000.0,6896250.0000066655,12.0
intact,plastic,-2e-08,4.56749999998e-09,-60000000.0,6851249.999963333,12.0
intact,plastic,-2e-08,4.53750000004e-09,-60000000.0,6806250.000026667,12.0
intact,plastic,-2e-08,4.50749999999e-09,-60000000.0,6761249.999986667,12.0
intact,plastic,-2e-08,4.47750000005e-09,-60000000.0,6716250.000053334,12.0
intact,plastic,-2e-08,4.4475e-09,-60000000.0,6671250.00001,12.0
intact,plastic,-2e-08,4.41749999996e-09,-60000000.0,6626249.999966667,12.0
intact,plastic,-2e-08,4.38750000002e-09,-60000000.0,6581250.00003,12.0
intact,plastic,-2e-08,4.35749999997e-09,-60000000.0,6536249.999986666,12.0
intact,plastic,-2e-08,4.32750000003e-09,-60000000.0,6491250.0,12.0
intact,plastic,-2e-08,4.29749999998e-09,-60000000.0,6446249.999960001,12.0
intact,plastic,-2e-08,4.26750000004e-09,-60000000.0,6401250.000026667,12.0
intact,plastic,-2e-08,4.23749999999e-09,-60000000.0,6356249.999983334,12.0
intact,plastic,-2e-08,4.20750000005e-09,-60000000.0,6311250.000046667,12.0
intact,plastic,-2e-08,4.1775e-09,-60000000.0,6266250.000003333,12.0
intact,plastic,-2e-08,4.14749999995e-09,-60000000.0,6221249.999959999,12.0
intact,plastic,-2e-08,4.11750000001e-09,-60000000.0,6176250.000026667,12.0
intact,plastic,-2e-08,4.08749999997e-09,-60000000.0,6131249.999986666,12.0
intact,plastic,-2e-08,4.05750000003e-09,-60000000.0,6086250.000053334,12.0
intact,plastic,-2e-08,4.02749999998e-09,-60000000.0,6041249.999949999,12.0
intact,plastic,-2e-08,3.99750000004e-09,-60000000.0,5996250.000016667,12.0
intact,plastic,-2e-08,3.96749999999e-09,-60000000.0,5951249.999973333,12.0
intact,plastic,-2e-08,3.93750000005e-09,-60000000.0,5906250.000040001,12.0
intact,plastic,-2e-08,3.9075e-09,-60000000.0,5861250.0,12.0
intact,plastic,-2e-08,3.87749999995e-09,-60000000.0,5816249.9999566665,12.0
intact,plastic,-2e-08,3.84750000001e-09,-60000000.0,5771250.000023334,12.0
intact,plastic,-2e-08,3.81749999996e-09,-60000000.0,5726249.999976668,12.0
intact,plastic,-2e-08,3.78750000002e-09,-60000000.0,5681250.000043333,12.0
intact,plastic,-2e-08,3.75749999997e-09,-60000000.0,5636249.999946666,12.0
intact,plastic,-2e-08,3.72750000003e-09,-60000000.0,5591250.000013334,12.0
intact,plastic,-2e-08,3.69749999999e-09,-60000000.0,5546249.999973333,12.0
intact,plastic,-2e-08,3.66750000005e-09,-60000000.0,5501250.000036667,12.0
intact,plastic,-2e-08,3.6375e-09,-60000000.0,5456249.999996667,12.0
intact,plastic,-2e-08,3.60749999995e-09,-60000000.0,5411249.99995,12.0
intact,plastic,-2e-08,3.57750000001e-09,-60000000.0,5366250.000013333,12.0
intact,plastic,-2e-08,3.54749999996e-09,-60000000.0,5321249.999973333,12.0
intact,plastic,-2e-08,3.51750000002e-09,-60000000.0,5276250.000039999,12.0
intact,plastic,-2e-08,3.48749999997e-09,-60000000.0,5231249.999996667,12.0
intact,plastic,-2e-08,3.45750000003e-09,-60000000.0,5186250.00001,12.0
intact,plastic,-2e-08,3.42749999998e-09,-60000000.0,5141249.999963333,12.0
intact,plastic,-2e-08,3.39750000004e-09,-60000000.0,5096250.00003,12.0
intact,plastic,-2e-08,3.36749999999e-09,-60000000.0,5051249.999986667,12.0
intact,plastic,-2e-08,3.33750000005e-09,-60000000.0,5006250.000053333,12.0
intact,plastic,-2e-08,3.30750000001e-09,-60000000.0,4961250.000013333,12.0
intact,plastic,-2e-08,3.27749999996e-09,-60000000.0,4916249.99997,12.0
intact,plastic,-2e-08,3.24750000002e-09,-60000000.0,4871250.000036667,12.0
intact,plastic,-2e-08,3.21749999997e-09,-60000000.0,4826249.99999,12.0
intact,plastic,-2e-08,3.18750000003e-09,-60000000.0,4781250.0,12.0
intact,plastic,-2e-08,3.15749999998e-09,-60000000.0,4736249.999960001,12.0
intact,plastic,-2e-08,3.12750000004e-09,-60000000.0,4691250.000026667,12.0
intact,plastic,-2e-08,3.09749999999e-09,-60000000.0,4646249.999983334,12.0
intact,plastic,-2e-08,3.06750000005e-09,-60000000.0,4601250.00005,12.0
intact,plastic,-2e-08,3.0375e-09,-60000000.0,4556250.000003333,12.0
intact,plastic,-2e-08,3.00749999995e-09,-60000000.0,4511249.999959999,12.0
intact,plastic,-2e-08,2.97750000001e-09,-60000000.0,4466250.000026667,12.0
intact,plastic,-2e-08,2.94749999997e-09,-60000000.0,4421249.999986666,12.0
intact,plastic,-2e-08,2.91750000003e-09,-60000000.0,4376250.000053333,12.0
intact,plastic,-2e-08,2.88749999998e-09,-60000000.0,4331249.9999566665,12.0
intact,plastic,-2e-08,2.85750000004e-09,-60000000.0,4286250.00002,12.0
intact,plastic,-2e-08,2.82749999999e-09,-60000000.0,4241249.999976666,12.0
intact,plastic,-2e-08,2.79750000005e-09,-60000000.0,4196250.000040001,12.0
intact,plastic,-2e-08,2.7675e-09,-60000000.0,4151250.0,12.0
intact,plastic,-2e-08,2.73749999995e-09,-60000000.0,4106249.99996,12.0
intact,plastic,-2e-08,2.70750000001e-09,-60000000.0,4061250.000026667,12.0
intact,plastic,-2e-08,2.67749999996e-09,-60000000.0,4016249.9999800003,12.0
intact,plastic,-2e-08,2.64750000002e-09,-60000000.0,3971250.000043333,12.0
intact,plastic,-2e-08,2.61749999997e-09,-60000000.0,3926249.999946667,12.0
intact,plastic,-2e-08,2.58750000003e-09,-60000000.0,3881250.0000133333,12.0
intact,plastic,-2e-08,2.55749999999e-09,-60000000.0,3836249.999973333,12.0
intact,plastic,-2e-08,2.52750000005e-09,-60000000.0,3791250.00004,12.0
intact,plastic,-2e-08,2.4975e-09,-60000000.0,3746249.9999966663,12.0
intact,plastic,-2e-08,2.46749999995e-09,-60000000.0,3701249.9999499996,12.0
intact,plastic,-2e-08,2.43750000001e-09,-60000000.0,3656250.000016667,12.0
intact,plastic,-2e-08,2.40749999996e-09,-60000000.0,3611249.999973333,12.0
intact,plastic,-2e-08,2.37750000002e-09,-60000000.0,3566250.0000400003,12.0
intact,plastic,-2e-08,2.34749999997e-09,-60000000.0,3521250.0,12.0
intact,plastic,-2e-08,2.31750000003e-09,-60000000.0,3476250.00001,12.0
intact,plastic,-2e-08,2.28749999998e-09,-60000000.0,3431249.9999700002,12.0
intact,plastic,-2e-08,2.25750000004e-09,-60000000.0,3386250.0000333334,12.0
intact,plastic,-2e-08,2.22749999999e-09,-60000000.0,3341249.9999866667,12.0
intact,plastic,-2e-08,2.19749999995e-09,-60000000.0,3296249.9999466664,12.0
intact,plastic,-2e-08,2.16750000001e-09,-60000000.0,3251250.0000133333,12.0
intact,plastic,-2e-08,2.13749999996e-09,-60000000.0,3206249.9999700002,12.0
intact,plastic,-2e-08,2.10750000002e-09,-60000000.0,3161250.0000366666,12.0
intact,plastic,-2e-08,2.07749999997e-09,-60000000.0,3116249.9999933336,12.0
intact,plastic,-2e-08,2.04750000003e-09,-60000000.0,3071250.0000033337,12.0
intact,plastic,-2e-08,2.01749999998e-09,-60000000.0,3026249.9999599997,12.0
intact,plastic,-2e-08,1.98750000004e-09,-60000000.0,2981250.000026667,12.0
intact,plastic,-2e-08,1.95749999999e-09,-60000000.0,2936249.9999866667,12.0
intact,plastic,-2e-08,1.92750000005e-09,-60000000.0,2891250.0000533336,12.0
intact,plastic,-2e-08,1.8975e-09,-60000000.0,2846250.00001,12.0
intact,plastic,-2e-08,1.86749999996e-09,-60000000.0,2801249.9999633334,12.0
intact,plastic,-2e-08,1.83750000002e-09,-60000000.0,2756250.00003,12.0
intact,plastic,-2e-08,1.80749999997e-09,-60000000.0,2711249.9999866667,12.0
intact,plastic,-2e-08,1.77750000003e-09,-60000000.0,2666250.000053333,12.0
intact,plastic,-2e-08,1.74749999998e-09,-60000000.0,2621249.999956667,12.0
intact,plastic,-2e-08,1.71750000004e-09,-60000000.0,2576250.0000233334,12.0
intact,plastic,-2e-08,1.68749999999e-09,-60000000.0,2531249.999976666,12.0
intact,plastic,-2e-08,1.65750000005e-09,-60000000.0,2486250.000043333,12.0
intact,plastic,-2e-08,1.6275e-09,-60000000.0,2441250.0,12.0
intact,plastic,-2e-08,1.59749999995e-09,-60000000.0,2396249.99996,12.0
intact,plastic,-2e-08,1.56750000001e-09,-60000000.0,2351250.0000266666,12.0
intact,plastic,-2e-08,1.53749999996e-09,-60000000.0,2306249.999983333,12.0
intact,plastic,-2e-08,1.50750000002e-09,-60000000.0,2261250.0000500004,12.0
intact,plastic,-2e-08,1.47749999998e-09,-60000000.0,2216249.9999499996,12.0
intact,plastic,-2e-08,1.44750000004e-09,-60000000.0,2171250.0000133333,12.0
intact,plastic,-2e-08,1.41749999999e-09,-60000000.0,2126249.9999733334,12.0
intact,plastic,-2e-08,1.38750000005e-09,-60000000.0,2081250.00004,12.0
intact,plastic,-2e-08,1.3575e-09,-60000000.0,2036250.0,12.0
intact,plastic,-2e-08,1.32749999995e-09,-60000000.0,1991249.9999533333,12.0
intact,plastic,-2e-08,1.29750000001e-09,-60000000.0,1946250.000016667,12.0
intact,plastic,-2e-08,1.26749999996e-09,-60000000.0,1901249.9999766666,12.0
intact,plastic,-2e-08,1.23750000002e-09,-60000000.0,1856250.00004,12.0
intact,plastic,-2e-08,1.20749999997e-09,-60000000.0,1811250.0,12.0
intact,plastic,-2e-08,1.17750000003e-09,-60000000.0,1766250.0000133335,12.0
intact,plastic,-2e-08,1.14749999998e-09,-60000000.0,1721249.99997,12.0
intact,plastic,-2e-08,1.11750000004e-09,-60000000.0,1676250.0000333332,12.0
intact,plastic,-2e-08,1.0875e-09,-60000000.0,1631249.9999900002,12.0
intact,plastic,-2e-08,1.05749999995e-09,-60000000.0,1586249.9999466669,12.0
intact,plastic,-2e-08,1.02750000001e-09,-60000000.0,1541250.0000133335,12.0
intact,plastic,-2e-08,9.97499999959e-10,-60000000.0,1496249.9999733334,12.0
intact,plastic,-2e-08,9.67500000019e-10,-60000000.0,1451250.00004,12.0
intact,plastic,-2e-08,9.3749999997e-10,-60000000.0,1406249.9999966668,12.0
intact,plastic,-2e-08,9.0750000003e-10,-60000000.0,1361250.0000066666,12.0
intact,plastic,-2e-08,8.77499999982e-10,-60000000.0,1316249.99996,12.0
intact,plastic,-2e-08,8.47500000042e-10,-60000000.0,1271250.0000266666,12.0
intact,plastic,-2e-08,8.17499999993e-10,-60000000.0,1226249.9999866667,12.0
intact,plastic,-2e-08,7.87500000053e-10,-60000000.0,1181250.0000533334,12.0
intact,plastic,-2e-08,7.57500000004e-10,-60000000.0,1136250.00001,12.0
intact,plastic,-2e-08,7.27499999956e-10,-60000000.0,1091249.9999666668,12.0
intact,plastic,-2e-08,6.97500000016e-10,-60000000.0,1046250.0000300001,12.0
intact,plastic,-2e-08,6.67499999967e-10,-60000000.0,1001249.9999866666,12.0
intact,plastic,-2e-08,6.37500000027e-10,-60000000.0,956250.0000006667,12.0
intact,plastic,-2e-08,6.07499999979e-10,-60000000.0,911249.9999576667,12.0
intact,plastic,-2e-08,5.77500000039e-10,-60000000.0,866250.0000233334,12.0
intact,plastic,-2e-08,5.4749999999e-10,-60000000.0,821249.999981,12.0
intact,plastic,-2e-08,5.1750000005e-10,-60000000.0,776250.0000463333,12.0
intact,plastic,-2e-08,4.87500000002e-10,-60000000.0,731250.0000036666,12.0
intact,plastic,-2e-08,4.57499999953e-10,-60000000.0,686249.9999606666,12.0
intact,plastic,-2e-08,4.27500000013e-10,-60000000.0,641250.0000266667,12.0
intact,plastic,-2e-08,3.97499999965e-10,-60000000.0,596249.9999836667,12.0
intact,plastic,-2e-08,3.67500000025e-10,-60000000.0,551250.0000493334,12.0
intact,plastic,-2e-08,3.37499999976e-10,-60000000.0,506249.99995233334,12.0
intact,plastic,-2e-08,3.07500000036e-10,-60000000.0,461250.00001799996,12.0
intact,plastic,-2e-08,2.77499999988e-10,-60000000.0,416249.9999756667,12.0
intact,plastic,-2e-08,2.47500000048e-10,-60000000.0,371250.000041,12.0
intact,plastic,-2e-08,2.17499999999e-10,-60000000.0,326249.99999833334,12.0
intact,plastic,-2e-08,1.87499999951e-10,-60000000.0,281249.99995533336,12.0
intact,plastic,-2e-08,1.57500000011e-10,-60000000.0,236250.00002133334,12.0
intact,plastic,-2e-08,1.27499999962e-10,-60000000.0,191249.99997833333,12.0
intact,plastic,-2e-08,9.7500000022e-11,-60000000.0,146250.000044,12.0
intact,plastic,-2e-08,6.74999999736e-11,-60000000.0,101249.999947,12.0
intact,plastic,-2e-08,3.75000000335e-11,-60000000.0,56250.000012766664,12.0
intact,plastic,-2e-08,7.49999998502e-12,-60000000.0,11249.999969999999,12.0
intact,plastic,-1.99775e-08,0.0,-59932499.999900006,0.0,13.0
intact,plastic,-1.99475e-08,0.0,-59842499.999900006,0.0,13.0
intact,plastic,-1.99175e-08,0.0,-59752500.0,0.0,13.0
intact,plastic,-1.98875e-08,0.0,-59662500.0,0.0,13.0
intact,plastic,-1.98575e-08,0.0,-59572500.000099994,0.0,13.0
intact,plastic,-1.98275e-08,0.0,-59482500.000099994,0.0,13.0
intact,plastic,-1.97975e-08,0.0,-59392500.000099994,0.0,13.0
intact,plastic,-1.97675000001e-08,0.0,-59302500.0002,0.0,13.0
intact,plastic,-1.97375e-08,0.0,-59212499.999900006,0.0,13.0
intact,plastic,-1.97075e-08,0.0,-59122499.999900006,0.0,13.0
intact,plastic,-1.96775e-08,0.0,-59032499.999900006,0.0,13.0
intact,plastic,-1.96475e-08,0.0,-58942500.0,0.0,13.0
intact,plastic,-1.96175e-08,0.0,-58852500.0,0.0,13.0
intact,plastic,-1.95875e-08,0.0,-58762500.0,0.0,13.0
intact,plastic,-1.95575e-08,0.0,-58672500.000099994,0.0,13.0
intact,plastic,-1.95275e-08,0.0,-58582500.000099994,0.0,13.0
intact,plastic,-1.94975e-08,0.0,-58492500.000099994,0.0,13.0
intact,plastic,-1.94674999999e-08,0.0,-58402499.9998,0.0,13.0
intact,plastic,-1.94375e-08,0.0,-58312499.999900006,0.0,13.0
intact,plastic,-1.94075e-08,0.0,-58222499.999900006,0.0,13.0
intact,plastic,-1.93775e-08,0.0,-58132500.0,0.0,13.0
intact,plastic,-1.93475e-08,0.0,-58042500.0,0.0,13.0
intact,plastic,-1.93175e-08,0.0,-57952500.0,0.0,13.0
intact,plastic,-1.92875e-08,0.0,-57862500.000099994,0.0,13.0
intact,plastic,-1.92575e-08,0.0,-57772500.000099994,0.0,13.0
intact,plastic,-1.92275e-08,0.0,-57682500.000099994,0.0,13.0
intact,plastic,-1.91975000001e-08,0.0,-57592500.0002,0.0,13.0
intact,plastic,-1.91675e-08,0.0,-57502499.999900006,0.0,13.0
intact,plastic,-1.91375e-08,0.0,-57412499.999900006,0.0,13.0
intact,plastic,-1.91075e-08,0.0,-57322499.999900006,0.0,13.0
intact,plastic,-1.90775e-08,0.0,-57232500.0,0.0,13.0
intact,plastic,-1.90475e-08,0.0,-57142500.0,0.0,13.0
intact,plastic,-1.90175e-08,0.0,-57052500.0,0.0,13.0
intact,plastic,-1.89875e-08,0.0,-56962500.000099994,0.0,13.0
intact,plastic,-1.89575e-08,0.0,-56872500.000099994,0.0,13.0
intact,plastic,-1.89275e-08,0.0,-56782500.000099994,0.0,13.0
intact,plastic,-1.88974999999e-08,0.0,-56692499.9998,0.0,13.0
intact,plastic,-1.88675e-08,0.0,-56602499.999900006,0.0,13.0
intact,plastic,-1.88375e-08,0.0,-56512499.999900006,0.0,13.0
intact,plastic,-1.88075e-08,0.0,-56422500.0,0.0,13.0
intact,plastic,-1.87775e-08,0.0,-56332500.0,0.0,13.0
intact,plastic,-1.87475e-08,0.0,-56242500.0,0.0,13.0
intact,plastic,-1.87175e-08,0.0,-56152500.000099994,0.0,13.0
intact,plastic,-1.86875e-08,0.0,-56062500.000099994,0.0,13.0
intact,plastic,-1.86575e-08,0.0,-55972500.000099994,0.0,13.0
intact,plastic,-1.86275000001e-08,0.0,-55882500.0002,0.0,13.0
intact,plastic,-1.85975e-08,0.0,-55792499.999900006,0.0,13.0
intact,plastic,-1.85675e-08,0.0,-55702499.999900006,0.0,13.0
intact,plastic,-1.85375e-08,0.0,-55612499.999900006,0.0,13.0
intact,plastic,-1.85075e-08,0.0,-55522500.0,0.0,13.0
intact,plastic,-1.84775e-08,0.0,-55432500.0,0.0,13.0
intact,plastic,-1.84475e-08,0.0,-55342500.0,0.0,13.0
intact,plastic,-1.84175e-08,0.0,-55252500.000099994,0.0,13.0
intact,plastic,-1.83875e-08,0.0,-55162500.000099994,0.0,13.0
intact,plastic,-1.83575e-08,0.0,-55072500.000099994,0.0,13.0
intact,plastic,-1.83275e-08,0.0,-54982499.999900006,0.0,13.0
intact,plastic,-1.82975e-08,0.0,-54892499.999900006,0.0,13.0
intact,plastic,-1.82675e-08,0.0,-54802499.999900006,0.0,13.0
intact,plastic,-1.82375e-08,0.0,-54712500.0,0.0,13.0
intact,plastic,-1.82075e-08,0.0,-54622500.0,0.0,13.0
intact,plastic,-1.81775e-08,0.0,-54532500.0,0.0,13.0
intact,plastic,-1.81475e-08,0.0,-54442500.000099994,0.0,13.0
intact,plastic,-1.81175e-08,0.0,-54352500.000099994,0.0,13.0
intact,plastic,-1.80875e-08,0.0,-54262500.000099994,0.0,13.0
intact,plastic,-1.80575000001e-08,0.0,-54172500.0002,0.0,13.0
intact,plastic,-1.80275e-08,0.0,-54082499.999900006,0.0,13.0
intact,plastic,-1.79975e-08,0.0,-53992499.999900006,0.0,13.0
intact,plastic,-1.79675e-08,0.0,-53902499.999900006,0.0,13.0
intact,plastic,-1.79375e-08,0.0,-53812500.0,0.0,13.0
intact,plastic,-1.79075e-08,0.0,-53722500.0,0.0,13.0
intact,plastic,-1.78775e-08,0.0,-53632500.0,0.0,13.0
intact,plastic,-1.78475e-08,0.0,-53542500.000099994,0.0,13.0
intact,plastic,-1.78175e-08,0.0,-53452500.000099994,0.0,13.0
intact,plastic,-1.77875e-08,0.0,-53362500.000099994,0.0,13.0
intact,plastic,-1.77575e-08,0.0,-53272499.999900006,0.0,13.0
intact,plastic,-1.77275e-08,0.0,-53182499.999900006,0.0,13.0
intact,plastic,-1.76975e-08,0.0,-53092499.999900006,0.0,13.0
intact,plastic,-1.76675e-08,0.0,-53002500.0,0.0,13.0
intact,plastic,-1.76375e-08,0.0,-52912500.0,0.0,13.0
intact,plastic,-1.76075e-08,0.0,-52822500.0,0.0,13.0
intact,plastic,-1.75775e-08,0.0,-52732500.000099994,0.0,13.0
intact,plastic,-1.75475e-08,0.0,-52642500.000099994,0.0,13.0
intact,plastic,-1.75175e-08,0.0,-52552500.000099994,0.0,13.0
intact,plastic,-1.74874999999e-08,0.0,-52462499.9998,0.0,13.0
intact,plastic,-1.74575e-08,0.0,-52372499.999900006,0.0,13.0
intact,plastic,-1.74275e-08,0.0,-52282499.999900006,0.0,13.0
intact,plastic,-1.73975e-08,0.0,-52192499.999900006,0.0,13.0
intact,plastic,-1.73675e-08,0.0,-52102500.0,0.0,13.0
intact,plastic,-1.73375e-08,0.0,-52012500.0,0.0,13.0
intact,plastic,-1.73075e-08,0.0,-51922500.0,0.0,13.0
intact,plastic,-1.72775e-08,0.0,-51832500.000099994,0.0,13.0
intact,plastic,-1.72475e-08,0.0,-51742500.000099994,0.0,13.0
intact,plastic,-1.72175e-08,0.0,-51652500.000099994,0.0,13.0
intact,plastic,-1.71875e-08,0.0,-51562499.999900006,0.0,13.0
intact,plastic,-1.71575e-08,0.0,-51472499.999900006,0.0,13.0
intact,plastic,-1.71275e-08,0.0,-51382499.999900006,0.0,13.0
intact,plastic,-1.70975e-08,0.0,-51292500.0,0.0,13.0
intact,plastic,-1.70675e-08,0.0,-51202500.0,0.0,13.0
intact,plastic,-1.70375e-08,0.0,-51112500.0,0.0,13.0
intact,plastic,-1.70075e-08,0.0,-51022500.000099994,0.0,13.0
intact,plastic,-1.69775e-08,0.0,-50932500.000099994,0.0,13.0
intact,plastic,-1.69475e-08,0.0,-50842500.000099994,0.0,13.0
intact,plastic,-1.69174999999e-08,0.0,-50752499.9998,0.0,13.0
intact,plastic,-1.68875e-08,0.0,-50662499.999900006,0.0,13.0
intact,plastic,-1.68575e-08,0.0,-50572499.999900006,0.0,13.0
intact,plastic,-1.68275e-08,0.0,-50482499.999900006,0.0,13.0
intact,plastic,-1.67975e-08,0.0,-50392500.0,0.0,13.0
intact,plastic,-1.67675e-08,0.0,-50302500.0,0.0,13.0
intact,plastic,-1.67375e-08,0.0,-50212500.0,0.0,13.0
intact,plastic,-1.67075e-08,0.0,-50122500.000099994,0.0,13.0
intact,plastic,-1.66775e-08,0.0,-50032500.000099994,0.0,13.0
intact,plastic,-1.66475e-08,0.0,-49942500.000099994,0.0,13.0
intact,plastic,-1.66175e-08,0.0,-49852499.999900006,0.0,13.0
intact,plastic,-1.65875e-08,0.0,-49762499.999900006,0.0,13.0
intact,plastic,-1.65575e-08,0.0,-49672499.999900006,0.0,13.0
intact,plastic,-1.65275e-08,0.0,-49582500.0,0.0,13.0
intact,plastic,-1.64975e-08,0.0,-49492500.0,0.0,13.0
intact,plastic,-1.64675e-08,0.0,-49402500.0,0.0,13.0
intact,plastic,-1.64375e-08,0.0,-49312500.000099994,0.0,13.0
intact,plastic,-1.64075e-08,0.0,-49222500.000099994,0.0,13.0
intact,plastic,-1.63775e-08,0.0,-49132500.000099994,0.0,13.0
intact,plastic,-1.63474999999e-08,0.0,-49042499.9998,0.0,13.0
intact,plastic,-1.63175e-08,0.0,-48952499.999900006,0.0,13.0
intact,plastic,-1.62875e-08,0.0,-48862499.999900006,0.0,13.0
intact,plastic,-1.62575e-08,0.0,-48772499.999900006,0.0,13.0
intact,plastic,-1.62275e-08,0.0,-48682500.0,0.0,13.0
intact,plastic,-1.61975e-08,0.0,-48592500.0,0.0,13.0
intact,plastic,-1.61675e-08,0.0,-48502500.0,0.0,13.0
intact,plastic,-1.61375e-08,0.0,-48412500.000099994,0.0,13.0
intact,plastic,-1.61075e-08,0.0,-48322500.000099994,0.0,13.0
intact,plastic,-1.60775000001e-08,0.0,-48232500.0002,0.0,13.0
intact,plastic,-1.60475e-08,0.0,-48142499.999900006,0.0,13.0
intact,plastic,-1.60175e-08,0.0,-48052499.999900006,0.0,13.0
intact,plastic,-1.59875e-08,0.0,-47962499.999900006,0.0,13.0
intact,plastic,-1.59575e-08,0.0,-47872500.0,0.0,13.0
intact,plastic,-1.59275e-08,0.0,-47782500.0,0.0,13.0
intact,plastic,-1.58975e-08,0.0,-47692500.0,0.0,13.0
intact,plastic,-1.58675e-08,0.0,-47602500.000099994,0.0,13.0
intact,plastic,-1.58375e-08,0.0,-47512500.000099994,0.0,13.0
intact,plastic,-1.58075e-08,0.0,-47422500.000099994,0.0,13.0
intact,plastic,-1.57774999999e-08,0.0,-47332499.9998,0.0,13.0
intact,plastic,-1.57475e-08,0.0,-47242499.999900006,0.0,13.0
intact,plastic,-1.57175e-08,0.0,-47152499.999900006,0.0,13.0
intact,plastic,-1.56875e-08,0.0,-47062499.999900006,0.0,13.0
intact,plastic,-1.56575e-08,0.0,-46972500.0,0.0,13.0
intact,plastic,-1.56275e-08,0.0,-46882500.0,0.0,13.0
intact,plastic,-1.55975e-08,0.0,-46792500.000099994,0.0,13.0
intact,plastic,-1.55675e-08,0.0,-46702500.000099994,0.0,13.0
intact,plastic,-1.55375e-08,0.0,-46612500.000099994,0.0,13.0
intact,plastic,-1.55075000001e-08,0.0,-46522500.0002,0.0,13.0
intact,plastic,-1.54775e-08,0.0,-46432499.999900006,0.0,13.0
intact,plastic,-1.54475e-08,0.0,-46342499.999900006,0.0,13.0
intact,plastic,-1.54175e-08,0.0,-46252499.999900006,0.0,13.0
intact,plastic,-1.53875e-08,0.0,-46162500.0,0.0,13.0
intact,plastic,-1.53575e-08,0.0,-46072500.0,0.0,13.0
intact,plastic,-1.53275e-08,0.0,-45982500.0,0.0,13.0
intact,plastic,-1.52975e-08,0.0,-45892500.000099994,0.0,13.0
intact,plastic,-1.52675e-08,0.0,-45802500.000099994,0.0,13.0
intact,plastic,-1.52375e-08,0.0,-45712500.000099994,0.0,13.0
intact,plastic,-1.52074999999e-08,0.0,-45622499.9998,0.0,13.0
intact,plastic,-1.51775e-08,0.0,-45532499.999900006,0.0,13.0
intact,plastic,-1.51475e-08,0.0,-45442499.999900006,0.0,13.0
intact,plastic,-1.51175e-08,0.0,-45352500.0,0.0,13.0
intact,plastic,-1.50875e-08,0.0,-45262500.0,0.0,13.0
intact,plastic,-1.50575e-08,0.0,-45172500.0,0.0,13.0
intact,plastic,-1.50275e-08,0.0,-45082500.000099994,0.0,13.0
intact,plastic,-1.49975e-08,0.0,-44992500.000099994,0.0,13.0
intact,plastic,-1.49675e-08,0.0,-44902500.000099994,0.0,13.0
intact,plastic,-1.49375000001e-08,0.0,-44812500.0002,0.0,13.0
intact,plastic,-1.49075e-08,0.0,-44722499.9999,0.0,13.0
intact,plastic,-1.48775e-08,0.0,-44632499.9999,0.0,13.0
intact,plastic,-1.48475e-08,0.0,-44542499.9999,0.0,13.0
intact,plastic,-1.48175e-08,0.0,-44452500.0,0.0,13.0
intact,plastic,-1.47875e-08,0.0,-44362500.0,0.0,13.0
intact,plastic,-1.47575e-08,0.0,-44272500.0,0.0,13.0
intact,plastic,-1.47275e-08,0.0,-44182500.0001,0.0,13.0
intact,plastic,-1.46975e-08,0.0,-44092500.0001,0.0,13.0
intact,plastic,-1.46675e-08,0.0,-44002500.0001,0.0,13.0
intact,plastic,-1.46374999999e-08,0.0,-43912499.9998,0.0,13.0
intact,plastic,-1.46075e-08,0.0,-43822499.9999,0.0,13.0
intact,plastic,-1.45775e-08,0.0,-43732499.9999,0.0,13.0
intact,plastic,-1.45475e-08,0.0,-43642500.0,0.0,13.0
intact,plastic,-1.45175e-08,0.0,-43552500.0,0.0,13.0
intact,plastic,-1.44875e-08,0.0,-43462500.0,0.0,13.0
intact,plastic,-1.44575e-08,0.0,-43372500.0001,0.0,13.0
intact,plastic,-1.44275e-08,0.0,-43282500.0001,0.0,13.0
intact,plastic,-1.43975e-08,0.0,-43192500.0001,0.0,13.0
intact,plastic,-1.43675000001e-08,0.0,-43102500.0002,0.0,13.0
intact,plastic,-1.43375e-08,0.0,-43012499.9999,0.0,13.0
intact,plastic,-1.43075e-08,0.0,-42922499.9999,0.0,13.0
intact,plastic,-1.42775e-08,0.0,-42832499.9999,0.0,13.0
intact,plastic,-1.42475e-08,0.0,-42742500.0,0.0,13.0
intact,plastic,-1.42175e-08,0.0,-42652500.0,0.0,13.0
intact,plastic,-1.41875e-08,0.0,-42562500.0,0.0,13.0
intact,plastic,-1.41575e-08,0.0,-42472500.0001,0.0,13.0
intact,plastic,-1.41275e-08,0.0,-42382500.0001,0.0,13.0
intact,plastic,-1.40975e-08,0.0,-42292500.0001,0.0,13.0
intact,plastic,-1.40675e-08,0.0,-42202499.9999,0.0,13.0
intact,plastic,-1.40375e-08,0.0,-42112499.9999,0.0,13.0
intact,plastic,-1.40075e-08,0.0,-42022499.9999,0.0,13.0
intact,plastic,-1.39775e-08,0.0,-41932500.0,0.0,13.0
intact,plastic,-1.39475e-08,0.0,-41842500.0,0.0,13.0
intact,plastic,-1.39175e-08,0.0,-41752500.0,0.0,13.0
intact,plastic,-1.38875e-08,0.0,-41662500.0001,0.0,13.0
intact,plastic,-1.38575e-08,0.0,-41572500.0001,0.0,13.0
intact,plastic,-1.38275e-08,0.0,-41482500.0001,0.0,13.0
intact,plastic,-1.37975000001e-08,0.0,-41392500.0002,0.0,13.0
intact,plastic,-1.37675e-08,0.0,-41302499.9999,0.0,13.0
intact,plastic,-1.37375e-08,0.0,-41212499.9999,0.0,13.0
intact,plastic,-1.37075e-08,0.0,-41122499.9999,0.0,13.0
intact,plastic,-1.36775e-08,0.0,-41032500.0,0.0,13.0
intact,plastic,-1.36475e-08,0.0,-40942500.0,0.0,13.0
intact,plastic,-1.36175e-08,0.0,-40852500.0,0.0,13.0
intact,plastic,-1.35875e-08,0.0,-40762500.0001,0.0,13.0
intact,plastic,-1.35575e-08,0.0,-40672500.0001,0.0,13.0
intact,plastic,-1.35275e-08,0.0,-40582500.0001,0.0,13.0
intact,plastic,-1.34975e-08,0.0,-40492499.9999,0.0,13.0
intact,plastic,-1.34675e-08,0.0,-40402499.9999,0.0,13.0
intact,plastic,-1.34375e-08,0.0,-40312499.9999,0.0,13.0
intact,plastic,-1.34075e-08,0.0,-40222500.0,0.0,13.0
intact,plastic,-1.33775e-08,0.0,-40132500.0,0.0,13.0
intact,plastic,-1.33475e-08,0.0,-40042500.0,0.0,13.0
intact,plastic,-1.33175e-08,0.0,-39952500.0001,0.0,13.0
intact,plastic,-1.32875e-08,0.0,-39862500.0001,0.0,13.0
intact,plastic,-1.32575e-08,0.0,-39772500.0001,0.0,13.0
intact,plastic,-1.32274999999e-08,0.0,-39682499.9998,0.0,13.0
intact,plastic,-1.31975e-08,0.0,-39592499.9999,0.0,13.0
intact,plastic,-1.31675e-08,0.0,-39502499.9999,0.0,13.0
intact,plastic,-1.31375e-08,0.0,-39412499.9999,0.0,13.0
intact,plastic,-1.31075e-08,0.0,-39322500.0,0.0,13.0
intact,plastic,-1.30775e-08,0.0,-39232500.0,0.0,13.0
intact,plastic,-1.30475e-08,0.0,-39142500.0,0.0,13.0
intact,plastic,-1.30175e-08,0.0,-39052500.0001,0.0,13.0
intact,plastic,-1.29875e-08,0.0,-38962500.0001,0.0,13.0
intact,plastic,-1.29575e-08,0.0,-38872500.0001,0.0,13.0
intact,plastic,-1.29275e-08,0.0,-38782499.9999,0.0,13.0
intact,plastic,-1.28975e-08,0.0,-38692499.9999,0.0,13.0
intact,plastic,-1.28675e-08,0.0,-38602499.9999,0.0,13.0
intact,plastic,-1.28375e-08,0.0,-38512500.0,0.0,13.0
intact,plastic,-1.28075e-08,0.0,-38422500.0,0.0,13.0
intact,plastic,-1.27775e-08,0.0,-38332500.0,0.0,13.0
intact,plastic,-1.27475e-08,0.0,-38242500.0001,0.0,13.0
intact,plastic,-1.27175e-08,0.0,-38152500.0001,0.0,13.0
intact,plastic,-1.26875e-08,0.0,-38062500.0001,0.0,13.0
intact,plastic,-1.26574999999e-08,0.0,-37972499.9998,0.0,13.0
intact,plastic,-1.26275e-08,0.0,-37882499.9999,0.0,13.0
intact,plastic,-1.25975e-08,0.0,-37792499.9999,0.0,13.0
intact,plastic,-1.25675e-08,0.0,-37702499.9999,0.0,13.0
intact,plastic,-1.25375e-08,0.0,-37612500.0,0.0,13.0
intact,plastic,-1.25075e-08,0.0,-37522500.0,0.0,13.0
intact,plastic,-1.24775e-08,0.0,-37432500.0,0.0,13.0
intact,plastic,-1.24475e-08,0.0,-37342500.0001,0.0,13.0
intact,plastic,-1.24175e-08,0.0,-37252500.0001,0.0,13.0
intact,plastic,-1.23875000001e-08,0.0,-37162500.0002,0.0,13.0
intact,plastic,-1.23575e-08,0.0,-37072499.9999,0.0,13.0
intact,plastic,-1.23275e-08,0.0,-36982499.9999,0.0,13.0
intact,plastic,-1.22975e-08,0.0,-36892499.9999,0.0,13.0
intact,plastic,-1.22675e-08,0.0,-36802500.0,0.0,13.0
intact,plastic,-1.22375e-08,0.0,-36712500.0,0.0,13.0
intact,plastic,-1.22075e-08,0.0,-36622500.0,0.0,13.0
intact,plastic,-1.21775e-08,0.0,-36532500.0001,0.0,13.0
intact,plastic,-1.21475e-08,0.0,-36442500.0001,0.0,13.0
intact,plastic,-1.21175e-08,0.0,-36352500.0001,0.0,13.0
intact,plastic,-1.20874999999e-08,0.0,-36262499.9998,0.0,13.0
intact,plastic,-1.20575e-08,0.0,-36172499.9999,0.0,13.0
intact,plastic,-1.20275e-08,0.0,-36082499.9999,0.0,13.0
intact,plastic,-1.19975e-08,0.0,-35992499.9999,0.0,13.0
intact,plastic,-1.19675e-08,0.0,-35902500.0,0.0,13.0
intact,plastic,-1.19375e-08,0.0,-35812500.0,0.0,13.0
intact,plastic,-1.19075e-08,0.0,-35722500.0,0.0,13.0
intact,plastic,-1.18775e-08,0.0,-35632500.0001,0.0,13.0
intact,plastic,-1.18475e-08,0.0,-35542500.0001,0.0,13.0
intact,plastic,-1.18175000001e-08,0.0,-35452500.0002,0.0,13.0
intact,plastic,-1.17875e-08,0.0,-35362499.9999,0.0,13.0
intact,plastic,-1.17575e-08,0.0,-35272499.9999,0.0,13.0
intact,plastic,-1.17275e-08,0.0,-35182499.9999,0.0,13.0
intact,plastic,-1.16975e-08,0.0,-35092500.0,0.0,13.0
intact,plastic,-1.16675e-08,0.0,-35002500.0,0.0,13.0
intact,plastic,-1.16375e-08,0.0,-34912500.0,0.0,13.0
intact,plastic,-1.16075e-08,0.0,-34822500.0001,0.0,13.0
intact,plastic,-1.15775e-08,0.0,-34732500.0001,0.0,13.0
intact,plastic,-1.15475e-08,0.0,-34642500.0001,0.0,13.0
intact,plastic,-1.15174999999e-08,0.0,-34552499.9998,0.0,13.0
intact,plastic,-1.14875e-08,0.0,-34462499.9999,0.0,13.0
intact,plastic,-1.14575e-08,0.0,-34372499.9999,0.0,13.0
intact,plastic,-1.14275e-08,0.0,-34282499.9999,0.0,13.0
intact,plastic,-1.13975e-08,0.0,-34192500.0,0.0,13.0
intact,plastic,-1.13675e-08,0.0,-34102500.0,0.0,13.0
intact,plastic,-1.13375e-08,0.0,-34012500.0001,0.0,13.0
intact,plastic,-1.13075e-08,0.0,-33922500.0001,0.0,13.0
intact,plastic,-1.12775e-08,0.0,-33832500.0001,0.0,13.0
intact,plastic,-1.12475000001e-08,0.0,-33742500.0002,0.0,13.0
intact,plastic,-1.12175e-08,0.0,-33652499.9999,0.0,13.0
intact,plastic,-1.11875e-08,0.0,-33562499.9999,0.0,13.0
intact,plastic,-1.11575e-08,0.0,-33472499.9999,0.0,13.0
intact,plastic,-1.11275e-08,0.0,-33382500.0,0.0,13.0
intact,plastic,-1.10975e-08,0.0,-33292500.0,0.0,13.0
intact,plastic,-1.10675e-08,0.0,-33202500.0,0.0,13.0
intact,plastic,-1.10375e-08,0.0,-33112500.0001,0.0,13.0
intact,plastic,-1.10075e-08,0.0,-33022500.0001,0.0,13.0
intact,plastic,-1.09775e-08,0.0,-32932500.0001,0.0,13.0
intact,plastic,-1.09474999999e-08,0.0,-32842499.9998,0.0,13.0
intact,plastic,-1.09175e-08,0.0,-32752499.9999,0.0,13.0
intact,plastic,-1.08875e-08,0.0,-32662499.9999,0.0,13.0
intact,plastic,-1.08575e-08,0.0,-32572500.0,0.0,13.0
intact,plastic,-1.08275e-08,0.0,-32482500.0,0.0,13.0
intact,plastic,-1.07975e-08,0.0,-32392500.0,0.0,13.0
intact,plastic,-1.07675e-08,0.0,-32302500.0001,0.0,13.0
intact,plastic,-1.07375e-08,0.0,-32212500.0001,0.0,13.0
intact,plastic,-1.07075e-08,0.0,-32122500.0001,0.0,13.0
intact,plastic,-1.06775000001e-08,0.0,-32032500.0002,0.0,13.0
intact,plastic,-1.06475e-08,0.0,-31942499.9999,0.0,13.0
intact,plastic,-1.06175e-08,0.0,-31852499.9999,0.0,13.0
intact,plastic,-1.05875e-08,0.0,-31762499.9999,0.0,13.0
intact,plastic,-1.05575e-08,0.0,-31672500.0,0.0,13.0
intact,plastic,-1.05275e-08,0.0,-31582500.0,0.0,13.0
intact,plastic,-1.04975e-08,0.0,-31492500.0,0.0,13.0
intact,plastic,-1.04675e-08,0.0,-31402500.0001,0.0,13.0
intact,plastic,-1.04375e-08,0.0,-31312500.0001,0.0,13.0
intact,plastic,-1.04075e-08,0.0,-31222500.0001,0.0,13.0
intact,plastic,-1.03775e-08,0.0,-31132499.9999,0.0,13.0
intact,plastic,-1.03475e-08,0.0,-31042499.9999,0.0,13.0
intact,plastic,-1.03175e-08,0.0,-30952499.9999,0.0,13.0
intact,plastic,-1.02875e-08,0.0,-30862500.0,0.0,13.0
intact,plastic,-1.02575e-08,0.0,-30772500.0,0.0,13.0
intact,plastic,-1.02275e-08,0.0,-30682500.0,0.0,13.0
intact,plastic,-1.01975e-08,0.0,-30592500.0001,0.0,13.0
intact,plastic,-1.01675e-08,0.0,-30502500.0001,0.0,13.0
intact,plastic,-1.01375e-08,0.0,-30412500.0001,0.0,13.0
intact,plastic,-1.01075000001e-08,0.0,-30322500.0002,0.0,13.0
intact,plastic,-1.00775e-08,0.0,-30232499.9999,0.0,13.0
intact,plastic,-1.00475e-08,0.0,-30142499.9999,0.0,13.0
intact,plastic,-1.00175e-08,0.0,-30052499.9999,0.0,13.0
intact,plastic,-9.98749999999e-09,0.0,-29962500.0,0.0,13.0
intact,plastic,-9.9575e-09,0.0,-29872500.0,0.0,13.0
intact,plastic,-9.92750000001e-09,0.0,-29782500.0,0.0,13.0
intact,plastic,-9.89750000002e-09,0.0,-29692500.0001,0.0,13.0
intact,plastic,-9.86750000004e-09,0.0,-29602500.0001,0.0,13.0
intact,plastic,-9.83750000005e-09,0.0,-29512500.0001,0.0,13.0
intact,plastic,-9.80749999995e-09,0.0,-29422499.9999,0.0,13.0
intact,plastic,-9.77749999996e-09,0.0,-29332499.9999,0.0,13.0
intact,plastic,-9.74749999997e-09,0.0,-29242499.9999,0.0,13.0
intact,plastic,-9.71749999999e-09,0.0,-29152500.0,0.0,13.0
intact,plastic,-9.6875e-09,0.0,-29062500.0,0.0,13.0
intact,plastic,-9.65750000001e-09,0.0,-28972500.0,0.0,13.0
intact,plastic,-9.62750000002e-09,0.0,-28882500.0001,0.0,13.0
intact,plastic,-9.59750000003e-09,0.0,-28792500.0001,0.0,13.0
intact,plastic,-9.56750000004e-09,0.0,-28702500.0001,0.0,13.0
intact,plastic,-9.53750000005e-09,0.0,-28612500.0002,0.0,13.0
intact,plastic,-9.50749999996e-09,0.0,-28522499.9999,0.0,13.0
intact,plastic,-9.47749999997e-09,0.0,-28432499.9999,0.0,13.0
intact,plastic,-9.44749999998e-09,0.0,-28342499.9999,0.0,13.0
intact,plastic,-9.41749999999e-09,0.0,-28252500.0,0.0,13.0
intact,plastic,-9.3875e-09,0.0,-28162500.0,0.0,13.0
intact,plastic,-9.35750000001e-09,0.0,-28072500.0,0.0,13.0
intact,plastic,-9.32750000003e-09,0.0,-27982500.0001,0.0,13.0
intact,plastic,-9.29750000004e-09,0.0,-27892500.0001,0.0,13.0
intact,plastic,-9.26750000005e-09,0.0,-27802500.0001,0.0,13.0
intact,plastic,-9.23749999995e-09,0.0,-27712499.9999,0.0,13.0
intact,plastic,-9.20749999996e-09,0.0,-27622499.9999,0.0,13.0
intact,plastic,-9.17749999997e-09,0.0,-27532499.9999,0.0,13.0
intact,plastic,-9.14749999999e-09,0.0,-27442500.0,0.0,13.0
intact,plastic,-9.1175e-09,0.0,-27352500.0,0.0,13.0
intact,plastic,-9.08750000001e-09,0.0,-27262500.0,0.0,13.0
intact,plastic,-9.05750000002e-09,0.0,-27172500.0001,0.0,13.0
intact,plastic,-9.02750000003e-09,0.0,-27082500.0001,0.0,13.0
intact,plastic,-8.99750000004e-09,0.0,-26992500.0001,0.0,13.0
intact,plastic,-8.96749999995e-09,0.0,-26902499.9998,0.0,13.0
intact,plastic,-8.93749999996e-09,0.0,-26812499.9999,0.0,13.0
intact,plastic,-8.90749999997e-09,0.0,-26722499.9999,0.0,13.0
intact,plastic,-8.87749999998e-09,0.0,-26632499.9999,0.0,13.0
intact,plastic,-8.84749999999e-09,0.0,-26542500.0,0.0,13.0
intact,plastic,-8.8175e-09,0.0,-26452500.0,0.0,13.0
intact,plastic,-8.78750000002e-09,0.0,-26362500.0,0.0,13.0
intact,plastic,-8.75750000003e-09,0.0,-26272500.0001,0.0,13.0
intact,plastic,-8.72750000004e-09,0.0,-26182500.0001,0.0,13.0
intact,plastic,-8.69750000005e-09,0.0,-26092500.0001,0.0,13.0
intact,plastic,-8.66749999995e-09,0.0,-26002499.9999,0.0,13.0
intact,plastic,-8.63749999996e-09,0.0,-25912499.9999,0.0,13.0
intact,plastic,-8.60749999998e-09,0.0,-25822499.9999,0.0,13.0
intact,plastic,-8.57749999999e-09,0.0,-25732500.0,0.0,13.0
intact,plastic,-8.5475e-09,0.0,-25642500.0,0.0,13.0
intact,plastic,-8.51750000001e-09,0.0,-25552500.0,0.0,13.0
intact,plastic,-8.48750000002e-09,0.0,-25462500.0001,0.0,13.0
intact,plastic,-8.45750000003e-09,0.0,-25372500.0001,0.0,13.0
intact,plastic,-8.42750000004e-09,0.0,-25282500.0001,0.0,13.0
intact,plastic,-8.39749999995e-09,0.0,-25192499.9998,0.0,13.0
intact,plastic,-8.36749999996e-09,0.0,-25102499.9999,0.0,13.0
intact,plastic,-8.33749999997e-09,0.0,-25012499.9999,0.0,13.0
intact,plastic,-8.30749999998e-09,0.0,-24922499.9999,0.0,13.0
intact,plastic,-8.27749999999e-09,0.0,-24832500.0,0.0,13.0
intact,plastic,-8.2475e-09,0.0,-24742500.0,0.0,13.0
intact,plastic,-8.21750000002e-09,0.0,-24652500.0,0.0,13.0
intact,plastic,-8.18750000003e-09,0.0,-24562500.0001,0.0,13.0
intact,plastic,-8.15750000004e-09,0.0,-24472500.0001,0.0,13.0
intact,plastic,-8.12750000005e-09,0.0,-24382500.0002,0.0,13.0
intact,plastic,-8.09749999995e-09,0.0,-24292499.9999,0.0,13.0
intact,plastic,-8.06749999996e-09,0.0,-24202499.9999,0.0,13.0
intact,plastic,-8.03749999998e-09,0.0,-24112499.9999,0.0,13.0
intact,plastic,-8.00749999999e-09,0.0,-24022500.0,0.0,13.0
intact,plastic,-7.9775e-09,0.0,-23932500.0,0.0,13.0
intact,plastic,-7.94750000001e-09,0.0,-23842500.0,0.0,13.0
intact,plastic,-7.91750000002e-09,0.0,-23752500.0001,0.0,13.0
intact,plastic,-7.88750000003e-09,0.0,-23662500.0001,0.0,13.0
intact,plastic,-7.85750000004e-09,0.0,-23572500.0001,0.0,13.0
intact,plastic,-7.82749999995e-09,0.0,-23482499.9998,0.0,13.0
intact,plastic,-7.79749999996e-09,0.0,-23392499.9999,0.0,13.0
intact,plastic,-7.76749999997e-09,0.0,-23302499.9999,0.0,13.0
intact,plastic,-7.73749999998e-09,0.0,-23212499.9999,0.0,13.0
intact,plastic,-7.70749999999e-09,0.0,-23122500.0,0.0,13.0
intact,plastic,-7.67750000001e-09,0.0,-23032500.0,0.0,13.0
intact,plastic,-7.64750000002e-09,0.0,-22942500.0,0.0,13.0
intact,plastic,-7.61750000003e-09,0.0,-22852500.0001,0.0,13.0
intact,plastic,-7.58750000004e-09,0.0,-22762500.0001,0.0,13.0
intact,plastic,-7.55750000005e-09,0.0,-22672500.0002,0.0,13.0
intact,plastic,-7.52749999995e-09,0.0,-22582499.9999,0.0,13.0
intact,plastic,-7.49749999997e-09,0.0,-22492499.9999,0.0,13.0
intact,plastic,-7.46749999998e-09,0.0,-22402499.9999,0.0,13.0
intact,plastic,-7.43749999999e-09,0.0,-22312500.0,0.0,13.0
intact,plastic,-7.4075e-09,0.0,-22222500.0,0.0,13.0
intact,plastic,-7.37750000001e-09,0.0,-22132500.0,0.0,13.0
intact,plastic,-7.34750000002e-09,0.0,-22042500.0001,0.0,13.0
intact,plastic,-7.31750000003e-09,0.0,-21952500.0001,0.0,13.0
intact,plastic,-7.28750000005e-09,0.0,-21862500.0001,0.0,13.0
intact,plastic,-7.25749999995e-09,0.0,-21772499.9998,0.0,13.0
intact,plastic,-7.22749999996e-09,0.0,-21682499.9999,0.0,13.0
intact,plastic,-7.19749999997e-09,0.0,-21592499.9999,0.0,13.0
intact,plastic,-7.16749999998e-09,0.0,-21502499.9999,0.0,13.0
intact,plastic,-7.13749999999e-09,0.0,-21412500.0,0.0,13.0
intact,plastic,-7.10750000001e-09,0.0,-21322500.0,0.0,13.0
intact,plastic,-7.07750000002e-09,0.0,-21232500.0001,0.0,13.0
intact,plastic,-7.04750000003e-09,0.0,-21142500.0001,0.0,13.0
intact,plastic,-7.01750000004e-09,0.0,-21052500.0001,0.0,13.0
intact,plastic,-6.98750000005e-09,0.0,-20962500.0002,0.0,13.0
intact,plastic,-6.95749999995e-09,0.0,-20872499.9999,0.0,13.0
intact,plastic,-6.92749999997e-09,0.0,-20782499.9999,0.0,13.0
intact,plastic,-6.89749999998e-09,0.0,-20692499.9999,0.0,13.0
intact,plastic,-6.86749999999e-09,0.0,-20602500.0,0.0,13.0
intact,plastic,-6.8375e-09,0.0,-20512500.0,0.0,13.0
intact,plastic,-6.80750000001e-09,0.0,-20422500.0,0.0,13.0
intact,plastic,-6.77750000002e-09,0.0,-20332500.0001,0.0,13.0
intact,plastic,-6.74750000003e-09,0.0,-20242500.0001,0.0,13.0
intact,plastic,-6.71750000005e-09,0.0,-20152500.0001,0.0,13.0
intact,plastic,-6.68749999995e-09,0.0,-20062499.9998,0.0,13.0
intact,plastic,-6.65749999996e-09,0.0,-19972499.9999,0.0,13.0
intact,plastic,-6.62749999997e-09,0.0,-19882499.9999,0.0,13.0
intact,plastic,-6.59749999998e-09,0.0,-19792500.0,0.0,13.0
intact,plastic,-6.5675e-09,0.0,-19702500.0,0.0,13.0
intact,plastic,-6.53750000001e-09,0.0,-19612500.0,0.0,13.0
intact,plastic,-6.50750000002e-09,0.0,-19522500.0001,0.0,13.0
intact,plastic,-6.47750000003e-09,0.0,-19432500.0001,0.0,13.0
intact,plastic,-6.44750000004e-09,0.0,-19342500.0001,0.0,13.0
intact,plastic,-6.41750000005e-09,0.0,-19252500.0002,0.0,13.0
intact,plastic,-6.38749999996e-09,0.0,-19162499.9999,0.0,13.0
intact,plastic,-6.35749999997e-09,0.0,-19072499.9999,0.0,13.0
intact,plastic,-6.32749999998e-09,0.0,-18982499.9999,0.0,13.0
intact,plastic,-6.29749999999e-09,0.0,-18892500.0,0.0,13.0
intact,plastic,-6.2675e-09,0.0,-18802500.0,0.0,13.0
intact,plastic,-6.23750000001e-09,0.0,-18712500.0,0.0,13.0
intact,plastic,-6.20750000002e-09,0.0,-18622500.0001,0.0,13.0
intact,plastic,-6.17750000004e-09,0.0,-18532500.0001,0.0,13.0
intact,plastic,-6.14750000005e-09,0.0,-18442500.0001,0.0,13.0
intact,plastic,-6.11749999995e-09,0.0,-18352499.9999,0.0,13.0
intact,plastic,-6.08749999996e-09,0.0,-18262499.9999,0.0,13.0
intact,plastic,-6.05749999997e-09,0.0,-18172499.9999,0.0,13.0
intact,plastic,-6.02749999998e-09,0.0,-18082500.0,0.0,13.0
intact,plastic,-5.9975e-09,0.0,-17992500.0,0.0,13.0
intact,plastic,-5.96750000001e-09,0.0,-17902500.0,0.0,13.0
intact,plastic,-5.93750000002e-09,0.0,-17812500.0001,0.0,13.0
intact,plastic,-5.90750000003e-09,0.0,-17722500.0001,0.0,13.0
intact,plastic,-5.87750000004e-09,0.0,-17632500.0001,0.0,13.0
intact,plastic,-5.84750000005e-09,0.0,-17542500.0002,0.0,13.0
intact,plastic,-5.81749999996e-09,0.0,-17452499.9999,0.0,13.0
intact,plastic,-5.78749999997e-09,0.0,-17362499.9999,0.0,13.0
intact,plastic,-5.75749999998e-09,0.0,-17272499.9999,0.0,13.0
intact,plastic,-5.72749999999e-09,0.0,-17182500.0,0.0,13.0
intact,plastic,-5.6975e-09,0.0,-17092500.0,0.0,13.0
intact,plastic,-5.66750000001e-09,0.0,-17002500.0,0.0,13.0
intact,plastic,-5.63750000003e-09,0.0,-16912500.0001,0.0,13.0
intact,plastic,-5.60750000004e-09,0.0,-16822500.0001,0.0,13.0
intact,plastic,-5.57750000005e-09,0.0,-16732500.0001,0.0,13.0
intact,plastic,-5.54749999995e-09,0.0,-16642499.9999,0.0,13.0
intact,plastic,-5.51749999996e-09,0.0,-16552499.9999,0.0,13.0
intact,plastic,-5.48749999997e-09,0.0,-16462499.9999,0.0,13.0
intact,plastic,-5.45749999999e-09,0.0,-16372500.0,0.0,13.0
intact,plastic,-5.4275e-09,0.0,-16282500.0,0.0,13.0
intact,plastic,-5.39750000001e-09,0.0,-16192500.0,0.0,13.0
intact,plastic,-5.36750000002e-09,0.0,-16102500.0001,0.0,13.0
intact,plastic,-5.33750000003e-09,0.0,-16012500.0001,0.0,13.0
intact,plastic,-5.30750000004e-09,0.0,-15922500.0001,0.0,13.0
intact,plastic,-5.27750000005e-09,0.0,-15832500.000199998,0.0,13.0
intact,plastic,-5.24749999996e-09,0.0,-15742499.9999,0.0,13.0
intact,plastic,-5.21749999997e-09,0.0,-15652499.9999,0.0,13.0
intact,plastic,-5.18749999998e-09,0.0,-15562499.9999,0.0,13.0
intact,plastic,-5.15749999999e-09,0.0,-15472500.0,0.0,13.0
intact,plastic,-5.1275e-09,0.0,-15382500.0,0.0,13.0
intact,plastic,-5.09750000001e-09,0.0,-15292500.0,0.0,13.0
intact,plastic,-5.06750000003e-09,0.0,-15202500.0001,0.0,13.0
intact,plastic,-5.03750000004e-09,0.0,-15112500.0001,0.0,13.0
intact,plastic,-5.00750000005e-09,0.0,-15022500.0001,0.0,13.0
intact,plastic,-4.97749999995e-09,0.0,-14932499.9999,0.0,13.0
intact,plastic,-4.94749999996e-09,0.0,-14842499.9999,0.0,13.0
intact,plastic,-4.91749999997e-09,0.0,-14752499.9999,0.0,13.0
intact,plastic,-4.88749999999e-09,0.0,-14662500.0,0.0,13.0
intact,plastic,-4.8575e-09,0.0,-14572500.0,0.0,13.0
intact,plastic,-4.82750000001e-09,0.0,-14482500.0,0.0,13.0
intact,plastic,-4.79750000002e-09,0.0,-14392500.0001,0.0,13.0
intact,plastic,-4.76750000003e-09,0.0,-14302500.0001,0.0,13.0
intact,plastic,-4.73750000004e-09,0.0,-14212500.0001,0.0,13.0
intact,plastic,-4.70749999995e-09,0.0,-14122499.999800002,0.0,13.0
intact,plastic,-4.67749999996e-09,0.0,-14032499.9999,0.0,13.0
intact,plastic,-4.64749999997e-09,0.0,-13942499.9999,0.0,13.0
intact,plastic,-4.61749999998e-09,0.0,-13852499.9999,0.0,13.0
intact,plastic,-4.58749999999e-09,0.0,-13762500.0,0.0,13.0
intact,plastic,-4.5575e-09,0.0,-13672500.0,0.0,13.0
intact,plastic,-4.52750000002e-09,0.0,-13582500.0,0.0,13.0
intact,plastic,-4.49750000003e-09,0.0,-13492500.0001,0.0,13.0
intact,plastic,-4.46750000004e-09,0.0,-13402500.0001,0.0,13.0
intact,plastic,-4.43750000005e-09,0.0,-13312500.0001,0.0,13.0
intact,plastic,-4.40749999995e-09,0.0,-13222499.9999,0.0,13.0
intact,plastic,-4.37749999996e-09,0.0,-13132499.9999,0.0,13.0
intact,plastic,-4.34749999998e-09,0.0,-13042499.9999,0.0,13.0
intact,plastic,-4.31749999999e-09,0.0,-12952500.0,0.0,13.0
intact,plastic,-4.2875e-09,0.0,-12862500.0,0.0,13.0
intact,plastic,-4.25750000001e-09,0.0,-12772500.0,0.0,13.0
intact,plastic,-4.22750000002e-09,0.0,-12682500.0001,0.0,13.0
intact,plastic,-4.19750000003e-09,0.0,-12592500.0001,0.0,13.0
intact,plastic,-4.16750000004e-09,0.0,-12502500.0001,0.0,13.0
intact,plastic,-4.13749999995e-09,0.0,-12412499.999800002,0.0,13.0
intact,plastic,-4.10749999996e-09,0.0,-12322499.9999,0.0,13.0
intact,plastic,-4.07749999997e-09,0.0,-12232499.9999,0.0,13.0
intact,plastic,-4.04749999998e-09,0.0,-12142499.9999,0.0,13.0
intact,plastic,-4.01749999999e-09,0.0,-12052500.0,0.0,13.0
intact,plastic,-3.9875e-09,0.0,-11962500.0,0.0,13.0
intact,plastic,-3.95750000002e-09,0.0,-11872500.0,0.0,13.0
intact,plastic,-3.92750000003e-09,0.0,-11782500.0001,0.0,13.0
intact,plastic,-3.89750000004e-09,0.0,-11692500.0001,0.0,13.0
intact,plastic,-3.86750000005e-09,0.0,-11602500.000199998,0.0,13.0
intact,plastic,-3.83749999995e-09,0.0,-11512499.9999,0.0,13.0
intact,plastic,-3.80749999996e-09,0.0,-11422499.9999,0.0,13.0
intact,plastic,-3.77749999998e-09,0.0,-11332499.9999,0.0,13.0
intact,plastic,-3.74749999999e-09,0.0,-11242500.0,0.0,13.0
intact,plastic,-3.7175e-09,0.0,-11152500.0,0.0,13.0
intact,plastic,-3.68750000001e-09,0.0,-11062500.0,0.0,13.0
intact,plastic,-3.65750000002e-09,0.0,-10972500.0001,0.0,13.0
intact,plastic,-3.62750000003e-09,0.0,-10882500.0001,0.0,13.0
intact,plastic,-3.59750000004e-09,0.0,-10792500.0001,0.0,13.0
intact,plastic,-3.56749999995e-09,0.0,-10702499.9998,0.0,13.0
intact,plastic,-3.53749999996e-09,0.0,-10612499.9999,0.0,13.0
intact,plastic,-3.50749999997e-09,0.0,-10522499.9999,0.0,13.0
intact,plastic,-3.47749999998e-09,0.0,-10432499.9999,0.0,13.0
intact,plastic,-3.44749999999e-09,0.0,-10342500.0,0.0,13.0
intact,plastic,-3.41750000001e-09,0.0,-10252500.0,0.0,13.0
intact,plastic,-3.38750000002e-09,0.0,-10162500.0001,0.0,13.0
intact,plastic,-3.35750000003e-09,0.0,-10072500.0001,0.0,13.0
intact,plastic,-3.32750000004e-09,0.0,-9982500.00012,0.0,13.0
intact,plastic,-3.29750000005e-09,0.0,-9892500.00015,0.0,13.0
intact,plastic,-3.26749999995e-09,0.0,-9802499.99986,0.0,13.0
intact,plastic,-3.23749999997e-09,0.0,-9712499.9999,0.0,13.0
intact,plastic,-3.20749999998e-09,0.0,-9622499.99993,0.0,13.0
intact,plastic,-3.17749999999e-09,0.0,-9532499.99997,0.0,13.0
intact,plastic,-3.1475e-09,0.0,-9442500.0,0.0,13.0
intact,plastic,-3.11750000001e-09,0.0,-9352500.00003,0.0,13.0
intact,plastic,-3.08750000002e-09,0.0,-9262500.00007,0.0,13.0
intact,plastic,-3.05750000003e-09,0.0,-9172500.0001,0.0,13.0
intact,plastic,-3.02750000005e-09,0.0,-9082500.00014,0.0,13.0
intact,plastic,-2.99749999995e-09,0.0,-8992499.99985,0.0,13.0
intact,plastic,-2.96749999996e-09,0.0,-8902499.99988,0.0,13.0
intact,plastic,-2.93749999997e-09,0.0,-8812499.99992,0.0,13.0
intact,plastic,-2.90749999998e-09,0.0,-8722499.99995,0.0,13.0
intact,plastic,-2.87749999999e-09,0.0,-8632499.99998,0.0,13.0
intact,plastic,-2.84750000001e-09,0.0,-8542500.00002,0.0,13.0
intact,plastic,-2.81750000002e-09,0.0,-8452500.00005,0.0,13.0
intact,plastic,-2.78750000003e-09,0.0,-8362500.00009,0.0,13.0
intact,plastic,-2.75750000004e-09,0.0,-8272500.00012,0.0,13.0
intact,plastic,-2.72750000005e-09,0.0,-8182500.00016,0.0,13.0
intact,plastic,-2.69749999995e-09,0.0,-8092499.99986,0.0,13.0
intact,plastic,-2.66749999997e-09,0.0,-8002499.999900001,0.0,13.0
intact,plastic,-2.63749999998e-09,0.0,-7912499.999929999,0.0,13.0
intact,plastic,-2.60749999999e-09,0.0,-7822499.99997,0.0,13.0
intact,plastic,-2.5775e-09,0.0,-7732500.0,0.0,13.0
intact,plastic,-2.54750000001e-09,0.0,-7642500.000039999,0.0,13.0
intact,plastic,-2.51750000002e-09,0.0,-7552500.000070001,0.0,13.0
intact,plastic,-2.48750000004e-09,0.0,-7462500.00011,0.0,13.0
intact,plastic,-2.45750000005e-09,0.0,-7372500.00014,0.0,13.0
intact,plastic,-2.42749999995e-09,0.0,-7282499.99985,0.0,13.0
intact,plastic,-2.39749999996e-09,0.0,-7192499.99988,0.0,13.0
intact,plastic,-2.36749999997e-09,0.0,-7102499.99992,0.0,13.0
intact,plastic,-2.33749999998e-09,0.0,-7012499.99995,0.0,13.0
intact,plastic,-2.3075e-09,0.0,-6922499.99999,0.0,13.0
intact,plastic,-2.27750000001e-09,0.0,-6832500.00002,0.0,13.0
intact,plastic,-2.24750000002e-09,0.0,-6742500.00005,0.0,13.0
intact,plastic,-2.21750000003e-09,0.0,-6652500.00009,0.0,13.0
intact,plastic,-2.18750000004e-09,0.0,-6562500.00012,0.0,13.0
intact,plastic,-2.15750000005e-09,0.0,-6472500.00016,0.0,13.0
intact,plastic,-2.12749999996e-09,0.0,-6382499.9998699995,0.0,13.0
intact,plastic,-2.09749999997e-09,0.0,-6292499.999900001,0.0,13.0
intact,plastic,-2.06749999998e-09,0.0,-6202499.99994,0.0,13.0
intact,plastic,-2.03749999999e-09,0.0,-6112499.99997,0.0,13.0
intact,plastic,-2.0075e-09,0.0,-6022500.0,0.0,13.0
intact,origin,-2.0075e-09,0.0,-6022500.0,0.0,13.0
intact,origin,-2.00000000003e-09,2.2499999955e-11,-6000000.00009,33749.999964333336,10.0
intact,origin,-2.00000000003e-09,5.25000000035e-11,-6000000.00009,78750.00000706666,10.0
intact,origin,-2.00000000003e-09,8.2500000052e-11,-6000000.00009,123750.00004999999,10.0
intact,origin,-2.00000000003e-09,1.12499999992e-10,-6000000.00009,168749.999984,10.0
intact,origin,-2.00000000003e-09,1.42500000041e-10,-6000000.00009,213750.000027,10.0
intact,origin,-2.00000000003e-09,1.72499999981e-10,-6000000.00009,258749.99996133335,10.0
intact,origin,-2.00000000003e-09,2.02500000029e-10,-6000000.00009,303750.000004,10.0
intact,origin,-2.00000000003e-09,2.32499999969e-10,-6000000.00009,348749.9999926667,10.0
intact,origin,-2.00000000003e-09,2.62500000018e-10,-6000000.00009,393750.00003500003,10.0
intact,origin,-2.00000000003e-09,2.92499999958e-10,-6000000.00009,438749.99996966665,10.0
intact,origin,-2.00000000003e-09,3.22500000006e-10,-6000000.00009,483750.00001233333,10.0
intact,origin,-2.00000000003e-09,3.52499999946e-10,-6000000.00009,528749.9999466666,10.0
intact,origin,-2.00000000003e-09,3.82499999995e-10,-6000000.00009,573749.9999893334,10.0
intact,origin,-2.00000000003e-09,4.12500000043e-10,-6000000.00009,618750.0000323333,10.0
intact,origin,-2.00000000003e-09,4.42499999983e-10,-6000000.00009,663749.9999666667,10.0
intact,origin,-2.00000000003e-09,4.72500000032e-10,-6000000.00009,708750.0000093334,10.0
intact,origin,-2.00000000003e-09,5.02499999972e-10,-6000000.00009,753749.999998,10.0
intact,origin,-2.00000000003e-09,5.3250000002e-10,-6000000.00009,798750.0000403334,10.0
intact,origin,-2.00000000003e-09,5.6249999996e-10,-6000000.00009,843749.999975,10.0
intact,origin,-2.00000000003e-09,5.92500000009e-10,-6000000.00009,888750.0000176666,10.0
intact,origin,-2.00000000003e-09,6.22499999949e-10,-6000000.00009,933749.999952,10.0
intact,origin,-2.00000000003e-09,6.52499999997e-10,-6000000.00009,978749.9999946667,10.0
intact,origin,-2.00000000003e-09,6.82500000046e-10,-6000000.00009,1023750.00004,10.0
intact,origin,-2.00000000003e-09,7.12499999986e-10,-6000000.00009,1068749.9999733334,10.0
intact,origin,-2.00000000003e-09,7.42500000034e-10,-6000000.00009,1113750.0000133335,10.0
intact,origin,-2.00000000003e-09,7.72499999975e-10,-6000000.00009,1158749.9999466666,10.0
intact,origin,-2.00000000003e-09,8.02500000023e-10,-6000000.00009,1203750.0000433333,10.0
intact,origin,-2.00000000003e-09,8.32499999963e-10,-6000000.00009,1248749.9999799998,10.0
intact,origin,-2.00000000003e-09,8.62500000012e-10,-6000000.00009,1293750.0000233334,10.0
intact,origin,-2.00000000003e-09,8.92499999952e-10,-6000000.00009,1338749.99996,10.0
intact,origin,-2.00000000003e-09,9.225e-10,-6000000.00009,1383750.0,10.0
intact,origin,-2.00000000003e-09,9.52500000049e-10,-6000000.00009,1428750.00004,10.0
intact,origin,-2.00000000003e-09,9.82499999989e-10,-6000000.00009,1473749.9999766666,10.0
intact,origin,-2.00000000003e-09,1.01250000004e-09,-6000000.00009,1518750.0000200002,10.0
intact,origin,-2.00000000003e-09,1.04249999998e-09,-6000000.00009,1563749.9999566667,10.0
intact,origin,-2.00000000003e-09,1.07250000003e-09,-6000000.00009,1608750.0000533334,10.0
intact,origin,-2.00000000003e-09,1.10249999997e-09,-6000000.00009,1653749.9999866665,10.0
intact,origin,-2.00000000003e-09,1.13250000001e-09,-6000000.00009,1698750.0000266666,10.0
intact,origin,-2.00000000003e-09,1.16249999995e-09,-6000000.00009,1743749.99996,10.0
intact,origin,-2.00000000003e-09,1.1925e-09,-6000000.00009,1788750.0000033334,10.0
intact,origin,-2.00000000003e-09,1.22250000005e-09,-6000000.00009,1833750.00005,10.0
intact,origin,-2.00000000003e-09,1.25249999999e-09,-6000000.00009,1878749.999983333,10.0
intact,origin,-2.00000000003e-09,1.28250000004e-09,-6000000.00009,1923750.0000266666,10.0
intact,origin,-2.00000000003e-09,1.31249999998e-09,-6000000.00009,1968749.99996,10.0
intact,origin,-2.00000000003e-09,1.34250000003e-09,-6000000.00009,2013750.0,10.0
intact,origin,-2.00000000003e-09,1.37249999997e-09,-6000000.00009,2058749.9999900002,10.0
intact,origin,-2.00000000003e-09,1.40250000002e-09,-6000000.00009,2103750.0000366666,10.0
intact,origin,-2.00000000003e-09,1.43249999996e-09,-6000000.00009,2148749.99997,10.0
intact,origin,-2.00000000003e-09,1.46250000001e-09,-6000000.00009,2193750.0000133333,10.0
intact,origin,-2.00000000003e-09,1.49250000005e-09,-6000000.00009,2238750.0000533336,10.0
intact,origin,-2.00000000003e-09,1.52249999999e-09,-6000000.00009,2283749.9999866667,10.0
intact,origin,-2.00000000003e-09,1.55250000004e-09,-6000000.00009,2328750.00003,10.0
intact,origin,-2.00000000003e-09,1.58249999998e-09,-6000000.00009,2373749.9999633334,10.0
intact,origin,-2.00000000003e-09,1.61250000003e-09,-6000000.00009,2418750.00001,10.0
intact,origin,-2.00000000003e-09,1.64249999997e-09,-6000000.00009,2463749.9999966663,10.0
intact,origin,-2.00000000003e-09,1.67250000002e-09,-6000000.00009,2508750.0000400003,10.0
intact,origin,-2.00000000003e-09,1.70249999996e-09,-6000000.00009,2553749.9999733334,10.0
intact,origin,-2.00000000003e-09,1.73250000001e-09,-6000000.00009,2598750.0000133333,10.0
intact,origin,-2.00000000003e-09,1.76249999995e-09,-6000000.00009,2643749.9999499996,10.0
intact,origin,-2.00000000003e-09,1.7925e-09,-6000000.00009,2688749.99999,10.0
intact,origin,-2.00000000003e-09,1.82250000005e-09,-6000000.00009,2733750.0000366666,10.0
intact,origin,-2.00000000003e-09,1.85249999999e-09,-6000000.00009,2778749.9999733334,10.0
intact,origin,-2.00000000003e-09,1.88250000003e-09,-6000000.00009,2823750.0000133333,10.0
intact,origin,-2.00000000003e-09,1.91249999997e-09,-6000000.00009,2868749.999946667,10.0
intact,origin,-2.00000000003e-09,1.94250000002e-09,-6000000.00009,2913750.000043333,10.0
intact,origin,-2.00000000003e-09,1.97249999996e-09,-6000000.00009,2958749.9999766666,10.0
intact,origin,-2.00000000003e-09,2.00250000001e-09,-6000000.00009,3003750.000023334,10.0
intact,origin,-2.00000000003e-09,2.03249999995e-09,-6000000.00009,3048749.999956667,10.0
intact,origin,-2.00000000003e-09,2.0625e-09,-6000000.00009,3093750.0,10.0
intact,origin,-2.00000000003e-09,2.09250000005e-09,-6000000.00009,3138750.00004,10.0
intact,origin,-2.00000000003e-09,2.12249999999e-09,-6000000.00009,3183749.999973333,10.0
intact,origin,-2.00000000003e-09,2.15250000004e-09,-6000000.00009,3228750.000016667,10.0
intact,origin,-2.00000000003e-09,2.18249999998e-09,-6000000.00009,3273749.9999499996,10.0
intact,origin,-2.00000000003e-09,2.21250000002e-09,-6000000.00009,3318750.0000500004,10.0
intact,origin,-2.00000000003e-09,2.24249999996e-09,-6000000.00009,3363749.9999866667,10.0
intact,origin,-2.00000000003e-09,2.27250000001e-09,-6000000.00009,3408750.000026667,10.0
intact,origin,-2.00000000003e-09,2.30249999995e-09,-6000000.00009,3453749.99996,10.0
intact,origin,-2.00000000003e-09,2.3325e-09,-6000000.00009,3498750.0000033337,10.0
intact,origin,-2.00000000003e-09,2.36250000005e-09,-6000000.00009,3543750.0000466667,10.0
intact,origin,-2.00000000003e-09,2.39249999999e-09,-6000000.00009,3588749.999983333,10.0
intact,origin,-2.00000000003e-09,2.42250000004e-09,-6000000.00009,3633750.000026667,10.0
intact,origin,-2.00000000003e-09,2.45249999998e-09,-6000000.00009,3678749.9999599997,10.0
intact,origin,-2.00000000003e-09,2.48250000003e-09,-6000000.00009,3723750.0,10.0
intact,origin,-2.00000000003e-09,2.51249999997e-09,-6000000.00009,3768749.9999866667,10.0
intact,origin,-2.00000000003e-09,2.54250000002e-09,-6000000.00009,3813750.0000299998,10.0
intact,origin,-2.00000000003e-09,2.57249999996e-09,-6000000.00009,3858749.9999666666,10.0
intact,origin,-2.00000000003e-09,2.6025e-09,-6000000.00009,3903750.00001,10.0
intact,origin,-2.00000000003e-09,2.63250000005e-09,-6000000.00009,3948750.0000533336,10.0
intact,origin,-2.00000000003e-09,2.66249999999e-09,-6000000.00009,3993749.9999866667,10.0
intact,origin,-2.00000000003e-09,2.69250000004e-09,-6000000.00009,4038750.000026667,10.0
intact,origin,-2.00000000003e-09,2.72249999998e-09,-6000000.00009,4083749.9999633334,10.0
intact,origin,-2.00000000003e-09,2.75250000003e-09,-6000000.00009,4128750.0000066664,10.0
intact,origin,-2.00000000003e-09,2.78249999997e-09,-6000000.00009,4173749.9999966663,10.0
intact,origin,-2.00000000003e-09,2.81250000002e-09,-6000000.00009,4218750.000039999,10.0
intact,origin,-2.00000000003e-09,2.84249999996e-09,-6000000.00009,4263749.999973333,10.0
intact,origin,-2.00000000003e-09,2.87250000001e-09,-6000000.00009,4308750.000013333,10.0
intact,origin,-2.00000000003e-09,2.90249999995e-09,-6000000.00009,4353749.999946667,10.0
intact,origin,-2.00000000003e-09,2.9325e-09,-6000000.00009,4398749.99999,10.0
intact,origin,-2.00000000003e-09,2.96250000004e-09,-6000000.00009,4443750.000036667,10.0
intact,origin,-2.00000000003e-09,2.99249999998e-09,-6000000.00009,4488749.99997,10.0
intact,origin,-2.00000000003e-09,3.02250000003e-09,-6000000.00009,4533750.000013334,10.0
intact,origin,-2.00000000003e-09,3.05249999997e-09,-6000000.00009,4578749.999946667,10.0
intact,origin,-2.00000000003e-09,3.08250000002e-09,-6000000.00009,4623750.000039999,10.0
intact,origin,-2.00000000003e-09,3.11249999996e-09,-6000000.00009,4668749.999976668,10.0
intact,origin,-2.00000000003e-09,3.14250000001e-09,-6000000.00009,4713750.000016666,10.0
intact,origin,-2.00000000003e-09,3.17249999995e-09,-6000000.00009,4758749.9999566665,10.0
intact,origin,-2.00000000003e-09,3.2025e-09,-6000000.00009,4803750.0,10.0
intact,origin,-2.00000000003e-09,3.23250000005e-09,-6000000.00009,4848750.000040001,10.0
intact,origin,-2.00000000003e-09,3.26249999999e-09,-6000000.00009,4893749.999973333,10.0
intact,origin,-2.00000000003e-09,3.29250000004e-09,-6000000.00009,4938750.000016667,10.0
intact,origin,-2.00000000003e-09,3.32249999998e-09,-6000000.00009,4983749.99995,10.0
intact,origin,-2.00000000003e-09,3.35250000002e-09,-6000000.00009,5028750.00005,10.0
intact,origin,-2.00000000003e-09,3.38249999996e-09,-6000000.00009,5073749.999983333,10.0
intact,origin,-2.00000000003e-09,3.41250000001e-09,-6000000.00009,5118750.000026667,10.0
intact,origin,-2.00000000003e-09,3.44249999995e-09,-6000000.00009,5163749.999959999,10.0
intact,origin,-2.00000000003e-09,3.4725e-09,-6000000.00009,5208750.0,10.0
intact,origin,-2.00000000003e-09,3.50250000005e-09,-6000000.00009,5253750.0000433335,10.0
intact,origin,-2.00000000003e-09,3.53249999999e-09,-6000000.00009,5298749.999976666,10.0
intact,origin,-2.00000000003e-09,3.56250000004e-09,-6000000.00009,5343750.000023332,10.0
intact,origin,-2.00000000003e-09,3.59249999998e-09,-6000000.00009,5388749.9999566665,10.0
intact,origin,-2.00000000003e-09,3.62250000003e-09,-6000000.00009,5433750.000053333,10.0
intact,origin,-2.00000000003e-09,3.65249999997e-09,-6000000.00009,5478749.999986666,10.0
intact,origin,-2.00000000003e-09,3.68250000002e-09,-6000000.00009,5523750.00003,10.0
intact,origin,-2.00000000003e-09,3.71249999996e-09,-6000000.00009,5568749.999963333,10.0
intact,origin,-2.00000000003e-09,3.7425e-09,-6000000.00009,5613750.00001,10.0
intact,origin,-2.00000000003e-09,3.77250000005e-09,-6000000.00009,5658750.000053334,10.0
intact,origin,-2.00000000003e-09,3.80249999999e-09,-6000000.00009,5703749.999986667,10.0
intact,origin,-2.00000000003e-09,3.83250000004e-09,-6000000.00009,5748750.000026667,10.0
intact,origin,-2.00000000003e-09,3.86249999998e-09,-6000000.00009,5793749.999960001,10.0
intact,origin,-2.00000000003e-09,3.89250000003e-09,-6000000.00009,5838750.000003333,10.0
intact,origin,-2.00000000003e-09,3.92249999997e-09,-6000000.00009,5883749.9999933345,10.0
intact,origin,-2.00000000003e-09,3.95250000002e-09,-6000000.00009,5928750.000036667,10.0
intact,origin,-2.00000000003e-09,3.98249999996e-09,-6000000.00009,5973749.999973333,10.0
intact,origin,-2.00000000003e-09,4.01250000001e-09,-6000000.00009,6018750.000013333,10.0
intact,origin,-2.00000000003e-09,4.04249999995e-09,-6000000.00009,6063749.999946666,10.0
intact,origin,-2.00000000003e-09,4.0725e-09,-6000000.00009,6108749.99999,10.0
intact,origin,-2.00000000003e-09,4.10250000004e-09,-6000000.00009,6153750.000033333,10.0
intact,origin,-2.00000000003e-09,4.13249999998e-09,-6000000.00009,6198749.99997,10.0
intact,origin,-2.00000000003e-09,4.16250000003e-09,-6000000.00009,6243750.00001,10.0
intact,origin,-2.00000000003e-09,4.19249999997e-09,-6000000.00009,6288750.0,10.0
intact,origin,-2.00000000003e-09,4.22250000002e-09,-6000000.00009,6333750.000039999,10.0
intact,origin,-2.00000000003e-09,4.25249999996e-09,-6000000.00009,6378749.999973333,10.0
intact,origin,-2.00000000003e-09,4.28250000001e-09,-6000000.00009,6423750.000016666,10.0
intact,origin,-2.00000000003e-09,4.31249999995e-09,-6000000.00009,6468749.999953333,10.0
intact,origin,-2.00000000003e-09,4.3425e-09,-6000000.00009,6513749.999996667,10.0
intact,origin,-2.00000000003e-09,4.37250000005e-09,-6000000.00009,6558750.000040001,10.0
intact,origin,-2.00000000003e-09,4.40249999999e-09,-6000000.00009,6603749.999973333,10.0
intact,origin,-2.00000000003e-09,4.43250000003e-09,-6000000.00009,6648750.000013334,10.0
intact,origin,-2.00000000003e-09,4.46249999997e-09,-6000000.00009,6693749.999946666,10.0
intact,origin,-2.00000000003e-09,4.49250000002e-09,-6000000.00009,6738750.000043333,10.0
intact,origin,-2.00000000003e-09,4.52249999996e-09,-6000000.00009,6783749.999983333,10.0
intact,origin,-2.00000000003e-09,4.55250000001e-09,-6000000.00009,6828750.000026667,10.0
intact,origin,-2.00000000003e-09,4.58249999995e-09,-6000000.00009,6873749.999959999,10.0
intact,origin,-2.00000000003e-09,4.6125e-09,-6000000.00009,6918750.0,10.0
intact,origin,-2.00000000003e-09,4.64250000005e-09,-6000000.00009,6963750.0000433335,10.0
intact,origin,-2.00000000003e-09,4.67249999999e-09,-6000000.00009,7008749.999976666,10.0
intact,origin,-2.00000000003e-09,4.70250000004e-09,-6000000.00009,7053750.00002,10.0
intact,origin,-2.00000000003e-09,4.73249999998e-09,-6000000.00009,7098749.999956667,10.0
intact,origin,-2.00000000003e-09,4.76250000003e-09,-6000000.00009,7143750.000053334,10.0
intact,origin,-2.00000000003e-09,4.79249999997e-09,-6000000.00009,7188749.999986666,10.0
intact,origin,-2.00000000003e-09,4.82250000001e-09,-6000000.00009,7233750.000026667,10.0
intact,origin,-2.00000000003e-09,4.85249999995e-09,-6000000.00009,7278749.999963333,10.0
intact,origin,-2.00000000003e-09,4.8825e-09,-6000000.00009,7323750.000003333,10.0
intact,origin,-2.00000000003e-09,4.91250000005e-09,-6000000.00009,7368750.00005,10.0
intact,origin,-2.00000000003e-09,4.94249999999e-09,-6000000.00009,7413749.999983334,10.0
intact,origin,-2.00000000003e-09,4.97250000004e-09,-6000000.00009,7458750.000026667,10.0
intact,origin,-2.00000000003e-09,5.00249999998e-09,-6000000.00009,7503749.999960001,10.0
intact,origin,-2.00000000003e-09,5.03250000003e-09,-6000000.00009,7548750.0,10.0
intact,origin,-2.00000000003e-09,5.06249999997e-09,-6000000.00009,7593749.99999,10.0
intact,origin,-2.00000000003e-09,5.09250000002e-09,-6000000.00009,7638750.000036667,10.0
intact,origin,-2.00000000003e-09,5.12249999996e-09,-6000000.00009,7683749.99997,10.0
intact,origin,-2.00000000003e-09,5.15250000001e-09,-6000000.00009,7728750.000013333,10.0
intact,origin,-2.00000000003e-09,5.18249999995e-09,-6000000.00009,7773749.999946666,10.0
intact,origin,-2.00000000003e-09,5.21249999999e-09,-6000000.00009,7818749.999986667,10.0
intact,origin,-2.00000000003e-09,5.24250000004e-09,-6000000.00009,7863750.00003,10.0
intact,origin,-2.00000000003e-09,5.27249999998e-09,-6000000.00009,7908749.999963333,10.0
intact,origin,-2.00000000003e-09,5.30250000003e-09,-6000000.00009,7953750.00001,10.0
intact,origin,-2.00000000003e-09,5.33249999997e-09,-6000000.00009,7998750.0,10.0
intact,origin,-2.00000000003e-09,5.36250000002e-09,-6000000.00009,8043750.000039999,10.0
intact,origin,-2.00000000003e-09,5.39249999996e-09,-6000000.00009,8088749.999973333,10.0
intact,origin,-2.00000000003e-09,5.42250000001e-09,-6000000.00009,8133750.000016666,10.0
intact,origin,-2.00000000003e-09,5.45249999995e-09,-6000000.00009,8178749.99995,10.0
intact,origin,-2.00000000003e-09,5.4825e-09,-6000000.00009,8223749.999996667,10.0
intact,origin,-2.00000000003e-09,5.51250000005e-09,-6000000.00009,8268750.000036667,10.0
intact,origin,-2.00000000003e-09,5.54249999999e-09,-6000000.00009,8313749.999973333,10.0
intact,origin,-2.00000000003e-09,5.57250000003e-09,-6000000.00009,8358750.000013334,10.0
intact,origin,-2.00000000003e-09,5.60249999997e-09,-6000000.00009,8403749.999946667,10.0
intact,origin,-2.00000000003e-09,5.63250000002e-09,-6000000.00009,8448750.000043334,10.0
intact,origin,-2.00000000003e-09,5.66249999996e-09,-6000000.00009,8493749.99998,10.0
intact,origin,-2.00000000003e-09,5.69250000001e-09,-6000000.00009,8538750.000023333,10.0
intact,origin,-2.00000000003e-09,5.72249999995e-09,-6000000.00009,8583749.999956667,10.0
intact,origin,-2.00000000003e-09,5.7525e-09,-6000000.00009,8628750.0,10.0
intact,origin,-2.00000000003e-09,5.78250000005e-09,-6000000.00009,8673750.00004,10.0
intact,origin,-2.00000000003e-09,5.81249999999e-09,-6000000.00009,8718749.999973334,10.0
intact,origin,-2.00000000003e-09,5.84250000004e-09,-6000000.00009,8763750.000016667,10.0
intact,origin,-2.00000000003e-09,5.87249999998e-09,-6000000.00009,8808749.999956666,10.0
intact,origin,-2.00000000003e-09,5.90250000003e-09,-6000000.00009,8853750.000053333,10.0
intact,origin,-2.00000000003e-09,5.93249999997e-09,-6000000.00009,8898749.999986667,10.0
intact,origin,-2.00000000003e-09,5.96250000001e-09,-6000000.00009,8943750.000026666,10.0
intact,origin,-2.00000000003e-09,5.99249999995e-09,-6000000.00009,8988749.99996,10.0
intact,origin,-2.00000000003e-09,6.0225e-09,-6000000.00009,9033750.000003332,10.0
intact,origin,-2.00000000003e-09,6.05250000005e-09,-6000000.00009,9078750.000046669,10.0
intact,origin,-2.00000000003e-09,6.08249999999e-09,-6000000.00009,9123749.999983333,10.0
intact,origin,-2.00000000003e-09,6.11250000004e-09,-6000000.00009,9168750.000026667,10.0
intact,origin,-2.00000000003e-09,6.14249999998e-09,-6000000.00009,9213749.99996,10.0
intact,origin,-2.00000000003e-09,6.17250000003e-09,-6000000.00009,9258750.0,10.0
intact,origin,-2.00000000003e-09,6.20249999997e-09,-6000000.00009,9303749.99999,10.0
intact,origin,-2.00000000003e-09,6.23250000002e-09,-6000000.00009,9348750.000029998,10.0
intact,origin,-2.00000000003e-09,6.26249999996e-09,-6000000.00009,9393749.999966666,10.0
intact,origin,-2.00000000003e-09,6.2925e-09,-6000000.00009,9438750.00001,10.0
intact,origin,-2.00000000003e-09,6.32250000005e-09,-6000000.00009,9483750.000053333,10.0
intact,origin,-2.00000000003e-09,6.35249999999e-09,-6000000.00009,9528749.999986665,10.0
intact,origin,-2.00000000003e-09,6.38250000004e-09,-6000000.00009,9573750.000026667,10.0
intact,origin,-2.00000000003e-09,6.41249999998e-09,-6000000.00009,9618749.999963334,10.0
intact,origin,-2.00000000003e-09,6.44250000003e-09,-6000000.00009,9663750.000006666,10.0
intact,origin,-2.00000000003e-09,6.47249999997e-09,-6000000.00009,9708749.999996668,10.0
intact,origin,-2.00000000003e-09,6.50250000002e-09,-6000000.00009,9753750.00004,10.0
intact,origin,-2.00000000003e-09,6.53249999996e-09,-6000000.00009,9798749.999973333,10.0
intact,origin,-2.00000000003e-09,6.56250000001e-09,-6000000.00009,9843750.000013335,10.0
intact,origin,-2.00000000003e-09,6.59249999995e-09,-6000000.00009,9888749.999946667,10.0
intact,origin,-2.00000000003e-09,6.6225e-09,-6000000.00009,9933749.99999,10.0
intact,origin,-2.00000000003e-09,6.65250000004e-09,-6000000.00009,9978750.000036666,10.0
intact,origin,-2.00000000003e-09,6.68249999998e-09,-6000000.00009,10023750.0,10.0
intact,origin,-2.00000000003e-09,6.71250000003e-09,-6000000.00009,10068750.0,10.0
intact,origin,-2.00000000003e-09,6.74249999997e-09,-6000000.00009,10113749.999966666,10.0
intact,origin,-2.00000000003e-09,6.77250000002e-09,-6000000.00009,10158750.000033334,10.0
intact,origin,-2.00000000003e-09,6.80249999996e-09,-6000000.00009,10203749.999966666,10.0
intact,origin,-2.00000000003e-09,6.83250000001e-09,-6000000.00009,10248750.0,10.0
intact,origin,-2.00000000003e-09,6.86249999995e-09,-6000000.00009,10293749.999933334,10.0
intact,origin,-2.00000000003e-09,6.8925e-09,-6000000.00009,10338750.0,10.0
intact,origin,-2.00000000003e-09,6.92250000005e-09,-6000000.00009,10383750.000066666,10.0
intact,origin,-2.00000000003e-09,6.95249999999e-09,-6000000.00009,10428750.0,10.0
intact,origin,-2.00000000003e-09,6.98250000004e-09,-6000000.00009,10473750.000033334,10.0
intact,origin,-2.00000000003e-09,7.01249999998e-09,-6000000.00009,10518749.999966666,10.0
intact,origin,-2.00000000003e-09,7.04250000002e-09,-6000000.00009,10563750.000033334,10.0
intact,origin,-2.00000000003e-09,7.07249999996e-09,-6000000.00009,10608749.999966666,10.0
intact,origin,-2.00000000003e-09,7.10250000001e-09,-6000000.00009,10653750.0,10.0
intact,origin,-2.00000000003e-09,7.13249999995e-09,-6000000.00009,10698749.999933334,10.0
intact,origin,-2.00000000003e-09,7.1625e-09,-6000000.00009,10743750.0,10.0
intact,origin,-2.00000000003e-09,7.19250000005e-09,-6000000.00009,10788750.000066666,10.0
intact,origin,-2.00000000003e-09,7.22249999999e-09,-6000000.00009,10833750.0,10.0
intact,origin,-2.00000000003e-09,7.25250000004e-09,-6000000.00009,10878750.000033334,10.0
intact,origin,-2.00000000003e-09,7.28249999998e-09,-6000000.00009,10923749.999966666,10.0
intact,origin,-2.00000000003e-09,7.31250000003e-09,-6000000.00009,10968750.000033334,10.0
intact,origin,-2.00000000003e-09,7.34249999997e-09,-6000000.00009,11013750.0,10.0
intact,origin,-2.00000000003e-09,7.37250000002e-09,-6000000.00009,11058750.0,10.0
intact,origin,-2.00000000003e-09,7.40249999996e-09,-6000000.00009,11103749.999933334,10.0
intact,origin,-2.00000000003e-09,7.4325e-09,-6000000.00009,11148750.0,10.0
intact,origin,-2.00000000003e-09,7.46250000005e-09,-6000000.00009,11193750.000066668,10.0
intact,origin,-2.00000000003e-09,7.49249999999e-09,-6000000.00009,11238750.0,10.0
intact,origin,-2.00000000003e-09,7.52250000004e-09,-6000000.00009,11283750.000033334,10.0
intact,origin,-2.00000000003e-09,7.55249999998e-09,-6000000.00009,11328749.999966666,10.0
intact,origin,-2.00000000003e-09,7.58250000003e-09,-6000000.00009,11373750.0,10.0
intact,origin,-2.00000000003e-09,7.61249999997e-09,-6000000.00009,11418750.0,10.0
intact,origin,-2.00000000003e-09,7.64250000002e-09,-6000000.00009,11463750.000033334,10.0
intact,origin,-2.00000000003e-09,7.67249999996e-09,-6000000.00009,11508749.999966666,10.0
intact,origin,-2.00000000003e-09,7.70250000001e-09,-6000000.00009,11553750.0,10.0
intact,origin,-2.00000000003e-09,7.73249999995e-09,-6000000.00009,11598749.999933332,10.0
intact,origin,-2.00000000003e-09,7.7625e-09,-6000000.00009,11643750.0,10.0
intact,origin,-2.00000000003e-09,7.79250000004e-09,-6000000.00009,11688750.000066668,10.0
intact,origin,-2.00000000003e-09,7.82249999998e-09,-6000000.00009,11733750.0,10.0
intact,origin,-2.00000000003e-09,7.85250000003e-09,-6000000.00009,11778750.0,10.0
intact,origin,-2.00000000003e-09,7.88249999997e-09,-6000000.00009,11823750.0,10.0
intact,origin,-2.00000000003e-09,7.91250000002e-09,-6000000.00009,11868750.000033334,10.0
intact,origin,-2.00000000003e-09,7.94249999996e-09,-6000000.00009,11913749.999966666,10.0
intact,origin,-2.00000000003e-09,7.97250000001e-09,-6000000.00009,11958750.0,10.0
intact,origin,-2.00000000003e-09,8.00249999995e-09,-6000000.00009,12003749.999933332,10.0
intact,origin,-2.00000000003e-09,8.0325e-09,-6000000.00009,12048750.0,10.0
intact,origin,-2.00000000003e-09,8.06250000005e-09,-6000000.00009,12093750.000066668,10.0
intact,origin,-2.00000000003e-09,8.09249999999e-09,-6000000.00009,12138750.0,10.0
intact,origin,-2.00000000003e-09,8.12250000004e-09,-6000000.00009,12183750.000033334,10.0
intact,origin,-2.00000000003e-09,8.15249999998e-09,-6000000.00009,12228749.999966666,10.0
intact,origin,-2.00000000003e-09,8.18250000002e-09,-6000000.00009,12273750.000033334,10.0
intact,origin,-2.00000000003e-09,8.21249999996e-09,-6000000.00009,12318749.999966666,10.0
intact,origin,-2.00000000003e-09,8.24250000001e-09,-6000000.00009,12363750.0,10.0
intact,origin,-2.00000000003e-09,8.27249999995e-09,-6000000.00009,12408749.999933332,10.0
intact,origin,-2.00000000003e-09,8.3025e-09,-6000000.00009,12453750.0,10.0
intact,origin,-2.00000000003e-09,8.33250000005e-09,-6000000.00009,12498750.000066668,10.0
intact,origin,-2.00000000003e-09,8.36249999999e-09,-6000000.00009,12543750.0,10.0
intact,origin,-2.00000000003e-09,8.39250000004e-09,-6000000.00009,12588750.000033334,10.0
intact,origin,-2.00000000003e-09,8.42249999998e-09,-6000000.00009,12633749.999966666,10.0
intact,origin,-2.00000000003e-09,8.45250000003e-09,-6000000.00009,12678750.000033334,10.0
intact,origin,-2.00000000003e-09,8.48249999997e-09,-6000000.00009,12723749.999966666,10.0
intact,origin,-2.00000000003e-09,8.51250000001e-09,-6000000.00009,12768750.0,10.0
intact,origin,-2.00000000003e-09,8.54249999995e-09,-6000000.00009,12813749.999933332,10.0
intact,origin,-2.00000000003e-09,8.5725e-09,-6000000.00009,12858750.0,10.0
intact,origin,-2.00000000003e-09,8.60250000005e-09,-6000000.00009,12903750.000066668,10.0
intact,origin,-2.00000000003e-09,8.63249999999e-09,-6000000.00009,12948750.0,10.0
intact,origin,-2.00000000003e-09,8.66250000004e-09,-6000000.00009,12993750.000033334,10.0
intact,origin,-2.00000000003e-09,8.69249999998e-09,-6000000.00009,13038749.999966666,10.0
intact,origin,-2.00000000003e-09,8.72250000003e-09,-6000000.00009,13083750.0,10.0
intact,origin,-2.00000000003e-09,8.75249999997e-09,-6000000.00009,13128750.0,10.0
intact,origin,-2.00000000003e-09,8.78250000002e-09,-6000000.00009,13173750.000033334,10.0
intact,origin,-2.00000000003e-09,8.81249999996e-09,-6000000.00009,13218749.999966666,10.0
intact,origin,-2.00000000003e-09,8.84250000001e-09,-6000000.00009,13263750.0,10.0
intact,origin,-2.00000000003e-09,8.87249999995e-09,-6000000.00009,13308749.999933332,10.0
intact,origin,-2.00000000003e-09,8.90249999999e-09,-6000000.00009,13353750.0,10.0
intact,origin,-2.00000000003e-09,8.93250000004e-09,-6000000.00009,13398750.000033334,10.0
intact,origin,-2.00000000003e-09,8.96249999998e-09,-6000000.00009,13443749.999966666,10.0
intact,origin,-2.00000000003e-09,8.99250000003e-09,-6000000.00009,13488750.0,10.0
intact,origin,-2.00000000003e-09,9.02249999997e-09,-6000000.00009,13533750.0,10.0
intact,origin,-2.00000000003e-09,9.05250000002e-09,-6000000.00009,13578750.000033334,10.0
intact,origin,-2.00000000003e-09,9.08249999996e-09,-6000000.00009,13623749.999966666,10.0
intact,origin,-2.00000000003e-09,9.11250000001e-09,-6000000.00009,13668750.0,10.0
intact,origin,-2.00000000003e-09,9.14249999995e-09,-6000000.00009,13713749.999933332,10.0
intact,origin,-2.00000000003e-09,9.1725e-09,-6000000.00009,13758750.0,10.0
intact,origin,-2.00000000003e-09,9.20250000005e-09,-6000000.00009,13803750.000066668,10.0
intact,origin,-2.00000000003e-09,9.23249999999e-09,-6000000.00009,13848750.0,10.0
intact,origin,-2.00000000003e-09,9.26250000003e-09,-6000000.00009,13893750.000033334,10.0
intact,origin,-2.00000000003e-09,9.29249999997e-09,-6000000.00009,13938749.999966666,10.0
intact,origin,-2.00000000003e-09,9.32250000002e-09,-6000000.00009,13983750.000033334,10.0
intact,origin,-2.00000000003e-09,9.35249999996e-09,-6000000.00009,14028749.999966666,10.0
intact,origin,-2.00000000003e-09,9.38250000001e-09,-6000000.00009,14073750.0,10.0
intact,origin,-2.00000000003e-09,9.41249999995e-09,-6000000.00009,14118749.999933332,10.0
intact,origin,-2.00000000003e-09,9.4425e-09,-6000000.00009,14163750.0,10.0
intact,origin,-2.00000000003e-09,9.47250000005e-09,-6000000.00009,14208750.000066668,10.0
intact,origin,-2.00000000003e-09,9.50249999999e-09,-6000000.00009,14253750.0,10.0
intact,origin,-2.00000000003e-09,9.53250000004e-09,-6000000.00009,14298750.000033334,10.0
intact,origin,-2.00000000003e-09,9.56249999998e-09,-6000000.00009,14343749.999966666,10.0
intact,origin,-2.00000000003e-09,9.59250000003e-09,-6000000.00009,14388750.000033334,10.0
intact,origin,-2.00000000003e-09,9.62249999997e-09,-6000000.00009,14433749.999966666,10.0
intact,origin,-2.00000000003e-09,9.65250000001e-09,-6000000.00009,14478750.0,10.0
intact,origin,-2.00000000003e-09,9.68249999995e-09,-6000000.00009,14523749.999933332,10.0
intact,origin,-2.00000000003e-09,9.7125e-09,-6000000.00009,14568750.0,10.0
intact,origin,-2.00000000003e-09,9.74250000005e-09,-6000000.00009,14613750.000066668,10.0
intact,origin,-2.00000000003e-09,9.77249999999e-09,-6000000.00009,14658750.0,10.0
intact,origin,-2.00000000003e-09,9.80250000004e-09,-6000000.00009,14703750.000033334,10.0
intact,origin,-2.00000000003e-09,9.83249999998e-09,-6000000.00009,14748749.999966666,10.0
intact,origin,-2.00000000003e-09,9.86250000003e-09,-6000000.00009,14793750.0,10.0
intact,origin,-2.00000000003e-09,9.89249999997e-09,-6000000.00009,14838750.0,10.0
intact,origin,-2.00000000003e-09,9.92250000002e-09,-6000000.00009,14883750.000033334,10.0
intact,origin,-2.00000000003e-09,9.95249999996e-09,-6000000.00009,14928749.999966666,10.0
intact,origin,-2.00000000003e-09,9.98250000001e-09,-6000000.00009,14973750.0,10.0
intact,origin,-2.00000000003e-09,1.00125000001e-08,-6000000.00009,15018750.000066668,10.0
intact,origin,-2.00000000003e-09,1.00425e-08,-6000000.00009,15063750.0,10.0
intact,origin,-2.00000000003e-09,1.00725e-08,-6000000.00009,15108750.000033334,10.0
intact,origin,-2.00000000003e-09,1.01025e-08,-6000000.00009,15153749.999966666,10.0
intact,origin,-2.00000000003e-09,1.01325e-08,-6000000.00009,15198750.0,10.0
intact,origin,-2.00000000003e-09,1.01625e-08,-6000000.00009,15243750.0,10.0
intact,origin,-2.00000000003e-09,1.01925e-08,-6000000.00009,15288750.000033334,10.0
intact,origin,-2.00000000003e-09,1.02225e-08,-6000000.00009,15333749.999966666,10.0
intact,origin,-2.00000000003e-09,1.02525e-08,-6000000.00009,15378750.0,10.0
intact,origin,-2.00000000003e-09,1.02824999999e-08,-6000000.00009,15423749.999933332,10.0
intact,origin,-2.00000000003e-09,1.03125e-08,-6000000.00009,15468750.0,10.0
intact,origin,-2.00000000003e-09,1.03425e-08,-6000000.00009,15513750.000066668,10.0
intact,origin,-2.00000000003e-09,1.03725e-08,-6000000.00009,15558750.0,10.0
intact,origin,-2.00000000003e-09,1.04025e-08,-6000000.00009,15603750.000033334,10.0
intact,origin,-2.00000000003e-09,1.04325e-08,-6000000.00009,15648749.999966666,10.0
intact,origin,-2.00000000003e-09,1.04625e-08,-6000000.00009,15693750.000033334,10.0
intact,origin,-2.00000000003e-09,1.04925e-08,-6000000.00009,15738749.999966666,10.0
intact,origin,-2.00000000003e-09,1.05225e-08,-6000000.00009,15783750.0,10.0
intact,origin,-2.00000000003e-09,1.05525e-08,-6000000.00009,15828749.999933332,10.0
intact,origin,-2.00000000003e-09,1.05825e-08,-6000000.00009,15873750.0,10.0
intact,origin,-2.00000000003e-09,1.06125e-08,-6000000.00009,15918750.000066668,10.0
intact,origin,-2.00000000003e-09,1.06425e-08,-6000000.00009,15963750.0,10.0
intact,origin,-2.00000000003e-09,1.06725e-08,-6000000.00009,16008750.000033334,10.0
intact,origin,-2.00000000003e-09,1.07025e-08,-6000000.00009,16053749.999966666,10.0
intact,origin,-2.00000000003e-09,1.07325e-08,-6000000.00009,16098750.000033334,10.0
intact,origin,-2.00000000003e-09,1.07625e-08,-6000000.00009,16143749.999966666,10.0
intact,origin,-2.00000000003e-09,1.07925e-08,-6000000.00009,16188750.0,10.0
intact,origin,-2.00000000003e-09,1.08225e-08,-6000000.00009,16233749.999933332,10.0
intact,origin,-2.00000000003e-09,1.08525e-08,-6000000.00009,16278750.0,10.0
intact,origin,-2.00000000003e-09,1.08825000001e-08,-6000000.00009,16323750.000066668,10.0
intact,origin,-2.00000000003e-09,1.09125e-08,-6000000.00009,16368750.0,10.0
intact,origin,-2.00000000003e-09,1.09425e-08,-6000000.00009,16413750.000033334,10.0
intact,origin,-2.00000000003e-09,1.09725e-08,-6000000.00009,16458749.999966666,10.0
intact,origin,-2.00000000003e-09,1.10025e-08,-6000000.00009,16503750.0,10.0
intact,origin,-2.00000000003e-09,1.10325e-08,-6000000.00009,16548750.0,10.0
intact,origin,-2.00000000003e-09,1.10625e-08,-6000000.00009,16593750.0,10.0
intact,origin,-2.00000000003e-09,1.10925e-08,-6000000.00009,16638749.999933332,10.0
intact,origin,-2.00000000003e-09,1.11225e-08,-6000000.00009,16683750.0,10.0
intact,origin,-2.00000000003e-09,1.11525000001e-08,-6000000.00009,16728750.000066668,10.0
intact,origin,-2.00000000003e-09,1.11825e-08,-6000000.00009,16773750.0,10.0
intact,origin,-2.00000000003e-09,1.12125e-08,-6000000.00009,16818750.000033334,10.0
intact,origin,-2.00000000003e-09,1.12425e-08,-6000000.00009,16863749.999966666,10.0
intact,origin,-2.00000000003e-09,1.12725e-08,-6000000.00009,16908750.0,10.0
intact,origin,-2.00000000003e-09,1.13025e-08,-6000000.00009,16953750.0,10.0
intact,origin,-2.00000000003e-09,1.13325e-08,-6000000.00009,16998750.000033334,10.0
intact,origin,-2.00000000003e-09,1.13625e-08,-6000000.00009,17043749.999966666,10.0
intact,origin,-2.00000000003e-09,1.13925e-08,-6000000.00009,17088750.0,10.0
intact,origin,-2.00000000003e-09,1.14224999999e-08,-6000000.00009,17133749.999933332,10.0
intact,origin,-2.00000000003e-09,1.14525e-08,-6000000.00009,17178750.0,10.0
intact,origin,-2.00000000003e-09,1.14825e-08,-6000000.00009,17223750.000066668,10.0
intact,origin,-2.00000000003e-09,1.15125e-08,-6000000.00009,17268750.0,10.0
intact,origin,-2.00000000003e-09,1.15425e-08,-6000000.00009,17313750.0,10.0
intact,origin,-2.00000000003e-09,1.15725e-08,-6000000.00009,17358750.0,10.0
intact,origin,-2.00000000003e-09,1.16025e-08,-6000000.00009,17403750.000033334,10.0
intact,origin,-2.00000000003e-09,1.16325e-08,-6000000.00009,17448749.999966666,10.0
intact,origin,-2.00000000003e-09,1.16625e-08,-6000000.00009,17493750.0,10.0
intact,origin,-2.00000000003e-09,1.16924999999e-08,-6000000.00009,17538749.999933332,10.0
intact,origin,-2.00000000003e-09,1.17225e-08,-6000000.00009,17583750.0,10.0
intact,origin,-2.00000000003e-09,1.17525e-08,-6000000.00009,17628750.000066668,10.0
intact,origin,-2.00000000003e-09,1.17825e-08,-6000000.00009,17673750.0,10.0
intact,origin,-2.00000000003e-09,1.18125e-08,-6000000.00009,17718750.000033334,10.0
intact,origin,-2.00000000003e-09,1.18425e-08,-6000000.00009,17763749.999966666,10.0
intact,origin,-2.00000000003e-09,1.18725e-08,-6000000.00009,17808750.000033334,10.0
intact,origin,-2.00000000003e-09,1.19025e-08,-6000000.00009,17853749.999966666,10.0
intact,origin,-2.00000000003e-09,1.19325e-08,-6000000.00009,17898750.0,10.0
intact,origin,-2.00000000003e-09,1.19625e-08,-6000000.00009,17943749.999933332,10.0
intact,origin,-2.00000000003e-09,1.19925e-08,-6000000.00009,17988750.0,10.0
intact,origin,-2.00000000003e-09,1.20225e-08,-6000000.00009,18033750.000066668,10.0
intact,origin,-2.00000000003e-09,1.20525e-08,-6000000.00009,18078750.0,10.0
intact,origin,-2.00000000003e-09,1.20825e-08,-6000000.00009,18123750.000033334,10.0
intact,origin,-2.00000000003e-09,1.21125e-08,-6000000.00009,18168749.999966666,10.0
intact,origin,-2.00000000003e-09,1.21425e-08,-6000000.00009,18213750.000033334,10.0
intact,origin,-2.00000000003e-09,1.21725e-08,-6000000.00009,18258750.0,10.0
intact,origin,-2.00000000003e-09,1.22025e-08,-6000000.00009,18303750.0,10.0
intact,origin,-2.00000000003e-09,1.22325e-08,-6000000.00009,18348749.999933332,10.0
intact,origin,-2.00000000003e-09,1.22625e-08,-6000000.00009,18393750.0,10.0
intact,origin,-2.00000000003e-09,1.22925000001e-08,-6000000.00009,18438750.000066668,10.0
intact,origin,-2.00000000003e-09,1.23225e-08,-6000000.00009,18483750.0,10.0
intact,origin,-2.00000000003e-09,1.23525e-08,-6000000.00009,18528750.000033334,10.0
intact,origin,-2.00000000003e-09,1.23825e-08,-6000000.00009,18573749.999966666,10.0
intact,origin,-2.00000000003e-09,1.24125e-08,-6000000.00009,18618750.0,10.0
intact,origin,-2.00000000003e-09,1.24425e-08,-6000000.00009,18663750.0,10.0
intact,origin,-2.00000000003e-09,1.24725e-08,-6000000.00009,18708750.000033334,10.0
intact,origin,-2.00000000003e-09,1.25025e-08,-6000000.00009,18753749.999966666,10.0
intact,origin,-2.00000000003e-09,1.25325e-08,-6000000.00009,18798750.0,10.0
intact,origin,-2.00000000003e-09,1.25624999999e-08,-6000000.00009,18843749.999933332,10.0
intact,origin,-2.00000000003e-09,1.25925e-08,-6000000.00009,18888750.0,10.0
intact,origin,-2.00000000003e-09,1.26225e-08,-6000000.00009,18933750.000033334,10.0
intact,origin,-2.00000000003e-09,1.26525e-08,-6000000.00009,18978750.0,10.0
intact,origin,-2.00000000003e-09,1.26825e-08,-6000000.00009,19023750.0,10.0
intact,origin,-2.00000000003e-09,1.27125e-08,-6000000.00009,19068750.0,10.0
intact,origin,-2.00000000003e-09,1.27425e-08,-6000000.00009,19113750.000033334,10.0
intact,origin,-2.00000000003e-09,1.27725e-08,-6000000.00009,19158749.999966666,10.0
intact,origin,-2.00000000003e-09,1.28025e-08,-6000000.00009,19203750.0,10.0
intact,origin,-2.00000000003e-09,1.28324999999e-08,-6000000.00009,19248749.999933332,10.0
intact,origin,-2.00000000003e-09,1.28625e-08,-6000000.00009,19293750.0,10.0
intact,origin,-2.00000000003e-09,1.28925e-08,-6000000.00009,19338750.000066668,10.0
intact,origin,-2.00000000003e-09,1.29225e-08,-6000000.00009,19383750.0,10.0
intact,origin,-2.00000000003e-09,1.29525e-08,-6000000.00009,19428750.000033334,10.0
intact,origin,-2.00000000003e-09,1.29825e-08,-6000000.00009,19473749.999966666,10.0
intact,origin,-2.00000000003e-09,1.30125e-08,-6000000.00009,19518750.000033334,10.0
intact,origin,-2.00000000003e-09,1.30425e-08,-6000000.00009,19563749.999966666,10.0
intact,origin,-2.00000000003e-09,1.30725e-08,-6000000.00009,19608750.0,10.0
intact,origin,-2.00000000003e-09,1.31025e-08,-6000000.00009,19653749.999933332,10.0
intact,origin,-2.00000000003e-09,1.31325e-08,-6000000.00009,19698750.0,10.0
intact,origin,-2.00000000003e-09,1.31625e-08,-6000000.00009,19743750.000066668,10.0
intact,origin,-2.00000000003e-09,1.31925e-08,-6000000.00009,19788750.0,10.0
intact,origin,-2.00000000003e-09,1.32225e-08,-6000000.00009,19833750.000033334,10.0
intact,origin,-2.00000000003e-09,1.32525e-08,-6000000.00009,19878749.999966666,10.0
intact,origin,-2.00000000003e-09,1.32825e-08,-6000000.00009,19923750.000033334,10.0
intact,origin,-2.00000000003e-09,1.33125e-08,-6000000.00009,19968749.999966666,10.0
intact,origin,-2.00000000003e-09,1.33425e-08,-6000000.00009,20013750.0,10.0
intact,origin,-2.00000000003e-09,1.33725e-08,-6000000.00009,20058749.999933332,10.0
intact,origin,-2.00000000003e-09,1.34025e-08,-6000000.00009,20103750.0,10.0
intact,origin,-2.00000000003e-09,1.34325000001e-08,-6000000.00009,20148750.000066668,10.0
intact,origin,-2.00000000003e-09,1.34625e-08,-6000000.00009,20193750.0,10.0
intact,origin,-2.00000000003e-09,1.34925e-08,-6000000.00009,20238750.000033334,10.0
intact,origin,-2.00000000003e-09,1.35225e-08,-6000000.00009,20283749.999966666,10.0
intact,origin,-2.00000000003e-09,1.35525e-08,-6000000.00009,20328750.0,10.0
intact,origin,-2.00000000003e-09,1.35825e-08,-6000000.00009,20373750.0,10.0
intact,origin,-2.00000000003e-09,1.36125e-08,-6000000.00009,20418750.000033334,10.0
intact,origin,-2.00000000003e-09,1.36425e-08,-6000000.00009,20463749.999966666,10.0
intact,origin,-2.00000000003e-09,1.36725e-08,-6000000.00009,20508750.0,10.0
intact,origin,-2.00000000003e-09,1.37025000001e-08,-6000000.00009,20553750.000066668,10.0
intact,origin,-2.00000000003e-09,1.37325e-08,-6000000.00009,20598750.0,10.0
intact,origin,-2.00000000003e-09,1.37625e-08,-6000000.00009,20643750.000033334,10.0
intact,origin,-2.00000000003e-09,1.37925e-08,-6000000.00009,20688749.999966666,10.0
intact,origin,-2.00000000003e-09,1.38225e-08,-6000000.00009,20733750.0,10.0
intact,origin,-2.00000000003e-09,1.38525e-08,-6000000.00009,20778750.0,10.0
intact,origin,-2.00000000003e-09,1.38825e-08,-6000000.00009,20823750.000033334,10.0
intact,origin,-2.00000000003e-09,1.39125e-08,-6000000.00009,20868749.999966666,10.0
intact,origin,-2.00000000003e-09,1.39425e-08,-6000000.00009,20913750.0,10.0
intact,origin,-2.00000000003e-09,1.39724999999e-08,-6000000.00009,20958749.999933332,10.0
intact,origin,-2.00000000003e-09,1.40025e-08,-6000000.00009,21003750.0,10.0
intact,origin,-2.00000000003e-09,1.40325e-08,-6000000.00009,21048750.000066668,10.0
intact,origin,-2.00000000003e-09,1.40625e-08,-6000000.00009,21093750.0,10.0
intact,origin,-2.00000000003e-09,1.40925e-08,-6000000.00009,21138750.000033334,10.0
intact,origin,-2.00000000003e-09,1.41225e-08,-6000000.00009,21183749.999966666,10.0
intact,origin,-2.00000000003e-09,1.41525e-08,-6000000.00009,21228750.000033334,10.0
intact,origin,-2.00000000003e-09,1.41825e-08,-6000000.00009,21273749.999966666,10.0
intact,origin,-2.00000000003e-09,1.42125e-08,-6000000.00009,21318750.0,10.0
intact,origin,-2.00000000003e-09,1.42425e-08,-6000000.00009,21363749.999933332,10.0
intact,origin,-2.00000000003e-09,1.42725e-08,-6000000.00009,21408750.0,10.0
intact,origin,-2.00000000003e-09,1.43025e-08,-6000000.00009,21453750.000066668,10.0
intact,origin,-2.00000000003e-09,1.43325e-08,-6000000.00009,21498750.0,10.0
intact,origin,-2.00000000003e-09,1.43625e-08,-6000000.00009,21543750.000033334,10.0
intact,origin,-2.00000000003e-09,1.43925e-08,-6000000.00009,21588749.999966666,10.0
intact,origin,-2.00000000003e-09,1.44225e-08,-6000000.00009,21633750.000033334,10.0
intact,origin,-2.00000000003e-09,1.44525e-08,-6000000.00009,21678749.999966666,10.0
intact,origin,-2.00000000003e-09,1.44825e-08,-6000000.00009,21723750.0,10.0
intact,origin,-2.00000000003e-09,1.45125e-08,-6000000.00009,21768749.999933332,10.0
intact,origin,-2.00000000003e-09,1.45425e-08,-6000000.00009,21813750.0,10.0
intact,origin,-2.00000000003e-09,1.45725000001e-08,-6000000.00009,21858750.000066668,10.0
intact,origin,-2.00000000003e-09,1.46025e-08,-6000000.00009,21903750.0,10.0
intact,origin,-2.00000000003e-09,1.46325e-08,-6000000.00009,21948750.000033334,10.0
intact,origin,-2.00000000003e-09,1.46625e-08,-6000000.00009,21993749.999966666,10.0
intact,origin,-2.00000000003e-09,1.46925e-08,-6000000.00009,22038750.0,10.0
intact,origin,-2.00000000003e-09,1.47225e-08,-6000000.00009,22083750.0,10.0
intact,origin,-2.00000000003e-09,1.47525e-08,-6000000.00009,22128750.0,10.0
intact,origin,-2.00000000003e-09,1.47825e-08,-6000000.00009,22173749.999966666,10.0
intact,origin,-2.00000000003e-09,1.48125e-08,-6000000.00009,22218750.0,10.0
intact,origin,-2.00000000003e-09,1.48425000001e-08,-6000000.00009,22263750.000066668,10.0
intact,origin,-2.00000000003e-09,1.48725e-08,-6000000.00009,22308750.0,10.0
intact,origin,-2.00000000003e-09,1.49025e-08,-6000000.00009,22353750.000033334,10.0
intact,origin,-2.00000000003e-09,1.49325e-08,-6000000.00009,22398749.999966666,10.0
intact,origin,-2.00000000003e-09,1.49625e-08,-6000000.00009,22443750.0,10.0
intact,origin,-2.00000000003e-09,1.49925e-08,-6000000.00009,22488750.0,10.0
intact,origin,-2.02250000005e-09,1.5e-08,-6067500.00015,22499999.999933332,11.0
intact,origin,-2.05250000004e-09,1.5e-08,-6157500.00012,22499999.999933332,11.0
intact,origin,-2.08250000003e-09,1.5e-08,-6247500.00008,22499999.999933332,11.0
intact,origin,-2.11250000002e-09,1.5e-08,-6337500.00005,22499999.999933332,11.0
intact,origin,-2.1425e-09,1.5e-08,-6427500.00001,22499999.999933332,11.0
intact,origin,-2.17249999999e-09,1.5e-08,-6517499.99998,22499999.999933332,11.0
intact,origin,-2.20249999998e-09,1.5e-08,-6607499.99994,22499999.999933332,11.0
intact,origin,-2.23249999997e-09,1.5e-08,-6697499.99991,22499999.999933332,11.0
intact,origin,-2.26249999996e-09,1.5e-08,-6787499.99988,22499999.999933332,11.0
intact,origin,-2.29249999995e-09,1.5e-08,-6877499.99984,22499999.999933332,11.0
intact,origin,-2.32250000004e-09,1.5e-08,-6967500.0001300005,22499999.999933332,11.0
intact,origin,-2.35250000003e-09,1.5e-08,-7057500.000099999,22499999.999933332,11.0
intact,origin,-2.38250000002e-09,1.5e-08,-7147500.00006,22499999.999933332,11.0
intact,origin,-2.41250000001e-09,1.5e-08,-7237500.00003,22499999.999933332,11.0
intact,origin,-2.4425e-09,1.5e-08,-7327499.99999,22499999.999933332,11.0
intact,origin,-2.47249999999e-09,1.5e-08,-7417499.999960001,22499999.999933332,11.0
intact,origin,-2.50249999998e-09,1.5e-08,-7507499.999929999,22499999.999933332,11.0
intact,origin,-2.53249999996e-09,1.5e-08,-7597499.99989,22499999.999933332,11.0
intact,origin,-2.56249999995e-09,1.5e-08,-7687499.99986,22499999.999933332,11.0
intact,origin,-2.59250000005e-09,1.5e-08,-7777500.00015,22499999.999933332,11.0
intact,origin,-2.62250000004e-09,1.5e-08,-7867500.00011,22499999.999933332,11.0
intact,origin,-2.65250000003e-09,1.5e-08,-7957500.00008,22499999.999933332,11.0
intact,origin,-2.68250000001e-09,1.5e-08,-8047500.000039999,22499999.999933332,11.0
intact,origin,-2.7125e-09,1.5e-08,-8137500.00001,22499999.999933332,11.0
intact,origin,-2.74249999999e-09,1.5e-08,-8227499.99998,22499999.999933332,11.0
intact,origin,-2.77249999998e-09,1.5e-08,-8317499.99994,22499999.999933332,11.0
intact,origin,-2.80249999997e-09,1.5e-08,-8407499.99991,22499999.999933332,11.0
intact,origin,-2.83249999996e-09,1.5e-08,-8497499.99987,22499999.999933332,11.0
intact,origin,-2.86249999995e-09,1.5e-08,-8587499.99984,22499999.999933332,11.0
intact,origin,-2.89250000004e-09,1.5e-08,-8677500.00013,22499999.999933332,11.0
intact,origin,-2.92250000003e-09,1.5e-08,-8767500.00009,22499999.999933332,11.0
intact,origin,-2.95250000002e-09,1.5e-08,-8857500.00006,22499999.999933332,11.0
intact,origin,-2.98250000001e-09,1.5e-08,-8947500.00003,22499999.999933332,11.0
intact,origin,-3.0125e-09,1.5e-08,-9037499.99999,22499999.999933332,11.0
intact,origin,-3.04249999999e-09,1.5e-08,-9127499.99996,22499999.999933332,11.0
intact,origin,-3.07249999997e-09,1.5e-08,-9217499.99992,22499999.999933332,11.0
intact,origin,-3.10249999996e-09,1.5e-08,-9307499.99989,22499999.999933332,11.0
intact,origin,-3.13249999995e-09,1.5e-08,-9397499.99985,22499999.999933332,11.0
intact,origin,-3.16250000005e-09,1.5e-08,-9487500.00015,22499999.999933332,11.0
intact,origin,-3.19250000004e-09,1.5e-08,-9577500.00011,22499999.999933332,11.0
intact,origin,-3.22250000003e-09,1.5e-08,-9667500.00008,22499999.999933332,11.0
intact,origin,-3.25250000001e-09,1.5e-08,-9757500.00004,22499999.999933332,11.0
intact,origin,-3.2825e-09,1.5e-08,-9847500.00001,22499999.999933332,11.0
intact,origin,-3.31249999999e-09,1.5e-08,-9937499.99997,22499999.999933332,11.0
intact,origin,-3.34249999998e-09,1.5e-08,-10027499.9999,22499999.999933332,11.0
intact,origin,-3.37249999997e-09,1.5e-08,-10117499.9999,22499999.999933332,11.0
intact,origin,-3.40249999996e-09,1.5e-08,-10207499.9999,22499999.999933332,11.0
intact,origin,-3.43250000005e-09,1.5e-08,-10297500.0002,22499999.999933332,11.0
intact,origin,-3.46250000004e-09,1.5e-08,-10387500.0001,22499999.999933332,11.0
intact,origin,-3.49250000003e-09,1.5e-08,-10477500.0001,22499999.999933332,11.0
intact,origin,-3.52250000002e-09,1.5e-08,-10567500.0001,22499999.999933332,11.0
intact,origin,-3.55250000001e-09,1.5e-08,-10657500.0,22499999.999933332,11.0
intact,origin,-3.5825e-09,1.5e-08,-10747500.0,22499999.999933332,11.0
intact,origin,-3.61249999999e-09,1.5e-08,-10837500.0,22499999.999933332,11.0
intact,origin,-3.64249999997e-09,1.5e-08,-10927499.9999,22499999.999933332,11.0
intact,origin,-3.67249999996e-09,1.5e-08,-11017499.9999,22499999.999933332,11.0
intact,origin,-3.70249999995e-09,1.5e-08,-11107499.9999,22499999.999933332,11.0
intact,origin,-3.73250000005e-09,1.5e-08,-11197500.0001,22499999.999933332,11.0
intact,origin,-3.76250000004e-09,1.5e-08,-11287500.0001,22499999.999933332,11.0
intact,origin,-3.79250000002e-09,1.5e-08,-11377500.0001,22499999.999933332,11.0
intact,origin,-3.82250000001e-09,1.5e-08,-11467500.0,22499999.999933332,11.0
intact,origin,-3.8525e-09,1.5e-08,-11557500.0,22499999.999933332,11.0
intact,origin,-3.88249999999e-09,1.5e-08,-11647500.0,22499999.999933332,11.0
intact,origin,-3.91249999998e-09,1.5e-08,-11737499.9999,22499999.999933332,11.0
intact,origin,-3.94249999997e-09,1.5e-08,-11827499.9999,22499999.999933332,11.0
intact,origin,-3.97249999996e-09,1.5e-08,-11917499.9999,22499999.999933332,11.0
intact,origin,-4.00250000005e-09,1.5e-08,-12007500.000199998,22499999.999933332,11.0
intact,origin,-4.03250000004e-09,1.5e-08,-12097500.0001,22499999.999933332,11.0
intact,origin,-4.06250000003e-09,1.5e-08,-12187500.0001,22499999.999933332,11.0
intact,origin,-4.09250000002e-09,1.5e-08,-12277500.0001,22499999.999933332,11.0
intact,origin,-4.12250000001e-09,1.5e-08,-12367500.0,22499999.999933332,11.0
intact,origin,-4.1525e-09,1.5e-08,-12457500.0,22499999.999933332,11.0
intact,origin,-4.18249999998e-09,1.5e-08,-12547500.0,22499999.999933332,11.0
intact,origin,-4.21249999997e-09,1.5e-08,-12637499.9999,22499999.999933332,11.0
intact,origin,-4.24249999996e-09,1.5e-08,-12727499.9999,22499999.999933332,11.0
intact,origin,-4.27249999995e-09,1.5e-08,-12817499.999800002,22499999.999933332,11.0
intact,origin,-4.30250000005e-09,1.5e-08,-12907500.0001,22499999.999933332,11.0
intact,origin,-4.33250000004e-09,1.5e-08,-12997500.0001,22499999.999933332,11.0
intact,origin,-4.36250000002e-09,1.5e-08,-13087500.0001,22499999.999933332,11.0
intact,origin,-4.39250000001e-09,1.5e-08,-13177500.0,22499999.999933332,11.0
intact,origin,-4.4225e-09,1.5e-08,-13267500.0,22499999.999933332,11.0
intact,origin,-4.45249999999e-09,1.5e-08,-13357500.0,22499999.999933332,11.0
intact,origin,-4.48249999998e-09,1.5e-08,-13447499.9999,22499999.999933332,11.0
intact,origin,-4.51249999997e-09,1.5e-08,-13537499.9999,22499999.999933332,11.0
intact,origin,-4.54249999996e-09,1.5e-08,-13627499.9999,22499999.999933332,11.0
intact,origin,-4.57250000005e-09,1.5e-08,-13717500.000199998,22499999.999933332,11.0
intact,origin,-4.60250000004e-09,1.5e-08,-13807500.0001,22499999.999933332,11.0
intact,origin,-4.63250000003e-09,1.5e-08,-13897500.0001,22499999.999933332,11.0
intact,origin,-4.66250000002e-09,1.5e-08,-13987500.0001,22499999.999933332,11.0
intact,origin,-4.69250000001e-09,1.5e-08,-14077500.0,22499999.999933332,11.0
intact,origin,-4.72249999999e-09,1.5e-08,-14167500.0,22499999.999933332,11.0
intact,origin,-4.75249999998e-09,1.5e-08,-14257500.0,22499999.999933332,11.0
intact,origin,-4.78249999997e-09,1.5e-08,-14347499.9999,22499999.999933332,11.0
intact,origin,-4.81249999996e-09,1.5e-08,-14437499.9999,22499999.999933332,11.0
intact,origin,-4.84249999995e-09,1.5e-08,-14527499.999800002,22499999.999933332,11.0
intact,origin,-4.87250000005e-09,1.5e-08,-14617500.0001,22499999.999933332,11.0
intact,origin,-4.90250000003e-09,1.5e-08,-14707500.0001,22499999.999933332,11.0
intact,origin,-4.93250000002e-09,1.5e-08,-14797500.0001,22499999.999933332,11.0
intact,origin,-4.96250000001e-09,1.5e-08,-14887500.0,22499999.999933332,11.0
intact,origin,-4.9925e-09,1.5e-08,-14977500.0,22499999.999933332,11.0
intact,origin,-5.02249999999e-09,1.5e-08,-15067500.0,22499999.999933332,11.0
intact,origin,-5.05249999998e-09,1.5e-08,-15157499.9999,22499999.999933332,11.0
intact,origin,-5.08249999997e-09,1.5e-08,-15247499.9999,22499999.999933332,11.0
intact,origin,-5.11249999995e-09,1.5e-08,-15337499.9999,22499999.999933332,11.0
intact,origin,-5.14250000005e-09,1.5e-08,-15427500.000199998,22499999.999933332,11.0
intact,origin,-5.17250000004e-09,1.5e-08,-15517500.0001,22499999.999933332,11.0
intact,origin,-5.20250000003e-09,1.5e-08,-15607500.0001,22499999.999933332,11.0
intact,origin,-5.23250000002e-09,1.5e-08,-15697500.0001,22499999.999933332,11.0
intact,origin,-5.26250000001e-09,1.5e-08,-15787500.0,22499999.999933332,11.0
intact,origin,-5.29249999999e-09,1.5e-08,-15877500.0,22499999.999933332,11.0
intact,origin,-5.32249999998e-09,1.5e-08,-15967499.9999,22499999.999933332,11.0
intact,origin,-5.35249999997e-09,1.5e-08,-16057499.9999,22499999.999933332,11.0
intact,origin,-5.38249999996e-09,1.5e-08,-16147499.9999,22499999.999933332,11.0
intact,origin,-5.41249999995e-09,1.5e-08,-16237499.999800002,22499999.999933332,11.0
intact,origin,-5.44250000005e-09,1.5e-08,-16327500.0001,22499999.999933332,11.0
intact,origin,-5.47250000003e-09,1.5e-08,-16417500.0001,22499999.999933332,11.0
intact,origin,-5.50250000002e-09,1.5e-08,-16507500.0001,22499999.999933332,11.0
intact,origin,-5.53250000001e-09,1.5e-08,-16597500.0,22499999.999933332,11.0
intact,origin,-5.5625e-09,1.5e-08,-16687500.0,22499999.999933332,11.0
intact,origin,-5.59249999999e-09,1.5e-08,-16777500.0,22499999.999933332,11.0
intact,origin,-5.62249999998e-09,1.5e-08,-16867499.9999,22499999.999933332,11.0
intact,origin,-5.65249999997e-09,1.5e-08,-16957499.9999,22499999.999933332,11.0
intact,origin,-5.68249999995e-09,1.5e-08,-17047499.9999,22499999.999933332,11.0
intact,origin,-5.71250000005e-09,1.5e-08,-17137500.0002,22499999.999933332,11.0
intact,origin,-5.74250000004e-09,1.5e-08,-17227500.0001,22499999.999933332,11.0
intact,origin,-5.77250000003e-09,1.5e-08,-17317500.0001,22499999.999933332,11.0
intact,origin,-5.80250000002e-09,1.5e-08,-17407500.0,22499999.999933332,11.0
intact,origin,-5.8325e-09,1.5e-08,-17497500.0,22499999.999933332,11.0
intact,origin,-5.86249999999e-09,1.5e-08,-17587500.0,22499999.999933332,11.0
intact,origin,-5.89249999998e-09,1.5e-08,-17677499.9999,22499999.999933332,11.0
intact,origin,-5.92249999997e-09,1.5e-08,-17767499.9999,22499999.999933332,11.0
intact,origin,-5.95249999996e-09,1.5e-08,-17857499.9999,22499999.999933332,11.0
intact,origin,-5.98249999995e-09,1.5e-08,-17947499.9998,22499999.999933332,11.0
intact,origin,-6.01250000004e-09,1.5e-08,-18037500.0001,22499999.999933332,11.0
intact,origin,-6.04250000003e-09,1.5e-08,-18127500.0001,22499999.999933332,11.0
intact,origin,-6.07250000002e-09,1.5e-08,-18217500.0001,22499999.999933332,11.0
intact,origin,-6.10250000001e-09,1.5e-08,-18307500.0,22499999.999933332,11.0
intact,origin,-6.1325e-09,1.5e-08,-18397500.0,22499999.999933332,11.0
intact,origin,-6.16249999999e-09,1.5e-08,-18487500.0,22499999.999933332,11.0
intact,origin,-6.19249999998e-09,1.5e-08,-18577499.9999,22499999.999933332,11.0
intact,origin,-6.22249999996e-09,1.5e-08,-18667499.9999,22499999.999933332,11.0
intact,origin,-6.25249999995e-09,1.5e-08,-18757499.9999,22499999.999933332,11.0
intact,origin,-6.28250000005e-09,1.5e-08,-18847500.0001,22499999.999933332,11.0
intact,origin,-6.31250000004e-09,1.5e-08,-18937500.0001,22499999.999933332,11.0
intact,origin,-6.34250000003e-09,1.5e-08,-19027500.0001,22499999.999933332,11.0
intact,origin,-6.37250000002e-09,1.5e-08,-19117500.0,22499999.999933332,11.0
intact,origin,-6.4025e-09,1.5e-08,-19207500.0,22499999.999933332,11.0
intact,origin,-6.43249999999e-09,1.5e-08,-19297500.0,22499999.999933332,11.0
intact,origin,-6.46249999998e-09,1.5e-08,-19387499.9999,22499999.999933332,11.0
intact,origin,-6.49249999997e-09,1.5e-08,-19477499.9999,22499999.999933332,11.0
intact,origin,-6.52249999996e-09,1.5e-08,-19567499.9999,22499999.999933332,11.0
intact,origin,-6.55249999995e-09,1.5e-08,-19657499.9998,22499999.999933332,11.0
intact,origin,-6.58250000004e-09,1.5e-08,-19747500.0001,22499999.999933332,11.0
intact,origin,-6.61250000003e-09,1.5e-08,-19837500.0001,22499999.999933332,11.0
intact,origin,-6.64250000002e-09,1.5e-08,-19927500.0001,22499999.999933332,11.0
intact,origin,-6.67250000001e-09,1.5e-08,-20017500.0,22499999.999933332,11.0
intact,origin,-6.7025e-09,1.5e-08,-20107500.0,22499999.999933332,11.0
intact,origin,-6.73249999999e-09,1.5e-08,-20197500.0,22499999.999933332,11.0
intact,origin,-6.76249999998e-09,1.5e-08,-20287499.9999,22499999.999933332,11.0
intact,origin,-6.79249999996e-09,1.5e-08,-20377499.9999,22499999.999933332,11.0
intact,origin,-6.82249999995e-09,1.5e-08,-20467499.9999,22499999.999933332,11.0
intact,origin,-6.85250000005e-09,1.5e-08,-20557500.0001,22499999.999933332,11.0
intact,origin,-6.88250000004e-09,1.5e-08,-20647500.0001,22499999.999933332,11.0
intact,origin,-6.91250000003e-09,1.5e-08,-20737500.0001,22499999.999933332,11.0
intact,origin,-6.94250000001e-09,1.5e-08,-20827500.0,22499999.999933332,11.0
intact,origin,-6.9725e-09,1.5e-08,-20917500.0,22499999.999933332,11.0
intact,origin,-7.00249999999e-09,1.5e-08,-21007500.0,22499999.999933332,11.0
intact,origin,-7.03249999998e-09,1.5e-08,-21097499.9999,22499999.999933332,11.0
intact,origin,-7.06249999997e-09,1.5e-08,-21187499.9999,22499999.999933332,11.0
intact,origin,-7.09249999996e-09,1.5e-08,-21277499.9999,22499999.999933332,11.0
intact,origin,-7.12249999995e-09,1.5e-08,-21367499.9998,22499999.999933332,11.0
intact,origin,-7.15250000004e-09,1.5e-08,-21457500.0001,22499999.999933332,11.0
intact,origin,-7.18250000003e-09,1.5e-08,-21547500.0001,22499999.999933332,11.0
intact,origin,-7.21250000002e-09,1.5e-08,-21637500.0001,22499999.999933332,11.0
intact,origin,-7.24250000001e-09,1.5e-08,-21727500.0,22499999.999933332,11.0
intact,origin,-7.2725e-09,1.5e-08,-21817500.0,22499999.999933332,11.0
intact,origin,-7.30249999999e-09,1.5e-08,-21907500.0,22499999.999933332,11.0
intact,origin,-7.33249999997e-09,1.5e-08,-21997499.9999,22499999.999933332,11.0
intact,origin,-7.36249999996e-09,1.5e-08,-22087499.9999,22499999.999933332,11.0
intact,origin,-7.39249999995e-09,1.5e-08,-22177499.9999,22499999.999933332,11.0
intact,origin,-7.42250000005e-09,1.5e-08,-22267500.0001,22499999.999933332,11.0
intact,origin,-7.45250000004e-09,1.5e-08,-22357500.0001,22499999.999933332,11.0
intact,origin,-7.48250000003e-09,1.5e-08,-22447500.0001,22499999.999933332,11.0
intact,origin,-7.51250000001e-09,1.5e-08,-22537500.0,22499999.999933332,11.0
intact,origin,-7.5425e-09,1.5e-08,-22627500.0,22499999.999933332,11.0
intact,origin,-7.57249999999e-09,1.5e-08,-22717500.0,22499999.999933332,11.0
intact,origin,-7.60249999998e-09,1.5e-08,-22807499.9999,22499999.999933332,11.0
intact,origin,-7.63249999997e-09,1.5e-08,-22897499.9999,22499999.999933332,11.0
intact,origin,-7.66249999996e-09,1.5e-08,-22987499.9999,22499999.999933332,11.0
intact,origin,-7.69250000005e-09,1.5e-08,-23077500.0002,22499999.999933332,11.0
intact,origin,-7.72250000004e-09,1.5e-08,-23167500.0001,22499999.999933332,11.0
intact,origin,-7.75250000003e-09,1.5e-08,-23257500.0001,22499999.999933332,11.0
intact,origin,-7.78250000002e-09,1.5e-08,-23347500.0001,22499999.999933332,11.0
intact,origin,-7.81250000001e-09,1.5e-08,-23437500.0,22499999.999933332,11.0
intact,origin,-7.8425e-09,1.5e-08,-23527500.0,22499999.999933332,11.0
intact,origin,-7.87249999998e-09,1.5e-08,-23617500.0,22499999.999933332,11.0
intact,origin,-7.90249999997e-09,1.5e-08,-23707499.9999,22499999.999933332,11.0
intact,origin,-7.93249999996e-09,1.5e-08,-23797499.9999,22499999.999933332,11.0
intact,origin,-7.96249999995e-09,1.5e-08,-23887499.9999,22499999.999933332,11.0
intact,origin,-7.99250000005e-09,1.5e-08,-23977500.0001,22499999.999933332,11.0
intact,origin,-8.02250000004e-09,1.5e-08,-24067500.0001,22499999.999933332,11.0
intact,origin,-8.05250000002e-09,1.5e-08,-24157500.0001,22499999.999933332,11.0
intact,origin,-8.08250000001e-09,1.5e-08,-24247500.0,22499999.999933332,11.0
intact,origin,-8.1125e-09,1.5e-08,-24337500.0,22499999.999933332,11.0
intact,origin,-8.14249999999e-09,1.5e-08,-24427500.0,22499999.999933332,11.0
intact,origin,-8.17249999998e-09,1.5e-08,-24517499.9999,22499999.999933332,11.0
intact,origin,-8.20249999997e-09,1.5e-08,-24607499.9999,22499999.999933332,11.0
intact,origin,-8.23249999996e-09,1.5e-08,-24697499.9999,22499999.999933332,11.0
intact,origin,-8.26250000005e-09,1.5e-08,-24787500.0002,22499999.999933332,11.0
intact,origin,-8.29250000004e-09,1.5e-08,-24877500.0001,22499999.999933332,11.0
intact,origin,-8.32250000003e-09,1.5e-08,-24967500.0001,22499999.999933332,11.0
intact,origin,-8.35250000002e-09,1.5e-08,-25057500.0001,22499999.999933332,11.0
intact,origin,-8.38250000001e-09,1.5e-08,-25147500.0,22499999.999933332,11.0
intact,origin,-8.4125e-09,1.5e-08,-25237500.0,22499999.999933332,11.0
intact,origin,-8.44249999998e-09,1.5e-08,-25327500.0,22499999.999933332,11.0
intact,origin,-8.47249999997e-09,1.5e-08,-25417499.9999,22499999.999933332,11.0
intact,origin,-8.50249999996e-09,1.5e-08,-25507499.9999,22499999.999933332,11.0
intact,origin,-8.53249999995e-09,1.5e-08,-25597499.9998,22499999.999933332,11.0
intact,origin,-8.56250000005e-09,1.5e-08,-25687500.0001,22499999.999933332,11.0
intact,origin,-8.59250000004e-09,1.5e-08,-25777500.0001,22499999.999933332,11.0
intact,origin,-8.62250000002e-09,1.5e-08,-25867500.0001,22499999.999933332,11.0
intact,origin,-8.65250000001e-09,1.5e-08,-25957500.0,22499999.999933332,11.0
intact,origin,-8.6825e-09,1.5e-08,-26047500.0,22499999.999933332,11.0
intact,origin,-8.71249999999e-09,1.5e-08,-26137500.0,22499999.999933332,11.0
intact,origin,-8.74249999998e-09,1.5e-08,-26227499.9999,22499999.999933332,11.0
intact,origin,-8.77249999997e-09,1.5e-08,-26317499.9999,22499999.999933332,11.0
intact,origin,-8.80249999996e-09,1.5e-08,-26407499.9999,22499999.999933332,11.0
intact,origin,-8.83250000005e-09,1.5e-08,-26497500.0002,22499999.999933332,11.0
intact,origin,-8.86250000004e-09,1.5e-08,-26587500.0001,22499999.999933332,11.0
intact,origin,-8.89250000003e-09,1.5e-08,-26677500.0001,22499999.999933332,11.0
intact,origin,-8.92250000002e-09,1.5e-08,-26767500.0001,22499999.999933332,11.0
intact,origin,-8.95250000001e-09,1.5e-08,-26857500.0,22499999.999933332,11.0
intact,origin,-8.98249999999e-09,1.5e-08,-26947500.0,22499999.999933332,11.0
intact,origin,-9.01249999998e-09,1.5e-08,-27037500.0,22499999.999933332,11.0
intact,origin,-9.04249999997e-09,1.5e-08,-27127499.9999,22499999.999933332,11.0
intact,origin,-9.07249999996e-09,1.5e-08,-27217499.9999,22499999.999933332,11.0
intact,origin,-9.10249999995e-09,1.5e-08,-27307499.9998,22499999.999933332,11.0
intact,origin,-9.13250000005e-09,1.5e-08,-27397500.0001,22499999.999933332,11.0
intact,origin,-9.16250000003e-09,1.5e-08,-27487500.0001,22499999.999933332,11.0
intact,origin,-9.19250000002e-09,1.5e-08,-27577500.0001,22499999.999933332,11.0
intact,origin,-9.22250000001e-09,1.5e-08,-27667500.0,22499999.999933332,11.0
intact,origin,-9.2525e-09,1.5e-08,-27757500.0,22499999.999933332,11.0
intact,origin,-9.28249999999e-09,1.5e-08,-27847500.0,22499999.999933332,11.0
intact,origin,-9.31249999998e-09,1.5e-08,-27937499.9999,22499999.999933332,11.0
intact,origin,-9.34249999997e-09,1.5e-08,-28027499.9999,22499999.999933332,11.0
intact,origin,-9.37249999995e-09,1.5e-08,-28117499.9999,22499999.999933332,11.0
intact,origin,-9.40250000005e-09,1.5e-08,-28207500.0002,22499999.999933332,11.0
intact,origin,-9.43250000004e-09,1.5e-08,-28297500.0001,22499999.999933332,11.0
intact,origin,-9.46250000003e-09,1.5e-08,-28387500.0001,22499999.999933332,11.0
intact,origin,-9.49250000002e-09,1.5e-08,-28477500.0001,22499999.999933332,11.0
intact,origin,-9.52250000001e-09,1.5e-08,-28567500.0,22499999.999933332,11.0
intact,origin,-9.55249999999e-09,1.5e-08,-28657500.0,22499999.999933332,11.0
intact,origin,-9.58249999998e-09,1.5e-08,-28747499.9999,22499999.999933332,11.0
intact,origin,-9.61249999997e-09,1.5e-08,-28837499.9999,22499999.999933332,11.0
intact,origin,-9.64249999996e-09,1.5e-08,-28927499.9999,22499999.999933332,11.0
intact,origin,-9.67249999995e-09,1.5e-08,-29017499.9998,22499999.999933332,11.0
intact,origin,-9.70250000005e-09,1.5e-08,-29107500.0001,22499999.999933332,11.0
intact,origin,-9.73250000003e-09,1.5e-08,-29197500.0001,22499999.999933332,11.0
intact,origin,-9.76250000002e-09,1.5e-08,-29287500.0001,22499999.999933332,11.0
intact,origin,-9.79250000001e-09,1.5e-08,-29377500.0,22499999.999933332,11.0
intact,origin,-9.8225e-09,1.5e-08,-29467500.0,22499999.999933332,11.0
intact,origin,-9.85249999999e-09,1.5e-08,-29557500.0,22499999.999933332,11.0
intact,origin,-9.88249999998e-09,1.5e-08,-29647499.9999,22499999.999933332,11.0
intact,origin,-9.91249999996e-09,1.5e-08,-29737499.9999,22499999.999933332,11.0
intact,origin,-9.94249999995e-09,1.5e-08,-29827499.9999,22499999.999933332,11.0
intact,origin,-9.97250000005e-09,1.5e-08,-29917500.0002,22499999.999933332,11.0
intact,origin,-1.00025e-08,1.5e-08,-30007500.0001,22499999.999933332,11.0
intact,origin,-1.00325e-08,1.5e-08,-30097500.0001,22499999.999933332,11.0
intact,origin,-1.00625e-08,1.5e-08,-30187500.0,22499999.999933332,11.0
intact,origin,-1.00925e-08,1.5e-08,-30277500.0,22499999.999933332,11.0
intact,origin,-1.01225e-08,1.5e-08,-30367500.0,22499999.999933332,11.0
intact,origin,-1.01525e-08,1.5e-08,-30457499.9999,22499999.999933332,11.0
intact,origin,-1.01825e-08,1.5e-08,-30547499.9999,22499999.999933332,11.0
intact,origin,-1.02125e-08,1.5e-08,-30637499.9999,22499999.999933332,11.0
intact,origin,-1.02424999999e-08,1.5e-08,-30727499.9998,22499999.999933332,11.0
intact,origin,-1.02725e-08,1.5e-08,-30817500.0001,22499999.999933332,11.0
intact,origin,-1.03025e-08,1.5e-08,-30907500.0001,22499999.999933332,11.0
intact,origin,-1.03325e-08,1.5e-08,-30997500.0001,22499999.999933332,11.0
intact,origin,-1.03625e-08,1.5e-08,-31087500.0,22499999.999933332,11.0
intact,origin,-1.03925e-08,1.5e-08,-31177500.0,22499999.999933332,11.0
intact,origin,-1.04225e-08,1.5e-08,-31267500.0,22499999.999933332,11.0
intact,origin,-1.04525e-08,1.5e-08,-31357499.9999,22499999.999933332,11.0
intact,origin,-1.04825e-08,1.5e-08,-31447499.9999,22499999.999933332,11.0
intact,origin,-1.05125e-08,1.5e-08,-31537499.9999,22499999.999933332,11.0
intact,origin,-1.05425e-08,1.5e-08,-31627500.0001,22499999.999933332,11.0
intact,origin,-1.05725e-08,1.5e-08,-31717500.0001,22499999.999933332,11.0
intact,origin,-1.06025e-08,1.5e-08,-31807500.0001,22499999.999933332,11.0
intact,origin,-1.06325e-08,1.5e-08,-31897500.0,22499999.999933332,11.0
intact,origin,-1.06625e-08,1.5e-08,-31987500.0,22499999.999933332,11.0
intact,origin,-1.06925e-08,1.5e-08,-32077500.0,22499999.999933332,11.0
intact,origin,-1.07225e-08,1.5e-08,-32167499.9999,22499999.999933332,11.0
intact,origin,-1.07525e-08,1.5e-08,-32257499.9999,22499999.999933332,11.0
intact,origin,-1.07825e-08,1.5e-08,-32347499.9999,22499999.999933332,11.0
intact,origin,-1.08124999999e-08,1.5e-08,-32437499.9998,22499999.999933332,11.0
intact,origin,-1.08425e-08,1.5e-08,-32527500.0001,22499999.999933332,11.0
intact,origin,-1.08725e-08,1.5e-08,-32617500.0001,22499999.999933332,11.0
intact,origin,-1.09025e-08,1.5e-08,-32707500.0001,22499999.999933332,11.0
intact,origin,-1.09325e-08,1.5e-08,-32797500.0,22499999.999933332,11.0
intact,origin,-1.09625e-08,1.5e-08,-32887500.0,22499999.999933332,11.0
intact,origin,-1.09925e-08,1.5e-08,-32977500.0,22499999.999933332,11.0
intact,origin,-1.10225e-08,1.5e-08,-33067499.9999,22499999.999933332,11.0
intact,origin,-1.10525e-08,1.5e-08,-33157499.9999,22499999.999933332,11.0
intact,origin,-1.10825e-08,1.5e-08,-33247499.9999,22499999.999933332,11.0
intact,origin,-1.11125e-08,1.5e-08,-33337500.0001,22499999.999933332,11.0
intact,origin,-1.11425e-08,1.5e-08,-33427500.0001,22499999.999933332,11.0
intact,origin,-1.11725e-08,1.5e-08,-33517500.0001,22499999.999933332,11.0
intact,origin,-1.12025e-08,1.5e-08,-33607500.0,22499999.999933332,11.0
intact,origin,-1.12325e-08,1.5e-08,-33697500.0,22499999.999933332,11.0
intact,origin,-1.12625e-08,1.5e-08,-33787500.0,22499999.999933332,11.0
intact,origin,-1.12925e-08,1.5e-08,-33877499.9999,22499999.999933332,11.0
intact,origin,-1.13225e-08,1.5e-08,-33967499.9999,22499999.999933332,11.0
intact,origin,-1.13525e-08,1.5e-08,-34057499.9999,22499999.999933332,11.0
intact,origin,-1.13824999999e-08,1.5e-08,-34147499.9998,22499999.999933332,11.0
intact,origin,-1.14125e-08,1.5e-08,-34237500.0001,22499999.999933332,11.0
intact,origin,-1.14425e-08,1.5e-08,-34327500.0001,22499999.999933332,11.0
intact,origin,-1.14725e-08,1.5e-08,-34417500.0001,22499999.999933332,11.0
intact,origin,-1.15025e-08,1.5e-08,-34507500.0,22499999.999933332,11.0
intact,origin,-1.15325e-08,1.5e-08,-34597500.0,22499999.999933332,11.0
intact,origin,-1.15625e-08,1.5e-08,-34687500.0,22499999.999933332,11.0
intact,origin,-1.15925e-08,1.5e-08,-34777499.9999,22499999.999933332,11.0
intact,origin,-1.16225e-08,1.5e-08,-34867499.9999,22499999.999933332,11.0
intact,origin,-1.16525e-08,1.5e-08,-34957499.9999,22499999.999933332,11.0
intact,origin,-1.16825e-08,1.5e-08,-35047500.0001,22499999.999933332,11.0
intact,origin,-1.17125e-08,1.5e-08,-35137500.0001,22499999.999933332,11.0
intact,origin,-1.17425e-08,1.5e-08,-35227500.0001,22499999.999933332,11.0
intact,origin,-1.17725e-08,1.5e-08,-35317500.0,22499999.999933332,11.0
intact,origin,-1.18025e-08,1.5e-08,-35407500.0,22499999.999933332,11.0
intact,origin,-1.18325e-08,1.5e-08,-35497500.0,22499999.999933332,11.0
intact,origin,-1.18625e-08,1.5e-08,-35587499.9999,22499999.999933332,11.0
intact,origin,-1.18925e-08,1.5e-08,-35677499.9999,22499999.999933332,11.0
intact,origin,-1.19225e-08,1.5e-08,-35767499.9999,22499999.999933332,11.0
intact,origin,-1.19525000001e-08,1.5e-08,-35857500.0002,22499999.999933332,11.0
intact,origin,-1.19825e-08,1.5e-08,-35947500.0001,22499999.999933332,11.0
intact,origin,-1.20125e-08,1.5e-08,-36037500.0001,22499999.999933332,11.0
intact,origin,-1.20425e-08,1.5e-08,-36127500.0001,22499999.999933332,11.0
intact,origin,-1.20725e-08,1.5e-08,-36217500.0,22499999.999933332,11.0
intact,origin,-1.21025e-08,1.5e-08,-36307500.0,22499999.999933332,11.0
intact,origin,-1.21325e-08,1.5e-08,-36397500.0,22499999.999933332,11.0
intact,origin,-1.21625e-08,1.5e-08,-36487499.9999,22499999.999933332,11.0
intact,origin,-1.21925e-08,1.5e-08,-36577499.9999,22499999.999933332,11.0
intact,origin,-1.22225e-08,1.5e-08,-36667499.9999,22499999.999933332,11.0
intact,origin,-1.22525e-08,1.5e-08,-36757500.0001,22499999.999933332,11.0
intact,origin,-1.22825e-08,1.5e-08,-36847500.0001,22499999.999933332,11.0
intact,origin,-1.23125e-08,1.5e-08,-36937500.0001,22499999.999933332,11.0
intact,origin,-1.23425e-08,1.5e-08,-37027500.0,22499999.999933332,11.0
intact,origin,-1.23725e-08,1.5e-08,-37117500.0,22499999.999933332,11.0
intact,origin,-1.24025e-08,1.5e-08,-37207500.0,22499999.999933332,11.0
intact,origin,-1.24325e-08,1.5e-08,-37297499.9999,22499999.999933332,11.0
intact,origin,-1.24625e-08,1.5e-08,-37387499.9999,22499999.999933332,11.0
intact,origin,-1.24925e-08,1.5e-08,-37477499.9999,22499999.999933332,11.0
intact,origin,-1.25225000001e-08,1.5e-08,-37567500.0002,22499999.999933332,11.0
intact,origin,-1.25525e-08,1.5e-08,-37657500.0001,22499999.999933332,11.0
intact,origin,-1.25825e-08,1.5e-08,-37747500.0001,22499999.999933332,11.0
intact,origin,-1.26125e-08,1.5e-08,-37837500.0001,22499999.999933332,11.0
intact,origin,-1.26425e-08,1.5e-08,-37927500.0,22499999.999933332,11.0
intact,origin,-1.26725e-08,1.5e-08,-38017500.0,22499999.999933332,11.0
intact,origin,-1.27025e-08,1.5e-08,-38107500.0,22499999.999933332,11.0
intact,origin,-1.27325e-08,1.5e-08,-38197499.9999,22499999.999933332,11.0
intact,origin,-1.27625e-08,1.5e-08,-38287499.9999,22499999.999933332,11.0
intact,origin,-1.27924999999e-08,1.5e-08,-38377499.9998,22499999.999933332,11.0
intact,origin,-1.28225e-08,1.5e-08,-38467500.0001,22499999.999933332,11.0
intact,origin,-1.28525e-08,1.5e-08,-38557500.0001,22499999.999933332,11.0
intact,origin,-1.28825e-08,1.5e-08,-38647500.0001,22499999.999933332,11.0
intact,origin,-1.29125e-08,1.5e-08,-38737500.0,22499999.999933332,11.0
intact,origin,-1.29425e-08,1.5e-08,-38827500.0,22499999.999933332,11.0
intact,origin,-1.29725e-08,1.5e-08,-38917500.0,22499999.999933332,11.0
intact,origin,-1.30025e-08,1.5e-08,-39007499.9999,22499999.999933332,11.0
intact,origin,-1.30325e-08,1.5e-08,-39097499.9999,22499999.999933332,11.0
intact,origin,-1.30625e-08,1.5e-08,-39187499.9999,22499999.999933332,11.0
intact,origin,-1.30925000001e-08,1.5e-08,-39277500.0002,22499999.999933332,11.0
intact,origin,-1.31225e-08,1.5e-08,-39367500.0001,22499999.999933332,11.0
intact,origin,-1.31525e-08,1.5e-08,-39457500.0001,22499999.999933332,11.0
intact,origin,-1.31825e-08,1.5e-08,-39547500.0001,22499999.999933332,11.0
intact,origin,-1.32125e-08,1.5e-08,-39637500.0,22499999.999933332,11.0
intact,origin,-1.32425e-08,1.5e-08,-39727500.0,22499999.999933332,11.0
intact,origin,-1.32725e-08,1.5e-08,-39817499.9999,22499999.999933332,11.0
intact,origin,-1.33025e-08,1.5e-08,-39907499.9999,22499999.999933332,11.0
intact,origin,-1.33325e-08,1.5e-08,-39997499.9999,22499999.999933332,11.0
intact,origin,-1.33624999999e-08,1.5e-08,-40087499.9998,22499999.999933332,11.0
intact,origin,-1.33925e-08,1.5e-08,-40177500.0001,22499999.999933332,11.0
intact,origin,-1.34225e-08,1.5e-08,-40267500.0001,22499999.999933332,11.0
intact,origin,-1.34525e-08,1.5e-08,-40357500.0001,22499999.999933332,11.0
intact,origin,-1.34825e-08,1.5e-08,-40447500.0,22499999.999933332,11.0
intact,origin,-1.35125e-08,1.5e-08,-40537500.0,22499999.999933332,11.0
intact,origin,-1.35425e-08,1.5e-08,-40627500.0,22499999.999933332,11.0
intact,origin,-1.35725e-08,1.5e-08,-40717499.9999,22499999.999933332,11.0
intact,origin,-1.36025e-08,1.5e-08,-40807499.9999,22499999.999933332,11.0
intact,origin,-1.36325e-08,1.5e-08,-40897499.9999,22499999.999933332,11.0
intact,origin,-1.36625000001e-08,1.5e-08,-40987500.0002,22499999.999933332,11.0
intact,origin,-1.36925e-08,1.5e-08,-41077500.0001,22499999.999933332,11.0
intact,origin,-1.37225e-08,1.5e-08,-41167500.0001,22499999.999933332,11.0
intact,origin,-1.37525e-08,1.5e-08,-41257500.0001,22499999.999933332,11.0
intact,origin,-1.37825e-08,1.5e-08,-41347500.0,22499999.999933332,11.0
intact,origin,-1.38125e-08,1.5e-08,-41437500.0,22499999.999933332,11.0
intact,origin,-1.38425e-08,1.5e-08,-41527499.9999,22499999.999933332,11.0
intact,origin,-1.38725e-08,1.5e-08,-41617499.9999,22499999.999933332,11.0
intact,origin,-1.39025e-08,1.5e-08,-41707499.9999,22499999.999933332,11.0
intact,origin,-1.39324999999e-08,1.5e-08,-41797499.9998,22499999.999933332,11.0
intact,origin,-1.39625e-08,1.5e-08,-41887500.0001,22499999.999933332,11.0
intact,origin,-1.39925e-08,1.5e-08,-41977500.0001,22499999.999933332,11.0
intact,origin,-1.40225e-08,1.5e-08,-42067500.0001,22499999.999933332,11.0
intact,origin,-1.40525e-08,1.5e-08,-42157500.0,22499999.999933332,11.0
intact,origin,-1.40825e-08,1.5e-08,-42247500.0,22499999.999933332,11.0
intact,origin,-1.41125e-08,1.5e-08,-42337500.0,22499999.999933332,11.0
intact,origin,-1.41425e-08,1.5e-08,-42427499.9999,22499999.999933332,11.0
intact,origin,-1.41725e-08,1.5e-08,-42517499.9999,22499999.999933332,11.0
intact,origin,-1.42025e-08,1.5e-08,-42607499.9999,22499999.999933332,11.0
intact,origin,-1.42325000001e-08,1.5e-08,-42697500.0002,22499999.999933332,11.0
intact,origin,-1.42625e-08,1.5e-08,-42787500.0001,22499999.999933332,11.0
intact,origin,-1.42925e-08,1.5e-08,-42877500.0001,22499999.999933332,11.0
intact,origin,-1.43225e-08,1.5e-08,-42967500.0,22499999.999933332,11.0
intact,origin,-1.43525e-08,1.5e-08,-43057500.0,22499999.999933332,11.0
intact,origin,-1.43825e-08,1.5e-08,-43147500.0,22499999.999933332,11.0
intact,origin,-1.44125e-08,1.5e-08,-43237499.9999,22499999.999933332,11.0
intact,origin,-1.44425e-08,1.5e-08,-43327499.9999,22499999.999933332,11.0
intact,origin,-1.44725e-08,1.5e-08,-43417499.9999,22499999.999933332,11.0
intact,origin,-1.45024999999e-08,1.5e-08,-43507499.9998,22499999.999933332,11.0
intact,origin,-1.45325e-08,1.5e-08,-43597500.0001,22499999.999933332,11.0
intact,origin,-1.45625e-08,1.5e-08,-43687500.0001,22499999.999933332,11.0
intact,origin,-1.45925e-08,1.5e-08,-43777500.0001,22499999.999933332,11.0
intact,origin,-1.46225e-08,1.5e-08,-43867500.0,22499999.999933332,11.0
intact,origin,-1.46525e-08,1.5e-08,-43957500.0,22499999.999933332,11.0
intact,origin,-1.46825e-08,1.5e-08,-44047500.0,22499999.999933332,11.0
intact,origin,-1.47125e-08,1.5e-08,-44137499.9999,22499999.999933332,11.0
intact,origin,-1.47425e-08,1.5e-08,-44227499.9999,22499999.999933332,11.0
intact,origin,-1.47725e-08,1.5e-08,-44317499.9999,22499999.999933332,11.0
intact,origin,-1.48025e-08,1.5e-08,-44407500.0001,22499999.999933332,11.0
intact,origin,-1.48325e-08,1.5e-08,-44497500.0001,22499999.999933332,11.0
intact,origin,-1.48625e-08,1.5e-08,-44587500.0001,22499999.999933332,11.0
intact,origin,-1.48925e-08,1.5e-08,-44677500.0,22499999.999933332,11.0
intact,origin,-1.49225e-08,1.5e-08,-44767500.0,22499999.999933332,11.0
intact,origin,-1.49525e-08,1.5e-08,-44857500.0,22499999.999933332,11.0
intact,origin,-1.49825e-08,1.5e-08,-44947499.999900006,22499999.999933332,11.0
intact,origin,-1.50125e-08,1.5e-08,-45037499.999900006,22499999.999933332,11.0
intact,origin,-1.50425e-08,1.5e-08,-45127499.999900006,22499999.999933332,11.0
intact,origin,-1.50724999999e-08,1.5e-08,-45217499.9998,22499999.999933332,11.0
intact,origin,-1.51025e-08,1.5e-08,-45307500.000099994,22499999.999933332,11.0
intact,origin,-1.51325e-08,1.5e-08,-45397500.000099994,22499999.999933332,11.0
intact,origin,-1.51625e-08,1.5e-08,-45487500.000099994,22499999.999933332,11.0
intact,origin,-1.51925e-08,1.5e-08,-45577500.0,22499999.999933332,11.0
intact,origin,-1.52225e-08,1.5e-08,-45667500.0,22499999.999933332,11.0
intact,origin,-1.52525e-08,1.5e-08,-45757500.0,22499999.999933332,11.0
intact,origin,-1.52825e-08,1.5e-08,-45847499.999900006,22499999.999933332,11.0
intact,origin,-1.53125e-08,1.5e-08,-45937499.999900006,22499999.999933332,11.0
intact,origin,-1.53425e-08,1.5e-08,-46027499.999900006,22499999.999933332,11.0
intact,origin,-1.53725e-08,1.5e-08,-46117500.000099994,22499999.999933332,11.0
intact,origin,-1.54025e-08,1.5e-08,-46207500.000099994,22499999.999933332,11.0
intact,origin,-1.54325e-08,1.5e-08,-46297500.000099994,22499999.999933332,11.0
intact,origin,-1.54625e-08,1.5e-08,-46387500.0,22499999.999933332,11.0
intact,origin,-1.54925e-08,1.5e-08,-46477500.0,22499999.999933332,11.0
intact,origin,-1.55225e-08,1.5e-08,-46567500.0,22499999.999933332,11.0
intact,origin,-1.55525e-08,1.5e-08,-46657499.999900006,22499999.999933332,11.0
intact,origin,-1.55825e-08,1.5e-08,-46747499.999900006,22499999.999933332,11.0
intact,origin,-1.56125e-08,1.5e-08,-46837499.999900006,22499999.999933332,11.0
intact,origin,-1.56425000001e-08,1.5e-08,-46927500.0002,22499999.999933332,11.0
intact,origin,-1.56725e-08,1.5e-08,-47017500.000099994,22499999.999933332,11.0
intact,origin,-1.57025e-08,1.5e-08,-47107500.000099994,22499999.999933332,11.0
intact,origin,-1.57325e-08,1.5e-08,-47197500.000099994,22499999.999933332,11.0
intact,origin,-1.57625e-08,1.5e-08,-47287500.0,22499999.999933332,11.0
intact,origin,-1.57925e-08,1.5e-08,-47377500.0,22499999.999933332,11.0
intact,origin,-1.58225e-08,1.5e-08,-47467500.0,22499999.999933332,11.0
intact,origin,-1.58525e-08,1.5e-08,-47557499.999900006,22499999.999933332,11.0
intact,origin,-1.58825e-08,1.5e-08,-47647499.999900006,22499999.999933332,11.0
intact,origin,-1.59125e-08,1.5e-08,-47737499.999900006,22499999.999933332,11.0
intact,origin,-1.59425e-08,1.5e-08,-47827500.000099994,22499999.999933332,11.0
intact,origin,-1.59725e-08,1.5e-08,-47917500.000099994,22499999.999933332,11.0
intact,origin,-1.60025e-08,1.5e-08,-48007500.000099994,22499999.999933332,11.0
intact,origin,-1.60325e-08,1.5e-08,-48097500.0,22499999.999933332,11.0
intact,origin,-1.60625e-08,1.5e-08,-48187500.0,22499999.999933332,11.0
intact,origin,-1.60925e-08,1.5e-08,-48277500.0,22499999.999933332,11.0
intact,origin,-1.61225e-08,1.5e-08,-48367499.999900006,22499999.999933332,11.0
intact,origin,-1.61525e-08,1.5e-08,-48457499.999900006,22499999.999933332,11.0
intact,origin,-1.61825e-08,1.5e-08,-48547499.999900006,22499999.999933332,11.0
intact,origin,-1.62125000001e-08,1.5e-08,-48637500.0002,22499999.999933332,11.0
intact,origin,-1.62425e-08,1.5e-08,-48727500.000099994,22499999.999933332,11.0
intact,origin,-1.62725e-08,1.5e-08,-48817500.000099994,22499999.999933332,11.0
intact,origin,-1.63025e-08,1.5e-08,-48907500.000099994,22499999.999933332,11.0
intact,origin,-1.63325e-08,1.5e-08,-48997500.0,22499999.999933332,11.0
intact,origin,-1.63625e-08,1.5e-08,-49087500.0,22499999.999933332,11.0
intact,origin,-1.63925e-08,1.5e-08,-49177500.0,22499999.999933332,11.0
intact,origin,-1.64225e-08,1.5e-08,-49267499.999900006,22499999.999933332,11.0
intact,origin,-1.64525e-08,1.5e-08,-49357499.999900006,22499999.999933332,11.0
intact,origin,-1.64825e-08,1.5e-08,-49447499.999900006,22499999.999933332,11.0
intact,origin,-1.65125e-08,1.5e-08,-49537500.000099994,22499999.999933332,11.0
intact,origin,-1.65425e-08,1.5e-08,-49627500.000099994,22499999.999933332,11.0
intact,origin,-1.65725e-08,1.5e-08,-49717500.000099994,22499999.999933332,11.0
intact,origin,-1.66025e-08,1.5e-08,-49807500.0,22499999.999933332,11.0
intact,origin,-1.66325e-08,1.5e-08,-49897500.0,22499999.999933332,11.0
intact,origin,-1.66625e-08,1.5e-08,-49987500.0,22499999.999933332,11.0
intact,origin,-1.66925e-08,1.5e-08,-50077499.999900006,22499999.999933332,11.0
intact,origin,-1.67225e-08,1.5e-08,-50167499.999900006,22499999.999933332,11.0
intact,origin,-1.67525e-08,1.5e-08,-50257499.999900006,22499999.999933332,11.0
intact,origin,-1.67825000001e-08,1.5e-08,-50347500.0002,22499999.999933332,11.0
intact,origin,-1.68125e-08,1.5e-08,-50437500.000099994,22499999.999933332,11.0
intact,origin,-1.68425e-08,1.5e-08,-50527500.000099994,22499999.999933332,11.0
intact,origin,-1.68725e-08,1.5e-08,-50617500.000099994,22499999.999933332,11.0
intact,origin,-1.69025e-08,1.5e-08,-50707500.0,22499999.999933332,11.0
intact,origin,-1.69325e-08,1.5e-08,-50797500.0,22499999.999933332,11.0
intact,origin,-1.69625e-08,1.5e-08,-50887500.0,22499999.999933332,11.0
intact,origin,-1.69925e-08,1.5e-08,-50977499.999900006,22499999.999933332,11.0
intact,origin,-1.70225e-08,1.5e-08,-51067499.999900006,22499999.999933332,11.0
intact,origin,-1.70524999999e-08,1.5e-08,-51157499.9998,22499999.999933332,11.0
intact,origin,-1.70825e-08,1.5e-08,-51247500.000099994,22499999.999933332,11.0
intact,origin,-1.71125e-08,1.5e-08,-51337500.000099994,22499999.999933332,11.0
intact,origin,-1.71425e-08,1.5e-08,-51427500.000099994,22499999.999933332,11.0
intact,origin,-1.71725e-08,1.5e-08,-51517500.0,22499999.999933332,11.0
intact,origin,-1.72025e-08,1.5e-08,-51607500.0,22499999.999933332,11.0
intact,origin,-1.72325e-08,1.5e-08,-51697500.0,22499999.999933332,11.0
intact,origin,-1.72625e-08,1.5e-08,-51787499.999900006,22499999.999933332,11.0
intact,origin,-1.72925e-08,1.5e-08,-51877499.999900006,22499999.999933332,11.0
intact,origin,-1.73225e-08,1.5e-08,-51967499.999900006,22499999.999933332,11.0
intact,origin,-1.73525000001e-08,1.5e-08,-52057500.0002,22499999.999933332,11.0
intact,origin,-1.73825e-08,1.5e-08,-52147500.000099994,22499999.999933332,11.0
intact,origin,-1.74125e-08,1.5e-08,-52237500.000099994,22499999.999933332,11.0
intact,origin,-1.74425e-08,1.5e-08,-52327500.000099994,22499999.999933332,11.0
intact,origin,-1.74725e-08,1.5e-08,-52417500.0,22499999.999933332,11.0
intact,origin,-1.75025e-08,1.5e-08,-52507500.0,22499999.999933332,11.0
intact,origin,-1.75325e-08,1.5e-08,-52597499.999900006,22499999.999933332,11.0
intact,origin,-1.75625e-08,1.5e-08,-52687499.999900006,22499999.999933332,11.0
intact,origin,-1.75925e-08,1.5e-08,-52777499.999900006,22499999.999933332,11.0
intact,origin,-1.76224999999e-08,1.5e-08,-52867499.9998,22499999.999933332,11.0
intact,origin,-1.76525e-08,1.5e-08,-52957500.000099994,22499999.999933332,11.0
intact,origin,-1.76825e-08,1.5e-08,-53047500.000099994,22499999.999933332,11.0
intact,origin,-1.77125e-08,1.5e-08,-53137500.000099994,22499999.999933332,11.0
intact,origin,-1.77425e-08,1.5e-08,-53227500.0,22499999.999933332,11.0
intact,origin,-1.77725e-08,1.5e-08,-53317500.0,22499999.999933332,11.0
intact,origin,-1.78025e-08,1.5e-08,-53407500.0,22499999.999933332,11.0
intact,origin,-1.78325e-08,1.5e-08,-53497499.999900006,22499999.999933332,11.0
intact,origin,-1.78625e-08,1.5e-08,-53587499.999900006,22499999.999933332,11.0
intact,origin,-1.78925e-08,1.5e-08,-53677499.999900006,22499999.999933332,11.0
intact,origin,-1.79225000001e-08,1.5e-08,-53767500.0002,22499999.999933332,11.0
intact,origin,-1.79525e-08,1.5e-08,-53857500.000099994,22499999.999933332,11.0
intact,origin,-1.79825e-08,1.5e-08,-53947500.000099994,22499999.999933332,11.0
intact,origin,-1.80125e-08,1.5e-08,-54037500.0,22499999.999933332,11.0
intact,origin,-1.80425e-08,1.5e-08,-54127500.0,22499999.999933332,11.0
intact,origin,-1.80725e-08,1.5e-08,-54217500.0,22499999.999933332,11.0
intact,origin,-1.81025e-08,1.5e-08,-54307499.999900006,22499999.999933332,11.0
intact,origin,-1.81325e-08,1.5e-08,-54397499.999900006,22499999.999933332,11.0
intact,origin,-1.81625e-08,1.5e-08,-54487499.999900006,22499999.999933332,11.0
intact,origin,-1.81924999999e-08,1.5e-08,-54577499.9998,22499999.999933332,11.0
intact,origin,-1.82225e-08,1.5e-08,-54667500.000099994,22499999.999933332,11.0
intact,origin,-1.82525e-08,1.5e-08,-54757500.000099994,22499999.999933332,11.0
intact,origin,-1.82825e-08,1.5e-08,-54847500.000099994,22499999.999933332,11.0
intact,origin,-1.83125e-08,1.5e-08,-54937500.0,22499999.999933332,11.0
intact,origin,-1.83425e-08,1.5e-08,-55027500.0,22499999.999933332,11.0
intact,origin,-1.83725e-08,1.5e-08,-55117500.0,22499999.999933332,11.0
intact,origin,-1.84025e-08,1.5e-08,-55207499.999900006,22499999.999933332,11.0
intact,origin,-1.84325e-08,1.5e-08,-55297499.999900006,22499999.999933332,11.0
intact,origin,-1.84625e-08,1.5e-08,-55387499.999900006,22499999.999933332,11.0
intact,origin,-1.84925000001e-08,1.5e-08,-55477500.0002,22499999.999933332,11.0
intact,origin,-1.85225e-08,1.5e-08,-55567500.000099994,22499999.999933332,11.0
intact,origin,-1.85525e-08,1.5e-08,-55657500.000099994,22499999.999933332,11.0
intact,origin,-1.85825e-08,1.5e-08,-55747500.0,22499999.999933332,11.0
intact,origin,-1.86125e-08,1.5e-08,-55837500.0,22499999.999933332,11.0
intact,origin,-1.86425e-08,1.5e-08,-55927500.0,22499999.999933332,11.0
intact,origin,-1.86725e-08,1.5e-08,-56017499.999900006,22499999.999933332,11.0
intact,origin,-1.87025e-08,1.5e-08,-56107499.999900006,22499999.999933332,11.0
intact,origin,-1.87325e-08,1.5e-08,-56197499.999900006,22499999.999933332,11.0
intact,origin,-1.87624999999e-08,1.5e-08,-56287499.9998,22499999.999933332,11.0
intact,origin,-1.87925e-08,1.5e-08,-56377500.000099994,22499999.999933332,11.0
intact,origin,-1.88225e-08,1.5e-08,-56467500.000099994,22499999.999933332,11.0
intact,origin,-1.88525e-08,1.5e-08,-56557500.000099994,22499999.999933332,11.0
intact,origin,-1.88825e-08,1.5e-08,-56647500.0,22499999.999933332,11.0
intact,origin,-1.89125e-08,1.5e-08,-56737500.0,22499999.999933332,11.0
intact,origin,-1.89425e-08,1.5e-08,-56827500.0,22499999.999933332,11.0
intact,origin,-1.89725e-08,1.5e-08,-56917499.999900006,22499999.999933332,11.0
intact,origin,-1.90025e-08,1.5e-08,-57007499.999900006,22499999.999933332,11.0
intact,origin,-1.90325e-08,1.5e-08,-57097499.999900006,22499999.999933332,11.0
intact,origin,-1.90625e-08,1.5e-08,-57187500.000099994,22499999.999933332,11.0
intact,origin,-1.90925e-08,1.5e-08,-57277500.000099994,22499999.999933332,11.0
intact,origin,-1.91225e-08,1.5e-08,-57367500.000099994,22499999.999933332,11.0
intact,origin,-1.91525e-08,1.5e-08,-57457500.0,22499999.999933332,11.0
intact,origin,-1.91825e-08,1.5e-08,-57547500.0,22499999.999933332,11.0
intact,origin,-1.92125e-08,1.5e-08,-57637500.0,22499999.999933332,11.0
intact,origin,-1.92425e-08,1.5e-08,-57727499.999900006,22499999.999933332,11.0
intact,origin,-1.92725e-08,1.5e-08,-57817499.999900006,22499999.999933332,11.0
intact,origin,-1.93025e-08,1.5e-08,-57907499.999900006,22499999.999933332,11.0
intact,origin,-1.93324999999e-08,1.5e-08,-57997499.9998,22499999.999933332,11.0
intact,origin,-1.93625e-08,1.5e-08,-58087500.000099994,22499999.999933332,11.0
intact,origin,-1.93925e-08,1.5e-08,-58177500.000099994,22499999.999933332,11.0
intact,origin,-1.94225e-08,1.5e-08,-58267500.000099994,22499999.999933332,11.0
intact,origin,-1.94525e-08,1.5e-08,-58357500.0,22499999.999933332,11.0
intact,origin,-1.94825e-08,1.5e-08,-58447500.0,22499999.999933332,11.0
intact,origin,-1.95125e-08,1.5e-08,-58537500.0,22499999.999933332,11.0
intact,origin,-1.95425e-08,1.5e-08,-58627499.999900006,22499999.999933332,11.0
intact,origin,-1.95725e-08,1.5e-08,-58717499.999900006,22499999.999933332,11.0
intact,origin,-1.96025e-08,1.5e-08,-58807499.999900006,22499999.999933332,11.0
intact,origin,-1.96325e-08,1.5e-08,-58897500.000099994,22499999.999933332,11.0
intact,origin,-1.96625e-08,1.5e-08,-58987500.000099994,22499999.999933332,11.0
intact,origin,-1.96925e-08,1.5e-08,-59077500.000099994,22499999.999933332,11.0
intact,origin,-1.97225e-08,1.5e-08,-59167500.0,22499999.999933332,11.0
intact,origin,-1.97525e-08,1.5e-08,-59257500.0,22499999.999933332,11.0
intact,origin,-1.97825e-08,1.5e-08,-59347500.0,22499999.999933332,11.0
intact,origin,-1.98125e-08,1.5e-08,-59437499.999900006,22499999.999933332,11.0
intact,origin,-1.98425e-08,1.5e-08,-59527499.999900006,22499999.999933332,11.0
intact,origin,-1.98725e-08,1.5e-08,-59617499.999900006,22499999.999933332,11.0
intact,origin,-1.99025000001e-08,1.5e-08,-59707500.0002,22499999.999933332,11.0
intact,origin,-1.99325e-08,1.5e-08,-59797500.000099994,22499999.999933332,11.0
intact,origin,-1.99625e-08,1.5e-08,-59887500.000099994,22499999.999933332,11.0
intact,origin,-1.99925e-08,1.5e-08,-59977500.000099994,22499999.999933332,11.0
intact,origin,-2e-08,1.49775e-08,-60000000.0,22466250.0,12.0
intact,origin,-2e-08,1.49475e-08,-60000000.0,22421249.999933332,12.0
intact,origin,-2e-08,1.49175e-08,-60000000.0,22376250.0,12.0
intact,origin,-2e-08,1.48875e-08,-60000000.0,22331249.999966666,12.0
intact,origin,-2e-08,1.48575e-08,-60000000.0,22286250.000033334,12.0
intact,origin,-2e-08,1.48275e-08,-60000000.0,22241249.999966666,12.0
intact,origin,-2e-08,1.47975e-08,-60000000.0,22196250.000033334,12.0
intact,origin,-2e-08,1.47675e-08,-60000000.0,22151250.0,12.0
intact,origin,-2e-08,1.47375e-08,-60000000.0,22106250.000066668,12.0
intact,origin,-2e-08,1.47075e-08,-60000000.0,22061250.0,12.0
intact,origin,-2e-08,1.46774999999e-08,-60000000.0,22016249.999933332,12.0
intact,origin,-2e-08,1.46475e-08,-60000000.0,21971250.0,12.0
intact,origin,-2e-08,1.46175e-08,-60000000.0,21926249.999966666,12.0
intact,origin,-2e-08,1.45875e-08,-60000000.0,21881250.000033334,12.0
intact,origin,-2e-08,1.45575e-08,-60000000.0,21836250.0,12.0
intact,origin,-2e-08,1.45275e-08,-60000000.0,21791250.0,12.0
intact,origin,-2e-08,1.44975e-08,-60000000.0,21746250.0,12.0
intact,origin,-2e-08,1.44675e-08,-60000000.0,21701250.000033334,12.0
intact,origin,-2e-08,1.44375e-08,-60000000.0,21656250.0,12.0
intact,origin,-2e-08,1.44074999999e-08,-60000000.0,21611249.999933332,12.0
intact,origin,-2e-08,1.43775e-08,-60000000.0,21566250.0,12.0
intact,origin,-2e-08,1.43475e-08,-60000000.0,21521249.999966666,12.0
intact,origin,-2e-08,1.43175e-08,-60000000.0,21476250.000033334,12.0
intact,origin,-2e-08,1.42875e-08,-60000000.0,21431250.0,12.0
intact,origin,-2e-08,1.42575e-08,-60000000.0,21386250.0,12.0
intact,origin,-2e-08,1.42275e-08,-60000000.0,21341249.999966666,12.0
intact,origin,-2e-08,1.41975e-08,-60000000.0,21296250.000033334,12.0
intact,origin,-2e-08,1.41675e-08,-60000000.0,21251250.0,12.0
intact,origin,-2e-08,1.41375000001e-08,-60000000.0,21206250.000066668,12.0
intact,origin,-2e-08,1.41075e-08,-60000000.0,21161250.0,12.0
intact,origin,-2e-08,1.40775e-08,-60000000.0,21116249.999933332,12.0
intact,origin,-2e-08,1.40475e-08,-60000000.0,21071250.0,12.0
intact,origin,-2e-08,1.40175e-08,-60000000.0,21026250.0,12.0
intact,origin,-2e-08,1.39875e-08,-60000000.0,20981250.000033334,12.0
intact,origin,-2e-08,1.39575e-08,-60000000.0,20936249.999966666,12.0
intact,origin,-2e-08,1.39275e-08,-60000000.0,20891250.000033334,12.0
intact,origin,-2e-08,1.38975e-08,-60000000.0,20846250.0,12.0
intact,origin,-2e-08,1.38675e-08,-60000000.0,20801250.000066668,12.0
intact,origin,-2e-08,1.38375e-08,-60000000.0,20756250.0,12.0
intact,origin,-2e-08,1.38075e-08,-60000000.0,20711249.999933332,12.0
intact,origin,-2e-08,1.37775e-08,-60000000.0,20666250.0,12.0
intact,origin,-2e-08,1.37475e-08,-60000000.0,20621249.999966666,12.0
intact,origin,-2e-08,1.37175e-08,-60000000.0,20576250.000033334,12.0
intact,origin,-2e-08,1.36875e-08,-60000000.0,20531249.999966666,12.0
intact,origin,-2e-08,1.36575e-08,-60000000.0,20486250.000033334,12.0
intact,origin,-2e-08,1.36275e-08,-60000000.0,20441250.0,12.0
intact,origin,-2e-08,1.35975e-08,-60000000.0,20396250.000066668,12.0
intact,origin,-2e-08,1.35675e-08,-60000000.0,20351250.0,12.0
intact,origin,-2e-08,1.35375e-08,-60000000.0,20306249.999933332,12.0
intact,origin,-2e-08,1.35075e-08,-60000000.0,20261250.0,12.0
intact,origin,-2e-08,1.34775e-08,-60000000.0,20216249.999966666,12.0
intact,origin,-2e-08,1.34475e-08,-60000000.0,20171250.000033334,12.0
intact,origin,-2e-08,1.34175e-08,-60000000.0,20126249.999966666,12.0
intact,origin,-2e-08,1.33875e-08,-60000000.0,20081250.0,12.0
intact,origin,-2e-08,1.33575e-08,-60000000.0,20036250.0,12.0
intact,origin,-2e-08,1.33275e-08,-60000000.0,19991250.000066668,12.0
intact,origin,-2e-08,1.32975e-08,-60000000.0,19946250.0,12.0
intact,origin,-2e-08,1.32674999999e-08,-60000000.0,19901249.999933332,12.0
intact,origin,-2e-08,1.32375e-08,-60000000.0,19856250.0,12.0
intact,origin,-2e-08,1.32075e-08,-60000000.0,19811249.999966666,12.0
intact,origin,-2e-08,1.31775e-08,-60000000.0,19766250.000033334,12.0
intact,origin,-2e-08,1.31475e-08,-60000000.0,19721250.0,12.0
intact,origin,-2e-08,1.31175e-08,-60000000.0,19676250.0,12.0
intact,origin,-2e-08,1.30875e-08,-60000000.0,19631249.999966666,12.0
intact,origin,-2e-08,1.30575e-08,-60000000.0,19586250.000033334,12.0
intact,origin,-2e-08,1.30275e-08,-60000000.0,19541250.0,12.0
intact,origin,-2e-08,1.29975000001e-08,-60000000.0,19496250.000066668,12.0
intact,origin,-2e-08,1.29675e-08,-60000000.0,19451250.0,12.0
intact,origin,-2e-08,1.29375e-08,-60000000.0,19406249.999933332,12.0
intact,origin,-2e-08,1.29075e-08,-60000000.0,19361250.0,12.0
intact,origin,-2e-08,1.28775e-08,-60000000.0,19316250.0,12.0
intact,origin,-2e-08,1.28475e-08,-60000000.0,19271250.0,12.0
intact,origin,-2e-08,1.28175e-08,-60000000.0,19226249.999966666,12.0
intact,origin,-2e-08,1.27875e-08,-60000000.0,19181250.000033334,12.0
intact,origin,-2e-08,1.27575e-08,-60000000.0,19136250.0,12.0
intact,origin,-2e-08,1.27275000001e-08,-60000000.0,19091250.000066668,12.0
intact,origin,-2e-08,1.26975e-08,-60000000.0,19046250.0,12.0
intact,origin,-2e-08,1.26675e-08,-60000000.0,19001249.999933332,12.0
intact,origin,-2e-08,1.26375e-08,-60000000.0,18956250.0,12.0
intact,origin,-2e-08,1.26075e-08,-60000000.0,18911249.999966666,12.0
intact,origin,-2e-08,1.25775e-08,-60000000.0,18866250.000033334,12.0
intact,origin,-2e-08,1.25475e-08,-60000000.0,18821249.999966666,12.0
intact,origin,-2e-08,1.25175e-08,-60000000.0,18776250.000033334,12.0
intact,origin,-2e-08,1.24875e-08,-60000000.0,18731250.0,12.0
intact,origin,-2e-08,1.24575e-08,-60000000.0,18686250.000066668,12.0
intact,origin,-2e-08,1.24275e-08,-60000000.0,18641250.0,12.0
intact,origin,-2e-08,1.23975e-08,-60000000.0,18596249.999933332,12.0
intact,origin,-2e-08,1.23675e-08,-60000000.0,18551250.0,12.0
intact,origin,-2e-08,1.23375e-08,-60000000.0,18506249.999966666,12.0
intact,origin,-2e-08,1.23075e-08,-60000000.0,18461250.000033334,12.0
intact,origin,-2e-08,1.22775e-08,-60000000.0,18416249.999966666,12.0
intact,origin,-2e-08,1.22475e-08,-60000000.0,18371250.000033334,12.0
intact,origin,-2e-08,1.22175e-08,-60000000.0,18326250.0,12.0
intact,origin,-2e-08,1.21875e-08,-60000000.0,18281250.000066668,12.0
intact,origin,-2e-08,1.21575e-08,-60000000.0,18236250.0,12.0
intact,origin,-2e-08,1.21274999999e-08,-60000000.0,18191249.999933332,12.0
intact,origin,-2e-08,1.20975e-08,-60000000.0,18146250.0,12.0
intact,origin,-2e-08,1.20675e-08,-60000000.0,18101249.999966666,12.0
intact,origin,-2e-08,1.20375e-08,-60000000.0,18056250.000033334,12.0
intact,origin,-2e-08,1.20075e-08,-60000000.0,18011250.0,12.0
intact,origin,-2e-08,1.19775e-08,-60000000.0,17966250.0,12.0
intact,origin,-2e-08,1.19475e-08,-60000000.0,17921249.999966666,12.0
intact,origin,-2e-08,1.19175e-08,-60000000.0,17876250.000033334,12.0
intact,origin,-2e-08,1.18875e-08,-60000000.0,17831250.0,12.0
intact,origin,-2e-08,1.18575000001e-08,-60000000.0,17786250.000066668,12.0
intact,origin,-2e-08,1.18275e-08,-60000000.0,17741250.0,12.0
intact,origin,-2e-08,1.17975e-08,-60000000.0,17696249.999966666,12.0
intact,origin,-2e-08,1.17675e-08,-60000000.0,17651250.000033334,12.0
intact,origin,-2e-08,1.17375e-08,-60000000.0,17606250.0,12.0
intact,origin,-2e-08,1.17075e-08,-60000000.0,17561250.0,12.0
intact,origin,-2e-08,1.16775e-08,-60000000.0,17516249.999966666,12.0
intact,origin,-2e-08,1.16475e-08,-60000000.0,17471250.000033334,12.0
intact,origin,-2e-08,1.16175e-08,-60000000.0,17426250.0,12.0
intact,origin,-2e-08,1.15875000001e-08,-60000000.0,17381250.000066668,12.0
intact,origin,-2e-08,1.15575e-08,-60000000.0,17336250.0,12.0
intact,origin,-2e-08,1.15275e-08,-60000000.0,17291249.999933332,12.0
intact,origin,-2e-08,1.14975e-08,-60000000.0,17246250.0,12.0
intact,origin,-2e-08,1.14675e-08,-60000000.0,17201249.999966666,12.0
intact,origin,-2e-08,1.14375e-08,-60000000.0,17156250.000033334,12.0
intact,origin,-2e-08,1.14075e-08,-60000000.0,17111249.999966666,12.0
intact,origin,-2e-08,1.13775e-08,-60000000.0,17066250.000033334,12.0
intact,origin,-2e-08,1.13475e-08,-60000000.0,17021250.0,12.0
intact,origin,-2e-08,1.13175e-08,-60000000.0,16976250.000066668,12.0
intact,origin,-2e-08,1.12875e-08,-60000000.0,16931250.0,12.0
intact,origin,-2e-08,1.12575e-08,-60000000.0,16886249.999933332,12.0
intact,origin,-2e-08,1.12275e-08,-60000000.0,16841250.0,12.0
intact,origin,-2e-08,1.11975e-08,-60000000.0,16796249.999966666,12.0
intact,origin,-2e-08,1.11675e-08,-60000000.0,16751250.000033334,12.0
intact,origin,-2e-08,1.11375e-08,-60000000.0,16706249.999966666,12.0
intact,origin,-2e-08,1.11075e-08,-60000000.0,16661250.000033334,12.0
intact,origin,-2e-08,1.10775e-08,-60000000.0,16616250.0,12.0
intact,origin,-2e-08,1.10475e-08,-60000000.0,16571250.000066668,12.0
intact,origin,-2e-08,1.10175e-08,-60000000.0,16526250.0,12.0
intact,origin,-2e-08,1.09874999999e-08,-60000000.0,16481249.999933332,12.0
intact,origin,-2e-08,1.09575e-08,-60000000.0,16436250.0,12.0
intact,origin,-2e-08,1.09275e-08,-60000000.0,16391249.999966666,12.0
intact,origin,-2e-08,1.08975e-08,-60000000.0,16346250.000033334,12.0
intact,origin,-2e-08,1.08675e-08,-60000000.0,16301250.0,12.0
intact,origin,-2e-08,1.08375e-08,-60000000.0,16256250.0,12.0
intact,origin,-2e-08,1.08075e-08,-60000000.0,16211249.999966666,12.0
intact,origin,-2e-08,1.07775e-08,-60000000.0,16166250.000033334,12.0
intact,origin,-2e-08,1.07475e-08,-60000000.0,16121250.0,12.0
intact,origin,-2e-08,1.07174999999e-08,-60000000.0,16076249.999933332,12.0
intact,origin,-2e-08,1.06875e-08,-60000000.0,16031250.0,12.0
intact,origin,-2e-08,1.06575e-08,-60000000.0,15986249.999966666,12.0
intact,origin,-2e-08,1.06275e-08,-60000000.0,15941250.000033334,12.0
intact,origin,-2e-08,1.05975e-08,-60000000.0,15896250.0,12.0
intact,origin,-2e-08,1.05675e-08,-60000000.0,15851250.0,12.0
intact,origin,-2e-08,1.05375e-08,-60000000.0,15806249.999966666,12.0
intact,origin,-2e-08,1.05075e-08,-60000000.0,15761250.000033334,12.0
intact,origin,-2e-08,1.04775e-08,-60000000.0,15716250.0,12.0
intact,origin,-2e-08,1.04475000001e-08,-60000000.0,15671250.000066668,12.0
intact,origin,-2e-08,1.04175e-08,-60000000.0,15626250.0,12.0
intact,origin,-2e-08,1.03875e-08,-60000000.0,15581249.999933332,12.0
intact,origin,-2e-08,1.03575e-08,-60000000.0,15536250.0,12.0
intact,origin,-2e-08,1.03275e-08,-60000000.0,15491249.999966666,12.0
intact,origin,-2e-08,1.02975e-08,-60000000.0,15446250.000033334,12.0
intact,origin,-2e-08,1.02675e-08,-60000000.0,15401249.999966666,12.0
intact,origin,-2e-08,1.02375e-08,-60000000.0,15356250.000033334,12.0
intact,origin,-2e-08,1.02075e-08,-60000000.0,15311250.0,12.0
intact,origin,-2e-08,1.01775e-08,-60000000.0,15266250.000066668,12.0
intact,origin,-2e-08,1.01475e-08,-60000000.0,15221250.0,12.0
intact,origin,-2e-08,1.01175e-08,-60000000.0,15176249.999933332,12.0
intact,origin,-2e-08,1.00875e-08,-60000000.0,15131250.0,12.0
intact,origin,-2e-08,1.00575e-08,-60000000.0,15086249.999966666,12.0
intact,origin,-2e-08,1.00275e-08,-60000000.0,15041250.000033334,12.0
intact,origin,-2e-08,9.99749999998e-09,-60000000.0,14996249.999966666,12.0
intact,origin,-2e-08,9.96750000004e-09,-60000000.0,14951250.000033334,12.0
intact,origin,-2e-08,9.93749999999e-09,-60000000.0,14906250.0,12.0
intact,origin,-2e-08,9.90750000005e-09,-60000000.0,14861250.000066668,12.0
intact,origin,-2e-08,9.8775e-09,-60000000.0,14816250.0,12.0
intact,origin,-2e-08,9.84749999995e-09,-60000000.0,14771249.999933332,12.0
intact,origin,-2e-08,9.81750000001e-09,-60000000.0,14726250.0,12.0
intact,origin,-2e-08,9.78749999996e-09,-60000000.0,14681249.999966666,12.0
intact,origin,-2e-08,9.75750000002e-09,-60000000.0,14636250.000033334,12.0
intact,origin,-2e-08,9.72749999997e-09,-60000000.0,14591250.0,12.0
intact,origin,-2e-08,9.69750000003e-09,-60000000.0,14546250.0,12.0
intact,origin,-2e-08,9.66749999998e-09,-60000000.0,14501250.0,12.0
intact,origin,-2e-08,9.63750000004e-09,-60000000.0,14456250.000066668,12.0
intact,origin,-2e-08,9.6075e-09,-60000000.0,14411250.0,12.0
intact,origin,-2e-08,9.57749999995e-09,-60000000.0,14366249.999933332,12.0
intact,origin,-2e-08,9.54750000001e-09,-60000000.0,14321250.0,12.0
intact,origin,-2e-08,9.51749999996e-09,-60000000.0,14276249.999966666,12.0
intact,origin,-2e-08,9.48750000002e-09,-60000000.0,14231250.000033334,12.0
intact,origin,-2e-08,9.45749999997e-09,-60000000.0,14186250.0,12.0
intact,origin,-2e-08,9.42750000003e-09,-60000000.0,14141250.0,12.0
intact,origin,-2e-08,9.39749999998e-09,-60000000.0,14096249.999966666,12.0
intact,origin,-2e-08,9.36750000004e-09,-60000000.0,14051250.000033334,12.0
intact,origin,-2e-08,9.33749999999e-09,-60000000.0,14006250.0,12.0
intact,origin,-2e-08,9.30750000005e-09,-60000000.0,13961250.000066668,12.0
intact,origin,-2e-08,9.2775e-09,-60000000.0,13916250.0,12.0
intact,origin,-2e-08,9.24749999996e-09,-60000000.0,13871249.999933332,12.0
intact,origin,-2e-08,9.21750000002e-09,-60000000.0,13826250.0,12.0
intact,origin,-2e-08,9.18749999997e-09,-60000000.0,13781250.0,12.0
intact,origin,-2e-08,9.15750000003e-09,-60000000.0,13736250.0,12.0
intact,origin,-2e-08,9.12749999998e-09,-60000000.0,13691249.999966666,12.0
intact,origin,-2e-08,9.09750000004e-09,-60000000.0,13646250.000033334,12.0
intact,origin,-2e-08,9.06749999999e-09,-60000000.0,13601250.0,12.0
intact,origin,-2e-08,9.03750000005e-09,-60000000.0,13556250.000066668,12.0
intact,origin,-2e-08,9.0075e-09,-60000000.0,13511250.0,12.0
intact,origin,-2e-08,8.97749999995e-09,-60000000.0,13466249.999933332,12.0
intact,origin,-2e-08,8.94750000001e-09,-60000000.0,13421250.0,12.0
intact,origin,-2e-08,8.91749999996e-09,-60000000.0,13376249.999966666,12.0
intact,origin,-2e-08,8.88750000002e-09,-60000000.0,13331250.000033334,12.0
intact,origin,-2e-08,8.85749999998e-09,-60000000.0,13286249.999966666,12.0
intact,origin,-2e-08,8.82750000004e-09,-60000000.0,13241250.000033334,12.0
intact,origin,-2e-08,8.79749999999e-09,-60000000.0,13196250.0,12.0
intact,origin,-2e-08,8.76750000005e-09,-60000000.0,13151250.000066668,12.0
intact,origin,-2e-08,8.7375e-09,-60000000.0,13106250.0,12.0
intact,origin,-2e-08,8.70749999995e-09,-60000000.0,13061249.999933332,12.0
intact,origin,-2e-08,8.67750000001e-09,-60000000.0,13016250.0,12.0
intact,origin,-2e-08,8.64749999996e-09,-60000000.0,12971249.999966666,12.0
intact,origin,-2e-08,8.61750000002e-09,-60000000.0,12926250.000033334,12.0
intact,origin,-2e-08,8.58749999997e-09,-60000000.0,12881249.999966666,12.0
intact,origin,-2e-08,8.55750000003e-09,-60000000.0,12836250.000033334,12.0
intact,origin,-2e-08,8.52749999998e-09,-60000000.0,12791250.0,12.0
intact,origin,-2e-08,8.49750000004e-09,-60000000.0,12746250.000066668,12.0
intact,origin,-2e-08,8.4675e-09,-60000000.0,12701250.0,12.0
intact,origin,-2e-08,8.43749999995e-09,-60000000.0,12656249.999933332,12.0
intact,origin,-2e-08,8.40750000001e-09,-60000000.0,12611250.0,12.0
intact,origin,-2e-08,8.37749999996e-09,-60000000.0,12566249.999966666,12.0
intact,origin,-2e-08,8.34750000002e-09,-60000000.0,12521250.000033334,12.0
intact,origin,-2e-08,8.31749999997e-09,-60000000.0,12476250.0,12.0
intact,origin,-2e-08,8.28750000003e-09,-60000000.0,12431250.0,12.0
intact,origin,-2e-08,8.25749999998e-09,-60000000.0,12386249.999966666,12.0
intact,origin,-2e-08,8.22750000004e-09,-60000000.0,12341250.000033334,12.0
intact,origin,-2e-08,8.19749999999e-09,-60000000.0,12296250.0,12.0
intact,origin,-2e-08,8.16750000005e-09,-60000000.0,12251250.000066668,12.0
intact,origin,-2e-08,8.13750000001e-09,-60000000.0,12206250.0,12.0
intact,origin,-2e-08,8.10749999996e-09,-60000000.0,12161249.999966666,12.0
intact,origin,-2e-08,8.07750000002e-09,-60000000.0,12116250.0,12.0
intact,origin,-2e-08,8.04749999997e-09,-60000000.0,12071250.0,12.0
intact,origin,-2e-08,8.01750000003e-09,-60000000.0,12026250.0,12.0
intact,origin,-2e-08,7.98749999998e-09,-60000000.0,11981249.999966666,12.0
intact,origin,-2e-08,7.95750000004e-09,-60000000.0,11936250.000033334,12.0
intact,origin,-2e-08,7.92749999999e-09,-60000000.0,11891250.0,12.0
intact,origin,-2e-08,7.89750000005e-09,-60000000.0,11846250.000066668,12.0
intact,origin,-2e-08,7.8675e-09,-60000000.0,11801250.0,12.0
intact,origin,-2e-08,7.83749999995e-09,-60000000.0,11756249.999933332,12.0
intact,origin,-2e-08,7.80750000001e-09,-60000000.0,11711250.0,12.0
intact,origin,-2e-08,7.77749999997e-09,-60000000.0,11666249.999966666,12.0
intact,origin,-2e-08,7.74750000003e-09,-60000000.0,11621250.000033334,12.0
intact,origin,-2e-08,7.71749999998e-09,-60000000.0,11576249.999966666,12.0
intact,origin,-2e-08,7.68750000004e-09,-60000000.0,11531250.000033334,12.0
intact,origin,-2e-08,7.65749999999e-09,-60000000.0,11486250.0,12.0
intact,origin,-2e-08,7.62750000005e-09,-60000000.0,11441250.000066668,12.0
intact,origin,-2e-08,7.5975e-09,-60000000.0,11396250.0,12.0
intact,origin,-2e-08,7.56749999995e-09,-60000000.0,11351249.999933332,12.0
intact,origin,-2e-08,7.53750000001e-09,-60000000.0,11306250.0,12.0
intact,origin,-2e-08,7.50749999996e-09,-60000000.0,11261249.999966666,12.0
intact,origin,-2e-08,7.47750000002e-09,-60000000.0,11216250.000033334,12.0
intact,origin,-2e-08,7.44749999997e-09,-60000000.0,11171249.999966666,12.0
intact,origin,-2e-08,7.41750000003e-09,-60000000.0,11126250.000033334,12.0
intact,origin,-2e-08,7.38749999999e-09,-60000000.0,11081250.0,12.0
intact,origin,-2e-08,7.35750000005e-09,-60000000.0,11036250.000066666,12.0
intact,origin,-2e-08,7.3275e-09,-60000000.0,10991250.0,12.0
intact,origin,-2e-08,7.29749999995e-09,-60000000.0,10946249.999933334,12.0
intact,origin,-2e-08,7.26750000001e-09,-60000000.0,10901250.0,12.0
intact,origin,-2e-08,7.23749999996e-09,-60000000.0,10856249.999966666,12.0
intact,origin,-2e-08,7.20750000002e-09,-60000000.0,10811250.000033334,12.0
intact,origin,-2e-08,7.17749999997e-09,-60000000.0,10766250.0,12.0
intact,origin,-2e-08,7.14750000003e-09,-60000000.0,10721250.0,12.0
intact,origin,-2e-08,7.11749999998e-09,-60000000.0,10676249.999966666,12.0
intact,origin,-2e-08,7.08750000004e-09,-60000000.0,10631250.000033334,12.0
intact,origin,-2e-08,7.05749999999e-09,-60000000.0,10586250.0,12.0
intact,origin,-2e-08,7.02749999995e-09,-60000000.0,10541249.999933334,12.0
intact,origin,-2e-08,6.99750000001e-09,-60000000.0,10496250.0,12.0
intact,origin,-2e-08,6.96749999996e-09,-60000000.0,10451249.999966666,12.0
intact,origin,-2e-08,6.93750000002e-09,-60000000.0,10406250.000033334,12.0
intact,origin,-2e-08,6.90749999997e-09,-60000000.0,10361250.0,12.0
intact,origin,-2e-08,6.87750000003e-09,-60000000.0,10316250.0,12.0
intact,origin,-2e-08,6.84749999998e-09,-60000000.0,10271249.999966666,12.0
intact,origin,-2e-08,6.81750000004e-09,-60000000.0,10226250.000033334,12.0
intact,origin,-2e-08,6.78749999999e-09,-60000000.0,10181250.0,12.0
intact,origin,-2e-08,6.75750000005e-09,-60000000.0,10136250.000066666,12.0
intact,origin,-2e-08,6.7275e-09,-60000000.0,10091250.0,12.0
intact,origin,-2e-08,6.69749999995e-09,-60000000.0,10046249.999933334,12.0
intact,origin,-2e-08,6.66750000001e-09,-60000000.0,10001250.0,12.0
intact,origin,-2e-08,6.63749999997e-09,-60000000.0,9956249.999986667,12.0
intact,origin,-2e-08,6.60750000003e-09,-60000000.0,9911250.000053333,12.0
intact,origin,-2e-08,6.57749999998e-09,-60000000.0,9866249.999956666,12.0
intact,origin,-2e-08,6.54750000004e-09,-60000000.0,9821250.000023333,12.0
intact,origin,-2e-08,6.51749999999e-09,-60000000.0,9776249.999976667,12.0
intact,origin,-2e-08,6.48750000005e-09,-60000000.0,9731250.000043333,12.0
intact,origin,-2e-08,6.4575e-09,-60000000.0,9686250.0,12.0
intact,origin,-2e-08,6.42749999995e-09,-60000000.0,9641249.99996,12.0
intact,origin,-2e-08,6.39750000001e-09,-60000000.0,9596250.000026666,12.0
intact,origin,-2e-08,6.36749999996e-09,-60000000.0,9551249.999983333,12.0
intact,origin,-2e-08,6.33750000002e-09,-60000000.0,9506250.00005,12.0
intact,origin,-2e-08,6.30749999997e-09,-60000000.0,9461249.999946667,12.0
intact,origin,-2e-08,6.27750000003e-09,-60000000.0,9416250.000013333,12.0
intact,origin,-2e-08,6.24749999999e-09,-60000000.0,9371249.999973334,12.0
intact,origin,-2e-08,6.21750000005e-09,-60000000.0,9326250.00004,12.0
intact,origin,-2e-08,6.1875e-09,-60000000.0,9281249.999996668,12.0
intact,origin,-2e-08,6.15749999995e-09,-60000000.0,9236249.999953331,12.0
intact,origin,-2e-08,6.12750000001e-09,-60000000.0,9191250.000016667,12.0
intact,origin,-2e-08,6.09749999996e-09,-60000000.0,9146249.999973333,12.0
intact,origin,-2e-08,6.06750000002e-09,-60000000.0,9101250.00004,12.0
intact,origin,-2e-08,6.03749999997e-09,-60000000.0,9056250.0,12.0
intact,origin,-2e-08,6.00750000003e-09,-60000000.0,9011250.000013333,12.0
intact,origin,-2e-08,5.97749999998e-09,-60000000.0,8966249.999970002,12.0
intact,origin,-2e-08,5.94750000004e-09,-60000000.0,8921250.000033334,12.0
intact,origin,-2e-08,5.9175e-09,-60000000.0,8876249.99999,12.0
intact,origin,-2e-08,5.88749999995e-09,-60000000.0,8831249.999946667,12.0
intact,origin,-2e-08,5.85750000001e-09,-60000000.0,8786250.000013335,12.0
intact,origin,-2e-08,5.82749999996e-09,-60000000.0,8741249.999973333,12.0
intact,origin,-2e-08,5.79750000002e-09,-60000000.0,8696250.000036666,12.0
intact,origin,-2e-08,5.76749999997e-09,-60000000.0,8651249.999993334,12.0
intact,origin,-2e-08,5.73750000003e-09,-60000000.0,8606250.000003332,12.0
intact,origin,-2e-08,5.70749999998e-09,-60000000.0,8561249.99996,12.0
intact,origin,-2e-08,5.67750000004e-09,-60000000.0,8516250.000026667,12.0
intact,origin,-2e-08,5.64749999999e-09,-60000000.0,8471249.999986665,12.0
intact,origin,-2e-08,5.61750000005e-09,-60000000.0,8426250.000053333,12.0
intact,origin,-2e-08,5.5875e-09,-60000000.0,8381250.00001,12.0
intact,origin,-2e-08,5.55749999996e-09,-60000000.0,8336249.999963333,12.0
intact,origin,-2e-08,5.52750000002e-09,-60000000.0,8291250.00003,12.0
intact,origin,-2e-08,5.49749999997e-09,-60000000.0,8246249.999986666,12.0
intact,origin,-2e-08,5.46750000003e-09,-60000000.0,8201250.000053334,12.0
intact,origin,-2e-08,5.43749999998e-09,-60000000.0,8156249.999960001,12.0
intact,origin,-2e-08,5.40750000004e-09,-60000000.0,8111250.000023332,12.0
intact,origin,-2e-08,5.37749999999e-09,-60000000.0,8066249.999976666,12.0
intact,origin,-2e-08,5.34750000005e-09,-60000000.0,8021250.0000433335,12.0
intact,origin,-2e-08,5.3175e-09,-60000000.0,7976250.0,12.0
intact,origin,-2e-08,5.28749999995e-09,-60000000.0,7931249.999959999,12.0
intact,origin,-2e-08,5.25750000001e-09,-60000000.0,7886250.000026667,12.0
intact,origin,-2e-08,5.22749999996e-09,-60000000.0,7841249.999983333,12.0
intact,origin,-2e-08,5.19750000002e-09,-60000000.0,7796250.000050001,12.0
intact,origin,-2e-08,5.16749999998e-09,-60000000.0,7751249.999949999,12.0
intact,origin,-2e-08,5.13750000004e-09,-60000000.0,7706250.000016667,12.0
intact,origin,-2e-08,5.10749999999e-09,-60000000.0,7661249.999973333,12.0
intact,origin,-2e-08,5.07750000005e-09,-60000000.0,7616250.000040001,12.0
intact,origin,-2e-08,5.0475e-09,-60000000.0,7571250.0,12.0
intact,origin,-2e-08,5.01749999995e-09,-60000000.0,7526249.9999566665,12.0
intact,origin,-2e-08,4.98750000001e-09,-60000000.0,7481250.000023334,12.0
intact,origin,-2e-08,4.95749999996e-09,-60000000.0,7436249.999976668,12.0
intact,origin,-2e-08,4.92750000002e-09,-60000000.0,7391250.000039999,12.0
intact,origin,-2e-08,4.89749999997e-09,-60000000.0,7346249.999946666,12.0
intact,origin,-2e-08,4.86750000003e-09,-60000000.0,7301250.000013334,12.0
intact,origin,-2e-08,4.83749999998e-09,-60000000.0,7256249.99997,12.0
intact,origin,-2e-08,4.80750000004e-09,-60000000.0,7211250.000036667,12.0
intact,origin,-2e-08,4.7775e-09,-60000000.0,7166249.99999,12.0
intact,origin,-2e-08,4.74749999995e-09,-60000000.0,7121249.999946666,12.0
intact,origin,-2e-08,4.71750000001e-09,-60000000.0,7076250.000013333,12.0
intact,origin,-2e-08,4.68749999996e-09,-60000000.0,7031249.999973333,12.0
intact,origin,-2e-08,4.65750000002e-09,-60000000.0,6986250.000039999,12.0
intact,origin,-2e-08,4.62749999997e-09,-60000000.0,6941249.999996667,12.0
intact,origin,-2e-08,4.59750000003e-09,-60000000.0,6896250.0000066655,12.0
intact,origin,-2e-08,4.56749999998e-09,-60000000.0,6851249.999963333,12.0
intact,origin,-2e-08,4.53750000004e-09,-60000000.0,6806250.000026667,12.0
intact,origin,-2e-08,4.50749999999e-09,-60000000.0,6761249.999986667,12.0
intact,origin,-2e-08,4.47750000005e-09,-60000000.0,6716250.000053334,12.0
intact,origin,-2e-08,4.4475e-09,-60000000.0,6671250.00001,12.0
intact,origin,-2e-08,4.41749999996e-09,-60000000.0,6626249.999966667,12.0
intact,origin,-2e-08,4.38750000002e-09,-60000000.0,6581250.00003,12.0
intact,origin,-2e-08,4.35749999997e-09,-60000000.0,6536249.999986666,12.0
intact,origin,-2e-08,4.32750000003e-09,-60000000.0,6491250.0,12.0
intact,origin,-2e-08,4.29749999998e-09,-60000000.0,6446249.999960001,12.0
intact,origin,-2e-08,4.26750000004e-09,-60000000.0,6401250.000026667,12.0
intact,origin,-2e-08,4.23749999999e-09,-60000000.0,6356249.999983334,12.0
intact,origin,-2e-08,4.20750000005e-09,-60000000.0,6311250.000046667,12.0
intact,origin,-2e-08,4.1775e-09,-60000000.0,6266250.000003333,12.0
intact,origin,-2e-08,4.14749999995e-09,-60000000.0,6221249.999959999,12.0
intact,origin,-2e-08,4.11750000001e-09,-60000000.0,6176250.000026667,12.0
intact,origin,-2e-08,4.08749999997e-09,-60000000.0,6131249.999986666,12.0
intact,origin,-2e-08,4.05750000003e-09,-60000000.0,6086250.000053334,12.0
intact,origin,-2e-08,4.02749999998e-09,-60000000.0,6041249.999949999,12.0
intact,origin,-2e-08,3.99750000004e-09,-60000000.0,5996250.000016667,12.0
intact,origin,-2e-08,3.96749999999e-09,-60000000.0,5951249.999973333,12.0
intact,origin,-2e-08,3.93750000005e-09,-60000000.0,5906250.000040001,12.0
intact,origin,-2e-08,3.9075e-09,-60000000.0,5861250.0,12.0
intact,origin,-2e-08,3.87749999995e-09,-60000000.0,5816249.9999566665,12.0
intact,origin,-2e-08,3.84750000001e-09,-60000000.0,5771250.000023334,12.0
intact,origin,-2e-08,3.81749999996e-09,-60000000.0,5726249.999976668,12.0
intact,origin,-2e-08,3.78750000002e-09,-60000000.0,5681250.000043333,12.0
intact,origin,-2e-08,3.75749999997e-09,-60000000.0,5636249.999946666,12.0
intact,origin,-2e-08,3.72750000003e-09,-60000000.0,5591250.000013334,12.0
intact,origin,-2e-08,3.69749999999e-09,-60000000.0,5546249.999973333,12.0
intact,origin,-2e-08,3.66750000005e-09,-60000000.0,5501250.000036667,12.0
intact,origin,-2e-08,3.6375e-09,-60000000.0,5456249.999996667,12.0
intact,origin,-2e-08,3.60749999995e-09,-60000000.0,5411249.99995,12.0
intact,origin,-2e-08,3.57750000001e-09,-60000000.0,5366250.000013333,12.0
intact,origin,-2e-08,3.54749999996e-09,-60000000.0,5321249.999973333,12.0
intact,origin,-2e-08,3.51750000002e-09,-60000000.0,5276250.000039999,12.0
intact,origin,-2e-08,3.48749999997e-09,-60000000.0,5231249.999996667,12.0
intact,origin,-2e-08,3.45750000003e-09,-60000000.0,5186250.00001,12.0
intact,origin,-2e-08,3.42749999998e-09,-60000000.0,5141249.999963333,12.0
intact,origin,-2e-08,3.39750000004e-09,-60000000.0,5096250.00003,12.0
intact,origin,-2e-08,3.36749999999e-09,-60000000.0,5051249.999986667,12.0
intact,origin,-2e-08,3.33750000005e-09,-60000000.0,5006250.000053333,12.0
intact,origin,-2e-08,3.30750000001e-09,-60000000.0,4961250.000013333,12.0
intact,origin,-2e-08,3.27749999996e-09,-60000000.0,4916249.99997,12.0
intact,origin,-2e-08,3.24750000002e-09,-60000000.0,4871250.000036667,12.0
intact,origin,-2e-08,3.21749999997e-09,-60000000.0,4826249.99999,12.0
intact,origin,-2e-08,3.18750000003e-09,-60000000.0,4781250.0,12.0
intact,origin,-2e-08,3.15749999998e-09,-60000000.0,4736249.999960001,12.0
intact,origin,-2e-08,3.12750000004e-09,-60000000.0,4691250.000026667,12.0
intact,origin,-2e-08,3.09749999999e-09,-60000000.0,4646249.999983334,12.0
intact,origin,-2e-08,3.06750000005e-09,-60000000.0,4601250.00005,12.0
intact,origin,-2e-08,3.0375e-09,-60000000.0,4556250.000003333,12.0
intact,origin,-2e-08,3.00749999995e-09,-60000000.0,4511249.999959999,12.0
intact,origin,-2e-08,2.97750000001e-09,-60000000.0,4466250.000026667,12.0
intact,origin,-2e-08,2.94749999997e-09,-60000000.0,4421249.999986666,12.0
intact,origin,-2e-08,2.91750000003e-09,-60000000.0,4376250.000053333,12.0
intact,origin,-2e-08,2.88749999998e-09,-60000000.0,4331249.9999566665,12.0
intact,origin,-2e-08,2.85750000004e-09,-60000000.0,4286250.00002,12.0
intact,origin,-2e-08,2.82749999999e-09,-60000000.0,4241249.999976666,12.0
intact,origin,-2e-08,2.79750000005e-09,-60000000.0,4196250.000040001,12.0
intact,origin,-2e-08,2.7675e-09,-60000000.0,4151250.0,12.0
intact,origin,-2e-08,2.73749999995e-09,-60000000.0,4106249.99996,12.0
intact,origin,-2e-08,2.70750000001e-09,-60000000.0,4061250.000026667,12.0
intact,origin,-2e-08,2.67749999996e-09,-60000000.0,4016249.9999800003,12.0
intact,origin,-2e-08,2.64750000002e-09,-60000000.0,3971250.000043333,12.0
intact,origin,-2e-08,2.61749999997e-09,-60000000.0,3926249.999946667,12.0
intact,origin,-2e-08,2.58750000003e-09,-60000000.0,3881250.0000133333,12.0
intact,origin,-2e-08,2.55749999999e-09,-60000000.0,3836249.999973333,12.0
intact,origin,-2e-08,2.52750000005e-09,-60000000.0,3791250.00004,12.0
intact,origin,-2e-08,2.4975e-09,-60000000.0,3746249.9999966663,12.0
intact,origin,-2e-08,2.46749999995e-09,-60000000.0,3701249.9999499996,12.0
intact,origin,-2e-08,2.43750000001e-09,-60000000.0,3656250.000016667,12.0
intact,origin,-2e-08,2.40749999996e-09,-60000000.0,3611249.999973333,12.0
intact,origin,-2e-08,2.37750000002e-09,-60000000.0,3566250.0000400003,12.0
intact,origin,-2e-08,2.34749999997e-09,-60000000.0,3521250.0,12.0
intact,origin,-2e-08,2.31750000003e-09,-60000000.0,3476250.00001,12.0
intact,origin,-2e-08,2.28749999998e-09,-60000000.0,3431249.9999700002,12.0
intact,origin,-2e-08,2.25750000004e-09,-60000000.0,3386250.0000333334,12.0
intact,origin,-2e-08,2.22749999999e-09,-60000000.0,3341249.9999866667,12.0
intact,origin,-2e-08,2.19749999995e-09,-60000000.0,3296249.9999466664,12.0
intact,origin,-2e-08,2.16750000001e-09,-60000000.0,3251250.0000133333,12.0
intact,origin,-2e-08,2.13749999996e-09,-60000000.0,3206249.9999700002,12.0
intact,origin,-2e-08,2.10750000002e-09,-60000000.0,3161250.0000366666,12.0
intact,origin,-2e-08,2.07749999997e-09,-60000000.0,3116249.9999933336,12.0
intact,origin,-2e-08,2.04750000003e-09,-60000000.0,3071250.0000033337,12.0
intact,origin,-2e-08,2.01749999998e-09,-60000000.0,3026249.9999599997,12.0
intact,origin,-2e-08,1.98750000004e-09,-60000000.0,2981250.000026667,12.0
intact,origin,-2e-08,1.95749999999e-09,-60000000.0,2936249.9999866667,12.0
intact,origin,-2e-08,1.92750000005e-09,-60000000.0,2891250.0000533336,12.0
intact,origin,-2e-08,1.8975e-09,-60000000.0,2846250.00001,12.0
intact,origin,-2e-08,1.86749999996e-09,-60000000.0,2801249.9999633334,12.0
intact,origin,-2e-08,1.83750000002e-09,-60000000.0,2756250.00003,12.0
intact,origin,-2e-08,1.80749999997e-09,-60000000.0,2711249.9999866667,12.0
intact,origin,-2e-08,1.77750000003e-09,-60000000.0,2666250.000053333,12.0
intact,origin,-2e-08,1.74749999998e-09,-60000000.0,2621249.999956667,12.0
intact,origin,-2e-08,1.71750000004e-09,-60000000.0,2576250.0000233334,12.0
intact,origin,-2e-08,1.68749999999e-09,-60000000.0,2531249.999976666,12.0
intact,origin,-2e-08,1.65750000005e-09,-60000000.0,2486250.000043333,12.0
intact,origin,-2e-08,1.6275e-09,-60000000.0,2441250.0,12.0
intact,origin,-2e-08,1.59749999995e-09,-60000000.0,2396249.99996,12.0
intact,origin,-2e-08,1.56750000001e-09,-60000000.0,2351250.0000266666,12.0
intact,origin,-2e-08,1.53749999996e-09,-60000000.0,2306249.999983333,12.0
intact,origin,-2e-08,1.50750000002e-09,-60000000.0,2261250.0000500004,12.0
intact,origin,-2e-08,1.47749999998e-09,-60000000.0,2216249.9999499996,12.0
intact,origin,-2e-08,1.44750000004e-09,-60000000.0,2171250.0000133333,12.0
intact,origin,-2e-08,1.41749999999e-09,-60000000.0,2126249.9999733334,12.0
intact,origin,-2e-08,1.38750000005e-09,-60000000.0,2081250.00004,12.0
intact,origin,-2e-08,1.3575e-09,-60000000.0,2036250.0,12.0
intact,origin,-2e-08,1.32749999995e-09,-60000000.0,1991249.9999533333,12.0
intact,origin,-2e-08,1.29750000001e-09,-60000000.0,1946250.000016667,12.0
intact,origin,-2e-08,1.26749999996e-09,-60000000.0,1901249.9999766666,12.0
intact,origin,-2e-08,1.23750000002e-09,-60000000.0,1856250.00004,12.0
intact,origin,-2e-08,1.20749999997e-09,-60000000.0,1811250.0,12.0
intact,origin,-2e-08,1.17750000003e-09,-60000000.0,1766250.0000133335,12.0
intact,origin,-2e-08,1.14749999998e-09,-60000000.0,1721249.99997,12.0
intact,origin,-2e-08,1.11750000004e-09,-60000000.0,1676250.0000333332,12.0
intact,origin,-2e-08,1.0875e-09,-60000000.0,1631249.9999900002,12.0
intact,origin,-2e-08,1.05749999995e-09,-60000000.0,1586249.9999466669,12.0
intact,origin,-2e-08,1.02750000001e-09,-60000000.0,1541250.0000133335,12.0
intact,origin,-2e-08,9.97499999959e-10,-60000000.0,1496249.9999733334,12.0
intact,origin,-2e-08,9.67500000019e-10,-60000000.0,1451250.00004,12.0
intact,origin,-2e-08,9.3749999997e-10,-60000000.0,1406249.9999966668,12.0
intact,origin,-2e-08,9.0750000003e-10,-60000000.0,1361250.0000066666,12.0
intact,origin,-2e-08,8.77499999982e-10,-60000000.0,1316249.99996,12.0
intact,origin,-2e-08,8.47500000042e-10,-60000000.0,1271250.0000266666,12.0
intact,origin,-2e-08,8.17499999993e-10,-60000000.0,1226249.9999866667,12.0
intact,origin,-2e-08,7.87500000053e-10,-60000000.0,1181250.0000533334,12.0
intact,origin,-2e-08,7.57500000004e-10,-60000000.0,1136250.00001,12.0
intact,origin,-2e-08,7.27499999956e-10,-60000000.0,1091249.9999666668,12.0
intact,origin,-2e-08,6.97500000016e-10,-60000000.0,1046250.0000300001,12.0
intact,origin,-2e-08,6.67499999967e-10,-60000000.0,1001249.9999866666,12.0
intact,origin,-2e-08,6.37500000027e-10,-60000000.0,956250.0000006667,12.0
intact,origin,-2e-08,6.07499999979e-10,-60000000.0,911249.9999576667,12.0
intact,origin,-2e-08,5.77500000039e-10,-60000000.0,866250.0000233334,12.0
intact,origin,-2e-08,5.4749999999e-10,-60000000.0,821249.999981,12.0
intact,origin,-2e-08,5.1750000005e-10,-60000000.0,776250.0000463333,12.0
intact,origin,-2e-08,4.87500000002e-10,-60000000.0,731250.0000036666,12.0
intact,origin,-2e-08,4.57499999953e-10,-60000000.0,686249.9999606666,12.0
intact,origin,-2e-08,4.27500000013e-10,-60000000.0,641250.0000266667,12.0
intact,origin,-2e-08,3.97499999965e-10,-60000000.0,596249.9999836667,12.0
intact,origin,-2e-08,3.67500000025e-10,-60000000.0,551250.0000493334,12.0
intact,origin,-2e-08,3.37499999976e-10,-60000000.0,506249.99995233334,12.0
intact,origin,-2e-08,3.07500000036e-10,-60000000.0,461250.00001799996,12.0
intact,origin,-2e-08,2.77499999988e-10,-60000000.0,416249.9999756667,12.0
intact,origin,-2e-08,2.47500000048e-10,-60000000.0,371250.000041,12.0
intact,origin,-2e-08,2.17499999999e-10,-60000000.0,326249.99999833334,12.0
intact,origin,-2e-08,1.87499999951e-10,-60000000.0,281249.99995533336,12.0
intact,origin,-2e-08,1.57500000011e-10,-60000000.0,236250.00002133334,12.0
intact,origin,-2e-08,1.27499999962e-10,-60000000.0,191249.99997833333,12.0
intact,origin,-2e-08,9.7500000022e-11,-60000000.0,146250.000044,12.0
intact,origin,-2e-08,6.74999999736e-11,-60000000.0,101249.999947,12.0
intact,origin,-2e-08,3.75000000335e-11,-60000000.0,56250.000012766664,12.0
intact,origin,-2e-08,7.49999998502e-12,-60000000.0,11249.999969999999,12.0
intact,origin,-1.99775e-08,0.0,-59932499.999900006,0.0,13.0
intact,origin,-1.99475e-08,0.0,-59842499.999900006,0.0,13.0
intact,origin,-1.99175e-08,0.0,-59752500.0,0.0,13.0
intact,origin,-1.98875e-08,0.0,-59662500.0,0.0,13.0
intact,origin,-1.98575e-08,0.0,-59572500.000099994,0.0,13.0
intact,origin,-1.98275e-08,0.0,-59482500.000099994,0.0,13.0
intact,origin,-1.97975e-08,0.0,-59392500.000099994,0.0,13.0
intact,origin,-1.97675000001e-08,0.0,-59302500.0002,0.0,13.0
intact,origin,-1.97375e-08,0.0,-59212499.999900006,0.0,13.0
intact,origin,-1.97075e-08,0.0,-59122499.999900006,0.0,13.0
intact,origin,-1.96775e-08,0.0,-59032499.999900006,0.0,13.0
intact,origin,-1.96475e-08,0.0,-58942500.0,0.0,13.0
intact,origin,-1.96175e-08,0.0,-58852500.0,0.0,13.0
intact,origin,-1.95875e-08,0.0,-58762500.0,0.0,13.0
intact,origin,-1.95575e-08,0.0,-58672500.000099994,0.0,13.0
intact,origin,-1.95275e-08,0.0,-58582500.000099994,0.0,13.0
intact,origin,-1.94975e-08,0.0,-58492500.000099994,0.0,13.0
intact,origin,-1.94674999999e-08,0.0,-58402499.9998,0.0,13.0
intact,origin,-1.94375e-08,0.0,-58312499.999900006,0.0,13.0
intact,origin,-1.94075e-08,0.0,-58222499.999900006,0.0,13.0
intact,origin,-1.93775e-08,0.0,-58132500.0,0.0,13.0
intact,origin,-1.93475e-08,0.0,-58042500.0,0.0,13.0
intact,origin,-1.93175e-08,0.0,-57952500.0,0.0,13.0
intact,origin,-1.92875e-08,0.0,-57862500.000099994,0.0,13.0
intact,origin,-1.92575e-08,0.0,-57772500.000099994,0.0,13.0
intact,origin,-1.92275e-08,0.0,-57682500.000099994,0.0,13.0
intact,origin,-1.91975000001e-08,0.0,-57592500.0002,0.0,13.0
intact,origin,-1.91675e-08,0.0,-57502499.999900006,0.0,13.0
intact,origin,-1.91375e-08,0.0,-57412499.999900006,0.0,13.0
intact,origin,-1.91075e-08,0.0,-57322499.999900006,0.0,13.0
intact,origin,-1.90775e-08,0.0,-57232500.0,0.0,13.0
intact,origin,-1.90475e-08,0.0,-57142500.0,0.0,13.0
intact,origin,-1.90175e-08,0.0,-57052500.0,0.0,13.0
intact,origin,-1.89875e-08,0.0,-56962500.000099994,0.0,13.0
intact,origin,-1.89575e-08,0.0,-56872500.000099994,0.0,13.0
intact,origin,-1.89275e-08,0.0,-56782500.000099994,0.0,13.0
intact,origin,-1.88974999999e-08,0.0,-56692499.9998,0.0,13.0
intact,origin,-1.88675e-08,0.0,-56602499.999900006,0.0,13.0
intact,origin,-1.88375e-08,0.0,-56512499.999900006,0.0,13.0
intact,origin,-1.88075e-08,0.0,-56422500.0,0.0,13.0
intact,origin,-1.87775e-08,0.0,-56332500.0,0.0,13.0
intact,origin,-1.87475e-08,0.0,-56242500.0,0.0,13.0
intact,origin,-1.87175e-08,0.0,-56152500.000099994,0.0,13.0
intact,origin,-1.86875e-08,0.0,-56062500.000099994,0.0,13.0
intact,origin,-1.86575e-08,0.0,-55972500.000099994,0.0,13.0
intact,origin,-1.86275000001e-08,0.0,-55882500.0002,0.0,13.0
intact,origin,-1.85975e-08,0.0,-55792499.999900006,0.0,13.0
intact,origin,-1.85675e-08,0.0,-55702499.999900006,0.0,13.0
intact,origin,-1.85375e-08,0.0,-55612499.999900006,0.0,13.0
intact,origin,-1.85075e-08,0.0,-55522500.0,0.0,13.0
intact,origin,-1.84775e-08,0.0,-55432500.0,0.0,13.0
intact,origin,-1.84475e-08,0.0,-55342500.0,0.0,13.0
intact,origin,-1.84175e-08,0.0,-55252500.000099994,0.0,13.0
intact,origin,-1.83875e-08,0.0,-55162500.000099994,0.0,13.0
intact,origin,-1.83575e-08,0.0,-55072500.000099994,0.0,13.0
intact,origin,-1.83275e-08,0.0,-54982499.999900006,0.0,13.0
intact,origin,-1.82975e-08,0.0,-54892499.999900006,0.0,13.0
intact,origin,-1.82675e-08,0.0,-54802499.999900006,0.0,13.0
intact,origin,-1.82375e-08,0.0,-54712500.0,0.0,13.0
intact,origin,-1.82075e-08,0.0,-54622500.0,0.0,13.0
intact,origin,-1.81775e-08,0.0,-54532500.0,0.0,13.0
intact,origin,-1.81475e-08,0.0,-54442500.000099994,0.0,13.0
intact,origin,-1.81175e-08,0.0,-54352500.000099994,0.0,13.0
intact,origin,-1.80875e-08,0.0,-54262500.000099994,0.0,13.0
intact,origin,-1.80575000001e-08,0.0,-54172500.0002,0.0,13.0
intact,origin,-1.80275e-08,0.0,-54082499.999900006,0.0,13.0
intact,origin,-1.79975e-08,0.0,-53992499.999900006,0.0,13.0
intact,origin,-1.79675e-08,0.0,-53902499.999900006,0.0,13.0
intact,origin,-1.79375e-08,0.0,-53812500.0,0.0,13.0
intact,origin,-1.79075e-08,0.0,-53722500.0,0.0,13.0
intact,origin,-1.78775e-08,0.0,-53632500.0,0.0,13.0
intact,origin,-1.78475e-08,0.0,-53542500.000099994,0.0,13.0
intact,origin,-1.78175e-08,0.0,-53452500.000099994,0.0,13.0
intact,origin,-1.77875e-08,0.0,-53362500.000099994,0.0,13.0
intact,origin,-1.77575e-08,0.0,-53272499.999900006,0.0,13.0
intact,origin,-1.77275e-08,0.0,-53182499.999900006,0.0,13.0
intact,origin,-1.76975e-08,0.0,-53092499.999900006,0.0,13.0
intact,origin,-1.76675e-08,0.0,-53002500.0,0.0,13.0
intact,origin,-1.76375e-08,0.0,-52912500.0,0.0,13.0
intact,origin,-1.76075e-08,0.0,-52822500.0,0.0,13.0
intact,origin,-1.75775e-08,0.0,-52732500.000099994,0.0,13.0
intact,origin,-1.75475e-08,0.0,-52642500.000099994,0.0,13.0
intact,origin,-1.75175e-08,0.0,-52552500.000099994,0.0,13.0
intact,origin,-1.74874999999e-08,0.0,-52462499.9998,0.0,13.0
intact,origin,-1.74575e-08,0.0,-52372499.999900006,0.0,13.0
intact,origin,-1.74275e-08,0.0,-52282499.999900006,0.0,13.0
intact,origin,-1.73975e-08,0.0,-52192499.999900006,0.0,13.0
intact,origin,-1.73675e-08,0.0,-52102500.0,0.0,13.0
intact,origin,-1.73375e-08,0.0,-52012500.0,0.0,13.0
intact,origin,-1.73075e-08,0.0,-51922500.0,0.0,13.0
intact,origin,-1.72775e-08,0.0,-51832500.000099994,0.0,13.0
intact,origin,-1.72475e-08,0.0,-51742500.000099994,0.0,13.0
intact,origin,-1.72175e-08,0.0,-51652500.000099994,0.0,13.0
intact,origin,-1.71875e-08,0.0,-51562499.999900006,0.0,13.0
intact,origin,-1.71575e-08,0.0,-51472499.999900006,0.0,13.0
intact,origin,-1.71275e-08,0.0,-51382499.999900006,0.0,13.0
intact,origin,-1.70975e-08,0.0,-51292500.0,0.0,13.0
intact,origin,-1.70675e-08,0.0,-51202500.0,0.0,13.0
intact,origin,-1.70375e-08,0.0,-51112500.0,0.0,13.0
intact,origin,-1.70075e-08,0.0,-51022500.000099994,0.0,13.0
intact,origin,-1.69775e-08,0.0,-50932500.000099994,0.0,13.0
intact,origin,-1.69475e-08,0.0,-50842500.000099994,0.0,13.0
intact,origin,-1.69174999999e-08,0.0,-50752499.9998,0.0,13.0
intact,origin,-1.68875e-08,0.0,-50662499.999900006,0.0,13.0
intact,origin,-1.68575e-08,0.0,-50572499.999900006,0.0,13.0
intact,origin,-1.68275e-08,0.0,-50482499.999900006,0.0,13.0
intact,origin,-1.67975e-08,0.0,-50392500.0,0.0,13.0
intact,origin,-1.67675e-08,0.0,-50302500.0,0.0,13.0
intact,origin,-1.67375e-08,0.0,-50212500.0,0.0,13.0
intact,origin,-1.67075e-08,0.0,-50122500.000099994,0.0,13.0
intact,origin,-1.66775e-08,0.0,-50032500.000099994,0.0,13.0
intact,origin,-1.66475e-08,0.0,-49942500.000099994,0.0,13.0
intact,origin,-1.66175e-08,0.0,-49852499.999900006,0.0,13.0
intact,origin,-1.65875e-08,0.0,-49762499.999900006,0.0,13.0
intact,origin,-1.65575e-08,0.0,-49672499.999900006,0.0,13.0
intact,origin,-1.65275e-08,0.0,-49582500.0,0.0,13.0
intact,origin,-1.64975e-08,0.0,-49492500.0,0.0,13.0
intact,origin,-1.64675e-08,0.0,-49402500.0,0.0,13.0
intact,origin,-1.64375e-08,0.0,-49312500.000099994,0.0,13.0
intact,origin,-1.64075e-08,0.0,-49222500.000099994,0.0,13.0
intact,origin,-1.63775e-08,0.0,-49132500.000099994,0.0,13.0
intact,origin,-1.63474999999e-08,0.0,-49042499.9998,0.0,13.0
intact,origin,-1.63175e-08,0.0,-48952499.999900006,0.0,13.0
intact,origin,-1.62875e-08,0.0,-48862499.999900006,0.0,13.0
intact,origin,-1.62575e-08,0.0,-48772499.999900006,0.0,13.0
intact,origin,-1.62275e-08,0.0,-48682500.0,0.0,13.0
intact,origin,-1.61975e-08,0.0,-48592500.0,0.0,13.0
intact,origin,-1.61675e-08,0.0,-48502500.0,0.0,13.0
intact,origin,-1.61375e-08,0.0,-48412500.000099994,0.0,13.0
intact,origin,-1.61075e-08,0.0,-48322500.000099994,0.0,13.0
intact,origin,-1.60775000001e-08,0.0,-48232500.0002,0.0,13.0
intact,origin,-1.60475e-08,0.0,-48142499.999900006,0.0,13.0
intact,origin,-1.60175e-08,0.0,-48052499.999900006,0.0,13.0
intact,origin,-1.59875e-08,0.0,-47962499.999900006,0.0,13.0
intact,origin,-1.59575e-08,0.0,-47872500.0,0.0,13.0
intact,origin,-1.59275e-08,0.0,-47782500.0,0.0,13.0
intact,origin,-1.58975e-08,0.0,-47692500.0,0.0,13.0
intact,origin,-1.58675e-08,0.0,-47602500.000099994,0.0,13.0
intact,origin,-1.58375e-08,0.0,-47512500.000099994,0.0,13.0
intact,origin,-1.58075e-08,0.0,-47422500.000099994,0.0,13.0
intact,origin,-1.57774999999e-08,0.0,-47332499.9998,0.0,13.0
intact,origin,-1.57475e-08,0.0,-47242499.999900006,0.0,13.0
intact,origin,-1.57175e-08,0.0,-47152499.999900006,0.0,13.0
intact,origin,-1.56875e-08,0.0,-47062499.999900006,0.0,13.0
intact,origin,-1.56575e-08,0.0,-46972500.0,0.0,13.0
intact,origin,-1.56275e-08,0.0,-46882500.0,0.0,13.0
intact,origin,-1.55975e-08,0.0,-46792500.000099994,0.0,13.0
intact,origin,-1.55675e-08,0.0,-46702500.000099994,0.0,13.0
intact,origin,-1.55375e-08,0.0,-46612500.000099994,0.0,13.0
intact,origin,-1.55075000001e-08,0.0,-46522500.0002,0.0,13.0
intact,origin,-1.54775e-08,0.0,-46432499.999900006,0.0,13.0
intact,origin,-1.54475e-08,0.0,-46342499.999900006,0.0,13.0
intact,origin,-1.54175e-08,0.0,-46252499.999900006,0.0,13.0
intact,origin,-1.53875e-08,0.0,-46162500.0,0.0,13.0
intact,origin,-1.53575e-08,0.0,-46072500.0,0.0,13.0
intact,origin,-1.53275e-08,0.0,-45982500.0,0.0,13.0
intact,origin,-1.52975e-08,0.0,-45892500.000099994,0.0,13.0
intact,origin,-1.52675e-08,0.0,-45802500.000099994,0.0,13.0
intact,origin,-1.52375e-08,0.0,-45712500.000099994,0.0,13.0
intact,origin,-1.52074999999e-08,0.0,-45622499.9998,0.0,13.0
intact,origin,-1.51775e-08,0.0,-45532499.999900006,0.0,13.0
intact,origin,-1.51475e-08,0.0,-45442499.999900006,0.0,13.0
intact,origin,-1.51175e-08,0.0,-45352500.0,0.0,13.0
intact,origin,-1.50875e-08,0.0,-45262500.0,0.0,13.0
intact,origin,-1.50575e-08,0.0,-45172500.0,0.0,13.0
intact,origin,-1.50275e-08,0.0,-45082500.000099994,0.0,13.0
intact,origin,-1.49975e-08,0.0,-44992500.000099994,0.0,13.0
intact,origin,-1.49675e-08,0.0,-44902500.000099994,0.0,13.0
intact,origin,-1.49375000001e-08,0.0,-44812500.0002,0.0,13.0
intact,origin,-1.49075e-08,0.0,-44722499.9999,0.0,13.0
intact,origin,-1.48775e-08,0.0,-44632499.9999,0.0,13.0
intact,origin,-1.48475e-08,0.0,-44542499.9999,0.0,13.0
intact,origin,-1.48175e-08,0.0,-44452500.0,0.0,13.0
intact,origin,-1.47875e-08,0.0,-44362500.0,0.0,13.0
intact,origin,-1.47575e-08,0.0,-44272500.0,0.0,13.0
intact,origin,-1.47275e-08,0.0,-44182500.0001,0.0,13.0
intact,origin,-1.46975e-08,0.0,-44092500.0001,0.0,13.0
intact,origin,-1.46675e-08,0.0,-44002500.0001,0.0,13.0
intact,origin,-1.46374999999e-08,0.0,-43912499.9998,0.0,13.0
intact,origin,-1.46075e-08,0.0,-43822499.9999,0.0,13.0
intact,origin,-1.45775e-08,0.0,-43732499.9999,0.0,13.0
intact,origin,-1.45475e-08,0.0,-43642500.0,0.0,13.0
intact,origin,-1.45175e-08,0.0,-43552500.0,0.0,13.0
intact,origin,-1.44875e-08,0.0,-43462500.0,0.0,13.0
intact,origin,-1.44575e-08,0.0,-43372500.0001,0.0,13.0
intact,origin,-1.44275e-08,0.0,-43282500.0001,0.0,13.0
intact,origin,-1.43975e-08,0.0,-43192500.0001,0.0,13.0
intact,origin,-1.43675000001e-08,0.0,-43102500.0002,0.0,13.0
intact,origin,-1.43375e-08,0.0,-43012499.9999,0.0,13.0
intact,origin,-1.43075e-08,0.0,-42922499.9999,0.0,13.0
intact,origin,-1.42775e-08,0.0,-42832499.9999,0.0,13.0
intact,origin,-1.42475e-08,0.0,-42742500.0,0.0,13.0
intact,origin,-1.42175e-08,0.0,-42652500.0,0.0,13.0
intact,origin,-1.41875e-08,0.0,-42562500.0,0.0,13.0
intact,origin,-1.41575e-08,0.0,-42472500.0001,0.0,13.0
intact,origin,-1.41275e-08,0.0,-42382500.0001,0.0,13.0
intact,origin,-1.40975e-08,0.0,-42292500.0001,0.0,13.0
intact,origin,-1.40675e-08,0.0,-42202499.9999,0.0,13.0
intact,origin,-1.40375e-08,0.0,-42112499.9999,0.0,13.0
intact,origin,-1.40075e-08,0.0,-42022499.9999,0.0,13.0
intact,origin,-1.39775e-08,0.0,-41932500.0,0.0,13.0
intact,origin,-1.39475e-08,0.0,-41842500.0,0.0,13.0
intact,origin,-1.39175e-08,0.0,-41752500.0,0.0,13.0
intact,origin,-1.38875e-08,0.0,-41662500.0001,0.0,13.0
intact,origin,-1.38575e-08,0.0,-41572500.0001,0.0,13.0
intact,origin,-1.38275e-08,0.0,-41482500.0001,0.0,13.0
intact,origin,-1.37975000001e-08,0.0,-41392500.0002,0.0,13.0
intact,origin,-1.37675e-08,0.0,-41302499.9999,0.0,13.0
intact,origin,-1.37375e-08,0.0,-41212499.9999,0.0,13.0
intact,origin,-1.37075e-08,0.0,-41122499.9999,0.0,13.0
intact,origin,-1.36775e-08,0.0,-41032500.0,0.0,13.0
intact,origin,-1.36475e-08,0.0,-40942500.0,0.0,13.0
intact,origin,-1.36175e-08,0.0,-40852500.0,0.0,13.0
intact,origin,-1.35875e-08,0.0,-40762500.0001,0.0,13.0
intact,origin,-1.35575e-08,0.0,-40672500.0001,0.0,13.0
intact,origin,-1.35275e-08,0.0,-40582500.0001,0.0,13.0
intact,origin,-1.34975e-08,0.0,-40492499.9999,0.0,13.0
intact,origin,-1.34675e-08,0.0,-40402499.9999,0.0,13.0
intact,origin,-1.34375e-08,0.0,-40312499.9999,0.0,13.0
intact,origin,-1.34075e-08,0.0,-40222500.0,0.0,13.0
intact,origin,-1.33775e-08,0.0,-40132500.0,0.0,13.0
intact,origin,-1.33475e-08,0.0,-40042500.0,0.0,13.0
intact,origin,-1.33175e-08,0.0,-39952500.0001,0.0,13.0
intact,origin,-1.32875e-08,0.0,-39862500.0001,0.0,13.0
intact,origin,-1.32575e-08,0.0,-39772500.0001,0.0,13.0
intact,origin,-1.32274999999e-08,0.0,-39682499.9998,0.0,13.0
intact,origin,-1.31975e-08,0.0,-39592499.9999,0.0,13.0
intact,origin,-1.31675e-08,0.0,-39502499.9999,0.0,13.0
intact,origin,-1.31375e-08,0.0,-39412499.9999,0.0,13.0
intact,origin,-1.31075e-08,0.0,-39322500.0,0.0,13.0
intact,origin,-1.30775e-08,0.0,-39232500.0,0.0,13.0
intact,origin,-1.30475e-08,0.0,-39142500.0,0.0,13.0
intact,origin,-1.30175e-08,0.0,-39052500.0001,0.0,13.0
intact,origin,-1.29875e-08,0.0,-38962500.0001,0.0,13.0
intact,origin,-1.29575e-08,0.0,-38872500.0001,0.0,13.0
intact,origin,-1.29275e-08,0.0,-38782499.9999,0.0,13.0
intact,origin,-1.28975e-08,0.0,-38692499.9999,0.0,13.0
intact,origin,-1.28675e-08,0.0,-38602499.9999,0.0,13.0
intact,origin,-1.28375e-08,0.0,-38512500.0,0.0,13.0
intact,origin,-1.28075e-08,0.0,-38422500.0,0.0,13.0
intact,origin,-1.27775e-08,0.0,-38332500.0,0.0,13.0
intact,origin,-1.27475e-08,0.0,-38242500.0001,0.0,13.0
intact,origin,-1.27175e-08,0.0,-38152500.0001,0.0,13.0
intact,origin,-1.26875e-08,0.0,-38062500.0001,0.0,13.0
intact,origin,-1.26574999999e-08,0.0,-37972499.9998,0.0,13.0
intact,origin,-1.26275e-08,0.0,-37882499.9999,0.0,13.0
intact,origin,-1.25975e-08,0.0,-37792499.9999,0.0,13.0
intact,origin,-1.25675e-08,0.0,-37702499.9999,0.0,13.0
intact,origin,-1.25375e-08,0.0,-37612500.0,0.0,13.0
intact,origin,-1.25075e-08,0.0,-37522500.0,0.0,13.0
intact,origin,-1.24775e-08,0.0,-37432500.0,0.0,13.0
intact,origin,-1.24475e-08,0.0,-37342500.0001,0.0,13.0
intact,origin,-1.24175e-08,0.0,-37252500.0001,0.0,13.0
intact,origin,-1.23875000001e-08,0.0,-37162500.0002,0.0,13.0
intact,origin,-1.23575e-08,0.0,-37072499.9999,0.0,13.0
intact,origin,-1.23275e-08,0.0,-36982499.9999,0.0,13.0
intact,origin,-1.22975e-08,0.0,-36892499.9999,0.0,13.0
intact,origin,-1.22675e-08,0.0,-36802500.0,0.0,13.0
intact,origin,-1.22375e-08,0.0,-36712500.0,0.0,13.0
intact,origin,-1.22075e-08,0.0,-36622500.0,0.0,13.0
intact,origin,-1.21775e-08,0.0,-36532500.0001,0.0,13.0
intact,origin,-1.21475e-08,0.0,-36442500.0001,0.0,13.0
intact,origin,-1.21175e-08,0.0,-36352500.0001,0.0,13.0
intact,origin,-1.20874999999e-08,0.0,-36262499.9998,0.0,13.0
intact,origin,-1.20575e-08,0.0,-36172499.9999,0.0,13.0
intact,origin,-1.20275e-08,0.0,-36082499.9999,0.0,13.0
intact,origin,-1.19975e-08,0.0,-35992499.9999,0.0,13.0
intact,origin,-1.19675e-08,0.0,-35902500.0,0.0,13.0
intact,origin,-1.19375e-08,0.0,-35812500.0,0.0,13.0
intact,origin,-1.19075e-08,0.0,-35722500.0,0.0,13.0
intact,origin,-1.18775e-08,0.0,-35632500.0001,0.0,13.0
intact,origin,-1.18475e-08,0.0,-35542500.0001,0.0,13.0
intact,origin,-1.18175000001e-08,0.0,-35452500.0002,0.0,13.0
intact,origin,-1.17875e-08,0.0,-35362499.9999,0.0,13.0
intact,origin,-1.17575e-08,0.0,-35272499.9999,0.0,13.0
intact,origin,-1.17275e-08,0.0,-35182499.9999,0.0,13.0
intact,origin,-1.16975e-08,0.0,-35092500.0,0.0,13.0
intact,origin,-1.16675e-08,0.0,-35002500.0,0.0,13.0
intact,origin,-1.16375e-08,0.0,-34912500.0,0.0,13.0
intact,origin,-1.16075e-08,0.0,-34822500.0001,0.0,13.0
intact,origin,-1.15775e-08,0.0,-34732500.0001,0.0,13.0
intact,origin,-1.15475e-08,0.0,-34642500.0001,0.0,13.0
intact,origin,-1.15174999999e-08,0.0,-34552499.9998,0.0,13.0
intact,origin,-1.14875e-08,0.0,-34462499.9999,0.0,13.0
intact,origin,-1.14575e-08,0.0,-34372499.9999,0.0,13.0
intact,origin,-1.14275e-08,0.0,-34282499.9999,0.0,13.0
intact,origin,-1.13975e-08,0.0,-34192500.0,0.0,13.0
intact,origin,-1.13675e-08,0.0,-34102500.0,0.0,13.0
intact,origin,-1.13375e-08,0.0,-34012500.0001,0.0,13.0
intact,origin,-1.13075e-08,0.0,-33922500.0001,0.0,13.0
intact,origin,-1.12775e-08,0.0,-33832500.0001,0.0,13.0
intact,origin,-1.12475000001e-08,0.0,-33742500.0002,0.0,13.0
intact,origin,-1.12175e-08,0.0,-33652499.9999,0.0,13.0
intact,origin,-1.11875e-08,0.0,-33562499.9999,0.0,13.0
intact,origin,-1.11575e-08,0.0,-33472499.9999,0.0,13.0
intact,origin,-1.11275e-08,0.0,-33382500.0,0.0,13.0
intact,origin,-1.10975e-08,0.0,-33292500.0,0.0,13.0
intact,origin,-1.10675e-08,0.0,-33202500.0,0.0,13.0
intact,origin,-1.10375e-08,0.0,-33112500.0001,0.0,13.0
intact,origin,-1.10075e-08,0.0,-33022500.0001,0.0,13.0
intact,origin,-1.09775e-08,0.0,-32932500.0001,0.0,13.0
intact,origin,-1.09474999999e-08,0.0,-32842499.9998,0.0,13.0
intact,origin,-1.09175e-08,0.0,-32752499.9999,0.0,13.0
intact,origin,-1.08875e-08,0.0,-32662499.9999,0.0,13.0
intact,origin,-1.08575e-08,0.0,-32572500.0,0.0,13.0
intact,origin,-1.08275e-08,0.0,-32482500.0,0.0,13.0
intact,origin,-1.07975e-08,0.0,-32392500.0,0.0,13.0
intact,origin,-1.07675e-08,0.0,-32302500.0001,0.0,13.0
intact,origin,-1.07375e-08,0.0,-32212500.0001,0.0,13.0
intact,origin,-1.07075e-08,0.0,-32122500.0001,0.0,13.0
intact,origin,-1.06775000001e-08,0.0,-32032500.0002,0.0,13.0
intact,origin,-1.06475e-08,0.0,-31942499.9999,0.0,13.0
intact,origin,-1.06175e-08,0.0,-31852499.9999,0.0,13.0
intact,origin,-1.05875e-08,0.0,-31762499.9999,0.0,13.0
intact,origin,-1.05575e-08,0.0,-31672500.0,0.0,13.0
intact,origin,-1.05275e-08,0.0,-31582500.0,0.0,13.0
intact,origin,-1.04975e-08,0.0,-31492500.0,0.0,13.0
intact,origin,-1.04675e-08,0.0,-31402500.0001,0.0,13.0
intact,origin,-1.04375e-08,0.0,-31312500.0001,0.0,13.0
intact,origin,-1.04075e-08,0.0,-31222500.0001,0.0,13.0
intact,origin,-1.03775e-08,0.0,-31132499.9999,0.0,13.0
intact,origin,-1.03475e-08,0.0,-31042499.9999,0.0,13.0
intact,origin,-1.03175e-08,0.0,-30952499.9999,0.0,13.0
intact,origin,-1.02875e-08,0.0,-30862500.0,0.0,13.0
intact,origin,-1.02575e-08,0.0,-30772500.0,0.0,13.0
intact,origin,-1.02275e-08,0.0,-30682500.0,0.0,13.0
intact,origin,-1.01975e-08,0.0,-30592500.0001,0.0,13.0
intact,origin,-1.01675e-08,0.0,-30502500.0001,0.0,13.0
intact,origin,-1.01375e-08,0.0,-30412500.0001,0.0,13.0
intact,origin,-1.01075000001e-08,0.0,-30322500.0002,0.0,13.0
intact,origin,-1.00775e-08,0.0,-30232499.9999,0.0,13.0
intact,origin,-1.00475e-08,0.0,-30142499.9999,0.0,13.0
intact,origin,-1.00175e-08,0.0,-30052499.9999,0.0,13.0
intact,origin,-9.98749999999e-09,0.0,-29962500.0,0.0,13.0
intact,origin,-9.9575e-09,0.0,-29872500.0,0.0,13.0
intact,origin,-9.92750000001e-09,0.0,-29782500.0,0.0,13.0
intact,origin,-9.89750000002e-09,0.0,-29692500.0001,0.0,13.0
intact,origin,-9.86750000004e-09,0.0,-29602500.0001,0.0,13.0
intact,origin,-9.83750000005e-09,0.0,-29512500.0001,0.0,13.0
intact,origin,-9.80749999995e-09,0.0,-29422499.9999,0.0,13.0
intact,origin,-9.77749999996e-09,0.0,-29332499.9999,0.0,13.0
intact,origin,-9.74749999997e-09,0.0,-29242499.9999,0.0,13.0
intact,origin,-9.71749999999e-09,0.0,-29152500.0,0.0,13.0
intact,origin,-9.6875e-09,0.0,-29062500.0,0.0,13.0
intact,origin,-9.65750000001e-09,0.0,-28972500.0,0.0,13.0
intact,origin,-9.62750000002e-09,0.0,-28882500.0001,0.0,13.0
intact,origin,-9.59750000003e-09,0.0,-28792500.0001,0.0,13.0
intact,origin,-9.56750000004e-09,0.0,-28702500.0001,0.0,13.0
intact,origin,-9.53750000005e-09,0.0,-28612500.0002,0.0,13.0
intact,origin,-9.50749999996e-09,0.0,-28522499.9999,0.0,13.0
intact,origin,-9.47749999997e-09,0.0,-28432499.9999,0.0,13.0
intact,origin,-9.44749999998e-09,0.0,-28342499.9999,0.0,13.0
intact,origin,-9.41749999999e-09,0.0,-28252500.0,0.0,13.0
intact,origin,-9.3875e-09,0.0,-28162500.0,0.0,13.0
intact,origin,-9.35750000001e-09,0.0,-28072500.0,0.0,13.0
intact,origin,-9.32750000003e-09,0.0,-27982500.0001,0.0,13.0
intact,origin,-9.29750000004e-09,0.0,-27892500.0001,0.0,13.0
intact,origin,-9.26750000005e-09,0.0,-27802500.0001,0.0,13.0
intact,origin,-9.23749999995e-09,0.0,-27712499.9999,0.0,13.0
intact,origin,-9.20749999996e-09,0.0,-27622499.9999,0.0,13.0
intact,origin,-9.17749999997e-09,0.0,-27532499.9999,0.0,13.0
intact,origin,-9.14749999999e-09,0.0,-27442500.0,0.0,13.0
intact,origin,-9.1175e-09,0.0,-27352500.0,0.0,13.0
intact,origin,-9.08750000001e-09,0.0,-27262500.0,0.0,13.0
intact,origin,-9.05750000002e-09,0.0,-27172500.0001,0.0,13.0
intact,origin,-9.02750000003e-09,0.0,-27082500.0001,0.0,13.0
intact,origin,-8.99750000004e-09,0.0,-26992500.0001,0.0,13.0
intact,origin,-8.96749999995e-09,0.0,-26902499.9998,0.0,13.0
intact,origin,-8.93749999996e-09,0.0,-26812499.9999,0.0,13.0
intact,origin,-8.90749999997e-09,0.0,-26722499.9999,0.0,13.0
intact,origin,-8.87749999998e-09,0.0,-26632499.9999,0.0,13.0
intact,origin,-8.84749999999e-09,0.0,-26542500.0,0.0,13.0
intact,origin,-8.8175e-09,0.0,-26452500.0,0.0,13.0
intact,origin,-8.78750000002e-09,0.0,-26362500.0,0.0,13.0
intact,origin,-8.75750000003e-09,0.0,-26272500.0001,0.0,13.0
intact,origin,-8.72750000004e-09,0.0,-26182500.0001,0.0,13.0
intact,origin,-8.69750000005e-09,0.0,-26092500.0001,0.0,13.0
intact,origin,-8.66749999995e-09,0.0,-26002499.9999,0.0,13.0
intact,origin,-8.63749999996e-09,0.0,-25912499.9999,0.0,13.0
intact,origin,-8.60749999998e-09,0.0,-25822499.9999,0.0,13.0
intact,origin,-8.57749999999e-09,0.0,-25732500.0,0.0,13.0
intact,origin,-8.5475e-09,0.0,-25642500.0,0.0,13.0
intact,origin,-8.51750000001e-09,0.0,-25552500.0,0.0,13.0
intact,origin,-8.48750000002e-09,0.0,-25462500.0001,0.0,13.0
intact,origin,-8.45750000003e-09,0.0,-25372500.0001,0.0,13.0
intact,origin,-8.42750000004e-09,0.0,-25282500.0001,0.0,13.0
intact,origin,-8.39749999995e-09,0.0,-25192499.9998,0.0,13.0
intact,origin,-8.36749999996e-09,0.0,-25102499.9999,0.0,13.0
intact,origin,-8.33749999997e-09,0.0,-25012499.9999,0.0,13.0
intact,origin,-8.30749999998e-09,0.0,-24922499.9999,0.0,13.0
intact,origin,-8.27749999999e-09,0.0,-24832500.0,0.0,13.0
intact,origin,-8.2475e-09,0.0,-24742500.0,0.0,13.0
intact,origin,-8.21750000002e-09,0.0,-24652500.0,0.0,13.0
intact,origin,-8.18750000003e-09,0.0,-24562500.0001,0.0,13.0
intact,origin,-8.15750000004e-09,0.0,-24472500.0001,0.0,13.0
intact,origin,-8.12750000005e-09,0.0,-24382500.0002,0.0,13.0
intact,origin,-8.09749999995e-09,0.0,-24292499.9999,0.0,13.0
intact,origin,-8.06749999996e-09,0.0,-24202499.9999,0.0,13.0
intact,origin,-8.03749999998e-09,0.0,-24112499.9999,0.0,13.0
intact,origin,-8.00749999999e-09,0.0,-24022500.0,0.0,13.0
intact,origin,-7.9775e-09,0.0,-23932500.0,0.0,13.0
intact,origin,-7.94750000001e-09,0.0,-23842500.0,0.0,13.0
intact,origin,-7.91750000002e-09,0.0,-23752500.0001,0.0,13.0
intact,origin,-7.88750000003e-09,0.0,-23662500.0001,0.0,13.0
intact,origin,-7.85750000004e-09,0.0,-23572500.0001,0.0,13.0
intact,origin,-7.82749999995e-09,0.0,-23482499.9998,0.0,13.0
intact,origin,-7.79749999996e-09,0.0,-23392499.9999,0.0,13.0
intact,origin,-7.76749999997e-09,0.0,-23302499.9999,0.0,13.0
intact,origin,-7.73749999998e-09,0.0,-23212499.9999,0.0,13.0
intact,origin,-7.70749999999e-09,0.0,-23122500.0,0.0,13.0
intact,origin,-7.67750000001e-09,0.0,-23032500.0,0.0,13.0
intact,origin,-7.64750000002e-09,0.0,-22942500.0,0.0,13.0
intact,origin,-7.61750000003e-09,0.0,-22852500.0001,0.0,13.0
intact,origin,-7.58750000004e-09,0.0,-22762500.0001,0.0,13.0
intact,origin,-7.55750000005e-09,0.0,-22672500.0002,0.0,13.0
intact,origin,-7.52749999995e-09,0.0,-22582499.9999,0.0,13.0
intact,origin,-7.49749999997e-09,0.0,-22492499.9999,0.0,13.0
intact,origin,-7.46749999998e-09,0.0,-22402499.9999,0.0,13.0
intact,origin,-7.43749999999e-09,0.0,-22312500.0,0.0,13.0
intact,origin,-7.4075e-09,0.0,-22222500.0,0.0,13.0
intact,origin,-7.37750000001e-09,0.0,-22132500.0,0.0,13.0
intact,origin,-7.34750000002e-09,0.0,-22042500.0001,0.0,13.0
intact,origin,-7.31750000003e-09,0.0,-21952500.0001,0.0,13.0
intact,origin,-7.28750000005e-09,0.0,-21862500.0001,0.0,13.0
intact,origin,-7.25749999995e-09,0.0,-21772499.9998,0.0,13.0
intact,origin,-7.22749999996e-09,0.0,-21682499.9999,0.0,13.0
intact,origin,-7.19749999997e-09,0.0,-21592499.9999,0.0,13.0
intact,origin,-7.16749999998e-09,0.0,-21502499.9999,0.0,13.0
intact,origin,-7.13749999999e-09,0.0,-21412500.0,0.0,13.0
intact,origin,-7.10750000001e-09,0.0,-21322500.0,0.0,13.0
intact,origin,-7.07750000002e-09,0.0,-21232500.0001,0.0,13.0
intact,origin,-7.04750000003e-09,0.0,-21142500.0001,0.0,13.0
intact,origin,-7.01750000004e-09,0.0,-21052500.0001,0.0,13.0
intact,origin,-6.98750000005e-09,0.0,-20962500.0002,0.0,13.0
intact,origin,-6.95749999995e-09,0.0,-20872499.9999,0.0,13.0
intact,origin,-6.92749999997e-09,0.0,-20782499.9999,0.0,13.0
intact,origin,-6.89749999998e-09,0.0,-20692499.9999,0.0,13.0
intact,origin,-6.86749999999e-09,0.0,-20602500.0,0.0,13.0
intact,origin,-6.8375e-09,0.0,-20512500.0,0.0,13.0
intact,origin,-6.80750000001e-09,0.0,-20422500.0,0.0,13.0
intact,origin,-6.77750000002e-09,0.0,-20332500.0001,0.0,13.0
intact,origin,-6.74750000003e-09,0.0,-20242500.0001,0.0,13.0
intact,origin,-6.71750000005e-09,0.0,-20152500.0001,0.0,13.0
intact,origin,-6.68749999995e-09,0.0,-20062499.9998,0.0,13.0
intact,origin,-6.65749999996e-09,0.0,-19972499.9999,0.0,13.0
intact,origin,-6.62749999997e-09,0.0,-19882499.9999,0.0,13.0
intact,origin,-6.59749999998e-09,0.0,-19792500.0,0.0,13.0
intact,origin,-6.5675e-09,0.0,-19702500.0,0.0,13.0
intact,origin,-6.53750000001e-09,0.0,-19612500.0,0.0,13.0
intact,origin,-6.50750000002e-09,0.0,-19522500.0001,0.0,13.0
intact,origin,-6.47750000003e-09,0.0,-19432500.0001,0.0,13.0
intact,origin,-6.44750000004e-09,0.0,-19342500.0001,0.0,13.0
intact,origin,-6.41750000005e-09,0.0,-19252500.0002,0.0,13.0
intact,origin,-6.38749999996e-09,0.0,-19162499.9999,0.0,13.0
intact,origin,-6.35749999997e-09,0.0,-19072499.9999,0.0,13.0
intact,origin,-6.32749999998e-09,0.0,-18982499.9999,0.0,13.0
intact,origin,-6.29749999999e-09,0.0,-18892500.0,0.0,13.0
intact,origin,-6.2675e-09,0.0,-18802500.0,0.0,13.0
intact,origin,-6.23750000001e-09,0.0,-18712500.0,0.0,13.0
intact,origin,-6.20750000002e-09,0.0,-18622500.0001,0.0,13.0
intact,origin,-6.17750000004e-09,0.0,-18532500.0001,0.0,13.0
intact,origin,-6.14750000005e-09,0.0,-18442500.0001,0.0,13.0
intact,origin,-6.11749999995e-09,0.0,-18352499.9999,0.0,13.0
intact,origin,-6.08749999996e-09,0.0,-18262499.9999,0.0,13.0
intact,origin,-6.05749999997e-09,0.0,-18172499.9999,0.0,13.0
intact,origin,-6.02749999998e-09,0.0,-18082500.0,0.0,13.0
intact,origin,-5.9975e-09,0.0,-17992500.0,0.0,13.0
intact,origin,-5.96750000001e-09,0.0,-17902500.0,0.0,13.0
intact,origin,-5.93750000002e-09,0.0,-17812500.0001,0.0,13.0
intact,origin,-5.90750000003e-09,0.0,-17722500.0001,0.0,13.0
intact,origin,-5.87750000004e-09,0.0,-17632500.0001,0.0,13.0
intact,origin,-5.84750000005e-09,0.0,-17542500.0002,0.0,13.0
intact,origin,-5.81749999996e-09,0.0,-17452499.9999,0.0,13.0
intact,origin,-5.78749999997e-09,0.0,-17362499.9999,0.0,13.0
intact,origin,-5.75749999998e-09,0.0,-17272499.9999,0.0,13.0
intact,origin,-5.72749999999e-09,0.0,-17182500.0,0.0,13.0
intact,origin,-5.6975e-09,0.0,-17092500.0,0.0,13.0
intact,origin,-5.66750000001e-09,0.0,-17002500.0,0.0,13.0
intact,origin,-5.63750000003e-09,0.0,-16912500.0001,0.0,13.0
intact,origin,-5.60750000004e-09,0.0,-16822500.0001,0.0,13.0
intact,origin,-5.57750000005e-09,0.0,-16732500.0001,0.0,13.0
intact,origin,-5.54749999995e-09,0.0,-16642499.9999,0.0,13.0
intact,origin,-5.51749999996e-09,0.0,-16552499.9999,0.0,13.0
intact,origin,-5.48749999997e-09,0.0,-16462499.9999,0.0,13.0
intact,origin,-5.45749999999e-09,0.0,-16372500.0,0.0,13.0
intact,origin,-5.4275e-09,0.0,-16282500.0,0.0,13.0
intact,origin,-5.39750000001e-09,0.0,-16192500.0,0.0,13.0
intact,origin,-5.36750000002e-09,0.0,-16102500.0001,0.0,13.0
intact,origin,-5.33750000003e-09,0.0,-16012500.0001,0.0,13.0
intact,origin,-5.30750000004e-09,0.0,-15922500.0001,0.0,13.0
intact,origin,-5.27750000005e-09,0.0,-15832500.000199998,0.0,13.0
intact,origin,-5.24749999996e-09,0.0,-15742499.9999,0.0,13.0
intact,origin,-5.21749999997e-09,0.0,-15652499.9999,0.0,13.0
intact,origin,-5.18749999998e-09,0.0,-15562499.9999,0.0,13.0
intact,origin,-5.15749999999e-09,0.0,-15472500.0,0.0,13.0
intact,origin,-5.1275e-09,0.0,-15382500.0,0.0,13.0
intact,origin,-5.09750000001e-09,0.0,-15292500.0,0.0,13.0
intact,origin,-5.06750000003e-09,0.0,-15202500.0001,0.0,13.0
intact,origin,-5.03750000004e-09,0.0,-15112500.0001,0.0,13.0
intact,origin,-5.00750000005e-09,0.0,-15022500.0001,0.0,13.0
intact,origin,-4.97749999995e-09,0.0,-14932499.9999,0.0,13.0
intact,origin,-4.94749999996e-09,0.0,-14842499.9999,0.0,13.0
intact,origin,-4.91749999997e-09,0.0,-14752499.9999,0.0,13.0
intact,origin,-4.88749999999e-09,0.0,-14662500.0,0.0,13.0
intact,origin,-4.8575e-09,0.0,-14572500.0,0.0,13.0
intact,origin,-4.82750000001e-09,0.0,-14482500.0,0.0,13.0
intact,origin,-4.79750000002e-09,0.0,-14392500.0001,0.0,13.0
intact,origin,-4.76750000003e-09,0.0,-14302500.0001,0.0,13.0
intact,origin,-4.73750000004e-09,0.0,-14212500.0001,0.0,13.0
intact,origin,-4.70749999995e-09,0.0,-14122499.999800002,0.0,13.0
intact,origin,-4.67749999996e-09,0.0,-14032499.9999,0.0,13.0
intact,origin,-4.64749999997e-09,0.0,-13942499.9999,0.0,13.0
intact,origin,-4.61749999998e-09,0.0,-13852499.9999,0.0,13.0
intact,origin,-4.58749999999e-09,0.0,-13762500.0,0.0,13.0
intact,origin,-4.5575e-09,0.0,-13672500.0,0.0,13.0
intact,origin,-4.52750000002e-09,0.0,-13582500.0,0.0,13.0
intact,origin,-4.49750000003e-09,0.0,-13492500.0001,0.0,13.0
intact,origin,-4.46750000004e-09,0.0,-13402500.0001,0.0,13.0
intact,origin,-4.43750000005e-09,0.0,-13312500.0001,0.0,13.0
intact,origin,-4.40749999995e-09,0.0,-13222499.9999,0.0,13.0
intact,origin,-4.37749999996e-09,0.0,-13132499.9999,0.0,13.0
intact,origin,-4.34749999998e-09,0.0,-13042499.9999,0.0,13.0
intact,origin,-4.31749999999e-09,0.0,-12952500.0,0.0,13.0
intact,origin,-4.2875e-09,0.0,-12862500.0,0.0,13.0
intact,origin,-4.25750000001e-09,0.0,-12772500.0,0.0,13.0
intact,origin,-4.22750000002e-09,0.0,-12682500.0001,0.0,13.0
intact,origin,-4.19750000003e-09,0.0,-12592500.0001,0.0,13.0
intact,origin,-4.16750000004e-09,0.0,-12502500.0001,0.0,13.0
intact,origin,-4.13749999995e-09,0.0,-12412499.999800002,0.0,13.0
intact,origin,-4.10749999996e-09,0.0,-12322499.9999,0.0,13.0
intact,origin,-4.07749999997e-09,0.0,-12232499.9999,0.0,13.0
intact,origin,-4.04749999998e-09,0.0,-12142499.9999,0.0,13.0
intact,origin,-4.01749999999e-09,0.0,-12052500.0,0.0,13.0
intact,origin,-3.9875e-09,0.0,-11962500.0,0.0,13.0
intact,origin,-3.95750000002e-09,0.0,-11872500.0,0.0,13.0
intact,origin,-3.92750000003e-09,0.0,-11782500.0001,0.0,13.0
intact,origin,-3.89750000004e-09,0.0,-11692500.0001,0.0,13.0
intact,origin,-3.86750000005e-09,0.0,-11602500.000199998,0.0,13.0
intact,origin,-3.83749999995e-09,0.0,-11512499.9999,0.0,13.0
intact,origin,-3.80749999996e-09,0.0,-11422499.9999,0.0,13.0
intact,origin,-3.77749999998e-09,0.0,-11332499.9999,0.0,13.0
intact,origin,-3.74749999999e-09,0.0,-11242500.0,0.0,13.0
intact,origin,-3.7175e-09,0.0,-11152500.0,0.0,13.0
intact,origin,-3.68750000001e-09,0.0,-11062500.0,0.0,13.0
intact,origin,-3.65750000002e-09,0.0,-10972500.0001,0.0,13.0
intact,origin,-3.62750000003e-09,0.0,-10882500.0001,0.0,13.0
intact,origin,-3.59750000004e-09,0.0,-10792500.0001,0.0,13.0
intact,origin,-3.56749999995e-09,0.0,-10702499.9998,0.0,13.0
intact,origin,-3.53749999996e-09,0.0,-10612499.9999,0.0,13.0
intact,origin,-3.50749999997e-09,0.0,-10522499.9999,0.0,13.0
intact,origin,-3.47749999998e-09,0.0,-10432499.9999,0.0,13.0
intact,origin,-3.44749999999e-09,0.0,-10342500.0,0.0,13.0
intact,origin,-3.41750000001e-09,0.0,-10252500.0,0.0,13.0
intact,origin,-3.38750000002e-09,0.0,-10162500.0001,0.0,13.0
intact,origin,-3.35750000003e-09,0.0,-10072500.0001,0.0,13.0
intact,origin,-3.32750000004e-09,0.0,-9982500.00012,0.0,13.0
intact,origin,-3.29750000005e-09,0.0,-9892500.00015,0.0,13.0
intact,origin,-3.26749999995e-09,0.0,-9802499.99986,0.0,13.0
intact,origin,-3.23749999997e-09,0.0,-9712499.9999,0.0,13.0
intact,origin,-3.20749999998e-09,0.0,-9622499.99993,0.0,13.0
intact,origin,-3.17749999999e-09,0.0,-9532499.99997,0.0,13.0
intact,origin,-3.1475e-09,0.0,-9442500.0,0.0,13.0
intact,origin,-3.11750000001e-09,0.0,-9352500.00003,0.0,13.0
intact,origin,-3.08750000002e-09,0.0,-9262500.00007,0.0,13.0
intact,origin,-3.05750000003e-09,0.0,-9172500.0001,0.0,13.0
intact,origin,-3.02750000005e-09,0.0,-9082500.00014,0.0,13.0
intact,origin,-2.99749999995e-09,0.0,-8992499.99985,0.0,13.0
intact,origin,-2.96749999996e-09,0.0,-8902499.99988,0.0,13.0
intact,origin,-2.93749999997e-09,0.0,-8812499.99992,0.0,13.0
intact,origin,-2.90749999998e-09,0.0,-8722499.99995,0.0,13.0
intact,origin,-2.87749999999e-09,0.0,-8632499.99998,0.0,13.0
intact,origin,-2.84750000001e-09,0.0,-8542500.00002,0.0,13.0
intact,origin,-2.81750000002e-09,0.0,-8452500.00005,0.0,13.0
intact,origin,-2.78750000003e-09,0.0,-8362500.00009,0.0,13.0
intact,origin,-2.75750000004e-09,0.0,-8272500.00012,0.0,13.0
intact,origin,-2.72750000005e-09,0.0,-8182500.00016,0.0,13.0
intact,origin,-2.69749999995e-09,0.0,-8092499.99986,0.0,13.0
intact,origin,-2.66749999997e-09,0.0,-8002499.999900001,0.0,13.0
intact,origin,-2.63749999998e-09,0.0,-7912499.999929999,0.0,13.0
intact,origin,-2.60749999999e-09,0.0,-7822499.99997,0.0,13.0
intact,origin,-2.5775e-09,0.0,-7732500.0,0.0,13.0
intact,origin,-2.54750000001e-09,0.0,-7642500.000039999,0.0,13.0
intact,origin,-2.51750000002e-09,0.0,-7552500.000070001,0.0,13.0
intact,origin,-2.48750000004e-09,0.0,-7462500.00011,0.0,13.0
intact,origin,-2.45750000005e-09,0.0,-7372500.00014,0.0,13.0
intact,origin,-2.42749999995e-09,0.0,-7282499.99985,0.0,13.0
intact,origin,-2.39749999996e-09,0.0,-7192499.99988,0.0,13.0
intact,origin,-2.36749999997e-09,0.0,-7102499.99992,0.0,13.0
intact,origin,-2.33749999998e-09,0.0,-7012499.99995,0.0,13.0
intact,origin,-2.3075e-09,0.0,-6922499.99999,0.0,13.0
intact,origin,-2.27750000001e-09,0.0,-6832500.00002,0.0,13.0
intact,origin,-2.24750000002e-09,0.0,-6742500.00005,0.0,13.0
intact,origin,-2.21750000003e-09,0.0,-6652500.00009,0.0,13.0
intact,origin,-2.18750000004e-09,0.0,-6562500.00012,0.0,13.0
intact,origin,-2.15750000005e-09,0.0,-6472500.00016,0.0,13.0
intact,origin,-2.12749999996e-09,0.0,-6382499.9998699995,0.0,13.0
intact,origin,-2.09749999997e-09,0.0,-6292499.999900001,0.0,13.0
intact,origin,-2.06749999998e-09,0.0,-6202499.99994,0.0,13.0
intact,origin,-2.03749999999e-09,0.0,-6112499.99997,0.0,13.0
intact,origin,-2.0075e-09,0.0,-6022500.0,0.0,13.0
intact,solidity,-2.0075e-09,0.0,-6022500.0,0.0,13.0
intact,solidity,-2.00000000003e-09,2.2499999955e-11,-6000000.00009,67472.1781507,10.0
intact,solidity,-2.00000000003e-09,5.25000000035e-11,-6000000.00009,157348.52588933334,10.0
intact,solidity,-2.00000000003e-09,8.2500000052e-11,-6000000.00009,247125.9517506667,10.0
intact,solidity,-2.00000000003e-09,1.12499999992e-10,-6000000.00009,336804.45551833336,10.0
intact,solidity,-2.00000000003e-09,1.42500000041e-10,-6000000.00009,426384.03762500006,10.0
intact,solidity,-2.00000000003e-09,1.72499999981e-10,-6000000.00009,515864.69763866666,10.0
intact,solidity,-2.00000000003e-09,2.02500000029e-10,-6000000.00009,605246.43599,10.0
intact,solidity,-2.00000000003e-09,2.32499999969e-10,-6000000.00009,694529.2523566667,10.0
intact,solidity,-2.00000000003e-09,2.62500000018e-10,-6000000.00009,783713.1469536666,10.0
intact,solidity,-2.00000000003e-09,2.92499999958e-10,-6000000.00009,872798.1194583332,10.0
intact,solidity,-2.00000000003e-09,3.22500000006e-10,-6000000.00009,961784.1703003333,10.0
intact,solidity,-2.00000000003e-09,3.52499999946e-10,-6000000.00009,1050671.2990533335,10.0
intact,solidity,-2.00000000003e-09,3.82499999995e-10,-6000000.00009,1139459.5061366668,10.0
intact,solidity,-2.00000000003e-09,4.12500000043e-10,-6000000.00009,1228148.7913466666,10.0
intact,solidity,-2.00000000003e-09,4.42499999983e-10,-6000000.00009,1316739.1544633333,10.0
intact,solidity,-2.00000000003e-09,4.72500000032e-10,-6000000.00009,1405230.5959233332,10.0
intact,solidity,-2.00000000003e-09,5.02499999972e-10,-6000000.00009,1493623.1153900002,10.0
intact,solidity,-2.00000000003e-09,5.3250000002e-10,-6000000.00009,1581916.71309,10.0
intact,solidity,-2.00000000003e-09,5.6249999996e-10,-6000000.00009,1670111.3887,10.0
intact,solidity,-2.00000000003e-09,5.92500000009e-10,-6000000.00009,1758207.1426466666,10.0
intact,solidity,-2.00000000003e-09,6.22499999949e-10,-6000000.00009,1846203.9745066667,10.0
intact,solidity,-2.00000000003e-09,6.52499999997e-10,-6000000.00009,1934101.8846966668,10.0
intact,solidity,-2.00000000003e-09,6.82500000046e-10,-6000000.00009,2021900.8730066668,10.0
intact,solidity,-2.00000000003e-09,7.12499999986e-10,-6000000.00009,2109600.939226667,10.0
intact,solidity,-2.00000000003e-09,7.42500000034e-10,-6000000.00009,2197202.0837866664,10.0
intact,solidity,-2.00000000003e-09,7.72499999975e-10,-6000000.00009,2284704.306256667,10.0
intact,solidity,-2.00000000003e-09,8.02500000023e-10,-6000000.00009,2372107.6071633333,10.0
intact,solidity,-2.00000000003e-09,8.32499999963e-10,-6000000.00009,2459411.98588,10.0
intact,solidity,-2.00000000003e-09,8.62500000012e-10,-6000000.00009,2546617.44293,10.0
intact,solidity,-2.00000000003e-09,8.92499999952e-10,-6000000.00009,2633723.9778899997,10.0
intact,solidity,-2.00000000003e-09,9.225e-10,-6000000.00009,2720731.59119,10.0
intact,solidity,-2.00000000003e-09,9.52500000049e-10,-6000000.00009,2807640.2826,10.0
intact,solidity,-2.00000000003e-09,9.82499999989e-10,-6000000.00009,2894450.0519299996,10.0
intact,solidity,-2.00000000003e-09,1.01250000004e-09,-6000000.00009,2981160.89959,10.0
intact,solidity,-2.00000000003e-09,1.04249999998e-09,-6000000.00009,3067772.825166667,10.0
intact,solidity,-2.00000000003e-09,1.07250000003e-09,-6000000.00009,3154285.8291766667,10.0
intact,solidity,-2.00000000003e-09,1.10249999997e-09,-6000000.00009,3240699.911,10.0
intact,solidity,-2.00000000003e-09,1.13250000001e-09,-6000000.00009,3327015.0711533334,10.0
intact,solidity,-2.00000000003e-09,1.16249999995e-09,-6000000.00009,3413231.309216667,10.0
intact,solidity,-2.00000000003e-09,1.1925e-09,-6000000.00009,3499348.625613333,10.0
intact,solidity,-2.00000000003e-09,1.22250000005e-09,-6000000.00009,3585367.0201333333,10.0
intact,solidity,-2.00000000003e-09,1.25249999999e-09,-6000000.00009,3671286.49257,10.0
intact,solidity,-2.00000000003e-09,1.28250000004e-09,-6000000.00009,3757107.043333333,10.0
intact,solidity,-2.00000000003e-09,1.31249999998e-09,-6000000.00009,3842828.6720133335,10.0
intact,solidity,-2.00000000003e-09,1.34250000003e-09,-6000000.00009,3928451.3790266663,10.0
intact,solidity,-2.00000000003e-09,1.37249999997e-09,-6000000.00009,4013975.1640500003,10.0
intact,solidity,-2.00000000003e-09,1.40250000002e-09,-6000000.00009,4099400.0273066666,10.0
intact,solidity,-2.00000000003e-09,1.43249999996e-09,-6000000.00009,4184725.96848,10.0
intact,solidity,-2.00000000003e-09,1.46250000001e-09,-6000000.00009,4269952.9879766675,10.0
intact,solidity,-2.00000000003e-09,1.49250000005e-09,-6000000.00009,4355081.0856,10.0
intact,solidity,-2.00000000003e-09,1.52249999999e-09,-6000000.00009,4440110.261143333,10.0
intact,solidity,-2.00000000003e-09,1.55250000004e-09,-6000000.00009,4525040.51501,10.0
intact,solidity,-2.00000000003e-09,1.58249999998e-09,-6000000.00009,4609871.846793333,10.0
intact,solidity,-2.00000000003e-09,1.61250000003e-09,-6000000.00009,4694604.25691,10.0
intact,solidity,-2.00000000003e-09,1.64249999997e-09,-6000000.00009,4779237.745043334,10.0
intact,solidity,-2.00000000003e-09,1.67250000002e-09,-6000000.00009,4863772.3114,10.0
intact,solidity,-2.00000000003e-09,1.70249999996e-09,-6000000.00009,4948207.955676666,10.0
intact,solidity,-2.00000000003e-09,1.73250000001e-09,-6000000.00009,5032544.67828,10.0
intact,solidity,-2.00000000003e-09,1.76249999995e-09,-6000000.00009,5116782.478803334,10.0
intact,solidity,-2.00000000003e-09,1.7925e-09,-6000000.00009,5200921.357656666,10.0
intact,solidity,-2.00000000003e-09,1.82250000005e-09,-6000000.00009,5284961.3146233335,10.0
intact,solidity,-2.00000000003e-09,1.85249999999e-09,-6000000.00009,5368902.3495166665,10.0
intact,solidity,-2.00000000003e-09,1.88250000003e-09,-6000000.00009,5452744.462730001,10.0
intact,solidity,-2.00000000003e-09,1.91249999997e-09,-6000000.00009,5536487.653866666,10.0
intact,solidity,-2.00000000003e-09,1.94250000002e-09,-6000000.00009,5620131.92343,10.0
intact,solidity,-2.00000000003e-09,1.97249999996e-09,-6000000.00009,5703677.270813334,10.0
intact,solidity,-2.00000000003e-09,2.00250000001e-09,-6000000.00009,5787123.696520001,10.0
intact,solidity,-2.00000000003e-09,2.03249999995e-09,-6000000.00009,5870471.200146667,10.0
intact,solidity,-2.00000000003e-09,2.0625e-09,-6000000.00009,5953719.7821,10.0
intact,solidity,-2.00000000003e-09,2.09250000005e-09,-6000000.00009,6036869.442173335,10.0
intact,solidity,-2.00000000003e-09,2.12249999999e-09,-6000000.00009,6119920.18017,10.0
intact,solidity,-2.00000000003e-09,2.15250000004e-09,-6000000.00009,6202871.996493333,10.0
intact,solidity,-2.00000000003e-09,2.18249999998e-09,-6000000.00009,6285724.890730001,10.0
intact,solidity,-2.00000000003e-09,2.21250000002e-09,-6000000.00009,6368478.863393334,10.0
intact,solidity,-2.00000000003e-09,2.24249999996e-09,-6000000.00009,6451133.913886667,10.0
intact,solidity,-2.00000000003e-09,2.27250000001e-09,-6000000.00009,6533690.042693333,10.0
intact,solidity,-2.00000000003e-09,2.30249999995e-09,-6000000.00009,6616147.249426667,10.0
intact,solidity,-2.00000000003e-09,2.3325e-09,-6000000.00009,6698505.534480001,10.0
intact,solidity,-2.00000000003e-09,2.36250000005e-09,-6000000.00009,6780764.897656667,10.0
intact,solidity,-2.00000000003e-09,2.39249999999e-09,-6000000.00009,6862925.338760001,10.0
intact,solidity,-2.00000000003e-09,2.42250000004e-09,-6000000.00009,6944986.858183333,10.0
intact,solidity,-2.00000000003e-09,2.45249999998e-09,-6000000.00009,7026949.45553,10.0
intact,solidity,-2.00000000003e-09,2.48250000003e-09,-6000000.00009,7108813.1311966665,10.0
intact,solidity,-2.00000000003e-09,2.51249999997e-09,-6000000.00009,7190577.88489,10.0
intact,solidity,-2.00000000003e-09,2.54250000002e-09,-6000000.00009,7272243.716803334,10.0
intact,solidity,-2.00000000003e-09,2.57249999996e-09,-6000000.00009,7353810.626639999,10.0
intact,solidity,-2.00000000003e-09,2.6025e-09,-6000000.00009,7435278.614803333,10.0
intact,solidity,-2.00000000003e-09,2.63250000005e-09,-6000000.00009,7516647.68108,10.0
intact,solidity,-2.00000000003e-09,2.66249999999e-09,-6000000.00009,7597917.825286667,10.0
intact,solidity,-2.00000000003e-09,2.69250000004e-09,-6000000.00009,7679089.047813334,10.0
intact,solidity,-2.00000000003e-09,2.72249999998e-09,-6000000.00009,7760161.348263334,10.0
intact,solidity,-2.00000000003e-09,2.75250000003e-09,-6000000.00009,7841134.727036667,10.0
intact,solidity,-2.00000000003e-09,2.78249999997e-09,-6000000.00009,7922009.183833334,10.0
intact,solidity,-2.00000000003e-09,2.81250000002e-09,-6000000.00009,8002784.718846667,10.0
intact,solidity,-2.00000000003e-09,2.84249999996e-09,-6000000.00009,8083461.331793333,10.0
intact,solidity,-2.00000000003e-09,2.87250000001e-09,-6000000.00009,8164039.023056666,10.0
intact,solidity,-2.00000000003e-09,2.90249999995e-09,-6000000.00009,8244517.792246667,10.0
intact,solidity,-2.00000000003e-09,2.9325e-09,-6000000.00009,8324897.639756666,10.0
intact,solidity,-2.00000000003e-09,2.96250000004e-09,-6000000.00009,8405178.56538,10.0
intact,solidity,-2.00000000003e-09,2.99249999998e-09,-6000000.00009,8485360.568936666,10.0
intact,solidity,-2.00000000003e-09,3.02250000003e-09,-6000000.00009,8565443.650813334,10.0
intact,solidity,-2.00000000003e-09,3.05249999997e-09,-6000000.00009,8645427.810616666,10.0
intact,solidity,-2.00000000003e-09,3.08250000002e-09,-6000000.00009,8725313.04883,10.0
intact,solidity,-2.00000000003e-09,3.11249999996e-09,-6000000.00009,8805099.364883333,10.0
intact,solidity,-2.00000000003e-09,3.14250000001e-09,-6000000.00009,8884786.75925,10.0
intact,solidity,-2.00000000003e-09,3.17249999995e-09,-6000000.00009,8964375.231543334,10.0
intact,solidity,-2.00000000003e-09,3.2025e-09,-6000000.00009,9043864.78215,10.0
intact,solidity,-2.00000000003e-09,3.23250000005e-09,-6000000.00009,9123255.410886668,10.0
intact,solidity,-2.00000000003e-09,3.26249999999e-09,-6000000.00009,9202547.117549999,10.0
intact,solidity,-2.00000000003e-09,3.29250000004e-09,-6000000.00009,9281739.902526667,10.0
intact,solidity,-2.00000000003e-09,3.32249999998e-09,-6000000.00009,9360833.765436666,10.0
intact,solidity,-2.00000000003e-09,3.35250000002e-09,-6000000.00009,9439828.706753334,10.0
intact,solidity,-2.00000000003e-09,3.38249999996e-09,-6000000.00009,9518724.725906665,10.0
intact,solidity,-2.00000000003e-09,3.41250000001e-09,-6000000.00009,9597521.82338,10.0
intact,solidity,-2.00000000003e-09,3.44249999995e-09,-6000000.00009,9676219.998776667,10.0
intact,solidity,-2.00000000003e-09,3.4725e-09,-6000000.00009,9754819.25249,10.0
intact,solidity,-2.00000000003e-09,3.50250000005e-09,-6000000.00009,9833319.584323334,10.0
intact,solidity,-2.00000000003e-09,3.53249999999e-09,-6000000.00009,9911720.994093334,10.0
intact,solidity,-2.00000000003e-09,3.56250000004e-09,-6000000.00009,9990023.482173333,10.0
intact,solidity,-2.00000000003e-09,3.59249999998e-09,-6000000.00009,10068227.0482,10.0
intact,solidity,-2.00000000003e-09,3.62250000003e-09,-6000000.00009,10146331.692633335,10.0
intact,solidity,-2.00000000003e-09,3.65249999997e-09,-6000000.00009,10224337.414866665,10.0
intact,solidity,-2.00000000003e-09,3.68250000002e-09,-6000000.00009,10302244.215433333,10.0
intact,solidity,-2.00000000003e-09,3.71249999996e-09,-6000000.00009,10380052.093933335,10.0
intact,solidity,-2.00000000003e-09,3.7425e-09,-6000000.00009,10457761.0508,10.0
intact,solidity,-2.00000000003e-09,3.77250000005e-09,-6000000.00009,10535371.0857,10.0
intact,solidity,-2.00000000003e-09,3.80249999999e-09,-6000000.00009,10612882.1986,10.0
intact,solidity,-2.00000000003e-09,3.83250000004e-09,-6000000.00009,10690294.389766665,10.0
intact,solidity,-2.00000000003e-09,3.86249999998e-09,-6000000.00009,10767607.658866666,10.0
intact,solidity,-2.00000000003e-09,3.89250000003e-09,-6000000.00009,10844822.0063,10.0
intact,solidity,-2.00000000003e-09,3.92249999997e-09,-6000000.00009,10921937.431766666,10.0
intact,solidity,-2.00000000003e-09,3.95250000002e-09,-6000000.00009,10998953.935433334,10.0
intact,solidity,-2.00000000003e-09,3.98249999996e-09,-6000000.00009,11075871.517033333,10.0
intact,solidity,-2.00000000003e-09,4.01250000001e-09,-6000000.00009,11152690.177,10.0
intact,solidity,-2.00000000003e-09,4.04249999995e-09,-6000000.00009,11229409.914833331,10.0
intact,solidity,-2.00000000003e-09,4.0725e-09,-6000000.00009,11306030.731,10.0
intact,solidity,-2.00000000003e-09,4.10250000004e-09,-6000000.00009,11382552.625266666,10.0
intact,solidity,-2.00000000003e-09,4.13249999998e-09,-6000000.00009,11458975.597500002,10.0
intact,solidity,-2.00000000003e-09,4.16250000003e-09,-6000000.00009,11535299.648033334,10.0
intact,solidity,-2.00000000003e-09,4.19249999997e-09,-6000000.00009,11611524.776599998,10.0
intact,solidity,-2.00000000003e-09,4.22250000002e-09,-6000000.00009,11687650.9834,10.0
intact,solidity,-2.00000000003e-09,4.25249999996e-09,-6000000.00009,11763678.2681,10.0
intact,solidity,-2.00000000003e-09,4.28250000001e-09,-6000000.00009,11839606.6311,10.0
intact,solidity,-2.00000000003e-09,4.31249999995e-09,-6000000.00009,11915436.072066667,10.0
intact,solidity,-2.00000000003e-09,4.3425e-09,-6000000.00009,11991166.591366665,10.0
intact,solidity,-2.00000000003e-09,4.37250000005e-09,-6000000.00009,12066798.188766666,10.0
intact,solidity,-2.00000000003e-09,4.40249999999e-09,-6000000.00009,12142330.864066668,10.0
intact,solidity,-2.00000000003e-09,4.43250000003e-09,-6000000.00009,12217764.617700001,10.0
intact,solidity,-2.00000000003e-09,4.46249999997e-09,-6000000.00009,12293099.449266667,10.0
intact,solidity,-2.00000000003e-09,4.49250000002e-09,-6000000.00009,12368335.359233335,10.0
intact,solidity,-2.00000000003e-09,4.52249999996e-09,-6000000.00009,12443472.347099999,10.0
intact,solidity,-2.00000000003e-09,4.55250000001e-09,-6000000.00009,12518510.4132,10.0
intact,solidity,-2.00000000003e-09,4.58249999995e-09,-6000000.00009,12593449.557266667,10.0
intact,solidity,-2.00000000003e-09,4.6125e-09,-6000000.00009,12668289.7796,10.0
intact,solidity,-2.00000000003e-09,4.64250000005e-09,-6000000.00009,12743031.080133334,10.0
intact,solidity,-2.00000000003e-09,4.67249999999e-09,-6000000.00009,12817673.4586,10.0
intact,solidity,-2.00000000003e-09,4.70250000004e-09,-6000000.00009,12892216.915300002,10.0
intact,solidity,-2.00000000003e-09,4.73249999998e-09,-6000000.00009,12966661.449999997,10.0
intact,solidity,-2.00000000003e-09,4.76250000003e-09,-6000000.00009,13041007.063033333,10.0
intact,solidity,-2.00000000003e-09,4.79249999997e-09,-6000000.00009,13115253.754,10.0
intact,solidity,-2.00000000003e-09,4.82250000001e-09,-6000000.00009,13189401.5232,10.0
intact,solidity,-2.00000000003e-09,4.85249999995e-09,-6000000.00009,13263450.370399999,10.0
intact,solidity,-2.00000000003e-09,4.8825e-09,-6000000.00009,13337400.2959,10.0
intact,solidity,-2.00000000003e-09,4.91250000005e-09,-6000000.00009,13411251.299466668,10.0
intact,solidity,-2.00000000003e-09,4.94249999999e-09,-6000000.00009,13485003.381,10.0
intact,solidity,-2.00000000003e-09,4.97250000004e-09,-6000000.00009,13558656.540866666,10.0
intact,solidity,-2.00000000003e-09,5.00249999998e-09,-6000000.00009,13632210.778666668,10.0
intact,solidity,-2.00000000003e-09,5.03250000003e-09,-6000000.00009,13705666.094733333,10.0
intact,solidity,-2.00000000003e-09,5.06249999997e-09,-6000000.00009,13779022.488833332,10.0
intact,solidity,-2.00000000003e-09,5.09250000002e-09,-6000000.00009,13852279.9612,10.0
intact,solidity,-2.00000000003e-09,5.12249999996e-09,-6000000.00009,13925438.511433333,10.0
intact,solidity,-2.00000000003e-09,5.15250000001e-09,-6000000.00009,13998498.14,10.0
intact,solidity,-2.00000000003e-09,5.18249999995e-09,-6000000.00009,14071458.846533334,10.0
intact,solidity,-2.00000000003e-09,5.21249999999e-09,-6000000.00009,14144320.631399998,10.0
intact,solidity,-2.00000000003e-09,5.24250000004e-09,-6000000.00009,14217083.4943,10.0
intact,solidity,-2.00000000003e-09,5.27249999998e-09,-6000000.00009,14289747.4352,10.0
intact,solidity,-2.00000000003e-09,5.30250000003e-09,-6000000.00009,14362312.454400001,10.0
intact,solidity,-2.00000000003e-09,5.33249999997e-09,-6000000.00009,14434778.551633334,10.0
intact,solidity,-2.00000000003e-09,5.36250000002e-09,-6000000.00009,14507145.7271,10.0
intact,solidity,-2.00000000003e-09,5.39249999996e-09,-6000000.00009,14579413.980433332,10.0
intact,solidity,-2.00000000003e-09,5.42250000001e-09,-6000000.00009,14651583.3121,10.0
intact,solidity,-2.00000000003e-09,5.45249999995e-09,-6000000.00009,14723653.721733332,10.0
intact,solidity,-2.00000000003e-09,5.4825e-09,-6000000.00009,14795625.209699998,10.0
intact,solidity,-2.00000000003e-09,5.51250000005e-09,-6000000.00009,14867497.775766665,10.0
intact,solidity,-2.00000000003e-09,5.54249999999e-09,-6000000.00009,14939271.419700002,10.0
intact,solidity,-2.00000000003e-09,5.57250000003e-09,-6000000.00009,15010946.142033333,10.0
intact,solidity,-2.00000000003e-09,5.60249999997e-09,-6000000.00009,15082521.942266665,10.0
intact,solidity,-2.00000000003e-09,5.63250000002e-09,-6000000.00009,15153998.8209,10.0
intact,solidity,-2.00000000003e-09,5.66249999996e-09,-6000000.00009,15225376.777400002,10.0
intact,solidity,-2.00000000003e-09,5.69250000001e-09,-6000000.00009,15296655.8122,10.0
intact,solidity,-2.00000000003e-09,5.72249999995e-09,-6000000.00009,15367835.924933335,10.0
intact,solidity,-2.00000000003e-09,5.7525e-09,-6000000.00009,15438917.1159,10.0
intact,solidity,-2.00000000003e-09,5.78250000005e-09,-6000000.00009,15509899.385066666,10.0
intact,solidity,-2.00000000003e-09,5.81249999999e-09,-6000000.00009,15580782.732200002,10.0
intact,solidity,-2.00000000003e-09,5.84250000004e-09,-6000000.00009,15651567.157566667,10.0
intact,solidity,-2.00000000003e-09,5.87249999998e-09,-6000000.00009,15722252.660966666,10.0
intact,solidity,-2.00000000003e-09,5.90250000003e-09,-6000000.00009,15792839.242633333,10.0
intact,solidity,-2.00000000003e-09,5.93249999997e-09,-6000000.00009,15863326.902233332,10.0
intact,solidity,-2.00000000003e-09,5.96250000001e-09,-6000000.00009,15933715.640133334,10.0
intact,solidity,-2.00000000003e-09,5.99249999995e-09,-6000000.00009,16004005.456,10.0
intact,solidity,-2.00000000003e-09,6.0225e-09,-6000000.00009,16074196.350100001,10.0
intact,solidity,-2.00000000003e-09,6.05250000005e-09,-6000000.00009,16144288.322366668,10.0
intact,solidity,-2.00000000003e-09,6.08249999999e-09,-6000000.00009,16214281.372599998,10.0
intact,solidity,-2.00000000003e-09,6.11250000004e-09,-6000000.00009,16284175.501066668,10.0
intact,solidity,-2.00000000003e-09,6.14249999998e-09,-6000000.00009,16353970.707500001,10.0
intact,solidity,-2.00000000003e-09,6.17250000003e-09,-6000000.00009,16423666.992266668,10.0
intact,solidity,-2.00000000003e-09,6.20249999997e-09,-6000000.00009,16493264.355066666,10.0
intact,solidity,-2.00000000003e-09,6.23250000002e-09,-6000000.00009,16562762.796033332,10.0
intact,solidity,-2.00000000003e-09,6.26249999996e-09,-6000000.00009,16632162.315,10.0
intact,solidity,-2.00000000003e-09,6.2925e-09,-6000000.00009,16701462.912199998,10.0
intact,solidity,-2.00000000003e-09,6.32250000005e-09,-6000000.00009,16770664.587566666,10.0
intact,solidity,-2.00000000003e-09,6.35249999999e-09,-6000000.00009,16839767.3409,10.0
intact,solidity,-2.00000000003e-09,6.38250000004e-09,-6000000.00009,16908771.1725,10.0
intact,solidity,-2.00000000003e-09,6.41249999998e-09,-6000000.00009,16977676.082066666,10.0
intact,solidity,-2.00000000003e-09,6.44250000003e-09,-6000000.00009,17046482.069933333,10.0
intact,solidity,-2.00000000003e-09,6.47249999997e-09,-6000000.00009,17115189.1358,10.0
intact,solidity,-2.00000000003e-09,6.50250000002e-09,-6000000.00009,17183797.2799,10.0
intact,solidity,-2.00000000003e-09,6.53249999996e-09,-6000000.00009,17252306.501933333,10.0
intact,solidity,-2.00000000003e-09,6.56250000001e-09,-6000000.00009,17320716.8023,10.0
intact,solidity,-2.00000000003e-09,6.59249999995e-09,-6000000.00009,17389028.18056667,10.0
intact,solidity,-2.00000000003e-09,6.6225e-09,-6000000.00009,17457240.6372,10.0
intact,solidity,-2.00000000003e-09,6.65250000004e-09,-6000000.00009,17525354.171866667,10.0
intact,solidity,-2.00000000003e-09,6.68249999998e-09,-6000000.00009,17593368.7845,10.0
intact,solidity,-2.00000000003e-09,6.71250000003e-09,-6000000.00009,17661284.475466665,10.0
intact,solidity,-2.00000000003e-09,6.74249999997e-09,-6000000.00009,17729101.2444,10.0
intact,solidity,-2.00000000003e-09,6.77250000002e-09,-6000000.00009,17796819.0917,10.0
intact,solidity,-2.00000000003e-09,6.80249999996e-09,-6000000.00009,17864438.016833335,10.0
intact,solidity,-2.00000000003e-09,6.83250000001e-09,-6000000.00009,17931958.0203,10.0
intact,solidity,-2.00000000003e-09,6.86249999995e-09,-6000000.00009,17999379.101666663,10.0
intact,solidity,-2.00000000003e-09,6.8925e-09,-6000000.00009,18066701.2614,10.0
intact,solidity,-2.00000000003e-09,6.92250000005e-09,-6000000.00009,18133924.499166667,10.0
intact,solidity,-2.00000000003e-09,6.95249999999e-09,-6000000.00009,18201048.814966667,10.0
intact,solidity,-2.00000000003e-09,6.98250000004e-09,-6000000.00009,18268074.209000003,10.0
intact,solidity,-2.00000000003e-09,7.01249999998e-09,-6000000.00009,18335000.681,10.0
intact,solidity,-2.00000000003e-09,7.04250000002e-09,-6000000.00009,18401828.2314,10.0
intact,solidity,-2.00000000003e-09,7.07249999996e-09,-6000000.00009,18468556.859633334,10.0
intact,solidity,-2.00000000003e-09,7.10250000001e-09,-6000000.00009,18535186.5662,10.0
intact,solidity,-2.00000000003e-09,7.13249999995e-09,-6000000.00009,18601717.350733332,10.0
intact,solidity,-2.00000000003e-09,7.1625e-09,-6000000.00009,18668149.2135,10.0
intact,solidity,-2.00000000003e-09,7.19250000005e-09,-6000000.00009,18734482.154400002,10.0
intact,solidity,-2.00000000003e-09,7.22249999999e-09,-6000000.00009,18800716.1733,10.0
intact,solidity,-2.00000000003e-09,7.25250000004e-09,-6000000.00009,18866851.270466667,10.0
intact,solidity,-2.00000000003e-09,7.28249999998e-09,-6000000.00009,18932887.44556667,10.0
intact,solidity,-2.00000000003e-09,7.31250000003e-09,-6000000.00009,18998824.699033335,10.0
intact,solidity,-2.00000000003e-09,7.34249999997e-09,-6000000.00009,19064663.03043333,10.0
intact,solidity,-2.00000000003e-09,7.37250000002e-09,-6000000.00009,19130402.4401,10.0
intact,solidity,-2.00000000003e-09,7.40249999996e-09,-6000000.00009,19196042.9277,10.0
intact,solidity,-2.00000000003e-09,7.4325e-09,-6000000.00009,19261584.4936,10.0
intact,solidity,-2.00000000003e-09,7.46250000005e-09,-6000000.00009,19327027.137566667,10.0
intact,solidity,-2.00000000003e-09,7.49249999999e-09,-6000000.00009,19392370.8596,10.0
intact,solidity,-2.00000000003e-09,7.52250000004e-09,-6000000.00009,19457615.659866665,10.0
intact,solidity,-2.00000000003e-09,7.55249999998e-09,-6000000.00009,19522761.538066667,10.0
intact,solidity,-2.00000000003e-09,7.58250000003e-09,-6000000.00009,19587808.494566668,10.0
intact,solidity,-2.00000000003e-09,7.61249999997e-09,-6000000.00009,19652756.529133335,10.0
intact,solidity,-2.00000000003e-09,7.64250000002e-09,-6000000.00009,19717605.6419,10.0
intact,solidity,-2.00000000003e-09,7.67249999996e-09,-6000000.00009,19782355.8326,10.0
intact,solidity,-2.00000000003e-09,7.70250000001e-09,-6000000.00009,19847007.1016,10.0
intact,solidity,-2.00000000003e-09,7.73249999995e-09,-6000000.00009,19911559.448533334,10.0
intact,solidity,-2.00000000003e-09,7.7625e-09,-6000000.00009,19976012.8738,10.0
intact,solidity,-2.00000000003e-09,7.79250000004e-09,-6000000.00009,20040367.377166666,10.0
intact,solidity,-2.00000000003e-09,7.82249999998e-09,-6000000.00009,20104622.9585,10.0
intact,solidity,-2.00000000003e-09,7.85250000003e-09,-6000000.00009,20168779.618066665,10.0
intact,solidity,-2.00000000003e-09,7.88249999997e-09,-6000000.00009,20232837.355733335,10.0
intact,solidity,-2.00000000003e-09,7.91250000002e-09,-6000000.00009,20296796.1716,10.0
intact,solidity,-2.00000000003e-09,7.94249999996e-09,-6000000.00009,20360656.065433335,10.0
intact,solidity,-2.00000000003e-09,7.97250000001e-09,-6000000.00009,20424417.0375,10.0
intact,solidity,-2.00000000003e-09,8.00249999995e-09,-6000000.00009,20488079.08763333,10.0
intact,solidity,-2.00000000003e-09,8.0325e-09,-6000000.00009,20551642.2159,10.0
intact,solidity,-2.00000000003e-09,8.06250000005e-09,-6000000.00009,20615106.422399998,10.0
intact,solidity,-2.00000000003e-09,8.09249999999e-09,-6000000.00009,20678471.706866667,10.0
intact,solidity,-2.00000000003e-09,8.12250000004e-09,-6000000.00009,20741738.069566667,10.0
intact,solidity,-2.00000000003e-09,8.15249999998e-09,-6000000.00009,20804905.510266665,10.0
intact,solidity,-2.00000000003e-09,8.18250000002e-09,-6000000.00009,20867974.0293,10.0
intact,solidity,-2.00000000003e-09,8.21249999996e-09,-6000000.00009,20930943.626233336,10.0
intact,solidity,-2.00000000003e-09,8.24250000001e-09,-6000000.00009,20993814.3014,10.0
intact,solidity,-2.00000000003e-09,8.27249999995e-09,-6000000.00009,21056586.0546,10.0
intact,solidity,-2.00000000003e-09,8.3025e-09,-6000000.00009,21119258.886,10.0
intact,solidity,-2.00000000003e-09,8.33250000005e-09,-6000000.00009,21181832.795566667,10.0
intact,solidity,-2.00000000003e-09,8.36249999999e-09,-6000000.00009,21244307.783166666,10.0
intact,solidity,-2.00000000003e-09,8.39250000004e-09,-6000000.00009,21306683.84896667,10.0
intact,solidity,-2.00000000003e-09,8.42249999998e-09,-6000000.00009,21368960.992766667,10.0
intact,solidity,-2.00000000003e-09,8.45250000003e-09,-6000000.00009,21431139.2149,10.0
intact,solidity,-2.00000000003e-09,8.48249999997e-09,-6000000.00009,21493218.514933333,10.0
intact,solidity,-2.00000000003e-09,8.51250000001e-09,-6000000.00009,21555198.8932,10.0
intact,solidity,-2.00000000003e-09,8.54249999995e-09,-6000000.00009,21617080.349533334,10.0
intact,solidity,-2.00000000003e-09,8.5725e-09,-6000000.00009,21678862.8841,10.0
intact,solidity,-2.00000000003e-09,8.60250000005e-09,-6000000.00009,21740546.496766668,10.0
intact,solidity,-2.00000000003e-09,8.63249999999e-09,-6000000.00009,21802131.1874,10.0
intact,solidity,-2.00000000003e-09,8.66250000004e-09,-6000000.00009,21863616.956266668,10.0
intact,solidity,-2.00000000003e-09,8.69249999998e-09,-6000000.00009,21925003.8032,10.0
intact,solidity,-2.00000000003e-09,8.72250000003e-09,-6000000.00009,21986291.72836667,10.0
intact,solidity,-2.00000000003e-09,8.75249999997e-09,-6000000.00009,22047480.731566668,10.0
intact,solidity,-2.00000000003e-09,8.78250000002e-09,-6000000.00009,22108570.813,10.0
intact,solidity,-2.00000000003e-09,8.81249999996e-09,-6000000.00009,22169561.97233333,10.0
intact,solidity,-2.00000000003e-09,8.84250000001e-09,-6000000.00009,22230454.21,10.0
intact,solidity,-2.00000000003e-09,8.87249999995e-09,-6000000.00009,22291247.525633335,10.0
intact,solidity,-2.00000000003e-09,8.90249999999e-09,-6000000.00009,22351941.919566665,10.0
intact,solidity,-2.00000000003e-09,8.93250000004e-09,-6000000.00009,22412537.391566668,10.0
intact,solidity,-2.00000000003e-09,8.96249999998e-09,-6000000.00009,22473033.9416,10.0
intact,solidity,-2.00000000003e-09,8.99250000003e-09,-6000000.00009,22533431.569833335,10.0
intact,solidity,-2.00000000003e-09,9.02249999997e-09,-6000000.00009,22593730.276166666,10.0
intact,solidity,-2.00000000003e-09,9.05250000002e-09,-6000000.00009,22653930.0607,10.0
intact,solidity,-2.00000000003e-09,9.08249999996e-09,-6000000.00009,22714030.923133332,10.0
intact,solidity,-2.00000000003e-09,9.11250000001e-09,-6000000.00009,22774032.863899995,10.0
intact,solidity,-2.00000000003e-09,9.14249999995e-09,-6000000.00009,22833935.882633332,10.0
intact,solidity,-2.00000000003e-09,9.1725e-09,-6000000.00009,22893739.9797,10.0
intact,solidity,-2.00000000003e-09,9.20250000005e-09,-6000000.00009,22953445.154766668,10.0
intact,solidity,-2.00000000003e-09,9.23249999999e-09,-6000000.00009,23013051.4079,10.0
intact,solidity,-2.00000000003e-09,9.26250000003e-09,-6000000.00009,23072558.739266668,10.0
intact,solidity,-2.00000000003e-09,9.29249999997e-09,-6000000.00009,23131967.1486,10.0
intact,solidity,-2.00000000003e-09,9.32250000002e-09,-6000000.00009,23191276.6363,10.0
intact,solidity,-2.00000000003e-09,9.35249999996e-09,-6000000.00009,23250487.2019,10.0
intact,solidity,-2.00000000003e-09,9.38250000001e-09,-6000000.00009,23309598.845733333,10.0
intact,solidity,-2.00000000003e-09,9.41249999995e-09,-6000000.00009,23368611.56763333,10.0
intact,solidity,-2.00000000003e-09,9.4425e-09,-6000000.00009,23427525.3677,10.0
intact,solidity,-2.00000000003e-09,9.47250000005e-09,-6000000.00009,23486340.24596667,10.0
intact,solidity,-2.00000000003e-09,9.50249999999e-09,-6000000.00009,23545056.202166665,10.0
intact,solidity,-2.00000000003e-09,9.53250000004e-09,-6000000.00009,23603673.23663333,10.0
intact,solidity,-2.00000000003e-09,9.56249999998e-09,-6000000.00009,23662191.349066664,10.0
intact,solidity,-2.00000000003e-09,9.59250000003e-09,-6000000.00009,23720610.539833333,10.0
intact,solidity,-2.00000000003e-09,9.62249999997e-09,-6000000.00009,23778930.80856667,10.0
intact,solidity,-2.00000000003e-09,9.65250000001e-09,-6000000.00009,23837152.1555,10.0
intact,solidity,-2.00000000003e-09,9.68249999995e-09,-6000000.00009,23895274.58046667,10.0
intact,solidity,-2.00000000003e-09,9.7125e-09,-6000000.00009,23953298.0837,10.0
intact,solidity,-2.00000000003e-09,9.74250000005e-09,-6000000.00009,24011222.665000003,10.0
intact,solidity,-2.00000000003e-09,9.77249999999e-09,-6000000.00009,24069048.324300002,10.0
intact,solidity,-2.00000000003e-09,9.80250000004e-09,-6000000.00009,24126775.0619,10.0
intact,solidity,-2.00000000003e-09,9.83249999998e-09,-6000000.00009,24184402.877466667,10.0
intact,solidity,-2.00000000003e-09,9.86250000003e-09,-6000000.00009,24241931.77126667,10.0
intact,solidity,-2.00000000003e-09,9.89249999997e-09,-6000000.00009,24299361.743166666,10.0
intact,solidity,-2.00000000003e-09,9.92250000002e-09,-6000000.00009,24356692.793233335,10.0
intact,solidity,-2.00000000003e-09,9.95249999996e-09,-6000000.00009,24413924.921299998,10.0
intact,solidity,-2.00000000003e-09,9.98250000001e-09,-6000000.00009,24471058.1276,10.0
intact,solidity,-2.00000000003e-09,1.00125000001e-08,-6000000.00009,24528092.41206667,10.0
intact,solidity,-2.00000000003e-09,1.00425e-08,-6000000.00009,24585027.774466667,10.0
intact,solidity,-2.00000000003e-09,1.00725e-08,-6000000.00009,24641864.21516667,10.0
intact,solidity,-2.00000000003e-09,1.01025e-08,-6000000.00009,24698601.733800005,10.0
intact,solidity,-2.00000000003e-09,1.01325e-08,-6000000.00009,24755240.330733333,10.0
intact,solidity,-2.00000000003e-09,1.01625e-08,-6000000.00009,24811780.00573333,10.0
intact,solidity,-2.00000000003e-09,1.01925e-08,-6000000.00009,24868220.7589,10.0
intact,solidity,-2.00000000003e-09,1.02225e-08,-6000000.00009,24924562.590033334,10.0
intact,solidity,-2.00000000003e-09,1.02525e-08,-6000000.00009,24980805.499433335,10.0
intact,solidity,-2.00000000003e-09,1.02824999999e-08,-6000000.00009,25036949.486833334,10.0
intact,solidity,-2.00000000003e-09,1.03125e-08,-6000000.00009,25092994.5525,10.0
intact,solidity,-2.00000000003e-09,1.03425e-08,-6000000.00009,25148940.696266666,10.0
intact,solidity,-2.00000000003e-09,1.03725e-08,-6000000.00009,25204787.9181,10.0
intact,solidity,-2.00000000003e-09,1.04025e-08,-6000000.00009,25260536.218066666,10.0
intact,solidity,-2.00000000003e-09,1.04325e-08,-6000000.00009,25316185.5961,10.0
intact,solidity,-2.00000000003e-09,1.04625e-08,-6000000.00009,25371736.05243333,10.0
intact,solidity,-2.00000000003e-09,1.04925e-08,-6000000.00009,25427187.58673333,10.0
intact,solidity,-2.00000000003e-09,1.05225e-08,-6000000.00009,25482540.199233335,10.0
intact,solidity,-2.00000000003e-09,1.05525e-08,-6000000.00009,25537793.889733333,10.0
intact,solidity,-2.00000000003e-09,1.05825e-08,-6000000.00009,25592948.6585,10.0
intact,solidity,-2.00000000003e-09,1.06125e-08,-6000000.00009,25648004.505366664,10.0
intact,solidity,-2.00000000003e-09,1.06425e-08,-6000000.00009,25702961.4303,10.0
intact,solidity,-2.00000000003e-09,1.06725e-08,-6000000.00009,25757819.433433335,10.0
intact,solidity,-2.00000000003e-09,1.07025e-08,-6000000.00009,25812578.51456667,10.0
intact,solidity,-2.00000000003e-09,1.07325e-08,-6000000.00009,25867238.674,10.0
intact,solidity,-2.00000000003e-09,1.07625e-08,-6000000.00009,25921799.911333334,10.0
intact,solidity,-2.00000000003e-09,1.07925e-08,-6000000.00009,25976262.227,10.0
intact,solidity,-2.00000000003e-09,1.08225e-08,-6000000.00009,26030625.620566666,10.0
intact,solidity,-2.00000000003e-09,1.08525e-08,-6000000.00009,26084890.0925,10.0
intact,solidity,-2.00000000003e-09,1.08825000001e-08,-6000000.00009,26139055.642466664,10.0
intact,solidity,-2.00000000003e-09,1.09125e-08,-6000000.00009,26193122.2704,10.0
intact,solidity,-2.00000000003e-09,1.09425e-08,-6000000.00009,26247089.97666667,10.0
intact,solidity,-2.00000000003e-09,1.09725e-08,-6000000.00009,26300958.760900002,10.0
intact,solidity,-2.00000000003e-09,1.10025e-08,-6000000.00009,26354728.623366665,10.0
intact,solidity,-2.00000000003e-09,1.10325e-08,-6000000.00009,26408399.56393333,10.0
intact,solidity,-2.00000000003e-09,1.10625e-08,-6000000.00009,26461971.58263333,10.0
intact,solidity,-2.00000000003e-09,1.10925e-08,-6000000.00009,26515444.679333333,10.0
intact,solidity,-2.00000000003e-09,1.11225e-08,-6000000.00009,26568818.854300003,10.0
intact,solidity,-2.00000000003e-09,1.11525000001e-08,-6000000.00009,26622094.1074,10.0
intact,solidity,-2.00000000003e-09,1.11825e-08,-6000000.00009,26675270.4385,10.0
intact,solidity,-2.00000000003e-09,1.12125e-08,-6000000.00009,26728347.847866666,10.0
intact,solidity,-2.00000000003e-09,1.12425e-08,-6000000.00009,26781326.3352,10.0
intact,solidity,-2.00000000003e-09,1.12725e-08,-6000000.00009,26834205.900766667,10.0
intact,solidity,-2.00000000003e-09,1.13025e-08,-6000000.00009,26886986.544433337,10.0
intact,solidity,-2.00000000003e-09,1.13325e-08,-6000000.00009,26939668.266233336,10.0
intact,solidity,-2.00000000003e-09,1.13625e-08,-6000000.00009,26992251.066033334,10.0
intact,solidity,-2.00000000003e-09,1.13925e-08,-6000000.00009,27044734.944100004,10.0
intact,solidity,-2.00000000003e-09,1.14224999999e-08,-6000000.00009,27097119.900233332,10.0
intact,solidity,-2.00000000003e-09,1.14525e-08,-6000000.00009,27149405.934499998,10.0
intact,solidity,-2.00000000003e-09,1.14825e-08,-6000000.00009,27201593.04696667,10.0
intact,solidity,-2.00000000003e-09,1.15125e-08,-6000000.00009,27253681.2374,10.0
intact,solidity,-2.00000000003e-09,1.15425e-08,-6000000.00009,27305670.506066665,10.0
intact,solidity,-2.00000000003e-09,1.15725e-08,-6000000.00009,27357560.85283333,10.0
intact,solidity,-2.00000000003e-09,1.16025e-08,-6000000.00009,27409352.277800005,10.0
intact,solidity,-2.00000000003e-09,1.16325e-08,-6000000.00009,27461044.780733332,10.0
intact,solidity,-2.00000000003e-09,1.16625e-08,-6000000.00009,27512638.3619,10.0
intact,solidity,-2.00000000003e-09,1.16924999999e-08,-6000000.00009,27564133.021033335,10.0
intact,solidity,-2.00000000003e-09,1.17225e-08,-6000000.00009,27615528.7585,10.0
intact,solidity,-2.00000000003e-09,1.17525e-08,-6000000.00009,27666825.574033335,10.0
intact,solidity,-2.00000000003e-09,1.17825e-08,-6000000.00009,27718023.46756667,10.0
intact,solidity,-2.00000000003e-09,1.18125e-08,-6000000.00009,27769122.43936667,10.0
intact,solidity,-2.00000000003e-09,1.18425e-08,-6000000.00009,27820122.489166666,10.0
intact,solidity,-2.00000000003e-09,1.18725e-08,-6000000.00009,27871023.617233332,10.0
intact,solidity,-2.00000000003e-09,1.19025e-08,-6000000.00009,27921825.823266666,10.0
intact,solidity,-2.00000000003e-09,1.19325e-08,-6000000.00009,27972529.107533336,10.0
intact,solidity,-2.00000000003e-09,1.19625e-08,-6000000.00009,28023133.469833333,10.0
intact,solidity,-2.00000000003e-09,1.19925e-08,-6000000.00009,28073638.9104,10.0
intact,solidity,-2.00000000003e-09,1.20225e-08,-6000000.00009,28124045.429,10.0
intact,solidity,-2.00000000003e-09,1.20525e-08,-6000000.00009,28174353.02566667,10.0
intact,solidity,-2.00000000003e-09,1.20825e-08,-6000000.00009,28224561.700566664,10.0
intact,solidity,-2.00000000003e-09,1.21125e-08,-6000000.00009,28274671.45346667,10.0
intact,solidity,-2.00000000003e-09,1.21425e-08,-6000000.00009,28324682.284633335,10.0
intact,solidity,-2.00000000003e-09,1.21725e-08,-6000000.00009,28374594.19376667,10.0
intact,solidity,-2.00000000003e-09,1.22025e-08,-6000000.00009,28424407.1812,10.0
intact,solidity,-2.00000000003e-09,1.22325e-08,-6000000.00009,28474121.246533334,10.0
intact,solidity,-2.00000000003e-09,1.22625e-08,-6000000.00009,28523736.3902,10.0
intact,solidity,-2.00000000003e-09,1.22925000001e-08,-6000000.00009,28573252.61196667,10.0
intact,solidity,-2.00000000003e-09,1.23225e-08,-6000000.00009,28622669.9117,10.0
intact,solidity,-2.00000000003e-09,1.23525e-08,-6000000.00009,28671988.289666668,10.0
intact,solidity,-2.00000000003e-09,1.23825e-08,-6000000.00009,28721207.7457,10.0
intact,solidity,-2.00000000003e-09,1.24125e-08,-6000000.00009,28770328.279933333,10.0
intact,solidity,-2.00000000003e-09,1.24425e-08,-6000000.00009,28819349.89223333,10.0
intact,solidity,-2.00000000003e-09,1.24725e-08,-6000000.00009,28868272.5827,10.0
intact,solidity,-2.00000000003e-09,1.25025e-08,-6000000.00009,28917096.351233333,10.0
intact,solidity,-2.00000000003e-09,1.25325e-08,-6000000.00009,28965821.19793333,10.0
intact,solidity,-2.00000000003e-09,1.25624999999e-08,-6000000.00009,29014447.122699995,10.0
intact,solidity,-2.00000000003e-09,1.25925e-08,-6000000.00009,29062974.1257,10.0
intact,solidity,-2.00000000003e-09,1.26225e-08,-6000000.00009,29111402.206766665,10.0
intact,solidity,-2.00000000003e-09,1.26525e-08,-6000000.00009,29159731.3659,10.0
intact,solidity,-2.00000000003e-09,1.26825e-08,-6000000.00009,29207961.603233334,10.0
intact,solidity,-2.00000000003e-09,1.27125e-08,-6000000.00009,29256092.91863333,10.0
intact,solidity,-2.00000000003e-09,1.27425e-08,-6000000.00009,29304125.3122,10.0
intact,solidity,-2.00000000003e-09,1.27725e-08,-6000000.00009,29352058.783833336,10.0
intact,solidity,-2.00000000003e-09,1.28025e-08,-6000000.00009,29399893.333633333,10.0
intact,solidity,-2.00000000003e-09,1.28324999999e-08,-6000000.00009,29447628.9615,10.0
intact,solidity,-2.00000000003e-09,1.28625e-08,-6000000.00009,29495265.667599995,10.0
intact,solidity,-2.00000000003e-09,1.28925e-08,-6000000.00009,29542803.451766666,10.0
intact,solidity,-2.00000000003e-09,1.29225e-08,-6000000.00009,29590242.314,10.0
intact,solidity,-2.00000000003e-09,1.29525e-08,-6000000.00009,29637582.254433334,10.0
intact,solidity,-2.00000000003e-09,1.29825e-08,-6000000.00009,29684823.2729,10.0
intact,solidity,-2.00000000003e-09,1.30125e-08,-6000000.00009,29731965.369633332,10.0
intact,solidity,-2.00000000003e-09,1.30425e-08,-6000000.00009,29779008.544333335,10.0
intact,solidity,-2.00000000003e-09,1.30725e-08,-6000000.00009,29825952.7973,10.0
intact,solidity,-2.00000000003e-09,1.31025e-08,-6000000.00009,29872798.128233332,10.0
intact,solidity,-2.00000000003e-09,1.31325e-08,-6000000.00009,29919544.537399996,10.0
intact,solidity,-2.00000000003e-09,1.31625e-08,-6000000.00009,29966192.0247,10.0
intact,solidity,-2.00000000003e-09,1.31925e-08,-6000000.00009,30012740.59,10.0
intact,solidity,-2.00000000003e-09,1.32225e-08,-6000000.00009,30059190.233566668,10.0
intact,solidity,-2.00000000003e-09,1.32525e-08,-6000000.00009,30105540.955166668,10.0
intact,solidity,-2.00000000003e-09,1.32825e-08,-6000000.00009,30151792.755,10.0
intact,solidity,-2.00000000003e-09,1.33125e-08,-6000000.00009,30197945.63283333,10.0
intact,solidity,-2.00000000003e-09,1.33425e-08,-6000000.00009,30243999.588833332,10.0
intact,solidity,-2.00000000003e-09,1.33725e-08,-6000000.00009,30289954.622933332,10.0
intact,solidity,-2.00000000003e-09,1.34025e-08,-6000000.00009,30335810.7352,10.0
intact,solidity,-2.00000000003e-09,1.34325000001e-08,-6000000.00009,30381567.92556667,10.0
intact,solidity,-2.00000000003e-09,1.34625e-08,-6000000.00009,30427226.193999995,10.0
intact,solidity,-2.00000000003e-09,1.34925e-08,-6000000.00009,30472785.54066667,10.0
intact,solidity,-2.00000000003e-09,1.35225e-08,-6000000.00009,30518245.965366665,10.0
intact,solidity,-2.00000000003e-09,1.35525e-08,-6000000.00009,30563607.468233332,10.0
intact,solidity,-2.00000000003e-09,1.35825e-08,-6000000.00009,30608870.049233332,10.0
intact,solidity,-2.00000000003e-09,1.36125e-08,-6000000.00009,30654033.708333332,10.0
intact,solidity,-2.00000000003e-09,1.36425e-08,-6000000.00009,30699098.445533335,10.0
intact,solidity,-2.00000000003e-09,1.36725e-08,-6000000.00009,30744064.260900002,10.0
intact,solidity,-2.00000000003e-09,1.37025000001e-08,-6000000.00009,30788931.154400002,10.0
intact,solidity,-2.00000000003e-09,1.37325e-08,-6000000.00009,30833699.125966668,10.0
intact,solidity,-2.00000000003e-09,1.37625e-08,-6000000.00009,30878368.175699998,10.0
intact,solidity,-2.00000000003e-09,1.37925e-08,-6000000.00009,30922938.3035,10.0
intact,solidity,-2.00000000003e-09,1.38225e-08,-6000000.00009,30967409.509466667,10.0
intact,solidity,-2.00000000003e-09,1.38525e-08,-6000000.00009,31011781.793566663,10.0
intact,solidity,-2.00000000003e-09,1.38825e-08,-6000000.00009,31056055.1558,10.0
intact,solidity,-2.00000000003e-09,1.39125e-08,-6000000.00009,31100229.59606667,10.0
intact,solidity,-2.00000000003e-09,1.39425e-08,-6000000.00009,31144305.1146,10.0
intact,solidity,-2.00000000003e-09,1.39724999999e-08,-6000000.00009,31188281.711033333,10.0
intact,solidity,-2.00000000003e-09,1.40025e-08,-6000000.00009,31232159.3858,10.0
intact,solidity,-2.00000000003e-09,1.40325e-08,-6000000.00009,31275938.13866667,10.0
intact,solidity,-2.00000000003e-09,1.40625e-08,-6000000.00009,31319617.969566662,10.0
intact,solidity,-2.00000000003e-09,1.40925e-08,-6000000.00009,31363198.87866667,10.0
intact,solidity,-2.00000000003e-09,1.41225e-08,-6000000.00009,31406680.865800004,10.0
intact,solidity,-2.00000000003e-09,1.41525e-08,-6000000.00009,31450063.9312,10.0
intact,solidity,-2.00000000003e-09,1.41825e-08,-6000000.00009,31493348.074533332,10.0
intact,solidity,-2.00000000003e-09,1.42125e-08,-6000000.00009,31536533.296133336,10.0
intact,solidity,-2.00000000003e-09,1.42425e-08,-6000000.00009,31579619.595733333,10.0
intact,solidity,-2.00000000003e-09,1.42725e-08,-6000000.00009,31622606.9736,10.0
intact,solidity,-2.00000000003e-09,1.43025e-08,-6000000.00009,31665495.429566666,10.0
intact,solidity,-2.00000000003e-09,1.43325e-08,-6000000.00009,31708284.963566665,10.0
intact,solidity,-2.00000000003e-09,1.43625e-08,-6000000.00009,31750975.575766668,10.0
intact,solidity,-2.00000000003e-09,1.43925e-08,-6000000.00009,31793567.266,10.0
intact,solidity,-2.00000000003e-09,1.44225e-08,-6000000.00009,31836060.0345,10.0
intact,solidity,-2.00000000003e-09,1.44525e-08,-6000000.00009,31878453.880966667,10.0
intact,solidity,-2.00000000003e-09,1.44825e-08,-6000000.00009,31920748.8057,10.0
intact,solidity,-2.00000000003e-09,1.45125e-08,-6000000.00009,31962944.8084,10.0
intact,solidity,-2.00000000003e-09,1.45425e-08,-6000000.00009,32005041.8893,10.0
intact,solidity,-2.00000000003e-09,1.45725000001e-08,-6000000.00009,32047040.0484,10.0
intact,solidity,-2.00000000003e-09,1.46025e-08,-6000000.00009,32088939.2855,10.0
intact,solidity,-2.00000000003e-09,1.46325e-08,-6000000.00009,32130739.600799996,10.0
intact,solidity,-2.00000000003e-09,1.46625e-08,-6000000.00009,32172440.99416666,10.0
intact,solidity,-2.00000000003e-09,1.46925e-08,-6000000.00009,32214043.4657,10.0
intact,solidity,-2.00000000003e-09,1.47225e-08,-6000000.00009,32255547.015333336,10.0
intact,solidity,-2.00000000003e-09,1.47525e-08,-6000000.00009,32296951.643100005,10.0
intact,solidity,-2.00000000003e-09,1.47825e-08,-6000000.00009,32338257.348933335,10.0
intact,solidity,-2.00000000003e-09,1.48125e-08,-6000000.00009,32379464.133,10.0
intact,solidity,-2.00000000003e-09,1.48425000001e-08,-6000000.00009,32420571.99516667,10.0
intact,solidity,-2.00000000003e-09,1.48725e-08,-6000000.00009,32461580.935399998,10.0
intact,solidity,-2.00000000003e-09,1.49025e-08,-6000000.00009,32502490.953766663,10.0
intact,solidity,-2.00000000003e-09,1.49325e-08,-6000000.00009,32543302.0502,10.0
intact,solidity,-2.00000000003e-09,1.49625e-08,-6000000.00009,32584014.224899996,10.0
intact,solidity,-2.00000000003e-09,1.49925e-08,-6000000.00009,32624627.47763333,10.0
intact,solidity,-2.02250000005e-09,1.5e-08,-6067500.00015,32672370.466133337,11.0
intact,solidity,-2.05250000004e-09,1.5e-08,-6157500.00012,32722156.277733337,11.0
intact,solidity,-2.08250000003e-09,1.5e-08,-6247500.00008,32771541.581266668,11.0
intact,solidity,-2.11250000002e-09,1.5e-08,-6337500.00005,32820531.190333333,11.0
intact,solidity,-2.1425e-09,1.5e-08,-6427500.00001,32869129.841633335,11.0
intact,solidity,-2.17249999999e-09,1.5e-08,-6517499.99998,32917342.196633335,11.0
intact,solidity,-2.20249999998e-09,1.5e-08,-6607499.99994,32965172.84283333,11.0
intact,solidity,-2.23249999997e-09,1.5e-08,-6697499.99991,33012626.295533333,11.0
intact,solidity,-2.26249999996e-09,1.5e-08,-6787499.99988,33059706.999066666,11.0
intact,solidity,-2.29249999995e-09,1.5e-08,-6877499.99984,33106419.328133333,11.0
intact,solidity,-2.32250000004e-09,1.5e-08,-6967500.0001300005,33152767.589533333,11.0
intact,solidity,-2.35250000003e-09,1.5e-08,-7057500.000099999,33198756.022633333,11.0
intact,solidity,-2.38250000002e-09,1.5e-08,-7147500.00006,33244388.801633332,11.0
intact,solidity,-2.41250000001e-09,1.5e-08,-7237500.00003,33289670.03646667,11.0
intact,solidity,-2.4425e-09,1.5e-08,-7327499.99999,33334603.773833334,11.0
intact,solidity,-2.47249999999e-09,1.5e-08,-7417499.999960001,33379193.998533335,11.0
intact,solidity,-2.50249999998e-09,1.5e-08,-7507499.999929999,33423444.634733334,11.0
intact,solidity,-2.53249999996e-09,1.5e-08,-7597499.99989,33467359.547133338,11.0
intact,solidity,-2.56249999995e-09,1.5e-08,-7687499.99986,33510942.54193333,11.0
intact,solidity,-2.59250000005e-09,1.5e-08,-7777500.00015,33554197.3681,11.0
intact,solidity,-2.62250000004e-09,1.5e-08,-7867500.00011,33597127.71796667,11.0
intact,solidity,-2.65250000003e-09,1.5e-08,-7957500.00008,33639737.2292,11.0
intact,solidity,-2.68250000001e-09,1.5e-08,-8047500.000039999,33682029.485,11.0
intact,solidity,-2.7125e-09,1.5e-08,-8137500.00001,33724008.015533336,11.0
intact,solidity,-2.74249999999e-09,1.5e-08,-8227499.99998,33765676.2987,11.0
intact,solidity,-2.77249999998e-09,1.5e-08,-8317499.99994,33807037.76123334,11.0
intact,solidity,-2.80249999997e-09,1.5e-08,-8407499.99991,33848095.779633336,11.0
intact,solidity,-2.83249999996e-09,1.5e-08,-8497499.99987,33888853.68083333,11.0
intact,solidity,-2.86249999995e-09,1.5e-08,-8587499.99984,33929314.74363334,11.0
intact,solidity,-2.89250000004e-09,1.5e-08,-8677500.00013,33969482.199033335,11.0
intact,solidity,-2.92250000003e-09,1.5e-08,-8767500.00009,34009359.231133334,11.0
intact,solidity,-2.95250000002e-09,1.5e-08,-8857500.00006,34048948.978533335,11.0
intact,solidity,-2.98250000001e-09,1.5e-08,-8947500.00003,34088254.53453333,11.0
intact,solidity,-3.0125e-09,1.5e-08,-9037499.99999,34127278.94833333,11.0
intact,solidity,-3.04249999999e-09,1.5e-08,-9127499.99996,34166025.22553334,11.0
intact,solidity,-3.07249999997e-09,1.5e-08,-9217499.99992,34204496.32913333,11.0
intact,solidity,-3.10249999996e-09,1.5e-08,-9307499.99989,34242695.180133335,11.0
intact,solidity,-3.13249999995e-09,1.5e-08,-9397499.99985,34280624.65833333,11.0
intact,solidity,-3.16250000005e-09,1.5e-08,-9487500.00015,34318287.6033,11.0
intact,solidity,-3.19250000004e-09,1.5e-08,-9577500.00011,34355686.81426667,11.0
intact,solidity,-3.22250000003e-09,1.5e-08,-9667500.00008,34392825.05193333,11.0
intact,solidity,-3.25250000001e-09,1.5e-08,-9757500.00004,34429705.038433336,11.0
intact,solidity,-3.2825e-09,1.5e-08,-9847500.00001,34466329.4582,11.0
intact,solidity,-3.31249999999e-09,1.5e-08,-9937499.99997,34502700.95843334,11.0
intact,solidity,-3.34249999998e-09,1.5e-08,-10027499.9999,34538822.15016667,11.0
intact,solidity,-3.37249999997e-09,1.5e-08,-10117499.9999,34574695.6084,11.0
intact,solidity,-3.40249999996e-09,1.5e-08,-10207499.9999,34610323.873,11.0
intact,solidity,-3.43250000005e-09,1.5e-08,-10297500.0002,34645709.44933333,11.0
intact,solidity,-3.46250000004e-09,1.5e-08,-10387500.0001,34680854.80853333,11.0
intact,solidity,-3.49250000003e-09,1.5e-08,-10477500.0001,34715762.3884,11.0
intact,solidity,-3.52250000002e-09,1.5e-08,-10567500.0001,34750434.59393334,11.0
intact,solidity,-3.55250000001e-09,1.5e-08,-10657500.0,34784873.79776666,11.0
intact,solidity,-3.5825e-09,1.5e-08,-10747500.0,34819082.340733334,11.0
intact,solidity,-3.61249999999e-09,1.5e-08,-10837500.0,34853062.5324,11.0
intact,solidity,-3.64249999997e-09,1.5e-08,-10927499.9999,34886816.65163333,11.0
intact,solidity,-3.67249999996e-09,1.5e-08,-11017499.9999,34920346.94703333,11.0
intact,solidity,-3.70249999995e-09,1.5e-08,-11107499.9999,34953655.63753334,11.0
intact,solidity,-3.73250000005e-09,1.5e-08,-11197500.0001,34986744.913,11.0
intact,solidity,-3.76250000004e-09,1.5e-08,-11287500.0001,35019616.934033334,11.0
intact,solidity,-3.79250000002e-09,1.5e-08,-11377500.0001,35052273.833333336,11.0
intact,solidity,-3.82250000001e-09,1.5e-08,-11467500.0,35084717.715833336,11.0
intact,solidity,-3.8525e-09,1.5e-08,-11557500.0,35116950.658933334,11.0
intact,solidity,-3.88249999999e-09,1.5e-08,-11647500.0,35148974.71323333,11.0
intact,solidity,-3.91249999998e-09,1.5e-08,-11737499.9999,35180791.90263333,11.0
intact,solidity,-3.94249999997e-09,1.5e-08,-11827499.9999,35212404.22513334,11.0
intact,solidity,-3.97249999996e-09,1.5e-08,-11917499.9999,35243813.653066665,11.0
intact,solidity,-4.00250000005e-09,1.5e-08,-12007500.000199998,35275022.13363333,11.0
intact,solidity,-4.03250000004e-09,1.5e-08,-12097500.0001,35306031.588933334,11.0
intact,solidity,-4.06250000003e-09,1.5e-08,-12187500.0001,35336843.91673333,11.0
intact,solidity,-4.09250000002e-09,1.5e-08,-12277500.0001,35367460.99093334,11.0
intact,solidity,-4.12250000001e-09,1.5e-08,-12367500.0,35397884.661466666,11.0
intact,solidity,-4.1525e-09,1.5e-08,-12457500.0,35428116.75523333,11.0
intact,solidity,-4.18249999998e-09,1.5e-08,-12547500.0,35458159.0761,11.0
intact,solidity,-4.21249999997e-09,1.5e-08,-12637499.9999,35488013.40523333,11.0
intact,solidity,-4.24249999996e-09,1.5e-08,-12727499.9999,35517681.50176667,11.0
intact,solidity,-4.27249999995e-09,1.5e-08,-12817499.999800002,35547165.10283333,11.0
intact,solidity,-4.30250000005e-09,1.5e-08,-12907500.0001,35576465.92423333,11.0
intact,solidity,-4.33250000004e-09,1.5e-08,-12997500.0001,35605585.660066664,11.0
intact,solidity,-4.36250000002e-09,1.5e-08,-13087500.0001,35634525.98413333,11.0
intact,solidity,-4.39250000001e-09,1.5e-08,-13177500.0,35663288.54923333,11.0
intact,solidity,-4.4225e-09,1.5e-08,-13267500.0,35691874.98833334,11.0
intact,solidity,-4.45249999999e-09,1.5e-08,-13357500.0,35720286.91413333,11.0
intact,solidity,-4.48249999998e-09,1.5e-08,-13447499.9999,35748525.91973333,11.0
intact,solidity,-4.51249999997e-09,1.5e-08,-13537499.9999,35776593.57913333,11.0
intact,solidity,-4.54249999996e-09,1.5e-08,-13627499.9999,35804491.44703333,11.0
intact,solidity,-4.57250000005e-09,1.5e-08,-13717500.000199998,35832221.05963334,11.0
intact,solidity,-4.60250000004e-09,1.5e-08,-13807500.0001,35859783.93433333,11.0
intact,solidity,-4.63250000003e-09,1.5e-08,-13897500.0001,35887181.5705,11.0
intact,solidity,-4.66250000002e-09,1.5e-08,-13987500.0001,35914415.44966667,11.0
intact,solidity,-4.69250000001e-09,1.5e-08,-14077500.0,35941487.03566667,11.0
intact,solidity,-4.72249999999e-09,1.5e-08,-14167500.0,35968397.77483333,11.0
intact,solidity,-4.75249999998e-09,1.5e-08,-14257500.0,35995149.096533336,11.0
intact,solidity,-4.78249999997e-09,1.5e-08,-14347499.9999,36021742.41303334,11.0
intact,solidity,-4.81249999996e-09,1.5e-08,-14437499.9999,36048179.120233335,11.0
intact,solidity,-4.84249999995e-09,1.5e-08,-14527499.999800002,36074460.597333334,11.0
intact,solidity,-4.87250000005e-09,1.5e-08,-14617500.0001,36100588.20773333,11.0
intact,solidity,-4.90250000003e-09,1.5e-08,-14707500.0001,36126563.29843333,11.0
intact,solidity,-4.93250000002e-09,1.5e-08,-14797500.0001,36152387.20133334,11.0
intact,solidity,-4.96250000001e-09,1.5e-08,-14887500.0,36178061.23233333,11.0
intact,solidity,-4.9925e-09,1.5e-08,-14977500.0,36203586.69256667,11.0
intact,solidity,-5.02249999999e-09,1.5e-08,-15067500.0,36228964.86783333,11.0
intact,solidity,-5.05249999998e-09,1.5e-08,-15157499.9999,36254197.02933333,11.0
intact,solidity,-5.08249999997e-09,1.5e-08,-15247499.9999,36279284.43343333,11.0
intact,solidity,-5.11249999995e-09,1.5e-08,-15337499.9999,36304228.32243333,11.0
intact,solidity,-5.14250000005e-09,1.5e-08,-15427500.000199998,36329029.924333334,11.0
intact,solidity,-5.17250000004e-09,1.5e-08,-15517500.0001,36353690.453033336,11.0
intact,solidity,-5.20250000003e-09,1.5e-08,-15607500.0001,36378211.10873333,11.0
intact,solidity,-5.23250000002e-09,1.5e-08,-15697500.0001,36402593.07816667,11.0
intact,solidity,-5.26250000001e-09,1.5e-08,-15787500.0,36426837.53463333,11.0
intact,solidity,-5.29249999999e-09,1.5e-08,-15877500.0,36450945.63813333,11.0
intact,solidity,-5.32249999998e-09,1.5e-08,-15967499.9999,36474918.53583334,11.0
intact,solidity,-5.35249999997e-09,1.5e-08,-16057499.9999,36498757.361833334,11.0
intact,solidity,-5.38249999996e-09,1.5e-08,-16147499.9999,36522463.2379,11.0
intact,solidity,-5.41249999995e-09,1.5e-08,-16237499.999800002,36546037.27296667,11.0
intact,solidity,-5.44250000005e-09,1.5e-08,-16327500.0001,36569480.56403334,11.0
intact,solidity,-5.47250000003e-09,1.5e-08,-16417500.0001,36592794.195533335,11.0
intact,solidity,-5.50250000002e-09,1.5e-08,-16507500.0001,36615979.24033333,11.0
intact,solidity,-5.53250000001e-09,1.5e-08,-16597500.0,36639036.75926667,11.0
intact,solidity,-5.5625e-09,1.5e-08,-16687500.0,36661967.80166667,11.0
intact,solidity,-5.59249999999e-09,1.5e-08,-16777500.0,36684773.4053,11.0
intact,solidity,-5.62249999998e-09,1.5e-08,-16867499.9999,36707454.59663334,11.0
intact,solidity,-5.65249999997e-09,1.5e-08,-16957499.9999,36730012.390933335,11.0
intact,solidity,-5.68249999995e-09,1.5e-08,-17047499.9999,36752447.79243333,11.0
intact,solidity,-5.71250000005e-09,1.5e-08,-17137500.0002,36774761.79483333,11.0
intact,solidity,-5.74250000004e-09,1.5e-08,-17227500.0001,36796955.380433336,11.0
intact,solidity,-5.77250000003e-09,1.5e-08,-17317500.0001,36819029.52153333,11.0
intact,solidity,-5.80250000002e-09,1.5e-08,-17407500.0,36840985.17983333,11.0
intact,solidity,-5.8325e-09,1.5e-08,-17497500.0,36862823.30663333,11.0
intact,solidity,-5.86249999999e-09,1.5e-08,-17587500.0,36884544.84323333,11.0
intact,solidity,-5.89249999998e-09,1.5e-08,-17677499.9999,36906150.72076667,11.0
intact,solidity,-5.92249999997e-09,1.5e-08,-17767499.9999,36927641.860633336,11.0
intact,solidity,-5.95249999996e-09,1.5e-08,-17857499.9999,36949019.17423333,11.0
intact,solidity,-5.98249999995e-09,1.5e-08,-17947499.9998,36970283.56363333,11.0
intact,solidity,-6.01250000004e-09,1.5e-08,-18037500.0001,36991435.92123333,11.0
intact,solidity,-6.04250000003e-09,1.5e-08,-18127500.0001,37012477.12996667,11.0
intact,solidity,-6.07250000002e-09,1.5e-08,-18217500.0001,37033408.063666664,11.0
intact,solidity,-6.10250000001e-09,1.5e-08,-18307500.0,37054229.58703333,11.0
intact,solidity,-6.1325e-09,1.5e-08,-18397500.0,37074942.555599995,11.0
intact,solidity,-6.16249999999e-09,1.5e-08,-18487500.0,37095547.816133335,11.0
intact,solidity,-6.19249999998e-09,1.5e-08,-18577499.9999,37116046.20663334,11.0
intact,solidity,-6.22249999996e-09,1.5e-08,-18667499.9999,37136438.55633333,11.0
intact,solidity,-6.25249999995e-09,1.5e-08,-18757499.9999,37156725.68593333,11.0
intact,solidity,-6.28250000005e-09,1.5e-08,-18847500.0001,37176908.407866664,11.0
intact,solidity,-6.31250000004e-09,1.5e-08,-18937500.0001,37196987.52583333,11.0
intact,solidity,-6.34250000003e-09,1.5e-08,-19027500.0001,37216963.83563334,11.0
intact,solidity,-6.37250000002e-09,1.5e-08,-19117500.0,37236838.124866664,11.0
intact,solidity,-6.4025e-09,1.5e-08,-19207500.0,37256611.173033334,11.0
intact,solidity,-6.43249999999e-09,1.5e-08,-19297500.0,37276283.751833335,11.0
intact,solidity,-6.46249999998e-09,1.5e-08,-19387499.9999,37295856.625033334,11.0
intact,solidity,-6.49249999997e-09,1.5e-08,-19477499.9999,37315330.54866666,11.0
intact,solidity,-6.52249999996e-09,1.5e-08,-19567499.9999,37334706.27126667,11.0
intact,solidity,-6.55249999995e-09,1.5e-08,-19657499.9998,37353984.53373333,11.0
intact,solidity,-6.58250000004e-09,1.5e-08,-19747500.0001,37373166.069633335,11.0
intact,solidity,-6.61250000003e-09,1.5e-08,-19837500.0001,37392251.605,11.0
intact,solidity,-6.64250000002e-09,1.5e-08,-19927500.0001,37411241.85873333,11.0
intact,solidity,-6.67250000001e-09,1.5e-08,-20017500.0,37430137.54263333,11.0
intact,solidity,-6.7025e-09,1.5e-08,-20107500.0,37448939.361433335,11.0
intact,solidity,-6.73249999999e-09,1.5e-08,-20197500.0,37467648.01263333,11.0
intact,solidity,-6.76249999998e-09,1.5e-08,-20287499.9999,37486264.187233336,11.0
intact,solidity,-6.79249999996e-09,1.5e-08,-20377499.9999,37504788.56903333,11.0
intact,solidity,-6.82249999995e-09,1.5e-08,-20467499.9999,37523221.835433334,11.0
intact,solidity,-6.85250000005e-09,1.5e-08,-20557500.0001,37541564.65703333,11.0
intact,solidity,-6.88250000004e-09,1.5e-08,-20647500.0001,37559817.69763333,11.0
intact,solidity,-6.91250000003e-09,1.5e-08,-20737500.0001,37577981.615033336,11.0
intact,solidity,-6.94250000001e-09,1.5e-08,-20827500.0,37596057.060333334,11.0
intact,solidity,-6.9725e-09,1.5e-08,-20917500.0,37614044.67823333,11.0
intact,solidity,-7.00249999999e-09,1.5e-08,-21007500.0,37631945.107433334,11.0
intact,solidity,-7.03249999998e-09,1.5e-08,-21097499.9999,37649758.9803,11.0
intact,solidity,-7.06249999997e-09,1.5e-08,-21187499.9999,37667486.92306667,11.0
intact,solidity,-7.09249999996e-09,1.5e-08,-21277499.9999,37685129.556033336,11.0
intact,solidity,-7.12249999995e-09,1.5e-08,-21367499.9998,37702687.49356667,11.0
intact,solidity,-7.15250000004e-09,1.5e-08,-21457500.0001,37720161.34413333,11.0
intact,solidity,-7.18250000003e-09,1.5e-08,-21547500.0001,37737551.71013334,11.0
intact,solidity,-7.21250000002e-09,1.5e-08,-21637500.0001,37754859.188533336,11.0
intact,solidity,-7.24250000001e-09,1.5e-08,-21727500.0,37772084.37053333,11.0
intact,solidity,-7.2725e-09,1.5e-08,-21817500.0,37789227.8418,11.0
intact,solidity,-7.30249999999e-09,1.5e-08,-21907500.0,37806290.18223333,11.0
intact,solidity,-7.33249999997e-09,1.5e-08,-21997499.9999,37823271.96653333,11.0
intact,solidity,-7.36249999996e-09,1.5e-08,-22087499.9999,37840173.7637,11.0
intact,solidity,-7.39249999995e-09,1.5e-08,-22177499.9999,37856996.13763333,11.0
intact,solidity,-7.42250000005e-09,1.5e-08,-22267500.0001,37873739.64693333,11.0
intact,solidity,-7.45250000004e-09,1.5e-08,-22357500.0001,37890404.84463333,11.0
intact,solidity,-7.48250000003e-09,1.5e-08,-22447500.0001,37906992.27903333,11.0
intact,solidity,-7.51250000001e-09,1.5e-08,-22537500.0,37923502.49323333,11.0
intact,solidity,-7.5425e-09,1.5e-08,-22627500.0,37939936.02503333,11.0
intact,solidity,-7.57249999999e-09,1.5e-08,-22717500.0,37956293.407466665,11.0
intact,solidity,-7.60249999998e-09,1.5e-08,-22807499.9999,37972575.1687,11.0
intact,solidity,-7.63249999997e-09,1.5e-08,-22897499.9999,37988781.83183333,11.0
intact,solidity,-7.66249999996e-09,1.5e-08,-22987499.9999,38004913.91526667,11.0
intact,solidity,-7.69250000005e-09,1.5e-08,-23077500.0002,38020971.932733335,11.0
intact,solidity,-7.72250000004e-09,1.5e-08,-23167500.0001,38036956.39293333,11.0
intact,solidity,-7.75250000003e-09,1.5e-08,-23257500.0001,38052867.800233334,11.0
intact,solidity,-7.78250000002e-09,1.5e-08,-23347500.0001,38068706.65433333,11.0
intact,solidity,-7.81250000001e-09,1.5e-08,-23437500.0,38084473.450333335,11.0
intact,solidity,-7.8425e-09,1.5e-08,-23527500.0,38100168.6788,11.0
intact,solidity,-7.87249999998e-09,1.5e-08,-23617500.0,38115792.82593334,11.0
intact,solidity,-7.90249999997e-09,1.5e-08,-23707499.9999,38131346.37353333,11.0
intact,solidity,-7.93249999996e-09,1.5e-08,-23797499.9999,38146829.79903334,11.0
intact,solidity,-7.96249999995e-09,1.5e-08,-23887499.9999,38162243.57563333,11.0
intact,solidity,-7.99250000005e-09,1.5e-08,-23977500.0001,38177588.1722,11.0
intact,solidity,-8.02250000004e-09,1.5e-08,-24067500.0001,38192864.053333335,11.0
intact,solidity,-8.05250000002e-09,1.5e-08,-24157500.0001,38208071.679699995,11.0
intact,solidity,-8.08250000001e-09,1.5e-08,-24247500.0,38223211.507633336,11.0
intact,solidity,-8.1125e-09,1.5e-08,-24337500.0,38238283.98963333,11.0
intact,solidity,-8.14249999999e-09,1.5e-08,-24427500.0,38253289.57393333,11.0
intact,solidity,-8.17249999998e-09,1.5e-08,-24517499.9999,38268228.70503333,11.0
intact,solidity,-8.20249999997e-09,1.5e-08,-24607499.9999,38283101.82333333,11.0
intact,solidity,-8.23249999996e-09,1.5e-08,-24697499.9999,38297909.3655,11.0
intact,solidity,-8.26250000005e-09,1.5e-08,-24787500.0002,38312651.764233336,11.0
intact,solidity,-8.29250000004e-09,1.5e-08,-24877500.0001,38327329.44833333,11.0
intact,solidity,-8.32250000003e-09,1.5e-08,-24967500.0001,38341942.84313333,11.0
intact,solidity,-8.35250000002e-09,1.5e-08,-25057500.0001,38356492.37003333,11.0
intact,solidity,-8.38250000001e-09,1.5e-08,-25147500.0,38370978.4469,11.0
intact,solidity,-8.4125e-09,1.5e-08,-25237500.0,38385401.4878,11.0
intact,solidity,-8.44249999998e-09,1.5e-08,-25327500.0,38399761.903333336,11.0
intact,solidity,-8.47249999997e-09,1.5e-08,-25417499.9999,38414060.100433335,11.0
intact,solidity,-8.50249999996e-09,1.5e-08,-25507499.9999,38428296.48273333,11.0
intact,solidity,-8.53249999995e-09,1.5e-08,-25597499.9998,38442471.45003334,11.0
intact,solidity,-8.56250000005e-09,1.5e-08,-25687500.0001,38456585.39913333,11.0
intact,solidity,-8.59250000004e-09,1.5e-08,-25777500.0001,38470638.72293333,11.0
intact,solidity,-8.62250000002e-09,1.5e-08,-25867500.0001,38484631.811333336,11.0
intact,solidity,-8.65250000001e-09,1.5e-08,-25957500.0,38498565.050733335,11.0
intact,solidity,-8.6825e-09,1.5e-08,-26047500.0,38512438.82433333,11.0
intact,solidity,-8.71249999999e-09,1.5e-08,-26137500.0,38526253.51196667,11.0
intact,solidity,-8.74249999998e-09,1.5e-08,-26227499.9999,38540009.49033333,11.0
intact,solidity,-8.77249999997e-09,1.5e-08,-26317499.9999,38553707.13283333,11.0
intact,solidity,-8.80249999996e-09,1.5e-08,-26407499.9999,38567346.80983333,11.0
intact,solidity,-8.83250000005e-09,1.5e-08,-26497500.0002,38580928.88843334,11.0
intact,solidity,-8.86250000004e-09,1.5e-08,-26587500.0001,38594453.732766666,11.0
intact,solidity,-8.89250000003e-09,1.5e-08,-26677500.0001,38607921.703833334,11.0
intact,solidity,-8.92250000002e-09,1.5e-08,-26767500.0001,38621333.15953333,11.0
intact,solidity,-8.95250000001e-09,1.5e-08,-26857500.0,38634688.454966664,11.0
intact,solidity,-8.98249999999e-09,1.5e-08,-26947500.0,38647987.94213334,11.0
intact,solidity,-9.01249999998e-09,1.5e-08,-27037500.0,38661231.97003333,11.0
intact,solidity,-9.04249999997e-09,1.5e-08,-27127499.9999,38674420.88493333,11.0
intact,solidity,-9.07249999996e-09,1.5e-08,-27217499.9999,38687555.03013334,11.0
intact,solidity,-9.10249999995e-09,1.5e-08,-27307499.9998,38700634.74603333,11.0
intact,solidity,-9.13250000005e-09,1.5e-08,-27397500.0001,38713660.37033334,11.0
intact,solidity,-9.16250000003e-09,1.5e-08,-27487500.0001,38726632.23783333,11.0
intact,solidity,-9.19250000002e-09,1.5e-08,-27577500.0001,38739550.68063334,11.0
intact,solidity,-9.22250000001e-09,1.5e-08,-27667500.0,38752416.02813333,11.0
intact,solidity,-9.2525e-09,1.5e-08,-27757500.0,38765228.607033335,11.0
intact,solidity,-9.28249999999e-09,1.5e-08,-27847500.0,38777988.741233334,11.0
intact,solidity,-9.31249999998e-09,1.5e-08,-27937499.9999,38790696.7521,11.0
intact,solidity,-9.34249999997e-09,1.5e-08,-28027499.9999,38803352.958333336,11.0
intact,solidity,-9.37249999995e-09,1.5e-08,-28117499.9999,38815957.67623333,11.0
intact,solidity,-9.40250000005e-09,1.5e-08,-28207500.0002,38828511.2192,11.0
intact,solidity,-9.43250000004e-09,1.5e-08,-28297500.0001,38841013.89823333,11.0
intact,solidity,-9.46250000003e-09,1.5e-08,-28387500.0001,38853466.02193333,11.0
intact,solidity,-9.49250000002e-09,1.5e-08,-28477500.0001,38865867.89626667,11.0
intact,solidity,-9.52250000001e-09,1.5e-08,-28567500.0,38878219.82483333,11.0
intact,solidity,-9.55249999999e-09,1.5e-08,-28657500.0,38890522.10863333,11.0
intact,solidity,-9.58249999998e-09,1.5e-08,-28747499.9999,38902775.04653333,11.0
intact,solidity,-9.61249999997e-09,1.5e-08,-28837499.9999,38914978.93473333,11.0
intact,solidity,-9.64249999996e-09,1.5e-08,-28927499.9999,38927134.06713334,11.0
intact,solidity,-9.67249999995e-09,1.5e-08,-29017499.9998,38939240.73543333,11.0
intact,solidity,-9.70250000005e-09,1.5e-08,-29107500.0001,38951299.22883333,11.0
intact,solidity,-9.73250000003e-09,1.5e-08,-29197500.0001,38963309.83433333,11.0
intact,solidity,-9.76250000002e-09,1.5e-08,-29287500.0001,38975272.83663333,11.0
intact,solidity,-9.79250000001e-09,1.5e-08,-29377500.0,38987188.518133335,11.0
intact,solidity,-9.8225e-09,1.5e-08,-29467500.0,38999057.15913334,11.0
intact,solidity,-9.85249999999e-09,1.5e-08,-29557500.0,39010879.0376,11.0
intact,solidity,-9.88249999998e-09,1.5e-08,-29647499.9999,39022654.42933334,11.0
intact,solidity,-9.91249999996e-09,1.5e-08,-29737499.9999,39034383.60803334,11.0
intact,solidity,-9.94249999995e-09,1.5e-08,-29827499.9999,39046066.84523333,11.0
intact,solidity,-9.97250000005e-09,1.5e-08,-29917500.0002,39057704.4103,11.0
intact,solidity,-1.00025e-08,1.5e-08,-30007500.0001,39069296.57043333,11.0
intact,solidity,-1.00325e-08,1.5e-08,-30097500.0001,39080843.59103333,11.0
intact,solidity,-1.00625e-08,1.5e-08,-30187500.0,39092345.73503333,11.0
intact,solidity,-1.00925e-08,1.5e-08,-30277500.0,39103803.263733335,11.0
intact,solidity,-1.01225e-08,1.5e-08,-30367500.0,39115216.4361,11.0
intact,solidity,-1.01525e-08,1.5e-08,-30457499.9999,39126585.50923333,11.0
intact,solidity,-1.01825e-08,1.5e-08,-30547499.9999,39137910.738233335,11.0
intact,solidity,-1.02125e-08,1.5e-08,-30637499.9999,39149192.37623333,11.0
intact,solidity,-1.02424999999e-08,1.5e-08,-30727499.9998,39160430.674433336,11.0
intact,solidity,-1.02725e-08,1.5e-08,-30817500.0001,39171625.8822,11.0
intact,solidity,-1.03025e-08,1.5e-08,-30907500.0001,39182778.24673333,11.0
intact,solidity,-1.03325e-08,1.5e-08,-30997500.0001,39193888.0135,11.0
intact,solidity,-1.03625e-08,1.5e-08,-31087500.0,39204955.426133335,11.0
intact,solidity,-1.03925e-08,1.5e-08,-31177500.0,39215980.72643334,11.0
intact,solidity,-1.04225e-08,1.5e-08,-31267500.0,39226964.15433333,11.0
intact,solidity,-1.04525e-08,1.5e-08,-31357499.9999,39237905.947733335,11.0
intact,solidity,-1.04825e-08,1.5e-08,-31447499.9999,39248806.34313333,11.0
intact,solidity,-1.05125e-08,1.5e-08,-31537499.9999,39259665.57483333,11.0
intact,solidity,-1.05425e-08,1.5e-08,-31627500.0001,39270483.87573333,11.0
intact,solidity,-1.05725e-08,1.5e-08,-31717500.0001,39281261.476733334,11.0
intact,solidity,-1.06025e-08,1.5e-08,-31807500.0001,39291998.6071,11.0
intact,solidity,-1.06325e-08,1.5e-08,-31897500.0,39302695.494333334,11.0
intact,solidity,-1.06625e-08,1.5e-08,-31987500.0,39313352.364300005,11.0
intact,solidity,-1.06925e-08,1.5e-08,-32077500.0,39323969.4411,11.0
intact,solidity,-1.07225e-08,1.5e-08,-32167499.9999,39334546.947233334,11.0
intact,solidity,-1.07525e-08,1.5e-08,-32257499.9999,39345085.10343333,11.0
intact,solidity,-1.07825e-08,1.5e-08,-32347499.9999,39355584.129033335,11.0
intact,solidity,-1.08124999999e-08,1.5e-08,-32437499.9998,39366044.24143333,11.0
intact,solidity,-1.08425e-08,1.5e-08,-32527500.0001,39376465.65663333,11.0
intact,solidity,-1.08725e-08,1.5e-08,-32617500.0001,39386848.589033335,11.0
intact,solidity,-1.09025e-08,1.5e-08,-32707500.0001,39397193.25123333,11.0
intact,solidity,-1.09325e-08,1.5e-08,-32797500.0,39407499.85463333,11.0
intact,solidity,-1.09625e-08,1.5e-08,-32887500.0,39417768.6087,11.0
intact,solidity,-1.09925e-08,1.5e-08,-32977500.0,39427999.72163334,11.0
intact,solidity,-1.10225e-08,1.5e-08,-33067499.9999,39438193.40003333,11.0
intact,solidity,-1.10525e-08,1.5e-08,-33157499.9999,39448349.84893333,11.0
intact,solidity,-1.10825e-08,1.5e-08,-33247499.9999,39458469.272,11.0
intact,solidity,-1.11125e-08,1.5e-08,-33337500.0001,39468551.87123334,11.0
intact,solidity,-1.11425e-08,1.5e-08,-33427500.0001,39478597.847333334,11.0
intact,solidity,-1.11725e-08,1.5e-08,-33517500.0001,39488607.39943334,11.0
intact,solidity,-1.12025e-08,1.5e-08,-33607500.0,39498580.7253,11.0
intact,solidity,-1.12325e-08,1.5e-08,-33697500.0,39508518.021233335,11.0
intact,solidity,-1.12625e-08,1.5e-08,-33787500.0,39518419.48206667,11.0
intact,solidity,-1.12925e-08,1.5e-08,-33877499.9999,39528285.3014,11.0
intact,solidity,-1.13225e-08,1.5e-08,-33967499.9999,39538115.67123333,11.0
intact,solidity,-1.13525e-08,1.5e-08,-34057499.9999,39547910.782400005,11.0
intact,solidity,-1.13824999999e-08,1.5e-08,-34147499.9998,39557670.82413334,11.0
intact,solidity,-1.14125e-08,1.5e-08,-34237500.0001,39567395.98453333,11.0
intact,solidity,-1.14425e-08,1.5e-08,-34327500.0001,39577086.45023333,11.0
intact,solidity,-1.14725e-08,1.5e-08,-34417500.0001,39586742.40643334,11.0
intact,solidity,-1.15025e-08,1.5e-08,-34507500.0,39596364.03733333,11.0
intact,solidity,-1.15325e-08,1.5e-08,-34597500.0,39605951.5256,11.0
intact,solidity,-1.15625e-08,1.5e-08,-34687500.0,39615505.052533336,11.0
intact,solidity,-1.15925e-08,1.5e-08,-34777499.9999,39625024.79843333,11.0
intact,solidity,-1.16225e-08,1.5e-08,-34867499.9999,39634510.942,11.0
intact,solidity,-1.16525e-08,1.5e-08,-34957499.9999,39643963.660900004,11.0
intact,solidity,-1.16825e-08,1.5e-08,-35047500.0001,39653383.13153333,11.0
intact,solidity,-1.17125e-08,1.5e-08,-35137500.0001,39662769.528900005,11.0
intact,solidity,-1.17425e-08,1.5e-08,-35227500.0001,39672123.026933335,11.0
intact,solidity,-1.17725e-08,1.5e-08,-35317500.0,39681443.79833333,11.0
intact,solidity,-1.18025e-08,1.5e-08,-35407500.0,39690732.0145,11.0
intact,solidity,-1.18325e-08,1.5e-08,-35497500.0,39699987.84573334,11.0
intact,solidity,-1.18625e-08,1.5e-08,-35587499.9999,39709211.46113333,11.0
intact,solidity,-1.18925e-08,1.5e-08,-35677499.9999,39718403.02853333,11.0
intact,solidity,-1.19225e-08,1.5e-08,-35767499.9999,39727562.71473333,11.0
intact,solidity,-1.19525000001e-08,1.5e-08,-35857500.0002,39736690.685333334,11.0
intact,solidity,-1.19825e-08,1.5e-08,-35947500.0001,39745787.10473333,11.0
intact,solidity,-1.20125e-08,1.5e-08,-36037500.0001,39754852.13623334,11.0
intact,solidity,-1.20425e-08,1.5e-08,-36127500.0001,39763885.942,11.0
intact,solidity,-1.20725e-08,1.5e-08,-36217500.0,39772888.683133334,11.0
intact,solidity,-1.21025e-08,1.5e-08,-36307500.0,39781860.519533336,11.0
intact,solidity,-1.21325e-08,1.5e-08,-36397500.0,39790801.61016667,11.0
intact,solidity,-1.21625e-08,1.5e-08,-36487499.9999,39799712.112733334,11.0
intact,solidity,-1.21925e-08,1.5e-08,-36577499.9999,39808592.18393333,11.0
intact,solidity,-1.22225e-08,1.5e-08,-36667499.9999,39817441.979433335,11.0
intact,solidity,-1.22525e-08,1.5e-08,-36757500.0001,39826261.65383334,11.0
intact,solidity,-1.22825e-08,1.5e-08,-36847500.0001,39835051.360533334,11.0
intact,solidity,-1.23125e-08,1.5e-08,-36937500.0001,39843811.25203333,11.0
intact,solidity,-1.23425e-08,1.5e-08,-37027500.0,39852541.4799,11.0
intact,solidity,-1.23725e-08,1.5e-08,-37117500.0,39861242.19443333,11.0
intact,solidity,-1.24025e-08,1.5e-08,-37207500.0,39869913.5451,11.0
intact,solidity,-1.24325e-08,1.5e-08,-37297499.9999,39878555.68023334,11.0
intact,solidity,-1.24625e-08,1.5e-08,-37387499.9999,39887168.74733333,11.0
intact,solidity,-1.24925e-08,1.5e-08,-37477499.9999,39895752.892733335,11.0
intact,solidity,-1.25225000001e-08,1.5e-08,-37567500.0002,39904308.261933334,11.0
intact,solidity,-1.25525e-08,1.5e-08,-37657500.0001,39912834.99933333,11.0
intact,solidity,-1.25825e-08,1.5e-08,-37747500.0001,39921333.24843333,11.0
intact,solidity,-1.26125e-08,1.5e-08,-37837500.0001,39929803.15173333,11.0
intact,solidity,-1.26425e-08,1.5e-08,-37927500.0,39938244.850833334,11.0
intact,solidity,-1.26725e-08,1.5e-08,-38017500.0,39946658.486433335,11.0
intact,solidity,-1.27025e-08,1.5e-08,-38107500.0,39955044.198233336,11.0
intact,solidity,-1.27325e-08,1.5e-08,-38197499.9999,39963402.12493333,11.0
intact,solidity,-1.27625e-08,1.5e-08,-38287499.9999,39971732.40443333,11.0
intact,solidity,-1.27924999999e-08,1.5e-08,-38377499.9998,39980035.17373333,11.0
intact,solidity,-1.28225e-08,1.5e-08,-38467500.0001,39988310.56893333,11.0
intact,solidity,-1.28525e-08,1.5e-08,-38557500.0001,39996558.725033335,11.0
intact,solidity,-1.28825e-08,1.5e-08,-38647500.0001,40004779.776433334,11.0
intact,solidity,-1.29125e-08,1.5e-08,-38737500.0,40012973.85643333,11.0
intact,solidity,-1.29425e-08,1.5e-08,-38827500.0,40021141.09753333,11.0
intact,solidity,-1.29725e-08,1.5e-08,-38917500.0,40029281.63153333,11.0
intact,solidity,-1.30025e-08,1.5e-08,-39007499.9999,40037395.589033335,11.0
intact,solidity,-1.30325e-08,1.5e-08,-39097499.9999,40045483.1001,11.0
intact,solidity,-1.30625e-08,1.5e-08,-39187499.9999,40053544.293733336,11.0
intact,solidity,-1.30925000001e-08,1.5e-08,-39277500.0002,40061579.29823333,11.0
intact,solidity,-1.31225e-08,1.5e-08,-39367500.0001,40069588.24103333,11.0
intact,solidity,-1.31525e-08,1.5e-08,-39457500.0001,40077571.24863333,11.0
intact,solidity,-1.31825e-08,1.5e-08,-39547500.0001,40085528.44693334,11.0
intact,solidity,-1.32125e-08,1.5e-08,-39637500.0,40093459.9608,11.0
intact,solidity,-1.32425e-08,1.5e-08,-39727500.0,40101365.91443333,11.0
intact,solidity,-1.32725e-08,1.5e-08,-39817499.9999,40109246.43113334,11.0
intact,solidity,-1.33025e-08,1.5e-08,-39907499.9999,40117101.633533336,11.0
intact,solidity,-1.33325e-08,1.5e-08,-39997499.9999,40124931.64343333,11.0
intact,solidity,-1.33624999999e-08,1.5e-08,-40087499.9998,40132736.58173333,11.0
intact,solidity,-1.33925e-08,1.5e-08,-40177500.0001,40140516.56883333,11.0
intact,solidity,-1.34225e-08,1.5e-08,-40267500.0001,40148271.72393333,11.0
intact,solidity,-1.34525e-08,1.5e-08,-40357500.0001,40156002.16593333,11.0
intact,solidity,-1.34825e-08,1.5e-08,-40447500.0,40163708.01273333,11.0
intact,solidity,-1.35125e-08,1.5e-08,-40537500.0,40171389.38143333,11.0
intact,solidity,-1.35425e-08,1.5e-08,-40627500.0,40179046.38863333,11.0
intact,solidity,-1.35725e-08,1.5e-08,-40717499.9999,40186679.1499,11.0
intact,solidity,-1.36025e-08,1.5e-08,-40807499.9999,40194287.7803,11.0
intact,solidity,-1.36325e-08,1.5e-08,-40897499.9999,40201872.394033335,11.0
intact,solidity,-1.36625000001e-08,1.5e-08,-40987500.0002,40209433.10473333,11.0
intact,solidity,-1.36925e-08,1.5e-08,-41077500.0001,40216970.0251,11.0
intact,solidity,-1.37225e-08,1.5e-08,-41167500.0001,40224483.2673,11.0
intact,solidity,-1.37525e-08,1.5e-08,-41257500.0001,40231972.94273333,11.0
intact,solidity,-1.37825e-08,1.5e-08,-41347500.0,40239439.162099995,11.0
intact,solidity,-1.38125e-08,1.5e-08,-41437500.0,40246882.03543333,11.0
intact,solidity,-1.38425e-08,1.5e-08,-41527499.9999,40254301.67203333,11.0
intact,solidity,-1.38725e-08,1.5e-08,-41617499.9999,40261698.180599995,11.0
intact,solidity,-1.39025e-08,1.5e-08,-41707499.9999,40269071.66903333,11.0
intact,solidity,-1.39324999999e-08,1.5e-08,-41797499.9998,40276422.24473333,11.0
intact,solidity,-1.39625e-08,1.5e-08,-41887500.0001,40283750.014233336,11.0
intact,solidity,-1.39925e-08,1.5e-08,-41977500.0001,40291055.0836,11.0
intact,solidity,-1.40225e-08,1.5e-08,-42067500.0001,40298337.55803333,11.0
intact,solidity,-1.40525e-08,1.5e-08,-42157500.0,40305597.542333335,11.0
intact,solidity,-1.40825e-08,1.5e-08,-42247500.0,40312835.140433334,11.0
intact,solidity,-1.41125e-08,1.5e-08,-42337500.0,40320050.45576667,11.0
intact,solidity,-1.41425e-08,1.5e-08,-42427499.9999,40327243.59103333,11.0
intact,solidity,-1.41725e-08,1.5e-08,-42517499.9999,40334414.6484,11.0
intact,solidity,-1.42025e-08,1.5e-08,-42607499.9999,40341563.72933333,11.0
intact,solidity,-1.42325000001e-08,1.5e-08,-42697500.0002,40348690.934700005,11.0
intact,solidity,-1.42625e-08,1.5e-08,-42787500.0001,40355796.36473333,11.0
intact,solidity,-1.42925e-08,1.5e-08,-42877500.0001,40362880.1191,11.0
intact,solidity,-1.43225e-08,1.5e-08,-42967500.0,40369942.296799995,11.0
intact,solidity,-1.43525e-08,1.5e-08,-43057500.0,40376982.99633333,11.0
intact,solidity,-1.43825e-08,1.5e-08,-43147500.0,40384002.31543333,11.0
intact,solidity,-1.44125e-08,1.5e-08,-43237499.9999,40391000.35143334,11.0
intact,solidity,-1.44425e-08,1.5e-08,-43327499.9999,40397977.20093334,11.0
intact,solidity,-1.44725e-08,1.5e-08,-43417499.9999,40404932.96006667,11.0
intact,solidity,-1.45024999999e-08,1.5e-08,-43507499.9998,40411867.72423334,11.0
intact,solidity,-1.45325e-08,1.5e-08,-43597500.0001,40418781.58843333,11.0
intact,solidity,-1.45625e-08,1.5e-08,-43687500.0001,40425674.64693333,11.0
intact,solidity,-1.45925e-08,1.5e-08,-43777500.0001,40432546.993533336,11.0
intact,solidity,-1.46225e-08,1.5e-08,-43867500.0,40439398.721433334,11.0
intact,solidity,-1.46525e-08,1.5e-08,-43957500.0,40446229.9233,11.0
intact,solidity,-1.46825e-08,1.5e-08,-44047500.0,40453040.69123334,11.0
intact,solidity,-1.47125e-08,1.5e-08,-44137499.9999,40459831.116733335,11.0
intact,solidity,-1.47425e-08,1.5e-08,-44227499.9999,40466601.290866666,11.0
intact,solidity,-1.47725e-08,1.5e-08,-44317499.9999,40473351.3041,11.0
intact,solidity,-1.48025e-08,1.5e-08,-44407500.0001,40480081.24633333,11.0
intact,solidity,-1.48325e-08,1.5e-08,-44497500.0001,40486791.206933334,11.0
intact,solidity,-1.48625e-08,1.5e-08,-44587500.0001,40493481.274733335,11.0
intact,solidity,-1.48925e-08,1.5e-08,-44677500.0,40500151.53813333,11.0
intact,solidity,-1.49225e-08,1.5e-08,-44767500.0,40506802.08493333,11.0
intact,solidity,-1.49525e-08,1.5e-08,-44857500.0,40513433.002333336,11.0
intact,solidity,-1.49825e-08,1.5e-08,-44947499.999900006,40520044.377233334,11.0
intact,solidity,-1.50125e-08,1.5e-08,-45037499.999900006,40526636.295833334,11.0
intact,solidity,-1.50425e-08,1.5e-08,-45127499.999900006,40533208.84393334,11.0
intact,solidity,-1.50724999999e-08,1.5e-08,-45217499.9998,40539762.1068,11.0
intact,solidity,-1.51025e-08,1.5e-08,-45307500.000099994,40546296.169133335,11.0
intact,solidity,-1.51325e-08,1.5e-08,-45397500.000099994,40552811.11513333,11.0
intact,solidity,-1.51625e-08,1.5e-08,-45487500.000099994,40559307.028733335,11.0
intact,solidity,-1.51925e-08,1.5e-08,-45577500.0,40565783.99313334,11.0
intact,solidity,-1.52225e-08,1.5e-08,-45667500.0,40572242.09103333,11.0
intact,solidity,-1.52525e-08,1.5e-08,-45757500.0,40578681.40493333,11.0
intact,solidity,-1.52825e-08,1.5e-08,-45847499.999900006,40585102.01653334,11.0
intact,solidity,-1.53125e-08,1.5e-08,-45937499.999900006,40591504.0072,11.0
intact,solidity,-1.53425e-08,1.5e-08,-46027499.999900006,40597887.45786667,11.0
intact,solidity,-1.53725e-08,1.5e-08,-46117500.000099994,40604252.44896667,11.0
intact,solidity,-1.54025e-08,1.5e-08,-46207500.000099994,40610599.060433336,11.0
intact,solidity,-1.54325e-08,1.5e-08,-46297500.000099994,40616927.37173333,11.0
intact,solidity,-1.54625e-08,1.5e-08,-46387500.0,40623237.46193334,11.0
intact,solidity,-1.54925e-08,1.5e-08,-46477500.0,40629529.40956667,11.0
intact,solidity,-1.55225e-08,1.5e-08,-46567500.0,40635803.292833336,11.0
intact,solidity,-1.55525e-08,1.5e-08,-46657499.999900006,40642059.189433336,11.0
intact,solidity,-1.55825e-08,1.5e-08,-46747499.999900006,40648297.176533334,11.0
intact,solidity,-1.56125e-08,1.5e-08,-46837499.999900006,40654517.33093333,11.0
intact,solidity,-1.56425000001e-08,1.5e-08,-46927500.0002,40660719.7291,11.0
intact,solidity,-1.56725e-08,1.5e-08,-47017500.000099994,40666904.446833335,11.0
intact,solidity,-1.57025e-08,1.5e-08,-47107500.000099994,40673071.55963334,11.0
intact,solidity,-1.57325e-08,1.5e-08,-47197500.000099994,40679221.142633334,11.0
intact,solidity,-1.57625e-08,1.5e-08,-47287500.0,40685353.27043334,11.0
intact,solidity,-1.57925e-08,1.5e-08,-47377500.0,40691468.017233334,11.0
intact,solidity,-1.58225e-08,1.5e-08,-47467500.0,40697565.45683333,11.0
intact,solidity,-1.58525e-08,1.5e-08,-47557499.999900006,40703645.66263334,11.0
intact,solidity,-1.58825e-08,1.5e-08,-47647499.999900006,40709708.70763333,11.0
intact,solidity,-1.59125e-08,1.5e-08,-47737499.999900006,40715754.664233334,11.0
intact,solidity,-1.59425e-08,1.5e-08,-47827500.000099994,40721783.60473333,11.0
intact,solidity,-1.59725e-08,1.5e-08,-47917500.000099994,40727795.60073333,11.0
intact,solidity,-1.60025e-08,1.5e-08,-48007500.000099994,40733790.723733336,11.0
intact,solidity,-1.60325e-08,1.5e-08,-48097500.0,40739769.0445,11.0
intact,solidity,-1.60625e-08,1.5e-08,-48187500.0,40745730.63363333,11.0
intact,solidity,-1.60925e-08,1.5e-08,-48277500.0,40751675.561333336,11.0
intact,solidity,-1.61225e-08,1.5e-08,-48367499.999900006,40757603.89726666,11.0
intact,solidity,-1.61525e-08,1.5e-08,-48457499.999900006,40763515.71083333,11.0
intact,solidity,-1.61825e-08,1.5e-08,-48547499.999900006,40769411.071033336,11.0
intact,solidity,-1.62125000001e-08,1.5e-08,-48637500.0002,40775290.04643334,11.0
intact,solidity,-1.62425e-08,1.5e-08,-48727500.000099994,40781152.705233335,11.0
intact,solidity,-1.62725e-08,1.5e-08,-48817500.000099994,40786999.115266666,11.0
intact,solidity,-1.63025e-08,1.5e-08,-48907500.000099994,40792829.34403333,11.0
intact,solidity,-1.63325e-08,1.5e-08,-48997500.0,40798643.45853333,11.0
intact,solidity,-1.63625e-08,1.5e-08,-49087500.0,40804441.5256,11.0
intact,solidity,-1.63925e-08,1.5e-08,-49177500.0,40810223.61146667,11.0
intact,solidity,-1.64225e-08,1.5e-08,-49267499.999900006,40815989.7822,11.0
intact,solidity,-1.64525e-08,1.5e-08,-49357499.999900006,40821740.103366666,11.0
intact,solidity,-1.64825e-08,1.5e-08,-49447499.999900006,40827474.64023333,11.0
intact,solidity,-1.65125e-08,1.5e-08,-49537500.000099994,40833193.4578,11.0
intact,solidity,-1.65425e-08,1.5e-08,-49627500.000099994,40838896.62043333,11.0
intact,solidity,-1.65725e-08,1.5e-08,-49717500.000099994,40844584.192433335,11.0
intact,solidity,-1.66025e-08,1.5e-08,-49807500.0,40850256.23763333,11.0
intact,solidity,-1.66325e-08,1.5e-08,-49897500.0,40855912.81953333,11.0
intact,solidity,-1.66625e-08,1.5e-08,-49987500.0,40861554.0013,11.0
intact,solidity,-1.66925e-08,1.5e-08,-50077499.999900006,40867179.845633335,11.0
intact,solidity,-1.67225e-08,1.5e-08,-50167499.999900006,40872790.415133335,11.0
intact,solidity,-1.67525e-08,1.5e-08,-50257499.999900006,40878385.771866664,11.0
intact,solidity,-1.67825000001e-08,1.5e-08,-50347500.0002,40883965.977633335,11.0
intact,solidity,-1.68125e-08,1.5e-08,-50437500.000099994,40889531.093833335,11.0
intact,solidity,-1.68425e-08,1.5e-08,-50527500.000099994,40895081.181666665,11.0
intact,solidity,-1.68725e-08,1.5e-08,-50617500.000099994,40900616.3019,11.0
intact,solidity,-1.69025e-08,1.5e-08,-50707500.0,40906136.51493333,11.0
intact,solidity,-1.69325e-08,1.5e-08,-50797500.0,40911641.88103333,11.0
intact,solidity,-1.69625e-08,1.5e-08,-50887500.0,40917132.45993333,11.0
intact,solidity,-1.69925e-08,1.5e-08,-50977499.999900006,40922608.31113333,11.0
intact,solidity,-1.70225e-08,1.5e-08,-51067499.999900006,40928069.49383333,11.0
intact,solidity,-1.70524999999e-08,1.5e-08,-51157499.9998,40933516.0669,11.0
intact,solidity,-1.70825e-08,1.5e-08,-51247500.000099994,40938948.0889,11.0
intact,solidity,-1.71125e-08,1.5e-08,-51337500.000099994,40944365.61796667,11.0
intact,solidity,-1.71425e-08,1.5e-08,-51427500.000099994,40949768.71213333,11.0
intact,solidity,-1.71725e-08,1.5e-08,-51517500.0,40955157.42893333,11.0
intact,solidity,-1.72025e-08,1.5e-08,-51607500.0,40960531.82576667,11.0
intact,solidity,-1.72325e-08,1.5e-08,-51697500.0,40965891.9596,11.0
intact,solidity,-1.72625e-08,1.5e-08,-51787499.999900006,40971237.8871,11.0
intact,solidity,-1.72925e-08,1.5e-08,-51877499.999900006,40976569.66466667,11.0
intact,solidity,-1.73225e-08,1.5e-08,-51967499.999900006,40981887.348466665,11.0
intact,solidity,-1.73525000001e-08,1.5e-08,-52057500.0002,40987190.994333334,11.0
intact,solidity,-1.73825e-08,1.5e-08,-52147500.000099994,40992480.657633334,11.0
intact,solidity,-1.74125e-08,1.5e-08,-52237500.000099994,40997756.39373333,11.0
intact,solidity,-1.74425e-08,1.5e-08,-52327500.000099994,41003018.2575,11.0
intact,solidity,-1.74725e-08,1.5e-08,-52417500.0,41008266.30353333,11.0
intact,solidity,-1.75025e-08,1.5e-08,-52507500.0,41013500.586333334,11.0
intact,solidity,-1.75325e-08,1.5e-08,-52597499.999900006,41018721.159833334,11.0
intact,solidity,-1.75625e-08,1.5e-08,-52687499.999900006,41023928.0779,11.0
intact,solidity,-1.75925e-08,1.5e-08,-52777499.999900006,41029121.394,11.0
intact,solidity,-1.76224999999e-08,1.5e-08,-52867499.9998,41034301.16133333,11.0
intact,solidity,-1.76525e-08,1.5e-08,-52957500.000099994,41039467.432966664,11.0
intact,solidity,-1.76825e-08,1.5e-08,-53047500.000099994,41044620.26146667,11.0
intact,solidity,-1.77125e-08,1.5e-08,-53137500.000099994,41049759.6993,11.0
intact,solidity,-1.77425e-08,1.5e-08,-53227500.0,41054885.798533335,11.0
intact,solidity,-1.77725e-08,1.5e-08,-53317500.0,41059998.611033335,11.0
intact,solidity,-1.78025e-08,1.5e-08,-53407500.0,41065098.1885,11.0
intact,solidity,-1.78325e-08,1.5e-08,-53497499.999900006,41070184.58213333,11.0
intact,solidity,-1.78625e-08,1.5e-08,-53587499.999900006,41075257.843033336,11.0
intact,solidity,-1.78925e-08,1.5e-08,-53677499.999900006,41080318.022033334,11.0
intact,solidity,-1.79225000001e-08,1.5e-08,-53767500.0002,41085365.1696,11.0
intact,solidity,-1.79525e-08,1.5e-08,-53857500.000099994,41090399.33603334,11.0
intact,solidity,-1.79825e-08,1.5e-08,-53947500.000099994,41095420.5714,11.0
intact,solidity,-1.80125e-08,1.5e-08,-54037500.0,41100428.9254,11.0
intact,solidity,-1.80425e-08,1.5e-08,-54127500.0,41105424.44753333,11.0
intact,solidity,-1.80725e-08,1.5e-08,-54217500.0,41110407.1871,11.0
intact,solidity,-1.81025e-08,1.5e-08,-54307499.999900006,41115377.19303334,11.0
intact,solidity,-1.81325e-08,1.5e-08,-54397499.999900006,41120334.514133334,11.0
intact,solidity,-1.81625e-08,1.5e-08,-54487499.999900006,41125279.19893333,11.0
intact,solidity,-1.81924999999e-08,1.5e-08,-54577499.9998,41130211.29563333,11.0
intact,solidity,-1.82225e-08,1.5e-08,-54667500.000099994,41135130.852233335,11.0
intact,solidity,-1.82525e-08,1.5e-08,-54757500.000099994,41140037.91653333,11.0
intact,solidity,-1.82825e-08,1.5e-08,-54847500.000099994,41144932.53603333,11.0
intact,solidity,-1.83125e-08,1.5e-08,-54937500.0,41149814.758033335,11.0
intact,solidity,-1.83425e-08,1.5e-08,-55027500.0,41154684.629599996,11.0
intact,solidity,-1.83725e-08,1.5e-08,-55117500.0,41159542.19743333,11.0
intact,solidity,-1.84025e-08,1.5e-08,-55207499.999900006,41164387.50823333,11.0
intact,solidity,-1.84325e-08,1.5e-08,-55297499.999900006,41169220.60823333,11.0
intact,solidity,-1.84625e-08,1.5e-08,-55387499.999900006,41174041.54356667,11.0
intact,solidity,-1.84925000001e-08,1.5e-08,-55477500.0002,41178850.360133335,11.0
intact,solidity,-1.85225e-08,1.5e-08,-55567500.000099994,41183647.103533335,11.0
intact,solidity,-1.85525e-08,1.5e-08,-55657500.000099994,41188431.819233336,11.0
intact,solidity,-1.85825e-08,1.5e-08,-55747500.0,41193204.55233333,11.0
intact,solidity,-1.86125e-08,1.5e-08,-55837500.0,41197965.347833335,11.0
intact,solidity,-1.86425e-08,1.5e-08,-55927500.0,41202714.2505,11.0
intact,solidity,-1.86725e-08,1.5e-08,-56017499.999900006,41207451.304733336,11.0
intact,solidity,-1.87025e-08,1.5e-08,-56107499.999900006,41212176.55493333,11.0
intact,solidity,-1.87325e-08,1.5e-08,-56197499.999900006,41216890.04513333,11.0
intact,solidity,-1.87624999999e-08,1.5e-08,-56287499.9998,41221591.819133334,11.0
intact,solidity,-1.87925e-08,1.5e-08,-56377500.000099994,41226281.92063333,11.0
intact,solidity,-1.88225e-08,1.5e-08,-56467500.000099994,41230960.39303333,11.0
intact,solidity,-1.88525e-08,1.5e-08,-56557500.000099994,41235627.2795,11.0
intact,solidity,-1.88825e-08,1.5e-08,-56647500.0,41240282.623,11.0
intact,solidity,-1.89125e-08,1.5e-08,-56737500.0,41244926.46633334,11.0
intact,solidity,-1.89425e-08,1.5e-08,-56827500.0,41249558.852066666,11.0
intact,solidity,-1.89725e-08,1.5e-08,-56917499.999900006,41254179.82253333,11.0
intact,solidity,-1.90025e-08,1.5e-08,-57007499.999900006,41258789.419933334,11.0
intact,solidity,-1.90325e-08,1.5e-08,-57097499.999900006,41263387.68613333,11.0
intact,solidity,-1.90625e-08,1.5e-08,-57187500.000099994,41267974.662933335,11.0
intact,solidity,-1.90925e-08,1.5e-08,-57277500.000099994,41272550.39173333,11.0
intact,solidity,-1.91225e-08,1.5e-08,-57367500.000099994,41277114.914,11.0
intact,solidity,-1.91525e-08,1.5e-08,-57457500.0,41281668.270733334,11.0
intact,solidity,-1.91825e-08,1.5e-08,-57547500.0,41286210.50293333,11.0
intact,solidity,-1.92125e-08,1.5e-08,-57637500.0,41290741.6513,11.0
intact,solidity,-1.92425e-08,1.5e-08,-57727499.999900006,41295261.75633333,11.0
intact,solidity,-1.92725e-08,1.5e-08,-57817499.999900006,41299770.858333334,11.0
intact,solidity,-1.93025e-08,1.5e-08,-57907499.999900006,41304268.99753333,11.0
intact,solidity,-1.93324999999e-08,1.5e-08,-57997499.9998,41308756.21373333,11.0
intact,solidity,-1.93625e-08,1.5e-08,-58087500.000099994,41313232.546799995,11.0
intact,solidity,-1.93925e-08,1.5e-08,-58177500.000099994,41317698.036133334,11.0
intact,solidity,-1.94225e-08,1.5e-08,-58267500.000099994,41322152.72123333,11.0
intact,solidity,-1.94525e-08,1.5e-08,-58357500.0,41326596.64113333,11.0
intact,solidity,-1.94825e-08,1.5e-08,-58447500.0,41331029.83493333,11.0
intact,solidity,-1.95125e-08,1.5e-08,-58537500.0,41335452.34133334,11.0
intact,solidity,-1.95425e-08,1.5e-08,-58627499.999900006,41339864.19893333,11.0
intact,solidity,-1.95725e-08,1.5e-08,-58717499.999900006,41344265.44623333,11.0
intact,solidity,-1.96025e-08,1.5e-08,-58807499.999900006,41348656.12133333,11.0
intact,solidity,-1.96325e-08,1.5e-08,-58897500.000099994,41353036.262433335,11.0
intact,solidity,-1.96625e-08,1.5e-08,-58987500.000099994,41357405.907233335,11.0
intact,solidity,-1.96925e-08,1.5e-08,-59077500.000099994,41361765.09353334,11.0
intact,solidity,-1.97225e-08,1.5e-08,-59167500.0,41366113.858833335,11.0
intact,solidity,-1.97525e-08,1.5e-08,-59257500.0,41370452.2404,11.0
intact,solidity,-1.97825e-08,1.5e-08,-59347500.0,41374780.275400005,11.0
intact,solidity,-1.98125e-08,1.5e-08,-59437499.999900006,41379098.00083333,11.0
intact,solidity,-1.98425e-08,1.5e-08,-59527499.999900006,41383405.453433335,11.0
intact,solidity,-1.98725e-08,1.5e-08,-59617499.999900006,41387702.669866666,11.0
intact,solidity,-1.99025000001e-08,1.5e-08,-59707500.0002,41391989.6866,11.0
intact,solidity,-1.99325e-08,1.5e-08,-59797500.000099994,41396266.53983334,11.0
intact,solidity,-1.99625e-08,1.5e-08,-59887500.000099994,41400533.26573333,11.0
intact,solidity,-1.99925e-08,1.5e-08,-59977500.000099994,41404789.900133334,11.0
intact,solidity,-2e-08,1.49775e-08,-60000000.0,41349126.8419,12.0
intact,solidity,-2e-08,1.49475e-08,-60000000.0,41273467.490433335,12.0
intact,solidity,-2e-08,1.49175e-08,-60000000.0,41197779.38593333,12.0
intact,solidity,-2e-08,1.48875e-08,-60000000.0,41122062.5281,12.0
intact,solidity,-2e-08,1.48575e-08,-60000000.0,41046316.91723333,12.0
intact,solidity,-2e-08,1.48275e-08,-60000000.0,40970542.55296667,12.0
intact,solidity,-2e-08,1.47975e-08,-60000000.0,40894739.43573333,12.0
intact,solidity,-2e-08,1.47675e-08,-60000000.0,40818907.56516667,12.0
intact,solidity,-2e-08,1.47375e-08,-60000000.0,40743046.94156667,12.0
intact,solidity,-2e-08,1.47075e-08,-60000000.0,40667157.5647,12.0
intact,solidity,-2e-08,1.46774999999e-08,-60000000.0,40591239.434533335,12.0
intact,solidity,-2e-08,1.46475e-08,-60000000.0,40515292.55143333,12.0
intact,solidity,-2e-08,1.46175e-08,-60000000.0,40439316.91493333,12.0
intact,solidity,-2e-08,1.45875e-08,-60000000.0,40363312.5255,12.0
intact,solidity,-2e-08,1.45575e-08,-60000000.0,40287279.38266667,12.0
intact,solidity,-2e-08,1.45275e-08,-60000000.0,40211217.48673333,12.0
intact,solidity,-2e-08,1.44975e-08,-60000000.0,40135126.83756667,12.0
intact,solidity,-2e-08,1.44675e-08,-60000000.0,40059007.43536667,12.0
intact,solidity,-2e-08,1.44375e-08,-60000000.0,39982859.2798,12.0
intact,solidity,-2e-08,1.44074999999e-08,-60000000.0,39906682.37106667,12.0
intact,solidity,-2e-08,1.43775e-08,-60000000.0,39830476.7093,12.0
intact,solidity,-2e-08,1.43475e-08,-60000000.0,39754242.29423333,12.0
intact,solidity,-2e-08,1.43175e-08,-60000000.0,39677979.12613333,12.0
intact,solidity,-2e-08,1.42875e-08,-60000000.0,39601687.2047,12.0
intact,solidity,-2e-08,1.42575e-08,-60000000.0,39525366.53016666,12.0
intact,solidity,-2e-08,1.42275e-08,-60000000.0,39449017.1023,12.0
intact,solidity,-2e-08,1.41975e-08,-60000000.0,39372638.9215,12.0
intact,solidity,-2e-08,1.41675e-08,-60000000.0,39296231.98736667,12.0
intact,solidity,-2e-08,1.41375000001e-08,-60000000.0,39219796.30016667,12.0
intact,solidity,-2e-08,1.41075e-08,-60000000.0,39143331.8596,12.0
intact,solidity,-2e-08,1.40775e-08,-60000000.0,39066838.66593333,12.0
intact,solidity,-2e-08,1.40475e-08,-60000000.0,38990316.7192,12.0
intact,solidity,-2e-08,1.40175e-08,-60000000.0,38913766.01913334,12.0
intact,solidity,-2e-08,1.39875e-08,-60000000.0,38837186.56603333,12.0
intact,solidity,-2e-08,1.39575e-08,-60000000.0,38760578.359566666,12.0
intact,solidity,-2e-08,1.39275e-08,-60000000.0,38683941.4001,12.0
intact,solidity,-2e-08,1.38975e-08,-60000000.0,38607275.6873,12.0
intact,solidity,-2e-08,1.38675e-08,-60000000.0,38530581.221533336,12.0
intact,solidity,-2e-08,1.38375e-08,-60000000.0,38453858.0024,12.0
intact,solidity,-2e-08,1.38075e-08,-60000000.0,38377106.030033335,12.0
intact,solidity,-2e-08,1.37775e-08,-60000000.0,38300325.3047,12.0
intact,solidity,-2e-08,1.37475e-08,-60000000.0,38223515.826,12.0
intact,solidity,-2e-08,1.37175e-08,-60000000.0,38146677.5943,12.0
intact,solidity,-2e-08,1.36875e-08,-60000000.0,38069810.60916667,12.0
intact,solidity,-2e-08,1.36575e-08,-60000000.0,37992914.8711,12.0
intact,solidity,-2e-08,1.36275e-08,-60000000.0,37915990.3797,12.0
intact,solidity,-2e-08,1.35975e-08,-60000000.0,37839037.13526667,12.0
intact,solidity,-2e-08,1.35675e-08,-60000000.0,37762055.1375,12.0
intact,solidity,-2e-08,1.35375e-08,-60000000.0,37685044.386533335,12.0
intact,solidity,-2e-08,1.35075e-08,-60000000.0,37608004.8826,12.0
intact,solidity,-2e-08,1.34775e-08,-60000000.0,37530936.62523333,12.0
intact,solidity,-2e-08,1.34475e-08,-60000000.0,37453839.614933334,12.0
intact,solidity,-2e-08,1.34175e-08,-60000000.0,37376713.851166666,12.0
intact,solidity,-2e-08,1.33875e-08,-60000000.0,37299559.3345,12.0
intact,solidity,-2e-08,1.33575e-08,-60000000.0,37222376.06446666,12.0
intact,solidity,-2e-08,1.33275e-08,-60000000.0,37145164.041433334,12.0
intact,solidity,-2e-08,1.32975e-08,-60000000.0,37067923.265,12.0
intact,solidity,-2e-08,1.32674999999e-08,-60000000.0,36990653.73543333,12.0
intact,solidity,-2e-08,1.32375e-08,-60000000.0,36913355.4529,12.0
intact,solidity,-2e-08,1.32075e-08,-60000000.0,36836028.416933335,12.0
intact,solidity,-2e-08,1.31775e-08,-60000000.0,36758672.628,12.0
intact,solidity,-2e-08,1.31475e-08,-60000000.0,36681288.0857,12.0
intact,solidity,-2e-08,1.31175e-08,-60000000.0,36603874.790300004,12.0
intact,solidity,-2e-08,1.30875e-08,-60000000.0,36526432.74166667,12.0
intact,solidity,-2e-08,1.30575e-08,-60000000.0,36448961.94,12.0
intact,solidity,-2e-08,1.30275e-08,-60000000.0,36371462.385,12.0
intact,solidity,-2e-08,1.29975000001e-08,-60000000.0,36293934.076966666,12.0
intact,solidity,-2e-08,1.29675e-08,-60000000.0,36216377.0156,12.0
intact,solidity,-2e-08,1.29375e-08,-60000000.0,36138791.20103333,12.0
intact,solidity,-2e-08,1.29075e-08,-60000000.0,36061176.6335,12.0
intact,solidity,-2e-08,1.28775e-08,-60000000.0,35983533.312533334,12.0
intact,solidity,-2e-08,1.28475e-08,-60000000.0,35905861.23853333,12.0
intact,solidity,-2e-08,1.28175e-08,-60000000.0,35828160.41126667,12.0
intact,solidity,-2e-08,1.27875e-08,-60000000.0,35750430.83096667,12.0
intact,solidity,-2e-08,1.27575e-08,-60000000.0,35672672.4973,12.0
intact,solidity,-2e-08,1.27275000001e-08,-60000000.0,35594885.4107,12.0
intact,solidity,-2e-08,1.26975e-08,-60000000.0,35517069.5707,12.0
intact,solidity,-2e-08,1.26675e-08,-60000000.0,35439224.97753333,12.0
intact,solidity,-2e-08,1.26375e-08,-60000000.0,35361351.63133333,12.0
intact,solidity,-2e-08,1.26075e-08,-60000000.0,35283449.5318,12.0
intact,solidity,-2e-08,1.25775e-08,-60000000.0,35205518.679233335,12.0
intact,solidity,-2e-08,1.25475e-08,-60000000.0,35127559.07326666,12.0
intact,solidity,-2e-08,1.25175e-08,-60000000.0,35049570.71436667,12.0
intact,solidity,-2e-08,1.24875e-08,-60000000.0,34971553.6021,12.0
intact,solidity,-2e-08,1.24575e-08,-60000000.0,34893507.73686667,12.0
intact,solidity,-2e-08,1.24275e-08,-60000000.0,34815433.1182,12.0
intact,solidity,-2e-08,1.23975e-08,-60000000.0,34737329.74643333,12.0
intact,solidity,-2e-08,1.23675e-08,-60000000.0,34659197.62163333,12.0
intact,solidity,-2e-08,1.23375e-08,-60000000.0,34581036.7435,12.0
intact,solidity,-2e-08,1.23075e-08,-60000000.0,34502847.112333335,12.0
intact,solidity,-2e-08,1.22775e-08,-60000000.0,34424628.7277,12.0
intact,solidity,-2e-08,1.22475e-08,-60000000.0,34346381.590166666,12.0
intact,solidity,-2e-08,1.22175e-08,-60000000.0,34268105.6993,12.0
intact,solidity,-2e-08,1.21875e-08,-60000000.0,34189801.05543333,12.0
intact,solidity,-2e-08,1.21575e-08,-60000000.0,34111467.6582,12.0
intact,solidity,-2e-08,1.21274999999e-08,-60000000.0,34033105.50773334,12.0
intact,solidity,-2e-08,1.20975e-08,-60000000.0,33954714.6043,12.0
intact,solidity,-2e-08,1.20675e-08,-60000000.0,33876294.94753333,12.0
intact,solidity,-2e-08,1.20375e-08,-60000000.0,33797846.5378,12.0
intact,solidity,-2e-08,1.20075e-08,-60000000.0,33719369.374633335,12.0
intact,solidity,-2e-08,1.19775e-08,-60000000.0,33640863.4584,12.0
intact,solidity,-2e-08,1.19475e-08,-60000000.0,33562328.7889,12.0
intact,solidity,-2e-08,1.19175e-08,-60000000.0,33483765.366400003,12.0
intact,solidity,-2e-08,1.18875e-08,-60000000.0,33405173.190500002,12.0
intact,solidity,-2e-08,1.18575000001e-08,-60000000.0,33326552.261666667,12.0
intact,solidity,-2e-08,1.18275e-08,-60000000.0,33247902.579433333,12.0
intact,solidity,-2e-08,1.17975e-08,-60000000.0,33169224.14403333,12.0
intact,solidity,-2e-08,1.17675e-08,-60000000.0,33090516.95563333,12.0
intact,solidity,-2e-08,1.17375e-08,-60000000.0,33011781.0139,12.0
intact,solidity,-2e-08,1.17075e-08,-60000000.0,32933016.319033336,12.0
intact,solidity,-2e-08,1.16775e-08,-60000000.0,32854222.8709,12.0
intact,solidity,-2e-08,1.16475e-08,-60000000.0,32775400.669766665,12.0
intact,solidity,-2e-08,1.16175e-08,-60000000.0,32696549.715300005,12.0
intact,solidity,-2e-08,1.15875000001e-08,-60000000.0,32617670.00783333,12.0
intact,solidity,-2e-08,1.15575e-08,-60000000.0,32538761.547000002,12.0
intact,solidity,-2e-08,1.15275e-08,-60000000.0,32459824.332933333,12.0
intact,solidity,-2e-08,1.14975e-08,-60000000.0,32380858.3659,12.0
intact,solidity,-2e-08,1.14675e-08,-60000000.0,32301863.645533334,12.0
intact,solidity,-2e-08,1.14375e-08,-60000000.0,32222840.172133338,12.0
intact,solidity,-2e-08,1.14075e-08,-60000000.0,32143787.9453,12.0
intact,solidity,-2e-08,1.13775e-08,-60000000.0,32064706.965566665,12.0
intact,solidity,-2e-08,1.13475e-08,-60000000.0,31985597.232466668,12.0
intact,solidity,-2e-08,1.13175e-08,-60000000.0,31906458.746366665,12.0
intact,solidity,-2e-08,1.12875e-08,-60000000.0,31827291.5069,12.0
intact,solidity,-2e-08,1.12575e-08,-60000000.0,31748095.514233332,12.0
intact,solidity,-2e-08,1.12275e-08,-60000000.0,31668870.7686,12.0
intact,solidity,-2e-08,1.11975e-08,-60000000.0,31589617.2696,12.0
intact,solidity,-2e-08,1.11675e-08,-60000000.0,31510335.0176,12.0
intact,solidity,-2e-08,1.11375e-08,-60000000.0,31431024.012166668,12.0
intact,solidity,-2e-08,1.11075e-08,-60000000.0,31351684.253766667,12.0
intact,solidity,-2e-08,1.10775e-08,-60000000.0,31272315.742066666,12.0
intact,solidity,-2e-08,1.10475e-08,-60000000.0,31192918.477333337,12.0
intact,solidity,-2e-08,1.10175e-08,-60000000.0,31113492.4592,12.0
intact,solidity,-2e-08,1.09874999999e-08,-60000000.0,31034037.687966663,12.0
intact,solidity,-2e-08,1.09575e-08,-60000000.0,30954554.1637,12.0
intact,solidity,-2e-08,1.09275e-08,-60000000.0,30875041.886099998,12.0
intact,solidity,-2e-08,1.08975e-08,-60000000.0,30795500.8555,12.0
intact,solidity,-2e-08,1.08675e-08,-60000000.0,30715931.071500003,12.0
intact,solidity,-2e-08,1.08375e-08,-60000000.0,30636332.5344,12.0
intact,solidity,-2e-08,1.08075e-08,-60000000.0,30556705.244066667,12.0
intact,solidity,-2e-08,1.07775e-08,-60000000.0,30477049.2007,12.0
intact,solidity,-2e-08,1.07475e-08,-60000000.0,30397364.404,12.0
intact,solidity,-2e-08,1.07174999999e-08,-60000000.0,30317650.854133334,12.0
intact,solidity,-2e-08,1.06875e-08,-60000000.0,30237908.5512,12.0
intact,solidity,-2e-08,1.06575e-08,-60000000.0,30158137.495,12.0
intact,solidity,-2e-08,1.06275e-08,-60000000.0,30078337.685733333,12.0
intact,solidity,-2e-08,1.05975e-08,-60000000.0,29998509.12313333,12.0
intact,solidity,-2e-08,1.05675e-08,-60000000.0,29918651.807433333,12.0
intact,solidity,-2e-08,1.05375e-08,-60000000.0,29838765.738466665,12.0
intact,solidity,-2e-08,1.05075e-08,-60000000.0,29758850.916500002,12.0
intact,solidity,-2e-08,1.04775e-08,-60000000.0,29678907.341200005,12.0
intact,solidity,-2e-08,1.04475000001e-08,-60000000.0,29598935.012866665,12.0
intact,solidity,-2e-08,1.04175e-08,-60000000.0,29518933.9312,12.0
intact,solidity,-2e-08,1.03875e-08,-60000000.0,29438904.096299995,12.0
intact,solidity,-2e-08,1.03575e-08,-60000000.0,29358845.508400004,12.0
intact,solidity,-2e-08,1.03275e-08,-60000000.0,29278758.1672,12.0
intact,solidity,-2e-08,1.02975e-08,-60000000.0,29198642.07293333,12.0
intact,solidity,-2e-08,1.02675e-08,-60000000.0,29118497.225266665,12.0
intact,solidity,-2e-08,1.02375e-08,-60000000.0,29038323.6247,12.0
intact,solidity,-2e-08,1.02075e-08,-60000000.0,28958121.270766664,12.0
intact,solidity,-2e-08,1.01775e-08,-60000000.0,28877890.1638,12.0
intact,solidity,-2e-08,1.01475e-08,-60000000.0,28797630.3035,12.0
intact,solidity,-2e-08,1.01175e-08,-60000000.0,28717341.689999998,12.0
intact,solidity,-2e-08,1.00875e-08,-60000000.0,28637024.323499996,12.0
intact,solidity,-2e-08,1.00575e-08,-60000000.0,28556678.203633334,12.0
intact,solidity,-2e-08,1.00275e-08,-60000000.0,28476303.33083333,12.0
intact,solidity,-2e-08,9.99749999998e-09,-60000000.0,28395899.7045,12.0
intact,solidity,-2e-08,9.96750000004e-09,-60000000.0,28315467.325299997,12.0
intact,solidity,-2e-08,9.93749999999e-09,-60000000.0,28235006.1927,12.0
intact,solidity,-2e-08,9.90750000005e-09,-60000000.0,28154516.307166666,12.0
intact,solidity,-2e-08,9.8775e-09,-60000000.0,28073997.6682,12.0
intact,solidity,-2e-08,9.84749999995e-09,-60000000.0,27993450.276133332,12.0
intact,solidity,-2e-08,9.81750000001e-09,-60000000.0,27912874.131,12.0
intact,solidity,-2e-08,9.78749999996e-09,-60000000.0,27832269.232533336,12.0
intact,solidity,-2e-08,9.75750000002e-09,-60000000.0,27751635.5811,12.0
intact,solidity,-2e-08,9.72749999997e-09,-60000000.0,27670973.176233333,12.0
intact,solidity,-2e-08,9.69750000003e-09,-60000000.0,27590282.01833333,12.0
intact,solidity,-2e-08,9.66749999998e-09,-60000000.0,27509562.1071,12.0
intact,solidity,-2e-08,9.63750000004e-09,-60000000.0,27428813.442966666,12.0
intact,solidity,-2e-08,9.6075e-09,-60000000.0,27348036.0254,12.0
intact,solidity,-2e-08,9.57749999995e-09,-60000000.0,27267229.85466667,12.0
intact,solidity,-2e-08,9.54750000001e-09,-60000000.0,27186394.930899996,12.0
intact,solidity,-2e-08,9.51749999996e-09,-60000000.0,27105531.253833335,12.0
intact,solidity,-2e-08,9.48750000002e-09,-60000000.0,27024638.823733333,12.0
intact,solidity,-2e-08,9.45749999997e-09,-60000000.0,26943717.640299994,12.0
intact,solidity,-2e-08,9.42750000003e-09,-60000000.0,26862767.703766663,12.0
intact,solidity,-2e-08,9.39749999998e-09,-60000000.0,26781789.013966665,12.0
intact,solidity,-2e-08,9.36750000004e-09,-60000000.0,26700781.571166664,12.0
intact,solidity,-2e-08,9.33749999999e-09,-60000000.0,26619745.375,12.0
intact,solidity,-2e-08,9.30750000005e-09,-60000000.0,26538680.4258,12.0
intact,solidity,-2e-08,9.2775e-09,-60000000.0,26457586.7233,12.0
intact,solidity,-2e-08,9.24749999996e-09,-60000000.0,26376464.267533332,12.0
intact,solidity,-2e-08,9.21750000002e-09,-60000000.0,26295313.05883333,12.0
intact,solidity,-2e-08,9.18749999997e-09,-60000000.0,26214133.096766666,12.0
intact,solidity,-2e-08,9.15750000003e-09,-60000000.0,26132924.381600004,12.0
intact,solidity,-2e-08,9.12749999998e-09,-60000000.0,26051686.91316666,12.0
intact,solidity,-2e-08,9.09750000004e-09,-60000000.0,25970420.691766664,12.0
intact,solidity,-2e-08,9.06749999999e-09,-60000000.0,25889125.71696667,12.0
intact,solidity,-2e-08,9.03750000005e-09,-60000000.0,25807801.989166666,12.0
intact,solidity,-2e-08,9.0075e-09,-60000000.0,25726449.508,12.0
intact,solidity,-2e-08,8.97749999995e-09,-60000000.0,25645068.27366667,12.0
intact,solidity,-2e-08,8.94750000001e-09,-60000000.0,25563658.286333334,12.0
intact,solidity,-2e-08,8.91749999996e-09,-60000000.0,25482219.545633335,12.0
intact,solidity,-2e-08,8.88750000002e-09,-60000000.0,25400752.051933333,12.0
intact,solidity,-2e-08,8.85749999998e-09,-60000000.0,25319255.8048,12.0
intact,solidity,-2e-08,8.82750000004e-09,-60000000.0,25237730.804766666,12.0
intact,solidity,-2e-08,8.79749999999e-09,-60000000.0,25156177.0513,12.0
intact,solidity,-2e-08,8.76750000005e-09,-60000000.0,25074594.544933334,12.0
intact,solidity,-2e-08,8.7375e-09,-60000000.0,24992983.285166666,12.0
intact,solidity,-2e-08,8.70749999995e-09,-60000000.0,24911343.27216667,12.0
intact,solidity,-2e-08,8.67750000001e-09,-60000000.0,24829674.506233335,12.0
intact,solidity,-2e-08,8.64749999996e-09,-60000000.0,24747976.986933336,12.0
intact,solidity,-2e-08,8.61750000002e-09,-60000000.0,24666250.71463333,12.0
intact,solidity,-2e-08,8.58749999997e-09,-60000000.0,24584495.688866664,12.0
intact,solidity,-2e-08,8.55750000003e-09,-60000000.0,24502711.910166666,12.0
intact,solidity,-2e-08,8.52749999998e-09,-60000000.0,24420899.378099997,12.0
intact,solidity,-2e-08,8.49750000004e-09,-60000000.0,24339058.093099996,12.0
intact,solidity,-2e-08,8.4675e-09,-60000000.0,24257188.0547,12.0
intact,solidity,-2e-08,8.43749999995e-09,-60000000.0,24175289.263133332,12.0
intact,solidity,-2e-08,8.40750000001e-09,-60000000.0,24093361.7186,12.0
intact,solidity,-2e-08,8.37749999996e-09,-60000000.0,24011405.420633335,12.0
intact,solidity,-2e-08,8.34750000002e-09,-60000000.0,23929420.3697,12.0
intact,solidity,-2e-08,8.31749999997e-09,-60000000.0,23847406.5654,12.0
intact,solidity,-2e-08,8.28750000003e-09,-60000000.0,23765364.008,12.0
intact,solidity,-2e-08,8.25749999998e-09,-60000000.0,23683292.697366666,12.0
intact,solidity,-2e-08,8.22750000004e-09,-60000000.0,23601192.6337,12.0
intact,solidity,-2e-08,8.19749999999e-09,-60000000.0,23519063.8167,12.0
intact,solidity,-2e-08,8.16750000005e-09,-60000000.0,23436906.246666666,12.0
intact,solidity,-2e-08,8.13750000001e-09,-60000000.0,23354719.9233,12.0
intact,solidity,-2e-08,8.10749999996e-09,-60000000.0,23272504.84673333,12.0
intact,solidity,-2e-08,8.07750000002e-09,-60000000.0,23190261.017200004,12.0
intact,solidity,-2e-08,8.04749999997e-09,-60000000.0,23107988.434266668,12.0
intact,solidity,-2e-08,8.01750000003e-09,-60000000.0,23025687.098266665,12.0
intact,solidity,-2e-08,7.98749999998e-09,-60000000.0,22943357.00896667,12.0
intact,solidity,-2e-08,7.95750000004e-09,-60000000.0,22860998.1667,12.0
intact,solidity,-2e-08,7.92749999999e-09,-60000000.0,22778610.571066666,12.0
intact,solidity,-2e-08,7.89750000005e-09,-60000000.0,22696194.222433332,12.0
intact,solidity,-2e-08,7.8675e-09,-60000000.0,22613749.1204,12.0
intact,solidity,-2e-08,7.83749999995e-09,-60000000.0,22531275.265233334,12.0
intact,solidity,-2e-08,7.80750000001e-09,-60000000.0,22448772.657100003,12.0
intact,solidity,-2e-08,7.77749999997e-09,-60000000.0,22366241.295533333,12.0
intact,solidity,-2e-08,7.74750000003e-09,-60000000.0,22283681.181033336,12.0
intact,solidity,-2e-08,7.71749999998e-09,-60000000.0,22201092.313,12.0
intact,solidity,-2e-08,7.68750000004e-09,-60000000.0,22118474.6921,12.0
intact,solidity,-2e-08,7.65749999999e-09,-60000000.0,22035828.317866668,12.0
intact,solidity,-2e-08,7.62750000005e-09,-60000000.0,21953153.1906,12.0
intact,solidity,-2e-08,7.5975e-09,-60000000.0,21870449.31,12.0
intact,solidity,-2e-08,7.56749999995e-09,-60000000.0,21787716.67616667,12.0
intact,solidity,-2e-08,7.53750000001e-09,-60000000.0,21704955.2894,12.0
intact,solidity,-2e-08,7.50749999996e-09,-60000000.0,21622165.149233334,12.0
intact,solidity,-2e-08,7.47750000002e-09,-60000000.0,21539346.2561,12.0
intact,solidity,-2e-08,7.44749999997e-09,-60000000.0,21456498.609466664,12.0
intact,solidity,-2e-08,7.41750000003e-09,-60000000.0,21373622.209966667,12.0
intact,solidity,-2e-08,7.38749999999e-09,-60000000.0,21290717.057066668,12.0
intact,solidity,-2e-08,7.35750000005e-09,-60000000.0,21207783.151166666,12.0
intact,solidity,-2e-08,7.3275e-09,-60000000.0,21124820.4919,12.0
intact,solidity,-2e-08,7.29749999995e-09,-60000000.0,21041829.079533335,12.0
intact,solidity,-2e-08,7.26750000001e-09,-60000000.0,20958808.9141,12.0
intact,solidity,-2e-08,7.23749999996e-09,-60000000.0,20875759.995333333,12.0
intact,solidity,-2e-08,7.20750000002e-09,-60000000.0,20792682.323533334,12.0
intact,solidity,-2e-08,7.17749999997e-09,-60000000.0,20709575.898399998,12.0
intact,solidity,-2e-08,7.14750000003e-09,-60000000.0,20626440.7202,12.0
intact,solidity,-2e-08,7.11749999998e-09,-60000000.0,20543276.788666666,12.0
intact,solidity,-2e-08,7.08750000004e-09,-60000000.0,20460084.104166668,12.0
intact,solidity,-2e-08,7.05749999999e-09,-60000000.0,20376862.6663,12.0
intact,solidity,-2e-08,7.02749999995e-09,-60000000.0,20293612.47526667,12.0
intact,solidity,-2e-08,6.99750000001e-09,-60000000.0,20210333.531233333,12.0
intact,solidity,-2e-08,6.96749999996e-09,-60000000.0,20127025.833833333,12.0
intact,solidity,-2e-08,6.93750000002e-09,-60000000.0,20043689.383433335,12.0
intact,solidity,-2e-08,6.90749999997e-09,-60000000.0,19960324.179700002,12.0
intact,solidity,-2e-08,6.87750000003e-09,-60000000.0,19876930.222833335,12.0
intact,solidity,-2e-08,6.84749999998e-09,-60000000.0,19793507.5127,12.0
intact,solidity,-2e-08,6.81750000004e-09,-60000000.0,19710056.0496,12.0
intact,solidity,-2e-08,6.78749999999e-09,-60000000.0,19626575.8331,12.0
intact,solidity,-2e-08,6.75750000005e-09,-60000000.0,19543066.86363333,12.0
intact,solidity,-2e-08,6.7275e-09,-60000000.0,19459529.1408,12.0
intact,solidity,-2e-08,6.69749999995e-09,-60000000.0,19375962.664733335,12.0
intact,solidity,-2e-08,6.66750000001e-09,-60000000.0,19292367.435733333,12.0
intact,solidity,-2e-08,6.63749999997e-09,-60000000.0,19208743.453333333,12.0
intact,solidity,-2e-08,6.60750000003e-09,-60000000.0,19125090.718,12.0
intact,solidity,-2e-08,6.57749999998e-09,-60000000.0,19041409.229166668,12.0
intact,solidity,-2e-08,6.54750000004e-09,-60000000.0,18957698.9874,12.0
intact,solidity,-2e-08,6.51749999999e-09,-60000000.0,18873959.9923,12.0
intact,solidity,-2e-08,6.48750000005e-09,-60000000.0,18790192.244200002,12.0
intact,solidity,-2e-08,6.4575e-09,-60000000.0,18706395.7427,12.0
intact,solidity,-2e-08,6.42749999995e-09,-60000000.0,18622570.48806667,12.0
intact,solidity,-2e-08,6.39750000001e-09,-60000000.0,18538716.480433334,12.0
intact,solidity,-2e-08,6.36749999996e-09,-60000000.0,18454833.719433334,12.0
intact,solidity,-2e-08,6.33750000002e-09,-60000000.0,18370922.205433335,12.0
intact,solidity,-2e-08,6.30749999997e-09,-60000000.0,18286981.937966667,12.0
intact,solidity,-2e-08,6.27750000003e-09,-60000000.0,18203012.917633332,12.0
intact,solidity,-2e-08,6.24749999999e-09,-60000000.0,18119015.1439,12.0
intact,solidity,-2e-08,6.21750000005e-09,-60000000.0,18034988.6172,12.0
intact,solidity,-2e-08,6.1875e-09,-60000000.0,17950933.3371,12.0
intact,solidity,-2e-08,6.15749999995e-09,-60000000.0,17866849.303833336,12.0
intact,solidity,-2e-08,6.12750000001e-09,-60000000.0,17782736.5176,12.0
intact,solidity,-2e-08,6.09749999996e-09,-60000000.0,17698594.977933332,12.0
intact,solidity,-2e-08,6.06750000002e-09,-60000000.0,17614424.685333334,12.0
intact,solidity,-2e-08,6.03749999997e-09,-60000000.0,17530225.639333334,12.0
intact,solidity,-2e-08,6.00750000003e-09,-60000000.0,17445997.840266667,12.0
intact,solidity,-2e-08,5.97749999998e-09,-60000000.0,17361741.2879,12.0
intact,solidity,-2e-08,5.94750000004e-09,-60000000.0,17277455.982566666,12.0
intact,solidity,-2e-08,5.9175e-09,-60000000.0,17193141.9239,12.0
intact,solidity,-2e-08,5.88749999995e-09,-60000000.0,17108799.11196667,12.0
intact,solidity,-2e-08,5.85750000001e-09,-60000000.0,17024427.5471,12.0
intact,solidity,-2e-08,5.82749999996e-09,-60000000.0,16940027.228833333,12.0
intact,solidity,-2e-08,5.79750000002e-09,-60000000.0,16855598.157633334,12.0
intact,solidity,-2e-08,5.76749999997e-09,-60000000.0,16771140.332999999,12.0
intact,solidity,-2e-08,5.73750000003e-09,-60000000.0,16686653.7553,12.0
intact,solidity,-2e-08,5.70749999998e-09,-60000000.0,16602138.424366668,12.0
intact,solidity,-2e-08,5.67750000004e-09,-60000000.0,16517594.340400001,12.0
intact,solidity,-2e-08,5.64749999999e-09,-60000000.0,16433021.503066666,12.0
intact,solidity,-2e-08,5.61750000005e-09,-60000000.0,16348419.912766665,12.0
intact,solidity,-2e-08,5.5875e-09,-60000000.0,16263789.5691,12.0
intact,solidity,-2e-08,5.55749999996e-09,-60000000.0,16179130.472166667,12.0
intact,solidity,-2e-08,5.52750000002e-09,-60000000.0,16094442.622333333,12.0
intact,solidity,-2e-08,5.49749999997e-09,-60000000.0,16009726.019100001,12.0
intact,solidity,-2e-08,5.46750000003e-09,-60000000.0,15924980.6629,12.0
intact,solidity,-2e-08,5.43749999998e-09,-60000000.0,15840206.553166667,12.0
intact,solidity,-2e-08,5.40750000004e-09,-60000000.0,15755403.6906,12.0
intact,solidity,-2e-08,5.37749999999e-09,-60000000.0,15670572.074666666,12.0
intact,solidity,-2e-08,5.34750000005e-09,-60000000.0,15585711.705733335,12.0
intact,solidity,-2e-08,5.3175e-09,-60000000.0,15500822.583400002,12.0
intact,solidity,-2e-08,5.28749999995e-09,-60000000.0,15415904.707933335,12.0
intact,solidity,-2e-08,5.25750000001e-09,-60000000.0,15330958.079433331,12.0
intact,solidity,-2e-08,5.22749999996e-09,-60000000.0,15245982.6976,12.0
intact,solidity,-2e-08,5.19750000002e-09,-60000000.0,15160978.562733332,12.0
intact,solidity,-2e-08,5.16749999998e-09,-60000000.0,15075945.674466664,12.0
intact,solidity,-2e-08,5.13750000004e-09,-60000000.0,14990884.033266665,12.0
intact,solidity,-2e-08,5.10749999999e-09,-60000000.0,14905793.638666667,12.0
intact,solidity,-2e-08,5.07750000005e-09,-60000000.0,14820674.491133332,12.0
intact,solidity,-2e-08,5.0475e-09,-60000000.0,14735526.5902,12.0
intact,solidity,-2e-08,5.01749999995e-09,-60000000.0,14650349.936066667,12.0
intact,solidity,-2e-08,4.98750000001e-09,-60000000.0,14565144.529,12.0
intact,solidity,-2e-08,4.95749999996e-09,-60000000.0,14479910.3685,12.0
intact,solidity,-2e-08,4.92750000002e-09,-60000000.0,14394647.455033332,12.0
intact,solidity,-2e-08,4.89749999997e-09,-60000000.0,14309355.788066665,12.0
intact,solidity,-2e-08,4.86750000003e-09,-60000000.0,14224035.3683,12.0
intact,solidity,-2e-08,4.83749999998e-09,-60000000.0,14138686.1951,12.0
intact,solidity,-2e-08,4.80750000004e-09,-60000000.0,14053308.2689,12.0
intact,solidity,-2e-08,4.7775e-09,-60000000.0,13967901.589366667,12.0
intact,solidity,-2e-08,4.74749999995e-09,-60000000.0,13882466.156633332,12.0
intact,solidity,-2e-08,4.71750000001e-09,-60000000.0,13797001.9709,12.0
intact,solidity,-2e-08,4.68749999996e-09,-60000000.0,13711509.031800002,12.0
intact,solidity,-2e-08,4.65750000002e-09,-60000000.0,13625987.339733332,12.0
intact,solidity,-2e-08,4.62749999997e-09,-60000000.0,13540436.8943,12.0
intact,solidity,-2e-08,4.59750000003e-09,-60000000.0,13454857.695733333,12.0
intact,solidity,-2e-08,4.56749999998e-09,-60000000.0,13369249.7439,12.0
intact,solidity,-2e-08,4.53750000004e-09,-60000000.0,13283613.039133335,12.0
intact,solidity,-2e-08,4.50749999999e-09,-60000000.0,13197947.5809,12.0
intact,solidity,-2e-08,4.47750000005e-09,-60000000.0,13112253.369766667,12.0
intact,solidity,-2e-08,4.4475e-09,-60000000.0,13026530.405233333,12.0
intact,solidity,-2e-08,4.41749999996e-09,-60000000.0,12940778.687533334,12.0
intact,solidity,-2e-08,4.38750000002e-09,-60000000.0,12854998.216833333,12.0
intact,solidity,-2e-08,4.35749999997e-09,-60000000.0,12769188.992733331,12.0
intact,solidity,-2e-08,4.32750000003e-09,-60000000.0,12683351.015600001,12.0
intact,solidity,-2e-08,4.29749999998e-09,-60000000.0,12597484.285166666,12.0
intact,solidity,-2e-08,4.26750000004e-09,-60000000.0,12511588.801766666,12.0
intact,solidity,-2e-08,4.23749999999e-09,-60000000.0,12425664.564966666,12.0
intact,solidity,-2e-08,4.20750000005e-09,-60000000.0,12339711.575166667,12.0
intact,solidity,-2e-08,4.1775e-09,-60000000.0,12253729.832,12.0
intact,solidity,-2e-08,4.14749999995e-09,-60000000.0,12167719.335666666,12.0
intact,solidity,-2e-08,4.11750000001e-09,-60000000.0,12081680.086333334,12.0
intact,solidity,-2e-08,4.08749999997e-09,-60000000.0,11995612.083633333,12.0
intact,solidity,-2e-08,4.05750000003e-09,-60000000.0,11909515.328,12.0
intact,solidity,-2e-08,4.02749999998e-09,-60000000.0,11823389.8188,12.0
intact,solidity,-2e-08,3.99750000004e-09,-60000000.0,11737235.556766666,12.0
intact,solidity,-2e-08,3.96749999999e-09,-60000000.0,11651052.541366667,12.0
intact,solidity,-2e-08,3.93750000005e-09,-60000000.0,11564840.772966668,12.0
intact,solidity,-2e-08,3.9075e-09,-60000000.0,11478600.2512,12.0
intact,solidity,-2e-08,3.87749999995e-09,-60000000.0,11392330.976233333,12.0
intact,solidity,-2e-08,3.84750000001e-09,-60000000.0,11306032.948299998,12.0
intact,solidity,-2e-08,3.81749999996e-09,-60000000.0,11219706.166933334,12.0
intact,solidity,-2e-08,3.78750000002e-09,-60000000.0,11133350.632633334,12.0
intact,solidity,-2e-08,3.75749999997e-09,-60000000.0,11046966.344866667,12.0
intact,solidity,-2e-08,3.72750000003e-09,-60000000.0,10960553.3042,12.0
intact,solidity,-2e-08,3.69749999999e-09,-60000000.0,10874111.510166667,12.0
intact,solidity,-2e-08,3.66750000005e-09,-60000000.0,10787640.963166667,12.0
intact,solidity,-2e-08,3.6375e-09,-60000000.0,10701141.662766665,12.0
intact,solidity,-2e-08,3.60749999995e-09,-60000000.0,10614613.609166667,12.0
intact,solidity,-2e-08,3.57750000001e-09,-60000000.0,10528056.8026,12.0
intact,solidity,-2e-08,3.54749999996e-09,-60000000.0,10441471.242666667,12.0
intact,solidity,-2e-08,3.51750000002e-09,-60000000.0,10354856.929733334,12.0
intact,solidity,-2e-08,3.48749999997e-09,-60000000.0,10268213.863433333,12.0
intact,solidity,-2e-08,3.45750000003e-09,-60000000.0,10181542.044066666,12.0
intact,solidity,-2e-08,3.42749999998e-09,-60000000.0,10094841.4714,12.0
intact,solidity,-2e-08,3.39750000004e-09,-60000000.0,10008112.145766666,12.0
intact,solidity,-2e-08,3.36749999999e-09,-60000000.0,9921354.066743331,12.0
intact,solidity,-2e-08,3.33750000005e-09,-60000000.0,9834567.23475,12.0
intact,solidity,-2e-08,3.30750000001e-09,-60000000.0,9747751.649366667,12.0
intact,solidity,-2e-08,3.27749999996e-09,-60000000.0,9660907.3108,12.0
intact,solidity,-2e-08,3.24750000002e-09,-60000000.0,9574034.219266666,12.0
intact,solidity,-2e-08,3.21749999997e-09,-60000000.0,9487132.374336667,12.0
intact,solidity,-2e-08,3.18750000003e-09,-60000000.0,9400201.776336666,12.0
intact,solidity,-2e-08,3.15749999998e-09,-60000000.0,9313242.42505,12.0
intact,solidity,-2e-08,3.12750000004e-09,-60000000.0,9226254.320793333,12.0
intact,solidity,-2e-08,3.09749999999e-09,-60000000.0,9139237.46315,12.0
intact,solidity,-2e-08,3.06750000005e-09,-60000000.0,9052191.852533333,12.0
intact,solidity,-2e-08,3.0375e-09,-60000000.0,8965117.488523332,12.0
intact,solidity,-2e-08,3.00749999995e-09,-60000000.0,8878014.371336667,12.0
intact,solidity,-2e-08,2.97750000001e-09,-60000000.0,8790882.501183333,12.0
intact,solidity,-2e-08,2.94749999997e-09,-60000000.0,8703721.877633333,12.0
intact,solidity,-2e-08,2.91750000003e-09,-60000000.0,8616532.501116665,12.0
intact,solidity,-2e-08,2.88749999998e-09,-60000000.0,8529314.371106667,12.0
intact,solidity,-2e-08,2.85750000004e-09,-60000000.0,8442067.48823,12.0
intact,solidity,-2e-08,2.82749999999e-09,-60000000.0,8354791.851960001,12.0
intact,solidity,-2e-08,2.79750000005e-09,-60000000.0,8267487.46272,12.0
intact,solidity,-2e-08,2.7675e-09,-60000000.0,8180154.320093334,12.0
intact,solidity,-2e-08,2.73749999995e-09,-60000000.0,8092792.42429,12.0
intact,solidity,-2e-08,2.70750000001e-09,-60000000.0,8005401.775510001,12.0
intact,solidity,-2e-08,2.67749999996e-09,-60000000.0,7917982.3733399995,12.0
intact,solidity,-2e-08,2.64750000002e-09,-60000000.0,7830534.218203333,12.0
intact,solidity,-2e-08,2.61749999997e-09,-60000000.0,7743057.309566666,12.0
intact,solidity,-2e-08,2.58750000003e-09,-60000000.0,7655551.648073333,12.0
intact,solidity,-2e-08,2.55749999999e-09,-60000000.0,7568017.233186666,12.0
intact,solidity,-2e-08,2.52750000005e-09,-60000000.0,7480454.065326667,12.0
intact,solidity,-2e-08,2.4975e-09,-60000000.0,7392862.144076668,12.0
intact,solidity,-2e-08,2.46749999995e-09,-60000000.0,7305241.469646667,12.0
intact,solidity,-2e-08,2.43750000001e-09,-60000000.0,7217592.04225,12.0
intact,solidity,-2e-08,2.40749999996e-09,-60000000.0,7129913.86146,12.0
intact,solidity,-2e-08,2.37750000002e-09,-60000000.0,7042206.927700001,12.0
intact,solidity,-2e-08,2.34749999997e-09,-60000000.0,6954471.24055,12.0
intact,solidity,-2e-08,2.31750000003e-09,-60000000.0,6866706.800326667,12.0
intact,solidity,-2e-08,2.28749999998e-09,-60000000.0,6778913.606816667,12.0
intact,solidity,-2e-08,2.25750000004e-09,-60000000.0,6691091.660336666,12.0
intact,solidity,-2e-08,2.22749999999e-09,-60000000.0,6603240.960466667,12.0
intact,solidity,-2e-08,2.19749999995e-09,-60000000.0,6515361.50742,12.0
intact,solidity,-2e-08,2.16750000001e-09,-60000000.0,6427453.301396667,12.0
intact,solidity,-2e-08,2.13749999996e-09,-60000000.0,6339516.341986666,12.0
intact,solidity,-2e-08,2.10750000002e-09,-60000000.0,6251550.629609999,12.0
intact,solidity,-2e-08,2.07749999997e-09,-60000000.0,6163556.163836666,12.0
intact,solidity,-2e-08,2.04750000003e-09,-60000000.0,6075532.944993333,12.0
intact,solidity,-2e-08,2.01749999998e-09,-60000000.0,5987480.972863334,12.0
intact,solidity,-2e-08,1.98750000004e-09,-60000000.0,5899400.247763333,12.0
intact,solidity,-2e-08,1.95749999999e-09,-60000000.0,5811290.769273333,12.0
intact,solidity,-2e-08,1.92750000005e-09,-60000000.0,5723152.537813333,12.0
intact,solidity,-2e-08,1.8975e-09,-60000000.0,5634985.552963334,12.0
intact,solidity,-2e-08,1.86749999996e-09,-60000000.0,5546789.814933334,12.0
intact,solidity,-2e-08,1.83750000002e-09,-60000000.0,5458565.323933333,12.0
intact,solidity,-2e-08,1.80749999997e-09,-60000000.0,5370312.079536666,12.0
intact,solidity,-2e-08,1.77750000003e-09,-60000000.0,5282030.082176667,12.0
intact,solidity,-2e-08,1.74749999998e-09,-60000000.0,5193719.33132,12.0
intact,solidity,-2e-08,1.71750000004e-09,-60000000.0,5105379.8275999995,12.0
intact,solidity,-2e-08,1.68749999999e-09,-60000000.0,5017011.57049,12.0
intact,solidity,-2e-08,1.65750000005e-09,-60000000.0,4928614.560409999,12.0
intact,solidity,-2e-08,1.6275e-09,-60000000.0,4840188.796933333,12.0
intact,solidity,-2e-08,1.59749999995e-09,-60000000.0,4751734.2802800005,12.0
intact,solidity,-2e-08,1.56750000001e-09,-60000000.0,4663251.010663333,12.0
intact,solidity,-2e-08,1.53749999996e-09,-60000000.0,4574738.98765,12.0
intact,solidity,-2e-08,1.50750000002e-09,-60000000.0,4486198.211666667,12.0
intact,solidity,-2e-08,1.47749999998e-09,-60000000.0,4397628.682186667,12.0
intact,solidity,-2e-08,1.44750000004e-09,-60000000.0,4309030.3998466665,12.0
intact,solidity,-2e-08,1.41749999999e-09,-60000000.0,4220403.364116667,12.0
intact,solidity,-2e-08,1.38750000005e-09,-60000000.0,4131747.5754099996,12.0
intact,solidity,-2e-08,1.3575e-09,-60000000.0,4043063.03332,12.0
intact,solidity,-2e-08,1.32749999995e-09,-60000000.0,3954349.7380466666,12.0
intact,solidity,-2e-08,1.29750000001e-09,-60000000.0,3865607.6898000003,12.0
intact,solidity,-2e-08,1.26749999996e-09,-60000000.0,3776836.88817,12.0
intact,solidity,-2e-08,1.23750000002e-09,-60000000.0,3688037.3335700002,12.0
intact,solidity,-2e-08,1.20749999997e-09,-60000000.0,3599209.02557,12.0
intact,solidity,-2e-08,1.17750000003e-09,-60000000.0,3510351.9645066666,12.0
intact,solidity,-2e-08,1.14749999998e-09,-60000000.0,3421466.1501533333,12.0
intact,solidity,-2e-08,1.11750000004e-09,-60000000.0,3332551.5828266665,12.0
intact,solidity,-2e-08,1.0875e-09,-60000000.0,3243608.262116667,12.0
intact,solidity,-2e-08,1.05749999995e-09,-60000000.0,3154636.188216666,12.0
intact,solidity,-2e-08,1.02750000001e-09,-60000000.0,3065635.361356667,12.0
intact,solidity,-2e-08,9.97499999959e-10,-60000000.0,2976605.7811,12.0
intact,solidity,-2e-08,9.67500000019e-10,-60000000.0,2887547.4478800003,12.0
intact,solidity,-2e-08,9.3749999997e-10,-60000000.0,2798460.3612666666,12.0
intact,solidity,-2e-08,9.0750000003e-10,-60000000.0,2709344.5215733335,12.0
intact,solidity,-2e-08,8.77499999982e-10,-60000000.0,2620199.9285999998,12.0
intact,solidity,-2e-08,8.47500000042e-10,-60000000.0,2531026.5826533334,12.0
intact,solidity,-2e-08,8.17499999993e-10,-60000000.0,2441824.4833233333,12.0
intact,solidity,-2e-08,7.87500000053e-10,-60000000.0,2352593.6310166665,12.0
intact,solidity,-2e-08,7.57500000004e-10,-60000000.0,2263334.0253233337,12.0
intact,solidity,-2e-08,7.27499999956e-10,-60000000.0,2174045.6664433335,12.0
intact,solidity,-2e-08,6.97500000016e-10,-60000000.0,2084728.5546033334,12.0
intact,solidity,-2e-08,6.67499999967e-10,-60000000.0,1995382.6893633332,12.0
intact,solidity,-2e-08,6.37500000027e-10,-60000000.0,1906008.0710500001,12.0
intact,solidity,-2e-08,6.07499999979e-10,-60000000.0,1816604.6994566666,12.0
intact,solidity,-2e-08,5.77500000039e-10,-60000000.0,1727172.5748933337,12.0
intact,solidity,-2e-08,5.4749999999e-10,-60000000.0,1637711.69694,12.0
intact,solidity,-2e-08,5.1750000005e-10,-60000000.0,1548222.0660133332,12.0
intact,solidity,-2e-08,4.87500000002e-10,-60000000.0,1458703.6816933334,12.0
intact,solidity,-2e-08,4.57499999953e-10,-60000000.0,1369156.5442000001,12.0
intact,solidity,-2e-08,4.27500000013e-10,-60000000.0,1279580.6537333333,12.0
intact,solidity,-2e-08,3.97499999965e-10,-60000000.0,1189976.0098766668,12.0
intact,solidity,-2e-08,3.67500000025e-10,-60000000.0,1100342.6130533332,12.0
intact,solidity,-2e-08,3.37499999976e-10,-60000000.0,1010680.4627266666,12.0
intact,solidity,-2e-08,3.07500000036e-10,-60000000.0,920989.5595433334,12.0
intact,solidity,-2e-08,2.77499999988e-10,-60000000.0,831269.9029646666,12.0
intact,solidity,-2e-08,2.47500000048e-10,-60000000.0,741521.4934213334,12.0
intact,solidity,-2e-08,2.17499999999e-10,-60000000.0,651744.330482,12.0
intact,solidity,-2e-08,1.87499999951e-10,-60000000.0,561938.4143623334,12.0
intact,solidity,-2e-08,1.57500000011e-10,-60000000.0,472103.74527866667,12.0
intact,solidity,-2e-08,1.27499999962e-10,-60000000.0,382240.322799,12.0
intact,solidity,-2e-08,9.7500000022e-11,-60000000.0,292348.147356,12.0
intact,solidity,-2e-08,6.74999999736e-11,-60000000.0,202427.21840733336,12.0
intact,solidity,-2e-08,3.75000000335e-11,-60000000.0,112477.53660333333,12.0
intact,solidity,-2e-08,7.49999998502e-12,-60000000.0,22499.1014032,12.0
intact,solidity,-1.99775e-08,0.0,-59932499.999900006,0.0,13.0
intact,solidity,-1.99475e-08,0.0,-59842499.999900006,0.0,13.0
intact,solidity,-1.99175e-08,0.0,-59752500.0,0.0,13.0
intact,solidity,-1.98875e-08,0.0,-59662500.0,0.0,13.0
intact,solidity,-1.98575e-08,0.0,-59572500.000099994,0.0,13.0
intact,solidity,-1.98275e-08,0.0,-59482500.000099994,0.0,13.0
intact,solidity,-1.97975e-08,0.0,-59392500.000099994,0.0,13.0
intact,solidity,-1.97675000001e-08,0.0,-59302500.0002,0.0,13.0
intact,solidity,-1.97375e-08,0.0,-59212499.999900006,0.0,13.0
intact,solidity,-1.97075e-08,0.0,-59122499.999900006,0.0,13.0
intact,solidity,-1.96775e-08,0.0,-59032499.999900006,0.0,13.0
intact,solidity,-1.96475e-08,0.0,-58942500.0,0.0,13.0
intact,solidity,-1.96175e-08,0.0,-58852500.0,0.0,13.0
intact,solidity,-1.95875e-08,0.0,-58762500.0,0.0,13.0
intact,solidity,-1.95575e-08,0.0,-58672500.000099994,0.0,13.0
intact,solidity,-1.95275e-08,0.0,-58582500.000099994,0.0,13.0
intact,solidity,-1.94975e-08,0.0,-58492500.000099994,0.0,13.0
intact,solidity,-1.94674999999e-08,0.0,-58402499.9998,0.0,13.0
intact,solidity,-1.94375e-08,0.0,-58312499.999900006,0.0,13.0
intact,solidity,-1.94075e-08,0.0,-58222499.999900006,0.0,13.0
intact,solidity,-1.93775e-08,0.0,-58132500.0,0.0,13.0
intact,solidity,-1.93475e-08,0.0,-58042500.0,0.0,13.0
intact,solidity,-1.93175e-08,0.0,-57952500.0,0.0,13.0
intact,solidity,-1.92875e-08,0.0,-57862500.000099994,0.0,13.0
intact,solidity,-1.92575e-08,0.0,-57772500.000099994,0.0,13.0
intact,solidity,-1.92275e-08,0.0,-57682500.000099994,0.0,13.0
intact,solidity,-1.91975000001e-08,0.0,-57592500.0002,0.0,13.0
intact,solidity,-1.91675e-08,0.0,-57502499.999900006,0.0,13.0
intact,solidity,-1.91375e-08,0.0,-57412499.999900006,0.0,13.0
intact,solidity,-1.91075e-08,0.0,-57322499.999900006,0.0,13.0
intact,solidity,-1.90775e-08,0.0,-57232500.0,0.0,13.0
intact,solidity,-1.90475e-08,0.0,-57142500.0,0.0,13.0
intact,solidity,-1.90175e-08,0.0,-57052500.0,0.0,13.0
intact,solidity,-1.89875e-08,0.0,-56962500.000099994,0.0,13.0
intact,solidity,-1.89575e-08,0.0,-56872500.000099994,0.0,13.0
intact,solidity,-1.89275e-08,0.0,-56782500.000099994,0.0,13.0
intact,solidity,-1.88974999999e-08,0.0,-56692499.9998,0.0,13.0
intact,solidity,-1.88675e-08,0.0,-56602499.999900006,0.0,13.0
intact,solidity,-1.88375e-08,0.0,-56512499.999900006,0.0,13.0
intact,solidity,-1.88075e-08,0.0,-56422500.0,0.0,13.0
intact,solidity,-1.87775e-08,0.0,-56332500.0,0.0,13.0
intact,solidity,-1.87475e-08,0.0,-56242500.0,0.0,13.0
intact,solidity,-1.87175e-08,0.0,-56152500.000099994,0.0,13.0
intact,solidity,-1.86875e-08,0.0,-56062500.000099994,0.0,13.0
intact,solidity,-1.86575e-08,0.0,-55972500.000099994,0.0,13.0
intact,solidity,-1.86275000001e-08,0.0,-55882500.0002,0.0,13.0
intact,solidity,-1.85975e-08,0.0,-55792499.999900006,0.0,13.0
intact,solidity,-1.85675e-08,0.0,-55702499.999900006,0.0,13.0
intact,solidity,-1.85375e-08,0.0,-55612499.999900006,0.0,13.0
intact,solidity,-1.85075e-08,0.0,-55522500.0,0.0,13.0
intact,solidity,-1.84775e-08,0.0,-55432500.0,0.0,13.0
intact,solidity,-1.84475e-08,0.0,-55342500.0,0.0,13.0
intact,solidity,-1.84175e-08,0.0,-55252500.000099994,0.0,13.0
intact,solidity,-1.83875e-08,0.0,-55162500.000099994,0.0,13.0
intact,solidity,-1.83575e-08,0.0,-55072500.000099994,0.0,13.0
intact,solidity,-1.83275e-08,0.0,-54982499.999900006,0.0,13.0
intact,solidity,-1.82975e-08,0.0,-54892499.999900006,0.0,13.0
intact,solidity,-1.82675e-08,0.0,-54802499.999900006,0.0,13.0
intact,solidity,-1.82375e-08,0.0,-54712500.0,0.0,13.0
intact,solidity,-1.82075e-08,0.0,-54622500.0,0.0,13.0
intact,solidity,-1.81775e-08,0.0,-54532500.0,0.0,13.0
intact,solidity,-1.81475e-08,0.0,-54442500.000099994,0.0,13.0
intact,solidity,-1.81175e-08,0.0,-54352500.000099994,0.0,13.0
intact,solidity,-1.80875e-08,0.0,-54262500.000099994,0.0,13.0
intact,solidity,-1.80575000001e-08,0.0,-54172500.0002,0.0,13.0
intact,solidity,-1.80275e-08,0.0,-54082499.999900006,0.0,13.0
intact,solidity,-1.79975e-08,0.0,-53992499.999900006,0.0,13.0
intact,solidity,-1.79675e-08,0.0,-53902499.999900006,0.0,13.0
intact,solidity,-1.79375e-08,0.0,-53812500.0,0.0,13.0
intact,solidity,-1.79075e-08,0.0,-53722500.0,0.0,13.0
intact,solidity,-1.78775e-08,0.0,-53632500.0,0.0,13.0
intact,solidity,-1.78475e-08,0.0,-53542500.000099994,0.0,13.0
intact,solidity,-1.78175e-08,0.0,-53452500.000099994,0.0,13.0
intact,solidity,-1.77875e-08,0.0,-53362500.000099994,0.0,13.0
intact,solidity,-1.77575e-08,0.0,-53272499.999900006,0.0,13.0
intact,solidity,-1.77275e-08,0.0,-53182499.999900006,0.0,13.0
intact,solidity,-1.76975e-08,0.0,-53092499.999900006,0.0,13.0
intact,solidity,-1.76675e-08,0.0,-53002500.0,0.0,13.0
intact,solidity,-1.76375e-08,0.0,-52912500.0,0.0,13.0
intact,solidity,-1.76075e-08,0.0,-52822500.0,0.0,13.0
intact,solidity,-1.75775e-08,0.0,-52732500.000099994,0.0,13.0
intact,solidity,-1.75475e-08,0.0,-52642500.000099994,0.0,13.0
intact,solidity,-1.75175e-08,0.0,-52552500.000099994,0.0,13.0
intact,solidity,-1.74874999999e-08,0.0,-52462499.9998,0.0,13.0
intact,solidity,-1.74575e-08,0.0,-52372499.999900006,0.0,13.0
intact,solidity,-1.74275e-08,0.0,-52282499.999900006,0.0,13.0
intact,solidity,-1.73975e-08,0.0,-52192499.999900006,0.0,13.0
intact,solidity,-1.73675e-08,0.0,-52102500.0,0.0,13.0
intact,solidity,-1.73375e-08,0.0,-52012500.0,0.0,13.0
intact,solidity,-1.73075e-08,0.0,-51922500.0,0.0,13.0
intact,solidity,-1.72775e-08,0.0,-51832500.000099994,0.0,13.0
intact,solidity,-1.72475e-08,0.0,-51742500.000099994,0.0,13.0
intact,solidity,-1.72175e-08,0.0,-51652500.000099994,0.0,13.0
intact,solidity,-1.71875e-08,0.0,-51562499.999900006,0.0,13.0
intact,solidity,-1.71575e-08,0.0,-51472499.999900006,0.0,13.0
intact,solidity,-1.71275e-08,0.0,-51382499.999900006,0.0,13.0
intact,solidity,-1.70975e-08,0.0,-51292500.0,0.0,13.0
intact,solidity,-1.70675e-08,0.0,-51202500.0,0.0,13.0
intact,solidity,-1.70375e-08,0.0,-51112500.0,0.0,13.0
intact,solidity,-1.70075e-08,0.0,-51022500.000099994,0.0,13.0
intact,solidity,-1.69775e-08,0.0,-50932500.000099994,0.0,13.0
intact,solidity,-1.69475e-08,0.0,-50842500.000099994,0.0,13.0
intact,solidity,-1.69174999999e-08,0.0,-50752499.9998,0.0,13.0
intact,solidity,-1.68875e-08,0.0,-50662499.999900006,0.0,13.0
intact,solidity,-1.68575e-08,0.0,-50572499.999900006,0.0,13.0
intact,solidity,-1.68275e-08,0.0,-50482499.999900006,0.0,13.0
intact,solidity,-1.67975e-08,0.0,-50392500.0,0.0,13.0
intact,solidity,-1.67675e-08,0.0,-50302500.0,0.0,13.0
intact,solidity,-1.67375e-08,0.0,-50212500.0,0.0,13.0
intact,solidity,-1.67075e-08,0.0,-50122500.000099994,0.0,13.0
intact,solidity,-1.66775e-08,0.0,-50032500.000099994,0.0,13.0
intact,solidity,-1.66475e-08,0.0,-49942500.000099994,0.0,13.0
intact,solidity,-1.66175e-08,0.0,-49852499.999900006,0.0,13.0
intact,solidity,-1.65875e-08,0.0,-49762499.999900006,0.0,13.0
intact,solidity,-1.65575e-08,0.0,-49672499.999900006,0.0,13.0
intact,solidity,-1.65275e-08,0.0,-49582500.0,0.0,13.0
intact,solidity,-1.64975e-08,0.0,-49492500.0,0.0,13.0
intact,solidity,-1.64675e-08,0.0,-49402500.0,0.0,13.0
intact,solidity,-1.64375e-08,0.0,-49312500.000099994,0.0,13.0
intact,solidity,-1.64075e-08,0.0,-49222500.000099994,0.0,13.0
intact,solidity,-1.63775e-08,0.0,-49132500.000099994,0.0,13.0
intact,solidity,-1.63474999999e-08,0.0,-49042499.9998,0.0,13.0
intact,solidity,-1.63175e-08,0.0,-48952499.999900006,0.0,13.0
intact,solidity,-1.62875e-08,0.0,-48862499.999900006,0.0,13.0
intact,solidity,-1.62575e-08,0.0,-48772499.999900006,0.0,13.0
intact,solidity,-1.62275e-08,0.0,-48682500.0,0.0,13.0
intact,solidity,-1.61975e-08,0.0,-48592500.0,0.0,13.0
intact,solidity,-1.61675e-08,0.0,-48502500.0,0.0,13.0
intact,solidity,-1.61375e-08,0.0,-48412500.000099994,0.0,13.0
intact,solidity,-1.61075e-08,0.0,-48322500.000099994,0.0,13.0
intact,solidity,-1.60775000001e-08,0.0,-48232500.0002,0.0,13.0
intact,solidity,-1.60475e-08,0.0,-48142499.999900006,0.0,13.0
intact,solidity,-1.60175e-08,0.0,-48052499.999900006,0.0,13.0
intact,solidity,-1.59875e-08,0.0,-47962499.999900006,0.0,13.0
intact,solidity,-1.59575e-08,0.0,-47872500.0,0.0,13.0
intact,solidity,-1.59275e-08,0.0,-47782500.0,0.0,13.0
intact,solidity,-1.58975e-08,0.0,-47692500.0,0.0,13.0
intact,solidity,-1.58675e-08,0.0,-47602500.000099994,0.0,13.0
intact,solidity,-1.58375e-08,0.0,-47512500.000099994,0.0,13.0
intact,solidity,-1.58075e-08,0.0,-47422500.000099994,0.0,13.0
intact,solidity,-1.57774999999e-08,0.0,-47332499.9998,0.0,13.0
intact,solidity,-1.57475e-08,0.0,-47242499.999900006,0.0,13.0
intact,solidity,-1.57175e-08,0.0,-47152499.999900006,0.0,13.0
intact,solidity,-1.56875e-08,0.0,-47062499.999900006,0.0,13.0
intact,solidity,-1.56575e-08,0.0,-46972500.0,0.0,13.0
intact,solidity,-1.56275e-08,0.0,-46882500.0,0.0,13.0
intact,solidity,-1.55975e-08,0.0,-46792500.000099994,0.0,13.0
intact,solidity,-1.55675e-08,0.0,-46702500.000099994,0.0,13.0
intact,solidity,-1.55375e-08,0.0,-46612500.000099994,0.0,13.0
intact,solidity,-1.55075000001e-08,0.0,-46522500.0002,0.0,13.0
intact,solidity,-1.54775e-08,0.0,-46432499.999900006,0.0,13.0
intact,solidity,-1.54475e-08,0.0,-46342499.999900006,0.0,13.0
intact,solidity,-1.54175e-08,0.0,-46252499.999900006,0.0,13.0
intact,solidity,-1.53875e-08,0.0,-46162500.0,0.0,13.0
intact,solidity,-1.53575e-08,0.0,-46072500.0,0.0,13.0
intact,solidity,-1.53275e-08,0.0,-45982500.0,0.0,13.0
intact,solidity,-1.52975e-08,0.0,-45892500.000099994,0.0,13.0
intact,solidity,-1.52675e-08,0.0,-45802500.000099994,0.0,13.0
intact,solidity,-1.52375e-08,0.0,-45712500.000099994,0.0,13.0
intact,solidity,-1.52074999999e-08,0.0,-45622499.9998,0.0,13.0
intact,solidity,-1.51775e-08,0.0,-45532499.999900006,0.0,13.0
intact,solidity,-1.51475e-08,0.0,-45442499.999900006,0.0,13.0
intact,solidity,-1.51175e-08,0.0,-45352500.0,0.0,13.0
intact,solidity,-1.50875e-08,0.0,-45262500.0,0.0,13.0
intact,solidity,-1.50575e-08,0.0,-45172500.0,0.0,13.0
intact,solidity,-1.50275e-08,0.0,-45082500.000099994,0.0,13.0
intact,solidity,-1.49975e-08,0.0,-44992500.000099994,0.0,13.0
intact,solidity,-1.49675e-08,0.0,-44902500.000099994,0.0,13.0
intact,solidity,-1.49375000001e-08,0.0,-44812500.0002,0.0,13.0
intact,solidity,-1.49075e-08,0.0,-44722499.9999,0.0,13.0
intact,solidity,-1.48775e-08,0.0,-44632499.9999,0.0,13.0
intact,solidity,-1.48475e-08,0.0,-44542499.9999,0.0,13.0
intact,solidity,-1.48175e-08,0.0,-44452500.0,0.0,13.0
intact,solidity,-1.47875e-08,0.0,-44362500.0,0.0,13.0
intact,solidity,-1.47575e-08,0.0,-44272500.0,0.0,13.0
intact,solidity,-1.47275e-08,0.0,-44182500.0001,0.0,13.0
intact,solidity,-1.46975e-08,0.0,-44092500.0001,0.0,13.0
intact,solidity,-1.46675e-08,0.0,-44002500.0001,0.0,13.0
intact,solidity,-1.46374999999e-08,0.0,-43912499.9998,0.0,13.0
intact,solidity,-1.46075e-08,0.0,-43822499.9999,0.0,13.0
intact,solidity,-1.45775e-08,0.0,-43732499.9999,0.0,13.0
intact,solidity,-1.45475e-08,0.0,-43642500.0,0.0,13.0
intact,solidity,-1.45175e-08,0.0,-43552500.0,0.0,13.0
intact,solidity,-1.44875e-08,0.0,-43462500.0,0.0,13.0
intact,solidity,-1.44575e-08,0.0,-43372500.0001,0.0,13.0
intact,solidity,-1.44275e-08,0.0,-43282500.0001,0.0,13.0
intact,solidity,-1.43975e-08,0.0,-43192500.0001,0.0,13.0
intact,solidity,-1.43675000001e-08,0.0,-43102500.0002,0.0,13.0
intact,solidity,-1.43375e-08,0.0,-43012499.9999,0.0,13.0
intact,solidity,-1.43075e-08,0.0,-42922499.9999,0.0,13.0
intact,solidity,-1.42775e-08,0.0,-42832499.9999,0.0,13.0
intact,solidity,-1.42475e-08,0.0,-42742500.0,0.0,13.0
intact,solidity,-1.42175e-08,0.0,-42652500.0,0.0,13.0
intact,solidity,-1.41875e-08,0.0,-42562500.0,0.0,13.0
intact,solidity,-1.41575e-08,0.0,-42472500.0001,0.0,13.0
intact,solidity,-1.41275e-08,0.0,-42382500.0001,0.0,13.0
intact,solidity,-1.40975e-08,0.0,-42292500.0001,0.0,13.0
intact,solidity,-1.40675e-08,0.0,-42202499.9999,0.0,13.0
intact,solidity,-1.40375e-08,0.0,-42112499.9999,0.0,13.0
intact,solidity,-1.40075e-08,0.0,-42022499.9999,0.0,13.0
intact,solidity,-1.39775e-08,0.0,-41932500.0,0.0,13.0
intact,solidity,-1.39475e-08,0.0,-41842500.0,0.0,13.0
intact,solidity,-1.39175e-08,0.0,-41752500.0,0.0,13.0
intact,solidity,-1.38875e-08,0.0,-41662500.0001,0.0,13.0
intact,solidity,-1.38575e-08,0.0,-41572500.0001,0.0,13.0
intact,solidity,-1.38275e-08,0.0,-41482500.0001,0.0,13.0
intact,solidity,-1.37975000001e-08,0.0,-41392500.0002,0.0,13.0
intact,solidity,-1.37675e-08,0.0,-41302499.9999,0.0,13.0
intact,solidity,-1.37375e-08,0.0,-41212499.9999,0.0,13.0
intact,solidity,-1.37075e-08,0.0,-41122499.9999,0.0,13.0
intact,solidity,-1.36775e-08,0.0,-41032500.0,0.0,13.0
intact,solidity,-1.36475e-08,0.0,-40942500.0,0.0,13.0
intact,solidity,-1.36175e-08,0.0,-40852500.0,0.0,13.0
intact,solidity,-1.35875e-08,0.0,-40762500.0001,0.0,13.0
intact,solidity,-1.35575e-08,0.0,-40672500.0001,0.0,13.0
intact,solidity,-1.35275e-08,0.0,-40582500.0001,0.0,13.0
intact,solidity,-1.34975e-08,0.0,-40492499.9999,0.0,13.0
intact,solidity,-1.34675e-08,0.0,-40402499.9999,0.0,13.0
intact,solidity,-1.34375e-08,0.0,-40312499.9999,0.0,13.0
intact,solidity,-1.34075e-08,0.0,-40222500.0,0.0,13.0
intact,solidity,-1.33775e-08,0.0,-40132500.0,0.0,13.0
intact,solidity,-1.33475e-08,0.0,-40042500.0,0.0,13.0
intact,solidity,-1.33175e-08,0.0,-39952500.0001,0.0,13.0
intact,solidity,-1.32875e-08,0.0,-39862500.0001,0.0,13.0
intact,solidity,-1.32575e-08,0.0,-39772500.0001,0.0,13.0
intact,solidity,-1.32274999999e-08,0.0,-39682499.9998,0.0,13.0
intact,solidity,-1.31975e-08,0.0,-39592499.9999,0.0,13.0
intact,solidity,-1.31675e-08,0.0,-39502499.9999,0.0,13.0
intact,solidity,-1.31375e-08,0.0,-39412499.9999,0.0,13.0
intact,solidity,-1.31075e-08,0.0,-39322500.0,0.0,13.0
intact,solidity,-1.30775e-08,0.0,-39232500.0,0.0,13.0
intact,solidity,-1.30475e-08,0.0,-39142500.0,0.0,13.0
intact,solidity,-1.30175e-08,0.0,-39052500.0001,0.0,13.0
intact,solidity,-1.29875e-08,0.0,-38962500.0001,0.0,13.0
intact,solidity,-1.29575e-08,0.0,-38872500.0001,0.0,13.0
intact,solidity,-1.29275e-08,0.0,-38782499.9999,0.0,13.0
intact,solidity,-1.28975e-08,0.0,-38692499.9999,0.0,13.0
intact,solidity,-1.28675e-08,0.0,-38602499.9999,0.0,13.0
intact,solidity,-1.28375e-08,0.0,-38512500.0,0.0,13.0
intact,solidity,-1.28075e-08,0.0,-38422500.0,0.0,13.0
intact,solidity,-1.27775e-08,0.0,-38332500.0,0.0,13.0
intact,solidity,-1.27475e-08,0.0,-38242500.0001,0.0,13.0
intact,solidity,-1.27175e-08,0.0,-38152500.0001,0.0,13.0
intact,solidity,-1.26875e-08,0.0,-38062500.0001,0.0,13.0
intact,solidity,-1.26574999999e-08,0.0,-37972499.9998,0.0,13.0
intact,solidity,-1.26275e-08,0.0,-37882499.9999,0.0,13.0
intact,solidity,-1.25975e-08,0.0,-37792499.9999,0.0,13.0
intact,solidity,-1.25675e-08,0.0,-37702499.9999,0.0,13.0
intact,solidity,-1.25375e-08,0.0,-37612500.0,0.0,13.0
intact,solidity,-1.25075e-08,0.0,-37522500.0,0.0,13.0
intact,solidity,-1.24775e-08,0.0,-37432500.0,0.0,13.0
intact,solidity,-1.24475e-08,0.0,-37342500.0001,0.0,13.0
intact,solidity,-1.24175e-08,0.0,-37252500.0001,0.0,13.0
intact,solidity,-1.23875000001e-08,0.0,-37162500.0002,0.0,13.0
intact,solidity,-1.23575e-08,0.0,-37072499.9999,0.0,13.0
intact,solidity,-1.23275e-08,0.0,-36982499.9999,0.0,13.0
intact,solidity,-1.22975e-08,0.0,-36892499.9999,0.0,13.0
intact,solidity,-1.22675e-08,0.0,-36802500.0,0.0,13.0
intact,solidity,-1.22375e-08,0.0,-36712500.0,0.0,13.0
intact,solidity,-1.22075e-08,0.0,-36622500.0,0.0,13.0
intact,solidity,-1.21775e-08,0.0,-36532500.0001,0.0,13.0
intact,solidity,-1.21475e-08,0.0,-36442500.0001,0.0,13.0
intact,solidity,-1.21175e-08,0.0,-36352500.0001,0.0,13.0
intact,solidity,-1.20874999999e-08,0.0,-36262499.9998,0.0,13.0
intact,solidity,-1.20575e-08,0.0,-36172499.9999,0.0,13.0
intact,solidity,-1.20275e-08,0.0,-36082499.9999,0.0,13.0
intact,solidity,-1.19975e-08,0.0,-35992499.9999,0.0,13.0
intact,solidity,-1.19675e-08,0.0,-35902500.0,0.0,13.0
intact,solidity,-1.19375e-08,0.0,-35812500.0,0.0,13.0
intact,solidity,-1.19075e-08,0.0,-35722500.0,0.0,13.0
intact,solidity,-1.18775e-08,0.0,-35632500.0001,0.0,13.0
intact,solidity,-1.18475e-08,0.0,-35542500.0001,0.0,13.0
intact,solidity,-1.18175000001e-08,0.0,-35452500.0002,0.0,13.0
intact,solidity,-1.17875e-08,0.0,-35362499.9999,0.0,13.0
intact,solidity,-1.17575e-08,0.0,-35272499.9999,0.0,13.0
intact,solidity,-1.17275e-08,0.0,-35182499.9999,0.0,13.0
intact,solidity,-1.16975e-08,0.0,-35092500.0,0.0,13.0
intact,solidity,-1.16675e-08,0.0,-35002500.0,0.0,13.0
intact,solidity,-1.16375e-08,0.0,-34912500.0,0.0,13.0
intact,solidity,-1.16075e-08,0.0,-34822500.0001,0.0,13.0
intact,solidity,-1.15775e-08,0.0,-34732500.0001,0.0,13.0
intact,solidity,-1.15475e-08,0.0,-34642500.0001,0.0,13.0
intact,solidity,-1.15174999999e-08,0.0,-34552499.9998,0.0,13.0
intact,solidity,-1.14875e-08,0.0,-34462499.9999,0.0,13.0
intact,solidity,-1.14575e-08,0.0,-34372499.9999,0.0,13.0
intact,solidity,-1.14275e-08,0.0,-34282499.9999,0.0,13.0
intact,solidity,-1.13975e-08,0.0,-34192500.0,0.0,13.0
intact,solidity,-1.13675e-08,0.0,-34102500.0,0.0,13.0
intact,solidity,-1.13375e-08,0.0,-34012500.0001,0.0,13.0
intact,solidity,-1.13075e-08,0.0,-33922500.0001,0.0,13.0
intact,solidity,-1.12775e-08,0.0,-33832500.0001,0.0,13.0
intact,solidity,-1.12475000001e-08,0.0,-33742500.0002,0.0,13.0
intact,solidity,-1.12175e-08,0.0,-33652499.9999,0.0,13.0
intact,solidity,-1.11875e-08,0.0,-33562499.9999,0.0,13.0
intact,solidity,-1.11575e-08,0.0,-33472499.9999,0.0,13.0
intact,solidity,-1.11275e-08,0.0,-33382500.0,0.0,13.0
intact,solidity,-1.10975e-08,0.0,-33292500.0,0.0,13.0
intact,solidity,-1.10675e-08,0.0,-33202500.0,0.0,13.0
intact,solidity,-1.10375e-08,0.0,-33112500.0001,0.0,13.0
intact,solidity,-1.10075e-08,0.0,-33022500.0001,0.0,13.0
intact,solidity,-1.09775e-08,0.0,-32932500.0001,0.0,13.0
intact,solidity,-1.09474999999e-08,0.0,-32842499.9998,0.0,13.0
intact,solidity,-1.09175e-08,0.0,-32752499.9999,0.0,13.0
intact,solidity,-1.08875e-08,0.0,-32662499.9999,0.0,13.0
intact,solidity,-1.08575e-08,0.0,-32572500.0,0.0,13.0
intact,solidity,-1.08275e-08,0.0,-32482500.0,0.0,13.0
intact,solidity,-1.07975e-08,0.0,-32392500.0,0.0,13.0
intact,solidity,-1.07675e-08,0.0,-32302500.0001,0.0,13.0
intact,solidity,-1.07375e-08,0.0,-32212500.0001,0.0,13.0
intact,solidity,-1.07075e-08,0.0,-32122500.0001,0.0,13.0
intact,solidity,-1.06775000001e-08,0.0,-32032500.0002,0.0,13.0
intact,solidity,-1.06475e-08,0.0,-31942499.9999,0.0,13.0
intact,solidity,-1.06175e-08,0.0,-31852499.9999,0.0,13.0
intact,solidity,-1.05875e-08,0.0,-31762499.9999,0.0,13.0
intact,solidity,-1.05575e-08,0.0,-31672500.0,0.0,13.0
intact,solidity,-1.05275e-08,0.0,-31582500.0,0.0,13.0
intact,solidity,-1.04975e-08,0.0,-31492500.0,0.0,13.0
intact,solidity,-1.04675e-08,0.0,-31402500.0001,0.0,13.0
intact,solidity,-1.04375e-08,0.0,-31312500.0001,0.0,13.0
intact,solidity,-1.04075e-08,0.0,-31222500.0001,0.0,13.0
intact,solidity,-1.03775e-08,0.0,-31132499.9999,0.0,13.0
intact,solidity,-1.03475e-08,0.0,-31042499.9999,0.0,13.0
intact,solidity,-1.03175e-08,0.0,-30952499.9999,0.0,13.0
intact,solidity,-1.02875e-08,0.0,-30862500.0,0.0,13.0
intact,solidity,-1.02575e-08,0.0,-30772500.0,0.0,13.0
intact,solidity,-1.02275e-08,0.0,-30682500.0,0.0,13.0
intact,solidity,-1.01975e-08,0.0,-30592500.0001,0.0,13.0
intact,solidity,-1.01675e-08,0.0,-30502500.0001,0.0,13.0
intact,solidity,-1.01375e-08,0.0,-30412500.0001,0.0,13.0
intact,solidity,-1.01075000001e-08,0.0,-30322500.0002,0.0,13.0
intact,solidity,-1.00775e-08,0.0,-30232499.9999,0.0,13.0
intact,solidity,-1.00475e-08,0.0,-30142499.9999,0.0,13.0
intact,solidity,-1.00175e-08,0.0,-30052499.9999,0.0,13.0
intact,solidity,-9.98749999999e-09,0.0,-29962500.0,0.0,13.0
intact,solidity,-9.9575e-09,0.0,-29872500.0,0.0,13.0
intact,solidity,-9.92750000001e-09,0.0,-29782500.0,0.0,13.0
intact,solidity,-9.89750000002e-09,0.0,-29692500.0001,0.0,13.0
intact,solidity,-9.86750000004e-09,0.0,-29602500.0001,0.0,13.0
intact,solidity,-9.83750000005e-09,0.0,-29512500.0001,0.0,13.0
intact,solidity,-9.80749999995e-09,0.0,-29422499.9999,0.0,13.0
intact,solidity,-9.77749999996e-09,0.0,-29332499.9999,0.0,13.0
intact,solidity,-9.74749999997e-09,0.0,-29242499.9999,0.0,13.0
intact,solidity,-9.71749999999e-09,0.0,-29152500.0,0.0,13.0
intact,solidity,-9.6875e-09,0.0,-29062500.0,0.0,13.0
intact,solidity,-9.65750000001e-09,0.0,-28972500.0,0.0,13.0
intact,solidity,-9.62750000002e-09,0.0,-28882500.0001,0.0,13.0
intact,solidity,-9.59750000003e-09,0.0,-28792500.0001,0.0,13.0
intact,solidity,-9.56750000004e-09,0.0,-28702500.0001,0.0,13.0
intact,solidity,-9.53750000005e-09,0.0,-28612500.0002,0.0,13.0
intact,solidity,-9.50749999996e-09,0.0,-28522499.9999,0.0,13.0
intact,solidity,-9.47749999997e-09,0.0,-28432499.9999,0.0,13.0
intact,solidity,-9.44749999998e-09,0.0,-28342499.9999,0.0,13.0
intact,solidity,-9.41749999999e-09,0.0,-28252500.0,0.0,13.0
intact,solidity,-9.3875e-09,0.0,-28162500.0,0.0,13.0
intact,solidity,-9.35750000001e-09,0.0,-28072500.0,0.0,13.0
intact,solidity,-9.32750000003e-09,0.0,-27982500.0001,0.0,13.0
intact,solidity,-9.29750000004e-09,0.0,-27892500.0001,0.0,13.0
intact,solidity,-9.26750000005e-09,0.0,-27802500.0001,0.0,13.0
intact,solidity,-9.23749999995e-09,0.0,-27712499.9999,0.0,13.0
intact,solidity,-9.20749999996e-09,0.0,-27622499.9999,0.0,13.0
intact,solidity,-9.17749999997e-09,0.0,-27532499.9999,0.0,13.0
intact,solidity,-9.14749999999e-09,0.0,-27442500.0,0.0,13.0
intact,solidity,-9.1175e-09,0.0,-27352500.0,0.0,13.0
intact,solidity,-9.08750000001e-09,0.0,-27262500.0,0.0,13.0
intact,solidity,-9.05750000002e-09,0.0,-27172500.0001,0.0,13.0
intact,solidity,-9.02750000003e-09,0.0,-27082500.0001,0.0,13.0
intact,solidity,-8.99750000004e-09,0.0,-26992500.0001,0.0,13.0
intact,solidity,-8.96749999995e-09,0.0,-26902499.9998,0.0,13.0
intact,solidity,-8.93749999996e-09,0.0,-26812499.9999,0.0,13.0
intact,solidity,-8.90749999997e-09,0.0,-26722499.9999,0.0,13.0
intact,solidity,-8.87749999998e-09,0.0,-26632499.9999,0.0,13.0
intact,solidity,-8.84749999999e-09,0.0,-26542500.0,0.0,13.0
intact,solidity,-8.8175e-09,0.0,-26452500.0,0.0,13.0
intact,solidity,-8.78750000002e-09,0.0,-26362500.0,0.0,13.0
intact,solidity,-8.75750000003e-09,0.0,-26272500.0001,0.0,13.0
intact,solidity,-8.72750000004e-09,0.0,-26182500.0001,0.0,13.0
intact,solidity,-8.69750000005e-09,0.0,-26092500.0001,0.0,13.0
intact,solidity,-8.66749999995e-09,0.0,-26002499.9999,0.0,13.0
intact,solidity,-8.63749999996e-09,0.0,-25912499.9999,0.0,13.0
intact,solidity,-8.60749999998e-09,0.0,-25822499.9999,0.0,13.0
intact,solidity,-8.57749999999e-09,0.0,-25732500.0,0.0,13.0
intact,solidity,-8.5475e-09,0.0,-25642500.0,0.0,13.0
intact,solidity,-8.51750000001e-09,0.0,-25552500.0,0.0,13.0
intact,solidity,-8.48750000002e-09,0.0,-25462500.0001,0.0,13.0
intact,solidity,-8.45750000003e-09,0.0,-25372500.0001,0.0,13.0
intact,solidity,-8.42750000004e-09,0.0,-25282500.0001,0.0,13.0
intact,solidity,-8.39749999995e-09,0.0,-25192499.9998,0.0,13.0
intact,solidity,-8.36749999996e-09,0.0,-25102499.9999,0.0,13.0
intact,solidity,-8.33749999997e-09,0.0,-25012499.9999,0.0,13.0
intact,solidity,-8.30749999998e-09,0.0,-24922499.9999,0.0,13.0
intact,solidity,-8.27749999999e-09,0.0,-24832500.0,0.0,13.0
intact,solidity,-8.2475e-09,0.0,-24742500.0,0.0,13.0
intact,solidity,-8.21750000002e-09,0.0,-24652500.0,0.0,13.0
intact,solidity,-8.18750000003e-09,0.0,-24562500.0001,0.0,13.0
intact,solidity,-8.15750000004e-09,0.0,-24472500.0001,0.0,13.0
intact,solidity,-8.12750000005e-09,0.0,-24382500.0002,0.0,13.0
intact,solidity,-8.09749999995e-09,0.0,-24292499.9999,0.0,13.0
intact,solidity,-8.06749999996e-09,0.0,-24202499.9999,0.0,13.0
intact,solidity,-8.03749999998e-09,0.0,-24112499.9999,0.0,13.0
intact,solidity,-8.00749999999e-09,0.0,-24022500.0,0.0,13.0
intact,solidity,-7.9775e-09,0.0,-23932500.0,0.0,13.0
intact,solidity,-7.94750000001e-09,0.0,-23842500.0,0.0,13.0
intact,solidity,-7.91750000002e-09,0.0,-23752500.0001,0.0,13.0
intact,solidity,-7.88750000003e-09,0.0,-23662500.0001,0.0,13.0
intact,solidity,-7.85750000004e-09,0.0,-23572500.0001,0.0,13.0
intact,solidity,-7.82749999995e-09,0.0,-23482499.9998,0.0,13.0
intact,solidity,-7.79749999996e-09,0.0,-23392499.9999,0.0,13.0
intact,solidity,-7.76749999997e-09,0.0,-23302499.9999,0.0,13.0
intact,solidity,-7.73749999998e-09,0.0,-23212499.9999,0.0,13.0
intact,solidity,-7.70749999999e-09,0.0,-23122500.0,0.0,13.0
intact,solidity,-7.67750000001e-09,0.0,-23032500.0,0.0,13.0
intact,solidity,-7.64750000002e-09,0.0,-22942500.0,0.0,13.0
intact,solidity,-7.61750000003e-09,0.0,-22852500.0001,0.0,13.0
intact,solidity,-7.58750000004e-09,0.0,-22762500.0001,0.0,13.0
intact,solidity,-7.55750000005e-09,0.0,-22672500.0002,0.0,13.0
intact,solidity,-7.52749999995e-09,0.0,-22582499.9999,0.0,13.0
intact,solidity,-7.49749999997e-09,0.0,-22492499.9999,0.0,13.0
intact,solidity,-7.46749999998e-09,0.0,-22402499.9999,0.0,13.0
intact,solidity,-7.43749999999e-09,0.0,-22312500.0,0.0,13.0
intact,solidity,-7.4075e-09,0.0,-22222500.0,0.0,13.0
intact,solidity,-7.37750000001e-09,0.0,-22132500.0,0.0,13.0
intact,solidity,-7.34750000002e-09,0.0,-22042500.0001,0.0,13.0
intact,solidity,-7.31750000003e-09,0.0,-21952500.0001,0.0,13.0
intact,solidity,-7.28750000005e-09,0.0,-21862500.0001,0.0,13.0
intact,solidity,-7.25749999995e-09,0.0,-21772499.9998,0.0,13.0
intact,solidity,-7.22749999996e-09,0.0,-21682499.9999,0.0,13.0
intact,solidity,-7.19749999997e-09,0.0,-21592499.9999,0.0,13.0
intact,solidity,-7.16749999998e-09,0.0,-21502499.9999,0.0,13.0
intact,solidity,-7.13749999999e-09,0.0,-21412500.0,0.0,13.0
intact,solidity,-7.10750000001e-09,0.0,-21322500.0,0.0,13.0
intact,solidity,-7.07750000002e-09,0.0,-21232500.0001,0.0,13.0
intact,solidity,-7.04750000003e-09,0.0,-21142500.0001,0.0,13.0
intact,solidity,-7.01750000004e-09,0.0,-21052500.0001,0.0,13.0
intact,solidity,-6.98750000005e-09,0.0,-20962500.0002,0.0,13.0
intact,solidity,-6.95749999995e-09,0.0,-20872499.9999,0.0,13.0
intact,solidity,-6.92749999997e-09,0.0,-20782499.9999,0.0,13.0
intact,solidity,-6.89749999998e-09,0.0,-20692499.9999,0.0,13.0
intact,solidity,-6.86749999999e-09,0.0,-20602500.0,0.0,13.0
intact,solidity,-6.8375e-09,0.0,-20512500.0,0.0,13.0
intact,solidity,-6.80750000001e-09,0.0,-20422500.0,0.0,13.0
intact,solidity,-6.77750000002e-09,0.0,-20332500.0001,0.0,13.0
intact,solidity,-6.74750000003e-09,0.0,-20242500.0001,0.0,13.0
intact,solidity,-6.71750000005e-09,0.0,-20152500.0001,0.0,13.0
intact,solidity,-6.68749999995e-09,0.0,-20062499.9998,0.0,13.0
intact,solidity,-6.65749999996e-09,0.0,-19972499.9999,0.0,13.0
intact,solidity,-6.62749999997e-09,0.0,-19882499.9999,0.0,13.0
intact,solidity,-6.59749999998e-09,0.0,-19792500.0,0.0,13.0
intact,solidity,-6.5675e-09,0.0,-19702500.0,0.0,13.0
intact,solidity,-6.53750000001e-09,0.0,-19612500.0,0.0,13.0
intact,solidity,-6.50750000002e-09,0.0,-19522500.0001,0.0,13.0
intact,solidity,-6.47750000003e-09,0.0,-19432500.0001,0.0,13.0
intact,solidity,-6.44750000004e-09,0.0,-19342500.0001,0.0,13.0
intact,solidity,-6.41750000005e-09,0.0,-19252500.0002,0.0,13.0
intact,solidity,-6.38749999996e-09,0.0,-19162499.9999,0.0,13.0
intact,solidity,-6.35749999997e-09,0.0,-19072499.9999,0.0,13.0
intact,solidity,-6.32749999998e-09,0.0,-18982499.9999,0.0,13.0
intact,solidity,-6.29749999999e-09,0.0,-18892500.0,0.0,13.0
intact,solidity,-6.2675e-09,0.0,-18802500.0,0.0,13.0
intact,solidity,-6.23750000001e-09,0.0,-18712500.0,0.0,13.0
intact,solidity,-6.20750000002e-09,0.0,-18622500.0001,0.0,13.0
intact,solidity,-6.17750000004e-09,0.0,-18532500.0001,0.0,13.0
intact,solidity,-6.14750000005e-09,0.0,-18442500.0001,0.0,13.0
intact,solidity,-6.11749999995e-09,0.0,-18352499.9999,0.0,13.0
intact,solidity,-6.08749999996e-09,0.0,-18262499.9999,0.0,13.0
intact,solidity,-6.05749999997e-09,0.0,-18172499.9999,0.0,13.0
intact,solidity,-6.02749999998e-09,0.0,-18082500.0,0.0,13.0
intact,solidity,-5.9975e-09,0.0,-17992500.0,0.0,13.0
intact,solidity,-5.96750000001e-09,0.0,-17902500.0,0.0,13.0
intact,solidity,-5.93750000002e-09,0.0,-17812500.0001,0.0,13.0
intact,solidity,-5.90750000003e-09,0.0,-17722500.0001,0.0,13.0
intact,solidity,-5.87750000004e-09,0.0,-17632500.0001,0.0,13.0
intact,solidity,-5.84750000005e-09,0.0,-17542500.0002,0.0,13.0
intact,solidity,-5.81749999996e-09,0.0,-17452499.9999,0.0,13.0
intact,solidity,-5.78749999997e-09,0.0,-17362499.9999,0.0,13.0
intact,solidity,-5.75749999998e-09,0.0,-17272499.9999,0.0,13.0
intact,solidity,-5.72749999999e-09,0.0,-17182500.0,0.0,13.0
intact,solidity,-5.6975e-09,0.0,-17092500.0,0.0,13.0
intact,solidity,-5.66750000001e-09,0.0,-17002500.0,0.0,13.0
intact,solidity,-5.63750000003e-09,0.0,-16912500.0001,0.0,13.0
intact,solidity,-5.60750000004e-09,0.0,-16822500.0001,0.0,13.0
intact,solidity,-5.57750000005e-09,0.0,-16732500.0001,0.0,13.0
intact,solidity,-5.54749999995e-09,0.0,-16642499.9999,0.0,13.0
intact,solidity,-5.51749999996e-09,0.0,-16552499.9999,0.0,13.0
intact,solidity,-5.48749999997e-09,0.0,-16462499.9999,0.0,13.0
intact,solidity,-5.45749999999e-09,0.0,-16372500.0,0.0,13.0
intact,solidity,-5.4275e-09,0.0,-16282500.0,0.0,13.0
intact,solidity,-5.39750000001e-09,0.0,-16192500.0,0.0,13.0
intact,solidity,-5.36750000002e-09,0.0,-16102500.0001,0.0,13.0
intact,solidity,-5.33750000003e-09,0.0,-16012500.0001,0.0,13.0
intact,solidity,-5.30750000004e-09,0.0,-15922500.0001,0.0,13.0
intact,solidity,-5.27750000005e-09,0.0,-15832500.000199998,0.0,13.0
intact,solidity,-5.24749999996e-09,0.0,-15742499.9999,0.0,13.0
intact,solidity,-5.21749999997e-09,0.0,-15652499.9999,0.0,13.0
intact,solidity,-5.18749999998e-09,0.0,-15562499.9999,0.0,13.0
intact,solidity,-5.15749999999e-09,0.0,-15472500.0,0.0,13.0
intact,solidity,-5.1275e-09,0.0,-15382500.0,0.0,13.0
intact,solidity,-5.09750000001e-09,0.0,-15292500.0,0.0,13.0
intact,solidity,-5.06750000003e-09,0.0,-15202500.0001,0.0,13.0
intact,solidity,-5.03750000004e-09,0.0,-15112500.0001,0.0,13.0
intact,solidity,-5.00750000005e-09,0.0,-15022500.0001,0.0,13.0
intact,solidity,-4.97749999995e-09,0.0,-14932499.9999,0.0,13.0
intact,solidity,-4.94749999996e-09,0.0,-14842499.9999,0.0,13.0
intact,solidity,-4.91749999997e-09,0.0,-14752499.9999,0.0,13.0
intact,solidity,-4.88749999999e-09,0.0,-14662500.0,0.0,13.0
intact,solidity,-4.8575e-09,0.0,-14572500.0,0.0,13.0
intact,solidity,-4.82750000001e-09,0.0,-14482500.0,0.0,13.0
intact,solidity,-4.79750000002e-09,0.0,-14392500.0001,0.0,13.0
intact,solidity,-4.76750000003e-09,0.0,-14302500.0001,0.0,13.0
intact,solidity,-4.73750000004e-09,0.0,-14212500.0001,0.0,13.0
intact,solidity,-4.70749999995e-09,0.0,-14122499.999800002,0.0,13.0
intact,solidity,-4.67749999996e-09,0.0,-14032499.9999,0.0,13.0
intact,solidity,-4.64749999997e-09,0.0,-13942499.9999,0.0,13.0
intact,solidity,-4.61749999998e-09,0.0,-13852499.9999,0.0,13.0
intact,solidity,-4.58749999999e-09,0.0,-13762500.0,0.0,13.0
intact,solidity,-4.5575e-09,0.0,-13672500.0,0.0,13.0
intact,solidity,-4.52750000002e-09,0.0,-13582500.0,0.0,13.0
intact,solidity,-4.49750000003e-09,0.0,-13492500.0001,0.0,13.0
intact,solidity,-4.46750000004e-09,0.0,-13402500.0001,0.0,13.0
intact,solidity,-4.43750000005e-09,0.0,-13312500.0001,0.0,13.0
intact,solidity,-4.40749999995e-09,0.0,-13222499.9999,0.0,13.0
intact,solidity,-4.37749999996e-09,0.0,-13132499.9999,0.0,13.0
intact,solidity,-4.34749999998e-09,0.0,-13042499.9999,0.0,13.0
intact,solidity,-4.31749999999e-09,0.0,-12952500.0,0.0,13.0
intact,solidity,-4.2875e-09,0.0,-12862500.0,0.0,13.0
intact,solidity,-4.25750000001e-09,0.0,-12772500.0,0.0,13.0
intact,solidity,-4.22750000002e-09,0.0,-12682500.0001,0.0,13.0
intact,solidity,-4.19750000003e-09,0.0,-12592500.0001,0.0,13.0
intact,solidity,-4.16750000004e-09,0.0,-12502500.0001,0.0,13.0
intact,solidity,-4.13749999995e-09,0.0,-12412499.999800002,0.0,13.0
intact,solidity,-4.10749999996e-09,0.0,-12322499.9999,0.0,13.0
intact,solidity,-4.07749999997e-09,0.0,-12232499.9999,0.0,13.0
intact,solidity,-4.04749999998e-09,0.0,-12142499.9999,0.0,13.0
intact,solidity,-4.01749999999e-09,0.0,-12052500.0,0.0,13.0
intact,solidity,-3.9875e-09,0.0,-11962500.0,0.0,13.0
intact,solidity,-3.95750000002e-09,0.0,-11872500.0,0.0,13.0
intact,solidity,-3.92750000003e-09,0.0,-11782500.0001,0.0,13.0
intact,solidity,-3.89750000004e-09,0.0,-11692500.0001,0.0,13.0
intact,solidity,-3.86750000005e-09,0.0,-11602500.000199998,0.0,13.0
intact,solidity,-3.83749999995e-09,0.0,-11512499.9999,0.0,13.0
intact,solidity,-3.80749999996e-09,0.0,-11422499.9999,0.0,13.0
intact,solidity,-3.77749999998e-09,0.0,-11332499.9999,0.0,13.0
intact,solidity,-3.74749999999e-09,0.0,-11242500.0,0.0,13.0
intact,solidity,-3.7175e-09,0.0,-11152500.0,0.0,13.0
intact,solidity,-3.68750000001e-09,0.0,-11062500.0,0.0,13.0
intact,solidity,-3.65750000002e-09,0.0,-10972500.0001,0.0,13.0
intact,solidity,-3.62750000003e-09,0.0,-10882500.0001,0.0,13.0
intact,solidity,-3.59750000004e-09,0.0,-10792500.0001,0.0,13.0
intact,solidity,-3.56749999995e-09,0.0,-10702499.9998,0.0,13.0
intact,solidity,-3.53749999996e-09,0.0,-10612499.9999,0.0,13.0
intact,solidity,-3.50749999997e-09,0.0,-10522499.9999,0.0,13.0
intact,solidity,-3.47749999998e-09,0.0,-10432499.9999,0.0,13.0
intact,solidity,-3.44749999999e-09,0.0,-10342500.0,0.0,13.0
intact,solidity,-3.41750000001e-09,0.0,-10252500.0,0.0,13.0
intact,solidity,-3.38750000002e-09,0.0,-10162500.0001,0.0,13.0
intact,solidity,-3.35750000003e-09,0.0,-10072500.0001,0.0,13.0
intact,solidity,-3.32750000004e-09,0.0,-9982500.00012,0.0,13.0
intact,solidity,-3.29750000005e-09,0.0,-9892500.00015,0.0,13.0
intact,solidity,-3.26749999995e-09,0.0,-9802499.99986,0.0,13.0
intact,solidity,-3.23749999997e-09,0.0,-9712499.9999,0.0,13.0
intact,solidity,-3.20749999998e-09,0.0,-9622499.99993,0.0,13.0
intact,solidity,-3.17749999999e-09,0.0,-9532499.99997,0.0,13.0
intact,solidity,-3.1475e-09,0.0,-9442500.0,0.0,13.0
intact,solidity,-3.11750000001e-09,0.0,-9352500.00003,0.0,13.0
intact,solidity,-3.08750000002e-09,0.0,-9262500.00007,0.0,13.0
intact,solidity,-3.05750000003e-09,0.0,-9172500.0001,0.0,13.0
intact,solidity,-3.02750000005e-09,0.0,-9082500.00014,0.0,13.0
intact,solidity,-2.99749999995e-09,0.0,-8992499.99985,0.0,13.0
intact,solidity,-2.96749999996e-09,0.0,-8902499.99988,0.0,13.0
intact,solidity,-2.93749999997e-09,0.0,-8812499.99992,0.0,13.0
intact,solidity,-2.90749999998e-09,0.0,-8722499.99995,0.0,13.0
intact,solidity,-2.87749999999e-09,0.0,-8632499.99998,0.0,13.0
intact,solidity,-2.84750000001e-09,0.0,-8542500.00002,0.0,13.0
intact,solidity,-2.81750000002e-09,0.0,-8452500.00005,0.0,13.0
intact,solidity,-2.78750000003e-09,0.0,-8362500.00009,0.0,13.0
intact,solidity,-2.75750000004e-09,0.0,-8272500.00012,0.0,13.0
intact,solidity,-2.72750000005e-09,0.0,-8182500.00016,0.0,13.0
intact,solidity,-2.69749999995e-09,0.0,-8092499.99986,0.0,13.0
intact,solidity,-2.66749999997e-09,0.0,-8002499.999900001,0.0,13.0
intact,solidity,-2.63749999998e-09,0.0,-7912499.999929999,0.0,13.0
intact,solidity,-2.60749999999e-09,0.0,-7822499.99997,0.0,13.0
intact,solidity,-2.5775e-09,0.0,-7732500.0,0.0,13.0
intact,solidity,-2.54750000001e-09,0.0,-7642500.000039999,0.0,13.0
intact,solidity,-2.51750000002e-09,0.0,-7552500.000070001,0.0,13.0
intact,solidity,-2.48750000004e-09,0.0,-7462500.00011,0.0,13.0
intact,solidity,-2.45750000005e-09,0.0,-7372500.00014,0.0,13.0
intact,solidity,-2.42749999995e-09,0.0,-7282499.99985,0.0,13.0
intact,solidity,-2.39749999996e-09,0.0,-7192499.99988,0.0,13.0
intact,solidity,-2.36749999997e-09,0.0,-7102499.99992,0.0,13.0
intact,solidity,-2.33749999998e-09,0.0,-7012499.99995,0.0,13.0
intact,solidity,-2.3075e-09,0.0,-6922499.99999,0.0,13.0
intact,solidity,-2.27750000001e-09,0.0,-6832500.00002,0.0,13.0
intact,solidity,-2.24750000002e-09,0.0,-6742500.00005,0.0,13.0
intact,solidity,-2.21750000003e-09,0.0,-6652500.00009,0.0,13.0
intact,solidity,-2.18750000004e-09,0.0,-6562500.00012,0.0,13.0
intact,solidity,-2.15750000005e-09,0.0,-6472500.00016,0.0,13.0
intact,solidity,-2.12749999996e-09,0.0,-6382499.9998699995,0.0,13.0
intact,solidity,-2.09749999997e-09,0.0,-6292499.999900001,0.0,13.0
intact,solidity,-2.06749999998e-09,0.0,-6202499.99994,0.0,13.0
intact,solidity,-2.03749999999e-09,0.0,-6112499.99997,0.0,13.0
intact,solidity,-2.0075e-09,0.0,-6022500.0,0.0,13.0
endommage,plastic,-2.1e-08,0.0,-63000000.0,-10972786.9796,13.0
endommage,plastic,-2e-08,9.99999999954e-10,-60000000.0,-9056771.325643333,10.0
endommage,plastic,-2e-08,2.99999999997e-09,-60000000.0,-6056771.325613334,10.0
endommage,plastic,-2e-08,4.99999999999e-09,-60000000.0,-3056771.3256366663,10.0
endommage,plastic,-2e-08,7e-09,-60000000.0,-56771.32560453333,10.0
endommage,plastic,-2e-08,9.00000000002e-09,-60000000.0,2943228.674426667,10.0
endommage,plastic,-2e-08,1.1e-08,-60000000.0,5943228.674403333,10.0
endommage,plastic,-2e-08,1.3e-08,-60000000.0,8943228.674436668,10.0
endommage,plastic,-2e-08,1.5e-08,-60000000.0,10556771.3256,10.0
endommage,plastic,-2e-08,1.7e-08,-60000000.0,10556771.3256,10.0
endommage,plastic,-2e-08,1.9e-08,-60000000.0,10556771.3256,10.0
endommage,plastic,-2e-08,2.1e-08,-60000000.0,10556771.3256,10.0
endommage,plastic,-2e-08,2.3e-08,-60000000.0,10556771.3256,10.0
endommage,plastic,-2e-08,2.5e-08,-60000000.0,10556771.3256,10.0
endommage,plastic,-2e-08,2.7e-08,-60000000.0,10556771.3256,10.0
endommage,plastic,-2e-08,2.9e-08,-60000000.0,10556771.3256,10.0
endommage,plastic,-2e-08,3.1e-08,-60000000.0,10556771.3256,10.0
endommage,plastic,-2e-08,3.3e-08,-60000000.0,10556771.3256,10.0
endommage,plastic,-2e-08,3.5e-08,-60000000.0,10556771.3256,10.0
endommage,plastic,-2e-08,3.7e-08,-60000000.0,10556771.3256,10.0
endommage,plastic,-2e-08,3.9e-08,-60000000.0,10556771.3256,10.0
endommage,plastic,-2e-08,4.10000000001e-08,-60000000.0,10556771.3256,10.0
endommage,plastic,-2e-08,4.3e-08,-60000000.0,10556771.3256,10.0
endommage,plastic,-2e-08,4.5e-08,-60000000.0,10556771.3256,10.0
endommage,plastic,-2e-08,4.7e-08,-60000000.0,10556771.3256,10.0
endommage,plastic,-2e-08,4.9e-08,-60000000.0,10556771.3256,10.0
endommage,plastic,-2e-08,5.1e-08,-60000000.0,10556771.3256,10.0
endommage,plastic,-2e-08,5.3e-08,-60000000.0,10556771.3256,10.0
endommage,plastic,-2e-08,5.50000000001e-08,-60000000.0,10556771.3256,10.0
endommage,plastic,-2e-08,5.7e-08,-60000000.0,10556771.3256,10.0
endommage,plastic,-2e-08,5.9e-08,-60000000.0,10556771.3256,10.0
endommage,plastic,-2e-08,6.1e-08,-60000000.0,10556771.3256,10.0
endommage,plastic,-2e-08,6.3e-08,-60000000.0,10556771.3256,10.0
endommage,plastic,-2e-08,6.5e-08,-60000000.0,10556771.3256,10.0
endommage,plastic,-2e-08,6.7e-08,-60000000.0,10556771.3256,10.0
endommage,plastic,-2e-08,6.89999999999e-08,-60000000.0,10556771.3256,10.0
endommage,plastic,-2e-08,7.1e-08,-60000000.0,10556771.3256,10.0
endommage,plastic,-2e-08,7.3e-08,-60000000.0,10556771.3256,10.0
endommage,plastic,-2e-08,7.5e-08,-60000000.0,10556771.3256,10.0
endommage,plastic,-2e-08,7.7e-08,-60000000.0,10556771.3256,10.0
endommage,plastic,-2e-08,7.9e-08,-60000000.0,10556771.3256,10.0
endommage,plastic,-2e-08,8.1e-08,-60000000.0,10556771.3256,10.0
endommage,plastic,-2e-08,8.29999999999e-08,-60000000.0,10556771.3256,10.0
endommage,plastic,-2e-08,8.5e-08,-60000000.0,10556771.3256,10.0
endommage,plastic,-2e-08,8.7e-08,-60000000.0,10556771.3256,10.0
endommage,plastic,-2e-08,8.9e-08,-60000000.0,10556771.3256,10.0
endommage,plastic,-2e-08,9.1e-08,-60000000.0,10556771.3256,10.0
endommage,plastic,-2e-08,9.3e-08,-60000000.0,10556771.3256,10.0
endommage,plastic,-2e-08,9.5e-08,-60000000.0,10556771.3256,10.0
endommage,plastic,-2e-08,9.7e-08,-60000000.0,10556771.3256,10.0
endommage,plastic,-2e-08,9.9e-08,-60000000.0,10556771.3256,10.0
endommage,plastic,-2e-08,1.01e-07,-60000000.0,10556771.3256,10.0
endommage,plastic,-2e-08,1.03e-07,-60000000.0,10556771.3256,10.0
endommage,plastic,-2e-08,1.05e-07,-60000000.0,10556771.3256,10.0
endommage,plastic,-2e-08,1.07e-07,-60000000.0,10556771.3256,10.0
endommage,plastic,-2e-08,1.09e-07,-60000000.0,10556771.3256,10.0
endommage,plastic,-2e-08,1.11e-07,-60000000.0,10556771.3256,10.0
endommage,plastic,-2e-08,1.13e-07,-60000000.0,10556771.3256,10.0
endommage,plastic,-2e-08,1.15e-07,-60000000.0,10556771.3256,10.0
endommage,plastic,-2e-08,1.17e-07,-60000000.0,10556771.3256,10.0
endommage,plastic,-2e-08,1.19e-07,-60000000.0,10556771.3256,10.0
endommage,plastic,-2e-08,1.21e-07,-60000000.0,10556771.3256,10.0
endommage,plastic,-2e-08,1.23e-07,-60000000.0,10556771.3256,10.0
endommage,plastic,-2e-08,1.25e-07,-60000000.0,10556771.3256,10.0
endommage,plastic,-2e-08,1.27e-07,-60000000.0,10556771.3256,10.0
endommage,plastic,-2e-08,1.29e-07,-60000000.0,10556771.3256,10.0
endommage,plastic,-2e-08,1.31e-07,-60000000.0,10556771.3256,10.0
endommage,plastic,-2e-08,1.33e-07,-60000000.0,10556771.3256,10.0
endommage,plastic,-2e-08,1.35e-07,-60000000.0,10556771.3256,10.0
endommage,plastic,-2e-08,1.37e-07,-60000000.0,10556771.3256,10.0
endommage,plastic,-2e-08,1.39e-07,-60000000.0,10556771.3256,10.0
endommage,plastic,-2e-08,1.41e-07,-60000000.0,10556771.3256,10.0
endommage,plastic,-2e-08,1.43e-07,-60000000.0,10556771.3256,10.0
endommage,plastic,-2e-08,1.45e-07,-60000000.0,10556771.3256,10.0
endommage,plastic,-2e-08,1.47e-07,-60000000.0,10556771.3256,10.0
endommage,plastic,-2e-08,1.49e-07,-60000000.0,10556771.3256,10.0
endommage,plastic,-2e-08,1.51e-07,-60000000.0,10556771.3256,10.0
endommage,plastic,-2e-08,1.53e-07,-60000000.0,10556771.3256,10.0
endommage,plastic,-2e-08,1.55e-07,-60000000.0,10556771.3256,10.0
endommage,plastic,-2e-08,1.57e-07,-60000000.0,10556771.3256,10.0
endommage,plastic,-2e-08,1.59e-07,-60000000.0,10556771.3256,10.0
endommage,plastic,-2e-08,1.61e-07,-60000000.0,10556771.3256,10.0
endommage,plastic,-2e-08,1.63e-07,-60000000.0,10556771.3256,10.0
endommage,plastic,-2e-08,1.65e-07,-60000000.0,10556771.3256,10.0
endommage,plastic,-2e-08,1.67e-07,-60000000.0,10556771.3256,10.0
endommage,plastic,-2e-08,1.69e-07,-60000000.0,10556771.3256,10.0
endommage,plastic,-2e-08,1.71e-07,-60000000.0,10556771.3256,10.0
endommage,plastic,-2e-08,1.73e-07,-60000000.0,10556771.3256,10.0
endommage,plastic,-2e-08,1.75e-07,-60000000.0,10556771.3256,10.0
endommage,plastic,-2e-08,1.77e-07,-60000000.0,10556771.3256,10.0
endommage,plastic,-2e-08,1.79e-07,-60000000.0,10556771.3256,10.0
endommage,plastic,-2e-08,1.81e-07,-60000000.0,10556771.3256,10.0
endommage,plastic,-2e-08,1.83e-07,-60000000.0,10556771.3256,10.0
endommage,plastic,-2e-08,1.85e-07,-60000000.0,10556771.3256,10.0
endommage,plastic,-2e-08,1.87e-07,-60000000.0,10556771.3256,10.0
endommage,plastic,-2e-08,1.89e-07,-60000000.0,10556771.3256,10.0
endommage,plastic,-2e-08,1.91e-07,-60000000.0,10556771.3256,10.0
endommage,plastic,-2e-08,1.93e-07,-60000000.0,10556771.3256,10.0
endommage,plastic,-2e-08,1.95e-07,-60000000.0,10556771.3256,10.0
endommage,plastic,-2e-08,1.97e-07,-60000000.0,10556771.3256,10.0
endommage,plastic,-2e-08,1.99e-07,-60000000.0,10556771.3256,10.0
endommage,plastic,-2e-08,2.01e-07,-60000000.0,10556771.3256,10.0
endommage,plastic,-2e-08,2.03e-07,-60000000.0,10556771.3256,10.0
endommage,plastic,-2e-08,2.05e-07,-60000000.0,10556771.3256,10.0
endommage,plastic,-2e-08,2.07e-07,-60000000.0,10556771.3256,10.0
endommage,plastic,-2e-08,2.09e-07,-60000000.0,10556771.3256,10.0
endommage,plastic,-2e-08,2.11e-07,-60000000.0,10556771.3256,10.0
endommage,plastic,-2e-08,2.13e-07,-60000000.0,10556771.3256,10.0
endommage,plastic,-2e-08,2.15e-07,-60000000.0,10556771.3256,10.0
endommage,plastic,-2e-08,2.17e-07,-60000000.0,10556771.3256,10.0
endommage,plastic,-2e-08,2.19e-07,-60000000.0,10556771.3256,10.0
endommage,plastic,-2e-08,2.21e-07,-60000000.0,10556771.3256,10.0
endommage,plastic,-2e-08,2.23e-07,-60000000.0,10556771.3256,10.0
endommage,plastic,-2e-08,2.25e-07,-60000000.0,10556771.3256,10.0
endommage,plastic,-2e-08,2.27e-07,-60000000.0,10556771.3256,10.0
endommage,plastic,-2e-08,2.29e-07,-60000000.0,10556771.3256,10.0
endommage,plastic,-2e-08,2.31e-07,-60000000.0,10556771.3256,10.0
endommage,plastic,-2e-08,2.33e-07,-60000000.0,10556771.3256,10.0
endommage,plastic,-2e-08,2.35e-07,-60000000.0,10556771.3256,10.0
endommage,plastic,-2e-08,2.37e-07,-60000000.0,10556771.3256,10.0
endommage,plastic,-2e-08,2.39e-07,-60000000.0,10556771.3256,10.0
endommage,plastic,-2e-08,2.41e-07,-60000000.0,10556771.3256,10.0
endommage,plastic,-2e-08,2.43e-07,-60000000.0,10556771.3256,10.0
endommage,plastic,-2e-08,2.45e-07,-60000000.0,10556771.3256,10.0
endommage,plastic,-2e-08,2.47e-07,-60000000.0,10556771.3256,10.0
endommage,plastic,-2e-08,2.49e-07,-60000000.0,10556771.3256,10.0
endommage,plastic,-2e-08,2.51e-07,-60000000.0,10556771.3256,10.0
endommage,plastic,-2e-08,2.53e-07,-60000000.0,10556771.3256,10.0
endommage,plastic,-2e-08,2.55e-07,-60000000.0,10556771.3256,10.0
endommage,plastic,-2e-08,2.57e-07,-60000000.0,10556771.3256,10.0
endommage,plastic,-2e-08,2.59e-07,-60000000.0,10556771.3256,10.0
endommage,plastic,-2e-08,2.61e-07,-60000000.0,10556771.3256,10.0
endommage,plastic,-2e-08,2.63e-07,-60000000.0,10556771.3256,10.0
endommage,plastic,-2e-08,2.65e-07,-60000000.0,10556771.3256,10.0
endommage,plastic,-2e-08,2.67e-07,-60000000.0,10556771.3256,10.0
endommage,plastic,-2e-08,2.69e-07,-60000000.0,10556771.3256,10.0
endommage,plastic,-2e-08,2.71e-07,-60000000.0,10556771.3256,10.0
endommage,plastic,-2e-08,2.73e-07,-60000000.0,10556771.3256,10.0
endommage,plastic,-2e-08,2.75e-07,-60000000.0,10556771.3256,10.0
endommage,plastic,-2e-08,2.77e-07,-60000000.0,10556771.3256,10.0
endommage,plastic,-2e-08,2.79e-07,-60000000.0,10556771.3256,10.0
endommage,plastic,-2e-08,2.81e-07,-60000000.0,10556771.3256,10.0
endommage,plastic,-2e-08,2.83e-07,-60000000.0,10556771.3256,10.0
endommage,plastic,-2e-08,2.85e-07,-60000000.0,10556771.3256,10.0
endommage,plastic,-2e-08,2.87e-07,-60000000.0,10556771.3256,10.0
endommage,plastic,-2e-08,2.89e-07,-60000000.0,10556771.3256,10.0
endommage,plastic,-2e-08,2.91e-07,-60000000.0,10556771.3256,10.0
endommage,plastic,-2e-08,2.93e-07,-60000000.0,10556771.3256,10.0
endommage,plastic,-2e-08,2.95e-07,-60000000.0,10556771.3256,10.0
endommage,plastic,-2e-08,2.97e-07,-60000000.0,10556771.3256,10.0
endommage,plastic,-2e-08,2.99e-07,-60000000.0,10556771.3256,10.0
endommage,plastic,-2e-08,3.01e-07,-60000000.0,10556771.3256,10.0
endommage,plastic,-2e-08,3.03e-07,-60000000.0,10556771.3256,10.0
endommage,plastic,-2e-08,3.05e-07,-60000000.0,10556771.3256,10.0
endommage,plastic,-2e-08,3.07e-07,-60000000.0,10556771.3256,10.0
endommage,plastic,-2e-08,3.09e-07,-60000000.0,10556771.3256,10.0
endommage,plastic,-2e-08,3.11e-07,-60000000.0,10556771.3256,10.0
endommage,plastic,-2e-08,3.13e-07,-60000000.0,10556771.3256,10.0
endommage,plastic,-2e-08,3.15e-07,-60000000.0,10556771.3256,10.0
endommage,plastic,-2e-08,3.17e-07,-60000000.0,10556771.3256,10.0
endommage,plastic,-2e-08,3.19e-07,-60000000.0,10556771.3256,10.0
endommage,plastic,-2e-08,3.21e-07,-60000000.0,10556771.3256,10.0
endommage,plastic,-2e-08,3.23e-07,-60000000.0,10556771.3256,10.0
endommage,plastic,-2e-08,3.25e-07,-60000000.0,10556771.3256,10.0
endommage,plastic,-2e-08,3.27e-07,-60000000.0,10556771.3256,10.0
endommage,plastic,-2e-08,3.29e-07,-60000000.0,10556771.3256,10.0
endommage,plastic,-2e-08,3.31e-07,-60000000.0,10556771.3256,10.0
endommage,plastic,-2e-08,3.33e-07,-60000000.0,10556771.3256,10.0
endommage,plastic,-2e-08,3.35e-07,-60000000.0,10556771.3256,10.0
endommage,plastic,-2e-08,3.37e-07,-60000000.0,10556771.3256,10.0
endommage,plastic,-2e-08,3.39e-07,-60000000.0,10556771.3256,10.0
endommage,plastic,-2e-08,3.41e-07,-60000000.0,10556771.3256,10.0
endommage,plastic,-2e-08,3.43e-07,-60000000.0,10556771.3256,10.0
endommage,plastic,-2e-08,3.45e-07,-60000000.0,10556771.3256,10.0
endommage,plastic,-2e-08,3.47e-07,-60000000.0,10556771.3256,10.0
endommage,plastic,-2e-08,3.49e-07,-60000000.0,10556771.3256,10.0
endommage,plastic,-2e-08,3.51e-07,-60000000.0,10556771.3256,10.0
endommage,plastic,-2e-08,3.53e-07,-60000000.0,10556771.3256,10.0
endommage,plastic,-2e-08,3.55e-07,-60000000.0,10556771.3256,10.0
endommage,plastic,-2e-08,3.57e-07,-60000000.0,10556771.3256,10.0
endommage,plastic,-2e-08,3.59e-07,-60000000.0,10556771.3256,10.0
endommage,plastic,-2e-08,3.61e-07,-60000000.0,10556771.3256,10.0
endommage,plastic,-2e-08,3.63e-07,-60000000.0,10556771.3256,10.0
endommage,plastic,-2e-08,3.65e-07,-60000000.0,10556771.3256,10.0
endommage,plastic,-2e-08,3.67e-07,-60000000.0,10556771.3256,10.0
endommage,plastic,-2e-08,3.69e-07,-60000000.0,10556771.3256,10.0
endommage,plastic,-2e-08,3.71e-07,-60000000.0,10556771.3256,10.0
endommage,plastic,-2e-08,3.73e-07,-60000000.0,10556771.3256,10.0
endommage,plastic,-2e-08,3.75e-07,-60000000.0,10556771.3256,10.0
endommage,plastic,-2e-08,3.77e-07,-60000000.0,10556771.3256,10.0
endommage,plastic,-2e-08,3.79e-07,-60000000.0,10556771.3256,10.0
endommage,plastic,-2e-08,3.81e-07,-60000000.0,10556771.3256,10.0
endommage,plastic,-2e-08,3.83e-07,-60000000.0,10556771.3256,10.0
endommage,plastic,-2e-08,3.85e-07,-60000000.0,10556771.3256,10.0
endommage,plastic,-2e-08,3.87e-07,-60000000.0,10556771.3256,10.0
endommage,plastic,-2e-08,3.89e-07,-60000000.0,10556771.3256,10.0
endommage,plastic,-2e-08,3.91e-07,-60000000.0,10556771.3256,10.0
endommage,plastic,-2e-08,3.93e-07,-60000000.0,10556771.3256,10.0
endommage,plastic,-2e-08,3.95e-07,-60000000.0,10556771.3256,10.0
endommage,plastic,-2e-08,3.97e-07,-60000000.0,10556771.3256,10.0
endommage,plastic,-2e-08,3.99e-07,-60000000.0,10556771.3256,10.0
endommage,plastic,-2e-08,4.01e-07,-60000000.0,10556771.3256,10.0
endommage,plastic,-2e-08,4.03e-07,-60000000.0,10556771.3256,10.0
endommage,plastic,-2e-08,4.05e-07,-60000000.0,10556771.3256,10.0
endommage,plastic,-2e-08,4.07e-07,-60000000.0,10556771.3256,10.0
endommage,plastic,-2e-08,4.09e-07,-60000000.0,10556771.3256,10.0
endommage,plastic,-2e-08,4.11e-07,-60000000.0,10556771.3256,10.0
endommage,plastic,-2e-08,4.13e-07,-60000000.0,10556771.3256,10.0
endommage,plastic,-2e-08,4.15e-07,-60000000.0,10556771.3256,10.0
endommage,plastic,-2e-08,4.17e-07,-60000000.0,10556771.3256,10.0
endommage,plastic,-2e-08,4.19e-07,-60000000.0,10556771.3256,10.0
endommage,plastic,-2e-08,4.21e-07,-60000000.0,10556771.3256,10.0
endommage,plastic,-2e-08,4.23e-07,-60000000.0,10556771.3256,10.0
endommage,plastic,-2e-08,4.25e-07,-60000000.0,10556771.3256,10.0
endommage,plastic,-2e-08,4.27e-07,-60000000.0,10556771.3256,10.0
endommage,plastic,-2e-08,4.29e-07,-60000000.0,10556771.3256,10.0
endommage,plastic,-2e-08,4.31e-07,-60000000.0,10556771.3256,10.0
endommage,plastic,-2e-08,4.33e-07,-60000000.0,10556771.3256,10.0
endommage,plastic,-2e-08,4.35e-07,-60000000.0,10556771.3256,10.0
endommage,plastic,-2e-08,4.37e-07,-60000000.0,10556771.3256,10.0
endommage,plastic,-2e-08,4.39e-07,-60000000.0,10556771.3256,10.0
endommage,plastic,-2e-08,4.41e-07,-60000000.0,10556771.3256,10.0
endommage,plastic,-2e-08,4.43e-07,-60000000.0,10556771.3256,10.0
endommage,plastic,-2e-08,4.45e-07,-60000000.0,10556771.3256,10.0
endommage,plastic,-2e-08,4.47e-07,-60000000.0,10556771.3256,10.0
endommage,plastic,-2e-08,4.49e-07,-60000000.0,10556771.3256,10.0
endommage,plastic,-2e-08,4.51e-07,-60000000.0,10556771.3256,10.0
endommage,plastic,-2e-08,4.53e-07,-60000000.0,10556771.3256,10.0
endommage,plastic,-2e-08,4.55e-07,-60000000.0,10556771.3256,10.0
endommage,plastic,-2e-08,4.57e-07,-60000000.0,10556771.3256,10.0
endommage,plastic,-2e-08,4.59e-07,-60000000.0,10556771.3256,10.0
endommage,plastic,-2e-08,4.61e-07,-60000000.0,10556771.3256,10.0
endommage,plastic,-2e-08,4.63e-07,-60000000.0,10556771.3256,10.0
endommage,plastic,-2e-08,4.65e-07,-60000000.0,10556771.3256,10.0
endommage,plastic,-2e-08,4.67e-07,-60000000.0,10556771.3256,10.0
endommage,plastic,-2e-08,4.69e-07,-60000000.0,10556771.3256,10.0
endommage,plastic,-2e-08,4.71e-07,-60000000.0,10556771.3256,10.0
endommage,plastic,-2e-08,4.73e-07,-60000000.0,10556771.3256,10.0
endommage,plastic,-2e-08,4.75e-07,-60000000.0,10556771.3256,10.0
endommage,plastic,-2e-08,4.77e-07,-60000000.0,10556771.3256,10.0
endommage,plastic,-2e-08,4.79e-07,-60000000.0,10556771.3256,10.0
endommage,plastic,-2e-08,4.81e-07,-60000000.0,10556771.3256,10.0
endommage,plastic,-2e-08,4.83e-07,-60000000.0,10556771.3256,10.0
endommage,plastic,-2e-08,4.85e-07,-60000000.0,10556771.3256,10.0
endommage,plastic,-2e-08,4.87e-07,-60000000.0,10556771.3256,10.0
endommage,plastic,-2e-08,4.89e-07,-60000000.0,10556771.3256,10.0
endommage,plastic,-2e-08,4.91e-07,-60000000.0,10556771.3256,10.0
endommage,plastic,-2e-08,4.93e-07,-60000000.0,10556771.3256,10.0
endommage,plastic,-2e-08,4.95e-07,-60000000.0,10556771.3256,10.0
endommage,plastic,-2e-08,4.97e-07,-60000000.0,10556771.3256,10.0
endommage,plastic,-2e-08,4.99e-07,-60000000.0,10556771.3256,10.0
endommage,plastic,-2e-08,5.01e-07,-60000000.0,10556771.3256,10.0
endommage,plastic,-2e-08,5.03e-07,-60000000.0,10556771.3256,10.0
endommage,plastic,-2e-08,5.05e-07,-60000000.0,10556771.3256,10.0
endommage,plastic,-2e-08,5.07e-07,-60000000.0,10556771.3256,10.0
endommage,plastic,-2e-08,5.09e-07,-60000000.0,10556771.3256,10.0
endommage,plastic,-2e-08,5.11e-07,-60000000.0,10556771.3256,10.0
endommage,plastic,-2e-08,5.13e-07,-60000000.0,10556771.3256,10.0
endommage,plastic,-2e-08,5.15e-07,-60000000.0,10556771.3256,10.0
endommage,plastic,-2e-08,5.17e-07,-60000000.0,10556771.3256,10.0
endommage,plastic,-2e-08,5.19e-07,-60000000.0,10556771.3256,10.0
endommage,plastic,-2e-08,5.21e-07,-60000000.0,10556771.3256,10.0
endommage,plastic,-2e-08,5.23e-07,-60000000.0,10556771.3256,10.0
endommage,plastic,-2e-08,5.25e-07,-60000000.0,10556771.3256,10.0
endommage,plastic,-2e-08,5.27e-07,-60000000.0,10556771.3256,10.0
endommage,plastic,-2e-08,5.29e-07,-60000000.0,10556771.3256,10.0
endommage,plastic,-2e-08,5.31e-07,-60000000.0,10556771.3256,10.0
endommage,plastic,-2e-08,5.33e-07,-60000000.0,10556771.3256,10.0
endommage,plastic,-2e-08,5.35e-07,-60000000.0,10556771.3256,10.0
endommage,plastic,-2e-08,5.37e-07,-60000000.0,10556771.3256,10.0
endommage,plastic,-2e-08,5.39e-07,-60000000.0,10556771.3256,10.0
endommage,plastic,-2e-08,5.41e-07,-60000000.0,10556771.3256,10.0
endommage,plastic,-2e-08,5.43e-07,-60000000.0,10556771.3256,10.0
endommage,plastic,-2e-08,5.45e-07,-60000000.0,10556771.3256,10.0
endommage,plastic,-2e-08,5.47e-07,-60000000.0,10556771.3256,10.0
endommage,plastic,-2e-08,5.49e-07,-60000000.0,10556771.3256,10.0
endommage,plastic,-2e-08,5.51e-07,-60000000.0,10556771.3256,10.0
endommage,plastic,-2e-08,5.53e-07,-60000000.0,10556771.3256,10.0
endommage,plastic,-2e-08,5.55e-07,-60000000.0,10556771.3256,10.0
endommage,plastic,-2e-08,5.57e-07,-60000000.0,10556771.3256,10.0
endommage,plastic,-2e-08,5.59e-07,-60000000.0,10556771.3256,10.0
endommage,plastic,-2e-08,5.61e-07,-60000000.0,10556771.3256,10.0
endommage,plastic,-2e-08,5.63e-07,-60000000.0,10556771.3256,10.0
endommage,plastic,-2e-08,5.65e-07,-60000000.0,10556771.3256,10.0
endommage,plastic,-2e-08,5.67e-07,-60000000.0,10556771.3256,10.0
endommage,plastic,-2e-08,5.69e-07,-60000000.0,10556771.3256,10.0
endommage,plastic,-2e-08,5.71e-07,-60000000.0,10556771.3256,10.0
endommage,plastic,-2e-08,5.73e-07,-60000000.0,10556771.3256,10.0
endommage,plastic,-2e-08,5.75e-07,-60000000.0,10556771.3256,10.0
endommage,plastic,-2e-08,5.77e-07,-60000000.0,10556771.3256,10.0
endommage,plastic,-2e-08,5.79e-07,-60000000.0,10556771.3256,10.0
endommage,plastic,-2e-08,5.81e-07,-60000000.0,10556771.3256,10.0
endommage,plastic,-2e-08,5.83e-07,-60000000.0,10556771.3256,10.0
endommage,plastic,-2e-08,5.85e-07,-60000000.0,10556771.3256,10.0
endommage,plastic,-2e-08,5.87e-07,-60000000.0,10556771.3256,10.0
endommage,plastic,-2e-08,5.89e-07,-60000000.0,10556771.3256,10.0
endommage,plastic,-2e-08,5.91e-07,-60000000.0,10556771.3256,10.0
endommage,plastic,-2e-08,5.93e-07,-60000000.0,10556771.3256,10.0
endommage,plastic,-2e-08,5.95e-07,-60000000.0,10556771.3256,10.0
endommage,plastic,-2e-08,5.97e-07,-60000000.0,10556771.3256,10.0
endommage,plastic,-2e-08,5.99e-07,-60000000.0,10556771.3256,10.0
endommage,plastic,-2e-08,6.01e-07,-60000000.0,10556771.3256,10.0
endommage,plastic,-2e-08,6.03e-07,-60000000.0,10556771.3256,10.0
endommage,plastic,-2e-08,6.05e-07,-60000000.0,10556771.3256,10.0
endommage,plastic,-2e-08,6.07e-07,-60000000.0,10556771.3256,10.0
endommage,plastic,-2e-08,6.09e-07,-60000000.0,10556771.3256,10.0
endommage,plastic,-2e-08,6.11e-07,-60000000.0,10556771.3256,10.0
endommage,plastic,-2e-08,6.13e-07,-60000000.0,10556771.3256,10.0
endommage,plastic,-2e-08,6.15e-07,-60000000.0,10556771.3256,10.0
endommage,plastic,-2e-08,6.17e-07,-60000000.0,10556771.3256,10.0
endommage,plastic,-2e-08,6.19e-07,-60000000.0,10556771.3256,10.0
endommage,plastic,-2e-08,6.21e-07,-60000000.0,10556771.3256,10.0
endommage,plastic,-2e-08,6.23e-07,-60000000.0,10556771.3256,10.0
endommage,plastic,-2e-08,6.25e-07,-60000000.0,10556771.3256,10.0
endommage,plastic,-2e-08,6.27e-07,-60000000.0,10556771.3256,10.0
endommage,plastic,-2e-08,6.29e-07,-60000000.0,10556771.3256,10.0
endommage,plastic,-2e-08,6.31e-07,-60000000.0,10556771.3256,10.0
endommage,plastic,-2e-08,6.33e-07,-60000000.0,10556771.3256,10.0
endommage,plastic,-2e-08,6.35e-07,-60000000.0,10556771.3256,10.0
endommage,plastic,-2e-08,6.37e-07,-60000000.0,10556771.3256,10.0
endommage,plastic,-2e-08,6.39e-07,-60000000.0,10556771.3256,10.0
endommage,plastic,-2e-08,6.41e-07,-60000000.0,10556771.3256,10.0
endommage,plastic,-2e-08,6.43e-07,-60000000.0,10556771.3256,10.0
endommage,plastic,-2e-08,6.45e-07,-60000000.0,10556771.3256,10.0
endommage,plastic,-2e-08,6.47e-07,-60000000.0,10556771.3256,10.0
endommage,plastic,-2e-08,6.49e-07,-60000000.0,10556771.3256,10.0
endommage,plastic,-2e-08,6.51e-07,-60000000.0,10556771.3256,10.0
endommage,plastic,-2e-08,6.53e-07,-60000000.0,10556771.3256,10.0
endommage,plastic,-2e-08,6.55e-07,-60000000.0,10556771.3256,10.0
endommage,plastic,-2e-08,6.57e-07,-60000000.0,10556771.3256,10.0
endommage,plastic,-2e-08,6.59e-07,-60000000.0,10556771.3256,10.0
endommage,plastic,-2e-08,6.61e-07,-60000000.0,10556771.3256,10.0
endommage,plastic,-2e-08,6.63e-07,-60000000.0,10556771.3256,10.0
endommage,plastic,-2e-08,6.65e-07,-60000000.0,10556771.3256,10.0
endommage,plastic,-2e-08,6.67e-07,-60000000.0,10556771.3256,10.0
endommage,plastic,-2e-08,6.69e-07,-60000000.0,10556771.3256,10.0
endommage,plastic,-2e-08,6.71e-07,-60000000.0,10556771.3256,10.0
endommage,plastic,-2e-08,6.73e-07,-60000000.0,10556771.3256,10.0
endommage,plastic,-2e-08,6.75e-07,-60000000.0,10556771.3256,10.0
endommage,plastic,-2e-08,6.77e-07,-60000000.0,10556771.3256,10.0
endommage,plastic,-2e-08,6.79e-07,-60000000.0,10556771.3256,10.0
endommage,plastic,-2e-08,6.81e-07,-60000000.0,10556771.3256,10.0
endommage,plastic,-2e-08,6.83e-07,-60000000.0,10556771.3256,10.0
endommage,plastic,-2e-08,6.85e-07,-60000000.0,10556771.3256,10.0
endommage,plastic,-2e-08,6.87e-07,-60000000.0,10556771.3256,10.0
endommage,plastic,-2e-08,6.89e-07,-60000000.0,10556771.3256,10.0
endommage,plastic,-2e-08,6.91e-07,-60000000.0,10556771.3256,10.0
endommage,plastic,-2e-08,6.93e-07,-60000000.0,10556771.3256,10.0
endommage,plastic,-2e-08,6.95e-07,-60000000.0,10556771.3256,10.0
endommage,plastic,-2e-08,6.97e-07,-60000000.0,10556771.3256,10.0
endommage,plastic,-2e-08,6.99e-07,-60000000.0,10556771.3256,10.0
endommage,plastic,-2e-08,7.01e-07,-60000000.0,10556771.3256,10.0
endommage,plastic,-2e-08,7.03e-07,-60000000.0,10556771.3256,10.0
endommage,plastic,-2e-08,7.05e-07,-60000000.0,10556771.3256,10.0
endommage,plastic,-2e-08,7.07e-07,-60000000.0,10556771.3256,10.0
endommage,plastic,-2e-08,7.09e-07,-60000000.0,10556771.3256,10.0
endommage,plastic,-2e-08,7.11e-07,-60000000.0,10556771.3256,10.0
endommage,plastic,-2e-08,7.13e-07,-60000000.0,10556771.3256,10.0
endommage,plastic,-2e-08,7.15e-07,-60000000.0,10556771.3256,10.0
endommage,plastic,-2e-08,7.17e-07,-60000000.0,10556771.3256,10.0
endommage,plastic,-2e-08,7.19e-07,-60000000.0,10556771.3256,10.0
endommage,plastic,-2e-08,7.21e-07,-60000000.0,10556771.3256,10.0
endommage,plastic,-2e-08,7.23e-07,-60000000.0,10556771.3256,10.0
endommage,plastic,-2e-08,7.25e-07,-60000000.0,10556771.3256,10.0
endommage,plastic,-2e-08,7.27e-07,-60000000.0,10556771.3256,10.0
endommage,plastic,-2e-08,7.29e-07,-60000000.0,10556771.3256,10.0
endommage,plastic,-2e-08,7.31e-07,-60000000.0,10556771.3256,10.0
endommage,plastic,-2e-08,7.33e-07,-60000000.0,10556771.3256,10.0
endommage,plastic,-2e-08,7.35e-07,-60000000.0,10556771.3256,10.0
endommage,plastic,-2e-08,7.37e-07,-60000000.0,10556771.3256,10.0
endommage,plastic,-2e-08,7.39e-07,-60000000.0,10556771.3256,10.0
endommage,plastic,-2e-08,7.41e-07,-60000000.0,10556771.3256,10.0
endommage,plastic,-2e-08,7.43e-07,-60000000.0,10556771.3256,10.0
endommage,plastic,-2e-08,7.45e-07,-60000000.0,10556771.3256,10.0
endommage,plastic,-2e-08,7.47e-07,-60000000.0,10556771.3256,10.0
endommage,plastic,-2e-08,7.49e-07,-60000000.0,10556771.3256,10.0
endommage,plastic,-2e-08,7.51e-07,-60000000.0,10556771.3256,10.0
endommage,plastic,-2e-08,7.53e-07,-60000000.0,10556771.3256,10.0
endommage,plastic,-2e-08,7.55e-07,-60000000.0,10556771.3256,10.0
endommage,plastic,-2e-08,7.57e-07,-60000000.0,10556771.3256,10.0
endommage,plastic,-2e-08,7.59e-07,-60000000.0,10556771.3256,10.0
endommage,plastic,-2e-08,7.61e-07,-60000000.0,10556771.3256,10.0
endommage,plastic,-2e-08,7.63e-07,-60000000.0,10556771.3256,10.0
endommage,plastic,-2e-08,7.65e-07,-60000000.0,10556771.3256,10.0
endommage,plastic,-2e-08,7.67e-07,-60000000.0,10556771.3256,10.0
endommage,plastic,-2e-08,7.69e-07,-60000000.0,10556771.3256,10.0
endommage,plastic,-2e-08,7.71e-07,-60000000.0,10556771.3256,10.0
endommage,plastic,-2e-08,7.73e-07,-60000000.0,10556771.3256,10.0
endommage,plastic,-2e-08,7.75e-07,-60000000.0,10556771.3256,10.0
endommage,plastic,-2e-08,7.77e-07,-60000000.0,10556771.3256,10.0
endommage,plastic,-2e-08,7.79e-07,-60000000.0,10556771.3256,10.0
endommage,plastic,-2e-08,7.81e-07,-60000000.0,10556771.3256,10.0
endommage,plastic,-2e-08,7.83e-07,-60000000.0,10556771.3256,10.0
endommage,plastic,-2e-08,7.85e-07,-60000000.0,10556771.3256,10.0
endommage,plastic,-2e-08,7.87e-07,-60000000.0,10556771.3256,10.0
endommage,plastic,-2e-08,7.89e-07,-60000000.0,10556771.3256,10.0
endommage,plastic,-2e-08,7.91e-07,-60000000.0,10556771.3256,10.0
endommage,plastic,-2e-08,7.93e-07,-60000000.0,10556771.3256,10.0
endommage,plastic,-2e-08,7.95e-07,-60000000.0,10556771.3256,10.0
endommage,plastic,-2e-08,7.97e-07,-60000000.0,10556771.3256,10.0
endommage,plastic,-2e-08,7.99e-07,-60000000.0,10556771.3256,10.0
endommage,plastic,-2e-08,8.01e-07,-60000000.0,10556771.3256,10.0
endommage,plastic,-2e-08,8.03e-07,-60000000.0,10556771.3256,10.0
endommage,plastic,-2e-08,8.05e-07,-60000000.0,10556771.3256,10.0
endommage,plastic,-2e-08,8.07e-07,-60000000.0,10556771.3256,10.0
endommage,plastic,-2e-08,8.09e-07,-60000000.0,10556771.3256,10.0
endommage,plastic,-2e-08,8.11e-07,-60000000.0,10556771.3256,10.0
endommage,plastic,-2e-08,8.13e-07,-60000000.0,10556771.3256,10.0
endommage,plastic,-2e-08,8.15e-07,-60000000.0,10556771.3256,10.0
endommage,plastic,-2e-08,8.17e-07,-60000000.0,10556771.3256,10.0
endommage,plastic,-2e-08,8.19e-07,-60000000.0,10556771.3256,10.0
endommage,plastic,-2e-08,8.21e-07,-60000000.0,10556771.3256,10.0
endommage,plastic,-2e-08,8.23e-07,-60000000.0,10556771.3256,10.0
endommage,plastic,-2e-08,8.25e-07,-60000000.0,10556771.3256,10.0
endommage,plastic,-2e-08,8.27e-07,-60000000.0,10556771.3256,10.0
endommage,plastic,-2e-08,8.29e-07,-60000000.0,10556771.3256,10.0
endommage,plastic,-2e-08,8.31e-07,-60000000.0,10556771.3256,10.0
endommage,plastic,-2e-08,8.33e-07,-60000000.0,10556771.3256,10.0
endommage,plastic,-2e-08,8.35e-07,-60000000.0,10556771.3256,10.0
endommage,plastic,-2e-08,8.37e-07,-60000000.0,10556771.3256,10.0
endommage,plastic,-2e-08,8.39e-07,-60000000.0,10556771.3256,10.0
endommage,plastic,-2e-08,8.41e-07,-60000000.0,10556771.3256,10.0
endommage,plastic,-2e-08,8.43e-07,-60000000.0,10556771.3256,10.0
endommage,plastic,-2e-08,8.45e-07,-60000000.0,10556771.3256,10.0
endommage,plastic,-2e-08,8.47e-07,-60000000.0,10556771.3256,10.0
endommage,plastic,-2e-08,8.49e-07,-60000000.0,10556771.3256,10.0
endommage,plastic,-2e-08,8.51e-07,-60000000.0,10556771.3256,10.0
endommage,plastic,-2e-08,8.53e-07,-60000000.0,10556771.3256,10.0
endommage,plastic,-2e-08,8.55e-07,-60000000.0,10556771.3256,10.0
endommage,plastic,-2e-08,8.57e-07,-60000000.0,10556771.3256,10.0
endommage,plastic,-2e-08,8.59e-07,-60000000.0,10556771.3256,10.0
endommage,plastic,-2e-08,8.61e-07,-60000000.0,10556771.3256,10.0
endommage,plastic,-2e-08,8.63e-07,-60000000.0,10556771.3256,10.0
endommage,plastic,-2e-08,8.65e-07,-60000000.0,10556771.3256,10.0
endommage,plastic,-2e-08,8.67e-07,-60000000.0,10556771.3256,10.0
endommage,plastic,-2e-08,8.69e-07,-60000000.0,10556771.3256,10.0
endommage,plastic,-2e-08,8.71e-07,-60000000.0,10556771.3256,10.0
endommage,plastic,-2e-08,8.73e-07,-60000000.0,10556771.3256,10.0
endommage,plastic,-2e-08,8.75e-07,-60000000.0,10556771.3256,10.0
endommage,plastic,-2e-08,8.77e-07,-60000000.0,10556771.3256,10.0
endommage,plastic,-2e-08,8.79e-07,-60000000.0,10556771.3256,10.0
endommage,plastic,-2e-08,8.81e-07,-60000000.0,10556771.3256,10.0
endommage,plastic,-2e-08,8.83e-07,-60000000.0,10556771.3256,10.0
endommage,plastic,-2e-08,8.85e-07,-60000000.0,10556771.3256,10.0
endommage,plastic,-2e-08,8.87e-07,-60000000.0,10556771.3256,10.0
endommage,plastic,-2e-08,8.89e-07,-60000000.0,10556771.3256,10.0
endommage,plastic,-2e-08,8.91e-07,-60000000.0,10556771.3256,10.0
endommage,plastic,-2e-08,8.93e-07,-60000000.0,10556771.3256,10.0
endommage,plastic,-2e-08,8.95e-07,-60000000.0,10556771.3256,10.0
endommage,plastic,-2e-08,8.97e-07,-60000000.0,10556771.3256,10.0
endommage,plastic,-2e-08,8.99e-07,-60000000.0,10556771.3256,10.0
endommage,plastic,-2e-08,9.01e-07,-60000000.0,10556771.3256,10.0
endommage,plastic,-2e-08,9.03e-07,-60000000.0,10556771.3256,10.0
endommage,plastic,-2e-08,9.05e-07,-60000000.0,10556771.3256,10.0
endommage,plastic,-2e-08,9.07e-07,-60000000.0,10556771.3256,10.0
endommage,plastic,-2e-08,9.09e-07,-60000000.0,10556771.3256,10.0
endommage,plastic,-2e-08,9.11e-07,-60000000.0,10556771.3256,10.0
endommage,plastic,-2e-08,9.13e-07,-60000000.0,10556771.3256,10.0
endommage,plastic,-2e-08,9.15e-07,-60000000.0,10556771.3256,10.0
endommage,plastic,-2e-08,9.17e-07,-60000000.0,10556771.3256,10.0
endommage,plastic,-2e-08,9.19e-07,-60000000.0,10556771.3256,10.0
endommage,plastic,-2e-08,9.21e-07,-60000000.0,10556771.3256,10.0
endommage,plastic,-2e-08,9.23e-07,-60000000.0,10556771.3256,10.0
endommage,plastic,-2e-08,9.25e-07,-60000000.0,10556771.3256,10.0
endommage,plastic,-2e-08,9.27e-07,-60000000.0,10556771.3256,10.0
endommage,plastic,-2e-08,9.29e-07,-60000000.0,10556771.3256,10.0
endommage,plastic,-2e-08,9.31e-07,-60000000.0,10556771.3256,10.0
endommage,plastic,-2e-08,9.33e-07,-60000000.0,10556771.3256,10.0
endommage,plastic,-2e-08,9.35e-07,-60000000.0,10556771.3256,10.0
endommage,plastic,-2e-08,9.37e-07,-60000000.0,10556771.3256,10.0
endommage,plastic,-2e-08,9.39e-07,-60000000.0,10556771.3256,10.0
endommage,plastic,-2e-08,9.41e-07,-60000000.0,10556771.3256,10.0
endommage,plastic,-2e-08,9.43e-07,-60000000.0,10556771.3256,10.0
endommage,plastic,-2e-08,9.45e-07,-60000000.0,10556771.3256,10.0
endommage,plastic,-2e-08,9.47e-07,-60000000.0,10556771.3256,10.0
endommage,plastic,-2e-08,9.49e-07,-60000000.0,10556771.3256,10.0
endommage,plastic,-2e-08,9.51e-07,-60000000.0,10556771.3256,10.0
endommage,plastic,-2e-08,9.53e-07,-60000000.0,10556771.3256,10.0
endommage,plastic,-2e-08,9.55e-07,-60000000.0,10556771.3256,10.0
endommage,plastic,-2e-08,9.57e-07,-60000000.0,10556771.3256,10.0
endommage,plastic,-2e-08,9.59e-07,-60000000.0,10556771.3256,10.0
endommage,plastic,-2e-08,9.61e-07,-60000000.0,10556771.3256,10.0
endommage,plastic,-2e-08,9.63e-07,-60000000.0,10556771.3256,10.0
endommage,plastic,-2e-08,9.65e-07,-60000000.0,10556771.3256,10.0
endommage,plastic,-2e-08,9.67e-07,-60000000.0,10556771.3256,10.0
endommage,plastic,-2e-08,9.69e-07,-60000000.0,10556771.3256,10.0
endommage,plastic,-2e-08,9.71e-07,-60000000.0,10556771.3256,10.0
endommage,plastic,-2e-08,9.73e-07,-60000000.0,10556771.3256,10.0
endommage,plastic,-2e-08,9.75e-07,-60000000.0,10556771.3256,10.0
endommage,plastic,-2e-08,9.77e-07,-60000000.0,10556771.3256,10.0
endommage,plastic,-2e-08,9.79e-07,-60000000.0,10556771.3256,10.0
endommage,plastic,-2e-08,9.81e-07,-60000000.0,10556771.3256,10.0
endommage,plastic,-2e-08,9.83e-07,-60000000.0,10556771.3256,10.0
endommage,plastic,-2e-08,9.85e-07,-60000000.0,10556771.3256,10.0
endommage,plastic,-2e-08,9.87e-07,-60000000.0,10556771.3256,10.0
endommage,plastic,-2e-08,9.89e-07,-60000000.0,10556771.3256,10.0
endommage,plastic,-2e-08,9.91e-07,-60000000.0,10556771.3256,10.0
endommage,plastic,-2e-08,9.93e-07,-60000000.0,10556771.3256,10.0
endommage,plastic,-2e-08,9.95e-07,-60000000.0,10556771.3256,10.0
endommage,plastic,-2e-08,9.97e-07,-60000000.0,10556771.3256,10.0
endommage,plastic,-2e-08,9.99e-07,-60000000.0,10556771.3256,10.0
endommage,plastic,-2e-08,1.001e-06,-60000000.0,10556771.3256,10.0
endommage,plastic,-2e-08,1.003e-06,-60000000.0,10556771.3256,10.0
endommage,plastic,-2e-08,1.005e-06,-60000000.0,10556771.3256,10.0
endommage,plastic,-2e-08,1.007e-06,-60000000.0,10556771.3256,10.0
endommage,plastic,-2e-08,1.009e-06,-60000000.0,10556771.3256,10.0
endommage,plastic,-2e-08,1.011e-06,-60000000.0,10556771.3256,10.0
endommage,plastic,-2e-08,1.013e-06,-60000000.0,10556771.3256,10.0
endommage,plastic,-2e-08,1.015e-06,-60000000.0,10556771.3256,10.0
endommage,plastic,-2e-08,1.017e-06,-60000000.0,10556771.3256,10.0
endommage,plastic,-2e-08,1.019e-06,-60000000.0,10556771.3256,10.0
endommage,plastic,-2e-08,1.021e-06,-60000000.0,10556771.3256,10.0
endommage,plastic,-2e-08,1.023e-06,-60000000.0,10556771.3256,10.0
endommage,plastic,-2e-08,1.025e-06,-60000000.0,10556771.3256,10.0
endommage,plastic,-2e-08,1.027e-06,-60000000.0,10556771.3256,10.0
endommage,plastic,-2e-08,1.029e-06,-60000000.0,10556771.3256,10.0
endommage,plastic,-2e-08,1.031e-06,-60000000.0,10556771.3256,10.0
endommage,plastic,-2e-08,1.033e-06,-60000000.0,10556771.3256,10.0
endommage,plastic,-2e-08,1.035e-06,-60000000.0,10556771.3256,10.0
endommage,plastic,-2e-08,1.037e-06,-60000000.0,10556771.3256,10.0
endommage,plastic,-2e-08,1.039e-06,-60000000.0,10556771.3256,10.0
endommage,plastic,-2e-08,1.041e-06,-60000000.0,10556771.3256,10.0
endommage,plastic,-2e-08,1.043e-06,-60000000.0,10556771.3256,10.0
endommage,plastic,-2e-08,1.045e-06,-60000000.0,10556771.3256,10.0
endommage,plastic,-2e-08,1.047e-06,-60000000.0,10556771.3256,10.0
endommage,plastic,-2e-08,1.049e-06,-60000000.0,10556771.3256,10.0
endommage,plastic,-2e-08,1.051e-06,-60000000.0,10556771.3256,10.0
endommage,plastic,-2e-08,1.053e-06,-60000000.0,10556771.3256,10.0
endommage,plastic,-2e-08,1.055e-06,-60000000.0,10556771.3256,10.0
endommage,plastic,-2e-08,1.057e-06,-60000000.0,10556771.3256,10.0
endommage,plastic,-2e-08,1.059e-06,-60000000.0,10556771.3256,10.0
endommage,plastic,-2e-08,1.061e-06,-60000000.0,10556771.3256,10.0
endommage,plastic,-2e-08,1.063e-06,-60000000.0,10556771.3256,10.0
endommage,plastic,-2e-08,1.065e-06,-60000000.0,10556771.3256,10.0
endommage,plastic,-2e-08,1.067e-06,-60000000.0,10556771.3256,10.0
endommage,plastic,-2e-08,1.069e-06,-60000000.0,10556771.3256,10.0
endommage,plastic,-2e-08,1.071e-06,-60000000.0,10556771.3256,10.0
endommage,plastic,-2e-08,1.073e-06,-60000000.0,10556771.3256,10.0
endommage,plastic,-2e-08,1.075e-06,-60000000.0,10556771.3256,10.0
endommage,plastic,-2e-08,1.077e-06,-60000000.0,10556771.3256,10.0
endommage,plastic,-2e-08,1.079e-06,-60000000.0,10556771.3256,10.0
endommage,plastic,-2e-08,1.081e-06,-60000000.0,10556771.3256,10.0
endommage,plastic,-2e-08,1.083e-06,-60000000.0,10556771.3256,10.0
endommage,plastic,-2e-08,1.085e-06,-60000000.0,10556771.3256,10.0
endommage,plastic,-2e-08,1.087e-06,-60000000.0,10556771.3256,10.0
endommage,plastic,-2e-08,1.089e-06,-60000000.0,10556771.3256,10.0
endommage,plastic,-2e-08,1.091e-06,-60000000.0,10556771.3256,10.0
endommage,plastic,-2e-08,1.093e-06,-60000000.0,10556771.3256,10.0
endommage,plastic,-2e-08,1.095e-06,-60000000.0,10556771.3256,10.0
endommage,plastic,-2e-08,1.097e-06,-60000000.0,10556771.3256,10.0
endommage,plastic,-2e-08,1.099e-06,-60000000.0,10556771.3256,10.0
endommage,plastic,-2e-08,1.101e-06,-60000000.0,10556771.3256,10.0
endommage,plastic,-2e-08,1.103e-06,-60000000.0,10556771.3256,10.0
endommage,plastic,-2e-08,1.105e-06,-60000000.0,10556771.3256,10.0
endommage,plastic,-2e-08,1.107e-06,-60000000.0,10556771.3256,10.0
endommage,plastic,-2e-08,1.109e-06,-60000000.0,10556771.3256,10.0
endommage,plastic,-2e-08,1.111e-06,-60000000.0,10556771.3256,10.0
endommage,plastic,-2e-08,1.113e-06,-60000000.0,10556771.3256,10.0
endommage,plastic,-2e-08,1.115e-06,-60000000.0,10556771.3256,10.0
endommage,plastic,-2e-08,1.117e-06,-60000000.0,10556771.3256,10.0
endommage,plastic,-2e-08,1.119e-06,-60000000.0,10556771.3256,10.0
endommage,plastic,-2e-08,1.121e-06,-60000000.0,10556771.3256,10.0
endommage,plastic,-2e-08,1.123e-06,-60000000.0,10556771.3256,10.0
endommage,plastic,-2e-08,1.125e-06,-60000000.0,10556771.3256,10.0
endommage,plastic,-2e-08,1.127e-06,-60000000.0,10556771.3256,10.0
endommage,plastic,-2e-08,1.129e-06,-60000000.0,10556771.3256,10.0
endommage,plastic,-2e-08,1.131e-06,-60000000.0,10556771.3256,10.0
endommage,plastic,-2e-08,1.133e-06,-60000000.0,10556771.3256,10.0
endommage,plastic,-2e-08,1.135e-06,-60000000.0,10556771.3256,10.0
endommage,plastic,-2e-08,1.137e-06,-60000000.0,10556771.3256,10.0
endommage,plastic,-2e-08,1.139e-06,-60000000.0,10556771.3256,10.0
endommage,plastic,-2e-08,1.141e-06,-60000000.0,10556771.3256,10.0
endommage,plastic,-2e-08,1.143e-06,-60000000.0,10556771.3256,10.0
endommage,plastic,-2e-08,1.145e-06,-60000000.0,10556771.3256,10.0
endommage,plastic,-2e-08,1.147e-06,-60000000.0,10556771.3256,10.0
endommage,plastic,-2e-08,1.149e-06,-60000000.0,10556771.3256,10.0
endommage,plastic,-2e-08,1.151e-06,-60000000.0,10556771.3256,10.0
endommage,plastic,-2e-08,1.153e-06,-60000000.0,10556771.3256,10.0
endommage,plastic,-2e-08,1.155e-06,-60000000.0,10556771.3256,10.0
endommage,plastic,-2e-08,1.157e-06,-60000000.0,10556771.3256,10.0
endommage,plastic,-2e-08,1.159e-06,-60000000.0,10556771.3256,10.0
endommage,plastic,-2e-08,1.161e-06,-60000000.0,10556771.3256,10.0
endommage,plastic,-2e-08,1.163e-06,-60000000.0,10556771.3256,10.0
endommage,plastic,-2e-08,1.165e-06,-60000000.0,10556771.3256,10.0
endommage,plastic,-2e-08,1.167e-06,-60000000.0,10556771.3256,10.0
endommage,plastic,-2e-08,1.169e-06,-60000000.0,10556771.3256,10.0
endommage,plastic,-2e-08,1.171e-06,-60000000.0,10556771.3256,10.0
endommage,plastic,-2e-08,1.173e-06,-60000000.0,10556771.3256,10.0
endommage,plastic,-2e-08,1.175e-06,-60000000.0,10556771.3256,10.0
endommage,plastic,-2e-08,1.177e-06,-60000000.0,10556771.3256,10.0
endommage,plastic,-2e-08,1.179e-06,-60000000.0,10556771.3256,10.0
endommage,plastic,-2e-08,1.181e-06,-60000000.0,10556771.3256,10.0
endommage,plastic,-2e-08,1.183e-06,-60000000.0,10556771.3256,10.0
endommage,plastic,-2e-08,1.185e-06,-60000000.0,10556771.3256,10.0
endommage,plastic,-2e-08,1.187e-06,-60000000.0,10556771.3256,10.0
endommage,plastic,-2e-08,1.189e-06,-60000000.0,10556771.3256,10.0
endommage,plastic,-2e-08,1.191e-06,-60000000.0,10556771.3256,10.0
endommage,plastic,-2e-08,1.193e-06,-60000000.0,10556771.3256,10.0
endommage,plastic,-2e-08,1.195e-06,-60000000.0,10556771.3256,10.0
endommage,plastic,-2e-08,1.197e-06,-60000000.0,10556771.3256,10.0
endommage,plastic,-2e-08,1.199e-06,-60000000.0,10556771.3256,10.0
endommage,plastic,-2e-08,1.201e-06,-60000000.0,10556771.3256,10.0
endommage,plastic,-2e-08,1.203e-06,-60000000.0,10556771.3256,10.0
endommage,plastic,-2e-08,1.205e-06,-60000000.0,10556771.3256,10.0
endommage,plastic,-2e-08,1.207e-06,-60000000.0,10556771.3256,10.0
endommage,plastic,-2e-08,1.209e-06,-60000000.0,10556771.3256,10.0
endommage,plastic,-2e-08,1.211e-06,-60000000.0,10556771.3256,10.0
endommage,plastic,-2e-08,1.213e-06,-60000000.0,10556771.3256,10.0
endommage,plastic,-2e-08,1.215e-06,-60000000.0,10556771.3256,10.0
endommage,plastic,-2e-08,1.217e-06,-60000000.0,10556771.3256,10.0
endommage,plastic,-2e-08,1.219e-06,-60000000.0,10556771.3256,10.0
endommage,plastic,-2e-08,1.221e-06,-60000000.0,10556771.3256,10.0
endommage,plastic,-2e-08,1.223e-06,-60000000.0,10556771.3256,10.0
endommage,plastic,-2e-08,1.225e-06,-60000000.0,10556771.3256,10.0
endommage,plastic,-2e-08,1.227e-06,-60000000.0,10556771.3256,10.0
endommage,plastic,-2e-08,1.229e-06,-60000000.0,10556771.3256,10.0
endommage,plastic,-2e-08,1.231e-06,-60000000.0,10556771.3256,10.0
endommage,plastic,-2e-08,1.233e-06,-60000000.0,10556771.3256,10.0
endommage,plastic,-2e-08,1.235e-06,-60000000.0,10556771.3256,10.0
endommage,plastic,-2e-08,1.237e-06,-60000000.0,10556771.3256,10.0
endommage,plastic,-2e-08,1.239e-06,-60000000.0,10556771.3256,10.0
endommage,plastic,-2e-08,1.241e-06,-60000000.0,10556771.3256,10.0
endommage,plastic,-2e-08,1.243e-06,-60000000.0,10556771.3256,10.0
endommage,plastic,-2e-08,1.245e-06,-60000000.0,10556771.3256,10.0
endommage,plastic,-2e-08,1.247e-06,-60000000.0,10556771.3256,10.0
endommage,plastic,-2e-08,1.249e-06,-60000000.0,10556771.3256,10.0
endommage,plastic,-2e-08,1.251e-06,-60000000.0,10556771.3256,10.0
endommage,plastic,-2e-08,1.253e-06,-60000000.0,10556771.3256,10.0
endommage,plastic,-2e-08,1.255e-06,-60000000.0,10556771.3256,10.0
endommage,plastic,-2e-08,1.257e-06,-60000000.0,10556771.3256,10.0
endommage,plastic,-2e-08,1.259e-06,-60000000.0,10556771.3256,10.0
endommage,plastic,-2e-08,1.261e-06,-60000000.0,10556771.3256,10.0
endommage,plastic,-2e-08,1.263e-06,-60000000.0,10556771.3256,10.0
endommage,plastic,-2e-08,1.265e-06,-60000000.0,10556771.3256,10.0
endommage,plastic,-2e-08,1.267e-06,-60000000.0,10556771.3256,10.0
endommage,plastic,-2e-08,1.269e-06,-60000000.0,10556771.3256,10.0
endommage,plastic,-2e-08,1.271e-06,-60000000.0,10556771.3256,10.0
endommage,plastic,-2e-08,1.273e-06,-60000000.0,10556771.3256,10.0
endommage,plastic,-2e-08,1.275e-06,-60000000.0,10556771.3256,10.0
endommage,plastic,-2e-08,1.277e-06,-60000000.0,10556771.3256,10.0
endommage,plastic,-2e-08,1.279e-06,-60000000.0,10556771.3256,10.0
endommage,plastic,-2e-08,1.281e-06,-60000000.0,10556771.3256,10.0
endommage,plastic,-2e-08,1.283e-06,-60000000.0,10556771.3256,10.0
endommage,plastic,-2e-08,1.285e-06,-60000000.0,10556771.3256,10.0
endommage,plastic,-2e-08,1.287e-06,-60000000.0,10556771.3256,10.0
endommage,plastic,-2e-08,1.289e-06,-60000000.0,10556771.3256,10.0
endommage,plastic,-2e-08,1.291e-06,-60000000.0,10556771.3256,10.0
endommage,plastic,-2e-08,1.293e-06,-60000000.0,10556771.3256,10.0
endommage,plastic,-2e-08,1.295e-06,-60000000.0,10556771.3256,10.0
endommage,plastic,-2e-08,1.297e-06,-60000000.0,10556771.3256,10.0
endommage,plastic,-2e-08,1.299e-06,-60000000.0,10556771.3256,10.0
endommage,plastic,-2e-08,1.301e-06,-60000000.0,10556771.3256,10.0
endommage,plastic,-2e-08,1.303e-06,-60000000.0,10556771.3256,10.0
endommage,plastic,-2e-08,1.305e-06,-60000000.0,10556771.3256,10.0
endommage,plastic,-2e-08,1.307e-06,-60000000.0,10556771.3256,10.0
endommage,plastic,-2e-08,1.309e-06,-60000000.0,10556771.3256,10.0
endommage,plastic,-2e-08,1.311e-06,-60000000.0,10556771.3256,10.0
endommage,plastic,-2e-08,1.313e-06,-60000000.0,10556771.3256,10.0
endommage,plastic,-2e-08,1.315e-06,-60000000.0,10556771.3256,10.0
endommage,plastic,-2e-08,1.317e-06,-60000000.0,10556771.3256,10.0
endommage,plastic,-2e-08,1.319e-06,-60000000.0,10556771.3256,10.0
endommage,plastic,-2e-08,1.321e-06,-60000000.0,10556771.3256,10.0
endommage,plastic,-2e-08,1.323e-06,-60000000.0,10556771.3256,10.0
endommage,plastic,-2e-08,1.325e-06,-60000000.0,10556771.3256,10.0
endommage,plastic,-2e-08,1.327e-06,-60000000.0,10556771.3256,10.0
endommage,plastic,-2e-08,1.329e-06,-60000000.0,10556771.3256,10.0
endommage,plastic,-2e-08,1.331e-06,-60000000.0,10556771.3256,10.0
endommage,plastic,-2e-08,1.333e-06,-60000000.0,10556771.3256,10.0
endommage,plastic,-2e-08,1.335e-06,-60000000.0,10556771.3256,10.0
endommage,plastic,-2e-08,1.337e-06,-60000000.0,10556771.3256,10.0
endommage,plastic,-2e-08,1.339e-06,-60000000.0,10556771.3256,10.0
endommage,plastic,-2e-08,1.341e-06,-60000000.0,10556771.3256,10.0
endommage,plastic,-2e-08,1.343e-06,-60000000.0,10556771.3256,10.0
endommage,plastic,-2e-08,1.345e-06,-60000000.0,10556771.3256,10.0
endommage,plastic,-2e-08,1.347e-06,-60000000.0,10556771.3256,10.0
endommage,plastic,-2e-08,1.349e-06,-60000000.0,10556771.3256,10.0
endommage,plastic,-2e-08,1.351e-06,-60000000.0,10556771.3256,10.0
endommage,plastic,-2e-08,1.353e-06,-60000000.0,10556771.3256,10.0
endommage,plastic,-2e-08,1.355e-06,-60000000.0,10556771.3256,10.0
endommage,plastic,-2e-08,1.357e-06,-60000000.0,10556771.3256,10.0
endommage,plastic,-2e-08,1.359e-06,-60000000.0,10556771.3256,10.0
endommage,plastic,-2e-08,1.361e-06,-60000000.0,10556771.3256,10.0
endommage,plastic,-2e-08,1.363e-06,-60000000.0,10556771.3256,10.0
endommage,plastic,-2e-08,1.365e-06,-60000000.0,10556771.3256,10.0
endommage,plastic,-2e-08,1.367e-06,-60000000.0,10556771.3256,10.0
endommage,plastic,-2e-08,1.369e-06,-60000000.0,10556771.3256,10.0
endommage,plastic,-2e-08,1.371e-06,-60000000.0,10556771.3256,10.0
endommage,plastic,-2e-08,1.373e-06,-60000000.0,10556771.3256,10.0
endommage,plastic,-2e-08,1.375e-06,-60000000.0,10556771.3256,10.0
endommage,plastic,-2e-08,1.377e-06,-60000000.0,10556771.3256,10.0
endommage,plastic,-2e-08,1.379e-06,-60000000.0,10556771.3256,10.0
endommage,plastic,-2e-08,1.381e-06,-60000000.0,10556771.3256,10.0
endommage,plastic,-2e-08,1.383e-06,-60000000.0,10556771.3256,10.0
endommage,plastic,-2e-08,1.385e-06,-60000000.0,10556771.3256,10.0
endommage,plastic,-2e-08,1.387e-06,-60000000.0,10556771.3256,10.0
endommage,plastic,-2e-08,1.389e-06,-60000000.0,10556771.3256,10.0
endommage,plastic,-2e-08,1.391e-06,-60000000.0,10556771.3256,10.0
endommage,plastic,-2e-08,1.393e-06,-60000000.0,10556771.3256,10.0
endommage,plastic,-2e-08,1.395e-06,-60000000.0,10556771.3256,10.0
endommage,plastic,-2e-08,1.397e-06,-60000000.0,10556771.3256,10.0
endommage,plastic,-2e-08,1.399e-06,-60000000.0,10556771.3256,10.0
endommage,plastic,-2e-08,1.401e-06,-60000000.0,10556771.3256,10.0
endommage,plastic,-2e-08,1.403e-06,-60000000.0,10556771.3256,10.0
endommage,plastic,-2e-08,1.405e-06,-60000000.0,10556771.3256,10.0
endommage,plastic,-2e-08,1.407e-06,-60000000.0,10556771.3256,10.0
endommage,plastic,-2e-08,1.409e-06,-60000000.0,10556771.3256,10.0
endommage,plastic,-2e-08,1.411e-06,-60000000.0,10556771.3256,10.0
endommage,plastic,-2e-08,1.413e-06,-60000000.0,10556771.3256,10.0
endommage,plastic,-2e-08,1.415e-06,-60000000.0,10556771.3256,10.0
endommage,plastic,-2e-08,1.417e-06,-60000000.0,10556771.3256,10.0
endommage,plastic,-2e-08,1.419e-06,-60000000.0,10556771.3256,10.0
endommage,plastic,-2e-08,1.421e-06,-60000000.0,10556771.3256,10.0
endommage,plastic,-2e-08,1.423e-06,-60000000.0,10556771.3256,10.0
endommage,plastic,-2e-08,1.425e-06,-60000000.0,10556771.3256,10.0
endommage,plastic,-2e-08,1.427e-06,-60000000.0,10556771.3256,10.0
endommage,plastic,-2e-08,1.429e-06,-60000000.0,10556771.3256,10.0
endommage,plastic,-2e-08,1.431e-06,-60000000.0,10556771.3256,10.0
endommage,plastic,-2e-08,1.433e-06,-60000000.0,10556771.3256,10.0
endommage,plastic,-2e-08,1.435e-06,-60000000.0,10556771.3256,10.0
endommage,plastic,-2e-08,1.437e-06,-60000000.0,10556771.3256,10.0
endommage,plastic,-2e-08,1.439e-06,-60000000.0,10556771.3256,10.0
endommage,plastic,-2e-08,1.441e-06,-60000000.0,10556771.3256,10.0
endommage,plastic,-2e-08,1.443e-06,-60000000.0,10556771.3256,10.0
endommage,plastic,-2e-08,1.445e-06,-60000000.0,10556771.3256,10.0
endommage,plastic,-2e-08,1.447e-06,-60000000.0,10556771.3256,10.0
endommage,plastic,-2e-08,1.449e-06,-60000000.0,10556771.3256,10.0
endommage,plastic,-2e-08,1.451e-06,-60000000.0,10556771.3256,10.0
endommage,plastic,-2e-08,1.453e-06,-60000000.0,10556771.3256,10.0
endommage,plastic,-2e-08,1.455e-06,-60000000.0,10556771.3256,10.0
endommage,plastic,-2e-08,1.457e-06,-60000000.0,10556771.3256,10.0
endommage,plastic,-2e-08,1.459e-06,-60000000.0,10556771.3256,10.0
endommage,plastic,-2e-08,1.461e-06,-60000000.0,10556771.3256,10.0
endommage,plastic,-2e-08,1.463e-06,-60000000.0,10556771.3256,10.0
endommage,plastic,-2e-08,1.465e-06,-60000000.0,10556771.3256,10.0
endommage,plastic,-2e-08,1.467e-06,-60000000.0,10556771.3256,10.0
endommage,plastic,-2e-08,1.469e-06,-60000000.0,10556771.3256,10.0
endommage,plastic,-2e-08,1.471e-06,-60000000.0,10556771.3256,10.0
endommage,plastic,-2e-08,1.473e-06,-60000000.0,10556771.3256,10.0
endommage,plastic,-2e-08,1.475e-06,-60000000.0,10556771.3256,10.0
endommage,plastic,-2e-08,1.477e-06,-60000000.0,10556771.3256,10.0
endommage,plastic,-2e-08,1.479e-06,-60000000.0,10556771.3256,10.0
endommage,plastic,-2e-08,1.481e-06,-60000000.0,10556771.3256,10.0
endommage,plastic,-2e-08,1.483e-06,-60000000.0,10556771.3256,10.0
endommage,plastic,-2e-08,1.485e-06,-60000000.0,10556771.3256,10.0
endommage,plastic,-2e-08,1.487e-06,-60000000.0,10556771.3256,10.0
endommage,plastic,-2e-08,1.489e-06,-60000000.0,10556771.3256,10.0
endommage,plastic,-2e-08,1.491e-06,-60000000.0,10556771.3256,10.0
endommage,plastic,-2e-08,1.493e-06,-60000000.0,10556771.3256,10.0
endommage,plastic,-2e-08,1.495e-06,-60000000.0,10556771.3256,10.0
endommage,plastic,-2e-08,1.497e-06,-60000000.0,10556771.3256,10.0
endommage,plastic,-2e-08,1.499e-06,-60000000.0,10556771.3256,10.0
endommage,plastic,-2e-08,1.501e-06,-60000000.0,10556771.3256,10.0
endommage,plastic,-2e-08,1.503e-06,-60000000.0,10556771.3256,10.0
endommage,plastic,-2e-08,1.505e-06,-60000000.0,10556771.3256,10.0
endommage,plastic,-2e-08,1.507e-06,-60000000.0,10556771.3256,10.0
endommage,plastic,-2e-08,1.509e-06,-60000000.0,10556771.3256,10.0
endommage,plastic,-2e-08,1.511e-06,-60000000.0,10556771.3256,10.0
endommage,plastic,-2e-08,1.513e-06,-60000000.0,10556771.3256,10.0
endommage,plastic,-2e-08,1.515e-06,-60000000.0,10556771.3256,10.0
endommage,plastic,-2e-08,1.517e-06,-60000000.0,10556771.3256,10.0
endommage,plastic,-2e-08,1.519e-06,-60000000.0,10556771.3256,10.0
endommage,plastic,-2e-08,1.521e-06,-60000000.0,10556771.3256,10.0
endommage,plastic,-2e-08,1.523e-06,-60000000.0,10556771.3256,10.0
endommage,plastic,-2e-08,1.525e-06,-60000000.0,10556771.3256,10.0
endommage,plastic,-2e-08,1.527e-06,-60000000.0,10556771.3256,10.0
endommage,plastic,-2e-08,1.529e-06,-60000000.0,10556771.3256,10.0
endommage,plastic,-2e-08,1.531e-06,-60000000.0,10556771.3256,10.0
endommage,plastic,-2e-08,1.533e-06,-60000000.0,10556771.3256,10.0
endommage,plastic,-2e-08,1.535e-06,-60000000.0,10556771.3256,10.0
endommage,plastic,-2e-08,1.537e-06,-60000000.0,10556771.3256,10.0
endommage,plastic,-2e-08,1.539e-06,-60000000.0,10556771.3256,10.0
endommage,plastic,-2e-08,1.541e-06,-60000000.0,10556771.3256,10.0
endommage,plastic,-2e-08,1.543e-06,-60000000.0,10556771.3256,10.0
endommage,plastic,-2e-08,1.545e-06,-60000000.0,10556771.3256,10.0
endommage,plastic,-2e-08,1.547e-06,-60000000.0,10556771.3256,10.0
endommage,plastic,-2e-08,1.549e-06,-60000000.0,10556771.3256,10.0
endommage,plastic,-2e-08,1.551e-06,-60000000.0,10556771.3256,10.0
endommage,plastic,-2e-08,1.553e-06,-60000000.0,10556771.3256,10.0
endommage,plastic,-2e-08,1.555e-06,-60000000.0,10556771.3256,10.0
endommage,plastic,-2e-08,1.557e-06,-60000000.0,10556771.3256,10.0
endommage,plastic,-2e-08,1.559e-06,-60000000.0,10556771.3256,10.0
endommage,plastic,-2e-08,1.561e-06,-60000000.0,10556771.3256,10.0
endommage,plastic,-2e-08,1.563e-06,-60000000.0,10556771.3256,10.0
endommage,plastic,-2e-08,1.565e-06,-60000000.0,10556771.3256,10.0
endommage,plastic,-2e-08,1.567e-06,-60000000.0,10556771.3256,10.0
endommage,plastic,-2e-08,1.569e-06,-60000000.0,10556771.3256,10.0
endommage,plastic,-2e-08,1.571e-06,-60000000.0,10556771.3256,10.0
endommage,plastic,-2e-08,1.573e-06,-60000000.0,10556771.3256,10.0
endommage,plastic,-2e-08,1.575e-06,-60000000.0,10556771.3256,10.0
endommage,plastic,-2e-08,1.577e-06,-60000000.0,10556771.3256,10.0
endommage,plastic,-2e-08,1.579e-06,-60000000.0,10556771.3256,10.0
endommage,plastic,-2e-08,1.581e-06,-60000000.0,10556771.3256,10.0
endommage,plastic,-2e-08,1.583e-06,-60000000.0,10556771.3256,10.0
endommage,plastic,-2e-08,1.585e-06,-60000000.0,10556771.3256,10.0
endommage,plastic,-2e-08,1.587e-06,-60000000.0,10556771.3256,10.0
endommage,plastic,-2e-08,1.589e-06,-60000000.0,10556771.3256,10.0
endommage,plastic,-2e-08,1.591e-06,-60000000.0,10556771.3256,10.0
endommage,plastic,-2e-08,1.593e-06,-60000000.0,10556771.3256,10.0
endommage,plastic,-2e-08,1.595e-06,-60000000.0,10556771.3256,10.0
endommage,plastic,-2e-08,1.597e-06,-60000000.0,10556771.3256,10.0
endommage,plastic,-2e-08,1.599e-06,-60000000.0,10556771.3256,10.0
endommage,plastic,-2e-08,1.601e-06,-60000000.0,10556771.3256,10.0
endommage,plastic,-2e-08,1.603e-06,-60000000.0,10556771.3256,10.0
endommage,plastic,-2e-08,1.605e-06,-60000000.0,10556771.3256,10.0
endommage,plastic,-2e-08,1.607e-06,-60000000.0,10556771.3256,10.0
endommage,plastic,-2e-08,1.609e-06,-60000000.0,10556771.3256,10.0
endommage,plastic,-2e-08,1.611e-06,-60000000.0,10556771.3256,10.0
endommage,plastic,-2e-08,1.613e-06,-60000000.0,10556771.3256,10.0
endommage,plastic,-2e-08,1.615e-06,-60000000.0,10556771.3256,10.0
endommage,plastic,-2e-08,1.617e-06,-60000000.0,10556771.3256,10.0
endommage,plastic,-2e-08,1.619e-06,-60000000.0,10556771.3256,10.0
endommage,plastic,-2e-08,1.621e-06,-60000000.0,10556771.3256,10.0
endommage,plastic,-2e-08,1.623e-06,-60000000.0,10556771.3256,10.0
endommage,plastic,-2e-08,1.625e-06,-60000000.0,10556771.3256,10.0
endommage,plastic,-2e-08,1.627e-06,-60000000.0,10556771.3256,10.0
endommage,plastic,-2e-08,1.629e-06,-60000000.0,10556771.3256,10.0
endommage,plastic,-2e-08,1.631e-06,-60000000.0,10556771.3256,10.0
endommage,plastic,-2e-08,1.633e-06,-60000000.0,10556771.3256,10.0
endommage,plastic,-2e-08,1.635e-06,-60000000.0,10556771.3256,10.0
endommage,plastic,-2e-08,1.637e-06,-60000000.0,10556771.3256,10.0
endommage,plastic,-2e-08,1.639e-06,-60000000.0,10556771.3256,10.0
endommage,plastic,-2e-08,1.641e-06,-60000000.0,10556771.3256,10.0
endommage,plastic,-2e-08,1.643e-06,-60000000.0,10556771.3256,10.0
endommage,plastic,-2e-08,1.645e-06,-60000000.0,10556771.3256,10.0
endommage,plastic,-2e-08,1.647e-06,-60000000.0,10556771.3256,10.0
endommage,plastic,-2e-08,1.649e-06,-60000000.0,10556771.3256,10.0
endommage,plastic,-2e-08,1.651e-06,-60000000.0,10556771.3256,10.0
endommage,plastic,-2e-08,1.653e-06,-60000000.0,10556771.3256,10.0
endommage,plastic,-2e-08,1.655e-06,-60000000.0,10556771.3256,10.0
endommage,plastic,-2e-08,1.657e-06,-60000000.0,10556771.3256,10.0
endommage,plastic,-2e-08,1.659e-06,-60000000.0,10556771.3256,10.0
endommage,plastic,-2e-08,1.661e-06,-60000000.0,10556771.3256,10.0
endommage,plastic,-2e-08,1.663e-06,-60000000.0,10556771.3256,10.0
endommage,plastic,-2e-08,1.665e-06,-60000000.0,10556771.3256,10.0
endommage,plastic,-2e-08,1.667e-06,-60000000.0,10556771.3256,10.0
endommage,plastic,-2e-08,1.669e-06,-60000000.0,10556771.3256,10.0
endommage,plastic,-2e-08,1.671e-06,-60000000.0,10556771.3256,10.0
endommage,plastic,-2e-08,1.673e-06,-60000000.0,10556771.3256,10.0
endommage,plastic,-2e-08,1.675e-06,-60000000.0,10556771.3256,10.0
endommage,plastic,-2e-08,1.677e-06,-60000000.0,10556771.3256,10.0
endommage,plastic,-2e-08,1.679e-06,-60000000.0,10556771.3256,10.0
endommage,plastic,-2e-08,1.681e-06,-60000000.0,10556771.3256,10.0
endommage,plastic,-2e-08,1.683e-06,-60000000.0,10556771.3256,10.0
endommage,plastic,-2e-08,1.685e-06,-60000000.0,10556771.3256,10.0
endommage,plastic,-2e-08,1.687e-06,-60000000.0,10556771.3256,10.0
endommage,plastic,-2e-08,1.689e-06,-60000000.0,10556771.3256,10.0
endommage,plastic,-2e-08,1.691e-06,-60000000.0,10556771.3256,10.0
endommage,plastic,-2e-08,1.693e-06,-60000000.0,10556771.3256,10.0
endommage,plastic,-2e-08,1.695e-06,-60000000.0,10556771.3256,10.0
endommage,plastic,-2e-08,1.697e-06,-60000000.0,10556771.3256,10.0
endommage,plastic,-2e-08,1.699e-06,-60000000.0,10556771.3256,10.0
endommage,plastic,-2e-08,1.701e-06,-60000000.0,10556771.3256,10.0
endommage,plastic,-2e-08,1.703e-06,-60000000.0,10556771.3256,10.0
endommage,plastic,-2e-08,1.705e-06,-60000000.0,10556771.3256,10.0
endommage,plastic,-2e-08,1.707e-06,-60000000.0,10556771.3256,10.0
endommage,plastic,-2e-08,1.709e-06,-60000000.0,10556771.3256,10.0
endommage,plastic,-2e-08,1.711e-06,-60000000.0,10556771.3256,10.0
endommage,plastic,-2e-08,1.713e-06,-60000000.0,10556771.3256,10.0
endommage,plastic,-2e-08,1.715e-06,-60000000.0,10556771.3256,10.0
endommage,plastic,-2e-08,1.717e-06,-60000000.0,10556771.3256,10.0
endommage,plastic,-2e-08,1.719e-06,-60000000.0,10556771.3256,10.0
endommage,plastic,-2e-08,1.721e-06,-60000000.0,10556771.3256,10.0
endommage,plastic,-2e-08,1.723e-06,-60000000.0,10556771.3256,10.0
endommage,plastic,-2e-08,1.725e-06,-60000000.0,10556771.3256,10.0
endommage,plastic,-2e-08,1.727e-06,-60000000.0,10556771.3256,10.0
endommage,plastic,-2e-08,1.729e-06,-60000000.0,10556771.3256,10.0
endommage,plastic,-2e-08,1.731e-06,-60000000.0,10556771.3256,10.0
endommage,plastic,-2e-08,1.733e-06,-60000000.0,10556771.3256,10.0
endommage,plastic,-2e-08,1.735e-06,-60000000.0,10556771.3256,10.0
endommage,plastic,-2e-08,1.737e-06,-60000000.0,10556771.3256,10.0
endommage,plastic,-2e-08,1.739e-06,-60000000.0,10556771.3256,10.0
endommage,plastic,-2e-08,1.741e-06,-60000000.0,10556771.3256,10.0
endommage,plastic,-2e-08,1.743e-06,-60000000.0,10556771.3256,10.0
endommage,plastic,-2e-08,1.745e-06,-60000000.0,10556771.3256,10.0
endommage,plastic,-2e-08,1.747e-06,-60000000.0,10556771.3256,10.0
endommage,plastic,-2e-08,1.749e-06,-60000000.0,10556771.3256,10.0
endommage,plastic,-2e-08,1.751e-06,-60000000.0,10556771.3256,10.0
endommage,plastic,-2e-08,1.753e-06,-60000000.0,10556771.3256,10.0
endommage,plastic,-2e-08,1.755e-06,-60000000.0,10556771.3256,10.0
endommage,plastic,-2e-08,1.757e-06,-60000000.0,10556771.3256,10.0
endommage,plastic,-2e-08,1.759e-06,-60000000.0,10556771.3256,10.0
endommage,plastic,-2e-08,1.761e-06,-60000000.0,10556771.3256,10.0
endommage,plastic,-2e-08,1.763e-06,-60000000.0,10556771.3256,10.0
endommage,plastic,-2e-08,1.765e-06,-60000000.0,10556771.3256,10.0
endommage,plastic,-2e-08,1.767e-06,-60000000.0,10556771.3256,10.0
endommage,plastic,-2e-08,1.769e-06,-60000000.0,10556771.3256,10.0
endommage,plastic,-2e-08,1.771e-06,-60000000.0,10556771.3256,10.0
endommage,plastic,-2e-08,1.773e-06,-60000000.0,10556771.3256,10.0
endommage,plastic,-2e-08,1.775e-06,-60000000.0,10556771.3256,10.0
endommage,plastic,-2e-08,1.777e-06,-60000000.0,10556771.3256,10.0
endommage,plastic,-2e-08,1.779e-06,-60000000.0,10556771.3256,10.0
endommage,plastic,-2e-08,1.781e-06,-60000000.0,10556771.3256,10.0
endommage,plastic,-2e-08,1.783e-06,-60000000.0,10556771.3256,10.0
endommage,plastic,-2e-08,1.785e-06,-60000000.0,10556771.3256,10.0
endommage,plastic,-2e-08,1.787e-06,-60000000.0,10556771.3256,10.0
endommage,plastic,-2e-08,1.789e-06,-60000000.0,10556771.3256,10.0
endommage,plastic,-2e-08,1.791e-06,-60000000.0,10556771.3256,10.0
endommage,plastic,-2e-08,1.793e-06,-60000000.0,10556771.3256,10.0
endommage,plastic,-2e-08,1.795e-06,-60000000.0,10556771.3256,10.0
endommage,plastic,-2e-08,1.797e-06,-60000000.0,10556771.3256,10.0
endommage,plastic,-2e-08,1.799e-06,-60000000.0,10556771.3256,10.0
endommage,plastic,-2e-08,1.801e-06,-60000000.0,10556771.3256,10.0
endommage,plastic,-2e-08,1.803e-06,-60000000.0,10556771.3256,10.0
endommage,plastic,-2e-08,1.805e-06,-60000000.0,10556771.3256,10.0
endommage,plastic,-2e-08,1.807e-06,-60000000.0,10556771.3256,10.0
endommage,plastic,-2e-08,1.809e-06,-60000000.0,10556771.3256,10.0
endommage,plastic,-2e-08,1.811e-06,-60000000.0,10556771.3256,10.0
endommage,plastic,-2e-08,1.813e-06,-60000000.0,10556771.3256,10.0
endommage,plastic,-2e-08,1.815e-06,-60000000.0,10556771.3256,10.0
endommage,plastic,-2e-08,1.817e-06,-60000000.0,10556771.3256,10.0
endommage,plastic,-2e-08,1.819e-06,-60000000.0,10556771.3256,10.0
endommage,plastic,-2e-08,1.821e-06,-60000000.0,10556771.3256,10.0
endommage,plastic,-2e-08,1.823e-06,-60000000.0,10556771.3256,10.0
endommage,plastic,-2e-08,1.825e-06,-60000000.0,10556771.3256,10.0
endommage,plastic,-2e-08,1.827e-06,-60000000.0,10556771.3256,10.0
endommage,plastic,-2e-08,1.829e-06,-60000000.0,10556771.3256,10.0
endommage,plastic,-2e-08,1.831e-06,-60000000.0,10556771.3256,10.0
endommage,plastic,-2e-08,1.833e-06,-60000000.0,10556771.3256,10.0
endommage,plastic,-2e-08,1.835e-06,-60000000.0,10556771.3256,10.0
endommage,plastic,-2e-08,1.837e-06,-60000000.0,10556771.3256,10.0
endommage,plastic,-2e-08,1.839e-06,-60000000.0,10556771.3256,10.0
endommage,plastic,-2e-08,1.841e-06,-60000000.0,10556771.3256,10.0
endommage,plastic,-2e-08,1.843e-06,-60000000.0,10556771.3256,10.0
endommage,plastic,-2e-08,1.845e-06,-60000000.0,10556771.3256,10.0
endommage,plastic,-2e-08,1.847e-06,-60000000.0,10556771.3256,10.0
endommage,plastic,-2e-08,1.849e-06,-60000000.0,10556771.3256,10.0
endommage,plastic,-2e-08,1.851e-06,-60000000.0,10556771.3256,10.0
endommage,plastic,-2e-08,1.853e-06,-60000000.0,10556771.3256,10.0
endommage,plastic,-2e-08,1.855e-06,-60000000.0,10556771.3256,10.0
endommage,plastic,-2e-08,1.857e-06,-60000000.0,10556771.3256,10.0
endommage,plastic,-2e-08,1.859e-06,-60000000.0,10556771.3256,10.0
endommage,plastic,-2e-08,1.861e-06,-60000000.0,10556771.3256,10.0
endommage,plastic,-2e-08,1.863e-06,-60000000.0,10556771.3256,10.0
endommage,plastic,-2e-08,1.865e-06,-60000000.0,10556771.3256,10.0
endommage,plastic,-2e-08,1.867e-06,-60000000.0,10556771.3256,10.0
endommage,plastic,-2e-08,1.869e-06,-60000000.0,10556771.3256,10.0
endommage,plastic,-2e-08,1.871e-06,-60000000.0,10556771.3256,10.0
endommage,plastic,-2e-08,1.873e-06,-60000000.0,10556771.3256,10.0
endommage,plastic,-2e-08,1.875e-06,-60000000.0,10556771.3256,10.0
endommage,plastic,-2e-08,1.877e-06,-60000000.0,10556771.3256,10.0
endommage,plastic,-2e-08,1.879e-06,-60000000.0,10556771.3256,10.0
endommage,plastic,-2e-08,1.881e-06,-60000000.0,10556771.3256,10.0
endommage,plastic,-2e-08,1.883e-06,-60000000.0,10556771.3256,10.0
endommage,plastic,-2e-08,1.885e-06,-60000000.0,10556771.3256,10.0
endommage,plastic,-2e-08,1.887e-06,-60000000.0,10556771.3256,10.0
endommage,plastic,-2e-08,1.889e-06,-60000000.0,10556771.3256,10.0
endommage,plastic,-2e-08,1.891e-06,-60000000.0,10556771.3256,10.0
endommage,plastic,-2e-08,1.893e-06,-60000000.0,10556771.3256,10.0
endommage,plastic,-2e-08,1.895e-06,-60000000.0,10556771.3256,10.0
endommage,plastic,-2e-08,1.897e-06,-60000000.0,10556771.3256,10.0
endommage,plastic,-2e-08,1.899e-06,-60000000.0,10556771.3256,10.0
endommage,plastic,-2e-08,1.901e-06,-60000000.0,10556771.3256,10.0
endommage,plastic,-2e-08,1.903e-06,-60000000.0,10556771.3256,10.0
endommage,plastic,-2e-08,1.905e-06,-60000000.0,10556771.3256,10.0
endommage,plastic,-2e-08,1.907e-06,-60000000.0,10556771.3256,10.0
endommage,plastic,-2e-08,1.909e-06,-60000000.0,10556771.3256,10.0
endommage,plastic,-2e-08,1.911e-06,-60000000.0,10556771.3256,10.0
endommage,plastic,-2e-08,1.913e-06,-60000000.0,10556771.3256,10.0
endommage,plastic,-2e-08,1.915e-06,-60000000.0,10556771.3256,10.0
endommage,plastic,-2e-08,1.917e-06,-60000000.0,10556771.3256,10.0
endommage,plastic,-2e-08,1.919e-06,-60000000.0,10556771.3256,10.0
endommage,plastic,-2e-08,1.921e-06,-60000000.0,10556771.3256,10.0
endommage,plastic,-2e-08,1.923e-06,-60000000.0,10556771.3256,10.0
endommage,plastic,-2e-08,1.925e-06,-60000000.0,10556771.3256,10.0
endommage,plastic,-2e-08,1.927e-06,-60000000.0,10556771.3256,10.0
endommage,plastic,-2e-08,1.929e-06,-60000000.0,10556771.3256,10.0
endommage,plastic,-2e-08,1.931e-06,-60000000.0,10556771.3256,10.0
endommage,plastic,-2e-08,1.933e-06,-60000000.0,10556771.3256,10.0
endommage,plastic,-2e-08,1.935e-06,-60000000.0,10556771.3256,10.0
endommage,plastic,-2e-08,1.937e-06,-60000000.0,10556771.3256,10.0
endommage,plastic,-2e-08,1.939e-06,-60000000.0,10556771.3256,10.0
endommage,plastic,-2e-08,1.941e-06,-60000000.0,10556771.3256,10.0
endommage,plastic,-2e-08,1.943e-06,-60000000.0,10556771.3256,10.0
endommage,plastic,-2e-08,1.945e-06,-60000000.0,10556771.3256,10.0
endommage,plastic,-2e-08,1.947e-06,-60000000.0,10556771.3256,10.0
endommage,plastic,-2e-08,1.949e-06,-60000000.0,10556771.3256,10.0
endommage,plastic,-2e-08,1.951e-06,-60000000.0,10556771.3256,10.0
endommage,plastic,-2e-08,1.953e-06,-60000000.0,10556771.3256,10.0
endommage,plastic,-2e-08,1.955e-06,-60000000.0,10556771.3256,10.0
endommage,plastic,-2e-08,1.957e-06,-60000000.0,10556771.3256,10.0
endommage,plastic,-2e-08,1.959e-06,-60000000.0,10556771.3256,10.0
endommage,plastic,-2e-08,1.961e-06,-60000000.0,10556771.3256,10.0
endommage,plastic,-2e-08,1.963e-06,-60000000.0,10556771.3256,10.0
endommage,plastic,-2e-08,1.965e-06,-60000000.0,10556771.3256,10.0
endommage,plastic,-2e-08,1.967e-06,-60000000.0,10556771.3256,10.0
endommage,plastic,-2e-08,1.969e-06,-60000000.0,10556771.3256,10.0
endommage,plastic,-2e-08,1.971e-06,-60000000.0,10556771.3256,10.0
endommage,plastic,-2e-08,1.973e-06,-60000000.0,10556771.3256,10.0
endommage,plastic,-2e-08,1.975e-06,-60000000.0,10556771.3256,10.0
endommage,plastic,-2e-08,1.977e-06,-60000000.0,10556771.3256,10.0
endommage,plastic,-2e-08,1.979e-06,-60000000.0,10556771.3256,10.0
endommage,plastic,-2e-08,1.981e-06,-60000000.0,10556771.3256,10.0
endommage,plastic,-2e-08,1.983e-06,-60000000.0,10556771.3256,10.0
endommage,plastic,-2e-08,1.985e-06,-60000000.0,10556771.3256,10.0
endommage,plastic,-2e-08,1.987e-06,-60000000.0,10556771.3256,10.0
endommage,plastic,-2e-08,1.989e-06,-60000000.0,10556771.3256,10.0
endommage,plastic,-2e-08,1.991e-06,-60000000.0,10556771.3256,10.0
endommage,plastic,-2e-08,1.993e-06,-60000000.0,10556771.3256,10.0
endommage,plastic,-2e-08,1.995e-06,-60000000.0,10556771.3256,10.0
endommage,plastic,-2e-08,1.997e-06,-60000000.0,10556771.3256,10.0
endommage,plastic,-2e-08,1.999e-06,-60000000.0,10556771.3256,10.0
endommage,plastic,-2.1e-08,2e-06,-63000000.0,10556771.3256,11.0
endommage,plastic,-2.3e-08,2e-06,-69000000.0001,10556771.3256,11.0
endommage,plastic,-2.5e-08,2e-06,-74999999.9999,10556771.3256,11.0
endommage,plastic,-2.7e-08,2e-06,-81000000.0,10556771.3256,11.0
endommage,plastic,-2.9e-08,2e-06,-87000000.0001,10556771.3256,11.0
endommage,plastic,-3.09999999999e-08,2e-06,-92999999.99980001,10556771.3256,11.0
endommage,plastic,-3.3e-08,2e-06,-98999999.9999,10556771.3256,11.0
endommage,plastic,-3.5e-08,2e-06,-105000000.0,10556771.3256,11.0
endommage,plastic,-3.7e-08,2e-06,-111000000.0,10556771.3256,11.0
endommage,plastic,-3.9e-08,2e-06,-117000000.0,10556771.3256,11.0
endommage,plastic,-4.1e-08,2e-06,-123000000.0,10556771.3256,11.0
endommage,plastic,-4.3e-08,2e-06,-129000000.0,10556771.3256,11.0
endommage,plastic,-4.49999999999e-08,2e-06,-135000000.0,10556771.3256,11.0
endommage,plastic,-4.7e-08,2e-06,-141000000.0,10556771.3256,11.0
endommage,plastic,-4.9e-08,2e-06,-147000000.0,10556771.3256,11.0
endommage,plastic,-5.1e-08,2e-06,-153000000.0,10556771.3256,11.0
endommage,plastic,-5.3e-08,2e-06,-159000000.0,10556771.3256,11.0
endommage,plastic,-5.5e-08,2e-06,-165000000.0,10556771.3256,11.0
endommage,plastic,-5.7e-08,2e-06,-171000000.0,10556771.3256,11.0
endommage,plastic,-5.9e-08,2e-06,-177000000.0,10556771.3256,11.0
endommage,plastic,-6.1e-08,2e-06,-183000000.0,10556771.3256,11.0
endommage,plastic,-6.3e-08,2e-06,-189000000.0,10556771.3256,11.0
endommage,plastic,-6.5e-08,2e-06,-195000000.0,10556771.3256,11.0
endommage,plastic,-6.7e-08,2e-06,-201000000.0,10556771.3256,11.0
endommage,plastic,-6.9e-08,2e-06,-207000000.0,10556771.3256,11.0
endommage,plastic,-7.1e-08,2e-06,-213000000.0,10556771.3256,11.0
endommage,plastic,-7.3e-08,2e-06,-219000000.0,10556771.3256,11.0
endommage,plastic,-7.5e-08,2e-06,-225000000.0,10556771.3256,11.0
endommage,plastic,-7.7e-08,2e-06,-231000000.0,10556771.3256,11.0
endommage,plastic,-7.90000000001e-08,2e-06,-237000000.0,10556771.3256,11.0
endommage,plastic,-8.1e-08,2e-06,-243000000.0,10556771.3256,11.0
endommage,plastic,-8.3e-08,2e-06,-249000000.0,10556771.3256,11.0
endommage,plastic,-8.5e-08,2e-06,-255000000.0,10556771.3256,11.0
endommage,plastic,-8.7e-08,2e-06,-261000000.0,10556771.3256,11.0
endommage,plastic,-8.9e-08,2e-06,-267000000.0,10556771.3256,11.0
endommage,plastic,-9.1e-08,2e-06,-273000000.0,10556771.3256,11.0
endommage,plastic,-9.29999999999e-08,2e-06,-279000000.0,10556771.3256,11.0
endommage,plastic,-9.5e-08,2e-06,-285000000.0,10556771.3256,11.0
endommage,plastic,-9.7e-08,2e-06,-291000000.0,10556771.3256,11.0
endommage,plastic,-9.9e-08,2e-06,-297000000.0,10556771.3256,11.0
endommage,plastic,-1.01e-07,2e-06,-303000000.0,10556771.3256,11.0
endommage,plastic,-1.03e-07,2e-06,-309000000.0,10556771.3256,11.0
endommage,plastic,-1.05e-07,2e-06,-315000000.0,10556771.3256,11.0
endommage,plastic,-1.07e-07,2e-06,-321000000.0,10556771.3256,11.0
endommage,plastic,-1.09e-07,2e-06,-327000000.0,10556771.3256,11.0
endommage,plastic,-1.11e-07,2e-06,-333000000.0,10556771.3256,11.0
endommage,plastic,-1.13e-07,2e-06,-339000000.0,10556771.3256,11.0
endommage,plastic,-1.15e-07,2e-06,-345000000.0,10556771.3256,11.0
endommage,plastic,-1.17e-07,2e-06,-351000000.0,10556771.3256,11.0
endommage,plastic,-1.19e-07,2e-06,-357000000.0,10556771.3256,11.0
endommage,plastic,-1.21e-07,2e-06,-363000000.0,10556771.3256,11.0
endommage,plastic,-1.23e-07,2e-06,-369000000.0,10556771.3256,11.0
endommage,plastic,-1.25e-07,2e-06,-375000000.0,10556771.3256,11.0
endommage,plastic,-1.27e-07,2e-06,-381000000.0,10556771.3256,11.0
endommage,plastic,-1.29e-07,2e-06,-387000000.0,10556771.3256,11.0
endommage,plastic,-1.31e-07,2e-06,-393000000.0,10556771.3256,11.0
endommage,plastic,-1.33e-07,2e-06,-399000000.0,10556771.3256,11.0
endommage,plastic,-1.35e-07,2e-06,-405000000.0,10556771.3256,11.0
endommage,plastic,-1.37e-07,2e-06,-411000000.0,10556771.3256,11.0
endommage,plastic,-1.39e-07,2e-06,-417000000.0,10556771.3256,11.0
endommage,plastic,-1.41e-07,2e-06,-423000000.0,10556771.3256,11.0
endommage,plastic,-1.43e-07,2e-06,-429000000.0,10556771.3256,11.0
endommage,plastic,-1.45e-07,2e-06,-435000000.0,10556771.3256,11.0
endommage,plastic,-1.47e-07,2e-06,-441000000.0,10556771.3256,11.0
endommage,plastic,-1.49e-07,2e-06,-447000000.0,10556771.3256,11.0
endommage,plastic,-1.51e-07,2e-06,-453000000.0,10556771.3256,11.0
endommage,plastic,-1.53e-07,2e-06,-459000000.0,10556771.3256,11.0
endommage,plastic,-1.55e-07,2e-06,-465000000.0,10556771.3256,11.0
endommage,plastic,-1.57e-07,2e-06,-471000000.0,10556771.3256,11.0
endommage,plastic,-1.59e-07,2e-06,-477000000.0,10556771.3256,11.0
endommage,plastic,-1.61e-07,2e-06,-483000000.0,10556771.3256,11.0
endommage,plastic,-1.63e-07,2e-06,-489000000.0,10556771.3256,11.0
endommage,plastic,-1.65e-07,2e-06,-495000000.0,10556771.3256,11.0
endommage,plastic,-1.67e-07,2e-06,-501000000.0,10556771.3256,11.0
endommage,plastic,-1.69e-07,2e-06,-507000000.0,10556771.3256,11.0
endommage,plastic,-1.71e-07,2e-06,-513000000.0,10556771.3256,11.0
endommage,plastic,-1.73e-07,2e-06,-519000000.0,10556771.3256,11.0
endommage,plastic,-1.75e-07,2e-06,-525000000.0,10556771.3256,11.0
endommage,plastic,-1.77e-07,2e-06,-531000000.0,10556771.3256,11.0
endommage,plastic,-1.79e-07,2e-06,-537000000.0,10556771.3256,11.0
endommage,plastic,-1.81e-07,2e-06,-543000000.0,10556771.3256,11.0
endommage,plastic,-1.83e-07,2e-06,-549000000.0,10556771.3256,11.0
endommage,plastic,-1.85e-07,2e-06,-555000000.0,10556771.3256,11.0
endommage,plastic,-1.87e-07,2e-06,-561000000.0,10556771.3256,11.0
endommage,plastic,-1.89e-07,2e-06,-567000000.0,10556771.3256,11.0
endommage,plastic,-1.91e-07,2e-06,-573000000.0,10556771.3256,11.0
endommage,plastic,-1.93e-07,2e-06,-579000000.0,10556771.3256,11.0
endommage,plastic,-1.95e-07,2e-06,-585000000.0,10556771.3256,11.0
endommage,plastic,-1.97e-07,2e-06,-591000000.0,10556771.3256,11.0
endommage,plastic,-1.99e-07,2e-06,-597000000.0,10556771.3256,11.0
endommage,plastic,-2e-07,1.999e-06,-600000000.0,9056771.325536666,12.0
endommage,plastic,-2e-07,1.997e-06,-600000000.0,6056771.325503334,12.0
endommage,plastic,-2e-07,1.995e-06,-600000000.0,3056771.3255833336,12.0
endommage,plastic,-2e-07,1.993e-06,-600000000.0,56771.325604566664,12.0
endommage,plastic,-2e-07,1.991e-06,-600000000.0,-2943228.674426667,12.0
endommage,plastic,-2e-07,1.989e-06,-600000000.0,-5943228.674456667,12.0
endommage,plastic,-2e-07,1.987e-06,-600000000.0,-8943228.674493333,12.0
endommage,plastic,-2e-07,1.985e-06,-600000000.0,-11943228.674466668,12.0
endommage,plastic,-2e-07,1.983e-06,-600000000.0,-14943228.6744,12.0
endommage,plastic,-2e-07,1.981e-06,-600000000.0,-17943228.674433336,12.0
endommage,plastic,-2e-07,1.979e-06,-600000000.0,-20943228.6744,12.0
endommage,plastic,-2e-07,1.977e-06,-600000000.0,-23943228.6744,12.0
endommage,plastic,-2e-07,1.975e-06,-600000000.0,-26943228.674433336,12.0
endommage,plastic,-2e-07,1.973e-06,-600000000.0,-29943228.6745,12.0
endommage,plastic,-2e-07,1.971e-06,-600000000.0,-32943228.67446667,12.0
endommage,plastic,-2e-07,1.969e-06,-600000000.0,-35943228.6744,12.0
endommage,plastic,-2e-07,1.967e-06,-600000000.0,-38943228.674433336,12.0
endommage,plastic,-2e-07,1.965e-06,-600000000.0,-41943228.6744,12.0
endommage,plastic,-2e-07,1.963e-06,-600000000.0,-44943228.67443333,12.0
endommage,plastic,-2e-07,1.961e-06,-600000000.0,-47943228.67443333,12.0
endommage,plastic,-2e-07,1.959e-06,-600000000.0,-50943228.67446667,12.0
endommage,plastic,-2e-07,1.957e-06,-600000000.0,-53943228.67446667,12.0
endommage,plastic,-2e-07,1.955e-06,-600000000.0,-56943228.6744,12.0
endommage,plastic,-2e-07,1.953e-06,-600000000.0,-59943228.67443333,12.0
endommage,plastic,-2e-07,1.951e-06,-600000000.0,-62943228.6744,12.0
endommage,plastic,-2e-07,1.949e-06,-600000000.0,-65943228.67443333,12.0
endommage,plastic,-2e-07,1.947e-06,-600000000.0,-68943228.67443334,12.0
endommage,plastic,-2e-07,1.945e-06,-600000000.0,-71943228.67446667,12.0
endommage,plastic,-2e-07,1.943e-06,-600000000.0,-74943228.67446667,12.0
endommage,plastic,-2e-07,1.941e-06,-600000000.0,-77943228.6744,12.0
endommage,plastic,-2e-07,1.939e-06,-600000000.0,-80943228.67446667,12.0
endommage,plastic,-2e-07,1.937e-06,-600000000.0,-83943228.6744,12.0
endommage,plastic,-2e-07,1.935e-06,-600000000.0,-84983227.3979,12.0
endommage,plastic,-2e-07,1.933e-06,-600000000.0,-84983227.3979,12.0
endommage,plastic,-2e-07,1.931e-06,-600000000.0,-84983227.3979,12.0
endommage,plastic,-2e-07,1.929e-06,-600000000.0,-84983227.3979,12.0
endommage,plastic,-2e-07,1.927e-06,-600000000.0,-84983227.3979,12.0
endommage,plastic,-2e-07,1.925e-06,-600000000.0,-84983227.3979,12.0
endommage,plastic,-2e-07,1.923e-06,-600000000.0,-84983227.3979,12.0
endommage,plastic,-2e-07,1.921e-06,-600000000.0,-84983227.3979,12.0
endommage,plastic,-2e-07,1.919e-06,-600000000.0,-84983227.3979,12.0
endommage,plastic,-2e-07,1.917e-06,-600000000.0,-84983227.3979,12.0
endommage,plastic,-2e-07,1.915e-06,-600000000.0,-84983227.3979,12.0
endommage,plastic,-2e-07,1.913e-06,-600000000.0,-84983227.3979,12.0
endommage,plastic,-2e-07,1.911e-06,-600000000.0,-84983227.3979,12.0
endommage,plastic,-2e-07,1.909e-06,-600000000.0,-84983227.3979,12.0
endommage,plastic,-2e-07,1.907e-06,-600000000.0,-84983227.3979,12.0
endommage,plastic,-2e-07,1.905e-06,-600000000.0,-84983227.3979,12.0
endommage,plastic,-2e-07,1.903e-06,-600000000.0,-84983227.3979,12.0
endommage,plastic,-2e-07,1.901e-06,-600000000.0,-84983227.3979,12.0
endommage,plastic,-2e-07,1.899e-06,-600000000.0,-84983227.3979,12.0
endommage,plastic,-2e-07,1.897e-06,-600000000.0,-84983227.3979,12.0
endommage,plastic,-2e-07,1.895e-06,-600000000.0,-84983227.3979,12.0
endommage,plastic,-2e-07,1.893e-06,-600000000.0,-84983227.3979,12.0
endommage,plastic,-2e-07,1.891e-06,-600000000.0,-84983227.3979,12.0
endommage,plastic,-2e-07,1.889e-06,-600000000.0,-84983227.3979,12.0
endommage,plastic,-2e-07,1.887e-06,-600000000.0,-84983227.3979,12.0
endommage,plastic,-2e-07,1.885e-06,-600000000.0,-84983227.3979,12.0
endommage,plastic,-2e-07,1.883e-06,-600000000.0,-84983227.3979,12.0
endommage,plastic,-2e-07,1.881e-06,-600000000.0,-84983227.3979,12.0
endommage,plastic,-2e-07,1.879e-06,-600000000.0,-84983227.3979,12.0
endommage,plastic,-2e-07,1.877e-06,-600000000.0,-84983227.3979,12.0
endommage,plastic,-2e-07,1.875e-06,-600000000.0,-84983227.3979,12.0
endommage,plastic,-2e-07,1.873e-06,-600000000.0,-84983227.3979,12.0
endommage,plastic,-2e-07,1.871e-06,-600000000.0,-84983227.3979,12.0
endommage,plastic,-2e-07,1.869e-06,-600000000.0,-84983227.3979,12.0
endommage,plastic,-2e-07,1.867e-06,-600000000.0,-84983227.3979,12.0
endommage,plastic,-2e-07,1.865e-06,-600000000.0,-84983227.3979,12.0
endommage,plastic,-2e-07,1.863e-06,-600000000.0,-84983227.3979,12.0
endommage,plastic,-2e-07,1.861e-06,-600000000.0,-84983227.3979,12.0
endommage,plastic,-2e-07,1.859e-06,-600000000.0,-84983227.3979,12.0
endommage,plastic,-2e-07,1.857e-06,-600000000.0,-84983227.3979,12.0
endommage,plastic,-2e-07,1.855e-06,-600000000.0,-84983227.3979,12.0
endommage,plastic,-2e-07,1.853e-06,-600000000.0,-84983227.3979,12.0
endommage,plastic,-2e-07,1.851e-06,-600000000.0,-84983227.3979,12.0
endommage,plastic,-2e-07,1.849e-06,-600000000.0,-84983227.3979,12.0
endommage,plastic,-2e-07,1.847e-06,-600000000.0,-84983227.3979,12.0
endommage,plastic,-2e-07,1.845e-06,-600000000.0,-84983227.3979,12.0
endommage,plastic,-2e-07,1.843e-06,-600000000.0,-84983227.3979,12.0
endommage,plastic,-2e-07,1.841e-06,-600000000.0,-84983227.3979,12.0
endommage,plastic,-2e-07,1.839e-06,-600000000.0,-84983227.3979,12.0
endommage,plastic,-2e-07,1.837e-06,-600000000.0,-84983227.3979,12.0
endommage,plastic,-2e-07,1.835e-06,-600000000.0,-84983227.3979,12.0
endommage,plastic,-2e-07,1.833e-06,-600000000.0,-84983227.3979,12.0
endommage,plastic,-2e-07,1.831e-06,-600000000.0,-84983227.3979,12.0
endommage,plastic,-2e-07,1.829e-06,-600000000.0,-84983227.3979,12.0
endommage,plastic,-2e-07,1.827e-06,-600000000.0,-84983227.3979,12.0
endommage,plastic,-2e-07,1.825e-06,-600000000.0,-84983227.3979,12.0
endommage,plastic,-2e-07,1.823e-06,-600000000.0,-84983227.3979,12.0
endommage,plastic,-2e-07,1.821e-06,-600000000.0,-84983227.3979,12.0
endommage,plastic,-2e-07,1.819e-06,-600000000.0,-84983227.3979,12.0
endommage,plastic,-2e-07,1.817e-06,-600000000.0,-84983227.3979,12.0
endommage,plastic,-2e-07,1.815e-06,-600000000.0,-84983227.3979,12.0
endommage,plastic,-2e-07,1.813e-06,-600000000.0,-84983227.3979,12.0
endommage,plastic,-2e-07,1.811e-06,-600000000.0,-84983227.3979,12.0
endommage,plastic,-2e-07,1.809e-06,-600000000.0,-84983227.3979,12.0
endommage,plastic,-2e-07,1.807e-06,-600000000.0,-84983227.3979,12.0
endommage,plastic,-2e-07,1.805e-06,-600000000.0,-84983227.3979,12.0
endommage,plastic,-2e-07,1.803e-06,-600000000.0,-84983227.3979,12.0
endommage,plastic,-2e-07,1.801e-06,-600000000.0,-84983227.3979,12.0
endommage,plastic,-2e-07,1.799e-06,-600000000.0,-84983227.3979,12.0
endommage,plastic,-2e-07,1.797e-06,-600000000.0,-84983227.3979,12.0
endommage,plastic,-2e-07,1.795e-06,-600000000.0,-84983227.3979,12.0
endommage,plastic,-2e-07,1.793e-06,-600000000.0,-84983227.3979,12.0
endommage,plastic,-2e-07,1.791e-06,-600000000.0,-84983227.3979,12.0
endommage,plastic,-2e-07,1.789e-06,-600000000.0,-84983227.3979,12.0
endommage,plastic,-2e-07,1.787e-06,-600000000.0,-84983227.3979,12.0
endommage,plastic,-2e-07,1.785e-06,-600000000.0,-84983227.3979,12.0
endommage,plastic,-2e-07,1.783e-06,-600000000.0,-84983227.3979,12.0
endommage,plastic,-2e-07,1.781e-06,-600000000.0,-84983227.3979,12.0
endommage,plastic,-2e-07,1.779e-06,-600000000.0,-84983227.3979,12.0
endommage,plastic,-2e-07,1.777e-06,-600000000.0,-84983227.3979,12.0
endommage,plastic,-2e-07,1.775e-06,-600000000.0,-84983227.3979,12.0
endommage,plastic,-2e-07,1.773e-06,-600000000.0,-84983227.3979,12.0
endommage,plastic,-2e-07,1.771e-06,-600000000.0,-84983227.3979,12.0
endommage,plastic,-2e-07,1.769e-06,-600000000.0,-84983227.3979,12.0
endommage,plastic,-2e-07,1.767e-06,-600000000.0,-84983227.3979,12.0
endommage,plastic,-2e-07,1.765e-06,-600000000.0,-84983227.3979,12.0
endommage,plastic,-2e-07,1.763e-06,-600000000.0,-84983227.3979,12.0
endommage,plastic,-2e-07,1.761e-06,-600000000.0,-84983227.3979,12.0
endommage,plastic,-2e-07,1.759e-06,-600000000.0,-84983227.3979,12.0
endommage,plastic,-2e-07,1.757e-06,-600000000.0,-84983227.3979,12.0
endommage,plastic,-2e-07,1.755e-06,-600000000.0,-84983227.3979,12.0
endommage,plastic,-2e-07,1.753e-06,-600000000.0,-84983227.3979,12.0
endommage,plastic,-2e-07,1.751e-06,-600000000.0,-84983227.3979,12.0
endommage,plastic,-2e-07,1.749e-06,-600000000.0,-84983227.3979,12.0
endommage,plastic,-2e-07,1.747e-06,-600000000.0,-84983227.3979,12.0
endommage,plastic,-2e-07,1.745e-06,-600000000.0,-84983227.3979,12.0
endommage,plastic,-2e-07,1.743e-06,-600000000.0,-84983227.3979,12.0
endommage,plastic,-2e-07,1.741e-06,-600000000.0,-84983227.3979,12.0
endommage,plastic,-2e-07,1.739e-06,-600000000.0,-84983227.3979,12.0
endommage,plastic,-2e-07,1.737e-06,-600000000.0,-84983227.3979,12.0
endommage,plastic,-2e-07,1.735e-06,-600000000.0,-84983227.3979,12.0
endommage,plastic,-2e-07,1.733e-06,-600000000.0,-84983227.3979,12.0
endommage,plastic,-2e-07,1.731e-06,-600000000.0,-84983227.3979,12.0
endommage,plastic,-2e-07,1.729e-06,-600000000.0,-84983227.3979,12.0
endommage,plastic,-2e-07,1.727e-06,-600000000.0,-84983227.3979,12.0
endommage,plastic,-2e-07,1.725e-06,-600000000.0,-84983227.3979,12.0
endommage,plastic,-2e-07,1.723e-06,-600000000.0,-84983227.3979,12.0
endommage,plastic,-2e-07,1.721e-06,-600000000.0,-84983227.3979,12.0
endommage,plastic,-2e-07,1.719e-06,-600000000.0,-84983227.3979,12.0
endommage,plastic,-2e-07,1.717e-06,-600000000.0,-84983227.3979,12.0
endommage,plastic,-2e-07,1.715e-06,-600000000.0,-84983227.3979,12.0
endommage,plastic,-2e-07,1.713e-06,-600000000.0,-84983227.3979,12.0
endommage,plastic,-2e-07,1.711e-06,-600000000.0,-84983227.3979,12.0
endommage,plastic,-2e-07,1.709e-06,-600000000.0,-84983227.3979,12.0
endommage,plastic,-2e-07,1.707e-06,-600000000.0,-84983227.3979,12.0
endommage,plastic,-2e-07,1.705e-06,-600000000.0,-84983227.3979,12.0
endommage,plastic,-2e-07,1.703e-06,-600000000.0,-84983227.3979,12.0
endommage,plastic,-2e-07,1.701e-06,-600000000.0,-84983227.3979,12.0
endommage,plastic,-2e-07,1.699e-06,-600000000.0,-84983227.3979,12.0
endommage,plastic,-2e-07,1.697e-06,-600000000.0,-84983227.3979,12.0
endommage,plastic,-2e-07,1.695e-06,-600000000.0,-84983227.3979,12.0
endommage,plastic,-2e-07,1.693e-06,-600000000.0,-84983227.3979,12.0
endommage,plastic,-2e-07,1.691e-06,-600000000.0,-84983227.3979,12.0
endommage,plastic,-2e-07,1.689e-06,-600000000.0,-84983227.3979,12.0
endommage,plastic,-2e-07,1.687e-06,-600000000.0,-84983227.3979,12.0
endommage,plastic,-2e-07,1.685e-06,-600000000.0,-84983227.3979,12.0
endommage,plastic,-2e-07,1.683e-06,-600000000.0,-84983227.3979,12.0
endommage,plastic,-2e-07,1.681e-06,-600000000.0,-84983227.3979,12.0
endommage,plastic,-2e-07,1.679e-06,-600000000.0,-84983227.3979,12.0
endommage,plastic,-2e-07,1.677e-06,-600000000.0,-84983227.3979,12.0
endommage,plastic,-2e-07,1.675e-06,-600000000.0,-84983227.3979,12.0
endommage,plastic,-2e-07,1.673e-06,-600000000.0,-84983227.3979,12.0
endommage,plastic,-2e-07,1.671e-06,-600000000.0,-84983227.3979,12.0
endommage,plastic,-2e-07,1.669e-06,-600000000.0,-84983227.3979,12.0
endommage,plastic,-2e-07,1.667e-06,-600000000.0,-84983227.3979,12.0
endommage,plastic,-2e-07,1.665e-06,-600000000.0,-84983227.3979,12.0
endommage,plastic,-2e-07,1.663e-06,-600000000.0,-84983227.3979,12.0
endommage,plastic,-2e-07,1.661e-06,-600000000.0,-84983227.3979,12.0
endommage,plastic,-2e-07,1.659e-06,-600000000.0,-84983227.3979,12.0
endommage,plastic,-2e-07,1.657e-06,-600000000.0,-84983227.3979,12.0
endommage,plastic,-2e-07,1.655e-06,-600000000.0,-84983227.3979,12.0
endommage,plastic,-2e-07,1.653e-06,-600000000.0,-84983227.3979,12.0
endommage,plastic,-2e-07,1.651e-06,-600000000.0,-84983227.3979,12.0
endommage,plastic,-2e-07,1.649e-06,-600000000.0,-84983227.3979,12.0
endommage,plastic,-2e-07,1.647e-06,-600000000.0,-84983227.3979,12.0
endommage,plastic,-2e-07,1.645e-06,-600000000.0,-84983227.3979,12.0
endommage,plastic,-2e-07,1.643e-06,-600000000.0,-84983227.3979,12.0
endommage,plastic,-2e-07,1.641e-06,-600000000.0,-84983227.3979,12.0
endommage,plastic,-2e-07,1.639e-06,-600000000.0,-84983227.3979,12.0
endommage,plastic,-2e-07,1.637e-06,-600000000.0,-84983227.3979,12.0
endommage,plastic,-2e-07,1.635e-06,-600000000.0,-84983227.3979,12.0
endommage,plastic,-2e-07,1.633e-06,-600000000.0,-84983227.3979,12.0
endommage,plastic,-2e-07,1.631e-06,-600000000.0,-84983227.3979,12.0
endommage,plastic,-2e-07,1.629e-06,-600000000.0,-84983227.3979,12.0
endommage,plastic,-2e-07,1.627e-06,-600000000.0,-84983227.3979,12.0
endommage,plastic,-2e-07,1.625e-06,-600000000.0,-84983227.3979,12.0
endommage,plastic,-2e-07,1.623e-06,-600000000.0,-84983227.3979,12.0
endommage,plastic,-2e-07,1.621e-06,-600000000.0,-84983227.3979,12.0
endommage,plastic,-2e-07,1.619e-06,-600000000.0,-84983227.3979,12.0
endommage,plastic,-2e-07,1.617e-06,-600000000.0,-84983227.3979,12.0
endommage,plastic,-2e-07,1.615e-06,-600000000.0,-84983227.3979,12.0
endommage,plastic,-2e-07,1.613e-06,-600000000.0,-84983227.3979,12.0
endommage,plastic,-2e-07,1.611e-06,-600000000.0,-84983227.3979,12.0
endommage,plastic,-2e-07,1.609e-06,-600000000.0,-84983227.3979,12.0
endommage,plastic,-2e-07,1.607e-06,-600000000.0,-84983227.3979,12.0
endommage,plastic,-2e-07,1.605e-06,-600000000.0,-84983227.3979,12.0
endommage,plastic,-2e-07,1.603e-06,-600000000.0,-84983227.3979,12.0
endommage,plastic,-2e-07,1.601e-06,-600000000.0,-84983227.3979,12.0
endommage,plastic,-2e-07,1.599e-06,-600000000.0,-84983227.3979,12.0
endommage,plastic,-2e-07,1.597e-06,-600000000.0,-84983227.3979,12.0
endommage,plastic,-2e-07,1.595e-06,-600000000.0,-84983227.3979,12.0
endommage,plastic,-2e-07,1.593e-06,-600000000.0,-84983227.3979,12.0
endommage,plastic,-2e-07,1.591e-06,-600000000.0,-84983227.3979,12.0
endommage,plastic,-2e-07,1.589e-06,-600000000.0,-84983227.3979,12.0
endommage,plastic,-2e-07,1.587e-06,-600000000.0,-84983227.3979,12.0
endommage,plastic,-2e-07,1.585e-06,-600000000.0,-84983227.3979,12.0
endommage,plastic,-2e-07,1.583e-06,-600000000.0,-84983227.3979,12.0
endommage,plastic,-2e-07,1.581e-06,-600000000.0,-84983227.3979,12.0
endommage,plastic,-2e-07,1.579e-06,-600000000.0,-84983227.3979,12.0
endommage,plastic,-2e-07,1.577e-06,-600000000.0,-84983227.3979,12.0
endommage,plastic,-2e-07,1.575e-06,-600000000.0,-84983227.3979,12.0
endommage,plastic,-2e-07,1.573e-06,-600000000.0,-84983227.3979,12.0
endommage,plastic,-2e-07,1.571e-06,-600000000.0,-84983227.3979,12.0
endommage,plastic,-2e-07,1.569e-06,-600000000.0,-84983227.3979,12.0
endommage,plastic,-2e-07,1.567e-06,-600000000.0,-84983227.3979,12.0
endommage,plastic,-2e-07,1.565e-06,-600000000.0,-84983227.3979,12.0
endommage,plastic,-2e-07,1.563e-06,-600000000.0,-84983227.3979,12.0
endommage,plastic,-2e-07,1.561e-06,-600000000.0,-84983227.3979,12.0
endommage,plastic,-2e-07,1.559e-06,-600000000.0,-84983227.3979,12.0
endommage,plastic,-2e-07,1.557e-06,-600000000.0,-84983227.3979,12.0
endommage,plastic,-2e-07,1.555e-06,-600000000.0,-84983227.3979,12.0
endommage,plastic,-2e-07,1.553e-06,-600000000.0,-84983227.3979,12.0
endommage,plastic,-2e-07,1.551e-06,-600000000.0,-84983227.3979,12.0
endommage,plastic,-2e-07,1.549e-06,-600000000.0,-84983227.3979,12.0
endommage,plastic,-2e-07,1.547e-06,-600000000.0,-84983227.3979,12.0
endommage,plastic,-2e-07,1.545e-06,-600000000.0,-84983227.3979,12.0
endommage,plastic,-2e-07,1.543e-06,-600000000.0,-84983227.3979,12.0
endommage,plastic,-2e-07,1.541e-06,-600000000.0,-84983227.3979,12.0
endommage,plastic,-2e-07,1.539e-06,-600000000.0,-84983227.3979,12.0
endommage,plastic,-2e-07,1.537e-06,-600000000.0,-84983227.3979,12.0
endommage,plastic,-2e-07,1.535e-06,-600000000.0,-84983227.3979,12.0
endommage,plastic,-2e-07,1.533e-06,-600000000.0,-84983227.3979,12.0
endommage,plastic,-2e-07,1.531e-06,-600000000.0,-84983227.3979,12.0
endommage,plastic,-2e-07,1.529e-06,-600000000.0,-84983227.3979,12.0
endommage,plastic,-2e-07,1.527e-06,-600000000.0,-84983227.3979,12.0
endommage,plastic,-2e-07,1.525e-06,-600000000.0,-84983227.3979,12.0
endommage,plastic,-2e-07,1.523e-06,-600000000.0,-84983227.3979,12.0
endommage,plastic,-2e-07,1.521e-06,-600000000.0,-84983227.3979,12.0
endommage,plastic,-2e-07,1.519e-06,-600000000.0,-84983227.3979,12.0
endommage,plastic,-2e-07,1.517e-06,-600000000.0,-84983227.3979,12.0
endommage,plastic,-2e-07,1.515e-06,-600000000.0,-84983227.3979,12.0
endommage,plastic,-2e-07,1.513e-06,-600000000.0,-84983227.3979,12.0
endommage,plastic,-2e-07,1.511e-06,-600000000.0,-84983227.3979,12.0
endommage,plastic,-2e-07,1.509e-06,-600000000.0,-84983227.3979,12.0
endommage,plastic,-2e-07,1.507e-06,-600000000.0,-84983227.3979,12.0
endommage,plastic,-2e-07,1.505e-06,-600000000.0,-84983227.3979,12.0
endommage,plastic,-2e-07,1.503e-06,-600000000.0,-84983227.3979,12.0
endommage,plastic,-2e-07,1.501e-06,-600000000.0,-84983227.3979,12.0
endommage,plastic,-2e-07,1.499e-06,-600000000.0,-84983227.3979,12.0
endommage,plastic,-2e-07,1.497e-06,-600000000.0,-84983227.3979,12.0
endommage,plastic,-2e-07,1.495e-06,-600000000.0,-84983227.3979,12.0
endommage,plastic,-2e-07,1.493e-06,-600000000.0,-84983227.3979,12.0
endommage,plastic,-2e-07,1.491e-06,-600000000.0,-84983227.3979,12.0
endommage,plastic,-2e-07,1.489e-06,-600000000.0,-84983227.3979,12.0
endommage,plastic,-2e-07,1.487e-06,-600000000.0,-84983227.3979,12.0
endommage,plastic,-2e-07,1.485e-06,-600000000.0,-84983227.3979,12.0
endommage,plastic,-2e-07,1.483e-06,-600000000.0,-84983227.3979,12.0
endommage,plastic,-2e-07,1.481e-06,-600000000.0,-84983227.3979,12.0
endommage,plastic,-2e-07,1.479e-06,-600000000.0,-84983227.3979,12.0
endommage,plastic,-2e-07,1.477e-06,-600000000.0,-84983227.3979,12.0
endommage,plastic,-2e-07,1.475e-06,-600000000.0,-84983227.3979,12.0
endommage,plastic,-2e-07,1.473e-06,-600000000.0,-84983227.3979,12.0
endommage,plastic,-2e-07,1.471e-06,-600000000.0,-84983227.3979,12.0
endommage,plastic,-2e-07,1.469e-06,-600000000.0,-84983227.3979,12.0
endommage,plastic,-2e-07,1.467e-06,-600000000.0,-84983227.3979,12.0
endommage,plastic,-2e-07,1.465e-06,-600000000.0,-84983227.3979,12.0
endommage,plastic,-2e-07,1.463e-06,-600000000.0,-84983227.3979,12.0
endommage,plastic,-2e-07,1.461e-06,-600000000.0,-84983227.3979,12.0
endommage,plastic,-2e-07,1.459e-06,-600000000.0,-84983227.3979,12.0
endommage,plastic,-2e-07,1.457e-06,-600000000.0,-84983227.3979,12.0
endommage,plastic,-2e-07,1.455e-06,-600000000.0,-84983227.3979,12.0
endommage,plastic,-2e-07,1.453e-06,-600000000.0,-84983227.3979,12.0
endommage,plastic,-2e-07,1.451e-06,-600000000.0,-84983227.3979,12.0
endommage,plastic,-2e-07,1.449e-06,-600000000.0,-84983227.3979,12.0
endommage,plastic,-2e-07,1.447e-06,-600000000.0,-84983227.3979,12.0
endommage,plastic,-2e-07,1.445e-06,-600000000.0,-84983227.3979,12.0
endommage,plastic,-2e-07,1.443e-06,-600000000.0,-84983227.3979,12.0
endommage,plastic,-2e-07,1.441e-06,-600000000.0,-84983227.3979,12.0
endommage,plastic,-2e-07,1.439e-06,-600000000.0,-84983227.3979,12.0
endommage,plastic,-2e-07,1.437e-06,-600000000.0,-84983227.3979,12.0
endommage,plastic,-2e-07,1.435e-06,-600000000.0,-84983227.3979,12.0
endommage,plastic,-2e-07,1.433e-06,-600000000.0,-84983227.3979,12.0
endommage,plastic,-2e-07,1.431e-06,-600000000.0,-84983227.3979,12.0
endommage,plastic,-2e-07,1.429e-06,-600000000.0,-84983227.3979,12.0
endommage,plastic,-2e-07,1.427e-06,-600000000.0,-84983227.3979,12.0
endommage,plastic,-2e-07,1.425e-06,-600000000.0,-84983227.3979,12.0
endommage,plastic,-2e-07,1.423e-06,-600000000.0,-84983227.3979,12.0
endommage,plastic,-2e-07,1.421e-06,-600000000.0,-84983227.3979,12.0
endommage,plastic,-2e-07,1.419e-06,-600000000.0,-84983227.3979,12.0
endommage,plastic,-2e-07,1.417e-06,-600000000.0,-84983227.3979,12.0
endommage,plastic,-2e-07,1.415e-06,-600000000.0,-84983227.3979,12.0
endommage,plastic,-2e-07,1.413e-06,-600000000.0,-84983227.3979,12.0
endommage,plastic,-2e-07,1.411e-06,-600000000.0,-84983227.3979,12.0
endommage,plastic,-2e-07,1.409e-06,-600000000.0,-84983227.3979,12.0
endommage,plastic,-2e-07,1.407e-06,-600000000.0,-84983227.3979,12.0
endommage,plastic,-2e-07,1.405e-06,-600000000.0,-84983227.3979,12.0
endommage,plastic,-2e-07,1.403e-06,-600000000.0,-84983227.3979,12.0
endommage,plastic,-2e-07,1.401e-06,-600000000.0,-84983227.3979,12.0
endommage,plastic,-2e-07,1.399e-06,-600000000.0,-84983227.3979,12.0
endommage,plastic,-2e-07,1.397e-06,-600000000.0,-84983227.3979,12.0
endommage,plastic,-2e-07,1.395e-06,-600000000.0,-84983227.3979,12.0
endommage,plastic,-2e-07,1.393e-06,-600000000.0,-84983227.3979,12.0
endommage,plastic,-2e-07,1.391e-06,-600000000.0,-84983227.3979,12.0
endommage,plastic,-2e-07,1.389e-06,-600000000.0,-84983227.3979,12.0
endommage,plastic,-2e-07,1.387e-06,-600000000.0,-84983227.3979,12.0
endommage,plastic,-2e-07,1.385e-06,-600000000.0,-84983227.3979,12.0
endommage,plastic,-2e-07,1.383e-06,-600000000.0,-84983227.3979,12.0
endommage,plastic,-2e-07,1.381e-06,-600000000.0,-84983227.3979,12.0
endommage,plastic,-2e-07,1.379e-06,-600000000.0,-84983227.3979,12.0
endommage,plastic,-2e-07,1.377e-06,-600000000.0,-84983227.3979,12.0
endommage,plastic,-2e-07,1.375e-06,-600000000.0,-84983227.3979,12.0
endommage,plastic,-2e-07,1.373e-06,-600000000.0,-84983227.3979,12.0
endommage,plastic,-2e-07,1.371e-06,-600000000.0,-84983227.3979,12.0
endommage,plastic,-2e-07,1.369e-06,-600000000.0,-84983227.3979,12.0
endommage,plastic,-2e-07,1.367e-06,-600000000.0,-84983227.3979,12.0
endommage,plastic,-2e-07,1.365e-06,-600000000.0,-84983227.3979,12.0
endommage,plastic,-2e-07,1.363e-06,-600000000.0,-84983227.3979,12.0
endommage,plastic,-2e-07,1.361e-06,-600000000.0,-84983227.3979,12.0
endommage,plastic,-2e-07,1.359e-06,-600000000.0,-84983227.3979,12.0
endommage,plastic,-2e-07,1.357e-06,-600000000.0,-84983227.3979,12.0
endommage,plastic,-2e-07,1.355e-06,-600000000.0,-84983227.3979,12.0
endommage,plastic,-2e-07,1.353e-06,-600000000.0,-84983227.3979,12.0
endommage,plastic,-2e-07,1.351e-06,-600000000.0,-84983227.3979,12.0
endommage,plastic,-2e-07,1.349e-06,-600000000.0,-84983227.3979,12.0
endommage,plastic,-2e-07,1.347e-06,-600000000.0,-84983227.3979,12.0
endommage,plastic,-2e-07,1.345e-06,-600000000.0,-84983227.3979,12.0
endommage,plastic,-2e-07,1.343e-06,-600000000.0,-84983227.3979,12.0
endommage,plastic,-2e-07,1.341e-06,-600000000.0,-84983227.3979,12.0
endommage,plastic,-2e-07,1.339e-06,-600000000.0,-84983227.3979,12.0
endommage,plastic,-2e-07,1.337e-06,-600000000.0,-84983227.3979,12.0
endommage,plastic,-2e-07,1.335e-06,-600000000.0,-84983227.3979,12.0
endommage,plastic,-2e-07,1.333e-06,-600000000.0,-84983227.3979,12.0
endommage,plastic,-2e-07,1.331e-06,-600000000.0,-84983227.3979,12.0
endommage,plastic,-2e-07,1.329e-06,-600000000.0,-84983227.3979,12.0
endommage,plastic,-2e-07,1.327e-06,-600000000.0,-84983227.3979,12.0
endommage,plastic,-2e-07,1.325e-06,-600000000.0,-84983227.3979,12.0
endommage,plastic,-2e-07,1.323e-06,-600000000.0,-84983227.3979,12.0
endommage,plastic,-2e-07,1.321e-06,-600000000.0,-84983227.3979,12.0
endommage,plastic,-2e-07,1.319e-06,-600000000.0,-84983227.3979,12.0
endommage,plastic,-2e-07,1.317e-06,-600000000.0,-84983227.3979,12.0
endommage,plastic,-2e-07,1.315e-06,-600000000.0,-84983227.3979,12.0
endommage,plastic,-2e-07,1.313e-06,-600000000.0,-84983227.3979,12.0
endommage,plastic,-2e-07,1.311e-06,-600000000.0,-84983227.3979,12.0
endommage,plastic,-2e-07,1.309e-06,-600000000.0,-84983227.3979,12.0
endommage,plastic,-2e-07,1.307e-06,-600000000.0,-84983227.3979,12.0
endommage,plastic,-2e-07,1.305e-06,-600000000.0,-84983227.3979,12.0
endommage,plastic,-2e-07,1.303e-06,-600000000.0,-84983227.3979,12.0
endommage,plastic,-2e-07,1.301e-06,-600000000.0,-84983227.3979,12.0
endommage,plastic,-2e-07,1.299e-06,-600000000.0,-84983227.3979,12.0
endommage,plastic,-2e-07,1.297e-06,-600000000.0,-84983227.3979,12.0
endommage,plastic,-2e-07,1.295e-06,-600000000.0,-84983227.3979,12.0
endommage,plastic,-2e-07,1.293e-06,-600000000.0,-84983227.3979,12.0
endommage,plastic,-2e-07,1.291e-06,-600000000.0,-84983227.3979,12.0
endommage,plastic,-2e-07,1.289e-06,-600000000.0,-84983227.3979,12.0
endommage,plastic,-2e-07,1.287e-06,-600000000.0,-84983227.3979,12.0
endommage,plastic,-2e-07,1.285e-06,-600000000.0,-84983227.3979,12.0
endommage,plastic,-2e-07,1.283e-06,-600000000.0,-84983227.3979,12.0
endommage,plastic,-2e-07,1.281e-06,-600000000.0,-84983227.3979,12.0
endommage,plastic,-2e-07,1.279e-06,-600000000.0,-84983227.3979,12.0
endommage,plastic,-2e-07,1.277e-06,-600000000.0,-84983227.3979,12.0
endommage,plastic,-2e-07,1.275e-06,-600000000.0,-84983227.3979,12.0
endommage,plastic,-2e-07,1.273e-06,-600000000.0,-84983227.3979,12.0
endommage,plastic,-2e-07,1.271e-06,-600000000.0,-84983227.3979,12.0
endommage,plastic,-2e-07,1.269e-06,-600000000.0,-84983227.3979,12.0
endommage,plastic,-2e-07,1.267e-06,-600000000.0,-84983227.3979,12.0
endommage,plastic,-2e-07,1.265e-06,-600000000.0,-84983227.3979,12.0
endommage,plastic,-2e-07,1.263e-06,-600000000.0,-84983227.3979,12.0
endommage,plastic,-2e-07,1.261e-06,-600000000.0,-84983227.3979,12.0
endommage,plastic,-2e-07,1.259e-06,-600000000.0,-84983227.3979,12.0
endommage,plastic,-2e-07,1.257e-06,-600000000.0,-84983227.3979,12.0
endommage,plastic,-2e-07,1.255e-06,-600000000.0,-84983227.3979,12.0
endommage,plastic,-2e-07,1.253e-06,-600000000.0,-84983227.3979,12.0
endommage,plastic,-2e-07,1.251e-06,-600000000.0,-84983227.3979,12.0
endommage,plastic,-2e-07,1.249e-06,-600000000.0,-84983227.3979,12.0
endommage,plastic,-2e-07,1.247e-06,-600000000.0,-84983227.3979,12.0
endommage,plastic,-2e-07,1.245e-06,-600000000.0,-84983227.3979,12.0
endommage,plastic,-2e-07,1.243e-06,-600000000.0,-84983227.3979,12.0
endommage,plastic,-2e-07,1.241e-06,-600000000.0,-84983227.3979,12.0
endommage,plastic,-2e-07,1.239e-06,-600000000.0,-84983227.3979,12.0
endommage,plastic,-2e-07,1.237e-06,-600000000.0,-84983227.3979,12.0
endommage,plastic,-2e-07,1.235e-06,-600000000.0,-84983227.3979,12.0
endommage,plastic,-2e-07,1.233e-06,-600000000.0,-84983227.3979,12.0
endommage,plastic,-2e-07,1.231e-06,-600000000.0,-84983227.3979,12.0
endommage,plastic,-2e-07,1.229e-06,-600000000.0,-84983227.3979,12.0
endommage,plastic,-2e-07,1.227e-06,-600000000.0,-84983227.3979,12.0
endommage,plastic,-2e-07,1.225e-06,-600000000.0,-84983227.3979,12.0
endommage,plastic,-2e-07,1.223e-06,-600000000.0,-84983227.3979,12.0
endommage,plastic,-2e-07,1.221e-06,-600000000.0,-84983227.3979,12.0
endommage,plastic,-2e-07,1.219e-06,-600000000.0,-84983227.3979,12.0
endommage,plastic,-2e-07,1.217e-06,-600000000.0,-84983227.3979,12.0
endommage,plastic,-2e-07,1.215e-06,-600000000.0,-84983227.3979,12.0
endommage,plastic,-2e-07,1.213e-06,-600000000.0,-84983227.3979,12.0
endommage,plastic,-2e-07,1.211e-06,-600000000.0,-84983227.3979,12.0
endommage,plastic,-2e-07,1.209e-06,-600000000.0,-84983227.3979,12.0
endommage,plastic,-2e-07,1.207e-06,-600000000.0,-84983227.3979,12.0
endommage,plastic,-2e-07,1.205e-06,-600000000.0,-84983227.3979,12.0
endommage,plastic,-2e-07,1.203e-06,-600000000.0,-84983227.3979,12.0
endommage,plastic,-2e-07,1.201e-06,-600000000.0,-84983227.3979,12.0
endommage,plastic,-2e-07,1.199e-06,-600000000.0,-84983227.3979,12.0
endommage,plastic,-2e-07,1.197e-06,-600000000.0,-84983227.3979,12.0
endommage,plastic,-2e-07,1.195e-06,-600000000.0,-84983227.3979,12.0
endommage,plastic,-2e-07,1.193e-06,-600000000.0,-84983227.3979,12.0
endommage,plastic,-2e-07,1.191e-06,-600000000.0,-84983227.3979,12.0
endommage,plastic,-2e-07,1.189e-06,-600000000.0,-84983227.3979,12.0
endommage,plastic,-2e-07,1.187e-06,-600000000.0,-84983227.3979,12.0
endommage,plastic,-2e-07,1.185e-06,-600000000.0,-84983227.3979,12.0
endommage,plastic,-2e-07,1.183e-06,-600000000.0,-84983227.3979,12.0
endommage,plastic,-2e-07,1.181e-06,-600000000.0,-84983227.3979,12.0
endommage,plastic,-2e-07,1.179e-06,-600000000.0,-84983227.3979,12.0
endommage,plastic,-2e-07,1.177e-06,-600000000.0,-84983227.3979,12.0
endommage,plastic,-2e-07,1.175e-06,-600000000.0,-84983227.3979,12.0
endommage,plastic,-2e-07,1.173e-06,-600000000.0,-84983227.3979,12.0
endommage,plastic,-2e-07,1.171e-06,-600000000.0,-84983227.3979,12.0
endommage,plastic,-2e-07,1.169e-06,-600000000.0,-84983227.3979,12.0
endommage,plastic,-2e-07,1.167e-06,-600000000.0,-84983227.3979,12.0
endommage,plastic,-2e-07,1.165e-06,-600000000.0,-84983227.3979,12.0
endommage,plastic,-2e-07,1.163e-06,-600000000.0,-84983227.3979,12.0
endommage,plastic,-2e-07,1.161e-06,-600000000.0,-84983227.3979,12.0
endommage,plastic,-2e-07,1.159e-06,-600000000.0,-84983227.3979,12.0
endommage,plastic,-2e-07,1.157e-06,-600000000.0,-84983227.3979,12.0
endommage,plastic,-2e-07,1.155e-06,-600000000.0,-84983227.3979,12.0
endommage,plastic,-2e-07,1.153e-06,-600000000.0,-84983227.3979,12.0
endommage,plastic,-2e-07,1.151e-06,-600000000.0,-84983227.3979,12.0
endommage,plastic,-2e-07,1.149e-06,-600000000.0,-84983227.3979,12.0
endommage,plastic,-2e-07,1.147e-06,-600000000.0,-84983227.3979,12.0
endommage,plastic,-2e-07,1.145e-06,-600000000.0,-84983227.3979,12.0
endommage,plastic,-2e-07,1.143e-06,-600000000.0,-84983227.3979,12.0
endommage,plastic,-2e-07,1.141e-06,-600000000.0,-84983227.3979,12.0
endommage,plastic,-2e-07,1.139e-06,-600000000.0,-84983227.3979,12.0
endommage,plastic,-2e-07,1.137e-06,-600000000.0,-84983227.3979,12.0
endommage,plastic,-2e-07,1.135e-06,-600000000.0,-84983227.3979,12.0
endommage,plastic,-2e-07,1.133e-06,-600000000.0,-84983227.3979,12.0
endommage,plastic,-2e-07,1.131e-06,-600000000.0,-84983227.3979,12.0
endommage,plastic,-2e-07,1.129e-06,-600000000.0,-84983227.3979,12.0
endommage,plastic,-2e-07,1.127e-06,-600000000.0,-84983227.3979,12.0
endommage,plastic,-2e-07,1.125e-06,-600000000.0,-84983227.3979,12.0
endommage,plastic,-2e-07,1.123e-06,-600000000.0,-84983227.3979,12.0
endommage,plastic,-2e-07,1.121e-06,-600000000.0,-84983227.3979,12.0
endommage,plastic,-2e-07,1.119e-06,-600000000.0,-84983227.3979,12.0
endommage,plastic,-2e-07,1.117e-06,-600000000.0,-84983227.3979,12.0
endommage,plastic,-2e-07,1.115e-06,-600000000.0,-84983227.3979,12.0
endommage,plastic,-2e-07,1.113e-06,-600000000.0,-84983227.3979,12.0
endommage,plastic,-2e-07,1.111e-06,-600000000.0,-84983227.3979,12.0
endommage,plastic,-2e-07,1.109e-06,-600000000.0,-84983227.3979,12.0
endommage,plastic,-2e-07,1.107e-06,-600000000.0,-84983227.3979,12.0
endommage,plastic,-2e-07,1.105e-06,-600000000.0,-84983227.3979,12.0
endommage,plastic,-2e-07,1.103e-06,-600000000.0,-84983227.3979,12.0
endommage,plastic,-2e-07,1.101e-06,-600000000.0,-84983227.3979,12.0
endommage,plastic,-2e-07,1.099e-06,-600000000.0,-84983227.3979,12.0
endommage,plastic,-2e-07,1.097e-06,-600000000.0,-84983227.3979,12.0
endommage,plastic,-2e-07,1.095e-06,-600000000.0,-84983227.3979,12.0
endommage,plastic,-2e-07,1.093e-06,-600000000.0,-84983227.3979,12.0
endommage,plastic,-2e-07,1.091e-06,-600000000.0,-84983227.3979,12.0
endommage,plastic,-2e-07,1.089e-06,-600000000.0,-84983227.3979,12.0
endommage,plastic,-2e-07,1.087e-06,-600000000.0,-84983227.3979,12.0
endommage,plastic,-2e-07,1.085e-06,-600000000.0,-84983227.3979,12.0
endommage,plastic,-2e-07,1.083e-06,-600000000.0,-84983227.3979,12.0
endommage,plastic,-2e-07,1.081e-06,-600000000.0,-84983227.3979,12.0
endommage,plastic,-2e-07,1.079e-06,-600000000.0,-84983227.3979,12.0
endommage,plastic,-2e-07,1.077e-06,-600000000.0,-84983227.3979,12.0
endommage,plastic,-2e-07,1.075e-06,-600000000.0,-84983227.3979,12.0
endommage,plastic,-2e-07,1.073e-06,-600000000.0,-84983227.3979,12.0
endommage,plastic,-2e-07,1.071e-06,-600000000.0,-84983227.3979,12.0
endommage,plastic,-2e-07,1.069e-06,-600000000.0,-84983227.3979,12.0
endommage,plastic,-2e-07,1.067e-06,-600000000.0,-84983227.3979,12.0
endommage,plastic,-2e-07,1.065e-06,-600000000.0,-84983227.3979,12.0
endommage,plastic,-2e-07,1.063e-06,-600000000.0,-84983227.3979,12.0
endommage,plastic,-2e-07,1.061e-06,-600000000.0,-84983227.3979,12.0
endommage,plastic,-2e-07,1.059e-06,-600000000.0,-84983227.3979,12.0
endommage,plastic,-2e-07,1.057e-06,-600000000.0,-84983227.3979,12.0
endommage,plastic,-2e-07,1.055e-06,-600000000.0,-84983227.3979,12.0
endommage,plastic,-2e-07,1.053e-06,-600000000.0,-84983227.3979,12.0
endommage,plastic,-2e-07,1.051e-06,-600000000.0,-84983227.3979,12.0
endommage,plastic,-2e-07,1.049e-06,-600000000.0,-84983227.3979,12.0
endommage,plastic,-2e-07,1.047e-06,-600000000.0,-84983227.3979,12.0
endommage,plastic,-2e-07,1.045e-06,-600000000.0,-84983227.3979,12.0
endommage,plastic,-2e-07,1.043e-06,-600000000.0,-84983227.3979,12.0
endommage,plastic,-2e-07,1.041e-06,-600000000.0,-84983227.3979,12.0
endommage,plastic,-2e-07,1.039e-06,-600000000.0,-84983227.3979,12.0
endommage,plastic,-2e-07,1.037e-06,-600000000.0,-84983227.3979,12.0
endommage,plastic,-2e-07,1.035e-06,-600000000.0,-84983227.3979,12.0
endommage,plastic,-2e-07,1.033e-06,-600000000.0,-84983227.3979,12.0
endommage,plastic,-2e-07,1.031e-06,-600000000.0,-84983227.3979,12.0
endommage,plastic,-2e-07,1.029e-06,-600000000.0,-84983227.3979,12.0
endommage,plastic,-2e-07,1.027e-06,-600000000.0,-84983227.3979,12.0
endommage,plastic,-2e-07,1.025e-06,-600000000.0,-84983227.3979,12.0
endommage,plastic,-2e-07,1.023e-06,-600000000.0,-84983227.3979,12.0
endommage,plastic,-2e-07,1.021e-06,-600000000.0,-84983227.3979,12.0
endommage,plastic,-2e-07,1.019e-06,-600000000.0,-84983227.3979,12.0
endommage,plastic,-2e-07,1.017e-06,-600000000.0,-84983227.3979,12.0
endommage,plastic,-2e-07,1.015e-06,-600000000.0,-84983227.3979,12.0
endommage,plastic,-2e-07,1.013e-06,-600000000.0,-84983227.3979,12.0
endommage,plastic,-2e-07,1.011e-06,-600000000.0,-84983227.3979,12.0
endommage,plastic,-2e-07,1.009e-06,-600000000.0,-84983227.3979,12.0
endommage,plastic,-2e-07,1.007e-06,-600000000.0,-84983227.3979,12.0
endommage,plastic,-2e-07,1.005e-06,-600000000.0,-84983227.3979,12.0
endommage,plastic,-2e-07,1.003e-06,-600000000.0,-84983227.3979,12.0
endommage,plastic,-2e-07,1.001e-06,-600000000.0,-84983227.3979,12.0
endommage,plastic,-2e-07,9.99e-07,-600000000.0,-84983227.3979,12.0
endommage,plastic,-2e-07,9.97e-07,-600000000.0,-84983227.3979,12.0
endommage,plastic,-2e-07,9.95e-07,-600000000.0,-84983227.3979,12.0
endommage,plastic,-2e-07,9.93e-07,-600000000.0,-84983227.3979,12.0
endommage,plastic,-2e-07,9.91e-07,-600000000.0,-84983227.3979,12.0
endommage,plastic,-2e-07,9.89e-07,-600000000.0,-84983227.3979,12.0
endommage,plastic,-2e-07,9.87e-07,-600000000.0,-84983227.3979,12.0
endommage,plastic,-2e-07,9.85e-07,-600000000.0,-84983227.3979,12.0
endommage,plastic,-2e-07,9.83e-07,-600000000.0,-84983227.3979,12.0
endommage,plastic,-2e-07,9.81e-07,-600000000.0,-84983227.3979,12.0
endommage,plastic,-2e-07,9.79e-07,-600000000.0,-84983227.3979,12.0
endommage,plastic,-2e-07,9.77e-07,-600000000.0,-84983227.3979,12.0
endommage,plastic,-2e-07,9.75e-07,-600000000.0,-84983227.3979,12.0
endommage,plastic,-2e-07,9.73e-07,-600000000.0,-84983227.3979,12.0
endommage,plastic,-2e-07,9.71e-07,-600000000.0,-84983227.3979,12.0
endommage,plastic,-2e-07,9.69e-07,-600000000.0,-84983227.3979,12.0
endommage,plastic,-2e-07,9.67e-07,-600000000.0,-84983227.3979,12.0
endommage,plastic,-2e-07,9.65e-07,-600000000.0,-84983227.3979,12.0
endommage,plastic,-2e-07,9.63e-07,-600000000.0,-84983227.3979,12.0
endommage,plastic,-2e-07,9.61e-07,-600000000.0,-84983227.3979,12.0
endommage,plastic,-2e-07,9.59e-07,-600000000.0,-84983227.3979,12.0
endommage,plastic,-2e-07,9.57e-07,-600000000.0,-84983227.3979,12.0
endommage,plastic,-2e-07,9.55e-07,-600000000.0,-84983227.3979,12.0
endommage,plastic,-2e-07,9.53e-07,-600000000.0,-84983227.3979,12.0
endommage,plastic,-2e-07,9.51e-07,-600000000.0,-84983227.3979,12.0
endommage,plastic,-2e-07,9.49e-07,-600000000.0,-84983227.3979,12.0
endommage,plastic,-2e-07,9.47e-07,-600000000.0,-84983227.3979,12.0
endommage,plastic,-2e-07,9.45e-07,-600000000.0,-84983227.3979,12.0
endommage,plastic,-2e-07,9.43e-07,-600000000.0,-84983227.3979,12.0
endommage,plastic,-2e-07,9.41e-07,-600000000.0,-84983227.3979,12.0
endommage,plastic,-2e-07,9.39e-07,-600000000.0,-84983227.3979,12.0
endommage,plastic,-2e-07,9.37e-07,-600000000.0,-84983227.3979,12.0
endommage,plastic,-2e-07,9.35e-07,-600000000.0,-84983227.3979,12.0
endommage,plastic,-2e-07,9.33e-07,-600000000.0,-84983227.3979,12.0
endommage,plastic,-2e-07,9.31e-07,-600000000.0,-84983227.3979,12.0
endommage,plastic,-2e-07,9.29e-07,-600000000.0,-84983227.3979,12.0
endommage,plastic,-2e-07,9.27e-07,-600000000.0,-84983227.3979,12.0
endommage,plastic,-2e-07,9.25e-07,-600000000.0,-84983227.3979,12.0
endommage,plastic,-2e-07,9.23e-07,-600000000.0,-84983227.3979,12.0
endommage,plastic,-2e-07,9.21e-07,-600000000.0,-84983227.3979,12.0
endommage,plastic,-2e-07,9.19e-07,-600000000.0,-84983227.3979,12.0
endommage,plastic,-2e-07,9.17e-07,-600000000.0,-84983227.3979,12.0
endommage,plastic,-2e-07,9.15e-07,-600000000.0,-84983227.3979,12.0
endommage,plastic,-2e-07,9.13e-07,-600000000.0,-84983227.3979,12.0
endommage,plastic,-2e-07,9.11e-07,-600000000.0,-84983227.3979,12.0
endommage,plastic,-2e-07,9.09e-07,-600000000.0,-84983227.3979,12.0
endommage,plastic,-2e-07,9.07e-07,-600000000.0,-84983227.3979,12.0
endommage,plastic,-2e-07,9.05e-07,-600000000.0,-84983227.3979,12.0
endommage,plastic,-2e-07,9.03e-07,-600000000.0,-84983227.3979,12.0
endommage,plastic,-2e-07,9.01e-07,-600000000.0,-84983227.3979,12.0
endommage,plastic,-2e-07,8.99e-07,-600000000.0,-84983227.3979,12.0
endommage,plastic,-2e-07,8.97e-07,-600000000.0,-84983227.3979,12.0
endommage,plastic,-2e-07,8.95e-07,-600000000.0,-84983227.3979,12.0
endommage,plastic,-2e-07,8.93e-07,-600000000.0,-84983227.3979,12.0
endommage,plastic,-2e-07,8.91e-07,-600000000.0,-84983227.3979,12.0
endommage,plastic,-2e-07,8.89e-07,-600000000.0,-84983227.3979,12.0
endommage,plastic,-2e-07,8.87e-07,-600000000.0,-84983227.3979,12.0
endommage,plastic,-2e-07,8.85e-07,-600000000.0,-84983227.3979,12.0
endommage,plastic,-2e-07,8.83e-07,-600000000.0,-84983227.3979,12.0
endommage,plastic,-2e-07,8.81e-07,-600000000.0,-84983227.3979,12.0
endommage,plastic,-2e-07,8.79e-07,-600000000.0,-84983227.3979,12.0
endommage,plastic,-2e-07,8.77e-07,-600000000.0,-84983227.3979,12.0
endommage,plastic,-2e-07,8.75e-07,-600000000.0,-84983227.3979,12.0
endommage,plastic,-2e-07,8.73e-07,-600000000.0,-84983227.3979,12.0
endommage,plastic,-2e-07,8.71e-07,-600000000.0,-84983227.3979,12.0
endommage,plastic,-2e-07,8.69e-07,-600000000.0,-84983227.3979,12.0
endommage,plastic,-2e-07,8.67e-07,-600000000.0,-84983227.3979,12.0
endommage,plastic,-2e-07,8.65e-07,-600000000.0,-84983227.3979,12.0
endommage,plastic,-2e-07,8.63e-07,-600000000.0,-84983227.3979,12.0
endommage,plastic,-2e-07,8.61e-07,-600000000.0,-84983227.3979,12.0
endommage,plastic,-2e-07,8.59e-07,-600000000.0,-84983227.3979,12.0
endommage,plastic,-2e-07,8.57e-07,-600000000.0,-84983227.3979,12.0
endommage,plastic,-2e-07,8.55e-07,-600000000.0,-84983227.3979,12.0
endommage,plastic,-2e-07,8.53e-07,-600000000.0,-84983227.3979,12.0
endommage,plastic,-2e-07,8.51e-07,-600000000.0,-84983227.3979,12.0
endommage,plastic,-2e-07,8.49e-07,-600000000.0,-84983227.3979,12.0
endommage,plastic,-2e-07,8.47e-07,-600000000.0,-84983227.3979,12.0
endommage,plastic,-2e-07,8.45e-07,-600000000.0,-84983227.3979,12.0
endommage,plastic,-2e-07,8.43e-07,-600000000.0,-84983227.3979,12.0
endommage,plastic,-2e-07,8.41e-07,-600000000.0,-84983227.3979,12.0
endommage,plastic,-2e-07,8.39e-07,-600000000.0,-84983227.3979,12.0
endommage,plastic,-2e-07,8.37e-07,-600000000.0,-84983227.3979,12.0
endommage,plastic,-2e-07,8.35e-07,-600000000.0,-84983227.3979,12.0
endommage,plastic,-2e-07,8.33e-07,-600000000.0,-84983227.3979,12.0
endommage,plastic,-2e-07,8.31e-07,-600000000.0,-84983227.3979,12.0
endommage,plastic,-2e-07,8.29e-07,-600000000.0,-84983227.3979,12.0
endommage,plastic,-2e-07,8.27e-07,-600000000.0,-84983227.3979,12.0
endommage,plastic,-2e-07,8.25e-07,-600000000.0,-84983227.3979,12.0
endommage,plastic,-2e-07,8.23e-07,-600000000.0,-84983227.3979,12.0
endommage,plastic,-2e-07,8.21e-07,-600000000.0,-84983227.3979,12.0
endommage,plastic,-2e-07,8.19e-07,-600000000.0,-84983227.3979,12.0
endommage,plastic,-2e-07,8.17e-07,-600000000.0,-84983227.3979,12.0
endommage,plastic,-2e-07,8.15e-07,-600000000.0,-84983227.3979,12.0
endommage,plastic,-2e-07,8.13e-07,-600000000.0,-84983227.3979,12.0
endommage,plastic,-2e-07,8.11e-07,-600000000.0,-84983227.3979,12.0
endommage,plastic,-2e-07,8.09e-07,-600000000.0,-84983227.3979,12.0
endommage,plastic,-2e-07,8.07e-07,-600000000.0,-84983227.3979,12.0
endommage,plastic,-2e-07,8.05e-07,-600000000.0,-84983227.3979,12.0
endommage,plastic,-2e-07,8.03e-07,-600000000.0,-84983227.3979,12.0
endommage,plastic,-2e-07,8.01e-07,-600000000.0,-84983227.3979,12.0
endommage,plastic,-2e-07,7.99e-07,-600000000.0,-84983227.3979,12.0
endommage,plastic,-2e-07,7.97e-07,-600000000.0,-84983227.3979,12.0
endommage,plastic,-2e-07,7.95e-07,-600000000.0,-84983227.3979,12.0
endommage,plastic,-2e-07,7.93e-07,-600000000.0,-84983227.3979,12.0
endommage,plastic,-2e-07,7.91e-07,-600000000.0,-84983227.3979,12.0
endommage,plastic,-2e-07,7.89e-07,-600000000.0,-84983227.3979,12.0
endommage,plastic,-2e-07,7.87e-07,-600000000.0,-84983227.3979,12.0
endommage,plastic,-2e-07,7.85e-07,-600000000.0,-84983227.3979,12.0
endommage,plastic,-2e-07,7.83e-07,-600000000.0,-84983227.3979,12.0
endommage,plastic,-2e-07,7.81e-07,-600000000.0,-84983227.3979,12.0
endommage,plastic,-2e-07,7.79e-07,-600000000.0,-84983227.3979,12.0
endommage,plastic,-2e-07,7.77e-07,-600000000.0,-84983227.3979,12.0
endommage,plastic,-2e-07,7.75e-07,-600000000.0,-84983227.3979,12.0
endommage,plastic,-2e-07,7.73e-07,-600000000.0,-84983227.3979,12.0
endommage,plastic,-2e-07,7.71e-07,-600000000.0,-84983227.3979,12.0
endommage,plastic,-2e-07,7.69e-07,-600000000.0,-84983227.3979,12.0
endommage,plastic,-2e-07,7.67e-07,-600000000.0,-84983227.3979,12.0
endommage,plastic,-2e-07,7.65e-07,-600000000.0,-84983227.3979,12.0
endommage,plastic,-2e-07,7.63e-07,-600000000.0,-84983227.3979,12.0
endommage,plastic,-2e-07,7.61e-07,-600000000.0,-84983227.3979,12.0
endommage,plastic,-2e-07,7.59e-07,-600000000.0,-84983227.3979,12.0
endommage,plastic,-2e-07,7.57e-07,-600000000.0,-84983227.3979,12.0
endommage,plastic,-2e-07,7.55e-07,-600000000.0,-84983227.3979,12.0
endommage,plastic,-2e-07,7.53e-07,-600000000.0,-84983227.3979,12.0
endommage,plastic,-2e-07,7.51e-07,-600000000.0,-84983227.3979,12.0
endommage,plastic,-2e-07,7.49e-07,-600000000.0,-84983227.3979,12.0
endommage,plastic,-2e-07,7.47e-07,-600000000.0,-84983227.3979,12.0
endommage,plastic,-2e-07,7.45e-07,-600000000.0,-84983227.3979,12.0
endommage,plastic,-2e-07,7.43e-07,-600000000.0,-84983227.3979,12.0
endommage,plastic,-2e-07,7.41e-07,-600000000.0,-84983227.3979,12.0
endommage,plastic,-2e-07,7.39e-07,-600000000.0,-84983227.3979,12.0
endommage,plastic,-2e-07,7.37e-07,-600000000.0,-84983227.3979,12.0
endommage,plastic,-2e-07,7.35e-07,-600000000.0,-84983227.3979,12.0
endommage,plastic,-2e-07,7.33e-07,-600000000.0,-84983227.3979,12.0
endommage,plastic,-2e-07,7.31e-07,-600000000.0,-84983227.3979,12.0
endommage,plastic,-2e-07,7.29e-07,-600000000.0,-84983227.3979,12.0
endommage,plastic,-2e-07,7.27e-07,-600000000.0,-84983227.3979,12.0
endommage,plastic,-2e-07,7.25e-07,-600000000.0,-84983227.3979,12.0
endommage,plastic,-2e-07,7.23e-07,-600000000.0,-84983227.3979,12.0
endommage,plastic,-2e-07,7.21e-07,-600000000.0,-84983227.3979,12.0
endommage,plastic,-2e-07,7.19e-07,-600000000.0,-84983227.3979,12.0
endommage,plastic,-2e-07,7.17e-07,-600000000.0,-84983227.3979,12.0
endommage,plastic,-2e-07,7.15e-07,-600000000.0,-84983227.3979,12.0
endommage,plastic,-2e-07,7.13e-07,-600000000.0,-84983227.3979,12.0
endommage,plastic,-2e-07,7.11e-07,-600000000.0,-84983227.3979,12.0
endommage,plastic,-2e-07,7.09e-07,-600000000.0,-84983227.3979,12.0
endommage,plastic,-2e-07,7.07e-07,-600000000.0,-84983227.3979,12.0
endommage,plastic,-2e-07,7.05e-07,-600000000.0,-84983227.3979,12.0
endommage,plastic,-2e-07,7.03e-07,-600000000.0,-84983227.3979,12.0
endommage,plastic,-2e-07,7.01e-07,-600000000.0,-84983227.3979,12.0
endommage,plastic,-2e-07,6.99e-07,-600000000.0,-84983227.3979,12.0
endommage,plastic,-2e-07,6.97e-07,-600000000.0,-84983227.3979,12.0
endommage,plastic,-2e-07,6.95e-07,-600000000.0,-84983227.3979,12.0
endommage,plastic,-2e-07,6.93e-07,-600000000.0,-84983227.3979,12.0
endommage,plastic,-2e-07,6.91e-07,-600000000.0,-84983227.3979,12.0
endommage,plastic,-2e-07,6.89e-07,-600000000.0,-84983227.3979,12.0
endommage,plastic,-2e-07,6.87e-07,-600000000.0,-84983227.3979,12.0
endommage,plastic,-2e-07,6.85e-07,-600000000.0,-84983227.3979,12.0
endommage,plastic,-2e-07,6.83e-07,-600000000.0,-84983227.3979,12.0
endommage,plastic,-2e-07,6.81e-07,-600000000.0,-84983227.3979,12.0
endommage,plastic,-2e-07,6.79e-07,-600000000.0,-84983227.3979,12.0
endommage,plastic,-2e-07,6.77e-07,-600000000.0,-84983227.3979,12.0
endommage,plastic,-2e-07,6.75e-07,-600000000.0,-84983227.3979,12.0
endommage,plastic,-2e-07,6.73e-07,-600000000.0,-84983227.3979,12.0
endommage,plastic,-2e-07,6.71e-07,-600000000.0,-84983227.3979,12.0
endommage,plastic,-2e-07,6.69e-07,-600000000.0,-84983227.3979,12.0
endommage,plastic,-2e-07,6.67e-07,-600000000.0,-84983227.3979,12.0
endommage,plastic,-2e-07,6.65e-07,-600000000.0,-84983227.3979,12.0
endommage,plastic,-2e-07,6.63e-07,-600000000.0,-84983227.3979,12.0
endommage,plastic,-2e-07,6.61e-07,-600000000.0,-84983227.3979,12.0
endommage,plastic,-2e-07,6.59e-07,-600000000.0,-84983227.3979,12.0
endommage,plastic,-2e-07,6.57e-07,-600000000.0,-84983227.3979,12.0
endommage,plastic,-2e-07,6.55e-07,-600000000.0,-84983227.3979,12.0
endommage,plastic,-2e-07,6.53e-07,-600000000.0,-84983227.3979,12.0
endommage,plastic,-2e-07,6.51e-07,-600000000.0,-84983227.3979,12.0
endommage,plastic,-2e-07,6.49e-07,-600000000.0,-84983227.3979,12.0
endommage,plastic,-2e-07,6.47e-07,-600000000.0,-84983227.3979,12.0
endommage,plastic,-2e-07,6.45e-07,-600000000.0,-84983227.3979,12.0
endommage,plastic,-2e-07,6.43e-07,-600000000.0,-84983227.3979,12.0
endommage,plastic,-2e-07,6.41e-07,-600000000.0,-84983227.3979,12.0
endommage,plastic,-2e-07,6.39e-07,-600000000.0,-84983227.3979,12.0
endommage,plastic,-2e-07,6.37e-07,-600000000.0,-84983227.3979,12.0
endommage,plastic,-2e-07,6.35e-07,-600000000.0,-84983227.3979,12.0
endommage,plastic,-2e-07,6.33e-07,-600000000.0,-84983227.3979,12.0
endommage,plastic,-2e-07,6.31e-07,-600000000.0,-84983227.3979,12.0
endommage,plastic,-2e-07,6.29e-07,-600000000.0,-84983227.3979,12.0
endommage,plastic,-2e-07,6.27e-07,-600000000.0,-84983227.3979,12.0
endommage,plastic,-2e-07,6.25e-07,-600000000.0,-84983227.3979,12.0
endommage,plastic,-2e-07,6.23e-07,-600000000.0,-84983227.3979,12.0
endommage,plastic,-2e-07,6.21e-07,-600000000.0,-84983227.3979,12.0
endommage,plastic,-2e-07,6.19e-07,-600000000.0,-84983227.3979,12.0
endommage,plastic,-2e-07,6.17e-07,-600000000.0,-84983227.3979,12.0
endommage,plastic,-2e-07,6.15e-07,-600000000.0,-84983227.3979,12.0
endommage,plastic,-2e-07,6.13e-07,-600000000.0,-84983227.3979,12.0
endommage,plastic,-2e-07,6.11e-07,-600000000.0,-84983227.3979,12.0
endommage,plastic,-2e-07,6.09e-07,-600000000.0,-84983227.3979,12.0
endommage,plastic,-2e-07,6.07e-07,-600000000.0,-84983227.3979,12.0
endommage,plastic,-2e-07,6.05e-07,-600000000.0,-84983227.3979,12.0
endommage,plastic,-2e-07,6.03e-07,-600000000.0,-84983227.3979,12.0
endommage,plastic,-2e-07,6.01e-07,-600000000.0,-84983227.3979,12.0
endommage,plastic,-2e-07,5.99e-07,-600000000.0,-84983227.3979,12.0
endommage,plastic,-2e-07,5.97e-07,-600000000.0,-84983227.3979,12.0
endommage,plastic,-2e-07,5.95e-07,-600000000.0,-84983227.3979,12.0
endommage,plastic,-2e-07,5.93e-07,-600000000.0,-84983227.3979,12.0
endommage,plastic,-2e-07,5.91e-07,-600000000.0,-84983227.3979,12.0
endommage,plastic,-2e-07,5.89e-07,-600000000.0,-84983227.3979,12.0
endommage,plastic,-2e-07,5.87e-07,-600000000.0,-84983227.3979,12.0
endommage,plastic,-2e-07,5.85e-07,-600000000.0,-84983227.3979,12.0
endommage,plastic,-2e-07,5.83e-07,-600000000.0,-84983227.3979,12.0
endommage,plastic,-2e-07,5.81e-07,-600000000.0,-84983227.3979,12.0
endommage,plastic,-2e-07,5.79e-07,-600000000.0,-84983227.3979,12.0
endommage,plastic,-2e-07,5.77e-07,-600000000.0,-84983227.3979,12.0
endommage,plastic,-2e-07,5.75e-07,-600000000.0,-84983227.3979,12.0
endommage,plastic,-2e-07,5.73e-07,-600000000.0,-84983227.3979,12.0
endommage,plastic,-2e-07,5.71e-07,-600000000.0,-84983227.3979,12.0
endommage,plastic,-2e-07,5.69e-07,-600000000.0,-84983227.3979,12.0
endommage,plastic,-2e-07,5.67e-07,-600000000.0,-84983227.3979,12.0
endommage,plastic,-2e-07,5.65e-07,-600000000.0,-84983227.3979,12.0
endommage,plastic,-2e-07,5.63e-07,-600000000.0,-84983227.3979,12.0
endommage,plastic,-2e-07,5.61e-07,-600000000.0,-84983227.3979,12.0
endommage,plastic,-2e-07,5.59e-07,-600000000.0,-84983227.3979,12.0
endommage,plastic,-2e-07,5.57e-07,-600000000.0,-84983227.3979,12.0
endommage,plastic,-2e-07,5.55e-07,-600000000.0,-84983227.3979,12.0
endommage,plastic,-2e-07,5.53e-07,-600000000.0,-84983227.3979,12.0
endommage,plastic,-2e-07,5.51e-07,-600000000.0,-84983227.3979,12.0
endommage,plastic,-2e-07,5.49e-07,-600000000.0,-84983227.3979,12.0
endommage,plastic,-2e-07,5.47e-07,-600000000.0,-84983227.3979,12.0
endommage,plastic,-2e-07,5.45e-07,-600000000.0,-84983227.3979,12.0
endommage,plastic,-2e-07,5.43e-07,-600000000.0,-84983227.3979,12.0
endommage,plastic,-2e-07,5.41e-07,-600000000.0,-84983227.3979,12.0
endommage,plastic,-2e-07,5.39e-07,-600000000.0,-84983227.3979,12.0
endommage,plastic,-2e-07,5.37e-07,-600000000.0,-84983227.3979,12.0
endommage,plastic,-2e-07,5.35e-07,-600000000.0,-84983227.3979,12.0
endommage,plastic,-2e-07,5.33e-07,-600000000.0,-84983227.3979,12.0
endommage,plastic,-2e-07,5.31e-07,-600000000.0,-84983227.3979,12.0
endommage,plastic,-2e-07,5.29e-07,-600000000.0,-84983227.3979,12.0
endommage,plastic,-2e-07,5.27e-07,-600000000.0,-84983227.3979,12.0
endommage,plastic,-2e-07,5.25e-07,-600000000.0,-84983227.3979,12.0
endommage,plastic,-2e-07,5.23e-07,-600000000.0,-84983227.3979,12.0
endommage,plastic,-2e-07,5.21e-07,-600000000.0,-84983227.3979,12.0
endommage,plastic,-2e-07,5.19e-07,-600000000.0,-84983227.3979,12.0
endommage,plastic,-2e-07,5.17e-07,-600000000.0,-84983227.3979,12.0
endommage,plastic,-2e-07,5.15e-07,-600000000.0,-84983227.3979,12.0
endommage,plastic,-2e-07,5.13e-07,-600000000.0,-84983227.3979,12.0
endommage,plastic,-2e-07,5.11e-07,-600000000.0,-84983227.3979,12.0
endommage,plastic,-2e-07,5.09e-07,-600000000.0,-84983227.3979,12.0
endommage,plastic,-2e-07,5.07e-07,-600000000.0,-84983227.3979,12.0
endommage,plastic,-2e-07,5.05e-07,-600000000.0,-84983227.3979,12.0
endommage,plastic,-2e-07,5.03e-07,-600000000.0,-84983227.3979,12.0
endommage,plastic,-2e-07,5.01e-07,-600000000.0,-84983227.3979,12.0
endommage,plastic,-2e-07,4.99e-07,-600000000.0,-84983227.3979,12.0
endommage,plastic,-2e-07,4.97e-07,-600000000.0,-84983227.3979,12.0
endommage,plastic,-2e-07,4.95e-07,-600000000.0,-84983227.3979,12.0
endommage,plastic,-2e-07,4.93e-07,-600000000.0,-84983227.3979,12.0
endommage,plastic,-2e-07,4.91e-07,-600000000.0,-84983227.3979,12.0
endommage,plastic,-2e-07,4.89e-07,-600000000.0,-84983227.3979,12.0
endommage,plastic,-2e-07,4.87e-07,-600000000.0,-84983227.3979,12.0
endommage,plastic,-2e-07,4.85e-07,-600000000.0,-84983227.3979,12.0
endommage,plastic,-2e-07,4.83e-07,-600000000.0,-84983227.3979,12.0
endommage,plastic,-2e-07,4.81e-07,-600000000.0,-84983227.3979,12.0
endommage,plastic,-2e-07,4.79e-07,-600000000.0,-84983227.3979,12.0
endommage,plastic,-2e-07,4.77e-07,-600000000.0,-84983227.3979,12.0
endommage,plastic,-2e-07,4.75e-07,-600000000.0,-84983227.3979,12.0
endommage,plastic,-2e-07,4.73e-07,-600000000.0,-84983227.3979,12.0
endommage,plastic,-2e-07,4.71e-07,-600000000.0,-84983227.3979,12.0
endommage,plastic,-2e-07,4.69e-07,-600000000.0,-84983227.3979,12.0
endommage,plastic,-2e-07,4.67e-07,-600000000.0,-84983227.3979,12.0
endommage,plastic,-2e-07,4.65e-07,-600000000.0,-84983227.3979,12.0
endommage,plastic,-2e-07,4.63e-07,-600000000.0,-84983227.3979,12.0
endommage,plastic,-2e-07,4.61e-07,-600000000.0,-84983227.3979,12.0
endommage,plastic,-2e-07,4.59e-07,-600000000.0,-84983227.3979,12.0
endommage,plastic,-2e-07,4.57e-07,-600000000.0,-84983227.3979,12.0
endommage,plastic,-2e-07,4.55e-07,-600000000.0,-84983227.3979,12.0
endommage,plastic,-2e-07,4.53e-07,-600000000.0,-84983227.3979,12.0
endommage,plastic,-2e-07,4.51e-07,-600000000.0,-84983227.3979,12.0
endommage,plastic,-2e-07,4.49e-07,-600000000.0,-84983227.3979,12.0
endommage,plastic,-2e-07,4.47e-07,-600000000.0,-84983227.3979,12.0
endommage,plastic,-2e-07,4.45e-07,-600000000.0,-84983227.3979,12.0
endommage,plastic,-2e-07,4.43e-07,-600000000.0,-84983227.3979,12.0
endommage,plastic,-2e-07,4.41e-07,-600000000.0,-84983227.3979,12.0
endommage,plastic,-2e-07,4.39e-07,-600000000.0,-84983227.3979,12.0
endommage,plastic,-2e-07,4.37e-07,-600000000.0,-84983227.3979,12.0
endommage,plastic,-2e-07,4.35e-07,-600000000.0,-84983227.3979,12.0
endommage,plastic,-2e-07,4.33e-07,-600000000.0,-84983227.3979,12.0
endommage,plastic,-2e-07,4.31e-07,-600000000.0,-84983227.3979,12.0
endommage,plastic,-2e-07,4.29e-07,-600000000.0,-84983227.3979,12.0
endommage,plastic,-2e-07,4.27e-07,-600000000.0,-84983227.3979,12.0
endommage,plastic,-2e-07,4.25e-07,-600000000.0,-84983227.3979,12.0
endommage,plastic,-2e-07,4.23e-07,-600000000.0,-84983227.3979,12.0
endommage,plastic,-2e-07,4.21e-07,-600000000.0,-84983227.3979,12.0
endommage,plastic,-2e-07,4.19e-07,-600000000.0,-84983227.3979,12.0
endommage,plastic,-2e-07,4.17e-07,-600000000.0,-84983227.3979,12.0
endommage,plastic,-2e-07,4.15e-07,-600000000.0,-84983227.3979,12.0
endommage,plastic,-2e-07,4.13e-07,-600000000.0,-84983227.3979,12.0
endommage,plastic,-2e-07,4.11e-07,-600000000.0,-84983227.3979,12.0
endommage,plastic,-2e-07,4.09e-07,-600000000.0,-84983227.3979,12.0
endommage,plastic,-2e-07,4.07e-07,-600000000.0,-84983227.3979,12.0
endommage,plastic,-2e-07,4.05e-07,-600000000.0,-84983227.3979,12.0
endommage,plastic,-2e-07,4.03e-07,-600000000.0,-84983227.3979,12.0
endommage,plastic,-2e-07,4.01e-07,-600000000.0,-84983227.3979,12.0
endommage,plastic,-2e-07,3.99e-07,-600000000.0,-84983227.3979,12.0
endommage,plastic,-2e-07,3.97e-07,-600000000.0,-84983227.3979,12.0
endommage,plastic,-2e-07,3.95e-07,-600000000.0,-84983227.3979,12.0
endommage,plastic,-2e-07,3.93e-07,-600000000.0,-84983227.3979,12.0
endommage,plastic,-2e-07,3.91e-07,-600000000.0,-84983227.3979,12.0
endommage,plastic,-2e-07,3.89e-07,-600000000.0,-84983227.3979,12.0
endommage,plastic,-2e-07,3.87e-07,-600000000.0,-84983227.3979,12.0
endommage,plastic,-2e-07,3.85e-07,-600000000.0,-84983227.3979,12.0
endommage,plastic,-2e-07,3.83e-07,-600000000.0,-84983227.3979,12.0
endommage,plastic,-2e-07,3.81e-07,-600000000.0,-84983227.3979,12.0
endommage,plastic,-2e-07,3.79e-07,-600000000.0,-84983227.3979,12.0
endommage,plastic,-2e-07,3.77e-07,-600000000.0,-84983227.3979,12.0
endommage,plastic,-2e-07,3.75e-07,-600000000.0,-84983227.3979,12.0
endommage,plastic,-2e-07,3.73e-07,-600000000.0,-84983227.3979,12.0
endommage,plastic,-2e-07,3.71e-07,-600000000.0,-84983227.3979,12.0
endommage,plastic,-2e-07,3.69e-07,-600000000.0,-84983227.3979,12.0
endommage,plastic,-2e-07,3.67e-07,-600000000.0,-84983227.3979,12.0
endommage,plastic,-2e-07,3.65e-07,-600000000.0,-84983227.3979,12.0
endommage,plastic,-2e-07,3.63e-07,-600000000.0,-84983227.3979,12.0
endommage,plastic,-2e-07,3.61e-07,-600000000.0,-84983227.3979,12.0
endommage,plastic,-2e-07,3.59e-07,-600000000.0,-84983227.3979,12.0
endommage,plastic,-2e-07,3.57e-07,-600000000.0,-84983227.3979,12.0
endommage,plastic,-2e-07,3.55e-07,-600000000.0,-84983227.3979,12.0
endommage,plastic,-2e-07,3.53e-07,-600000000.0,-84983227.3979,12.0
endommage,plastic,-2e-07,3.51e-07,-600000000.0,-84983227.3979,12.0
endommage,plastic,-2e-07,3.49e-07,-600000000.0,-84983227.3979,12.0
endommage,plastic,-2e-07,3.47e-07,-600000000.0,-84983227.3979,12.0
endommage,plastic,-2e-07,3.45e-07,-600000000.0,-84983227.3979,12.0
endommage,plastic,-2e-07,3.43e-07,-600000000.0,-84983227.3979,12.0
endommage,plastic,-2e-07,3.41e-07,-600000000.0,-84983227.3979,12.0
endommage,plastic,-2e-07,3.39e-07,-600000000.0,-84983227.3979,12.0
endommage,plastic,-2e-07,3.37e-07,-600000000.0,-84983227.3979,12.0
endommage,plastic,-2e-07,3.35e-07,-600000000.0,-84983227.3979,12.0
endommage,plastic,-2e-07,3.33e-07,-600000000.0,-84983227.3979,12.0
endommage,plastic,-2e-07,3.31e-07,-600000000.0,-84983227.3979,12.0
endommage,plastic,-2e-07,3.29e-07,-600000000.0,-84983227.3979,12.0
endommage,plastic,-2e-07,3.27e-07,-600000000.0,-84983227.3979,12.0
endommage,plastic,-2e-07,3.25e-07,-600000000.0,-84983227.3979,12.0
endommage,plastic,-2e-07,3.23e-07,-600000000.0,-84983227.3979,12.0
endommage,plastic,-2e-07,3.21e-07,-600000000.0,-84983227.3979,12.0
endommage,plastic,-2e-07,3.19e-07,-600000000.0,-84983227.3979,12.0
endommage,plastic,-2e-07,3.17e-07,-600000000.0,-84983227.3979,12.0
endommage,plastic,-2e-07,3.15e-07,-600000000.0,-84983227.3979,12.0
endommage,plastic,-2e-07,3.13e-07,-600000000.0,-84983227.3979,12.0
endommage,plastic,-2e-07,3.11e-07,-600000000.0,-84983227.3979,12.0
endommage,plastic,-2e-07,3.09e-07,-600000000.0,-84983227.3979,12.0
endommage,plastic,-2e-07,3.07e-07,-600000000.0,-84983227.3979,12.0
endommage,plastic,-2e-07,3.05e-07,-600000000.0,-84983227.3979,12.0
endommage,plastic,-2e-07,3.03e-07,-600000000.0,-84983227.3979,12.0
endommage,plastic,-2e-07,3.01e-07,-600000000.0,-84983227.3979,12.0
endommage,plastic,-2e-07,2.99e-07,-600000000.0,-84983227.3979,12.0
endommage,plastic,-2e-07,2.97e-07,-600000000.0,-84983227.3979,12.0
endommage,plastic,-2e-07,2.95e-07,-600000000.0,-84983227.3979,12.0
endommage,plastic,-2e-07,2.93e-07,-600000000.0,-84983227.3979,12.0
endommage,plastic,-2e-07,2.91e-07,-600000000.0,-84983227.3979,12.0
endommage,plastic,-2e-07,2.89e-07,-600000000.0,-84983227.3979,12.0
endommage,plastic,-2e-07,2.87e-07,-600000000.0,-84983227.3979,12.0
endommage,plastic,-2e-07,2.85e-07,-600000000.0,-84983227.3979,12.0
endommage,plastic,-2e-07,2.83e-07,-600000000.0,-84983227.3979,12.0
endommage,plastic,-2e-07,2.81e-07,-600000000.0,-84983227.3979,12.0
endommage,plastic,-2e-07,2.79e-07,-600000000.0,-84983227.3979,12.0
endommage,plastic,-2e-07,2.77e-07,-600000000.0,-84983227.3979,12.0
endommage,plastic,-2e-07,2.75e-07,-600000000.0,-84983227.3979,12.0
endommage,plastic,-2e-07,2.73e-07,-600000000.0,-84983227.3979,12.0
endommage,plastic,-2e-07,2.71e-07,-600000000.0,-84983227.3979,12.0
endommage,plastic,-2e-07,2.69e-07,-600000000.0,-84983227.3979,12.0
endommage,plastic,-2e-07,2.67e-07,-600000000.0,-84983227.3979,12.0
endommage,plastic,-2e-07,2.65e-07,-600000000.0,-84983227.3979,12.0
endommage,plastic,-2e-07,2.63e-07,-600000000.0,-84983227.3979,12.0
endommage,plastic,-2e-07,2.61e-07,-600000000.0,-84983227.3979,12.0
endommage,plastic,-2e-07,2.59e-07,-600000000.0,-84983227.3979,12.0
endommage,plastic,-2e-07,2.57e-07,-600000000.0,-84983227.3979,12.0
endommage,plastic,-2e-07,2.55e-07,-600000000.0,-84983227.3979,12.0
endommage,plastic,-2e-07,2.53e-07,-600000000.0,-84983227.3979,12.0
endommage,plastic,-2e-07,2.51e-07,-600000000.0,-84983227.3979,12.0
endommage,plastic,-2e-07,2.49e-07,-600000000.0,-84983227.3979,12.0
endommage,plastic,-2e-07,2.47e-07,-600000000.0,-84983227.3979,12.0
endommage,plastic,-2e-07,2.45e-07,-600000000.0,-84983227.3979,12.0
endommage,plastic,-2e-07,2.43e-07,-600000000.0,-84983227.3979,12.0
endommage,plastic,-2e-07,2.41e-07,-600000000.0,-84983227.3979,12.0
endommage,plastic,-2e-07,2.39e-07,-600000000.0,-84983227.3979,12.0
endommage,plastic,-2e-07,2.37e-07,-600000000.0,-84983227.3979,12.0
endommage,plastic,-2e-07,2.35e-07,-600000000.0,-84983227.3979,12.0
endommage,plastic,-2e-07,2.33e-07,-600000000.0,-84983227.3979,12.0
endommage,plastic,-2e-07,2.31e-07,-600000000.0,-84983227.3979,12.0
endommage,plastic,-2e-07,2.29e-07,-600000000.0,-84983227.3979,12.0
endommage,plastic,-2e-07,2.27e-07,-600000000.0,-84983227.3979,12.0
endommage,plastic,-2e-07,2.25e-07,-600000000.0,-84983227.3979,12.0
endommage,plastic,-2e-07,2.23e-07,-600000000.0,-84983227.3979,12.0
endommage,plastic,-2e-07,2.21e-07,-600000000.0,-84983227.3979,12.0
endommage,plastic,-2e-07,2.19e-07,-600000000.0,-84983227.3979,12.0
endommage,plastic,-2e-07,2.17e-07,-600000000.0,-84983227.3979,12.0
endommage,plastic,-2e-07,2.15e-07,-600000000.0,-84983227.3979,12.0
endommage,plastic,-2e-07,2.13e-07,-600000000.0,-84983227.3979,12.0
endommage,plastic,-2e-07,2.11e-07,-600000000.0,-84983227.3979,12.0
endommage,plastic,-2e-07,2.09e-07,-600000000.0,-84983227.3979,12.0
endommage,plastic,-2e-07,2.07e-07,-600000000.0,-84983227.3979,12.0
endommage,plastic,-2e-07,2.05e-07,-600000000.0,-84983227.3979,12.0
endommage,plastic,-2e-07,2.03e-07,-600000000.0,-84983227.3979,12.0
endommage,plastic,-2e-07,2.01e-07,-600000000.0,-84983227.3979,12.0
endommage,plastic,-2e-07,1.99e-07,-600000000.0,-84983227.3979,12.0
endommage,plastic,-2e-07,1.97e-07,-600000000.0,-84983227.3979,12.0
endommage,plastic,-2e-07,1.95e-07,-600000000.0,-84983227.3979,12.0
endommage,plastic,-2e-07,1.93e-07,-600000000.0,-84983227.3979,12.0
endommage,plastic,-2e-07,1.91e-07,-600000000.0,-84983227.3979,12.0
endommage,plastic,-2e-07,1.89e-07,-600000000.0,-84983227.3979,12.0
endommage,plastic,-2e-07,1.87e-07,-600000000.0,-84983227.3979,12.0
endommage,plastic,-2e-07,1.85e-07,-600000000.0,-84983227.3979,12.0
endommage,plastic,-2e-07,1.83e-07,-600000000.0,-84983227.3979,12.0
endommage,plastic,-2e-07,1.81e-07,-600000000.0,-84983227.3979,12.0
endommage,plastic,-2e-07,1.79e-07,-600000000.0,-84983227.3979,12.0
endommage,plastic,-2e-07,1.77e-07,-600000000.0,-84983227.3979,12.0
endommage,plastic,-2e-07,1.75e-07,-600000000.0,-84983227.3979,12.0
endommage,plastic,-2e-07,1.73e-07,-600000000.0,-84983227.3979,12.0
endommage,plastic,-2e-07,1.71e-07,-600000000.0,-84983227.3979,12.0
endommage,plastic,-2e-07,1.69e-07,-600000000.0,-84983227.3979,12.0
endommage,plastic,-2e-07,1.67e-07,-600000000.0,-84983227.3979,12.0
endommage,plastic,-2e-07,1.65e-07,-600000000.0,-84983227.3979,12.0
endommage,plastic,-2e-07,1.63e-07,-600000000.0,-84983227.3979,12.0
endommage,plastic,-2e-07,1.61e-07,-600000000.0,-84983227.3979,12.0
endommage,plastic,-2e-07,1.59e-07,-600000000.0,-84983227.3979,12.0
endommage,plastic,-2e-07,1.57e-07,-600000000.0,-84983227.3979,12.0
endommage,plastic,-2e-07,1.55e-07,-600000000.0,-84983227.3979,12.0
endommage,plastic,-2e-07,1.53e-07,-600000000.0,-84983227.3979,12.0
endommage,plastic,-2e-07,1.51e-07,-600000000.0,-84983227.3979,12.0
endommage,plastic,-2e-07,1.49e-07,-600000000.0,-84983227.3979,12.0
endommage,plastic,-2e-07,1.47e-07,-600000000.0,-84983227.3979,12.0
endommage,plastic,-2e-07,1.45e-07,-600000000.0,-84983227.3979,12.0
endommage,plastic,-2e-07,1.43e-07,-600000000.0,-84983227.3979,12.0
endommage,plastic,-2e-07,1.41e-07,-600000000.0,-84983227.3979,12.0
endommage,plastic,-2e-07,1.39e-07,-600000000.0,-84983227.3979,12.0
endommage,plastic,-2e-07,1.37e-07,-600000000.0,-84983227.3979,12.0
endommage,plastic,-2e-07,1.35e-07,-600000000.0,-84983227.3979,12.0
endommage,plastic,-2e-07,1.33e-07,-600000000.0,-84983227.3979,12.0
endommage,plastic,-2e-07,1.31e-07,-600000000.0,-84983227.3979,12.0
endommage,plastic,-2e-07,1.29e-07,-600000000.0,-84983227.3979,12.0
endommage,plastic,-2e-07,1.27e-07,-600000000.0,-84983227.3979,12.0
endommage,plastic,-2e-07,1.25e-07,-600000000.0,-84983227.3979,12.0
endommage,plastic,-2e-07,1.23e-07,-600000000.0,-84983227.3979,12.0
endommage,plastic,-2e-07,1.21e-07,-600000000.0,-84983227.3979,12.0
endommage,plastic,-2e-07,1.19e-07,-600000000.0,-84983227.3979,12.0
endommage,plastic,-2e-07,1.17e-07,-600000000.0,-84983227.3979,12.0
endommage,plastic,-2e-07,1.15e-07,-600000000.0,-84983227.3979,12.0
endommage,plastic,-2e-07,1.13e-07,-600000000.0,-84983227.3979,12.0
endommage,plastic,-2e-07,1.11e-07,-600000000.0,-84983227.3979,12.0
endommage,plastic,-2e-07,1.09e-07,-600000000.0,-84983227.3979,12.0
endommage,plastic,-2e-07,1.07e-07,-600000000.0,-84983227.3979,12.0
endommage,plastic,-2e-07,1.05e-07,-600000000.0,-84983227.3979,12.0
endommage,plastic,-2e-07,1.03e-07,-600000000.0,-84983227.3979,12.0
endommage,plastic,-2e-07,1.01e-07,-600000000.0,-84983227.3979,12.0
endommage,plastic,-2e-07,9.9e-08,-600000000.0,-84983227.3979,12.0
endommage,plastic,-2e-07,9.7e-08,-600000000.0,-84983227.3979,12.0
endommage,plastic,-2e-07,9.5e-08,-600000000.0,-84983227.3979,12.0
endommage,plastic,-2e-07,9.3e-08,-600000000.0,-84983227.3979,12.0
endommage,plastic,-2e-07,9.1e-08,-600000000.0,-84983227.3979,12.0
endommage,plastic,-2e-07,8.9e-08,-600000000.0,-84983227.3979,12.0
endommage,plastic,-2e-07,8.7e-08,-600000000.0,-84983227.3979,12.0
endommage,plastic,-2e-07,8.5e-08,-600000000.0,-84983227.3979,12.0
endommage,plastic,-2e-07,8.29999999999e-08,-600000000.0,-84983227.3979,12.0
endommage,plastic,-2e-07,8.1e-08,-600000000.0,-84983227.3979,12.0
endommage,plastic,-2e-07,7.9e-08,-600000000.0,-84983227.3979,12.0
endommage,plastic,-2e-07,7.7e-08,-600000000.0,-84983227.3979,12.0
endommage,plastic,-2e-07,7.5e-08,-600000000.0,-84983227.3979,12.0
endommage,plastic,-2e-07,7.3e-08,-600000000.0,-84983227.3979,12.0
endommage,plastic,-2e-07,7.1e-08,-600000000.0,-84983227.3979,12.0
endommage,plastic,-2e-07,6.89999999999e-08,-600000000.0,-84983227.3979,12.0
endommage,plastic,-2e-07,6.7e-08,-600000000.0,-84983227.3979,12.0
endommage,plastic,-2e-07,6.5e-08,-600000000.0,-84983227.3979,12.0
endommage,plastic,-2e-07,6.3e-08,-600000000.0,-84983227.3979,12.0
endommage,plastic,-2e-07,6.1e-08,-600000000.0,-84983227.3979,12.0
endommage,plastic,-2e-07,5.9e-08,-600000000.0,-84983227.3979,12.0
endommage,plastic,-2e-07,5.7e-08,-600000000.0,-84983227.3979,12.0
endommage,plastic,-2e-07,5.50000000001e-08,-600000000.0,-84983227.3979,12.0
endommage,plastic,-2e-07,5.3e-08,-600000000.0,-84983227.3979,12.0
endommage,plastic,-2e-07,5.1e-08,-600000000.0,-84983227.3979,12.0
endommage,plastic,-2e-07,4.9e-08,-600000000.0,-84983227.3979,12.0
endommage,plastic,-2e-07,4.7e-08,-600000000.0,-84983227.3979,12.0
endommage,plastic,-2e-07,4.5e-08,-600000000.0,-84983227.3979,12.0
endommage,plastic,-2e-07,4.3e-08,-600000000.0,-84983227.3979,12.0
endommage,plastic,-2e-07,4.10000000001e-08,-600000000.0,-84983227.3979,12.0
endommage,plastic,-2e-07,3.9e-08,-600000000.0,-84983227.3979,12.0
endommage,plastic,-2e-07,3.7e-08,-600000000.0,-84983227.3979,12.0
endommage,plastic,-2e-07,3.5e-08,-600000000.0,-84983227.3979,12.0
endommage,plastic,-2e-07,3.3e-08,-600000000.0,-84983227.3979,12.0
endommage,plastic,-2e-07,3.1e-08,-600000000.0,-84983227.3979,12.0
endommage,plastic,-2e-07,2.9e-08,-600000000.0,-84983227.3979,12.0
endommage,plastic,-2e-07,2.7e-08,-600000000.0,-84983227.3979,12.0
endommage,plastic,-2e-07,2.5e-08,-600000000.0,-84983227.3979,12.0
endommage,plastic,-2e-07,2.3e-08,-600000000.0,-84983227.3979,12.0
endommage,plastic,-2e-07,2.1e-08,-600000000.0,-84983227.3979,12.0
endommage,plastic,-2e-07,1.9e-08,-600000000.0,-84983227.3979,12.0
endommage,plastic,-2e-07,1.7e-08,-600000000.0,-84983227.3979,12.0
endommage,plastic,-2e-07,1.5e-08,-600000000.0,-84983227.3979,12.0
endommage,plastic,-2e-07,1.3e-08,-600000000.0,-84983227.3979,12.0
endommage,plastic,-2e-07,1.1e-08,-600000000.0,-84983227.3979,12.0
endommage,plastic,-2e-07,9.00000000002e-09,-600000000.0,-84983227.3979,12.0
endommage,plastic,-2e-07,7e-09,-600000000.0,-84983227.3979,12.0
endommage,plastic,-2e-07,4.99999999999e-09,-600000000.0,-84983227.3979,12.0
endommage,plastic,-2e-07,2.99999999997e-09,-600000000.0,-84983227.3979,12.0
endommage,plastic,-2e-07,9.99999999954e-10,-600000000.0,-84983227.3979,12.0
endommage,plastic,-1.99e-07,0.0,-597000000.0,-84569433.82376666,13.0
endommage,plastic,-1.97e-07,0.0,-591000000.0,-83741846.6755,13.0
endommage,plastic,-1.95e-07,0.0,-585000000.0,-82914259.5272,13.0
endommage,plastic,-1.93e-07,0.0,-579000000.0,-82086672.3789,13.0
endommage,plastic,-1.91e-07,0.0,-573000000.0,-81259085.2306,13.0
endommage,plastic,-1.89e-07,0.0,-567000000.0,-80431498.0824,13.0
endommage,plastic,-1.87e-07,0.0,-561000000.0,-79603910.9341,13.0
endommage,plastic,-1.85e-07,0.0,-555000000.0,-78776323.7858,13.0
endommage,plastic,-1.83e-07,0.0,-549000000.0,-77948736.6375,13.0
endommage,plastic,-1.81e-07,0.0,-543000000.0,-77121149.4892,13.0
endommage,plastic,-1.79e-07,0.0,-537000000.0,-76293562.3409,13.0
endommage,plastic,-1.77e-07,0.0,-531000000.0,-75465975.1926,13.0
endommage,plastic,-1.75e-07,0.0,-525000000.0,-74638388.0444,13.0
endommage,plastic,-1.73e-07,0.0,-519000000.0,-73810800.8961,13.0
endommage,plastic,-1.71e-07,0.0,-513000000.0,-72983213.7478,13.0
endommage,plastic,-1.69e-07,0.0,-507000000.0,-72155626.5995,13.0
endommage,plastic,-1.67e-07,0.0,-501000000.0,-71328039.45126666,13.0
endommage,plastic,-1.65e-07,0.0,-495000000.0,-70500452.303,13.0
endommage,plastic,-1.63e-07,0.0,-489000000.0,-69672865.1547,13.0
endommage,plastic,-1.61e-07,0.0,-483000000.0,-68845278.0064,13.0
endommage,plastic,-1.59e-07,0.0,-477000000.0,-68017690.8581,13.0
endommage,plastic,-1.57e-07,0.0,-471000000.0,-67190103.7098,13.0
endommage,plastic,-1.55e-07,0.0,-465000000.0,-66362516.56149999,13.0
endommage,plastic,-1.53e-07,0.0,-459000000.0,-65534929.4133,13.0
endommage,plastic,-1.51e-07,0.0,-453000000.0,-64707342.26500001,13.0
endommage,plastic,-1.49e-07,0.0,-447000000.0,-63879755.1167,13.0
endommage,plastic,-1.47e-07,0.0,-441000000.0,-63052167.9684,13.0
endommage,plastic,-1.45e-07,0.0,-435000000.0,-62224580.8201,13.0
endommage,plastic,-1.43e-07,0.0,-429000000.0,-61396993.671799995,13.0
endommage,plastic,-1.41e-07,0.0,-423000000.0,-60569406.523600005,13.0
endommage,plastic,-1.39e-07,0.0,-417000000.0,-59741819.3753,13.0
endommage,plastic,-1.37e-07,0.0,-411000000.0,-58914232.227,13.0
endommage,plastic,-1.35e-07,0.0,-405000000.0,-58086645.0787,13.0
endommage,plastic,-1.33e-07,0.0,-399000000.0,-57259057.9305,13.0
endommage,plastic,-1.31e-07,0.0,-393000000.0,-56431470.7822,13.0
endommage,plastic,-1.29e-07,0.0,-387000000.0,-55603883.63390001,13.0
endommage,plastic,-1.27e-07,0.0,-381000000.0,-54776296.4856,13.0
endommage,plastic,-1.25e-07,0.0,-375000000.0,-53948709.3373,13.0
endommage,plastic,-1.23e-07,0.0,-369000000.0,-53121122.189,13.0
endommage,plastic,-1.21e-07,0.0,-363000000.0,-52293535.040699996,13.0
endommage,plastic,-1.19e-07,0.0,-357000000.0,-51465947.892500006,13.0
endommage,plastic,-1.17e-07,0.0,-351000000.0,-50638360.7442,13.0
endommage,plastic,-1.15e-07,0.0,-345000000.0,-49810773.5959,13.0
endommage,plastic,-1.13e-07,0.0,-339000000.0,-48983186.4476,13.0
endommage,plastic,-1.11e-07,0.0,-333000000.0,-48155599.29929999,13.0
endommage,plastic,-1.09e-07,0.0,-327000000.0,-47328012.15106667,13.0
endommage,plastic,-1.07e-07,0.0,-321000000.0,-46500425.00280001,13.0
endommage,plastic,-1.05e-07,0.0,-315000000.0,-45672837.8545,13.0
endommage,plastic,-1.03e-07,0.0,-309000000.0,-44845250.7062,13.0
endommage,plastic,-1.01e-07,0.0,-303000000.0,-44017663.5579,13.0
endommage,plastic,-9.9e-08,0.0,-297000000.0,-43190076.4097,13.0
endommage,plastic,-9.7e-08,0.0,-291000000.0,-42362489.2614,13.0
endommage,plastic,-9.5e-08,0.0,-285000000.0,-41534902.1131,13.0
endommage,plastic,-9.29999999999e-08,0.0,-279000000.0,-40707314.9648,13.0
endommage,plastic,-9.1e-08,0.0,-273000000.0,-39879727.8165,13.0
endommage,plastic,-8.9e-08,0.0,-267000000.0,-39052140.6682,13.0
endommage,plastic,-8.7e-08,0.0,-261000000.0,-38224553.5199,13.0
endommage,plastic,-8.5e-08,0.0,-255000000.0,-37396966.3717,13.0
endommage,plastic,-8.3e-08,0.0,-249000000.0,-36569379.2234,13.0
endommage,plastic,-8.1e-08,0.0,-243000000.0,-35741792.0751,13.0
endommage,plastic,-7.90000000001e-08,0.0,-237000000.0,-34914204.926866665,13.0
endommage,plastic,-7.7e-08,0.0,-231000000.0,-34086617.7786,13.0
endommage,plastic,-7.5e-08,0.0,-225000000.0,-33259030.6303,13.0
endommage,plastic,-7.3e-08,0.0,-219000000.0,-32431443.482000005,13.0
endommage,plastic,-7.1e-08,0.0,-213000000.0,-31603856.3337,13.0
endommage,plastic,-6.9e-08,0.0,-207000000.0,-30776269.185399998,13.0
endommage,plastic,-6.7e-08,0.0,-201000000.0,-29948682.0371,13.0
endommage,plastic,-6.5e-08,0.0,-195000000.0,-29121094.8889,13.0
endommage,plastic,-6.3e-08,0.0,-189000000.0,-28293507.7406,13.0
endommage,plastic,-6.1e-08,0.0,-183000000.0,-27465920.5923,13.0
endommage,plastic,-5.9e-08,0.0,-177000000.0,-26638333.443999995,13.0
endommage,plastic,-5.7e-08,0.0,-171000000.0,-25810746.2957,13.0
endommage,plastic,-5.5e-08,0.0,-165000000.0,-24983159.147400003,13.0
endommage,plastic,-5.3e-08,0.0,-159000000.0,-24155571.9991,13.0
endommage,plastic,-5.1e-08,0.0,-153000000.0,-23327984.850900006,13.0
endommage,plastic,-4.9e-08,0.0,-147000000.0,-22500397.7026,13.0
endommage,plastic,-4.7e-08,0.0,-141000000.0,-21672810.5543,13.0
endommage,plastic,-4.49999999999e-08,0.0,-135000000.0,-20845223.406,13.0
endommage,plastic,-4.3e-08,0.0,-129000000.0,-20017636.2578,13.0
endommage,plastic,-4.1e-08,0.0,-123000000.0,-19190049.1095,13.0
endommage,plastic,-3.9e-08,0.0,-117000000.0,-18362461.9612,13.0
endommage,plastic,-3.7e-08,0.0,-111000000.0,-17534874.8129,13.0
endommage,plastic,-3.5e-08,0.0,-105000000.0,-16707287.6646,13.0
endommage,plastic,-3.3e-08,0.0,-98999999.9999,-15879700.5163,13.0
endommage,plastic,-3.09999999999e-08,0.0,-92999999.99980001,-15052113.368,13.0
endommage,plastic,-2.9e-08,0.0,-87000000.0001,-14224526.219800001,13.0
endommage,plastic,-2.7e-08,0.0,-81000000.0,-13396939.071499998,13.0
endommage,plastic,-2.5e-08,0.0,-74999999.9999,-12569351.923200002,13.0
endommage,plastic,-2.3e-08,0.0,-69000000.0001,-11741764.774899999,13.0
endommage,plastic,-2.1e-08,0.0,-63000000.0,-10914177.6266,13.0
endommage,origin,-2.1e-08,0.0,-63000000.0,0.0,13.0
endommage,origin,-2e-08,9.99999999954e-10,-60000000.0,19174.056274866667,10.0
endommage,origin,-2e-08,2.99999999997e-09,-60000000.0,57522.16882596666,10.0
endommage,origin,-2e-08,4.99999999999e-09,-60000000.0,95870.28137639999,10.0
endommage,origin,-2e-08,7e-09,-60000000.0,134218.393928,10.0
endommage,origin,-2e-08,9.00000000002e-09,-60000000.0,172566.506479,10.0
endommage,origin,-2e-08,1.1e-08,-60000000.0,210914.61902933335,10.0
endommage,origin,-2e-08,1.3e-08,-60000000.0,249262.73158033332,10.0
endommage,origin,-2e-08,1.5e-08,-60000000.0,287610.84413033334,10.0
endommage,origin,-2e-08,1.7e-08,-60000000.0,325958.9566813333,10.0
endommage,origin,-2e-08,1.9e-08,-60000000.0,364307.0692316666,10.0
endommage,origin,-2e-08,2.1e-08,-60000000.0,402655.181783,10.0
endommage,origin,-2e-08,2.3e-08,-60000000.0,441003.294334,10.0
endommage,origin,-2e-08,2.5e-08,-60000000.0,479351.40688433335,10.0
endommage,origin,-2e-08,2.7e-08,-60000000.0,517699.5194356667,10.0
endommage,origin,-2e-08,2.9e-08,-60000000.0,556047.6319853333,10.0
endommage,origin,-2e-08,3.1e-08,-60000000.0,594395.7445356665,10.0
endommage,origin,-2e-08,3.3e-08,-60000000.0,632743.8570866667,10.0
endommage,origin,-2e-08,3.5e-08,-60000000.0,671091.969638,10.0
endommage,origin,-2e-08,3.7e-08,-60000000.0,709440.0821889999,10.0
endommage,origin,-2e-08,3.9e-08,-60000000.0,747788.1947393334,10.0
endommage,origin,-2e-08,4.10000000001e-08,-60000000.0,786136.3072906667,10.0
endommage,origin,-2e-08,4.3e-08,-60000000.0,824484.4198403334,10.0
endommage,origin,-2e-08,4.5e-08,-60000000.0,862832.5323906667,10.0
endommage,origin,-2e-08,4.7e-08,-60000000.0,901180.6449416667,10.0
endommage,origin,-2e-08,4.9e-08,-60000000.0,939528.757493,10.0
endommage,origin,-2e-08,5.1e-08,-60000000.0,977876.870044,10.0
endommage,origin,-2e-08,5.3e-08,-60000000.0,1016224.98259,10.0
endommage,origin,-2e-08,5.50000000001e-08,-60000000.0,1054573.0951466665,10.0
endommage,origin,-2e-08,5.7e-08,-60000000.0,1092921.2076933335,10.0
endommage,origin,-2e-08,5.9e-08,-60000000.0,1131269.32025,10.0
endommage,origin,-2e-08,6.1e-08,-60000000.0,1169617.4328,10.0
endommage,origin,-2e-08,6.3e-08,-60000000.0,1207965.54535,10.0
endommage,origin,-2e-08,6.5e-08,-60000000.0,1246313.6579,10.0
endommage,origin,-2e-08,6.7e-08,-60000000.0,1284661.77045,10.0
endommage,origin,-2e-08,6.89999999999e-08,-60000000.0,1323009.883,10.0
endommage,origin,-2e-08,7.1e-08,-60000000.0,1361357.99555,10.0
endommage,origin,-2e-08,7.3e-08,-60000000.0,1399706.1081,10.0
endommage,origin,-2e-08,7.5e-08,-60000000.0,1438054.2206499998,10.0
endommage,origin,-2e-08,7.7e-08,-60000000.0,1476402.3332,10.0
endommage,origin,-2e-08,7.9e-08,-60000000.0,1514750.44575,10.0
endommage,origin,-2e-08,8.1e-08,-60000000.0,1553098.5583,10.0
endommage,origin,-2e-08,8.29999999999e-08,-60000000.0,1591446.67085,10.0
endommage,origin,-2e-08,8.5e-08,-60000000.0,1629794.7834066665,10.0
endommage,origin,-2e-08,8.7e-08,-60000000.0,1668142.89596,10.0
endommage,origin,-2e-08,8.9e-08,-60000000.0,1706491.00851,10.0
endommage,origin,-2e-08,9.1e-08,-60000000.0,1744839.12106,10.0
endommage,origin,-2e-08,9.3e-08,-60000000.0,1783187.2336099998,10.0
endommage,origin,-2e-08,9.5e-08,-60000000.0,1821535.34616,10.0
endommage,origin,-2e-08,9.7e-08,-60000000.0,1859883.45871,10.0
endommage,origin,-2e-08,9.9e-08,-60000000.0,1898231.5712600003,10.0
endommage,origin,-2e-08,1.01e-07,-60000000.0,1936579.68381,10.0
endommage,origin,-2e-08,1.03e-07,-60000000.0,1974927.79636,10.0
endommage,origin,-2e-08,1.05e-07,-60000000.0,2013275.90891,10.0
endommage,origin,-2e-08,1.07e-07,-60000000.0,2051624.0214599997,10.0
endommage,origin,-2e-08,1.09e-07,-60000000.0,2089972.1340133334,10.0
endommage,origin,-2e-08,1.11e-07,-60000000.0,2128320.2465633336,10.0
endommage,origin,-2e-08,1.13e-07,-60000000.0,2166668.3591166665,10.0
endommage,origin,-2e-08,1.15e-07,-60000000.0,2205016.47167,10.0
endommage,origin,-2e-08,1.17e-07,-60000000.0,2243364.58422,10.0
endommage,origin,-2e-08,1.19e-07,-60000000.0,2281712.69677,10.0
endommage,origin,-2e-08,1.21e-07,-60000000.0,2320060.80932,10.0
endommage,origin,-2e-08,1.23e-07,-60000000.0,2358408.92187,10.0
endommage,origin,-2e-08,1.25e-07,-60000000.0,2396757.03442,10.0
endommage,origin,-2e-08,1.27e-07,-60000000.0,2435105.14697,10.0
endommage,origin,-2e-08,1.29e-07,-60000000.0,2473453.25952,10.0
endommage,origin,-2e-08,1.31e-07,-60000000.0,2511801.37207,10.0
endommage,origin,-2e-08,1.33e-07,-60000000.0,2550149.48462,10.0
endommage,origin,-2e-08,1.35e-07,-60000000.0,2588497.59717,10.0
endommage,origin,-2e-08,1.37e-07,-60000000.0,2626845.7097233334,10.0
endommage,origin,-2e-08,1.39e-07,-60000000.0,2665193.822273333,10.0
endommage,origin,-2e-08,1.41e-07,-60000000.0,2703541.93483,10.0
endommage,origin,-2e-08,1.43e-07,-60000000.0,2741890.04738,10.0
endommage,origin,-2e-08,1.45e-07,-60000000.0,2780238.15993,10.0
endommage,origin,-2e-08,1.47e-07,-60000000.0,2818586.27248,10.0
endommage,origin,-2e-08,1.49e-07,-60000000.0,2856934.38503,10.0
endommage,origin,-2e-08,1.51e-07,-60000000.0,2895282.4975800007,10.0
endommage,origin,-2e-08,1.53e-07,-60000000.0,2933630.6101299995,10.0
endommage,origin,-2e-08,1.55e-07,-60000000.0,2971978.72268,10.0
endommage,origin,-2e-08,1.57e-07,-60000000.0,3010326.83523,10.0
endommage,origin,-2e-08,1.59e-07,-60000000.0,3048674.94778,10.0
endommage,origin,-2e-08,1.61e-07,-60000000.0,3087023.06033,10.0
endommage,origin,-2e-08,1.63e-07,-60000000.0,3125371.17288,10.0
endommage,origin,-2e-08,1.65e-07,-60000000.0,3163719.285436666,10.0
endommage,origin,-2e-08,1.67e-07,-60000000.0,3202067.397983333,10.0
endommage,origin,-2e-08,1.69e-07,-60000000.0,3240415.510536667,10.0
endommage,origin,-2e-08,1.71e-07,-60000000.0,3278763.6230900004,10.0
endommage,origin,-2e-08,1.73e-07,-60000000.0,3317111.73564,10.0
endommage,origin,-2e-08,1.75e-07,-60000000.0,3355459.84819,10.0
endommage,origin,-2e-08,1.77e-07,-60000000.0,3393807.96074,10.0
endommage,origin,-2e-08,1.79e-07,-60000000.0,3432156.07329,10.0
endommage,origin,-2e-08,1.81e-07,-60000000.0,3470504.18584,10.0
endommage,origin,-2e-08,1.83e-07,-60000000.0,3508852.2983899997,10.0
endommage,origin,-2e-08,1.85e-07,-60000000.0,3547200.4109400003,10.0
endommage,origin,-2e-08,1.87e-07,-60000000.0,3585548.52349,10.0
endommage,origin,-2e-08,1.89e-07,-60000000.0,3623896.63604,10.0
endommage,origin,-2e-08,1.91e-07,-60000000.0,3662244.74859,10.0
endommage,origin,-2e-08,1.93e-07,-60000000.0,3700592.86114,10.0
endommage,origin,-2e-08,1.95e-07,-60000000.0,3738940.9736933336,10.0
endommage,origin,-2e-08,1.97e-07,-60000000.0,3777289.086246667,10.0
endommage,origin,-2e-08,1.99e-07,-60000000.0,3815637.1988,10.0
endommage,origin,-2e-08,2.01e-07,-60000000.0,3853985.3113500006,10.0
endommage,origin,-2e-08,2.03e-07,-60000000.0,3892333.4238999994,10.0
endommage,origin,-2e-08,2.05e-07,-60000000.0,3930681.53645,10.0
endommage,origin,-2e-08,2.07e-07,-60000000.0,3969029.649,10.0
endommage,origin,-2e-08,2.09e-07,-60000000.0,4007377.76155,10.0
endommage,origin,-2e-08,2.11e-07,-60000000.0,4045725.8741,10.0
endommage,origin,-2e-08,2.13e-07,-60000000.0,4084073.98665,10.0
endommage,origin,-2e-08,2.15e-07,-60000000.0,4122422.0992000005,10.0
endommage,origin,-2e-08,2.17e-07,-60000000.0,4160770.2117499993,10.0
endommage,origin,-2e-08,2.19e-07,-60000000.0,4199118.3243,10.0
endommage,origin,-2e-08,2.21e-07,-60000000.0,4237466.43685,10.0
endommage,origin,-2e-08,2.23e-07,-60000000.0,4275814.549403333,10.0
endommage,origin,-2e-08,2.25e-07,-60000000.0,4314162.66196,10.0
endommage,origin,-2e-08,2.27e-07,-60000000.0,4352510.77451,10.0
endommage,origin,-2e-08,2.29e-07,-60000000.0,4390858.88706,10.0
endommage,origin,-2e-08,2.31e-07,-60000000.0,4429206.99961,10.0
endommage,origin,-2e-08,2.33e-07,-60000000.0,4467555.11216,10.0
endommage,origin,-2e-08,2.35e-07,-60000000.0,4505903.22471,10.0
endommage,origin,-2e-08,2.37e-07,-60000000.0,4544251.33726,10.0
endommage,origin,-2e-08,2.39e-07,-60000000.0,4582599.44981,10.0
endommage,origin,-2e-08,2.41e-07,-60000000.0,4620947.56236,10.0
endommage,origin,-2e-08,2.43e-07,-60000000.0,4659295.67491,10.0
endommage,origin,-2e-08,2.45e-07,-60000000.0,4697643.78746,10.0
endommage,origin,-2e-08,2.47e-07,-60000000.0,4735991.90001,10.0
endommage,origin,-2e-08,2.49e-07,-60000000.0,4774340.01256,10.0
endommage,origin,-2e-08,2.51e-07,-60000000.0,4812688.125113334,10.0
endommage,origin,-2e-08,2.53e-07,-60000000.0,4851036.23767,10.0
endommage,origin,-2e-08,2.55e-07,-60000000.0,4889384.35022,10.0
endommage,origin,-2e-08,2.57e-07,-60000000.0,4927732.46277,10.0
endommage,origin,-2e-08,2.59e-07,-60000000.0,4966080.57532,10.0
endommage,origin,-2e-08,2.61e-07,-60000000.0,5004428.68787,10.0
endommage,origin,-2e-08,2.63e-07,-60000000.0,5042776.80042,10.0
endommage,origin,-2e-08,2.65e-07,-60000000.0,5081124.91297,10.0
endommage,origin,-2e-08,2.67e-07,-60000000.0,5119473.02552,10.0
endommage,origin,-2e-08,2.69e-07,-60000000.0,5157821.13807,10.0
endommage,origin,-2e-08,2.71e-07,-60000000.0,5196169.25062,10.0
endommage,origin,-2e-08,2.73e-07,-60000000.0,5234517.36317,10.0
endommage,origin,-2e-08,2.75e-07,-60000000.0,5272865.47572,10.0
endommage,origin,-2e-08,2.77e-07,-60000000.0,5311213.58827,10.0
endommage,origin,-2e-08,2.79e-07,-60000000.0,5349561.70082,10.0
endommage,origin,-2e-08,2.81e-07,-60000000.0,5387909.81338,10.0
endommage,origin,-2e-08,2.83e-07,-60000000.0,5426257.92593,10.0
endommage,origin,-2e-08,2.85e-07,-60000000.0,5464606.03848,10.0
endommage,origin,-2e-08,2.87e-07,-60000000.0,5502954.15103,10.0
endommage,origin,-2e-08,2.89e-07,-60000000.0,5541302.26358,10.0
endommage,origin,-2e-08,2.91e-07,-60000000.0,5579650.37613,10.0
endommage,origin,-2e-08,2.93e-07,-60000000.0,5617998.48868,10.0
endommage,origin,-2e-08,2.95e-07,-60000000.0,5656346.60123,10.0
endommage,origin,-2e-08,2.97e-07,-60000000.0,5694694.71378,10.0
endommage,origin,-2e-08,2.99e-07,-60000000.0,5733042.82633,10.0
endommage,origin,-2e-08,3.01e-07,-60000000.0,5771390.93888,10.0
endommage,origin,-2e-08,3.03e-07,-60000000.0,5809739.051429999,10.0
endommage,origin,-2e-08,3.05e-07,-60000000.0,5848087.16398,10.0
endommage,origin,-2e-08,3.07e-07,-60000000.0,5886435.27653,10.0
endommage,origin,-2e-08,3.09e-07,-60000000.0,5924783.389089999,10.0
endommage,origin,-2e-08,3.11e-07,-60000000.0,5963131.50164,10.0
endommage,origin,-2e-08,3.13e-07,-60000000.0,6001479.61419,10.0
endommage,origin,-2e-08,3.15e-07,-60000000.0,6039827.72674,10.0
endommage,origin,-2e-08,3.17e-07,-60000000.0,6078175.83929,10.0
endommage,origin,-2e-08,3.19e-07,-60000000.0,6116523.951840001,10.0
endommage,origin,-2e-08,3.21e-07,-60000000.0,6154872.06439,10.0
endommage,origin,-2e-08,3.23e-07,-60000000.0,6193220.176939999,10.0
endommage,origin,-2e-08,3.25e-07,-60000000.0,6231568.28949,10.0
endommage,origin,-2e-08,3.27e-07,-60000000.0,6269916.40204,10.0
endommage,origin,-2e-08,3.29e-07,-60000000.0,6308264.51459,10.0
endommage,origin,-2e-08,3.31e-07,-60000000.0,6346612.62714,10.0
endommage,origin,-2e-08,3.33e-07,-60000000.0,6384960.739693333,10.0
endommage,origin,-2e-08,3.35e-07,-60000000.0,6423308.852246667,10.0
endommage,origin,-2e-08,3.37e-07,-60000000.0,6461656.9648,10.0
endommage,origin,-2e-08,3.39e-07,-60000000.0,6500005.077350001,10.0
endommage,origin,-2e-08,3.41e-07,-60000000.0,6538353.1899,10.0
endommage,origin,-2e-08,3.43e-07,-60000000.0,6576701.30245,10.0
endommage,origin,-2e-08,3.45e-07,-60000000.0,6615049.415,10.0
endommage,origin,-2e-08,3.47e-07,-60000000.0,6653397.52755,10.0
endommage,origin,-2e-08,3.49e-07,-60000000.0,6691745.6400999995,10.0
endommage,origin,-2e-08,3.51e-07,-60000000.0,6730093.75265,10.0
endommage,origin,-2e-08,3.53e-07,-60000000.0,6768441.865200001,10.0
endommage,origin,-2e-08,3.55e-07,-60000000.0,6806789.97775,10.0
endommage,origin,-2e-08,3.57e-07,-60000000.0,6845138.0903,10.0
endommage,origin,-2e-08,3.59e-07,-60000000.0,6883486.20285,10.0
endommage,origin,-2e-08,3.61e-07,-60000000.0,6921834.315403334,10.0
endommage,origin,-2e-08,3.63e-07,-60000000.0,6960182.427956667,10.0
endommage,origin,-2e-08,3.65e-07,-60000000.0,6998530.54051,10.0
endommage,origin,-2e-08,3.67e-07,-60000000.0,7036878.65306,10.0
endommage,origin,-2e-08,3.69e-07,-60000000.0,7075226.765609999,10.0
endommage,origin,-2e-08,3.71e-07,-60000000.0,7113574.87816,10.0
endommage,origin,-2e-08,3.73e-07,-60000000.0,7151922.9907100005,10.0
endommage,origin,-2e-08,3.75e-07,-60000000.0,7190271.10326,10.0
endommage,origin,-2e-08,3.77e-07,-60000000.0,7228619.21581,10.0
endommage,origin,-2e-08,3.79e-07,-60000000.0,7266967.32836,10.0
endommage,origin,-2e-08,3.81e-07,-60000000.0,7305315.44091,10.0
endommage,origin,-2e-08,3.83e-07,-60000000.0,7343663.553459999,10.0
endommage,origin,-2e-08,3.85e-07,-60000000.0,7382011.66601,10.0
endommage,origin,-2e-08,3.87e-07,-60000000.0,7420359.7785600005,10.0
endommage,origin,-2e-08,3.89e-07,-60000000.0,7458707.891113333,10.0
endommage,origin,-2e-08,3.91e-07,-60000000.0,7497056.003666666,10.0
endommage,origin,-2e-08,3.93e-07,-60000000.0,7535404.11622,10.0
endommage,origin,-2e-08,3.95e-07,-60000000.0,7573752.22877,10.0
endommage,origin,-2e-08,3.97e-07,-60000000.0,7612100.34132,10.0
endommage,origin,-2e-08,3.99e-07,-60000000.0,7650448.453870001,10.0
endommage,origin,-2e-08,4.01e-07,-60000000.0,7688796.56642,10.0
endommage,origin,-2e-08,4.03e-07,-60000000.0,7727144.678969999,10.0
endommage,origin,-2e-08,4.05e-07,-60000000.0,7765492.79152,10.0
endommage,origin,-2e-08,4.07e-07,-60000000.0,7803840.90407,10.0
endommage,origin,-2e-08,4.09e-07,-60000000.0,7842189.01662,10.0
endommage,origin,-2e-08,4.11e-07,-60000000.0,7880537.12917,10.0
endommage,origin,-2e-08,4.13e-07,-60000000.0,7918885.241720001,10.0
endommage,origin,-2e-08,4.15e-07,-60000000.0,7957233.35427,10.0
endommage,origin,-2e-08,4.17e-07,-60000000.0,7995581.466819999,10.0
endommage,origin,-2e-08,4.19e-07,-60000000.0,8033929.579376668,10.0
endommage,origin,-2e-08,4.21e-07,-60000000.0,8072277.69193,10.0
endommage,origin,-2e-08,4.23e-07,-60000000.0,8110625.80448,10.0
endommage,origin,-2e-08,4.25e-07,-60000000.0,8148973.91703,10.0
endommage,origin,-2e-08,4.27e-07,-60000000.0,8187322.02958,10.0
endommage,origin,-2e-08,4.29e-07,-60000000.0,8225670.14213,10.0
endommage,origin,-2e-08,4.31e-07,-60000000.0,8264018.25468,10.0
endommage,origin,-2e-08,4.33e-07,-60000000.0,8302366.367230001,10.0
endommage,origin,-2e-08,4.35e-07,-60000000.0,8340714.47978,10.0
endommage,origin,-2e-08,4.37e-07,-60000000.0,8379062.59233,10.0
endommage,origin,-2e-08,4.39e-07,-60000000.0,8417410.70488,10.0
endommage,origin,-2e-08,4.41e-07,-60000000.0,8455758.81743,10.0
endommage,origin,-2e-08,4.43e-07,-60000000.0,8494106.92998,10.0
endommage,origin,-2e-08,4.45e-07,-60000000.0,8532455.04253,10.0
endommage,origin,-2e-08,4.47e-07,-60000000.0,8570803.15509,10.0
endommage,origin,-2e-08,4.49e-07,-60000000.0,8609151.26764,10.0
endommage,origin,-2e-08,4.51e-07,-60000000.0,8647499.38019,10.0
endommage,origin,-2e-08,4.53e-07,-60000000.0,8685847.49274,10.0
endommage,origin,-2e-08,4.55e-07,-60000000.0,8724195.60529,10.0
endommage,origin,-2e-08,4.57e-07,-60000000.0,8762543.71784,10.0
endommage,origin,-2e-08,4.59e-07,-60000000.0,8800891.83039,10.0
endommage,origin,-2e-08,4.61e-07,-60000000.0,8839239.94294,10.0
endommage,origin,-2e-08,4.63e-07,-60000000.0,8877588.05549,10.0
endommage,origin,-2e-08,4.65e-07,-60000000.0,8915936.16804,10.0
endommage,origin,-2e-08,4.67e-07,-60000000.0,8954284.28059,10.0
endommage,origin,-2e-08,4.69e-07,-60000000.0,8992632.39314,10.0
endommage,origin,-2e-08,4.71e-07,-60000000.0,9030980.50569,10.0
endommage,origin,-2e-08,4.73e-07,-60000000.0,9069328.61824,10.0
endommage,origin,-2e-08,4.75e-07,-60000000.0,9107676.7308,10.0
endommage,origin,-2e-08,4.77e-07,-60000000.0,9146024.84335,10.0
endommage,origin,-2e-08,4.79e-07,-60000000.0,9184372.9559,10.0
endommage,origin,-2e-08,4.81e-07,-60000000.0,9222721.06845,10.0
endommage,origin,-2e-08,4.83e-07,-60000000.0,9261069.181,10.0
endommage,origin,-2e-08,4.85e-07,-60000000.0,9299417.29355,10.0
endommage,origin,-2e-08,4.87e-07,-60000000.0,9337765.4061,10.0
endommage,origin,-2e-08,4.89e-07,-60000000.0,9376113.51865,10.0
endommage,origin,-2e-08,4.91e-07,-60000000.0,9414461.6312,10.0
endommage,origin,-2e-08,4.93e-07,-60000000.0,9452809.74375,10.0
endommage,origin,-2e-08,4.95e-07,-60000000.0,9491157.8563,10.0
endommage,origin,-2e-08,4.97e-07,-60000000.0,9529505.96885,10.0
endommage,origin,-2e-08,4.99e-07,-60000000.0,9567854.0814,10.0
endommage,origin,-2e-08,5.01e-07,-60000000.0,9606202.19395,10.0
endommage,origin,-2e-08,5.03e-07,-60000000.0,9644550.30651,10.0
endommage,origin,-2e-08,5.05e-07,-60000000.0,9682898.41906,10.0
endommage,origin,-2e-08,5.07e-07,-60000000.0,9721246.53161,10.0
endommage,origin,-2e-08,5.09e-07,-60000000.0,9759594.64416,10.0
endommage,origin,-2e-08,5.11e-07,-60000000.0,9797942.75671,10.0
endommage,origin,-2e-08,5.13e-07,-60000000.0,9836290.86926,10.0
endommage,origin,-2e-08,5.15e-07,-60000000.0,9874638.98181,10.0
endommage,origin,-2e-08,5.17e-07,-60000000.0,9912987.09436,10.0
endommage,origin,-2e-08,5.19e-07,-60000000.0,9951335.20691,10.0
endommage,origin,-2e-08,5.21e-07,-60000000.0,9989683.31946,10.0
endommage,origin,-2e-08,5.23e-07,-60000000.0,10028031.432,10.0
endommage,origin,-2e-08,5.25e-07,-60000000.0,10066379.5446,10.0
endommage,origin,-2e-08,5.27e-07,-60000000.0,10104727.6571,10.0
endommage,origin,-2e-08,5.29e-07,-60000000.0,10143075.7697,10.0
endommage,origin,-2e-08,5.31e-07,-60000000.0,10181423.8822,10.0
endommage,origin,-2e-08,5.33e-07,-60000000.0,10219771.9948,10.0
endommage,origin,-2e-08,5.35e-07,-60000000.0,10258120.1073,10.0
endommage,origin,-2e-08,5.37e-07,-60000000.0,10296468.2199,10.0
endommage,origin,-2e-08,5.39e-07,-60000000.0,10334816.3324,10.0
endommage,origin,-2e-08,5.41e-07,-60000000.0,10373164.445,10.0
endommage,origin,-2e-08,5.43e-07,-60000000.0,10411512.5575,10.0
endommage,origin,-2e-08,5.45e-07,-60000000.0,10449860.6701,10.0
endommage,origin,-2e-08,5.47e-07,-60000000.0,10488208.7826,10.0
endommage,origin,-2e-08,5.49e-07,-60000000.0,10526556.8952,10.0
endommage,origin,-2e-08,5.51e-07,-60000000.0,10564905.0077,10.0
endommage,origin,-2e-08,5.53e-07,-60000000.0,10603253.1203,10.0
endommage,origin,-2e-08,5.55e-07,-60000000.0,10641601.2328,10.0
endommage,origin,-2e-08,5.57e-07,-60000000.0,10679949.3454,10.0
endommage,origin,-2e-08,5.59e-07,-60000000.0,10718297.4579,10.0
endommage,origin,-2e-08,5.61e-07,-60000000.0,10756645.5705,10.0
endommage,origin,-2e-08,5.63e-07,-60000000.0,10794993.683,10.0
endommage,origin,-2e-08,5.65e-07,-60000000.0,10833341.7956,10.0
endommage,origin,-2e-08,5.67e-07,-60000000.0,10871689.9081,10.0
endommage,origin,-2e-08,5.69e-07,-60000000.0,10910038.0207,10.0
endommage,origin,-2e-08,5.71e-07,-60000000.0,10948386.1332,10.0
endommage,origin,-2e-08,5.73e-07,-60000000.0,10986734.2458,10.0
endommage,origin,-2e-08,5.75e-07,-60000000.0,11025082.3583,10.0
endommage,origin,-2e-08,5.77e-07,-60000000.0,11063430.4709,10.0
endommage,origin,-2e-08,5.79e-07,-60000000.0,11101778.5834,10.0
endommage,origin,-2e-08,5.81e-07,-60000000.0,11140126.696,10.0
endommage,origin,-2e-08,5.83e-07,-60000000.0,11178474.8085,10.0
endommage,origin,-2e-08,5.85e-07,-60000000.0,11216822.9211,10.0
endommage,origin,-2e-08,5.87e-07,-60000000.0,11255171.0336,10.0
endommage,origin,-2e-08,5.89e-07,-60000000.0,11293519.1462,10.0
endommage,origin,-2e-08,5.91e-07,-60000000.0,11331867.2587,10.0
endommage,origin,-2e-08,5.93e-07,-60000000.0,11370215.371300003,10.0
endommage,origin,-2e-08,5.95e-07,-60000000.0,11408563.4838,10.0
endommage,origin,-2e-08,5.97e-07,-60000000.0,11446911.5964,10.0
endommage,origin,-2e-08,5.99e-07,-60000000.0,11485259.708899999,10.0
endommage,origin,-2e-08,6.01e-07,-60000000.0,11523607.821499998,10.0
endommage,origin,-2e-08,6.03e-07,-60000000.0,11561955.934,10.0
endommage,origin,-2e-08,6.05e-07,-60000000.0,11600304.0466,10.0
endommage,origin,-2e-08,6.07e-07,-60000000.0,11638652.159100002,10.0
endommage,origin,-2e-08,6.09e-07,-60000000.0,11677000.2717,10.0
endommage,origin,-2e-08,6.11e-07,-60000000.0,11715348.3842,10.0
endommage,origin,-2e-08,6.13e-07,-60000000.0,11753696.4968,10.0
endommage,origin,-2e-08,6.15e-07,-60000000.0,11792044.6093,10.0
endommage,origin,-2e-08,6.17e-07,-60000000.0,11830392.7219,10.0
endommage,origin,-2e-08,6.19e-07,-60000000.0,11868740.8344,10.0
endommage,origin,-2e-08,6.21e-07,-60000000.0,11907088.947000002,10.0
endommage,origin,-2e-08,6.23e-07,-60000000.0,11945437.0595,10.0
endommage,origin,-2e-08,6.25e-07,-60000000.0,11983785.1721,10.0
endommage,origin,-2e-08,6.27e-07,-60000000.0,12022133.284666667,10.0
endommage,origin,-2e-08,6.29e-07,-60000000.0,12060481.397199998,10.0
endommage,origin,-2e-08,6.31e-07,-60000000.0,12098829.5098,10.0
endommage,origin,-2e-08,6.33e-07,-60000000.0,12137177.6223,10.0
endommage,origin,-2e-08,6.35e-07,-60000000.0,12175525.7349,10.0
endommage,origin,-2e-08,6.37e-07,-60000000.0,12213873.8474,10.0
endommage,origin,-2e-08,6.39e-07,-60000000.0,12252221.96,10.0
endommage,origin,-2e-08,6.41e-07,-60000000.0,12290570.0725,10.0
endommage,origin,-2e-08,6.43e-07,-60000000.0,12328918.185099998,10.0
endommage,origin,-2e-08,6.45e-07,-60000000.0,12367266.2976,10.0
endommage,origin,-2e-08,6.47e-07,-60000000.0,12405614.4102,10.0
endommage,origin,-2e-08,6.49e-07,-60000000.0,12443962.522700002,10.0
endommage,origin,-2e-08,6.51e-07,-60000000.0,12482310.635300001,10.0
endommage,origin,-2e-08,6.53e-07,-60000000.0,12520658.7478,10.0
endommage,origin,-2e-08,6.55e-07,-60000000.0,12559006.8604,10.0
endommage,origin,-2e-08,6.57e-07,-60000000.0,12597354.972899998,10.0
endommage,origin,-2e-08,6.59e-07,-60000000.0,12635703.0855,10.0
endommage,origin,-2e-08,6.61e-07,-60000000.0,12674051.198,10.0
endommage,origin,-2e-08,6.63e-07,-60000000.0,12712399.3106,10.0
endommage,origin,-2e-08,6.65e-07,-60000000.0,12750747.4231,10.0
endommage,origin,-2e-08,6.67e-07,-60000000.0,12789095.5357,10.0
endommage,origin,-2e-08,6.69e-07,-60000000.0,12827443.6482,10.0
endommage,origin,-2e-08,6.71e-07,-60000000.0,12865791.760799998,10.0
endommage,origin,-2e-08,6.73e-07,-60000000.0,12904139.8733,10.0
endommage,origin,-2e-08,6.75e-07,-60000000.0,12942487.9859,10.0
endommage,origin,-2e-08,6.77e-07,-60000000.0,12980836.098400002,10.0
endommage,origin,-2e-08,6.79e-07,-60000000.0,13019184.211000001,10.0
endommage,origin,-2e-08,6.81e-07,-60000000.0,13057532.3235,10.0
endommage,origin,-2e-08,6.83e-07,-60000000.0,13095880.4361,10.0
endommage,origin,-2e-08,6.85e-07,-60000000.0,13134228.548599998,10.0
endommage,origin,-2e-08,6.87e-07,-60000000.0,13172576.6612,10.0
endommage,origin,-2e-08,6.89e-07,-60000000.0,13210924.7737,10.0
endommage,origin,-2e-08,6.91e-07,-60000000.0,13249272.8863,10.0
endommage,origin,-2e-08,6.93e-07,-60000000.0,13287620.9988,10.0
endommage,origin,-2e-08,6.95e-07,-60000000.0,13325969.1114,10.0
endommage,origin,-2e-08,6.97e-07,-60000000.0,13364317.2239,10.0
endommage,origin,-2e-08,6.99e-07,-60000000.0,13402665.336499998,10.0
endommage,origin,-2e-08,7.01e-07,-60000000.0,13441013.449,10.0
endommage,origin,-2e-08,7.03e-07,-60000000.0,13479361.5616,10.0
endommage,origin,-2e-08,7.05e-07,-60000000.0,13517709.674100002,10.0
endommage,origin,-2e-08,7.07e-07,-60000000.0,13556057.786700001,10.0
endommage,origin,-2e-08,7.09e-07,-60000000.0,13594405.8992,10.0
endommage,origin,-2e-08,7.11e-07,-60000000.0,13632754.0118,10.0
endommage,origin,-2e-08,7.13e-07,-60000000.0,13671102.124299997,10.0
endommage,origin,-2e-08,7.15e-07,-60000000.0,13709450.2369,10.0
endommage,origin,-2e-08,7.17e-07,-60000000.0,13747798.3494,10.0
endommage,origin,-2e-08,7.19e-07,-60000000.0,13786146.462,10.0
endommage,origin,-2e-08,7.21e-07,-60000000.0,13824494.5745,10.0
endommage,origin,-2e-08,7.23e-07,-60000000.0,13862842.6871,10.0
endommage,origin,-2e-08,7.25e-07,-60000000.0,13901190.7996,10.0
endommage,origin,-2e-08,7.27e-07,-60000000.0,13939538.912199998,10.0
endommage,origin,-2e-08,7.29e-07,-60000000.0,13977887.0247,10.0
endommage,origin,-2e-08,7.31e-07,-60000000.0,14016235.1373,10.0
endommage,origin,-2e-08,7.33e-07,-60000000.0,14054583.249800002,10.0
endommage,origin,-2e-08,7.35e-07,-60000000.0,14092931.3624,10.0
endommage,origin,-2e-08,7.37e-07,-60000000.0,14131279.4749,10.0
endommage,origin,-2e-08,7.39e-07,-60000000.0,14169627.5875,10.0
endommage,origin,-2e-08,7.41e-07,-60000000.0,14207975.699999997,10.0
endommage,origin,-2e-08,7.43e-07,-60000000.0,14246323.8126,10.0
endommage,origin,-2e-08,7.45e-07,-60000000.0,14284671.9251,10.0
endommage,origin,-2e-08,7.47e-07,-60000000.0,14323020.0377,10.0
endommage,origin,-2e-08,7.49e-07,-60000000.0,14361368.1502,10.0
endommage,origin,-2e-08,7.51e-07,-60000000.0,14399716.2628,10.0
endommage,origin,-2e-08,7.53e-07,-60000000.0,14438064.3753,10.0
endommage,origin,-2e-08,7.55e-07,-60000000.0,14476412.487899998,10.0
endommage,origin,-2e-08,7.57e-07,-60000000.0,14514760.6004,10.0
endommage,origin,-2e-08,7.59e-07,-60000000.0,14553108.713,10.0
endommage,origin,-2e-08,7.61e-07,-60000000.0,14591456.825500002,10.0
endommage,origin,-2e-08,7.63e-07,-60000000.0,14629804.9381,10.0
endommage,origin,-2e-08,7.65e-07,-60000000.0,14668153.0506,10.0
endommage,origin,-2e-08,7.67e-07,-60000000.0,14706501.1632,10.0
endommage,origin,-2e-08,7.69e-07,-60000000.0,14744849.275799999,10.0
endommage,origin,-2e-08,7.71e-07,-60000000.0,14783197.3883,10.0
endommage,origin,-2e-08,7.73e-07,-60000000.0,14821545.5009,10.0
endommage,origin,-2e-08,7.75e-07,-60000000.0,14859893.6134,10.0
endommage,origin,-2e-08,7.77e-07,-60000000.0,14898241.726000002,10.0
endommage,origin,-2e-08,7.79e-07,-60000000.0,14936589.8385,10.0
endommage,origin,-2e-08,7.81e-07,-60000000.0,14974937.9511,10.0
endommage,origin,-2e-08,7.83e-07,-60000000.0,15013286.063599998,10.0
endommage,origin,-2e-08,7.85e-07,-60000000.0,15051634.1762,10.0
endommage,origin,-2e-08,7.87e-07,-60000000.0,15089982.2887,10.0
endommage,origin,-2e-08,7.89e-07,-60000000.0,15128330.4013,10.0
endommage,origin,-2e-08,7.91e-07,-60000000.0,15166678.5138,10.0
endommage,origin,-2e-08,7.93e-07,-60000000.0,15205026.6264,10.0
endommage,origin,-2e-08,7.95e-07,-60000000.0,15243374.7389,10.0
endommage,origin,-2e-08,7.97e-07,-60000000.0,15281722.851499999,10.0
endommage,origin,-2e-08,7.99e-07,-60000000.0,15320070.964,10.0
endommage,origin,-2e-08,8.01e-07,-60000000.0,15358419.0766,10.0
endommage,origin,-2e-08,8.03e-07,-60000000.0,15396767.1891,10.0
endommage,origin,-2e-08,8.05e-07,-60000000.0,15435115.301700002,10.0
endommage,origin,-2e-08,8.07e-07,-60000000.0,15473463.4142,10.0
endommage,origin,-2e-08,8.09e-07,-60000000.0,15511811.5268,10.0
endommage,origin,-2e-08,8.11e-07,-60000000.0,15550159.639299998,10.0
endommage,origin,-2e-08,8.13e-07,-60000000.0,15588507.7519,10.0
endommage,origin,-2e-08,8.15e-07,-60000000.0,15626855.8644,10.0
endommage,origin,-2e-08,8.17e-07,-60000000.0,15665203.977,10.0
endommage,origin,-2e-08,8.19e-07,-60000000.0,15703552.0895,10.0
endommage,origin,-2e-08,8.21e-07,-60000000.0,15741900.2021,10.0
endommage,origin,-2e-08,8.23e-07,-60000000.0,15780248.3146,10.0
endommage,origin,-2e-08,8.25e-07,-60000000.0,15818596.427199999,10.0
endommage,origin,-2e-08,8.27e-07,-60000000.0,15856944.5397,10.0
endommage,origin,-2e-08,8.29e-07,-60000000.0,15895292.6523,10.0
endommage,origin,-2e-08,8.31e-07,-60000000.0,15933640.7648,10.0
endommage,origin,-2e-08,8.33e-07,-60000000.0,15971988.877400002,10.0
endommage,origin,-2e-08,8.35e-07,-60000000.0,16010336.9899,10.0
endommage,origin,-2e-08,8.37e-07,-60000000.0,16048685.1025,10.0
endommage,origin,-2e-08,8.39e-07,-60000000.0,16087033.214999998,10.0
endommage,origin,-2e-08,8.41e-07,-60000000.0,16125381.3276,10.0
endommage,origin,-2e-08,8.43e-07,-60000000.0,16163729.4401,10.0
endommage,origin,-2e-08,8.45e-07,-60000000.0,16202077.5527,10.0
endommage,origin,-2e-08,8.47e-07,-60000000.0,16240425.6652,10.0
endommage,origin,-2e-08,8.49e-07,-60000000.0,16278773.7778,10.0
endommage,origin,-2e-08,8.51e-07,-60000000.0,16317121.8903,10.0
endommage,origin,-2e-08,8.53e-07,-60000000.0,16355470.002899999,10.0
endommage,origin,-2e-08,8.55e-07,-60000000.0,16393818.1154,10.0
endommage,origin,-2e-08,8.57e-07,-60000000.0,16432166.228,10.0
endommage,origin,-2e-08,8.59e-07,-60000000.0,16470514.340500003,10.0
endommage,origin,-2e-08,8.61e-07,-60000000.0,16508862.453100001,10.0
endommage,origin,-2e-08,8.63e-07,-60000000.0,16547210.5656,10.0
endommage,origin,-2e-08,8.65e-07,-60000000.0,16585558.6782,10.0
endommage,origin,-2e-08,8.67e-07,-60000000.0,16623906.790699998,10.0
endommage,origin,-2e-08,8.69e-07,-60000000.0,16662254.9033,10.0
endommage,origin,-2e-08,8.71e-07,-60000000.0,16700603.0158,10.0
endommage,origin,-2e-08,8.73e-07,-60000000.0,16738951.1284,10.0
endommage,origin,-2e-08,8.75e-07,-60000000.0,16777299.2409,10.0
endommage,origin,-2e-08,8.77e-07,-60000000.0,16815647.3535,10.0
endommage,origin,-2e-08,8.79e-07,-60000000.0,16853995.466,10.0
endommage,origin,-2e-08,8.81e-07,-60000000.0,16892343.5786,10.0
endommage,origin,-2e-08,8.83e-07,-60000000.0,16930691.6911,10.0
endommage,origin,-2e-08,8.85e-07,-60000000.0,16969039.8037,10.0
endommage,origin,-2e-08,8.87e-07,-60000000.0,17007387.9162,10.0
endommage,origin,-2e-08,8.89e-07,-60000000.0,17045736.0288,10.0
endommage,origin,-2e-08,8.91e-07,-60000000.0,17084084.1413,10.0
endommage,origin,-2e-08,8.93e-07,-60000000.0,17122432.2539,10.0
endommage,origin,-2e-08,8.95e-07,-60000000.0,17160780.3664,10.0
endommage,origin,-2e-08,8.97e-07,-60000000.0,17199128.479,10.0
endommage,origin,-2e-08,8.99e-07,-60000000.0,17237476.5915,10.0
endommage,origin,-2e-08,9.01e-07,-60000000.0,17275824.7041,10.0
endommage,origin,-2e-08,9.03e-07,-60000000.0,17314172.8166,10.0
endommage,origin,-2e-08,9.05e-07,-60000000.0,17352520.9292,10.0
endommage,origin,-2e-08,9.07e-07,-60000000.0,17390869.0418,10.0
endommage,origin,-2e-08,9.09e-07,-60000000.0,17429217.1543,10.0
endommage,origin,-2e-08,9.11e-07,-60000000.0,17467565.2669,10.0
endommage,origin,-2e-08,9.13e-07,-60000000.0,17505913.3794,10.0
endommage,origin,-2e-08,9.15e-07,-60000000.0,17544261.492,10.0
endommage,origin,-2e-08,9.17e-07,-60000000.0,17582609.6045,10.0
endommage,origin,-2e-08,9.19e-07,-60000000.0,17620957.7171,10.0
endommage,origin,-2e-08,9.21e-07,-60000000.0,17659305.8296,10.0
endommage,origin,-2e-08,9.23e-07,-60000000.0,17697653.9422,10.0
endommage,origin,-2e-08,9.25e-07,-60000000.0,17736002.0547,10.0
endommage,origin,-2e-08,9.27e-07,-60000000.0,17774350.1673,10.0
endommage,origin,-2e-08,9.29e-07,-60000000.0,17812698.2798,10.0
endommage,origin,-2e-08,9.31e-07,-60000000.0,17851046.3924,10.0
endommage,origin,-2e-08,9.33e-07,-60000000.0,17889394.5049,10.0
endommage,origin,-2e-08,9.35e-07,-60000000.0,17927742.6175,10.0
endommage,origin,-2e-08,9.37e-07,-60000000.0,17966090.73,10.0
endommage,origin,-2e-08,9.39e-07,-60000000.0,18004438.8426,10.0
endommage,origin,-2e-08,9.41e-07,-60000000.0,18042786.9551,10.0
endommage,origin,-2e-08,9.43e-07,-60000000.0,18081135.0677,10.0
endommage,origin,-2e-08,9.45e-07,-60000000.0,18119483.1802,10.0
endommage,origin,-2e-08,9.47e-07,-60000000.0,18157831.2928,10.0
endommage,origin,-2e-08,9.49e-07,-60000000.0,18196179.4053,10.0
endommage,origin,-2e-08,9.51e-07,-60000000.0,18234527.5179,10.0
endommage,origin,-2e-08,9.53e-07,-60000000.0,18272875.6304,10.0
endommage,origin,-2e-08,9.55e-07,-60000000.0,18311223.743,10.0
endommage,origin,-2e-08,9.57e-07,-60000000.0,18349571.8555,10.0
endommage,origin,-2e-08,9.59e-07,-60000000.0,18387919.9681,10.0
endommage,origin,-2e-08,9.61e-07,-60000000.0,18426268.0806,10.0
endommage,origin,-2e-08,9.63e-07,-60000000.0,18464616.1932,10.0
endommage,origin,-2e-08,9.65e-07,-60000000.0,18502964.3057,10.0
endommage,origin,-2e-08,9.67e-07,-60000000.0,18541312.4183,10.0
endommage,origin,-2e-08,9.69e-07,-60000000.0,18579660.5308,10.0
endommage,origin,-2e-08,9.71e-07,-60000000.0,18618008.6434,10.0
endommage,origin,-2e-08,9.73e-07,-60000000.0,18656356.7559,10.0
endommage,origin,-2e-08,9.75e-07,-60000000.0,18694704.8685,10.0
endommage,origin,-2e-08,9.77e-07,-60000000.0,18733052.981,10.0
endommage,origin,-2e-08,9.79e-07,-60000000.0,18771401.0936,10.0
endommage,origin,-2e-08,9.81e-07,-60000000.0,18809749.2061,10.0
endommage,origin,-2e-08,9.83e-07,-60000000.0,18848097.3187,10.0
endommage,origin,-2e-08,9.85e-07,-60000000.0,18886445.4312,10.0
endommage,origin,-2e-08,9.87e-07,-60000000.0,18924793.5438,10.0
endommage,origin,-2e-08,9.89e-07,-60000000.0,18963141.6563,10.0
endommage,origin,-2e-08,9.91e-07,-60000000.0,19001489.7689,10.0
endommage,origin,-2e-08,9.93e-07,-60000000.0,19039837.8814,10.0
endommage,origin,-2e-08,9.95e-07,-60000000.0,19078185.994,10.0
endommage,origin,-2e-08,9.97e-07,-60000000.0,19116534.1065,10.0
endommage,origin,-2e-08,9.99e-07,-60000000.0,19154882.2191,10.0
endommage,origin,-2e-08,1.001e-06,-60000000.0,19193230.3316,10.0
endommage,origin,-2e-08,1.003e-06,-60000000.0,19231578.4442,10.0
endommage,origin,-2e-08,1.005e-06,-60000000.0,19269926.5567,10.0
endommage,origin,-2e-08,1.007e-06,-60000000.0,19308274.6693,10.0
endommage,origin,-2e-08,1.009e-06,-60000000.0,19346622.7818,10.0
endommage,origin,-2e-08,1.011e-06,-60000000.0,19384970.8944,10.0
endommage,origin,-2e-08,1.013e-06,-60000000.0,19423319.0069,10.0
endommage,origin,-2e-08,1.015e-06,-60000000.0,19461667.1195,10.0
endommage,origin,-2e-08,1.017e-06,-60000000.0,19500015.232,10.0
endommage,origin,-2e-08,1.019e-06,-60000000.0,19538363.3446,10.0
endommage,origin,-2e-08,1.021e-06,-60000000.0,19576711.4571,10.0
endommage,origin,-2e-08,1.023e-06,-60000000.0,19615059.5697,10.0
endommage,origin,-2e-08,1.025e-06,-60000000.0,19653407.6822,10.0
endommage,origin,-2e-08,1.027e-06,-60000000.0,19691755.7948,10.0
endommage,origin,-2e-08,1.029e-06,-60000000.0,19730103.9073,10.0
endommage,origin,-2e-08,1.031e-06,-60000000.0,19768452.0199,10.0
endommage,origin,-2e-08,1.033e-06,-60000000.0,19806800.1324,10.0
endommage,origin,-2e-08,1.035e-06,-60000000.0,19845148.245,10.0
endommage,origin,-2e-08,1.037e-06,-60000000.0,19883496.3575,10.0
endommage,origin,-2e-08,1.039e-06,-60000000.0,19921844.4701,10.0
endommage,origin,-2e-08,1.041e-06,-60000000.0,19960192.5826,10.0
endommage,origin,-2e-08,1.043e-06,-60000000.0,19998540.6952,10.0
endommage,origin,-2e-08,1.045e-06,-60000000.0,20036888.8078,10.0
endommage,origin,-2e-08,1.047e-06,-60000000.0,20075236.9203,10.0
endommage,origin,-2e-08,1.049e-06,-60000000.0,20113585.0329,10.0
endommage,origin,-2e-08,1.051e-06,-60000000.0,20151933.1454,10.0
endommage,origin,-2e-08,1.053e-06,-60000000.0,20190281.258,10.0
endommage,origin,-2e-08,1.055e-06,-60000000.0,20228629.3705,10.0
endommage,origin,-2e-08,1.057e-06,-60000000.0,20266977.4831,10.0
endommage,origin,-2e-08,1.059e-06,-60000000.0,20305325.5956,10.0
endommage,origin,-2e-08,1.061e-06,-60000000.0,20343673.7082,10.0
endommage,origin,-2e-08,1.063e-06,-60000000.0,20382021.8207,10.0
endommage,origin,-2e-08,1.065e-06,-60000000.0,20420369.9333,10.0
endommage,origin,-2e-08,1.067e-06,-60000000.0,20458718.0458,10.0
endommage,origin,-2e-08,1.069e-06,-60000000.0,20497066.1584,10.0
endommage,origin,-2e-08,1.071e-06,-60000000.0,20535414.2709,10.0
endommage,origin,-2e-08,1.073e-06,-60000000.0,20573762.3835,10.0
endommage,origin,-2e-08,1.075e-06,-60000000.0,20612110.496,10.0
endommage,origin,-2e-08,1.077e-06,-60000000.0,20650458.6086,10.0
endommage,origin,-2e-08,1.079e-06,-60000000.0,20688806.7211,10.0
endommage,origin,-2e-08,1.081e-06,-60000000.0,20727154.8337,10.0
endommage,origin,-2e-08,1.083e-06,-60000000.0,20765502.9462,10.0
endommage,origin,-2e-08,1.085e-06,-60000000.0,20803851.0588,10.0
endommage,origin,-2e-08,1.087e-06,-60000000.0,20842199.1713,10.0
endommage,origin,-2e-08,1.089e-06,-60000000.0,20880547.2839,10.0
endommage,origin,-2e-08,1.091e-06,-60000000.0,20918895.3964,10.0
endommage,origin,-2e-08,1.093e-06,-60000000.0,20957243.509,10.0
endommage,origin,-2e-08,1.095e-06,-60000000.0,20995591.6215,10.0
endommage,origin,-2e-08,1.097e-06,-60000000.0,21033939.7341,10.0
endommage,origin,-2e-08,1.099e-06,-60000000.0,21072287.8466,10.0
endommage,origin,-2e-08,1.101e-06,-60000000.0,21110635.9592,10.0
endommage,origin,-2e-08,1.103e-06,-60000000.0,21148984.0717,10.0
endommage,origin,-2e-08,1.105e-06,-60000000.0,21187332.1843,10.0
endommage,origin,-2e-08,1.107e-06,-60000000.0,21225680.2968,10.0
endommage,origin,-2e-08,1.109e-06,-60000000.0,21264028.4094,10.0
endommage,origin,-2e-08,1.111e-06,-60000000.0,21302376.5219,10.0
endommage,origin,-2e-08,1.113e-06,-60000000.0,21340724.6345,10.0
endommage,origin,-2e-08,1.115e-06,-60000000.0,21379072.747,10.0
endommage,origin,-2e-08,1.117e-06,-60000000.0,21417420.8596,10.0
endommage,origin,-2e-08,1.119e-06,-60000000.0,21455768.9721,10.0
endommage,origin,-2e-08,1.121e-06,-60000000.0,21494117.0847,10.0
endommage,origin,-2e-08,1.123e-06,-60000000.0,21532465.1972,10.0
endommage,origin,-2e-08,1.125e-06,-60000000.0,21570813.3098,10.0
endommage,origin,-2e-08,1.127e-06,-60000000.0,21609161.4223,10.0
endommage,origin,-2e-08,1.129e-06,-60000000.0,21647509.5349,10.0
endommage,origin,-2e-08,1.131e-06,-60000000.0,21685857.6474,10.0
endommage,origin,-2e-08,1.133e-06,-60000000.0,21724205.76,10.0
endommage,origin,-2e-08,1.135e-06,-60000000.0,21762553.8725,10.0
endommage,origin,-2e-08,1.137e-06,-60000000.0,21800901.9851,10.0
endommage,origin,-2e-08,1.139e-06,-60000000.0,21839250.0976,10.0
endommage,origin,-2e-08,1.141e-06,-60000000.0,21877598.2102,10.0
endommage,origin,-2e-08,1.143e-06,-60000000.0,21915946.3227,10.0
endommage,origin,-2e-08,1.145e-06,-60000000.0,21954294.4353,10.0
endommage,origin,-2e-08,1.147e-06,-60000000.0,21992642.5478,10.0
endommage,origin,-2e-08,1.149e-06,-60000000.0,22030990.6604,10.0
endommage,origin,-2e-08,1.151e-06,-60000000.0,22069338.7729,10.0
endommage,origin,-2e-08,1.153e-06,-60000000.0,22107686.8855,10.0
endommage,origin,-2e-08,1.155e-06,-60000000.0,22146034.998,10.0
endommage,origin,-2e-08,1.157e-06,-60000000.0,22184383.1106,10.0
endommage,origin,-2e-08,1.159e-06,-60000000.0,22222731.2231,10.0
endommage,origin,-2e-08,1.161e-06,-60000000.0,22261079.3357,10.0
endommage,origin,-2e-08,1.163e-06,-60000000.0,22299427.4482,10.0
endommage,origin,-2e-08,1.165e-06,-60000000.0,22337775.5608,10.0
endommage,origin,-2e-08,1.167e-06,-60000000.0,22376123.6733,10.0
endommage,origin,-2e-08,1.169e-06,-60000000.0,22414471.7859,10.0
endommage,origin,-2e-08,1.171e-06,-60000000.0,22452819.898399998,10.0
endommage,origin,-2e-08,1.173e-06,-60000000.0,22491168.010999996,10.0
endommage,origin,-2e-08,1.175e-06,-60000000.0,22529516.1235,10.0
endommage,origin,-2e-08,1.177e-06,-60000000.0,22567864.2361,10.0
endommage,origin,-2e-08,1.179e-06,-60000000.0,22606212.3486,10.0
endommage,origin,-2e-08,1.181e-06,-60000000.0,22644560.4612,10.0
endommage,origin,-2e-08,1.183e-06,-60000000.0,22682908.573733333,10.0
endommage,origin,-2e-08,1.185e-06,-60000000.0,22721256.6863,10.0
endommage,origin,-2e-08,1.187e-06,-60000000.0,22759604.798899997,10.0
endommage,origin,-2e-08,1.189e-06,-60000000.0,22797952.9114,10.0
endommage,origin,-2e-08,1.191e-06,-60000000.0,22836301.024,10.0
endommage,origin,-2e-08,1.193e-06,-60000000.0,22874649.1365,10.0
endommage,origin,-2e-08,1.195e-06,-60000000.0,22912997.2491,10.0
endommage,origin,-2e-08,1.197e-06,-60000000.0,22951345.3616,10.0
endommage,origin,-2e-08,1.199e-06,-60000000.0,22989693.4742,10.0
endommage,origin,-2e-08,1.201e-06,-60000000.0,23028041.586700004,10.0
endommage,origin,-2e-08,1.203e-06,-60000000.0,23066389.699300002,10.0
endommage,origin,-2e-08,1.205e-06,-60000000.0,23104737.8118,10.0
endommage,origin,-2e-08,1.207e-06,-60000000.0,23143085.9244,10.0
endommage,origin,-2e-08,1.209e-06,-60000000.0,23181434.0369,10.0
endommage,origin,-2e-08,1.211e-06,-60000000.0,23219782.1495,10.0
endommage,origin,-2e-08,1.213e-06,-60000000.0,23258130.262,10.0
endommage,origin,-2e-08,1.215e-06,-60000000.0,23296478.374600004,10.0
endommage,origin,-2e-08,1.217e-06,-60000000.0,23334826.4871,10.0
endommage,origin,-2e-08,1.219e-06,-60000000.0,23373174.5997,10.0
endommage,origin,-2e-08,1.221e-06,-60000000.0,23411522.7122,10.0
endommage,origin,-2e-08,1.223e-06,-60000000.0,23449870.8248,10.0
endommage,origin,-2e-08,1.225e-06,-60000000.0,23488218.9373,10.0
endommage,origin,-2e-08,1.227e-06,-60000000.0,23526567.0499,10.0
endommage,origin,-2e-08,1.229e-06,-60000000.0,23564915.162399996,10.0
endommage,origin,-2e-08,1.231e-06,-60000000.0,23603263.274999995,10.0
endommage,origin,-2e-08,1.233e-06,-60000000.0,23641611.3875,10.0
endommage,origin,-2e-08,1.235e-06,-60000000.0,23679959.5001,10.0
endommage,origin,-2e-08,1.237e-06,-60000000.0,23718307.6126,10.0
endommage,origin,-2e-08,1.239e-06,-60000000.0,23756655.7252,10.0
endommage,origin,-2e-08,1.241e-06,-60000000.0,23795003.8377,10.0
endommage,origin,-2e-08,1.243e-06,-60000000.0,23833351.950299997,10.0
endommage,origin,-2e-08,1.245e-06,-60000000.0,23871700.0628,10.0
endommage,origin,-2e-08,1.247e-06,-60000000.0,23910048.1754,10.0
endommage,origin,-2e-08,1.249e-06,-60000000.0,23948396.2879,10.0
endommage,origin,-2e-08,1.251e-06,-60000000.0,23986744.4005,10.0
endommage,origin,-2e-08,1.253e-06,-60000000.0,24025092.513,10.0
endommage,origin,-2e-08,1.255e-06,-60000000.0,24063440.6256,10.0
endommage,origin,-2e-08,1.257e-06,-60000000.0,24101788.738100003,10.0
endommage,origin,-2e-08,1.259e-06,-60000000.0,24140136.850700002,10.0
endommage,origin,-2e-08,1.261e-06,-60000000.0,24178484.9632,10.0
endommage,origin,-2e-08,1.263e-06,-60000000.0,24216833.0758,10.0
endommage,origin,-2e-08,1.265e-06,-60000000.0,24255181.1883,10.0
endommage,origin,-2e-08,1.267e-06,-60000000.0,24293529.3009,10.0
endommage,origin,-2e-08,1.269e-06,-60000000.0,24331877.413400006,10.0
endommage,origin,-2e-08,1.271e-06,-60000000.0,24370225.526000004,10.0
endommage,origin,-2e-08,1.273e-06,-60000000.0,24408573.6385,10.0
endommage,origin,-2e-08,1.275e-06,-60000000.0,24446921.7511,10.0
endommage,origin,-2e-08,1.277e-06,-60000000.0,24485269.8636,10.0
endommage,origin,-2e-08,1.279e-06,-60000000.0,24523617.9762,10.0
endommage,origin,-2e-08,1.281e-06,-60000000.0,24561966.0887,10.0
endommage,origin,-2e-08,1.283e-06,-60000000.0,24600314.2013,10.0
endommage,origin,-2e-08,1.285e-06,-60000000.0,24638662.313799996,10.0
endommage,origin,-2e-08,1.287e-06,-60000000.0,24677010.426399995,10.0
endommage,origin,-2e-08,1.289e-06,-60000000.0,24715358.5389,10.0
endommage,origin,-2e-08,1.291e-06,-60000000.0,24753706.6515,10.0
endommage,origin,-2e-08,1.293e-06,-60000000.0,24792054.764,10.0
endommage,origin,-2e-08,1.295e-06,-60000000.0,24830402.8766,10.0
endommage,origin,-2e-08,1.297e-06,-60000000.0,24868750.989099998,10.0
endommage,origin,-2e-08,1.299e-06,-60000000.0,24907099.101699997,10.0
endommage,origin,-2e-08,1.301e-06,-60000000.0,24945447.2142,10.0
endommage,origin,-2e-08,1.303e-06,-60000000.0,24983795.3268,10.0
endommage,origin,-2e-08,1.305e-06,-60000000.0,25022143.4393,10.0
endommage,origin,-2e-08,1.307e-06,-60000000.0,25060491.5519,10.0
endommage,origin,-2e-08,1.309e-06,-60000000.0,25098839.6644,10.0
endommage,origin,-2e-08,1.311e-06,-60000000.0,25137187.777,10.0
endommage,origin,-2e-08,1.313e-06,-60000000.0,25175535.889500003,10.0
endommage,origin,-2e-08,1.315e-06,-60000000.0,25213884.002100002,10.0
endommage,origin,-2e-08,1.317e-06,-60000000.0,25252232.1146,10.0
endommage,origin,-2e-08,1.319e-06,-60000000.0,25290580.2272,10.0
endommage,origin,-2e-08,1.321e-06,-60000000.0,25328928.339733332,10.0
endommage,origin,-2e-08,1.323e-06,-60000000.0,25367276.4523,10.0
endommage,origin,-2e-08,1.325e-06,-60000000.0,25405624.564866666,10.0
endommage,origin,-2e-08,1.327e-06,-60000000.0,25443972.677400004,10.0
endommage,origin,-2e-08,1.329e-06,-60000000.0,25482320.790000003,10.0
endommage,origin,-2e-08,1.331e-06,-60000000.0,25520668.9025,10.0
endommage,origin,-2e-08,1.333e-06,-60000000.0,25559017.0151,10.0
endommage,origin,-2e-08,1.335e-06,-60000000.0,25597365.1276,10.0
endommage,origin,-2e-08,1.337e-06,-60000000.0,25635713.2402,10.0
endommage,origin,-2e-08,1.339e-06,-60000000.0,25674061.3527,10.0
endommage,origin,-2e-08,1.341e-06,-60000000.0,25712409.465300005,10.0
endommage,origin,-2e-08,1.343e-06,-60000000.0,25750757.577799994,10.0
endommage,origin,-2e-08,1.345e-06,-60000000.0,25789105.6904,10.0
endommage,origin,-2e-08,1.347e-06,-60000000.0,25827453.8029,10.0
endommage,origin,-2e-08,1.349e-06,-60000000.0,25865801.9155,10.0
endommage,origin,-2e-08,1.351e-06,-60000000.0,25904150.028,10.0
endommage,origin,-2e-08,1.353e-06,-60000000.0,25942498.1406,10.0
endommage,origin,-2e-08,1.355e-06,-60000000.0,25980846.253099997,10.0
endommage,origin,-2e-08,1.357e-06,-60000000.0,26019194.365699995,10.0
endommage,origin,-2e-08,1.359e-06,-60000000.0,26057542.4782,10.0
endommage,origin,-2e-08,1.361e-06,-60000000.0,26095890.5908,10.0
endommage,origin,-2e-08,1.363e-06,-60000000.0,26134238.7033,10.0
endommage,origin,-2e-08,1.365e-06,-60000000.0,26172586.8159,10.0
endommage,origin,-2e-08,1.367e-06,-60000000.0,26210934.9284,10.0
endommage,origin,-2e-08,1.369e-06,-60000000.0,26249283.040999997,10.0
endommage,origin,-2e-08,1.371e-06,-60000000.0,26287631.153500002,10.0
endommage,origin,-2e-08,1.373e-06,-60000000.0,26325979.2661,10.0
endommage,origin,-2e-08,1.375e-06,-60000000.0,26364327.3786,10.0
endommage,origin,-2e-08,1.377e-06,-60000000.0,26402675.4912,10.0
endommage,origin,-2e-08,1.379e-06,-60000000.0,26441023.6037,10.0
endommage,origin,-2e-08,1.381e-06,-60000000.0,26479371.7163,10.0
endommage,origin,-2e-08,1.383e-06,-60000000.0,26517719.828800004,10.0
endommage,origin,-2e-08,1.385e-06,-60000000.0,26556067.941400003,10.0
endommage,origin,-2e-08,1.387e-06,-60000000.0,26594416.0539,10.0
endommage,origin,-2e-08,1.389e-06,-60000000.0,26632764.1665,10.0
endommage,origin,-2e-08,1.391e-06,-60000000.0,26671112.279,10.0
endommage,origin,-2e-08,1.393e-06,-60000000.0,26709460.3916,10.0
endommage,origin,-2e-08,1.395e-06,-60000000.0,26747808.5041,10.0
endommage,origin,-2e-08,1.397e-06,-60000000.0,26786156.616700005,10.0
endommage,origin,-2e-08,1.399e-06,-60000000.0,26824504.7292,10.0
endommage,origin,-2e-08,1.401e-06,-60000000.0,26862852.8418,10.0
endommage,origin,-2e-08,1.403e-06,-60000000.0,26901200.9543,10.0
endommage,origin,-2e-08,1.405e-06,-60000000.0,26939549.0669,10.0
endommage,origin,-2e-08,1.407e-06,-60000000.0,26977897.1794,10.0
endommage,origin,-2e-08,1.409e-06,-60000000.0,27016245.292,10.0
endommage,origin,-2e-08,1.411e-06,-60000000.0,27054593.404499996,10.0
endommage,origin,-2e-08,1.413e-06,-60000000.0,27092941.517099995,10.0
endommage,origin,-2e-08,1.415e-06,-60000000.0,27131289.6296,10.0
endommage,origin,-2e-08,1.417e-06,-60000000.0,27169637.7422,10.0
endommage,origin,-2e-08,1.419e-06,-60000000.0,27207985.8547,10.0
endommage,origin,-2e-08,1.421e-06,-60000000.0,27246333.9673,10.0
endommage,origin,-2e-08,1.423e-06,-60000000.0,27284682.0798,10.0
endommage,origin,-2e-08,1.425e-06,-60000000.0,27323030.192399997,10.0
endommage,origin,-2e-08,1.427e-06,-60000000.0,27361378.3049,10.0
endommage,origin,-2e-08,1.429e-06,-60000000.0,27399726.4175,10.0
endommage,origin,-2e-08,1.431e-06,-60000000.0,27438074.53,10.0
endommage,origin,-2e-08,1.433e-06,-60000000.0,27476422.6426,10.0
endommage,origin,-2e-08,1.435e-06,-60000000.0,27514770.7551,10.0
endommage,origin,-2e-08,1.437e-06,-60000000.0,27553118.8677,10.0
endommage,origin,-2e-08,1.439e-06,-60000000.0,27591466.980200004,10.0
endommage,origin,-2e-08,1.441e-06,-60000000.0,27629815.092800003,10.0
endommage,origin,-2e-08,1.443e-06,-60000000.0,27668163.2053,10.0
endommage,origin,-2e-08,1.445e-06,-60000000.0,27706511.3179,10.0
endommage,origin,-2e-08,1.447e-06,-60000000.0,27744859.4304,10.0
endommage,origin,-2e-08,1.449e-06,-60000000.0,27783207.543,10.0
endommage,origin,-2e-08,1.451e-06,-60000000.0,27821555.6555,10.0
endommage,origin,-2e-08,1.453e-06,-60000000.0,27859903.768100005,10.0
endommage,origin,-2e-08,1.455e-06,-60000000.0,27898251.8806,10.0
endommage,origin,-2e-08,1.457e-06,-60000000.0,27936599.9932,10.0
endommage,origin,-2e-08,1.459e-06,-60000000.0,27974948.105733335,10.0
endommage,origin,-2e-08,1.461e-06,-60000000.0,28013296.2183,10.0
endommage,origin,-2e-08,1.463e-06,-60000000.0,28051644.330866665,10.0
endommage,origin,-2e-08,1.465e-06,-60000000.0,28089992.4434,10.0
endommage,origin,-2e-08,1.467e-06,-60000000.0,28128340.556000005,10.0
endommage,origin,-2e-08,1.469e-06,-60000000.0,28166688.668499995,10.0
endommage,origin,-2e-08,1.471e-06,-60000000.0,28205036.7811,10.0
endommage,origin,-2e-08,1.473e-06,-60000000.0,28243384.8936,10.0
endommage,origin,-2e-08,1.475e-06,-60000000.0,28281733.0062,10.0
endommage,origin,-2e-08,1.477e-06,-60000000.0,28320081.1187,10.0
endommage,origin,-2e-08,1.479e-06,-60000000.0,28358429.2313,10.0
endommage,origin,-2e-08,1.481e-06,-60000000.0,28396777.343799997,10.0
endommage,origin,-2e-08,1.483e-06,-60000000.0,28435125.456399996,10.0
endommage,origin,-2e-08,1.485e-06,-60000000.0,28473473.5689,10.0
endommage,origin,-2e-08,1.487e-06,-60000000.0,28511821.6815,10.0
endommage,origin,-2e-08,1.489e-06,-60000000.0,28550169.794,10.0
endommage,origin,-2e-08,1.491e-06,-60000000.0,28588517.9066,10.0
endommage,origin,-2e-08,1.493e-06,-60000000.0,28626866.0191,10.0
endommage,origin,-2e-08,1.495e-06,-60000000.0,28665214.131699998,10.0
endommage,origin,-2e-08,1.497e-06,-60000000.0,28703562.244200002,10.0
endommage,origin,-2e-08,1.499e-06,-60000000.0,28741910.3568,10.0
endommage,origin,-2e-08,1.501e-06,-60000000.0,28780258.4693,10.0
endommage,origin,-2e-08,1.503e-06,-60000000.0,28818606.5819,10.0
endommage,origin,-2e-08,1.505e-06,-60000000.0,28856954.6944,10.0
endommage,origin,-2e-08,1.507e-06,-60000000.0,28895302.807,10.0
endommage,origin,-2e-08,1.509e-06,-60000000.0,28933650.919500005,10.0
endommage,origin,-2e-08,1.511e-06,-60000000.0,28971999.032100003,10.0
endommage,origin,-2e-08,1.513e-06,-60000000.0,29010347.1446,10.0
endommage,origin,-2e-08,1.515e-06,-60000000.0,29048695.2572,10.0
endommage,origin,-2e-08,1.517e-06,-60000000.0,29087043.3697,10.0
endommage,origin,-2e-08,1.519e-06,-60000000.0,29125391.4823,10.0
endommage,origin,-2e-08,1.521e-06,-60000000.0,29163739.5948,10.0
endommage,origin,-2e-08,1.523e-06,-60000000.0,29202087.707400005,10.0
endommage,origin,-2e-08,1.525e-06,-60000000.0,29240435.819899995,10.0
endommage,origin,-2e-08,1.527e-06,-60000000.0,29278783.9325,10.0
endommage,origin,-2e-08,1.529e-06,-60000000.0,29317132.045,10.0
endommage,origin,-2e-08,1.531e-06,-60000000.0,29355480.1576,10.0
endommage,origin,-2e-08,1.533e-06,-60000000.0,29393828.2701,10.0
endommage,origin,-2e-08,1.535e-06,-60000000.0,29432176.3827,10.0
endommage,origin,-2e-08,1.537e-06,-60000000.0,29470524.495199997,10.0
endommage,origin,-2e-08,1.539e-06,-60000000.0,29508872.607799996,10.0
endommage,origin,-2e-08,1.541e-06,-60000000.0,29547220.7203,10.0
endommage,origin,-2e-08,1.543e-06,-60000000.0,29585568.8329,10.0
endommage,origin,-2e-08,1.545e-06,-60000000.0,29623916.9454,10.0
endommage,origin,-2e-08,1.547e-06,-60000000.0,29662265.058,10.0
endommage,origin,-2e-08,1.549e-06,-60000000.0,29700613.1705,10.0
endommage,origin,-2e-08,1.551e-06,-60000000.0,29738961.283099998,10.0
endommage,origin,-2e-08,1.553e-06,-60000000.0,29777309.395600002,10.0
endommage,origin,-2e-08,1.555e-06,-60000000.0,29815657.5082,10.0
endommage,origin,-2e-08,1.557e-06,-60000000.0,29854005.6207,10.0
endommage,origin,-2e-08,1.559e-06,-60000000.0,29892353.7333,10.0
endommage,origin,-2e-08,1.561e-06,-60000000.0,29930701.8458,10.0
endommage,origin,-2e-08,1.563e-06,-60000000.0,29969049.9584,10.0
endommage,origin,-2e-08,1.565e-06,-60000000.0,30007398.070900004,10.0
endommage,origin,-2e-08,1.567e-06,-60000000.0,30045746.183500003,10.0
endommage,origin,-2e-08,1.569e-06,-60000000.0,30084094.296,10.0
endommage,origin,-2e-08,1.571e-06,-60000000.0,30122442.4086,10.0
endommage,origin,-2e-08,1.573e-06,-60000000.0,30160790.5211,10.0
endommage,origin,-2e-08,1.575e-06,-60000000.0,30199138.6337,10.0
endommage,origin,-2e-08,1.577e-06,-60000000.0,30237486.7462,10.0
endommage,origin,-2e-08,1.579e-06,-60000000.0,30275834.858800005,10.0
endommage,origin,-2e-08,1.581e-06,-60000000.0,30314182.971299995,10.0
endommage,origin,-2e-08,1.583e-06,-60000000.0,30352531.0839,10.0
endommage,origin,-2e-08,1.585e-06,-60000000.0,30390879.1964,10.0
endommage,origin,-2e-08,1.587e-06,-60000000.0,30429227.309,10.0
endommage,origin,-2e-08,1.589e-06,-60000000.0,30467575.4215,10.0
endommage,origin,-2e-08,1.591e-06,-60000000.0,30505923.5341,10.0
endommage,origin,-2e-08,1.593e-06,-60000000.0,30544271.646599997,10.0
endommage,origin,-2e-08,1.595e-06,-60000000.0,30582619.759199996,10.0
endommage,origin,-2e-08,1.597e-06,-60000000.0,30620967.8717,10.0
endommage,origin,-2e-08,1.599e-06,-60000000.0,30659315.9843,10.0
endommage,origin,-2e-08,1.601e-06,-60000000.0,30697664.0968,10.0
endommage,origin,-2e-08,1.603e-06,-60000000.0,30736012.2094,10.0
endommage,origin,-2e-08,1.605e-06,-60000000.0,30774360.322,10.0
endommage,origin,-2e-08,1.607e-06,-60000000.0,30812708.434499998,10.0
endommage,origin,-2e-08,1.609e-06,-60000000.0,30851056.547099996,10.0
endommage,origin,-2e-08,1.611e-06,-60000000.0,30889404.6596,10.0
endommage,origin,-2e-08,1.613e-06,-60000000.0,30927752.7722,10.0
endommage,origin,-2e-08,1.615e-06,-60000000.0,30966100.8847,10.0
endommage,origin,-2e-08,1.617e-06,-60000000.0,31004448.9973,10.0
endommage,origin,-2e-08,1.619e-06,-60000000.0,31042797.1098,10.0
endommage,origin,-2e-08,1.621e-06,-60000000.0,31081145.2224,10.0
endommage,origin,-2e-08,1.623e-06,-60000000.0,31119493.334900003,10.0
endommage,origin,-2e-08,1.625e-06,-60000000.0,31157841.4475,10.0
endommage,origin,-2e-08,1.627e-06,-60000000.0,31196189.56,10.0
endommage,origin,-2e-08,1.629e-06,-60000000.0,31234537.6726,10.0
endommage,origin,-2e-08,1.631e-06,-60000000.0,31272885.7851,10.0
endommage,origin,-2e-08,1.633e-06,-60000000.0,31311233.8977,10.0
endommage,origin,-2e-08,1.635e-06,-60000000.0,31349582.010200005,10.0
endommage,origin,-2e-08,1.637e-06,-60000000.0,31387930.122800004,10.0
endommage,origin,-2e-08,1.639e-06,-60000000.0,31426278.2353,10.0
endommage,origin,-2e-08,1.641e-06,-60000000.0,31464626.3479,10.0
endommage,origin,-2e-08,1.643e-06,-60000000.0,31502974.4604,10.0
endommage,origin,-2e-08,1.645e-06,-60000000.0,31541322.573,10.0
endommage,origin,-2e-08,1.647e-06,-60000000.0,31579670.6855,10.0
endommage,origin,-2e-08,1.649e-06,-60000000.0,31618018.7981,10.0
endommage,origin,-2e-08,1.651e-06,-60000000.0,31656366.910599995,10.0
endommage,origin,-2e-08,1.653e-06,-60000000.0,31694715.0232,10.0
endommage,origin,-2e-08,1.655e-06,-60000000.0,31733063.1357,10.0
endommage,origin,-2e-08,1.657e-06,-60000000.0,31771411.2483,10.0
endommage,origin,-2e-08,1.659e-06,-60000000.0,31809759.3608,10.0
endommage,origin,-2e-08,1.661e-06,-60000000.0,31848107.4734,10.0
endommage,origin,-2e-08,1.663e-06,-60000000.0,31886455.585899998,10.0
endommage,origin,-2e-08,1.665e-06,-60000000.0,31924803.698499996,10.0
endommage,origin,-2e-08,1.667e-06,-60000000.0,31963151.811,10.0
endommage,origin,-2e-08,1.669e-06,-60000000.0,32001499.9236,10.0
endommage,origin,-2e-08,1.671e-06,-60000000.0,32039848.0361,10.0
endommage,origin,-2e-08,1.673e-06,-60000000.0,32078196.1487,10.0
endommage,origin,-2e-08,1.675e-06,-60000000.0,32116544.2612,10.0
endommage,origin,-2e-08,1.677e-06,-60000000.0,32154892.3738,10.0
endommage,origin,-2e-08,1.679e-06,-60000000.0,32193240.486300003,10.0
endommage,origin,-2e-08,1.681e-06,-60000000.0,32231588.5989,10.0
endommage,origin,-2e-08,1.683e-06,-60000000.0,32269936.7114,10.0
endommage,origin,-2e-08,1.685e-06,-60000000.0,32308284.824,10.0
endommage,origin,-2e-08,1.687e-06,-60000000.0,32346632.9365,10.0
endommage,origin,-2e-08,1.689e-06,-60000000.0,32384981.0491,10.0
endommage,origin,-2e-08,1.691e-06,-60000000.0,32423329.161600005,10.0
endommage,origin,-2e-08,1.693e-06,-60000000.0,32461677.274200004,10.0
endommage,origin,-2e-08,1.695e-06,-60000000.0,32500025.3867,10.0
endommage,origin,-2e-08,1.697e-06,-60000000.0,32538373.4993,10.0
endommage,origin,-2e-08,1.699e-06,-60000000.0,32576721.6118,10.0
endommage,origin,-2e-08,1.701e-06,-60000000.0,32615069.7244,10.0
endommage,origin,-2e-08,1.703e-06,-60000000.0,32653417.8369,10.0
endommage,origin,-2e-08,1.705e-06,-60000000.0,32691765.9495,10.0
endommage,origin,-2e-08,1.707e-06,-60000000.0,32730114.061999995,10.0
endommage,origin,-2e-08,1.709e-06,-60000000.0,32768462.1746,10.0
endommage,origin,-2e-08,1.711e-06,-60000000.0,32806810.2871,10.0
endommage,origin,-2e-08,1.713e-06,-60000000.0,32845158.3997,10.0
endommage,origin,-2e-08,1.715e-06,-60000000.0,32883506.5122,10.0
endommage,origin,-2e-08,1.717e-06,-60000000.0,32921854.6248,10.0
endommage,origin,-2e-08,1.719e-06,-60000000.0,32960202.737299997,10.0
endommage,origin,-2e-08,1.721e-06,-60000000.0,32998550.849899996,10.0
endommage,origin,-2e-08,1.723e-06,-60000000.0,33036898.9624,10.0
endommage,origin,-2e-08,1.725e-06,-60000000.0,33075247.075,10.0
endommage,origin,-2e-08,1.727e-06,-60000000.0,33113595.1875,10.0
endommage,origin,-2e-08,1.729e-06,-60000000.0,33151943.3001,10.0
endommage,origin,-2e-08,1.731e-06,-60000000.0,33190291.4126,10.0
endommage,origin,-2e-08,1.733e-06,-60000000.0,33228639.5252,10.0
endommage,origin,-2e-08,1.735e-06,-60000000.0,33266987.637700003,10.0
endommage,origin,-2e-08,1.737e-06,-60000000.0,33305335.7503,10.0
endommage,origin,-2e-08,1.739e-06,-60000000.0,33343683.8628,10.0
endommage,origin,-2e-08,1.741e-06,-60000000.0,33382031.9754,10.0
endommage,origin,-2e-08,1.743e-06,-60000000.0,33420380.088,10.0
endommage,origin,-2e-08,1.745e-06,-60000000.0,33458728.2005,10.0
endommage,origin,-2e-08,1.747e-06,-60000000.0,33497076.3131,10.0
endommage,origin,-2e-08,1.749e-06,-60000000.0,33535424.425600003,10.0
endommage,origin,-2e-08,1.751e-06,-60000000.0,33573772.5382,10.0
endommage,origin,-2e-08,1.753e-06,-60000000.0,33612120.6507,10.0
endommage,origin,-2e-08,1.755e-06,-60000000.0,33650468.7633,10.0
endommage,origin,-2e-08,1.757e-06,-60000000.0,33688816.8758,10.0
endommage,origin,-2e-08,1.759e-06,-60000000.0,33727164.9884,10.0
endommage,origin,-2e-08,1.761e-06,-60000000.0,33765513.1009,10.0
endommage,origin,-2e-08,1.763e-06,-60000000.0,33803861.2135,10.0
endommage,origin,-2e-08,1.765e-06,-60000000.0,33842209.326,10.0
endommage,origin,-2e-08,1.767e-06,-60000000.0,33880557.4386,10.0
endommage,origin,-2e-08,1.769e-06,-60000000.0,33918905.5511,10.0
endommage,origin,-2e-08,1.771e-06,-60000000.0,33957253.6637,10.0
endommage,origin,-2e-08,1.773e-06,-60000000.0,33995601.7762,10.0
endommage,origin,-2e-08,1.775e-06,-60000000.0,34033949.8888,10.0
endommage,origin,-2e-08,1.777e-06,-60000000.0,34072298.0013,10.0
endommage,origin,-2e-08,1.779e-06,-60000000.0,34110646.1139,10.0
endommage,origin,-2e-08,1.781e-06,-60000000.0,34148994.2264,10.0
endommage,origin,-2e-08,1.783e-06,-60000000.0,34187342.339,10.0
endommage,origin,-2e-08,1.785e-06,-60000000.0,34225690.4515,10.0
endommage,origin,-2e-08,1.787e-06,-60000000.0,34264038.5641,10.0
endommage,origin,-2e-08,1.789e-06,-60000000.0,34302386.6766,10.0
endommage,origin,-2e-08,1.791e-06,-60000000.0,34340734.7892,10.0
endommage,origin,-2e-08,1.793e-06,-60000000.0,34379082.9017,10.0
endommage,origin,-2e-08,1.795e-06,-60000000.0,34417431.0143,10.0
endommage,origin,-2e-08,1.797e-06,-60000000.0,34455779.1268,10.0
endommage,origin,-2e-08,1.799e-06,-60000000.0,34494127.2394,10.0
endommage,origin,-2e-08,1.801e-06,-60000000.0,34532475.3519,10.0
endommage,origin,-2e-08,1.803e-06,-60000000.0,34570823.4645,10.0
endommage,origin,-2e-08,1.805e-06,-60000000.0,34609171.577,10.0
endommage,origin,-2e-08,1.807e-06,-60000000.0,34647519.6896,10.0
endommage,origin,-2e-08,1.809e-06,-60000000.0,34685867.8021,10.0
endommage,origin,-2e-08,1.811e-06,-60000000.0,34724215.9147,10.0
endommage,origin,-2e-08,1.813e-06,-60000000.0,34762564.0272,10.0
endommage,origin,-2e-08,1.815e-06,-60000000.0,34800912.1398,10.0
endommage,origin,-2e-08,1.817e-06,-60000000.0,34839260.2523,10.0
endommage,origin,-2e-08,1.819e-06,-60000000.0,34877608.3649,10.0
endommage,origin,-2e-08,1.821e-06,-60000000.0,34915956.4774,10.0
endommage,origin,-2e-08,1.823e-06,-60000000.0,34954304.59,10.0
endommage,origin,-2e-08,1.825e-06,-60000000.0,34992652.7025,10.0
endommage,origin,-2e-08,1.827e-06,-60000000.0,35031000.8151,10.0
endommage,origin,-2e-08,1.829e-06,-60000000.0,35069348.9276,10.0
endommage,origin,-2e-08,1.831e-06,-60000000.0,35107697.0402,10.0
endommage,origin,-2e-08,1.833e-06,-60000000.0,35146045.1527,10.0
endommage,origin,-2e-08,1.835e-06,-60000000.0,35184393.2653,10.0
endommage,origin,-2e-08,1.837e-06,-60000000.0,35222741.3778,10.0
endommage,origin,-2e-08,1.839e-06,-60000000.0,35261089.4904,10.0
endommage,origin,-2e-08,1.841e-06,-60000000.0,35299437.6029,10.0
endommage,origin,-2e-08,1.843e-06,-60000000.0,35337785.7155,10.0
endommage,origin,-2e-08,1.845e-06,-60000000.0,35376133.828,10.0
endommage,origin,-2e-08,1.847e-06,-60000000.0,35414481.9406,10.0
endommage,origin,-2e-08,1.849e-06,-60000000.0,35452830.0531,10.0
endommage,origin,-2e-08,1.851e-06,-60000000.0,35491178.1657,10.0
endommage,origin,-2e-08,1.853e-06,-60000000.0,35529526.2782,10.0
endommage,origin,-2e-08,1.855e-06,-60000000.0,35567874.3908,10.0
endommage,origin,-2e-08,1.857e-06,-60000000.0,35606222.5033,10.0
endommage,origin,-2e-08,1.859e-06,-60000000.0,35644570.6159,10.0
endommage,origin,-2e-08,1.861e-06,-60000000.0,35682918.7284,10.0
endommage,origin,-2e-08,1.863e-06,-60000000.0,35721266.841,10.0
endommage,origin,-2e-08,1.865e-06,-60000000.0,35759614.9535,10.0
endommage,origin,-2e-08,1.867e-06,-60000000.0,35797963.0661,10.0
endommage,origin,-2e-08,1.869e-06,-60000000.0,35836311.1786,10.0
endommage,origin,-2e-08,1.871e-06,-60000000.0,35874659.2912,10.0
endommage,origin,-2e-08,1.873e-06,-60000000.0,35913007.4037,10.0
endommage,origin,-2e-08,1.875e-06,-60000000.0,35951355.5163,10.0
endommage,origin,-2e-08,1.877e-06,-60000000.0,35989703.6288,10.0
endommage,origin,-2e-08,1.879e-06,-60000000.0,36028051.7414,10.0
endommage,origin,-2e-08,1.881e-06,-60000000.0,36066399.85396667,10.0
endommage,origin,-2e-08,1.883e-06,-60000000.0,36104747.9665,10.0
endommage,origin,-2e-08,1.885e-06,-60000000.0,36143096.0791,10.0
endommage,origin,-2e-08,1.887e-06,-60000000.0,36181444.1916,10.0
endommage,origin,-2e-08,1.889e-06,-60000000.0,36219792.3042,10.0
endommage,origin,-2e-08,1.891e-06,-60000000.0,36258140.4167,10.0
endommage,origin,-2e-08,1.893e-06,-60000000.0,36296488.5293,10.0
endommage,origin,-2e-08,1.895e-06,-60000000.0,36334836.6418,10.0
endommage,origin,-2e-08,1.897e-06,-60000000.0,36373184.7544,10.0
endommage,origin,-2e-08,1.899e-06,-60000000.0,36411532.8669,10.0
endommage,origin,-2e-08,1.901e-06,-60000000.0,36449880.9795,10.0
endommage,origin,-2e-08,1.903e-06,-60000000.0,36488229.092,10.0
endommage,origin,-2e-08,1.905e-06,-60000000.0,36526577.2046,10.0
endommage,origin,-2e-08,1.907e-06,-60000000.0,36564925.3171,10.0
endommage,origin,-2e-08,1.909e-06,-60000000.0,36603273.4297,10.0
endommage,origin,-2e-08,1.911e-06,-60000000.0,36641621.5422,10.0
endommage,origin,-2e-08,1.913e-06,-60000000.0,36679969.6548,10.0
endommage,origin,-2e-08,1.915e-06,-60000000.0,36718317.7673,10.0
endommage,origin,-2e-08,1.917e-06,-60000000.0,36756665.8799,10.0
endommage,origin,-2e-08,1.919e-06,-60000000.0,36795013.9924,10.0
endommage,origin,-2e-08,1.921e-06,-60000000.0,36833362.105,10.0
endommage,origin,-2e-08,1.923e-06,-60000000.0,36871710.2175,10.0
endommage,origin,-2e-08,1.925e-06,-60000000.0,36910058.3301,10.0
endommage,origin,-2e-08,1.927e-06,-60000000.0,36948406.4426,10.0
endommage,origin,-2e-08,1.929e-06,-60000000.0,36986754.5552,10.0
endommage,origin,-2e-08,1.931e-06,-60000000.0,37025102.6677,10.0
endommage,origin,-2e-08,1.933e-06,-60000000.0,37063450.7803,10.0
endommage,origin,-2e-08,1.935e-06,-60000000.0,37101798.8928,10.0
endommage,origin,-2e-08,1.937e-06,-60000000.0,37140147.0054,10.0
endommage,origin,-2e-08,1.939e-06,-60000000.0,37178495.1179,10.0
endommage,origin,-2e-08,1.941e-06,-60000000.0,37216843.2305,10.0
endommage,origin,-2e-08,1.943e-06,-60000000.0,37255191.343,10.0
endommage,origin,-2e-08,1.945e-06,-60000000.0,37293539.4556,10.0
endommage,origin,-2e-08,1.947e-06,-60000000.0,37331887.5681,10.0
endommage,origin,-2e-08,1.949e-06,-60000000.0,37370235.6807,10.0
endommage,origin,-2e-08,1.951e-06,-60000000.0,37408583.7932,10.0
endommage,origin,-2e-08,1.953e-06,-60000000.0,37446931.9058,10.0
endommage,origin,-2e-08,1.955e-06,-60000000.0,37485280.0183,10.0
endommage,origin,-2e-08,1.957e-06,-60000000.0,37523628.1309,10.0
endommage,origin,-2e-08,1.959e-06,-60000000.0,37561976.2434,10.0
endommage,origin,-2e-08,1.961e-06,-60000000.0,37600324.356,10.0
endommage,origin,-2e-08,1.963e-06,-60000000.0,37638672.4685,10.0
endommage,origin,-2e-08,1.965e-06,-60000000.0,37677020.5811,10.0
endommage,origin,-2e-08,1.967e-06,-60000000.0,37715368.6936,10.0
endommage,origin,-2e-08,1.969e-06,-60000000.0,37753716.8062,10.0
endommage,origin,-2e-08,1.971e-06,-60000000.0,37792064.9187,10.0
endommage,origin,-2e-08,1.973e-06,-60000000.0,37830413.0313,10.0
endommage,origin,-2e-08,1.975e-06,-60000000.0,37868761.1438,10.0
endommage,origin,-2e-08,1.977e-06,-60000000.0,37907109.2564,10.0
endommage,origin,-2e-08,1.979e-06,-60000000.0,37945457.3689,10.0
endommage,origin,-2e-08,1.981e-06,-60000000.0,37983805.4815,10.0
endommage,origin,-2e-08,1.983e-06,-60000000.0,38022153.594,10.0
endommage,origin,-2e-08,1.985e-06,-60000000.0,38060501.7066,10.0
endommage,origin,-2e-08,1.987e-06,-60000000.0,38098849.8191,10.0
endommage,origin,-2e-08,1.989e-06,-60000000.0,38137197.9317,10.0
endommage,origin,-2e-08,1.991e-06,-60000000.0,38175546.0442,10.0
endommage,origin,-2e-08,1.993e-06,-60000000.0,38213894.1568,10.0
endommage,origin,-2e-08,1.995e-06,-60000000.0,38252242.2693,10.0
endommage,origin,-2e-08,1.997e-06,-60000000.0,38290590.3819,10.0
endommage,origin,-2e-08,1.999e-06,-60000000.0,38328938.4944,10.0
endommage,origin,-2.1e-08,2e-06,-63000000.0,38348112.5507,11.0
endommage,origin,-2.3e-08,2e-06,-69000000.0001,38348112.5507,11.0
endommage,origin,-2.5e-08,2e-06,-74999999.9999,38348112.5507,11.0
endommage,origin,-2.7e-08,2e-06,-81000000.0,38348112.5507,11.0
endommage,origin,-2.9e-08,2e-06,-87000000.0001,38348112.5507,11.0
endommage,origin,-3.09999999999e-08,2e-06,-92999999.99980001,38348112.5507,11.0
endommage,origin,-3.3e-08,2e-06,-98999999.9999,38348112.5507,11.0
endommage,origin,-3.5e-08,2e-06,-105000000.0,38348112.5507,11.0
endommage,origin,-3.7e-08,2e-06,-111000000.0,38348112.5507,11.0
endommage,origin,-3.9e-08,2e-06,-117000000.0,38348112.5507,11.0
endommage,origin,-4.1e-08,2e-06,-123000000.0,38348112.5507,11.0
endommage,origin,-4.3e-08,2e-06,-129000000.0,38348112.5507,11.0
endommage,origin,-4.49999999999e-08,2e-06,-135000000.0,38348112.5507,11.0
endommage,origin,-4.7e-08,2e-06,-141000000.0,38348112.5507,11.0
endommage,origin,-4.9e-08,2e-06,-147000000.0,38348112.5507,11.0
endommage,origin,-5.1e-08,2e-06,-153000000.0,38348112.5507,11.0
endommage,origin,-5.3e-08,2e-06,-159000000.0,38348112.5507,11.0
endommage,origin,-5.5e-08,2e-06,-165000000.0,38348112.5507,11.0
endommage,origin,-5.7e-08,2e-06,-171000000.0,38348112.5507,11.0
endommage,origin,-5.9e-08,2e-06,-177000000.0,38348112.5507,11.0
endommage,origin,-6.1e-08,2e-06,-183000000.0,38348112.5507,11.0
endommage,origin,-6.3e-08,2e-06,-189000000.0,38348112.5507,11.0
endommage,origin,-6.5e-08,2e-06,-195000000.0,38348112.5507,11.0
endommage,origin,-6.7e-08,2e-06,-201000000.0,38348112.5507,11.0
endommage,origin,-6.9e-08,2e-06,-207000000.0,38348112.5507,11.0
endommage,origin,-7.1e-08,2e-06,-213000000.0,38348112.5507,11.0
endommage,origin,-7.3e-08,2e-06,-219000000.0,38348112.5507,11.0
endommage,origin,-7.5e-08,2e-06,-225000000.0,38348112.5507,11.0
endommage,origin,-7.7e-08,2e-06,-231000000.0,38348112.5507,11.0
endommage,origin,-7.90000000001e-08,2e-06,-237000000.0,38348112.5507,11.0
endommage,origin,-8.1e-08,2e-06,-243000000.0,38348112.5507,11.0
endommage,origin,-8.3e-08,2e-06,-249000000.0,38348112.5507,11.0
endommage,origin,-8.5e-08,2e-06,-255000000.0,38348112.5507,11.0
endommage,origin,-8.7e-08,2e-06,-261000000.0,38348112.5507,11.0
endommage,origin,-8.9e-08,2e-06,-267000000.0,38348112.5507,11.0
endommage,origin,-9.1e-08,2e-06,-273000000.0,38348112.5507,11.0
endommage,origin,-9.29999999999e-08,2e-06,-279000000.0,38348112.5507,11.0
endommage,origin,-9.5e-08,2e-06,-285000000.0,38348112.5507,11.0
endommage,origin,-9.7e-08,2e-06,-291000000.0,38348112.5507,11.0
endommage,origin,-9.9e-08,2e-06,-297000000.0,38348112.5507,11.0
endommage,origin,-1.01e-07,2e-06,-303000000.0,38348112.5507,11.0
endommage,origin,-1.03e-07,2e-06,-309000000.0,38348112.5507,11.0
endommage,origin,-1.05e-07,2e-06,-315000000.0,38348112.5507,11.0
endommage,origin,-1.07e-07,2e-06,-321000000.0,38348112.5507,11.0
endommage,origin,-1.09e-07,2e-06,-327000000.0,38348112.5507,11.0
endommage,origin,-1.11e-07,2e-06,-333000000.0,38348112.5507,11.0
endommage,origin,-1.13e-07,2e-06,-339000000.0,38348112.5507,11.0
endommage,origin,-1.15e-07,2e-06,-345000000.0,38348112.5507,11.0
endommage,origin,-1.17e-07,2e-06,-351000000.0,38348112.5507,11.0
endommage,origin,-1.19e-07,2e-06,-357000000.0,38348112.5507,11.0
endommage,origin,-1.21e-07,2e-06,-363000000.0,38348112.5507,11.0
endommage,origin,-1.23e-07,2e-06,-369000000.0,38348112.5507,11.0
endommage,origin,-1.25e-07,2e-06,-375000000.0,38348112.5507,11.0
endommage,origin,-1.27e-07,2e-06,-381000000.0,38348112.5507,11.0
endommage,origin,-1.29e-07,2e-06,-387000000.0,38348112.5507,11.0
endommage,origin,-1.31e-07,2e-06,-393000000.0,38348112.5507,11.0
endommage,origin,-1.33e-07,2e-06,-399000000.0,38348112.5507,11.0
endommage,origin,-1.35e-07,2e-06,-405000000.0,38348112.5507,11.0
endommage,origin,-1.37e-07,2e-06,-411000000.0,38348112.5507,11.0
endommage,origin,-1.39e-07,2e-06,-417000000.0,38348112.5507,11.0
endommage,origin,-1.41e-07,2e-06,-423000000.0,38348112.5507,11.0
endommage,origin,-1.43e-07,2e-06,-429000000.0,38348112.5507,11.0
endommage,origin,-1.45e-07,2e-06,-435000000.0,38348112.5507,11.0
endommage,origin,-1.47e-07,2e-06,-441000000.0,38348112.5507,11.0
endommage,origin,-1.49e-07,2e-06,-447000000.0,38348112.5507,11.0
endommage,origin,-1.51e-07,2e-06,-453000000.0,38348112.5507,11.0
endommage,origin,-1.53e-07,2e-06,-459000000.0,38348112.5507,11.0
endommage,origin,-1.55e-07,2e-06,-465000000.0,38348112.5507,11.0
endommage,origin,-1.57e-07,2e-06,-471000000.0,38348112.5507,11.0
endommage,origin,-1.59e-07,2e-06,-477000000.0,38348112.5507,11.0
endommage,origin,-1.61e-07,2e-06,-483000000.0,38348112.5507,11.0
endommage,origin,-1.63e-07,2e-06,-489000000.0,38348112.5507,11.0
endommage,origin,-1.65e-07,2e-06,-495000000.0,38348112.5507,11.0
endommage,origin,-1.67e-07,2e-06,-501000000.0,38348112.5507,11.0
endommage,origin,-1.69e-07,2e-06,-507000000.0,38348112.5507,11.0
endommage,origin,-1.71e-07,2e-06,-513000000.0,38348112.5507,11.0
endommage,origin,-1.73e-07,2e-06,-519000000.0,38348112.5507,11.0
endommage,origin,-1.75e-07,2e-06,-525000000.0,38348112.5507,11.0
endommage,origin,-1.77e-07,2e-06,-531000000.0,38348112.5507,11.0
endommage,origin,-1.79e-07,2e-06,-537000000.0,38348112.5507,11.0
endommage,origin,-1.81e-07,2e-06,-543000000.0,38348112.5507,11.0
endommage,origin,-1.83e-07,2e-06,-549000000.0,38348112.5507,11.0
endommage,origin,-1.85e-07,2e-06,-555000000.0,38348112.5507,11.0
endommage,origin,-1.87e-07,2e-06,-561000000.0,38348112.5507,11.0
endommage,origin,-1.89e-07,2e-06,-567000000.0,38348112.5507,11.0
endommage,origin,-1.91e-07,2e-06,-573000000.0,38348112.5507,11.0
endommage,origin,-1.93e-07,2e-06,-579000000.0,38348112.5507,11.0
endommage,origin,-1.95e-07,2e-06,-585000000.0,38348112.5507,11.0
endommage,origin,-1.97e-07,2e-06,-591000000.0,38348112.5507,11.0
endommage,origin,-1.99e-07,2e-06,-597000000.0,38348112.5507,11.0
endommage,origin,-2e-07,1.999e-06,-600000000.0,38328938.4944,12.0
endommage,origin,-2e-07,1.997e-06,-600000000.0,38290590.3819,12.0
endommage,origin,-2e-07,1.995e-06,-600000000.0,38252242.2693,12.0
endommage,origin,-2e-07,1.993e-06,-600000000.0,38213894.1568,12.0
endommage,origin,-2e-07,1.991e-06,-600000000.0,38175546.0442,12.0
endommage,origin,-2e-07,1.989e-06,-600000000.0,38137197.9317,12.0
endommage,origin,-2e-07,1.987e-06,-600000000.0,38098849.8191,12.0
endommage,origin,-2e-07,1.985e-06,-600000000.0,38060501.7066,12.0
endommage,origin,-2e-07,1.983e-06,-600000000.0,38022153.594,12.0
endommage,origin,-2e-07,1.981e-06,-600000000.0,37983805.4815,12.0
endommage,origin,-2e-07,1.979e-06,-600000000.0,37945457.3689,12.0
endommage,origin,-2e-07,1.977e-06,-600000000.0,37907109.2564,12.0
endommage,origin,-2e-07,1.975e-06,-600000000.0,37868761.1438,12.0
endommage,origin,-2e-07,1.973e-06,-600000000.0,37830413.0313,12.0
endommage,origin,-2e-07,1.971e-06,-600000000.0,37792064.9187,12.0
endommage,origin,-2e-07,1.969e-06,-600000000.0,37753716.8062,12.0
endommage,origin,-2e-07,1.967e-06,-600000000.0,37715368.6936,12.0
endommage,origin,-2e-07,1.965e-06,-600000000.0,37677020.5811,12.0
endommage,origin,-2e-07,1.963e-06,-600000000.0,37638672.4685,12.0
endommage,origin,-2e-07,1.961e-06,-600000000.0,37600324.356,12.0
endommage,origin,-2e-07,1.959e-06,-600000000.0,37561976.2434,12.0
endommage,origin,-2e-07,1.957e-06,-600000000.0,37523628.1309,12.0
endommage,origin,-2e-07,1.955e-06,-600000000.0,37485280.0183,12.0
endommage,origin,-2e-07,1.953e-06,-600000000.0,37446931.9058,12.0
endommage,origin,-2e-07,1.951e-06,-600000000.0,37408583.7932,12.0
endommage,origin,-2e-07,1.949e-06,-600000000.0,37370235.6807,12.0
endommage,origin,-2e-07,1.947e-06,-600000000.0,37331887.5681,12.0
endommage,origin,-2e-07,1.945e-06,-600000000.0,37293539.4556,12.0
endommage,origin,-2e-07,1.943e-06,-600000000.0,37255191.343,12.0
endommage,origin,-2e-07,1.941e-06,-600000000.0,37216843.2305,12.0
endommage,origin,-2e-07,1.939e-06,-600000000.0,37178495.1179,12.0
endommage,origin,-2e-07,1.937e-06,-600000000.0,37140147.0054,12.0
endommage,origin,-2e-07,1.935e-06,-600000000.0,37101798.8928,12.0
endommage,origin,-2e-07,1.933e-06,-600000000.0,37063450.7803,12.0
endommage,origin,-2e-07,1.931e-06,-600000000.0,37025102.6677,12.0
endommage,origin,-2e-07,1.929e-06,-600000000.0,36986754.5552,12.0
endommage,origin,-2e-07,1.927e-06,-600000000.0,36948406.4426,12.0
endommage,origin,-2e-07,1.925e-06,-600000000.0,36910058.3301,12.0
endommage,origin,-2e-07,1.923e-06,-600000000.0,36871710.2175,12.0
endommage,origin,-2e-07,1.921e-06,-600000000.0,36833362.105,12.0
endommage,origin,-2e-07,1.919e-06,-600000000.0,36795013.9924,12.0
endommage,origin,-2e-07,1.917e-06,-600000000.0,36756665.8799,12.0
endommage,origin,-2e-07,1.915e-06,-600000000.0,36718317.7673,12.0
endommage,origin,-2e-07,1.913e-06,-600000000.0,36679969.6548,12.0
endommage,origin,-2e-07,1.911e-06,-600000000.0,36641621.5422,12.0
endommage,origin,-2e-07,1.909e-06,-600000000.0,36603273.4297,12.0
endommage,origin,-2e-07,1.907e-06,-600000000.0,36564925.3171,12.0
endommage,origin,-2e-07,1.905e-06,-600000000.0,36526577.2046,12.0
endommage,origin,-2e-07,1.903e-06,-600000000.0,36488229.092,12.0
endommage,origin,-2e-07,1.901e-06,-600000000.0,36449880.9795,12.0
endommage,origin,-2e-07,1.899e-06,-600000000.0,36411532.8669,12.0
endommage,origin,-2e-07,1.897e-06,-600000000.0,36373184.7544,12.0
endommage,origin,-2e-07,1.895e-06,-600000000.0,36334836.6418,12.0
endommage,origin,-2e-07,1.893e-06,-600000000.0,36296488.5293,12.0
endommage,origin,-2e-07,1.891e-06,-600000000.0,36258140.4167,12.0
endommage,origin,-2e-07,1.889e-06,-600000000.0,36219792.3042,12.0
endommage,origin,-2e-07,1.887e-06,-600000000.0,36181444.1916,12.0
endommage,origin,-2e-07,1.885e-06,-600000000.0,36143096.0791,12.0
endommage,origin,-2e-07,1.883e-06,-600000000.0,36104747.9665,12.0
endommage,origin,-2e-07,1.881e-06,-600000000.0,36066399.85396667,12.0
endommage,origin,-2e-07,1.879e-06,-600000000.0,36028051.7414,12.0
endommage,origin,-2e-07,1.877e-06,-600000000.0,35989703.6288,12.0
endommage,origin,-2e-07,1.875e-06,-600000000.0,35951355.5163,12.0
endommage,origin,-2e-07,1.873e-06,-600000000.0,35913007.4037,12.0
endommage,origin,-2e-07,1.871e-06,-600000000.0,35874659.2912,12.0
endommage,origin,-2e-07,1.869e-06,-600000000.0,35836311.1786,12.0
endommage,origin,-2e-07,1.867e-06,-600000000.0,35797963.0661,12.0
endommage,origin,-2e-07,1.865e-06,-600000000.0,35759614.9535,12.0
endommage,origin,-2e-07,1.863e-06,-600000000.0,35721266.841,12.0
endommage,origin,-2e-07,1.861e-06,-600000000.0,35682918.7284,12.0
endommage,origin,-2e-07,1.859e-06,-600000000.0,35644570.6159,12.0
endommage,origin,-2e-07,1.857e-06,-600000000.0,35606222.5033,12.0
endommage,origin,-2e-07,1.855e-06,-600000000.0,35567874.3908,12.0
endommage,origin,-2e-07,1.853e-06,-600000000.0,35529526.2782,12.0
endommage,origin,-2e-07,1.851e-06,-600000000.0,35491178.1657,12.0
endommage,origin,-2e-07,1.849e-06,-600000000.0,35452830.0531,12.0
endommage,origin,-2e-07,1.847e-06,-600000000.0,35414481.9406,12.0
endommage,origin,-2e-07,1.845e-06,-600000000.0,35376133.828,12.0
endommage,origin,-2e-07,1.843e-06,-600000000.0,35337785.7155,12.0
endommage,origin,-2e-07,1.841e-06,-600000000.0,35299437.6029,12.0
endommage,origin,-2e-07,1.839e-06,-600000000.0,35261089.4904,12.0
endommage,origin,-2e-07,1.837e-06,-600000000.0,35222741.3778,12.0
endommage,origin,-2e-07,1.835e-06,-600000000.0,35184393.2653,12.0
endommage,origin,-2e-07,1.833e-06,-600000000.0,35146045.1527,12.0
endommage,origin,-2e-07,1.831e-06,-600000000.0,35107697.0402,12.0
endommage,origin,-2e-07,1.829e-06,-600000000.0,35069348.9276,12.0
endommage,origin,-2e-07,1.827e-06,-600000000.0,35031000.8151,12.0
endommage,origin,-2e-07,1.825e-06,-600000000.0,34992652.7025,12.0
endommage,origin,-2e-07,1.823e-06,-600000000.0,34954304.59,12.0
endommage,origin,-2e-07,1.821e-06,-600000000.0,34915956.4774,12.0
endommage,origin,-2e-07,1.819e-06,-600000000.0,34877608.3649,12.0
endommage,origin,-2e-07,1.817e-06,-600000000.0,34839260.2523,12.0
endommage,origin,-2e-07,1.815e-06,-600000000.0,34800912.1398,12.0
endommage,origin,-2e-07,1.813e-06,-600000000.0,34762564.0272,12.0
endommage,origin,-2e-07,1.811e-06,-600000000.0,34724215.9147,12.0
endommage,origin,-2e-07,1.809e-06,-600000000.0,34685867.8021,12.0
endommage,origin,-2e-07,1.807e-06,-600000000.0,34647519.6896,12.0
endommage,origin,-2e-07,1.805e-06,-600000000.0,34609171.577,12.0
endommage,origin,-2e-07,1.803e-06,-600000000.0,34570823.4645,12.0
endommage,origin,-2e-07,1.801e-06,-600000000.0,34532475.3519,12.0
endommage,origin,-2e-07,1.799e-06,-600000000.0,34494127.2394,12.0
endommage,origin,-2e-07,1.797e-06,-600000000.0,34455779.1268,12.0
endommage,origin,-2e-07,1.795e-06,-600000000.0,34417431.0143,12.0
endommage,origin,-2e-07,1.793e-06,-600000000.0,34379082.9017,12.0
endommage,origin,-2e-07,1.791e-06,-600000000.0,34340734.7892,12.0
endommage,origin,-2e-07,1.789e-06,-600000000.0,34302386.6766,12.0
endommage,origin,-2e-07,1.787e-06,-600000000.0,34264038.5641,12.0
endommage,origin,-2e-07,1.785e-06,-600000000.0,34225690.4515,12.0
endommage,origin,-2e-07,1.783e-06,-600000000.0,34187342.339,12.0
endommage,origin,-2e-07,1.781e-06,-600000000.0,34148994.2264,12.0
endommage,origin,-2e-07,1.779e-06,-600000000.0,34110646.1139,12.0
endommage,origin,-2e-07,1.777e-06,-600000000.0,34072298.0013,12.0
endommage,origin,-2e-07,1.775e-06,-600000000.0,34033949.8888,12.0
endommage,origin,-2e-07,1.773e-06,-600000000.0,33995601.7762,12.0
endommage,origin,-2e-07,1.771e-06,-600000000.0,33957253.6637,12.0
endommage,origin,-2e-07,1.769e-06,-600000000.0,33918905.5511,12.0
endommage,origin,-2e-07,1.767e-06,-600000000.0,33880557.4386,12.0
endommage,origin,-2e-07,1.765e-06,-600000000.0,33842209.326,12.0
endommage,origin,-2e-07,1.763e-06,-600000000.0,33803861.2135,12.0
endommage,origin,-2e-07,1.761e-06,-600000000.0,33765513.1009,12.0
endommage,origin,-2e-07,1.759e-06,-600000000.0,33727164.9884,12.0
endommage,origin,-2e-07,1.757e-06,-600000000.0,33688816.8758,12.0
endommage,origin,-2e-07,1.755e-06,-600000000.0,33650468.7633,12.0
endommage,origin,-2e-07,1.753e-06,-600000000.0,33612120.6507,12.0
endommage,origin,-2e-07,1.751e-06,-600000000.0,33573772.5382,12.0
endommage,origin,-2e-07,1.749e-06,-600000000.0,33535424.425600003,12.0
endommage,origin,-2e-07,1.747e-06,-600000000.0,33497076.3131,12.0
endommage,origin,-2e-07,1.745e-06,-600000000.0,33458728.2005,12.0
endommage,origin,-2e-07,1.743e-06,-600000000.0,33420380.088,12.0
endommage,origin,-2e-07,1.741e-06,-600000000.0,33382031.9754,12.0
endommage,origin,-2e-07,1.739e-06,-600000000.0,33343683.8628,12.0
endommage,origin,-2e-07,1.737e-06,-600000000.0,33305335.7503,12.0
endommage,origin,-2e-07,1.735e-06,-600000000.0,33266987.637700003,12.0
endommage,origin,-2e-07,1.733e-06,-600000000.0,33228639.5252,12.0
endommage,origin,-2e-07,1.731e-06,-600000000.0,33190291.4126,12.0
endommage,origin,-2e-07,1.729e-06,-600000000.0,33151943.3001,12.0
endommage,origin,-2e-07,1.727e-06,-600000000.0,33113595.1875,12.0
endommage,origin,-2e-07,1.725e-06,-600000000.0,33075247.075,12.0
endommage,origin,-2e-07,1.723e-06,-600000000.0,33036898.9624,12.0
endommage,origin,-2e-07,1.721e-06,-600000000.0,32998550.849899996,12.0
endommage,origin,-2e-07,1.719e-06,-600000000.0,32960202.737299997,12.0
endommage,origin,-2e-07,1.717e-06,-600000000.0,32921854.6248,12.0
endommage,origin,-2e-07,1.715e-06,-600000000.0,32883506.5122,12.0
endommage,origin,-2e-07,1.713e-06,-600000000.0,32845158.3997,12.0
endommage,origin,-2e-07,1.711e-06,-600000000.0,32806810.2871,12.0
endommage,origin,-2e-07,1.709e-06,-600000000.0,32768462.1746,12.0
endommage,origin,-2e-07,1.707e-06,-600000000.0,32730114.061999995,12.0
endommage,origin,-2e-07,1.705e-06,-600000000.0,32691765.9495,12.0
endommage,origin,-2e-07,1.703e-06,-600000000.0,32653417.8369,12.0
endommage,origin,-2e-07,1.701e-06,-600000000.0,32615069.7244,12.0
endommage,origin,-2e-07,1.699e-06,-600000000.0,32576721.6118,12.0
endommage,origin,-2e-07,1.697e-06,-600000000.0,32538373.4993,12.0
endommage,origin,-2e-07,1.695e-06,-600000000.0,32500025.3867,12.0
endommage,origin,-2e-07,1.693e-06,-600000000.0,32461677.274200004,12.0
endommage,origin,-2e-07,1.691e-06,-600000000.0,32423329.161600005,12.0
endommage,origin,-2e-07,1.689e-06,-600000000.0,32384981.0491,12.0
endommage,origin,-2e-07,1.687e-06,-600000000.0,32346632.9365,12.0
endommage,origin,-2e-07,1.685e-06,-600000000.0,32308284.824,12.0
endommage,origin,-2e-07,1.683e-06,-600000000.0,32269936.7114,12.0
endommage,origin,-2e-07,1.681e-06,-600000000.0,32231588.5989,12.0
endommage,origin,-2e-07,1.679e-06,-600000000.0,32193240.486300003,12.0
endommage,origin,-2e-07,1.677e-06,-600000000.0,32154892.3738,12.0
endommage,origin,-2e-07,1.675e-06,-600000000.0,32116544.2612,12.0
endommage,origin,-2e-07,1.673e-06,-600000000.0,32078196.1487,12.0
endommage,origin,-2e-07,1.671e-06,-600000000.0,32039848.0361,12.0
endommage,origin,-2e-07,1.669e-06,-600000000.0,32001499.9236,12.0
endommage,origin,-2e-07,1.667e-06,-600000000.0,31963151.811,12.0
endommage,origin,-2e-07,1.665e-06,-600000000.0,31924803.698499996,12.0
endommage,origin,-2e-07,1.663e-06,-600000000.0,31886455.585899998,12.0
endommage,origin,-2e-07,1.661e-06,-600000000.0,31848107.4734,12.0
endommage,origin,-2e-07,1.659e-06,-600000000.0,31809759.3608,12.0
endommage,origin,-2e-07,1.657e-06,-600000000.0,31771411.2483,12.0
endommage,origin,-2e-07,1.655e-06,-600000000.0,31733063.1357,12.0
endommage,origin,-2e-07,1.653e-06,-600000000.0,31694715.0232,12.0
endommage,origin,-2e-07,1.651e-06,-600000000.0,31656366.910599995,12.0
endommage,origin,-2e-07,1.649e-06,-600000000.0,31618018.7981,12.0
endommage,origin,-2e-07,1.647e-06,-600000000.0,31579670.6855,12.0
endommage,origin,-2e-07,1.645e-06,-600000000.0,31541322.573,12.0
endommage,origin,-2e-07,1.643e-06,-600000000.0,31502974.4604,12.0
endommage,origin,-2e-07,1.641e-06,-600000000.0,31464626.3479,12.0
endommage,origin,-2e-07,1.639e-06,-600000000.0,31426278.2353,12.0
endommage,origin,-2e-07,1.637e-06,-600000000.0,31387930.122800004,12.0
endommage,origin,-2e-07,1.635e-06,-600000000.0,31349582.010200005,12.0
endommage,origin,-2e-07,1.633e-06,-600000000.0,31311233.8977,12.0
endommage,origin,-2e-07,1.631e-06,-600000000.0,31272885.7851,12.0
endommage,origin,-2e-07,1.629e-06,-600000000.0,31234537.6726,12.0
endommage,origin,-2e-07,1.627e-06,-600000000.0,31196189.56,12.0
endommage,origin,-2e-07,1.625e-06,-600000000.0,31157841.4475,12.0
endommage,origin,-2e-07,1.623e-06,-600000000.0,31119493.334900003,12.0
endommage,origin,-2e-07,1.621e-06,-600000000.0,31081145.2224,12.0
endommage,origin,-2e-07,1.619e-06,-600000000.0,31042797.1098,12.0
endommage,origin,-2e-07,1.617e-06,-600000000.0,31004448.9973,12.0
endommage,origin,-2e-07,1.615e-06,-600000000.0,30966100.8847,12.0
endommage,origin,-2e-07,1.613e-06,-600000000.0,30927752.7722,12.0
endommage,origin,-2e-07,1.611e-06,-600000000.0,30889404.6596,12.0
endommage,origin,-2e-07,1.609e-06,-600000000.0,30851056.547099996,12.0
endommage,origin,-2e-07,1.607e-06,-600000000.0,30812708.434499998,12.0
endommage,origin,-2e-07,1.605e-06,-600000000.0,30774360.322,12.0
endommage,origin,-2e-07,1.603e-06,-600000000.0,30736012.2094,12.0
endommage,origin,-2e-07,1.601e-06,-600000000.0,30697664.0968,12.0
endommage,origin,-2e-07,1.599e-06,-600000000.0,30659315.9843,12.0
endommage,origin,-2e-07,1.597e-06,-600000000.0,30620967.8717,12.0
endommage,origin,-2e-07,1.595e-06,-600000000.0,30582619.759199996,12.0
endommage,origin,-2e-07,1.593e-06,-600000000.0,30544271.646599997,12.0
endommage,origin,-2e-07,1.591e-06,-600000000.0,30505923.5341,12.0
endommage,origin,-2e-07,1.589e-06,-600000000.0,30467575.4215,12.0
endommage,origin,-2e-07,1.587e-06,-600000000.0,30429227.309,12.0
endommage,origin,-2e-07,1.585e-06,-600000000.0,30390879.1964,12.0
endommage,origin,-2e-07,1.583e-06,-600000000.0,30352531.0839,12.0
endommage,origin,-2e-07,1.581e-06,-600000000.0,30314182.971299995,12.0
endommage,origin,-2e-07,1.579e-06,-600000000.0,30275834.858800005,12.0
endommage,origin,-2e-07,1.577e-06,-600000000.0,30237486.7462,12.0
endommage,origin,-2e-07,1.575e-06,-600000000.0,30199138.6337,12.0
endommage,origin,-2e-07,1.573e-06,-600000000.0,30160790.5211,12.0
endommage,origin,-2e-07,1.571e-06,-600000000.0,30122442.4086,12.0
endommage,origin,-2e-07,1.569e-06,-600000000.0,30084094.296,12.0
endommage,origin,-2e-07,1.567e-06,-600000000.0,30045746.183500003,12.0
endommage,origin,-2e-07,1.565e-06,-600000000.0,30007398.070900004,12.0
endommage,origin,-2e-07,1.563e-06,-600000000.0,29969049.9584,12.0
endommage,origin,-2e-07,1.561e-06,-600000000.0,29930701.8458,12.0
endommage,origin,-2e-07,1.559e-06,-600000000.0,29892353.7333,12.0
endommage,origin,-2e-07,1.557e-06,-600000000.0,29854005.6207,12.0
endommage,origin,-2e-07,1.555e-06,-600000000.0,29815657.5082,12.0
endommage,origin,-2e-07,1.553e-06,-600000000.0,29777309.395600002,12.0
endommage,origin,-2e-07,1.551e-06,-600000000.0,29738961.283099998,12.0
endommage,origin,-2e-07,1.549e-06,-600000000.0,29700613.1705,12.0
endommage,origin,-2e-07,1.547e-06,-600000000.0,29662265.058,12.0
endommage,origin,-2e-07,1.545e-06,-600000000.0,29623916.9454,12.0
endommage,origin,-2e-07,1.543e-06,-600000000.0,29585568.8329,12.0
endommage,origin,-2e-07,1.541e-06,-600000000.0,29547220.7203,12.0
endommage,origin,-2e-07,1.539e-06,-600000000.0,29508872.607799996,12.0
endommage,origin,-2e-07,1.537e-06,-600000000.0,29470524.495199997,12.0
endommage,origin,-2e-07,1.535e-06,-600000000.0,29432176.3827,12.0
endommage,origin,-2e-07,1.533e-06,-600000000.0,29393828.2701,12.0
endommage,origin,-2e-07,1.531e-06,-600000000.0,29355480.1576,12.0
endommage,origin,-2e-07,1.529e-06,-600000000.0,29317132.045,12.0
endommage,origin,-2e-07,1.527e-06,-600000000.0,29278783.9325,12.0
endommage,origin,-2e-07,1.525e-06,-600000000.0,29240435.819899995,12.0
endommage,origin,-2e-07,1.523e-06,-600000000.0,29202087.707400005,12.0
endommage,origin,-2e-07,1.521e-06,-600000000.0,29163739.5948,12.0
endommage,origin,-2e-07,1.519e-06,-600000000.0,29125391.4823,12.0
endommage,origin,-2e-07,1.517e-06,-600000000.0,29087043.3697,12.0
endommage,origin,-2e-07,1.515e-06,-600000000.0,29048695.2572,12.0
endommage,origin,-2e-07,1.513e-06,-600000000.0,29010347.1446,12.0
endommage,origin,-2e-07,1.511e-06,-600000000.0,28971999.032100003,12.0
endommage,origin,-2e-07,1.509e-06,-600000000.0,28933650.919500005,12.0
endommage,origin,-2e-07,1.507e-06,-600000000.0,28895302.807,12.0
endommage,origin,-2e-07,1.505e-06,-600000000.0,28856954.6944,12.0
endommage,origin,-2e-07,1.503e-06,-600000000.0,28818606.5819,12.0
endommage,origin,-2e-07,1.501e-06,-600000000.0,28780258.4693,12.0
endommage,origin,-2e-07,1.499e-06,-600000000.0,28741910.3568,12.0
endommage,origin,-2e-07,1.497e-06,-600000000.0,28703562.244200002,12.0
endommage,origin,-2e-07,1.495e-06,-600000000.0,28665214.131699998,12.0
endommage,origin,-2e-07,1.493e-06,-600000000.0,28626866.0191,12.0
endommage,origin,-2e-07,1.491e-06,-600000000.0,28588517.9066,12.0
endommage,origin,-2e-07,1.489e-06,-600000000.0,28550169.794,12.0
endommage,origin,-2e-07,1.487e-06,-600000000.0,28511821.6815,12.0
endommage,origin,-2e-07,1.485e-06,-600000000.0,28473473.5689,12.0
endommage,origin,-2e-07,1.483e-06,-600000000.0,28435125.456399996,12.0
endommage,origin,-2e-07,1.481e-06,-600000000.0,28396777.343799997,12.0
endommage,origin,-2e-07,1.479e-06,-600000000.0,28358429.2313,12.0
endommage,origin,-2e-07,1.477e-06,-600000000.0,28320081.1187,12.0
endommage,origin,-2e-07,1.475e-06,-600000000.0,28281733.0062,12.0
endommage,origin,-2e-07,1.473e-06,-600000000.0,28243384.8936,12.0
endommage,origin,-2e-07,1.471e-06,-600000000.0,28205036.7811,12.0
endommage,origin,-2e-07,1.469e-06,-600000000.0,28166688.668499995,12.0
endommage,origin,-2e-07,1.467e-06,-600000000.0,28128340.556000005,12.0
endommage,origin,-2e-07,1.465e-06,-600000000.0,28089992.4434,12.0
endommage,origin,-2e-07,1.463e-06,-600000000.0,28051644.330866665,12.0
endommage,origin,-2e-07,1.461e-06,-600000000.0,28013296.2183,12.0
endommage,origin,-2e-07,1.459e-06,-600000000.0,27974948.105733335,12.0
endommage,origin,-2e-07,1.457e-06,-600000000.0,27936599.9932,12.0
endommage,origin,-2e-07,1.455e-06,-600000000.0,27898251.8806,12.0
endommage,origin,-2e-07,1.453e-06,-600000000.0,27859903.768100005,12.0
endommage,origin,-2e-07,1.451e-06,-600000000.0,27821555.6555,12.0
endommage,origin,-2e-07,1.449e-06,-600000000.0,27783207.543,12.0
endommage,origin,-2e-07,1.447e-06,-600000000.0,27744859.4304,12.0
endommage,origin,-2e-07,1.445e-06,-600000000.0,27706511.3179,12.0
endommage,origin,-2e-07,1.443e-06,-600000000.0,27668163.2053,12.0
endommage,origin,-2e-07,1.441e-06,-600000000.0,27629815.092800003,12.0
endommage,origin,-2e-07,1.439e-06,-600000000.0,27591466.980200004,12.0
endommage,origin,-2e-07,1.437e-06,-600000000.0,27553118.8677,12.0
endommage,origin,-2e-07,1.435e-06,-600000000.0,27514770.7551,12.0
endommage,origin,-2e-07,1.433e-06,-600000000.0,27476422.6426,12.0
endommage,origin,-2e-07,1.431e-06,-600000000.0,27438074.53,12.0
endommage,origin,-2e-07,1.429e-06,-600000000.0,27399726.4175,12.0
endommage,origin,-2e-07,1.427e-06,-600000000.0,27361378.3049,12.0
endommage,origin,-2e-07,1.425e-06,-600000000.0,27323030.192399997,12.0
endommage,origin,-2e-07,1.423e-06,-600000000.0,27284682.0798,12.0
endommage,origin,-2e-07,1.421e-06,-600000000.0,27246333.9673,12.0
endommage,origin,-2e-07,1.419e-06,-600000000.0,27207985.8547,12.0
endommage,origin,-2e-07,1.417e-06,-600000000.0,27169637.7422,12.0
endommage,origin,-2e-07,1.415e-06,-600000000.0,27131289.6296,12.0
endommage,origin,-2e-07,1.413e-06,-600000000.0,27092941.517099995,12.0
endommage,origin,-2e-07,1.411e-06,-600000000.0,27054593.404499996,12.0
endommage,origin,-2e-07,1.409e-06,-600000000.0,27016245.292,12.0
endommage,origin,-2e-07,1.407e-06,-600000000.0,26977897.1794,12.0
endommage,origin,-2e-07,1.405e-06,-600000000.0,26939549.0669,12.0
endommage,origin,-2e-07,1.403e-06,-600000000.0,26901200.9543,12.0
endommage,origin,-2e-07,1.401e-06,-600000000.0,26862852.8418,12.0
endommage,origin,-2e-07,1.399e-06,-600000000.0,26824504.7292,12.0
endommage,origin,-2e-07,1.397e-06,-600000000.0,26786156.616700005,12.0
endommage,origin,-2e-07,1.395e-06,-600000000.0,26747808.5041,12.0
endommage,origin,-2e-07,1.393e-06,-600000000.0,26709460.3916,12.0
endommage,origin,-2e-07,1.391e-06,-600000000.0,26671112.279,12.0
endommage,origin,-2e-07,1.389e-06,-600000000.0,26632764.1665,12.0
endommage,origin,-2e-07,1.387e-06,-600000000.0,26594416.0539,12.0
endommage,origin,-2e-07,1.385e-06,-600000000.0,26556067.941400003,12.0
endommage,origin,-2e-07,1.383e-06,-600000000.0,26517719.828800004,12.0
endommage,origin,-2e-07,1.381e-06,-600000000.0,26479371.7163,12.0
endommage,origin,-2e-07,1.379e-06,-600000000.0,26441023.6037,12.0
endommage,origin,-2e-07,1.377e-06,-600000000.0,26402675.4912,12.0
endommage,origin,-2e-07,1.375e-06,-600000000.0,26364327.3786,12.0
endommage,origin,-2e-07,1.373e-06,-600000000.0,26325979.2661,12.0
endommage,origin,-2e-07,1.371e-06,-600000000.0,26287631.153500002,12.0
endommage,origin,-2e-07,1.369e-06,-600000000.0,26249283.040999997,12.0
endommage,origin,-2e-07,1.367e-06,-600000000.0,26210934.9284,12.0
endommage,origin,-2e-07,1.365e-06,-600000000.0,26172586.8159,12.0
endommage,origin,-2e-07,1.363e-06,-600000000.0,26134238.7033,12.0
endommage,origin,-2e-07,1.361e-06,-600000000.0,26095890.5908,12.0
endommage,origin,-2e-07,1.359e-06,-600000000.0,26057542.4782,12.0
endommage,origin,-2e-07,1.357e-06,-600000000.0,26019194.365699995,12.0
endommage,origin,-2e-07,1.355e-06,-600000000.0,25980846.253099997,12.0
endommage,origin,-2e-07,1.353e-06,-600000000.0,25942498.1406,12.0
endommage,origin,-2e-07,1.351e-06,-600000000.0,25904150.028,12.0
endommage,origin,-2e-07,1.349e-06,-600000000.0,25865801.9155,12.0
endommage,origin,-2e-07,1.347e-06,-600000000.0,25827453.8029,12.0
endommage,origin,-2e-07,1.345e-06,-600000000.0,25789105.6904,12.0
endommage,origin,-2e-07,1.343e-06,-600000000.0,25750757.577799994,12.0
endommage,origin,-2e-07,1.341e-06,-600000000.0,25712409.465300005,12.0
endommage,origin,-2e-07,1.339e-06,-600000000.0,25674061.3527,12.0
endommage,origin,-2e-07,1.337e-06,-600000000.0,25635713.2402,12.0
endommage,origin,-2e-07,1.335e-06,-600000000.0,25597365.1276,12.0
endommage,origin,-2e-07,1.333e-06,-600000000.0,25559017.0151,12.0
endommage,origin,-2e-07,1.331e-06,-600000000.0,25520668.9025,12.0
endommage,origin,-2e-07,1.329e-06,-600000000.0,25482320.790000003,12.0
endommage,origin,-2e-07,1.327e-06,-600000000.0,25443972.677400004,12.0
endommage,origin,-2e-07,1.325e-06,-600000000.0,25405624.564866666,12.0
endommage,origin,-2e-07,1.323e-06,-600000000.0,25367276.4523,12.0
endommage,origin,-2e-07,1.321e-06,-600000000.0,25328928.339733332,12.0
endommage,origin,-2e-07,1.319e-06,-600000000.0,25290580.2272,12.0
endommage,origin,-2e-07,1.317e-06,-600000000.0,25252232.1146,12.0
endommage,origin,-2e-07,1.315e-06,-600000000.0,25213884.002100002,12.0
endommage,origin,-2e-07,1.313e-06,-600000000.0,25175535.889500003,12.0
endommage,origin,-2e-07,1.311e-06,-600000000.0,25137187.777,12.0
endommage,origin,-2e-07,1.309e-06,-600000000.0,25098839.6644,12.0
endommage,origin,-2e-07,1.307e-06,-600000000.0,25060491.5519,12.0
endommage,origin,-2e-07,1.305e-06,-600000000.0,25022143.4393,12.0
endommage,origin,-2e-07,1.303e-06,-600000000.0,24983795.3268,12.0
endommage,origin,-2e-07,1.301e-06,-600000000.0,24945447.2142,12.0
endommage,origin,-2e-07,1.299e-06,-600000000.0,24907099.101699997,12.0
endommage,origin,-2e-07,1.297e-06,-600000000.0,24868750.989099998,12.0
endommage,origin,-2e-07,1.295e-06,-600000000.0,24830402.8766,12.0
endommage,origin,-2e-07,1.293e-06,-600000000.0,24792054.764,12.0
endommage,origin,-2e-07,1.291e-06,-600000000.0,24753706.6515,12.0
endommage,origin,-2e-07,1.289e-06,-600000000.0,24715358.5389,12.0
endommage,origin,-2e-07,1.287e-06,-600000000.0,24677010.426399995,12.0
endommage,origin,-2e-07,1.285e-06,-600000000.0,24638662.313799996,12.0
endommage,origin,-2e-07,1.283e-06,-600000000.0,24600314.2013,12.0
endommage,origin,-2e-07,1.281e-06,-600000000.0,24561966.0887,12.0
endommage,origin,-2e-07,1.279e-06,-600000000.0,24523617.9762,12.0
endommage,origin,-2e-07,1.277e-06,-600000000.0,24485269.8636,12.0
endommage,origin,-2e-07,1.275e-06,-600000000.0,24446921.7511,12.0
endommage,origin,-2e-07,1.273e-06,-600000000.0,24408573.6385,12.0
endommage,origin,-2e-07,1.271e-06,-600000000.0,24370225.526000004,12.0
endommage,origin,-2e-07,1.269e-06,-600000000.0,24331877.413400006,12.0
endommage,origin,-2e-07,1.267e-06,-600000000.0,24293529.3009,12.0
endommage,origin,-2e-07,1.265e-06,-600000000.0,24255181.1883,12.0
endommage,origin,-2e-07,1.263e-06,-600000000.0,24216833.0758,12.0
endommage,origin,-2e-07,1.261e-06,-600000000.0,24178484.9632,12.0
endommage,origin,-2e-07,1.259e-06,-600000000.0,24140136.850700002,12.0
endommage,origin,-2e-07,1.257e-06,-600000000.0,24101788.738100003,12.0
endommage,origin,-2e-07,1.255e-06,-600000000.0,24063440.6256,12.0
endommage,origin,-2e-07,1.253e-06,-600000000.0,24025092.513,12.0
endommage,origin,-2e-07,1.251e-06,-600000000.0,23986744.4005,12.0
endommage,origin,-2e-07,1.249e-06,-600000000.0,23948396.2879,12.0
endommage,origin,-2e-07,1.247e-06,-600000000.0,23910048.1754,12.0
endommage,origin,-2e-07,1.245e-06,-600000000.0,23871700.0628,12.0
endommage,origin,-2e-07,1.243e-06,-600000000.0,23833351.950299997,12.0
endommage,origin,-2e-07,1.241e-06,-600000000.0,23795003.8377,12.0
endommage,origin,-2e-07,1.239e-06,-600000000.0,23756655.7252,12.0
endommage,origin,-2e-07,1.237e-06,-600000000.0,23718307.6126,12.0
endommage,origin,-2e-07,1.235e-06,-600000000.0,23679959.5001,12.0
endommage,origin,-2e-07,1.233e-06,-600000000.0,23641611.3875,12.0
endommage,origin,-2e-07,1.231e-06,-600000000.0,23603263.274999995,12.0
endommage,origin,-2e-07,1.229e-06,-600000000.0,23564915.162399996,12.0
endommage,origin,-2e-07,1.227e-06,-600000000.0,23526567.0499,12.0
endommage,origin,-2e-07,1.225e-06,-600000000.0,23488218.9373,12.0
endommage,origin,-2e-07,1.223e-06,-600000000.0,23449870.8248,12.0
endommage,origin,-2e-07,1.221e-06,-600000000.0,23411522.7122,12.0
endommage,origin,-2e-07,1.219e-06,-600000000.0,23373174.5997,12.0
endommage,origin,-2e-07,1.217e-06,-600000000.0,23334826.4871,12.0
endommage,origin,-2e-07,1.215e-06,-600000000.0,23296478.374600004,12.0
endommage,origin,-2e-07,1.213e-06,-600000000.0,23258130.262,12.0
endommage,origin,-2e-07,1.211e-06,-600000000.0,23219782.1495,12.0
endommage,origin,-2e-07,1.209e-06,-600000000.0,23181434.0369,12.0
endommage,origin,-2e-07,1.207e-06,-600000000.0,23143085.9244,12.0
endommage,origin,-2e-07,1.205e-06,-600000000.0,23104737.8118,12.0
endommage,origin,-2e-07,1.203e-06,-600000000.0,23066389.699300002,12.0
endommage,origin,-2e-07,1.201e-06,-600000000.0,23028041.586700004,12.0
endommage,origin,-2e-07,1.199e-06,-600000000.0,22989693.4742,12.0
endommage,origin,-2e-07,1.197e-06,-600000000.0,22951345.3616,12.0
endommage,origin,-2e-07,1.195e-06,-600000000.0,22912997.2491,12.0
endommage,origin,-2e-07,1.193e-06,-600000000.0,22874649.1365,12.0
endommage,origin,-2e-07,1.191e-06,-600000000.0,22836301.024,12.0
endommage,origin,-2e-07,1.189e-06,-600000000.0,22797952.9114,12.0
endommage,origin,-2e-07,1.187e-06,-600000000.0,22759604.798899997,12.0
endommage,origin,-2e-07,1.185e-06,-600000000.0,22721256.6863,12.0
endommage,origin,-2e-07,1.183e-06,-600000000.0,22682908.573733333,12.0
endommage,origin,-2e-07,1.181e-06,-600000000.0,22644560.4612,12.0
endommage,origin,-2e-07,1.179e-06,-600000000.0,22606212.3486,12.0
endommage,origin,-2e-07,1.177e-06,-600000000.0,22567864.2361,12.0
endommage,origin,-2e-07,1.175e-06,-600000000.0,22529516.1235,12.0
endommage,origin,-2e-07,1.173e-06,-600000000.0,22491168.010999996,12.0
endommage,origin,-2e-07,1.171e-06,-600000000.0,22452819.898399998,12.0
endommage,origin,-2e-07,1.169e-06,-600000000.0,22414471.7859,12.0
endommage,origin,-2e-07,1.167e-06,-600000000.0,22376123.6733,12.0
endommage,origin,-2e-07,1.165e-06,-600000000.0,22337775.5608,12.0
endommage,origin,-2e-07,1.163e-06,-600000000.0,22299427.4482,12.0
endommage,origin,-2e-07,1.161e-06,-600000000.0,22261079.3357,12.0
endommage,origin,-2e-07,1.159e-06,-600000000.0,22222731.2231,12.0
endommage,origin,-2e-07,1.157e-06,-600000000.0,22184383.1106,12.0
endommage,origin,-2e-07,1.155e-06,-600000000.0,22146034.998,12.0
endommage,origin,-2e-07,1.153e-06,-600000000.0,22107686.8855,12.0
endommage,origin,-2e-07,1.151e-06,-600000000.0,22069338.7729,12.0
endommage,origin,-2e-07,1.149e-06,-600000000.0,22030990.6604,12.0
endommage,origin,-2e-07,1.147e-06,-600000000.0,21992642.5478,12.0
endommage,origin,-2e-07,1.145e-06,-600000000.0,21954294.4353,12.0
endommage,origin,-2e-07,1.143e-06,-600000000.0,21915946.3227,12.0
endommage,origin,-2e-07,1.141e-06,-600000000.0,21877598.2102,12.0
endommage,origin,-2e-07,1.139e-06,-600000000.0,21839250.0976,12.0
endommage,origin,-2e-07,1.137e-06,-600000000.0,21800901.9851,12.0
endommage,origin,-2e-07,1.135e-06,-600000000.0,21762553.8725,12.0
endommage,origin,-2e-07,1.133e-06,-600000000.0,21724205.76,12.0
endommage,origin,-2e-07,1.131e-06,-600000000.0,21685857.6474,12.0
endommage,origin,-2e-07,1.129e-06,-600000000.0,21647509.5349,12.0
endommage,origin,-2e-07,1.127e-06,-600000000.0,21609161.4223,12.0
endommage,origin,-2e-07,1.125e-06,-600000000.0,21570813.3098,12.0
endommage,origin,-2e-07,1.123e-06,-600000000.0,21532465.1972,12.0
endommage,origin,-2e-07,1.121e-06,-600000000.0,21494117.0847,12.0
endommage,origin,-2e-07,1.119e-06,-600000000.0,21455768.9721,12.0
endommage,origin,-2e-07,1.117e-06,-600000000.0,21417420.8596,12.0
endommage,origin,-2e-07,1.115e-06,-600000000.0,21379072.747,12.0
endommage,origin,-2e-07,1.113e-06,-600000000.0,21340724.6345,12.0
endommage,origin,-2e-07,1.111e-06,-600000000.0,21302376.5219,12.0
endommage,origin,-2e-07,1.109e-06,-600000000.0,21264028.4094,12.0
endommage,origin,-2e-07,1.107e-06,-600000000.0,21225680.2968,12.0
endommage,origin,-2e-07,1.105e-06,-600000000.0,21187332.1843,12.0
endommage,origin,-2e-07,1.103e-06,-600000000.0,21148984.0717,12.0
endommage,origin,-2e-07,1.101e-06,-600000000.0,21110635.9592,12.0
endommage,origin,-2e-07,1.099e-06,-600000000.0,21072287.8466,12.0
endommage,origin,-2e-07,1.097e-06,-600000000.0,21033939.7341,12.0
endommage,origin,-2e-07,1.095e-06,-600000000.0,20995591.6215,12.0
endommage,origin,-2e-07,1.093e-06,-600000000.0,20957243.509,12.0
endommage,origin,-2e-07,1.091e-06,-600000000.0,20918895.3964,12.0
endommage,origin,-2e-07,1.089e-06,-600000000.0,20880547.2839,12.0
endommage,origin,-2e-07,1.087e-06,-600000000.0,20842199.1713,12.0
endommage,origin,-2e-07,1.085e-06,-600000000.0,20803851.0588,12.0
endommage,origin,-2e-07,1.083e-06,-600000000.0,20765502.9462,12.0
endommage,origin,-2e-07,1.081e-06,-600000000.0,20727154.8337,12.0
endommage,origin,-2e-07,1.079e-06,-600000000.0,20688806.7211,12.0
endommage,origin,-2e-07,1.077e-06,-600000000.0,20650458.6086,12.0
endommage,origin,-2e-07,1.075e-06,-600000000.0,20612110.496,12.0
endommage,origin,-2e-07,1.073e-06,-600000000.0,20573762.3835,12.0
endommage,origin,-2e-07,1.071e-06,-600000000.0,20535414.2709,12.0
endommage,origin,-2e-07,1.069e-06,-600000000.0,20497066.1584,12.0
endommage,origin,-2e-07,1.067e-06,-600000000.0,20458718.0458,12.0
endommage,origin,-2e-07,1.065e-06,-600000000.0,20420369.9333,12.0
endommage,origin,-2e-07,1.063e-06,-600000000.0,20382021.8207,12.0
endommage,origin,-2e-07,1.061e-06,-600000000.0,20343673.7082,12.0
endommage,origin,-2e-07,1.059e-06,-600000000.0,20305325.5956,12.0
endommage,origin,-2e-07,1.057e-06,-600000000.0,20266977.4831,12.0
endommage,origin,-2e-07,1.055e-06,-600000000.0,20228629.3705,12.0
endommage,origin,-2e-07,1.053e-06,-600000000.0,20190281.258,12.0
endommage,origin,-2e-07,1.051e-06,-600000000.0,20151933.1454,12.0
endommage,origin,-2e-07,1.049e-06,-600000000.0,20113585.0329,12.0
endommage,origin,-2e-07,1.047e-06,-600000000.0,20075236.9203,12.0
endommage,origin,-2e-07,1.045e-06,-600000000.0,20036888.8078,12.0
endommage,origin,-2e-07,1.043e-06,-600000000.0,19998540.6952,12.0
endommage,origin,-2e-07,1.041e-06,-600000000.0,19960192.5826,12.0
endommage,origin,-2e-07,1.039e-06,-600000000.0,19921844.4701,12.0
endommage,origin,-2e-07,1.037e-06,-600000000.0,19883496.3575,12.0
endommage,origin,-2e-07,1.035e-06,-600000000.0,19845148.245,12.0
endommage,origin,-2e-07,1.033e-06,-600000000.0,19806800.1324,12.0
endommage,origin,-2e-07,1.031e-06,-600000000.0,19768452.0199,12.0
endommage,origin,-2e-07,1.029e-06,-600000000.0,19730103.9073,12.0
endommage,origin,-2e-07,1.027e-06,-600000000.0,19691755.7948,12.0
endommage,origin,-2e-07,1.025e-06,-600000000.0,19653407.6822,12.0
endommage,origin,-2e-07,1.023e-06,-600000000.0,19615059.5697,12.0
endommage,origin,-2e-07,1.021e-06,-600000000.0,19576711.4571,12.0
endommage,origin,-2e-07,1.019e-06,-600000000.0,19538363.3446,12.0
endommage,origin,-2e-07,1.017e-06,-600000000.0,19500015.232,12.0
endommage,origin,-2e-07,1.015e-06,-600000000.0,19461667.1195,12.0
endommage,origin,-2e-07,1.013e-06,-600000000.0,19423319.0069,12.0
endommage,origin,-2e-07,1.011e-06,-600000000.0,19384970.8944,12.0
endommage,origin,-2e-07,1.009e-06,-600000000.0,19346622.7818,12.0
endommage,origin,-2e-07,1.007e-06,-600000000.0,19308274.6693,12.0
endommage,origin,-2e-07,1.005e-06,-600000000.0,19269926.5567,12.0
endommage,origin,-2e-07,1.003e-06,-600000000.0,19231578.4442,12.0
endommage,origin,-2e-07,1.001e-06,-600000000.0,19193230.3316,12.0
endommage,origin,-2e-07,9.99e-07,-600000000.0,19154882.2191,12.0
endommage,origin,-2e-07,9.97e-07,-600000000.0,19116534.1065,12.0
endommage,origin,-2e-07,9.95e-07,-600000000.0,19078185.994,12.0
endommage,origin,-2e-07,9.93e-07,-600000000.0,19039837.8814,12.0
endommage,origin,-2e-07,9.91e-07,-600000000.0,19001489.7689,12.0
endommage,origin,-2e-07,9.89e-07,-600000000.0,18963141.6563,12.0
endommage,origin,-2e-07,9.87e-07,-600000000.0,18924793.5438,12.0
endommage,origin,-2e-07,9.85e-07,-600000000.0,18886445.4312,12.0
endommage,origin,-2e-07,9.83e-07,-600000000.0,18848097.3187,12.0
endommage,origin,-2e-07,9.81e-07,-600000000.0,18809749.2061,12.0
endommage,origin,-2e-07,9.79e-07,-600000000.0,18771401.0936,12.0
endommage,origin,-2e-07,9.77e-07,-600000000.0,18733052.981,12.0
endommage,origin,-2e-07,9.75e-07,-600000000.0,18694704.8685,12.0
endommage,origin,-2e-07,9.73e-07,-600000000.0,18656356.7559,12.0
endommage,origin,-2e-07,9.71e-07,-600000000.0,18618008.6434,12.0
endommage,origin,-2e-07,9.69e-07,-600000000.0,18579660.5308,12.0
endommage,origin,-2e-07,9.67e-07,-600000000.0,18541312.4183,12.0
endommage,origin,-2e-07,9.65e-07,-600000000.0,18502964.3057,12.0
endommage,origin,-2e-07,9.63e-07,-600000000.0,18464616.1932,12.0
endommage,origin,-2e-07,9.61e-07,-600000000.0,18426268.0806,12.0
endommage,origin,-2e-07,9.59e-07,-600000000.0,18387919.9681,12.0
endommage,origin,-2e-07,9.57e-07,-600000000.0,18349571.8555,12.0
endommage,origin,-2e-07,9.55e-07,-600000000.0,18311223.743,12.0
endommage,origin,-2e-07,9.53e-07,-600000000.0,18272875.6304,12.0
endommage,origin,-2e-07,9.51e-07,-600000000.0,18234527.5179,12.0
endommage,origin,-2e-07,9.49e-07,-600000000.0,18196179.4053,12.0
endommage,origin,-2e-07,9.47e-07,-600000000.0,18157831.2928,12.0
endommage,origin,-2e-07,9.45e-07,-600000000.0,18119483.1802,12.0
endommage,origin,-2e-07,9.43e-07,-600000000.0,18081135.0677,12.0
endommage,origin,-2e-07,9.41e-07,-600000000.0,18042786.9551,12.0
endommage,origin,-2e-07,9.39e-07,-600000000.0,18004438.8426,12.0
endommage,origin,-2e-07,9.37e-07,-600000000.0,17966090.73,12.0
endommage,origin,-2e-07,9.35e-07,-600000000.0,17927742.6175,12.0
endommage,origin,-2e-07,9.33e-07,-600000000.0,17889394.5049,12.0
endommage,origin,-2e-07,9.31e-07,-600000000.0,17851046.3924,12.0
endommage,origin,-2e-07,9.29e-07,-600000000.0,17812698.2798,12.0
endommage,origin,-2e-07,9.27e-07,-600000000.0,17774350.1673,12.0
endommage,origin,-2e-07,9.25e-07,-600000000.0,17736002.0547,12.0
endommage,origin,-2e-07,9.23e-07,-600000000.0,17697653.9422,12.0
endommage,origin,-2e-07,9.21e-07,-600000000.0,17659305.8296,12.0
endommage,origin,-2e-07,9.19e-07,-600000000.0,17620957.7171,12.0
endommage,origin,-2e-07,9.17e-07,-600000000.0,17582609.6045,12.0
endommage,origin,-2e-07,9.15e-07,-600000000.0,17544261.492,12.0
endommage,origin,-2e-07,9.13e-07,-600000000.0,17505913.3794,12.0
endommage,origin,-2e-07,9.11e-07,-600000000.0,17467565.2669,12.0
endommage,origin,-2e-07,9.09e-07,-600000000.0,17429217.1543,12.0
endommage,origin,-2e-07,9.07e-07,-600000000.0,17390869.0418,12.0
endommage,origin,-2e-07,9.05e-07,-600000000.0,17352520.9292,12.0
endommage,origin,-2e-07,9.03e-07,-600000000.0,17314172.8166,12.0
endommage,origin,-2e-07,9.01e-07,-600000000.0,17275824.7041,12.0
endommage,origin,-2e-07,8.99e-07,-600000000.0,17237476.5915,12.0
endommage,origin,-2e-07,8.97e-07,-600000000.0,17199128.479,12.0
endommage,origin,-2e-07,8.95e-07,-600000000.0,17160780.3664,12.0
endommage,origin,-2e-07,8.93e-07,-600000000.0,17122432.2539,12.0
endommage,origin,-2e-07,8.91e-07,-600000000.0,17084084.1413,12.0
endommage,origin,-2e-07,8.89e-07,-600000000.0,17045736.0288,12.0
endommage,origin,-2e-07,8.87e-07,-600000000.0,17007387.9162,12.0
endommage,origin,-2e-07,8.85e-07,-600000000.0,16969039.8037,12.0
endommage,origin,-2e-07,8.83e-07,-600000000.0,16930691.6911,12.0
endommage,origin,-2e-07,8.81e-07,-600000000.0,16892343.5786,12.0
endommage,origin,-2e-07,8.79e-07,-600000000.0,16853995.466,12.0
endommage,origin,-2e-07,8.77e-07,-600000000.0,16815647.3535,12.0
endommage,origin,-2e-07,8.75e-07,-600000000.0,16777299.2409,12.0
endommage,origin,-2e-07,8.73e-07,-600000000.0,16738951.1284,12.0
endommage,origin,-2e-07,8.71e-07,-600000000.0,16700603.0158,12.0
endommage,origin,-2e-07,8.69e-07,-600000000.0,16662254.9033,12.0
endommage,origin,-2e-07,8.67e-07,-600000000.0,16623906.790699998,12.0
endommage,origin,-2e-07,8.65e-07,-600000000.0,16585558.6782,12.0
endommage,origin,-2e-07,8.63e-07,-600000000.0,16547210.5656,12.0
endommage,origin,-2e-07,8.61e-07,-600000000.0,16508862.453100001,12.0
endommage,origin,-2e-07,8.59e-07,-600000000.0,16470514.340500003,12.0
endommage,origin,-2e-07,8.57e-07,-600000000.0,16432166.228,12.0
endommage,origin,-2e-07,8.55e-07,-600000000.0,16393818.1154,12.0
endommage,origin,-2e-07,8.53e-07,-600000000.0,16355470.002899999,12.0
endommage,origin,-2e-07,8.51e-07,-600000000.0,16317121.8903,12.0
endommage,origin,-2e-07,8.49e-07,-600000000.0,16278773.7778,12.0
endommage,origin,-2e-07,8.47e-07,-600000000.0,16240425.6652,12.0
endommage,origin,-2e-07,8.45e-07,-600000000.0,16202077.5527,12.0
endommage,origin,-2e-07,8.43e-07,-600000000.0,16163729.4401,12.0
endommage,origin,-2e-07,8.41e-07,-600000000.0,16125381.3276,12.0
endommage,origin,-2e-07,8.39e-07,-600000000.0,16087033.214999998,12.0
endommage,origin,-2e-07,8.37e-07,-600000000.0,16048685.1025,12.0
endommage,origin,-2e-07,8.35e-07,-600000000.0,16010336.9899,12.0
endommage,origin,-2e-07,8.33e-07,-600000000.0,15971988.877400002,12.0
endommage,origin,-2e-07,8.31e-07,-600000000.0,15933640.7648,12.0
endommage,origin,-2e-07,8.29e-07,-600000000.0,15895292.6523,12.0
endommage,origin,-2e-07,8.27e-07,-600000000.0,15856944.5397,12.0
endommage,origin,-2e-07,8.25e-07,-600000000.0,15818596.427199999,12.0
endommage,origin,-2e-07,8.23e-07,-600000000.0,15780248.3146,12.0
endommage,origin,-2e-07,8.21e-07,-600000000.0,15741900.2021,12.0
endommage,origin,-2e-07,8.19e-07,-600000000.0,15703552.0895,12.0
endommage,origin,-2e-07,8.17e-07,-600000000.0,15665203.977,12.0
endommage,origin,-2e-07,8.15e-07,-600000000.0,15626855.8644,12.0
endommage,origin,-2e-07,8.13e-07,-600000000.0,15588507.7519,12.0
endommage,origin,-2e-07,8.11e-07,-600000000.0,15550159.639299998,12.0
endommage,origin,-2e-07,8.09e-07,-600000000.0,15511811.5268,12.0
endommage,origin,-2e-07,8.07e-07,-600000000.0,15473463.4142,12.0
endommage,origin,-2e-07,8.05e-07,-600000000.0,15435115.301700002,12.0
endommage,origin,-2e-07,8.03e-07,-600000000.0,15396767.1891,12.0
endommage,origin,-2e-07,8.01e-07,-600000000.0,15358419.0766,12.0
endommage,origin,-2e-07,7.99e-07,-600000000.0,15320070.964,12.0
endommage,origin,-2e-07,7.97e-07,-600000000.0,15281722.851499999,12.0
endommage,origin,-2e-07,7.95e-07,-600000000.0,15243374.7389,12.0
endommage,origin,-2e-07,7.93e-07,-600000000.0,15205026.6264,12.0
endommage,origin,-2e-07,7.91e-07,-600000000.0,15166678.5138,12.0
endommage,origin,-2e-07,7.89e-07,-600000000.0,15128330.4013,12.0
endommage,origin,-2e-07,7.87e-07,-600000000.0,15089982.2887,12.0
endommage,origin,-2e-07,7.85e-07,-600000000.0,15051634.1762,12.0
endommage,origin,-2e-07,7.83e-07,-600000000.0,15013286.063599998,12.0
endommage,origin,-2e-07,7.81e-07,-600000000.0,14974937.9511,12.0
endommage,origin,-2e-07,7.79e-07,-600000000.0,14936589.8385,12.0
endommage,origin,-2e-07,7.77e-07,-600000000.0,14898241.726000002,12.0
endommage,origin,-2e-07,7.75e-07,-600000000.0,14859893.6134,12.0
endommage,origin,-2e-07,7.73e-07,-600000000.0,14821545.5009,12.0
endommage,origin,-2e-07,7.71e-07,-600000000.0,14783197.3883,12.0
endommage,origin,-2e-07,7.69e-07,-600000000.0,14744849.275799999,12.0
endommage,origin,-2e-07,7.67e-07,-600000000.0,14706501.1632,12.0
endommage,origin,-2e-07,7.65e-07,-600000000.0,14668153.0506,12.0
endommage,origin,-2e-07,7.63e-07,-600000000.0,14629804.9381,12.0
endommage,origin,-2e-07,7.61e-07,-600000000.0,14591456.825500002,12.0
endommage,origin,-2e-07,7.59e-07,-600000000.0,14553108.713,12.0
endommage,origin,-2e-07,7.57e-07,-600000000.0,14514760.6004,12.0
endommage,origin,-2e-07,7.55e-07,-600000000.0,14476412.487899998,12.0
endommage,origin,-2e-07,7.53e-07,-600000000.0,14438064.3753,12.0
endommage,origin,-2e-07,7.51e-07,-600000000.0,14399716.2628,12.0
endommage,origin,-2e-07,7.49e-07,-600000000.0,14361368.1502,12.0
endommage,origin,-2e-07,7.47e-07,-600000000.0,14323020.0377,12.0
endommage,origin,-2e-07,7.45e-07,-600000000.0,14284671.9251,12.0
endommage,origin,-2e-07,7.43e-07,-600000000.0,14246323.8126,12.0
endommage,origin,-2e-07,7.41e-07,-600000000.0,14207975.699999997,12.0
endommage,origin,-2e-07,7.39e-07,-600000000.0,14169627.5875,12.0
endommage,origin,-2e-07,7.37e-07,-600000000.0,14131279.4749,12.0
endommage,origin,-2e-07,7.35e-07,-600000000.0,14092931.3624,12.0
endommage,origin,-2e-07,7.33e-07,-600000000.0,14054583.249800002,12.0
endommage,origin,-2e-07,7.31e-07,-600000000.0,14016235.1373,12.0
endommage,origin,-2e-07,7.29e-07,-600000000.0,13977887.0247,12.0
endommage,origin,-2e-07,7.27e-07,-600000000.0,13939538.912199998,12.0
endommage,origin,-2e-07,7.25e-07,-600000000.0,13901190.7996,12.0
endommage,origin,-2e-07,7.23e-07,-600000000.0,13862842.6871,12.0
endommage,origin,-2e-07,7.21e-07,-600000000.0,13824494.5745,12.0
endommage,origin,-2e-07,7.19e-07,-600000000.0,13786146.462,12.0
endommage,origin,-2e-07,7.17e-07,-600000000.0,13747798.3494,12.0
endommage,origin,-2e-07,7.15e-07,-600000000.0,13709450.2369,12.0
endommage,origin,-2e-07,7.13e-07,-600000000.0,13671102.124299997,12.0
endommage,origin,-2e-07,7.11e-07,-600000000.0,13632754.0118,12.0
endommage,origin,-2e-07,7.09e-07,-600000000.0,13594405.8992,12.0
endommage,origin,-2e-07,7.07e-07,-600000000.0,13556057.786700001,12.0
endommage,origin,-2e-07,7.05e-07,-600000000.0,13517709.674100002,12.0
endommage,origin,-2e-07,7.03e-07,-600000000.0,13479361.5616,12.0
endommage,origin,-2e-07,7.01e-07,-600000000.0,13441013.449,12.0
endommage,origin,-2e-07,6.99e-07,-600000000.0,13402665.336499998,12.0
endommage,origin,-2e-07,6.97e-07,-600000000.0,13364317.2239,12.0
endommage,origin,-2e-07,6.95e-07,-600000000.0,13325969.1114,12.0
endommage,origin,-2e-07,6.93e-07,-600000000.0,13287620.9988,12.0
endommage,origin,-2e-07,6.91e-07,-600000000.0,13249272.8863,12.0
endommage,origin,-2e-07,6.89e-07,-600000000.0,13210924.7737,12.0
endommage,origin,-2e-07,6.87e-07,-600000000.0,13172576.6612,12.0
endommage,origin,-2e-07,6.85e-07,-600000000.0,13134228.548599998,12.0
endommage,origin,-2e-07,6.83e-07,-600000000.0,13095880.4361,12.0
endommage,origin,-2e-07,6.81e-07,-600000000.0,13057532.3235,12.0
endommage,origin,-2e-07,6.79e-07,-600000000.0,13019184.211000001,12.0
endommage,origin,-2e-07,6.77e-07,-600000000.0,12980836.098400002,12.0
endommage,origin,-2e-07,6.75e-07,-600000000.0,12942487.9859,12.0
endommage,origin,-2e-07,6.73e-07,-600000000.0,12904139.8733,12.0
endommage,origin,-2e-07,6.71e-07,-600000000.0,12865791.760799998,12.0
endommage,origin,-2e-07,6.69e-07,-600000000.0,12827443.6482,12.0
endommage,origin,-2e-07,6.67e-07,-600000000.0,12789095.5357,12.0
endommage,origin,-2e-07,6.65e-07,-600000000.0,12750747.4231,12.0
endommage,origin,-2e-07,6.63e-07,-600000000.0,12712399.3106,12.0
endommage,origin,-2e-07,6.61e-07,-600000000.0,12674051.198,12.0
endommage,origin,-2e-07,6.59e-07,-600000000.0,12635703.0855,12.0
endommage,origin,-2e-07,6.57e-07,-600000000.0,12597354.972899998,12.0
endommage,origin,-2e-07,6.55e-07,-600000000.0,12559006.8604,12.0
endommage,origin,-2e-07,6.53e-07,-600000000.0,12520658.7478,12.0
endommage,origin,-2e-07,6.51e-07,-600000000.0,12482310.635300001,12.0
endommage,origin,-2e-07,6.49e-07,-600000000.0,12443962.522700002,12.0
endommage,origin,-2e-07,6.47e-07,-600000000.0,12405614.4102,12.0
endommage,origin,-2e-07,6.45e-07,-600000000.0,12367266.2976,12.0
endommage,origin,-2e-07,6.43e-07,-600000000.0,12328918.185099998,12.0
endommage,origin,-2e-07,6.41e-07,-600000000.0,12290570.0725,12.0
endommage,origin,-2e-07,6.39e-07,-600000000.0,12252221.96,12.0
endommage,origin,-2e-07,6.37e-07,-600000000.0,12213873.8474,12.0
endommage,origin,-2e-07,6.35e-07,-600000000.0,12175525.7349,12.0
endommage,origin,-2e-07,6.33e-07,-600000000.0,12137177.6223,12.0
endommage,origin,-2e-07,6.31e-07,-600000000.0,12098829.5098,12.0
endommage,origin,-2e-07,6.29e-07,-600000000.0,12060481.397199998,12.0
endommage,origin,-2e-07,6.27e-07,-600000000.0,12022133.284666667,12.0
endommage,origin,-2e-07,6.25e-07,-600000000.0,11983785.1721,12.0
endommage,origin,-2e-07,6.23e-07,-600000000.0,11945437.0595,12.0
endommage,origin,-2e-07,6.21e-07,-600000000.0,11907088.947000002,12.0
endommage,origin,-2e-07,6.19e-07,-600000000.0,11868740.8344,12.0
endommage,origin,-2e-07,6.17e-07,-600000000.0,11830392.7219,12.0
endommage,origin,-2e-07,6.15e-07,-600000000.0,11792044.6093,12.0
endommage,origin,-2e-07,6.13e-07,-600000000.0,11753696.4968,12.0
endommage,origin,-2e-07,6.11e-07,-600000000.0,11715348.3842,12.0
endommage,origin,-2e-07,6.09e-07,-600000000.0,11677000.2717,12.0
endommage,origin,-2e-07,6.07e-07,-600000000.0,11638652.159100002,12.0
endommage,origin,-2e-07,6.05e-07,-600000000.0,11600304.0466,12.0
endommage,origin,-2e-07,6.03e-07,-600000000.0,11561955.934,12.0
endommage,origin,-2e-07,6.01e-07,-600000000.0,11523607.821499998,12.0
endommage,origin,-2e-07,5.99e-07,-600000000.0,11485259.708899999,12.0
endommage,origin,-2e-07,5.97e-07,-600000000.0,11446911.5964,12.0
endommage,origin,-2e-07,5.95e-07,-600000000.0,11408563.4838,12.0
endommage,origin,-2e-07,5.93e-07,-600000000.0,11370215.371300003,12.0
endommage,origin,-2e-07,5.91e-07,-600000000.0,11331867.2587,12.0
endommage,origin,-2e-07,5.89e-07,-600000000.0,11293519.1462,12.0
endommage,origin,-2e-07,5.87e-07,-600000000.0,11255171.0336,12.0
endommage,origin,-2e-07,5.85e-07,-600000000.0,11216822.9211,12.0
endommage,origin,-2e-07,5.83e-07,-600000000.0,11178474.8085,12.0
endommage,origin,-2e-07,5.81e-07,-600000000.0,11140126.696,12.0
endommage,origin,-2e-07,5.79e-07,-600000000.0,11101778.5834,12.0
endommage,origin,-2e-07,5.77e-07,-600000000.0,11063430.4709,12.0
endommage,origin,-2e-07,5.75e-07,-600000000.0,11025082.3583,12.0
endommage,origin,-2e-07,5.73e-07,-600000000.0,10986734.2458,12.0
endommage,origin,-2e-07,5.71e-07,-600000000.0,10948386.1332,12.0
endommage,origin,-2e-07,5.69e-07,-600000000.0,10910038.0207,12.0
endommage,origin,-2e-07,5.67e-07,-600000000.0,10871689.9081,12.0
endommage,origin,-2e-07,5.65e-07,-600000000.0,10833341.7956,12.0
endommage,origin,-2e-07,5.63e-07,-600000000.0,10794993.683,12.0
endommage,origin,-2e-07,5.61e-07,-600000000.0,10756645.5705,12.0
endommage,origin,-2e-07,5.59e-07,-600000000.0,10718297.4579,12.0
endommage,origin,-2e-07,5.57e-07,-600000000.0,10679949.3454,12.0
endommage,origin,-2e-07,5.55e-07,-600000000.0,10641601.2328,12.0
endommage,origin,-2e-07,5.53e-07,-600000000.0,10603253.1203,12.0
endommage,origin,-2e-07,5.51e-07,-600000000.0,10564905.0077,12.0
endommage,origin,-2e-07,5.49e-07,-600000000.0,10526556.8952,12.0
endommage,origin,-2e-07,5.47e-07,-600000000.0,10488208.7826,12.0
endommage,origin,-2e-07,5.45e-07,-600000000.0,10449860.6701,12.0
endommage,origin,-2e-07,5.43e-07,-600000000.0,10411512.5575,12.0
endommage,origin,-2e-07,5.41e-07,-600000000.0,10373164.445,12.0
endommage,origin,-2e-07,5.39e-07,-600000000.0,10334816.3324,12.0
endommage,origin,-2e-07,5.37e-07,-600000000.0,10296468.2199,12.0
endommage,origin,-2e-07,5.35e-07,-600000000.0,10258120.1073,12.0
endommage,origin,-2e-07,5.33e-07,-600000000.0,10219771.9948,12.0
endommage,origin,-2e-07,5.31e-07,-600000000.0,10181423.8822,12.0
endommage,origin,-2e-07,5.29e-07,-600000000.0,10143075.7697,12.0
endommage,origin,-2e-07,5.27e-07,-600000000.0,10104727.6571,12.0
endommage,origin,-2e-07,5.25e-07,-600000000.0,10066379.5446,12.0
endommage,origin,-2e-07,5.23e-07,-600000000.0,10028031.432,12.0
endommage,origin,-2e-07,5.21e-07,-600000000.0,9989683.31946,12.0
endommage,origin,-2e-07,5.19e-07,-600000000.0,9951335.20691,12.0
endommage,origin,-2e-07,5.17e-07,-600000000.0,9912987.09436,12.0
endommage,origin,-2e-07,5.15e-07,-600000000.0,9874638.98181,12.0
endommage,origin,-2e-07,5.13e-07,-600000000.0,9836290.86926,12.0
endommage,origin,-2e-07,5.11e-07,-600000000.0,9797942.75671,12.0
endommage,origin,-2e-07,5.09e-07,-600000000.0,9759594.64416,12.0
endommage,origin,-2e-07,5.07e-07,-600000000.0,9721246.53161,12.0
endommage,origin,-2e-07,5.05e-07,-600000000.0,9682898.41906,12.0
endommage,origin,-2e-07,5.03e-07,-600000000.0,9644550.30651,12.0
endommage,origin,-2e-07,5.01e-07,-600000000.0,9606202.19395,12.0
endommage,origin,-2e-07,4.99e-07,-600000000.0,9567854.0814,12.0
endommage,origin,-2e-07,4.97e-07,-600000000.0,9529505.96885,12.0
endommage,origin,-2e-07,4.95e-07,-600000000.0,9491157.8563,12.0
endommage,origin,-2e-07,4.93e-07,-600000000.0,9452809.74375,12.0
endommage,origin,-2e-07,4.91e-07,-600000000.0,9414461.6312,12.0
endommage,origin,-2e-07,4.89e-07,-600000000.0,9376113.51865,12.0
endommage,origin,-2e-07,4.87e-07,-600000000.0,9337765.4061,12.0
endommage,origin,-2e-07,4.85e-07,-600000000.0,9299417.29355,12.0
endommage,origin,-2e-07,4.83e-07,-600000000.0,9261069.181,12.0
endommage,origin,-2e-07,4.81e-07,-600000000.0,9222721.06845,12.0
endommage,origin,-2e-07,4.79e-07,-600000000.0,9184372.9559,12.0
endommage,origin,-2e-07,4.77e-07,-600000000.0,9146024.84335,12.0
endommage,origin,-2e-07,4.75e-07,-600000000.0,9107676.7308,12.0
endommage,origin,-2e-07,4.73e-07,-600000000.0,9069328.61824,12.0
endommage,origin,-2e-07,4.71e-07,-600000000.0,9030980.50569,12.0
endommage,origin,-2e-07,4.69e-07,-600000000.0,8992632.39314,12.0
endommage,origin,-2e-07,4.67e-07,-600000000.0,8954284.28059,12.0
endommage,origin,-2e-07,4.65e-07,-600000000.0,8915936.16804,12.0
endommage,origin,-2e-07,4.63e-07,-600000000.0,8877588.05549,12.0
endommage,origin,-2e-07,4.61e-07,-600000000.0,8839239.94294,12.0
endommage,origin,-2e-07,4.59e-07,-600000000.0,8800891.83039,12.0
endommage,origin,-2e-07,4.57e-07,-600000000.0,8762543.71784,12.0
endommage,origin,-2e-07,4.55e-07,-600000000.0,8724195.60529,12.0
endommage,origin,-2e-07,4.53e-07,-600000000.0,8685847.49274,12.0
endommage,origin,-2e-07,4.51e-07,-600000000.0,8647499.38019,12.0
endommage,origin,-2e-07,4.49e-07,-600000000.0,8609151.26764,12.0
endommage,origin,-2e-07,4.47e-07,-600000000.0,8570803.15509,12.0
endommage,origin,-2e-07,4.45e-07,-600000000.0,8532455.04253,12.0
endommage,origin,-2e-07,4.43e-07,-600000000.0,8494106.92998,12.0
endommage,origin,-2e-07,4.41e-07,-600000000.0,8455758.81743,12.0
endommage,origin,-2e-07,4.39e-07,-600000000.0,8417410.70488,12.0
endommage,origin,-2e-07,4.37e-07,-600000000.0,8379062.59233,12.0
endommage,origin,-2e-07,4.35e-07,-600000000.0,8340714.47978,12.0
endommage,origin,-2e-07,4.33e-07,-600000000.0,8302366.367230001,12.0
endommage,origin,-2e-07,4.31e-07,-600000000.0,8264018.25468,12.0
endommage,origin,-2e-07,4.29e-07,-600000000.0,8225670.14213,12.0
endommage,origin,-2e-07,4.27e-07,-600000000.0,8187322.02958,12.0
endommage,origin,-2e-07,4.25e-07,-600000000.0,8148973.91703,12.0
endommage,origin,-2e-07,4.23e-07,-600000000.0,8110625.80448,12.0
endommage,origin,-2e-07,4.21e-07,-600000000.0,8072277.69193,12.0
endommage,origin,-2e-07,4.19e-07,-600000000.0,8033929.579376668,12.0
endommage,origin,-2e-07,4.17e-07,-600000000.0,7995581.466819999,12.0
endommage,origin,-2e-07,4.15e-07,-600000000.0,7957233.35427,12.0
endommage,origin,-2e-07,4.13e-07,-600000000.0,7918885.241720001,12.0
endommage,origin,-2e-07,4.11e-07,-600000000.0,7880537.12917,12.0
endommage,origin,-2e-07,4.09e-07,-600000000.0,7842189.01662,12.0
endommage,origin,-2e-07,4.07e-07,-600000000.0,7803840.90407,12.0
endommage,origin,-2e-07,4.05e-07,-600000000.0,7765492.79152,12.0
endommage,origin,-2e-07,4.03e-07,-600000000.0,7727144.678969999,12.0
endommage,origin,-2e-07,4.01e-07,-600000000.0,7688796.56642,12.0
endommage,origin,-2e-07,3.99e-07,-600000000.0,7650448.453870001,12.0
endommage,origin,-2e-07,3.97e-07,-600000000.0,7612100.34132,12.0
endommage,origin,-2e-07,3.95e-07,-600000000.0,7573752.22877,12.0
endommage,origin,-2e-07,3.93e-07,-600000000.0,7535404.11622,12.0
endommage,origin,-2e-07,3.91e-07,-600000000.0,7497056.003666666,12.0
endommage,origin,-2e-07,3.89e-07,-600000000.0,7458707.891113333,12.0
endommage,origin,-2e-07,3.87e-07,-600000000.0,7420359.7785600005,12.0
endommage,origin,-2e-07,3.85e-07,-600000000.0,7382011.66601,12.0
endommage,origin,-2e-07,3.83e-07,-600000000.0,7343663.553459999,12.0
endommage,origin,-2e-07,3.81e-07,-600000000.0,7305315.44091,12.0
endommage,origin,-2e-07,3.79e-07,-600000000.0,7266967.32836,12.0
endommage,origin,-2e-07,3.77e-07,-600000000.0,7228619.21581,12.0
endommage,origin,-2e-07,3.75e-07,-600000000.0,7190271.10326,12.0
endommage,origin,-2e-07,3.73e-07,-600000000.0,7151922.9907100005,12.0
endommage,origin,-2e-07,3.71e-07,-600000000.0,7113574.87816,12.0
endommage,origin,-2e-07,3.69e-07,-600000000.0,7075226.765609999,12.0
endommage,origin,-2e-07,3.67e-07,-600000000.0,7036878.65306,12.0
endommage,origin,-2e-07,3.65e-07,-600000000.0,6998530.54051,12.0
endommage,origin,-2e-07,3.63e-07,-600000000.0,6960182.427956667,12.0
endommage,origin,-2e-07,3.61e-07,-600000000.0,6921834.315403334,12.0
endommage,origin,-2e-07,3.59e-07,-600000000.0,6883486.20285,12.0
endommage,origin,-2e-07,3.57e-07,-600000000.0,6845138.0903,12.0
endommage,origin,-2e-07,3.55e-07,-600000000.0,6806789.97775,12.0
endommage,origin,-2e-07,3.53e-07,-600000000.0,6768441.865200001,12.0
endommage,origin,-2e-07,3.51e-07,-600000000.0,6730093.75265,12.0
endommage,origin,-2e-07,3.49e-07,-600000000.0,6691745.6400999995,12.0
endommage,origin,-2e-07,3.47e-07,-600000000.0,6653397.52755,12.0
endommage,origin,-2e-07,3.45e-07,-600000000.0,6615049.415,12.0
endommage,origin,-2e-07,3.43e-07,-600000000.0,6576701.30245,12.0
endommage,origin,-2e-07,3.41e-07,-600000000.0,6538353.1899,12.0
endommage,origin,-2e-07,3.39e-07,-600000000.0,6500005.077350001,12.0
endommage,origin,-2e-07,3.37e-07,-600000000.0,6461656.9648,12.0
endommage,origin,-2e-07,3.35e-07,-600000000.0,6423308.852246667,12.0
endommage,origin,-2e-07,3.33e-07,-600000000.0,6384960.739693333,12.0
endommage,origin,-2e-07,3.31e-07,-600000000.0,6346612.62714,12.0
endommage,origin,-2e-07,3.29e-07,-600000000.0,6308264.51459,12.0
endommage,origin,-2e-07,3.27e-07,-600000000.0,6269916.40204,12.0
endommage,origin,-2e-07,3.25e-07,-600000000.0,6231568.28949,12.0
endommage,origin,-2e-07,3.23e-07,-600000000.0,6193220.176939999,12.0
endommage,origin,-2e-07,3.21e-07,-600000000.0,6154872.06439,12.0
endommage,origin,-2e-07,3.19e-07,-600000000.0,6116523.951840001,12.0
endommage,origin,-2e-07,3.17e-07,-600000000.0,6078175.83929,12.0
endommage,origin,-2e-07,3.15e-07,-600000000.0,6039827.72674,12.0
endommage,origin,-2e-07,3.13e-07,-600000000.0,6001479.61419,12.0
endommage,origin,-2e-07,3.11e-07,-600000000.0,5963131.50164,12.0
endommage,origin,-2e-07,3.09e-07,-600000000.0,5924783.389089999,12.0
endommage,origin,-2e-07,3.07e-07,-600000000.0,5886435.27653,12.0
endommage,origin,-2e-07,3.05e-07,-600000000.0,5848087.16398,12.0
endommage,origin,-2e-07,3.03e-07,-600000000.0,5809739.051429999,12.0
endommage,origin,-2e-07,3.01e-07,-600000000.0,5771390.93888,12.0
endommage,origin,-2e-07,2.99e-07,-600000000.0,5733042.82633,12.0
endommage,origin,-2e-07,2.97e-07,-600000000.0,5694694.71378,12.0
endommage,origin,-2e-07,2.95e-07,-600000000.0,5656346.60123,12.0
endommage,origin,-2e-07,2.93e-07,-600000000.0,5617998.48868,12.0
endommage,origin,-2e-07,2.91e-07,-600000000.0,5579650.37613,12.0
endommage,origin,-2e-07,2.89e-07,-600000000.0,5541302.26358,12.0
endommage,origin,-2e-07,2.87e-07,-600000000.0,5502954.15103,12.0
endommage,origin,-2e-07,2.85e-07,-600000000.0,5464606.03848,12.0
endommage,origin,-2e-07,2.83e-07,-600000000.0,5426257.92593,12.0
endommage,origin,-2e-07,2.81e-07,-600000000.0,5387909.81338,12.0
endommage,origin,-2e-07,2.79e-07,-600000000.0,5349561.70082,12.0
endommage,origin,-2e-07,2.77e-07,-600000000.0,5311213.58827,12.0
endommage,origin,-2e-07,2.75e-07,-600000000.0,5272865.47572,12.0
endommage,origin,-2e-07,2.73e-07,-600000000.0,5234517.36317,12.0
endommage,origin,-2e-07,2.71e-07,-600000000.0,5196169.25062,12.0
endommage,origin,-2e-07,2.69e-07,-600000000.0,5157821.13807,12.0
endommage,origin,-2e-07,2.67e-07,-600000000.0,5119473.02552,12.0
endommage,origin,-2e-07,2.65e-07,-600000000.0,5081124.91297,12.0
endommage,origin,-2e-07,2.63e-07,-600000000.0,5042776.80042,12.0
endommage,origin,-2e-07,2.61e-07,-600000000.0,5004428.68787,12.0
endommage,origin,-2e-07,2.59e-07,-600000000.0,4966080.57532,12.0
endommage,origin,-2e-07,2.57e-07,-600000000.0,4927732.46277,12.0
endommage,origin,-2e-07,2.55e-07,-600000000.0,4889384.35022,12.0
endommage,origin,-2e-07,2.53e-07,-600000000.0,4851036.23767,12.0
endommage,origin,-2e-07,2.51e-07,-600000000.0,4812688.125113334,12.0
endommage,origin,-2e-07,2.49e-07,-600000000.0,4774340.01256,12.0
endommage,origin,-2e-07,2.47e-07,-600000000.0,4735991.90001,12.0
endommage,origin,-2e-07,2.45e-07,-600000000.0,4697643.78746,12.0
endommage,origin,-2e-07,2.43e-07,-600000000.0,4659295.67491,12.0
endommage,origin,-2e-07,2.41e-07,-600000000.0,4620947.56236,12.0
endommage,origin,-2e-07,2.39e-07,-600000000.0,4582599.44981,12.0
endommage,origin,-2e-07,2.37e-07,-600000000.0,4544251.33726,12.0
endommage,origin,-2e-07,2.35e-07,-600000000.0,4505903.22471,12.0
endommage,origin,-2e-07,2.33e-07,-600000000.0,4467555.11216,12.0
endommage,origin,-2e-07,2.31e-07,-600000000.0,4429206.99961,12.0
endommage,origin,-2e-07,2.29e-07,-600000000.0,4390858.88706,12.0
endommage,origin,-2e-07,2.27e-07,-600000000.0,4352510.77451,12.0
endommage,origin,-2e-07,2.25e-07,-600000000.0,4314162.66196,12.0
endommage,origin,-2e-07,2.23e-07,-600000000.0,4275814.549403333,12.0
endommage,origin,-2e-07,2.21e-07,-600000000.0,4237466.43685,12.0
endommage,origin,-2e-07,2.19e-07,-600000000.0,4199118.3243,12.0
endommage,origin,-2e-07,2.17e-07,-600000000.0,4160770.2117499993,12.0
endommage,origin,-2e-07,2.15e-07,-600000000.0,4122422.0992000005,12.0
endommage,origin,-2e-07,2.13e-07,-600000000.0,4084073.98665,12.0
endommage,origin,-2e-07,2.11e-07,-600000000.0,4045725.8741,12.0
endommage,origin,-2e-07,2.09e-07,-600000000.0,4007377.76155,12.0
endommage,origin,-2e-07,2.07e-07,-600000000.0,3969029.649,12.0
endommage,origin,-2e-07,2.05e-07,-600000000.0,3930681.53645,12.0
endommage,origin,-2e-07,2.03e-07,-600000000.0,3892333.4238999994,12.0
endommage,origin,-2e-07,2.01e-07,-600000000.0,3853985.3113500006,12.0
endommage,origin,-2e-07,1.99e-07,-600000000.0,3815637.1988,12.0
endommage,origin,-2e-07,1.97e-07,-600000000.0,3777289.086246667,12.0
endommage,origin,-2e-07,1.95e-07,-600000000.0,3738940.9736933336,12.0
endommage,origin,-2e-07,1.93e-07,-600000000.0,3700592.86114,12.0
endommage,origin,-2e-07,1.91e-07,-600000000.0,3662244.74859,12.0
endommage,origin,-2e-07,1.89e-07,-600000000.0,3623896.63604,12.0
endommage,origin,-2e-07,1.87e-07,-600000000.0,3585548.52349,12.0
endommage,origin,-2e-07,1.85e-07,-600000000.0,3547200.4109400003,12.0
endommage,origin,-2e-07,1.83e-07,-600000000.0,3508852.2983899997,12.0
endommage,origin,-2e-07,1.81e-07,-600000000.0,3470504.18584,12.0
endommage,origin,-2e-07,1.79e-07,-600000000.0,3432156.07329,12.0
endommage,origin,-2e-07,1.77e-07,-600000000.0,3393807.96074,12.0
endommage,origin,-2e-07,1.75e-07,-600000000.0,3355459.84819,12.0
endommage,origin,-2e-07,1.73e-07,-600000000.0,3317111.73564,12.0
endommage,origin,-2e-07,1.71e-07,-600000000.0,3278763.6230900004,12.0
endommage,origin,-2e-07,1.69e-07,-600000000.0,3240415.510536667,12.0
endommage,origin,-2e-07,1.67e-07,-600000000.0,3202067.397983333,12.0
endommage,origin,-2e-07,1.65e-07,-600000000.0,3163719.285436666,12.0
endommage,origin,-2e-07,1.63e-07,-600000000.0,3125371.17288,12.0
endommage,origin,-2e-07,1.61e-07,-600000000.0,3087023.06033,12.0
endommage,origin,-2e-07,1.59e-07,-600000000.0,3048674.94778,12.0
endommage,origin,-2e-07,1.57e-07,-600000000.0,3010326.83523,12.0
endommage,origin,-2e-07,1.55e-07,-600000000.0,2971978.72268,12.0
endommage,origin,-2e-07,1.53e-07,-600000000.0,2933630.6101299995,12.0
endommage,origin,-2e-07,1.51e-07,-600000000.0,2895282.4975800007,12.0
endommage,origin,-2e-07,1.49e-07,-600000000.0,2856934.38503,12.0
endommage,origin,-2e-07,1.47e-07,-600000000.0,2818586.27248,12.0
endommage,origin,-2e-07,1.45e-07,-600000000.0,2780238.15993,12.0
endommage,origin,-2e-07,1.43e-07,-600000000.0,2741890.04738,12.0
endommage,origin,-2e-07,1.41e-07,-600000000.0,2703541.93483,12.0
endommage,origin,-2e-07,1.39e-07,-600000000.0,2665193.822273333,12.0
endommage,origin,-2e-07,1.37e-07,-600000000.0,2626845.7097233334,12.0
endommage,origin,-2e-07,1.35e-07,-600000000.0,2588497.59717,12.0
endommage,origin,-2e-07,1.33e-07,-600000000.0,2550149.48462,12.0
endommage,origin,-2e-07,1.31e-07,-600000000.0,2511801.37207,12.0
endommage,origin,-2e-07,1.29e-07,-600000000.0,2473453.25952,12.0
endommage,origin,-2e-07,1.27e-07,-600000000.0,2435105.14697,12.0
endommage,origin,-2e-07,1.25e-07,-600000000.0,2396757.03442,12.0
endommage,origin,-2e-07,1.23e-07,-600000000.0,2358408.92187,12.0
endommage,origin,-2e-07,1.21e-07,-600000000.0,2320060.80932,12.0
endommage,origin,-2e-07,1.19e-07,-600000000.0,2281712.69677,12.0
endommage,origin,-2e-07,1.17e-07,-600000000.0,2243364.58422,12.0
endommage,origin,-2e-07,1.15e-07,-600000000.0,2205016.47167,12.0
endommage,origin,-2e-07,1.13e-07,-600000000.0,2166668.3591166665,12.0
endommage,origin,-2e-07,1.11e-07,-600000000.0,2128320.2465633336,12.0
endommage,origin,-2e-07,1.09e-07,-600000000.0,2089972.1340133334,12.0
endommage,origin,-2e-07,1.07e-07,-600000000.0,2051624.0214599997,12.0
endommage,origin,-2e-07,1.05e-07,-600000000.0,2013275.90891,12.0
endommage,origin,-2e-07,1.03e-07,-600000000.0,1974927.79636,12.0
endommage,origin,-2e-07,1.01e-07,-600000000.0,1936579.68381,12.0
endommage,origin,-2e-07,9.9e-08,-600000000.0,1898231.5712600003,12.0
endommage,origin,-2e-07,9.7e-08,-600000000.0,1859883.45871,12.0
endommage,origin,-2e-07,9.5e-08,-600000000.0,1821535.34616,12.0
endommage,origin,-2e-07,9.3e-08,-600000000.0,1783187.2336099998,12.0
endommage,origin,-2e-07,9.1e-08,-600000000.0,1744839.12106,12.0
endommage,origin,-2e-07,8.9e-08,-600000000.0,1706491.00851,12.0
endommage,origin,-2e-07,8.7e-08,-600000000.0,1668142.89596,12.0
endommage,origin,-2e-07,8.5e-08,-600000000.0,1629794.7834066665,12.0
endommage,origin,-2e-07,8.29999999999e-08,-600000000.0,1591446.67085,12.0
endommage,origin,-2e-07,8.1e-08,-600000000.0,1553098.5583,12.0
endommage,origin,-2e-07,7.9e-08,-600000000.0,1514750.44575,12.0
endommage,origin,-2e-07,7.7e-08,-600000000.0,1476402.3332,12.0
endommage,origin,-2e-07,7.5e-08,-600000000.0,1438054.2206499998,12.0
endommage,origin,-2e-07,7.3e-08,-600000000.0,1399706.1081,12.0
endommage,origin,-2e-07,7.1e-08,-600000000.0,1361357.99555,12.0
endommage,origin,-2e-07,6.89999999999e-08,-600000000.0,1323009.883,12.0
endommage,origin,-2e-07,6.7e-08,-600000000.0,1284661.77045,12.0
endommage,origin,-2e-07,6.5e-08,-600000000.0,1246313.6579,12.0
endommage,origin,-2e-07,6.3e-08,-600000000.0,1207965.54535,12.0
endommage,origin,-2e-07,6.1e-08,-600000000.0,1169617.4328,12.0
endommage,origin,-2e-07,5.9e-08,-600000000.0,1131269.32025,12.0
endommage,origin,-2e-07,5.7e-08,-600000000.0,1092921.2076933335,12.0
endommage,origin,-2e-07,5.50000000001e-08,-600000000.0,1054573.0951466665,12.0
endommage,origin,-2e-07,5.3e-08,-600000000.0,1016224.98259,12.0
endommage,origin,-2e-07,5.1e-08,-600000000.0,977876.870044,12.0
endommage,origin,-2e-07,4.9e-08,-600000000.0,939528.757493,12.0
endommage,origin,-2e-07,4.7e-08,-600000000.0,901180.6449416667,12.0
endommage,origin,-2e-07,4.5e-08,-600000000.0,862832.5323906667,12.0
endommage,origin,-2e-07,4.3e-08,-600000000.0,824484.4198403334,12.0
endommage,origin,-2e-07,4.10000000001e-08,-600000000.0,786136.3072906667,12.0
endommage,origin,-2e-07,3.9e-08,-600000000.0,747788.1947393334,12.0
endommage,origin,-2e-07,3.7e-08,-600000000.0,709440.0821889999,12.0
endommage,origin,-2e-07,3.5e-08,-600000000.0,671091.969638,12.0
endommage,origin,-2e-07,3.3e-08,-600000000.0,632743.8570866667,12.0
endommage,origin,-2e-07,3.1e-08,-600000000.0,594395.7445356665,12.0
endommage,origin,-2e-07,2.9e-08,-600000000.0,556047.6319853333,12.0
endommage,origin,-2e-07,2.7e-08,-600000000.0,517699.5194356667,12.0
endommage,origin,-2e-07,2.5e-08,-600000000.0,479351.40688433335,12.0
endommage,origin,-2e-07,2.3e-08,-600000000.0,441003.294334,12.0
endommage,origin,-2e-07,2.1e-08,-600000000.0,402655.181783,12.0
endommage,origin,-2e-07,1.9e-08,-600000000.0,364307.0692316666,12.0
endommage,origin,-2e-07,1.7e-08,-600000000.0,325958.9566813333,12.0
endommage,origin,-2e-07,1.5e-08,-600000000.0,287610.84413033334,12.0
endommage,origin,-2e-07,1.3e-08,-600000000.0,249262.73158033332,12.0
endommage,origin,-2e-07,1.1e-08,-600000000.0,210914.61902933335,12.0
endommage,origin,-2e-07,9.00000000002e-09,-600000000.0,172566.506479,12.0
endommage,origin,-2e-07,7e-09,-600000000.0,134218.393928,12.0
endommage,origin,-2e-07,4.99999999999e-09,-600000000.0,95870.28137639999,12.0
endommage,origin,-2e-07,2.99999999997e-09,-600000000.0,57522.16882596666,12.0
endommage,origin,-2e-07,9.99999999954e-10,-600000000.0,19174.056274866667,12.0
endommage,origin,-1.99e-07,0.0,-597000000.0,0.0,13.0
endommage,origin,-1.97e-07,0.0,-591000000.0,0.0,13.0
endommage,origin,-1.95e-07,0.0,-585000000.0,0.0,13.0
endommage,origin,-1.93e-07,0.0,-579000000.0,0.0,13.0
endommage,origin,-1.91e-07,0.0,-573000000.0,0.0,13.0
endommage,origin,-1.89e-07,0.0,-567000000.0,0.0,13.0
endommage,origin,-1.87e-07,0.0,-561000000.0,0.0,13.0
endommage,origin,-1.85e-07,0.0,-555000000.0,0.0,13.0
endommage,origin,-1.83e-07,0.0,-549000000.0,0.0,13.0
endommage,origin,-1.81e-07,0.0,-543000000.0,0.0,13.0
endommage,origin,-1.79e-07,0.0,-537000000.0,0.0,13.0
endommage,origin,-1.77e-07,0.0,-531000000.0,0.0,13.0
endommage,origin,-1.75e-07,0.0,-525000000.0,0.0,13.0
endommage,origin,-1.73e-07,0.0,-519000000.0,0.0,13.0
endommage,origin,-1.71e-07,0.0,-513000000.0,0.0,13.0
endommage,origin,-1.69e-07,0.0,-507000000.0,0.0,13.0
endommage,origin,-1.67e-07,0.0,-501000000.0,0.0,13.0
endommage,origin,-1.65e-07,0.0,-495000000.0,0.0,13.0
endommage,origin,-1.63e-07,0.0,-489000000.0,0.0,13.0
endommage,origin,-1.61e-07,0.0,-483000000.0,0.0,13.0
endommage,origin,-1.59e-07,0.0,-477000000.0,0.0,13.0
endommage,origin,-1.57e-07,0.0,-471000000.0,0.0,13.0
endommage,origin,-1.55e-07,0.0,-465000000.0,0.0,13.0
endommage,origin,-1.53e-07,0.0,-459000000.0,0.0,13.0
endommage,origin,-1.51e-07,0.0,-453000000.0,0.0,13.0
endommage,origin,-1.49e-07,0.0,-447000000.0,0.0,13.0
endommage,origin,-1.47e-07,0.0,-441000000.0,0.0,13.0
endommage,origin,-1.45e-07,0.0,-435000000.0,0.0,13.0
endommage,origin,-1.43e-07,0.0,-429000000.0,0.0,13.0
endommage,origin,-1.41e-07,0.0,-423000000.0,0.0,13.0
endommage,origin,-1.39e-07,0.0,-417000000.0,0.0,13.0
endommage,origin,-1.37e-07,0.0,-411000000.0,0.0,13.0
endommage,origin,-1.35e-07,0.0,-405000000.0,0.0,13.0
endommage,origin,-1.33e-07,0.0,-399000000.0,0.0,13.0
endommage,origin,-1.31e-07,0.0,-393000000.0,0.0,13.0
endommage,origin,-1.29e-07,0.0,-387000000.0,0.0,13.0
endommage,origin,-1.27e-07,0.0,-381000000.0,0.0,13.0
endommage,origin,-1.25e-07,0.0,-375000000.0,0.0,13.0
endommage,origin,-1.23e-07,0.0,-369000000.0,0.0,13.0
endommage,origin,-1.21e-07,0.0,-363000000.0,0.0,13.0
endommage,origin,-1.19e-07,0.0,-357000000.0,0.0,13.0
endommage,origin,-1.17e-07,0.0,-351000000.0,0.0,13.0
endommage,origin,-1.15e-07,0.0,-345000000.0,0.0,13.0
endommage,origin,-1.13e-07,0.0,-339000000.0,0.0,13.0
endommage,origin,-1.11e-07,0.0,-333000000.0,0.0,13.0
endommage,origin,-1.09e-07,0.0,-327000000.0,0.0,13.0
endommage,origin,-1.07e-07,0.0,-321000000.0,0.0,13.0
endommage,origin,-1.05e-07,0.0,-315000000.0,0.0,13.0
endommage,origin,-1.03e-07,0.0,-309000000.0,0.0,13.0
endommage,origin,-1.01e-07,0.0,-303000000.0,0.0,13.0
endommage,origin,-9.9e-08,0.0,-297000000.0,0.0,13.0
endommage,origin,-9.7e-08,0.0,-291000000.0,0.0,13.0
endommage,origin,-9.5e-08,0.0,-285000000.0,0.0,13.0
endommage,origin,-9.29999999999e-08,0.0,-279000000.0,0.0,13.0
endommage,origin,-9.1e-08,0.0,-273000000.0,0.0,13.0
endommage,origin,-8.9e-08,0.0,-267000000.0,0.0,13.0
endommage,origin,-8.7e-08,0.0,-261000000.0,0.0,13.0
endommage,origin,-8.5e-08,0.0,-255000000.0,0.0,13.0
endommage,origin,-8.3e-08,0.0,-249000000.0,0.0,13.0
endommage,origin,-8.1e-08,0.0,-243000000.0,0.0,13.0
endommage,origin,-7.90000000001e-08,0.0,-237000000.0,0.0,13.0
endommage,origin,-7.7e-08,0.0,-231000000.0,0.0,13.0
endommage,origin,-7.5e-08,0.0,-225000000.0,0.0,13.0
endommage,origin,-7.3e-08,0.0,-219000000.0,0.0,13.0
endommage,origin,-7.1e-08,0.0,-213000000.0,0.0,13.0
endommage,origin,-6.9e-08,0.0,-207000000.0,0.0,13.0
endommage,origin,-6.7e-08,0.0,-201000000.0,0.0,13.0
endommage,origin,-6.5e-08,0.0,-195000000.0,0.0,13.0
endommage,origin,-6.3e-08,0.0,-189000000.0,0.0,13.0
endommage,origin,-6.1e-08,0.0,-183000000.0,0.0,13.0
endommage,origin,-5.9e-08,0.0,-177000000.0,0.0,13.0
endommage,origin,-5.7e-08,0.0,-171000000.0,0.0,13.0
endommage,origin,-5.5e-08,0.0,-165000000.0,0.0,13.0
endommage,origin,-5.3e-08,0.0,-159000000.0,0.0,13.0
endommage,origin,-5.1e-08,0.0,-153000000.0,0.0,13.0
endommage,origin,-4.9e-08,0.0,-147000000.0,0.0,13.0
endommage,origin,-4.7e-08,0.0,-141000000.0,0.0,13.0
endommage,origin,-4.49999999999e-08,0.0,-135000000.0,0.0,13.0
endommage,origin,-4.3e-08,0.0,-129000000.0,0.0,13.0
endommage,origin,-4.1e-08,0.0,-123000000.0,0.0,13.0
endommage,origin,-3.9e-08,0.0,-117000000.0,0.0,13.0
endommage,origin,-3.7e-08,0.0,-111000000.0,0.0,13.0
endommage,origin,-3.5e-08,0.0,-105000000.0,0.0,13.0
endommage,origin,-3.3e-08,0.0,-98999999.9999,0.0,13.0
endommage,origin,-3.09999999999e-08,0.0,-92999999.99980001,0.0,13.0
endommage,origin,-2.9e-08,0.0,-87000000.0001,0.0,13.0
endommage,origin,-2.7e-08,0.0,-81000000.0,0.0,13.0
endommage,origin,-2.5e-08,0.0,-74999999.9999,0.0,13.0
endommage,origin,-2.3e-08,0.0,-69000000.0001,0.0,13.0
endommage,origin,-2.1e-08,0.0,-63000000.0,0.0,13.0
endommage,solidity,-2.1e-08,0.0,-63000000.0,0.0,13.0
endommage,solidity,-2e-08,9.99999999954e-10,-60000000.0,2984026.010973333,10.0
endommage,solidity,-2e-08,2.99999999997e-09,-60000000.0,8856234.099436665,10.0
endommage,solidity,-2e-08,4.99999999999e-09,-60000000.0,14600650.276200002,10.0
endommage,solidity,-2e-08,7e-09,-60000000.0,20217274.5414,10.0
endommage,solidity,-2e-08,9.00000000002e-09,-60000000.0,25706106.8951,10.0
endommage,solidity,-2e-08,1.1e-08,-60000000.0,31067147.337066665,10.0
endommage,solidity,-2e-08,1.3e-08,-60000000.0,36300395.8675,10.0
endommage,solidity,-2e-08,1.5e-08,-60000000.0,41405852.48613334,10.0
endommage,solidity,-2e-08,1.7e-08,-60000000.0,46383517.1934,10.0
endommage,solidity,-2e-08,1.9e-08,-60000000.0,51233389.988966666,10.0
endommage,solidity,-2e-08,2.1e-08,-60000000.0,55955470.873,10.0
endommage,solidity,-2e-08,2.3e-08,-60000000.0,60549759.84543333,10.0
endommage,solidity,-2e-08,2.5e-08,-60000000.0,65016256.906166665,10.0
endommage,solidity,-2e-08,2.7e-08,-60000000.0,69354962.05546667,10.0
endommage,solidity,-2e-08,2.9e-08,-60000000.0,73565875.29293333,10.0
endommage,solidity,-2e-08,3.1e-08,-60000000.0,77648996.61886667,10.0
endommage,solidity,-2e-08,3.3e-08,-60000000.0,81604326.0333,10.0
endommage,solidity,-2e-08,3.5e-08,-60000000.0,85431863.5361,10.0
endommage,solidity,-2e-08,3.7e-08,-60000000.0,89131609.12733333,10.0
endommage,solidity,-2e-08,3.9e-08,-60000000.0,92703562.80686666,10.0
endommage,solidity,-2e-08,4.10000000001e-08,-60000000.0,96147724.57486667,10.0
endommage,solidity,-2e-08,4.3e-08,-60000000.0,99464094.43119998,10.0
endommage,solidity,-2e-08,4.5e-08,-60000000.0,102652672.376,10.0
endommage,solidity,-2e-08,4.7e-08,-60000000.0,105713458.409,10.0
endommage,solidity,-2e-08,4.9e-08,-60000000.0,108646452.531,10.0
endommage,solidity,-2e-08,5.1e-08,-60000000.0,111451654.741,10.0
endommage,solidity,-2e-08,5.3e-08,-60000000.0,114129065.03899999,10.0
endommage,solidity,-2e-08,5.50000000001e-08,-60000000.0,116678683.426,10.0
endommage,solidity,-2e-08,5.7e-08,-60000000.0,119100509.90099998,10.0
endommage,solidity,-2e-08,5.9e-08,-60000000.0,121394544.46499999,10.0
endommage,solidity,-2e-08,6.1e-08,-60000000.0,123560787.117,10.0
endommage,solidity,-2e-08,6.3e-08,-60000000.0,125599237.857,10.0
endommage,solidity,-2e-08,6.5e-08,-60000000.0,127509896.686,10.0
endommage,solidity,-2e-08,6.7e-08,-60000000.0,129292763.603,10.0
endommage,solidity,-2e-08,6.89999999999e-08,-60000000.0,130947838.608,10.0
endommage,solidity,-2e-08,7.1e-08,-60000000.0,132475121.702,10.0
endommage,solidity,-2e-08,7.3e-08,-60000000.0,133874612.885,10.0
endommage,solidity,-2e-08,7.5e-08,-60000000.0,135146312.156,10.0
endommage,solidity,-2e-08,7.7e-08,-60000000.0,136290219.515,10.0
endommage,solidity,-2e-08,7.9e-08,-60000000.0,137306334.962,10.0
endommage,solidity,-2e-08,8.1e-08,-60000000.0,138194658.498,10.0
endommage,solidity,-2e-08,8.29999999999e-08,-60000000.0,138955190.123,10.0
endommage,solidity,-2e-08,8.5e-08,-60000000.0,139587929.835,10.0
endommage,solidity,-2e-08,8.7e-08,-60000000.0,140092877.637,10.0
endommage,solidity,-2e-08,8.9e-08,-60000000.0,140470033.526,10.0
endommage,solidity,-2e-08,9.1e-08,-60000000.0,140719397.504,10.0
endommage,solidity,-2e-08,9.3e-08,-60000000.0,140840969.57,10.0
endommage,solidity,-2e-08,9.5e-08,-60000000.0,140853977.993,10.0
endommage,solidity,-2e-08,9.7e-08,-60000000.0,140853929.186,10.0
endommage,solidity,-2e-08,9.9e-08,-60000000.0,140853833.893,10.0
endommage,solidity,-2e-08,1.01e-07,-60000000.0,140853692.172,10.0
endommage,solidity,-2e-08,1.03e-07,-60000000.0,140853504.081,10.0
endommage,solidity,-2e-08,1.05e-07,-60000000.0,140853269.677,10.0
endommage,solidity,-2e-08,1.07e-07,-60000000.0,140852989.017,10.0
endommage,solidity,-2e-08,1.09e-07,-60000000.0,140852662.159,10.0
endommage,solidity,-2e-08,1.11e-07,-60000000.0,140852289.16,10.0
endommage,solidity,-2e-08,1.13e-07,-60000000.0,140851870.077,10.0
endommage,solidity,-2e-08,1.15e-07,-60000000.0,140851404.966,10.0
endommage,solidity,-2e-08,1.17e-07,-60000000.0,140850893.887,10.0
endommage,solidity,-2e-08,1.19e-07,-60000000.0,140850336.894,10.0
endommage,solidity,-2e-08,1.21e-07,-60000000.0,140849734.046,10.0
endommage,solidity,-2e-08,1.23e-07,-60000000.0,140849085.4,10.0
endommage,solidity,-2e-08,1.25e-07,-60000000.0,140848391.011,10.0
endommage,solidity,-2e-08,1.27e-07,-60000000.0,140847650.938,10.0
endommage,solidity,-2e-08,1.29e-07,-60000000.0,140846865.236,10.0
endommage,solidity,-2e-08,1.31e-07,-60000000.0,140846033.963,10.0
endommage,solidity,-2e-08,1.33e-07,-60000000.0,140845157.175,10.0
endommage,solidity,-2e-08,1.35e-07,-60000000.0,140844234.93,10.0
endommage,solidity,-2e-08,1.37e-07,-60000000.0,140843267.282,10.0
endommage,solidity,-2e-08,1.39e-07,-60000000.0,140842254.29,10.0
endommage,solidity,-2e-08,1.41e-07,-60000000.0,140841196.01,10.0
endommage,solidity,-2e-08,1.43e-07,-60000000.0,140840092.498,10.0
endommage,solidity,-2e-08,1.45e-07,-60000000.0,140838943.81,10.0
endommage,solidity,-2e-08,1.47e-07,-60000000.0,140837750.003,10.0
endommage,solidity,-2e-08,1.49e-07,-60000000.0,140836511.133,10.0
endommage,solidity,-2e-08,1.51e-07,-60000000.0,140835227.256,10.0
endommage,solidity,-2e-08,1.53e-07,-60000000.0,140833898.429,10.0
endommage,solidity,-2e-08,1.55e-07,-60000000.0,140832524.708,10.0
endommage,solidity,-2e-08,1.57e-07,-60000000.0,140831106.149,10.0
endommage,solidity,-2e-08,1.59e-07,-60000000.0,140829642.808,10.0
endommage,solidity,-2e-08,1.61e-07,-60000000.0,140828134.74,10.0
endommage,solidity,-2e-08,1.63e-07,-60000000.0,140826582.003,10.0
endommage,solidity,-2e-08,1.65e-07,-60000000.0,140824984.651,10.0
endommage,solidity,-2e-08,1.67e-07,-60000000.0,140823342.741,10.0
endommage,solidity,-2e-08,1.69e-07,-60000000.0,140821656.329,10.0
endommage,solidity,-2e-08,1.71e-07,-60000000.0,140819925.469,10.0
endommage,solidity,-2e-08,1.73e-07,-60000000.0,140818150.219,10.0
endommage,solidity,-2e-08,1.75e-07,-60000000.0,140816330.633,10.0
endommage,solidity,-2e-08,1.77e-07,-60000000.0,140814466.768,10.0
endommage,solidity,-2e-08,1.79e-07,-60000000.0,140812558.678,10.0
endommage,solidity,-2e-08,1.81e-07,-60000000.0,140810606.42,10.0
endommage,solidity,-2e-08,1.83e-07,-60000000.0,140808610.049,10.0
endommage,solidity,-2e-08,1.85e-07,-60000000.0,140806569.62,10.0
endommage,solidity,-2e-08,1.87e-07,-60000000.0,140804485.188,10.0
endommage,solidity,-2e-08,1.89e-07,-60000000.0,140802356.809,10.0
endommage,solidity,-2e-08,1.91e-07,-60000000.0,140800184.539,10.0
endommage,solidity,-2e-08,1.93e-07,-60000000.0,140797968.432,10.0
endommage,solidity,-2e-08,1.95e-07,-60000000.0,140795708.543,10.0
endommage,solidity,-2e-08,1.97e-07,-60000000.0,140793404.929,10.0
endommage,solidity,-2e-08,1.99e-07,-60000000.0,140791057.643,10.0
endommage,solidity,-2e-08,2.01e-07,-60000000.0,140788666.741,10.0
endommage,solidity,-2e-08,2.03e-07,-60000000.0,140786232.278,10.0
endommage,solidity,-2e-08,2.05e-07,-60000000.0,140783754.308,10.0
endommage,solidity,-2e-08,2.07e-07,-60000000.0,140781232.888,10.0
endommage,solidity,-2e-08,2.09e-07,-60000000.0,140778668.071,10.0
endommage,solidity,-2e-08,2.11e-07,-60000000.0,140776059.912,10.0
endommage,solidity,-2e-08,2.13e-07,-60000000.0,140773408.466,10.0
endommage,solidity,-2e-08,2.15e-07,-60000000.0,140770713.788,10.0
endommage,solidity,-2e-08,2.17e-07,-60000000.0,140767975.932,10.0
endommage,solidity,-2e-08,2.19e-07,-60000000.0,140765194.954,10.0
endommage,solidity,-2e-08,2.21e-07,-60000000.0,140762370.906,10.0
endommage,solidity,-2e-08,2.23e-07,-60000000.0,140759503.845,10.0
endommage,solidity,-2e-08,2.25e-07,-60000000.0,140756593.825,10.0
endommage,solidity,-2e-08,2.27e-07,-60000000.0,140753640.899,10.0
endommage,solidity,-2e-08,2.29e-07,-60000000.0,140750645.123,10.0
endommage,solidity,-2e-08,2.31e-07,-60000000.0,140747606.55,10.0
endommage,solidity,-2e-08,2.33e-07,-60000000.0,140744525.235,10.0
endommage,solidity,-2e-08,2.35e-07,-60000000.0,140741401.232,10.0
endommage,solidity,-2e-08,2.37e-07,-60000000.0,140738234.595,10.0
endommage,solidity,-2e-08,2.39e-07,-60000000.0,140735025.379,10.0
endommage,solidity,-2e-08,2.41e-07,-60000000.0,140731773.637,10.0
endommage,solidity,-2e-08,2.43e-07,-60000000.0,140728479.423,10.0
endommage,solidity,-2e-08,2.45e-07,-60000000.0,140725142.792,10.0
endommage,solidity,-2e-08,2.47e-07,-60000000.0,140721763.798,10.0
endommage,solidity,-2e-08,2.49e-07,-60000000.0,140718342.493,10.0
endommage,solidity,-2e-08,2.51e-07,-60000000.0,140714878.933,10.0
endommage,solidity,-2e-08,2.53e-07,-60000000.0,140711373.17,10.0
endommage,solidity,-2e-08,2.55e-07,-60000000.0,140707825.259,10.0
endommage,solidity,-2e-08,2.57e-07,-60000000.0,140704235.253,10.0
endommage,solidity,-2e-08,2.59e-07,-60000000.0,140700603.206,10.0
endommage,solidity,-2e-08,2.61e-07,-60000000.0,140696929.172,10.0
endommage,solidity,-2e-08,2.63e-07,-60000000.0,140693213.204,10.0
endommage,solidity,-2e-08,2.65e-07,-60000000.0,140689455.355,10.0
endommage,solidity,-2e-08,2.67e-07,-60000000.0,140685655.679,10.0
endommage,solidity,-2e-08,2.69e-07,-60000000.0,140681814.23,10.0
endommage,solidity,-2e-08,2.71e-07,-60000000.0,140677931.06,10.0
endommage,solidity,-2e-08,2.73e-07,-60000000.0,140674006.224,10.0
endommage,solidity,-2e-08,2.75e-07,-60000000.0,140670039.774,10.0
endommage,solidity,-2e-08,2.77e-07,-60000000.0,140666031.763,10.0
endommage,solidity,-2e-08,2.79e-07,-60000000.0,140661982.246,10.0
endommage,solidity,-2e-08,2.81e-07,-60000000.0,140657891.274,10.0
endommage,solidity,-2e-08,2.83e-07,-60000000.0,140653758.901,10.0
endommage,solidity,-2e-08,2.85e-07,-60000000.0,140649585.18,10.0
endommage,solidity,-2e-08,2.87e-07,-60000000.0,140645370.164,10.0
endommage,solidity,-2e-08,2.89e-07,-60000000.0,140641113.906,10.0
endommage,solidity,-2e-08,2.91e-07,-60000000.0,140636816.459,10.0
endommage,solidity,-2e-08,2.93e-07,-60000000.0,140632477.875,10.0
endommage,solidity,-2e-08,2.95e-07,-60000000.0,140628098.208,10.0
endommage,solidity,-2e-08,2.97e-07,-60000000.0,140623677.51,10.0
endommage,solidity,-2e-08,2.99e-07,-60000000.0,140619215.833,10.0
endommage,solidity,-2e-08,3.01e-07,-60000000.0,140614713.232,10.0
endommage,solidity,-2e-08,3.03e-07,-60000000.0,140610169.757,10.0
endommage,solidity,-2e-08,3.05e-07,-60000000.0,140605585.462,10.0
endommage,solidity,-2e-08,3.07e-07,-60000000.0,140600960.4,10.0
endommage,solidity,-2e-08,3.09e-07,-60000000.0,140596294.622,10.0
endommage,solidity,-2e-08,3.11e-07,-60000000.0,140591588.181,10.0
endommage,solidity,-2e-08,3.13e-07,-60000000.0,140586841.129,10.0
endommage,solidity,-2e-08,3.15e-07,-60000000.0,140582053.52,10.0
endommage,solidity,-2e-08,3.17e-07,-60000000.0,140577225.404,10.0
endommage,solidity,-2e-08,3.19e-07,-60000000.0,140572356.835,10.0
endommage,solidity,-2e-08,3.21e-07,-60000000.0,140567447.864,10.0
endommage,solidity,-2e-08,3.23e-07,-60000000.0,140562498.544,10.0
endommage,solidity,-2e-08,3.25e-07,-60000000.0,140557508.927,10.0
endommage,solidity,-2e-08,3.27e-07,-60000000.0,140552479.065,10.0
endommage,solidity,-2e-08,3.29e-07,-60000000.0,140547409.009,10.0
endommage,solidity,-2e-08,3.31e-07,-60000000.0,140542298.812,10.0
endommage,solidity,-2e-08,3.33e-07,-60000000.0,140537148.526,10.0
endommage,solidity,-2e-08,3.35e-07,-60000000.0,140531958.202,10.0
endommage,solidity,-2e-08,3.37e-07,-60000000.0,140526727.893,10.0
endommage,solidity,-2e-08,3.39e-07,-60000000.0,140521457.65,10.0
endommage,solidity,-2e-08,3.41e-07,-60000000.0,140516147.524,10.0
endommage,solidity,-2e-08,3.43e-07,-60000000.0,140510797.568,10.0
endommage,solidity,-2e-08,3.45e-07,-60000000.0,140505407.834,10.0
endommage,solidity,-2e-08,3.47e-07,-60000000.0,140499978.372,10.0
endommage,solidity,-2e-08,3.49e-07,-60000000.0,140494509.234,10.0
endommage,solidity,-2e-08,3.51e-07,-60000000.0,140489000.472,10.0
endommage,solidity,-2e-08,3.53e-07,-60000000.0,140483452.138,10.0
endommage,solidity,-2e-08,3.55e-07,-60000000.0,140477864.282,10.0
endommage,solidity,-2e-08,3.57e-07,-60000000.0,140472236.956,10.0
endommage,solidity,-2e-08,3.59e-07,-60000000.0,140466570.212,10.0
endommage,solidity,-2e-08,3.61e-07,-60000000.0,140460864.1,10.0
endommage,solidity,-2e-08,3.63e-07,-60000000.0,140455118.672,10.0
endommage,solidity,-2e-08,3.65e-07,-60000000.0,140449333.979,10.0
endommage,solidity,-2e-08,3.67e-07,-60000000.0,140443510.072,10.0
endommage,solidity,-2e-08,3.69e-07,-60000000.0,140437647.002,10.0
endommage,solidity,-2e-08,3.71e-07,-60000000.0,140431744.82,10.0
endommage,solidity,-2e-08,3.73e-07,-60000000.0,140425803.578,10.0
endommage,solidity,-2e-08,3.75e-07,-60000000.0,140419823.326,10.0
endommage,solidity,-2e-08,3.77e-07,-60000000.0,140413804.115,10.0
endommage,solidity,-2e-08,3.79e-07,-60000000.0,140407745.996,10.0
endommage,solidity,-2e-08,3.81e-07,-60000000.0,140401649.02,10.0
endommage,solidity,-2e-08,3.83e-07,-60000000.0,140395513.237,10.0
endommage,solidity,-2e-08,3.85e-07,-60000000.0,140389338.699,10.0
endommage,solidity,-2e-08,3.87e-07,-60000000.0,140383125.455,10.0
endommage,solidity,-2e-08,3.89e-07,-60000000.0,140376873.558,10.0
endommage,solidity,-2e-08,3.91e-07,-60000000.0,140370583.056,10.0
endommage,solidity,-2e-08,3.93e-07,-60000000.0,140364254.001,10.0
endommage,solidity,-2e-08,3.95e-07,-60000000.0,140357886.443,10.0
endommage,solidity,-2e-08,3.97e-07,-60000000.0,140351480.433,10.0
endommage,solidity,-2e-08,3.99e-07,-60000000.0,140345036.021,10.0
endommage,solidity,-2e-08,4.01e-07,-60000000.0,140338553.257,10.0
endommage,solidity,-2e-08,4.03e-07,-60000000.0,140332032.192,10.0
endommage,solidity,-2e-08,4.05e-07,-60000000.0,140325472.876,10.0
endommage,solidity,-2e-08,4.07e-07,-60000000.0,140318875.359,10.0
endommage,solidity,-2e-08,4.09e-07,-60000000.0,140312239.692,10.0
endommage,solidity,-2e-08,4.11e-07,-60000000.0,140305565.924,10.0
endommage,solidity,-2e-08,4.13e-07,-60000000.0,140298854.106,10.0
endommage,solidity,-2e-08,4.15e-07,-60000000.0,140292104.287,10.0
endommage,solidity,-2e-08,4.17e-07,-60000000.0,140285316.518,10.0
endommage,solidity,-2e-08,4.19e-07,-60000000.0,140278490.849,10.0
endommage,solidity,-2e-08,4.21e-07,-60000000.0,140271627.33,10.0
endommage,solidity,-2e-08,4.23e-07,-60000000.0,140264726.009,10.0
endommage,solidity,-2e-08,4.25e-07,-60000000.0,140257786.938,10.0
endommage,solidity,-2e-08,4.27e-07,-60000000.0,140250810.166,10.0
endommage,solidity,-2e-08,4.29e-07,-60000000.0,140243795.743,10.0
endommage,solidity,-2e-08,4.31e-07,-60000000.0,140236743.718,10.0
endommage,solidity,-2e-08,4.33e-07,-60000000.0,140229654.142,10.0
endommage,solidity,-2e-08,4.35e-07,-60000000.0,140222527.063,10.0
endommage,solidity,-2e-08,4.37e-07,-60000000.0,140215362.531,10.0
endommage,solidity,-2e-08,4.39e-07,-60000000.0,140208160.596,10.0
endommage,solidity,-2e-08,4.41e-07,-60000000.0,140200921.307,10.0
endommage,solidity,-2e-08,4.43e-07,-60000000.0,140193644.714,10.0
endommage,solidity,-2e-08,4.45e-07,-60000000.0,140186330.866,10.0
endommage,solidity,-2e-08,4.47e-07,-60000000.0,140178979.812,10.0
endommage,solidity,-2e-08,4.49e-07,-60000000.0,140171591.602,10.0
endommage,solidity,-2e-08,4.51e-07,-60000000.0,140164166.284,10.0
endommage,solidity,-2e-08,4.53e-07,-60000000.0,140156703.909,10.0
endommage,solidity,-2e-08,4.55e-07,-60000000.0,140149204.525,10.0
endommage,solidity,-2e-08,4.57e-07,-60000000.0,140141668.181,10.0
endommage,solidity,-2e-08,4.59e-07,-60000000.0,140134094.927,10.0
endommage,solidity,-2e-08,4.61e-07,-60000000.0,140126484.811,10.0
endommage,solidity,-2e-08,4.63e-07,-60000000.0,140118837.883,10.0
endommage,solidity,-2e-08,4.65e-07,-60000000.0,140111154.191,10.0
endommage,solidity,-2e-08,4.67e-07,-60000000.0,140103433.784,10.0
endommage,solidity,-2e-08,4.69e-07,-60000000.0,140095676.711,10.0
endommage,solidity,-2e-08,4.71e-07,-60000000.0,140087883.021,10.0
endommage,solidity,-2e-08,4.73e-07,-60000000.0,140080052.763,10.0
endommage,solidity,-2e-08,4.75e-07,-60000000.0,140072185.985,10.0
endommage,solidity,-2e-08,4.77e-07,-60000000.0,140064282.737,10.0
endommage,solidity,-2e-08,4.79e-07,-60000000.0,140056343.065,10.0
endommage,solidity,-2e-08,4.81e-07,-60000000.0,140048367.021,10.0
endommage,solidity,-2e-08,4.83e-07,-60000000.0,140040354.651,10.0
endommage,solidity,-2e-08,4.85e-07,-60000000.0,140032306.004,10.0
endommage,solidity,-2e-08,4.87e-07,-60000000.0,140024221.129,10.0
endommage,solidity,-2e-08,4.89e-07,-60000000.0,140016100.074,10.0
endommage,solidity,-2e-08,4.91e-07,-60000000.0,140007942.888,10.0
endommage,solidity,-2e-08,4.93e-07,-60000000.0,139999749.618,10.0
endommage,solidity,-2e-08,4.95e-07,-60000000.0,139991520.314,10.0
endommage,solidity,-2e-08,4.97e-07,-60000000.0,139983255.023,10.0
endommage,solidity,-2e-08,4.99e-07,-60000000.0,139974953.794,10.0
endommage,solidity,-2e-08,5.01e-07,-60000000.0,139966616.674,10.0
endommage,solidity,-2e-08,5.03e-07,-60000000.0,139958243.712,10.0
endommage,solidity,-2e-08,5.05e-07,-60000000.0,139949834.956,10.0
endommage,solidity,-2e-08,5.07e-07,-60000000.0,139941390.454,10.0
endommage,solidity,-2e-08,5.09e-07,-60000000.0,139932910.254,10.0
endommage,solidity,-2e-08,5.11e-07,-60000000.0,139924394.403,10.0
endommage,solidity,-2e-08,5.13e-07,-60000000.0,139915842.951,10.0
endommage,solidity,-2e-08,5.15e-07,-60000000.0,139907255.944,10.0
endommage,solidity,-2e-08,5.17e-07,-60000000.0,139898633.43,10.0
endommage,solidity,-2e-08,5.19e-07,-60000000.0,139889975.457,10.0
endommage,solidity,-2e-08,5.21e-07,-60000000.0,139881282.073,10.0
endommage,solidity,-2e-08,5.23e-07,-60000000.0,139872553.325,10.0
endommage,solidity,-2e-08,5.25e-07,-60000000.0,139863789.262,10.0
endommage,solidity,-2e-08,5.27e-07,-60000000.0,139854989.93,10.0
endommage,solidity,-2e-08,5.29e-07,-60000000.0,139846155.378,10.0
endommage,solidity,-2e-08,5.31e-07,-60000000.0,139837285.652,10.0
endommage,solidity,-2e-08,5.33e-07,-60000000.0,139828380.801,10.0
endommage,solidity,-2e-08,5.35e-07,-60000000.0,139819440.871,10.0
endommage,solidity,-2e-08,5.37e-07,-60000000.0,139810465.91,10.0
endommage,solidity,-2e-08,5.39e-07,-60000000.0,139801455.966,10.0
endommage,solidity,-2e-08,5.41e-07,-60000000.0,139792411.085,10.0
endommage,solidity,-2e-08,5.43e-07,-60000000.0,139783331.315,10.0
endommage,solidity,-2e-08,5.45e-07,-60000000.0,139774216.702,10.0
endommage,solidity,-2e-08,5.47e-07,-60000000.0,139765067.296,10.0
endommage,solidity,-2e-08,5.49e-07,-60000000.0,139755883.141,10.0
endommage,solidity,-2e-08,5.51e-07,-60000000.0,139746664.286,10.0
endommage,solidity,-2e-08,5.53e-07,-60000000.0,139737410.777,10.0
endommage,solidity,-2e-08,5.55e-07,-60000000.0,139728122.662,10.0
endommage,solidity,-2e-08,5.57e-07,-60000000.0,139718799.987,10.0
endommage,solidity,-2e-08,5.59e-07,-60000000.0,139709442.8,10.0
endommage,solidity,-2e-08,5.61e-07,-60000000.0,139700051.146,10.0
endommage,solidity,-2e-08,5.63e-07,-60000000.0,139690625.074,10.0
endommage,solidity,-2e-08,5.65e-07,-60000000.0,139681164.629,10.0
endommage,solidity,-2e-08,5.67e-07,-60000000.0,139671669.858,10.0
endommage,solidity,-2e-08,5.69e-07,-60000000.0,139662140.809,10.0
endommage,solidity,-2e-08,5.71e-07,-60000000.0,139652577.528,10.0
endommage,solidity,-2e-08,5.73e-07,-60000000.0,139642980.061,10.0
endommage,solidity,-2e-08,5.75e-07,-60000000.0,139633348.455,10.0
endommage,solidity,-2e-08,5.77e-07,-60000000.0,139623682.756,10.0
endommage,solidity,-2e-08,5.79e-07,-60000000.0,139613983.011,10.0
endommage,solidity,-2e-08,5.81e-07,-60000000.0,139604249.267,10.0
endommage,solidity,-2e-08,5.83e-07,-60000000.0,139594481.57,10.0
endommage,solidity,-2e-08,5.85e-07,-60000000.0,139584679.965,10.0
endommage,solidity,-2e-08,5.87e-07,-60000000.0,139574844.5,10.0
endommage,solidity,-2e-08,5.89e-07,-60000000.0,139564975.221,10.0
endommage,solidity,-2e-08,5.91e-07,-60000000.0,139555072.174,10.0
endommage,solidity,-2e-08,5.93e-07,-60000000.0,139545135.405,10.0
endommage,solidity,-2e-08,5.95e-07,-60000000.0,139535164.96,10.0
endommage,solidity,-2e-08,5.97e-07,-60000000.0,139525160.886,10.0
endommage,solidity,-2e-08,5.99e-07,-60000000.0,139515123.228,10.0
endommage,solidity,-2e-08,6.01e-07,-60000000.0,139505052.032,10.0
endommage,solidity,-2e-08,6.03e-07,-60000000.0,139494947.345,10.0
endommage,solidity,-2e-08,6.05e-07,-60000000.0,139484809.212,10.0
endommage,solidity,-2e-08,6.07e-07,-60000000.0,139474637.68,10.0
endommage,solidity,-2e-08,6.09e-07,-60000000.0,139464432.794,10.0
endommage,solidity,-2e-08,6.11e-07,-60000000.0,139454194.599,10.0
endommage,solidity,-2e-08,6.13e-07,-60000000.0,139443923.142,10.0
endommage,solidity,-2e-08,6.15e-07,-60000000.0,139433618.469,10.0
endommage,solidity,-2e-08,6.17e-07,-60000000.0,139423280.625,10.0
endommage,solidity,-2e-08,6.19e-07,-60000000.0,139412909.655,10.0
endommage,solidity,-2e-08,6.21e-07,-60000000.0,139402505.606,10.0
endommage,solidity,-2e-08,6.23e-07,-60000000.0,139392068.522,10.0
endommage,solidity,-2e-08,6.25e-07,-60000000.0,139381598.45,10.0
endommage,solidity,-2e-08,6.27e-07,-60000000.0,139371095.435,10.0
endommage,solidity,-2e-08,6.29e-07,-60000000.0,139360559.522,10.0
endommage,solidity,-2e-08,6.31e-07,-60000000.0,139349990.757,10.0
endommage,solidity,-2e-08,6.33e-07,-60000000.0,139339389.185,10.0
endommage,solidity,-2e-08,6.35e-07,-60000000.0,139328754.852,10.0
endommage,solidity,-2e-08,6.37e-07,-60000000.0,139318087.802,10.0
endommage,solidity,-2e-08,6.39e-07,-60000000.0,139307388.08,10.0
endommage,solidity,-2e-08,6.41e-07,-60000000.0,139296655.733,10.0
endommage,solidity,-2e-08,6.43e-07,-60000000.0,139285890.805,10.0
endommage,solidity,-2e-08,6.45e-07,-60000000.0,139275093.341,10.0
endommage,solidity,-2e-08,6.47e-07,-60000000.0,139264263.387,10.0
endommage,solidity,-2e-08,6.49e-07,-60000000.0,139253400.987,10.0
endommage,solidity,-2e-08,6.51e-07,-60000000.0,139242506.186,10.0
endommage,solidity,-2e-08,6.53e-07,-60000000.0,139231579.03,10.0
endommage,solidity,-2e-08,6.55e-07,-60000000.0,139220619.563,10.0
endommage,solidity,-2e-08,6.57e-07,-60000000.0,139209627.83,10.0
endommage,solidity,-2e-08,6.59e-07,-60000000.0,139198603.876,10.0
endommage,solidity,-2e-08,6.61e-07,-60000000.0,139187547.745,10.0
endommage,solidity,-2e-08,6.63e-07,-60000000.0,139176459.483,10.0
endommage,solidity,-2e-08,6.65e-07,-60000000.0,139165339.134,10.0
endommage,solidity,-2e-08,6.67e-07,-60000000.0,139154186.742,10.0
endommage,solidity,-2e-08,6.69e-07,-60000000.0,139143002.353,10.0
endommage,solidity,-2e-08,6.71e-07,-60000000.0,139131786.011,10.0
endommage,solidity,-2e-08,6.73e-07,-60000000.0,139120537.76,10.0
endommage,solidity,-2e-08,6.75e-07,-60000000.0,139109257.645,10.0
endommage,solidity,-2e-08,6.77e-07,-60000000.0,139097945.71,10.0
endommage,solidity,-2e-08,6.79e-07,-60000000.0,139086602.001,10.0
endommage,solidity,-2e-08,6.81e-07,-60000000.0,139075226.56,10.0
endommage,solidity,-2e-08,6.83e-07,-60000000.0,139063819.433,10.0
endommage,solidity,-2e-08,6.85e-07,-60000000.0,139052380.663,10.0
endommage,solidity,-2e-08,6.87e-07,-60000000.0,139040910.296,10.0
endommage,solidity,-2e-08,6.89e-07,-60000000.0,139029408.374,10.0
endommage,solidity,-2e-08,6.91e-07,-60000000.0,139017874.944,10.0
endommage,solidity,-2e-08,6.93e-07,-60000000.0,139006310.047,10.0
endommage,solidity,-2e-08,6.95e-07,-60000000.0,138994713.729,10.0
endommage,solidity,-2e-08,6.97e-07,-60000000.0,138983086.034,10.0
endommage,solidity,-2e-08,6.99e-07,-60000000.0,138971427.005,10.0
endommage,solidity,-2e-08,7.01e-07,-60000000.0,138959736.687,10.0
endommage,solidity,-2e-08,7.03e-07,-60000000.0,138948015.124,10.0
endommage,solidity,-2e-08,7.05e-07,-60000000.0,138936262.358,10.0
endommage,solidity,-2e-08,7.07e-07,-60000000.0,138924478.435,10.0
endommage,solidity,-2e-08,7.09e-07,-60000000.0,138912663.399,10.0
endommage,solidity,-2e-08,7.11e-07,-60000000.0,138900817.291,10.0
endommage,solidity,-2e-08,7.13e-07,-60000000.0,138888940.158,10.0
endommage,solidity,-2e-08,7.15e-07,-60000000.0,138877032.041,10.0
endommage,solidity,-2e-08,7.17e-07,-60000000.0,138865092.985,10.0
endommage,solidity,-2e-08,7.19e-07,-60000000.0,138853123.034,10.0
endommage,solidity,-2e-08,7.21e-07,-60000000.0,138841122.231,10.0
endommage,solidity,-2e-08,7.23e-07,-60000000.0,138829090.619,10.0
endommage,solidity,-2e-08,7.25e-07,-60000000.0,138817028.242,10.0
endommage,solidity,-2e-08,7.27e-07,-60000000.0,138804935.144,10.0
endommage,solidity,-2e-08,7.29e-07,-60000000.0,138792811.367,10.0
endommage,solidity,-2e-08,7.31e-07,-60000000.0,138780656.956,10.0
endommage,solidity,-2e-08,7.33e-07,-60000000.0,138768471.953,10.0
endommage,solidity,-2e-08,7.35e-07,-60000000.0,138756256.402,10.0
endommage,solidity,-2e-08,7.37e-07,-60000000.0,138744010.346,10.0
endommage,solidity,-2e-08,7.39e-07,-60000000.0,138731733.828,10.0
endommage,solidity,-2e-08,7.41e-07,-60000000.0,138719426.891,10.0
endommage,solidity,-2e-08,7.43e-07,-60000000.0,138707089.579,10.0
endommage,solidity,-2e-08,7.45e-07,-60000000.0,138694721.935,10.0
endommage,solidity,-2e-08,7.47e-07,-60000000.0,138682324.001,10.0
endommage,solidity,-2e-08,7.49e-07,-60000000.0,138669895.821,10.0
endommage,solidity,-2e-08,7.51e-07,-60000000.0,138657437.437,10.0
endommage,solidity,-2e-08,7.53e-07,-60000000.0,138644948.893,10.0
endommage,solidity,-2e-08,7.55e-07,-60000000.0,138632430.231,10.0
endommage,solidity,-2e-08,7.57e-07,-60000000.0,138619881.495,10.0
endommage,solidity,-2e-08,7.59e-07,-60000000.0,138607302.726,10.0
endommage,solidity,-2e-08,7.61e-07,-60000000.0,138594693.969,10.0
endommage,solidity,-2e-08,7.63e-07,-60000000.0,138582055.265,10.0
endommage,solidity,-2e-08,7.65e-07,-60000000.0,138569386.657,10.0
endommage,solidity,-2e-08,7.67e-07,-60000000.0,138556688.188,10.0
endommage,solidity,-2e-08,7.69e-07,-60000000.0,138543959.9,10.0
endommage,solidity,-2e-08,7.71e-07,-60000000.0,138531201.837,10.0
endommage,solidity,-2e-08,7.73e-07,-60000000.0,138518414.04,10.0
endommage,solidity,-2e-08,7.75e-07,-60000000.0,138505596.552,10.0
endommage,solidity,-2e-08,7.77e-07,-60000000.0,138492749.416,10.0
endommage,solidity,-2e-08,7.79e-07,-60000000.0,138479872.673,10.0
endommage,solidity,-2e-08,7.81e-07,-60000000.0,138466966.367,10.0
endommage,solidity,-2e-08,7.83e-07,-60000000.0,138454030.539,10.0
endommage,solidity,-2e-08,7.85e-07,-60000000.0,138441065.233,10.0
endommage,solidity,-2e-08,7.87e-07,-60000000.0,138428070.489,10.0
endommage,solidity,-2e-08,7.89e-07,-60000000.0,138415046.351,10.0
endommage,solidity,-2e-08,7.91e-07,-60000000.0,138401992.861,10.0
endommage,solidity,-2e-08,7.93e-07,-60000000.0,138388910.06,10.0
endommage,solidity,-2e-08,7.95e-07,-60000000.0,138375797.991,10.0
endommage,solidity,-2e-08,7.97e-07,-60000000.0,138362656.696,10.0
endommage,solidity,-2e-08,7.99e-07,-60000000.0,138349486.217,10.0
endommage,solidity,-2e-08,8.01e-07,-60000000.0,138336286.595,10.0
endommage,solidity,-2e-08,8.03e-07,-60000000.0,138323057.874,10.0
endommage,solidity,-2e-08,8.05e-07,-60000000.0,138309800.094,10.0
endommage,solidity,-2e-08,8.07e-07,-60000000.0,138296513.298,10.0
endommage,solidity,-2e-08,8.09e-07,-60000000.0,138283197.527,10.0
endommage,solidity,-2e-08,8.11e-07,-60000000.0,138269852.823,10.0
endommage,solidity,-2e-08,8.13e-07,-60000000.0,138256479.228,10.0
endommage,solidity,-2e-08,8.15e-07,-60000000.0,138243076.784,10.0
endommage,solidity,-2e-08,8.17e-07,-60000000.0,138229645.532,10.0
endommage,solidity,-2e-08,8.19e-07,-60000000.0,138216185.515,10.0
endommage,solidity,-2e-08,8.21e-07,-60000000.0,138202696.772,10.0
endommage,solidity,-2e-08,8.23e-07,-60000000.0,138189179.347,10.0
endommage,solidity,-2e-08,8.25e-07,-60000000.0,138175633.281,10.0
endommage,solidity,-2e-08,8.27e-07,-60000000.0,138162058.614,10.0
endommage,solidity,-2e-08,8.29e-07,-60000000.0,138148455.389,10.0
endommage,solidity,-2e-08,8.31e-07,-60000000.0,138134823.647,10.0
endommage,solidity,-2e-08,8.33e-07,-60000000.0,138121163.429,10.0
endommage,solidity,-2e-08,8.35e-07,-60000000.0,138107474.777,10.0
endommage,solidity,-2e-08,8.37e-07,-60000000.0,138093757.732,10.0
endommage,solidity,-2e-08,8.39e-07,-60000000.0,138080012.335,10.0
endommage,solidity,-2e-08,8.41e-07,-60000000.0,138066238.627,10.0
endommage,solidity,-2e-08,8.43e-07,-60000000.0,138052436.65,10.0
endommage,solidity,-2e-08,8.45e-07,-60000000.0,138038606.445,10.0
endommage,solidity,-2e-08,8.47e-07,-60000000.0,138024748.052,10.0
endommage,solidity,-2e-08,8.49e-07,-60000000.0,138010861.513,10.0
endommage,solidity,-2e-08,8.51e-07,-60000000.0,137996946.869,10.0
endommage,solidity,-2e-08,8.53e-07,-60000000.0,137983004.161,10.0
endommage,solidity,-2e-08,8.55e-07,-60000000.0,137969033.43,10.0
endommage,solidity,-2e-08,8.57e-07,-60000000.0,137955034.716,10.0
endommage,solidity,-2e-08,8.59e-07,-60000000.0,137941008.061,10.0
endommage,solidity,-2e-08,8.61e-07,-60000000.0,137926953.505,10.0
endommage,solidity,-2e-08,8.63e-07,-60000000.0,137912871.09,10.0
endommage,solidity,-2e-08,8.65e-07,-60000000.0,137898760.855,10.0
endommage,solidity,-2e-08,8.67e-07,-60000000.0,137884622.842,10.0
endommage,solidity,-2e-08,8.69e-07,-60000000.0,137870457.091,10.0
endommage,solidity,-2e-08,8.71e-07,-60000000.0,137856263.643,10.0
endommage,solidity,-2e-08,8.73e-07,-60000000.0,137842042.539,10.0
endommage,solidity,-2e-08,8.75e-07,-60000000.0,137827793.818,10.0
endommage,solidity,-2e-08,8.77e-07,-60000000.0,137813517.523,10.0
endommage,solidity,-2e-08,8.79e-07,-60000000.0,137799213.692,10.0
endommage,solidity,-2e-08,8.81e-07,-60000000.0,137784882.367,10.0
endommage,solidity,-2e-08,8.83e-07,-60000000.0,137770523.589,10.0
endommage,solidity,-2e-08,8.85e-07,-60000000.0,137756137.396,10.0
endommage,solidity,-2e-08,8.87e-07,-60000000.0,137741723.83,10.0
endommage,solidity,-2e-08,8.89e-07,-60000000.0,137727282.931,10.0
endommage,solidity,-2e-08,8.91e-07,-60000000.0,137712814.74,10.0
endommage,solidity,-2e-08,8.93e-07,-60000000.0,137698319.295,10.0
endommage,solidity,-2e-08,8.95e-07,-60000000.0,137683796.639,10.0
endommage,solidity,-2e-08,8.97e-07,-60000000.0,137669246.81,10.0
endommage,solidity,-2e-08,8.99e-07,-60000000.0,137654669.849,10.0
endommage,solidity,-2e-08,9.01e-07,-60000000.0,137640065.797,10.0
endommage,solidity,-2e-08,9.03e-07,-60000000.0,137625434.692,10.0
endommage,solidity,-2e-08,9.05e-07,-60000000.0,137610776.575,10.0
endommage,solidity,-2e-08,9.07e-07,-60000000.0,137596091.486,10.0
endommage,solidity,-2e-08,9.09e-07,-60000000.0,137581379.465,10.0
endommage,solidity,-2e-08,9.11e-07,-60000000.0,137566640.552,10.0
endommage,solidity,-2e-08,9.13e-07,-60000000.0,137551874.787,10.0
endommage,solidity,-2e-08,9.15e-07,-60000000.0,137537082.209,10.0
endommage,solidity,-2e-08,9.17e-07,-60000000.0,137522262.858,10.0
endommage,solidity,-2e-08,9.19e-07,-60000000.0,137507416.775,10.0
endommage,solidity,-2e-08,9.21e-07,-60000000.0,137492543.998,10.0
endommage,solidity,-2e-08,9.23e-07,-60000000.0,137477644.567,10.0
endommage,solidity,-2e-08,9.25e-07,-60000000.0,137462718.522,10.0
endommage,solidity,-2e-08,9.27e-07,-60000000.0,137447765.903,10.0
endommage,solidity,-2e-08,9.29e-07,-60000000.0,137432786.749,10.0
endommage,solidity,-2e-08,9.31e-07,-60000000.0,137417781.099,10.0
endommage,solidity,-2e-08,9.33e-07,-60000000.0,137402748.994,10.0
endommage,solidity,-2e-08,9.35e-07,-60000000.0,137387690.472,10.0
endommage,solidity,-2e-08,9.37e-07,-60000000.0,137372605.573,10.0
endommage,solidity,-2e-08,9.39e-07,-60000000.0,137357494.337,10.0
endommage,solidity,-2e-08,9.41e-07,-60000000.0,137342356.802,10.0
endommage,solidity,-2e-08,9.43e-07,-60000000.0,137327193.008,10.0
endommage,solidity,-2e-08,9.45e-07,-60000000.0,137312002.994,10.0
endommage,solidity,-2e-08,9.47e-07,-60000000.0,137296786.8,10.0
endommage,solidity,-2e-08,9.49e-07,-60000000.0,137281544.464,10.0
endommage,solidity,-2e-08,9.51e-07,-60000000.0,137266276.026,10.0
endommage,solidity,-2e-08,9.53e-07,-60000000.0,137250981.525,10.0
endommage,solidity,-2e-08,9.55e-07,-60000000.0,137235660.999,10.0
endommage,solidity,-2e-08,9.57e-07,-60000000.0,137220314.489,10.0
endommage,solidity,-2e-08,9.59e-07,-60000000.0,137204942.033,10.0
endommage,solidity,-2e-08,9.61e-07,-60000000.0,137189543.669,10.0
endommage,solidity,-2e-08,9.63e-07,-60000000.0,137174119.438,10.0
endommage,solidity,-2e-08,9.65e-07,-60000000.0,137158669.377,10.0
endommage,solidity,-2e-08,9.67e-07,-60000000.0,137143193.526,10.0
endommage,solidity,-2e-08,9.69e-07,-60000000.0,137127691.923,10.0
endommage,solidity,-2e-08,9.71e-07,-60000000.0,137112164.607,10.0
endommage,solidity,-2e-08,9.73e-07,-60000000.0,137096611.617,10.0
endommage,solidity,-2e-08,9.75e-07,-60000000.0,137081032.992,10.0
endommage,solidity,-2e-08,9.77e-07,-60000000.0,137065428.77,10.0
endommage,solidity,-2e-08,9.79e-07,-60000000.0,137049798.991,10.0
endommage,solidity,-2e-08,9.81e-07,-60000000.0,137034143.691,10.0
endommage,solidity,-2e-08,9.83e-07,-60000000.0,137018462.911,10.0
endommage,solidity,-2e-08,9.85e-07,-60000000.0,137002756.688,10.0
endommage,solidity,-2e-08,9.87e-07,-60000000.0,136987025.062,10.0
endommage,solidity,-2e-08,9.89e-07,-60000000.0,136971268.07,10.0
endommage,solidity,-2e-08,9.91e-07,-60000000.0,136955485.751,10.0
endommage,solidity,-2e-08,9.93e-07,-60000000.0,136939678.143,10.0
endommage,solidity,-2e-08,9.95e-07,-60000000.0,136923845.286,10.0
endommage,solidity,-2e-08,9.97e-07,-60000000.0,136907987.216,10.0
endommage,solidity,-2e-08,9.99e-07,-60000000.0,136892103.972,10.0
endommage,solidity,-2e-08,1.001e-06,-60000000.0,136876195.593,10.0
endommage,solidity,-2e-08,1.003e-06,-60000000.0,136860262.117,10.0
endommage,solidity,-2e-08,1.005e-06,-60000000.0,136844303.581,10.0
endommage,solidity,-2e-08,1.007e-06,-60000000.0,136828320.025,10.0
endommage,solidity,-2e-08,1.009e-06,-60000000.0,136812311.486,10.0
endommage,solidity,-2e-08,1.011e-06,-60000000.0,136796278.002,10.0
endommage,solidity,-2e-08,1.013e-06,-60000000.0,136780219.611,10.0
endommage,solidity,-2e-08,1.015e-06,-60000000.0,136764136.351,10.0
endommage,solidity,-2e-08,1.017e-06,-60000000.0,136748028.26,10.0
endommage,solidity,-2e-08,1.019e-06,-60000000.0,136731895.376,10.0
endommage,solidity,-2e-08,1.021e-06,-60000000.0,136715737.738,10.0
endommage,solidity,-2e-08,1.023e-06,-60000000.0,136699555.382,10.0
endommage,solidity,-2e-08,1.025e-06,-60000000.0,136683348.346,10.0
endommage,solidity,-2e-08,1.027e-06,-60000000.0,136667116.669,10.0
endommage,solidity,-2e-08,1.029e-06,-60000000.0,136650860.388,10.0
endommage,solidity,-2e-08,1.031e-06,-60000000.0,136634579.541,10.0
endommage,solidity,-2e-08,1.033e-06,-60000000.0,136618274.165,10.0
endommage,solidity,-2e-08,1.035e-06,-60000000.0,136601944.298,10.0
endommage,solidity,-2e-08,1.037e-06,-60000000.0,136585589.977,10.0
endommage,solidity,-2e-08,1.039e-06,-60000000.0,136569211.241,10.0
endommage,solidity,-2e-08,1.041e-06,-60000000.0,136552808.127,10.0
endommage,solidity,-2e-08,1.043e-06,-60000000.0,136536380.672,10.0
endommage,solidity,-2e-08,1.045e-06,-60000000.0,136519928.913,10.0
endommage,solidity,-2e-08,1.047e-06,-60000000.0,136503452.889,10.0
endommage,solidity,-2e-08,1.049e-06,-60000000.0,136486952.636,10.0
endommage,solidity,-2e-08,1.051e-06,-60000000.0,136470428.191,10.0
endommage,solidity,-2e-08,1.053e-06,-60000000.0,136453879.593,10.0
endommage,solidity,-2e-08,1.055e-06,-60000000.0,136437306.878,10.0
endommage,solidity,-2e-08,1.057e-06,-60000000.0,136420710.084,10.0
endommage,solidity,-2e-08,1.059e-06,-60000000.0,136404089.247,10.0
endommage,solidity,-2e-08,1.061e-06,-60000000.0,136387444.406,10.0
endommage,solidity,-2e-08,1.063e-06,-60000000.0,136370775.596,10.0
endommage,solidity,-2e-08,1.065e-06,-60000000.0,136354082.856,10.0
endommage,solidity,-2e-08,1.067e-06,-60000000.0,136337366.222,10.0
endommage,solidity,-2e-08,1.069e-06,-60000000.0,136320625.731,10.0
endommage,solidity,-2e-08,1.071e-06,-60000000.0,136303861.42,10.0
endommage,solidity,-2e-08,1.073e-06,-60000000.0,136287073.327,10.0
endommage,solidity,-2e-08,1.075e-06,-60000000.0,136270261.488,10.0
endommage,solidity,-2e-08,1.077e-06,-60000000.0,136253425.939,10.0
endommage,solidity,-2e-08,1.079e-06,-60000000.0,136236566.719,10.0
endommage,solidity,-2e-08,1.081e-06,-60000000.0,136219683.863,10.0
endommage,solidity,-2e-08,1.083e-06,-60000000.0,136202777.409,10.0
endommage,solidity,-2e-08,1.085e-06,-60000000.0,136185847.393,10.0
endommage,solidity,-2e-08,1.087e-06,-60000000.0,136168893.852,10.0
endommage,solidity,-2e-08,1.089e-06,-60000000.0,136151916.822,10.0
endommage,solidity,-2e-08,1.091e-06,-60000000.0,136134916.341,10.0
endommage,solidity,-2e-08,1.093e-06,-60000000.0,136117892.444,10.0
endommage,solidity,-2e-08,1.095e-06,-60000000.0,136100845.169,10.0
endommage,solidity,-2e-08,1.097e-06,-60000000.0,136083774.552,10.0
endommage,solidity,-2e-08,1.099e-06,-60000000.0,136066680.629,10.0
endommage,solidity,-2e-08,1.101e-06,-60000000.0,136049563.437,10.0
endommage,solidity,-2e-08,1.103e-06,-60000000.0,136032423.013,10.0
endommage,solidity,-2e-08,1.105e-06,-60000000.0,136015259.392,10.0
endommage,solidity,-2e-08,1.107e-06,-60000000.0,135998072.611,10.0
endommage,solidity,-2e-08,1.109e-06,-60000000.0,135980862.707,10.0
endommage,solidity,-2e-08,1.111e-06,-60000000.0,135963629.715,10.0
endommage,solidity,-2e-08,1.113e-06,-60000000.0,135946373.672,10.0
endommage,solidity,-2e-08,1.115e-06,-60000000.0,135929094.615,10.0
endommage,solidity,-2e-08,1.117e-06,-60000000.0,135911792.579,10.0
endommage,solidity,-2e-08,1.119e-06,-60000000.0,135894467.6,10.0
endommage,solidity,-2e-08,1.121e-06,-60000000.0,135877119.715,10.0
endommage,solidity,-2e-08,1.123e-06,-60000000.0,135859748.96,10.0
endommage,solidity,-2e-08,1.125e-06,-60000000.0,135842355.37,10.0
endommage,solidity,-2e-08,1.127e-06,-60000000.0,135824938.983,10.0
endommage,solidity,-2e-08,1.129e-06,-60000000.0,135807499.833,10.0
endommage,solidity,-2e-08,1.131e-06,-60000000.0,135790037.957,10.0
endommage,solidity,-2e-08,1.133e-06,-60000000.0,135772553.39,10.0
endommage,solidity,-2e-08,1.135e-06,-60000000.0,135755046.169,10.0
endommage,solidity,-2e-08,1.137e-06,-60000000.0,135737516.33,10.0
endommage,solidity,-2e-08,1.139e-06,-60000000.0,135719963.907,10.0
endommage,solidity,-2e-08,1.141e-06,-60000000.0,135702388.938,10.0
endommage,solidity,-2e-08,1.143e-06,-60000000.0,135684791.457,10.0
endommage,solidity,-2e-08,1.145e-06,-60000000.0,135667171.501,10.0
endommage,solidity,-2e-08,1.147e-06,-60000000.0,135649529.104,10.0
endommage,solidity,-2e-08,1.149e-06,-60000000.0,135631864.304,10.0
endommage,solidity,-2e-08,1.151e-06,-60000000.0,135614177.134,10.0
endommage,solidity,-2e-08,1.153e-06,-60000000.0,135596467.632,10.0
endommage,solidity,-2e-08,1.155e-06,-60000000.0,135578735.832,10.0
endommage,solidity,-2e-08,1.157e-06,-60000000.0,135560981.77,10.0
endommage,solidity,-2e-08,1.159e-06,-60000000.0,135543205.481,10.0
endommage,solidity,-2e-08,1.161e-06,-60000000.0,135525407.002,10.0
endommage,solidity,-2e-08,1.163e-06,-60000000.0,135507586.366,10.0
endommage,solidity,-2e-08,1.165e-06,-60000000.0,135489743.61,10.0
endommage,solidity,-2e-08,1.167e-06,-60000000.0,135471878.769,10.0
endommage,solidity,-2e-08,1.169e-06,-60000000.0,135453991.878,10.0
endommage,solidity,-2e-08,1.171e-06,-60000000.0,135436082.973,10.0
endommage,solidity,-2e-08,1.173e-06,-60000000.0,135418152.088,10.0
endommage,solidity,-2e-08,1.175e-06,-60000000.0,135400199.26,10.0
endommage,solidity,-2e-08,1.177e-06,-60000000.0,135382224.522,10.0
endommage,solidity,-2e-08,1.179e-06,-60000000.0,135364227.911,10.0
endommage,solidity,-2e-08,1.181e-06,-60000000.0,135346209.461,10.0
endommage,solidity,-2e-08,1.183e-06,-60000000.0,135328169.207,10.0
endommage,solidity,-2e-08,1.185e-06,-60000000.0,135310107.185,10.0
endommage,solidity,-2e-08,1.187e-06,-60000000.0,135292023.429,10.0
endommage,solidity,-2e-08,1.189e-06,-60000000.0,135273917.975,10.0
endommage,solidity,-2e-08,1.191e-06,-60000000.0,135255790.857,10.0
endommage,solidity,-2e-08,1.193e-06,-60000000.0,135237642.11,10.0
endommage,solidity,-2e-08,1.195e-06,-60000000.0,135219471.769,10.0
endommage,solidity,-2e-08,1.197e-06,-60000000.0,135201279.869,10.0
endommage,solidity,-2e-08,1.199e-06,-60000000.0,135183066.444,10.0
endommage,solidity,-2e-08,1.201e-06,-60000000.0,135164831.531,10.0
endommage,solidity,-2e-08,1.203e-06,-60000000.0,135146575.162,10.0
endommage,solidity,-2e-08,1.205e-06,-60000000.0,135128297.373,10.0
endommage,solidity,-2e-08,1.207e-06,-60000000.0,135109998.199,10.0
endommage,solidity,-2e-08,1.209e-06,-60000000.0,135091677.674,10.0
endommage,solidity,-2e-08,1.211e-06,-60000000.0,135073335.832,10.0
endommage,solidity,-2e-08,1.213e-06,-60000000.0,135054972.709,10.0
endommage,solidity,-2e-08,1.215e-06,-60000000.0,135036588.339,10.0
endommage,solidity,-2e-08,1.217e-06,-60000000.0,135018182.756,10.0
endommage,solidity,-2e-08,1.219e-06,-60000000.0,134999755.995,10.0
endommage,solidity,-2e-08,1.221e-06,-60000000.0,134981308.09,10.0
endommage,solidity,-2e-08,1.223e-06,-60000000.0,134962839.076,10.0
endommage,solidity,-2e-08,1.225e-06,-60000000.0,134944348.986,10.0
endommage,solidity,-2e-08,1.227e-06,-60000000.0,134925837.856,10.0
endommage,solidity,-2e-08,1.229e-06,-60000000.0,134907305.72,10.0
endommage,solidity,-2e-08,1.231e-06,-60000000.0,134888752.611,10.0
endommage,solidity,-2e-08,1.233e-06,-60000000.0,134870178.565,10.0
endommage,solidity,-2e-08,1.235e-06,-60000000.0,134851583.614,10.0
endommage,solidity,-2e-08,1.237e-06,-60000000.0,134832967.795,10.0
endommage,solidity,-2e-08,1.239e-06,-60000000.0,134814331.139,10.0
endommage,solidity,-2e-08,1.241e-06,-60000000.0,134795673.683,10.0
endommage,solidity,-2e-08,1.243e-06,-60000000.0,134776995.459,10.0
endommage,solidity,-2e-08,1.245e-06,-60000000.0,134758296.502,10.0
endommage,solidity,-2e-08,1.247e-06,-60000000.0,134739576.846,10.0
endommage,solidity,-2e-08,1.249e-06,-60000000.0,134720836.524,10.0
endommage,solidity,-2e-08,1.251e-06,-60000000.0,134702075.572,10.0
endommage,solidity,-2e-08,1.253e-06,-60000000.0,134683294.021,10.0
endommage,solidity,-2e-08,1.255e-06,-60000000.0,134664491.907,10.0
endommage,solidity,-2e-08,1.257e-06,-60000000.0,134645669.264,10.0
endommage,solidity,-2e-08,1.259e-06,-60000000.0,134626826.124,10.0
endommage,solidity,-2e-08,1.261e-06,-60000000.0,134607962.523,10.0
endommage,solidity,-2e-08,1.263e-06,-60000000.0,134589078.493,10.0
endommage,solidity,-2e-08,1.265e-06,-60000000.0,134570174.068,10.0
endommage,solidity,-2e-08,1.267e-06,-60000000.0,134551249.282,10.0
endommage,solidity,-2e-08,1.269e-06,-60000000.0,134532304.169,10.0
endommage,solidity,-2e-08,1.271e-06,-60000000.0,134513338.762,10.0
endommage,solidity,-2e-08,1.273e-06,-60000000.0,134494353.094,10.0
endommage,solidity,-2e-08,1.275e-06,-60000000.0,134475347.2,10.0
endommage,solidity,-2e-08,1.277e-06,-60000000.0,134456321.113,10.0
endommage,solidity,-2e-08,1.279e-06,-60000000.0,134437274.866,10.0
endommage,solidity,-2e-08,1.281e-06,-60000000.0,134418208.493,10.0
endommage,solidity,-2e-08,1.283e-06,-60000000.0,134399122.027,10.0
endommage,solidity,-2e-08,1.285e-06,-60000000.0,134380015.501,10.0
endommage,solidity,-2e-08,1.287e-06,-60000000.0,134360888.95,10.0
endommage,solidity,-2e-08,1.289e-06,-60000000.0,134341742.405,10.0
endommage,solidity,-2e-08,1.291e-06,-60000000.0,134322575.901,10.0
endommage,solidity,-2e-08,1.293e-06,-60000000.0,134303389.471,10.0
endommage,solidity,-2e-08,1.295e-06,-60000000.0,134284183.148,10.0
endommage,solidity,-2e-08,1.297e-06,-60000000.0,134264956.964,10.0
endommage,solidity,-2e-08,1.299e-06,-60000000.0,134245710.954,10.0
endommage,solidity,-2e-08,1.301e-06,-60000000.0,134226445.151,10.0
endommage,solidity,-2e-08,1.303e-06,-60000000.0,134207159.587,10.0
endommage,solidity,-2e-08,1.305e-06,-60000000.0,134187854.295,10.0
endommage,solidity,-2e-08,1.307e-06,-60000000.0,134168529.309,10.0
endommage,solidity,-2e-08,1.309e-06,-60000000.0,134149184.661,10.0
endommage,solidity,-2e-08,1.311e-06,-60000000.0,134129820.385,10.0
endommage,solidity,-2e-08,1.313e-06,-60000000.0,134110436.514,10.0
endommage,solidity,-2e-08,1.315e-06,-60000000.0,134091033.08,10.0
endommage,solidity,-2e-08,1.317e-06,-60000000.0,134071610.116,10.0
endommage,solidity,-2e-08,1.319e-06,-60000000.0,134052167.654,10.0
endommage,solidity,-2e-08,1.321e-06,-60000000.0,134032705.72900002,10.0
endommage,solidity,-2e-08,1.323e-06,-60000000.0,134013224.37299998,10.0
endommage,solidity,-2e-08,1.325e-06,-60000000.0,133993723.617,10.0
endommage,solidity,-2e-08,1.327e-06,-60000000.0,133974203.496,10.0
endommage,solidity,-2e-08,1.329e-06,-60000000.0,133954664.041,10.0
endommage,solidity,-2e-08,1.331e-06,-60000000.0,133935105.286,10.0
endommage,solidity,-2e-08,1.333e-06,-60000000.0,133915527.263,10.0
endommage,solidity,-2e-08,1.335e-06,-60000000.0,133895930.004,10.0
endommage,solidity,-2e-08,1.337e-06,-60000000.0,133876313.542,10.0
endommage,solidity,-2e-08,1.339e-06,-60000000.0,133856677.91000001,10.0
endommage,solidity,-2e-08,1.341e-06,-60000000.0,133837023.14,10.0
endommage,solidity,-2e-08,1.343e-06,-60000000.0,133817349.264,10.0
endommage,solidity,-2e-08,1.345e-06,-60000000.0,133797656.316,10.0
endommage,solidity,-2e-08,1.347e-06,-60000000.0,133777944.32600002,10.0
endommage,solidity,-2e-08,1.349e-06,-60000000.0,133758213.328,10.0
endommage,solidity,-2e-08,1.351e-06,-60000000.0,133738463.355,10.0
endommage,solidity,-2e-08,1.353e-06,-60000000.0,133718694.43699999,10.0
endommage,solidity,-2e-08,1.355e-06,-60000000.0,133698906.608,10.0
endommage,solidity,-2e-08,1.357e-06,-60000000.0,133679099.90000002,10.0
endommage,solidity,-2e-08,1.359e-06,-60000000.0,133659274.34499998,10.0
endommage,solidity,-2e-08,1.361e-06,-60000000.0,133639429.97499998,10.0
endommage,solidity,-2e-08,1.363e-06,-60000000.0,133619566.82199998,10.0
endommage,solidity,-2e-08,1.365e-06,-60000000.0,133599684.91899998,10.0
endommage,solidity,-2e-08,1.367e-06,-60000000.0,133579784.297,10.0
endommage,solidity,-2e-08,1.369e-06,-60000000.0,133559864.98799999,10.0
endommage,solidity,-2e-08,1.371e-06,-60000000.0,133539927.02500002,10.0
endommage,solidity,-2e-08,1.373e-06,-60000000.0,133519970.439,10.0
endommage,solidity,-2e-08,1.375e-06,-60000000.0,133499995.263,10.0
endommage,solidity,-2e-08,1.377e-06,-60000000.0,133480001.528,10.0
endommage,solidity,-2e-08,1.379e-06,-60000000.0,133459989.26599999,10.0
endommage,solidity,-2e-08,1.381e-06,-60000000.0,133439958.51,10.0
endommage,solidity,-2e-08,1.383e-06,-60000000.0,133419909.29,10.0
endommage,solidity,-2e-08,1.385e-06,-60000000.0,133399841.639,10.0
endommage,solidity,-2e-08,1.387e-06,-60000000.0,133379755.588,10.0
endommage,solidity,-2e-08,1.389e-06,-60000000.0,133359651.16899998,10.0
endommage,solidity,-2e-08,1.391e-06,-60000000.0,133339528.415,10.0
endommage,solidity,-2e-08,1.393e-06,-60000000.0,133319387.355,10.0
endommage,solidity,-2e-08,1.395e-06,-60000000.0,133299228.023,10.0
endommage,solidity,-2e-08,1.397e-06,-60000000.0,133279050.45,10.0
endommage,solidity,-2e-08,1.399e-06,-60000000.0,133258854.667,10.0
endommage,solidity,-2e-08,1.401e-06,-60000000.0,133238640.705,10.0
endommage,solidity,-2e-08,1.403e-06,-60000000.0,133218408.597,10.0
endommage,solidity,-2e-08,1.405e-06,-60000000.0,133198158.374,10.0
endommage,solidity,-2e-08,1.407e-06,-60000000.0,133177890.068,10.0
endommage,solidity,-2e-08,1.409e-06,-60000000.0,133157603.709,10.0
endommage,solidity,-2e-08,1.411e-06,-60000000.0,133137299.329,10.0
endommage,solidity,-2e-08,1.413e-06,-60000000.0,133116976.959,10.0
endommage,solidity,-2e-08,1.415e-06,-60000000.0,133096636.631,10.0
endommage,solidity,-2e-08,1.417e-06,-60000000.0,133076278.376,10.0
endommage,solidity,-2e-08,1.419e-06,-60000000.0,133055902.226,10.0
endommage,solidity,-2e-08,1.421e-06,-60000000.0,133035508.21100001,10.0
endommage,solidity,-2e-08,1.423e-06,-60000000.0,133015096.36299999,10.0
endommage,solidity,-2e-08,1.425e-06,-60000000.0,132994666.713,10.0
endommage,solidity,-2e-08,1.427e-06,-60000000.0,132974219.291,10.0
endommage,solidity,-2e-08,1.429e-06,-60000000.0,132953754.13,10.0
endommage,solidity,-2e-08,1.431e-06,-60000000.0,132933271.26099999,10.0
endommage,solidity,-2e-08,1.433e-06,-60000000.0,132912770.713,10.0
endommage,solidity,-2e-08,1.435e-06,-60000000.0,132892252.519,10.0
endommage,solidity,-2e-08,1.437e-06,-60000000.0,132871716.709,10.0
endommage,solidity,-2e-08,1.439e-06,-60000000.0,132851163.315,10.0
endommage,solidity,-2e-08,1.441e-06,-60000000.0,132830592.366,10.0
endommage,solidity,-2e-08,1.443e-06,-60000000.0,132810003.895,10.0
endommage,solidity,-2e-08,1.445e-06,-60000000.0,132789397.931,10.0
endommage,solidity,-2e-08,1.447e-06,-60000000.0,132768774.50700001,10.0
endommage,solidity,-2e-08,1.449e-06,-60000000.0,132748133.652,10.0
endommage,solidity,-2e-08,1.451e-06,-60000000.0,132727475.397,10.0
endommage,solidity,-2e-08,1.453e-06,-60000000.0,132706799.773,10.0
endommage,solidity,-2e-08,1.455e-06,-60000000.0,132686106.811,10.0
endommage,solidity,-2e-08,1.457e-06,-60000000.0,132665396.542,10.0
endommage,solidity,-2e-08,1.459e-06,-60000000.0,132644668.996,10.0
endommage,solidity,-2e-08,1.461e-06,-60000000.0,132623924.203,10.0
endommage,solidity,-2e-08,1.463e-06,-60000000.0,132603162.195,10.0
endommage,solidity,-2e-08,1.465e-06,-60000000.0,132582383.00200002,10.0
endommage,solidity,-2e-08,1.467e-06,-60000000.0,132561586.654,10.0
endommage,solidity,-2e-08,1.469e-06,-60000000.0,132540773.182,10.0
endommage,solidity,-2e-08,1.471e-06,-60000000.0,132519942.616,10.0
endommage,solidity,-2e-08,1.473e-06,-60000000.0,132499094.98799999,10.0
endommage,solidity,-2e-08,1.475e-06,-60000000.0,132478230.32600002,10.0
endommage,solidity,-2e-08,1.477e-06,-60000000.0,132457348.662,10.0
endommage,solidity,-2e-08,1.479e-06,-60000000.0,132436450.027,10.0
endommage,solidity,-2e-08,1.481e-06,-60000000.0,132415534.449,10.0
endommage,solidity,-2e-08,1.483e-06,-60000000.0,132394601.96,10.0
endommage,solidity,-2e-08,1.485e-06,-60000000.0,132373652.58999999,10.0
endommage,solidity,-2e-08,1.487e-06,-60000000.0,132352686.369,10.0
endommage,solidity,-2e-08,1.489e-06,-60000000.0,132331703.327,10.0
endommage,solidity,-2e-08,1.491e-06,-60000000.0,132310703.495,10.0
endommage,solidity,-2e-08,1.493e-06,-60000000.0,132289686.903,10.0
endommage,solidity,-2e-08,1.495e-06,-60000000.0,132268653.58,10.0
endommage,solidity,-2e-08,1.497e-06,-60000000.0,132247603.556,10.0
endommage,solidity,-2e-08,1.499e-06,-60000000.0,132226536.86299999,10.0
endommage,solidity,-2e-08,1.501e-06,-60000000.0,132205453.529,10.0
endommage,solidity,-2e-08,1.503e-06,-60000000.0,132184353.58600001,10.0
endommage,solidity,-2e-08,1.505e-06,-60000000.0,132163237.06199999,10.0
endommage,solidity,-2e-08,1.507e-06,-60000000.0,132142103.98799999,10.0
endommage,solidity,-2e-08,1.509e-06,-60000000.0,132120954.393,10.0
endommage,solidity,-2e-08,1.511e-06,-60000000.0,132099788.30800001,10.0
endommage,solidity,-2e-08,1.513e-06,-60000000.0,132078605.76200001,10.0
endommage,solidity,-2e-08,1.515e-06,-60000000.0,132057406.786,10.0
endommage,solidity,-2e-08,1.517e-06,-60000000.0,132036191.408,10.0
endommage,solidity,-2e-08,1.519e-06,-60000000.0,132014959.659,10.0
endommage,solidity,-2e-08,1.521e-06,-60000000.0,131993711.568,10.0
endommage,solidity,-2e-08,1.523e-06,-60000000.0,131972447.166,10.0
endommage,solidity,-2e-08,1.525e-06,-60000000.0,131951166.481,10.0
endommage,solidity,-2e-08,1.527e-06,-60000000.0,131929869.54399998,10.0
endommage,solidity,-2e-08,1.529e-06,-60000000.0,131908556.384,10.0
endommage,solidity,-2e-08,1.531e-06,-60000000.0,131887227.03000002,10.0
endommage,solidity,-2e-08,1.533e-06,-60000000.0,131865881.51200001,10.0
endommage,solidity,-2e-08,1.535e-06,-60000000.0,131844519.86,10.0
endommage,solidity,-2e-08,1.537e-06,-60000000.0,131823142.103,10.0
endommage,solidity,-2e-08,1.539e-06,-60000000.0,131801748.27099998,10.0
endommage,solidity,-2e-08,1.541e-06,-60000000.0,131780338.393,10.0
endommage,solidity,-2e-08,1.543e-06,-60000000.0,131758912.49799998,10.0
endommage,solidity,-2e-08,1.545e-06,-60000000.0,131737470.616,10.0
endommage,solidity,-2e-08,1.547e-06,-60000000.0,131716012.77599998,10.0
endommage,solidity,-2e-08,1.549e-06,-60000000.0,131694539.008,10.0
endommage,solidity,-2e-08,1.551e-06,-60000000.0,131673049.33999999,10.0
endommage,solidity,-2e-08,1.553e-06,-60000000.0,131651543.802,10.0
endommage,solidity,-2e-08,1.555e-06,-60000000.0,131630022.423,10.0
endommage,solidity,-2e-08,1.557e-06,-60000000.0,131608485.233,10.0
endommage,solidity,-2e-08,1.559e-06,-60000000.0,131586932.26,10.0
endommage,solidity,-2e-08,1.561e-06,-60000000.0,131565363.534,10.0
endommage,solidity,-2e-08,1.563e-06,-60000000.0,131543779.084,10.0
endommage,solidity,-2e-08,1.565e-06,-60000000.0,131522178.93800001,10.0
endommage,solidity,-2e-08,1.567e-06,-60000000.0,131500563.12700002,10.0
endommage,solidity,-2e-08,1.569e-06,-60000000.0,131478931.67800002,10.0
endommage,solidity,-2e-08,1.571e-06,-60000000.0,131457284.622,10.0
endommage,solidity,-2e-08,1.573e-06,-60000000.0,131435621.986,10.0
endommage,solidity,-2e-08,1.575e-06,-60000000.0,131413943.8,10.0
endommage,solidity,-2e-08,1.577e-06,-60000000.0,131392250.093,10.0
endommage,solidity,-2e-08,1.579e-06,-60000000.0,131370540.893,10.0
endommage,solidity,-2e-08,1.581e-06,-60000000.0,131348816.23,10.0
endommage,solidity,-2e-08,1.583e-06,-60000000.0,131327076.13200001,10.0
endommage,solidity,-2e-08,1.585e-06,-60000000.0,131305320.628,10.0
endommage,solidity,-2e-08,1.587e-06,-60000000.0,131283549.747,10.0
endommage,solidity,-2e-08,1.589e-06,-60000000.0,131261763.517,10.0
endommage,solidity,-2e-08,1.591e-06,-60000000.0,131239961.968,10.0
endommage,solidity,-2e-08,1.593e-06,-60000000.0,131218145.12700002,10.0
endommage,solidity,-2e-08,1.595e-06,-60000000.0,131196313.024,10.0
endommage,solidity,-2e-08,1.597e-06,-60000000.0,131174465.68699999,10.0
endommage,solidity,-2e-08,1.599e-06,-60000000.0,131152603.145,10.0
endommage,solidity,-2e-08,1.601e-06,-60000000.0,131130725.427,10.0
endommage,solidity,-2e-08,1.603e-06,-60000000.0,131108832.56,10.0
endommage,solidity,-2e-08,1.605e-06,-60000000.0,131086924.573,10.0
endommage,solidity,-2e-08,1.607e-06,-60000000.0,131065001.495,10.0
endommage,solidity,-2e-08,1.609e-06,-60000000.0,131043063.355,10.0
endommage,solidity,-2e-08,1.611e-06,-60000000.0,131021110.18,10.0
endommage,solidity,-2e-08,1.613e-06,-60000000.0,130999141.999,10.0
endommage,solidity,-2e-08,1.615e-06,-60000000.0,130977158.841,10.0
endommage,solidity,-2e-08,1.617e-06,-60000000.0,130955160.733,10.0
endommage,solidity,-2e-08,1.619e-06,-60000000.0,130933147.704,10.0
endommage,solidity,-2e-08,1.621e-06,-60000000.0,130911119.783,10.0
endommage,solidity,-2e-08,1.623e-06,-60000000.0,130889076.997,10.0
endommage,solidity,-2e-08,1.625e-06,-60000000.0,130867019.375,10.0
endommage,solidity,-2e-08,1.627e-06,-60000000.0,130844946.944,10.0
endommage,solidity,-2e-08,1.629e-06,-60000000.0,130822859.73400001,10.0
endommage,solidity,-2e-08,1.631e-06,-60000000.0,130800757.772,10.0
endommage,solidity,-2e-08,1.633e-06,-60000000.0,130778641.087,10.0
endommage,solidity,-2e-08,1.635e-06,-60000000.0,130756509.70600002,10.0
endommage,solidity,-2e-08,1.637e-06,-60000000.0,130734363.657,10.0
endommage,solidity,-2e-08,1.639e-06,-60000000.0,130712202.969,10.0
endommage,solidity,-2e-08,1.641e-06,-60000000.0,130690027.66899998,10.0
endommage,solidity,-2e-08,1.643e-06,-60000000.0,130667837.78500001,10.0
endommage,solidity,-2e-08,1.645e-06,-60000000.0,130645633.346,10.0
endommage,solidity,-2e-08,1.647e-06,-60000000.0,130623414.379,10.0
endommage,solidity,-2e-08,1.649e-06,-60000000.0,130601180.913,10.0
endommage,solidity,-2e-08,1.651e-06,-60000000.0,130578932.97400002,10.0
endommage,solidity,-2e-08,1.653e-06,-60000000.0,130556670.591,10.0
endommage,solidity,-2e-08,1.655e-06,-60000000.0,130534393.791,10.0
endommage,solidity,-2e-08,1.657e-06,-60000000.0,130512102.603,10.0
endommage,solidity,-2e-08,1.659e-06,-60000000.0,130489797.054,10.0
endommage,solidity,-2e-08,1.661e-06,-60000000.0,130467477.172,10.0
endommage,solidity,-2e-08,1.663e-06,-60000000.0,130445142.98400001,10.0
endommage,solidity,-2e-08,1.665e-06,-60000000.0,130422794.518,10.0
endommage,solidity,-2e-08,1.667e-06,-60000000.0,130400431.802,10.0
endommage,solidity,-2e-08,1.669e-06,-60000000.0,130378054.86400001,10.0
endommage,solidity,-2e-08,1.671e-06,-60000000.0,130355663.73,10.0
endommage,solidity,-2e-08,1.673e-06,-60000000.0,130333258.429,10.0
endommage,solidity,-2e-08,1.675e-06,-60000000.0,130310838.987,10.0
endommage,solidity,-2e-08,1.677e-06,-60000000.0,130288405.43300001,10.0
endommage,solidity,-2e-08,1.679e-06,-60000000.0,130265957.79399998,10.0
endommage,solidity,-2e-08,1.681e-06,-60000000.0,130243496.097,10.0
endommage,solidity,-2e-08,1.683e-06,-60000000.0,130221020.37,10.0
endommage,solidity,-2e-08,1.685e-06,-60000000.0,130198530.64,10.0
endommage,solidity,-2e-08,1.687e-06,-60000000.0,130176026.934,10.0
endommage,solidity,-2e-08,1.689e-06,-60000000.0,130153509.28000002,10.0
endommage,solidity,-2e-08,1.691e-06,-60000000.0,130130977.705,10.0
endommage,solidity,-2e-08,1.693e-06,-60000000.0,130108432.236,10.0
endommage,solidity,-2e-08,1.695e-06,-60000000.0,130085872.90099998,10.0
endommage,solidity,-2e-08,1.697e-06,-60000000.0,130063299.727,10.0
endommage,solidity,-2e-08,1.699e-06,-60000000.0,130040712.74,10.0
endommage,solidity,-2e-08,1.701e-06,-60000000.0,130018111.968,10.0
endommage,solidity,-2e-08,1.703e-06,-60000000.0,129995497.439,10.0
endommage,solidity,-2e-08,1.705e-06,-60000000.0,129972869.179,10.0
endommage,solidity,-2e-08,1.707e-06,-60000000.0,129950227.21499999,10.0
endommage,solidity,-2e-08,1.709e-06,-60000000.0,129927571.574,10.0
endommage,solidity,-2e-08,1.711e-06,-60000000.0,129904902.284,10.0
endommage,solidity,-2e-08,1.713e-06,-60000000.0,129882219.372,10.0
endommage,solidity,-2e-08,1.715e-06,-60000000.0,129859522.86299999,10.0
endommage,solidity,-2e-08,1.717e-06,-60000000.0,129836812.786,10.0
endommage,solidity,-2e-08,1.719e-06,-60000000.0,129814089.167,10.0
endommage,solidity,-2e-08,1.721e-06,-60000000.0,129791352.033,10.0
endommage,solidity,-2e-08,1.723e-06,-60000000.0,129768601.411,10.0
endommage,solidity,-2e-08,1.725e-06,-60000000.0,129745837.327,10.0
endommage,solidity,-2e-08,1.727e-06,-60000000.0,129723059.809,10.0
endommage,solidity,-2e-08,1.729e-06,-60000000.0,129700268.883,10.0
endommage,solidity,-2e-08,1.731e-06,-60000000.0,129677464.577,10.0
endommage,solidity,-2e-08,1.733e-06,-60000000.0,129654646.915,10.0
endommage,solidity,-2e-08,1.735e-06,-60000000.0,129631815.927,10.0
endommage,solidity,-2e-08,1.737e-06,-60000000.0,129608971.63700001,10.0
endommage,solidity,-2e-08,1.739e-06,-60000000.0,129586114.073,10.0
endommage,solidity,-2e-08,1.741e-06,-60000000.0,129563243.26099999,10.0
endommage,solidity,-2e-08,1.743e-06,-60000000.0,129540359.228,10.0
endommage,solidity,-2e-08,1.745e-06,-60000000.0,129517462.001,10.0
endommage,solidity,-2e-08,1.747e-06,-60000000.0,129494551.605,10.0
endommage,solidity,-2e-08,1.749e-06,-60000000.0,129471628.068,10.0
endommage,solidity,-2e-08,1.751e-06,-60000000.0,129448691.416,10.0
endommage,solidity,-2e-08,1.753e-06,-60000000.0,129425741.675,10.0
endommage,solidity,-2e-08,1.755e-06,-60000000.0,129402778.871,10.0
endommage,solidity,-2e-08,1.757e-06,-60000000.0,129379803.032,10.0
endommage,solidity,-2e-08,1.759e-06,-60000000.0,129356814.18300001,10.0
endommage,solidity,-2e-08,1.761e-06,-60000000.0,129333812.352,10.0
endommage,solidity,-2e-08,1.763e-06,-60000000.0,129310797.56300001,10.0
endommage,solidity,-2e-08,1.765e-06,-60000000.0,129287769.843,10.0
endommage,solidity,-2e-08,1.767e-06,-60000000.0,129264729.219,10.0
endommage,solidity,-2e-08,1.769e-06,-60000000.0,129241675.717,10.0
endommage,solidity,-2e-08,1.771e-06,-60000000.0,129218609.36299999,10.0
endommage,solidity,-2e-08,1.773e-06,-60000000.0,129195530.184,10.0
endommage,solidity,-2e-08,1.775e-06,-60000000.0,129172438.204,10.0
endommage,solidity,-2e-08,1.777e-06,-60000000.0,129149333.452,10.0
endommage,solidity,-2e-08,1.779e-06,-60000000.0,129126215.95100002,10.0
endommage,solidity,-2e-08,1.781e-06,-60000000.0,129103085.72900002,10.0
endommage,solidity,-2e-08,1.783e-06,-60000000.0,129079942.81199999,10.0
endommage,solidity,-2e-08,1.785e-06,-60000000.0,129056787.226,10.0
endommage,solidity,-2e-08,1.787e-06,-60000000.0,129033618.996,10.0
endommage,solidity,-2e-08,1.789e-06,-60000000.0,129010438.149,10.0
endommage,solidity,-2e-08,1.791e-06,-60000000.0,128987244.71100001,10.0
endommage,solidity,-2e-08,1.793e-06,-60000000.0,128964038.707,10.0
endommage,solidity,-2e-08,1.795e-06,-60000000.0,128940820.163,10.0
endommage,solidity,-2e-08,1.797e-06,-60000000.0,128917589.105,10.0
endommage,solidity,-2e-08,1.799e-06,-60000000.0,128894345.56,10.0
endommage,solidity,-2e-08,1.801e-06,-60000000.0,128871089.552,10.0
endommage,solidity,-2e-08,1.803e-06,-60000000.0,128847821.108,10.0
endommage,solidity,-2e-08,1.805e-06,-60000000.0,128824540.253,10.0
endommage,solidity,-2e-08,1.807e-06,-60000000.0,128801247.013,10.0
endommage,solidity,-2e-08,1.809e-06,-60000000.0,128777941.41399999,10.0
endommage,solidity,-2e-08,1.811e-06,-60000000.0,128754623.481,10.0
endommage,solidity,-2e-08,1.813e-06,-60000000.0,128731293.24,10.0
endommage,solidity,-2e-08,1.815e-06,-60000000.0,128707950.717,10.0
endommage,solidity,-2e-08,1.817e-06,-60000000.0,128684595.93699999,10.0
endommage,solidity,-2e-08,1.819e-06,-60000000.0,128661228.925,10.0
endommage,solidity,-2e-08,1.821e-06,-60000000.0,128637849.708,10.0
endommage,solidity,-2e-08,1.823e-06,-60000000.0,128614458.311,10.0
endommage,solidity,-2e-08,1.825e-06,-60000000.0,128591054.759,10.0
endommage,solidity,-2e-08,1.827e-06,-60000000.0,128567639.078,10.0
endommage,solidity,-2e-08,1.829e-06,-60000000.0,128544211.293,10.0
endommage,solidity,-2e-08,1.831e-06,-60000000.0,128520771.43,10.0
endommage,solidity,-2e-08,1.833e-06,-60000000.0,128497319.513,10.0
endommage,solidity,-2e-08,1.835e-06,-60000000.0,128473855.569,10.0
endommage,solidity,-2e-08,1.837e-06,-60000000.0,128450379.62299998,10.0
endommage,solidity,-2e-08,1.839e-06,-60000000.0,128426891.699,10.0
endommage,solidity,-2e-08,1.841e-06,-60000000.0,128403391.823,10.0
endommage,solidity,-2e-08,1.843e-06,-60000000.0,128379880.02099998,10.0
endommage,solidity,-2e-08,1.845e-06,-60000000.0,128356356.318,10.0
endommage,solidity,-2e-08,1.847e-06,-60000000.0,128332820.73799999,10.0
endommage,solidity,-2e-08,1.849e-06,-60000000.0,128309273.30800001,10.0
endommage,solidity,-2e-08,1.851e-06,-60000000.0,128285714.051,10.0
endommage,solidity,-2e-08,1.853e-06,-60000000.0,128262142.994,10.0
endommage,solidity,-2e-08,1.855e-06,-60000000.0,128238560.161,10.0
endommage,solidity,-2e-08,1.857e-06,-60000000.0,128214965.577,10.0
endommage,solidity,-2e-08,1.859e-06,-60000000.0,128191359.268,10.0
endommage,solidity,-2e-08,1.861e-06,-60000000.0,128167741.258,10.0
endommage,solidity,-2e-08,1.863e-06,-60000000.0,128144111.573,10.0
endommage,solidity,-2e-08,1.865e-06,-60000000.0,128120470.237,10.0
endommage,solidity,-2e-08,1.867e-06,-60000000.0,128096817.27500002,10.0
endommage,solidity,-2e-08,1.869e-06,-60000000.0,128073152.713,10.0
endommage,solidity,-2e-08,1.871e-06,-60000000.0,128049476.575,10.0
endommage,solidity,-2e-08,1.873e-06,-60000000.0,128025788.885,10.0
endommage,solidity,-2e-08,1.875e-06,-60000000.0,128002089.67,10.0
endommage,solidity,-2e-08,1.877e-06,-60000000.0,127978378.953,10.0
endommage,solidity,-2e-08,1.879e-06,-60000000.0,127954656.759,10.0
endommage,solidity,-2e-08,1.881e-06,-60000000.0,127930923.11299999,10.0
endommage,solidity,-2e-08,1.883e-06,-60000000.0,127907178.041,10.0
endommage,solidity,-2e-08,1.885e-06,-60000000.0,127883421.565,10.0
endommage,solidity,-2e-08,1.887e-06,-60000000.0,127859653.712,10.0
endommage,solidity,-2e-08,1.889e-06,-60000000.0,127835874.506,10.0
endommage,solidity,-2e-08,1.891e-06,-60000000.0,127812083.972,10.0
endommage,solidity,-2e-08,1.893e-06,-60000000.0,127788282.133,10.0
endommage,solidity,-2e-08,1.895e-06,-60000000.0,127764469.015,10.0
endommage,solidity,-2e-08,1.897e-06,-60000000.0,127740644.642,10.0
endommage,solidity,-2e-08,1.899e-06,-60000000.0,127716809.03899999,10.0
endommage,solidity,-2e-08,1.901e-06,-60000000.0,127692962.23,10.0
endommage,solidity,-2e-08,1.903e-06,-60000000.0,127669104.24,10.0
endommage,solidity,-2e-08,1.905e-06,-60000000.0,127645235.093,10.0
endommage,solidity,-2e-08,1.907e-06,-60000000.0,127621354.81300001,10.0
endommage,solidity,-2e-08,1.909e-06,-60000000.0,127597463.426,10.0
endommage,solidity,-2e-08,1.911e-06,-60000000.0,127573560.954,10.0
endommage,solidity,-2e-08,1.913e-06,-60000000.0,127549647.42399998,10.0
endommage,solidity,-2e-08,1.915e-06,-60000000.0,127525722.858,10.0
endommage,solidity,-2e-08,1.917e-06,-60000000.0,127501787.281,10.0
endommage,solidity,-2e-08,1.919e-06,-60000000.0,127477840.718,10.0
endommage,solidity,-2e-08,1.921e-06,-60000000.0,127453883.193,10.0
endommage,solidity,-2e-08,1.923e-06,-60000000.0,127429914.73,10.0
endommage,solidity,-2e-08,1.925e-06,-60000000.0,127405935.353,10.0
endommage,solidity,-2e-08,1.927e-06,-60000000.0,127381945.08600001,10.0
endommage,solidity,-2e-08,1.929e-06,-60000000.0,127357943.954,10.0
endommage,solidity,-2e-08,1.931e-06,-60000000.0,127333931.98,10.0
endommage,solidity,-2e-08,1.933e-06,-60000000.0,127309909.189,10.0
endommage,solidity,-2e-08,1.935e-06,-60000000.0,127285875.60400002,10.0
endommage,solidity,-2e-08,1.937e-06,-60000000.0,127261831.251,10.0
endommage,solidity,-2e-08,1.939e-06,-60000000.0,127237776.152,10.0
endommage,solidity,-2e-08,1.941e-06,-60000000.0,127213710.332,10.0
endommage,solidity,-2e-08,1.943e-06,-60000000.0,127189633.814,10.0
endommage,solidity,-2e-08,1.945e-06,-60000000.0,127165546.624,10.0
endommage,solidity,-2e-08,1.947e-06,-60000000.0,127141448.784,10.0
endommage,solidity,-2e-08,1.949e-06,-60000000.0,127117340.318,10.0
endommage,solidity,-2e-08,1.951e-06,-60000000.0,127093221.251,10.0
endommage,solidity,-2e-08,1.953e-06,-60000000.0,127069091.606,10.0
endommage,solidity,-2e-08,1.955e-06,-60000000.0,127044951.406,10.0
endommage,solidity,-2e-08,1.957e-06,-60000000.0,127020800.677,10.0
endommage,solidity,-2e-08,1.959e-06,-60000000.0,126996639.441,10.0
endommage,solidity,-2e-08,1.961e-06,-60000000.0,126972467.723,10.0
endommage,solidity,-2e-08,1.963e-06,-60000000.0,126948285.545,10.0
endommage,solidity,-2e-08,1.965e-06,-60000000.0,126924092.932,10.0
endommage,solidity,-2e-08,1.967e-06,-60000000.0,126899889.908,10.0
endommage,solidity,-2e-08,1.969e-06,-60000000.0,126875676.495,10.0
endommage,solidity,-2e-08,1.971e-06,-60000000.0,126851452.718,10.0
endommage,solidity,-2e-08,1.973e-06,-60000000.0,126827218.59999998,10.0
endommage,solidity,-2e-08,1.975e-06,-60000000.0,126802974.165,10.0
endommage,solidity,-2e-08,1.977e-06,-60000000.0,126778719.436,10.0
endommage,solidity,-2e-08,1.979e-06,-60000000.0,126754454.43699999,10.0
endommage,solidity,-2e-08,1.981e-06,-60000000.0,126730179.19199999,10.0
endommage,solidity,-2e-08,1.983e-06,-60000000.0,126705893.723,10.0
endommage,solidity,-2e-08,1.985e-06,-60000000.0,126681598.054,10.0
endommage,solidity,-2e-08,1.987e-06,-60000000.0,126657292.209,10.0
endommage,solidity,-2e-08,1.989e-06,-60000000.0,126632976.21100001,10.0
endommage,solidity,-2e-08,1.991e-06,-60000000.0,126608650.083,10.0
endommage,solidity,-2e-08,1.993e-06,-60000000.0,126584313.84900002,10.0
endommage,solidity,-2e-08,1.995e-06,-60000000.0,126559967.532,10.0
endommage,solidity,-2e-08,1.997e-06,-60000000.0,126535611.15500002,10.0
endommage,solidity,-2e-08,1.999e-06,-60000000.0,126511244.742,10.0
endommage,solidity,-2.1e-08,2e-06,-63000000.0,130574783.378,11.0
endommage,solidity,-2.3e-08,2e-06,-69000000.0001,138493729.589,11.0
endommage,solidity,-2.5e-08,2e-06,-74999999.9999,146105197.962,11.0
endommage,solidity,-2.7e-08,2e-06,-81000000.0,153413564.136,11.0
endommage,solidity,-2.9e-08,2e-06,-87000000.0001,160424509.549,11.0
endommage,solidity,-3.09999999999e-08,2e-06,-92999999.99980001,167144795.869,11.0
endommage,solidity,-3.3e-08,2e-06,-98999999.9999,173582065.662,11.0
endommage,solidity,-3.5e-08,2e-06,-105000000.0,179744666.666,11.0
endommage,solidity,-3.7e-08,2e-06,-111000000.0,185641497.321,11.0
endommage,solidity,-3.9e-08,2e-06,-117000000.0,191281871.373,11.0
endommage,solidity,-4.1e-08,2e-06,-123000000.0,196675399.61600003,11.0
endommage,solidity,-4.3e-08,2e-06,-129000000.0,201831886.997,11.0
endommage,solidity,-4.49999999999e-08,2e-06,-135000000.0,206761243.47,11.0
endommage,solidity,-4.7e-08,2e-06,-141000000.0,211473407.16,11.0
endommage,solidity,-4.9e-08,2e-06,-147000000.0,215978278.505,11.0
endommage,solidity,-5.1e-08,2e-06,-153000000.0,220285664.201,11.0
endommage,solidity,-5.3e-08,2e-06,-159000000.0,224405229.864,11.0
endommage,solidity,-5.5e-08,2e-06,-165000000.0,228346460.446,11.0
endommage,solidity,-5.7e-08,2e-06,-171000000.0,232118627.515,11.0
endommage,solidity,-5.9e-08,2e-06,-177000000.0,235730762.62399998,11.0
endommage,solidity,-6.1e-08,2e-06,-183000000.0,239191636.04199997,11.0
endommage,solidity,-6.3e-08,2e-06,-189000000.0,242509740.215,11.0
endommage,solidity,-6.5e-08,2e-06,-195000000.0,245693277.37099996,11.0
endommage,solidity,-6.7e-08,2e-06,-201000000.0,248750150.761,11.0
endommage,solidity,-6.9e-08,2e-06,-207000000.0,251687959.05199996,11.0
endommage,solidity,-7.1e-08,2e-06,-213000000.0,254513993.47800002,11.0
endommage,solidity,-7.3e-08,2e-06,-219000000.0,257235237.354,11.0
endommage,solidity,-7.5e-08,2e-06,-225000000.0,259858367.627,11.0
endommage,solidity,-7.7e-08,2e-06,-231000000.0,262389758.169,11.0
endommage,solidity,-7.90000000001e-08,2e-06,-237000000.0,264835484.539,11.0
endommage,solidity,-8.1e-08,2e-06,-243000000.0,267201329.975,11.0
endommage,solidity,-8.3e-08,2e-06,-249000000.0,269492792.416,11.0
endommage,solidity,-8.5e-08,2e-06,-255000000.0,271715092.359,11.0
endommage,solidity,-8.7e-08,2e-06,-261000000.0,273873181.38,11.0
endommage,solidity,-8.9e-08,2e-06,-267000000.0,275971751.193,11.0
endommage,solidity,-9.1e-08,2e-06,-273000000.0,278015243.099,11.0
endommage,solidity,-9.29999999999e-08,2e-06,-279000000.0,280007857.716,11.0
endommage,solidity,-9.5e-08,2e-06,-285000000.0,281953564.909,11.0
endommage,solidity,-9.7e-08,2e-06,-291000000.0,283856113.807,11.0
endommage,solidity,-9.9e-08,2e-06,-297000000.0,285719042.856,11.0
endommage,solidity,-1.01e-07,2e-06,-303000000.0,287545689.832,11.0
endommage,solidity,-1.03e-07,2e-06,-309000000.0,289339201.763,11.0
endommage,solidity,-1.05e-07,2e-06,-315000000.0,291102544.7156667,11.0
endommage,solidity,-1.07e-07,2e-06,-321000000.0,292838513.398,11.0
endommage,solidity,-1.09e-07,2e-06,-327000000.0,294549740.561,11.0
endommage,solidity,-1.11e-07,2e-06,-333000000.0,296238706.158,11.0
endommage,solidity,-1.13e-07,2e-06,-339000000.0,297907746.244,11.0
endommage,solidity,-1.15e-07,2e-06,-345000000.0,299559061.605,11.0
endommage,solidity,-1.17e-07,2e-06,-351000000.0,301194726.092,11.0
endommage,solidity,-1.19e-07,2e-06,-357000000.0,302816694.659,11.0
endommage,solidity,-1.21e-07,2e-06,-363000000.0,304426811.095,11.0
endommage,solidity,-1.23e-07,2e-06,-369000000.0,306026815.444,11.0
endommage,solidity,-1.25e-07,2e-06,-375000000.0,307618351.117,11.0
endommage,solidity,-1.27e-07,2e-06,-381000000.0,309202971.691,11.0
endommage,solidity,-1.29e-07,2e-06,-387000000.0,310782147.394,11.0
endommage,solidity,-1.31e-07,2e-06,-393000000.0,312357271.295,11.0
endommage,solidity,-1.33e-07,2e-06,-399000000.0,313929665.186,11.0
endommage,solidity,-1.35e-07,2e-06,-405000000.0,315500585.166,11.0
endommage,solidity,-1.37e-07,2e-06,-411000000.0,317071226.948,11.0
endommage,solidity,-1.39e-07,2e-06,-417000000.0,318642730.877,11.0
endommage,solidity,-1.41e-07,2e-06,-423000000.0,320216186.676,11.0
endommage,solidity,-1.43e-07,2e-06,-429000000.0,321792637.933,11.0
endommage,solidity,-1.45e-07,2e-06,-435000000.0,323373086.332,11.0
endommage,solidity,-1.47e-07,2e-06,-441000000.0,324958495.634,11.0
endommage,solidity,-1.49e-07,2e-06,-447000000.0,326549795.429,11.0
endommage,solidity,-1.51e-07,2e-06,-453000000.0,328147884.657,11.0
endommage,solidity,-1.53e-07,2e-06,-459000000.0,329753634.915,11.0
endommage,solidity,-1.55e-07,2e-06,-465000000.0,331367893.551,11.0
endommage,solidity,-1.57e-07,2e-06,-471000000.0,332991486.57,11.0
endommage,solidity,-1.59e-07,2e-06,-477000000.0,334625221.342,11.0
endommage,solidity,-1.61e-07,2e-06,-483000000.0,336269889.138,11.0
endommage,solidity,-1.63e-07,2e-06,-489000000.0,337926267.488,11.0
endommage,solidity,-1.65e-07,2e-06,-495000000.0,339595122.387,11.0
endommage,solidity,-1.67e-07,2e-06,-501000000.0,341277210.341,11.0
endommage,solidity,-1.69e-07,2e-06,-507000000.0,342973280.273,11.0
endommage,solidity,-1.71e-07,2e-06,-513000000.0,344684075.292,11.0
endommage,solidity,-1.73e-07,2e-06,-519000000.0,346410334.33,11.0
endommage,solidity,-1.75e-07,2e-06,-525000000.0,348152793.668,11.0
endommage,solidity,-1.77e-07,2e-06,-531000000.0,349912188.336,11.0
endommage,solidity,-1.79e-07,2e-06,-537000000.0,351689253.423,11.0
endommage,solidity,-1.81e-07,2e-06,-543000000.0,353484725.27,11.0
endommage,solidity,-1.83e-07,2e-06,-549000000.0,355299342.589,11.0
endommage,solidity,-1.85e-07,2e-06,-555000000.0,357133847.48,11.0
endommage,solidity,-1.87e-07,2e-06,-561000000.0,358988986.37999994,11.0
endommage,solidity,-1.89e-07,2e-06,-567000000.0,360865510.931,11.0
endommage,solidity,-1.91e-07,2e-06,-573000000.0,362764178.784,11.0
endommage,solidity,-1.93e-07,2e-06,-579000000.0,364685754.336,11.0
endommage,solidity,-1.95e-07,2e-06,-585000000.0,366631009.412,11.0
endommage,solidity,-1.97e-07,2e-06,-591000000.0,368600723.897,11.0
endommage,solidity,-1.99e-07,2e-06,-597000000.0,370595686.31,11.0
endommage,solidity,-2e-07,1.999e-06,-600000000.0,371944874.407,12.0
endommage,solidity,-2e-07,1.997e-06,-600000000.0,372629997.819,12.0
endommage,solidity,-2e-07,1.995e-06,-600000000.0,373316652.74799997,12.0
endommage,solidity,-2e-07,1.993e-06,-600000000.0,374004847.599,12.0
endommage,solidity,-2e-07,1.991e-06,-600000000.0,374694590.793,12.0
endommage,solidity,-2e-07,1.989e-06,-600000000.0,375385890.7710001,12.0
endommage,solidity,-2e-07,1.987e-06,-600000000.0,376078755.988,12.0
endommage,solidity,-2e-07,1.985e-06,-600000000.0,376773194.91899997,12.0
endommage,solidity,-2e-07,1.983e-06,-600000000.0,377469216.055,12.0
endommage,solidity,-2e-07,1.981e-06,-600000000.0,378166827.904,12.0
endommage,solidity,-2e-07,1.979e-06,-600000000.0,378866038.99,12.0
endommage,solidity,-2e-07,1.977e-06,-600000000.0,379566857.855,12.0
endommage,solidity,-2e-07,1.975e-06,-600000000.0,380269293.057,12.0
endommage,solidity,-2e-07,1.973e-06,-600000000.0,380973353.168,12.0
endommage,solidity,-2e-07,1.971e-06,-600000000.0,381679046.779,12.0
endommage,solidity,-2e-07,1.969e-06,-600000000.0,382386382.49500006,12.0
endommage,solidity,-2e-07,1.967e-06,-600000000.0,383095368.938,12.0
endommage,solidity,-2e-07,1.965e-06,-600000000.0,383806014.744,12.0
endommage,solidity,-2e-07,1.963e-06,-600000000.0,384518328.567,12.0
endommage,solidity,-2e-07,1.961e-06,-600000000.0,385232319.073,12.0
endommage,solidity,-2e-07,1.959e-06,-600000000.0,385947994.945,12.0
endommage,solidity,-2e-07,1.957e-06,-600000000.0,386665364.87999994,12.0
endommage,solidity,-2e-07,1.955e-06,-600000000.0,387384437.591,12.0
endommage,solidity,-2e-07,1.953e-06,-600000000.0,388105221.8040001,12.0
endommage,solidity,-2e-07,1.951e-06,-600000000.0,388827726.259,12.0
endommage,solidity,-2e-07,1.949e-06,-600000000.0,389551959.713,12.0
endommage,solidity,-2e-07,1.947e-06,-600000000.0,390277930.933,12.0
endommage,solidity,-2e-07,1.945e-06,-600000000.0,391005648.703,12.0
endommage,solidity,-2e-07,1.943e-06,-600000000.0,391735121.818,12.0
endommage,solidity,-2e-07,1.941e-06,-600000000.0,392466359.0870001,12.0
endommage,solidity,-2e-07,1.939e-06,-600000000.0,393199369.335,12.0
endommage,solidity,-2e-07,1.937e-06,-600000000.0,393934161.395,12.0
endommage,solidity,-2e-07,1.935e-06,-600000000.0,394670744.1169999,12.0
endommage,solidity,-2e-07,1.933e-06,-600000000.0,395409126.3613334,12.0
endommage,solidity,-2e-07,1.931e-06,-600000000.0,396149317.001,12.0
endommage,solidity,-2e-07,1.929e-06,-600000000.0,396891324.922,12.0
endommage,solidity,-2e-07,1.927e-06,-600000000.0,397635159.0210001,12.0
endommage,solidity,-2e-07,1.925e-06,-600000000.0,398380828.20600003,12.0
endommage,solidity,-2e-07,1.923e-06,-600000000.0,399128341.399,12.0
endommage,solidity,-2e-07,1.921e-06,-600000000.0,399877707.53099996,12.0
endommage,solidity,-2e-07,1.919e-06,-600000000.0,400628935.545,12.0
endommage,solidity,-2e-07,1.917e-06,-600000000.0,401382034.395,12.0
endommage,solidity,-2e-07,1.915e-06,-600000000.0,402137013.043,12.0
endommage,solidity,-2e-07,1.913e-06,-600000000.0,402893880.466,12.0
endommage,solidity,-2e-07,1.911e-06,-600000000.0,403652645.648,12.0
endommage,solidity,-2e-07,1.909e-06,-600000000.0,404413317.582,12.0
endommage,solidity,-2e-07,1.907e-06,-600000000.0,405175905.2749999,12.0
endommage,solidity,-2e-07,1.905e-06,-600000000.0,405940417.738,12.0
endommage,solidity,-2e-07,1.903e-06,-600000000.0,406706863.99500006,12.0
endommage,solidity,-2e-07,1.901e-06,-600000000.0,407475253.078,12.0
endommage,solidity,-2e-07,1.899e-06,-600000000.0,408245594.027,12.0
endommage,solidity,-2e-07,1.897e-06,-600000000.0,409017895.892,12.0
endommage,solidity,-2e-07,1.895e-06,-600000000.0,409792167.7289999,12.0
endommage,solidity,-2e-07,1.893e-06,-600000000.0,410568418.6039999,12.0
endommage,solidity,-2e-07,1.891e-06,-600000000.0,411346657.589,12.0
endommage,solidity,-2e-07,1.889e-06,-600000000.0,412126893.76500005,12.0
endommage,solidity,-2e-07,1.887e-06,-600000000.0,412909136.21900004,12.0
endommage,solidity,-2e-07,1.885e-06,-600000000.0,413693394.045,12.0
endommage,solidity,-2e-07,1.883e-06,-600000000.0,414479676.346,12.0
endommage,solidity,-2e-07,1.881e-06,-600000000.0,415267992.227,12.0
endommage,solidity,-2e-07,1.879e-06,-600000000.0,416058350.8040001,12.0
endommage,solidity,-2e-07,1.877e-06,-600000000.0,416850761.194,12.0
endommage,solidity,-2e-07,1.875e-06,-600000000.0,417645232.523,12.0
endommage,solidity,-2e-07,1.873e-06,-600000000.0,418441773.922,12.0
endommage,solidity,-2e-07,1.871e-06,-600000000.0,419240394.5249999,12.0
endommage,solidity,-2e-07,1.869e-06,-600000000.0,420041103.474,12.0
endommage,solidity,-2e-07,1.867e-06,-600000000.0,420843909.911,12.0
endommage,solidity,-2e-07,1.865e-06,-600000000.0,421648822.986,12.0
endommage,solidity,-2e-07,1.863e-06,-600000000.0,422455851.851,12.0
endommage,solidity,-2e-07,1.861e-06,-600000000.0,423265005.662,12.0
endommage,solidity,-2e-07,1.859e-06,-600000000.0,424076293.578,12.0
endommage,solidity,-2e-07,1.857e-06,-600000000.0,424889724.762,12.0
endommage,solidity,-2e-07,1.855e-06,-600000000.0,425705308.379,12.0
endommage,solidity,-2e-07,1.853e-06,-600000000.0,426523053.595,12.0
endommage,solidity,-2e-07,1.851e-06,-600000000.0,427342969.58100003,12.0
endommage,solidity,-2e-07,1.849e-06,-600000000.0,428165065.506,12.0
endommage,solidity,-2e-07,1.847e-06,-600000000.0,428989350.54399997,12.0
endommage,solidity,-2e-07,1.845e-06,-600000000.0,429815833.868,12.0
endommage,solidity,-2e-07,1.843e-06,-600000000.0,430644524.652,12.0
endommage,solidity,-2e-07,1.841e-06,-600000000.0,431475432.072,12.0
endommage,solidity,-2e-07,1.839e-06,-600000000.0,432308565.30099994,12.0
endommage,solidity,-2e-07,1.837e-06,-600000000.0,433143933.514,12.0
endommage,solidity,-2e-07,1.835e-06,-600000000.0,433981545.886,12.0
endommage,solidity,-2e-07,1.833e-06,-600000000.0,434821411.59,12.0
endommage,solidity,-2e-07,1.831e-06,-600000000.0,435663539.79800004,12.0
endommage,solidity,-2e-07,1.829e-06,-600000000.0,436507939.68,12.0
endommage,solidity,-2e-07,1.827e-06,-600000000.0,437354620.405,12.0
endommage,solidity,-2e-07,1.825e-06,-600000000.0,438203591.138,12.0
endommage,solidity,-2e-07,1.823e-06,-600000000.0,439054861.045,12.0
endommage,solidity,-2e-07,1.821e-06,-600000000.0,439908439.285,12.0
endommage,solidity,-2e-07,1.819e-06,-600000000.0,440764335.01500005,12.0
endommage,solidity,-2e-07,1.817e-06,-600000000.0,441622557.391,12.0
endommage,solidity,-2e-07,1.815e-06,-600000000.0,442483115.56,12.0
endommage,solidity,-2e-07,1.813e-06,-600000000.0,443346018.668,12.0
endommage,solidity,-2e-07,1.811e-06,-600000000.0,444211275.856,12.0
endommage,solidity,-2e-07,1.809e-06,-600000000.0,445078896.26,12.0
endommage,solidity,-2e-07,1.807e-06,-600000000.0,445948889.0080001,12.0
endommage,solidity,-2e-07,1.805e-06,-600000000.0,446821263.224,12.0
endommage,solidity,-2e-07,1.803e-06,-600000000.0,447696028.026,12.0
endommage,solidity,-2e-07,1.801e-06,-600000000.0,448573192.5249999,12.0
endommage,solidity,-2e-07,1.799e-06,-600000000.0,449452765.825,12.0
endommage,solidity,-2e-07,1.797e-06,-600000000.0,450334757.0210001,12.0
endommage,solidity,-2e-07,1.795e-06,-600000000.0,451219175.20199996,12.0
endommage,solidity,-2e-07,1.793e-06,-600000000.0,452106029.44900006,12.0
endommage,solidity,-2e-07,1.791e-06,-600000000.0,452995328.83100003,12.0
endommage,solidity,-2e-07,1.789e-06,-600000000.0,453887082.412,12.0
endommage,solidity,-2e-07,1.787e-06,-600000000.0,454781299.24500006,12.0
endommage,solidity,-2e-07,1.785e-06,-600000000.0,455677988.371,12.0
endommage,solidity,-2e-07,1.783e-06,-600000000.0,456577158.82400006,12.0
endommage,solidity,-2e-07,1.781e-06,-600000000.0,457478819.626,12.0
endommage,solidity,-2e-07,1.779e-06,-600000000.0,458382979.786,12.0
endommage,solidity,-2e-07,1.777e-06,-600000000.0,459289648.303,12.0
endommage,solidity,-2e-07,1.775e-06,-600000000.0,460198834.16533333,12.0
endommage,solidity,-2e-07,1.773e-06,-600000000.0,461110546.346,12.0
endommage,solidity,-2e-07,1.771e-06,-600000000.0,462024793.807,12.0
endommage,solidity,-2e-07,1.769e-06,-600000000.0,462941585.496,12.0
endommage,solidity,-2e-07,1.767e-06,-600000000.0,463860930.346,12.0
endommage,solidity,-2e-07,1.765e-06,-600000000.0,464782837.279,12.0
endommage,solidity,-2e-07,1.763e-06,-600000000.0,465707315.19866663,12.0
endommage,solidity,-2e-07,1.761e-06,-600000000.0,466634372.99500006,12.0
endommage,solidity,-2e-07,1.759e-06,-600000000.0,467564019.543,12.0
endommage,solidity,-2e-07,1.757e-06,-600000000.0,468496263.69900006,12.0
endommage,solidity,-2e-07,1.755e-06,-600000000.0,469431114.307,12.0
endommage,solidity,-2e-07,1.753e-06,-600000000.0,470368580.18899995,12.0
endommage,solidity,-2e-07,1.751e-06,-600000000.0,471308670.15300006,12.0
endommage,solidity,-2e-07,1.749e-06,-600000000.0,472251392.988,12.0
endommage,solidity,-2e-07,1.747e-06,-600000000.0,473196757.463,12.0
endommage,solidity,-2e-07,1.745e-06,-600000000.0,474144772.33100003,12.0
endommage,solidity,-2e-07,1.743e-06,-600000000.0,475095446.322,12.0
endommage,solidity,-2e-07,1.741e-06,-600000000.0,476048788.148,12.0
endommage,solidity,-2e-07,1.739e-06,-600000000.0,477004806.501,12.0
endommage,solidity,-2e-07,1.737e-06,-600000000.0,477963510.05,12.0
endommage,solidity,-2e-07,1.735e-06,-600000000.0,478924907.444,12.0
endommage,solidity,-2e-07,1.733e-06,-600000000.0,479889007.31,12.0
endommage,solidity,-2e-07,1.731e-06,-600000000.0,480855818.251,12.0
endommage,solidity,-2e-07,1.729e-06,-600000000.0,481825348.849,12.0
endommage,solidity,-2e-07,1.727e-06,-600000000.0,482797607.66,12.0
endommage,solidity,-2e-07,1.725e-06,-600000000.0,483772603.217,12.0
endommage,solidity,-2e-07,1.723e-06,-600000000.0,484750344.029,12.0
endommage,solidity,-2e-07,1.721e-06,-600000000.0,485730838.578,12.0
endommage,solidity,-2e-07,1.719e-06,-600000000.0,486714095.323,12.0
endommage,solidity,-2e-07,1.717e-06,-600000000.0,487700122.693,12.0
endommage,solidity,-2e-07,1.715e-06,-600000000.0,488688929.093,12.0
endommage,solidity,-2e-07,1.713e-06,-600000000.0,489680522.899,12.0
endommage,solidity,-2e-07,1.711e-06,-600000000.0,490674912.46,12.0
endommage,solidity,-2e-07,1.709e-06,-600000000.0,491672106.096,12.0
endommage,solidity,-2e-07,1.707e-06,-600000000.0,492672112.098,12.0
endommage,solidity,-2e-07,1.705e-06,-600000000.0,493674938.726,12.0
endommage,solidity,-2e-07,1.703e-06,-600000000.0,494680594.2120001,12.0
endommage,solidity,-2e-07,1.701e-06,-600000000.0,495689086.75499994,12.0
endommage,solidity,-2e-07,1.699e-06,-600000000.0,496700424.523,12.0
endommage,solidity,-2e-07,1.697e-06,-600000000.0,497714615.654,12.0
endommage,solidity,-2e-07,1.695e-06,-600000000.0,498731668.25,12.0
endommage,solidity,-2e-07,1.693e-06,-600000000.0,499751590.381,12.0
endommage,solidity,-2e-07,1.691e-06,-600000000.0,500774390.085,12.0
endommage,solidity,-2e-07,1.689e-06,-600000000.0,501800075.363,12.0
endommage,solidity,-2e-07,1.687e-06,-600000000.0,502828654.181,12.0
endommage,solidity,-2e-07,1.685e-06,-600000000.0,503860134.471,12.0
endommage,solidity,-2e-07,1.683e-06,-600000000.0,504894524.128,12.0
endommage,solidity,-2e-07,1.681e-06,-600000000.0,505931831.0080001,12.0
endommage,solidity,-2e-07,1.679e-06,-600000000.0,506972062.932,12.0
endommage,solidity,-2e-07,1.677e-06,-600000000.0,508015227.682,12.0
endommage,solidity,-2e-07,1.675e-06,-600000000.0,509061333.001,12.0
endommage,solidity,-2e-07,1.673e-06,-600000000.0,510110386.591,12.0
endommage,solidity,-2e-07,1.671e-06,-600000000.0,511162396.115,12.0
endommage,solidity,-2e-07,1.669e-06,-600000000.0,512217369.1959999,12.0
endommage,solidity,-2e-07,1.667e-06,-600000000.0,513275313.414,12.0
endommage,solidity,-2e-07,1.665e-06,-600000000.0,514336236.306,12.0
endommage,solidity,-2e-07,1.663e-06,-600000000.0,515400145.369,12.0
endommage,solidity,-2e-07,1.661e-06,-600000000.0,516467048.0540001,12.0
endommage,solidity,-2e-07,1.659e-06,-600000000.0,517536951.76799995,12.0
endommage,solidity,-2e-07,1.657e-06,-600000000.0,518609863.874,12.0
endommage,solidity,-2e-07,1.655e-06,-600000000.0,519685791.688,12.0
endommage,solidity,-2e-07,1.653e-06,-600000000.0,520764742.481,12.0
endommage,solidity,-2e-07,1.651e-06,-600000000.0,521846723.4750001,12.0
endommage,solidity,-2e-07,1.649e-06,-600000000.0,522931741.84699994,12.0
endommage,solidity,-2e-07,1.647e-06,-600000000.0,524019804.724,12.0
endommage,solidity,-2e-07,1.645e-06,-600000000.0,525110919.182,12.0
endommage,solidity,-2e-07,1.643e-06,-600000000.0,526205092.249,12.0
endommage,solidity,-2e-07,1.641e-06,-600000000.0,527302330.90300006,12.0
endommage,solidity,-2e-07,1.639e-06,-600000000.0,528402642.069,12.0
endommage,solidity,-2e-07,1.637e-06,-600000000.0,529506032.62000006,12.0
endommage,solidity,-2e-07,1.635e-06,-600000000.0,530612509.37700003,12.0
endommage,solidity,-2e-07,1.633e-06,-600000000.0,531722079.10700005,12.0
endommage,solidity,-2e-07,1.631e-06,-600000000.0,532834748.5210001,12.0
endommage,solidity,-2e-07,1.629e-06,-600000000.0,533950524.276,12.0
endommage,solidity,-2e-07,1.627e-06,-600000000.0,535069412.974,12.0
endommage,solidity,-2e-07,1.625e-06,-600000000.0,536191421.158,12.0
endommage,solidity,-2e-07,1.623e-06,-600000000.0,537316555.316,12.0
endommage,solidity,-2e-07,1.621e-06,-600000000.0,538444821.875,12.0
endommage,solidity,-2e-07,1.619e-06,-600000000.0,539576227.205,12.0
endommage,solidity,-2e-07,1.617e-06,-600000000.0,540710777.615,12.0
endommage,solidity,-2e-07,1.615e-06,-600000000.0,541848479.353,12.0
endommage,solidity,-2e-07,1.613e-06,-600000000.0,542989338.606,12.0
endommage,solidity,-2e-07,1.611e-06,-600000000.0,544133361.498,12.0
endommage,solidity,-2e-07,1.609e-06,-600000000.0,545280554.091,12.0
endommage,solidity,-2e-07,1.607e-06,-600000000.0,546430922.381,12.0
endommage,solidity,-2e-07,1.605e-06,-600000000.0,547584472.302,12.0
endommage,solidity,-2e-07,1.603e-06,-600000000.0,548741209.719,12.0
endommage,solidity,-2e-07,1.601e-06,-600000000.0,549901140.433,12.0
endommage,solidity,-2e-07,1.599e-06,-600000000.0,551064270.176,12.0
endommage,solidity,-2e-07,1.597e-06,-600000000.0,552230604.612,12.0
endommage,solidity,-2e-07,1.595e-06,-600000000.0,553400149.336,12.0
endommage,solidity,-2e-07,1.593e-06,-600000000.0,554572909.874,12.0
endommage,solidity,-2e-07,1.591e-06,-600000000.0,555748891.679,12.0
endommage,solidity,-2e-07,1.589e-06,-600000000.0,556928100.134,12.0
endommage,solidity,-2e-07,1.587e-06,-600000000.0,558110540.549,12.0
endommage,solidity,-2e-07,1.585e-06,-600000000.0,559296218.159,12.0
endommage,solidity,-2e-07,1.583e-06,-600000000.0,560485138.126,12.0
endommage,solidity,-2e-07,1.581e-06,-600000000.0,561677305.536,12.0
endommage,solidity,-2e-07,1.579e-06,-600000000.0,562872725.399,12.0
endommage,solidity,-2e-07,1.577e-06,-600000000.0,564071402.648,12.0
endommage,solidity,-2e-07,1.575e-06,-600000000.0,565273342.137,12.0
endommage,solidity,-2e-07,1.573e-06,-600000000.0,566478548.64,12.0
endommage,solidity,-2e-07,1.571e-06,-600000000.0,567687026.855,12.0
endommage,solidity,-2e-07,1.569e-06,-600000000.0,568898781.394,12.0
endommage,solidity,-2e-07,1.567e-06,-600000000.0,570113816.789,12.0
endommage,solidity,-2e-07,1.565e-06,-600000000.0,571332137.491,12.0
endommage,solidity,-2e-07,1.563e-06,-600000000.0,572553747.865,12.0
endommage,solidity,-2e-07,1.561e-06,-600000000.0,573778652.191,12.0
endommage,solidity,-2e-07,1.559e-06,-600000000.0,575006854.664,12.0
endommage,solidity,-2e-07,1.557e-06,-600000000.0,576238359.391,12.0
endommage,solidity,-2e-07,1.555e-06,-600000000.0,577473170.394,12.0
endommage,solidity,-2e-07,1.553e-06,-600000000.0,578711291.602,12.0
endommage,solidity,-2e-07,1.551e-06,-600000000.0,579952726.857,12.0
endommage,solidity,-2e-07,1.549e-06,-600000000.0,581197479.91,12.0
endommage,solidity,-2e-07,1.547e-06,-600000000.0,582445554.419,12.0
endommage,solidity,-2e-07,1.545e-06,-600000000.0,583696953.95,12.0
endommage,solidity,-2e-07,1.543e-06,-600000000.0,584951681.974,12.0
endommage,solidity,-2e-07,1.541e-06,-600000000.0,586209741.868,12.0
endommage,solidity,-2e-07,1.539e-06,-600000000.0,587471136.912,12.0
endommage,solidity,-2e-07,1.537e-06,-600000000.0,588735870.291,12.0
endommage,solidity,-2e-07,1.535e-06,-600000000.0,590003945.088,12.0
endommage,solidity,-2e-07,1.533e-06,-600000000.0,591275364.29,12.0
endommage,solidity,-2e-07,1.531e-06,-600000000.0,592550130.782,12.0
endommage,solidity,-2e-07,1.529e-06,-600000000.0,593828247.349,12.0
endommage,solidity,-2e-07,1.527e-06,-600000000.0,595109716.672,12.0
endommage,solidity,-2e-07,1.525e-06,-600000000.0,596394541.328,12.0
endommage,solidity,-2e-07,1.523e-06,-600000000.0,597682723.792,12.0
endommage,solidity,-2e-07,1.521e-06,-600000000.0,598974266.43,12.0
endommage,solidity,-2e-07,1.519e-06,-600000000.0,600269171.503,12.0
endommage,solidity,-2e-07,1.517e-06,-600000000.0,601567441.162,12.0
endommage,solidity,-2e-07,1.515e-06,-600000000.0,602869077.451,12.0
endommage,solidity,-2e-07,1.513e-06,-600000000.0,604174082.301,12.0
endommage,solidity,-2e-07,1.511e-06,-600000000.0,605482457.534,12.0
endommage,solidity,-2e-07,1.509e-06,-600000000.0,606794204.858,12.0
endommage,solidity,-2e-07,1.507e-06,-600000000.0,608109325.866,12.0
endommage,solidity,-2e-07,1.505e-06,-600000000.0,609427822.038,12.0
endommage,solidity,-2e-07,1.503e-06,-600000000.0,610749694.737,12.0
endommage,solidity,-2e-07,1.501e-06,-600000000.0,612074945.206,12.0
endommage,solidity,-2e-07,1.499e-06,-600000000.0,613403574.574,12.0
endommage,solidity,-2e-07,1.497e-06,-600000000.0,614735583.846,12.0
endommage,solidity,-2e-07,1.495e-06,-600000000.0,616070973.907,12.0
endommage,solidity,-2e-07,1.493e-06,-600000000.0,617409745.522,12.0
endommage,solidity,-2e-07,1.491e-06,-600000000.0,618751899.329,12.0
endommage,solidity,-2e-07,1.489e-06,-600000000.0,620097435.8426667,12.0
endommage,solidity,-2e-07,1.487e-06,-600000000.0,621446355.451,12.0
endommage,solidity,-2e-07,1.485e-06,-600000000.0,622798658.417,12.0
endommage,solidity,-2e-07,1.483e-06,-600000000.0,624154344.87,12.0
endommage,solidity,-2e-07,1.481e-06,-600000000.0,625513414.816,12.0
endommage,solidity,-2e-07,1.479e-06,-600000000.0,626875868.124,12.0
endommage,solidity,-2e-07,1.477e-06,-600000000.0,628241704.533,12.0
endommage,solidity,-2e-07,1.475e-06,-600000000.0,629610923.648,12.0
endommage,solidity,-2e-07,1.473e-06,-600000000.0,630983524.94,12.0
endommage,solidity,-2e-07,1.471e-06,-600000000.0,632359507.742,12.0
endommage,solidity,-2e-07,1.469e-06,-600000000.0,633738871.248,12.0
endommage,solidity,-2e-07,1.467e-06,-600000000.0,635121614.517,12.0
endommage,solidity,-2e-07,1.465e-06,-600000000.0,636507736.464,12.0
endommage,solidity,-2e-07,1.463e-06,-600000000.0,637897235.863,12.0
endommage,solidity,-2e-07,1.461e-06,-600000000.0,639290111.345,12.0
endommage,solidity,-2e-07,1.459e-06,-600000000.0,640686361.397,12.0
endommage,solidity,-2e-07,1.457e-06,-600000000.0,642085984.36,12.0
endommage,solidity,-2e-07,1.455e-06,-600000000.0,643488978.426,12.0
endommage,solidity,-2e-07,1.453e-06,-600000000.0,644895341.641,12.0
endommage,solidity,-2e-07,1.451e-06,-600000000.0,646305071.898,12.0
endommage,solidity,-2e-07,1.449e-06,-600000000.0,647718166.941,12.0
endommage,solidity,-2e-07,1.447e-06,-600000000.0,649134624.359,12.0
endommage,solidity,-2e-07,1.445e-06,-600000000.0,650554441.588,12.0
endommage,solidity,-2e-07,1.443e-06,-600000000.0,651977615.906,12.0
endommage,solidity,-2e-07,1.441e-06,-600000000.0,653404144.438,12.0
endommage,solidity,-2e-07,1.439e-06,-600000000.0,654834024.145,12.0
endommage,solidity,-2e-07,1.437e-06,-600000000.0,656267251.83,12.0
endommage,solidity,-2e-07,1.435e-06,-600000000.0,657703824.136,12.0
endommage,solidity,-2e-07,1.433e-06,-600000000.0,659143737.541,12.0
endommage,solidity,-2e-07,1.431e-06,-600000000.0,660586988.357,12.0
endommage,solidity,-2e-07,1.429e-06,-600000000.0,662033572.731,12.0
endommage,solidity,-2e-07,1.427e-06,-600000000.0,663483486.6436667,12.0
endommage,solidity,-2e-07,1.425e-06,-600000000.0,664936725.904,12.0
endommage,solidity,-2e-07,1.423e-06,-600000000.0,666393286.151,12.0
endommage,solidity,-2e-07,1.421e-06,-600000000.0,667853162.852,12.0
endommage,solidity,-2e-07,1.419e-06,-600000000.0,669316351.298,12.0
endommage,solidity,-2e-07,1.417e-06,-600000000.0,670782846.608,12.0
endommage,solidity,-2e-07,1.415e-06,-600000000.0,672252643.721,12.0
endommage,solidity,-2e-07,1.413e-06,-600000000.0,673725737.399,12.0
endommage,solidity,-2e-07,1.411e-06,-600000000.0,675202122.221,12.0
endommage,solidity,-2e-07,1.409e-06,-600000000.0,676681792.588,12.0
endommage,solidity,-2e-07,1.407e-06,-600000000.0,678164742.7133334,12.0
endommage,solidity,-2e-07,1.405e-06,-600000000.0,679650966.629,12.0
endommage,solidity,-2e-07,1.403e-06,-600000000.0,681140458.177,12.0
endommage,solidity,-2e-07,1.401e-06,-600000000.0,682633211.012,12.0
endommage,solidity,-2e-07,1.399e-06,-600000000.0,684129218.599,12.0
endommage,solidity,-2e-07,1.397e-06,-600000000.0,685628474.211,12.0
endommage,solidity,-2e-07,1.395e-06,-600000000.0,687130970.927,12.0
endommage,solidity,-2e-07,1.393e-06,-600000000.0,688636701.63,12.0
endommage,solidity,-2e-07,1.391e-06,-600000000.0,690145659.008,12.0
endommage,solidity,-2e-07,1.389e-06,-600000000.0,691657835.549,12.0
endommage,solidity,-2e-07,1.387e-06,-600000000.0,693173223.541,12.0
endommage,solidity,-2e-07,1.385e-06,-600000000.0,694691815.069,12.0
endommage,solidity,-2e-07,1.383e-06,-600000000.0,696213602.017,12.0
endommage,solidity,-2e-07,1.381e-06,-600000000.0,697738576.059,12.0
endommage,solidity,-2e-07,1.379e-06,-600000000.0,699266728.665,12.0
endommage,solidity,-2e-07,1.377e-06,-600000000.0,700798051.095,12.0
endommage,solidity,-2e-07,1.375e-06,-600000000.0,702332534.397,12.0
endommage,solidity,-2e-07,1.373e-06,-600000000.0,703870169.406,12.0
endommage,solidity,-2e-07,1.371e-06,-600000000.0,705410946.746,12.0
endommage,solidity,-2e-07,1.369e-06,-600000000.0,706954856.819,12.0
endommage,solidity,-2e-07,1.367e-06,-600000000.0,708501889.813,12.0
endommage,solidity,-2e-07,1.365e-06,-600000000.0,710052035.694,12.0
endommage,solidity,-2e-07,1.363e-06,-600000000.0,711605284.206,12.0
endommage,solidity,-2e-07,1.361e-06,-600000000.0,713161624.871,12.0
endommage,solidity,-2e-07,1.359e-06,-600000000.0,714721046.982,12.0
endommage,solidity,-2e-07,1.357e-06,-600000000.0,716283539.6080002,12.0
endommage,solidity,-2e-07,1.355e-06,-600000000.0,717849091.584,12.0
endommage,solidity,-2e-07,1.353e-06,-600000000.0,719417691.518,12.0
endommage,solidity,-2e-07,1.351e-06,-600000000.0,720989327.783,12.0
endommage,solidity,-2e-07,1.349e-06,-600000000.0,722563988.514,12.0
endommage,solidity,-2e-07,1.347e-06,-600000000.0,724141661.6133333,12.0
endommage,solidity,-2e-07,1.345e-06,-600000000.0,725722334.741,12.0
endommage,solidity,-2e-07,1.343e-06,-600000000.0,727305995.315,12.0
endommage,solidity,-2e-07,1.341e-06,-600000000.0,728892630.513,12.0
endommage,solidity,-2e-07,1.339e-06,-600000000.0,730482227.265,12.0
endommage,solidity,-2e-07,1.337e-06,-600000000.0,732074772.255,12.0
endommage,solidity,-2e-07,1.335e-06,-600000000.0,733670251.9170002,12.0
endommage,solidity,-2e-07,1.333e-06,-600000000.0,735268652.434,12.0
endommage,solidity,-2e-07,1.331e-06,-600000000.0,736869959.735,12.0
endommage,solidity,-2e-07,1.329e-06,-600000000.0,738474159.495,12.0
endommage,solidity,-2e-07,1.327e-06,-600000000.0,740081237.1290001,12.0
endommage,solidity,-2e-07,1.325e-06,-600000000.0,741691177.795,12.0
endommage,solidity,-2e-07,1.323e-06,-600000000.0,743303966.387,12.0
endommage,solidity,-2e-07,1.321e-06,-600000000.0,744919587.5359999,12.0
endommage,solidity,-2e-07,1.319e-06,-600000000.0,746538025.6080002,12.0
endommage,solidity,-2e-07,1.317e-06,-600000000.0,748159264.699,12.0
endommage,solidity,-2e-07,1.315e-06,-600000000.0,749783288.636,12.0
endommage,solidity,-2e-07,1.313e-06,-600000000.0,751410080.972,12.0
endommage,solidity,-2e-07,1.311e-06,-600000000.0,753039624.988,12.0
endommage,solidity,-2e-07,1.309e-06,-600000000.0,754671903.685,12.0
endommage,solidity,-2e-07,1.307e-06,-600000000.0,756306899.788,12.0
endommage,solidity,-2e-07,1.305e-06,-600000000.0,757944595.738,12.0
endommage,solidity,-2e-07,1.303e-06,-600000000.0,759584973.693,12.0
endommage,solidity,-2e-07,1.301e-06,-600000000.0,761228015.527,12.0
endommage,solidity,-2e-07,1.299e-06,-600000000.0,762873702.824,12.0
endommage,solidity,-2e-07,1.297e-06,-600000000.0,764522016.8790001,12.0
endommage,solidity,-2e-07,1.295e-06,-600000000.0,766172938.693,12.0
endommage,solidity,-2e-07,1.293e-06,-600000000.0,767826448.972,12.0
endommage,solidity,-2e-07,1.291e-06,-600000000.0,769482528.1276668,12.0
endommage,solidity,-2e-07,1.289e-06,-600000000.0,771141156.268,12.0
endommage,solidity,-2e-07,1.287e-06,-600000000.0,772802313.202,12.0
endommage,solidity,-2e-07,1.285e-06,-600000000.0,774465978.433,12.0
endommage,solidity,-2e-07,1.283e-06,-600000000.0,776132131.158,12.0
endommage,solidity,-2e-07,1.281e-06,-600000000.0,777800750.264,12.0
endommage,solidity,-2e-07,1.279e-06,-600000000.0,779471814.329,12.0
endommage,solidity,-2e-07,1.277e-06,-600000000.0,781145301.6150001,12.0
endommage,solidity,-2e-07,1.275e-06,-600000000.0,782821190.068,12.0
endommage,solidity,-2e-07,1.273e-06,-600000000.0,784499457.315,12.0
endommage,solidity,-2e-07,1.271e-06,-600000000.0,786180080.663,12.0
endommage,solidity,-2e-07,1.269e-06,-600000000.0,787863037.094,12.0
endommage,solidity,-2e-07,1.267e-06,-600000000.0,789548303.264,12.0
endommage,solidity,-2e-07,1.265e-06,-600000000.0,791235855.501,12.0
endommage,solidity,-2e-07,1.263e-06,-600000000.0,792925669.802,12.0
endommage,solidity,-2e-07,1.261e-06,-600000000.0,794617721.828,12.0
endommage,solidity,-2e-07,1.259e-06,-600000000.0,796311986.906,12.0
endommage,solidity,-2e-07,1.257e-06,-600000000.0,798008440.0230001,12.0
endommage,solidity,-2e-07,1.255e-06,-600000000.0,799707055.8250002,12.0
endommage,solidity,-2e-07,1.253e-06,-600000000.0,801407808.6143333,12.0
endommage,solidity,-2e-07,1.251e-06,-600000000.0,803110672.3456665,12.0
endommage,solidity,-2e-07,1.249e-06,-600000000.0,804815620.624,12.0
endommage,solidity,-2e-07,1.247e-06,-600000000.0,806522626.704,12.0
endommage,solidity,-2e-07,1.245e-06,-600000000.0,808231663.485,12.0
endommage,solidity,-2e-07,1.243e-06,-600000000.0,809942703.508,12.0
endommage,solidity,-2e-07,1.241e-06,-600000000.0,811655718.955,12.0
endommage,solidity,-2e-07,1.239e-06,-600000000.0,813370681.646,12.0
endommage,solidity,-2e-07,1.237e-06,-600000000.0,815087563.0333333,12.0
endommage,solidity,-2e-07,1.235e-06,-600000000.0,816806334.204,12.0
endommage,solidity,-2e-07,1.233e-06,-600000000.0,818526965.8720001,12.0
endommage,solidity,-2e-07,1.231e-06,-600000000.0,820249428.3790001,12.0
endommage,solidity,-2e-07,1.229e-06,-600000000.0,821973691.689,12.0
endommage,solidity,-2e-07,1.227e-06,-600000000.0,823699725.387,12.0
endommage,solidity,-2e-07,1.225e-06,-600000000.0,825427498.676,12.0
endommage,solidity,-2e-07,1.223e-06,-600000000.0,827156980.375,12.0
endommage,solidity,-2e-07,1.221e-06,-600000000.0,828888138.914,12.0
endommage,solidity,-2e-07,1.219e-06,-600000000.0,830620942.3329998,12.0
endommage,solidity,-2e-07,1.217e-06,-600000000.0,832355358.278,12.0
endommage,solidity,-2e-07,1.215e-06,-600000000.0,834091353.998,12.0
endommage,solidity,-2e-07,1.213e-06,-600000000.0,835828896.344,12.0
endommage,solidity,-2e-07,1.211e-06,-600000000.0,837567951.765,12.0
endommage,solidity,-2e-07,1.209e-06,-600000000.0,839308486.303,12.0
endommage,solidity,-2e-07,1.207e-06,-600000000.0,841050465.592,12.0
endommage,solidity,-2e-07,1.205e-06,-600000000.0,842793854.856,12.0
endommage,solidity,-2e-07,1.203e-06,-600000000.0,844538618.903,12.0
endommage,solidity,-2e-07,1.201e-06,-600000000.0,846284722.127,12.0
endommage,solidity,-2e-07,1.199e-06,-600000000.0,848032128.4970001,12.0
endommage,solidity,-2e-07,1.197e-06,-600000000.0,849780801.5630001,12.0
endommage,solidity,-2e-07,1.195e-06,-600000000.0,851530704.446,12.0
endommage,solidity,-2e-07,1.193e-06,-600000000.0,853281799.8379999,12.0
endommage,solidity,-2e-07,1.191e-06,-600000000.0,855034049.999,12.0
endommage,solidity,-2e-07,1.189e-06,-600000000.0,856787416.752,12.0
endommage,solidity,-2e-07,1.187e-06,-600000000.0,858541861.482,12.0
endommage,solidity,-2e-07,1.185e-06,-600000000.0,860297345.132,12.0
endommage,solidity,-2e-07,1.183e-06,-600000000.0,862053828.199,12.0
endommage,solidity,-2e-07,1.181e-06,-600000000.0,863811270.732,12.0
endommage,solidity,-2e-07,1.179e-06,-600000000.0,865569632.327,12.0
endommage,solidity,-2e-07,1.177e-06,-600000000.0,867328872.1290001,12.0
endommage,solidity,-2e-07,1.175e-06,-600000000.0,869088948.8189999,12.0
endommage,solidity,-2e-07,1.173e-06,-600000000.0,870849820.6209999,12.0
endommage,solidity,-2e-07,1.171e-06,-600000000.0,872611445.2920002,12.0
endommage,solidity,-2e-07,1.169e-06,-600000000.0,874373780.1209999,12.0
endommage,solidity,-2e-07,1.167e-06,-600000000.0,876136781.928,12.0
endommage,solidity,-2e-07,1.165e-06,-600000000.0,877900407.054,12.0
endommage,solidity,-2e-07,1.163e-06,-600000000.0,879664611.366,12.0
endommage,solidity,-2e-07,1.161e-06,-600000000.0,881429350.2459999,12.0
endommage,solidity,-2e-07,1.159e-06,-600000000.0,883194578.5926666,12.0
endommage,solidity,-2e-07,1.157e-06,-600000000.0,884960250.816,12.0
endommage,solidity,-2e-07,1.155e-06,-600000000.0,886726320.835,12.0
endommage,solidity,-2e-07,1.153e-06,-600000000.0,888492742.071,12.0
endommage,solidity,-2e-07,1.151e-06,-600000000.0,890259467.449,12.0
endommage,solidity,-2e-07,1.149e-06,-600000000.0,892026449.39,12.0
endommage,solidity,-2e-07,1.147e-06,-600000000.0,893793639.81,12.0
endommage,solidity,-2e-07,1.145e-06,-600000000.0,895560990.1150001,12.0
endommage,solidity,-2e-07,1.143e-06,-600000000.0,897328451.198,12.0
endommage,solidity,-2e-07,1.141e-06,-600000000.0,899095973.436,12.0
endommage,solidity,-2e-07,1.139e-06,-600000000.0,900863506.685,12.0
endommage,solidity,-2e-07,1.137e-06,-600000000.0,902631000.277,12.0
endommage,solidity,-2e-07,1.135e-06,-600000000.0,904398403.0169998,12.0
endommage,solidity,-2e-07,1.133e-06,-600000000.0,906165663.18,12.0
endommage,solidity,-2e-07,1.131e-06,-600000000.0,907932728.5029999,12.0
endommage,solidity,-2e-07,1.129e-06,-600000000.0,909699546.1869999,12.0
endommage,solidity,-2e-07,1.127e-06,-600000000.0,911466062.889,12.0
endommage,solidity,-2e-07,1.125e-06,-600000000.0,913232224.722,12.0
endommage,solidity,-2e-07,1.123e-06,-600000000.0,914997977.2470001,12.0
endommage,solidity,-2e-07,1.121e-06,-600000000.0,916763265.472,12.0
endommage,solidity,-2e-07,1.119e-06,-600000000.0,918528033.848,12.0
endommage,solidity,-2e-07,1.117e-06,-600000000.0,920292226.264,12.0
endommage,solidity,-2e-07,1.115e-06,-600000000.0,922055786.0429999,12.0
endommage,solidity,-2e-07,1.113e-06,-600000000.0,923818655.941,12.0
endommage,solidity,-2e-07,1.111e-06,-600000000.0,925580778.139,12.0
endommage,solidity,-2e-07,1.109e-06,-600000000.0,927342094.243,12.0
endommage,solidity,-2e-07,1.107e-06,-600000000.0,929102545.274,12.0
endommage,solidity,-2e-07,1.105e-06,-600000000.0,930862071.6740001,12.0
endommage,solidity,-2e-07,1.103e-06,-600000000.0,932620613.291,12.0
endommage,solidity,-2e-07,1.101e-06,-600000000.0,934378109.382,12.0
endommage,solidity,-2e-07,1.099e-06,-600000000.0,936134498.6080002,12.0
endommage,solidity,-2e-07,1.097e-06,-600000000.0,937889719.027,12.0
endommage,solidity,-2e-07,1.095e-06,-600000000.0,939643708.0936667,12.0
endommage,solidity,-2e-07,1.093e-06,-600000000.0,941396402.651,12.0
endommage,solidity,-2e-07,1.091e-06,-600000000.0,943147738.932,12.0
endommage,solidity,-2e-07,1.089e-06,-600000000.0,944897652.5490001,12.0
endommage,solidity,-2e-07,1.087e-06,-600000000.0,946646078.493,12.0
endommage,solidity,-2e-07,1.085e-06,-600000000.0,948392951.131,12.0
endommage,solidity,-2e-07,1.083e-06,-600000000.0,950138204.199,12.0
endommage,solidity,-2e-07,1.081e-06,-600000000.0,951881770.796,12.0
endommage,solidity,-2e-07,1.079e-06,-600000000.0,953623583.387,12.0
endommage,solidity,-2e-07,1.077e-06,-600000000.0,955363573.789,12.0
endommage,solidity,-2e-07,1.075e-06,-600000000.0,957101673.1749998,12.0
endommage,solidity,-2e-07,1.073e-06,-600000000.0,958837812.065,12.0
endommage,solidity,-2e-07,1.071e-06,-600000000.0,960571920.324,12.0
endommage,solidity,-2e-07,1.069e-06,-600000000.0,962303927.1539999,12.0
endommage,solidity,-2e-07,1.067e-06,-600000000.0,964033761.0949999,12.0
endommage,solidity,-2e-07,1.065e-06,-600000000.0,965761350.0160002,12.0
endommage,solidity,-2e-07,1.063e-06,-600000000.0,967486621.112,12.0
endommage,solidity,-2e-07,1.061e-06,-600000000.0,969209500.901,12.0
endommage,solidity,-2e-07,1.059e-06,-600000000.0,970929915.216,12.0
endommage,solidity,-2e-07,1.057e-06,-600000000.0,972647789.205,12.0
endommage,solidity,-2e-07,1.055e-06,-600000000.0,974363047.322,12.0
endommage,solidity,-2e-07,1.053e-06,-600000000.0,976075613.3259999,12.0
endommage,solidity,-2e-07,1.051e-06,-600000000.0,977785410.2730001,12.0
endommage,solidity,-2e-07,1.049e-06,-600000000.0,979492360.515,12.0
endommage,solidity,-2e-07,1.047e-06,-600000000.0,981196385.692,12.0
endommage,solidity,-2e-07,1.045e-06,-600000000.0,982897406.729,12.0
endommage,solidity,-2e-07,1.043e-06,-600000000.0,984595343.8320001,12.0
endommage,solidity,-2e-07,1.041e-06,-600000000.0,986290116.481,12.0
endommage,solidity,-2e-07,1.039e-06,-600000000.0,987981643.428,12.0
endommage,solidity,-2e-07,1.037e-06,-600000000.0,989669842.6880001,12.0
endommage,solidity,-2e-07,1.035e-06,-600000000.0,991354631.539,12.0
endommage,solidity,-2e-07,1.033e-06,-600000000.0,993035926.5160002,12.0
endommage,solidity,-2e-07,1.031e-06,-600000000.0,994713643.4013333,12.0
endommage,solidity,-2e-07,1.029e-06,-600000000.0,996387697.2269999,12.0
endommage,solidity,-2e-07,1.027e-06,-600000000.0,998058002.265,12.0
endommage,solidity,-2e-07,1.025e-06,-600000000.0,999724472.022,12.0
endommage,solidity,-2e-07,1.023e-06,-600000000.0,1001387019.2400001,12.0
endommage,solidity,-2e-07,1.021e-06,-600000000.0,1003045555.88,12.0
endommage,solidity,-2e-07,1.019e-06,-600000000.0,1004699993.13,12.0
endommage,solidity,-2e-07,1.017e-06,-600000000.0,1006350241.4,12.0
endommage,solidity,-2e-07,1.015e-06,-600000000.0,1007996210.2999998,12.0
endommage,solidity,-2e-07,1.013e-06,-600000000.0,1009637808.64,12.0
endommage,solidity,-2e-07,1.011e-06,-600000000.0,1011274944.4500002,12.0
endommage,solidity,-2e-07,1.009e-06,-600000000.0,1012907524.9500002,12.0
endommage,solidity,-2e-07,1.007e-06,-600000000.0,1014535456.5300001,12.0
endommage,solidity,-2e-07,1.005e-06,-600000000.0,1016158644.7999998,12.0
endommage,solidity,-2e-07,1.003e-06,-600000000.0,1017776994.52,12.0
endommage,solidity,-2e-07,1.001e-06,-600000000.0,1019390409.64,12.0
endommage,solidity,-2e-07,9.99e-07,-600000000.0,1020998793.2599999,12.0
endommage,solidity,-2e-07,9.97e-07,-600000000.0,1022602047.68,12.0
endommage,solidity,-2e-07,9.95e-07,-600000000.0,1024200074.32,12.0
endommage,solidity,-2e-07,9.93e-07,-600000000.0,1025792773.7800001,12.0
endommage,solidity,-2e-07,9.91e-07,-600000000.0,1027380045.79,12.0
endommage,solidity,-2e-07,9.89e-07,-600000000.0,1028961789.2199999,12.0
endommage,solidity,-2e-07,9.87e-07,-600000000.0,1030537902.11,12.0
endommage,solidity,-2e-07,9.85e-07,-600000000.0,1032108281.58,12.0
endommage,solidity,-2e-07,9.83e-07,-600000000.0,1033672823.92,12.0
endommage,solidity,-2e-07,9.81e-07,-600000000.0,1035231424.5099999,12.0
endommage,solidity,-2e-07,9.79e-07,-600000000.0,1036783977.85,12.0
endommage,solidity,-2e-07,9.77e-07,-600000000.0,1038330377.57,12.0
endommage,solidity,-2e-07,9.75e-07,-600000000.0,1039870516.38,12.0
endommage,solidity,-2e-07,9.73e-07,-600000000.0,1041404286.08,12.0
endommage,solidity,-2e-07,9.71e-07,-600000000.0,1042931577.59,12.0
endommage,solidity,-2e-07,9.69e-07,-600000000.0,1044452280.9,12.0
endommage,solidity,-2e-07,9.67e-07,-600000000.0,1045966285.07,12.0
endommage,solidity,-2e-07,9.65e-07,-600000000.0,1047473478.25,12.0
endommage,solidity,-2e-07,9.63e-07,-600000000.0,1048973747.64,12.0
endommage,solidity,-2e-07,9.61e-07,-600000000.0,1050466979.5300001,12.0
endommage,solidity,-2e-07,9.59e-07,-600000000.0,1051953059.23,12.0
endommage,solidity,-2e-07,9.57e-07,-600000000.0,1053431871.14,12.0
endommage,solidity,-2e-07,9.55e-07,-600000000.0,1054903298.66,12.0
endommage,solidity,-2e-07,9.53e-07,-600000000.0,1056367224.27,12.0
endommage,solidity,-2e-07,9.51e-07,-600000000.0,1057823529.4500002,12.0
endommage,solidity,-2e-07,9.49e-07,-600000000.0,1059272094.73,12.0
endommage,solidity,-2e-07,9.47e-07,-600000000.0,1060712799.64,12.0
endommage,solidity,-2e-07,9.45e-07,-600000000.0,1062145522.73,12.0
endommage,solidity,-2e-07,9.43e-07,-600000000.0,1063570141.56,12.0
endommage,solidity,-2e-07,9.41e-07,-600000000.0,1064986532.69,12.0
endommage,solidity,-2e-07,9.39e-07,-600000000.0,1066394571.68,12.0
endommage,solidity,-2e-07,9.37e-07,-600000000.0,1067794133.07,12.0
endommage,solidity,-2e-07,9.35e-07,-600000000.0,1069185090.38,12.0
endommage,solidity,-2e-07,9.33e-07,-600000000.0,1070567316.12,12.0
endommage,solidity,-2e-07,9.31e-07,-600000000.0,1071940681.75,12.0
endommage,solidity,-2e-07,9.29e-07,-600000000.0,1073305057.7000002,12.0
endommage,solidity,-2e-07,9.27e-07,-600000000.0,1074660313.37,12.0
endommage,solidity,-2e-07,9.25e-07,-600000000.0,1076006317.1,12.0
endommage,solidity,-2e-07,9.23e-07,-600000000.0,1077342936.15,12.0
endommage,solidity,-2e-07,9.21e-07,-600000000.0,1078670036.76,12.0
endommage,solidity,-2e-07,9.19e-07,-600000000.0,1079987484.08,12.0
endommage,solidity,-2e-07,9.17e-07,-600000000.0,1081295142.16,12.0
endommage,solidity,-2e-07,9.15e-07,-600000000.0,1082592874.01,12.0
endommage,solidity,-2e-07,9.13e-07,-600000000.0,1083880541.52,12.0
endommage,solidity,-2e-07,9.11e-07,-600000000.0,1085158005.48,12.0
endommage,solidity,-2e-07,9.09e-07,-600000000.0,1086425125.61,12.0
endommage,solidity,-2e-07,9.07e-07,-600000000.0,1087681760.48,12.0
endommage,solidity,-2e-07,9.05e-07,-600000000.0,1088927767.57,12.0
endommage,solidity,-2e-07,9.03e-07,-600000000.0,1090163003.22,12.0
endommage,solidity,-2e-07,9.01e-07,-600000000.0,1091387322.64,12.0
endommage,solidity,-2e-07,8.99e-07,-600000000.0,1092600579.92,12.0
endommage,solidity,-2e-07,8.97e-07,-600000000.0,1093802627.97,12.0
endommage,solidity,-2e-07,8.95e-07,-600000000.0,1094993318.59,12.0
endommage,solidity,-2e-07,8.93e-07,-600000000.0,1096172502.39,12.0
endommage,solidity,-2e-07,8.91e-07,-600000000.0,1097340028.82,12.0
endommage,solidity,-2e-07,8.89e-07,-600000000.0,1098495746.16,12.0
endommage,solidity,-2e-07,8.87e-07,-600000000.0,1099639501.51,12.0
endommage,solidity,-2e-07,8.85e-07,-600000000.0,1100771140.77,12.0
endommage,solidity,-2e-07,8.83e-07,-600000000.0,1101890508.66,12.0
endommage,solidity,-2e-07,8.81e-07,-600000000.0,1102997448.7,12.0
endommage,solidity,-2e-07,8.79e-07,-600000000.0,1104091803.18,12.0
endommage,solidity,-2e-07,8.77e-07,-600000000.0,1105173413.19,12.0
endommage,solidity,-2e-07,8.75e-07,-600000000.0,1106242118.57,12.0
endommage,solidity,-2e-07,8.73e-07,-600000000.0,1107297757.97,12.0
endommage,solidity,-2e-07,8.71e-07,-600000000.0,1108340168.77,12.0
endommage,solidity,-2e-07,8.69e-07,-600000000.0,1109369187.09,12.0
endommage,solidity,-2e-07,8.67e-07,-600000000.0,1110384647.83,12.0
endommage,solidity,-2e-07,8.65e-07,-600000000.0,1111386384.6,12.0
endommage,solidity,-2e-07,8.63e-07,-600000000.0,1112374229.76,12.0
endommage,solidity,-2e-07,8.61e-07,-600000000.0,1113348014.36,12.0
endommage,solidity,-2e-07,8.59e-07,-600000000.0,1114307568.21,12.0
endommage,solidity,-2e-07,8.57e-07,-600000000.0,1115252719.78,12.0
endommage,solidity,-2e-07,8.55e-07,-600000000.0,1116183296.27,12.0
endommage,solidity,-2e-07,8.53e-07,-600000000.0,1117099123.55,12.0
endommage,solidity,-2e-07,8.51e-07,-600000000.0,1118000026.19,12.0
endommage,solidity,-2e-07,8.49e-07,-600000000.0,1118885827.42,12.0
endommage,solidity,-2e-07,8.47e-07,-600000000.0,1119756349.14,12.0
endommage,solidity,-2e-07,8.45e-07,-600000000.0,1120611411.91,12.0
endommage,solidity,-2e-07,8.43e-07,-600000000.0,1121450834.95,12.0
endommage,solidity,-2e-07,8.41e-07,-600000000.0,1122274436.11,12.0
endommage,solidity,-2e-07,8.39e-07,-600000000.0,1123082031.87,12.0
endommage,solidity,-2e-07,8.37e-07,-600000000.0,1123873437.34,12.0
endommage,solidity,-2e-07,8.35e-07,-600000000.0,1124648466.25,12.0
endommage,solidity,-2e-07,8.33e-07,-600000000.0,1125406930.95,12.0
endommage,solidity,-2e-07,8.31e-07,-600000000.0,1126148642.36,12.0
endommage,solidity,-2e-07,8.29e-07,-600000000.0,1126873410.03,12.0
endommage,solidity,-2e-07,8.27e-07,-600000000.0,1127581042.06,12.0
endommage,solidity,-2e-07,8.25e-07,-600000000.0,1128271345.15,12.0
endommage,solidity,-2e-07,8.23e-07,-600000000.0,1128944124.55,12.0
endommage,solidity,-2e-07,8.21e-07,-600000000.0,1129599184.08,12.0
endommage,solidity,-2e-07,8.19e-07,-600000000.0,1130236326.11,12.0
endommage,solidity,-2e-07,8.17e-07,-600000000.0,1130855351.53,12.0
endommage,solidity,-2e-07,8.15e-07,-600000000.0,1131456059.78,12.0
endommage,solidity,-2e-07,8.13e-07,-600000000.0,1132038248.83,12.0
endommage,solidity,-2e-07,8.11e-07,-600000000.0,1132601715.15,12.0
endommage,solidity,-2e-07,8.09e-07,-600000000.0,1133146253.72,12.0
endommage,solidity,-2e-07,8.07e-07,-600000000.0,1133671658.02,12.0
endommage,solidity,-2e-07,8.05e-07,-600000000.0,1134177720.02,12.0
endommage,solidity,-2e-07,8.03e-07,-600000000.0,1134664230.15,12.0
endommage,solidity,-2e-07,8.01e-07,-600000000.0,1135130977.34,12.0
endommage,solidity,-2e-07,7.99e-07,-600000000.0,1135577748.95,12.0
endommage,solidity,-2e-07,7.97e-07,-600000000.0,1136004330.81,12.0
endommage,solidity,-2e-07,7.95e-07,-600000000.0,1136410507.2,12.0
endommage,solidity,-2e-07,7.93e-07,-600000000.0,1136796060.81,12.0
endommage,solidity,-2e-07,7.91e-07,-600000000.0,1137160772.76,12.0
endommage,solidity,-2e-07,7.89e-07,-600000000.0,1137504422.6,12.0
endommage,solidity,-2e-07,7.87e-07,-600000000.0,1137826788.28,12.0
endommage,solidity,-2e-07,7.85e-07,-600000000.0,1138127646.12,12.0
endommage,solidity,-2e-07,7.83e-07,-600000000.0,1138406770.86,12.0
endommage,solidity,-2e-07,7.81e-07,-600000000.0,1138663935.61,12.0
endommage,solidity,-2e-07,7.79e-07,-600000000.0,1138898911.82,12.0
endommage,solidity,-2e-07,7.77e-07,-600000000.0,1139111469.33,12.0
endommage,solidity,-2e-07,7.75e-07,-600000000.0,1139301376.31,12.0
endommage,solidity,-2e-07,7.73e-07,-600000000.0,1139468399.27,12.0
endommage,solidity,-2e-07,7.71e-07,-600000000.0,1139612303.06,12.0
endommage,solidity,-2e-07,7.69e-07,-600000000.0,1139732850.84,12.0
endommage,solidity,-2e-07,7.67e-07,-600000000.0,1139829804.07,12.0
endommage,solidity,-2e-07,7.65e-07,-600000000.0,1139902922.52,12.0
endommage,solidity,-2e-07,7.63e-07,-600000000.0,1139951964.24,12.0
endommage,solidity,-2e-07,7.61e-07,-600000000.0,1139976685.56,12.0
endommage,solidity,-2e-07,7.59e-07,-600000000.0,1139977928.97,12.0
endommage,solidity,-2e-07,7.57e-07,-600000000.0,1139962245.27,12.0
endommage,solidity,-2e-07,7.55e-07,-600000000.0,1139930771.82,12.0
endommage,solidity,-2e-07,7.53e-07,-600000000.0,1139883508.62,12.0
endommage,solidity,-2e-07,7.51e-07,-600000000.0,1139820455.66,12.0
endommage,solidity,-2e-07,7.49e-07,-600000000.0,1139741612.95,12.0
endommage,solidity,-2e-07,7.47e-07,-600000000.0,1139646980.49,12.0
endommage,solidity,-2e-07,7.45e-07,-600000000.0,1139536558.27,12.0
endommage,solidity,-2e-07,7.43e-07,-600000000.0,1139410346.31,12.0
endommage,solidity,-2e-07,7.41e-07,-600000000.0,1139268344.59,12.0
endommage,solidity,-2e-07,7.39e-07,-600000000.0,1139110553.11,12.0
endommage,solidity,-2e-07,7.37e-07,-600000000.0,1138936971.89,12.0
endommage,solidity,-2e-07,7.35e-07,-600000000.0,1138747600.91,12.0
endommage,solidity,-2e-07,7.33e-07,-600000000.0,1138542440.18,12.0
endommage,solidity,-2e-07,7.31e-07,-600000000.0,1138321489.69,12.0
endommage,solidity,-2e-07,7.29e-07,-600000000.0,1138084749.45,12.0
endommage,solidity,-2e-07,7.27e-07,-600000000.0,1137832219.46,12.0
endommage,solidity,-2e-07,7.25e-07,-600000000.0,1137563899.72,12.0
endommage,solidity,-2e-07,7.23e-07,-600000000.0,1137279790.23,12.0
endommage,solidity,-2e-07,7.21e-07,-600000000.0,1136979890.98,12.0
endommage,solidity,-2e-07,7.19e-07,-600000000.0,1136664201.98,12.0
endommage,solidity,-2e-07,7.17e-07,-600000000.0,1136332723.22,12.0
endommage,solidity,-2e-07,7.15e-07,-600000000.0,1135985454.72,12.0
endommage,solidity,-2e-07,7.13e-07,-600000000.0,1135622396.46,12.0
endommage,solidity,-2e-07,7.11e-07,-600000000.0,1135243548.44,12.0
endommage,solidity,-2e-07,7.09e-07,-600000000.0,1134848910.68,12.0
endommage,solidity,-2e-07,7.07e-07,-600000000.0,1134438483.16,12.0
endommage,solidity,-2e-07,7.05e-07,-600000000.0,1134012265.89,12.0
endommage,solidity,-2e-07,7.03e-07,-600000000.0,1133570258.87,12.0
endommage,solidity,-2e-07,7.01e-07,-600000000.0,1133112462.09,12.0
endommage,solidity,-2e-07,6.99e-07,-600000000.0,1132638875.56,12.0
endommage,solidity,-2e-07,6.97e-07,-600000000.0,1132149499.28,12.0
endommage,solidity,-2e-07,6.95e-07,-600000000.0,1131644333.25,12.0
endommage,solidity,-2e-07,6.93e-07,-600000000.0,1131123377.46,12.0
endommage,solidity,-2e-07,6.91e-07,-600000000.0,1130586631.92,12.0
endommage,solidity,-2e-07,6.89e-07,-600000000.0,1130034096.63,12.0
endommage,solidity,-2e-07,6.87e-07,-600000000.0,1129465771.58,12.0
endommage,solidity,-2e-07,6.85e-07,-600000000.0,1128881656.78,12.0
endommage,solidity,-2e-07,6.83e-07,-600000000.0,1128281752.23,12.0
endommage,solidity,-2e-07,6.81e-07,-600000000.0,1127666057.93,12.0
endommage,solidity,-2e-07,6.79e-07,-600000000.0,1127034573.87,12.0
endommage,solidity,-2e-07,6.77e-07,-600000000.0,1126387300.06,12.0
endommage,solidity,-2e-07,6.75e-07,-600000000.0,1125724236.5,12.0
endommage,solidity,-2e-07,6.73e-07,-600000000.0,1125045383.19,12.0
endommage,solidity,-2e-07,6.71e-07,-600000000.0,1124350740.12,12.0
endommage,solidity,-2e-07,6.69e-07,-600000000.0,1123640307.3,12.0
endommage,solidity,-2e-07,6.67e-07,-600000000.0,1122914084.72,12.0
endommage,solidity,-2e-07,6.65e-07,-600000000.0,1122172072.4,12.0
endommage,solidity,-2e-07,6.63e-07,-600000000.0,1121414270.32,12.0
endommage,solidity,-2e-07,6.61e-07,-600000000.0,1120640678.49,12.0
endommage,solidity,-2e-07,6.59e-07,-600000000.0,1119851296.9,12.0
endommage,solidity,-2e-07,6.57e-07,-600000000.0,1119046125.57,12.0
endommage,solidity,-2e-07,6.55e-07,-600000000.0,1118225164.48,12.0
endommage,solidity,-2e-07,6.53e-07,-600000000.0,1117388413.63,12.0
endommage,solidity,-2e-07,6.51e-07,-600000000.0,1116535873.04,12.0
endommage,solidity,-2e-07,6.49e-07,-600000000.0,1115667542.69,12.0
endommage,solidity,-2e-07,6.47e-07,-600000000.0,1114783422.59,12.0
endommage,solidity,-2e-07,6.45e-07,-600000000.0,1113883512.74,12.0
endommage,solidity,-2e-07,6.43e-07,-600000000.0,1112967813.13,12.0
endommage,solidity,-2e-07,6.41e-07,-600000000.0,1112036323.77,12.0
endommage,solidity,-2e-07,6.39e-07,-600000000.0,1111089044.66,12.0
endommage,solidity,-2e-07,6.37e-07,-600000000.0,1110125975.79,12.0
endommage,solidity,-2e-07,6.35e-07,-600000000.0,1109147117.17,12.0
endommage,solidity,-2e-07,6.33e-07,-600000000.0,1108152468.8,12.0
endommage,solidity,-2e-07,6.31e-07,-600000000.0,1107142030.68,12.0
endommage,solidity,-2e-07,6.29e-07,-600000000.0,1106115802.81,12.0
endommage,solidity,-2e-07,6.27e-07,-600000000.0,1105073785.18,12.0
endommage,solidity,-2e-07,6.25e-07,-600000000.0,1104015977.8,12.0
endommage,solidity,-2e-07,6.23e-07,-600000000.0,1102942380.66,12.0
endommage,solidity,-2e-07,6.21e-07,-600000000.0,1101852993.77,12.0
endommage,solidity,-2e-07,6.19e-07,-600000000.0,1100747817.13,12.0
endommage,solidity,-2e-07,6.17e-07,-600000000.0,1099626850.74,12.0
endommage,solidity,-2e-07,6.15e-07,-600000000.0,1098490094.6,12.0
endommage,solidity,-2e-07,6.13e-07,-600000000.0,1097337548.7,12.0
endommage,solidity,-2e-07,6.11e-07,-600000000.0,1096169213.05,12.0
endommage,solidity,-2e-07,6.09e-07,-600000000.0,1094985087.64,12.0
endommage,solidity,-2e-07,6.07e-07,-600000000.0,1093785172.49,12.0
endommage,solidity,-2e-07,6.05e-07,-600000000.0,1092569467.58,12.0
endommage,solidity,-2e-07,6.03e-07,-600000000.0,1091337972.92,12.0
endommage,solidity,-2e-07,6.01e-07,-600000000.0,1090090688.5,12.0
endommage,solidity,-2e-07,5.99e-07,-600000000.0,1088827614.33,12.0
endommage,solidity,-2e-07,5.97e-07,-600000000.0,1087548750.41,12.0
endommage,solidity,-2e-07,5.95e-07,-600000000.0,1086254096.74,12.0
endommage,solidity,-2e-07,5.93e-07,-600000000.0,1084943653.31,12.0
endommage,solidity,-2e-07,5.91e-07,-600000000.0,1083617420.14,12.0
endommage,solidity,-2e-07,5.89e-07,-600000000.0,1082275397.2,12.0
endommage,solidity,-2e-07,5.87e-07,-600000000.0,1080917584.52,12.0
endommage,solidity,-2e-07,5.85e-07,-600000000.0,1079543982.08,12.0
endommage,solidity,-2e-07,5.83e-07,-600000000.0,1078154589.89,12.0
endommage,solidity,-2e-07,5.81e-07,-600000000.0,1076749407.95,12.0
endommage,solidity,-2e-07,5.79e-07,-600000000.0,1075328436.25,12.0
endommage,solidity,-2e-07,5.77e-07,-600000000.0,1073891674.81,12.0
endommage,solidity,-2e-07,5.75e-07,-600000000.0,1072439123.61,12.0
endommage,solidity,-2e-07,5.73e-07,-600000000.0,1070970782.65,12.0
endommage,solidity,-2e-07,5.71e-07,-600000000.0,1069486651.9500002,12.0
endommage,solidity,-2e-07,5.69e-07,-600000000.0,1067986731.4900001,12.0
endommage,solidity,-2e-07,5.67e-07,-600000000.0,1066471021.27,12.0
endommage,solidity,-2e-07,5.65e-07,-600000000.0,1064939521.31,12.0
endommage,solidity,-2e-07,5.63e-07,-600000000.0,1063392231.59,12.0
endommage,solidity,-2e-07,5.61e-07,-600000000.0,1061829152.12,12.0
endommage,solidity,-2e-07,5.59e-07,-600000000.0,1060250282.9,12.0
endommage,solidity,-2e-07,5.57e-07,-600000000.0,1058655623.92,12.0
endommage,solidity,-2e-07,5.55e-07,-600000000.0,1057045175.19,12.0
endommage,solidity,-2e-07,5.53e-07,-600000000.0,1055418936.71,12.0
endommage,solidity,-2e-07,5.51e-07,-600000000.0,1053776908.48,12.0
endommage,solidity,-2e-07,5.49e-07,-600000000.0,1052119090.4900001,12.0
endommage,solidity,-2e-07,5.47e-07,-600000000.0,1050445482.75,12.0
endommage,solidity,-2e-07,5.45e-07,-600000000.0,1048756085.2599999,12.0
endommage,solidity,-2e-07,5.43e-07,-600000000.0,1047050898.0099999,12.0
endommage,solidity,-2e-07,5.41e-07,-600000000.0,1045329921.02,12.0
endommage,solidity,-2e-07,5.39e-07,-600000000.0,1043593154.27,12.0
endommage,solidity,-2e-07,5.37e-07,-600000000.0,1041840597.7599999,12.0
endommage,solidity,-2e-07,5.35e-07,-600000000.0,1040072251.5099999,12.0
endommage,solidity,-2e-07,5.33e-07,-600000000.0,1038288115.5,12.0
endommage,solidity,-2e-07,5.31e-07,-600000000.0,1036488189.73,12.0
endommage,solidity,-2e-07,5.29e-07,-600000000.0,1034672474.2199999,12.0
endommage,solidity,-2e-07,5.27e-07,-600000000.0,1032840968.9500002,12.0
endommage,solidity,-2e-07,5.25e-07,-600000000.0,1030993673.93,12.0
endommage,solidity,-2e-07,5.23e-07,-600000000.0,1029130589.16,12.0
endommage,solidity,-2e-07,5.21e-07,-600000000.0,1027251714.63,12.0
endommage,solidity,-2e-07,5.19e-07,-600000000.0,1025357050.35,12.0
endommage,solidity,-2e-07,5.17e-07,-600000000.0,1023446596.32,12.0
endommage,solidity,-2e-07,5.15e-07,-600000000.0,1021520352.54,12.0
endommage,solidity,-2e-07,5.13e-07,-600000000.0,1019578319.0,12.0
endommage,solidity,-2e-07,5.11e-07,-600000000.0,1017620495.71,12.0
endommage,solidity,-2e-07,5.09e-07,-600000000.0,1015646882.67,12.0
endommage,solidity,-2e-07,5.07e-07,-600000000.0,1013657479.88,12.0
endommage,solidity,-2e-07,5.05e-07,-600000000.0,1011652287.33,12.0
endommage,solidity,-2e-07,5.03e-07,-600000000.0,1009631305.0300001,12.0
endommage,solidity,-2e-07,5.01e-07,-600000000.0,1007594532.9699999,12.0
endommage,solidity,-2e-07,4.99e-07,-600000000.0,1005541971.17,12.0
endommage,solidity,-2e-07,4.97e-07,-600000000.0,1003473619.61,12.0
endommage,solidity,-2e-07,4.95e-07,-600000000.0,1001389478.2999998,12.0
endommage,solidity,-2e-07,4.93e-07,-600000000.0,999289547.231,12.0
endommage,solidity,-2e-07,4.91e-07,-600000000.0,997173826.414,12.0
endommage,solidity,-2e-07,4.89e-07,-600000000.0,995042315.843,12.0
endommage,solidity,-2e-07,4.87e-07,-600000000.0,992895015.52,12.0
endommage,solidity,-2e-07,4.85e-07,-600000000.0,990731925.445,12.0
endommage,solidity,-2e-07,4.83e-07,-600000000.0,988553045.616,12.0
endommage,solidity,-2e-07,4.81e-07,-600000000.0,986358376.035,12.0
endommage,solidity,-2e-07,4.79e-07,-600000000.0,984147916.7009999,12.0
endommage,solidity,-2e-07,4.77e-07,-600000000.0,981921667.614,12.0
endommage,solidity,-2e-07,4.75e-07,-600000000.0,979679628.774,12.0
endommage,solidity,-2e-07,4.73e-07,-600000000.0,977421800.182,12.0
endommage,solidity,-2e-07,4.71e-07,-600000000.0,975148181.837,12.0
endommage,solidity,-2e-07,4.69e-07,-600000000.0,972858773.739,12.0
endommage,solidity,-2e-07,4.67e-07,-600000000.0,970553575.888,12.0
endommage,solidity,-2e-07,4.65e-07,-600000000.0,968232588.285,12.0
endommage,solidity,-2e-07,4.63e-07,-600000000.0,965895810.929,12.0
endommage,solidity,-2e-07,4.61e-07,-600000000.0,963543243.82,12.0
endommage,solidity,-2e-07,4.59e-07,-600000000.0,961174886.9579998,12.0
endommage,solidity,-2e-07,4.57e-07,-600000000.0,958790740.343,12.0
endommage,solidity,-2e-07,4.55e-07,-600000000.0,956390803.976,12.0
endommage,solidity,-2e-07,4.53e-07,-600000000.0,953975077.856,12.0
endommage,solidity,-2e-07,4.51e-07,-600000000.0,951543561.9830002,12.0
endommage,solidity,-2e-07,4.49e-07,-600000000.0,949096256.357,12.0
endommage,solidity,-2e-07,4.47e-07,-600000000.0,946633160.979,12.0
endommage,solidity,-2e-07,4.45e-07,-600000000.0,944154275.847,12.0
endommage,solidity,-2e-07,4.43e-07,-600000000.0,941659600.9629999,12.0
endommage,solidity,-2e-07,4.41e-07,-600000000.0,939149136.327,12.0
endommage,solidity,-2e-07,4.39e-07,-600000000.0,936622881.9369999,12.0
endommage,solidity,-2e-07,4.37e-07,-600000000.0,934080837.795,12.0
endommage,solidity,-2e-07,4.35e-07,-600000000.0,931523003.9,12.0
endommage,solidity,-2e-07,4.33e-07,-600000000.0,928949380.252,12.0
endommage,solidity,-2e-07,4.31e-07,-600000000.0,926359966.851,12.0
endommage,solidity,-2e-07,4.29e-07,-600000000.0,923754763.698,12.0
endommage,solidity,-2e-07,4.27e-07,-600000000.0,921133770.791,12.0
endommage,solidity,-2e-07,4.25e-07,-600000000.0,918496988.1323333,12.0
endommage,solidity,-2e-07,4.23e-07,-600000000.0,915844415.7210001,12.0
endommage,solidity,-2e-07,4.21e-07,-600000000.0,913176053.5560001,12.0
endommage,solidity,-2e-07,4.19e-07,-600000000.0,910491901.639,12.0
endommage,solidity,-2e-07,4.17e-07,-600000000.0,907791959.969,12.0
endommage,solidity,-2e-07,4.15e-07,-600000000.0,905076228.546,12.0
endommage,solidity,-2e-07,4.13e-07,-600000000.0,902344707.37,12.0
endommage,solidity,-2e-07,4.11e-07,-600000000.0,899597396.442,12.0
endommage,solidity,-2e-07,4.09e-07,-600000000.0,896834295.761,12.0
endommage,solidity,-2e-07,4.07e-07,-600000000.0,894055405.327,12.0
endommage,solidity,-2e-07,4.05e-07,-600000000.0,891260725.14,12.0
endommage,solidity,-2e-07,4.03e-07,-600000000.0,888450255.2009999,12.0
endommage,solidity,-2e-07,4.01e-07,-600000000.0,885623995.508,12.0
endommage,solidity,-2e-07,3.99e-07,-600000000.0,882781946.0630001,12.0
endommage,solidity,-2e-07,3.97e-07,-600000000.0,879924106.8650001,12.0
endommage,solidity,-2e-07,3.95e-07,-600000000.0,877050477.915,12.0
endommage,solidity,-2e-07,3.93e-07,-600000000.0,874161059.211,12.0
endommage,solidity,-2e-07,3.91e-07,-600000000.0,871255850.755,12.0
endommage,solidity,-2e-07,3.89e-07,-600000000.0,868334852.546,12.0
endommage,solidity,-2e-07,3.87e-07,-600000000.0,865398064.585,12.0
endommage,solidity,-2e-07,3.85e-07,-600000000.0,862445486.87,12.0
endommage,solidity,-2e-07,3.83e-07,-600000000.0,859477119.403,12.0
endommage,solidity,-2e-07,3.81e-07,-600000000.0,856492962.183,12.0
endommage,solidity,-2e-07,3.79e-07,-600000000.0,853493015.21,12.0
endommage,solidity,-2e-07,3.77e-07,-600000000.0,850477278.485,12.0
endommage,solidity,-2e-07,3.75e-07,-600000000.0,847445752.006,12.0
endommage,solidity,-2e-07,3.73e-07,-600000000.0,844398435.775,12.0
endommage,solidity,-2e-07,3.71e-07,-600000000.0,841335329.791,12.0
endommage,solidity,-2e-07,3.69e-07,-600000000.0,838256434.055,12.0
endommage,solidity,-2e-07,3.67e-07,-600000000.0,835161748.565,12.0
endommage,solidity,-2e-07,3.65e-07,-600000000.0,832051273.323,12.0
endommage,solidity,-2e-07,3.63e-07,-600000000.0,828925008.328,12.0
endommage,solidity,-2e-07,3.61e-07,-600000000.0,825782953.58,12.0
endommage,solidity,-2e-07,3.59e-07,-600000000.0,822625109.08,12.0
endommage,solidity,-2e-07,3.57e-07,-600000000.0,819451474.8259999,12.0
endommage,solidity,-2e-07,3.55e-07,-600000000.0,816262050.82,12.0
endommage,solidity,-2e-07,3.53e-07,-600000000.0,813056837.061,12.0
endommage,solidity,-2e-07,3.51e-07,-600000000.0,809835833.5499998,12.0
endommage,solidity,-2e-07,3.49e-07,-600000000.0,806599040.285,12.0
endommage,solidity,-2e-07,3.47e-07,-600000000.0,803346457.268,12.0
endommage,solidity,-2e-07,3.45e-07,-600000000.0,800078084.498,12.0
endommage,solidity,-2e-07,3.43e-07,-600000000.0,796793921.975,12.0
endommage,solidity,-2e-07,3.41e-07,-600000000.0,793493969.7000002,12.0
endommage,solidity,-2e-07,3.39e-07,-600000000.0,790178227.672,12.0
endommage,solidity,-2e-07,3.37e-07,-600000000.0,786846695.89,12.0
endommage,solidity,-2e-07,3.35e-07,-600000000.0,783499374.357,12.0
endommage,solidity,-2e-07,3.33e-07,-600000000.0,780136263.07,12.0
endommage,solidity,-2e-07,3.31e-07,-600000000.0,776757362.031,12.0
endommage,solidity,-2e-07,3.29e-07,-600000000.0,773362671.2386667,12.0
endommage,solidity,-2e-07,3.27e-07,-600000000.0,769952190.6939999,12.0
endommage,solidity,-2e-07,3.25e-07,-600000000.0,766525920.396,12.0
endommage,solidity,-2e-07,3.23e-07,-600000000.0,763083860.3449999,12.0
endommage,solidity,-2e-07,3.21e-07,-600000000.0,759626010.5420002,12.0
endommage,solidity,-2e-07,3.19e-07,-600000000.0,756152370.986,12.0
endommage,solidity,-2e-07,3.17e-07,-600000000.0,752662941.677,12.0
endommage,solidity,-2e-07,3.15e-07,-600000000.0,749157722.616,12.0
endommage,solidity,-2e-07,3.13e-07,-600000000.0,745636713.801,12.0
endommage,solidity,-2e-07,3.11e-07,-600000000.0,742099915.2339998,12.0
endommage,solidity,-2e-07,3.09e-07,-600000000.0,738547326.914,12.0
endommage,solidity,-2e-07,3.07e-07,-600000000.0,734978948.841,12.0
endommage,solidity,-2e-07,3.05e-07,-600000000.0,731394781.0160002,12.0
endommage,solidity,-2e-07,3.03e-07,-600000000.0,727794823.4380001,12.0
endommage,solidity,-2e-07,3.01e-07,-600000000.0,724179076.107,12.0
endommage,solidity,-2e-07,2.99e-07,-600000000.0,720547539.0230001,12.0
endommage,solidity,-2e-07,2.97e-07,-600000000.0,716900212.186,12.0
endommage,solidity,-2e-07,2.95e-07,-600000000.0,713237095.597,12.0
endommage,solidity,-2e-07,2.93e-07,-600000000.0,709558189.255,12.0
endommage,solidity,-2e-07,2.91e-07,-600000000.0,705863493.16,12.0
endommage,solidity,-2e-07,2.89e-07,-600000000.0,702153007.3126667,12.0
endommage,solidity,-2e-07,2.87e-07,-600000000.0,698426731.712,12.0
endommage,solidity,-2e-07,2.85e-07,-600000000.0,694684666.359,12.0
endommage,solidity,-2e-07,2.83e-07,-600000000.0,690926811.253,12.0
endommage,solidity,-2e-07,2.81e-07,-600000000.0,687153166.394,12.0
endommage,solidity,-2e-07,2.79e-07,-600000000.0,683363731.782,12.0
endommage,solidity,-2e-07,2.77e-07,-600000000.0,679558507.418,12.0
endommage,solidity,-2e-07,2.75e-07,-600000000.0,675737493.301,12.0
endommage,solidity,-2e-07,2.73e-07,-600000000.0,671900689.431,12.0
endommage,solidity,-2e-07,2.71e-07,-600000000.0,668048095.809,12.0
endommage,solidity,-2e-07,2.69e-07,-600000000.0,664179712.433,12.0
endommage,solidity,-2e-07,2.67e-07,-600000000.0,660295539.305,12.0
endommage,solidity,-2e-07,2.65e-07,-600000000.0,656395576.424,12.0
endommage,solidity,-2e-07,2.63e-07,-600000000.0,652479823.79,12.0
endommage,solidity,-2e-07,2.61e-07,-600000000.0,648548281.404,12.0
endommage,solidity,-2e-07,2.59e-07,-600000000.0,644600949.265,12.0
endommage,solidity,-2e-07,2.57e-07,-600000000.0,640637827.373,12.0
endommage,solidity,-2e-07,2.55e-07,-600000000.0,636658915.728,12.0
endommage,solidity,-2e-07,2.53e-07,-600000000.0,632664214.33,12.0
endommage,solidity,-2e-07,2.51e-07,-600000000.0,628653723.18,12.0
endommage,solidity,-2e-07,2.49e-07,-600000000.0,624627442.2763333,12.0
endommage,solidity,-2e-07,2.47e-07,-600000000.0,620585371.621,12.0
endommage,solidity,-2e-07,2.45e-07,-600000000.0,616527511.212,12.0
endommage,solidity,-2e-07,2.43e-07,-600000000.0,612453861.05,12.0
endommage,solidity,-2e-07,2.41e-07,-600000000.0,608364421.136,12.0
endommage,solidity,-2e-07,2.39e-07,-600000000.0,604259191.469,12.0
endommage,solidity,-2e-07,2.37e-07,-600000000.0,600138172.049,12.0
endommage,solidity,-2e-07,2.35e-07,-600000000.0,596001362.877,12.0
endommage,solidity,-2e-07,2.33e-07,-600000000.0,591848763.9513333,12.0
endommage,solidity,-2e-07,2.31e-07,-600000000.0,587680375.273,12.0
endommage,solidity,-2e-07,2.29e-07,-600000000.0,583496196.842,12.0
endommage,solidity,-2e-07,2.27e-07,-600000000.0,579296228.659,12.0
endommage,solidity,-2e-07,2.25e-07,-600000000.0,575080470.722,12.0
endommage,solidity,-2e-07,2.23e-07,-600000000.0,570848923.033,12.0
endommage,solidity,-2e-07,2.21e-07,-600000000.0,566601585.591,12.0
endommage,solidity,-2e-07,2.19e-07,-600000000.0,562338458.396,12.0
endommage,solidity,-2e-07,2.17e-07,-600000000.0,558059541.449,12.0
endommage,solidity,-2e-07,2.15e-07,-600000000.0,553764834.748,12.0
endommage,solidity,-2e-07,2.13e-07,-600000000.0,549454338.295,12.0
endommage,solidity,-2e-07,2.11e-07,-600000000.0,545128052.089,12.0
endommage,solidity,-2e-07,2.09e-07,-600000000.0,540785976.131,12.0
endommage,solidity,-2e-07,2.07e-07,-600000000.0,536428110.41899997,12.0
endommage,solidity,-2e-07,2.05e-07,-600000000.0,532054454.955,12.0
endommage,solidity,-2e-07,2.03e-07,-600000000.0,527665009.738,12.0
endommage,solidity,-2e-07,2.01e-07,-600000000.0,523259774.76799995,12.0
endommage,solidity,-2e-07,1.99e-07,-600000000.0,518838750.046,12.0
endommage,solidity,-2e-07,1.97e-07,-600000000.0,514401935.5706666,12.0
endommage,solidity,-2e-07,1.95e-07,-600000000.0,509949331.3423333,12.0
endommage,solidity,-2e-07,1.93e-07,-600000000.0,505480937.362,12.0
endommage,solidity,-2e-07,1.91e-07,-600000000.0,500996753.628,12.0
endommage,solidity,-2e-07,1.89e-07,-600000000.0,496496780.142,12.0
endommage,solidity,-2e-07,1.87e-07,-600000000.0,491981016.902,12.0
endommage,solidity,-2e-07,1.85e-07,-600000000.0,487449463.91,12.0
endommage,solidity,-2e-07,1.83e-07,-600000000.0,482902121.16600007,12.0
endommage,solidity,-2e-07,1.81e-07,-600000000.0,478338988.668,12.0
endommage,solidity,-2e-07,1.79e-07,-600000000.0,473760066.418,12.0
endommage,solidity,-2e-07,1.77e-07,-600000000.0,469165354.415,12.0
endommage,solidity,-2e-07,1.75e-07,-600000000.0,464554852.659,12.0
endommage,solidity,-2e-07,1.73e-07,-600000000.0,459928561.151,12.0
endommage,solidity,-2e-07,1.71e-07,-600000000.0,455286479.889,12.0
endommage,solidity,-2e-07,1.69e-07,-600000000.0,450628608.875,12.0
endommage,solidity,-2e-07,1.67e-07,-600000000.0,445954948.108,12.0
endommage,solidity,-2e-07,1.65e-07,-600000000.0,441265497.5886667,12.0
endommage,solidity,-2e-07,1.63e-07,-600000000.0,436560257.316,12.0
endommage,solidity,-2e-07,1.61e-07,-600000000.0,431839227.29100007,12.0
endommage,solidity,-2e-07,1.59e-07,-600000000.0,427102407.513,12.0
endommage,solidity,-2e-07,1.57e-07,-600000000.0,422349797.98200005,12.0
endommage,solidity,-2e-07,1.55e-07,-600000000.0,417581398.698,12.0
endommage,solidity,-2e-07,1.53e-07,-600000000.0,412797209.662,12.0
endommage,solidity,-2e-07,1.51e-07,-600000000.0,407997230.87299997,12.0
endommage,solidity,-2e-07,1.49e-07,-600000000.0,403181462.33100003,12.0
endommage,solidity,-2e-07,1.47e-07,-600000000.0,398349904.036,12.0
endommage,solidity,-2e-07,1.45e-07,-600000000.0,393502555.989,12.0
endommage,solidity,-2e-07,1.43e-07,-600000000.0,388639418.18899995,12.0
endommage,solidity,-2e-07,1.41e-07,-600000000.0,383760490.636,12.0
endommage,solidity,-2e-07,1.39e-07,-600000000.0,378865773.33,12.0
endommage,solidity,-2e-07,1.37e-07,-600000000.0,373955266.2710001,12.0
endommage,solidity,-2e-07,1.35e-07,-600000000.0,369028969.46,12.0
endommage,solidity,-2e-07,1.33e-07,-600000000.0,364086882.8960001,12.0
endommage,solidity,-2e-07,1.31e-07,-600000000.0,359129006.579,12.0
endommage,solidity,-2e-07,1.29e-07,-600000000.0,354155340.509,12.0
endommage,solidity,-2e-07,1.27e-07,-600000000.0,349165884.687,12.0
endommage,solidity,-2e-07,1.25e-07,-600000000.0,344160639.112,12.0
endommage,solidity,-2e-07,1.23e-07,-600000000.0,339139603.784,12.0
endommage,solidity,-2e-07,1.21e-07,-600000000.0,334102778.703,12.0
endommage,solidity,-2e-07,1.19e-07,-600000000.0,329050163.87,12.0
endommage,solidity,-2e-07,1.17e-07,-600000000.0,323981759.283,12.0
endommage,solidity,-2e-07,1.15e-07,-600000000.0,318897564.944,12.0
endommage,solidity,-2e-07,1.13e-07,-600000000.0,313797580.852,12.0
endommage,solidity,-2e-07,1.11e-07,-600000000.0,308681807.008,12.0
endommage,solidity,-2e-07,1.09e-07,-600000000.0,303550243.4103334,12.0
endommage,solidity,-2e-07,1.07e-07,-600000000.0,298402890.06,12.0
endommage,solidity,-2e-07,1.05e-07,-600000000.0,293239746.957,12.0
endommage,solidity,-2e-07,1.03e-07,-600000000.0,288060814.102,12.0
endommage,solidity,-2e-07,1.01e-07,-600000000.0,282866091.493,12.0
endommage,solidity,-2e-07,9.9e-08,-600000000.0,277655579.132,12.0
endommage,solidity,-2e-07,9.7e-08,-600000000.0,272429277.018,12.0
endommage,solidity,-2e-07,9.5e-08,-600000000.0,267187185.151,12.0
endommage,solidity,-2e-07,9.3e-08,-600000000.0,261929303.531,12.0
endommage,solidity,-2e-07,9.1e-08,-600000000.0,256655632.159,12.0
endommage,solidity,-2e-07,8.9e-08,-600000000.0,251366171.034,12.0
endommage,solidity,-2e-07,8.7e-08,-600000000.0,246060920.156,12.0
endommage,solidity,-2e-07,8.5e-08,-600000000.0,240739879.525,12.0
endommage,solidity,-2e-07,8.29999999999e-08,-600000000.0,235403049.142,12.0
endommage,solidity,-2e-07,8.1e-08,-600000000.0,230050429.006,12.0
endommage,solidity,-2e-07,7.9e-08,-600000000.0,224682019.117,12.0
endommage,solidity,-2e-07,7.7e-08,-600000000.0,219297819.475,12.0
endommage,solidity,-2e-07,7.5e-08,-600000000.0,213897830.08,12.0
endommage,solidity,-2e-07,7.3e-08,-600000000.0,208482050.933,12.0
endommage,solidity,-2e-07,7.1e-08,-600000000.0,203050482.033,12.0
endommage,solidity,-2e-07,6.89999999999e-08,-600000000.0,197603123.38,12.0
endommage,solidity,-2e-07,6.7e-08,-600000000.0,192139974.974,12.0
endommage,solidity,-2e-07,6.5e-08,-600000000.0,186661036.816,12.0
endommage,solidity,-2e-07,6.3e-08,-600000000.0,181166308.905,12.0
endommage,solidity,-2e-07,6.1e-08,-600000000.0,175655791.241,12.0
endommage,solidity,-2e-07,5.9e-08,-600000000.0,170129483.824,12.0
endommage,solidity,-2e-07,5.7e-08,-600000000.0,164587386.654,12.0
endommage,solidity,-2e-07,5.50000000001e-08,-600000000.0,159029499.732,12.0
endommage,solidity,-2e-07,5.3e-08,-600000000.0,153455823.057,12.0
endommage,solidity,-2e-07,5.1e-08,-600000000.0,147866356.629,12.0
endommage,solidity,-2e-07,4.9e-08,-600000000.0,142261100.44833335,12.0
endommage,solidity,-2e-07,4.7e-08,-600000000.0,136640054.515,12.0
endommage,solidity,-2e-07,4.5e-08,-600000000.0,131003218.829,12.0
endommage,solidity,-2e-07,4.3e-08,-600000000.0,125350593.39,12.0
endommage,solidity,-2e-07,4.10000000001e-08,-600000000.0,119682178.198,12.0
endommage,solidity,-2e-07,3.9e-08,-600000000.0,113997973.254,12.0
endommage,solidity,-2e-07,3.7e-08,-600000000.0,108297978.55633332,12.0
endommage,solidity,-2e-07,3.5e-08,-600000000.0,102582194.106,12.0
endommage,solidity,-2e-07,3.3e-08,-600000000.0,96850619.9035,12.0
endommage,solidity,-2e-07,3.1e-08,-600000000.0,91103255.94786666,12.0
endommage,solidity,-2e-07,2.9e-08,-600000000.0,85340102.2395,12.0
endommage,solidity,-2e-07,2.7e-08,-600000000.0,79561158.77846667,12.0
endommage,solidity,-2e-07,2.5e-08,-600000000.0,73766425.56450002,12.0
endommage,solidity,-2e-07,2.3e-08,-600000000.0,67955902.59783334,12.0
endommage,solidity,-2e-07,2.1e-08,-600000000.0,62129589.8783,12.0
endommage,solidity,-2e-07,1.9e-08,-600000000.0,56287487.405999996,12.0
endommage,solidity,-2e-07,1.7e-08,-600000000.0,50429595.181,12.0
endommage,solidity,-2e-07,1.5e-08,-600000000.0,44555913.20313334,12.0
endommage,solidity,-2e-07,1.3e-08,-600000000.0,38666441.47273333,12.0
endommage,solidity,-2e-07,1.1e-08,-600000000.0,32761179.989299998,12.0
endommage,solidity,-2e-07,9.00000000002e-09,-600000000.0,26840128.753233332,12.0
endommage,solidity,-2e-07,7e-09,-600000000.0,20903287.7643,12.0
endommage,solidity,-2e-07,4.99999999999e-09,-600000000.0,14950657.0225,12.0
endommage,solidity,-2e-07,2.99999999997e-09,-600000000.0,8982236.528116666,12.0
endommage,solidity,-2e-07,9.99999999954e-10,-600000000.0,2998026.280826667,12.0
endommage,solidity,-1.99e-07,0.0,-597000000.0,0.0,13.0
endommage,solidity,-1.97e-07,0.0,-591000000.0,0.0,13.0
endommage,solidity,-1.95e-07,0.0,-585000000.0,0.0,13.0
endommage,solidity,-1.93e-07,0.0,-579000000.0,0.0,13.0
endommage,solidity,-1.91e-07,0.0,-573000000.0,0.0,13.0
endommage,solidity,-1.89e-07,0.0,-567000000.0,0.0,13.0
endommage,solidity,-1.87e-07,0.0,-561000000.0,0.0,13.0
endommage,solidity,-1.85e-07,0.0,-555000000.0,0.0,13.0
endommage,solidity,-1.83e-07,0.0,-549000000.0,0.0,13.0
endommage,solidity,-1.81e-07,0.0,-543000000.0,0.0,13.0
endommage,solidity,-1.79e-07,0.0,-537000000.0,0.0,13.0
endommage,solidity,-1.77e-07,0.0,-531000000.0,0.0,13.0
endommage,solidity,-1.75e-07,0.0,-525000000.0,0.0,13.0
endommage,solidity,-1.73e-07,0.0,-519000000.0,0.0,13.0
endommage,solidity,-1.71e-07,0.0,-513000000.0,0.0,13.0
endommage,solidity,-1.69e-07,0.0,-507000000.0,0.0,13.0
endommage,solidity,-1.67e-07,0.0,-501000000.0,0.0,13.0
endommage,solidity,-1.65e-07,0.0,-495000000.0,0.0,13.0
endommage,solidity,-1.63e-07,0.0,-489000000.0,0.0,13.0
endommage,solidity,-1.61e-07,0.0,-483000000.0,0.0,13.0
endommage,solidity,-1.59e-07,0.0,-477000000.0,0.0,13.0
endommage,solidity,-1.57e-07,0.0,-471000000.0,0.0,13.0
endommage,solidity,-1.55e-07,0.0,-465000000.0,0.0,13.0
endommage,solidity,-1.53e-07,0.0,-459000000.0,0.0,13.0
endommage,solidity,-1.51e-07,0.0,-453000000.0,0.0,13.0
endommage,solidity,-1.49e-07,0.0,-447000000.0,0.0,13.0
endommage,solidity,-1.47e-07,0.0,-441000000.0,0.0,13.0
endommage,solidity,-1.45e-07,0.0,-435000000.0,0.0,13.0
endommage,solidity,-1.43e-07,0.0,-429000000.0,0.0,13.0
endommage,solidity,-1.41e-07,0.0,-423000000.0,0.0,13.0
endommage,solidity,-1.39e-07,0.0,-417000000.0,0.0,13.0
endommage,solidity,-1.37e-07,0.0,-411000000.0,0.0,13.0
endommage,solidity,-1.35e-07,0.0,-405000000.0,0.0,13.0
endommage,solidity,-1.33e-07,0.0,-399000000.0,0.0,13.0
endommage,solidity,-1.31e-07,0.0,-393000000.0,0.0,13.0
endommage,solidity,-1.29e-07,0.0,-387000000.0,0.0,13.0
endommage,solidity,-1.27e-07,0.0,-381000000.0,0.0,13.0
endommage,solidity,-1.25e-07,0.0,-375000000.0,0.0,13.0
endommage,solidity,-1.23e-07,0.0,-369000000.0,0.0,13.0
endommage,solidity,-1.21e-07,0.0,-363000000.0,0.0,13.0
endommage,solidity,-1.19e-07,0.0,-357000000.0,0.0,13.0
endommage,solidity,-1.17e-07,0.0,-351000000.0,0.0,13.0
endommage,solidity,-1.15e-07,0.0,-345000000.0,0.0,13.0
endommage,solidity,-1.13e-07,0.0,-339000000.0,0.0,13.0
endommage,solidity,-1.11e-07,0.0,-333000000.0,0.0,13.0
endommage,solidity,-1.09e-07,0.0,-327000000.0,0.0,13.0
endommage,solidity,-1.07e-07,0.0,-321000000.0,0.0,13.0
endommage,solidity,-1.05e-07,0.0,-315000000.0,0.0,13.0
endommage,solidity,-1.03e-07,0.0,-309000000.0,0.0,13.0
endommage,solidity,-1.01e-07,0.0,-303000000.0,0.0,13.0
endommage,solidity,-9.9e-08,0.0,-297000000.0,0.0,13.0
endommage,solidity,-9.7e-08,0.0,-291000000.0,0.0,13.0
endommage,solidity,-9.5e-08,0.0,-285000000.0,0.0,13.0
endommage,solidity,-9.29999999999e-08,0.0,-279000000.0,0.0,13.0
endommage,solidity,-9.1e-08,0.0,-273000000.0,0.0,13.0
endommage,solidity,-8.9e-08,0.0,-267000000.0,0.0,13.0
endommage,solidity,-8.7e-08,0.0,-261000000.0,0.0,13.0
endommage,solidity,-8.5e-08,0.0,-255000000.0,0.0,13.0
endommage,solidity,-8.3e-08,0.0,-249000000.0,0.0,13.0
endommage,solidity,-8.1e-08,0.0,-243000000.0,0.0,13.0
endommage,solidity,-7.90000000001e-08,0.0,-237000000.0,0.0,13.0
endommage,solidity,-7.7e-08,0.0,-231000000.0,0.0,13.0
endommage,solidity,-7.5e-08,0.0,-225000000.0,0.0,13.0
endommage,solidity,-7.3e-08,0.0,-219000000.0,0.0,13.0
endommage,solidity,-7.1e-08,0.0,-213000000.0,0.0,13.0
endommage,solidity,-6.9e-08,0.0,-207000000.0,0.0,13.0
endommage,solidity,-6.7e-08,0.0,-201000000.0,0.0,13.0
endommage,solidity,-6.5e-08,0.0,-195000000.0,0.0,13.0
endommage,solidity,-6.3e-08,0.0,-189000000.0,0.0,13.0
endommage,solidity,-6.1e-08,0.0,-183000000.0,0.0,13.0
endommage,solidity,-5.9e-08,0.0,-177000000.0,0.0,13.0
endommage,solidity,-5.7e-08,0.0,-171000000.0,0.0,13.0
endommage,solidity,-5.5e-08,0.0,-165000000.0,0.0,13.0
endommage,solidity,-5.3e-08,0.0,-159000000.0,0.0,13.0
endommage,solidity,-5.1e-08,0.0,-153000000.0,0.0,13.0
endommage,solidity,-4.9e-08,0.0,-147000000.0,0.0,13.0
endommage,solidity,-4.7e-08,0.0,-141000000.0,0.0,13.0
endommage,solidity,-4.49999999999e-08,0.0,-135000000.0,0.0,13.0
endommage,solidity,-4.3e-08,0.0,-129000000.0,0.0,13.0
endommage,solidity,-4.1e-08,0.0,-123000000.0,0.0,13.0
endommage,solidity,-3.9e-08,0.0,-117000000.0,0.0,13.0
endommage,solidity,-3.7e-08,0.0,-111000000.0,0.0,13.0
endommage,solidity,-3.5e-08,0.0,-105000000.0,0.0,13.0
endommage,solidity,-3.3e-08,0.0,-98999999.9999,0.0,13.0
endommage,solidity,-3.09999999999e-08,0.0,-92999999.99980001,0.0,13.0
endommage,solidity,-2.9e-08,0.0,-87000000.0001,0.0,13.0
endommage,solidity,-2.7e-08,0.0,-81000000.0,0.0,13.0
endommage,solidity,-2.5e-08,0.0,-74999999.9999,0.0,13.0
endommage,solidity,-2.3e-08,0.0,-69000000.0001,0.0,13.0
endommage,solidity,-2.1e-08,0.0,-63000000.0,0.0,13.0
